[INFO] [launch]: All log files can be found below /home/world/.ros/log/2026-02-10-10-21-28-465566-world-61732
[INFO] [launch]: Default logging verbosity is set to INFO
[INFO] [livox_timestamp_offset_node-1]: process started with pid [61753]
[INFO] [camera_imu_bias_corrector_cpp-2]: process started with pid [61755]
[INFO] [imu_filter_madgwick_node-3]: process started with pid [61757]
[INFO] [lidar_deskewing-4]: process started with pid [61759]
[INFO] [static_transform_publisher-5]: process started with pid [61761]
[INFO] [static_transform_publisher-6]: process started with pid [61763]
[imu_filter_madgwick_node-3] [INFO] [1770686488.688342814] [imu_filter]: Starting ImuFilter
[imu_filter_madgwick_node-3] [INFO] [1770686488.690353229] [imu_filter]: Using dt computed from message headers
[imu_filter_madgwick_node-3] [INFO] [1770686488.691171360] [imu_filter]: The gravity vector is kept in the IMU message.
[imu_filter_madgwick_node-3] [INFO] [1770686488.691985075] [imu_filter]: Imu filter gain set to 0.100000
[imu_filter_madgwick_node-3] [INFO] [1770686488.692564769] [imu_filter]: Gyro drift bias set to 0.000000
[imu_filter_madgwick_node-3] [INFO] [1770686488.693080941] [imu_filter]: Magnetometer bias values: 0.000000 0.000000 0.000000
[static_transform_publisher-5] [INFO] [1770686489.058676809] [livox_tf]: Spinning until stopped - publishing transform
[static_transform_publisher-5] translation: ('0.000000', '0.000000', '0.830000')
[static_transform_publisher-5] rotation: ('0.000000', '0.000000', '0.000000', '1.000000')
[static_transform_publisher-5] from 'base_link' to 'livox_frame'
[static_transform_publisher-6] [INFO] [1770686489.058876590] [camera_tf]: Spinning until stopped - publishing transform
[static_transform_publisher-6] translation: ('0.200000', '0.000000', '0.580000')
[static_transform_publisher-6] rotation: ('0.000000', '0.000000', '0.000000', '1.000000')
[static_transform_publisher-6] from 'base_link' to 'camera_link'
[camera_imu_bias_corrector_cpp-2] [INFO] [1770686489.062436481] [camera_imu_bias_corrector]: IMU bias corrector started: input=/camera/camera/imu output=/camera/camera/imu_bias_corrected
[camera_imu_bias_corrector_cpp-2] [INFO] [1770686489.063089489] [camera_imu_bias_corrector]: Calibrating IMU bias... keep robot still.
[imu_filter_madgwick_node-3] [INFO] [1770686489.063919812] [imu_filter]: First IMU message received.
[livox_timestamp_offset_node-1] [INFO] [1770686489.393529329] [livox_timestamp_offset]: input_topic=/livox/lidar output_topic=/livox/lidar/synced offset_sec=0.036
[lidar_deskewing-4] [INFO] [1770686490.163337814] [lidar_deskewing]:   fixed_frame_id:  base_link
[lidar_deskewing-4] [INFO] [1770686490.163831713] [lidar_deskewing]:   wait_for_transform:  0.200000s
[lidar_deskewing-4] [INFO] [1770686490.163877954] [lidar_deskewing]:   slerp:  true
[camera_imu_bias_corrector_cpp-2] [INFO] [1770686494.795214979] [camera_imu_bias_corrector]: IMU bias calibrated: x=-0.001543 y=0.001672 z=-0.004636
[imu_filter_madgwick_node-3] [INFO] [1770686547.826751650] [imu_filter]: Parameter RLController.pid_kp_lin set to 1.200000
[imu_filter_madgwick_node-3] [INFO] [1770686547.827002056] [imu_filter]: Parameter RLController.pid_ki_lin set to 0.000000
[imu_filter_madgwick_node-3] [INFO] [1770686547.827086474] [imu_filter]: Parameter RLController.pid_kd_lin set to 0.030000
[imu_filter_madgwick_node-3] [INFO] [1770686547.827153035] [imu_filter]: Parameter RLController.pid_kp_ang set to 1.230000
[imu_filter_madgwick_node-3] [INFO] [1770686547.827218413] [imu_filter]: Parameter RLController.pid_ki_ang set to 0.000000
[imu_filter_madgwick_node-3] [INFO] [1770686547.827280878] [imu_filter]: Parameter RLController.pid_kd_ang set to 0.100000
[imu_filter_madgwick_node-3] [INFO] [1770686559.535149240] [imu_filter]: Parameter RLController.pid_kp_lin set to 1.200160
[imu_filter_madgwick_node-3] [INFO] [1770686559.535490432] [imu_filter]: Parameter RLController.pid_ki_lin set to 0.000000
[imu_filter_madgwick_node-3] [INFO] [1770686559.535579267] [imu_filter]: Parameter RLController.pid_kd_lin set to 0.029943
[imu_filter_madgwick_node-3] [INFO] [1770686559.535646180] [imu_filter]: Parameter RLController.pid_kp_ang set to 1.230000
[imu_filter_madgwick_node-3] [INFO] [1770686559.535705798] [imu_filter]: Parameter RLController.pid_ki_ang set to 0.000000
[imu_filter_madgwick_node-3] [INFO] [1770686559.535763943] [imu_filter]: Parameter RLController.pid_kd_ang set to 0.100000
[imu_filter_madgwick_node-3] [INFO] [1770686559.986731196] [imu_filter]: Parameter RLController.pid_kp_lin set to 1.200160
[imu_filter_madgwick_node-3] [INFO] [1770686559.986931745] [imu_filter]: Parameter RLController.pid_ki_lin set to 0.000000
[imu_filter_madgwick_node-3] [INFO] [1770686559.987011778] [imu_filter]: Parameter RLController.pid_kd_lin set to 0.029943
[imu_filter_madgwick_node-3] [INFO] [1770686559.988098492] [imu_filter]: Parameter RLController.pid_kp_ang set to 1.230000
[imu_filter_madgwick_node-3] [INFO] [1770686559.988220447] [imu_filter]: Parameter RLController.pid_ki_ang set to 0.000000
[imu_filter_madgwick_node-3] [INFO] [1770686559.988280160] [imu_filter]: Parameter RLController.pid_kd_ang set to 0.099901
[imu_filter_madgwick_node-3] [INFO] [1770686560.408867530] [imu_filter]: Parameter RLController.pid_kp_lin set to 1.200160
[imu_filter_madgwick_node-3] [INFO] [1770686560.409063183] [imu_filter]: Parameter RLController.pid_ki_lin set to 0.000000
[imu_filter_madgwick_node-3] [INFO] [1770686560.412527520] [imu_filter]: Parameter RLController.pid_kd_lin set to 0.029943
[imu_filter_madgwick_node-3] [INFO] [1770686560.412716677] [imu_filter]: Parameter RLController.pid_kp_ang set to 1.230000
[imu_filter_madgwick_node-3] [INFO] [1770686560.412785542] [imu_filter]: Parameter RLController.pid_ki_ang set to 0.000000
[imu_filter_madgwick_node-3] [INFO] [1770686560.412849448] [imu_filter]: Parameter RLController.pid_kd_ang set to 0.099799
[imu_filter_madgwick_node-3] [INFO] [1770686560.823928050] [imu_filter]: Parameter RLController.pid_kp_lin set to 1.200160
[imu_filter_madgwick_node-3] [INFO] [1770686560.824130327] [imu_filter]: Parameter RLController.pid_ki_lin set to 0.000000
[imu_filter_madgwick_node-3] [INFO] [1770686560.824241978] [imu_filter]: Parameter RLController.pid_kd_lin set to 0.029943
[imu_filter_madgwick_node-3] [INFO] [1770686560.824377309] [imu_filter]: Parameter RLController.pid_kp_ang set to 1.230000
[imu_filter_madgwick_node-3] [INFO] [1770686560.824444030] [imu_filter]: Parameter RLController.pid_ki_ang set to 0.000000
[imu_filter_madgwick_node-3] [INFO] [1770686560.824601890] [imu_filter]: Parameter RLController.pid_kd_ang set to 0.099708
[imu_filter_madgwick_node-3] [INFO] [1770686561.245047369] [imu_filter]: Parameter RLController.pid_kp_lin set to 1.200160
[imu_filter_madgwick_node-3] [INFO] [1770686561.248590588] [imu_filter]: Parameter RLController.pid_ki_lin set to 0.000000
[imu_filter_madgwick_node-3] [INFO] [1770686561.248975845] [imu_filter]: Parameter RLController.pid_kd_lin set to 0.029943
[imu_filter_madgwick_node-3] [INFO] [1770686561.249071399] [imu_filter]: Parameter RLController.pid_kp_ang set to 1.230000
[imu_filter_madgwick_node-3] [INFO] [1770686561.249134089] [imu_filter]: Parameter RLController.pid_ki_ang set to 0.000000
[imu_filter_madgwick_node-3] [INFO] [1770686561.249190826] [imu_filter]: Parameter RLController.pid_kd_ang set to 0.099625
[imu_filter_madgwick_node-3] [INFO] [1770686561.663277467] [imu_filter]: Parameter RLController.pid_kp_lin set to 1.200160
[imu_filter_madgwick_node-3] [INFO] [1770686561.663478496] [imu_filter]: Parameter RLController.pid_ki_lin set to 0.000000
[imu_filter_madgwick_node-3] [INFO] [1770686561.663845897] [imu_filter]: Parameter RLController.pid_kd_lin set to 0.029943
[imu_filter_madgwick_node-3] [INFO] [1770686561.663926155] [imu_filter]: Parameter RLController.pid_kp_ang set to 1.230000
[imu_filter_madgwick_node-3] [INFO] [1770686561.663987532] [imu_filter]: Parameter RLController.pid_ki_ang set to 0.000000
[imu_filter_madgwick_node-3] [INFO] [1770686561.664067182] [imu_filter]: Parameter RLController.pid_kd_ang set to 0.099547
[imu_filter_madgwick_node-3] [INFO] [1770686562.082462660] [imu_filter]: Parameter RLController.pid_kp_lin set to 1.200160
[imu_filter_madgwick_node-3] [INFO] [1770686562.082720138] [imu_filter]: Parameter RLController.pid_ki_lin set to 0.000000
[imu_filter_madgwick_node-3] [INFO] [1770686562.082811660] [imu_filter]: Parameter RLController.pid_kd_lin set to 0.029943
[imu_filter_madgwick_node-3] [INFO] [1770686562.082882894] [imu_filter]: Parameter RLController.pid_kp_ang set to 1.230000
[imu_filter_madgwick_node-3] [INFO] [1770686562.087978822] [imu_filter]: Parameter RLController.pid_ki_ang set to 0.000000
[imu_filter_madgwick_node-3] [INFO] [1770686562.088205195] [imu_filter]: Parameter RLController.pid_kd_ang set to 0.099471
[imu_filter_madgwick_node-3] [INFO] [1770686562.493056867] [imu_filter]: Parameter RLController.pid_kp_lin set to 1.200160
[imu_filter_madgwick_node-3] [INFO] [1770686562.493252136] [imu_filter]: Parameter RLController.pid_ki_lin set to 0.000000
[imu_filter_madgwick_node-3] [INFO] [1770686562.496087210] [imu_filter]: Parameter RLController.pid_kd_lin set to 0.029943
[imu_filter_madgwick_node-3] [INFO] [1770686562.496568278] [imu_filter]: Parameter RLController.pid_kp_ang set to 1.230000
[imu_filter_madgwick_node-3] [INFO] [1770686562.496677624] [imu_filter]: Parameter RLController.pid_ki_ang set to 0.000000
[imu_filter_madgwick_node-3] [INFO] [1770686562.496747386] [imu_filter]: Parameter RLController.pid_kd_ang set to 0.099397
[imu_filter_madgwick_node-3] [INFO] [1770686562.909909205] [imu_filter]: Parameter RLController.pid_kp_lin set to 1.200160
[imu_filter_madgwick_node-3] [INFO] [1770686562.910091641] [imu_filter]: Parameter RLController.pid_ki_lin set to 0.000000
[imu_filter_madgwick_node-3] [INFO] [1770686562.910159003] [imu_filter]: Parameter RLController.pid_kd_lin set to 0.029943
[imu_filter_madgwick_node-3] [INFO] [1770686562.910235645] [imu_filter]: Parameter RLController.pid_kp_ang set to 1.230000
[imu_filter_madgwick_node-3] [INFO] [1770686562.910301534] [imu_filter]: Parameter RLController.pid_ki_ang set to 0.000000
[imu_filter_madgwick_node-3] [INFO] [1770686562.910357920] [imu_filter]: Parameter RLController.pid_kd_ang set to 0.099324
[imu_filter_madgwick_node-3] [INFO] [1770686563.352824109] [imu_filter]: Parameter RLController.pid_kp_lin set to 1.200160
[imu_filter_madgwick_node-3] [INFO] [1770686563.353018897] [imu_filter]: Parameter RLController.pid_ki_lin set to 0.000000
[imu_filter_madgwick_node-3] [INFO] [1770686563.353102835] [imu_filter]: Parameter RLController.pid_kd_lin set to 0.029943
[imu_filter_madgwick_node-3] [INFO] [1770686563.353171509] [imu_filter]: Parameter RLController.pid_kp_ang set to 1.230000
[imu_filter_madgwick_node-3] [INFO] [1770686563.353232438] [imu_filter]: Parameter RLController.pid_ki_ang set to 0.000000
[imu_filter_madgwick_node-3] [INFO] [1770686563.357581597] [imu_filter]: Parameter RLController.pid_kd_ang set to 0.099255
[imu_filter_madgwick_node-3] [INFO] [1770686563.782499949] [imu_filter]: Parameter RLController.pid_kp_lin set to 1.200160
[imu_filter_madgwick_node-3] [INFO] [1770686563.782694577] [imu_filter]: Parameter RLController.pid_ki_lin set to 0.000000
[imu_filter_madgwick_node-3] [INFO] [1770686563.782771667] [imu_filter]: Parameter RLController.pid_kd_lin set to 0.029943
[imu_filter_madgwick_node-3] [INFO] [1770686563.782840565] [imu_filter]: Parameter RLController.pid_kp_ang set to 1.230000
[imu_filter_madgwick_node-3] [INFO] [1770686563.782899382] [imu_filter]: Parameter RLController.pid_ki_ang set to 0.000000
[imu_filter_madgwick_node-3] [INFO] [1770686563.782960503] [imu_filter]: Parameter RLController.pid_kd_ang set to 0.099188
[imu_filter_madgwick_node-3] [INFO] [1770686564.193111628] [imu_filter]: Parameter RLController.pid_kp_lin set to 1.200160
[imu_filter_madgwick_node-3] [INFO] [1770686564.193335345] [imu_filter]: Parameter RLController.pid_ki_lin set to 0.000000
[imu_filter_madgwick_node-3] [INFO] [1770686564.193549494] [imu_filter]: Parameter RLController.pid_kd_lin set to 0.029943
[imu_filter_madgwick_node-3] [INFO] [1770686564.193655545] [imu_filter]: Parameter RLController.pid_kp_ang set to 1.230000
[imu_filter_madgwick_node-3] [INFO] [1770686564.193728058] [imu_filter]: Parameter RLController.pid_ki_ang set to 0.000000
[imu_filter_madgwick_node-3] [INFO] [1770686564.193794268] [imu_filter]: Parameter RLController.pid_kd_ang set to 0.099119
[imu_filter_madgwick_node-3] [INFO] [1770686564.617025796] [imu_filter]: Parameter RLController.pid_kp_lin set to 1.199888
[imu_filter_madgwick_node-3] [INFO] [1770686564.617277194] [imu_filter]: Parameter RLController.pid_ki_lin set to 0.000000
[imu_filter_madgwick_node-3] [INFO] [1770686564.617356620] [imu_filter]: Parameter RLController.pid_kd_lin set to 0.029943
[imu_filter_madgwick_node-3] [INFO] [1770686564.617423405] [imu_filter]: Parameter RLController.pid_kp_ang set to 1.230337
[imu_filter_madgwick_node-3] [INFO] [1770686564.617650547] [imu_filter]: Parameter RLController.pid_ki_ang set to 0.000000
[imu_filter_madgwick_node-3] [INFO] [1770686564.617792630] [imu_filter]: Parameter RLController.pid_kd_ang set to 0.099058
[imu_filter_madgwick_node-3] [INFO] [1770686565.036482547] [imu_filter]: Parameter RLController.pid_kp_lin set to 1.199888
[imu_filter_madgwick_node-3] [INFO] [1770686565.036704633] [imu_filter]: Parameter RLController.pid_ki_lin set to 0.000000
[imu_filter_madgwick_node-3] [INFO] [1770686565.036786011] [imu_filter]: Parameter RLController.pid_kd_lin set to 0.029943
[imu_filter_madgwick_node-3] [INFO] [1770686565.036859484] [imu_filter]: Parameter RLController.pid_kp_ang set to 1.230337
[imu_filter_madgwick_node-3] [INFO] [1770686565.036922942] [imu_filter]: Parameter RLController.pid_ki_ang set to 0.000000
[imu_filter_madgwick_node-3] [INFO] [1770686565.036983519] [imu_filter]: Parameter RLController.pid_kd_ang set to 0.099058
[imu_filter_madgwick_node-3] [INFO] [1770686565.455098255] [imu_filter]: Parameter RLController.pid_kp_lin set to 1.199888
[imu_filter_madgwick_node-3] [INFO] [1770686565.455298868] [imu_filter]: Parameter RLController.pid_ki_lin set to 0.000000
[imu_filter_madgwick_node-3] [INFO] [1770686565.455458775] [imu_filter]: Parameter RLController.pid_kd_lin set to 0.029943
[imu_filter_madgwick_node-3] [INFO] [1770686565.455550266] [imu_filter]: Parameter RLController.pid_kp_ang set to 1.230337
[imu_filter_madgwick_node-3] [INFO] [1770686565.455626715] [imu_filter]: Parameter RLController.pid_ki_ang set to 0.000000
[imu_filter_madgwick_node-3] [INFO] [1770686565.455691485] [imu_filter]: Parameter RLController.pid_kd_ang set to 0.099058
[imu_filter_madgwick_node-3] [INFO] [1770686565.872383659] [imu_filter]: Parameter RLController.pid_kp_lin set to 1.199888
[imu_filter_madgwick_node-3] [INFO] [1770686565.872578000] [imu_filter]: Parameter RLController.pid_ki_lin set to 0.000000
[imu_filter_madgwick_node-3] [INFO] [1770686565.872657042] [imu_filter]: Parameter RLController.pid_kd_lin set to 0.029943
[imu_filter_madgwick_node-3] [INFO] [1770686565.872726803] [imu_filter]: Parameter RLController.pid_kp_ang set to 1.230337
[imu_filter_madgwick_node-3] [INFO] [1770686565.872790357] [imu_filter]: Parameter RLController.pid_ki_ang set to 0.000000
[imu_filter_madgwick_node-3] [INFO] [1770686565.872844182] [imu_filter]: Parameter RLController.pid_kd_ang set to 0.099058
[imu_filter_madgwick_node-3] [INFO] [1770686566.299665971] [imu_filter]: Parameter RLController.pid_kp_lin set to 1.199888
[imu_filter_madgwick_node-3] [INFO] [1770686566.299883288] [imu_filter]: Parameter RLController.pid_ki_lin set to 0.000000
[imu_filter_madgwick_node-3] [INFO] [1770686566.299968410] [imu_filter]: Parameter RLController.pid_kd_lin set to 0.029943
[imu_filter_madgwick_node-3] [INFO] [1770686566.300030203] [imu_filter]: Parameter RLController.pid_kp_ang set to 1.230337
[imu_filter_madgwick_node-3] [INFO] [1770686566.302747355] [imu_filter]: Parameter RLController.pid_ki_ang set to 0.000000
[imu_filter_madgwick_node-3] [INFO] [1770686566.302952736] [imu_filter]: Parameter RLController.pid_kd_ang set to 0.098993
[imu_filter_madgwick_node-3] [INFO] [1770686566.715184710] [imu_filter]: Parameter RLController.pid_kp_lin set to 1.199888
[imu_filter_madgwick_node-3] [INFO] [1770686566.715538958] [imu_filter]: Parameter RLController.pid_ki_lin set to 0.000000
[imu_filter_madgwick_node-3] [INFO] [1770686566.715621808] [imu_filter]: Parameter RLController.pid_kd_lin set to 0.029943
[imu_filter_madgwick_node-3] [INFO] [1770686566.715734258] [imu_filter]: Parameter RLController.pid_kp_ang set to 1.230337
[imu_filter_madgwick_node-3] [INFO] [1770686566.715799476] [imu_filter]: Parameter RLController.pid_ki_ang set to 0.000000
[imu_filter_madgwick_node-3] [INFO] [1770686566.715862390] [imu_filter]: Parameter RLController.pid_kd_ang set to 0.098993
[imu_filter_madgwick_node-3] [INFO] [1770686567.127399275] [imu_filter]: Parameter RLController.pid_kp_lin set to 1.199888
[imu_filter_madgwick_node-3] [INFO] [1770686567.132317438] [imu_filter]: Parameter RLController.pid_ki_lin set to 0.000000
[imu_filter_madgwick_node-3] [INFO] [1770686567.132519747] [imu_filter]: Parameter RLController.pid_kd_lin set to 0.029943
[imu_filter_madgwick_node-3] [INFO] [1770686567.132597029] [imu_filter]: Parameter RLController.pid_kp_ang set to 1.230337
[imu_filter_madgwick_node-3] [INFO] [1770686567.132657894] [imu_filter]: Parameter RLController.pid_ki_ang set to 0.000000
[imu_filter_madgwick_node-3] [INFO] [1770686567.132720328] [imu_filter]: Parameter RLController.pid_kd_ang set to 0.098993
[imu_filter_madgwick_node-3] [INFO] [1770686567.566005117] [imu_filter]: Parameter RLController.pid_kp_lin set to 1.199888
[imu_filter_madgwick_node-3] [INFO] [1770686567.566189761] [imu_filter]: Parameter RLController.pid_ki_lin set to 0.000000
[imu_filter_madgwick_node-3] [INFO] [1770686567.566261091] [imu_filter]: Parameter RLController.pid_kd_lin set to 0.029943
[imu_filter_madgwick_node-3] [INFO] [1770686567.566325636] [imu_filter]: Parameter RLController.pid_kp_ang set to 1.230337
[imu_filter_madgwick_node-3] [INFO] [1770686567.566387046] [imu_filter]: Parameter RLController.pid_ki_ang set to 0.000000
[imu_filter_madgwick_node-3] [INFO] [1770686567.566559722] [imu_filter]: Parameter RLController.pid_kd_ang set to 0.098993
[imu_filter_madgwick_node-3] [INFO] [1770686567.976321685] [imu_filter]: Parameter RLController.pid_kp_lin set to 1.199888
[imu_filter_madgwick_node-3] [INFO] [1770686567.976516793] [imu_filter]: Parameter RLController.pid_ki_lin set to 0.000000
[imu_filter_madgwick_node-3] [INFO] [1770686567.978106367] [imu_filter]: Parameter RLController.pid_kd_lin set to 0.029891
[imu_filter_madgwick_node-3] [INFO] [1770686567.978331140] [imu_filter]: Parameter RLController.pid_kp_ang set to 1.230601
[imu_filter_madgwick_node-3] [INFO] [1770686567.978404294] [imu_filter]: Parameter RLController.pid_ki_ang set to 0.000000
[imu_filter_madgwick_node-3] [INFO] [1770686567.978485384] [imu_filter]: Parameter RLController.pid_kd_ang set to 0.098924
[imu_filter_madgwick_node-3] [INFO] [1770686568.397116804] [imu_filter]: Parameter RLController.pid_kp_lin set to 1.199888
[imu_filter_madgwick_node-3] [INFO] [1770686568.397343753] [imu_filter]: Parameter RLController.pid_ki_lin set to 0.000000
[imu_filter_madgwick_node-3] [INFO] [1770686568.397429675] [imu_filter]: Parameter RLController.pid_kd_lin set to 0.029891
[imu_filter_madgwick_node-3] [INFO] [1770686568.397971672] [imu_filter]: Parameter RLController.pid_kp_ang set to 1.230601
[imu_filter_madgwick_node-3] [INFO] [1770686568.398067066] [imu_filter]: Parameter RLController.pid_ki_ang set to 0.000000
[imu_filter_madgwick_node-3] [INFO] [1770686568.398136668] [imu_filter]: Parameter RLController.pid_kd_ang set to 0.098875
[imu_filter_madgwick_node-3] [INFO] [1770686568.820118023] [imu_filter]: Parameter RLController.pid_kp_lin set to 1.199888
[imu_filter_madgwick_node-3] [INFO] [1770686568.820378157] [imu_filter]: Parameter RLController.pid_ki_lin set to 0.000000
[imu_filter_madgwick_node-3] [INFO] [1770686568.820630515] [imu_filter]: Parameter RLController.pid_kd_lin set to 0.029891
[imu_filter_madgwick_node-3] [INFO] [1770686568.820725493] [imu_filter]: Parameter RLController.pid_kp_ang set to 1.230846
[imu_filter_madgwick_node-3] [INFO] [1770686568.820790966] [imu_filter]: Parameter RLController.pid_ki_ang set to 0.000000
[imu_filter_madgwick_node-3] [INFO] [1770686568.820856216] [imu_filter]: Parameter RLController.pid_kd_ang set to 0.098809
[imu_filter_madgwick_node-3] [INFO] [1770686569.250734301] [imu_filter]: Parameter RLController.pid_kp_lin set to 1.199888
[imu_filter_madgwick_node-3] [INFO] [1770686569.250966786] [imu_filter]: Parameter RLController.pid_ki_lin set to 0.000000
[imu_filter_madgwick_node-3] [INFO] [1770686569.251052004] [imu_filter]: Parameter RLController.pid_kd_lin set to 0.029891
[imu_filter_madgwick_node-3] [INFO] [1770686569.251116582] [imu_filter]: Parameter RLController.pid_kp_ang set to 1.230846
[imu_filter_madgwick_node-3] [INFO] [1770686569.251175271] [imu_filter]: Parameter RLController.pid_ki_ang set to 0.000000
[imu_filter_madgwick_node-3] [INFO] [1770686569.251271881] [imu_filter]: Parameter RLController.pid_kd_ang set to 0.098809
[imu_filter_madgwick_node-3] [INFO] [1770686569.659341709] [imu_filter]: Parameter RLController.pid_kp_lin set to 1.199888
[imu_filter_madgwick_node-3] [INFO] [1770686569.659550834] [imu_filter]: Parameter RLController.pid_ki_lin set to 0.000000
[imu_filter_madgwick_node-3] [INFO] [1770686569.659623411] [imu_filter]: Parameter RLController.pid_kd_lin set to 0.029891
[imu_filter_madgwick_node-3] [INFO] [1770686569.659685109] [imu_filter]: Parameter RLController.pid_kp_ang set to 1.230846
[imu_filter_madgwick_node-3] [INFO] [1770686569.659743574] [imu_filter]: Parameter RLController.pid_ki_ang set to 0.000000
[imu_filter_madgwick_node-3] [INFO] [1770686569.659807384] [imu_filter]: Parameter RLController.pid_kd_ang set to 0.098809
[imu_filter_madgwick_node-3] [INFO] [1770686570.078172077] [imu_filter]: Parameter RLController.pid_kp_lin set to 1.199724
[imu_filter_madgwick_node-3] [INFO] [1770686570.078453620] [imu_filter]: Parameter RLController.pid_ki_lin set to 0.000000
[imu_filter_madgwick_node-3] [INFO] [1770686570.078561302] [imu_filter]: Parameter RLController.pid_kd_lin set to 0.029836
[imu_filter_madgwick_node-3] [INFO] [1770686570.078683609] [imu_filter]: Parameter RLController.pid_kp_ang set to 1.231162
[imu_filter_madgwick_node-3] [INFO] [1770686570.078766299] [imu_filter]: Parameter RLController.pid_ki_ang set to 0.000000
[imu_filter_madgwick_node-3] [INFO] [1770686570.078833021] [imu_filter]: Parameter RLController.pid_kd_ang set to 0.098757
[imu_filter_madgwick_node-3] [INFO] [1770686570.488787565] [imu_filter]: Parameter RLController.pid_kp_lin set to 1.199724
[imu_filter_madgwick_node-3] [INFO] [1770686570.491853365] [imu_filter]: Parameter RLController.pid_ki_lin set to 0.000000
[imu_filter_madgwick_node-3] [INFO] [1770686570.492058554] [imu_filter]: Parameter RLController.pid_kd_lin set to 0.029764
[imu_filter_madgwick_node-3] [INFO] [1770686570.492139387] [imu_filter]: Parameter RLController.pid_kp_ang set to 1.231490
[imu_filter_madgwick_node-3] [INFO] [1770686570.492228222] [imu_filter]: Parameter RLController.pid_ki_ang set to 0.000000
[imu_filter_madgwick_node-3] [INFO] [1770686570.492295199] [imu_filter]: Parameter RLController.pid_kd_ang set to 0.098700
[imu_filter_madgwick_node-3] [INFO] [1770686570.928344917] [imu_filter]: Parameter RLController.pid_kp_lin set to 1.199724
[imu_filter_madgwick_node-3] [INFO] [1770686570.929852889] [imu_filter]: Parameter RLController.pid_ki_lin set to 0.000000
[imu_filter_madgwick_node-3] [INFO] [1770686570.929993180] [imu_filter]: Parameter RLController.pid_kd_lin set to 0.029677
[imu_filter_madgwick_node-3] [INFO] [1770686570.930531368] [imu_filter]: Parameter RLController.pid_kp_ang set to 1.231822
[imu_filter_madgwick_node-3] [INFO] [1770686570.930734317] [imu_filter]: Parameter RLController.pid_ki_ang set to 0.000000
[imu_filter_madgwick_node-3] [INFO] [1770686570.930811951] [imu_filter]: Parameter RLController.pid_kd_ang set to 0.098637
[imu_filter_madgwick_node-3] [INFO] [1770686571.345911416] [imu_filter]: Parameter RLController.pid_kp_lin set to 1.199724
[imu_filter_madgwick_node-3] [INFO] [1770686571.346353762] [imu_filter]: Parameter RLController.pid_ki_lin set to 0.000000
[imu_filter_madgwick_node-3] [INFO] [1770686571.346470053] [imu_filter]: Parameter RLController.pid_kd_lin set to 0.029580
[imu_filter_madgwick_node-3] [INFO] [1770686571.346543047] [imu_filter]: Parameter RLController.pid_kp_ang set to 1.232157
[imu_filter_madgwick_node-3] [INFO] [1770686571.346605192] [imu_filter]: Parameter RLController.pid_ki_ang set to 0.000000
[imu_filter_madgwick_node-3] [INFO] [1770686571.346663818] [imu_filter]: Parameter RLController.pid_kd_ang set to 0.098570
[imu_filter_madgwick_node-3] [INFO] [1770686571.759319705] [imu_filter]: Parameter RLController.pid_kp_lin set to 1.199724
[imu_filter_madgwick_node-3] [INFO] [1770686571.759534046] [imu_filter]: Parameter RLController.pid_ki_lin set to 0.000000
[imu_filter_madgwick_node-3] [INFO] [1770686571.759610080] [imu_filter]: Parameter RLController.pid_kd_lin set to 0.029474
[imu_filter_madgwick_node-3] [INFO] [1770686571.759674593] [imu_filter]: Parameter RLController.pid_kp_ang set to 1.232494
[imu_filter_madgwick_node-3] [INFO] [1770686571.759731171] [imu_filter]: Parameter RLController.pid_ki_ang set to 0.000000
[imu_filter_madgwick_node-3] [INFO] [1770686571.759785732] [imu_filter]: Parameter RLController.pid_kd_ang set to 0.098501
[imu_filter_madgwick_node-3] [INFO] [1770686572.183644667] [imu_filter]: Parameter RLController.pid_kp_lin set to 1.199724
[imu_filter_madgwick_node-3] [INFO] [1770686572.183848032] [imu_filter]: Parameter RLController.pid_ki_lin set to 0.000000
[imu_filter_madgwick_node-3] [INFO] [1770686572.183924514] [imu_filter]: Parameter RLController.pid_kd_lin set to 0.029360
[imu_filter_madgwick_node-3] [INFO] [1770686572.183989667] [imu_filter]: Parameter RLController.pid_kp_ang set to 1.232833
[imu_filter_madgwick_node-3] [INFO] [1770686572.184049476] [imu_filter]: Parameter RLController.pid_ki_ang set to 0.000000
[imu_filter_madgwick_node-3] [INFO] [1770686572.184107462] [imu_filter]: Parameter RLController.pid_kd_ang set to 0.098428
[imu_filter_madgwick_node-3] [INFO] [1770686572.604310279] [imu_filter]: Parameter RLController.pid_kp_lin set to 1.199724
[imu_filter_madgwick_node-3] [INFO] [1770686572.605048056] [imu_filter]: Parameter RLController.pid_ki_lin set to 0.000000
[imu_filter_madgwick_node-3] [INFO] [1770686572.605160219] [imu_filter]: Parameter RLController.pid_kd_lin set to 0.029243
[imu_filter_madgwick_node-3] [INFO] [1770686572.605400832] [imu_filter]: Parameter RLController.pid_kp_ang set to 1.233172
[imu_filter_madgwick_node-3] [INFO] [1770686572.605477570] [imu_filter]: Parameter RLController.pid_ki_ang set to 0.000000
[imu_filter_madgwick_node-3] [INFO] [1770686572.605607077] [imu_filter]: Parameter RLController.pid_kd_ang set to 0.098354
[imu_filter_madgwick_node-3] [INFO] [1770686573.016754865] [imu_filter]: Parameter RLController.pid_kp_lin set to 1.199724
[imu_filter_madgwick_node-3] [INFO] [1770686573.016993559] [imu_filter]: Parameter RLController.pid_ki_lin set to 0.000000
[imu_filter_madgwick_node-3] [INFO] [1770686573.017077817] [imu_filter]: Parameter RLController.pid_kd_lin set to 0.029120
[imu_filter_madgwick_node-3] [INFO] [1770686573.017143578] [imu_filter]: Parameter RLController.pid_kp_ang set to 1.233513
[imu_filter_madgwick_node-3] [INFO] [1770686573.022373941] [imu_filter]: Parameter RLController.pid_ki_ang set to 0.000000
[imu_filter_madgwick_node-3] [INFO] [1770686573.022560762] [imu_filter]: Parameter RLController.pid_kd_ang set to 0.098279
[imu_filter_madgwick_node-3] [INFO] [1770686573.458581839] [imu_filter]: Parameter RLController.pid_kp_lin set to 1.199724
[imu_filter_madgwick_node-3] [INFO] [1770686573.458846965] [imu_filter]: Parameter RLController.pid_ki_lin set to 0.000000
[imu_filter_madgwick_node-3] [INFO] [1770686573.458931287] [imu_filter]: Parameter RLController.pid_kd_lin set to 0.028995
[imu_filter_madgwick_node-3] [INFO] [1770686573.459040890] [imu_filter]: Parameter RLController.pid_kp_ang set to 1.233854
[imu_filter_madgwick_node-3] [INFO] [1770686573.459099611] [imu_filter]: Parameter RLController.pid_ki_ang set to 0.000000
[imu_filter_madgwick_node-3] [INFO] [1770686573.459159805] [imu_filter]: Parameter RLController.pid_kd_ang set to 0.098202
[imu_filter_madgwick_node-3] [INFO] [1770686573.881142215] [imu_filter]: Parameter RLController.pid_kp_lin set to 1.199724
[imu_filter_madgwick_node-3] [INFO] [1770686573.881484911] [imu_filter]: Parameter RLController.pid_ki_lin set to 0.000000
[imu_filter_madgwick_node-3] [INFO] [1770686573.881765846] [imu_filter]: Parameter RLController.pid_kd_lin set to 0.028867
[imu_filter_madgwick_node-3] [INFO] [1770686573.881841336] [imu_filter]: Parameter RLController.pid_kp_ang set to 1.234195
[imu_filter_madgwick_node-3] [INFO] [1770686573.881905977] [imu_filter]: Parameter RLController.pid_ki_ang set to 0.000000
[imu_filter_madgwick_node-3] [INFO] [1770686573.881972379] [imu_filter]: Parameter RLController.pid_kd_ang set to 0.098125
[imu_filter_madgwick_node-3] [INFO] [1770686574.285797594] [imu_filter]: Parameter RLController.pid_kp_lin set to 1.199724
[imu_filter_madgwick_node-3] [INFO] [1770686574.285996927] [imu_filter]: Parameter RLController.pid_ki_lin set to 0.000000
[imu_filter_madgwick_node-3] [INFO] [1770686574.286073601] [imu_filter]: Parameter RLController.pid_kd_lin set to 0.028760
[imu_filter_madgwick_node-3] [INFO] [1770686574.286138306] [imu_filter]: Parameter RLController.pid_kp_ang set to 1.234195
[imu_filter_madgwick_node-3] [INFO] [1770686574.287817834] [imu_filter]: Parameter RLController.pid_ki_ang set to 0.000000
[imu_filter_madgwick_node-3] [INFO] [1770686574.287978734] [imu_filter]: Parameter RLController.pid_kd_ang set to 0.098125
[imu_filter_madgwick_node-3] [INFO] [1770686574.708117485] [imu_filter]: Parameter RLController.pid_kp_lin set to 1.199957
[imu_filter_madgwick_node-3] [INFO] [1770686574.708471350] [imu_filter]: Parameter RLController.pid_ki_lin set to 0.000000
[imu_filter_madgwick_node-3] [INFO] [1770686574.708559160] [imu_filter]: Parameter RLController.pid_kd_lin set to 0.028706
[imu_filter_madgwick_node-3] [INFO] [1770686574.708627417] [imu_filter]: Parameter RLController.pid_kp_ang set to 1.234195
[imu_filter_madgwick_node-3] [INFO] [1770686574.708690747] [imu_filter]: Parameter RLController.pid_ki_ang set to 0.000000
[imu_filter_madgwick_node-3] [INFO] [1770686574.708756764] [imu_filter]: Parameter RLController.pid_kd_ang set to 0.098125
[imu_filter_madgwick_node-3] [INFO] [1770686575.129249924] [imu_filter]: Parameter RLController.pid_kp_lin set to 1.200175
[imu_filter_madgwick_node-3] [INFO] [1770686575.129467817] [imu_filter]: Parameter RLController.pid_ki_lin set to 0.000000
[imu_filter_madgwick_node-3] [INFO] [1770686575.129543051] [imu_filter]: Parameter RLController.pid_kd_lin set to 0.028660
[imu_filter_madgwick_node-3] [INFO] [1770686575.129613197] [imu_filter]: Parameter RLController.pid_kp_ang set to 1.234195
[imu_filter_madgwick_node-3] [INFO] [1770686575.129678158] [imu_filter]: Parameter RLController.pid_ki_ang set to 0.000000
[imu_filter_madgwick_node-3] [INFO] [1770686575.133570698] [imu_filter]: Parameter RLController.pid_kd_ang set to 0.098125
[imu_filter_madgwick_node-3] [INFO] [1770686575.542379039] [imu_filter]: Parameter RLController.pid_kp_lin set to 1.200377
[imu_filter_madgwick_node-3] [INFO] [1770686575.542700326] [imu_filter]: Parameter RLController.pid_ki_lin set to 0.000000
[imu_filter_madgwick_node-3] [INFO] [1770686575.542806153] [imu_filter]: Parameter RLController.pid_kd_lin set to 0.028660
[imu_filter_madgwick_node-3] [INFO] [1770686575.542884138] [imu_filter]: Parameter RLController.pid_kp_ang set to 1.234195
[imu_filter_madgwick_node-3] [INFO] [1770686575.542948172] [imu_filter]: Parameter RLController.pid_ki_ang set to 0.000000
[imu_filter_madgwick_node-3] [INFO] [1770686575.543009069] [imu_filter]: Parameter RLController.pid_kd_ang set to 0.098125
[imu_filter_madgwick_node-3] [INFO] [1770686575.975502640] [imu_filter]: Parameter RLController.pid_kp_lin set to 1.200548
[imu_filter_madgwick_node-3] [INFO] [1770686575.975706708] [imu_filter]: Parameter RLController.pid_ki_lin set to 0.000000
[imu_filter_madgwick_node-3] [INFO] [1770686575.975777014] [imu_filter]: Parameter RLController.pid_kd_lin set to 0.028660
[imu_filter_madgwick_node-3] [INFO] [1770686575.975840824] [imu_filter]: Parameter RLController.pid_kp_ang set to 1.234195
[imu_filter_madgwick_node-3] [INFO] [1770686575.975897817] [imu_filter]: Parameter RLController.pid_ki_ang set to 0.000000
[imu_filter_madgwick_node-3] [INFO] [1770686575.975956538] [imu_filter]: Parameter RLController.pid_kd_ang set to 0.098125
[imu_filter_madgwick_node-3] [INFO] [1770686576.391694962] [imu_filter]: Parameter RLController.pid_kp_lin set to 1.200736
[imu_filter_madgwick_node-3] [INFO] [1770686576.391890423] [imu_filter]: Parameter RLController.pid_ki_lin set to 0.000000
[imu_filter_madgwick_node-3] [INFO] [1770686576.391964120] [imu_filter]: Parameter RLController.pid_kd_lin set to 0.028660
[imu_filter_madgwick_node-3] [INFO] [1770686576.392029754] [imu_filter]: Parameter RLController.pid_kp_ang set to 1.234195
[imu_filter_madgwick_node-3] [INFO] [1770686576.392090715] [imu_filter]: Parameter RLController.pid_ki_ang set to 0.000000
[imu_filter_madgwick_node-3] [INFO] [1770686576.392149981] [imu_filter]: Parameter RLController.pid_kd_ang set to 0.098125
[imu_filter_madgwick_node-3] [INFO] [1770686576.813449464] [imu_filter]: Parameter RLController.pid_kp_lin set to 1.200914
[imu_filter_madgwick_node-3] [INFO] [1770686576.813660381] [imu_filter]: Parameter RLController.pid_ki_lin set to 0.000000
[imu_filter_madgwick_node-3] [INFO] [1770686576.813739902] [imu_filter]: Parameter RLController.pid_kd_lin set to 0.028660
[imu_filter_madgwick_node-3] [INFO] [1770686576.813807456] [imu_filter]: Parameter RLController.pid_kp_ang set to 1.234195
[imu_filter_madgwick_node-3] [INFO] [1770686576.813981924] [imu_filter]: Parameter RLController.pid_ki_ang set to 0.000000
[imu_filter_madgwick_node-3] [INFO] [1770686576.814050662] [imu_filter]: Parameter RLController.pid_kd_ang set to 0.098125
[imu_filter_madgwick_node-3] [INFO] [1770686577.261754883] [imu_filter]: Parameter RLController.pid_kp_lin set to 1.201070
[imu_filter_madgwick_node-3] [INFO] [1770686577.261979432] [imu_filter]: Parameter RLController.pid_ki_lin set to 0.000000
[imu_filter_madgwick_node-3] [INFO] [1770686577.262187726] [imu_filter]: Parameter RLController.pid_kd_lin set to 0.028660
[imu_filter_madgwick_node-3] [INFO] [1770686577.262259855] [imu_filter]: Parameter RLController.pid_kp_ang set to 1.234195
[imu_filter_madgwick_node-3] [INFO] [1770686577.262318705] [imu_filter]: Parameter RLController.pid_ki_ang set to 0.000000
[imu_filter_madgwick_node-3] [INFO] [1770686577.265419582] [imu_filter]: Parameter RLController.pid_kd_ang set to 0.098125
[imu_filter_madgwick_node-3] [INFO] [1770686577.679437157] [imu_filter]: Parameter RLController.pid_kp_lin set to 1.201209
[imu_filter_madgwick_node-3] [INFO] [1770686577.679654314] [imu_filter]: Parameter RLController.pid_ki_lin set to 0.000000
[imu_filter_madgwick_node-3] [INFO] [1770686577.679743405] [imu_filter]: Parameter RLController.pid_kd_lin set to 0.028660
[imu_filter_madgwick_node-3] [INFO] [1770686577.679820847] [imu_filter]: Parameter RLController.pid_kp_ang set to 1.234195
[imu_filter_madgwick_node-3] [INFO] [1770686577.679888816] [imu_filter]: Parameter RLController.pid_ki_ang set to 0.000000
[imu_filter_madgwick_node-3] [INFO] [1770686577.679950802] [imu_filter]: Parameter RLController.pid_kd_ang set to 0.098125
[imu_filter_madgwick_node-3] [INFO] [1770686578.091109170] [imu_filter]: Parameter RLController.pid_kp_lin set to 1.201209
[imu_filter_madgwick_node-3] [INFO] [1770686578.091337687] [imu_filter]: Parameter RLController.pid_ki_lin set to 0.000000
[imu_filter_madgwick_node-3] [INFO] [1770686578.091436410] [imu_filter]: Parameter RLController.pid_kd_lin set to 0.028660
[imu_filter_madgwick_node-3] [INFO] [1770686578.097284491] [imu_filter]: Parameter RLController.pid_kp_ang set to 1.234195
[imu_filter_madgwick_node-3] [INFO] [1770686578.097688502] [imu_filter]: Parameter RLController.pid_ki_ang set to 0.000000
[imu_filter_madgwick_node-3] [INFO] [1770686578.097788216] [imu_filter]: Parameter RLController.pid_kd_ang set to 0.098125
[imu_filter_madgwick_node-3] [INFO] [1770686578.506027727] [imu_filter]: Parameter RLController.pid_kp_lin set to 1.201209
[imu_filter_madgwick_node-3] [INFO] [1770686578.506347927] [imu_filter]: Parameter RLController.pid_ki_lin set to 0.000000
[imu_filter_madgwick_node-3] [INFO] [1770686578.506431065] [imu_filter]: Parameter RLController.pid_kd_lin set to 0.028660
[imu_filter_madgwick_node-3] [INFO] [1770686578.506618718] [imu_filter]: Parameter RLController.pid_kp_ang set to 1.234195
[imu_filter_madgwick_node-3] [INFO] [1770686578.506717760] [imu_filter]: Parameter RLController.pid_ki_ang set to 0.000000
[imu_filter_madgwick_node-3] [INFO] [1770686578.506806082] [imu_filter]: Parameter RLController.pid_kd_ang set to 0.098125
[imu_filter_madgwick_node-3] [INFO] [1770686578.922578133] [imu_filter]: Parameter RLController.pid_kp_lin set to 1.201209
[imu_filter_madgwick_node-3] [INFO] [1770686578.922773146] [imu_filter]: Parameter RLController.pid_ki_lin set to 0.000000
[imu_filter_madgwick_node-3] [INFO] [1770686578.922843612] [imu_filter]: Parameter RLController.pid_kd_lin set to 0.028660
[imu_filter_madgwick_node-3] [INFO] [1770686578.922912925] [imu_filter]: Parameter RLController.pid_kp_ang set to 1.234195
[imu_filter_madgwick_node-3] [INFO] [1770686578.922973247] [imu_filter]: Parameter RLController.pid_ki_ang set to 0.000000
[imu_filter_madgwick_node-3] [INFO] [1770686578.923032352] [imu_filter]: Parameter RLController.pid_kd_ang set to 0.098125
[imu_filter_madgwick_node-3] [INFO] [1770686579.370115423] [imu_filter]: Parameter RLController.pid_kp_lin set to 1.201209
[imu_filter_madgwick_node-3] [INFO] [1770686579.372521755] [imu_filter]: Parameter RLController.pid_ki_lin set to 0.000000
[imu_filter_madgwick_node-3] [INFO] [1770686579.372837891] [imu_filter]: Parameter RLController.pid_kd_lin set to 0.028660
[imu_filter_madgwick_node-3] [INFO] [1770686579.372926917] [imu_filter]: Parameter RLController.pid_kp_ang set to 1.234195
[imu_filter_madgwick_node-3] [INFO] [1770686579.372997447] [imu_filter]: Parameter RLController.pid_ki_ang set to 0.000000
[imu_filter_madgwick_node-3] [INFO] [1770686579.373061512] [imu_filter]: Parameter RLController.pid_kd_ang set to 0.098125
[imu_filter_madgwick_node-3] [INFO] [1770686579.782171189] [imu_filter]: Parameter RLController.pid_kp_lin set to 1.201209
[imu_filter_madgwick_node-3] [INFO] [1770686579.782369594] [imu_filter]: Parameter RLController.pid_ki_lin set to 0.000000
[imu_filter_madgwick_node-3] [INFO] [1770686579.782446108] [imu_filter]: Parameter RLController.pid_kd_lin set to 0.028660
[imu_filter_madgwick_node-3] [INFO] [1770686579.782513662] [imu_filter]: Parameter RLController.pid_kp_ang set to 1.234195
[imu_filter_madgwick_node-3] [INFO] [1770686579.782575103] [imu_filter]: Parameter RLController.pid_ki_ang set to 0.000000
[imu_filter_madgwick_node-3] [INFO] [1770686579.782633601] [imu_filter]: Parameter RLController.pid_kd_ang set to 0.098125
[imu_filter_madgwick_node-3] [INFO] [1770686580.192624899] [imu_filter]: Parameter RLController.pid_kp_lin set to 1.201209
[imu_filter_madgwick_node-3] [INFO] [1770686580.193383606] [imu_filter]: Parameter RLController.pid_ki_lin set to 0.000000
[imu_filter_madgwick_node-3] [INFO] [1770686580.193501945] [imu_filter]: Parameter RLController.pid_kd_lin set to 0.028660
[imu_filter_madgwick_node-3] [INFO] [1770686580.193574299] [imu_filter]: Parameter RLController.pid_kp_ang set to 1.234195
[imu_filter_madgwick_node-3] [INFO] [1770686580.193637788] [imu_filter]: Parameter RLController.pid_ki_ang set to 0.000000
[imu_filter_madgwick_node-3] [INFO] [1770686580.193700446] [imu_filter]: Parameter RLController.pid_kd_ang set to 0.098125
[imu_filter_madgwick_node-3] [INFO] [1770686580.605331594] [imu_filter]: Parameter RLController.pid_kp_lin set to 1.201209
[imu_filter_madgwick_node-3] [INFO] [1770686580.605527598] [imu_filter]: Parameter RLController.pid_ki_lin set to 0.000000
[imu_filter_madgwick_node-3] [INFO] [1770686580.605599696] [imu_filter]: Parameter RLController.pid_kd_lin set to 0.028660
[imu_filter_madgwick_node-3] [INFO] [1770686580.605662226] [imu_filter]: Parameter RLController.pid_kp_ang set to 1.234195
[imu_filter_madgwick_node-3] [INFO] [1770686580.605717811] [imu_filter]: Parameter RLController.pid_ki_ang set to 0.000000
[imu_filter_madgwick_node-3] [INFO] [1770686580.605773621] [imu_filter]: Parameter RLController.pid_kd_ang set to 0.098125
[imu_filter_madgwick_node-3] [INFO] [1770686581.016404711] [imu_filter]: Parameter RLController.pid_kp_lin set to 1.201543
[imu_filter_madgwick_node-3] [INFO] [1770686581.016619437] [imu_filter]: Parameter RLController.pid_ki_lin set to 0.000000
[imu_filter_madgwick_node-3] [INFO] [1770686581.016690158] [imu_filter]: Parameter RLController.pid_kd_lin set to 0.028542
[imu_filter_madgwick_node-3] [INFO] [1770686581.016989654] [imu_filter]: Parameter RLController.pid_kp_ang set to 1.234463
[imu_filter_madgwick_node-3] [INFO] [1770686581.017067192] [imu_filter]: Parameter RLController.pid_ki_ang set to 0.000000
[imu_filter_madgwick_node-3] [INFO] [1770686581.017559684] [imu_filter]: Parameter RLController.pid_kd_ang set to 0.098010
[imu_filter_madgwick_node-3] [INFO] [1770686581.424430361] [imu_filter]: Parameter RLController.pid_kp_lin set to 1.201543
[imu_filter_madgwick_node-3] [INFO] [1770686581.424690912] [imu_filter]: Parameter RLController.pid_ki_lin set to 0.000000
[imu_filter_madgwick_node-3] [INFO] [1770686581.424816099] [imu_filter]: Parameter RLController.pid_kd_lin set to 0.028542
[imu_filter_madgwick_node-3] [INFO] [1770686581.424901157] [imu_filter]: Parameter RLController.pid_kp_ang set to 1.234463
[imu_filter_madgwick_node-3] [INFO] [1770686581.424968614] [imu_filter]: Parameter RLController.pid_ki_ang set to 0.000000
[imu_filter_madgwick_node-3] [INFO] [1770686581.425301263] [imu_filter]: Parameter RLController.pid_kd_ang set to 0.097914
[imu_filter_madgwick_node-3] [INFO] [1770686581.841690193] [imu_filter]: Parameter RLController.pid_kp_lin set to 1.201543
[imu_filter_madgwick_node-3] [INFO] [1770686581.841876437] [imu_filter]: Parameter RLController.pid_ki_lin set to 0.000000
[imu_filter_madgwick_node-3] [INFO] [1770686581.841950263] [imu_filter]: Parameter RLController.pid_kd_lin set to 0.028542
[imu_filter_madgwick_node-3] [INFO] [1770686581.842011065] [imu_filter]: Parameter RLController.pid_kp_ang set to 1.234463
[imu_filter_madgwick_node-3] [INFO] [1770686581.842069882] [imu_filter]: Parameter RLController.pid_ki_ang set to 0.000000
[imu_filter_madgwick_node-3] [INFO] [1770686581.842124476] [imu_filter]: Parameter RLController.pid_kd_ang set to 0.097858
[imu_filter_madgwick_node-3] [INFO] [1770686582.263743648] [imu_filter]: Parameter RLController.pid_kp_lin set to 1.201543
[imu_filter_madgwick_node-3] [INFO] [1770686582.263959653] [imu_filter]: Parameter RLController.pid_ki_lin set to 0.000000
[imu_filter_madgwick_node-3] [INFO] [1770686582.264026247] [imu_filter]: Parameter RLController.pid_kd_lin set to 0.028542
[imu_filter_madgwick_node-3] [INFO] [1770686582.264091113] [imu_filter]: Parameter RLController.pid_kp_ang set to 1.234463
[imu_filter_madgwick_node-3] [INFO] [1770686582.268927169] [imu_filter]: Parameter RLController.pid_ki_ang set to 0.000000
[imu_filter_madgwick_node-3] [INFO] [1770686582.269278570] [imu_filter]: Parameter RLController.pid_kd_ang set to 0.097858
[imu_filter_madgwick_node-3] [INFO] [1770686582.681125179] [imu_filter]: Parameter RLController.pid_kp_lin set to 1.201543
[imu_filter_madgwick_node-3] [INFO] [1770686582.681336928] [imu_filter]: Parameter RLController.pid_ki_lin set to 0.000000
[imu_filter_madgwick_node-3] [INFO] [1770686582.681410626] [imu_filter]: Parameter RLController.pid_kd_lin set to 0.028542
[imu_filter_madgwick_node-3] [INFO] [1770686582.681475427] [imu_filter]: Parameter RLController.pid_kp_ang set to 1.234463
[imu_filter_madgwick_node-3] [INFO] [1770686582.681534885] [imu_filter]: Parameter RLController.pid_ki_ang set to 0.000000
[imu_filter_madgwick_node-3] [INFO] [1770686582.686364061] [imu_filter]: Parameter RLController.pid_kd_ang set to 0.097858
[imu_filter_madgwick_node-3] [INFO] [1770686583.109895697] [imu_filter]: Parameter RLController.pid_kp_lin set to 1.201543
[imu_filter_madgwick_node-3] [INFO] [1770686583.115698530] [imu_filter]: Parameter RLController.pid_ki_lin set to 0.000000
[imu_filter_madgwick_node-3] [INFO] [1770686583.115904519] [imu_filter]: Parameter RLController.pid_kd_lin set to 0.028542
[imu_filter_madgwick_node-3] [INFO] [1770686583.115983945] [imu_filter]: Parameter RLController.pid_kp_ang set to 1.234463
[imu_filter_madgwick_node-3] [INFO] [1770686583.116047850] [imu_filter]: Parameter RLController.pid_ki_ang set to 0.000000
[imu_filter_madgwick_node-3] [INFO] [1770686583.116108908] [imu_filter]: Parameter RLController.pid_kd_ang set to 0.097858
[imu_filter_madgwick_node-3] [INFO] [1770686583.536432784] [imu_filter]: Parameter RLController.pid_kp_lin set to 1.201543
[imu_filter_madgwick_node-3] [INFO] [1770686583.536631093] [imu_filter]: Parameter RLController.pid_ki_lin set to 0.000000
[imu_filter_madgwick_node-3] [INFO] [1770686583.536707159] [imu_filter]: Parameter RLController.pid_kd_lin set to 0.028542
[imu_filter_madgwick_node-3] [INFO] [1770686583.536772184] [imu_filter]: Parameter RLController.pid_kp_ang set to 1.234463
[imu_filter_madgwick_node-3] [INFO] [1770686583.536831642] [imu_filter]: Parameter RLController.pid_ki_ang set to 0.000000
[imu_filter_madgwick_node-3] [INFO] [1770686583.536885211] [imu_filter]: Parameter RLController.pid_kd_ang set to 0.097858
[imu_filter_madgwick_node-3] [INFO] [1770686583.953503843] [imu_filter]: Parameter RLController.pid_kp_lin set to 1.201543
[imu_filter_madgwick_node-3] [INFO] [1770686583.953720104] [imu_filter]: Parameter RLController.pid_ki_lin set to 0.000000
[imu_filter_madgwick_node-3] [INFO] [1770686583.953798698] [imu_filter]: Parameter RLController.pid_kd_lin set to 0.028542
[imu_filter_madgwick_node-3] [INFO] [1770686583.953867916] [imu_filter]: Parameter RLController.pid_kp_ang set to 1.234463
[imu_filter_madgwick_node-3] [INFO] [1770686583.953932013] [imu_filter]: Parameter RLController.pid_ki_ang set to 0.000000
[imu_filter_madgwick_node-3] [INFO] [1770686583.953994607] [imu_filter]: Parameter RLController.pid_kd_ang set to 0.097858
[imu_filter_madgwick_node-3] [INFO] [1770686584.372602056] [imu_filter]: Parameter RLController.pid_kp_lin set to 1.201543
[imu_filter_madgwick_node-3] [INFO] [1770686584.372835982] [imu_filter]: Parameter RLController.pid_ki_lin set to 0.000000
[imu_filter_madgwick_node-3] [INFO] [1770686584.372923056] [imu_filter]: Parameter RLController.pid_kd_lin set to 0.028542
[imu_filter_madgwick_node-3] [INFO] [1770686584.372992178] [imu_filter]: Parameter RLController.pid_kp_ang set to 1.234463
[imu_filter_madgwick_node-3] [INFO] [1770686584.373057140] [imu_filter]: Parameter RLController.pid_ki_ang set to 0.000000
[imu_filter_madgwick_node-3] [INFO] [1770686584.373241688] [imu_filter]: Parameter RLController.pid_kd_ang set to 0.097858
[imu_filter_madgwick_node-3] [INFO] [1770686584.782033789] [imu_filter]: Parameter RLController.pid_kp_lin set to 1.201686
[imu_filter_madgwick_node-3] [INFO] [1770686584.782202241] [imu_filter]: Parameter RLController.pid_ki_lin set to 0.000000
[imu_filter_madgwick_node-3] [INFO] [1770686584.784330038] [imu_filter]: Parameter RLController.pid_kd_lin set to 0.028542
[imu_filter_madgwick_node-3] [INFO] [1770686584.784521307] [imu_filter]: Parameter RLController.pid_kp_ang set to 1.234463
[imu_filter_madgwick_node-3] [INFO] [1770686584.784593053] [imu_filter]: Parameter RLController.pid_ki_ang set to 0.000000
[imu_filter_madgwick_node-3] [INFO] [1770686584.784657342] [imu_filter]: Parameter RLController.pid_kd_ang set to 0.097858
[imu_filter_madgwick_node-3] [INFO] [1770686585.193077658] [imu_filter]: Parameter RLController.pid_kp_lin set to 1.201829
[imu_filter_madgwick_node-3] [INFO] [1770686585.193284191] [imu_filter]: Parameter RLController.pid_ki_lin set to 0.000000
[imu_filter_madgwick_node-3] [INFO] [1770686585.193360577] [imu_filter]: Parameter RLController.pid_kd_lin set to 0.028542
[imu_filter_madgwick_node-3] [INFO] [1770686585.193428451] [imu_filter]: Parameter RLController.pid_kp_ang set to 1.234463
[imu_filter_madgwick_node-3] [INFO] [1770686585.193488516] [imu_filter]: Parameter RLController.pid_ki_ang set to 0.000000
[imu_filter_madgwick_node-3] [INFO] [1770686585.193614983] [imu_filter]: Parameter RLController.pid_kd_ang set to 0.097858
[imu_filter_madgwick_node-3] [INFO] [1770686585.600471868] [imu_filter]: Parameter RLController.pid_kp_lin set to 1.201989
[imu_filter_madgwick_node-3] [INFO] [1770686585.602022531] [imu_filter]: Parameter RLController.pid_ki_lin set to 0.000000
[imu_filter_madgwick_node-3] [INFO] [1770686585.602227720] [imu_filter]: Parameter RLController.pid_kd_lin set to 0.028495
[imu_filter_madgwick_node-3] [INFO] [1770686585.602390956] [imu_filter]: Parameter RLController.pid_kp_ang set to 1.234463
[imu_filter_madgwick_node-3] [INFO] [1770686585.602475246] [imu_filter]: Parameter RLController.pid_ki_ang set to 0.000000
[imu_filter_madgwick_node-3] [INFO] [1770686585.602544080] [imu_filter]: Parameter RLController.pid_kd_ang set to 0.097858
[imu_filter_madgwick_node-3] [INFO] [1770686586.016708090] [imu_filter]: Parameter RLController.pid_kp_lin set to 1.202182
[imu_filter_madgwick_node-3] [INFO] [1770686586.016921152] [imu_filter]: Parameter RLController.pid_ki_lin set to 0.000000
[imu_filter_madgwick_node-3] [INFO] [1770686586.016991745] [imu_filter]: Parameter RLController.pid_kd_lin set to 0.028449
[imu_filter_madgwick_node-3] [INFO] [1770686586.017156037] [imu_filter]: Parameter RLController.pid_kp_ang set to 1.234463
[imu_filter_madgwick_node-3] [INFO] [1770686586.017222023] [imu_filter]: Parameter RLController.pid_ki_ang set to 0.000000
[imu_filter_madgwick_node-3] [INFO] [1770686586.017285673] [imu_filter]: Parameter RLController.pid_kd_ang set to 0.097858
[imu_filter_madgwick_node-3] [INFO] [1770686586.425736261] [imu_filter]: Parameter RLController.pid_kp_lin set to 1.202393
[imu_filter_madgwick_node-3] [INFO] [1770686586.425935594] [imu_filter]: Parameter RLController.pid_ki_lin set to 0.000000
[imu_filter_madgwick_node-3] [INFO] [1770686586.426006732] [imu_filter]: Parameter RLController.pid_kd_lin set to 0.028402
[imu_filter_madgwick_node-3] [INFO] [1770686586.426072845] [imu_filter]: Parameter RLController.pid_kp_ang set to 1.234463
[imu_filter_madgwick_node-3] [INFO] [1770686586.426131695] [imu_filter]: Parameter RLController.pid_ki_ang set to 0.000000
[imu_filter_madgwick_node-3] [INFO] [1770686586.426190160] [imu_filter]: Parameter RLController.pid_kd_ang set to 0.097858
[imu_filter_madgwick_node-3] [INFO] [1770686586.844603909] [imu_filter]: Parameter RLController.pid_kp_lin set to 1.202604
[imu_filter_madgwick_node-3] [INFO] [1770686586.848309505] [imu_filter]: Parameter RLController.pid_ki_lin set to 0.000000
[imu_filter_madgwick_node-3] [INFO] [1770686586.848489702] [imu_filter]: Parameter RLController.pid_kd_lin set to 0.028355
[imu_filter_madgwick_node-3] [INFO] [1770686586.848659882] [imu_filter]: Parameter RLController.pid_kp_ang set to 1.234463
[imu_filter_madgwick_node-3] [INFO] [1770686586.848727307] [imu_filter]: Parameter RLController.pid_ki_ang set to 0.000000
[imu_filter_madgwick_node-3] [INFO] [1770686586.848789869] [imu_filter]: Parameter RLController.pid_kd_ang set to 0.097858
[imu_filter_madgwick_node-3] [INFO] [1770686587.274522584] [imu_filter]: Parameter RLController.pid_kp_lin set to 1.202793
[imu_filter_madgwick_node-3] [INFO] [1770686587.277543555] [imu_filter]: Parameter RLController.pid_ki_lin set to 0.000000
[imu_filter_madgwick_node-3] [INFO] [1770686587.277708167] [imu_filter]: Parameter RLController.pid_kd_lin set to 0.028304
[imu_filter_madgwick_node-3] [INFO] [1770686587.277778313] [imu_filter]: Parameter RLController.pid_kp_ang set to 1.234463
[imu_filter_madgwick_node-3] [INFO] [1770686587.277838858] [imu_filter]: Parameter RLController.pid_ki_ang set to 0.000000
[imu_filter_madgwick_node-3] [INFO] [1770686587.277903404] [imu_filter]: Parameter RLController.pid_kd_ang set to 0.097858
[imu_filter_madgwick_node-3] [INFO] [1770686587.693120881] [imu_filter]: Parameter RLController.pid_kp_lin set to 1.202997
[imu_filter_madgwick_node-3] [INFO] [1770686587.693309494] [imu_filter]: Parameter RLController.pid_ki_lin set to 0.000000
[imu_filter_madgwick_node-3] [INFO] [1770686587.693389272] [imu_filter]: Parameter RLController.pid_kd_lin set to 0.028252
[imu_filter_madgwick_node-3] [INFO] [1770686587.693457081] [imu_filter]: Parameter RLController.pid_kp_ang set to 1.234463
[imu_filter_madgwick_node-3] [INFO] [1770686587.693515995] [imu_filter]: Parameter RLController.pid_ki_ang set to 0.000000
[imu_filter_madgwick_node-3] [INFO] [1770686587.693571772] [imu_filter]: Parameter RLController.pid_kd_ang set to 0.097858
[imu_filter_madgwick_node-3] [INFO] [1770686588.105787350] [imu_filter]: Parameter RLController.pid_kp_lin set to 1.203199
[imu_filter_madgwick_node-3] [INFO] [1770686588.105990619] [imu_filter]: Parameter RLController.pid_ki_lin set to 0.000000
[imu_filter_madgwick_node-3] [INFO] [1770686588.106075709] [imu_filter]: Parameter RLController.pid_kd_lin set to 0.028201
[imu_filter_madgwick_node-3] [INFO] [1770686588.106147679] [imu_filter]: Parameter RLController.pid_kp_ang set to 1.234463
[imu_filter_madgwick_node-3] [INFO] [1770686588.106211073] [imu_filter]: Parameter RLController.pid_ki_ang set to 0.000000
[imu_filter_madgwick_node-3] [INFO] [1770686588.106269218] [imu_filter]: Parameter RLController.pid_kd_ang set to 0.097858
[imu_filter_madgwick_node-3] [INFO] [1770686588.539736238] [imu_filter]: Parameter RLController.pid_kp_lin set to 1.203403
[imu_filter_madgwick_node-3] [INFO] [1770686588.540065302] [imu_filter]: Parameter RLController.pid_ki_lin set to 0.000000
[imu_filter_madgwick_node-3] [INFO] [1770686588.540156312] [imu_filter]: Parameter RLController.pid_kd_lin set to 0.028149
[imu_filter_madgwick_node-3] [INFO] [1770686588.540253818] [imu_filter]: Parameter RLController.pid_kp_ang set to 1.234463
[imu_filter_madgwick_node-3] [INFO] [1770686588.540327548] [imu_filter]: Parameter RLController.pid_ki_ang set to 0.000000
[imu_filter_madgwick_node-3] [INFO] [1770686588.540397214] [imu_filter]: Parameter RLController.pid_kd_ang set to 0.097858
[imu_filter_madgwick_node-3] [INFO] [1770686588.952929408] [imu_filter]: Parameter RLController.pid_kp_lin set to 1.203603
[imu_filter_madgwick_node-3] [INFO] [1770686588.953126565] [imu_filter]: Parameter RLController.pid_ki_lin set to 0.000000
[imu_filter_madgwick_node-3] [INFO] [1770686588.953329738] [imu_filter]: Parameter RLController.pid_kd_lin set to 0.028097
[imu_filter_madgwick_node-3] [INFO] [1770686588.953797014] [imu_filter]: Parameter RLController.pid_kp_ang set to 1.234463
[imu_filter_madgwick_node-3] [INFO] [1770686588.953992730] [imu_filter]: Parameter RLController.pid_ki_ang set to 0.000000
[imu_filter_madgwick_node-3] [INFO] [1770686588.954065436] [imu_filter]: Parameter RLController.pid_kd_ang set to 0.097858
[imu_filter_madgwick_node-3] [INFO] [1770686589.372583795] [imu_filter]: Parameter RLController.pid_kp_lin set to 1.203801
[imu_filter_madgwick_node-3] [INFO] [1770686589.376511925] [imu_filter]: Parameter RLController.pid_ki_lin set to 0.000000
[imu_filter_madgwick_node-3] [INFO] [1770686589.376707546] [imu_filter]: Parameter RLController.pid_kd_lin set to 0.028047
[imu_filter_madgwick_node-3] [INFO] [1770686589.376782172] [imu_filter]: Parameter RLController.pid_kp_ang set to 1.234463
[imu_filter_madgwick_node-3] [INFO] [1770686589.376840157] [imu_filter]: Parameter RLController.pid_ki_ang set to 0.000000
[imu_filter_madgwick_node-3] [INFO] [1770686589.376896319] [imu_filter]: Parameter RLController.pid_kd_ang set to 0.097858
[imu_filter_madgwick_node-3] [INFO] [1770686589.791676953] [imu_filter]: Parameter RLController.pid_kp_lin set to 1.203996
[imu_filter_madgwick_node-3] [INFO] [1770686589.791913759] [imu_filter]: Parameter RLController.pid_ki_lin set to 0.000000
[imu_filter_madgwick_node-3] [INFO] [1770686589.792062306] [imu_filter]: Parameter RLController.pid_kd_lin set to 0.027998
[imu_filter_madgwick_node-3] [INFO] [1770686589.792136612] [imu_filter]: Parameter RLController.pid_kp_ang set to 1.234463
[imu_filter_madgwick_node-3] [INFO] [1770686589.792230727] [imu_filter]: Parameter RLController.pid_ki_ang set to 0.000000
[imu_filter_madgwick_node-3] [INFO] [1770686589.792528430] [imu_filter]: Parameter RLController.pid_kd_ang set to 0.097858
[imu_filter_madgwick_node-3] [INFO] [1770686590.230704335] [imu_filter]: Parameter RLController.pid_kp_lin set to 1.204172
[imu_filter_madgwick_node-3] [INFO] [1770686590.230927156] [imu_filter]: Parameter RLController.pid_ki_lin set to 0.000000
[imu_filter_madgwick_node-3] [INFO] [1770686590.230999414] [imu_filter]: Parameter RLController.pid_kd_lin set to 0.027948
[imu_filter_madgwick_node-3] [INFO] [1770686590.231062744] [imu_filter]: Parameter RLController.pid_kp_ang set to 1.234463
[imu_filter_madgwick_node-3] [INFO] [1770686590.231118777] [imu_filter]: Parameter RLController.pid_ki_ang set to 0.000000
[imu_filter_madgwick_node-3] [INFO] [1770686590.233171564] [imu_filter]: Parameter RLController.pid_kd_ang set to 0.097858
[imu_filter_madgwick_node-3] [INFO] [1770686590.651628450] [imu_filter]: Parameter RLController.pid_kp_lin set to 1.204341
[imu_filter_madgwick_node-3] [INFO] [1770686590.651842151] [imu_filter]: Parameter RLController.pid_ki_lin set to 0.000000
[imu_filter_madgwick_node-3] [INFO] [1770686590.651925929] [imu_filter]: Parameter RLController.pid_kd_lin set to 0.027948
[imu_filter_madgwick_node-3] [INFO] [1770686590.651989771] [imu_filter]: Parameter RLController.pid_kp_ang set to 1.234463
[imu_filter_madgwick_node-3] [INFO] [1770686590.652052460] [imu_filter]: Parameter RLController.pid_ki_ang set to 0.000000
[imu_filter_madgwick_node-3] [INFO] [1770686590.652115278] [imu_filter]: Parameter RLController.pid_kd_ang set to 0.097858
[imu_filter_madgwick_node-3] [INFO] [1770686591.059064869] [imu_filter]: Parameter RLController.pid_kp_lin set to 1.204512
[imu_filter_madgwick_node-3] [INFO] [1770686591.059390989] [imu_filter]: Parameter RLController.pid_ki_lin set to 0.000000
[imu_filter_madgwick_node-3] [INFO] [1770686591.059481039] [imu_filter]: Parameter RLController.pid_kd_lin set to 0.027948
[imu_filter_madgwick_node-3] [INFO] [1770686591.059550673] [imu_filter]: Parameter RLController.pid_kp_ang set to 1.234463
[imu_filter_madgwick_node-3] [INFO] [1770686591.059616050] [imu_filter]: Parameter RLController.pid_ki_ang set to 0.000000
[imu_filter_madgwick_node-3] [INFO] [1770686591.059680084] [imu_filter]: Parameter RLController.pid_kd_ang set to 0.097858
[imu_filter_madgwick_node-3] [INFO] [1770686591.482386867] [imu_filter]: Parameter RLController.pid_kp_lin set to 1.204680
[imu_filter_madgwick_node-3] [INFO] [1770686591.483649459] [imu_filter]: Parameter RLController.pid_ki_lin set to 0.000000
[imu_filter_madgwick_node-3] [INFO] [1770686591.483818327] [imu_filter]: Parameter RLController.pid_kd_lin set to 0.027900
[imu_filter_madgwick_node-3] [INFO] [1770686591.483904889] [imu_filter]: Parameter RLController.pid_kp_ang set to 1.234463
[imu_filter_madgwick_node-3] [INFO] [1770686591.483974171] [imu_filter]: Parameter RLController.pid_ki_ang set to 0.000000
[imu_filter_madgwick_node-3] [INFO] [1770686591.484039261] [imu_filter]: Parameter RLController.pid_kd_ang set to 0.097858
[imu_filter_madgwick_node-3] [INFO] [1770686591.899172767] [imu_filter]: Parameter RLController.pid_kp_lin set to 1.204882
[imu_filter_madgwick_node-3] [INFO] [1770686591.899390533] [imu_filter]: Parameter RLController.pid_ki_lin set to 0.000000
[imu_filter_madgwick_node-3] [INFO] [1770686591.899466279] [imu_filter]: Parameter RLController.pid_kd_lin set to 0.027853
[imu_filter_madgwick_node-3] [INFO] [1770686591.899533096] [imu_filter]: Parameter RLController.pid_kp_ang set to 1.234463
[imu_filter_madgwick_node-3] [INFO] [1770686591.899593482] [imu_filter]: Parameter RLController.pid_ki_ang set to 0.000000
[imu_filter_madgwick_node-3] [INFO] [1770686591.899657451] [imu_filter]: Parameter RLController.pid_kd_ang set to 0.097858
[imu_filter_madgwick_node-3] [INFO] [1770686592.319299998] [imu_filter]: Parameter RLController.pid_kp_lin set to 1.205096
[imu_filter_madgwick_node-3] [INFO] [1770686592.319511972] [imu_filter]: Parameter RLController.pid_ki_lin set to 0.000000
[imu_filter_madgwick_node-3] [INFO] [1770686592.319585734] [imu_filter]: Parameter RLController.pid_kd_lin set to 0.027853
[imu_filter_madgwick_node-3] [INFO] [1770686592.319644487] [imu_filter]: Parameter RLController.pid_kp_ang set to 1.234463
[imu_filter_madgwick_node-3] [INFO] [1770686592.319702088] [imu_filter]: Parameter RLController.pid_ki_ang set to 0.000000
[imu_filter_madgwick_node-3] [INFO] [1770686592.319762922] [imu_filter]: Parameter RLController.pid_kd_ang set to 0.097858
[imu_filter_madgwick_node-3] [INFO] [1770686592.735752354] [imu_filter]: Parameter RLController.pid_kp_lin set to 1.205278
[imu_filter_madgwick_node-3] [INFO] [1770686592.736091083] [imu_filter]: Parameter RLController.pid_ki_lin set to 0.000000
[imu_filter_madgwick_node-3] [INFO] [1770686592.736287311] [imu_filter]: Parameter RLController.pid_kd_lin set to 0.027853
[imu_filter_madgwick_node-3] [INFO] [1770686592.736386674] [imu_filter]: Parameter RLController.pid_kp_ang set to 1.234463
[imu_filter_madgwick_node-3] [INFO] [1770686592.736454100] [imu_filter]: Parameter RLController.pid_ki_ang set to 0.000000
[imu_filter_madgwick_node-3] [INFO] [1770686592.736520629] [imu_filter]: Parameter RLController.pid_kd_ang set to 0.097858
[imu_filter_madgwick_node-3] [INFO] [1770686593.145954218] [imu_filter]: Parameter RLController.pid_kp_lin set to 1.205425
[imu_filter_madgwick_node-3] [INFO] [1770686593.146168463] [imu_filter]: Parameter RLController.pid_ki_lin set to 0.000000
[imu_filter_madgwick_node-3] [INFO] [1770686593.146259506] [imu_filter]: Parameter RLController.pid_kd_lin set to 0.027799
[imu_filter_madgwick_node-3] [INFO] [1770686593.146328307] [imu_filter]: Parameter RLController.pid_kp_ang set to 1.234463
[imu_filter_madgwick_node-3] [INFO] [1770686593.146386709] [imu_filter]: Parameter RLController.pid_ki_ang set to 0.000000
[imu_filter_madgwick_node-3] [INFO] [1770686593.146446838] [imu_filter]: Parameter RLController.pid_kd_ang set to 0.097858
[imu_filter_madgwick_node-3] [INFO] [1770686593.584009544] [imu_filter]: Parameter RLController.pid_kp_lin set to 1.205656
[imu_filter_madgwick_node-3] [INFO] [1770686593.586215615] [imu_filter]: Parameter RLController.pid_ki_lin set to 0.000000
[imu_filter_madgwick_node-3] [INFO] [1770686593.586390595] [imu_filter]: Parameter RLController.pid_kd_lin set to 0.027799
[imu_filter_madgwick_node-3] [INFO] [1770686593.586466373] [imu_filter]: Parameter RLController.pid_kp_ang set to 1.234463
[imu_filter_madgwick_node-3] [INFO] [1770686593.586535399] [imu_filter]: Parameter RLController.pid_ki_ang set to 0.000000
[imu_filter_madgwick_node-3] [INFO] [1770686593.586591656] [imu_filter]: Parameter RLController.pid_kd_ang set to 0.097858
[imu_filter_madgwick_node-3] [INFO] [1770686593.997624069] [imu_filter]: Parameter RLController.pid_kp_lin set to 1.205656
[imu_filter_madgwick_node-3] [INFO] [1770686593.999117994] [imu_filter]: Parameter RLController.pid_ki_lin set to 0.000000
[imu_filter_madgwick_node-3] [INFO] [1770686593.999310319] [imu_filter]: Parameter RLController.pid_kd_lin set to 0.027751
[imu_filter_madgwick_node-3] [INFO] [1770686593.999403313] [imu_filter]: Parameter RLController.pid_kp_ang set to 1.234463
[imu_filter_madgwick_node-3] [INFO] [1770686593.999469555] [imu_filter]: Parameter RLController.pid_ki_ang set to 0.000000
[imu_filter_madgwick_node-3] [INFO] [1770686593.999535060] [imu_filter]: Parameter RLController.pid_kd_ang set to 0.097858
[imu_filter_madgwick_node-3] [INFO] [1770686594.436569528] [imu_filter]: Parameter RLController.pid_kp_lin set to 1.205656
[imu_filter_madgwick_node-3] [INFO] [1770686594.436871072] [imu_filter]: Parameter RLController.pid_ki_lin set to 0.000000
[imu_filter_madgwick_node-3] [INFO] [1770686594.439176793] [imu_filter]: Parameter RLController.pid_kd_lin set to 0.027751
[imu_filter_madgwick_node-3] [INFO] [1770686594.439419295] [imu_filter]: Parameter RLController.pid_kp_ang set to 1.234463
[imu_filter_madgwick_node-3] [INFO] [1770686594.439495489] [imu_filter]: Parameter RLController.pid_ki_ang set to 0.000000
[imu_filter_madgwick_node-3] [INFO] [1770686594.439559107] [imu_filter]: Parameter RLController.pid_kd_ang set to 0.097858
[imu_filter_madgwick_node-3] [INFO] [1770686594.880557866] [imu_filter]: Parameter RLController.pid_kp_lin set to 1.205656
[imu_filter_madgwick_node-3] [INFO] [1770686594.880762671] [imu_filter]: Parameter RLController.pid_ki_lin set to 0.000000
[imu_filter_madgwick_node-3] [INFO] [1770686594.880836465] [imu_filter]: Parameter RLController.pid_kd_lin set to 0.027751
[imu_filter_madgwick_node-3] [INFO] [1770686594.880897746] [imu_filter]: Parameter RLController.pid_kp_ang set to 1.234463
[imu_filter_madgwick_node-3] [INFO] [1770686594.880957524] [imu_filter]: Parameter RLController.pid_ki_ang set to 0.000000
[imu_filter_madgwick_node-3] [INFO] [1770686594.881016501] [imu_filter]: Parameter RLController.pid_kd_ang set to 0.097743
[imu_filter_madgwick_node-3] [INFO] [1770686595.293608185] [imu_filter]: Parameter RLController.pid_kp_lin set to 1.205656
[imu_filter_madgwick_node-3] [INFO] [1770686595.293954913] [imu_filter]: Parameter RLController.pid_ki_lin set to 0.000000
[imu_filter_madgwick_node-3] [INFO] [1770686595.294041155] [imu_filter]: Parameter RLController.pid_kd_lin set to 0.027697
[imu_filter_madgwick_node-3] [INFO] [1770686595.294112005] [imu_filter]: Parameter RLController.pid_kp_ang set to 1.234463
[imu_filter_madgwick_node-3] [INFO] [1770686595.294172679] [imu_filter]: Parameter RLController.pid_ki_ang set to 0.000000
[imu_filter_madgwick_node-3] [INFO] [1770686595.294233352] [imu_filter]: Parameter RLController.pid_kd_ang set to 0.097743
[imu_filter_madgwick_node-3] [INFO] [1770686595.713384943] [imu_filter]: Parameter RLController.pid_kp_lin set to 1.205812
[imu_filter_madgwick_node-3] [INFO] [1770686595.713743096] [imu_filter]: Parameter RLController.pid_ki_lin set to 0.000000
[imu_filter_madgwick_node-3] [INFO] [1770686595.713832410] [imu_filter]: Parameter RLController.pid_kd_lin set to 0.027697
[imu_filter_madgwick_node-3] [INFO] [1770686595.713906684] [imu_filter]: Parameter RLController.pid_kp_ang set to 1.234463
[imu_filter_madgwick_node-3] [INFO] [1770686595.713972670] [imu_filter]: Parameter RLController.pid_ki_ang set to 0.000000
[imu_filter_madgwick_node-3] [INFO] [1770686595.715496772] [imu_filter]: Parameter RLController.pid_kd_ang set to 0.097743
[imu_filter_madgwick_node-3] [INFO] [1770686596.155723127] [imu_filter]: Parameter RLController.pid_kp_lin set to 1.205981
[imu_filter_madgwick_node-3] [INFO] [1770686596.156068768] [imu_filter]: Parameter RLController.pid_ki_lin set to 0.000000
[imu_filter_madgwick_node-3] [INFO] [1770686596.156159362] [imu_filter]: Parameter RLController.pid_kd_lin set to 0.027697
[imu_filter_madgwick_node-3] [INFO] [1770686596.156247588] [imu_filter]: Parameter RLController.pid_kp_ang set to 1.234463
[imu_filter_madgwick_node-3] [INFO] [1770686596.156311398] [imu_filter]: Parameter RLController.pid_ki_ang set to 0.000000
[imu_filter_madgwick_node-3] [INFO] [1770686596.156369800] [imu_filter]: Parameter RLController.pid_kd_ang set to 0.097743
[imu_filter_madgwick_node-3] [INFO] [1770686596.593044195] [imu_filter]: Parameter RLController.pid_kp_lin set to 1.206155
[imu_filter_madgwick_node-3] [INFO] [1770686596.593337226] [imu_filter]: Parameter RLController.pid_ki_lin set to 0.000000
[imu_filter_madgwick_node-3] [INFO] [1770686596.593442253] [imu_filter]: Parameter RLController.pid_kd_lin set to 0.027697
[imu_filter_madgwick_node-3] [INFO] [1770686596.593509838] [imu_filter]: Parameter RLController.pid_kp_ang set to 1.234463
[imu_filter_madgwick_node-3] [INFO] [1770686596.593568496] [imu_filter]: Parameter RLController.pid_ki_ang set to 0.000000
[imu_filter_madgwick_node-3] [INFO] [1770686596.593626737] [imu_filter]: Parameter RLController.pid_kd_ang set to 0.097743
[imu_filter_madgwick_node-3] [INFO] [1770686597.016814077] [imu_filter]: Parameter RLController.pid_kp_lin set to 1.206339
[imu_filter_madgwick_node-3] [INFO] [1770686597.017053987] [imu_filter]: Parameter RLController.pid_ki_lin set to 0.000000
[imu_filter_madgwick_node-3] [INFO] [1770686597.017150789] [imu_filter]: Parameter RLController.pid_kd_lin set to 0.027636
[imu_filter_madgwick_node-3] [INFO] [1770686597.017227655] [imu_filter]: Parameter RLController.pid_kp_ang set to 1.234463
[imu_filter_madgwick_node-3] [INFO] [1770686597.017489965] [imu_filter]: Parameter RLController.pid_ki_ang set to 0.000000
[imu_filter_madgwick_node-3] [INFO] [1770686597.024041937] [imu_filter]: Parameter RLController.pid_kd_ang set to 0.097743
[imu_filter_madgwick_node-3] [INFO] [1770686597.426635707] [imu_filter]: Parameter RLController.pid_kp_lin set to 1.206692
[imu_filter_madgwick_node-3] [INFO] [1770686597.427548178] [imu_filter]: Parameter RLController.pid_ki_lin set to 0.000000
[imu_filter_madgwick_node-3] [INFO] [1770686597.436566738] [imu_filter]: Parameter RLController.pid_kd_lin set to 0.027636
[imu_filter_madgwick_node-3] [INFO] [1770686597.436929531] [imu_filter]: Parameter RLController.pid_kp_ang set to 1.234463
[imu_filter_madgwick_node-3] [INFO] [1770686597.437016670] [imu_filter]: Parameter RLController.pid_ki_ang set to 0.000000
[imu_filter_madgwick_node-3] [INFO] [1770686597.437091744] [imu_filter]: Parameter RLController.pid_kd_ang set to 0.097743
[imu_filter_madgwick_node-3] [INFO] [1770686597.872431706] [imu_filter]: Parameter RLController.pid_kp_lin set to 1.206692
[imu_filter_madgwick_node-3] [INFO] [1770686597.876885128] [imu_filter]: Parameter RLController.pid_ki_lin set to 0.000000
[imu_filter_madgwick_node-3] [INFO] [1770686597.877064333] [imu_filter]: Parameter RLController.pid_kd_lin set to 0.027636
[imu_filter_madgwick_node-3] [INFO] [1770686597.877139407] [imu_filter]: Parameter RLController.pid_kp_ang set to 1.234463
[imu_filter_madgwick_node-3] [INFO] [1770686597.877202480] [imu_filter]: Parameter RLController.pid_ki_ang set to 0.000000
[imu_filter_madgwick_node-3] [INFO] [1770686597.877260882] [imu_filter]: Parameter RLController.pid_kd_ang set to 0.097743
[imu_filter_madgwick_node-3] [INFO] [1770686598.283141710] [imu_filter]: Parameter RLController.pid_kp_lin set to 1.206897
[imu_filter_madgwick_node-3] [INFO] [1770686598.283372788] [imu_filter]: Parameter RLController.pid_ki_lin set to 0.000000
[imu_filter_madgwick_node-3] [INFO] [1770686598.283455670] [imu_filter]: Parameter RLController.pid_kd_lin set to 0.027563
[imu_filter_madgwick_node-3] [INFO] [1770686598.283767614] [imu_filter]: Parameter RLController.pid_kp_ang set to 1.234463
[imu_filter_madgwick_node-3] [INFO] [1770686598.283839040] [imu_filter]: Parameter RLController.pid_ki_ang set to 0.000000
[imu_filter_madgwick_node-3] [INFO] [1770686598.283901153] [imu_filter]: Parameter RLController.pid_kd_ang set to 0.097743
[imu_filter_madgwick_node-3] [INFO] [1770686598.700588491] [imu_filter]: Parameter RLController.pid_kp_lin set to 1.207199
[imu_filter_madgwick_node-3] [INFO] [1770686598.700946099] [imu_filter]: Parameter RLController.pid_ki_lin set to 0.000000
[imu_filter_madgwick_node-3] [INFO] [1770686598.701060342] [imu_filter]: Parameter RLController.pid_kd_lin set to 0.027508
[imu_filter_madgwick_node-3] [INFO] [1770686598.701144408] [imu_filter]: Parameter RLController.pid_kp_ang set to 1.234463
[imu_filter_madgwick_node-3] [INFO] [1770686598.701212090] [imu_filter]: Parameter RLController.pid_ki_ang set to 0.000000
[imu_filter_madgwick_node-3] [INFO] [1770686598.701277500] [imu_filter]: Parameter RLController.pid_kd_ang set to 0.097743
[imu_filter_madgwick_node-3] [INFO] [1770686599.102754506] [imu_filter]: Parameter RLController.pid_kp_lin set to 1.207484
[imu_filter_madgwick_node-3] [INFO] [1770686599.102969520] [imu_filter]: Parameter RLController.pid_ki_lin set to 0.000000
[imu_filter_madgwick_node-3] [INFO] [1770686599.103056530] [imu_filter]: Parameter RLController.pid_kd_lin set to 0.027455
[imu_filter_madgwick_node-3] [INFO] [1770686599.103123380] [imu_filter]: Parameter RLController.pid_kp_ang set to 1.234463
[imu_filter_madgwick_node-3] [INFO] [1770686599.103184501] [imu_filter]: Parameter RLController.pid_ki_ang set to 0.000000
[imu_filter_madgwick_node-3] [INFO] [1770686599.104472757] [imu_filter]: Parameter RLController.pid_kd_ang set to 0.097743
[imu_filter_madgwick_node-3] [INFO] [1770686599.539261441] [imu_filter]: Parameter RLController.pid_kp_lin set to 1.207771
[imu_filter_madgwick_node-3] [INFO] [1770686599.539462982] [imu_filter]: Parameter RLController.pid_ki_lin set to 0.000000
[imu_filter_madgwick_node-3] [INFO] [1770686599.539537832] [imu_filter]: Parameter RLController.pid_kd_lin set to 0.027395
[imu_filter_madgwick_node-3] [INFO] [1770686599.539606474] [imu_filter]: Parameter RLController.pid_kp_ang set to 1.234463
[imu_filter_madgwick_node-3] [INFO] [1770686599.539669804] [imu_filter]: Parameter RLController.pid_ki_ang set to 0.000000
[imu_filter_madgwick_node-3] [INFO] [1770686599.539732173] [imu_filter]: Parameter RLController.pid_kd_ang set to 0.097743
[imu_filter_madgwick_node-3] [INFO] [1770686599.967552780] [imu_filter]: Parameter RLController.pid_kp_lin set to 1.207771
[imu_filter_madgwick_node-3] [INFO] [1770686599.967758001] [imu_filter]: Parameter RLController.pid_ki_lin set to 0.000000
[imu_filter_madgwick_node-3] [INFO] [1770686599.972657099] [imu_filter]: Parameter RLController.pid_kd_lin set to 0.027287
[imu_filter_madgwick_node-3] [INFO] [1770686599.972990771] [imu_filter]: Parameter RLController.pid_kp_ang set to 1.234463
[imu_filter_madgwick_node-3] [INFO] [1770686599.973074645] [imu_filter]: Parameter RLController.pid_ki_ang set to 0.000000
[imu_filter_madgwick_node-3] [INFO] [1770686599.973140599] [imu_filter]: Parameter RLController.pid_kd_ang set to 0.097743
[imu_filter_madgwick_node-3] [INFO] [1770686600.379589954] [imu_filter]: Parameter RLController.pid_kp_lin set to 1.207632
[imu_filter_madgwick_node-3] [INFO] [1770686600.383408289] [imu_filter]: Parameter RLController.pid_ki_lin set to 0.000000
[imu_filter_madgwick_node-3] [INFO] [1770686600.383751081] [imu_filter]: Parameter RLController.pid_kd_lin set to 0.027176
[imu_filter_madgwick_node-3] [INFO] [1770686600.383949070] [imu_filter]: Parameter RLController.pid_kp_ang set to 1.234463
[imu_filter_madgwick_node-3] [INFO] [1770686600.384078705] [imu_filter]: Parameter RLController.pid_ki_ang set to 0.000000
[imu_filter_madgwick_node-3] [INFO] [1770686600.384147315] [imu_filter]: Parameter RLController.pid_kd_ang set to 0.097743
[imu_filter_madgwick_node-3] [INFO] [1770686600.796708950] [imu_filter]: Parameter RLController.pid_kp_lin set to 1.207496
[imu_filter_madgwick_node-3] [INFO] [1770686600.796924187] [imu_filter]: Parameter RLController.pid_ki_lin set to 0.000000
[imu_filter_madgwick_node-3] [INFO] [1770686600.797000253] [imu_filter]: Parameter RLController.pid_kd_lin set to 0.027065
[imu_filter_madgwick_node-3] [INFO] [1770686600.797064287] [imu_filter]: Parameter RLController.pid_kp_ang set to 1.234463
[imu_filter_madgwick_node-3] [INFO] [1770686600.800476628] [imu_filter]: Parameter RLController.pid_ki_ang set to 0.000000
[imu_filter_madgwick_node-3] [INFO] [1770686600.800688441] [imu_filter]: Parameter RLController.pid_kd_ang set to 0.097743
[imu_filter_madgwick_node-3] [INFO] [1770686601.219150767] [imu_filter]: Parameter RLController.pid_kp_lin set to 1.207360
[imu_filter_madgwick_node-3] [INFO] [1770686601.223999623] [imu_filter]: Parameter RLController.pid_ki_lin set to 0.000000
[imu_filter_madgwick_node-3] [INFO] [1770686601.224345328] [imu_filter]: Parameter RLController.pid_kd_lin set to 0.026954
[imu_filter_madgwick_node-3] [INFO] [1770686601.224437522] [imu_filter]: Parameter RLController.pid_kp_ang set to 1.234463
[imu_filter_madgwick_node-3] [INFO] [1770686601.224501620] [imu_filter]: Parameter RLController.pid_ki_ang set to 0.000000
[imu_filter_madgwick_node-3] [INFO] [1770686601.224675064] [imu_filter]: Parameter RLController.pid_kd_ang set to 0.097743
[imu_filter_madgwick_node-3] [INFO] [1770686601.647858275] [imu_filter]: Parameter RLController.pid_kp_lin set to 1.207360
[imu_filter_madgwick_node-3] [INFO] [1770686601.648250093] [imu_filter]: Parameter RLController.pid_ki_lin set to 0.000000
[imu_filter_madgwick_node-3] [INFO] [1770686601.648346960] [imu_filter]: Parameter RLController.pid_kd_lin set to 0.026844
[imu_filter_madgwick_node-3] [INFO] [1770686601.648416209] [imu_filter]: Parameter RLController.pid_kp_ang set to 1.234463
[imu_filter_madgwick_node-3] [INFO] [1770686601.648478355] [imu_filter]: Parameter RLController.pid_ki_ang set to 0.000000
[imu_filter_madgwick_node-3] [INFO] [1770686601.648541460] [imu_filter]: Parameter RLController.pid_kd_ang set to 0.097743
[imu_filter_madgwick_node-3] [INFO] [1770686602.059319947] [imu_filter]: Parameter RLController.pid_kp_lin set to 1.207360
[imu_filter_madgwick_node-3] [INFO] [1770686602.060142655] [imu_filter]: Parameter RLController.pid_ki_lin set to 0.000000
[imu_filter_madgwick_node-3] [INFO] [1770686602.060329668] [imu_filter]: Parameter RLController.pid_kd_lin set to 0.026734
[imu_filter_madgwick_node-3] [INFO] [1770686602.060466375] [imu_filter]: Parameter RLController.pid_kp_ang set to 1.234463
[imu_filter_madgwick_node-3] [INFO] [1770686602.060550505] [imu_filter]: Parameter RLController.pid_ki_ang set to 0.000000
[imu_filter_madgwick_node-3] [INFO] [1770686602.060763023] [imu_filter]: Parameter RLController.pid_kd_ang set to 0.097743
[imu_filter_madgwick_node-3] [INFO] [1770686602.494687141] [imu_filter]: Parameter RLController.pid_kp_lin set to 1.207360
[imu_filter_madgwick_node-3] [INFO] [1770686602.495375767] [imu_filter]: Parameter RLController.pid_ki_lin set to 0.000000
[imu_filter_madgwick_node-3] [INFO] [1770686602.495701119] [imu_filter]: Parameter RLController.pid_kd_lin set to 0.026624
[imu_filter_madgwick_node-3] [INFO] [1770686602.495872355] [imu_filter]: Parameter RLController.pid_kp_ang set to 1.234463
[imu_filter_madgwick_node-3] [INFO] [1770686602.495964997] [imu_filter]: Parameter RLController.pid_ki_ang set to 0.000000
[imu_filter_madgwick_node-3] [INFO] [1770686602.496101929] [imu_filter]: Parameter RLController.pid_kd_ang set to 0.097743
[imu_filter_madgwick_node-3] [INFO] [1770686602.917524936] [imu_filter]: Parameter RLController.pid_kp_lin set to 1.207360
[imu_filter_madgwick_node-3] [INFO] [1770686602.917758574] [imu_filter]: Parameter RLController.pid_ki_lin set to 0.000000
[imu_filter_madgwick_node-3] [INFO] [1770686602.917835248] [imu_filter]: Parameter RLController.pid_kd_lin set to 0.026515
[imu_filter_madgwick_node-3] [INFO] [1770686602.917908658] [imu_filter]: Parameter RLController.pid_kp_ang set to 1.234463
[imu_filter_madgwick_node-3] [INFO] [1770686602.917973939] [imu_filter]: Parameter RLController.pid_ki_ang set to 0.000000
[imu_filter_madgwick_node-3] [INFO] [1770686602.918036213] [imu_filter]: Parameter RLController.pid_kd_ang set to 0.097743
[imu_filter_madgwick_node-3] [INFO] [1770686603.331993754] [imu_filter]: Parameter RLController.pid_kp_lin set to 1.207360
[imu_filter_madgwick_node-3] [INFO] [1770686603.333900010] [imu_filter]: Parameter RLController.pid_ki_lin set to 0.000000
[imu_filter_madgwick_node-3] [INFO] [1770686603.334088846] [imu_filter]: Parameter RLController.pid_kd_lin set to 0.026405
[imu_filter_madgwick_node-3] [INFO] [1770686603.334282899] [imu_filter]: Parameter RLController.pid_kp_ang set to 1.234463
[imu_filter_madgwick_node-3] [INFO] [1770686603.334363509] [imu_filter]: Parameter RLController.pid_ki_ang set to 0.000000
[imu_filter_madgwick_node-3] [INFO] [1770686603.334430039] [imu_filter]: Parameter RLController.pid_kd_ang set to 0.097743
[imu_filter_madgwick_node-3] [INFO] [1770686603.748671396] [imu_filter]: Parameter RLController.pid_kp_lin set to 1.207360
[imu_filter_madgwick_node-3] [INFO] [1770686603.748870088] [imu_filter]: Parameter RLController.pid_ki_lin set to 0.000000
[imu_filter_madgwick_node-3] [INFO] [1770686603.748948778] [imu_filter]: Parameter RLController.pid_kd_lin set to 0.026296
[imu_filter_madgwick_node-3] [INFO] [1770686603.749014668] [imu_filter]: Parameter RLController.pid_kp_ang set to 1.234463
[imu_filter_madgwick_node-3] [INFO] [1770686603.749073390] [imu_filter]: Parameter RLController.pid_ki_ang set to 0.000000
[imu_filter_madgwick_node-3] [INFO] [1770686603.749132367] [imu_filter]: Parameter RLController.pid_kd_ang set to 0.097743
[imu_filter_madgwick_node-3] [INFO] [1770686604.163351419] [imu_filter]: Parameter RLController.pid_kp_lin set to 1.207360
[imu_filter_madgwick_node-3] [INFO] [1770686604.163725572] [imu_filter]: Parameter RLController.pid_ki_lin set to 0.000000
[imu_filter_madgwick_node-3] [INFO] [1770686604.163931593] [imu_filter]: Parameter RLController.pid_kd_lin set to 0.026187
[imu_filter_madgwick_node-3] [INFO] [1770686604.164014444] [imu_filter]: Parameter RLController.pid_kp_ang set to 1.234463
[imu_filter_madgwick_node-3] [INFO] [1770686604.164080173] [imu_filter]: Parameter RLController.pid_ki_ang set to 0.000000
[imu_filter_madgwick_node-3] [INFO] [1770686604.164141647] [imu_filter]: Parameter RLController.pid_kd_ang set to 0.097743
[imu_filter_madgwick_node-3] [INFO] [1770686604.567668560] [imu_filter]: Parameter RLController.pid_kp_lin set to 1.207360
[imu_filter_madgwick_node-3] [INFO] [1770686604.567878070] [imu_filter]: Parameter RLController.pid_ki_lin set to 0.000000
[imu_filter_madgwick_node-3] [INFO] [1770686604.567951063] [imu_filter]: Parameter RLController.pid_kd_lin set to 0.026078
[imu_filter_madgwick_node-3] [INFO] [1770686604.569955881] [imu_filter]: Parameter RLController.pid_kp_ang set to 1.234463
[imu_filter_madgwick_node-3] [INFO] [1770686604.571300395] [imu_filter]: Parameter RLController.pid_ki_ang set to 0.000000
[imu_filter_madgwick_node-3] [INFO] [1770686604.571572818] [imu_filter]: Parameter RLController.pid_kd_ang set to 0.097743
[imu_filter_madgwick_node-3] [INFO] [1770686604.986276458] [imu_filter]: Parameter RLController.pid_kp_lin set to 1.207360
[imu_filter_madgwick_node-3] [INFO] [1770686604.987155552] [imu_filter]: Parameter RLController.pid_ki_lin set to 0.000000
[imu_filter_madgwick_node-3] [INFO] [1770686604.987288515] [imu_filter]: Parameter RLController.pid_kd_lin set to 0.025969
[imu_filter_madgwick_node-3] [INFO] [1770686604.987361605] [imu_filter]: Parameter RLController.pid_kp_ang set to 1.234463
[imu_filter_madgwick_node-3] [INFO] [1770686604.987413958] [imu_filter]: Parameter RLController.pid_ki_ang set to 0.000000
[imu_filter_madgwick_node-3] [INFO] [1770686604.987705357] [imu_filter]: Parameter RLController.pid_kd_ang set to 0.097743
[imu_filter_madgwick_node-3] [INFO] [1770686605.412838185] [imu_filter]: Parameter RLController.pid_kp_lin set to 1.207360
[imu_filter_madgwick_node-3] [INFO] [1770686605.415513868] [imu_filter]: Parameter RLController.pid_ki_lin set to 0.000000
[imu_filter_madgwick_node-3] [INFO] [1770686605.415691312] [imu_filter]: Parameter RLController.pid_kd_lin set to 0.025860
[imu_filter_madgwick_node-3] [INFO] [1770686605.415763634] [imu_filter]: Parameter RLController.pid_kp_ang set to 1.234463
[imu_filter_madgwick_node-3] [INFO] [1770686605.415830132] [imu_filter]: Parameter RLController.pid_ki_ang set to 0.000000
[imu_filter_madgwick_node-3] [INFO] [1770686605.415887893] [imu_filter]: Parameter RLController.pid_kd_ang set to 0.097743
[imu_filter_madgwick_node-3] [INFO] [1770686605.840326528] [imu_filter]: Parameter RLController.pid_kp_lin set to 1.207360
[imu_filter_madgwick_node-3] [INFO] [1770686605.840658952] [imu_filter]: Parameter RLController.pid_ki_lin set to 0.000000
[imu_filter_madgwick_node-3] [INFO] [1770686605.840742154] [imu_filter]: Parameter RLController.pid_kd_lin set to 0.025751
[imu_filter_madgwick_node-3] [INFO] [1770686605.840809644] [imu_filter]: Parameter RLController.pid_kp_ang set to 1.234463
[imu_filter_madgwick_node-3] [INFO] [1770686605.840869453] [imu_filter]: Parameter RLController.pid_ki_ang set to 0.000000
[imu_filter_madgwick_node-3] [INFO] [1770686605.840928527] [imu_filter]: Parameter RLController.pid_kd_ang set to 0.097743
[imu_filter_madgwick_node-3] [INFO] [1770686606.258768437] [imu_filter]: Parameter RLController.pid_kp_lin set to 1.207360
[imu_filter_madgwick_node-3] [INFO] [1770686606.258985530] [imu_filter]: Parameter RLController.pid_ki_lin set to 0.000000
[imu_filter_madgwick_node-3] [INFO] [1770686606.259063996] [imu_filter]: Parameter RLController.pid_kd_lin set to 0.025642
[imu_filter_madgwick_node-3] [INFO] [1770686606.259127934] [imu_filter]: Parameter RLController.pid_kp_ang set to 1.234463
[imu_filter_madgwick_node-3] [INFO] [1770686606.259185279] [imu_filter]: Parameter RLController.pid_ki_ang set to 0.000000
[imu_filter_madgwick_node-3] [INFO] [1770686606.259243329] [imu_filter]: Parameter RLController.pid_kd_ang set to 0.097743
[imu_filter_madgwick_node-3] [INFO] [1770686606.686408687] [imu_filter]: Parameter RLController.pid_kp_lin set to 1.207360
[imu_filter_madgwick_node-3] [INFO] [1770686606.686640981] [imu_filter]: Parameter RLController.pid_ki_lin set to 0.000000
[imu_filter_madgwick_node-3] [INFO] [1770686606.686863738] [imu_filter]: Parameter RLController.pid_kd_lin set to 0.025533
[imu_filter_madgwick_node-3] [INFO] [1770686606.686992606] [imu_filter]: Parameter RLController.pid_kp_ang set to 1.234463
[imu_filter_madgwick_node-3] [INFO] [1770686606.687068671] [imu_filter]: Parameter RLController.pid_ki_ang set to 0.000000
[imu_filter_madgwick_node-3] [INFO] [1770686606.687133889] [imu_filter]: Parameter RLController.pid_kd_ang set to 0.097743
[imu_filter_madgwick_node-3] [INFO] [1770686607.109994884] [imu_filter]: Parameter RLController.pid_kp_lin set to 1.207360
[imu_filter_madgwick_node-3] [INFO] [1770686607.110215242] [imu_filter]: Parameter RLController.pid_ki_lin set to 0.000000
[imu_filter_madgwick_node-3] [INFO] [1770686607.110292428] [imu_filter]: Parameter RLController.pid_kd_lin set to 0.025424
[imu_filter_madgwick_node-3] [INFO] [1770686607.110357133] [imu_filter]: Parameter RLController.pid_kp_ang set to 1.234463
[imu_filter_madgwick_node-3] [INFO] [1770686607.110419823] [imu_filter]: Parameter RLController.pid_ki_ang set to 0.000000
[imu_filter_madgwick_node-3] [INFO] [1770686607.110478544] [imu_filter]: Parameter RLController.pid_kd_ang set to 0.097743
[imu_filter_madgwick_node-3] [INFO] [1770686607.542114894] [imu_filter]: Parameter RLController.pid_kp_lin set to 1.207360
[imu_filter_madgwick_node-3] [INFO] [1770686607.542446518] [imu_filter]: Parameter RLController.pid_ki_lin set to 0.000000
[imu_filter_madgwick_node-3] [INFO] [1770686607.542637051] [imu_filter]: Parameter RLController.pid_kd_lin set to 0.025315
[imu_filter_madgwick_node-3] [INFO] [1770686607.542708893] [imu_filter]: Parameter RLController.pid_kp_ang set to 1.234463
[imu_filter_madgwick_node-3] [INFO] [1770686607.542772350] [imu_filter]: Parameter RLController.pid_ki_ang set to 0.000000
[imu_filter_madgwick_node-3] [INFO] [1770686607.542834848] [imu_filter]: Parameter RLController.pid_kd_ang set to 0.097743
[imu_filter_madgwick_node-3] [INFO] [1770686607.977801713] [imu_filter]: Parameter RLController.pid_kp_lin set to 1.207360
[imu_filter_madgwick_node-3] [INFO] [1770686607.978003862] [imu_filter]: Parameter RLController.pid_ki_lin set to 0.000000
[imu_filter_madgwick_node-3] [INFO] [1770686607.978083128] [imu_filter]: Parameter RLController.pid_kd_lin set to 0.025206
[imu_filter_madgwick_node-3] [INFO] [1770686607.978148441] [imu_filter]: Parameter RLController.pid_kp_ang set to 1.234463
[imu_filter_madgwick_node-3] [INFO] [1770686607.978208123] [imu_filter]: Parameter RLController.pid_ki_ang set to 0.000000
[imu_filter_madgwick_node-3] [INFO] [1770686607.978267964] [imu_filter]: Parameter RLController.pid_kd_ang set to 0.097743
[imu_filter_madgwick_node-3] [INFO] [1770686608.386002055] [imu_filter]: Parameter RLController.pid_kp_lin set to 1.207360
[imu_filter_madgwick_node-3] [INFO] [1770686608.386232365] [imu_filter]: Parameter RLController.pid_ki_lin set to 0.000000
[imu_filter_madgwick_node-3] [INFO] [1770686608.386887613] [imu_filter]: Parameter RLController.pid_kd_lin set to 0.025097
[imu_filter_madgwick_node-3] [INFO] [1770686608.387024416] [imu_filter]: Parameter RLController.pid_kp_ang set to 1.234463
[imu_filter_madgwick_node-3] [INFO] [1770686608.387095426] [imu_filter]: Parameter RLController.pid_ki_ang set to 0.000000
[imu_filter_madgwick_node-3] [INFO] [1770686608.387162564] [imu_filter]: Parameter RLController.pid_kd_ang set to 0.097743
[imu_filter_madgwick_node-3] [INFO] [1770686608.819844636] [imu_filter]: Parameter RLController.pid_kp_lin set to 1.207360
[imu_filter_madgwick_node-3] [INFO] [1770686608.820223717] [imu_filter]: Parameter RLController.pid_ki_lin set to 0.000000
[imu_filter_madgwick_node-3] [INFO] [1770686608.820326184] [imu_filter]: Parameter RLController.pid_kd_lin set to 0.024988
[imu_filter_madgwick_node-3] [INFO] [1770686608.820406346] [imu_filter]: Parameter RLController.pid_kp_ang set to 1.234463
[imu_filter_madgwick_node-3] [INFO] [1770686608.820476075] [imu_filter]: Parameter RLController.pid_ki_ang set to 0.000000
[imu_filter_madgwick_node-3] [INFO] [1770686608.820536877] [imu_filter]: Parameter RLController.pid_kd_ang set to 0.097743
[imu_filter_madgwick_node-3] [INFO] [1770686609.227299391] [imu_filter]: Parameter RLController.pid_kp_lin set to 1.207360
[imu_filter_madgwick_node-3] [INFO] [1770686609.227527717] [imu_filter]: Parameter RLController.pid_ki_lin set to 0.000000
[imu_filter_madgwick_node-3] [INFO] [1770686609.227598695] [imu_filter]: Parameter RLController.pid_kd_lin set to 0.024879
[imu_filter_madgwick_node-3] [INFO] [1770686609.227663112] [imu_filter]: Parameter RLController.pid_kp_ang set to 1.234463
[imu_filter_madgwick_node-3] [INFO] [1770686609.227720522] [imu_filter]: Parameter RLController.pid_ki_ang set to 0.000000
[imu_filter_madgwick_node-3] [INFO] [1770686609.227788459] [imu_filter]: Parameter RLController.pid_kd_ang set to 0.097743
[imu_filter_madgwick_node-3] [INFO] [1770686609.644933312] [imu_filter]: Parameter RLController.pid_kp_lin set to 1.207360
[imu_filter_madgwick_node-3] [INFO] [1770686609.652311416] [imu_filter]: Parameter RLController.pid_ki_lin set to 0.000000
[imu_filter_madgwick_node-3] [INFO] [1770686609.652702754] [imu_filter]: Parameter RLController.pid_kd_lin set to 0.024770
[imu_filter_madgwick_node-3] [INFO] [1770686609.652813124] [imu_filter]: Parameter RLController.pid_kp_ang set to 1.234463
[imu_filter_madgwick_node-3] [INFO] [1770686609.652884582] [imu_filter]: Parameter RLController.pid_ki_ang set to 0.000000
[imu_filter_madgwick_node-3] [INFO] [1770686609.652948200] [imu_filter]: Parameter RLController.pid_kd_ang set to 0.097743
[imu_filter_madgwick_node-3] [INFO] [1770686610.065721488] [imu_filter]: Parameter RLController.pid_kp_lin set to 1.207360
[imu_filter_madgwick_node-3] [INFO] [1770686610.065949429] [imu_filter]: Parameter RLController.pid_ki_lin set to 0.000000
[imu_filter_madgwick_node-3] [INFO] [1770686610.066032215] [imu_filter]: Parameter RLController.pid_kd_lin set to 0.024661
[imu_filter_madgwick_node-3] [INFO] [1770686610.066101369] [imu_filter]: Parameter RLController.pid_kp_ang set to 1.234463
[imu_filter_madgwick_node-3] [INFO] [1770686610.071167031] [imu_filter]: Parameter RLController.pid_ki_ang set to 0.000000
[imu_filter_madgwick_node-3] [INFO] [1770686610.071510464] [imu_filter]: Parameter RLController.pid_kd_ang set to 0.097743
[imu_filter_madgwick_node-3] [INFO] [1770686610.480411335] [imu_filter]: Parameter RLController.pid_kp_lin set to 1.207360
[imu_filter_madgwick_node-3] [INFO] [1770686610.480610476] [imu_filter]: Parameter RLController.pid_ki_lin set to 0.000000
[imu_filter_madgwick_node-3] [INFO] [1770686610.480840146] [imu_filter]: Parameter RLController.pid_kd_lin set to 0.024552
[imu_filter_madgwick_node-3] [INFO] [1770686610.481154522] [imu_filter]: Parameter RLController.pid_kp_ang set to 1.234463
[imu_filter_madgwick_node-3] [INFO] [1770686610.481235132] [imu_filter]: Parameter RLController.pid_ki_ang set to 0.000000
[imu_filter_madgwick_node-3] [INFO] [1770686610.481306974] [imu_filter]: Parameter RLController.pid_kd_ang set to 0.097743
[imu_filter_madgwick_node-3] [INFO] [1770686610.893169871] [imu_filter]: Parameter RLController.pid_kp_lin set to 1.207360
[imu_filter_madgwick_node-3] [INFO] [1770686610.895416359] [imu_filter]: Parameter RLController.pid_ki_lin set to 0.000000
[imu_filter_madgwick_node-3] [INFO] [1770686610.895603852] [imu_filter]: Parameter RLController.pid_kd_lin set to 0.024443
[imu_filter_madgwick_node-3] [INFO] [1770686610.895808785] [imu_filter]: Parameter RLController.pid_kp_ang set to 1.234463
[imu_filter_madgwick_node-3] [INFO] [1770686610.895877587] [imu_filter]: Parameter RLController.pid_ki_ang set to 0.000000
[imu_filter_madgwick_node-3] [INFO] [1770686610.895938132] [imu_filter]: Parameter RLController.pid_kd_ang set to 0.097743
[imu_filter_madgwick_node-3] [INFO] [1770686611.307221559] [imu_filter]: Parameter RLController.pid_kp_lin set to 1.207360
[imu_filter_madgwick_node-3] [INFO] [1770686611.307447133] [imu_filter]: Parameter RLController.pid_ki_lin set to 0.000000
[imu_filter_madgwick_node-3] [INFO] [1770686611.307531999] [imu_filter]: Parameter RLController.pid_kd_lin set to 0.024334
[imu_filter_madgwick_node-3] [INFO] [1770686611.307603008] [imu_filter]: Parameter RLController.pid_kp_ang set to 1.234463
[imu_filter_madgwick_node-3] [INFO] [1770686611.307715939] [imu_filter]: Parameter RLController.pid_ki_ang set to 0.000000
[imu_filter_madgwick_node-3] [INFO] [1770686611.307786213] [imu_filter]: Parameter RLController.pid_kd_ang set to 0.097743
[imu_filter_madgwick_node-3] [INFO] [1770686611.731649857] [imu_filter]: Parameter RLController.pid_kp_lin set to 1.207360
[imu_filter_madgwick_node-3] [INFO] [1770686611.733475951] [imu_filter]: Parameter RLController.pid_ki_lin set to 0.000000
[imu_filter_madgwick_node-3] [INFO] [1770686611.733789526] [imu_filter]: Parameter RLController.pid_kd_lin set to 0.024225
[imu_filter_madgwick_node-3] [INFO] [1770686611.733884889] [imu_filter]: Parameter RLController.pid_kp_ang set to 1.234463
[imu_filter_madgwick_node-3] [INFO] [1770686611.733957275] [imu_filter]: Parameter RLController.pid_ki_ang set to 0.000000
[imu_filter_madgwick_node-3] [INFO] [1770686611.734028092] [imu_filter]: Parameter RLController.pid_kd_ang set to 0.097743
[imu_filter_madgwick_node-3] [INFO] [1770686612.143999775] [imu_filter]: Parameter RLController.pid_kp_lin set to 1.207360
[imu_filter_madgwick_node-3] [INFO] [1770686612.144375496] [imu_filter]: Parameter RLController.pid_ki_lin set to 0.000000
[imu_filter_madgwick_node-3] [INFO] [1770686612.144468330] [imu_filter]: Parameter RLController.pid_kd_lin set to 0.024116
[imu_filter_madgwick_node-3] [INFO] [1770686612.144535084] [imu_filter]: Parameter RLController.pid_kp_ang set to 1.234463
[imu_filter_madgwick_node-3] [INFO] [1770686612.144597102] [imu_filter]: Parameter RLController.pid_ki_ang set to 0.000000
[imu_filter_madgwick_node-3] [INFO] [1770686612.144665039] [imu_filter]: Parameter RLController.pid_kd_ang set to 0.097743
[imu_filter_madgwick_node-3] [INFO] [1770686612.554621393] [imu_filter]: Parameter RLController.pid_kp_lin set to 1.207360
[imu_filter_madgwick_node-3] [INFO] [1770686612.554840471] [imu_filter]: Parameter RLController.pid_ki_lin set to 0.000000
[imu_filter_madgwick_node-3] [INFO] [1770686612.554910264] [imu_filter]: Parameter RLController.pid_kd_lin set to 0.024007
[imu_filter_madgwick_node-3] [INFO] [1770686612.554991098] [imu_filter]: Parameter RLController.pid_kp_ang set to 1.234463
[imu_filter_madgwick_node-3] [INFO] [1770686612.555053916] [imu_filter]: Parameter RLController.pid_ki_ang set to 0.000000
[imu_filter_madgwick_node-3] [INFO] [1770686612.555113597] [imu_filter]: Parameter RLController.pid_kd_ang set to 0.097743
[imu_filter_madgwick_node-3] [INFO] [1770686612.965811250] [imu_filter]: Parameter RLController.pid_kp_lin set to 1.207360
[imu_filter_madgwick_node-3] [INFO] [1770686612.966017719] [imu_filter]: Parameter RLController.pid_ki_lin set to 0.000000
[imu_filter_madgwick_node-3] [INFO] [1770686612.966090137] [imu_filter]: Parameter RLController.pid_kd_lin set to 0.023898
[imu_filter_madgwick_node-3] [INFO] [1770686612.968150764] [imu_filter]: Parameter RLController.pid_kp_ang set to 1.234463
[imu_filter_madgwick_node-3] [INFO] [1770686612.968477652] [imu_filter]: Parameter RLController.pid_ki_ang set to 0.000000
[imu_filter_madgwick_node-3] [INFO] [1770686612.968557718] [imu_filter]: Parameter RLController.pid_kd_ang set to 0.097743
[imu_filter_madgwick_node-3] [INFO] [1770686613.395212792] [imu_filter]: Parameter RLController.pid_kp_lin set to 1.207360
[imu_filter_madgwick_node-3] [INFO] [1770686613.395436253] [imu_filter]: Parameter RLController.pid_ki_lin set to 0.000000
[imu_filter_madgwick_node-3] [INFO] [1770686613.395621250] [imu_filter]: Parameter RLController.pid_kd_lin set to 0.023789
[imu_filter_madgwick_node-3] [INFO] [1770686613.395693092] [imu_filter]: Parameter RLController.pid_kp_ang set to 1.234463
[imu_filter_madgwick_node-3] [INFO] [1770686613.395760933] [imu_filter]: Parameter RLController.pid_ki_ang set to 0.000000
[imu_filter_madgwick_node-3] [INFO] [1770686613.395929290] [imu_filter]: Parameter RLController.pid_kd_ang set to 0.097743
[imu_filter_madgwick_node-3] [INFO] [1770686613.823419552] [imu_filter]: Parameter RLController.pid_kp_lin set to 1.207360
[imu_filter_madgwick_node-3] [INFO] [1770686613.835576015] [imu_filter]: Parameter RLController.pid_ki_lin set to 0.000000
[imu_filter_madgwick_node-3] [INFO] [1770686613.835782388] [imu_filter]: Parameter RLController.pid_kd_lin set to 0.023680
[imu_filter_madgwick_node-3] [INFO] [1770686613.835874998] [imu_filter]: Parameter RLController.pid_kp_ang set to 1.234463
[imu_filter_madgwick_node-3] [INFO] [1770686613.835944696] [imu_filter]: Parameter RLController.pid_ki_ang set to 0.000000
[imu_filter_madgwick_node-3] [INFO] [1770686613.836115068] [imu_filter]: Parameter RLController.pid_kd_ang set to 0.097743
[imu_filter_madgwick_node-3] [INFO] [1770686614.251537702] [imu_filter]: Parameter RLController.pid_kp_lin set to 1.207360
[imu_filter_madgwick_node-3] [INFO] [1770686614.257566204] [imu_filter]: Parameter RLController.pid_ki_lin set to 0.000000
[imu_filter_madgwick_node-3] [INFO] [1770686614.257765441] [imu_filter]: Parameter RLController.pid_kd_lin set to 0.023572
[imu_filter_madgwick_node-3] [INFO] [1770686614.257975495] [imu_filter]: Parameter RLController.pid_kp_ang set to 1.234463
[imu_filter_madgwick_node-3] [INFO] [1770686614.258037992] [imu_filter]: Parameter RLController.pid_ki_ang set to 0.000000
[imu_filter_madgwick_node-3] [INFO] [1770686614.258385969] [imu_filter]: Parameter RLController.pid_kd_ang set to 0.097743
[imu_filter_madgwick_node-3] [INFO] [1770686614.672905892] [imu_filter]: Parameter RLController.pid_kp_lin set to 1.207360
[imu_filter_madgwick_node-3] [INFO] [1770686614.673096009] [imu_filter]: Parameter RLController.pid_ki_lin set to 0.000000
[imu_filter_madgwick_node-3] [INFO] [1770686614.673168907] [imu_filter]: Parameter RLController.pid_kd_lin set to 0.023463
[imu_filter_madgwick_node-3] [INFO] [1770686614.673237709] [imu_filter]: Parameter RLController.pid_kp_ang set to 1.234463
[imu_filter_madgwick_node-3] [INFO] [1770686614.673295342] [imu_filter]: Parameter RLController.pid_ki_ang set to 0.000000
[imu_filter_madgwick_node-3] [INFO] [1770686614.673352335] [imu_filter]: Parameter RLController.pid_kd_ang set to 0.097743
[imu_filter_madgwick_node-3] [INFO] [1770686615.091376506] [imu_filter]: Parameter RLController.pid_kp_lin set to 1.207360
[imu_filter_madgwick_node-3] [INFO] [1770686615.093814231] [imu_filter]: Parameter RLController.pid_ki_lin set to 0.000000
[imu_filter_madgwick_node-3] [INFO] [1770686615.093997563] [imu_filter]: Parameter RLController.pid_kd_lin set to 0.023354
[imu_filter_madgwick_node-3] [INFO] [1770686615.094073789] [imu_filter]: Parameter RLController.pid_kp_ang set to 1.234463
[imu_filter_madgwick_node-3] [INFO] [1770686615.094153791] [imu_filter]: Parameter RLController.pid_ki_ang set to 0.000000
[imu_filter_madgwick_node-3] [INFO] [1770686615.094216481] [imu_filter]: Parameter RLController.pid_kd_ang set to 0.097743
[imu_filter_madgwick_node-3] [INFO] [1770686615.507562103] [imu_filter]: Parameter RLController.pid_kp_lin set to 1.207360
[imu_filter_madgwick_node-3] [INFO] [1770686615.509735309] [imu_filter]: Parameter RLController.pid_ki_lin set to 0.000000
[imu_filter_madgwick_node-3] [INFO] [1770686615.509904657] [imu_filter]: Parameter RLController.pid_kd_lin set to 0.023245
[imu_filter_madgwick_node-3] [INFO] [1770686615.509983923] [imu_filter]: Parameter RLController.pid_kp_ang set to 1.234463
[imu_filter_madgwick_node-3] [INFO] [1770686615.510047445] [imu_filter]: Parameter RLController.pid_ki_ang set to 0.000000
[imu_filter_madgwick_node-3] [INFO] [1770686615.510106999] [imu_filter]: Parameter RLController.pid_kd_ang set to 0.097743
[imu_filter_madgwick_node-3] [INFO] [1770686615.928358503] [imu_filter]: Parameter RLController.pid_kp_lin set to 1.207533
[imu_filter_madgwick_node-3] [INFO] [1770686615.928715248] [imu_filter]: Parameter RLController.pid_ki_lin set to 0.000000
[imu_filter_madgwick_node-3] [INFO] [1770686615.928799570] [imu_filter]: Parameter RLController.pid_kd_lin set to 0.023175
[imu_filter_madgwick_node-3] [INFO] [1770686615.928864372] [imu_filter]: Parameter RLController.pid_kp_ang set to 1.234463
[imu_filter_madgwick_node-3] [INFO] [1770686615.928921589] [imu_filter]: Parameter RLController.pid_ki_ang set to 0.000000
[imu_filter_madgwick_node-3] [INFO] [1770686615.928978198] [imu_filter]: Parameter RLController.pid_kd_ang set to 0.097743
[imu_filter_madgwick_node-3] [INFO] [1770686616.354924966] [imu_filter]: Parameter RLController.pid_kp_lin set to 1.207854
[imu_filter_madgwick_node-3] [INFO] [1770686616.355259983] [imu_filter]: Parameter RLController.pid_ki_lin set to 0.000000
[imu_filter_madgwick_node-3] [INFO] [1770686616.355363089] [imu_filter]: Parameter RLController.pid_kd_lin set to 0.023125
[imu_filter_madgwick_node-3] [INFO] [1770686616.355580983] [imu_filter]: Parameter RLController.pid_kp_ang set to 1.234463
[imu_filter_madgwick_node-3] [INFO] [1770686616.356370154] [imu_filter]: Parameter RLController.pid_ki_ang set to 0.000000
[imu_filter_madgwick_node-3] [INFO] [1770686616.356488493] [imu_filter]: Parameter RLController.pid_kd_ang set to 0.097743
[imu_filter_madgwick_node-3] [INFO] [1770686616.794782705] [imu_filter]: Parameter RLController.pid_kp_lin set to 1.208304
[imu_filter_madgwick_node-3] [INFO] [1770686616.796862053] [imu_filter]: Parameter RLController.pid_ki_lin set to 0.000000
[imu_filter_madgwick_node-3] [INFO] [1770686616.797049993] [imu_filter]: Parameter RLController.pid_kd_lin set to 0.023125
[imu_filter_madgwick_node-3] [INFO] [1770686616.797131948] [imu_filter]: Parameter RLController.pid_kp_ang set to 1.234463
[imu_filter_madgwick_node-3] [INFO] [1770686616.797193645] [imu_filter]: Parameter RLController.pid_ki_ang set to 0.000000
[imu_filter_madgwick_node-3] [INFO] [1770686616.797253967] [imu_filter]: Parameter RLController.pid_kd_ang set to 0.097743
[imu_filter_madgwick_node-3] [INFO] [1770686617.210542083] [imu_filter]: Parameter RLController.pid_kp_lin set to 1.208844
[imu_filter_madgwick_node-3] [INFO] [1770686617.215724100] [imu_filter]: Parameter RLController.pid_ki_lin set to 0.000000
[imu_filter_madgwick_node-3] [INFO] [1770686617.216062957] [imu_filter]: Parameter RLController.pid_kd_lin set to 0.023125
[imu_filter_madgwick_node-3] [INFO] [1770686617.216155599] [imu_filter]: Parameter RLController.pid_kp_ang set to 1.234463
[imu_filter_madgwick_node-3] [INFO] [1770686617.216248113] [imu_filter]: Parameter RLController.pid_ki_ang set to 0.000000
[imu_filter_madgwick_node-3] [INFO] [1770686617.216315635] [imu_filter]: Parameter RLController.pid_kd_ang set to 0.097743
[imu_filter_madgwick_node-3] [INFO] [1770686617.632527793] [imu_filter]: Parameter RLController.pid_kp_lin set to 1.209384
[imu_filter_madgwick_node-3] [INFO] [1770686617.632723830] [imu_filter]: Parameter RLController.pid_ki_lin set to 0.000000
[imu_filter_madgwick_node-3] [INFO] [1770686617.632798968] [imu_filter]: Parameter RLController.pid_kd_lin set to 0.023125
[imu_filter_madgwick_node-3] [INFO] [1770686617.632866169] [imu_filter]: Parameter RLController.pid_kp_ang set to 1.234463
[imu_filter_madgwick_node-3] [INFO] [1770686617.632924027] [imu_filter]: Parameter RLController.pid_ki_ang set to 0.000000
[imu_filter_madgwick_node-3] [INFO] [1770686617.632980092] [imu_filter]: Parameter RLController.pid_kd_ang set to 0.097743
[imu_filter_madgwick_node-3] [INFO] [1770686618.048097566] [imu_filter]: Parameter RLController.pid_kp_lin set to 1.209924
[imu_filter_madgwick_node-3] [INFO] [1770686618.048331172] [imu_filter]: Parameter RLController.pid_ki_lin set to 0.000000
[imu_filter_madgwick_node-3] [INFO] [1770686618.048411238] [imu_filter]: Parameter RLController.pid_kd_lin set to 0.023125
[imu_filter_madgwick_node-3] [INFO] [1770686618.048480040] [imu_filter]: Parameter RLController.pid_kp_ang set to 1.234463
[imu_filter_madgwick_node-3] [INFO] [1770686618.048539593] [imu_filter]: Parameter RLController.pid_ki_ang set to 0.000000
[imu_filter_madgwick_node-3] [INFO] [1770686618.048592363] [imu_filter]: Parameter RLController.pid_kd_ang set to 0.097743
[imu_filter_madgwick_node-3] [INFO] [1770686618.467837748] [imu_filter]: Parameter RLController.pid_kp_lin set to 1.210464
[imu_filter_madgwick_node-3] [INFO] [1770686618.468045433] [imu_filter]: Parameter RLController.pid_ki_lin set to 0.000000
[imu_filter_madgwick_node-3] [INFO] [1770686618.468120347] [imu_filter]: Parameter RLController.pid_kd_lin set to 0.023125
[imu_filter_madgwick_node-3] [INFO] [1770686618.468222557] [imu_filter]: Parameter RLController.pid_kp_ang set to 1.234463
[imu_filter_madgwick_node-3] [INFO] [1770686618.468293759] [imu_filter]: Parameter RLController.pid_ki_ang set to 0.000000
[imu_filter_madgwick_node-3] [INFO] [1770686618.468358849] [imu_filter]: Parameter RLController.pid_kd_ang set to 0.097743
[imu_filter_madgwick_node-3] [INFO] [1770686618.884751843] [imu_filter]: Parameter RLController.pid_kp_lin set to 1.211003
[imu_filter_madgwick_node-3] [INFO] [1770686618.884966792] [imu_filter]: Parameter RLController.pid_ki_lin set to 0.000000
[imu_filter_madgwick_node-3] [INFO] [1770686618.885035946] [imu_filter]: Parameter RLController.pid_kd_lin set to 0.023125
[imu_filter_madgwick_node-3] [INFO] [1770686618.885105356] [imu_filter]: Parameter RLController.pid_kp_ang set to 1.234463
[imu_filter_madgwick_node-3] [INFO] [1770686618.885164045] [imu_filter]: Parameter RLController.pid_ki_ang set to 0.000000
[imu_filter_madgwick_node-3] [INFO] [1770686618.885223087] [imu_filter]: Parameter RLController.pid_kd_ang set to 0.097743
[imu_filter_madgwick_node-3] [INFO] [1770686619.306073536] [imu_filter]: Parameter RLController.pid_kp_lin set to 1.211293
[imu_filter_madgwick_node-3] [INFO] [1770686619.306298214] [imu_filter]: Parameter RLController.pid_ki_lin set to 0.000000
[imu_filter_madgwick_node-3] [INFO] [1770686619.306378568] [imu_filter]: Parameter RLController.pid_kd_lin set to 0.023181
[imu_filter_madgwick_node-3] [INFO] [1770686619.306445321] [imu_filter]: Parameter RLController.pid_kp_ang set to 1.234463
[imu_filter_madgwick_node-3] [INFO] [1770686619.306509323] [imu_filter]: Parameter RLController.pid_ki_ang set to 0.000000
[imu_filter_madgwick_node-3] [INFO] [1770686619.306613165] [imu_filter]: Parameter RLController.pid_kd_ang set to 0.097743
[imu_filter_madgwick_node-3] [INFO] [1770686619.735048539] [imu_filter]: Parameter RLController.pid_kp_lin set to 1.211293
[imu_filter_madgwick_node-3] [INFO] [1770686619.737366421] [imu_filter]: Parameter RLController.pid_ki_lin set to 0.000000
[imu_filter_madgwick_node-3] [INFO] [1770686619.737689693] [imu_filter]: Parameter RLController.pid_kd_lin set to 0.023278
[imu_filter_madgwick_node-3] [INFO] [1770686619.737773599] [imu_filter]: Parameter RLController.pid_kp_ang set to 1.234463
[imu_filter_madgwick_node-3] [INFO] [1770686619.737831809] [imu_filter]: Parameter RLController.pid_ki_ang set to 0.000000
[imu_filter_madgwick_node-3] [INFO] [1770686619.737889378] [imu_filter]: Parameter RLController.pid_kd_ang set to 0.097743
[imu_filter_madgwick_node-3] [INFO] [1770686620.140766740] [imu_filter]: Parameter RLController.pid_kp_lin set to 1.211113
[imu_filter_madgwick_node-3] [INFO] [1770686620.140970137] [imu_filter]: Parameter RLController.pid_ki_lin set to 0.000000
[imu_filter_madgwick_node-3] [INFO] [1770686620.141044891] [imu_filter]: Parameter RLController.pid_kd_lin set to 0.023415
[imu_filter_madgwick_node-3] [INFO] [1770686620.141106396] [imu_filter]: Parameter RLController.pid_kp_ang set to 1.234463
[imu_filter_madgwick_node-3] [INFO] [1770686620.141165054] [imu_filter]: Parameter RLController.pid_ki_ang set to 0.000000
[imu_filter_madgwick_node-3] [INFO] [1770686620.141224607] [imu_filter]: Parameter RLController.pid_kd_ang set to 0.097743
[imu_filter_madgwick_node-3] [INFO] [1770686620.569122880] [imu_filter]: Parameter RLController.pid_kp_lin set to 1.210679
[imu_filter_madgwick_node-3] [INFO] [1770686620.572982304] [imu_filter]: Parameter RLController.pid_ki_lin set to 0.000000
[imu_filter_madgwick_node-3] [INFO] [1770686620.573344681] [imu_filter]: Parameter RLController.pid_kd_lin set to 0.023575
[imu_filter_madgwick_node-3] [INFO] [1770686620.573435851] [imu_filter]: Parameter RLController.pid_kp_ang set to 1.234463
[imu_filter_madgwick_node-3] [INFO] [1770686620.573501517] [imu_filter]: Parameter RLController.pid_ki_ang set to 0.000000
[imu_filter_madgwick_node-3] [INFO] [1770686620.573563726] [imu_filter]: Parameter RLController.pid_kd_ang set to 0.097743
[imu_filter_madgwick_node-3] [INFO] [1770686620.996379600] [imu_filter]: Parameter RLController.pid_kp_lin set to 1.210139
[imu_filter_madgwick_node-3] [INFO] [1770686620.996610614] [imu_filter]: Parameter RLController.pid_ki_lin set to 0.000000
[imu_filter_madgwick_node-3] [INFO] [1770686620.996691672] [imu_filter]: Parameter RLController.pid_kd_lin set to 0.023713
[imu_filter_madgwick_node-3] [INFO] [1770686620.996756698] [imu_filter]: Parameter RLController.pid_kp_ang set to 1.234463
[imu_filter_madgwick_node-3] [INFO] [1770686620.996814331] [imu_filter]: Parameter RLController.pid_ki_ang set to 0.000000
[imu_filter_madgwick_node-3] [INFO] [1770686620.996872125] [imu_filter]: Parameter RLController.pid_kd_ang set to 0.097743
[imu_filter_madgwick_node-3] [INFO] [1770686621.407735573] [imu_filter]: Parameter RLController.pid_kp_lin set to 1.209599
[imu_filter_madgwick_node-3] [INFO] [1770686621.407995676] [imu_filter]: Parameter RLController.pid_ki_lin set to 0.000000
[imu_filter_madgwick_node-3] [INFO] [1770686621.408084030] [imu_filter]: Parameter RLController.pid_kd_lin set to 0.023783
[imu_filter_madgwick_node-3] [INFO] [1770686621.408158560] [imu_filter]: Parameter RLController.pid_kp_ang set to 1.234463
[imu_filter_madgwick_node-3] [INFO] [1770686621.408253122] [imu_filter]: Parameter RLController.pid_ki_ang set to 0.000000
[imu_filter_madgwick_node-3] [INFO] [1770686621.408332548] [imu_filter]: Parameter RLController.pid_kd_ang set to 0.097743
[imu_filter_madgwick_node-3] [INFO] [1770686621.831063236] [imu_filter]: Parameter RLController.pid_kp_lin set to 1.209059
[imu_filter_madgwick_node-3] [INFO] [1770686621.831273001] [imu_filter]: Parameter RLController.pid_ki_lin set to 0.000000
[imu_filter_madgwick_node-3] [INFO] [1770686621.831353131] [imu_filter]: Parameter RLController.pid_kd_lin set to 0.023783
[imu_filter_madgwick_node-3] [INFO] [1770686621.831417069] [imu_filter]: Parameter RLController.pid_kp_ang set to 1.234463
[imu_filter_madgwick_node-3] [INFO] [1770686621.831474542] [imu_filter]: Parameter RLController.pid_ki_ang set to 0.000000
[imu_filter_madgwick_node-3] [INFO] [1770686621.831530672] [imu_filter]: Parameter RLController.pid_kd_ang set to 0.097743
[imu_filter_madgwick_node-3] [INFO] [1770686622.246749333] [imu_filter]: Parameter RLController.pid_kp_lin set to 1.208596
[imu_filter_madgwick_node-3] [INFO] [1770686622.246966362] [imu_filter]: Parameter RLController.pid_ki_lin set to 0.000000
[imu_filter_madgwick_node-3] [INFO] [1770686622.247043900] [imu_filter]: Parameter RLController.pid_kd_lin set to 0.023783
[imu_filter_madgwick_node-3] [INFO] [1770686622.247107870] [imu_filter]: Parameter RLController.pid_kp_ang set to 1.234463
[imu_filter_madgwick_node-3] [INFO] [1770686622.247167871] [imu_filter]: Parameter RLController.pid_ki_ang set to 0.000000
[imu_filter_madgwick_node-3] [INFO] [1770686622.247228705] [imu_filter]: Parameter RLController.pid_kd_ang set to 0.097743
[imu_filter_madgwick_node-3] [INFO] [1770686622.653674379] [imu_filter]: Parameter RLController.pid_kp_lin set to 1.208198
[imu_filter_madgwick_node-3] [INFO] [1770686622.653881360] [imu_filter]: Parameter RLController.pid_ki_lin set to 0.000000
[imu_filter_madgwick_node-3] [INFO] [1770686622.653948466] [imu_filter]: Parameter RLController.pid_kd_lin set to 0.023783
[imu_filter_madgwick_node-3] [INFO] [1770686622.654011859] [imu_filter]: Parameter RLController.pid_kp_ang set to 1.234463
[imu_filter_madgwick_node-3] [INFO] [1770686622.654171575] [imu_filter]: Parameter RLController.pid_ki_ang set to 0.000000
[imu_filter_madgwick_node-3] [INFO] [1770686622.654697764] [imu_filter]: Parameter RLController.pid_kd_ang set to 0.097743
[imu_filter_madgwick_node-3] [INFO] [1770686623.089225546] [imu_filter]: Parameter RLController.pid_kp_lin set to 1.207860
[imu_filter_madgwick_node-3] [INFO] [1770686623.093184045] [imu_filter]: Parameter RLController.pid_ki_lin set to 0.000000
[imu_filter_madgwick_node-3] [INFO] [1770686623.093393842] [imu_filter]: Parameter RLController.pid_kd_lin set to 0.023730
[imu_filter_madgwick_node-3] [INFO] [1770686623.093469460] [imu_filter]: Parameter RLController.pid_kp_ang set to 1.234463
[imu_filter_madgwick_node-3] [INFO] [1770686623.093533941] [imu_filter]: Parameter RLController.pid_ki_ang set to 0.000000
[imu_filter_madgwick_node-3] [INFO] [1770686623.093592887] [imu_filter]: Parameter RLController.pid_kd_ang set to 0.097743
[imu_filter_madgwick_node-3] [INFO] [1770686623.514373958] [imu_filter]: Parameter RLController.pid_kp_lin set to 1.207565
[imu_filter_madgwick_node-3] [INFO] [1770686623.514565067] [imu_filter]: Parameter RLController.pid_ki_lin set to 0.000000
[imu_filter_madgwick_node-3] [INFO] [1770686623.514752400] [imu_filter]: Parameter RLController.pid_kd_lin set to 0.023666
[imu_filter_madgwick_node-3] [INFO] [1770686623.514817841] [imu_filter]: Parameter RLController.pid_kp_ang set to 1.234463
[imu_filter_madgwick_node-3] [INFO] [1770686623.515304030] [imu_filter]: Parameter RLController.pid_ki_ang set to 0.000000
[imu_filter_madgwick_node-3] [INFO] [1770686623.515396544] [imu_filter]: Parameter RLController.pid_kd_ang set to 0.097743
[imu_filter_madgwick_node-3] [INFO] [1770686623.932561525] [imu_filter]: Parameter RLController.pid_kp_lin set to 1.207307
[imu_filter_madgwick_node-3] [INFO] [1770686623.932772858] [imu_filter]: Parameter RLController.pid_ki_lin set to 0.000000
[imu_filter_madgwick_node-3] [INFO] [1770686623.932855133] [imu_filter]: Parameter RLController.pid_kd_lin set to 0.023591
[imu_filter_madgwick_node-3] [INFO] [1770686623.932922302] [imu_filter]: Parameter RLController.pid_kp_ang set to 1.234463
[imu_filter_madgwick_node-3] [INFO] [1770686623.932984736] [imu_filter]: Parameter RLController.pid_ki_ang set to 0.000000
[imu_filter_madgwick_node-3] [INFO] [1770686623.935310170] [imu_filter]: Parameter RLController.pid_kd_ang set to 0.097743
[imu_filter_madgwick_node-3] [INFO] [1770686624.351902241] [imu_filter]: Parameter RLController.pid_kp_lin set to 1.207077
[imu_filter_madgwick_node-3] [INFO] [1770686624.352439854] [imu_filter]: Parameter RLController.pid_ki_lin set to 0.000000
[imu_filter_madgwick_node-3] [INFO] [1770686624.352545713] [imu_filter]: Parameter RLController.pid_kd_lin set to 0.023509
[imu_filter_madgwick_node-3] [INFO] [1770686624.352613971] [imu_filter]: Parameter RLController.pid_kp_ang set to 1.234463
[imu_filter_madgwick_node-3] [INFO] [1770686624.352675572] [imu_filter]: Parameter RLController.pid_ki_ang set to 0.000000
[imu_filter_madgwick_node-3] [INFO] [1770686624.352734229] [imu_filter]: Parameter RLController.pid_kd_ang set to 0.097743
[imu_filter_madgwick_node-3] [INFO] [1770686624.771545716] [imu_filter]: Parameter RLController.pid_kp_lin set to 1.206867
[imu_filter_madgwick_node-3] [INFO] [1770686624.771741817] [imu_filter]: Parameter RLController.pid_ki_lin set to 0.000000
[imu_filter_madgwick_node-3] [INFO] [1770686624.771818683] [imu_filter]: Parameter RLController.pid_kd_lin set to 0.023422
[imu_filter_madgwick_node-3] [INFO] [1770686624.771883612] [imu_filter]: Parameter RLController.pid_kp_ang set to 1.234463
[imu_filter_madgwick_node-3] [INFO] [1770686624.771944318] [imu_filter]: Parameter RLController.pid_ki_ang set to 0.000000
[imu_filter_madgwick_node-3] [INFO] [1770686624.772002015] [imu_filter]: Parameter RLController.pid_kd_ang set to 0.097743
[imu_filter_madgwick_node-3] [INFO] [1770686625.193767495] [imu_filter]: Parameter RLController.pid_kp_lin set to 1.206675
[imu_filter_madgwick_node-3] [INFO] [1770686625.194000589] [imu_filter]: Parameter RLController.pid_ki_lin set to 0.000000
[imu_filter_madgwick_node-3] [INFO] [1770686625.194085903] [imu_filter]: Parameter RLController.pid_kd_lin set to 0.023329
[imu_filter_madgwick_node-3] [INFO] [1770686625.194158993] [imu_filter]: Parameter RLController.pid_kp_ang set to 1.234463
[imu_filter_madgwick_node-3] [INFO] [1770686625.194224755] [imu_filter]: Parameter RLController.pid_ki_ang set to 0.000000
[imu_filter_madgwick_node-3] [INFO] [1770686625.194288948] [imu_filter]: Parameter RLController.pid_kd_ang set to 0.097743
[imu_filter_madgwick_node-3] [INFO] [1770686625.625426758] [imu_filter]: Parameter RLController.pid_kp_lin set to 1.206497
[imu_filter_madgwick_node-3] [INFO] [1770686625.625616970] [imu_filter]: Parameter RLController.pid_ki_lin set to 0.000000
[imu_filter_madgwick_node-3] [INFO] [1770686625.625834544] [imu_filter]: Parameter RLController.pid_kd_lin set to 0.023234
[imu_filter_madgwick_node-3] [INFO] [1770686625.625908690] [imu_filter]: Parameter RLController.pid_kp_ang set to 1.234463
[imu_filter_madgwick_node-3] [INFO] [1770686625.625970323] [imu_filter]: Parameter RLController.pid_ki_ang set to 0.000000
[imu_filter_madgwick_node-3] [INFO] [1770686625.626148759] [imu_filter]: Parameter RLController.pid_kd_ang set to 0.097743
[imu_filter_madgwick_node-3] [INFO] [1770686626.044962070] [imu_filter]: Parameter RLController.pid_kp_lin set to 1.206330
[imu_filter_madgwick_node-3] [INFO] [1770686626.045167515] [imu_filter]: Parameter RLController.pid_ki_lin set to 0.000000
[imu_filter_madgwick_node-3] [INFO] [1770686626.045245341] [imu_filter]: Parameter RLController.pid_kd_lin set to 0.023135
[imu_filter_madgwick_node-3] [INFO] [1770686626.045322015] [imu_filter]: Parameter RLController.pid_kp_ang set to 1.234463
[imu_filter_madgwick_node-3] [INFO] [1770686626.045385632] [imu_filter]: Parameter RLController.pid_ki_ang set to 0.000000
[imu_filter_madgwick_node-3] [INFO] [1770686626.045451394] [imu_filter]: Parameter RLController.pid_kd_ang set to 0.097743
[imu_filter_madgwick_node-3] [INFO] [1770686626.457251922] [imu_filter]: Parameter RLController.pid_kp_lin set to 1.206171
[imu_filter_madgwick_node-3] [INFO] [1770686626.457453911] [imu_filter]: Parameter RLController.pid_ki_lin set to 0.000000
[imu_filter_madgwick_node-3] [INFO] [1770686626.457530905] [imu_filter]: Parameter RLController.pid_kd_lin set to 0.023034
[imu_filter_madgwick_node-3] [INFO] [1770686626.457600667] [imu_filter]: Parameter RLController.pid_kp_ang set to 1.234463
[imu_filter_madgwick_node-3] [INFO] [1770686626.457662780] [imu_filter]: Parameter RLController.pid_ki_ang set to 0.000000
[imu_filter_madgwick_node-3] [INFO] [1770686626.457723262] [imu_filter]: Parameter RLController.pid_kd_ang set to 0.097743
[imu_filter_madgwick_node-3] [INFO] [1770686626.868454547] [imu_filter]: Parameter RLController.pid_kp_lin set to 1.206019
[imu_filter_madgwick_node-3] [INFO] [1770686626.868649816] [imu_filter]: Parameter RLController.pid_ki_lin set to 0.000000
[imu_filter_madgwick_node-3] [INFO] [1770686626.868733626] [imu_filter]: Parameter RLController.pid_kd_lin set to 0.022931
[imu_filter_madgwick_node-3] [INFO] [1770686626.868801627] [imu_filter]: Parameter RLController.pid_kp_ang set to 1.234463
[imu_filter_madgwick_node-3] [INFO] [1770686626.868861117] [imu_filter]: Parameter RLController.pid_ki_ang set to 0.000000
[imu_filter_madgwick_node-3] [INFO] [1770686626.872489463] [imu_filter]: Parameter RLController.pid_kd_ang set to 0.097743
[imu_filter_madgwick_node-3] [INFO] [1770686627.286338810] [imu_filter]: Parameter RLController.pid_kp_lin set to 1.205872
[imu_filter_madgwick_node-3] [INFO] [1770686627.286550495] [imu_filter]: Parameter RLController.pid_ki_lin set to 0.000000
[imu_filter_madgwick_node-3] [INFO] [1770686627.286625729] [imu_filter]: Parameter RLController.pid_kd_lin set to 0.022827
[imu_filter_madgwick_node-3] [INFO] [1770686627.286691203] [imu_filter]: Parameter RLController.pid_kp_ang set to 1.234463
[imu_filter_madgwick_node-3] [INFO] [1770686627.286750852] [imu_filter]: Parameter RLController.pid_ki_ang set to 0.000000
[imu_filter_madgwick_node-3] [INFO] [1770686627.286806758] [imu_filter]: Parameter RLController.pid_kd_ang set to 0.097743
[imu_filter_madgwick_node-3] [INFO] [1770686627.695003836] [imu_filter]: Parameter RLController.pid_kp_lin set to 1.205729
[imu_filter_madgwick_node-3] [INFO] [1770686627.695200769] [imu_filter]: Parameter RLController.pid_ki_lin set to 0.000000
[imu_filter_madgwick_node-3] [INFO] [1770686627.695275458] [imu_filter]: Parameter RLController.pid_kd_lin set to 0.022722
[imu_filter_madgwick_node-3] [INFO] [1770686627.695345892] [imu_filter]: Parameter RLController.pid_kp_ang set to 1.234463
[imu_filter_madgwick_node-3] [INFO] [1770686627.695409766] [imu_filter]: Parameter RLController.pid_ki_ang set to 0.000000
[imu_filter_madgwick_node-3] [INFO] [1770686627.695473095] [imu_filter]: Parameter RLController.pid_kd_ang set to 0.097743
[imu_filter_madgwick_node-3] [INFO] [1770686628.115591814] [imu_filter]: Parameter RLController.pid_kp_lin set to 1.205589
[imu_filter_madgwick_node-3] [INFO] [1770686628.115800812] [imu_filter]: Parameter RLController.pid_ki_lin set to 0.000000
[imu_filter_madgwick_node-3] [INFO] [1770686628.115876653] [imu_filter]: Parameter RLController.pid_kd_lin set to 0.022616
[imu_filter_madgwick_node-3] [INFO] [1770686628.115940047] [imu_filter]: Parameter RLController.pid_kp_ang set to 1.234463
[imu_filter_madgwick_node-3] [INFO] [1770686628.115998416] [imu_filter]: Parameter RLController.pid_ki_ang set to 0.000000
[imu_filter_madgwick_node-3] [INFO] [1770686628.116059346] [imu_filter]: Parameter RLController.pid_kd_ang set to 0.097743
[imu_filter_madgwick_node-3] [INFO] [1770686628.538983319] [imu_filter]: Parameter RLController.pid_kp_lin set to 1.205451
[imu_filter_madgwick_node-3] [INFO] [1770686628.539193340] [imu_filter]: Parameter RLController.pid_ki_lin set to 0.000000
[imu_filter_madgwick_node-3] [INFO] [1770686628.539267678] [imu_filter]: Parameter RLController.pid_kd_lin set to 0.022510
[imu_filter_madgwick_node-3] [INFO] [1770686628.539329151] [imu_filter]: Parameter RLController.pid_kp_ang set to 1.234463
[imu_filter_madgwick_node-3] [INFO] [1770686628.539391553] [imu_filter]: Parameter RLController.pid_ki_ang set to 0.000000
[imu_filter_madgwick_node-3] [INFO] [1770686628.539446754] [imu_filter]: Parameter RLController.pid_kd_ang set to 0.097743
[imu_filter_madgwick_node-3] [INFO] [1770686628.957020450] [imu_filter]: Parameter RLController.pid_kp_lin set to 1.205316
[imu_filter_madgwick_node-3] [INFO] [1770686628.957452845] [imu_filter]: Parameter RLController.pid_ki_lin set to 0.000000
[imu_filter_madgwick_node-3] [INFO] [1770686628.957535567] [imu_filter]: Parameter RLController.pid_kd_lin set to 0.022403
[imu_filter_madgwick_node-3] [INFO] [1770686628.957600336] [imu_filter]: Parameter RLController.pid_kp_ang set to 1.234463
[imu_filter_madgwick_node-3] [INFO] [1770686628.957663122] [imu_filter]: Parameter RLController.pid_ki_ang set to 0.000000
[imu_filter_madgwick_node-3] [INFO] [1770686628.957722899] [imu_filter]: Parameter RLController.pid_kd_ang set to 0.097743
[imu_filter_madgwick_node-3] [INFO] [1770686629.371952320] [imu_filter]: Parameter RLController.pid_kp_lin set to 1.205316
[imu_filter_madgwick_node-3] [INFO] [1770686629.372167525] [imu_filter]: Parameter RLController.pid_ki_lin set to 0.000000
[imu_filter_madgwick_node-3] [INFO] [1770686629.372286088] [imu_filter]: Parameter RLController.pid_kd_lin set to 0.022295
[imu_filter_madgwick_node-3] [INFO] [1770686629.372366442] [imu_filter]: Parameter RLController.pid_kp_ang set to 1.234463
[imu_filter_madgwick_node-3] [INFO] [1770686629.372430604] [imu_filter]: Parameter RLController.pid_ki_ang set to 0.000000
[imu_filter_madgwick_node-3] [INFO] [1770686629.372491085] [imu_filter]: Parameter RLController.pid_kd_ang set to 0.097743
[imu_filter_madgwick_node-3] [INFO] [1770686629.789939145] [imu_filter]: Parameter RLController.pid_kp_lin set to 1.205316
[imu_filter_madgwick_node-3] [INFO] [1770686629.790165615] [imu_filter]: Parameter RLController.pid_ki_lin set to 0.000000
[imu_filter_madgwick_node-3] [INFO] [1770686629.790242609] [imu_filter]: Parameter RLController.pid_kd_lin set to 0.022188
[imu_filter_madgwick_node-3] [INFO] [1770686629.790304787] [imu_filter]: Parameter RLController.pid_kp_ang set to 1.234463
[imu_filter_madgwick_node-3] [INFO] [1770686629.790365844] [imu_filter]: Parameter RLController.pid_ki_ang set to 0.000000
[imu_filter_madgwick_node-3] [INFO] [1770686629.790427734] [imu_filter]: Parameter RLController.pid_kd_ang set to 0.097743
[imu_filter_madgwick_node-3] [INFO] [1770686630.199190394] [imu_filter]: Parameter RLController.pid_kp_lin set to 1.205316
[imu_filter_madgwick_node-3] [INFO] [1770686630.199421055] [imu_filter]: Parameter RLController.pid_ki_lin set to 0.000000
[imu_filter_madgwick_node-3] [INFO] [1770686630.199638373] [imu_filter]: Parameter RLController.pid_kd_lin set to 0.022080
[imu_filter_madgwick_node-3] [INFO] [1770686630.199715847] [imu_filter]: Parameter RLController.pid_kp_ang set to 1.234463
[imu_filter_madgwick_node-3] [INFO] [1770686630.199776488] [imu_filter]: Parameter RLController.pid_ki_ang set to 0.000000
[imu_filter_madgwick_node-3] [INFO] [1770686630.199836522] [imu_filter]: Parameter RLController.pid_kd_ang set to 0.097743
[imu_filter_madgwick_node-3] [INFO] [1770686630.613792719] [imu_filter]: Parameter RLController.pid_kp_lin set to 1.205316
[imu_filter_madgwick_node-3] [INFO] [1770686630.614004117] [imu_filter]: Parameter RLController.pid_ki_lin set to 0.000000
[imu_filter_madgwick_node-3] [INFO] [1770686630.614080950] [imu_filter]: Parameter RLController.pid_kd_lin set to 0.021972
[imu_filter_madgwick_node-3] [INFO] [1770686630.614145688] [imu_filter]: Parameter RLController.pid_kp_ang set to 1.234463
[imu_filter_madgwick_node-3] [INFO] [1770686630.614205338] [imu_filter]: Parameter RLController.pid_ki_ang set to 0.000000
[imu_filter_madgwick_node-3] [INFO] [1770686630.614263643] [imu_filter]: Parameter RLController.pid_kd_ang set to 0.097743
[imu_filter_madgwick_node-3] [INFO] [1770686631.044402035] [imu_filter]: Parameter RLController.pid_kp_lin set to 1.205316
[imu_filter_madgwick_node-3] [INFO] [1770686631.045725364] [imu_filter]: Parameter RLController.pid_ki_lin set to 0.000000
[imu_filter_madgwick_node-3] [INFO] [1770686631.047459584] [imu_filter]: Parameter RLController.pid_kd_lin set to 0.021864
[imu_filter_madgwick_node-3] [INFO] [1770686631.047614307] [imu_filter]: Parameter RLController.pid_kp_ang set to 1.234463
[imu_filter_madgwick_node-3] [INFO] [1770686631.047689541] [imu_filter]: Parameter RLController.pid_ki_ang set to 0.000000
[imu_filter_madgwick_node-3] [INFO] [1770686631.047754599] [imu_filter]: Parameter RLController.pid_kd_ang set to 0.097743
[imu_filter_madgwick_node-3] [INFO] [1770686631.471086646] [imu_filter]: Parameter RLController.pid_kp_lin set to 1.205316
[imu_filter_madgwick_node-3] [INFO] [1770686631.475582342] [imu_filter]: Parameter RLController.pid_ki_lin set to 0.000000
[imu_filter_madgwick_node-3] [INFO] [1770686631.476021873] [imu_filter]: Parameter RLController.pid_kd_lin set to 0.021755
[imu_filter_madgwick_node-3] [INFO] [1770686631.476360793] [imu_filter]: Parameter RLController.pid_kp_ang set to 1.234463
[imu_filter_madgwick_node-3] [INFO] [1770686631.476459836] [imu_filter]: Parameter RLController.pid_ki_ang set to 0.000000
[imu_filter_madgwick_node-3] [INFO] [1770686631.476528349] [imu_filter]: Parameter RLController.pid_kd_ang set to 0.097743
[imu_filter_madgwick_node-3] [INFO] [1770686631.896813601] [imu_filter]: Parameter RLController.pid_kp_lin set to 1.205316
[imu_filter_madgwick_node-3] [INFO] [1770686631.897017830] [imu_filter]: Parameter RLController.pid_ki_lin set to 0.000000
[imu_filter_madgwick_node-3] [INFO] [1770686631.897210474] [imu_filter]: Parameter RLController.pid_kd_lin set to 0.021647
[imu_filter_madgwick_node-3] [INFO] [1770686631.897288396] [imu_filter]: Parameter RLController.pid_kp_ang set to 1.234463
[imu_filter_madgwick_node-3] [INFO] [1770686631.897348910] [imu_filter]: Parameter RLController.pid_ki_ang set to 0.000000
[imu_filter_madgwick_node-3] [INFO] [1770686631.897410287] [imu_filter]: Parameter RLController.pid_kd_ang set to 0.097743
[imu_filter_madgwick_node-3] [INFO] [1770686632.314966478] [imu_filter]: Parameter RLController.pid_kp_lin set to 1.205316
[imu_filter_madgwick_node-3] [INFO] [1770686632.315192468] [imu_filter]: Parameter RLController.pid_ki_lin set to 0.000000
[imu_filter_madgwick_node-3] [INFO] [1770686632.315406681] [imu_filter]: Parameter RLController.pid_kd_lin set to 0.021538
[imu_filter_madgwick_node-3] [INFO] [1770686632.315478971] [imu_filter]: Parameter RLController.pid_kp_ang set to 1.234463
[imu_filter_madgwick_node-3] [INFO] [1770686632.315537501] [imu_filter]: Parameter RLController.pid_ki_ang set to 0.000000
[imu_filter_madgwick_node-3] [INFO] [1770686632.315595102] [imu_filter]: Parameter RLController.pid_kd_ang set to 0.097743
[imu_filter_madgwick_node-3] [INFO] [1770686632.732601328] [imu_filter]: Parameter RLController.pid_kp_lin set to 1.205316
[imu_filter_madgwick_node-3] [INFO] [1770686632.732868758] [imu_filter]: Parameter RLController.pid_ki_lin set to 0.000000
[imu_filter_madgwick_node-3] [INFO] [1770686632.732967609] [imu_filter]: Parameter RLController.pid_kd_lin set to 0.021429
[imu_filter_madgwick_node-3] [INFO] [1770686632.733034234] [imu_filter]: Parameter RLController.pid_kp_ang set to 1.234463
[imu_filter_madgwick_node-3] [INFO] [1770686632.733094012] [imu_filter]: Parameter RLController.pid_ki_ang set to 0.000000
[imu_filter_madgwick_node-3] [INFO] [1770686632.733151421] [imu_filter]: Parameter RLController.pid_kd_ang set to 0.097743
[imu_filter_madgwick_node-3] [INFO] [1770686633.135181786] [imu_filter]: Parameter RLController.pid_kp_lin set to 1.205316
[imu_filter_madgwick_node-3] [INFO] [1770686633.135405023] [imu_filter]: Parameter RLController.pid_ki_lin set to 0.000000
[imu_filter_madgwick_node-3] [INFO] [1770686633.135491169] [imu_filter]: Parameter RLController.pid_kd_lin set to 0.021320
[imu_filter_madgwick_node-3] [INFO] [1770686633.135563299] [imu_filter]: Parameter RLController.pid_kp_ang set to 1.234463
[imu_filter_madgwick_node-3] [INFO] [1770686633.135624677] [imu_filter]: Parameter RLController.pid_ki_ang set to 0.000000
[imu_filter_madgwick_node-3] [INFO] [1770686633.135684966] [imu_filter]: Parameter RLController.pid_kd_ang set to 0.097743
[imu_filter_madgwick_node-3] [INFO] [1770686633.555277944] [imu_filter]: Parameter RLController.pid_kp_lin set to 1.205316
[imu_filter_madgwick_node-3] [INFO] [1770686633.555483069] [imu_filter]: Parameter RLController.pid_ki_lin set to 0.000000
[imu_filter_madgwick_node-3] [INFO] [1770686633.555556383] [imu_filter]: Parameter RLController.pid_kd_lin set to 0.021211
[imu_filter_madgwick_node-3] [INFO] [1770686633.555619297] [imu_filter]: Parameter RLController.pid_kp_ang set to 1.234463
[imu_filter_madgwick_node-3] [INFO] [1770686633.555678722] [imu_filter]: Parameter RLController.pid_ki_ang set to 0.000000
[imu_filter_madgwick_node-3] [INFO] [1770686633.555736611] [imu_filter]: Parameter RLController.pid_kd_ang set to 0.097743
[imu_filter_madgwick_node-3] [INFO] [1770686633.979244823] [imu_filter]: Parameter RLController.pid_kp_lin set to 1.205316
[imu_filter_madgwick_node-3] [INFO] [1770686633.979554783] [imu_filter]: Parameter RLController.pid_ki_lin set to 0.000000
[imu_filter_madgwick_node-3] [INFO] [1770686633.979629216] [imu_filter]: Parameter RLController.pid_kd_lin set to 0.021103
[imu_filter_madgwick_node-3] [INFO] [1770686633.979699362] [imu_filter]: Parameter RLController.pid_kp_ang set to 1.234463
[imu_filter_madgwick_node-3] [INFO] [1770686633.979764932] [imu_filter]: Parameter RLController.pid_ki_ang set to 0.000000
[imu_filter_madgwick_node-3] [INFO] [1770686633.979825669] [imu_filter]: Parameter RLController.pid_kd_ang set to 0.097743
[imu_filter_madgwick_node-3] [INFO] [1770686634.390615900] [imu_filter]: Parameter RLController.pid_kp_lin set to 1.205316
[imu_filter_madgwick_node-3] [INFO] [1770686634.392576525] [imu_filter]: Parameter RLController.pid_ki_lin set to 0.000000
[imu_filter_madgwick_node-3] [INFO] [1770686634.392761969] [imu_filter]: Parameter RLController.pid_kd_lin set to 0.020994
[imu_filter_madgwick_node-3] [INFO] [1770686634.392840147] [imu_filter]: Parameter RLController.pid_kp_ang set to 1.234463
[imu_filter_madgwick_node-3] [INFO] [1770686634.392902837] [imu_filter]: Parameter RLController.pid_ki_ang set to 0.000000
[imu_filter_madgwick_node-3] [INFO] [1770686634.392958230] [imu_filter]: Parameter RLController.pid_kd_ang set to 0.097743
[imu_filter_madgwick_node-3] [INFO] [1770686634.829126085] [imu_filter]: Parameter RLController.pid_kp_lin set to 1.205316
[imu_filter_madgwick_node-3] [INFO] [1770686634.829317066] [imu_filter]: Parameter RLController.pid_ki_lin set to 0.000000
[imu_filter_madgwick_node-3] [INFO] [1770686634.829502542] [imu_filter]: Parameter RLController.pid_kd_lin set to 0.020885
[imu_filter_madgwick_node-3] [INFO] [1770686634.829601073] [imu_filter]: Parameter RLController.pid_kp_ang set to 1.234463
[imu_filter_madgwick_node-3] [INFO] [1770686634.829781429] [imu_filter]: Parameter RLController.pid_ki_ang set to 0.000000
[imu_filter_madgwick_node-3] [INFO] [1770686634.829847127] [imu_filter]: Parameter RLController.pid_kd_ang set to 0.097743
[imu_filter_madgwick_node-3] [INFO] [1770686635.239303308] [imu_filter]: Parameter RLController.pid_kp_lin set to 1.205316
[imu_filter_madgwick_node-3] [INFO] [1770686635.239532178] [imu_filter]: Parameter RLController.pid_ki_lin set to 0.000000
[imu_filter_madgwick_node-3] [INFO] [1770686635.239633428] [imu_filter]: Parameter RLController.pid_kd_lin set to 0.020776
[imu_filter_madgwick_node-3] [INFO] [1770686635.239714902] [imu_filter]: Parameter RLController.pid_kp_ang set to 1.234463
[imu_filter_madgwick_node-3] [INFO] [1770686635.239802041] [imu_filter]: Parameter RLController.pid_ki_ang set to 0.000000
[imu_filter_madgwick_node-3] [INFO] [1770686635.239869082] [imu_filter]: Parameter RLController.pid_kd_ang set to 0.097743
[imu_filter_madgwick_node-3] [INFO] [1770686635.655856114] [imu_filter]: Parameter RLController.pid_kp_lin set to 1.205316
[imu_filter_madgwick_node-3] [INFO] [1770686635.656053303] [imu_filter]: Parameter RLController.pid_ki_lin set to 0.000000
[imu_filter_madgwick_node-3] [INFO] [1770686635.656129977] [imu_filter]: Parameter RLController.pid_kd_lin set to 0.020667
[imu_filter_madgwick_node-3] [INFO] [1770686635.656234748] [imu_filter]: Parameter RLController.pid_kp_ang set to 1.234463
[imu_filter_madgwick_node-3] [INFO] [1770686635.656301629] [imu_filter]: Parameter RLController.pid_ki_ang set to 0.000000
[imu_filter_madgwick_node-3] [INFO] [1770686635.656366207] [imu_filter]: Parameter RLController.pid_kd_ang set to 0.097743
[imu_filter_madgwick_node-3] [INFO] [1770686636.076531679] [imu_filter]: Parameter RLController.pid_kp_lin set to 1.205316
[imu_filter_madgwick_node-3] [INFO] [1770686636.076800774] [imu_filter]: Parameter RLController.pid_ki_lin set to 0.000000
[imu_filter_madgwick_node-3] [INFO] [1770686636.076927689] [imu_filter]: Parameter RLController.pid_kd_lin set to 0.020559
[imu_filter_madgwick_node-3] [INFO] [1770686636.077003755] [imu_filter]: Parameter RLController.pid_kp_ang set to 1.234463
[imu_filter_madgwick_node-3] [INFO] [1770686636.077067692] [imu_filter]: Parameter RLController.pid_ki_ang set to 0.000000
[imu_filter_madgwick_node-3] [INFO] [1770686636.077130894] [imu_filter]: Parameter RLController.pid_kd_ang set to 0.097743
[imu_filter_madgwick_node-3] [INFO] [1770686636.498092930] [imu_filter]: Parameter RLController.pid_kp_lin set to 1.205316
[imu_filter_madgwick_node-3] [INFO] [1770686636.498298343] [imu_filter]: Parameter RLController.pid_ki_lin set to 0.000000
[imu_filter_madgwick_node-3] [INFO] [1770686636.498372809] [imu_filter]: Parameter RLController.pid_kd_lin set to 0.020458
[imu_filter_madgwick_node-3] [INFO] [1770686636.498437291] [imu_filter]: Parameter RLController.pid_kp_ang set to 1.234463
[imu_filter_madgwick_node-3] [INFO] [1770686636.498496428] [imu_filter]: Parameter RLController.pid_ki_ang set to 0.000000
[imu_filter_madgwick_node-3] [INFO] [1770686636.498557038] [imu_filter]: Parameter RLController.pid_kd_ang set to 0.097743
[imu_filter_madgwick_node-3] [INFO] [1770686636.919445408] [imu_filter]: Parameter RLController.pid_kp_lin set to 1.205316
[imu_filter_madgwick_node-3] [INFO] [1770686636.921889981] [imu_filter]: Parameter RLController.pid_ki_lin set to 0.000000
[imu_filter_madgwick_node-3] [INFO] [1770686636.923489924] [imu_filter]: Parameter RLController.pid_kd_lin set to 0.020376
[imu_filter_madgwick_node-3] [INFO] [1770686636.923778892] [imu_filter]: Parameter RLController.pid_kp_ang set to 1.234463
[imu_filter_madgwick_node-3] [INFO] [1770686636.923865166] [imu_filter]: Parameter RLController.pid_ki_ang set to 0.000000
[imu_filter_madgwick_node-3] [INFO] [1770686636.923933775] [imu_filter]: Parameter RLController.pid_kd_ang set to 0.097743
[imu_filter_madgwick_node-3] [INFO] [1770686637.340783805] [imu_filter]: Parameter RLController.pid_kp_lin set to 1.205316
[imu_filter_madgwick_node-3] [INFO] [1770686637.341126790] [imu_filter]: Parameter RLController.pid_ki_lin set to 0.000000
[imu_filter_madgwick_node-3] [INFO] [1770686637.341224808] [imu_filter]: Parameter RLController.pid_kd_lin set to 0.020308
[imu_filter_madgwick_node-3] [INFO] [1770686637.341296010] [imu_filter]: Parameter RLController.pid_kp_ang set to 1.234463
[imu_filter_madgwick_node-3] [INFO] [1770686637.341361355] [imu_filter]: Parameter RLController.pid_ki_ang set to 0.000000
[imu_filter_madgwick_node-3] [INFO] [1770686637.341423693] [imu_filter]: Parameter RLController.pid_kd_ang set to 0.097743
[imu_filter_madgwick_node-3] [INFO] [1770686637.748461862] [imu_filter]: Parameter RLController.pid_kp_lin set to 1.205316
[imu_filter_madgwick_node-3] [INFO] [1770686637.748657707] [imu_filter]: Parameter RLController.pid_ki_lin set to 0.000000
[imu_filter_madgwick_node-3] [INFO] [1770686637.748733709] [imu_filter]: Parameter RLController.pid_kd_lin set to 0.020253
[imu_filter_madgwick_node-3] [INFO] [1770686637.748800719] [imu_filter]: Parameter RLController.pid_kp_ang set to 1.234463
[imu_filter_madgwick_node-3] [INFO] [1770686637.748859952] [imu_filter]: Parameter RLController.pid_ki_ang set to 0.000000
[imu_filter_madgwick_node-3] [INFO] [1770686637.748920882] [imu_filter]: Parameter RLController.pid_kd_ang set to 0.097743
[imu_filter_madgwick_node-3] [INFO] [1770686638.164683556] [imu_filter]: Parameter RLController.pid_kp_lin set to 1.205316
[imu_filter_madgwick_node-3] [INFO] [1770686638.164918026] [imu_filter]: Parameter RLController.pid_ki_lin set to 0.000000
[imu_filter_madgwick_node-3] [INFO] [1770686638.165009580] [imu_filter]: Parameter RLController.pid_kd_lin set to 0.020207
[imu_filter_madgwick_node-3] [INFO] [1770686638.165085646] [imu_filter]: Parameter RLController.pid_kp_ang set to 1.234463
[imu_filter_madgwick_node-3] [INFO] [1770686638.165141455] [imu_filter]: Parameter RLController.pid_ki_ang set to 0.000000
[imu_filter_madgwick_node-3] [INFO] [1770686638.165199121] [imu_filter]: Parameter RLController.pid_kd_ang set to 0.097743
[imu_filter_madgwick_node-3] [INFO] [1770686638.597053108] [imu_filter]: Parameter RLController.pid_kp_lin set to 1.205316
[imu_filter_madgwick_node-3] [INFO] [1770686638.597246393] [imu_filter]: Parameter RLController.pid_ki_lin set to 0.000000
[imu_filter_madgwick_node-3] [INFO] [1770686638.597319323] [imu_filter]: Parameter RLController.pid_kd_lin set to 0.020170
[imu_filter_madgwick_node-3] [INFO] [1770686638.597382076] [imu_filter]: Parameter RLController.pid_kp_ang set to 1.234463
[imu_filter_madgwick_node-3] [INFO] [1770686638.597441598] [imu_filter]: Parameter RLController.pid_ki_ang set to 0.000000
[imu_filter_madgwick_node-3] [INFO] [1770686638.597498943] [imu_filter]: Parameter RLController.pid_kd_ang set to 0.097743
[imu_filter_madgwick_node-3] [INFO] [1770686639.021463838] [imu_filter]: Parameter RLController.pid_kp_lin set to 1.205316
[imu_filter_madgwick_node-3] [INFO] [1770686639.022740574] [imu_filter]: Parameter RLController.pid_ki_lin set to 0.000000
[imu_filter_madgwick_node-3] [INFO] [1770686639.022941475] [imu_filter]: Parameter RLController.pid_kd_lin set to 0.020139
[imu_filter_madgwick_node-3] [INFO] [1770686639.023031077] [imu_filter]: Parameter RLController.pid_kp_ang set to 1.234463
[imu_filter_madgwick_node-3] [INFO] [1770686639.023097895] [imu_filter]: Parameter RLController.pid_ki_ang set to 0.000000
[imu_filter_madgwick_node-3] [INFO] [1770686639.023161352] [imu_filter]: Parameter RLController.pid_kd_ang set to 0.097743
[imu_filter_madgwick_node-3] [INFO] [1770686639.433652663] [imu_filter]: Parameter RLController.pid_kp_lin set to 1.205316
[imu_filter_madgwick_node-3] [INFO] [1770686639.434424746] [imu_filter]: Parameter RLController.pid_ki_lin set to 0.000000
[imu_filter_madgwick_node-3] [INFO] [1770686639.434546670] [imu_filter]: Parameter RLController.pid_kd_lin set to 0.020114
[imu_filter_madgwick_node-3] [INFO] [1770686639.434613903] [imu_filter]: Parameter RLController.pid_kp_ang set to 1.234463
[imu_filter_madgwick_node-3] [INFO] [1770686639.434672561] [imu_filter]: Parameter RLController.pid_ki_ang set to 0.000000
[imu_filter_madgwick_node-3] [INFO] [1770686639.435368642] [imu_filter]: Parameter RLController.pid_kd_ang set to 0.097743
[imu_filter_madgwick_node-3] [INFO] [1770686639.853457646] [imu_filter]: Parameter RLController.pid_kp_lin set to 1.205316
[imu_filter_madgwick_node-3] [INFO] [1770686639.853668532] [imu_filter]: Parameter RLController.pid_ki_lin set to 0.000000
[imu_filter_madgwick_node-3] [INFO] [1770686639.853755574] [imu_filter]: Parameter RLController.pid_kd_lin set to 0.020094
[imu_filter_madgwick_node-3] [INFO] [1770686639.853830008] [imu_filter]: Parameter RLController.pid_kp_ang set to 1.234463
[imu_filter_madgwick_node-3] [INFO] [1770686639.853896569] [imu_filter]: Parameter RLController.pid_ki_ang set to 0.000000
[imu_filter_madgwick_node-3] [INFO] [1770686639.853960475] [imu_filter]: Parameter RLController.pid_kd_ang set to 0.097743
[imu_filter_madgwick_node-3] [INFO] [1770686640.267998338] [imu_filter]: Parameter RLController.pid_kp_lin set to 1.205316
[imu_filter_madgwick_node-3] [INFO] [1770686640.268227368] [imu_filter]: Parameter RLController.pid_ki_lin set to 0.000000
[imu_filter_madgwick_node-3] [INFO] [1770686640.268309834] [imu_filter]: Parameter RLController.pid_kd_lin set to 0.020077
[imu_filter_madgwick_node-3] [INFO] [1770686640.268377516] [imu_filter]: Parameter RLController.pid_kp_ang set to 1.234463
[imu_filter_madgwick_node-3] [INFO] [1770686640.268438317] [imu_filter]: Parameter RLController.pid_ki_ang set to 0.000000
[imu_filter_madgwick_node-3] [INFO] [1770686640.269219393] [imu_filter]: Parameter RLController.pid_kd_ang set to 0.097743
[imu_filter_madgwick_node-3] [INFO] [1770686640.713895491] [imu_filter]: Parameter RLController.pid_kp_lin set to 1.205316
[imu_filter_madgwick_node-3] [INFO] [1770686640.714154506] [imu_filter]: Parameter RLController.pid_ki_lin set to 0.000000
[imu_filter_madgwick_node-3] [INFO] [1770686640.714250252] [imu_filter]: Parameter RLController.pid_kd_lin set to 0.020063
[imu_filter_madgwick_node-3] [INFO] [1770686640.714321966] [imu_filter]: Parameter RLController.pid_kp_ang set to 1.234463
[imu_filter_madgwick_node-3] [INFO] [1770686640.714395120] [imu_filter]: Parameter RLController.pid_ki_ang set to 0.000000
[imu_filter_madgwick_node-3] [INFO] [1770686640.714458545] [imu_filter]: Parameter RLController.pid_kd_ang set to 0.097743
[imu_filter_madgwick_node-3] [INFO] [1770686641.124884703] [imu_filter]: Parameter RLController.pid_kp_lin set to 1.205316
[imu_filter_madgwick_node-3] [INFO] [1770686641.125356651] [imu_filter]: Parameter RLController.pid_ki_lin set to 0.000000
[imu_filter_madgwick_node-3] [INFO] [1770686641.125446925] [imu_filter]: Parameter RLController.pid_kd_lin set to 0.020052
[imu_filter_madgwick_node-3] [INFO] [1770686641.125512527] [imu_filter]: Parameter RLController.pid_kp_ang set to 1.234463
[imu_filter_madgwick_node-3] [INFO] [1770686641.125570896] [imu_filter]: Parameter RLController.pid_ki_ang set to 0.000000
[imu_filter_madgwick_node-3] [INFO] [1770686641.125630193] [imu_filter]: Parameter RLController.pid_kd_ang set to 0.097743
[imu_filter_madgwick_node-3] [INFO] [1770686641.538869797] [imu_filter]: Parameter RLController.pid_kp_lin set to 1.205316
[imu_filter_madgwick_node-3] [INFO] [1770686641.539072458] [imu_filter]: Parameter RLController.pid_ki_lin set to 0.000000
[imu_filter_madgwick_node-3] [INFO] [1770686641.539142604] [imu_filter]: Parameter RLController.pid_kd_lin set to 0.020042
[imu_filter_madgwick_node-3] [INFO] [1770686641.539210766] [imu_filter]: Parameter RLController.pid_kp_ang set to 1.234463
[imu_filter_madgwick_node-3] [INFO] [1770686641.539288047] [imu_filter]: Parameter RLController.pid_ki_ang set to 0.000000
[imu_filter_madgwick_node-3] [INFO] [1770686641.539349553] [imu_filter]: Parameter RLController.pid_kd_ang set to 0.097743
[imu_filter_madgwick_node-3] [INFO] [1770686641.947404195] [imu_filter]: Parameter RLController.pid_kp_lin set to 1.205316
[imu_filter_madgwick_node-3] [INFO] [1770686641.947633769] [imu_filter]: Parameter RLController.pid_ki_lin set to 0.000000
[imu_filter_madgwick_node-3] [INFO] [1770686641.947715243] [imu_filter]: Parameter RLController.pid_kd_lin set to 0.020035
[imu_filter_madgwick_node-3] [INFO] [1770686641.947799181] [imu_filter]: Parameter RLController.pid_kp_ang set to 1.234463
[imu_filter_madgwick_node-3] [INFO] [1770686641.947863375] [imu_filter]: Parameter RLController.pid_ki_ang set to 0.000000
[imu_filter_madgwick_node-3] [INFO] [1770686641.947926192] [imu_filter]: Parameter RLController.pid_kd_ang set to 0.097743
[imu_filter_madgwick_node-3] [INFO] [1770686642.377500211] [imu_filter]: Parameter RLController.pid_kp_lin set to 1.205316
[imu_filter_madgwick_node-3] [INFO] [1770686642.377730585] [imu_filter]: Parameter RLController.pid_ki_lin set to 0.000000
[imu_filter_madgwick_node-3] [INFO] [1770686642.382440881] [imu_filter]: Parameter RLController.pid_kd_lin set to 0.020028
[imu_filter_madgwick_node-3] [INFO] [1770686642.382745561] [imu_filter]: Parameter RLController.pid_kp_ang set to 1.234463
[imu_filter_madgwick_node-3] [INFO] [1770686642.382829531] [imu_filter]: Parameter RLController.pid_ki_ang set to 0.000000
[imu_filter_madgwick_node-3] [INFO] [1770686642.382904029] [imu_filter]: Parameter RLController.pid_kd_ang set to 0.097743
[imu_filter_madgwick_node-3] [INFO] [1770686642.800971585] [imu_filter]: Parameter RLController.pid_kp_lin set to 1.205316
[imu_filter_madgwick_node-3] [INFO] [1770686642.801170918] [imu_filter]: Parameter RLController.pid_ki_lin set to 0.000000
[imu_filter_madgwick_node-3] [INFO] [1770686642.801258472] [imu_filter]: Parameter RLController.pid_kd_lin set to 0.020023
[imu_filter_madgwick_node-3] [INFO] [1770686642.801327210] [imu_filter]: Parameter RLController.pid_kp_ang set to 1.234463
[imu_filter_madgwick_node-3] [INFO] [1770686642.801388331] [imu_filter]: Parameter RLController.pid_ki_ang set to 0.000000
[imu_filter_madgwick_node-3] [INFO] [1770686642.801455981] [imu_filter]: Parameter RLController.pid_kd_ang set to 0.097743
[imu_filter_madgwick_node-3] [INFO] [1770686643.221019735] [imu_filter]: Parameter RLController.pid_kp_lin set to 1.205316
[imu_filter_madgwick_node-3] [INFO] [1770686643.221254717] [imu_filter]: Parameter RLController.pid_ki_lin set to 0.000000
[imu_filter_madgwick_node-3] [INFO] [1770686643.221338143] [imu_filter]: Parameter RLController.pid_kd_lin set to 0.020019
[imu_filter_madgwick_node-3] [INFO] [1770686643.221405825] [imu_filter]: Parameter RLController.pid_kp_ang set to 1.234463
[imu_filter_madgwick_node-3] [INFO] [1770686643.221467490] [imu_filter]: Parameter RLController.pid_ki_ang set to 0.000000
[imu_filter_madgwick_node-3] [INFO] [1770686643.221529764] [imu_filter]: Parameter RLController.pid_kd_ang set to 0.097743
[imu_filter_madgwick_node-3] [INFO] [1770686643.643459530] [imu_filter]: Parameter RLController.pid_kp_lin set to 1.205316
[imu_filter_madgwick_node-3] [INFO] [1770686643.643684688] [imu_filter]: Parameter RLController.pid_ki_lin set to 0.000000
[imu_filter_madgwick_node-3] [INFO] [1770686643.643759378] [imu_filter]: Parameter RLController.pid_kd_lin set to 0.020016
[imu_filter_madgwick_node-3] [INFO] [1770686643.643832116] [imu_filter]: Parameter RLController.pid_kp_ang set to 1.234463
[imu_filter_madgwick_node-3] [INFO] [1770686643.643892597] [imu_filter]: Parameter RLController.pid_ki_ang set to 0.000000
[imu_filter_madgwick_node-3] [INFO] [1770686643.643966807] [imu_filter]: Parameter RLController.pid_kd_ang set to 0.097743
[imu_filter_madgwick_node-3] [INFO] [1770686644.058361853] [imu_filter]: Parameter RLController.pid_kp_lin set to 1.205316
[imu_filter_madgwick_node-3] [INFO] [1770686644.058723846] [imu_filter]: Parameter RLController.pid_ki_lin set to 0.000000
[imu_filter_madgwick_node-3] [INFO] [1770686644.058844681] [imu_filter]: Parameter RLController.pid_kd_lin set to 0.020013
[imu_filter_madgwick_node-3] [INFO] [1770686644.059189778] [imu_filter]: Parameter RLController.pid_kp_ang set to 1.234463
[imu_filter_madgwick_node-3] [INFO] [1770686644.059266932] [imu_filter]: Parameter RLController.pid_ki_ang set to 0.000000
[imu_filter_madgwick_node-3] [INFO] [1770686644.059334646] [imu_filter]: Parameter RLController.pid_kd_ang set to 0.097743
[imu_filter_madgwick_node-3] [INFO] [1770686644.492639007] [imu_filter]: Parameter RLController.pid_kp_lin set to 1.205316
[imu_filter_madgwick_node-3] [INFO] [1770686644.492873221] [imu_filter]: Parameter RLController.pid_ki_lin set to 0.000000
[imu_filter_madgwick_node-3] [INFO] [1770686644.492942087] [imu_filter]: Parameter RLController.pid_kd_lin set to 0.020011
[imu_filter_madgwick_node-3] [INFO] [1770686644.493329393] [imu_filter]: Parameter RLController.pid_kp_ang set to 1.234463
[imu_filter_madgwick_node-3] [INFO] [1770686644.493580791] [imu_filter]: Parameter RLController.pid_ki_ang set to 0.000000
[imu_filter_madgwick_node-3] [INFO] [1770686644.493655257] [imu_filter]: Parameter RLController.pid_kd_ang set to 0.097743
[imu_filter_madgwick_node-3] [INFO] [1770686644.905796261] [imu_filter]: Parameter RLController.pid_kp_lin set to 1.205316
[imu_filter_madgwick_node-3] [INFO] [1770686644.906862209] [imu_filter]: Parameter RLController.pid_ki_lin set to 0.000000
[imu_filter_madgwick_node-3] [INFO] [1770686644.906999396] [imu_filter]: Parameter RLController.pid_kd_lin set to 0.020009
[imu_filter_madgwick_node-3] [INFO] [1770686644.907070566] [imu_filter]: Parameter RLController.pid_kp_ang set to 1.234463
[imu_filter_madgwick_node-3] [INFO] [1770686644.907135304] [imu_filter]: Parameter RLController.pid_ki_ang set to 0.000000
[imu_filter_madgwick_node-3] [INFO] [1770686644.907200489] [imu_filter]: Parameter RLController.pid_kd_ang set to 0.097743
[imu_filter_madgwick_node-3] [INFO] [1770686645.319394679] [imu_filter]: Parameter RLController.pid_kp_lin set to 1.205316
[imu_filter_madgwick_node-3] [INFO] [1770686645.323686884] [imu_filter]: Parameter RLController.pid_ki_lin set to 0.000000
[imu_filter_madgwick_node-3] [INFO] [1770686645.323881161] [imu_filter]: Parameter RLController.pid_kd_lin set to 0.020007
[imu_filter_madgwick_node-3] [INFO] [1770686645.326089538] [imu_filter]: Parameter RLController.pid_kp_ang set to 1.234463
[imu_filter_madgwick_node-3] [INFO] [1770686645.329087375] [imu_filter]: Parameter RLController.pid_ki_ang set to 0.000000
[imu_filter_madgwick_node-3] [INFO] [1770686645.332903984] [imu_filter]: Parameter RLController.pid_kd_ang set to 0.097743
[imu_filter_madgwick_node-3] [INFO] [1770686645.737248565] [imu_filter]: Parameter RLController.pid_kp_lin set to 1.205316
[imu_filter_madgwick_node-3] [INFO] [1770686645.737451034] [imu_filter]: Parameter RLController.pid_ki_lin set to 0.000000
[imu_filter_madgwick_node-3] [INFO] [1770686645.737524636] [imu_filter]: Parameter RLController.pid_kd_lin set to 0.020006
[imu_filter_madgwick_node-3] [INFO] [1770686645.737590014] [imu_filter]: Parameter RLController.pid_kp_ang set to 1.234463
[imu_filter_madgwick_node-3] [INFO] [1770686645.737651647] [imu_filter]: Parameter RLController.pid_ki_ang set to 0.000000
[imu_filter_madgwick_node-3] [INFO] [1770686645.737712705] [imu_filter]: Parameter RLController.pid_kd_ang set to 0.097743
[imu_filter_madgwick_node-3] [INFO] [1770686646.151406772] [imu_filter]: Parameter RLController.pid_kp_lin set to 1.205316
[imu_filter_madgwick_node-3] [INFO] [1770686646.151632730] [imu_filter]: Parameter RLController.pid_ki_lin set to 0.000000
[imu_filter_madgwick_node-3] [INFO] [1770686646.151710620] [imu_filter]: Parameter RLController.pid_kd_lin set to 0.020005
[imu_filter_madgwick_node-3] [INFO] [1770686646.151786974] [imu_filter]: Parameter RLController.pid_kp_ang set to 1.234463
[imu_filter_madgwick_node-3] [INFO] [1770686646.151862080] [imu_filter]: Parameter RLController.pid_ki_ang set to 0.000000
[imu_filter_madgwick_node-3] [INFO] [1770686646.151927618] [imu_filter]: Parameter RLController.pid_kd_ang set to 0.097743
[imu_filter_madgwick_node-3] [INFO] [1770686646.566687825] [imu_filter]: Parameter RLController.pid_kp_lin set to 1.205316
[imu_filter_madgwick_node-3] [INFO] [1770686646.566884502] [imu_filter]: Parameter RLController.pid_ki_lin set to 0.000000
[imu_filter_madgwick_node-3] [INFO] [1770686646.566966136] [imu_filter]: Parameter RLController.pid_kd_lin set to 0.020004
[imu_filter_madgwick_node-3] [INFO] [1770686646.567032442] [imu_filter]: Parameter RLController.pid_kp_ang set to 1.234463
[imu_filter_madgwick_node-3] [INFO] [1770686646.567091483] [imu_filter]: Parameter RLController.pid_ki_ang set to 0.000000
[imu_filter_madgwick_node-3] [INFO] [1770686646.567152093] [imu_filter]: Parameter RLController.pid_kd_ang set to 0.097743
[imu_filter_madgwick_node-3] [INFO] [1770686646.989746356] [imu_filter]: Parameter RLController.pid_kp_lin set to 1.205316
[imu_filter_madgwick_node-3] [INFO] [1770686646.989959898] [imu_filter]: Parameter RLController.pid_ki_lin set to 0.000000
[imu_filter_madgwick_node-3] [INFO] [1770686646.990030427] [imu_filter]: Parameter RLController.pid_kd_lin set to 0.020003
[imu_filter_madgwick_node-3] [INFO] [1770686646.990093437] [imu_filter]: Parameter RLController.pid_kp_ang set to 1.234463
[imu_filter_madgwick_node-3] [INFO] [1770686646.990271842] [imu_filter]: Parameter RLController.pid_ki_ang set to 0.000000
[imu_filter_madgwick_node-3] [INFO] [1770686646.990333187] [imu_filter]: Parameter RLController.pid_kd_ang set to 0.097743
[imu_filter_madgwick_node-3] [INFO] [1770686647.402490160] [imu_filter]: Parameter RLController.pid_kp_lin set to 1.205316
[imu_filter_madgwick_node-3] [INFO] [1770686647.402714965] [imu_filter]: Parameter RLController.pid_ki_lin set to 0.000000
[imu_filter_madgwick_node-3] [INFO] [1770686647.402806872] [imu_filter]: Parameter RLController.pid_kd_lin set to 0.020003
[imu_filter_madgwick_node-3] [INFO] [1770686647.402879930] [imu_filter]: Parameter RLController.pid_kp_ang set to 1.234463
[imu_filter_madgwick_node-3] [INFO] [1770686647.402944539] [imu_filter]: Parameter RLController.pid_ki_ang set to 0.000000
[imu_filter_madgwick_node-3] [INFO] [1770686647.403007965] [imu_filter]: Parameter RLController.pid_kd_ang set to 0.097743
[imu_filter_madgwick_node-3] [INFO] [1770686647.812569095] [imu_filter]: Parameter RLController.pid_kp_lin set to 1.205316
[imu_filter_madgwick_node-3] [INFO] [1770686647.812800525] [imu_filter]: Parameter RLController.pid_ki_lin set to 0.000000
[imu_filter_madgwick_node-3] [INFO] [1770686647.812869935] [imu_filter]: Parameter RLController.pid_kd_lin set to 0.020002
[imu_filter_madgwick_node-3] [INFO] [1770686647.812952113] [imu_filter]: Parameter RLController.pid_kp_ang set to 1.234463
[imu_filter_madgwick_node-3] [INFO] [1770686647.813011954] [imu_filter]: Parameter RLController.pid_ki_ang set to 0.000000
[imu_filter_madgwick_node-3] [INFO] [1770686647.814728574] [imu_filter]: Parameter RLController.pid_kd_ang set to 0.097743
[imu_filter_madgwick_node-3] [INFO] [1770686648.229484397] [imu_filter]: Parameter RLController.pid_kp_lin set to 1.205316
[imu_filter_madgwick_node-3] [INFO] [1770686648.234462669] [imu_filter]: Parameter RLController.pid_ki_lin set to 0.000000
[imu_filter_madgwick_node-3] [INFO] [1770686648.234669970] [imu_filter]: Parameter RLController.pid_kd_lin set to 0.020002
[imu_filter_madgwick_node-3] [INFO] [1770686648.234742932] [imu_filter]: Parameter RLController.pid_kp_ang set to 1.234463
[imu_filter_madgwick_node-3] [INFO] [1770686648.237259444] [imu_filter]: Parameter RLController.pid_ki_ang set to 0.000000
[imu_filter_madgwick_node-3] [INFO] [1770686648.239655697] [imu_filter]: Parameter RLController.pid_kd_ang set to 0.097743
[imu_filter_madgwick_node-3] [INFO] [1770686648.657674900] [imu_filter]: Parameter RLController.pid_kp_lin set to 1.205316
[imu_filter_madgwick_node-3] [INFO] [1770686648.657877113] [imu_filter]: Parameter RLController.pid_ki_lin set to 0.000000
[imu_filter_madgwick_node-3] [INFO] [1770686648.661656314] [imu_filter]: Parameter RLController.pid_kd_lin set to 0.020001
[imu_filter_madgwick_node-3] [INFO] [1770686648.661984866] [imu_filter]: Parameter RLController.pid_kp_ang set to 1.234463
[imu_filter_madgwick_node-3] [INFO] [1770686648.662066500] [imu_filter]: Parameter RLController.pid_ki_ang set to 0.000000
[imu_filter_madgwick_node-3] [INFO] [1770686648.662139302] [imu_filter]: Parameter RLController.pid_kd_ang set to 0.097743
[imu_filter_madgwick_node-3] [INFO] [1770686649.074661468] [imu_filter]: Parameter RLController.pid_kp_lin set to 1.205316
[imu_filter_madgwick_node-3] [INFO] [1770686649.074900802] [imu_filter]: Parameter RLController.pid_ki_lin set to 0.000000
[imu_filter_madgwick_node-3] [INFO] [1770686649.074991652] [imu_filter]: Parameter RLController.pid_kd_lin set to 0.020001
[imu_filter_madgwick_node-3] [INFO] [1770686649.075523186] [imu_filter]: Parameter RLController.pid_kp_ang set to 1.234463
[imu_filter_madgwick_node-3] [INFO] [1770686649.075746039] [imu_filter]: Parameter RLController.pid_ki_ang set to 0.000000
[imu_filter_madgwick_node-3] [INFO] [1770686649.075825786] [imu_filter]: Parameter RLController.pid_kd_ang set to 0.097743
[imu_filter_madgwick_node-3] [INFO] [1770686649.489968217] [imu_filter]: Parameter RLController.pid_kp_lin set to 1.205316
[imu_filter_madgwick_node-3] [INFO] [1770686649.490166238] [imu_filter]: Parameter RLController.pid_ki_lin set to 0.000000
[imu_filter_madgwick_node-3] [INFO] [1770686649.490343906] [imu_filter]: Parameter RLController.pid_kd_lin set to 0.020001
[imu_filter_madgwick_node-3] [INFO] [1770686649.490420516] [imu_filter]: Parameter RLController.pid_kp_ang set to 1.234463
[imu_filter_madgwick_node-3] [INFO] [1770686649.490482406] [imu_filter]: Parameter RLController.pid_ki_ang set to 0.000000
[imu_filter_madgwick_node-3] [INFO] [1770686649.493339759] [imu_filter]: Parameter RLController.pid_kd_ang set to 0.097743
[imu_filter_madgwick_node-3] [INFO] [1770686649.907812759] [imu_filter]: Parameter RLController.pid_kp_lin set to 1.205316
[imu_filter_madgwick_node-3] [INFO] [1770686649.912886552] [imu_filter]: Parameter RLController.pid_ki_lin set to 0.000000
[imu_filter_madgwick_node-3] [INFO] [1770686649.913189248] [imu_filter]: Parameter RLController.pid_kd_lin set to 0.020001
[imu_filter_madgwick_node-3] [INFO] [1770686649.913269602] [imu_filter]: Parameter RLController.pid_kp_ang set to 1.234463
[imu_filter_madgwick_node-3] [INFO] [1770686649.913331940] [imu_filter]: Parameter RLController.pid_ki_ang set to 0.000000
[imu_filter_madgwick_node-3] [INFO] [1770686649.913388677] [imu_filter]: Parameter RLController.pid_kd_ang set to 0.097743
[imu_filter_madgwick_node-3] [INFO] [1770686650.323824102] [imu_filter]: Parameter RLController.pid_kp_lin set to 1.205316
[imu_filter_madgwick_node-3] [INFO] [1770686650.326947350] [imu_filter]: Parameter RLController.pid_ki_lin set to 0.000000
[imu_filter_madgwick_node-3] [INFO] [1770686650.327252285] [imu_filter]: Parameter RLController.pid_kd_lin set to 0.020001
[imu_filter_madgwick_node-3] [INFO] [1770686650.327377825] [imu_filter]: Parameter RLController.pid_kp_ang set to 1.234463
[imu_filter_madgwick_node-3] [INFO] [1770686650.327446210] [imu_filter]: Parameter RLController.pid_ki_ang set to 0.000000
[imu_filter_madgwick_node-3] [INFO] [1770686650.327514276] [imu_filter]: Parameter RLController.pid_kd_ang set to 0.097743
[imu_filter_madgwick_node-3] [INFO] [1770686650.730551783] [imu_filter]: Parameter RLController.pid_kp_lin set to 1.205316
[imu_filter_madgwick_node-3] [INFO] [1770686650.730829295] [imu_filter]: Parameter RLController.pid_ki_lin set to 0.000000
[imu_filter_madgwick_node-3] [INFO] [1770686650.730911601] [imu_filter]: Parameter RLController.pid_kd_lin set to 0.020001
[imu_filter_madgwick_node-3] [INFO] [1770686650.730985203] [imu_filter]: Parameter RLController.pid_kp_ang set to 1.234463
[imu_filter_madgwick_node-3] [INFO] [1770686650.731044756] [imu_filter]: Parameter RLController.pid_ki_ang set to 0.000000
[imu_filter_madgwick_node-3] [INFO] [1770686650.731105910] [imu_filter]: Parameter RLController.pid_kd_ang set to 0.097743
[imu_filter_madgwick_node-3] [INFO] [1770686651.144668710] [imu_filter]: Parameter RLController.pid_kp_lin set to 1.205316
[imu_filter_madgwick_node-3] [INFO] [1770686651.144880299] [imu_filter]: Parameter RLController.pid_ki_lin set to 0.000000
[imu_filter_madgwick_node-3] [INFO] [1770686651.146513205] [imu_filter]: Parameter RLController.pid_kd_lin set to 0.020000
[imu_filter_madgwick_node-3] [INFO] [1770686651.146812285] [imu_filter]: Parameter RLController.pid_kp_ang set to 1.234463
[imu_filter_madgwick_node-3] [INFO] [1770686651.146905247] [imu_filter]: Parameter RLController.pid_ki_ang set to 0.000000
[imu_filter_madgwick_node-3] [INFO] [1770686651.146974625] [imu_filter]: Parameter RLController.pid_kd_ang set to 0.097743
[imu_filter_madgwick_node-3] [INFO] [1770686651.567028183] [imu_filter]: Parameter RLController.pid_kp_lin set to 1.205316
[imu_filter_madgwick_node-3] [INFO] [1770686651.567238237] [imu_filter]: Parameter RLController.pid_ki_lin set to 0.000000
[imu_filter_madgwick_node-3] [INFO] [1770686651.567315551] [imu_filter]: Parameter RLController.pid_kd_lin set to 0.020000
[imu_filter_madgwick_node-3] [INFO] [1770686651.567380096] [imu_filter]: Parameter RLController.pid_kp_ang set to 1.234463
[imu_filter_madgwick_node-3] [INFO] [1770686651.567438466] [imu_filter]: Parameter RLController.pid_ki_ang set to 0.000000
[imu_filter_madgwick_node-3] [INFO] [1770686651.567500900] [imu_filter]: Parameter RLController.pid_kd_ang set to 0.097743
[imu_filter_madgwick_node-3] [INFO] [1770686651.984596270] [imu_filter]: Parameter RLController.pid_kp_lin set to 1.205316
[imu_filter_madgwick_node-3] [INFO] [1770686651.984803860] [imu_filter]: Parameter RLController.pid_ki_lin set to 0.000000
[imu_filter_madgwick_node-3] [INFO] [1770686651.984881270] [imu_filter]: Parameter RLController.pid_kd_lin set to 0.020000
[imu_filter_madgwick_node-3] [INFO] [1770686651.984944951] [imu_filter]: Parameter RLController.pid_kp_ang set to 1.234463
[imu_filter_madgwick_node-3] [INFO] [1770686651.985003001] [imu_filter]: Parameter RLController.pid_ki_ang set to 0.000000
[imu_filter_madgwick_node-3] [INFO] [1770686651.985062810] [imu_filter]: Parameter RLController.pid_kd_ang set to 0.097743
[imu_filter_madgwick_node-3] [INFO] [1770686652.395132497] [imu_filter]: Parameter RLController.pid_kp_lin set to 1.205316
[imu_filter_madgwick_node-3] [INFO] [1770686652.395348503] [imu_filter]: Parameter RLController.pid_ki_lin set to 0.000000
[imu_filter_madgwick_node-3] [INFO] [1770686652.398658444] [imu_filter]: Parameter RLController.pid_kd_lin set to 0.020000
[imu_filter_madgwick_node-3] [INFO] [1770686652.398972372] [imu_filter]: Parameter RLController.pid_kp_ang set to 1.234463
[imu_filter_madgwick_node-3] [INFO] [1770686652.399066102] [imu_filter]: Parameter RLController.pid_ki_ang set to 0.000000
[imu_filter_madgwick_node-3] [INFO] [1770686652.399142168] [imu_filter]: Parameter RLController.pid_kd_ang set to 0.097743
[imu_filter_madgwick_node-3] [INFO] [1770686652.809847903] [imu_filter]: Parameter RLController.pid_kp_lin set to 1.205316
[imu_filter_madgwick_node-3] [INFO] [1770686652.810066949] [imu_filter]: Parameter RLController.pid_ki_lin set to 0.000000
[imu_filter_madgwick_node-3] [INFO] [1770686652.810147079] [imu_filter]: Parameter RLController.pid_kd_lin set to 0.020000
[imu_filter_madgwick_node-3] [INFO] [1770686652.810439182] [imu_filter]: Parameter RLController.pid_kp_ang set to 1.234463
[imu_filter_madgwick_node-3] [INFO] [1770686652.810535217] [imu_filter]: Parameter RLController.pid_ki_ang set to 0.000000
[imu_filter_madgwick_node-3] [INFO] [1770686652.810602547] [imu_filter]: Parameter RLController.pid_kd_ang set to 0.097743
[imu_filter_madgwick_node-3] [INFO] [1770686653.252377941] [imu_filter]: Parameter RLController.pid_kp_lin set to 1.205316
[imu_filter_madgwick_node-3] [INFO] [1770686653.255587207] [imu_filter]: Parameter RLController.pid_ki_lin set to 0.000000
[imu_filter_madgwick_node-3] [INFO] [1770686653.255767595] [imu_filter]: Parameter RLController.pid_kd_lin set to 0.020000
[imu_filter_madgwick_node-3] [INFO] [1770686653.255835757] [imu_filter]: Parameter RLController.pid_kp_ang set to 1.234463
[imu_filter_madgwick_node-3] [INFO] [1770686653.255899695] [imu_filter]: Parameter RLController.pid_ki_ang set to 0.000000
[imu_filter_madgwick_node-3] [INFO] [1770686653.255962544] [imu_filter]: Parameter RLController.pid_kd_ang set to 0.097743
[imu_filter_madgwick_node-3] [INFO] [1770686653.675972870] [imu_filter]: Parameter RLController.pid_kp_lin set to 1.205316
[imu_filter_madgwick_node-3] [INFO] [1770686653.676322959] [imu_filter]: Parameter RLController.pid_ki_lin set to 0.000000
[imu_filter_madgwick_node-3] [INFO] [1770686653.676475986] [imu_filter]: Parameter RLController.pid_kd_lin set to 0.020000
[imu_filter_madgwick_node-3] [INFO] [1770686653.676551060] [imu_filter]: Parameter RLController.pid_kp_ang set to 1.234463
[imu_filter_madgwick_node-3] [INFO] [1770686653.676618230] [imu_filter]: Parameter RLController.pid_ki_ang set to 0.000000
[imu_filter_madgwick_node-3] [INFO] [1770686653.676682328] [imu_filter]: Parameter RLController.pid_kd_ang set to 0.097743
[imu_filter_madgwick_node-3] [INFO] [1770686654.091939571] [imu_filter]: Parameter RLController.pid_kp_lin set to 1.205316
[imu_filter_madgwick_node-3] [INFO] [1770686654.093896614] [imu_filter]: Parameter RLController.pid_ki_lin set to 0.000000
[imu_filter_madgwick_node-3] [INFO] [1770686654.094125227] [imu_filter]: Parameter RLController.pid_kd_lin set to 0.020000
[imu_filter_madgwick_node-3] [INFO] [1770686654.094219662] [imu_filter]: Parameter RLController.pid_kp_ang set to 1.234463
[imu_filter_madgwick_node-3] [INFO] [1770686654.094284591] [imu_filter]: Parameter RLController.pid_ki_ang set to 0.000000
[imu_filter_madgwick_node-3] [INFO] [1770686654.094349073] [imu_filter]: Parameter RLController.pid_kd_ang set to 0.097743
[imu_filter_madgwick_node-3] [INFO] [1770686654.518275083] [imu_filter]: Parameter RLController.pid_kp_lin set to 1.205316
[imu_filter_madgwick_node-3] [INFO] [1770686654.518637204] [imu_filter]: Parameter RLController.pid_ki_lin set to 0.000000
[imu_filter_madgwick_node-3] [INFO] [1770686654.518776983] [imu_filter]: Parameter RLController.pid_kd_lin set to 0.020000
[imu_filter_madgwick_node-3] [INFO] [1770686654.518853881] [imu_filter]: Parameter RLController.pid_kp_ang set to 1.234463
[imu_filter_madgwick_node-3] [INFO] [1770686654.518921115] [imu_filter]: Parameter RLController.pid_ki_ang set to 0.000000
[imu_filter_madgwick_node-3] [INFO] [1770686654.518986045] [imu_filter]: Parameter RLController.pid_kd_ang set to 0.097743
[imu_filter_madgwick_node-3] [INFO] [1770686654.943459140] [imu_filter]: Parameter RLController.pid_kp_lin set to 1.205316
[imu_filter_madgwick_node-3] [INFO] [1770686654.943679850] [imu_filter]: Parameter RLController.pid_ki_lin set to 0.000000
[imu_filter_madgwick_node-3] [INFO] [1770686654.943756012] [imu_filter]: Parameter RLController.pid_kd_lin set to 0.020000
[imu_filter_madgwick_node-3] [INFO] [1770686654.943825646] [imu_filter]: Parameter RLController.pid_kp_ang set to 1.234463
[imu_filter_madgwick_node-3] [INFO] [1770686654.943886479] [imu_filter]: Parameter RLController.pid_ki_ang set to 0.000000
[imu_filter_madgwick_node-3] [INFO] [1770686654.943946225] [imu_filter]: Parameter RLController.pid_kd_ang set to 0.097743
[imu_filter_madgwick_node-3] [INFO] [1770686655.360994138] [imu_filter]: Parameter RLController.pid_kp_lin set to 1.205316
[imu_filter_madgwick_node-3] [INFO] [1770686655.362976845] [imu_filter]: Parameter RLController.pid_ki_lin set to 0.000000
[imu_filter_madgwick_node-3] [INFO] [1770686655.363263124] [imu_filter]: Parameter RLController.pid_kd_lin set to 0.020000
[imu_filter_madgwick_node-3] [INFO] [1770686655.363365399] [imu_filter]: Parameter RLController.pid_kp_ang set to 1.234463
[imu_filter_madgwick_node-3] [INFO] [1770686655.363442841] [imu_filter]: Parameter RLController.pid_ki_ang set to 0.000000
[imu_filter_madgwick_node-3] [INFO] [1770686655.363513371] [imu_filter]: Parameter RLController.pid_kd_ang set to 0.097743
[imu_filter_madgwick_node-3] [INFO] [1770686655.779615180] [imu_filter]: Parameter RLController.pid_kp_lin set to 1.205316
[imu_filter_madgwick_node-3] [INFO] [1770686655.780066808] [imu_filter]: Parameter RLController.pid_ki_lin set to 0.000000
[imu_filter_madgwick_node-3] [INFO] [1770686655.780309342] [imu_filter]: Parameter RLController.pid_kd_lin set to 0.020000
[imu_filter_madgwick_node-3] [INFO] [1770686655.780435137] [imu_filter]: Parameter RLController.pid_kp_ang set to 1.234463
[imu_filter_madgwick_node-3] [INFO] [1770686655.780505379] [imu_filter]: Parameter RLController.pid_ki_ang set to 0.000000
[imu_filter_madgwick_node-3] [INFO] [1770686655.780566404] [imu_filter]: Parameter RLController.pid_kd_ang set to 0.097743
[imu_filter_madgwick_node-3] [INFO] [1770686656.219994026] [imu_filter]: Parameter RLController.pid_kp_lin set to 1.205316
[imu_filter_madgwick_node-3] [INFO] [1770686656.220246129] [imu_filter]: Parameter RLController.pid_ki_lin set to 0.000000
[imu_filter_madgwick_node-3] [INFO] [1770686656.220339635] [imu_filter]: Parameter RLController.pid_kd_lin set to 0.020000
[imu_filter_madgwick_node-3] [INFO] [1770686656.220530680] [imu_filter]: Parameter RLController.pid_kp_ang set to 1.234463
[imu_filter_madgwick_node-3] [INFO] [1770686656.220603034] [imu_filter]: Parameter RLController.pid_ki_ang set to 0.000000
[imu_filter_madgwick_node-3] [INFO] [1770686656.220665275] [imu_filter]: Parameter RLController.pid_kd_ang set to 0.097743
[imu_filter_madgwick_node-3] [INFO] [1770686656.625365289] [imu_filter]: Parameter RLController.pid_kp_lin set to 1.205316
[imu_filter_madgwick_node-3] [INFO] [1770686656.626385859] [imu_filter]: Parameter RLController.pid_ki_lin set to 0.000000
[imu_filter_madgwick_node-3] [INFO] [1770686656.626621193] [imu_filter]: Parameter RLController.pid_kd_lin set to 0.020000
[imu_filter_madgwick_node-3] [INFO] [1770686656.626702891] [imu_filter]: Parameter RLController.pid_kp_ang set to 1.234463
[imu_filter_madgwick_node-3] [INFO] [1770686656.626771693] [imu_filter]: Parameter RLController.pid_ki_ang set to 0.000000
[imu_filter_madgwick_node-3] [INFO] [1770686656.626833711] [imu_filter]: Parameter RLController.pid_kd_ang set to 0.097743
[imu_filter_madgwick_node-3] [INFO] [1770686657.045008597] [imu_filter]: Parameter RLController.pid_kp_lin set to 1.205316
[imu_filter_madgwick_node-3] [INFO] [1770686657.045239963] [imu_filter]: Parameter RLController.pid_ki_lin set to 0.000000
[imu_filter_madgwick_node-3] [INFO] [1770686657.045332894] [imu_filter]: Parameter RLController.pid_kd_lin set to 0.020000
[imu_filter_madgwick_node-3] [INFO] [1770686657.045409695] [imu_filter]: Parameter RLController.pid_kp_ang set to 1.234463
[imu_filter_madgwick_node-3] [INFO] [1770686657.047229038] [imu_filter]: Parameter RLController.pid_ki_ang set to 0.000000
[imu_filter_madgwick_node-3] [INFO] [1770686657.047367762] [imu_filter]: Parameter RLController.pid_kd_ang set to 0.097743
[imu_filter_madgwick_node-3] [INFO] [1770686657.467010941] [imu_filter]: Parameter RLController.pid_kp_lin set to 1.205316
[imu_filter_madgwick_node-3] [INFO] [1770686657.467360646] [imu_filter]: Parameter RLController.pid_ki_lin set to 0.000000
[imu_filter_madgwick_node-3] [INFO] [1770686657.467438344] [imu_filter]: Parameter RLController.pid_kd_lin set to 0.020000
[imu_filter_madgwick_node-3] [INFO] [1770686657.467521867] [imu_filter]: Parameter RLController.pid_kp_ang set to 1.234463
[imu_filter_madgwick_node-3] [INFO] [1770686657.467587948] [imu_filter]: Parameter RLController.pid_ki_ang set to 0.000000
[imu_filter_madgwick_node-3] [INFO] [1770686657.467656142] [imu_filter]: Parameter RLController.pid_kd_ang set to 0.097743
[imu_filter_madgwick_node-3] [INFO] [1770686657.895831924] [imu_filter]: Parameter RLController.pid_kp_lin set to 1.205316
[imu_filter_madgwick_node-3] [INFO] [1770686657.896011705] [imu_filter]: Parameter RLController.pid_ki_lin set to 0.000000
[imu_filter_madgwick_node-3] [INFO] [1770686657.896088763] [imu_filter]: Parameter RLController.pid_kd_lin set to 0.020000
[imu_filter_madgwick_node-3] [INFO] [1770686657.899464849] [imu_filter]: Parameter RLController.pid_kp_ang set to 1.234463
[imu_filter_madgwick_node-3] [INFO] [1770686657.899658422] [imu_filter]: Parameter RLController.pid_ki_ang set to 0.000000
[imu_filter_madgwick_node-3] [INFO] [1770686657.899749624] [imu_filter]: Parameter RLController.pid_kd_ang set to 0.097743
[imu_filter_madgwick_node-3] [INFO] [1770686658.315602627] [imu_filter]: Parameter RLController.pid_kp_lin set to 1.205316
[imu_filter_madgwick_node-3] [INFO] [1770686658.315824585] [imu_filter]: Parameter RLController.pid_ki_lin set to 0.000000
[imu_filter_madgwick_node-3] [INFO] [1770686658.315897131] [imu_filter]: Parameter RLController.pid_kd_lin set to 0.020000
[imu_filter_madgwick_node-3] [INFO] [1770686658.315966413] [imu_filter]: Parameter RLController.pid_kp_ang set to 1.234463
[imu_filter_madgwick_node-3] [INFO] [1770686658.316022222] [imu_filter]: Parameter RLController.pid_ki_ang set to 0.000000
[imu_filter_madgwick_node-3] [INFO] [1770686658.316083248] [imu_filter]: Parameter RLController.pid_kd_ang set to 0.097743
[imu_filter_madgwick_node-3] [INFO] [1770686658.725514966] [imu_filter]: Parameter RLController.pid_kp_lin set to 1.205316
[imu_filter_madgwick_node-3] [INFO] [1770686658.725722332] [imu_filter]: Parameter RLController.pid_ki_lin set to 0.000000
[imu_filter_madgwick_node-3] [INFO] [1770686658.725792766] [imu_filter]: Parameter RLController.pid_kd_lin set to 0.020000
[imu_filter_madgwick_node-3] [INFO] [1770686658.725856159] [imu_filter]: Parameter RLController.pid_kp_ang set to 1.234463
[imu_filter_madgwick_node-3] [INFO] [1770686658.725913761] [imu_filter]: Parameter RLController.pid_ki_ang set to 0.000000
[imu_filter_madgwick_node-3] [INFO] [1770686658.725971554] [imu_filter]: Parameter RLController.pid_kd_ang set to 0.097743
[imu_filter_madgwick_node-3] [INFO] [1770686659.135899798] [imu_filter]: Parameter RLController.pid_kp_lin set to 1.205316
[imu_filter_madgwick_node-3] [INFO] [1770686659.136136316] [imu_filter]: Parameter RLController.pid_ki_lin set to 0.000000
[imu_filter_madgwick_node-3] [INFO] [1770686659.136248735] [imu_filter]: Parameter RLController.pid_kd_lin set to 0.020000
[imu_filter_madgwick_node-3] [INFO] [1770686659.136327329] [imu_filter]: Parameter RLController.pid_kp_ang set to 1.234463
[imu_filter_madgwick_node-3] [INFO] [1770686659.136390274] [imu_filter]: Parameter RLController.pid_ki_ang set to 0.000000
[imu_filter_madgwick_node-3] [INFO] [1770686659.136566471] [imu_filter]: Parameter RLController.pid_kd_ang set to 0.097743
[imu_filter_madgwick_node-3] [INFO] [1770686659.539605354] [imu_filter]: Parameter RLController.pid_kp_lin set to 1.205316
[imu_filter_madgwick_node-3] [INFO] [1770686659.540383038] [imu_filter]: Parameter RLController.pid_ki_lin set to 0.000000
[imu_filter_madgwick_node-3] [INFO] [1770686659.540523521] [imu_filter]: Parameter RLController.pid_kd_lin set to 0.020000
[imu_filter_madgwick_node-3] [INFO] [1770686659.540596131] [imu_filter]: Parameter RLController.pid_kp_ang set to 1.234463
[imu_filter_madgwick_node-3] [INFO] [1770686659.540696134] [imu_filter]: Parameter RLController.pid_ki_ang set to 0.000000
[imu_filter_madgwick_node-3] [INFO] [1770686659.540767208] [imu_filter]: Parameter RLController.pid_kd_ang set to 0.097743
[imu_filter_madgwick_node-3] [INFO] [1770686659.966647187] [imu_filter]: Parameter RLController.pid_kp_lin set to 1.205316
[imu_filter_madgwick_node-3] [INFO] [1770686659.970086955] [imu_filter]: Parameter RLController.pid_ki_lin set to 0.000000
[imu_filter_madgwick_node-3] [INFO] [1770686659.970421428] [imu_filter]: Parameter RLController.pid_kd_lin set to 0.020000
[imu_filter_madgwick_node-3] [INFO] [1770686659.970522806] [imu_filter]: Parameter RLController.pid_kp_ang set to 1.234463
[imu_filter_madgwick_node-3] [INFO] [1770686659.970596504] [imu_filter]: Parameter RLController.pid_ki_ang set to 0.000000
[imu_filter_madgwick_node-3] [INFO] [1770686659.970660250] [imu_filter]: Parameter RLController.pid_kd_ang set to 0.097743
[imu_filter_madgwick_node-3] [INFO] [1770686660.402234167] [imu_filter]: Parameter RLController.pid_kp_lin set to 1.205316
[imu_filter_madgwick_node-3] [INFO] [1770686660.402446972] [imu_filter]: Parameter RLController.pid_ki_lin set to 0.000000
[imu_filter_madgwick_node-3] [INFO] [1770686660.402526430] [imu_filter]: Parameter RLController.pid_kd_lin set to 0.020000
[imu_filter_madgwick_node-3] [INFO] [1770686660.402593120] [imu_filter]: Parameter RLController.pid_kp_ang set to 1.234463
[imu_filter_madgwick_node-3] [INFO] [1770686660.402659362] [imu_filter]: Parameter RLController.pid_ki_ang set to 0.000000
[imu_filter_madgwick_node-3] [INFO] [1770686660.402861223] [imu_filter]: Parameter RLController.pid_kd_ang set to 0.097743
[imu_filter_madgwick_node-3] [INFO] [1770686660.807045415] [imu_filter]: Parameter RLController.pid_kp_lin set to 1.205316
[imu_filter_madgwick_node-3] [INFO] [1770686660.810713317] [imu_filter]: Parameter RLController.pid_ki_lin set to 0.000000
[imu_filter_madgwick_node-3] [INFO] [1770686660.810900874] [imu_filter]: Parameter RLController.pid_kd_lin set to 0.020000
[imu_filter_madgwick_node-3] [INFO] [1770686660.810977548] [imu_filter]: Parameter RLController.pid_kp_ang set to 1.234463
[imu_filter_madgwick_node-3] [INFO] [1770686660.811043790] [imu_filter]: Parameter RLController.pid_ki_ang set to 0.000000
[imu_filter_madgwick_node-3] [INFO] [1770686660.811104847] [imu_filter]: Parameter RLController.pid_kd_ang set to 0.097743
[imu_filter_madgwick_node-3] [INFO] [1770686661.240338576] [imu_filter]: Parameter RLController.pid_kp_lin set to 1.205316
[imu_filter_madgwick_node-3] [INFO] [1770686661.240712218] [imu_filter]: Parameter RLController.pid_ki_lin set to 0.000000
[imu_filter_madgwick_node-3] [INFO] [1770686661.240792892] [imu_filter]: Parameter RLController.pid_kd_lin set to 0.020000
[imu_filter_madgwick_node-3] [INFO] [1770686661.240862558] [imu_filter]: Parameter RLController.pid_kp_ang set to 1.234463
[imu_filter_madgwick_node-3] [INFO] [1770686661.240924927] [imu_filter]: Parameter RLController.pid_ki_ang set to 0.000000
[imu_filter_madgwick_node-3] [INFO] [1770686661.240987457] [imu_filter]: Parameter RLController.pid_kd_ang set to 0.097743
[imu_filter_madgwick_node-3] [INFO] [1770686661.657028977] [imu_filter]: Parameter RLController.pid_kp_lin set to 1.205316
[imu_filter_madgwick_node-3] [INFO] [1770686661.657441307] [imu_filter]: Parameter RLController.pid_ki_lin set to 0.000000
[imu_filter_madgwick_node-3] [INFO] [1770686661.657544830] [imu_filter]: Parameter RLController.pid_kd_lin set to 0.020000
[imu_filter_madgwick_node-3] [INFO] [1770686661.657613216] [imu_filter]: Parameter RLController.pid_kp_ang set to 1.234463
[imu_filter_madgwick_node-3] [INFO] [1770686661.657670817] [imu_filter]: Parameter RLController.pid_ki_ang set to 0.000000
[imu_filter_madgwick_node-3] [INFO] [1770686661.657936264] [imu_filter]: Parameter RLController.pid_kd_ang set to 0.097743
[imu_filter_madgwick_node-3] [INFO] [1770686662.071185137] [imu_filter]: Parameter RLController.pid_kp_lin set to 1.205316
[imu_filter_madgwick_node-3] [INFO] [1770686662.071392918] [imu_filter]: Parameter RLController.pid_ki_lin set to 0.000000
[imu_filter_madgwick_node-3] [INFO] [1770686662.071470424] [imu_filter]: Parameter RLController.pid_kd_lin set to 0.020000
[imu_filter_madgwick_node-3] [INFO] [1770686662.071538138] [imu_filter]: Parameter RLController.pid_kp_ang set to 1.234463
[imu_filter_madgwick_node-3] [INFO] [1770686662.071599195] [imu_filter]: Parameter RLController.pid_ki_ang set to 0.000000
[imu_filter_madgwick_node-3] [INFO] [1770686662.074189501] [imu_filter]: Parameter RLController.pid_kd_ang set to 0.097743
[imu_filter_madgwick_node-3] [INFO] [1770686662.484784578] [imu_filter]: Parameter RLController.pid_kp_lin set to 1.205316
[imu_filter_madgwick_node-3] [INFO] [1770686662.484992999] [imu_filter]: Parameter RLController.pid_ki_lin set to 0.000000
[imu_filter_madgwick_node-3] [INFO] [1770686662.485079593] [imu_filter]: Parameter RLController.pid_kd_lin set to 0.020000
[imu_filter_madgwick_node-3] [INFO] [1770686662.485146891] [imu_filter]: Parameter RLController.pid_kp_ang set to 1.234463
[imu_filter_madgwick_node-3] [INFO] [1770686662.485206669] [imu_filter]: Parameter RLController.pid_ki_ang set to 0.000000
[imu_filter_madgwick_node-3] [INFO] [1770686662.485270798] [imu_filter]: Parameter RLController.pid_kd_ang set to 0.097743
[imu_filter_madgwick_node-3] [INFO] [1770686662.901727113] [imu_filter]: Parameter RLController.pid_kp_lin set to 1.205316
[imu_filter_madgwick_node-3] [INFO] [1770686662.901940974] [imu_filter]: Parameter RLController.pid_ki_lin set to 0.000000
[imu_filter_madgwick_node-3] [INFO] [1770686662.902158740] [imu_filter]: Parameter RLController.pid_kd_lin set to 0.020000
[imu_filter_madgwick_node-3] [INFO] [1770686662.902234390] [imu_filter]: Parameter RLController.pid_kp_ang set to 1.234463
[imu_filter_madgwick_node-3] [INFO] [1770686662.902295063] [imu_filter]: Parameter RLController.pid_ki_ang set to 0.000000
[imu_filter_madgwick_node-3] [INFO] [1770686662.902354841] [imu_filter]: Parameter RLController.pid_kd_ang set to 0.097743
[imu_filter_madgwick_node-3] [INFO] [1770686663.331595354] [imu_filter]: Parameter RLController.pid_kp_lin set to 1.205316
[imu_filter_madgwick_node-3] [INFO] [1770686663.331803872] [imu_filter]: Parameter RLController.pid_ki_lin set to 0.000000
[imu_filter_madgwick_node-3] [INFO] [1770686663.331890850] [imu_filter]: Parameter RLController.pid_kd_lin set to 0.020000
[imu_filter_madgwick_node-3] [INFO] [1770686663.331965124] [imu_filter]: Parameter RLController.pid_kp_ang set to 1.234463
[imu_filter_madgwick_node-3] [INFO] [1770686663.332033797] [imu_filter]: Parameter RLController.pid_ki_ang set to 0.000000
[imu_filter_madgwick_node-3] [INFO] [1770686663.332100103] [imu_filter]: Parameter RLController.pid_kd_ang set to 0.097743
[imu_filter_madgwick_node-3] [INFO] [1770686663.738831497] [imu_filter]: Parameter RLController.pid_kp_lin set to 1.205316
[imu_filter_madgwick_node-3] [INFO] [1770686663.739038190] [imu_filter]: Parameter RLController.pid_ki_lin set to 0.000000
[imu_filter_madgwick_node-3] [INFO] [1770686663.739119184] [imu_filter]: Parameter RLController.pid_kd_lin set to 0.020000
[imu_filter_madgwick_node-3] [INFO] [1770686663.739188210] [imu_filter]: Parameter RLController.pid_kp_ang set to 1.234463
[imu_filter_madgwick_node-3] [INFO] [1770686663.739251988] [imu_filter]: Parameter RLController.pid_ki_ang set to 0.000000
[imu_filter_madgwick_node-3] [INFO] [1770686663.739311637] [imu_filter]: Parameter RLController.pid_kd_ang set to 0.097743
[imu_filter_madgwick_node-3] [INFO] [1770686664.154643475] [imu_filter]: Parameter RLController.pid_kp_lin set to 1.205316
[imu_filter_madgwick_node-3] [INFO] [1770686664.154929594] [imu_filter]: Parameter RLController.pid_ki_lin set to 0.000000
[imu_filter_madgwick_node-3] [INFO] [1770686664.157398457] [imu_filter]: Parameter RLController.pid_kd_lin set to 0.020000
[imu_filter_madgwick_node-3] [INFO] [1770686664.157563582] [imu_filter]: Parameter RLController.pid_kp_ang set to 1.234463
[imu_filter_madgwick_node-3] [INFO] [1770686664.157632671] [imu_filter]: Parameter RLController.pid_ki_ang set to 0.000000
[imu_filter_madgwick_node-3] [INFO] [1770686664.157695617] [imu_filter]: Parameter RLController.pid_kd_ang set to 0.097743
[imu_filter_madgwick_node-3] [INFO] [1770686664.598912469] [imu_filter]: Parameter RLController.pid_kp_lin set to 1.205316
[imu_filter_madgwick_node-3] [INFO] [1770686664.602126983] [imu_filter]: Parameter RLController.pid_ki_lin set to 0.000000
[imu_filter_madgwick_node-3] [INFO] [1770686664.602448847] [imu_filter]: Parameter RLController.pid_kd_lin set to 0.020000
[imu_filter_madgwick_node-3] [INFO] [1770686664.602533105] [imu_filter]: Parameter RLController.pid_kp_ang set to 1.234463
[imu_filter_madgwick_node-3] [INFO] [1770686664.602596723] [imu_filter]: Parameter RLController.pid_ki_ang set to 0.000000
[imu_filter_madgwick_node-3] [INFO] [1770686664.602657108] [imu_filter]: Parameter RLController.pid_kd_ang set to 0.097743
[imu_filter_madgwick_node-3] [INFO] [1770686665.013626402] [imu_filter]: Parameter RLController.pid_kp_lin set to 1.205316
[imu_filter_madgwick_node-3] [INFO] [1770686665.013843528] [imu_filter]: Parameter RLController.pid_ki_lin set to 0.000000
[imu_filter_madgwick_node-3] [INFO] [1770686665.013919786] [imu_filter]: Parameter RLController.pid_kd_lin set to 0.020000
[imu_filter_madgwick_node-3] [INFO] [1770686665.013989260] [imu_filter]: Parameter RLController.pid_kp_ang set to 1.234463
[imu_filter_madgwick_node-3] [INFO] [1770686665.014051949] [imu_filter]: Parameter RLController.pid_ki_ang set to 0.000000
[imu_filter_madgwick_node-3] [INFO] [1770686665.014110671] [imu_filter]: Parameter RLController.pid_kd_ang set to 0.097743
[imu_filter_madgwick_node-3] [INFO] [1770686665.434591152] [imu_filter]: Parameter RLController.pid_kp_lin set to 1.205316
[imu_filter_madgwick_node-3] [INFO] [1770686665.435009659] [imu_filter]: Parameter RLController.pid_ki_lin set to 0.000000
[imu_filter_madgwick_node-3] [INFO] [1770686665.435299042] [imu_filter]: Parameter RLController.pid_kd_lin set to 0.020000
[imu_filter_madgwick_node-3] [INFO] [1770686665.435428454] [imu_filter]: Parameter RLController.pid_kp_ang set to 1.234463
[imu_filter_madgwick_node-3] [INFO] [1770686665.435501319] [imu_filter]: Parameter RLController.pid_ki_ang set to 0.000000
[imu_filter_madgwick_node-3] [INFO] [1770686665.435570153] [imu_filter]: Parameter RLController.pid_kd_ang set to 0.097743
[imu_filter_madgwick_node-3] [INFO] [1770686665.853744720] [imu_filter]: Parameter RLController.pid_kp_lin set to 1.205316
[imu_filter_madgwick_node-3] [INFO] [1770686665.856411860] [imu_filter]: Parameter RLController.pid_ki_lin set to 0.000000
[imu_filter_madgwick_node-3] [INFO] [1770686665.856591736] [imu_filter]: Parameter RLController.pid_kd_lin set to 0.020000
[imu_filter_madgwick_node-3] [INFO] [1770686665.856694683] [imu_filter]: Parameter RLController.pid_kp_ang set to 1.234463
[imu_filter_madgwick_node-3] [INFO] [1770686665.856761501] [imu_filter]: Parameter RLController.pid_ki_ang set to 0.000000
[imu_filter_madgwick_node-3] [INFO] [1770686665.856825470] [imu_filter]: Parameter RLController.pid_kd_ang set to 0.097743
[imu_filter_madgwick_node-3] [INFO] [1770686666.271122978] [imu_filter]: Parameter RLController.pid_kp_lin set to 1.205316
[imu_filter_madgwick_node-3] [INFO] [1770686666.271340423] [imu_filter]: Parameter RLController.pid_ki_lin set to 0.000000
[imu_filter_madgwick_node-3] [INFO] [1770686666.271429161] [imu_filter]: Parameter RLController.pid_kd_lin set to 0.020000
[imu_filter_madgwick_node-3] [INFO] [1770686666.271520876] [imu_filter]: Parameter RLController.pid_kp_ang set to 1.234463
[imu_filter_madgwick_node-3] [INFO] [1770686666.271587982] [imu_filter]: Parameter RLController.pid_ki_ang set to 0.000000
[imu_filter_madgwick_node-3] [INFO] [1770686666.271654159] [imu_filter]: Parameter RLController.pid_kd_ang set to 0.097743
[imu_filter_madgwick_node-3] [INFO] [1770686666.690186655] [imu_filter]: Parameter RLController.pid_kp_lin set to 1.205316
[imu_filter_madgwick_node-3] [INFO] [1770686666.690528456] [imu_filter]: Parameter RLController.pid_ki_lin set to 0.000000
[imu_filter_madgwick_node-3] [INFO] [1770686666.690617450] [imu_filter]: Parameter RLController.pid_kd_lin set to 0.020000
[imu_filter_madgwick_node-3] [INFO] [1770686666.690685644] [imu_filter]: Parameter RLController.pid_kp_ang set to 1.234463
[imu_filter_madgwick_node-3] [INFO] [1770686666.690746189] [imu_filter]: Parameter RLController.pid_ki_ang set to 0.000000
[imu_filter_madgwick_node-3] [INFO] [1770686666.690806543] [imu_filter]: Parameter RLController.pid_kd_ang set to 0.097743
[imu_filter_madgwick_node-3] [INFO] [1770686667.114000245] [imu_filter]: Parameter RLController.pid_kp_lin set to 1.205316
[imu_filter_madgwick_node-3] [INFO] [1770686667.114223451] [imu_filter]: Parameter RLController.pid_ki_lin set to 0.000000
[imu_filter_madgwick_node-3] [INFO] [1770686667.114299357] [imu_filter]: Parameter RLController.pid_kd_lin set to 0.020000
[imu_filter_madgwick_node-3] [INFO] [1770686667.114367743] [imu_filter]: Parameter RLController.pid_kp_ang set to 1.234463
[imu_filter_madgwick_node-3] [INFO] [1770686667.114426752] [imu_filter]: Parameter RLController.pid_ki_ang set to 0.000000
[imu_filter_madgwick_node-3] [INFO] [1770686667.114485346] [imu_filter]: Parameter RLController.pid_kd_ang set to 0.097743
[imu_filter_madgwick_node-3] [INFO] [1770686667.529580697] [imu_filter]: Parameter RLController.pid_kp_lin set to 1.205316
[imu_filter_madgwick_node-3] [INFO] [1770686667.529786047] [imu_filter]: Parameter RLController.pid_ki_lin set to 0.000000
[imu_filter_madgwick_node-3] [INFO] [1770686667.531594541] [imu_filter]: Parameter RLController.pid_kd_lin set to 0.020000
[imu_filter_madgwick_node-3] [INFO] [1770686667.531763409] [imu_filter]: Parameter RLController.pid_kp_ang set to 1.234463
[imu_filter_madgwick_node-3] [INFO] [1770686667.531838707] [imu_filter]: Parameter RLController.pid_ki_ang set to 0.000000
[imu_filter_madgwick_node-3] [INFO] [1770686667.531902965] [imu_filter]: Parameter RLController.pid_kd_ang set to 0.097743
[imu_filter_madgwick_node-3] [INFO] [1770686667.951386973] [imu_filter]: Parameter RLController.pid_kp_lin set to 1.205316
[imu_filter_madgwick_node-3] [INFO] [1770686667.951571393] [imu_filter]: Parameter RLController.pid_ki_lin set to 0.000000
[imu_filter_madgwick_node-3] [INFO] [1770686667.951646339] [imu_filter]: Parameter RLController.pid_kd_lin set to 0.020000
[imu_filter_madgwick_node-3] [INFO] [1770686667.951733638] [imu_filter]: Parameter RLController.pid_kp_ang set to 1.234463
[imu_filter_madgwick_node-3] [INFO] [1770686667.951799047] [imu_filter]: Parameter RLController.pid_ki_ang set to 0.000000
[imu_filter_madgwick_node-3] [INFO] [1770686667.951860937] [imu_filter]: Parameter RLController.pid_kd_ang set to 0.097743
[imu_filter_madgwick_node-3] [INFO] [1770686668.367147717] [imu_filter]: Parameter RLController.pid_kp_lin set to 1.205316
[imu_filter_madgwick_node-3] [INFO] [1770686668.367367819] [imu_filter]: Parameter RLController.pid_ki_lin set to 0.000000
[imu_filter_madgwick_node-3] [INFO] [1770686668.367451821] [imu_filter]: Parameter RLController.pid_kd_lin set to 0.020000
[imu_filter_madgwick_node-3] [INFO] [1770686668.367639634] [imu_filter]: Parameter RLController.pid_kp_ang set to 1.234463
[imu_filter_madgwick_node-3] [INFO] [1770686668.367709012] [imu_filter]: Parameter RLController.pid_ki_ang set to 0.000000
[imu_filter_madgwick_node-3] [INFO] [1770686668.367770133] [imu_filter]: Parameter RLController.pid_kd_ang set to 0.097743
[imu_filter_madgwick_node-3] [INFO] [1770686668.793659329] [imu_filter]: Parameter RLController.pid_kp_lin set to 1.205316
[imu_filter_madgwick_node-3] [INFO] [1770686668.794067211] [imu_filter]: Parameter RLController.pid_ki_lin set to 0.000000
[imu_filter_madgwick_node-3] [INFO] [1770686668.794161742] [imu_filter]: Parameter RLController.pid_kd_lin set to 0.020000
[imu_filter_madgwick_node-3] [INFO] [1770686668.796718991] [imu_filter]: Parameter RLController.pid_kp_ang set to 1.234463
[imu_filter_madgwick_node-3] [INFO] [1770686668.796908980] [imu_filter]: Parameter RLController.pid_ki_ang set to 0.000000
[imu_filter_madgwick_node-3] [INFO] [1770686668.796983478] [imu_filter]: Parameter RLController.pid_kd_ang set to 0.097743
[imu_filter_madgwick_node-3] [INFO] [1770686669.209077121] [imu_filter]: Parameter RLController.pid_kp_lin set to 1.205316
[imu_filter_madgwick_node-3] [INFO] [1770686669.209314183] [imu_filter]: Parameter RLController.pid_ki_lin set to 0.000000
[imu_filter_madgwick_node-3] [INFO] [1770686669.209541965] [imu_filter]: Parameter RLController.pid_kd_lin set to 0.020000
[imu_filter_madgwick_node-3] [INFO] [1770686669.209620975] [imu_filter]: Parameter RLController.pid_kp_ang set to 1.234463
[imu_filter_madgwick_node-3] [INFO] [1770686669.209683760] [imu_filter]: Parameter RLController.pid_ki_ang set to 0.000000
[imu_filter_madgwick_node-3] [INFO] [1770686669.209743474] [imu_filter]: Parameter RLController.pid_kd_ang set to 0.097743
[imu_filter_madgwick_node-3] [INFO] [1770686669.636866397] [imu_filter]: Parameter RLController.pid_kp_lin set to 1.205316
[imu_filter_madgwick_node-3] [INFO] [1770686669.638921266] [imu_filter]: Parameter RLController.pid_ki_lin set to 0.000000
[imu_filter_madgwick_node-3] [INFO] [1770686669.639093014] [imu_filter]: Parameter RLController.pid_kd_lin set to 0.020000
[imu_filter_madgwick_node-3] [INFO] [1770686669.639177016] [imu_filter]: Parameter RLController.pid_kp_ang set to 1.234463
[imu_filter_madgwick_node-3] [INFO] [1770686669.639247130] [imu_filter]: Parameter RLController.pid_ki_ang set to 0.000000
[imu_filter_madgwick_node-3] [INFO] [1770686669.639310652] [imu_filter]: Parameter RLController.pid_kd_ang set to 0.097743
[imu_filter_madgwick_node-3] [INFO] [1770686670.066916531] [imu_filter]: Parameter RLController.pid_kp_lin set to 1.205316
[imu_filter_madgwick_node-3] [INFO] [1770686670.067142361] [imu_filter]: Parameter RLController.pid_ki_lin set to 0.000000
[imu_filter_madgwick_node-3] [INFO] [1770686670.067220059] [imu_filter]: Parameter RLController.pid_kd_lin set to 0.020000
[imu_filter_madgwick_node-3] [INFO] [1770686670.067290589] [imu_filter]: Parameter RLController.pid_kp_ang set to 1.234463
[imu_filter_madgwick_node-3] [INFO] [1770686670.067352798] [imu_filter]: Parameter RLController.pid_ki_ang set to 0.000000
[imu_filter_madgwick_node-3] [INFO] [1770686670.067416256] [imu_filter]: Parameter RLController.pid_kd_ang set to 0.097743
[imu_filter_madgwick_node-3] [INFO] [1770686670.487897345] [imu_filter]: Parameter RLController.pid_kp_lin set to 1.205316
[imu_filter_madgwick_node-3] [INFO] [1770686670.488100551] [imu_filter]: Parameter RLController.pid_ki_lin set to 0.000000
[imu_filter_madgwick_node-3] [INFO] [1770686670.488227082] [imu_filter]: Parameter RLController.pid_kd_lin set to 0.020000
[imu_filter_madgwick_node-3] [INFO] [1770686670.488298220] [imu_filter]: Parameter RLController.pid_kp_ang set to 1.234463
[imu_filter_madgwick_node-3] [INFO] [1770686670.488358925] [imu_filter]: Parameter RLController.pid_ki_ang set to 0.000000
[imu_filter_madgwick_node-3] [INFO] [1770686670.488418927] [imu_filter]: Parameter RLController.pid_kd_ang set to 0.097743
[imu_filter_madgwick_node-3] [INFO] [1770686670.916960094] [imu_filter]: Parameter RLController.pid_kp_lin set to 1.205316
[imu_filter_madgwick_node-3] [INFO] [1770686670.917163843] [imu_filter]: Parameter RLController.pid_ki_lin set to 0.000000
[imu_filter_madgwick_node-3] [INFO] [1770686670.917239877] [imu_filter]: Parameter RLController.pid_kd_lin set to 0.020000
[imu_filter_madgwick_node-3] [INFO] [1770686670.917310535] [imu_filter]: Parameter RLController.pid_kp_ang set to 1.234463
[imu_filter_madgwick_node-3] [INFO] [1770686670.917370121] [imu_filter]: Parameter RLController.pid_ki_ang set to 0.000000
[imu_filter_madgwick_node-3] [INFO] [1770686670.917431786] [imu_filter]: Parameter RLController.pid_kd_ang set to 0.097743
[imu_filter_madgwick_node-3] [INFO] [1770686671.339831389] [imu_filter]: Parameter RLController.pid_kp_lin set to 1.205316
[imu_filter_madgwick_node-3] [INFO] [1770686671.340197606] [imu_filter]: Parameter RLController.pid_ki_lin set to 0.000000
[imu_filter_madgwick_node-3] [INFO] [1770686671.340298057] [imu_filter]: Parameter RLController.pid_kd_lin set to 0.020000
[imu_filter_madgwick_node-3] [INFO] [1770686671.340369770] [imu_filter]: Parameter RLController.pid_kp_ang set to 1.234463
[imu_filter_madgwick_node-3] [INFO] [1770686671.340438348] [imu_filter]: Parameter RLController.pid_ki_ang set to 0.000000
[imu_filter_madgwick_node-3] [INFO] [1770686671.340618865] [imu_filter]: Parameter RLController.pid_kd_ang set to 0.097743
[imu_filter_madgwick_node-3] [INFO] [1770686671.757345842] [imu_filter]: Parameter RLController.pid_kp_lin set to 1.205316
[imu_filter_madgwick_node-3] [INFO] [1770686671.757550103] [imu_filter]: Parameter RLController.pid_ki_lin set to 0.000000
[imu_filter_madgwick_node-3] [INFO] [1770686671.757635194] [imu_filter]: Parameter RLController.pid_kd_lin set to 0.020000
[imu_filter_madgwick_node-3] [INFO] [1770686671.757706171] [imu_filter]: Parameter RLController.pid_kp_ang set to 1.234463
[imu_filter_madgwick_node-3] [INFO] [1770686671.757769469] [imu_filter]: Parameter RLController.pid_ki_ang set to 0.000000
[imu_filter_madgwick_node-3] [INFO] [1770686671.757830047] [imu_filter]: Parameter RLController.pid_kd_ang set to 0.097743
[imu_filter_madgwick_node-3] [INFO] [1770686672.182677168] [imu_filter]: Parameter RLController.pid_kp_lin set to 1.205316
[imu_filter_madgwick_node-3] [INFO] [1770686672.189097428] [imu_filter]: Parameter RLController.pid_ki_lin set to 0.000000
[imu_filter_madgwick_node-3] [INFO] [1770686672.189309689] [imu_filter]: Parameter RLController.pid_kd_lin set to 0.020000
[imu_filter_madgwick_node-3] [INFO] [1770686672.209606304] [imu_filter]: Parameter RLController.pid_kp_ang set to 1.234463
[imu_filter_madgwick_node-3] [INFO] [1770686672.209818886] [imu_filter]: Parameter RLController.pid_ki_ang set to 0.000000
[imu_filter_madgwick_node-3] [INFO] [1770686672.210043947] [imu_filter]: Parameter RLController.pid_kd_ang set to 0.097743
[imu_filter_madgwick_node-3] [INFO] [1770686672.600499085] [imu_filter]: Parameter RLController.pid_kp_lin set to 1.205316
[imu_filter_madgwick_node-3] [INFO] [1770686672.600840214] [imu_filter]: Parameter RLController.pid_ki_lin set to 0.000000
[imu_filter_madgwick_node-3] [INFO] [1770686672.601117309] [imu_filter]: Parameter RLController.pid_kd_lin set to 0.020000
[imu_filter_madgwick_node-3] [INFO] [1770686672.601234976] [imu_filter]: Parameter RLController.pid_kp_ang set to 1.234463
[imu_filter_madgwick_node-3] [INFO] [1770686672.606786510] [imu_filter]: Parameter RLController.pid_ki_ang set to 0.000000
[imu_filter_madgwick_node-3] [INFO] [1770686672.607424062] [imu_filter]: Parameter RLController.pid_kd_ang set to 0.097743
[imu_filter_madgwick_node-3] [INFO] [1770686673.039247522] [imu_filter]: Parameter RLController.pid_kp_lin set to 1.205316
[imu_filter_madgwick_node-3] [INFO] [1770686673.039458983] [imu_filter]: Parameter RLController.pid_ki_lin set to 0.000000
[imu_filter_madgwick_node-3] [INFO] [1770686673.039536457] [imu_filter]: Parameter RLController.pid_kd_lin set to 0.020000
[imu_filter_madgwick_node-3] [INFO] [1770686673.039602475] [imu_filter]: Parameter RLController.pid_kp_ang set to 1.234463
[imu_filter_madgwick_node-3] [INFO] [1770686673.039660364] [imu_filter]: Parameter RLController.pid_ki_ang set to 0.000000
[imu_filter_madgwick_node-3] [INFO] [1770686673.039720526] [imu_filter]: Parameter RLController.pid_kd_ang set to 0.097743
[imu_filter_madgwick_node-3] [INFO] [1770686673.459197173] [imu_filter]: Parameter RLController.pid_kp_lin set to 1.205316
[imu_filter_madgwick_node-3] [INFO] [1770686673.461366701] [imu_filter]: Parameter RLController.pid_ki_lin set to 0.000000
[imu_filter_madgwick_node-3] [INFO] [1770686673.461560306] [imu_filter]: Parameter RLController.pid_kd_lin set to 0.020000
[imu_filter_madgwick_node-3] [INFO] [1770686673.461634644] [imu_filter]: Parameter RLController.pid_kp_ang set to 1.234463
[imu_filter_madgwick_node-3] [INFO] [1770686673.461693045] [imu_filter]: Parameter RLController.pid_ki_ang set to 0.000000
[imu_filter_madgwick_node-3] [INFO] [1770686673.461813784] [imu_filter]: Parameter RLController.pid_kd_ang set to 0.097743
[imu_filter_madgwick_node-3] [INFO] [1770686673.879562004] [imu_filter]: Parameter RLController.pid_kp_lin set to 1.205316
[imu_filter_madgwick_node-3] [INFO] [1770686673.879748312] [imu_filter]: Parameter RLController.pid_ki_lin set to 0.000000
[imu_filter_madgwick_node-3] [INFO] [1770686673.879832411] [imu_filter]: Parameter RLController.pid_kd_lin set to 0.020000
[imu_filter_madgwick_node-3] [INFO] [1770686673.879904508] [imu_filter]: Parameter RLController.pid_kp_ang set to 1.234463
[imu_filter_madgwick_node-3] [INFO] [1770686673.879965790] [imu_filter]: Parameter RLController.pid_ki_ang set to 0.000000
[imu_filter_madgwick_node-3] [INFO] [1770686673.880026368] [imu_filter]: Parameter RLController.pid_kd_ang set to 0.097743
[imu_filter_madgwick_node-3] [INFO] [1770686674.309634570] [imu_filter]: Parameter RLController.pid_kp_lin set to 1.205316
[imu_filter_madgwick_node-3] [INFO] [1770686674.309861488] [imu_filter]: Parameter RLController.pid_ki_lin set to 0.000000
[imu_filter_madgwick_node-3] [INFO] [1770686674.309934898] [imu_filter]: Parameter RLController.pid_kd_lin set to 0.020000
[imu_filter_madgwick_node-3] [INFO] [1770686674.310003092] [imu_filter]: Parameter RLController.pid_kp_ang set to 1.234463
[imu_filter_madgwick_node-3] [INFO] [1770686674.310063381] [imu_filter]: Parameter RLController.pid_ki_ang set to 0.000000
[imu_filter_madgwick_node-3] [INFO] [1770686674.310125879] [imu_filter]: Parameter RLController.pid_kd_ang set to 0.097743
[imu_filter_madgwick_node-3] [INFO] [1770686674.726984444] [imu_filter]: Parameter RLController.pid_kp_lin set to 1.205316
[imu_filter_madgwick_node-3] [INFO] [1770686674.727190049] [imu_filter]: Parameter RLController.pid_ki_lin set to 0.000000
[imu_filter_madgwick_node-3] [INFO] [1770686674.727264963] [imu_filter]: Parameter RLController.pid_kd_lin set to 0.020000
[imu_filter_madgwick_node-3] [INFO] [1770686674.727332933] [imu_filter]: Parameter RLController.pid_kp_ang set to 1.234463
[imu_filter_madgwick_node-3] [INFO] [1770686674.727395270] [imu_filter]: Parameter RLController.pid_ki_ang set to 0.000000
[imu_filter_madgwick_node-3] [INFO] [1770686674.727455272] [imu_filter]: Parameter RLController.pid_kd_ang set to 0.097743
[imu_filter_madgwick_node-3] [INFO] [1770686675.158046956] [imu_filter]: Parameter RLController.pid_kp_lin set to 1.205316
[imu_filter_madgwick_node-3] [INFO] [1770686675.158392596] [imu_filter]: Parameter RLController.pid_ki_lin set to 0.000000
[imu_filter_madgwick_node-3] [INFO] [1770686675.158523864] [imu_filter]: Parameter RLController.pid_kd_lin set to 0.020000
[imu_filter_madgwick_node-3] [INFO] [1770686675.158598234] [imu_filter]: Parameter RLController.pid_kp_ang set to 1.234463
[imu_filter_madgwick_node-3] [INFO] [1770686675.158663995] [imu_filter]: Parameter RLController.pid_ki_ang set to 0.000000
[imu_filter_madgwick_node-3] [INFO] [1770686675.158729981] [imu_filter]: Parameter RLController.pid_kd_ang set to 0.097743
[imu_filter_madgwick_node-3] [INFO] [1770686675.592015462] [imu_filter]: Parameter RLController.pid_kp_lin set to 1.205316
[imu_filter_madgwick_node-3] [INFO] [1770686675.592396176] [imu_filter]: Parameter RLController.pid_ki_lin set to 0.000000
[imu_filter_madgwick_node-3] [INFO] [1770686675.592501554] [imu_filter]: Parameter RLController.pid_kd_lin set to 0.020000
[imu_filter_madgwick_node-3] [INFO] [1770686675.592573268] [imu_filter]: Parameter RLController.pid_kp_ang set to 1.234463
[imu_filter_madgwick_node-3] [INFO] [1770686675.592634070] [imu_filter]: Parameter RLController.pid_ki_ang set to 0.000000
[imu_filter_madgwick_node-3] [INFO] [1770686675.592698455] [imu_filter]: Parameter RLController.pid_kd_ang set to 0.097743
[imu_filter_madgwick_node-3] [INFO] [1770686676.023271643] [imu_filter]: Parameter RLController.pid_kp_lin set to 1.205316
[imu_filter_madgwick_node-3] [INFO] [1770686676.023638788] [imu_filter]: Parameter RLController.pid_ki_lin set to 0.000000
[imu_filter_madgwick_node-3] [INFO] [1770686676.023731367] [imu_filter]: Parameter RLController.pid_kd_lin set to 0.020000
[imu_filter_madgwick_node-3] [INFO] [1770686676.023794024] [imu_filter]: Parameter RLController.pid_kp_ang set to 1.234463
[imu_filter_madgwick_node-3] [INFO] [1770686676.023852650] [imu_filter]: Parameter RLController.pid_ki_ang set to 0.000000
[imu_filter_madgwick_node-3] [INFO] [1770686676.023910123] [imu_filter]: Parameter RLController.pid_kd_ang set to 0.097743
[imu_filter_madgwick_node-3] [INFO] [1770686676.438395219] [imu_filter]: Parameter RLController.pid_kp_lin set to 1.205316
[imu_filter_madgwick_node-3] [INFO] [1770686676.438668730] [imu_filter]: Parameter RLController.pid_ki_lin set to 0.000000
[imu_filter_madgwick_node-3] [INFO] [1770686676.438874943] [imu_filter]: Parameter RLController.pid_kd_lin set to 0.020000
[imu_filter_madgwick_node-3] [INFO] [1770686676.438970114] [imu_filter]: Parameter RLController.pid_kp_ang set to 1.234463
[imu_filter_madgwick_node-3] [INFO] [1770686676.439041604] [imu_filter]: Parameter RLController.pid_ki_ang set to 0.000000
[imu_filter_madgwick_node-3] [INFO] [1770686676.439102405] [imu_filter]: Parameter RLController.pid_kd_ang set to 0.097743
[imu_filter_madgwick_node-3] [INFO] [1770686676.858536652] [imu_filter]: Parameter RLController.pid_kp_lin set to 1.205316
[imu_filter_madgwick_node-3] [INFO] [1770686676.858847284] [imu_filter]: Parameter RLController.pid_ki_lin set to 0.000000
[imu_filter_madgwick_node-3] [INFO] [1770686676.860315897] [imu_filter]: Parameter RLController.pid_kd_lin set to 0.020000
[imu_filter_madgwick_node-3] [INFO] [1770686676.860555520] [imu_filter]: Parameter RLController.pid_kp_ang set to 1.234463
[imu_filter_madgwick_node-3] [INFO] [1770686676.860624513] [imu_filter]: Parameter RLController.pid_ki_ang set to 0.000000
[imu_filter_madgwick_node-3] [INFO] [1770686676.860695459] [imu_filter]: Parameter RLController.pid_kd_ang set to 0.097743
[imu_filter_madgwick_node-3] [INFO] [1770686677.312159709] [imu_filter]: Parameter RLController.pid_kp_lin set to 1.205316
[imu_filter_madgwick_node-3] [INFO] [1770686677.312400291] [imu_filter]: Parameter RLController.pid_ki_lin set to 0.000000
[imu_filter_madgwick_node-3] [INFO] [1770686677.312473573] [imu_filter]: Parameter RLController.pid_kd_lin set to 0.020000
[imu_filter_madgwick_node-3] [INFO] [1770686677.312725323] [imu_filter]: Parameter RLController.pid_kp_ang set to 1.234463
[imu_filter_madgwick_node-3] [INFO] [1770686677.312818542] [imu_filter]: Parameter RLController.pid_ki_ang set to 0.000000
[imu_filter_madgwick_node-3] [INFO] [1770686677.313027731] [imu_filter]: Parameter RLController.pid_kd_ang set to 0.097743
[imu_filter_madgwick_node-3] [INFO] [1770686677.730152287] [imu_filter]: Parameter RLController.pid_kp_lin set to 1.205316
[imu_filter_madgwick_node-3] [INFO] [1770686677.730472679] [imu_filter]: Parameter RLController.pid_ki_lin set to 0.000000
[imu_filter_madgwick_node-3] [INFO] [1770686677.730662732] [imu_filter]: Parameter RLController.pid_kd_lin set to 0.020000
[imu_filter_madgwick_node-3] [INFO] [1770686677.730732301] [imu_filter]: Parameter RLController.pid_kp_ang set to 1.234463
[imu_filter_madgwick_node-3] [INFO] [1770686677.730795055] [imu_filter]: Parameter RLController.pid_ki_ang set to 0.000000
[imu_filter_madgwick_node-3] [INFO] [1770686677.730854193] [imu_filter]: Parameter RLController.pid_kd_ang set to 0.097743
[imu_filter_madgwick_node-3] [INFO] [1770686678.135087090] [imu_filter]: Parameter RLController.pid_kp_lin set to 1.205316
[imu_filter_madgwick_node-3] [INFO] [1770686678.136970691] [imu_filter]: Parameter RLController.pid_ki_lin set to 0.000000
[imu_filter_madgwick_node-3] [INFO] [1770686678.137155911] [imu_filter]: Parameter RLController.pid_kd_lin set to 0.020000
[imu_filter_madgwick_node-3] [INFO] [1770686678.137613107] [imu_filter]: Parameter RLController.pid_kp_ang set to 1.234463
[imu_filter_madgwick_node-3] [INFO] [1770686678.137701909] [imu_filter]: Parameter RLController.pid_ki_ang set to 0.000000
[imu_filter_madgwick_node-3] [INFO] [1770686678.137766871] [imu_filter]: Parameter RLController.pid_kd_ang set to 0.097743
[imu_filter_madgwick_node-3] [INFO] [1770686678.555737784] [imu_filter]: Parameter RLController.pid_kp_lin set to 1.205316
[imu_filter_madgwick_node-3] [INFO] [1770686678.555938397] [imu_filter]: Parameter RLController.pid_ki_lin set to 0.000000
[imu_filter_madgwick_node-3] [INFO] [1770686678.556781971] [imu_filter]: Parameter RLController.pid_kd_lin set to 0.020000
[imu_filter_madgwick_node-3] [INFO] [1770686678.556883349] [imu_filter]: Parameter RLController.pid_kp_ang set to 1.234463
[imu_filter_madgwick_node-3] [INFO] [1770686678.556953239] [imu_filter]: Parameter RLController.pid_ki_ang set to 0.000000
[imu_filter_madgwick_node-3] [INFO] [1770686678.557016057] [imu_filter]: Parameter RLController.pid_kd_ang set to 0.097743
[imu_filter_madgwick_node-3] [INFO] [1770686678.985208191] [imu_filter]: Parameter RLController.pid_kp_lin set to 1.205316
[imu_filter_madgwick_node-3] [INFO] [1770686678.985428293] [imu_filter]: Parameter RLController.pid_ki_lin set to 0.000000
[imu_filter_madgwick_node-3] [INFO] [1770686678.985513959] [imu_filter]: Parameter RLController.pid_kd_lin set to 0.020000
[imu_filter_madgwick_node-3] [INFO] [1770686678.985584681] [imu_filter]: Parameter RLController.pid_kp_ang set to 1.234463
[imu_filter_madgwick_node-3] [INFO] [1770686678.985647627] [imu_filter]: Parameter RLController.pid_ki_ang set to 0.000000
[imu_filter_madgwick_node-3] [INFO] [1770686678.985709516] [imu_filter]: Parameter RLController.pid_kd_ang set to 0.097743
[imu_filter_madgwick_node-3] [INFO] [1770686679.403327428] [imu_filter]: Parameter RLController.pid_kp_lin set to 1.205316
[imu_filter_madgwick_node-3] [INFO] [1770686679.403659917] [imu_filter]: Parameter RLController.pid_ki_lin set to 0.000000
[imu_filter_madgwick_node-3] [INFO] [1770686679.403797488] [imu_filter]: Parameter RLController.pid_kd_lin set to 0.020000
[imu_filter_madgwick_node-3] [INFO] [1770686679.403867538] [imu_filter]: Parameter RLController.pid_kp_ang set to 1.234463
[imu_filter_madgwick_node-3] [INFO] [1770686679.403928468] [imu_filter]: Parameter RLController.pid_ki_ang set to 0.000000
[imu_filter_madgwick_node-3] [INFO] [1770686679.403986037] [imu_filter]: Parameter RLController.pid_kd_ang set to 0.097743
[imu_filter_madgwick_node-3] [INFO] [1770686679.823229335] [imu_filter]: Parameter RLController.pid_kp_lin set to 1.205316
[imu_filter_madgwick_node-3] [INFO] [1770686679.823435228] [imu_filter]: Parameter RLController.pid_ki_lin set to 0.000000
[imu_filter_madgwick_node-3] [INFO] [1770686679.823509982] [imu_filter]: Parameter RLController.pid_kd_lin set to 0.020000
[imu_filter_madgwick_node-3] [INFO] [1770686679.823574432] [imu_filter]: Parameter RLController.pid_kp_ang set to 1.234463
[imu_filter_madgwick_node-3] [INFO] [1770686679.823634753] [imu_filter]: Parameter RLController.pid_ki_ang set to 0.000000
[imu_filter_madgwick_node-3] [INFO] [1770686679.823692771] [imu_filter]: Parameter RLController.pid_kd_ang set to 0.097743
[imu_filter_madgwick_node-3] [INFO] [1770686680.239733747] [imu_filter]: Parameter RLController.pid_kp_lin set to 1.205316
[imu_filter_madgwick_node-3] [INFO] [1770686680.239962232] [imu_filter]: Parameter RLController.pid_ki_lin set to 0.000000
[imu_filter_madgwick_node-3] [INFO] [1770686680.240142973] [imu_filter]: Parameter RLController.pid_kd_lin set to 0.020000
[imu_filter_madgwick_node-3] [INFO] [1770686680.240255040] [imu_filter]: Parameter RLController.pid_kp_ang set to 1.234463
[imu_filter_madgwick_node-3] [INFO] [1770686680.240324866] [imu_filter]: Parameter RLController.pid_ki_ang set to 0.000000
[imu_filter_madgwick_node-3] [INFO] [1770686680.242875779] [imu_filter]: Parameter RLController.pid_kd_ang set to 0.097743
[imu_filter_madgwick_node-3] [INFO] [1770686680.669228090] [imu_filter]: Parameter RLController.pid_kp_lin set to 1.205316
[imu_filter_madgwick_node-3] [INFO] [1770686680.669431392] [imu_filter]: Parameter RLController.pid_ki_lin set to 0.000000
[imu_filter_madgwick_node-3] [INFO] [1770686680.669503137] [imu_filter]: Parameter RLController.pid_kd_lin set to 0.020000
[imu_filter_madgwick_node-3] [INFO] [1770686680.672218759] [imu_filter]: Parameter RLController.pid_kp_ang set to 1.234463
[imu_filter_madgwick_node-3] [INFO] [1770686680.672607313] [imu_filter]: Parameter RLController.pid_ki_ang set to 0.000000
[imu_filter_madgwick_node-3] [INFO] [1770686680.672690323] [imu_filter]: Parameter RLController.pid_kd_ang set to 0.097743
[imu_filter_madgwick_node-3] [INFO] [1770686681.084686587] [imu_filter]: Parameter RLController.pid_kp_lin set to 1.205316
[imu_filter_madgwick_node-3] [INFO] [1770686681.087428097] [imu_filter]: Parameter RLController.pid_ki_lin set to 0.000000
[imu_filter_madgwick_node-3] [INFO] [1770686681.087626695] [imu_filter]: Parameter RLController.pid_kd_lin set to 0.020000
[imu_filter_madgwick_node-3] [INFO] [1770686681.087721385] [imu_filter]: Parameter RLController.pid_kp_ang set to 1.234463
[imu_filter_madgwick_node-3] [INFO] [1770686681.087790827] [imu_filter]: Parameter RLController.pid_ki_ang set to 0.000000
[imu_filter_madgwick_node-3] [INFO] [1770686681.087854188] [imu_filter]: Parameter RLController.pid_kd_ang set to 0.097743
[imu_filter_madgwick_node-3] [INFO] [1770686681.497267315] [imu_filter]: Parameter RLController.pid_kp_lin set to 1.205316
[imu_filter_madgwick_node-3] [INFO] [1770686681.497474200] [imu_filter]: Parameter RLController.pid_ki_lin set to 0.000000
[imu_filter_madgwick_node-3] [INFO] [1770686681.497545466] [imu_filter]: Parameter RLController.pid_kd_lin set to 0.020000
[imu_filter_madgwick_node-3] [INFO] [1770686681.497613852] [imu_filter]: Parameter RLController.pid_kp_ang set to 1.234463
[imu_filter_madgwick_node-3] [INFO] [1770686681.497675581] [imu_filter]: Parameter RLController.pid_ki_ang set to 0.000000
[imu_filter_madgwick_node-3] [INFO] [1770686681.497737887] [imu_filter]: Parameter RLController.pid_kd_ang set to 0.097743
[imu_filter_madgwick_node-3] [INFO] [1770686681.923502247] [imu_filter]: Parameter RLController.pid_kp_lin set to 1.205316
[imu_filter_madgwick_node-3] [INFO] [1770686681.923707532] [imu_filter]: Parameter RLController.pid_ki_lin set to 0.000000
[imu_filter_madgwick_node-3] [INFO] [1770686681.923786126] [imu_filter]: Parameter RLController.pid_kd_lin set to 0.020000
[imu_filter_madgwick_node-3] [INFO] [1770686681.923852016] [imu_filter]: Parameter RLController.pid_kp_ang set to 1.234463
[imu_filter_madgwick_node-3] [INFO] [1770686681.923912498] [imu_filter]: Parameter RLController.pid_ki_ang set to 0.000000
[imu_filter_madgwick_node-3] [INFO] [1770686681.923973619] [imu_filter]: Parameter RLController.pid_kd_ang set to 0.097743
[imu_filter_madgwick_node-3] [INFO] [1770686682.338424666] [imu_filter]: Parameter RLController.pid_kp_lin set to 1.205316
[imu_filter_madgwick_node-3] [INFO] [1770686682.338685889] [imu_filter]: Parameter RLController.pid_ki_lin set to 0.000000
[imu_filter_madgwick_node-3] [INFO] [1770686682.338769699] [imu_filter]: Parameter RLController.pid_kd_lin set to 0.020000
[imu_filter_madgwick_node-3] [INFO] [1770686682.338838245] [imu_filter]: Parameter RLController.pid_kp_ang set to 1.234463
[imu_filter_madgwick_node-3] [INFO] [1770686682.338898471] [imu_filter]: Parameter RLController.pid_ki_ang set to 0.000000
[imu_filter_madgwick_node-3] [INFO] [1770686682.339000841] [imu_filter]: Parameter RLController.pid_kd_ang set to 0.097743
[imu_filter_madgwick_node-3] [INFO] [1770686682.766838759] [imu_filter]: Parameter RLController.pid_kp_lin set to 1.205316
[imu_filter_madgwick_node-3] [INFO] [1770686682.767044012] [imu_filter]: Parameter RLController.pid_ki_lin set to 0.000000
[imu_filter_madgwick_node-3] [INFO] [1770686682.767118542] [imu_filter]: Parameter RLController.pid_kd_lin set to 0.020000
[imu_filter_madgwick_node-3] [INFO] [1770686682.767182959] [imu_filter]: Parameter RLController.pid_kp_ang set to 1.234463
[imu_filter_madgwick_node-3] [INFO] [1770686682.767242161] [imu_filter]: Parameter RLController.pid_ki_ang set to 0.000000
[imu_filter_madgwick_node-3] [INFO] [1770686682.767302771] [imu_filter]: Parameter RLController.pid_kd_ang set to 0.097743
[imu_filter_madgwick_node-3] [INFO] [1770686683.184352412] [imu_filter]: Parameter RLController.pid_kp_lin set to 1.205316
[imu_filter_madgwick_node-3] [INFO] [1770686683.184731878] [imu_filter]: Parameter RLController.pid_ki_lin set to 0.000000
[imu_filter_madgwick_node-3] [INFO] [1770686683.184887658] [imu_filter]: Parameter RLController.pid_kd_lin set to 0.020000
[imu_filter_madgwick_node-3] [INFO] [1770686683.184962540] [imu_filter]: Parameter RLController.pid_kp_ang set to 1.234463
[imu_filter_madgwick_node-3] [INFO] [1770686683.185024717] [imu_filter]: Parameter RLController.pid_ki_ang set to 0.000000
[imu_filter_madgwick_node-3] [INFO] [1770686683.185088431] [imu_filter]: Parameter RLController.pid_kd_ang set to 0.097743
[imu_filter_madgwick_node-3] [INFO] [1770686683.597338430] [imu_filter]: Parameter RLController.pid_kp_lin set to 1.205316
[imu_filter_madgwick_node-3] [INFO] [1770686683.597550179] [imu_filter]: Parameter RLController.pid_ki_lin set to 0.000000
[imu_filter_madgwick_node-3] [INFO] [1770686683.597623653] [imu_filter]: Parameter RLController.pid_kd_lin set to 0.020000
[imu_filter_madgwick_node-3] [INFO] [1770686683.597690695] [imu_filter]: Parameter RLController.pid_kp_ang set to 1.234463
[imu_filter_madgwick_node-3] [INFO] [1770686683.597748488] [imu_filter]: Parameter RLController.pid_ki_ang set to 0.000000
[imu_filter_madgwick_node-3] [INFO] [1770686683.597914189] [imu_filter]: Parameter RLController.pid_kd_ang set to 0.097743
[imu_filter_madgwick_node-3] [INFO] [1770686684.027516247] [imu_filter]: Parameter RLController.pid_kp_lin set to 1.205316
[imu_filter_madgwick_node-3] [INFO] [1770686684.027746429] [imu_filter]: Parameter RLController.pid_ki_lin set to 0.000000
[imu_filter_madgwick_node-3] [INFO] [1770686684.027826911] [imu_filter]: Parameter RLController.pid_kd_lin set to 0.020000
[imu_filter_madgwick_node-3] [INFO] [1770686684.027898561] [imu_filter]: Parameter RLController.pid_kp_ang set to 1.234463
[imu_filter_madgwick_node-3] [INFO] [1770686684.027964867] [imu_filter]: Parameter RLController.pid_ki_ang set to 0.000000
[imu_filter_madgwick_node-3] [INFO] [1770686684.028030852] [imu_filter]: Parameter RLController.pid_kd_ang set to 0.097743
[imu_filter_madgwick_node-3] [INFO] [1770686684.451530547] [imu_filter]: Parameter RLController.pid_kp_lin set to 1.205316
[imu_filter_madgwick_node-3] [INFO] [1770686684.451895996] [imu_filter]: Parameter RLController.pid_ki_lin set to 0.000000
[imu_filter_madgwick_node-3] [INFO] [1770686684.452035616] [imu_filter]: Parameter RLController.pid_kd_lin set to 0.020000
[imu_filter_madgwick_node-3] [INFO] [1770686684.452109378] [imu_filter]: Parameter RLController.pid_kp_ang set to 1.234463
[imu_filter_madgwick_node-3] [INFO] [1770686684.452171459] [imu_filter]: Parameter RLController.pid_ki_ang set to 0.000000
[imu_filter_madgwick_node-3] [INFO] [1770686684.452307559] [imu_filter]: Parameter RLController.pid_kd_ang set to 0.097743
[imu_filter_madgwick_node-3] [INFO] [1770686684.855520047] [imu_filter]: Parameter RLController.pid_kp_lin set to 1.205316
[imu_filter_madgwick_node-3] [INFO] [1770686684.855722676] [imu_filter]: Parameter RLController.pid_ki_lin set to 0.000000
[imu_filter_madgwick_node-3] [INFO] [1770686684.855795094] [imu_filter]: Parameter RLController.pid_kd_lin set to 0.020000
[imu_filter_madgwick_node-3] [INFO] [1770686684.855871672] [imu_filter]: Parameter RLController.pid_kp_ang set to 1.234463
[imu_filter_madgwick_node-3] [INFO] [1770686684.855932057] [imu_filter]: Parameter RLController.pid_ki_ang set to 0.000000
[imu_filter_madgwick_node-3] [INFO] [1770686684.859279087] [imu_filter]: Parameter RLController.pid_kd_ang set to 0.097743
[imu_filter_madgwick_node-3] [INFO] [1770686685.268507632] [imu_filter]: Parameter RLController.pid_kp_lin set to 1.205316
[imu_filter_madgwick_node-3] [INFO] [1770686685.268720758] [imu_filter]: Parameter RLController.pid_ki_lin set to 0.000000
[imu_filter_madgwick_node-3] [INFO] [1770686685.268790744] [imu_filter]: Parameter RLController.pid_kd_lin set to 0.020000
[imu_filter_madgwick_node-3] [INFO] [1770686685.268855801] [imu_filter]: Parameter RLController.pid_kp_ang set to 1.234463
[imu_filter_madgwick_node-3] [INFO] [1770686685.268917147] [imu_filter]: Parameter RLController.pid_ki_ang set to 0.000000
[imu_filter_madgwick_node-3] [INFO] [1770686685.268982364] [imu_filter]: Parameter RLController.pid_kd_ang set to 0.097743
[imu_filter_madgwick_node-3] [INFO] [1770686685.697325031] [imu_filter]: Parameter RLController.pid_kp_lin set to 1.205316
[imu_filter_madgwick_node-3] [INFO] [1770686685.697527628] [imu_filter]: Parameter RLController.pid_ki_lin set to 0.000000
[imu_filter_madgwick_node-3] [INFO] [1770686685.697606606] [imu_filter]: Parameter RLController.pid_kd_lin set to 0.020000
[imu_filter_madgwick_node-3] [INFO] [1770686685.697670288] [imu_filter]: Parameter RLController.pid_kp_ang set to 1.234463
[imu_filter_madgwick_node-3] [INFO] [1770686685.697728561] [imu_filter]: Parameter RLController.pid_ki_ang set to 0.000000
[imu_filter_madgwick_node-3] [INFO] [1770686685.697785523] [imu_filter]: Parameter RLController.pid_kd_ang set to 0.097743
[imu_filter_madgwick_node-3] [INFO] [1770686686.124284782] [imu_filter]: Parameter RLController.pid_kp_lin set to 1.205316
[imu_filter_madgwick_node-3] [INFO] [1770686686.124721273] [imu_filter]: Parameter RLController.pid_ki_lin set to 0.000000
[imu_filter_madgwick_node-3] [INFO] [1770686686.124929150] [imu_filter]: Parameter RLController.pid_kd_lin set to 0.020000
[imu_filter_madgwick_node-3] [INFO] [1770686686.125064578] [imu_filter]: Parameter RLController.pid_kp_ang set to 1.234463
[imu_filter_madgwick_node-3] [INFO] [1770686686.125155396] [imu_filter]: Parameter RLController.pid_ki_ang set to 0.000000
[imu_filter_madgwick_node-3] [INFO] [1770686686.125277511] [imu_filter]: Parameter RLController.pid_kd_ang set to 0.097743
[imu_filter_madgwick_node-3] [INFO] [1770686686.539946388] [imu_filter]: Parameter RLController.pid_kp_lin set to 1.205316
[imu_filter_madgwick_node-3] [INFO] [1770686686.540284733] [imu_filter]: Parameter RLController.pid_ki_lin set to 0.000000
[imu_filter_madgwick_node-3] [INFO] [1770686686.540372863] [imu_filter]: Parameter RLController.pid_kd_lin set to 0.020000
[imu_filter_madgwick_node-3] [INFO] [1770686686.540442433] [imu_filter]: Parameter RLController.pid_kp_ang set to 1.234463
[imu_filter_madgwick_node-3] [INFO] [1770686686.544575946] [imu_filter]: Parameter RLController.pid_ki_ang set to 0.000000
[imu_filter_madgwick_node-3] [INFO] [1770686686.544778224] [imu_filter]: Parameter RLController.pid_kd_ang set to 0.097743
[imu_filter_madgwick_node-3] [INFO] [1770686686.957067231] [imu_filter]: Parameter RLController.pid_kp_lin set to 1.205316
[imu_filter_madgwick_node-3] [INFO] [1770686686.957370311] [imu_filter]: Parameter RLController.pid_ki_lin set to 0.000000
[imu_filter_madgwick_node-3] [INFO] [1770686686.961466768] [imu_filter]: Parameter RLController.pid_kd_lin set to 0.020000
[imu_filter_madgwick_node-3] [INFO] [1770686686.961662293] [imu_filter]: Parameter RLController.pid_kp_ang set to 1.234463
[imu_filter_madgwick_node-3] [INFO] [1770686686.961731255] [imu_filter]: Parameter RLController.pid_ki_ang set to 0.000000
[imu_filter_madgwick_node-3] [INFO] [1770686686.961795320] [imu_filter]: Parameter RLController.pid_kd_ang set to 0.097743
[imu_filter_madgwick_node-3] [INFO] [1770686687.392683620] [imu_filter]: Parameter RLController.pid_kp_lin set to 1.205316
[imu_filter_madgwick_node-3] [INFO] [1770686687.392904810] [imu_filter]: Parameter RLController.pid_ki_lin set to 0.000000
[imu_filter_madgwick_node-3] [INFO] [1770686687.392979468] [imu_filter]: Parameter RLController.pid_kd_lin set to 0.020000
[imu_filter_madgwick_node-3] [INFO] [1770686687.395839029] [imu_filter]: Parameter RLController.pid_kp_ang set to 1.234463
[imu_filter_madgwick_node-3] [INFO] [1770686687.395977048] [imu_filter]: Parameter RLController.pid_ki_ang set to 0.000000
[imu_filter_madgwick_node-3] [INFO] [1770686687.396046906] [imu_filter]: Parameter RLController.pid_kd_ang set to 0.097743
[imu_filter_madgwick_node-3] [INFO] [1770686687.813744852] [imu_filter]: Parameter RLController.pid_kp_lin set to 1.205316
[imu_filter_madgwick_node-3] [INFO] [1770686687.817625463] [imu_filter]: Parameter RLController.pid_ki_lin set to 0.000000
[imu_filter_madgwick_node-3] [INFO] [1770686687.817821692] [imu_filter]: Parameter RLController.pid_kd_lin set to 0.020000
[imu_filter_madgwick_node-3] [INFO] [1770686687.817906175] [imu_filter]: Parameter RLController.pid_kp_ang set to 1.234463
[imu_filter_madgwick_node-3] [INFO] [1770686687.817972064] [imu_filter]: Parameter RLController.pid_ki_ang set to 0.000000
[imu_filter_madgwick_node-3] [INFO] [1770686687.818035394] [imu_filter]: Parameter RLController.pid_kd_ang set to 0.097743
[imu_filter_madgwick_node-3] [INFO] [1770686688.225405620] [imu_filter]: Parameter RLController.pid_kp_lin set to 1.205316
[imu_filter_madgwick_node-3] [INFO] [1770686688.225734620] [imu_filter]: Parameter RLController.pid_ki_lin set to 0.000000
[imu_filter_madgwick_node-3] [INFO] [1770686688.225816030] [imu_filter]: Parameter RLController.pid_kd_lin set to 0.020000
[imu_filter_madgwick_node-3] [INFO] [1770686688.225882016] [imu_filter]: Parameter RLController.pid_kp_ang set to 1.234463
[imu_filter_madgwick_node-3] [INFO] [1770686688.225941506] [imu_filter]: Parameter RLController.pid_ki_ang set to 0.000000
[imu_filter_madgwick_node-3] [INFO] [1770686688.226002883] [imu_filter]: Parameter RLController.pid_kd_ang set to 0.097743
[imu_filter_madgwick_node-3] [INFO] [1770686688.633074286] [imu_filter]: Parameter RLController.pid_kp_lin set to 1.205316
[imu_filter_madgwick_node-3] [INFO] [1770686688.633261362] [imu_filter]: Parameter RLController.pid_ki_lin set to 0.000000
[imu_filter_madgwick_node-3] [INFO] [1770686688.633332660] [imu_filter]: Parameter RLController.pid_kd_lin set to 0.020000
[imu_filter_madgwick_node-3] [INFO] [1770686688.633396630] [imu_filter]: Parameter RLController.pid_kp_ang set to 1.234463
[imu_filter_madgwick_node-3] [INFO] [1770686688.633458391] [imu_filter]: Parameter RLController.pid_ki_ang set to 0.000000
[imu_filter_madgwick_node-3] [INFO] [1770686688.637153942] [imu_filter]: Parameter RLController.pid_kd_ang set to 0.097743
[imu_filter_madgwick_node-3] [INFO] [1770686689.044864657] [imu_filter]: Parameter RLController.pid_kp_lin set to 1.205316
[imu_filter_madgwick_node-3] [INFO] [1770686689.048041986] [imu_filter]: Parameter RLController.pid_ki_lin set to 0.000000
[imu_filter_madgwick_node-3] [INFO] [1770686689.048250343] [imu_filter]: Parameter RLController.pid_kd_lin set to 0.020000
[imu_filter_madgwick_node-3] [INFO] [1770686689.048334346] [imu_filter]: Parameter RLController.pid_kp_ang set to 1.234463
[imu_filter_madgwick_node-3] [INFO] [1770686689.048395403] [imu_filter]: Parameter RLController.pid_ki_ang set to 0.000000
[imu_filter_madgwick_node-3] [INFO] [1770686689.048455277] [imu_filter]: Parameter RLController.pid_kd_ang set to 0.097743
[imu_filter_madgwick_node-3] [INFO] [1770686689.466938331] [imu_filter]: Parameter RLController.pid_kp_lin set to 1.205316
[imu_filter_madgwick_node-3] [INFO] [1770686689.472804785] [imu_filter]: Parameter RLController.pid_ki_lin set to 0.000000
[imu_filter_madgwick_node-3] [INFO] [1770686689.473103449] [imu_filter]: Parameter RLController.pid_kd_lin set to 0.020000
[imu_filter_madgwick_node-3] [INFO] [1770686689.473178906] [imu_filter]: Parameter RLController.pid_kp_ang set to 1.234463
[imu_filter_madgwick_node-3] [INFO] [1770686689.473241500] [imu_filter]: Parameter RLController.pid_ki_ang set to 0.000000
[imu_filter_madgwick_node-3] [INFO] [1770686689.473300510] [imu_filter]: Parameter RLController.pid_kd_ang set to 0.097743
[imu_filter_madgwick_node-3] [INFO] [1770686689.890998232] [imu_filter]: Parameter RLController.pid_kp_lin set to 1.205316
[imu_filter_madgwick_node-3] [INFO] [1770686689.891182332] [imu_filter]: Parameter RLController.pid_ki_lin set to 0.000000
[imu_filter_madgwick_node-3] [INFO] [1770686689.891345889] [imu_filter]: Parameter RLController.pid_kd_lin set to 0.020000
[imu_filter_madgwick_node-3] [INFO] [1770686689.891415042] [imu_filter]: Parameter RLController.pid_kp_ang set to 1.234463
[imu_filter_madgwick_node-3] [INFO] [1770686689.891474980] [imu_filter]: Parameter RLController.pid_ki_ang set to 0.000000
[imu_filter_madgwick_node-3] [INFO] [1770686689.891536390] [imu_filter]: Parameter RLController.pid_kd_ang set to 0.097743
[imu_filter_madgwick_node-3] [INFO] [1770686690.319031706] [imu_filter]: Parameter RLController.pid_kp_lin set to 1.205316
[imu_filter_madgwick_node-3] [INFO] [1770686690.319280897] [imu_filter]: Parameter RLController.pid_ki_lin set to 0.000000
[imu_filter_madgwick_node-3] [INFO] [1770686690.319462469] [imu_filter]: Parameter RLController.pid_kd_lin set to 0.020000
[imu_filter_madgwick_node-3] [INFO] [1770686690.319551304] [imu_filter]: Parameter RLController.pid_kp_ang set to 1.234463
[imu_filter_madgwick_node-3] [INFO] [1770686690.320061525] [imu_filter]: Parameter RLController.pid_ki_ang set to 0.000000
[imu_filter_madgwick_node-3] [INFO] [1770686690.320160663] [imu_filter]: Parameter RLController.pid_kd_ang set to 0.097743
[imu_filter_madgwick_node-3] [INFO] [1770686690.732015516] [imu_filter]: Parameter RLController.pid_kp_lin set to 1.205316
[imu_filter_madgwick_node-3] [INFO] [1770686690.732287683] [imu_filter]: Parameter RLController.pid_ki_lin set to 0.000000
[imu_filter_madgwick_node-3] [INFO] [1770686690.732378021] [imu_filter]: Parameter RLController.pid_kd_lin set to 0.020000
[imu_filter_madgwick_node-3] [INFO] [1770686690.732448807] [imu_filter]: Parameter RLController.pid_kp_ang set to 1.234463
[imu_filter_madgwick_node-3] [INFO] [1770686690.732509929] [imu_filter]: Parameter RLController.pid_ki_ang set to 0.000000
[imu_filter_madgwick_node-3] [INFO] [1770686690.732567594] [imu_filter]: Parameter RLController.pid_kd_ang set to 0.097743
[imu_filter_madgwick_node-3] [INFO] [1770686691.158251248] [imu_filter]: Parameter RLController.pid_kp_lin set to 1.205316
[imu_filter_madgwick_node-3] [INFO] [1770686691.158464726] [imu_filter]: Parameter RLController.pid_ki_lin set to 0.000000
[imu_filter_madgwick_node-3] [INFO] [1770686691.158553656] [imu_filter]: Parameter RLController.pid_kd_lin set to 0.020000
[imu_filter_madgwick_node-3] [INFO] [1770686691.158623034] [imu_filter]: Parameter RLController.pid_kp_ang set to 1.234463
[imu_filter_madgwick_node-3] [INFO] [1770686691.158685244] [imu_filter]: Parameter RLController.pid_ki_ang set to 0.000000
[imu_filter_madgwick_node-3] [INFO] [1770686691.158748317] [imu_filter]: Parameter RLController.pid_kd_ang set to 0.097743
[imu_filter_madgwick_node-3] [INFO] [1770686691.571261171] [imu_filter]: Parameter RLController.pid_kp_lin set to 1.205316
[imu_filter_madgwick_node-3] [INFO] [1770686691.571589499] [imu_filter]: Parameter RLController.pid_ki_lin set to 0.000000
[imu_filter_madgwick_node-3] [INFO] [1770686691.571674941] [imu_filter]: Parameter RLController.pid_kd_lin set to 0.020000
[imu_filter_madgwick_node-3] [INFO] [1770686691.571739679] [imu_filter]: Parameter RLController.pid_kp_ang set to 1.234463
[imu_filter_madgwick_node-3] [INFO] [1770686691.571801313] [imu_filter]: Parameter RLController.pid_ki_ang set to 0.000000
[imu_filter_madgwick_node-3] [INFO] [1770686691.571865378] [imu_filter]: Parameter RLController.pid_kd_ang set to 0.097743
[imu_filter_madgwick_node-3] [INFO] [1770686692.011046050] [imu_filter]: Parameter RLController.pid_kp_lin set to 1.205316
[imu_filter_madgwick_node-3] [INFO] [1770686692.011739444] [imu_filter]: Parameter RLController.pid_ki_lin set to 0.000000
[imu_filter_madgwick_node-3] [INFO] [1770686692.011889335] [imu_filter]: Parameter RLController.pid_kd_lin set to 0.020000
[imu_filter_madgwick_node-3] [INFO] [1770686692.011968633] [imu_filter]: Parameter RLController.pid_kp_ang set to 1.234463
[imu_filter_madgwick_node-3] [INFO] [1770686692.012030811] [imu_filter]: Parameter RLController.pid_ki_ang set to 0.000000
[imu_filter_madgwick_node-3] [INFO] [1770686692.012101661] [imu_filter]: Parameter RLController.pid_kd_ang set to 0.097743
[imu_filter_madgwick_node-3] [INFO] [1770686692.433204686] [imu_filter]: Parameter RLController.pid_kp_lin set to 1.205316
[imu_filter_madgwick_node-3] [INFO] [1770686692.436304253] [imu_filter]: Parameter RLController.pid_ki_lin set to 0.000000
[imu_filter_madgwick_node-3] [INFO] [1770686692.436597829] [imu_filter]: Parameter RLController.pid_kd_lin set to 0.020000
[imu_filter_madgwick_node-3] [INFO] [1770686692.436744009] [imu_filter]: Parameter RLController.pid_kp_ang set to 1.234463
[imu_filter_madgwick_node-3] [INFO] [1770686692.436818283] [imu_filter]: Parameter RLController.pid_ki_ang set to 0.000000
[imu_filter_madgwick_node-3] [INFO] [1770686692.438986306] [imu_filter]: Parameter RLController.pid_kd_ang set to 0.097743
[imu_filter_madgwick_node-3] [INFO] [1770686692.848230884] [imu_filter]: Parameter RLController.pid_kp_lin set to 1.205316
[imu_filter_madgwick_node-3] [INFO] [1770686692.848433961] [imu_filter]: Parameter RLController.pid_ki_lin set to 0.000000
[imu_filter_madgwick_node-3] [INFO] [1770686692.848508075] [imu_filter]: Parameter RLController.pid_kd_lin set to 0.020000
[imu_filter_madgwick_node-3] [INFO] [1770686692.848573261] [imu_filter]: Parameter RLController.pid_kp_ang set to 1.234463
[imu_filter_madgwick_node-3] [INFO] [1770686692.848752401] [imu_filter]: Parameter RLController.pid_ki_ang set to 0.000000
[imu_filter_madgwick_node-3] [INFO] [1770686692.848818803] [imu_filter]: Parameter RLController.pid_kd_ang set to 0.097743
[imu_filter_madgwick_node-3] [INFO] [1770686693.261791988] [imu_filter]: Parameter RLController.pid_kp_lin set to 1.205316
[imu_filter_madgwick_node-3] [INFO] [1770686693.262010426] [imu_filter]: Parameter RLController.pid_ki_lin set to 0.000000
[imu_filter_madgwick_node-3] [INFO] [1770686693.262086588] [imu_filter]: Parameter RLController.pid_kd_lin set to 0.020000
[imu_filter_madgwick_node-3] [INFO] [1770686693.262155902] [imu_filter]: Parameter RLController.pid_kp_ang set to 1.234463
[imu_filter_madgwick_node-3] [INFO] [1770686693.262216159] [imu_filter]: Parameter RLController.pid_ki_ang set to 0.000000
[imu_filter_madgwick_node-3] [INFO] [1770686693.262286401] [imu_filter]: Parameter RLController.pid_kd_ang set to 0.097743
[imu_filter_madgwick_node-3] [INFO] [1770686693.677527676] [imu_filter]: Parameter RLController.pid_kp_lin set to 1.205316
[imu_filter_madgwick_node-3] [INFO] [1770686693.680009404] [imu_filter]: Parameter RLController.pid_ki_lin set to 0.000000
[imu_filter_madgwick_node-3] [INFO] [1770686693.680375397] [imu_filter]: Parameter RLController.pid_kd_lin set to 0.020000
[imu_filter_madgwick_node-3] [INFO] [1770686693.680549866] [imu_filter]: Parameter RLController.pid_kp_ang set to 1.234463
[imu_filter_madgwick_node-3] [INFO] [1770686693.680682509] [imu_filter]: Parameter RLController.pid_ki_ang set to 0.000000
[imu_filter_madgwick_node-3] [INFO] [1770686693.680764143] [imu_filter]: Parameter RLController.pid_kd_ang set to 0.097743
[imu_filter_madgwick_node-3] [INFO] [1770686694.101016747] [imu_filter]: Parameter RLController.pid_kp_lin set to 1.205316
[imu_filter_madgwick_node-3] [INFO] [1770686694.101216016] [imu_filter]: Parameter RLController.pid_ki_lin set to 0.000000
[imu_filter_madgwick_node-3] [INFO] [1770686694.101288562] [imu_filter]: Parameter RLController.pid_kd_lin set to 0.020000
[imu_filter_madgwick_node-3] [INFO] [1770686694.101354067] [imu_filter]: Parameter RLController.pid_kp_ang set to 1.234463
[imu_filter_madgwick_node-3] [INFO] [1770686694.101417397] [imu_filter]: Parameter RLController.pid_ki_ang set to 0.000000
[imu_filter_madgwick_node-3] [INFO] [1770686694.104745258] [imu_filter]: Parameter RLController.pid_kd_ang set to 0.097743
[imu_filter_madgwick_node-3] [INFO] [1770686694.525439729] [imu_filter]: Parameter RLController.pid_kp_lin set to 1.205316
[imu_filter_madgwick_node-3] [INFO] [1770686694.525633558] [imu_filter]: Parameter RLController.pid_ki_lin set to 0.000000
[imu_filter_madgwick_node-3] [INFO] [1770686694.525711192] [imu_filter]: Parameter RLController.pid_kd_lin set to 0.020000
[imu_filter_madgwick_node-3] [INFO] [1770686694.525775897] [imu_filter]: Parameter RLController.pid_kp_ang set to 1.234463
[imu_filter_madgwick_node-3] [INFO] [1770686694.525837083] [imu_filter]: Parameter RLController.pid_ki_ang set to 0.000000
[imu_filter_madgwick_node-3] [INFO] [1770686694.525888348] [imu_filter]: Parameter RLController.pid_kd_ang set to 0.097743
[imu_filter_madgwick_node-3] [INFO] [1770686694.939457645] [imu_filter]: Parameter RLController.pid_kp_lin set to 1.205316
[imu_filter_madgwick_node-3] [INFO] [1770686694.939651922] [imu_filter]: Parameter RLController.pid_ki_lin set to 0.000000
[imu_filter_madgwick_node-3] [INFO] [1770686694.944701907] [imu_filter]: Parameter RLController.pid_kd_lin set to 0.020000
[imu_filter_madgwick_node-3] [INFO] [1770686694.945053820] [imu_filter]: Parameter RLController.pid_kp_ang set to 1.234463
[imu_filter_madgwick_node-3] [INFO] [1770686694.945141854] [imu_filter]: Parameter RLController.pid_ki_ang set to 0.000000
[imu_filter_madgwick_node-3] [INFO] [1770686694.945203936] [imu_filter]: Parameter RLController.pid_kd_ang set to 0.097743
[imu_filter_madgwick_node-3] [INFO] [1770686695.363818386] [imu_filter]: Parameter RLController.pid_kp_lin set to 1.205316
[imu_filter_madgwick_node-3] [INFO] [1770686695.364035735] [imu_filter]: Parameter RLController.pid_ki_lin set to 0.000000
[imu_filter_madgwick_node-3] [INFO] [1770686695.364110041] [imu_filter]: Parameter RLController.pid_kd_lin set to 0.020000
[imu_filter_madgwick_node-3] [INFO] [1770686695.364208060] [imu_filter]: Parameter RLController.pid_kp_ang set to 1.234463
[imu_filter_madgwick_node-3] [INFO] [1770686695.364273277] [imu_filter]: Parameter RLController.pid_ki_ang set to 0.000000
[imu_filter_madgwick_node-3] [INFO] [1770686695.364335263] [imu_filter]: Parameter RLController.pid_kd_ang set to 0.097743
[imu_filter_madgwick_node-3] [INFO] [1770686695.774393686] [imu_filter]: Parameter RLController.pid_kp_lin set to 1.205316
[imu_filter_madgwick_node-3] [INFO] [1770686695.775536275] [imu_filter]: Parameter RLController.pid_ki_lin set to 0.000000
[imu_filter_madgwick_node-3] [INFO] [1770686695.775689655] [imu_filter]: Parameter RLController.pid_kd_lin set to 0.020000
[imu_filter_madgwick_node-3] [INFO] [1770686695.775765721] [imu_filter]: Parameter RLController.pid_kp_ang set to 1.234463
[imu_filter_madgwick_node-3] [INFO] [1770686695.775830906] [imu_filter]: Parameter RLController.pid_ki_ang set to 0.000000
[imu_filter_madgwick_node-3] [INFO] [1770686695.776017855] [imu_filter]: Parameter RLController.pid_kd_ang set to 0.097743
[imu_filter_madgwick_node-3] [INFO] [1770686696.211041268] [imu_filter]: Parameter RLController.pid_kp_lin set to 1.205316
[imu_filter_madgwick_node-3] [INFO] [1770686696.211263002] [imu_filter]: Parameter RLController.pid_ki_lin set to 0.000000
[imu_filter_madgwick_node-3] [INFO] [1770686696.211443487] [imu_filter]: Parameter RLController.pid_kd_lin set to 0.020000
[imu_filter_madgwick_node-3] [INFO] [1770686696.214131363] [imu_filter]: Parameter RLController.pid_kp_ang set to 1.234463
[imu_filter_madgwick_node-3] [INFO] [1770686696.214318184] [imu_filter]: Parameter RLController.pid_ki_ang set to 0.000000
[imu_filter_madgwick_node-3] [INFO] [1770686696.215961874] [imu_filter]: Parameter RLController.pid_kd_ang set to 0.097743
[imu_filter_madgwick_node-3] [INFO] [1770686696.632487118] [imu_filter]: Parameter RLController.pid_kp_lin set to 1.205316
[imu_filter_madgwick_node-3] [INFO] [1770686696.633237858] [imu_filter]: Parameter RLController.pid_ki_lin set to 0.000000
[imu_filter_madgwick_node-3] [INFO] [1770686696.633384485] [imu_filter]: Parameter RLController.pid_kd_lin set to 0.020000
[imu_filter_madgwick_node-3] [INFO] [1770686696.633466023] [imu_filter]: Parameter RLController.pid_kp_ang set to 1.234463
[imu_filter_madgwick_node-3] [INFO] [1770686696.633528649] [imu_filter]: Parameter RLController.pid_ki_ang set to 0.000000
[imu_filter_madgwick_node-3] [INFO] [1770686696.633588715] [imu_filter]: Parameter RLController.pid_kd_ang set to 0.097743
[imu_filter_madgwick_node-3] [INFO] [1770686697.070458255] [imu_filter]: Parameter RLController.pid_kp_lin set to 1.205316
[imu_filter_madgwick_node-3] [INFO] [1770686697.070796248] [imu_filter]: Parameter RLController.pid_ki_lin set to 0.000000
[imu_filter_madgwick_node-3] [INFO] [1770686697.070893306] [imu_filter]: Parameter RLController.pid_kd_lin set to 0.020000
[imu_filter_madgwick_node-3] [INFO] [1770686697.071050942] [imu_filter]: Parameter RLController.pid_kp_ang set to 1.234463
[imu_filter_madgwick_node-3] [INFO] [1770686697.071126560] [imu_filter]: Parameter RLController.pid_ki_ang set to 0.000000
[imu_filter_madgwick_node-3] [INFO] [1770686697.071192866] [imu_filter]: Parameter RLController.pid_kd_ang set to 0.097743
[imu_filter_madgwick_node-3] [INFO] [1770686697.483390607] [imu_filter]: Parameter RLController.pid_kp_lin set to 1.205316
[imu_filter_madgwick_node-3] [INFO] [1770686697.483753081] [imu_filter]: Parameter RLController.pid_ki_lin set to 0.000000
[imu_filter_madgwick_node-3] [INFO] [1770686697.483912093] [imu_filter]: Parameter RLController.pid_kd_lin set to 0.020000
[imu_filter_madgwick_node-3] [INFO] [1770686697.483998943] [imu_filter]: Parameter RLController.pid_kp_ang set to 1.234463
[imu_filter_madgwick_node-3] [INFO] [1770686697.484065857] [imu_filter]: Parameter RLController.pid_ki_ang set to 0.000000
[imu_filter_madgwick_node-3] [INFO] [1770686697.484129954] [imu_filter]: Parameter RLController.pid_kd_ang set to 0.097743
[imu_filter_madgwick_node-3] [INFO] [1770686697.894422239] [imu_filter]: Parameter RLController.pid_kp_lin set to 1.205316
[imu_filter_madgwick_node-3] [INFO] [1770686697.894637125] [imu_filter]: Parameter RLController.pid_ki_lin set to 0.000000
[imu_filter_madgwick_node-3] [INFO] [1770686697.899182201] [imu_filter]: Parameter RLController.pid_kd_lin set to 0.020000
[imu_filter_madgwick_node-3] [INFO] [1770686697.899503457] [imu_filter]: Parameter RLController.pid_kp_ang set to 1.234463
[imu_filter_madgwick_node-3] [INFO] [1770686697.899602180] [imu_filter]: Parameter RLController.pid_ki_ang set to 0.000000
[imu_filter_madgwick_node-3] [INFO] [1770686697.899668645] [imu_filter]: Parameter RLController.pid_kd_ang set to 0.097743
[imu_filter_madgwick_node-3] [INFO] [1770686698.305602771] [imu_filter]: Parameter RLController.pid_kp_lin set to 1.205316
[imu_filter_madgwick_node-3] [INFO] [1770686698.305815576] [imu_filter]: Parameter RLController.pid_ki_lin set to 0.000000
[imu_filter_madgwick_node-3] [INFO] [1770686698.305891002] [imu_filter]: Parameter RLController.pid_kd_lin set to 0.020000
[imu_filter_madgwick_node-3] [INFO] [1770686698.305955548] [imu_filter]: Parameter RLController.pid_kp_ang set to 1.234463
[imu_filter_madgwick_node-3] [INFO] [1770686698.306017597] [imu_filter]: Parameter RLController.pid_ki_ang set to 0.000000
[imu_filter_madgwick_node-3] [INFO] [1770686698.306078431] [imu_filter]: Parameter RLController.pid_kd_ang set to 0.097743
[imu_filter_madgwick_node-3] [INFO] [1770686698.715171965] [imu_filter]: Parameter RLController.pid_kp_lin set to 1.205316
[imu_filter_madgwick_node-3] [INFO] [1770686698.715406659] [imu_filter]: Parameter RLController.pid_ki_lin set to 0.000000
[imu_filter_madgwick_node-3] [INFO] [1770686698.715490917] [imu_filter]: Parameter RLController.pid_kd_lin set to 0.020000
[imu_filter_madgwick_node-3] [INFO] [1770686698.715557127] [imu_filter]: Parameter RLController.pid_kp_ang set to 1.234463
[imu_filter_madgwick_node-3] [INFO] [1770686698.715618376] [imu_filter]: Parameter RLController.pid_ki_ang set to 0.000000
[imu_filter_madgwick_node-3] [INFO] [1770686698.720691434] [imu_filter]: Parameter RLController.pid_kd_ang set to 0.097743
[imu_filter_madgwick_node-3] [INFO] [1770686699.156151499] [imu_filter]: Parameter RLController.pid_kp_lin set to 1.205316
[imu_filter_madgwick_node-3] [INFO] [1770686699.156582614] [imu_filter]: Parameter RLController.pid_ki_lin set to 0.000000
[imu_filter_madgwick_node-3] [INFO] [1770686699.156736986] [imu_filter]: Parameter RLController.pid_kd_lin set to 0.020000
[imu_filter_madgwick_node-3] [INFO] [1770686699.156819676] [imu_filter]: Parameter RLController.pid_kp_ang set to 1.234463
[imu_filter_madgwick_node-3] [INFO] [1770686699.156890141] [imu_filter]: Parameter RLController.pid_ki_ang set to 0.000000
[imu_filter_madgwick_node-3] [INFO] [1770686699.156957471] [imu_filter]: Parameter RLController.pid_kd_ang set to 0.097743
[imu_filter_madgwick_node-3] [INFO] [1770686699.561784560] [imu_filter]: Parameter RLController.pid_kp_lin set to 1.205316
[imu_filter_madgwick_node-3] [INFO] [1770686699.562097272] [imu_filter]: Parameter RLController.pid_ki_lin set to 0.000000
[imu_filter_madgwick_node-3] [INFO] [1770686699.562176218] [imu_filter]: Parameter RLController.pid_kd_lin set to 0.020000
[imu_filter_madgwick_node-3] [INFO] [1770686699.566120831] [imu_filter]: Parameter RLController.pid_kp_ang set to 1.234463
[imu_filter_madgwick_node-3] [INFO] [1770686699.566348421] [imu_filter]: Parameter RLController.pid_ki_ang set to 0.000000
[imu_filter_madgwick_node-3] [INFO] [1770686699.566422791] [imu_filter]: Parameter RLController.pid_kd_ang set to 0.097743
[imu_filter_madgwick_node-3] [INFO] [1770686699.989617006] [imu_filter]: Parameter RLController.pid_kp_lin set to 1.205316
[imu_filter_madgwick_node-3] [INFO] [1770686699.989942486] [imu_filter]: Parameter RLController.pid_ki_lin set to 0.000000
[imu_filter_madgwick_node-3] [INFO] [1770686699.990034200] [imu_filter]: Parameter RLController.pid_kd_lin set to 0.020000
[imu_filter_madgwick_node-3] [INFO] [1770686699.990101018] [imu_filter]: Parameter RLController.pid_kp_ang set to 1.234463
[imu_filter_madgwick_node-3] [INFO] [1770686699.990167516] [imu_filter]: Parameter RLController.pid_ki_ang set to 0.000000
[imu_filter_madgwick_node-3] [INFO] [1770686699.990231037] [imu_filter]: Parameter RLController.pid_kd_ang set to 0.097743
[imu_filter_madgwick_node-3] [INFO] [1770686700.404795239] [imu_filter]: Parameter RLController.pid_kp_lin set to 1.205316
[imu_filter_madgwick_node-3] [INFO] [1770686700.407576623] [imu_filter]: Parameter RLController.pid_ki_lin set to 0.000000
[imu_filter_madgwick_node-3] [INFO] [1770686700.407761011] [imu_filter]: Parameter RLController.pid_kd_lin set to 0.020000
[imu_filter_madgwick_node-3] [INFO] [1770686700.407837365] [imu_filter]: Parameter RLController.pid_kp_ang set to 1.234463
[imu_filter_madgwick_node-3] [INFO] [1770686700.407900023] [imu_filter]: Parameter RLController.pid_ki_ang set to 0.000000
[imu_filter_madgwick_node-3] [INFO] [1770686700.407961976] [imu_filter]: Parameter RLController.pid_kd_ang set to 0.097743
[imu_filter_madgwick_node-3] [INFO] [1770686700.823511356] [imu_filter]: Parameter RLController.pid_kp_lin set to 1.205316
[imu_filter_madgwick_node-3] [INFO] [1770686700.826455975] [imu_filter]: Parameter RLController.pid_ki_lin set to 0.000000
[imu_filter_madgwick_node-3] [INFO] [1770686700.826819088] [imu_filter]: Parameter RLController.pid_kd_lin set to 0.020000
[imu_filter_madgwick_node-3] [INFO] [1770686700.826909171] [imu_filter]: Parameter RLController.pid_kp_ang set to 1.234463
[imu_filter_madgwick_node-3] [INFO] [1770686700.826978644] [imu_filter]: Parameter RLController.pid_ki_ang set to 0.000000
[imu_filter_madgwick_node-3] [INFO] [1770686700.827042614] [imu_filter]: Parameter RLController.pid_kd_ang set to 0.097743
[imu_filter_madgwick_node-3] [INFO] [1770686701.237643995] [imu_filter]: Parameter RLController.pid_kp_lin set to 1.205316
[imu_filter_madgwick_node-3] [INFO] [1770686701.238006948] [imu_filter]: Parameter RLController.pid_ki_lin set to 0.000000
[imu_filter_madgwick_node-3] [INFO] [1770686701.238084710] [imu_filter]: Parameter RLController.pid_kd_lin set to 0.020000
[imu_filter_madgwick_node-3] [INFO] [1770686701.238156488] [imu_filter]: Parameter RLController.pid_kp_ang set to 1.234463
[imu_filter_madgwick_node-3] [INFO] [1770686701.238264811] [imu_filter]: Parameter RLController.pid_ki_ang set to 0.000000
[imu_filter_madgwick_node-3] [INFO] [1770686701.238329740] [imu_filter]: Parameter RLController.pid_kd_ang set to 0.097743
[imu_filter_madgwick_node-3] [INFO] [1770686701.651845595] [imu_filter]: Parameter RLController.pid_kp_lin set to 1.205316
[imu_filter_madgwick_node-3] [INFO] [1770686701.652050433] [imu_filter]: Parameter RLController.pid_ki_lin set to 0.000000
[imu_filter_madgwick_node-3] [INFO] [1770686701.652128803] [imu_filter]: Parameter RLController.pid_kd_lin set to 0.020000
[imu_filter_madgwick_node-3] [INFO] [1770686701.652225221] [imu_filter]: Parameter RLController.pid_kp_ang set to 1.234463
[imu_filter_madgwick_node-3] [INFO] [1770686701.655473816] [imu_filter]: Parameter RLController.pid_ki_ang set to 0.000000
[imu_filter_madgwick_node-3] [INFO] [1770686701.655655485] [imu_filter]: Parameter RLController.pid_kd_ang set to 0.097743
[imu_filter_madgwick_node-3] [INFO] [1770686702.077149464] [imu_filter]: Parameter RLController.pid_kp_lin set to 1.205316
[imu_filter_madgwick_node-3] [INFO] [1770686702.083075856] [imu_filter]: Parameter RLController.pid_ki_lin set to 0.000000
[imu_filter_madgwick_node-3] [INFO] [1770686702.091131614] [imu_filter]: Parameter RLController.pid_kd_lin set to 0.020000
[imu_filter_madgwick_node-3] [INFO] [1770686702.091554089] [imu_filter]: Parameter RLController.pid_kp_ang set to 1.234463
[imu_filter_madgwick_node-3] [INFO] [1770686702.091630506] [imu_filter]: Parameter RLController.pid_ki_ang set to 0.000000
[imu_filter_madgwick_node-3] [INFO] [1770686702.091690700] [imu_filter]: Parameter RLController.pid_kd_ang set to 0.097743
[imu_filter_madgwick_node-3] [INFO] [1770686702.501783908] [imu_filter]: Parameter RLController.pid_kp_lin set to 1.205316
[imu_filter_madgwick_node-3] [INFO] [1770686702.501987785] [imu_filter]: Parameter RLController.pid_ki_lin set to 0.000000
[imu_filter_madgwick_node-3] [INFO] [1770686702.502060395] [imu_filter]: Parameter RLController.pid_kd_lin set to 0.020000
[imu_filter_madgwick_node-3] [INFO] [1770686702.510947118] [imu_filter]: Parameter RLController.pid_kp_ang set to 1.234463
[imu_filter_madgwick_node-3] [INFO] [1770686702.511148659] [imu_filter]: Parameter RLController.pid_ki_ang set to 0.000000
[imu_filter_madgwick_node-3] [INFO] [1770686702.511278647] [imu_filter]: Parameter RLController.pid_kd_ang set to 0.097743
[imu_filter_madgwick_node-3] [INFO] [1770686702.912230308] [imu_filter]: Parameter RLController.pid_kp_lin set to 1.205316
[imu_filter_madgwick_node-3] [INFO] [1770686702.912436714] [imu_filter]: Parameter RLController.pid_ki_lin set to 0.000000
[imu_filter_madgwick_node-3] [INFO] [1770686702.912520012] [imu_filter]: Parameter RLController.pid_kd_lin set to 0.020000
[imu_filter_madgwick_node-3] [INFO] [1770686702.914946314] [imu_filter]: Parameter RLController.pid_kp_ang set to 1.234463
[imu_filter_madgwick_node-3] [INFO] [1770686702.915112590] [imu_filter]: Parameter RLController.pid_ki_ang set to 0.000000
[imu_filter_madgwick_node-3] [INFO] [1770686702.915184976] [imu_filter]: Parameter RLController.pid_kd_ang set to 0.097743
[imu_filter_madgwick_node-3] [INFO] [1770686703.322520097] [imu_filter]: Parameter RLController.pid_kp_lin set to 1.205316
[imu_filter_madgwick_node-3] [INFO] [1770686703.322748327] [imu_filter]: Parameter RLController.pid_ki_lin set to 0.000000
[imu_filter_madgwick_node-3] [INFO] [1770686703.325574159] [imu_filter]: Parameter RLController.pid_kd_lin set to 0.020000
[imu_filter_madgwick_node-3] [INFO] [1770686703.329072617] [imu_filter]: Parameter RLController.pid_kp_ang set to 1.234463
[imu_filter_madgwick_node-3] [INFO] [1770686703.329278638] [imu_filter]: Parameter RLController.pid_ki_ang set to 0.000000
[imu_filter_madgwick_node-3] [INFO] [1770686703.329469011] [imu_filter]: Parameter RLController.pid_kd_ang set to 0.097743
[imu_filter_madgwick_node-3] [INFO] [1770686703.737456245] [imu_filter]: Parameter RLController.pid_kp_lin set to 1.205316
[imu_filter_madgwick_node-3] [INFO] [1770686703.737762301] [imu_filter]: Parameter RLController.pid_ki_lin set to 0.000000
[imu_filter_madgwick_node-3] [INFO] [1770686703.737879456] [imu_filter]: Parameter RLController.pid_kd_lin set to 0.020000
[imu_filter_madgwick_node-3] [INFO] [1770686703.737975042] [imu_filter]: Parameter RLController.pid_kp_ang set to 1.234463
[imu_filter_madgwick_node-3] [INFO] [1770686703.738045860] [imu_filter]: Parameter RLController.pid_ki_ang set to 0.000000
[imu_filter_madgwick_node-3] [INFO] [1770686703.738110086] [imu_filter]: Parameter RLController.pid_kd_ang set to 0.097743
[imu_filter_madgwick_node-3] [INFO] [1770686704.164558911] [imu_filter]: Parameter RLController.pid_kp_lin set to 1.205316
[imu_filter_madgwick_node-3] [INFO] [1770686704.164790917] [imu_filter]: Parameter RLController.pid_ki_lin set to 0.000000
[imu_filter_madgwick_node-3] [INFO] [1770686704.164874888] [imu_filter]: Parameter RLController.pid_kd_lin set to 0.020000
[imu_filter_madgwick_node-3] [INFO] [1770686704.164942121] [imu_filter]: Parameter RLController.pid_kp_ang set to 1.234463
[imu_filter_madgwick_node-3] [INFO] [1770686704.165004843] [imu_filter]: Parameter RLController.pid_ki_ang set to 0.000000
[imu_filter_madgwick_node-3] [INFO] [1770686704.165066764] [imu_filter]: Parameter RLController.pid_kd_ang set to 0.097743
[imu_filter_madgwick_node-3] [INFO] [1770686704.588706655] [imu_filter]: Parameter RLController.pid_kp_lin set to 1.205316
[imu_filter_madgwick_node-3] [INFO] [1770686704.589039655] [imu_filter]: Parameter RLController.pid_ki_lin set to 0.000000
[imu_filter_madgwick_node-3] [INFO] [1770686704.589118697] [imu_filter]: Parameter RLController.pid_kd_lin set to 0.020000
[imu_filter_madgwick_node-3] [INFO] [1770686704.589183883] [imu_filter]: Parameter RLController.pid_kp_ang set to 1.234463
[imu_filter_madgwick_node-3] [INFO] [1770686704.589242892] [imu_filter]: Parameter RLController.pid_ki_ang set to 0.000000
[imu_filter_madgwick_node-3] [INFO] [1770686704.589299342] [imu_filter]: Parameter RLController.pid_kd_ang set to 0.097743
[imu_filter_madgwick_node-3] [INFO] [1770686704.999642764] [imu_filter]: Parameter RLController.pid_kp_lin set to 1.205316
[imu_filter_madgwick_node-3] [INFO] [1770686704.999846609] [imu_filter]: Parameter RLController.pid_ki_lin set to 0.000000
[imu_filter_madgwick_node-3] [INFO] [1770686704.999929395] [imu_filter]: Parameter RLController.pid_kd_lin set to 0.020000
[imu_filter_madgwick_node-3] [INFO] [1770686704.999994261] [imu_filter]: Parameter RLController.pid_kp_ang set to 1.234463
[imu_filter_madgwick_node-3] [INFO] [1770686705.000216315] [imu_filter]: Parameter RLController.pid_ki_ang set to 0.000000
[imu_filter_madgwick_node-3] [INFO] [1770686705.000298621] [imu_filter]: Parameter RLController.pid_kd_ang set to 0.097743
[imu_filter_madgwick_node-3] [INFO] [1770686705.410436918] [imu_filter]: Parameter RLController.pid_kp_lin set to 1.205316
[imu_filter_madgwick_node-3] [INFO] [1770686705.410759838] [imu_filter]: Parameter RLController.pid_ki_lin set to 0.000000
[imu_filter_madgwick_node-3] [INFO] [1770686705.416305740] [imu_filter]: Parameter RLController.pid_kd_lin set to 0.020000
[imu_filter_madgwick_node-3] [INFO] [1770686705.416607091] [imu_filter]: Parameter RLController.pid_kp_ang set to 1.234463
[imu_filter_madgwick_node-3] [INFO] [1770686705.416721046] [imu_filter]: Parameter RLController.pid_ki_ang set to 0.000000
[imu_filter_madgwick_node-3] [INFO] [1770686705.416794872] [imu_filter]: Parameter RLController.pid_kd_ang set to 0.097743
[imu_filter_madgwick_node-3] [INFO] [1770686705.826032026] [imu_filter]: Parameter RLController.pid_kp_lin set to 1.205316
[imu_filter_madgwick_node-3] [INFO] [1770686705.826496390] [imu_filter]: Parameter RLController.pid_ki_lin set to 0.000000
[imu_filter_madgwick_node-3] [INFO] [1770686705.826635369] [imu_filter]: Parameter RLController.pid_kd_lin set to 0.020000
[imu_filter_madgwick_node-3] [INFO] [1770686705.826709771] [imu_filter]: Parameter RLController.pid_kp_ang set to 1.234463
[imu_filter_madgwick_node-3] [INFO] [1770686705.826770989] [imu_filter]: Parameter RLController.pid_ki_ang set to 0.000000
[imu_filter_madgwick_node-3] [INFO] [1770686705.826835407] [imu_filter]: Parameter RLController.pid_kd_ang set to 0.097743
[imu_filter_madgwick_node-3] [INFO] [1770686706.241100369] [imu_filter]: Parameter RLController.pid_kp_lin set to 1.205316
[imu_filter_madgwick_node-3] [INFO] [1770686706.241306070] [imu_filter]: Parameter RLController.pid_ki_lin set to 0.000000
[imu_filter_madgwick_node-3] [INFO] [1770686706.241505403] [imu_filter]: Parameter RLController.pid_kd_lin set to 0.020000
[imu_filter_madgwick_node-3] [INFO] [1770686706.241585117] [imu_filter]: Parameter RLController.pid_kp_ang set to 1.234463
[imu_filter_madgwick_node-3] [INFO] [1770686706.241647455] [imu_filter]: Parameter RLController.pid_ki_ang set to 0.000000
[imu_filter_madgwick_node-3] [INFO] [1770686706.241710305] [imu_filter]: Parameter RLController.pid_kd_ang set to 0.097743
[imu_filter_madgwick_node-3] [INFO] [1770686706.661748695] [imu_filter]: Parameter RLController.pid_kp_lin set to 1.205316
[imu_filter_madgwick_node-3] [INFO] [1770686706.662092383] [imu_filter]: Parameter RLController.pid_ki_lin set to 0.000000
[imu_filter_madgwick_node-3] [INFO] [1770686706.662179586] [imu_filter]: Parameter RLController.pid_kd_lin set to 0.020000
[imu_filter_madgwick_node-3] [INFO] [1770686706.662246723] [imu_filter]: Parameter RLController.pid_kp_ang set to 1.234463
[imu_filter_madgwick_node-3] [INFO] [1770686706.662309861] [imu_filter]: Parameter RLController.pid_ki_ang set to 0.000000
[imu_filter_madgwick_node-3] [INFO] [1770686706.662370182] [imu_filter]: Parameter RLController.pid_kd_ang set to 0.097743
[imu_filter_madgwick_node-3] [INFO] [1770686707.074329454] [imu_filter]: Parameter RLController.pid_kp_lin set to 1.205316
[imu_filter_madgwick_node-3] [INFO] [1770686707.074660598] [imu_filter]: Parameter RLController.pid_ki_lin set to 0.000000
[imu_filter_madgwick_node-3] [INFO] [1770686707.074755609] [imu_filter]: Parameter RLController.pid_kd_lin set to 0.020000
[imu_filter_madgwick_node-3] [INFO] [1770686707.074822267] [imu_filter]: Parameter RLController.pid_kp_ang set to 1.234463
[imu_filter_madgwick_node-3] [INFO] [1770686707.074880572] [imu_filter]: Parameter RLController.pid_ki_ang set to 0.000000
[imu_filter_madgwick_node-3] [INFO] [1770686707.074941406] [imu_filter]: Parameter RLController.pid_kd_ang set to 0.097743
[imu_filter_madgwick_node-3] [INFO] [1770686707.489966003] [imu_filter]: Parameter RLController.pid_kp_lin set to 1.205316
[imu_filter_madgwick_node-3] [INFO] [1770686707.490166712] [imu_filter]: Parameter RLController.pid_ki_lin set to 0.000000
[imu_filter_madgwick_node-3] [INFO] [1770686707.490241306] [imu_filter]: Parameter RLController.pid_kd_lin set to 0.020000
[imu_filter_madgwick_node-3] [INFO] [1770686707.494706057] [imu_filter]: Parameter RLController.pid_kp_ang set to 1.234463
[imu_filter_madgwick_node-3] [INFO] [1770686707.494900654] [imu_filter]: Parameter RLController.pid_ki_ang set to 0.000000
[imu_filter_madgwick_node-3] [INFO] [1770686707.494971504] [imu_filter]: Parameter RLController.pid_kd_ang set to 0.097743
[imu_filter_madgwick_node-3] [INFO] [1770686707.899571068] [imu_filter]: Parameter RLController.pid_kp_lin set to 1.205316
[imu_filter_madgwick_node-3] [INFO] [1770686707.901895542] [imu_filter]: Parameter RLController.pid_ki_lin set to 0.000000
[imu_filter_madgwick_node-3] [INFO] [1770686707.902068730] [imu_filter]: Parameter RLController.pid_kd_lin set to 0.020000
[imu_filter_madgwick_node-3] [INFO] [1770686707.902793356] [imu_filter]: Parameter RLController.pid_kp_ang set to 1.234463
[imu_filter_madgwick_node-3] [INFO] [1770686707.902920079] [imu_filter]: Parameter RLController.pid_ki_ang set to 0.000000
[imu_filter_madgwick_node-3] [INFO] [1770686707.902996081] [imu_filter]: Parameter RLController.pid_kd_ang set to 0.097743
[imu_filter_madgwick_node-3] [INFO] [1770686708.326079817] [imu_filter]: Parameter RLController.pid_kp_lin set to 1.205316
[imu_filter_madgwick_node-3] [INFO] [1770686708.326297967] [imu_filter]: Parameter RLController.pid_ki_lin set to 0.000000
[imu_filter_madgwick_node-3] [INFO] [1770686708.326374001] [imu_filter]: Parameter RLController.pid_kd_lin set to 0.020000
[imu_filter_madgwick_node-3] [INFO] [1770686708.326448019] [imu_filter]: Parameter RLController.pid_kp_ang set to 1.234463
[imu_filter_madgwick_node-3] [INFO] [1770686708.326509236] [imu_filter]: Parameter RLController.pid_ki_ang set to 0.000000
[imu_filter_madgwick_node-3] [INFO] [1770686708.326567958] [imu_filter]: Parameter RLController.pid_kd_ang set to 0.097743
[imu_filter_madgwick_node-3] [INFO] [1770686708.735013058] [imu_filter]: Parameter RLController.pid_kp_lin set to 1.205316
[imu_filter_madgwick_node-3] [INFO] [1770686708.735221799] [imu_filter]: Parameter RLController.pid_ki_lin set to 0.000000
[imu_filter_madgwick_node-3] [INFO] [1770686708.735301289] [imu_filter]: Parameter RLController.pid_kd_lin set to 0.020000
[imu_filter_madgwick_node-3] [INFO] [1770686708.735367850] [imu_filter]: Parameter RLController.pid_kp_ang set to 1.234463
[imu_filter_madgwick_node-3] [INFO] [1770686708.735431404] [imu_filter]: Parameter RLController.pid_ki_ang set to 0.000000
[imu_filter_madgwick_node-3] [INFO] [1770686708.735490990] [imu_filter]: Parameter RLController.pid_kd_ang set to 0.097743
[imu_filter_madgwick_node-3] [INFO] [1770686709.150329529] [imu_filter]: Parameter RLController.pid_kp_lin set to 1.205316
[imu_filter_madgwick_node-3] [INFO] [1770686709.150560446] [imu_filter]: Parameter RLController.pid_ki_lin set to 0.000000
[imu_filter_madgwick_node-3] [INFO] [1770686709.150687298] [imu_filter]: Parameter RLController.pid_kd_lin set to 0.020000
[imu_filter_madgwick_node-3] [INFO] [1770686709.150755043] [imu_filter]: Parameter RLController.pid_kp_ang set to 1.234463
[imu_filter_madgwick_node-3] [INFO] [1770686709.150817477] [imu_filter]: Parameter RLController.pid_ki_ang set to 0.000000
[imu_filter_madgwick_node-3] [INFO] [1770686709.150889127] [imu_filter]: Parameter RLController.pid_kd_ang set to 0.097743
[imu_filter_madgwick_node-3] [INFO] [1770686709.579561770] [imu_filter]: Parameter RLController.pid_kp_lin set to 1.205316
[imu_filter_madgwick_node-3] [INFO] [1770686709.579773775] [imu_filter]: Parameter RLController.pid_ki_lin set to 0.000000
[imu_filter_madgwick_node-3] [INFO] [1770686709.579855857] [imu_filter]: Parameter RLController.pid_kd_lin set to 0.020000
[imu_filter_madgwick_node-3] [INFO] [1770686709.579924435] [imu_filter]: Parameter RLController.pid_kp_ang set to 1.234463
[imu_filter_madgwick_node-3] [INFO] [1770686709.579985140] [imu_filter]: Parameter RLController.pid_ki_ang set to 0.000000
[imu_filter_madgwick_node-3] [INFO] [1770686709.580044758] [imu_filter]: Parameter RLController.pid_kd_ang set to 0.097743
[imu_filter_madgwick_node-3] [INFO] [1770686709.999857084] [imu_filter]: Parameter RLController.pid_kp_lin set to 1.205316
[imu_filter_madgwick_node-3] [INFO] [1770686710.000257958] [imu_filter]: Parameter RLController.pid_ki_lin set to 0.000000
[imu_filter_madgwick_node-3] [INFO] [1770686710.000385162] [imu_filter]: Parameter RLController.pid_kd_lin set to 0.020000
[imu_filter_madgwick_node-3] [INFO] [1770686710.000463244] [imu_filter]: Parameter RLController.pid_kp_ang set to 1.234463
[imu_filter_madgwick_node-3] [INFO] [1770686710.000526637] [imu_filter]: Parameter RLController.pid_ki_ang set to 0.000000
[imu_filter_madgwick_node-3] [INFO] [1770686710.000593295] [imu_filter]: Parameter RLController.pid_kd_ang set to 0.097743
[imu_filter_madgwick_node-3] [INFO] [1770686710.427088828] [imu_filter]: Parameter RLController.pid_kp_lin set to 1.205316
[imu_filter_madgwick_node-3] [INFO] [1770686710.427437700] [imu_filter]: Parameter RLController.pid_ki_lin set to 0.000000
[imu_filter_madgwick_node-3] [INFO] [1770686710.427567240] [imu_filter]: Parameter RLController.pid_kd_lin set to 0.020000
[imu_filter_madgwick_node-3] [INFO] [1770686710.427644810] [imu_filter]: Parameter RLController.pid_kp_ang set to 1.234463
[imu_filter_madgwick_node-3] [INFO] [1770686710.427708235] [imu_filter]: Parameter RLController.pid_ki_ang set to 0.000000
[imu_filter_madgwick_node-3] [INFO] [1770686710.427768205] [imu_filter]: Parameter RLController.pid_kd_ang set to 0.097743
[imu_filter_madgwick_node-3] [INFO] [1770686710.851088779] [imu_filter]: Parameter RLController.pid_kp_lin set to 1.205316
[imu_filter_madgwick_node-3] [INFO] [1770686710.851307760] [imu_filter]: Parameter RLController.pid_ki_lin set to 0.000000
[imu_filter_madgwick_node-3] [INFO] [1770686710.851388914] [imu_filter]: Parameter RLController.pid_kd_lin set to 0.020000
[imu_filter_madgwick_node-3] [INFO] [1770686710.851454516] [imu_filter]: Parameter RLController.pid_kp_ang set to 1.234463
[imu_filter_madgwick_node-3] [INFO] [1770686710.851518581] [imu_filter]: Parameter RLController.pid_ki_ang set to 0.000000
[imu_filter_madgwick_node-3] [INFO] [1770686710.851575415] [imu_filter]: Parameter RLController.pid_kd_ang set to 0.097743
[imu_filter_madgwick_node-3] [INFO] [1770686711.272273044] [imu_filter]: Parameter RLController.pid_kp_lin set to 1.205316
[imu_filter_madgwick_node-3] [INFO] [1770686711.272616316] [imu_filter]: Parameter RLController.pid_ki_lin set to 0.000000
[imu_filter_madgwick_node-3] [INFO] [1770686711.272706366] [imu_filter]: Parameter RLController.pid_kd_lin set to 0.020000
[imu_filter_madgwick_node-3] [INFO] [1770686711.272770560] [imu_filter]: Parameter RLController.pid_kp_ang set to 1.234463
[imu_filter_madgwick_node-3] [INFO] [1770686711.272832801] [imu_filter]: Parameter RLController.pid_ki_ang set to 0.000000
[imu_filter_madgwick_node-3] [INFO] [1770686711.273331758] [imu_filter]: Parameter RLController.pid_kd_ang set to 0.097743
[imu_filter_madgwick_node-3] [INFO] [1770686711.694962274] [imu_filter]: Parameter RLController.pid_kp_lin set to 1.205316
[imu_filter_madgwick_node-3] [INFO] [1770686711.695330379] [imu_filter]: Parameter RLController.pid_ki_lin set to 0.000000
[imu_filter_madgwick_node-3] [INFO] [1770686711.695422413] [imu_filter]: Parameter RLController.pid_kd_lin set to 0.020000
[imu_filter_madgwick_node-3] [INFO] [1770686711.695492015] [imu_filter]: Parameter RLController.pid_kp_ang set to 1.234463
[imu_filter_madgwick_node-3] [INFO] [1770686711.695556145] [imu_filter]: Parameter RLController.pid_ki_ang set to 0.000000
[imu_filter_madgwick_node-3] [INFO] [1770686711.695613298] [imu_filter]: Parameter RLController.pid_kd_ang set to 0.097743
[imu_filter_madgwick_node-3] [INFO] [1770686712.137840582] [imu_filter]: Parameter RLController.pid_kp_lin set to 1.205316
[imu_filter_madgwick_node-3] [INFO] [1770686712.138207311] [imu_filter]: Parameter RLController.pid_ki_lin set to 0.000000
[imu_filter_madgwick_node-3] [INFO] [1770686712.138302354] [imu_filter]: Parameter RLController.pid_kd_lin set to 0.020000
[imu_filter_madgwick_node-3] [INFO] [1770686712.138371699] [imu_filter]: Parameter RLController.pid_kp_ang set to 1.234463
[imu_filter_madgwick_node-3] [INFO] [1770686712.138430709] [imu_filter]: Parameter RLController.pid_ki_ang set to 0.000000
[imu_filter_madgwick_node-3] [INFO] [1770686712.138489526] [imu_filter]: Parameter RLController.pid_kd_ang set to 0.097743
[imu_filter_madgwick_node-3] [INFO] [1770686712.562517222] [imu_filter]: Parameter RLController.pid_kp_lin set to 1.205316
[imu_filter_madgwick_node-3] [INFO] [1770686712.562850094] [imu_filter]: Parameter RLController.pid_ki_lin set to 0.000000
[imu_filter_madgwick_node-3] [INFO] [1770686712.562932176] [imu_filter]: Parameter RLController.pid_kd_lin set to 0.020000
[imu_filter_madgwick_node-3] [INFO] [1770686712.562999570] [imu_filter]: Parameter RLController.pid_kp_ang set to 1.234463
[imu_filter_madgwick_node-3] [INFO] [1770686712.563073492] [imu_filter]: Parameter RLController.pid_ki_ang set to 0.000000
[imu_filter_madgwick_node-3] [INFO] [1770686712.563136725] [imu_filter]: Parameter RLController.pid_kd_ang set to 0.097743
[imu_filter_madgwick_node-3] [INFO] [1770686712.985100914] [imu_filter]: Parameter RLController.pid_kp_lin set to 1.205316
[imu_filter_madgwick_node-3] [INFO] [1770686712.985300599] [imu_filter]: Parameter RLController.pid_ki_lin set to 0.000000
[imu_filter_madgwick_node-3] [INFO] [1770686712.985373880] [imu_filter]: Parameter RLController.pid_kd_lin set to 0.020000
[imu_filter_madgwick_node-3] [INFO] [1770686712.985440122] [imu_filter]: Parameter RLController.pid_kp_ang set to 1.234463
[imu_filter_madgwick_node-3] [INFO] [1770686712.985497052] [imu_filter]: Parameter RLController.pid_ki_ang set to 0.000000
[imu_filter_madgwick_node-3] [INFO] [1770686712.985717377] [imu_filter]: Parameter RLController.pid_kd_ang set to 0.097743
[imu_filter_madgwick_node-3] [INFO] [1770686713.396849680] [imu_filter]: Parameter RLController.pid_kp_lin set to 1.205316
[imu_filter_madgwick_node-3] [INFO] [1770686713.397078102] [imu_filter]: Parameter RLController.pid_ki_lin set to 0.000000
[imu_filter_madgwick_node-3] [INFO] [1770686713.397164184] [imu_filter]: Parameter RLController.pid_kd_lin set to 0.020000
[imu_filter_madgwick_node-3] [INFO] [1770686713.397232986] [imu_filter]: Parameter RLController.pid_kp_ang set to 1.234463
[imu_filter_madgwick_node-3] [INFO] [1770686713.397300155] [imu_filter]: Parameter RLController.pid_ki_ang set to 0.000000
[imu_filter_madgwick_node-3] [INFO] [1770686713.397367645] [imu_filter]: Parameter RLController.pid_kd_ang set to 0.097743
[imu_filter_madgwick_node-3] [INFO] [1770686713.825563060] [imu_filter]: Parameter RLController.pid_kp_lin set to 1.205316
[imu_filter_madgwick_node-3] [INFO] [1770686713.825774713] [imu_filter]: Parameter RLController.pid_ki_lin set to 0.000000
[imu_filter_madgwick_node-3] [INFO] [1770686713.825857339] [imu_filter]: Parameter RLController.pid_kd_lin set to 0.020000
[imu_filter_madgwick_node-3] [INFO] [1770686713.825933853] [imu_filter]: Parameter RLController.pid_kp_ang set to 1.234463
[imu_filter_madgwick_node-3] [INFO] [1770686713.825995679] [imu_filter]: Parameter RLController.pid_ki_ang set to 0.000000
[imu_filter_madgwick_node-3] [INFO] [1770686713.826062561] [imu_filter]: Parameter RLController.pid_kd_ang set to 0.097743
[imu_filter_madgwick_node-3] [INFO] [1770686714.256650803] [imu_filter]: Parameter RLController.pid_kp_lin set to 1.205316
[imu_filter_madgwick_node-3] [INFO] [1770686714.256874361] [imu_filter]: Parameter RLController.pid_ki_lin set to 0.000000
[imu_filter_madgwick_node-3] [INFO] [1770686714.256966011] [imu_filter]: Parameter RLController.pid_kd_lin set to 0.020000
[imu_filter_madgwick_node-3] [INFO] [1770686714.257181728] [imu_filter]: Parameter RLController.pid_kp_ang set to 1.234463
[imu_filter_madgwick_node-3] [INFO] [1770686714.257262722] [imu_filter]: Parameter RLController.pid_ki_ang set to 0.000000
[imu_filter_madgwick_node-3] [INFO] [1770686714.257331140] [imu_filter]: Parameter RLController.pid_kd_ang set to 0.097743
[imu_filter_madgwick_node-3] [INFO] [1770686714.667112722] [imu_filter]: Parameter RLController.pid_kp_lin set to 1.205316
[imu_filter_madgwick_node-3] [INFO] [1770686714.667333079] [imu_filter]: Parameter RLController.pid_ki_lin set to 0.000000
[imu_filter_madgwick_node-3] [INFO] [1770686714.667418041] [imu_filter]: Parameter RLController.pid_kd_lin set to 0.020000
[imu_filter_madgwick_node-3] [INFO] [1770686714.676445498] [imu_filter]: Parameter RLController.pid_kp_ang set to 1.234463
[imu_filter_madgwick_node-3] [INFO] [1770686714.676794818] [imu_filter]: Parameter RLController.pid_ki_ang set to 0.000000
[imu_filter_madgwick_node-3] [INFO] [1770686714.676958214] [imu_filter]: Parameter RLController.pid_kd_ang set to 0.097743
[imu_filter_madgwick_node-3] [INFO] [1770686715.091934549] [imu_filter]: Parameter RLController.pid_kp_lin set to 1.205316
[imu_filter_madgwick_node-3] [INFO] [1770686715.092270621] [imu_filter]: Parameter RLController.pid_ki_lin set to 0.000000
[imu_filter_madgwick_node-3] [INFO] [1770686715.092384736] [imu_filter]: Parameter RLController.pid_kd_lin set to 0.020000
[imu_filter_madgwick_node-3] [INFO] [1770686715.092457250] [imu_filter]: Parameter RLController.pid_kp_ang set to 1.234463
[imu_filter_madgwick_node-3] [INFO] [1770686715.092521796] [imu_filter]: Parameter RLController.pid_ki_ang set to 0.000000
[imu_filter_madgwick_node-3] [INFO] [1770686715.092585349] [imu_filter]: Parameter RLController.pid_kd_ang set to 0.097743
[imu_filter_madgwick_node-3] [INFO] [1770686715.501174005] [imu_filter]: Parameter RLController.pid_kp_lin set to 1.205316
[imu_filter_madgwick_node-3] [INFO] [1770686715.501367930] [imu_filter]: Parameter RLController.pid_ki_lin set to 0.000000
[imu_filter_madgwick_node-3] [INFO] [1770686715.501443804] [imu_filter]: Parameter RLController.pid_kd_lin set to 0.020000
[imu_filter_madgwick_node-3] [INFO] [1770686715.501508861] [imu_filter]: Parameter RLController.pid_kp_ang set to 1.234463
[imu_filter_madgwick_node-3] [INFO] [1770686715.501566367] [imu_filter]: Parameter RLController.pid_ki_ang set to 0.000000
[imu_filter_madgwick_node-3] [INFO] [1770686715.501630912] [imu_filter]: Parameter RLController.pid_kd_ang set to 0.097743
[imu_filter_madgwick_node-3] [INFO] [1770686715.921892914] [imu_filter]: Parameter RLController.pid_kp_lin set to 1.205316
[imu_filter_madgwick_node-3] [INFO] [1770686715.922096823] [imu_filter]: Parameter RLController.pid_ki_lin set to 0.000000
[imu_filter_madgwick_node-3] [INFO] [1770686715.922166585] [imu_filter]: Parameter RLController.pid_kd_lin set to 0.020000
[imu_filter_madgwick_node-3] [INFO] [1770686715.922228218] [imu_filter]: Parameter RLController.pid_kp_ang set to 1.234463
[imu_filter_madgwick_node-3] [INFO] [1770686715.922289308] [imu_filter]: Parameter RLController.pid_ki_ang set to 0.000000
[imu_filter_madgwick_node-3] [INFO] [1770686715.922350174] [imu_filter]: Parameter RLController.pid_kd_ang set to 0.097743
[imu_filter_madgwick_node-3] [INFO] [1770686716.333650321] [imu_filter]: Parameter RLController.pid_kp_lin set to 1.205316
[imu_filter_madgwick_node-3] [INFO] [1770686716.336051308] [imu_filter]: Parameter RLController.pid_ki_lin set to 0.000000
[imu_filter_madgwick_node-3] [INFO] [1770686716.336264466] [imu_filter]: Parameter RLController.pid_kd_lin set to 0.020000
[imu_filter_madgwick_node-3] [INFO] [1770686716.336356372] [imu_filter]: Parameter RLController.pid_kp_ang set to 1.234463
[imu_filter_madgwick_node-3] [INFO] [1770686716.336417557] [imu_filter]: Parameter RLController.pid_ki_ang set to 0.000000
[imu_filter_madgwick_node-3] [INFO] [1770686716.336483511] [imu_filter]: Parameter RLController.pid_kd_ang set to 0.097743
[imu_filter_madgwick_node-3] [INFO] [1770686716.763300268] [imu_filter]: Parameter RLController.pid_kp_lin set to 1.205316
[imu_filter_madgwick_node-3] [INFO] [1770686716.763589107] [imu_filter]: Parameter RLController.pid_ki_lin set to 0.000000
[imu_filter_madgwick_node-3] [INFO] [1770686716.763689014] [imu_filter]: Parameter RLController.pid_kd_lin set to 0.020000
[imu_filter_madgwick_node-3] [INFO] [1770686716.763755767] [imu_filter]: Parameter RLController.pid_kp_ang set to 1.234463
[imu_filter_madgwick_node-3] [INFO] [1770686716.763814137] [imu_filter]: Parameter RLController.pid_ki_ang set to 0.000000
[imu_filter_madgwick_node-3] [INFO] [1770686716.763871546] [imu_filter]: Parameter RLController.pid_kd_ang set to 0.097743
[imu_filter_madgwick_node-3] [INFO] [1770686717.177898513] [imu_filter]: Parameter RLController.pid_kp_lin set to 1.205316
[imu_filter_madgwick_node-3] [INFO] [1770686717.178120247] [imu_filter]: Parameter RLController.pid_ki_lin set to 0.000000
[imu_filter_madgwick_node-3] [INFO] [1770686717.178202201] [imu_filter]: Parameter RLController.pid_kd_lin set to 0.020000
[imu_filter_madgwick_node-3] [INFO] [1770686717.178271642] [imu_filter]: Parameter RLController.pid_kp_ang set to 1.234463
[imu_filter_madgwick_node-3] [INFO] [1770686717.178448767] [imu_filter]: Parameter RLController.pid_ki_ang set to 0.000000
[imu_filter_madgwick_node-3] [INFO] [1770686717.178515233] [imu_filter]: Parameter RLController.pid_kd_ang set to 0.097743
[imu_filter_madgwick_node-3] [INFO] [1770686717.595872298] [imu_filter]: Parameter RLController.pid_kp_lin set to 1.205316
[imu_filter_madgwick_node-3] [INFO] [1770686717.596068623] [imu_filter]: Parameter RLController.pid_ki_lin set to 0.000000
[imu_filter_madgwick_node-3] [INFO] [1770686717.596154737] [imu_filter]: Parameter RLController.pid_kd_lin set to 0.020000
[imu_filter_madgwick_node-3] [INFO] [1770686717.596267828] [imu_filter]: Parameter RLController.pid_kp_ang set to 1.234463
[imu_filter_madgwick_node-3] [INFO] [1770686717.596343926] [imu_filter]: Parameter RLController.pid_ki_ang set to 0.000000
[imu_filter_madgwick_node-3] [INFO] [1770686717.596413240] [imu_filter]: Parameter RLController.pid_kd_ang set to 0.097743
[imu_filter_madgwick_node-3] [INFO] [1770686718.027859264] [imu_filter]: Parameter RLController.pid_kp_lin set to 1.205316
[imu_filter_madgwick_node-3] [INFO] [1770686718.028088229] [imu_filter]: Parameter RLController.pid_ki_lin set to 0.000000
[imu_filter_madgwick_node-3] [INFO] [1770686718.028170888] [imu_filter]: Parameter RLController.pid_kd_lin set to 0.020000
[imu_filter_madgwick_node-3] [INFO] [1770686718.028272746] [imu_filter]: Parameter RLController.pid_kp_ang set to 1.234463
[imu_filter_madgwick_node-3] [INFO] [1770686718.028336588] [imu_filter]: Parameter RLController.pid_ki_ang set to 0.000000
[imu_filter_madgwick_node-3] [INFO] [1770686718.028400109] [imu_filter]: Parameter RLController.pid_kd_ang set to 0.097743
[imu_filter_madgwick_node-3] [INFO] [1770686718.444135471] [imu_filter]: Parameter RLController.pid_kp_lin set to 1.205316
[imu_filter_madgwick_node-3] [INFO] [1770686718.444423830] [imu_filter]: Parameter RLController.pid_ki_lin set to 0.000000
[imu_filter_madgwick_node-3] [INFO] [1770686718.444547225] [imu_filter]: Parameter RLController.pid_kd_lin set to 0.020000
[imu_filter_madgwick_node-3] [INFO] [1770686718.444622523] [imu_filter]: Parameter RLController.pid_kp_ang set to 1.234463
[imu_filter_madgwick_node-3] [INFO] [1770686718.444722621] [imu_filter]: Parameter RLController.pid_ki_ang set to 0.000000
[imu_filter_madgwick_node-3] [INFO] [1770686718.444795071] [imu_filter]: Parameter RLController.pid_kd_ang set to 0.097743
[imu_filter_madgwick_node-3] [INFO] [1770686718.862512594] [imu_filter]: Parameter RLController.pid_kp_lin set to 1.205316
[imu_filter_madgwick_node-3] [INFO] [1770686718.862751000] [imu_filter]: Parameter RLController.pid_ki_lin set to 0.000000
[imu_filter_madgwick_node-3] [INFO] [1770686718.862834618] [imu_filter]: Parameter RLController.pid_kd_lin set to 0.020000
[imu_filter_madgwick_node-3] [INFO] [1770686718.862950557] [imu_filter]: Parameter RLController.pid_kp_ang set to 1.234463
[imu_filter_madgwick_node-3] [INFO] [1770686718.863020926] [imu_filter]: Parameter RLController.pid_ki_ang set to 0.000000
[imu_filter_madgwick_node-3] [INFO] [1770686718.863081728] [imu_filter]: Parameter RLController.pid_kd_ang set to 0.097743
[imu_filter_madgwick_node-3] [INFO] [1770686719.276993396] [imu_filter]: Parameter RLController.pid_kp_lin set to 1.205316
[imu_filter_madgwick_node-3] [INFO] [1770686719.277279739] [imu_filter]: Parameter RLController.pid_ki_lin set to 0.000000
[imu_filter_madgwick_node-3] [INFO] [1770686719.277387998] [imu_filter]: Parameter RLController.pid_kd_lin set to 0.020000
[imu_filter_madgwick_node-3] [INFO] [1770686719.277533473] [imu_filter]: Parameter RLController.pid_kp_ang set to 1.234463
[imu_filter_madgwick_node-3] [INFO] [1770686719.277654468] [imu_filter]: Parameter RLController.pid_ki_ang set to 0.000000
[imu_filter_madgwick_node-3] [INFO] [1770686719.277778120] [imu_filter]: Parameter RLController.pid_kd_ang set to 0.097743
[imu_filter_madgwick_node-3] [INFO] [1770686719.713114960] [imu_filter]: Parameter RLController.pid_kp_lin set to 1.205316
[imu_filter_madgwick_node-3] [INFO] [1770686719.713319829] [imu_filter]: Parameter RLController.pid_ki_lin set to 0.000000
[imu_filter_madgwick_node-3] [INFO] [1770686719.713527867] [imu_filter]: Parameter RLController.pid_kd_lin set to 0.020000
[imu_filter_madgwick_node-3] [INFO] [1770686719.713635773] [imu_filter]: Parameter RLController.pid_kp_ang set to 1.234463
[imu_filter_madgwick_node-3] [INFO] [1770686719.713702463] [imu_filter]: Parameter RLController.pid_ki_ang set to 0.000000
[imu_filter_madgwick_node-3] [INFO] [1770686719.713764096] [imu_filter]: Parameter RLController.pid_kd_ang set to 0.097743
[imu_filter_madgwick_node-3] [INFO] [1770686720.121384184] [imu_filter]: Parameter RLController.pid_kp_lin set to 1.205316
[imu_filter_madgwick_node-3] [INFO] [1770686720.121614718] [imu_filter]: Parameter RLController.pid_ki_lin set to 0.000000
[imu_filter_madgwick_node-3] [INFO] [1770686720.121709472] [imu_filter]: Parameter RLController.pid_kd_lin set to 0.020000
[imu_filter_madgwick_node-3] [INFO] [1770686720.121880292] [imu_filter]: Parameter RLController.pid_kp_ang set to 1.234463
[imu_filter_madgwick_node-3] [INFO] [1770686720.121963302] [imu_filter]: Parameter RLController.pid_ki_ang set to 0.000000
[imu_filter_madgwick_node-3] [INFO] [1770686720.122031496] [imu_filter]: Parameter RLController.pid_kd_ang set to 0.097743
[imu_filter_madgwick_node-3] [INFO] [1770686720.541273441] [imu_filter]: Parameter RLController.pid_kp_lin set to 1.205316
[imu_filter_madgwick_node-3] [INFO] [1770686720.541474438] [imu_filter]: Parameter RLController.pid_ki_lin set to 0.000000
[imu_filter_madgwick_node-3] [INFO] [1770686720.541547304] [imu_filter]: Parameter RLController.pid_kd_lin set to 0.020000
[imu_filter_madgwick_node-3] [INFO] [1770686720.541609545] [imu_filter]: Parameter RLController.pid_kp_ang set to 1.234463
[imu_filter_madgwick_node-3] [INFO] [1770686720.541671083] [imu_filter]: Parameter RLController.pid_ki_ang set to 0.000000
[imu_filter_madgwick_node-3] [INFO] [1770686720.541731692] [imu_filter]: Parameter RLController.pid_kd_ang set to 0.097743
[imu_filter_madgwick_node-3] [INFO] [1770686720.958826255] [imu_filter]: Parameter RLController.pid_kp_lin set to 1.205316
[imu_filter_madgwick_node-3] [INFO] [1770686720.959609667] [imu_filter]: Parameter RLController.pid_ki_lin set to 0.000000
[imu_filter_madgwick_node-3] [INFO] [1770686720.959801832] [imu_filter]: Parameter RLController.pid_kd_lin set to 0.020000
[imu_filter_madgwick_node-3] [INFO] [1770686720.959882314] [imu_filter]: Parameter RLController.pid_kp_ang set to 1.234463
[imu_filter_madgwick_node-3] [INFO] [1770686720.959947211] [imu_filter]: Parameter RLController.pid_ki_ang set to 0.000000
[imu_filter_madgwick_node-3] [INFO] [1770686720.960010029] [imu_filter]: Parameter RLController.pid_kd_ang set to 0.097743
[imu_filter_madgwick_node-3] [INFO] [1770686721.380701161] [imu_filter]: Parameter RLController.pid_kp_lin set to 1.205316
[imu_filter_madgwick_node-3] [INFO] [1770686721.380911727] [imu_filter]: Parameter RLController.pid_ki_lin set to 0.000000
[imu_filter_madgwick_node-3] [INFO] [1770686721.381005841] [imu_filter]: Parameter RLController.pid_kd_lin set to 0.020000
[imu_filter_madgwick_node-3] [INFO] [1770686721.381078995] [imu_filter]: Parameter RLController.pid_kp_ang set to 1.234463
[imu_filter_madgwick_node-3] [INFO] [1770686721.381141076] [imu_filter]: Parameter RLController.pid_ki_ang set to 0.000000
[imu_filter_madgwick_node-3] [INFO] [1770686721.381203190] [imu_filter]: Parameter RLController.pid_kd_ang set to 0.097743
[imu_filter_madgwick_node-3] [INFO] [1770686721.840612629] [imu_filter]: Parameter RLController.pid_kp_lin set to 1.205316
[imu_filter_madgwick_node-3] [INFO] [1770686721.841969207] [imu_filter]: Parameter RLController.pid_ki_lin set to 0.000000
[imu_filter_madgwick_node-3] [INFO] [1770686721.842115355] [imu_filter]: Parameter RLController.pid_kd_lin set to 0.020000
[imu_filter_madgwick_node-3] [INFO] [1770686721.842194941] [imu_filter]: Parameter RLController.pid_kp_ang set to 1.234463
[imu_filter_madgwick_node-3] [INFO] [1770686721.842265086] [imu_filter]: Parameter RLController.pid_ki_ang set to 0.000000
[imu_filter_madgwick_node-3] [INFO] [1770686721.842326848] [imu_filter]: Parameter RLController.pid_kd_ang set to 0.097743
[imu_filter_madgwick_node-3] [INFO] [1770686722.255726119] [imu_filter]: Parameter RLController.pid_kp_lin set to 1.205316
[imu_filter_madgwick_node-3] [INFO] [1770686722.255958509] [imu_filter]: Parameter RLController.pid_ki_lin set to 0.000000
[imu_filter_madgwick_node-3] [INFO] [1770686722.256044175] [imu_filter]: Parameter RLController.pid_kd_lin set to 0.020000
[imu_filter_madgwick_node-3] [INFO] [1770686722.256115569] [imu_filter]: Parameter RLController.pid_kp_ang set to 1.234463
[imu_filter_madgwick_node-3] [INFO] [1770686722.258571598] [imu_filter]: Parameter RLController.pid_ki_ang set to 0.000000
[imu_filter_madgwick_node-3] [INFO] [1770686722.258745970] [imu_filter]: Parameter RLController.pid_kd_ang set to 0.097743
[imu_filter_madgwick_node-3] [INFO] [1770686722.669853569] [imu_filter]: Parameter RLController.pid_kp_lin set to 1.205316
[imu_filter_madgwick_node-3] [INFO] [1770686722.670068326] [imu_filter]: Parameter RLController.pid_ki_lin set to 0.000000
[imu_filter_madgwick_node-3] [INFO] [1770686722.670146792] [imu_filter]: Parameter RLController.pid_kd_lin set to 0.020000
[imu_filter_madgwick_node-3] [INFO] [1770686722.670213546] [imu_filter]: Parameter RLController.pid_kp_ang set to 1.234463
[imu_filter_madgwick_node-3] [INFO] [1770686722.670278699] [imu_filter]: Parameter RLController.pid_ki_ang set to 0.000000
[imu_filter_madgwick_node-3] [INFO] [1770686722.670342829] [imu_filter]: Parameter RLController.pid_kd_ang set to 0.097743
[imu_filter_madgwick_node-3] [INFO] [1770686723.104696413] [imu_filter]: Parameter RLController.pid_kp_lin set to 1.205316
[imu_filter_madgwick_node-3] [INFO] [1770686723.104940867] [imu_filter]: Parameter RLController.pid_ki_lin set to 0.000000
[imu_filter_madgwick_node-3] [INFO] [1770686723.105014181] [imu_filter]: Parameter RLController.pid_kd_lin set to 0.020000
[imu_filter_madgwick_node-3] [INFO] [1770686723.105077703] [imu_filter]: Parameter RLController.pid_kp_ang set to 1.234463
[imu_filter_madgwick_node-3] [INFO] [1770686723.105135848] [imu_filter]: Parameter RLController.pid_ki_ang set to 0.000000
[imu_filter_madgwick_node-3] [INFO] [1770686723.105194314] [imu_filter]: Parameter RLController.pid_kd_ang set to 0.097743
[imu_filter_madgwick_node-3] [INFO] [1770686723.518734260] [imu_filter]: Parameter RLController.pid_kp_lin set to 1.205316
[imu_filter_madgwick_node-3] [INFO] [1770686723.518932025] [imu_filter]: Parameter RLController.pid_ki_lin set to 0.000000
[imu_filter_madgwick_node-3] [INFO] [1770686723.519123742] [imu_filter]: Parameter RLController.pid_kd_lin set to 0.020000
[imu_filter_madgwick_node-3] [INFO] [1770686723.519192448] [imu_filter]: Parameter RLController.pid_kp_ang set to 1.234463
[imu_filter_madgwick_node-3] [INFO] [1770686723.519251393] [imu_filter]: Parameter RLController.pid_ki_ang set to 0.000000
[imu_filter_madgwick_node-3] [INFO] [1770686723.519308259] [imu_filter]: Parameter RLController.pid_kd_ang set to 0.097743
[imu_filter_madgwick_node-3] [INFO] [1770686723.945093694] [imu_filter]: Parameter RLController.pid_kp_lin set to 1.205316
[imu_filter_madgwick_node-3] [INFO] [1770686723.945616075] [imu_filter]: Parameter RLController.pid_ki_lin set to 0.000000
[imu_filter_madgwick_node-3] [INFO] [1770686723.945730446] [imu_filter]: Parameter RLController.pid_kd_lin set to 0.020000
[imu_filter_madgwick_node-3] [INFO] [1770686723.945803184] [imu_filter]: Parameter RLController.pid_kp_ang set to 1.234463
[imu_filter_madgwick_node-3] [INFO] [1770686723.945868177] [imu_filter]: Parameter RLController.pid_ki_ang set to 0.000000
[imu_filter_madgwick_node-3] [INFO] [1770686723.945927987] [imu_filter]: Parameter RLController.pid_kd_ang set to 0.097743
[imu_filter_madgwick_node-3] [INFO] [1770686724.359879848] [imu_filter]: Parameter RLController.pid_kp_lin set to 1.205316
[imu_filter_madgwick_node-3] [INFO] [1770686724.360109070] [imu_filter]: Parameter RLController.pid_ki_lin set to 0.000000
[imu_filter_madgwick_node-3] [INFO] [1770686724.360228625] [imu_filter]: Parameter RLController.pid_kd_lin set to 0.020000
[imu_filter_madgwick_node-3] [INFO] [1770686724.360305938] [imu_filter]: Parameter RLController.pid_kp_ang set to 1.234463
[imu_filter_madgwick_node-3] [INFO] [1770686724.360363444] [imu_filter]: Parameter RLController.pid_ki_ang set to 0.000000
[imu_filter_madgwick_node-3] [INFO] [1770686724.360436598] [imu_filter]: Parameter RLController.pid_kd_ang set to 0.097743
[imu_filter_madgwick_node-3] [INFO] [1770686724.786191120] [imu_filter]: Parameter RLController.pid_kp_lin set to 1.205316
[imu_filter_madgwick_node-3] [INFO] [1770686724.786422006] [imu_filter]: Parameter RLController.pid_ki_lin set to 0.000000
[imu_filter_madgwick_node-3] [INFO] [1770686724.786515576] [imu_filter]: Parameter RLController.pid_kd_lin set to 0.020000
[imu_filter_madgwick_node-3] [INFO] [1770686724.786582778] [imu_filter]: Parameter RLController.pid_kp_ang set to 1.234463
[imu_filter_madgwick_node-3] [INFO] [1770686724.786645372] [imu_filter]: Parameter RLController.pid_ki_ang set to 0.000000
[imu_filter_madgwick_node-3] [INFO] [1770686724.786704669] [imu_filter]: Parameter RLController.pid_kd_ang set to 0.097743
[imu_filter_madgwick_node-3] [INFO] [1770686725.205987703] [imu_filter]: Parameter RLController.pid_kp_lin set to 1.205316
[imu_filter_madgwick_node-3] [INFO] [1770686725.206202908] [imu_filter]: Parameter RLController.pid_ki_lin set to 0.000000
[imu_filter_madgwick_node-3] [INFO] [1770686725.206294974] [imu_filter]: Parameter RLController.pid_kd_lin set to 0.020000
[imu_filter_madgwick_node-3] [INFO] [1770686725.206366816] [imu_filter]: Parameter RLController.pid_kp_ang set to 1.234463
[imu_filter_madgwick_node-3] [INFO] [1770686725.206438050] [imu_filter]: Parameter RLController.pid_ki_ang set to 0.000000
[imu_filter_madgwick_node-3] [INFO] [1770686725.206507396] [imu_filter]: Parameter RLController.pid_kd_ang set to 0.097743
[imu_filter_madgwick_node-3] [INFO] [1770686725.618892082] [imu_filter]: Parameter RLController.pid_kp_lin set to 1.205316
[imu_filter_madgwick_node-3] [INFO] [1770686725.619095959] [imu_filter]: Parameter RLController.pid_ki_lin set to 0.000000
[imu_filter_madgwick_node-3] [INFO] [1770686725.619170041] [imu_filter]: Parameter RLController.pid_kd_lin set to 0.020000
[imu_filter_madgwick_node-3] [INFO] [1770686725.619234906] [imu_filter]: Parameter RLController.pid_kp_ang set to 1.234463
[imu_filter_madgwick_node-3] [INFO] [1770686725.619298236] [imu_filter]: Parameter RLController.pid_ki_ang set to 0.000000
[imu_filter_madgwick_node-3] [INFO] [1770686725.619358109] [imu_filter]: Parameter RLController.pid_kd_ang set to 0.097743
[imu_filter_madgwick_node-3] [INFO] [1770686726.039671185] [imu_filter]: Parameter RLController.pid_kp_lin set to 1.205316
[imu_filter_madgwick_node-3] [INFO] [1770686726.039904918] [imu_filter]: Parameter RLController.pid_ki_lin set to 0.000000
[imu_filter_madgwick_node-3] [INFO] [1770686726.040003033] [imu_filter]: Parameter RLController.pid_kd_lin set to 0.020000
[imu_filter_madgwick_node-3] [INFO] [1770686726.040076795] [imu_filter]: Parameter RLController.pid_kp_ang set to 1.234463
[imu_filter_madgwick_node-3] [INFO] [1770686726.040138684] [imu_filter]: Parameter RLController.pid_ki_ang set to 0.000000
[imu_filter_madgwick_node-3] [INFO] [1770686726.040438468] [imu_filter]: Parameter RLController.pid_kd_ang set to 0.097743
[imu_filter_madgwick_node-3] [INFO] [1770686726.448299681] [imu_filter]: Parameter RLController.pid_kp_lin set to 1.205316
[imu_filter_madgwick_node-3] [INFO] [1770686726.448502982] [imu_filter]: Parameter RLController.pid_ki_lin set to 0.000000
[imu_filter_madgwick_node-3] [INFO] [1770686726.448579272] [imu_filter]: Parameter RLController.pid_kd_lin set to 0.020000
[imu_filter_madgwick_node-3] [INFO] [1770686726.448759885] [imu_filter]: Parameter RLController.pid_kp_ang set to 1.234463
[imu_filter_madgwick_node-3] [INFO] [1770686726.451797240] [imu_filter]: Parameter RLController.pid_ki_ang set to 0.000000
[imu_filter_madgwick_node-3] [INFO] [1770686726.451955164] [imu_filter]: Parameter RLController.pid_kd_ang set to 0.097743
[imu_filter_madgwick_node-3] [INFO] [1770686726.859763576] [imu_filter]: Parameter RLController.pid_kp_lin set to 1.205316
[imu_filter_madgwick_node-3] [INFO] [1770686726.860085184] [imu_filter]: Parameter RLController.pid_ki_lin set to 0.000000
[imu_filter_madgwick_node-3] [INFO] [1770686726.860201891] [imu_filter]: Parameter RLController.pid_kd_lin set to 0.020000
[imu_filter_madgwick_node-3] [INFO] [1770686726.860278885] [imu_filter]: Parameter RLController.pid_kp_ang set to 1.234463
[imu_filter_madgwick_node-3] [INFO] [1770686726.860347367] [imu_filter]: Parameter RLController.pid_ki_ang set to 0.000000
[imu_filter_madgwick_node-3] [INFO] [1770686726.860412233] [imu_filter]: Parameter RLController.pid_kd_ang set to 0.097743
[imu_filter_madgwick_node-3] [INFO] [1770686727.285890396] [imu_filter]: Parameter RLController.pid_kp_lin set to 1.205316
[imu_filter_madgwick_node-3] [INFO] [1770686727.286131842] [imu_filter]: Parameter RLController.pid_ki_lin set to 0.000000
[imu_filter_madgwick_node-3] [INFO] [1770686727.286355912] [imu_filter]: Parameter RLController.pid_kd_lin set to 0.020000
[imu_filter_madgwick_node-3] [INFO] [1770686727.286469483] [imu_filter]: Parameter RLController.pid_kp_ang set to 1.234463
[imu_filter_madgwick_node-3] [INFO] [1770686727.286558701] [imu_filter]: Parameter RLController.pid_ki_ang set to 0.000000
[imu_filter_madgwick_node-3] [INFO] [1770686727.286627183] [imu_filter]: Parameter RLController.pid_kd_ang set to 0.097743
[imu_filter_madgwick_node-3] [INFO] [1770686727.703668784] [imu_filter]: Parameter RLController.pid_kp_lin set to 1.205316
[imu_filter_madgwick_node-3] [INFO] [1770686727.703925111] [imu_filter]: Parameter RLController.pid_ki_lin set to 0.000000
[imu_filter_madgwick_node-3] [INFO] [1770686727.704051770] [imu_filter]: Parameter RLController.pid_kd_lin set to 0.020000
[imu_filter_madgwick_node-3] [INFO] [1770686727.704147068] [imu_filter]: Parameter RLController.pid_kp_ang set to 1.234463
[imu_filter_madgwick_node-3] [INFO] [1770686727.704304672] [imu_filter]: Parameter RLController.pid_ki_ang set to 0.000000
[imu_filter_madgwick_node-3] [INFO] [1770686727.704415331] [imu_filter]: Parameter RLController.pid_kd_ang set to 0.097743
[imu_filter_madgwick_node-3] [INFO] [1770686728.115228554] [imu_filter]: Parameter RLController.pid_kp_lin set to 1.205316
[imu_filter_madgwick_node-3] [INFO] [1770686728.117076888] [imu_filter]: Parameter RLController.pid_ki_lin set to 0.000000
[imu_filter_madgwick_node-3] [INFO] [1770686728.117240764] [imu_filter]: Parameter RLController.pid_kd_lin set to 0.020000
[imu_filter_madgwick_node-3] [INFO] [1770686728.117310270] [imu_filter]: Parameter RLController.pid_kp_ang set to 1.234463
[imu_filter_madgwick_node-3] [INFO] [1770686728.117370143] [imu_filter]: Parameter RLController.pid_ki_ang set to 0.000000
[imu_filter_madgwick_node-3] [INFO] [1770686728.117427649] [imu_filter]: Parameter RLController.pid_kd_ang set to 0.097743
[imu_filter_madgwick_node-3] [INFO] [1770686728.529232128] [imu_filter]: Parameter RLController.pid_kp_lin set to 1.205316
[imu_filter_madgwick_node-3] [INFO] [1770686728.530898986] [imu_filter]: Parameter RLController.pid_ki_lin set to 0.000000
[imu_filter_madgwick_node-3] [INFO] [1770686728.531050670] [imu_filter]: Parameter RLController.pid_kd_lin set to 0.020000
[imu_filter_madgwick_node-3] [INFO] [1770686728.531123663] [imu_filter]: Parameter RLController.pid_kp_ang set to 1.234463
[imu_filter_madgwick_node-3] [INFO] [1770686728.531189873] [imu_filter]: Parameter RLController.pid_ki_ang set to 0.000000
[imu_filter_madgwick_node-3] [INFO] [1770686728.531252371] [imu_filter]: Parameter RLController.pid_kd_ang set to 0.097743
[imu_filter_madgwick_node-3] [INFO] [1770686728.959336071] [imu_filter]: Parameter RLController.pid_kp_lin set to 1.205316
[imu_filter_madgwick_node-3] [INFO] [1770686728.959535116] [imu_filter]: Parameter RLController.pid_ki_lin set to 0.000000
[imu_filter_madgwick_node-3] [INFO] [1770686728.960123771] [imu_filter]: Parameter RLController.pid_kd_lin set to 0.020000
[imu_filter_madgwick_node-3] [INFO] [1770686728.960285823] [imu_filter]: Parameter RLController.pid_kp_ang set to 1.234463
[imu_filter_madgwick_node-3] [INFO] [1770686728.960360801] [imu_filter]: Parameter RLController.pid_ki_ang set to 0.000000
[imu_filter_madgwick_node-3] [INFO] [1770686728.960424962] [imu_filter]: Parameter RLController.pid_kd_ang set to 0.097743
[imu_filter_madgwick_node-3] [INFO] [1770686729.388678939] [imu_filter]: Parameter RLController.pid_kp_lin set to 1.205316
[imu_filter_madgwick_node-3] [INFO] [1770686729.388894880] [imu_filter]: Parameter RLController.pid_ki_lin set to 0.000000
[imu_filter_madgwick_node-3] [INFO] [1770686729.388965026] [imu_filter]: Parameter RLController.pid_kd_lin set to 0.020000
[imu_filter_madgwick_node-3] [INFO] [1770686729.389033252] [imu_filter]: Parameter RLController.pid_kp_ang set to 1.234463
[imu_filter_madgwick_node-3] [INFO] [1770686729.389096901] [imu_filter]: Parameter RLController.pid_ki_ang set to 0.000000
[imu_filter_madgwick_node-3] [INFO] [1770686729.389298794] [imu_filter]: Parameter RLController.pid_kd_ang set to 0.097743
[imu_filter_madgwick_node-3] [INFO] [1770686729.803877391] [imu_filter]: Parameter RLController.pid_kp_lin set to 1.205316
[imu_filter_madgwick_node-3] [INFO] [1770686729.804075348] [imu_filter]: Parameter RLController.pid_ki_lin set to 0.000000
[imu_filter_madgwick_node-3] [INFO] [1770686729.808723815] [imu_filter]: Parameter RLController.pid_kd_lin set to 0.020000
[imu_filter_madgwick_node-3] [INFO] [1770686729.809076656] [imu_filter]: Parameter RLController.pid_kp_ang set to 1.234463
[imu_filter_madgwick_node-3] [INFO] [1770686729.809156018] [imu_filter]: Parameter RLController.pid_ki_ang set to 0.000000
[imu_filter_madgwick_node-3] [INFO] [1770686729.809219380] [imu_filter]: Parameter RLController.pid_kd_ang set to 0.097743
[imu_filter_madgwick_node-3] [INFO] [1770686730.230114902] [imu_filter]: Parameter RLController.pid_kp_lin set to 1.205316
[imu_filter_madgwick_node-3] [INFO] [1770686730.237380362] [imu_filter]: Parameter RLController.pid_ki_lin set to 0.000000
[imu_filter_madgwick_node-3] [INFO] [1770686730.237583951] [imu_filter]: Parameter RLController.pid_kd_lin set to 0.020000
[imu_filter_madgwick_node-3] [INFO] [1770686730.237659281] [imu_filter]: Parameter RLController.pid_kp_ang set to 1.234463
[imu_filter_madgwick_node-3] [INFO] [1770686730.237721811] [imu_filter]: Parameter RLController.pid_ki_ang set to 0.000000
[imu_filter_madgwick_node-3] [INFO] [1770686730.237781268] [imu_filter]: Parameter RLController.pid_kd_ang set to 0.097743
[imu_filter_madgwick_node-3] [INFO] [1770686730.645245288] [imu_filter]: Parameter RLController.pid_kp_lin set to 1.205316
[imu_filter_madgwick_node-3] [INFO] [1770686730.645580560] [imu_filter]: Parameter RLController.pid_ki_lin set to 0.000000
[imu_filter_madgwick_node-3] [INFO] [1770686730.645674003] [imu_filter]: Parameter RLController.pid_kd_lin set to 0.020000
[imu_filter_madgwick_node-3] [INFO] [1770686730.645746740] [imu_filter]: Parameter RLController.pid_kp_ang set to 1.234463
[imu_filter_madgwick_node-3] [INFO] [1770686730.645810102] [imu_filter]: Parameter RLController.pid_ki_ang set to 0.000000
[imu_filter_madgwick_node-3] [INFO] [1770686730.652121299] [imu_filter]: Parameter RLController.pid_kd_ang set to 0.097743
[imu_filter_madgwick_node-3] [INFO] [1770686731.064344957] [imu_filter]: Parameter RLController.pid_kp_lin set to 1.205316
[imu_filter_madgwick_node-3] [INFO] [1770686731.066372111] [imu_filter]: Parameter RLController.pid_ki_lin set to 0.000000
[imu_filter_madgwick_node-3] [INFO] [1770686731.066544084] [imu_filter]: Parameter RLController.pid_kd_lin set to 0.020000
[imu_filter_madgwick_node-3] [INFO] [1770686731.066619958] [imu_filter]: Parameter RLController.pid_kp_ang set to 1.234463
[imu_filter_madgwick_node-3] [INFO] [1770686731.066686167] [imu_filter]: Parameter RLController.pid_ki_ang set to 0.000000
[imu_filter_madgwick_node-3] [INFO] [1770686731.066751449] [imu_filter]: Parameter RLController.pid_kd_ang set to 0.097743
[imu_filter_madgwick_node-3] [INFO] [1770686731.491726784] [imu_filter]: Parameter RLController.pid_kp_lin set to 1.205316
[imu_filter_madgwick_node-3] [INFO] [1770686731.494935600] [imu_filter]: Parameter RLController.pid_ki_lin set to 0.000000
[imu_filter_madgwick_node-3] [INFO] [1770686731.498142207] [imu_filter]: Parameter RLController.pid_kd_lin set to 0.020000
[imu_filter_madgwick_node-3] [INFO] [1770686731.498396390] [imu_filter]: Parameter RLController.pid_kp_ang set to 1.234463
[imu_filter_madgwick_node-3] [INFO] [1770686731.498483496] [imu_filter]: Parameter RLController.pid_ki_ang set to 0.000000
[imu_filter_madgwick_node-3] [INFO] [1770686731.498603755] [imu_filter]: Parameter RLController.pid_kd_ang set to 0.097743
[imu_filter_madgwick_node-3] [INFO] [1770686731.907048567] [imu_filter]: Parameter RLController.pid_kp_lin set to 1.205316
[imu_filter_madgwick_node-3] [INFO] [1770686731.907234044] [imu_filter]: Parameter RLController.pid_ki_lin set to 0.000000
[imu_filter_madgwick_node-3] [INFO] [1770686731.907974222] [imu_filter]: Parameter RLController.pid_kd_lin set to 0.020000
[imu_filter_madgwick_node-3] [INFO] [1770686731.908073777] [imu_filter]: Parameter RLController.pid_kp_ang set to 1.234463
[imu_filter_madgwick_node-3] [INFO] [1770686731.908135858] [imu_filter]: Parameter RLController.pid_ki_ang set to 0.000000
[imu_filter_madgwick_node-3] [INFO] [1770686731.908239093] [imu_filter]: Parameter RLController.pid_kd_ang set to 0.097743
[imu_filter_madgwick_node-3] [INFO] [1770686732.329448350] [imu_filter]: Parameter RLController.pid_kp_lin set to 1.205316
[imu_filter_madgwick_node-3] [INFO] [1770686732.329654499] [imu_filter]: Parameter RLController.pid_ki_lin set to 0.000000
[imu_filter_madgwick_node-3] [INFO] [1770686732.329739749] [imu_filter]: Parameter RLController.pid_kd_lin set to 0.020000
[imu_filter_madgwick_node-3] [INFO] [1770686732.329814407] [imu_filter]: Parameter RLController.pid_kp_ang set to 1.234463
[imu_filter_madgwick_node-3] [INFO] [1770686732.335333073] [imu_filter]: Parameter RLController.pid_ki_ang set to 0.000000
[imu_filter_madgwick_node-3] [INFO] [1770686732.335562166] [imu_filter]: Parameter RLController.pid_kd_ang set to 0.097743
[imu_filter_madgwick_node-3] [INFO] [1770686732.771956441] [imu_filter]: Parameter RLController.pid_kp_lin set to 1.205316
[imu_filter_madgwick_node-3] [INFO] [1770686732.772160286] [imu_filter]: Parameter RLController.pid_ki_lin set to 0.000000
[imu_filter_madgwick_node-3] [INFO] [1770686732.772314146] [imu_filter]: Parameter RLController.pid_kd_lin set to 0.020000
[imu_filter_madgwick_node-3] [INFO] [1770686732.772390756] [imu_filter]: Parameter RLController.pid_kp_ang set to 1.234463
[imu_filter_madgwick_node-3] [INFO] [1770686732.772453126] [imu_filter]: Parameter RLController.pid_ki_ang set to 0.000000
[imu_filter_madgwick_node-3] [INFO] [1770686732.772512167] [imu_filter]: Parameter RLController.pid_kd_ang set to 0.097743
[imu_filter_madgwick_node-3] [INFO] [1770686733.192847259] [imu_filter]: Parameter RLController.pid_kp_lin set to 1.205316
[imu_filter_madgwick_node-3] [INFO] [1770686733.194613319] [imu_filter]: Parameter RLController.pid_ki_lin set to 0.000000
[imu_filter_madgwick_node-3] [INFO] [1770686733.194770731] [imu_filter]: Parameter RLController.pid_kd_lin set to 0.020000
[imu_filter_madgwick_node-3] [INFO] [1770686733.194839020] [imu_filter]: Parameter RLController.pid_kp_ang set to 1.234463
[imu_filter_madgwick_node-3] [INFO] [1770686733.194900398] [imu_filter]: Parameter RLController.pid_ki_ang set to 0.000000
[imu_filter_madgwick_node-3] [INFO] [1770686733.194964624] [imu_filter]: Parameter RLController.pid_kd_ang set to 0.097743
[imu_filter_madgwick_node-3] [INFO] [1770686733.608870116] [imu_filter]: Parameter RLController.pid_kp_lin set to 1.205316
[imu_filter_madgwick_node-3] [INFO] [1770686733.609080969] [imu_filter]: Parameter RLController.pid_ki_lin set to 0.000000
[imu_filter_madgwick_node-3] [INFO] [1770686733.609170187] [imu_filter]: Parameter RLController.pid_kd_lin set to 0.020000
[imu_filter_madgwick_node-3] [INFO] [1770686733.610642416] [imu_filter]: Parameter RLController.pid_kp_ang set to 1.234463
[imu_filter_madgwick_node-3] [INFO] [1770686733.610831892] [imu_filter]: Parameter RLController.pid_ki_ang set to 0.000000
[imu_filter_madgwick_node-3] [INFO] [1770686733.610915862] [imu_filter]: Parameter RLController.pid_kd_ang set to 0.097743
[imu_filter_madgwick_node-3] [INFO] [1770686734.031559442] [imu_filter]: Parameter RLController.pid_kp_lin set to 1.205316
[imu_filter_madgwick_node-3] [INFO] [1770686734.031775319] [imu_filter]: Parameter RLController.pid_ki_lin set to 0.000000
[imu_filter_madgwick_node-3] [INFO] [1770686734.031852665] [imu_filter]: Parameter RLController.pid_kd_lin set to 0.020000
[imu_filter_madgwick_node-3] [INFO] [1770686734.031919291] [imu_filter]: Parameter RLController.pid_kp_ang set to 1.234463
[imu_filter_madgwick_node-3] [INFO] [1770686734.037201182] [imu_filter]: Parameter RLController.pid_ki_ang set to 0.000000
[imu_filter_madgwick_node-3] [INFO] [1770686734.037542119] [imu_filter]: Parameter RLController.pid_kd_ang set to 0.097743
[imu_filter_madgwick_node-3] [INFO] [1770686734.459801130] [imu_filter]: Parameter RLController.pid_kp_lin set to 1.205316
[imu_filter_madgwick_node-3] [INFO] [1770686734.460003023] [imu_filter]: Parameter RLController.pid_ki_lin set to 0.000000
[imu_filter_madgwick_node-3] [INFO] [1770686734.460083729] [imu_filter]: Parameter RLController.pid_kd_lin set to 0.020000
[imu_filter_madgwick_node-3] [INFO] [1770686734.463838703] [imu_filter]: Parameter RLController.pid_kp_ang set to 1.234463
[imu_filter_madgwick_node-3] [INFO] [1770686734.464158743] [imu_filter]: Parameter RLController.pid_ki_ang set to 0.000000
[imu_filter_madgwick_node-3] [INFO] [1770686734.464297082] [imu_filter]: Parameter RLController.pid_kd_ang set to 0.097743
[imu_filter_madgwick_node-3] [INFO] [1770686734.881310875] [imu_filter]: Parameter RLController.pid_kp_lin set to 1.205316
[imu_filter_madgwick_node-3] [INFO] [1770686734.881631427] [imu_filter]: Parameter RLController.pid_ki_lin set to 0.000000
[imu_filter_madgwick_node-3] [INFO] [1770686734.881761190] [imu_filter]: Parameter RLController.pid_kd_lin set to 0.020000
[imu_filter_madgwick_node-3] [INFO] [1770686734.881835496] [imu_filter]: Parameter RLController.pid_kp_ang set to 1.234463
[imu_filter_madgwick_node-3] [INFO] [1770686734.881899882] [imu_filter]: Parameter RLController.pid_ki_ang set to 0.000000
[imu_filter_madgwick_node-3] [INFO] [1770686734.881959339] [imu_filter]: Parameter RLController.pid_kd_ang set to 0.097743
[imu_filter_madgwick_node-3] [INFO] [1770686735.287244105] [imu_filter]: Parameter RLController.pid_kp_lin set to 1.205316
[imu_filter_madgwick_node-3] [INFO] [1770686735.287580305] [imu_filter]: Parameter RLController.pid_ki_lin set to 0.000000
[imu_filter_madgwick_node-3] [INFO] [1770686735.287688244] [imu_filter]: Parameter RLController.pid_kd_lin set to 0.020000
[imu_filter_madgwick_node-3] [INFO] [1770686735.287765462] [imu_filter]: Parameter RLController.pid_kp_ang set to 1.234463
[imu_filter_madgwick_node-3] [INFO] [1770686735.287831160] [imu_filter]: Parameter RLController.pid_ki_ang set to 0.000000
[imu_filter_madgwick_node-3] [INFO] [1770686735.287889753] [imu_filter]: Parameter RLController.pid_kd_ang set to 0.097743
[imu_filter_madgwick_node-3] [INFO] [1770686735.713465199] [imu_filter]: Parameter RLController.pid_kp_lin set to 1.205316
[imu_filter_madgwick_node-3] [INFO] [1770686735.713829400] [imu_filter]: Parameter RLController.pid_ki_lin set to 0.000000
[imu_filter_madgwick_node-3] [INFO] [1770686735.714092895] [imu_filter]: Parameter RLController.pid_kd_lin set to 0.020000
[imu_filter_madgwick_node-3] [INFO] [1770686735.714173601] [imu_filter]: Parameter RLController.pid_kp_ang set to 1.234463
[imu_filter_madgwick_node-3] [INFO] [1770686735.714245570] [imu_filter]: Parameter RLController.pid_ki_ang set to 0.000000
[imu_filter_madgwick_node-3] [INFO] [1770686735.714311748] [imu_filter]: Parameter RLController.pid_kd_ang set to 0.097743
[imu_filter_madgwick_node-3] [INFO] [1770686736.166707925] [imu_filter]: Parameter RLController.pid_kp_lin set to 1.205316
[imu_filter_madgwick_node-3] [INFO] [1770686736.166896442] [imu_filter]: Parameter RLController.pid_ki_lin set to 0.000000
[imu_filter_madgwick_node-3] [INFO] [1770686736.166975324] [imu_filter]: Parameter RLController.pid_kd_lin set to 0.020000
[imu_filter_madgwick_node-3] [INFO] [1770686736.169869764] [imu_filter]: Parameter RLController.pid_kp_ang set to 1.234463
[imu_filter_madgwick_node-3] [INFO] [1770686736.170030632] [imu_filter]: Parameter RLController.pid_ki_ang set to 0.000000
[imu_filter_madgwick_node-3] [INFO] [1770686736.170112906] [imu_filter]: Parameter RLController.pid_kd_ang set to 0.097743
[imu_filter_madgwick_node-3] [INFO] [1770686736.582665116] [imu_filter]: Parameter RLController.pid_kp_lin set to 1.205316
[imu_filter_madgwick_node-3] [INFO] [1770686736.582859841] [imu_filter]: Parameter RLController.pid_ki_lin set to 0.000000
[imu_filter_madgwick_node-3] [INFO] [1770686736.582935715] [imu_filter]: Parameter RLController.pid_kd_lin set to 0.020000
[imu_filter_madgwick_node-3] [INFO] [1770686736.582999940] [imu_filter]: Parameter RLController.pid_kp_ang set to 1.234463
[imu_filter_madgwick_node-3] [INFO] [1770686736.583059494] [imu_filter]: Parameter RLController.pid_ki_ang set to 0.000000
[imu_filter_madgwick_node-3] [INFO] [1770686736.583118407] [imu_filter]: Parameter RLController.pid_kd_ang set to 0.097743
[imu_filter_madgwick_node-3] [INFO] [1770686737.012419130] [imu_filter]: Parameter RLController.pid_kp_lin set to 1.205316
[imu_filter_madgwick_node-3] [INFO] [1770686737.012641696] [imu_filter]: Parameter RLController.pid_ki_lin set to 0.000000
[imu_filter_madgwick_node-3] [INFO] [1770686737.012726850] [imu_filter]: Parameter RLController.pid_kd_lin set to 0.020000
[imu_filter_madgwick_node-3] [INFO] [1770686737.012795523] [imu_filter]: Parameter RLController.pid_kp_ang set to 1.234463
[imu_filter_madgwick_node-3] [INFO] [1770686737.012857061] [imu_filter]: Parameter RLController.pid_ki_ang set to 0.000000
[imu_filter_madgwick_node-3] [INFO] [1770686737.012919174] [imu_filter]: Parameter RLController.pid_kd_ang set to 0.097743
[imu_filter_madgwick_node-3] [INFO] [1770686737.435345518] [imu_filter]: Parameter RLController.pid_kp_lin set to 1.205316
[imu_filter_madgwick_node-3] [INFO] [1770686737.435693879] [imu_filter]: Parameter RLController.pid_ki_lin set to 0.000000
[imu_filter_madgwick_node-3] [INFO] [1770686737.435792889] [imu_filter]: Parameter RLController.pid_kd_lin set to 0.020000
[imu_filter_madgwick_node-3] [INFO] [1770686737.435863067] [imu_filter]: Parameter RLController.pid_kp_ang set to 1.234463
[imu_filter_madgwick_node-3] [INFO] [1770686737.435926653] [imu_filter]: Parameter RLController.pid_ki_ang set to 0.000000
[imu_filter_madgwick_node-3] [INFO] [1770686737.435991678] [imu_filter]: Parameter RLController.pid_kd_ang set to 0.097743
[imu_filter_madgwick_node-3] [INFO] [1770686737.847943970] [imu_filter]: Parameter RLController.pid_kp_lin set to 1.205316
[imu_filter_madgwick_node-3] [INFO] [1770686737.848293482] [imu_filter]: Parameter RLController.pid_ki_lin set to 0.000000
[imu_filter_madgwick_node-3] [INFO] [1770686737.848380205] [imu_filter]: Parameter RLController.pid_kd_lin set to 0.020000
[imu_filter_madgwick_node-3] [INFO] [1770686737.848453934] [imu_filter]: Parameter RLController.pid_kp_ang set to 1.234463
[imu_filter_madgwick_node-3] [INFO] [1770686737.848514832] [imu_filter]: Parameter RLController.pid_ki_ang set to 0.000000
[imu_filter_madgwick_node-3] [INFO] [1770686737.848575505] [imu_filter]: Parameter RLController.pid_kd_ang set to 0.097743
[imu_filter_madgwick_node-3] [INFO] [1770686738.280474693] [imu_filter]: Parameter RLController.pid_kp_lin set to 1.205316
[imu_filter_madgwick_node-3] [INFO] [1770686738.280700586] [imu_filter]: Parameter RLController.pid_ki_lin set to 0.000000
[imu_filter_madgwick_node-3] [INFO] [1770686738.280780332] [imu_filter]: Parameter RLController.pid_kd_lin set to 0.020000
[imu_filter_madgwick_node-3] [INFO] [1770686738.288972280] [imu_filter]: Parameter RLController.pid_kp_ang set to 1.234463
[imu_filter_madgwick_node-3] [INFO] [1770686738.289158269] [imu_filter]: Parameter RLController.pid_ki_ang set to 0.000000
[imu_filter_madgwick_node-3] [INFO] [1770686738.289234463] [imu_filter]: Parameter RLController.pid_kd_ang set to 0.097743
[imu_filter_madgwick_node-3] [INFO] [1770686738.704165004] [imu_filter]: Parameter RLController.pid_kp_lin set to 1.205316
[imu_filter_madgwick_node-3] [INFO] [1770686738.704452851] [imu_filter]: Parameter RLController.pid_ki_lin set to 0.000000
[imu_filter_madgwick_node-3] [INFO] [1770686738.704526965] [imu_filter]: Parameter RLController.pid_kd_lin set to 0.020000
[imu_filter_madgwick_node-3] [INFO] [1770686738.704712602] [imu_filter]: Parameter RLController.pid_kp_ang set to 1.234463
[imu_filter_madgwick_node-3] [INFO] [1770686738.704771035] [imu_filter]: Parameter RLController.pid_ki_ang set to 0.000000
[imu_filter_madgwick_node-3] [INFO] [1770686738.704838269] [imu_filter]: Parameter RLController.pid_kd_ang set to 0.097743
[imu_filter_madgwick_node-3] [INFO] [1770686739.128933262] [imu_filter]: Parameter RLController.pid_kp_lin set to 1.205316
[imu_filter_madgwick_node-3] [INFO] [1770686739.131896056] [imu_filter]: Parameter RLController.pid_ki_lin set to 0.000000
[imu_filter_madgwick_node-3] [INFO] [1770686739.132087260] [imu_filter]: Parameter RLController.pid_kd_lin set to 0.020000
[imu_filter_madgwick_node-3] [INFO] [1770686739.132163646] [imu_filter]: Parameter RLController.pid_kp_ang set to 1.234463
[imu_filter_madgwick_node-3] [INFO] [1770686739.132267489] [imu_filter]: Parameter RLController.pid_ki_ang set to 0.000000
[imu_filter_madgwick_node-3] [INFO] [1770686739.132339875] [imu_filter]: Parameter RLController.pid_kd_ang set to 0.097743
[imu_filter_madgwick_node-3] [INFO] [1770686739.543325102] [imu_filter]: Parameter RLController.pid_kp_lin set to 1.205316
[imu_filter_madgwick_node-3] [INFO] [1770686739.543538515] [imu_filter]: Parameter RLController.pid_ki_lin set to 0.000000
[imu_filter_madgwick_node-3] [INFO] [1770686739.543619029] [imu_filter]: Parameter RLController.pid_kd_lin set to 0.020000
[imu_filter_madgwick_node-3] [INFO] [1770686739.543691383] [imu_filter]: Parameter RLController.pid_kp_ang set to 1.234463
[imu_filter_madgwick_node-3] [INFO] [1770686739.543751705] [imu_filter]: Parameter RLController.pid_ki_ang set to 0.000000
[imu_filter_madgwick_node-3] [INFO] [1770686739.543811226] [imu_filter]: Parameter RLController.pid_kd_ang set to 0.097743
[imu_filter_madgwick_node-3] [INFO] [1770686739.957650828] [imu_filter]: Parameter RLController.pid_kp_lin set to 1.205316
[imu_filter_madgwick_node-3] [INFO] [1770686739.957863314] [imu_filter]: Parameter RLController.pid_ki_lin set to 0.000000
[imu_filter_madgwick_node-3] [INFO] [1770686739.958086423] [imu_filter]: Parameter RLController.pid_kd_lin set to 0.020000
[imu_filter_madgwick_node-3] [INFO] [1770686739.958166297] [imu_filter]: Parameter RLController.pid_kp_ang set to 1.234463
[imu_filter_madgwick_node-3] [INFO] [1770686739.958235003] [imu_filter]: Parameter RLController.pid_ki_ang set to 0.000000
[imu_filter_madgwick_node-3] [INFO] [1770686739.958295740] [imu_filter]: Parameter RLController.pid_kd_ang set to 0.097743
[imu_filter_madgwick_node-3] [INFO] [1770686740.380111285] [imu_filter]: Parameter RLController.pid_kp_lin set to 1.205316
[imu_filter_madgwick_node-3] [INFO] [1770686740.380376252] [imu_filter]: Parameter RLController.pid_ki_lin set to 0.000000
[imu_filter_madgwick_node-3] [INFO] [1770686740.380448733] [imu_filter]: Parameter RLController.pid_kd_lin set to 0.020000
[imu_filter_madgwick_node-3] [INFO] [1770686740.380510367] [imu_filter]: Parameter RLController.pid_kp_ang set to 1.234463
[imu_filter_madgwick_node-3] [INFO] [1770686740.380568416] [imu_filter]: Parameter RLController.pid_ki_ang set to 0.000000
[imu_filter_madgwick_node-3] [INFO] [1770686740.380628066] [imu_filter]: Parameter RLController.pid_kd_ang set to 0.097743
[imu_filter_madgwick_node-3] [INFO] [1770686740.818866067] [imu_filter]: Parameter RLController.pid_kp_lin set to 1.205316
[imu_filter_madgwick_node-3] [INFO] [1770686740.819938477] [imu_filter]: Parameter RLController.pid_ki_lin set to 0.000000
[imu_filter_madgwick_node-3] [INFO] [1770686740.820100402] [imu_filter]: Parameter RLController.pid_kd_lin set to 0.020000
[imu_filter_madgwick_node-3] [INFO] [1770686740.820252053] [imu_filter]: Parameter RLController.pid_kp_ang set to 1.234463
[imu_filter_madgwick_node-3] [INFO] [1770686740.820342872] [imu_filter]: Parameter RLController.pid_ki_ang set to 0.000000
[imu_filter_madgwick_node-3] [INFO] [1770686740.820414329] [imu_filter]: Parameter RLController.pid_kd_ang set to 0.097743
[imu_filter_madgwick_node-3] [INFO] [1770686741.224739455] [imu_filter]: Parameter RLController.pid_kp_lin set to 1.205316
[imu_filter_madgwick_node-3] [INFO] [1770686741.224967237] [imu_filter]: Parameter RLController.pid_ki_lin set to 0.000000
[imu_filter_madgwick_node-3] [INFO] [1770686741.225047399] [imu_filter]: Parameter RLController.pid_kd_lin set to 0.020000
[imu_filter_madgwick_node-3] [INFO] [1770686741.225111624] [imu_filter]: Parameter RLController.pid_kp_ang set to 1.234463
[imu_filter_madgwick_node-3] [INFO] [1770686741.225171818] [imu_filter]: Parameter RLController.pid_ki_ang set to 0.000000
[imu_filter_madgwick_node-3] [INFO] [1770686741.225233547] [imu_filter]: Parameter RLController.pid_kd_ang set to 0.097743
[imu_filter_madgwick_node-3] [INFO] [1770686741.634963223] [imu_filter]: Parameter RLController.pid_kp_lin set to 1.205316
[imu_filter_madgwick_node-3] [INFO] [1770686741.635309984] [imu_filter]: Parameter RLController.pid_ki_lin set to 0.000000
[imu_filter_madgwick_node-3] [INFO] [1770686741.635389474] [imu_filter]: Parameter RLController.pid_kd_lin set to 0.020000
[imu_filter_madgwick_node-3] [INFO] [1770686741.635454308] [imu_filter]: Parameter RLController.pid_kp_ang set to 1.234463
[imu_filter_madgwick_node-3] [INFO] [1770686741.635513285] [imu_filter]: Parameter RLController.pid_ki_ang set to 0.000000
[imu_filter_madgwick_node-3] [INFO] [1770686741.635822125] [imu_filter]: Parameter RLController.pid_kd_ang set to 0.097743
[imu_filter_madgwick_node-3] [INFO] [1770686742.051764179] [imu_filter]: Parameter RLController.pid_kp_lin set to 1.205316
[imu_filter_madgwick_node-3] [INFO] [1770686742.056835857] [imu_filter]: Parameter RLController.pid_ki_lin set to 0.000000
[imu_filter_madgwick_node-3] [INFO] [1770686742.057140377] [imu_filter]: Parameter RLController.pid_kd_lin set to 0.020000
[imu_filter_madgwick_node-3] [INFO] [1770686742.057270204] [imu_filter]: Parameter RLController.pid_kp_ang set to 1.234463
[imu_filter_madgwick_node-3] [INFO] [1770686742.057345854] [imu_filter]: Parameter RLController.pid_ki_ang set to 0.000000
[imu_filter_madgwick_node-3] [INFO] [1770686742.057415072] [imu_filter]: Parameter RLController.pid_kd_ang set to 0.097743
[imu_filter_madgwick_node-3] [INFO] [1770686742.476874142] [imu_filter]: Parameter RLController.pid_kp_lin set to 1.205316
[imu_filter_madgwick_node-3] [INFO] [1770686742.477090403] [imu_filter]: Parameter RLController.pid_ki_lin set to 0.000000
[imu_filter_madgwick_node-3] [INFO] [1770686742.477161061] [imu_filter]: Parameter RLController.pid_kd_lin set to 0.020000
[imu_filter_madgwick_node-3] [INFO] [1770686742.477227047] [imu_filter]: Parameter RLController.pid_kp_ang set to 1.234463
[imu_filter_madgwick_node-3] [INFO] [1770686742.486038082] [imu_filter]: Parameter RLController.pid_ki_ang set to 0.000000
[imu_filter_madgwick_node-3] [INFO] [1770686742.486405419] [imu_filter]: Parameter RLController.pid_kd_ang set to 0.097743
[imu_filter_madgwick_node-3] [INFO] [1770686742.891866893] [imu_filter]: Parameter RLController.pid_kp_lin set to 1.205316
[imu_filter_madgwick_node-3] [INFO] [1770686742.892076082] [imu_filter]: Parameter RLController.pid_ki_lin set to 0.000000
[imu_filter_madgwick_node-3] [INFO] [1770686742.892334264] [imu_filter]: Parameter RLController.pid_kd_lin set to 0.020000
[imu_filter_madgwick_node-3] [INFO] [1770686742.892429499] [imu_filter]: Parameter RLController.pid_kp_ang set to 1.234463
[imu_filter_madgwick_node-3] [INFO] [1770686742.895710732] [imu_filter]: Parameter RLController.pid_ki_ang set to 0.000000
[imu_filter_madgwick_node-3] [INFO] [1770686742.896218745] [imu_filter]: Parameter RLController.pid_kd_ang set to 0.097743
[imu_filter_madgwick_node-3] [INFO] [1770686743.304458464] [imu_filter]: Parameter RLController.pid_kp_lin set to 1.205316
[imu_filter_madgwick_node-3] [INFO] [1770686743.304839241] [imu_filter]: Parameter RLController.pid_ki_lin set to 0.000000
[imu_filter_madgwick_node-3] [INFO] [1770686743.304948492] [imu_filter]: Parameter RLController.pid_kd_lin set to 0.020000
[imu_filter_madgwick_node-3] [INFO] [1770686743.305024078] [imu_filter]: Parameter RLController.pid_kp_ang set to 1.234463
[imu_filter_madgwick_node-3] [INFO] [1770686743.305082608] [imu_filter]: Parameter RLController.pid_ki_ang set to 0.000000
[imu_filter_madgwick_node-3] [INFO] [1770686743.305142065] [imu_filter]: Parameter RLController.pid_kd_ang set to 0.097743
[imu_filter_madgwick_node-3] [INFO] [1770686743.724156388] [imu_filter]: Parameter RLController.pid_kp_lin set to 1.205316
[imu_filter_madgwick_node-3] [INFO] [1770686743.724394410] [imu_filter]: Parameter RLController.pid_ki_lin set to 0.000000
[imu_filter_madgwick_node-3] [INFO] [1770686743.724480588] [imu_filter]: Parameter RLController.pid_kd_lin set to 0.020000
[imu_filter_madgwick_node-3] [INFO] [1770686743.724547950] [imu_filter]: Parameter RLController.pid_kp_ang set to 1.234463
[imu_filter_madgwick_node-3] [INFO] [1770686743.724609263] [imu_filter]: Parameter RLController.pid_ki_ang set to 0.000000
[imu_filter_madgwick_node-3] [INFO] [1770686743.724669041] [imu_filter]: Parameter RLController.pid_kd_ang set to 0.097743
[imu_filter_madgwick_node-3] [INFO] [1770686744.128544075] [imu_filter]: Parameter RLController.pid_kp_lin set to 1.205316
[imu_filter_madgwick_node-3] [INFO] [1770686744.128774481] [imu_filter]: Parameter RLController.pid_ki_lin set to 0.000000
[imu_filter_madgwick_node-3] [INFO] [1770686744.128862931] [imu_filter]: Parameter RLController.pid_kd_lin set to 0.020000
[imu_filter_madgwick_node-3] [INFO] [1770686744.128935733] [imu_filter]: Parameter RLController.pid_kp_ang set to 1.234463
[imu_filter_madgwick_node-3] [INFO] [1770686744.128999063] [imu_filter]: Parameter RLController.pid_ki_ang set to 0.000000
[imu_filter_madgwick_node-3] [INFO] [1770686744.129056792] [imu_filter]: Parameter RLController.pid_kd_ang set to 0.097743
[imu_filter_madgwick_node-3] [INFO] [1770686744.541043100] [imu_filter]: Parameter RLController.pid_kp_lin set to 1.205316
[imu_filter_madgwick_node-3] [INFO] [1770686744.542836937] [imu_filter]: Parameter RLController.pid_ki_lin set to 0.000000
[imu_filter_madgwick_node-3] [INFO] [1770686744.543008237] [imu_filter]: Parameter RLController.pid_kd_lin set to 0.020000
[imu_filter_madgwick_node-3] [INFO] [1770686744.543274740] [imu_filter]: Parameter RLController.pid_kp_ang set to 1.234463
[imu_filter_madgwick_node-3] [INFO] [1770686744.543359350] [imu_filter]: Parameter RLController.pid_ki_ang set to 0.000000
[imu_filter_madgwick_node-3] [INFO] [1770686744.543423479] [imu_filter]: Parameter RLController.pid_kd_ang set to 0.097743
[imu_filter_madgwick_node-3] [INFO] [1770686744.964808389] [imu_filter]: Parameter RLController.pid_kp_lin set to 1.205316
[imu_filter_madgwick_node-3] [INFO] [1770686744.965235568] [imu_filter]: Parameter RLController.pid_ki_lin set to 0.000000
[imu_filter_madgwick_node-3] [INFO] [1770686744.965318034] [imu_filter]: Parameter RLController.pid_kd_lin set to 0.020000
[imu_filter_madgwick_node-3] [INFO] [1770686744.965383764] [imu_filter]: Parameter RLController.pid_kp_ang set to 1.234463
[imu_filter_madgwick_node-3] [INFO] [1770686744.965443925] [imu_filter]: Parameter RLController.pid_ki_ang set to 0.000000
[imu_filter_madgwick_node-3] [INFO] [1770686744.965503639] [imu_filter]: Parameter RLController.pid_kd_ang set to 0.097743
[imu_filter_madgwick_node-3] [INFO] [1770686745.390443965] [imu_filter]: Parameter RLController.pid_kp_lin set to 1.205316
[imu_filter_madgwick_node-3] [INFO] [1770686745.390655906] [imu_filter]: Parameter RLController.pid_ki_lin set to 0.000000
[imu_filter_madgwick_node-3] [INFO] [1770686745.390736548] [imu_filter]: Parameter RLController.pid_kd_lin set to 0.020000
[imu_filter_madgwick_node-3] [INFO] [1770686745.390801414] [imu_filter]: Parameter RLController.pid_kp_ang set to 1.234463
[imu_filter_madgwick_node-3] [INFO] [1770686745.390859815] [imu_filter]: Parameter RLController.pid_ki_ang set to 0.000000
[imu_filter_madgwick_node-3] [INFO] [1770686745.390915433] [imu_filter]: Parameter RLController.pid_kd_ang set to 0.097743
[imu_filter_madgwick_node-3] [INFO] [1770686745.807083861] [imu_filter]: Parameter RLController.pid_kp_lin set to 1.205316
[imu_filter_madgwick_node-3] [INFO] [1770686745.807269497] [imu_filter]: Parameter RLController.pid_ki_lin set to 0.000000
[imu_filter_madgwick_node-3] [INFO] [1770686745.807337691] [imu_filter]: Parameter RLController.pid_kd_lin set to 0.020000
[imu_filter_madgwick_node-3] [INFO] [1770686745.807396957] [imu_filter]: Parameter RLController.pid_kp_ang set to 1.234463
[imu_filter_madgwick_node-3] [INFO] [1770686745.807450622] [imu_filter]: Parameter RLController.pid_ki_ang set to 0.000000
[imu_filter_madgwick_node-3] [INFO] [1770686745.807504895] [imu_filter]: Parameter RLController.pid_kd_ang set to 0.097743
[imu_filter_madgwick_node-3] [INFO] [1770686746.231927001] [imu_filter]: Parameter RLController.pid_kp_lin set to 1.205316
[imu_filter_madgwick_node-3] [INFO] [1770686746.234241490] [imu_filter]: Parameter RLController.pid_ki_lin set to 0.000000
[imu_filter_madgwick_node-3] [INFO] [1770686746.234583579] [imu_filter]: Parameter RLController.pid_kd_lin set to 0.020000
[imu_filter_madgwick_node-3] [INFO] [1770686746.234682813] [imu_filter]: Parameter RLController.pid_kp_ang set to 1.234463
[imu_filter_madgwick_node-3] [INFO] [1770686746.234750783] [imu_filter]: Parameter RLController.pid_ki_ang set to 0.000000
[imu_filter_madgwick_node-3] [INFO] [1770686746.234818433] [imu_filter]: Parameter RLController.pid_kd_ang set to 0.097743
[imu_filter_madgwick_node-3] [INFO] [1770686746.642676382] [imu_filter]: Parameter RLController.pid_kp_lin set to 1.205316
[imu_filter_madgwick_node-3] [INFO] [1770686746.642889955] [imu_filter]: Parameter RLController.pid_ki_lin set to 0.000000
[imu_filter_madgwick_node-3] [INFO] [1770686746.642985638] [imu_filter]: Parameter RLController.pid_kd_lin set to 0.020000
[imu_filter_madgwick_node-3] [INFO] [1770686746.643060680] [imu_filter]: Parameter RLController.pid_kp_ang set to 1.234463
[imu_filter_madgwick_node-3] [INFO] [1770686746.643126697] [imu_filter]: Parameter RLController.pid_ki_ang set to 0.000000
[imu_filter_madgwick_node-3] [INFO] [1770686746.643187211] [imu_filter]: Parameter RLController.pid_kd_ang set to 0.097743
[imu_filter_madgwick_node-3] [INFO] [1770686747.075438407] [imu_filter]: Parameter RLController.pid_kp_lin set to 1.205316
[imu_filter_madgwick_node-3] [INFO] [1770686747.075777071] [imu_filter]: Parameter RLController.pid_ki_lin set to 0.000000
[imu_filter_madgwick_node-3] [INFO] [1770686747.075865873] [imu_filter]: Parameter RLController.pid_kd_lin set to 0.020000
[imu_filter_madgwick_node-3] [INFO] [1770686747.075937939] [imu_filter]: Parameter RLController.pid_kp_ang set to 1.234463
[imu_filter_madgwick_node-3] [INFO] [1770686747.076002389] [imu_filter]: Parameter RLController.pid_ki_ang set to 0.000000
[imu_filter_madgwick_node-3] [INFO] [1770686747.076064630] [imu_filter]: Parameter RLController.pid_kd_ang set to 0.097743
[imu_filter_madgwick_node-3] [INFO] [1770686747.483948821] [imu_filter]: Parameter RLController.pid_kp_lin set to 1.205316
[imu_filter_madgwick_node-3] [INFO] [1770686747.487813205] [imu_filter]: Parameter RLController.pid_ki_lin set to 0.000000
[imu_filter_madgwick_node-3] [INFO] [1770686747.488130109] [imu_filter]: Parameter RLController.pid_kd_lin set to 0.020000
[imu_filter_madgwick_node-3] [INFO] [1770686747.488235999] [imu_filter]: Parameter RLController.pid_kp_ang set to 1.234463
[imu_filter_madgwick_node-3] [INFO] [1770686747.488301505] [imu_filter]: Parameter RLController.pid_ki_ang set to 0.000000
[imu_filter_madgwick_node-3] [INFO] [1770686747.488358466] [imu_filter]: Parameter RLController.pid_kd_ang set to 0.097743
[imu_filter_madgwick_node-3] [INFO] [1770686747.912115659] [imu_filter]: Parameter RLController.pid_kp_lin set to 1.205316
[imu_filter_madgwick_node-3] [INFO] [1770686747.912341617] [imu_filter]: Parameter RLController.pid_ki_lin set to 0.000000
[imu_filter_madgwick_node-3] [INFO] [1770686747.912528181] [imu_filter]: Parameter RLController.pid_kd_lin set to 0.020000
[imu_filter_madgwick_node-3] [INFO] [1770686747.912595735] [imu_filter]: Parameter RLController.pid_kp_ang set to 1.234463
[imu_filter_madgwick_node-3] [INFO] [1770686747.912653241] [imu_filter]: Parameter RLController.pid_ki_ang set to 0.000000
[imu_filter_madgwick_node-3] [INFO] [1770686747.914815246] [imu_filter]: Parameter RLController.pid_kd_ang set to 0.097743
[imu_filter_madgwick_node-3] [INFO] [1770686748.340884881] [imu_filter]: Parameter RLController.pid_kp_lin set to 1.205316
[imu_filter_madgwick_node-3] [INFO] [1770686748.341114966] [imu_filter]: Parameter RLController.pid_ki_lin set to 0.000000
[imu_filter_madgwick_node-3] [INFO] [1770686748.347989985] [imu_filter]: Parameter RLController.pid_kd_lin set to 0.020000
[imu_filter_madgwick_node-3] [INFO] [1770686748.348327434] [imu_filter]: Parameter RLController.pid_kp_ang set to 1.234463
[imu_filter_madgwick_node-3] [INFO] [1770686748.348421100] [imu_filter]: Parameter RLController.pid_ki_ang set to 0.000000
[imu_filter_madgwick_node-3] [INFO] [1770686748.348494030] [imu_filter]: Parameter RLController.pid_kd_ang set to 0.097743
[imu_filter_madgwick_node-3] [INFO] [1770686748.756240553] [imu_filter]: Parameter RLController.pid_kp_lin set to 1.205316
[imu_filter_madgwick_node-3] [INFO] [1770686748.756451534] [imu_filter]: Parameter RLController.pid_ki_lin set to 0.000000
[imu_filter_madgwick_node-3] [INFO] [1770686748.758603203] [imu_filter]: Parameter RLController.pid_kd_lin set to 0.020000
[imu_filter_madgwick_node-3] [INFO] [1770686748.758792680] [imu_filter]: Parameter RLController.pid_kp_ang set to 1.234463
[imu_filter_madgwick_node-3] [INFO] [1770686748.758862730] [imu_filter]: Parameter RLController.pid_ki_ang set to 0.000000
[imu_filter_madgwick_node-3] [INFO] [1770686748.758928939] [imu_filter]: Parameter RLController.pid_kd_ang set to 0.097743
[imu_filter_madgwick_node-3] [INFO] [1770686749.180959881] [imu_filter]: Parameter RLController.pid_kp_lin set to 1.205316
[imu_filter_madgwick_node-3] [INFO] [1770686749.181172079] [imu_filter]: Parameter RLController.pid_ki_lin set to 0.000000
[imu_filter_madgwick_node-3] [INFO] [1770686749.181250769] [imu_filter]: Parameter RLController.pid_kd_lin set to 0.020000
[imu_filter_madgwick_node-3] [INFO] [1770686749.181319954] [imu_filter]: Parameter RLController.pid_kp_ang set to 1.234463
[imu_filter_madgwick_node-3] [INFO] [1770686749.181379316] [imu_filter]: Parameter RLController.pid_ki_ang set to 0.000000
[imu_filter_madgwick_node-3] [INFO] [1770686749.181441493] [imu_filter]: Parameter RLController.pid_kd_ang set to 0.097743
[imu_filter_madgwick_node-3] [INFO] [1770686749.597267193] [imu_filter]: Parameter RLController.pid_kp_lin set to 1.205316
[imu_filter_madgwick_node-3] [INFO] [1770686749.597456574] [imu_filter]: Parameter RLController.pid_ki_lin set to 0.000000
[imu_filter_madgwick_node-3] [INFO] [1770686749.597542816] [imu_filter]: Parameter RLController.pid_kd_lin set to 0.020000
[imu_filter_madgwick_node-3] [INFO] [1770686749.597659587] [imu_filter]: Parameter RLController.pid_kp_ang set to 1.234463
[imu_filter_madgwick_node-3] [INFO] [1770686749.597739365] [imu_filter]: Parameter RLController.pid_ki_ang set to 0.000000
[imu_filter_madgwick_node-3] [INFO] [1770686749.597809927] [imu_filter]: Parameter RLController.pid_kd_ang set to 0.097743
[imu_filter_madgwick_node-3] [INFO] [1770686750.041220792] [imu_filter]: Parameter RLController.pid_kp_lin set to 1.205316
[imu_filter_madgwick_node-3] [INFO] [1770686750.041443710] [imu_filter]: Parameter RLController.pid_ki_lin set to 0.000000
[imu_filter_madgwick_node-3] [INFO] [1770686750.041523488] [imu_filter]: Parameter RLController.pid_kd_lin set to 0.020000
[imu_filter_madgwick_node-3] [INFO] [1770686750.041591809] [imu_filter]: Parameter RLController.pid_kp_ang set to 1.234463
[imu_filter_madgwick_node-3] [INFO] [1770686750.041713060] [imu_filter]: Parameter RLController.pid_ki_ang set to 0.000000
[imu_filter_madgwick_node-3] [INFO] [1770686750.041783334] [imu_filter]: Parameter RLController.pid_kd_ang set to 0.097743
[imu_filter_madgwick_node-3] [INFO] [1770686750.445740323] [imu_filter]: Parameter RLController.pid_kp_lin set to 1.205316
[imu_filter_madgwick_node-3] [INFO] [1770686750.445965320] [imu_filter]: Parameter RLController.pid_ki_lin set to 0.000000
[imu_filter_madgwick_node-3] [INFO] [1770686750.446045962] [imu_filter]: Parameter RLController.pid_kd_lin set to 0.020000
[imu_filter_madgwick_node-3] [INFO] [1770686750.446117516] [imu_filter]: Parameter RLController.pid_kp_ang set to 1.234463
[imu_filter_madgwick_node-3] [INFO] [1770686750.446180718] [imu_filter]: Parameter RLController.pid_ki_ang set to 0.000000
[imu_filter_madgwick_node-3] [INFO] [1770686750.446246511] [imu_filter]: Parameter RLController.pid_kd_ang set to 0.097743
[imu_filter_madgwick_node-3] [INFO] [1770686750.885836738] [imu_filter]: Parameter RLController.pid_kp_lin set to 1.205316
[imu_filter_madgwick_node-3] [INFO] [1770686750.886053351] [imu_filter]: Parameter RLController.pid_ki_lin set to 0.000000
[imu_filter_madgwick_node-3] [INFO] [1770686750.888210781] [imu_filter]: Parameter RLController.pid_kd_lin set to 0.020000
[imu_filter_madgwick_node-3] [INFO] [1770686750.888565542] [imu_filter]: Parameter RLController.pid_kp_ang set to 1.234463
[imu_filter_madgwick_node-3] [INFO] [1770686750.888802892] [imu_filter]: Parameter RLController.pid_ki_ang set to 0.000000
[imu_filter_madgwick_node-3] [INFO] [1770686750.888930479] [imu_filter]: Parameter RLController.pid_kd_ang set to 0.097743
[imu_filter_madgwick_node-3] [INFO] [1770686751.316852735] [imu_filter]: Parameter RLController.pid_kp_lin set to 1.205316
[imu_filter_madgwick_node-3] [INFO] [1770686751.320358838] [imu_filter]: Parameter RLController.pid_ki_lin set to 0.000000
[imu_filter_madgwick_node-3] [INFO] [1770686751.320542043] [imu_filter]: Parameter RLController.pid_kd_lin set to 0.020000
[imu_filter_madgwick_node-3] [INFO] [1770686751.320615357] [imu_filter]: Parameter RLController.pid_kp_ang set to 1.234463
[imu_filter_madgwick_node-3] [INFO] [1770686751.320675646] [imu_filter]: Parameter RLController.pid_ki_ang set to 0.000000
[imu_filter_madgwick_node-3] [INFO] [1770686751.320735072] [imu_filter]: Parameter RLController.pid_kd_ang set to 0.097743
[imu_filter_madgwick_node-3] [INFO] [1770686751.730078466] [imu_filter]: Parameter RLController.pid_kp_lin set to 1.205316
[imu_filter_madgwick_node-3] [INFO] [1770686751.733750238] [imu_filter]: Parameter RLController.pid_ki_lin set to 0.000000
[imu_filter_madgwick_node-3] [INFO] [1770686751.736232667] [imu_filter]: Parameter RLController.pid_kd_lin set to 0.020000
[imu_filter_madgwick_node-3] [INFO] [1770686751.736428384] [imu_filter]: Parameter RLController.pid_kp_ang set to 1.234463
[imu_filter_madgwick_node-3] [INFO] [1770686751.736500642] [imu_filter]: Parameter RLController.pid_ki_ang set to 0.000000
[imu_filter_madgwick_node-3] [INFO] [1770686751.736560995] [imu_filter]: Parameter RLController.pid_kd_ang set to 0.097743
[imu_filter_madgwick_node-3] [INFO] [1770686752.148009594] [imu_filter]: Parameter RLController.pid_kp_lin set to 1.205316
[imu_filter_madgwick_node-3] [INFO] [1770686752.148267681] [imu_filter]: Parameter RLController.pid_ki_lin set to 0.000000
[imu_filter_madgwick_node-3] [INFO] [1770686752.148370211] [imu_filter]: Parameter RLController.pid_kd_lin set to 0.020000
[imu_filter_madgwick_node-3] [INFO] [1770686752.148438437] [imu_filter]: Parameter RLController.pid_kp_ang set to 1.234463
[imu_filter_madgwick_node-3] [INFO] [1770686752.148496134] [imu_filter]: Parameter RLController.pid_ki_ang set to 0.000000
[imu_filter_madgwick_node-3] [INFO] [1770686752.148559848] [imu_filter]: Parameter RLController.pid_kd_ang set to 0.097743
[imu_filter_madgwick_node-3] [INFO] [1770686752.588223516] [imu_filter]: Parameter RLController.pid_kp_lin set to 1.205316
[imu_filter_madgwick_node-3] [INFO] [1770686752.589321560] [imu_filter]: Parameter RLController.pid_ki_lin set to 0.000000
[imu_filter_madgwick_node-3] [INFO] [1770686752.589486044] [imu_filter]: Parameter RLController.pid_kd_lin set to 0.020000
[imu_filter_madgwick_node-3] [INFO] [1770686752.589559646] [imu_filter]: Parameter RLController.pid_kp_ang set to 1.234463
[imu_filter_madgwick_node-3] [INFO] [1770686752.589622399] [imu_filter]: Parameter RLController.pid_ki_ang set to 0.000000
[imu_filter_madgwick_node-3] [INFO] [1770686752.589678241] [imu_filter]: Parameter RLController.pid_kd_ang set to 0.097743
[imu_filter_madgwick_node-3] [INFO] [1770686753.008460782] [imu_filter]: Parameter RLController.pid_kp_lin set to 1.205316
[imu_filter_madgwick_node-3] [INFO] [1770686753.008717812] [imu_filter]: Parameter RLController.pid_ki_lin set to 0.000000
[imu_filter_madgwick_node-3] [INFO] [1770686753.008793622] [imu_filter]: Parameter RLController.pid_kd_lin set to 0.020000
[imu_filter_madgwick_node-3] [INFO] [1770686753.008907193] [imu_filter]: Parameter RLController.pid_kp_ang set to 1.234463
[imu_filter_madgwick_node-3] [INFO] [1770686753.008976923] [imu_filter]: Parameter RLController.pid_ki_ang set to 0.000000
[imu_filter_madgwick_node-3] [INFO] [1770686753.009043996] [imu_filter]: Parameter RLController.pid_kd_ang set to 0.097743
[imu_filter_madgwick_node-3] [INFO] [1770686753.413337345] [imu_filter]: Parameter RLController.pid_kp_lin set to 1.205316
[imu_filter_madgwick_node-3] [INFO] [1770686753.413550118] [imu_filter]: Parameter RLController.pid_ki_lin set to 0.000000
[imu_filter_madgwick_node-3] [INFO] [1770686753.413644009] [imu_filter]: Parameter RLController.pid_kd_lin set to 0.020000
[imu_filter_madgwick_node-3] [INFO] [1770686753.415941250] [imu_filter]: Parameter RLController.pid_kp_ang set to 1.234463
[imu_filter_madgwick_node-3] [INFO] [1770686753.416111238] [imu_filter]: Parameter RLController.pid_ki_ang set to 0.000000
[imu_filter_madgwick_node-3] [INFO] [1770686753.416207176] [imu_filter]: Parameter RLController.pid_kd_ang set to 0.097743
[imu_filter_madgwick_node-3] [INFO] [1770686753.823770815] [imu_filter]: Parameter RLController.pid_kp_lin set to 1.205316
[imu_filter_madgwick_node-3] [INFO] [1770686753.824221258] [imu_filter]: Parameter RLController.pid_ki_lin set to 0.000000
[imu_filter_madgwick_node-3] [INFO] [1770686753.824369966] [imu_filter]: Parameter RLController.pid_kd_lin set to 0.020000
[imu_filter_madgwick_node-3] [INFO] [1770686753.824452720] [imu_filter]: Parameter RLController.pid_kp_ang set to 1.234463
[imu_filter_madgwick_node-3] [INFO] [1770686753.824513169] [imu_filter]: Parameter RLController.pid_ki_ang set to 0.000000
[imu_filter_madgwick_node-3] [INFO] [1770686753.824708054] [imu_filter]: Parameter RLController.pid_kd_ang set to 0.097743
[imu_filter_madgwick_node-3] [INFO] [1770686754.238771566] [imu_filter]: Parameter RLController.pid_kp_lin set to 1.205316
[imu_filter_madgwick_node-3] [INFO] [1770686754.249427607] [imu_filter]: Parameter RLController.pid_ki_lin set to 0.000000
[imu_filter_madgwick_node-3] [INFO] [1770686754.251862067] [imu_filter]: Parameter RLController.pid_kd_lin set to 0.020000
[imu_filter_madgwick_node-3] [INFO] [1770686754.252037784] [imu_filter]: Parameter RLController.pid_kp_ang set to 1.234463
[imu_filter_madgwick_node-3] [INFO] [1770686754.252113434] [imu_filter]: Parameter RLController.pid_ki_ang set to 0.000000
[imu_filter_madgwick_node-3] [INFO] [1770686754.252207260] [imu_filter]: Parameter RLController.pid_kd_ang set to 0.097743
[imu_filter_madgwick_node-3] [INFO] [1770686754.660088314] [imu_filter]: Parameter RLController.pid_kp_lin set to 1.205316
[imu_filter_madgwick_node-3] [INFO] [1770686754.660319680] [imu_filter]: Parameter RLController.pid_ki_lin set to 0.000000
[imu_filter_madgwick_node-3] [INFO] [1770686754.660396098] [imu_filter]: Parameter RLController.pid_kd_lin set to 0.020000
[imu_filter_madgwick_node-3] [INFO] [1770686754.660460323] [imu_filter]: Parameter RLController.pid_kp_ang set to 1.234463
[imu_filter_madgwick_node-3] [INFO] [1770686754.660525029] [imu_filter]: Parameter RLController.pid_ki_ang set to 0.000000
[imu_filter_madgwick_node-3] [INFO] [1770686754.660591559] [imu_filter]: Parameter RLController.pid_kd_ang set to 0.097743
[imu_filter_madgwick_node-3] [INFO] [1770686755.072283171] [imu_filter]: Parameter RLController.pid_kp_lin set to 1.205316
[imu_filter_madgwick_node-3] [INFO] [1770686755.072519017] [imu_filter]: Parameter RLController.pid_ki_lin set to 0.000000
[imu_filter_madgwick_node-3] [INFO] [1770686755.077270335] [imu_filter]: Parameter RLController.pid_kd_lin set to 0.020000
[imu_filter_madgwick_node-3] [INFO] [1770686755.077484005] [imu_filter]: Parameter RLController.pid_kp_ang set to 1.234463
[imu_filter_madgwick_node-3] [INFO] [1770686755.077567207] [imu_filter]: Parameter RLController.pid_ki_ang set to 0.000000
[imu_filter_madgwick_node-3] [INFO] [1770686755.077633096] [imu_filter]: Parameter RLController.pid_kd_ang set to 0.097743
[imu_filter_madgwick_node-3] [INFO] [1770686755.484394539] [imu_filter]: Parameter RLController.pid_kp_lin set to 1.205316
[imu_filter_madgwick_node-3] [INFO] [1770686755.484709299] [imu_filter]: Parameter RLController.pid_ki_lin set to 0.000000
[imu_filter_madgwick_node-3] [INFO] [1770686755.484801685] [imu_filter]: Parameter RLController.pid_kd_lin set to 0.020000
[imu_filter_madgwick_node-3] [INFO] [1770686755.484874839] [imu_filter]: Parameter RLController.pid_kp_ang set to 1.234463
[imu_filter_madgwick_node-3] [INFO] [1770686755.484937208] [imu_filter]: Parameter RLController.pid_ki_ang set to 0.000000
[imu_filter_madgwick_node-3] [INFO] [1770686755.489937653] [imu_filter]: Parameter RLController.pid_kd_ang set to 0.097743
[imu_filter_madgwick_node-3] [INFO] [1770686755.898615911] [imu_filter]: Parameter RLController.pid_kp_lin set to 1.205316
[imu_filter_madgwick_node-3] [INFO] [1770686755.898835500] [imu_filter]: Parameter RLController.pid_ki_lin set to 0.000000
[imu_filter_madgwick_node-3] [INFO] [1770686755.898904878] [imu_filter]: Parameter RLController.pid_kd_lin set to 0.020000
[imu_filter_madgwick_node-3] [INFO] [1770686755.898966607] [imu_filter]: Parameter RLController.pid_kp_ang set to 1.234463
[imu_filter_madgwick_node-3] [INFO] [1770686755.899027889] [imu_filter]: Parameter RLController.pid_ki_ang set to 0.000000
[imu_filter_madgwick_node-3] [INFO] [1770686755.899088306] [imu_filter]: Parameter RLController.pid_kd_ang set to 0.097743
[imu_filter_madgwick_node-3] [INFO] [1770686756.311137656] [imu_filter]: Parameter RLController.pid_kp_lin set to 1.205316
[imu_filter_madgwick_node-3] [INFO] [1770686756.311370590] [imu_filter]: Parameter RLController.pid_ki_lin set to 0.000000
[imu_filter_madgwick_node-3] [INFO] [1770686756.311445408] [imu_filter]: Parameter RLController.pid_kd_lin set to 0.020000
[imu_filter_madgwick_node-3] [INFO] [1770686756.311520290] [imu_filter]: Parameter RLController.pid_kp_ang set to 1.234463
[imu_filter_madgwick_node-3] [INFO] [1770686756.313504531] [imu_filter]: Parameter RLController.pid_ki_ang set to 0.000000
[imu_filter_madgwick_node-3] [INFO] [1770686756.313667159] [imu_filter]: Parameter RLController.pid_kd_ang set to 0.097743
[imu_filter_madgwick_node-3] [INFO] [1770686756.730985792] [imu_filter]: Parameter RLController.pid_kp_lin set to 1.205316
[imu_filter_madgwick_node-3] [INFO] [1770686756.731199493] [imu_filter]: Parameter RLController.pid_ki_lin set to 0.000000
[imu_filter_madgwick_node-3] [INFO] [1770686756.731275047] [imu_filter]: Parameter RLController.pid_kd_lin set to 0.020000
[imu_filter_madgwick_node-3] [INFO] [1770686756.731358409] [imu_filter]: Parameter RLController.pid_kp_ang set to 1.234463
[imu_filter_madgwick_node-3] [INFO] [1770686756.731422347] [imu_filter]: Parameter RLController.pid_ki_ang set to 0.000000
[imu_filter_madgwick_node-3] [INFO] [1770686756.731481676] [imu_filter]: Parameter RLController.pid_kd_ang set to 0.097743
[imu_filter_madgwick_node-3] [INFO] [1770686757.144205475] [imu_filter]: Parameter RLController.pid_kp_lin set to 1.205316
[imu_filter_madgwick_node-3] [INFO] [1770686757.144556907] [imu_filter]: Parameter RLController.pid_ki_lin set to 0.000000
[imu_filter_madgwick_node-3] [INFO] [1770686757.151896578] [imu_filter]: Parameter RLController.pid_kd_lin set to 0.020000
[imu_filter_madgwick_node-3] [INFO] [1770686757.152092327] [imu_filter]: Parameter RLController.pid_kp_ang set to 1.234463
[imu_filter_madgwick_node-3] [INFO] [1770686757.156437075] [imu_filter]: Parameter RLController.pid_ki_ang set to 0.000000
[imu_filter_madgwick_node-3] [INFO] [1770686757.157085507] [imu_filter]: Parameter RLController.pid_kd_ang set to 0.097743
[imu_filter_madgwick_node-3] [INFO] [1770686757.565365707] [imu_filter]: Parameter RLController.pid_kp_lin set to 1.205316
[imu_filter_madgwick_node-3] [INFO] [1770686757.569602324] [imu_filter]: Parameter RLController.pid_ki_lin set to 0.000000
[imu_filter_madgwick_node-3] [INFO] [1770686757.569895676] [imu_filter]: Parameter RLController.pid_kd_lin set to 0.020000
[imu_filter_madgwick_node-3] [INFO] [1770686757.570006814] [imu_filter]: Parameter RLController.pid_kp_ang set to 1.234463
[imu_filter_madgwick_node-3] [INFO] [1770686757.570074144] [imu_filter]: Parameter RLController.pid_ki_ang set to 0.000000
[imu_filter_madgwick_node-3] [INFO] [1770686757.570140738] [imu_filter]: Parameter RLController.pid_kd_ang set to 0.097743
[imu_filter_madgwick_node-3] [INFO] [1770686757.985044558] [imu_filter]: Parameter RLController.pid_kp_lin set to 1.205316
[imu_filter_madgwick_node-3] [INFO] [1770686757.986075912] [imu_filter]: Parameter RLController.pid_ki_lin set to 0.000000
[imu_filter_madgwick_node-3] [INFO] [1770686757.986220140] [imu_filter]: Parameter RLController.pid_kd_lin set to 0.020000
[imu_filter_madgwick_node-3] [INFO] [1770686757.986286925] [imu_filter]: Parameter RLController.pid_kp_ang set to 1.234463
[imu_filter_madgwick_node-3] [INFO] [1770686757.986348239] [imu_filter]: Parameter RLController.pid_ki_ang set to 0.000000
[imu_filter_madgwick_node-3] [INFO] [1770686757.986405552] [imu_filter]: Parameter RLController.pid_kd_ang set to 0.097743
[imu_filter_madgwick_node-3] [INFO] [1770686758.402172498] [imu_filter]: Parameter RLController.pid_kp_lin set to 1.205316
[imu_filter_madgwick_node-3] [INFO] [1770686758.402379960] [imu_filter]: Parameter RLController.pid_ki_lin set to 0.000000
[imu_filter_madgwick_node-3] [INFO] [1770686758.402457177] [imu_filter]: Parameter RLController.pid_kd_lin set to 0.020000
[imu_filter_madgwick_node-3] [INFO] [1770686758.402519707] [imu_filter]: Parameter RLController.pid_kp_ang set to 1.234463
[imu_filter_madgwick_node-3] [INFO] [1770686758.402727840] [imu_filter]: Parameter RLController.pid_ki_ang set to 0.000000
[imu_filter_madgwick_node-3] [INFO] [1770686758.402794562] [imu_filter]: Parameter RLController.pid_kd_ang set to 0.097743
[imu_filter_madgwick_node-3] [INFO] [1770686758.815642427] [imu_filter]: Parameter RLController.pid_kp_lin set to 1.205316
[imu_filter_madgwick_node-3] [INFO] [1770686758.816366637] [imu_filter]: Parameter RLController.pid_ki_lin set to 0.000000
[imu_filter_madgwick_node-3] [INFO] [1770686758.816522001] [imu_filter]: Parameter RLController.pid_kd_lin set to 0.020000
[imu_filter_madgwick_node-3] [INFO] [1770686758.821481933] [imu_filter]: Parameter RLController.pid_kp_ang set to 1.234463
[imu_filter_madgwick_node-3] [INFO] [1770686758.821704946] [imu_filter]: Parameter RLController.pid_ki_ang set to 0.000000
[imu_filter_madgwick_node-3] [INFO] [1770686758.822356706] [imu_filter]: Parameter RLController.pid_kd_ang set to 0.097743
[imu_filter_madgwick_node-3] [INFO] [1770686759.234056448] [imu_filter]: Parameter RLController.pid_kp_lin set to 1.205316
[imu_filter_madgwick_node-3] [INFO] [1770686759.234309318] [imu_filter]: Parameter RLController.pid_ki_lin set to 0.000000
[imu_filter_madgwick_node-3] [INFO] [1770686759.234393384] [imu_filter]: Parameter RLController.pid_kd_lin set to 0.020000
[imu_filter_madgwick_node-3] [INFO] [1770686759.234461226] [imu_filter]: Parameter RLController.pid_kp_ang set to 1.234463
[imu_filter_madgwick_node-3] [INFO] [1770686759.234521931] [imu_filter]: Parameter RLController.pid_ki_ang set to 0.000000
[imu_filter_madgwick_node-3] [INFO] [1770686759.234582477] [imu_filter]: Parameter RLController.pid_kd_ang set to 0.097743
[imu_filter_madgwick_node-3] [INFO] [1770686759.642173731] [imu_filter]: Parameter RLController.pid_kp_lin set to 1.205316
[imu_filter_madgwick_node-3] [INFO] [1770686759.642385673] [imu_filter]: Parameter RLController.pid_ki_lin set to 0.000000
[imu_filter_madgwick_node-3] [INFO] [1770686759.642464427] [imu_filter]: Parameter RLController.pid_kd_lin set to 0.020000
[imu_filter_madgwick_node-3] [INFO] [1770686759.642531116] [imu_filter]: Parameter RLController.pid_kp_ang set to 1.234463
[imu_filter_madgwick_node-3] [INFO] [1770686759.642592590] [imu_filter]: Parameter RLController.pid_ki_ang set to 0.000000
[imu_filter_madgwick_node-3] [INFO] [1770686759.642653007] [imu_filter]: Parameter RLController.pid_kd_ang set to 0.097743
[imu_filter_madgwick_node-3] [INFO] [1770686760.069362114] [imu_filter]: Parameter RLController.pid_kp_lin set to 1.205316
[imu_filter_madgwick_node-3] [INFO] [1770686760.069673161] [imu_filter]: Parameter RLController.pid_ki_lin set to 0.000000
[imu_filter_madgwick_node-3] [INFO] [1770686760.072038660] [imu_filter]: Parameter RLController.pid_kd_lin set to 0.020000
[imu_filter_madgwick_node-3] [INFO] [1770686760.072239593] [imu_filter]: Parameter RLController.pid_kp_ang set to 1.234463
[imu_filter_madgwick_node-3] [INFO] [1770686760.072311723] [imu_filter]: Parameter RLController.pid_ki_ang set to 0.000000
[imu_filter_madgwick_node-3] [INFO] [1770686760.072372685] [imu_filter]: Parameter RLController.pid_kd_ang set to 0.097743
[imu_filter_madgwick_node-3] [INFO] [1770686760.485513325] [imu_filter]: Parameter RLController.pid_kp_lin set to 1.205316
[imu_filter_madgwick_node-3] [INFO] [1770686760.485712562] [imu_filter]: Parameter RLController.pid_ki_lin set to 0.000000
[imu_filter_madgwick_node-3] [INFO] [1770686760.485789428] [imu_filter]: Parameter RLController.pid_kd_lin set to 0.020000
[imu_filter_madgwick_node-3] [INFO] [1770686760.485856246] [imu_filter]: Parameter RLController.pid_kp_ang set to 1.234463
[imu_filter_madgwick_node-3] [INFO] [1770686760.485918488] [imu_filter]: Parameter RLController.pid_ki_ang set to 0.000000
[imu_filter_madgwick_node-3] [INFO] [1770686760.491795114] [imu_filter]: Parameter RLController.pid_kd_ang set to 0.097743
[imu_filter_madgwick_node-3] [INFO] [1770686760.897456913] [imu_filter]: Parameter RLController.pid_kp_lin set to 1.205316
[imu_filter_madgwick_node-3] [INFO] [1770686760.900272279] [imu_filter]: Parameter RLController.pid_ki_lin set to 0.000000
[imu_filter_madgwick_node-3] [INFO] [1770686760.900483356] [imu_filter]: Parameter RLController.pid_kd_lin set to 0.020000
[imu_filter_madgwick_node-3] [INFO] [1770686760.900556222] [imu_filter]: Parameter RLController.pid_kp_ang set to 1.234463
[imu_filter_madgwick_node-3] [INFO] [1770686760.900617759] [imu_filter]: Parameter RLController.pid_ki_ang set to 0.000000
[imu_filter_madgwick_node-3] [INFO] [1770686760.900681313] [imu_filter]: Parameter RLController.pid_kd_ang set to 0.097743
[imu_filter_madgwick_node-3] [INFO] [1770686761.332565588] [imu_filter]: Parameter RLController.pid_kp_lin set to 1.205316
[imu_filter_madgwick_node-3] [INFO] [1770686761.335470812] [imu_filter]: Parameter RLController.pid_ki_lin set to 0.000000
[imu_filter_madgwick_node-3] [INFO] [1770686761.335679841] [imu_filter]: Parameter RLController.pid_kd_lin set to 0.020000
[imu_filter_madgwick_node-3] [INFO] [1770686761.335770563] [imu_filter]: Parameter RLController.pid_kp_ang set to 1.234463
[imu_filter_madgwick_node-3] [INFO] [1770686761.335837797] [imu_filter]: Parameter RLController.pid_ki_ang set to 0.000000
[imu_filter_madgwick_node-3] [INFO] [1770686761.335899431] [imu_filter]: Parameter RLController.pid_kd_ang set to 0.097743
[imu_filter_madgwick_node-3] [INFO] [1770686761.751545510] [imu_filter]: Parameter RLController.pid_kp_lin set to 1.205316
[imu_filter_madgwick_node-3] [INFO] [1770686761.751755211] [imu_filter]: Parameter RLController.pid_ki_lin set to 0.000000
[imu_filter_madgwick_node-3] [INFO] [1770686761.751840301] [imu_filter]: Parameter RLController.pid_kd_lin set to 0.020000
[imu_filter_madgwick_node-3] [INFO] [1770686761.751911503] [imu_filter]: Parameter RLController.pid_kp_ang set to 1.234463
[imu_filter_madgwick_node-3] [INFO] [1770686761.751971888] [imu_filter]: Parameter RLController.pid_ki_ang set to 0.000000
[imu_filter_madgwick_node-3] [INFO] [1770686761.752031602] [imu_filter]: Parameter RLController.pid_kd_ang set to 0.097743
[imu_filter_madgwick_node-3] [INFO] [1770686762.161478519] [imu_filter]: Parameter RLController.pid_kp_lin set to 1.205316
[imu_filter_madgwick_node-3] [INFO] [1770686762.161698076] [imu_filter]: Parameter RLController.pid_ki_lin set to 0.000000
[imu_filter_madgwick_node-3] [INFO] [1770686762.163519946] [imu_filter]: Parameter RLController.pid_kd_lin set to 0.020000
[imu_filter_madgwick_node-3] [INFO] [1770686762.163698094] [imu_filter]: Parameter RLController.pid_kp_ang set to 1.234463
[imu_filter_madgwick_node-3] [INFO] [1770686762.163766640] [imu_filter]: Parameter RLController.pid_ki_ang set to 0.000000
[imu_filter_madgwick_node-3] [INFO] [1770686762.163826801] [imu_filter]: Parameter RLController.pid_kd_ang set to 0.097743
[imu_filter_madgwick_node-3] [INFO] [1770686762.573014096] [imu_filter]: Parameter RLController.pid_kp_lin set to 1.205316
[imu_filter_madgwick_node-3] [INFO] [1770686762.573346040] [imu_filter]: Parameter RLController.pid_ki_lin set to 0.000000
[imu_filter_madgwick_node-3] [INFO] [1770686762.573432122] [imu_filter]: Parameter RLController.pid_kd_lin set to 0.020000
[imu_filter_madgwick_node-3] [INFO] [1770686762.573510972] [imu_filter]: Parameter RLController.pid_kp_ang set to 1.234463
[imu_filter_madgwick_node-3] [INFO] [1770686762.573573118] [imu_filter]: Parameter RLController.pid_ki_ang set to 0.000000
[imu_filter_madgwick_node-3] [INFO] [1770686762.573631935] [imu_filter]: Parameter RLController.pid_kd_ang set to 0.097743
[imu_filter_madgwick_node-3] [INFO] [1770686762.997021087] [imu_filter]: Parameter RLController.pid_kp_lin set to 1.205316
[imu_filter_madgwick_node-3] [INFO] [1770686762.998671464] [imu_filter]: Parameter RLController.pid_ki_lin set to 0.000000
[imu_filter_madgwick_node-3] [INFO] [1770686762.998845772] [imu_filter]: Parameter RLController.pid_kd_lin set to 0.020000
[imu_filter_madgwick_node-3] [INFO] [1770686762.998919374] [imu_filter]: Parameter RLController.pid_kp_ang set to 1.234463
[imu_filter_madgwick_node-3] [INFO] [1770686762.999077138] [imu_filter]: Parameter RLController.pid_ki_ang set to 0.000000
[imu_filter_madgwick_node-3] [INFO] [1770686762.999144148] [imu_filter]: Parameter RLController.pid_kd_ang set to 0.097743
[imu_filter_madgwick_node-3] [INFO] [1770686763.414415082] [imu_filter]: Parameter RLController.pid_kp_lin set to 1.205316
[imu_filter_madgwick_node-3] [INFO] [1770686763.417217615] [imu_filter]: Parameter RLController.pid_ki_lin set to 0.000000
[imu_filter_madgwick_node-3] [INFO] [1770686763.417403764] [imu_filter]: Parameter RLController.pid_kd_lin set to 0.020000
[imu_filter_madgwick_node-3] [INFO] [1770686763.417582264] [imu_filter]: Parameter RLController.pid_kp_ang set to 1.234463
[imu_filter_madgwick_node-3] [INFO] [1770686763.417693627] [imu_filter]: Parameter RLController.pid_ki_ang set to 0.000000
[imu_filter_madgwick_node-3] [INFO] [1770686763.417766461] [imu_filter]: Parameter RLController.pid_kd_ang set to 0.097743
[imu_filter_madgwick_node-3] [INFO] [1770686763.831967416] [imu_filter]: Parameter RLController.pid_kp_lin set to 1.205316
[imu_filter_madgwick_node-3] [INFO] [1770686763.832149149] [imu_filter]: Parameter RLController.pid_ki_lin set to 0.000000
[imu_filter_madgwick_node-3] [INFO] [1770686763.832267712] [imu_filter]: Parameter RLController.pid_kd_lin set to 0.020000
[imu_filter_madgwick_node-3] [INFO] [1770686763.832340802] [imu_filter]: Parameter RLController.pid_kp_ang set to 1.234463
[imu_filter_madgwick_node-3] [INFO] [1770686763.832404419] [imu_filter]: Parameter RLController.pid_ki_ang set to 0.000000
[imu_filter_madgwick_node-3] [INFO] [1770686763.832465765] [imu_filter]: Parameter RLController.pid_kd_ang set to 0.097743
[imu_filter_madgwick_node-3] [INFO] [1770686764.262109184] [imu_filter]: Parameter RLController.pid_kp_lin set to 1.205316
[imu_filter_madgwick_node-3] [INFO] [1770686764.262335910] [imu_filter]: Parameter RLController.pid_ki_lin set to 0.000000
[imu_filter_madgwick_node-3] [INFO] [1770686764.262419368] [imu_filter]: Parameter RLController.pid_kd_lin set to 0.020000
[imu_filter_madgwick_node-3] [INFO] [1770686764.262504970] [imu_filter]: Parameter RLController.pid_kp_ang set to 1.234463
[imu_filter_madgwick_node-3] [INFO] [1770686764.262571019] [imu_filter]: Parameter RLController.pid_ki_ang set to 0.000000
[imu_filter_madgwick_node-3] [INFO] [1770686764.262629325] [imu_filter]: Parameter RLController.pid_kd_ang set to 0.097743
[imu_filter_madgwick_node-3] [INFO] [1770686764.681316216] [imu_filter]: Parameter RLController.pid_kp_lin set to 1.205316
[imu_filter_madgwick_node-3] [INFO] [1770686764.681530781] [imu_filter]: Parameter RLController.pid_ki_lin set to 0.000000
[imu_filter_madgwick_node-3] [INFO] [1770686764.681612895] [imu_filter]: Parameter RLController.pid_kd_lin set to 0.020000
[imu_filter_madgwick_node-3] [INFO] [1770686764.681681409] [imu_filter]: Parameter RLController.pid_kp_ang set to 1.234463
[imu_filter_madgwick_node-3] [INFO] [1770686764.681740194] [imu_filter]: Parameter RLController.pid_ki_ang set to 0.000000
[imu_filter_madgwick_node-3] [INFO] [1770686764.681800516] [imu_filter]: Parameter RLController.pid_kd_ang set to 0.097743
[imu_filter_madgwick_node-3] [INFO] [1770686765.099907552] [imu_filter]: Parameter RLController.pid_kp_lin set to 1.205316
[imu_filter_madgwick_node-3] [INFO] [1770686765.100125990] [imu_filter]: Parameter RLController.pid_ki_lin set to 0.000000
[imu_filter_madgwick_node-3] [INFO] [1770686765.100240168] [imu_filter]: Parameter RLController.pid_kd_lin set to 0.020000
[imu_filter_madgwick_node-3] [INFO] [1770686765.100311978] [imu_filter]: Parameter RLController.pid_kp_ang set to 1.234463
[imu_filter_madgwick_node-3] [INFO] [1770686765.100381132] [imu_filter]: Parameter RLController.pid_ki_ang set to 0.000000
[imu_filter_madgwick_node-3] [INFO] [1770686765.100569969] [imu_filter]: Parameter RLController.pid_kd_ang set to 0.097743
[imu_filter_madgwick_node-3] [INFO] [1770686765.523673449] [imu_filter]: Parameter RLController.pid_kp_lin set to 1.205316
[imu_filter_madgwick_node-3] [INFO] [1770686765.523885999] [imu_filter]: Parameter RLController.pid_ki_lin set to 0.000000
[imu_filter_madgwick_node-3] [INFO] [1770686765.523955952] [imu_filter]: Parameter RLController.pid_kd_lin set to 0.020000
[imu_filter_madgwick_node-3] [INFO] [1770686765.524020242] [imu_filter]: Parameter RLController.pid_kp_ang set to 1.234463
[imu_filter_madgwick_node-3] [INFO] [1770686765.524078323] [imu_filter]: Parameter RLController.pid_ki_ang set to 0.000000
[imu_filter_madgwick_node-3] [INFO] [1770686765.524140661] [imu_filter]: Parameter RLController.pid_kd_ang set to 0.097743
[imu_filter_madgwick_node-3] [INFO] [1770686765.938185740] [imu_filter]: Parameter RLController.pid_kp_lin set to 1.205316
[imu_filter_madgwick_node-3] [INFO] [1770686765.938411634] [imu_filter]: Parameter RLController.pid_ki_lin set to 0.000000
[imu_filter_madgwick_node-3] [INFO] [1770686765.938492180] [imu_filter]: Parameter RLController.pid_kd_lin set to 0.020000
[imu_filter_madgwick_node-3] [INFO] [1770686765.938564662] [imu_filter]: Parameter RLController.pid_kp_ang set to 1.234463
[imu_filter_madgwick_node-3] [INFO] [1770686765.938624663] [imu_filter]: Parameter RLController.pid_ki_ang set to 0.000000
[imu_filter_madgwick_node-3] [INFO] [1770686765.938688089] [imu_filter]: Parameter RLController.pid_kd_ang set to 0.097743
[imu_filter_madgwick_node-3] [INFO] [1770686766.351330797] [imu_filter]: Parameter RLController.pid_kp_lin set to 1.205316
[imu_filter_madgwick_node-3] [INFO] [1770686766.351560883] [imu_filter]: Parameter RLController.pid_ki_lin set to 0.000000
[imu_filter_madgwick_node-3] [INFO] [1770686766.351641109] [imu_filter]: Parameter RLController.pid_kd_lin set to 0.020000
[imu_filter_madgwick_node-3] [INFO] [1770686766.351705047] [imu_filter]: Parameter RLController.pid_kp_ang set to 1.234463
[imu_filter_madgwick_node-3] [INFO] [1770686766.351765656] [imu_filter]: Parameter RLController.pid_ki_ang set to 0.000000
[imu_filter_madgwick_node-3] [INFO] [1770686766.351825402] [imu_filter]: Parameter RLController.pid_kd_ang set to 0.097743
[imu_filter_madgwick_node-3] [INFO] [1770686766.775813832] [imu_filter]: Parameter RLController.pid_kp_lin set to 1.205316
[imu_filter_madgwick_node-3] [INFO] [1770686766.776009997] [imu_filter]: Parameter RLController.pid_ki_lin set to 0.000000
[imu_filter_madgwick_node-3] [INFO] [1770686766.776085775] [imu_filter]: Parameter RLController.pid_kd_lin set to 0.020000
[imu_filter_madgwick_node-3] [INFO] [1770686766.776152145] [imu_filter]: Parameter RLController.pid_kp_ang set to 1.234463
[imu_filter_madgwick_node-3] [INFO] [1770686766.776235699] [imu_filter]: Parameter RLController.pid_ki_ang set to 0.000000
[imu_filter_madgwick_node-3] [INFO] [1770686766.776300468] [imu_filter]: Parameter RLController.pid_kd_ang set to 0.097743
[imu_filter_madgwick_node-3] [INFO] [1770686767.208090693] [imu_filter]: Parameter RLController.pid_kp_lin set to 1.205316
[imu_filter_madgwick_node-3] [INFO] [1770686767.208370092] [imu_filter]: Parameter RLController.pid_ki_lin set to 0.000000
[imu_filter_madgwick_node-3] [INFO] [1770686767.208866232] [imu_filter]: Parameter RLController.pid_kd_lin set to 0.020000
[imu_filter_madgwick_node-3] [INFO] [1770686767.208970011] [imu_filter]: Parameter RLController.pid_kp_ang set to 1.234463
[imu_filter_madgwick_node-3] [INFO] [1770686767.209034844] [imu_filter]: Parameter RLController.pid_ki_ang set to 0.000000
[imu_filter_madgwick_node-3] [INFO] [1770686767.209094014] [imu_filter]: Parameter RLController.pid_kd_ang set to 0.097743
[imu_filter_madgwick_node-3] [INFO] [1770686767.636156185] [imu_filter]: Parameter RLController.pid_kp_lin set to 1.205316
[imu_filter_madgwick_node-3] [INFO] [1770686767.636517122] [imu_filter]: Parameter RLController.pid_ki_lin set to 0.000000
[imu_filter_madgwick_node-3] [INFO] [1770686767.640953904] [imu_filter]: Parameter RLController.pid_kd_lin set to 0.020000
[imu_filter_madgwick_node-3] [INFO] [1770686767.641146261] [imu_filter]: Parameter RLController.pid_kp_ang set to 1.234463
[imu_filter_madgwick_node-3] [INFO] [1770686767.641214615] [imu_filter]: Parameter RLController.pid_ki_ang set to 0.000000
[imu_filter_madgwick_node-3] [INFO] [1770686767.641281464] [imu_filter]: Parameter RLController.pid_kd_ang set to 0.097743
[imu_filter_madgwick_node-3] [INFO] [1770686768.059180912] [imu_filter]: Parameter RLController.pid_kp_lin set to 1.205316
[imu_filter_madgwick_node-3] [INFO] [1770686768.059394581] [imu_filter]: Parameter RLController.pid_ki_lin set to 0.000000
[imu_filter_madgwick_node-3] [INFO] [1770686768.059469623] [imu_filter]: Parameter RLController.pid_kd_lin set to 0.020000
[imu_filter_madgwick_node-3] [INFO] [1770686768.059538360] [imu_filter]: Parameter RLController.pid_kp_ang set to 1.234463
[imu_filter_madgwick_node-3] [INFO] [1770686768.059600666] [imu_filter]: Parameter RLController.pid_ki_ang set to 0.000000
[imu_filter_madgwick_node-3] [INFO] [1770686768.059662716] [imu_filter]: Parameter RLController.pid_kd_ang set to 0.097743
[imu_filter_madgwick_node-3] [INFO] [1770686768.500670929] [imu_filter]: Parameter RLController.pid_kp_lin set to 1.205316
[imu_filter_madgwick_node-3] [INFO] [1770686768.500982201] [imu_filter]: Parameter RLController.pid_ki_lin set to 0.000000
[imu_filter_madgwick_node-3] [INFO] [1770686768.501057371] [imu_filter]: Parameter RLController.pid_kd_lin set to 0.020000
[imu_filter_madgwick_node-3] [INFO] [1770686768.501119037] [imu_filter]: Parameter RLController.pid_kp_ang set to 1.234463
[imu_filter_madgwick_node-3] [INFO] [1770686768.501176254] [imu_filter]: Parameter RLController.pid_ki_ang set to 0.000000
[imu_filter_madgwick_node-3] [INFO] [1770686768.501231903] [imu_filter]: Parameter RLController.pid_kd_ang set to 0.097743
[imu_filter_madgwick_node-3] [INFO] [1770686768.913573836] [imu_filter]: Parameter RLController.pid_kp_lin set to 1.205316
[imu_filter_madgwick_node-3] [INFO] [1770686768.913776017] [imu_filter]: Parameter RLController.pid_ki_lin set to 0.000000
[imu_filter_madgwick_node-3] [INFO] [1770686768.913857427] [imu_filter]: Parameter RLController.pid_kd_lin set to 0.020000
[imu_filter_madgwick_node-3] [INFO] [1770686768.913930389] [imu_filter]: Parameter RLController.pid_kp_ang set to 1.234463
[imu_filter_madgwick_node-3] [INFO] [1770686768.913989751] [imu_filter]: Parameter RLController.pid_ki_ang set to 0.000000
[imu_filter_madgwick_node-3] [INFO] [1770686768.914047576] [imu_filter]: Parameter RLController.pid_kd_ang set to 0.097743
[imu_filter_madgwick_node-3] [INFO] [1770686769.332213046] [imu_filter]: Parameter RLController.pid_kp_lin set to 1.205316
[imu_filter_madgwick_node-3] [INFO] [1770686769.332684162] [imu_filter]: Parameter RLController.pid_ki_lin set to 0.000000
[imu_filter_madgwick_node-3] [INFO] [1770686769.332770660] [imu_filter]: Parameter RLController.pid_kd_lin set to 0.020000
[imu_filter_madgwick_node-3] [INFO] [1770686769.332838758] [imu_filter]: Parameter RLController.pid_kp_ang set to 1.234463
[imu_filter_madgwick_node-3] [INFO] [1770686769.332896775] [imu_filter]: Parameter RLController.pid_ki_ang set to 0.000000
[imu_filter_madgwick_node-3] [INFO] [1770686769.332954984] [imu_filter]: Parameter RLController.pid_kd_ang set to 0.097743
[imu_filter_madgwick_node-3] [INFO] [1770686769.739268032] [imu_filter]: Parameter RLController.pid_kp_lin set to 1.205316
[imu_filter_madgwick_node-3] [INFO] [1770686769.739981329] [imu_filter]: Parameter RLController.pid_ki_lin set to 0.000000
[imu_filter_madgwick_node-3] [INFO] [1770686769.740136853] [imu_filter]: Parameter RLController.pid_kd_lin set to 0.020000
[imu_filter_madgwick_node-3] [INFO] [1770686769.740251512] [imu_filter]: Parameter RLController.pid_kp_ang set to 1.234463
[imu_filter_madgwick_node-3] [INFO] [1770686769.740323418] [imu_filter]: Parameter RLController.pid_ki_ang set to 0.000000
[imu_filter_madgwick_node-3] [INFO] [1770686769.740388891] [imu_filter]: Parameter RLController.pid_kd_ang set to 0.097743
[imu_filter_madgwick_node-3] [INFO] [1770686770.160471049] [imu_filter]: Parameter RLController.pid_kp_lin set to 1.205316
[imu_filter_madgwick_node-3] [INFO] [1770686770.160703119] [imu_filter]: Parameter RLController.pid_ki_lin set to 0.000000
[imu_filter_madgwick_node-3] [INFO] [1770686770.160800337] [imu_filter]: Parameter RLController.pid_kd_lin set to 0.020000
[imu_filter_madgwick_node-3] [INFO] [1770686770.161012150] [imu_filter]: Parameter RLController.pid_kp_ang set to 1.234463
[imu_filter_madgwick_node-3] [INFO] [1770686770.161130617] [imu_filter]: Parameter RLController.pid_ki_ang set to 0.000000
[imu_filter_madgwick_node-3] [INFO] [1770686770.161207675] [imu_filter]: Parameter RLController.pid_kd_ang set to 0.097743
[imu_filter_madgwick_node-3] [INFO] [1770686770.579049457] [imu_filter]: Parameter RLController.pid_kp_lin set to 1.205316
[imu_filter_madgwick_node-3] [INFO] [1770686770.579237590] [imu_filter]: Parameter RLController.pid_ki_lin set to 0.000000
[imu_filter_madgwick_node-3] [INFO] [1770686770.579313656] [imu_filter]: Parameter RLController.pid_kd_lin set to 0.020000
[imu_filter_madgwick_node-3] [INFO] [1770686770.579375513] [imu_filter]: Parameter RLController.pid_kp_ang set to 1.234463
[imu_filter_madgwick_node-3] [INFO] [1770686770.579438427] [imu_filter]: Parameter RLController.pid_ki_ang set to 0.000000
[imu_filter_madgwick_node-3] [INFO] [1770686770.579496348] [imu_filter]: Parameter RLController.pid_kd_ang set to 0.097743
[imu_filter_madgwick_node-3] [INFO] [1770686770.990290051] [imu_filter]: Parameter RLController.pid_kp_lin set to 1.205316
[imu_filter_madgwick_node-3] [INFO] [1770686770.990526153] [imu_filter]: Parameter RLController.pid_ki_lin set to 0.000000
[imu_filter_madgwick_node-3] [INFO] [1770686770.990614859] [imu_filter]: Parameter RLController.pid_kd_lin set to 0.020000
[imu_filter_madgwick_node-3] [INFO] [1770686770.990873585] [imu_filter]: Parameter RLController.pid_kp_ang set to 1.234463
[imu_filter_madgwick_node-3] [INFO] [1770686770.991034581] [imu_filter]: Parameter RLController.pid_ki_ang set to 0.000000
[imu_filter_madgwick_node-3] [INFO] [1770686770.993525235] [imu_filter]: Parameter RLController.pid_kd_ang set to 0.097743
[imu_filter_madgwick_node-3] [INFO] [1770686771.406857113] [imu_filter]: Parameter RLController.pid_kp_lin set to 1.205316
[imu_filter_madgwick_node-3] [INFO] [1770686771.407072414] [imu_filter]: Parameter RLController.pid_ki_lin set to 0.000000
[imu_filter_madgwick_node-3] [INFO] [1770686771.407146208] [imu_filter]: Parameter RLController.pid_kd_lin set to 0.020000
[imu_filter_madgwick_node-3] [INFO] [1770686771.407212802] [imu_filter]: Parameter RLController.pid_kp_ang set to 1.234463
[imu_filter_madgwick_node-3] [INFO] [1770686771.407270755] [imu_filter]: Parameter RLController.pid_ki_ang set to 0.000000
[imu_filter_madgwick_node-3] [INFO] [1770686771.407333541] [imu_filter]: Parameter RLController.pid_kd_ang set to 0.097743
[imu_filter_madgwick_node-3] [INFO] [1770686771.835982535] [imu_filter]: Parameter RLController.pid_kp_lin set to 1.205316
[imu_filter_madgwick_node-3] [INFO] [1770686771.836218285] [imu_filter]: Parameter RLController.pid_ki_lin set to 0.000000
[imu_filter_madgwick_node-3] [INFO] [1770686771.836285679] [imu_filter]: Parameter RLController.pid_kd_lin set to 0.020000
[imu_filter_madgwick_node-3] [INFO] [1770686771.836346704] [imu_filter]: Parameter RLController.pid_kp_ang set to 1.234463
[imu_filter_madgwick_node-3] [INFO] [1770686771.836403122] [imu_filter]: Parameter RLController.pid_ki_ang set to 0.000000
[imu_filter_madgwick_node-3] [INFO] [1770686771.836458131] [imu_filter]: Parameter RLController.pid_kd_ang set to 0.097743
[imu_filter_madgwick_node-3] [INFO] [1770686772.259555659] [imu_filter]: Parameter RLController.pid_kp_lin set to 1.205316
[imu_filter_madgwick_node-3] [INFO] [1770686772.259813522] [imu_filter]: Parameter RLController.pid_ki_lin set to 0.000000
[imu_filter_madgwick_node-3] [INFO] [1770686772.259887668] [imu_filter]: Parameter RLController.pid_kd_lin set to 0.020000
[imu_filter_madgwick_node-3] [INFO] [1770686772.260073400] [imu_filter]: Parameter RLController.pid_kp_ang set to 1.234463
[imu_filter_madgwick_node-3] [INFO] [1770686772.260137690] [imu_filter]: Parameter RLController.pid_ki_ang set to 0.000000
[imu_filter_madgwick_node-3] [INFO] [1770686772.260223868] [imu_filter]: Parameter RLController.pid_kd_ang set to 0.097743
[imu_filter_madgwick_node-3] [INFO] [1770686772.673561400] [imu_filter]: Parameter RLController.pid_kp_lin set to 1.205316
[imu_filter_madgwick_node-3] [INFO] [1770686772.678407242] [imu_filter]: Parameter RLController.pid_ki_lin set to 0.000000
[imu_filter_madgwick_node-3] [INFO] [1770686772.678589199] [imu_filter]: Parameter RLController.pid_kd_lin set to 0.020000
[imu_filter_madgwick_node-3] [INFO] [1770686772.678656656] [imu_filter]: Parameter RLController.pid_kp_ang set to 1.234463
[imu_filter_madgwick_node-3] [INFO] [1770686772.678713617] [imu_filter]: Parameter RLController.pid_ki_ang set to 0.000000
[imu_filter_madgwick_node-3] [INFO] [1770686772.678764595] [imu_filter]: Parameter RLController.pid_kd_ang set to 0.097743
[imu_filter_madgwick_node-3] [INFO] [1770686773.085969779] [imu_filter]: Parameter RLController.pid_kp_lin set to 1.205316
[imu_filter_madgwick_node-3] [INFO] [1770686773.086187480] [imu_filter]: Parameter RLController.pid_ki_lin set to 0.000000
[imu_filter_madgwick_node-3] [INFO] [1770686773.086261210] [imu_filter]: Parameter RLController.pid_kd_lin set to 0.020000
[imu_filter_madgwick_node-3] [INFO] [1770686773.086444926] [imu_filter]: Parameter RLController.pid_kp_ang set to 1.234463
[imu_filter_madgwick_node-3] [INFO] [1770686773.086518080] [imu_filter]: Parameter RLController.pid_ki_ang set to 0.000000
[imu_filter_madgwick_node-3] [INFO] [1770686773.086580994] [imu_filter]: Parameter RLController.pid_kd_ang set to 0.097743
[imu_filter_madgwick_node-3] [INFO] [1770686773.503391908] [imu_filter]: Parameter RLController.pid_kp_lin set to 1.205316
[imu_filter_madgwick_node-3] [INFO] [1770686773.503601161] [imu_filter]: Parameter RLController.pid_ki_lin set to 0.000000
[imu_filter_madgwick_node-3] [INFO] [1770686773.503683659] [imu_filter]: Parameter RLController.pid_kd_lin set to 0.020000
[imu_filter_madgwick_node-3] [INFO] [1770686773.503754636] [imu_filter]: Parameter RLController.pid_kp_ang set to 1.234463
[imu_filter_madgwick_node-3] [INFO] [1770686773.503815502] [imu_filter]: Parameter RLController.pid_ki_ang set to 0.000000
[imu_filter_madgwick_node-3] [INFO] [1770686773.503875887] [imu_filter]: Parameter RLController.pid_kd_ang set to 0.097743
[imu_filter_madgwick_node-3] [INFO] [1770686773.909677519] [imu_filter]: Parameter RLController.pid_kp_lin set to 1.205316
[imu_filter_madgwick_node-3] [INFO] [1770686773.912723606] [imu_filter]: Parameter RLController.pid_ki_lin set to 0.000000
[imu_filter_madgwick_node-3] [INFO] [1770686773.912922747] [imu_filter]: Parameter RLController.pid_kd_lin set to 0.020000
[imu_filter_madgwick_node-3] [INFO] [1770686773.913001405] [imu_filter]: Parameter RLController.pid_kp_ang set to 1.234463
[imu_filter_madgwick_node-3] [INFO] [1770686773.913064222] [imu_filter]: Parameter RLController.pid_ki_ang set to 0.000000
[imu_filter_madgwick_node-3] [INFO] [1770686773.913131104] [imu_filter]: Parameter RLController.pid_kd_ang set to 0.097743
[imu_filter_madgwick_node-3] [INFO] [1770686774.333602040] [imu_filter]: Parameter RLController.pid_kp_lin set to 1.205316
[imu_filter_madgwick_node-3] [INFO] [1770686774.334086467] [imu_filter]: Parameter RLController.pid_ki_lin set to 0.000000
[imu_filter_madgwick_node-3] [INFO] [1770686774.334199558] [imu_filter]: Parameter RLController.pid_kd_lin set to 0.020000
[imu_filter_madgwick_node-3] [INFO] [1770686774.334268968] [imu_filter]: Parameter RLController.pid_kp_ang set to 1.234463
[imu_filter_madgwick_node-3] [INFO] [1770686774.334329865] [imu_filter]: Parameter RLController.pid_ki_ang set to 0.000000
[imu_filter_madgwick_node-3] [INFO] [1770686774.334388298] [imu_filter]: Parameter RLController.pid_kd_ang set to 0.097743
[imu_filter_madgwick_node-3] [INFO] [1770686774.749870157] [imu_filter]: Parameter RLController.pid_kp_lin set to 1.205316
[imu_filter_madgwick_node-3] [INFO] [1770686774.755870522] [imu_filter]: Parameter RLController.pid_ki_lin set to 0.000000
[imu_filter_madgwick_node-3] [INFO] [1770686774.756198562] [imu_filter]: Parameter RLController.pid_kd_lin set to 0.020000
[imu_filter_madgwick_node-3] [INFO] [1770686774.756339845] [imu_filter]: Parameter RLController.pid_kp_ang set to 1.234463
[imu_filter_madgwick_node-3] [INFO] [1770686774.756407175] [imu_filter]: Parameter RLController.pid_ki_ang set to 0.000000
[imu_filter_madgwick_node-3] [INFO] [1770686774.756470728] [imu_filter]: Parameter RLController.pid_kd_ang set to 0.097743
[imu_filter_madgwick_node-3] [INFO] [1770686775.169583924] [imu_filter]: Parameter RLController.pid_kp_lin set to 1.205316
[imu_filter_madgwick_node-3] [INFO] [1770686775.169796025] [imu_filter]: Parameter RLController.pid_ki_lin set to 0.000000
[imu_filter_madgwick_node-3] [INFO] [1770686775.169874907] [imu_filter]: Parameter RLController.pid_kd_lin set to 0.020000
[imu_filter_madgwick_node-3] [INFO] [1770686775.169937180] [imu_filter]: Parameter RLController.pid_kp_ang set to 1.234463
[imu_filter_madgwick_node-3] [INFO] [1770686775.170108608] [imu_filter]: Parameter RLController.pid_ki_ang set to 0.000000
[imu_filter_madgwick_node-3] [INFO] [1770686775.170175618] [imu_filter]: Parameter RLController.pid_kd_ang set to 0.097743
[imu_filter_madgwick_node-3] [INFO] [1770686775.585025142] [imu_filter]: Parameter RLController.pid_kp_lin set to 1.205316
[imu_filter_madgwick_node-3] [INFO] [1770686775.585231067] [imu_filter]: Parameter RLController.pid_ki_lin set to 0.000000
[imu_filter_madgwick_node-3] [INFO] [1770686775.585306428] [imu_filter]: Parameter RLController.pid_kd_lin set to 0.020000
[imu_filter_madgwick_node-3] [INFO] [1770686775.586021421] [imu_filter]: Parameter RLController.pid_kp_ang set to 1.234463
[imu_filter_madgwick_node-3] [INFO] [1770686775.586111471] [imu_filter]: Parameter RLController.pid_ki_ang set to 0.000000
[imu_filter_madgwick_node-3] [INFO] [1770686775.586181233] [imu_filter]: Parameter RLController.pid_kd_ang set to 0.097743
[imu_filter_madgwick_node-3] [INFO] [1770686776.009964951] [imu_filter]: Parameter RLController.pid_kp_lin set to 1.205316
[imu_filter_madgwick_node-3] [INFO] [1770686776.010287902] [imu_filter]: Parameter RLController.pid_ki_lin set to 0.000000
[imu_filter_madgwick_node-3] [INFO] [1770686776.010365120] [imu_filter]: Parameter RLController.pid_kd_lin set to 0.020000
[imu_filter_madgwick_node-3] [INFO] [1770686776.010430850] [imu_filter]: Parameter RLController.pid_kp_ang set to 1.234463
[imu_filter_madgwick_node-3] [INFO] [1770686776.010490595] [imu_filter]: Parameter RLController.pid_ki_ang set to 0.000000
[imu_filter_madgwick_node-3] [INFO] [1770686776.010546821] [imu_filter]: Parameter RLController.pid_kd_ang set to 0.097743
[imu_filter_madgwick_node-3] [INFO] [1770686776.436197782] [imu_filter]: Parameter RLController.pid_kp_lin set to 1.205316
[imu_filter_madgwick_node-3] [INFO] [1770686776.436396251] [imu_filter]: Parameter RLController.pid_ki_lin set to 0.000000
[imu_filter_madgwick_node-3] [INFO] [1770686776.436465885] [imu_filter]: Parameter RLController.pid_kd_lin set to 0.020000
[imu_filter_madgwick_node-3] [INFO] [1770686776.436529726] [imu_filter]: Parameter RLController.pid_kp_ang set to 1.234463
[imu_filter_madgwick_node-3] [INFO] [1770686776.436587616] [imu_filter]: Parameter RLController.pid_ki_ang set to 0.000000
[imu_filter_madgwick_node-3] [INFO] [1770686776.436647425] [imu_filter]: Parameter RLController.pid_kd_ang set to 0.097743
[imu_filter_madgwick_node-3] [INFO] [1770686776.847422677] [imu_filter]: Parameter RLController.pid_kp_lin set to 1.205316
[imu_filter_madgwick_node-3] [INFO] [1770686776.847726972] [imu_filter]: Parameter RLController.pid_ki_lin set to 0.000000
[imu_filter_madgwick_node-3] [INFO] [1770686776.847810270] [imu_filter]: Parameter RLController.pid_kd_lin set to 0.020000
[imu_filter_madgwick_node-3] [INFO] [1770686776.847879872] [imu_filter]: Parameter RLController.pid_kp_ang set to 1.234463
[imu_filter_madgwick_node-3] [INFO] [1770686776.847946242] [imu_filter]: Parameter RLController.pid_ki_ang set to 0.000000
[imu_filter_madgwick_node-3] [INFO] [1770686776.848013251] [imu_filter]: Parameter RLController.pid_kd_ang set to 0.097743
[imu_filter_madgwick_node-3] [INFO] [1770686777.266658224] [imu_filter]: Parameter RLController.pid_kp_lin set to 1.205316
[imu_filter_madgwick_node-3] [INFO] [1770686777.266905206] [imu_filter]: Parameter RLController.pid_ki_lin set to 0.000000
[imu_filter_madgwick_node-3] [INFO] [1770686777.266999641] [imu_filter]: Parameter RLController.pid_kd_lin set to 0.020000
[imu_filter_madgwick_node-3] [INFO] [1770686777.267072570] [imu_filter]: Parameter RLController.pid_kp_ang set to 1.234463
[imu_filter_madgwick_node-3] [INFO] [1770686777.267137916] [imu_filter]: Parameter RLController.pid_ki_ang set to 0.000000
[imu_filter_madgwick_node-3] [INFO] [1770686777.267204605] [imu_filter]: Parameter RLController.pid_kd_ang set to 0.097743
[imu_filter_madgwick_node-3] [INFO] [1770686777.691970234] [imu_filter]: Parameter RLController.pid_kp_lin set to 1.205316
[imu_filter_madgwick_node-3] [INFO] [1770686777.692156095] [imu_filter]: Parameter RLController.pid_ki_lin set to 0.000000
[imu_filter_madgwick_node-3] [INFO] [1770686777.692258593] [imu_filter]: Parameter RLController.pid_kd_lin set to 0.020000
[imu_filter_madgwick_node-3] [INFO] [1770686777.692332099] [imu_filter]: Parameter RLController.pid_kp_ang set to 1.234463
[imu_filter_madgwick_node-3] [INFO] [1770686777.692426117] [imu_filter]: Parameter RLController.pid_ki_ang set to 0.000000
[imu_filter_madgwick_node-3] [INFO] [1770686777.696601447] [imu_filter]: Parameter RLController.pid_kd_ang set to 0.097743
[imu_filter_madgwick_node-3] [INFO] [1770686778.108274161] [imu_filter]: Parameter RLController.pid_kp_lin set to 1.205316
[imu_filter_madgwick_node-3] [INFO] [1770686778.108700155] [imu_filter]: Parameter RLController.pid_ki_lin set to 0.000000
[imu_filter_madgwick_node-3] [INFO] [1770686778.108786557] [imu_filter]: Parameter RLController.pid_kd_lin set to 0.020000
[imu_filter_madgwick_node-3] [INFO] [1770686778.108898975] [imu_filter]: Parameter RLController.pid_kp_ang set to 1.234463
[imu_filter_madgwick_node-3] [INFO] [1770686778.108966081] [imu_filter]: Parameter RLController.pid_ki_ang set to 0.000000
[imu_filter_madgwick_node-3] [INFO] [1770686778.109028962] [imu_filter]: Parameter RLController.pid_kd_ang set to 0.097743
[imu_filter_madgwick_node-3] [INFO] [1770686778.528982126] [imu_filter]: Parameter RLController.pid_kp_lin set to 1.205316
[imu_filter_madgwick_node-3] [INFO] [1770686778.529301174] [imu_filter]: Parameter RLController.pid_ki_lin set to 0.000000
[imu_filter_madgwick_node-3] [INFO] [1770686778.529383736] [imu_filter]: Parameter RLController.pid_kd_lin set to 0.020000
[imu_filter_madgwick_node-3] [INFO] [1770686778.529448089] [imu_filter]: Parameter RLController.pid_kp_ang set to 1.234463
[imu_filter_madgwick_node-3] [INFO] [1770686778.529503931] [imu_filter]: Parameter RLController.pid_ki_ang set to 0.000000
[imu_filter_madgwick_node-3] [INFO] [1770686778.529558940] [imu_filter]: Parameter RLController.pid_kd_ang set to 0.097743
[imu_filter_madgwick_node-3] [INFO] [1770686778.943059536] [imu_filter]: Parameter RLController.pid_kp_lin set to 1.205316
[imu_filter_madgwick_node-3] [INFO] [1770686778.943280278] [imu_filter]: Parameter RLController.pid_ki_lin set to 0.000000
[imu_filter_madgwick_node-3] [INFO] [1770686778.943407929] [imu_filter]: Parameter RLController.pid_kd_lin set to 0.020000
[imu_filter_madgwick_node-3] [INFO] [1770686778.943487642] [imu_filter]: Parameter RLController.pid_kp_ang set to 1.234463
[imu_filter_madgwick_node-3] [INFO] [1770686778.943548124] [imu_filter]: Parameter RLController.pid_ki_ang set to 0.000000
[imu_filter_madgwick_node-3] [INFO] [1770686778.943748289] [imu_filter]: Parameter RLController.pid_kd_ang set to 0.097743
[imu_filter_madgwick_node-3] [INFO] [1770686779.378319012] [imu_filter]: Parameter RLController.pid_kp_lin set to 1.205316
[imu_filter_madgwick_node-3] [INFO] [1770686779.378522985] [imu_filter]: Parameter RLController.pid_ki_lin set to 0.000000
[imu_filter_madgwick_node-3] [INFO] [1770686779.378719469] [imu_filter]: Parameter RLController.pid_kd_lin set to 0.020000
[imu_filter_madgwick_node-3] [INFO] [1770686779.378798639] [imu_filter]: Parameter RLController.pid_kp_ang set to 1.234463
[imu_filter_madgwick_node-3] [INFO] [1770686779.378869009] [imu_filter]: Parameter RLController.pid_ki_ang set to 0.000000
[imu_filter_madgwick_node-3] [INFO] [1770686779.378931410] [imu_filter]: Parameter RLController.pid_kd_ang set to 0.097743
[imu_filter_madgwick_node-3] [INFO] [1770686779.798240431] [imu_filter]: Parameter RLController.pid_kp_lin set to 1.205316
[imu_filter_madgwick_node-3] [INFO] [1770686779.798440916] [imu_filter]: Parameter RLController.pid_ki_lin set to 0.000000
[imu_filter_madgwick_node-3] [INFO] [1770686779.798513558] [imu_filter]: Parameter RLController.pid_kd_lin set to 0.020000
[imu_filter_madgwick_node-3] [INFO] [1770686779.798578647] [imu_filter]: Parameter RLController.pid_kp_ang set to 1.234463
[imu_filter_madgwick_node-3] [INFO] [1770686779.798636121] [imu_filter]: Parameter RLController.pid_ki_ang set to 0.000000
[imu_filter_madgwick_node-3] [INFO] [1770686779.798696474] [imu_filter]: Parameter RLController.pid_kd_ang set to 0.097743
[imu_filter_madgwick_node-3] [INFO] [1770686780.218701383] [imu_filter]: Parameter RLController.pid_kp_lin set to 1.205316
[imu_filter_madgwick_node-3] [INFO] [1770686780.218909420] [imu_filter]: Parameter RLController.pid_ki_lin set to 0.000000
[imu_filter_madgwick_node-3] [INFO] [1770686780.218984270] [imu_filter]: Parameter RLController.pid_kd_lin set to 0.020000
[imu_filter_madgwick_node-3] [INFO] [1770686780.219051056] [imu_filter]: Parameter RLController.pid_kp_ang set to 1.234463
[imu_filter_madgwick_node-3] [INFO] [1770686780.219108977] [imu_filter]: Parameter RLController.pid_ki_ang set to 0.000000
[imu_filter_madgwick_node-3] [INFO] [1770686780.219167538] [imu_filter]: Parameter RLController.pid_kd_ang set to 0.097743
[imu_filter_madgwick_node-3] [INFO] [1770686780.638578770] [imu_filter]: Parameter RLController.pid_kp_lin set to 1.205316
[imu_filter_madgwick_node-3] [INFO] [1770686780.638770262] [imu_filter]: Parameter RLController.pid_ki_lin set to 0.000000
[imu_filter_madgwick_node-3] [INFO] [1770686780.638845208] [imu_filter]: Parameter RLController.pid_kd_lin set to 0.020000
[imu_filter_madgwick_node-3] [INFO] [1770686780.638910713] [imu_filter]: Parameter RLController.pid_kp_ang set to 1.234463
[imu_filter_madgwick_node-3] [INFO] [1770686780.638967995] [imu_filter]: Parameter RLController.pid_ki_ang set to 0.000000
[imu_filter_madgwick_node-3] [INFO] [1770686780.639026684] [imu_filter]: Parameter RLController.pid_kd_ang set to 0.097743
[imu_filter_madgwick_node-3] [INFO] [1770686781.071916696] [imu_filter]: Parameter RLController.pid_kp_lin set to 1.205316
[imu_filter_madgwick_node-3] [INFO] [1770686781.072142077] [imu_filter]: Parameter RLController.pid_ki_lin set to 0.000000
[imu_filter_madgwick_node-3] [INFO] [1770686781.072271776] [imu_filter]: Parameter RLController.pid_kd_lin set to 0.020000
[imu_filter_madgwick_node-3] [INFO] [1770686781.072349602] [imu_filter]: Parameter RLController.pid_kp_ang set to 1.234463
[imu_filter_madgwick_node-3] [INFO] [1770686781.072411332] [imu_filter]: Parameter RLController.pid_ki_ang set to 0.000000
[imu_filter_madgwick_node-3] [INFO] [1770686781.072472197] [imu_filter]: Parameter RLController.pid_kd_ang set to 0.097743
[imu_filter_madgwick_node-3] [INFO] [1770686781.488273968] [imu_filter]: Parameter RLController.pid_kp_lin set to 1.205316
[imu_filter_madgwick_node-3] [INFO] [1770686781.488616952] [imu_filter]: Parameter RLController.pid_ki_lin set to 0.000000
[imu_filter_madgwick_node-3] [INFO] [1770686781.488834077] [imu_filter]: Parameter RLController.pid_kd_lin set to 0.020000
[imu_filter_madgwick_node-3] [INFO] [1770686781.488911839] [imu_filter]: Parameter RLController.pid_kp_ang set to 1.234463
[imu_filter_madgwick_node-3] [INFO] [1770686781.488977056] [imu_filter]: Parameter RLController.pid_ki_ang set to 0.000000
[imu_filter_madgwick_node-3] [INFO] [1770686781.489040834] [imu_filter]: Parameter RLController.pid_kd_ang set to 0.097743
[imu_filter_madgwick_node-3] [INFO] [1770686781.912401310] [imu_filter]: Parameter RLController.pid_kp_lin set to 1.205316
[imu_filter_madgwick_node-3] [INFO] [1770686781.912755526] [imu_filter]: Parameter RLController.pid_ki_lin set to 0.000000
[imu_filter_madgwick_node-3] [INFO] [1770686781.912896073] [imu_filter]: Parameter RLController.pid_kd_lin set to 0.020000
[imu_filter_madgwick_node-3] [INFO] [1770686781.913007596] [imu_filter]: Parameter RLController.pid_kp_ang set to 1.234463
[imu_filter_madgwick_node-3] [INFO] [1770686781.913075406] [imu_filter]: Parameter RLController.pid_ki_ang set to 0.000000
[imu_filter_madgwick_node-3] [INFO] [1770686781.913146287] [imu_filter]: Parameter RLController.pid_kd_ang set to 0.097743
[imu_filter_madgwick_node-3] [INFO] [1770686782.317732786] [imu_filter]: Parameter RLController.pid_kp_lin set to 1.205316
[imu_filter_madgwick_node-3] [INFO] [1770686782.317948567] [imu_filter]: Parameter RLController.pid_ki_lin set to 0.000000
[imu_filter_madgwick_node-3] [INFO] [1770686782.318029177] [imu_filter]: Parameter RLController.pid_kd_lin set to 0.020000
[imu_filter_madgwick_node-3] [INFO] [1770686782.318099451] [imu_filter]: Parameter RLController.pid_kp_ang set to 1.234463
[imu_filter_madgwick_node-3] [INFO] [1770686782.318161532] [imu_filter]: Parameter RLController.pid_ki_ang set to 0.000000
[imu_filter_madgwick_node-3] [INFO] [1770686782.318220702] [imu_filter]: Parameter RLController.pid_kd_ang set to 0.097743
[imu_filter_madgwick_node-3] [INFO] [1770686782.730287312] [imu_filter]: Parameter RLController.pid_kp_lin set to 1.205316
[imu_filter_madgwick_node-3] [INFO] [1770686782.730760731] [imu_filter]: Parameter RLController.pid_ki_lin set to 0.000000
[imu_filter_madgwick_node-3] [INFO] [1770686782.731041602] [imu_filter]: Parameter RLController.pid_kd_lin set to 0.020000
[imu_filter_madgwick_node-3] [INFO] [1770686782.731166597] [imu_filter]: Parameter RLController.pid_kp_ang set to 1.234463
[imu_filter_madgwick_node-3] [INFO] [1770686782.731328489] [imu_filter]: Parameter RLController.pid_ki_ang set to 0.000000
[imu_filter_madgwick_node-3] [INFO] [1770686782.731396458] [imu_filter]: Parameter RLController.pid_kd_ang set to 0.097743
[imu_filter_madgwick_node-3] [INFO] [1770686783.155116207] [imu_filter]: Parameter RLController.pid_kp_lin set to 1.205316
[imu_filter_madgwick_node-3] [INFO] [1770686783.155329076] [imu_filter]: Parameter RLController.pid_ki_lin set to 0.000000
[imu_filter_madgwick_node-3] [INFO] [1770686783.155408214] [imu_filter]: Parameter RLController.pid_kd_lin set to 0.020000
[imu_filter_madgwick_node-3] [INFO] [1770686783.155471959] [imu_filter]: Parameter RLController.pid_kp_ang set to 1.234463
[imu_filter_madgwick_node-3] [INFO] [1770686783.155528601] [imu_filter]: Parameter RLController.pid_ki_ang set to 0.000000
[imu_filter_madgwick_node-3] [INFO] [1770686783.155586906] [imu_filter]: Parameter RLController.pid_kd_ang set to 0.097743
[imu_filter_madgwick_node-3] [INFO] [1770686783.572416445] [imu_filter]: Parameter RLController.pid_kp_lin set to 1.205316
[imu_filter_madgwick_node-3] [INFO] [1770686783.572608417] [imu_filter]: Parameter RLController.pid_ki_lin set to 0.000000
[imu_filter_madgwick_node-3] [INFO] [1770686783.572680003] [imu_filter]: Parameter RLController.pid_kd_lin set to 0.020000
[imu_filter_madgwick_node-3] [INFO] [1770686783.573919552] [imu_filter]: Parameter RLController.pid_kp_ang set to 1.234463
[imu_filter_madgwick_node-3] [INFO] [1770686783.574077380] [imu_filter]: Parameter RLController.pid_ki_ang set to 0.000000
[imu_filter_madgwick_node-3] [INFO] [1770686783.574286408] [imu_filter]: Parameter RLController.pid_kd_ang set to 0.097743
[imu_filter_madgwick_node-3] [INFO] [1770686783.989994513] [imu_filter]: Parameter RLController.pid_kp_lin set to 1.205316
[imu_filter_madgwick_node-3] [INFO] [1770686783.990323416] [imu_filter]: Parameter RLController.pid_ki_lin set to 0.000000
[imu_filter_madgwick_node-3] [INFO] [1770686783.990407098] [imu_filter]: Parameter RLController.pid_kd_lin set to 0.020000
[imu_filter_madgwick_node-3] [INFO] [1770686783.990476764] [imu_filter]: Parameter RLController.pid_kp_ang set to 1.234463
[imu_filter_madgwick_node-3] [INFO] [1770686783.990538078] [imu_filter]: Parameter RLController.pid_ki_ang set to 0.000000
[imu_filter_madgwick_node-3] [INFO] [1770686783.990594559] [imu_filter]: Parameter RLController.pid_kd_ang set to 0.097743
[imu_filter_madgwick_node-3] [INFO] [1770686784.397429687] [imu_filter]: Parameter RLController.pid_kp_lin set to 1.205316
[imu_filter_madgwick_node-3] [INFO] [1770686784.397670524] [imu_filter]: Parameter RLController.pid_ki_lin set to 0.000000
[imu_filter_madgwick_node-3] [INFO] [1770686784.397774143] [imu_filter]: Parameter RLController.pid_kd_lin set to 0.020000
[imu_filter_madgwick_node-3] [INFO] [1770686784.397968483] [imu_filter]: Parameter RLController.pid_kp_ang set to 1.234463
[imu_filter_madgwick_node-3] [INFO] [1770686784.398037125] [imu_filter]: Parameter RLController.pid_ki_ang set to 0.000000
[imu_filter_madgwick_node-3] [INFO] [1770686784.398099366] [imu_filter]: Parameter RLController.pid_kd_ang set to 0.097743
[imu_filter_madgwick_node-3] [INFO] [1770686784.814099605] [imu_filter]: Parameter RLController.pid_kp_lin set to 1.205316
[imu_filter_madgwick_node-3] [INFO] [1770686784.816106085] [imu_filter]: Parameter RLController.pid_ki_lin set to 0.000000
[imu_filter_madgwick_node-3] [INFO] [1770686784.816317834] [imu_filter]: Parameter RLController.pid_kd_lin set to 0.020000
[imu_filter_madgwick_node-3] [INFO] [1770686784.816392491] [imu_filter]: Parameter RLController.pid_kp_ang set to 1.234463
[imu_filter_madgwick_node-3] [INFO] [1770686784.821273598] [imu_filter]: Parameter RLController.pid_ki_ang set to 0.000000
[imu_filter_madgwick_node-3] [INFO] [1770686784.821491651] [imu_filter]: Parameter RLController.pid_kd_ang set to 0.097743
[imu_filter_madgwick_node-3] [INFO] [1770686785.234921558] [imu_filter]: Parameter RLController.pid_kp_lin set to 1.205316
[imu_filter_madgwick_node-3] [INFO] [1770686785.235289727] [imu_filter]: Parameter RLController.pid_ki_lin set to 0.000000
[imu_filter_madgwick_node-3] [INFO] [1770686785.235388097] [imu_filter]: Parameter RLController.pid_kd_lin set to 0.020000
[imu_filter_madgwick_node-3] [INFO] [1770686785.235458530] [imu_filter]: Parameter RLController.pid_kp_ang set to 1.234463
[imu_filter_madgwick_node-3] [INFO] [1770686785.238000670] [imu_filter]: Parameter RLController.pid_ki_ang set to 0.000000
[imu_filter_madgwick_node-3] [INFO] [1770686785.238208899] [imu_filter]: Parameter RLController.pid_kd_ang set to 0.097743
[imu_filter_madgwick_node-3] [INFO] [1770686785.642981898] [imu_filter]: Parameter RLController.pid_kp_lin set to 1.205316
[imu_filter_madgwick_node-3] [INFO] [1770686785.643187695] [imu_filter]: Parameter RLController.pid_ki_lin set to 0.000000
[imu_filter_madgwick_node-3] [INFO] [1770686785.643266993] [imu_filter]: Parameter RLController.pid_kd_lin set to 0.020000
[imu_filter_madgwick_node-3] [INFO] [1770686785.643333011] [imu_filter]: Parameter RLController.pid_kp_ang set to 1.234463
[imu_filter_madgwick_node-3] [INFO] [1770686785.643394132] [imu_filter]: Parameter RLController.pid_ki_ang set to 0.000000
[imu_filter_madgwick_node-3] [INFO] [1770686785.651963005] [imu_filter]: Parameter RLController.pid_kd_ang set to 0.097743
[imu_filter_madgwick_node-3] [INFO] [1770686786.055289251] [imu_filter]: Parameter RLController.pid_kp_lin set to 1.205316
[imu_filter_madgwick_node-3] [INFO] [1770686786.055492840] [imu_filter]: Parameter RLController.pid_ki_lin set to 0.000000
[imu_filter_madgwick_node-3] [INFO] [1770686786.055574121] [imu_filter]: Parameter RLController.pid_kd_lin set to 0.020000
[imu_filter_madgwick_node-3] [INFO] [1770686786.055642379] [imu_filter]: Parameter RLController.pid_kp_ang set to 1.234463
[imu_filter_madgwick_node-3] [INFO] [1770686786.055990643] [imu_filter]: Parameter RLController.pid_ki_ang set to 0.000000
[imu_filter_madgwick_node-3] [INFO] [1770686786.056075445] [imu_filter]: Parameter RLController.pid_kd_ang set to 0.097743
[imu_filter_madgwick_node-3] [INFO] [1770686786.482559579] [imu_filter]: Parameter RLController.pid_kp_lin set to 1.205316
[imu_filter_madgwick_node-3] [INFO] [1770686786.482753183] [imu_filter]: Parameter RLController.pid_ki_lin set to 0.000000
[imu_filter_madgwick_node-3] [INFO] [1770686786.482825921] [imu_filter]: Parameter RLController.pid_kd_lin set to 0.020000
[imu_filter_madgwick_node-3] [INFO] [1770686786.482890723] [imu_filter]: Parameter RLController.pid_kp_ang set to 1.234463
[imu_filter_madgwick_node-3] [INFO] [1770686786.482946660] [imu_filter]: Parameter RLController.pid_ki_ang set to 0.000000
[imu_filter_madgwick_node-3] [INFO] [1770686786.483006757] [imu_filter]: Parameter RLController.pid_kd_ang set to 0.097743
[imu_filter_madgwick_node-3] [INFO] [1770686786.909737617] [imu_filter]: Parameter RLController.pid_kp_lin set to 1.205316
[imu_filter_madgwick_node-3] [INFO] [1770686786.910082777] [imu_filter]: Parameter RLController.pid_ki_lin set to 0.000000
[imu_filter_madgwick_node-3] [INFO] [1770686786.910218684] [imu_filter]: Parameter RLController.pid_kd_lin set to 0.020000
[imu_filter_madgwick_node-3] [INFO] [1770686786.910293950] [imu_filter]: Parameter RLController.pid_kp_ang set to 1.234463
[imu_filter_madgwick_node-3] [INFO] [1770686786.910355359] [imu_filter]: Parameter RLController.pid_ki_ang set to 0.000000
[imu_filter_madgwick_node-3] [INFO] [1770686786.910417313] [imu_filter]: Parameter RLController.pid_kd_ang set to 0.097743
[imu_filter_madgwick_node-3] [INFO] [1770686787.329956259] [imu_filter]: Parameter RLController.pid_kp_lin set to 1.205316
[imu_filter_madgwick_node-3] [INFO] [1770686787.351503677] [imu_filter]: Parameter RLController.pid_ki_lin set to 0.000000
[imu_filter_madgwick_node-3] [INFO] [1770686787.351709314] [imu_filter]: Parameter RLController.pid_kd_lin set to 0.020000
[imu_filter_madgwick_node-3] [INFO] [1770686787.351783716] [imu_filter]: Parameter RLController.pid_kp_ang set to 1.234463
[imu_filter_madgwick_node-3] [INFO] [1770686787.351847205] [imu_filter]: Parameter RLController.pid_ki_ang set to 0.000000
[imu_filter_madgwick_node-3] [INFO] [1770686787.352115947] [imu_filter]: Parameter RLController.pid_kd_ang set to 0.097743
[imu_filter_madgwick_node-3] [INFO] [1770686787.747789661] [imu_filter]: Parameter RLController.pid_kp_lin set to 1.205316
[imu_filter_madgwick_node-3] [INFO] [1770686787.747979649] [imu_filter]: Parameter RLController.pid_ki_lin set to 0.000000
[imu_filter_madgwick_node-3] [INFO] [1770686787.748055043] [imu_filter]: Parameter RLController.pid_kd_lin set to 0.020000
[imu_filter_madgwick_node-3] [INFO] [1770686787.748127205] [imu_filter]: Parameter RLController.pid_kp_ang set to 1.234463
[imu_filter_madgwick_node-3] [INFO] [1770686787.748236455] [imu_filter]: Parameter RLController.pid_ki_ang set to 0.000000
[imu_filter_madgwick_node-3] [INFO] [1770686787.748320745] [imu_filter]: Parameter RLController.pid_kd_ang set to 0.097743
[imu_filter_madgwick_node-3] [INFO] [1770686788.163129373] [imu_filter]: Parameter RLController.pid_kp_lin set to 1.205316
[imu_filter_madgwick_node-3] [INFO] [1770686788.163347106] [imu_filter]: Parameter RLController.pid_ki_lin set to 0.000000
[imu_filter_madgwick_node-3] [INFO] [1770686788.163417283] [imu_filter]: Parameter RLController.pid_kd_lin set to 0.020000
[imu_filter_madgwick_node-3] [INFO] [1770686788.163483269] [imu_filter]: Parameter RLController.pid_kp_ang set to 1.234463
[imu_filter_madgwick_node-3] [INFO] [1770686788.163543846] [imu_filter]: Parameter RLController.pid_ki_ang set to 0.000000
[imu_filter_madgwick_node-3] [INFO] [1770686788.163600072] [imu_filter]: Parameter RLController.pid_kd_ang set to 0.097743
[imu_filter_madgwick_node-3] [INFO] [1770686788.577179518] [imu_filter]: Parameter RLController.pid_kp_lin set to 1.205316
[imu_filter_madgwick_node-3] [INFO] [1770686788.577377635] [imu_filter]: Parameter RLController.pid_ki_lin set to 0.000000
[imu_filter_madgwick_node-3] [INFO] [1770686788.577451972] [imu_filter]: Parameter RLController.pid_kd_lin set to 0.020000
[imu_filter_madgwick_node-3] [INFO] [1770686788.577516774] [imu_filter]: Parameter RLController.pid_kp_ang set to 1.234463
[imu_filter_madgwick_node-3] [INFO] [1770686788.577575911] [imu_filter]: Parameter RLController.pid_ki_ang set to 0.000000
[imu_filter_madgwick_node-3] [INFO] [1770686788.577633097] [imu_filter]: Parameter RLController.pid_kd_ang set to 0.097743
[imu_filter_madgwick_node-3] [INFO] [1770686788.996242453] [imu_filter]: Parameter RLController.pid_kp_lin set to 1.205316
[imu_filter_madgwick_node-3] [INFO] [1770686788.996811394] [imu_filter]: Parameter RLController.pid_ki_lin set to 0.000000
[imu_filter_madgwick_node-3] [INFO] [1770686788.996947910] [imu_filter]: Parameter RLController.pid_kd_lin set to 0.020000
[imu_filter_madgwick_node-3] [INFO] [1770686788.997029287] [imu_filter]: Parameter RLController.pid_kp_ang set to 1.234463
[imu_filter_madgwick_node-3] [INFO] [1770686788.997098249] [imu_filter]: Parameter RLController.pid_ki_ang set to 0.000000
[imu_filter_madgwick_node-3] [INFO] [1770686789.001180873] [imu_filter]: Parameter RLController.pid_kd_ang set to 0.097743
[imu_filter_madgwick_node-3] [INFO] [1770686789.423736978] [imu_filter]: Parameter RLController.pid_kp_lin set to 1.205316
[imu_filter_madgwick_node-3] [INFO] [1770686789.424014841] [imu_filter]: Parameter RLController.pid_ki_lin set to 0.000000
[imu_filter_madgwick_node-3] [INFO] [1770686789.424098843] [imu_filter]: Parameter RLController.pid_kd_lin set to 0.020000
[imu_filter_madgwick_node-3] [INFO] [1770686789.424162396] [imu_filter]: Parameter RLController.pid_kp_ang set to 1.234463
[imu_filter_madgwick_node-3] [INFO] [1770686789.424253950] [imu_filter]: Parameter RLController.pid_ki_ang set to 0.000000
[imu_filter_madgwick_node-3] [INFO] [1770686789.424318368] [imu_filter]: Parameter RLController.pid_kd_ang set to 0.097743
[imu_filter_madgwick_node-3] [INFO] [1770686789.843453945] [imu_filter]: Parameter RLController.pid_kp_lin set to 1.205316
[imu_filter_madgwick_node-3] [INFO] [1770686789.843683774] [imu_filter]: Parameter RLController.pid_ki_lin set to 0.000000
[imu_filter_madgwick_node-3] [INFO] [1770686789.843761696] [imu_filter]: Parameter RLController.pid_kd_lin set to 0.020000
[imu_filter_madgwick_node-3] [INFO] [1770686789.843825537] [imu_filter]: Parameter RLController.pid_kp_ang set to 1.234463
[imu_filter_madgwick_node-3] [INFO] [1770686789.843885859] [imu_filter]: Parameter RLController.pid_ki_ang set to 0.000000
[imu_filter_madgwick_node-3] [INFO] [1770686789.843942628] [imu_filter]: Parameter RLController.pid_kd_ang set to 0.097743
[imu_filter_madgwick_node-3] [INFO] [1770686790.263400261] [imu_filter]: Parameter RLController.pid_kp_lin set to 1.205316
[imu_filter_madgwick_node-3] [INFO] [1770686790.263623114] [imu_filter]: Parameter RLController.pid_ki_lin set to 0.000000
[imu_filter_madgwick_node-3] [INFO] [1770686790.263703500] [imu_filter]: Parameter RLController.pid_kd_lin set to 0.020000
[imu_filter_madgwick_node-3] [INFO] [1770686790.263772973] [imu_filter]: Parameter RLController.pid_kp_ang set to 1.234463
[imu_filter_madgwick_node-3] [INFO] [1770686790.263834575] [imu_filter]: Parameter RLController.pid_ki_ang set to 0.000000
[imu_filter_madgwick_node-3] [INFO] [1770686790.263892624] [imu_filter]: Parameter RLController.pid_kd_ang set to 0.097743
[imu_filter_madgwick_node-3] [INFO] [1770686790.692295843] [imu_filter]: Parameter RLController.pid_kp_lin set to 1.205316
[imu_filter_madgwick_node-3] [INFO] [1770686790.692491911] [imu_filter]: Parameter RLController.pid_ki_lin set to 0.000000
[imu_filter_madgwick_node-3] [INFO] [1770686790.692568137] [imu_filter]: Parameter RLController.pid_kd_lin set to 0.020000
[imu_filter_madgwick_node-3] [INFO] [1770686790.692632011] [imu_filter]: Parameter RLController.pid_kp_ang set to 1.234463
[imu_filter_madgwick_node-3] [INFO] [1770686790.692688460] [imu_filter]: Parameter RLController.pid_ki_ang set to 0.000000
[imu_filter_madgwick_node-3] [INFO] [1770686790.692746445] [imu_filter]: Parameter RLController.pid_kd_ang set to 0.097743
[imu_filter_madgwick_node-3] [INFO] [1770686791.098262790] [imu_filter]: Parameter RLController.pid_kp_lin set to 1.205316
[imu_filter_madgwick_node-3] [INFO] [1770686791.098479307] [imu_filter]: Parameter RLController.pid_ki_lin set to 0.000000
[imu_filter_madgwick_node-3] [INFO] [1770686791.098551949] [imu_filter]: Parameter RLController.pid_kd_lin set to 0.020000
[imu_filter_madgwick_node-3] [INFO] [1770686791.098614798] [imu_filter]: Parameter RLController.pid_kp_ang set to 1.234463
[imu_filter_madgwick_node-3] [INFO] [1770686791.098674640] [imu_filter]: Parameter RLController.pid_ki_ang set to 0.000000
[imu_filter_madgwick_node-3] [INFO] [1770686791.098738705] [imu_filter]: Parameter RLController.pid_kd_ang set to 0.097743
[imu_filter_madgwick_node-3] [INFO] [1770686791.509918063] [imu_filter]: Parameter RLController.pid_kp_lin set to 1.205316
[imu_filter_madgwick_node-3] [INFO] [1770686791.510106163] [imu_filter]: Parameter RLController.pid_ki_lin set to 0.000000
[imu_filter_madgwick_node-3] [INFO] [1770686791.510187381] [imu_filter]: Parameter RLController.pid_kd_lin set to 0.020000
[imu_filter_madgwick_node-3] [INFO] [1770686791.510253815] [imu_filter]: Parameter RLController.pid_kp_ang set to 1.234463
[imu_filter_madgwick_node-3] [INFO] [1770686791.510310648] [imu_filter]: Parameter RLController.pid_ki_ang set to 0.000000
[imu_filter_madgwick_node-3] [INFO] [1770686791.510365562] [imu_filter]: Parameter RLController.pid_kd_ang set to 0.097743
[imu_filter_madgwick_node-3] [INFO] [1770686791.925779515] [imu_filter]: Parameter RLController.pid_kp_lin set to 1.205316
[imu_filter_madgwick_node-3] [INFO] [1770686791.925977280] [imu_filter]: Parameter RLController.pid_ki_lin set to 0.000000
[imu_filter_madgwick_node-3] [INFO] [1770686791.926050369] [imu_filter]: Parameter RLController.pid_kd_lin set to 0.020000
[imu_filter_madgwick_node-3] [INFO] [1770686791.926116451] [imu_filter]: Parameter RLController.pid_kp_ang set to 1.234463
[imu_filter_madgwick_node-3] [INFO] [1770686791.926179172] [imu_filter]: Parameter RLController.pid_ki_ang set to 0.000000
[imu_filter_madgwick_node-3] [INFO] [1770686791.926239590] [imu_filter]: Parameter RLController.pid_kd_ang set to 0.097743
[imu_filter_madgwick_node-3] [INFO] [1770686792.342881156] [imu_filter]: Parameter RLController.pid_kp_lin set to 1.205316
[imu_filter_madgwick_node-3] [INFO] [1770686792.346142385] [imu_filter]: Parameter RLController.pid_ki_lin set to 0.000000
[imu_filter_madgwick_node-3] [INFO] [1770686792.346341685] [imu_filter]: Parameter RLController.pid_kd_lin set to 0.020000
[imu_filter_madgwick_node-3] [INFO] [1770686792.346422103] [imu_filter]: Parameter RLController.pid_kp_ang set to 1.234463
[imu_filter_madgwick_node-3] [INFO] [1770686792.346487737] [imu_filter]: Parameter RLController.pid_ki_ang set to 0.000000
[imu_filter_madgwick_node-3] [INFO] [1770686792.346550330] [imu_filter]: Parameter RLController.pid_kd_ang set to 0.097743
[imu_filter_madgwick_node-3] [INFO] [1770686792.761709366] [imu_filter]: Parameter RLController.pid_kp_lin set to 1.205316
[imu_filter_madgwick_node-3] [INFO] [1770686792.761887514] [imu_filter]: Parameter RLController.pid_ki_lin set to 0.000000
[imu_filter_madgwick_node-3] [INFO] [1770686792.761957275] [imu_filter]: Parameter RLController.pid_kd_lin set to 0.020000
[imu_filter_madgwick_node-3] [INFO] [1770686792.762023837] [imu_filter]: Parameter RLController.pid_kp_ang set to 1.234463
[imu_filter_madgwick_node-3] [INFO] [1770686792.762086846] [imu_filter]: Parameter RLController.pid_ki_ang set to 0.000000
[imu_filter_madgwick_node-3] [INFO] [1770686792.762147808] [imu_filter]: Parameter RLController.pid_kd_ang set to 0.097743
[imu_filter_madgwick_node-3] [INFO] [1770686793.195246689] [imu_filter]: Parameter RLController.pid_kp_lin set to 1.205316
[imu_filter_madgwick_node-3] [INFO] [1770686793.198467052] [imu_filter]: Parameter RLController.pid_ki_lin set to 0.000000
[imu_filter_madgwick_node-3] [INFO] [1770686793.198661233] [imu_filter]: Parameter RLController.pid_kd_lin set to 0.020000
[imu_filter_madgwick_node-3] [INFO] [1770686793.198735603] [imu_filter]: Parameter RLController.pid_kp_ang set to 1.234463
[imu_filter_madgwick_node-3] [INFO] [1770686793.198797268] [imu_filter]: Parameter RLController.pid_ki_ang set to 0.000000
[imu_filter_madgwick_node-3] [INFO] [1770686793.198857078] [imu_filter]: Parameter RLController.pid_kd_ang set to 0.097743
[imu_filter_madgwick_node-3] [INFO] [1770686793.622974851] [imu_filter]: Parameter RLController.pid_kp_lin set to 1.205316
[imu_filter_madgwick_node-3] [INFO] [1770686793.623170152] [imu_filter]: Parameter RLController.pid_ki_lin set to 0.000000
[imu_filter_madgwick_node-3] [INFO] [1770686793.623364653] [imu_filter]: Parameter RLController.pid_kd_lin set to 0.020000
[imu_filter_madgwick_node-3] [INFO] [1770686793.623435950] [imu_filter]: Parameter RLController.pid_kp_ang set to 1.234463
[imu_filter_madgwick_node-3] [INFO] [1770686793.623514000] [imu_filter]: Parameter RLController.pid_ki_ang set to 0.000000
[imu_filter_madgwick_node-3] [INFO] [1770686793.623575442] [imu_filter]: Parameter RLController.pid_kd_ang set to 0.097743
[imu_filter_madgwick_node-3] [INFO] [1770686794.039909769] [imu_filter]: Parameter RLController.pid_kp_lin set to 1.205316
[imu_filter_madgwick_node-3] [INFO] [1770686794.040304402] [imu_filter]: Parameter RLController.pid_ki_lin set to 0.000000
[imu_filter_madgwick_node-3] [INFO] [1770686794.040391892] [imu_filter]: Parameter RLController.pid_kd_lin set to 0.020000
[imu_filter_madgwick_node-3] [INFO] [1770686794.040459285] [imu_filter]: Parameter RLController.pid_kp_ang set to 1.234463
[imu_filter_madgwick_node-3] [INFO] [1770686794.040522967] [imu_filter]: Parameter RLController.pid_ki_ang set to 0.000000
[imu_filter_madgwick_node-3] [INFO] [1770686794.040583320] [imu_filter]: Parameter RLController.pid_kd_ang set to 0.097743
[imu_filter_madgwick_node-3] [INFO] [1770686794.459096515] [imu_filter]: Parameter RLController.pid_kp_lin set to 1.205316
[imu_filter_madgwick_node-3] [INFO] [1770686794.459312520] [imu_filter]: Parameter RLController.pid_ki_lin set to 0.000000
[imu_filter_madgwick_node-3] [INFO] [1770686794.459394346] [imu_filter]: Parameter RLController.pid_kd_lin set to 0.020000
[imu_filter_madgwick_node-3] [INFO] [1770686794.459460907] [imu_filter]: Parameter RLController.pid_kp_ang set to 1.234463
[imu_filter_madgwick_node-3] [INFO] [1770686794.459518764] [imu_filter]: Parameter RLController.pid_ki_ang set to 0.000000
[imu_filter_madgwick_node-3] [INFO] [1770686794.459575214] [imu_filter]: Parameter RLController.pid_kd_ang set to 0.097743
[imu_filter_madgwick_node-3] [INFO] [1770686794.869008259] [imu_filter]: Parameter RLController.pid_kp_lin set to 1.205316
[imu_filter_madgwick_node-3] [INFO] [1770686794.869224808] [imu_filter]: Parameter RLController.pid_ki_lin set to 0.000000
[imu_filter_madgwick_node-3] [INFO] [1770686794.869302890] [imu_filter]: Parameter RLController.pid_kd_lin set to 0.020000
[imu_filter_madgwick_node-3] [INFO] [1770686794.869368715] [imu_filter]: Parameter RLController.pid_kp_ang set to 1.234463
[imu_filter_madgwick_node-3] [INFO] [1770686794.869432141] [imu_filter]: Parameter RLController.pid_ki_ang set to 0.000000
[imu_filter_madgwick_node-3] [INFO] [1770686794.869497358] [imu_filter]: Parameter RLController.pid_kd_ang set to 0.097743
[imu_filter_madgwick_node-3] [INFO] [1770686795.300499006] [imu_filter]: Parameter RLController.pid_kp_lin set to 1.205316
[imu_filter_madgwick_node-3] [INFO] [1770686795.303698505] [imu_filter]: Parameter RLController.pid_ki_lin set to 0.000000
[imu_filter_madgwick_node-3] [INFO] [1770686795.303893742] [imu_filter]: Parameter RLController.pid_kd_lin set to 0.020000
[imu_filter_madgwick_node-3] [INFO] [1770686795.303970767] [imu_filter]: Parameter RLController.pid_kp_ang set to 1.234463
[imu_filter_madgwick_node-3] [INFO] [1770686795.304032561] [imu_filter]: Parameter RLController.pid_ki_ang set to 0.000000
[imu_filter_madgwick_node-3] [INFO] [1770686795.304089554] [imu_filter]: Parameter RLController.pid_kd_ang set to 0.097743
[imu_filter_madgwick_node-3] [INFO] [1770686795.722355318] [imu_filter]: Parameter RLController.pid_kp_lin set to 1.205316
[imu_filter_madgwick_node-3] [INFO] [1770686795.723942236] [imu_filter]: Parameter RLController.pid_ki_lin set to 0.000000
[imu_filter_madgwick_node-3] [INFO] [1770686795.724103232] [imu_filter]: Parameter RLController.pid_kd_lin set to 0.020000
[imu_filter_madgwick_node-3] [INFO] [1770686795.724229475] [imu_filter]: Parameter RLController.pid_kp_ang set to 1.234463
[imu_filter_madgwick_node-3] [INFO] [1770686795.724318693] [imu_filter]: Parameter RLController.pid_ki_ang set to 0.000000
[imu_filter_madgwick_node-3] [INFO] [1770686795.724385382] [imu_filter]: Parameter RLController.pid_kd_ang set to 0.097743
[imu_filter_madgwick_node-3] [INFO] [1770686796.142012572] [imu_filter]: Parameter RLController.pid_kp_lin set to 1.205316
[imu_filter_madgwick_node-3] [INFO] [1770686796.142395877] [imu_filter]: Parameter RLController.pid_ki_lin set to 0.000000
[imu_filter_madgwick_node-3] [INFO] [1770686796.142484167] [imu_filter]: Parameter RLController.pid_kd_lin set to 0.020000
[imu_filter_madgwick_node-3] [INFO] [1770686796.142556904] [imu_filter]: Parameter RLController.pid_kp_ang set to 1.234463
[imu_filter_madgwick_node-3] [INFO] [1770686796.142618026] [imu_filter]: Parameter RLController.pid_ki_ang set to 0.000000
[imu_filter_madgwick_node-3] [INFO] [1770686796.142678859] [imu_filter]: Parameter RLController.pid_kd_ang set to 0.097743
[imu_filter_madgwick_node-3] [INFO] [1770686796.559947352] [imu_filter]: Parameter RLController.pid_kp_lin set to 1.205316
[imu_filter_madgwick_node-3] [INFO] [1770686796.560137245] [imu_filter]: Parameter RLController.pid_ki_lin set to 0.000000
[imu_filter_madgwick_node-3] [INFO] [1770686796.560249183] [imu_filter]: Parameter RLController.pid_kd_lin set to 0.020000
[imu_filter_madgwick_node-3] [INFO] [1770686796.560446756] [imu_filter]: Parameter RLController.pid_kp_ang set to 1.234463
[imu_filter_madgwick_node-3] [INFO] [1770686796.560792908] [imu_filter]: Parameter RLController.pid_ki_ang set to 0.000000
[imu_filter_madgwick_node-3] [INFO] [1770686796.560908303] [imu_filter]: Parameter RLController.pid_kd_ang set to 0.097743
[imu_filter_madgwick_node-3] [INFO] [1770686796.991757499] [imu_filter]: Parameter RLController.pid_kp_lin set to 1.205316
[imu_filter_madgwick_node-3] [INFO] [1770686796.991971296] [imu_filter]: Parameter RLController.pid_ki_lin set to 0.000000
[imu_filter_madgwick_node-3] [INFO] [1770686796.992059042] [imu_filter]: Parameter RLController.pid_kd_lin set to 0.020000
[imu_filter_madgwick_node-3] [INFO] [1770686796.992128227] [imu_filter]: Parameter RLController.pid_kp_ang set to 1.234463
[imu_filter_madgwick_node-3] [INFO] [1770686796.992213253] [imu_filter]: Parameter RLController.pid_ki_ang set to 0.000000
[imu_filter_madgwick_node-3] [INFO] [1770686796.992278503] [imu_filter]: Parameter RLController.pid_kd_ang set to 0.097743
[imu_filter_madgwick_node-3] [INFO] [1770686797.400375996] [imu_filter]: Parameter RLController.pid_kp_lin set to 1.205316
[imu_filter_madgwick_node-3] [INFO] [1770686797.400692260] [imu_filter]: Parameter RLController.pid_ki_lin set to 0.000000
[imu_filter_madgwick_node-3] [INFO] [1770686797.400776902] [imu_filter]: Parameter RLController.pid_kd_lin set to 0.020000
[imu_filter_madgwick_node-3] [INFO] [1770686797.400842407] [imu_filter]: Parameter RLController.pid_kp_ang set to 1.234463
[imu_filter_madgwick_node-3] [INFO] [1770686797.400903401] [imu_filter]: Parameter RLController.pid_ki_ang set to 0.000000
[imu_filter_madgwick_node-3] [INFO] [1770686797.400961866] [imu_filter]: Parameter RLController.pid_kd_ang set to 0.097743
[imu_filter_madgwick_node-3] [INFO] [1770686797.827139848] [imu_filter]: Parameter RLController.pid_kp_lin set to 1.205316
[imu_filter_madgwick_node-3] [INFO] [1770686797.829341244] [imu_filter]: Parameter RLController.pid_ki_lin set to 0.000000
[imu_filter_madgwick_node-3] [INFO] [1770686797.829536289] [imu_filter]: Parameter RLController.pid_kd_lin set to 0.020000
[imu_filter_madgwick_node-3] [INFO] [1770686797.829608066] [imu_filter]: Parameter RLController.pid_kp_ang set to 1.234463
[imu_filter_madgwick_node-3] [INFO] [1770686797.829669444] [imu_filter]: Parameter RLController.pid_ki_ang set to 0.000000
[imu_filter_madgwick_node-3] [INFO] [1770686797.829737317] [imu_filter]: Parameter RLController.pid_kd_ang set to 0.097743
[imu_filter_madgwick_node-3] [INFO] [1770686798.253656239] [imu_filter]: Parameter RLController.pid_kp_lin set to 1.205316
[imu_filter_madgwick_node-3] [INFO] [1770686798.253884020] [imu_filter]: Parameter RLController.pid_ki_lin set to 0.000000
[imu_filter_madgwick_node-3] [INFO] [1770686798.253969398] [imu_filter]: Parameter RLController.pid_kd_lin set to 0.020000
[imu_filter_madgwick_node-3] [INFO] [1770686798.254043576] [imu_filter]: Parameter RLController.pid_kp_ang set to 1.234463
[imu_filter_madgwick_node-3] [INFO] [1770686798.254107929] [imu_filter]: Parameter RLController.pid_ki_ang set to 0.000000
[imu_filter_madgwick_node-3] [INFO] [1770686798.254183643] [imu_filter]: Parameter RLController.pid_kd_ang set to 0.097743
[imu_filter_madgwick_node-3] [INFO] [1770686798.672573570] [imu_filter]: Parameter RLController.pid_kp_lin set to 1.205316
[imu_filter_madgwick_node-3] [INFO] [1770686798.672783079] [imu_filter]: Parameter RLController.pid_ki_lin set to 0.000000
[imu_filter_madgwick_node-3] [INFO] [1770686798.672881162] [imu_filter]: Parameter RLController.pid_kd_lin set to 0.020000
[imu_filter_madgwick_node-3] [INFO] [1770686798.672969004] [imu_filter]: Parameter RLController.pid_kp_ang set to 1.234463
[imu_filter_madgwick_node-3] [INFO] [1770686798.673041549] [imu_filter]: Parameter RLController.pid_ki_ang set to 0.000000
[imu_filter_madgwick_node-3] [INFO] [1770686798.673112047] [imu_filter]: Parameter RLController.pid_kd_ang set to 0.097743
[imu_filter_madgwick_node-3] [INFO] [1770686799.104051645] [imu_filter]: Parameter RLController.pid_kp_lin set to 1.205316
[imu_filter_madgwick_node-3] [INFO] [1770686799.104464199] [imu_filter]: Parameter RLController.pid_ki_lin set to 0.000000
[imu_filter_madgwick_node-3] [INFO] [1770686799.104591530] [imu_filter]: Parameter RLController.pid_kd_lin set to 0.020000
[imu_filter_madgwick_node-3] [INFO] [1770686799.104667532] [imu_filter]: Parameter RLController.pid_kp_ang set to 1.234463
[imu_filter_madgwick_node-3] [INFO] [1770686799.104732813] [imu_filter]: Parameter RLController.pid_ki_ang set to 0.000000
[imu_filter_madgwick_node-3] [INFO] [1770686799.104795567] [imu_filter]: Parameter RLController.pid_kd_ang set to 0.097743
[imu_filter_madgwick_node-3] [INFO] [1770686799.515759047] [imu_filter]: Parameter RLController.pid_kp_lin set to 1.205316
[imu_filter_madgwick_node-3] [INFO] [1770686799.515978125] [imu_filter]: Parameter RLController.pid_ki_lin set to 0.000000
[imu_filter_madgwick_node-3] [INFO] [1770686799.516057262] [imu_filter]: Parameter RLController.pid_kd_lin set to 0.020000
[imu_filter_madgwick_node-3] [INFO] [1770686799.516128560] [imu_filter]: Parameter RLController.pid_kp_ang set to 1.234463
[imu_filter_madgwick_node-3] [INFO] [1770686799.516210066] [imu_filter]: Parameter RLController.pid_ki_ang set to 0.000000
[imu_filter_madgwick_node-3] [INFO] [1770686799.516386774] [imu_filter]: Parameter RLController.pid_kd_ang set to 0.097743
[imu_filter_madgwick_node-3] [INFO] [1770686799.929259804] [imu_filter]: Parameter RLController.pid_kp_lin set to 1.205316
[imu_filter_madgwick_node-3] [INFO] [1770686799.929469345] [imu_filter]: Parameter RLController.pid_ki_lin set to 0.000000
[imu_filter_madgwick_node-3] [INFO] [1770686799.929549827] [imu_filter]: Parameter RLController.pid_kd_lin set to 0.020000
[imu_filter_madgwick_node-3] [INFO] [1770686799.929613220] [imu_filter]: Parameter RLController.pid_kp_ang set to 1.234463
[imu_filter_madgwick_node-3] [INFO] [1770686799.929668645] [imu_filter]: Parameter RLController.pid_ki_ang set to 0.000000
[imu_filter_madgwick_node-3] [INFO] [1770686799.929723303] [imu_filter]: Parameter RLController.pid_kd_ang set to 0.097743
[imu_filter_madgwick_node-3] [INFO] [1770686800.356816923] [imu_filter]: Parameter RLController.pid_kp_lin set to 1.205316
[imu_filter_madgwick_node-3] [INFO] [1770686800.357059936] [imu_filter]: Parameter RLController.pid_ki_lin set to 0.000000
[imu_filter_madgwick_node-3] [INFO] [1770686800.357160835] [imu_filter]: Parameter RLController.pid_kd_lin set to 0.020000
[imu_filter_madgwick_node-3] [INFO] [1770686800.357238148] [imu_filter]: Parameter RLController.pid_kp_ang set to 1.234463
[imu_filter_madgwick_node-3] [INFO] [1770686800.357306758] [imu_filter]: Parameter RLController.pid_ki_ang set to 0.000000
[imu_filter_madgwick_node-3] [INFO] [1770686800.357372936] [imu_filter]: Parameter RLController.pid_kd_ang set to 0.097743
[imu_filter_madgwick_node-3] [INFO] [1770686800.795409757] [imu_filter]: Parameter RLController.pid_kp_lin set to 1.205316
[imu_filter_madgwick_node-3] [INFO] [1770686800.795605441] [imu_filter]: Parameter RLController.pid_ki_lin set to 0.000000
[imu_filter_madgwick_node-3] [INFO] [1770686800.795682595] [imu_filter]: Parameter RLController.pid_kd_lin set to 0.020000
[imu_filter_madgwick_node-3] [INFO] [1770686800.795748932] [imu_filter]: Parameter RLController.pid_kp_ang set to 1.234463
[imu_filter_madgwick_node-3] [INFO] [1770686800.795808742] [imu_filter]: Parameter RLController.pid_ki_ang set to 0.000000
[imu_filter_madgwick_node-3] [INFO] [1770686800.795867591] [imu_filter]: Parameter RLController.pid_kd_ang set to 0.097743
[imu_filter_madgwick_node-3] [INFO] [1770686801.214131052] [imu_filter]: Parameter RLController.pid_kp_lin set to 1.205316
[imu_filter_madgwick_node-3] [INFO] [1770686801.214346769] [imu_filter]: Parameter RLController.pid_ki_lin set to 0.000000
[imu_filter_madgwick_node-3] [INFO] [1770686801.214424914] [imu_filter]: Parameter RLController.pid_kd_lin set to 0.020000
[imu_filter_madgwick_node-3] [INFO] [1770686801.214486580] [imu_filter]: Parameter RLController.pid_kp_ang set to 1.234463
[imu_filter_madgwick_node-3] [INFO] [1770686801.216771466] [imu_filter]: Parameter RLController.pid_ki_ang set to 0.000000
[imu_filter_madgwick_node-3] [INFO] [1770686801.216959278] [imu_filter]: Parameter RLController.pid_kd_ang set to 0.097743
[imu_filter_madgwick_node-3] [INFO] [1770686801.633421160] [imu_filter]: Parameter RLController.pid_kp_lin set to 1.205316
[imu_filter_madgwick_node-3] [INFO] [1770686801.641978193] [imu_filter]: Parameter RLController.pid_ki_lin set to 0.000000
[imu_filter_madgwick_node-3] [INFO] [1770686801.643946207] [imu_filter]: Parameter RLController.pid_kd_lin set to 0.020000
[imu_filter_madgwick_node-3] [INFO] [1770686801.644050434] [imu_filter]: Parameter RLController.pid_kp_ang set to 1.234463
[imu_filter_madgwick_node-3] [INFO] [1770686801.644115139] [imu_filter]: Parameter RLController.pid_ki_ang set to 0.000000
[imu_filter_madgwick_node-3] [INFO] [1770686801.644202565] [imu_filter]: Parameter RLController.pid_kd_ang set to 0.097743
[imu_filter_madgwick_node-3] [INFO] [1770686802.050310988] [imu_filter]: Parameter RLController.pid_kp_lin set to 1.205316
[imu_filter_madgwick_node-3] [INFO] [1770686802.050527121] [imu_filter]: Parameter RLController.pid_ki_lin set to 0.000000
[imu_filter_madgwick_node-3] [INFO] [1770686802.050609715] [imu_filter]: Parameter RLController.pid_kd_lin set to 0.020000
[imu_filter_madgwick_node-3] [INFO] [1770686802.050672117] [imu_filter]: Parameter RLController.pid_kp_ang set to 1.234463
[imu_filter_madgwick_node-3] [INFO] [1770686802.050729270] [imu_filter]: Parameter RLController.pid_ki_ang set to 0.000000
[imu_filter_madgwick_node-3] [INFO] [1770686802.050785143] [imu_filter]: Parameter RLController.pid_kd_ang set to 0.097743
[imu_filter_madgwick_node-3] [INFO] [1770686802.472837141] [imu_filter]: Parameter RLController.pid_kp_lin set to 1.205316
[imu_filter_madgwick_node-3] [INFO] [1770686802.473033849] [imu_filter]: Parameter RLController.pid_ki_lin set to 0.000000
[imu_filter_madgwick_node-3] [INFO] [1770686802.473117275] [imu_filter]: Parameter RLController.pid_kd_lin set to 0.020000
[imu_filter_madgwick_node-3] [INFO] [1770686802.473188253] [imu_filter]: Parameter RLController.pid_kp_ang set to 1.234463
[imu_filter_madgwick_node-3] [INFO] [1770686802.474529212] [imu_filter]: Parameter RLController.pid_ki_ang set to 0.000000
[imu_filter_madgwick_node-3] [INFO] [1770686802.474654751] [imu_filter]: Parameter RLController.pid_kd_ang set to 0.097743
[imu_filter_madgwick_node-3] [INFO] [1770686802.881976546] [imu_filter]: Parameter RLController.pid_kp_lin set to 1.205316
[imu_filter_madgwick_node-3] [INFO] [1770686802.882286570] [imu_filter]: Parameter RLController.pid_ki_lin set to 0.000000
[imu_filter_madgwick_node-3] [INFO] [1770686802.882367116] [imu_filter]: Parameter RLController.pid_kd_lin set to 0.020000
[imu_filter_madgwick_node-3] [INFO] [1770686802.882431917] [imu_filter]: Parameter RLController.pid_kp_ang set to 1.234463
[imu_filter_madgwick_node-3] [INFO] [1770686802.884718563] [imu_filter]: Parameter RLController.pid_ki_ang set to 0.000000
[imu_filter_madgwick_node-3] [INFO] [1770686802.884896551] [imu_filter]: Parameter RLController.pid_kd_ang set to 0.097743
[imu_filter_madgwick_node-3] [INFO] [1770686803.320108058] [imu_filter]: Parameter RLController.pid_kp_lin set to 1.205316
[imu_filter_madgwick_node-3] [INFO] [1770686803.320349727] [imu_filter]: Parameter RLController.pid_ki_lin set to 0.000000
[imu_filter_madgwick_node-3] [INFO] [1770686803.320425921] [imu_filter]: Parameter RLController.pid_kd_lin set to 0.020000
[imu_filter_madgwick_node-3] [INFO] [1770686803.320493411] [imu_filter]: Parameter RLController.pid_kp_ang set to 1.234463
[imu_filter_madgwick_node-3] [INFO] [1770686803.320553572] [imu_filter]: Parameter RLController.pid_ki_ang set to 0.000000
[imu_filter_madgwick_node-3] [INFO] [1770686803.320613477] [imu_filter]: Parameter RLController.pid_kd_ang set to 0.097743
[imu_filter_madgwick_node-3] [INFO] [1770686803.737277348] [imu_filter]: Parameter RLController.pid_kp_lin set to 1.205316
[imu_filter_madgwick_node-3] [INFO] [1770686803.737467273] [imu_filter]: Parameter RLController.pid_ki_lin set to 0.000000
[imu_filter_madgwick_node-3] [INFO] [1770686803.737540298] [imu_filter]: Parameter RLController.pid_kd_lin set to 0.020000
[imu_filter_madgwick_node-3] [INFO] [1770686803.737601260] [imu_filter]: Parameter RLController.pid_kp_ang set to 1.234463
[imu_filter_madgwick_node-3] [INFO] [1770686803.737660077] [imu_filter]: Parameter RLController.pid_ki_ang set to 0.000000
[imu_filter_madgwick_node-3] [INFO] [1770686803.737719791] [imu_filter]: Parameter RLController.pid_kd_ang set to 0.097743
[imu_filter_madgwick_node-3] [INFO] [1770686804.152756807] [imu_filter]: Parameter RLController.pid_kp_lin set to 1.205316
[imu_filter_madgwick_node-3] [INFO] [1770686804.155854128] [imu_filter]: Parameter RLController.pid_ki_lin set to 0.000000
[imu_filter_madgwick_node-3] [INFO] [1770686804.156070293] [imu_filter]: Parameter RLController.pid_kd_lin set to 0.020000
[imu_filter_madgwick_node-3] [INFO] [1770686804.156160151] [imu_filter]: Parameter RLController.pid_kp_ang set to 1.234463
[imu_filter_madgwick_node-3] [INFO] [1770686804.156256825] [imu_filter]: Parameter RLController.pid_ki_ang set to 0.000000
[imu_filter_madgwick_node-3] [INFO] [1770686804.156323963] [imu_filter]: Parameter RLController.pid_kd_ang set to 0.097743
[imu_filter_madgwick_node-3] [INFO] [1770686804.578676575] [imu_filter]: Parameter RLController.pid_kp_lin set to 1.205316
[imu_filter_madgwick_node-3] [INFO] [1770686804.578878692] [imu_filter]: Parameter RLController.pid_ki_lin set to 0.000000
[imu_filter_madgwick_node-3] [INFO] [1770686804.578950118] [imu_filter]: Parameter RLController.pid_kd_lin set to 0.020000
[imu_filter_madgwick_node-3] [INFO] [1770686804.579011111] [imu_filter]: Parameter RLController.pid_kp_ang set to 1.234463
[imu_filter_madgwick_node-3] [INFO] [1770686804.579086633] [imu_filter]: Parameter RLController.pid_ki_ang set to 0.000000
[imu_filter_madgwick_node-3] [INFO] [1770686804.579154059] [imu_filter]: Parameter RLController.pid_kd_ang set to 0.097743
[imu_filter_madgwick_node-3] [INFO] [1770686805.003323322] [imu_filter]: Parameter RLController.pid_kp_lin set to 1.205316
[imu_filter_madgwick_node-3] [INFO] [1770686805.008226349] [imu_filter]: Parameter RLController.pid_ki_lin set to 0.000000
[imu_filter_madgwick_node-3] [INFO] [1770686805.008453554] [imu_filter]: Parameter RLController.pid_kd_lin set to 0.020000
[imu_filter_madgwick_node-3] [INFO] [1770686805.008538036] [imu_filter]: Parameter RLController.pid_kp_ang set to 1.234463
[imu_filter_madgwick_node-3] [INFO] [1770686805.008758777] [imu_filter]: Parameter RLController.pid_ki_ang set to 0.000000
[imu_filter_madgwick_node-3] [INFO] [1770686805.008836667] [imu_filter]: Parameter RLController.pid_kd_ang set to 0.097743
[imu_filter_madgwick_node-3] [INFO] [1770686805.422046697] [imu_filter]: Parameter RLController.pid_kp_lin set to 1.205316
[imu_filter_madgwick_node-3] [INFO] [1770686805.422250798] [imu_filter]: Parameter RLController.pid_ki_lin set to 0.000000
[imu_filter_madgwick_node-3] [INFO] [1770686805.422460466] [imu_filter]: Parameter RLController.pid_kd_lin set to 0.020000
[imu_filter_madgwick_node-3] [INFO] [1770686805.422538740] [imu_filter]: Parameter RLController.pid_kp_ang set to 1.234463
[imu_filter_madgwick_node-3] [INFO] [1770686805.422602742] [imu_filter]: Parameter RLController.pid_ki_ang set to 0.000000
[imu_filter_madgwick_node-3] [INFO] [1770686805.422663639] [imu_filter]: Parameter RLController.pid_kd_ang set to 0.097743
[imu_filter_madgwick_node-3] [INFO] [1770686805.841169569] [imu_filter]: Parameter RLController.pid_kp_lin set to 1.205316
[imu_filter_madgwick_node-3] [INFO] [1770686805.841362502] [imu_filter]: Parameter RLController.pid_ki_lin set to 0.000000
[imu_filter_madgwick_node-3] [INFO] [1770686805.841546314] [imu_filter]: Parameter RLController.pid_kd_lin set to 0.020000
[imu_filter_madgwick_node-3] [INFO] [1770686805.841624300] [imu_filter]: Parameter RLController.pid_kp_ang set to 1.234463
[imu_filter_madgwick_node-3] [INFO] [1770686805.841688333] [imu_filter]: Parameter RLController.pid_ki_ang set to 0.000000
[imu_filter_madgwick_node-3] [INFO] [1770686805.841748303] [imu_filter]: Parameter RLController.pid_kd_ang set to 0.097743
[imu_filter_madgwick_node-3] [INFO] [1770686806.256036630] [imu_filter]: Parameter RLController.pid_kp_lin set to 1.205316
[imu_filter_madgwick_node-3] [INFO] [1770686806.256285052] [imu_filter]: Parameter RLController.pid_ki_lin set to 0.000000
[imu_filter_madgwick_node-3] [INFO] [1770686806.256382846] [imu_filter]: Parameter RLController.pid_kd_lin set to 0.020000
[imu_filter_madgwick_node-3] [INFO] [1770686806.257206737] [imu_filter]: Parameter RLController.pid_kp_ang set to 1.234463
[imu_filter_madgwick_node-3] [INFO] [1770686806.257338132] [imu_filter]: Parameter RLController.pid_ki_ang set to 0.000000
[imu_filter_madgwick_node-3] [INFO] [1770686806.257408310] [imu_filter]: Parameter RLController.pid_kd_ang set to 0.097743
[imu_filter_madgwick_node-3] [INFO] [1770686806.694543926] [imu_filter]: Parameter RLController.pid_kp_lin set to 1.205316
[imu_filter_madgwick_node-3] [INFO] [1770686806.694739674] [imu_filter]: Parameter RLController.pid_ki_lin set to 0.000000
[imu_filter_madgwick_node-3] [INFO] [1770686806.694813500] [imu_filter]: Parameter RLController.pid_kd_lin set to 0.020000
[imu_filter_madgwick_node-3] [INFO] [1770686806.694877694] [imu_filter]: Parameter RLController.pid_kp_ang set to 1.234463
[imu_filter_madgwick_node-3] [INFO] [1770686806.700104824] [imu_filter]: Parameter RLController.pid_ki_ang set to 0.000000
[imu_filter_madgwick_node-3] [INFO] [1770686806.700324126] [imu_filter]: Parameter RLController.pid_kd_ang set to 0.097743
[imu_filter_madgwick_node-3] [INFO] [1770686807.101608307] [imu_filter]: Parameter RLController.pid_kp_lin set to 1.205316
[imu_filter_madgwick_node-3] [INFO] [1770686807.101945179] [imu_filter]: Parameter RLController.pid_ki_lin set to 0.000000
[imu_filter_madgwick_node-3] [INFO] [1770686807.102034685] [imu_filter]: Parameter RLController.pid_kd_lin set to 0.020000
[imu_filter_madgwick_node-3] [INFO] [1770686807.102100062] [imu_filter]: Parameter RLController.pid_kp_ang set to 1.234463
[imu_filter_madgwick_node-3] [INFO] [1770686807.102154752] [imu_filter]: Parameter RLController.pid_ki_ang set to 0.000000
[imu_filter_madgwick_node-3] [INFO] [1770686807.102208705] [imu_filter]: Parameter RLController.pid_kd_ang set to 0.097743
[imu_filter_madgwick_node-3] [INFO] [1770686807.523087683] [imu_filter]: Parameter RLController.pid_kp_lin set to 1.205316
[imu_filter_madgwick_node-3] [INFO] [1770686807.526443570] [imu_filter]: Parameter RLController.pid_ki_lin set to 0.000000
[imu_filter_madgwick_node-3] [INFO] [1770686807.526624182] [imu_filter]: Parameter RLController.pid_kd_lin set to 0.020000
[imu_filter_madgwick_node-3] [INFO] [1770686807.526697656] [imu_filter]: Parameter RLController.pid_kp_ang set to 1.234463
[imu_filter_madgwick_node-3] [INFO] [1770686807.526756985] [imu_filter]: Parameter RLController.pid_ki_ang set to 0.000000
[imu_filter_madgwick_node-3] [INFO] [1770686807.526816026] [imu_filter]: Parameter RLController.pid_kd_ang set to 0.097743
[imu_filter_madgwick_node-3] [INFO] [1770686807.939223125] [imu_filter]: Parameter RLController.pid_kp_lin set to 1.205316
[imu_filter_madgwick_node-3] [INFO] [1770686807.942102489] [imu_filter]: Parameter RLController.pid_ki_lin set to 0.000000
[imu_filter_madgwick_node-3] [INFO] [1770686807.942288605] [imu_filter]: Parameter RLController.pid_kd_lin set to 0.020000
[imu_filter_madgwick_node-3] [INFO] [1770686807.942368447] [imu_filter]: Parameter RLController.pid_kp_ang set to 1.234463
[imu_filter_madgwick_node-3] [INFO] [1770686807.942430976] [imu_filter]: Parameter RLController.pid_ki_ang set to 0.000000
[imu_filter_madgwick_node-3] [INFO] [1770686807.942491938] [imu_filter]: Parameter RLController.pid_kd_ang set to 0.097743
[imu_filter_madgwick_node-3] [INFO] [1770686808.368835396] [imu_filter]: Parameter RLController.pid_kp_lin set to 1.205316
[imu_filter_madgwick_node-3] [INFO] [1770686808.369065737] [imu_filter]: Parameter RLController.pid_ki_lin set to 0.000000
[imu_filter_madgwick_node-3] [INFO] [1770686808.369146219] [imu_filter]: Parameter RLController.pid_kd_lin set to 0.020000
[imu_filter_madgwick_node-3] [INFO] [1770686808.369218701] [imu_filter]: Parameter RLController.pid_kp_ang set to 1.234463
[imu_filter_madgwick_node-3] [INFO] [1770686808.369284399] [imu_filter]: Parameter RLController.pid_ki_ang set to 0.000000
[imu_filter_madgwick_node-3] [INFO] [1770686808.371168571] [imu_filter]: Parameter RLController.pid_kd_ang set to 0.097743
[imu_filter_madgwick_node-3] [INFO] [1770686808.789283324] [imu_filter]: Parameter RLController.pid_kp_lin set to 1.205316
[imu_filter_madgwick_node-3] [INFO] [1770686808.804896139] [imu_filter]: Parameter RLController.pid_ki_lin set to 0.000000
[imu_filter_madgwick_node-3] [INFO] [1770686808.805102255] [imu_filter]: Parameter RLController.pid_kd_lin set to 0.020000
[imu_filter_madgwick_node-3] [INFO] [1770686808.809598073] [imu_filter]: Parameter RLController.pid_kp_ang set to 1.234463
[imu_filter_madgwick_node-3] [INFO] [1770686808.815497892] [imu_filter]: Parameter RLController.pid_ki_ang set to 0.000000
[imu_filter_madgwick_node-3] [INFO] [1770686808.815698632] [imu_filter]: Parameter RLController.pid_kd_ang set to 0.097743
[imu_filter_madgwick_node-3] [INFO] [1770686809.204781247] [imu_filter]: Parameter RLController.pid_kp_lin set to 1.205316
[imu_filter_madgwick_node-3] [INFO] [1770686809.205018949] [imu_filter]: Parameter RLController.pid_ki_lin set to 0.000000
[imu_filter_madgwick_node-3] [INFO] [1770686809.211439387] [imu_filter]: Parameter RLController.pid_kd_lin set to 0.020000
[imu_filter_madgwick_node-3] [INFO] [1770686809.211811300] [imu_filter]: Parameter RLController.pid_kp_ang set to 1.234463
[imu_filter_madgwick_node-3] [INFO] [1770686809.211968968] [imu_filter]: Parameter RLController.pid_ki_ang set to 0.000000
[imu_filter_madgwick_node-3] [INFO] [1770686809.212091211] [imu_filter]: Parameter RLController.pid_kd_ang set to 0.097743
[imu_filter_madgwick_node-3] [INFO] [1770686809.620228225] [imu_filter]: Parameter RLController.pid_kp_lin set to 1.205316
[imu_filter_madgwick_node-3] [INFO] [1770686809.620622026] [imu_filter]: Parameter RLController.pid_ki_lin set to 0.000000
[imu_filter_madgwick_node-3] [INFO] [1770686809.620787566] [imu_filter]: Parameter RLController.pid_kd_lin set to 0.020000
[imu_filter_madgwick_node-3] [INFO] [1770686809.620861776] [imu_filter]: Parameter RLController.pid_kp_ang set to 1.234463
[imu_filter_madgwick_node-3] [INFO] [1770686809.620924785] [imu_filter]: Parameter RLController.pid_ki_ang set to 0.000000
[imu_filter_madgwick_node-3] [INFO] [1770686809.620984595] [imu_filter]: Parameter RLController.pid_kd_ang set to 0.097743
[imu_filter_madgwick_node-3] [INFO] [1770686810.067860504] [imu_filter]: Parameter RLController.pid_kp_lin set to 1.205316
[imu_filter_madgwick_node-3] [INFO] [1770686810.068094909] [imu_filter]: Parameter RLController.pid_ki_lin set to 0.000000
[imu_filter_madgwick_node-3] [INFO] [1770686810.068311842] [imu_filter]: Parameter RLController.pid_kd_lin set to 0.020000
[imu_filter_madgwick_node-3] [INFO] [1770686810.068397220] [imu_filter]: Parameter RLController.pid_kp_ang set to 1.234463
[imu_filter_madgwick_node-3] [INFO] [1770686810.068462758] [imu_filter]: Parameter RLController.pid_ki_ang set to 0.000000
[imu_filter_madgwick_node-3] [INFO] [1770686810.068529543] [imu_filter]: Parameter RLController.pid_kd_ang set to 0.097743
[imu_filter_madgwick_node-3] [INFO] [1770686810.466775253] [imu_filter]: Parameter RLController.pid_kp_lin set to 1.205316
[imu_filter_madgwick_node-3] [INFO] [1770686810.468505470] [imu_filter]: Parameter RLController.pid_ki_lin set to 0.000000
[imu_filter_madgwick_node-3] [INFO] [1770686810.468685986] [imu_filter]: Parameter RLController.pid_kd_lin set to 0.020000
[imu_filter_madgwick_node-3] [INFO] [1770686810.468771940] [imu_filter]: Parameter RLController.pid_kp_ang set to 1.234463
[imu_filter_madgwick_node-3] [INFO] [1770686810.468831878] [imu_filter]: Parameter RLController.pid_ki_ang set to 0.000000
[imu_filter_madgwick_node-3] [INFO] [1770686810.468945544] [imu_filter]: Parameter RLController.pid_kd_ang set to 0.097743
[imu_filter_madgwick_node-3] [INFO] [1770686810.886266390] [imu_filter]: Parameter RLController.pid_kp_lin set to 1.205316
[imu_filter_madgwick_node-3] [INFO] [1770686810.890706655] [imu_filter]: Parameter RLController.pid_ki_lin set to 0.000000
[imu_filter_madgwick_node-3] [INFO] [1770686810.891068615] [imu_filter]: Parameter RLController.pid_kd_lin set to 0.020000
[imu_filter_madgwick_node-3] [INFO] [1770686810.891220171] [imu_filter]: Parameter RLController.pid_kp_ang set to 1.234463
[imu_filter_madgwick_node-3] [INFO] [1770686810.891293837] [imu_filter]: Parameter RLController.pid_ki_ang set to 0.000000
[imu_filter_madgwick_node-3] [INFO] [1770686810.891422544] [imu_filter]: Parameter RLController.pid_kd_ang set to 0.097743
[imu_filter_madgwick_node-3] [INFO] [1770686811.306286852] [imu_filter]: Parameter RLController.pid_kp_lin set to 1.205316
[imu_filter_madgwick_node-3] [INFO] [1770686811.306612748] [imu_filter]: Parameter RLController.pid_ki_lin set to 0.000000
[imu_filter_madgwick_node-3] [INFO] [1770686811.306700974] [imu_filter]: Parameter RLController.pid_kd_lin set to 0.020000
[imu_filter_madgwick_node-3] [INFO] [1770686811.306845073] [imu_filter]: Parameter RLController.pid_kp_ang set to 1.234463
[imu_filter_madgwick_node-3] [INFO] [1770686811.306911699] [imu_filter]: Parameter RLController.pid_ki_ang set to 0.000000
[imu_filter_madgwick_node-3] [INFO] [1770686811.307036950] [imu_filter]: Parameter RLController.pid_kd_ang set to 0.097743
[imu_filter_madgwick_node-3] [INFO] [1770686811.726077580] [imu_filter]: Parameter RLController.pid_kp_lin set to 1.205316
[imu_filter_madgwick_node-3] [INFO] [1770686811.726263601] [imu_filter]: Parameter RLController.pid_ki_lin set to 0.000000
[imu_filter_madgwick_node-3] [INFO] [1770686811.726429076] [imu_filter]: Parameter RLController.pid_kd_lin set to 0.020000
[imu_filter_madgwick_node-3] [INFO] [1770686811.726512982] [imu_filter]: Parameter RLController.pid_kp_ang set to 1.234463
[imu_filter_madgwick_node-3] [INFO] [1770686811.726577144] [imu_filter]: Parameter RLController.pid_ki_ang set to 0.000000
[imu_filter_madgwick_node-3] [INFO] [1770686811.726772092] [imu_filter]: Parameter RLController.pid_kd_ang set to 0.097743
[imu_filter_madgwick_node-3] [INFO] [1770686812.139262713] [imu_filter]: Parameter RLController.pid_kp_lin set to 1.205316
[imu_filter_madgwick_node-3] [INFO] [1770686812.139497215] [imu_filter]: Parameter RLController.pid_ki_lin set to 0.000000
[imu_filter_madgwick_node-3] [INFO] [1770686812.139588353] [imu_filter]: Parameter RLController.pid_kd_lin set to 0.020000
[imu_filter_madgwick_node-3] [INFO] [1770686812.139658146] [imu_filter]: Parameter RLController.pid_kp_ang set to 1.234463
[imu_filter_madgwick_node-3] [INFO] [1770686812.139718596] [imu_filter]: Parameter RLController.pid_ki_ang set to 0.000000
[imu_filter_madgwick_node-3] [INFO] [1770686812.139777125] [imu_filter]: Parameter RLController.pid_kd_ang set to 0.097743
[imu_filter_madgwick_node-3] [INFO] [1770686812.562119017] [imu_filter]: Parameter RLController.pid_kp_lin set to 1.205316
[imu_filter_madgwick_node-3] [INFO] [1770686812.562351663] [imu_filter]: Parameter RLController.pid_ki_lin set to 0.000000
[imu_filter_madgwick_node-3] [INFO] [1770686812.562438577] [imu_filter]: Parameter RLController.pid_kd_lin set to 0.020000
[imu_filter_madgwick_node-3] [INFO] [1770686812.562512275] [imu_filter]: Parameter RLController.pid_kp_ang set to 1.234463
[imu_filter_madgwick_node-3] [INFO] [1770686812.562640278] [imu_filter]: Parameter RLController.pid_ki_ang set to 0.000000
[imu_filter_madgwick_node-3] [INFO] [1770686812.562724568] [imu_filter]: Parameter RLController.pid_kd_ang set to 0.097743
[imu_filter_madgwick_node-3] [INFO] [1770686812.975230997] [imu_filter]: Parameter RLController.pid_kp_lin set to 1.205316
[imu_filter_madgwick_node-3] [INFO] [1770686812.975432345] [imu_filter]: Parameter RLController.pid_ki_lin set to 0.000000
[imu_filter_madgwick_node-3] [INFO] [1770686812.976741944] [imu_filter]: Parameter RLController.pid_kd_lin set to 0.020000
[imu_filter_madgwick_node-3] [INFO] [1770686812.976943645] [imu_filter]: Parameter RLController.pid_kp_ang set to 1.234463
[imu_filter_madgwick_node-3] [INFO] [1770686812.977026463] [imu_filter]: Parameter RLController.pid_ki_ang set to 0.000000
[imu_filter_madgwick_node-3] [INFO] [1770686812.977151394] [imu_filter]: Parameter RLController.pid_kd_ang set to 0.097743
[imu_filter_madgwick_node-3] [INFO] [1770686813.391171810] [imu_filter]: Parameter RLController.pid_kp_lin set to 1.205316
[imu_filter_madgwick_node-3] [INFO] [1770686813.391386151] [imu_filter]: Parameter RLController.pid_ki_lin set to 0.000000
[imu_filter_madgwick_node-3] [INFO] [1770686813.391467241] [imu_filter]: Parameter RLController.pid_kd_lin set to 0.020000
[imu_filter_madgwick_node-3] [INFO] [1770686813.391537003] [imu_filter]: Parameter RLController.pid_kp_ang set to 1.234463
[imu_filter_madgwick_node-3] [INFO] [1770686813.391596780] [imu_filter]: Parameter RLController.pid_ki_ang set to 0.000000
[imu_filter_madgwick_node-3] [INFO] [1770686813.391655310] [imu_filter]: Parameter RLController.pid_kd_ang set to 0.097743
[imu_filter_madgwick_node-3] [INFO] [1770686813.824060478] [imu_filter]: Parameter RLController.pid_kp_lin set to 1.205316
[imu_filter_madgwick_node-3] [INFO] [1770686813.824469032] [imu_filter]: Parameter RLController.pid_ki_lin set to 0.000000
[imu_filter_madgwick_node-3] [INFO] [1770686813.824557578] [imu_filter]: Parameter RLController.pid_kd_lin set to 0.020000
[imu_filter_madgwick_node-3] [INFO] [1770686813.824630220] [imu_filter]: Parameter RLController.pid_kp_ang set to 1.234463
[imu_filter_madgwick_node-3] [INFO] [1770686813.824691437] [imu_filter]: Parameter RLController.pid_ki_ang set to 0.000000
[imu_filter_madgwick_node-3] [INFO] [1770686813.824749935] [imu_filter]: Parameter RLController.pid_kd_ang set to 0.097743
[imu_filter_madgwick_node-3] [INFO] [1770686814.250857867] [imu_filter]: Parameter RLController.pid_kp_lin set to 1.205316
[imu_filter_madgwick_node-3] [INFO] [1770686814.251464249] [imu_filter]: Parameter RLController.pid_ki_lin set to 0.000000
[imu_filter_madgwick_node-3] [INFO] [1770686814.251579804] [imu_filter]: Parameter RLController.pid_kd_lin set to 0.020000
[imu_filter_madgwick_node-3] [INFO] [1770686814.251663166] [imu_filter]: Parameter RLController.pid_kp_ang set to 1.234463
[imu_filter_madgwick_node-3] [INFO] [1770686814.251727456] [imu_filter]: Parameter RLController.pid_ki_ang set to 0.000000
[imu_filter_madgwick_node-3] [INFO] [1770686814.251788929] [imu_filter]: Parameter RLController.pid_kd_ang set to 0.097743
[imu_filter_madgwick_node-3] [INFO] [1770686814.665942821] [imu_filter]: Parameter RLController.pid_kp_lin set to 1.205316
[imu_filter_madgwick_node-3] [INFO] [1770686814.667743279] [imu_filter]: Parameter RLController.pid_ki_lin set to 0.000000
[imu_filter_madgwick_node-3] [INFO] [1770686814.681855771] [imu_filter]: Parameter RLController.pid_kd_lin set to 0.020000
[imu_filter_madgwick_node-3] [INFO] [1770686814.682067456] [imu_filter]: Parameter RLController.pid_kp_ang set to 1.234463
[imu_filter_madgwick_node-3] [INFO] [1770686814.682141121] [imu_filter]: Parameter RLController.pid_ki_ang set to 0.000000
[imu_filter_madgwick_node-3] [INFO] [1770686814.682203395] [imu_filter]: Parameter RLController.pid_kd_ang set to 0.097743
[imu_filter_madgwick_node-3] [INFO] [1770686815.097265948] [imu_filter]: Parameter RLController.pid_kp_lin set to 1.205316
[imu_filter_madgwick_node-3] [INFO] [1770686815.103943449] [imu_filter]: Parameter RLController.pid_ki_lin set to 0.000000
[imu_filter_madgwick_node-3] [INFO] [1770686815.110786138] [imu_filter]: Parameter RLController.pid_kd_lin set to 0.020000
[imu_filter_madgwick_node-3] [INFO] [1770686815.111001887] [imu_filter]: Parameter RLController.pid_kp_ang set to 1.234463
[imu_filter_madgwick_node-3] [INFO] [1770686815.111101281] [imu_filter]: Parameter RLController.pid_ki_ang set to 0.000000
[imu_filter_madgwick_node-3] [INFO] [1770686815.111176995] [imu_filter]: Parameter RLController.pid_kd_ang set to 0.097743
[imu_filter_madgwick_node-3] [INFO] [1770686815.528278220] [imu_filter]: Parameter RLController.pid_kp_lin set to 1.205316
[imu_filter_madgwick_node-3] [INFO] [1770686815.528500241] [imu_filter]: Parameter RLController.pid_ki_lin set to 0.000000
[imu_filter_madgwick_node-3] [INFO] [1770686815.528702230] [imu_filter]: Parameter RLController.pid_kd_lin set to 0.020000
[imu_filter_madgwick_node-3] [INFO] [1770686815.528791544] [imu_filter]: Parameter RLController.pid_kp_ang set to 1.234463
[imu_filter_madgwick_node-3] [INFO] [1770686815.528853785] [imu_filter]: Parameter RLController.pid_ki_ang set to 0.000000
[imu_filter_madgwick_node-3] [INFO] [1770686815.528912699] [imu_filter]: Parameter RLController.pid_kd_ang set to 0.097743
[imu_filter_madgwick_node-3] [INFO] [1770686815.948570624] [imu_filter]: Parameter RLController.pid_kp_lin set to 1.205316
[imu_filter_madgwick_node-3] [INFO] [1770686815.948908456] [imu_filter]: Parameter RLController.pid_ki_lin set to 0.000000
[imu_filter_madgwick_node-3] [INFO] [1770686815.948990922] [imu_filter]: Parameter RLController.pid_kd_lin set to 0.020000
[imu_filter_madgwick_node-3] [INFO] [1770686815.949061643] [imu_filter]: Parameter RLController.pid_kp_ang set to 1.234463
[imu_filter_madgwick_node-3] [INFO] [1770686815.951955567] [imu_filter]: Parameter RLController.pid_ki_ang set to 0.000000
[imu_filter_madgwick_node-3] [INFO] [1770686815.952312504] [imu_filter]: Parameter RLController.pid_kd_ang set to 0.097743
[imu_filter_madgwick_node-3] [INFO] [1770686816.360402893] [imu_filter]: Parameter RLController.pid_kp_lin set to 1.205316
[imu_filter_madgwick_node-3] [INFO] [1770686816.360633458] [imu_filter]: Parameter RLController.pid_ki_lin set to 0.000000
[imu_filter_madgwick_node-3] [INFO] [1770686816.360710164] [imu_filter]: Parameter RLController.pid_kd_lin set to 0.020000
[imu_filter_madgwick_node-3] [INFO] [1770686816.360777526] [imu_filter]: Parameter RLController.pid_kp_ang set to 1.234463
[imu_filter_madgwick_node-3] [INFO] [1770686816.360838711] [imu_filter]: Parameter RLController.pid_ki_ang set to 0.000000
[imu_filter_madgwick_node-3] [INFO] [1770686816.360896121] [imu_filter]: Parameter RLController.pid_kd_ang set to 0.097743
[imu_filter_madgwick_node-3] [INFO] [1770686816.780895654] [imu_filter]: Parameter RLController.pid_kp_lin set to 1.205316
[imu_filter_madgwick_node-3] [INFO] [1770686816.781271407] [imu_filter]: Parameter RLController.pid_ki_lin set to 0.000000
[imu_filter_madgwick_node-3] [INFO] [1770686816.781367889] [imu_filter]: Parameter RLController.pid_kd_lin set to 0.020000
[imu_filter_madgwick_node-3] [INFO] [1770686816.781441267] [imu_filter]: Parameter RLController.pid_kp_ang set to 1.234463
[imu_filter_madgwick_node-3] [INFO] [1770686816.781513204] [imu_filter]: Parameter RLController.pid_ki_ang set to 0.000000
[imu_filter_madgwick_node-3] [INFO] [1770686816.781580214] [imu_filter]: Parameter RLController.pid_kd_ang set to 0.097743
[imu_filter_madgwick_node-3] [INFO] [1770686817.188091654] [imu_filter]: Parameter RLController.pid_kp_lin set to 1.205316
[imu_filter_madgwick_node-3] [INFO] [1770686817.190445757] [imu_filter]: Parameter RLController.pid_ki_lin set to 0.000000
[imu_filter_madgwick_node-3] [INFO] [1770686817.190641250] [imu_filter]: Parameter RLController.pid_kd_lin set to 0.020000
[imu_filter_madgwick_node-3] [INFO] [1770686817.190710564] [imu_filter]: Parameter RLController.pid_kp_ang set to 1.234463
[imu_filter_madgwick_node-3] [INFO] [1770686817.190775813] [imu_filter]: Parameter RLController.pid_ki_ang set to 0.000000
[imu_filter_madgwick_node-3] [INFO] [1770686817.190838247] [imu_filter]: Parameter RLController.pid_kd_ang set to 0.097743
[imu_filter_madgwick_node-3] [INFO] [1770686817.599392423] [imu_filter]: Parameter RLController.pid_kp_lin set to 1.205316
[imu_filter_madgwick_node-3] [INFO] [1770686817.599598027] [imu_filter]: Parameter RLController.pid_ki_lin set to 0.000000
[imu_filter_madgwick_node-3] [INFO] [1770686817.599669901] [imu_filter]: Parameter RLController.pid_kd_lin set to 0.020000
[imu_filter_madgwick_node-3] [INFO] [1770686817.599736847] [imu_filter]: Parameter RLController.pid_kp_ang set to 1.234463
[imu_filter_madgwick_node-3] [INFO] [1770686817.599794160] [imu_filter]: Parameter RLController.pid_ki_ang set to 0.000000
[imu_filter_madgwick_node-3] [INFO] [1770686817.599853554] [imu_filter]: Parameter RLController.pid_kd_ang set to 0.097743
[imu_filter_madgwick_node-3] [INFO] [1770686818.022566494] [imu_filter]: Parameter RLController.pid_kp_lin set to 1.205316
[imu_filter_madgwick_node-3] [INFO] [1770686818.022920551] [imu_filter]: Parameter RLController.pid_ki_lin set to 0.000000
[imu_filter_madgwick_node-3] [INFO] [1770686818.025858220] [imu_filter]: Parameter RLController.pid_kd_lin set to 0.020000
[imu_filter_madgwick_node-3] [INFO] [1770686818.026058768] [imu_filter]: Parameter RLController.pid_kp_ang set to 1.234463
[imu_filter_madgwick_node-3] [INFO] [1770686818.026139026] [imu_filter]: Parameter RLController.pid_ki_ang set to 0.000000
[imu_filter_madgwick_node-3] [INFO] [1770686818.026210356] [imu_filter]: Parameter RLController.pid_kd_ang set to 0.097743
[imu_filter_madgwick_node-3] [INFO] [1770686818.436222390] [imu_filter]: Parameter RLController.pid_kp_lin set to 1.205316
[imu_filter_madgwick_node-3] [INFO] [1770686818.436445148] [imu_filter]: Parameter RLController.pid_ki_lin set to 0.000000
[imu_filter_madgwick_node-3] [INFO] [1770686818.436647040] [imu_filter]: Parameter RLController.pid_kd_lin set to 0.020000
[imu_filter_madgwick_node-3] [INFO] [1770686818.436734946] [imu_filter]: Parameter RLController.pid_kp_ang set to 1.234463
[imu_filter_madgwick_node-3] [INFO] [1770686818.436807972] [imu_filter]: Parameter RLController.pid_ki_ang set to 0.000000
[imu_filter_madgwick_node-3] [INFO] [1770686818.436866982] [imu_filter]: Parameter RLController.pid_kd_ang set to 0.097743
[imu_filter_madgwick_node-3] [INFO] [1770686818.863397548] [imu_filter]: Parameter RLController.pid_kp_lin set to 1.205316
[imu_filter_madgwick_node-3] [INFO] [1770686818.863618097] [imu_filter]: Parameter RLController.pid_ki_lin set to 0.000000
[imu_filter_madgwick_node-3] [INFO] [1770686818.863703827] [imu_filter]: Parameter RLController.pid_kd_lin set to 0.020000
[imu_filter_madgwick_node-3] [INFO] [1770686818.863770261] [imu_filter]: Parameter RLController.pid_kp_ang set to 1.234463
[imu_filter_madgwick_node-3] [INFO] [1770686818.863828598] [imu_filter]: Parameter RLController.pid_ki_ang set to 0.000000
[imu_filter_madgwick_node-3] [INFO] [1770686818.863888408] [imu_filter]: Parameter RLController.pid_kd_ang set to 0.097743
[imu_filter_madgwick_node-3] [INFO] [1770686819.287429464] [imu_filter]: Parameter RLController.pid_kp_lin set to 1.205316
[imu_filter_madgwick_node-3] [INFO] [1770686819.299298703] [imu_filter]: Parameter RLController.pid_ki_lin set to 0.000000
[imu_filter_madgwick_node-3] [INFO] [1770686819.299673976] [imu_filter]: Parameter RLController.pid_kd_lin set to 0.020000
[imu_filter_madgwick_node-3] [INFO] [1770686819.299855900] [imu_filter]: Parameter RLController.pid_kp_ang set to 1.234463
[imu_filter_madgwick_node-3] [INFO] [1770686819.299931870] [imu_filter]: Parameter RLController.pid_ki_ang set to 0.000000
[imu_filter_madgwick_node-3] [INFO] [1770686819.299994079] [imu_filter]: Parameter RLController.pid_kd_ang set to 0.097743
[imu_filter_madgwick_node-3] [INFO] [1770686819.706229385] [imu_filter]: Parameter RLController.pid_kp_lin set to 1.205316
[imu_filter_madgwick_node-3] [INFO] [1770686819.706428238] [imu_filter]: Parameter RLController.pid_ki_lin set to 0.000000
[imu_filter_madgwick_node-3] [INFO] [1770686819.707806030] [imu_filter]: Parameter RLController.pid_kd_lin set to 0.020000
[imu_filter_madgwick_node-3] [INFO] [1770686819.707941937] [imu_filter]: Parameter RLController.pid_kp_ang set to 1.234463
[imu_filter_madgwick_node-3] [INFO] [1770686819.708008147] [imu_filter]: Parameter RLController.pid_ki_ang set to 0.000000
[imu_filter_madgwick_node-3] [INFO] [1770686819.708067188] [imu_filter]: Parameter RLController.pid_kd_ang set to 0.097743
[imu_filter_madgwick_node-3] [INFO] [1770686820.114444737] [imu_filter]: Parameter RLController.pid_kp_lin set to 1.205316
[imu_filter_madgwick_node-3] [INFO] [1770686820.114672582] [imu_filter]: Parameter RLController.pid_ki_lin set to 0.000000
[imu_filter_madgwick_node-3] [INFO] [1770686820.115761024] [imu_filter]: Parameter RLController.pid_kd_lin set to 0.020000
[imu_filter_madgwick_node-3] [INFO] [1770686820.115914852] [imu_filter]: Parameter RLController.pid_kp_ang set to 1.234463
[imu_filter_madgwick_node-3] [INFO] [1770686820.115980997] [imu_filter]: Parameter RLController.pid_ki_ang set to 0.000000
[imu_filter_madgwick_node-3] [INFO] [1770686820.116045287] [imu_filter]: Parameter RLController.pid_kd_ang set to 0.097743
[imu_filter_madgwick_node-3] [INFO] [1770686820.525817699] [imu_filter]: Parameter RLController.pid_kp_lin set to 1.205316
[imu_filter_madgwick_node-3] [INFO] [1770686820.526011784] [imu_filter]: Parameter RLController.pid_ki_lin set to 0.000000
[imu_filter_madgwick_node-3] [INFO] [1770686820.526084490] [imu_filter]: Parameter RLController.pid_kd_lin set to 0.020000
[imu_filter_madgwick_node-3] [INFO] [1770686820.526153195] [imu_filter]: Parameter RLController.pid_kp_ang set to 1.234463
[imu_filter_madgwick_node-3] [INFO] [1770686820.526214893] [imu_filter]: Parameter RLController.pid_ki_ang set to 0.000000
[imu_filter_madgwick_node-3] [INFO] [1770686820.526275342] [imu_filter]: Parameter RLController.pid_kd_ang set to 0.097743
[imu_filter_madgwick_node-3] [INFO] [1770686820.949065821] [imu_filter]: Parameter RLController.pid_kp_lin set to 1.205316
[imu_filter_madgwick_node-3] [INFO] [1770686820.949421925] [imu_filter]: Parameter RLController.pid_ki_lin set to 0.000000
[imu_filter_madgwick_node-3] [INFO] [1770686820.949507015] [imu_filter]: Parameter RLController.pid_kd_lin set to 0.020000
[imu_filter_madgwick_node-3] [INFO] [1770686820.949577609] [imu_filter]: Parameter RLController.pid_kp_ang set to 1.234463
[imu_filter_madgwick_node-3] [INFO] [1770686820.949760013] [imu_filter]: Parameter RLController.pid_ki_ang set to 0.000000
[imu_filter_madgwick_node-3] [INFO] [1770686820.949823855] [imu_filter]: Parameter RLController.pid_kd_ang set to 0.097743
[imu_filter_madgwick_node-3] [INFO] [1770686821.361141328] [imu_filter]: Parameter RLController.pid_kp_lin set to 1.205316
[imu_filter_madgwick_node-3] [INFO] [1770686821.361370837] [imu_filter]: Parameter RLController.pid_ki_lin set to 0.000000
[imu_filter_madgwick_node-3] [INFO] [1770686821.361454519] [imu_filter]: Parameter RLController.pid_kd_lin set to 0.020000
[imu_filter_madgwick_node-3] [INFO] [1770686821.361527961] [imu_filter]: Parameter RLController.pid_kp_ang set to 1.234463
[imu_filter_madgwick_node-3] [INFO] [1770686821.361588634] [imu_filter]: Parameter RLController.pid_ki_ang set to 0.000000
[imu_filter_madgwick_node-3] [INFO] [1770686821.365651706] [imu_filter]: Parameter RLController.pid_kd_ang set to 0.097743
[imu_filter_madgwick_node-3] [INFO] [1770686821.783400690] [imu_filter]: Parameter RLController.pid_kp_lin set to 1.205316
[imu_filter_madgwick_node-3] [INFO] [1770686821.783608183] [imu_filter]: Parameter RLController.pid_ki_lin set to 0.000000
[imu_filter_madgwick_node-3] [INFO] [1770686821.783688313] [imu_filter]: Parameter RLController.pid_kd_lin set to 0.020000
[imu_filter_madgwick_node-3] [INFO] [1770686821.783751930] [imu_filter]: Parameter RLController.pid_kp_ang set to 1.234463
[imu_filter_madgwick_node-3] [INFO] [1770686821.783818876] [imu_filter]: Parameter RLController.pid_ki_ang set to 0.000000
[imu_filter_madgwick_node-3] [INFO] [1770686821.783882941] [imu_filter]: Parameter RLController.pid_kd_ang set to 0.097743
[imu_filter_madgwick_node-3] [INFO] [1770686822.221833296] [imu_filter]: Parameter RLController.pid_kp_lin set to 1.205316
[imu_filter_madgwick_node-3] [INFO] [1770686822.225081885] [imu_filter]: Parameter RLController.pid_ki_lin set to 0.000000
[imu_filter_madgwick_node-3] [INFO] [1770686822.225296802] [imu_filter]: Parameter RLController.pid_kd_lin set to 0.020000
[imu_filter_madgwick_node-3] [INFO] [1770686822.225378692] [imu_filter]: Parameter RLController.pid_kp_ang set to 1.234463
[imu_filter_madgwick_node-3] [INFO] [1770686822.225443109] [imu_filter]: Parameter RLController.pid_ki_ang set to 0.000000
[imu_filter_madgwick_node-3] [INFO] [1770686822.225638442] [imu_filter]: Parameter RLController.pid_kd_ang set to 0.097743
[imu_filter_madgwick_node-3] [INFO] [1770686822.647020279] [imu_filter]: Parameter RLController.pid_kp_lin set to 1.205316
[imu_filter_madgwick_node-3] [INFO] [1770686822.647253661] [imu_filter]: Parameter RLController.pid_ki_lin set to 0.000000
[imu_filter_madgwick_node-3] [INFO] [1770686822.651784999] [imu_filter]: Parameter RLController.pid_kd_lin set to 0.020000
[imu_filter_madgwick_node-3] [INFO] [1770686822.652909090] [imu_filter]: Parameter RLController.pid_kp_ang set to 1.234463
[imu_filter_madgwick_node-3] [INFO] [1770686822.653054117] [imu_filter]: Parameter RLController.pid_ki_ang set to 0.000000
[imu_filter_madgwick_node-3] [INFO] [1770686822.653122599] [imu_filter]: Parameter RLController.pid_kd_ang set to 0.097743
[imu_filter_madgwick_node-3] [INFO] [1770686823.059433650] [imu_filter]: Parameter RLController.pid_kp_lin set to 1.205316
[imu_filter_madgwick_node-3] [INFO] [1770686823.059653175] [imu_filter]: Parameter RLController.pid_ki_lin set to 0.000000
[imu_filter_madgwick_node-3] [INFO] [1770686823.059734169] [imu_filter]: Parameter RLController.pid_kd_lin set to 0.020000
[imu_filter_madgwick_node-3] [INFO] [1770686823.059799547] [imu_filter]: Parameter RLController.pid_kp_ang set to 1.234463
[imu_filter_madgwick_node-3] [INFO] [1770686823.059855964] [imu_filter]: Parameter RLController.pid_ki_ang set to 0.000000
[imu_filter_madgwick_node-3] [INFO] [1770686823.059914813] [imu_filter]: Parameter RLController.pid_kd_ang set to 0.097743
[imu_filter_madgwick_node-3] [INFO] [1770686823.478545514] [imu_filter]: Parameter RLController.pid_kp_lin set to 1.205316
[imu_filter_madgwick_node-3] [INFO] [1770686823.478776880] [imu_filter]: Parameter RLController.pid_ki_lin set to 0.000000
[imu_filter_madgwick_node-3] [INFO] [1770686823.478872978] [imu_filter]: Parameter RLController.pid_kd_lin set to 0.020000
[imu_filter_madgwick_node-3] [INFO] [1770686823.478944436] [imu_filter]: Parameter RLController.pid_kp_ang set to 1.234463
[imu_filter_madgwick_node-3] [INFO] [1770686823.479009205] [imu_filter]: Parameter RLController.pid_ki_ang set to 0.000000
[imu_filter_madgwick_node-3] [INFO] [1770686823.479071383] [imu_filter]: Parameter RLController.pid_kd_ang set to 0.097743
[imu_filter_madgwick_node-3] [INFO] [1770686823.911425222] [imu_filter]: Parameter RLController.pid_kp_lin set to 1.205316
[imu_filter_madgwick_node-3] [INFO] [1770686823.911647179] [imu_filter]: Parameter RLController.pid_ki_lin set to 0.000000
[imu_filter_madgwick_node-3] [INFO] [1770686823.911720717] [imu_filter]: Parameter RLController.pid_kd_lin set to 0.020000
[imu_filter_madgwick_node-3] [INFO] [1770686823.911785647] [imu_filter]: Parameter RLController.pid_kp_ang set to 1.234463
[imu_filter_madgwick_node-3] [INFO] [1770686823.911846288] [imu_filter]: Parameter RLController.pid_ki_ang set to 0.000000
[imu_filter_madgwick_node-3] [INFO] [1770686823.911907697] [imu_filter]: Parameter RLController.pid_kd_ang set to 0.097743
[imu_filter_madgwick_node-3] [INFO] [1770686824.317799091] [imu_filter]: Parameter RLController.pid_kp_lin set to 1.205316
[imu_filter_madgwick_node-3] [INFO] [1770686824.318043385] [imu_filter]: Parameter RLController.pid_ki_lin set to 0.000000
[imu_filter_madgwick_node-3] [INFO] [1770686824.318146715] [imu_filter]: Parameter RLController.pid_kd_lin set to 0.020000
[imu_filter_madgwick_node-3] [INFO] [1770686824.318219165] [imu_filter]: Parameter RLController.pid_kp_ang set to 1.234463
[imu_filter_madgwick_node-3] [INFO] [1770686824.318278302] [imu_filter]: Parameter RLController.pid_ki_ang set to 0.000000
[imu_filter_madgwick_node-3] [INFO] [1770686824.318341088] [imu_filter]: Parameter RLController.pid_kd_ang set to 0.097743
[imu_filter_madgwick_node-3] [INFO] [1770686824.726762781] [imu_filter]: Parameter RLController.pid_kp_lin set to 1.205316
[imu_filter_madgwick_node-3] [INFO] [1770686824.728679914] [imu_filter]: Parameter RLController.pid_ki_lin set to 0.000000
[imu_filter_madgwick_node-3] [INFO] [1770686824.731235238] [imu_filter]: Parameter RLController.pid_kd_lin set to 0.020000
[imu_filter_madgwick_node-3] [INFO] [1770686824.733270902] [imu_filter]: Parameter RLController.pid_kp_ang set to 1.234463
[imu_filter_madgwick_node-3] [INFO] [1770686824.735306278] [imu_filter]: Parameter RLController.pid_ki_ang set to 0.000000
[imu_filter_madgwick_node-3] [INFO] [1770686824.737394743] [imu_filter]: Parameter RLController.pid_kd_ang set to 0.097743
[imu_filter_madgwick_node-3] [INFO] [1770686825.141576816] [imu_filter]: Parameter RLController.pid_kp_lin set to 1.205316
[imu_filter_madgwick_node-3] [INFO] [1770686825.141781109] [imu_filter]: Parameter RLController.pid_ki_lin set to 0.000000
[imu_filter_madgwick_node-3] [INFO] [1770686825.141855479] [imu_filter]: Parameter RLController.pid_kd_lin set to 0.020000
[imu_filter_madgwick_node-3] [INFO] [1770686825.141923640] [imu_filter]: Parameter RLController.pid_kp_ang set to 1.234463
[imu_filter_madgwick_node-3] [INFO] [1770686825.141982970] [imu_filter]: Parameter RLController.pid_ki_ang set to 0.000000
[imu_filter_madgwick_node-3] [INFO] [1770686825.142043355] [imu_filter]: Parameter RLController.pid_kd_ang set to 0.097743
[WARNING] [launch]: user interrupted with ctrl-c (SIGINT)
