[INFO] [launch]: All log files can be found below /home/world/.ros/log/2026-02-10-16-43-50-960329-world-42273
[INFO] [launch]: Default logging verbosity is set to INFO
[INFO] [livox_timestamp_offset_node-1]: process started with pid [42533]
[INFO] [camera_imu_bias_corrector_cpp-2]: process started with pid [42541]
[INFO] [imu_filter_madgwick_node-3]: process started with pid [42549]
[INFO] [lidar_deskewing-4]: process started with pid [42551]
[INFO] [static_transform_publisher-5]: process started with pid [42560]
[INFO] [static_transform_publisher-6]: process started with pid [42576]
[camera_imu_bias_corrector_cpp-2] [INFO] [1770709431.271531349] [camera_imu_bias_corrector]: IMU bias corrector started: input=/camera/camera/imu output=/camera/camera/imu_bias_corrected
[imu_filter_madgwick_node-3] [INFO] [1770709431.273450653] [imu_filter]: Starting ImuFilter
[imu_filter_madgwick_node-3] [INFO] [1770709431.274007208] [imu_filter]: Using dt computed from message headers
[imu_filter_madgwick_node-3] [INFO] [1770709431.274044713] [imu_filter]: The gravity vector is kept in the IMU message.
[imu_filter_madgwick_node-3] [INFO] [1770709431.274152075] [imu_filter]: Imu filter gain set to 0.100000
[imu_filter_madgwick_node-3] [INFO] [1770709431.274191788] [imu_filter]: Gyro drift bias set to 0.000000
[imu_filter_madgwick_node-3] [INFO] [1770709431.274206637] [imu_filter]: Magnetometer bias values: 0.000000 0.000000 0.000000
[static_transform_publisher-5] [INFO] [1770709431.349149024] [livox_tf]: Spinning until stopped - publishing transform
[static_transform_publisher-5] translation: ('0.000000', '0.000000', '0.830000')
[static_transform_publisher-5] rotation: ('0.000000', '0.000000', '0.000000', '1.000000')
[static_transform_publisher-5] from 'base_link' to 'livox_frame'
[static_transform_publisher-6] [INFO] [1770709431.402973054] [camera_tf]: Spinning until stopped - publishing transform
[static_transform_publisher-6] translation: ('0.200000', '0.000000', '0.580000')
[static_transform_publisher-6] rotation: ('0.000000', '0.000000', '0.000000', '1.000000')
[static_transform_publisher-6] from 'base_link' to 'camera_link'
[livox_timestamp_offset_node-1] [INFO] [1770709432.232634949] [livox_timestamp_offset]: input_topic=/livox/lidar output_topic=/livox/lidar/synced offset_sec=0.036
[lidar_deskewing-4] [INFO] [1770709432.726037511] [lidar_deskewing]:   fixed_frame_id:  base_link
[lidar_deskewing-4] [INFO] [1770709432.726595635] [lidar_deskewing]:   wait_for_transform:  0.200000s
[lidar_deskewing-4] [INFO] [1770709432.726648788] [lidar_deskewing]:   slerp:  true
[camera_imu_bias_corrector_cpp-2] [INFO] [1770709437.656132975] [camera_imu_bias_corrector]: Calibrating IMU bias... keep robot still.
[imu_filter_madgwick_node-3] [INFO] [1770709437.656357907] [imu_filter]: First IMU message received.
[camera_imu_bias_corrector_cpp-2] [INFO] [1770709443.374837929] [camera_imu_bias_corrector]: IMU bias calibrated: x=-0.001100 y=0.001923 z=-0.004665
[imu_filter_madgwick_node-3] [INFO] [1770709453.430378991] [imu_filter]: Parameter RLController.pid_kp_lin set to 1.200000
[imu_filter_madgwick_node-3] [INFO] [1770709453.430714774] [imu_filter]: Parameter RLController.pid_ki_lin set to 0.000000
[imu_filter_madgwick_node-3] [INFO] [1770709453.430810936] [imu_filter]: Parameter RLController.pid_kd_lin set to 0.030000
[imu_filter_madgwick_node-3] [INFO] [1770709453.430924442] [imu_filter]: Parameter RLController.pid_kp_ang set to 1.230000
[imu_filter_madgwick_node-3] [INFO] [1770709453.430995740] [imu_filter]: Parameter RLController.pid_ki_ang set to 0.000000
[imu_filter_madgwick_node-3] [INFO] [1770709453.431054653] [imu_filter]: Parameter RLController.pid_kd_ang set to 0.100000
[imu_filter_madgwick_node-3] [INFO] [1770709478.905233293] [imu_filter]: Parameter RLController.pid_kp_lin set to 1.200000
[imu_filter_madgwick_node-3] [INFO] [1770709478.905447986] [imu_filter]: Parameter RLController.pid_ki_lin set to 0.000000
[imu_filter_madgwick_node-3] [INFO] [1770709478.905553620] [imu_filter]: Parameter RLController.pid_kd_lin set to 0.030000
[imu_filter_madgwick_node-3] [INFO] [1770709478.905628886] [imu_filter]: Parameter RLController.pid_kp_ang set to 1.230000
[imu_filter_madgwick_node-3] [INFO] [1770709478.905694167] [imu_filter]: Parameter RLController.pid_ki_ang set to 0.000000
[imu_filter_madgwick_node-3] [INFO] [1770709478.905759128] [imu_filter]: Parameter RLController.pid_kd_ang set to 0.099923
[imu_filter_madgwick_node-3] [INFO] [1770709479.333349541] [imu_filter]: Parameter RLController.pid_kp_lin set to 1.200000
[imu_filter_madgwick_node-3] [INFO] [1770709479.333718828] [imu_filter]: Parameter RLController.pid_ki_lin set to 0.000000
[imu_filter_madgwick_node-3] [INFO] [1770709479.333797966] [imu_filter]: Parameter RLController.pid_kd_lin set to 0.030000
[imu_filter_madgwick_node-3] [INFO] [1770709479.333862447] [imu_filter]: Parameter RLController.pid_kp_ang set to 1.230000
[imu_filter_madgwick_node-3] [INFO] [1770709479.333924017] [imu_filter]: Parameter RLController.pid_ki_ang set to 0.000000
[imu_filter_madgwick_node-3] [INFO] [1770709479.333985074] [imu_filter]: Parameter RLController.pid_kd_ang set to 0.099853
[imu_filter_madgwick_node-3] [INFO] [1770709479.753995233] [imu_filter]: Parameter RLController.pid_kp_lin set to 1.200000
[imu_filter_madgwick_node-3] [INFO] [1770709479.754208805] [imu_filter]: Parameter RLController.pid_ki_lin set to 0.000000
[imu_filter_madgwick_node-3] [INFO] [1770709479.754280807] [imu_filter]: Parameter RLController.pid_kd_lin set to 0.030000
[imu_filter_madgwick_node-3] [INFO] [1770709479.754347720] [imu_filter]: Parameter RLController.pid_kp_ang set to 1.230000
[imu_filter_madgwick_node-3] [INFO] [1770709479.754409225] [imu_filter]: Parameter RLController.pid_ki_ang set to 0.000000
[imu_filter_madgwick_node-3] [INFO] [1770709479.754469771] [imu_filter]: Parameter RLController.pid_kd_ang set to 0.099796
[imu_filter_madgwick_node-3] [INFO] [1770709480.189397327] [imu_filter]: Parameter RLController.pid_kp_lin set to 1.200000
[imu_filter_madgwick_node-3] [INFO] [1770709480.189653461] [imu_filter]: Parameter RLController.pid_ki_lin set to 0.000000
[imu_filter_madgwick_node-3] [INFO] [1770709480.189737590] [imu_filter]: Parameter RLController.pid_kd_lin set to 0.030000
[imu_filter_madgwick_node-3] [INFO] [1770709480.189806872] [imu_filter]: Parameter RLController.pid_kp_ang set to 1.230000
[imu_filter_madgwick_node-3] [INFO] [1770709480.189871705] [imu_filter]: Parameter RLController.pid_ki_ang set to 0.000000
[imu_filter_madgwick_node-3] [INFO] [1770709480.189933242] [imu_filter]: Parameter RLController.pid_kd_ang set to 0.099749
[imu_filter_madgwick_node-3] [INFO] [1770709480.606300062] [imu_filter]: Parameter RLController.pid_kp_lin set to 1.200000
[imu_filter_madgwick_node-3] [INFO] [1770709480.606543779] [imu_filter]: Parameter RLController.pid_ki_lin set to 0.000000
[imu_filter_madgwick_node-3] [INFO] [1770709480.609020118] [imu_filter]: Parameter RLController.pid_kd_lin set to 0.030000
[imu_filter_madgwick_node-3] [INFO] [1770709480.609342525] [imu_filter]: Parameter RLController.pid_kp_ang set to 1.230000
[imu_filter_madgwick_node-3] [INFO] [1770709480.609432415] [imu_filter]: Parameter RLController.pid_ki_ang set to 0.000000
[imu_filter_madgwick_node-3] [INFO] [1770709480.609598530] [imu_filter]: Parameter RLController.pid_kd_ang set to 0.099749
[imu_filter_madgwick_node-3] [INFO] [1770709481.030208382] [imu_filter]: Parameter RLController.pid_kp_lin set to 1.200000
[imu_filter_madgwick_node-3] [INFO] [1770709481.030450979] [imu_filter]: Parameter RLController.pid_ki_lin set to 0.000000
[imu_filter_madgwick_node-3] [INFO] [1770709481.030797450] [imu_filter]: Parameter RLController.pid_kd_lin set to 0.030000
[imu_filter_madgwick_node-3] [INFO] [1770709481.030883212] [imu_filter]: Parameter RLController.pid_kp_ang set to 1.230000
[imu_filter_madgwick_node-3] [INFO] [1770709481.030978638] [imu_filter]: Parameter RLController.pid_ki_ang set to 0.000000
[imu_filter_madgwick_node-3] [INFO] [1770709481.031041295] [imu_filter]: Parameter RLController.pid_kd_ang set to 0.099749
[imu_filter_madgwick_node-3] [INFO] [1770709481.444291730] [imu_filter]: Parameter RLController.pid_kp_lin set to 1.200000
[imu_filter_madgwick_node-3] [INFO] [1770709481.444491766] [imu_filter]: Parameter RLController.pid_ki_lin set to 0.000000
[imu_filter_madgwick_node-3] [INFO] [1770709481.444566839] [imu_filter]: Parameter RLController.pid_kd_lin set to 0.030000
[imu_filter_madgwick_node-3] [INFO] [1770709481.444639577] [imu_filter]: Parameter RLController.pid_kp_ang set to 1.230000
[imu_filter_madgwick_node-3] [INFO] [1770709481.444703578] [imu_filter]: Parameter RLController.pid_ki_ang set to 0.000000
[imu_filter_madgwick_node-3] [INFO] [1770709481.444765851] [imu_filter]: Parameter RLController.pid_kd_ang set to 0.099749
[imu_filter_madgwick_node-3] [INFO] [1770709481.855167395] [imu_filter]: Parameter RLController.pid_kp_lin set to 1.200000
[imu_filter_madgwick_node-3] [INFO] [1770709481.855366567] [imu_filter]: Parameter RLController.pid_ki_lin set to 0.000000
[imu_filter_madgwick_node-3] [INFO] [1770709481.855441353] [imu_filter]: Parameter RLController.pid_kd_lin set to 0.030000
[imu_filter_madgwick_node-3] [INFO] [1770709481.855508682] [imu_filter]: Parameter RLController.pid_kp_ang set to 1.230000
[imu_filter_madgwick_node-3] [INFO] [1770709481.855570315] [imu_filter]: Parameter RLController.pid_ki_ang set to 0.000000
[imu_filter_madgwick_node-3] [INFO] [1770709481.855631917] [imu_filter]: Parameter RLController.pid_kd_ang set to 0.099749
[imu_filter_madgwick_node-3] [INFO] [1770709482.270778199] [imu_filter]: Parameter RLController.pid_kp_lin set to 1.200000
[imu_filter_madgwick_node-3] [INFO] [1770709482.271012379] [imu_filter]: Parameter RLController.pid_ki_lin set to 0.000000
[imu_filter_madgwick_node-3] [INFO] [1770709482.273634482] [imu_filter]: Parameter RLController.pid_kd_lin set to 0.030000
[imu_filter_madgwick_node-3] [INFO] [1770709482.273995673] [imu_filter]: Parameter RLController.pid_kp_ang set to 1.230000
[imu_filter_madgwick_node-3] [INFO] [1770709482.274091707] [imu_filter]: Parameter RLController.pid_ki_ang set to 0.000000
[imu_filter_madgwick_node-3] [INFO] [1770709482.274156381] [imu_filter]: Parameter RLController.pid_kd_ang set to 0.099749
[imu_filter_madgwick_node-3] [INFO] [1770709482.695118783] [imu_filter]: Parameter RLController.pid_kp_lin set to 1.200000
[imu_filter_madgwick_node-3] [INFO] [1770709482.699272950] [imu_filter]: Parameter RLController.pid_ki_lin set to 0.000000
[imu_filter_madgwick_node-3] [INFO] [1770709482.699469530] [imu_filter]: Parameter RLController.pid_kd_lin set to 0.030000
[imu_filter_madgwick_node-3] [INFO] [1770709482.699579804] [imu_filter]: Parameter RLController.pid_kp_ang set to 1.230000
[imu_filter_madgwick_node-3] [INFO] [1770709482.699643389] [imu_filter]: Parameter RLController.pid_ki_ang set to 0.000000
[imu_filter_madgwick_node-3] [INFO] [1770709482.699705375] [imu_filter]: Parameter RLController.pid_kd_ang set to 0.099749
[imu_filter_madgwick_node-3] [INFO] [1770709483.123159957] [imu_filter]: Parameter RLController.pid_kp_lin set to 1.200000
[imu_filter_madgwick_node-3] [INFO] [1770709483.123383482] [imu_filter]: Parameter RLController.pid_ki_lin set to 0.000000
[imu_filter_madgwick_node-3] [INFO] [1770709483.123474716] [imu_filter]: Parameter RLController.pid_kd_lin set to 0.030000
[imu_filter_madgwick_node-3] [INFO] [1770709483.123543837] [imu_filter]: Parameter RLController.pid_kp_ang set to 1.230000
[imu_filter_madgwick_node-3] [INFO] [1770709483.123619327] [imu_filter]: Parameter RLController.pid_ki_ang set to 0.000000
[imu_filter_madgwick_node-3] [INFO] [1770709483.123682528] [imu_filter]: Parameter RLController.pid_kd_ang set to 0.099749
[imu_filter_madgwick_node-3] [INFO] [1770709483.540986679] [imu_filter]: Parameter RLController.pid_kp_lin set to 1.200000
[imu_filter_madgwick_node-3] [INFO] [1770709483.541191899] [imu_filter]: Parameter RLController.pid_ki_lin set to 0.000000
[imu_filter_madgwick_node-3] [INFO] [1770709483.541281629] [imu_filter]: Parameter RLController.pid_kd_lin set to 0.030000
[imu_filter_madgwick_node-3] [INFO] [1770709483.541467745] [imu_filter]: Parameter RLController.pid_kp_ang set to 1.230000
[imu_filter_madgwick_node-3] [INFO] [1770709483.541571043] [imu_filter]: Parameter RLController.pid_ki_ang set to 0.000000
[imu_filter_madgwick_node-3] [INFO] [1770709483.541638884] [imu_filter]: Parameter RLController.pid_kd_ang set to 0.099749
[imu_filter_madgwick_node-3] [INFO] [1770709483.976861263] [imu_filter]: Parameter RLController.pid_kp_lin set to 1.199759
[imu_filter_madgwick_node-3] [INFO] [1770709483.977061875] [imu_filter]: Parameter RLController.pid_ki_lin set to 0.000000
[imu_filter_madgwick_node-3] [INFO] [1770709483.977134645] [imu_filter]: Parameter RLController.pid_kd_lin set to 0.030000
[imu_filter_madgwick_node-3] [INFO] [1770709483.977197270] [imu_filter]: Parameter RLController.pid_kp_ang set to 1.230366
[imu_filter_madgwick_node-3] [INFO] [1770709483.977377754] [imu_filter]: Parameter RLController.pid_ki_ang set to 0.000000
[imu_filter_madgwick_node-3] [INFO] [1770709483.977443675] [imu_filter]: Parameter RLController.pid_kd_ang set to 0.099665
[imu_filter_madgwick_node-3] [INFO] [1770709484.391923607] [imu_filter]: Parameter RLController.pid_kp_lin set to 1.199759
[imu_filter_madgwick_node-3] [INFO] [1770709484.392157532] [imu_filter]: Parameter RLController.pid_ki_lin set to 0.000000
[imu_filter_madgwick_node-3] [INFO] [1770709484.392342368] [imu_filter]: Parameter RLController.pid_kd_lin set to 0.030000
[imu_filter_madgwick_node-3] [INFO] [1770709484.392426946] [imu_filter]: Parameter RLController.pid_kp_ang set to 1.230366
[imu_filter_madgwick_node-3] [INFO] [1770709484.392498691] [imu_filter]: Parameter RLController.pid_ki_ang set to 0.000000
[imu_filter_madgwick_node-3] [INFO] [1770709484.392567045] [imu_filter]: Parameter RLController.pid_kd_ang set to 0.099611
[imu_filter_madgwick_node-3] [INFO] [1770709484.804453003] [imu_filter]: Parameter RLController.pid_kp_lin set to 1.199759
[imu_filter_madgwick_node-3] [INFO] [1770709484.804676176] [imu_filter]: Parameter RLController.pid_ki_lin set to 0.000000
[imu_filter_madgwick_node-3] [INFO] [1770709484.804762737] [imu_filter]: Parameter RLController.pid_kd_lin set to 0.030057
[imu_filter_madgwick_node-3] [INFO] [1770709484.804838067] [imu_filter]: Parameter RLController.pid_kp_ang set to 1.230366
[imu_filter_madgwick_node-3] [INFO] [1770709484.804903572] [imu_filter]: Parameter RLController.pid_ki_ang set to 0.000000
[imu_filter_madgwick_node-3] [INFO] [1770709484.804967894] [imu_filter]: Parameter RLController.pid_kd_ang set to 0.099611
[imu_filter_madgwick_node-3] [INFO] [1770709485.230817822] [imu_filter]: Parameter RLController.pid_kp_lin set to 1.199759
[imu_filter_madgwick_node-3] [INFO] [1770709485.231152293] [imu_filter]: Parameter RLController.pid_ki_lin set to 0.000000
[imu_filter_madgwick_node-3] [INFO] [1770709485.231244103] [imu_filter]: Parameter RLController.pid_kd_lin set to 0.030108
[imu_filter_madgwick_node-3] [INFO] [1770709485.231314728] [imu_filter]: Parameter RLController.pid_kp_ang set to 1.230366
[imu_filter_madgwick_node-3] [INFO] [1770709485.232405599] [imu_filter]: Parameter RLController.pid_ki_ang set to 0.000000
[imu_filter_madgwick_node-3] [INFO] [1770709485.232513313] [imu_filter]: Parameter RLController.pid_kd_ang set to 0.099611
[imu_filter_madgwick_node-3] [INFO] [1770709485.640593848] [imu_filter]: Parameter RLController.pid_kp_lin set to 1.199759
[imu_filter_madgwick_node-3] [INFO] [1770709485.640786076] [imu_filter]: Parameter RLController.pid_ki_lin set to 0.000000
[imu_filter_madgwick_node-3] [INFO] [1770709485.640867550] [imu_filter]: Parameter RLController.pid_kd_lin set to 0.030108
[imu_filter_madgwick_node-3] [INFO] [1770709485.640936735] [imu_filter]: Parameter RLController.pid_kp_ang set to 1.230366
[imu_filter_madgwick_node-3] [INFO] [1770709485.640998977] [imu_filter]: Parameter RLController.pid_ki_ang set to 0.000000
[imu_filter_madgwick_node-3] [INFO] [1770709485.641088963] [imu_filter]: Parameter RLController.pid_kd_ang set to 0.099611
[imu_filter_madgwick_node-3] [INFO] [1770709486.074914352] [imu_filter]: Parameter RLController.pid_kp_lin set to 1.199759
[imu_filter_madgwick_node-3] [INFO] [1770709486.075136661] [imu_filter]: Parameter RLController.pid_ki_lin set to 0.000000
[imu_filter_madgwick_node-3] [INFO] [1770709486.078768320] [imu_filter]: Parameter RLController.pid_kd_lin set to 0.030108
[imu_filter_madgwick_node-3] [INFO] [1770709486.078970660] [imu_filter]: Parameter RLController.pid_kp_ang set to 1.230366
[imu_filter_madgwick_node-3] [INFO] [1770709486.079043590] [imu_filter]: Parameter RLController.pid_ki_ang set to 0.000000
[imu_filter_madgwick_node-3] [INFO] [1770709486.079108487] [imu_filter]: Parameter RLController.pid_kd_ang set to 0.099611
[imu_filter_madgwick_node-3] [INFO] [1770709486.496178969] [imu_filter]: Parameter RLController.pid_kp_lin set to 1.199759
[imu_filter_madgwick_node-3] [INFO] [1770709486.501519304] [imu_filter]: Parameter RLController.pid_ki_lin set to 0.000000
[imu_filter_madgwick_node-3] [INFO] [1770709486.502283512] [imu_filter]: Parameter RLController.pid_kd_lin set to 0.030108
[imu_filter_madgwick_node-3] [INFO] [1770709486.502426971] [imu_filter]: Parameter RLController.pid_kp_ang set to 1.230366
[imu_filter_madgwick_node-3] [INFO] [1770709486.502499805] [imu_filter]: Parameter RLController.pid_ki_ang set to 0.000000
[imu_filter_madgwick_node-3] [INFO] [1770709486.502563422] [imu_filter]: Parameter RLController.pid_kd_ang set to 0.099611
[imu_filter_madgwick_node-3] [INFO] [1770709486.930342510] [imu_filter]: Parameter RLController.pid_kp_lin set to 1.199902
[imu_filter_madgwick_node-3] [INFO] [1770709486.933510640] [imu_filter]: Parameter RLController.pid_ki_lin set to 0.000000
[imu_filter_madgwick_node-3] [INFO] [1770709486.933691828] [imu_filter]: Parameter RLController.pid_kd_lin set to 0.030108
[imu_filter_madgwick_node-3] [INFO] [1770709486.933770837] [imu_filter]: Parameter RLController.pid_kp_ang set to 1.230366
[imu_filter_madgwick_node-3] [INFO] [1770709486.933839031] [imu_filter]: Parameter RLController.pid_ki_ang set to 0.000000
[imu_filter_madgwick_node-3] [INFO] [1770709486.934127773] [imu_filter]: Parameter RLController.pid_kd_ang set to 0.099611
[imu_filter_madgwick_node-3] [INFO] [1770709487.379794688] [imu_filter]: Parameter RLController.pid_kp_lin set to 1.199902
[imu_filter_madgwick_node-3] [INFO] [1770709487.380472494] [imu_filter]: Parameter RLController.pid_ki_lin set to 0.000000
[imu_filter_madgwick_node-3] [INFO] [1770709487.382677788] [imu_filter]: Parameter RLController.pid_kd_lin set to 0.030108
[imu_filter_madgwick_node-3] [INFO] [1770709487.383449644] [imu_filter]: Parameter RLController.pid_kp_ang set to 1.230132
[imu_filter_madgwick_node-3] [INFO] [1770709487.383572943] [imu_filter]: Parameter RLController.pid_ki_ang set to 0.000000
[imu_filter_madgwick_node-3] [INFO] [1770709487.383646704] [imu_filter]: Parameter RLController.pid_kd_ang set to 0.099611
[imu_filter_madgwick_node-3] [INFO] [1770709487.812108047] [imu_filter]: Parameter RLController.pid_kp_lin set to 1.199902
[imu_filter_madgwick_node-3] [INFO] [1770709487.812313395] [imu_filter]: Parameter RLController.pid_ki_lin set to 0.000000
[imu_filter_madgwick_node-3] [INFO] [1770709487.812385556] [imu_filter]: Parameter RLController.pid_kd_lin set to 0.030052
[imu_filter_madgwick_node-3] [INFO] [1770709487.812479894] [imu_filter]: Parameter RLController.pid_kp_ang set to 1.230360
[imu_filter_madgwick_node-3] [INFO] [1770709487.812548152] [imu_filter]: Parameter RLController.pid_ki_ang set to 0.000000
[imu_filter_madgwick_node-3] [INFO] [1770709487.812626841] [imu_filter]: Parameter RLController.pid_kd_ang set to 0.099538
[imu_filter_madgwick_node-3] [INFO] [1770709488.237901206] [imu_filter]: Parameter RLController.pid_kp_lin set to 1.199902
[imu_filter_madgwick_node-3] [INFO] [1770709488.238251965] [imu_filter]: Parameter RLController.pid_ki_lin set to 0.000000
[imu_filter_madgwick_node-3] [INFO] [1770709488.238377407] [imu_filter]: Parameter RLController.pid_kd_lin set to 0.030052
[imu_filter_madgwick_node-3] [INFO] [1770709488.238449793] [imu_filter]: Parameter RLController.pid_kp_ang set to 1.230360
[imu_filter_madgwick_node-3] [INFO] [1770709488.238511074] [imu_filter]: Parameter RLController.pid_ki_ang set to 0.000000
[imu_filter_madgwick_node-3] [INFO] [1770709488.238573924] [imu_filter]: Parameter RLController.pid_kd_ang set to 0.099485
[imu_filter_madgwick_node-3] [INFO] [1770709488.642745482] [imu_filter]: Parameter RLController.pid_kp_lin set to 1.199902
[imu_filter_madgwick_node-3] [INFO] [1770709488.642939566] [imu_filter]: Parameter RLController.pid_ki_lin set to 0.000000
[imu_filter_madgwick_node-3] [INFO] [1770709488.643010735] [imu_filter]: Parameter RLController.pid_kd_lin set to 0.029973
[imu_filter_madgwick_node-3] [INFO] [1770709488.643074257] [imu_filter]: Parameter RLController.pid_kp_ang set to 1.230740
[imu_filter_madgwick_node-3] [INFO] [1770709488.643132050] [imu_filter]: Parameter RLController.pid_ki_ang set to 0.000000
[imu_filter_madgwick_node-3] [INFO] [1770709488.643189875] [imu_filter]: Parameter RLController.pid_kd_ang set to 0.099403
[imu_filter_madgwick_node-3] [INFO] [1770709489.062271407] [imu_filter]: Parameter RLController.pid_kp_lin set to 1.200071
[imu_filter_madgwick_node-3] [INFO] [1770709489.062480659] [imu_filter]: Parameter RLController.pid_ki_lin set to 0.000000
[imu_filter_madgwick_node-3] [INFO] [1770709489.062554836] [imu_filter]: Parameter RLController.pid_kd_lin set to 0.029973
[imu_filter_madgwick_node-3] [INFO] [1770709489.062619798] [imu_filter]: Parameter RLController.pid_kp_ang set to 1.230740
[imu_filter_madgwick_node-3] [INFO] [1770709489.062680823] [imu_filter]: Parameter RLController.pid_ki_ang set to 0.000000
[imu_filter_madgwick_node-3] [INFO] [1770709489.062733656] [imu_filter]: Parameter RLController.pid_kd_ang set to 0.099338
[imu_filter_madgwick_node-3] [INFO] [1770709489.474785026] [imu_filter]: Parameter RLController.pid_kp_lin set to 1.200071
[imu_filter_madgwick_node-3] [INFO] [1770709489.475007175] [imu_filter]: Parameter RLController.pid_ki_lin set to 0.000000
[imu_filter_madgwick_node-3] [INFO] [1770709489.475103529] [imu_filter]: Parameter RLController.pid_kd_lin set to 0.029973
[imu_filter_madgwick_node-3] [INFO] [1770709489.486782843] [imu_filter]: Parameter RLController.pid_kp_ang set to 1.230740
[imu_filter_madgwick_node-3] [INFO] [1770709489.487168611] [imu_filter]: Parameter RLController.pid_ki_ang set to 0.000000
[imu_filter_madgwick_node-3] [INFO] [1770709489.487372807] [imu_filter]: Parameter RLController.pid_kd_ang set to 0.099291
[imu_filter_madgwick_node-3] [INFO] [1770709489.889636326] [imu_filter]: Parameter RLController.pid_kp_lin set to 1.199901
[imu_filter_madgwick_node-3] [INFO] [1770709489.889881963] [imu_filter]: Parameter RLController.pid_ki_lin set to 0.000000
[imu_filter_madgwick_node-3] [INFO] [1770709489.889971341] [imu_filter]: Parameter RLController.pid_kd_lin set to 0.029973
[imu_filter_madgwick_node-3] [INFO] [1770709489.890047470] [imu_filter]: Parameter RLController.pid_kp_ang set to 1.231075
[imu_filter_madgwick_node-3] [INFO] [1770709489.890112048] [imu_filter]: Parameter RLController.pid_ki_ang set to 0.000000
[imu_filter_madgwick_node-3] [INFO] [1770709489.890174129] [imu_filter]: Parameter RLController.pid_kd_ang set to 0.099216
[imu_filter_madgwick_node-3] [INFO] [1770709490.302312605] [imu_filter]: Parameter RLController.pid_kp_lin set to 1.199901
[imu_filter_madgwick_node-3] [INFO] [1770709490.306221422] [imu_filter]: Parameter RLController.pid_ki_lin set to 0.000000
[imu_filter_madgwick_node-3] [INFO] [1770709490.306419922] [imu_filter]: Parameter RLController.pid_kd_lin set to 0.029973
[imu_filter_madgwick_node-3] [INFO] [1770709490.306510836] [imu_filter]: Parameter RLController.pid_kp_ang set to 1.231075
[imu_filter_madgwick_node-3] [INFO] [1770709490.306584501] [imu_filter]: Parameter RLController.pid_ki_ang set to 0.000000
[imu_filter_madgwick_node-3] [INFO] [1770709490.306647895] [imu_filter]: Parameter RLController.pid_kd_ang set to 0.099168
[imu_filter_madgwick_node-3] [INFO] [1770709490.719668276] [imu_filter]: Parameter RLController.pid_kp_lin set to 1.199901
[imu_filter_madgwick_node-3] [INFO] [1770709490.719865016] [imu_filter]: Parameter RLController.pid_ki_lin set to 0.000000
[imu_filter_madgwick_node-3] [INFO] [1770709490.719938650] [imu_filter]: Parameter RLController.pid_kd_lin set to 0.029973
[imu_filter_madgwick_node-3] [INFO] [1770709490.720000635] [imu_filter]: Parameter RLController.pid_kp_ang set to 1.231075
[imu_filter_madgwick_node-3] [INFO] [1770709490.720058332] [imu_filter]: Parameter RLController.pid_ki_ang set to 0.000000
[imu_filter_madgwick_node-3] [INFO] [1770709490.720114238] [imu_filter]: Parameter RLController.pid_kd_ang set to 0.099168
[imu_filter_madgwick_node-3] [INFO] [1770709491.145788546] [imu_filter]: Parameter RLController.pid_kp_lin set to 1.199901
[imu_filter_madgwick_node-3] [INFO] [1770709491.146009671] [imu_filter]: Parameter RLController.pid_ki_lin set to 0.000000
[imu_filter_madgwick_node-3] [INFO] [1770709491.146100681] [imu_filter]: Parameter RLController.pid_kd_lin set to 0.029973
[imu_filter_madgwick_node-3] [INFO] [1770709491.146175370] [imu_filter]: Parameter RLController.pid_kp_ang set to 1.231075
[imu_filter_madgwick_node-3] [INFO] [1770709491.146240844] [imu_filter]: Parameter RLController.pid_ki_ang set to 0.000000
[imu_filter_madgwick_node-3] [INFO] [1770709491.146306573] [imu_filter]: Parameter RLController.pid_kd_ang set to 0.099168
[imu_filter_madgwick_node-3] [INFO] [1770709491.555719040] [imu_filter]: Parameter RLController.pid_kp_lin set to 1.199901
[imu_filter_madgwick_node-3] [INFO] [1770709491.555917252] [imu_filter]: Parameter RLController.pid_ki_lin set to 0.000000
[imu_filter_madgwick_node-3] [INFO] [1770709491.555995942] [imu_filter]: Parameter RLController.pid_kd_lin set to 0.029973
[imu_filter_madgwick_node-3] [INFO] [1770709491.556085543] [imu_filter]: Parameter RLController.pid_kp_ang set to 1.231075
[imu_filter_madgwick_node-3] [INFO] [1770709491.556149929] [imu_filter]: Parameter RLController.pid_ki_ang set to 0.000000
[imu_filter_madgwick_node-3] [INFO] [1770709491.556208586] [imu_filter]: Parameter RLController.pid_kd_ang set to 0.099168
[imu_filter_madgwick_node-3] [INFO] [1770709491.972006658] [imu_filter]: Parameter RLController.pid_kp_lin set to 1.199717
[imu_filter_madgwick_node-3] [INFO] [1770709491.972359209] [imu_filter]: Parameter RLController.pid_ki_lin set to 0.000000
[imu_filter_madgwick_node-3] [INFO] [1770709491.972485259] [imu_filter]: Parameter RLController.pid_kd_lin set to 0.029919
[imu_filter_madgwick_node-3] [INFO] [1770709491.977399474] [imu_filter]: Parameter RLController.pid_kp_ang set to 1.231474
[imu_filter_madgwick_node-3] [INFO] [1770709491.977754073] [imu_filter]: Parameter RLController.pid_ki_ang set to 0.000000
[imu_filter_madgwick_node-3] [INFO] [1770709491.977866171] [imu_filter]: Parameter RLController.pid_kd_ang set to 0.099079
[imu_filter_madgwick_node-3] [INFO] [1770709492.390411535] [imu_filter]: Parameter RLController.pid_kp_lin set to 1.199717
[imu_filter_madgwick_node-3] [INFO] [1770709492.390790039] [imu_filter]: Parameter RLController.pid_ki_lin set to 0.000000
[imu_filter_madgwick_node-3] [INFO] [1770709492.390900985] [imu_filter]: Parameter RLController.pid_kd_lin set to 0.029919
[imu_filter_madgwick_node-3] [INFO] [1770709492.390975163] [imu_filter]: Parameter RLController.pid_kp_ang set to 1.231474
[imu_filter_madgwick_node-3] [INFO] [1770709492.391044828] [imu_filter]: Parameter RLController.pid_ki_ang set to 0.000000
[imu_filter_madgwick_node-3] [INFO] [1770709492.391107454] [imu_filter]: Parameter RLController.pid_kd_ang set to 0.099079
[imu_filter_madgwick_node-3] [INFO] [1770709492.798379812] [imu_filter]: Parameter RLController.pid_kp_lin set to 1.199717
[imu_filter_madgwick_node-3] [INFO] [1770709492.798737260] [imu_filter]: Parameter RLController.pid_ki_lin set to 0.000000
[imu_filter_madgwick_node-3] [INFO] [1770709492.798828461] [imu_filter]: Parameter RLController.pid_kd_lin set to 0.029919
[imu_filter_madgwick_node-3] [INFO] [1770709492.798900335] [imu_filter]: Parameter RLController.pid_kp_ang set to 1.231474
[imu_filter_madgwick_node-3] [INFO] [1770709492.798966736] [imu_filter]: Parameter RLController.pid_ki_ang set to 0.000000
[imu_filter_madgwick_node-3] [INFO] [1770709492.799030418] [imu_filter]: Parameter RLController.pid_kd_ang set to 0.099079
[imu_filter_madgwick_node-3] [INFO] [1770709493.217957930] [imu_filter]: Parameter RLController.pid_kp_lin set to 1.199717
[imu_filter_madgwick_node-3] [INFO] [1770709493.218193935] [imu_filter]: Parameter RLController.pid_ki_lin set to 0.000000
[imu_filter_madgwick_node-3] [INFO] [1770709493.218380467] [imu_filter]: Parameter RLController.pid_kd_lin set to 0.029919
[imu_filter_madgwick_node-3] [INFO] [1770709493.218452916] [imu_filter]: Parameter RLController.pid_kp_ang set to 1.231474
[imu_filter_madgwick_node-3] [INFO] [1770709493.218513174] [imu_filter]: Parameter RLController.pid_ki_ang set to 0.000000
[imu_filter_madgwick_node-3] [INFO] [1770709493.218571383] [imu_filter]: Parameter RLController.pid_kd_ang set to 0.099079
[imu_filter_madgwick_node-3] [INFO] [1770709493.635069341] [imu_filter]: Parameter RLController.pid_kp_lin set to 1.199717
[imu_filter_madgwick_node-3] [INFO] [1770709493.638347809] [imu_filter]: Parameter RLController.pid_ki_lin set to 0.000000
[imu_filter_madgwick_node-3] [INFO] [1770709493.638530309] [imu_filter]: Parameter RLController.pid_kd_lin set to 0.029919
[imu_filter_madgwick_node-3] [INFO] [1770709493.638605190] [imu_filter]: Parameter RLController.pid_kp_ang set to 1.231474
[imu_filter_madgwick_node-3] [INFO] [1770709493.638669192] [imu_filter]: Parameter RLController.pid_ki_ang set to 0.000000
[imu_filter_madgwick_node-3] [INFO] [1770709493.638727785] [imu_filter]: Parameter RLController.pid_kd_ang set to 0.099079
[imu_filter_madgwick_node-3] [INFO] [1770709494.056136642] [imu_filter]: Parameter RLController.pid_kp_lin set to 1.199717
[imu_filter_madgwick_node-3] [INFO] [1770709494.056340646] [imu_filter]: Parameter RLController.pid_ki_lin set to 0.000000
[imu_filter_madgwick_node-3] [INFO] [1770709494.056415912] [imu_filter]: Parameter RLController.pid_kd_lin set to 0.029919
[imu_filter_madgwick_node-3] [INFO] [1770709494.056501609] [imu_filter]: Parameter RLController.pid_kp_ang set to 1.231474
[imu_filter_madgwick_node-3] [INFO] [1770709494.056566763] [imu_filter]: Parameter RLController.pid_ki_ang set to 0.000000
[imu_filter_madgwick_node-3] [INFO] [1770709494.056626444] [imu_filter]: Parameter RLController.pid_kd_ang set to 0.099079
[imu_filter_madgwick_node-3] [INFO] [1770709494.466185026] [imu_filter]: Parameter RLController.pid_kp_lin set to 1.199717
[imu_filter_madgwick_node-3] [INFO] [1770709494.466373894] [imu_filter]: Parameter RLController.pid_ki_lin set to 0.000000
[imu_filter_madgwick_node-3] [INFO] [1770709494.466448936] [imu_filter]: Parameter RLController.pid_kd_lin set to 0.029919
[imu_filter_madgwick_node-3] [INFO] [1770709494.466530185] [imu_filter]: Parameter RLController.pid_kp_ang set to 1.231474
[imu_filter_madgwick_node-3] [INFO] [1770709494.474116391] [imu_filter]: Parameter RLController.pid_ki_ang set to 0.000000
[imu_filter_madgwick_node-3] [INFO] [1770709494.474442029] [imu_filter]: Parameter RLController.pid_kd_ang set to 0.099079
[imu_filter_madgwick_node-3] [INFO] [1770709494.877847428] [imu_filter]: Parameter RLController.pid_kp_lin set to 1.199717
[imu_filter_madgwick_node-3] [INFO] [1770709494.878050088] [imu_filter]: Parameter RLController.pid_ki_lin set to 0.000000
[imu_filter_madgwick_node-3] [INFO] [1770709494.881519056] [imu_filter]: Parameter RLController.pid_kd_lin set to 0.029919
[imu_filter_madgwick_node-3] [INFO] [1770709494.881722836] [imu_filter]: Parameter RLController.pid_kp_ang set to 1.231474
[imu_filter_madgwick_node-3] [INFO] [1770709494.881796022] [imu_filter]: Parameter RLController.pid_ki_ang set to 0.000000
[imu_filter_madgwick_node-3] [INFO] [1770709494.881862231] [imu_filter]: Parameter RLController.pid_kd_ang set to 0.099079
[imu_filter_madgwick_node-3] [INFO] [1770709495.295937867] [imu_filter]: Parameter RLController.pid_kp_lin set to 1.199717
[imu_filter_madgwick_node-3] [INFO] [1770709495.296291026] [imu_filter]: Parameter RLController.pid_ki_lin set to 0.000000
[imu_filter_madgwick_node-3] [INFO] [1770709495.296411989] [imu_filter]: Parameter RLController.pid_kd_lin set to 0.029919
[imu_filter_madgwick_node-3] [INFO] [1770709495.296498422] [imu_filter]: Parameter RLController.pid_kp_ang set to 1.231474
[imu_filter_madgwick_node-3] [INFO] [1770709495.296565656] [imu_filter]: Parameter RLController.pid_ki_ang set to 0.000000
[imu_filter_madgwick_node-3] [INFO] [1770709495.296634585] [imu_filter]: Parameter RLController.pid_kd_ang set to 0.099079
[imu_filter_madgwick_node-3] [INFO] [1770709495.704226950] [imu_filter]: Parameter RLController.pid_kp_lin set to 1.199466
[imu_filter_madgwick_node-3] [INFO] [1770709495.704432651] [imu_filter]: Parameter RLController.pid_ki_lin set to 0.000000
[imu_filter_madgwick_node-3] [INFO] [1770709495.704506060] [imu_filter]: Parameter RLController.pid_kd_lin set to 0.029919
[imu_filter_madgwick_node-3] [INFO] [1770709495.704571598] [imu_filter]: Parameter RLController.pid_kp_ang set to 1.231822
[imu_filter_madgwick_node-3] [INFO] [1770709495.704626447] [imu_filter]: Parameter RLController.pid_ki_ang set to 0.000000
[imu_filter_madgwick_node-3] [INFO] [1770709495.705847176] [imu_filter]: Parameter RLController.pid_kd_ang set to 0.099005
[imu_filter_madgwick_node-3] [INFO] [1770709496.138318330] [imu_filter]: Parameter RLController.pid_kp_lin set to 1.199466
[imu_filter_madgwick_node-3] [INFO] [1770709496.138561183] [imu_filter]: Parameter RLController.pid_ki_lin set to 0.000000
[imu_filter_madgwick_node-3] [INFO] [1770709496.138648705] [imu_filter]: Parameter RLController.pid_kd_lin set to 0.029919
[imu_filter_madgwick_node-3] [INFO] [1770709496.138718274] [imu_filter]: Parameter RLController.pid_kp_ang set to 1.231822
[imu_filter_madgwick_node-3] [INFO] [1770709496.138894246] [imu_filter]: Parameter RLController.pid_ki_ang set to 0.000000
[imu_filter_madgwick_node-3] [INFO] [1770709496.138967399] [imu_filter]: Parameter RLController.pid_kd_ang set to 0.099005
[imu_filter_madgwick_node-3] [INFO] [1770709496.551127027] [imu_filter]: Parameter RLController.pid_kp_lin set to 1.199466
[imu_filter_madgwick_node-3] [INFO] [1770709496.551330423] [imu_filter]: Parameter RLController.pid_ki_lin set to 0.000000
[imu_filter_madgwick_node-3] [INFO] [1770709496.551414873] [imu_filter]: Parameter RLController.pid_kd_lin set to 0.029919
[imu_filter_madgwick_node-3] [INFO] [1770709496.551483579] [imu_filter]: Parameter RLController.pid_kp_ang set to 1.231822
[imu_filter_madgwick_node-3] [INFO] [1770709496.551541244] [imu_filter]: Parameter RLController.pid_ki_ang set to 0.000000
[imu_filter_madgwick_node-3] [INFO] [1770709496.551598877] [imu_filter]: Parameter RLController.pid_kd_ang set to 0.099005
[imu_filter_madgwick_node-3] [INFO] [1770709496.966182715] [imu_filter]: Parameter RLController.pid_kp_lin set to 1.199466
[imu_filter_madgwick_node-3] [INFO] [1770709496.966468353] [imu_filter]: Parameter RLController.pid_ki_lin set to 0.000000
[imu_filter_madgwick_node-3] [INFO] [1770709496.966548899] [imu_filter]: Parameter RLController.pid_kd_lin set to 0.029919
[imu_filter_madgwick_node-3] [INFO] [1770709496.966613316] [imu_filter]: Parameter RLController.pid_kp_ang set to 1.231822
[imu_filter_madgwick_node-3] [INFO] [1770709496.966669541] [imu_filter]: Parameter RLController.pid_ki_ang set to 0.000000
[imu_filter_madgwick_node-3] [INFO] [1770709496.966725287] [imu_filter]: Parameter RLController.pid_kd_ang set to 0.099005
[imu_filter_madgwick_node-3] [INFO] [1770709497.383932539] [imu_filter]: Parameter RLController.pid_kp_lin set to 1.199466
[imu_filter_madgwick_node-3] [INFO] [1770709497.384144992] [imu_filter]: Parameter RLController.pid_ki_lin set to 0.000000
[imu_filter_madgwick_node-3] [INFO] [1770709497.387202143] [imu_filter]: Parameter RLController.pid_kd_lin set to 0.029919
[imu_filter_madgwick_node-3] [INFO] [1770709497.387394851] [imu_filter]: Parameter RLController.pid_kp_ang set to 1.231822
[imu_filter_madgwick_node-3] [INFO] [1770709497.387475141] [imu_filter]: Parameter RLController.pid_ki_ang set to 0.000000
[imu_filter_madgwick_node-3] [INFO] [1770709497.387553574] [imu_filter]: Parameter RLController.pid_kd_ang set to 0.099005
[imu_filter_madgwick_node-3] [INFO] [1770709497.808589675] [imu_filter]: Parameter RLController.pid_kp_lin set to 1.199466
[imu_filter_madgwick_node-3] [INFO] [1770709497.808787663] [imu_filter]: Parameter RLController.pid_ki_lin set to 0.000000
[imu_filter_madgwick_node-3] [INFO] [1770709497.808904401] [imu_filter]: Parameter RLController.pid_kd_lin set to 0.029919
[imu_filter_madgwick_node-3] [INFO] [1770709497.808976179] [imu_filter]: Parameter RLController.pid_kp_ang set to 1.231822
[imu_filter_madgwick_node-3] [INFO] [1770709497.809038676] [imu_filter]: Parameter RLController.pid_ki_ang set to 0.000000
[imu_filter_madgwick_node-3] [INFO] [1770709497.809108150] [imu_filter]: Parameter RLController.pid_kd_ang set to 0.099005
[imu_filter_madgwick_node-3] [INFO] [1770709498.237102501] [imu_filter]: Parameter RLController.pid_kp_lin set to 1.199466
[imu_filter_madgwick_node-3] [INFO] [1770709498.237312554] [imu_filter]: Parameter RLController.pid_ki_lin set to 0.000000
[imu_filter_madgwick_node-3] [INFO] [1770709498.237387947] [imu_filter]: Parameter RLController.pid_kd_lin set to 0.029919
[imu_filter_madgwick_node-3] [INFO] [1770709498.237454028] [imu_filter]: Parameter RLController.pid_kp_ang set to 1.231822
[imu_filter_madgwick_node-3] [INFO] [1770709498.237536430] [imu_filter]: Parameter RLController.pid_ki_ang set to 0.000000
[imu_filter_madgwick_node-3] [INFO] [1770709498.237599215] [imu_filter]: Parameter RLController.pid_kd_ang set to 0.099005
[imu_filter_madgwick_node-3] [INFO] [1770709498.645787704] [imu_filter]: Parameter RLController.pid_kp_lin set to 1.199466
[imu_filter_madgwick_node-3] [INFO] [1770709498.645991132] [imu_filter]: Parameter RLController.pid_ki_lin set to 0.000000
[imu_filter_madgwick_node-3] [INFO] [1770709498.646073277] [imu_filter]: Parameter RLController.pid_kd_lin set to 0.029919
[imu_filter_madgwick_node-3] [INFO] [1770709498.646145311] [imu_filter]: Parameter RLController.pid_kp_ang set to 1.231822
[imu_filter_madgwick_node-3] [INFO] [1770709498.646205696] [imu_filter]: Parameter RLController.pid_ki_ang set to 0.000000
[imu_filter_madgwick_node-3] [INFO] [1770709498.646267841] [imu_filter]: Parameter RLController.pid_kd_ang set to 0.099005
[imu_filter_madgwick_node-3] [INFO] [1770709499.065425575] [imu_filter]: Parameter RLController.pid_kp_lin set to 1.199466
[imu_filter_madgwick_node-3] [INFO] [1770709499.065802126] [imu_filter]: Parameter RLController.pid_ki_lin set to 0.000000
[imu_filter_madgwick_node-3] [INFO] [1770709499.065940881] [imu_filter]: Parameter RLController.pid_kd_lin set to 0.029919
[imu_filter_madgwick_node-3] [INFO] [1770709499.066017555] [imu_filter]: Parameter RLController.pid_kp_ang set to 1.231822
[imu_filter_madgwick_node-3] [INFO] [1770709499.066080052] [imu_filter]: Parameter RLController.pid_ki_ang set to 0.000000
[imu_filter_madgwick_node-3] [INFO] [1770709499.066138037] [imu_filter]: Parameter RLController.pid_kd_ang set to 0.099005
[imu_filter_madgwick_node-3] [INFO] [1770709499.483100910] [imu_filter]: Parameter RLController.pid_kp_lin set to 1.199466
[imu_filter_madgwick_node-3] [INFO] [1770709499.483412340] [imu_filter]: Parameter RLController.pid_ki_lin set to 0.000000
[imu_filter_madgwick_node-3] [INFO] [1770709499.483522231] [imu_filter]: Parameter RLController.pid_kd_lin set to 0.029919
[imu_filter_madgwick_node-3] [INFO] [1770709499.483599512] [imu_filter]: Parameter RLController.pid_kp_ang set to 1.231822
[imu_filter_madgwick_node-3] [INFO] [1770709499.483663449] [imu_filter]: Parameter RLController.pid_ki_ang set to 0.000000
[imu_filter_madgwick_node-3] [INFO] [1770709499.483727643] [imu_filter]: Parameter RLController.pid_kd_ang set to 0.099005
[imu_filter_madgwick_node-3] [INFO] [1770709499.907467229] [imu_filter]: Parameter RLController.pid_kp_lin set to 1.199466
[imu_filter_madgwick_node-3] [INFO] [1770709499.907680225] [imu_filter]: Parameter RLController.pid_ki_lin set to 0.000000
[imu_filter_madgwick_node-3] [INFO] [1770709499.907766499] [imu_filter]: Parameter RLController.pid_kd_lin set to 0.029919
[imu_filter_madgwick_node-3] [INFO] [1770709499.907843748] [imu_filter]: Parameter RLController.pid_kp_ang set to 1.231822
[imu_filter_madgwick_node-3] [INFO] [1770709499.907905445] [imu_filter]: Parameter RLController.pid_ki_ang set to 0.000000
[imu_filter_madgwick_node-3] [INFO] [1770709499.907966023] [imu_filter]: Parameter RLController.pid_kd_ang set to 0.099005
[imu_filter_madgwick_node-3] [INFO] [1770709500.329649311] [imu_filter]: Parameter RLController.pid_kp_lin set to 1.198949
[imu_filter_madgwick_node-3] [INFO] [1770709500.329867235] [imu_filter]: Parameter RLController.pid_ki_lin set to 0.000000
[imu_filter_madgwick_node-3] [INFO] [1770709500.329946629] [imu_filter]: Parameter RLController.pid_kd_lin set to 0.029975
[imu_filter_madgwick_node-3] [INFO] [1770709500.330012134] [imu_filter]: Parameter RLController.pid_kp_ang set to 1.232110
[imu_filter_madgwick_node-3] [INFO] [1770709500.330073128] [imu_filter]: Parameter RLController.pid_ki_ang set to 0.000000
[imu_filter_madgwick_node-3] [INFO] [1770709500.330137609] [imu_filter]: Parameter RLController.pid_kd_ang set to 0.099005
[imu_filter_madgwick_node-3] [INFO] [1770709500.750363140] [imu_filter]: Parameter RLController.pid_kp_lin set to 1.198949
[imu_filter_madgwick_node-3] [INFO] [1770709500.750667466] [imu_filter]: Parameter RLController.pid_ki_lin set to 0.000000
[imu_filter_madgwick_node-3] [INFO] [1770709500.750784780] [imu_filter]: Parameter RLController.pid_kd_lin set to 0.029975
[imu_filter_madgwick_node-3] [INFO] [1770709500.750860942] [imu_filter]: Parameter RLController.pid_kp_ang set to 1.232110
[imu_filter_madgwick_node-3] [INFO] [1770709500.750921103] [imu_filter]: Parameter RLController.pid_ki_ang set to 0.000000
[imu_filter_madgwick_node-3] [INFO] [1770709500.750981872] [imu_filter]: Parameter RLController.pid_kd_ang set to 0.099005
[imu_filter_madgwick_node-3] [INFO] [1770709501.166875444] [imu_filter]: Parameter RLController.pid_kp_lin set to 1.198949
[imu_filter_madgwick_node-3] [INFO] [1770709501.169823055] [imu_filter]: Parameter RLController.pid_ki_lin set to 0.000000
[imu_filter_madgwick_node-3] [INFO] [1770709501.175256573] [imu_filter]: Parameter RLController.pid_kd_lin set to 0.029975
[imu_filter_madgwick_node-3] [INFO] [1770709501.175462241] [imu_filter]: Parameter RLController.pid_kp_ang set to 1.232110
[imu_filter_madgwick_node-3] [INFO] [1770709501.175545699] [imu_filter]: Parameter RLController.pid_ki_ang set to 0.000000
[imu_filter_madgwick_node-3] [INFO] [1770709501.179696918] [imu_filter]: Parameter RLController.pid_kd_ang set to 0.099005
[imu_filter_madgwick_node-3] [INFO] [1770709501.596392842] [imu_filter]: Parameter RLController.pid_kp_lin set to 1.198949
[imu_filter_madgwick_node-3] [INFO] [1770709501.596970230] [imu_filter]: Parameter RLController.pid_ki_lin set to 0.000000
[imu_filter_madgwick_node-3] [INFO] [1770709501.597074744] [imu_filter]: Parameter RLController.pid_kd_lin set to 0.029975
[imu_filter_madgwick_node-3] [INFO] [1770709501.597143833] [imu_filter]: Parameter RLController.pid_kp_ang set to 1.232110
[imu_filter_madgwick_node-3] [INFO] [1770709501.597214395] [imu_filter]: Parameter RLController.pid_ki_ang set to 0.000000
[imu_filter_madgwick_node-3] [INFO] [1770709501.597277020] [imu_filter]: Parameter RLController.pid_kd_ang set to 0.099005
[imu_filter_madgwick_node-3] [INFO] [1770709502.014150035] [imu_filter]: Parameter RLController.pid_kp_lin set to 1.198949
[imu_filter_madgwick_node-3] [INFO] [1770709502.014495706] [imu_filter]: Parameter RLController.pid_ki_lin set to 0.000000
[imu_filter_madgwick_node-3] [INFO] [1770709502.014592412] [imu_filter]: Parameter RLController.pid_kd_lin set to 0.029975
[imu_filter_madgwick_node-3] [INFO] [1770709502.014663614] [imu_filter]: Parameter RLController.pid_kp_ang set to 1.232110
[imu_filter_madgwick_node-3] [INFO] [1770709502.014729919] [imu_filter]: Parameter RLController.pid_ki_ang set to 0.000000
[imu_filter_madgwick_node-3] [INFO] [1770709502.014791040] [imu_filter]: Parameter RLController.pid_kd_ang set to 0.099005
[imu_filter_madgwick_node-3] [INFO] [1770709502.456221799] [imu_filter]: Parameter RLController.pid_kp_lin set to 1.198949
[imu_filter_madgwick_node-3] [INFO] [1770709502.456523757] [imu_filter]: Parameter RLController.pid_ki_lin set to 0.000000
[imu_filter_madgwick_node-3] [INFO] [1770709502.456605711] [imu_filter]: Parameter RLController.pid_kd_lin set to 0.029975
[imu_filter_madgwick_node-3] [INFO] [1770709502.456671952] [imu_filter]: Parameter RLController.pid_kp_ang set to 1.232110
[imu_filter_madgwick_node-3] [INFO] [1770709502.456733201] [imu_filter]: Parameter RLController.pid_ki_ang set to 0.000000
[imu_filter_madgwick_node-3] [INFO] [1770709502.456794962] [imu_filter]: Parameter RLController.pid_kd_ang set to 0.099005
[imu_filter_madgwick_node-3] [INFO] [1770709502.876188957] [imu_filter]: Parameter RLController.pid_kp_lin set to 1.198949
[imu_filter_madgwick_node-3] [INFO] [1770709502.876410913] [imu_filter]: Parameter RLController.pid_ki_lin set to 0.000000
[imu_filter_madgwick_node-3] [INFO] [1770709502.876495395] [imu_filter]: Parameter RLController.pid_kd_lin set to 0.029975
[imu_filter_madgwick_node-3] [INFO] [1770709502.876573252] [imu_filter]: Parameter RLController.pid_kp_ang set to 1.232110
[imu_filter_madgwick_node-3] [INFO] [1770709502.876632934] [imu_filter]: Parameter RLController.pid_ki_ang set to 0.000000
[imu_filter_madgwick_node-3] [INFO] [1770709502.876692935] [imu_filter]: Parameter RLController.pid_kd_ang set to 0.099005
[imu_filter_madgwick_node-3] [INFO] [1770709503.289600206] [imu_filter]: Parameter RLController.pid_kp_lin set to 1.198949
[imu_filter_madgwick_node-3] [INFO] [1770709503.289827603] [imu_filter]: Parameter RLController.pid_ki_lin set to 0.000000
[imu_filter_madgwick_node-3] [INFO] [1770709503.289904724] [imu_filter]: Parameter RLController.pid_kd_lin set to 0.029975
[imu_filter_madgwick_node-3] [INFO] [1770709503.289970998] [imu_filter]: Parameter RLController.pid_kp_ang set to 1.232110
[imu_filter_madgwick_node-3] [INFO] [1770709503.290031767] [imu_filter]: Parameter RLController.pid_ki_ang set to 0.000000
[imu_filter_madgwick_node-3] [INFO] [1770709503.290094232] [imu_filter]: Parameter RLController.pid_kd_ang set to 0.099005
[imu_filter_madgwick_node-3] [INFO] [1770709503.703066305] [imu_filter]: Parameter RLController.pid_kp_lin set to 1.198949
[imu_filter_madgwick_node-3] [INFO] [1770709503.703293893] [imu_filter]: Parameter RLController.pid_ki_lin set to 0.000000
[imu_filter_madgwick_node-3] [INFO] [1770709503.703377287] [imu_filter]: Parameter RLController.pid_kd_lin set to 0.029975
[imu_filter_madgwick_node-3] [INFO] [1770709503.703446184] [imu_filter]: Parameter RLController.pid_kp_ang set to 1.232110
[imu_filter_madgwick_node-3] [INFO] [1770709503.703506602] [imu_filter]: Parameter RLController.pid_ki_ang set to 0.000000
[imu_filter_madgwick_node-3] [INFO] [1770709503.703570155] [imu_filter]: Parameter RLController.pid_kd_ang set to 0.098952
[imu_filter_madgwick_node-3] [INFO] [1770709504.109717418] [imu_filter]: Parameter RLController.pid_kp_lin set to 1.198949
[imu_filter_madgwick_node-3] [INFO] [1770709504.109949327] [imu_filter]: Parameter RLController.pid_ki_lin set to 0.000000
[imu_filter_madgwick_node-3] [INFO] [1770709504.110025040] [imu_filter]: Parameter RLController.pid_kd_lin set to 0.029975
[imu_filter_madgwick_node-3] [INFO] [1770709504.110094674] [imu_filter]: Parameter RLController.pid_kp_ang set to 1.232110
[imu_filter_madgwick_node-3] [INFO] [1770709504.110158323] [imu_filter]: Parameter RLController.pid_ki_ang set to 0.000000
[imu_filter_madgwick_node-3] [INFO] [1770709504.110219412] [imu_filter]: Parameter RLController.pid_kd_ang set to 0.098891
[imu_filter_madgwick_node-3] [INFO] [1770709504.529544285] [imu_filter]: Parameter RLController.pid_kp_lin set to 1.198949
[imu_filter_madgwick_node-3] [INFO] [1770709504.529748161] [imu_filter]: Parameter RLController.pid_ki_lin set to 0.000000
[imu_filter_madgwick_node-3] [INFO] [1770709504.529968165] [imu_filter]: Parameter RLController.pid_kd_lin set to 0.029975
[imu_filter_madgwick_node-3] [INFO] [1770709504.535303953] [imu_filter]: Parameter RLController.pid_kp_ang set to 1.232110
[imu_filter_madgwick_node-3] [INFO] [1770709504.535494773] [imu_filter]: Parameter RLController.pid_ki_ang set to 0.000000
[imu_filter_madgwick_node-3] [INFO] [1770709504.535576118] [imu_filter]: Parameter RLController.pid_kd_ang set to 0.098824
[imu_filter_madgwick_node-3] [INFO] [1770709504.951957508] [imu_filter]: Parameter RLController.pid_kp_lin set to 1.198949
[imu_filter_madgwick_node-3] [INFO] [1770709504.952159400] [imu_filter]: Parameter RLController.pid_ki_lin set to 0.000000
[imu_filter_madgwick_node-3] [INFO] [1770709504.952244906] [imu_filter]: Parameter RLController.pid_kd_lin set to 0.029975
[imu_filter_madgwick_node-3] [INFO] [1770709504.952313483] [imu_filter]: Parameter RLController.pid_kp_ang set to 1.232110
[imu_filter_madgwick_node-3] [INFO] [1770709504.952373420] [imu_filter]: Parameter RLController.pid_ki_ang set to 0.000000
[imu_filter_madgwick_node-3] [INFO] [1770709504.952433486] [imu_filter]: Parameter RLController.pid_kd_ang set to 0.098752
[imu_filter_madgwick_node-3] [INFO] [1770709505.371851576] [imu_filter]: Parameter RLController.pid_kp_lin set to 1.198949
[imu_filter_madgwick_node-3] [INFO] [1770709505.372067549] [imu_filter]: Parameter RLController.pid_ki_lin set to 0.000000
[imu_filter_madgwick_node-3] [INFO] [1770709505.372262784] [imu_filter]: Parameter RLController.pid_kd_lin set to 0.029975
[imu_filter_madgwick_node-3] [INFO] [1770709505.372452580] [imu_filter]: Parameter RLController.pid_kp_ang set to 1.232110
[imu_filter_madgwick_node-3] [INFO] [1770709505.372520550] [imu_filter]: Parameter RLController.pid_ki_ang set to 0.000000
[imu_filter_madgwick_node-3] [INFO] [1770709505.372581543] [imu_filter]: Parameter RLController.pid_kd_ang set to 0.098676
[imu_filter_madgwick_node-3] [INFO] [1770709505.788004577] [imu_filter]: Parameter RLController.pid_kp_lin set to 1.198949
[imu_filter_madgwick_node-3] [INFO] [1770709505.790934620] [imu_filter]: Parameter RLController.pid_ki_lin set to 0.000000
[imu_filter_madgwick_node-3] [INFO] [1770709505.791115488] [imu_filter]: Parameter RLController.pid_kd_lin set to 0.029975
[imu_filter_madgwick_node-3] [INFO] [1770709505.791189441] [imu_filter]: Parameter RLController.pid_kp_ang set to 1.232110
[imu_filter_madgwick_node-3] [INFO] [1770709505.791252098] [imu_filter]: Parameter RLController.pid_ki_ang set to 0.000000
[imu_filter_madgwick_node-3] [INFO] [1770709505.791311204] [imu_filter]: Parameter RLController.pid_kd_ang set to 0.098598
[imu_filter_madgwick_node-3] [INFO] [1770709506.214617693] [imu_filter]: Parameter RLController.pid_kp_lin set to 1.198949
[imu_filter_madgwick_node-3] [INFO] [1770709506.214845697] [imu_filter]: Parameter RLController.pid_ki_lin set to 0.000000
[imu_filter_madgwick_node-3] [INFO] [1770709506.214925859] [imu_filter]: Parameter RLController.pid_kd_lin set to 0.029975
[imu_filter_madgwick_node-3] [INFO] [1770709506.217301235] [imu_filter]: Parameter RLController.pid_kp_ang set to 1.232110
[imu_filter_madgwick_node-3] [INFO] [1770709506.217648890] [imu_filter]: Parameter RLController.pid_ki_ang set to 0.000000
[imu_filter_madgwick_node-3] [INFO] [1770709506.217739516] [imu_filter]: Parameter RLController.pid_kd_ang set to 0.098518
[imu_filter_madgwick_node-3] [INFO] [1770709506.652249815] [imu_filter]: Parameter RLController.pid_kp_lin set to 1.198949
[imu_filter_madgwick_node-3] [INFO] [1770709506.652466107] [imu_filter]: Parameter RLController.pid_ki_lin set to 0.000000
[imu_filter_madgwick_node-3] [INFO] [1770709506.652533820] [imu_filter]: Parameter RLController.pid_kd_lin set to 0.029975
[imu_filter_madgwick_node-3] [INFO] [1770709506.652597854] [imu_filter]: Parameter RLController.pid_kp_ang set to 1.232110
[imu_filter_madgwick_node-3] [INFO] [1770709506.652656671] [imu_filter]: Parameter RLController.pid_ki_ang set to 0.000000
[imu_filter_madgwick_node-3] [INFO] [1770709506.652716640] [imu_filter]: Parameter RLController.pid_kd_ang set to 0.098436
[imu_filter_madgwick_node-3] [INFO] [1770709507.076686023] [imu_filter]: Parameter RLController.pid_kp_lin set to 1.198949
[imu_filter_madgwick_node-3] [INFO] [1770709507.076898507] [imu_filter]: Parameter RLController.pid_ki_lin set to 0.000000
[imu_filter_madgwick_node-3] [INFO] [1770709507.076973676] [imu_filter]: Parameter RLController.pid_kd_lin set to 0.029975
[imu_filter_madgwick_node-3] [INFO] [1770709507.077045806] [imu_filter]: Parameter RLController.pid_kp_ang set to 1.232110
[imu_filter_madgwick_node-3] [INFO] [1770709507.077109487] [imu_filter]: Parameter RLController.pid_ki_ang set to 0.000000
[imu_filter_madgwick_node-3] [INFO] [1770709507.077168432] [imu_filter]: Parameter RLController.pid_kd_ang set to 0.098353
[imu_filter_madgwick_node-3] [INFO] [1770709507.493696321] [imu_filter]: Parameter RLController.pid_kp_lin set to 1.198949
[imu_filter_madgwick_node-3] [INFO] [1770709507.501930215] [imu_filter]: Parameter RLController.pid_ki_lin set to 0.000000
[imu_filter_madgwick_node-3] [INFO] [1770709507.502282638] [imu_filter]: Parameter RLController.pid_kd_lin set to 0.029975
[imu_filter_madgwick_node-3] [INFO] [1770709507.502399536] [imu_filter]: Parameter RLController.pid_kp_ang set to 1.232110
[imu_filter_madgwick_node-3] [INFO] [1770709507.502550067] [imu_filter]: Parameter RLController.pid_ki_ang set to 0.000000
[imu_filter_madgwick_node-3] [INFO] [1770709507.502626453] [imu_filter]: Parameter RLController.pid_kd_ang set to 0.098268
[imu_filter_madgwick_node-3] [INFO] [1770709507.920701444] [imu_filter]: Parameter RLController.pid_kp_lin set to 1.198949
[imu_filter_madgwick_node-3] [INFO] [1770709507.920902344] [imu_filter]: Parameter RLController.pid_ki_lin set to 0.000000
[imu_filter_madgwick_node-3] [INFO] [1770709507.921216847] [imu_filter]: Parameter RLController.pid_kd_lin set to 0.029975
[imu_filter_madgwick_node-3] [INFO] [1770709507.921304369] [imu_filter]: Parameter RLController.pid_kp_ang set to 1.232110
[imu_filter_madgwick_node-3] [INFO] [1770709507.921370834] [imu_filter]: Parameter RLController.pid_ki_ang set to 0.000000
[imu_filter_madgwick_node-3] [INFO] [1770709507.921433459] [imu_filter]: Parameter RLController.pid_kd_ang set to 0.098183
[imu_filter_madgwick_node-3] [INFO] [1770709508.332754971] [imu_filter]: Parameter RLController.pid_kp_lin set to 1.198949
[imu_filter_madgwick_node-3] [INFO] [1770709508.332978655] [imu_filter]: Parameter RLController.pid_ki_lin set to 0.000000
[imu_filter_madgwick_node-3] [INFO] [1770709508.333053793] [imu_filter]: Parameter RLController.pid_kd_lin set to 0.029975
[imu_filter_madgwick_node-3] [INFO] [1770709508.333118530] [imu_filter]: Parameter RLController.pid_kp_ang set to 1.232110
[imu_filter_madgwick_node-3] [INFO] [1770709508.333287621] [imu_filter]: Parameter RLController.pid_ki_ang set to 0.000000
[imu_filter_madgwick_node-3] [INFO] [1770709508.333367815] [imu_filter]: Parameter RLController.pid_kd_ang set to 0.098098
[imu_filter_madgwick_node-3] [INFO] [1770709508.755773006] [imu_filter]: Parameter RLController.pid_kp_lin set to 1.198949
[imu_filter_madgwick_node-3] [INFO] [1770709508.756115701] [imu_filter]: Parameter RLController.pid_ki_lin set to 0.000000
[imu_filter_madgwick_node-3] [INFO] [1770709508.756205430] [imu_filter]: Parameter RLController.pid_kd_lin set to 0.029975
[imu_filter_madgwick_node-3] [INFO] [1770709508.756273400] [imu_filter]: Parameter RLController.pid_kp_ang set to 1.232110
[imu_filter_madgwick_node-3] [INFO] [1770709508.756334297] [imu_filter]: Parameter RLController.pid_ki_ang set to 0.000000
[imu_filter_madgwick_node-3] [INFO] [1770709508.756394042] [imu_filter]: Parameter RLController.pid_kd_ang set to 0.098011
[imu_filter_madgwick_node-3] [INFO] [1770709509.167470333] [imu_filter]: Parameter RLController.pid_kp_lin set to 1.198949
[imu_filter_madgwick_node-3] [INFO] [1770709509.168115050] [imu_filter]: Parameter RLController.pid_ki_lin set to 0.000000
[imu_filter_madgwick_node-3] [INFO] [1770709509.168247628] [imu_filter]: Parameter RLController.pid_kd_lin set to 0.029975
[imu_filter_madgwick_node-3] [INFO] [1770709509.168318734] [imu_filter]: Parameter RLController.pid_kp_ang set to 1.232110
[imu_filter_madgwick_node-3] [INFO] [1770709509.168382383] [imu_filter]: Parameter RLController.pid_ki_ang set to 0.000000
[imu_filter_madgwick_node-3] [INFO] [1770709509.168437488] [imu_filter]: Parameter RLController.pid_kd_ang set to 0.097925
[imu_filter_madgwick_node-3] [INFO] [1770709509.598854873] [imu_filter]: Parameter RLController.pid_kp_lin set to 1.198949
[imu_filter_madgwick_node-3] [INFO] [1770709509.599111646] [imu_filter]: Parameter RLController.pid_ki_lin set to 0.000000
[imu_filter_madgwick_node-3] [INFO] [1770709509.599196096] [imu_filter]: Parameter RLController.pid_kd_lin set to 0.029975
[imu_filter_madgwick_node-3] [INFO] [1770709509.599333282] [imu_filter]: Parameter RLController.pid_kp_ang set to 1.232110
[imu_filter_madgwick_node-3] [INFO] [1770709509.599398788] [imu_filter]: Parameter RLController.pid_ki_ang set to 0.000000
[imu_filter_madgwick_node-3] [INFO] [1770709509.602611300] [imu_filter]: Parameter RLController.pid_kd_ang set to 0.097838
[imu_filter_madgwick_node-3] [INFO] [1770709510.010585064] [imu_filter]: Parameter RLController.pid_kp_lin set to 1.198949
[imu_filter_madgwick_node-3] [INFO] [1770709510.010810829] [imu_filter]: Parameter RLController.pid_ki_lin set to 0.000000
[imu_filter_madgwick_node-3] [INFO] [1770709510.011037201] [imu_filter]: Parameter RLController.pid_kd_lin set to 0.029975
[imu_filter_madgwick_node-3] [INFO] [1770709510.011111731] [imu_filter]: Parameter RLController.pid_kp_ang set to 1.232110
[imu_filter_madgwick_node-3] [INFO] [1770709510.011179316] [imu_filter]: Parameter RLController.pid_ki_ang set to 0.000000
[imu_filter_madgwick_node-3] [INFO] [1770709510.014288083] [imu_filter]: Parameter RLController.pid_kd_ang set to 0.097751
[imu_filter_madgwick_node-3] [INFO] [1770709510.430260696] [imu_filter]: Parameter RLController.pid_kp_lin set to 1.198949
[imu_filter_madgwick_node-3] [INFO] [1770709510.430520765] [imu_filter]: Parameter RLController.pid_ki_lin set to 0.000000
[imu_filter_madgwick_node-3] [INFO] [1770709510.430845924] [imu_filter]: Parameter RLController.pid_kd_lin set to 0.029975
[imu_filter_madgwick_node-3] [INFO] [1770709510.431109545] [imu_filter]: Parameter RLController.pid_kp_ang set to 1.232110
[imu_filter_madgwick_node-3] [INFO] [1770709510.431216651] [imu_filter]: Parameter RLController.pid_ki_ang set to 0.000000
[imu_filter_madgwick_node-3] [INFO] [1770709510.431284685] [imu_filter]: Parameter RLController.pid_kd_ang set to 0.097664
[imu_filter_madgwick_node-3] [INFO] [1770709510.856057987] [imu_filter]: Parameter RLController.pid_kp_lin set to 1.198949
[imu_filter_madgwick_node-3] [INFO] [1770709510.869663798] [imu_filter]: Parameter RLController.pid_ki_lin set to 0.000000
[imu_filter_madgwick_node-3] [INFO] [1770709510.870002205] [imu_filter]: Parameter RLController.pid_kd_lin set to 0.029975
[imu_filter_madgwick_node-3] [INFO] [1770709510.870129055] [imu_filter]: Parameter RLController.pid_kp_ang set to 1.232110
[imu_filter_madgwick_node-3] [INFO] [1770709510.870225825] [imu_filter]: Parameter RLController.pid_ki_ang set to 0.000000
[imu_filter_madgwick_node-3] [INFO] [1770709510.870294403] [imu_filter]: Parameter RLController.pid_kd_ang set to 0.097577
[imu_filter_madgwick_node-3] [INFO] [1770709511.271489854] [imu_filter]: Parameter RLController.pid_kp_lin set to 1.198949
[imu_filter_madgwick_node-3] [INFO] [1770709511.271703074] [imu_filter]: Parameter RLController.pid_ki_lin set to 0.000000
[imu_filter_madgwick_node-3] [INFO] [1770709511.271775044] [imu_filter]: Parameter RLController.pid_kd_lin set to 0.029975
[imu_filter_madgwick_node-3] [INFO] [1770709511.271845157] [imu_filter]: Parameter RLController.pid_kp_ang set to 1.232110
[imu_filter_madgwick_node-3] [INFO] [1770709511.271908326] [imu_filter]: Parameter RLController.pid_ki_ang set to 0.000000
[imu_filter_madgwick_node-3] [INFO] [1770709511.271973096] [imu_filter]: Parameter RLController.pid_kd_ang set to 0.097489
[imu_filter_madgwick_node-3] [INFO] [1770709511.688872255] [imu_filter]: Parameter RLController.pid_kp_lin set to 1.199341
[imu_filter_madgwick_node-3] [INFO] [1770709511.695535590] [imu_filter]: Parameter RLController.pid_ki_lin set to 0.000000
[imu_filter_madgwick_node-3] [INFO] [1770709511.695729418] [imu_filter]: Parameter RLController.pid_kd_lin set to 0.029795
[imu_filter_madgwick_node-3] [INFO] [1770709511.695799819] [imu_filter]: Parameter RLController.pid_kp_ang set to 1.232537
[imu_filter_madgwick_node-3] [INFO] [1770709511.695861036] [imu_filter]: Parameter RLController.pid_ki_ang set to 0.000000
[imu_filter_madgwick_node-3] [INFO] [1770709511.695922286] [imu_filter]: Parameter RLController.pid_kd_ang set to 0.097352
[imu_filter_madgwick_node-3] [INFO] [1770709512.123989927] [imu_filter]: Parameter RLController.pid_kp_lin set to 1.199792
[imu_filter_madgwick_node-3] [INFO] [1770709512.124380079] [imu_filter]: Parameter RLController.pid_ki_lin set to 0.000000
[imu_filter_madgwick_node-3] [INFO] [1770709512.124526385] [imu_filter]: Parameter RLController.pid_kd_lin set to 0.029677
[imu_filter_madgwick_node-3] [INFO] [1770709512.124598739] [imu_filter]: Parameter RLController.pid_kp_ang set to 1.232537
[imu_filter_madgwick_node-3] [INFO] [1770709512.124660372] [imu_filter]: Parameter RLController.pid_ki_ang set to 0.000000
[imu_filter_madgwick_node-3] [INFO] [1770709512.124722293] [imu_filter]: Parameter RLController.pid_kd_ang set to 0.097259
[imu_filter_madgwick_node-3] [INFO] [1770709512.533271973] [imu_filter]: Parameter RLController.pid_kp_lin set to 1.200186
[imu_filter_madgwick_node-3] [INFO] [1770709512.533469161] [imu_filter]: Parameter RLController.pid_ki_lin set to 0.000000
[imu_filter_madgwick_node-3] [INFO] [1770709512.533573579] [imu_filter]: Parameter RLController.pid_kd_lin set to 0.029601
[imu_filter_madgwick_node-3] [INFO] [1770709512.533646796] [imu_filter]: Parameter RLController.pid_kp_ang set to 1.232537
[imu_filter_madgwick_node-3] [INFO] [1770709512.533711118] [imu_filter]: Parameter RLController.pid_ki_ang set to 0.000000
[imu_filter_madgwick_node-3] [INFO] [1770709512.533773231] [imu_filter]: Parameter RLController.pid_kd_ang set to 0.097259
[imu_filter_madgwick_node-3] [INFO] [1770709512.957580146] [imu_filter]: Parameter RLController.pid_kp_lin set to 1.200551
[imu_filter_madgwick_node-3] [INFO] [1770709512.957775894] [imu_filter]: Parameter RLController.pid_ki_lin set to 0.000000
[imu_filter_madgwick_node-3] [INFO] [1770709512.959967138] [imu_filter]: Parameter RLController.pid_kd_lin set to 0.029535
[imu_filter_madgwick_node-3] [INFO] [1770709512.960169798] [imu_filter]: Parameter RLController.pid_kp_ang set to 1.232537
[imu_filter_madgwick_node-3] [INFO] [1770709512.960434220] [imu_filter]: Parameter RLController.pid_ki_ang set to 0.000000
[imu_filter_madgwick_node-3] [INFO] [1770709512.960526638] [imu_filter]: Parameter RLController.pid_kd_ang set to 0.097259
[imu_filter_madgwick_node-3] [INFO] [1770709513.396035005] [imu_filter]: Parameter RLController.pid_kp_lin set to 1.200879
[imu_filter_madgwick_node-3] [INFO] [1770709513.396247393] [imu_filter]: Parameter RLController.pid_ki_lin set to 0.000000
[imu_filter_madgwick_node-3] [INFO] [1770709513.400556280] [imu_filter]: Parameter RLController.pid_kd_lin set to 0.029472
[imu_filter_madgwick_node-3] [INFO] [1770709513.400754620] [imu_filter]: Parameter RLController.pid_kp_ang set to 1.232537
[imu_filter_madgwick_node-3] [INFO] [1770709513.400839774] [imu_filter]: Parameter RLController.pid_ki_ang set to 0.000000
[imu_filter_madgwick_node-3] [INFO] [1770709513.401641710] [imu_filter]: Parameter RLController.pid_kd_ang set to 0.097259
[imu_filter_madgwick_node-3] [INFO] [1770709513.802463553] [imu_filter]: Parameter RLController.pid_kp_lin set to 1.201172
[imu_filter_madgwick_node-3] [INFO] [1770709513.802671942] [imu_filter]: Parameter RLController.pid_ki_lin set to 0.000000
[imu_filter_madgwick_node-3] [INFO] [1770709513.804362440] [imu_filter]: Parameter RLController.pid_kd_lin set to 0.029412
[imu_filter_madgwick_node-3] [INFO] [1770709513.804666478] [imu_filter]: Parameter RLController.pid_kp_ang set to 1.232537
[imu_filter_madgwick_node-3] [INFO] [1770709513.804754384] [imu_filter]: Parameter RLController.pid_ki_ang set to 0.000000
[imu_filter_madgwick_node-3] [INFO] [1770709513.804821841] [imu_filter]: Parameter RLController.pid_kd_ang set to 0.097259
[imu_filter_madgwick_node-3] [INFO] [1770709514.214029614] [imu_filter]: Parameter RLController.pid_kp_lin set to 1.201452
[imu_filter_madgwick_node-3] [INFO] [1770709514.214244082] [imu_filter]: Parameter RLController.pid_ki_lin set to 0.000000
[imu_filter_madgwick_node-3] [INFO] [1770709514.214450486] [imu_filter]: Parameter RLController.pid_kd_lin set to 0.029358
[imu_filter_madgwick_node-3] [INFO] [1770709514.218683404] [imu_filter]: Parameter RLController.pid_kp_ang set to 1.232537
[imu_filter_madgwick_node-3] [INFO] [1770709514.220659059] [imu_filter]: Parameter RLController.pid_ki_ang set to 0.000000
[imu_filter_madgwick_node-3] [INFO] [1770709514.220840215] [imu_filter]: Parameter RLController.pid_kd_ang set to 0.097259
[imu_filter_madgwick_node-3] [INFO] [1770709514.632117918] [imu_filter]: Parameter RLController.pid_kp_lin set to 1.201709
[imu_filter_madgwick_node-3] [INFO] [1770709514.632486661] [imu_filter]: Parameter RLController.pid_ki_lin set to 0.000000
[imu_filter_madgwick_node-3] [INFO] [1770709514.632775627] [imu_filter]: Parameter RLController.pid_kd_lin set to 0.029307
[imu_filter_madgwick_node-3] [INFO] [1770709514.632883053] [imu_filter]: Parameter RLController.pid_kp_ang set to 1.232537
[imu_filter_madgwick_node-3] [INFO] [1770709514.632951054] [imu_filter]: Parameter RLController.pid_ki_ang set to 0.000000
[imu_filter_madgwick_node-3] [INFO] [1770709514.633017072] [imu_filter]: Parameter RLController.pid_kd_ang set to 0.097259
[imu_filter_madgwick_node-3] [INFO] [1770709515.037636592] [imu_filter]: Parameter RLController.pid_kp_lin set to 1.201954
[imu_filter_madgwick_node-3] [INFO] [1770709515.037921206] [imu_filter]: Parameter RLController.pid_ki_lin set to 0.000000
[imu_filter_madgwick_node-3] [INFO] [1770709515.038038168] [imu_filter]: Parameter RLController.pid_kd_lin set to 0.029258
[imu_filter_madgwick_node-3] [INFO] [1770709515.038116218] [imu_filter]: Parameter RLController.pid_kp_ang set to 1.232537
[imu_filter_madgwick_node-3] [INFO] [1770709515.038181563] [imu_filter]: Parameter RLController.pid_ki_ang set to 0.000000
[imu_filter_madgwick_node-3] [INFO] [1770709515.038248476] [imu_filter]: Parameter RLController.pid_kd_ang set to 0.097259
[imu_filter_madgwick_node-3] [INFO] [1770709515.453927804] [imu_filter]: Parameter RLController.pid_kp_lin set to 1.202187
[imu_filter_madgwick_node-3] [INFO] [1770709515.454146528] [imu_filter]: Parameter RLController.pid_ki_lin set to 0.000000
[imu_filter_madgwick_node-3] [INFO] [1770709515.454279139] [imu_filter]: Parameter RLController.pid_kd_lin set to 0.029205
[imu_filter_madgwick_node-3] [INFO] [1770709515.454495047] [imu_filter]: Parameter RLController.pid_kp_ang set to 1.232537
[imu_filter_madgwick_node-3] [INFO] [1770709515.454578153] [imu_filter]: Parameter RLController.pid_ki_ang set to 0.000000
[imu_filter_madgwick_node-3] [INFO] [1770709515.454644586] [imu_filter]: Parameter RLController.pid_kd_ang set to 0.097259
[imu_filter_madgwick_node-3] [INFO] [1770709515.861417238] [imu_filter]: Parameter RLController.pid_kp_lin set to 1.202388
[imu_filter_madgwick_node-3] [INFO] [1770709515.861639002] [imu_filter]: Parameter RLController.pid_ki_lin set to 0.000000
[imu_filter_madgwick_node-3] [INFO] [1770709515.861709532] [imu_filter]: Parameter RLController.pid_kd_lin set to 0.029155
[imu_filter_madgwick_node-3] [INFO] [1770709515.861775709] [imu_filter]: Parameter RLController.pid_kp_ang set to 1.232537
[imu_filter_madgwick_node-3] [INFO] [1770709515.861834334] [imu_filter]: Parameter RLController.pid_ki_ang set to 0.000000
[imu_filter_madgwick_node-3] [INFO] [1770709515.861894175] [imu_filter]: Parameter RLController.pid_kd_ang set to 0.097259
[imu_filter_madgwick_node-3] [INFO] [1770709516.276811247] [imu_filter]: Parameter RLController.pid_kp_lin set to 1.202569
[imu_filter_madgwick_node-3] [INFO] [1770709516.281654161] [imu_filter]: Parameter RLController.pid_ki_lin set to 0.000000
[imu_filter_madgwick_node-3] [INFO] [1770709516.281987576] [imu_filter]: Parameter RLController.pid_kd_lin set to 0.029101
[imu_filter_madgwick_node-3] [INFO] [1770709516.282245597] [imu_filter]: Parameter RLController.pid_kp_ang set to 1.232537
[imu_filter_madgwick_node-3] [INFO] [1770709516.282335263] [imu_filter]: Parameter RLController.pid_ki_ang set to 0.000000
[imu_filter_madgwick_node-3] [INFO] [1770709516.282454945] [imu_filter]: Parameter RLController.pid_kd_ang set to 0.097259
[imu_filter_madgwick_node-3] [INFO] [1770709516.686654873] [imu_filter]: Parameter RLController.pid_kp_lin set to 1.202725
[imu_filter_madgwick_node-3] [INFO] [1770709516.687688558] [imu_filter]: Parameter RLController.pid_ki_lin set to 0.000000
[imu_filter_madgwick_node-3] [INFO] [1770709516.688495358] [imu_filter]: Parameter RLController.pid_kd_lin set to 0.029053
[imu_filter_madgwick_node-3] [INFO] [1770709516.689589940] [imu_filter]: Parameter RLController.pid_kp_ang set to 1.232537
[imu_filter_madgwick_node-3] [INFO] [1770709516.691431257] [imu_filter]: Parameter RLController.pid_ki_ang set to 0.000000
[imu_filter_madgwick_node-3] [INFO] [1770709516.691579740] [imu_filter]: Parameter RLController.pid_kd_ang set to 0.097259
[imu_filter_madgwick_node-3] [INFO] [1770709517.103869175] [imu_filter]: Parameter RLController.pid_kp_lin set to 1.202725
[imu_filter_madgwick_node-3] [INFO] [1770709517.104085243] [imu_filter]: Parameter RLController.pid_ki_lin set to 0.000000
[imu_filter_madgwick_node-3] [INFO] [1770709517.104223870] [imu_filter]: Parameter RLController.pid_kd_lin set to 0.029053
[imu_filter_madgwick_node-3] [INFO] [1770709517.104300896] [imu_filter]: Parameter RLController.pid_kp_ang set to 1.232537
[imu_filter_madgwick_node-3] [INFO] [1770709517.104365057] [imu_filter]: Parameter RLController.pid_ki_ang set to 0.000000
[imu_filter_madgwick_node-3] [INFO] [1770709517.104487811] [imu_filter]: Parameter RLController.pid_kd_ang set to 0.097259
[imu_filter_madgwick_node-3] [INFO] [1770709517.528566892] [imu_filter]: Parameter RLController.pid_kp_lin set to 1.202725
[imu_filter_madgwick_node-3] [INFO] [1770709517.528909235] [imu_filter]: Parameter RLController.pid_ki_lin set to 0.000000
[imu_filter_madgwick_node-3] [INFO] [1770709517.529134679] [imu_filter]: Parameter RLController.pid_kd_lin set to 0.029053
[imu_filter_madgwick_node-3] [INFO] [1770709517.529321339] [imu_filter]: Parameter RLController.pid_kp_ang set to 1.232537
[imu_filter_madgwick_node-3] [INFO] [1770709517.529391357] [imu_filter]: Parameter RLController.pid_ki_ang set to 0.000000
[imu_filter_madgwick_node-3] [INFO] [1770709517.529457726] [imu_filter]: Parameter RLController.pid_kd_ang set to 0.097259
[imu_filter_madgwick_node-3] [INFO] [1770709517.937811498] [imu_filter]: Parameter RLController.pid_kp_lin set to 1.202725
[imu_filter_madgwick_node-3] [INFO] [1770709517.941280239] [imu_filter]: Parameter RLController.pid_ki_lin set to 0.000000
[imu_filter_madgwick_node-3] [INFO] [1770709517.941648375] [imu_filter]: Parameter RLController.pid_kd_lin set to 0.029053
[imu_filter_madgwick_node-3] [INFO] [1770709517.941740345] [imu_filter]: Parameter RLController.pid_kp_ang set to 1.232537
[imu_filter_madgwick_node-3] [INFO] [1770709517.941808474] [imu_filter]: Parameter RLController.pid_ki_ang set to 0.000000
[imu_filter_madgwick_node-3] [INFO] [1770709517.941873275] [imu_filter]: Parameter RLController.pid_kd_ang set to 0.097312
[imu_filter_madgwick_node-3] [INFO] [1770709518.352547286] [imu_filter]: Parameter RLController.pid_kp_lin set to 1.202725
[imu_filter_madgwick_node-3] [INFO] [1770709518.352769562] [imu_filter]: Parameter RLController.pid_ki_lin set to 0.000000
[imu_filter_madgwick_node-3] [INFO] [1770709518.352863036] [imu_filter]: Parameter RLController.pid_kd_lin set to 0.029053
[imu_filter_madgwick_node-3] [INFO] [1770709518.352941918] [imu_filter]: Parameter RLController.pid_kp_ang set to 1.232537
[imu_filter_madgwick_node-3] [INFO] [1770709518.353006719] [imu_filter]: Parameter RLController.pid_ki_ang set to 0.000000
[imu_filter_madgwick_node-3] [INFO] [1770709518.353069408] [imu_filter]: Parameter RLController.pid_kd_ang set to 0.097312
[imu_filter_madgwick_node-3] [INFO] [1770709518.764117122] [imu_filter]: Parameter RLController.pid_kp_lin set to 1.202725
[imu_filter_madgwick_node-3] [INFO] [1770709518.764303910] [imu_filter]: Parameter RLController.pid_ki_lin set to 0.000000
[imu_filter_madgwick_node-3] [INFO] [1770709518.773400605] [imu_filter]: Parameter RLController.pid_kd_lin set to 0.028992
[imu_filter_madgwick_node-3] [INFO] [1770709518.773666819] [imu_filter]: Parameter RLController.pid_kp_ang set to 1.232537
[imu_filter_madgwick_node-3] [INFO] [1770709518.773744292] [imu_filter]: Parameter RLController.pid_ki_ang set to 0.000000
[imu_filter_madgwick_node-3] [INFO] [1770709518.773808102] [imu_filter]: Parameter RLController.pid_kd_ang set to 0.097312
[imu_filter_madgwick_node-3] [INFO] [1770709519.195274234] [imu_filter]: Parameter RLController.pid_kp_lin set to 1.202725
[imu_filter_madgwick_node-3] [INFO] [1770709519.195492094] [imu_filter]: Parameter RLController.pid_ki_lin set to 0.000000
[imu_filter_madgwick_node-3] [INFO] [1770709519.195690786] [imu_filter]: Parameter RLController.pid_kd_lin set to 0.028992
[imu_filter_madgwick_node-3] [INFO] [1770709519.195765091] [imu_filter]: Parameter RLController.pid_kp_ang set to 1.232537
[imu_filter_madgwick_node-3] [INFO] [1770709519.195830949] [imu_filter]: Parameter RLController.pid_ki_ang set to 0.000000
[imu_filter_madgwick_node-3] [INFO] [1770709519.195897222] [imu_filter]: Parameter RLController.pid_kd_ang set to 0.097312
[imu_filter_madgwick_node-3] [INFO] [1770709519.615789658] [imu_filter]: Parameter RLController.pid_kp_lin set to 1.202725
[imu_filter_madgwick_node-3] [INFO] [1770709519.615991998] [imu_filter]: Parameter RLController.pid_ki_lin set to 0.000000
[imu_filter_madgwick_node-3] [INFO] [1770709519.616700397] [imu_filter]: Parameter RLController.pid_kd_lin set to 0.028932
[imu_filter_madgwick_node-3] [INFO] [1770709519.616812239] [imu_filter]: Parameter RLController.pid_kp_ang set to 1.232537
[imu_filter_madgwick_node-3] [INFO] [1770709519.625554367] [imu_filter]: Parameter RLController.pid_ki_ang set to 0.000000
[imu_filter_madgwick_node-3] [INFO] [1770709519.625747427] [imu_filter]: Parameter RLController.pid_kd_ang set to 0.097312
[imu_filter_madgwick_node-3] [INFO] [1770709520.035775120] [imu_filter]: Parameter RLController.pid_kp_lin set to 1.202725
[imu_filter_madgwick_node-3] [INFO] [1770709520.037145228] [imu_filter]: Parameter RLController.pid_ki_lin set to 0.000000
[imu_filter_madgwick_node-3] [INFO] [1770709520.045945438] [imu_filter]: Parameter RLController.pid_kd_lin set to 0.028932
[imu_filter_madgwick_node-3] [INFO] [1770709520.046321989] [imu_filter]: Parameter RLController.pid_kp_ang set to 1.232726
[imu_filter_madgwick_node-3] [INFO] [1770709520.046442632] [imu_filter]: Parameter RLController.pid_ki_ang set to 0.000000
[imu_filter_madgwick_node-3] [INFO] [1770709520.046518665] [imu_filter]: Parameter RLController.pid_kd_ang set to 0.097226
[imu_filter_madgwick_node-3] [INFO] [1770709520.448308944] [imu_filter]: Parameter RLController.pid_kp_lin set to 1.202725
[imu_filter_madgwick_node-3] [INFO] [1770709520.448566261] [imu_filter]: Parameter RLController.pid_ki_lin set to 0.000000
[imu_filter_madgwick_node-3] [INFO] [1770709520.448705688] [imu_filter]: Parameter RLController.pid_kd_lin set to 0.028932
[imu_filter_madgwick_node-3] [INFO] [1770709520.448786906] [imu_filter]: Parameter RLController.pid_kp_ang set to 1.232726
[imu_filter_madgwick_node-3] [INFO] [1770709520.448848859] [imu_filter]: Parameter RLController.pid_ki_ang set to 0.000000
[imu_filter_madgwick_node-3] [INFO] [1770709520.449039487] [imu_filter]: Parameter RLController.pid_kd_ang set to 0.097138
[imu_filter_madgwick_node-3] [INFO] [1770709520.874097083] [imu_filter]: Parameter RLController.pid_kp_lin set to 1.202725
[imu_filter_madgwick_node-3] [INFO] [1770709520.874430242] [imu_filter]: Parameter RLController.pid_ki_lin set to 0.000000
[imu_filter_madgwick_node-3] [INFO] [1770709520.874514116] [imu_filter]: Parameter RLController.pid_kd_lin set to 0.028932
[imu_filter_madgwick_node-3] [INFO] [1770709520.874590053] [imu_filter]: Parameter RLController.pid_kp_ang set to 1.232726
[imu_filter_madgwick_node-3] [INFO] [1770709520.874650951] [imu_filter]: Parameter RLController.pid_ki_ang set to 0.000000
[imu_filter_madgwick_node-3] [INFO] [1770709520.874707752] [imu_filter]: Parameter RLController.pid_kd_ang set to 0.097064
[imu_filter_madgwick_node-3] [INFO] [1770709521.297918527] [imu_filter]: Parameter RLController.pid_kp_lin set to 1.202725
[imu_filter_madgwick_node-3] [INFO] [1770709521.303267595] [imu_filter]: Parameter RLController.pid_ki_lin set to 0.000000
[imu_filter_madgwick_node-3] [INFO] [1770709521.303597265] [imu_filter]: Parameter RLController.pid_kd_lin set to 0.028932
[imu_filter_madgwick_node-3] [INFO] [1770709521.303686675] [imu_filter]: Parameter RLController.pid_kp_ang set to 1.232726
[imu_filter_madgwick_node-3] [INFO] [1770709521.303753301] [imu_filter]: Parameter RLController.pid_ki_ang set to 0.000000
[imu_filter_madgwick_node-3] [INFO] [1770709521.303813910] [imu_filter]: Parameter RLController.pid_kd_ang set to 0.096997
[imu_filter_madgwick_node-3] [INFO] [1770709521.707751592] [imu_filter]: Parameter RLController.pid_kp_lin set to 1.202725
[imu_filter_madgwick_node-3] [INFO] [1770709521.708077327] [imu_filter]: Parameter RLController.pid_ki_lin set to 0.000000
[imu_filter_madgwick_node-3] [INFO] [1770709521.722134218] [imu_filter]: Parameter RLController.pid_kd_lin set to 0.028932
[imu_filter_madgwick_node-3] [INFO] [1770709521.722491569] [imu_filter]: Parameter RLController.pid_kp_ang set to 1.232726
[imu_filter_madgwick_node-3] [INFO] [1770709521.722634196] [imu_filter]: Parameter RLController.pid_ki_ang set to 0.000000
[imu_filter_madgwick_node-3] [INFO] [1770709521.722707414] [imu_filter]: Parameter RLController.pid_kd_ang set to 0.096941
[imu_filter_madgwick_node-3] [INFO] [1770709522.118168061] [imu_filter]: Parameter RLController.pid_kp_lin set to 1.202725
[imu_filter_madgwick_node-3] [INFO] [1770709522.120587150] [imu_filter]: Parameter RLController.pid_ki_lin set to 0.000000
[imu_filter_madgwick_node-3] [INFO] [1770709522.120783762] [imu_filter]: Parameter RLController.pid_kd_lin set to 0.028932
[imu_filter_madgwick_node-3] [INFO] [1770709522.120869524] [imu_filter]: Parameter RLController.pid_kp_ang set to 1.232726
[imu_filter_madgwick_node-3] [INFO] [1770709522.120936021] [imu_filter]: Parameter RLController.pid_ki_ang set to 0.000000
[imu_filter_madgwick_node-3] [INFO] [1770709522.121003350] [imu_filter]: Parameter RLController.pid_kd_ang set to 0.096894
[imu_filter_madgwick_node-3] [INFO] [1770709522.533594263] [imu_filter]: Parameter RLController.pid_kp_lin set to 1.202725
[imu_filter_madgwick_node-3] [INFO] [1770709522.533933982] [imu_filter]: Parameter RLController.pid_ki_lin set to 0.000000
[imu_filter_madgwick_node-3] [INFO] [1770709522.534016736] [imu_filter]: Parameter RLController.pid_kd_lin set to 0.028932
[imu_filter_madgwick_node-3] [INFO] [1770709522.534082945] [imu_filter]: Parameter RLController.pid_kp_ang set to 1.232726
[imu_filter_madgwick_node-3] [INFO] [1770709522.534140066] [imu_filter]: Parameter RLController.pid_ki_ang set to 0.000000
[imu_filter_madgwick_node-3] [INFO] [1770709522.534197348] [imu_filter]: Parameter RLController.pid_kd_ang set to 0.096894
[imu_filter_madgwick_node-3] [INFO] [1770709522.946350780] [imu_filter]: Parameter RLController.pid_kp_lin set to 1.202725
[imu_filter_madgwick_node-3] [INFO] [1770709522.946555360] [imu_filter]: Parameter RLController.pid_ki_lin set to 0.000000
[imu_filter_madgwick_node-3] [INFO] [1770709522.946649026] [imu_filter]: Parameter RLController.pid_kd_lin set to 0.028932
[imu_filter_madgwick_node-3] [INFO] [1770709522.946729155] [imu_filter]: Parameter RLController.pid_kp_ang set to 1.232726
[imu_filter_madgwick_node-3] [INFO] [1770709522.946800869] [imu_filter]: Parameter RLController.pid_ki_ang set to 0.000000
[imu_filter_madgwick_node-3] [INFO] [1770709522.946876550] [imu_filter]: Parameter RLController.pid_kd_ang set to 0.096894
[imu_filter_madgwick_node-3] [INFO] [1770709523.362328385] [imu_filter]: Parameter RLController.pid_kp_lin set to 1.202725
[imu_filter_madgwick_node-3] [INFO] [1770709523.362540645] [imu_filter]: Parameter RLController.pid_ki_lin set to 0.000000
[imu_filter_madgwick_node-3] [INFO] [1770709523.362611879] [imu_filter]: Parameter RLController.pid_kd_lin set to 0.028932
[imu_filter_madgwick_node-3] [INFO] [1770709523.362673928] [imu_filter]: Parameter RLController.pid_kp_ang set to 1.232726
[imu_filter_madgwick_node-3] [INFO] [1770709523.362732745] [imu_filter]: Parameter RLController.pid_ki_ang set to 0.000000
[imu_filter_madgwick_node-3] [INFO] [1770709523.363459896] [imu_filter]: Parameter RLController.pid_kd_ang set to 0.096894
[imu_filter_madgwick_node-3] [INFO] [1770709523.778454793] [imu_filter]: Parameter RLController.pid_kp_lin set to 1.202725
[imu_filter_madgwick_node-3] [INFO] [1770709523.778664078] [imu_filter]: Parameter RLController.pid_ki_lin set to 0.000000
[imu_filter_madgwick_node-3] [INFO] [1770709523.778757903] [imu_filter]: Parameter RLController.pid_kd_lin set to 0.028932
[imu_filter_madgwick_node-3] [INFO] [1770709523.778832465] [imu_filter]: Parameter RLController.pid_kp_ang set to 1.232726
[imu_filter_madgwick_node-3] [INFO] [1770709523.778894450] [imu_filter]: Parameter RLController.pid_ki_ang set to 0.000000
[imu_filter_madgwick_node-3] [INFO] [1770709523.778955123] [imu_filter]: Parameter RLController.pid_kd_ang set to 0.096894
[imu_filter_madgwick_node-3] [INFO] [1770709524.203827980] [imu_filter]: Parameter RLController.pid_kp_lin set to 1.202725
[imu_filter_madgwick_node-3] [INFO] [1770709524.204019184] [imu_filter]: Parameter RLController.pid_ki_lin set to 0.000000
[imu_filter_madgwick_node-3] [INFO] [1770709524.204104978] [imu_filter]: Parameter RLController.pid_kd_lin set to 0.028932
[imu_filter_madgwick_node-3] [INFO] [1770709524.204183987] [imu_filter]: Parameter RLController.pid_kp_ang set to 1.232726
[imu_filter_madgwick_node-3] [INFO] [1770709524.204253909] [imu_filter]: Parameter RLController.pid_ki_ang set to 0.000000
[imu_filter_madgwick_node-3] [INFO] [1770709524.204319062] [imu_filter]: Parameter RLController.pid_kd_ang set to 0.096894
[imu_filter_madgwick_node-3] [INFO] [1770709524.628713637] [imu_filter]: Parameter RLController.pid_kp_lin set to 1.202725
[imu_filter_madgwick_node-3] [INFO] [1770709524.629043596] [imu_filter]: Parameter RLController.pid_ki_lin set to 0.000000
[imu_filter_madgwick_node-3] [INFO] [1770709524.629153326] [imu_filter]: Parameter RLController.pid_kd_lin set to 0.028932
[imu_filter_madgwick_node-3] [INFO] [1770709524.629229775] [imu_filter]: Parameter RLController.pid_kp_ang set to 1.232726
[imu_filter_madgwick_node-3] [INFO] [1770709524.629296401] [imu_filter]: Parameter RLController.pid_ki_ang set to 0.000000
[imu_filter_madgwick_node-3] [INFO] [1770709524.629361170] [imu_filter]: Parameter RLController.pid_kd_ang set to 0.096894
[imu_filter_madgwick_node-3] [INFO] [1770709525.038985463] [imu_filter]: Parameter RLController.pid_kp_lin set to 1.202725
[imu_filter_madgwick_node-3] [INFO] [1770709525.041202660] [imu_filter]: Parameter RLController.pid_ki_lin set to 0.000000
[imu_filter_madgwick_node-3] [INFO] [1770709525.041558411] [imu_filter]: Parameter RLController.pid_kd_lin set to 0.028932
[imu_filter_madgwick_node-3] [INFO] [1770709525.041702158] [imu_filter]: Parameter RLController.pid_kp_ang set to 1.232726
[imu_filter_madgwick_node-3] [INFO] [1770709525.041783856] [imu_filter]: Parameter RLController.pid_ki_ang set to 0.000000
[imu_filter_madgwick_node-3] [INFO] [1770709525.045214901] [imu_filter]: Parameter RLController.pid_kd_ang set to 0.096894
[imu_filter_madgwick_node-3] [INFO] [1770709525.471034305] [imu_filter]: Parameter RLController.pid_kp_lin set to 1.202725
[imu_filter_madgwick_node-3] [INFO] [1770709525.471372967] [imu_filter]: Parameter RLController.pid_ki_lin set to 0.000000
[imu_filter_madgwick_node-3] [INFO] [1770709525.471477898] [imu_filter]: Parameter RLController.pid_kd_lin set to 0.028932
[imu_filter_madgwick_node-3] [INFO] [1770709525.471551531] [imu_filter]: Parameter RLController.pid_kp_ang set to 1.232726
[imu_filter_madgwick_node-3] [INFO] [1770709525.471617740] [imu_filter]: Parameter RLController.pid_ki_ang set to 0.000000
[imu_filter_madgwick_node-3] [INFO] [1770709525.471676718] [imu_filter]: Parameter RLController.pid_kd_ang set to 0.096894
[imu_filter_madgwick_node-3] [INFO] [1770709525.895746038] [imu_filter]: Parameter RLController.pid_kp_lin set to 1.202725
[imu_filter_madgwick_node-3] [INFO] [1770709525.895952218] [imu_filter]: Parameter RLController.pid_ki_lin set to 0.000000
[imu_filter_madgwick_node-3] [INFO] [1770709525.896026844] [imu_filter]: Parameter RLController.pid_kd_lin set to 0.028932
[imu_filter_madgwick_node-3] [INFO] [1770709525.896090749] [imu_filter]: Parameter RLController.pid_kp_ang set to 1.232726
[imu_filter_madgwick_node-3] [INFO] [1770709525.896148478] [imu_filter]: Parameter RLController.pid_ki_ang set to 0.000000
[imu_filter_madgwick_node-3] [INFO] [1770709525.896210399] [imu_filter]: Parameter RLController.pid_kd_ang set to 0.096894
[imu_filter_madgwick_node-3] [INFO] [1770709526.309138151] [imu_filter]: Parameter RLController.pid_kp_lin set to 1.202725
[imu_filter_madgwick_node-3] [INFO] [1770709526.309372844] [imu_filter]: Parameter RLController.pid_ki_lin set to 0.000000
[imu_filter_madgwick_node-3] [INFO] [1770709526.309459054] [imu_filter]: Parameter RLController.pid_kd_lin set to 0.028932
[imu_filter_madgwick_node-3] [INFO] [1770709526.309555792] [imu_filter]: Parameter RLController.pid_kp_ang set to 1.232726
[imu_filter_madgwick_node-3] [INFO] [1770709526.313418013] [imu_filter]: Parameter RLController.pid_ki_ang set to 0.000000
[imu_filter_madgwick_node-3] [INFO] [1770709526.313815205] [imu_filter]: Parameter RLController.pid_kd_ang set to 0.096894
[imu_filter_madgwick_node-3] [INFO] [1770709526.727328153] [imu_filter]: Parameter RLController.pid_kp_lin set to 1.202725
[imu_filter_madgwick_node-3] [INFO] [1770709526.727525501] [imu_filter]: Parameter RLController.pid_ki_lin set to 0.000000
[imu_filter_madgwick_node-3] [INFO] [1770709526.727729377] [imu_filter]: Parameter RLController.pid_kd_lin set to 0.028932
[imu_filter_madgwick_node-3] [INFO] [1770709526.727807171] [imu_filter]: Parameter RLController.pid_kp_ang set to 1.232726
[imu_filter_madgwick_node-3] [INFO] [1770709526.727873636] [imu_filter]: Parameter RLController.pid_ki_ang set to 0.000000
[imu_filter_madgwick_node-3] [INFO] [1770709526.728240971] [imu_filter]: Parameter RLController.pid_kd_ang set to 0.096894
[imu_filter_madgwick_node-3] [INFO] [1770709527.148227554] [imu_filter]: Parameter RLController.pid_kp_lin set to 1.202725
[imu_filter_madgwick_node-3] [INFO] [1770709527.148442150] [imu_filter]: Parameter RLController.pid_ki_lin set to 0.000000
[imu_filter_madgwick_node-3] [INFO] [1770709527.148521512] [imu_filter]: Parameter RLController.pid_kd_lin set to 0.028932
[imu_filter_madgwick_node-3] [INFO] [1770709527.148588649] [imu_filter]: Parameter RLController.pid_kp_ang set to 1.232726
[imu_filter_madgwick_node-3] [INFO] [1770709527.148650058] [imu_filter]: Parameter RLController.pid_ki_ang set to 0.000000
[imu_filter_madgwick_node-3] [INFO] [1770709527.148709931] [imu_filter]: Parameter RLController.pid_kd_ang set to 0.096894
[imu_filter_madgwick_node-3] [INFO] [1770709527.568634752] [imu_filter]: Parameter RLController.pid_kp_lin set to 1.202725
[imu_filter_madgwick_node-3] [INFO] [1770709527.568841892] [imu_filter]: Parameter RLController.pid_ki_lin set to 0.000000
[imu_filter_madgwick_node-3] [INFO] [1770709527.569064969] [imu_filter]: Parameter RLController.pid_kd_lin set to 0.028932
[imu_filter_madgwick_node-3] [INFO] [1770709527.569139658] [imu_filter]: Parameter RLController.pid_kp_ang set to 1.232726
[imu_filter_madgwick_node-3] [INFO] [1770709527.569202732] [imu_filter]: Parameter RLController.pid_ki_ang set to 0.000000
[imu_filter_madgwick_node-3] [INFO] [1770709527.572695794] [imu_filter]: Parameter RLController.pid_kd_ang set to 0.096894
[imu_filter_madgwick_node-3] [INFO] [1770709527.980706743] [imu_filter]: Parameter RLController.pid_kp_lin set to 1.202725
[imu_filter_madgwick_node-3] [INFO] [1770709527.980922459] [imu_filter]: Parameter RLController.pid_ki_lin set to 0.000000
[imu_filter_madgwick_node-3] [INFO] [1770709527.980998621] [imu_filter]: Parameter RLController.pid_kd_lin set to 0.028932
[imu_filter_madgwick_node-3] [INFO] [1770709527.981064062] [imu_filter]: Parameter RLController.pid_kp_ang set to 1.232726
[imu_filter_madgwick_node-3] [INFO] [1770709527.981126655] [imu_filter]: Parameter RLController.pid_ki_ang set to 0.000000
[imu_filter_madgwick_node-3] [INFO] [1770709527.982186037] [imu_filter]: Parameter RLController.pid_kd_ang set to 0.096894
[imu_filter_madgwick_node-3] [INFO] [1770709528.397661136] [imu_filter]: Parameter RLController.pid_kp_lin set to 1.202725
[imu_filter_madgwick_node-3] [INFO] [1770709528.398061048] [imu_filter]: Parameter RLController.pid_ki_lin set to 0.000000
[imu_filter_madgwick_node-3] [INFO] [1770709528.398215835] [imu_filter]: Parameter RLController.pid_kd_lin set to 0.028932
[imu_filter_madgwick_node-3] [INFO] [1770709528.398294012] [imu_filter]: Parameter RLController.pid_kp_ang set to 1.232726
[imu_filter_madgwick_node-3] [INFO] [1770709528.398354942] [imu_filter]: Parameter RLController.pid_ki_ang set to 0.000000
[imu_filter_madgwick_node-3] [INFO] [1770709528.398421695] [imu_filter]: Parameter RLController.pid_kd_ang set to 0.096894
[imu_filter_madgwick_node-3] [INFO] [1770709528.811802320] [imu_filter]: Parameter RLController.pid_kp_lin set to 1.202725
[imu_filter_madgwick_node-3] [INFO] [1770709528.811997908] [imu_filter]: Parameter RLController.pid_ki_lin set to 0.000000
[imu_filter_madgwick_node-3] [INFO] [1770709528.812071861] [imu_filter]: Parameter RLController.pid_kd_lin set to 0.028932
[imu_filter_madgwick_node-3] [INFO] [1770709528.812140279] [imu_filter]: Parameter RLController.pid_kp_ang set to 1.232726
[imu_filter_madgwick_node-3] [INFO] [1770709528.812204824] [imu_filter]: Parameter RLController.pid_ki_ang set to 0.000000
[imu_filter_madgwick_node-3] [INFO] [1770709528.812264729] [imu_filter]: Parameter RLController.pid_kd_ang set to 0.096894
[imu_filter_madgwick_node-3] [INFO] [1770709529.263210208] [imu_filter]: Parameter RLController.pid_kp_lin set to 1.202725
[imu_filter_madgwick_node-3] [INFO] [1770709529.263416612] [imu_filter]: Parameter RLController.pid_ki_lin set to 0.000000
[imu_filter_madgwick_node-3] [INFO] [1770709529.263489957] [imu_filter]: Parameter RLController.pid_kd_lin set to 0.028932
[imu_filter_madgwick_node-3] [INFO] [1770709529.263562247] [imu_filter]: Parameter RLController.pid_kp_ang set to 1.232726
[imu_filter_madgwick_node-3] [INFO] [1770709529.263630632] [imu_filter]: Parameter RLController.pid_ki_ang set to 0.000000
[imu_filter_madgwick_node-3] [INFO] [1770709529.263694441] [imu_filter]: Parameter RLController.pid_kd_ang set to 0.096894
[imu_filter_madgwick_node-3] [INFO] [1770709529.695806484] [imu_filter]: Parameter RLController.pid_kp_lin set to 1.202725
[imu_filter_madgwick_node-3] [INFO] [1770709529.696187548] [imu_filter]: Parameter RLController.pid_ki_lin set to 0.000000
[imu_filter_madgwick_node-3] [INFO] [1770709529.696273118] [imu_filter]: Parameter RLController.pid_kd_lin set to 0.028932
[imu_filter_madgwick_node-3] [INFO] [1770709529.696460673] [imu_filter]: Parameter RLController.pid_kp_ang set to 1.232726
[imu_filter_madgwick_node-3] [INFO] [1770709529.696531011] [imu_filter]: Parameter RLController.pid_ki_ang set to 0.000000
[imu_filter_madgwick_node-3] [INFO] [1770709529.696594916] [imu_filter]: Parameter RLController.pid_kd_ang set to 0.096894
[imu_filter_madgwick_node-3] [INFO] [1770709530.106773076] [imu_filter]: Parameter RLController.pid_kp_lin set to 1.202725
[imu_filter_madgwick_node-3] [INFO] [1770709530.110508416] [imu_filter]: Parameter RLController.pid_ki_lin set to 0.000000
[imu_filter_madgwick_node-3] [INFO] [1770709530.110726948] [imu_filter]: Parameter RLController.pid_kd_lin set to 0.028932
[imu_filter_madgwick_node-3] [INFO] [1770709530.110822278] [imu_filter]: Parameter RLController.pid_kp_ang set to 1.232726
[imu_filter_madgwick_node-3] [INFO] [1770709530.110888519] [imu_filter]: Parameter RLController.pid_ki_ang set to 0.000000
[imu_filter_madgwick_node-3] [INFO] [1770709530.110952169] [imu_filter]: Parameter RLController.pid_kd_ang set to 0.096894
[imu_filter_madgwick_node-3] [INFO] [1770709530.522220111] [imu_filter]: Parameter RLController.pid_kp_lin set to 1.202456
[imu_filter_madgwick_node-3] [INFO] [1770709530.522456212] [imu_filter]: Parameter RLController.pid_ki_lin set to 0.000000
[imu_filter_madgwick_node-3] [INFO] [1770709530.522537717] [imu_filter]: Parameter RLController.pid_kd_lin set to 0.029068
[imu_filter_madgwick_node-3] [INFO] [1770709530.522609879] [imu_filter]: Parameter RLController.pid_kp_ang set to 1.232726
[imu_filter_madgwick_node-3] [INFO] [1770709530.522674200] [imu_filter]: Parameter RLController.pid_ki_ang set to 0.000000
[imu_filter_madgwick_node-3] [INFO] [1770709530.522736665] [imu_filter]: Parameter RLController.pid_kd_ang set to 0.096894
[imu_filter_madgwick_node-3] [INFO] [1770709530.939611985] [imu_filter]: Parameter RLController.pid_kp_lin set to 1.202456
[imu_filter_madgwick_node-3] [INFO] [1770709530.939828277] [imu_filter]: Parameter RLController.pid_ki_lin set to 0.000000
[imu_filter_madgwick_node-3] [INFO] [1770709530.939932311] [imu_filter]: Parameter RLController.pid_kd_lin set to 0.029068
[imu_filter_madgwick_node-3] [INFO] [1770709530.940004793] [imu_filter]: Parameter RLController.pid_kp_ang set to 1.232726
[imu_filter_madgwick_node-3] [INFO] [1770709530.940210045] [imu_filter]: Parameter RLController.pid_ki_ang set to 0.000000
[imu_filter_madgwick_node-3] [INFO] [1770709530.940280926] [imu_filter]: Parameter RLController.pid_kd_ang set to 0.096988
[imu_filter_madgwick_node-3] [INFO] [1770709531.348135808] [imu_filter]: Parameter RLController.pid_kp_lin set to 1.202456
[imu_filter_madgwick_node-3] [INFO] [1770709531.348343588] [imu_filter]: Parameter RLController.pid_ki_lin set to 0.000000
[imu_filter_madgwick_node-3] [INFO] [1770709531.348416389] [imu_filter]: Parameter RLController.pid_kd_lin set to 0.029068
[imu_filter_madgwick_node-3] [INFO] [1770709531.352014574] [imu_filter]: Parameter RLController.pid_kp_ang set to 1.232726
[imu_filter_madgwick_node-3] [INFO] [1770709531.352193714] [imu_filter]: Parameter RLController.pid_ki_ang set to 0.000000
[imu_filter_madgwick_node-3] [INFO] [1770709531.352263155] [imu_filter]: Parameter RLController.pid_kd_ang set to 0.097071
[imu_filter_madgwick_node-3] [INFO] [1770709531.758251247] [imu_filter]: Parameter RLController.pid_kp_lin set to 1.202456
[imu_filter_madgwick_node-3] [INFO] [1770709531.759314436] [imu_filter]: Parameter RLController.pid_ki_lin set to 0.000000
[imu_filter_madgwick_node-3] [INFO] [1770709531.759448551] [imu_filter]: Parameter RLController.pid_kd_lin set to 0.029068
[imu_filter_madgwick_node-3] [INFO] [1770709531.759519880] [imu_filter]: Parameter RLController.pid_kp_ang set to 1.232726
[imu_filter_madgwick_node-3] [INFO] [1770709531.759585834] [imu_filter]: Parameter RLController.pid_ki_ang set to 0.000000
[imu_filter_madgwick_node-3] [INFO] [1770709531.759650059] [imu_filter]: Parameter RLController.pid_kd_ang set to 0.097143
[imu_filter_madgwick_node-3] [INFO] [1770709532.192670056] [imu_filter]: Parameter RLController.pid_kp_lin set to 1.202456
[imu_filter_madgwick_node-3] [INFO] [1770709532.201665277] [imu_filter]: Parameter RLController.pid_ki_lin set to 0.000000
[imu_filter_madgwick_node-3] [INFO] [1770709532.201868385] [imu_filter]: Parameter RLController.pid_kd_lin set to 0.029068
[imu_filter_madgwick_node-3] [INFO] [1770709532.208576553] [imu_filter]: Parameter RLController.pid_kp_ang set to 1.232726
[imu_filter_madgwick_node-3] [INFO] [1770709532.213557677] [imu_filter]: Parameter RLController.pid_ki_ang set to 0.000000
[imu_filter_madgwick_node-3] [INFO] [1770709532.213921140] [imu_filter]: Parameter RLController.pid_kd_ang set to 0.097206
[imu_filter_madgwick_node-3] [INFO] [1770709532.623711325] [imu_filter]: Parameter RLController.pid_kp_lin set to 1.202456
[imu_filter_madgwick_node-3] [INFO] [1770709532.626676249] [imu_filter]: Parameter RLController.pid_ki_lin set to 0.000000
[imu_filter_madgwick_node-3] [INFO] [1770709532.626878397] [imu_filter]: Parameter RLController.pid_kd_lin set to 0.029068
[imu_filter_madgwick_node-3] [INFO] [1770709532.626960703] [imu_filter]: Parameter RLController.pid_kp_ang set to 1.232726
[imu_filter_madgwick_node-3] [INFO] [1770709532.627029920] [imu_filter]: Parameter RLController.pid_ki_ang set to 0.000000
[imu_filter_madgwick_node-3] [INFO] [1770709532.627371815] [imu_filter]: Parameter RLController.pid_kd_ang set to 0.097258
[imu_filter_madgwick_node-3] [INFO] [1770709533.040579060] [imu_filter]: Parameter RLController.pid_kp_lin set to 1.202456
[imu_filter_madgwick_node-3] [INFO] [1770709533.040794105] [imu_filter]: Parameter RLController.pid_ki_lin set to 0.000000
[imu_filter_madgwick_node-3] [INFO] [1770709533.040868794] [imu_filter]: Parameter RLController.pid_kd_lin set to 0.029068
[imu_filter_madgwick_node-3] [INFO] [1770709533.040936411] [imu_filter]: Parameter RLController.pid_kp_ang set to 1.232726
[imu_filter_madgwick_node-3] [INFO] [1770709533.041000509] [imu_filter]: Parameter RLController.pid_ki_ang set to 0.000000
[imu_filter_madgwick_node-3] [INFO] [1770709533.041065310] [imu_filter]: Parameter RLController.pid_kd_ang set to 0.097258
[imu_filter_madgwick_node-3] [INFO] [1770709533.465022084] [imu_filter]: Parameter RLController.pid_kp_lin set to 1.202456
[imu_filter_madgwick_node-3] [INFO] [1770709533.465231432] [imu_filter]: Parameter RLController.pid_ki_lin set to 0.000000
[imu_filter_madgwick_node-3] [INFO] [1770709533.465307978] [imu_filter]: Parameter RLController.pid_kd_lin set to 0.029068
[imu_filter_madgwick_node-3] [INFO] [1770709533.465375659] [imu_filter]: Parameter RLController.pid_kp_ang set to 1.232726
[imu_filter_madgwick_node-3] [INFO] [1770709533.465437037] [imu_filter]: Parameter RLController.pid_ki_ang set to 0.000000
[imu_filter_madgwick_node-3] [INFO] [1770709533.465529070] [imu_filter]: Parameter RLController.pid_kd_ang set to 0.097258
[imu_filter_madgwick_node-3] [INFO] [1770709533.885979694] [imu_filter]: Parameter RLController.pid_kp_lin set to 1.202288
[imu_filter_madgwick_node-3] [INFO] [1770709533.886249747] [imu_filter]: Parameter RLController.pid_ki_lin set to 0.000000
[imu_filter_madgwick_node-3] [INFO] [1770709533.886384566] [imu_filter]: Parameter RLController.pid_kd_lin set to 0.028951
[imu_filter_madgwick_node-3] [INFO] [1770709533.886461176] [imu_filter]: Parameter RLController.pid_kp_ang set to 1.233035
[imu_filter_madgwick_node-3] [INFO] [1770709533.886598170] [imu_filter]: Parameter RLController.pid_ki_ang set to 0.000000
[imu_filter_madgwick_node-3] [INFO] [1770709533.886691036] [imu_filter]: Parameter RLController.pid_kd_ang set to 0.097258
[imu_filter_madgwick_node-3] [INFO] [1770709534.306540720] [imu_filter]: Parameter RLController.pid_kp_lin set to 1.202745
[imu_filter_madgwick_node-3] [INFO] [1770709534.306756244] [imu_filter]: Parameter RLController.pid_ki_lin set to 0.000000
[imu_filter_madgwick_node-3] [INFO] [1770709534.306834998] [imu_filter]: Parameter RLController.pid_kd_lin set to 0.028834
[imu_filter_madgwick_node-3] [INFO] [1770709534.306904823] [imu_filter]: Parameter RLController.pid_kp_ang set to 1.233035
[imu_filter_madgwick_node-3] [INFO] [1770709534.306963992] [imu_filter]: Parameter RLController.pid_ki_ang set to 0.000000
[imu_filter_madgwick_node-3] [INFO] [1770709534.307024857] [imu_filter]: Parameter RLController.pid_kd_ang set to 0.097192
[imu_filter_madgwick_node-3] [INFO] [1770709534.721903433] [imu_filter]: Parameter RLController.pid_kp_lin set to 1.202745
[imu_filter_madgwick_node-3] [INFO] [1770709534.722149677] [imu_filter]: Parameter RLController.pid_ki_lin set to 0.000000
[imu_filter_madgwick_node-3] [INFO] [1770709534.722227983] [imu_filter]: Parameter RLController.pid_kd_lin set to 0.028834
[imu_filter_madgwick_node-3] [INFO] [1770709534.722294416] [imu_filter]: Parameter RLController.pid_kp_ang set to 1.233218
[imu_filter_madgwick_node-3] [INFO] [1770709534.722362418] [imu_filter]: Parameter RLController.pid_ki_ang set to 0.000000
[imu_filter_madgwick_node-3] [INFO] [1770709534.722427763] [imu_filter]: Parameter RLController.pid_kd_ang set to 0.097100
[imu_filter_madgwick_node-3] [INFO] [1770709535.133169999] [imu_filter]: Parameter RLController.pid_kp_lin set to 1.202745
[imu_filter_madgwick_node-3] [INFO] [1770709535.133385363] [imu_filter]: Parameter RLController.pid_ki_lin set to 0.000000
[imu_filter_madgwick_node-3] [INFO] [1770709535.133469429] [imu_filter]: Parameter RLController.pid_kd_lin set to 0.028834
[imu_filter_madgwick_node-3] [INFO] [1770709535.136542259] [imu_filter]: Parameter RLController.pid_kp_ang set to 1.233218
[imu_filter_madgwick_node-3] [INFO] [1770709535.136876858] [imu_filter]: Parameter RLController.pid_ki_ang set to 0.000000
[imu_filter_madgwick_node-3] [INFO] [1770709535.137047229] [imu_filter]: Parameter RLController.pid_kd_ang set to 0.097018
[imu_filter_madgwick_node-3] [INFO] [1770709535.547012393] [imu_filter]: Parameter RLController.pid_kp_lin set to 1.202745
[imu_filter_madgwick_node-3] [INFO] [1770709535.547202989] [imu_filter]: Parameter RLController.pid_ki_lin set to 0.000000
[imu_filter_madgwick_node-3] [INFO] [1770709535.547274158] [imu_filter]: Parameter RLController.pid_kd_lin set to 0.028834
[imu_filter_madgwick_node-3] [INFO] [1770709535.547338320] [imu_filter]: Parameter RLController.pid_kp_ang set to 1.233218
[imu_filter_madgwick_node-3] [INFO] [1770709535.547401233] [imu_filter]: Parameter RLController.pid_ki_ang set to 0.000000
[imu_filter_madgwick_node-3] [INFO] [1770709535.547467602] [imu_filter]: Parameter RLController.pid_kd_ang set to 0.096945
[imu_filter_madgwick_node-3] [INFO] [1770709535.955734684] [imu_filter]: Parameter RLController.pid_kp_lin set to 1.202745
[imu_filter_madgwick_node-3] [INFO] [1770709535.955917760] [imu_filter]: Parameter RLController.pid_ki_lin set to 0.000000
[imu_filter_madgwick_node-3] [INFO] [1770709535.955994401] [imu_filter]: Parameter RLController.pid_kd_lin set to 0.028834
[imu_filter_madgwick_node-3] [INFO] [1770709535.956067075] [imu_filter]: Parameter RLController.pid_kp_ang set to 1.233218
[imu_filter_madgwick_node-3] [INFO] [1770709535.956129668] [imu_filter]: Parameter RLController.pid_ki_ang set to 0.000000
[imu_filter_madgwick_node-3] [INFO] [1770709535.956191749] [imu_filter]: Parameter RLController.pid_kd_ang set to 0.096881
[imu_filter_madgwick_node-3] [INFO] [1770709536.369943422] [imu_filter]: Parameter RLController.pid_kp_lin set to 1.202745
[imu_filter_madgwick_node-3] [INFO] [1770709536.370160994] [imu_filter]: Parameter RLController.pid_ki_lin set to 0.000000
[imu_filter_madgwick_node-3] [INFO] [1770709536.370237219] [imu_filter]: Parameter RLController.pid_kd_lin set to 0.028834
[imu_filter_madgwick_node-3] [INFO] [1770709536.370308101] [imu_filter]: Parameter RLController.pid_kp_ang set to 1.233218
[imu_filter_madgwick_node-3] [INFO] [1770709536.370371974] [imu_filter]: Parameter RLController.pid_ki_ang set to 0.000000
[imu_filter_madgwick_node-3] [INFO] [1770709536.370434535] [imu_filter]: Parameter RLController.pid_kd_ang set to 0.096825
[imu_filter_madgwick_node-3] [INFO] [1770709536.792562153] [imu_filter]: Parameter RLController.pid_kp_lin set to 1.202745
[imu_filter_madgwick_node-3] [INFO] [1770709536.792775117] [imu_filter]: Parameter RLController.pid_ki_lin set to 0.000000
[imu_filter_madgwick_node-3] [INFO] [1770709536.792852687] [imu_filter]: Parameter RLController.pid_kd_lin set to 0.028834
[imu_filter_madgwick_node-3] [INFO] [1770709536.792924400] [imu_filter]: Parameter RLController.pid_kp_ang set to 1.233218
[imu_filter_madgwick_node-3] [INFO] [1770709536.792985841] [imu_filter]: Parameter RLController.pid_ki_ang set to 0.000000
[imu_filter_madgwick_node-3] [INFO] [1770709536.793046610] [imu_filter]: Parameter RLController.pid_kd_ang set to 0.096773
[imu_filter_madgwick_node-3] [INFO] [1770709537.221134732] [imu_filter]: Parameter RLController.pid_kp_lin set to 1.202745
[imu_filter_madgwick_node-3] [INFO] [1770709537.221365041] [imu_filter]: Parameter RLController.pid_ki_lin set to 0.000000
[imu_filter_madgwick_node-3] [INFO] [1770709537.221563477] [imu_filter]: Parameter RLController.pid_kd_lin set to 0.028834
[imu_filter_madgwick_node-3] [INFO] [1770709537.221637014] [imu_filter]: Parameter RLController.pid_kp_ang set to 1.233218
[imu_filter_madgwick_node-3] [INFO] [1770709537.221700919] [imu_filter]: Parameter RLController.pid_ki_ang set to 0.000000
[imu_filter_madgwick_node-3] [INFO] [1770709537.221766745] [imu_filter]: Parameter RLController.pid_kd_ang set to 0.096727
[imu_filter_madgwick_node-3] [INFO] [1770709537.634939781] [imu_filter]: Parameter RLController.pid_kp_lin set to 1.202745
[imu_filter_madgwick_node-3] [INFO] [1770709537.635162250] [imu_filter]: Parameter RLController.pid_ki_lin set to 0.000000
[imu_filter_madgwick_node-3] [INFO] [1770709537.635245196] [imu_filter]: Parameter RLController.pid_kd_lin set to 0.028834
[imu_filter_madgwick_node-3] [INFO] [1770709537.635318093] [imu_filter]: Parameter RLController.pid_kp_ang set to 1.233218
[imu_filter_madgwick_node-3] [INFO] [1770709537.635789751] [imu_filter]: Parameter RLController.pid_ki_ang set to 0.000000
[imu_filter_madgwick_node-3] [INFO] [1770709537.635868408] [imu_filter]: Parameter RLController.pid_kd_ang set to 0.096727
[imu_filter_madgwick_node-3] [INFO] [1770709538.053560320] [imu_filter]: Parameter RLController.pid_kp_lin set to 1.202745
[imu_filter_madgwick_node-3] [INFO] [1770709538.053781893] [imu_filter]: Parameter RLController.pid_ki_lin set to 0.000000
[imu_filter_madgwick_node-3] [INFO] [1770709538.053863494] [imu_filter]: Parameter RLController.pid_kd_lin set to 0.028834
[imu_filter_madgwick_node-3] [INFO] [1770709538.053934248] [imu_filter]: Parameter RLController.pid_kp_ang set to 1.233218
[imu_filter_madgwick_node-3] [INFO] [1770709538.053997705] [imu_filter]: Parameter RLController.pid_ki_ang set to 0.000000
[imu_filter_madgwick_node-3] [INFO] [1770709538.054057450] [imu_filter]: Parameter RLController.pid_kd_ang set to 0.096727
[imu_filter_madgwick_node-3] [INFO] [1770709538.496982159] [imu_filter]: Parameter RLController.pid_kp_lin set to 1.202745
[imu_filter_madgwick_node-3] [INFO] [1770709538.497700381] [imu_filter]: Parameter RLController.pid_ki_lin set to 0.000000
[imu_filter_madgwick_node-3] [INFO] [1770709538.497839200] [imu_filter]: Parameter RLController.pid_kd_lin set to 0.028834
[imu_filter_madgwick_node-3] [INFO] [1770709538.497917218] [imu_filter]: Parameter RLController.pid_kp_ang set to 1.233218
[imu_filter_madgwick_node-3] [INFO] [1770709538.497981155] [imu_filter]: Parameter RLController.pid_ki_ang set to 0.000000
[imu_filter_madgwick_node-3] [INFO] [1770709538.498044260] [imu_filter]: Parameter RLController.pid_kd_ang set to 0.096727
[imu_filter_madgwick_node-3] [INFO] [1770709538.915330308] [imu_filter]: Parameter RLController.pid_kp_lin set to 1.202745
[imu_filter_madgwick_node-3] [INFO] [1770709538.915516392] [imu_filter]: Parameter RLController.pid_ki_lin set to 0.000000
[imu_filter_madgwick_node-3] [INFO] [1770709538.916260215] [imu_filter]: Parameter RLController.pid_kd_lin set to 0.028834
[imu_filter_madgwick_node-3] [INFO] [1770709538.916431706] [imu_filter]: Parameter RLController.pid_kp_ang set to 1.233218
[imu_filter_madgwick_node-3] [INFO] [1770709538.916499099] [imu_filter]: Parameter RLController.pid_ki_ang set to 0.000000
[imu_filter_madgwick_node-3] [INFO] [1770709538.916613310] [imu_filter]: Parameter RLController.pid_kd_ang set to 0.096727
[imu_filter_madgwick_node-3] [INFO] [1770709539.333881405] [imu_filter]: Parameter RLController.pid_kp_lin set to 1.202745
[imu_filter_madgwick_node-3] [INFO] [1770709539.334110466] [imu_filter]: Parameter RLController.pid_ki_lin set to 0.000000
[imu_filter_madgwick_node-3] [INFO] [1770709539.334189123] [imu_filter]: Parameter RLController.pid_kd_lin set to 0.028834
[imu_filter_madgwick_node-3] [INFO] [1770709539.334257381] [imu_filter]: Parameter RLController.pid_kp_ang set to 1.233218
[imu_filter_madgwick_node-3] [INFO] [1770709539.334316806] [imu_filter]: Parameter RLController.pid_ki_ang set to 0.000000
[imu_filter_madgwick_node-3] [INFO] [1770709539.334375719] [imu_filter]: Parameter RLController.pid_kd_ang set to 0.096727
[imu_filter_madgwick_node-3] [INFO] [1770709539.747594357] [imu_filter]: Parameter RLController.pid_kp_lin set to 1.202745
[imu_filter_madgwick_node-3] [INFO] [1770709539.747783800] [imu_filter]: Parameter RLController.pid_ki_lin set to 0.000000
[imu_filter_madgwick_node-3] [INFO] [1770709539.747867418] [imu_filter]: Parameter RLController.pid_kd_lin set to 0.028834
[imu_filter_madgwick_node-3] [INFO] [1770709539.747934460] [imu_filter]: Parameter RLController.pid_kp_ang set to 1.233218
[imu_filter_madgwick_node-3] [INFO] [1770709539.747997469] [imu_filter]: Parameter RLController.pid_ki_ang set to 0.000000
[imu_filter_madgwick_node-3] [INFO] [1770709539.748058014] [imu_filter]: Parameter RLController.pid_kd_ang set to 0.096727
[imu_filter_madgwick_node-3] [INFO] [1770709540.167304581] [imu_filter]: Parameter RLController.pid_kp_lin set to 1.202745
[imu_filter_madgwick_node-3] [INFO] [1770709540.170304418] [imu_filter]: Parameter RLController.pid_ki_lin set to 0.000000
[imu_filter_madgwick_node-3] [INFO] [1770709540.170604584] [imu_filter]: Parameter RLController.pid_kd_lin set to 0.028834
[imu_filter_madgwick_node-3] [INFO] [1770709540.170694442] [imu_filter]: Parameter RLController.pid_kp_ang set to 1.233218
[imu_filter_madgwick_node-3] [INFO] [1770709540.170756843] [imu_filter]: Parameter RLController.pid_ki_ang set to 0.000000
[imu_filter_madgwick_node-3] [INFO] [1770709540.170817580] [imu_filter]: Parameter RLController.pid_kd_ang set to 0.096727
[imu_filter_madgwick_node-3] [INFO] [1770709540.584978797] [imu_filter]: Parameter RLController.pid_kp_lin set to 1.202745
[imu_filter_madgwick_node-3] [INFO] [1770709540.585195729] [imu_filter]: Parameter RLController.pid_ki_lin set to 0.000000
[imu_filter_madgwick_node-3] [INFO] [1770709540.585389461] [imu_filter]: Parameter RLController.pid_kd_lin set to 0.028834
[imu_filter_madgwick_node-3] [INFO] [1770709540.585470135] [imu_filter]: Parameter RLController.pid_kp_ang set to 1.233218
[imu_filter_madgwick_node-3] [INFO] [1770709540.585574905] [imu_filter]: Parameter RLController.pid_ki_ang set to 0.000000
[imu_filter_madgwick_node-3] [INFO] [1770709540.585646746] [imu_filter]: Parameter RLController.pid_kd_ang set to 0.096727
[imu_filter_madgwick_node-3] [INFO] [1770709541.006997132] [imu_filter]: Parameter RLController.pid_kp_lin set to 1.202745
[imu_filter_madgwick_node-3] [INFO] [1770709541.007340563] [imu_filter]: Parameter RLController.pid_ki_lin set to 0.000000
[imu_filter_madgwick_node-3] [INFO] [1770709541.007450837] [imu_filter]: Parameter RLController.pid_kd_lin set to 0.028834
[imu_filter_madgwick_node-3] [INFO] [1770709541.016295335] [imu_filter]: Parameter RLController.pid_kp_ang set to 1.233218
[imu_filter_madgwick_node-3] [INFO] [1770709541.016655567] [imu_filter]: Parameter RLController.pid_ki_ang set to 0.000000
[imu_filter_madgwick_node-3] [INFO] [1770709541.016765521] [imu_filter]: Parameter RLController.pid_kd_ang set to 0.096673
[imu_filter_madgwick_node-3] [INFO] [1770709541.430767534] [imu_filter]: Parameter RLController.pid_kp_lin set to 1.202745
[imu_filter_madgwick_node-3] [INFO] [1770709541.430964818] [imu_filter]: Parameter RLController.pid_ki_lin set to 0.000000
[imu_filter_madgwick_node-3] [INFO] [1770709541.431039764] [imu_filter]: Parameter RLController.pid_kd_lin set to 0.028834
[imu_filter_madgwick_node-3] [INFO] [1770709541.431105557] [imu_filter]: Parameter RLController.pid_kp_ang set to 1.233218
[imu_filter_madgwick_node-3] [INFO] [1770709541.431164630] [imu_filter]: Parameter RLController.pid_ki_ang set to 0.000000
[imu_filter_madgwick_node-3] [INFO] [1770709541.431224343] [imu_filter]: Parameter RLController.pid_kd_ang set to 0.096612
[imu_filter_madgwick_node-3] [INFO] [1770709541.844679466] [imu_filter]: Parameter RLController.pid_kp_lin set to 1.202745
[imu_filter_madgwick_node-3] [INFO] [1770709541.847192989] [imu_filter]: Parameter RLController.pid_ki_lin set to 0.000000
[imu_filter_madgwick_node-3] [INFO] [1770709541.847422721] [imu_filter]: Parameter RLController.pid_kd_lin set to 0.028834
[imu_filter_madgwick_node-3] [INFO] [1770709541.847515171] [imu_filter]: Parameter RLController.pid_kp_ang set to 1.233218
[imu_filter_madgwick_node-3] [INFO] [1770709541.847681702] [imu_filter]: Parameter RLController.pid_ki_ang set to 0.000000
[imu_filter_madgwick_node-3] [INFO] [1770709541.847755496] [imu_filter]: Parameter RLController.pid_kd_ang set to 0.096544
[imu_filter_madgwick_node-3] [INFO] [1770709542.260809394] [imu_filter]: Parameter RLController.pid_kp_lin set to 1.202745
[imu_filter_madgwick_node-3] [INFO] [1770709542.261049911] [imu_filter]: Parameter RLController.pid_ki_lin set to 0.000000
[imu_filter_madgwick_node-3] [INFO] [1770709542.262931037] [imu_filter]: Parameter RLController.pid_kd_lin set to 0.028834
[imu_filter_madgwick_node-3] [INFO] [1770709542.263136961] [imu_filter]: Parameter RLController.pid_kp_ang set to 1.233218
[imu_filter_madgwick_node-3] [INFO] [1770709542.263226563] [imu_filter]: Parameter RLController.pid_ki_ang set to 0.000000
[imu_filter_madgwick_node-3] [INFO] [1770709542.263290052] [imu_filter]: Parameter RLController.pid_kd_ang set to 0.096472
[imu_filter_madgwick_node-3] [INFO] [1770709542.677118558] [imu_filter]: Parameter RLController.pid_kp_lin set to 1.202745
[imu_filter_madgwick_node-3] [INFO] [1770709542.679536591] [imu_filter]: Parameter RLController.pid_ki_lin set to 0.000000
[imu_filter_madgwick_node-3] [INFO] [1770709542.679723091] [imu_filter]: Parameter RLController.pid_kd_lin set to 0.028834
[imu_filter_madgwick_node-3] [INFO] [1770709542.679793492] [imu_filter]: Parameter RLController.pid_kp_ang set to 1.233218
[imu_filter_madgwick_node-3] [INFO] [1770709542.679855925] [imu_filter]: Parameter RLController.pid_ki_ang set to 0.000000
[imu_filter_madgwick_node-3] [INFO] [1770709542.679916023] [imu_filter]: Parameter RLController.pid_kd_ang set to 0.096396
[imu_filter_madgwick_node-3] [INFO] [1770709543.095599766] [imu_filter]: Parameter RLController.pid_kp_lin set to 1.202745
[imu_filter_madgwick_node-3] [INFO] [1770709543.095842107] [imu_filter]: Parameter RLController.pid_ki_lin set to 0.000000
[imu_filter_madgwick_node-3] [INFO] [1770709543.095922396] [imu_filter]: Parameter RLController.pid_kd_lin set to 0.028834
[imu_filter_madgwick_node-3] [INFO] [1770709543.095989598] [imu_filter]: Parameter RLController.pid_kp_ang set to 1.233218
[imu_filter_madgwick_node-3] [INFO] [1770709543.096053503] [imu_filter]: Parameter RLController.pid_ki_ang set to 0.000000
[imu_filter_madgwick_node-3] [INFO] [1770709543.096210018] [imu_filter]: Parameter RLController.pid_kd_ang set to 0.096318
[imu_filter_madgwick_node-3] [INFO] [1770709543.502279392] [imu_filter]: Parameter RLController.pid_kp_lin set to 1.202745
[imu_filter_madgwick_node-3] [INFO] [1770709543.502485892] [imu_filter]: Parameter RLController.pid_ki_lin set to 0.000000
[imu_filter_madgwick_node-3] [INFO] [1770709543.502561605] [imu_filter]: Parameter RLController.pid_kd_lin set to 0.028834
[imu_filter_madgwick_node-3] [INFO] [1770709543.505249212] [imu_filter]: Parameter RLController.pid_kp_ang set to 1.233218
[imu_filter_madgwick_node-3] [INFO] [1770709543.505421183] [imu_filter]: Parameter RLController.pid_ki_ang set to 0.000000
[imu_filter_madgwick_node-3] [INFO] [1770709543.505520545] [imu_filter]: Parameter RLController.pid_kd_ang set to 0.096237
[imu_filter_madgwick_node-3] [INFO] [1770709543.919718722] [imu_filter]: Parameter RLController.pid_kp_lin set to 1.202745
[imu_filter_madgwick_node-3] [INFO] [1770709543.922022481] [imu_filter]: Parameter RLController.pid_ki_lin set to 0.000000
[imu_filter_madgwick_node-3] [INFO] [1770709543.923759380] [imu_filter]: Parameter RLController.pid_kd_lin set to 0.028834
[imu_filter_madgwick_node-3] [INFO] [1770709543.927999241] [imu_filter]: Parameter RLController.pid_kp_ang set to 1.233218
[imu_filter_madgwick_node-3] [INFO] [1770709543.929160961] [imu_filter]: Parameter RLController.pid_ki_ang set to 0.000000
[imu_filter_madgwick_node-3] [INFO] [1770709543.929523496] [imu_filter]: Parameter RLController.pid_kd_ang set to 0.096155
[imu_filter_madgwick_node-3] [INFO] [1770709544.343398307] [imu_filter]: Parameter RLController.pid_kp_lin set to 1.202745
[imu_filter_madgwick_node-3] [INFO] [1770709544.343619111] [imu_filter]: Parameter RLController.pid_ki_lin set to 0.000000
[imu_filter_madgwick_node-3] [INFO] [1770709544.343908173] [imu_filter]: Parameter RLController.pid_kd_lin set to 0.028834
[imu_filter_madgwick_node-3] [INFO] [1770709544.343999247] [imu_filter]: Parameter RLController.pid_kp_ang set to 1.233218
[imu_filter_madgwick_node-3] [INFO] [1770709544.344064112] [imu_filter]: Parameter RLController.pid_ki_ang set to 0.000000
[imu_filter_madgwick_node-3] [INFO] [1770709544.344125522] [imu_filter]: Parameter RLController.pid_kd_ang set to 0.096072
[imu_filter_madgwick_node-3] [INFO] [1770709544.756690098] [imu_filter]: Parameter RLController.pid_kp_lin set to 1.202745
[imu_filter_madgwick_node-3] [INFO] [1770709544.756894550] [imu_filter]: Parameter RLController.pid_ki_lin set to 0.000000
[imu_filter_madgwick_node-3] [INFO] [1770709544.756971864] [imu_filter]: Parameter RLController.pid_kd_lin set to 0.028834
[imu_filter_madgwick_node-3] [INFO] [1770709544.757075514] [imu_filter]: Parameter RLController.pid_kp_ang set to 1.233218
[imu_filter_madgwick_node-3] [INFO] [1770709544.757144507] [imu_filter]: Parameter RLController.pid_ki_ang set to 0.000000
[imu_filter_madgwick_node-3] [INFO] [1770709544.757334239] [imu_filter]: Parameter RLController.pid_kd_ang set to 0.095988
[imu_filter_madgwick_node-3] [INFO] [1770709545.175706549] [imu_filter]: Parameter RLController.pid_kp_lin set to 1.202745
[imu_filter_madgwick_node-3] [INFO] [1770709545.175931449] [imu_filter]: Parameter RLController.pid_ki_lin set to 0.000000
[imu_filter_madgwick_node-3] [INFO] [1770709545.176040315] [imu_filter]: Parameter RLController.pid_kd_lin set to 0.028834
[imu_filter_madgwick_node-3] [INFO] [1770709545.176112733] [imu_filter]: Parameter RLController.pid_kp_ang set to 1.233218
[imu_filter_madgwick_node-3] [INFO] [1770709545.176241343] [imu_filter]: Parameter RLController.pid_ki_ang set to 0.000000
[imu_filter_madgwick_node-3] [INFO] [1770709545.176312993] [imu_filter]: Parameter RLController.pid_kd_ang set to 0.095903
[imu_filter_madgwick_node-3] [INFO] [1770709545.597089479] [imu_filter]: Parameter RLController.pid_kp_lin set to 1.202745
[imu_filter_madgwick_node-3] [INFO] [1770709545.597286987] [imu_filter]: Parameter RLController.pid_ki_lin set to 0.000000
[imu_filter_madgwick_node-3] [INFO] [1770709545.597351244] [imu_filter]: Parameter RLController.pid_kd_lin set to 0.028834
[imu_filter_madgwick_node-3] [INFO] [1770709545.597415726] [imu_filter]: Parameter RLController.pid_kp_ang set to 1.233218
[imu_filter_madgwick_node-3] [INFO] [1770709545.604327705] [imu_filter]: Parameter RLController.pid_ki_ang set to 0.000000
[imu_filter_madgwick_node-3] [INFO] [1770709545.604854916] [imu_filter]: Parameter RLController.pid_kd_ang set to 0.095817
[imu_filter_madgwick_node-3] [INFO] [1770709546.026457690] [imu_filter]: Parameter RLController.pid_kp_lin set to 1.202745
[imu_filter_madgwick_node-3] [INFO] [1770709546.026696383] [imu_filter]: Parameter RLController.pid_ki_lin set to 0.000000
[imu_filter_madgwick_node-3] [INFO] [1770709546.026803233] [imu_filter]: Parameter RLController.pid_kd_lin set to 0.028834
[imu_filter_madgwick_node-3] [INFO] [1770709546.026881411] [imu_filter]: Parameter RLController.pid_kp_ang set to 1.233218
[imu_filter_madgwick_node-3] [INFO] [1770709546.026945924] [imu_filter]: Parameter RLController.pid_ki_ang set to 0.000000
[imu_filter_madgwick_node-3] [INFO] [1770709546.027005893] [imu_filter]: Parameter RLController.pid_kd_ang set to 0.095731
[imu_filter_madgwick_node-3] [INFO] [1770709546.454238414] [imu_filter]: Parameter RLController.pid_kp_lin set to 1.202745
[imu_filter_madgwick_node-3] [INFO] [1770709546.454449778] [imu_filter]: Parameter RLController.pid_ki_lin set to 0.000000
[imu_filter_madgwick_node-3] [INFO] [1770709546.454530484] [imu_filter]: Parameter RLController.pid_kd_lin set to 0.028834
[imu_filter_madgwick_node-3] [INFO] [1770709546.454608981] [imu_filter]: Parameter RLController.pid_kp_ang set to 1.233218
[imu_filter_madgwick_node-3] [INFO] [1770709546.454668790] [imu_filter]: Parameter RLController.pid_ki_ang set to 0.000000
[imu_filter_madgwick_node-3] [INFO] [1770709546.454731032] [imu_filter]: Parameter RLController.pid_kd_ang set to 0.095644
[imu_filter_madgwick_node-3] [INFO] [1770709546.866645771] [imu_filter]: Parameter RLController.pid_kp_lin set to 1.202745
[imu_filter_madgwick_node-3] [INFO] [1770709546.868275116] [imu_filter]: Parameter RLController.pid_ki_lin set to 0.000000
[imu_filter_madgwick_node-3] [INFO] [1770709546.874908050] [imu_filter]: Parameter RLController.pid_kd_lin set to 0.028834
[imu_filter_madgwick_node-3] [INFO] [1770709546.875128982] [imu_filter]: Parameter RLController.pid_kp_ang set to 1.233218
[imu_filter_madgwick_node-3] [INFO] [1770709546.875224056] [imu_filter]: Parameter RLController.pid_ki_ang set to 0.000000
[imu_filter_madgwick_node-3] [INFO] [1770709546.875287929] [imu_filter]: Parameter RLController.pid_kd_ang set to 0.095557
[imu_filter_madgwick_node-3] [INFO] [1770709547.302048280] [imu_filter]: Parameter RLController.pid_kp_lin set to 1.203053
[imu_filter_madgwick_node-3] [INFO] [1770709547.302277949] [imu_filter]: Parameter RLController.pid_ki_lin set to 0.000000
[imu_filter_madgwick_node-3] [INFO] [1770709547.302351134] [imu_filter]: Parameter RLController.pid_kd_lin set to 0.028654
[imu_filter_madgwick_node-3] [INFO] [1770709547.302424928] [imu_filter]: Parameter RLController.pid_kp_ang set to 1.233640
[imu_filter_madgwick_node-3] [INFO] [1770709547.302491617] [imu_filter]: Parameter RLController.pid_ki_ang set to 0.000000
[imu_filter_madgwick_node-3] [INFO] [1770709547.302557026] [imu_filter]: Parameter RLController.pid_kd_ang set to 0.095433
[imu_filter_madgwick_node-3] [INFO] [1770709547.713652357] [imu_filter]: Parameter RLController.pid_kp_lin set to 1.203498
[imu_filter_madgwick_node-3] [INFO] [1770709547.713958539] [imu_filter]: Parameter RLController.pid_ki_lin set to 0.000000
[imu_filter_madgwick_node-3] [INFO] [1770709547.714049453] [imu_filter]: Parameter RLController.pid_kd_lin set to 0.028551
[imu_filter_madgwick_node-3] [INFO] [1770709547.714118446] [imu_filter]: Parameter RLController.pid_kp_ang set to 1.233640
[imu_filter_madgwick_node-3] [INFO] [1770709547.714178896] [imu_filter]: Parameter RLController.pid_ki_ang set to 0.000000
[imu_filter_madgwick_node-3] [INFO] [1770709547.714237105] [imu_filter]: Parameter RLController.pid_kd_ang set to 0.095346
[imu_filter_madgwick_node-3] [INFO] [1770709548.127145592] [imu_filter]: Parameter RLController.pid_kp_lin set to 1.203864
[imu_filter_madgwick_node-3] [INFO] [1770709548.127490783] [imu_filter]: Parameter RLController.pid_ki_lin set to 0.000000
[imu_filter_madgwick_node-3] [INFO] [1770709548.127712836] [imu_filter]: Parameter RLController.pid_kd_lin set to 0.028485
[imu_filter_madgwick_node-3] [INFO] [1770709548.127799205] [imu_filter]: Parameter RLController.pid_kp_ang set to 1.233640
[imu_filter_madgwick_node-3] [INFO] [1770709548.127868039] [imu_filter]: Parameter RLController.pid_ki_ang set to 0.000000
[imu_filter_madgwick_node-3] [INFO] [1770709548.127933960] [imu_filter]: Parameter RLController.pid_kd_ang set to 0.095346
[imu_filter_madgwick_node-3] [INFO] [1770709548.538348157] [imu_filter]: Parameter RLController.pid_kp_lin set to 1.204173
[imu_filter_madgwick_node-3] [INFO] [1770709548.538620643] [imu_filter]: Parameter RLController.pid_ki_lin set to 0.000000
[imu_filter_madgwick_node-3] [INFO] [1770709548.538737733] [imu_filter]: Parameter RLController.pid_kd_lin set to 0.028434
[imu_filter_madgwick_node-3] [INFO] [1770709548.538819079] [imu_filter]: Parameter RLController.pid_kp_ang set to 1.233640
[imu_filter_madgwick_node-3] [INFO] [1770709548.538882568] [imu_filter]: Parameter RLController.pid_ki_ang set to 0.000000
[imu_filter_madgwick_node-3] [INFO] [1770709548.538946633] [imu_filter]: Parameter RLController.pid_kd_ang set to 0.095346
[imu_filter_madgwick_node-3] [INFO] [1770709548.959718287] [imu_filter]: Parameter RLController.pid_kp_lin set to 1.204431
[imu_filter_madgwick_node-3] [INFO] [1770709548.965561669] [imu_filter]: Parameter RLController.pid_ki_lin set to 0.000000
[imu_filter_madgwick_node-3] [INFO] [1770709548.965873579] [imu_filter]: Parameter RLController.pid_kd_lin set to 0.028434
[imu_filter_madgwick_node-3] [INFO] [1770709548.965968397] [imu_filter]: Parameter RLController.pid_kp_ang set to 1.233640
[imu_filter_madgwick_node-3] [INFO] [1770709548.966033551] [imu_filter]: Parameter RLController.pid_ki_ang set to 0.000000
[imu_filter_madgwick_node-3] [INFO] [1770709548.966095952] [imu_filter]: Parameter RLController.pid_kd_ang set to 0.095346
[imu_filter_madgwick_node-3] [INFO] [1770709549.391252910] [imu_filter]: Parameter RLController.pid_kp_lin set to 1.204639
[imu_filter_madgwick_node-3] [INFO] [1770709549.391577685] [imu_filter]: Parameter RLController.pid_ki_lin set to 0.000000
[imu_filter_madgwick_node-3] [INFO] [1770709549.391665783] [imu_filter]: Parameter RLController.pid_kd_lin set to 0.028434
[imu_filter_madgwick_node-3] [INFO] [1770709549.391976285] [imu_filter]: Parameter RLController.pid_kp_ang set to 1.233640
[imu_filter_madgwick_node-3] [INFO] [1770709549.392063263] [imu_filter]: Parameter RLController.pid_ki_ang set to 0.000000
[imu_filter_madgwick_node-3] [INFO] [1770709549.392130432] [imu_filter]: Parameter RLController.pid_kd_ang set to 0.095346
[imu_filter_madgwick_node-3] [INFO] [1770709549.820554464] [imu_filter]: Parameter RLController.pid_kp_lin set to 1.204826
[imu_filter_madgwick_node-3] [INFO] [1770709549.824985786] [imu_filter]: Parameter RLController.pid_ki_lin set to 0.000000
[imu_filter_madgwick_node-3] [INFO] [1770709549.825260127] [imu_filter]: Parameter RLController.pid_kd_lin set to 0.028434
[imu_filter_madgwick_node-3] [INFO] [1770709549.825616518] [imu_filter]: Parameter RLController.pid_kp_ang set to 1.233640
[imu_filter_madgwick_node-3] [INFO] [1770709549.826554937] [imu_filter]: Parameter RLController.pid_ki_ang set to 0.000000
[imu_filter_madgwick_node-3] [INFO] [1770709549.826707644] [imu_filter]: Parameter RLController.pid_kd_ang set to 0.095346
[imu_filter_madgwick_node-3] [INFO] [1770709550.245070578] [imu_filter]: Parameter RLController.pid_kp_lin set to 1.205004
[imu_filter_madgwick_node-3] [INFO] [1770709550.245412217] [imu_filter]: Parameter RLController.pid_ki_lin set to 0.000000
[imu_filter_madgwick_node-3] [INFO] [1770709550.245595932] [imu_filter]: Parameter RLController.pid_kd_lin set to 0.028434
[imu_filter_madgwick_node-3] [INFO] [1770709550.245679582] [imu_filter]: Parameter RLController.pid_kp_ang set to 1.233640
[imu_filter_madgwick_node-3] [INFO] [1770709550.245742687] [imu_filter]: Parameter RLController.pid_ki_ang set to 0.000000
[imu_filter_madgwick_node-3] [INFO] [1770709550.247633381] [imu_filter]: Parameter RLController.pid_kd_ang set to 0.095346
[imu_filter_madgwick_node-3] [INFO] [1770709550.656591709] [imu_filter]: Parameter RLController.pid_kp_lin set to 1.205140
[imu_filter_madgwick_node-3] [INFO] [1770709550.656836770] [imu_filter]: Parameter RLController.pid_ki_lin set to 0.000000
[imu_filter_madgwick_node-3] [INFO] [1770709550.656909827] [imu_filter]: Parameter RLController.pid_kd_lin set to 0.028434
[imu_filter_madgwick_node-3] [INFO] [1770709550.656975045] [imu_filter]: Parameter RLController.pid_kp_ang set to 1.233640
[imu_filter_madgwick_node-3] [INFO] [1770709550.657090599] [imu_filter]: Parameter RLController.pid_ki_ang set to 0.000000
[imu_filter_madgwick_node-3] [INFO] [1770709550.657172425] [imu_filter]: Parameter RLController.pid_kd_ang set to 0.095346
[imu_filter_madgwick_node-3] [INFO] [1770709551.095712757] [imu_filter]: Parameter RLController.pid_kp_lin set to 1.205140
[imu_filter_madgwick_node-3] [INFO] [1770709551.097930274] [imu_filter]: Parameter RLController.pid_ki_lin set to 0.000000
[imu_filter_madgwick_node-3] [INFO] [1770709551.098229288] [imu_filter]: Parameter RLController.pid_kd_lin set to 0.028434
[imu_filter_madgwick_node-3] [INFO] [1770709551.098308681] [imu_filter]: Parameter RLController.pid_kp_ang set to 1.233640
[imu_filter_madgwick_node-3] [INFO] [1770709551.098377579] [imu_filter]: Parameter RLController.pid_ki_ang set to 0.000000
[imu_filter_madgwick_node-3] [INFO] [1770709551.098442444] [imu_filter]: Parameter RLController.pid_kd_ang set to 0.095346
[imu_filter_madgwick_node-3] [INFO] [1770709551.508484186] [imu_filter]: Parameter RLController.pid_kp_lin set to 1.205140
[imu_filter_madgwick_node-3] [INFO] [1770709551.508702526] [imu_filter]: Parameter RLController.pid_ki_lin set to 0.000000
[imu_filter_madgwick_node-3] [INFO] [1770709551.508887010] [imu_filter]: Parameter RLController.pid_kd_lin set to 0.028434
[imu_filter_madgwick_node-3] [INFO] [1770709551.508967363] [imu_filter]: Parameter RLController.pid_kp_ang set to 1.233640
[imu_filter_madgwick_node-3] [INFO] [1770709551.509034245] [imu_filter]: Parameter RLController.pid_ki_ang set to 0.000000
[imu_filter_madgwick_node-3] [INFO] [1770709551.509093478] [imu_filter]: Parameter RLController.pid_kd_ang set to 0.095346
[imu_filter_madgwick_node-3] [INFO] [1770709551.925081515] [imu_filter]: Parameter RLController.pid_kp_lin set to 1.205140
[imu_filter_madgwick_node-3] [INFO] [1770709551.925275119] [imu_filter]: Parameter RLController.pid_ki_lin set to 0.000000
[imu_filter_madgwick_node-3] [INFO] [1770709551.925348593] [imu_filter]: Parameter RLController.pid_kd_lin set to 0.028434
[imu_filter_madgwick_node-3] [INFO] [1770709551.925413202] [imu_filter]: Parameter RLController.pid_kp_ang set to 1.233640
[imu_filter_madgwick_node-3] [INFO] [1770709551.925476019] [imu_filter]: Parameter RLController.pid_ki_ang set to 0.000000
[imu_filter_madgwick_node-3] [INFO] [1770709551.925580374] [imu_filter]: Parameter RLController.pid_kd_ang set to 0.095346
[imu_filter_madgwick_node-3] [INFO] [1770709552.339543410] [imu_filter]: Parameter RLController.pid_kp_lin set to 1.205140
[imu_filter_madgwick_node-3] [INFO] [1770709552.339767639] [imu_filter]: Parameter RLController.pid_ki_lin set to 0.000000
[imu_filter_madgwick_node-3] [INFO] [1770709552.339842616] [imu_filter]: Parameter RLController.pid_kd_lin set to 0.028434
[imu_filter_madgwick_node-3] [INFO] [1770709552.339908762] [imu_filter]: Parameter RLController.pid_kp_ang set to 1.233640
[imu_filter_madgwick_node-3] [INFO] [1770709552.339968763] [imu_filter]: Parameter RLController.pid_ki_ang set to 0.000000
[imu_filter_madgwick_node-3] [INFO] [1770709552.340030012] [imu_filter]: Parameter RLController.pid_kd_ang set to 0.095346
[imu_filter_madgwick_node-3] [INFO] [1770709552.768855908] [imu_filter]: Parameter RLController.pid_kp_lin set to 1.205140
[imu_filter_madgwick_node-3] [INFO] [1770709552.769045832] [imu_filter]: Parameter RLController.pid_ki_lin set to 0.000000
[imu_filter_madgwick_node-3] [INFO] [1770709552.769123210] [imu_filter]: Parameter RLController.pid_kd_lin set to 0.028434
[imu_filter_madgwick_node-3] [INFO] [1770709552.769192651] [imu_filter]: Parameter RLController.pid_kp_ang set to 1.233640
[imu_filter_madgwick_node-3] [INFO] [1770709552.769257132] [imu_filter]: Parameter RLController.pid_ki_ang set to 0.000000
[imu_filter_madgwick_node-3] [INFO] [1770709552.769320654] [imu_filter]: Parameter RLController.pid_kd_ang set to 0.095346
[imu_filter_madgwick_node-3] [INFO] [1770709553.184962380] [imu_filter]: Parameter RLController.pid_kp_lin set to 1.205140
[imu_filter_madgwick_node-3] [INFO] [1770709553.187333788] [imu_filter]: Parameter RLController.pid_ki_lin set to 0.000000
[imu_filter_madgwick_node-3] [INFO] [1770709553.187516640] [imu_filter]: Parameter RLController.pid_kd_lin set to 0.028434
[imu_filter_madgwick_node-3] [INFO] [1770709553.187586465] [imu_filter]: Parameter RLController.pid_kp_ang set to 1.233640
[imu_filter_madgwick_node-3] [INFO] [1770709553.187648546] [imu_filter]: Parameter RLController.pid_ki_ang set to 0.000000
[imu_filter_madgwick_node-3] [INFO] [1770709553.187707812] [imu_filter]: Parameter RLController.pid_kd_ang set to 0.095346
[imu_filter_madgwick_node-3] [INFO] [1770709553.598072152] [imu_filter]: Parameter RLController.pid_kp_lin set to 1.205140
[imu_filter_madgwick_node-3] [INFO] [1770709553.598267804] [imu_filter]: Parameter RLController.pid_ki_lin set to 0.000000
[imu_filter_madgwick_node-3] [INFO] [1770709553.598354461] [imu_filter]: Parameter RLController.pid_kd_lin set to 0.028434
[imu_filter_madgwick_node-3] [INFO] [1770709553.598423199] [imu_filter]: Parameter RLController.pid_kp_ang set to 1.233640
[imu_filter_madgwick_node-3] [INFO] [1770709553.598485664] [imu_filter]: Parameter RLController.pid_ki_ang set to 0.000000
[imu_filter_madgwick_node-3] [INFO] [1770709553.598547521] [imu_filter]: Parameter RLController.pid_kd_ang set to 0.095346
[imu_filter_madgwick_node-3] [INFO] [1770709554.013956539] [imu_filter]: Parameter RLController.pid_kp_lin set to 1.205140
[imu_filter_madgwick_node-3] [INFO] [1770709554.014284194] [imu_filter]: Parameter RLController.pid_ki_lin set to 0.000000
[imu_filter_madgwick_node-3] [INFO] [1770709554.014421188] [imu_filter]: Parameter RLController.pid_kd_lin set to 0.028434
[imu_filter_madgwick_node-3] [INFO] [1770709554.014494118] [imu_filter]: Parameter RLController.pid_kp_ang set to 1.233640
[imu_filter_madgwick_node-3] [INFO] [1770709554.014675114] [imu_filter]: Parameter RLController.pid_ki_ang set to 0.000000
[imu_filter_madgwick_node-3] [INFO] [1770709554.014743083] [imu_filter]: Parameter RLController.pid_kd_ang set to 0.095346
[imu_filter_madgwick_node-3] [INFO] [1770709554.426872515] [imu_filter]: Parameter RLController.pid_kp_lin set to 1.205140
[imu_filter_madgwick_node-3] [INFO] [1770709554.427172873] [imu_filter]: Parameter RLController.pid_ki_lin set to 0.000000
[imu_filter_madgwick_node-3] [INFO] [1770709554.427259658] [imu_filter]: Parameter RLController.pid_kd_lin set to 0.028434
[imu_filter_madgwick_node-3] [INFO] [1770709554.427329132] [imu_filter]: Parameter RLController.pid_kp_ang set to 1.233640
[imu_filter_madgwick_node-3] [INFO] [1770709554.427462574] [imu_filter]: Parameter RLController.pid_ki_ang set to 0.000000
[imu_filter_madgwick_node-3] [INFO] [1770709554.427532112] [imu_filter]: Parameter RLController.pid_kd_ang set to 0.095346
[imu_filter_madgwick_node-3] [INFO] [1770709554.833582829] [imu_filter]: Parameter RLController.pid_kp_lin set to 1.205140
[imu_filter_madgwick_node-3] [INFO] [1770709554.833903667] [imu_filter]: Parameter RLController.pid_ki_lin set to 0.000000
[imu_filter_madgwick_node-3] [INFO] [1770709554.833996437] [imu_filter]: Parameter RLController.pid_kd_lin set to 0.028434
[imu_filter_madgwick_node-3] [INFO] [1770709554.834062327] [imu_filter]: Parameter RLController.pid_kp_ang set to 1.233640
[imu_filter_madgwick_node-3] [INFO] [1770709554.834128504] [imu_filter]: Parameter RLController.pid_ki_ang set to 0.000000
[imu_filter_madgwick_node-3] [INFO] [1770709554.834257595] [imu_filter]: Parameter RLController.pid_kd_ang set to 0.095346
[imu_filter_madgwick_node-3] [INFO] [1770709555.262130032] [imu_filter]: Parameter RLController.pid_kp_lin set to 1.205281
[imu_filter_madgwick_node-3] [INFO] [1770709555.262514967] [imu_filter]: Parameter RLController.pid_ki_lin set to 0.000000
[imu_filter_madgwick_node-3] [INFO] [1770709555.262707227] [imu_filter]: Parameter RLController.pid_kd_lin set to 0.028434
[imu_filter_madgwick_node-3] [INFO] [1770709555.262801565] [imu_filter]: Parameter RLController.pid_kp_ang set to 1.233640
[imu_filter_madgwick_node-3] [INFO] [1770709555.262876607] [imu_filter]: Parameter RLController.pid_ki_ang set to 0.000000
[imu_filter_madgwick_node-3] [INFO] [1770709555.262946112] [imu_filter]: Parameter RLController.pid_kd_ang set to 0.095346
[imu_filter_madgwick_node-3] [INFO] [1770709555.671256939] [imu_filter]: Parameter RLController.pid_kp_lin set to 1.205281
[imu_filter_madgwick_node-3] [INFO] [1770709555.671453071] [imu_filter]: Parameter RLController.pid_ki_lin set to 0.000000
[imu_filter_madgwick_node-3] [INFO] [1770709555.671523760] [imu_filter]: Parameter RLController.pid_kd_lin set to 0.028434
[imu_filter_madgwick_node-3] [INFO] [1770709555.671588658] [imu_filter]: Parameter RLController.pid_kp_ang set to 1.233640
[imu_filter_madgwick_node-3] [INFO] [1770709555.671647507] [imu_filter]: Parameter RLController.pid_ki_ang set to 0.000000
[imu_filter_madgwick_node-3] [INFO] [1770709555.671705428] [imu_filter]: Parameter RLController.pid_kd_ang set to 0.095346
[imu_filter_madgwick_node-3] [INFO] [1770709556.089563807] [imu_filter]: Parameter RLController.pid_kp_lin set to 1.205281
[imu_filter_madgwick_node-3] [INFO] [1770709556.089774371] [imu_filter]: Parameter RLController.pid_ki_lin set to 0.000000
[imu_filter_madgwick_node-3] [INFO] [1770709556.092467642] [imu_filter]: Parameter RLController.pid_kd_lin set to 0.028434
[imu_filter_madgwick_node-3] [INFO] [1770709556.092793952] [imu_filter]: Parameter RLController.pid_kp_ang set to 1.233640
[imu_filter_madgwick_node-3] [INFO] [1770709556.092881282] [imu_filter]: Parameter RLController.pid_ki_ang set to 0.000000
[imu_filter_madgwick_node-3] [INFO] [1770709556.092949603] [imu_filter]: Parameter RLController.pid_kd_ang set to 0.095346
[imu_filter_madgwick_node-3] [INFO] [1770709556.513796971] [imu_filter]: Parameter RLController.pid_kp_lin set to 1.205427
[imu_filter_madgwick_node-3] [INFO] [1770709556.514142994] [imu_filter]: Parameter RLController.pid_ki_lin set to 0.000000
[imu_filter_madgwick_node-3] [INFO] [1770709556.514224563] [imu_filter]: Parameter RLController.pid_kd_lin set to 0.028434
[imu_filter_madgwick_node-3] [INFO] [1770709556.514300021] [imu_filter]: Parameter RLController.pid_kp_ang set to 1.233640
[imu_filter_madgwick_node-3] [INFO] [1770709556.514358870] [imu_filter]: Parameter RLController.pid_ki_ang set to 0.000000
[imu_filter_madgwick_node-3] [INFO] [1770709556.514419383] [imu_filter]: Parameter RLController.pid_kd_ang set to 0.095346
[imu_filter_madgwick_node-3] [INFO] [1770709556.929641453] [imu_filter]: Parameter RLController.pid_kp_lin set to 1.205427
[imu_filter_madgwick_node-3] [INFO] [1770709556.929819825] [imu_filter]: Parameter RLController.pid_ki_lin set to 0.000000
[imu_filter_madgwick_node-3] [INFO] [1770709556.929898291] [imu_filter]: Parameter RLController.pid_kd_lin set to 0.028434
[imu_filter_madgwick_node-3] [INFO] [1770709556.929960308] [imu_filter]: Parameter RLController.pid_kp_ang set to 1.233640
[imu_filter_madgwick_node-3] [INFO] [1770709556.930458622] [imu_filter]: Parameter RLController.pid_ki_ang set to 0.000000
[imu_filter_madgwick_node-3] [INFO] [1770709556.930554912] [imu_filter]: Parameter RLController.pid_kd_ang set to 0.095346
[imu_filter_madgwick_node-3] [INFO] [1770709557.344052755] [imu_filter]: Parameter RLController.pid_kp_lin set to 1.205427
[imu_filter_madgwick_node-3] [INFO] [1770709557.344415258] [imu_filter]: Parameter RLController.pid_ki_lin set to 0.000000
[imu_filter_madgwick_node-3] [INFO] [1770709557.344530365] [imu_filter]: Parameter RLController.pid_kd_lin set to 0.028434
[imu_filter_madgwick_node-3] [INFO] [1770709557.344605822] [imu_filter]: Parameter RLController.pid_kp_ang set to 1.233640
[imu_filter_madgwick_node-3] [INFO] [1770709557.344672064] [imu_filter]: Parameter RLController.pid_ki_ang set to 0.000000
[imu_filter_madgwick_node-3] [INFO] [1770709557.344737409] [imu_filter]: Parameter RLController.pid_kd_ang set to 0.095346
[imu_filter_madgwick_node-3] [INFO] [1770709557.757054364] [imu_filter]: Parameter RLController.pid_kp_lin set to 1.205427
[imu_filter_madgwick_node-3] [INFO] [1770709557.757261921] [imu_filter]: Parameter RLController.pid_ki_lin set to 0.000000
[imu_filter_madgwick_node-3] [INFO] [1770709557.760878346] [imu_filter]: Parameter RLController.pid_kd_lin set to 0.028434
[imu_filter_madgwick_node-3] [INFO] [1770709557.761067181] [imu_filter]: Parameter RLController.pid_kp_ang set to 1.233640
[imu_filter_madgwick_node-3] [INFO] [1770709557.761138927] [imu_filter]: Parameter RLController.pid_ki_ang set to 0.000000
[imu_filter_madgwick_node-3] [INFO] [1770709557.761204240] [imu_filter]: Parameter RLController.pid_kd_ang set to 0.095346
[imu_filter_madgwick_node-3] [INFO] [1770709558.172888927] [imu_filter]: Parameter RLController.pid_kp_lin set to 1.205579
[imu_filter_madgwick_node-3] [INFO] [1770709558.173096323] [imu_filter]: Parameter RLController.pid_ki_lin set to 0.000000
[imu_filter_madgwick_node-3] [INFO] [1770709558.173173797] [imu_filter]: Parameter RLController.pid_kd_lin set to 0.028434
[imu_filter_madgwick_node-3] [INFO] [1770709558.173238246] [imu_filter]: Parameter RLController.pid_kp_ang set to 1.233640
[imu_filter_madgwick_node-3] [INFO] [1770709558.173298951] [imu_filter]: Parameter RLController.pid_ki_ang set to 0.000000
[imu_filter_madgwick_node-3] [INFO] [1770709558.173357864] [imu_filter]: Parameter RLController.pid_kd_ang set to 0.095346
[imu_filter_madgwick_node-3] [INFO] [1770709558.589625267] [imu_filter]: Parameter RLController.pid_kp_lin set to 1.205730
[imu_filter_madgwick_node-3] [INFO] [1770709558.589823991] [imu_filter]: Parameter RLController.pid_ki_lin set to 0.000000
[imu_filter_madgwick_node-3] [INFO] [1770709558.589902905] [imu_filter]: Parameter RLController.pid_kd_lin set to 0.028434
[imu_filter_madgwick_node-3] [INFO] [1770709558.589963514] [imu_filter]: Parameter RLController.pid_kp_ang set to 1.233640
[imu_filter_madgwick_node-3] [INFO] [1770709558.590677193] [imu_filter]: Parameter RLController.pid_ki_ang set to 0.000000
[imu_filter_madgwick_node-3] [INFO] [1770709558.590919341] [imu_filter]: Parameter RLController.pid_kd_ang set to 0.095346
[imu_filter_madgwick_node-3] [INFO] [1770709559.005572376] [imu_filter]: Parameter RLController.pid_kp_lin set to 1.205905
[imu_filter_madgwick_node-3] [INFO] [1770709559.005804285] [imu_filter]: Parameter RLController.pid_ki_lin set to 0.000000
[imu_filter_madgwick_node-3] [INFO] [1770709559.010480987] [imu_filter]: Parameter RLController.pid_kd_lin set to 0.028434
[imu_filter_madgwick_node-3] [INFO] [1770709559.010851106] [imu_filter]: Parameter RLController.pid_kp_ang set to 1.233640
[imu_filter_madgwick_node-3] [INFO] [1770709559.010935460] [imu_filter]: Parameter RLController.pid_ki_ang set to 0.000000
[imu_filter_madgwick_node-3] [INFO] [1770709559.011008870] [imu_filter]: Parameter RLController.pid_kd_ang set to 0.095346
[imu_filter_madgwick_node-3] [INFO] [1770709559.438075115] [imu_filter]: Parameter RLController.pid_kp_lin set to 1.206049
[imu_filter_madgwick_node-3] [INFO] [1770709559.438275023] [imu_filter]: Parameter RLController.pid_ki_lin set to 0.000000
[imu_filter_madgwick_node-3] [INFO] [1770709559.438352752] [imu_filter]: Parameter RLController.pid_kd_lin set to 0.028434
[imu_filter_madgwick_node-3] [INFO] [1770709559.438417777] [imu_filter]: Parameter RLController.pid_kp_ang set to 1.233640
[imu_filter_madgwick_node-3] [INFO] [1770709559.438481747] [imu_filter]: Parameter RLController.pid_ki_ang set to 0.000000
[imu_filter_madgwick_node-3] [INFO] [1770709559.440844130] [imu_filter]: Parameter RLController.pid_kd_ang set to 0.095346
[imu_filter_madgwick_node-3] [INFO] [1770709559.858957555] [imu_filter]: Parameter RLController.pid_kp_lin set to 1.206228
[imu_filter_madgwick_node-3] [INFO] [1770709559.859198200] [imu_filter]: Parameter RLController.pid_ki_lin set to 0.000000
[imu_filter_madgwick_node-3] [INFO] [1770709559.859289113] [imu_filter]: Parameter RLController.pid_kd_lin set to 0.028434
[imu_filter_madgwick_node-3] [INFO] [1770709559.859355291] [imu_filter]: Parameter RLController.pid_kp_ang set to 1.233640
[imu_filter_madgwick_node-3] [INFO] [1770709559.859417052] [imu_filter]: Parameter RLController.pid_ki_ang set to 0.000000
[imu_filter_madgwick_node-3] [INFO] [1770709559.859479293] [imu_filter]: Parameter RLController.pid_kd_ang set to 0.095346
[imu_filter_madgwick_node-3] [INFO] [1770709560.278357597] [imu_filter]: Parameter RLController.pid_kp_lin set to 1.206437
[imu_filter_madgwick_node-3] [INFO] [1770709560.278848999] [imu_filter]: Parameter RLController.pid_ki_lin set to 0.000000
[imu_filter_madgwick_node-3] [INFO] [1770709560.278963337] [imu_filter]: Parameter RLController.pid_kd_lin set to 0.028434
[imu_filter_madgwick_node-3] [INFO] [1770709560.279034859] [imu_filter]: Parameter RLController.pid_kp_ang set to 1.233640
[imu_filter_madgwick_node-3] [INFO] [1770709560.279103276] [imu_filter]: Parameter RLController.pid_ki_ang set to 0.000000
[imu_filter_madgwick_node-3] [INFO] [1770709560.279163533] [imu_filter]: Parameter RLController.pid_kd_ang set to 0.095346
[imu_filter_madgwick_node-3] [INFO] [1770709560.695665533] [imu_filter]: Parameter RLController.pid_kp_lin set to 1.206616
[imu_filter_madgwick_node-3] [INFO] [1770709560.695867617] [imu_filter]: Parameter RLController.pid_ki_lin set to 0.000000
[imu_filter_madgwick_node-3] [INFO] [1770709560.695938947] [imu_filter]: Parameter RLController.pid_kd_lin set to 0.028434
[imu_filter_madgwick_node-3] [INFO] [1770709560.696006084] [imu_filter]: Parameter RLController.pid_kp_ang set to 1.233640
[imu_filter_madgwick_node-3] [INFO] [1770709560.699410857] [imu_filter]: Parameter RLController.pid_ki_ang set to 0.000000
[imu_filter_madgwick_node-3] [INFO] [1770709560.699587148] [imu_filter]: Parameter RLController.pid_kd_ang set to 0.095346
[imu_filter_madgwick_node-3] [INFO] [1770709561.107965464] [imu_filter]: Parameter RLController.pid_kp_lin set to 1.206790
[imu_filter_madgwick_node-3] [INFO] [1770709561.108185981] [imu_filter]: Parameter RLController.pid_ki_lin set to 0.000000
[imu_filter_madgwick_node-3] [INFO] [1770709561.108280543] [imu_filter]: Parameter RLController.pid_kd_lin set to 0.028434
[imu_filter_madgwick_node-3] [INFO] [1770709561.108352064] [imu_filter]: Parameter RLController.pid_kp_ang set to 1.233640
[imu_filter_madgwick_node-3] [INFO] [1770709561.108417345] [imu_filter]: Parameter RLController.pid_ki_ang set to 0.000000
[imu_filter_madgwick_node-3] [INFO] [1770709561.108480579] [imu_filter]: Parameter RLController.pid_kd_ang set to 0.095346
[imu_filter_madgwick_node-3] [INFO] [1770709561.546481860] [imu_filter]: Parameter RLController.pid_kp_lin set to 1.206994
[imu_filter_madgwick_node-3] [INFO] [1770709561.546716393] [imu_filter]: Parameter RLController.pid_ki_lin set to 0.000000
[imu_filter_madgwick_node-3] [INFO] [1770709561.546817099] [imu_filter]: Parameter RLController.pid_kd_lin set to 0.028434
[imu_filter_madgwick_node-3] [INFO] [1770709561.546894828] [imu_filter]: Parameter RLController.pid_kp_ang set to 1.233640
[imu_filter_madgwick_node-3] [INFO] [1770709561.546960910] [imu_filter]: Parameter RLController.pid_ki_ang set to 0.000000
[imu_filter_madgwick_node-3] [INFO] [1770709561.547023951] [imu_filter]: Parameter RLController.pid_kd_ang set to 0.095346
[imu_filter_madgwick_node-3] [INFO] [1770709561.968072955] [imu_filter]: Parameter RLController.pid_kp_lin set to 1.207193
[imu_filter_madgwick_node-3] [INFO] [1770709561.968287935] [imu_filter]: Parameter RLController.pid_ki_lin set to 0.000000
[imu_filter_madgwick_node-3] [INFO] [1770709561.968375681] [imu_filter]: Parameter RLController.pid_kd_lin set to 0.028434
[imu_filter_madgwick_node-3] [INFO] [1770709561.968447874] [imu_filter]: Parameter RLController.pid_kp_ang set to 1.233640
[imu_filter_madgwick_node-3] [INFO] [1770709561.968512451] [imu_filter]: Parameter RLController.pid_ki_ang set to 0.000000
[imu_filter_madgwick_node-3] [INFO] [1770709561.968572645] [imu_filter]: Parameter RLController.pid_kd_ang set to 0.095346
[imu_filter_madgwick_node-3] [INFO] [1770709562.384226563] [imu_filter]: Parameter RLController.pid_kp_lin set to 1.207362
[imu_filter_madgwick_node-3] [INFO] [1770709562.384476168] [imu_filter]: Parameter RLController.pid_ki_lin set to 0.000000
[imu_filter_madgwick_node-3] [INFO] [1770709562.384746126] [imu_filter]: Parameter RLController.pid_kd_lin set to 0.028382
[imu_filter_madgwick_node-3] [INFO] [1770709562.384943538] [imu_filter]: Parameter RLController.pid_kp_ang set to 1.233640
[imu_filter_madgwick_node-3] [INFO] [1770709562.385024179] [imu_filter]: Parameter RLController.pid_ki_ang set to 0.000000
[imu_filter_madgwick_node-3] [INFO] [1770709562.385088693] [imu_filter]: Parameter RLController.pid_kd_ang set to 0.095346
[imu_filter_madgwick_node-3] [INFO] [1770709562.794838620] [imu_filter]: Parameter RLController.pid_kp_lin set to 1.207362
[imu_filter_madgwick_node-3] [INFO] [1770709562.795668461] [imu_filter]: Parameter RLController.pid_ki_lin set to 0.000000
[imu_filter_madgwick_node-3] [INFO] [1770709562.795803632] [imu_filter]: Parameter RLController.pid_kd_lin set to 0.028293
[imu_filter_madgwick_node-3] [INFO] [1770709562.795874769] [imu_filter]: Parameter RLController.pid_kp_ang set to 1.233640
[imu_filter_madgwick_node-3] [INFO] [1770709562.795934003] [imu_filter]: Parameter RLController.pid_ki_ang set to 0.000000
[imu_filter_madgwick_node-3] [INFO] [1770709562.795994260] [imu_filter]: Parameter RLController.pid_kd_ang set to 0.095346
[imu_filter_madgwick_node-3] [INFO] [1770709563.221623260] [imu_filter]: Parameter RLController.pid_kp_lin set to 1.207362
[imu_filter_madgwick_node-3] [INFO] [1770709563.221857440] [imu_filter]: Parameter RLController.pid_ki_lin set to 0.000000
[imu_filter_madgwick_node-3] [INFO] [1770709563.221937026] [imu_filter]: Parameter RLController.pid_kd_lin set to 0.028202
[imu_filter_madgwick_node-3] [INFO] [1770709563.222110789] [imu_filter]: Parameter RLController.pid_kp_ang set to 1.233640
[imu_filter_madgwick_node-3] [INFO] [1770709563.222179431] [imu_filter]: Parameter RLController.pid_ki_ang set to 0.000000
[imu_filter_madgwick_node-3] [INFO] [1770709563.222244712] [imu_filter]: Parameter RLController.pid_kd_ang set to 0.095346
[imu_filter_madgwick_node-3] [INFO] [1770709563.642615654] [imu_filter]: Parameter RLController.pid_kp_lin set to 1.207362
[imu_filter_madgwick_node-3] [INFO] [1770709563.643168657] [imu_filter]: Parameter RLController.pid_ki_lin set to 0.000000
[imu_filter_madgwick_node-3] [INFO] [1770709563.643281043] [imu_filter]: Parameter RLController.pid_kd_lin set to 0.028110
[imu_filter_madgwick_node-3] [INFO] [1770709563.643351573] [imu_filter]: Parameter RLController.pid_kp_ang set to 1.233640
[imu_filter_madgwick_node-3] [INFO] [1770709563.643414166] [imu_filter]: Parameter RLController.pid_ki_ang set to 0.000000
[imu_filter_madgwick_node-3] [INFO] [1770709563.643477143] [imu_filter]: Parameter RLController.pid_kd_ang set to 0.095346
[imu_filter_madgwick_node-3] [INFO] [1770709564.071596690] [imu_filter]: Parameter RLController.pid_kp_lin set to 1.207362
[imu_filter_madgwick_node-3] [INFO] [1770709564.071810358] [imu_filter]: Parameter RLController.pid_ki_lin set to 0.000000
[imu_filter_madgwick_node-3] [INFO] [1770709564.075144377] [imu_filter]: Parameter RLController.pid_kd_lin set to 0.028018
[imu_filter_madgwick_node-3] [INFO] [1770709564.075317661] [imu_filter]: Parameter RLController.pid_kp_ang set to 1.233640
[imu_filter_madgwick_node-3] [INFO] [1770709564.075389982] [imu_filter]: Parameter RLController.pid_ki_ang set to 0.000000
[imu_filter_madgwick_node-3] [INFO] [1770709564.075456863] [imu_filter]: Parameter RLController.pid_kd_ang set to 0.095346
[imu_filter_madgwick_node-3] [INFO] [1770709564.488844400] [imu_filter]: Parameter RLController.pid_kp_lin set to 1.207362
[imu_filter_madgwick_node-3] [INFO] [1770709564.489063157] [imu_filter]: Parameter RLController.pid_ki_lin set to 0.000000
[imu_filter_madgwick_node-3] [INFO] [1770709564.489151095] [imu_filter]: Parameter RLController.pid_kd_lin set to 0.027925
[imu_filter_madgwick_node-3] [INFO] [1770709564.489221240] [imu_filter]: Parameter RLController.pid_kp_ang set to 1.233640
[imu_filter_madgwick_node-3] [INFO] [1770709564.490020552] [imu_filter]: Parameter RLController.pid_ki_ang set to 0.000000
[imu_filter_madgwick_node-3] [INFO] [1770709564.490140715] [imu_filter]: Parameter RLController.pid_kd_ang set to 0.095346
[imu_filter_madgwick_node-3] [INFO] [1770709564.903024050] [imu_filter]: Parameter RLController.pid_kp_lin set to 1.207362
[imu_filter_madgwick_node-3] [INFO] [1770709564.903271030] [imu_filter]: Parameter RLController.pid_ki_lin set to 0.000000
[imu_filter_madgwick_node-3] [INFO] [1770709564.903346776] [imu_filter]: Parameter RLController.pid_kd_lin set to 0.027832
[imu_filter_madgwick_node-3] [INFO] [1770709564.903412249] [imu_filter]: Parameter RLController.pid_kp_ang set to 1.233640
[imu_filter_madgwick_node-3] [INFO] [1770709564.903471131] [imu_filter]: Parameter RLController.pid_ki_ang set to 0.000000
[imu_filter_madgwick_node-3] [INFO] [1770709564.903526044] [imu_filter]: Parameter RLController.pid_kd_ang set to 0.095346
[imu_filter_madgwick_node-3] [INFO] [1770709565.323671605] [imu_filter]: Parameter RLController.pid_kp_lin set to 1.207362
[imu_filter_madgwick_node-3] [INFO] [1770709565.323894649] [imu_filter]: Parameter RLController.pid_ki_lin set to 0.000000
[imu_filter_madgwick_node-3] [INFO] [1770709565.323976891] [imu_filter]: Parameter RLController.pid_kd_lin set to 0.027739
[imu_filter_madgwick_node-3] [INFO] [1770709565.324040860] [imu_filter]: Parameter RLController.pid_kp_ang set to 1.233640
[imu_filter_madgwick_node-3] [INFO] [1770709565.326449581] [imu_filter]: Parameter RLController.pid_ki_ang set to 0.000000
[imu_filter_madgwick_node-3] [INFO] [1770709565.327915147] [imu_filter]: Parameter RLController.pid_kd_ang set to 0.095346
[imu_filter_madgwick_node-3] [INFO] [1770709565.746191678] [imu_filter]: Parameter RLController.pid_kp_lin set to 1.207362
[imu_filter_madgwick_node-3] [INFO] [1770709565.746417091] [imu_filter]: Parameter RLController.pid_ki_lin set to 0.000000
[imu_filter_madgwick_node-3] [INFO] [1770709565.746493284] [imu_filter]: Parameter RLController.pid_kd_lin set to 0.027646
[imu_filter_madgwick_node-3] [INFO] [1770709565.746559142] [imu_filter]: Parameter RLController.pid_kp_ang set to 1.233640
[imu_filter_madgwick_node-3] [INFO] [1770709565.746615783] [imu_filter]: Parameter RLController.pid_ki_ang set to 0.000000
[imu_filter_madgwick_node-3] [INFO] [1770709565.749186427] [imu_filter]: Parameter RLController.pid_kd_ang set to 0.095346
[imu_filter_madgwick_node-3] [INFO] [1770709566.178801715] [imu_filter]: Parameter RLController.pid_kp_lin set to 1.207362
[imu_filter_madgwick_node-3] [INFO] [1770709566.179149946] [imu_filter]: Parameter RLController.pid_ki_lin set to 0.000000
[imu_filter_madgwick_node-3] [INFO] [1770709566.179237340] [imu_filter]: Parameter RLController.pid_kd_lin set to 0.027553
[imu_filter_madgwick_node-3] [INFO] [1770709566.179309661] [imu_filter]: Parameter RLController.pid_kp_ang set to 1.233640
[imu_filter_madgwick_node-3] [INFO] [1770709566.179494753] [imu_filter]: Parameter RLController.pid_ki_ang set to 0.000000
[imu_filter_madgwick_node-3] [INFO] [1770709566.179562562] [imu_filter]: Parameter RLController.pid_kd_ang set to 0.095346
[imu_filter_madgwick_node-3] [INFO] [1770709566.583628023] [imu_filter]: Parameter RLController.pid_kp_lin set to 1.207362
[imu_filter_madgwick_node-3] [INFO] [1770709566.583832731] [imu_filter]: Parameter RLController.pid_ki_lin set to 0.000000
[imu_filter_madgwick_node-3] [INFO] [1770709566.583902973] [imu_filter]: Parameter RLController.pid_kd_lin set to 0.027460
[imu_filter_madgwick_node-3] [INFO] [1770709566.583968030] [imu_filter]: Parameter RLController.pid_kp_ang set to 1.233640
[imu_filter_madgwick_node-3] [INFO] [1770709566.593725443] [imu_filter]: Parameter RLController.pid_ki_ang set to 0.000000
[imu_filter_madgwick_node-3] [INFO] [1770709566.594075434] [imu_filter]: Parameter RLController.pid_kd_ang set to 0.095346
[imu_filter_madgwick_node-3] [INFO] [1770709567.004112535] [imu_filter]: Parameter RLController.pid_kp_lin set to 1.207362
[imu_filter_madgwick_node-3] [INFO] [1770709567.004332732] [imu_filter]: Parameter RLController.pid_ki_lin set to 0.000000
[imu_filter_madgwick_node-3] [INFO] [1770709567.004429246] [imu_filter]: Parameter RLController.pid_kd_lin set to 0.027366
[imu_filter_madgwick_node-3] [INFO] [1770709567.004505695] [imu_filter]: Parameter RLController.pid_kp_ang set to 1.233640
[imu_filter_madgwick_node-3] [INFO] [1770709567.004578113] [imu_filter]: Parameter RLController.pid_ki_ang set to 0.000000
[imu_filter_madgwick_node-3] [INFO] [1770709567.004636962] [imu_filter]: Parameter RLController.pid_kd_ang set to 0.095346
[imu_filter_madgwick_node-3] [INFO] [1770709567.425279653] [imu_filter]: Parameter RLController.pid_kp_lin set to 1.207362
[imu_filter_madgwick_node-3] [INFO] [1770709567.425536907] [imu_filter]: Parameter RLController.pid_ki_lin set to 0.000000
[imu_filter_madgwick_node-3] [INFO] [1770709567.425656333] [imu_filter]: Parameter RLController.pid_kd_lin set to 0.027273
[imu_filter_madgwick_node-3] [INFO] [1770709567.425738735] [imu_filter]: Parameter RLController.pid_kp_ang set to 1.233640
[imu_filter_madgwick_node-3] [INFO] [1770709567.425801808] [imu_filter]: Parameter RLController.pid_ki_ang set to 0.000000
[imu_filter_madgwick_node-3] [INFO] [1770709567.425869649] [imu_filter]: Parameter RLController.pid_kd_ang set to 0.095346
[imu_filter_madgwick_node-3] [INFO] [1770709567.852597391] [imu_filter]: Parameter RLController.pid_kp_lin set to 1.207362
[imu_filter_madgwick_node-3] [INFO] [1770709567.852905910] [imu_filter]: Parameter RLController.pid_ki_lin set to 0.000000
[imu_filter_madgwick_node-3] [INFO] [1770709567.852983479] [imu_filter]: Parameter RLController.pid_kd_lin set to 0.027179
[imu_filter_madgwick_node-3] [INFO] [1770709567.853048728] [imu_filter]: Parameter RLController.pid_kp_ang set to 1.233640
[imu_filter_madgwick_node-3] [INFO] [1770709567.853107962] [imu_filter]: Parameter RLController.pid_ki_ang set to 0.000000
[imu_filter_madgwick_node-3] [INFO] [1770709567.853167227] [imu_filter]: Parameter RLController.pid_kd_ang set to 0.095346
[imu_filter_madgwick_node-3] [INFO] [1770709568.274090436] [imu_filter]: Parameter RLController.pid_kp_lin set to 1.207362
[imu_filter_madgwick_node-3] [INFO] [1770709568.274467723] [imu_filter]: Parameter RLController.pid_ki_lin set to 0.000000
[imu_filter_madgwick_node-3] [INFO] [1770709568.274557069] [imu_filter]: Parameter RLController.pid_kd_lin set to 0.027086
[imu_filter_madgwick_node-3] [INFO] [1770709568.274627183] [imu_filter]: Parameter RLController.pid_kp_ang set to 1.233640
[imu_filter_madgwick_node-3] [INFO] [1770709568.274694320] [imu_filter]: Parameter RLController.pid_ki_ang set to 0.000000
[imu_filter_madgwick_node-3] [INFO] [1770709568.274758801] [imu_filter]: Parameter RLController.pid_kd_ang set to 0.095346
[imu_filter_madgwick_node-3] [INFO] [1770709568.692842497] [imu_filter]: Parameter RLController.pid_kp_lin set to 1.207362
[imu_filter_madgwick_node-3] [INFO] [1770709568.693072646] [imu_filter]: Parameter RLController.pid_ki_lin set to 0.000000
[imu_filter_madgwick_node-3] [INFO] [1770709568.693153511] [imu_filter]: Parameter RLController.pid_kd_lin set to 0.026992
[imu_filter_madgwick_node-3] [INFO] [1770709568.693245129] [imu_filter]: Parameter RLController.pid_kp_ang set to 1.233640
[imu_filter_madgwick_node-3] [INFO] [1770709568.693312715] [imu_filter]: Parameter RLController.pid_ki_ang set to 0.000000
[imu_filter_madgwick_node-3] [INFO] [1770709568.693378700] [imu_filter]: Parameter RLController.pid_kd_ang set to 0.095346
[imu_filter_madgwick_node-3] [INFO] [1770709569.109113868] [imu_filter]: Parameter RLController.pid_kp_lin set to 1.207362
[imu_filter_madgwick_node-3] [INFO] [1770709569.109325681] [imu_filter]: Parameter RLController.pid_ki_lin set to 0.000000
[imu_filter_madgwick_node-3] [INFO] [1770709569.109409522] [imu_filter]: Parameter RLController.pid_kd_lin set to 0.026899
[imu_filter_madgwick_node-3] [INFO] [1770709569.109526613] [imu_filter]: Parameter RLController.pid_kp_ang set to 1.233640
[imu_filter_madgwick_node-3] [INFO] [1770709569.109602710] [imu_filter]: Parameter RLController.pid_ki_ang set to 0.000000
[imu_filter_madgwick_node-3] [INFO] [1770709569.109669623] [imu_filter]: Parameter RLController.pid_kd_ang set to 0.095346
[imu_filter_madgwick_node-3] [INFO] [1770709569.538233499] [imu_filter]: Parameter RLController.pid_kp_lin set to 1.207362
[imu_filter_madgwick_node-3] [INFO] [1770709569.542617779] [imu_filter]: Parameter RLController.pid_ki_lin set to 0.000000
[imu_filter_madgwick_node-3] [INFO] [1770709569.546283549] [imu_filter]: Parameter RLController.pid_kd_lin set to 0.026805
[imu_filter_madgwick_node-3] [INFO] [1770709569.546489057] [imu_filter]: Parameter RLController.pid_kp_ang set to 1.233640
[imu_filter_madgwick_node-3] [INFO] [1770709569.546559395] [imu_filter]: Parameter RLController.pid_ki_ang set to 0.000000
[imu_filter_madgwick_node-3] [INFO] [1770709569.546624708] [imu_filter]: Parameter RLController.pid_kd_ang set to 0.095346
[imu_filter_madgwick_node-3] [INFO] [1770709569.954684425] [imu_filter]: Parameter RLController.pid_kp_lin set to 1.207362
[imu_filter_madgwick_node-3] [INFO] [1770709569.955854593] [imu_filter]: Parameter RLController.pid_ki_lin set to 0.000000
[imu_filter_madgwick_node-3] [INFO] [1770709569.956178856] [imu_filter]: Parameter RLController.pid_kd_lin set to 0.026712
[imu_filter_madgwick_node-3] [INFO] [1770709569.956290314] [imu_filter]: Parameter RLController.pid_kp_ang set to 1.233640
[imu_filter_madgwick_node-3] [INFO] [1770709569.956359659] [imu_filter]: Parameter RLController.pid_ki_ang set to 0.000000
[imu_filter_madgwick_node-3] [INFO] [1770709569.956425581] [imu_filter]: Parameter RLController.pid_kd_ang set to 0.095346
[imu_filter_madgwick_node-3] [INFO] [1770709570.378094149] [imu_filter]: Parameter RLController.pid_kp_lin set to 1.207362
[imu_filter_madgwick_node-3] [INFO] [1770709570.378291977] [imu_filter]: Parameter RLController.pid_ki_lin set to 0.000000
[imu_filter_madgwick_node-3] [INFO] [1770709570.378371626] [imu_filter]: Parameter RLController.pid_kd_lin set to 0.026618
[imu_filter_madgwick_node-3] [INFO] [1770709570.379004663] [imu_filter]: Parameter RLController.pid_kp_ang set to 1.233640
[imu_filter_madgwick_node-3] [INFO] [1770709570.379132570] [imu_filter]: Parameter RLController.pid_ki_ang set to 0.000000
[imu_filter_madgwick_node-3] [INFO] [1770709570.379215899] [imu_filter]: Parameter RLController.pid_kd_ang set to 0.095346
[imu_filter_madgwick_node-3] [INFO] [1770709570.789010724] [imu_filter]: Parameter RLController.pid_kp_lin set to 1.207362
[imu_filter_madgwick_node-3] [INFO] [1770709570.789217448] [imu_filter]: Parameter RLController.pid_ki_lin set to 0.000000
[imu_filter_madgwick_node-3] [INFO] [1770709570.789855029] [imu_filter]: Parameter RLController.pid_kd_lin set to 0.026536
[imu_filter_madgwick_node-3] [INFO] [1770709570.789986199] [imu_filter]: Parameter RLController.pid_kp_ang set to 1.233640
[imu_filter_madgwick_node-3] [INFO] [1770709570.790068953] [imu_filter]: Parameter RLController.pid_ki_ang set to 0.000000
[imu_filter_madgwick_node-3] [INFO] [1770709570.790148763] [imu_filter]: Parameter RLController.pid_kd_ang set to 0.095346
[imu_filter_madgwick_node-3] [INFO] [1770709571.198307266] [imu_filter]: Parameter RLController.pid_kp_lin set to 1.207542
[imu_filter_madgwick_node-3] [INFO] [1770709571.198525031] [imu_filter]: Parameter RLController.pid_ki_lin set to 0.000000
[imu_filter_madgwick_node-3] [INFO] [1770709571.198612712] [imu_filter]: Parameter RLController.pid_kd_lin set to 0.026489
[imu_filter_madgwick_node-3] [INFO] [1770709571.198682090] [imu_filter]: Parameter RLController.pid_kp_ang set to 1.233640
[imu_filter_madgwick_node-3] [INFO] [1770709571.198741323] [imu_filter]: Parameter RLController.pid_ki_ang set to 0.000000
[imu_filter_madgwick_node-3] [INFO] [1770709571.198807052] [imu_filter]: Parameter RLController.pid_kd_ang set to 0.095346
[imu_filter_madgwick_node-3] [INFO] [1770709571.606866162] [imu_filter]: Parameter RLController.pid_kp_lin set to 1.207762
[imu_filter_madgwick_node-3] [INFO] [1770709571.607070006] [imu_filter]: Parameter RLController.pid_ki_lin set to 0.000000
[imu_filter_madgwick_node-3] [INFO] [1770709571.612271519] [imu_filter]: Parameter RLController.pid_kd_lin set to 0.026489
[imu_filter_madgwick_node-3] [INFO] [1770709571.612740104] [imu_filter]: Parameter RLController.pid_kp_ang set to 1.233640
[imu_filter_madgwick_node-3] [INFO] [1770709571.612852043] [imu_filter]: Parameter RLController.pid_ki_ang set to 0.000000
[imu_filter_madgwick_node-3] [INFO] [1770709571.612921132] [imu_filter]: Parameter RLController.pid_kd_ang set to 0.095346
[imu_filter_madgwick_node-3] [INFO] [1770709572.025004611] [imu_filter]: Parameter RLController.pid_kp_lin set to 1.207963
[imu_filter_madgwick_node-3] [INFO] [1770709572.025238216] [imu_filter]: Parameter RLController.pid_ki_lin set to 0.000000
[imu_filter_madgwick_node-3] [INFO] [1770709572.025320041] [imu_filter]: Parameter RLController.pid_kd_lin set to 0.026428
[imu_filter_madgwick_node-3] [INFO] [1770709572.025392459] [imu_filter]: Parameter RLController.pid_kp_ang set to 1.233640
[imu_filter_madgwick_node-3] [INFO] [1770709572.025457804] [imu_filter]: Parameter RLController.pid_ki_ang set to 0.000000
[imu_filter_madgwick_node-3] [INFO] [1770709572.025558254] [imu_filter]: Parameter RLController.pid_kd_ang set to 0.095346
[imu_filter_madgwick_node-3] [INFO] [1770709572.441391920] [imu_filter]: Parameter RLController.pid_kp_lin set to 1.208222
[imu_filter_madgwick_node-3] [INFO] [1770709572.441827033] [imu_filter]: Parameter RLController.pid_ki_lin set to 0.000000
[imu_filter_madgwick_node-3] [INFO] [1770709572.441919867] [imu_filter]: Parameter RLController.pid_kd_lin set to 0.026376
[imu_filter_madgwick_node-3] [INFO] [1770709572.446404053] [imu_filter]: Parameter RLController.pid_kp_ang set to 1.233640
[imu_filter_madgwick_node-3] [INFO] [1770709572.446609722] [imu_filter]: Parameter RLController.pid_ki_ang set to 0.000000
[imu_filter_madgwick_node-3] [INFO] [1770709572.446691739] [imu_filter]: Parameter RLController.pid_kd_ang set to 0.095346
[imu_filter_madgwick_node-3] [INFO] [1770709572.852310704] [imu_filter]: Parameter RLController.pid_kp_lin set to 1.208463
[imu_filter_madgwick_node-3] [INFO] [1770709572.852522868] [imu_filter]: Parameter RLController.pid_ki_lin set to 0.000000
[imu_filter_madgwick_node-3] [INFO] [1770709572.852607094] [imu_filter]: Parameter RLController.pid_kd_lin set to 0.026323
[imu_filter_madgwick_node-3] [INFO] [1770709572.852784345] [imu_filter]: Parameter RLController.pid_kp_ang set to 1.233640
[imu_filter_madgwick_node-3] [INFO] [1770709572.852864123] [imu_filter]: Parameter RLController.pid_ki_ang set to 0.000000
[imu_filter_madgwick_node-3] [INFO] [1770709572.852929980] [imu_filter]: Parameter RLController.pid_kd_ang set to 0.095346
[imu_filter_madgwick_node-3] [INFO] [1770709573.258608434] [imu_filter]: Parameter RLController.pid_kp_lin set to 1.208720
[imu_filter_madgwick_node-3] [INFO] [1770709573.258825206] [imu_filter]: Parameter RLController.pid_ki_lin set to 0.000000
[imu_filter_madgwick_node-3] [INFO] [1770709573.258904664] [imu_filter]: Parameter RLController.pid_kd_lin set to 0.026274
[imu_filter_madgwick_node-3] [INFO] [1770709573.258969657] [imu_filter]: Parameter RLController.pid_kp_ang set to 1.233640
[imu_filter_madgwick_node-3] [INFO] [1770709573.259027194] [imu_filter]: Parameter RLController.pid_ki_ang set to 0.000000
[imu_filter_madgwick_node-3] [INFO] [1770709573.259085435] [imu_filter]: Parameter RLController.pid_kd_ang set to 0.095346
[imu_filter_madgwick_node-3] [INFO] [1770709573.679410584] [imu_filter]: Parameter RLController.pid_kp_lin set to 1.209000
[imu_filter_madgwick_node-3] [INFO] [1770709573.679613212] [imu_filter]: Parameter RLController.pid_ki_lin set to 0.000000
[imu_filter_madgwick_node-3] [INFO] [1770709573.679691806] [imu_filter]: Parameter RLController.pid_kd_lin set to 0.026216
[imu_filter_madgwick_node-3] [INFO] [1770709573.679760127] [imu_filter]: Parameter RLController.pid_kp_ang set to 1.233640
[imu_filter_madgwick_node-3] [INFO] [1770709573.679823041] [imu_filter]: Parameter RLController.pid_ki_ang set to 0.000000
[imu_filter_madgwick_node-3] [INFO] [1770709573.679885602] [imu_filter]: Parameter RLController.pid_kd_ang set to 0.095346
[imu_filter_madgwick_node-3] [INFO] [1770709574.103912873] [imu_filter]: Parameter RLController.pid_kp_lin set to 1.209309
[imu_filter_madgwick_node-3] [INFO] [1770709574.104237488] [imu_filter]: Parameter RLController.pid_ki_lin set to 0.000000
[imu_filter_madgwick_node-3] [INFO] [1770709574.104316242] [imu_filter]: Parameter RLController.pid_kd_lin set to 0.026159
[imu_filter_madgwick_node-3] [INFO] [1770709574.104392595] [imu_filter]: Parameter RLController.pid_kp_ang set to 1.233640
[imu_filter_madgwick_node-3] [INFO] [1770709574.104457492] [imu_filter]: Parameter RLController.pid_ki_ang set to 0.000000
[imu_filter_madgwick_node-3] [INFO] [1770709574.104517206] [imu_filter]: Parameter RLController.pid_kd_ang set to 0.095346
[imu_filter_madgwick_node-3] [INFO] [1770709574.514843913] [imu_filter]: Parameter RLController.pid_kp_lin set to 1.209619
[imu_filter_madgwick_node-3] [INFO] [1770709574.515042189] [imu_filter]: Parameter RLController.pid_ki_lin set to 0.000000
[imu_filter_madgwick_node-3] [INFO] [1770709574.515118222] [imu_filter]: Parameter RLController.pid_kd_lin set to 0.026101
[imu_filter_madgwick_node-3] [INFO] [1770709574.515556631] [imu_filter]: Parameter RLController.pid_kp_ang set to 1.233640
[imu_filter_madgwick_node-3] [INFO] [1770709574.515653209] [imu_filter]: Parameter RLController.pid_ki_ang set to 0.000000
[imu_filter_madgwick_node-3] [INFO] [1770709574.515718907] [imu_filter]: Parameter RLController.pid_kd_ang set to 0.095346
[imu_filter_madgwick_node-3] [INFO] [1770709574.943939895] [imu_filter]: Parameter RLController.pid_kp_lin set to 1.209940
[imu_filter_madgwick_node-3] [INFO] [1770709574.944140571] [imu_filter]: Parameter RLController.pid_ki_lin set to 0.000000
[imu_filter_madgwick_node-3] [INFO] [1770709574.944220636] [imu_filter]: Parameter RLController.pid_kd_lin set to 0.026042
[imu_filter_madgwick_node-3] [INFO] [1770709574.944285470] [imu_filter]: Parameter RLController.pid_kp_ang set to 1.233640
[imu_filter_madgwick_node-3] [INFO] [1770709574.948921915] [imu_filter]: Parameter RLController.pid_ki_ang set to 0.000000
[imu_filter_madgwick_node-3] [INFO] [1770709574.949255074] [imu_filter]: Parameter RLController.pid_kd_ang set to 0.095346
[imu_filter_madgwick_node-3] [INFO] [1770709575.364083312] [imu_filter]: Parameter RLController.pid_kp_lin set to 1.210255
[imu_filter_madgwick_node-3] [INFO] [1770709575.364461336] [imu_filter]: Parameter RLController.pid_ki_lin set to 0.000000
[imu_filter_madgwick_node-3] [INFO] [1770709575.364544153] [imu_filter]: Parameter RLController.pid_kd_lin set to 0.025982
[imu_filter_madgwick_node-3] [INFO] [1770709575.364723421] [imu_filter]: Parameter RLController.pid_kp_ang set to 1.233640
[imu_filter_madgwick_node-3] [INFO] [1770709575.364793534] [imu_filter]: Parameter RLController.pid_ki_ang set to 0.000000
[imu_filter_madgwick_node-3] [INFO] [1770709575.364857216] [imu_filter]: Parameter RLController.pid_kd_ang set to 0.095346
[imu_filter_madgwick_node-3] [INFO] [1770709575.791233783] [imu_filter]: Parameter RLController.pid_kp_lin set to 1.210573
[imu_filter_madgwick_node-3] [INFO] [1770709575.791418074] [imu_filter]: Parameter RLController.pid_ki_lin set to 0.000000
[imu_filter_madgwick_node-3] [INFO] [1770709575.791492764] [imu_filter]: Parameter RLController.pid_kd_lin set to 0.025923
[imu_filter_madgwick_node-3] [INFO] [1770709575.791563101] [imu_filter]: Parameter RLController.pid_kp_ang set to 1.233640
[imu_filter_madgwick_node-3] [INFO] [1770709575.791624415] [imu_filter]: Parameter RLController.pid_ki_ang set to 0.000000
[imu_filter_madgwick_node-3] [INFO] [1770709575.791683168] [imu_filter]: Parameter RLController.pid_kd_ang set to 0.095346
[imu_filter_madgwick_node-3] [INFO] [1770709576.214773332] [imu_filter]: Parameter RLController.pid_kp_lin set to 1.210891
[imu_filter_madgwick_node-3] [INFO] [1770709576.215000473] [imu_filter]: Parameter RLController.pid_ki_lin set to 0.000000
[imu_filter_madgwick_node-3] [INFO] [1770709576.217956885] [imu_filter]: Parameter RLController.pid_kd_lin set to 0.025862
[imu_filter_madgwick_node-3] [INFO] [1770709576.218156153] [imu_filter]: Parameter RLController.pid_kp_ang set to 1.233640
[imu_filter_madgwick_node-3] [INFO] [1770709576.218238874] [imu_filter]: Parameter RLController.pid_ki_ang set to 0.000000
[imu_filter_madgwick_node-3] [INFO] [1770709576.218304316] [imu_filter]: Parameter RLController.pid_kd_ang set to 0.095346
[imu_filter_madgwick_node-3] [INFO] [1770709576.633298861] [imu_filter]: Parameter RLController.pid_kp_lin set to 1.211215
[imu_filter_madgwick_node-3] [INFO] [1770709576.633476945] [imu_filter]: Parameter RLController.pid_ki_lin set to 0.000000
[imu_filter_madgwick_node-3] [INFO] [1770709576.633586323] [imu_filter]: Parameter RLController.pid_kd_lin set to 0.025800
[imu_filter_madgwick_node-3] [INFO] [1770709576.633967387] [imu_filter]: Parameter RLController.pid_kp_ang set to 1.233640
[imu_filter_madgwick_node-3] [INFO] [1770709576.634052284] [imu_filter]: Parameter RLController.pid_ki_ang set to 0.000000
[imu_filter_madgwick_node-3] [INFO] [1770709576.634120894] [imu_filter]: Parameter RLController.pid_kd_ang set to 0.095346
[imu_filter_madgwick_node-3] [INFO] [1770709577.055949881] [imu_filter]: Parameter RLController.pid_kp_lin set to 1.211544
[imu_filter_madgwick_node-3] [INFO] [1770709577.056326561] [imu_filter]: Parameter RLController.pid_ki_lin set to 0.000000
[imu_filter_madgwick_node-3] [INFO] [1770709577.056414082] [imu_filter]: Parameter RLController.pid_kd_lin set to 0.025736
[imu_filter_madgwick_node-3] [INFO] [1770709577.056480836] [imu_filter]: Parameter RLController.pid_kp_ang set to 1.233640
[imu_filter_madgwick_node-3] [INFO] [1770709577.056544517] [imu_filter]: Parameter RLController.pid_ki_ang set to 0.000000
[imu_filter_madgwick_node-3] [INFO] [1770709577.056607366] [imu_filter]: Parameter RLController.pid_kd_ang set to 0.095346
[imu_filter_madgwick_node-3] [INFO] [1770709577.488095044] [imu_filter]: Parameter RLController.pid_kp_lin set to 1.211872
[imu_filter_madgwick_node-3] [INFO] [1770709577.488320233] [imu_filter]: Parameter RLController.pid_ki_lin set to 0.000000
[imu_filter_madgwick_node-3] [INFO] [1770709577.488397354] [imu_filter]: Parameter RLController.pid_kd_lin set to 0.025672
[imu_filter_madgwick_node-3] [INFO] [1770709577.488468684] [imu_filter]: Parameter RLController.pid_kp_ang set to 1.233640
[imu_filter_madgwick_node-3] [INFO] [1770709577.497008984] [imu_filter]: Parameter RLController.pid_ki_ang set to 0.000000
[imu_filter_madgwick_node-3] [INFO] [1770709577.497218396] [imu_filter]: Parameter RLController.pid_kd_ang set to 0.095346
[imu_filter_madgwick_node-3] [INFO] [1770709577.908897323] [imu_filter]: Parameter RLController.pid_kp_lin set to 1.212208
[imu_filter_madgwick_node-3] [INFO] [1770709577.909094607] [imu_filter]: Parameter RLController.pid_ki_lin set to 0.000000
[imu_filter_madgwick_node-3] [INFO] [1770709577.909161200] [imu_filter]: Parameter RLController.pid_kd_lin set to 0.025606
[imu_filter_madgwick_node-3] [INFO] [1770709577.909223985] [imu_filter]: Parameter RLController.pid_kp_ang set to 1.233640
[imu_filter_madgwick_node-3] [INFO] [1770709577.909278131] [imu_filter]: Parameter RLController.pid_ki_ang set to 0.000000
[imu_filter_madgwick_node-3] [INFO] [1770709577.909340148] [imu_filter]: Parameter RLController.pid_kd_ang set to 0.095346
[imu_filter_madgwick_node-3] [INFO] [1770709578.331393460] [imu_filter]: Parameter RLController.pid_kp_lin set to 1.212549
[imu_filter_madgwick_node-3] [INFO] [1770709578.331621752] [imu_filter]: Parameter RLController.pid_ki_lin set to 0.000000
[imu_filter_madgwick_node-3] [INFO] [1770709578.331695770] [imu_filter]: Parameter RLController.pid_kd_lin set to 0.025539
[imu_filter_madgwick_node-3] [INFO] [1770709578.331763803] [imu_filter]: Parameter RLController.pid_kp_ang set to 1.233640
[imu_filter_madgwick_node-3] [INFO] [1770709578.331823836] [imu_filter]: Parameter RLController.pid_ki_ang set to 0.000000
[imu_filter_madgwick_node-3] [INFO] [1770709578.331989184] [imu_filter]: Parameter RLController.pid_kd_ang set to 0.095346
[imu_filter_madgwick_node-3] [INFO] [1770709578.752157977] [imu_filter]: Parameter RLController.pid_kp_lin set to 1.212761
[imu_filter_madgwick_node-3] [INFO] [1770709578.752367582] [imu_filter]: Parameter RLController.pid_ki_lin set to 0.000000
[imu_filter_madgwick_node-3] [INFO] [1770709578.752442719] [imu_filter]: Parameter RLController.pid_kd_lin set to 0.025453
[imu_filter_madgwick_node-3] [INFO] [1770709578.752510657] [imu_filter]: Parameter RLController.pid_kp_ang set to 1.233640
[imu_filter_madgwick_node-3] [INFO] [1770709578.752572130] [imu_filter]: Parameter RLController.pid_ki_ang set to 0.000000
[imu_filter_madgwick_node-3] [INFO] [1770709578.752632131] [imu_filter]: Parameter RLController.pid_kd_ang set to 0.095346
[imu_filter_madgwick_node-3] [INFO] [1770709579.166129622] [imu_filter]: Parameter RLController.pid_kp_lin set to 1.212761
[imu_filter_madgwick_node-3] [INFO] [1770709579.166459485] [imu_filter]: Parameter RLController.pid_ki_lin set to 0.000000
[imu_filter_madgwick_node-3] [INFO] [1770709579.166592448] [imu_filter]: Parameter RLController.pid_kd_lin set to 0.025332
[imu_filter_madgwick_node-3] [INFO] [1770709579.166669441] [imu_filter]: Parameter RLController.pid_kp_ang set to 1.233640
[imu_filter_madgwick_node-3] [INFO] [1770709579.166737346] [imu_filter]: Parameter RLController.pid_ki_ang set to 0.000000
[imu_filter_madgwick_node-3] [INFO] [1770709579.166803396] [imu_filter]: Parameter RLController.pid_kd_ang set to 0.095346
[imu_filter_madgwick_node-3] [INFO] [1770709579.575407380] [imu_filter]: Parameter RLController.pid_kp_lin set to 1.212761
[imu_filter_madgwick_node-3] [INFO] [1770709579.575616537] [imu_filter]: Parameter RLController.pid_ki_lin set to 0.000000
[imu_filter_madgwick_node-3] [INFO] [1770709579.575711002] [imu_filter]: Parameter RLController.pid_kd_lin set to 0.025213
[imu_filter_madgwick_node-3] [INFO] [1770709579.575779548] [imu_filter]: Parameter RLController.pid_kp_ang set to 1.233640
[imu_filter_madgwick_node-3] [INFO] [1770709579.575844029] [imu_filter]: Parameter RLController.pid_ki_ang set to 0.000000
[imu_filter_madgwick_node-3] [INFO] [1770709579.575901694] [imu_filter]: Parameter RLController.pid_kd_ang set to 0.095346
[imu_filter_madgwick_node-3] [INFO] [1770709579.991999590] [imu_filter]: Parameter RLController.pid_kp_lin set to 1.212761
[imu_filter_madgwick_node-3] [INFO] [1770709579.992192458] [imu_filter]: Parameter RLController.pid_ki_lin set to 0.000000
[imu_filter_madgwick_node-3] [INFO] [1770709579.992263403] [imu_filter]: Parameter RLController.pid_kd_lin set to 0.025095
[imu_filter_madgwick_node-3] [INFO] [1770709579.992327565] [imu_filter]: Parameter RLController.pid_kp_ang set to 1.233640
[imu_filter_madgwick_node-3] [INFO] [1770709579.992388174] [imu_filter]: Parameter RLController.pid_ki_ang set to 0.000000
[imu_filter_madgwick_node-3] [INFO] [1770709579.992449551] [imu_filter]: Parameter RLController.pid_kd_ang set to 0.095346
[imu_filter_madgwick_node-3] [INFO] [1770709580.409294534] [imu_filter]: Parameter RLController.pid_kp_lin set to 1.212761
[imu_filter_madgwick_node-3] [INFO] [1770709580.409563691] [imu_filter]: Parameter RLController.pid_ki_lin set to 0.000000
[imu_filter_madgwick_node-3] [INFO] [1770709580.409652333] [imu_filter]: Parameter RLController.pid_kd_lin set to 0.024979
[imu_filter_madgwick_node-3] [INFO] [1770709580.409722255] [imu_filter]: Parameter RLController.pid_kp_ang set to 1.233640
[imu_filter_madgwick_node-3] [INFO] [1770709580.409786064] [imu_filter]: Parameter RLController.pid_ki_ang set to 0.000000
[imu_filter_madgwick_node-3] [INFO] [1770709580.409853201] [imu_filter]: Parameter RLController.pid_kd_ang set to 0.095346
[imu_filter_madgwick_node-3] [INFO] [1770709580.828181862] [imu_filter]: Parameter RLController.pid_kp_lin set to 1.212761
[imu_filter_madgwick_node-3] [INFO] [1770709580.828384554] [imu_filter]: Parameter RLController.pid_ki_lin set to 0.000000
[imu_filter_madgwick_node-3] [INFO] [1770709580.828456107] [imu_filter]: Parameter RLController.pid_kd_lin set to 0.024864
[imu_filter_madgwick_node-3] [INFO] [1770709580.828522253] [imu_filter]: Parameter RLController.pid_kp_ang set to 1.233640
[imu_filter_madgwick_node-3] [INFO] [1770709580.828582894] [imu_filter]: Parameter RLController.pid_ki_ang set to 0.000000
[imu_filter_madgwick_node-3] [INFO] [1770709580.835001615] [imu_filter]: Parameter RLController.pid_kd_ang set to 0.095346
[imu_filter_madgwick_node-3] [INFO] [1770709581.236412623] [imu_filter]: Parameter RLController.pid_kp_lin set to 1.212761
[imu_filter_madgwick_node-3] [INFO] [1770709581.236732117] [imu_filter]: Parameter RLController.pid_ki_lin set to 0.000000
[imu_filter_madgwick_node-3] [INFO] [1770709581.236831511] [imu_filter]: Parameter RLController.pid_kd_lin set to 0.024749
[imu_filter_madgwick_node-3] [INFO] [1770709581.236903001] [imu_filter]: Parameter RLController.pid_kp_ang set to 1.233640
[imu_filter_madgwick_node-3] [INFO] [1770709581.236965658] [imu_filter]: Parameter RLController.pid_ki_ang set to 0.000000
[imu_filter_madgwick_node-3] [INFO] [1770709581.237031899] [imu_filter]: Parameter RLController.pid_kd_ang set to 0.095346
[imu_filter_madgwick_node-3] [INFO] [1770709581.665123349] [imu_filter]: Parameter RLController.pid_kp_lin set to 1.212761
[imu_filter_madgwick_node-3] [INFO] [1770709581.665455772] [imu_filter]: Parameter RLController.pid_ki_lin set to 0.000000
[imu_filter_madgwick_node-3] [INFO] [1770709581.665565246] [imu_filter]: Parameter RLController.pid_kd_lin set to 0.024636
[imu_filter_madgwick_node-3] [INFO] [1770709581.665638079] [imu_filter]: Parameter RLController.pid_kp_ang set to 1.233640
[imu_filter_madgwick_node-3] [INFO] [1770709581.665699201] [imu_filter]: Parameter RLController.pid_ki_ang set to 0.000000
[imu_filter_madgwick_node-3] [INFO] [1770709581.666381870] [imu_filter]: Parameter RLController.pid_kd_ang set to 0.095346
[imu_filter_madgwick_node-3] [INFO] [1770709582.081797672] [imu_filter]: Parameter RLController.pid_kp_lin set to 1.212761
[imu_filter_madgwick_node-3] [INFO] [1770709582.082004748] [imu_filter]: Parameter RLController.pid_ki_lin set to 0.000000
[imu_filter_madgwick_node-3] [INFO] [1770709582.082086766] [imu_filter]: Parameter RLController.pid_kd_lin set to 0.024522
[imu_filter_madgwick_node-3] [INFO] [1770709582.085332784] [imu_filter]: Parameter RLController.pid_kp_ang set to 1.233640
[imu_filter_madgwick_node-3] [INFO] [1770709582.085627542] [imu_filter]: Parameter RLController.pid_ki_ang set to 0.000000
[imu_filter_madgwick_node-3] [INFO] [1770709582.085719383] [imu_filter]: Parameter RLController.pid_kd_ang set to 0.095346
[imu_filter_madgwick_node-3] [INFO] [1770709582.495171321] [imu_filter]: Parameter RLController.pid_kp_lin set to 1.212761
[imu_filter_madgwick_node-3] [INFO] [1770709582.495365213] [imu_filter]: Parameter RLController.pid_ki_lin set to 0.000000
[imu_filter_madgwick_node-3] [INFO] [1770709582.495439134] [imu_filter]: Parameter RLController.pid_kd_lin set to 0.024410
[imu_filter_madgwick_node-3] [INFO] [1770709582.495503936] [imu_filter]: Parameter RLController.pid_kp_ang set to 1.233640
[imu_filter_madgwick_node-3] [INFO] [1770709582.495563521] [imu_filter]: Parameter RLController.pid_ki_ang set to 0.000000
[imu_filter_madgwick_node-3] [INFO] [1770709582.495621090] [imu_filter]: Parameter RLController.pid_kd_ang set to 0.095346
[imu_filter_madgwick_node-3] [INFO] [1770709582.911456741] [imu_filter]: Parameter RLController.pid_kp_lin set to 1.212761
[imu_filter_madgwick_node-3] [INFO] [1770709582.916499114] [imu_filter]: Parameter RLController.pid_ki_lin set to 0.000000
[imu_filter_madgwick_node-3] [INFO] [1770709582.916914035] [imu_filter]: Parameter RLController.pid_kd_lin set to 0.024297
[imu_filter_madgwick_node-3] [INFO] [1770709582.917002772] [imu_filter]: Parameter RLController.pid_kp_ang set to 1.233640
[imu_filter_madgwick_node-3] [INFO] [1770709582.917066550] [imu_filter]: Parameter RLController.pid_ki_ang set to 0.000000
[imu_filter_madgwick_node-3] [INFO] [1770709582.917125975] [imu_filter]: Parameter RLController.pid_kd_ang set to 0.095346
[imu_filter_madgwick_node-3] [INFO] [1770709583.335491404] [imu_filter]: Parameter RLController.pid_kp_lin set to 1.212761
[imu_filter_madgwick_node-3] [INFO] [1770709583.335759634] [imu_filter]: Parameter RLController.pid_ki_lin set to 0.000000
[imu_filter_madgwick_node-3] [INFO] [1770709583.335844243] [imu_filter]: Parameter RLController.pid_kd_lin set to 0.024185
[imu_filter_madgwick_node-3] [INFO] [1770709583.335914485] [imu_filter]: Parameter RLController.pid_kp_ang set to 1.233640
[imu_filter_madgwick_node-3] [INFO] [1770709583.335975958] [imu_filter]: Parameter RLController.pid_ki_ang set to 0.000000
[imu_filter_madgwick_node-3] [INFO] [1770709583.336038903] [imu_filter]: Parameter RLController.pid_kd_ang set to 0.095346
[imu_filter_madgwick_node-3] [INFO] [1770709583.743932858] [imu_filter]: Parameter RLController.pid_kp_lin set to 1.212761
[imu_filter_madgwick_node-3] [INFO] [1770709583.744147358] [imu_filter]: Parameter RLController.pid_ki_lin set to 0.000000
[imu_filter_madgwick_node-3] [INFO] [1770709583.744234400] [imu_filter]: Parameter RLController.pid_kd_lin set to 0.024072
[imu_filter_madgwick_node-3] [INFO] [1770709583.744302977] [imu_filter]: Parameter RLController.pid_kp_ang set to 1.233640
[imu_filter_madgwick_node-3] [INFO] [1770709583.744379011] [imu_filter]: Parameter RLController.pid_ki_ang set to 0.000000
[imu_filter_madgwick_node-3] [INFO] [1770709583.744445700] [imu_filter]: Parameter RLController.pid_kd_ang set to 0.095346
[imu_filter_madgwick_node-3] [INFO] [1770709584.161039350] [imu_filter]: Parameter RLController.pid_kp_lin set to 1.212761
[imu_filter_madgwick_node-3] [INFO] [1770709584.161636610] [imu_filter]: Parameter RLController.pid_ki_lin set to 0.000000
[imu_filter_madgwick_node-3] [INFO] [1770709584.161792933] [imu_filter]: Parameter RLController.pid_kd_lin set to 0.023960
[imu_filter_madgwick_node-3] [INFO] [1770709584.161871462] [imu_filter]: Parameter RLController.pid_kp_ang set to 1.233640
[imu_filter_madgwick_node-3] [INFO] [1770709584.164503035] [imu_filter]: Parameter RLController.pid_ki_ang set to 0.000000
[imu_filter_madgwick_node-3] [INFO] [1770709584.164648254] [imu_filter]: Parameter RLController.pid_kd_ang set to 0.095346
[imu_filter_madgwick_node-3] [INFO] [1770709584.600877468] [imu_filter]: Parameter RLController.pid_kp_lin set to 1.212761
[imu_filter_madgwick_node-3] [INFO] [1770709584.601179746] [imu_filter]: Parameter RLController.pid_ki_lin set to 0.000000
[imu_filter_madgwick_node-3] [INFO] [1770709584.603973531] [imu_filter]: Parameter RLController.pid_kd_lin set to 0.023848
[imu_filter_madgwick_node-3] [INFO] [1770709584.607435744] [imu_filter]: Parameter RLController.pid_kp_ang set to 1.233640
[imu_filter_madgwick_node-3] [INFO] [1770709584.609379560] [imu_filter]: Parameter RLController.pid_ki_ang set to 0.000000
[imu_filter_madgwick_node-3] [INFO] [1770709584.610535519] [imu_filter]: Parameter RLController.pid_kd_ang set to 0.095346
[imu_filter_madgwick_node-3] [INFO] [1770709585.029281788] [imu_filter]: Parameter RLController.pid_kp_lin set to 1.212761
[imu_filter_madgwick_node-3] [INFO] [1770709585.029523585] [imu_filter]: Parameter RLController.pid_ki_lin set to 0.000000
[imu_filter_madgwick_node-3] [INFO] [1770709585.029600802] [imu_filter]: Parameter RLController.pid_kd_lin set to 0.023736
[imu_filter_madgwick_node-3] [INFO] [1770709585.029664580] [imu_filter]: Parameter RLController.pid_kp_ang set to 1.233640
[imu_filter_madgwick_node-3] [INFO] [1770709585.029729541] [imu_filter]: Parameter RLController.pid_ki_ang set to 0.000000
[imu_filter_madgwick_node-3] [INFO] [1770709585.029787462] [imu_filter]: Parameter RLController.pid_kd_ang set to 0.095346
[imu_filter_madgwick_node-3] [INFO] [1770709585.445016636] [imu_filter]: Parameter RLController.pid_kp_lin set to 1.212761
[imu_filter_madgwick_node-3] [INFO] [1770709585.445238209] [imu_filter]: Parameter RLController.pid_ki_lin set to 0.000000
[imu_filter_madgwick_node-3] [INFO] [1770709585.445311394] [imu_filter]: Parameter RLController.pid_kd_lin set to 0.023624
[imu_filter_madgwick_node-3] [INFO] [1770709585.445376900] [imu_filter]: Parameter RLController.pid_kp_ang set to 1.233640
[imu_filter_madgwick_node-3] [INFO] [1770709585.445436069] [imu_filter]: Parameter RLController.pid_ki_ang set to 0.000000
[imu_filter_madgwick_node-3] [INFO] [1770709585.445527047] [imu_filter]: Parameter RLController.pid_kd_ang set to 0.095346
[imu_filter_madgwick_node-3] [INFO] [1770709585.877703411] [imu_filter]: Parameter RLController.pid_kp_lin set to 1.212761
[imu_filter_madgwick_node-3] [INFO] [1770709585.877902135] [imu_filter]: Parameter RLController.pid_ki_lin set to 0.000000
[imu_filter_madgwick_node-3] [INFO] [1770709585.877972536] [imu_filter]: Parameter RLController.pid_kd_lin set to 0.023513
[imu_filter_madgwick_node-3] [INFO] [1770709585.878038809] [imu_filter]: Parameter RLController.pid_kp_ang set to 1.233640
[imu_filter_madgwick_node-3] [INFO] [1770709585.878100539] [imu_filter]: Parameter RLController.pid_ki_ang set to 0.000000
[imu_filter_madgwick_node-3] [INFO] [1770709585.878161212] [imu_filter]: Parameter RLController.pid_kd_ang set to 0.095346
[imu_filter_madgwick_node-3] [INFO] [1770709586.301726778] [imu_filter]: Parameter RLController.pid_kp_lin set to 1.212761
[imu_filter_madgwick_node-3] [INFO] [1770709586.302160483] [imu_filter]: Parameter RLController.pid_ki_lin set to 0.000000
[imu_filter_madgwick_node-3] [INFO] [1770709586.302318374] [imu_filter]: Parameter RLController.pid_kd_lin set to 0.023401
[imu_filter_madgwick_node-3] [INFO] [1770709586.302425480] [imu_filter]: Parameter RLController.pid_kp_ang set to 1.233640
[imu_filter_madgwick_node-3] [INFO] [1770709586.302493130] [imu_filter]: Parameter RLController.pid_ki_ang set to 0.000000
[imu_filter_madgwick_node-3] [INFO] [1770709586.302556139] [imu_filter]: Parameter RLController.pid_kd_ang set to 0.095346
[imu_filter_madgwick_node-3] [INFO] [1770709586.726781334] [imu_filter]: Parameter RLController.pid_kp_lin set to 1.212761
[imu_filter_madgwick_node-3] [INFO] [1770709586.726991259] [imu_filter]: Parameter RLController.pid_ki_lin set to 0.000000
[imu_filter_madgwick_node-3] [INFO] [1770709586.727068604] [imu_filter]: Parameter RLController.pid_kd_lin set to 0.023290
[imu_filter_madgwick_node-3] [INFO] [1770709586.727140702] [imu_filter]: Parameter RLController.pid_kp_ang set to 1.233640
[imu_filter_madgwick_node-3] [INFO] [1770709586.727205055] [imu_filter]: Parameter RLController.pid_ki_ang set to 0.000000
[imu_filter_madgwick_node-3] [INFO] [1770709586.727266880] [imu_filter]: Parameter RLController.pid_kd_ang set to 0.095346
[imu_filter_madgwick_node-3] [INFO] [1770709587.149892172] [imu_filter]: Parameter RLController.pid_kp_lin set to 1.212761
[imu_filter_madgwick_node-3] [INFO] [1770709587.150109808] [imu_filter]: Parameter RLController.pid_ki_lin set to 0.000000
[imu_filter_madgwick_node-3] [INFO] [1770709587.150195794] [imu_filter]: Parameter RLController.pid_kd_lin set to 0.023178
[imu_filter_madgwick_node-3] [INFO] [1770709587.150263635] [imu_filter]: Parameter RLController.pid_kp_ang set to 1.233640
[imu_filter_madgwick_node-3] [INFO] [1770709587.150324788] [imu_filter]: Parameter RLController.pid_ki_ang set to 0.000000
[imu_filter_madgwick_node-3] [INFO] [1770709587.150395446] [imu_filter]: Parameter RLController.pid_kd_ang set to 0.095346
[imu_filter_madgwick_node-3] [INFO] [1770709587.559939641] [imu_filter]: Parameter RLController.pid_kp_lin set to 1.212761
[imu_filter_madgwick_node-3] [INFO] [1770709587.560144509] [imu_filter]: Parameter RLController.pid_ki_lin set to 0.000000
[imu_filter_madgwick_node-3] [INFO] [1770709587.560214527] [imu_filter]: Parameter RLController.pid_kd_lin set to 0.023066
[imu_filter_madgwick_node-3] [INFO] [1770709587.560385730] [imu_filter]: Parameter RLController.pid_kp_ang set to 1.233640
[imu_filter_madgwick_node-3] [INFO] [1770709587.560451940] [imu_filter]: Parameter RLController.pid_ki_ang set to 0.000000
[imu_filter_madgwick_node-3] [INFO] [1770709587.560513477] [imu_filter]: Parameter RLController.pid_kd_ang set to 0.095346
[imu_filter_madgwick_node-3] [INFO] [1770709587.995091713] [imu_filter]: Parameter RLController.pid_kp_lin set to 1.212761
[imu_filter_madgwick_node-3] [INFO] [1770709587.995301926] [imu_filter]: Parameter RLController.pid_ki_lin set to 0.000000
[imu_filter_madgwick_node-3] [INFO] [1770709587.995376807] [imu_filter]: Parameter RLController.pid_kd_lin set to 0.022955
[imu_filter_madgwick_node-3] [INFO] [1770709587.995442440] [imu_filter]: Parameter RLController.pid_kp_ang set to 1.233640
[imu_filter_madgwick_node-3] [INFO] [1770709587.995500970] [imu_filter]: Parameter RLController.pid_ki_ang set to 0.000000
[imu_filter_madgwick_node-3] [INFO] [1770709587.995559595] [imu_filter]: Parameter RLController.pid_kd_ang set to 0.095346
[imu_filter_madgwick_node-3] [INFO] [1770709588.410217621] [imu_filter]: Parameter RLController.pid_kp_lin set to 1.212761
[imu_filter_madgwick_node-3] [INFO] [1770709588.410432858] [imu_filter]: Parameter RLController.pid_ki_lin set to 0.000000
[imu_filter_madgwick_node-3] [INFO] [1770709588.410526684] [imu_filter]: Parameter RLController.pid_kd_lin set to 0.022843
[imu_filter_madgwick_node-3] [INFO] [1770709588.410597789] [imu_filter]: Parameter RLController.pid_kp_ang set to 1.233640
[imu_filter_madgwick_node-3] [INFO] [1770709588.410661502] [imu_filter]: Parameter RLController.pid_ki_ang set to 0.000000
[imu_filter_madgwick_node-3] [INFO] [1770709588.410730272] [imu_filter]: Parameter RLController.pid_kd_ang set to 0.095346
[imu_filter_madgwick_node-3] [INFO] [1770709588.817768401] [imu_filter]: Parameter RLController.pid_kp_lin set to 1.212761
[imu_filter_madgwick_node-3] [INFO] [1770709588.819662647] [imu_filter]: Parameter RLController.pid_ki_lin set to 0.000000
[imu_filter_madgwick_node-3] [INFO] [1770709588.819826138] [imu_filter]: Parameter RLController.pid_kd_lin set to 0.022732
[imu_filter_madgwick_node-3] [INFO] [1770709588.819905468] [imu_filter]: Parameter RLController.pid_kp_ang set to 1.233640
[imu_filter_madgwick_node-3] [INFO] [1770709588.819970429] [imu_filter]: Parameter RLController.pid_ki_ang set to 0.000000
[imu_filter_madgwick_node-3] [INFO] [1770709588.820031390] [imu_filter]: Parameter RLController.pid_kd_ang set to 0.095346
[imu_filter_madgwick_node-3] [INFO] [1770709589.228339113] [imu_filter]: Parameter RLController.pid_kp_lin set to 1.212761
[imu_filter_madgwick_node-3] [INFO] [1770709589.228594958] [imu_filter]: Parameter RLController.pid_ki_lin set to 0.000000
[imu_filter_madgwick_node-3] [INFO] [1770709589.228687728] [imu_filter]: Parameter RLController.pid_kd_lin set to 0.022620
[imu_filter_madgwick_node-3] [INFO] [1770709589.228759153] [imu_filter]: Parameter RLController.pid_kp_ang set to 1.233640
[imu_filter_madgwick_node-3] [INFO] [1770709589.232255320] [imu_filter]: Parameter RLController.pid_ki_ang set to 0.000000
[imu_filter_madgwick_node-3] [INFO] [1770709589.232469596] [imu_filter]: Parameter RLController.pid_kd_ang set to 0.095346
[imu_filter_madgwick_node-3] [INFO] [1770709589.653593993] [imu_filter]: Parameter RLController.pid_kp_lin set to 1.212761
[imu_filter_madgwick_node-3] [INFO] [1770709589.653942096] [imu_filter]: Parameter RLController.pid_ki_lin set to 0.000000
[imu_filter_madgwick_node-3] [INFO] [1770709589.654032178] [imu_filter]: Parameter RLController.pid_kd_lin set to 0.022509
[imu_filter_madgwick_node-3] [INFO] [1770709589.654098099] [imu_filter]: Parameter RLController.pid_kp_ang set to 1.233640
[imu_filter_madgwick_node-3] [INFO] [1770709589.654159381] [imu_filter]: Parameter RLController.pid_ki_ang set to 0.000000
[imu_filter_madgwick_node-3] [INFO] [1770709589.654219606] [imu_filter]: Parameter RLController.pid_kd_ang set to 0.095346
[imu_filter_madgwick_node-3] [INFO] [1770709590.060958209] [imu_filter]: Parameter RLController.pid_kp_lin set to 1.212761
[imu_filter_madgwick_node-3] [INFO] [1770709590.061181285] [imu_filter]: Parameter RLController.pid_ki_lin set to 0.000000
[imu_filter_madgwick_node-3] [INFO] [1770709590.065753986] [imu_filter]: Parameter RLController.pid_kd_lin set to 0.022397
[imu_filter_madgwick_node-3] [INFO] [1770709590.065949670] [imu_filter]: Parameter RLController.pid_kp_ang set to 1.233640
[imu_filter_madgwick_node-3] [INFO] [1770709590.066024423] [imu_filter]: Parameter RLController.pid_ki_ang set to 0.000000
[imu_filter_madgwick_node-3] [INFO] [1770709590.066087080] [imu_filter]: Parameter RLController.pid_kd_ang set to 0.095346
[imu_filter_madgwick_node-3] [INFO] [1770709590.490768477] [imu_filter]: Parameter RLController.pid_kp_lin set to 1.212761
[imu_filter_madgwick_node-3] [INFO] [1770709590.490960737] [imu_filter]: Parameter RLController.pid_ki_lin set to 0.000000
[imu_filter_madgwick_node-3] [INFO] [1770709590.491030882] [imu_filter]: Parameter RLController.pid_kd_lin set to 0.022286
[imu_filter_madgwick_node-3] [INFO] [1770709590.491091972] [imu_filter]: Parameter RLController.pid_kp_ang set to 1.233640
[imu_filter_madgwick_node-3] [INFO] [1770709590.491149797] [imu_filter]: Parameter RLController.pid_ki_ang set to 0.000000
[imu_filter_madgwick_node-3] [INFO] [1770709590.491343081] [imu_filter]: Parameter RLController.pid_kd_ang set to 0.095346
[imu_filter_madgwick_node-3] [INFO] [1770709590.915632182] [imu_filter]: Parameter RLController.pid_kp_lin set to 1.212761
[imu_filter_madgwick_node-3] [INFO] [1770709590.915826201] [imu_filter]: Parameter RLController.pid_ki_lin set to 0.000000
[imu_filter_madgwick_node-3] [INFO] [1770709590.915900859] [imu_filter]: Parameter RLController.pid_kd_lin set to 0.022174
[imu_filter_madgwick_node-3] [INFO] [1770709590.915966844] [imu_filter]: Parameter RLController.pid_kp_ang set to 1.233640
[imu_filter_madgwick_node-3] [INFO] [1770709590.916028638] [imu_filter]: Parameter RLController.pid_ki_ang set to 0.000000
[imu_filter_madgwick_node-3] [INFO] [1770709590.916082687] [imu_filter]: Parameter RLController.pid_kd_ang set to 0.095346
[imu_filter_madgwick_node-3] [INFO] [1770709591.329861944] [imu_filter]: Parameter RLController.pid_kp_lin set to 1.212761
[imu_filter_madgwick_node-3] [INFO] [1770709591.330075228] [imu_filter]: Parameter RLController.pid_ki_lin set to 0.000000
[imu_filter_madgwick_node-3] [INFO] [1770709591.330170494] [imu_filter]: Parameter RLController.pid_kd_lin set to 0.022063
[imu_filter_madgwick_node-3] [INFO] [1770709591.330250559] [imu_filter]: Parameter RLController.pid_kp_ang set to 1.233640
[imu_filter_madgwick_node-3] [INFO] [1770709591.334144046] [imu_filter]: Parameter RLController.pid_ki_ang set to 0.000000
[imu_filter_madgwick_node-3] [INFO] [1770709591.337763447] [imu_filter]: Parameter RLController.pid_kd_ang set to 0.095346
[imu_filter_madgwick_node-3] [INFO] [1770709591.748162668] [imu_filter]: Parameter RLController.pid_kp_lin set to 1.212761
[imu_filter_madgwick_node-3] [INFO] [1770709591.748363056] [imu_filter]: Parameter RLController.pid_ki_lin set to 0.000000
[imu_filter_madgwick_node-3] [INFO] [1770709591.748438193] [imu_filter]: Parameter RLController.pid_kd_lin set to 0.021951
[imu_filter_madgwick_node-3] [INFO] [1770709591.748507699] [imu_filter]: Parameter RLController.pid_kp_ang set to 1.233640
[imu_filter_madgwick_node-3] [INFO] [1770709591.748571348] [imu_filter]: Parameter RLController.pid_ki_ang set to 0.000000
[imu_filter_madgwick_node-3] [INFO] [1770709591.749629129] [imu_filter]: Parameter RLController.pid_kd_ang set to 0.095346
[imu_filter_madgwick_node-3] [INFO] [1770709592.157254630] [imu_filter]: Parameter RLController.pid_kp_lin set to 1.212761
[imu_filter_madgwick_node-3] [INFO] [1770709592.157625038] [imu_filter]: Parameter RLController.pid_ki_lin set to 0.000000
[imu_filter_madgwick_node-3] [INFO] [1770709592.157718191] [imu_filter]: Parameter RLController.pid_kd_lin set to 0.021840
[imu_filter_madgwick_node-3] [INFO] [1770709592.157789873] [imu_filter]: Parameter RLController.pid_kp_ang set to 1.233640
[imu_filter_madgwick_node-3] [INFO] [1770709592.160068095] [imu_filter]: Parameter RLController.pid_ki_ang set to 0.000000
[imu_filter_madgwick_node-3] [INFO] [1770709592.160244546] [imu_filter]: Parameter RLController.pid_kd_ang set to 0.095346
[imu_filter_madgwick_node-3] [INFO] [1770709592.569370014] [imu_filter]: Parameter RLController.pid_kp_lin set to 1.212761
[imu_filter_madgwick_node-3] [INFO] [1770709592.571511433] [imu_filter]: Parameter RLController.pid_ki_lin set to 0.000000
[imu_filter_madgwick_node-3] [INFO] [1770709592.571693804] [imu_filter]: Parameter RLController.pid_kd_lin set to 0.021728
[imu_filter_madgwick_node-3] [INFO] [1770709592.571771246] [imu_filter]: Parameter RLController.pid_kp_ang set to 1.233640
[imu_filter_madgwick_node-3] [INFO] [1770709592.571835727] [imu_filter]: Parameter RLController.pid_ki_ang set to 0.000000
[imu_filter_madgwick_node-3] [INFO] [1770709592.571902801] [imu_filter]: Parameter RLController.pid_kd_ang set to 0.095346
[imu_filter_madgwick_node-3] [INFO] [1770709593.008667001] [imu_filter]: Parameter RLController.pid_kp_lin set to 1.212761
[imu_filter_madgwick_node-3] [INFO] [1770709593.008875773] [imu_filter]: Parameter RLController.pid_ki_lin set to 0.000000
[imu_filter_madgwick_node-3] [INFO] [1770709593.008953631] [imu_filter]: Parameter RLController.pid_kd_lin set to 0.021617
[imu_filter_madgwick_node-3] [INFO] [1770709593.009020256] [imu_filter]: Parameter RLController.pid_kp_ang set to 1.233640
[imu_filter_madgwick_node-3] [INFO] [1770709593.009081761] [imu_filter]: Parameter RLController.pid_ki_ang set to 0.000000
[imu_filter_madgwick_node-3] [INFO] [1770709593.009143459] [imu_filter]: Parameter RLController.pid_kd_ang set to 0.095346
[imu_filter_madgwick_node-3] [INFO] [1770709593.447408329] [imu_filter]: Parameter RLController.pid_kp_lin set to 1.212761
[imu_filter_madgwick_node-3] [INFO] [1770709593.452167465] [imu_filter]: Parameter RLController.pid_ki_lin set to 0.000000
[imu_filter_madgwick_node-3] [INFO] [1770709593.452546001] [imu_filter]: Parameter RLController.pid_kd_lin set to 0.021505
[imu_filter_madgwick_node-3] [INFO] [1770709593.452699380] [imu_filter]: Parameter RLController.pid_kp_ang set to 1.233640
[imu_filter_madgwick_node-3] [INFO] [1770709593.452780278] [imu_filter]: Parameter RLController.pid_ki_ang set to 0.000000
[imu_filter_madgwick_node-3] [INFO] [1770709593.452848407] [imu_filter]: Parameter RLController.pid_kd_ang set to 0.095346
[imu_filter_madgwick_node-3] [INFO] [1770709593.866658225] [imu_filter]: Parameter RLController.pid_kp_lin set to 1.212761
[imu_filter_madgwick_node-3] [INFO] [1770709593.866970103] [imu_filter]: Parameter RLController.pid_ki_lin set to 0.000000
[imu_filter_madgwick_node-3] [INFO] [1770709593.867070073] [imu_filter]: Parameter RLController.pid_kd_lin set to 0.021394
[imu_filter_madgwick_node-3] [INFO] [1770709593.867145563] [imu_filter]: Parameter RLController.pid_kp_ang set to 1.233640
[imu_filter_madgwick_node-3] [INFO] [1770709593.867210332] [imu_filter]: Parameter RLController.pid_ki_ang set to 0.000000
[imu_filter_madgwick_node-3] [INFO] [1770709593.867274301] [imu_filter]: Parameter RLController.pid_kd_ang set to 0.095346
[imu_filter_madgwick_node-3] [INFO] [1770709594.280838866] [imu_filter]: Parameter RLController.pid_kp_lin set to 1.212761
[imu_filter_madgwick_node-3] [INFO] [1770709594.282981501] [imu_filter]: Parameter RLController.pid_ki_lin set to 0.000000
[imu_filter_madgwick_node-3] [INFO] [1770709594.284566557] [imu_filter]: Parameter RLController.pid_kd_lin set to 0.021282
[imu_filter_madgwick_node-3] [INFO] [1770709594.285799606] [imu_filter]: Parameter RLController.pid_kp_ang set to 1.233640
[imu_filter_madgwick_node-3] [INFO] [1770709594.286921676] [imu_filter]: Parameter RLController.pid_ki_ang set to 0.000000
[imu_filter_madgwick_node-3] [INFO] [1770709594.287045167] [imu_filter]: Parameter RLController.pid_kd_ang set to 0.095346
[imu_filter_madgwick_node-3] [INFO] [1770709594.692303644] [imu_filter]: Parameter RLController.pid_kp_lin set to 1.212761
[imu_filter_madgwick_node-3] [INFO] [1770709594.692543873] [imu_filter]: Parameter RLController.pid_ki_lin set to 0.000000
[imu_filter_madgwick_node-3] [INFO] [1770709594.692672963] [imu_filter]: Parameter RLController.pid_kd_lin set to 0.021171
[imu_filter_madgwick_node-3] [INFO] [1770709594.692742501] [imu_filter]: Parameter RLController.pid_kp_ang set to 1.233640
[imu_filter_madgwick_node-3] [INFO] [1770709594.692802534] [imu_filter]: Parameter RLController.pid_ki_ang set to 0.000000
[imu_filter_madgwick_node-3] [INFO] [1770709594.692867143] [imu_filter]: Parameter RLController.pid_kd_ang set to 0.095346
[imu_filter_madgwick_node-3] [INFO] [1770709595.100810379] [imu_filter]: Parameter RLController.pid_kp_lin set to 1.212761
[imu_filter_madgwick_node-3] [INFO] [1770709595.101017423] [imu_filter]: Parameter RLController.pid_ki_lin set to 0.000000
[imu_filter_madgwick_node-3] [INFO] [1770709595.101088304] [imu_filter]: Parameter RLController.pid_kd_lin set to 0.021059
[imu_filter_madgwick_node-3] [INFO] [1770709595.105671917] [imu_filter]: Parameter RLController.pid_kp_ang set to 1.233640
[imu_filter_madgwick_node-3] [INFO] [1770709595.105877777] [imu_filter]: Parameter RLController.pid_ki_ang set to 0.000000
[imu_filter_madgwick_node-3] [INFO] [1770709595.105945778] [imu_filter]: Parameter RLController.pid_kd_ang set to 0.095346
[imu_filter_madgwick_node-3] [INFO] [1770709595.521672562] [imu_filter]: Parameter RLController.pid_kp_lin set to 1.212761
[imu_filter_madgwick_node-3] [INFO] [1770709595.522006137] [imu_filter]: Parameter RLController.pid_ki_lin set to 0.000000
[imu_filter_madgwick_node-3] [INFO] [1770709595.522086043] [imu_filter]: Parameter RLController.pid_kd_lin set to 0.020948
[imu_filter_madgwick_node-3] [INFO] [1770709595.522157820] [imu_filter]: Parameter RLController.pid_kp_ang set to 1.233640
[imu_filter_madgwick_node-3] [INFO] [1770709595.522222301] [imu_filter]: Parameter RLController.pid_ki_ang set to 0.000000
[imu_filter_madgwick_node-3] [INFO] [1770709595.522283903] [imu_filter]: Parameter RLController.pid_kd_ang set to 0.095346
[imu_filter_madgwick_node-3] [INFO] [1770709595.931648191] [imu_filter]: Parameter RLController.pid_kp_lin set to 1.212761
[imu_filter_madgwick_node-3] [INFO] [1770709595.931843235] [imu_filter]: Parameter RLController.pid_ki_lin set to 0.000000
[imu_filter_madgwick_node-3] [INFO] [1770709595.931922468] [imu_filter]: Parameter RLController.pid_kd_lin set to 0.020836
[imu_filter_madgwick_node-3] [INFO] [1770709595.931987909] [imu_filter]: Parameter RLController.pid_kp_ang set to 1.233640
[imu_filter_madgwick_node-3] [INFO] [1770709595.932049095] [imu_filter]: Parameter RLController.pid_ki_ang set to 0.000000
[imu_filter_madgwick_node-3] [INFO] [1770709595.932108904] [imu_filter]: Parameter RLController.pid_kd_ang set to 0.095346
[imu_filter_madgwick_node-3] [INFO] [1770709596.358705251] [imu_filter]: Parameter RLController.pid_kp_lin set to 1.212761
[imu_filter_madgwick_node-3] [INFO] [1770709596.358922024] [imu_filter]: Parameter RLController.pid_ki_lin set to 0.000000
[imu_filter_madgwick_node-3] [INFO] [1770709596.362446703] [imu_filter]: Parameter RLController.pid_kd_lin set to 0.020725
[imu_filter_madgwick_node-3] [INFO] [1770709596.362746965] [imu_filter]: Parameter RLController.pid_kp_ang set to 1.233640
[imu_filter_madgwick_node-3] [INFO] [1770709596.362855415] [imu_filter]: Parameter RLController.pid_ki_ang set to 0.000000
[imu_filter_madgwick_node-3] [INFO] [1770709596.362928729] [imu_filter]: Parameter RLController.pid_kd_ang set to 0.095346
[imu_filter_madgwick_node-3] [INFO] [1770709596.779643693] [imu_filter]: Parameter RLController.pid_kp_lin set to 1.212761
[imu_filter_madgwick_node-3] [INFO] [1770709596.780002388] [imu_filter]: Parameter RLController.pid_ki_lin set to 0.000000
[imu_filter_madgwick_node-3] [INFO] [1770709596.780210488] [imu_filter]: Parameter RLController.pid_kd_lin set to 0.020613
[imu_filter_madgwick_node-3] [INFO] [1770709596.780299802] [imu_filter]: Parameter RLController.pid_kp_ang set to 1.233640
[imu_filter_madgwick_node-3] [INFO] [1770709596.785667782] [imu_filter]: Parameter RLController.pid_ki_ang set to 0.000000
[imu_filter_madgwick_node-3] [INFO] [1770709596.785872138] [imu_filter]: Parameter RLController.pid_kd_ang set to 0.095346
[imu_filter_madgwick_node-3] [INFO] [1770709597.199324413] [imu_filter]: Parameter RLController.pid_kp_lin set to 1.212761
[imu_filter_madgwick_node-3] [INFO] [1770709597.199526177] [imu_filter]: Parameter RLController.pid_ki_lin set to 0.000000
[imu_filter_madgwick_node-3] [INFO] [1770709597.199606274] [imu_filter]: Parameter RLController.pid_kd_lin set to 0.020503
[imu_filter_madgwick_node-3] [INFO] [1770709597.199681188] [imu_filter]: Parameter RLController.pid_kp_ang set to 1.233640
[imu_filter_madgwick_node-3] [INFO] [1770709597.199750789] [imu_filter]: Parameter RLController.pid_ki_ang set to 0.000000
[imu_filter_madgwick_node-3] [INFO] [1770709597.199813254] [imu_filter]: Parameter RLController.pid_kd_ang set to 0.095346
[imu_filter_madgwick_node-3] [INFO] [1770709597.608351542] [imu_filter]: Parameter RLController.pid_kp_lin set to 1.212761
[imu_filter_madgwick_node-3] [INFO] [1770709597.608577114] [imu_filter]: Parameter RLController.pid_ki_lin set to 0.000000
[imu_filter_madgwick_node-3] [INFO] [1770709597.608649660] [imu_filter]: Parameter RLController.pid_kd_lin set to 0.020412
[imu_filter_madgwick_node-3] [INFO] [1770709597.608768926] [imu_filter]: Parameter RLController.pid_kp_ang set to 1.233640
[imu_filter_madgwick_node-3] [INFO] [1770709597.608834143] [imu_filter]: Parameter RLController.pid_ki_ang set to 0.000000
[imu_filter_madgwick_node-3] [INFO] [1770709597.608944258] [imu_filter]: Parameter RLController.pid_kd_ang set to 0.095346
[imu_filter_madgwick_node-3] [INFO] [1770709598.048147259] [imu_filter]: Parameter RLController.pid_kp_lin set to 1.212761
[imu_filter_madgwick_node-3] [INFO] [1770709598.048396064] [imu_filter]: Parameter RLController.pid_ki_lin set to 0.000000
[imu_filter_madgwick_node-3] [INFO] [1770709598.048490018] [imu_filter]: Parameter RLController.pid_kd_lin set to 0.020338
[imu_filter_madgwick_node-3] [INFO] [1770709598.048569508] [imu_filter]: Parameter RLController.pid_kp_ang set to 1.233640
[imu_filter_madgwick_node-3] [INFO] [1770709598.051782885] [imu_filter]: Parameter RLController.pid_ki_ang set to 0.000000
[imu_filter_madgwick_node-3] [INFO] [1770709598.051988617] [imu_filter]: Parameter RLController.pid_kd_ang set to 0.095346
[imu_filter_madgwick_node-3] [INFO] [1770709598.476568028] [imu_filter]: Parameter RLController.pid_kp_lin set to 1.212761
[imu_filter_madgwick_node-3] [INFO] [1770709598.476905506] [imu_filter]: Parameter RLController.pid_ki_lin set to 0.000000
[imu_filter_madgwick_node-3] [INFO] [1770709598.477050821] [imu_filter]: Parameter RLController.pid_kd_lin set to 0.020277
[imu_filter_madgwick_node-3] [INFO] [1770709598.477130567] [imu_filter]: Parameter RLController.pid_kp_ang set to 1.233640
[imu_filter_madgwick_node-3] [INFO] [1770709598.477192296] [imu_filter]: Parameter RLController.pid_ki_ang set to 0.000000
[imu_filter_madgwick_node-3] [INFO] [1770709598.477255593] [imu_filter]: Parameter RLController.pid_kd_ang set to 0.095346
[imu_filter_madgwick_node-3] [INFO] [1770709598.891022786] [imu_filter]: Parameter RLController.pid_kp_lin set to 1.212761
[imu_filter_madgwick_node-3] [INFO] [1770709598.891221254] [imu_filter]: Parameter RLController.pid_ki_lin set to 0.000000
[imu_filter_madgwick_node-3] [INFO] [1770709598.891300424] [imu_filter]: Parameter RLController.pid_kd_lin set to 0.020227
[imu_filter_madgwick_node-3] [INFO] [1770709598.891372905] [imu_filter]: Parameter RLController.pid_kp_ang set to 1.233640
[imu_filter_madgwick_node-3] [INFO] [1770709598.891434826] [imu_filter]: Parameter RLController.pid_ki_ang set to 0.000000
[imu_filter_madgwick_node-3] [INFO] [1770709598.891493900] [imu_filter]: Parameter RLController.pid_kd_ang set to 0.095346
[imu_filter_madgwick_node-3] [INFO] [1770709599.301844735] [imu_filter]: Parameter RLController.pid_kp_lin set to 1.212761
[imu_filter_madgwick_node-3] [INFO] [1770709599.302091460] [imu_filter]: Parameter RLController.pid_ki_lin set to 0.000000
[imu_filter_madgwick_node-3] [INFO] [1770709599.302177094] [imu_filter]: Parameter RLController.pid_kd_lin set to 0.020186
[imu_filter_madgwick_node-3] [INFO] [1770709599.302293512] [imu_filter]: Parameter RLController.pid_kp_ang set to 1.233640
[imu_filter_madgwick_node-3] [INFO] [1770709599.302403851] [imu_filter]: Parameter RLController.pid_ki_ang set to 0.000000
[imu_filter_madgwick_node-3] [INFO] [1770709599.302477740] [imu_filter]: Parameter RLController.pid_kd_ang set to 0.095346
[imu_filter_madgwick_node-3] [INFO] [1770709599.723471223] [imu_filter]: Parameter RLController.pid_kp_lin set to 1.212761
[imu_filter_madgwick_node-3] [INFO] [1770709599.723672315] [imu_filter]: Parameter RLController.pid_ki_lin set to 0.000000
[imu_filter_madgwick_node-3] [INFO] [1770709599.723751708] [imu_filter]: Parameter RLController.pid_kd_lin set to 0.020153
[imu_filter_madgwick_node-3] [INFO] [1770709599.723823390] [imu_filter]: Parameter RLController.pid_kp_ang set to 1.233640
[imu_filter_madgwick_node-3] [INFO] [1770709599.724172005] [imu_filter]: Parameter RLController.pid_ki_ang set to 0.000000
[imu_filter_madgwick_node-3] [INFO] [1770709599.724250054] [imu_filter]: Parameter RLController.pid_kd_ang set to 0.095346
[imu_filter_madgwick_node-3] [INFO] [1770709600.147038741] [imu_filter]: Parameter RLController.pid_kp_lin set to 1.212761
[imu_filter_madgwick_node-3] [INFO] [1770709600.147274298] [imu_filter]: Parameter RLController.pid_ki_lin set to 0.000000
[imu_filter_madgwick_node-3] [INFO] [1770709600.147369404] [imu_filter]: Parameter RLController.pid_kd_lin set to 0.020125
[imu_filter_madgwick_node-3] [INFO] [1770709600.147444797] [imu_filter]: Parameter RLController.pid_kp_ang set to 1.233640
[imu_filter_madgwick_node-3] [INFO] [1770709600.147508318] [imu_filter]: Parameter RLController.pid_ki_ang set to 0.000000
[imu_filter_madgwick_node-3] [INFO] [1770709600.147571520] [imu_filter]: Parameter RLController.pid_kd_ang set to 0.095346
[imu_filter_madgwick_node-3] [INFO] [1770709600.552458885] [imu_filter]: Parameter RLController.pid_kp_lin set to 1.212761
[imu_filter_madgwick_node-3] [INFO] [1770709600.552648969] [imu_filter]: Parameter RLController.pid_ki_lin set to 0.000000
[imu_filter_madgwick_node-3] [INFO] [1770709600.552732267] [imu_filter]: Parameter RLController.pid_kd_lin set to 0.020103
[imu_filter_madgwick_node-3] [INFO] [1770709600.552797516] [imu_filter]: Parameter RLController.pid_kp_ang set to 1.233640
[imu_filter_madgwick_node-3] [INFO] [1770709600.552864462] [imu_filter]: Parameter RLController.pid_ki_ang set to 0.000000
[imu_filter_madgwick_node-3] [INFO] [1770709600.552927599] [imu_filter]: Parameter RLController.pid_kd_ang set to 0.095346
[imu_filter_madgwick_node-3] [INFO] [1770709600.967646107] [imu_filter]: Parameter RLController.pid_kp_lin set to 1.212761
[imu_filter_madgwick_node-3] [INFO] [1770709600.967849759] [imu_filter]: Parameter RLController.pid_ki_lin set to 0.000000
[imu_filter_madgwick_node-3] [INFO] [1770709600.967935168] [imu_filter]: Parameter RLController.pid_kd_lin set to 0.020084
[imu_filter_madgwick_node-3] [INFO] [1770709600.968390122] [imu_filter]: Parameter RLController.pid_kp_ang set to 1.233640
[imu_filter_madgwick_node-3] [INFO] [1770709600.968486060] [imu_filter]: Parameter RLController.pid_ki_ang set to 0.000000
[imu_filter_madgwick_node-3] [INFO] [1770709600.968548205] [imu_filter]: Parameter RLController.pid_kd_ang set to 0.095346
[imu_filter_madgwick_node-3] [INFO] [1770709601.386460633] [imu_filter]: Parameter RLController.pid_kp_lin set to 1.212761
[imu_filter_madgwick_node-3] [INFO] [1770709601.386727807] [imu_filter]: Parameter RLController.pid_ki_lin set to 0.000000
[imu_filter_madgwick_node-3] [INFO] [1770709601.386838113] [imu_filter]: Parameter RLController.pid_kd_lin set to 0.020069
[imu_filter_madgwick_node-3] [INFO] [1770709601.386916098] [imu_filter]: Parameter RLController.pid_kp_ang set to 1.233640
[imu_filter_madgwick_node-3] [INFO] [1770709601.387110054] [imu_filter]: Parameter RLController.pid_ki_ang set to 0.000000
[imu_filter_madgwick_node-3] [INFO] [1770709601.387179912] [imu_filter]: Parameter RLController.pid_kd_ang set to 0.095346
[imu_filter_madgwick_node-3] [INFO] [1770709601.809773394] [imu_filter]: Parameter RLController.pid_kp_lin set to 1.212761
[imu_filter_madgwick_node-3] [INFO] [1770709601.809969206] [imu_filter]: Parameter RLController.pid_ki_lin set to 0.000000
[imu_filter_madgwick_node-3] [INFO] [1770709601.810044888] [imu_filter]: Parameter RLController.pid_kd_lin set to 0.020057
[imu_filter_madgwick_node-3] [INFO] [1770709601.810113945] [imu_filter]: Parameter RLController.pid_kp_ang set to 1.233640
[imu_filter_madgwick_node-3] [INFO] [1770709601.810174746] [imu_filter]: Parameter RLController.pid_ki_ang set to 0.000000
[imu_filter_madgwick_node-3] [INFO] [1770709601.811359474] [imu_filter]: Parameter RLController.pid_kd_ang set to 0.095346
[imu_filter_madgwick_node-3] [INFO] [1770709602.248275710] [imu_filter]: Parameter RLController.pid_kp_lin set to 1.212761
[imu_filter_madgwick_node-3] [INFO] [1770709602.249674458] [imu_filter]: Parameter RLController.pid_ki_lin set to 0.000000
[imu_filter_madgwick_node-3] [INFO] [1770709602.249814877] [imu_filter]: Parameter RLController.pid_kd_lin set to 0.020046
[imu_filter_madgwick_node-3] [INFO] [1770709602.249891966] [imu_filter]: Parameter RLController.pid_kp_ang set to 1.233640
[imu_filter_madgwick_node-3] [INFO] [1770709602.249952320] [imu_filter]: Parameter RLController.pid_ki_ang set to 0.000000
[imu_filter_madgwick_node-3] [INFO] [1770709602.250011393] [imu_filter]: Parameter RLController.pid_kd_ang set to 0.095346
[imu_filter_madgwick_node-3] [INFO] [1770709602.662946857] [imu_filter]: Parameter RLController.pid_kp_lin set to 1.212761
[imu_filter_madgwick_node-3] [INFO] [1770709602.663324144] [imu_filter]: Parameter RLController.pid_ki_lin set to 0.000000
[imu_filter_madgwick_node-3] [INFO] [1770709602.663419474] [imu_filter]: Parameter RLController.pid_kd_lin set to 0.020038
[imu_filter_madgwick_node-3] [INFO] [1770709602.663491060] [imu_filter]: Parameter RLController.pid_kp_ang set to 1.233640
[imu_filter_madgwick_node-3] [INFO] [1770709602.663553237] [imu_filter]: Parameter RLController.pid_ki_ang set to 0.000000
[imu_filter_madgwick_node-3] [INFO] [1770709602.663722616] [imu_filter]: Parameter RLController.pid_kd_ang set to 0.095346
[imu_filter_madgwick_node-3] [INFO] [1770709603.073319197] [imu_filter]: Parameter RLController.pid_kp_lin set to 1.212761
[imu_filter_madgwick_node-3] [INFO] [1770709603.078556391] [imu_filter]: Parameter RLController.pid_ki_lin set to 0.000000
[imu_filter_madgwick_node-3] [INFO] [1770709603.085246414] [imu_filter]: Parameter RLController.pid_kd_lin set to 0.020031
[imu_filter_madgwick_node-3] [INFO] [1770709603.085458994] [imu_filter]: Parameter RLController.pid_kp_ang set to 1.233640
[imu_filter_madgwick_node-3] [INFO] [1770709603.085567700] [imu_filter]: Parameter RLController.pid_ki_ang set to 0.000000
[imu_filter_madgwick_node-3] [INFO] [1770709603.085634805] [imu_filter]: Parameter RLController.pid_kd_ang set to 0.095346
[imu_filter_madgwick_node-3] [INFO] [1770709603.505437160] [imu_filter]: Parameter RLController.pid_kp_lin set to 1.212761
[imu_filter_madgwick_node-3] [INFO] [1770709603.505666316] [imu_filter]: Parameter RLController.pid_ki_lin set to 0.000000
[imu_filter_madgwick_node-3] [INFO] [1770709603.505744078] [imu_filter]: Parameter RLController.pid_kd_lin set to 0.020026
[imu_filter_madgwick_node-3] [INFO] [1770709603.505815279] [imu_filter]: Parameter RLController.pid_kp_ang set to 1.233640
[imu_filter_madgwick_node-3] [INFO] [1770709603.506008147] [imu_filter]: Parameter RLController.pid_ki_ang set to 0.000000
[imu_filter_madgwick_node-3] [INFO] [1770709603.506115606] [imu_filter]: Parameter RLController.pid_kd_ang set to 0.095346
[imu_filter_madgwick_node-3] [INFO] [1770709603.919852846] [imu_filter]: Parameter RLController.pid_kp_lin set to 1.212761
[imu_filter_madgwick_node-3] [INFO] [1770709603.920157588] [imu_filter]: Parameter RLController.pid_ki_lin set to 0.000000
[imu_filter_madgwick_node-3] [INFO] [1770709603.920262294] [imu_filter]: Parameter RLController.pid_kd_lin set to 0.020021
[imu_filter_madgwick_node-3] [INFO] [1770709603.920339447] [imu_filter]: Parameter RLController.pid_kp_ang set to 1.233640
[imu_filter_madgwick_node-3] [INFO] [1770709603.920406617] [imu_filter]: Parameter RLController.pid_ki_ang set to 0.000000
[imu_filter_madgwick_node-3] [INFO] [1770709603.920470490] [imu_filter]: Parameter RLController.pid_kd_ang set to 0.095346
[imu_filter_madgwick_node-3] [INFO] [1770709604.354929364] [imu_filter]: Parameter RLController.pid_kp_lin set to 1.212761
[imu_filter_madgwick_node-3] [INFO] [1770709604.355136664] [imu_filter]: Parameter RLController.pid_ki_lin set to 0.000000
[imu_filter_madgwick_node-3] [INFO] [1770709604.355211354] [imu_filter]: Parameter RLController.pid_kd_lin set to 0.020017
[imu_filter_madgwick_node-3] [INFO] [1770709604.355278203] [imu_filter]: Parameter RLController.pid_kp_ang set to 1.233640
[imu_filter_madgwick_node-3] [INFO] [1770709604.355340924] [imu_filter]: Parameter RLController.pid_ki_ang set to 0.000000
[imu_filter_madgwick_node-3] [INFO] [1770709604.355400702] [imu_filter]: Parameter RLController.pid_kd_ang set to 0.095346
[imu_filter_madgwick_node-3] [INFO] [1770709604.800171048] [imu_filter]: Parameter RLController.pid_kp_lin set to 1.212761
[imu_filter_madgwick_node-3] [INFO] [1770709604.800377324] [imu_filter]: Parameter RLController.pid_ki_lin set to 0.000000
[imu_filter_madgwick_node-3] [INFO] [1770709604.800447629] [imu_filter]: Parameter RLController.pid_kd_lin set to 0.020014
[imu_filter_madgwick_node-3] [INFO] [1770709604.800515438] [imu_filter]: Parameter RLController.pid_kp_ang set to 1.233640
[imu_filter_madgwick_node-3] [INFO] [1770709604.800573872] [imu_filter]: Parameter RLController.pid_ki_ang set to 0.000000
[imu_filter_madgwick_node-3] [INFO] [1770709604.800632625] [imu_filter]: Parameter RLController.pid_kd_ang set to 0.095346
[imu_filter_madgwick_node-3] [INFO] [1770709605.224900637] [imu_filter]: Parameter RLController.pid_kp_lin set to 1.212761
[imu_filter_madgwick_node-3] [INFO] [1770709605.225228388] [imu_filter]: Parameter RLController.pid_ki_lin set to 0.000000
[imu_filter_madgwick_node-3] [INFO] [1770709605.225311302] [imu_filter]: Parameter RLController.pid_kd_lin set to 0.020012
[imu_filter_madgwick_node-3] [INFO] [1770709605.225382727] [imu_filter]: Parameter RLController.pid_kp_ang set to 1.233640
[imu_filter_madgwick_node-3] [INFO] [1770709605.225449224] [imu_filter]: Parameter RLController.pid_ki_ang set to 0.000000
[imu_filter_madgwick_node-3] [INFO] [1770709605.225555114] [imu_filter]: Parameter RLController.pid_kd_ang set to 0.095346
[imu_filter_madgwick_node-3] [INFO] [1770709605.641137512] [imu_filter]: Parameter RLController.pid_kp_lin set to 1.212761
[imu_filter_madgwick_node-3] [INFO] [1770709605.641348876] [imu_filter]: Parameter RLController.pid_ki_lin set to 0.000000
[imu_filter_madgwick_node-3] [INFO] [1770709605.641432238] [imu_filter]: Parameter RLController.pid_kd_lin set to 0.020009
[imu_filter_madgwick_node-3] [INFO] [1770709605.641535120] [imu_filter]: Parameter RLController.pid_kp_ang set to 1.233640
[imu_filter_madgwick_node-3] [INFO] [1770709605.641602737] [imu_filter]: Parameter RLController.pid_ki_ang set to 0.000000
[imu_filter_madgwick_node-3] [INFO] [1770709605.641666482] [imu_filter]: Parameter RLController.pid_kd_ang set to 0.095346
[imu_filter_madgwick_node-3] [INFO] [1770709606.058888049] [imu_filter]: Parameter RLController.pid_kp_lin set to 1.212761
[imu_filter_madgwick_node-3] [INFO] [1770709606.059356154] [imu_filter]: Parameter RLController.pid_ki_lin set to 0.000000
[imu_filter_madgwick_node-3] [INFO] [1770709606.059441500] [imu_filter]: Parameter RLController.pid_kd_lin set to 0.020008
[imu_filter_madgwick_node-3] [INFO] [1770709606.059510685] [imu_filter]: Parameter RLController.pid_kp_ang set to 1.233640
[imu_filter_madgwick_node-3] [INFO] [1770709606.059573791] [imu_filter]: Parameter RLController.pid_ki_ang set to 0.000000
[imu_filter_madgwick_node-3] [INFO] [1770709606.059634880] [imu_filter]: Parameter RLController.pid_kd_ang set to 0.095346
[imu_filter_madgwick_node-3] [INFO] [1770709606.481107540] [imu_filter]: Parameter RLController.pid_kp_lin set to 1.212761
[imu_filter_madgwick_node-3] [INFO] [1770709606.481311096] [imu_filter]: Parameter RLController.pid_ki_lin set to 0.000000
[imu_filter_madgwick_node-3] [INFO] [1770709606.491893038] [imu_filter]: Parameter RLController.pid_kd_lin set to 0.020006
[imu_filter_madgwick_node-3] [INFO] [1770709606.492214868] [imu_filter]: Parameter RLController.pid_kp_ang set to 1.233640
[imu_filter_madgwick_node-3] [INFO] [1770709606.492339767] [imu_filter]: Parameter RLController.pid_ki_ang set to 0.000000
[imu_filter_madgwick_node-3] [INFO] [1770709606.492411672] [imu_filter]: Parameter RLController.pid_kd_ang set to 0.095346
[imu_filter_madgwick_node-3] [INFO] [1770709606.890958942] [imu_filter]: Parameter RLController.pid_kp_lin set to 1.212761
[imu_filter_madgwick_node-3] [INFO] [1770709606.891159810] [imu_filter]: Parameter RLController.pid_ki_lin set to 0.000000
[imu_filter_madgwick_node-3] [INFO] [1770709606.893624211] [imu_filter]: Parameter RLController.pid_kd_lin set to 0.020005
[imu_filter_madgwick_node-3] [INFO] [1770709606.893840952] [imu_filter]: Parameter RLController.pid_kp_ang set to 1.233640
[imu_filter_madgwick_node-3] [INFO] [1770709606.893920601] [imu_filter]: Parameter RLController.pid_ki_ang set to 0.000000
[imu_filter_madgwick_node-3] [INFO] [1770709606.893985819] [imu_filter]: Parameter RLController.pid_kd_ang set to 0.095346
[imu_filter_madgwick_node-3] [INFO] [1770709607.303188023] [imu_filter]: Parameter RLController.pid_kp_lin set to 1.212761
[imu_filter_madgwick_node-3] [INFO] [1770709607.305178400] [imu_filter]: Parameter RLController.pid_ki_lin set to 0.000000
[imu_filter_madgwick_node-3] [INFO] [1770709607.307789556] [imu_filter]: Parameter RLController.pid_kd_lin set to 0.020004
[imu_filter_madgwick_node-3] [INFO] [1770709607.310669326] [imu_filter]: Parameter RLController.pid_kp_ang set to 1.233640
[imu_filter_madgwick_node-3] [INFO] [1770709607.310855986] [imu_filter]: Parameter RLController.pid_ki_ang set to 0.000000
[imu_filter_madgwick_node-3] [INFO] [1770709607.310925491] [imu_filter]: Parameter RLController.pid_kd_ang set to 0.095346
[imu_filter_madgwick_node-3] [INFO] [1770709607.737234505] [imu_filter]: Parameter RLController.pid_kp_lin set to 1.212761
[imu_filter_madgwick_node-3] [INFO] [1770709607.737611441] [imu_filter]: Parameter RLController.pid_ki_lin set to 0.000000
[imu_filter_madgwick_node-3] [INFO] [1770709607.737707955] [imu_filter]: Parameter RLController.pid_kd_lin set to 0.020004
[imu_filter_madgwick_node-3] [INFO] [1770709607.737782452] [imu_filter]: Parameter RLController.pid_kp_ang set to 1.233640
[imu_filter_madgwick_node-3] [INFO] [1770709607.737852630] [imu_filter]: Parameter RLController.pid_ki_ang set to 0.000000
[imu_filter_madgwick_node-3] [INFO] [1770709607.737919159] [imu_filter]: Parameter RLController.pid_kd_ang set to 0.095346
[imu_filter_madgwick_node-3] [INFO] [1770709608.150096816] [imu_filter]: Parameter RLController.pid_kp_lin set to 1.212761
[imu_filter_madgwick_node-3] [INFO] [1770709608.150315476] [imu_filter]: Parameter RLController.pid_ki_lin set to 0.000000
[imu_filter_madgwick_node-3] [INFO] [1770709608.150402358] [imu_filter]: Parameter RLController.pid_kd_lin set to 0.020003
[imu_filter_madgwick_node-3] [INFO] [1770709608.150492247] [imu_filter]: Parameter RLController.pid_kp_ang set to 1.233640
[imu_filter_madgwick_node-3] [INFO] [1770709608.151031010] [imu_filter]: Parameter RLController.pid_ki_ang set to 0.000000
[imu_filter_madgwick_node-3] [INFO] [1770709608.151144837] [imu_filter]: Parameter RLController.pid_kd_ang set to 0.095346
[imu_filter_madgwick_node-3] [INFO] [1770709608.559438351] [imu_filter]: Parameter RLController.pid_kp_lin set to 1.212761
[imu_filter_madgwick_node-3] [INFO] [1770709608.559642611] [imu_filter]: Parameter RLController.pid_ki_lin set to 0.000000
[imu_filter_madgwick_node-3] [INFO] [1770709608.559716565] [imu_filter]: Parameter RLController.pid_kd_lin set to 0.020002
[imu_filter_madgwick_node-3] [INFO] [1770709608.559785654] [imu_filter]: Parameter RLController.pid_kp_ang set to 1.233640
[imu_filter_madgwick_node-3] [INFO] [1770709608.559848439] [imu_filter]: Parameter RLController.pid_ki_ang set to 0.000000
[imu_filter_madgwick_node-3] [INFO] [1770709608.559912185] [imu_filter]: Parameter RLController.pid_kd_ang set to 0.095346
[imu_filter_madgwick_node-3] [INFO] [1770709609.002289778] [imu_filter]: Parameter RLController.pid_kp_lin set to 1.212761
[imu_filter_madgwick_node-3] [INFO] [1770709609.002623449] [imu_filter]: Parameter RLController.pid_ki_lin set to 0.000000
[imu_filter_madgwick_node-3] [INFO] [1770709609.007399865] [imu_filter]: Parameter RLController.pid_kd_lin set to 0.020002
[imu_filter_madgwick_node-3] [INFO] [1770709609.007847714] [imu_filter]: Parameter RLController.pid_kp_ang set to 1.233640
[imu_filter_madgwick_node-3] [INFO] [1770709609.007952036] [imu_filter]: Parameter RLController.pid_ki_ang set to 0.000000
[imu_filter_madgwick_node-3] [INFO] [1770709609.008026438] [imu_filter]: Parameter RLController.pid_kd_ang set to 0.095346
[imu_filter_madgwick_node-3] [INFO] [1770709609.413821534] [imu_filter]: Parameter RLController.pid_kp_lin set to 1.212761
[imu_filter_madgwick_node-3] [INFO] [1770709609.414010978] [imu_filter]: Parameter RLController.pid_ki_lin set to 0.000000
[imu_filter_madgwick_node-3] [INFO] [1770709609.414088099] [imu_filter]: Parameter RLController.pid_kd_lin set to 0.020002
[imu_filter_madgwick_node-3] [INFO] [1770709609.414151876] [imu_filter]: Parameter RLController.pid_kp_ang set to 1.233640
[imu_filter_madgwick_node-3] [INFO] [1770709609.414221446] [imu_filter]: Parameter RLController.pid_ki_ang set to 0.000000
[imu_filter_madgwick_node-3] [INFO] [1770709609.414289127] [imu_filter]: Parameter RLController.pid_kd_ang set to 0.095346
[imu_filter_madgwick_node-3] [INFO] [1770709609.822438191] [imu_filter]: Parameter RLController.pid_kp_lin set to 1.212761
[imu_filter_madgwick_node-3] [INFO] [1770709609.827180622] [imu_filter]: Parameter RLController.pid_ki_lin set to 0.000000
[imu_filter_madgwick_node-3] [INFO] [1770709609.827616247] [imu_filter]: Parameter RLController.pid_kd_lin set to 0.020001
[imu_filter_madgwick_node-3] [INFO] [1770709609.827719001] [imu_filter]: Parameter RLController.pid_kp_ang set to 1.233640
[imu_filter_madgwick_node-3] [INFO] [1770709609.827875324] [imu_filter]: Parameter RLController.pid_ki_ang set to 0.000000
[imu_filter_madgwick_node-3] [INFO] [1770709609.827951966] [imu_filter]: Parameter RLController.pid_kd_ang set to 0.095346
[imu_filter_madgwick_node-3] [INFO] [1770709610.246533656] [imu_filter]: Parameter RLController.pid_kp_lin set to 1.212761
[imu_filter_madgwick_node-3] [INFO] [1770709610.246887807] [imu_filter]: Parameter RLController.pid_ki_lin set to 0.000000
[imu_filter_madgwick_node-3] [INFO] [1770709610.246974497] [imu_filter]: Parameter RLController.pid_kd_lin set to 0.020001
[imu_filter_madgwick_node-3] [INFO] [1770709610.247052162] [imu_filter]: Parameter RLController.pid_kp_ang set to 1.233640
[imu_filter_madgwick_node-3] [INFO] [1770709610.247116099] [imu_filter]: Parameter RLController.pid_ki_ang set to 0.000000
[imu_filter_madgwick_node-3] [INFO] [1770709610.247178725] [imu_filter]: Parameter RLController.pid_kd_ang set to 0.095346
[imu_filter_madgwick_node-3] [INFO] [1770709610.655447918] [imu_filter]: Parameter RLController.pid_kp_lin set to 1.212761
[imu_filter_madgwick_node-3] [INFO] [1770709610.657614906] [imu_filter]: Parameter RLController.pid_ki_lin set to 0.000000
[imu_filter_madgwick_node-3] [INFO] [1770709610.657852671] [imu_filter]: Parameter RLController.pid_kd_lin set to 0.020001
[imu_filter_madgwick_node-3] [INFO] [1770709610.658086756] [imu_filter]: Parameter RLController.pid_kp_ang set to 1.233640
[imu_filter_madgwick_node-3] [INFO] [1770709610.663676180] [imu_filter]: Parameter RLController.pid_ki_ang set to 0.000000
[imu_filter_madgwick_node-3] [INFO] [1770709610.663960794] [imu_filter]: Parameter RLController.pid_kd_ang set to 0.095346
[imu_filter_madgwick_node-3] [INFO] [1770709611.087868063] [imu_filter]: Parameter RLController.pid_kp_lin set to 1.212761
[imu_filter_madgwick_node-3] [INFO] [1770709611.088111492] [imu_filter]: Parameter RLController.pid_ki_lin set to 0.000000
[imu_filter_madgwick_node-3] [INFO] [1770709611.088287656] [imu_filter]: Parameter RLController.pid_kd_lin set to 0.020001
[imu_filter_madgwick_node-3] [INFO] [1770709611.088365033] [imu_filter]: Parameter RLController.pid_kp_ang set to 1.233640
[imu_filter_madgwick_node-3] [INFO] [1770709611.088574830] [imu_filter]: Parameter RLController.pid_ki_ang set to 0.000000
[imu_filter_madgwick_node-3] [INFO] [1770709611.097691237] [imu_filter]: Parameter RLController.pid_kd_ang set to 0.095346
[imu_filter_madgwick_node-3] [INFO] [1770709611.502338982] [imu_filter]: Parameter RLController.pid_kp_lin set to 1.212761
[imu_filter_madgwick_node-3] [INFO] [1770709611.502540298] [imu_filter]: Parameter RLController.pid_ki_lin set to 0.000000
[imu_filter_madgwick_node-3] [INFO] [1770709611.502615532] [imu_filter]: Parameter RLController.pid_kd_lin set to 0.020001
[imu_filter_madgwick_node-3] [INFO] [1770709611.506352215] [imu_filter]: Parameter RLController.pid_kp_ang set to 1.233640
[imu_filter_madgwick_node-3] [INFO] [1770709611.506544635] [imu_filter]: Parameter RLController.pid_ki_ang set to 0.000000
[imu_filter_madgwick_node-3] [INFO] [1770709611.506618781] [imu_filter]: Parameter RLController.pid_kd_ang set to 0.095346
[imu_filter_madgwick_node-3] [INFO] [1770709611.914049237] [imu_filter]: Parameter RLController.pid_kp_lin set to 1.212761
[imu_filter_madgwick_node-3] [INFO] [1770709611.919925356] [imu_filter]: Parameter RLController.pid_ki_lin set to 0.000000
[imu_filter_madgwick_node-3] [INFO] [1770709611.920277459] [imu_filter]: Parameter RLController.pid_kd_lin set to 0.020000
[imu_filter_madgwick_node-3] [INFO] [1770709611.920404918] [imu_filter]: Parameter RLController.pid_kp_ang set to 1.233640
[imu_filter_madgwick_node-3] [INFO] [1770709611.920586009] [imu_filter]: Parameter RLController.pid_ki_ang set to 0.000000
[imu_filter_madgwick_node-3] [INFO] [1770709611.920662619] [imu_filter]: Parameter RLController.pid_kd_ang set to 0.095346
[imu_filter_madgwick_node-3] [INFO] [1770709612.354353573] [imu_filter]: Parameter RLController.pid_kp_lin set to 1.212761
[imu_filter_madgwick_node-3] [INFO] [1770709612.354578058] [imu_filter]: Parameter RLController.pid_ki_lin set to 0.000000
[imu_filter_madgwick_node-3] [INFO] [1770709612.354650283] [imu_filter]: Parameter RLController.pid_kd_lin set to 0.020000
[imu_filter_madgwick_node-3] [INFO] [1770709612.354722637] [imu_filter]: Parameter RLController.pid_kp_ang set to 1.233640
[imu_filter_madgwick_node-3] [INFO] [1770709612.354786702] [imu_filter]: Parameter RLController.pid_ki_ang set to 0.000000
[imu_filter_madgwick_node-3] [INFO] [1770709612.354846671] [imu_filter]: Parameter RLController.pid_kd_ang set to 0.095346
[imu_filter_madgwick_node-3] [INFO] [1770709612.772788444] [imu_filter]: Parameter RLController.pid_kp_lin set to 1.212761
[imu_filter_madgwick_node-3] [INFO] [1770709612.776908879] [imu_filter]: Parameter RLController.pid_ki_lin set to 0.000000
[imu_filter_madgwick_node-3] [INFO] [1770709612.777111507] [imu_filter]: Parameter RLController.pid_kd_lin set to 0.020000
[imu_filter_madgwick_node-3] [INFO] [1770709612.777191829] [imu_filter]: Parameter RLController.pid_kp_ang set to 1.233640
[imu_filter_madgwick_node-3] [INFO] [1770709612.782504800] [imu_filter]: Parameter RLController.pid_ki_ang set to 0.000000
[imu_filter_madgwick_node-3] [INFO] [1770709612.785717729] [imu_filter]: Parameter RLController.pid_kd_ang set to 0.095346
[imu_filter_madgwick_node-3] [INFO] [1770709613.182531172] [imu_filter]: Parameter RLController.pid_kp_lin set to 1.212761
[imu_filter_madgwick_node-3] [INFO] [1770709613.182774537] [imu_filter]: Parameter RLController.pid_ki_lin set to 0.000000
[imu_filter_madgwick_node-3] [INFO] [1770709613.182863338] [imu_filter]: Parameter RLController.pid_kd_lin set to 0.020000
[imu_filter_madgwick_node-3] [INFO] [1770709613.182931212] [imu_filter]: Parameter RLController.pid_kp_ang set to 1.233640
[imu_filter_madgwick_node-3] [INFO] [1770709613.182991373] [imu_filter]: Parameter RLController.pid_ki_ang set to 0.000000
[imu_filter_madgwick_node-3] [INFO] [1770709613.183051470] [imu_filter]: Parameter RLController.pid_kd_ang set to 0.095346
[imu_filter_madgwick_node-3] [INFO] [1770709613.605013644] [imu_filter]: Parameter RLController.pid_kp_lin set to 1.212761
[imu_filter_madgwick_node-3] [INFO] [1770709613.609919503] [imu_filter]: Parameter RLController.pid_ki_lin set to 0.000000
[imu_filter_madgwick_node-3] [INFO] [1770709613.610244086] [imu_filter]: Parameter RLController.pid_kd_lin set to 0.020000
[imu_filter_madgwick_node-3] [INFO] [1770709613.610326743] [imu_filter]: Parameter RLController.pid_kp_ang set to 1.233640
[imu_filter_madgwick_node-3] [INFO] [1770709613.610387769] [imu_filter]: Parameter RLController.pid_ki_ang set to 0.000000
[imu_filter_madgwick_node-3] [INFO] [1770709613.610449530] [imu_filter]: Parameter RLController.pid_kd_ang set to 0.095346
[imu_filter_madgwick_node-3] [INFO] [1770709614.016127791] [imu_filter]: Parameter RLController.pid_kp_lin set to 1.212761
[imu_filter_madgwick_node-3] [INFO] [1770709614.016341876] [imu_filter]: Parameter RLController.pid_ki_lin set to 0.000000
[imu_filter_madgwick_node-3] [INFO] [1770709614.016419029] [imu_filter]: Parameter RLController.pid_kd_lin set to 0.020000
[imu_filter_madgwick_node-3] [INFO] [1770709614.016491543] [imu_filter]: Parameter RLController.pid_kp_ang set to 1.233640
[imu_filter_madgwick_node-3] [INFO] [1770709614.021408410] [imu_filter]: Parameter RLController.pid_ki_ang set to 0.000000
[imu_filter_madgwick_node-3] [INFO] [1770709614.021733888] [imu_filter]: Parameter RLController.pid_kd_ang set to 0.095346
[imu_filter_madgwick_node-3] [INFO] [1770709614.430347697] [imu_filter]: Parameter RLController.pid_kp_lin set to 1.212761
[imu_filter_madgwick_node-3] [INFO] [1770709614.433206443] [imu_filter]: Parameter RLController.pid_ki_lin set to 0.000000
[imu_filter_madgwick_node-3] [INFO] [1770709614.433388238] [imu_filter]: Parameter RLController.pid_kd_lin set to 0.020000
[imu_filter_madgwick_node-3] [INFO] [1770709614.433464944] [imu_filter]: Parameter RLController.pid_kp_ang set to 1.233640
[imu_filter_madgwick_node-3] [INFO] [1770709614.433563602] [imu_filter]: Parameter RLController.pid_ki_ang set to 0.000000
[imu_filter_madgwick_node-3] [INFO] [1770709614.433628819] [imu_filter]: Parameter RLController.pid_kd_ang set to 0.095346
[imu_filter_madgwick_node-3] [INFO] [1770709614.855660435] [imu_filter]: Parameter RLController.pid_kp_lin set to 1.212761
[imu_filter_madgwick_node-3] [INFO] [1770709614.856003354] [imu_filter]: Parameter RLController.pid_ki_lin set to 0.000000
[imu_filter_madgwick_node-3] [INFO] [1770709614.856084091] [imu_filter]: Parameter RLController.pid_kd_lin set to 0.020000
[imu_filter_madgwick_node-3] [INFO] [1770709614.856156861] [imu_filter]: Parameter RLController.pid_kp_ang set to 1.233640
[imu_filter_madgwick_node-3] [INFO] [1770709614.856222142] [imu_filter]: Parameter RLController.pid_ki_ang set to 0.000000
[imu_filter_madgwick_node-3] [INFO] [1770709614.856406178] [imu_filter]: Parameter RLController.pid_kd_ang set to 0.095346
[imu_filter_madgwick_node-3] [INFO] [1770709615.283690219] [imu_filter]: Parameter RLController.pid_kp_lin set to 1.212761
[imu_filter_madgwick_node-3] [INFO] [1770709615.284029682] [imu_filter]: Parameter RLController.pid_ki_lin set to 0.000000
[imu_filter_madgwick_node-3] [INFO] [1770709615.284145716] [imu_filter]: Parameter RLController.pid_kd_lin set to 0.020000
[imu_filter_madgwick_node-3] [INFO] [1770709615.284249622] [imu_filter]: Parameter RLController.pid_kp_ang set to 1.233640
[imu_filter_madgwick_node-3] [INFO] [1770709615.284318424] [imu_filter]: Parameter RLController.pid_ki_ang set to 0.000000
[imu_filter_madgwick_node-3] [INFO] [1770709615.284381145] [imu_filter]: Parameter RLController.pid_kd_ang set to 0.095346
[imu_filter_madgwick_node-3] [INFO] [1770709615.702397095] [imu_filter]: Parameter RLController.pid_kp_lin set to 1.212761
[imu_filter_madgwick_node-3] [INFO] [1770709615.702765551] [imu_filter]: Parameter RLController.pid_ki_lin set to 0.000000
[imu_filter_madgwick_node-3] [INFO] [1770709615.702879921] [imu_filter]: Parameter RLController.pid_kd_lin set to 0.020000
[imu_filter_madgwick_node-3] [INFO] [1770709615.702955635] [imu_filter]: Parameter RLController.pid_kp_ang set to 1.233640
[imu_filter_madgwick_node-3] [INFO] [1770709615.703022452] [imu_filter]: Parameter RLController.pid_ki_ang set to 0.000000
[imu_filter_madgwick_node-3] [INFO] [1770709615.709901343] [imu_filter]: Parameter RLController.pid_kd_ang set to 0.095346
[imu_filter_madgwick_node-3] [INFO] [1770709616.109001392] [imu_filter]: Parameter RLController.pid_kp_lin set to 1.212761
[imu_filter_madgwick_node-3] [INFO] [1770709616.109221236] [imu_filter]: Parameter RLController.pid_ki_lin set to 0.000000
[imu_filter_madgwick_node-3] [INFO] [1770709616.109297782] [imu_filter]: Parameter RLController.pid_kd_lin set to 0.020000
[imu_filter_madgwick_node-3] [INFO] [1770709616.109362103] [imu_filter]: Parameter RLController.pid_kp_ang set to 1.233640
[imu_filter_madgwick_node-3] [INFO] [1770709616.109424664] [imu_filter]: Parameter RLController.pid_ki_ang set to 0.000000
[imu_filter_madgwick_node-3] [INFO] [1770709616.117095507] [imu_filter]: Parameter RLController.pid_kd_ang set to 0.095346
[imu_filter_madgwick_node-3] [INFO] [1770709616.528708288] [imu_filter]: Parameter RLController.pid_kp_lin set to 1.212761
[imu_filter_madgwick_node-3] [INFO] [1770709616.528907748] [imu_filter]: Parameter RLController.pid_ki_lin set to 0.000000
[imu_filter_madgwick_node-3] [INFO] [1770709616.528992870] [imu_filter]: Parameter RLController.pid_kd_lin set to 0.020000
[imu_filter_madgwick_node-3] [INFO] [1770709616.529072615] [imu_filter]: Parameter RLController.pid_kp_ang set to 1.233640
[imu_filter_madgwick_node-3] [INFO] [1770709616.529138057] [imu_filter]: Parameter RLController.pid_ki_ang set to 0.000000
[imu_filter_madgwick_node-3] [INFO] [1770709616.529201610] [imu_filter]: Parameter RLController.pid_kd_ang set to 0.095346
[imu_filter_madgwick_node-3] [INFO] [1770709616.945840125] [imu_filter]: Parameter RLController.pid_kp_lin set to 1.212761
[imu_filter_madgwick_node-3] [INFO] [1770709616.946066369] [imu_filter]: Parameter RLController.pid_ki_lin set to 0.000000
[imu_filter_madgwick_node-3] [INFO] [1770709616.946139939] [imu_filter]: Parameter RLController.pid_kd_lin set to 0.020000
[imu_filter_madgwick_node-3] [INFO] [1770709616.946214628] [imu_filter]: Parameter RLController.pid_kp_ang set to 1.233640
[imu_filter_madgwick_node-3] [INFO] [1770709616.948609364] [imu_filter]: Parameter RLController.pid_ki_ang set to 0.000000
[imu_filter_madgwick_node-3] [INFO] [1770709616.948808792] [imu_filter]: Parameter RLController.pid_kd_ang set to 0.095346
[imu_filter_madgwick_node-3] [INFO] [1770709617.360316580] [imu_filter]: Parameter RLController.pid_kp_lin set to 1.212761
[imu_filter_madgwick_node-3] [INFO] [1770709617.360707051] [imu_filter]: Parameter RLController.pid_ki_lin set to 0.000000
[imu_filter_madgwick_node-3] [INFO] [1770709617.360805229] [imu_filter]: Parameter RLController.pid_kd_lin set to 0.020000
[imu_filter_madgwick_node-3] [INFO] [1770709617.360871535] [imu_filter]: Parameter RLController.pid_kp_ang set to 1.233640
[imu_filter_madgwick_node-3] [INFO] [1770709617.360935024] [imu_filter]: Parameter RLController.pid_ki_ang set to 0.000000
[imu_filter_madgwick_node-3] [INFO] [1770709617.360995537] [imu_filter]: Parameter RLController.pid_kd_ang set to 0.095346
[imu_filter_madgwick_node-3] [INFO] [1770709617.771639883] [imu_filter]: Parameter RLController.pid_kp_lin set to 1.212761
[imu_filter_madgwick_node-3] [INFO] [1770709617.774814379] [imu_filter]: Parameter RLController.pid_ki_lin set to 0.000000
[imu_filter_madgwick_node-3] [INFO] [1770709617.775009615] [imu_filter]: Parameter RLController.pid_kd_lin set to 0.020000
[imu_filter_madgwick_node-3] [INFO] [1770709617.775092689] [imu_filter]: Parameter RLController.pid_kp_ang set to 1.233640
[imu_filter_madgwick_node-3] [INFO] [1770709617.775172466] [imu_filter]: Parameter RLController.pid_ki_ang set to 0.000000
[imu_filter_madgwick_node-3] [INFO] [1770709617.775235188] [imu_filter]: Parameter RLController.pid_kd_ang set to 0.095346
[imu_filter_madgwick_node-3] [INFO] [1770709618.189681690] [imu_filter]: Parameter RLController.pid_kp_lin set to 1.212761
[imu_filter_madgwick_node-3] [INFO] [1770709618.190009921] [imu_filter]: Parameter RLController.pid_ki_lin set to 0.000000
[imu_filter_madgwick_node-3] [INFO] [1770709618.190104930] [imu_filter]: Parameter RLController.pid_kd_lin set to 0.020000
[imu_filter_madgwick_node-3] [INFO] [1770709618.190177220] [imu_filter]: Parameter RLController.pid_kp_ang set to 1.233640
[imu_filter_madgwick_node-3] [INFO] [1770709618.190237925] [imu_filter]: Parameter RLController.pid_ki_ang set to 0.000000
[imu_filter_madgwick_node-3] [INFO] [1770709618.190310375] [imu_filter]: Parameter RLController.pid_kd_ang set to 0.095346
[imu_filter_madgwick_node-3] [INFO] [1770709618.600465494] [imu_filter]: Parameter RLController.pid_kp_lin set to 1.212761
[imu_filter_madgwick_node-3] [INFO] [1770709618.600713467] [imu_filter]: Parameter RLController.pid_ki_lin set to 0.000000
[imu_filter_madgwick_node-3] [INFO] [1770709618.600844126] [imu_filter]: Parameter RLController.pid_kd_lin set to 0.020000
[imu_filter_madgwick_node-3] [INFO] [1770709618.600918592] [imu_filter]: Parameter RLController.pid_kp_ang set to 1.233640
[imu_filter_madgwick_node-3] [INFO] [1770709618.600984417] [imu_filter]: Parameter RLController.pid_ki_ang set to 0.000000
[imu_filter_madgwick_node-3] [INFO] [1770709618.601053442] [imu_filter]: Parameter RLController.pid_kd_ang set to 0.095346
[imu_filter_madgwick_node-3] [INFO] [1770709619.012287432] [imu_filter]: Parameter RLController.pid_kp_lin set to 1.212761
[imu_filter_madgwick_node-3] [INFO] [1770709619.012513068] [imu_filter]: Parameter RLController.pid_ki_lin set to 0.000000
[imu_filter_madgwick_node-3] [INFO] [1770709619.012590862] [imu_filter]: Parameter RLController.pid_kd_lin set to 0.020000
[imu_filter_madgwick_node-3] [INFO] [1770709619.012657039] [imu_filter]: Parameter RLController.pid_kp_ang set to 1.233640
[imu_filter_madgwick_node-3] [INFO] [1770709619.012720081] [imu_filter]: Parameter RLController.pid_ki_ang set to 0.000000
[imu_filter_madgwick_node-3] [INFO] [1770709619.012783826] [imu_filter]: Parameter RLController.pid_kd_ang set to 0.095346
[imu_filter_madgwick_node-3] [INFO] [1770709619.425660601] [imu_filter]: Parameter RLController.pid_kp_lin set to 1.212761
[imu_filter_madgwick_node-3] [INFO] [1770709619.425876989] [imu_filter]: Parameter RLController.pid_ki_lin set to 0.000000
[imu_filter_madgwick_node-3] [INFO] [1770709619.425965695] [imu_filter]: Parameter RLController.pid_kd_lin set to 0.020000
[imu_filter_madgwick_node-3] [INFO] [1770709619.426038784] [imu_filter]: Parameter RLController.pid_kp_ang set to 1.233640
[imu_filter_madgwick_node-3] [INFO] [1770709619.426104898] [imu_filter]: Parameter RLController.pid_ki_ang set to 0.000000
[imu_filter_madgwick_node-3] [INFO] [1770709619.426169155] [imu_filter]: Parameter RLController.pid_kd_ang set to 0.095346
[imu_filter_madgwick_node-3] [INFO] [1770709619.842219818] [imu_filter]: Parameter RLController.pid_kp_lin set to 1.212761
[imu_filter_madgwick_node-3] [INFO] [1770709619.842420334] [imu_filter]: Parameter RLController.pid_ki_lin set to 0.000000
[imu_filter_madgwick_node-3] [INFO] [1770709619.842496431] [imu_filter]: Parameter RLController.pid_kd_lin set to 0.020000
[imu_filter_madgwick_node-3] [INFO] [1770709619.842571377] [imu_filter]: Parameter RLController.pid_kp_ang set to 1.233640
[imu_filter_madgwick_node-3] [INFO] [1770709619.842637522] [imu_filter]: Parameter RLController.pid_ki_ang set to 0.000000
[imu_filter_madgwick_node-3] [INFO] [1770709619.842697203] [imu_filter]: Parameter RLController.pid_kd_ang set to 0.095346
[imu_filter_madgwick_node-3] [INFO] [1770709620.256540590] [imu_filter]: Parameter RLController.pid_kp_lin set to 1.212761
[imu_filter_madgwick_node-3] [INFO] [1770709620.257248188] [imu_filter]: Parameter RLController.pid_ki_lin set to 0.000000
[imu_filter_madgwick_node-3] [INFO] [1770709620.257392735] [imu_filter]: Parameter RLController.pid_kd_lin set to 0.020000
[imu_filter_madgwick_node-3] [INFO] [1770709620.257470592] [imu_filter]: Parameter RLController.pid_kp_ang set to 1.233640
[imu_filter_madgwick_node-3] [INFO] [1770709620.257586883] [imu_filter]: Parameter RLController.pid_ki_ang set to 0.000000
[imu_filter_madgwick_node-3] [INFO] [1770709620.257656740] [imu_filter]: Parameter RLController.pid_kd_ang set to 0.095346
[imu_filter_madgwick_node-3] [INFO] [1770709620.683090856] [imu_filter]: Parameter RLController.pid_kp_lin set to 1.212761
[imu_filter_madgwick_node-3] [INFO] [1770709620.683828343] [imu_filter]: Parameter RLController.pid_ki_lin set to 0.000000
[imu_filter_madgwick_node-3] [INFO] [1770709620.688767098] [imu_filter]: Parameter RLController.pid_kd_lin set to 0.020000
[imu_filter_madgwick_node-3] [INFO] [1770709620.688996287] [imu_filter]: Parameter RLController.pid_kp_ang set to 1.233640
[imu_filter_madgwick_node-3] [INFO] [1770709620.689067233] [imu_filter]: Parameter RLController.pid_ki_ang set to 0.000000
[imu_filter_madgwick_node-3] [INFO] [1770709620.689128002] [imu_filter]: Parameter RLController.pid_kd_ang set to 0.095346
[imu_filter_madgwick_node-3] [INFO] [1770709621.104572636] [imu_filter]: Parameter RLController.pid_kp_lin set to 1.212761
[imu_filter_madgwick_node-3] [INFO] [1770709621.104944644] [imu_filter]: Parameter RLController.pid_ki_lin set to 0.000000
[imu_filter_madgwick_node-3] [INFO] [1770709621.105118151] [imu_filter]: Parameter RLController.pid_kd_lin set to 0.020000
[imu_filter_madgwick_node-3] [INFO] [1770709621.105311563] [imu_filter]: Parameter RLController.pid_kp_ang set to 1.233640
[imu_filter_madgwick_node-3] [INFO] [1770709621.105381773] [imu_filter]: Parameter RLController.pid_ki_ang set to 0.000000
[imu_filter_madgwick_node-3] [INFO] [1770709621.105447598] [imu_filter]: Parameter RLController.pid_kd_ang set to 0.095346
[imu_filter_madgwick_node-3] [INFO] [1770709621.523688833] [imu_filter]: Parameter RLController.pid_kp_lin set to 1.212761
[imu_filter_madgwick_node-3] [INFO] [1770709621.523892293] [imu_filter]: Parameter RLController.pid_ki_lin set to 0.000000
[imu_filter_madgwick_node-3] [INFO] [1770709621.523976487] [imu_filter]: Parameter RLController.pid_kd_lin set to 0.020000
[imu_filter_madgwick_node-3] [INFO] [1770709621.524048264] [imu_filter]: Parameter RLController.pid_kp_ang set to 1.233640
[imu_filter_madgwick_node-3] [INFO] [1770709621.524105129] [imu_filter]: Parameter RLController.pid_ki_ang set to 0.000000
[imu_filter_madgwick_node-3] [INFO] [1770709621.524161674] [imu_filter]: Parameter RLController.pid_kd_ang set to 0.095346
[imu_filter_madgwick_node-3] [INFO] [1770709621.937041329] [imu_filter]: Parameter RLController.pid_kp_lin set to 1.212761
[imu_filter_madgwick_node-3] [INFO] [1770709621.939495491] [imu_filter]: Parameter RLController.pid_ki_lin set to 0.000000
[imu_filter_madgwick_node-3] [INFO] [1770709621.939688647] [imu_filter]: Parameter RLController.pid_kd_lin set to 0.020000
[imu_filter_madgwick_node-3] [INFO] [1770709621.939771848] [imu_filter]: Parameter RLController.pid_kp_ang set to 1.233640
[imu_filter_madgwick_node-3] [INFO] [1770709621.939832681] [imu_filter]: Parameter RLController.pid_ki_ang set to 0.000000
[imu_filter_madgwick_node-3] [INFO] [1770709621.939945804] [imu_filter]: Parameter RLController.pid_kd_ang set to 0.095346
[imu_filter_madgwick_node-3] [INFO] [1770709622.361722342] [imu_filter]: Parameter RLController.pid_kp_lin set to 1.212761
[imu_filter_madgwick_node-3] [INFO] [1770709622.363904274] [imu_filter]: Parameter RLController.pid_ki_lin set to 0.000000
[imu_filter_madgwick_node-3] [INFO] [1770709622.364225912] [imu_filter]: Parameter RLController.pid_kd_lin set to 0.020000
[imu_filter_madgwick_node-3] [INFO] [1770709622.364312698] [imu_filter]: Parameter RLController.pid_kp_ang set to 1.233640
[imu_filter_madgwick_node-3] [INFO] [1770709622.364373435] [imu_filter]: Parameter RLController.pid_ki_ang set to 0.000000
[imu_filter_madgwick_node-3] [INFO] [1770709622.364433853] [imu_filter]: Parameter RLController.pid_kd_ang set to 0.095346
[imu_filter_madgwick_node-3] [INFO] [1770709622.782865587] [imu_filter]: Parameter RLController.pid_kp_lin set to 1.212761
[imu_filter_madgwick_node-3] [INFO] [1770709622.783165433] [imu_filter]: Parameter RLController.pid_ki_lin set to 0.000000
[imu_filter_madgwick_node-3] [INFO] [1770709622.783259899] [imu_filter]: Parameter RLController.pid_kd_lin set to 0.020000
[imu_filter_madgwick_node-3] [INFO] [1770709622.783330813] [imu_filter]: Parameter RLController.pid_kp_ang set to 1.233640
[imu_filter_madgwick_node-3] [INFO] [1770709622.787031015] [imu_filter]: Parameter RLController.pid_ki_ang set to 0.000000
[imu_filter_madgwick_node-3] [INFO] [1770709622.787559602] [imu_filter]: Parameter RLController.pid_kd_ang set to 0.095346
[imu_filter_madgwick_node-3] [INFO] [1770709623.197303226] [imu_filter]: Parameter RLController.pid_kp_lin set to 1.212761
[imu_filter_madgwick_node-3] [INFO] [1770709623.197566783] [imu_filter]: Parameter RLController.pid_ki_lin set to 0.000000
[imu_filter_madgwick_node-3] [INFO] [1770709623.197656481] [imu_filter]: Parameter RLController.pid_kd_lin set to 0.020000
[imu_filter_madgwick_node-3] [INFO] [1770709623.197720450] [imu_filter]: Parameter RLController.pid_kp_ang set to 1.233640
[imu_filter_madgwick_node-3] [INFO] [1770709623.200306550] [imu_filter]: Parameter RLController.pid_ki_ang set to 0.000000
[imu_filter_madgwick_node-3] [INFO] [1770709623.200439225] [imu_filter]: Parameter RLController.pid_kd_ang set to 0.095346
[imu_filter_madgwick_node-3] [INFO] [1770709623.622511865] [imu_filter]: Parameter RLController.pid_kp_lin set to 1.212761
[imu_filter_madgwick_node-3] [INFO] [1770709623.622725501] [imu_filter]: Parameter RLController.pid_ki_lin set to 0.000000
[imu_filter_madgwick_node-3] [INFO] [1770709623.622803615] [imu_filter]: Parameter RLController.pid_kd_lin set to 0.020000
[imu_filter_madgwick_node-3] [INFO] [1770709623.622875040] [imu_filter]: Parameter RLController.pid_kp_ang set to 1.233640
[imu_filter_madgwick_node-3] [INFO] [1770709623.626871825] [imu_filter]: Parameter RLController.pid_ki_ang set to 0.000000
[imu_filter_madgwick_node-3] [INFO] [1770709623.627183351] [imu_filter]: Parameter RLController.pid_kd_ang set to 0.095346
[imu_filter_madgwick_node-3] [INFO] [1770709624.039056298] [imu_filter]: Parameter RLController.pid_kp_lin set to 1.212761
[imu_filter_madgwick_node-3] [INFO] [1770709624.039403697] [imu_filter]: Parameter RLController.pid_ki_lin set to 0.000000
[imu_filter_madgwick_node-3] [INFO] [1770709624.039489171] [imu_filter]: Parameter RLController.pid_kd_lin set to 0.020000
[imu_filter_madgwick_node-3] [INFO] [1770709624.039559924] [imu_filter]: Parameter RLController.pid_kp_ang set to 1.233640
[imu_filter_madgwick_node-3] [INFO] [1770709624.039735832] [imu_filter]: Parameter RLController.pid_ki_ang set to 0.000000
[imu_filter_madgwick_node-3] [INFO] [1770709624.039800217] [imu_filter]: Parameter RLController.pid_kd_ang set to 0.095346
[imu_filter_madgwick_node-3] [INFO] [1770709624.455992738] [imu_filter]: Parameter RLController.pid_kp_lin set to 1.212761
[imu_filter_madgwick_node-3] [INFO] [1770709624.457386975] [imu_filter]: Parameter RLController.pid_ki_lin set to 0.000000
[imu_filter_madgwick_node-3] [INFO] [1770709624.457585763] [imu_filter]: Parameter RLController.pid_kd_lin set to 0.020000
[imu_filter_madgwick_node-3] [INFO] [1770709624.457668772] [imu_filter]: Parameter RLController.pid_kp_ang set to 1.233640
[imu_filter_madgwick_node-3] [INFO] [1770709624.457730757] [imu_filter]: Parameter RLController.pid_ki_ang set to 0.000000
[imu_filter_madgwick_node-3] [INFO] [1770709624.457793191] [imu_filter]: Parameter RLController.pid_kd_ang set to 0.095346
[imu_filter_madgwick_node-3] [INFO] [1770709624.871756963] [imu_filter]: Parameter RLController.pid_kp_lin set to 1.212761
[imu_filter_madgwick_node-3] [INFO] [1770709624.879567809] [imu_filter]: Parameter RLController.pid_ki_lin set to 0.000000
[imu_filter_madgwick_node-3] [INFO] [1770709624.879910440] [imu_filter]: Parameter RLController.pid_kd_lin set to 0.020000
[imu_filter_madgwick_node-3] [INFO] [1770709624.879998090] [imu_filter]: Parameter RLController.pid_kp_ang set to 1.233640
[imu_filter_madgwick_node-3] [INFO] [1770709624.880065483] [imu_filter]: Parameter RLController.pid_ki_ang set to 0.000000
[imu_filter_madgwick_node-3] [INFO] [1770709624.880127244] [imu_filter]: Parameter RLController.pid_kd_ang set to 0.095346
[imu_filter_madgwick_node-3] [INFO] [1770709625.302975356] [imu_filter]: Parameter RLController.pid_kp_lin set to 1.212761
[imu_filter_madgwick_node-3] [INFO] [1770709625.303289794] [imu_filter]: Parameter RLController.pid_ki_lin set to 0.000000
[imu_filter_madgwick_node-3] [INFO] [1770709625.303377956] [imu_filter]: Parameter RLController.pid_kd_lin set to 0.020000
[imu_filter_madgwick_node-3] [INFO] [1770709625.303444037] [imu_filter]: Parameter RLController.pid_kp_ang set to 1.233640
[imu_filter_madgwick_node-3] [INFO] [1770709625.303507239] [imu_filter]: Parameter RLController.pid_ki_ang set to 0.000000
[imu_filter_madgwick_node-3] [INFO] [1770709625.303570696] [imu_filter]: Parameter RLController.pid_kd_ang set to 0.095346
[imu_filter_madgwick_node-3] [INFO] [1770709625.708661234] [imu_filter]: Parameter RLController.pid_kp_lin set to 1.212761
[imu_filter_madgwick_node-3] [INFO] [1770709625.710598105] [imu_filter]: Parameter RLController.pid_ki_lin set to 0.000000
[imu_filter_madgwick_node-3] [INFO] [1770709625.710792317] [imu_filter]: Parameter RLController.pid_kd_lin set to 0.020000
[imu_filter_madgwick_node-3] [INFO] [1770709625.710881343] [imu_filter]: Parameter RLController.pid_kp_ang set to 1.233640
[imu_filter_madgwick_node-3] [INFO] [1770709625.710949856] [imu_filter]: Parameter RLController.pid_ki_ang set to 0.000000
[imu_filter_madgwick_node-3] [INFO] [1770709625.711018337] [imu_filter]: Parameter RLController.pid_kd_ang set to 0.095346
[imu_filter_madgwick_node-3] [INFO] [1770709626.122155397] [imu_filter]: Parameter RLController.pid_kp_lin set to 1.212761
[imu_filter_madgwick_node-3] [INFO] [1770709626.122384874] [imu_filter]: Parameter RLController.pid_ki_lin set to 0.000000
[imu_filter_madgwick_node-3] [INFO] [1770709626.122467307] [imu_filter]: Parameter RLController.pid_kd_lin set to 0.020000
[imu_filter_madgwick_node-3] [INFO] [1770709626.122538957] [imu_filter]: Parameter RLController.pid_kp_ang set to 1.233640
[imu_filter_madgwick_node-3] [INFO] [1770709626.122601390] [imu_filter]: Parameter RLController.pid_ki_ang set to 0.000000
[imu_filter_madgwick_node-3] [INFO] [1770709626.122658959] [imu_filter]: Parameter RLController.pid_kd_ang set to 0.095346
[imu_filter_madgwick_node-3] [INFO] [1770709626.543167127] [imu_filter]: Parameter RLController.pid_kp_lin set to 1.212761
[imu_filter_madgwick_node-3] [INFO] [1770709626.543367707] [imu_filter]: Parameter RLController.pid_ki_lin set to 0.000000
[imu_filter_madgwick_node-3] [INFO] [1770709626.543449148] [imu_filter]: Parameter RLController.pid_kd_lin set to 0.020000
[imu_filter_madgwick_node-3] [INFO] [1770709626.543518910] [imu_filter]: Parameter RLController.pid_kp_ang set to 1.233640
[imu_filter_madgwick_node-3] [INFO] [1770709626.543582335] [imu_filter]: Parameter RLController.pid_ki_ang set to 0.000000
[imu_filter_madgwick_node-3] [INFO] [1770709626.543644864] [imu_filter]: Parameter RLController.pid_kd_ang set to 0.095346
[imu_filter_madgwick_node-3] [INFO] [1770709626.975571452] [imu_filter]: Parameter RLController.pid_kp_lin set to 1.212761
[imu_filter_madgwick_node-3] [INFO] [1770709626.975776576] [imu_filter]: Parameter RLController.pid_ki_lin set to 0.000000
[imu_filter_madgwick_node-3] [INFO] [1770709626.975851937] [imu_filter]: Parameter RLController.pid_kd_lin set to 0.020000
[imu_filter_madgwick_node-3] [INFO] [1770709626.975921699] [imu_filter]: Parameter RLController.pid_kp_ang set to 1.233640
[imu_filter_madgwick_node-3] [INFO] [1770709626.975981892] [imu_filter]: Parameter RLController.pid_ki_ang set to 0.000000
[imu_filter_madgwick_node-3] [INFO] [1770709626.976043621] [imu_filter]: Parameter RLController.pid_kd_ang set to 0.095346
[imu_filter_madgwick_node-3] [INFO] [1770709627.383174536] [imu_filter]: Parameter RLController.pid_kp_lin set to 1.212761
[imu_filter_madgwick_node-3] [INFO] [1770709627.383398924] [imu_filter]: Parameter RLController.pid_ki_lin set to 0.000000
[imu_filter_madgwick_node-3] [INFO] [1770709627.383490862] [imu_filter]: Parameter RLController.pid_kd_lin set to 0.020000
[imu_filter_madgwick_node-3] [INFO] [1770709627.383563952] [imu_filter]: Parameter RLController.pid_kp_ang set to 1.233640
[imu_filter_madgwick_node-3] [INFO] [1770709627.383626193] [imu_filter]: Parameter RLController.pid_ki_ang set to 0.000000
[imu_filter_madgwick_node-3] [INFO] [1770709627.383685906] [imu_filter]: Parameter RLController.pid_kd_ang set to 0.095346
[imu_filter_madgwick_node-3] [INFO] [1770709627.803541944] [imu_filter]: Parameter RLController.pid_kp_lin set to 1.212761
[imu_filter_madgwick_node-3] [INFO] [1770709627.806232975] [imu_filter]: Parameter RLController.pid_ki_lin set to 0.000000
[imu_filter_madgwick_node-3] [INFO] [1770709627.806566678] [imu_filter]: Parameter RLController.pid_kd_lin set to 0.020000
[imu_filter_madgwick_node-3] [INFO] [1770709627.806652439] [imu_filter]: Parameter RLController.pid_kp_ang set to 1.233640
[imu_filter_madgwick_node-3] [INFO] [1770709627.806715641] [imu_filter]: Parameter RLController.pid_ki_ang set to 0.000000
[imu_filter_madgwick_node-3] [INFO] [1770709627.806778586] [imu_filter]: Parameter RLController.pid_kd_ang set to 0.095346
[imu_filter_madgwick_node-3] [INFO] [1770709628.222779057] [imu_filter]: Parameter RLController.pid_kp_lin set to 1.212761
[imu_filter_madgwick_node-3] [INFO] [1770709628.223008886] [imu_filter]: Parameter RLController.pid_ki_lin set to 0.000000
[imu_filter_madgwick_node-3] [INFO] [1770709628.223097111] [imu_filter]: Parameter RLController.pid_kd_lin set to 0.020000
[imu_filter_madgwick_node-3] [INFO] [1770709628.223162873] [imu_filter]: Parameter RLController.pid_kp_ang set to 1.233640
[imu_filter_madgwick_node-3] [INFO] [1770709628.223223386] [imu_filter]: Parameter RLController.pid_ki_ang set to 0.000000
[imu_filter_madgwick_node-3] [INFO] [1770709628.223282715] [imu_filter]: Parameter RLController.pid_kd_ang set to 0.095346
[imu_filter_madgwick_node-3] [INFO] [1770709628.674159512] [imu_filter]: Parameter RLController.pid_kp_lin set to 1.212761
[imu_filter_madgwick_node-3] [INFO] [1770709628.674391197] [imu_filter]: Parameter RLController.pid_ki_lin set to 0.000000
[imu_filter_madgwick_node-3] [INFO] [1770709628.674481023] [imu_filter]: Parameter RLController.pid_kd_lin set to 0.020000
[imu_filter_madgwick_node-3] [INFO] [1770709628.674552897] [imu_filter]: Parameter RLController.pid_kp_ang set to 1.233640
[imu_filter_madgwick_node-3] [INFO] [1770709628.674616610] [imu_filter]: Parameter RLController.pid_ki_ang set to 0.000000
[imu_filter_madgwick_node-3] [INFO] [1770709628.674679235] [imu_filter]: Parameter RLController.pid_kd_ang set to 0.095346
[imu_filter_madgwick_node-3] [INFO] [1770709629.096888089] [imu_filter]: Parameter RLController.pid_kp_lin set to 1.212761
[imu_filter_madgwick_node-3] [INFO] [1770709629.097108509] [imu_filter]: Parameter RLController.pid_ki_lin set to 0.000000
[imu_filter_madgwick_node-3] [INFO] [1770709629.097189791] [imu_filter]: Parameter RLController.pid_kd_lin set to 0.020000
[imu_filter_madgwick_node-3] [INFO] [1770709629.097256320] [imu_filter]: Parameter RLController.pid_kp_ang set to 1.233640
[imu_filter_madgwick_node-3] [INFO] [1770709629.097327106] [imu_filter]: Parameter RLController.pid_ki_ang set to 0.000000
[imu_filter_madgwick_node-3] [INFO] [1770709629.097388131] [imu_filter]: Parameter RLController.pid_kd_ang set to 0.095346
[imu_filter_madgwick_node-3] [INFO] [1770709629.509186564] [imu_filter]: Parameter RLController.pid_kp_lin set to 1.212761
[imu_filter_madgwick_node-3] [INFO] [1770709629.509448298] [imu_filter]: Parameter RLController.pid_ki_lin set to 0.000000
[imu_filter_madgwick_node-3] [INFO] [1770709629.509553452] [imu_filter]: Parameter RLController.pid_kd_lin set to 0.020000
[imu_filter_madgwick_node-3] [INFO] [1770709629.509623629] [imu_filter]: Parameter RLController.pid_kp_ang set to 1.233640
[imu_filter_madgwick_node-3] [INFO] [1770709629.509695503] [imu_filter]: Parameter RLController.pid_ki_ang set to 0.000000
[imu_filter_madgwick_node-3] [INFO] [1770709629.509759024] [imu_filter]: Parameter RLController.pid_kd_ang set to 0.095346
[imu_filter_madgwick_node-3] [INFO] [1770709629.927461546] [imu_filter]: Parameter RLController.pid_kp_lin set to 1.212761
[imu_filter_madgwick_node-3] [INFO] [1770709629.927800785] [imu_filter]: Parameter RLController.pid_ki_lin set to 0.000000
[imu_filter_madgwick_node-3] [INFO] [1770709629.927884562] [imu_filter]: Parameter RLController.pid_kd_lin set to 0.020000
[imu_filter_madgwick_node-3] [INFO] [1770709629.927950484] [imu_filter]: Parameter RLController.pid_kp_ang set to 1.233640
[imu_filter_madgwick_node-3] [INFO] [1770709629.928013781] [imu_filter]: Parameter RLController.pid_ki_ang set to 0.000000
[imu_filter_madgwick_node-3] [INFO] [1770709629.928074550] [imu_filter]: Parameter RLController.pid_kd_ang set to 0.095346
[imu_filter_madgwick_node-3] [INFO] [1770709630.342041956] [imu_filter]: Parameter RLController.pid_kp_lin set to 1.212761
[imu_filter_madgwick_node-3] [INFO] [1770709630.342364811] [imu_filter]: Parameter RLController.pid_ki_lin set to 0.000000
[imu_filter_madgwick_node-3] [INFO] [1770709630.349574589] [imu_filter]: Parameter RLController.pid_kd_lin set to 0.020000
[imu_filter_madgwick_node-3] [INFO] [1770709630.349769793] [imu_filter]: Parameter RLController.pid_kp_ang set to 1.233640
[imu_filter_madgwick_node-3] [INFO] [1770709630.349861347] [imu_filter]: Parameter RLController.pid_ki_ang set to 0.000000
[imu_filter_madgwick_node-3] [INFO] [1770709630.349930117] [imu_filter]: Parameter RLController.pid_kd_ang set to 0.095346
[imu_filter_madgwick_node-3] [INFO] [1770709630.756140980] [imu_filter]: Parameter RLController.pid_kp_lin set to 1.212761
[imu_filter_madgwick_node-3] [INFO] [1770709630.756331736] [imu_filter]: Parameter RLController.pid_ki_lin set to 0.000000
[imu_filter_madgwick_node-3] [INFO] [1770709630.756405210] [imu_filter]: Parameter RLController.pid_kd_lin set to 0.020000
[imu_filter_madgwick_node-3] [INFO] [1770709630.756468155] [imu_filter]: Parameter RLController.pid_kp_ang set to 1.233640
[imu_filter_madgwick_node-3] [INFO] [1770709630.756530300] [imu_filter]: Parameter RLController.pid_ki_ang set to 0.000000
[imu_filter_madgwick_node-3] [INFO] [1770709630.756589213] [imu_filter]: Parameter RLController.pid_kd_ang set to 0.095346
[imu_filter_madgwick_node-3] [INFO] [1770709631.166900961] [imu_filter]: Parameter RLController.pid_kp_lin set to 1.212761
[imu_filter_madgwick_node-3] [INFO] [1770709631.167800179] [imu_filter]: Parameter RLController.pid_ki_lin set to 0.000000
[imu_filter_madgwick_node-3] [INFO] [1770709631.167946582] [imu_filter]: Parameter RLController.pid_kd_lin set to 0.020000
[imu_filter_madgwick_node-3] [INFO] [1770709631.168018103] [imu_filter]: Parameter RLController.pid_kp_ang set to 1.233640
[imu_filter_madgwick_node-3] [INFO] [1770709631.168081849] [imu_filter]: Parameter RLController.pid_ki_ang set to 0.000000
[imu_filter_madgwick_node-3] [INFO] [1770709631.168139482] [imu_filter]: Parameter RLController.pid_kd_ang set to 0.095346
[imu_filter_madgwick_node-3] [INFO] [1770709631.583940781] [imu_filter]: Parameter RLController.pid_kp_lin set to 1.212761
[imu_filter_madgwick_node-3] [INFO] [1770709631.584140433] [imu_filter]: Parameter RLController.pid_ki_lin set to 0.000000
[imu_filter_madgwick_node-3] [INFO] [1770709631.584217267] [imu_filter]: Parameter RLController.pid_kd_lin set to 0.020000
[imu_filter_madgwick_node-3] [INFO] [1770709631.584283924] [imu_filter]: Parameter RLController.pid_kp_ang set to 1.233640
[imu_filter_madgwick_node-3] [INFO] [1770709631.584351445] [imu_filter]: Parameter RLController.pid_ki_ang set to 0.000000
[imu_filter_madgwick_node-3] [INFO] [1770709631.584414871] [imu_filter]: Parameter RLController.pid_kd_ang set to 0.095346
[imu_filter_madgwick_node-3] [INFO] [1770709631.995751439] [imu_filter]: Parameter RLController.pid_kp_lin set to 1.212761
[imu_filter_madgwick_node-3] [INFO] [1770709631.996109686] [imu_filter]: Parameter RLController.pid_ki_lin set to 0.000000
[imu_filter_madgwick_node-3] [INFO] [1770709631.996211224] [imu_filter]: Parameter RLController.pid_kd_lin set to 0.020000
[imu_filter_madgwick_node-3] [INFO] [1770709631.996282938] [imu_filter]: Parameter RLController.pid_kp_ang set to 1.233640
[imu_filter_madgwick_node-3] [INFO] [1770709631.996344795] [imu_filter]: Parameter RLController.pid_ki_ang set to 0.000000
[imu_filter_madgwick_node-3] [INFO] [1770709631.996403644] [imu_filter]: Parameter RLController.pid_kd_ang set to 0.095346
[imu_filter_madgwick_node-3] [INFO] [1770709632.409623931] [imu_filter]: Parameter RLController.pid_kp_lin set to 1.212761
[imu_filter_madgwick_node-3] [INFO] [1770709632.409836415] [imu_filter]: Parameter RLController.pid_ki_lin set to 0.000000
[imu_filter_madgwick_node-3] [INFO] [1770709632.409913184] [imu_filter]: Parameter RLController.pid_kd_lin set to 0.020000
[imu_filter_madgwick_node-3] [INFO] [1770709632.409993186] [imu_filter]: Parameter RLController.pid_kp_ang set to 1.233640
[imu_filter_madgwick_node-3] [INFO] [1770709632.410059843] [imu_filter]: Parameter RLController.pid_ki_ang set to 0.000000
[imu_filter_madgwick_node-3] [INFO] [1770709632.410123365] [imu_filter]: Parameter RLController.pid_kd_ang set to 0.095346
[imu_filter_madgwick_node-3] [INFO] [1770709632.837794313] [imu_filter]: Parameter RLController.pid_kp_lin set to 1.212761
[imu_filter_madgwick_node-3] [INFO] [1770709632.837992366] [imu_filter]: Parameter RLController.pid_ki_lin set to 0.000000
[imu_filter_madgwick_node-3] [INFO] [1770709632.838060015] [imu_filter]: Parameter RLController.pid_kd_lin set to 0.020000
[imu_filter_madgwick_node-3] [INFO] [1770709632.838126768] [imu_filter]: Parameter RLController.pid_kp_ang set to 1.233640
[imu_filter_madgwick_node-3] [INFO] [1770709632.838187826] [imu_filter]: Parameter RLController.pid_ki_ang set to 0.000000
[imu_filter_madgwick_node-3] [INFO] [1770709632.838250835] [imu_filter]: Parameter RLController.pid_kd_ang set to 0.095346
[imu_filter_madgwick_node-3] [INFO] [1770709633.256456119] [imu_filter]: Parameter RLController.pid_kp_lin set to 1.212761
[imu_filter_madgwick_node-3] [INFO] [1770709633.256851935] [imu_filter]: Parameter RLController.pid_ki_lin set to 0.000000
[imu_filter_madgwick_node-3] [INFO] [1770709633.256960705] [imu_filter]: Parameter RLController.pid_kd_lin set to 0.020000
[imu_filter_madgwick_node-3] [INFO] [1770709633.257143973] [imu_filter]: Parameter RLController.pid_kp_ang set to 1.233640
[imu_filter_madgwick_node-3] [INFO] [1770709633.257216134] [imu_filter]: Parameter RLController.pid_ki_ang set to 0.000000
[imu_filter_madgwick_node-3] [INFO] [1770709633.257285736] [imu_filter]: Parameter RLController.pid_kd_ang set to 0.095346
[imu_filter_madgwick_node-3] [INFO] [1770709633.663959521] [imu_filter]: Parameter RLController.pid_kp_lin set to 1.212761
[imu_filter_madgwick_node-3] [INFO] [1770709633.664184357] [imu_filter]: Parameter RLController.pid_ki_lin set to 0.000000
[imu_filter_madgwick_node-3] [INFO] [1770709633.664261063] [imu_filter]: Parameter RLController.pid_kd_lin set to 0.020000
[imu_filter_madgwick_node-3] [INFO] [1770709633.664325352] [imu_filter]: Parameter RLController.pid_kp_ang set to 1.233640
[imu_filter_madgwick_node-3] [INFO] [1770709633.664385450] [imu_filter]: Parameter RLController.pid_ki_ang set to 0.000000
[imu_filter_madgwick_node-3] [INFO] [1770709633.664457355] [imu_filter]: Parameter RLController.pid_kd_ang set to 0.095346
[imu_filter_madgwick_node-3] [INFO] [1770709634.074145890] [imu_filter]: Parameter RLController.pid_kp_lin set to 1.212761
[imu_filter_madgwick_node-3] [INFO] [1770709634.074543754] [imu_filter]: Parameter RLController.pid_ki_lin set to 0.000000
[imu_filter_madgwick_node-3] [INFO] [1770709634.074689421] [imu_filter]: Parameter RLController.pid_kd_lin set to 0.020000
[imu_filter_madgwick_node-3] [INFO] [1770709634.074762702] [imu_filter]: Parameter RLController.pid_kp_ang set to 1.233640
[imu_filter_madgwick_node-3] [INFO] [1770709634.074877104] [imu_filter]: Parameter RLController.pid_ki_ang set to 0.000000
[imu_filter_madgwick_node-3] [INFO] [1770709634.074946130] [imu_filter]: Parameter RLController.pid_kd_ang set to 0.095346
[imu_filter_madgwick_node-3] [INFO] [1770709634.498886187] [imu_filter]: Parameter RLController.pid_kp_lin set to 1.212761
[imu_filter_madgwick_node-3] [INFO] [1770709634.499205713] [imu_filter]: Parameter RLController.pid_ki_lin set to 0.000000
[imu_filter_madgwick_node-3] [INFO] [1770709634.499318067] [imu_filter]: Parameter RLController.pid_kd_lin set to 0.020000
[imu_filter_madgwick_node-3] [INFO] [1770709634.499392213] [imu_filter]: Parameter RLController.pid_kp_ang set to 1.233640
[imu_filter_madgwick_node-3] [INFO] [1770709634.499454934] [imu_filter]: Parameter RLController.pid_ki_ang set to 0.000000
[imu_filter_madgwick_node-3] [INFO] [1770709634.499515575] [imu_filter]: Parameter RLController.pid_kd_ang set to 0.095346
[imu_filter_madgwick_node-3] [INFO] [1770709634.909454227] [imu_filter]: Parameter RLController.pid_kp_lin set to 1.212761
[imu_filter_madgwick_node-3] [INFO] [1770709634.909690712] [imu_filter]: Parameter RLController.pid_ki_lin set to 0.000000
[imu_filter_madgwick_node-3] [INFO] [1770709634.909762361] [imu_filter]: Parameter RLController.pid_kd_lin set to 0.020000
[imu_filter_madgwick_node-3] [INFO] [1770709634.909829595] [imu_filter]: Parameter RLController.pid_kp_ang set to 1.233640
[imu_filter_madgwick_node-3] [INFO] [1770709634.909883164] [imu_filter]: Parameter RLController.pid_ki_ang set to 0.000000
[imu_filter_madgwick_node-3] [INFO] [1770709634.913181823] [imu_filter]: Parameter RLController.pid_kd_ang set to 0.095346
[imu_filter_madgwick_node-3] [INFO] [1770709635.331621448] [imu_filter]: Parameter RLController.pid_kp_lin set to 1.212761
[imu_filter_madgwick_node-3] [INFO] [1770709635.331855789] [imu_filter]: Parameter RLController.pid_ki_lin set to 0.000000
[imu_filter_madgwick_node-3] [INFO] [1770709635.331930542] [imu_filter]: Parameter RLController.pid_kd_lin set to 0.020000
[imu_filter_madgwick_node-3] [INFO] [1770709635.331995983] [imu_filter]: Parameter RLController.pid_kp_ang set to 1.233640
[imu_filter_madgwick_node-3] [INFO] [1770709635.332056849] [imu_filter]: Parameter RLController.pid_ki_ang set to 0.000000
[imu_filter_madgwick_node-3] [INFO] [1770709635.332121010] [imu_filter]: Parameter RLController.pid_kd_ang set to 0.095346
[imu_filter_madgwick_node-3] [INFO] [1770709635.753831229] [imu_filter]: Parameter RLController.pid_kp_lin set to 1.212761
[imu_filter_madgwick_node-3] [INFO] [1770709635.754028897] [imu_filter]: Parameter RLController.pid_ki_lin set to 0.000000
[imu_filter_madgwick_node-3] [INFO] [1770709635.754101219] [imu_filter]: Parameter RLController.pid_kd_lin set to 0.020000
[imu_filter_madgwick_node-3] [INFO] [1770709635.757198722] [imu_filter]: Parameter RLController.pid_kp_ang set to 1.233640
[imu_filter_madgwick_node-3] [INFO] [1770709635.757407558] [imu_filter]: Parameter RLController.pid_ki_ang set to 0.000000
[imu_filter_madgwick_node-3] [INFO] [1770709635.757517512] [imu_filter]: Parameter RLController.pid_kd_ang set to 0.095346
[imu_filter_madgwick_node-3] [INFO] [1770709636.173601665] [imu_filter]: Parameter RLController.pid_kp_lin set to 1.212761
[imu_filter_madgwick_node-3] [INFO] [1770709636.173836614] [imu_filter]: Parameter RLController.pid_ki_lin set to 0.000000
[imu_filter_madgwick_node-3] [INFO] [1770709636.173913416] [imu_filter]: Parameter RLController.pid_kd_lin set to 0.020000
[imu_filter_madgwick_node-3] [INFO] [1770709636.173981801] [imu_filter]: Parameter RLController.pid_kp_ang set to 1.233640
[imu_filter_madgwick_node-3] [INFO] [1770709636.174153581] [imu_filter]: Parameter RLController.pid_ki_ang set to 0.000000
[imu_filter_madgwick_node-3] [INFO] [1770709636.174219918] [imu_filter]: Parameter RLController.pid_kd_ang set to 0.095346
[imu_filter_madgwick_node-3] [INFO] [1770709636.591269978] [imu_filter]: Parameter RLController.pid_kp_lin set to 1.212761
[imu_filter_madgwick_node-3] [INFO] [1770709636.596876685] [imu_filter]: Parameter RLController.pid_ki_lin set to 0.000000
[imu_filter_madgwick_node-3] [INFO] [1770709636.602218649] [imu_filter]: Parameter RLController.pid_kd_lin set to 0.020000
[imu_filter_madgwick_node-3] [INFO] [1770709636.602421341] [imu_filter]: Parameter RLController.pid_kp_ang set to 1.233640
[imu_filter_madgwick_node-3] [INFO] [1770709636.602504735] [imu_filter]: Parameter RLController.pid_ki_ang set to 0.000000
[imu_filter_madgwick_node-3] [INFO] [1770709636.602570880] [imu_filter]: Parameter RLController.pid_kd_ang set to 0.095346
[imu_filter_madgwick_node-3] [INFO] [1770709637.006816040] [imu_filter]: Parameter RLController.pid_kp_lin set to 1.212761
[imu_filter_madgwick_node-3] [INFO] [1770709637.007209488] [imu_filter]: Parameter RLController.pid_ki_lin set to 0.000000
[imu_filter_madgwick_node-3] [INFO] [1770709637.007307762] [imu_filter]: Parameter RLController.pid_kd_lin set to 0.020000
[imu_filter_madgwick_node-3] [INFO] [1770709637.007383764] [imu_filter]: Parameter RLController.pid_kp_ang set to 1.233640
[imu_filter_madgwick_node-3] [INFO] [1770709637.007447925] [imu_filter]: Parameter RLController.pid_ki_ang set to 0.000000
[imu_filter_madgwick_node-3] [INFO] [1770709637.007510678] [imu_filter]: Parameter RLController.pid_kd_ang set to 0.095346
[imu_filter_madgwick_node-3] [INFO] [1770709637.424999532] [imu_filter]: Parameter RLController.pid_kp_lin set to 1.212761
[imu_filter_madgwick_node-3] [INFO] [1770709637.425201616] [imu_filter]: Parameter RLController.pid_ki_lin set to 0.000000
[imu_filter_madgwick_node-3] [INFO] [1770709637.425274449] [imu_filter]: Parameter RLController.pid_kd_lin set to 0.020000
[imu_filter_madgwick_node-3] [INFO] [1770709637.425349491] [imu_filter]: Parameter RLController.pid_kp_ang set to 1.233640
[imu_filter_madgwick_node-3] [INFO] [1770709637.425414388] [imu_filter]: Parameter RLController.pid_ki_ang set to 0.000000
[imu_filter_madgwick_node-3] [INFO] [1770709637.425473461] [imu_filter]: Parameter RLController.pid_kd_ang set to 0.095346
[imu_filter_madgwick_node-3] [INFO] [1770709637.871647155] [imu_filter]: Parameter RLController.pid_kp_lin set to 1.212761
[imu_filter_madgwick_node-3] [INFO] [1770709637.871870487] [imu_filter]: Parameter RLController.pid_ki_lin set to 0.000000
[imu_filter_madgwick_node-3] [INFO] [1770709637.872705992] [imu_filter]: Parameter RLController.pid_kd_lin set to 0.020000
[imu_filter_madgwick_node-3] [INFO] [1770709637.872842123] [imu_filter]: Parameter RLController.pid_kp_ang set to 1.233640
[imu_filter_madgwick_node-3] [INFO] [1770709637.872916173] [imu_filter]: Parameter RLController.pid_ki_ang set to 0.000000
[imu_filter_madgwick_node-3] [INFO] [1770709637.872980910] [imu_filter]: Parameter RLController.pid_kd_ang set to 0.095346
[imu_filter_madgwick_node-3] [INFO] [1770709638.292785011] [imu_filter]: Parameter RLController.pid_kp_lin set to 1.212761
[imu_filter_madgwick_node-3] [INFO] [1770709638.293034200] [imu_filter]: Parameter RLController.pid_ki_lin set to 0.000000
[imu_filter_madgwick_node-3] [INFO] [1770709638.293149914] [imu_filter]: Parameter RLController.pid_kd_lin set to 0.020000
[imu_filter_madgwick_node-3] [INFO] [1770709638.293227740] [imu_filter]: Parameter RLController.pid_kp_ang set to 1.233640
[imu_filter_madgwick_node-3] [INFO] [1770709638.293297117] [imu_filter]: Parameter RLController.pid_ki_ang set to 0.000000
[imu_filter_madgwick_node-3] [INFO] [1770709638.293362142] [imu_filter]: Parameter RLController.pid_kd_ang set to 0.095346
[imu_filter_madgwick_node-3] [INFO] [1770709638.715249229] [imu_filter]: Parameter RLController.pid_kp_lin set to 1.212761
[imu_filter_madgwick_node-3] [INFO] [1770709638.715444145] [imu_filter]: Parameter RLController.pid_ki_lin set to 0.000000
[imu_filter_madgwick_node-3] [INFO] [1770709638.715519443] [imu_filter]: Parameter RLController.pid_kd_lin set to 0.020000
[imu_filter_madgwick_node-3] [INFO] [1770709638.715585620] [imu_filter]: Parameter RLController.pid_kp_ang set to 1.233640
[imu_filter_madgwick_node-3] [INFO] [1770709638.715648854] [imu_filter]: Parameter RLController.pid_ki_ang set to 0.000000
[imu_filter_madgwick_node-3] [INFO] [1770709638.715715063] [imu_filter]: Parameter RLController.pid_kd_ang set to 0.095346
[imu_filter_madgwick_node-3] [INFO] [1770709639.134392868] [imu_filter]: Parameter RLController.pid_kp_lin set to 1.212761
[imu_filter_madgwick_node-3] [INFO] [1770709639.134754892] [imu_filter]: Parameter RLController.pid_ki_lin set to 0.000000
[imu_filter_madgwick_node-3] [INFO] [1770709639.134841390] [imu_filter]: Parameter RLController.pid_kd_lin set to 0.020000
[imu_filter_madgwick_node-3] [INFO] [1770709639.134915887] [imu_filter]: Parameter RLController.pid_kp_ang set to 1.233640
[imu_filter_madgwick_node-3] [INFO] [1770709639.134980432] [imu_filter]: Parameter RLController.pid_ki_ang set to 0.000000
[imu_filter_madgwick_node-3] [INFO] [1770709639.135045266] [imu_filter]: Parameter RLController.pid_kd_ang set to 0.095346
[imu_filter_madgwick_node-3] [INFO] [1770709639.549785327] [imu_filter]: Parameter RLController.pid_kp_lin set to 1.212761
[imu_filter_madgwick_node-3] [INFO] [1770709639.550110934] [imu_filter]: Parameter RLController.pid_ki_lin set to 0.000000
[imu_filter_madgwick_node-3] [INFO] [1770709639.552430853] [imu_filter]: Parameter RLController.pid_kd_lin set to 0.020000
[imu_filter_madgwick_node-3] [INFO] [1770709639.552770060] [imu_filter]: Parameter RLController.pid_kp_ang set to 1.233640
[imu_filter_madgwick_node-3] [INFO] [1770709639.552855022] [imu_filter]: Parameter RLController.pid_ki_ang set to 0.000000
[imu_filter_madgwick_node-3] [INFO] [1770709639.552924047] [imu_filter]: Parameter RLController.pid_kd_ang set to 0.095346
[imu_filter_madgwick_node-3] [INFO] [1770709639.969241165] [imu_filter]: Parameter RLController.pid_kp_lin set to 1.212761
[imu_filter_madgwick_node-3] [INFO] [1770709639.969443409] [imu_filter]: Parameter RLController.pid_ki_lin set to 0.000000
[imu_filter_madgwick_node-3] [INFO] [1770709639.969548627] [imu_filter]: Parameter RLController.pid_kd_lin set to 0.020000
[imu_filter_madgwick_node-3] [INFO] [1770709639.969614356] [imu_filter]: Parameter RLController.pid_kp_ang set to 1.233640
[imu_filter_madgwick_node-3] [INFO] [1770709639.969675478] [imu_filter]: Parameter RLController.pid_ki_ang set to 0.000000
[imu_filter_madgwick_node-3] [INFO] [1770709639.969734903] [imu_filter]: Parameter RLController.pid_kd_ang set to 0.095346
[imu_filter_madgwick_node-3] [INFO] [1770709640.386419516] [imu_filter]: Parameter RLController.pid_kp_lin set to 1.212761
[imu_filter_madgwick_node-3] [INFO] [1770709640.386615136] [imu_filter]: Parameter RLController.pid_ki_lin set to 0.000000
[imu_filter_madgwick_node-3] [INFO] [1770709640.386688737] [imu_filter]: Parameter RLController.pid_kd_lin set to 0.020000
[imu_filter_madgwick_node-3] [INFO] [1770709640.386753219] [imu_filter]: Parameter RLController.pid_kp_ang set to 1.233640
[imu_filter_madgwick_node-3] [INFO] [1770709640.386815364] [imu_filter]: Parameter RLController.pid_ki_ang set to 0.000000
[imu_filter_madgwick_node-3] [INFO] [1770709640.386875429] [imu_filter]: Parameter RLController.pid_kd_ang set to 0.095346
[imu_filter_madgwick_node-3] [INFO] [1770709640.806587464] [imu_filter]: Parameter RLController.pid_kp_lin set to 1.212761
[imu_filter_madgwick_node-3] [INFO] [1770709640.810452886] [imu_filter]: Parameter RLController.pid_ki_lin set to 0.000000
[imu_filter_madgwick_node-3] [INFO] [1770709640.810707772] [imu_filter]: Parameter RLController.pid_kd_lin set to 0.020000
[imu_filter_madgwick_node-3] [INFO] [1770709640.810920832] [imu_filter]: Parameter RLController.pid_kp_ang set to 1.233640
[imu_filter_madgwick_node-3] [INFO] [1770709640.810993025] [imu_filter]: Parameter RLController.pid_ki_ang set to 0.000000
[imu_filter_madgwick_node-3] [INFO] [1770709640.811053731] [imu_filter]: Parameter RLController.pid_kd_ang set to 0.095346
[imu_filter_madgwick_node-3] [INFO] [1770709641.225074514] [imu_filter]: Parameter RLController.pid_kp_lin set to 1.212761
[imu_filter_madgwick_node-3] [INFO] [1770709641.225287254] [imu_filter]: Parameter RLController.pid_ki_lin set to 0.000000
[imu_filter_madgwick_node-3] [INFO] [1770709641.225363575] [imu_filter]: Parameter RLController.pid_kd_lin set to 0.020000
[imu_filter_madgwick_node-3] [INFO] [1770709641.225825249] [imu_filter]: Parameter RLController.pid_kp_ang set to 1.233640
[imu_filter_madgwick_node-3] [INFO] [1770709641.225923203] [imu_filter]: Parameter RLController.pid_ki_ang set to 0.000000
[imu_filter_madgwick_node-3] [INFO] [1770709641.225988196] [imu_filter]: Parameter RLController.pid_kd_ang set to 0.095346
[imu_filter_madgwick_node-3] [INFO] [1770709641.641975931] [imu_filter]: Parameter RLController.pid_kp_lin set to 1.212761
[imu_filter_madgwick_node-3] [INFO] [1770709641.642330242] [imu_filter]: Parameter RLController.pid_ki_lin set to 0.000000
[imu_filter_madgwick_node-3] [INFO] [1770709641.642414212] [imu_filter]: Parameter RLController.pid_kd_lin set to 0.020000
[imu_filter_madgwick_node-3] [INFO] [1770709641.642483365] [imu_filter]: Parameter RLController.pid_kp_ang set to 1.233640
[imu_filter_madgwick_node-3] [INFO] [1770709641.642545607] [imu_filter]: Parameter RLController.pid_ki_ang set to 0.000000
[imu_filter_madgwick_node-3] [INFO] [1770709641.642609480] [imu_filter]: Parameter RLController.pid_kd_ang set to 0.095346
[imu_filter_madgwick_node-3] [INFO] [1770709642.060876301] [imu_filter]: Parameter RLController.pid_kp_lin set to 1.212761
[imu_filter_madgwick_node-3] [INFO] [1770709642.061221300] [imu_filter]: Parameter RLController.pid_ki_lin set to 0.000000
[imu_filter_madgwick_node-3] [INFO] [1770709642.061305558] [imu_filter]: Parameter RLController.pid_kd_lin set to 0.020000
[imu_filter_madgwick_node-3] [INFO] [1770709642.061374519] [imu_filter]: Parameter RLController.pid_kp_ang set to 1.233640
[imu_filter_madgwick_node-3] [INFO] [1770709642.061440185] [imu_filter]: Parameter RLController.pid_ki_ang set to 0.000000
[imu_filter_madgwick_node-3] [INFO] [1770709642.061542555] [imu_filter]: Parameter RLController.pid_kd_ang set to 0.095346
[imu_filter_madgwick_node-3] [INFO] [1770709642.481943467] [imu_filter]: Parameter RLController.pid_kp_lin set to 1.212761
[imu_filter_madgwick_node-3] [INFO] [1770709642.482286770] [imu_filter]: Parameter RLController.pid_ki_lin set to 0.000000
[imu_filter_madgwick_node-3] [INFO] [1770709642.482546168] [imu_filter]: Parameter RLController.pid_kd_lin set to 0.020000
[imu_filter_madgwick_node-3] [INFO] [1770709642.482668858] [imu_filter]: Parameter RLController.pid_kp_ang set to 1.233640
[imu_filter_madgwick_node-3] [INFO] [1770709642.482738428] [imu_filter]: Parameter RLController.pid_ki_ang set to 0.000000
[imu_filter_madgwick_node-3] [INFO] [1770709642.482812477] [imu_filter]: Parameter RLController.pid_kd_ang set to 0.095346
[imu_filter_madgwick_node-3] [INFO] [1770709642.889936607] [imu_filter]: Parameter RLController.pid_kp_lin set to 1.212761
[imu_filter_madgwick_node-3] [INFO] [1770709642.890136740] [imu_filter]: Parameter RLController.pid_ki_lin set to 0.000000
[imu_filter_madgwick_node-3] [INFO] [1770709642.890211493] [imu_filter]: Parameter RLController.pid_kd_lin set to 0.020000
[imu_filter_madgwick_node-3] [INFO] [1770709642.890277478] [imu_filter]: Parameter RLController.pid_kp_ang set to 1.233640
[imu_filter_madgwick_node-3] [INFO] [1770709642.890339400] [imu_filter]: Parameter RLController.pid_ki_ang set to 0.000000
[imu_filter_madgwick_node-3] [INFO] [1770709642.890404137] [imu_filter]: Parameter RLController.pid_kd_ang set to 0.095346
[imu_filter_madgwick_node-3] [INFO] [1770709643.302288364] [imu_filter]: Parameter RLController.pid_kp_lin set to 1.212761
[imu_filter_madgwick_node-3] [INFO] [1770709643.302740437] [imu_filter]: Parameter RLController.pid_ki_lin set to 0.000000
[imu_filter_madgwick_node-3] [INFO] [1770709643.302936793] [imu_filter]: Parameter RLController.pid_kd_lin set to 0.020000
[imu_filter_madgwick_node-3] [INFO] [1770709643.303110909] [imu_filter]: Parameter RLController.pid_kp_ang set to 1.233640
[imu_filter_madgwick_node-3] [INFO] [1770709643.303183967] [imu_filter]: Parameter RLController.pid_ki_ang set to 0.000000
[imu_filter_madgwick_node-3] [INFO] [1770709643.303249664] [imu_filter]: Parameter RLController.pid_kd_ang set to 0.095346
[imu_filter_madgwick_node-3] [INFO] [1770709643.716776165] [imu_filter]: Parameter RLController.pid_kp_lin set to 1.212761
[imu_filter_madgwick_node-3] [INFO] [1770709643.716979337] [imu_filter]: Parameter RLController.pid_ki_lin set to 0.000000
[imu_filter_madgwick_node-3] [INFO] [1770709643.717057226] [imu_filter]: Parameter RLController.pid_kd_lin set to 0.020000
[imu_filter_madgwick_node-3] [INFO] [1770709643.717122764] [imu_filter]: Parameter RLController.pid_kp_ang set to 1.233640
[imu_filter_madgwick_node-3] [INFO] [1770709643.717182701] [imu_filter]: Parameter RLController.pid_ki_ang set to 0.000000
[imu_filter_madgwick_node-3] [INFO] [1770709643.717247310] [imu_filter]: Parameter RLController.pid_kd_ang set to 0.095346
[imu_filter_madgwick_node-3] [INFO] [1770709644.139075196] [imu_filter]: Parameter RLController.pid_kp_lin set to 1.212761
[imu_filter_madgwick_node-3] [INFO] [1770709644.139432995] [imu_filter]: Parameter RLController.pid_ki_lin set to 0.000000
[imu_filter_madgwick_node-3] [INFO] [1770709644.139522789] [imu_filter]: Parameter RLController.pid_kd_lin set to 0.020000
[imu_filter_madgwick_node-3] [INFO] [1770709644.139593670] [imu_filter]: Parameter RLController.pid_kp_ang set to 1.233640
[imu_filter_madgwick_node-3] [INFO] [1770709644.139658792] [imu_filter]: Parameter RLController.pid_ki_ang set to 0.000000
[imu_filter_madgwick_node-3] [INFO] [1770709644.139723081] [imu_filter]: Parameter RLController.pid_kd_ang set to 0.095346
[imu_filter_madgwick_node-3] [INFO] [1770709644.572658873] [imu_filter]: Parameter RLController.pid_kp_lin set to 1.212761
[imu_filter_madgwick_node-3] [INFO] [1770709644.572967455] [imu_filter]: Parameter RLController.pid_ki_lin set to 0.000000
[imu_filter_madgwick_node-3] [INFO] [1770709644.573056353] [imu_filter]: Parameter RLController.pid_kd_lin set to 0.020000
[imu_filter_madgwick_node-3] [INFO] [1770709644.573124227] [imu_filter]: Parameter RLController.pid_kp_ang set to 1.233640
[imu_filter_madgwick_node-3] [INFO] [1770709644.573185092] [imu_filter]: Parameter RLController.pid_ki_ang set to 0.000000
[imu_filter_madgwick_node-3] [INFO] [1770709644.573244613] [imu_filter]: Parameter RLController.pid_kd_ang set to 0.095346
[imu_filter_madgwick_node-3] [INFO] [1770709645.019183070] [imu_filter]: Parameter RLController.pid_kp_lin set to 1.212761
[imu_filter_madgwick_node-3] [INFO] [1770709645.019441251] [imu_filter]: Parameter RLController.pid_ki_lin set to 0.000000
[imu_filter_madgwick_node-3] [INFO] [1770709645.019539301] [imu_filter]: Parameter RLController.pid_kd_lin set to 0.020000
[imu_filter_madgwick_node-3] [INFO] [1770709645.019606790] [imu_filter]: Parameter RLController.pid_kp_ang set to 1.233640
[imu_filter_madgwick_node-3] [INFO] [1770709645.019670120] [imu_filter]: Parameter RLController.pid_ki_ang set to 0.000000
[imu_filter_madgwick_node-3] [INFO] [1770709645.019750281] [imu_filter]: Parameter RLController.pid_kd_ang set to 0.095346
[imu_filter_madgwick_node-3] [INFO] [1770709645.448183550] [imu_filter]: Parameter RLController.pid_kp_lin set to 1.212761
[imu_filter_madgwick_node-3] [INFO] [1770709645.448388034] [imu_filter]: Parameter RLController.pid_ki_lin set to 0.000000
[imu_filter_madgwick_node-3] [INFO] [1770709645.452668665] [imu_filter]: Parameter RLController.pid_kd_lin set to 0.020000
[imu_filter_madgwick_node-3] [INFO] [1770709645.453121410] [imu_filter]: Parameter RLController.pid_kp_ang set to 1.233640
[imu_filter_madgwick_node-3] [INFO] [1770709645.453222116] [imu_filter]: Parameter RLController.pid_ki_ang set to 0.000000
[imu_filter_madgwick_node-3] [INFO] [1770709645.453296486] [imu_filter]: Parameter RLController.pid_kd_ang set to 0.095346
[imu_filter_madgwick_node-3] [INFO] [1770709645.865510928] [imu_filter]: Parameter RLController.pid_kp_lin set to 1.212761
[imu_filter_madgwick_node-3] [INFO] [1770709645.865709684] [imu_filter]: Parameter RLController.pid_ki_lin set to 0.000000
[imu_filter_madgwick_node-3] [INFO] [1770709645.865788405] [imu_filter]: Parameter RLController.pid_kd_lin set to 0.020000
[imu_filter_madgwick_node-3] [INFO] [1770709645.865857975] [imu_filter]: Parameter RLController.pid_kp_ang set to 1.233640
[imu_filter_madgwick_node-3] [INFO] [1770709645.865919064] [imu_filter]: Parameter RLController.pid_ki_ang set to 0.000000
[imu_filter_madgwick_node-3] [INFO] [1770709645.865978585] [imu_filter]: Parameter RLController.pid_kd_ang set to 0.095346
[imu_filter_madgwick_node-3] [INFO] [1770709646.292320867] [imu_filter]: Parameter RLController.pid_kp_lin set to 1.212761
[imu_filter_madgwick_node-3] [INFO] [1770709646.292552136] [imu_filter]: Parameter RLController.pid_ki_lin set to 0.000000
[imu_filter_madgwick_node-3] [INFO] [1770709646.292625065] [imu_filter]: Parameter RLController.pid_kd_lin set to 0.020000
[imu_filter_madgwick_node-3] [INFO] [1770709646.292695851] [imu_filter]: Parameter RLController.pid_kp_ang set to 1.233640
[imu_filter_madgwick_node-3] [INFO] [1770709646.292757612] [imu_filter]: Parameter RLController.pid_ki_ang set to 0.000000
[imu_filter_madgwick_node-3] [INFO] [1770709646.292819341] [imu_filter]: Parameter RLController.pid_kd_ang set to 0.095346
[imu_filter_madgwick_node-3] [INFO] [1770709646.717568662] [imu_filter]: Parameter RLController.pid_kp_lin set to 1.212761
[imu_filter_madgwick_node-3] [INFO] [1770709646.717772091] [imu_filter]: Parameter RLController.pid_ki_lin set to 0.000000
[imu_filter_madgwick_node-3] [INFO] [1770709646.717843516] [imu_filter]: Parameter RLController.pid_kd_lin set to 0.020000
[imu_filter_madgwick_node-3] [INFO] [1770709646.718046528] [imu_filter]: Parameter RLController.pid_kp_ang set to 1.233640
[imu_filter_madgwick_node-3] [INFO] [1770709646.718119202] [imu_filter]: Parameter RLController.pid_ki_ang set to 0.000000
[imu_filter_madgwick_node-3] [INFO] [1770709646.718185347] [imu_filter]: Parameter RLController.pid_kd_ang set to 0.095346
[imu_filter_madgwick_node-3] [INFO] [1770709647.144652047] [imu_filter]: Parameter RLController.pid_kp_lin set to 1.212761
[imu_filter_madgwick_node-3] [INFO] [1770709647.144958421] [imu_filter]: Parameter RLController.pid_ki_lin set to 0.000000
[imu_filter_madgwick_node-3] [INFO] [1770709647.145062296] [imu_filter]: Parameter RLController.pid_kd_lin set to 0.020000
[imu_filter_madgwick_node-3] [INFO] [1770709647.145134297] [imu_filter]: Parameter RLController.pid_kp_ang set to 1.233640
[imu_filter_madgwick_node-3] [INFO] [1770709647.145201594] [imu_filter]: Parameter RLController.pid_ki_ang set to 0.000000
[imu_filter_madgwick_node-3] [INFO] [1770709647.145263836] [imu_filter]: Parameter RLController.pid_kd_ang set to 0.095346
[imu_filter_madgwick_node-3] [INFO] [1770709647.557775948] [imu_filter]: Parameter RLController.pid_kp_lin set to 1.212761
[imu_filter_madgwick_node-3] [INFO] [1770709647.558006448] [imu_filter]: Parameter RLController.pid_ki_lin set to 0.000000
[imu_filter_madgwick_node-3] [INFO] [1770709647.558096242] [imu_filter]: Parameter RLController.pid_kd_lin set to 0.020000
[imu_filter_madgwick_node-3] [INFO] [1770709647.558161492] [imu_filter]: Parameter RLController.pid_kp_ang set to 1.233640
[imu_filter_madgwick_node-3] [INFO] [1770709647.561805182] [imu_filter]: Parameter RLController.pid_ki_ang set to 0.000000
[imu_filter_madgwick_node-3] [INFO] [1770709647.562136612] [imu_filter]: Parameter RLController.pid_kd_ang set to 0.095346
[imu_filter_madgwick_node-3] [INFO] [1770709647.980782833] [imu_filter]: Parameter RLController.pid_kp_lin set to 1.212761
[imu_filter_madgwick_node-3] [INFO] [1770709647.980976437] [imu_filter]: Parameter RLController.pid_ki_lin set to 0.000000
[imu_filter_madgwick_node-3] [INFO] [1770709647.981053399] [imu_filter]: Parameter RLController.pid_kd_lin set to 0.020000
[imu_filter_madgwick_node-3] [INFO] [1770709647.981120344] [imu_filter]: Parameter RLController.pid_kp_ang set to 1.233640
[imu_filter_madgwick_node-3] [INFO] [1770709647.981181338] [imu_filter]: Parameter RLController.pid_ki_ang set to 0.000000
[imu_filter_madgwick_node-3] [INFO] [1770709647.981240411] [imu_filter]: Parameter RLController.pid_kd_ang set to 0.095346
[imu_filter_madgwick_node-3] [INFO] [1770709648.406248809] [imu_filter]: Parameter RLController.pid_kp_lin set to 1.212761
[imu_filter_madgwick_node-3] [INFO] [1770709648.408343316] [imu_filter]: Parameter RLController.pid_ki_lin set to 0.000000
[imu_filter_madgwick_node-3] [INFO] [1770709648.408467446] [imu_filter]: Parameter RLController.pid_kd_lin set to 0.020000
[imu_filter_madgwick_node-3] [INFO] [1770709648.408542232] [imu_filter]: Parameter RLController.pid_kp_ang set to 1.233640
[imu_filter_madgwick_node-3] [INFO] [1770709648.408610553] [imu_filter]: Parameter RLController.pid_ki_ang set to 0.000000
[imu_filter_madgwick_node-3] [INFO] [1770709648.408801885] [imu_filter]: Parameter RLController.pid_kd_ang set to 0.095346
[imu_filter_madgwick_node-3] [INFO] [1770709648.811723786] [imu_filter]: Parameter RLController.pid_kp_lin set to 1.212761
[imu_filter_madgwick_node-3] [INFO] [1770709648.813833333] [imu_filter]: Parameter RLController.pid_ki_lin set to 0.000000
[imu_filter_madgwick_node-3] [INFO] [1770709648.814013785] [imu_filter]: Parameter RLController.pid_kd_lin set to 0.020000
[imu_filter_madgwick_node-3] [INFO] [1770709648.814105083] [imu_filter]: Parameter RLController.pid_kp_ang set to 1.233640
[imu_filter_madgwick_node-3] [INFO] [1770709648.814169500] [imu_filter]: Parameter RLController.pid_ki_ang set to 0.000000
[imu_filter_madgwick_node-3] [INFO] [1770709648.816486667] [imu_filter]: Parameter RLController.pid_kd_ang set to 0.095346
[imu_filter_madgwick_node-3] [INFO] [1770709649.237338789] [imu_filter]: Parameter RLController.pid_kp_lin set to 1.212761
[imu_filter_madgwick_node-3] [INFO] [1770709649.237588554] [imu_filter]: Parameter RLController.pid_ki_lin set to 0.000000
[imu_filter_madgwick_node-3] [INFO] [1770709649.238193974] [imu_filter]: Parameter RLController.pid_kd_lin set to 0.020000
[imu_filter_madgwick_node-3] [INFO] [1770709649.238318553] [imu_filter]: Parameter RLController.pid_kp_ang set to 1.233640
[imu_filter_madgwick_node-3] [INFO] [1770709649.238388154] [imu_filter]: Parameter RLController.pid_ki_ang set to 0.000000
[imu_filter_madgwick_node-3] [INFO] [1770709649.238454396] [imu_filter]: Parameter RLController.pid_kd_ang set to 0.095346
[imu_filter_madgwick_node-3] [INFO] [1770709649.651497943] [imu_filter]: Parameter RLController.pid_kp_lin set to 1.212761
[imu_filter_madgwick_node-3] [INFO] [1770709649.651692091] [imu_filter]: Parameter RLController.pid_ki_lin set to 0.000000
[imu_filter_madgwick_node-3] [INFO] [1770709649.651764540] [imu_filter]: Parameter RLController.pid_kd_lin set to 0.020000
[imu_filter_madgwick_node-3] [INFO] [1770709649.651827997] [imu_filter]: Parameter RLController.pid_kp_ang set to 1.233640
[imu_filter_madgwick_node-3] [INFO] [1770709649.651886943] [imu_filter]: Parameter RLController.pid_ki_ang set to 0.000000
[imu_filter_madgwick_node-3] [INFO] [1770709649.651945216] [imu_filter]: Parameter RLController.pid_kd_ang set to 0.095346
[imu_filter_madgwick_node-3] [INFO] [1770709650.065972783] [imu_filter]: Parameter RLController.pid_kp_lin set to 1.212761
[imu_filter_madgwick_node-3] [INFO] [1770709650.069772252] [imu_filter]: Parameter RLController.pid_ki_lin set to 0.000000
[imu_filter_madgwick_node-3] [INFO] [1770709650.069956832] [imu_filter]: Parameter RLController.pid_kd_lin set to 0.020000
[imu_filter_madgwick_node-3] [INFO] [1770709650.070151588] [imu_filter]: Parameter RLController.pid_kp_ang set to 1.233640
[imu_filter_madgwick_node-3] [INFO] [1770709650.070265190] [imu_filter]: Parameter RLController.pid_ki_ang set to 0.000000
[imu_filter_madgwick_node-3] [INFO] [1770709650.070334311] [imu_filter]: Parameter RLController.pid_kd_ang set to 0.095346
[imu_filter_madgwick_node-3] [INFO] [1770709650.485913302] [imu_filter]: Parameter RLController.pid_kp_lin set to 1.212761
[imu_filter_madgwick_node-3] [INFO] [1770709650.488441353] [imu_filter]: Parameter RLController.pid_ki_lin set to 0.000000
[imu_filter_madgwick_node-3] [INFO] [1770709650.488676686] [imu_filter]: Parameter RLController.pid_kd_lin set to 0.020000
[imu_filter_madgwick_node-3] [INFO] [1770709650.488787505] [imu_filter]: Parameter RLController.pid_kp_ang set to 1.233640
[imu_filter_madgwick_node-3] [INFO] [1770709650.488868818] [imu_filter]: Parameter RLController.pid_ki_ang set to 0.000000
[imu_filter_madgwick_node-3] [INFO] [1770709650.488931219] [imu_filter]: Parameter RLController.pid_kd_ang set to 0.095346
[imu_filter_madgwick_node-3] [INFO] [1770709650.901159614] [imu_filter]: Parameter RLController.pid_kp_lin set to 1.212761
[imu_filter_madgwick_node-3] [INFO] [1770709650.901341729] [imu_filter]: Parameter RLController.pid_ki_lin set to 0.000000
[imu_filter_madgwick_node-3] [INFO] [1770709650.901547814] [imu_filter]: Parameter RLController.pid_kd_lin set to 0.020000
[imu_filter_madgwick_node-3] [INFO] [1770709650.901629895] [imu_filter]: Parameter RLController.pid_kp_ang set to 1.233640
[imu_filter_madgwick_node-3] [INFO] [1770709650.901694793] [imu_filter]: Parameter RLController.pid_ki_ang set to 0.000000
[imu_filter_madgwick_node-3] [INFO] [1770709650.901756266] [imu_filter]: Parameter RLController.pid_kd_ang set to 0.095346
[imu_filter_madgwick_node-3] [INFO] [1770709651.331150258] [imu_filter]: Parameter RLController.pid_kp_lin set to 1.212761
[imu_filter_madgwick_node-3] [INFO] [1770709651.331375638] [imu_filter]: Parameter RLController.pid_ki_lin set to 0.000000
[imu_filter_madgwick_node-3] [INFO] [1770709651.331464152] [imu_filter]: Parameter RLController.pid_kd_lin set to 0.020000
[imu_filter_madgwick_node-3] [INFO] [1770709651.331538554] [imu_filter]: Parameter RLController.pid_kp_ang set to 1.233640
[imu_filter_madgwick_node-3] [INFO] [1770709651.331601627] [imu_filter]: Parameter RLController.pid_ki_ang set to 0.000000
[imu_filter_madgwick_node-3] [INFO] [1770709651.332088357] [imu_filter]: Parameter RLController.pid_kd_ang set to 0.095346
[imu_filter_madgwick_node-3] [INFO] [1770709651.748475940] [imu_filter]: Parameter RLController.pid_kp_lin set to 1.212761
[imu_filter_madgwick_node-3] [INFO] [1770709651.748667944] [imu_filter]: Parameter RLController.pid_ki_lin set to 0.000000
[imu_filter_madgwick_node-3] [INFO] [1770709651.748738985] [imu_filter]: Parameter RLController.pid_kd_lin set to 0.020000
[imu_filter_madgwick_node-3] [INFO] [1770709651.748800458] [imu_filter]: Parameter RLController.pid_kp_ang set to 1.233640
[imu_filter_madgwick_node-3] [INFO] [1770709651.748856812] [imu_filter]: Parameter RLController.pid_ki_ang set to 0.000000
[imu_filter_madgwick_node-3] [INFO] [1770709651.748914381] [imu_filter]: Parameter RLController.pid_kd_ang set to 0.095346
[imu_filter_madgwick_node-3] [INFO] [1770709652.156892032] [imu_filter]: Parameter RLController.pid_kp_lin set to 1.212761
[imu_filter_madgwick_node-3] [INFO] [1770709652.157312041] [imu_filter]: Parameter RLController.pid_ki_lin set to 0.000000
[imu_filter_madgwick_node-3] [INFO] [1770709652.157411179] [imu_filter]: Parameter RLController.pid_kd_lin set to 0.020000
[imu_filter_madgwick_node-3] [INFO] [1770709652.157507245] [imu_filter]: Parameter RLController.pid_kp_ang set to 1.233640
[imu_filter_madgwick_node-3] [INFO] [1770709652.157576174] [imu_filter]: Parameter RLController.pid_ki_ang set to 0.000000
[imu_filter_madgwick_node-3] [INFO] [1770709652.157637552] [imu_filter]: Parameter RLController.pid_kd_ang set to 0.095346
[imu_filter_madgwick_node-3] [INFO] [1770709652.572305388] [imu_filter]: Parameter RLController.pid_kp_lin set to 1.212761
[imu_filter_madgwick_node-3] [INFO] [1770709652.572523952] [imu_filter]: Parameter RLController.pid_ki_lin set to 0.000000
[imu_filter_madgwick_node-3] [INFO] [1770709652.572614162] [imu_filter]: Parameter RLController.pid_kd_lin set to 0.020000
[imu_filter_madgwick_node-3] [INFO] [1770709652.572684275] [imu_filter]: Parameter RLController.pid_kp_ang set to 1.233640
[imu_filter_madgwick_node-3] [INFO] [1770709652.572749205] [imu_filter]: Parameter RLController.pid_ki_ang set to 0.000000
[imu_filter_madgwick_node-3] [INFO] [1770709652.572811830] [imu_filter]: Parameter RLController.pid_kd_ang set to 0.095346
[imu_filter_madgwick_node-3] [INFO] [1770709652.990223498] [imu_filter]: Parameter RLController.pid_kp_lin set to 1.212761
[imu_filter_madgwick_node-3] [INFO] [1770709652.991913868] [imu_filter]: Parameter RLController.pid_ki_lin set to 0.000000
[imu_filter_madgwick_node-3] [INFO] [1770709652.992290836] [imu_filter]: Parameter RLController.pid_kd_lin set to 0.020000
[imu_filter_madgwick_node-3] [INFO] [1770709652.992403542] [imu_filter]: Parameter RLController.pid_kp_ang set to 1.233640
[imu_filter_madgwick_node-3] [INFO] [1770709652.992709756] [imu_filter]: Parameter RLController.pid_ki_ang set to 0.000000
[imu_filter_madgwick_node-3] [INFO] [1770709652.992797086] [imu_filter]: Parameter RLController.pid_kd_ang set to 0.095346
[imu_filter_madgwick_node-3] [INFO] [1770709653.404258297] [imu_filter]: Parameter RLController.pid_kp_lin set to 1.212761
[imu_filter_madgwick_node-3] [INFO] [1770709653.404481053] [imu_filter]: Parameter RLController.pid_ki_lin set to 0.000000
[imu_filter_madgwick_node-3] [INFO] [1770709653.404571167] [imu_filter]: Parameter RLController.pid_kd_lin set to 0.020000
[imu_filter_madgwick_node-3] [INFO] [1770709653.404647457] [imu_filter]: Parameter RLController.pid_kp_ang set to 1.233640
[imu_filter_madgwick_node-3] [INFO] [1770709653.404716162] [imu_filter]: Parameter RLController.pid_ki_ang set to 0.000000
[imu_filter_madgwick_node-3] [INFO] [1770709653.404785348] [imu_filter]: Parameter RLController.pid_kd_ang set to 0.095346
[imu_filter_madgwick_node-3] [INFO] [1770709653.815718868] [imu_filter]: Parameter RLController.pid_kp_lin set to 1.212761
[imu_filter_madgwick_node-3] [INFO] [1770709653.816037434] [imu_filter]: Parameter RLController.pid_ki_lin set to 0.000000
[imu_filter_madgwick_node-3] [INFO] [1770709653.816121340] [imu_filter]: Parameter RLController.pid_kd_lin set to 0.020000
[imu_filter_madgwick_node-3] [INFO] [1770709653.816189757] [imu_filter]: Parameter RLController.pid_kp_ang set to 1.233640
[imu_filter_madgwick_node-3] [INFO] [1770709653.816250814] [imu_filter]: Parameter RLController.pid_ki_ang set to 0.000000
[imu_filter_madgwick_node-3] [INFO] [1770709653.816311328] [imu_filter]: Parameter RLController.pid_kd_ang set to 0.095346
[imu_filter_madgwick_node-3] [INFO] [1770709654.254054097] [imu_filter]: Parameter RLController.pid_kp_lin set to 1.212761
[imu_filter_madgwick_node-3] [INFO] [1770709654.254283574] [imu_filter]: Parameter RLController.pid_ki_lin set to 0.000000
[imu_filter_madgwick_node-3] [INFO] [1770709654.254364280] [imu_filter]: Parameter RLController.pid_kd_lin set to 0.020000
[imu_filter_madgwick_node-3] [INFO] [1770709654.254434809] [imu_filter]: Parameter RLController.pid_kp_ang set to 1.233640
[imu_filter_madgwick_node-3] [INFO] [1770709654.255169736] [imu_filter]: Parameter RLController.pid_ki_ang set to 0.000000
[imu_filter_madgwick_node-3] [INFO] [1770709654.255283882] [imu_filter]: Parameter RLController.pid_kd_ang set to 0.095346
[imu_filter_madgwick_node-3] [INFO] [1770709654.661795232] [imu_filter]: Parameter RLController.pid_kp_lin set to 1.212761
[imu_filter_madgwick_node-3] [INFO] [1770709654.664483127] [imu_filter]: Parameter RLController.pid_ki_lin set to 0.000000
[imu_filter_madgwick_node-3] [INFO] [1770709654.664789661] [imu_filter]: Parameter RLController.pid_kd_lin set to 0.020000
[imu_filter_madgwick_node-3] [INFO] [1770709654.668606091] [imu_filter]: Parameter RLController.pid_kp_ang set to 1.233640
[imu_filter_madgwick_node-3] [INFO] [1770709654.668993683] [imu_filter]: Parameter RLController.pid_ki_ang set to 0.000000
[imu_filter_madgwick_node-3] [INFO] [1770709654.669102613] [imu_filter]: Parameter RLController.pid_kd_ang set to 0.095346
[imu_filter_madgwick_node-3] [INFO] [1770709655.080194760] [imu_filter]: Parameter RLController.pid_kp_lin set to 1.212761
[imu_filter_madgwick_node-3] [INFO] [1770709655.080399981] [imu_filter]: Parameter RLController.pid_ki_lin set to 0.000000
[imu_filter_madgwick_node-3] [INFO] [1770709655.080478574] [imu_filter]: Parameter RLController.pid_kd_lin set to 0.020000
[imu_filter_madgwick_node-3] [INFO] [1770709655.080556976] [imu_filter]: Parameter RLController.pid_kp_ang set to 1.233640
[imu_filter_madgwick_node-3] [INFO] [1770709655.080621073] [imu_filter]: Parameter RLController.pid_ki_ang set to 0.000000
[imu_filter_madgwick_node-3] [INFO] [1770709655.080684018] [imu_filter]: Parameter RLController.pid_kd_ang set to 0.095346
[imu_filter_madgwick_node-3] [INFO] [1770709655.494753858] [imu_filter]: Parameter RLController.pid_kp_lin set to 1.212761
[imu_filter_madgwick_node-3] [INFO] [1770709655.494951558] [imu_filter]: Parameter RLController.pid_ki_lin set to 0.000000
[imu_filter_madgwick_node-3] [INFO] [1770709655.495020968] [imu_filter]: Parameter RLController.pid_kd_lin set to 0.020000
[imu_filter_madgwick_node-3] [INFO] [1770709655.495088329] [imu_filter]: Parameter RLController.pid_kp_ang set to 1.233640
[imu_filter_madgwick_node-3] [INFO] [1770709655.495149994] [imu_filter]: Parameter RLController.pid_ki_ang set to 0.000000
[imu_filter_madgwick_node-3] [INFO] [1770709655.495213195] [imu_filter]: Parameter RLController.pid_kd_ang set to 0.095346
[imu_filter_madgwick_node-3] [INFO] [1770709655.918351060] [imu_filter]: Parameter RLController.pid_kp_lin set to 1.212761
[imu_filter_madgwick_node-3] [INFO] [1770709655.918556344] [imu_filter]: Parameter RLController.pid_ki_lin set to 0.000000
[imu_filter_madgwick_node-3] [INFO] [1770709655.918664154] [imu_filter]: Parameter RLController.pid_kd_lin set to 0.020000
[imu_filter_madgwick_node-3] [INFO] [1770709655.918736060] [imu_filter]: Parameter RLController.pid_kp_ang set to 1.233640
[imu_filter_madgwick_node-3] [INFO] [1770709655.918798013] [imu_filter]: Parameter RLController.pid_ki_ang set to 0.000000
[imu_filter_madgwick_node-3] [INFO] [1770709655.918862014] [imu_filter]: Parameter RLController.pid_kd_ang set to 0.095346
[imu_filter_madgwick_node-3] [INFO] [1770709656.334896566] [imu_filter]: Parameter RLController.pid_kp_lin set to 1.212761
[imu_filter_madgwick_node-3] [INFO] [1770709656.335239901] [imu_filter]: Parameter RLController.pid_ki_lin set to 0.000000
[imu_filter_madgwick_node-3] [INFO] [1770709656.335328191] [imu_filter]: Parameter RLController.pid_kd_lin set to 0.020000
[imu_filter_madgwick_node-3] [INFO] [1770709656.335397824] [imu_filter]: Parameter RLController.pid_kp_ang set to 1.233640
[imu_filter_madgwick_node-3] [INFO] [1770709656.335462722] [imu_filter]: Parameter RLController.pid_ki_ang set to 0.000000
[imu_filter_madgwick_node-3] [INFO] [1770709656.335524707] [imu_filter]: Parameter RLController.pid_kd_ang set to 0.095346
[imu_filter_madgwick_node-3] [INFO] [1770709656.751356151] [imu_filter]: Parameter RLController.pid_kp_lin set to 1.212761
[imu_filter_madgwick_node-3] [INFO] [1770709656.755312327] [imu_filter]: Parameter RLController.pid_ki_lin set to 0.000000
[imu_filter_madgwick_node-3] [INFO] [1770709656.755627406] [imu_filter]: Parameter RLController.pid_kd_lin set to 0.020000
[imu_filter_madgwick_node-3] [INFO] [1770709656.755715023] [imu_filter]: Parameter RLController.pid_kp_ang set to 1.233640
[imu_filter_madgwick_node-3] [INFO] [1770709656.755784433] [imu_filter]: Parameter RLController.pid_ki_ang set to 0.000000
[imu_filter_madgwick_node-3] [INFO] [1770709656.755848722] [imu_filter]: Parameter RLController.pid_kd_ang set to 0.095346
[imu_filter_madgwick_node-3] [INFO] [1770709657.173524267] [imu_filter]: Parameter RLController.pid_kp_lin set to 1.212761
[imu_filter_madgwick_node-3] [INFO] [1770709657.173772464] [imu_filter]: Parameter RLController.pid_ki_lin set to 0.000000
[imu_filter_madgwick_node-3] [INFO] [1770709657.173850706] [imu_filter]: Parameter RLController.pid_kd_lin set to 0.020000
[imu_filter_madgwick_node-3] [INFO] [1770709657.173920819] [imu_filter]: Parameter RLController.pid_kp_ang set to 1.233640
[imu_filter_madgwick_node-3] [INFO] [1770709657.174004373] [imu_filter]: Parameter RLController.pid_ki_ang set to 0.000000
[imu_filter_madgwick_node-3] [INFO] [1770709657.177512316] [imu_filter]: Parameter RLController.pid_kd_ang set to 0.095346
[imu_filter_madgwick_node-3] [INFO] [1770709657.594358469] [imu_filter]: Parameter RLController.pid_kp_lin set to 1.212761
[imu_filter_madgwick_node-3] [INFO] [1770709657.596689396] [imu_filter]: Parameter RLController.pid_ki_lin set to 0.000000
[imu_filter_madgwick_node-3] [INFO] [1770709657.596789014] [imu_filter]: Parameter RLController.pid_kd_lin set to 0.020000
[imu_filter_madgwick_node-3] [INFO] [1770709657.596968730] [imu_filter]: Parameter RLController.pid_kp_ang set to 1.233640
[imu_filter_madgwick_node-3] [INFO] [1770709657.597034843] [imu_filter]: Parameter RLController.pid_ki_ang set to 0.000000
[imu_filter_madgwick_node-3] [INFO] [1770709657.597095741] [imu_filter]: Parameter RLController.pid_kd_ang set to 0.095346
[imu_filter_madgwick_node-3] [INFO] [1770709658.007023864] [imu_filter]: Parameter RLController.pid_kp_lin set to 1.212761
[imu_filter_madgwick_node-3] [INFO] [1770709658.007249501] [imu_filter]: Parameter RLController.pid_ki_lin set to 0.000000
[imu_filter_madgwick_node-3] [INFO] [1770709658.007321598] [imu_filter]: Parameter RLController.pid_kd_lin set to 0.020000
[imu_filter_madgwick_node-3] [INFO] [1770709658.011468915] [imu_filter]: Parameter RLController.pid_kp_ang set to 1.233640
[imu_filter_madgwick_node-3] [INFO] [1770709658.021909287] [imu_filter]: Parameter RLController.pid_ki_ang set to 0.000000
[imu_filter_madgwick_node-3] [INFO] [1770709658.023810510] [imu_filter]: Parameter RLController.pid_kd_ang set to 0.095346
[imu_filter_madgwick_node-3] [INFO] [1770709658.420599294] [imu_filter]: Parameter RLController.pid_kp_lin set to 1.212761
[imu_filter_madgwick_node-3] [INFO] [1770709658.420799010] [imu_filter]: Parameter RLController.pid_ki_lin set to 0.000000
[imu_filter_madgwick_node-3] [INFO] [1770709658.420875427] [imu_filter]: Parameter RLController.pid_kd_lin set to 0.020000
[imu_filter_madgwick_node-3] [INFO] [1770709658.420947301] [imu_filter]: Parameter RLController.pid_kp_ang set to 1.233640
[imu_filter_madgwick_node-3] [INFO] [1770709658.421012198] [imu_filter]: Parameter RLController.pid_ki_ang set to 0.000000
[imu_filter_madgwick_node-3] [INFO] [1770709658.421212042] [imu_filter]: Parameter RLController.pid_kd_ang set to 0.095346
[imu_filter_madgwick_node-3] [INFO] [1770709658.829654471] [imu_filter]: Parameter RLController.pid_kp_lin set to 1.212761
[imu_filter_madgwick_node-3] [INFO] [1770709658.830043887] [imu_filter]: Parameter RLController.pid_ki_lin set to 0.000000
[imu_filter_madgwick_node-3] [INFO] [1770709658.830140945] [imu_filter]: Parameter RLController.pid_kd_lin set to 0.020000
[imu_filter_madgwick_node-3] [INFO] [1770709658.830213331] [imu_filter]: Parameter RLController.pid_kp_ang set to 1.233640
[imu_filter_madgwick_node-3] [INFO] [1770709658.830275540] [imu_filter]: Parameter RLController.pid_ki_ang set to 0.000000
[imu_filter_madgwick_node-3] [INFO] [1770709658.830336629] [imu_filter]: Parameter RLController.pid_kd_ang set to 0.095346
[imu_filter_madgwick_node-3] [INFO] [1770709659.243917403] [imu_filter]: Parameter RLController.pid_kp_lin set to 1.212761
[imu_filter_madgwick_node-3] [INFO] [1770709659.244129759] [imu_filter]: Parameter RLController.pid_ki_lin set to 0.000000
[imu_filter_madgwick_node-3] [INFO] [1770709659.244209921] [imu_filter]: Parameter RLController.pid_kd_lin set to 0.020000
[imu_filter_madgwick_node-3] [INFO] [1770709659.244276802] [imu_filter]: Parameter RLController.pid_kp_ang set to 1.233640
[imu_filter_madgwick_node-3] [INFO] [1770709659.244337988] [imu_filter]: Parameter RLController.pid_ki_ang set to 0.000000
[imu_filter_madgwick_node-3] [INFO] [1770709659.244399589] [imu_filter]: Parameter RLController.pid_kd_ang set to 0.095346
[imu_filter_madgwick_node-3] [INFO] [1770709659.663645374] [imu_filter]: Parameter RLController.pid_kp_lin set to 1.212761
[imu_filter_madgwick_node-3] [INFO] [1770709659.663975013] [imu_filter]: Parameter RLController.pid_ki_lin set to 0.000000
[imu_filter_madgwick_node-3] [INFO] [1770709659.664058631] [imu_filter]: Parameter RLController.pid_kd_lin set to 0.020000
[imu_filter_madgwick_node-3] [INFO] [1770709659.664128424] [imu_filter]: Parameter RLController.pid_kp_ang set to 1.233640
[imu_filter_madgwick_node-3] [INFO] [1770709659.664191113] [imu_filter]: Parameter RLController.pid_ki_ang set to 0.000000
[imu_filter_madgwick_node-3] [INFO] [1770709659.664255339] [imu_filter]: Parameter RLController.pid_kd_ang set to 0.095346
[imu_filter_madgwick_node-3] [INFO] [1770709660.083144156] [imu_filter]: Parameter RLController.pid_kp_lin set to 1.212761
[imu_filter_madgwick_node-3] [INFO] [1770709660.083361089] [imu_filter]: Parameter RLController.pid_ki_lin set to 0.000000
[imu_filter_madgwick_node-3] [INFO] [1770709660.083464067] [imu_filter]: Parameter RLController.pid_kd_lin set to 0.020000
[imu_filter_madgwick_node-3] [INFO] [1770709660.083538021] [imu_filter]: Parameter RLController.pid_kp_ang set to 1.233640
[imu_filter_madgwick_node-3] [INFO] [1770709660.083606630] [imu_filter]: Parameter RLController.pid_ki_ang set to 0.000000
[imu_filter_madgwick_node-3] [INFO] [1770709660.085755186] [imu_filter]: Parameter RLController.pid_kd_ang set to 0.095346
[imu_filter_madgwick_node-3] [INFO] [1770709660.520764332] [imu_filter]: Parameter RLController.pid_kp_lin set to 1.212761
[imu_filter_madgwick_node-3] [INFO] [1770709660.520959600] [imu_filter]: Parameter RLController.pid_ki_lin set to 0.000000
[imu_filter_madgwick_node-3] [INFO] [1770709660.521040305] [imu_filter]: Parameter RLController.pid_kd_lin set to 0.020000
[imu_filter_madgwick_node-3] [INFO] [1770709660.521107507] [imu_filter]: Parameter RLController.pid_kp_ang set to 1.233640
[imu_filter_madgwick_node-3] [INFO] [1770709660.521170708] [imu_filter]: Parameter RLController.pid_ki_ang set to 0.000000
[imu_filter_madgwick_node-3] [INFO] [1770709660.521354456] [imu_filter]: Parameter RLController.pid_kd_ang set to 0.095346
[imu_filter_madgwick_node-3] [INFO] [1770709660.942317620] [imu_filter]: Parameter RLController.pid_kp_lin set to 1.212761
[imu_filter_madgwick_node-3] [INFO] [1770709660.942509656] [imu_filter]: Parameter RLController.pid_ki_lin set to 0.000000
[imu_filter_madgwick_node-3] [INFO] [1770709660.943641135] [imu_filter]: Parameter RLController.pid_kd_lin set to 0.020000
[imu_filter_madgwick_node-3] [INFO] [1770709660.943774450] [imu_filter]: Parameter RLController.pid_kp_ang set to 1.233640
[imu_filter_madgwick_node-3] [INFO] [1770709660.943845235] [imu_filter]: Parameter RLController.pid_ki_ang set to 0.000000
[imu_filter_madgwick_node-3] [INFO] [1770709660.943908980] [imu_filter]: Parameter RLController.pid_kd_ang set to 0.095346
[imu_filter_madgwick_node-3] [INFO] [1770709661.359775305] [imu_filter]: Parameter RLController.pid_kp_lin set to 1.212761
[imu_filter_madgwick_node-3] [INFO] [1770709661.360020206] [imu_filter]: Parameter RLController.pid_ki_lin set to 0.000000
[imu_filter_madgwick_node-3] [INFO] [1770709661.362405630] [imu_filter]: Parameter RLController.pid_kd_lin set to 0.020000
[imu_filter_madgwick_node-3] [INFO] [1770709661.362591234] [imu_filter]: Parameter RLController.pid_kp_ang set to 1.233640
[imu_filter_madgwick_node-3] [INFO] [1770709661.362672516] [imu_filter]: Parameter RLController.pid_ki_ang set to 0.000000
[imu_filter_madgwick_node-3] [INFO] [1770709661.362736261] [imu_filter]: Parameter RLController.pid_kd_ang set to 0.095346
[imu_filter_madgwick_node-3] [INFO] [1770709661.774513350] [imu_filter]: Parameter RLController.pid_kp_lin set to 1.212761
[imu_filter_madgwick_node-3] [INFO] [1770709661.774739019] [imu_filter]: Parameter RLController.pid_ki_lin set to 0.000000
[imu_filter_madgwick_node-3] [INFO] [1770709661.774841133] [imu_filter]: Parameter RLController.pid_kd_lin set to 0.020000
[imu_filter_madgwick_node-3] [INFO] [1770709661.774919630] [imu_filter]: Parameter RLController.pid_kp_ang set to 1.233640
[imu_filter_madgwick_node-3] [INFO] [1770709661.774985584] [imu_filter]: Parameter RLController.pid_ki_ang set to 0.000000
[imu_filter_madgwick_node-3] [INFO] [1770709661.775049521] [imu_filter]: Parameter RLController.pid_kd_ang set to 0.095346
[imu_filter_madgwick_node-3] [INFO] [1770709662.186484523] [imu_filter]: Parameter RLController.pid_kp_lin set to 1.212761
[imu_filter_madgwick_node-3] [INFO] [1770709662.186695824] [imu_filter]: Parameter RLController.pid_ki_lin set to 0.000000
[imu_filter_madgwick_node-3] [INFO] [1770709662.186773265] [imu_filter]: Parameter RLController.pid_kd_lin set to 0.020000
[imu_filter_madgwick_node-3] [INFO] [1770709662.186843539] [imu_filter]: Parameter RLController.pid_kp_ang set to 1.233640
[imu_filter_madgwick_node-3] [INFO] [1770709662.186907796] [imu_filter]: Parameter RLController.pid_ki_ang set to 0.000000
[imu_filter_madgwick_node-3] [INFO] [1770709662.186968373] [imu_filter]: Parameter RLController.pid_kd_ang set to 0.095346
[imu_filter_madgwick_node-3] [INFO] [1770709662.624498915] [imu_filter]: Parameter RLController.pid_kp_lin set to 1.212761
[imu_filter_madgwick_node-3] [INFO] [1770709662.624705543] [imu_filter]: Parameter RLController.pid_ki_lin set to 0.000000
[imu_filter_madgwick_node-3] [INFO] [1770709662.624783720] [imu_filter]: Parameter RLController.pid_kd_lin set to 0.020000
[imu_filter_madgwick_node-3] [INFO] [1770709662.624850282] [imu_filter]: Parameter RLController.pid_kp_ang set to 1.233640
[imu_filter_madgwick_node-3] [INFO] [1770709662.624911435] [imu_filter]: Parameter RLController.pid_ki_ang set to 0.000000
[imu_filter_madgwick_node-3] [INFO] [1770709662.624972428] [imu_filter]: Parameter RLController.pid_kd_ang set to 0.095346
[imu_filter_madgwick_node-3] [INFO] [1770709663.037636255] [imu_filter]: Parameter RLController.pid_kp_lin set to 1.212761
[imu_filter_madgwick_node-3] [INFO] [1770709663.037863300] [imu_filter]: Parameter RLController.pid_ki_lin set to 0.000000
[imu_filter_madgwick_node-3] [INFO] [1770709663.039231552] [imu_filter]: Parameter RLController.pid_kd_lin set to 0.020000
[imu_filter_madgwick_node-3] [INFO] [1770709663.039380067] [imu_filter]: Parameter RLController.pid_kp_ang set to 1.233640
[imu_filter_madgwick_node-3] [INFO] [1770709663.039454148] [imu_filter]: Parameter RLController.pid_ki_ang set to 0.000000
[imu_filter_madgwick_node-3] [INFO] [1770709663.039528038] [imu_filter]: Parameter RLController.pid_kd_ang set to 0.095346
[imu_filter_madgwick_node-3] [INFO] [1770709663.470282538] [imu_filter]: Parameter RLController.pid_kp_lin set to 1.212761
[imu_filter_madgwick_node-3] [INFO] [1770709663.470611760] [imu_filter]: Parameter RLController.pid_ki_lin set to 0.000000
[imu_filter_madgwick_node-3] [INFO] [1770709663.470728851] [imu_filter]: Parameter RLController.pid_kd_lin set to 0.020000
[imu_filter_madgwick_node-3] [INFO] [1770709663.470798996] [imu_filter]: Parameter RLController.pid_kp_ang set to 1.233640
[imu_filter_madgwick_node-3] [INFO] [1770709663.470857557] [imu_filter]: Parameter RLController.pid_ki_ang set to 0.000000
[imu_filter_madgwick_node-3] [INFO] [1770709663.470916854] [imu_filter]: Parameter RLController.pid_kd_ang set to 0.095346
[imu_filter_madgwick_node-3] [INFO] [1770709663.901981568] [imu_filter]: Parameter RLController.pid_kp_lin set to 1.212761
[imu_filter_madgwick_node-3] [INFO] [1770709663.902307975] [imu_filter]: Parameter RLController.pid_ki_lin set to 0.000000
[imu_filter_madgwick_node-3] [INFO] [1770709663.902538924] [imu_filter]: Parameter RLController.pid_kd_lin set to 0.020000
[imu_filter_madgwick_node-3] [INFO] [1770709663.902656846] [imu_filter]: Parameter RLController.pid_kp_ang set to 1.233640
[imu_filter_madgwick_node-3] [INFO] [1770709663.902723215] [imu_filter]: Parameter RLController.pid_ki_ang set to 0.000000
[imu_filter_madgwick_node-3] [INFO] [1770709663.902786673] [imu_filter]: Parameter RLController.pid_kd_ang set to 0.095346
[imu_filter_madgwick_node-3] [INFO] [1770709664.323353765] [imu_filter]: Parameter RLController.pid_kp_lin set to 1.212761
[imu_filter_madgwick_node-3] [INFO] [1770709664.323584009] [imu_filter]: Parameter RLController.pid_ki_lin set to 0.000000
[imu_filter_madgwick_node-3] [INFO] [1770709664.323662571] [imu_filter]: Parameter RLController.pid_kd_lin set to 0.020000
[imu_filter_madgwick_node-3] [INFO] [1770709664.323729068] [imu_filter]: Parameter RLController.pid_kp_ang set to 1.233640
[imu_filter_madgwick_node-3] [INFO] [1770709664.323792270] [imu_filter]: Parameter RLController.pid_ki_ang set to 0.000000
[imu_filter_madgwick_node-3] [INFO] [1770709664.323856911] [imu_filter]: Parameter RLController.pid_kd_ang set to 0.095346
[imu_filter_madgwick_node-3] [INFO] [1770709664.739331227] [imu_filter]: Parameter RLController.pid_kp_lin set to 1.212761
[imu_filter_madgwick_node-3] [INFO] [1770709664.739533248] [imu_filter]: Parameter RLController.pid_ki_lin set to 0.000000
[imu_filter_madgwick_node-3] [INFO] [1770709664.739604225] [imu_filter]: Parameter RLController.pid_kd_lin set to 0.020000
[imu_filter_madgwick_node-3] [INFO] [1770709664.739667266] [imu_filter]: Parameter RLController.pid_kp_ang set to 1.233640
[imu_filter_madgwick_node-3] [INFO] [1770709664.739722851] [imu_filter]: Parameter RLController.pid_ki_ang set to 0.000000
[imu_filter_madgwick_node-3] [INFO] [1770709664.742179925] [imu_filter]: Parameter RLController.pid_kd_ang set to 0.095346
[imu_filter_madgwick_node-3] [INFO] [1770709665.150350221] [imu_filter]: Parameter RLController.pid_kp_lin set to 1.212761
[imu_filter_madgwick_node-3] [INFO] [1770709665.150576882] [imu_filter]: Parameter RLController.pid_ki_lin set to 0.000000
[imu_filter_madgwick_node-3] [INFO] [1770709665.150659635] [imu_filter]: Parameter RLController.pid_kd_lin set to 0.020000
[imu_filter_madgwick_node-3] [INFO] [1770709665.153668817] [imu_filter]: Parameter RLController.pid_kp_ang set to 1.233640
[imu_filter_madgwick_node-3] [INFO] [1770709665.153845108] [imu_filter]: Parameter RLController.pid_ki_ang set to 0.000000
[imu_filter_madgwick_node-3] [INFO] [1770709665.153920182] [imu_filter]: Parameter RLController.pid_kd_ang set to 0.095346
[imu_filter_madgwick_node-3] [INFO] [1770709665.562184431] [imu_filter]: Parameter RLController.pid_kp_lin set to 1.212761
[imu_filter_madgwick_node-3] [INFO] [1770709665.562502774] [imu_filter]: Parameter RLController.pid_ki_lin set to 0.000000
[imu_filter_madgwick_node-3] [INFO] [1770709665.562584664] [imu_filter]: Parameter RLController.pid_kd_lin set to 0.020000
[imu_filter_madgwick_node-3] [INFO] [1770709665.562656665] [imu_filter]: Parameter RLController.pid_kp_ang set to 1.233640
[imu_filter_madgwick_node-3] [INFO] [1770709665.562722490] [imu_filter]: Parameter RLController.pid_ki_ang set to 0.000000
[imu_filter_madgwick_node-3] [INFO] [1770709665.562783772] [imu_filter]: Parameter RLController.pid_kd_ang set to 0.095346
[imu_filter_madgwick_node-3] [INFO] [1770709665.974628542] [imu_filter]: Parameter RLController.pid_kp_lin set to 1.212761
[imu_filter_madgwick_node-3] [INFO] [1770709665.974837890] [imu_filter]: Parameter RLController.pid_ki_lin set to 0.000000
[imu_filter_madgwick_node-3] [INFO] [1770709665.974920164] [imu_filter]: Parameter RLController.pid_kd_lin set to 0.020000
[imu_filter_madgwick_node-3] [INFO] [1770709665.974980709] [imu_filter]: Parameter RLController.pid_kp_ang set to 1.233640
[imu_filter_madgwick_node-3] [INFO] [1770709665.975045639] [imu_filter]: Parameter RLController.pid_ki_ang set to 0.000000
[imu_filter_madgwick_node-3] [INFO] [1770709665.975102504] [imu_filter]: Parameter RLController.pid_kd_ang set to 0.095346
[imu_filter_madgwick_node-3] [INFO] [1770709666.398974911] [imu_filter]: Parameter RLController.pid_kp_lin set to 1.212761
[imu_filter_madgwick_node-3] [INFO] [1770709666.399184867] [imu_filter]: Parameter RLController.pid_ki_lin set to 0.000000
[imu_filter_madgwick_node-3] [INFO] [1770709666.399264933] [imu_filter]: Parameter RLController.pid_kd_lin set to 0.020000
[imu_filter_madgwick_node-3] [INFO] [1770709666.399863409] [imu_filter]: Parameter RLController.pid_kp_ang set to 1.233640
[imu_filter_madgwick_node-3] [INFO] [1770709666.400011700] [imu_filter]: Parameter RLController.pid_ki_ang set to 0.000000
[imu_filter_madgwick_node-3] [INFO] [1770709666.400085910] [imu_filter]: Parameter RLController.pid_kd_ang set to 0.095346
[imu_filter_madgwick_node-3] [INFO] [1770709666.830225421] [imu_filter]: Parameter RLController.pid_kp_lin set to 1.212761
[imu_filter_madgwick_node-3] [INFO] [1770709666.830436689] [imu_filter]: Parameter RLController.pid_ki_lin set to 0.000000
[imu_filter_madgwick_node-3] [INFO] [1770709666.830630389] [imu_filter]: Parameter RLController.pid_kd_lin set to 0.020000
[imu_filter_madgwick_node-3] [INFO] [1770709666.830705239] [imu_filter]: Parameter RLController.pid_kp_ang set to 1.233640
[imu_filter_madgwick_node-3] [INFO] [1770709666.830768664] [imu_filter]: Parameter RLController.pid_ki_ang set to 0.000000
[imu_filter_madgwick_node-3] [INFO] [1770709666.830835033] [imu_filter]: Parameter RLController.pid_kd_ang set to 0.095346
[imu_filter_madgwick_node-3] [INFO] [1770709667.260824493] [imu_filter]: Parameter RLController.pid_kp_lin set to 1.212761
[imu_filter_madgwick_node-3] [INFO] [1770709667.261036241] [imu_filter]: Parameter RLController.pid_ki_lin set to 0.000000
[imu_filter_madgwick_node-3] [INFO] [1770709667.261221397] [imu_filter]: Parameter RLController.pid_kd_lin set to 0.020000
[imu_filter_madgwick_node-3] [INFO] [1770709667.261300215] [imu_filter]: Parameter RLController.pid_kp_ang set to 1.233640
[imu_filter_madgwick_node-3] [INFO] [1770709667.261369048] [imu_filter]: Parameter RLController.pid_ki_ang set to 0.000000
[imu_filter_madgwick_node-3] [INFO] [1770709667.261432186] [imu_filter]: Parameter RLController.pid_kd_ang set to 0.095346
[imu_filter_madgwick_node-3] [INFO] [1770709667.675349030] [imu_filter]: Parameter RLController.pid_kp_lin set to 1.212761
[imu_filter_madgwick_node-3] [INFO] [1770709667.676013364] [imu_filter]: Parameter RLController.pid_ki_lin set to 0.000000
[imu_filter_madgwick_node-3] [INFO] [1770709667.676137654] [imu_filter]: Parameter RLController.pid_kd_lin set to 0.020000
[imu_filter_madgwick_node-3] [INFO] [1770709667.676214328] [imu_filter]: Parameter RLController.pid_kp_ang set to 1.233640
[imu_filter_madgwick_node-3] [INFO] [1770709667.676291577] [imu_filter]: Parameter RLController.pid_ki_ang set to 0.000000
[imu_filter_madgwick_node-3] [INFO] [1770709667.676355931] [imu_filter]: Parameter RLController.pid_kd_ang set to 0.095346
[imu_filter_madgwick_node-3] [INFO] [1770709668.089195345] [imu_filter]: Parameter RLController.pid_kp_lin set to 1.212761
[imu_filter_madgwick_node-3] [INFO] [1770709668.089409078] [imu_filter]: Parameter RLController.pid_ki_lin set to 0.000000
[imu_filter_madgwick_node-3] [INFO] [1770709668.089650811] [imu_filter]: Parameter RLController.pid_kd_lin set to 0.020000
[imu_filter_madgwick_node-3] [INFO] [1770709668.089727548] [imu_filter]: Parameter RLController.pid_kp_ang set to 1.233640
[imu_filter_madgwick_node-3] [INFO] [1770709668.089787453] [imu_filter]: Parameter RLController.pid_ki_ang set to 0.000000
[imu_filter_madgwick_node-3] [INFO] [1770709668.089845343] [imu_filter]: Parameter RLController.pid_kd_ang set to 0.095346
[imu_filter_madgwick_node-3] [INFO] [1770709668.498692228] [imu_filter]: Parameter RLController.pid_kp_lin set to 1.212761
[imu_filter_madgwick_node-3] [INFO] [1770709668.499055532] [imu_filter]: Parameter RLController.pid_ki_lin set to 0.000000
[imu_filter_madgwick_node-3] [INFO] [1770709668.499147437] [imu_filter]: Parameter RLController.pid_kd_lin set to 0.020000
[imu_filter_madgwick_node-3] [INFO] [1770709668.499220719] [imu_filter]: Parameter RLController.pid_kp_ang set to 1.233640
[imu_filter_madgwick_node-3] [INFO] [1770709668.499287344] [imu_filter]: Parameter RLController.pid_ki_ang set to 0.000000
[imu_filter_madgwick_node-3] [INFO] [1770709668.499349457] [imu_filter]: Parameter RLController.pid_kd_ang set to 0.095346
[imu_filter_madgwick_node-3] [INFO] [1770709668.920944027] [imu_filter]: Parameter RLController.pid_kp_lin set to 1.212761
[imu_filter_madgwick_node-3] [INFO] [1770709668.921283201] [imu_filter]: Parameter RLController.pid_ki_lin set to 0.000000
[imu_filter_madgwick_node-3] [INFO] [1770709668.921399908] [imu_filter]: Parameter RLController.pid_kd_lin set to 0.020000
[imu_filter_madgwick_node-3] [INFO] [1770709668.921501062] [imu_filter]: Parameter RLController.pid_kp_ang set to 1.233640
[imu_filter_madgwick_node-3] [INFO] [1770709668.921582312] [imu_filter]: Parameter RLController.pid_ki_ang set to 0.000000
[imu_filter_madgwick_node-3] [INFO] [1770709668.921648969] [imu_filter]: Parameter RLController.pid_kd_ang set to 0.095346
[imu_filter_madgwick_node-3] [INFO] [1770709669.348237784] [imu_filter]: Parameter RLController.pid_kp_lin set to 1.212761
[imu_filter_madgwick_node-3] [INFO] [1770709669.348456796] [imu_filter]: Parameter RLController.pid_ki_lin set to 0.000000
[imu_filter_madgwick_node-3] [INFO] [1770709669.348536798] [imu_filter]: Parameter RLController.pid_kd_lin set to 0.020000
[imu_filter_madgwick_node-3] [INFO] [1770709669.348602111] [imu_filter]: Parameter RLController.pid_kp_ang set to 1.233640
[imu_filter_madgwick_node-3] [INFO] [1770709669.348666304] [imu_filter]: Parameter RLController.pid_ki_ang set to 0.000000
[imu_filter_madgwick_node-3] [INFO] [1770709669.348725698] [imu_filter]: Parameter RLController.pid_kd_ang set to 0.095346
[imu_filter_madgwick_node-3] [INFO] [1770709669.772182480] [imu_filter]: Parameter RLController.pid_kp_lin set to 1.212761
[imu_filter_madgwick_node-3] [INFO] [1770709669.774141976] [imu_filter]: Parameter RLController.pid_ki_lin set to 0.000000
[imu_filter_madgwick_node-3] [INFO] [1770709669.774303548] [imu_filter]: Parameter RLController.pid_kd_lin set to 0.020000
[imu_filter_madgwick_node-3] [INFO] [1770709669.774388733] [imu_filter]: Parameter RLController.pid_kp_ang set to 1.233640
[imu_filter_madgwick_node-3] [INFO] [1770709669.774548193] [imu_filter]: Parameter RLController.pid_ki_ang set to 0.000000
[imu_filter_madgwick_node-3] [INFO] [1770709669.774618946] [imu_filter]: Parameter RLController.pid_kd_ang set to 0.095346
[imu_filter_madgwick_node-3] [INFO] [1770709670.180736272] [imu_filter]: Parameter RLController.pid_kp_lin set to 1.212761
[imu_filter_madgwick_node-3] [INFO] [1770709670.184354810] [imu_filter]: Parameter RLController.pid_ki_lin set to 0.000000
[imu_filter_madgwick_node-3] [INFO] [1770709670.184579358] [imu_filter]: Parameter RLController.pid_kd_lin set to 0.020000
[imu_filter_madgwick_node-3] [INFO] [1770709670.184687424] [imu_filter]: Parameter RLController.pid_kp_ang set to 1.233640
[imu_filter_madgwick_node-3] [INFO] [1770709670.184759298] [imu_filter]: Parameter RLController.pid_ki_ang set to 0.000000
[imu_filter_madgwick_node-3] [INFO] [1770709670.184824547] [imu_filter]: Parameter RLController.pid_kd_ang set to 0.095346
[imu_filter_madgwick_node-3] [INFO] [1770709670.600380625] [imu_filter]: Parameter RLController.pid_kp_lin set to 1.212761
[imu_filter_madgwick_node-3] [INFO] [1770709670.600572789] [imu_filter]: Parameter RLController.pid_ki_lin set to 0.000000
[imu_filter_madgwick_node-3] [INFO] [1770709670.600642551] [imu_filter]: Parameter RLController.pid_kd_lin set to 0.020000
[imu_filter_madgwick_node-3] [INFO] [1770709670.600708248] [imu_filter]: Parameter RLController.pid_kp_ang set to 1.233640
[imu_filter_madgwick_node-3] [INFO] [1770709670.600771673] [imu_filter]: Parameter RLController.pid_ki_ang set to 0.000000
[imu_filter_madgwick_node-3] [INFO] [1770709670.600830170] [imu_filter]: Parameter RLController.pid_kd_ang set to 0.095346
[imu_filter_madgwick_node-3] [INFO] [1770709671.007517908] [imu_filter]: Parameter RLController.pid_kp_lin set to 1.212761
[imu_filter_madgwick_node-3] [INFO] [1770709671.007775065] [imu_filter]: Parameter RLController.pid_ki_lin set to 0.000000
[imu_filter_madgwick_node-3] [INFO] [1770709671.007863291] [imu_filter]: Parameter RLController.pid_kd_lin set to 0.020000
[imu_filter_madgwick_node-3] [INFO] [1770709671.007932540] [imu_filter]: Parameter RLController.pid_kp_ang set to 1.233640
[imu_filter_madgwick_node-3] [INFO] [1770709671.007997150] [imu_filter]: Parameter RLController.pid_ki_ang set to 0.000000
[imu_filter_madgwick_node-3] [INFO] [1770709671.008057183] [imu_filter]: Parameter RLController.pid_kd_ang set to 0.095346
[imu_filter_madgwick_node-3] [INFO] [1770709671.424457374] [imu_filter]: Parameter RLController.pid_kp_lin set to 1.212761
[imu_filter_madgwick_node-3] [INFO] [1770709671.424655042] [imu_filter]: Parameter RLController.pid_ki_lin set to 0.000000
[imu_filter_madgwick_node-3] [INFO] [1770709671.424726372] [imu_filter]: Parameter RLController.pid_kd_lin set to 0.020000
[imu_filter_madgwick_node-3] [INFO] [1770709671.424788645] [imu_filter]: Parameter RLController.pid_kp_ang set to 1.233640
[imu_filter_madgwick_node-3] [INFO] [1770709671.424845510] [imu_filter]: Parameter RLController.pid_ki_ang set to 0.000000
[imu_filter_madgwick_node-3] [INFO] [1770709671.424916519] [imu_filter]: Parameter RLController.pid_kd_ang set to 0.095346
[imu_filter_madgwick_node-3] [INFO] [1770709671.842732196] [imu_filter]: Parameter RLController.pid_kp_lin set to 1.212761
[imu_filter_madgwick_node-3] [INFO] [1770709671.845185365] [imu_filter]: Parameter RLController.pid_ki_lin set to 0.000000
[imu_filter_madgwick_node-3] [INFO] [1770709671.845359129] [imu_filter]: Parameter RLController.pid_kd_lin set to 0.020000
[imu_filter_madgwick_node-3] [INFO] [1770709671.845445979] [imu_filter]: Parameter RLController.pid_kp_ang set to 1.233640
[imu_filter_madgwick_node-3] [INFO] [1770709671.845560189] [imu_filter]: Parameter RLController.pid_ki_ang set to 0.000000
[imu_filter_madgwick_node-3] [INFO] [1770709671.845632415] [imu_filter]: Parameter RLController.pid_kd_ang set to 0.095346
[imu_filter_madgwick_node-3] [INFO] [1770709672.261418065] [imu_filter]: Parameter RLController.pid_kp_lin set to 1.212761
[imu_filter_madgwick_node-3] [INFO] [1770709672.264874232] [imu_filter]: Parameter RLController.pid_ki_lin set to 0.000000
[imu_filter_madgwick_node-3] [INFO] [1770709672.265053531] [imu_filter]: Parameter RLController.pid_kd_lin set to 0.020000
[imu_filter_madgwick_node-3] [INFO] [1770709672.265126813] [imu_filter]: Parameter RLController.pid_kp_ang set to 1.233640
[imu_filter_madgwick_node-3] [INFO] [1770709672.265188830] [imu_filter]: Parameter RLController.pid_ki_ang set to 0.000000
[imu_filter_madgwick_node-3] [INFO] [1770709672.265247295] [imu_filter]: Parameter RLController.pid_kd_ang set to 0.095346
[imu_filter_madgwick_node-3] [INFO] [1770709672.686098393] [imu_filter]: Parameter RLController.pid_kp_lin set to 1.212761
[imu_filter_madgwick_node-3] [INFO] [1770709672.686417984] [imu_filter]: Parameter RLController.pid_ki_lin set to 0.000000
[imu_filter_madgwick_node-3] [INFO] [1770709672.686523010] [imu_filter]: Parameter RLController.pid_kd_lin set to 0.020000
[imu_filter_madgwick_node-3] [INFO] [1770709672.686605796] [imu_filter]: Parameter RLController.pid_kp_ang set to 1.233640
[imu_filter_madgwick_node-3] [INFO] [1770709672.686678565] [imu_filter]: Parameter RLController.pid_ki_ang set to 0.000000
[imu_filter_madgwick_node-3] [INFO] [1770709672.689069302] [imu_filter]: Parameter RLController.pid_kd_ang set to 0.095346
[imu_filter_madgwick_node-3] [INFO] [1770709673.107751523] [imu_filter]: Parameter RLController.pid_kp_lin set to 1.212761
[imu_filter_madgwick_node-3] [INFO] [1770709673.107982856] [imu_filter]: Parameter RLController.pid_ki_lin set to 0.000000
[imu_filter_madgwick_node-3] [INFO] [1770709673.108067754] [imu_filter]: Parameter RLController.pid_kd_lin set to 0.020000
[imu_filter_madgwick_node-3] [INFO] [1770709673.108141067] [imu_filter]: Parameter RLController.pid_kp_ang set to 1.233640
[imu_filter_madgwick_node-3] [INFO] [1770709673.108203533] [imu_filter]: Parameter RLController.pid_ki_ang set to 0.000000
[imu_filter_madgwick_node-3] [INFO] [1770709673.108266830] [imu_filter]: Parameter RLController.pid_kd_ang set to 0.095346
[imu_filter_madgwick_node-3] [INFO] [1770709673.526867546] [imu_filter]: Parameter RLController.pid_kp_lin set to 1.212761
[imu_filter_madgwick_node-3] [INFO] [1770709673.527075422] [imu_filter]: Parameter RLController.pid_ki_lin set to 0.000000
[imu_filter_madgwick_node-3] [INFO] [1770709673.527159456] [imu_filter]: Parameter RLController.pid_kd_lin set to 0.020000
[imu_filter_madgwick_node-3] [INFO] [1770709673.527224289] [imu_filter]: Parameter RLController.pid_kp_ang set to 1.233640
[imu_filter_madgwick_node-3] [INFO] [1770709673.527284418] [imu_filter]: Parameter RLController.pid_ki_ang set to 0.000000
[imu_filter_madgwick_node-3] [INFO] [1770709673.527343844] [imu_filter]: Parameter RLController.pid_kd_ang set to 0.095346
[imu_filter_madgwick_node-3] [INFO] [1770709673.939057123] [imu_filter]: Parameter RLController.pid_kp_lin set to 1.212761
[imu_filter_madgwick_node-3] [INFO] [1770709673.940329597] [imu_filter]: Parameter RLController.pid_ki_lin set to 0.000000
[imu_filter_madgwick_node-3] [INFO] [1770709673.940512065] [imu_filter]: Parameter RLController.pid_kd_lin set to 0.020000
[imu_filter_madgwick_node-3] [INFO] [1770709673.940594883] [imu_filter]: Parameter RLController.pid_kp_ang set to 1.233640
[imu_filter_madgwick_node-3] [INFO] [1770709673.940663940] [imu_filter]: Parameter RLController.pid_ki_ang set to 0.000000
[imu_filter_madgwick_node-3] [INFO] [1770709673.940730886] [imu_filter]: Parameter RLController.pid_kd_ang set to 0.095346
[imu_filter_madgwick_node-3] [INFO] [1770709674.369261980] [imu_filter]: Parameter RLController.pid_kp_lin set to 1.212761
[imu_filter_madgwick_node-3] [INFO] [1770709674.369464256] [imu_filter]: Parameter RLController.pid_ki_lin set to 0.000000
[imu_filter_madgwick_node-3] [INFO] [1770709674.369577858] [imu_filter]: Parameter RLController.pid_kd_lin set to 0.020000
[imu_filter_madgwick_node-3] [INFO] [1770709674.369652740] [imu_filter]: Parameter RLController.pid_kp_ang set to 1.233640
[imu_filter_madgwick_node-3] [INFO] [1770709674.369719013] [imu_filter]: Parameter RLController.pid_ki_ang set to 0.000000
[imu_filter_madgwick_node-3] [INFO] [1770709674.369783814] [imu_filter]: Parameter RLController.pid_kd_ang set to 0.095346
[imu_filter_madgwick_node-3] [INFO] [1770709674.793110835] [imu_filter]: Parameter RLController.pid_kp_lin set to 1.212761
[imu_filter_madgwick_node-3] [INFO] [1770709674.793321943] [imu_filter]: Parameter RLController.pid_ki_lin set to 0.000000
[imu_filter_madgwick_node-3] [INFO] [1770709674.793399769] [imu_filter]: Parameter RLController.pid_kd_lin set to 0.020000
[imu_filter_madgwick_node-3] [INFO] [1770709674.793564060] [imu_filter]: Parameter RLController.pid_kp_ang set to 1.233640
[imu_filter_madgwick_node-3] [INFO] [1770709674.793870178] [imu_filter]: Parameter RLController.pid_ki_ang set to 0.000000
[imu_filter_madgwick_node-3] [INFO] [1770709674.793961092] [imu_filter]: Parameter RLController.pid_kd_ang set to 0.095346
[imu_filter_madgwick_node-3] [INFO] [1770709675.202761257] [imu_filter]: Parameter RLController.pid_kp_lin set to 1.212761
[imu_filter_madgwick_node-3] [INFO] [1770709675.203114704] [imu_filter]: Parameter RLController.pid_ki_lin set to 0.000000
[imu_filter_madgwick_node-3] [INFO] [1770709675.203200017] [imu_filter]: Parameter RLController.pid_kd_lin set to 0.020000
[imu_filter_madgwick_node-3] [INFO] [1770709675.203265907] [imu_filter]: Parameter RLController.pid_kp_ang set to 1.233640
[imu_filter_madgwick_node-3] [INFO] [1770709675.203327476] [imu_filter]: Parameter RLController.pid_ki_ang set to 0.000000
[imu_filter_madgwick_node-3] [INFO] [1770709675.203391797] [imu_filter]: Parameter RLController.pid_kd_ang set to 0.095346
[imu_filter_madgwick_node-3] [INFO] [1770709675.618842945] [imu_filter]: Parameter RLController.pid_kp_lin set to 1.212761
[imu_filter_madgwick_node-3] [INFO] [1770709675.619221801] [imu_filter]: Parameter RLController.pid_ki_lin set to 0.000000
[imu_filter_madgwick_node-3] [INFO] [1770709675.619327019] [imu_filter]: Parameter RLController.pid_kd_lin set to 0.020000
[imu_filter_madgwick_node-3] [INFO] [1770709675.619400077] [imu_filter]: Parameter RLController.pid_kp_ang set to 1.233640
[imu_filter_madgwick_node-3] [INFO] [1770709675.619461710] [imu_filter]: Parameter RLController.pid_ki_ang set to 0.000000
[imu_filter_madgwick_node-3] [INFO] [1770709675.619522831] [imu_filter]: Parameter RLController.pid_kd_ang set to 0.095346
[imu_filter_madgwick_node-3] [INFO] [1770709676.029691279] [imu_filter]: Parameter RLController.pid_kp_lin set to 1.212761
[imu_filter_madgwick_node-3] [INFO] [1770709676.030036983] [imu_filter]: Parameter RLController.pid_ki_lin set to 0.000000
[imu_filter_madgwick_node-3] [INFO] [1770709676.030145017] [imu_filter]: Parameter RLController.pid_kd_lin set to 0.020000
[imu_filter_madgwick_node-3] [INFO] [1770709676.030210586] [imu_filter]: Parameter RLController.pid_kp_ang set to 1.233640
[imu_filter_madgwick_node-3] [INFO] [1770709676.030271739] [imu_filter]: Parameter RLController.pid_ki_ang set to 0.000000
[imu_filter_madgwick_node-3] [INFO] [1770709676.030330845] [imu_filter]: Parameter RLController.pid_kd_ang set to 0.095346
[imu_filter_madgwick_node-3] [INFO] [1770709676.445661030] [imu_filter]: Parameter RLController.pid_kp_lin set to 1.212761
[imu_filter_madgwick_node-3] [INFO] [1770709676.446032110] [imu_filter]: Parameter RLController.pid_ki_lin set to 0.000000
[imu_filter_madgwick_node-3] [INFO] [1770709676.446182033] [imu_filter]: Parameter RLController.pid_kd_lin set to 0.020000
[imu_filter_madgwick_node-3] [INFO] [1770709676.446272626] [imu_filter]: Parameter RLController.pid_kp_ang set to 1.233640
[imu_filter_madgwick_node-3] [INFO] [1770709676.446339668] [imu_filter]: Parameter RLController.pid_ki_ang set to 0.000000
[imu_filter_madgwick_node-3] [INFO] [1770709676.446406229] [imu_filter]: Parameter RLController.pid_kd_ang set to 0.095346
[imu_filter_madgwick_node-3] [INFO] [1770709676.869475644] [imu_filter]: Parameter RLController.pid_kp_lin set to 1.212761
[imu_filter_madgwick_node-3] [INFO] [1770709676.869703073] [imu_filter]: Parameter RLController.pid_ki_lin set to 0.000000
[imu_filter_madgwick_node-3] [INFO] [1770709676.870718806] [imu_filter]: Parameter RLController.pid_kd_lin set to 0.020000
[imu_filter_madgwick_node-3] [INFO] [1770709676.871403555] [imu_filter]: Parameter RLController.pid_kp_ang set to 1.233640
[imu_filter_madgwick_node-3] [INFO] [1770709676.871488581] [imu_filter]: Parameter RLController.pid_ki_ang set to 0.000000
[imu_filter_madgwick_node-3] [INFO] [1770709676.871786379] [imu_filter]: Parameter RLController.pid_kd_ang set to 0.095346
[imu_filter_madgwick_node-3] [INFO] [1770709677.279351703] [imu_filter]: Parameter RLController.pid_kp_lin set to 1.212761
[imu_filter_madgwick_node-3] [INFO] [1770709677.279766015] [imu_filter]: Parameter RLController.pid_ki_lin set to 0.000000
[imu_filter_madgwick_node-3] [INFO] [1770709677.279896130] [imu_filter]: Parameter RLController.pid_kd_lin set to 0.020000
[imu_filter_madgwick_node-3] [INFO] [1770709677.279986724] [imu_filter]: Parameter RLController.pid_kp_ang set to 1.233640
[imu_filter_madgwick_node-3] [INFO] [1770709677.280053925] [imu_filter]: Parameter RLController.pid_ki_ang set to 0.000000
[imu_filter_madgwick_node-3] [INFO] [1770709677.280119398] [imu_filter]: Parameter RLController.pid_kd_ang set to 0.095346
[imu_filter_madgwick_node-3] [INFO] [1770709677.689254482] [imu_filter]: Parameter RLController.pid_kp_lin set to 1.212761
[imu_filter_madgwick_node-3] [INFO] [1770709677.692994142] [imu_filter]: Parameter RLController.pid_ki_lin set to 0.000000
[imu_filter_madgwick_node-3] [INFO] [1770709677.693629675] [imu_filter]: Parameter RLController.pid_kd_lin set to 0.020000
[imu_filter_madgwick_node-3] [INFO] [1770709677.693790798] [imu_filter]: Parameter RLController.pid_kp_ang set to 1.233640
[imu_filter_madgwick_node-3] [INFO] [1770709677.694175702] [imu_filter]: Parameter RLController.pid_ki_ang set to 0.000000
[imu_filter_madgwick_node-3] [INFO] [1770709677.694287160] [imu_filter]: Parameter RLController.pid_kd_ang set to 0.095346
[imu_filter_madgwick_node-3] [INFO] [1770709678.103599655] [imu_filter]: Parameter RLController.pid_kp_lin set to 1.212761
[imu_filter_madgwick_node-3] [INFO] [1770709678.103937646] [imu_filter]: Parameter RLController.pid_ki_lin set to 0.000000
[imu_filter_madgwick_node-3] [INFO] [1770709678.104027536] [imu_filter]: Parameter RLController.pid_kd_lin set to 0.020000
[imu_filter_madgwick_node-3] [INFO] [1770709678.104096465] [imu_filter]: Parameter RLController.pid_kp_ang set to 1.233640
[imu_filter_madgwick_node-3] [INFO] [1770709678.104163634] [imu_filter]: Parameter RLController.pid_ki_ang set to 0.000000
[imu_filter_madgwick_node-3] [INFO] [1770709678.104228660] [imu_filter]: Parameter RLController.pid_kd_ang set to 0.095346
[imu_filter_madgwick_node-3] [INFO] [1770709678.528857915] [imu_filter]: Parameter RLController.pid_kp_lin set to 1.212761
[imu_filter_madgwick_node-3] [INFO] [1770709678.531910809] [imu_filter]: Parameter RLController.pid_ki_lin set to 0.000000
[imu_filter_madgwick_node-3] [INFO] [1770709678.532091228] [imu_filter]: Parameter RLController.pid_kd_lin set to 0.020000
[imu_filter_madgwick_node-3] [INFO] [1770709678.532163262] [imu_filter]: Parameter RLController.pid_kp_ang set to 1.233640
[imu_filter_madgwick_node-3] [INFO] [1770709678.532231807] [imu_filter]: Parameter RLController.pid_ki_ang set to 0.000000
[imu_filter_madgwick_node-3] [INFO] [1770709678.532294561] [imu_filter]: Parameter RLController.pid_kd_ang set to 0.095346
[imu_filter_madgwick_node-3] [INFO] [1770709678.954446965] [imu_filter]: Parameter RLController.pid_kp_lin set to 1.212761
[imu_filter_madgwick_node-3] [INFO] [1770709678.954790588] [imu_filter]: Parameter RLController.pid_ki_lin set to 0.000000
[imu_filter_madgwick_node-3] [INFO] [1770709678.954980512] [imu_filter]: Parameter RLController.pid_kd_lin set to 0.020000
[imu_filter_madgwick_node-3] [INFO] [1770709678.955054881] [imu_filter]: Parameter RLController.pid_kp_ang set to 1.233640
[imu_filter_madgwick_node-3] [INFO] [1770709678.955128323] [imu_filter]: Parameter RLController.pid_ki_ang set to 0.000000
[imu_filter_madgwick_node-3] [INFO] [1770709678.955194532] [imu_filter]: Parameter RLController.pid_kd_ang set to 0.095346
[imu_filter_madgwick_node-3] [INFO] [1770709679.358478616] [imu_filter]: Parameter RLController.pid_kp_lin set to 1.212761
[imu_filter_madgwick_node-3] [INFO] [1770709679.358704317] [imu_filter]: Parameter RLController.pid_ki_lin set to 0.000000
[imu_filter_madgwick_node-3] [INFO] [1770709679.358781438] [imu_filter]: Parameter RLController.pid_kd_lin set to 0.020000
[imu_filter_madgwick_node-3] [INFO] [1770709679.358847744] [imu_filter]: Parameter RLController.pid_kp_ang set to 1.233640
[imu_filter_madgwick_node-3] [INFO] [1770709679.358907265] [imu_filter]: Parameter RLController.pid_ki_ang set to 0.000000
[imu_filter_madgwick_node-3] [INFO] [1770709679.358967778] [imu_filter]: Parameter RLController.pid_kd_ang set to 0.095346
[imu_filter_madgwick_node-3] [INFO] [1770709679.790448629] [imu_filter]: Parameter RLController.pid_kp_lin set to 1.212761
[imu_filter_madgwick_node-3] [INFO] [1770709679.790643577] [imu_filter]: Parameter RLController.pid_ki_lin set to 0.000000
[imu_filter_madgwick_node-3] [INFO] [1770709679.790718778] [imu_filter]: Parameter RLController.pid_kd_lin set to 0.020000
[imu_filter_madgwick_node-3] [INFO] [1770709679.790784539] [imu_filter]: Parameter RLController.pid_kp_ang set to 1.233640
[imu_filter_madgwick_node-3] [INFO] [1770709679.790848989] [imu_filter]: Parameter RLController.pid_ki_ang set to 0.000000
[imu_filter_madgwick_node-3] [INFO] [1770709679.790911774] [imu_filter]: Parameter RLController.pid_kd_ang set to 0.095346
[imu_filter_madgwick_node-3] [INFO] [1770709680.204294336] [imu_filter]: Parameter RLController.pid_kp_lin set to 1.212761
[imu_filter_madgwick_node-3] [INFO] [1770709680.204514084] [imu_filter]: Parameter RLController.pid_ki_lin set to 0.000000
[imu_filter_madgwick_node-3] [INFO] [1770709680.204592998] [imu_filter]: Parameter RLController.pid_kd_lin set to 0.020000
[imu_filter_madgwick_node-3] [INFO] [1770709680.204663335] [imu_filter]: Parameter RLController.pid_kp_ang set to 1.233640
[imu_filter_madgwick_node-3] [INFO] [1770709680.204725737] [imu_filter]: Parameter RLController.pid_ki_ang set to 0.000000
[imu_filter_madgwick_node-3] [INFO] [1770709680.204784426] [imu_filter]: Parameter RLController.pid_kd_ang set to 0.095346
[imu_filter_madgwick_node-3] [INFO] [1770709680.645991778] [imu_filter]: Parameter RLController.pid_kp_lin set to 1.212761
[imu_filter_madgwick_node-3] [INFO] [1770709680.646196230] [imu_filter]: Parameter RLController.pid_ki_lin set to 0.000000
[imu_filter_madgwick_node-3] [INFO] [1770709680.646265608] [imu_filter]: Parameter RLController.pid_kd_lin set to 0.020000
[imu_filter_madgwick_node-3] [INFO] [1770709680.646329929] [imu_filter]: Parameter RLController.pid_kp_ang set to 1.233640
[imu_filter_madgwick_node-3] [INFO] [1770709680.646393098] [imu_filter]: Parameter RLController.pid_ki_ang set to 0.000000
[imu_filter_madgwick_node-3] [INFO] [1770709680.646455948] [imu_filter]: Parameter RLController.pid_kd_ang set to 0.095346
[imu_filter_madgwick_node-3] [INFO] [1770709681.057024180] [imu_filter]: Parameter RLController.pid_kp_lin set to 1.212761
[imu_filter_madgwick_node-3] [INFO] [1770709681.059141375] [imu_filter]: Parameter RLController.pid_ki_lin set to 0.000000
[imu_filter_madgwick_node-3] [INFO] [1770709681.059465638] [imu_filter]: Parameter RLController.pid_kd_lin set to 0.020000
[imu_filter_madgwick_node-3] [INFO] [1770709681.059570248] [imu_filter]: Parameter RLController.pid_kp_ang set to 1.233640
[imu_filter_madgwick_node-3] [INFO] [1770709681.059637577] [imu_filter]: Parameter RLController.pid_ki_ang set to 0.000000
[imu_filter_madgwick_node-3] [INFO] [1770709681.059702059] [imu_filter]: Parameter RLController.pid_kd_ang set to 0.095346
[imu_filter_madgwick_node-3] [INFO] [1770709681.473547542] [imu_filter]: Parameter RLController.pid_kp_lin set to 1.212761
[imu_filter_madgwick_node-3] [INFO] [1770709681.473873405] [imu_filter]: Parameter RLController.pid_ki_lin set to 0.000000
[imu_filter_madgwick_node-3] [INFO] [1770709681.473982815] [imu_filter]: Parameter RLController.pid_kd_lin set to 0.020000
[imu_filter_madgwick_node-3] [INFO] [1770709681.474059520] [imu_filter]: Parameter RLController.pid_kp_ang set to 1.233640
[imu_filter_madgwick_node-3] [INFO] [1770709681.474122722] [imu_filter]: Parameter RLController.pid_ki_ang set to 0.000000
[imu_filter_madgwick_node-3] [INFO] [1770709681.474183427] [imu_filter]: Parameter RLController.pid_kd_ang set to 0.095346
[imu_filter_madgwick_node-3] [INFO] [1770709681.892415111] [imu_filter]: Parameter RLController.pid_kp_lin set to 1.212761
[imu_filter_madgwick_node-3] [INFO] [1770709681.894675605] [imu_filter]: Parameter RLController.pid_ki_lin set to 0.000000
[imu_filter_madgwick_node-3] [INFO] [1770709681.894877594] [imu_filter]: Parameter RLController.pid_kd_lin set to 0.020000
[imu_filter_madgwick_node-3] [INFO] [1770709681.894952603] [imu_filter]: Parameter RLController.pid_kp_ang set to 1.233640
[imu_filter_madgwick_node-3] [INFO] [1770709681.895155775] [imu_filter]: Parameter RLController.pid_ki_ang set to 0.000000
[imu_filter_madgwick_node-3] [INFO] [1770709681.895228929] [imu_filter]: Parameter RLController.pid_kd_ang set to 0.095346
[imu_filter_madgwick_node-3] [INFO] [1770709682.315007589] [imu_filter]: Parameter RLController.pid_kp_lin set to 1.212761
[imu_filter_madgwick_node-3] [INFO] [1770709682.315197705] [imu_filter]: Parameter RLController.pid_ki_lin set to 0.000000
[imu_filter_madgwick_node-3] [INFO] [1770709682.315269066] [imu_filter]: Parameter RLController.pid_kd_lin set to 0.020000
[imu_filter_madgwick_node-3] [INFO] [1770709682.315338475] [imu_filter]: Parameter RLController.pid_kp_ang set to 1.233640
[imu_filter_madgwick_node-3] [INFO] [1770709682.315453230] [imu_filter]: Parameter RLController.pid_ki_ang set to 0.000000
[imu_filter_madgwick_node-3] [INFO] [1770709682.315533263] [imu_filter]: Parameter RLController.pid_kd_ang set to 0.095346
[imu_filter_madgwick_node-3] [INFO] [1770709682.743343415] [imu_filter]: Parameter RLController.pid_kp_lin set to 1.212761
[imu_filter_madgwick_node-3] [INFO] [1770709682.743555227] [imu_filter]: Parameter RLController.pid_ki_lin set to 0.000000
[imu_filter_madgwick_node-3] [INFO] [1770709682.743627421] [imu_filter]: Parameter RLController.pid_kd_lin set to 0.020000
[imu_filter_madgwick_node-3] [INFO] [1770709682.750808815] [imu_filter]: Parameter RLController.pid_kp_ang set to 1.233640
[imu_filter_madgwick_node-3] [INFO] [1770709682.753754795] [imu_filter]: Parameter RLController.pid_ki_ang set to 0.000000
[imu_filter_madgwick_node-3] [INFO] [1770709682.755219785] [imu_filter]: Parameter RLController.pid_kd_ang set to 0.095346
[imu_filter_madgwick_node-3] [INFO] [1770709683.170217964] [imu_filter]: Parameter RLController.pid_kp_lin set to 1.212761
[imu_filter_madgwick_node-3] [INFO] [1770709683.170506129] [imu_filter]: Parameter RLController.pid_ki_lin set to 0.000000
[imu_filter_madgwick_node-3] [INFO] [1770709683.172603836] [imu_filter]: Parameter RLController.pid_kd_lin set to 0.020000
[imu_filter_madgwick_node-3] [INFO] [1770709683.172852321] [imu_filter]: Parameter RLController.pid_kp_ang set to 1.233640
[imu_filter_madgwick_node-3] [INFO] [1770709683.172987812] [imu_filter]: Parameter RLController.pid_ki_ang set to 0.000000
[imu_filter_madgwick_node-3] [INFO] [1770709683.173065574] [imu_filter]: Parameter RLController.pid_kd_ang set to 0.095346
[imu_filter_madgwick_node-3] [INFO] [1770709683.581715303] [imu_filter]: Parameter RLController.pid_kp_lin set to 1.212761
[imu_filter_madgwick_node-3] [INFO] [1770709683.581905771] [imu_filter]: Parameter RLController.pid_ki_lin set to 0.000000
[imu_filter_madgwick_node-3] [INFO] [1770709683.581973100] [imu_filter]: Parameter RLController.pid_kd_lin set to 0.020000
[imu_filter_madgwick_node-3] [INFO] [1770709683.582036942] [imu_filter]: Parameter RLController.pid_kp_ang set to 1.233640
[imu_filter_madgwick_node-3] [INFO] [1770709683.582097839] [imu_filter]: Parameter RLController.pid_ki_ang set to 0.000000
[imu_filter_madgwick_node-3] [INFO] [1770709683.582158640] [imu_filter]: Parameter RLController.pid_kd_ang set to 0.095346
[imu_filter_madgwick_node-3] [INFO] [1770709683.993706668] [imu_filter]: Parameter RLController.pid_kp_lin set to 1.212761
[imu_filter_madgwick_node-3] [INFO] [1770709683.993928049] [imu_filter]: Parameter RLController.pid_ki_lin set to 0.000000
[imu_filter_madgwick_node-3] [INFO] [1770709683.994010483] [imu_filter]: Parameter RLController.pid_kd_lin set to 0.020000
[imu_filter_madgwick_node-3] [INFO] [1770709683.994083956] [imu_filter]: Parameter RLController.pid_kp_ang set to 1.233640
[imu_filter_madgwick_node-3] [INFO] [1770709683.994148533] [imu_filter]: Parameter RLController.pid_ki_ang set to 0.000000
[imu_filter_madgwick_node-3] [INFO] [1770709683.994212535] [imu_filter]: Parameter RLController.pid_kd_ang set to 0.095346
[imu_filter_madgwick_node-3] [INFO] [1770709684.406730183] [imu_filter]: Parameter RLController.pid_kp_lin set to 1.212761
[imu_filter_madgwick_node-3] [INFO] [1770709684.406950539] [imu_filter]: Parameter RLController.pid_ki_lin set to 0.000000
[imu_filter_madgwick_node-3] [INFO] [1770709684.407020781] [imu_filter]: Parameter RLController.pid_kd_lin set to 0.020000
[imu_filter_madgwick_node-3] [INFO] [1770709684.407086126] [imu_filter]: Parameter RLController.pid_kp_ang set to 1.233640
[imu_filter_madgwick_node-3] [INFO] [1770709684.409846438] [imu_filter]: Parameter RLController.pid_ki_ang set to 0.000000
[imu_filter_madgwick_node-3] [INFO] [1770709684.410020426] [imu_filter]: Parameter RLController.pid_kd_ang set to 0.095346
[imu_filter_madgwick_node-3] [INFO] [1770709684.831534001] [imu_filter]: Parameter RLController.pid_kp_lin set to 1.212761
[imu_filter_madgwick_node-3] [INFO] [1770709684.831736949] [imu_filter]: Parameter RLController.pid_ki_lin set to 0.000000
[imu_filter_madgwick_node-3] [INFO] [1770709684.831812151] [imu_filter]: Parameter RLController.pid_kd_lin set to 0.020000
[imu_filter_madgwick_node-3] [INFO] [1770709684.831880344] [imu_filter]: Parameter RLController.pid_kp_ang set to 1.233640
[imu_filter_madgwick_node-3] [INFO] [1770709684.831938810] [imu_filter]: Parameter RLController.pid_ki_ang set to 0.000000
[imu_filter_madgwick_node-3] [INFO] [1770709684.831998203] [imu_filter]: Parameter RLController.pid_kd_ang set to 0.095346
[imu_filter_madgwick_node-3] [INFO] [1770709685.252514510] [imu_filter]: Parameter RLController.pid_kp_lin set to 1.212761
[imu_filter_madgwick_node-3] [INFO] [1770709685.252774771] [imu_filter]: Parameter RLController.pid_ki_lin set to 0.000000
[imu_filter_madgwick_node-3] [INFO] [1770709685.252890838] [imu_filter]: Parameter RLController.pid_kd_lin set to 0.020000
[imu_filter_madgwick_node-3] [INFO] [1770709685.252975255] [imu_filter]: Parameter RLController.pid_kp_ang set to 1.233640
[imu_filter_madgwick_node-3] [INFO] [1770709685.253044825] [imu_filter]: Parameter RLController.pid_ki_ang set to 0.000000
[imu_filter_madgwick_node-3] [INFO] [1770709685.253121594] [imu_filter]: Parameter RLController.pid_kd_ang set to 0.095346
[imu_filter_madgwick_node-3] [INFO] [1770709685.663534720] [imu_filter]: Parameter RLController.pid_kp_lin set to 1.212761
[imu_filter_madgwick_node-3] [INFO] [1770709685.663780293] [imu_filter]: Parameter RLController.pid_ki_lin set to 0.000000
[imu_filter_madgwick_node-3] [INFO] [1770709685.663864774] [imu_filter]: Parameter RLController.pid_kd_lin set to 0.020000
[imu_filter_madgwick_node-3] [INFO] [1770709685.663933512] [imu_filter]: Parameter RLController.pid_kp_ang set to 1.233640
[imu_filter_madgwick_node-3] [INFO] [1770709685.663992905] [imu_filter]: Parameter RLController.pid_ki_ang set to 0.000000
[imu_filter_madgwick_node-3] [INFO] [1770709685.664054602] [imu_filter]: Parameter RLController.pid_kd_ang set to 0.095346
[imu_filter_madgwick_node-3] [INFO] [1770709686.072378789] [imu_filter]: Parameter RLController.pid_kp_lin set to 1.212761
[imu_filter_madgwick_node-3] [INFO] [1770709686.072614378] [imu_filter]: Parameter RLController.pid_ki_lin set to 0.000000
[imu_filter_madgwick_node-3] [INFO] [1770709686.072696651] [imu_filter]: Parameter RLController.pid_kd_lin set to 0.020000
[imu_filter_madgwick_node-3] [INFO] [1770709686.072762093] [imu_filter]: Parameter RLController.pid_kp_ang set to 1.233640
[imu_filter_madgwick_node-3] [INFO] [1770709686.072823278] [imu_filter]: Parameter RLController.pid_ki_ang set to 0.000000
[imu_filter_madgwick_node-3] [INFO] [1770709686.072885903] [imu_filter]: Parameter RLController.pid_kd_ang set to 0.095346
[imu_filter_madgwick_node-3] [INFO] [1770709686.486996416] [imu_filter]: Parameter RLController.pid_kp_lin set to 1.212761
[imu_filter_madgwick_node-3] [INFO] [1770709686.487401864] [imu_filter]: Parameter RLController.pid_ki_lin set to 0.000000
[imu_filter_madgwick_node-3] [INFO] [1770709686.487503594] [imu_filter]: Parameter RLController.pid_kd_lin set to 0.020000
[imu_filter_madgwick_node-3] [INFO] [1770709686.487577004] [imu_filter]: Parameter RLController.pid_kp_ang set to 1.233640
[imu_filter_madgwick_node-3] [INFO] [1770709686.487789520] [imu_filter]: Parameter RLController.pid_ki_ang set to 0.000000
[imu_filter_madgwick_node-3] [INFO] [1770709686.487874898] [imu_filter]: Parameter RLController.pid_kd_ang set to 0.095346
[imu_filter_madgwick_node-3] [INFO] [1770709686.899661747] [imu_filter]: Parameter RLController.pid_kp_lin set to 1.212761
[imu_filter_madgwick_node-3] [INFO] [1770709686.899861911] [imu_filter]: Parameter RLController.pid_ki_lin set to 0.000000
[imu_filter_madgwick_node-3] [INFO] [1770709686.899942713] [imu_filter]: Parameter RLController.pid_kd_lin set to 0.020000
[imu_filter_madgwick_node-3] [INFO] [1770709686.900006938] [imu_filter]: Parameter RLController.pid_kp_ang set to 1.233640
[imu_filter_madgwick_node-3] [INFO] [1770709686.900067771] [imu_filter]: Parameter RLController.pid_ki_ang set to 0.000000
[imu_filter_madgwick_node-3] [INFO] [1770709686.900120444] [imu_filter]: Parameter RLController.pid_kd_ang set to 0.095346
[imu_filter_madgwick_node-3] [INFO] [1770709687.314900699] [imu_filter]: Parameter RLController.pid_kp_lin set to 1.212761
[imu_filter_madgwick_node-3] [INFO] [1770709687.315315075] [imu_filter]: Parameter RLController.pid_ki_lin set to 0.000000
[imu_filter_madgwick_node-3] [INFO] [1770709687.315416485] [imu_filter]: Parameter RLController.pid_kd_lin set to 0.020000
[imu_filter_madgwick_node-3] [INFO] [1770709687.315483495] [imu_filter]: Parameter RLController.pid_kp_ang set to 1.233640
[imu_filter_madgwick_node-3] [INFO] [1770709687.315546216] [imu_filter]: Parameter RLController.pid_ki_ang set to 0.000000
[imu_filter_madgwick_node-3] [INFO] [1770709687.315606857] [imu_filter]: Parameter RLController.pid_kd_ang set to 0.095346
[imu_filter_madgwick_node-3] [INFO] [1770709687.743210156] [imu_filter]: Parameter RLController.pid_kp_lin set to 1.212761
[imu_filter_madgwick_node-3] [INFO] [1770709687.743406768] [imu_filter]: Parameter RLController.pid_ki_lin set to 0.000000
[imu_filter_madgwick_node-3] [INFO] [1770709687.743477618] [imu_filter]: Parameter RLController.pid_kd_lin set to 0.020000
[imu_filter_madgwick_node-3] [INFO] [1770709687.747720264] [imu_filter]: Parameter RLController.pid_kp_ang set to 1.233640
[imu_filter_madgwick_node-3] [INFO] [1770709687.751339698] [imu_filter]: Parameter RLController.pid_ki_ang set to 0.000000
[imu_filter_madgwick_node-3] [INFO] [1770709687.751529302] [imu_filter]: Parameter RLController.pid_kd_ang set to 0.095346
[imu_filter_madgwick_node-3] [INFO] [1770709688.168203771] [imu_filter]: Parameter RLController.pid_kp_lin set to 1.212761
[imu_filter_madgwick_node-3] [INFO] [1770709688.168541570] [imu_filter]: Parameter RLController.pid_ki_lin set to 0.000000
[imu_filter_madgwick_node-3] [INFO] [1770709688.168630051] [imu_filter]: Parameter RLController.pid_kd_lin set to 0.020000
[imu_filter_madgwick_node-3] [INFO] [1770709688.168699909] [imu_filter]: Parameter RLController.pid_kp_ang set to 1.233640
[imu_filter_madgwick_node-3] [INFO] [1770709688.168802151] [imu_filter]: Parameter RLController.pid_ki_ang set to 0.000000
[imu_filter_madgwick_node-3] [INFO] [1770709688.168984523] [imu_filter]: Parameter RLController.pid_kd_ang set to 0.095346
[imu_filter_madgwick_node-3] [INFO] [1770709688.582567856] [imu_filter]: Parameter RLController.pid_kp_lin set to 1.212761
[imu_filter_madgwick_node-3] [INFO] [1770709688.582916184] [imu_filter]: Parameter RLController.pid_ki_lin set to 0.000000
[imu_filter_madgwick_node-3] [INFO] [1770709688.583020922] [imu_filter]: Parameter RLController.pid_kd_lin set to 0.020000
[imu_filter_madgwick_node-3] [INFO] [1770709688.583092539] [imu_filter]: Parameter RLController.pid_kp_ang set to 1.233640
[imu_filter_madgwick_node-3] [INFO] [1770709688.583163549] [imu_filter]: Parameter RLController.pid_ki_ang set to 0.000000
[imu_filter_madgwick_node-3] [INFO] [1770709688.583229822] [imu_filter]: Parameter RLController.pid_kd_ang set to 0.095346
[imu_filter_madgwick_node-3] [INFO] [1770709688.992311784] [imu_filter]: Parameter RLController.pid_kp_lin set to 1.212761
[imu_filter_madgwick_node-3] [INFO] [1770709688.992514572] [imu_filter]: Parameter RLController.pid_ki_lin set to 0.000000
[imu_filter_madgwick_node-3] [INFO] [1770709688.992596366] [imu_filter]: Parameter RLController.pid_kd_lin set to 0.020000
[imu_filter_madgwick_node-3] [INFO] [1770709688.992664143] [imu_filter]: Parameter RLController.pid_kp_ang set to 1.233640
[imu_filter_madgwick_node-3] [INFO] [1770709688.992725041] [imu_filter]: Parameter RLController.pid_ki_ang set to 0.000000
[imu_filter_madgwick_node-3] [INFO] [1770709688.992869363] [imu_filter]: Parameter RLController.pid_kd_ang set to 0.095346
[imu_filter_madgwick_node-3] [INFO] [1770709689.404885049] [imu_filter]: Parameter RLController.pid_kp_lin set to 1.212761
[imu_filter_madgwick_node-3] [INFO] [1770709689.405250785] [imu_filter]: Parameter RLController.pid_ki_lin set to 0.000000
[imu_filter_madgwick_node-3] [INFO] [1770709689.405333731] [imu_filter]: Parameter RLController.pid_kd_lin set to 0.020000
[imu_filter_madgwick_node-3] [INFO] [1770709689.405402052] [imu_filter]: Parameter RLController.pid_kp_ang set to 1.233640
[imu_filter_madgwick_node-3] [INFO] [1770709689.405463941] [imu_filter]: Parameter RLController.pid_ki_ang set to 0.000000
[imu_filter_madgwick_node-3] [INFO] [1770709689.405574600] [imu_filter]: Parameter RLController.pid_kd_ang set to 0.095346
[imu_filter_madgwick_node-3] [INFO] [1770709689.841464948] [imu_filter]: Parameter RLController.pid_kp_lin set to 1.212761
[imu_filter_madgwick_node-3] [INFO] [1770709689.841690968] [imu_filter]: Parameter RLController.pid_ki_lin set to 0.000000
[imu_filter_madgwick_node-3] [INFO] [1770709689.841772602] [imu_filter]: Parameter RLController.pid_kd_lin set to 0.020000
[imu_filter_madgwick_node-3] [INFO] [1770709689.841839419] [imu_filter]: Parameter RLController.pid_kp_ang set to 1.233640
[imu_filter_madgwick_node-3] [INFO] [1770709689.841903741] [imu_filter]: Parameter RLController.pid_ki_ang set to 0.000000
[imu_filter_madgwick_node-3] [INFO] [1770709689.841967102] [imu_filter]: Parameter RLController.pid_kd_ang set to 0.095346
[imu_filter_madgwick_node-3] [INFO] [1770709690.256098127] [imu_filter]: Parameter RLController.pid_kp_lin set to 1.212761
[imu_filter_madgwick_node-3] [INFO] [1770709690.264379448] [imu_filter]: Parameter RLController.pid_ki_lin set to 0.000000
[imu_filter_madgwick_node-3] [INFO] [1770709690.264694814] [imu_filter]: Parameter RLController.pid_kd_lin set to 0.020000
[imu_filter_madgwick_node-3] [INFO] [1770709690.264776448] [imu_filter]: Parameter RLController.pid_kp_ang set to 1.233640
[imu_filter_madgwick_node-3] [INFO] [1770709690.264849377] [imu_filter]: Parameter RLController.pid_ki_ang set to 0.000000
[imu_filter_madgwick_node-3] [INFO] [1770709690.264921763] [imu_filter]: Parameter RLController.pid_kd_ang set to 0.095346
[imu_filter_madgwick_node-3] [INFO] [1770709690.688459411] [imu_filter]: Parameter RLController.pid_kp_lin set to 1.212761
[imu_filter_madgwick_node-3] [INFO] [1770709690.688682552] [imu_filter]: Parameter RLController.pid_ki_lin set to 0.000000
[imu_filter_madgwick_node-3] [INFO] [1770709690.688757337] [imu_filter]: Parameter RLController.pid_kd_lin set to 0.020000
[imu_filter_madgwick_node-3] [INFO] [1770709690.688825499] [imu_filter]: Parameter RLController.pid_kp_ang set to 1.233640
[imu_filter_madgwick_node-3] [INFO] [1770709690.688885180] [imu_filter]: Parameter RLController.pid_ki_ang set to 0.000000
[imu_filter_madgwick_node-3] [INFO] [1770709690.688946173] [imu_filter]: Parameter RLController.pid_kd_ang set to 0.095346
[imu_filter_madgwick_node-3] [INFO] [1770709691.097110357] [imu_filter]: Parameter RLController.pid_kp_lin set to 1.212761
[imu_filter_madgwick_node-3] [INFO] [1770709691.097330585] [imu_filter]: Parameter RLController.pid_ki_lin set to 0.000000
[imu_filter_madgwick_node-3] [INFO] [1770709691.097406555] [imu_filter]: Parameter RLController.pid_kd_lin set to 0.020000
[imu_filter_madgwick_node-3] [INFO] [1770709691.097628895] [imu_filter]: Parameter RLController.pid_kp_ang set to 1.233640
[imu_filter_madgwick_node-3] [INFO] [1770709691.097702113] [imu_filter]: Parameter RLController.pid_ki_ang set to 0.000000
[imu_filter_madgwick_node-3] [INFO] [1770709691.097765154] [imu_filter]: Parameter RLController.pid_kd_ang set to 0.095346
[imu_filter_madgwick_node-3] [INFO] [1770709691.515226999] [imu_filter]: Parameter RLController.pid_kp_lin set to 1.212761
[imu_filter_madgwick_node-3] [INFO] [1770709691.517505157] [imu_filter]: Parameter RLController.pid_ki_lin set to 0.000000
[imu_filter_madgwick_node-3] [INFO] [1770709691.517728714] [imu_filter]: Parameter RLController.pid_kd_lin set to 0.020000
[imu_filter_madgwick_node-3] [INFO] [1770709691.517808715] [imu_filter]: Parameter RLController.pid_kp_ang set to 1.233640
[imu_filter_madgwick_node-3] [INFO] [1770709691.517875661] [imu_filter]: Parameter RLController.pid_ki_ang set to 0.000000
[imu_filter_madgwick_node-3] [INFO] [1770709691.517938414] [imu_filter]: Parameter RLController.pid_kd_ang set to 0.095346
[imu_filter_madgwick_node-3] [INFO] [1770709691.932586602] [imu_filter]: Parameter RLController.pid_kp_lin set to 1.212761
[imu_filter_madgwick_node-3] [INFO] [1770709691.932818926] [imu_filter]: Parameter RLController.pid_ki_lin set to 0.000000
[imu_filter_madgwick_node-3] [INFO] [1770709691.935475748] [imu_filter]: Parameter RLController.pid_kd_lin set to 0.020000
[imu_filter_madgwick_node-3] [INFO] [1770709691.935706793] [imu_filter]: Parameter RLController.pid_kp_ang set to 1.233640
[imu_filter_madgwick_node-3] [INFO] [1770709691.935800235] [imu_filter]: Parameter RLController.pid_ki_ang set to 0.000000
[imu_filter_madgwick_node-3] [INFO] [1770709691.935926446] [imu_filter]: Parameter RLController.pid_kd_ang set to 0.095346
[imu_filter_madgwick_node-3] [INFO] [1770709692.356415008] [imu_filter]: Parameter RLController.pid_kp_lin set to 1.212761
[imu_filter_madgwick_node-3] [INFO] [1770709692.362019858] [imu_filter]: Parameter RLController.pid_ki_lin set to 0.000000
[imu_filter_madgwick_node-3] [INFO] [1770709692.362212662] [imu_filter]: Parameter RLController.pid_kd_lin set to 0.020000
[imu_filter_madgwick_node-3] [INFO] [1770709692.362295512] [imu_filter]: Parameter RLController.pid_kp_ang set to 1.233640
[imu_filter_madgwick_node-3] [INFO] [1770709692.362364313] [imu_filter]: Parameter RLController.pid_ki_ang set to 0.000000
[imu_filter_madgwick_node-3] [INFO] [1770709692.368269490] [imu_filter]: Parameter RLController.pid_kd_ang set to 0.095346
[imu_filter_madgwick_node-3] [INFO] [1770709692.774271485] [imu_filter]: Parameter RLController.pid_kp_lin set to 1.212761
[imu_filter_madgwick_node-3] [INFO] [1770709692.774622500] [imu_filter]: Parameter RLController.pid_ki_lin set to 0.000000
[imu_filter_madgwick_node-3] [INFO] [1770709692.774781959] [imu_filter]: Parameter RLController.pid_kd_lin set to 0.020000
[imu_filter_madgwick_node-3] [INFO] [1770709692.774858601] [imu_filter]: Parameter RLController.pid_kp_ang set to 1.233640
[imu_filter_madgwick_node-3] [INFO] [1770709692.774921834] [imu_filter]: Parameter RLController.pid_ki_ang set to 0.000000
[imu_filter_madgwick_node-3] [INFO] [1770709692.774983212] [imu_filter]: Parameter RLController.pid_kd_ang set to 0.095346
[imu_filter_madgwick_node-3] [INFO] [1770709693.196142092] [imu_filter]: Parameter RLController.pid_kp_lin set to 1.212761
[imu_filter_madgwick_node-3] [INFO] [1770709693.196349936] [imu_filter]: Parameter RLController.pid_ki_lin set to 0.000000
[imu_filter_madgwick_node-3] [INFO] [1770709693.196423249] [imu_filter]: Parameter RLController.pid_kd_lin set to 0.020000
[imu_filter_madgwick_node-3] [INFO] [1770709693.197963345] [imu_filter]: Parameter RLController.pid_kp_ang set to 1.233640
[imu_filter_madgwick_node-3] [INFO] [1770709693.198112660] [imu_filter]: Parameter RLController.pid_ki_ang set to 0.000000
[imu_filter_madgwick_node-3] [INFO] [1770709693.198182261] [imu_filter]: Parameter RLController.pid_kd_ang set to 0.095346
[imu_filter_madgwick_node-3] [INFO] [1770709693.612782128] [imu_filter]: Parameter RLController.pid_kp_lin set to 1.212761
[imu_filter_madgwick_node-3] [INFO] [1770709693.612982164] [imu_filter]: Parameter RLController.pid_ki_lin set to 0.000000
[imu_filter_madgwick_node-3] [INFO] [1770709693.613049493] [imu_filter]: Parameter RLController.pid_kd_lin set to 0.020000
[imu_filter_madgwick_node-3] [INFO] [1770709693.613338523] [imu_filter]: Parameter RLController.pid_kp_ang set to 1.233640
[imu_filter_madgwick_node-3] [INFO] [1770709693.613427997] [imu_filter]: Parameter RLController.pid_ki_ang set to 0.000000
[imu_filter_madgwick_node-3] [INFO] [1770709693.613525343] [imu_filter]: Parameter RLController.pid_kd_ang set to 0.095346
[imu_filter_madgwick_node-3] [INFO] [1770709694.028278109] [imu_filter]: Parameter RLController.pid_kp_lin set to 1.212761
[imu_filter_madgwick_node-3] [INFO] [1770709694.028504737] [imu_filter]: Parameter RLController.pid_ki_lin set to 0.000000
[imu_filter_madgwick_node-3] [INFO] [1770709694.028583939] [imu_filter]: Parameter RLController.pid_kd_lin set to 0.020000
[imu_filter_madgwick_node-3] [INFO] [1770709694.028656900] [imu_filter]: Parameter RLController.pid_kp_ang set to 1.233640
[imu_filter_madgwick_node-3] [INFO] [1770709694.028829288] [imu_filter]: Parameter RLController.pid_ki_ang set to 0.000000
[imu_filter_madgwick_node-3] [INFO] [1770709694.028895081] [imu_filter]: Parameter RLController.pid_kd_ang set to 0.095346
[imu_filter_madgwick_node-3] [INFO] [1770709694.446767110] [imu_filter]: Parameter RLController.pid_kp_lin set to 1.212761
[imu_filter_madgwick_node-3] [INFO] [1770709694.446960874] [imu_filter]: Parameter RLController.pid_ki_lin set to 0.000000
[imu_filter_madgwick_node-3] [INFO] [1770709694.447033036] [imu_filter]: Parameter RLController.pid_kd_lin set to 0.020000
[imu_filter_madgwick_node-3] [INFO] [1770709694.451326563] [imu_filter]: Parameter RLController.pid_kp_ang set to 1.233640
[imu_filter_madgwick_node-3] [INFO] [1770709694.452559132] [imu_filter]: Parameter RLController.pid_ki_ang set to 0.000000
[imu_filter_madgwick_node-3] [INFO] [1770709694.452704287] [imu_filter]: Parameter RLController.pid_kd_ang set to 0.095346
[imu_filter_madgwick_node-3] [INFO] [1770709694.859140468] [imu_filter]: Parameter RLController.pid_kp_lin set to 1.212761
[imu_filter_madgwick_node-3] [INFO] [1770709694.859337560] [imu_filter]: Parameter RLController.pid_ki_lin set to 0.000000
[imu_filter_madgwick_node-3] [INFO] [1770709694.861932845] [imu_filter]: Parameter RLController.pid_kd_lin set to 0.020000
[imu_filter_madgwick_node-3] [INFO] [1770709694.862126384] [imu_filter]: Parameter RLController.pid_kp_ang set to 1.233640
[imu_filter_madgwick_node-3] [INFO] [1770709694.862197042] [imu_filter]: Parameter RLController.pid_ki_ang set to 0.000000
[imu_filter_madgwick_node-3] [INFO] [1770709694.862262451] [imu_filter]: Parameter RLController.pid_kd_ang set to 0.095346
[imu_filter_madgwick_node-3] [INFO] [1770709695.277858658] [imu_filter]: Parameter RLController.pid_kp_lin set to 1.212761
[imu_filter_madgwick_node-3] [INFO] [1770709695.278190665] [imu_filter]: Parameter RLController.pid_ki_lin set to 0.000000
[imu_filter_madgwick_node-3] [INFO] [1770709695.278274443] [imu_filter]: Parameter RLController.pid_kd_lin set to 0.020000
[imu_filter_madgwick_node-3] [INFO] [1770709695.278342444] [imu_filter]: Parameter RLController.pid_kp_ang set to 1.233640
[imu_filter_madgwick_node-3] [INFO] [1770709695.278402509] [imu_filter]: Parameter RLController.pid_ki_ang set to 0.000000
[imu_filter_madgwick_node-3] [INFO] [1770709695.278460302] [imu_filter]: Parameter RLController.pid_kd_ang set to 0.095346
[imu_filter_madgwick_node-3] [INFO] [1770709695.699568973] [imu_filter]: Parameter RLController.pid_kp_lin set to 1.212761
[imu_filter_madgwick_node-3] [INFO] [1770709695.699897364] [imu_filter]: Parameter RLController.pid_ki_lin set to 0.000000
[imu_filter_madgwick_node-3] [INFO] [1770709695.699972758] [imu_filter]: Parameter RLController.pid_kd_lin set to 0.020000
[imu_filter_madgwick_node-3] [INFO] [1770709695.700037591] [imu_filter]: Parameter RLController.pid_kp_ang set to 1.233640
[imu_filter_madgwick_node-3] [INFO] [1770709695.700097752] [imu_filter]: Parameter RLController.pid_ki_ang set to 0.000000
[imu_filter_madgwick_node-3] [INFO] [1770709695.700156889] [imu_filter]: Parameter RLController.pid_kd_ang set to 0.095346
[imu_filter_madgwick_node-3] [INFO] [1770709696.111420400] [imu_filter]: Parameter RLController.pid_kp_lin set to 1.212761
[imu_filter_madgwick_node-3] [INFO] [1770709696.111644309] [imu_filter]: Parameter RLController.pid_ki_lin set to 0.000000
[imu_filter_madgwick_node-3] [INFO] [1770709696.111724790] [imu_filter]: Parameter RLController.pid_kd_lin set to 0.020000
[imu_filter_madgwick_node-3] [INFO] [1770709696.111793400] [imu_filter]: Parameter RLController.pid_kp_ang set to 1.233640
[imu_filter_madgwick_node-3] [INFO] [1770709696.111857817] [imu_filter]: Parameter RLController.pid_ki_ang set to 0.000000
[imu_filter_madgwick_node-3] [INFO] [1770709696.111935739] [imu_filter]: Parameter RLController.pid_kd_ang set to 0.095346
[imu_filter_madgwick_node-3] [INFO] [1770709696.539404763] [imu_filter]: Parameter RLController.pid_kp_lin set to 1.212761
[imu_filter_madgwick_node-3] [INFO] [1770709696.541685930] [imu_filter]: Parameter RLController.pid_ki_lin set to 0.000000
[imu_filter_madgwick_node-3] [INFO] [1770709696.541873902] [imu_filter]: Parameter RLController.pid_kd_lin set to 0.020000
[imu_filter_madgwick_node-3] [INFO] [1770709696.541952399] [imu_filter]: Parameter RLController.pid_kp_ang set to 1.233640
[imu_filter_madgwick_node-3] [INFO] [1770709696.542017360] [imu_filter]: Parameter RLController.pid_ki_ang set to 0.000000
[imu_filter_madgwick_node-3] [INFO] [1770709696.542082034] [imu_filter]: Parameter RLController.pid_kd_ang set to 0.095346
[imu_filter_madgwick_node-3] [INFO] [1770709696.956290724] [imu_filter]: Parameter RLController.pid_kp_lin set to 1.212761
[imu_filter_madgwick_node-3] [INFO] [1770709696.956502921] [imu_filter]: Parameter RLController.pid_ki_lin set to 0.000000
[imu_filter_madgwick_node-3] [INFO] [1770709696.956590058] [imu_filter]: Parameter RLController.pid_kd_lin set to 0.020000
[imu_filter_madgwick_node-3] [INFO] [1770709696.956665132] [imu_filter]: Parameter RLController.pid_kp_ang set to 1.233640
[imu_filter_madgwick_node-3] [INFO] [1770709696.956729933] [imu_filter]: Parameter RLController.pid_ki_ang set to 0.000000
[imu_filter_madgwick_node-3] [INFO] [1770709696.956789359] [imu_filter]: Parameter RLController.pid_kd_ang set to 0.095346
[imu_filter_madgwick_node-3] [INFO] [1770709697.378334359] [imu_filter]: Parameter RLController.pid_kp_lin set to 1.212761
[imu_filter_madgwick_node-3] [INFO] [1770709697.378772287] [imu_filter]: Parameter RLController.pid_ki_lin set to 0.000000
[imu_filter_madgwick_node-3] [INFO] [1770709697.378903906] [imu_filter]: Parameter RLController.pid_kd_lin set to 0.020000
[imu_filter_madgwick_node-3] [INFO] [1770709697.378977860] [imu_filter]: Parameter RLController.pid_kp_ang set to 1.233640
[imu_filter_madgwick_node-3] [INFO] [1770709697.379269898] [imu_filter]: Parameter RLController.pid_ki_ang set to 0.000000
[imu_filter_madgwick_node-3] [INFO] [1770709697.379435149] [imu_filter]: Parameter RLController.pid_kd_ang set to 0.095346
[imu_filter_madgwick_node-3] [INFO] [1770709697.800169444] [imu_filter]: Parameter RLController.pid_kp_lin set to 1.212761
[imu_filter_madgwick_node-3] [INFO] [1770709697.800621486] [imu_filter]: Parameter RLController.pid_ki_lin set to 0.000000
[imu_filter_madgwick_node-3] [INFO] [1770709697.800771281] [imu_filter]: Parameter RLController.pid_kd_lin set to 0.020000
[imu_filter_madgwick_node-3] [INFO] [1770709697.800856562] [imu_filter]: Parameter RLController.pid_kp_ang set to 1.233640
[imu_filter_madgwick_node-3] [INFO] [1770709697.800921716] [imu_filter]: Parameter RLController.pid_ki_ang set to 0.000000
[imu_filter_madgwick_node-3] [INFO] [1770709697.800986741] [imu_filter]: Parameter RLController.pid_kd_ang set to 0.095346
[imu_filter_madgwick_node-3] [INFO] [1770709698.212960794] [imu_filter]: Parameter RLController.pid_kp_lin set to 1.212761
[imu_filter_madgwick_node-3] [INFO] [1770709698.216864362] [imu_filter]: Parameter RLController.pid_ki_lin set to 0.000000
[imu_filter_madgwick_node-3] [INFO] [1770709698.217064174] [imu_filter]: Parameter RLController.pid_kd_lin set to 0.020000
[imu_filter_madgwick_node-3] [INFO] [1770709698.217150160] [imu_filter]: Parameter RLController.pid_kp_ang set to 1.233640
[imu_filter_madgwick_node-3] [INFO] [1770709698.217216689] [imu_filter]: Parameter RLController.pid_ki_ang set to 0.000000
[imu_filter_madgwick_node-3] [INFO] [1770709698.217281202] [imu_filter]: Parameter RLController.pid_kd_ang set to 0.095346
[imu_filter_madgwick_node-3] [INFO] [1770709698.634390304] [imu_filter]: Parameter RLController.pid_kp_lin set to 1.212761
[imu_filter_madgwick_node-3] [INFO] [1770709698.634582116] [imu_filter]: Parameter RLController.pid_ki_lin set to 0.000000
[imu_filter_madgwick_node-3] [INFO] [1770709698.634661381] [imu_filter]: Parameter RLController.pid_kd_lin set to 0.020000
[imu_filter_madgwick_node-3] [INFO] [1770709698.635437109] [imu_filter]: Parameter RLController.pid_kp_ang set to 1.233640
[imu_filter_madgwick_node-3] [INFO] [1770709698.635577368] [imu_filter]: Parameter RLController.pid_ki_ang set to 0.000000
[imu_filter_madgwick_node-3] [INFO] [1770709698.635667034] [imu_filter]: Parameter RLController.pid_kd_ang set to 0.095346
[imu_filter_madgwick_node-3] [INFO] [1770709699.067836282] [imu_filter]: Parameter RLController.pid_kp_lin set to 1.212761
[imu_filter_madgwick_node-3] [INFO] [1770709699.068074751] [imu_filter]: Parameter RLController.pid_ki_lin set to 0.000000
[imu_filter_madgwick_node-3] [INFO] [1770709699.068145697] [imu_filter]: Parameter RLController.pid_kd_lin set to 0.020000
[imu_filter_madgwick_node-3] [INFO] [1770709699.068211234] [imu_filter]: Parameter RLController.pid_kp_ang set to 1.233640
[imu_filter_madgwick_node-3] [INFO] [1770709699.068283075] [imu_filter]: Parameter RLController.pid_ki_ang set to 0.000000
[imu_filter_madgwick_node-3] [INFO] [1770709699.068347877] [imu_filter]: Parameter RLController.pid_kd_ang set to 0.095346
[imu_filter_madgwick_node-3] [INFO] [1770709699.490090161] [imu_filter]: Parameter RLController.pid_kp_lin set to 1.212761
[imu_filter_madgwick_node-3] [INFO] [1770709699.490679741] [imu_filter]: Parameter RLController.pid_ki_lin set to 0.000000
[imu_filter_madgwick_node-3] [INFO] [1770709699.490804959] [imu_filter]: Parameter RLController.pid_kd_lin set to 0.020000
[imu_filter_madgwick_node-3] [INFO] [1770709699.490880609] [imu_filter]: Parameter RLController.pid_kp_ang set to 1.233640
[imu_filter_madgwick_node-3] [INFO] [1770709699.498333017] [imu_filter]: Parameter RLController.pid_ki_ang set to 0.000000
[imu_filter_madgwick_node-3] [INFO] [1770709699.498546845] [imu_filter]: Parameter RLController.pid_kd_ang set to 0.095346
[imu_filter_madgwick_node-3] [INFO] [1770709699.905280599] [imu_filter]: Parameter RLController.pid_kp_lin set to 1.212761
[imu_filter_madgwick_node-3] [INFO] [1770709699.905503164] [imu_filter]: Parameter RLController.pid_ki_lin set to 0.000000
[imu_filter_madgwick_node-3] [INFO] [1770709699.905602974] [imu_filter]: Parameter RLController.pid_kd_lin set to 0.020000
[imu_filter_madgwick_node-3] [INFO] [1770709699.905675711] [imu_filter]: Parameter RLController.pid_kp_ang set to 1.233640
[imu_filter_madgwick_node-3] [INFO] [1770709699.905738881] [imu_filter]: Parameter RLController.pid_ki_ang set to 0.000000
[imu_filter_madgwick_node-3] [INFO] [1770709699.905798754] [imu_filter]: Parameter RLController.pid_kd_ang set to 0.095346
[imu_filter_madgwick_node-3] [INFO] [1770709700.325786474] [imu_filter]: Parameter RLController.pid_kp_lin set to 1.212761
[imu_filter_madgwick_node-3] [INFO] [1770709700.326127249] [imu_filter]: Parameter RLController.pid_ki_lin set to 0.000000
[imu_filter_madgwick_node-3] [INFO] [1770709700.326326773] [imu_filter]: Parameter RLController.pid_kd_lin set to 0.020000
[imu_filter_madgwick_node-3] [INFO] [1770709700.326395319] [imu_filter]: Parameter RLController.pid_kp_ang set to 1.233640
[imu_filter_madgwick_node-3] [INFO] [1770709700.326457368] [imu_filter]: Parameter RLController.pid_ki_ang set to 0.000000
[imu_filter_madgwick_node-3] [INFO] [1770709700.326518137] [imu_filter]: Parameter RLController.pid_kd_ang set to 0.095346
[imu_filter_madgwick_node-3] [INFO] [1770709700.757052984] [imu_filter]: Parameter RLController.pid_kp_lin set to 1.212761
[imu_filter_madgwick_node-3] [INFO] [1770709700.757252764] [imu_filter]: Parameter RLController.pid_ki_lin set to 0.000000
[imu_filter_madgwick_node-3] [INFO] [1770709700.757325886] [imu_filter]: Parameter RLController.pid_kd_lin set to 0.020000
[imu_filter_madgwick_node-3] [INFO] [1770709700.757391999] [imu_filter]: Parameter RLController.pid_kp_ang set to 1.233640
[imu_filter_madgwick_node-3] [INFO] [1770709700.757454144] [imu_filter]: Parameter RLController.pid_ki_ang set to 0.000000
[imu_filter_madgwick_node-3] [INFO] [1770709700.757545218] [imu_filter]: Parameter RLController.pid_kd_ang set to 0.095346
[imu_filter_madgwick_node-3] [INFO] [1770709701.183405474] [imu_filter]: Parameter RLController.pid_kp_lin set to 1.212761
[imu_filter_madgwick_node-3] [INFO] [1770709701.183610726] [imu_filter]: Parameter RLController.pid_ki_lin set to 0.000000
[imu_filter_madgwick_node-3] [INFO] [1770709701.183693064] [imu_filter]: Parameter RLController.pid_kd_lin set to 0.020000
[imu_filter_madgwick_node-3] [INFO] [1770709701.183764137] [imu_filter]: Parameter RLController.pid_kp_ang set to 1.233640
[imu_filter_madgwick_node-3] [INFO] [1770709701.183828171] [imu_filter]: Parameter RLController.pid_ki_ang set to 0.000000
[imu_filter_madgwick_node-3] [INFO] [1770709701.183891788] [imu_filter]: Parameter RLController.pid_kd_ang set to 0.095346
[imu_filter_madgwick_node-3] [INFO] [1770709701.601502596] [imu_filter]: Parameter RLController.pid_kp_lin set to 1.212761
[imu_filter_madgwick_node-3] [INFO] [1770709701.601708296] [imu_filter]: Parameter RLController.pid_ki_lin set to 0.000000
[imu_filter_madgwick_node-3] [INFO] [1770709701.601785802] [imu_filter]: Parameter RLController.pid_kd_lin set to 0.020000
[imu_filter_madgwick_node-3] [INFO] [1770709701.602361973] [imu_filter]: Parameter RLController.pid_kp_ang set to 1.233640
[imu_filter_madgwick_node-3] [INFO] [1770709701.602444311] [imu_filter]: Parameter RLController.pid_ki_ang set to 0.000000
[imu_filter_madgwick_node-3] [INFO] [1770709701.602508920] [imu_filter]: Parameter RLController.pid_kd_ang set to 0.095346
[imu_filter_madgwick_node-3] [INFO] [1770709702.016063038] [imu_filter]: Parameter RLController.pid_kp_lin set to 1.212761
[imu_filter_madgwick_node-3] [INFO] [1770709702.016286370] [imu_filter]: Parameter RLController.pid_ki_lin set to 0.000000
[imu_filter_madgwick_node-3] [INFO] [1770709702.016358116] [imu_filter]: Parameter RLController.pid_kd_lin set to 0.020000
[imu_filter_madgwick_node-3] [INFO] [1770709702.018714708] [imu_filter]: Parameter RLController.pid_kp_ang set to 1.233640
[imu_filter_madgwick_node-3] [INFO] [1770709702.018950392] [imu_filter]: Parameter RLController.pid_ki_ang set to 0.000000
[imu_filter_madgwick_node-3] [INFO] [1770709702.019035130] [imu_filter]: Parameter RLController.pid_kd_ang set to 0.095346
[imu_filter_madgwick_node-3] [INFO] [1770709702.428117924] [imu_filter]: Parameter RLController.pid_kp_lin set to 1.212761
[imu_filter_madgwick_node-3] [INFO] [1770709702.428343849] [imu_filter]: Parameter RLController.pid_ki_lin set to 0.000000
[imu_filter_madgwick_node-3] [INFO] [1770709702.428507788] [imu_filter]: Parameter RLController.pid_kd_lin set to 0.020000
[imu_filter_madgwick_node-3] [INFO] [1770709702.428751665] [imu_filter]: Parameter RLController.pid_kp_ang set to 1.233640
[imu_filter_madgwick_node-3] [INFO] [1770709702.428886676] [imu_filter]: Parameter RLController.pid_ki_ang set to 0.000000
[imu_filter_madgwick_node-3] [INFO] [1770709702.428954229] [imu_filter]: Parameter RLController.pid_kd_ang set to 0.095346
[imu_filter_madgwick_node-3] [INFO] [1770709702.842967492] [imu_filter]: Parameter RLController.pid_kp_lin set to 1.212761
[imu_filter_madgwick_node-3] [INFO] [1770709702.843284523] [imu_filter]: Parameter RLController.pid_ki_lin set to 0.000000
[imu_filter_madgwick_node-3] [INFO] [1770709702.843362124] [imu_filter]: Parameter RLController.pid_kd_lin set to 0.020000
[imu_filter_madgwick_node-3] [INFO] [1770709702.848875772] [imu_filter]: Parameter RLController.pid_kp_ang set to 1.233640
[imu_filter_madgwick_node-3] [INFO] [1770709702.849068704] [imu_filter]: Parameter RLController.pid_ki_ang set to 0.000000
[imu_filter_madgwick_node-3] [INFO] [1770709702.849136034] [imu_filter]: Parameter RLController.pid_kd_ang set to 0.095346
[imu_filter_madgwick_node-3] [INFO] [1770709703.254960618] [imu_filter]: Parameter RLController.pid_kp_lin set to 1.212761
[imu_filter_madgwick_node-3] [INFO] [1770709703.255423891] [imu_filter]: Parameter RLController.pid_ki_lin set to 0.000000
[imu_filter_madgwick_node-3] [INFO] [1770709703.255789178] [imu_filter]: Parameter RLController.pid_kd_lin set to 0.020000
[imu_filter_madgwick_node-3] [INFO] [1770709703.256020287] [imu_filter]: Parameter RLController.pid_kp_ang set to 1.233640
[imu_filter_madgwick_node-3] [INFO] [1770709703.256102561] [imu_filter]: Parameter RLController.pid_ki_ang set to 0.000000
[imu_filter_madgwick_node-3] [INFO] [1770709703.256164610] [imu_filter]: Parameter RLController.pid_kd_ang set to 0.095346
[imu_filter_madgwick_node-3] [INFO] [1770709703.669929100] [imu_filter]: Parameter RLController.pid_kp_lin set to 1.212761
[imu_filter_madgwick_node-3] [INFO] [1770709703.670221874] [imu_filter]: Parameter RLController.pid_ki_lin set to 0.000000
[imu_filter_madgwick_node-3] [INFO] [1770709703.670396949] [imu_filter]: Parameter RLController.pid_kd_lin set to 0.020000
[imu_filter_madgwick_node-3] [INFO] [1770709703.670482135] [imu_filter]: Parameter RLController.pid_kp_ang set to 1.233640
[imu_filter_madgwick_node-3] [INFO] [1770709703.670545656] [imu_filter]: Parameter RLController.pid_ki_ang set to 0.000000
[imu_filter_madgwick_node-3] [INFO] [1770709703.670661467] [imu_filter]: Parameter RLController.pid_kd_ang set to 0.095346
[imu_filter_madgwick_node-3] [INFO] [1770709704.096033073] [imu_filter]: Parameter RLController.pid_kp_lin set to 1.212761
[imu_filter_madgwick_node-3] [INFO] [1770709704.096260213] [imu_filter]: Parameter RLController.pid_ki_lin set to 0.000000
[imu_filter_madgwick_node-3] [INFO] [1770709704.101739781] [imu_filter]: Parameter RLController.pid_kd_lin set to 0.020000
[imu_filter_madgwick_node-3] [INFO] [1770709704.101937993] [imu_filter]: Parameter RLController.pid_kp_ang set to 1.233640
[imu_filter_madgwick_node-3] [INFO] [1770709704.102007818] [imu_filter]: Parameter RLController.pid_ki_ang set to 0.000000
[imu_filter_madgwick_node-3] [INFO] [1770709704.102071115] [imu_filter]: Parameter RLController.pid_kd_ang set to 0.095346
[imu_filter_madgwick_node-3] [INFO] [1770709704.508539872] [imu_filter]: Parameter RLController.pid_kp_lin set to 1.212761
[imu_filter_madgwick_node-3] [INFO] [1770709704.508909800] [imu_filter]: Parameter RLController.pid_ki_lin set to 0.000000
[imu_filter_madgwick_node-3] [INFO] [1770709704.509002762] [imu_filter]: Parameter RLController.pid_kd_lin set to 0.020000
[imu_filter_madgwick_node-3] [INFO] [1770709704.509069707] [imu_filter]: Parameter RLController.pid_kp_ang set to 1.233640
[imu_filter_madgwick_node-3] [INFO] [1770709704.509127884] [imu_filter]: Parameter RLController.pid_ki_ang set to 0.000000
[imu_filter_madgwick_node-3] [INFO] [1770709704.509188174] [imu_filter]: Parameter RLController.pid_kd_ang set to 0.095346
[imu_filter_madgwick_node-3] [INFO] [1770709704.922203496] [imu_filter]: Parameter RLController.pid_kp_lin set to 1.212761
[imu_filter_madgwick_node-3] [INFO] [1770709704.926999050] [imu_filter]: Parameter RLController.pid_ki_lin set to 0.000000
[imu_filter_madgwick_node-3] [INFO] [1770709704.927240079] [imu_filter]: Parameter RLController.pid_kd_lin set to 0.020000
[imu_filter_madgwick_node-3] [INFO] [1770709704.927320048] [imu_filter]: Parameter RLController.pid_kp_ang set to 1.233640
[imu_filter_madgwick_node-3] [INFO] [1770709704.927391378] [imu_filter]: Parameter RLController.pid_ki_ang set to 0.000000
[imu_filter_madgwick_node-3] [INFO] [1770709704.927465075] [imu_filter]: Parameter RLController.pid_kd_ang set to 0.095346
[imu_filter_madgwick_node-3] [INFO] [1770709705.330978508] [imu_filter]: Parameter RLController.pid_kp_lin set to 1.212761
[imu_filter_madgwick_node-3] [INFO] [1770709705.331213233] [imu_filter]: Parameter RLController.pid_ki_lin set to 0.000000
[imu_filter_madgwick_node-3] [INFO] [1770709705.331287154] [imu_filter]: Parameter RLController.pid_kd_lin set to 0.020000
[imu_filter_madgwick_node-3] [INFO] [1770709705.331354996] [imu_filter]: Parameter RLController.pid_kp_ang set to 1.233640
[imu_filter_madgwick_node-3] [INFO] [1770709705.331416437] [imu_filter]: Parameter RLController.pid_ki_ang set to 0.000000
[imu_filter_madgwick_node-3] [INFO] [1770709705.331482006] [imu_filter]: Parameter RLController.pid_kd_ang set to 0.095346
[imu_filter_madgwick_node-3] [INFO] [1770709705.757391799] [imu_filter]: Parameter RLController.pid_kp_lin set to 1.212761
[imu_filter_madgwick_node-3] [INFO] [1770709705.757621404] [imu_filter]: Parameter RLController.pid_ki_lin set to 0.000000
[imu_filter_madgwick_node-3] [INFO] [1770709705.757699453] [imu_filter]: Parameter RLController.pid_kd_lin set to 0.020000
[imu_filter_madgwick_node-3] [INFO] [1770709705.757767871] [imu_filter]: Parameter RLController.pid_kp_ang set to 1.233640
[imu_filter_madgwick_node-3] [INFO] [1770709705.757830240] [imu_filter]: Parameter RLController.pid_ki_ang set to 0.000000
[imu_filter_madgwick_node-3] [INFO] [1770709705.757888961] [imu_filter]: Parameter RLController.pid_kd_ang set to 0.095346
[imu_filter_madgwick_node-3] [INFO] [1770709706.162413647] [imu_filter]: Parameter RLController.pid_kp_lin set to 1.212761
[imu_filter_madgwick_node-3] [INFO] [1770709706.162646803] [imu_filter]: Parameter RLController.pid_ki_lin set to 0.000000
[imu_filter_madgwick_node-3] [INFO] [1770709706.162726773] [imu_filter]: Parameter RLController.pid_kd_lin set to 0.020000
[imu_filter_madgwick_node-3] [INFO] [1770709706.162794774] [imu_filter]: Parameter RLController.pid_kp_ang set to 1.233640
[imu_filter_madgwick_node-3] [INFO] [1770709706.162856952] [imu_filter]: Parameter RLController.pid_ki_ang set to 0.000000
[imu_filter_madgwick_node-3] [INFO] [1770709706.163039067] [imu_filter]: Parameter RLController.pid_kd_ang set to 0.095346
[imu_filter_madgwick_node-3] [INFO] [1770709706.588013289] [imu_filter]: Parameter RLController.pid_kp_lin set to 1.212761
[imu_filter_madgwick_node-3] [INFO] [1770709706.588362064] [imu_filter]: Parameter RLController.pid_ki_lin set to 0.000000
[imu_filter_madgwick_node-3] [INFO] [1770709706.588480595] [imu_filter]: Parameter RLController.pid_kd_lin set to 0.020000
[imu_filter_madgwick_node-3] [INFO] [1770709706.588570933] [imu_filter]: Parameter RLController.pid_kp_ang set to 1.233640
[imu_filter_madgwick_node-3] [INFO] [1770709706.588635030] [imu_filter]: Parameter RLController.pid_ki_ang set to 0.000000
[imu_filter_madgwick_node-3] [INFO] [1770709706.588695959] [imu_filter]: Parameter RLController.pid_kd_ang set to 0.095346
[imu_filter_madgwick_node-3] [INFO] [1770709706.997906404] [imu_filter]: Parameter RLController.pid_kp_lin set to 1.212761
[imu_filter_madgwick_node-3] [INFO] [1770709706.998107432] [imu_filter]: Parameter RLController.pid_ki_lin set to 0.000000
[imu_filter_madgwick_node-3] [INFO] [1770709706.998183882] [imu_filter]: Parameter RLController.pid_kd_lin set to 0.020000
[imu_filter_madgwick_node-3] [INFO] [1770709706.998248363] [imu_filter]: Parameter RLController.pid_kp_ang set to 1.233640
[imu_filter_madgwick_node-3] [INFO] [1770709706.998308204] [imu_filter]: Parameter RLController.pid_ki_ang set to 0.000000
[imu_filter_madgwick_node-3] [INFO] [1770709706.998385710] [imu_filter]: Parameter RLController.pid_kd_ang set to 0.095346
[imu_filter_madgwick_node-3] [INFO] [1770709707.427461711] [imu_filter]: Parameter RLController.pid_kp_lin set to 1.212761
[imu_filter_madgwick_node-3] [INFO] [1770709707.427688692] [imu_filter]: Parameter RLController.pid_ki_lin set to 0.000000
[imu_filter_madgwick_node-3] [INFO] [1770709707.427787030] [imu_filter]: Parameter RLController.pid_kd_lin set to 0.020000
[imu_filter_madgwick_node-3] [INFO] [1770709707.427856567] [imu_filter]: Parameter RLController.pid_kp_ang set to 1.233640
[imu_filter_madgwick_node-3] [INFO] [1770709707.427917464] [imu_filter]: Parameter RLController.pid_ki_ang set to 0.000000
[imu_filter_madgwick_node-3] [INFO] [1770709707.427977946] [imu_filter]: Parameter RLController.pid_kd_ang set to 0.095346
[imu_filter_madgwick_node-3] [INFO] [1770709707.852654017] [imu_filter]: Parameter RLController.pid_kp_lin set to 1.212761
[imu_filter_madgwick_node-3] [INFO] [1770709707.852825093] [imu_filter]: Parameter RLController.pid_ki_lin set to 0.000000
[imu_filter_madgwick_node-3] [INFO] [1770709707.852913575] [imu_filter]: Parameter RLController.pid_kd_lin set to 0.020000
[imu_filter_madgwick_node-3] [INFO] [1770709707.853582900] [imu_filter]: Parameter RLController.pid_kp_ang set to 1.233640
[imu_filter_madgwick_node-3] [INFO] [1770709707.853692471] [imu_filter]: Parameter RLController.pid_ki_ang set to 0.000000
[imu_filter_madgwick_node-3] [INFO] [1770709707.853760600] [imu_filter]: Parameter RLController.pid_kd_ang set to 0.095346
[imu_filter_madgwick_node-3] [INFO] [1770709708.279484373] [imu_filter]: Parameter RLController.pid_kp_lin set to 1.212761
[imu_filter_madgwick_node-3] [INFO] [1770709708.279699577] [imu_filter]: Parameter RLController.pid_ki_lin set to 0.000000
[imu_filter_madgwick_node-3] [INFO] [1770709708.279778267] [imu_filter]: Parameter RLController.pid_kd_lin set to 0.020000
[imu_filter_madgwick_node-3] [INFO] [1770709708.279843548] [imu_filter]: Parameter RLController.pid_kp_ang set to 1.233640
[imu_filter_madgwick_node-3] [INFO] [1770709708.279903262] [imu_filter]: Parameter RLController.pid_ki_ang set to 0.000000
[imu_filter_madgwick_node-3] [INFO] [1770709708.279969183] [imu_filter]: Parameter RLController.pid_kd_ang set to 0.095346
[imu_filter_madgwick_node-3] [INFO] [1770709708.695224263] [imu_filter]: Parameter RLController.pid_kp_lin set to 1.212761
[imu_filter_madgwick_node-3] [INFO] [1770709708.696268412] [imu_filter]: Parameter RLController.pid_ki_lin set to 0.000000
[imu_filter_madgwick_node-3] [INFO] [1770709708.696423199] [imu_filter]: Parameter RLController.pid_kd_lin set to 0.020000
[imu_filter_madgwick_node-3] [INFO] [1770709708.696497153] [imu_filter]: Parameter RLController.pid_kp_ang set to 1.233640
[imu_filter_madgwick_node-3] [INFO] [1770709708.696562530] [imu_filter]: Parameter RLController.pid_ki_ang set to 0.000000
[imu_filter_madgwick_node-3] [INFO] [1770709708.696628003] [imu_filter]: Parameter RLController.pid_kd_ang set to 0.095346
[imu_filter_madgwick_node-3] [INFO] [1770709709.106519454] [imu_filter]: Parameter RLController.pid_kp_lin set to 1.212761
[imu_filter_madgwick_node-3] [INFO] [1770709709.106752579] [imu_filter]: Parameter RLController.pid_ki_lin set to 0.000000
[imu_filter_madgwick_node-3] [INFO] [1770709709.106833413] [imu_filter]: Parameter RLController.pid_kd_lin set to 0.020000
[imu_filter_madgwick_node-3] [INFO] [1770709709.106923334] [imu_filter]: Parameter RLController.pid_kp_ang set to 1.233640
[imu_filter_madgwick_node-3] [INFO] [1770709709.107038345] [imu_filter]: Parameter RLController.pid_ki_ang set to 0.000000
[imu_filter_madgwick_node-3] [INFO] [1770709709.107126538] [imu_filter]: Parameter RLController.pid_kd_ang set to 0.095346
[imu_filter_madgwick_node-3] [INFO] [1770709709.526865326] [imu_filter]: Parameter RLController.pid_kp_lin set to 1.212761
[imu_filter_madgwick_node-3] [INFO] [1770709709.527070386] [imu_filter]: Parameter RLController.pid_ki_lin set to 0.000000
[imu_filter_madgwick_node-3] [INFO] [1770709709.527147283] [imu_filter]: Parameter RLController.pid_kd_lin set to 0.020000
[imu_filter_madgwick_node-3] [INFO] [1770709709.527215157] [imu_filter]: Parameter RLController.pid_kp_ang set to 1.233640
[imu_filter_madgwick_node-3] [INFO] [1770709709.527277270] [imu_filter]: Parameter RLController.pid_ki_ang set to 0.000000
[imu_filter_madgwick_node-3] [INFO] [1770709709.527338391] [imu_filter]: Parameter RLController.pid_kd_ang set to 0.095346
[imu_filter_madgwick_node-3] [INFO] [1770709709.939863688] [imu_filter]: Parameter RLController.pid_kp_lin set to 1.212761
[imu_filter_madgwick_node-3] [INFO] [1770709709.940080524] [imu_filter]: Parameter RLController.pid_ki_lin set to 0.000000
[imu_filter_madgwick_node-3] [INFO] [1770709709.940158222] [imu_filter]: Parameter RLController.pid_kd_lin set to 0.020000
[imu_filter_madgwick_node-3] [INFO] [1770709709.940224207] [imu_filter]: Parameter RLController.pid_kp_ang set to 1.233640
[imu_filter_madgwick_node-3] [INFO] [1770709709.940285264] [imu_filter]: Parameter RLController.pid_ki_ang set to 0.000000
[imu_filter_madgwick_node-3] [INFO] [1770709709.940347186] [imu_filter]: Parameter RLController.pid_kd_ang set to 0.095346
[imu_filter_madgwick_node-3] [INFO] [1770709710.353774452] [imu_filter]: Parameter RLController.pid_kp_lin set to 1.212761
[imu_filter_madgwick_node-3] [INFO] [1770709710.354119931] [imu_filter]: Parameter RLController.pid_ki_lin set to 0.000000
[imu_filter_madgwick_node-3] [INFO] [1770709710.354206781] [imu_filter]: Parameter RLController.pid_kd_lin set to 0.020000
[imu_filter_madgwick_node-3] [INFO] [1770709710.354274686] [imu_filter]: Parameter RLController.pid_kp_ang set to 1.233640
[imu_filter_madgwick_node-3] [INFO] [1770709710.354338080] [imu_filter]: Parameter RLController.pid_ki_ang set to 0.000000
[imu_filter_madgwick_node-3] [INFO] [1770709710.354398945] [imu_filter]: Parameter RLController.pid_kd_ang set to 0.095346
[imu_filter_madgwick_node-3] [INFO] [1770709710.762157808] [imu_filter]: Parameter RLController.pid_kp_lin set to 1.212761
[imu_filter_madgwick_node-3] [INFO] [1770709710.762377045] [imu_filter]: Parameter RLController.pid_ki_lin set to 0.000000
[imu_filter_madgwick_node-3] [INFO] [1770709710.762451766] [imu_filter]: Parameter RLController.pid_kd_lin set to 0.020000
[imu_filter_madgwick_node-3] [INFO] [1770709710.762523032] [imu_filter]: Parameter RLController.pid_kp_ang set to 1.233640
[imu_filter_madgwick_node-3] [INFO] [1770709710.762584537] [imu_filter]: Parameter RLController.pid_ki_ang set to 0.000000
[imu_filter_madgwick_node-3] [INFO] [1770709710.762643258] [imu_filter]: Parameter RLController.pid_kd_ang set to 0.095346
[imu_filter_madgwick_node-3] [INFO] [1770709711.190061434] [imu_filter]: Parameter RLController.pid_kp_lin set to 1.212761
[imu_filter_madgwick_node-3] [INFO] [1770709711.195227523] [imu_filter]: Parameter RLController.pid_ki_lin set to 0.000000
[imu_filter_madgwick_node-3] [INFO] [1770709711.195561706] [imu_filter]: Parameter RLController.pid_kd_lin set to 0.020000
[imu_filter_madgwick_node-3] [INFO] [1770709711.195688396] [imu_filter]: Parameter RLController.pid_kp_ang set to 1.233640
[imu_filter_madgwick_node-3] [INFO] [1770709711.195767566] [imu_filter]: Parameter RLController.pid_ki_ang set to 0.000000
[imu_filter_madgwick_node-3] [INFO] [1770709711.195829455] [imu_filter]: Parameter RLController.pid_kd_ang set to 0.095346
[imu_filter_madgwick_node-3] [INFO] [1770709711.597997421] [imu_filter]: Parameter RLController.pid_kp_lin set to 1.212761
[imu_filter_madgwick_node-3] [INFO] [1770709711.598197553] [imu_filter]: Parameter RLController.pid_ki_lin set to 0.000000
[imu_filter_madgwick_node-3] [INFO] [1770709711.598271218] [imu_filter]: Parameter RLController.pid_kd_lin set to 0.020000
[imu_filter_madgwick_node-3] [INFO] [1770709711.598335604] [imu_filter]: Parameter RLController.pid_kp_ang set to 1.233640
[imu_filter_madgwick_node-3] [INFO] [1770709711.598395381] [imu_filter]: Parameter RLController.pid_ki_ang set to 0.000000
[imu_filter_madgwick_node-3] [INFO] [1770709711.598529751] [imu_filter]: Parameter RLController.pid_kd_ang set to 0.095346
[imu_filter_madgwick_node-3] [INFO] [1770709712.027077518] [imu_filter]: Parameter RLController.pid_kp_lin set to 1.212761
[imu_filter_madgwick_node-3] [INFO] [1770709712.027307635] [imu_filter]: Parameter RLController.pid_ki_lin set to 0.000000
[imu_filter_madgwick_node-3] [INFO] [1770709712.028994773] [imu_filter]: Parameter RLController.pid_kd_lin set to 0.020000
[imu_filter_madgwick_node-3] [INFO] [1770709712.029161177] [imu_filter]: Parameter RLController.pid_kp_ang set to 1.233640
[imu_filter_madgwick_node-3] [INFO] [1770709712.029229338] [imu_filter]: Parameter RLController.pid_ki_ang set to 0.000000
[imu_filter_madgwick_node-3] [INFO] [1770709712.029289563] [imu_filter]: Parameter RLController.pid_kd_ang set to 0.095346
[imu_filter_madgwick_node-3] [INFO] [1770709712.451805527] [imu_filter]: Parameter RLController.pid_kp_lin set to 1.212761
[imu_filter_madgwick_node-3] [INFO] [1770709712.452006011] [imu_filter]: Parameter RLController.pid_ki_lin set to 0.000000
[imu_filter_madgwick_node-3] [INFO] [1770709712.452202271] [imu_filter]: Parameter RLController.pid_kd_lin set to 0.020000
[imu_filter_madgwick_node-3] [INFO] [1770709712.452271520] [imu_filter]: Parameter RLController.pid_kp_ang set to 1.233640
[imu_filter_madgwick_node-3] [INFO] [1770709712.452330210] [imu_filter]: Parameter RLController.pid_ki_ang set to 0.000000
[imu_filter_madgwick_node-3] [INFO] [1770709712.452386435] [imu_filter]: Parameter RLController.pid_kd_ang set to 0.095346
[imu_filter_madgwick_node-3] [INFO] [1770709712.873663397] [imu_filter]: Parameter RLController.pid_kp_lin set to 1.212761
[imu_filter_madgwick_node-3] [INFO] [1770709712.873867049] [imu_filter]: Parameter RLController.pid_ki_lin set to 0.000000
[imu_filter_madgwick_node-3] [INFO] [1770709712.873943979] [imu_filter]: Parameter RLController.pid_kd_lin set to 0.020000
[imu_filter_madgwick_node-3] [INFO] [1770709712.876781381] [imu_filter]: Parameter RLController.pid_kp_ang set to 1.233640
[imu_filter_madgwick_node-3] [INFO] [1770709712.879458203] [imu_filter]: Parameter RLController.pid_ki_ang set to 0.000000
[imu_filter_madgwick_node-3] [INFO] [1770709712.879655615] [imu_filter]: Parameter RLController.pid_kd_ang set to 0.095346
[imu_filter_madgwick_node-3] [INFO] [1770709713.290112454] [imu_filter]: Parameter RLController.pid_kp_lin set to 1.212761
[imu_filter_madgwick_node-3] [INFO] [1770709713.290474509] [imu_filter]: Parameter RLController.pid_ki_lin set to 0.000000
[imu_filter_madgwick_node-3] [INFO] [1770709713.290596591] [imu_filter]: Parameter RLController.pid_kd_lin set to 0.020000
[imu_filter_madgwick_node-3] [INFO] [1770709713.290667985] [imu_filter]: Parameter RLController.pid_kp_ang set to 1.233640
[imu_filter_madgwick_node-3] [INFO] [1770709713.290735538] [imu_filter]: Parameter RLController.pid_ki_ang set to 0.000000
[imu_filter_madgwick_node-3] [INFO] [1770709713.290799700] [imu_filter]: Parameter RLController.pid_kd_ang set to 0.095346
[imu_filter_madgwick_node-3] [INFO] [1770709713.721214128] [imu_filter]: Parameter RLController.pid_kp_lin set to 1.212761
[imu_filter_madgwick_node-3] [INFO] [1770709713.721414644] [imu_filter]: Parameter RLController.pid_ki_lin set to 0.000000
[imu_filter_madgwick_node-3] [INFO] [1770709713.721595672] [imu_filter]: Parameter RLController.pid_kd_lin set to 0.020000
[imu_filter_madgwick_node-3] [INFO] [1770709713.721676442] [imu_filter]: Parameter RLController.pid_kp_ang set to 1.233640
[imu_filter_madgwick_node-3] [INFO] [1770709713.721739899] [imu_filter]: Parameter RLController.pid_ki_ang set to 0.000000
[imu_filter_madgwick_node-3] [INFO] [1770709713.721802748] [imu_filter]: Parameter RLController.pid_kd_ang set to 0.095346
[imu_filter_madgwick_node-3] [INFO] [1770709714.146524165] [imu_filter]: Parameter RLController.pid_kp_lin set to 1.212761
[imu_filter_madgwick_node-3] [INFO] [1770709714.148892821] [imu_filter]: Parameter RLController.pid_ki_lin set to 0.000000
[imu_filter_madgwick_node-3] [INFO] [1770709714.149065017] [imu_filter]: Parameter RLController.pid_kd_lin set to 0.020000
[imu_filter_madgwick_node-3] [INFO] [1770709714.149138042] [imu_filter]: Parameter RLController.pid_kp_ang set to 1.233640
[imu_filter_madgwick_node-3] [INFO] [1770709714.149205883] [imu_filter]: Parameter RLController.pid_ki_ang set to 0.000000
[imu_filter_madgwick_node-3] [INFO] [1770709714.149271101] [imu_filter]: Parameter RLController.pid_kd_ang set to 0.095346
[imu_filter_madgwick_node-3] [INFO] [1770709714.566351786] [imu_filter]: Parameter RLController.pid_kp_lin set to 1.212761
[imu_filter_madgwick_node-3] [INFO] [1770709714.566546670] [imu_filter]: Parameter RLController.pid_ki_lin set to 0.000000
[imu_filter_madgwick_node-3] [INFO] [1770709714.566621775] [imu_filter]: Parameter RLController.pid_kd_lin set to 0.020000
[imu_filter_madgwick_node-3] [INFO] [1770709714.566689585] [imu_filter]: Parameter RLController.pid_kp_ang set to 1.233640
[imu_filter_madgwick_node-3] [INFO] [1770709714.566753202] [imu_filter]: Parameter RLController.pid_ki_ang set to 0.000000
[imu_filter_madgwick_node-3] [INFO] [1770709714.566813843] [imu_filter]: Parameter RLController.pid_kd_ang set to 0.095346
[imu_filter_madgwick_node-3] [INFO] [1770709714.983246515] [imu_filter]: Parameter RLController.pid_kp_lin set to 1.212761
[imu_filter_madgwick_node-3] [INFO] [1770709714.992358605] [imu_filter]: Parameter RLController.pid_ki_lin set to 0.000000
[imu_filter_madgwick_node-3] [INFO] [1770709714.992679955] [imu_filter]: Parameter RLController.pid_kd_lin set to 0.020000
[imu_filter_madgwick_node-3] [INFO] [1770709714.992818262] [imu_filter]: Parameter RLController.pid_kp_ang set to 1.233640
[imu_filter_madgwick_node-3] [INFO] [1770709714.992889624] [imu_filter]: Parameter RLController.pid_ki_ang set to 0.000000
[imu_filter_madgwick_node-3] [INFO] [1770709714.992956121] [imu_filter]: Parameter RLController.pid_kd_ang set to 0.095346
[imu_filter_madgwick_node-3] [INFO] [1770709715.396177132] [imu_filter]: Parameter RLController.pid_kp_lin set to 1.212761
[imu_filter_madgwick_node-3] [INFO] [1770709715.396407248] [imu_filter]: Parameter RLController.pid_ki_lin set to 0.000000
[imu_filter_madgwick_node-3] [INFO] [1770709715.403795559] [imu_filter]: Parameter RLController.pid_kd_lin set to 0.020000
[imu_filter_madgwick_node-3] [INFO] [1770709715.404227952] [imu_filter]: Parameter RLController.pid_kp_ang set to 1.233640
[imu_filter_madgwick_node-3] [INFO] [1770709715.404360402] [imu_filter]: Parameter RLController.pid_ki_ang set to 0.000000
[imu_filter_madgwick_node-3] [INFO] [1770709715.404427796] [imu_filter]: Parameter RLController.pid_kd_ang set to 0.095346
[imu_filter_madgwick_node-3] [INFO] [1770709715.826110943] [imu_filter]: Parameter RLController.pid_kp_lin set to 1.212761
[imu_filter_madgwick_node-3] [INFO] [1770709715.826361700] [imu_filter]: Parameter RLController.pid_ki_lin set to 0.000000
[imu_filter_madgwick_node-3] [INFO] [1770709715.826731979] [imu_filter]: Parameter RLController.pid_kd_lin set to 0.020000
[imu_filter_madgwick_node-3] [INFO] [1770709715.826848974] [imu_filter]: Parameter RLController.pid_kp_ang set to 1.233640
[imu_filter_madgwick_node-3] [INFO] [1770709715.826935407] [imu_filter]: Parameter RLController.pid_ki_ang set to 0.000000
[imu_filter_madgwick_node-3] [INFO] [1770709715.828428750] [imu_filter]: Parameter RLController.pid_kd_ang set to 0.095346
[imu_filter_madgwick_node-3] [INFO] [1770709716.239926185] [imu_filter]: Parameter RLController.pid_kp_lin set to 1.212761
[imu_filter_madgwick_node-3] [INFO] [1770709716.242370107] [imu_filter]: Parameter RLController.pid_ki_lin set to 0.000000
[imu_filter_madgwick_node-3] [INFO] [1770709716.242844709] [imu_filter]: Parameter RLController.pid_kd_lin set to 0.020000
[imu_filter_madgwick_node-3] [INFO] [1770709716.242956935] [imu_filter]: Parameter RLController.pid_kp_ang set to 1.233640
[imu_filter_madgwick_node-3] [INFO] [1770709716.243134987] [imu_filter]: Parameter RLController.pid_ki_ang set to 0.000000
[imu_filter_madgwick_node-3] [INFO] [1770709716.243220332] [imu_filter]: Parameter RLController.pid_kd_ang set to 0.095346
[imu_filter_madgwick_node-3] [INFO] [1770709716.655917888] [imu_filter]: Parameter RLController.pid_kp_lin set to 1.212761
[imu_filter_madgwick_node-3] [INFO] [1770709716.656132357] [imu_filter]: Parameter RLController.pid_ki_lin set to 0.000000
[imu_filter_madgwick_node-3] [INFO] [1770709716.656217702] [imu_filter]: Parameter RLController.pid_kd_lin set to 0.020000
[imu_filter_madgwick_node-3] [INFO] [1770709716.656287912] [imu_filter]: Parameter RLController.pid_kp_ang set to 1.233640
[imu_filter_madgwick_node-3] [INFO] [1770709716.656348265] [imu_filter]: Parameter RLController.pid_ki_ang set to 0.000000
[imu_filter_madgwick_node-3] [INFO] [1770709716.656408426] [imu_filter]: Parameter RLController.pid_kd_ang set to 0.095346
[imu_filter_madgwick_node-3] [INFO] [1770709717.061425666] [imu_filter]: Parameter RLController.pid_kp_lin set to 1.212761
[imu_filter_madgwick_node-3] [INFO] [1770709717.061798505] [imu_filter]: Parameter RLController.pid_ki_lin set to 0.000000
[imu_filter_madgwick_node-3] [INFO] [1770709717.061887083] [imu_filter]: Parameter RLController.pid_kd_lin set to 0.020000
[imu_filter_madgwick_node-3] [INFO] [1770709717.064719813] [imu_filter]: Parameter RLController.pid_kp_ang set to 1.233640
[imu_filter_madgwick_node-3] [INFO] [1770709717.065073228] [imu_filter]: Parameter RLController.pid_ki_ang set to 0.000000
[imu_filter_madgwick_node-3] [INFO] [1770709717.065156334] [imu_filter]: Parameter RLController.pid_kd_ang set to 0.095346
[imu_filter_madgwick_node-3] [INFO] [1770709717.474717282] [imu_filter]: Parameter RLController.pid_kp_lin set to 1.212761
[imu_filter_madgwick_node-3] [INFO] [1770709717.476303874] [imu_filter]: Parameter RLController.pid_ki_lin set to 0.000000
[imu_filter_madgwick_node-3] [INFO] [1770709717.476458661] [imu_filter]: Parameter RLController.pid_kd_lin set to 0.020000
[imu_filter_madgwick_node-3] [INFO] [1770709717.476533223] [imu_filter]: Parameter RLController.pid_kp_ang set to 1.233640
[imu_filter_madgwick_node-3] [INFO] [1770709717.476595592] [imu_filter]: Parameter RLController.pid_ki_ang set to 0.000000
[imu_filter_madgwick_node-3] [INFO] [1770709717.476655145] [imu_filter]: Parameter RLController.pid_kd_ang set to 0.095346
[imu_filter_madgwick_node-3] [INFO] [1770709717.884629405] [imu_filter]: Parameter RLController.pid_kp_lin set to 1.212761
[imu_filter_madgwick_node-3] [INFO] [1770709717.884819425] [imu_filter]: Parameter RLController.pid_ki_lin set to 0.000000
[imu_filter_madgwick_node-3] [INFO] [1770709717.885469006] [imu_filter]: Parameter RLController.pid_kd_lin set to 0.020000
[imu_filter_madgwick_node-3] [INFO] [1770709717.885611601] [imu_filter]: Parameter RLController.pid_kp_ang set to 1.233640
[imu_filter_madgwick_node-3] [INFO] [1770709717.885677330] [imu_filter]: Parameter RLController.pid_ki_ang set to 0.000000
[imu_filter_madgwick_node-3] [INFO] [1770709717.885739635] [imu_filter]: Parameter RLController.pid_kd_ang set to 0.095346
[imu_filter_madgwick_node-3] [INFO] [1770709718.300869849] [imu_filter]: Parameter RLController.pid_kp_lin set to 1.212761
[imu_filter_madgwick_node-3] [INFO] [1770709718.303091942] [imu_filter]: Parameter RLController.pid_ki_lin set to 0.000000
[imu_filter_madgwick_node-3] [INFO] [1770709718.303259881] [imu_filter]: Parameter RLController.pid_kd_lin set to 0.020000
[imu_filter_madgwick_node-3] [INFO] [1770709718.303338219] [imu_filter]: Parameter RLController.pid_kp_ang set to 1.233640
[imu_filter_madgwick_node-3] [INFO] [1770709718.303400044] [imu_filter]: Parameter RLController.pid_ki_ang set to 0.000000
[imu_filter_madgwick_node-3] [INFO] [1770709718.303574288] [imu_filter]: Parameter RLController.pid_kd_ang set to 0.095346
[imu_filter_madgwick_node-3] [INFO] [1770709718.712116495] [imu_filter]: Parameter RLController.pid_kp_lin set to 1.212761
[imu_filter_madgwick_node-3] [INFO] [1770709718.712325203] [imu_filter]: Parameter RLController.pid_ki_lin set to 0.000000
[imu_filter_madgwick_node-3] [INFO] [1770709718.712408661] [imu_filter]: Parameter RLController.pid_kd_lin set to 0.020000
[imu_filter_madgwick_node-3] [INFO] [1770709718.712483894] [imu_filter]: Parameter RLController.pid_kp_ang set to 1.233640
[imu_filter_madgwick_node-3] [INFO] [1770709718.712547320] [imu_filter]: Parameter RLController.pid_ki_ang set to 0.000000
[imu_filter_madgwick_node-3] [INFO] [1770709718.712609017] [imu_filter]: Parameter RLController.pid_kd_ang set to 0.095346
[imu_filter_madgwick_node-3] [INFO] [1770709719.130325587] [imu_filter]: Parameter RLController.pid_kp_lin set to 1.212761
[imu_filter_madgwick_node-3] [INFO] [1770709719.130853662] [imu_filter]: Parameter RLController.pid_ki_lin set to 0.000000
[imu_filter_madgwick_node-3] [INFO] [1770709719.130992545] [imu_filter]: Parameter RLController.pid_kd_lin set to 0.020000
[imu_filter_madgwick_node-3] [INFO] [1770709719.135441115] [imu_filter]: Parameter RLController.pid_kp_ang set to 1.233640
[imu_filter_madgwick_node-3] [INFO] [1770709719.135927589] [imu_filter]: Parameter RLController.pid_ki_ang set to 0.000000
[imu_filter_madgwick_node-3] [INFO] [1770709719.136029383] [imu_filter]: Parameter RLController.pid_kd_ang set to 0.095346
[imu_filter_madgwick_node-3] [INFO] [1770709719.543534737] [imu_filter]: Parameter RLController.pid_kp_lin set to 1.212761
[imu_filter_madgwick_node-3] [INFO] [1770709719.543975866] [imu_filter]: Parameter RLController.pid_ki_lin set to 0.000000
[imu_filter_madgwick_node-3] [INFO] [1770709719.544068188] [imu_filter]: Parameter RLController.pid_kd_lin set to 0.020000
[imu_filter_madgwick_node-3] [INFO] [1770709719.544135006] [imu_filter]: Parameter RLController.pid_kp_ang set to 1.233640
[imu_filter_madgwick_node-3] [INFO] [1770709719.544196735] [imu_filter]: Parameter RLController.pid_ki_ang set to 0.000000
[imu_filter_madgwick_node-3] [INFO] [1770709719.544345570] [imu_filter]: Parameter RLController.pid_kd_ang set to 0.095346
[imu_filter_madgwick_node-3] [INFO] [1770709719.976376831] [imu_filter]: Parameter RLController.pid_kp_lin set to 1.212761
[imu_filter_madgwick_node-3] [INFO] [1770709719.976559363] [imu_filter]: Parameter RLController.pid_ki_lin set to 0.000000
[imu_filter_madgwick_node-3] [INFO] [1770709719.976629253] [imu_filter]: Parameter RLController.pid_kd_lin set to 0.020000
[imu_filter_madgwick_node-3] [INFO] [1770709719.976695718] [imu_filter]: Parameter RLController.pid_kp_ang set to 1.233640
[imu_filter_madgwick_node-3] [INFO] [1770709719.976760007] [imu_filter]: Parameter RLController.pid_ki_ang set to 0.000000
[imu_filter_madgwick_node-3] [INFO] [1770709719.976823144] [imu_filter]: Parameter RLController.pid_kd_ang set to 0.095346
[imu_filter_madgwick_node-3] [INFO] [1770709720.391773162] [imu_filter]: Parameter RLController.pid_kp_lin set to 1.212761
[imu_filter_madgwick_node-3] [INFO] [1770709720.392021807] [imu_filter]: Parameter RLController.pid_ki_lin set to 0.000000
[imu_filter_madgwick_node-3] [INFO] [1770709720.392103025] [imu_filter]: Parameter RLController.pid_kd_lin set to 0.020000
[imu_filter_madgwick_node-3] [INFO] [1770709720.392168946] [imu_filter]: Parameter RLController.pid_kp_ang set to 1.233640
[imu_filter_madgwick_node-3] [INFO] [1770709720.392229524] [imu_filter]: Parameter RLController.pid_ki_ang set to 0.000000
[imu_filter_madgwick_node-3] [INFO] [1770709720.396336743] [imu_filter]: Parameter RLController.pid_kd_ang set to 0.095346
[imu_filter_madgwick_node-3] [INFO] [1770709720.806086463] [imu_filter]: Parameter RLController.pid_kp_lin set to 1.212761
[imu_filter_madgwick_node-3] [INFO] [1770709720.806305667] [imu_filter]: Parameter RLController.pid_ki_lin set to 0.000000
[imu_filter_madgwick_node-3] [INFO] [1770709720.806384421] [imu_filter]: Parameter RLController.pid_kd_lin set to 0.020000
[imu_filter_madgwick_node-3] [INFO] [1770709720.806449830] [imu_filter]: Parameter RLController.pid_kp_ang set to 1.233640
[imu_filter_madgwick_node-3] [INFO] [1770709720.806854095] [imu_filter]: Parameter RLController.pid_ki_ang set to 0.000000
[imu_filter_madgwick_node-3] [INFO] [1770709720.806946000] [imu_filter]: Parameter RLController.pid_kd_ang set to 0.095346
[imu_filter_madgwick_node-3] [INFO] [1770709721.223272526] [imu_filter]: Parameter RLController.pid_kp_lin set to 1.212761
[imu_filter_madgwick_node-3] [INFO] [1770709721.223541268] [imu_filter]: Parameter RLController.pid_ki_lin set to 0.000000
[imu_filter_madgwick_node-3] [INFO] [1770709721.223623893] [imu_filter]: Parameter RLController.pid_kd_lin set to 0.020000
[imu_filter_madgwick_node-3] [INFO] [1770709721.223694295] [imu_filter]: Parameter RLController.pid_kp_ang set to 1.233640
[imu_filter_madgwick_node-3] [INFO] [1770709721.223758616] [imu_filter]: Parameter RLController.pid_ki_ang set to 0.000000
[imu_filter_madgwick_node-3] [INFO] [1770709721.223822809] [imu_filter]: Parameter RLController.pid_kd_ang set to 0.095346
[imu_filter_madgwick_node-3] [INFO] [1770709721.639029632] [imu_filter]: Parameter RLController.pid_kp_lin set to 1.212761
[imu_filter_madgwick_node-3] [INFO] [1770709721.639438985] [imu_filter]: Parameter RLController.pid_ki_lin set to 0.000000
[imu_filter_madgwick_node-3] [INFO] [1770709721.639523050] [imu_filter]: Parameter RLController.pid_kd_lin set to 0.020000
[imu_filter_madgwick_node-3] [INFO] [1770709721.639586828] [imu_filter]: Parameter RLController.pid_kp_ang set to 1.233640
[imu_filter_madgwick_node-3] [INFO] [1770709721.639645389] [imu_filter]: Parameter RLController.pid_ki_ang set to 0.000000
[imu_filter_madgwick_node-3] [INFO] [1770709721.639703118] [imu_filter]: Parameter RLController.pid_kd_ang set to 0.095346
[imu_filter_madgwick_node-3] [INFO] [1770709722.056489237] [imu_filter]: Parameter RLController.pid_kp_lin set to 1.212761
[imu_filter_madgwick_node-3] [INFO] [1770709722.056726042] [imu_filter]: Parameter RLController.pid_ki_lin set to 0.000000
[imu_filter_madgwick_node-3] [INFO] [1770709722.056803004] [imu_filter]: Parameter RLController.pid_kd_lin set to 0.020000
[imu_filter_madgwick_node-3] [INFO] [1770709722.056870237] [imu_filter]: Parameter RLController.pid_kp_ang set to 1.233640
[imu_filter_madgwick_node-3] [INFO] [1770709722.056933342] [imu_filter]: Parameter RLController.pid_ki_ang set to 0.000000
[imu_filter_madgwick_node-3] [INFO] [1770709722.056995007] [imu_filter]: Parameter RLController.pid_kd_ang set to 0.095346
[imu_filter_madgwick_node-3] [INFO] [1770709722.476746339] [imu_filter]: Parameter RLController.pid_kp_lin set to 1.212761
[imu_filter_madgwick_node-3] [INFO] [1770709722.477068330] [imu_filter]: Parameter RLController.pid_ki_lin set to 0.000000
[imu_filter_madgwick_node-3] [INFO] [1770709722.477163307] [imu_filter]: Parameter RLController.pid_kd_lin set to 0.020000
[imu_filter_madgwick_node-3] [INFO] [1770709722.477237837] [imu_filter]: Parameter RLController.pid_kp_ang set to 1.233640
[imu_filter_madgwick_node-3] [INFO] [1770709722.477306510] [imu_filter]: Parameter RLController.pid_ki_ang set to 0.000000
[imu_filter_madgwick_node-3] [INFO] [1770709722.477648053] [imu_filter]: Parameter RLController.pid_kd_ang set to 0.095346
[imu_filter_madgwick_node-3] [INFO] [1770709722.902128473] [imu_filter]: Parameter RLController.pid_kp_lin set to 1.212761
[imu_filter_madgwick_node-3] [INFO] [1770709722.902340221] [imu_filter]: Parameter RLController.pid_ki_lin set to 0.000000
[imu_filter_madgwick_node-3] [INFO] [1770709722.902419103] [imu_filter]: Parameter RLController.pid_kd_lin set to 0.020000
[imu_filter_madgwick_node-3] [INFO] [1770709722.902481856] [imu_filter]: Parameter RLController.pid_kp_ang set to 1.233640
[imu_filter_madgwick_node-3] [INFO] [1770709722.902539681] [imu_filter]: Parameter RLController.pid_ki_ang set to 0.000000
[imu_filter_madgwick_node-3] [INFO] [1770709722.902598115] [imu_filter]: Parameter RLController.pid_kd_ang set to 0.095346
[imu_filter_madgwick_node-3] [INFO] [1770709723.314820781] [imu_filter]: Parameter RLController.pid_kp_lin set to 1.212761
[imu_filter_madgwick_node-3] [INFO] [1770709723.315189588] [imu_filter]: Parameter RLController.pid_ki_lin set to 0.000000
[imu_filter_madgwick_node-3] [INFO] [1770709723.315284662] [imu_filter]: Parameter RLController.pid_kd_lin set to 0.020000
[imu_filter_madgwick_node-3] [INFO] [1770709723.315348376] [imu_filter]: Parameter RLController.pid_kp_ang set to 1.233640
[imu_filter_madgwick_node-3] [INFO] [1770709723.315405817] [imu_filter]: Parameter RLController.pid_ki_ang set to 0.000000
[imu_filter_madgwick_node-3] [INFO] [1770709723.315463706] [imu_filter]: Parameter RLController.pid_kd_ang set to 0.095346
[imu_filter_madgwick_node-3] [INFO] [1770709723.738187834] [imu_filter]: Parameter RLController.pid_kp_lin set to 1.212761
[imu_filter_madgwick_node-3] [INFO] [1770709723.738386302] [imu_filter]: Parameter RLController.pid_ki_lin set to 0.000000
[imu_filter_madgwick_node-3] [INFO] [1770709723.738463360] [imu_filter]: Parameter RLController.pid_kd_lin set to 0.020000
[imu_filter_madgwick_node-3] [INFO] [1770709723.738529505] [imu_filter]: Parameter RLController.pid_kp_ang set to 1.233640
[imu_filter_madgwick_node-3] [INFO] [1770709723.738591458] [imu_filter]: Parameter RLController.pid_ki_ang set to 0.000000
[imu_filter_madgwick_node-3] [INFO] [1770709723.738647811] [imu_filter]: Parameter RLController.pid_kd_ang set to 0.095346
[imu_filter_madgwick_node-3] [INFO] [1770709724.156498304] [imu_filter]: Parameter RLController.pid_kp_lin set to 1.212761
[imu_filter_madgwick_node-3] [INFO] [1770709724.156731781] [imu_filter]: Parameter RLController.pid_ki_lin set to 0.000000
[imu_filter_madgwick_node-3] [INFO] [1770709724.156810502] [imu_filter]: Parameter RLController.pid_kd_lin set to 0.020000
[imu_filter_madgwick_node-3] [INFO] [1770709724.156878344] [imu_filter]: Parameter RLController.pid_kp_ang set to 1.233640
[imu_filter_madgwick_node-3] [INFO] [1770709724.156939273] [imu_filter]: Parameter RLController.pid_ki_ang set to 0.000000
[imu_filter_madgwick_node-3] [INFO] [1770709724.156998986] [imu_filter]: Parameter RLController.pid_kd_ang set to 0.095346
[imu_filter_madgwick_node-3] [INFO] [1770709724.573907284] [imu_filter]: Parameter RLController.pid_kp_lin set to 1.212761
[imu_filter_madgwick_node-3] [INFO] [1770709724.574125784] [imu_filter]: Parameter RLController.pid_ki_lin set to 0.000000
[imu_filter_madgwick_node-3] [INFO] [1770709724.574312572] [imu_filter]: Parameter RLController.pid_kd_lin set to 0.020000
[imu_filter_madgwick_node-3] [INFO] [1770709724.574390142] [imu_filter]: Parameter RLController.pid_kp_ang set to 1.233640
[imu_filter_madgwick_node-3] [INFO] [1770709724.574459519] [imu_filter]: Parameter RLController.pid_ki_ang set to 0.000000
[imu_filter_madgwick_node-3] [INFO] [1770709724.574525313] [imu_filter]: Parameter RLController.pid_kd_ang set to 0.095346
[imu_filter_madgwick_node-3] [INFO] [1770709724.979905823] [imu_filter]: Parameter RLController.pid_kp_lin set to 1.212761
[imu_filter_madgwick_node-3] [INFO] [1770709724.980138180] [imu_filter]: Parameter RLController.pid_ki_lin set to 0.000000
[imu_filter_madgwick_node-3] [INFO] [1770709724.980217254] [imu_filter]: Parameter RLController.pid_kd_lin set to 0.020000
[imu_filter_madgwick_node-3] [INFO] [1770709724.980285671] [imu_filter]: Parameter RLController.pid_kp_ang set to 1.233640
[imu_filter_madgwick_node-3] [INFO] [1770709724.980348008] [imu_filter]: Parameter RLController.pid_ki_ang set to 0.000000
[imu_filter_madgwick_node-3] [INFO] [1770709724.980413002] [imu_filter]: Parameter RLController.pid_kd_ang set to 0.095346
[imu_filter_madgwick_node-3] [INFO] [1770709725.392685141] [imu_filter]: Parameter RLController.pid_kp_lin set to 1.212761
[imu_filter_madgwick_node-3] [INFO] [1770709725.392893337] [imu_filter]: Parameter RLController.pid_ki_lin set to 0.000000
[imu_filter_madgwick_node-3] [INFO] [1770709725.392967707] [imu_filter]: Parameter RLController.pid_kd_lin set to 0.020000
[imu_filter_madgwick_node-3] [INFO] [1770709725.393034844] [imu_filter]: Parameter RLController.pid_kp_ang set to 1.233640
[imu_filter_madgwick_node-3] [INFO] [1770709725.393106109] [imu_filter]: Parameter RLController.pid_ki_ang set to 0.000000
[imu_filter_madgwick_node-3] [INFO] [1770709725.393172959] [imu_filter]: Parameter RLController.pid_kd_ang set to 0.095346
[imu_filter_madgwick_node-3] [INFO] [1770709725.809021171] [imu_filter]: Parameter RLController.pid_kp_lin set to 1.212761
[imu_filter_madgwick_node-3] [INFO] [1770709725.809244023] [imu_filter]: Parameter RLController.pid_ki_lin set to 0.000000
[imu_filter_madgwick_node-3] [INFO] [1770709725.809340057] [imu_filter]: Parameter RLController.pid_kd_lin set to 0.020000
[imu_filter_madgwick_node-3] [INFO] [1770709725.809406875] [imu_filter]: Parameter RLController.pid_kp_ang set to 1.233640
[imu_filter_madgwick_node-3] [INFO] [1770709725.813619408] [imu_filter]: Parameter RLController.pid_ki_ang set to 0.000000
[imu_filter_madgwick_node-3] [INFO] [1770709725.814917643] [imu_filter]: Parameter RLController.pid_kd_ang set to 0.095346
[imu_filter_madgwick_node-3] [INFO] [1770709726.231800724] [imu_filter]: Parameter RLController.pid_kp_lin set to 1.212761
[imu_filter_madgwick_node-3] [INFO] [1770709726.232026297] [imu_filter]: Parameter RLController.pid_ki_lin set to 0.000000
[imu_filter_madgwick_node-3] [INFO] [1770709726.232127675] [imu_filter]: Parameter RLController.pid_kd_lin set to 0.020000
[imu_filter_madgwick_node-3] [INFO] [1770709726.232202940] [imu_filter]: Parameter RLController.pid_kp_ang set to 1.233640
[imu_filter_madgwick_node-3] [INFO] [1770709726.232269534] [imu_filter]: Parameter RLController.pid_ki_ang set to 0.000000
[imu_filter_madgwick_node-3] [INFO] [1770709726.232334239] [imu_filter]: Parameter RLController.pid_kd_ang set to 0.095346
[imu_filter_madgwick_node-3] [INFO] [1770709726.645707072] [imu_filter]: Parameter RLController.pid_kp_lin set to 1.212761
[imu_filter_madgwick_node-3] [INFO] [1770709726.645900196] [imu_filter]: Parameter RLController.pid_ki_lin set to 0.000000
[imu_filter_madgwick_node-3] [INFO] [1770709726.645975878] [imu_filter]: Parameter RLController.pid_kd_lin set to 0.020000
[imu_filter_madgwick_node-3] [INFO] [1770709726.646045639] [imu_filter]: Parameter RLController.pid_kp_ang set to 1.233640
[imu_filter_madgwick_node-3] [INFO] [1770709726.646098440] [imu_filter]: Parameter RLController.pid_ki_ang set to 0.000000
[imu_filter_madgwick_node-3] [INFO] [1770709726.646204203] [imu_filter]: Parameter RLController.pid_kd_ang set to 0.095346
[imu_filter_madgwick_node-3] [INFO] [1770709727.059363304] [imu_filter]: Parameter RLController.pid_kp_lin set to 1.212761
[imu_filter_madgwick_node-3] [INFO] [1770709727.059610029] [imu_filter]: Parameter RLController.pid_ki_lin set to 0.000000
[imu_filter_madgwick_node-3] [INFO] [1770709727.059845970] [imu_filter]: Parameter RLController.pid_kd_lin set to 0.020000
[imu_filter_madgwick_node-3] [INFO] [1770709727.059925843] [imu_filter]: Parameter RLController.pid_kp_ang set to 1.233640
[imu_filter_madgwick_node-3] [INFO] [1770709727.059989397] [imu_filter]: Parameter RLController.pid_ki_ang set to 0.000000
[imu_filter_madgwick_node-3] [INFO] [1770709727.060054262] [imu_filter]: Parameter RLController.pid_kd_ang set to 0.095346
[imu_filter_madgwick_node-3] [INFO] [1770709727.482404494] [imu_filter]: Parameter RLController.pid_kp_lin set to 1.212761
[imu_filter_madgwick_node-3] [INFO] [1770709727.482747093] [imu_filter]: Parameter RLController.pid_ki_lin set to 0.000000
[imu_filter_madgwick_node-3] [INFO] [1770709727.482867960] [imu_filter]: Parameter RLController.pid_kd_lin set to 0.020000
[imu_filter_madgwick_node-3] [INFO] [1770709727.482947097] [imu_filter]: Parameter RLController.pid_kp_ang set to 1.233640
[imu_filter_madgwick_node-3] [INFO] [1770709727.483149149] [imu_filter]: Parameter RLController.pid_ki_ang set to 0.000000
[imu_filter_madgwick_node-3] [INFO] [1770709727.483219263] [imu_filter]: Parameter RLController.pid_kd_ang set to 0.095346
[imu_filter_madgwick_node-3] [INFO] [1770709727.884312550] [imu_filter]: Parameter RLController.pid_kp_lin set to 1.212761
[imu_filter_madgwick_node-3] [INFO] [1770709727.884519467] [imu_filter]: Parameter RLController.pid_ki_lin set to 0.000000
[imu_filter_madgwick_node-3] [INFO] [1770709727.884717103] [imu_filter]: Parameter RLController.pid_kd_lin set to 0.020000
[imu_filter_madgwick_node-3] [INFO] [1770709727.884790640] [imu_filter]: Parameter RLController.pid_kp_ang set to 1.233640
[imu_filter_madgwick_node-3] [INFO] [1770709727.884860210] [imu_filter]: Parameter RLController.pid_ki_ang set to 0.000000
[imu_filter_madgwick_node-3] [INFO] [1770709727.884925299] [imu_filter]: Parameter RLController.pid_kd_ang set to 0.095346
[imu_filter_madgwick_node-3] [INFO] [1770709728.302350439] [imu_filter]: Parameter RLController.pid_kp_lin set to 1.212761
[imu_filter_madgwick_node-3] [INFO] [1770709728.309664092] [imu_filter]: Parameter RLController.pid_ki_lin set to 0.000000
[imu_filter_madgwick_node-3] [INFO] [1770709728.310062756] [imu_filter]: Parameter RLController.pid_kd_lin set to 0.020000
[imu_filter_madgwick_node-3] [INFO] [1770709728.310177830] [imu_filter]: Parameter RLController.pid_kp_ang set to 1.233640
[imu_filter_madgwick_node-3] [INFO] [1770709728.310245288] [imu_filter]: Parameter RLController.pid_ki_ang set to 0.000000
[imu_filter_madgwick_node-3] [INFO] [1770709728.310309865] [imu_filter]: Parameter RLController.pid_kd_ang set to 0.095346
[imu_filter_madgwick_node-3] [INFO] [1770709728.740888329] [imu_filter]: Parameter RLController.pid_kp_lin set to 1.212761
[imu_filter_madgwick_node-3] [INFO] [1770709728.741571447] [imu_filter]: Parameter RLController.pid_ki_lin set to 0.000000
[imu_filter_madgwick_node-3] [INFO] [1770709728.741699898] [imu_filter]: Parameter RLController.pid_kd_lin set to 0.020000
[imu_filter_madgwick_node-3] [INFO] [1770709728.741771899] [imu_filter]: Parameter RLController.pid_kp_ang set to 1.233640
[imu_filter_madgwick_node-3] [INFO] [1770709728.741836412] [imu_filter]: Parameter RLController.pid_ki_ang set to 0.000000
[imu_filter_madgwick_node-3] [INFO] [1770709728.741903806] [imu_filter]: Parameter RLController.pid_kd_ang set to 0.095346
[imu_filter_madgwick_node-3] [INFO] [1770709729.170602743] [imu_filter]: Parameter RLController.pid_kp_lin set to 1.212761
[imu_filter_madgwick_node-3] [INFO] [1770709729.170815996] [imu_filter]: Parameter RLController.pid_ki_lin set to 0.000000
[imu_filter_madgwick_node-3] [INFO] [1770709729.170884509] [imu_filter]: Parameter RLController.pid_kd_lin set to 0.020000
[imu_filter_madgwick_node-3] [INFO] [1770709729.170951743] [imu_filter]: Parameter RLController.pid_kp_ang set to 1.233640
[imu_filter_madgwick_node-3] [INFO] [1770709729.171006016] [imu_filter]: Parameter RLController.pid_ki_ang set to 0.000000
[imu_filter_madgwick_node-3] [INFO] [1770709729.171704046] [imu_filter]: Parameter RLController.pid_kd_ang set to 0.095346
[imu_filter_madgwick_node-3] [INFO] [1770709729.580526611] [imu_filter]: Parameter RLController.pid_kp_lin set to 1.212761
[imu_filter_madgwick_node-3] [INFO] [1770709729.580829529] [imu_filter]: Parameter RLController.pid_ki_lin set to 0.000000
[imu_filter_madgwick_node-3] [INFO] [1770709729.580909755] [imu_filter]: Parameter RLController.pid_kd_lin set to 0.020000
[imu_filter_madgwick_node-3] [INFO] [1770709729.580975580] [imu_filter]: Parameter RLController.pid_kp_ang set to 1.233640
[imu_filter_madgwick_node-3] [INFO] [1770709729.581035325] [imu_filter]: Parameter RLController.pid_ki_ang set to 0.000000
[imu_filter_madgwick_node-3] [INFO] [1770709729.581094942] [imu_filter]: Parameter RLController.pid_kd_ang set to 0.095346
[imu_filter_madgwick_node-3] [INFO] [1770709729.995065868] [imu_filter]: Parameter RLController.pid_kp_lin set to 1.212761
[imu_filter_madgwick_node-3] [INFO] [1770709729.995238704] [imu_filter]: Parameter RLController.pid_ki_lin set to 0.000000
[imu_filter_madgwick_node-3] [INFO] [1770709729.995463156] [imu_filter]: Parameter RLController.pid_kd_lin set to 0.020000
[imu_filter_madgwick_node-3] [INFO] [1770709729.995561814] [imu_filter]: Parameter RLController.pid_kp_ang set to 1.233640
[imu_filter_madgwick_node-3] [INFO] [1770709729.995635480] [imu_filter]: Parameter RLController.pid_ki_ang set to 0.000000
[imu_filter_madgwick_node-3] [INFO] [1770709729.995921566] [imu_filter]: Parameter RLController.pid_kd_ang set to 0.095346
[imu_filter_madgwick_node-3] [INFO] [1770709730.412221467] [imu_filter]: Parameter RLController.pid_kp_lin set to 1.212761
[imu_filter_madgwick_node-3] [INFO] [1770709730.412448351] [imu_filter]: Parameter RLController.pid_ki_lin set to 0.000000
[imu_filter_madgwick_node-3] [INFO] [1770709730.412534337] [imu_filter]: Parameter RLController.pid_kd_lin set to 0.020000
[imu_filter_madgwick_node-3] [INFO] [1770709730.415524062] [imu_filter]: Parameter RLController.pid_kp_ang set to 1.233640
[imu_filter_madgwick_node-3] [INFO] [1770709730.415721058] [imu_filter]: Parameter RLController.pid_ki_ang set to 0.000000
[imu_filter_madgwick_node-3] [INFO] [1770709730.415913414] [imu_filter]: Parameter RLController.pid_kd_ang set to 0.095346
[imu_filter_madgwick_node-3] [INFO] [1770709730.836499258] [imu_filter]: Parameter RLController.pid_kp_lin set to 1.212761
[imu_filter_madgwick_node-3] [INFO] [1770709730.836690846] [imu_filter]: Parameter RLController.pid_ki_lin set to 0.000000
[imu_filter_madgwick_node-3] [INFO] [1770709730.836765120] [imu_filter]: Parameter RLController.pid_kd_lin set to 0.020000
[imu_filter_madgwick_node-3] [INFO] [1770709730.836829889] [imu_filter]: Parameter RLController.pid_kp_ang set to 1.233640
[imu_filter_madgwick_node-3] [INFO] [1770709730.836890306] [imu_filter]: Parameter RLController.pid_ki_ang set to 0.000000
[imu_filter_madgwick_node-3] [INFO] [1770709730.837775892] [imu_filter]: Parameter RLController.pid_kd_ang set to 0.095346
[imu_filter_madgwick_node-3] [INFO] [1770709731.249234735] [imu_filter]: Parameter RLController.pid_kp_lin set to 1.212761
[imu_filter_madgwick_node-3] [INFO] [1770709731.249451443] [imu_filter]: Parameter RLController.pid_ki_lin set to 0.000000
[imu_filter_madgwick_node-3] [INFO] [1770709731.249557494] [imu_filter]: Parameter RLController.pid_kd_lin set to 0.020000
[imu_filter_madgwick_node-3] [INFO] [1770709731.249638263] [imu_filter]: Parameter RLController.pid_kp_ang set to 1.233640
[imu_filter_madgwick_node-3] [INFO] [1770709731.249701081] [imu_filter]: Parameter RLController.pid_ki_ang set to 0.000000
[imu_filter_madgwick_node-3] [INFO] [1770709731.249765050] [imu_filter]: Parameter RLController.pid_kd_ang set to 0.095346
[imu_filter_madgwick_node-3] [INFO] [1770709731.671101150] [imu_filter]: Parameter RLController.pid_kp_lin set to 1.212761
[imu_filter_madgwick_node-3] [INFO] [1770709731.671322082] [imu_filter]: Parameter RLController.pid_ki_lin set to 0.000000
[imu_filter_madgwick_node-3] [INFO] [1770709731.671419108] [imu_filter]: Parameter RLController.pid_kd_lin set to 0.020000
[imu_filter_madgwick_node-3] [INFO] [1770709731.671494566] [imu_filter]: Parameter RLController.pid_kp_ang set to 1.233640
[imu_filter_madgwick_node-3] [INFO] [1770709731.671555943] [imu_filter]: Parameter RLController.pid_ki_ang set to 0.000000
[imu_filter_madgwick_node-3] [INFO] [1770709731.671618152] [imu_filter]: Parameter RLController.pid_kd_ang set to 0.095346
[imu_filter_madgwick_node-3] [INFO] [1770709732.099043400] [imu_filter]: Parameter RLController.pid_kp_lin set to 1.212761
[imu_filter_madgwick_node-3] [INFO] [1770709732.099254540] [imu_filter]: Parameter RLController.pid_ki_lin set to 0.000000
[imu_filter_madgwick_node-3] [INFO] [1770709732.099334350] [imu_filter]: Parameter RLController.pid_kd_lin set to 0.020000
[imu_filter_madgwick_node-3] [INFO] [1770709732.099408591] [imu_filter]: Parameter RLController.pid_kp_ang set to 1.233640
[imu_filter_madgwick_node-3] [INFO] [1770709732.099472369] [imu_filter]: Parameter RLController.pid_ki_ang set to 0.000000
[imu_filter_madgwick_node-3] [INFO] [1770709732.099535122] [imu_filter]: Parameter RLController.pid_kd_ang set to 0.095346
[imu_filter_madgwick_node-3] [INFO] [1770709732.524209978] [imu_filter]: Parameter RLController.pid_kp_lin set to 1.212761
[imu_filter_madgwick_node-3] [INFO] [1770709732.524415326] [imu_filter]: Parameter RLController.pid_ki_lin set to 0.000000
[imu_filter_madgwick_node-3] [INFO] [1770709732.524505920] [imu_filter]: Parameter RLController.pid_kd_lin set to 0.020000
[imu_filter_madgwick_node-3] [INFO] [1770709732.524592769] [imu_filter]: Parameter RLController.pid_kp_ang set to 1.233640
[imu_filter_madgwick_node-3] [INFO] [1770709732.524659203] [imu_filter]: Parameter RLController.pid_ki_ang set to 0.000000
[imu_filter_madgwick_node-3] [INFO] [1770709732.524721860] [imu_filter]: Parameter RLController.pid_kd_ang set to 0.095346
[imu_filter_madgwick_node-3] [INFO] [1770709732.940821245] [imu_filter]: Parameter RLController.pid_kp_lin set to 1.212761
[imu_filter_madgwick_node-3] [INFO] [1770709732.940994625] [imu_filter]: Parameter RLController.pid_ki_lin set to 0.000000
[imu_filter_madgwick_node-3] [INFO] [1770709732.941070594] [imu_filter]: Parameter RLController.pid_kd_lin set to 0.020000
[imu_filter_madgwick_node-3] [INFO] [1770709732.941244038] [imu_filter]: Parameter RLController.pid_kp_ang set to 1.233640
[imu_filter_madgwick_node-3] [INFO] [1770709732.941328264] [imu_filter]: Parameter RLController.pid_ki_ang set to 0.000000
[imu_filter_madgwick_node-3] [INFO] [1770709732.941391113] [imu_filter]: Parameter RLController.pid_kd_ang set to 0.095346
[imu_filter_madgwick_node-3] [INFO] [1770709733.352837347] [imu_filter]: Parameter RLController.pid_kp_lin set to 1.212761
[imu_filter_madgwick_node-3] [INFO] [1770709733.353040327] [imu_filter]: Parameter RLController.pid_ki_lin set to 0.000000
[imu_filter_madgwick_node-3] [INFO] [1770709733.353124169] [imu_filter]: Parameter RLController.pid_kd_lin set to 0.020000
[imu_filter_madgwick_node-3] [INFO] [1770709733.353195530] [imu_filter]: Parameter RLController.pid_kp_ang set to 1.233640
[imu_filter_madgwick_node-3] [INFO] [1770709733.353255852] [imu_filter]: Parameter RLController.pid_ki_ang set to 0.000000
[imu_filter_madgwick_node-3] [INFO] [1770709733.353316781] [imu_filter]: Parameter RLController.pid_kd_ang set to 0.095346
[imu_filter_madgwick_node-3] [INFO] [1770709733.768881371] [imu_filter]: Parameter RLController.pid_kp_lin set to 1.212761
[imu_filter_madgwick_node-3] [INFO] [1770709733.769191681] [imu_filter]: Parameter RLController.pid_ki_lin set to 0.000000
[imu_filter_madgwick_node-3] [INFO] [1770709733.769267523] [imu_filter]: Parameter RLController.pid_kd_lin set to 0.020000
[imu_filter_madgwick_node-3] [INFO] [1770709733.769332228] [imu_filter]: Parameter RLController.pid_kp_ang set to 1.233640
[imu_filter_madgwick_node-3] [INFO] [1770709733.769390662] [imu_filter]: Parameter RLController.pid_ki_ang set to 0.000000
[imu_filter_madgwick_node-3] [INFO] [1770709733.769450119] [imu_filter]: Parameter RLController.pid_kd_ang set to 0.095346
[imu_filter_madgwick_node-3] [INFO] [1770709734.181940054] [imu_filter]: Parameter RLController.pid_kp_lin set to 1.212761
[imu_filter_madgwick_node-3] [INFO] [1770709734.182138138] [imu_filter]: Parameter RLController.pid_ki_lin set to 0.000000
[imu_filter_madgwick_node-3] [INFO] [1770709734.182586116] [imu_filter]: Parameter RLController.pid_kd_lin set to 0.020000
[imu_filter_madgwick_node-3] [INFO] [1770709734.182675525] [imu_filter]: Parameter RLController.pid_kp_ang set to 1.233640
[imu_filter_madgwick_node-3] [INFO] [1770709734.182743623] [imu_filter]: Parameter RLController.pid_ki_ang set to 0.000000
[imu_filter_madgwick_node-3] [INFO] [1770709734.182805864] [imu_filter]: Parameter RLController.pid_kd_ang set to 0.095346
[imu_filter_madgwick_node-3] [INFO] [1770709734.605676587] [imu_filter]: Parameter RLController.pid_kp_lin set to 1.212761
[imu_filter_madgwick_node-3] [INFO] [1770709734.605997010] [imu_filter]: Parameter RLController.pid_ki_lin set to 0.000000
[imu_filter_madgwick_node-3] [INFO] [1770709734.606131668] [imu_filter]: Parameter RLController.pid_kd_lin set to 0.020000
[imu_filter_madgwick_node-3] [INFO] [1770709734.606202870] [imu_filter]: Parameter RLController.pid_kp_ang set to 1.233640
[imu_filter_madgwick_node-3] [INFO] [1770709734.606265495] [imu_filter]: Parameter RLController.pid_ki_ang set to 0.000000
[imu_filter_madgwick_node-3] [INFO] [1770709734.606330456] [imu_filter]: Parameter RLController.pid_kd_ang set to 0.095346
[imu_filter_madgwick_node-3] [INFO] [1770709735.010092374] [imu_filter]: Parameter RLController.pid_kp_lin set to 1.212761
[imu_filter_madgwick_node-3] [INFO] [1770709735.010468286] [imu_filter]: Parameter RLController.pid_ki_lin set to 0.000000
[imu_filter_madgwick_node-3] [INFO] [1770709735.010559360] [imu_filter]: Parameter RLController.pid_kd_lin set to 0.020000
[imu_filter_madgwick_node-3] [INFO] [1770709735.010627457] [imu_filter]: Parameter RLController.pid_kp_ang set to 1.233640
[imu_filter_madgwick_node-3] [INFO] [1770709735.012004349] [imu_filter]: Parameter RLController.pid_ki_ang set to 0.000000
[imu_filter_madgwick_node-3] [INFO] [1770709735.012152768] [imu_filter]: Parameter RLController.pid_kd_ang set to 0.095346
[imu_filter_madgwick_node-3] [INFO] [1770709735.430124607] [imu_filter]: Parameter RLController.pid_kp_lin set to 1.212761
[imu_filter_madgwick_node-3] [INFO] [1770709735.430340932] [imu_filter]: Parameter RLController.pid_ki_lin set to 0.000000
[imu_filter_madgwick_node-3] [INFO] [1770709735.430429158] [imu_filter]: Parameter RLController.pid_kd_lin set to 0.020000
[imu_filter_madgwick_node-3] [INFO] [1770709735.430499079] [imu_filter]: Parameter RLController.pid_kp_ang set to 1.233640
[imu_filter_madgwick_node-3] [INFO] [1770709735.430561832] [imu_filter]: Parameter RLController.pid_ki_ang set to 0.000000
[imu_filter_madgwick_node-3] [INFO] [1770709735.430625194] [imu_filter]: Parameter RLController.pid_kd_ang set to 0.095346
[imu_filter_madgwick_node-3] [INFO] [1770709735.856904402] [imu_filter]: Parameter RLController.pid_kp_lin set to 1.212761
[imu_filter_madgwick_node-3] [INFO] [1770709735.857265689] [imu_filter]: Parameter RLController.pid_ki_lin set to 0.000000
[imu_filter_madgwick_node-3] [INFO] [1770709735.857358971] [imu_filter]: Parameter RLController.pid_kd_lin set to 0.020000
[imu_filter_madgwick_node-3] [INFO] [1770709735.857433885] [imu_filter]: Parameter RLController.pid_kp_ang set to 1.233640
[imu_filter_madgwick_node-3] [INFO] [1770709735.857515230] [imu_filter]: Parameter RLController.pid_ki_ang set to 0.000000
[imu_filter_madgwick_node-3] [INFO] [1770709735.857579616] [imu_filter]: Parameter RLController.pid_kd_ang set to 0.095346
[imu_filter_madgwick_node-3] [INFO] [1770709736.269451075] [imu_filter]: Parameter RLController.pid_kp_lin set to 1.212761
[imu_filter_madgwick_node-3] [INFO] [1770709736.269894796] [imu_filter]: Parameter RLController.pid_ki_lin set to 0.000000
[imu_filter_madgwick_node-3] [INFO] [1770709736.270061423] [imu_filter]: Parameter RLController.pid_kd_lin set to 0.020000
[imu_filter_madgwick_node-3] [INFO] [1770709736.270134513] [imu_filter]: Parameter RLController.pid_kp_ang set to 1.233640
[imu_filter_madgwick_node-3] [INFO] [1770709736.270195986] [imu_filter]: Parameter RLController.pid_ki_ang set to 0.000000
[imu_filter_madgwick_node-3] [INFO] [1770709736.270259795] [imu_filter]: Parameter RLController.pid_kd_ang set to 0.095346
[imu_filter_madgwick_node-3] [INFO] [1770709736.684187136] [imu_filter]: Parameter RLController.pid_kp_lin set to 1.212761
[imu_filter_madgwick_node-3] [INFO] [1770709736.684484742] [imu_filter]: Parameter RLController.pid_ki_lin set to 0.000000
[imu_filter_madgwick_node-3] [INFO] [1770709736.684695243] [imu_filter]: Parameter RLController.pid_kd_lin set to 0.020000
[imu_filter_madgwick_node-3] [INFO] [1770709736.684769932] [imu_filter]: Parameter RLController.pid_kp_ang set to 1.233640
[imu_filter_madgwick_node-3] [INFO] [1770709736.684949776] [imu_filter]: Parameter RLController.pid_ki_ang set to 0.000000
[imu_filter_madgwick_node-3] [INFO] [1770709736.685027537] [imu_filter]: Parameter RLController.pid_kd_ang set to 0.095346
[imu_filter_madgwick_node-3] [INFO] [1770709737.096085860] [imu_filter]: Parameter RLController.pid_kp_lin set to 1.212761
[imu_filter_madgwick_node-3] [INFO] [1770709737.096309672] [imu_filter]: Parameter RLController.pid_ki_lin set to 0.000000
[imu_filter_madgwick_node-3] [INFO] [1770709737.096867156] [imu_filter]: Parameter RLController.pid_kd_lin set to 0.020000
[imu_filter_madgwick_node-3] [INFO] [1770709737.097021431] [imu_filter]: Parameter RLController.pid_kp_ang set to 1.233640
[imu_filter_madgwick_node-3] [INFO] [1770709737.097095384] [imu_filter]: Parameter RLController.pid_ki_ang set to 0.000000
[imu_filter_madgwick_node-3] [INFO] [1770709737.097161466] [imu_filter]: Parameter RLController.pid_kd_ang set to 0.095346
[imu_filter_madgwick_node-3] [INFO] [1770709737.510455322] [imu_filter]: Parameter RLController.pid_kp_lin set to 1.212761
[imu_filter_madgwick_node-3] [INFO] [1770709737.515998187] [imu_filter]: Parameter RLController.pid_ki_lin set to 0.000000
[imu_filter_madgwick_node-3] [INFO] [1770709737.516188270] [imu_filter]: Parameter RLController.pid_kd_lin set to 0.020000
[imu_filter_madgwick_node-3] [INFO] [1770709737.516268560] [imu_filter]: Parameter RLController.pid_kp_ang set to 1.233640
[imu_filter_madgwick_node-3] [INFO] [1770709737.516333969] [imu_filter]: Parameter RLController.pid_ki_ang set to 0.000000
[imu_filter_madgwick_node-3] [INFO] [1770709737.520223553] [imu_filter]: Parameter RLController.pid_kd_ang set to 0.095346
[imu_filter_madgwick_node-3] [INFO] [1770709737.937437200] [imu_filter]: Parameter RLController.pid_kp_lin set to 1.212761
[imu_filter_madgwick_node-3] [INFO] [1770709737.937771255] [imu_filter]: Parameter RLController.pid_ki_lin set to 0.000000
[imu_filter_madgwick_node-3] [INFO] [1770709737.937850393] [imu_filter]: Parameter RLController.pid_kd_lin set to 0.020000
[imu_filter_madgwick_node-3] [INFO] [1770709737.937918266] [imu_filter]: Parameter RLController.pid_kp_ang set to 1.233640
[imu_filter_madgwick_node-3] [INFO] [1770709737.937983196] [imu_filter]: Parameter RLController.pid_ki_ang set to 0.000000
[imu_filter_madgwick_node-3] [INFO] [1770709737.938042653] [imu_filter]: Parameter RLController.pid_kd_ang set to 0.095346
[imu_filter_madgwick_node-3] [INFO] [1770709738.350128420] [imu_filter]: Parameter RLController.pid_kp_lin set to 1.212761
[imu_filter_madgwick_node-3] [INFO] [1770709738.350447403] [imu_filter]: Parameter RLController.pid_ki_lin set to 0.000000
[imu_filter_madgwick_node-3] [INFO] [1770709738.350666831] [imu_filter]: Parameter RLController.pid_kd_lin set to 0.020000
[imu_filter_madgwick_node-3] [INFO] [1770709738.350762737] [imu_filter]: Parameter RLController.pid_kp_ang set to 1.233640
[imu_filter_madgwick_node-3] [INFO] [1770709738.350828722] [imu_filter]: Parameter RLController.pid_ki_ang set to 0.000000
[imu_filter_madgwick_node-3] [INFO] [1770709738.350889172] [imu_filter]: Parameter RLController.pid_kd_ang set to 0.095346
[imu_filter_madgwick_node-3] [INFO] [1770709738.786984932] [imu_filter]: Parameter RLController.pid_kp_lin set to 1.212761
[imu_filter_madgwick_node-3] [INFO] [1770709738.788669158] [imu_filter]: Parameter RLController.pid_ki_lin set to 0.000000
[imu_filter_madgwick_node-3] [INFO] [1770709738.788869450] [imu_filter]: Parameter RLController.pid_kd_lin set to 0.020000
[imu_filter_madgwick_node-3] [INFO] [1770709738.788958092] [imu_filter]: Parameter RLController.pid_kp_ang set to 1.233640
[imu_filter_madgwick_node-3] [INFO] [1770709738.789027213] [imu_filter]: Parameter RLController.pid_ki_ang set to 0.000000
[imu_filter_madgwick_node-3] [INFO] [1770709738.789091951] [imu_filter]: Parameter RLController.pid_kd_ang set to 0.095346
[imu_filter_madgwick_node-3] [INFO] [1770709739.201299097] [imu_filter]: Parameter RLController.pid_kp_lin set to 1.212761
[imu_filter_madgwick_node-3] [INFO] [1770709739.201548190] [imu_filter]: Parameter RLController.pid_ki_lin set to 0.000000
[imu_filter_madgwick_node-3] [INFO] [1770709739.201635424] [imu_filter]: Parameter RLController.pid_kd_lin set to 0.020000
[imu_filter_madgwick_node-3] [INFO] [1770709739.201703681] [imu_filter]: Parameter RLController.pid_kp_ang set to 1.233640
[imu_filter_madgwick_node-3] [INFO] [1770709739.201765346] [imu_filter]: Parameter RLController.pid_ki_ang set to 0.000000
[imu_filter_madgwick_node-3] [INFO] [1770709739.201826691] [imu_filter]: Parameter RLController.pid_kd_ang set to 0.095407
[imu_filter_madgwick_node-3] [INFO] [1770709739.610477189] [imu_filter]: Parameter RLController.pid_kp_lin set to 1.212761
[imu_filter_madgwick_node-3] [INFO] [1770709739.610648456] [imu_filter]: Parameter RLController.pid_ki_lin set to 0.000000
[imu_filter_madgwick_node-3] [INFO] [1770709739.610725194] [imu_filter]: Parameter RLController.pid_kd_lin set to 0.020000
[imu_filter_madgwick_node-3] [INFO] [1770709739.610788875] [imu_filter]: Parameter RLController.pid_kp_ang set to 1.233640
[imu_filter_madgwick_node-3] [INFO] [1770709739.610961103] [imu_filter]: Parameter RLController.pid_ki_ang set to 0.000000
[imu_filter_madgwick_node-3] [INFO] [1770709739.611034864] [imu_filter]: Parameter RLController.pid_kd_ang set to 0.095465
[imu_filter_madgwick_node-3] [INFO] [1770709740.043407317] [imu_filter]: Parameter RLController.pid_kp_lin set to 1.212761
[imu_filter_madgwick_node-3] [INFO] [1770709740.043672666] [imu_filter]: Parameter RLController.pid_ki_lin set to 0.000000
[imu_filter_madgwick_node-3] [INFO] [1770709740.043846878] [imu_filter]: Parameter RLController.pid_kd_lin set to 0.020000
[imu_filter_madgwick_node-3] [INFO] [1770709740.043931423] [imu_filter]: Parameter RLController.pid_kp_ang set to 1.233640
[imu_filter_madgwick_node-3] [INFO] [1770709740.043993985] [imu_filter]: Parameter RLController.pid_ki_ang set to 0.000000
[imu_filter_madgwick_node-3] [INFO] [1770709740.044054210] [imu_filter]: Parameter RLController.pid_kd_ang set to 0.095525
[imu_filter_madgwick_node-3] [INFO] [1770709740.459103430] [imu_filter]: Parameter RLController.pid_kp_lin set to 1.212761
[imu_filter_madgwick_node-3] [INFO] [1770709740.459309770] [imu_filter]: Parameter RLController.pid_ki_lin set to 0.000000
[imu_filter_madgwick_node-3] [INFO] [1770709740.459389579] [imu_filter]: Parameter RLController.pid_kd_lin set to 0.020000
[imu_filter_madgwick_node-3] [INFO] [1770709740.459465005] [imu_filter]: Parameter RLController.pid_kp_ang set to 1.233640
[imu_filter_madgwick_node-3] [INFO] [1770709740.461465206] [imu_filter]: Parameter RLController.pid_ki_ang set to 0.000000
[imu_filter_madgwick_node-3] [INFO] [1770709740.461811485] [imu_filter]: Parameter RLController.pid_kd_ang set to 0.095525
[imu_filter_madgwick_node-3] [INFO] [1770709740.885343789] [imu_filter]: Parameter RLController.pid_kp_lin set to 1.212761
[imu_filter_madgwick_node-3] [INFO] [1770709740.885571858] [imu_filter]: Parameter RLController.pid_ki_lin set to 0.000000
[imu_filter_madgwick_node-3] [INFO] [1770709740.885653108] [imu_filter]: Parameter RLController.pid_kd_lin set to 0.020000
[imu_filter_madgwick_node-3] [INFO] [1770709740.885719413] [imu_filter]: Parameter RLController.pid_kp_ang set to 1.233640
[imu_filter_madgwick_node-3] [INFO] [1770709740.885780374] [imu_filter]: Parameter RLController.pid_ki_ang set to 0.000000
[imu_filter_madgwick_node-3] [INFO] [1770709740.885831191] [imu_filter]: Parameter RLController.pid_kd_ang set to 0.095525
[imu_filter_madgwick_node-3] [INFO] [1770709741.313663807] [imu_filter]: Parameter RLController.pid_kp_lin set to 1.212761
[imu_filter_madgwick_node-3] [INFO] [1770709741.314011878] [imu_filter]: Parameter RLController.pid_ki_lin set to 0.000000
[imu_filter_madgwick_node-3] [INFO] [1770709741.314107080] [imu_filter]: Parameter RLController.pid_kd_lin set to 0.020000
[imu_filter_madgwick_node-3] [INFO] [1770709741.314176650] [imu_filter]: Parameter RLController.pid_kp_ang set to 1.233640
[imu_filter_madgwick_node-3] [INFO] [1770709741.314242763] [imu_filter]: Parameter RLController.pid_ki_ang set to 0.000000
[imu_filter_madgwick_node-3] [INFO] [1770709741.314306732] [imu_filter]: Parameter RLController.pid_kd_ang set to 0.095525
[imu_filter_madgwick_node-3] [INFO] [1770709741.756089968] [imu_filter]: Parameter RLController.pid_kp_lin set to 1.212761
[imu_filter_madgwick_node-3] [INFO] [1770709741.756285108] [imu_filter]: Parameter RLController.pid_ki_lin set to 0.000000
[imu_filter_madgwick_node-3] [INFO] [1770709741.756510073] [imu_filter]: Parameter RLController.pid_kd_lin set to 0.020000
[imu_filter_madgwick_node-3] [INFO] [1770709741.756594011] [imu_filter]: Parameter RLController.pid_kp_ang set to 1.233640
[imu_filter_madgwick_node-3] [INFO] [1770709741.770694618] [imu_filter]: Parameter RLController.pid_ki_ang set to 0.000000
[imu_filter_madgwick_node-3] [INFO] [1770709741.770891006] [imu_filter]: Parameter RLController.pid_kd_ang set to 0.095525
[imu_filter_madgwick_node-3] [INFO] [1770709742.180393361] [imu_filter]: Parameter RLController.pid_kp_lin set to 1.212761
[imu_filter_madgwick_node-3] [INFO] [1770709742.180671190] [imu_filter]: Parameter RLController.pid_ki_lin set to 0.000000
[imu_filter_madgwick_node-3] [INFO] [1770709742.180749336] [imu_filter]: Parameter RLController.pid_kd_lin set to 0.020000
[imu_filter_madgwick_node-3] [INFO] [1770709742.180812185] [imu_filter]: Parameter RLController.pid_kp_ang set to 1.233640
[imu_filter_madgwick_node-3] [INFO] [1770709742.180870330] [imu_filter]: Parameter RLController.pid_ki_ang set to 0.000000
[imu_filter_madgwick_node-3] [INFO] [1770709742.185375286] [imu_filter]: Parameter RLController.pid_kd_ang set to 0.095525
[imu_filter_madgwick_node-3] [INFO] [1770709742.603210611] [imu_filter]: Parameter RLController.pid_kp_lin set to 1.212761
[imu_filter_madgwick_node-3] [INFO] [1770709742.603429847] [imu_filter]: Parameter RLController.pid_ki_lin set to 0.000000
[imu_filter_madgwick_node-3] [INFO] [1770709742.603509689] [imu_filter]: Parameter RLController.pid_kd_lin set to 0.020000
[imu_filter_madgwick_node-3] [INFO] [1770709742.603579034] [imu_filter]: Parameter RLController.pid_kp_ang set to 1.233640
[imu_filter_madgwick_node-3] [INFO] [1770709742.603643899] [imu_filter]: Parameter RLController.pid_ki_ang set to 0.000000
[imu_filter_madgwick_node-3] [INFO] [1770709742.603707453] [imu_filter]: Parameter RLController.pid_kd_ang set to 0.095525
[imu_filter_madgwick_node-3] [INFO] [1770709743.028257858] [imu_filter]: Parameter RLController.pid_kp_lin set to 1.212761
[imu_filter_madgwick_node-3] [INFO] [1770709743.028508455] [imu_filter]: Parameter RLController.pid_ki_lin set to 0.000000
[imu_filter_madgwick_node-3] [INFO] [1770709743.028610889] [imu_filter]: Parameter RLController.pid_kd_lin set to 0.020000
[imu_filter_madgwick_node-3] [INFO] [1770709743.028687115] [imu_filter]: Parameter RLController.pid_kp_ang set to 1.233640
[imu_filter_madgwick_node-3] [INFO] [1770709743.028752972] [imu_filter]: Parameter RLController.pid_ki_ang set to 0.000000
[imu_filter_madgwick_node-3] [INFO] [1770709743.028816557] [imu_filter]: Parameter RLController.pid_kd_ang set to 0.095525
[imu_filter_madgwick_node-3] [INFO] [1770709743.447243606] [imu_filter]: Parameter RLController.pid_kp_lin set to 1.212761
[imu_filter_madgwick_node-3] [INFO] [1770709743.447453018] [imu_filter]: Parameter RLController.pid_ki_lin set to 0.000000
[imu_filter_madgwick_node-3] [INFO] [1770709743.447528540] [imu_filter]: Parameter RLController.pid_kd_lin set to 0.020000
[imu_filter_madgwick_node-3] [INFO] [1770709743.447605213] [imu_filter]: Parameter RLController.pid_kp_ang set to 1.233640
[imu_filter_madgwick_node-3] [INFO] [1770709743.447668830] [imu_filter]: Parameter RLController.pid_ki_ang set to 0.000000
[imu_filter_madgwick_node-3] [INFO] [1770709743.447733952] [imu_filter]: Parameter RLController.pid_kd_ang set to 0.095525
[imu_filter_madgwick_node-3] [INFO] [1770709743.859045655] [imu_filter]: Parameter RLController.pid_kp_lin set to 1.212761
[imu_filter_madgwick_node-3] [INFO] [1770709743.859263420] [imu_filter]: Parameter RLController.pid_ki_lin set to 0.000000
[imu_filter_madgwick_node-3] [INFO] [1770709743.859354270] [imu_filter]: Parameter RLController.pid_kd_lin set to 0.020000
[imu_filter_madgwick_node-3] [INFO] [1770709743.864831181] [imu_filter]: Parameter RLController.pid_kp_ang set to 1.233640
[imu_filter_madgwick_node-3] [INFO] [1770709743.869590958] [imu_filter]: Parameter RLController.pid_ki_ang set to 0.000000
[imu_filter_madgwick_node-3] [INFO] [1770709743.869897428] [imu_filter]: Parameter RLController.pid_kd_ang set to 0.095525
[imu_filter_madgwick_node-3] [INFO] [1770709744.275403958] [imu_filter]: Parameter RLController.pid_kp_lin set to 1.213195
[imu_filter_madgwick_node-3] [INFO] [1770709744.275627706] [imu_filter]: Parameter RLController.pid_ki_lin set to 0.000000
[imu_filter_madgwick_node-3] [INFO] [1770709744.275810334] [imu_filter]: Parameter RLController.pid_kd_lin set to 0.020000
[imu_filter_madgwick_node-3] [INFO] [1770709744.275899136] [imu_filter]: Parameter RLController.pid_kp_ang set to 1.233640
[imu_filter_madgwick_node-3] [INFO] [1770709744.275972417] [imu_filter]: Parameter RLController.pid_ki_ang set to 0.000000
[imu_filter_madgwick_node-3] [INFO] [1770709744.276035139] [imu_filter]: Parameter RLController.pid_kd_ang set to 0.095525
[imu_filter_madgwick_node-3] [INFO] [1770709744.686702381] [imu_filter]: Parameter RLController.pid_kp_lin set to 1.213708
[imu_filter_madgwick_node-3] [INFO] [1770709744.686911921] [imu_filter]: Parameter RLController.pid_ki_lin set to 0.000000
[imu_filter_madgwick_node-3] [INFO] [1770709744.686999251] [imu_filter]: Parameter RLController.pid_kd_lin set to 0.020000
[imu_filter_madgwick_node-3] [INFO] [1770709744.687152598] [imu_filter]: Parameter RLController.pid_kp_ang set to 1.233640
[imu_filter_madgwick_node-3] [INFO] [1770709744.687236440] [imu_filter]: Parameter RLController.pid_ki_ang set to 0.000000
[imu_filter_madgwick_node-3] [INFO] [1770709744.687300601] [imu_filter]: Parameter RLController.pid_kd_ang set to 0.095525
[imu_filter_madgwick_node-3] [INFO] [1770709745.105548446] [imu_filter]: Parameter RLController.pid_kp_lin set to 1.214198
[imu_filter_madgwick_node-3] [INFO] [1770709745.107617864] [imu_filter]: Parameter RLController.pid_ki_lin set to 0.000000
[imu_filter_madgwick_node-3] [INFO] [1770709745.107990096] [imu_filter]: Parameter RLController.pid_kd_lin set to 0.020000
[imu_filter_madgwick_node-3] [INFO] [1770709745.108111058] [imu_filter]: Parameter RLController.pid_kp_ang set to 1.233640
[imu_filter_madgwick_node-3] [INFO] [1770709745.108190836] [imu_filter]: Parameter RLController.pid_ki_ang set to 0.000000
[imu_filter_madgwick_node-3] [INFO] [1770709745.108269814] [imu_filter]: Parameter RLController.pid_kd_ang set to 0.095525
[imu_filter_madgwick_node-3] [INFO] [1770709745.544144577] [imu_filter]: Parameter RLController.pid_kp_lin set to 1.214625
[imu_filter_madgwick_node-3] [INFO] [1770709745.544475240] [imu_filter]: Parameter RLController.pid_ki_lin set to 0.000000
[imu_filter_madgwick_node-3] [INFO] [1770709745.544572458] [imu_filter]: Parameter RLController.pid_kd_lin set to 0.020000
[imu_filter_madgwick_node-3] [INFO] [1770709745.544644140] [imu_filter]: Parameter RLController.pid_kp_ang set to 1.233640
[imu_filter_madgwick_node-3] [INFO] [1770709745.544711277] [imu_filter]: Parameter RLController.pid_ki_ang set to 0.000000
[imu_filter_madgwick_node-3] [INFO] [1770709745.544775342] [imu_filter]: Parameter RLController.pid_kd_ang set to 0.095525
[imu_filter_madgwick_node-3] [INFO] [1770709745.954987408] [imu_filter]: Parameter RLController.pid_kp_lin set to 1.214973
[imu_filter_madgwick_node-3] [INFO] [1770709745.957374016] [imu_filter]: Parameter RLController.pid_ki_lin set to 0.000000
[imu_filter_madgwick_node-3] [INFO] [1770709745.957575300] [imu_filter]: Parameter RLController.pid_kd_lin set to 0.020000
[imu_filter_madgwick_node-3] [INFO] [1770709745.957766504] [imu_filter]: Parameter RLController.pid_kp_ang set to 1.233640
[imu_filter_madgwick_node-3] [INFO] [1770709745.957847114] [imu_filter]: Parameter RLController.pid_ki_ang set to 0.000000
[imu_filter_madgwick_node-3] [INFO] [1770709745.957919467] [imu_filter]: Parameter RLController.pid_kd_ang set to 0.095525
[imu_filter_madgwick_node-3] [INFO] [1770709746.370640128] [imu_filter]: Parameter RLController.pid_kp_lin set to 1.215153
[imu_filter_madgwick_node-3] [INFO] [1770709746.370890085] [imu_filter]: Parameter RLController.pid_ki_lin set to 0.000000
[imu_filter_madgwick_node-3] [INFO] [1770709746.370973734] [imu_filter]: Parameter RLController.pid_kd_lin set to 0.020000
[imu_filter_madgwick_node-3] [INFO] [1770709746.375096698] [imu_filter]: Parameter RLController.pid_kp_ang set to 1.233640
[imu_filter_madgwick_node-3] [INFO] [1770709746.375297502] [imu_filter]: Parameter RLController.pid_ki_ang set to 0.000000
[imu_filter_madgwick_node-3] [INFO] [1770709746.375372256] [imu_filter]: Parameter RLController.pid_kd_ang set to 0.095525
[imu_filter_madgwick_node-3] [INFO] [1770709746.781580432] [imu_filter]: Parameter RLController.pid_kp_lin set to 1.215153
[imu_filter_madgwick_node-3] [INFO] [1770709746.781784532] [imu_filter]: Parameter RLController.pid_ki_lin set to 0.000000
[imu_filter_madgwick_node-3] [INFO] [1770709746.781856053] [imu_filter]: Parameter RLController.pid_kd_lin set to 0.020000
[imu_filter_madgwick_node-3] [INFO] [1770709746.781919639] [imu_filter]: Parameter RLController.pid_kp_ang set to 1.233640
[imu_filter_madgwick_node-3] [INFO] [1770709746.781977592] [imu_filter]: Parameter RLController.pid_ki_ang set to 0.000000
[imu_filter_madgwick_node-3] [INFO] [1770709746.782034265] [imu_filter]: Parameter RLController.pid_kd_ang set to 0.095525
[imu_filter_madgwick_node-3] [INFO] [1770709747.203920616] [imu_filter]: Parameter RLController.pid_kp_lin set to 1.215153
[imu_filter_madgwick_node-3] [INFO] [1770709747.204135564] [imu_filter]: Parameter RLController.pid_ki_lin set to 0.000000
[imu_filter_madgwick_node-3] [INFO] [1770709747.204217070] [imu_filter]: Parameter RLController.pid_kd_lin set to 0.020000
[imu_filter_madgwick_node-3] [INFO] [1770709747.204281807] [imu_filter]: Parameter RLController.pid_kp_ang set to 1.233640
[imu_filter_madgwick_node-3] [INFO] [1770709747.204341008] [imu_filter]: Parameter RLController.pid_ki_ang set to 0.000000
[imu_filter_madgwick_node-3] [INFO] [1770709747.204401618] [imu_filter]: Parameter RLController.pid_kd_ang set to 0.095577
[imu_filter_madgwick_node-3] [INFO] [1770709747.623797966] [imu_filter]: Parameter RLController.pid_kp_lin set to 1.215153
[imu_filter_madgwick_node-3] [INFO] [1770709747.624026675] [imu_filter]: Parameter RLController.pid_ki_lin set to 0.000000
[imu_filter_madgwick_node-3] [INFO] [1770709747.624118836] [imu_filter]: Parameter RLController.pid_kd_lin set to 0.020000
[imu_filter_madgwick_node-3] [INFO] [1770709747.624660415] [imu_filter]: Parameter RLController.pid_kp_ang set to 1.233640
[imu_filter_madgwick_node-3] [INFO] [1770709747.624817827] [imu_filter]: Parameter RLController.pid_ki_ang set to 0.000000
[imu_filter_madgwick_node-3] [INFO] [1770709747.624892900] [imu_filter]: Parameter RLController.pid_kd_ang set to 0.095577
[imu_filter_madgwick_node-3] [INFO] [1770709748.042664159] [imu_filter]: Parameter RLController.pid_kp_lin set to 1.215153
[imu_filter_madgwick_node-3] [INFO] [1770709748.042886820] [imu_filter]: Parameter RLController.pid_ki_lin set to 0.000000
[imu_filter_madgwick_node-3] [INFO] [1770709748.042958789] [imu_filter]: Parameter RLController.pid_kd_lin set to 0.020000
[imu_filter_madgwick_node-3] [INFO] [1770709748.043022535] [imu_filter]: Parameter RLController.pid_kp_ang set to 1.233640
[imu_filter_madgwick_node-3] [INFO] [1770709748.043082792] [imu_filter]: Parameter RLController.pid_ki_ang set to 0.000000
[imu_filter_madgwick_node-3] [INFO] [1770709748.043141001] [imu_filter]: Parameter RLController.pid_kd_ang set to 0.095577
[imu_filter_madgwick_node-3] [INFO] [1770709748.450457071] [imu_filter]: Parameter RLController.pid_kp_lin set to 1.215153
[imu_filter_madgwick_node-3] [INFO] [1770709748.451992847] [imu_filter]: Parameter RLController.pid_ki_lin set to 0.000000
[imu_filter_madgwick_node-3] [INFO] [1770709748.452130833] [imu_filter]: Parameter RLController.pid_kd_lin set to 0.020000
[imu_filter_madgwick_node-3] [INFO] [1770709748.452206579] [imu_filter]: Parameter RLController.pid_kp_ang set to 1.233640
[imu_filter_madgwick_node-3] [INFO] [1770709748.452276500] [imu_filter]: Parameter RLController.pid_ki_ang set to 0.000000
[imu_filter_madgwick_node-3] [INFO] [1770709748.452344630] [imu_filter]: Parameter RLController.pid_kd_ang set to 0.095577
[imu_filter_madgwick_node-3] [INFO] [1770709748.872741286] [imu_filter]: Parameter RLController.pid_kp_lin set to 1.215541
[imu_filter_madgwick_node-3] [INFO] [1770709748.873072621] [imu_filter]: Parameter RLController.pid_ki_lin set to 0.000000
[imu_filter_madgwick_node-3] [INFO] [1770709748.873198608] [imu_filter]: Parameter RLController.pid_kd_lin set to 0.020000
[imu_filter_madgwick_node-3] [INFO] [1770709748.873422484] [imu_filter]: Parameter RLController.pid_kp_ang set to 1.233640
[imu_filter_madgwick_node-3] [INFO] [1770709748.873517174] [imu_filter]: Parameter RLController.pid_ki_ang set to 0.000000
[imu_filter_madgwick_node-3] [INFO] [1770709748.873580759] [imu_filter]: Parameter RLController.pid_kd_ang set to 0.095577
[imu_filter_madgwick_node-3] [INFO] [1770709749.273464550] [imu_filter]: Parameter RLController.pid_kp_lin set to 1.215964
[imu_filter_madgwick_node-3] [INFO] [1770709749.273850926] [imu_filter]: Parameter RLController.pid_ki_lin set to 0.000000
[imu_filter_madgwick_node-3] [INFO] [1770709749.273944720] [imu_filter]: Parameter RLController.pid_kd_lin set to 0.020000
[imu_filter_madgwick_node-3] [INFO] [1770709749.274034290] [imu_filter]: Parameter RLController.pid_kp_ang set to 1.233640
[imu_filter_madgwick_node-3] [INFO] [1770709749.274110356] [imu_filter]: Parameter RLController.pid_ki_ang set to 0.000000
[imu_filter_madgwick_node-3] [INFO] [1770709749.274185173] [imu_filter]: Parameter RLController.pid_kd_ang set to 0.095577
[imu_filter_madgwick_node-3] [INFO] [1770709749.684692156] [imu_filter]: Parameter RLController.pid_kp_lin set to 1.216355
[imu_filter_madgwick_node-3] [INFO] [1770709749.684898624] [imu_filter]: Parameter RLController.pid_ki_lin set to 0.000000
[imu_filter_madgwick_node-3] [INFO] [1770709749.684980354] [imu_filter]: Parameter RLController.pid_kd_lin set to 0.020000
[imu_filter_madgwick_node-3] [INFO] [1770709749.685058020] [imu_filter]: Parameter RLController.pid_kp_ang set to 1.233640
[imu_filter_madgwick_node-3] [INFO] [1770709749.685120677] [imu_filter]: Parameter RLController.pid_ki_ang set to 0.000000
[imu_filter_madgwick_node-3] [INFO] [1770709749.685180966] [imu_filter]: Parameter RLController.pid_kd_ang set to 0.095577
[imu_filter_madgwick_node-3] [INFO] [1770709750.094933214] [imu_filter]: Parameter RLController.pid_kp_lin set to 1.216731
[imu_filter_madgwick_node-3] [INFO] [1770709750.095134498] [imu_filter]: Parameter RLController.pid_ki_lin set to 0.000000
[imu_filter_madgwick_node-3] [INFO] [1770709750.095213092] [imu_filter]: Parameter RLController.pid_kd_lin set to 0.020000
[imu_filter_madgwick_node-3] [INFO] [1770709750.095280165] [imu_filter]: Parameter RLController.pid_kp_ang set to 1.233640
[imu_filter_madgwick_node-3] [INFO] [1770709750.095342854] [imu_filter]: Parameter RLController.pid_ki_ang set to 0.000000
[imu_filter_madgwick_node-3] [INFO] [1770709750.095400072] [imu_filter]: Parameter RLController.pid_kd_ang set to 0.095577
[imu_filter_madgwick_node-3] [INFO] [1770709750.508445475] [imu_filter]: Parameter RLController.pid_kp_lin set to 1.217071
[imu_filter_madgwick_node-3] [INFO] [1770709750.508884075] [imu_filter]: Parameter RLController.pid_ki_lin set to 0.000000
[imu_filter_madgwick_node-3] [INFO] [1770709750.508978701] [imu_filter]: Parameter RLController.pid_kd_lin set to 0.020000
[imu_filter_madgwick_node-3] [INFO] [1770709750.509113744] [imu_filter]: Parameter RLController.pid_kp_ang set to 1.233640
[imu_filter_madgwick_node-3] [INFO] [1770709750.509185554] [imu_filter]: Parameter RLController.pid_ki_ang set to 0.000000
[imu_filter_madgwick_node-3] [INFO] [1770709750.509253843] [imu_filter]: Parameter RLController.pid_kd_ang set to 0.095577
[imu_filter_madgwick_node-3] [INFO] [1770709750.926885259] [imu_filter]: Parameter RLController.pid_kp_lin set to 1.217371
[imu_filter_madgwick_node-3] [INFO] [1770709750.927210130] [imu_filter]: Parameter RLController.pid_ki_lin set to 0.000000
[imu_filter_madgwick_node-3] [INFO] [1770709750.927300244] [imu_filter]: Parameter RLController.pid_kd_lin set to 0.020000
[imu_filter_madgwick_node-3] [INFO] [1770709750.927372693] [imu_filter]: Parameter RLController.pid_kp_ang set to 1.233640
[imu_filter_madgwick_node-3] [INFO] [1770709750.927437175] [imu_filter]: Parameter RLController.pid_ki_ang set to 0.000000
[imu_filter_madgwick_node-3] [INFO] [1770709750.927501048] [imu_filter]: Parameter RLController.pid_kd_ang set to 0.095577
[imu_filter_madgwick_node-3] [INFO] [1770709751.343044422] [imu_filter]: Parameter RLController.pid_kp_lin set to 1.217658
[imu_filter_madgwick_node-3] [INFO] [1770709751.343369516] [imu_filter]: Parameter RLController.pid_ki_lin set to 0.000000
[imu_filter_madgwick_node-3] [INFO] [1770709751.343450606] [imu_filter]: Parameter RLController.pid_kd_lin set to 0.020000
[imu_filter_madgwick_node-3] [INFO] [1770709751.343518319] [imu_filter]: Parameter RLController.pid_kp_ang set to 1.233640
[imu_filter_madgwick_node-3] [INFO] [1770709751.343577777] [imu_filter]: Parameter RLController.pid_ki_ang set to 0.000000
[imu_filter_madgwick_node-3] [INFO] [1770709751.343638034] [imu_filter]: Parameter RLController.pid_kd_ang set to 0.095577
[imu_filter_madgwick_node-3] [INFO] [1770709751.763971841] [imu_filter]: Parameter RLController.pid_kp_lin set to 1.217942
[imu_filter_madgwick_node-3] [INFO] [1770709751.764179781] [imu_filter]: Parameter RLController.pid_ki_lin set to 0.000000
[imu_filter_madgwick_node-3] [INFO] [1770709751.764273927] [imu_filter]: Parameter RLController.pid_kd_lin set to 0.020000
[imu_filter_madgwick_node-3] [INFO] [1770709751.764343113] [imu_filter]: Parameter RLController.pid_kp_ang set to 1.233640
[imu_filter_madgwick_node-3] [INFO] [1770709751.764542093] [imu_filter]: Parameter RLController.pid_ki_ang set to 0.000000
[imu_filter_madgwick_node-3] [INFO] [1770709751.768405115] [imu_filter]: Parameter RLController.pid_kd_ang set to 0.095577
[imu_filter_madgwick_node-3] [INFO] [1770709752.187948955] [imu_filter]: Parameter RLController.pid_kp_lin set to 1.218184
[imu_filter_madgwick_node-3] [INFO] [1770709752.188173311] [imu_filter]: Parameter RLController.pid_ki_lin set to 0.000000
[imu_filter_madgwick_node-3] [INFO] [1770709752.188252929] [imu_filter]: Parameter RLController.pid_kd_lin set to 0.020000
[imu_filter_madgwick_node-3] [INFO] [1770709752.188326050] [imu_filter]: Parameter RLController.pid_kp_ang set to 1.233640
[imu_filter_madgwick_node-3] [INFO] [1770709752.192037710] [imu_filter]: Parameter RLController.pid_ki_ang set to 0.000000
[imu_filter_madgwick_node-3] [INFO] [1770709752.196163426] [imu_filter]: Parameter RLController.pid_kd_ang set to 0.095577
[imu_filter_madgwick_node-3] [INFO] [1770709752.605358190] [imu_filter]: Parameter RLController.pid_kp_lin set to 1.218456
[imu_filter_madgwick_node-3] [INFO] [1770709752.605598259] [imu_filter]: Parameter RLController.pid_ki_lin set to 0.000000
[imu_filter_madgwick_node-3] [INFO] [1770709752.605676789] [imu_filter]: Parameter RLController.pid_kd_lin set to 0.020000
[imu_filter_madgwick_node-3] [INFO] [1770709752.605745014] [imu_filter]: Parameter RLController.pid_kp_ang set to 1.233640
[imu_filter_madgwick_node-3] [INFO] [1770709752.605808472] [imu_filter]: Parameter RLController.pid_ki_ang set to 0.000000
[imu_filter_madgwick_node-3] [INFO] [1770709752.605870617] [imu_filter]: Parameter RLController.pid_kd_ang set to 0.095577
[imu_filter_madgwick_node-3] [INFO] [1770709753.017835710] [imu_filter]: Parameter RLController.pid_kp_lin set to 1.218724
[imu_filter_madgwick_node-3] [INFO] [1770709753.018060386] [imu_filter]: Parameter RLController.pid_ki_lin set to 0.000000
[imu_filter_madgwick_node-3] [INFO] [1770709753.018157220] [imu_filter]: Parameter RLController.pid_kd_lin set to 0.020000
[imu_filter_madgwick_node-3] [INFO] [1770709753.018228454] [imu_filter]: Parameter RLController.pid_kp_ang set to 1.233640
[imu_filter_madgwick_node-3] [INFO] [1770709753.018295271] [imu_filter]: Parameter RLController.pid_ki_ang set to 0.000000
[imu_filter_madgwick_node-3] [INFO] [1770709753.018361353] [imu_filter]: Parameter RLController.pid_kd_ang set to 0.095577
[imu_filter_madgwick_node-3] [INFO] [1770709753.426115032] [imu_filter]: Parameter RLController.pid_kp_lin set to 1.219025
[imu_filter_madgwick_node-3] [INFO] [1770709753.426317980] [imu_filter]: Parameter RLController.pid_ki_lin set to 0.000000
[imu_filter_madgwick_node-3] [INFO] [1770709753.426496031] [imu_filter]: Parameter RLController.pid_kd_lin set to 0.020000
[imu_filter_madgwick_node-3] [INFO] [1770709753.426569601] [imu_filter]: Parameter RLController.pid_kp_ang set to 1.233640
[imu_filter_madgwick_node-3] [INFO] [1770709753.426632962] [imu_filter]: Parameter RLController.pid_ki_ang set to 0.000000
[imu_filter_madgwick_node-3] [INFO] [1770709753.426692323] [imu_filter]: Parameter RLController.pid_kd_ang set to 0.095577
[imu_filter_madgwick_node-3] [INFO] [1770709753.836426331] [imu_filter]: Parameter RLController.pid_kp_lin set to 1.219299
[imu_filter_madgwick_node-3] [INFO] [1770709753.836640799] [imu_filter]: Parameter RLController.pid_ki_lin set to 0.000000
[imu_filter_madgwick_node-3] [INFO] [1770709753.836724257] [imu_filter]: Parameter RLController.pid_kd_lin set to 0.020000
[imu_filter_madgwick_node-3] [INFO] [1770709753.836794466] [imu_filter]: Parameter RLController.pid_kp_ang set to 1.233640
[imu_filter_madgwick_node-3] [INFO] [1770709753.836863140] [imu_filter]: Parameter RLController.pid_ki_ang set to 0.000000
[imu_filter_madgwick_node-3] [INFO] [1770709753.836929573] [imu_filter]: Parameter RLController.pid_kd_ang set to 0.095577
[imu_filter_madgwick_node-3] [INFO] [1770709754.254244183] [imu_filter]: Parameter RLController.pid_kp_lin set to 1.219534
[imu_filter_madgwick_node-3] [INFO] [1770709754.254463484] [imu_filter]: Parameter RLController.pid_ki_lin set to 0.000000
[imu_filter_madgwick_node-3] [INFO] [1770709754.254551517] [imu_filter]: Parameter RLController.pid_kd_lin set to 0.020000
[imu_filter_madgwick_node-3] [INFO] [1770709754.254618879] [imu_filter]: Parameter RLController.pid_kp_ang set to 1.233640
[imu_filter_madgwick_node-3] [INFO] [1770709754.254681216] [imu_filter]: Parameter RLController.pid_ki_ang set to 0.000000
[imu_filter_madgwick_node-3] [INFO] [1770709754.254744641] [imu_filter]: Parameter RLController.pid_kd_ang set to 0.095577
[imu_filter_madgwick_node-3] [INFO] [1770709754.666855049] [imu_filter]: Parameter RLController.pid_kp_lin set to 1.219791
[imu_filter_madgwick_node-3] [INFO] [1770709754.667611257] [imu_filter]: Parameter RLController.pid_ki_lin set to 0.000000
[imu_filter_madgwick_node-3] [INFO] [1770709754.667772156] [imu_filter]: Parameter RLController.pid_kd_lin set to 0.020000
[imu_filter_madgwick_node-3] [INFO] [1770709754.667842845] [imu_filter]: Parameter RLController.pid_kp_ang set to 1.233640
[imu_filter_madgwick_node-3] [INFO] [1770709754.667909663] [imu_filter]: Parameter RLController.pid_ki_ang set to 0.000000
[imu_filter_madgwick_node-3] [INFO] [1770709754.674587431] [imu_filter]: Parameter RLController.pid_kd_ang set to 0.095577
[imu_filter_madgwick_node-3] [INFO] [1770709755.084433504] [imu_filter]: Parameter RLController.pid_kp_lin set to 1.220046
[imu_filter_madgwick_node-3] [INFO] [1770709755.084782215] [imu_filter]: Parameter RLController.pid_ki_lin set to 0.000000
[imu_filter_madgwick_node-3] [INFO] [1770709755.084863241] [imu_filter]: Parameter RLController.pid_kd_lin set to 0.020000
[imu_filter_madgwick_node-3] [INFO] [1770709755.084933003] [imu_filter]: Parameter RLController.pid_kp_ang set to 1.233640
[imu_filter_madgwick_node-3] [INFO] [1770709755.084994220] [imu_filter]: Parameter RLController.pid_ki_ang set to 0.000000
[imu_filter_madgwick_node-3] [INFO] [1770709755.085053837] [imu_filter]: Parameter RLController.pid_kd_ang set to 0.095577
[imu_filter_madgwick_node-3] [INFO] [1770709755.488239468] [imu_filter]: Parameter RLController.pid_kp_lin set to 1.220281
[imu_filter_madgwick_node-3] [INFO] [1770709755.492879819] [imu_filter]: Parameter RLController.pid_ki_lin set to 0.000000
[imu_filter_madgwick_node-3] [INFO] [1770709755.493110896] [imu_filter]: Parameter RLController.pid_kd_lin set to 0.020000
[imu_filter_madgwick_node-3] [INFO] [1770709755.493200241] [imu_filter]: Parameter RLController.pid_kp_ang set to 1.233640
[imu_filter_madgwick_node-3] [INFO] [1770709755.493262899] [imu_filter]: Parameter RLController.pid_ki_ang set to 0.000000
[imu_filter_madgwick_node-3] [INFO] [1770709755.493383413] [imu_filter]: Parameter RLController.pid_kd_ang set to 0.095577
[imu_filter_madgwick_node-3] [INFO] [1770709755.939501223] [imu_filter]: Parameter RLController.pid_kp_lin set to 1.220505
[imu_filter_madgwick_node-3] [INFO] [1770709755.939717452] [imu_filter]: Parameter RLController.pid_ki_lin set to 0.000000
[imu_filter_madgwick_node-3] [INFO] [1770709755.939796333] [imu_filter]: Parameter RLController.pid_kd_lin set to 0.020000
[imu_filter_madgwick_node-3] [INFO] [1770709755.939863439] [imu_filter]: Parameter RLController.pid_kp_ang set to 1.233640
[imu_filter_madgwick_node-3] [INFO] [1770709755.939952656] [imu_filter]: Parameter RLController.pid_ki_ang set to 0.000000
[imu_filter_madgwick_node-3] [INFO] [1770709755.940015378] [imu_filter]: Parameter RLController.pid_kd_ang set to 0.095577
[imu_filter_madgwick_node-3] [INFO] [1770709756.358885752] [imu_filter]: Parameter RLController.pid_kp_lin set to 1.220697
[imu_filter_madgwick_node-3] [INFO] [1770709756.359284672] [imu_filter]: Parameter RLController.pid_ki_lin set to 0.000000
[imu_filter_madgwick_node-3] [INFO] [1770709756.359388258] [imu_filter]: Parameter RLController.pid_kd_lin set to 0.020000
[imu_filter_madgwick_node-3] [INFO] [1770709756.359454083] [imu_filter]: Parameter RLController.pid_kp_ang set to 1.233640
[imu_filter_madgwick_node-3] [INFO] [1770709756.359515044] [imu_filter]: Parameter RLController.pid_ki_ang set to 0.000000
[imu_filter_madgwick_node-3] [INFO] [1770709756.359575014] [imu_filter]: Parameter RLController.pid_kd_ang set to 0.095577
[imu_filter_madgwick_node-3] [INFO] [1770709756.767023170] [imu_filter]: Parameter RLController.pid_kp_lin set to 1.220909
[imu_filter_madgwick_node-3] [INFO] [1770709756.767223879] [imu_filter]: Parameter RLController.pid_ki_lin set to 0.000000
[imu_filter_madgwick_node-3] [INFO] [1770709756.767299496] [imu_filter]: Parameter RLController.pid_kd_lin set to 0.020000
[imu_filter_madgwick_node-3] [INFO] [1770709756.767365385] [imu_filter]: Parameter RLController.pid_kp_ang set to 1.233640
[imu_filter_madgwick_node-3] [INFO] [1770709756.767419723] [imu_filter]: Parameter RLController.pid_ki_ang set to 0.000000
[imu_filter_madgwick_node-3] [INFO] [1770709756.768927337] [imu_filter]: Parameter RLController.pid_kd_ang set to 0.095577
[imu_filter_madgwick_node-3] [INFO] [1770709757.187564907] [imu_filter]: Parameter RLController.pid_kp_lin set to 1.221146
[imu_filter_madgwick_node-3] [INFO] [1770709757.187785231] [imu_filter]: Parameter RLController.pid_ki_lin set to 0.000000
[imu_filter_madgwick_node-3] [INFO] [1770709757.187862769] [imu_filter]: Parameter RLController.pid_kd_lin set to 0.020000
[imu_filter_madgwick_node-3] [INFO] [1770709757.187925618] [imu_filter]: Parameter RLController.pid_kp_ang set to 1.233640
[imu_filter_madgwick_node-3] [INFO] [1770709757.187985939] [imu_filter]: Parameter RLController.pid_ki_ang set to 0.000000
[imu_filter_madgwick_node-3] [INFO] [1770709757.188045556] [imu_filter]: Parameter RLController.pid_kd_ang set to 0.095577
[imu_filter_madgwick_node-3] [INFO] [1770709757.612997046] [imu_filter]: Parameter RLController.pid_kp_lin set to 1.221361
[imu_filter_madgwick_node-3] [INFO] [1770709757.613193306] [imu_filter]: Parameter RLController.pid_ki_lin set to 0.000000
[imu_filter_madgwick_node-3] [INFO] [1770709757.613280572] [imu_filter]: Parameter RLController.pid_kd_lin set to 0.020000
[imu_filter_madgwick_node-3] [INFO] [1770709757.613355966] [imu_filter]: Parameter RLController.pid_kp_ang set to 1.233640
[imu_filter_madgwick_node-3] [INFO] [1770709757.613420351] [imu_filter]: Parameter RLController.pid_ki_ang set to 0.000000
[imu_filter_madgwick_node-3] [INFO] [1770709757.613526305] [imu_filter]: Parameter RLController.pid_kd_ang set to 0.095577
[imu_filter_madgwick_node-3] [INFO] [1770709758.041467040] [imu_filter]: Parameter RLController.pid_kp_lin set to 1.221542
[imu_filter_madgwick_node-3] [INFO] [1770709758.041857576] [imu_filter]: Parameter RLController.pid_ki_lin set to 0.000000
[imu_filter_madgwick_node-3] [INFO] [1770709758.041951594] [imu_filter]: Parameter RLController.pid_kd_lin set to 0.020000
[imu_filter_madgwick_node-3] [INFO] [1770709758.042027148] [imu_filter]: Parameter RLController.pid_kp_ang set to 1.233640
[imu_filter_madgwick_node-3] [INFO] [1770709758.042091149] [imu_filter]: Parameter RLController.pid_ki_ang set to 0.000000
[imu_filter_madgwick_node-3] [INFO] [1770709758.042156750] [imu_filter]: Parameter RLController.pid_kd_ang set to 0.095577
[imu_filter_madgwick_node-3] [INFO] [1770709758.459684345] [imu_filter]: Parameter RLController.pid_kp_lin set to 1.221732
[imu_filter_madgwick_node-3] [INFO] [1770709758.459885405] [imu_filter]: Parameter RLController.pid_ki_lin set to 0.000000
[imu_filter_madgwick_node-3] [INFO] [1770709758.459965407] [imu_filter]: Parameter RLController.pid_kd_lin set to 0.020000
[imu_filter_madgwick_node-3] [INFO] [1770709758.460038144] [imu_filter]: Parameter RLController.pid_kp_ang set to 1.233640
[imu_filter_madgwick_node-3] [INFO] [1770709758.460105121] [imu_filter]: Parameter RLController.pid_ki_ang set to 0.000000
[imu_filter_madgwick_node-3] [INFO] [1770709758.460173251] [imu_filter]: Parameter RLController.pid_kd_ang set to 0.095577
[imu_filter_madgwick_node-3] [INFO] [1770709758.873237906] [imu_filter]: Parameter RLController.pid_kp_lin set to 1.221976
[imu_filter_madgwick_node-3] [INFO] [1770709758.873452407] [imu_filter]: Parameter RLController.pid_ki_lin set to 0.000000
[imu_filter_madgwick_node-3] [INFO] [1770709758.873582457] [imu_filter]: Parameter RLController.pid_kd_lin set to 0.020000
[imu_filter_madgwick_node-3] [INFO] [1770709758.873654075] [imu_filter]: Parameter RLController.pid_kp_ang set to 1.233640
[imu_filter_madgwick_node-3] [INFO] [1770709758.873713180] [imu_filter]: Parameter RLController.pid_ki_ang set to 0.000000
[imu_filter_madgwick_node-3] [INFO] [1770709758.873769597] [imu_filter]: Parameter RLController.pid_kd_ang set to 0.095577
[imu_filter_madgwick_node-3] [INFO] [1770709759.276792703] [imu_filter]: Parameter RLController.pid_kp_lin set to 1.222175
[imu_filter_madgwick_node-3] [INFO] [1770709759.276998532] [imu_filter]: Parameter RLController.pid_ki_lin set to 0.000000
[imu_filter_madgwick_node-3] [INFO] [1770709759.277082789] [imu_filter]: Parameter RLController.pid_kd_lin set to 0.020000
[imu_filter_madgwick_node-3] [INFO] [1770709759.277185928] [imu_filter]: Parameter RLController.pid_kp_ang set to 1.233640
[imu_filter_madgwick_node-3] [INFO] [1770709759.277277033] [imu_filter]: Parameter RLController.pid_ki_ang set to 0.000000
[imu_filter_madgwick_node-3] [INFO] [1770709759.277344939] [imu_filter]: Parameter RLController.pid_kd_ang set to 0.095577
[imu_filter_madgwick_node-3] [INFO] [1770709759.686647757] [imu_filter]: Parameter RLController.pid_kp_lin set to 1.222175
[imu_filter_madgwick_node-3] [INFO] [1770709759.686841489] [imu_filter]: Parameter RLController.pid_ki_lin set to 0.000000
[imu_filter_madgwick_node-3] [INFO] [1770709759.687026709] [imu_filter]: Parameter RLController.pid_kd_lin set to 0.020000
[imu_filter_madgwick_node-3] [INFO] [1770709759.689069439] [imu_filter]: Parameter RLController.pid_kp_ang set to 1.233640
[imu_filter_madgwick_node-3] [INFO] [1770709759.689390373] [imu_filter]: Parameter RLController.pid_ki_ang set to 0.000000
[imu_filter_madgwick_node-3] [INFO] [1770709759.689539048] [imu_filter]: Parameter RLController.pid_kd_ang set to 0.095577
[imu_filter_madgwick_node-3] [INFO] [1770709760.105798009] [imu_filter]: Parameter RLController.pid_kp_lin set to 1.222371
[imu_filter_madgwick_node-3] [INFO] [1770709760.106017566] [imu_filter]: Parameter RLController.pid_ki_lin set to 0.000000
[imu_filter_madgwick_node-3] [INFO] [1770709760.106779021] [imu_filter]: Parameter RLController.pid_kd_lin set to 0.020000
[imu_filter_madgwick_node-3] [INFO] [1770709760.106891535] [imu_filter]: Parameter RLController.pid_kp_ang set to 1.233640
[imu_filter_madgwick_node-3] [INFO] [1770709760.107096436] [imu_filter]: Parameter RLController.pid_ki_ang set to 0.000000
[imu_filter_madgwick_node-3] [INFO] [1770709760.107183925] [imu_filter]: Parameter RLController.pid_kd_ang set to 0.095577
[imu_filter_madgwick_node-3] [INFO] [1770709760.522488402] [imu_filter]: Parameter RLController.pid_kp_lin set to 1.222371
[imu_filter_madgwick_node-3] [INFO] [1770709760.522824569] [imu_filter]: Parameter RLController.pid_ki_lin set to 0.000000
[imu_filter_madgwick_node-3] [INFO] [1770709760.522905819] [imu_filter]: Parameter RLController.pid_kd_lin set to 0.020000
[imu_filter_madgwick_node-3] [INFO] [1770709760.522971036] [imu_filter]: Parameter RLController.pid_kp_ang set to 1.233640
[imu_filter_madgwick_node-3] [INFO] [1770709760.523032670] [imu_filter]: Parameter RLController.pid_ki_ang set to 0.000000
[imu_filter_madgwick_node-3] [INFO] [1770709760.523095487] [imu_filter]: Parameter RLController.pid_kd_ang set to 0.095577
[imu_filter_madgwick_node-3] [INFO] [1770709760.931448046] [imu_filter]: Parameter RLController.pid_kp_lin set to 1.222371
[imu_filter_madgwick_node-3] [INFO] [1770709760.931861047] [imu_filter]: Parameter RLController.pid_ki_lin set to 0.000000
[imu_filter_madgwick_node-3] [INFO] [1770709760.931969977] [imu_filter]: Parameter RLController.pid_kd_lin set to 0.020000
[imu_filter_madgwick_node-3] [INFO] [1770709760.932153692] [imu_filter]: Parameter RLController.pid_kp_ang set to 1.233640
[imu_filter_madgwick_node-3] [INFO] [1770709760.932304000] [imu_filter]: Parameter RLController.pid_ki_ang set to 0.000000
[imu_filter_madgwick_node-3] [INFO] [1770709760.932372577] [imu_filter]: Parameter RLController.pid_kd_ang set to 0.095577
[imu_filter_madgwick_node-3] [INFO] [1770709761.347180148] [imu_filter]: Parameter RLController.pid_kp_lin set to 1.222371
[imu_filter_madgwick_node-3] [INFO] [1770709761.347384408] [imu_filter]: Parameter RLController.pid_ki_lin set to 0.000000
[imu_filter_madgwick_node-3] [INFO] [1770709761.347464538] [imu_filter]: Parameter RLController.pid_kd_lin set to 0.020000
[imu_filter_madgwick_node-3] [INFO] [1770709761.347527451] [imu_filter]: Parameter RLController.pid_kp_ang set to 1.233640
[imu_filter_madgwick_node-3] [INFO] [1770709761.349910252] [imu_filter]: Parameter RLController.pid_ki_ang set to 0.000000
[imu_filter_madgwick_node-3] [INFO] [1770709761.350080847] [imu_filter]: Parameter RLController.pid_kd_ang set to 0.095577
[imu_filter_madgwick_node-3] [INFO] [1770709761.756650426] [imu_filter]: Parameter RLController.pid_kp_lin set to 1.222371
[imu_filter_madgwick_node-3] [INFO] [1770709761.756960864] [imu_filter]: Parameter RLController.pid_ki_lin set to 0.000000
[imu_filter_madgwick_node-3] [INFO] [1770709761.757052706] [imu_filter]: Parameter RLController.pid_kd_lin set to 0.020000
[imu_filter_madgwick_node-3] [INFO] [1770709761.757217606] [imu_filter]: Parameter RLController.pid_kp_ang set to 1.233640
[imu_filter_madgwick_node-3] [INFO] [1770709761.757316456] [imu_filter]: Parameter RLController.pid_ki_ang set to 0.000000
[imu_filter_madgwick_node-3] [INFO] [1770709761.757400073] [imu_filter]: Parameter RLController.pid_kd_ang set to 0.095577
[imu_filter_madgwick_node-3] [INFO] [1770709762.185583373] [imu_filter]: Parameter RLController.pid_kp_lin set to 1.222371
[imu_filter_madgwick_node-3] [INFO] [1770709762.185821170] [imu_filter]: Parameter RLController.pid_ki_lin set to 0.000000
[imu_filter_madgwick_node-3] [INFO] [1770709762.185894868] [imu_filter]: Parameter RLController.pid_kd_lin set to 0.020000
[imu_filter_madgwick_node-3] [INFO] [1770709762.185956341] [imu_filter]: Parameter RLController.pid_kp_ang set to 1.233640
[imu_filter_madgwick_node-3] [INFO] [1770709762.186017270] [imu_filter]: Parameter RLController.pid_ki_ang set to 0.000000
[imu_filter_madgwick_node-3] [INFO] [1770709762.188396839] [imu_filter]: Parameter RLController.pid_kd_ang set to 0.095577
[imu_filter_madgwick_node-3] [INFO] [1770709762.632999418] [imu_filter]: Parameter RLController.pid_kp_lin set to 1.222371
[imu_filter_madgwick_node-3] [INFO] [1770709762.633186686] [imu_filter]: Parameter RLController.pid_ki_lin set to 0.000000
[imu_filter_madgwick_node-3] [INFO] [1770709762.633260575] [imu_filter]: Parameter RLController.pid_kd_lin set to 0.020000
[imu_filter_madgwick_node-3] [INFO] [1770709762.633325601] [imu_filter]: Parameter RLController.pid_kp_ang set to 1.233640
[imu_filter_madgwick_node-3] [INFO] [1770709762.633387394] [imu_filter]: Parameter RLController.pid_ki_ang set to 0.000000
[imu_filter_madgwick_node-3] [INFO] [1770709762.633450467] [imu_filter]: Parameter RLController.pid_kd_ang set to 0.095577
[imu_filter_madgwick_node-3] [INFO] [1770709763.051562650] [imu_filter]: Parameter RLController.pid_kp_lin set to 1.222371
[imu_filter_madgwick_node-3] [INFO] [1770709763.051777438] [imu_filter]: Parameter RLController.pid_ki_lin set to 0.000000
[imu_filter_madgwick_node-3] [INFO] [1770709763.051850431] [imu_filter]: Parameter RLController.pid_kd_lin set to 0.020000
[imu_filter_madgwick_node-3] [INFO] [1770709763.051915777] [imu_filter]: Parameter RLController.pid_kp_ang set to 1.233640
[imu_filter_madgwick_node-3] [INFO] [1770709763.051977474] [imu_filter]: Parameter RLController.pid_ki_ang set to 0.000000
[imu_filter_madgwick_node-3] [INFO] [1770709763.052036963] [imu_filter]: Parameter RLController.pid_kd_ang set to 0.095577
[imu_filter_madgwick_node-3] [INFO] [1770709763.468938625] [imu_filter]: Parameter RLController.pid_kp_lin set to 1.222371
[imu_filter_madgwick_node-3] [INFO] [1770709763.469123909] [imu_filter]: Parameter RLController.pid_ki_lin set to 0.000000
[imu_filter_madgwick_node-3] [INFO] [1770709763.469204006] [imu_filter]: Parameter RLController.pid_kd_lin set to 0.020000
[imu_filter_madgwick_node-3] [INFO] [1770709763.469274088] [imu_filter]: Parameter RLController.pid_kp_ang set to 1.233640
[imu_filter_madgwick_node-3] [INFO] [1770709763.469333993] [imu_filter]: Parameter RLController.pid_ki_ang set to 0.000000
[imu_filter_madgwick_node-3] [INFO] [1770709763.469391530] [imu_filter]: Parameter RLController.pid_kd_ang set to 0.095577
[imu_filter_madgwick_node-3] [INFO] [1770709763.886979190] [imu_filter]: Parameter RLController.pid_kp_lin set to 1.222371
[imu_filter_madgwick_node-3] [INFO] [1770709763.887182810] [imu_filter]: Parameter RLController.pid_ki_lin set to 0.000000
[imu_filter_madgwick_node-3] [INFO] [1770709763.887265500] [imu_filter]: Parameter RLController.pid_kd_lin set to 0.020000
[imu_filter_madgwick_node-3] [INFO] [1770709763.887335581] [imu_filter]: Parameter RLController.pid_kp_ang set to 1.233640
[imu_filter_madgwick_node-3] [INFO] [1770709763.887619715] [imu_filter]: Parameter RLController.pid_ki_ang set to 0.000000
[imu_filter_madgwick_node-3] [INFO] [1770709763.888267952] [imu_filter]: Parameter RLController.pid_kd_ang set to 0.095577
[imu_filter_madgwick_node-3] [INFO] [1770709764.301352480] [imu_filter]: Parameter RLController.pid_kp_lin set to 1.222371
[imu_filter_madgwick_node-3] [INFO] [1770709764.301601861] [imu_filter]: Parameter RLController.pid_ki_lin set to 0.000000
[imu_filter_madgwick_node-3] [INFO] [1770709764.305034507] [imu_filter]: Parameter RLController.pid_kd_lin set to 0.020000
[imu_filter_madgwick_node-3] [INFO] [1770709764.305220463] [imu_filter]: Parameter RLController.pid_kp_ang set to 1.233640
[imu_filter_madgwick_node-3] [INFO] [1770709764.305296497] [imu_filter]: Parameter RLController.pid_ki_ang set to 0.000000
[imu_filter_madgwick_node-3] [INFO] [1770709764.305361682] [imu_filter]: Parameter RLController.pid_kd_ang set to 0.095577
[imu_filter_madgwick_node-3] [INFO] [1770709764.714068584] [imu_filter]: Parameter RLController.pid_kp_lin set to 1.222371
[imu_filter_madgwick_node-3] [INFO] [1770709764.714271244] [imu_filter]: Parameter RLController.pid_ki_lin set to 0.000000
[imu_filter_madgwick_node-3] [INFO] [1770709764.714347758] [imu_filter]: Parameter RLController.pid_kd_lin set to 0.020000
[imu_filter_madgwick_node-3] [INFO] [1770709764.714704949] [imu_filter]: Parameter RLController.pid_kp_ang set to 1.233640
[imu_filter_madgwick_node-3] [INFO] [1770709764.714789431] [imu_filter]: Parameter RLController.pid_ki_ang set to 0.000000
[imu_filter_madgwick_node-3] [INFO] [1770709764.714865401] [imu_filter]: Parameter RLController.pid_kd_ang set to 0.095577
[imu_filter_madgwick_node-3] [INFO] [1770709765.132539430] [imu_filter]: Parameter RLController.pid_kp_lin set to 1.222371
[imu_filter_madgwick_node-3] [INFO] [1770709765.132748042] [imu_filter]: Parameter RLController.pid_ki_lin set to 0.000000
[imu_filter_madgwick_node-3] [INFO] [1770709765.132830988] [imu_filter]: Parameter RLController.pid_kd_lin set to 0.020000
[imu_filter_madgwick_node-3] [INFO] [1770709765.132907950] [imu_filter]: Parameter RLController.pid_kp_ang set to 1.233640
[imu_filter_madgwick_node-3] [INFO] [1770709765.132970863] [imu_filter]: Parameter RLController.pid_ki_ang set to 0.000000
[imu_filter_madgwick_node-3] [INFO] [1770709765.133030192] [imu_filter]: Parameter RLController.pid_kd_ang set to 0.095577
[imu_filter_madgwick_node-3] [INFO] [1770709765.557592234] [imu_filter]: Parameter RLController.pid_kp_lin set to 1.222371
[imu_filter_madgwick_node-3] [INFO] [1770709765.557795982] [imu_filter]: Parameter RLController.pid_ki_lin set to 0.000000
[imu_filter_madgwick_node-3] [INFO] [1770709765.557891248] [imu_filter]: Parameter RLController.pid_kd_lin set to 0.020000
[imu_filter_madgwick_node-3] [INFO] [1770709765.557979762] [imu_filter]: Parameter RLController.pid_kp_ang set to 1.233640
[imu_filter_madgwick_node-3] [INFO] [1770709765.558047860] [imu_filter]: Parameter RLController.pid_ki_ang set to 0.000000
[imu_filter_madgwick_node-3] [INFO] [1770709765.558234775] [imu_filter]: Parameter RLController.pid_kd_ang set to 0.095577
[imu_filter_madgwick_node-3] [INFO] [1770709765.975539933] [imu_filter]: Parameter RLController.pid_kp_lin set to 1.222371
[imu_filter_madgwick_node-3] [INFO] [1770709765.977706282] [imu_filter]: Parameter RLController.pid_ki_lin set to 0.000000
[imu_filter_madgwick_node-3] [INFO] [1770709765.977910126] [imu_filter]: Parameter RLController.pid_kd_lin set to 0.020000
[imu_filter_madgwick_node-3] [INFO] [1770709765.977982095] [imu_filter]: Parameter RLController.pid_kp_ang set to 1.233640
[imu_filter_madgwick_node-3] [INFO] [1770709765.978045008] [imu_filter]: Parameter RLController.pid_ki_ang set to 0.000000
[imu_filter_madgwick_node-3] [INFO] [1770709765.978106098] [imu_filter]: Parameter RLController.pid_kd_ang set to 0.095577
[imu_filter_madgwick_node-3] [INFO] [1770709766.410766033] [imu_filter]: Parameter RLController.pid_kp_lin set to 1.222371
[imu_filter_madgwick_node-3] [INFO] [1770709766.410999702] [imu_filter]: Parameter RLController.pid_ki_lin set to 0.000000
[imu_filter_madgwick_node-3] [INFO] [1770709766.411081335] [imu_filter]: Parameter RLController.pid_kd_lin set to 0.020000
[imu_filter_madgwick_node-3] [INFO] [1770709766.411147705] [imu_filter]: Parameter RLController.pid_kp_ang set to 1.233640
[imu_filter_madgwick_node-3] [INFO] [1770709766.411208954] [imu_filter]: Parameter RLController.pid_ki_ang set to 0.000000
[imu_filter_madgwick_node-3] [INFO] [1770709766.411272315] [imu_filter]: Parameter RLController.pid_kd_ang set to 0.095577
[imu_filter_madgwick_node-3] [INFO] [1770709766.833535335] [imu_filter]: Parameter RLController.pid_kp_lin set to 1.222371
[imu_filter_madgwick_node-3] [INFO] [1770709766.833743339] [imu_filter]: Parameter RLController.pid_ki_lin set to 0.000000
[imu_filter_madgwick_node-3] [INFO] [1770709766.833835117] [imu_filter]: Parameter RLController.pid_kd_lin set to 0.020000
[imu_filter_madgwick_node-3] [INFO] [1770709766.833909326] [imu_filter]: Parameter RLController.pid_kp_ang set to 1.233640
[imu_filter_madgwick_node-3] [INFO] [1770709766.833973872] [imu_filter]: Parameter RLController.pid_ki_ang set to 0.000000
[imu_filter_madgwick_node-3] [INFO] [1770709766.834036017] [imu_filter]: Parameter RLController.pid_kd_ang set to 0.095577
[imu_filter_madgwick_node-3] [INFO] [1770709767.250925038] [imu_filter]: Parameter RLController.pid_kp_lin set to 1.222371
[imu_filter_madgwick_node-3] [INFO] [1770709767.251342615] [imu_filter]: Parameter RLController.pid_ki_lin set to 0.000000
[imu_filter_madgwick_node-3] [INFO] [1770709767.251432537] [imu_filter]: Parameter RLController.pid_kd_lin set to 0.020000
[imu_filter_madgwick_node-3] [INFO] [1770709767.251503962] [imu_filter]: Parameter RLController.pid_kp_ang set to 1.233640
[imu_filter_madgwick_node-3] [INFO] [1770709767.251563035] [imu_filter]: Parameter RLController.pid_ki_ang set to 0.000000
[imu_filter_madgwick_node-3] [INFO] [1770709767.251631101] [imu_filter]: Parameter RLController.pid_kd_ang set to 0.095577
[imu_filter_madgwick_node-3] [INFO] [1770709767.659810024] [imu_filter]: Parameter RLController.pid_kp_lin set to 1.222371
[imu_filter_madgwick_node-3] [INFO] [1770709767.660448949] [imu_filter]: Parameter RLController.pid_ki_lin set to 0.000000
[imu_filter_madgwick_node-3] [INFO] [1770709767.660755260] [imu_filter]: Parameter RLController.pid_kd_lin set to 0.020000
[imu_filter_madgwick_node-3] [INFO] [1770709767.660911263] [imu_filter]: Parameter RLController.pid_kp_ang set to 1.233640
[imu_filter_madgwick_node-3] [INFO] [1770709767.660990240] [imu_filter]: Parameter RLController.pid_ki_ang set to 0.000000
[imu_filter_madgwick_node-3] [INFO] [1770709767.661123971] [imu_filter]: Parameter RLController.pid_kd_ang set to 0.095577
[imu_filter_madgwick_node-3] [INFO] [1770709768.076131450] [imu_filter]: Parameter RLController.pid_kp_lin set to 1.222634
[imu_filter_madgwick_node-3] [INFO] [1770709768.076358047] [imu_filter]: Parameter RLController.pid_ki_lin set to 0.000000
[imu_filter_madgwick_node-3] [INFO] [1770709768.076501794] [imu_filter]: Parameter RLController.pid_kd_lin set to 0.020000
[imu_filter_madgwick_node-3] [INFO] [1770709768.081528776] [imu_filter]: Parameter RLController.pid_kp_ang set to 1.233640
[imu_filter_madgwick_node-3] [INFO] [1770709768.081946961] [imu_filter]: Parameter RLController.pid_ki_ang set to 0.000000
[imu_filter_madgwick_node-3] [INFO] [1770709768.082058163] [imu_filter]: Parameter RLController.pid_kd_ang set to 0.095577
[imu_filter_madgwick_node-3] [INFO] [1770709768.501521157] [imu_filter]: Parameter RLController.pid_kp_lin set to 1.222896
[imu_filter_madgwick_node-3] [INFO] [1770709768.501717769] [imu_filter]: Parameter RLController.pid_ki_lin set to 0.000000
[imu_filter_madgwick_node-3] [INFO] [1770709768.503747091] [imu_filter]: Parameter RLController.pid_kd_lin set to 0.020000
[imu_filter_madgwick_node-3] [INFO] [1770709768.503925078] [imu_filter]: Parameter RLController.pid_kp_ang set to 1.233640
[imu_filter_madgwick_node-3] [INFO] [1770709768.506565004] [imu_filter]: Parameter RLController.pid_ki_ang set to 0.000000
[imu_filter_madgwick_node-3] [INFO] [1770709768.508443795] [imu_filter]: Parameter RLController.pid_kd_ang set to 0.095577
[imu_filter_madgwick_node-3] [INFO] [1770709768.930509594] [imu_filter]: Parameter RLController.pid_kp_lin set to 1.223157
[imu_filter_madgwick_node-3] [INFO] [1770709768.930705118] [imu_filter]: Parameter RLController.pid_ki_lin set to 0.000000
[imu_filter_madgwick_node-3] [INFO] [1770709768.930781535] [imu_filter]: Parameter RLController.pid_kd_lin set to 0.020000
[imu_filter_madgwick_node-3] [INFO] [1770709768.934449834] [imu_filter]: Parameter RLController.pid_kp_ang set to 1.233640
[imu_filter_madgwick_node-3] [INFO] [1770709768.934788753] [imu_filter]: Parameter RLController.pid_ki_ang set to 0.000000
[imu_filter_madgwick_node-3] [INFO] [1770709768.934878035] [imu_filter]: Parameter RLController.pid_kd_ang set to 0.095577
[imu_filter_madgwick_node-3] [INFO] [1770709769.361080238] [imu_filter]: Parameter RLController.pid_kp_lin set to 1.223434
[imu_filter_madgwick_node-3] [INFO] [1770709769.361430838] [imu_filter]: Parameter RLController.pid_ki_lin set to 0.000000
[imu_filter_madgwick_node-3] [INFO] [1770709769.361576601] [imu_filter]: Parameter RLController.pid_kd_lin set to 0.020000
[imu_filter_madgwick_node-3] [INFO] [1770709769.361658682] [imu_filter]: Parameter RLController.pid_kp_ang set to 1.233640
[imu_filter_madgwick_node-3] [INFO] [1770709769.361720955] [imu_filter]: Parameter RLController.pid_ki_ang set to 0.000000
[imu_filter_madgwick_node-3] [INFO] [1770709769.361783613] [imu_filter]: Parameter RLController.pid_kd_ang set to 0.095577
[imu_filter_madgwick_node-3] [INFO] [1770709769.791563041] [imu_filter]: Parameter RLController.pid_kp_lin set to 1.223756
[imu_filter_madgwick_node-3] [INFO] [1770709769.791772870] [imu_filter]: Parameter RLController.pid_ki_lin set to 0.000000
[imu_filter_madgwick_node-3] [INFO] [1770709769.791853671] [imu_filter]: Parameter RLController.pid_kd_lin set to 0.020000
[imu_filter_madgwick_node-3] [INFO] [1770709769.794935398] [imu_filter]: Parameter RLController.pid_kp_ang set to 1.233640
[imu_filter_madgwick_node-3] [INFO] [1770709769.795167467] [imu_filter]: Parameter RLController.pid_ki_ang set to 0.000000
[imu_filter_madgwick_node-3] [INFO] [1770709769.795475697] [imu_filter]: Parameter RLController.pid_kd_ang set to 0.095577
[imu_filter_madgwick_node-3] [INFO] [1770709770.217578361] [imu_filter]: Parameter RLController.pid_kp_lin set to 1.224097
[imu_filter_madgwick_node-3] [INFO] [1770709770.217919520] [imu_filter]: Parameter RLController.pid_ki_lin set to 0.000000
[imu_filter_madgwick_node-3] [INFO] [1770709770.218121796] [imu_filter]: Parameter RLController.pid_kd_lin set to 0.020000
[imu_filter_madgwick_node-3] [INFO] [1770709770.218200422] [imu_filter]: Parameter RLController.pid_kp_ang set to 1.233640
[imu_filter_madgwick_node-3] [INFO] [1770709770.218376553] [imu_filter]: Parameter RLController.pid_ki_ang set to 0.000000
[imu_filter_madgwick_node-3] [INFO] [1770709770.218444747] [imu_filter]: Parameter RLController.pid_kd_ang set to 0.095577
[imu_filter_madgwick_node-3] [INFO] [1770709770.636810598] [imu_filter]: Parameter RLController.pid_kp_lin set to 1.224431
[imu_filter_madgwick_node-3] [INFO] [1770709770.637000042] [imu_filter]: Parameter RLController.pid_ki_lin set to 0.000000
[imu_filter_madgwick_node-3] [INFO] [1770709770.640933467] [imu_filter]: Parameter RLController.pid_kd_lin set to 0.020000
[imu_filter_madgwick_node-3] [INFO] [1770709770.641625929] [imu_filter]: Parameter RLController.pid_kp_ang set to 1.233640
[imu_filter_madgwick_node-3] [INFO] [1770709770.641773420] [imu_filter]: Parameter RLController.pid_ki_ang set to 0.000000
[imu_filter_madgwick_node-3] [INFO] [1770709770.641840077] [imu_filter]: Parameter RLController.pid_kd_ang set to 0.095577
[imu_filter_madgwick_node-3] [INFO] [1770709771.052082307] [imu_filter]: Parameter RLController.pid_kp_lin set to 1.224746
[imu_filter_madgwick_node-3] [INFO] [1770709771.052429802] [imu_filter]: Parameter RLController.pid_ki_lin set to 0.000000
[imu_filter_madgwick_node-3] [INFO] [1770709771.052511820] [imu_filter]: Parameter RLController.pid_kd_lin set to 0.020000
[imu_filter_madgwick_node-3] [INFO] [1770709771.052589677] [imu_filter]: Parameter RLController.pid_kp_ang set to 1.233640
[imu_filter_madgwick_node-3] [INFO] [1770709771.052652591] [imu_filter]: Parameter RLController.pid_ki_ang set to 0.000000
[imu_filter_madgwick_node-3] [INFO] [1770709771.052716624] [imu_filter]: Parameter RLController.pid_kd_ang set to 0.095577
[imu_filter_madgwick_node-3] [INFO] [1770709771.471292304] [imu_filter]: Parameter RLController.pid_kp_lin set to 1.225045
[imu_filter_madgwick_node-3] [INFO] [1770709771.471483924] [imu_filter]: Parameter RLController.pid_ki_lin set to 0.000000
[imu_filter_madgwick_node-3] [INFO] [1770709771.471560437] [imu_filter]: Parameter RLController.pid_kd_lin set to 0.020000
[imu_filter_madgwick_node-3] [INFO] [1770709771.471630711] [imu_filter]: Parameter RLController.pid_kp_ang set to 1.233640
[imu_filter_madgwick_node-3] [INFO] [1770709771.471690520] [imu_filter]: Parameter RLController.pid_ki_ang set to 0.000000
[imu_filter_madgwick_node-3] [INFO] [1770709771.471752249] [imu_filter]: Parameter RLController.pid_kd_ang set to 0.095577
[imu_filter_madgwick_node-3] [INFO] [1770709771.899675672] [imu_filter]: Parameter RLController.pid_kp_lin set to 1.225336
[imu_filter_madgwick_node-3] [INFO] [1770709771.900032095] [imu_filter]: Parameter RLController.pid_ki_lin set to 0.000000
[imu_filter_madgwick_node-3] [INFO] [1770709771.900116833] [imu_filter]: Parameter RLController.pid_kd_lin set to 0.020000
[imu_filter_madgwick_node-3] [INFO] [1770709771.900188610] [imu_filter]: Parameter RLController.pid_kp_ang set to 1.233640
[imu_filter_madgwick_node-3] [INFO] [1770709771.900252420] [imu_filter]: Parameter RLController.pid_ki_ang set to 0.000000
[imu_filter_madgwick_node-3] [INFO] [1770709771.900314949] [imu_filter]: Parameter RLController.pid_kd_ang set to 0.095577
[imu_filter_madgwick_node-3] [INFO] [1770709772.316387474] [imu_filter]: Parameter RLController.pid_kp_lin set to 1.225621
[imu_filter_madgwick_node-3] [INFO] [1770709772.316614966] [imu_filter]: Parameter RLController.pid_ki_lin set to 0.000000
[imu_filter_madgwick_node-3] [INFO] [1770709772.316685816] [imu_filter]: Parameter RLController.pid_kd_lin set to 0.020000
[imu_filter_madgwick_node-3] [INFO] [1770709772.316750777] [imu_filter]: Parameter RLController.pid_kp_ang set to 1.233640
[imu_filter_madgwick_node-3] [INFO] [1770709772.316808794] [imu_filter]: Parameter RLController.pid_ki_ang set to 0.000000
[imu_filter_madgwick_node-3] [INFO] [1770709772.316870076] [imu_filter]: Parameter RLController.pid_kd_ang set to 0.095577
[imu_filter_madgwick_node-3] [INFO] [1770709772.739778932] [imu_filter]: Parameter RLController.pid_kp_lin set to 1.225887
[imu_filter_madgwick_node-3] [INFO] [1770709772.739978392] [imu_filter]: Parameter RLController.pid_ki_lin set to 0.000000
[imu_filter_madgwick_node-3] [INFO] [1770709772.740056954] [imu_filter]: Parameter RLController.pid_kd_lin set to 0.020000
[imu_filter_madgwick_node-3] [INFO] [1770709772.740428161] [imu_filter]: Parameter RLController.pid_kp_ang set to 1.233640
[imu_filter_madgwick_node-3] [INFO] [1770709772.740633317] [imu_filter]: Parameter RLController.pid_ki_ang set to 0.000000
[imu_filter_madgwick_node-3] [INFO] [1770709772.740707687] [imu_filter]: Parameter RLController.pid_kd_ang set to 0.095577
[imu_filter_madgwick_node-3] [INFO] [1770709773.167302218] [imu_filter]: Parameter RLController.pid_kp_lin set to 1.226145
[imu_filter_madgwick_node-3] [INFO] [1770709773.167527919] [imu_filter]: Parameter RLController.pid_ki_lin set to 0.000000
[imu_filter_madgwick_node-3] [INFO] [1770709773.167699795] [imu_filter]: Parameter RLController.pid_kd_lin set to 0.020000
[imu_filter_madgwick_node-3] [INFO] [1770709773.169841054] [imu_filter]: Parameter RLController.pid_kp_ang set to 1.233640
[imu_filter_madgwick_node-3] [INFO] [1770709773.169969313] [imu_filter]: Parameter RLController.pid_ki_ang set to 0.000000
[imu_filter_madgwick_node-3] [INFO] [1770709773.170698928] [imu_filter]: Parameter RLController.pid_kd_ang set to 0.095577
[imu_filter_madgwick_node-3] [INFO] [1770709773.582590119] [imu_filter]: Parameter RLController.pid_kp_lin set to 1.226406
[imu_filter_madgwick_node-3] [INFO] [1770709773.582787435] [imu_filter]: Parameter RLController.pid_ki_lin set to 0.000000
[imu_filter_madgwick_node-3] [INFO] [1770709773.582864589] [imu_filter]: Parameter RLController.pid_kd_lin set to 0.020000
[imu_filter_madgwick_node-3] [INFO] [1770709773.582932270] [imu_filter]: Parameter RLController.pid_kp_ang set to 1.233640
[imu_filter_madgwick_node-3] [INFO] [1770709773.582998160] [imu_filter]: Parameter RLController.pid_ki_ang set to 0.000000
[imu_filter_madgwick_node-3] [INFO] [1770709773.583067153] [imu_filter]: Parameter RLController.pid_kd_ang set to 0.095577
[imu_filter_madgwick_node-3] [INFO] [1770709773.997265912] [imu_filter]: Parameter RLController.pid_kp_lin set to 1.226668
[imu_filter_madgwick_node-3] [INFO] [1770709773.997451803] [imu_filter]: Parameter RLController.pid_ki_lin set to 0.000000
[imu_filter_madgwick_node-3] [INFO] [1770709774.001461901] [imu_filter]: Parameter RLController.pid_kd_lin set to 0.020000
[imu_filter_madgwick_node-3] [INFO] [1770709774.001721970] [imu_filter]: Parameter RLController.pid_kp_ang set to 1.233640
[imu_filter_madgwick_node-3] [INFO] [1770709774.001799892] [imu_filter]: Parameter RLController.pid_ki_ang set to 0.000000
[imu_filter_madgwick_node-3] [INFO] [1770709774.001863605] [imu_filter]: Parameter RLController.pid_kd_ang set to 0.095577
[imu_filter_madgwick_node-3] [INFO] [1770709774.411468382] [imu_filter]: Parameter RLController.pid_kp_lin set to 1.226927
[imu_filter_madgwick_node-3] [INFO] [1770709774.411656706] [imu_filter]: Parameter RLController.pid_ki_lin set to 0.000000
[imu_filter_madgwick_node-3] [INFO] [1770709774.412028490] [imu_filter]: Parameter RLController.pid_kd_lin set to 0.020000
[imu_filter_madgwick_node-3] [INFO] [1770709774.412121547] [imu_filter]: Parameter RLController.pid_kp_ang set to 1.233640
[imu_filter_madgwick_node-3] [INFO] [1770709774.412190893] [imu_filter]: Parameter RLController.pid_ki_ang set to 0.000000
[imu_filter_madgwick_node-3] [INFO] [1770709774.412253806] [imu_filter]: Parameter RLController.pid_kd_ang set to 0.095577
[imu_filter_madgwick_node-3] [INFO] [1770709774.832914073] [imu_filter]: Parameter RLController.pid_kp_lin set to 1.227195
[imu_filter_madgwick_node-3] [INFO] [1770709774.833229151] [imu_filter]: Parameter RLController.pid_ki_lin set to 0.000000
[imu_filter_madgwick_node-3] [INFO] [1770709774.836426240] [imu_filter]: Parameter RLController.pid_kd_lin set to 0.020000
[imu_filter_madgwick_node-3] [INFO] [1770709774.836633541] [imu_filter]: Parameter RLController.pid_kp_ang set to 1.233640
[imu_filter_madgwick_node-3] [INFO] [1770709774.836707334] [imu_filter]: Parameter RLController.pid_ki_ang set to 0.000000
[imu_filter_madgwick_node-3] [INFO] [1770709774.836768359] [imu_filter]: Parameter RLController.pid_kd_ang set to 0.095577
[imu_filter_madgwick_node-3] [INFO] [1770709775.247669515] [imu_filter]: Parameter RLController.pid_kp_lin set to 1.227466
[imu_filter_madgwick_node-3] [INFO] [1770709775.248163893] [imu_filter]: Parameter RLController.pid_ki_lin set to 0.000000
[imu_filter_madgwick_node-3] [INFO] [1770709775.254194512] [imu_filter]: Parameter RLController.pid_kd_lin set to 0.020000
[imu_filter_madgwick_node-3] [INFO] [1770709775.254486454] [imu_filter]: Parameter RLController.pid_kp_ang set to 1.233640
[imu_filter_madgwick_node-3] [INFO] [1770709775.254593240] [imu_filter]: Parameter RLController.pid_ki_ang set to 0.000000
[imu_filter_madgwick_node-3] [INFO] [1770709775.254665561] [imu_filter]: Parameter RLController.pid_kd_ang set to 0.095577
[imu_filter_madgwick_node-3] [INFO] [1770709775.706881448] [imu_filter]: Parameter RLController.pid_kp_lin set to 1.227735
[imu_filter_madgwick_node-3] [INFO] [1770709775.707221839] [imu_filter]: Parameter RLController.pid_ki_lin set to 0.000000
[imu_filter_madgwick_node-3] [INFO] [1770709775.707373874] [imu_filter]: Parameter RLController.pid_kd_lin set to 0.020000
[imu_filter_madgwick_node-3] [INFO] [1770709775.707455028] [imu_filter]: Parameter RLController.pid_kp_ang set to 1.233640
[imu_filter_madgwick_node-3] [INFO] [1770709775.707518101] [imu_filter]: Parameter RLController.pid_ki_ang set to 0.000000
[imu_filter_madgwick_node-3] [INFO] [1770709775.707583350] [imu_filter]: Parameter RLController.pid_kd_ang set to 0.095577
[imu_filter_madgwick_node-3] [INFO] [1770709776.122798930] [imu_filter]: Parameter RLController.pid_kp_lin set to 1.228036
[imu_filter_madgwick_node-3] [INFO] [1770709776.123041367] [imu_filter]: Parameter RLController.pid_ki_lin set to 0.000000
[imu_filter_madgwick_node-3] [INFO] [1770709776.123228794] [imu_filter]: Parameter RLController.pid_kd_lin set to 0.020000
[imu_filter_madgwick_node-3] [INFO] [1770709776.123304796] [imu_filter]: Parameter RLController.pid_kp_ang set to 1.233640
[imu_filter_madgwick_node-3] [INFO] [1770709776.123367005] [imu_filter]: Parameter RLController.pid_ki_ang set to 0.000000
[imu_filter_madgwick_node-3] [INFO] [1770709776.123539393] [imu_filter]: Parameter RLController.pid_kd_ang set to 0.095577
[imu_filter_madgwick_node-3] [INFO] [1770709776.544652180] [imu_filter]: Parameter RLController.pid_kp_lin set to 1.228036
[imu_filter_madgwick_node-3] [INFO] [1770709776.545029020] [imu_filter]: Parameter RLController.pid_ki_lin set to 0.000000
[imu_filter_madgwick_node-3] [INFO] [1770709776.545167711] [imu_filter]: Parameter RLController.pid_kd_lin set to 0.020000
[imu_filter_madgwick_node-3] [INFO] [1770709776.545242080] [imu_filter]: Parameter RLController.pid_kp_ang set to 1.233640
[imu_filter_madgwick_node-3] [INFO] [1770709776.545377187] [imu_filter]: Parameter RLController.pid_ki_ang set to 0.000000
[imu_filter_madgwick_node-3] [INFO] [1770709776.547463310] [imu_filter]: Parameter RLController.pid_kd_ang set to 0.095515
[imu_filter_madgwick_node-3] [INFO] [1770709776.959659371] [imu_filter]: Parameter RLController.pid_kp_lin set to 1.228036
[imu_filter_madgwick_node-3] [INFO] [1770709776.959835023] [imu_filter]: Parameter RLController.pid_ki_lin set to 0.000000
[imu_filter_madgwick_node-3] [INFO] [1770709776.959913585] [imu_filter]: Parameter RLController.pid_kd_lin set to 0.020000
[imu_filter_madgwick_node-3] [INFO] [1770709776.959994290] [imu_filter]: Parameter RLController.pid_kp_ang set to 1.233640
[imu_filter_madgwick_node-3] [INFO] [1770709776.960062356] [imu_filter]: Parameter RLController.pid_ki_ang set to 0.000000
[imu_filter_madgwick_node-3] [INFO] [1770709776.960125557] [imu_filter]: Parameter RLController.pid_kd_ang set to 0.095456
[imu_filter_madgwick_node-3] [INFO] [1770709777.376919376] [imu_filter]: Parameter RLController.pid_kp_lin set to 1.228036
[imu_filter_madgwick_node-3] [INFO] [1770709777.377470428] [imu_filter]: Parameter RLController.pid_ki_lin set to 0.000000
[imu_filter_madgwick_node-3] [INFO] [1770709777.382056313] [imu_filter]: Parameter RLController.pid_kd_lin set to 0.020000
[imu_filter_madgwick_node-3] [INFO] [1770709777.382245629] [imu_filter]: Parameter RLController.pid_kp_ang set to 1.233640
[imu_filter_madgwick_node-3] [INFO] [1770709777.382322687] [imu_filter]: Parameter RLController.pid_ki_ang set to 0.000000
[imu_filter_madgwick_node-3] [INFO] [1770709777.382533219] [imu_filter]: Parameter RLController.pid_kd_ang set to 0.095403
[imu_filter_madgwick_node-3] [INFO] [1770709777.786701341] [imu_filter]: Parameter RLController.pid_kp_lin set to 1.228036
[imu_filter_madgwick_node-3] [INFO] [1770709777.789385652] [imu_filter]: Parameter RLController.pid_ki_lin set to 0.000000
[imu_filter_madgwick_node-3] [INFO] [1770709777.789611704] [imu_filter]: Parameter RLController.pid_kd_lin set to 0.020000
[imu_filter_madgwick_node-3] [INFO] [1770709777.789698778] [imu_filter]: Parameter RLController.pid_kp_ang set to 1.233640
[imu_filter_madgwick_node-3] [INFO] [1770709777.789755131] [imu_filter]: Parameter RLController.pid_ki_ang set to 0.000000
[imu_filter_madgwick_node-3] [INFO] [1770709777.789932543] [imu_filter]: Parameter RLController.pid_kd_ang set to 0.095357
[imu_filter_madgwick_node-3] [INFO] [1770709778.204979223] [imu_filter]: Parameter RLController.pid_kp_lin set to 1.228036
[imu_filter_madgwick_node-3] [INFO] [1770709778.205205851] [imu_filter]: Parameter RLController.pid_ki_lin set to 0.000000
[imu_filter_madgwick_node-3] [INFO] [1770709778.205283613] [imu_filter]: Parameter RLController.pid_kd_lin set to 0.020000
[imu_filter_madgwick_node-3] [INFO] [1770709778.205349854] [imu_filter]: Parameter RLController.pid_kp_ang set to 1.233640
[imu_filter_madgwick_node-3] [INFO] [1770709778.205409535] [imu_filter]: Parameter RLController.pid_ki_ang set to 0.000000
[imu_filter_madgwick_node-3] [INFO] [1770709778.205474273] [imu_filter]: Parameter RLController.pid_kd_ang set to 0.095302
[imu_filter_madgwick_node-3] [INFO] [1770709778.644204412] [imu_filter]: Parameter RLController.pid_kp_lin set to 1.228036
[imu_filter_madgwick_node-3] [INFO] [1770709778.646795825] [imu_filter]: Parameter RLController.pid_ki_lin set to 0.000000
[imu_filter_madgwick_node-3] [INFO] [1770709778.646995445] [imu_filter]: Parameter RLController.pid_kd_lin set to 0.020000
[imu_filter_madgwick_node-3] [INFO] [1770709778.647095223] [imu_filter]: Parameter RLController.pid_kp_ang set to 1.233640
[imu_filter_madgwick_node-3] [INFO] [1770709778.647170905] [imu_filter]: Parameter RLController.pid_ki_ang set to 0.000000
[imu_filter_madgwick_node-3] [INFO] [1770709778.647238426] [imu_filter]: Parameter RLController.pid_kd_ang set to 0.095240
[imu_filter_madgwick_node-3] [INFO] [1770709779.066155233] [imu_filter]: Parameter RLController.pid_kp_lin set to 1.228036
[imu_filter_madgwick_node-3] [INFO] [1770709779.066494824] [imu_filter]: Parameter RLController.pid_ki_lin set to 0.000000
[imu_filter_madgwick_node-3] [INFO] [1770709779.066579338] [imu_filter]: Parameter RLController.pid_kd_lin set to 0.020000
[imu_filter_madgwick_node-3] [INFO] [1770709779.066649323] [imu_filter]: Parameter RLController.pid_kp_ang set to 1.233640
[imu_filter_madgwick_node-3] [INFO] [1770709779.066710892] [imu_filter]: Parameter RLController.pid_ki_ang set to 0.000000
[imu_filter_madgwick_node-3] [INFO] [1770709779.066770893] [imu_filter]: Parameter RLController.pid_kd_ang set to 0.095172
[imu_filter_madgwick_node-3] [INFO] [1770709779.476250612] [imu_filter]: Parameter RLController.pid_kp_lin set to 1.228036
[imu_filter_madgwick_node-3] [INFO] [1770709779.476482808] [imu_filter]: Parameter RLController.pid_ki_lin set to 0.000000
[imu_filter_madgwick_node-3] [INFO] [1770709779.476552858] [imu_filter]: Parameter RLController.pid_kd_lin set to 0.020000
[imu_filter_madgwick_node-3] [INFO] [1770709779.476615803] [imu_filter]: Parameter RLController.pid_kp_ang set to 1.233640
[imu_filter_madgwick_node-3] [INFO] [1770709779.476672732] [imu_filter]: Parameter RLController.pid_ki_ang set to 0.000000
[imu_filter_madgwick_node-3] [INFO] [1770709779.476728509] [imu_filter]: Parameter RLController.pid_kd_ang set to 0.095099
[imu_filter_madgwick_node-3] [INFO] [1770709779.901234006] [imu_filter]: Parameter RLController.pid_kp_lin set to 1.228036
[imu_filter_madgwick_node-3] [INFO] [1770709779.901442043] [imu_filter]: Parameter RLController.pid_ki_lin set to 0.000000
[imu_filter_madgwick_node-3] [INFO] [1770709779.901567517] [imu_filter]: Parameter RLController.pid_kd_lin set to 0.020000
[imu_filter_madgwick_node-3] [INFO] [1770709779.901646687] [imu_filter]: Parameter RLController.pid_kp_ang set to 1.233640
[imu_filter_madgwick_node-3] [INFO] [1770709779.901711232] [imu_filter]: Parameter RLController.pid_ki_ang set to 0.000000
[imu_filter_madgwick_node-3] [INFO] [1770709779.902591666] [imu_filter]: Parameter RLController.pid_kd_ang set to 0.095023
[imu_filter_madgwick_node-3] [INFO] [1770709780.325661102] [imu_filter]: Parameter RLController.pid_kp_lin set to 1.228036
[imu_filter_madgwick_node-3] [INFO] [1770709780.325876146] [imu_filter]: Parameter RLController.pid_ki_lin set to 0.000000
[imu_filter_madgwick_node-3] [INFO] [1770709780.333149287] [imu_filter]: Parameter RLController.pid_kd_lin set to 0.020000
[imu_filter_madgwick_node-3] [INFO] [1770709780.333394508] [imu_filter]: Parameter RLController.pid_kp_ang set to 1.233640
[imu_filter_madgwick_node-3] [INFO] [1770709780.333539471] [imu_filter]: Parameter RLController.pid_ki_ang set to 0.000000
[imu_filter_madgwick_node-3] [INFO] [1770709780.335454454] [imu_filter]: Parameter RLController.pid_kd_ang set to 0.094945
[imu_filter_madgwick_node-3] [INFO] [1770709780.737377442] [imu_filter]: Parameter RLController.pid_kp_lin set to 1.228036
[imu_filter_madgwick_node-3] [INFO] [1770709780.741194800] [imu_filter]: Parameter RLController.pid_ki_lin set to 0.000000
[imu_filter_madgwick_node-3] [INFO] [1770709780.741555607] [imu_filter]: Parameter RLController.pid_kd_lin set to 0.020000
[imu_filter_madgwick_node-3] [INFO] [1770709780.741662905] [imu_filter]: Parameter RLController.pid_kp_ang set to 1.233640
[imu_filter_madgwick_node-3] [INFO] [1770709780.741736379] [imu_filter]: Parameter RLController.pid_ki_ang set to 0.000000
[imu_filter_madgwick_node-3] [INFO] [1770709780.741798684] [imu_filter]: Parameter RLController.pid_kd_ang set to 0.094864
[imu_filter_madgwick_node-3] [INFO] [1770709781.164609810] [imu_filter]: Parameter RLController.pid_kp_lin set to 1.228036
[imu_filter_madgwick_node-3] [INFO] [1770709781.164819191] [imu_filter]: Parameter RLController.pid_ki_lin set to 0.000000
[imu_filter_madgwick_node-3] [INFO] [1770709781.164905304] [imu_filter]: Parameter RLController.pid_kd_lin set to 0.020000
[imu_filter_madgwick_node-3] [INFO] [1770709781.164981178] [imu_filter]: Parameter RLController.pid_kp_ang set to 1.233640
[imu_filter_madgwick_node-3] [INFO] [1770709781.165049467] [imu_filter]: Parameter RLController.pid_ki_ang set to 0.000000
[imu_filter_madgwick_node-3] [INFO] [1770709781.165114333] [imu_filter]: Parameter RLController.pid_kd_ang set to 0.094781
[imu_filter_madgwick_node-3] [INFO] [1770709781.577804580] [imu_filter]: Parameter RLController.pid_kp_lin set to 1.228036
[imu_filter_madgwick_node-3] [INFO] [1770709781.578027785] [imu_filter]: Parameter RLController.pid_ki_lin set to 0.000000
[imu_filter_madgwick_node-3] [INFO] [1770709781.578116971] [imu_filter]: Parameter RLController.pid_kd_lin set to 0.020000
[imu_filter_madgwick_node-3] [INFO] [1770709781.578185964] [imu_filter]: Parameter RLController.pid_kp_ang set to 1.233640
[imu_filter_madgwick_node-3] [INFO] [1770709781.578246509] [imu_filter]: Parameter RLController.pid_ki_ang set to 0.000000
[imu_filter_madgwick_node-3] [INFO] [1770709781.578311439] [imu_filter]: Parameter RLController.pid_kd_ang set to 0.094698
[imu_filter_madgwick_node-3] [INFO] [1770709781.993773007] [imu_filter]: Parameter RLController.pid_kp_lin set to 1.228036
[imu_filter_madgwick_node-3] [INFO] [1770709781.993985779] [imu_filter]: Parameter RLController.pid_ki_lin set to 0.000000
[imu_filter_madgwick_node-3] [INFO] [1770709781.994072341] [imu_filter]: Parameter RLController.pid_kd_lin set to 0.020000
[imu_filter_madgwick_node-3] [INFO] [1770709781.994142711] [imu_filter]: Parameter RLController.pid_kp_ang set to 1.233640
[imu_filter_madgwick_node-3] [INFO] [1770709781.994201720] [imu_filter]: Parameter RLController.pid_ki_ang set to 0.000000
[imu_filter_madgwick_node-3] [INFO] [1770709781.994261721] [imu_filter]: Parameter RLController.pid_kd_ang set to 0.094613
[imu_filter_madgwick_node-3] [INFO] [1770709782.422931719] [imu_filter]: Parameter RLController.pid_kp_lin set to 1.228036
[imu_filter_madgwick_node-3] [INFO] [1770709782.425339736] [imu_filter]: Parameter RLController.pid_ki_lin set to 0.000000
[imu_filter_madgwick_node-3] [INFO] [1770709782.425645918] [imu_filter]: Parameter RLController.pid_kd_lin set to 0.020000
[imu_filter_madgwick_node-3] [INFO] [1770709782.425738080] [imu_filter]: Parameter RLController.pid_kp_ang set to 1.233640
[imu_filter_madgwick_node-3] [INFO] [1770709782.425805218] [imu_filter]: Parameter RLController.pid_ki_ang set to 0.000000
[imu_filter_madgwick_node-3] [INFO] [1770709782.425866019] [imu_filter]: Parameter RLController.pid_kd_ang set to 0.094528
[imu_filter_madgwick_node-3] [INFO] [1770709782.843369837] [imu_filter]: Parameter RLController.pid_kp_lin set to 1.228036
[imu_filter_madgwick_node-3] [INFO] [1770709782.843605554] [imu_filter]: Parameter RLController.pid_ki_lin set to 0.000000
[imu_filter_madgwick_node-3] [INFO] [1770709782.843873335] [imu_filter]: Parameter RLController.pid_kd_lin set to 0.020000
[imu_filter_madgwick_node-3] [INFO] [1770709782.843962009] [imu_filter]: Parameter RLController.pid_kp_ang set to 1.233640
[imu_filter_madgwick_node-3] [INFO] [1770709782.844023226] [imu_filter]: Parameter RLController.pid_ki_ang set to 0.000000
[imu_filter_madgwick_node-3] [INFO] [1770709782.844084123] [imu_filter]: Parameter RLController.pid_kd_ang set to 0.094442
[imu_filter_madgwick_node-3] [INFO] [1770709783.256002355] [imu_filter]: Parameter RLController.pid_kp_lin set to 1.228036
[imu_filter_madgwick_node-3] [INFO] [1770709783.256222872] [imu_filter]: Parameter RLController.pid_ki_lin set to 0.000000
[imu_filter_madgwick_node-3] [INFO] [1770709783.256299833] [imu_filter]: Parameter RLController.pid_kd_lin set to 0.020000
[imu_filter_madgwick_node-3] [INFO] [1770709783.256384123] [imu_filter]: Parameter RLController.pid_kp_ang set to 1.233640
[imu_filter_madgwick_node-3] [INFO] [1770709783.256448637] [imu_filter]: Parameter RLController.pid_ki_ang set to 0.000000
[imu_filter_madgwick_node-3] [INFO] [1770709783.256509502] [imu_filter]: Parameter RLController.pid_kd_ang set to 0.094356
[imu_filter_madgwick_node-3] [INFO] [1770709783.675951983] [imu_filter]: Parameter RLController.pid_kp_lin set to 1.228036
[imu_filter_madgwick_node-3] [INFO] [1770709783.682006923] [imu_filter]: Parameter RLController.pid_ki_lin set to 0.000000
[imu_filter_madgwick_node-3] [INFO] [1770709783.682342546] [imu_filter]: Parameter RLController.pid_kd_lin set to 0.020000
[imu_filter_madgwick_node-3] [INFO] [1770709783.682422899] [imu_filter]: Parameter RLController.pid_kp_ang set to 1.233640
[imu_filter_madgwick_node-3] [INFO] [1770709783.682480565] [imu_filter]: Parameter RLController.pid_ki_ang set to 0.000000
[imu_filter_madgwick_node-3] [INFO] [1770709783.682536278] [imu_filter]: Parameter RLController.pid_kd_ang set to 0.094270
[imu_filter_madgwick_node-3] [INFO] [1770709784.107972610] [imu_filter]: Parameter RLController.pid_kp_lin set to 1.228036
[imu_filter_madgwick_node-3] [INFO] [1770709784.113527443] [imu_filter]: Parameter RLController.pid_ki_lin set to 0.000000
[imu_filter_madgwick_node-3] [INFO] [1770709784.113715607] [imu_filter]: Parameter RLController.pid_kd_lin set to 0.020000
[imu_filter_madgwick_node-3] [INFO] [1770709784.113793529] [imu_filter]: Parameter RLController.pid_kp_ang set to 1.233640
[imu_filter_madgwick_node-3] [INFO] [1770709784.113858202] [imu_filter]: Parameter RLController.pid_ki_ang set to 0.000000
[imu_filter_madgwick_node-3] [INFO] [1770709784.113920923] [imu_filter]: Parameter RLController.pid_kd_ang set to 0.094183
[imu_filter_madgwick_node-3] [INFO] [1770709784.535067023] [imu_filter]: Parameter RLController.pid_kp_lin set to 1.228036
[imu_filter_madgwick_node-3] [INFO] [1770709784.535271508] [imu_filter]: Parameter RLController.pid_ki_lin set to 0.000000
[imu_filter_madgwick_node-3] [INFO] [1770709784.535422167] [imu_filter]: Parameter RLController.pid_kd_lin set to 0.020000
[imu_filter_madgwick_node-3] [INFO] [1770709784.535581242] [imu_filter]: Parameter RLController.pid_kp_ang set to 1.233640
[imu_filter_madgwick_node-3] [INFO] [1770709784.536905557] [imu_filter]: Parameter RLController.pid_ki_ang set to 0.000000
[imu_filter_madgwick_node-3] [INFO] [1770709784.537037368] [imu_filter]: Parameter RLController.pid_kd_ang set to 0.094096
[imu_filter_madgwick_node-3] [INFO] [1770709784.955246800] [imu_filter]: Parameter RLController.pid_kp_lin set to 1.228036
[imu_filter_madgwick_node-3] [INFO] [1770709784.955454612] [imu_filter]: Parameter RLController.pid_ki_lin set to 0.000000
[imu_filter_madgwick_node-3] [INFO] [1770709784.955549430] [imu_filter]: Parameter RLController.pid_kd_lin set to 0.020000
[imu_filter_madgwick_node-3] [INFO] [1770709784.955620344] [imu_filter]: Parameter RLController.pid_kp_ang set to 1.233640
[imu_filter_madgwick_node-3] [INFO] [1770709784.955683993] [imu_filter]: Parameter RLController.pid_ki_ang set to 0.000000
[imu_filter_madgwick_node-3] [INFO] [1770709784.955748858] [imu_filter]: Parameter RLController.pid_kd_ang set to 0.094009
[imu_filter_madgwick_node-3] [INFO] [1770709785.366450746] [imu_filter]: Parameter RLController.pid_kp_lin set to 1.228036
[imu_filter_madgwick_node-3] [INFO] [1770709785.366670974] [imu_filter]: Parameter RLController.pid_ki_lin set to 0.000000
[imu_filter_madgwick_node-3] [INFO] [1770709785.366752160] [imu_filter]: Parameter RLController.pid_kd_lin set to 0.020000
[imu_filter_madgwick_node-3] [INFO] [1770709785.366819585] [imu_filter]: Parameter RLController.pid_kp_ang set to 1.233640
[imu_filter_madgwick_node-3] [INFO] [1770709785.367006085] [imu_filter]: Parameter RLController.pid_ki_ang set to 0.000000
[imu_filter_madgwick_node-3] [INFO] [1770709785.369238002] [imu_filter]: Parameter RLController.pid_kd_ang set to 0.093921
[imu_filter_madgwick_node-3] [INFO] [1770709785.785802953] [imu_filter]: Parameter RLController.pid_kp_lin set to 1.228036
[imu_filter_madgwick_node-3] [INFO] [1770709785.786000237] [imu_filter]: Parameter RLController.pid_ki_lin set to 0.000000
[imu_filter_madgwick_node-3] [INFO] [1770709785.786080143] [imu_filter]: Parameter RLController.pid_kd_lin set to 0.020000
[imu_filter_madgwick_node-3] [INFO] [1770709785.786151216] [imu_filter]: Parameter RLController.pid_kp_ang set to 1.233640
[imu_filter_madgwick_node-3] [INFO] [1770709785.786216914] [imu_filter]: Parameter RLController.pid_ki_ang set to 0.000000
[imu_filter_madgwick_node-3] [INFO] [1770709785.786280051] [imu_filter]: Parameter RLController.pid_kd_ang set to 0.093834
[imu_filter_madgwick_node-3] [INFO] [1770709786.196969906] [imu_filter]: Parameter RLController.pid_kp_lin set to 1.228036
[imu_filter_madgwick_node-3] [INFO] [1770709786.197202551] [imu_filter]: Parameter RLController.pid_ki_lin set to 0.000000
[imu_filter_madgwick_node-3] [INFO] [1770709786.197289561] [imu_filter]: Parameter RLController.pid_kd_lin set to 0.020000
[imu_filter_madgwick_node-3] [INFO] [1770709786.202476162] [imu_filter]: Parameter RLController.pid_kp_ang set to 1.233640
[imu_filter_madgwick_node-3] [INFO] [1770709786.202675014] [imu_filter]: Parameter RLController.pid_ki_ang set to 0.000000
[imu_filter_madgwick_node-3] [INFO] [1770709786.202745704] [imu_filter]: Parameter RLController.pid_kd_ang set to 0.093746
[imu_filter_madgwick_node-3] [INFO] [1770709786.626005191] [imu_filter]: Parameter RLController.pid_kp_lin set to 1.228036
[imu_filter_madgwick_node-3] [INFO] [1770709786.626232620] [imu_filter]: Parameter RLController.pid_ki_lin set to 0.000000
[imu_filter_madgwick_node-3] [INFO] [1770709786.626319246] [imu_filter]: Parameter RLController.pid_kd_lin set to 0.020000
[imu_filter_madgwick_node-3] [INFO] [1770709786.637649109] [imu_filter]: Parameter RLController.pid_kp_ang set to 1.233640
[imu_filter_madgwick_node-3] [INFO] [1770709786.637987292] [imu_filter]: Parameter RLController.pid_ki_ang set to 0.000000
[imu_filter_madgwick_node-3] [INFO] [1770709786.638083294] [imu_filter]: Parameter RLController.pid_kd_ang set to 0.093659
[imu_filter_madgwick_node-3] [INFO] [1770709787.053275833] [imu_filter]: Parameter RLController.pid_kp_lin set to 1.228036
[imu_filter_madgwick_node-3] [INFO] [1770709787.053670945] [imu_filter]: Parameter RLController.pid_ki_lin set to 0.000000
[imu_filter_madgwick_node-3] [INFO] [1770709787.053829956] [imu_filter]: Parameter RLController.pid_kd_lin set to 0.020000
[imu_filter_madgwick_node-3] [INFO] [1770709787.053904454] [imu_filter]: Parameter RLController.pid_kp_ang set to 1.233640
[imu_filter_madgwick_node-3] [INFO] [1770709787.053969447] [imu_filter]: Parameter RLController.pid_ki_ang set to 0.000000
[imu_filter_madgwick_node-3] [INFO] [1770709787.054030504] [imu_filter]: Parameter RLController.pid_kd_ang set to 0.093571
[imu_filter_madgwick_node-3] [INFO] [1770709787.476106416] [imu_filter]: Parameter RLController.pid_kp_lin set to 1.228036
[imu_filter_madgwick_node-3] [INFO] [1770709787.476276179] [imu_filter]: Parameter RLController.pid_ki_lin set to 0.000000
[imu_filter_madgwick_node-3] [INFO] [1770709787.476348852] [imu_filter]: Parameter RLController.pid_kd_lin set to 0.020000
[imu_filter_madgwick_node-3] [INFO] [1770709787.476411926] [imu_filter]: Parameter RLController.pid_kp_ang set to 1.233640
[imu_filter_madgwick_node-3] [INFO] [1770709787.476470423] [imu_filter]: Parameter RLController.pid_ki_ang set to 0.000000
[imu_filter_madgwick_node-3] [INFO] [1770709787.476533336] [imu_filter]: Parameter RLController.pid_kd_ang set to 0.093483
[imu_filter_madgwick_node-3] [INFO] [1770709787.915007630] [imu_filter]: Parameter RLController.pid_kp_lin set to 1.228036
[imu_filter_madgwick_node-3] [INFO] [1770709787.915213427] [imu_filter]: Parameter RLController.pid_ki_lin set to 0.000000
[imu_filter_madgwick_node-3] [INFO] [1770709787.915286068] [imu_filter]: Parameter RLController.pid_kd_lin set to 0.020000
[imu_filter_madgwick_node-3] [INFO] [1770709787.915346645] [imu_filter]: Parameter RLController.pid_kp_ang set to 1.233640
[imu_filter_madgwick_node-3] [INFO] [1770709787.915406742] [imu_filter]: Parameter RLController.pid_ki_ang set to 0.000000
[imu_filter_madgwick_node-3] [INFO] [1770709787.915464696] [imu_filter]: Parameter RLController.pid_kd_ang set to 0.093396
[imu_filter_madgwick_node-3] [INFO] [1770709788.328079966] [imu_filter]: Parameter RLController.pid_kp_lin set to 1.228036
[imu_filter_madgwick_node-3] [INFO] [1770709788.328300802] [imu_filter]: Parameter RLController.pid_ki_lin set to 0.000000
[imu_filter_madgwick_node-3] [INFO] [1770709788.328377476] [imu_filter]: Parameter RLController.pid_kd_lin set to 0.020000
[imu_filter_madgwick_node-3] [INFO] [1770709788.328442021] [imu_filter]: Parameter RLController.pid_kp_ang set to 1.233640
[imu_filter_madgwick_node-3] [INFO] [1770709788.328501158] [imu_filter]: Parameter RLController.pid_ki_ang set to 0.000000
[imu_filter_madgwick_node-3] [INFO] [1770709788.328676362] [imu_filter]: Parameter RLController.pid_kd_ang set to 0.093308
[imu_filter_madgwick_node-3] [INFO] [1770709788.764484682] [imu_filter]: Parameter RLController.pid_kp_lin set to 1.228036
[imu_filter_madgwick_node-3] [INFO] [1770709788.768508476] [imu_filter]: Parameter RLController.pid_ki_lin set to 0.000000
[imu_filter_madgwick_node-3] [INFO] [1770709788.768820002] [imu_filter]: Parameter RLController.pid_kd_lin set to 0.020000
[imu_filter_madgwick_node-3] [INFO] [1770709788.768906276] [imu_filter]: Parameter RLController.pid_kp_ang set to 1.233640
[imu_filter_madgwick_node-3] [INFO] [1770709788.768970437] [imu_filter]: Parameter RLController.pid_ki_ang set to 0.000000
[imu_filter_madgwick_node-3] [INFO] [1770709788.769031975] [imu_filter]: Parameter RLController.pid_kd_ang set to 0.093220
[imu_filter_madgwick_node-3] [INFO] [1770709789.198220095] [imu_filter]: Parameter RLController.pid_kp_lin set to 1.228036
[imu_filter_madgwick_node-3] [INFO] [1770709789.198439460] [imu_filter]: Parameter RLController.pid_ki_lin set to 0.000000
[imu_filter_madgwick_node-3] [INFO] [1770709789.198515333] [imu_filter]: Parameter RLController.pid_kd_lin set to 0.020000
[imu_filter_madgwick_node-3] [INFO] [1770709789.198583462] [imu_filter]: Parameter RLController.pid_kp_ang set to 1.233640
[imu_filter_madgwick_node-3] [INFO] [1770709789.198645288] [imu_filter]: Parameter RLController.pid_ki_ang set to 0.000000
[imu_filter_madgwick_node-3] [INFO] [1770709789.198706281] [imu_filter]: Parameter RLController.pid_kd_ang set to 0.093132
[imu_filter_madgwick_node-3] [INFO] [1770709789.611983549] [imu_filter]: Parameter RLController.pid_kp_lin set to 1.228036
[imu_filter_madgwick_node-3] [INFO] [1770709789.612180993] [imu_filter]: Parameter RLController.pid_ki_lin set to 0.000000
[imu_filter_madgwick_node-3] [INFO] [1770709789.612280163] [imu_filter]: Parameter RLController.pid_kd_lin set to 0.020000
[imu_filter_madgwick_node-3] [INFO] [1770709789.612355172] [imu_filter]: Parameter RLController.pid_kp_ang set to 1.233640
[imu_filter_madgwick_node-3] [INFO] [1770709789.612419366] [imu_filter]: Parameter RLController.pid_ki_ang set to 0.000000
[imu_filter_madgwick_node-3] [INFO] [1770709789.612484839] [imu_filter]: Parameter RLController.pid_kd_ang set to 0.093045
[imu_filter_madgwick_node-3] [INFO] [1770709790.035708390] [imu_filter]: Parameter RLController.pid_kp_lin set to 1.228036
[imu_filter_madgwick_node-3] [INFO] [1770709790.035964043] [imu_filter]: Parameter RLController.pid_ki_lin set to 0.000000
[imu_filter_madgwick_node-3] [INFO] [1770709790.036059277] [imu_filter]: Parameter RLController.pid_kd_lin set to 0.020000
[imu_filter_madgwick_node-3] [INFO] [1770709790.036135086] [imu_filter]: Parameter RLController.pid_kp_ang set to 1.233640
[imu_filter_madgwick_node-3] [INFO] [1770709790.036201648] [imu_filter]: Parameter RLController.pid_ki_ang set to 0.000000
[imu_filter_madgwick_node-3] [INFO] [1770709790.036265009] [imu_filter]: Parameter RLController.pid_kd_ang set to 0.092957
[imu_filter_madgwick_node-3] [INFO] [1770709790.445641077] [imu_filter]: Parameter RLController.pid_kp_lin set to 1.228036
[imu_filter_madgwick_node-3] [INFO] [1770709790.446261090] [imu_filter]: Parameter RLController.pid_ki_lin set to 0.000000
[imu_filter_madgwick_node-3] [INFO] [1770709790.446389764] [imu_filter]: Parameter RLController.pid_kd_lin set to 0.020000
[imu_filter_madgwick_node-3] [INFO] [1770709790.446466694] [imu_filter]: Parameter RLController.pid_kp_ang set to 1.233640
[imu_filter_madgwick_node-3] [INFO] [1770709790.446533895] [imu_filter]: Parameter RLController.pid_ki_ang set to 0.000000
[imu_filter_madgwick_node-3] [INFO] [1770709790.446598185] [imu_filter]: Parameter RLController.pid_kd_ang set to 0.092869
[imu_filter_madgwick_node-3] [INFO] [1770709790.860081857] [imu_filter]: Parameter RLController.pid_kp_lin set to 1.228036
[imu_filter_madgwick_node-3] [INFO] [1770709790.860297957] [imu_filter]: Parameter RLController.pid_ki_lin set to 0.000000
[imu_filter_madgwick_node-3] [INFO] [1770709790.860372359] [imu_filter]: Parameter RLController.pid_kd_lin set to 0.020000
[imu_filter_madgwick_node-3] [INFO] [1770709790.860437128] [imu_filter]: Parameter RLController.pid_kp_ang set to 1.233640
[imu_filter_madgwick_node-3] [INFO] [1770709790.860497353] [imu_filter]: Parameter RLController.pid_ki_ang set to 0.000000
[imu_filter_madgwick_node-3] [INFO] [1770709790.860559914] [imu_filter]: Parameter RLController.pid_kd_ang set to 0.092781
[imu_filter_madgwick_node-3] [INFO] [1770709791.282585073] [imu_filter]: Parameter RLController.pid_kp_lin set to 1.228036
[imu_filter_madgwick_node-3] [INFO] [1770709791.282797109] [imu_filter]: Parameter RLController.pid_ki_lin set to 0.000000
[imu_filter_madgwick_node-3] [INFO] [1770709791.282870967] [imu_filter]: Parameter RLController.pid_kd_lin set to 0.020000
[imu_filter_madgwick_node-3] [INFO] [1770709791.282936952] [imu_filter]: Parameter RLController.pid_kp_ang set to 1.233640
[imu_filter_madgwick_node-3] [INFO] [1770709791.283003833] [imu_filter]: Parameter RLController.pid_ki_ang set to 0.000000
[imu_filter_madgwick_node-3] [INFO] [1770709791.283065723] [imu_filter]: Parameter RLController.pid_kd_ang set to 0.092693
[imu_filter_madgwick_node-3] [INFO] [1770709791.698153907] [imu_filter]: Parameter RLController.pid_kp_lin set to 1.228036
[imu_filter_madgwick_node-3] [INFO] [1770709791.698488890] [imu_filter]: Parameter RLController.pid_ki_lin set to 0.000000
[imu_filter_madgwick_node-3] [INFO] [1770709791.698587772] [imu_filter]: Parameter RLController.pid_kd_lin set to 0.020000
[imu_filter_madgwick_node-3] [INFO] [1770709791.698665118] [imu_filter]: Parameter RLController.pid_kp_ang set to 1.233640
[imu_filter_madgwick_node-3] [INFO] [1770709791.698733503] [imu_filter]: Parameter RLController.pid_ki_ang set to 0.000000
[imu_filter_madgwick_node-3] [INFO] [1770709791.698814241] [imu_filter]: Parameter RLController.pid_kd_ang set to 0.092606
[imu_filter_madgwick_node-3] [INFO] [1770709792.111045599] [imu_filter]: Parameter RLController.pid_kp_lin set to 1.228036
[imu_filter_madgwick_node-3] [INFO] [1770709792.111265444] [imu_filter]: Parameter RLController.pid_ki_lin set to 0.000000
[imu_filter_madgwick_node-3] [INFO] [1770709792.111359878] [imu_filter]: Parameter RLController.pid_kd_lin set to 0.020000
[imu_filter_madgwick_node-3] [INFO] [1770709792.111429159] [imu_filter]: Parameter RLController.pid_kp_ang set to 1.233640
[imu_filter_madgwick_node-3] [INFO] [1770709792.111491176] [imu_filter]: Parameter RLController.pid_ki_ang set to 0.000000
[imu_filter_madgwick_node-3] [INFO] [1770709792.111554666] [imu_filter]: Parameter RLController.pid_kd_ang set to 0.092518
[imu_filter_madgwick_node-3] [INFO] [1770709792.522048421] [imu_filter]: Parameter RLController.pid_kp_lin set to 1.228036
[imu_filter_madgwick_node-3] [INFO] [1770709792.522257609] [imu_filter]: Parameter RLController.pid_ki_lin set to 0.000000
[imu_filter_madgwick_node-3] [INFO] [1770709792.522333738] [imu_filter]: Parameter RLController.pid_kd_lin set to 0.020000
[imu_filter_madgwick_node-3] [INFO] [1770709792.522464237] [imu_filter]: Parameter RLController.pid_kp_ang set to 1.233640
[imu_filter_madgwick_node-3] [INFO] [1770709792.522535086] [imu_filter]: Parameter RLController.pid_ki_ang set to 0.000000
[imu_filter_madgwick_node-3] [INFO] [1770709792.522601232] [imu_filter]: Parameter RLController.pid_kd_ang set to 0.092430
[imu_filter_madgwick_node-3] [INFO] [1770709792.934024734] [imu_filter]: Parameter RLController.pid_kp_lin set to 1.228036
[imu_filter_madgwick_node-3] [INFO] [1770709792.934243458] [imu_filter]: Parameter RLController.pid_ki_lin set to 0.000000
[imu_filter_madgwick_node-3] [INFO] [1770709792.934324644] [imu_filter]: Parameter RLController.pid_kd_lin set to 0.020000
[imu_filter_madgwick_node-3] [INFO] [1770709792.934390373] [imu_filter]: Parameter RLController.pid_kp_ang set to 1.233640
[imu_filter_madgwick_node-3] [INFO] [1770709792.934453798] [imu_filter]: Parameter RLController.pid_ki_ang set to 0.000000
[imu_filter_madgwick_node-3] [INFO] [1770709792.934516520] [imu_filter]: Parameter RLController.pid_kd_ang set to 0.092342
[imu_filter_madgwick_node-3] [INFO] [1770709793.353189738] [imu_filter]: Parameter RLController.pid_kp_lin set to 1.228036
[imu_filter_madgwick_node-3] [INFO] [1770709793.353409230] [imu_filter]: Parameter RLController.pid_ki_lin set to 0.000000
[imu_filter_madgwick_node-3] [INFO] [1770709793.353541169] [imu_filter]: Parameter RLController.pid_kd_lin set to 0.020000
[imu_filter_madgwick_node-3] [INFO] [1770709793.353619410] [imu_filter]: Parameter RLController.pid_kp_ang set to 1.233640
[imu_filter_madgwick_node-3] [INFO] [1770709793.353682132] [imu_filter]: Parameter RLController.pid_ki_ang set to 0.000000
[imu_filter_madgwick_node-3] [INFO] [1770709793.353745749] [imu_filter]: Parameter RLController.pid_kd_ang set to 0.092254
[imu_filter_madgwick_node-3] [INFO] [1770709793.810476640] [imu_filter]: Parameter RLController.pid_kp_lin set to 1.228036
[imu_filter_madgwick_node-3] [INFO] [1770709793.810809767] [imu_filter]: Parameter RLController.pid_ki_lin set to 0.000000
[imu_filter_madgwick_node-3] [INFO] [1770709793.810943369] [imu_filter]: Parameter RLController.pid_kd_lin set to 0.020000
[imu_filter_madgwick_node-3] [INFO] [1770709793.811013099] [imu_filter]: Parameter RLController.pid_kp_ang set to 1.233640
[imu_filter_madgwick_node-3] [INFO] [1770709793.811074700] [imu_filter]: Parameter RLController.pid_ki_ang set to 0.000000
[imu_filter_madgwick_node-3] [INFO] [1770709793.811136333] [imu_filter]: Parameter RLController.pid_kd_ang set to 0.092167
[imu_filter_madgwick_node-3] [INFO] [1770709794.236163345] [imu_filter]: Parameter RLController.pid_kp_lin set to 1.228036
[imu_filter_madgwick_node-3] [INFO] [1770709794.236383349] [imu_filter]: Parameter RLController.pid_ki_lin set to 0.000000
[imu_filter_madgwick_node-3] [INFO] [1770709794.236468823] [imu_filter]: Parameter RLController.pid_kd_lin set to 0.020000
[imu_filter_madgwick_node-3] [INFO] [1770709794.236535096] [imu_filter]: Parameter RLController.pid_kp_ang set to 1.233640
[imu_filter_madgwick_node-3] [INFO] [1770709794.236599514] [imu_filter]: Parameter RLController.pid_ki_ang set to 0.000000
[imu_filter_madgwick_node-3] [INFO] [1770709794.236663707] [imu_filter]: Parameter RLController.pid_kd_ang set to 0.092079
[imu_filter_madgwick_node-3] [INFO] [1770709794.647022899] [imu_filter]: Parameter RLController.pid_kp_lin set to 1.228036
[imu_filter_madgwick_node-3] [INFO] [1770709794.647217431] [imu_filter]: Parameter RLController.pid_ki_lin set to 0.000000
[imu_filter_madgwick_node-3] [INFO] [1770709794.648085673] [imu_filter]: Parameter RLController.pid_kd_lin set to 0.020000
[imu_filter_madgwick_node-3] [INFO] [1770709794.648229932] [imu_filter]: Parameter RLController.pid_kp_ang set to 1.233640
[imu_filter_madgwick_node-3] [INFO] [1770709794.648300109] [imu_filter]: Parameter RLController.pid_ki_ang set to 0.000000
[imu_filter_madgwick_node-3] [INFO] [1770709794.648364783] [imu_filter]: Parameter RLController.pid_kd_ang set to 0.091991
[imu_filter_madgwick_node-3] [INFO] [1770709795.081741181] [imu_filter]: Parameter RLController.pid_kp_lin set to 1.228036
[imu_filter_madgwick_node-3] [INFO] [1770709795.081969473] [imu_filter]: Parameter RLController.pid_ki_lin set to 0.000000
[imu_filter_madgwick_node-3] [INFO] [1770709795.082152677] [imu_filter]: Parameter RLController.pid_kd_lin set to 0.020000
[imu_filter_madgwick_node-3] [INFO] [1770709795.082231047] [imu_filter]: Parameter RLController.pid_kp_ang set to 1.233640
[imu_filter_madgwick_node-3] [INFO] [1770709795.082297960] [imu_filter]: Parameter RLController.pid_ki_ang set to 0.000000
[imu_filter_madgwick_node-3] [INFO] [1770709795.082366505] [imu_filter]: Parameter RLController.pid_kd_ang set to 0.091903
[imu_filter_madgwick_node-3] [INFO] [1770709795.510614287] [imu_filter]: Parameter RLController.pid_kp_lin set to 1.228036
[imu_filter_madgwick_node-3] [INFO] [1770709795.510807123] [imu_filter]: Parameter RLController.pid_ki_lin set to 0.000000
[imu_filter_madgwick_node-3] [INFO] [1770709795.510888308] [imu_filter]: Parameter RLController.pid_kd_lin set to 0.020000
[imu_filter_madgwick_node-3] [INFO] [1770709795.510953782] [imu_filter]: Parameter RLController.pid_kp_ang set to 1.233640
[imu_filter_madgwick_node-3] [INFO] [1770709795.511014199] [imu_filter]: Parameter RLController.pid_ki_ang set to 0.000000
[imu_filter_madgwick_node-3] [INFO] [1770709795.511076312] [imu_filter]: Parameter RLController.pid_kd_ang set to 0.091815
[imu_filter_madgwick_node-3] [INFO] [1770709795.927670736] [imu_filter]: Parameter RLController.pid_kp_lin set to 1.228036
[imu_filter_madgwick_node-3] [INFO] [1770709795.927871476] [imu_filter]: Parameter RLController.pid_ki_lin set to 0.000000
[imu_filter_madgwick_node-3] [INFO] [1770709795.927952117] [imu_filter]: Parameter RLController.pid_kd_lin set to 0.020000
[imu_filter_madgwick_node-3] [INFO] [1770709795.928023063] [imu_filter]: Parameter RLController.pid_kp_ang set to 1.233640
[imu_filter_madgwick_node-3] [INFO] [1770709795.928086328] [imu_filter]: Parameter RLController.pid_ki_ang set to 0.000000
[imu_filter_madgwick_node-3] [INFO] [1770709795.928150745] [imu_filter]: Parameter RLController.pid_kd_ang set to 0.091728
[imu_filter_madgwick_node-3] [INFO] [1770709796.348922886] [imu_filter]: Parameter RLController.pid_kp_lin set to 1.228036
[imu_filter_madgwick_node-3] [INFO] [1770709796.349248237] [imu_filter]: Parameter RLController.pid_ki_lin set to 0.000000
[imu_filter_madgwick_node-3] [INFO] [1770709796.349342607] [imu_filter]: Parameter RLController.pid_kd_lin set to 0.020000
[imu_filter_madgwick_node-3] [INFO] [1770709796.349435985] [imu_filter]: Parameter RLController.pid_kp_ang set to 1.233640
[imu_filter_madgwick_node-3] [INFO] [1770709796.349532691] [imu_filter]: Parameter RLController.pid_ki_ang set to 0.000000
[imu_filter_madgwick_node-3] [INFO] [1770709796.349601908] [imu_filter]: Parameter RLController.pid_kd_ang set to 0.091640
[imu_filter_madgwick_node-3] [INFO] [1770709796.779384953] [imu_filter]: Parameter RLController.pid_kp_lin set to 1.228036
[imu_filter_madgwick_node-3] [INFO] [1770709796.779596253] [imu_filter]: Parameter RLController.pid_ki_lin set to 0.000000
[imu_filter_madgwick_node-3] [INFO] [1770709796.779689983] [imu_filter]: Parameter RLController.pid_kd_lin set to 0.020000
[imu_filter_madgwick_node-3] [INFO] [1770709796.782442743] [imu_filter]: Parameter RLController.pid_kp_ang set to 1.233640
[imu_filter_madgwick_node-3] [INFO] [1770709796.782624347] [imu_filter]: Parameter RLController.pid_ki_ang set to 0.000000
[imu_filter_madgwick_node-3] [INFO] [1770709796.782708828] [imu_filter]: Parameter RLController.pid_kd_ang set to 0.091552
[imu_filter_madgwick_node-3] [INFO] [1770709797.201015447] [imu_filter]: Parameter RLController.pid_kp_lin set to 1.228036
[imu_filter_madgwick_node-3] [INFO] [1770709797.201365406] [imu_filter]: Parameter RLController.pid_ki_lin set to 0.000000
[imu_filter_madgwick_node-3] [INFO] [1770709797.201454912] [imu_filter]: Parameter RLController.pid_kd_lin set to 0.020000
[imu_filter_madgwick_node-3] [INFO] [1770709797.201549794] [imu_filter]: Parameter RLController.pid_kp_ang set to 1.233640
[imu_filter_madgwick_node-3] [INFO] [1770709797.201617571] [imu_filter]: Parameter RLController.pid_ki_ang set to 0.000000
[imu_filter_madgwick_node-3] [INFO] [1770709797.201680612] [imu_filter]: Parameter RLController.pid_kd_ang set to 0.091464
[imu_filter_madgwick_node-3] [INFO] [1770709797.625645938] [imu_filter]: Parameter RLController.pid_kp_lin set to 1.228036
[imu_filter_madgwick_node-3] [INFO] [1770709797.625850999] [imu_filter]: Parameter RLController.pid_ki_lin set to 0.000000
[imu_filter_madgwick_node-3] [INFO] [1770709797.625923672] [imu_filter]: Parameter RLController.pid_kd_lin set to 0.020000
[imu_filter_madgwick_node-3] [INFO] [1770709797.625992793] [imu_filter]: Parameter RLController.pid_kp_ang set to 1.233640
[imu_filter_madgwick_node-3] [INFO] [1770709797.626182717] [imu_filter]: Parameter RLController.pid_ki_ang set to 0.000000
[imu_filter_madgwick_node-3] [INFO] [1770709797.626254367] [imu_filter]: Parameter RLController.pid_kd_ang set to 0.091376
[imu_filter_madgwick_node-3] [INFO] [1770709798.052989605] [imu_filter]: Parameter RLController.pid_kp_lin set to 1.228036
[imu_filter_madgwick_node-3] [INFO] [1770709798.053364717] [imu_filter]: Parameter RLController.pid_ki_lin set to 0.000000
[imu_filter_madgwick_node-3] [INFO] [1770709798.053454159] [imu_filter]: Parameter RLController.pid_kd_lin set to 0.020000
[imu_filter_madgwick_node-3] [INFO] [1770709798.053550513] [imu_filter]: Parameter RLController.pid_kp_ang set to 1.233640
[imu_filter_madgwick_node-3] [INFO] [1770709798.053617074] [imu_filter]: Parameter RLController.pid_ki_ang set to 0.000000
[imu_filter_madgwick_node-3] [INFO] [1770709798.053681587] [imu_filter]: Parameter RLController.pid_kd_ang set to 0.091289
[imu_filter_madgwick_node-3] [INFO] [1770709798.477699586] [imu_filter]: Parameter RLController.pid_kp_lin set to 1.228036
[imu_filter_madgwick_node-3] [INFO] [1770709798.478118635] [imu_filter]: Parameter RLController.pid_ki_lin set to 0.000000
[imu_filter_madgwick_node-3] [INFO] [1770709798.478231629] [imu_filter]: Parameter RLController.pid_kd_lin set to 0.020000
[imu_filter_madgwick_node-3] [INFO] [1770709798.478304655] [imu_filter]: Parameter RLController.pid_kp_ang set to 1.233640
[imu_filter_madgwick_node-3] [INFO] [1770709798.478364080] [imu_filter]: Parameter RLController.pid_ki_ang set to 0.000000
[imu_filter_madgwick_node-3] [INFO] [1770709798.478428017] [imu_filter]: Parameter RLController.pid_kd_ang set to 0.091201
[imu_filter_madgwick_node-3] [INFO] [1770709798.895396304] [imu_filter]: Parameter RLController.pid_kp_lin set to 1.228036
[imu_filter_madgwick_node-3] [INFO] [1770709798.898195529] [imu_filter]: Parameter RLController.pid_ki_lin set to 0.000000
[imu_filter_madgwick_node-3] [INFO] [1770709798.898379213] [imu_filter]: Parameter RLController.pid_kd_lin set to 0.020000
[imu_filter_madgwick_node-3] [INFO] [1770709798.898454735] [imu_filter]: Parameter RLController.pid_kp_ang set to 1.233640
[imu_filter_madgwick_node-3] [INFO] [1770709798.898518800] [imu_filter]: Parameter RLController.pid_ki_ang set to 0.000000
[imu_filter_madgwick_node-3] [INFO] [1770709798.898581425] [imu_filter]: Parameter RLController.pid_kd_ang set to 0.091113
[imu_filter_madgwick_node-3] [INFO] [1770709799.315409422] [imu_filter]: Parameter RLController.pid_kp_lin set to 1.228036
[imu_filter_madgwick_node-3] [INFO] [1770709799.315613554] [imu_filter]: Parameter RLController.pid_ki_lin set to 0.000000
[imu_filter_madgwick_node-3] [INFO] [1770709799.315687923] [imu_filter]: Parameter RLController.pid_kd_lin set to 0.020000
[imu_filter_madgwick_node-3] [INFO] [1770709799.315755445] [imu_filter]: Parameter RLController.pid_kp_ang set to 1.233640
[imu_filter_madgwick_node-3] [INFO] [1770709799.315816982] [imu_filter]: Parameter RLController.pid_ki_ang set to 0.000000
[imu_filter_madgwick_node-3] [INFO] [1770709799.315877111] [imu_filter]: Parameter RLController.pid_kd_ang set to 0.091025
[imu_filter_madgwick_node-3] [INFO] [1770709799.737765179] [imu_filter]: Parameter RLController.pid_kp_lin set to 1.228036
[imu_filter_madgwick_node-3] [INFO] [1770709799.737969343] [imu_filter]: Parameter RLController.pid_ki_lin set to 0.000000
[imu_filter_madgwick_node-3] [INFO] [1770709799.738053697] [imu_filter]: Parameter RLController.pid_kd_lin set to 0.020000
[imu_filter_madgwick_node-3] [INFO] [1770709799.738116450] [imu_filter]: Parameter RLController.pid_kp_ang set to 1.233640
[imu_filter_madgwick_node-3] [INFO] [1770709799.738174883] [imu_filter]: Parameter RLController.pid_ki_ang set to 0.000000
[imu_filter_madgwick_node-3] [INFO] [1770709799.738236932] [imu_filter]: Parameter RLController.pid_kd_ang set to 0.090937
[imu_filter_madgwick_node-3] [INFO] [1770709800.168142891] [imu_filter]: Parameter RLController.pid_kp_lin set to 1.228036
[imu_filter_madgwick_node-3] [INFO] [1770709800.168397553] [imu_filter]: Parameter RLController.pid_ki_lin set to 0.000000
[imu_filter_madgwick_node-3] [INFO] [1770709800.168488210] [imu_filter]: Parameter RLController.pid_kd_lin set to 0.020000
[imu_filter_madgwick_node-3] [INFO] [1770709800.168559988] [imu_filter]: Parameter RLController.pid_kp_ang set to 1.233640
[imu_filter_madgwick_node-3] [INFO] [1770709800.168625493] [imu_filter]: Parameter RLController.pid_ki_ang set to 0.000000
[imu_filter_madgwick_node-3] [INFO] [1770709800.168687159] [imu_filter]: Parameter RLController.pid_kd_ang set to 0.090850
[imu_filter_madgwick_node-3] [INFO] [1770709800.585320911] [imu_filter]: Parameter RLController.pid_kp_lin set to 1.228036
[imu_filter_madgwick_node-3] [INFO] [1770709800.585558132] [imu_filter]: Parameter RLController.pid_ki_lin set to 0.000000
[imu_filter_madgwick_node-3] [INFO] [1770709800.585645365] [imu_filter]: Parameter RLController.pid_kd_lin set to 0.020000
[imu_filter_madgwick_node-3] [INFO] [1770709800.585718679] [imu_filter]: Parameter RLController.pid_kp_ang set to 1.233640
[imu_filter_madgwick_node-3] [INFO] [1770709800.585784312] [imu_filter]: Parameter RLController.pid_ki_ang set to 0.000000
[imu_filter_madgwick_node-3] [INFO] [1770709800.585962908] [imu_filter]: Parameter RLController.pid_kd_ang set to 0.090762
[imu_filter_madgwick_node-3] [INFO] [1770709800.995713448] [imu_filter]: Parameter RLController.pid_kp_lin set to 1.228036
[imu_filter_madgwick_node-3] [INFO] [1770709800.999522069] [imu_filter]: Parameter RLController.pid_ki_lin set to 0.000000
[imu_filter_madgwick_node-3] [INFO] [1770709800.999706265] [imu_filter]: Parameter RLController.pid_kd_lin set to 0.020000
[imu_filter_madgwick_node-3] [INFO] [1770709800.999771610] [imu_filter]: Parameter RLController.pid_kp_ang set to 1.233640
[imu_filter_madgwick_node-3] [INFO] [1770709800.999888797] [imu_filter]: Parameter RLController.pid_ki_ang set to 0.000000
[imu_filter_madgwick_node-3] [INFO] [1770709800.999971167] [imu_filter]: Parameter RLController.pid_kd_ang set to 0.090674
[imu_filter_madgwick_node-3] [INFO] [1770709801.408501937] [imu_filter]: Parameter RLController.pid_kp_lin set to 1.228036
[imu_filter_madgwick_node-3] [INFO] [1770709801.410366936] [imu_filter]: Parameter RLController.pid_ki_lin set to 0.000000
[imu_filter_madgwick_node-3] [INFO] [1770709801.410541403] [imu_filter]: Parameter RLController.pid_kd_lin set to 0.020000
[imu_filter_madgwick_node-3] [INFO] [1770709801.410683710] [imu_filter]: Parameter RLController.pid_kp_ang set to 1.233640
[imu_filter_madgwick_node-3] [INFO] [1770709801.410748543] [imu_filter]: Parameter RLController.pid_ki_ang set to 0.000000
[imu_filter_madgwick_node-3] [INFO] [1770709801.410866178] [imu_filter]: Parameter RLController.pid_kd_ang set to 0.090586
[imu_filter_madgwick_node-3] [INFO] [1770709801.830367476] [imu_filter]: Parameter RLController.pid_kp_lin set to 1.228036
[imu_filter_madgwick_node-3] [INFO] [1770709801.830720604] [imu_filter]: Parameter RLController.pid_ki_lin set to 0.000000
[imu_filter_madgwick_node-3] [INFO] [1770709801.830809117] [imu_filter]: Parameter RLController.pid_kd_lin set to 0.020000
[imu_filter_madgwick_node-3] [INFO] [1770709801.830875999] [imu_filter]: Parameter RLController.pid_kp_ang set to 1.233640
[imu_filter_madgwick_node-3] [INFO] [1770709801.830938240] [imu_filter]: Parameter RLController.pid_ki_ang set to 0.000000
[imu_filter_madgwick_node-3] [INFO] [1770709801.830999329] [imu_filter]: Parameter RLController.pid_kd_ang set to 0.090498
[imu_filter_madgwick_node-3] [INFO] [1770709802.239002377] [imu_filter]: Parameter RLController.pid_kp_lin set to 1.228036
[imu_filter_madgwick_node-3] [INFO] [1770709802.239240782] [imu_filter]: Parameter RLController.pid_ki_lin set to 0.000000
[imu_filter_madgwick_node-3] [INFO] [1770709802.239325264] [imu_filter]: Parameter RLController.pid_kd_lin set to 0.020000
[imu_filter_madgwick_node-3] [INFO] [1770709802.241715425] [imu_filter]: Parameter RLController.pid_kp_ang set to 1.233640
[imu_filter_madgwick_node-3] [INFO] [1770709802.241883108] [imu_filter]: Parameter RLController.pid_ki_ang set to 0.000000
[imu_filter_madgwick_node-3] [INFO] [1770709802.241948582] [imu_filter]: Parameter RLController.pid_kd_ang set to 0.090410
[imu_filter_madgwick_node-3] [INFO] [1770709802.652665189] [imu_filter]: Parameter RLController.pid_kp_lin set to 1.228036
[imu_filter_madgwick_node-3] [INFO] [1770709802.652914890] [imu_filter]: Parameter RLController.pid_ki_lin set to 0.000000
[imu_filter_madgwick_node-3] [INFO] [1770709802.652994764] [imu_filter]: Parameter RLController.pid_kd_lin set to 0.020000
[imu_filter_madgwick_node-3] [INFO] [1770709802.653208944] [imu_filter]: Parameter RLController.pid_kp_ang set to 1.233640
[imu_filter_madgwick_node-3] [INFO] [1770709802.653290098] [imu_filter]: Parameter RLController.pid_ki_ang set to 0.000000
[imu_filter_madgwick_node-3] [INFO] [1770709802.653360051] [imu_filter]: Parameter RLController.pid_kd_ang set to 0.090323
[imu_filter_madgwick_node-3] [INFO] [1770709803.070852125] [imu_filter]: Parameter RLController.pid_kp_lin set to 1.228036
[imu_filter_madgwick_node-3] [INFO] [1770709803.071197860] [imu_filter]: Parameter RLController.pid_ki_lin set to 0.000000
[imu_filter_madgwick_node-3] [INFO] [1770709803.071339143] [imu_filter]: Parameter RLController.pid_kd_lin set to 0.020000
[imu_filter_madgwick_node-3] [INFO] [1770709803.071417257] [imu_filter]: Parameter RLController.pid_kp_ang set to 1.233640
[imu_filter_madgwick_node-3] [INFO] [1770709803.071483210] [imu_filter]: Parameter RLController.pid_ki_ang set to 0.000000
[imu_filter_madgwick_node-3] [INFO] [1770709803.071540811] [imu_filter]: Parameter RLController.pid_kd_ang set to 0.090235
[imu_filter_madgwick_node-3] [INFO] [1770709803.488908402] [imu_filter]: Parameter RLController.pid_kp_lin set to 1.228036
[imu_filter_madgwick_node-3] [INFO] [1770709803.489117815] [imu_filter]: Parameter RLController.pid_ki_lin set to 0.000000
[imu_filter_madgwick_node-3] [INFO] [1770709803.489196568] [imu_filter]: Parameter RLController.pid_kd_lin set to 0.020000
[imu_filter_madgwick_node-3] [INFO] [1770709803.489262234] [imu_filter]: Parameter RLController.pid_kp_ang set to 1.233640
[imu_filter_madgwick_node-3] [INFO] [1770709803.489322939] [imu_filter]: Parameter RLController.pid_ki_ang set to 0.000000
[imu_filter_madgwick_node-3] [INFO] [1770709803.489385148] [imu_filter]: Parameter RLController.pid_kd_ang set to 0.090147
[imu_filter_madgwick_node-3] [INFO] [1770709803.916094146] [imu_filter]: Parameter RLController.pid_kp_lin set to 1.228036
[imu_filter_madgwick_node-3] [INFO] [1770709803.918520276] [imu_filter]: Parameter RLController.pid_ki_lin set to 0.000000
[imu_filter_madgwick_node-3] [INFO] [1770709803.918765689] [imu_filter]: Parameter RLController.pid_kd_lin set to 0.020000
[imu_filter_madgwick_node-3] [INFO] [1770709803.918895131] [imu_filter]: Parameter RLController.pid_kp_ang set to 1.233640
[imu_filter_madgwick_node-3] [INFO] [1770709803.918973821] [imu_filter]: Parameter RLController.pid_ki_ang set to 0.000000
[imu_filter_madgwick_node-3] [INFO] [1770709803.919037758] [imu_filter]: Parameter RLController.pid_kd_ang set to 0.090059
[imu_filter_madgwick_node-3] [INFO] [1770709804.337377465] [imu_filter]: Parameter RLController.pid_kp_lin set to 1.228036
[imu_filter_madgwick_node-3] [INFO] [1770709804.337612190] [imu_filter]: Parameter RLController.pid_ki_lin set to 0.000000
[imu_filter_madgwick_node-3] [INFO] [1770709804.337692448] [imu_filter]: Parameter RLController.pid_kd_lin set to 0.020000
[imu_filter_madgwick_node-3] [INFO] [1770709804.337760865] [imu_filter]: Parameter RLController.pid_kp_ang set to 1.233640
[imu_filter_madgwick_node-3] [INFO] [1770709804.337823266] [imu_filter]: Parameter RLController.pid_ki_ang set to 0.000000
[imu_filter_madgwick_node-3] [INFO] [1770709804.337885924] [imu_filter]: Parameter RLController.pid_kd_ang set to 0.089971
[imu_filter_madgwick_node-3] [INFO] [1770709804.755100552] [imu_filter]: Parameter RLController.pid_kp_lin set to 1.228036
[imu_filter_madgwick_node-3] [INFO] [1770709804.755501520] [imu_filter]: Parameter RLController.pid_ki_lin set to 0.000000
[imu_filter_madgwick_node-3] [INFO] [1770709804.755686676] [imu_filter]: Parameter RLController.pid_kd_lin set to 0.020000
[imu_filter_madgwick_node-3] [INFO] [1770709804.755775029] [imu_filter]: Parameter RLController.pid_kp_ang set to 1.233640
[imu_filter_madgwick_node-3] [INFO] [1770709804.755851831] [imu_filter]: Parameter RLController.pid_ki_ang set to 0.000000
[imu_filter_madgwick_node-3] [INFO] [1770709804.755918328] [imu_filter]: Parameter RLController.pid_kd_ang set to 0.089884
[imu_filter_madgwick_node-3] [INFO] [1770709805.171891395] [imu_filter]: Parameter RLController.pid_kp_lin set to 1.228036
[imu_filter_madgwick_node-3] [INFO] [1770709805.172105928] [imu_filter]: Parameter RLController.pid_ki_lin set to 0.000000
[imu_filter_madgwick_node-3] [INFO] [1770709805.172428718] [imu_filter]: Parameter RLController.pid_kd_lin set to 0.020000
[imu_filter_madgwick_node-3] [INFO] [1770709805.172516080] [imu_filter]: Parameter RLController.pid_kp_ang set to 1.233640
[imu_filter_madgwick_node-3] [INFO] [1770709805.172579953] [imu_filter]: Parameter RLController.pid_ki_ang set to 0.000000
[imu_filter_madgwick_node-3] [INFO] [1770709805.172645747] [imu_filter]: Parameter RLController.pid_kd_ang set to 0.089796
[imu_filter_madgwick_node-3] [INFO] [1770709805.597216461] [imu_filter]: Parameter RLController.pid_kp_lin set to 1.228036
[imu_filter_madgwick_node-3] [INFO] [1770709805.597394480] [imu_filter]: Parameter RLController.pid_ki_lin set to 0.000000
[imu_filter_madgwick_node-3] [INFO] [1770709805.597469522] [imu_filter]: Parameter RLController.pid_kd_lin set to 0.020000
[imu_filter_madgwick_node-3] [INFO] [1770709805.597558644] [imu_filter]: Parameter RLController.pid_kp_ang set to 1.233640
[imu_filter_madgwick_node-3] [INFO] [1770709805.597623573] [imu_filter]: Parameter RLController.pid_ki_ang set to 0.000000
[imu_filter_madgwick_node-3] [INFO] [1770709805.597684342] [imu_filter]: Parameter RLController.pid_kd_ang set to 0.089708
[imu_filter_madgwick_node-3] [INFO] [1770709806.040619047] [imu_filter]: Parameter RLController.pid_kp_lin set to 1.228036
[imu_filter_madgwick_node-3] [INFO] [1770709806.040877453] [imu_filter]: Parameter RLController.pid_ki_lin set to 0.000000
[imu_filter_madgwick_node-3] [INFO] [1770709806.040991023] [imu_filter]: Parameter RLController.pid_kd_lin set to 0.020000
[imu_filter_madgwick_node-3] [INFO] [1770709806.041075921] [imu_filter]: Parameter RLController.pid_kp_ang set to 1.233640
[imu_filter_madgwick_node-3] [INFO] [1770709806.041135922] [imu_filter]: Parameter RLController.pid_ki_ang set to 0.000000
[imu_filter_madgwick_node-3] [INFO] [1770709806.041199155] [imu_filter]: Parameter RLController.pid_kd_ang set to 0.089620
[imu_filter_madgwick_node-3] [INFO] [1770709806.461225297] [imu_filter]: Parameter RLController.pid_kp_lin set to 1.228036
[imu_filter_madgwick_node-3] [INFO] [1770709806.461554680] [imu_filter]: Parameter RLController.pid_ki_lin set to 0.000000
[imu_filter_madgwick_node-3] [INFO] [1770709806.461657850] [imu_filter]: Parameter RLController.pid_kd_lin set to 0.020000
[imu_filter_madgwick_node-3] [INFO] [1770709806.461738651] [imu_filter]: Parameter RLController.pid_kp_ang set to 1.233640
[imu_filter_madgwick_node-3] [INFO] [1770709806.461807549] [imu_filter]: Parameter RLController.pid_ki_ang set to 0.000000
[imu_filter_madgwick_node-3] [INFO] [1770709806.461872862] [imu_filter]: Parameter RLController.pid_kd_ang set to 0.089532
[imu_filter_madgwick_node-3] [INFO] [1770709806.883922405] [imu_filter]: Parameter RLController.pid_kp_lin set to 1.228036
[imu_filter_madgwick_node-3] [INFO] [1770709806.884136201] [imu_filter]: Parameter RLController.pid_ki_lin set to 0.000000
[imu_filter_madgwick_node-3] [INFO] [1770709806.884656628] [imu_filter]: Parameter RLController.pid_kd_lin set to 0.020000
[imu_filter_madgwick_node-3] [INFO] [1770709806.884986939] [imu_filter]: Parameter RLController.pid_kp_ang set to 1.233640
[imu_filter_madgwick_node-3] [INFO] [1770709806.885068252] [imu_filter]: Parameter RLController.pid_ki_ang set to 0.000000
[imu_filter_madgwick_node-3] [INFO] [1770709806.885195743] [imu_filter]: Parameter RLController.pid_kd_ang set to 0.089444
[imu_filter_madgwick_node-3] [INFO] [1770709807.308618690] [imu_filter]: Parameter RLController.pid_kp_lin set to 1.228036
[imu_filter_madgwick_node-3] [INFO] [1770709807.308926440] [imu_filter]: Parameter RLController.pid_ki_lin set to 0.000000
[imu_filter_madgwick_node-3] [INFO] [1770709807.309057483] [imu_filter]: Parameter RLController.pid_kd_lin set to 0.020000
[imu_filter_madgwick_node-3] [INFO] [1770709807.309134188] [imu_filter]: Parameter RLController.pid_kp_ang set to 1.233640
[imu_filter_madgwick_node-3] [INFO] [1770709807.309243182] [imu_filter]: Parameter RLController.pid_ki_ang set to 0.000000
[imu_filter_madgwick_node-3] [INFO] [1770709807.309311312] [imu_filter]: Parameter RLController.pid_kd_ang set to 0.089357
[imu_filter_madgwick_node-3] [INFO] [1770709807.741675113] [imu_filter]: Parameter RLController.pid_kp_lin set to 1.228036
[imu_filter_madgwick_node-3] [INFO] [1770709807.741877421] [imu_filter]: Parameter RLController.pid_ki_lin set to 0.000000
[imu_filter_madgwick_node-3] [INFO] [1770709807.741950607] [imu_filter]: Parameter RLController.pid_kd_lin set to 0.020000
[imu_filter_madgwick_node-3] [INFO] [1770709807.743795412] [imu_filter]: Parameter RLController.pid_kp_ang set to 1.233640
[imu_filter_madgwick_node-3] [INFO] [1770709807.743965912] [imu_filter]: Parameter RLController.pid_ki_ang set to 0.000000
[imu_filter_madgwick_node-3] [INFO] [1770709807.744035097] [imu_filter]: Parameter RLController.pid_kd_ang set to 0.089269
[imu_filter_madgwick_node-3] [INFO] [1770709808.152813617] [imu_filter]: Parameter RLController.pid_kp_lin set to 1.228036
[imu_filter_madgwick_node-3] [INFO] [1770709808.154606262] [imu_filter]: Parameter RLController.pid_ki_lin set to 0.000000
[imu_filter_madgwick_node-3] [INFO] [1770709808.154776537] [imu_filter]: Parameter RLController.pid_kd_lin set to 0.020000
[imu_filter_madgwick_node-3] [INFO] [1770709808.154850203] [imu_filter]: Parameter RLController.pid_kp_ang set to 1.233640
[imu_filter_madgwick_node-3] [INFO] [1770709808.154910972] [imu_filter]: Parameter RLController.pid_ki_ang set to 0.000000
[imu_filter_madgwick_node-3] [INFO] [1770709808.154971517] [imu_filter]: Parameter RLController.pid_kd_ang set to 0.089181
[imu_filter_madgwick_node-3] [INFO] [1770709808.568065549] [imu_filter]: Parameter RLController.pid_kp_lin set to 1.228036
[imu_filter_madgwick_node-3] [INFO] [1770709808.568300370] [imu_filter]: Parameter RLController.pid_ki_lin set to 0.000000
[imu_filter_madgwick_node-3] [INFO] [1770709808.568379828] [imu_filter]: Parameter RLController.pid_kd_lin set to 0.020000
[imu_filter_madgwick_node-3] [INFO] [1770709808.568446933] [imu_filter]: Parameter RLController.pid_kp_ang set to 1.233640
[imu_filter_madgwick_node-3] [INFO] [1770709808.568507382] [imu_filter]: Parameter RLController.pid_ki_ang set to 0.000000
[imu_filter_madgwick_node-3] [INFO] [1770709808.568571224] [imu_filter]: Parameter RLController.pid_kd_ang set to 0.089093
[imu_filter_madgwick_node-3] [INFO] [1770709808.983940246] [imu_filter]: Parameter RLController.pid_kp_lin set to 1.228036
[imu_filter_madgwick_node-3] [INFO] [1770709808.986189636] [imu_filter]: Parameter RLController.pid_ki_lin set to 0.000000
[imu_filter_madgwick_node-3] [INFO] [1770709808.986469770] [imu_filter]: Parameter RLController.pid_kd_lin set to 0.020000
[imu_filter_madgwick_node-3] [INFO] [1770709808.986547339] [imu_filter]: Parameter RLController.pid_kp_ang set to 1.233640
[imu_filter_madgwick_node-3] [INFO] [1770709808.986612813] [imu_filter]: Parameter RLController.pid_ki_ang set to 0.000000
[imu_filter_madgwick_node-3] [INFO] [1770709808.986678094] [imu_filter]: Parameter RLController.pid_kd_ang set to 0.089005
[imu_filter_madgwick_node-3] [INFO] [1770709809.407695136] [imu_filter]: Parameter RLController.pid_kp_lin set to 1.228036
[imu_filter_madgwick_node-3] [INFO] [1770709809.409842316] [imu_filter]: Parameter RLController.pid_ki_lin set to 0.000000
[imu_filter_madgwick_node-3] [INFO] [1770709809.409943246] [imu_filter]: Parameter RLController.pid_kd_lin set to 0.020000
[imu_filter_madgwick_node-3] [INFO] [1770709809.410014447] [imu_filter]: Parameter RLController.pid_kp_ang set to 1.233640
[imu_filter_madgwick_node-3] [INFO] [1770709809.410078160] [imu_filter]: Parameter RLController.pid_ki_ang set to 0.000000
[imu_filter_madgwick_node-3] [INFO] [1770709809.410138098] [imu_filter]: Parameter RLController.pid_kd_ang set to 0.088918
[imu_filter_madgwick_node-3] [INFO] [1770709809.840968876] [imu_filter]: Parameter RLController.pid_kp_lin set to 1.228036
[imu_filter_madgwick_node-3] [INFO] [1770709809.841174192] [imu_filter]: Parameter RLController.pid_ki_lin set to 0.000000
[imu_filter_madgwick_node-3] [INFO] [1770709809.841246865] [imu_filter]: Parameter RLController.pid_kd_lin set to 0.020000
[imu_filter_madgwick_node-3] [INFO] [1770709809.841313875] [imu_filter]: Parameter RLController.pid_kp_ang set to 1.233640
[imu_filter_madgwick_node-3] [INFO] [1770709809.841522967] [imu_filter]: Parameter RLController.pid_ki_ang set to 0.000000
[imu_filter_madgwick_node-3] [INFO] [1770709809.841593080] [imu_filter]: Parameter RLController.pid_kd_ang set to 0.088830
[imu_filter_madgwick_node-3] [INFO] [1770709810.257037464] [imu_filter]: Parameter RLController.pid_kp_lin set to 1.228036
[imu_filter_madgwick_node-3] [INFO] [1770709810.257258781] [imu_filter]: Parameter RLController.pid_ki_lin set to 0.000000
[imu_filter_madgwick_node-3] [INFO] [1770709810.257339135] [imu_filter]: Parameter RLController.pid_kd_lin set to 0.020000
[imu_filter_madgwick_node-3] [INFO] [1770709810.257403744] [imu_filter]: Parameter RLController.pid_kp_ang set to 1.233640
[imu_filter_madgwick_node-3] [INFO] [1770709810.257465889] [imu_filter]: Parameter RLController.pid_ki_ang set to 0.000000
[imu_filter_madgwick_node-3] [INFO] [1770709810.257573699] [imu_filter]: Parameter RLController.pid_kd_ang set to 0.088742
[imu_filter_madgwick_node-3] [INFO] [1770709810.682171230] [imu_filter]: Parameter RLController.pid_kp_lin set to 1.228036
[imu_filter_madgwick_node-3] [INFO] [1770709810.682490245] [imu_filter]: Parameter RLController.pid_ki_lin set to 0.000000
[imu_filter_madgwick_node-3] [INFO] [1770709810.682582151] [imu_filter]: Parameter RLController.pid_kd_lin set to 0.020000
[imu_filter_madgwick_node-3] [INFO] [1770709810.682651656] [imu_filter]: Parameter RLController.pid_kp_ang set to 1.233640
[imu_filter_madgwick_node-3] [INFO] [1770709810.682783787] [imu_filter]: Parameter RLController.pid_ki_ang set to 0.000000
[imu_filter_madgwick_node-3] [INFO] [1770709810.682849100] [imu_filter]: Parameter RLController.pid_kd_ang set to 0.088654
[imu_filter_madgwick_node-3] [INFO] [1770709811.122485818] [imu_filter]: Parameter RLController.pid_kp_lin set to 1.228036
[imu_filter_madgwick_node-3] [INFO] [1770709811.122703262] [imu_filter]: Parameter RLController.pid_ki_lin set to 0.000000
[imu_filter_madgwick_node-3] [INFO] [1770709811.122777408] [imu_filter]: Parameter RLController.pid_kd_lin set to 0.020000
[imu_filter_madgwick_node-3] [INFO] [1770709811.122843297] [imu_filter]: Parameter RLController.pid_kp_ang set to 1.233640
[imu_filter_madgwick_node-3] [INFO] [1770709811.122903650] [imu_filter]: Parameter RLController.pid_ki_ang set to 0.000000
[imu_filter_madgwick_node-3] [INFO] [1770709811.122964868] [imu_filter]: Parameter RLController.pid_kd_ang set to 0.088566
[imu_filter_madgwick_node-3] [INFO] [1770709811.532295271] [imu_filter]: Parameter RLController.pid_kp_lin set to 1.228036
[imu_filter_madgwick_node-3] [INFO] [1770709811.532493707] [imu_filter]: Parameter RLController.pid_ki_lin set to 0.000000
[imu_filter_madgwick_node-3] [INFO] [1770709811.537872921] [imu_filter]: Parameter RLController.pid_kd_lin set to 0.020000
[imu_filter_madgwick_node-3] [INFO] [1770709811.538074973] [imu_filter]: Parameter RLController.pid_kp_ang set to 1.233640
[imu_filter_madgwick_node-3] [INFO] [1770709811.538290145] [imu_filter]: Parameter RLController.pid_ki_ang set to 0.000000
[imu_filter_madgwick_node-3] [INFO] [1770709811.538376515] [imu_filter]: Parameter RLController.pid_kd_ang set to 0.088479
[imu_filter_madgwick_node-3] [INFO] [1770709811.944821995] [imu_filter]: Parameter RLController.pid_kp_lin set to 1.228036
[imu_filter_madgwick_node-3] [INFO] [1770709811.945024687] [imu_filter]: Parameter RLController.pid_ki_lin set to 0.000000
[imu_filter_madgwick_node-3] [INFO] [1770709811.945103697] [imu_filter]: Parameter RLController.pid_kd_lin set to 0.020000
[imu_filter_madgwick_node-3] [INFO] [1770709811.945170098] [imu_filter]: Parameter RLController.pid_kp_ang set to 1.233640
[imu_filter_madgwick_node-3] [INFO] [1770709811.945230292] [imu_filter]: Parameter RLController.pid_ki_ang set to 0.000000
[imu_filter_madgwick_node-3] [INFO] [1770709811.945290709] [imu_filter]: Parameter RLController.pid_kd_ang set to 0.088391
[imu_filter_madgwick_node-3] [INFO] [1770709812.363775571] [imu_filter]: Parameter RLController.pid_kp_lin set to 1.228036
[imu_filter_madgwick_node-3] [INFO] [1770709812.364000887] [imu_filter]: Parameter RLController.pid_ki_lin set to 0.000000
[imu_filter_madgwick_node-3] [INFO] [1770709812.365936255] [imu_filter]: Parameter RLController.pid_kd_lin set to 0.020000
[imu_filter_madgwick_node-3] [INFO] [1770709812.366095522] [imu_filter]: Parameter RLController.pid_kp_ang set to 1.233640
[imu_filter_madgwick_node-3] [INFO] [1770709812.366165156] [imu_filter]: Parameter RLController.pid_ki_ang set to 0.000000
[imu_filter_madgwick_node-3] [INFO] [1770709812.366228389] [imu_filter]: Parameter RLController.pid_kd_ang set to 0.088303
[imu_filter_madgwick_node-3] [INFO] [1770709812.783686894] [imu_filter]: Parameter RLController.pid_kp_lin set to 1.228036
[imu_filter_madgwick_node-3] [INFO] [1770709812.783887090] [imu_filter]: Parameter RLController.pid_ki_lin set to 0.000000
[imu_filter_madgwick_node-3] [INFO] [1770709812.784159608] [imu_filter]: Parameter RLController.pid_kd_lin set to 0.020000
[imu_filter_madgwick_node-3] [INFO] [1770709812.784246329] [imu_filter]: Parameter RLController.pid_kp_ang set to 1.233640
[imu_filter_madgwick_node-3] [INFO] [1770709812.784312027] [imu_filter]: Parameter RLController.pid_ki_ang set to 0.000000
[imu_filter_madgwick_node-3] [INFO] [1770709812.784376636] [imu_filter]: Parameter RLController.pid_kd_ang set to 0.088215
[imu_filter_madgwick_node-3] [INFO] [1770709813.208872565] [imu_filter]: Parameter RLController.pid_kp_lin set to 1.228036
[imu_filter_madgwick_node-3] [INFO] [1770709813.209097369] [imu_filter]: Parameter RLController.pid_ki_lin set to 0.000000
[imu_filter_madgwick_node-3] [INFO] [1770709813.209185627] [imu_filter]: Parameter RLController.pid_kd_lin set to 0.020000
[imu_filter_madgwick_node-3] [INFO] [1770709813.209257853] [imu_filter]: Parameter RLController.pid_kp_ang set to 1.233640
[imu_filter_madgwick_node-3] [INFO] [1770709813.209320414] [imu_filter]: Parameter RLController.pid_ki_ang set to 0.000000
[imu_filter_madgwick_node-3] [INFO] [1770709813.209379423] [imu_filter]: Parameter RLController.pid_kd_ang set to 0.088127
[imu_filter_madgwick_node-3] [INFO] [1770709813.619097610] [imu_filter]: Parameter RLController.pid_kp_lin set to 1.228036
[imu_filter_madgwick_node-3] [INFO] [1770709813.619316751] [imu_filter]: Parameter RLController.pid_ki_lin set to 0.000000
[imu_filter_madgwick_node-3] [INFO] [1770709813.619424305] [imu_filter]: Parameter RLController.pid_kd_lin set to 0.020000
[imu_filter_madgwick_node-3] [INFO] [1770709813.619500978] [imu_filter]: Parameter RLController.pid_kp_ang set to 1.233640
[imu_filter_madgwick_node-3] [INFO] [1770709813.619564180] [imu_filter]: Parameter RLController.pid_ki_ang set to 0.000000
[imu_filter_madgwick_node-3] [INFO] [1770709813.619625941] [imu_filter]: Parameter RLController.pid_kd_ang set to 0.088039
[imu_filter_madgwick_node-3] [INFO] [1770709814.033691289] [imu_filter]: Parameter RLController.pid_kp_lin set to 1.228036
[imu_filter_madgwick_node-3] [INFO] [1770709814.033934590] [imu_filter]: Parameter RLController.pid_ki_lin set to 0.000000
[imu_filter_madgwick_node-3] [INFO] [1770709814.035903622] [imu_filter]: Parameter RLController.pid_kd_lin set to 0.020000
[imu_filter_madgwick_node-3] [INFO] [1770709814.036103466] [imu_filter]: Parameter RLController.pid_kp_ang set to 1.233640
[imu_filter_madgwick_node-3] [INFO] [1770709814.036183052] [imu_filter]: Parameter RLController.pid_ki_ang set to 0.000000
[imu_filter_madgwick_node-3] [INFO] [1770709814.036251213] [imu_filter]: Parameter RLController.pid_kd_ang set to 0.087952
[imu_filter_madgwick_node-3] [INFO] [1770709814.463876422] [imu_filter]: Parameter RLController.pid_kp_lin set to 1.228036
[imu_filter_madgwick_node-3] [INFO] [1770709814.464074826] [imu_filter]: Parameter RLController.pid_ki_lin set to 0.000000
[imu_filter_madgwick_node-3] [INFO] [1770709814.464149739] [imu_filter]: Parameter RLController.pid_kd_lin set to 0.020000
[imu_filter_madgwick_node-3] [INFO] [1770709814.464218733] [imu_filter]: Parameter RLController.pid_kp_ang set to 1.233640
[imu_filter_madgwick_node-3] [INFO] [1770709814.464280206] [imu_filter]: Parameter RLController.pid_ki_ang set to 0.000000
[imu_filter_madgwick_node-3] [INFO] [1770709814.464341871] [imu_filter]: Parameter RLController.pid_kd_ang set to 0.087864
[imu_filter_madgwick_node-3] [INFO] [1770709814.873312427] [imu_filter]: Parameter RLController.pid_kp_lin set to 1.228036
[imu_filter_madgwick_node-3] [INFO] [1770709814.873571664] [imu_filter]: Parameter RLController.pid_ki_lin set to 0.000000
[imu_filter_madgwick_node-3] [INFO] [1770709814.873656178] [imu_filter]: Parameter RLController.pid_kd_lin set to 0.020000
[imu_filter_madgwick_node-3] [INFO] [1770709814.873729236] [imu_filter]: Parameter RLController.pid_kp_ang set to 1.233640
[imu_filter_madgwick_node-3] [INFO] [1770709814.875394742] [imu_filter]: Parameter RLController.pid_ki_ang set to 0.000000
[imu_filter_madgwick_node-3] [INFO] [1770709814.875514168] [imu_filter]: Parameter RLController.pid_kd_ang set to 0.087776
[imu_filter_madgwick_node-3] [INFO] [1770709815.295578134] [imu_filter]: Parameter RLController.pid_kp_lin set to 1.228036
[imu_filter_madgwick_node-3] [INFO] [1770709815.295803515] [imu_filter]: Parameter RLController.pid_ki_lin set to 0.000000
[imu_filter_madgwick_node-3] [INFO] [1770709815.295885661] [imu_filter]: Parameter RLController.pid_kd_lin set to 0.020000
[imu_filter_madgwick_node-3] [INFO] [1770709815.296068352] [imu_filter]: Parameter RLController.pid_kp_ang set to 1.233640
[imu_filter_madgwick_node-3] [INFO] [1770709815.296137570] [imu_filter]: Parameter RLController.pid_ki_ang set to 0.000000
[imu_filter_madgwick_node-3] [INFO] [1770709815.296203139] [imu_filter]: Parameter RLController.pid_kd_ang set to 0.087688
[imu_filter_madgwick_node-3] [INFO] [1770709815.709089391] [imu_filter]: Parameter RLController.pid_kp_lin set to 1.228036
[imu_filter_madgwick_node-3] [INFO] [1770709815.709326196] [imu_filter]: Parameter RLController.pid_ki_lin set to 0.000000
[imu_filter_madgwick_node-3] [INFO] [1770709815.709405301] [imu_filter]: Parameter RLController.pid_kd_lin set to 0.020000
[imu_filter_madgwick_node-3] [INFO] [1770709815.709473879] [imu_filter]: Parameter RLController.pid_kp_ang set to 1.233640
[imu_filter_madgwick_node-3] [INFO] [1770709815.709577753] [imu_filter]: Parameter RLController.pid_ki_ang set to 0.000000
[imu_filter_madgwick_node-3] [INFO] [1770709815.709645562] [imu_filter]: Parameter RLController.pid_kd_ang set to 0.087600
[imu_filter_madgwick_node-3] [INFO] [1770709816.119373093] [imu_filter]: Parameter RLController.pid_kp_lin set to 1.228036
[imu_filter_madgwick_node-3] [INFO] [1770709816.119706412] [imu_filter]: Parameter RLController.pid_ki_lin set to 0.000000
[imu_filter_madgwick_node-3] [INFO] [1770709816.126228337] [imu_filter]: Parameter RLController.pid_kd_lin set to 0.020000
[imu_filter_madgwick_node-3] [INFO] [1770709816.126435478] [imu_filter]: Parameter RLController.pid_kp_ang set to 1.233640
[imu_filter_madgwick_node-3] [INFO] [1770709816.126500951] [imu_filter]: Parameter RLController.pid_ki_ang set to 0.000000
[imu_filter_madgwick_node-3] [INFO] [1770709816.128233146] [imu_filter]: Parameter RLController.pid_kd_ang set to 0.087513
[imu_filter_madgwick_node-3] [INFO] [1770709816.534113047] [imu_filter]: Parameter RLController.pid_kp_lin set to 1.228036
[imu_filter_madgwick_node-3] [INFO] [1770709816.534320123] [imu_filter]: Parameter RLController.pid_ki_lin set to 0.000000
[imu_filter_madgwick_node-3] [INFO] [1770709816.534394013] [imu_filter]: Parameter RLController.pid_kd_lin set to 0.020000
[imu_filter_madgwick_node-3] [INFO] [1770709816.534460734] [imu_filter]: Parameter RLController.pid_kp_ang set to 1.233640
[imu_filter_madgwick_node-3] [INFO] [1770709816.534526752] [imu_filter]: Parameter RLController.pid_ki_ang set to 0.000000
[imu_filter_madgwick_node-3] [INFO] [1770709816.536871727] [imu_filter]: Parameter RLController.pid_kd_ang set to 0.087425
[imu_filter_madgwick_node-3] [INFO] [1770709816.944440207] [imu_filter]: Parameter RLController.pid_kp_lin set to 1.228036
[imu_filter_madgwick_node-3] [INFO] [1770709816.944641235] [imu_filter]: Parameter RLController.pid_ki_lin set to 0.000000
[imu_filter_madgwick_node-3] [INFO] [1770709816.949957727] [imu_filter]: Parameter RLController.pid_kd_lin set to 0.020000
[imu_filter_madgwick_node-3] [INFO] [1770709816.950153603] [imu_filter]: Parameter RLController.pid_kp_ang set to 1.233640
[imu_filter_madgwick_node-3] [INFO] [1770709816.950227205] [imu_filter]: Parameter RLController.pid_ki_ang set to 0.000000
[imu_filter_madgwick_node-3] [INFO] [1770709816.950289062] [imu_filter]: Parameter RLController.pid_kd_ang set to 0.087337
[imu_filter_madgwick_node-3] [INFO] [1770709817.357472093] [imu_filter]: Parameter RLController.pid_kp_lin set to 1.228036
[imu_filter_madgwick_node-3] [INFO] [1770709817.357717634] [imu_filter]: Parameter RLController.pid_ki_lin set to 0.000000
[imu_filter_madgwick_node-3] [INFO] [1770709817.357807716] [imu_filter]: Parameter RLController.pid_kd_lin set to 0.020000
[imu_filter_madgwick_node-3] [INFO] [1770709817.360020273] [imu_filter]: Parameter RLController.pid_kp_ang set to 1.233640
[imu_filter_madgwick_node-3] [INFO] [1770709817.360210261] [imu_filter]: Parameter RLController.pid_ki_ang set to 0.000000
[imu_filter_madgwick_node-3] [INFO] [1770709817.360285367] [imu_filter]: Parameter RLController.pid_kd_ang set to 0.087249
[imu_filter_madgwick_node-3] [INFO] [1770709817.774749635] [imu_filter]: Parameter RLController.pid_kp_lin set to 1.228036
[imu_filter_madgwick_node-3] [INFO] [1770709817.774946183] [imu_filter]: Parameter RLController.pid_ki_lin set to 0.000000
[imu_filter_madgwick_node-3] [INFO] [1770709817.775033769] [imu_filter]: Parameter RLController.pid_kd_lin set to 0.020000
[imu_filter_madgwick_node-3] [INFO] [1770709817.775107338] [imu_filter]: Parameter RLController.pid_kp_ang set to 1.233640
[imu_filter_madgwick_node-3] [INFO] [1770709817.775178636] [imu_filter]: Parameter RLController.pid_ki_ang set to 0.000000
[imu_filter_madgwick_node-3] [INFO] [1770709817.775237549] [imu_filter]: Parameter RLController.pid_kd_ang set to 0.087161
[imu_filter_madgwick_node-3] [INFO] [1770709818.201036128] [imu_filter]: Parameter RLController.pid_kp_lin set to 1.228036
[imu_filter_madgwick_node-3] [INFO] [1770709818.201267813] [imu_filter]: Parameter RLController.pid_ki_lin set to 0.000000
[imu_filter_madgwick_node-3] [INFO] [1770709818.201343750] [imu_filter]: Parameter RLController.pid_kd_lin set to 0.020000
[imu_filter_madgwick_node-3] [INFO] [1770709818.201410504] [imu_filter]: Parameter RLController.pid_kp_ang set to 1.233640
[imu_filter_madgwick_node-3] [INFO] [1770709818.201471401] [imu_filter]: Parameter RLController.pid_ki_ang set to 0.000000
[imu_filter_madgwick_node-3] [INFO] [1770709818.201591019] [imu_filter]: Parameter RLController.pid_kd_ang set to 0.087073
[imu_filter_madgwick_node-3] [INFO] [1770709818.614248274] [imu_filter]: Parameter RLController.pid_kp_lin set to 1.228036
[imu_filter_madgwick_node-3] [INFO] [1770709818.614455799] [imu_filter]: Parameter RLController.pid_ki_lin set to 0.000000
[imu_filter_madgwick_node-3] [INFO] [1770709818.614541240] [imu_filter]: Parameter RLController.pid_kd_lin set to 0.020000
[imu_filter_madgwick_node-3] [INFO] [1770709818.614611162] [imu_filter]: Parameter RLController.pid_kp_ang set to 1.233640
[imu_filter_madgwick_node-3] [INFO] [1770709818.614674107] [imu_filter]: Parameter RLController.pid_ki_ang set to 0.000000
[imu_filter_madgwick_node-3] [INFO] [1770709818.614736316] [imu_filter]: Parameter RLController.pid_kd_ang set to 0.086986
[imu_filter_madgwick_node-3] [INFO] [1770709819.037533106] [imu_filter]: Parameter RLController.pid_kp_lin set to 1.228036
[imu_filter_madgwick_node-3] [INFO] [1770709819.037754103] [imu_filter]: Parameter RLController.pid_ki_lin set to 0.000000
[imu_filter_madgwick_node-3] [INFO] [1770709819.037837881] [imu_filter]: Parameter RLController.pid_kd_lin set to 0.020000
[imu_filter_madgwick_node-3] [INFO] [1770709819.038018012] [imu_filter]: Parameter RLController.pid_kp_ang set to 1.233640
[imu_filter_madgwick_node-3] [INFO] [1770709819.038083326] [imu_filter]: Parameter RLController.pid_ki_ang set to 0.000000
[imu_filter_madgwick_node-3] [INFO] [1770709819.038149887] [imu_filter]: Parameter RLController.pid_kd_ang set to 0.086898
[imu_filter_madgwick_node-3] [INFO] [1770709819.454611540] [imu_filter]: Parameter RLController.pid_kp_lin set to 1.228036
[imu_filter_madgwick_node-3] [INFO] [1770709819.454809080] [imu_filter]: Parameter RLController.pid_ki_lin set to 0.000000
[imu_filter_madgwick_node-3] [INFO] [1770709819.454892282] [imu_filter]: Parameter RLController.pid_kd_lin set to 0.020000
[imu_filter_madgwick_node-3] [INFO] [1770709819.454965211] [imu_filter]: Parameter RLController.pid_kp_ang set to 1.233640
[imu_filter_madgwick_node-3] [INFO] [1770709819.455063581] [imu_filter]: Parameter RLController.pid_ki_ang set to 0.000000
[imu_filter_madgwick_node-3] [INFO] [1770709819.455136479] [imu_filter]: Parameter RLController.pid_kd_ang set to 0.086810
[imu_filter_madgwick_node-3] [INFO] [1770709819.879659512] [imu_filter]: Parameter RLController.pid_kp_lin set to 1.228036
[imu_filter_madgwick_node-3] [INFO] [1770709819.881651393] [imu_filter]: Parameter RLController.pid_ki_lin set to 0.000000
[imu_filter_madgwick_node-3] [INFO] [1770709819.881953159] [imu_filter]: Parameter RLController.pid_kd_lin set to 0.020000
[imu_filter_madgwick_node-3] [INFO] [1770709819.882035208] [imu_filter]: Parameter RLController.pid_kp_ang set to 1.233640
[imu_filter_madgwick_node-3] [INFO] [1770709819.882101930] [imu_filter]: Parameter RLController.pid_ki_ang set to 0.000000
[imu_filter_madgwick_node-3] [INFO] [1770709819.882166571] [imu_filter]: Parameter RLController.pid_kd_ang set to 0.086722
[imu_filter_madgwick_node-3] [INFO] [1770709820.297527785] [imu_filter]: Parameter RLController.pid_kp_lin set to 1.228036
[imu_filter_madgwick_node-3] [INFO] [1770709820.297780046] [imu_filter]: Parameter RLController.pid_ki_lin set to 0.000000
[imu_filter_madgwick_node-3] [INFO] [1770709820.297865904] [imu_filter]: Parameter RLController.pid_kd_lin set to 0.020000
[imu_filter_madgwick_node-3] [INFO] [1770709820.297936018] [imu_filter]: Parameter RLController.pid_kp_ang set to 1.233640
[imu_filter_madgwick_node-3] [INFO] [1770709820.297995603] [imu_filter]: Parameter RLController.pid_ki_ang set to 0.000000
[imu_filter_madgwick_node-3] [INFO] [1770709820.298058260] [imu_filter]: Parameter RLController.pid_kd_ang set to 0.086634
[imu_filter_madgwick_node-3] [INFO] [1770709820.714614763] [imu_filter]: Parameter RLController.pid_kp_lin set to 1.228036
[imu_filter_madgwick_node-3] [INFO] [1770709820.714810351] [imu_filter]: Parameter RLController.pid_ki_lin set to 0.000000
[imu_filter_madgwick_node-3] [INFO] [1770709820.714884080] [imu_filter]: Parameter RLController.pid_kd_lin set to 0.020000
[imu_filter_madgwick_node-3] [INFO] [1770709820.714955762] [imu_filter]: Parameter RLController.pid_kp_ang set to 1.233640
[imu_filter_madgwick_node-3] [INFO] [1770709820.715017171] [imu_filter]: Parameter RLController.pid_ki_ang set to 0.000000
[imu_filter_madgwick_node-3] [INFO] [1770709820.715081044] [imu_filter]: Parameter RLController.pid_kd_ang set to 0.086547
[imu_filter_madgwick_node-3] [INFO] [1770709821.126822185] [imu_filter]: Parameter RLController.pid_kp_lin set to 1.228036
[imu_filter_madgwick_node-3] [INFO] [1770709821.133015847] [imu_filter]: Parameter RLController.pid_ki_lin set to 0.000000
[imu_filter_madgwick_node-3] [INFO] [1770709821.133224587] [imu_filter]: Parameter RLController.pid_kd_lin set to 0.020000
[imu_filter_madgwick_node-3] [INFO] [1770709821.133308333] [imu_filter]: Parameter RLController.pid_kp_ang set to 1.233640
[imu_filter_madgwick_node-3] [INFO] [1770709821.133374894] [imu_filter]: Parameter RLController.pid_ki_ang set to 0.000000
[imu_filter_madgwick_node-3] [INFO] [1770709821.133437008] [imu_filter]: Parameter RLController.pid_kd_ang set to 0.086459
[imu_filter_madgwick_node-3] [INFO] [1770709821.570327846] [imu_filter]: Parameter RLController.pid_kp_lin set to 1.228036
[imu_filter_madgwick_node-3] [INFO] [1770709821.570543402] [imu_filter]: Parameter RLController.pid_ki_lin set to 0.000000
[imu_filter_madgwick_node-3] [INFO] [1770709821.570613483] [imu_filter]: Parameter RLController.pid_kd_lin set to 0.020000
[imu_filter_madgwick_node-3] [INFO] [1770709821.570687821] [imu_filter]: Parameter RLController.pid_kp_ang set to 1.233640
[imu_filter_madgwick_node-3] [INFO] [1770709821.570757838] [imu_filter]: Parameter RLController.pid_ki_ang set to 0.000000
[imu_filter_madgwick_node-3] [INFO] [1770709821.570824592] [imu_filter]: Parameter RLController.pid_kd_ang set to 0.086371
[imu_filter_madgwick_node-3] [INFO] [1770709821.999119990] [imu_filter]: Parameter RLController.pid_kp_lin set to 1.228036
[imu_filter_madgwick_node-3] [INFO] [1770709821.999491486] [imu_filter]: Parameter RLController.pid_ki_lin set to 0.000000
[imu_filter_madgwick_node-3] [INFO] [1770709821.999609600] [imu_filter]: Parameter RLController.pid_kd_lin set to 0.020000
[imu_filter_madgwick_node-3] [INFO] [1770709821.999680673] [imu_filter]: Parameter RLController.pid_kp_ang set to 1.233640
[imu_filter_madgwick_node-3] [INFO] [1770709821.999851333] [imu_filter]: Parameter RLController.pid_ki_ang set to 0.000000
[imu_filter_madgwick_node-3] [INFO] [1770709821.999917190] [imu_filter]: Parameter RLController.pid_kd_ang set to 0.086283
[imu_filter_madgwick_node-3] [INFO] [1770709822.417436305] [imu_filter]: Parameter RLController.pid_kp_lin set to 1.228036
[imu_filter_madgwick_node-3] [INFO] [1770709822.417682134] [imu_filter]: Parameter RLController.pid_ki_lin set to 0.000000
[imu_filter_madgwick_node-3] [INFO] [1770709822.417760887] [imu_filter]: Parameter RLController.pid_kd_lin set to 0.020000
[imu_filter_madgwick_node-3] [INFO] [1770709822.417830425] [imu_filter]: Parameter RLController.pid_kp_ang set to 1.233640
[imu_filter_madgwick_node-3] [INFO] [1770709822.417892282] [imu_filter]: Parameter RLController.pid_ki_ang set to 0.000000
[imu_filter_madgwick_node-3] [INFO] [1770709822.417954875] [imu_filter]: Parameter RLController.pid_kd_ang set to 0.086195
[imu_filter_madgwick_node-3] [INFO] [1770709822.832365446] [imu_filter]: Parameter RLController.pid_kp_lin set to 1.228036
[imu_filter_madgwick_node-3] [INFO] [1770709822.832627947] [imu_filter]: Parameter RLController.pid_ki_lin set to 0.000000
[imu_filter_madgwick_node-3] [INFO] [1770709822.832719245] [imu_filter]: Parameter RLController.pid_kd_lin set to 0.020000
[imu_filter_madgwick_node-3] [INFO] [1770709822.832842128] [imu_filter]: Parameter RLController.pid_kp_ang set to 1.233640
[imu_filter_madgwick_node-3] [INFO] [1770709822.832911793] [imu_filter]: Parameter RLController.pid_ki_ang set to 0.000000
[imu_filter_madgwick_node-3] [INFO] [1770709822.833024883] [imu_filter]: Parameter RLController.pid_kd_ang set to 0.086108
[imu_filter_madgwick_node-3] [INFO] [1770709823.250689729] [imu_filter]: Parameter RLController.pid_kp_lin set to 1.228036
[imu_filter_madgwick_node-3] [INFO] [1770709823.251024712] [imu_filter]: Parameter RLController.pid_ki_lin set to 0.000000
[imu_filter_madgwick_node-3] [INFO] [1770709823.251119658] [imu_filter]: Parameter RLController.pid_kd_lin set to 0.020000
[imu_filter_madgwick_node-3] [INFO] [1770709823.251206827] [imu_filter]: Parameter RLController.pid_kp_ang set to 1.233640
[imu_filter_madgwick_node-3] [INFO] [1770709823.251274317] [imu_filter]: Parameter RLController.pid_ki_ang set to 0.000000
[imu_filter_madgwick_node-3] [INFO] [1770709823.251337102] [imu_filter]: Parameter RLController.pid_kd_ang set to 0.086020
[imu_filter_madgwick_node-3] [INFO] [1770709823.674243654] [imu_filter]: Parameter RLController.pid_kp_lin set to 1.228036
[imu_filter_madgwick_node-3] [INFO] [1770709823.674451691] [imu_filter]: Parameter RLController.pid_ki_lin set to 0.000000
[imu_filter_madgwick_node-3] [INFO] [1770709823.674601422] [imu_filter]: Parameter RLController.pid_kd_lin set to 0.020000
[imu_filter_madgwick_node-3] [INFO] [1770709823.674687887] [imu_filter]: Parameter RLController.pid_kp_ang set to 1.233640
[imu_filter_madgwick_node-3] [INFO] [1770709823.674876563] [imu_filter]: Parameter RLController.pid_ki_ang set to 0.000000
[imu_filter_madgwick_node-3] [INFO] [1770709823.674945909] [imu_filter]: Parameter RLController.pid_kd_ang set to 0.085932
[imu_filter_madgwick_node-3] [INFO] [1770709824.082265327] [imu_filter]: Parameter RLController.pid_kp_lin set to 1.228036
[imu_filter_madgwick_node-3] [INFO] [1770709824.085063912] [imu_filter]: Parameter RLController.pid_ki_lin set to 0.000000
[imu_filter_madgwick_node-3] [INFO] [1770709824.085314957] [imu_filter]: Parameter RLController.pid_kd_lin set to 0.020000
[imu_filter_madgwick_node-3] [INFO] [1770709824.085476688] [imu_filter]: Parameter RLController.pid_kp_ang set to 1.233640
[imu_filter_madgwick_node-3] [INFO] [1770709824.085706165] [imu_filter]: Parameter RLController.pid_ki_ang set to 0.000000
[imu_filter_madgwick_node-3] [INFO] [1770709824.085783159] [imu_filter]: Parameter RLController.pid_kd_ang set to 0.085844
[imu_filter_madgwick_node-3] [INFO] [1770709824.490854211] [imu_filter]: Parameter RLController.pid_kp_lin set to 1.228036
[imu_filter_madgwick_node-3] [INFO] [1770709824.491047079] [imu_filter]: Parameter RLController.pid_ki_lin set to 0.000000
[imu_filter_madgwick_node-3] [INFO] [1770709824.491116904] [imu_filter]: Parameter RLController.pid_kd_lin set to 0.020000
[imu_filter_madgwick_node-3] [INFO] [1770709824.491181226] [imu_filter]: Parameter RLController.pid_kp_ang set to 1.233640
[imu_filter_madgwick_node-3] [INFO] [1770709824.491241131] [imu_filter]: Parameter RLController.pid_ki_ang set to 0.000000
[imu_filter_madgwick_node-3] [INFO] [1770709824.491302604] [imu_filter]: Parameter RLController.pid_kd_ang set to 0.085756
[imu_filter_madgwick_node-3] [INFO] [1770709824.921706013] [imu_filter]: Parameter RLController.pid_kp_lin set to 1.228036
[imu_filter_madgwick_node-3] [INFO] [1770709824.921917762] [imu_filter]: Parameter RLController.pid_ki_lin set to 0.000000
[imu_filter_madgwick_node-3] [INFO] [1770709824.922139654] [imu_filter]: Parameter RLController.pid_kd_lin set to 0.020000
[imu_filter_madgwick_node-3] [INFO] [1770709824.922270921] [imu_filter]: Parameter RLController.pid_kp_ang set to 1.233640
[imu_filter_madgwick_node-3] [INFO] [1770709824.922359947] [imu_filter]: Parameter RLController.pid_ki_ang set to 0.000000
[imu_filter_madgwick_node-3] [INFO] [1770709824.922426764] [imu_filter]: Parameter RLController.pid_kd_ang set to 0.085669
[imu_filter_madgwick_node-3] [INFO] [1770709825.347130249] [imu_filter]: Parameter RLController.pid_kp_lin set to 1.228036
[imu_filter_madgwick_node-3] [INFO] [1770709825.347338541] [imu_filter]: Parameter RLController.pid_ki_lin set to 0.000000
[imu_filter_madgwick_node-3] [INFO] [1770709825.347409455] [imu_filter]: Parameter RLController.pid_kd_lin set to 0.020000
[imu_filter_madgwick_node-3] [INFO] [1770709825.347475536] [imu_filter]: Parameter RLController.pid_kp_ang set to 1.233640
[imu_filter_madgwick_node-3] [INFO] [1770709825.347539313] [imu_filter]: Parameter RLController.pid_ki_ang set to 0.000000
[imu_filter_madgwick_node-3] [INFO] [1770709825.347649524] [imu_filter]: Parameter RLController.pid_kd_ang set to 0.085581
[imu_filter_madgwick_node-3] [INFO] [1770709825.777322614] [imu_filter]: Parameter RLController.pid_kp_lin set to 1.228036
[imu_filter_madgwick_node-3] [INFO] [1770709825.777560507] [imu_filter]: Parameter RLController.pid_ki_lin set to 0.000000
[imu_filter_madgwick_node-3] [INFO] [1770709825.777645149] [imu_filter]: Parameter RLController.pid_kd_lin set to 0.020000
[imu_filter_madgwick_node-3] [INFO] [1770709825.777712926] [imu_filter]: Parameter RLController.pid_kp_ang set to 1.233640
[imu_filter_madgwick_node-3] [INFO] [1770709825.777776959] [imu_filter]: Parameter RLController.pid_ki_ang set to 0.000000
[imu_filter_madgwick_node-3] [INFO] [1770709825.777944099] [imu_filter]: Parameter RLController.pid_kd_ang set to 0.085493
[imu_filter_madgwick_node-3] [INFO] [1770709826.191430715] [imu_filter]: Parameter RLController.pid_kp_lin set to 1.228036
[imu_filter_madgwick_node-3] [INFO] [1770709826.191766818] [imu_filter]: Parameter RLController.pid_ki_lin set to 0.000000
[imu_filter_madgwick_node-3] [INFO] [1770709826.191878276] [imu_filter]: Parameter RLController.pid_kd_lin set to 0.020000
[imu_filter_madgwick_node-3] [INFO] [1770709826.191960134] [imu_filter]: Parameter RLController.pid_kp_ang set to 1.233640
[imu_filter_madgwick_node-3] [INFO] [1770709826.192024743] [imu_filter]: Parameter RLController.pid_ki_ang set to 0.000000
[imu_filter_madgwick_node-3] [INFO] [1770709826.192087816] [imu_filter]: Parameter RLController.pid_kd_ang set to 0.085405
[imu_filter_madgwick_node-3] [INFO] [1770709826.644833890] [imu_filter]: Parameter RLController.pid_kp_lin set to 1.228036
[imu_filter_madgwick_node-3] [INFO] [1770709826.645041542] [imu_filter]: Parameter RLController.pid_ki_lin set to 0.000000
[imu_filter_madgwick_node-3] [INFO] [1770709826.645122919] [imu_filter]: Parameter RLController.pid_kd_lin set to 0.020000
[imu_filter_madgwick_node-3] [INFO] [1770709826.645189513] [imu_filter]: Parameter RLController.pid_kp_ang set to 1.233640
[imu_filter_madgwick_node-3] [INFO] [1770709826.645248746] [imu_filter]: Parameter RLController.pid_ki_ang set to 0.000000
[imu_filter_madgwick_node-3] [INFO] [1770709826.645309355] [imu_filter]: Parameter RLController.pid_kd_ang set to 0.085317
[imu_filter_madgwick_node-3] [INFO] [1770709827.074072795] [imu_filter]: Parameter RLController.pid_kp_lin set to 1.228036
[imu_filter_madgwick_node-3] [INFO] [1770709827.074411586] [imu_filter]: Parameter RLController.pid_ki_lin set to 0.000000
[imu_filter_madgwick_node-3] [INFO] [1770709827.074510468] [imu_filter]: Parameter RLController.pid_kd_lin set to 0.020000
[imu_filter_madgwick_node-3] [INFO] [1770709827.074585926] [imu_filter]: Parameter RLController.pid_kp_ang set to 1.233640
[imu_filter_madgwick_node-3] [INFO] [1770709827.074649479] [imu_filter]: Parameter RLController.pid_ki_ang set to 0.000000
[imu_filter_madgwick_node-3] [INFO] [1770709827.074711752] [imu_filter]: Parameter RLController.pid_kd_ang set to 0.085230
[imu_filter_madgwick_node-3] [INFO] [1770709827.485471529] [imu_filter]: Parameter RLController.pid_kp_lin set to 1.228036
[imu_filter_madgwick_node-3] [INFO] [1770709827.485731758] [imu_filter]: Parameter RLController.pid_ki_lin set to 0.000000
[imu_filter_madgwick_node-3] [INFO] [1770709827.485812687] [imu_filter]: Parameter RLController.pid_kd_lin set to 0.020000
[imu_filter_madgwick_node-3] [INFO] [1770709827.485877105] [imu_filter]: Parameter RLController.pid_kp_ang set to 1.233640
[imu_filter_madgwick_node-3] [INFO] [1770709827.485938162] [imu_filter]: Parameter RLController.pid_ki_ang set to 0.000000
[imu_filter_madgwick_node-3] [INFO] [1770709827.485999347] [imu_filter]: Parameter RLController.pid_kd_ang set to 0.085142
[imu_filter_madgwick_node-3] [INFO] [1770709827.896266762] [imu_filter]: Parameter RLController.pid_kp_lin set to 1.228036
[imu_filter_madgwick_node-3] [INFO] [1770709827.896514767] [imu_filter]: Parameter RLController.pid_ki_lin set to 0.000000
[imu_filter_madgwick_node-3] [INFO] [1770709827.896589424] [imu_filter]: Parameter RLController.pid_kd_lin set to 0.020000
[imu_filter_madgwick_node-3] [INFO] [1770709827.896654194] [imu_filter]: Parameter RLController.pid_kp_ang set to 1.233640
[imu_filter_madgwick_node-3] [INFO] [1770709827.896716947] [imu_filter]: Parameter RLController.pid_ki_ang set to 0.000000
[imu_filter_madgwick_node-3] [INFO] [1770709827.896778132] [imu_filter]: Parameter RLController.pid_kd_ang set to 0.085054
[imu_filter_madgwick_node-3] [INFO] [1770709828.308179265] [imu_filter]: Parameter RLController.pid_kp_lin set to 1.228036
[imu_filter_madgwick_node-3] [INFO] [1770709828.308553801] [imu_filter]: Parameter RLController.pid_ki_lin set to 0.000000
[imu_filter_madgwick_node-3] [INFO] [1770709828.308775470] [imu_filter]: Parameter RLController.pid_kd_lin set to 0.020000
[imu_filter_madgwick_node-3] [INFO] [1770709828.308860527] [imu_filter]: Parameter RLController.pid_kp_ang set to 1.233640
[imu_filter_madgwick_node-3] [INFO] [1770709828.308931153] [imu_filter]: Parameter RLController.pid_ki_ang set to 0.000000
[imu_filter_madgwick_node-3] [INFO] [1770709828.311184735] [imu_filter]: Parameter RLController.pid_kd_ang set to 0.084966
[imu_filter_madgwick_node-3] [INFO] [1770709828.723735492] [imu_filter]: Parameter RLController.pid_kp_lin set to 1.228036
[imu_filter_madgwick_node-3] [INFO] [1770709828.723943048] [imu_filter]: Parameter RLController.pid_ki_lin set to 0.000000
[imu_filter_madgwick_node-3] [INFO] [1770709828.724025066] [imu_filter]: Parameter RLController.pid_kd_lin set to 0.020000
[imu_filter_madgwick_node-3] [INFO] [1770709828.724498387] [imu_filter]: Parameter RLController.pid_kp_ang set to 1.233640
[imu_filter_madgwick_node-3] [INFO] [1770709828.724614518] [imu_filter]: Parameter RLController.pid_ki_ang set to 0.000000
[imu_filter_madgwick_node-3] [INFO] [1770709828.724688727] [imu_filter]: Parameter RLController.pid_kd_ang set to 0.084878
[imu_filter_madgwick_node-3] [INFO] [1770709829.150416041] [imu_filter]: Parameter RLController.pid_kp_lin set to 1.228036
[imu_filter_madgwick_node-3] [INFO] [1770709829.150652494] [imu_filter]: Parameter RLController.pid_ki_lin set to 0.000000
[imu_filter_madgwick_node-3] [INFO] [1770709829.150735728] [imu_filter]: Parameter RLController.pid_kd_lin set to 0.020000
[imu_filter_madgwick_node-3] [INFO] [1770709829.151249050] [imu_filter]: Parameter RLController.pid_kp_ang set to 1.233640
[imu_filter_madgwick_node-3] [INFO] [1770709829.151351100] [imu_filter]: Parameter RLController.pid_ki_ang set to 0.000000
[imu_filter_madgwick_node-3] [INFO] [1770709829.151413693] [imu_filter]: Parameter RLController.pid_kd_ang set to 0.084791
[imu_filter_madgwick_node-3] [INFO] [1770709829.576651589] [imu_filter]: Parameter RLController.pid_kp_lin set to 1.228036
[imu_filter_madgwick_node-3] [INFO] [1770709829.576877930] [imu_filter]: Parameter RLController.pid_ki_lin set to 0.000000
[imu_filter_madgwick_node-3] [INFO] [1770709829.576948555] [imu_filter]: Parameter RLController.pid_kd_lin set to 0.020000
[imu_filter_madgwick_node-3] [INFO] [1770709829.577014349] [imu_filter]: Parameter RLController.pid_kp_ang set to 1.233640
[imu_filter_madgwick_node-3] [INFO] [1770709829.577078094] [imu_filter]: Parameter RLController.pid_ki_ang set to 0.000000
[imu_filter_madgwick_node-3] [INFO] [1770709829.577140975] [imu_filter]: Parameter RLController.pid_kd_ang set to 0.084703
[imu_filter_madgwick_node-3] [INFO] [1770709829.985451486] [imu_filter]: Parameter RLController.pid_kp_lin set to 1.228036
[imu_filter_madgwick_node-3] [INFO] [1770709829.985702723] [imu_filter]: Parameter RLController.pid_ki_lin set to 0.000000
[imu_filter_madgwick_node-3] [INFO] [1770709829.985778564] [imu_filter]: Parameter RLController.pid_kd_lin set to 0.020000
[imu_filter_madgwick_node-3] [INFO] [1770709829.985845798] [imu_filter]: Parameter RLController.pid_kp_ang set to 1.233640
[imu_filter_madgwick_node-3] [INFO] [1770709829.985906087] [imu_filter]: Parameter RLController.pid_ki_ang set to 0.000000
[imu_filter_madgwick_node-3] [INFO] [1770709829.985965320] [imu_filter]: Parameter RLController.pid_kd_ang set to 0.084615
[imu_filter_madgwick_node-3] [INFO] [1770709830.399109945] [imu_filter]: Parameter RLController.pid_kp_lin set to 1.228036
[imu_filter_madgwick_node-3] [INFO] [1770709830.400732378] [imu_filter]: Parameter RLController.pid_ki_lin set to 0.000000
[imu_filter_madgwick_node-3] [INFO] [1770709830.400904606] [imu_filter]: Parameter RLController.pid_kd_lin set to 0.020000
[imu_filter_madgwick_node-3] [INFO] [1770709830.400982207] [imu_filter]: Parameter RLController.pid_kp_ang set to 1.233640
[imu_filter_madgwick_node-3] [INFO] [1770709830.401046305] [imu_filter]: Parameter RLController.pid_ki_ang set to 0.000000
[imu_filter_madgwick_node-3] [INFO] [1770709830.401109762] [imu_filter]: Parameter RLController.pid_kd_ang set to 0.084527
[imu_filter_madgwick_node-3] [INFO] [1770709830.815125125] [imu_filter]: Parameter RLController.pid_kp_lin set to 1.228036
[imu_filter_madgwick_node-3] [INFO] [1770709830.815331849] [imu_filter]: Parameter RLController.pid_ki_lin set to 0.000000
[imu_filter_madgwick_node-3] [INFO] [1770709830.815403595] [imu_filter]: Parameter RLController.pid_kd_lin set to 0.020000
[imu_filter_madgwick_node-3] [INFO] [1770709830.815464812] [imu_filter]: Parameter RLController.pid_kp_ang set to 1.233640
[imu_filter_madgwick_node-3] [INFO] [1770709830.815522189] [imu_filter]: Parameter RLController.pid_ki_ang set to 0.000000
[imu_filter_madgwick_node-3] [INFO] [1770709830.815580366] [imu_filter]: Parameter RLController.pid_kd_ang set to 0.084439
[imu_filter_madgwick_node-3] [INFO] [1770709831.228628637] [imu_filter]: Parameter RLController.pid_kp_lin set to 1.228036
[imu_filter_madgwick_node-3] [INFO] [1770709831.228851106] [imu_filter]: Parameter RLController.pid_ki_lin set to 0.000000
[imu_filter_madgwick_node-3] [INFO] [1770709831.228974404] [imu_filter]: Parameter RLController.pid_kd_lin set to 0.020000
[imu_filter_madgwick_node-3] [INFO] [1770709831.229165864] [imu_filter]: Parameter RLController.pid_kp_ang set to 1.233640
[imu_filter_madgwick_node-3] [INFO] [1770709831.229239626] [imu_filter]: Parameter RLController.pid_ki_ang set to 0.000000
[imu_filter_madgwick_node-3] [INFO] [1770709831.235776495] [imu_filter]: Parameter RLController.pid_kd_ang set to 0.084352
[imu_filter_madgwick_node-3] [INFO] [1770709831.650323709] [imu_filter]: Parameter RLController.pid_kp_lin set to 1.228036
[imu_filter_madgwick_node-3] [INFO] [1770709831.650522625] [imu_filter]: Parameter RLController.pid_ki_lin set to 0.000000
[imu_filter_madgwick_node-3] [INFO] [1770709831.650595010] [imu_filter]: Parameter RLController.pid_kd_lin set to 0.020000
[imu_filter_madgwick_node-3] [INFO] [1770709831.650658244] [imu_filter]: Parameter RLController.pid_kp_ang set to 1.233640
[imu_filter_madgwick_node-3] [INFO] [1770709831.650716997] [imu_filter]: Parameter RLController.pid_ki_ang set to 0.000000
[imu_filter_madgwick_node-3] [INFO] [1770709831.650776518] [imu_filter]: Parameter RLController.pid_kd_ang set to 0.084264
[imu_filter_madgwick_node-3] [INFO] [1770709832.051832992] [imu_filter]: Parameter RLController.pid_kp_lin set to 1.228036
[imu_filter_madgwick_node-3] [INFO] [1770709832.052049925] [imu_filter]: Parameter RLController.pid_ki_lin set to 0.000000
[imu_filter_madgwick_node-3] [INFO] [1770709832.057252111] [imu_filter]: Parameter RLController.pid_kd_lin set to 0.020000
[imu_filter_madgwick_node-3] [INFO] [1770709832.057431475] [imu_filter]: Parameter RLController.pid_kp_ang set to 1.233640
[imu_filter_madgwick_node-3] [INFO] [1770709832.057538133] [imu_filter]: Parameter RLController.pid_ki_ang set to 0.000000
[imu_filter_madgwick_node-3] [INFO] [1770709832.057606550] [imu_filter]: Parameter RLController.pid_kd_ang set to 0.084176
[imu_filter_madgwick_node-3] [INFO] [1770709832.476036307] [imu_filter]: Parameter RLController.pid_kp_lin set to 1.228036
[imu_filter_madgwick_node-3] [INFO] [1770709832.476223191] [imu_filter]: Parameter RLController.pid_ki_lin set to 0.000000
[imu_filter_madgwick_node-3] [INFO] [1770709832.476293016] [imu_filter]: Parameter RLController.pid_kd_lin set to 0.020000
[imu_filter_madgwick_node-3] [INFO] [1770709832.477610547] [imu_filter]: Parameter RLController.pid_kp_ang set to 1.233640
[imu_filter_madgwick_node-3] [INFO] [1770709832.477875769] [imu_filter]: Parameter RLController.pid_ki_ang set to 0.000000
[imu_filter_madgwick_node-3] [INFO] [1770709832.477969563] [imu_filter]: Parameter RLController.pid_kd_ang set to 0.084088
[imu_filter_madgwick_node-3] [INFO] [1770709832.891743096] [imu_filter]: Parameter RLController.pid_kp_lin set to 1.228036
[imu_filter_madgwick_node-3] [INFO] [1770709832.891955645] [imu_filter]: Parameter RLController.pid_ki_lin set to 0.000000
[imu_filter_madgwick_node-3] [INFO] [1770709832.892032414] [imu_filter]: Parameter RLController.pid_kd_lin set to 0.020000
[imu_filter_madgwick_node-3] [INFO] [1770709832.892103488] [imu_filter]: Parameter RLController.pid_kp_ang set to 1.233640
[imu_filter_madgwick_node-3] [INFO] [1770709832.892169505] [imu_filter]: Parameter RLController.pid_ki_ang set to 0.000000
[imu_filter_madgwick_node-3] [INFO] [1770709832.892230690] [imu_filter]: Parameter RLController.pid_kd_ang set to 0.084000
[imu_filter_madgwick_node-3] [INFO] [1770709833.301777706] [imu_filter]: Parameter RLController.pid_kp_lin set to 1.228036
[imu_filter_madgwick_node-3] [INFO] [1770709833.302028655] [imu_filter]: Parameter RLController.pid_ki_lin set to 0.000000
[imu_filter_madgwick_node-3] [INFO] [1770709833.302121361] [imu_filter]: Parameter RLController.pid_kd_lin set to 0.020000
[imu_filter_madgwick_node-3] [INFO] [1770709833.302203571] [imu_filter]: Parameter RLController.pid_kp_ang set to 1.233640
[imu_filter_madgwick_node-3] [INFO] [1770709833.302278516] [imu_filter]: Parameter RLController.pid_ki_ang set to 0.000000
[imu_filter_madgwick_node-3] [INFO] [1770709833.302353078] [imu_filter]: Parameter RLController.pid_kd_ang set to 0.083913
[imu_filter_madgwick_node-3] [INFO] [1770709833.708992898] [imu_filter]: Parameter RLController.pid_kp_lin set to 1.228036
[imu_filter_madgwick_node-3] [INFO] [1770709833.710462592] [imu_filter]: Parameter RLController.pid_ki_lin set to 0.000000
[imu_filter_madgwick_node-3] [INFO] [1770709833.710643268] [imu_filter]: Parameter RLController.pid_kd_lin set to 0.020000
[imu_filter_madgwick_node-3] [INFO] [1770709833.710727525] [imu_filter]: Parameter RLController.pid_kp_ang set to 1.233640
[imu_filter_madgwick_node-3] [INFO] [1770709833.710794343] [imu_filter]: Parameter RLController.pid_ki_ang set to 0.000000
[imu_filter_madgwick_node-3] [INFO] [1770709833.710859208] [imu_filter]: Parameter RLController.pid_kd_ang set to 0.083825
[WARNING] [launch]: user interrupted with ctrl-c (SIGINT)
