[INFO] [launch]: All log files can be found below /home/world/.ros/log/2026-02-11-16-21-23-154765-world-66097
[INFO] [launch]: Default logging verbosity is set to INFO
[INFO] [livox_timestamp_offset_node-1]: process started with pid [66392]
[INFO] [camera_imu_bias_corrector_cpp-2]: process started with pid [66394]
[INFO] [imu_filter_madgwick_node-3]: process started with pid [66396]
[INFO] [lidar_deskewing-4]: process started with pid [66400]
[INFO] [static_transform_publisher-5]: process started with pid [66419]
[INFO] [static_transform_publisher-6]: process started with pid [66421]
[camera_imu_bias_corrector_cpp-2] [INFO] [1770794483.425772799] [camera_imu_bias_corrector]: IMU bias corrector started: input=/camera/camera/imu output=/camera/camera/imu_bias_corrected
[static_transform_publisher-6] [INFO] [1770794483.452824602] [camera_tf]: Spinning until stopped - publishing transform
[static_transform_publisher-6] translation: ('0.200000', '0.000000', '0.580000')
[static_transform_publisher-6] rotation: ('0.000000', '0.000000', '0.000000', '1.000000')
[static_transform_publisher-6] from 'base_link' to 'camera_link'
[imu_filter_madgwick_node-3] [INFO] [1770794483.659678473] [imu_filter]: Starting ImuFilter
[imu_filter_madgwick_node-3] [INFO] [1770794483.676447275] [imu_filter]: Using dt computed from message headers
[imu_filter_madgwick_node-3] [INFO] [1770794483.678944351] [imu_filter]: The gravity vector is kept in the IMU message.
[imu_filter_madgwick_node-3] [INFO] [1770794483.679303239] [imu_filter]: Imu filter gain set to 0.100000
[imu_filter_madgwick_node-3] [INFO] [1770794483.679349448] [imu_filter]: Gyro drift bias set to 0.000000
[imu_filter_madgwick_node-3] [INFO] [1770794483.679365320] [imu_filter]: Magnetometer bias values: 0.000000 0.000000 0.000000
[static_transform_publisher-5] [INFO] [1770794483.694785038] [livox_tf]: Spinning until stopped - publishing transform
[static_transform_publisher-5] translation: ('0.000000', '0.000000', '0.830000')
[static_transform_publisher-5] rotation: ('0.000000', '0.000000', '0.000000', '1.000000')
[static_transform_publisher-5] from 'base_link' to 'livox_frame'
[livox_timestamp_offset_node-1] [INFO] [1770794484.275165833] [livox_timestamp_offset]: input_topic=/livox/lidar output_topic=/livox/lidar/synced offset_sec=0.036
[lidar_deskewing-4] [INFO] [1770794484.949990926] [lidar_deskewing]:   fixed_frame_id:  base_link
[lidar_deskewing-4] [INFO] [1770794484.950549498] [lidar_deskewing]:   wait_for_transform:  0.200000s
[lidar_deskewing-4] [INFO] [1770794484.950601659] [lidar_deskewing]:   slerp:  true
[lidar_deskewing-4] [WARN] [1770794485.872453151] [lidar_deskewing]: deskewing failed! returning possible skewed cloud!
[camera_imu_bias_corrector_cpp-2] [INFO] [1770794489.667323147] [camera_imu_bias_corrector]: Calibrating IMU bias... keep robot still.
[imu_filter_madgwick_node-3] [INFO] [1770794489.668051578] [imu_filter]: First IMU message received.
[camera_imu_bias_corrector_cpp-2] [INFO] [1770794495.460022611] [camera_imu_bias_corrector]: IMU bias calibrated: x=-0.001110 y=0.001749 z=-0.004759
[imu_filter_madgwick_node-3] [INFO] [1770794505.150412226] [imu_filter]: Parameter RLController.pid_kp_lin set to 1.200000
[imu_filter_madgwick_node-3] [INFO] [1770794505.154623707] [imu_filter]: Parameter RLController.pid_ki_lin set to 0.000000
[imu_filter_madgwick_node-3] [INFO] [1770794505.155744723] [imu_filter]: Parameter RLController.pid_kd_lin set to 0.030000
[imu_filter_madgwick_node-3] [INFO] [1770794505.159922763] [imu_filter]: Parameter RLController.pid_kp_ang set to 1.230000
[imu_filter_madgwick_node-3] [INFO] [1770794505.167402409] [imu_filter]: Parameter RLController.pid_ki_ang set to 0.000000
[imu_filter_madgwick_node-3] [INFO] [1770794505.167813874] [imu_filter]: Parameter RLController.pid_kd_ang set to 0.100000
[imu_filter_madgwick_node-3] [INFO] [1770794520.986133677] [imu_filter]: Parameter RLController.pid_kp_lin set to 1.200210
[imu_filter_madgwick_node-3] [INFO] [1770794520.986365970] [imu_filter]: Parameter RLController.pid_ki_lin set to 0.000000
[imu_filter_madgwick_node-3] [INFO] [1770794520.986440948] [imu_filter]: Parameter RLController.pid_kd_lin set to 0.029931
[imu_filter_madgwick_node-3] [INFO] [1770794520.986504149] [imu_filter]: Parameter RLController.pid_kp_ang set to 1.230000
[imu_filter_madgwick_node-3] [INFO] [1770794520.986581495] [imu_filter]: Parameter RLController.pid_ki_ang set to 0.000000
[imu_filter_madgwick_node-3] [INFO] [1770794520.987218916] [imu_filter]: Parameter RLController.pid_kd_ang set to 0.099946
[imu_filter_madgwick_node-3] [INFO] [1770794521.427280846] [imu_filter]: Parameter RLController.pid_kp_lin set to 1.200210
[imu_filter_madgwick_node-3] [INFO] [1770794521.427652342] [imu_filter]: Parameter RLController.pid_ki_lin set to 0.000000
[imu_filter_madgwick_node-3] [INFO] [1770794521.427775224] [imu_filter]: Parameter RLController.pid_kd_lin set to 0.029931
[imu_filter_madgwick_node-3] [INFO] [1770794521.427846650] [imu_filter]: Parameter RLController.pid_kp_ang set to 1.230000
[imu_filter_madgwick_node-3] [INFO] [1770794521.427906779] [imu_filter]: Parameter RLController.pid_ki_ang set to 0.000000
[imu_filter_madgwick_node-3] [INFO] [1770794521.427962460] [imu_filter]: Parameter RLController.pid_kd_ang set to 0.099869
[imu_filter_madgwick_node-3] [INFO] [1770794521.844209327] [imu_filter]: Parameter RLController.pid_kp_lin set to 1.200210
[imu_filter_madgwick_node-3] [INFO] [1770794521.844400051] [imu_filter]: Parameter RLController.pid_ki_lin set to 0.000000
[imu_filter_madgwick_node-3] [INFO] [1770794521.844467444] [imu_filter]: Parameter RLController.pid_kd_lin set to 0.029931
[imu_filter_madgwick_node-3] [INFO] [1770794521.844527734] [imu_filter]: Parameter RLController.pid_kp_ang set to 1.230000
[imu_filter_madgwick_node-3] [INFO] [1770794521.844581815] [imu_filter]: Parameter RLController.pid_ki_ang set to 0.000000
[imu_filter_madgwick_node-3] [INFO] [1770794521.844634328] [imu_filter]: Parameter RLController.pid_kd_ang set to 0.099806
[imu_filter_madgwick_node-3] [INFO] [1770794522.264723260] [imu_filter]: Parameter RLController.pid_kp_lin set to 1.200210
[imu_filter_madgwick_node-3] [INFO] [1770794522.265069507] [imu_filter]: Parameter RLController.pid_ki_lin set to 0.000000
[imu_filter_madgwick_node-3] [INFO] [1770794522.265151109] [imu_filter]: Parameter RLController.pid_kd_lin set to 0.029931
[imu_filter_madgwick_node-3] [INFO] [1770794522.265213798] [imu_filter]: Parameter RLController.pid_kp_ang set to 1.230000
[imu_filter_madgwick_node-3] [INFO] [1770794522.265269831] [imu_filter]: Parameter RLController.pid_ki_ang set to 0.000000
[imu_filter_madgwick_node-3] [INFO] [1770794522.265325448] [imu_filter]: Parameter RLController.pid_kd_ang set to 0.099753
[imu_filter_madgwick_node-3] [INFO] [1770794522.713121973] [imu_filter]: Parameter RLController.pid_kp_lin set to 1.200210
[imu_filter_madgwick_node-3] [INFO] [1770794522.713318969] [imu_filter]: Parameter RLController.pid_ki_lin set to 0.000000
[imu_filter_madgwick_node-3] [INFO] [1770794522.713556414] [imu_filter]: Parameter RLController.pid_kd_lin set to 0.029931
[imu_filter_madgwick_node-3] [INFO] [1770794522.713638912] [imu_filter]: Parameter RLController.pid_kp_ang set to 1.230000
[imu_filter_madgwick_node-3] [INFO] [1770794522.713705762] [imu_filter]: Parameter RLController.pid_ki_ang set to 0.000000
[imu_filter_madgwick_node-3] [INFO] [1770794522.713791395] [imu_filter]: Parameter RLController.pid_kd_ang set to 0.099753
[imu_filter_madgwick_node-3] [INFO] [1770794523.120826196] [imu_filter]: Parameter RLController.pid_kp_lin set to 1.200210
[imu_filter_madgwick_node-3] [INFO] [1770794523.121155227] [imu_filter]: Parameter RLController.pid_ki_lin set to 0.000000
[imu_filter_madgwick_node-3] [INFO] [1770794523.121431680] [imu_filter]: Parameter RLController.pid_kd_lin set to 0.029931
[imu_filter_madgwick_node-3] [INFO] [1770794523.121518402] [imu_filter]: Parameter RLController.pid_kp_ang set to 1.230000
[imu_filter_madgwick_node-3] [INFO] [1770794523.121579044] [imu_filter]: Parameter RLController.pid_ki_ang set to 0.000000
[imu_filter_madgwick_node-3] [INFO] [1770794523.121634789] [imu_filter]: Parameter RLController.pid_kd_ang set to 0.099753
[imu_filter_madgwick_node-3] [INFO] [1770794523.541958893] [imu_filter]: Parameter RLController.pid_kp_lin set to 1.200210
[imu_filter_madgwick_node-3] [INFO] [1770794523.542314197] [imu_filter]: Parameter RLController.pid_ki_lin set to 0.000000
[imu_filter_madgwick_node-3] [INFO] [1770794523.542411831] [imu_filter]: Parameter RLController.pid_kd_lin set to 0.029931
[imu_filter_madgwick_node-3] [INFO] [1770794523.542476248] [imu_filter]: Parameter RLController.pid_kp_ang set to 1.230000
[imu_filter_madgwick_node-3] [INFO] [1770794523.542539546] [imu_filter]: Parameter RLController.pid_ki_ang set to 0.000000
[imu_filter_madgwick_node-3] [INFO] [1770794523.542598427] [imu_filter]: Parameter RLController.pid_kd_ang set to 0.099753
[imu_filter_madgwick_node-3] [INFO] [1770794523.972736019] [imu_filter]: Parameter RLController.pid_kp_lin set to 1.200210
[imu_filter_madgwick_node-3] [INFO] [1770794523.972931287] [imu_filter]: Parameter RLController.pid_ki_lin set to 0.000000
[imu_filter_madgwick_node-3] [INFO] [1770794523.973000409] [imu_filter]: Parameter RLController.pid_kd_lin set to 0.029931
[imu_filter_madgwick_node-3] [INFO] [1770794523.973064986] [imu_filter]: Parameter RLController.pid_kp_ang set to 1.230000
[imu_filter_madgwick_node-3] [INFO] [1770794523.973119803] [imu_filter]: Parameter RLController.pid_ki_ang set to 0.000000
[imu_filter_madgwick_node-3] [INFO] [1770794523.973172028] [imu_filter]: Parameter RLController.pid_kd_ang set to 0.099753
[imu_filter_madgwick_node-3] [INFO] [1770794524.396989743] [imu_filter]: Parameter RLController.pid_kp_lin set to 1.200210
[imu_filter_madgwick_node-3] [INFO] [1770794524.397209331] [imu_filter]: Parameter RLController.pid_ki_lin set to 0.000000
[imu_filter_madgwick_node-3] [INFO] [1770794524.397408760] [imu_filter]: Parameter RLController.pid_kd_lin set to 0.029931
[imu_filter_madgwick_node-3] [INFO] [1770794524.397479225] [imu_filter]: Parameter RLController.pid_kp_ang set to 1.230000
[imu_filter_madgwick_node-3] [INFO] [1770794524.397536890] [imu_filter]: Parameter RLController.pid_ki_ang set to 0.000000
[imu_filter_madgwick_node-3] [INFO] [1770794524.397591867] [imu_filter]: Parameter RLController.pid_kd_ang set to 0.099753
[imu_filter_madgwick_node-3] [INFO] [1770794524.814641247] [imu_filter]: Parameter RLController.pid_kp_lin set to 1.200210
[imu_filter_madgwick_node-3] [INFO] [1770794524.814845763] [imu_filter]: Parameter RLController.pid_ki_lin set to 0.000000
[imu_filter_madgwick_node-3] [INFO] [1770794524.814929253] [imu_filter]: Parameter RLController.pid_kd_lin set to 0.029931
[imu_filter_madgwick_node-3] [INFO] [1770794524.814990182] [imu_filter]: Parameter RLController.pid_kp_ang set to 1.230000
[imu_filter_madgwick_node-3] [INFO] [1770794524.815044552] [imu_filter]: Parameter RLController.pid_ki_ang set to 0.000000
[imu_filter_madgwick_node-3] [INFO] [1770794524.815098153] [imu_filter]: Parameter RLController.pid_kd_ang set to 0.099753
[imu_filter_madgwick_node-3] [INFO] [1770794525.242343492] [imu_filter]: Parameter RLController.pid_kp_lin set to 1.200210
[imu_filter_madgwick_node-3] [INFO] [1770794525.242561704] [imu_filter]: Parameter RLController.pid_ki_lin set to 0.000000
[imu_filter_madgwick_node-3] [INFO] [1770794525.242728844] [imu_filter]: Parameter RLController.pid_kd_lin set to 0.029931
[imu_filter_madgwick_node-3] [INFO] [1770794525.242798125] [imu_filter]: Parameter RLController.pid_kp_ang set to 1.230000
[imu_filter_madgwick_node-3] [INFO] [1770794525.242857519] [imu_filter]: Parameter RLController.pid_ki_ang set to 0.000000
[imu_filter_madgwick_node-3] [INFO] [1770794525.242910960] [imu_filter]: Parameter RLController.pid_kd_ang set to 0.099753
[imu_filter_madgwick_node-3] [INFO] [1770794525.700096835] [imu_filter]: Parameter RLController.pid_kp_lin set to 1.200210
[imu_filter_madgwick_node-3] [INFO] [1770794525.700278374] [imu_filter]: Parameter RLController.pid_ki_lin set to 0.000000
[imu_filter_madgwick_node-3] [INFO] [1770794525.700356040] [imu_filter]: Parameter RLController.pid_kd_lin set to 0.029931
[imu_filter_madgwick_node-3] [INFO] [1770794525.700427370] [imu_filter]: Parameter RLController.pid_kp_ang set to 1.230000
[imu_filter_madgwick_node-3] [INFO] [1770794525.700485227] [imu_filter]: Parameter RLController.pid_ki_ang set to 0.000000
[imu_filter_madgwick_node-3] [INFO] [1770794525.700562700] [imu_filter]: Parameter RLController.pid_kd_ang set to 0.099753
[imu_filter_madgwick_node-3] [INFO] [1770794526.110143666] [imu_filter]: Parameter RLController.pid_kp_lin set to 1.199960
[imu_filter_madgwick_node-3] [INFO] [1770794526.110363639] [imu_filter]: Parameter RLController.pid_ki_lin set to 0.000000
[imu_filter_madgwick_node-3] [INFO] [1770794526.110432473] [imu_filter]: Parameter RLController.pid_kd_lin set to 0.029931
[imu_filter_madgwick_node-3] [INFO] [1770794526.110492442] [imu_filter]: Parameter RLController.pid_kp_ang set to 1.230373
[imu_filter_madgwick_node-3] [INFO] [1770794526.110647197] [imu_filter]: Parameter RLController.pid_ki_ang set to 0.000000
[imu_filter_madgwick_node-3] [INFO] [1770794526.110704414] [imu_filter]: Parameter RLController.pid_kd_ang set to 0.099671
[imu_filter_madgwick_node-3] [INFO] [1770794526.523968466] [imu_filter]: Parameter RLController.pid_kp_lin set to 1.199960
[imu_filter_madgwick_node-3] [INFO] [1770794526.524171638] [imu_filter]: Parameter RLController.pid_ki_lin set to 0.000000
[imu_filter_madgwick_node-3] [INFO] [1770794526.524243896] [imu_filter]: Parameter RLController.pid_kd_lin set to 0.029931
[imu_filter_madgwick_node-3] [INFO] [1770794526.524305305] [imu_filter]: Parameter RLController.pid_kp_ang set to 1.230373
[imu_filter_madgwick_node-3] [INFO] [1770794526.524361210] [imu_filter]: Parameter RLController.pid_ki_ang set to 0.000000
[imu_filter_madgwick_node-3] [INFO] [1770794526.524418172] [imu_filter]: Parameter RLController.pid_kd_ang set to 0.099620
[imu_filter_madgwick_node-3] [INFO] [1770794526.936715387] [imu_filter]: Parameter RLController.pid_kp_lin set to 1.199960
[imu_filter_madgwick_node-3] [INFO] [1770794526.937069858] [imu_filter]: Parameter RLController.pid_ki_lin set to 0.000000
[imu_filter_madgwick_node-3] [INFO] [1770794526.937143204] [imu_filter]: Parameter RLController.pid_kd_lin set to 0.029931
[imu_filter_madgwick_node-3] [INFO] [1770794526.937205861] [imu_filter]: Parameter RLController.pid_kp_ang set to 1.230373
[imu_filter_madgwick_node-3] [INFO] [1770794526.937262406] [imu_filter]: Parameter RLController.pid_ki_ang set to 0.000000
[imu_filter_madgwick_node-3] [INFO] [1770794526.937316552] [imu_filter]: Parameter RLController.pid_kd_ang set to 0.099620
[imu_filter_madgwick_node-3] [INFO] [1770794527.346507717] [imu_filter]: Parameter RLController.pid_kp_lin set to 1.199960
[imu_filter_madgwick_node-3] [INFO] [1770794527.346727818] [imu_filter]: Parameter RLController.pid_ki_lin set to 0.000000
[imu_filter_madgwick_node-3] [INFO] [1770794527.346807116] [imu_filter]: Parameter RLController.pid_kd_lin set to 0.029931
[imu_filter_madgwick_node-3] [INFO] [1770794527.346869773] [imu_filter]: Parameter RLController.pid_kp_ang set to 1.230373
[imu_filter_madgwick_node-3] [INFO] [1770794527.346953231] [imu_filter]: Parameter RLController.pid_ki_ang set to 0.000000
[imu_filter_madgwick_node-3] [INFO] [1770794527.347082994] [imu_filter]: Parameter RLController.pid_kd_ang set to 0.099620
[imu_filter_madgwick_node-3] [INFO] [1770794527.770343544] [imu_filter]: Parameter RLController.pid_kp_lin set to 1.199960
[imu_filter_madgwick_node-3] [INFO] [1770794527.770542909] [imu_filter]: Parameter RLController.pid_ki_lin set to 0.000000
[imu_filter_madgwick_node-3] [INFO] [1770794527.770612702] [imu_filter]: Parameter RLController.pid_kd_lin set to 0.029931
[imu_filter_madgwick_node-3] [INFO] [1770794527.770672895] [imu_filter]: Parameter RLController.pid_kp_ang set to 1.230373
[imu_filter_madgwick_node-3] [INFO] [1770794527.770727424] [imu_filter]: Parameter RLController.pid_ki_ang set to 0.000000
[imu_filter_madgwick_node-3] [INFO] [1770794527.770795106] [imu_filter]: Parameter RLController.pid_kd_ang set to 0.099620
[imu_filter_madgwick_node-3] [INFO] [1770794528.183022496] [imu_filter]: Parameter RLController.pid_kp_lin set to 1.199960
[imu_filter_madgwick_node-3] [INFO] [1770794528.183229668] [imu_filter]: Parameter RLController.pid_ki_lin set to 0.000000
[imu_filter_madgwick_node-3] [INFO] [1770794528.183297286] [imu_filter]: Parameter RLController.pid_kd_lin set to 0.029931
[imu_filter_madgwick_node-3] [INFO] [1770794528.183358023] [imu_filter]: Parameter RLController.pid_kp_ang set to 1.230373
[imu_filter_madgwick_node-3] [INFO] [1770794528.183414888] [imu_filter]: Parameter RLController.pid_ki_ang set to 0.000000
[imu_filter_madgwick_node-3] [INFO] [1770794528.183468809] [imu_filter]: Parameter RLController.pid_kd_ang set to 0.099572
[imu_filter_madgwick_node-3] [INFO] [1770794528.598120666] [imu_filter]: Parameter RLController.pid_kp_lin set to 1.199960
[imu_filter_madgwick_node-3] [INFO] [1770794528.600550734] [imu_filter]: Parameter RLController.pid_ki_lin set to 0.000000
[imu_filter_madgwick_node-3] [INFO] [1770794528.600731377] [imu_filter]: Parameter RLController.pid_kd_lin set to 0.029931
[imu_filter_madgwick_node-3] [INFO] [1770794528.600805555] [imu_filter]: Parameter RLController.pid_kp_ang set to 1.230373
[imu_filter_madgwick_node-3] [INFO] [1770794528.600864212] [imu_filter]: Parameter RLController.pid_ki_ang set to 0.000000
[imu_filter_madgwick_node-3] [INFO] [1770794528.600918741] [imu_filter]: Parameter RLController.pid_kd_ang set to 0.099514
[imu_filter_madgwick_node-3] [INFO] [1770794529.031888159] [imu_filter]: Parameter RLController.pid_kp_lin set to 1.199960
[imu_filter_madgwick_node-3] [INFO] [1770794529.034935775] [imu_filter]: Parameter RLController.pid_ki_lin set to 0.000000
[imu_filter_madgwick_node-3] [INFO] [1770794529.035120003] [imu_filter]: Parameter RLController.pid_kd_lin set to 0.029931
[imu_filter_madgwick_node-3] [INFO] [1770794529.035223013] [imu_filter]: Parameter RLController.pid_kp_ang set to 1.230373
[imu_filter_madgwick_node-3] [INFO] [1770794529.037186895] [imu_filter]: Parameter RLController.pid_ki_ang set to 0.000000
[imu_filter_madgwick_node-3] [INFO] [1770794529.040655416] [imu_filter]: Parameter RLController.pid_kd_ang set to 0.099449
[imu_filter_madgwick_node-3] [INFO] [1770794529.450541508] [imu_filter]: Parameter RLController.pid_kp_lin set to 1.199960
[imu_filter_madgwick_node-3] [INFO] [1770794529.450862283] [imu_filter]: Parameter RLController.pid_ki_lin set to 0.000000
[imu_filter_madgwick_node-3] [INFO] [1770794529.450940749] [imu_filter]: Parameter RLController.pid_kd_lin set to 0.029931
[imu_filter_madgwick_node-3] [INFO] [1770794529.451042223] [imu_filter]: Parameter RLController.pid_kp_ang set to 1.230373
[imu_filter_madgwick_node-3] [INFO] [1770794529.451100464] [imu_filter]: Parameter RLController.pid_ki_ang set to 0.000000
[imu_filter_madgwick_node-3] [INFO] [1770794529.451157873] [imu_filter]: Parameter RLController.pid_kd_ang set to 0.099378
[imu_filter_madgwick_node-3] [INFO] [1770794529.865102708] [imu_filter]: Parameter RLController.pid_kp_lin set to 1.199960
[imu_filter_madgwick_node-3] [INFO] [1770794529.865357081] [imu_filter]: Parameter RLController.pid_ki_lin set to 0.000000
[imu_filter_madgwick_node-3] [INFO] [1770794529.865436923] [imu_filter]: Parameter RLController.pid_kd_lin set to 0.029931
[imu_filter_madgwick_node-3] [INFO] [1770794529.865503996] [imu_filter]: Parameter RLController.pid_kp_ang set to 1.230373
[imu_filter_madgwick_node-3] [INFO] [1770794529.865574078] [imu_filter]: Parameter RLController.pid_ki_ang set to 0.000000
[imu_filter_madgwick_node-3] [INFO] [1770794529.865631583] [imu_filter]: Parameter RLController.pid_kd_ang set to 0.099304
[imu_filter_madgwick_node-3] [INFO] [1770794530.287395398] [imu_filter]: Parameter RLController.pid_kp_lin set to 1.199960
[imu_filter_madgwick_node-3] [INFO] [1770794530.294376025] [imu_filter]: Parameter RLController.pid_ki_lin set to 0.000000
[imu_filter_madgwick_node-3] [INFO] [1770794530.294710560] [imu_filter]: Parameter RLController.pid_kd_lin set to 0.029931
[imu_filter_madgwick_node-3] [INFO] [1770794530.294832099] [imu_filter]: Parameter RLController.pid_kp_ang set to 1.230373
[imu_filter_madgwick_node-3] [INFO] [1770794530.295003239] [imu_filter]: Parameter RLController.pid_ki_ang set to 0.000000
[imu_filter_madgwick_node-3] [INFO] [1770794530.295082152] [imu_filter]: Parameter RLController.pid_kd_ang set to 0.099227
[imu_filter_madgwick_node-3] [INFO] [1770794530.703981024] [imu_filter]: Parameter RLController.pid_kp_lin set to 1.199960
[imu_filter_madgwick_node-3] [INFO] [1770794530.704339239] [imu_filter]: Parameter RLController.pid_ki_lin set to 0.000000
[imu_filter_madgwick_node-3] [INFO] [1770794530.704429737] [imu_filter]: Parameter RLController.pid_kd_lin set to 0.029931
[imu_filter_madgwick_node-3] [INFO] [1770794530.704497675] [imu_filter]: Parameter RLController.pid_kp_ang set to 1.230373
[imu_filter_madgwick_node-3] [INFO] [1770794530.704556012] [imu_filter]: Parameter RLController.pid_ki_ang set to 0.000000
[imu_filter_madgwick_node-3] [INFO] [1770794530.704613517] [imu_filter]: Parameter RLController.pid_kd_ang set to 0.099147
[imu_filter_madgwick_node-3] [INFO] [1770794531.115986649] [imu_filter]: Parameter RLController.pid_kp_lin set to 1.199960
[imu_filter_madgwick_node-3] [INFO] [1770794531.116317856] [imu_filter]: Parameter RLController.pid_ki_lin set to 0.000000
[imu_filter_madgwick_node-3] [INFO] [1770794531.116404642] [imu_filter]: Parameter RLController.pid_kd_lin set to 0.029931
[imu_filter_madgwick_node-3] [INFO] [1770794531.116470723] [imu_filter]: Parameter RLController.pid_kp_ang set to 1.230373
[imu_filter_madgwick_node-3] [INFO] [1770794531.116529092] [imu_filter]: Parameter RLController.pid_ki_ang set to 0.000000
[imu_filter_madgwick_node-3] [INFO] [1770794531.116585574] [imu_filter]: Parameter RLController.pid_kd_ang set to 0.099066
[imu_filter_madgwick_node-3] [INFO] [1770794531.948230777] [imu_filter]: Parameter RLController.pid_kp_lin set to 1.199960
[imu_filter_madgwick_node-3] [INFO] [1770794531.948443646] [imu_filter]: Parameter RLController.pid_ki_lin set to 0.000000
[imu_filter_madgwick_node-3] [INFO] [1770794531.948512223] [imu_filter]: Parameter RLController.pid_kd_lin set to 0.029931
[imu_filter_madgwick_node-3] [INFO] [1770794531.948575137] [imu_filter]: Parameter RLController.pid_kp_ang set to 1.230373
[imu_filter_madgwick_node-3] [INFO] [1770794531.948630946] [imu_filter]: Parameter RLController.pid_ki_ang set to 0.000000
[imu_filter_madgwick_node-3] [INFO] [1770794531.948686211] [imu_filter]: Parameter RLController.pid_kd_ang set to 0.099119
[imu_filter_madgwick_node-3] [INFO] [1770794532.353737001] [imu_filter]: Parameter RLController.pid_kp_lin set to 1.199960
[imu_filter_madgwick_node-3] [INFO] [1770794532.356751945] [imu_filter]: Parameter RLController.pid_ki_lin set to 0.000000
[imu_filter_madgwick_node-3] [INFO] [1770794532.356956301] [imu_filter]: Parameter RLController.pid_kd_lin set to 0.029931
[imu_filter_madgwick_node-3] [INFO] [1770794532.357024463] [imu_filter]: Parameter RLController.pid_kp_ang set to 1.230373
[imu_filter_madgwick_node-3] [INFO] [1770794532.357081712] [imu_filter]: Parameter RLController.pid_ki_ang set to 0.000000
[imu_filter_madgwick_node-3] [INFO] [1770794532.357142929] [imu_filter]: Parameter RLController.pid_kd_ang set to 0.099177
[imu_filter_madgwick_node-3] [INFO] [1770794532.769940571] [imu_filter]: Parameter RLController.pid_kp_lin set to 1.199960
[imu_filter_madgwick_node-3] [INFO] [1770794532.770340068] [imu_filter]: Parameter RLController.pid_ki_lin set to 0.000000
[imu_filter_madgwick_node-3] [INFO] [1770794532.770418373] [imu_filter]: Parameter RLController.pid_kd_lin set to 0.029931
[imu_filter_madgwick_node-3] [INFO] [1770794532.770480198] [imu_filter]: Parameter RLController.pid_kp_ang set to 1.230373
[imu_filter_madgwick_node-3] [INFO] [1770794532.770534856] [imu_filter]: Parameter RLController.pid_ki_ang set to 0.000000
[imu_filter_madgwick_node-3] [INFO] [1770794532.770589577] [imu_filter]: Parameter RLController.pid_kd_ang set to 0.099228
[imu_filter_madgwick_node-3] [INFO] [1770794533.183337970] [imu_filter]: Parameter RLController.pid_kp_lin set to 1.199960
[imu_filter_madgwick_node-3] [INFO] [1770794533.183555894] [imu_filter]: Parameter RLController.pid_ki_lin set to 0.000000
[imu_filter_madgwick_node-3] [INFO] [1770794533.183631960] [imu_filter]: Parameter RLController.pid_kd_lin set to 0.029931
[imu_filter_madgwick_node-3] [INFO] [1770794533.183697241] [imu_filter]: Parameter RLController.pid_kp_ang set to 1.230373
[imu_filter_madgwick_node-3] [INFO] [1770794533.183754842] [imu_filter]: Parameter RLController.pid_ki_ang set to 0.000000
[imu_filter_madgwick_node-3] [INFO] [1770794533.183813084] [imu_filter]: Parameter RLController.pid_kd_ang set to 0.099228
[imu_filter_madgwick_node-3] [INFO] [1770794533.602568899] [imu_filter]: Parameter RLController.pid_kp_lin set to 1.199960
[imu_filter_madgwick_node-3] [INFO] [1770794533.602764168] [imu_filter]: Parameter RLController.pid_ki_lin set to 0.000000
[imu_filter_madgwick_node-3] [INFO] [1770794533.602832329] [imu_filter]: Parameter RLController.pid_kd_lin set to 0.029931
[imu_filter_madgwick_node-3] [INFO] [1770794533.605681509] [imu_filter]: Parameter RLController.pid_kp_ang set to 1.230373
[imu_filter_madgwick_node-3] [INFO] [1770794533.605935754] [imu_filter]: Parameter RLController.pid_ki_ang set to 0.000000
[imu_filter_madgwick_node-3] [INFO] [1770794533.608048535] [imu_filter]: Parameter RLController.pid_kd_ang set to 0.099228
[imu_filter_madgwick_node-3] [INFO] [1770794534.015819159] [imu_filter]: Parameter RLController.pid_kp_lin set to 1.199960
[imu_filter_madgwick_node-3] [INFO] [1770794534.016032411] [imu_filter]: Parameter RLController.pid_ki_lin set to 0.000000
[imu_filter_madgwick_node-3] [INFO] [1770794534.016098173] [imu_filter]: Parameter RLController.pid_kd_lin set to 0.029931
[imu_filter_madgwick_node-3] [INFO] [1770794534.016158462] [imu_filter]: Parameter RLController.pid_kp_ang set to 1.230373
[imu_filter_madgwick_node-3] [INFO] [1770794534.016213407] [imu_filter]: Parameter RLController.pid_ki_ang set to 0.000000
[imu_filter_madgwick_node-3] [INFO] [1770794534.016265664] [imu_filter]: Parameter RLController.pid_kd_ang set to 0.099228
[imu_filter_madgwick_node-3] [INFO] [1770794534.431687874] [imu_filter]: Parameter RLController.pid_kp_lin set to 1.199960
[imu_filter_madgwick_node-3] [INFO] [1770794534.431881862] [imu_filter]: Parameter RLController.pid_ki_lin set to 0.000000
[imu_filter_madgwick_node-3] [INFO] [1770794534.432051337] [imu_filter]: Parameter RLController.pid_kd_lin set to 0.029931
[imu_filter_madgwick_node-3] [INFO] [1770794534.432131659] [imu_filter]: Parameter RLController.pid_kp_ang set to 1.230373
[imu_filter_madgwick_node-3] [INFO] [1770794534.432193324] [imu_filter]: Parameter RLController.pid_ki_ang set to 0.000000
[imu_filter_madgwick_node-3] [INFO] [1770794534.432243245] [imu_filter]: Parameter RLController.pid_kd_ang set to 0.099228
[imu_filter_madgwick_node-3] [INFO] [1770794534.844250695] [imu_filter]: Parameter RLController.pid_kp_lin set to 1.199960
[imu_filter_madgwick_node-3] [INFO] [1770794534.844442859] [imu_filter]: Parameter RLController.pid_ki_lin set to 0.000000
[imu_filter_madgwick_node-3] [INFO] [1770794534.844508620] [imu_filter]: Parameter RLController.pid_kd_lin set to 0.029931
[imu_filter_madgwick_node-3] [INFO] [1770794534.844567949] [imu_filter]: Parameter RLController.pid_kp_ang set to 1.230373
[imu_filter_madgwick_node-3] [INFO] [1770794534.844622990] [imu_filter]: Parameter RLController.pid_ki_ang set to 0.000000
[imu_filter_madgwick_node-3] [INFO] [1770794534.844869556] [imu_filter]: Parameter RLController.pid_kd_ang set to 0.099228
[imu_filter_madgwick_node-3] [INFO] [1770794535.263557050] [imu_filter]: Parameter RLController.pid_kp_lin set to 1.199960
[imu_filter_madgwick_node-3] [INFO] [1770794535.266501976] [imu_filter]: Parameter RLController.pid_ki_lin set to 0.000000
[imu_filter_madgwick_node-3] [INFO] [1770794535.266709020] [imu_filter]: Parameter RLController.pid_kd_lin set to 0.029931
[imu_filter_madgwick_node-3] [INFO] [1770794535.266795262] [imu_filter]: Parameter RLController.pid_kp_ang set to 1.230373
[imu_filter_madgwick_node-3] [INFO] [1770794535.266855712] [imu_filter]: Parameter RLController.pid_ki_ang set to 0.000000
[imu_filter_madgwick_node-3] [INFO] [1770794535.266911649] [imu_filter]: Parameter RLController.pid_kd_ang set to 0.099228
[imu_filter_madgwick_node-3] [INFO] [1770794535.696379115] [imu_filter]: Parameter RLController.pid_kp_lin set to 1.199960
[imu_filter_madgwick_node-3] [INFO] [1770794535.696572239] [imu_filter]: Parameter RLController.pid_ki_lin set to 0.000000
[imu_filter_madgwick_node-3] [INFO] [1770794535.696763059] [imu_filter]: Parameter RLController.pid_kd_lin set to 0.029931
[imu_filter_madgwick_node-3] [INFO] [1770794535.696833332] [imu_filter]: Parameter RLController.pid_kp_ang set to 1.230373
[imu_filter_madgwick_node-3] [INFO] [1770794535.696891925] [imu_filter]: Parameter RLController.pid_ki_ang set to 0.000000
[imu_filter_madgwick_node-3] [INFO] [1770794535.696947287] [imu_filter]: Parameter RLController.pid_kd_ang set to 0.099228
[imu_filter_madgwick_node-3] [INFO] [1770794536.114472036] [imu_filter]: Parameter RLController.pid_kp_lin set to 1.199960
[imu_filter_madgwick_node-3] [INFO] [1770794536.114677641] [imu_filter]: Parameter RLController.pid_ki_lin set to 0.000000
[imu_filter_madgwick_node-3] [INFO] [1770794536.114749674] [imu_filter]: Parameter RLController.pid_kd_lin set to 0.029931
[imu_filter_madgwick_node-3] [INFO] [1770794536.114804907] [imu_filter]: Parameter RLController.pid_kp_ang set to 1.230373
[imu_filter_madgwick_node-3] [INFO] [1770794536.115663709] [imu_filter]: Parameter RLController.pid_ki_ang set to 0.000000
[imu_filter_madgwick_node-3] [INFO] [1770794536.115873186] [imu_filter]: Parameter RLController.pid_kd_ang set to 0.099228
[imu_filter_madgwick_node-3] [INFO] [1770794536.527819226] [imu_filter]: Parameter RLController.pid_kp_lin set to 1.199960
[imu_filter_madgwick_node-3] [INFO] [1770794536.528062911] [imu_filter]: Parameter RLController.pid_ki_lin set to 0.000000
[imu_filter_madgwick_node-3] [INFO] [1770794536.528263171] [imu_filter]: Parameter RLController.pid_kd_lin set to 0.029931
[imu_filter_madgwick_node-3] [INFO] [1770794536.528371814] [imu_filter]: Parameter RLController.pid_kp_ang set to 1.230373
[imu_filter_madgwick_node-3] [INFO] [1770794536.534686187] [imu_filter]: Parameter RLController.pid_ki_ang set to 0.000000
[imu_filter_madgwick_node-3] [INFO] [1770794536.535370169] [imu_filter]: Parameter RLController.pid_kd_ang set to 0.099228
[imu_filter_madgwick_node-3] [INFO] [1770794536.946277883] [imu_filter]: Parameter RLController.pid_kp_lin set to 1.199960
[imu_filter_madgwick_node-3] [INFO] [1770794536.946488288] [imu_filter]: Parameter RLController.pid_ki_lin set to 0.000000
[imu_filter_madgwick_node-3] [INFO] [1770794536.946560833] [imu_filter]: Parameter RLController.pid_kd_lin set to 0.029931
[imu_filter_madgwick_node-3] [INFO] [1770794536.946628899] [imu_filter]: Parameter RLController.pid_kp_ang set to 1.230373
[imu_filter_madgwick_node-3] [INFO] [1770794536.946682116] [imu_filter]: Parameter RLController.pid_ki_ang set to 0.000000
[imu_filter_madgwick_node-3] [INFO] [1770794536.946890184] [imu_filter]: Parameter RLController.pid_kd_ang set to 0.099228
[imu_filter_madgwick_node-3] [INFO] [1770794537.353409902] [imu_filter]: Parameter RLController.pid_kp_lin set to 1.200274
[imu_filter_madgwick_node-3] [INFO] [1770794537.353642899] [imu_filter]: Parameter RLController.pid_ki_lin set to 0.000000
[imu_filter_madgwick_node-3] [INFO] [1770794537.353764437] [imu_filter]: Parameter RLController.pid_kd_lin set to 0.029754
[imu_filter_madgwick_node-3] [INFO] [1770794537.353836279] [imu_filter]: Parameter RLController.pid_kp_ang set to 1.230579
[imu_filter_madgwick_node-3] [INFO] [1770794537.354253407] [imu_filter]: Parameter RLController.pid_ki_ang set to 0.000000
[imu_filter_madgwick_node-3] [INFO] [1770794537.354343809] [imu_filter]: Parameter RLController.pid_kd_ang set to 0.099228
[imu_filter_madgwick_node-3] [INFO] [1770794537.769084500] [imu_filter]: Parameter RLController.pid_kp_lin set to 1.200814
[imu_filter_madgwick_node-3] [INFO] [1770794537.769281592] [imu_filter]: Parameter RLController.pid_ki_lin set to 0.000000
[imu_filter_madgwick_node-3] [INFO] [1770794537.771666603] [imu_filter]: Parameter RLController.pid_kd_lin set to 0.029591
[imu_filter_madgwick_node-3] [INFO] [1770794537.771828718] [imu_filter]: Parameter RLController.pid_kp_ang set to 1.230579
[imu_filter_madgwick_node-3] [INFO] [1770794537.771895728] [imu_filter]: Parameter RLController.pid_ki_ang set to 0.000000
[imu_filter_madgwick_node-3] [INFO] [1770794537.771955249] [imu_filter]: Parameter RLController.pid_kd_ang set to 0.099178
[imu_filter_madgwick_node-3] [INFO] [1770794538.183743141] [imu_filter]: Parameter RLController.pid_kp_lin set to 1.200814
[imu_filter_madgwick_node-3] [INFO] [1770794538.183948010] [imu_filter]: Parameter RLController.pid_ki_lin set to 0.000000
[imu_filter_madgwick_node-3] [INFO] [1770794538.184018187] [imu_filter]: Parameter RLController.pid_kd_lin set to 0.029591
[imu_filter_madgwick_node-3] [INFO] [1770794538.184074892] [imu_filter]: Parameter RLController.pid_kp_ang set to 1.230579
[imu_filter_madgwick_node-3] [INFO] [1770794538.184127374] [imu_filter]: Parameter RLController.pid_ki_ang set to 0.000000
[imu_filter_madgwick_node-3] [INFO] [1770794538.184180271] [imu_filter]: Parameter RLController.pid_kd_ang set to 0.099178
[imu_filter_madgwick_node-3] [INFO] [1770794538.603412256] [imu_filter]: Parameter RLController.pid_kp_lin set to 1.200814
[imu_filter_madgwick_node-3] [INFO] [1770794538.603721415] [imu_filter]: Parameter RLController.pid_ki_lin set to 0.000000
[imu_filter_madgwick_node-3] [INFO] [1770794538.603796521] [imu_filter]: Parameter RLController.pid_kd_lin set to 0.029426
[imu_filter_madgwick_node-3] [INFO] [1770794538.603903755] [imu_filter]: Parameter RLController.pid_kp_ang set to 1.230855
[imu_filter_madgwick_node-3] [INFO] [1770794538.604073262] [imu_filter]: Parameter RLController.pid_ki_ang set to 0.000000
[imu_filter_madgwick_node-3] [INFO] [1770794538.604249906] [imu_filter]: Parameter RLController.pid_kd_ang set to 0.099178
[imu_filter_madgwick_node-3] [INFO] [1770794539.008578185] [imu_filter]: Parameter RLController.pid_kp_lin set to 1.200814
[imu_filter_madgwick_node-3] [INFO] [1770794539.008786766] [imu_filter]: Parameter RLController.pid_ki_lin set to 0.000000
[imu_filter_madgwick_node-3] [INFO] [1770794539.008866159] [imu_filter]: Parameter RLController.pid_kd_lin set to 0.029426
[imu_filter_madgwick_node-3] [INFO] [1770794539.008935057] [imu_filter]: Parameter RLController.pid_kp_ang set to 1.230605
[imu_filter_madgwick_node-3] [INFO] [1770794539.008995410] [imu_filter]: Parameter RLController.pid_ki_ang set to 0.000000
[imu_filter_madgwick_node-3] [INFO] [1770794539.011235361] [imu_filter]: Parameter RLController.pid_kd_ang set to 0.099178
[imu_filter_madgwick_node-3] [INFO] [1770794539.424773851] [imu_filter]: Parameter RLController.pid_kp_lin set to 1.200814
[imu_filter_madgwick_node-3] [INFO] [1770794539.424980863] [imu_filter]: Parameter RLController.pid_ki_lin set to 0.000000
[imu_filter_madgwick_node-3] [INFO] [1770794539.425055681] [imu_filter]: Parameter RLController.pid_kd_lin set to 0.029426
[imu_filter_madgwick_node-3] [INFO] [1770794539.425122370] [imu_filter]: Parameter RLController.pid_kp_ang set to 1.230605
[imu_filter_madgwick_node-3] [INFO] [1770794539.425184132] [imu_filter]: Parameter RLController.pid_ki_ang set to 0.000000
[imu_filter_madgwick_node-3] [INFO] [1770794539.425245445] [imu_filter]: Parameter RLController.pid_kd_ang set to 0.099178
[imu_filter_madgwick_node-3] [INFO] [1770794539.844194257] [imu_filter]: Parameter RLController.pid_kp_lin set to 1.200814
[imu_filter_madgwick_node-3] [INFO] [1770794539.844418645] [imu_filter]: Parameter RLController.pid_ki_lin set to 0.000000
[imu_filter_madgwick_node-3] [INFO] [1770794539.844505367] [imu_filter]: Parameter RLController.pid_kd_lin set to 0.029426
[imu_filter_madgwick_node-3] [INFO] [1770794539.844573465] [imu_filter]: Parameter RLController.pid_kp_ang set to 1.230605
[imu_filter_madgwick_node-3] [INFO] [1770794539.844632410] [imu_filter]: Parameter RLController.pid_ki_ang set to 0.000000
[imu_filter_madgwick_node-3] [INFO] [1770794539.844689243] [imu_filter]: Parameter RLController.pid_kd_ang set to 0.099178
[imu_filter_madgwick_node-3] [INFO] [1770794540.273877791] [imu_filter]: Parameter RLController.pid_kp_lin set to 1.200814
[imu_filter_madgwick_node-3] [INFO] [1770794540.274241383] [imu_filter]: Parameter RLController.pid_ki_lin set to 0.000000
[imu_filter_madgwick_node-3] [INFO] [1770794540.274322664] [imu_filter]: Parameter RLController.pid_kd_lin set to 0.029426
[imu_filter_madgwick_node-3] [INFO] [1770794540.274386314] [imu_filter]: Parameter RLController.pid_kp_ang set to 1.230605
[imu_filter_madgwick_node-3] [INFO] [1770794540.274443083] [imu_filter]: Parameter RLController.pid_ki_ang set to 0.000000
[imu_filter_madgwick_node-3] [INFO] [1770794540.274497804] [imu_filter]: Parameter RLController.pid_kd_ang set to 0.099226
[imu_filter_madgwick_node-3] [INFO] [1770794540.712159107] [imu_filter]: Parameter RLController.pid_kp_lin set to 1.200814
[imu_filter_madgwick_node-3] [INFO] [1770794540.712346695] [imu_filter]: Parameter RLController.pid_ki_lin set to 0.000000
[imu_filter_madgwick_node-3] [INFO] [1770794540.712413352] [imu_filter]: Parameter RLController.pid_kd_lin set to 0.029426
[imu_filter_madgwick_node-3] [INFO] [1770794540.712474698] [imu_filter]: Parameter RLController.pid_kp_ang set to 1.230605
[imu_filter_madgwick_node-3] [INFO] [1770794540.712528747] [imu_filter]: Parameter RLController.pid_ki_ang set to 0.000000
[imu_filter_madgwick_node-3] [INFO] [1770794540.712581292] [imu_filter]: Parameter RLController.pid_kd_ang set to 0.099281
[imu_filter_madgwick_node-3] [INFO] [1770794541.129675568] [imu_filter]: Parameter RLController.pid_kp_lin set to 1.200814
[imu_filter_madgwick_node-3] [INFO] [1770794541.130060505] [imu_filter]: Parameter RLController.pid_ki_lin set to 0.000000
[imu_filter_madgwick_node-3] [INFO] [1770794541.130144090] [imu_filter]: Parameter RLController.pid_kd_lin set to 0.029426
[imu_filter_madgwick_node-3] [INFO] [1770794541.130207004] [imu_filter]: Parameter RLController.pid_kp_ang set to 1.230605
[imu_filter_madgwick_node-3] [INFO] [1770794541.130263325] [imu_filter]: Parameter RLController.pid_ki_ang set to 0.000000
[imu_filter_madgwick_node-3] [INFO] [1770794541.130317662] [imu_filter]: Parameter RLController.pid_kd_ang set to 0.099340
[imu_filter_madgwick_node-3] [INFO] [1770794541.539417466] [imu_filter]: Parameter RLController.pid_kp_lin set to 1.200814
[imu_filter_madgwick_node-3] [INFO] [1770794541.539613214] [imu_filter]: Parameter RLController.pid_ki_lin set to 0.000000
[imu_filter_madgwick_node-3] [INFO] [1770794541.539683072] [imu_filter]: Parameter RLController.pid_kd_lin set to 0.029426
[imu_filter_madgwick_node-3] [INFO] [1770794541.539746753] [imu_filter]: Parameter RLController.pid_kp_ang set to 1.230605
[imu_filter_madgwick_node-3] [INFO] [1770794541.542211125] [imu_filter]: Parameter RLController.pid_ki_ang set to 0.000000
[imu_filter_madgwick_node-3] [INFO] [1770794541.542523771] [imu_filter]: Parameter RLController.pid_kd_ang set to 0.099402
[imu_filter_madgwick_node-3] [INFO] [1770794541.955453384] [imu_filter]: Parameter RLController.pid_kp_lin set to 1.200814
[imu_filter_madgwick_node-3] [INFO] [1770794541.955656524] [imu_filter]: Parameter RLController.pid_ki_lin set to 0.000000
[imu_filter_madgwick_node-3] [INFO] [1770794541.955723118] [imu_filter]: Parameter RLController.pid_kd_lin set to 0.029426
[imu_filter_madgwick_node-3] [INFO] [1770794541.955779535] [imu_filter]: Parameter RLController.pid_kp_ang set to 1.230605
[imu_filter_madgwick_node-3] [INFO] [1770794541.955832080] [imu_filter]: Parameter RLController.pid_ki_ang set to 0.000000
[imu_filter_madgwick_node-3] [INFO] [1770794541.955883889] [imu_filter]: Parameter RLController.pid_kd_ang set to 0.099468
[imu_filter_madgwick_node-3] [INFO] [1770794542.369788307] [imu_filter]: Parameter RLController.pid_kp_lin set to 1.200814
[imu_filter_madgwick_node-3] [INFO] [1770794542.370014007] [imu_filter]: Parameter RLController.pid_ki_lin set to 0.000000
[imu_filter_madgwick_node-3] [INFO] [1770794542.370098809] [imu_filter]: Parameter RLController.pid_kd_lin set to 0.029426
[imu_filter_madgwick_node-3] [INFO] [1770794542.370161818] [imu_filter]: Parameter RLController.pid_kp_ang set to 1.230605
[imu_filter_madgwick_node-3] [INFO] [1770794542.370218108] [imu_filter]: Parameter RLController.pid_ki_ang set to 0.000000
[imu_filter_madgwick_node-3] [INFO] [1770794542.370274173] [imu_filter]: Parameter RLController.pid_kd_ang set to 0.099534
[imu_filter_madgwick_node-3] [INFO] [1770794542.803201232] [imu_filter]: Parameter RLController.pid_kp_lin set to 1.200814
[imu_filter_madgwick_node-3] [INFO] [1770794542.803407540] [imu_filter]: Parameter RLController.pid_ki_lin set to 0.000000
[imu_filter_madgwick_node-3] [INFO] [1770794542.808213690] [imu_filter]: Parameter RLController.pid_kd_lin set to 0.029426
[imu_filter_madgwick_node-3] [INFO] [1770794542.808532480] [imu_filter]: Parameter RLController.pid_kp_ang set to 1.230605
[imu_filter_madgwick_node-3] [INFO] [1770794542.808608450] [imu_filter]: Parameter RLController.pid_ki_ang set to 0.000000
[imu_filter_madgwick_node-3] [INFO] [1770794542.808670819] [imu_filter]: Parameter RLController.pid_kd_ang set to 0.099603
[imu_filter_madgwick_node-3] [INFO] [1770794543.225435041] [imu_filter]: Parameter RLController.pid_kp_lin set to 1.200814
[imu_filter_madgwick_node-3] [INFO] [1770794543.225805769] [imu_filter]: Parameter RLController.pid_ki_lin set to 0.000000
[imu_filter_madgwick_node-3] [INFO] [1770794543.225886410] [imu_filter]: Parameter RLController.pid_kd_lin set to 0.029426
[imu_filter_madgwick_node-3] [INFO] [1770794543.225947052] [imu_filter]: Parameter RLController.pid_kp_ang set to 1.230605
[imu_filter_madgwick_node-3] [INFO] [1770794543.226001421] [imu_filter]: Parameter RLController.pid_ki_ang set to 0.000000
[imu_filter_madgwick_node-3] [INFO] [1770794543.226054350] [imu_filter]: Parameter RLController.pid_kd_ang set to 0.099673
[imu_filter_madgwick_node-3] [INFO] [1770794543.644311691] [imu_filter]: Parameter RLController.pid_kp_lin set to 1.200814
[imu_filter_madgwick_node-3] [INFO] [1770794543.644518383] [imu_filter]: Parameter RLController.pid_ki_lin set to 0.000000
[imu_filter_madgwick_node-3] [INFO] [1770794543.644588913] [imu_filter]: Parameter RLController.pid_kd_lin set to 0.029426
[imu_filter_madgwick_node-3] [INFO] [1770794543.644650770] [imu_filter]: Parameter RLController.pid_kp_ang set to 1.230605
[imu_filter_madgwick_node-3] [INFO] [1770794543.644707091] [imu_filter]: Parameter RLController.pid_ki_ang set to 0.000000
[imu_filter_madgwick_node-3] [INFO] [1770794543.644761813] [imu_filter]: Parameter RLController.pid_kd_ang set to 0.099744
[imu_filter_madgwick_node-3] [INFO] [1770794544.068083837] [imu_filter]: Parameter RLController.pid_kp_lin set to 1.200814
[imu_filter_madgwick_node-3] [INFO] [1770794544.068292673] [imu_filter]: Parameter RLController.pid_ki_lin set to 0.000000
[imu_filter_madgwick_node-3] [INFO] [1770794544.068360931] [imu_filter]: Parameter RLController.pid_kd_lin set to 0.029426
[imu_filter_madgwick_node-3] [INFO] [1770794544.068423332] [imu_filter]: Parameter RLController.pid_kp_ang set to 1.230605
[imu_filter_madgwick_node-3] [INFO] [1770794544.068477125] [imu_filter]: Parameter RLController.pid_ki_ang set to 0.000000
[imu_filter_madgwick_node-3] [INFO] [1770794544.068534982] [imu_filter]: Parameter RLController.pid_kd_ang set to 0.099816
[imu_filter_madgwick_node-3] [INFO] [1770794544.482587787] [imu_filter]: Parameter RLController.pid_kp_lin set to 1.200814
[imu_filter_madgwick_node-3] [INFO] [1770794544.482786191] [imu_filter]: Parameter RLController.pid_ki_lin set to 0.000000
[imu_filter_madgwick_node-3] [INFO] [1770794544.486712226] [imu_filter]: Parameter RLController.pid_kd_lin set to 0.029426
[imu_filter_madgwick_node-3] [INFO] [1770794544.502859319] [imu_filter]: Parameter RLController.pid_kp_ang set to 1.230605
[imu_filter_madgwick_node-3] [INFO] [1770794544.503048283] [imu_filter]: Parameter RLController.pid_ki_ang set to 0.000000
[imu_filter_madgwick_node-3] [INFO] [1770794544.503116284] [imu_filter]: Parameter RLController.pid_kd_ang set to 0.099888
[imu_filter_madgwick_node-3] [INFO] [1770794544.899226246] [imu_filter]: Parameter RLController.pid_kp_lin set to 1.200814
[imu_filter_madgwick_node-3] [INFO] [1770794544.899535468] [imu_filter]: Parameter RLController.pid_ki_lin set to 0.000000
[imu_filter_madgwick_node-3] [INFO] [1770794544.899612078] [imu_filter]: Parameter RLController.pid_kd_lin set to 0.029426
[imu_filter_madgwick_node-3] [INFO] [1770794544.899676719] [imu_filter]: Parameter RLController.pid_kp_ang set to 1.230605
[imu_filter_madgwick_node-3] [INFO] [1770794544.899730672] [imu_filter]: Parameter RLController.pid_ki_ang set to 0.000000
[imu_filter_madgwick_node-3] [INFO] [1770794544.899782545] [imu_filter]: Parameter RLController.pid_kd_ang set to 0.099961
[imu_filter_madgwick_node-3] [INFO] [1770794545.319412940] [imu_filter]: Parameter RLController.pid_kp_lin set to 1.200814
[imu_filter_madgwick_node-3] [INFO] [1770794545.321383253] [imu_filter]: Parameter RLController.pid_ki_lin set to 0.000000
[imu_filter_madgwick_node-3] [INFO] [1770794545.321698972] [imu_filter]: Parameter RLController.pid_kd_lin set to 0.029426
[imu_filter_madgwick_node-3] [INFO] [1770794545.321812062] [imu_filter]: Parameter RLController.pid_kp_ang set to 1.230605
[imu_filter_madgwick_node-3] [INFO] [1770794545.321875744] [imu_filter]: Parameter RLController.pid_ki_ang set to 0.000000
[imu_filter_madgwick_node-3] [INFO] [1770794545.321931041] [imu_filter]: Parameter RLController.pid_kd_ang set to 0.100034
[imu_filter_madgwick_node-3] [INFO] [1770794545.740660456] [imu_filter]: Parameter RLController.pid_kp_lin set to 1.200814
[imu_filter_madgwick_node-3] [INFO] [1770794545.740906957] [imu_filter]: Parameter RLController.pid_ki_lin set to 0.000000
[imu_filter_madgwick_node-3] [INFO] [1770794545.746478115] [imu_filter]: Parameter RLController.pid_kd_lin set to 0.029426
[imu_filter_madgwick_node-3] [INFO] [1770794545.746843658] [imu_filter]: Parameter RLController.pid_kp_ang set to 1.230605
[imu_filter_madgwick_node-3] [INFO] [1770794545.746944940] [imu_filter]: Parameter RLController.pid_ki_ang set to 0.000000
[imu_filter_madgwick_node-3] [INFO] [1770794545.749774824] [imu_filter]: Parameter RLController.pid_kd_ang set to 0.100107
[imu_filter_madgwick_node-3] [INFO] [1770794546.154847631] [imu_filter]: Parameter RLController.pid_kp_lin set to 1.200814
[imu_filter_madgwick_node-3] [INFO] [1770794546.155063572] [imu_filter]: Parameter RLController.pid_ki_lin set to 0.000000
[imu_filter_madgwick_node-3] [INFO] [1770794546.155138549] [imu_filter]: Parameter RLController.pid_kd_lin set to 0.029426
[imu_filter_madgwick_node-3] [INFO] [1770794546.155202647] [imu_filter]: Parameter RLController.pid_kp_ang set to 1.230605
[imu_filter_madgwick_node-3] [INFO] [1770794546.155254200] [imu_filter]: Parameter RLController.pid_ki_ang set to 0.000000
[imu_filter_madgwick_node-3] [INFO] [1770794546.156262541] [imu_filter]: Parameter RLController.pid_kd_ang set to 0.100180
[imu_filter_madgwick_node-3] [INFO] [1770794546.574350183] [imu_filter]: Parameter RLController.pid_kp_lin set to 1.200814
[imu_filter_madgwick_node-3] [INFO] [1770794546.574552427] [imu_filter]: Parameter RLController.pid_ki_lin set to 0.000000
[imu_filter_madgwick_node-3] [INFO] [1770794546.574626988] [imu_filter]: Parameter RLController.pid_kd_lin set to 0.029426
[imu_filter_madgwick_node-3] [INFO] [1770794546.574688494] [imu_filter]: Parameter RLController.pid_kp_ang set to 1.230605
[imu_filter_madgwick_node-3] [INFO] [1770794546.574746223] [imu_filter]: Parameter RLController.pid_ki_ang set to 0.000000
[imu_filter_madgwick_node-3] [INFO] [1770794546.574804976] [imu_filter]: Parameter RLController.pid_kd_ang set to 0.100254
[imu_filter_madgwick_node-3] [INFO] [1770794546.990164752] [imu_filter]: Parameter RLController.pid_kp_lin set to 1.200814
[imu_filter_madgwick_node-3] [INFO] [1770794546.990458646] [imu_filter]: Parameter RLController.pid_ki_lin set to 0.000000
[imu_filter_madgwick_node-3] [INFO] [1770794546.990535128] [imu_filter]: Parameter RLController.pid_kd_lin set to 0.029426
[imu_filter_madgwick_node-3] [INFO] [1770794546.990594809] [imu_filter]: Parameter RLController.pid_kp_ang set to 1.230605
[imu_filter_madgwick_node-3] [INFO] [1770794546.990648922] [imu_filter]: Parameter RLController.pid_ki_ang set to 0.000000
[imu_filter_madgwick_node-3] [INFO] [1770794546.990702460] [imu_filter]: Parameter RLController.pid_kd_ang set to 0.100328
[imu_filter_madgwick_node-3] [INFO] [1770794547.416009038] [imu_filter]: Parameter RLController.pid_kp_lin set to 1.200814
[imu_filter_madgwick_node-3] [INFO] [1770794547.416378261] [imu_filter]: Parameter RLController.pid_ki_lin set to 0.000000
[imu_filter_madgwick_node-3] [INFO] [1770794547.416468567] [imu_filter]: Parameter RLController.pid_kd_lin set to 0.029426
[imu_filter_madgwick_node-3] [INFO] [1770794547.416534233] [imu_filter]: Parameter RLController.pid_kp_ang set to 1.230605
[imu_filter_madgwick_node-3] [INFO] [1770794547.416592378] [imu_filter]: Parameter RLController.pid_ki_ang set to 0.000000
[imu_filter_madgwick_node-3] [INFO] [1770794547.416649659] [imu_filter]: Parameter RLController.pid_kd_ang set to 0.100402
[imu_filter_madgwick_node-3] [INFO] [1770794547.829792780] [imu_filter]: Parameter RLController.pid_kp_lin set to 1.200814
[imu_filter_madgwick_node-3] [INFO] [1770794547.830001713] [imu_filter]: Parameter RLController.pid_ki_lin set to 0.000000
[imu_filter_madgwick_node-3] [INFO] [1770794547.830074738] [imu_filter]: Parameter RLController.pid_kd_lin set to 0.029426
[imu_filter_madgwick_node-3] [INFO] [1770794547.830242294] [imu_filter]: Parameter RLController.pid_kp_ang set to 1.230605
[imu_filter_madgwick_node-3] [INFO] [1770794547.830798177] [imu_filter]: Parameter RLController.pid_ki_ang set to 0.000000
[imu_filter_madgwick_node-3] [INFO] [1770794547.830897284] [imu_filter]: Parameter RLController.pid_kd_ang set to 0.100476
[imu_filter_madgwick_node-3] [INFO] [1770794548.241525984] [imu_filter]: Parameter RLController.pid_kp_lin set to 1.200814
[imu_filter_madgwick_node-3] [INFO] [1770794548.241909736] [imu_filter]: Parameter RLController.pid_ki_lin set to 0.000000
[imu_filter_madgwick_node-3] [INFO] [1770794548.242040907] [imu_filter]: Parameter RLController.pid_kd_lin set to 0.029426
[imu_filter_madgwick_node-3] [INFO] [1770794548.242151821] [imu_filter]: Parameter RLController.pid_kp_ang set to 1.230605
[imu_filter_madgwick_node-3] [INFO] [1770794548.242249743] [imu_filter]: Parameter RLController.pid_ki_ang set to 0.000000
[imu_filter_madgwick_node-3] [INFO] [1770794548.242342129] [imu_filter]: Parameter RLController.pid_kd_ang set to 0.100550
[imu_filter_madgwick_node-3] [INFO] [1770794548.652122715] [imu_filter]: Parameter RLController.pid_kp_lin set to 1.200814
[imu_filter_madgwick_node-3] [INFO] [1770794548.652468194] [imu_filter]: Parameter RLController.pid_ki_lin set to 0.000000
[imu_filter_madgwick_node-3] [INFO] [1770794548.652549540] [imu_filter]: Parameter RLController.pid_kd_lin set to 0.029426
[imu_filter_madgwick_node-3] [INFO] [1770794548.652610437] [imu_filter]: Parameter RLController.pid_kp_ang set to 1.230605
[imu_filter_madgwick_node-3] [INFO] [1770794548.652667335] [imu_filter]: Parameter RLController.pid_ki_ang set to 0.000000
[imu_filter_madgwick_node-3] [INFO] [1770794548.652722440] [imu_filter]: Parameter RLController.pid_kd_ang set to 0.100624
[imu_filter_madgwick_node-3] [INFO] [1770794549.059818361] [imu_filter]: Parameter RLController.pid_kp_lin set to 1.200814
[imu_filter_madgwick_node-3] [INFO] [1770794549.060035038] [imu_filter]: Parameter RLController.pid_ki_lin set to 0.000000
[imu_filter_madgwick_node-3] [INFO] [1770794549.060103487] [imu_filter]: Parameter RLController.pid_kd_lin set to 0.029426
[imu_filter_madgwick_node-3] [INFO] [1770794549.060162721] [imu_filter]: Parameter RLController.pid_kp_ang set to 1.230605
[imu_filter_madgwick_node-3] [INFO] [1770794549.060215746] [imu_filter]: Parameter RLController.pid_ki_ang set to 0.000000
[imu_filter_madgwick_node-3] [INFO] [1770794549.060269155] [imu_filter]: Parameter RLController.pid_kd_ang set to 0.100698
[imu_filter_madgwick_node-3] [INFO] [1770794549.465311497] [imu_filter]: Parameter RLController.pid_kp_lin set to 1.200814
[imu_filter_madgwick_node-3] [INFO] [1770794549.465504525] [imu_filter]: Parameter RLController.pid_ki_lin set to 0.000000
[imu_filter_madgwick_node-3] [INFO] [1770794549.465585839] [imu_filter]: Parameter RLController.pid_kd_lin set to 0.029426
[imu_filter_madgwick_node-3] [INFO] [1770794549.465650416] [imu_filter]: Parameter RLController.pid_kp_ang set to 1.230605
[imu_filter_madgwick_node-3] [INFO] [1770794549.465730994] [imu_filter]: Parameter RLController.pid_ki_ang set to 0.000000
[imu_filter_madgwick_node-3] [INFO] [1770794549.465804948] [imu_filter]: Parameter RLController.pid_kd_ang set to 0.100773
[imu_filter_madgwick_node-3] [INFO] [1770794549.877762156] [imu_filter]: Parameter RLController.pid_kp_lin set to 1.200814
[imu_filter_madgwick_node-3] [INFO] [1770794549.877958416] [imu_filter]: Parameter RLController.pid_ki_lin set to 0.000000
[imu_filter_madgwick_node-3] [INFO] [1770794549.878036146] [imu_filter]: Parameter RLController.pid_kd_lin set to 0.029426
[imu_filter_madgwick_node-3] [INFO] [1770794549.878102419] [imu_filter]: Parameter RLController.pid_kp_ang set to 1.230605
[imu_filter_madgwick_node-3] [INFO] [1770794549.878162964] [imu_filter]: Parameter RLController.pid_ki_ang set to 0.000000
[imu_filter_madgwick_node-3] [INFO] [1770794549.878222869] [imu_filter]: Parameter RLController.pid_kd_ang set to 0.100847
[imu_filter_madgwick_node-3] [INFO] [1770794550.291315942] [imu_filter]: Parameter RLController.pid_kp_lin set to 1.200814
[imu_filter_madgwick_node-3] [INFO] [1770794550.291534250] [imu_filter]: Parameter RLController.pid_ki_lin set to 0.000000
[imu_filter_madgwick_node-3] [INFO] [1770794550.291609292] [imu_filter]: Parameter RLController.pid_kd_lin set to 0.029426
[imu_filter_madgwick_node-3] [INFO] [1770794550.291670573] [imu_filter]: Parameter RLController.pid_kp_ang set to 1.230605
[imu_filter_madgwick_node-3] [INFO] [1770794550.291727982] [imu_filter]: Parameter RLController.pid_ki_ang set to 0.000000
[imu_filter_madgwick_node-3] [INFO] [1770794550.291861201] [imu_filter]: Parameter RLController.pid_kd_ang set to 0.100921
[imu_filter_madgwick_node-3] [INFO] [1770794550.709321182] [imu_filter]: Parameter RLController.pid_kp_lin set to 1.200814
[imu_filter_madgwick_node-3] [INFO] [1770794550.709557410] [imu_filter]: Parameter RLController.pid_ki_lin set to 0.000000
[imu_filter_madgwick_node-3] [INFO] [1770794550.709698117] [imu_filter]: Parameter RLController.pid_kd_lin set to 0.029426
[imu_filter_madgwick_node-3] [INFO] [1770794550.709805800] [imu_filter]: Parameter RLController.pid_kp_ang set to 1.230605
[imu_filter_madgwick_node-3] [INFO] [1770794550.709973515] [imu_filter]: Parameter RLController.pid_ki_ang set to 0.000000
[imu_filter_madgwick_node-3] [INFO] [1770794550.710039885] [imu_filter]: Parameter RLController.pid_kd_ang set to 0.100995
[imu_filter_madgwick_node-3] [INFO] [1770794551.123877261] [imu_filter]: Parameter RLController.pid_kp_lin set to 1.200814
[imu_filter_madgwick_node-3] [INFO] [1770794551.124092657] [imu_filter]: Parameter RLController.pid_ki_lin set to 0.000000
[imu_filter_madgwick_node-3] [INFO] [1770794551.124162291] [imu_filter]: Parameter RLController.pid_kd_lin set to 0.029426
[imu_filter_madgwick_node-3] [INFO] [1770794551.124220756] [imu_filter]: Parameter RLController.pid_kp_ang set to 1.230605
[imu_filter_madgwick_node-3] [INFO] [1770794551.124273813] [imu_filter]: Parameter RLController.pid_ki_ang set to 0.000000
[imu_filter_madgwick_node-3] [INFO] [1770794551.124328790] [imu_filter]: Parameter RLController.pid_kd_ang set to 0.101070
[imu_filter_madgwick_node-3] [INFO] [1770794551.534147137] [imu_filter]: Parameter RLController.pid_kp_lin set to 1.200814
[imu_filter_madgwick_node-3] [INFO] [1770794551.534373094] [imu_filter]: Parameter RLController.pid_ki_lin set to 0.000000
[imu_filter_madgwick_node-3] [INFO] [1770794551.534476840] [imu_filter]: Parameter RLController.pid_kd_lin set to 0.029426
[imu_filter_madgwick_node-3] [INFO] [1770794551.534557002] [imu_filter]: Parameter RLController.pid_kp_ang set to 1.230605
[imu_filter_madgwick_node-3] [INFO] [1770794551.537348677] [imu_filter]: Parameter RLController.pid_ki_ang set to 0.000000
[imu_filter_madgwick_node-3] [INFO] [1770794551.539168043] [imu_filter]: Parameter RLController.pid_kd_ang set to 0.101144
[imu_filter_madgwick_node-3] [INFO] [1770794551.946935979] [imu_filter]: Parameter RLController.pid_kp_lin set to 1.200814
[imu_filter_madgwick_node-3] [INFO] [1770794551.947301363] [imu_filter]: Parameter RLController.pid_ki_lin set to 0.000000
[imu_filter_madgwick_node-3] [INFO] [1770794551.947453686] [imu_filter]: Parameter RLController.pid_kd_lin set to 0.029426
[imu_filter_madgwick_node-3] [INFO] [1770794551.947525143] [imu_filter]: Parameter RLController.pid_kp_ang set to 1.230605
[imu_filter_madgwick_node-3] [INFO] [1770794551.947645242] [imu_filter]: Parameter RLController.pid_ki_ang set to 0.000000
[imu_filter_madgwick_node-3] [INFO] [1770794551.947726076] [imu_filter]: Parameter RLController.pid_kd_ang set to 0.101218
[imu_filter_madgwick_node-3] [INFO] [1770794552.364629052] [imu_filter]: Parameter RLController.pid_kp_lin set to 1.200814
[imu_filter_madgwick_node-3] [INFO] [1770794552.365020836] [imu_filter]: Parameter RLController.pid_ki_lin set to 0.000000
[imu_filter_madgwick_node-3] [INFO] [1770794552.365117254] [imu_filter]: Parameter RLController.pid_kd_lin set to 0.029426
[imu_filter_madgwick_node-3] [INFO] [1770794552.365186280] [imu_filter]: Parameter RLController.pid_kp_ang set to 1.230605
[imu_filter_madgwick_node-3] [INFO] [1770794552.365243945] [imu_filter]: Parameter RLController.pid_ki_ang set to 0.000000
[imu_filter_madgwick_node-3] [INFO] [1770794552.365300970] [imu_filter]: Parameter RLController.pid_kd_ang set to 0.101292
[imu_filter_madgwick_node-3] [INFO] [1770794552.775013203] [imu_filter]: Parameter RLController.pid_kp_lin set to 1.200814
[imu_filter_madgwick_node-3] [INFO] [1770794552.775221624] [imu_filter]: Parameter RLController.pid_ki_lin set to 0.000000
[imu_filter_madgwick_node-3] [INFO] [1770794552.775291161] [imu_filter]: Parameter RLController.pid_kd_lin set to 0.029426
[imu_filter_madgwick_node-3] [INFO] [1770794552.778166454] [imu_filter]: Parameter RLController.pid_kp_ang set to 1.230605
[imu_filter_madgwick_node-3] [INFO] [1770794552.778339897] [imu_filter]: Parameter RLController.pid_ki_ang set to 0.000000
[imu_filter_madgwick_node-3] [INFO] [1770794552.778404379] [imu_filter]: Parameter RLController.pid_kd_ang set to 0.101367
[imu_filter_madgwick_node-3] [INFO] [1770794553.188325896] [imu_filter]: Parameter RLController.pid_kp_lin set to 1.200814
[imu_filter_madgwick_node-3] [INFO] [1770794553.188536524] [imu_filter]: Parameter RLController.pid_ki_lin set to 0.000000
[imu_filter_madgwick_node-3] [INFO] [1770794553.188619470] [imu_filter]: Parameter RLController.pid_kd_lin set to 0.029426
[imu_filter_madgwick_node-3] [INFO] [1770794553.188688688] [imu_filter]: Parameter RLController.pid_kp_ang set to 1.230605
[imu_filter_madgwick_node-3] [INFO] [1770794553.188751217] [imu_filter]: Parameter RLController.pid_ki_ang set to 0.000000
[imu_filter_madgwick_node-3] [INFO] [1770794553.188816754] [imu_filter]: Parameter RLController.pid_kd_ang set to 0.101441
[imu_filter_madgwick_node-3] [INFO] [1770794553.600198846] [imu_filter]: Parameter RLController.pid_kp_lin set to 1.200814
[imu_filter_madgwick_node-3] [INFO] [1770794553.600400931] [imu_filter]: Parameter RLController.pid_ki_lin set to 0.000000
[imu_filter_madgwick_node-3] [INFO] [1770794553.600478916] [imu_filter]: Parameter RLController.pid_kd_lin set to 0.029426
[imu_filter_madgwick_node-3] [INFO] [1770794553.600548646] [imu_filter]: Parameter RLController.pid_kp_ang set to 1.230605
[imu_filter_madgwick_node-3] [INFO] [1770794553.600611655] [imu_filter]: Parameter RLController.pid_ki_ang set to 0.000000
[imu_filter_madgwick_node-3] [INFO] [1770794553.600673160] [imu_filter]: Parameter RLController.pid_kd_ang set to 0.101515
[imu_filter_madgwick_node-3] [INFO] [1770794554.011646764] [imu_filter]: Parameter RLController.pid_kp_lin set to 1.200814
[imu_filter_madgwick_node-3] [INFO] [1770794554.011877169] [imu_filter]: Parameter RLController.pid_ki_lin set to 0.000000
[imu_filter_madgwick_node-3] [INFO] [1770794554.011956434] [imu_filter]: Parameter RLController.pid_kd_lin set to 0.029426
[imu_filter_madgwick_node-3] [INFO] [1770794554.012019636] [imu_filter]: Parameter RLController.pid_kp_ang set to 1.230605
[imu_filter_madgwick_node-3] [INFO] [1770794554.012075957] [imu_filter]: Parameter RLController.pid_ki_ang set to 0.000000
[imu_filter_madgwick_node-3] [INFO] [1770794554.012131094] [imu_filter]: Parameter RLController.pid_kd_ang set to 0.101590
[imu_filter_madgwick_node-3] [INFO] [1770794554.419579311] [imu_filter]: Parameter RLController.pid_kp_lin set to 1.200814
[imu_filter_madgwick_node-3] [INFO] [1770794554.420629989] [imu_filter]: Parameter RLController.pid_ki_lin set to 0.000000
[imu_filter_madgwick_node-3] [INFO] [1770794554.420788265] [imu_filter]: Parameter RLController.pid_kd_lin set to 0.029426
[imu_filter_madgwick_node-3] [INFO] [1770794554.420856810] [imu_filter]: Parameter RLController.pid_kp_ang set to 1.230605
[imu_filter_madgwick_node-3] [INFO] [1770794554.420915755] [imu_filter]: Parameter RLController.pid_ki_ang set to 0.000000
[imu_filter_madgwick_node-3] [INFO] [1770794554.420965068] [imu_filter]: Parameter RLController.pid_kd_ang set to 0.101664
[imu_filter_madgwick_node-3] [INFO] [1770794554.832828162] [imu_filter]: Parameter RLController.pid_kp_lin set to 1.200814
[imu_filter_madgwick_node-3] [INFO] [1770794554.835035921] [imu_filter]: Parameter RLController.pid_ki_lin set to 0.000000
[imu_filter_madgwick_node-3] [INFO] [1770794554.835225237] [imu_filter]: Parameter RLController.pid_kd_lin set to 0.029426
[imu_filter_madgwick_node-3] [INFO] [1770794554.835296727] [imu_filter]: Parameter RLController.pid_kp_ang set to 1.230605
[imu_filter_madgwick_node-3] [INFO] [1770794554.835356696] [imu_filter]: Parameter RLController.pid_ki_ang set to 0.000000
[imu_filter_madgwick_node-3] [INFO] [1770794554.835417305] [imu_filter]: Parameter RLController.pid_kd_ang set to 0.101738
[imu_filter_madgwick_node-3] [INFO] [1770794555.242755120] [imu_filter]: Parameter RLController.pid_kp_lin set to 1.200814
[imu_filter_madgwick_node-3] [INFO] [1770794555.242966036] [imu_filter]: Parameter RLController.pid_ki_lin set to 0.000000
[imu_filter_madgwick_node-3] [INFO] [1770794555.244933566] [imu_filter]: Parameter RLController.pid_kd_lin set to 0.029426
[imu_filter_madgwick_node-3] [INFO] [1770794555.245147202] [imu_filter]: Parameter RLController.pid_kp_ang set to 1.230605
[imu_filter_madgwick_node-3] [INFO] [1770794555.245218948] [imu_filter]: Parameter RLController.pid_ki_ang set to 0.000000
[imu_filter_madgwick_node-3] [INFO] [1770794555.245278981] [imu_filter]: Parameter RLController.pid_kd_ang set to 0.101813
[imu_filter_madgwick_node-3] [INFO] [1770794555.657400577] [imu_filter]: Parameter RLController.pid_kp_lin set to 1.200814
[imu_filter_madgwick_node-3] [INFO] [1770794555.657582629] [imu_filter]: Parameter RLController.pid_ki_lin set to 0.000000
[imu_filter_madgwick_node-3] [INFO] [1770794555.657855754] [imu_filter]: Parameter RLController.pid_kd_lin set to 0.029426
[imu_filter_madgwick_node-3] [INFO] [1770794555.657969805] [imu_filter]: Parameter RLController.pid_kp_ang set to 1.230605
[imu_filter_madgwick_node-3] [INFO] [1770794555.658042670] [imu_filter]: Parameter RLController.pid_ki_ang set to 0.000000
[imu_filter_madgwick_node-3] [INFO] [1770794555.658108784] [imu_filter]: Parameter RLController.pid_kd_ang set to 0.101887
[imu_filter_madgwick_node-3] [INFO] [1770794556.070598163] [imu_filter]: Parameter RLController.pid_kp_lin set to 1.200814
[imu_filter_madgwick_node-3] [INFO] [1770794556.072896004] [imu_filter]: Parameter RLController.pid_ki_lin set to 0.000000
[imu_filter_madgwick_node-3] [INFO] [1770794556.073066535] [imu_filter]: Parameter RLController.pid_kd_lin set to 0.029426
[imu_filter_madgwick_node-3] [INFO] [1770794556.073134985] [imu_filter]: Parameter RLController.pid_kp_ang set to 1.230605
[imu_filter_madgwick_node-3] [INFO] [1770794556.073193546] [imu_filter]: Parameter RLController.pid_ki_ang set to 0.000000
[imu_filter_madgwick_node-3] [INFO] [1770794556.073251339] [imu_filter]: Parameter RLController.pid_kd_ang set to 0.101961
[imu_filter_madgwick_node-3] [INFO] [1770794556.486475838] [imu_filter]: Parameter RLController.pid_kp_lin set to 1.200814
[imu_filter_madgwick_node-3] [INFO] [1770794556.486668354] [imu_filter]: Parameter RLController.pid_ki_lin set to 0.000000
[imu_filter_madgwick_node-3] [INFO] [1770794556.486746724] [imu_filter]: Parameter RLController.pid_kd_lin set to 0.029426
[imu_filter_madgwick_node-3] [INFO] [1770794556.486810181] [imu_filter]: Parameter RLController.pid_kp_ang set to 1.230605
[imu_filter_madgwick_node-3] [INFO] [1770794556.486866566] [imu_filter]: Parameter RLController.pid_ki_ang set to 0.000000
[imu_filter_madgwick_node-3] [INFO] [1770794556.486922215] [imu_filter]: Parameter RLController.pid_kd_ang set to 0.102036
[imu_filter_madgwick_node-3] [INFO] [1770794556.901900063] [imu_filter]: Parameter RLController.pid_kp_lin set to 1.200814
[imu_filter_madgwick_node-3] [INFO] [1770794556.902223718] [imu_filter]: Parameter RLController.pid_ki_lin set to 0.000000
[imu_filter_madgwick_node-3] [INFO] [1770794556.902452971] [imu_filter]: Parameter RLController.pid_kd_lin set to 0.029426
[imu_filter_madgwick_node-3] [INFO] [1770794556.902524781] [imu_filter]: Parameter RLController.pid_kp_ang set to 1.230605
[imu_filter_madgwick_node-3] [INFO] [1770794556.902583758] [imu_filter]: Parameter RLController.pid_ki_ang set to 0.000000
[imu_filter_madgwick_node-3] [INFO] [1770794556.902641071] [imu_filter]: Parameter RLController.pid_kd_ang set to 0.102110
[imu_filter_madgwick_node-3] [INFO] [1770794557.310403951] [imu_filter]: Parameter RLController.pid_kp_lin set to 1.200814
[imu_filter_madgwick_node-3] [INFO] [1770794557.310653268] [imu_filter]: Parameter RLController.pid_ki_lin set to 0.000000
[imu_filter_madgwick_node-3] [INFO] [1770794557.310743318] [imu_filter]: Parameter RLController.pid_kd_lin set to 0.029426
[imu_filter_madgwick_node-3] [INFO] [1770794557.310809399] [imu_filter]: Parameter RLController.pid_kp_ang set to 1.230605
[imu_filter_madgwick_node-3] [INFO] [1770794557.310868601] [imu_filter]: Parameter RLController.pid_ki_ang set to 0.000000
[imu_filter_madgwick_node-3] [INFO] [1770794557.310926458] [imu_filter]: Parameter RLController.pid_kd_ang set to 0.102184
[imu_filter_madgwick_node-3] [INFO] [1770794557.726969768] [imu_filter]: Parameter RLController.pid_kp_lin set to 1.200814
[imu_filter_madgwick_node-3] [INFO] [1770794557.727193517] [imu_filter]: Parameter RLController.pid_ki_lin set to 0.000000
[imu_filter_madgwick_node-3] [INFO] [1770794557.727298063] [imu_filter]: Parameter RLController.pid_kd_lin set to 0.029426
[imu_filter_madgwick_node-3] [INFO] [1770794557.727385265] [imu_filter]: Parameter RLController.pid_kp_ang set to 1.230605
[imu_filter_madgwick_node-3] [INFO] [1770794557.727463251] [imu_filter]: Parameter RLController.pid_ki_ang set to 0.000000
[imu_filter_madgwick_node-3] [INFO] [1770794557.727540372] [imu_filter]: Parameter RLController.pid_kd_ang set to 0.102259
[imu_filter_madgwick_node-3] [INFO] [1770794558.131990350] [imu_filter]: Parameter RLController.pid_kp_lin set to 1.200814
[imu_filter_madgwick_node-3] [INFO] [1770794558.132216499] [imu_filter]: Parameter RLController.pid_ki_lin set to 0.000000
[imu_filter_madgwick_node-3] [INFO] [1770794558.132296116] [imu_filter]: Parameter RLController.pid_kd_lin set to 0.029426
[imu_filter_madgwick_node-3] [INFO] [1770794558.132656156] [imu_filter]: Parameter RLController.pid_kp_ang set to 1.230605
[imu_filter_madgwick_node-3] [INFO] [1770794558.132759774] [imu_filter]: Parameter RLController.pid_ki_ang set to 0.000000
[imu_filter_madgwick_node-3] [INFO] [1770794558.132829056] [imu_filter]: Parameter RLController.pid_kd_ang set to 0.102333
[imu_filter_madgwick_node-3] [INFO] [1770794558.544721494] [imu_filter]: Parameter RLController.pid_kp_lin set to 1.200814
[imu_filter_madgwick_node-3] [INFO] [1770794558.544947899] [imu_filter]: Parameter RLController.pid_ki_lin set to 0.000000
[imu_filter_madgwick_node-3] [INFO] [1770794558.545036349] [imu_filter]: Parameter RLController.pid_kd_lin set to 0.029426
[imu_filter_madgwick_node-3] [INFO] [1770794558.545111647] [imu_filter]: Parameter RLController.pid_kp_ang set to 1.230605
[imu_filter_madgwick_node-3] [INFO] [1770794558.545176256] [imu_filter]: Parameter RLController.pid_ki_ang set to 0.000000
[imu_filter_madgwick_node-3] [INFO] [1770794558.545241313] [imu_filter]: Parameter RLController.pid_kd_ang set to 0.102407
[imu_filter_madgwick_node-3] [INFO] [1770794558.951349246] [imu_filter]: Parameter RLController.pid_kp_lin set to 1.200814
[imu_filter_madgwick_node-3] [INFO] [1770794558.951553122] [imu_filter]: Parameter RLController.pid_ki_lin set to 0.000000
[imu_filter_madgwick_node-3] [INFO] [1770794558.951634788] [imu_filter]: Parameter RLController.pid_kd_lin set to 0.029426
[imu_filter_madgwick_node-3] [INFO] [1770794558.951703206] [imu_filter]: Parameter RLController.pid_kp_ang set to 1.230605
[imu_filter_madgwick_node-3] [INFO] [1770794558.951755943] [imu_filter]: Parameter RLController.pid_ki_ang set to 0.000000
[imu_filter_madgwick_node-3] [INFO] [1770794558.951810792] [imu_filter]: Parameter RLController.pid_kd_ang set to 0.102482
[imu_filter_madgwick_node-3] [INFO] [1770794559.376113445] [imu_filter]: Parameter RLController.pid_kp_lin set to 1.200814
[imu_filter_madgwick_node-3] [INFO] [1770794559.376630000] [imu_filter]: Parameter RLController.pid_ki_lin set to 0.000000
[imu_filter_madgwick_node-3] [INFO] [1770794559.376873461] [imu_filter]: Parameter RLController.pid_kd_lin set to 0.029426
[imu_filter_madgwick_node-3] [INFO] [1770794559.376992631] [imu_filter]: Parameter RLController.pid_kp_ang set to 1.230605
[imu_filter_madgwick_node-3] [INFO] [1770794559.377091289] [imu_filter]: Parameter RLController.pid_ki_ang set to 0.000000
[imu_filter_madgwick_node-3] [INFO] [1770794559.386578978] [imu_filter]: Parameter RLController.pid_kd_ang set to 0.102556
[imu_filter_madgwick_node-3] [INFO] [1770794559.767507307] [imu_filter]: Parameter RLController.pid_kp_lin set to 1.200814
[imu_filter_madgwick_node-3] [INFO] [1770794559.767715983] [imu_filter]: Parameter RLController.pid_ki_lin set to 0.000000
[imu_filter_madgwick_node-3] [INFO] [1770794559.767787953] [imu_filter]: Parameter RLController.pid_kd_lin set to 0.029426
[imu_filter_madgwick_node-3] [INFO] [1770794559.767965492] [imu_filter]: Parameter RLController.pid_kp_ang set to 1.230605
[imu_filter_madgwick_node-3] [INFO] [1770794559.768029526] [imu_filter]: Parameter RLController.pid_ki_ang set to 0.000000
[imu_filter_madgwick_node-3] [INFO] [1770794559.768088279] [imu_filter]: Parameter RLController.pid_kd_ang set to 0.102630
[imu_filter_madgwick_node-3] [INFO] [1770794560.181558639] [imu_filter]: Parameter RLController.pid_kp_lin set to 1.200814
[imu_filter_madgwick_node-3] [INFO] [1770794560.185502402] [imu_filter]: Parameter RLController.pid_ki_lin set to 0.000000
[imu_filter_madgwick_node-3] [INFO] [1770794560.187457420] [imu_filter]: Parameter RLController.pid_kd_lin set to 0.029426
[imu_filter_madgwick_node-3] [INFO] [1770794560.190224934] [imu_filter]: Parameter RLController.pid_kp_ang set to 1.230605
[imu_filter_madgwick_node-3] [INFO] [1770794560.192546327] [imu_filter]: Parameter RLController.pid_ki_ang set to 0.000000
[imu_filter_madgwick_node-3] [INFO] [1770794560.194758246] [imu_filter]: Parameter RLController.pid_kd_ang set to 0.102704
[imu_filter_madgwick_node-3] [INFO] [1770794560.595748567] [imu_filter]: Parameter RLController.pid_kp_lin set to 1.200814
[imu_filter_madgwick_node-3] [INFO] [1770794560.595980219] [imu_filter]: Parameter RLController.pid_ki_lin set to 0.000000
[imu_filter_madgwick_node-3] [INFO] [1770794560.596075453] [imu_filter]: Parameter RLController.pid_kd_lin set to 0.029426
[imu_filter_madgwick_node-3] [INFO] [1770794560.596149119] [imu_filter]: Parameter RLController.pid_kp_ang set to 1.230605
[imu_filter_madgwick_node-3] [INFO] [1770794560.596212864] [imu_filter]: Parameter RLController.pid_ki_ang set to 0.000000
[imu_filter_madgwick_node-3] [INFO] [1770794560.596276898] [imu_filter]: Parameter RLController.pid_kd_ang set to 0.102779
[imu_filter_madgwick_node-3] [INFO] [1770794561.001968982] [imu_filter]: Parameter RLController.pid_kp_lin set to 1.200814
[imu_filter_madgwick_node-3] [INFO] [1770794561.002183866] [imu_filter]: Parameter RLController.pid_ki_lin set to 0.000000
[imu_filter_madgwick_node-3] [INFO] [1770794561.002262300] [imu_filter]: Parameter RLController.pid_kd_lin set to 0.029426
[imu_filter_madgwick_node-3] [INFO] [1770794561.002323709] [imu_filter]: Parameter RLController.pid_kp_ang set to 1.230605
[imu_filter_madgwick_node-3] [INFO] [1770794561.002380382] [imu_filter]: Parameter RLController.pid_ki_ang set to 0.000000
[imu_filter_madgwick_node-3] [INFO] [1770794561.002803335] [imu_filter]: Parameter RLController.pid_kd_ang set to 0.102853
[imu_filter_madgwick_node-3] [INFO] [1770794561.412972858] [imu_filter]: Parameter RLController.pid_kp_lin set to 1.200814
[imu_filter_madgwick_node-3] [INFO] [1770794561.413209119] [imu_filter]: Parameter RLController.pid_ki_lin set to 0.000000
[imu_filter_madgwick_node-3] [INFO] [1770794561.413301761] [imu_filter]: Parameter RLController.pid_kd_lin set to 0.029426
[imu_filter_madgwick_node-3] [INFO] [1770794561.413378530] [imu_filter]: Parameter RLController.pid_kp_ang set to 1.230605
[imu_filter_madgwick_node-3] [INFO] [1770794561.413451076] [imu_filter]: Parameter RLController.pid_ki_ang set to 0.000000
[imu_filter_madgwick_node-3] [INFO] [1770794561.413523333] [imu_filter]: Parameter RLController.pid_kd_ang set to 0.102927
[imu_filter_madgwick_node-3] [INFO] [1770794561.821898930] [imu_filter]: Parameter RLController.pid_kp_lin set to 1.200814
[imu_filter_madgwick_node-3] [INFO] [1770794561.822121719] [imu_filter]: Parameter RLController.pid_ki_lin set to 0.000000
[imu_filter_madgwick_node-3] [INFO] [1770794561.822216057] [imu_filter]: Parameter RLController.pid_kd_lin set to 0.029426
[imu_filter_madgwick_node-3] [INFO] [1770794561.822290682] [imu_filter]: Parameter RLController.pid_kp_ang set to 1.230605
[imu_filter_madgwick_node-3] [INFO] [1770794561.822361436] [imu_filter]: Parameter RLController.pid_ki_ang set to 0.000000
[imu_filter_madgwick_node-3] [INFO] [1770794561.822433341] [imu_filter]: Parameter RLController.pid_kd_ang set to 0.103002
[imu_filter_madgwick_node-3] [INFO] [1770794562.237241650] [imu_filter]: Parameter RLController.pid_kp_lin set to 1.200814
[imu_filter_madgwick_node-3] [INFO] [1770794562.237464438] [imu_filter]: Parameter RLController.pid_ki_lin set to 0.000000
[imu_filter_madgwick_node-3] [INFO] [1770794562.237537976] [imu_filter]: Parameter RLController.pid_kd_lin set to 0.029426
[imu_filter_madgwick_node-3] [INFO] [1770794562.237605625] [imu_filter]: Parameter RLController.pid_kp_ang set to 1.230605
[imu_filter_madgwick_node-3] [INFO] [1770794562.237664922] [imu_filter]: Parameter RLController.pid_ki_ang set to 0.000000
[imu_filter_madgwick_node-3] [INFO] [1770794562.237753340] [imu_filter]: Parameter RLController.pid_kd_ang set to 0.103076
[imu_filter_madgwick_node-3] [INFO] [1770794562.644104702] [imu_filter]: Parameter RLController.pid_kp_lin set to 1.200814
[imu_filter_madgwick_node-3] [INFO] [1770794562.644317795] [imu_filter]: Parameter RLController.pid_ki_lin set to 0.000000
[imu_filter_madgwick_node-3] [INFO] [1770794562.644403525] [imu_filter]: Parameter RLController.pid_kd_lin set to 0.029426
[imu_filter_madgwick_node-3] [INFO] [1770794562.647572295] [imu_filter]: Parameter RLController.pid_kp_ang set to 1.230605
[imu_filter_madgwick_node-3] [INFO] [1770794562.647900686] [imu_filter]: Parameter RLController.pid_ki_ang set to 0.000000
[imu_filter_madgwick_node-3] [INFO] [1770794562.648116019] [imu_filter]: Parameter RLController.pid_kd_ang set to 0.103150
[imu_filter_madgwick_node-3] [INFO] [1770794563.061813488] [imu_filter]: Parameter RLController.pid_kp_lin set to 1.200814
[imu_filter_madgwick_node-3] [INFO] [1770794563.062079733] [imu_filter]: Parameter RLController.pid_ki_lin set to 0.000000
[imu_filter_madgwick_node-3] [INFO] [1770794563.062184632] [imu_filter]: Parameter RLController.pid_kd_lin set to 0.029426
[imu_filter_madgwick_node-3] [INFO] [1770794563.062275098] [imu_filter]: Parameter RLController.pid_kp_ang set to 1.230605
[imu_filter_madgwick_node-3] [INFO] [1770794563.062353467] [imu_filter]: Parameter RLController.pid_ki_ang set to 0.000000
[imu_filter_madgwick_node-3] [INFO] [1770794563.062427837] [imu_filter]: Parameter RLController.pid_kd_ang set to 0.103225
[imu_filter_madgwick_node-3] [INFO] [1770794563.469515150] [imu_filter]: Parameter RLController.pid_kp_lin set to 1.200814
[imu_filter_madgwick_node-3] [INFO] [1770794563.471338709] [imu_filter]: Parameter RLController.pid_ki_lin set to 0.000000
[imu_filter_madgwick_node-3] [INFO] [1770794563.471432151] [imu_filter]: Parameter RLController.pid_kd_lin set to 0.029426
[imu_filter_madgwick_node-3] [INFO] [1770794563.471496024] [imu_filter]: Parameter RLController.pid_kp_ang set to 1.230605
[imu_filter_madgwick_node-3] [INFO] [1770794563.471559641] [imu_filter]: Parameter RLController.pid_ki_ang set to 0.000000
[imu_filter_madgwick_node-3] [INFO] [1770794563.471618715] [imu_filter]: Parameter RLController.pid_kd_ang set to 0.103299
[imu_filter_madgwick_node-3] [INFO] [1770794563.880318862] [imu_filter]: Parameter RLController.pid_kp_lin set to 1.200814
[imu_filter_madgwick_node-3] [INFO] [1770794563.880517778] [imu_filter]: Parameter RLController.pid_ki_lin set to 0.000000
[imu_filter_madgwick_node-3] [INFO] [1770794563.880591412] [imu_filter]: Parameter RLController.pid_kd_lin set to 0.029426
[imu_filter_madgwick_node-3] [INFO] [1770794563.880656693] [imu_filter]: Parameter RLController.pid_kp_ang set to 1.230605
[imu_filter_madgwick_node-3] [INFO] [1770794563.880712854] [imu_filter]: Parameter RLController.pid_ki_ang set to 0.000000
[imu_filter_madgwick_node-3] [INFO] [1770794563.880770488] [imu_filter]: Parameter RLController.pid_kd_ang set to 0.103373
[imu_filter_madgwick_node-3] [INFO] [1770794564.291105870] [imu_filter]: Parameter RLController.pid_kp_lin set to 1.200814
[imu_filter_madgwick_node-3] [INFO] [1770794564.291596504] [imu_filter]: Parameter RLController.pid_ki_lin set to 0.000000
[imu_filter_madgwick_node-3] [INFO] [1770794564.291699514] [imu_filter]: Parameter RLController.pid_kd_lin set to 0.029426
[imu_filter_madgwick_node-3] [INFO] [1770794564.291766427] [imu_filter]: Parameter RLController.pid_kp_ang set to 1.230605
[imu_filter_madgwick_node-3] [INFO] [1770794564.291824349] [imu_filter]: Parameter RLController.pid_ki_ang set to 0.000000
[imu_filter_madgwick_node-3] [INFO] [1770794564.292053762] [imu_filter]: Parameter RLController.pid_kd_ang set to 0.103448
[imu_filter_madgwick_node-3] [INFO] [1770794564.698931438] [imu_filter]: Parameter RLController.pid_kp_lin set to 1.200814
[imu_filter_madgwick_node-3] [INFO] [1770794564.699123987] [imu_filter]: Parameter RLController.pid_ki_lin set to 0.000000
[imu_filter_madgwick_node-3] [INFO] [1770794564.699199188] [imu_filter]: Parameter RLController.pid_kd_lin set to 0.029426
[imu_filter_madgwick_node-3] [INFO] [1770794564.699280854] [imu_filter]: Parameter RLController.pid_kp_ang set to 1.230605
[imu_filter_madgwick_node-3] [INFO] [1770794564.699345847] [imu_filter]: Parameter RLController.pid_ki_ang set to 0.000000
[imu_filter_madgwick_node-3] [INFO] [1770794564.699402008] [imu_filter]: Parameter RLController.pid_kd_ang set to 0.103522
[imu_filter_madgwick_node-3] [INFO] [1770794565.116612511] [imu_filter]: Parameter RLController.pid_kp_lin set to 1.200814
[imu_filter_madgwick_node-3] [INFO] [1770794565.116840580] [imu_filter]: Parameter RLController.pid_ki_lin set to 0.000000
[imu_filter_madgwick_node-3] [INFO] [1770794565.116916326] [imu_filter]: Parameter RLController.pid_kd_lin set to 0.029426
[imu_filter_madgwick_node-3] [INFO] [1770794565.116982151] [imu_filter]: Parameter RLController.pid_kp_ang set to 1.230605
[imu_filter_madgwick_node-3] [INFO] [1770794565.117041609] [imu_filter]: Parameter RLController.pid_ki_ang set to 0.000000
[imu_filter_madgwick_node-3] [INFO] [1770794565.117099786] [imu_filter]: Parameter RLController.pid_kd_ang set to 0.103596
[imu_filter_madgwick_node-3] [INFO] [1770794565.529364296] [imu_filter]: Parameter RLController.pid_kp_lin set to 1.200814
[imu_filter_madgwick_node-3] [INFO] [1770794565.529950869] [imu_filter]: Parameter RLController.pid_ki_lin set to 0.000000
[imu_filter_madgwick_node-3] [INFO] [1770794565.530069271] [imu_filter]: Parameter RLController.pid_kd_lin set to 0.029426
[imu_filter_madgwick_node-3] [INFO] [1770794565.530136921] [imu_filter]: Parameter RLController.pid_kp_ang set to 1.230605
[imu_filter_madgwick_node-3] [INFO] [1770794565.530195226] [imu_filter]: Parameter RLController.pid_ki_ang set to 0.000000
[imu_filter_madgwick_node-3] [INFO] [1770794565.530250459] [imu_filter]: Parameter RLController.pid_kd_ang set to 0.103671
[imu_filter_madgwick_node-3] [INFO] [1770794565.941429379] [imu_filter]: Parameter RLController.pid_kp_lin set to 1.200814
[imu_filter_madgwick_node-3] [INFO] [1770794565.941653000] [imu_filter]: Parameter RLController.pid_ki_lin set to 0.000000
[imu_filter_madgwick_node-3] [INFO] [1770794565.944169501] [imu_filter]: Parameter RLController.pid_kd_lin set to 0.029426
[imu_filter_madgwick_node-3] [INFO] [1770794565.944982318] [imu_filter]: Parameter RLController.pid_kp_ang set to 1.230605
[imu_filter_madgwick_node-3] [INFO] [1770794565.945130321] [imu_filter]: Parameter RLController.pid_ki_ang set to 0.000000
[imu_filter_madgwick_node-3] [INFO] [1770794565.945229075] [imu_filter]: Parameter RLController.pid_kd_ang set to 0.103745
[imu_filter_madgwick_node-3] [INFO] [1770794566.348089291] [imu_filter]: Parameter RLController.pid_kp_lin set to 1.200814
[imu_filter_madgwick_node-3] [INFO] [1770794566.348310544] [imu_filter]: Parameter RLController.pid_ki_lin set to 0.000000
[imu_filter_madgwick_node-3] [INFO] [1770794566.348386066] [imu_filter]: Parameter RLController.pid_kd_lin set to 0.029426
[imu_filter_madgwick_node-3] [INFO] [1770794566.348493460] [imu_filter]: Parameter RLController.pid_kp_ang set to 1.230605
[imu_filter_madgwick_node-3] [INFO] [1770794566.348559989] [imu_filter]: Parameter RLController.pid_ki_ang set to 0.000000
[imu_filter_madgwick_node-3] [INFO] [1770794566.348616694] [imu_filter]: Parameter RLController.pid_kd_ang set to 0.103819
[imu_filter_madgwick_node-3] [INFO] [1770794566.757989368] [imu_filter]: Parameter RLController.pid_kp_lin set to 1.200814
[imu_filter_madgwick_node-3] [INFO] [1770794566.758184924] [imu_filter]: Parameter RLController.pid_ki_lin set to 0.000000
[imu_filter_madgwick_node-3] [INFO] [1770794566.758256830] [imu_filter]: Parameter RLController.pid_kd_lin set to 0.029426
[imu_filter_madgwick_node-3] [INFO] [1770794566.758318239] [imu_filter]: Parameter RLController.pid_kp_ang set to 1.230605
[imu_filter_madgwick_node-3] [INFO] [1770794566.758373280] [imu_filter]: Parameter RLController.pid_ki_ang set to 0.000000
[imu_filter_madgwick_node-3] [INFO] [1770794566.758431809] [imu_filter]: Parameter RLController.pid_kd_ang set to 0.103894
[imu_filter_madgwick_node-3] [INFO] [1770794567.165791545] [imu_filter]: Parameter RLController.pid_kp_lin set to 1.200814
[imu_filter_madgwick_node-3] [INFO] [1770794567.168861977] [imu_filter]: Parameter RLController.pid_ki_lin set to 0.000000
[imu_filter_madgwick_node-3] [INFO] [1770794567.169098718] [imu_filter]: Parameter RLController.pid_kd_lin set to 0.029426
[imu_filter_madgwick_node-3] [INFO] [1770794567.169215969] [imu_filter]: Parameter RLController.pid_kp_ang set to 1.230605
[imu_filter_madgwick_node-3] [INFO] [1770794567.169304803] [imu_filter]: Parameter RLController.pid_ki_ang set to 0.000000
[imu_filter_madgwick_node-3] [INFO] [1770794567.170328760] [imu_filter]: Parameter RLController.pid_kd_ang set to 0.103968
[imu_filter_madgwick_node-3] [INFO] [1770794567.578680068] [imu_filter]: Parameter RLController.pid_kp_lin set to 1.200814
[imu_filter_madgwick_node-3] [INFO] [1770794567.579416372] [imu_filter]: Parameter RLController.pid_ki_lin set to 0.000000
[imu_filter_madgwick_node-3] [INFO] [1770794567.581574849] [imu_filter]: Parameter RLController.pid_kd_lin set to 0.029426
[imu_filter_madgwick_node-3] [INFO] [1770794567.581897128] [imu_filter]: Parameter RLController.pid_kp_ang set to 1.230605
[imu_filter_madgwick_node-3] [INFO] [1770794567.582014731] [imu_filter]: Parameter RLController.pid_ki_ang set to 0.000000
[imu_filter_madgwick_node-3] [INFO] [1770794567.582599799] [imu_filter]: Parameter RLController.pid_kd_ang set to 0.104042
[imu_filter_madgwick_node-3] [INFO] [1770794567.996064271] [imu_filter]: Parameter RLController.pid_kp_lin set to 1.200814
[imu_filter_madgwick_node-3] [INFO] [1770794567.997372619] [imu_filter]: Parameter RLController.pid_ki_lin set to 0.000000
[imu_filter_madgwick_node-3] [INFO] [1770794567.997528014] [imu_filter]: Parameter RLController.pid_kd_lin set to 0.029426
[imu_filter_madgwick_node-3] [INFO] [1770794567.997608592] [imu_filter]: Parameter RLController.pid_kp_ang set to 1.230605
[imu_filter_madgwick_node-3] [INFO] [1770794567.997672273] [imu_filter]: Parameter RLController.pid_ki_ang set to 0.000000
[imu_filter_madgwick_node-3] [INFO] [1770794567.997901142] [imu_filter]: Parameter RLController.pid_kd_ang set to 0.104117
[imu_filter_madgwick_node-3] [INFO] [1770794568.409621001] [imu_filter]: Parameter RLController.pid_kp_lin set to 1.200814
[imu_filter_madgwick_node-3] [INFO] [1770794568.409886287] [imu_filter]: Parameter RLController.pid_ki_lin set to 0.000000
[imu_filter_madgwick_node-3] [INFO] [1770794568.409992017] [imu_filter]: Parameter RLController.pid_kd_lin set to 0.029426
[imu_filter_madgwick_node-3] [INFO] [1770794568.410074355] [imu_filter]: Parameter RLController.pid_kp_ang set to 1.230605
[imu_filter_madgwick_node-3] [INFO] [1770794568.410146548] [imu_filter]: Parameter RLController.pid_ki_ang set to 0.000000
[imu_filter_madgwick_node-3] [INFO] [1770794568.410220694] [imu_filter]: Parameter RLController.pid_kd_ang set to 0.104191
[imu_filter_madgwick_node-3] [INFO] [1770794568.821288635] [imu_filter]: Parameter RLController.pid_kp_lin set to 1.200814
[imu_filter_madgwick_node-3] [INFO] [1770794568.821497440] [imu_filter]: Parameter RLController.pid_ki_lin set to 0.000000
[imu_filter_madgwick_node-3] [INFO] [1770794568.821668931] [imu_filter]: Parameter RLController.pid_kd_lin set to 0.029426
[imu_filter_madgwick_node-3] [INFO] [1770794568.821762821] [imu_filter]: Parameter RLController.pid_kp_ang set to 1.230605
[imu_filter_madgwick_node-3] [INFO] [1770794568.825783930] [imu_filter]: Parameter RLController.pid_ki_ang set to 0.000000
[imu_filter_madgwick_node-3] [INFO] [1770794568.825980062] [imu_filter]: Parameter RLController.pid_kd_ang set to 0.104265
[imu_filter_madgwick_node-3] [INFO] [1770794569.234161223] [imu_filter]: Parameter RLController.pid_kp_lin set to 1.200814
[imu_filter_madgwick_node-3] [INFO] [1770794569.234373707] [imu_filter]: Parameter RLController.pid_ki_lin set to 0.000000
[imu_filter_madgwick_node-3] [INFO] [1770794569.234445293] [imu_filter]: Parameter RLController.pid_kd_lin set to 0.029426
[imu_filter_madgwick_node-3] [INFO] [1770794569.234513358] [imu_filter]: Parameter RLController.pid_kp_ang set to 1.230605
[imu_filter_madgwick_node-3] [INFO] [1770794569.234572047] [imu_filter]: Parameter RLController.pid_ki_ang set to 0.000000
[imu_filter_madgwick_node-3] [INFO] [1770794569.234629425] [imu_filter]: Parameter RLController.pid_kd_ang set to 0.104340
[imu_filter_madgwick_node-3] [INFO] [1770794569.643177345] [imu_filter]: Parameter RLController.pid_kp_lin set to 1.200814
[imu_filter_madgwick_node-3] [INFO] [1770794569.643497128] [imu_filter]: Parameter RLController.pid_ki_lin set to 0.000000
[imu_filter_madgwick_node-3] [INFO] [1770794569.643720236] [imu_filter]: Parameter RLController.pid_kd_lin set to 0.029426
[imu_filter_madgwick_node-3] [INFO] [1770794569.643839471] [imu_filter]: Parameter RLController.pid_kp_ang set to 1.230605
[imu_filter_madgwick_node-3] [INFO] [1770794569.643943089] [imu_filter]: Parameter RLController.pid_ki_ang set to 0.000000
[imu_filter_madgwick_node-3] [INFO] [1770794569.644090932] [imu_filter]: Parameter RLController.pid_kd_ang set to 0.104414
[imu_filter_madgwick_node-3] [INFO] [1770794570.053647418] [imu_filter]: Parameter RLController.pid_kp_lin set to 1.200814
[imu_filter_madgwick_node-3] [INFO] [1770794570.055454688] [imu_filter]: Parameter RLController.pid_ki_lin set to 0.000000
[imu_filter_madgwick_node-3] [INFO] [1770794570.055600291] [imu_filter]: Parameter RLController.pid_kd_lin set to 0.029426
[imu_filter_madgwick_node-3] [INFO] [1770794570.055671428] [imu_filter]: Parameter RLController.pid_kp_ang set to 1.230605
[imu_filter_madgwick_node-3] [INFO] [1770794570.055728678] [imu_filter]: Parameter RLController.pid_ki_ang set to 0.000000
[imu_filter_madgwick_node-3] [INFO] [1770794570.055785703] [imu_filter]: Parameter RLController.pid_kd_ang set to 0.104488
[imu_filter_madgwick_node-3] [INFO] [1770794570.461033329] [imu_filter]: Parameter RLController.pid_kp_lin set to 1.200814
[imu_filter_madgwick_node-3] [INFO] [1770794570.461642142] [imu_filter]: Parameter RLController.pid_ki_lin set to 0.000000
[imu_filter_madgwick_node-3] [INFO] [1770794570.461818370] [imu_filter]: Parameter RLController.pid_kd_lin set to 0.029426
[imu_filter_madgwick_node-3] [INFO] [1770794570.461910692] [imu_filter]: Parameter RLController.pid_kp_ang set to 1.230605
[imu_filter_madgwick_node-3] [INFO] [1770794570.461986693] [imu_filter]: Parameter RLController.pid_ki_ang set to 0.000000
[imu_filter_madgwick_node-3] [INFO] [1770794570.462058279] [imu_filter]: Parameter RLController.pid_kd_ang set to 0.104562
[imu_filter_madgwick_node-3] [INFO] [1770794570.875123030] [imu_filter]: Parameter RLController.pid_kp_lin set to 1.200814
[imu_filter_madgwick_node-3] [INFO] [1770794570.875332251] [imu_filter]: Parameter RLController.pid_ki_lin set to 0.000000
[imu_filter_madgwick_node-3] [INFO] [1770794570.875402460] [imu_filter]: Parameter RLController.pid_kd_lin set to 0.029426
[imu_filter_madgwick_node-3] [INFO] [1770794570.875461598] [imu_filter]: Parameter RLController.pid_kp_ang set to 1.230605
[imu_filter_madgwick_node-3] [INFO] [1770794570.875515263] [imu_filter]: Parameter RLController.pid_ki_ang set to 0.000000
[imu_filter_madgwick_node-3] [INFO] [1770794570.875570144] [imu_filter]: Parameter RLController.pid_kd_ang set to 0.104637
[imu_filter_madgwick_node-3] [INFO] [1770794571.288918997] [imu_filter]: Parameter RLController.pid_kp_lin set to 1.200814
[imu_filter_madgwick_node-3] [INFO] [1770794571.289997676] [imu_filter]: Parameter RLController.pid_ki_lin set to 0.000000
[imu_filter_madgwick_node-3] [INFO] [1770794571.290325683] [imu_filter]: Parameter RLController.pid_kd_lin set to 0.029426
[imu_filter_madgwick_node-3] [INFO] [1770794571.290437366] [imu_filter]: Parameter RLController.pid_kp_ang set to 1.230605
[imu_filter_madgwick_node-3] [INFO] [1770794571.290519063] [imu_filter]: Parameter RLController.pid_ki_ang set to 0.000000
[imu_filter_madgwick_node-3] [INFO] [1770794571.290662010] [imu_filter]: Parameter RLController.pid_kd_ang set to 0.104711
[imu_filter_madgwick_node-3] [INFO] [1770794571.700073277] [imu_filter]: Parameter RLController.pid_kp_lin set to 1.200814
[imu_filter_madgwick_node-3] [INFO] [1770794571.700420932] [imu_filter]: Parameter RLController.pid_ki_lin set to 0.000000
[imu_filter_madgwick_node-3] [INFO] [1770794571.700507494] [imu_filter]: Parameter RLController.pid_kd_lin set to 0.029426
[imu_filter_madgwick_node-3] [INFO] [1770794571.700684522] [imu_filter]: Parameter RLController.pid_kp_ang set to 1.230605
[imu_filter_madgwick_node-3] [INFO] [1770794571.700749419] [imu_filter]: Parameter RLController.pid_ki_ang set to 0.000000
[imu_filter_madgwick_node-3] [INFO] [1770794571.700810028] [imu_filter]: Parameter RLController.pid_kd_ang set to 0.104785
[imu_filter_madgwick_node-3] [INFO] [1770794572.104627161] [imu_filter]: Parameter RLController.pid_kp_lin set to 1.200814
[imu_filter_madgwick_node-3] [INFO] [1770794572.104855997] [imu_filter]: Parameter RLController.pid_ki_lin set to 0.000000
[imu_filter_madgwick_node-3] [INFO] [1770794572.106606498] [imu_filter]: Parameter RLController.pid_kd_lin set to 0.029426
[imu_filter_madgwick_node-3] [INFO] [1770794572.108033793] [imu_filter]: Parameter RLController.pid_kp_ang set to 1.230605
[imu_filter_madgwick_node-3] [INFO] [1770794572.108220292] [imu_filter]: Parameter RLController.pid_ki_ang set to 0.000000
[imu_filter_madgwick_node-3] [INFO] [1770794572.108296742] [imu_filter]: Parameter RLController.pid_kd_ang set to 0.104860
[imu_filter_madgwick_node-3] [INFO] [1770794572.511722058] [imu_filter]: Parameter RLController.pid_kp_lin set to 1.200814
[imu_filter_madgwick_node-3] [INFO] [1770794572.511942895] [imu_filter]: Parameter RLController.pid_ki_lin set to 0.000000
[imu_filter_madgwick_node-3] [INFO] [1770794572.512011440] [imu_filter]: Parameter RLController.pid_kd_lin set to 0.029426
[imu_filter_madgwick_node-3] [INFO] [1770794572.512071186] [imu_filter]: Parameter RLController.pid_kp_ang set to 1.230605
[imu_filter_madgwick_node-3] [INFO] [1770794572.512125971] [imu_filter]: Parameter RLController.pid_ki_ang set to 0.000000
[imu_filter_madgwick_node-3] [INFO] [1770794572.512179700] [imu_filter]: Parameter RLController.pid_kd_ang set to 0.104934
[imu_filter_madgwick_node-3] [INFO] [1770794572.920786245] [imu_filter]: Parameter RLController.pid_kp_lin set to 1.200814
[imu_filter_madgwick_node-3] [INFO] [1770794572.921387474] [imu_filter]: Parameter RLController.pid_ki_lin set to 0.000000
[imu_filter_madgwick_node-3] [INFO] [1770794572.921544725] [imu_filter]: Parameter RLController.pid_kd_lin set to 0.029426
[imu_filter_madgwick_node-3] [INFO] [1770794572.921693784] [imu_filter]: Parameter RLController.pid_kp_ang set to 1.230605
[imu_filter_madgwick_node-3] [INFO] [1770794572.921801755] [imu_filter]: Parameter RLController.pid_ki_ang set to 0.000000
[imu_filter_madgwick_node-3] [INFO] [1770794572.922017663] [imu_filter]: Parameter RLController.pid_kd_ang set to 0.105008
[imu_filter_madgwick_node-3] [INFO] [1770794573.334607365] [imu_filter]: Parameter RLController.pid_kp_lin set to 1.200814
[imu_filter_madgwick_node-3] [INFO] [1770794573.336824116] [imu_filter]: Parameter RLController.pid_ki_lin set to 0.000000
[imu_filter_madgwick_node-3] [INFO] [1770794573.337000407] [imu_filter]: Parameter RLController.pid_kd_lin set to 0.029426
[imu_filter_madgwick_node-3] [INFO] [1770794573.337068921] [imu_filter]: Parameter RLController.pid_kp_ang set to 1.230605
[imu_filter_madgwick_node-3] [INFO] [1770794573.337127930] [imu_filter]: Parameter RLController.pid_ki_ang set to 0.000000
[imu_filter_madgwick_node-3] [INFO] [1770794573.337182075] [imu_filter]: Parameter RLController.pid_kd_ang set to 0.105083
[imu_filter_madgwick_node-3] [INFO] [1770794573.744503249] [imu_filter]: Parameter RLController.pid_kp_lin set to 1.200814
[imu_filter_madgwick_node-3] [INFO] [1770794573.745552680] [imu_filter]: Parameter RLController.pid_ki_lin set to 0.000000
[imu_filter_madgwick_node-3] [INFO] [1770794573.745862318] [imu_filter]: Parameter RLController.pid_kd_lin set to 0.029426
[imu_filter_madgwick_node-3] [INFO] [1770794573.746012625] [imu_filter]: Parameter RLController.pid_kp_ang set to 1.230605
[imu_filter_madgwick_node-3] [INFO] [1770794573.746148692] [imu_filter]: Parameter RLController.pid_ki_ang set to 0.000000
[imu_filter_madgwick_node-3] [INFO] [1770794573.746259703] [imu_filter]: Parameter RLController.pid_kd_ang set to 0.105157
[imu_filter_madgwick_node-3] [INFO] [1770794574.150804850] [imu_filter]: Parameter RLController.pid_kp_lin set to 1.200814
[imu_filter_madgwick_node-3] [INFO] [1770794574.151015479] [imu_filter]: Parameter RLController.pid_ki_lin set to 0.000000
[imu_filter_madgwick_node-3] [INFO] [1770794574.151083768] [imu_filter]: Parameter RLController.pid_kd_lin set to 0.029426
[imu_filter_madgwick_node-3] [INFO] [1770794574.151139449] [imu_filter]: Parameter RLController.pid_kp_ang set to 1.230605
[imu_filter_madgwick_node-3] [INFO] [1770794574.151197371] [imu_filter]: Parameter RLController.pid_ki_ang set to 0.000000
[imu_filter_madgwick_node-3] [INFO] [1770794574.151253212] [imu_filter]: Parameter RLController.pid_kd_ang set to 0.105231
[imu_filter_madgwick_node-3] [INFO] [1770794574.562991439] [imu_filter]: Parameter RLController.pid_kp_lin set to 1.200814
[imu_filter_madgwick_node-3] [INFO] [1770794574.563192148] [imu_filter]: Parameter RLController.pid_ki_lin set to 0.000000
[imu_filter_madgwick_node-3] [INFO] [1770794574.563266805] [imu_filter]: Parameter RLController.pid_kd_lin set to 0.029426
[imu_filter_madgwick_node-3] [INFO] [1770794574.563326070] [imu_filter]: Parameter RLController.pid_kp_ang set to 1.230605
[imu_filter_madgwick_node-3] [INFO] [1770794574.563381848] [imu_filter]: Parameter RLController.pid_ki_ang set to 0.000000
[imu_filter_madgwick_node-3] [INFO] [1770794574.563548795] [imu_filter]: Parameter RLController.pid_kd_ang set to 0.105306
[imu_filter_madgwick_node-3] [INFO] [1770794574.970376135] [imu_filter]: Parameter RLController.pid_kp_lin set to 1.200814
[imu_filter_madgwick_node-3] [INFO] [1770794574.970575787] [imu_filter]: Parameter RLController.pid_ki_lin set to 0.000000
[imu_filter_madgwick_node-3] [INFO] [1770794574.970655917] [imu_filter]: Parameter RLController.pid_kd_lin set to 0.029426
[imu_filter_madgwick_node-3] [INFO] [1770794574.970727118] [imu_filter]: Parameter RLController.pid_kp_ang set to 1.230605
[imu_filter_madgwick_node-3] [INFO] [1770794574.970790032] [imu_filter]: Parameter RLController.pid_ki_ang set to 0.000000
[imu_filter_madgwick_node-3] [INFO] [1770794574.970851409] [imu_filter]: Parameter RLController.pid_kd_ang set to 0.105380
[imu_filter_madgwick_node-3] [INFO] [1770794575.380154033] [imu_filter]: Parameter RLController.pid_kp_lin set to 1.200814
[imu_filter_madgwick_node-3] [INFO] [1770794575.381363691] [imu_filter]: Parameter RLController.pid_ki_lin set to 0.000000
[imu_filter_madgwick_node-3] [INFO] [1770794575.381492941] [imu_filter]: Parameter RLController.pid_kd_lin set to 0.029426
[imu_filter_madgwick_node-3] [INFO] [1770794575.385093593] [imu_filter]: Parameter RLController.pid_kp_ang set to 1.230605
[imu_filter_madgwick_node-3] [INFO] [1770794575.385301694] [imu_filter]: Parameter RLController.pid_ki_ang set to 0.000000
[imu_filter_madgwick_node-3] [INFO] [1770794575.385381120] [imu_filter]: Parameter RLController.pid_kd_ang set to 0.105454
[imu_filter_madgwick_node-3] [INFO] [1770794575.790059294] [imu_filter]: Parameter RLController.pid_kp_lin set to 1.200814
[imu_filter_madgwick_node-3] [INFO] [1770794575.791335545] [imu_filter]: Parameter RLController.pid_ki_lin set to 0.000000
[imu_filter_madgwick_node-3] [INFO] [1770794575.795881945] [imu_filter]: Parameter RLController.pid_kd_lin set to 0.029426
[imu_filter_madgwick_node-3] [INFO] [1770794575.796088445] [imu_filter]: Parameter RLController.pid_kp_ang set to 1.230605
[imu_filter_madgwick_node-3] [INFO] [1770794575.796160447] [imu_filter]: Parameter RLController.pid_ki_ang set to 0.000000
[imu_filter_madgwick_node-3] [INFO] [1770794575.796222176] [imu_filter]: Parameter RLController.pid_kd_ang set to 0.105529
[imu_filter_madgwick_node-3] [INFO] [1770794576.207608332] [imu_filter]: Parameter RLController.pid_kp_lin set to 1.200814
[imu_filter_madgwick_node-3] [INFO] [1770794576.207841169] [imu_filter]: Parameter RLController.pid_ki_lin set to 0.000000
[imu_filter_madgwick_node-3] [INFO] [1770794576.207918771] [imu_filter]: Parameter RLController.pid_kd_lin set to 0.029426
[imu_filter_madgwick_node-3] [INFO] [1770794576.207978708] [imu_filter]: Parameter RLController.pid_kp_ang set to 1.230605
[imu_filter_madgwick_node-3] [INFO] [1770794576.208035701] [imu_filter]: Parameter RLController.pid_ki_ang set to 0.000000
[imu_filter_madgwick_node-3] [INFO] [1770794576.208115127] [imu_filter]: Parameter RLController.pid_kd_ang set to 0.105603
[imu_filter_madgwick_node-3] [INFO] [1770794576.616461155] [imu_filter]: Parameter RLController.pid_kp_lin set to 1.200814
[imu_filter_madgwick_node-3] [INFO] [1770794576.616666759] [imu_filter]: Parameter RLController.pid_ki_lin set to 0.000000
[imu_filter_madgwick_node-3] [INFO] [1770794576.616744361] [imu_filter]: Parameter RLController.pid_kd_lin set to 0.029426
[imu_filter_madgwick_node-3] [INFO] [1770794576.616810922] [imu_filter]: Parameter RLController.pid_kp_ang set to 1.230605
[imu_filter_madgwick_node-3] [INFO] [1770794576.616872396] [imu_filter]: Parameter RLController.pid_ki_ang set to 0.000000
[imu_filter_madgwick_node-3] [INFO] [1770794576.616933741] [imu_filter]: Parameter RLController.pid_kd_ang set to 0.105677
[imu_filter_madgwick_node-3] [INFO] [1770794577.030161280] [imu_filter]: Parameter RLController.pid_kp_lin set to 1.200814
[imu_filter_madgwick_node-3] [INFO] [1770794577.030394469] [imu_filter]: Parameter RLController.pid_ki_lin set to 0.000000
[imu_filter_madgwick_node-3] [INFO] [1770794577.030487207] [imu_filter]: Parameter RLController.pid_kd_lin set to 0.029426
[imu_filter_madgwick_node-3] [INFO] [1770794577.030557768] [imu_filter]: Parameter RLController.pid_kp_ang set to 1.230605
[imu_filter_madgwick_node-3] [INFO] [1770794577.030619626] [imu_filter]: Parameter RLController.pid_ki_ang set to 0.000000
[imu_filter_madgwick_node-3] [INFO] [1770794577.030682315] [imu_filter]: Parameter RLController.pid_kd_ang set to 0.105752
[imu_filter_madgwick_node-3] [INFO] [1770794577.440992992] [imu_filter]: Parameter RLController.pid_kp_lin set to 1.200814
[imu_filter_madgwick_node-3] [INFO] [1770794577.441198693] [imu_filter]: Parameter RLController.pid_ki_lin set to 0.000000
[imu_filter_madgwick_node-3] [INFO] [1770794577.441277254] [imu_filter]: Parameter RLController.pid_kd_lin set to 0.029426
[imu_filter_madgwick_node-3] [INFO] [1770794577.441347016] [imu_filter]: Parameter RLController.pid_kp_ang set to 1.230605
[imu_filter_madgwick_node-3] [INFO] [1770794577.441410761] [imu_filter]: Parameter RLController.pid_ki_ang set to 0.000000
[imu_filter_madgwick_node-3] [INFO] [1770794577.441476907] [imu_filter]: Parameter RLController.pid_kd_ang set to 0.105826
[imu_filter_madgwick_node-3] [INFO] [1770794577.853499428] [imu_filter]: Parameter RLController.pid_kp_lin set to 1.200814
[imu_filter_madgwick_node-3] [INFO] [1770794577.853733609] [imu_filter]: Parameter RLController.pid_ki_lin set to 0.000000
[imu_filter_madgwick_node-3] [INFO] [1770794577.855827669] [imu_filter]: Parameter RLController.pid_kd_lin set to 0.029426
[imu_filter_madgwick_node-3] [INFO] [1770794577.856029562] [imu_filter]: Parameter RLController.pid_kp_ang set to 1.230605
[imu_filter_madgwick_node-3] [INFO] [1770794577.856106491] [imu_filter]: Parameter RLController.pid_ki_ang set to 0.000000
[imu_filter_madgwick_node-3] [INFO] [1770794577.856168220] [imu_filter]: Parameter RLController.pid_kd_ang set to 0.105900
[imu_filter_madgwick_node-3] [INFO] [1770794578.266170507] [imu_filter]: Parameter RLController.pid_kp_lin set to 1.200814
[imu_filter_madgwick_node-3] [INFO] [1770794578.266391248] [imu_filter]: Parameter RLController.pid_ki_lin set to 0.000000
[imu_filter_madgwick_node-3] [INFO] [1770794578.266593172] [imu_filter]: Parameter RLController.pid_kd_lin set to 0.029426
[imu_filter_madgwick_node-3] [INFO] [1770794578.266666902] [imu_filter]: Parameter RLController.pid_kp_ang set to 1.230605
[imu_filter_madgwick_node-3] [INFO] [1770794578.266727735] [imu_filter]: Parameter RLController.pid_ki_ang set to 0.000000
[imu_filter_madgwick_node-3] [INFO] [1770794578.266785016] [imu_filter]: Parameter RLController.pid_kd_ang set to 0.105975
[imu_filter_madgwick_node-3] [INFO] [1770794578.676512609] [imu_filter]: Parameter RLController.pid_kp_lin set to 1.200814
[imu_filter_madgwick_node-3] [INFO] [1770794578.676699973] [imu_filter]: Parameter RLController.pid_ki_lin set to 0.000000
[imu_filter_madgwick_node-3] [INFO] [1770794578.676775239] [imu_filter]: Parameter RLController.pid_kd_lin set to 0.029426
[imu_filter_madgwick_node-3] [INFO] [1770794578.676839592] [imu_filter]: Parameter RLController.pid_kp_ang set to 1.230605
[imu_filter_madgwick_node-3] [INFO] [1770794578.683238511] [imu_filter]: Parameter RLController.pid_ki_ang set to 0.000000
[imu_filter_madgwick_node-3] [INFO] [1770794578.684649837] [imu_filter]: Parameter RLController.pid_kd_ang set to 0.106049
[imu_filter_madgwick_node-3] [INFO] [1770794579.084968208] [imu_filter]: Parameter RLController.pid_kp_lin set to 1.200814
[imu_filter_madgwick_node-3] [INFO] [1770794579.085165844] [imu_filter]: Parameter RLController.pid_ki_lin set to 0.000000
[imu_filter_madgwick_node-3] [INFO] [1770794579.088213844] [imu_filter]: Parameter RLController.pid_kd_lin set to 0.029426
[imu_filter_madgwick_node-3] [INFO] [1770794579.088381144] [imu_filter]: Parameter RLController.pid_kp_ang set to 1.230605
[imu_filter_madgwick_node-3] [INFO] [1770794579.088453177] [imu_filter]: Parameter RLController.pid_ki_ang set to 0.000000
[imu_filter_madgwick_node-3] [INFO] [1770794579.088513883] [imu_filter]: Parameter RLController.pid_kd_ang set to 0.106124
[imu_filter_madgwick_node-3] [INFO] [1770794579.505726594] [imu_filter]: Parameter RLController.pid_kp_lin set to 1.200814
[imu_filter_madgwick_node-3] [INFO] [1770794579.505950726] [imu_filter]: Parameter RLController.pid_ki_lin set to 0.000000
[imu_filter_madgwick_node-3] [INFO] [1770794579.506022152] [imu_filter]: Parameter RLController.pid_kd_lin set to 0.029426
[imu_filter_madgwick_node-3] [INFO] [1770794579.506083081] [imu_filter]: Parameter RLController.pid_kp_ang set to 1.230605
[imu_filter_madgwick_node-3] [INFO] [1770794579.506135946] [imu_filter]: Parameter RLController.pid_ki_ang set to 0.000000
[imu_filter_madgwick_node-3] [INFO] [1770794579.506190220] [imu_filter]: Parameter RLController.pid_kd_ang set to 0.106198
[imu_filter_madgwick_node-3] [INFO] [1770794579.916699749] [imu_filter]: Parameter RLController.pid_kp_lin set to 1.200814
[imu_filter_madgwick_node-3] [INFO] [1770794579.916923978] [imu_filter]: Parameter RLController.pid_ki_lin set to 0.000000
[imu_filter_madgwick_node-3] [INFO] [1770794579.916998187] [imu_filter]: Parameter RLController.pid_kd_lin set to 0.029426
[imu_filter_madgwick_node-3] [INFO] [1770794579.917066221] [imu_filter]: Parameter RLController.pid_kp_ang set to 1.230605
[imu_filter_madgwick_node-3] [INFO] [1770794579.918345896] [imu_filter]: Parameter RLController.pid_ki_ang set to 0.000000
[imu_filter_madgwick_node-3] [INFO] [1770794579.918495563] [imu_filter]: Parameter RLController.pid_kd_ang set to 0.106272
[imu_filter_madgwick_node-3] [INFO] [1770794580.324957839] [imu_filter]: Parameter RLController.pid_kp_lin set to 1.200814
[imu_filter_madgwick_node-3] [INFO] [1770794580.325518459] [imu_filter]: Parameter RLController.pid_ki_lin set to 0.000000
[imu_filter_madgwick_node-3] [INFO] [1770794580.328284853] [imu_filter]: Parameter RLController.pid_kd_lin set to 0.029426
[imu_filter_madgwick_node-3] [INFO] [1770794580.328456441] [imu_filter]: Parameter RLController.pid_kp_ang set to 1.230605
[imu_filter_madgwick_node-3] [INFO] [1770794580.328528347] [imu_filter]: Parameter RLController.pid_ki_ang set to 0.000000
[imu_filter_madgwick_node-3] [INFO] [1770794580.328588988] [imu_filter]: Parameter RLController.pid_kd_ang set to 0.106347
[imu_filter_madgwick_node-3] [INFO] [1770794580.738076672] [imu_filter]: Parameter RLController.pid_kp_lin set to 1.200814
[imu_filter_madgwick_node-3] [INFO] [1770794580.738299045] [imu_filter]: Parameter RLController.pid_ki_lin set to 0.000000
[imu_filter_madgwick_node-3] [INFO] [1770794580.738528490] [imu_filter]: Parameter RLController.pid_kd_lin set to 0.029426
[imu_filter_madgwick_node-3] [INFO] [1770794580.738617643] [imu_filter]: Parameter RLController.pid_kp_ang set to 1.230605
[imu_filter_madgwick_node-3] [INFO] [1770794580.738689581] [imu_filter]: Parameter RLController.pid_ki_ang set to 0.000000
[imu_filter_madgwick_node-3] [INFO] [1770794580.738758542] [imu_filter]: Parameter RLController.pid_kd_ang set to 0.106421
[imu_filter_madgwick_node-3] [INFO] [1770794581.150780808] [imu_filter]: Parameter RLController.pid_kp_lin set to 1.200814
[imu_filter_madgwick_node-3] [INFO] [1770794581.151131535] [imu_filter]: Parameter RLController.pid_ki_lin set to 0.000000
[imu_filter_madgwick_node-3] [INFO] [1770794581.151220401] [imu_filter]: Parameter RLController.pid_kd_lin set to 0.029426
[imu_filter_madgwick_node-3] [INFO] [1770794581.151288851] [imu_filter]: Parameter RLController.pid_kp_ang set to 1.230605
[imu_filter_madgwick_node-3] [INFO] [1770794581.151348564] [imu_filter]: Parameter RLController.pid_ki_ang set to 0.000000
[imu_filter_madgwick_node-3] [INFO] [1770794581.151404693] [imu_filter]: Parameter RLController.pid_kd_ang set to 0.106495
[imu_filter_madgwick_node-3] [INFO] [1770794581.555543912] [imu_filter]: Parameter RLController.pid_kp_lin set to 1.200814
[imu_filter_madgwick_node-3] [INFO] [1770794581.556094772] [imu_filter]: Parameter RLController.pid_ki_lin set to 0.000000
[imu_filter_madgwick_node-3] [INFO] [1770794581.556206262] [imu_filter]: Parameter RLController.pid_kd_lin set to 0.029426
[imu_filter_madgwick_node-3] [INFO] [1770794581.556271320] [imu_filter]: Parameter RLController.pid_kp_ang set to 1.230605
[imu_filter_madgwick_node-3] [INFO] [1770794581.556329817] [imu_filter]: Parameter RLController.pid_ki_ang set to 0.000000
[imu_filter_madgwick_node-3] [INFO] [1770794581.556387098] [imu_filter]: Parameter RLController.pid_kd_ang set to 0.106570
[imu_filter_madgwick_node-3] [INFO] [1770794581.968438580] [imu_filter]: Parameter RLController.pid_kp_lin set to 1.200814
[imu_filter_madgwick_node-3] [INFO] [1770794581.968654649] [imu_filter]: Parameter RLController.pid_ki_lin set to 0.000000
[imu_filter_madgwick_node-3] [INFO] [1770794581.968732442] [imu_filter]: Parameter RLController.pid_kd_lin set to 0.029426
[imu_filter_madgwick_node-3] [INFO] [1770794581.968797020] [imu_filter]: Parameter RLController.pid_kp_ang set to 1.230605
[imu_filter_madgwick_node-3] [INFO] [1770794581.968855709] [imu_filter]: Parameter RLController.pid_ki_ang set to 0.000000
[imu_filter_madgwick_node-3] [INFO] [1770794581.968913598] [imu_filter]: Parameter RLController.pid_kd_ang set to 0.106644
[imu_filter_madgwick_node-3] [INFO] [1770794582.374692596] [imu_filter]: Parameter RLController.pid_kp_lin set to 1.200814
[imu_filter_madgwick_node-3] [INFO] [1770794582.374913753] [imu_filter]: Parameter RLController.pid_ki_lin set to 0.000000
[imu_filter_madgwick_node-3] [INFO] [1770794582.374985914] [imu_filter]: Parameter RLController.pid_kd_lin set to 0.029426
[imu_filter_madgwick_node-3] [INFO] [1770794582.375051900] [imu_filter]: Parameter RLController.pid_kp_ang set to 1.230605
[imu_filter_madgwick_node-3] [INFO] [1770794582.379418072] [imu_filter]: Parameter RLController.pid_ki_ang set to 0.000000
[imu_filter_madgwick_node-3] [INFO] [1770794582.379703230] [imu_filter]: Parameter RLController.pid_kd_ang set to 0.106718
[imu_filter_madgwick_node-3] [INFO] [1770794582.788636758] [imu_filter]: Parameter RLController.pid_kp_lin set to 1.200814
[imu_filter_madgwick_node-3] [INFO] [1770794582.788837274] [imu_filter]: Parameter RLController.pid_ki_lin set to 0.000000
[imu_filter_madgwick_node-3] [INFO] [1770794582.788907804] [imu_filter]: Parameter RLController.pid_kd_lin set to 0.029426
[imu_filter_madgwick_node-3] [INFO] [1770794582.788969725] [imu_filter]: Parameter RLController.pid_kp_ang set to 1.230605
[imu_filter_madgwick_node-3] [INFO] [1770794582.789024862] [imu_filter]: Parameter RLController.pid_ki_ang set to 0.000000
[imu_filter_madgwick_node-3] [INFO] [1770794582.789080800] [imu_filter]: Parameter RLController.pid_kd_ang set to 0.106792
[imu_filter_madgwick_node-3] [INFO] [1770794583.203375657] [imu_filter]: Parameter RLController.pid_kp_lin set to 1.200814
[imu_filter_madgwick_node-3] [INFO] [1770794583.203616142] [imu_filter]: Parameter RLController.pid_ki_lin set to 0.000000
[imu_filter_madgwick_node-3] [INFO] [1770794583.207168665] [imu_filter]: Parameter RLController.pid_kd_lin set to 0.029426
[imu_filter_madgwick_node-3] [INFO] [1770794583.207498752] [imu_filter]: Parameter RLController.pid_kp_ang set to 1.230605
[imu_filter_madgwick_node-3] [INFO] [1770794583.207576930] [imu_filter]: Parameter RLController.pid_ki_ang set to 0.000000
[imu_filter_madgwick_node-3] [INFO] [1770794583.207638595] [imu_filter]: Parameter RLController.pid_kd_ang set to 0.106867
[imu_filter_madgwick_node-3] [INFO] [1770794583.613213877] [imu_filter]: Parameter RLController.pid_kp_lin set to 1.200814
[imu_filter_madgwick_node-3] [INFO] [1770794583.613450074] [imu_filter]: Parameter RLController.pid_ki_lin set to 0.000000
[imu_filter_madgwick_node-3] [INFO] [1770794583.613645982] [imu_filter]: Parameter RLController.pid_kd_lin set to 0.029426
[imu_filter_madgwick_node-3] [INFO] [1770794583.613755360] [imu_filter]: Parameter RLController.pid_kp_ang set to 1.230605
[imu_filter_madgwick_node-3] [INFO] [1770794583.613929508] [imu_filter]: Parameter RLController.pid_ki_ang set to 0.000000
[imu_filter_madgwick_node-3] [INFO] [1770794583.614005061] [imu_filter]: Parameter RLController.pid_kd_ang set to 0.106941
[imu_filter_madgwick_node-3] [INFO] [1770794584.022565462] [imu_filter]: Parameter RLController.pid_kp_lin set to 1.200814
[imu_filter_madgwick_node-3] [INFO] [1770794584.022789530] [imu_filter]: Parameter RLController.pid_ki_lin set to 0.000000
[imu_filter_madgwick_node-3] [INFO] [1770794584.022865596] [imu_filter]: Parameter RLController.pid_kd_lin set to 0.029426
[imu_filter_madgwick_node-3] [INFO] [1770794584.022929405] [imu_filter]: Parameter RLController.pid_kp_ang set to 1.230605
[imu_filter_madgwick_node-3] [INFO] [1770794584.022990527] [imu_filter]: Parameter RLController.pid_ki_ang set to 0.000000
[imu_filter_madgwick_node-3] [INFO] [1770794584.023050560] [imu_filter]: Parameter RLController.pid_kd_ang set to 0.107016
[imu_filter_madgwick_node-3] [INFO] [1770794584.430352566] [imu_filter]: Parameter RLController.pid_kp_lin set to 1.200814
[imu_filter_madgwick_node-3] [INFO] [1770794584.430540538] [imu_filter]: Parameter RLController.pid_ki_lin set to 0.000000
[imu_filter_madgwick_node-3] [INFO] [1770794584.430609595] [imu_filter]: Parameter RLController.pid_kd_lin set to 0.029426
[imu_filter_madgwick_node-3] [INFO] [1770794584.432721096] [imu_filter]: Parameter RLController.pid_kp_ang set to 1.230605
[imu_filter_madgwick_node-3] [INFO] [1770794584.432903020] [imu_filter]: Parameter RLController.pid_ki_ang set to 0.000000
[imu_filter_madgwick_node-3] [INFO] [1770794584.434696114] [imu_filter]: Parameter RLController.pid_kd_ang set to 0.107090
[imu_filter_madgwick_node-3] [INFO] [1770794584.842573268] [imu_filter]: Parameter RLController.pid_kp_lin set to 1.200814
[imu_filter_madgwick_node-3] [INFO] [1770794584.842779704] [imu_filter]: Parameter RLController.pid_ki_lin set to 0.000000
[imu_filter_madgwick_node-3] [INFO] [1770794584.842864314] [imu_filter]: Parameter RLController.pid_kd_lin set to 0.029426
[imu_filter_madgwick_node-3] [INFO] [1770794584.842939131] [imu_filter]: Parameter RLController.pid_kp_ang set to 1.230605
[imu_filter_madgwick_node-3] [INFO] [1770794584.843006109] [imu_filter]: Parameter RLController.pid_ki_ang set to 0.000000
[imu_filter_madgwick_node-3] [INFO] [1770794584.843070942] [imu_filter]: Parameter RLController.pid_kd_ang set to 0.107164
[imu_filter_madgwick_node-3] [INFO] [1770794585.249317950] [imu_filter]: Parameter RLController.pid_kp_lin set to 1.200814
[imu_filter_madgwick_node-3] [INFO] [1770794585.249564451] [imu_filter]: Parameter RLController.pid_ki_lin set to 0.000000
[imu_filter_madgwick_node-3] [INFO] [1770794585.249653893] [imu_filter]: Parameter RLController.pid_kd_lin set to 0.029426
[imu_filter_madgwick_node-3] [INFO] [1770794585.249762055] [imu_filter]: Parameter RLController.pid_kp_ang set to 1.230605
[imu_filter_madgwick_node-3] [INFO] [1770794585.249839049] [imu_filter]: Parameter RLController.pid_ki_ang set to 0.000000
[imu_filter_madgwick_node-3] [INFO] [1770794585.254789713] [imu_filter]: Parameter RLController.pid_kd_ang set to 0.107239
[imu_filter_madgwick_node-3] [INFO] [1770794585.658086067] [imu_filter]: Parameter RLController.pid_kp_lin set to 1.200814
[imu_filter_madgwick_node-3] [INFO] [1770794585.658442426] [imu_filter]: Parameter RLController.pid_ki_lin set to 0.000000
[imu_filter_madgwick_node-3] [INFO] [1770794585.658784897] [imu_filter]: Parameter RLController.pid_kd_lin set to 0.029426
[imu_filter_madgwick_node-3] [INFO] [1770794585.660278177] [imu_filter]: Parameter RLController.pid_kp_ang set to 1.230605
[imu_filter_madgwick_node-3] [INFO] [1770794585.662183369] [imu_filter]: Parameter RLController.pid_ki_ang set to 0.000000
[imu_filter_madgwick_node-3] [INFO] [1770794585.663979567] [imu_filter]: Parameter RLController.pid_kd_ang set to 0.107313
[imu_filter_madgwick_node-3] [INFO] [1770794586.070615543] [imu_filter]: Parameter RLController.pid_kp_lin set to 1.200814
[imu_filter_madgwick_node-3] [INFO] [1770794586.070871228] [imu_filter]: Parameter RLController.pid_ki_lin set to 0.000000
[imu_filter_madgwick_node-3] [INFO] [1770794586.071345478] [imu_filter]: Parameter RLController.pid_kd_lin set to 0.029426
[imu_filter_madgwick_node-3] [INFO] [1770794586.071490249] [imu_filter]: Parameter RLController.pid_kp_ang set to 1.230605
[imu_filter_madgwick_node-3] [INFO] [1770794586.071573867] [imu_filter]: Parameter RLController.pid_ki_ang set to 0.000000
[imu_filter_madgwick_node-3] [INFO] [1770794586.071648717] [imu_filter]: Parameter RLController.pid_kd_ang set to 0.107387
[imu_filter_madgwick_node-3] [INFO] [1770794586.486511906] [imu_filter]: Parameter RLController.pid_kp_lin set to 1.200814
[imu_filter_madgwick_node-3] [INFO] [1770794586.486734087] [imu_filter]: Parameter RLController.pid_ki_lin set to 0.000000
[imu_filter_madgwick_node-3] [INFO] [1770794586.486828489] [imu_filter]: Parameter RLController.pid_kd_lin set to 0.029426
[imu_filter_madgwick_node-3] [INFO] [1770794586.486913227] [imu_filter]: Parameter RLController.pid_kp_ang set to 1.230605
[imu_filter_madgwick_node-3] [INFO] [1770794586.486988236] [imu_filter]: Parameter RLController.pid_ki_ang set to 0.000000
[imu_filter_madgwick_node-3] [INFO] [1770794586.487193585] [imu_filter]: Parameter RLController.pid_kd_ang set to 0.107462
[imu_filter_madgwick_node-3] [INFO] [1770794586.910053135] [imu_filter]: Parameter RLController.pid_kp_lin set to 1.200814
[imu_filter_madgwick_node-3] [INFO] [1770794586.910320693] [imu_filter]: Parameter RLController.pid_ki_lin set to 0.000000
[imu_filter_madgwick_node-3] [INFO] [1770794586.910451031] [imu_filter]: Parameter RLController.pid_kd_lin set to 0.029426
[imu_filter_madgwick_node-3] [INFO] [1770794586.910711741] [imu_filter]: Parameter RLController.pid_kp_ang set to 1.230605
[imu_filter_madgwick_node-3] [INFO] [1770794586.910833919] [imu_filter]: Parameter RLController.pid_ki_ang set to 0.000000
[imu_filter_madgwick_node-3] [INFO] [1770794586.910941538] [imu_filter]: Parameter RLController.pid_kd_ang set to 0.107536
[imu_filter_madgwick_node-3] [INFO] [1770794587.315066005] [imu_filter]: Parameter RLController.pid_kp_lin set to 1.200814
[imu_filter_madgwick_node-3] [INFO] [1770794587.315290329] [imu_filter]: Parameter RLController.pid_ki_lin set to 0.000000
[imu_filter_madgwick_node-3] [INFO] [1770794587.315367483] [imu_filter]: Parameter RLController.pid_kd_lin set to 0.029426
[imu_filter_madgwick_node-3] [INFO] [1770794587.315853093] [imu_filter]: Parameter RLController.pid_kp_ang set to 1.230605
[imu_filter_madgwick_node-3] [INFO] [1770794587.315964680] [imu_filter]: Parameter RLController.pid_ki_ang set to 0.000000
[imu_filter_madgwick_node-3] [INFO] [1770794587.316029481] [imu_filter]: Parameter RLController.pid_kd_ang set to 0.107610
[imu_filter_madgwick_node-3] [INFO] [1770794587.725534445] [imu_filter]: Parameter RLController.pid_kp_lin set to 1.200814
[imu_filter_madgwick_node-3] [INFO] [1770794587.725909813] [imu_filter]: Parameter RLController.pid_ki_lin set to 0.000000
[imu_filter_madgwick_node-3] [INFO] [1770794587.726006551] [imu_filter]: Parameter RLController.pid_kd_lin set to 0.029426
[imu_filter_madgwick_node-3] [INFO] [1770794587.726070649] [imu_filter]: Parameter RLController.pid_kp_ang set to 1.230605
[imu_filter_madgwick_node-3] [INFO] [1770794587.726125946] [imu_filter]: Parameter RLController.pid_ki_ang set to 0.000000
[imu_filter_madgwick_node-3] [INFO] [1770794587.726181275] [imu_filter]: Parameter RLController.pid_kd_ang set to 0.107685
[imu_filter_madgwick_node-3] [INFO] [1770794588.143864940] [imu_filter]: Parameter RLController.pid_kp_lin set to 1.200814
[imu_filter_madgwick_node-3] [INFO] [1770794588.144091409] [imu_filter]: Parameter RLController.pid_ki_lin set to 0.000000
[imu_filter_madgwick_node-3] [INFO] [1770794588.144176979] [imu_filter]: Parameter RLController.pid_kd_lin set to 0.029426
[imu_filter_madgwick_node-3] [INFO] [1770794588.144253684] [imu_filter]: Parameter RLController.pid_kp_ang set to 1.230605
[imu_filter_madgwick_node-3] [INFO] [1770794588.148678290] [imu_filter]: Parameter RLController.pid_ki_ang set to 0.000000
[imu_filter_madgwick_node-3] [INFO] [1770794588.154701041] [imu_filter]: Parameter RLController.pid_kd_ang set to 0.107759
[imu_filter_madgwick_node-3] [INFO] [1770794588.546495391] [imu_filter]: Parameter RLController.pid_kp_lin set to 1.200814
[imu_filter_madgwick_node-3] [INFO] [1770794588.550097547] [imu_filter]: Parameter RLController.pid_ki_lin set to 0.000000
[imu_filter_madgwick_node-3] [INFO] [1770794588.550290159] [imu_filter]: Parameter RLController.pid_kd_lin set to 0.029426
[imu_filter_madgwick_node-3] [INFO] [1770794588.550362705] [imu_filter]: Parameter RLController.pid_kp_ang set to 1.230605
[imu_filter_madgwick_node-3] [INFO] [1770794588.550421746] [imu_filter]: Parameter RLController.pid_ki_ang set to 0.000000
[imu_filter_madgwick_node-3] [INFO] [1770794588.550477171] [imu_filter]: Parameter RLController.pid_kd_ang set to 0.107833
[imu_filter_madgwick_node-3] [INFO] [1770794588.958726173] [imu_filter]: Parameter RLController.pid_kp_lin set to 1.200814
[imu_filter_madgwick_node-3] [INFO] [1770794588.958926946] [imu_filter]: Parameter RLController.pid_ki_lin set to 0.000000
[imu_filter_madgwick_node-3] [INFO] [1770794588.959011811] [imu_filter]: Parameter RLController.pid_kd_lin set to 0.029426
[imu_filter_madgwick_node-3] [INFO] [1770794588.959081541] [imu_filter]: Parameter RLController.pid_kp_ang set to 1.230605
[imu_filter_madgwick_node-3] [INFO] [1770794588.959143686] [imu_filter]: Parameter RLController.pid_ki_ang set to 0.000000
[imu_filter_madgwick_node-3] [INFO] [1770794588.959743859] [imu_filter]: Parameter RLController.pid_kd_ang set to 0.107908
[imu_filter_madgwick_node-3] [INFO] [1770794589.363205336] [imu_filter]: Parameter RLController.pid_kp_lin set to 1.200814
[imu_filter_madgwick_node-3] [INFO] [1770794589.363410780] [imu_filter]: Parameter RLController.pid_ki_lin set to 0.000000
[imu_filter_madgwick_node-3] [INFO] [1770794589.363609984] [imu_filter]: Parameter RLController.pid_kd_lin set to 0.029426
[imu_filter_madgwick_node-3] [INFO] [1770794589.363683554] [imu_filter]: Parameter RLController.pid_kp_ang set to 1.230605
[imu_filter_madgwick_node-3] [INFO] [1770794589.363747907] [imu_filter]: Parameter RLController.pid_ki_ang set to 0.000000
[imu_filter_madgwick_node-3] [INFO] [1770794589.363810628] [imu_filter]: Parameter RLController.pid_kd_ang set to 0.107982
[imu_filter_madgwick_node-3] [INFO] [1770794589.777265116] [imu_filter]: Parameter RLController.pid_kp_lin set to 1.200814
[imu_filter_madgwick_node-3] [INFO] [1770794589.777778407] [imu_filter]: Parameter RLController.pid_ki_lin set to 0.000000
[imu_filter_madgwick_node-3] [INFO] [1770794589.777895754] [imu_filter]: Parameter RLController.pid_kd_lin set to 0.029426
[imu_filter_madgwick_node-3] [INFO] [1770794589.777979307] [imu_filter]: Parameter RLController.pid_kp_ang set to 1.230605
[imu_filter_madgwick_node-3] [INFO] [1770794589.778054573] [imu_filter]: Parameter RLController.pid_ki_ang set to 0.000000
[imu_filter_madgwick_node-3] [INFO] [1770794589.778129262] [imu_filter]: Parameter RLController.pid_kd_ang set to 0.108056
[imu_filter_madgwick_node-3] [INFO] [1770794590.185307842] [imu_filter]: Parameter RLController.pid_kp_lin set to 1.200814
[imu_filter_madgwick_node-3] [INFO] [1770794590.185502470] [imu_filter]: Parameter RLController.pid_ki_lin set to 0.000000
[imu_filter_madgwick_node-3] [INFO] [1770794590.185999920] [imu_filter]: Parameter RLController.pid_kd_lin set to 0.029426
[imu_filter_madgwick_node-3] [INFO] [1770794590.189122930] [imu_filter]: Parameter RLController.pid_kp_ang set to 1.230605
[imu_filter_madgwick_node-3] [INFO] [1770794590.189287990] [imu_filter]: Parameter RLController.pid_ki_ang set to 0.000000
[imu_filter_madgwick_node-3] [INFO] [1770794590.189355063] [imu_filter]: Parameter RLController.pid_kd_ang set to 0.108131
[imu_filter_madgwick_node-3] [INFO] [1770794590.603056948] [imu_filter]: Parameter RLController.pid_kp_lin set to 1.200814
[imu_filter_madgwick_node-3] [INFO] [1770794590.603405628] [imu_filter]: Parameter RLController.pid_ki_lin set to 0.000000
[imu_filter_madgwick_node-3] [INFO] [1770794590.603535774] [imu_filter]: Parameter RLController.pid_kd_lin set to 0.029426
[imu_filter_madgwick_node-3] [INFO] [1770794590.603620448] [imu_filter]: Parameter RLController.pid_kp_ang set to 1.230605
[imu_filter_madgwick_node-3] [INFO] [1770794590.603689218] [imu_filter]: Parameter RLController.pid_ki_ang set to 0.000000
[imu_filter_madgwick_node-3] [INFO] [1770794590.603753219] [imu_filter]: Parameter RLController.pid_kd_ang set to 0.108205
[imu_filter_madgwick_node-3] [INFO] [1770794591.012709436] [imu_filter]: Parameter RLController.pid_kp_lin set to 1.200814
[imu_filter_madgwick_node-3] [INFO] [1770794591.012985250] [imu_filter]: Parameter RLController.pid_ki_lin set to 0.000000
[imu_filter_madgwick_node-3] [INFO] [1770794591.013088036] [imu_filter]: Parameter RLController.pid_kd_lin set to 0.029426
[imu_filter_madgwick_node-3] [INFO] [1770794591.013182566] [imu_filter]: Parameter RLController.pid_kp_ang set to 1.230605
[imu_filter_madgwick_node-3] [INFO] [1770794591.013263784] [imu_filter]: Parameter RLController.pid_ki_ang set to 0.000000
[imu_filter_madgwick_node-3] [INFO] [1770794591.013342185] [imu_filter]: Parameter RLController.pid_kd_ang set to 0.108279
[imu_filter_madgwick_node-3] [INFO] [1770794591.424928826] [imu_filter]: Parameter RLController.pid_kp_lin set to 1.200814
[imu_filter_madgwick_node-3] [INFO] [1770794591.425122526] [imu_filter]: Parameter RLController.pid_ki_lin set to 0.000000
[imu_filter_madgwick_node-3] [INFO] [1770794591.425204255] [imu_filter]: Parameter RLController.pid_kd_lin set to 0.029426
[imu_filter_madgwick_node-3] [INFO] [1770794591.425272353] [imu_filter]: Parameter RLController.pid_kp_ang set to 1.230605
[imu_filter_madgwick_node-3] [INFO] [1770794591.425331362] [imu_filter]: Parameter RLController.pid_ki_ang set to 0.000000
[imu_filter_madgwick_node-3] [INFO] [1770794591.425388163] [imu_filter]: Parameter RLController.pid_kd_ang set to 0.108353
[imu_filter_madgwick_node-3] [INFO] [1770794591.838217102] [imu_filter]: Parameter RLController.pid_kp_lin set to 1.200814
[imu_filter_madgwick_node-3] [INFO] [1770794591.838423250] [imu_filter]: Parameter RLController.pid_ki_lin set to 0.000000
[imu_filter_madgwick_node-3] [INFO] [1770794591.839142433] [imu_filter]: Parameter RLController.pid_kd_lin set to 0.029426
[imu_filter_madgwick_node-3] [INFO] [1770794591.839368326] [imu_filter]: Parameter RLController.pid_kp_ang set to 1.230605
[imu_filter_madgwick_node-3] [INFO] [1770794591.841409521] [imu_filter]: Parameter RLController.pid_ki_ang set to 0.000000
[imu_filter_madgwick_node-3] [INFO] [1770794591.841593173] [imu_filter]: Parameter RLController.pid_kd_ang set to 0.108428
[imu_filter_madgwick_node-3] [INFO] [1770794592.246353877] [imu_filter]: Parameter RLController.pid_kp_lin set to 1.200814
[imu_filter_madgwick_node-3] [INFO] [1770794592.246607995] [imu_filter]: Parameter RLController.pid_ki_lin set to 0.000000
[imu_filter_madgwick_node-3] [INFO] [1770794592.246708573] [imu_filter]: Parameter RLController.pid_kd_lin set to 0.029426
[imu_filter_madgwick_node-3] [INFO] [1770794592.246794207] [imu_filter]: Parameter RLController.pid_kp_ang set to 1.230605
[imu_filter_madgwick_node-3] [INFO] [1770794592.246867072] [imu_filter]: Parameter RLController.pid_ki_ang set to 0.000000
[imu_filter_madgwick_node-3] [INFO] [1770794592.246939714] [imu_filter]: Parameter RLController.pid_kd_ang set to 0.108502
[imu_filter_madgwick_node-3] [INFO] [1770794592.651778372] [imu_filter]: Parameter RLController.pid_kp_lin set to 1.200814
[imu_filter_madgwick_node-3] [INFO] [1770794592.653919761] [imu_filter]: Parameter RLController.pid_ki_lin set to 0.000000
[imu_filter_madgwick_node-3] [INFO] [1770794592.654337882] [imu_filter]: Parameter RLController.pid_kd_lin set to 0.029426
[imu_filter_madgwick_node-3] [INFO] [1770794592.654419931] [imu_filter]: Parameter RLController.pid_kp_ang set to 1.230605
[imu_filter_madgwick_node-3] [INFO] [1770794592.654479741] [imu_filter]: Parameter RLController.pid_ki_ang set to 0.000000
[imu_filter_madgwick_node-3] [INFO] [1770794592.654535134] [imu_filter]: Parameter RLController.pid_kd_ang set to 0.108576
[imu_filter_madgwick_node-3] [INFO] [1770794593.060305939] [imu_filter]: Parameter RLController.pid_kp_lin set to 1.200814
[imu_filter_madgwick_node-3] [INFO] [1770794593.060531992] [imu_filter]: Parameter RLController.pid_ki_lin set to 0.000000
[imu_filter_madgwick_node-3] [INFO] [1770794593.060609530] [imu_filter]: Parameter RLController.pid_kd_lin set to 0.029426
[imu_filter_madgwick_node-3] [INFO] [1770794593.060671739] [imu_filter]: Parameter RLController.pid_kp_ang set to 1.230605
[imu_filter_madgwick_node-3] [INFO] [1770794593.060730492] [imu_filter]: Parameter RLController.pid_ki_ang set to 0.000000
[imu_filter_madgwick_node-3] [INFO] [1770794593.061671088] [imu_filter]: Parameter RLController.pid_kd_ang set to 0.108651
[imu_filter_madgwick_node-3] [INFO] [1770794593.472637300] [imu_filter]: Parameter RLController.pid_kp_lin set to 1.200814
[imu_filter_madgwick_node-3] [INFO] [1770794593.472882841] [imu_filter]: Parameter RLController.pid_ki_lin set to 0.000000
[imu_filter_madgwick_node-3] [INFO] [1770794593.472981627] [imu_filter]: Parameter RLController.pid_kd_lin set to 0.029426
[imu_filter_madgwick_node-3] [INFO] [1770794593.473069789] [imu_filter]: Parameter RLController.pid_kp_ang set to 1.230605
[imu_filter_madgwick_node-3] [INFO] [1770794593.473147742] [imu_filter]: Parameter RLController.pid_ki_ang set to 0.000000
[imu_filter_madgwick_node-3] [INFO] [1770794593.473228672] [imu_filter]: Parameter RLController.pid_kd_ang set to 0.108725
[imu_filter_madgwick_node-3] [INFO] [1770794593.887423175] [imu_filter]: Parameter RLController.pid_kp_lin set to 1.200814
[imu_filter_madgwick_node-3] [INFO] [1770794593.887776911] [imu_filter]: Parameter RLController.pid_ki_lin set to 0.000000
[imu_filter_madgwick_node-3] [INFO] [1770794593.887875537] [imu_filter]: Parameter RLController.pid_kd_lin set to 0.029426
[imu_filter_madgwick_node-3] [INFO] [1770794593.887952211] [imu_filter]: Parameter RLController.pid_kp_ang set to 1.230605
[imu_filter_madgwick_node-3] [INFO] [1770794593.888019892] [imu_filter]: Parameter RLController.pid_ki_ang set to 0.000000
[imu_filter_madgwick_node-3] [INFO] [1770794593.888087125] [imu_filter]: Parameter RLController.pid_kd_ang set to 0.108799
[imu_filter_madgwick_node-3] [INFO] [1770794594.300240466] [imu_filter]: Parameter RLController.pid_kp_lin set to 1.200814
[imu_filter_madgwick_node-3] [INFO] [1770794594.300501079] [imu_filter]: Parameter RLController.pid_ki_lin set to 0.000000
[imu_filter_madgwick_node-3] [INFO] [1770794594.300774141] [imu_filter]: Parameter RLController.pid_kd_lin set to 0.029426
[imu_filter_madgwick_node-3] [INFO] [1770794594.300875647] [imu_filter]: Parameter RLController.pid_kp_ang set to 1.230605
[imu_filter_madgwick_node-3] [INFO] [1770794594.300957473] [imu_filter]: Parameter RLController.pid_ki_ang set to 0.000000
[imu_filter_madgwick_node-3] [INFO] [1770794594.301036419] [imu_filter]: Parameter RLController.pid_kd_ang set to 0.108874
[imu_filter_madgwick_node-3] [INFO] [1770794594.706349551] [imu_filter]: Parameter RLController.pid_kp_lin set to 1.200814
[imu_filter_madgwick_node-3] [INFO] [1770794594.706615892] [imu_filter]: Parameter RLController.pid_ki_lin set to 0.000000
[imu_filter_madgwick_node-3] [INFO] [1770794594.706712054] [imu_filter]: Parameter RLController.pid_kd_lin set to 0.029426
[imu_filter_madgwick_node-3] [INFO] [1770794594.706784504] [imu_filter]: Parameter RLController.pid_kp_ang set to 1.230605
[imu_filter_madgwick_node-3] [INFO] [1770794594.706844665] [imu_filter]: Parameter RLController.pid_ki_ang set to 0.000000
[imu_filter_madgwick_node-3] [INFO] [1770794594.708939845] [imu_filter]: Parameter RLController.pid_kd_ang set to 0.108948
[imu_filter_madgwick_node-3] [INFO] [1770794595.120876477] [imu_filter]: Parameter RLController.pid_kp_lin set to 1.200814
[imu_filter_madgwick_node-3] [INFO] [1770794595.121618349] [imu_filter]: Parameter RLController.pid_ki_lin set to 0.000000
[imu_filter_madgwick_node-3] [INFO] [1770794595.121762096] [imu_filter]: Parameter RLController.pid_kd_lin set to 0.029426
[imu_filter_madgwick_node-3] [INFO] [1770794595.126708952] [imu_filter]: Parameter RLController.pid_kp_ang set to 1.230605
[imu_filter_madgwick_node-3] [INFO] [1770794595.126945597] [imu_filter]: Parameter RLController.pid_ki_ang set to 0.000000
[imu_filter_madgwick_node-3] [INFO] [1770794595.127040927] [imu_filter]: Parameter RLController.pid_kd_ang set to 0.109022
[imu_filter_madgwick_node-3] [INFO] [1770794595.532249897] [imu_filter]: Parameter RLController.pid_kp_lin set to 1.200814
[imu_filter_madgwick_node-3] [INFO] [1770794595.532447277] [imu_filter]: Parameter RLController.pid_ki_lin set to 0.000000
[imu_filter_madgwick_node-3] [INFO] [1770794595.532524879] [imu_filter]: Parameter RLController.pid_kd_lin set to 0.029426
[imu_filter_madgwick_node-3] [INFO] [1770794595.535438060] [imu_filter]: Parameter RLController.pid_kp_ang set to 1.230605
[imu_filter_madgwick_node-3] [INFO] [1770794595.535750067] [imu_filter]: Parameter RLController.pid_ki_ang set to 0.000000
[imu_filter_madgwick_node-3] [INFO] [1770794595.535834164] [imu_filter]: Parameter RLController.pid_kd_ang set to 0.109097
[imu_filter_madgwick_node-3] [INFO] [1770794595.942150646] [imu_filter]: Parameter RLController.pid_kp_lin set to 1.200814
[imu_filter_madgwick_node-3] [INFO] [1770794595.942352474] [imu_filter]: Parameter RLController.pid_ki_lin set to 0.000000
[imu_filter_madgwick_node-3] [INFO] [1770794595.942428379] [imu_filter]: Parameter RLController.pid_kd_lin set to 0.029426
[imu_filter_madgwick_node-3] [INFO] [1770794595.942494685] [imu_filter]: Parameter RLController.pid_kp_ang set to 1.230605
[imu_filter_madgwick_node-3] [INFO] [1770794595.942554782] [imu_filter]: Parameter RLController.pid_ki_ang set to 0.000000
[imu_filter_madgwick_node-3] [INFO] [1770794595.942616383] [imu_filter]: Parameter RLController.pid_kd_ang set to 0.109171
[imu_filter_madgwick_node-3] [INFO] [1770794596.353235675] [imu_filter]: Parameter RLController.pid_kp_lin set to 1.200814
[imu_filter_madgwick_node-3] [INFO] [1770794596.353466720] [imu_filter]: Parameter RLController.pid_ki_lin set to 0.000000
[imu_filter_madgwick_node-3] [INFO] [1770794596.353559426] [imu_filter]: Parameter RLController.pid_kd_lin set to 0.029426
[imu_filter_madgwick_node-3] [INFO] [1770794596.353637380] [imu_filter]: Parameter RLController.pid_kp_ang set to 1.230605
[imu_filter_madgwick_node-3] [INFO] [1770794596.353726150] [imu_filter]: Parameter RLController.pid_ki_ang set to 0.000000
[imu_filter_madgwick_node-3] [INFO] [1770794596.353816904] [imu_filter]: Parameter RLController.pid_kd_ang set to 0.109245
[imu_filter_madgwick_node-3] [INFO] [1770794596.761749771] [imu_filter]: Parameter RLController.pid_kp_lin set to 1.200814
[imu_filter_madgwick_node-3] [INFO] [1770794596.766549136] [imu_filter]: Parameter RLController.pid_ki_lin set to 0.000000
[imu_filter_madgwick_node-3] [INFO] [1770794596.766783509] [imu_filter]: Parameter RLController.pid_kd_lin set to 0.029426
[imu_filter_madgwick_node-3] [INFO] [1770794596.766862871] [imu_filter]: Parameter RLController.pid_kp_ang set to 1.230605
[imu_filter_madgwick_node-3] [INFO] [1770794596.766924216] [imu_filter]: Parameter RLController.pid_ki_ang set to 0.000000
[imu_filter_madgwick_node-3] [INFO] [1770794596.766985529] [imu_filter]: Parameter RLController.pid_kd_ang set to 0.109320
[imu_filter_madgwick_node-3] [INFO] [1770794597.168295537] [imu_filter]: Parameter RLController.pid_kp_lin set to 1.200814
[imu_filter_madgwick_node-3] [INFO] [1770794597.168528118] [imu_filter]: Parameter RLController.pid_ki_lin set to 0.000000
[imu_filter_madgwick_node-3] [INFO] [1770794597.168604663] [imu_filter]: Parameter RLController.pid_kd_lin set to 0.029426
[imu_filter_madgwick_node-3] [INFO] [1770794597.168668569] [imu_filter]: Parameter RLController.pid_kp_ang set to 1.230605
[imu_filter_madgwick_node-3] [INFO] [1770794597.168726330] [imu_filter]: Parameter RLController.pid_ki_ang set to 0.000000
[imu_filter_madgwick_node-3] [INFO] [1770794597.168784859] [imu_filter]: Parameter RLController.pid_kd_ang set to 0.109394
[imu_filter_madgwick_node-3] [INFO] [1770794597.576717214] [imu_filter]: Parameter RLController.pid_kp_lin set to 1.200814
[imu_filter_madgwick_node-3] [INFO] [1770794597.576933091] [imu_filter]: Parameter RLController.pid_ki_lin set to 0.000000
[imu_filter_madgwick_node-3] [INFO] [1770794597.577016357] [imu_filter]: Parameter RLController.pid_kd_lin set to 0.029426
[imu_filter_madgwick_node-3] [INFO] [1770794597.577085670] [imu_filter]: Parameter RLController.pid_kp_ang set to 1.230605
[imu_filter_madgwick_node-3] [INFO] [1770794597.577148839] [imu_filter]: Parameter RLController.pid_ki_ang set to 0.000000
[imu_filter_madgwick_node-3] [INFO] [1770794597.577211529] [imu_filter]: Parameter RLController.pid_kd_ang set to 0.109468
[imu_filter_madgwick_node-3] [INFO] [1770794597.991044297] [imu_filter]: Parameter RLController.pid_kp_lin set to 1.200814
[imu_filter_madgwick_node-3] [INFO] [1770794597.991258221] [imu_filter]: Parameter RLController.pid_ki_lin set to 0.000000
[imu_filter_madgwick_node-3] [INFO] [1770794597.991334799] [imu_filter]: Parameter RLController.pid_kd_lin set to 0.029426
[imu_filter_madgwick_node-3] [INFO] [1770794597.991401104] [imu_filter]: Parameter RLController.pid_kp_ang set to 1.230605
[imu_filter_madgwick_node-3] [INFO] [1770794597.991459121] [imu_filter]: Parameter RLController.pid_ki_ang set to 0.000000
[imu_filter_madgwick_node-3] [INFO] [1770794597.991518227] [imu_filter]: Parameter RLController.pid_kd_ang set to 0.109543
[imu_filter_madgwick_node-3] [INFO] [1770794598.405103693] [imu_filter]: Parameter RLController.pid_kp_lin set to 1.200814
[imu_filter_madgwick_node-3] [INFO] [1770794598.405341330] [imu_filter]: Parameter RLController.pid_ki_lin set to 0.000000
[imu_filter_madgwick_node-3] [INFO] [1770794598.405555735] [imu_filter]: Parameter RLController.pid_kd_lin set to 0.029426
[imu_filter_madgwick_node-3] [INFO] [1770794598.405639032] [imu_filter]: Parameter RLController.pid_kp_ang set to 1.230605
[imu_filter_madgwick_node-3] [INFO] [1770794598.405727546] [imu_filter]: Parameter RLController.pid_ki_ang set to 0.000000
[imu_filter_madgwick_node-3] [INFO] [1770794598.405808444] [imu_filter]: Parameter RLController.pid_kd_ang set to 0.109617
[imu_filter_madgwick_node-3] [INFO] [1770794598.811157801] [imu_filter]: Parameter RLController.pid_kp_lin set to 1.200814
[imu_filter_madgwick_node-3] [INFO] [1770794598.811417454] [imu_filter]: Parameter RLController.pid_ki_lin set to 0.000000
[imu_filter_madgwick_node-3] [INFO] [1770794598.814174824] [imu_filter]: Parameter RLController.pid_kd_lin set to 0.029426
[imu_filter_madgwick_node-3] [INFO] [1770794598.814398221] [imu_filter]: Parameter RLController.pid_kp_ang set to 1.230605
[imu_filter_madgwick_node-3] [INFO] [1770794598.815673320] [imu_filter]: Parameter RLController.pid_ki_ang set to 0.000000
[imu_filter_madgwick_node-3] [INFO] [1770794598.815844364] [imu_filter]: Parameter RLController.pid_kd_ang set to 0.109691
[imu_filter_madgwick_node-3] [INFO] [1770794599.225420434] [imu_filter]: Parameter RLController.pid_kp_lin set to 1.200814
[imu_filter_madgwick_node-3] [INFO] [1770794599.225844187] [imu_filter]: Parameter RLController.pid_ki_lin set to 0.000000
[imu_filter_madgwick_node-3] [INFO] [1770794599.225967421] [imu_filter]: Parameter RLController.pid_kd_lin set to 0.029426
[imu_filter_madgwick_node-3] [INFO] [1770794599.226055199] [imu_filter]: Parameter RLController.pid_kp_ang set to 1.230605
[imu_filter_madgwick_node-3] [INFO] [1770794599.226127553] [imu_filter]: Parameter RLController.pid_ki_ang set to 0.000000
[imu_filter_madgwick_node-3] [INFO] [1770794599.226200066] [imu_filter]: Parameter RLController.pid_kd_ang set to 0.109766
[imu_filter_madgwick_node-3] [INFO] [1770794599.640876052] [imu_filter]: Parameter RLController.pid_kp_lin set to 1.200814
[imu_filter_madgwick_node-3] [INFO] [1770794599.641068696] [imu_filter]: Parameter RLController.pid_ki_lin set to 0.000000
[imu_filter_madgwick_node-3] [INFO] [1770794599.641140121] [imu_filter]: Parameter RLController.pid_kd_lin set to 0.029426
[imu_filter_madgwick_node-3] [INFO] [1770794599.641204795] [imu_filter]: Parameter RLController.pid_kp_ang set to 1.230605
[imu_filter_madgwick_node-3] [INFO] [1770794599.641262236] [imu_filter]: Parameter RLController.pid_ki_ang set to 0.000000
[imu_filter_madgwick_node-3] [INFO] [1770794599.641319805] [imu_filter]: Parameter RLController.pid_kd_ang set to 0.109840
[imu_filter_madgwick_node-3] [INFO] [1770794600.052008122] [imu_filter]: Parameter RLController.pid_kp_lin set to 1.200814
[imu_filter_madgwick_node-3] [INFO] [1770794600.052344898] [imu_filter]: Parameter RLController.pid_ki_lin set to 0.000000
[imu_filter_madgwick_node-3] [INFO] [1770794600.052425187] [imu_filter]: Parameter RLController.pid_kd_lin set to 0.029426
[imu_filter_madgwick_node-3] [INFO] [1770794600.052484324] [imu_filter]: Parameter RLController.pid_kp_ang set to 1.230605
[imu_filter_madgwick_node-3] [INFO] [1770794600.052538374] [imu_filter]: Parameter RLController.pid_ki_ang set to 0.000000
[imu_filter_madgwick_node-3] [INFO] [1770794600.052603079] [imu_filter]: Parameter RLController.pid_kd_ang set to 0.109914
[imu_filter_madgwick_node-3] [INFO] [1770794600.458115607] [imu_filter]: Parameter RLController.pid_kp_lin set to 1.200814
[imu_filter_madgwick_node-3] [INFO] [1770794600.458317819] [imu_filter]: Parameter RLController.pid_ki_lin set to 0.000000
[imu_filter_madgwick_node-3] [INFO] [1770794600.458386013] [imu_filter]: Parameter RLController.pid_kd_lin set to 0.029426
[imu_filter_madgwick_node-3] [INFO] [1770794600.458447646] [imu_filter]: Parameter RLController.pid_kp_ang set to 1.230605
[imu_filter_madgwick_node-3] [INFO] [1770794600.458503455] [imu_filter]: Parameter RLController.pid_ki_ang set to 0.000000
[imu_filter_madgwick_node-3] [INFO] [1770794600.458557376] [imu_filter]: Parameter RLController.pid_kd_ang set to 0.109989
[imu_filter_madgwick_node-3] [INFO] [1770794600.865920952] [imu_filter]: Parameter RLController.pid_kp_lin set to 1.200814
[imu_filter_madgwick_node-3] [INFO] [1770794600.866173789] [imu_filter]: Parameter RLController.pid_ki_lin set to 0.000000
[imu_filter_madgwick_node-3] [INFO] [1770794600.866283903] [imu_filter]: Parameter RLController.pid_kd_lin set to 0.029426
[imu_filter_madgwick_node-3] [INFO] [1770794600.866380961] [imu_filter]: Parameter RLController.pid_kp_ang set to 1.230605
[imu_filter_madgwick_node-3] [INFO] [1770794600.866486212] [imu_filter]: Parameter RLController.pid_ki_ang set to 0.000000
[imu_filter_madgwick_node-3] [INFO] [1770794600.866578790] [imu_filter]: Parameter RLController.pid_kd_ang set to 0.110063
[imu_filter_madgwick_node-3] [INFO] [1770794601.277458311] [imu_filter]: Parameter RLController.pid_kp_lin set to 1.200814
[imu_filter_madgwick_node-3] [INFO] [1770794601.277669803] [imu_filter]: Parameter RLController.pid_ki_lin set to 0.000000
[imu_filter_madgwick_node-3] [INFO] [1770794601.277765965] [imu_filter]: Parameter RLController.pid_kd_lin set to 0.029426
[imu_filter_madgwick_node-3] [INFO] [1770794601.277836303] [imu_filter]: Parameter RLController.pid_kp_ang set to 1.230605
[imu_filter_madgwick_node-3] [INFO] [1770794601.277893552] [imu_filter]: Parameter RLController.pid_ki_ang set to 0.000000
[imu_filter_madgwick_node-3] [INFO] [1770794601.277948625] [imu_filter]: Parameter RLController.pid_kd_ang set to 0.110137
[imu_filter_madgwick_node-3] [INFO] [1770794601.690885662] [imu_filter]: Parameter RLController.pid_kp_lin set to 1.200814
[imu_filter_madgwick_node-3] [INFO] [1770794601.691232198] [imu_filter]: Parameter RLController.pid_ki_lin set to 0.000000
[imu_filter_madgwick_node-3] [INFO] [1770794601.691333768] [imu_filter]: Parameter RLController.pid_kd_lin set to 0.029426
[imu_filter_madgwick_node-3] [INFO] [1770794601.691404585] [imu_filter]: Parameter RLController.pid_kp_ang set to 1.230605
[imu_filter_madgwick_node-3] [INFO] [1770794601.691462474] [imu_filter]: Parameter RLController.pid_ki_ang set to 0.000000
[imu_filter_madgwick_node-3] [INFO] [1770794601.691520044] [imu_filter]: Parameter RLController.pid_kd_ang set to 0.110212
[imu_filter_madgwick_node-3] [INFO] [1770794602.098956452] [imu_filter]: Parameter RLController.pid_kp_lin set to 1.200814
[imu_filter_madgwick_node-3] [INFO] [1770794602.099992474] [imu_filter]: Parameter RLController.pid_ki_lin set to 0.000000
[imu_filter_madgwick_node-3] [INFO] [1770794602.100081500] [imu_filter]: Parameter RLController.pid_kd_lin set to 0.029426
[imu_filter_madgwick_node-3] [INFO] [1770794602.100145821] [imu_filter]: Parameter RLController.pid_kp_ang set to 1.230605
[imu_filter_madgwick_node-3] [INFO] [1770794602.100202943] [imu_filter]: Parameter RLController.pid_ki_ang set to 0.000000
[imu_filter_madgwick_node-3] [INFO] [1770794602.102765461] [imu_filter]: Parameter RLController.pid_kd_ang set to 0.110286
[imu_filter_madgwick_node-3] [INFO] [1770794602.509672450] [imu_filter]: Parameter RLController.pid_kp_lin set to 1.200814
[imu_filter_madgwick_node-3] [INFO] [1770794602.509892199] [imu_filter]: Parameter RLController.pid_ki_lin set to 0.000000
[imu_filter_madgwick_node-3] [INFO] [1770794602.509958664] [imu_filter]: Parameter RLController.pid_kd_lin set to 0.029426
[imu_filter_madgwick_node-3] [INFO] [1770794602.512483486] [imu_filter]: Parameter RLController.pid_kp_ang set to 1.230605
[imu_filter_madgwick_node-3] [INFO] [1770794602.512764580] [imu_filter]: Parameter RLController.pid_ki_ang set to 0.000000
[imu_filter_madgwick_node-3] [INFO] [1770794602.512837285] [imu_filter]: Parameter RLController.pid_kd_ang set to 0.110360
[imu_filter_madgwick_node-3] [INFO] [1770794602.924128303] [imu_filter]: Parameter RLController.pid_kp_lin set to 1.200814
[imu_filter_madgwick_node-3] [INFO] [1770794602.924359220] [imu_filter]: Parameter RLController.pid_ki_lin set to 0.000000
[imu_filter_madgwick_node-3] [INFO] [1770794602.924444022] [imu_filter]: Parameter RLController.pid_kd_lin set to 0.029426
[imu_filter_madgwick_node-3] [INFO] [1770794602.924517592] [imu_filter]: Parameter RLController.pid_kp_ang set to 1.230605
[imu_filter_madgwick_node-3] [INFO] [1770794602.924582585] [imu_filter]: Parameter RLController.pid_ki_ang set to 0.000000
[imu_filter_madgwick_node-3] [INFO] [1770794602.924647802] [imu_filter]: Parameter RLController.pid_kd_ang set to 0.110435
[imu_filter_madgwick_node-3] [INFO] [1770794603.333835896] [imu_filter]: Parameter RLController.pid_kp_lin set to 1.200814
[imu_filter_madgwick_node-3] [INFO] [1770794603.334174911] [imu_filter]: Parameter RLController.pid_ki_lin set to 0.000000
[imu_filter_madgwick_node-3] [INFO] [1770794603.334266689] [imu_filter]: Parameter RLController.pid_kd_lin set to 0.029426
[imu_filter_madgwick_node-3] [INFO] [1770794603.334456421] [imu_filter]: Parameter RLController.pid_kp_ang set to 1.230605
[imu_filter_madgwick_node-3] [INFO] [1770794603.334530311] [imu_filter]: Parameter RLController.pid_ki_ang set to 0.000000
[imu_filter_madgwick_node-3] [INFO] [1770794603.334587528] [imu_filter]: Parameter RLController.pid_kd_ang set to 0.110509
[imu_filter_madgwick_node-3] [INFO] [1770794603.745877586] [imu_filter]: Parameter RLController.pid_kp_lin set to 1.200814
[imu_filter_madgwick_node-3] [INFO] [1770794603.746100343] [imu_filter]: Parameter RLController.pid_ki_lin set to 0.000000
[imu_filter_madgwick_node-3] [INFO] [1770794603.746331356] [imu_filter]: Parameter RLController.pid_kd_lin set to 0.029426
[imu_filter_madgwick_node-3] [INFO] [1770794603.746416445] [imu_filter]: Parameter RLController.pid_kp_ang set to 1.230605
[imu_filter_madgwick_node-3] [INFO] [1770794603.746486015] [imu_filter]: Parameter RLController.pid_ki_ang set to 0.000000
[imu_filter_madgwick_node-3] [INFO] [1770794603.746570145] [imu_filter]: Parameter RLController.pid_kd_ang set to 0.110583
[imu_filter_madgwick_node-3] [INFO] [1770794604.156526735] [imu_filter]: Parameter RLController.pid_kp_lin set to 1.200814
[imu_filter_madgwick_node-3] [INFO] [1770794604.157343360] [imu_filter]: Parameter RLController.pid_ki_lin set to 0.000000
[imu_filter_madgwick_node-3] [INFO] [1770794604.157548804] [imu_filter]: Parameter RLController.pid_kd_lin set to 0.029426
[imu_filter_madgwick_node-3] [INFO] [1770794604.157628998] [imu_filter]: Parameter RLController.pid_kp_ang set to 1.230605
[imu_filter_madgwick_node-3] [INFO] [1770794604.157696935] [imu_filter]: Parameter RLController.pid_ki_ang set to 0.000000
[imu_filter_madgwick_node-3] [INFO] [1770794604.157832170] [imu_filter]: Parameter RLController.pid_kd_ang set to 0.110658
[imu_filter_madgwick_node-3] [INFO] [1770794604.569930373] [imu_filter]: Parameter RLController.pid_kp_lin set to 1.200814
[imu_filter_madgwick_node-3] [INFO] [1770794604.570282445] [imu_filter]: Parameter RLController.pid_ki_lin set to 0.000000
[imu_filter_madgwick_node-3] [INFO] [1770794604.570466801] [imu_filter]: Parameter RLController.pid_kd_lin set to 0.029426
[imu_filter_madgwick_node-3] [INFO] [1770794604.570703414] [imu_filter]: Parameter RLController.pid_kp_ang set to 1.230605
[imu_filter_madgwick_node-3] [INFO] [1770794604.570799960] [imu_filter]: Parameter RLController.pid_ki_ang set to 0.000000
[imu_filter_madgwick_node-3] [INFO] [1770794604.570886393] [imu_filter]: Parameter RLController.pid_kd_ang set to 0.110732
[imu_filter_madgwick_node-3] [INFO] [1770794604.977769607] [imu_filter]: Parameter RLController.pid_kp_lin set to 1.200814
[imu_filter_madgwick_node-3] [INFO] [1770794604.978106094] [imu_filter]: Parameter RLController.pid_ki_lin set to 0.000000
[imu_filter_madgwick_node-3] [INFO] [1770794604.978211440] [imu_filter]: Parameter RLController.pid_kd_lin set to 0.029426
[imu_filter_madgwick_node-3] [INFO] [1770794604.980817351] [imu_filter]: Parameter RLController.pid_kp_ang set to 1.230605
[imu_filter_madgwick_node-3] [INFO] [1770794604.980989578] [imu_filter]: Parameter RLController.pid_ki_ang set to 0.000000
[imu_filter_madgwick_node-3] [INFO] [1770794604.981061676] [imu_filter]: Parameter RLController.pid_kd_ang set to 0.110806
[imu_filter_madgwick_node-3] [INFO] [1770794605.389403704] [imu_filter]: Parameter RLController.pid_kp_lin set to 1.200814
[imu_filter_madgwick_node-3] [INFO] [1770794605.389668893] [imu_filter]: Parameter RLController.pid_ki_lin set to 0.000000
[imu_filter_madgwick_node-3] [INFO] [1770794605.389822657] [imu_filter]: Parameter RLController.pid_kd_lin set to 0.029426
[imu_filter_madgwick_node-3] [INFO] [1770794605.389926787] [imu_filter]: Parameter RLController.pid_kp_ang set to 1.230605
[imu_filter_madgwick_node-3] [INFO] [1770794605.390022085] [imu_filter]: Parameter RLController.pid_ki_ang set to 0.000000
[imu_filter_madgwick_node-3] [INFO] [1770794605.390115431] [imu_filter]: Parameter RLController.pid_kd_ang set to 0.110881
[imu_filter_madgwick_node-3] [INFO] [1770794605.799154530] [imu_filter]: Parameter RLController.pid_kp_lin set to 1.200814
[imu_filter_madgwick_node-3] [INFO] [1770794605.799518793] [imu_filter]: Parameter RLController.pid_ki_lin set to 0.000000
[imu_filter_madgwick_node-3] [INFO] [1770794605.799819824] [imu_filter]: Parameter RLController.pid_kd_lin set to 0.029426
[imu_filter_madgwick_node-3] [INFO] [1770794605.799911089] [imu_filter]: Parameter RLController.pid_kp_ang set to 1.230605
[imu_filter_madgwick_node-3] [INFO] [1770794605.799974835] [imu_filter]: Parameter RLController.pid_ki_ang set to 0.000000
[imu_filter_madgwick_node-3] [INFO] [1770794605.800032628] [imu_filter]: Parameter RLController.pid_kd_ang set to 0.110955
[imu_filter_madgwick_node-3] [INFO] [1770794606.207523374] [imu_filter]: Parameter RLController.pid_kp_lin set to 1.200814
[imu_filter_madgwick_node-3] [INFO] [1770794606.207746067] [imu_filter]: Parameter RLController.pid_ki_lin set to 0.000000
[imu_filter_madgwick_node-3] [INFO] [1770794606.207825588] [imu_filter]: Parameter RLController.pid_kd_lin set to 0.029426
[imu_filter_madgwick_node-3] [INFO] [1770794606.207889046] [imu_filter]: Parameter RLController.pid_kp_ang set to 1.230605
[imu_filter_madgwick_node-3] [INFO] [1770794606.207945879] [imu_filter]: Parameter RLController.pid_ki_ang set to 0.000000
[imu_filter_madgwick_node-3] [INFO] [1770794606.208002584] [imu_filter]: Parameter RLController.pid_kd_ang set to 0.111029
[imu_filter_madgwick_node-3] [INFO] [1770794606.619386020] [imu_filter]: Parameter RLController.pid_kp_lin set to 1.200814
[imu_filter_madgwick_node-3] [INFO] [1770794606.619633929] [imu_filter]: Parameter RLController.pid_ki_lin set to 0.000000
[imu_filter_madgwick_node-3] [INFO] [1770794606.619712267] [imu_filter]: Parameter RLController.pid_kd_lin set to 0.029426
[imu_filter_madgwick_node-3] [INFO] [1770794606.619782060] [imu_filter]: Parameter RLController.pid_kp_ang set to 1.230605
[imu_filter_madgwick_node-3] [INFO] [1770794606.620376761] [imu_filter]: Parameter RLController.pid_ki_ang set to 0.000000
[imu_filter_madgwick_node-3] [INFO] [1770794606.620499164] [imu_filter]: Parameter RLController.pid_kd_ang set to 0.111104
[imu_filter_madgwick_node-3] [INFO] [1770794607.033499626] [imu_filter]: Parameter RLController.pid_kp_lin set to 1.200814
[imu_filter_madgwick_node-3] [INFO] [1770794607.035545461] [imu_filter]: Parameter RLController.pid_ki_lin set to 0.000000
[imu_filter_madgwick_node-3] [INFO] [1770794607.035854364] [imu_filter]: Parameter RLController.pid_kd_lin set to 0.029426
[imu_filter_madgwick_node-3] [INFO] [1770794607.035949950] [imu_filter]: Parameter RLController.pid_kp_ang set to 1.230605
[imu_filter_madgwick_node-3] [INFO] [1770794607.036012095] [imu_filter]: Parameter RLController.pid_ki_ang set to 0.000000
[imu_filter_madgwick_node-3] [INFO] [1770794607.036069632] [imu_filter]: Parameter RLController.pid_kd_ang set to 0.111178
[imu_filter_madgwick_node-3] [INFO] [1770794607.442325440] [imu_filter]: Parameter RLController.pid_kp_lin set to 1.200814
[imu_filter_madgwick_node-3] [INFO] [1770794607.443336789] [imu_filter]: Parameter RLController.pid_ki_lin set to 0.000000
[imu_filter_madgwick_node-3] [INFO] [1770794607.443451896] [imu_filter]: Parameter RLController.pid_kd_lin set to 0.029426
[imu_filter_madgwick_node-3] [INFO] [1770794607.443519865] [imu_filter]: Parameter RLController.pid_kp_ang set to 1.230605
[imu_filter_madgwick_node-3] [INFO] [1770794607.443692349] [imu_filter]: Parameter RLController.pid_ki_ang set to 0.000000
[imu_filter_madgwick_node-3] [INFO] [1770794607.443750622] [imu_filter]: Parameter RLController.pid_kd_ang set to 0.111252
[imu_filter_madgwick_node-3] [INFO] [1770794607.850926641] [imu_filter]: Parameter RLController.pid_kp_lin set to 1.200814
[imu_filter_madgwick_node-3] [INFO] [1770794607.854990791] [imu_filter]: Parameter RLController.pid_ki_lin set to 0.000000
[imu_filter_madgwick_node-3] [INFO] [1770794607.855485106] [imu_filter]: Parameter RLController.pid_kd_lin set to 0.029426
[imu_filter_madgwick_node-3] [INFO] [1770794607.855612724] [imu_filter]: Parameter RLController.pid_kp_ang set to 1.230605
[imu_filter_madgwick_node-3] [INFO] [1770794607.855684982] [imu_filter]: Parameter RLController.pid_ki_ang set to 0.000000
[imu_filter_madgwick_node-3] [INFO] [1770794607.855745591] [imu_filter]: Parameter RLController.pid_kd_ang set to 0.111327
[imu_filter_madgwick_node-3] [INFO] [1770794608.260530040] [imu_filter]: Parameter RLController.pid_kp_lin set to 1.200814
[imu_filter_madgwick_node-3] [INFO] [1770794608.260758877] [imu_filter]: Parameter RLController.pid_ki_lin set to 0.000000
[imu_filter_madgwick_node-3] [INFO] [1770794608.260843966] [imu_filter]: Parameter RLController.pid_kd_lin set to 0.029426
[imu_filter_madgwick_node-3] [INFO] [1770794608.260919840] [imu_filter]: Parameter RLController.pid_kp_ang set to 1.230605
[imu_filter_madgwick_node-3] [INFO] [1770794608.260989857] [imu_filter]: Parameter RLController.pid_ki_ang set to 0.000000
[imu_filter_madgwick_node-3] [INFO] [1770794608.261067651] [imu_filter]: Parameter RLController.pid_kd_ang set to 0.111401
[imu_filter_madgwick_node-3] [INFO] [1770794608.668332984] [imu_filter]: Parameter RLController.pid_kp_lin set to 1.200814
[imu_filter_madgwick_node-3] [INFO] [1770794608.668553405] [imu_filter]: Parameter RLController.pid_ki_lin set to 0.000000
[imu_filter_madgwick_node-3] [INFO] [1770794608.668658975] [imu_filter]: Parameter RLController.pid_kd_lin set to 0.029426
[imu_filter_madgwick_node-3] [INFO] [1770794608.668751169] [imu_filter]: Parameter RLController.pid_kp_ang set to 1.230605
[imu_filter_madgwick_node-3] [INFO] [1770794608.668837187] [imu_filter]: Parameter RLController.pid_ki_ang set to 0.000000
[imu_filter_madgwick_node-3] [INFO] [1770794608.668917093] [imu_filter]: Parameter RLController.pid_kd_ang set to 0.111475
[imu_filter_madgwick_node-3] [INFO] [1770794609.082287675] [imu_filter]: Parameter RLController.pid_kp_lin set to 1.200814
[imu_filter_madgwick_node-3] [INFO] [1770794609.082511519] [imu_filter]: Parameter RLController.pid_ki_lin set to 0.000000
[imu_filter_madgwick_node-3] [INFO] [1770794609.082593857] [imu_filter]: Parameter RLController.pid_kd_lin set to 0.029426
[imu_filter_madgwick_node-3] [INFO] [1770794609.082667715] [imu_filter]: Parameter RLController.pid_kp_ang set to 1.230605
[imu_filter_madgwick_node-3] [INFO] [1770794609.082730276] [imu_filter]: Parameter RLController.pid_ki_ang set to 0.000000
[imu_filter_madgwick_node-3] [INFO] [1770794609.082792773] [imu_filter]: Parameter RLController.pid_kd_ang set to 0.111550
[imu_filter_madgwick_node-3] [INFO] [1770794609.497161232] [imu_filter]: Parameter RLController.pid_kp_lin set to 1.200814
[imu_filter_madgwick_node-3] [INFO] [1770794609.497395637] [imu_filter]: Parameter RLController.pid_ki_lin set to 0.000000
[imu_filter_madgwick_node-3] [INFO] [1770794609.497476087] [imu_filter]: Parameter RLController.pid_kd_lin set to 0.029426
[imu_filter_madgwick_node-3] [INFO] [1770794609.497547289] [imu_filter]: Parameter RLController.pid_kp_ang set to 1.230605
[imu_filter_madgwick_node-3] [INFO] [1770794609.497615322] [imu_filter]: Parameter RLController.pid_ki_ang set to 0.000000
[imu_filter_madgwick_node-3] [INFO] [1770794609.497681147] [imu_filter]: Parameter RLController.pid_kd_ang set to 0.111624
[imu_filter_madgwick_node-3] [INFO] [1770794609.910563399] [imu_filter]: Parameter RLController.pid_kp_lin set to 1.200814
[imu_filter_madgwick_node-3] [INFO] [1770794609.910801580] [imu_filter]: Parameter RLController.pid_ki_lin set to 0.000000
[imu_filter_madgwick_node-3] [INFO] [1770794609.910908974] [imu_filter]: Parameter RLController.pid_kd_lin set to 0.029426
[imu_filter_madgwick_node-3] [INFO] [1770794609.911003280] [imu_filter]: Parameter RLController.pid_kp_ang set to 1.230605
[imu_filter_madgwick_node-3] [INFO] [1770794609.911089010] [imu_filter]: Parameter RLController.pid_ki_ang set to 0.000000
[imu_filter_madgwick_node-3] [INFO] [1770794609.911172692] [imu_filter]: Parameter RLController.pid_kd_ang set to 0.111698
[imu_filter_madgwick_node-3] [INFO] [1770794610.320285232] [imu_filter]: Parameter RLController.pid_kp_lin set to 1.200814
[imu_filter_madgwick_node-3] [INFO] [1770794610.323268207] [imu_filter]: Parameter RLController.pid_ki_lin set to 0.000000
[imu_filter_madgwick_node-3] [INFO] [1770794610.323488052] [imu_filter]: Parameter RLController.pid_kd_lin set to 0.029426
[imu_filter_madgwick_node-3] [INFO] [1770794610.323562613] [imu_filter]: Parameter RLController.pid_kp_ang set to 1.230605
[imu_filter_madgwick_node-3] [INFO] [1770794610.323622711] [imu_filter]: Parameter RLController.pid_ki_ang set to 0.000000
[imu_filter_madgwick_node-3] [INFO] [1770794610.323681272] [imu_filter]: Parameter RLController.pid_kd_ang set to 0.111773
[imu_filter_madgwick_node-3] [INFO] [1770794610.729866262] [imu_filter]: Parameter RLController.pid_kp_lin set to 1.200814
[imu_filter_madgwick_node-3] [INFO] [1770794610.730053434] [imu_filter]: Parameter RLController.pid_ki_lin set to 0.000000
[imu_filter_madgwick_node-3] [INFO] [1770794610.730124892] [imu_filter]: Parameter RLController.pid_kd_lin set to 0.029426
[imu_filter_madgwick_node-3] [INFO] [1770794610.730184733] [imu_filter]: Parameter RLController.pid_kp_ang set to 1.230605
[imu_filter_madgwick_node-3] [INFO] [1770794610.730238590] [imu_filter]: Parameter RLController.pid_ki_ang set to 0.000000
[imu_filter_madgwick_node-3] [INFO] [1770794610.730293567] [imu_filter]: Parameter RLController.pid_kd_ang set to 0.111847
[imu_filter_madgwick_node-3] [INFO] [1770794611.142054579] [imu_filter]: Parameter RLController.pid_kp_lin set to 1.200814
[imu_filter_madgwick_node-3] [INFO] [1770794611.142416347] [imu_filter]: Parameter RLController.pid_ki_lin set to 0.000000
[imu_filter_madgwick_node-3] [INFO] [1770794611.142503517] [imu_filter]: Parameter RLController.pid_kd_lin set to 0.029426
[imu_filter_madgwick_node-3] [INFO] [1770794611.142576542] [imu_filter]: Parameter RLController.pid_kp_ang set to 1.230605
[imu_filter_madgwick_node-3] [INFO] [1770794611.142637279] [imu_filter]: Parameter RLController.pid_ki_ang set to 0.000000
[imu_filter_madgwick_node-3] [INFO] [1770794611.142691809] [imu_filter]: Parameter RLController.pid_kd_ang set to 0.111921
[imu_filter_madgwick_node-3] [INFO] [1770794611.549150917] [imu_filter]: Parameter RLController.pid_kp_lin set to 1.200814
[imu_filter_madgwick_node-3] [INFO] [1770794611.549394154] [imu_filter]: Parameter RLController.pid_ki_lin set to 0.000000
[imu_filter_madgwick_node-3] [INFO] [1770794611.549495180] [imu_filter]: Parameter RLController.pid_kd_lin set to 0.029426
[imu_filter_madgwick_node-3] [INFO] [1770794611.549581070] [imu_filter]: Parameter RLController.pid_kp_ang set to 1.230605
[imu_filter_madgwick_node-3] [INFO] [1770794611.549652303] [imu_filter]: Parameter RLController.pid_ki_ang set to 0.000000
[imu_filter_madgwick_node-3] [INFO] [1770794611.549910581] [imu_filter]: Parameter RLController.pid_kd_ang set to 0.111996
[imu_filter_madgwick_node-3] [INFO] [1770794611.960225610] [imu_filter]: Parameter RLController.pid_kp_lin set to 1.200814
[imu_filter_madgwick_node-3] [INFO] [1770794611.961168542] [imu_filter]: Parameter RLController.pid_ki_lin set to 0.000000
[imu_filter_madgwick_node-3] [INFO] [1770794611.961647528] [imu_filter]: Parameter RLController.pid_kd_lin set to 0.029426
[imu_filter_madgwick_node-3] [INFO] [1770794611.961866701] [imu_filter]: Parameter RLController.pid_kp_ang set to 1.230605
[imu_filter_madgwick_node-3] [INFO] [1770794611.962040849] [imu_filter]: Parameter RLController.pid_ki_ang set to 0.000000
[imu_filter_madgwick_node-3] [INFO] [1770794611.962274198] [imu_filter]: Parameter RLController.pid_kd_ang set to 0.112070
[imu_filter_madgwick_node-3] [INFO] [1770794612.369079777] [imu_filter]: Parameter RLController.pid_kp_lin set to 1.200814
[imu_filter_madgwick_node-3] [INFO] [1770794612.369311366] [imu_filter]: Parameter RLController.pid_ki_lin set to 0.000000
[imu_filter_madgwick_node-3] [INFO] [1770794612.369383015] [imu_filter]: Parameter RLController.pid_kd_lin set to 0.029426
[imu_filter_madgwick_node-3] [INFO] [1770794612.369446249] [imu_filter]: Parameter RLController.pid_kp_ang set to 1.230605
[imu_filter_madgwick_node-3] [INFO] [1770794612.369503210] [imu_filter]: Parameter RLController.pid_ki_ang set to 0.000000
[imu_filter_madgwick_node-3] [INFO] [1770794612.369561867] [imu_filter]: Parameter RLController.pid_kd_ang set to 0.112144
[imu_filter_madgwick_node-3] [INFO] [1770794612.776590619] [imu_filter]: Parameter RLController.pid_kp_lin set to 1.200814
[imu_filter_madgwick_node-3] [INFO] [1770794612.777043013] [imu_filter]: Parameter RLController.pid_ki_lin set to 0.000000
[imu_filter_madgwick_node-3] [INFO] [1770794612.777244905] [imu_filter]: Parameter RLController.pid_kd_lin set to 0.029426
[imu_filter_madgwick_node-3] [INFO] [1770794612.777423053] [imu_filter]: Parameter RLController.pid_kp_ang set to 1.230605
[imu_filter_madgwick_node-3] [INFO] [1770794612.778821674] [imu_filter]: Parameter RLController.pid_ki_ang set to 0.000000
[imu_filter_madgwick_node-3] [INFO] [1770794612.779228947] [imu_filter]: Parameter RLController.pid_kd_ang set to 0.112219
[imu_filter_madgwick_node-3] [INFO] [1770794613.190799747] [imu_filter]: Parameter RLController.pid_kp_lin set to 1.200814
[imu_filter_madgwick_node-3] [INFO] [1770794613.191047752] [imu_filter]: Parameter RLController.pid_ki_lin set to 0.000000
[imu_filter_madgwick_node-3] [INFO] [1770794613.191303278] [imu_filter]: Parameter RLController.pid_kd_lin set to 0.029426
[imu_filter_madgwick_node-3] [INFO] [1770794613.191879002] [imu_filter]: Parameter RLController.pid_kp_ang set to 1.230605
[imu_filter_madgwick_node-3] [INFO] [1770794613.191986172] [imu_filter]: Parameter RLController.pid_ki_ang set to 0.000000
[imu_filter_madgwick_node-3] [INFO] [1770794613.192112991] [imu_filter]: Parameter RLController.pid_kd_ang set to 0.112293
[imu_filter_madgwick_node-3] [INFO] [1770794613.600602254] [imu_filter]: Parameter RLController.pid_kp_lin set to 1.200814
[imu_filter_madgwick_node-3] [INFO] [1770794613.600923637] [imu_filter]: Parameter RLController.pid_ki_lin set to 0.000000
[imu_filter_madgwick_node-3] [INFO] [1770794613.601005686] [imu_filter]: Parameter RLController.pid_kd_lin set to 0.029426
[imu_filter_madgwick_node-3] [INFO] [1770794613.601660196] [imu_filter]: Parameter RLController.pid_kp_ang set to 1.230605
[imu_filter_madgwick_node-3] [INFO] [1770794613.602785788] [imu_filter]: Parameter RLController.pid_ki_ang set to 0.000000
[imu_filter_madgwick_node-3] [INFO] [1770794613.602871038] [imu_filter]: Parameter RLController.pid_kd_ang set to 0.112367
[imu_filter_madgwick_node-3] [INFO] [1770794614.009172318] [imu_filter]: Parameter RLController.pid_kp_lin set to 1.200814
[imu_filter_madgwick_node-3] [INFO] [1770794614.009516934] [imu_filter]: Parameter RLController.pid_ki_lin set to 0.000000
[imu_filter_madgwick_node-3] [INFO] [1770794614.009651689] [imu_filter]: Parameter RLController.pid_kd_lin set to 0.029426
[imu_filter_madgwick_node-3] [INFO] [1770794614.009765515] [imu_filter]: Parameter RLController.pid_kp_ang set to 1.230605
[imu_filter_madgwick_node-3] [INFO] [1770794614.009872845] [imu_filter]: Parameter RLController.pid_ki_ang set to 0.000000
[imu_filter_madgwick_node-3] [INFO] [1770794614.009954191] [imu_filter]: Parameter RLController.pid_kd_ang set to 0.112442
[imu_filter_madgwick_node-3] [INFO] [1770794614.420737230] [imu_filter]: Parameter RLController.pid_kp_lin set to 1.200814
[imu_filter_madgwick_node-3] [INFO] [1770794614.426029950] [imu_filter]: Parameter RLController.pid_ki_lin set to 0.000000
[imu_filter_madgwick_node-3] [INFO] [1770794614.426150785] [imu_filter]: Parameter RLController.pid_kd_lin set to 0.029426
[imu_filter_madgwick_node-3] [INFO] [1770794614.426215906] [imu_filter]: Parameter RLController.pid_kp_ang set to 1.230605
[imu_filter_madgwick_node-3] [INFO] [1770794614.426287172] [imu_filter]: Parameter RLController.pid_ki_ang set to 0.000000
[imu_filter_madgwick_node-3] [INFO] [1770794614.428007048] [imu_filter]: Parameter RLController.pid_kd_ang set to 0.112516
[imu_filter_madgwick_node-3] [INFO] [1770794614.838979115] [imu_filter]: Parameter RLController.pid_kp_lin set to 1.200814
[imu_filter_madgwick_node-3] [INFO] [1770794614.839170799] [imu_filter]: Parameter RLController.pid_ki_lin set to 0.000000
[imu_filter_madgwick_node-3] [INFO] [1770794614.839241329] [imu_filter]: Parameter RLController.pid_kd_lin set to 0.029426
[imu_filter_madgwick_node-3] [INFO] [1770794614.840406441] [imu_filter]: Parameter RLController.pid_kp_ang set to 1.230605
[imu_filter_madgwick_node-3] [INFO] [1770794614.840541068] [imu_filter]: Parameter RLController.pid_ki_ang set to 0.000000
[imu_filter_madgwick_node-3] [INFO] [1770794614.840725424] [imu_filter]: Parameter RLController.pid_kd_ang set to 0.112590
[imu_filter_madgwick_node-3] [INFO] [1770794615.248914745] [imu_filter]: Parameter RLController.pid_kp_lin set to 1.200814
[imu_filter_madgwick_node-3] [INFO] [1770794615.251195401] [imu_filter]: Parameter RLController.pid_ki_lin set to 0.000000
[imu_filter_madgwick_node-3] [INFO] [1770794615.251511568] [imu_filter]: Parameter RLController.pid_kd_lin set to 0.029426
[imu_filter_madgwick_node-3] [INFO] [1770794615.251593265] [imu_filter]: Parameter RLController.pid_kp_ang set to 1.230605
[imu_filter_madgwick_node-3] [INFO] [1770794615.251656755] [imu_filter]: Parameter RLController.pid_ki_ang set to 0.000000
[imu_filter_madgwick_node-3] [INFO] [1770794615.251713364] [imu_filter]: Parameter RLController.pid_kd_ang set to 0.112665
[imu_filter_madgwick_node-3] [INFO] [1770794615.658920968] [imu_filter]: Parameter RLController.pid_kp_lin set to 1.200814
[imu_filter_madgwick_node-3] [INFO] [1770794615.659138828] [imu_filter]: Parameter RLController.pid_ki_lin set to 0.000000
[imu_filter_madgwick_node-3] [INFO] [1770794615.659216846] [imu_filter]: Parameter RLController.pid_kd_lin set to 0.029426
[imu_filter_madgwick_node-3] [INFO] [1770794615.659285231] [imu_filter]: Parameter RLController.pid_kp_ang set to 1.230605
[imu_filter_madgwick_node-3] [INFO] [1770794615.659348689] [imu_filter]: Parameter RLController.pid_ki_ang set to 0.000000
[imu_filter_madgwick_node-3] [INFO] [1770794615.659411858] [imu_filter]: Parameter RLController.pid_kd_ang set to 0.112739
[imu_filter_madgwick_node-3] [INFO] [1770794616.069765928] [imu_filter]: Parameter RLController.pid_kp_lin set to 1.200814
[imu_filter_madgwick_node-3] [INFO] [1770794616.070007982] [imu_filter]: Parameter RLController.pid_ki_lin set to 0.000000
[imu_filter_madgwick_node-3] [INFO] [1770794616.070094543] [imu_filter]: Parameter RLController.pid_kd_lin set to 0.029426
[imu_filter_madgwick_node-3] [INFO] [1770794616.070165873] [imu_filter]: Parameter RLController.pid_kp_ang set to 1.230605
[imu_filter_madgwick_node-3] [INFO] [1770794616.070266899] [imu_filter]: Parameter RLController.pid_ki_ang set to 0.000000
[imu_filter_madgwick_node-3] [INFO] [1770794616.070469047] [imu_filter]: Parameter RLController.pid_kd_ang set to 0.112813
[imu_filter_madgwick_node-3] [INFO] [1770794616.480389220] [imu_filter]: Parameter RLController.pid_kp_lin set to 1.200814
[imu_filter_madgwick_node-3] [INFO] [1770794616.481860356] [imu_filter]: Parameter RLController.pid_ki_lin set to 0.000000
[imu_filter_madgwick_node-3] [INFO] [1770794616.481968358] [imu_filter]: Parameter RLController.pid_kd_lin set to 0.029426
[imu_filter_madgwick_node-3] [INFO] [1770794616.482155146] [imu_filter]: Parameter RLController.pid_kp_ang set to 1.230605
[imu_filter_madgwick_node-3] [INFO] [1770794616.482336398] [imu_filter]: Parameter RLController.pid_ki_ang set to 0.000000
[imu_filter_madgwick_node-3] [INFO] [1770794616.482409199] [imu_filter]: Parameter RLController.pid_kd_ang set to 0.112888
[imu_filter_madgwick_node-3] [INFO] [1770794616.887384372] [imu_filter]: Parameter RLController.pid_kp_lin set to 1.200814
[imu_filter_madgwick_node-3] [INFO] [1770794616.887587544] [imu_filter]: Parameter RLController.pid_ki_lin set to 0.000000
[imu_filter_madgwick_node-3] [INFO] [1770794616.887659354] [imu_filter]: Parameter RLController.pid_kd_lin set to 0.029426
[imu_filter_madgwick_node-3] [INFO] [1770794616.887719355] [imu_filter]: Parameter RLController.pid_kp_ang set to 1.230605
[imu_filter_madgwick_node-3] [INFO] [1770794616.891036129] [imu_filter]: Parameter RLController.pid_ki_ang set to 0.000000
[imu_filter_madgwick_node-3] [INFO] [1770794616.891404617] [imu_filter]: Parameter RLController.pid_kd_ang set to 0.112962
[imu_filter_madgwick_node-3] [INFO] [1770794617.301398968] [imu_filter]: Parameter RLController.pid_kp_lin set to 1.200814
[imu_filter_madgwick_node-3] [INFO] [1770794617.301806272] [imu_filter]: Parameter RLController.pid_ki_lin set to 0.000000
[imu_filter_madgwick_node-3] [INFO] [1770794617.301924483] [imu_filter]: Parameter RLController.pid_kd_lin set to 0.029426
[imu_filter_madgwick_node-3] [INFO] [1770794617.301998628] [imu_filter]: Parameter RLController.pid_kp_ang set to 1.230605
[imu_filter_madgwick_node-3] [INFO] [1770794617.302064326] [imu_filter]: Parameter RLController.pid_ki_ang set to 0.000000
[imu_filter_madgwick_node-3] [INFO] [1770794617.302129767] [imu_filter]: Parameter RLController.pid_kd_ang set to 0.113036
[imu_filter_madgwick_node-3] [INFO] [1770794617.712936903] [imu_filter]: Parameter RLController.pid_kp_lin set to 1.200814
[imu_filter_madgwick_node-3] [INFO] [1770794617.713137611] [imu_filter]: Parameter RLController.pid_ki_lin set to 0.000000
[imu_filter_madgwick_node-3] [INFO] [1770794617.713208525] [imu_filter]: Parameter RLController.pid_kd_lin set to 0.029426
[imu_filter_madgwick_node-3] [INFO] [1770794617.713268878] [imu_filter]: Parameter RLController.pid_kp_ang set to 1.230605
[imu_filter_madgwick_node-3] [INFO] [1770794617.713323695] [imu_filter]: Parameter RLController.pid_ki_ang set to 0.000000
[imu_filter_madgwick_node-3] [INFO] [1770794617.713378640] [imu_filter]: Parameter RLController.pid_kd_ang set to 0.113110
[imu_filter_madgwick_node-3] [INFO] [1770794618.128895956] [imu_filter]: Parameter RLController.pid_kp_lin set to 1.200814
[imu_filter_madgwick_node-3] [INFO] [1770794618.129109752] [imu_filter]: Parameter RLController.pid_ki_lin set to 0.000000
[imu_filter_madgwick_node-3] [INFO] [1770794618.129177145] [imu_filter]: Parameter RLController.pid_kd_lin set to 0.029426
[imu_filter_madgwick_node-3] [INFO] [1770794618.129235163] [imu_filter]: Parameter RLController.pid_kp_ang set to 1.230605
[imu_filter_madgwick_node-3] [INFO] [1770794618.129292156] [imu_filter]: Parameter RLController.pid_ki_ang set to 0.000000
[imu_filter_madgwick_node-3] [INFO] [1770794618.129344893] [imu_filter]: Parameter RLController.pid_kd_ang set to 0.113185
[imu_filter_madgwick_node-3] [INFO] [1770794618.539539504] [imu_filter]: Parameter RLController.pid_kp_lin set to 1.200814
[imu_filter_madgwick_node-3] [INFO] [1770794618.539876407] [imu_filter]: Parameter RLController.pid_ki_lin set to 0.000000
[imu_filter_madgwick_node-3] [INFO] [1770794618.539980569] [imu_filter]: Parameter RLController.pid_kd_lin set to 0.029426
[imu_filter_madgwick_node-3] [INFO] [1770794618.540064059] [imu_filter]: Parameter RLController.pid_kp_ang set to 1.230605
[imu_filter_madgwick_node-3] [INFO] [1770794618.540458019] [imu_filter]: Parameter RLController.pid_ki_ang set to 0.000000
[imu_filter_madgwick_node-3] [INFO] [1770794618.540579526] [imu_filter]: Parameter RLController.pid_kd_ang set to 0.113259
[imu_filter_madgwick_node-3] [INFO] [1770794618.949228376] [imu_filter]: Parameter RLController.pid_kp_lin set to 1.200814
[imu_filter_madgwick_node-3] [INFO] [1770794618.949434013] [imu_filter]: Parameter RLController.pid_ki_lin set to 0.000000
[imu_filter_madgwick_node-3] [INFO] [1770794618.949533567] [imu_filter]: Parameter RLController.pid_kd_lin set to 0.029426
[imu_filter_madgwick_node-3] [INFO] [1770794618.949608480] [imu_filter]: Parameter RLController.pid_kp_ang set to 1.230605
[imu_filter_madgwick_node-3] [INFO] [1770794618.949676322] [imu_filter]: Parameter RLController.pid_ki_ang set to 0.000000
[imu_filter_madgwick_node-3] [INFO] [1770794618.949774180] [imu_filter]: Parameter RLController.pid_kd_ang set to 0.113333
[imu_filter_madgwick_node-3] [INFO] [1770794619.354003545] [imu_filter]: Parameter RLController.pid_kp_lin set to 1.200814
[imu_filter_madgwick_node-3] [INFO] [1770794619.354223582] [imu_filter]: Parameter RLController.pid_ki_lin set to 0.000000
[imu_filter_madgwick_node-3] [INFO] [1770794619.354407009] [imu_filter]: Parameter RLController.pid_kd_lin set to 0.029426
[imu_filter_madgwick_node-3] [INFO] [1770794619.354481059] [imu_filter]: Parameter RLController.pid_kp_ang set to 1.230605
[imu_filter_madgwick_node-3] [INFO] [1770794619.356602032] [imu_filter]: Parameter RLController.pid_ki_ang set to 0.000000
[imu_filter_madgwick_node-3] [INFO] [1770794619.356860885] [imu_filter]: Parameter RLController.pid_kd_ang set to 0.113408
[imu_filter_madgwick_node-3] [INFO] [1770794619.764690422] [imu_filter]: Parameter RLController.pid_kp_lin set to 1.200814
[imu_filter_madgwick_node-3] [INFO] [1770794619.765409861] [imu_filter]: Parameter RLController.pid_ki_lin set to 0.000000
[imu_filter_madgwick_node-3] [INFO] [1770794619.765746765] [imu_filter]: Parameter RLController.pid_kd_lin set to 0.029426
[imu_filter_madgwick_node-3] [INFO] [1770794619.765931056] [imu_filter]: Parameter RLController.pid_kp_ang set to 1.230605
[imu_filter_madgwick_node-3] [INFO] [1770794619.766046003] [imu_filter]: Parameter RLController.pid_ki_ang set to 0.000000
[imu_filter_madgwick_node-3] [INFO] [1770794619.766203766] [imu_filter]: Parameter RLController.pid_kd_ang set to 0.113482
[imu_filter_madgwick_node-3] [INFO] [1770794620.178796828] [imu_filter]: Parameter RLController.pid_kp_lin set to 1.200814
[imu_filter_madgwick_node-3] [INFO] [1770794620.179371816] [imu_filter]: Parameter RLController.pid_ki_lin set to 0.000000
[imu_filter_madgwick_node-3] [INFO] [1770794620.179501131] [imu_filter]: Parameter RLController.pid_kd_lin set to 0.029426
[imu_filter_madgwick_node-3] [INFO] [1770794620.180782982] [imu_filter]: Parameter RLController.pid_kp_ang set to 1.230605
[imu_filter_madgwick_node-3] [INFO] [1770794620.180932713] [imu_filter]: Parameter RLController.pid_ki_ang set to 0.000000
[imu_filter_madgwick_node-3] [INFO] [1770794620.181021739] [imu_filter]: Parameter RLController.pid_kd_ang set to 0.113556
[imu_filter_madgwick_node-3] [INFO] [1770794620.593523918] [imu_filter]: Parameter RLController.pid_kp_lin set to 1.200814
[imu_filter_madgwick_node-3] [INFO] [1770794620.593759187] [imu_filter]: Parameter RLController.pid_ki_lin set to 0.000000
[imu_filter_madgwick_node-3] [INFO] [1770794620.593844213] [imu_filter]: Parameter RLController.pid_kd_lin set to 0.029426
[imu_filter_madgwick_node-3] [INFO] [1770794620.593906743] [imu_filter]: Parameter RLController.pid_kp_ang set to 1.230605
[imu_filter_madgwick_node-3] [INFO] [1770794620.593962552] [imu_filter]: Parameter RLController.pid_ki_ang set to 0.000000
[imu_filter_madgwick_node-3] [INFO] [1770794620.594018041] [imu_filter]: Parameter RLController.pid_kd_ang set to 0.113631
[imu_filter_madgwick_node-3] [INFO] [1770794621.004009192] [imu_filter]: Parameter RLController.pid_kp_lin set to 1.200814
[imu_filter_madgwick_node-3] [INFO] [1770794621.004224556] [imu_filter]: Parameter RLController.pid_ki_lin set to 0.000000
[imu_filter_madgwick_node-3] [INFO] [1770794621.004292846] [imu_filter]: Parameter RLController.pid_kd_lin set to 0.029426
[imu_filter_madgwick_node-3] [INFO] [1770794621.004351087] [imu_filter]: Parameter RLController.pid_kp_ang set to 1.230605
[imu_filter_madgwick_node-3] [INFO] [1770794621.004406224] [imu_filter]: Parameter RLController.pid_ki_ang set to 0.000000
[imu_filter_madgwick_node-3] [INFO] [1770794621.004461681] [imu_filter]: Parameter RLController.pid_kd_ang set to 0.113705
[imu_filter_madgwick_node-3] [INFO] [1770794621.413172965] [imu_filter]: Parameter RLController.pid_kp_lin set to 1.200814
[imu_filter_madgwick_node-3] [INFO] [1770794621.413378825] [imu_filter]: Parameter RLController.pid_ki_lin set to 0.000000
[imu_filter_madgwick_node-3] [INFO] [1770794621.413468331] [imu_filter]: Parameter RLController.pid_kd_lin set to 0.029426
[imu_filter_madgwick_node-3] [INFO] [1770794621.413543469] [imu_filter]: Parameter RLController.pid_kp_ang set to 1.230605
[imu_filter_madgwick_node-3] [INFO] [1770794621.413609838] [imu_filter]: Parameter RLController.pid_ki_ang set to 0.000000
[imu_filter_madgwick_node-3] [INFO] [1770794621.413676079] [imu_filter]: Parameter RLController.pid_kd_ang set to 0.113779
[imu_filter_madgwick_node-3] [INFO] [1770794621.826627965] [imu_filter]: Parameter RLController.pid_kp_lin set to 1.200814
[imu_filter_madgwick_node-3] [INFO] [1770794621.826974276] [imu_filter]: Parameter RLController.pid_ki_lin set to 0.000000
[imu_filter_madgwick_node-3] [INFO] [1770794621.827072998] [imu_filter]: Parameter RLController.pid_kd_lin set to 0.029426
[imu_filter_madgwick_node-3] [INFO] [1770794621.827145000] [imu_filter]: Parameter RLController.pid_kp_ang set to 1.230605
[imu_filter_madgwick_node-3] [INFO] [1770794621.827208425] [imu_filter]: Parameter RLController.pid_ki_ang set to 0.000000
[imu_filter_madgwick_node-3] [INFO] [1770794621.827271466] [imu_filter]: Parameter RLController.pid_kd_ang set to 0.113854
[imu_filter_madgwick_node-3] [INFO] [1770794622.237386620] [imu_filter]: Parameter RLController.pid_kp_lin set to 1.200814
[imu_filter_madgwick_node-3] [INFO] [1770794622.237669377] [imu_filter]: Parameter RLController.pid_ki_lin set to 0.000000
[imu_filter_madgwick_node-3] [INFO] [1770794622.237859493] [imu_filter]: Parameter RLController.pid_kd_lin set to 0.029426
[imu_filter_madgwick_node-3] [INFO] [1770794622.237976360] [imu_filter]: Parameter RLController.pid_kp_ang set to 1.230605
[imu_filter_madgwick_node-3] [INFO] [1770794622.238074122] [imu_filter]: Parameter RLController.pid_ki_ang set to 0.000000
[imu_filter_madgwick_node-3] [INFO] [1770794622.238169164] [imu_filter]: Parameter RLController.pid_kd_ang set to 0.113928
[imu_filter_madgwick_node-3] [INFO] [1770794622.648591396] [imu_filter]: Parameter RLController.pid_kp_lin set to 1.200814
[imu_filter_madgwick_node-3] [INFO] [1770794622.648797800] [imu_filter]: Parameter RLController.pid_ki_lin set to 0.000000
[imu_filter_madgwick_node-3] [INFO] [1770794622.648867402] [imu_filter]: Parameter RLController.pid_kd_lin set to 0.029426
[imu_filter_madgwick_node-3] [INFO] [1770794622.648929195] [imu_filter]: Parameter RLController.pid_kp_ang set to 1.230605
[imu_filter_madgwick_node-3] [INFO] [1770794622.648984972] [imu_filter]: Parameter RLController.pid_ki_ang set to 0.000000
[imu_filter_madgwick_node-3] [INFO] [1770794622.649038061] [imu_filter]: Parameter RLController.pid_kd_ang set to 0.114002
[imu_filter_madgwick_node-3] [INFO] [1770794623.060636414] [imu_filter]: Parameter RLController.pid_kp_lin set to 1.200814
[imu_filter_madgwick_node-3] [INFO] [1770794623.060889155] [imu_filter]: Parameter RLController.pid_ki_lin set to 0.000000
[imu_filter_madgwick_node-3] [INFO] [1770794623.060983237] [imu_filter]: Parameter RLController.pid_kd_lin set to 0.029426
[imu_filter_madgwick_node-3] [INFO] [1770794623.061069767] [imu_filter]: Parameter RLController.pid_kp_ang set to 1.230605
[imu_filter_madgwick_node-3] [INFO] [1770794623.061145257] [imu_filter]: Parameter RLController.pid_ki_ang set to 0.000000
[imu_filter_madgwick_node-3] [INFO] [1770794623.061217930] [imu_filter]: Parameter RLController.pid_kd_ang set to 0.114077
[imu_filter_madgwick_node-3] [INFO] [1770794623.466340786] [imu_filter]: Parameter RLController.pid_kp_lin set to 1.200814
[imu_filter_madgwick_node-3] [INFO] [1770794623.466553463] [imu_filter]: Parameter RLController.pid_ki_lin set to 0.000000
[imu_filter_madgwick_node-3] [INFO] [1770794623.466630872] [imu_filter]: Parameter RLController.pid_kd_lin set to 0.029426
[imu_filter_madgwick_node-3] [INFO] [1770794623.466699194] [imu_filter]: Parameter RLController.pid_kp_ang set to 1.230605
[imu_filter_madgwick_node-3] [INFO] [1770794623.466761563] [imu_filter]: Parameter RLController.pid_ki_ang set to 0.000000
[imu_filter_madgwick_node-3] [INFO] [1770794623.466821308] [imu_filter]: Parameter RLController.pid_kd_ang set to 0.114151
[imu_filter_madgwick_node-3] [INFO] [1770794623.884827220] [imu_filter]: Parameter RLController.pid_kp_lin set to 1.200814
[imu_filter_madgwick_node-3] [INFO] [1770794623.885032216] [imu_filter]: Parameter RLController.pid_ki_lin set to 0.000000
[imu_filter_madgwick_node-3] [INFO] [1770794623.885557827] [imu_filter]: Parameter RLController.pid_kd_lin set to 0.029426
[imu_filter_madgwick_node-3] [INFO] [1770794623.885679110] [imu_filter]: Parameter RLController.pid_kp_ang set to 1.230605
[imu_filter_madgwick_node-3] [INFO] [1770794623.889890847] [imu_filter]: Parameter RLController.pid_ki_ang set to 0.000000
[imu_filter_madgwick_node-3] [INFO] [1770794623.890098531] [imu_filter]: Parameter RLController.pid_kd_ang set to 0.114225
[imu_filter_madgwick_node-3] [INFO] [1770794624.299733387] [imu_filter]: Parameter RLController.pid_kp_lin set to 1.200814
[imu_filter_madgwick_node-3] [INFO] [1770794624.299966991] [imu_filter]: Parameter RLController.pid_ki_lin set to 0.000000
[imu_filter_madgwick_node-3] [INFO] [1770794624.300039089] [imu_filter]: Parameter RLController.pid_kd_lin set to 0.029426
[imu_filter_madgwick_node-3] [INFO] [1770794624.300102802] [imu_filter]: Parameter RLController.pid_kp_ang set to 1.230605
[imu_filter_madgwick_node-3] [INFO] [1770794624.300166356] [imu_filter]: Parameter RLController.pid_ki_ang set to 0.000000
[imu_filter_madgwick_node-3] [INFO] [1770794624.300224629] [imu_filter]: Parameter RLController.pid_kd_ang set to 0.114300
[imu_filter_madgwick_node-3] [INFO] [1770794624.710801744] [imu_filter]: Parameter RLController.pid_kp_lin set to 1.200814
[imu_filter_madgwick_node-3] [INFO] [1770794624.711021493] [imu_filter]: Parameter RLController.pid_ki_lin set to 0.000000
[imu_filter_madgwick_node-3] [INFO] [1770794624.711089686] [imu_filter]: Parameter RLController.pid_kd_lin set to 0.029426
[imu_filter_madgwick_node-3] [INFO] [1770794624.712878268] [imu_filter]: Parameter RLController.pid_kp_ang set to 1.230605
[imu_filter_madgwick_node-3] [INFO] [1770794624.713044063] [imu_filter]: Parameter RLController.pid_ki_ang set to 0.000000
[imu_filter_madgwick_node-3] [INFO] [1770794624.713117153] [imu_filter]: Parameter RLController.pid_kd_ang set to 0.114374
[imu_filter_madgwick_node-3] [INFO] [1770794625.117528762] [imu_filter]: Parameter RLController.pid_kp_lin set to 1.200814
[imu_filter_madgwick_node-3] [INFO] [1770794625.117808320] [imu_filter]: Parameter RLController.pid_ki_lin set to 0.000000
[imu_filter_madgwick_node-3] [INFO] [1770794625.117912674] [imu_filter]: Parameter RLController.pid_kd_lin set to 0.029426
[imu_filter_madgwick_node-3] [INFO] [1770794625.117990307] [imu_filter]: Parameter RLController.pid_kp_ang set to 1.230605
[imu_filter_madgwick_node-3] [INFO] [1770794625.118066789] [imu_filter]: Parameter RLController.pid_ki_ang set to 0.000000
[imu_filter_madgwick_node-3] [INFO] [1770794625.118130598] [imu_filter]: Parameter RLController.pid_kd_ang set to 0.114448
[imu_filter_madgwick_node-3] [INFO] [1770794625.533059197] [imu_filter]: Parameter RLController.pid_kp_lin set to 1.200814
[imu_filter_madgwick_node-3] [INFO] [1770794625.533255137] [imu_filter]: Parameter RLController.pid_ki_lin set to 0.000000
[imu_filter_madgwick_node-3] [INFO] [1770794625.533427813] [imu_filter]: Parameter RLController.pid_kd_lin set to 0.029426
[imu_filter_madgwick_node-3] [INFO] [1770794625.533494535] [imu_filter]: Parameter RLController.pid_kp_ang set to 1.230605
[imu_filter_madgwick_node-3] [INFO] [1770794625.533550088] [imu_filter]: Parameter RLController.pid_ki_ang set to 0.000000
[imu_filter_madgwick_node-3] [INFO] [1770794625.533606345] [imu_filter]: Parameter RLController.pid_kd_ang set to 0.114523
[imu_filter_madgwick_node-3] [INFO] [1770794625.940669082] [imu_filter]: Parameter RLController.pid_kp_lin set to 1.200814
[imu_filter_madgwick_node-3] [INFO] [1770794625.942136473] [imu_filter]: Parameter RLController.pid_ki_lin set to 0.000000
[imu_filter_madgwick_node-3] [INFO] [1770794625.942287548] [imu_filter]: Parameter RLController.pid_kd_lin set to 0.029426
[imu_filter_madgwick_node-3] [INFO] [1770794625.945519136] [imu_filter]: Parameter RLController.pid_kp_ang set to 1.230605
[imu_filter_madgwick_node-3] [INFO] [1770794625.946543318] [imu_filter]: Parameter RLController.pid_ki_ang set to 0.000000
[imu_filter_madgwick_node-3] [INFO] [1770794625.946694617] [imu_filter]: Parameter RLController.pid_kd_ang set to 0.114597
[imu_filter_madgwick_node-3] [INFO] [1770794626.350807404] [imu_filter]: Parameter RLController.pid_kp_lin set to 1.200814
[imu_filter_madgwick_node-3] [INFO] [1770794626.351144307] [imu_filter]: Parameter RLController.pid_ki_lin set to 0.000000
[imu_filter_madgwick_node-3] [INFO] [1770794626.351240245] [imu_filter]: Parameter RLController.pid_kd_lin set to 0.029426
[imu_filter_madgwick_node-3] [INFO] [1770794626.351313302] [imu_filter]: Parameter RLController.pid_kp_ang set to 1.230605
[imu_filter_madgwick_node-3] [INFO] [1770794626.351377304] [imu_filter]: Parameter RLController.pid_ki_ang set to 0.000000
[imu_filter_madgwick_node-3] [INFO] [1770794626.351432857] [imu_filter]: Parameter RLController.pid_kd_ang set to 0.114671
[imu_filter_madgwick_node-3] [INFO] [1770794626.757143117] [imu_filter]: Parameter RLController.pid_kp_lin set to 1.200814
[imu_filter_madgwick_node-3] [INFO] [1770794626.757374578] [imu_filter]: Parameter RLController.pid_ki_lin set to 0.000000
[imu_filter_madgwick_node-3] [INFO] [1770794626.757469108] [imu_filter]: Parameter RLController.pid_kd_lin set to 0.029426
[imu_filter_madgwick_node-3] [INFO] [1770794626.757547542] [imu_filter]: Parameter RLController.pid_kp_ang set to 1.230605
[imu_filter_madgwick_node-3] [INFO] [1770794626.757616823] [imu_filter]: Parameter RLController.pid_ki_ang set to 0.000000
[imu_filter_madgwick_node-3] [INFO] [1770794626.757686201] [imu_filter]: Parameter RLController.pid_kd_ang set to 0.114746
[imu_filter_madgwick_node-3] [INFO] [1770794627.164675272] [imu_filter]: Parameter RLController.pid_kp_lin set to 1.200814
[imu_filter_madgwick_node-3] [INFO] [1770794627.165554330] [imu_filter]: Parameter RLController.pid_ki_lin set to 0.000000
[imu_filter_madgwick_node-3] [INFO] [1770794627.165788703] [imu_filter]: Parameter RLController.pid_kd_lin set to 0.029426
[imu_filter_madgwick_node-3] [INFO] [1770794627.165964547] [imu_filter]: Parameter RLController.pid_kp_ang set to 1.230605
[imu_filter_madgwick_node-3] [INFO] [1770794627.166047173] [imu_filter]: Parameter RLController.pid_ki_ang set to 0.000000
[imu_filter_madgwick_node-3] [INFO] [1770794627.166119814] [imu_filter]: Parameter RLController.pid_kd_ang set to 0.114820
[imu_filter_madgwick_node-3] [INFO] [1770794627.578060702] [imu_filter]: Parameter RLController.pid_kp_lin set to 1.200814
[imu_filter_madgwick_node-3] [INFO] [1770794627.578281827] [imu_filter]: Parameter RLController.pid_ki_lin set to 0.000000
[imu_filter_madgwick_node-3] [INFO] [1770794627.578498087] [imu_filter]: Parameter RLController.pid_kd_lin set to 0.029426
[imu_filter_madgwick_node-3] [INFO] [1770794627.578580425] [imu_filter]: Parameter RLController.pid_kp_ang set to 1.230605
[imu_filter_madgwick_node-3] [INFO] [1770794627.578648971] [imu_filter]: Parameter RLController.pid_ki_ang set to 0.000000
[imu_filter_madgwick_node-3] [INFO] [1770794627.578724012] [imu_filter]: Parameter RLController.pid_kd_ang set to 0.114894
[imu_filter_madgwick_node-3] [INFO] [1770794627.985470038] [imu_filter]: Parameter RLController.pid_kp_lin set to 1.200814
[imu_filter_madgwick_node-3] [INFO] [1770794627.985682011] [imu_filter]: Parameter RLController.pid_ki_lin set to 0.000000
[imu_filter_madgwick_node-3] [INFO] [1770794627.985814782] [imu_filter]: Parameter RLController.pid_kd_lin set to 0.029426
[imu_filter_madgwick_node-3] [INFO] [1770794627.985895039] [imu_filter]: Parameter RLController.pid_kp_ang set to 1.230605
[imu_filter_madgwick_node-3] [INFO] [1770794627.985963681] [imu_filter]: Parameter RLController.pid_ki_ang set to 0.000000
[imu_filter_madgwick_node-3] [INFO] [1770794627.986033602] [imu_filter]: Parameter RLController.pid_kd_ang set to 0.114969
[imu_filter_madgwick_node-3] [INFO] [1770794628.400239018] [imu_filter]: Parameter RLController.pid_kp_lin set to 1.200814
[imu_filter_madgwick_node-3] [INFO] [1770794628.400445550] [imu_filter]: Parameter RLController.pid_ki_lin set to 0.000000
[imu_filter_madgwick_node-3] [INFO] [1770794628.400526448] [imu_filter]: Parameter RLController.pid_kd_lin set to 0.029426
[imu_filter_madgwick_node-3] [INFO] [1770794628.400822422] [imu_filter]: Parameter RLController.pid_kp_ang set to 1.230605
[imu_filter_madgwick_node-3] [INFO] [1770794628.401024218] [imu_filter]: Parameter RLController.pid_ki_ang set to 0.000000
[imu_filter_madgwick_node-3] [INFO] [1770794628.401090524] [imu_filter]: Parameter RLController.pid_kd_ang set to 0.115043
[imu_filter_madgwick_node-3] [INFO] [1770794628.812671916] [imu_filter]: Parameter RLController.pid_kp_lin set to 1.200814
[imu_filter_madgwick_node-3] [INFO] [1770794628.812871248] [imu_filter]: Parameter RLController.pid_ki_lin set to 0.000000
[imu_filter_madgwick_node-3] [INFO] [1770794628.812940338] [imu_filter]: Parameter RLController.pid_kd_lin set to 0.029426
[imu_filter_madgwick_node-3] [INFO] [1770794628.812998803] [imu_filter]: Parameter RLController.pid_kp_ang set to 1.230605
[imu_filter_madgwick_node-3] [INFO] [1770794628.813052980] [imu_filter]: Parameter RLController.pid_ki_ang set to 0.000000
[imu_filter_madgwick_node-3] [INFO] [1770794628.813107381] [imu_filter]: Parameter RLController.pid_kd_ang set to 0.115117
[imu_filter_madgwick_node-3] [INFO] [1770794629.218796297] [imu_filter]: Parameter RLController.pid_kp_lin set to 1.200814
[imu_filter_madgwick_node-3] [INFO] [1770794629.219028494] [imu_filter]: Parameter RLController.pid_ki_lin set to 0.000000
[imu_filter_madgwick_node-3] [INFO] [1770794629.219114608] [imu_filter]: Parameter RLController.pid_kd_lin set to 0.029426
[imu_filter_madgwick_node-3] [INFO] [1770794629.219187761] [imu_filter]: Parameter RLController.pid_kp_ang set to 1.230605
[imu_filter_madgwick_node-3] [INFO] [1770794629.219255187] [imu_filter]: Parameter RLController.pid_ki_ang set to 0.000000
[imu_filter_madgwick_node-3] [INFO] [1770794629.219320532] [imu_filter]: Parameter RLController.pid_kd_ang set to 0.115192
[imu_filter_madgwick_node-3] [INFO] [1770794629.627543742] [imu_filter]: Parameter RLController.pid_kp_lin set to 1.200814
[imu_filter_madgwick_node-3] [INFO] [1770794629.627799715] [imu_filter]: Parameter RLController.pid_ki_lin set to 0.000000
[imu_filter_madgwick_node-3] [INFO] [1770794629.627937670] [imu_filter]: Parameter RLController.pid_kd_lin set to 0.029426
[imu_filter_madgwick_node-3] [INFO] [1770794629.628009703] [imu_filter]: Parameter RLController.pid_kp_ang set to 1.230605
[imu_filter_madgwick_node-3] [INFO] [1770794629.628132106] [imu_filter]: Parameter RLController.pid_ki_ang set to 0.000000
[imu_filter_madgwick_node-3] [INFO] [1770794629.628200460] [imu_filter]: Parameter RLController.pid_kd_ang set to 0.115266
[imu_filter_madgwick_node-3] [INFO] [1770794630.038403647] [imu_filter]: Parameter RLController.pid_kp_lin set to 1.200814
[imu_filter_madgwick_node-3] [INFO] [1770794630.038620643] [imu_filter]: Parameter RLController.pid_ki_lin set to 0.000000
[imu_filter_madgwick_node-3] [INFO] [1770794630.038691525] [imu_filter]: Parameter RLController.pid_kd_lin set to 0.029426
[imu_filter_madgwick_node-3] [INFO] [1770794630.038751014] [imu_filter]: Parameter RLController.pid_kp_ang set to 1.230605
[imu_filter_madgwick_node-3] [INFO] [1770794630.038805767] [imu_filter]: Parameter RLController.pid_ki_ang set to 0.000000
[imu_filter_madgwick_node-3] [INFO] [1770794630.038859176] [imu_filter]: Parameter RLController.pid_kd_ang set to 0.115340
[imu_filter_madgwick_node-3] [INFO] [1770794630.448694548] [imu_filter]: Parameter RLController.pid_kp_lin set to 1.200814
[imu_filter_madgwick_node-3] [INFO] [1770794630.448896088] [imu_filter]: Parameter RLController.pid_ki_lin set to 0.000000
[imu_filter_madgwick_node-3] [INFO] [1770794630.448970938] [imu_filter]: Parameter RLController.pid_kd_lin set to 0.029426
[imu_filter_madgwick_node-3] [INFO] [1770794630.449035995] [imu_filter]: Parameter RLController.pid_kp_ang set to 1.230605
[imu_filter_madgwick_node-3] [INFO] [1770794630.449096508] [imu_filter]: Parameter RLController.pid_ki_ang set to 0.000000
[imu_filter_madgwick_node-3] [INFO] [1770794630.451773077] [imu_filter]: Parameter RLController.pid_kd_ang set to 0.115415
[imu_filter_madgwick_node-3] [INFO] [1770794630.854171811] [imu_filter]: Parameter RLController.pid_kp_lin set to 1.200814
[imu_filter_madgwick_node-3] [INFO] [1770794630.854410280] [imu_filter]: Parameter RLController.pid_ki_lin set to 0.000000
[imu_filter_madgwick_node-3] [INFO] [1770794630.854493706] [imu_filter]: Parameter RLController.pid_kd_lin set to 0.029426
[imu_filter_madgwick_node-3] [INFO] [1770794630.854563435] [imu_filter]: Parameter RLController.pid_kp_ang set to 1.230605
[imu_filter_madgwick_node-3] [INFO] [1770794630.854627757] [imu_filter]: Parameter RLController.pid_ki_ang set to 0.000000
[imu_filter_madgwick_node-3] [INFO] [1770794630.854690478] [imu_filter]: Parameter RLController.pid_kd_ang set to 0.115489
[imu_filter_madgwick_node-3] [INFO] [1770794631.261095793] [imu_filter]: Parameter RLController.pid_kp_lin set to 1.200814
[imu_filter_madgwick_node-3] [INFO] [1770794631.263781098] [imu_filter]: Parameter RLController.pid_ki_lin set to 0.000000
[imu_filter_madgwick_node-3] [INFO] [1770794631.263884556] [imu_filter]: Parameter RLController.pid_kd_lin set to 0.029426
[imu_filter_madgwick_node-3] [INFO] [1770794631.263949837] [imu_filter]: Parameter RLController.pid_kp_ang set to 1.230605
[imu_filter_madgwick_node-3] [INFO] [1770794631.264007214] [imu_filter]: Parameter RLController.pid_ki_ang set to 0.000000
[imu_filter_madgwick_node-3] [INFO] [1770794631.264172882] [imu_filter]: Parameter RLController.pid_kd_ang set to 0.115563
[imu_filter_madgwick_node-3] [INFO] [1770794631.669959496] [imu_filter]: Parameter RLController.pid_kp_lin set to 1.200814
[imu_filter_madgwick_node-3] [INFO] [1770794631.670187277] [imu_filter]: Parameter RLController.pid_ki_lin set to 0.000000
[imu_filter_madgwick_node-3] [INFO] [1770794631.670260718] [imu_filter]: Parameter RLController.pid_kd_lin set to 0.029426
[imu_filter_madgwick_node-3] [INFO] [1770794631.670321616] [imu_filter]: Parameter RLController.pid_kp_ang set to 1.230605
[imu_filter_madgwick_node-3] [INFO] [1770794631.670378641] [imu_filter]: Parameter RLController.pid_ki_ang set to 0.000000
[imu_filter_madgwick_node-3] [INFO] [1770794631.672794052] [imu_filter]: Parameter RLController.pid_kd_ang set to 0.115638
[imu_filter_madgwick_node-3] [INFO] [1770794632.085764241] [imu_filter]: Parameter RLController.pid_kp_lin set to 1.200814
[imu_filter_madgwick_node-3] [INFO] [1770794632.085995254] [imu_filter]: Parameter RLController.pid_ki_lin set to 0.000000
[imu_filter_madgwick_node-3] [INFO] [1770794632.089344637] [imu_filter]: Parameter RLController.pid_kd_lin set to 0.029426
[imu_filter_madgwick_node-3] [INFO] [1770794632.089534113] [imu_filter]: Parameter RLController.pid_kp_ang set to 1.230605
[imu_filter_madgwick_node-3] [INFO] [1770794632.089598466] [imu_filter]: Parameter RLController.pid_ki_ang set to 0.000000
[imu_filter_madgwick_node-3] [INFO] [1770794632.089657252] [imu_filter]: Parameter RLController.pid_kd_ang set to 0.115712
[imu_filter_madgwick_node-3] [INFO] [1770794632.492602813] [imu_filter]: Parameter RLController.pid_kp_lin set to 1.200814
[imu_filter_madgwick_node-3] [INFO] [1770794632.492875331] [imu_filter]: Parameter RLController.pid_ki_lin set to 0.000000
[imu_filter_madgwick_node-3] [INFO] [1770794632.497000890] [imu_filter]: Parameter RLController.pid_kd_lin set to 0.029426
[imu_filter_madgwick_node-3] [INFO] [1770794632.497299617] [imu_filter]: Parameter RLController.pid_kp_ang set to 1.230605
[imu_filter_madgwick_node-3] [INFO] [1770794632.497428451] [imu_filter]: Parameter RLController.pid_ki_ang set to 0.000000
[imu_filter_madgwick_node-3] [INFO] [1770794632.497538758] [imu_filter]: Parameter RLController.pid_kd_ang set to 0.115786
[imu_filter_madgwick_node-3] [INFO] [1770794632.906167736] [imu_filter]: Parameter RLController.pid_kp_lin set to 1.200814
[imu_filter_madgwick_node-3] [INFO] [1770794632.906400733] [imu_filter]: Parameter RLController.pid_ki_lin set to 0.000000
[imu_filter_madgwick_node-3] [INFO] [1770794632.906488638] [imu_filter]: Parameter RLController.pid_kd_lin set to 0.029426
[imu_filter_madgwick_node-3] [INFO] [1770794632.906576320] [imu_filter]: Parameter RLController.pid_kp_ang set to 1.230605
[imu_filter_madgwick_node-3] [INFO] [1770794632.906653186] [imu_filter]: Parameter RLController.pid_ki_ang set to 0.000000
[imu_filter_madgwick_node-3] [INFO] [1770794632.906722691] [imu_filter]: Parameter RLController.pid_kd_ang set to 0.115861
[imu_filter_madgwick_node-3] [INFO] [1770794633.318695100] [imu_filter]: Parameter RLController.pid_kp_lin set to 1.200814
[imu_filter_madgwick_node-3] [INFO] [1770794633.319404395] [imu_filter]: Parameter RLController.pid_ki_lin set to 0.000000
[imu_filter_madgwick_node-3] [INFO] [1770794633.319543502] [imu_filter]: Parameter RLController.pid_kd_lin set to 0.029426
[imu_filter_madgwick_node-3] [INFO] [1770794633.319625903] [imu_filter]: Parameter RLController.pid_kp_ang set to 1.230605
[imu_filter_madgwick_node-3] [INFO] [1770794633.319697553] [imu_filter]: Parameter RLController.pid_ki_ang set to 0.000000
[imu_filter_madgwick_node-3] [INFO] [1770794633.319768178] [imu_filter]: Parameter RLController.pid_kd_ang set to 0.115935
[imu_filter_madgwick_node-3] [INFO] [1770794633.731106334] [imu_filter]: Parameter RLController.pid_kp_lin set to 1.200814
[imu_filter_madgwick_node-3] [INFO] [1770794633.733159113] [imu_filter]: Parameter RLController.pid_ki_lin set to 0.000000
[imu_filter_madgwick_node-3] [INFO] [1770794633.733321388] [imu_filter]: Parameter RLController.pid_kd_lin set to 0.029426
[imu_filter_madgwick_node-3] [INFO] [1770794633.733391790] [imu_filter]: Parameter RLController.pid_kp_ang set to 1.230605
[imu_filter_madgwick_node-3] [INFO] [1770794633.733450511] [imu_filter]: Parameter RLController.pid_ki_ang set to 0.000000
[imu_filter_madgwick_node-3] [INFO] [1770794633.733508400] [imu_filter]: Parameter RLController.pid_kd_ang set to 0.116009
[imu_filter_madgwick_node-3] [INFO] [1770794634.140625794] [imu_filter]: Parameter RLController.pid_kp_lin set to 1.200814
[imu_filter_madgwick_node-3] [INFO] [1770794634.140971402] [imu_filter]: Parameter RLController.pid_ki_lin set to 0.000000
[imu_filter_madgwick_node-3] [INFO] [1770794634.141056555] [imu_filter]: Parameter RLController.pid_kd_lin set to 0.029426
[imu_filter_madgwick_node-3] [INFO] [1770794634.141119181] [imu_filter]: Parameter RLController.pid_kp_ang set to 1.230605
[imu_filter_madgwick_node-3] [INFO] [1770794634.141173262] [imu_filter]: Parameter RLController.pid_ki_ang set to 0.000000
[imu_filter_madgwick_node-3] [INFO] [1770794634.141227055] [imu_filter]: Parameter RLController.pid_kd_ang set to 0.116084
[imu_filter_madgwick_node-3] [INFO] [1770794634.548896909] [imu_filter]: Parameter RLController.pid_kp_lin set to 1.200814
[imu_filter_madgwick_node-3] [INFO] [1770794634.549084497] [imu_filter]: Parameter RLController.pid_ki_lin set to 0.000000
[imu_filter_madgwick_node-3] [INFO] [1770794634.549156274] [imu_filter]: Parameter RLController.pid_kd_lin set to 0.029426
[imu_filter_madgwick_node-3] [INFO] [1770794634.549218803] [imu_filter]: Parameter RLController.pid_kp_ang set to 1.230605
[imu_filter_madgwick_node-3] [INFO] [1770794634.549272885] [imu_filter]: Parameter RLController.pid_ki_ang set to 0.000000
[imu_filter_madgwick_node-3] [INFO] [1770794634.549327542] [imu_filter]: Parameter RLController.pid_kd_ang set to 0.116158
[imu_filter_madgwick_node-3] [INFO] [1770794634.954895271] [imu_filter]: Parameter RLController.pid_kp_lin set to 1.200814
[imu_filter_madgwick_node-3] [INFO] [1770794634.955106188] [imu_filter]: Parameter RLController.pid_ki_lin set to 0.000000
[imu_filter_madgwick_node-3] [INFO] [1770794634.955176653] [imu_filter]: Parameter RLController.pid_kd_lin set to 0.029426
[imu_filter_madgwick_node-3] [INFO] [1770794634.955238798] [imu_filter]: Parameter RLController.pid_kp_ang set to 1.230605
[imu_filter_madgwick_node-3] [INFO] [1770794634.955294832] [imu_filter]: Parameter RLController.pid_ki_ang set to 0.000000
[imu_filter_madgwick_node-3] [INFO] [1770794634.955362161] [imu_filter]: Parameter RLController.pid_kd_ang set to 0.116232
[imu_filter_madgwick_node-3] [INFO] [1770794635.362237182] [imu_filter]: Parameter RLController.pid_kp_lin set to 1.200814
[imu_filter_madgwick_node-3] [INFO] [1770794635.364281705] [imu_filter]: Parameter RLController.pid_ki_lin set to 0.000000
[imu_filter_madgwick_node-3] [INFO] [1770794635.364447469] [imu_filter]: Parameter RLController.pid_kd_lin set to 0.029426
[imu_filter_madgwick_node-3] [INFO] [1770794635.364515342] [imu_filter]: Parameter RLController.pid_kp_ang set to 1.230605
[imu_filter_madgwick_node-3] [INFO] [1770794635.364572623] [imu_filter]: Parameter RLController.pid_ki_ang set to 0.000000
[imu_filter_madgwick_node-3] [INFO] [1770794635.364628144] [imu_filter]: Parameter RLController.pid_kd_ang set to 0.116307
[imu_filter_madgwick_node-3] [INFO] [1770794635.775682421] [imu_filter]: Parameter RLController.pid_kp_lin set to 1.200814
[imu_filter_madgwick_node-3] [INFO] [1770794635.775888826] [imu_filter]: Parameter RLController.pid_ki_lin set to 0.000000
[imu_filter_madgwick_node-3] [INFO] [1770794635.775964091] [imu_filter]: Parameter RLController.pid_kd_lin set to 0.029426
[imu_filter_madgwick_node-3] [INFO] [1770794635.776022205] [imu_filter]: Parameter RLController.pid_kp_ang set to 1.230605
[imu_filter_madgwick_node-3] [INFO] [1770794635.776362628] [imu_filter]: Parameter RLController.pid_ki_ang set to 0.000000
[imu_filter_madgwick_node-3] [INFO] [1770794635.776432485] [imu_filter]: Parameter RLController.pid_kd_ang set to 0.116381
[imu_filter_madgwick_node-3] [INFO] [1770794636.194039349] [imu_filter]: Parameter RLController.pid_kp_lin set to 1.200814
[imu_filter_madgwick_node-3] [INFO] [1770794636.194411549] [imu_filter]: Parameter RLController.pid_ki_lin set to 0.000000
[imu_filter_madgwick_node-3] [INFO] [1770794636.194509759] [imu_filter]: Parameter RLController.pid_kd_lin set to 0.029426
[imu_filter_madgwick_node-3] [INFO] [1770794636.194582496] [imu_filter]: Parameter RLController.pid_kp_ang set to 1.230605
[imu_filter_madgwick_node-3] [INFO] [1770794636.194646082] [imu_filter]: Parameter RLController.pid_ki_ang set to 0.000000
[imu_filter_madgwick_node-3] [INFO] [1770794636.194708867] [imu_filter]: Parameter RLController.pid_kd_ang set to 0.116455
[imu_filter_madgwick_node-3] [INFO] [1770794636.611145242] [imu_filter]: Parameter RLController.pid_kp_lin set to 1.200814
[imu_filter_madgwick_node-3] [INFO] [1770794636.611497953] [imu_filter]: Parameter RLController.pid_ki_lin set to 0.000000
[imu_filter_madgwick_node-3] [INFO] [1770794636.611723814] [imu_filter]: Parameter RLController.pid_kd_lin set to 0.029426
[imu_filter_madgwick_node-3] [INFO] [1770794636.611876841] [imu_filter]: Parameter RLController.pid_kp_ang set to 1.230605
[imu_filter_madgwick_node-3] [INFO] [1770794636.611994508] [imu_filter]: Parameter RLController.pid_ki_ang set to 0.000000
[imu_filter_madgwick_node-3] [INFO] [1770794636.612102574] [imu_filter]: Parameter RLController.pid_kd_ang set to 0.116530
[imu_filter_madgwick_node-3] [INFO] [1770794637.017054226] [imu_filter]: Parameter RLController.pid_kp_lin set to 1.200814
[imu_filter_madgwick_node-3] [INFO] [1770794637.018982363] [imu_filter]: Parameter RLController.pid_ki_lin set to 0.000000
[imu_filter_madgwick_node-3] [INFO] [1770794637.024632274] [imu_filter]: Parameter RLController.pid_kd_lin set to 0.029426
[imu_filter_madgwick_node-3] [INFO] [1770794637.024815862] [imu_filter]: Parameter RLController.pid_kp_ang set to 1.230605
[imu_filter_madgwick_node-3] [INFO] [1770794637.024889336] [imu_filter]: Parameter RLController.pid_ki_ang set to 0.000000
[imu_filter_madgwick_node-3] [INFO] [1770794637.025048059] [imu_filter]: Parameter RLController.pid_kd_ang set to 0.116604
[imu_filter_madgwick_node-3] [INFO] [1770794637.425243995] [imu_filter]: Parameter RLController.pid_kp_lin set to 1.200814
[imu_filter_madgwick_node-3] [INFO] [1770794637.425493856] [imu_filter]: Parameter RLController.pid_ki_lin set to 0.000000
[imu_filter_madgwick_node-3] [INFO] [1770794637.425848680] [imu_filter]: Parameter RLController.pid_kd_lin set to 0.029426
[imu_filter_madgwick_node-3] [INFO] [1770794637.426183055] [imu_filter]: Parameter RLController.pid_kp_ang set to 1.230605
[imu_filter_madgwick_node-3] [INFO] [1770794637.426285009] [imu_filter]: Parameter RLController.pid_ki_ang set to 0.000000
[imu_filter_madgwick_node-3] [INFO] [1770794637.426354514] [imu_filter]: Parameter RLController.pid_kd_ang set to 0.116678
[imu_filter_madgwick_node-3] [INFO] [1770794637.837152882] [imu_filter]: Parameter RLController.pid_kp_lin set to 1.200814
[imu_filter_madgwick_node-3] [INFO] [1770794637.837355382] [imu_filter]: Parameter RLController.pid_ki_lin set to 0.000000
[imu_filter_madgwick_node-3] [INFO] [1770794637.837441976] [imu_filter]: Parameter RLController.pid_kd_lin set to 0.029426
[imu_filter_madgwick_node-3] [INFO] [1770794637.837502521] [imu_filter]: Parameter RLController.pid_kp_ang set to 1.230605
[imu_filter_madgwick_node-3] [INFO] [1770794637.837579323] [imu_filter]: Parameter RLController.pid_ki_ang set to 0.000000
[imu_filter_madgwick_node-3] [INFO] [1770794637.837639740] [imu_filter]: Parameter RLController.pid_kd_ang set to 0.116753
[imu_filter_madgwick_node-3] [INFO] [1770794638.245651201] [imu_filter]: Parameter RLController.pid_kp_lin set to 1.200814
[imu_filter_madgwick_node-3] [INFO] [1770794638.245922247] [imu_filter]: Parameter RLController.pid_ki_lin set to 0.000000
[imu_filter_madgwick_node-3] [INFO] [1770794638.246019017] [imu_filter]: Parameter RLController.pid_kd_lin set to 0.029426
[imu_filter_madgwick_node-3] [INFO] [1770794638.246093258] [imu_filter]: Parameter RLController.pid_kp_ang set to 1.230605
[imu_filter_madgwick_node-3] [INFO] [1770794638.246160556] [imu_filter]: Parameter RLController.pid_ki_ang set to 0.000000
[imu_filter_madgwick_node-3] [INFO] [1770794638.250348740] [imu_filter]: Parameter RLController.pid_kd_ang set to 0.116827
[imu_filter_madgwick_node-3] [INFO] [1770794638.654170481] [imu_filter]: Parameter RLController.pid_kp_lin set to 1.200814
[imu_filter_madgwick_node-3] [INFO] [1770794638.654365077] [imu_filter]: Parameter RLController.pid_ki_lin set to 0.000000
[imu_filter_madgwick_node-3] [INFO] [1770794638.654436502] [imu_filter]: Parameter RLController.pid_kd_lin set to 0.029426
[imu_filter_madgwick_node-3] [INFO] [1770794638.654496952] [imu_filter]: Parameter RLController.pid_kp_ang set to 1.230605
[imu_filter_madgwick_node-3] [INFO] [1770794638.655990999] [imu_filter]: Parameter RLController.pid_ki_ang set to 0.000000
[imu_filter_madgwick_node-3] [INFO] [1770794638.656166619] [imu_filter]: Parameter RLController.pid_kd_ang set to 0.116901
[imu_filter_madgwick_node-3] [INFO] [1770794639.064401765] [imu_filter]: Parameter RLController.pid_kp_lin set to 1.200814
[imu_filter_madgwick_node-3] [INFO] [1770794639.064618409] [imu_filter]: Parameter RLController.pid_ki_lin set to 0.000000
[imu_filter_madgwick_node-3] [INFO] [1770794639.064691563] [imu_filter]: Parameter RLController.pid_kd_lin set to 0.029426
[imu_filter_madgwick_node-3] [INFO] [1770794639.064753612] [imu_filter]: Parameter RLController.pid_kp_ang set to 1.230605
[imu_filter_madgwick_node-3] [INFO] [1770794639.064809261] [imu_filter]: Parameter RLController.pid_ki_ang set to 0.000000
[imu_filter_madgwick_node-3] [INFO] [1770794639.064864430] [imu_filter]: Parameter RLController.pid_kd_ang set to 0.116976
[imu_filter_madgwick_node-3] [INFO] [1770794639.474398707] [imu_filter]: Parameter RLController.pid_kp_lin set to 1.200814
[imu_filter_madgwick_node-3] [INFO] [1770794639.474653529] [imu_filter]: Parameter RLController.pid_ki_lin set to 0.000000
[imu_filter_madgwick_node-3] [INFO] [1770794639.474800348] [imu_filter]: Parameter RLController.pid_kd_lin set to 0.029426
[imu_filter_madgwick_node-3] [INFO] [1770794639.474912254] [imu_filter]: Parameter RLController.pid_kp_ang set to 1.230605
[imu_filter_madgwick_node-3] [INFO] [1770794639.475022880] [imu_filter]: Parameter RLController.pid_ki_ang set to 0.000000
[imu_filter_madgwick_node-3] [INFO] [1770794639.475112738] [imu_filter]: Parameter RLController.pid_kd_ang set to 0.117050
[imu_filter_madgwick_node-3] [INFO] [1770794639.888208051] [imu_filter]: Parameter RLController.pid_kp_lin set to 1.200814
[imu_filter_madgwick_node-3] [INFO] [1770794639.888543482] [imu_filter]: Parameter RLController.pid_ki_lin set to 0.000000
[imu_filter_madgwick_node-3] [INFO] [1770794639.888621691] [imu_filter]: Parameter RLController.pid_kd_lin set to 0.029426
[imu_filter_madgwick_node-3] [INFO] [1770794639.888691741] [imu_filter]: Parameter RLController.pid_kp_ang set to 1.230605
[imu_filter_madgwick_node-3] [INFO] [1770794639.888749022] [imu_filter]: Parameter RLController.pid_ki_ang set to 0.000000
[imu_filter_madgwick_node-3] [INFO] [1770794639.888804511] [imu_filter]: Parameter RLController.pid_kd_ang set to 0.117124
[imu_filter_madgwick_node-3] [INFO] [1770794640.296734978] [imu_filter]: Parameter RLController.pid_kp_lin set to 1.200814
[imu_filter_madgwick_node-3] [INFO] [1770794640.296938279] [imu_filter]: Parameter RLController.pid_ki_lin set to 0.000000
[imu_filter_madgwick_node-3] [INFO] [1770794640.297011272] [imu_filter]: Parameter RLController.pid_kd_lin set to 0.029426
[imu_filter_madgwick_node-3] [INFO] [1770794640.297075210] [imu_filter]: Parameter RLController.pid_kp_ang set to 1.230605
[imu_filter_madgwick_node-3] [INFO] [1770794640.297244301] [imu_filter]: Parameter RLController.pid_ki_ang set to 0.000000
[imu_filter_madgwick_node-3] [INFO] [1770794640.297304814] [imu_filter]: Parameter RLController.pid_kd_ang set to 0.117199
[imu_filter_madgwick_node-3] [INFO] [1770794640.708175152] [imu_filter]: Parameter RLController.pid_kp_lin set to 1.200814
[imu_filter_madgwick_node-3] [INFO] [1770794640.708373716] [imu_filter]: Parameter RLController.pid_ki_lin set to 0.000000
[imu_filter_madgwick_node-3] [INFO] [1770794640.708442197] [imu_filter]: Parameter RLController.pid_kd_lin set to 0.029426
[imu_filter_madgwick_node-3] [INFO] [1770794640.708501079] [imu_filter]: Parameter RLController.pid_kp_ang set to 1.230605
[imu_filter_madgwick_node-3] [INFO] [1770794640.708553528] [imu_filter]: Parameter RLController.pid_ki_ang set to 0.000000
[imu_filter_madgwick_node-3] [INFO] [1770794640.708605561] [imu_filter]: Parameter RLController.pid_kd_ang set to 0.117273
[imu_filter_madgwick_node-3] [INFO] [1770794641.119146771] [imu_filter]: Parameter RLController.pid_kp_lin set to 1.200814
[imu_filter_madgwick_node-3] [INFO] [1770794641.119381848] [imu_filter]: Parameter RLController.pid_ki_lin set to 0.000000
[imu_filter_madgwick_node-3] [INFO] [1770794641.119458010] [imu_filter]: Parameter RLController.pid_kd_lin set to 0.029426
[imu_filter_madgwick_node-3] [INFO] [1770794641.119523483] [imu_filter]: Parameter RLController.pid_kp_ang set to 1.230605
[imu_filter_madgwick_node-3] [INFO] [1770794641.120199017] [imu_filter]: Parameter RLController.pid_ki_ang set to 0.000000
[imu_filter_madgwick_node-3] [INFO] [1770794641.120307596] [imu_filter]: Parameter RLController.pid_kd_ang set to 0.117347
[imu_filter_madgwick_node-3] [INFO] [1770794641.531859387] [imu_filter]: Parameter RLController.pid_kp_lin set to 1.200814
[imu_filter_madgwick_node-3] [INFO] [1770794641.532044191] [imu_filter]: Parameter RLController.pid_ki_lin set to 0.000000
[imu_filter_madgwick_node-3] [INFO] [1770794641.532117089] [imu_filter]: Parameter RLController.pid_kd_lin set to 0.029426
[imu_filter_madgwick_node-3] [INFO] [1770794641.532185474] [imu_filter]: Parameter RLController.pid_kp_ang set to 1.230605
[imu_filter_madgwick_node-3] [INFO] [1770794641.532251651] [imu_filter]: Parameter RLController.pid_ki_ang set to 0.000000
[imu_filter_madgwick_node-3] [INFO] [1770794641.532313317] [imu_filter]: Parameter RLController.pid_kd_ang set to 0.117422
[imu_filter_madgwick_node-3] [INFO] [1770794641.942281619] [imu_filter]: Parameter RLController.pid_kp_lin set to 1.200814
[imu_filter_madgwick_node-3] [INFO] [1770794641.942631930] [imu_filter]: Parameter RLController.pid_ki_lin set to 0.000000
[imu_filter_madgwick_node-3] [INFO] [1770794641.942711804] [imu_filter]: Parameter RLController.pid_kd_lin set to 0.029426
[imu_filter_madgwick_node-3] [INFO] [1770794641.942779965] [imu_filter]: Parameter RLController.pid_kp_ang set to 1.230605
[imu_filter_madgwick_node-3] [INFO] [1770794641.942840543] [imu_filter]: Parameter RLController.pid_ki_ang set to 0.000000
[imu_filter_madgwick_node-3] [INFO] [1770794641.942896576] [imu_filter]: Parameter RLController.pid_kd_ang set to 0.117496
[imu_filter_madgwick_node-3] [INFO] [1770794642.352838638] [imu_filter]: Parameter RLController.pid_kp_lin set to 1.200814
[imu_filter_madgwick_node-3] [INFO] [1770794642.353037074] [imu_filter]: Parameter RLController.pid_ki_lin set to 0.000000
[imu_filter_madgwick_node-3] [INFO] [1770794642.353150676] [imu_filter]: Parameter RLController.pid_kd_lin set to 0.029426
[imu_filter_madgwick_node-3] [INFO] [1770794642.353228758] [imu_filter]: Parameter RLController.pid_kp_ang set to 1.230605
[imu_filter_madgwick_node-3] [INFO] [1770794642.353420762] [imu_filter]: Parameter RLController.pid_ki_ang set to 0.000000
[imu_filter_madgwick_node-3] [INFO] [1770794642.353488667] [imu_filter]: Parameter RLController.pid_kd_ang set to 0.117570
[imu_filter_madgwick_node-3] [INFO] [1770794642.756250769] [imu_filter]: Parameter RLController.pid_kp_lin set to 1.200814
[imu_filter_madgwick_node-3] [INFO] [1770794642.756456054] [imu_filter]: Parameter RLController.pid_ki_lin set to 0.000000
[imu_filter_madgwick_node-3] [INFO] [1770794642.756528311] [imu_filter]: Parameter RLController.pid_kd_lin set to 0.029426
[imu_filter_madgwick_node-3] [INFO] [1770794642.758857832] [imu_filter]: Parameter RLController.pid_kp_ang set to 1.230605
[imu_filter_madgwick_node-3] [INFO] [1770794642.759021484] [imu_filter]: Parameter RLController.pid_ki_ang set to 0.000000
[imu_filter_madgwick_node-3] [INFO] [1770794642.759091661] [imu_filter]: Parameter RLController.pid_kd_ang set to 0.117645
[imu_filter_madgwick_node-3] [INFO] [1770794643.167300342] [imu_filter]: Parameter RLController.pid_kp_lin set to 1.200814
[imu_filter_madgwick_node-3] [INFO] [1770794643.167655678] [imu_filter]: Parameter RLController.pid_ki_lin set to 0.000000
[imu_filter_madgwick_node-3] [INFO] [1770794643.167747232] [imu_filter]: Parameter RLController.pid_kd_lin set to 0.029426
[imu_filter_madgwick_node-3] [INFO] [1770794643.167809857] [imu_filter]: Parameter RLController.pid_kp_ang set to 1.230605
[imu_filter_madgwick_node-3] [INFO] [1770794643.167867074] [imu_filter]: Parameter RLController.pid_ki_ang set to 0.000000
[imu_filter_madgwick_node-3] [INFO] [1770794643.168045030] [imu_filter]: Parameter RLController.pid_kd_ang set to 0.117719
[imu_filter_madgwick_node-3] [INFO] [1770794643.576389170] [imu_filter]: Parameter RLController.pid_kp_lin set to 1.200814
[imu_filter_madgwick_node-3] [INFO] [1770794643.576613943] [imu_filter]: Parameter RLController.pid_ki_lin set to 0.000000
[imu_filter_madgwick_node-3] [INFO] [1770794643.576691768] [imu_filter]: Parameter RLController.pid_kd_lin set to 0.029426
[imu_filter_madgwick_node-3] [INFO] [1770794643.576758746] [imu_filter]: Parameter RLController.pid_kp_ang set to 1.230605
[imu_filter_madgwick_node-3] [INFO] [1770794643.576820923] [imu_filter]: Parameter RLController.pid_ki_ang set to 0.000000
[imu_filter_madgwick_node-3] [INFO] [1770794643.576881436] [imu_filter]: Parameter RLController.pid_kd_ang set to 0.117793
[imu_filter_madgwick_node-3] [INFO] [1770794643.995320317] [imu_filter]: Parameter RLController.pid_kp_lin set to 1.200814
[imu_filter_madgwick_node-3] [INFO] [1770794643.995528706] [imu_filter]: Parameter RLController.pid_ki_lin set to 0.000000
[imu_filter_madgwick_node-3] [INFO] [1770794643.995613156] [imu_filter]: Parameter RLController.pid_kd_lin set to 0.029426
[imu_filter_madgwick_node-3] [INFO] [1770794643.995675621] [imu_filter]: Parameter RLController.pid_kp_ang set to 1.230605
[imu_filter_madgwick_node-3] [INFO] [1770794643.995732998] [imu_filter]: Parameter RLController.pid_ki_ang set to 0.000000
[imu_filter_madgwick_node-3] [INFO] [1770794643.995790951] [imu_filter]: Parameter RLController.pid_kd_ang set to 0.117868
[imu_filter_madgwick_node-3] [INFO] [1770794644.400204384] [imu_filter]: Parameter RLController.pid_kp_lin set to 1.200814
[imu_filter_madgwick_node-3] [INFO] [1770794644.400426437] [imu_filter]: Parameter RLController.pid_ki_lin set to 0.000000
[imu_filter_madgwick_node-3] [INFO] [1770794644.400507559] [imu_filter]: Parameter RLController.pid_kd_lin set to 0.029426
[imu_filter_madgwick_node-3] [INFO] [1770794644.400585352] [imu_filter]: Parameter RLController.pid_kp_ang set to 1.230605
[imu_filter_madgwick_node-3] [INFO] [1770794644.400656042] [imu_filter]: Parameter RLController.pid_ki_ang set to 0.000000
[imu_filter_madgwick_node-3] [INFO] [1770794644.400723915] [imu_filter]: Parameter RLController.pid_kd_ang set to 0.117942
[imu_filter_madgwick_node-3] [INFO] [1770794644.809159225] [imu_filter]: Parameter RLController.pid_kp_lin set to 1.200814
[imu_filter_madgwick_node-3] [INFO] [1770794644.809365726] [imu_filter]: Parameter RLController.pid_ki_lin set to 0.000000
[imu_filter_madgwick_node-3] [INFO] [1770794644.809443839] [imu_filter]: Parameter RLController.pid_kd_lin set to 0.029426
[imu_filter_madgwick_node-3] [INFO] [1770794644.810642712] [imu_filter]: Parameter RLController.pid_kp_ang set to 1.230605
[imu_filter_madgwick_node-3] [INFO] [1770794644.810800220] [imu_filter]: Parameter RLController.pid_ki_ang set to 0.000000
[imu_filter_madgwick_node-3] [INFO] [1770794644.812221242] [imu_filter]: Parameter RLController.pid_kd_ang set to 0.118016
[imu_filter_madgwick_node-3] [INFO] [1770794645.217838060] [imu_filter]: Parameter RLController.pid_kp_lin set to 1.200814
[imu_filter_madgwick_node-3] [INFO] [1770794645.218080657] [imu_filter]: Parameter RLController.pid_ki_lin set to 0.000000
[imu_filter_madgwick_node-3] [INFO] [1770794645.218173875] [imu_filter]: Parameter RLController.pid_kd_lin set to 0.029426
[imu_filter_madgwick_node-3] [INFO] [1770794645.218249781] [imu_filter]: Parameter RLController.pid_kp_ang set to 1.230605
[imu_filter_madgwick_node-3] [INFO] [1770794645.218314742] [imu_filter]: Parameter RLController.pid_ki_ang set to 0.000000
[imu_filter_madgwick_node-3] [INFO] [1770794645.218381048] [imu_filter]: Parameter RLController.pid_kd_ang set to 0.118091
[imu_filter_madgwick_node-3] [INFO] [1770794645.629843717] [imu_filter]: Parameter RLController.pid_kp_lin set to 1.200814
[imu_filter_madgwick_node-3] [INFO] [1770794645.630044138] [imu_filter]: Parameter RLController.pid_ki_lin set to 0.000000
[imu_filter_madgwick_node-3] [INFO] [1770794645.630113899] [imu_filter]: Parameter RLController.pid_kd_lin set to 0.029426
[imu_filter_madgwick_node-3] [INFO] [1770794645.630175372] [imu_filter]: Parameter RLController.pid_kp_ang set to 1.230605
[imu_filter_madgwick_node-3] [INFO] [1770794645.630228717] [imu_filter]: Parameter RLController.pid_ki_ang set to 0.000000
[imu_filter_madgwick_node-3] [INFO] [1770794645.630284239] [imu_filter]: Parameter RLController.pid_kd_ang set to 0.118165
[imu_filter_madgwick_node-3] [INFO] [1770794646.040848233] [imu_filter]: Parameter RLController.pid_kp_lin set to 1.200814
[imu_filter_madgwick_node-3] [INFO] [1770794646.041141200] [imu_filter]: Parameter RLController.pid_ki_lin set to 0.000000
[imu_filter_madgwick_node-3] [INFO] [1770794646.041259378] [imu_filter]: Parameter RLController.pid_kd_lin set to 0.029426
[imu_filter_madgwick_node-3] [INFO] [1770794646.041364564] [imu_filter]: Parameter RLController.pid_kp_ang set to 1.230605
[imu_filter_madgwick_node-3] [INFO] [1770794646.041460470] [imu_filter]: Parameter RLController.pid_ki_ang set to 0.000000
[imu_filter_madgwick_node-3] [INFO] [1770794646.041554616] [imu_filter]: Parameter RLController.pid_kd_ang set to 0.118239
[imu_filter_madgwick_node-3] [INFO] [1770794646.454132862] [imu_filter]: Parameter RLController.pid_kp_lin set to 1.200814
[imu_filter_madgwick_node-3] [INFO] [1770794646.457696937] [imu_filter]: Parameter RLController.pid_ki_lin set to 0.000000
[imu_filter_madgwick_node-3] [INFO] [1770794646.458055632] [imu_filter]: Parameter RLController.pid_kd_lin set to 0.029426
[imu_filter_madgwick_node-3] [INFO] [1770794646.458145874] [imu_filter]: Parameter RLController.pid_kp_ang set to 1.230605
[imu_filter_madgwick_node-3] [INFO] [1770794646.458205908] [imu_filter]: Parameter RLController.pid_ki_ang set to 0.000000
[imu_filter_madgwick_node-3] [INFO] [1770794646.458261909] [imu_filter]: Parameter RLController.pid_kd_ang set to 0.118314
[imu_filter_madgwick_node-3] [INFO] [1770794646.861231151] [imu_filter]: Parameter RLController.pid_kp_lin set to 1.200814
[imu_filter_madgwick_node-3] [INFO] [1770794646.861434964] [imu_filter]: Parameter RLController.pid_ki_lin set to 0.000000
[imu_filter_madgwick_node-3] [INFO] [1770794646.861512149] [imu_filter]: Parameter RLController.pid_kd_lin set to 0.029426
[imu_filter_madgwick_node-3] [INFO] [1770794646.861581175] [imu_filter]: Parameter RLController.pid_kp_ang set to 1.230605
[imu_filter_madgwick_node-3] [INFO] [1770794646.861643576] [imu_filter]: Parameter RLController.pid_ki_ang set to 0.000000
[imu_filter_madgwick_node-3] [INFO] [1770794646.861703705] [imu_filter]: Parameter RLController.pid_kd_ang set to 0.118388
[imu_filter_madgwick_node-3] [INFO] [1770794647.269895458] [imu_filter]: Parameter RLController.pid_kp_lin set to 1.200814
[imu_filter_madgwick_node-3] [INFO] [1770794647.270117223] [imu_filter]: Parameter RLController.pid_ki_lin set to 0.000000
[imu_filter_madgwick_node-3] [INFO] [1770794647.270193224] [imu_filter]: Parameter RLController.pid_kd_lin set to 0.029426
[imu_filter_madgwick_node-3] [INFO] [1770794647.271736073] [imu_filter]: Parameter RLController.pid_kp_ang set to 1.230605
[imu_filter_madgwick_node-3] [INFO] [1770794647.271891276] [imu_filter]: Parameter RLController.pid_ki_ang set to 0.000000
[imu_filter_madgwick_node-3] [INFO] [1770794647.271970606] [imu_filter]: Parameter RLController.pid_kd_ang set to 0.118463
[imu_filter_madgwick_node-3] [INFO] [1770794647.679419431] [imu_filter]: Parameter RLController.pid_kp_lin set to 1.200814
[imu_filter_madgwick_node-3] [INFO] [1770794647.679619883] [imu_filter]: Parameter RLController.pid_ki_lin set to 0.000000
[imu_filter_madgwick_node-3] [INFO] [1770794647.679690092] [imu_filter]: Parameter RLController.pid_kd_lin set to 0.029426
[imu_filter_madgwick_node-3] [INFO] [1770794647.679751054] [imu_filter]: Parameter RLController.pid_kp_ang set to 1.230605
[imu_filter_madgwick_node-3] [INFO] [1770794647.679808271] [imu_filter]: Parameter RLController.pid_ki_ang set to 0.000000
[imu_filter_madgwick_node-3] [INFO] [1770794647.679863920] [imu_filter]: Parameter RLController.pid_kd_ang set to 0.118537
[imu_filter_madgwick_node-3] [INFO] [1770794648.090479532] [imu_filter]: Parameter RLController.pid_kp_lin set to 1.200814
[imu_filter_madgwick_node-3] [INFO] [1770794648.092643514] [imu_filter]: Parameter RLController.pid_ki_lin set to 0.000000
[imu_filter_madgwick_node-3] [INFO] [1770794648.092825278] [imu_filter]: Parameter RLController.pid_kd_lin set to 0.029426
[imu_filter_madgwick_node-3] [INFO] [1770794648.092896127] [imu_filter]: Parameter RLController.pid_kp_ang set to 1.230605
[imu_filter_madgwick_node-3] [INFO] [1770794648.093564045] [imu_filter]: Parameter RLController.pid_ki_ang set to 0.000000
[imu_filter_madgwick_node-3] [INFO] [1770794648.093684400] [imu_filter]: Parameter RLController.pid_kd_ang set to 0.118611
[imu_filter_madgwick_node-3] [INFO] [1770794648.500686079] [imu_filter]: Parameter RLController.pid_kp_lin set to 1.200814
[imu_filter_madgwick_node-3] [INFO] [1770794648.500940901] [imu_filter]: Parameter RLController.pid_ki_lin set to 0.000000
[imu_filter_madgwick_node-3] [INFO] [1770794648.501042983] [imu_filter]: Parameter RLController.pid_kd_lin set to 0.029426
[imu_filter_madgwick_node-3] [INFO] [1770794648.501133289] [imu_filter]: Parameter RLController.pid_kp_ang set to 1.230605
[imu_filter_madgwick_node-3] [INFO] [1770794648.501217002] [imu_filter]: Parameter RLController.pid_ki_ang set to 0.000000
[imu_filter_madgwick_node-3] [INFO] [1770794648.501298924] [imu_filter]: Parameter RLController.pid_kd_ang set to 0.118686
[imu_filter_madgwick_node-3] [INFO] [1770794648.908934409] [imu_filter]: Parameter RLController.pid_kp_lin set to 1.200814
[imu_filter_madgwick_node-3] [INFO] [1770794648.909133933] [imu_filter]: Parameter RLController.pid_ki_lin set to 0.000000
[imu_filter_madgwick_node-3] [INFO] [1770794648.909204911] [imu_filter]: Parameter RLController.pid_kd_lin set to 0.029426
[imu_filter_madgwick_node-3] [INFO] [1770794648.909269008] [imu_filter]: Parameter RLController.pid_kp_ang set to 1.230605
[imu_filter_madgwick_node-3] [INFO] [1770794648.909328625] [imu_filter]: Parameter RLController.pid_ki_ang set to 0.000000
[imu_filter_madgwick_node-3] [INFO] [1770794648.911457118] [imu_filter]: Parameter RLController.pid_kd_ang set to 0.118760
[imu_filter_madgwick_node-3] [INFO] [1770794649.320694397] [imu_filter]: Parameter RLController.pid_kp_lin set to 1.200814
[imu_filter_madgwick_node-3] [INFO] [1770794649.320905314] [imu_filter]: Parameter RLController.pid_ki_lin set to 0.000000
[imu_filter_madgwick_node-3] [INFO] [1770794649.321085861] [imu_filter]: Parameter RLController.pid_kd_lin set to 0.029426
[imu_filter_madgwick_node-3] [INFO] [1770794649.321149863] [imu_filter]: Parameter RLController.pid_kp_ang set to 1.230605
[imu_filter_madgwick_node-3] [INFO] [1770794649.321206120] [imu_filter]: Parameter RLController.pid_ki_ang set to 0.000000
[imu_filter_madgwick_node-3] [INFO] [1770794649.321260361] [imu_filter]: Parameter RLController.pid_kd_ang set to 0.118834
[imu_filter_madgwick_node-3] [INFO] [1770794649.733604905] [imu_filter]: Parameter RLController.pid_kp_lin set to 1.200814
[imu_filter_madgwick_node-3] [INFO] [1770794649.734317817] [imu_filter]: Parameter RLController.pid_ki_lin set to 0.000000
[imu_filter_madgwick_node-3] [INFO] [1770794649.734648416] [imu_filter]: Parameter RLController.pid_kd_lin set to 0.029426
[imu_filter_madgwick_node-3] [INFO] [1770794649.734762050] [imu_filter]: Parameter RLController.pid_kp_ang set to 1.230605
[imu_filter_madgwick_node-3] [INFO] [1770794649.734846596] [imu_filter]: Parameter RLController.pid_ki_ang set to 0.000000
[imu_filter_madgwick_node-3] [INFO] [1770794649.734926949] [imu_filter]: Parameter RLController.pid_kd_ang set to 0.118909
[imu_filter_madgwick_node-3] [INFO] [1770794650.141796274] [imu_filter]: Parameter RLController.pid_kp_lin set to 1.200814
[imu_filter_madgwick_node-3] [INFO] [1770794650.142153402] [imu_filter]: Parameter RLController.pid_ki_lin set to 0.000000
[imu_filter_madgwick_node-3] [INFO] [1770794650.142256092] [imu_filter]: Parameter RLController.pid_kd_lin set to 0.029426
[imu_filter_madgwick_node-3] [INFO] [1770794650.142328893] [imu_filter]: Parameter RLController.pid_kp_ang set to 1.230605
[imu_filter_madgwick_node-3] [INFO] [1770794650.142392191] [imu_filter]: Parameter RLController.pid_ki_ang set to 0.000000
[imu_filter_madgwick_node-3] [INFO] [1770794650.142455328] [imu_filter]: Parameter RLController.pid_kd_ang set to 0.118983
[imu_filter_madgwick_node-3] [INFO] [1770794650.551368984] [imu_filter]: Parameter RLController.pid_kp_lin set to 1.200814
[imu_filter_madgwick_node-3] [INFO] [1770794650.551687039] [imu_filter]: Parameter RLController.pid_ki_lin set to 0.000000
[imu_filter_madgwick_node-3] [INFO] [1770794650.551777409] [imu_filter]: Parameter RLController.pid_kd_lin set to 0.029426
[imu_filter_madgwick_node-3] [INFO] [1770794650.551846402] [imu_filter]: Parameter RLController.pid_kp_ang set to 1.230605
[imu_filter_madgwick_node-3] [INFO] [1770794650.551906115] [imu_filter]: Parameter RLController.pid_ki_ang set to 0.000000
[imu_filter_madgwick_node-3] [INFO] [1770794650.551965093] [imu_filter]: Parameter RLController.pid_kd_ang set to 0.119057
[imu_filter_madgwick_node-3] [INFO] [1770794650.961262725] [imu_filter]: Parameter RLController.pid_kp_lin set to 1.200814
[imu_filter_madgwick_node-3] [INFO] [1770794650.961493162] [imu_filter]: Parameter RLController.pid_ki_lin set to 0.000000
[imu_filter_madgwick_node-3] [INFO] [1770794650.961739599] [imu_filter]: Parameter RLController.pid_kd_lin set to 0.029426
[imu_filter_madgwick_node-3] [INFO] [1770794650.961835825] [imu_filter]: Parameter RLController.pid_kp_ang set to 1.230605
[imu_filter_madgwick_node-3] [INFO] [1770794650.966048138] [imu_filter]: Parameter RLController.pid_ki_ang set to 0.000000
[imu_filter_madgwick_node-3] [INFO] [1770794650.966247022] [imu_filter]: Parameter RLController.pid_kd_ang set to 0.119131
[imu_filter_madgwick_node-3] [INFO] [1770794651.372920759] [imu_filter]: Parameter RLController.pid_kp_lin set to 1.200814
[imu_filter_madgwick_node-3] [INFO] [1770794651.373201052] [imu_filter]: Parameter RLController.pid_ki_lin set to 0.000000
[imu_filter_madgwick_node-3] [INFO] [1770794651.373297502] [imu_filter]: Parameter RLController.pid_kd_lin set to 0.029426
[imu_filter_madgwick_node-3] [INFO] [1770794651.373363200] [imu_filter]: Parameter RLController.pid_kp_ang set to 1.230605
[imu_filter_madgwick_node-3] [INFO] [1770794651.373421857] [imu_filter]: Parameter RLController.pid_ki_ang set to 0.000000
[imu_filter_madgwick_node-3] [INFO] [1770794651.373477410] [imu_filter]: Parameter RLController.pid_kd_ang set to 0.119206
[imu_filter_madgwick_node-3] [INFO] [1770794651.781305187] [imu_filter]: Parameter RLController.pid_kp_lin set to 1.200814
[imu_filter_madgwick_node-3] [INFO] [1770794651.781509736] [imu_filter]: Parameter RLController.pid_ki_lin set to 0.000000
[imu_filter_madgwick_node-3] [INFO] [1770794651.781580809] [imu_filter]: Parameter RLController.pid_kd_lin set to 0.029426
[imu_filter_madgwick_node-3] [INFO] [1770794651.781640106] [imu_filter]: Parameter RLController.pid_kp_ang set to 1.230605
[imu_filter_madgwick_node-3] [INFO] [1770794651.781692779] [imu_filter]: Parameter RLController.pid_ki_ang set to 0.000000
[imu_filter_madgwick_node-3] [INFO] [1770794651.781779405] [imu_filter]: Parameter RLController.pid_kd_ang set to 0.119280
[imu_filter_madgwick_node-3] [INFO] [1770794652.193239867] [imu_filter]: Parameter RLController.pid_kp_lin set to 1.200814
[imu_filter_madgwick_node-3] [INFO] [1770794652.193464992] [imu_filter]: Parameter RLController.pid_ki_lin set to 0.000000
[imu_filter_madgwick_node-3] [INFO] [1770794652.193537889] [imu_filter]: Parameter RLController.pid_kd_lin set to 0.029426
[imu_filter_madgwick_node-3] [INFO] [1770794652.193600131] [imu_filter]: Parameter RLController.pid_kp_ang set to 1.230605
[imu_filter_madgwick_node-3] [INFO] [1770794652.193794919] [imu_filter]: Parameter RLController.pid_ki_ang set to 0.000000
[imu_filter_madgwick_node-3] [INFO] [1770794652.193860296] [imu_filter]: Parameter RLController.pid_kd_ang set to 0.119354
[imu_filter_madgwick_node-3] [INFO] [1770794652.610178908] [imu_filter]: Parameter RLController.pid_kp_lin set to 1.200814
[imu_filter_madgwick_node-3] [INFO] [1770794652.610391137] [imu_filter]: Parameter RLController.pid_ki_lin set to 0.000000
[imu_filter_madgwick_node-3] [INFO] [1770794652.610473155] [imu_filter]: Parameter RLController.pid_kd_lin set to 0.029426
[imu_filter_madgwick_node-3] [INFO] [1770794652.610542436] [imu_filter]: Parameter RLController.pid_kp_ang set to 1.230605
[imu_filter_madgwick_node-3] [INFO] [1770794652.613301886] [imu_filter]: Parameter RLController.pid_ki_ang set to 0.000000
[imu_filter_madgwick_node-3] [INFO] [1770794652.613644358] [imu_filter]: Parameter RLController.pid_kd_ang set to 0.119429
[imu_filter_madgwick_node-3] [INFO] [1770794653.016170775] [imu_filter]: Parameter RLController.pid_kp_lin set to 1.200814
[imu_filter_madgwick_node-3] [INFO] [1770794653.016431292] [imu_filter]: Parameter RLController.pid_ki_lin set to 0.000000
[imu_filter_madgwick_node-3] [INFO] [1770794653.020831993] [imu_filter]: Parameter RLController.pid_kd_lin set to 0.029426
[imu_filter_madgwick_node-3] [INFO] [1770794653.021187361] [imu_filter]: Parameter RLController.pid_kp_ang set to 1.230605
[imu_filter_madgwick_node-3] [INFO] [1770794653.021300739] [imu_filter]: Parameter RLController.pid_ki_ang set to 0.000000
[imu_filter_madgwick_node-3] [INFO] [1770794653.021385669] [imu_filter]: Parameter RLController.pid_kd_ang set to 0.119503
[imu_filter_madgwick_node-3] [INFO] [1770794653.426577934] [imu_filter]: Parameter RLController.pid_kp_lin set to 1.200814
[imu_filter_madgwick_node-3] [INFO] [1770794653.426785490] [imu_filter]: Parameter RLController.pid_ki_lin set to 0.000000
[imu_filter_madgwick_node-3] [INFO] [1770794653.426858580] [imu_filter]: Parameter RLController.pid_kd_lin set to 0.029426
[imu_filter_madgwick_node-3] [INFO] [1770794653.426918421] [imu_filter]: Parameter RLController.pid_kp_ang set to 1.230605
[imu_filter_madgwick_node-3] [INFO] [1770794653.426970006] [imu_filter]: Parameter RLController.pid_ki_ang set to 0.000000
[imu_filter_madgwick_node-3] [INFO] [1770794653.427022007] [imu_filter]: Parameter RLController.pid_kd_ang set to 0.119577
[imu_filter_madgwick_node-3] [INFO] [1770794653.838885998] [imu_filter]: Parameter RLController.pid_kp_lin set to 1.200814
[imu_filter_madgwick_node-3] [INFO] [1770794653.839080690] [imu_filter]: Parameter RLController.pid_ki_lin set to 0.000000
[imu_filter_madgwick_node-3] [INFO] [1770794653.839150195] [imu_filter]: Parameter RLController.pid_kd_lin set to 0.029426
[imu_filter_madgwick_node-3] [INFO] [1770794653.839227701] [imu_filter]: Parameter RLController.pid_kp_ang set to 1.230605
[imu_filter_madgwick_node-3] [INFO] [1770794653.839284214] [imu_filter]: Parameter RLController.pid_ki_ang set to 0.000000
[imu_filter_madgwick_node-3] [INFO] [1770794653.839340983] [imu_filter]: Parameter RLController.pid_kd_ang set to 0.119652
[imu_filter_madgwick_node-3] [INFO] [1770794654.252296069] [imu_filter]: Parameter RLController.pid_kp_lin set to 1.200814
[imu_filter_madgwick_node-3] [INFO] [1770794654.252513321] [imu_filter]: Parameter RLController.pid_ki_lin set to 0.000000
[imu_filter_madgwick_node-3] [INFO] [1770794654.252594347] [imu_filter]: Parameter RLController.pid_kd_lin set to 0.029426
[imu_filter_madgwick_node-3] [INFO] [1770794654.252651948] [imu_filter]: Parameter RLController.pid_kp_ang set to 1.230605
[imu_filter_madgwick_node-3] [INFO] [1770794654.253064245] [imu_filter]: Parameter RLController.pid_ki_ang set to 0.000000
[imu_filter_madgwick_node-3] [INFO] [1770794654.253148567] [imu_filter]: Parameter RLController.pid_kd_ang set to 0.119726
[imu_filter_madgwick_node-3] [INFO] [1770794654.660413260] [imu_filter]: Parameter RLController.pid_kp_lin set to 1.200814
[imu_filter_madgwick_node-3] [INFO] [1770794654.661600229] [imu_filter]: Parameter RLController.pid_ki_lin set to 0.000000
[imu_filter_madgwick_node-3] [INFO] [1770794654.661696551] [imu_filter]: Parameter RLController.pid_kd_lin set to 0.029426
[imu_filter_madgwick_node-3] [INFO] [1770794654.661795337] [imu_filter]: Parameter RLController.pid_kp_ang set to 1.230605
[imu_filter_madgwick_node-3] [INFO] [1770794654.661857258] [imu_filter]: Parameter RLController.pid_ki_ang set to 0.000000
[imu_filter_madgwick_node-3] [INFO] [1770794654.661922476] [imu_filter]: Parameter RLController.pid_kd_ang set to 0.119800
[imu_filter_madgwick_node-3] [INFO] [1770794655.076359384] [imu_filter]: Parameter RLController.pid_kp_lin set to 1.200814
[imu_filter_madgwick_node-3] [INFO] [1770794655.076689599] [imu_filter]: Parameter RLController.pid_ki_lin set to 0.000000
[imu_filter_madgwick_node-3] [INFO] [1770794655.076777633] [imu_filter]: Parameter RLController.pid_kd_lin set to 0.029426
[imu_filter_madgwick_node-3] [INFO] [1770794655.076864611] [imu_filter]: Parameter RLController.pid_kp_ang set to 1.230605
[imu_filter_madgwick_node-3] [INFO] [1770794655.076926436] [imu_filter]: Parameter RLController.pid_ki_ang set to 0.000000
[imu_filter_madgwick_node-3] [INFO] [1770794655.077087079] [imu_filter]: Parameter RLController.pid_kd_ang set to 0.119875
[imu_filter_madgwick_node-3] [INFO] [1770794655.490596192] [imu_filter]: Parameter RLController.pid_kp_lin set to 1.200814
[imu_filter_madgwick_node-3] [INFO] [1770794655.490964296] [imu_filter]: Parameter RLController.pid_ki_lin set to 0.000000
[imu_filter_madgwick_node-3] [INFO] [1770794655.491082987] [imu_filter]: Parameter RLController.pid_kd_lin set to 0.029426
[imu_filter_madgwick_node-3] [INFO] [1770794655.491173581] [imu_filter]: Parameter RLController.pid_kp_ang set to 1.230605
[imu_filter_madgwick_node-3] [INFO] [1770794655.491247694] [imu_filter]: Parameter RLController.pid_ki_ang set to 0.000000
[imu_filter_madgwick_node-3] [INFO] [1770794655.491318352] [imu_filter]: Parameter RLController.pid_kd_ang set to 0.119949
[imu_filter_madgwick_node-3] [INFO] [1770794655.893822048] [imu_filter]: Parameter RLController.pid_kp_lin set to 1.200814
[imu_filter_madgwick_node-3] [INFO] [1770794655.894045989] [imu_filter]: Parameter RLController.pid_ki_lin set to 0.000000
[imu_filter_madgwick_node-3] [INFO] [1770794655.894117575] [imu_filter]: Parameter RLController.pid_kd_lin set to 0.029426
[imu_filter_madgwick_node-3] [INFO] [1770794655.894181384] [imu_filter]: Parameter RLController.pid_kp_ang set to 1.230605
[imu_filter_madgwick_node-3] [INFO] [1770794655.896800127] [imu_filter]: Parameter RLController.pid_ki_ang set to 0.000000
[imu_filter_madgwick_node-3] [INFO] [1770794655.896981571] [imu_filter]: Parameter RLController.pid_kd_ang set to 0.120023
[imu_filter_madgwick_node-3] [INFO] [1770794656.303546473] [imu_filter]: Parameter RLController.pid_kp_lin set to 1.200814
[imu_filter_madgwick_node-3] [INFO] [1770794656.303761998] [imu_filter]: Parameter RLController.pid_ki_lin set to 0.000000
[imu_filter_madgwick_node-3] [INFO] [1770794656.303834607] [imu_filter]: Parameter RLController.pid_kd_lin set to 0.029426
[imu_filter_madgwick_node-3] [INFO] [1770794656.303896753] [imu_filter]: Parameter RLController.pid_kp_ang set to 1.230605
[imu_filter_madgwick_node-3] [INFO] [1770794656.303952818] [imu_filter]: Parameter RLController.pid_ki_ang set to 0.000000
[imu_filter_madgwick_node-3] [INFO] [1770794656.304010163] [imu_filter]: Parameter RLController.pid_kd_ang set to 0.120098
[imu_filter_madgwick_node-3] [INFO] [1770794656.711191206] [imu_filter]: Parameter RLController.pid_kp_lin set to 1.200814
[imu_filter_madgwick_node-3] [INFO] [1770794656.711501261] [imu_filter]: Parameter RLController.pid_ki_lin set to 0.000000
[imu_filter_madgwick_node-3] [INFO] [1770794656.711587375] [imu_filter]: Parameter RLController.pid_kd_lin set to 0.029426
[imu_filter_madgwick_node-3] [INFO] [1770794656.713402133] [imu_filter]: Parameter RLController.pid_kp_ang set to 1.230605
[imu_filter_madgwick_node-3] [INFO] [1770794656.713557048] [imu_filter]: Parameter RLController.pid_ki_ang set to 0.000000
[imu_filter_madgwick_node-3] [INFO] [1770794656.713623770] [imu_filter]: Parameter RLController.pid_kd_ang set to 0.120172
[imu_filter_madgwick_node-3] [INFO] [1770794657.126346530] [imu_filter]: Parameter RLController.pid_kp_lin set to 1.200814
[imu_filter_madgwick_node-3] [INFO] [1770794657.126779179] [imu_filter]: Parameter RLController.pid_ki_lin set to 0.000000
[imu_filter_madgwick_node-3] [INFO] [1770794657.126943535] [imu_filter]: Parameter RLController.pid_kd_lin set to 0.029426
[imu_filter_madgwick_node-3] [INFO] [1770794657.127069137] [imu_filter]: Parameter RLController.pid_kp_ang set to 1.230605
[imu_filter_madgwick_node-3] [INFO] [1770794657.127179956] [imu_filter]: Parameter RLController.pid_ki_ang set to 0.000000
[imu_filter_madgwick_node-3] [INFO] [1770794657.127282838] [imu_filter]: Parameter RLController.pid_kd_ang set to 0.120246
[imu_filter_madgwick_node-3] [INFO] [1770794657.544652960] [imu_filter]: Parameter RLController.pid_kp_lin set to 1.200814
[imu_filter_madgwick_node-3] [INFO] [1770794657.544991464] [imu_filter]: Parameter RLController.pid_ki_lin set to 0.000000
[imu_filter_madgwick_node-3] [INFO] [1770794657.545073033] [imu_filter]: Parameter RLController.pid_kd_lin set to 0.029426
[imu_filter_madgwick_node-3] [INFO] [1770794657.545134539] [imu_filter]: Parameter RLController.pid_kp_ang set to 1.230605
[imu_filter_madgwick_node-3] [INFO] [1770794657.545190444] [imu_filter]: Parameter RLController.pid_ki_ang set to 0.000000
[imu_filter_madgwick_node-3] [INFO] [1770794657.545244749] [imu_filter]: Parameter RLController.pid_kd_ang set to 0.120321
[imu_filter_madgwick_node-3] [INFO] [1770794657.951383402] [imu_filter]: Parameter RLController.pid_kp_lin set to 1.200814
[imu_filter_madgwick_node-3] [INFO] [1770794657.951600751] [imu_filter]: Parameter RLController.pid_ki_lin set to 0.000000
[imu_filter_madgwick_node-3] [INFO] [1770794657.951835412] [imu_filter]: Parameter RLController.pid_kd_lin set to 0.029426
[imu_filter_madgwick_node-3] [INFO] [1770794657.951915574] [imu_filter]: Parameter RLController.pid_kp_ang set to 1.230605
[imu_filter_madgwick_node-3] [INFO] [1770794657.951976535] [imu_filter]: Parameter RLController.pid_ki_ang set to 0.000000
[imu_filter_madgwick_node-3] [INFO] [1770794657.952033144] [imu_filter]: Parameter RLController.pid_kd_ang set to 0.120395
[imu_filter_madgwick_node-3] [INFO] [1770794658.355079284] [imu_filter]: Parameter RLController.pid_kp_lin set to 1.200814
[imu_filter_madgwick_node-3] [INFO] [1770794658.356942171] [imu_filter]: Parameter RLController.pid_ki_lin set to 0.000000
[imu_filter_madgwick_node-3] [INFO] [1770794658.357126079] [imu_filter]: Parameter RLController.pid_kd_lin set to 0.029426
[imu_filter_madgwick_node-3] [INFO] [1770794658.357208129] [imu_filter]: Parameter RLController.pid_kp_ang set to 1.230605
[imu_filter_madgwick_node-3] [INFO] [1770794658.357267234] [imu_filter]: Parameter RLController.pid_ki_ang set to 0.000000
[imu_filter_madgwick_node-3] [INFO] [1770794658.357324931] [imu_filter]: Parameter RLController.pid_kd_ang set to 0.120469
[imu_filter_madgwick_node-3] [INFO] [1770794658.769314332] [imu_filter]: Parameter RLController.pid_kp_lin set to 1.200814
[imu_filter_madgwick_node-3] [INFO] [1770794658.769768070] [imu_filter]: Parameter RLController.pid_ki_lin set to 0.000000
[imu_filter_madgwick_node-3] [INFO] [1770794658.769909289] [imu_filter]: Parameter RLController.pid_kd_lin set to 0.029426
[imu_filter_madgwick_node-3] [INFO] [1770794658.770019211] [imu_filter]: Parameter RLController.pid_kp_ang set to 1.230605
[imu_filter_madgwick_node-3] [INFO] [1770794658.770116429] [imu_filter]: Parameter RLController.pid_ki_ang set to 0.000000
[imu_filter_madgwick_node-3] [INFO] [1770794658.770210447] [imu_filter]: Parameter RLController.pid_kd_ang set to 0.120544
[imu_filter_madgwick_node-3] [INFO] [1770794659.176273931] [imu_filter]: Parameter RLController.pid_kp_lin set to 1.200814
[imu_filter_madgwick_node-3] [INFO] [1770794659.176485487] [imu_filter]: Parameter RLController.pid_ki_lin set to 0.000000
[imu_filter_madgwick_node-3] [INFO] [1770794659.176557201] [imu_filter]: Parameter RLController.pid_kd_lin set to 0.029426
[imu_filter_madgwick_node-3] [INFO] [1770794659.176618834] [imu_filter]: Parameter RLController.pid_kp_ang set to 1.230605
[imu_filter_madgwick_node-3] [INFO] [1770794659.176677012] [imu_filter]: Parameter RLController.pid_ki_ang set to 0.000000
[imu_filter_madgwick_node-3] [INFO] [1770794659.177251936] [imu_filter]: Parameter RLController.pid_kd_ang set to 0.120618
[imu_filter_madgwick_node-3] [INFO] [1770794659.584842940] [imu_filter]: Parameter RLController.pid_kp_lin set to 1.200814
[imu_filter_madgwick_node-3] [INFO] [1770794659.588359334] [imu_filter]: Parameter RLController.pid_ki_lin set to 0.000000
[imu_filter_madgwick_node-3] [INFO] [1770794659.588585227] [imu_filter]: Parameter RLController.pid_kd_lin set to 0.029426
[imu_filter_madgwick_node-3] [INFO] [1770794659.588681805] [imu_filter]: Parameter RLController.pid_kp_ang set to 1.230605
[imu_filter_madgwick_node-3] [INFO] [1770794659.588754990] [imu_filter]: Parameter RLController.pid_ki_ang set to 0.000000
[imu_filter_madgwick_node-3] [INFO] [1770794659.588828528] [imu_filter]: Parameter RLController.pid_kd_ang set to 0.120692
[imu_filter_madgwick_node-3] [INFO] [1770794659.996417772] [imu_filter]: Parameter RLController.pid_kp_lin set to 1.200814
[imu_filter_madgwick_node-3] [INFO] [1770794659.996661809] [imu_filter]: Parameter RLController.pid_ki_lin set to 0.000000
[imu_filter_madgwick_node-3] [INFO] [1770794659.996760627] [imu_filter]: Parameter RLController.pid_kd_lin set to 0.029426
[imu_filter_madgwick_node-3] [INFO] [1770794659.998225042] [imu_filter]: Parameter RLController.pid_kp_ang set to 1.230605
[imu_filter_madgwick_node-3] [INFO] [1770794659.998529560] [imu_filter]: Parameter RLController.pid_ki_ang set to 0.000000
[imu_filter_madgwick_node-3] [INFO] [1770794659.998616186] [imu_filter]: Parameter RLController.pid_kd_ang set to 0.120767
[imu_filter_madgwick_node-3] [INFO] [1770794660.407591795] [imu_filter]: Parameter RLController.pid_kp_lin set to 1.200814
[imu_filter_madgwick_node-3] [INFO] [1770794660.407805912] [imu_filter]: Parameter RLController.pid_ki_lin set to 0.000000
[imu_filter_madgwick_node-3] [INFO] [1770794660.407880634] [imu_filter]: Parameter RLController.pid_kd_lin set to 0.029426
[imu_filter_madgwick_node-3] [INFO] [1770794660.410431663] [imu_filter]: Parameter RLController.pid_kp_ang set to 1.230605
[imu_filter_madgwick_node-3] [INFO] [1770794660.410799863] [imu_filter]: Parameter RLController.pid_ki_ang set to 0.000000
[imu_filter_madgwick_node-3] [INFO] [1770794660.410895193] [imu_filter]: Parameter RLController.pid_kd_ang set to 0.120841
[imu_filter_madgwick_node-3] [INFO] [1770794660.816405001] [imu_filter]: Parameter RLController.pid_kp_lin set to 1.200814
[imu_filter_madgwick_node-3] [INFO] [1770794660.816642254] [imu_filter]: Parameter RLController.pid_ki_lin set to 0.000000
[imu_filter_madgwick_node-3] [INFO] [1770794660.816751057] [imu_filter]: Parameter RLController.pid_kd_lin set to 0.029426
[imu_filter_madgwick_node-3] [INFO] [1770794660.816842451] [imu_filter]: Parameter RLController.pid_kp_ang set to 1.230605
[imu_filter_madgwick_node-3] [INFO] [1770794660.816922772] [imu_filter]: Parameter RLController.pid_ki_ang set to 0.000000
[imu_filter_madgwick_node-3] [INFO] [1770794660.817001526] [imu_filter]: Parameter RLController.pid_kd_ang set to 0.120915
[imu_filter_madgwick_node-3] [INFO] [1770794661.225964975] [imu_filter]: Parameter RLController.pid_kp_lin set to 1.200814
[imu_filter_madgwick_node-3] [INFO] [1770794661.226169395] [imu_filter]: Parameter RLController.pid_ki_lin set to 0.000000
[imu_filter_madgwick_node-3] [INFO] [1770794661.226237141] [imu_filter]: Parameter RLController.pid_kd_lin set to 0.029426
[imu_filter_madgwick_node-3] [INFO] [1770794661.226405688] [imu_filter]: Parameter RLController.pid_kp_ang set to 1.230605
[imu_filter_madgwick_node-3] [INFO] [1770794661.226463545] [imu_filter]: Parameter RLController.pid_ki_ang set to 0.000000
[imu_filter_madgwick_node-3] [INFO] [1770794661.226520411] [imu_filter]: Parameter RLController.pid_kd_ang set to 0.120990
[imu_filter_madgwick_node-3] [INFO] [1770794661.637018740] [imu_filter]: Parameter RLController.pid_kp_lin set to 1.200814
[imu_filter_madgwick_node-3] [INFO] [1770794661.637266777] [imu_filter]: Parameter RLController.pid_ki_lin set to 0.000000
[imu_filter_madgwick_node-3] [INFO] [1770794661.637362587] [imu_filter]: Parameter RLController.pid_kd_lin set to 0.029426
[imu_filter_madgwick_node-3] [INFO] [1770794661.641438993] [imu_filter]: Parameter RLController.pid_kp_ang set to 1.230605
[imu_filter_madgwick_node-3] [INFO] [1770794661.641673174] [imu_filter]: Parameter RLController.pid_ki_ang set to 0.000000
[imu_filter_madgwick_node-3] [INFO] [1770794661.641809817] [imu_filter]: Parameter RLController.pid_kd_ang set to 0.121064
[imu_filter_madgwick_node-3] [INFO] [1770794662.045960461] [imu_filter]: Parameter RLController.pid_kp_lin set to 1.200814
[imu_filter_madgwick_node-3] [INFO] [1770794662.046229138] [imu_filter]: Parameter RLController.pid_ki_lin set to 0.000000
[imu_filter_madgwick_node-3] [INFO] [1770794662.046475863] [imu_filter]: Parameter RLController.pid_kd_lin set to 0.029426
[imu_filter_madgwick_node-3] [INFO] [1770794662.046573465] [imu_filter]: Parameter RLController.pid_kp_ang set to 1.230605
[imu_filter_madgwick_node-3] [INFO] [1770794662.046652923] [imu_filter]: Parameter RLController.pid_ki_ang set to 0.000000
[imu_filter_madgwick_node-3] [INFO] [1770794662.046731645] [imu_filter]: Parameter RLController.pid_kd_ang set to 0.121138
[imu_filter_madgwick_node-3] [INFO] [1770794662.453597898] [imu_filter]: Parameter RLController.pid_kp_lin set to 1.200814
[imu_filter_madgwick_node-3] [INFO] [1770794662.454839140] [imu_filter]: Parameter RLController.pid_ki_lin set to 0.000000
[imu_filter_madgwick_node-3] [INFO] [1770794662.455047560] [imu_filter]: Parameter RLController.pid_kd_lin set to 0.029426
[imu_filter_madgwick_node-3] [INFO] [1770794662.455146762] [imu_filter]: Parameter RLController.pid_kp_ang set to 1.230605
[imu_filter_madgwick_node-3] [INFO] [1770794662.455226284] [imu_filter]: Parameter RLController.pid_ki_ang set to 0.000000
[imu_filter_madgwick_node-3] [INFO] [1770794662.455289389] [imu_filter]: Parameter RLController.pid_kd_ang set to 0.121213
[imu_filter_madgwick_node-3] [INFO] [1770794662.864150884] [imu_filter]: Parameter RLController.pid_kp_lin set to 1.200814
[imu_filter_madgwick_node-3] [INFO] [1770794662.864446858] [imu_filter]: Parameter RLController.pid_ki_lin set to 0.000000
[imu_filter_madgwick_node-3] [INFO] [1770794662.864525580] [imu_filter]: Parameter RLController.pid_kd_lin set to 0.029426
[imu_filter_madgwick_node-3] [INFO] [1770794662.864589677] [imu_filter]: Parameter RLController.pid_kp_ang set to 1.230605
[imu_filter_madgwick_node-3] [INFO] [1770794662.864647855] [imu_filter]: Parameter RLController.pid_ki_ang set to 0.000000
[imu_filter_madgwick_node-3] [INFO] [1770794662.864702384] [imu_filter]: Parameter RLController.pid_kd_ang set to 0.121287
[imu_filter_madgwick_node-3] [INFO] [1770794663.281977240] [imu_filter]: Parameter RLController.pid_kp_lin set to 1.200814
[imu_filter_madgwick_node-3] [INFO] [1770794663.282199645] [imu_filter]: Parameter RLController.pid_ki_lin set to 0.000000
[imu_filter_madgwick_node-3] [INFO] [1770794663.282268382] [imu_filter]: Parameter RLController.pid_kd_lin set to 0.029426
[imu_filter_madgwick_node-3] [INFO] [1770794663.282327968] [imu_filter]: Parameter RLController.pid_kp_ang set to 1.230605
[imu_filter_madgwick_node-3] [INFO] [1770794663.282382977] [imu_filter]: Parameter RLController.pid_ki_ang set to 0.000000
[imu_filter_madgwick_node-3] [INFO] [1770794663.282437218] [imu_filter]: Parameter RLController.pid_kd_ang set to 0.121361
[imu_filter_madgwick_node-3] [INFO] [1770794663.689871195] [imu_filter]: Parameter RLController.pid_kp_lin set to 1.200814
[imu_filter_madgwick_node-3] [INFO] [1770794663.690116672] [imu_filter]: Parameter RLController.pid_ki_lin set to 0.000000
[imu_filter_madgwick_node-3] [INFO] [1770794663.690237922] [imu_filter]: Parameter RLController.pid_kd_lin set to 0.029426
[imu_filter_madgwick_node-3] [INFO] [1770794663.690329764] [imu_filter]: Parameter RLController.pid_kp_ang set to 1.230605
[imu_filter_madgwick_node-3] [INFO] [1770794663.690420838] [imu_filter]: Parameter RLController.pid_ki_ang set to 0.000000
[imu_filter_madgwick_node-3] [INFO] [1770794663.690499336] [imu_filter]: Parameter RLController.pid_kd_ang set to 0.121436
[imu_filter_madgwick_node-3] [INFO] [1770794664.102696869] [imu_filter]: Parameter RLController.pid_kp_lin set to 1.200814
[imu_filter_madgwick_node-3] [INFO] [1770794664.102922506] [imu_filter]: Parameter RLController.pid_ki_lin set to 0.000000
[imu_filter_madgwick_node-3] [INFO] [1770794664.103010188] [imu_filter]: Parameter RLController.pid_kd_lin set to 0.029426
[imu_filter_madgwick_node-3] [INFO] [1770794664.103085485] [imu_filter]: Parameter RLController.pid_kp_ang set to 1.230605
[imu_filter_madgwick_node-3] [INFO] [1770794664.103294354] [imu_filter]: Parameter RLController.pid_ki_ang set to 0.000000
[imu_filter_madgwick_node-3] [INFO] [1770794664.103366547] [imu_filter]: Parameter RLController.pid_kd_ang set to 0.121510
[imu_filter_madgwick_node-3] [INFO] [1770794664.513561606] [imu_filter]: Parameter RLController.pid_kp_lin set to 1.200814
[imu_filter_madgwick_node-3] [INFO] [1770794664.513795723] [imu_filter]: Parameter RLController.pid_ki_lin set to 0.000000
[imu_filter_madgwick_node-3] [INFO] [1770794664.513877645] [imu_filter]: Parameter RLController.pid_kd_lin set to 0.029426
[imu_filter_madgwick_node-3] [INFO] [1770794664.513947246] [imu_filter]: Parameter RLController.pid_kp_ang set to 1.230605
[imu_filter_madgwick_node-3] [INFO] [1770794664.514008912] [imu_filter]: Parameter RLController.pid_ki_ang set to 0.000000
[imu_filter_madgwick_node-3] [INFO] [1770794664.514071441] [imu_filter]: Parameter RLController.pid_kd_ang set to 0.121584
[imu_filter_madgwick_node-3] [INFO] [1770794664.926157868] [imu_filter]: Parameter RLController.pid_kp_lin set to 1.200814
[imu_filter_madgwick_node-3] [INFO] [1770794664.926351984] [imu_filter]: Parameter RLController.pid_ki_lin set to 0.000000
[imu_filter_madgwick_node-3] [INFO] [1770794664.926426194] [imu_filter]: Parameter RLController.pid_kd_lin set to 0.029426
[imu_filter_madgwick_node-3] [INFO] [1770794664.926486867] [imu_filter]: Parameter RLController.pid_kp_ang set to 1.230605
[imu_filter_madgwick_node-3] [INFO] [1770794664.926543636] [imu_filter]: Parameter RLController.pid_ki_ang set to 0.000000
[imu_filter_madgwick_node-3] [INFO] [1770794664.926597973] [imu_filter]: Parameter RLController.pid_kd_ang set to 0.121659
[imu_filter_madgwick_node-3] [INFO] [1770794665.342699141] [imu_filter]: Parameter RLController.pid_kp_lin set to 1.200814
[imu_filter_madgwick_node-3] [INFO] [1770794665.342906697] [imu_filter]: Parameter RLController.pid_ki_lin set to 0.000000
[imu_filter_madgwick_node-3] [INFO] [1770794665.342977579] [imu_filter]: Parameter RLController.pid_kd_lin set to 0.029426
[imu_filter_madgwick_node-3] [INFO] [1770794665.343043468] [imu_filter]: Parameter RLController.pid_kp_ang set to 1.230605
[imu_filter_madgwick_node-3] [INFO] [1770794665.343108205] [imu_filter]: Parameter RLController.pid_ki_ang set to 0.000000
[imu_filter_madgwick_node-3] [INFO] [1770794665.343401876] [imu_filter]: Parameter RLController.pid_kd_ang set to 0.121733
[imu_filter_madgwick_node-3] [INFO] [1770794665.755297515] [imu_filter]: Parameter RLController.pid_kp_lin set to 1.200814
[imu_filter_madgwick_node-3] [INFO] [1770794665.755483375] [imu_filter]: Parameter RLController.pid_ki_lin set to 0.000000
[imu_filter_madgwick_node-3] [INFO] [1770794665.755552080] [imu_filter]: Parameter RLController.pid_kd_lin set to 0.029426
[imu_filter_madgwick_node-3] [INFO] [1770794665.755612209] [imu_filter]: Parameter RLController.pid_kp_ang set to 1.230605
[imu_filter_madgwick_node-3] [INFO] [1770794665.755667922] [imu_filter]: Parameter RLController.pid_ki_ang set to 0.000000
[imu_filter_madgwick_node-3] [INFO] [1770794665.755720724] [imu_filter]: Parameter RLController.pid_kd_ang set to 0.121807
[imu_filter_madgwick_node-3] [INFO] [1770794666.164091552] [imu_filter]: Parameter RLController.pid_kp_lin set to 1.200814
[imu_filter_madgwick_node-3] [INFO] [1770794666.164292228] [imu_filter]: Parameter RLController.pid_ki_lin set to 0.000000
[imu_filter_madgwick_node-3] [INFO] [1770794666.164362758] [imu_filter]: Parameter RLController.pid_kd_lin set to 0.029426
[imu_filter_madgwick_node-3] [INFO] [1770794666.164425191] [imu_filter]: Parameter RLController.pid_kp_ang set to 1.230605
[imu_filter_madgwick_node-3] [INFO] [1770794666.164479336] [imu_filter]: Parameter RLController.pid_ki_ang set to 0.000000
[imu_filter_madgwick_node-3] [INFO] [1770794666.164533161] [imu_filter]: Parameter RLController.pid_kd_ang set to 0.121882
[imu_filter_madgwick_node-3] [INFO] [1770794666.572616720] [imu_filter]: Parameter RLController.pid_kp_lin set to 1.200814
[imu_filter_madgwick_node-3] [INFO] [1770794666.572816084] [imu_filter]: Parameter RLController.pid_ki_lin set to 0.000000
[imu_filter_madgwick_node-3] [INFO] [1770794666.572888405] [imu_filter]: Parameter RLController.pid_kd_lin set to 0.029426
[imu_filter_madgwick_node-3] [INFO] [1770794666.572954199] [imu_filter]: Parameter RLController.pid_kp_ang set to 1.230605
[imu_filter_madgwick_node-3] [INFO] [1770794666.573011736] [imu_filter]: Parameter RLController.pid_ki_ang set to 0.000000
[imu_filter_madgwick_node-3] [INFO] [1770794666.573072857] [imu_filter]: Parameter RLController.pid_kd_ang set to 0.121956
[imu_filter_madgwick_node-3] [INFO] [1770794666.989623027] [imu_filter]: Parameter RLController.pid_kp_lin set to 1.200814
[imu_filter_madgwick_node-3] [INFO] [1770794666.989861368] [imu_filter]: Parameter RLController.pid_ki_lin set to 0.000000
[imu_filter_madgwick_node-3] [INFO] [1770794666.989959226] [imu_filter]: Parameter RLController.pid_kd_lin set to 0.029426
[imu_filter_madgwick_node-3] [INFO] [1770794666.990038235] [imu_filter]: Parameter RLController.pid_kp_ang set to 1.230605
[imu_filter_madgwick_node-3] [INFO] [1770794666.990110653] [imu_filter]: Parameter RLController.pid_ki_ang set to 0.000000
[imu_filter_madgwick_node-3] [INFO] [1770794666.990178942] [imu_filter]: Parameter RLController.pid_kd_ang set to 0.122030
[imu_filter_madgwick_node-3] [INFO] [1770794667.410453734] [imu_filter]: Parameter RLController.pid_kp_lin set to 1.200814
[imu_filter_madgwick_node-3] [INFO] [1770794667.410768397] [imu_filter]: Parameter RLController.pid_ki_lin set to 0.000000
[imu_filter_madgwick_node-3] [INFO] [1770794667.410872303] [imu_filter]: Parameter RLController.pid_kd_lin set to 0.029426
[imu_filter_madgwick_node-3] [INFO] [1770794667.410938160] [imu_filter]: Parameter RLController.pid_kp_ang set to 1.230605
[imu_filter_madgwick_node-3] [INFO] [1770794667.410993841] [imu_filter]: Parameter RLController.pid_ki_ang set to 0.000000
[imu_filter_madgwick_node-3] [INFO] [1770794667.411396410] [imu_filter]: Parameter RLController.pid_kd_ang set to 0.122105
[imu_filter_madgwick_node-3] [INFO] [1770794667.820997920] [imu_filter]: Parameter RLController.pid_kp_lin set to 1.200814
[imu_filter_madgwick_node-3] [INFO] [1770794667.821226021] [imu_filter]: Parameter RLController.pid_ki_lin set to 0.000000
[imu_filter_madgwick_node-3] [INFO] [1770794667.821309479] [imu_filter]: Parameter RLController.pid_kd_lin set to 0.029426
[imu_filter_madgwick_node-3] [INFO] [1770794667.828258746] [imu_filter]: Parameter RLController.pid_kp_ang set to 1.230605
[imu_filter_madgwick_node-3] [INFO] [1770794667.828461854] [imu_filter]: Parameter RLController.pid_ki_ang set to 0.000000
[imu_filter_madgwick_node-3] [INFO] [1770794667.828533311] [imu_filter]: Parameter RLController.pid_kd_ang set to 0.122179
[imu_filter_madgwick_node-3] [INFO] [1770794668.232802549] [imu_filter]: Parameter RLController.pid_kp_lin set to 1.200814
[imu_filter_madgwick_node-3] [INFO] [1770794668.233005114] [imu_filter]: Parameter RLController.pid_ki_lin set to 0.000000
[imu_filter_madgwick_node-3] [INFO] [1770794668.233075259] [imu_filter]: Parameter RLController.pid_kd_lin set to 0.029426
[imu_filter_madgwick_node-3] [INFO] [1770794668.233138908] [imu_filter]: Parameter RLController.pid_kp_ang set to 1.230605
[imu_filter_madgwick_node-3] [INFO] [1770794668.233194366] [imu_filter]: Parameter RLController.pid_ki_ang set to 0.000000
[imu_filter_madgwick_node-3] [INFO] [1770794668.233261023] [imu_filter]: Parameter RLController.pid_kd_ang set to 0.122253
[imu_filter_madgwick_node-3] [INFO] [1770794668.642998536] [imu_filter]: Parameter RLController.pid_kp_lin set to 1.200814
[imu_filter_madgwick_node-3] [INFO] [1770794668.643305775] [imu_filter]: Parameter RLController.pid_ki_lin set to 0.000000
[imu_filter_madgwick_node-3] [INFO] [1770794668.643388049] [imu_filter]: Parameter RLController.pid_kd_lin set to 0.029426
[imu_filter_madgwick_node-3] [INFO] [1770794668.643449874] [imu_filter]: Parameter RLController.pid_kp_ang set to 1.230605
[imu_filter_madgwick_node-3] [INFO] [1770794668.643504179] [imu_filter]: Parameter RLController.pid_ki_ang set to 0.000000
[imu_filter_madgwick_node-3] [INFO] [1770794668.643557940] [imu_filter]: Parameter RLController.pid_kd_ang set to 0.122328
[imu_filter_madgwick_node-3] [INFO] [1770794669.052390794] [imu_filter]: Parameter RLController.pid_kp_lin set to 1.200814
[imu_filter_madgwick_node-3] [INFO] [1770794669.052588591] [imu_filter]: Parameter RLController.pid_ki_lin set to 0.000000
[imu_filter_madgwick_node-3] [INFO] [1770794669.052662800] [imu_filter]: Parameter RLController.pid_kd_lin set to 0.029426
[imu_filter_madgwick_node-3] [INFO] [1770794669.055138564] [imu_filter]: Parameter RLController.pid_kp_ang set to 1.230605
[imu_filter_madgwick_node-3] [INFO] [1770794669.055423850] [imu_filter]: Parameter RLController.pid_ki_ang set to 0.000000
[imu_filter_madgwick_node-3] [INFO] [1770794669.055511372] [imu_filter]: Parameter RLController.pid_kd_ang set to 0.122402
[imu_filter_madgwick_node-3] [INFO] [1770794669.499836528] [imu_filter]: Parameter RLController.pid_kp_lin set to 1.200814
[imu_filter_madgwick_node-3] [INFO] [1770794669.500022324] [imu_filter]: Parameter RLController.pid_ki_lin set to 0.000000
[imu_filter_madgwick_node-3] [INFO] [1770794669.500116278] [imu_filter]: Parameter RLController.pid_kd_lin set to 0.029426
[imu_filter_madgwick_node-3] [INFO] [1770794669.500183607] [imu_filter]: Parameter RLController.pid_kp_ang set to 1.230605
[imu_filter_madgwick_node-3] [INFO] [1770794669.500240088] [imu_filter]: Parameter RLController.pid_ki_ang set to 0.000000
[imu_filter_madgwick_node-3] [INFO] [1770794669.500296281] [imu_filter]: Parameter RLController.pid_kd_ang set to 0.122476
[imu_filter_madgwick_node-3] [INFO] [1770794670.019527242] [imu_filter]: Parameter RLController.pid_kp_lin set to 1.200814
[imu_filter_madgwick_node-3] [INFO] [1770794670.021560981] [imu_filter]: Parameter RLController.pid_ki_lin set to 0.000000
[imu_filter_madgwick_node-3] [INFO] [1770794670.030763703] [imu_filter]: Parameter RLController.pid_kd_lin set to 0.029426
[imu_filter_madgwick_node-3] [INFO] [1770794670.030959643] [imu_filter]: Parameter RLController.pid_kp_ang set to 1.230605
[imu_filter_madgwick_node-3] [INFO] [1770794670.036406734] [imu_filter]: Parameter RLController.pid_ki_ang set to 0.000000
[imu_filter_madgwick_node-3] [INFO] [1770794670.036598482] [imu_filter]: Parameter RLController.pid_kd_ang set to 0.122551
[imu_filter_madgwick_node-3] [INFO] [1770794670.506049608] [imu_filter]: Parameter RLController.pid_kp_lin set to 1.200814
[imu_filter_madgwick_node-3] [INFO] [1770794670.506420208] [imu_filter]: Parameter RLController.pid_ki_lin set to 0.000000
[imu_filter_madgwick_node-3] [INFO] [1770794670.506521842] [imu_filter]: Parameter RLController.pid_kd_lin set to 0.029426
[imu_filter_madgwick_node-3] [INFO] [1770794670.506587028] [imu_filter]: Parameter RLController.pid_kp_ang set to 1.230605
[imu_filter_madgwick_node-3] [INFO] [1770794670.506642613] [imu_filter]: Parameter RLController.pid_ki_ang set to 0.000000
[imu_filter_madgwick_node-3] [INFO] [1770794670.506732599] [imu_filter]: Parameter RLController.pid_kd_ang set to 0.122625
[imu_filter_madgwick_node-3] [INFO] [1770794670.939978000] [imu_filter]: Parameter RLController.pid_kp_lin set to 1.200814
[imu_filter_madgwick_node-3] [INFO] [1770794670.940350904] [imu_filter]: Parameter RLController.pid_ki_lin set to 0.000000
[imu_filter_madgwick_node-3] [INFO] [1770794670.940470555] [imu_filter]: Parameter RLController.pid_kd_lin set to 0.029426
[imu_filter_madgwick_node-3] [INFO] [1770794670.940571741] [imu_filter]: Parameter RLController.pid_kp_ang set to 1.230605
[imu_filter_madgwick_node-3] [INFO] [1770794670.940636894] [imu_filter]: Parameter RLController.pid_ki_ang set to 0.000000
[imu_filter_madgwick_node-3] [INFO] [1770794670.940695071] [imu_filter]: Parameter RLController.pid_kd_ang set to 0.122699
[imu_filter_madgwick_node-3] [INFO] [1770794671.362096671] [imu_filter]: Parameter RLController.pid_kp_lin set to 1.200814
[imu_filter_madgwick_node-3] [INFO] [1770794671.362333636] [imu_filter]: Parameter RLController.pid_ki_lin set to 0.000000
[imu_filter_madgwick_node-3] [INFO] [1770794671.362408838] [imu_filter]: Parameter RLController.pid_kd_lin set to 0.029426
[imu_filter_madgwick_node-3] [INFO] [1770794671.362468679] [imu_filter]: Parameter RLController.pid_kp_ang set to 1.230605
[imu_filter_madgwick_node-3] [INFO] [1770794671.362523048] [imu_filter]: Parameter RLController.pid_ki_ang set to 0.000000
[imu_filter_madgwick_node-3] [INFO] [1770794671.362576297] [imu_filter]: Parameter RLController.pid_kd_ang set to 0.122774
[imu_filter_madgwick_node-3] [INFO] [1770794671.777017686] [imu_filter]: Parameter RLController.pid_kp_lin set to 1.200814
[imu_filter_madgwick_node-3] [INFO] [1770794671.777232666] [imu_filter]: Parameter RLController.pid_ki_lin set to 0.000000
[imu_filter_madgwick_node-3] [INFO] [1770794671.777312028] [imu_filter]: Parameter RLController.pid_kd_lin set to 0.029426
[imu_filter_madgwick_node-3] [INFO] [1770794671.777500320] [imu_filter]: Parameter RLController.pid_kp_ang set to 1.230605
[imu_filter_madgwick_node-3] [INFO] [1770794671.777576802] [imu_filter]: Parameter RLController.pid_ki_ang set to 0.000000
[imu_filter_madgwick_node-3] [INFO] [1770794671.777641763] [imu_filter]: Parameter RLController.pid_kd_ang set to 0.122848
[imu_filter_madgwick_node-3] [INFO] [1770794672.196639344] [imu_filter]: Parameter RLController.pid_kp_lin set to 1.200814
[imu_filter_madgwick_node-3] [INFO] [1770794672.196861300] [imu_filter]: Parameter RLController.pid_ki_lin set to 0.000000
[imu_filter_madgwick_node-3] [INFO] [1770794672.196936438] [imu_filter]: Parameter RLController.pid_kd_lin set to 0.029426
[imu_filter_madgwick_node-3] [INFO] [1770794672.196998487] [imu_filter]: Parameter RLController.pid_kp_ang set to 1.230605
[imu_filter_madgwick_node-3] [INFO] [1770794672.197052504] [imu_filter]: Parameter RLController.pid_ki_ang set to 0.000000
[imu_filter_madgwick_node-3] [INFO] [1770794672.197107066] [imu_filter]: Parameter RLController.pid_kd_ang set to 0.122922
[imu_filter_madgwick_node-3] [INFO] [1770794672.609142387] [imu_filter]: Parameter RLController.pid_kp_lin set to 1.200814
[imu_filter_madgwick_node-3] [INFO] [1770794672.609342168] [imu_filter]: Parameter RLController.pid_ki_lin set to 0.000000
[imu_filter_madgwick_node-3] [INFO] [1770794672.609416313] [imu_filter]: Parameter RLController.pid_kd_lin set to 0.029426
[imu_filter_madgwick_node-3] [INFO] [1770794672.609478747] [imu_filter]: Parameter RLController.pid_kp_ang set to 1.230605
[imu_filter_madgwick_node-3] [INFO] [1770794672.609534652] [imu_filter]: Parameter RLController.pid_ki_ang set to 0.000000
[imu_filter_madgwick_node-3] [INFO] [1770794672.609588253] [imu_filter]: Parameter RLController.pid_kd_ang set to 0.122997
[imu_filter_madgwick_node-3] [INFO] [1770794673.022252228] [imu_filter]: Parameter RLController.pid_kp_lin set to 1.200814
[imu_filter_madgwick_node-3] [INFO] [1770794673.023186584] [imu_filter]: Parameter RLController.pid_ki_lin set to 0.000000
[imu_filter_madgwick_node-3] [INFO] [1770794673.023349179] [imu_filter]: Parameter RLController.pid_kd_lin set to 0.029426
[imu_filter_madgwick_node-3] [INFO] [1770794673.023423613] [imu_filter]: Parameter RLController.pid_kp_ang set to 1.230605
[imu_filter_madgwick_node-3] [INFO] [1770794673.023481406] [imu_filter]: Parameter RLController.pid_ki_ang set to 0.000000
[imu_filter_madgwick_node-3] [INFO] [1770794673.023537695] [imu_filter]: Parameter RLController.pid_kd_ang set to 0.123071
[imu_filter_madgwick_node-3] [INFO] [1770794673.448455529] [imu_filter]: Parameter RLController.pid_kp_lin set to 1.200814
[imu_filter_madgwick_node-3] [INFO] [1770794673.448750831] [imu_filter]: Parameter RLController.pid_ki_lin set to 0.000000
[imu_filter_madgwick_node-3] [INFO] [1770794673.448830257] [imu_filter]: Parameter RLController.pid_kd_lin set to 0.029426
[imu_filter_madgwick_node-3] [INFO] [1770794673.449007765] [imu_filter]: Parameter RLController.pid_kp_ang set to 1.230605
[imu_filter_madgwick_node-3] [INFO] [1770794673.449072278] [imu_filter]: Parameter RLController.pid_ki_ang set to 0.000000
[imu_filter_madgwick_node-3] [INFO] [1770794673.449127767] [imu_filter]: Parameter RLController.pid_kd_ang set to 0.123146
[imu_filter_madgwick_node-3] [INFO] [1770794673.853673811] [imu_filter]: Parameter RLController.pid_kp_lin set to 1.200814
[imu_filter_madgwick_node-3] [INFO] [1770794673.853894488] [imu_filter]: Parameter RLController.pid_ki_lin set to 0.000000
[imu_filter_madgwick_node-3] [INFO] [1770794673.853970073] [imu_filter]: Parameter RLController.pid_kd_lin set to 0.029426
[imu_filter_madgwick_node-3] [INFO] [1770794673.854034138] [imu_filter]: Parameter RLController.pid_kp_ang set to 1.230605
[imu_filter_madgwick_node-3] [INFO] [1770794673.854091932] [imu_filter]: Parameter RLController.pid_ki_ang set to 0.000000
[imu_filter_madgwick_node-3] [INFO] [1770794673.856212904] [imu_filter]: Parameter RLController.pid_kd_ang set to 0.123220
[imu_filter_madgwick_node-3] [INFO] [1770794674.263417788] [imu_filter]: Parameter RLController.pid_kp_lin set to 1.200814
[imu_filter_madgwick_node-3] [INFO] [1770794674.263657505] [imu_filter]: Parameter RLController.pid_ki_lin set to 0.000000
[imu_filter_madgwick_node-3] [INFO] [1770794674.263733475] [imu_filter]: Parameter RLController.pid_kd_lin set to 0.029426
[imu_filter_madgwick_node-3] [INFO] [1770794674.263794180] [imu_filter]: Parameter RLController.pid_kp_ang set to 1.230605
[imu_filter_madgwick_node-3] [INFO] [1770794674.263846693] [imu_filter]: Parameter RLController.pid_ki_ang set to 0.000000
[imu_filter_madgwick_node-3] [INFO] [1770794674.263900326] [imu_filter]: Parameter RLController.pid_kd_ang set to 0.123294
[imu_filter_madgwick_node-3] [INFO] [1770794674.697420646] [imu_filter]: Parameter RLController.pid_kp_lin set to 1.200814
[imu_filter_madgwick_node-3] [INFO] [1770794674.697616682] [imu_filter]: Parameter RLController.pid_ki_lin set to 0.000000
[imu_filter_madgwick_node-3] [INFO] [1770794674.697689740] [imu_filter]: Parameter RLController.pid_kd_lin set to 0.029426
[imu_filter_madgwick_node-3] [INFO] [1770794674.697776205] [imu_filter]: Parameter RLController.pid_kp_ang set to 1.230605
[imu_filter_madgwick_node-3] [INFO] [1770794674.697832463] [imu_filter]: Parameter RLController.pid_ki_ang set to 0.000000
[imu_filter_madgwick_node-3] [INFO] [1770794674.697889072] [imu_filter]: Parameter RLController.pid_kd_ang set to 0.123369
[imu_filter_madgwick_node-3] [INFO] [1770794675.112551233] [imu_filter]: Parameter RLController.pid_kp_lin set to 1.200814
[imu_filter_madgwick_node-3] [INFO] [1770794675.112905961] [imu_filter]: Parameter RLController.pid_ki_lin set to 0.000000
[imu_filter_madgwick_node-3] [INFO] [1770794675.112992938] [imu_filter]: Parameter RLController.pid_kd_lin set to 0.029426
[imu_filter_madgwick_node-3] [INFO] [1770794675.113063404] [imu_filter]: Parameter RLController.pid_kp_ang set to 1.230605
[imu_filter_madgwick_node-3] [INFO] [1770794675.113120397] [imu_filter]: Parameter RLController.pid_ki_ang set to 0.000000
[imu_filter_madgwick_node-3] [INFO] [1770794675.117316518] [imu_filter]: Parameter RLController.pid_kd_ang set to 0.123443
[imu_filter_madgwick_node-3] [INFO] [1770794675.530962465] [imu_filter]: Parameter RLController.pid_kp_lin set to 1.200814
[imu_filter_madgwick_node-3] [INFO] [1770794675.531160742] [imu_filter]: Parameter RLController.pid_ki_lin set to 0.000000
[imu_filter_madgwick_node-3] [INFO] [1770794675.531227687] [imu_filter]: Parameter RLController.pid_kd_lin set to 0.029426
[imu_filter_madgwick_node-3] [INFO] [1770794675.531284872] [imu_filter]: Parameter RLController.pid_kp_ang set to 1.230605
[imu_filter_madgwick_node-3] [INFO] [1770794675.531338377] [imu_filter]: Parameter RLController.pid_ki_ang set to 0.000000
[imu_filter_madgwick_node-3] [INFO] [1770794675.531391819] [imu_filter]: Parameter RLController.pid_kd_ang set to 0.123517
[imu_filter_madgwick_node-3] [INFO] [1770794675.938263223] [imu_filter]: Parameter RLController.pid_kp_lin set to 1.200814
[imu_filter_madgwick_node-3] [INFO] [1770794675.938467996] [imu_filter]: Parameter RLController.pid_ki_lin set to 0.000000
[imu_filter_madgwick_node-3] [INFO] [1770794675.938538557] [imu_filter]: Parameter RLController.pid_kd_lin set to 0.029426
[imu_filter_madgwick_node-3] [INFO] [1770794675.938600990] [imu_filter]: Parameter RLController.pid_kp_ang set to 1.230605
[imu_filter_madgwick_node-3] [INFO] [1770794675.938658592] [imu_filter]: Parameter RLController.pid_ki_ang set to 0.000000
[imu_filter_madgwick_node-3] [INFO] [1770794675.938714017] [imu_filter]: Parameter RLController.pid_kd_ang set to 0.123592
[imu_filter_madgwick_node-3] [INFO] [1770794676.351257925] [imu_filter]: Parameter RLController.pid_kp_lin set to 1.200814
[imu_filter_madgwick_node-3] [INFO] [1770794676.351475914] [imu_filter]: Parameter RLController.pid_ki_lin set to 0.000000
[imu_filter_madgwick_node-3] [INFO] [1770794676.351545836] [imu_filter]: Parameter RLController.pid_kd_lin set to 0.029426
[imu_filter_madgwick_node-3] [INFO] [1770794676.351606509] [imu_filter]: Parameter RLController.pid_kp_ang set to 1.230605
[imu_filter_madgwick_node-3] [INFO] [1770794676.351783377] [imu_filter]: Parameter RLController.pid_ki_ang set to 0.000000
[imu_filter_madgwick_node-3] [INFO] [1770794676.351847122] [imu_filter]: Parameter RLController.pid_kd_ang set to 0.123666
[imu_filter_madgwick_node-3] [INFO] [1770794676.784359420] [imu_filter]: Parameter RLController.pid_kp_lin set to 1.200814
[imu_filter_madgwick_node-3] [INFO] [1770794676.784547872] [imu_filter]: Parameter RLController.pid_ki_lin set to 0.000000
[imu_filter_madgwick_node-3] [INFO] [1770794676.784617025] [imu_filter]: Parameter RLController.pid_kd_lin set to 0.029426
[imu_filter_madgwick_node-3] [INFO] [1770794676.784678115] [imu_filter]: Parameter RLController.pid_kp_ang set to 1.230605
[imu_filter_madgwick_node-3] [INFO] [1770794676.784731364] [imu_filter]: Parameter RLController.pid_ki_ang set to 0.000000
[imu_filter_madgwick_node-3] [INFO] [1770794676.784784485] [imu_filter]: Parameter RLController.pid_kd_ang set to 0.123740
[imu_filter_madgwick_node-3] [INFO] [1770794677.194896790] [imu_filter]: Parameter RLController.pid_kp_lin set to 1.200814
[imu_filter_madgwick_node-3] [INFO] [1770794677.195129179] [imu_filter]: Parameter RLController.pid_ki_lin set to 0.000000
[imu_filter_madgwick_node-3] [INFO] [1770794677.195202429] [imu_filter]: Parameter RLController.pid_kd_lin set to 0.029426
[imu_filter_madgwick_node-3] [INFO] [1770794677.195263134] [imu_filter]: Parameter RLController.pid_kp_ang set to 1.230605
[imu_filter_madgwick_node-3] [INFO] [1770794677.195315711] [imu_filter]: Parameter RLController.pid_ki_ang set to 0.000000
[imu_filter_madgwick_node-3] [INFO] [1770794677.195366976] [imu_filter]: Parameter RLController.pid_kd_ang set to 0.123815
[imu_filter_madgwick_node-3] [INFO] [1770794677.613328023] [imu_filter]: Parameter RLController.pid_kp_lin set to 1.200814
[imu_filter_madgwick_node-3] [INFO] [1770794677.613531355] [imu_filter]: Parameter RLController.pid_ki_lin set to 0.000000
[imu_filter_madgwick_node-3] [INFO] [1770794677.613604093] [imu_filter]: Parameter RLController.pid_kd_lin set to 0.029426
[imu_filter_madgwick_node-3] [INFO] [1770794677.613671166] [imu_filter]: Parameter RLController.pid_kp_ang set to 1.230605
[imu_filter_madgwick_node-3] [INFO] [1770794677.613766976] [imu_filter]: Parameter RLController.pid_ki_ang set to 0.000000
[imu_filter_madgwick_node-3] [INFO] [1770794677.613847938] [imu_filter]: Parameter RLController.pid_kd_ang set to 0.123889
[imu_filter_madgwick_node-3] [INFO] [1770794678.046456398] [imu_filter]: Parameter RLController.pid_kp_lin set to 1.200814
[imu_filter_madgwick_node-3] [INFO] [1770794678.047226526] [imu_filter]: Parameter RLController.pid_ki_lin set to 0.000000
[imu_filter_madgwick_node-3] [INFO] [1770794678.047402402] [imu_filter]: Parameter RLController.pid_kd_lin set to 0.029426
[imu_filter_madgwick_node-3] [INFO] [1770794678.047483556] [imu_filter]: Parameter RLController.pid_kp_ang set to 1.230605
[imu_filter_madgwick_node-3] [INFO] [1770794678.047548293] [imu_filter]: Parameter RLController.pid_ki_ang set to 0.000000
[imu_filter_madgwick_node-3] [INFO] [1770794678.047695048] [imu_filter]: Parameter RLController.pid_kd_ang set to 0.123963
[imu_filter_madgwick_node-3] [INFO] [1770794678.457849594] [imu_filter]: Parameter RLController.pid_kp_lin set to 1.200814
[imu_filter_madgwick_node-3] [INFO] [1770794678.458053983] [imu_filter]: Parameter RLController.pid_ki_lin set to 0.000000
[imu_filter_madgwick_node-3] [INFO] [1770794678.458125728] [imu_filter]: Parameter RLController.pid_kd_lin set to 0.029426
[imu_filter_madgwick_node-3] [INFO] [1770794678.458188802] [imu_filter]: Parameter RLController.pid_kp_ang set to 1.230605
[imu_filter_madgwick_node-3] [INFO] [1770794678.458242787] [imu_filter]: Parameter RLController.pid_ki_ang set to 0.000000
[imu_filter_madgwick_node-3] [INFO] [1770794678.458295300] [imu_filter]: Parameter RLController.pid_kd_ang set to 0.124038
[imu_filter_madgwick_node-3] [INFO] [1770794678.870441984] [imu_filter]: Parameter RLController.pid_kp_lin set to 1.200814
[imu_filter_madgwick_node-3] [INFO] [1770794678.870643876] [imu_filter]: Parameter RLController.pid_ki_lin set to 0.000000
[imu_filter_madgwick_node-3] [INFO] [1770794678.870716358] [imu_filter]: Parameter RLController.pid_kd_lin set to 0.029426
[imu_filter_madgwick_node-3] [INFO] [1770794678.870778663] [imu_filter]: Parameter RLController.pid_kp_ang set to 1.230605
[imu_filter_madgwick_node-3] [INFO] [1770794678.870832840] [imu_filter]: Parameter RLController.pid_ki_ang set to 0.000000
[imu_filter_madgwick_node-3] [INFO] [1770794678.870887689] [imu_filter]: Parameter RLController.pid_kd_ang set to 0.124112
[imu_filter_madgwick_node-3] [INFO] [1770794679.298584046] [imu_filter]: Parameter RLController.pid_kp_lin set to 1.200814
[imu_filter_madgwick_node-3] [INFO] [1770794679.303731931] [imu_filter]: Parameter RLController.pid_ki_lin set to 0.000000
[imu_filter_madgwick_node-3] [INFO] [1770794679.303923263] [imu_filter]: Parameter RLController.pid_kd_lin set to 0.029426
[imu_filter_madgwick_node-3] [INFO] [1770794679.303997632] [imu_filter]: Parameter RLController.pid_kp_ang set to 1.230605
[imu_filter_madgwick_node-3] [INFO] [1770794679.304184580] [imu_filter]: Parameter RLController.pid_ki_ang set to 0.000000
[imu_filter_madgwick_node-3] [INFO] [1770794679.304249989] [imu_filter]: Parameter RLController.pid_kd_ang set to 0.124186
[imu_filter_madgwick_node-3] [INFO] [1770794679.714703838] [imu_filter]: Parameter RLController.pid_kp_lin set to 1.200814
[imu_filter_madgwick_node-3] [INFO] [1770794679.714910210] [imu_filter]: Parameter RLController.pid_ki_lin set to 0.000000
[imu_filter_madgwick_node-3] [INFO] [1770794679.714982372] [imu_filter]: Parameter RLController.pid_kd_lin set to 0.029426
[imu_filter_madgwick_node-3] [INFO] [1770794679.715053573] [imu_filter]: Parameter RLController.pid_kp_ang set to 1.230605
[imu_filter_madgwick_node-3] [INFO] [1770794679.715108454] [imu_filter]: Parameter RLController.pid_ki_ang set to 0.000000
[imu_filter_madgwick_node-3] [INFO] [1770794679.715164072] [imu_filter]: Parameter RLController.pid_kd_ang set to 0.124261
[imu_filter_madgwick_node-3] [INFO] [1770794680.129420464] [imu_filter]: Parameter RLController.pid_kp_lin set to 1.200814
[imu_filter_madgwick_node-3] [INFO] [1770794680.129660085] [imu_filter]: Parameter RLController.pid_ki_lin set to 0.000000
[imu_filter_madgwick_node-3] [INFO] [1770794680.129762456] [imu_filter]: Parameter RLController.pid_kd_lin set to 0.029426
[imu_filter_madgwick_node-3] [INFO] [1770794680.130994066] [imu_filter]: Parameter RLController.pid_kp_ang set to 1.230605
[imu_filter_madgwick_node-3] [INFO] [1770794680.131102324] [imu_filter]: Parameter RLController.pid_ki_ang set to 0.000000
[imu_filter_madgwick_node-3] [INFO] [1770794680.131316632] [imu_filter]: Parameter RLController.pid_kd_ang set to 0.124335
[imu_filter_madgwick_node-3] [INFO] [1770794680.535998999] [imu_filter]: Parameter RLController.pid_kp_lin set to 1.200814
[imu_filter_madgwick_node-3] [INFO] [1770794680.536207227] [imu_filter]: Parameter RLController.pid_ki_lin set to 0.000000
[imu_filter_madgwick_node-3] [INFO] [1770794680.536277789] [imu_filter]: Parameter RLController.pid_kd_lin set to 0.029426
[imu_filter_madgwick_node-3] [INFO] [1770794680.536339166] [imu_filter]: Parameter RLController.pid_kp_ang set to 1.230605
[imu_filter_madgwick_node-3] [INFO] [1770794680.536394271] [imu_filter]: Parameter RLController.pid_ki_ang set to 0.000000
[imu_filter_madgwick_node-3] [INFO] [1770794680.536449537] [imu_filter]: Parameter RLController.pid_kd_ang set to 0.124409
[imu_filter_madgwick_node-3] [INFO] [1770794680.954730238] [imu_filter]: Parameter RLController.pid_kp_lin set to 1.200814
[imu_filter_madgwick_node-3] [INFO] [1770794680.955052613] [imu_filter]: Parameter RLController.pid_ki_lin set to 0.000000
[imu_filter_madgwick_node-3] [INFO] [1770794680.955132967] [imu_filter]: Parameter RLController.pid_kd_lin set to 0.029426
[imu_filter_madgwick_node-3] [INFO] [1770794680.955194312] [imu_filter]: Parameter RLController.pid_kp_ang set to 1.230605
[imu_filter_madgwick_node-3] [INFO] [1770794680.955248713] [imu_filter]: Parameter RLController.pid_ki_ang set to 0.000000
[imu_filter_madgwick_node-3] [INFO] [1770794680.955302858] [imu_filter]: Parameter RLController.pid_kd_ang set to 0.124484
[imu_filter_madgwick_node-3] [INFO] [1770794681.399458890] [imu_filter]: Parameter RLController.pid_kp_lin set to 1.200814
[imu_filter_madgwick_node-3] [INFO] [1770794681.399676143] [imu_filter]: Parameter RLController.pid_ki_lin set to 0.000000
[imu_filter_madgwick_node-3] [INFO] [1770794681.399756080] [imu_filter]: Parameter RLController.pid_kd_lin set to 0.029426
[imu_filter_madgwick_node-3] [INFO] [1770794681.399829266] [imu_filter]: Parameter RLController.pid_kp_ang set to 1.230605
[imu_filter_madgwick_node-3] [INFO] [1770794681.399883475] [imu_filter]: Parameter RLController.pid_ki_ang set to 0.000000
[imu_filter_madgwick_node-3] [INFO] [1770794681.400079799] [imu_filter]: Parameter RLController.pid_kd_ang set to 0.124558
[imu_filter_madgwick_node-3] [INFO] [1770794681.814825034] [imu_filter]: Parameter RLController.pid_kp_lin set to 1.200814
[imu_filter_madgwick_node-3] [INFO] [1770794681.819458892] [imu_filter]: Parameter RLController.pid_ki_lin set to 0.000000
[imu_filter_madgwick_node-3] [INFO] [1770794681.819648272] [imu_filter]: Parameter RLController.pid_kd_lin set to 0.029426
[imu_filter_madgwick_node-3] [INFO] [1770794681.819716786] [imu_filter]: Parameter RLController.pid_kp_ang set to 1.230605
[imu_filter_madgwick_node-3] [INFO] [1770794681.819776147] [imu_filter]: Parameter RLController.pid_ki_ang set to 0.000000
[imu_filter_madgwick_node-3] [INFO] [1770794681.819851316] [imu_filter]: Parameter RLController.pid_kd_ang set to 0.124632
[imu_filter_madgwick_node-3] [INFO] [1770794682.238717566] [imu_filter]: Parameter RLController.pid_kp_lin set to 1.200814
[imu_filter_madgwick_node-3] [INFO] [1770794682.238917987] [imu_filter]: Parameter RLController.pid_ki_lin set to 0.000000
[imu_filter_madgwick_node-3] [INFO] [1770794682.238986340] [imu_filter]: Parameter RLController.pid_kd_lin set to 0.029426
[imu_filter_madgwick_node-3] [INFO] [1770794682.239046213] [imu_filter]: Parameter RLController.pid_kp_ang set to 1.230605
[imu_filter_madgwick_node-3] [INFO] [1770794682.239101095] [imu_filter]: Parameter RLController.pid_ki_ang set to 0.000000
[imu_filter_madgwick_node-3] [INFO] [1770794682.239154568] [imu_filter]: Parameter RLController.pid_kd_ang set to 0.124707
[imu_filter_madgwick_node-3] [INFO] [1770794682.654245090] [imu_filter]: Parameter RLController.pid_kp_lin set to 1.200814
[imu_filter_madgwick_node-3] [INFO] [1770794682.654580265] [imu_filter]: Parameter RLController.pid_ki_lin set to 0.000000
[imu_filter_madgwick_node-3] [INFO] [1770794682.654878127] [imu_filter]: Parameter RLController.pid_kd_lin set to 0.029426
[imu_filter_madgwick_node-3] [INFO] [1770794682.654950897] [imu_filter]: Parameter RLController.pid_kp_ang set to 1.230605
[imu_filter_madgwick_node-3] [INFO] [1770794682.655008946] [imu_filter]: Parameter RLController.pid_ki_ang set to 0.000000
[imu_filter_madgwick_node-3] [INFO] [1770794682.655064723] [imu_filter]: Parameter RLController.pid_kd_ang set to 0.124781
[imu_filter_madgwick_node-3] [INFO] [1770794683.085291533] [imu_filter]: Parameter RLController.pid_kp_lin set to 1.200814
[imu_filter_madgwick_node-3] [INFO] [1770794683.085504018] [imu_filter]: Parameter RLController.pid_ki_lin set to 0.000000
[imu_filter_madgwick_node-3] [INFO] [1770794683.085580947] [imu_filter]: Parameter RLController.pid_kd_lin set to 0.029426
[imu_filter_madgwick_node-3] [INFO] [1770794683.085657461] [imu_filter]: Parameter RLController.pid_kp_ang set to 1.230605
[imu_filter_madgwick_node-3] [INFO] [1770794683.085739991] [imu_filter]: Parameter RLController.pid_ki_ang set to 0.000000
[imu_filter_madgwick_node-3] [INFO] [1770794683.085797912] [imu_filter]: Parameter RLController.pid_kd_ang set to 0.124855
[imu_filter_madgwick_node-3] [INFO] [1770794683.546829724] [imu_filter]: Parameter RLController.pid_kp_lin set to 1.200814
[imu_filter_madgwick_node-3] [INFO] [1770794683.547147523] [imu_filter]: Parameter RLController.pid_ki_lin set to 0.000000
[imu_filter_madgwick_node-3] [INFO] [1770794683.547223044] [imu_filter]: Parameter RLController.pid_kd_lin set to 0.029426
[imu_filter_madgwick_node-3] [INFO] [1770794683.547282726] [imu_filter]: Parameter RLController.pid_kp_ang set to 1.230605
[imu_filter_madgwick_node-3] [INFO] [1770794683.547335815] [imu_filter]: Parameter RLController.pid_ki_ang set to 0.000000
[imu_filter_madgwick_node-3] [INFO] [1770794683.547390344] [imu_filter]: Parameter RLController.pid_kd_ang set to 0.124930
[imu_filter_madgwick_node-3] [INFO] [1770794683.953889069] [imu_filter]: Parameter RLController.pid_kp_lin set to 1.200814
[imu_filter_madgwick_node-3] [INFO] [1770794683.954066097] [imu_filter]: Parameter RLController.pid_ki_lin set to 0.000000
[imu_filter_madgwick_node-3] [INFO] [1770794683.954137810] [imu_filter]: Parameter RLController.pid_kd_lin set to 0.029426
[imu_filter_madgwick_node-3] [INFO] [1770794683.954348183] [imu_filter]: Parameter RLController.pid_kp_ang set to 1.230605
[imu_filter_madgwick_node-3] [INFO] [1770794683.954434584] [imu_filter]: Parameter RLController.pid_ki_ang set to 0.000000
[imu_filter_madgwick_node-3] [INFO] [1770794683.954494138] [imu_filter]: Parameter RLController.pid_kd_ang set to 0.125004
[imu_filter_madgwick_node-3] [INFO] [1770794684.373303714] [imu_filter]: Parameter RLController.pid_kp_lin set to 1.200814
[imu_filter_madgwick_node-3] [INFO] [1770794684.373535079] [imu_filter]: Parameter RLController.pid_ki_lin set to 0.000000
[imu_filter_madgwick_node-3] [INFO] [1770794684.373608201] [imu_filter]: Parameter RLController.pid_kd_lin set to 0.029426
[imu_filter_madgwick_node-3] [INFO] [1770794684.373671754] [imu_filter]: Parameter RLController.pid_kp_ang set to 1.230605
[imu_filter_madgwick_node-3] [INFO] [1770794684.373757580] [imu_filter]: Parameter RLController.pid_ki_ang set to 0.000000
[imu_filter_madgwick_node-3] [INFO] [1770794684.376932463] [imu_filter]: Parameter RLController.pid_kd_ang set to 0.125078
[imu_filter_madgwick_node-3] [INFO] [1770794684.803793986] [imu_filter]: Parameter RLController.pid_kp_lin set to 1.200814
[imu_filter_madgwick_node-3] [INFO] [1770794684.804137961] [imu_filter]: Parameter RLController.pid_ki_lin set to 0.000000
[imu_filter_madgwick_node-3] [INFO] [1770794684.804226187] [imu_filter]: Parameter RLController.pid_kd_lin set to 0.029426
[imu_filter_madgwick_node-3] [INFO] [1770794684.804289644] [imu_filter]: Parameter RLController.pid_kp_ang set to 1.230605
[imu_filter_madgwick_node-3] [INFO] [1770794684.804345901] [imu_filter]: Parameter RLController.pid_ki_ang set to 0.000000
[imu_filter_madgwick_node-3] [INFO] [1770794684.804399951] [imu_filter]: Parameter RLController.pid_kd_ang set to 0.125153
[imu_filter_madgwick_node-3] [INFO] [1770794685.219018527] [imu_filter]: Parameter RLController.pid_kp_lin set to 1.200814
[imu_filter_madgwick_node-3] [INFO] [1770794685.222713293] [imu_filter]: Parameter RLController.pid_ki_lin set to 0.000000
[imu_filter_madgwick_node-3] [INFO] [1770794685.222910033] [imu_filter]: Parameter RLController.pid_kd_lin set to 0.029426
[imu_filter_madgwick_node-3] [INFO] [1770794685.222976915] [imu_filter]: Parameter RLController.pid_kp_ang set to 1.230605
[imu_filter_madgwick_node-3] [INFO] [1770794685.223033364] [imu_filter]: Parameter RLController.pid_ki_ang set to 0.000000
[imu_filter_madgwick_node-3] [INFO] [1770794685.223087349] [imu_filter]: Parameter RLController.pid_kd_ang set to 0.125227
[imu_filter_madgwick_node-3] [INFO] [1770794685.634271805] [imu_filter]: Parameter RLController.pid_kp_lin set to 1.200814
[imu_filter_madgwick_node-3] [INFO] [1770794685.634690662] [imu_filter]: Parameter RLController.pid_ki_lin set to 0.000000
[imu_filter_madgwick_node-3] [INFO] [1770794685.634792872] [imu_filter]: Parameter RLController.pid_kd_lin set to 0.029426
[imu_filter_madgwick_node-3] [INFO] [1770794685.634982604] [imu_filter]: Parameter RLController.pid_kp_ang set to 1.230605
[imu_filter_madgwick_node-3] [INFO] [1770794685.635045421] [imu_filter]: Parameter RLController.pid_ki_ang set to 0.000000
[imu_filter_madgwick_node-3] [INFO] [1770794685.635101838] [imu_filter]: Parameter RLController.pid_kd_ang set to 0.125301
[imu_filter_madgwick_node-3] [INFO] [1770794686.065214662] [imu_filter]: Parameter RLController.pid_kp_lin set to 1.200814
[imu_filter_madgwick_node-3] [INFO] [1770794686.065416426] [imu_filter]: Parameter RLController.pid_ki_lin set to 0.000000
[imu_filter_madgwick_node-3] [INFO] [1770794686.070424308] [imu_filter]: Parameter RLController.pid_kd_lin set to 0.029426
[imu_filter_madgwick_node-3] [INFO] [1770794686.070606968] [imu_filter]: Parameter RLController.pid_kp_ang set to 1.230605
[imu_filter_madgwick_node-3] [INFO] [1770794686.070677177] [imu_filter]: Parameter RLController.pid_ki_ang set to 0.000000
[imu_filter_madgwick_node-3] [INFO] [1770794686.070728570] [imu_filter]: Parameter RLController.pid_kd_ang set to 0.125376
[imu_filter_madgwick_node-3] [INFO] [1770794686.491571598] [imu_filter]: Parameter RLController.pid_kp_lin set to 1.200814
[imu_filter_madgwick_node-3] [INFO] [1770794686.491779314] [imu_filter]: Parameter RLController.pid_ki_lin set to 0.000000
[imu_filter_madgwick_node-3] [INFO] [1770794686.491857076] [imu_filter]: Parameter RLController.pid_kd_lin set to 0.029426
[imu_filter_madgwick_node-3] [INFO] [1770794686.491924629] [imu_filter]: Parameter RLController.pid_kp_ang set to 1.230605
[imu_filter_madgwick_node-3] [INFO] [1770794686.491981431] [imu_filter]: Parameter RLController.pid_ki_ang set to 0.000000
[imu_filter_madgwick_node-3] [INFO] [1770794686.492036888] [imu_filter]: Parameter RLController.pid_kd_ang set to 0.125450
[imu_filter_madgwick_node-3] [INFO] [1770794686.915607045] [imu_filter]: Parameter RLController.pid_kp_lin set to 1.200814
[imu_filter_madgwick_node-3] [INFO] [1770794686.915812233] [imu_filter]: Parameter RLController.pid_ki_lin set to 0.000000
[imu_filter_madgwick_node-3] [INFO] [1770794686.915882315] [imu_filter]: Parameter RLController.pid_kd_lin set to 0.029426
[imu_filter_madgwick_node-3] [INFO] [1770794686.915946860] [imu_filter]: Parameter RLController.pid_kp_ang set to 1.230605
[imu_filter_madgwick_node-3] [INFO] [1770794686.916003917] [imu_filter]: Parameter RLController.pid_ki_ang set to 0.000000
[imu_filter_madgwick_node-3] [INFO] [1770794686.916059471] [imu_filter]: Parameter RLController.pid_kd_ang set to 0.125524
[imu_filter_madgwick_node-3] [INFO] [1770794687.330988774] [imu_filter]: Parameter RLController.pid_kp_lin set to 1.200814
[imu_filter_madgwick_node-3] [INFO] [1770794687.331194826] [imu_filter]: Parameter RLController.pid_ki_lin set to 0.000000
[imu_filter_madgwick_node-3] [INFO] [1770794687.331265003] [imu_filter]: Parameter RLController.pid_kd_lin set to 0.029426
[imu_filter_madgwick_node-3] [INFO] [1770794687.331326797] [imu_filter]: Parameter RLController.pid_kp_ang set to 1.230605
[imu_filter_madgwick_node-3] [INFO] [1770794687.331381742] [imu_filter]: Parameter RLController.pid_ki_ang set to 0.000000
[imu_filter_madgwick_node-3] [INFO] [1770794687.331435887] [imu_filter]: Parameter RLController.pid_kd_ang set to 0.125599
[imu_filter_madgwick_node-3] [INFO] [1770794687.748425713] [imu_filter]: Parameter RLController.pid_kp_lin set to 1.200814
[imu_filter_madgwick_node-3] [INFO] [1770794687.748627254] [imu_filter]: Parameter RLController.pid_ki_lin set to 0.000000
[imu_filter_madgwick_node-3] [INFO] [1770794687.753781186] [imu_filter]: Parameter RLController.pid_kd_lin set to 0.029426
[imu_filter_madgwick_node-3] [INFO] [1770794687.753986791] [imu_filter]: Parameter RLController.pid_kp_ang set to 1.230605
[imu_filter_madgwick_node-3] [INFO] [1770794687.754051912] [imu_filter]: Parameter RLController.pid_ki_ang set to 0.000000
[imu_filter_madgwick_node-3] [INFO] [1770794687.754110505] [imu_filter]: Parameter RLController.pid_kd_ang set to 0.125673
[imu_filter_madgwick_node-3] [INFO] [1770794688.165311314] [imu_filter]: Parameter RLController.pid_kp_lin set to 1.200814
[imu_filter_madgwick_node-3] [INFO] [1770794688.165603480] [imu_filter]: Parameter RLController.pid_ki_lin set to 0.000000
[imu_filter_madgwick_node-3] [INFO] [1770794688.173588832] [imu_filter]: Parameter RLController.pid_kd_lin set to 0.029426
[imu_filter_madgwick_node-3] [INFO] [1770794688.173852934] [imu_filter]: Parameter RLController.pid_kp_ang set to 1.230605
[imu_filter_madgwick_node-3] [INFO] [1770794688.173993673] [imu_filter]: Parameter RLController.pid_ki_ang set to 0.000000
[imu_filter_madgwick_node-3] [INFO] [1770794688.174069322] [imu_filter]: Parameter RLController.pid_kd_ang set to 0.125747
[imu_filter_madgwick_node-3] [INFO] [1770794688.580519374] [imu_filter]: Parameter RLController.pid_kp_lin set to 1.200814
[imu_filter_madgwick_node-3] [INFO] [1770794688.580697554] [imu_filter]: Parameter RLController.pid_ki_lin set to 0.000000
[imu_filter_madgwick_node-3] [INFO] [1770794688.580776916] [imu_filter]: Parameter RLController.pid_kd_lin set to 0.029426
[imu_filter_madgwick_node-3] [INFO] [1770794688.580838933] [imu_filter]: Parameter RLController.pid_kp_ang set to 1.230605
[imu_filter_madgwick_node-3] [INFO] [1770794688.580891798] [imu_filter]: Parameter RLController.pid_ki_ang set to 0.000000
[imu_filter_madgwick_node-3] [INFO] [1770794688.581059738] [imu_filter]: Parameter RLController.pid_kd_ang set to 0.125822
[imu_filter_madgwick_node-3] [INFO] [1770794689.001779979] [imu_filter]: Parameter RLController.pid_kp_lin set to 1.200814
[imu_filter_madgwick_node-3] [INFO] [1770794689.002182163] [imu_filter]: Parameter RLController.pid_ki_lin set to 0.000000
[imu_filter_madgwick_node-3] [INFO] [1770794689.002285878] [imu_filter]: Parameter RLController.pid_kd_lin set to 0.029426
[imu_filter_madgwick_node-3] [INFO] [1770794689.002602524] [imu_filter]: Parameter RLController.pid_kp_ang set to 1.230605
[imu_filter_madgwick_node-3] [INFO] [1770794689.002682046] [imu_filter]: Parameter RLController.pid_ki_ang set to 0.000000
[imu_filter_madgwick_node-3] [INFO] [1770794689.002744063] [imu_filter]: Parameter RLController.pid_kd_ang set to 0.125896
[imu_filter_madgwick_node-3] [INFO] [1770794689.413316794] [imu_filter]: Parameter RLController.pid_kp_lin set to 1.200814
[imu_filter_madgwick_node-3] [INFO] [1770794689.413512606] [imu_filter]: Parameter RLController.pid_ki_lin set to 0.000000
[imu_filter_madgwick_node-3] [INFO] [1770794689.413583136] [imu_filter]: Parameter RLController.pid_kd_lin set to 0.029426
[imu_filter_madgwick_node-3] [INFO] [1770794689.413646017] [imu_filter]: Parameter RLController.pid_kp_ang set to 1.230605
[imu_filter_madgwick_node-3] [INFO] [1770794689.413700418] [imu_filter]: Parameter RLController.pid_ki_ang set to 0.000000
[imu_filter_madgwick_node-3] [INFO] [1770794689.413804485] [imu_filter]: Parameter RLController.pid_kd_ang set to 0.125970
[imu_filter_madgwick_node-3] [INFO] [1770794689.831029676] [imu_filter]: Parameter RLController.pid_kp_lin set to 1.200814
[imu_filter_madgwick_node-3] [INFO] [1770794689.833101016] [imu_filter]: Parameter RLController.pid_ki_lin set to 0.000000
[imu_filter_madgwick_node-3] [INFO] [1770794689.833302012] [imu_filter]: Parameter RLController.pid_kd_lin set to 0.029426
[imu_filter_madgwick_node-3] [INFO] [1770794689.833378910] [imu_filter]: Parameter RLController.pid_kp_ang set to 1.230605
[imu_filter_madgwick_node-3] [INFO] [1770794689.833437215] [imu_filter]: Parameter RLController.pid_ki_ang set to 0.000000
[imu_filter_madgwick_node-3] [INFO] [1770794689.833492896] [imu_filter]: Parameter RLController.pid_kd_ang set to 0.126045
[imu_filter_madgwick_node-3] [INFO] [1770794690.244954062] [imu_filter]: Parameter RLController.pid_kp_lin set to 1.200814
[imu_filter_madgwick_node-3] [INFO] [1770794690.245291957] [imu_filter]: Parameter RLController.pid_ki_lin set to 0.000000
[imu_filter_madgwick_node-3] [INFO] [1770794690.245375159] [imu_filter]: Parameter RLController.pid_kd_lin set to 0.029426
[imu_filter_madgwick_node-3] [INFO] [1770794690.245437400] [imu_filter]: Parameter RLController.pid_kp_ang set to 1.230605
[imu_filter_madgwick_node-3] [INFO] [1770794690.245495129] [imu_filter]: Parameter RLController.pid_ki_ang set to 0.000000
[imu_filter_madgwick_node-3] [INFO] [1770794690.245556794] [imu_filter]: Parameter RLController.pid_kd_ang set to 0.126119
[imu_filter_madgwick_node-3] [INFO] [1770794690.671363607] [imu_filter]: Parameter RLController.pid_kp_lin set to 1.200814
[imu_filter_madgwick_node-3] [INFO] [1770794690.671565243] [imu_filter]: Parameter RLController.pid_ki_lin set to 0.000000
[imu_filter_madgwick_node-3] [INFO] [1770794690.671636701] [imu_filter]: Parameter RLController.pid_kd_lin set to 0.029426
[imu_filter_madgwick_node-3] [INFO] [1770794690.672732596] [imu_filter]: Parameter RLController.pid_kp_ang set to 1.230605
[imu_filter_madgwick_node-3] [INFO] [1770794690.672808117] [imu_filter]: Parameter RLController.pid_ki_ang set to 0.000000
[imu_filter_madgwick_node-3] [INFO] [1770794690.672861271] [imu_filter]: Parameter RLController.pid_kd_ang set to 0.126193
[imu_filter_madgwick_node-3] [INFO] [1770794691.079607169] [imu_filter]: Parameter RLController.pid_kp_lin set to 1.200814
[imu_filter_madgwick_node-3] [INFO] [1770794691.079849478] [imu_filter]: Parameter RLController.pid_ki_lin set to 0.000000
[imu_filter_madgwick_node-3] [INFO] [1770794691.079924455] [imu_filter]: Parameter RLController.pid_kd_lin set to 0.029426
[imu_filter_madgwick_node-3] [INFO] [1770794691.079987881] [imu_filter]: Parameter RLController.pid_kp_ang set to 1.230605
[imu_filter_madgwick_node-3] [INFO] [1770794691.080041866] [imu_filter]: Parameter RLController.pid_ki_ang set to 0.000000
[imu_filter_madgwick_node-3] [INFO] [1770794691.080094411] [imu_filter]: Parameter RLController.pid_kd_ang set to 0.126268
[imu_filter_madgwick_node-3] [INFO] [1770794691.486865270] [imu_filter]: Parameter RLController.pid_kp_lin set to 1.200814
[imu_filter_madgwick_node-3] [INFO] [1770794691.487059226] [imu_filter]: Parameter RLController.pid_ki_lin set to 0.000000
[imu_filter_madgwick_node-3] [INFO] [1770794691.491807294] [imu_filter]: Parameter RLController.pid_kd_lin set to 0.029426
[imu_filter_madgwick_node-3] [INFO] [1770794691.492173894] [imu_filter]: Parameter RLController.pid_kp_ang set to 1.230605
[imu_filter_madgwick_node-3] [INFO] [1770794691.492273960] [imu_filter]: Parameter RLController.pid_ki_ang set to 0.000000
[imu_filter_madgwick_node-3] [INFO] [1770794691.495992918] [imu_filter]: Parameter RLController.pid_kd_ang set to 0.126342
[imu_filter_madgwick_node-3] [INFO] [1770794691.916891819] [imu_filter]: Parameter RLController.pid_kp_lin set to 1.200814
[imu_filter_madgwick_node-3] [INFO] [1770794691.917310868] [imu_filter]: Parameter RLController.pid_ki_lin set to 0.000000
[imu_filter_madgwick_node-3] [INFO] [1770794691.917413462] [imu_filter]: Parameter RLController.pid_kd_lin set to 0.029426
[imu_filter_madgwick_node-3] [INFO] [1770794691.917478968] [imu_filter]: Parameter RLController.pid_kp_ang set to 1.230605
[imu_filter_madgwick_node-3] [INFO] [1770794691.917539385] [imu_filter]: Parameter RLController.pid_ki_ang set to 0.000000
[imu_filter_madgwick_node-3] [INFO] [1770794691.917596122] [imu_filter]: Parameter RLController.pid_kd_ang set to 0.126416
[imu_filter_madgwick_node-3] [INFO] [1770794692.326085961] [imu_filter]: Parameter RLController.pid_kp_lin set to 1.200814
[imu_filter_madgwick_node-3] [INFO] [1770794692.326316014] [imu_filter]: Parameter RLController.pid_ki_lin set to 0.000000
[imu_filter_madgwick_node-3] [INFO] [1770794692.326395472] [imu_filter]: Parameter RLController.pid_kd_lin set to 0.029426
[imu_filter_madgwick_node-3] [INFO] [1770794692.326460401] [imu_filter]: Parameter RLController.pid_kp_ang set to 1.230605
[imu_filter_madgwick_node-3] [INFO] [1770794692.326516370] [imu_filter]: Parameter RLController.pid_ki_ang set to 0.000000
[imu_filter_madgwick_node-3] [INFO] [1770794692.326570835] [imu_filter]: Parameter RLController.pid_kd_ang set to 0.126491
[imu_filter_madgwick_node-3] [INFO] [1770794692.758025127] [imu_filter]: Parameter RLController.pid_kp_lin set to 1.200814
[imu_filter_madgwick_node-3] [INFO] [1770794692.758226540] [imu_filter]: Parameter RLController.pid_ki_lin set to 0.000000
[imu_filter_madgwick_node-3] [INFO] [1770794692.758292845] [imu_filter]: Parameter RLController.pid_kd_lin set to 0.029426
[imu_filter_madgwick_node-3] [INFO] [1770794692.758354158] [imu_filter]: Parameter RLController.pid_kp_ang set to 1.230605
[imu_filter_madgwick_node-3] [INFO] [1770794692.758408911] [imu_filter]: Parameter RLController.pid_ki_ang set to 0.000000
[imu_filter_madgwick_node-3] [INFO] [1770794692.758461104] [imu_filter]: Parameter RLController.pid_kd_ang set to 0.126565
[imu_filter_madgwick_node-3] [INFO] [1770794693.185433222] [imu_filter]: Parameter RLController.pid_kp_lin set to 1.200814
[imu_filter_madgwick_node-3] [INFO] [1770794693.185654666] [imu_filter]: Parameter RLController.pid_ki_lin set to 0.000000
[imu_filter_madgwick_node-3] [INFO] [1770794693.185746476] [imu_filter]: Parameter RLController.pid_kd_lin set to 0.029426
[imu_filter_madgwick_node-3] [INFO] [1770794693.185811086] [imu_filter]: Parameter RLController.pid_kp_ang set to 1.230605
[imu_filter_madgwick_node-3] [INFO] [1770794693.185867535] [imu_filter]: Parameter RLController.pid_ki_ang set to 0.000000
[imu_filter_madgwick_node-3] [INFO] [1770794693.185926480] [imu_filter]: Parameter RLController.pid_kd_ang set to 0.126639
[imu_filter_madgwick_node-3] [INFO] [1770794693.596558348] [imu_filter]: Parameter RLController.pid_kp_lin set to 1.200814
[imu_filter_madgwick_node-3] [INFO] [1770794693.596760112] [imu_filter]: Parameter RLController.pid_ki_lin set to 0.000000
[imu_filter_madgwick_node-3] [INFO] [1770794693.596831922] [imu_filter]: Parameter RLController.pid_kd_lin set to 0.029426
[imu_filter_madgwick_node-3] [INFO] [1770794693.596901843] [imu_filter]: Parameter RLController.pid_kp_ang set to 1.230605
[imu_filter_madgwick_node-3] [INFO] [1770794693.596956789] [imu_filter]: Parameter RLController.pid_ki_ang set to 0.000000
[imu_filter_madgwick_node-3] [INFO] [1770794693.597010582] [imu_filter]: Parameter RLController.pid_kd_ang set to 0.126714
[imu_filter_madgwick_node-3] [INFO] [1770794694.010388364] [imu_filter]: Parameter RLController.pid_kp_lin set to 1.200814
[imu_filter_madgwick_node-3] [INFO] [1770794694.015616602] [imu_filter]: Parameter RLController.pid_ki_lin set to 0.000000
[imu_filter_madgwick_node-3] [INFO] [1770794694.015829343] [imu_filter]: Parameter RLController.pid_kd_lin set to 0.029426
[imu_filter_madgwick_node-3] [INFO] [1770794694.015904128] [imu_filter]: Parameter RLController.pid_kp_ang set to 1.230605
[imu_filter_madgwick_node-3] [INFO] [1770794694.015963650] [imu_filter]: Parameter RLController.pid_ki_ang set to 0.000000
[imu_filter_madgwick_node-3] [INFO] [1770794694.016019363] [imu_filter]: Parameter RLController.pid_kd_ang set to 0.126788
[imu_filter_madgwick_node-3] [INFO] [1770794694.431804876] [imu_filter]: Parameter RLController.pid_kp_lin set to 1.200814
[imu_filter_madgwick_node-3] [INFO] [1770794694.432003216] [imu_filter]: Parameter RLController.pid_ki_lin set to 0.000000
[imu_filter_madgwick_node-3] [INFO] [1770794694.432074802] [imu_filter]: Parameter RLController.pid_kd_lin set to 0.029426
[imu_filter_madgwick_node-3] [INFO] [1770794694.432135187] [imu_filter]: Parameter RLController.pid_kp_ang set to 1.230605
[imu_filter_madgwick_node-3] [INFO] [1770794694.432188820] [imu_filter]: Parameter RLController.pid_ki_ang set to 0.000000
[imu_filter_madgwick_node-3] [INFO] [1770794694.432241653] [imu_filter]: Parameter RLController.pid_kd_ang set to 0.126863
[imu_filter_madgwick_node-3] [INFO] [1770794694.845800687] [imu_filter]: Parameter RLController.pid_kp_lin set to 1.200814
[imu_filter_madgwick_node-3] [INFO] [1770794694.846003763] [imu_filter]: Parameter RLController.pid_ki_lin set to 0.000000
[imu_filter_madgwick_node-3] [INFO] [1770794694.846187895] [imu_filter]: Parameter RLController.pid_kd_lin set to 0.029426
[imu_filter_madgwick_node-3] [INFO] [1770794694.846253849] [imu_filter]: Parameter RLController.pid_kp_ang set to 1.230605
[imu_filter_madgwick_node-3] [INFO] [1770794694.846311578] [imu_filter]: Parameter RLController.pid_ki_ang set to 0.000000
[imu_filter_madgwick_node-3] [INFO] [1770794694.846364379] [imu_filter]: Parameter RLController.pid_kd_ang set to 0.126937
[imu_filter_madgwick_node-3] [INFO] [1770794695.271693453] [imu_filter]: Parameter RLController.pid_kp_lin set to 1.200814
[imu_filter_madgwick_node-3] [INFO] [1770794695.271907506] [imu_filter]: Parameter RLController.pid_ki_lin set to 0.000000
[imu_filter_madgwick_node-3] [INFO] [1770794695.271984788] [imu_filter]: Parameter RLController.pid_kd_lin set to 0.029426
[imu_filter_madgwick_node-3] [INFO] [1770794695.272050069] [imu_filter]: Parameter RLController.pid_kp_ang set to 1.230605
[imu_filter_madgwick_node-3] [INFO] [1770794695.272106710] [imu_filter]: Parameter RLController.pid_ki_ang set to 0.000000
[imu_filter_madgwick_node-3] [INFO] [1770794695.272160727] [imu_filter]: Parameter RLController.pid_kd_ang set to 0.127011
[imu_filter_madgwick_node-3] [INFO] [1770794695.682740210] [imu_filter]: Parameter RLController.pid_kp_lin set to 1.200814
[imu_filter_madgwick_node-3] [INFO] [1770794695.682944215] [imu_filter]: Parameter RLController.pid_ki_lin set to 0.000000
[imu_filter_madgwick_node-3] [INFO] [1770794695.685752306] [imu_filter]: Parameter RLController.pid_kd_lin set to 0.029426
[imu_filter_madgwick_node-3] [INFO] [1770794695.686065561] [imu_filter]: Parameter RLController.pid_kp_ang set to 1.230605
[imu_filter_madgwick_node-3] [INFO] [1770794695.686143034] [imu_filter]: Parameter RLController.pid_ki_ang set to 0.000000
[imu_filter_madgwick_node-3] [INFO] [1770794695.686204508] [imu_filter]: Parameter RLController.pid_kd_ang set to 0.127086
[imu_filter_madgwick_node-3] [INFO] [1770794696.094078686] [imu_filter]: Parameter RLController.pid_kp_lin set to 1.200814
[imu_filter_madgwick_node-3] [INFO] [1770794696.094298850] [imu_filter]: Parameter RLController.pid_ki_lin set to 0.000000
[imu_filter_madgwick_node-3] [INFO] [1770794696.094372484] [imu_filter]: Parameter RLController.pid_kd_lin set to 0.029426
[imu_filter_madgwick_node-3] [INFO] [1770794696.094434309] [imu_filter]: Parameter RLController.pid_kp_ang set to 1.230605
[imu_filter_madgwick_node-3] [INFO] [1770794696.094496774] [imu_filter]: Parameter RLController.pid_ki_ang set to 0.000000
[imu_filter_madgwick_node-3] [INFO] [1770794696.094549255] [imu_filter]: Parameter RLController.pid_kd_ang set to 0.127160
[imu_filter_madgwick_node-3] [INFO] [1770794696.505576556] [imu_filter]: Parameter RLController.pid_kp_lin set to 1.200814
[imu_filter_madgwick_node-3] [INFO] [1770794696.506138392] [imu_filter]: Parameter RLController.pid_ki_lin set to 0.000000
[imu_filter_madgwick_node-3] [INFO] [1770794696.506259354] [imu_filter]: Parameter RLController.pid_kd_lin set to 0.029426
[imu_filter_madgwick_node-3] [INFO] [1770794696.506328572] [imu_filter]: Parameter RLController.pid_kp_ang set to 1.230605
[imu_filter_madgwick_node-3] [INFO] [1770794696.506383421] [imu_filter]: Parameter RLController.pid_ki_ang set to 0.000000
[imu_filter_madgwick_node-3] [INFO] [1770794696.506438398] [imu_filter]: Parameter RLController.pid_kd_ang set to 0.127234
[imu_filter_madgwick_node-3] [INFO] [1770794696.924839966] [imu_filter]: Parameter RLController.pid_kp_lin set to 1.200814
[imu_filter_madgwick_node-3] [INFO] [1770794696.925042819] [imu_filter]: Parameter RLController.pid_ki_lin set to 0.000000
[imu_filter_madgwick_node-3] [INFO] [1770794696.925121188] [imu_filter]: Parameter RLController.pid_kd_lin set to 0.029426
[imu_filter_madgwick_node-3] [INFO] [1770794696.925185702] [imu_filter]: Parameter RLController.pid_kp_ang set to 1.230605
[imu_filter_madgwick_node-3] [INFO] [1770794696.925235111] [imu_filter]: Parameter RLController.pid_ki_ang set to 0.000000
[imu_filter_madgwick_node-3] [INFO] [1770794696.925767218] [imu_filter]: Parameter RLController.pid_kd_ang set to 0.127309
[imu_filter_madgwick_node-3] [INFO] [1770794697.341369751] [imu_filter]: Parameter RLController.pid_kp_lin set to 1.200814
[imu_filter_madgwick_node-3] [INFO] [1770794697.341595644] [imu_filter]: Parameter RLController.pid_ki_lin set to 0.000000
[imu_filter_madgwick_node-3] [INFO] [1770794697.341670557] [imu_filter]: Parameter RLController.pid_kd_lin set to 0.029426
[imu_filter_madgwick_node-3] [INFO] [1770794697.341772384] [imu_filter]: Parameter RLController.pid_kp_ang set to 1.230605
[imu_filter_madgwick_node-3] [INFO] [1770794697.341841409] [imu_filter]: Parameter RLController.pid_ki_ang set to 0.000000
[imu_filter_madgwick_node-3] [INFO] [1770794697.341900898] [imu_filter]: Parameter RLController.pid_kd_ang set to 0.127383
[imu_filter_madgwick_node-3] [INFO] [1770794697.754421638] [imu_filter]: Parameter RLController.pid_kp_lin set to 1.200814
[imu_filter_madgwick_node-3] [INFO] [1770794697.754727309] [imu_filter]: Parameter RLController.pid_ki_lin set to 0.000000
[imu_filter_madgwick_node-3] [INFO] [1770794697.754809231] [imu_filter]: Parameter RLController.pid_kd_lin set to 0.029426
[imu_filter_madgwick_node-3] [INFO] [1770794697.758532221] [imu_filter]: Parameter RLController.pid_kp_ang set to 1.230605
[imu_filter_madgwick_node-3] [INFO] [1770794697.758738882] [imu_filter]: Parameter RLController.pid_ki_ang set to 0.000000
[imu_filter_madgwick_node-3] [INFO] [1770794697.758810563] [imu_filter]: Parameter RLController.pid_kd_ang set to 0.127457
[imu_filter_madgwick_node-3] [INFO] [1770794698.174247109] [imu_filter]: Parameter RLController.pid_kp_lin set to 1.200814
[imu_filter_madgwick_node-3] [INFO] [1770794698.174573132] [imu_filter]: Parameter RLController.pid_ki_lin set to 0.000000
[imu_filter_madgwick_node-3] [INFO] [1770794698.174661293] [imu_filter]: Parameter RLController.pid_kd_lin set to 0.029426
[imu_filter_madgwick_node-3] [INFO] [1770794698.174728431] [imu_filter]: Parameter RLController.pid_kp_ang set to 1.230605
[imu_filter_madgwick_node-3] [INFO] [1770794698.174786896] [imu_filter]: Parameter RLController.pid_ki_ang set to 0.000000
[imu_filter_madgwick_node-3] [INFO] [1770794698.174841297] [imu_filter]: Parameter RLController.pid_kd_ang set to 0.127532
[imu_filter_madgwick_node-3] [INFO] [1770794698.580858604] [imu_filter]: Parameter RLController.pid_kp_lin set to 1.200814
[imu_filter_madgwick_node-3] [INFO] [1770794698.581060048] [imu_filter]: Parameter RLController.pid_ki_lin set to 0.000000
[imu_filter_madgwick_node-3] [INFO] [1770794698.581133426] [imu_filter]: Parameter RLController.pid_kd_lin set to 0.029426
[imu_filter_madgwick_node-3] [INFO] [1770794698.581197587] [imu_filter]: Parameter RLController.pid_kp_ang set to 1.230605
[imu_filter_madgwick_node-3] [INFO] [1770794698.583881004] [imu_filter]: Parameter RLController.pid_ki_ang set to 0.000000
[imu_filter_madgwick_node-3] [INFO] [1770794698.584056400] [imu_filter]: Parameter RLController.pid_kd_ang set to 0.127606
[imu_filter_madgwick_node-3] [INFO] [1770794698.998423099] [imu_filter]: Parameter RLController.pid_kp_lin set to 1.200814
[imu_filter_madgwick_node-3] [INFO] [1770794698.998679648] [imu_filter]: Parameter RLController.pid_ki_lin set to 0.000000
[imu_filter_madgwick_node-3] [INFO] [1770794699.003863629] [imu_filter]: Parameter RLController.pid_kd_lin set to 0.029426
[imu_filter_madgwick_node-3] [INFO] [1770794699.004370488] [imu_filter]: Parameter RLController.pid_kp_ang set to 1.230605
[imu_filter_madgwick_node-3] [INFO] [1770794699.004609149] [imu_filter]: Parameter RLController.pid_ki_ang set to 0.000000
[imu_filter_madgwick_node-3] [INFO] [1770794699.004698399] [imu_filter]: Parameter RLController.pid_kd_ang set to 0.127680
[imu_filter_madgwick_node-3] [INFO] [1770794699.412675523] [imu_filter]: Parameter RLController.pid_kp_lin set to 1.200814
[imu_filter_madgwick_node-3] [INFO] [1770794699.412907656] [imu_filter]: Parameter RLController.pid_ki_lin set to 0.000000
[imu_filter_madgwick_node-3] [INFO] [1770794699.412977642] [imu_filter]: Parameter RLController.pid_kd_lin set to 0.029426
[imu_filter_madgwick_node-3] [INFO] [1770794699.413036107] [imu_filter]: Parameter RLController.pid_kp_ang set to 1.230605
[imu_filter_madgwick_node-3] [INFO] [1770794699.413090252] [imu_filter]: Parameter RLController.pid_ki_ang set to 0.000000
[imu_filter_madgwick_node-3] [INFO] [1770794699.419718360] [imu_filter]: Parameter RLController.pid_kd_ang set to 0.127755
[imu_filter_madgwick_node-3] [INFO] [1770794699.830796254] [imu_filter]: Parameter RLController.pid_kp_lin set to 1.200814
[imu_filter_madgwick_node-3] [INFO] [1770794699.831002946] [imu_filter]: Parameter RLController.pid_ki_lin set to 0.000000
[imu_filter_madgwick_node-3] [INFO] [1770794699.831071683] [imu_filter]: Parameter RLController.pid_kd_lin set to 0.029426
[imu_filter_madgwick_node-3] [INFO] [1770794699.831132485] [imu_filter]: Parameter RLController.pid_kp_ang set to 1.230605
[imu_filter_madgwick_node-3] [INFO] [1770794699.831186662] [imu_filter]: Parameter RLController.pid_ki_ang set to 0.000000
[imu_filter_madgwick_node-3] [INFO] [1770794699.831241063] [imu_filter]: Parameter RLController.pid_kd_ang set to 0.127829
[imu_filter_madgwick_node-3] [INFO] [1770794700.254660241] [imu_filter]: Parameter RLController.pid_kp_lin set to 1.200814
[imu_filter_madgwick_node-3] [INFO] [1770794700.254881014] [imu_filter]: Parameter RLController.pid_ki_lin set to 0.000000
[imu_filter_madgwick_node-3] [INFO] [1770794700.254949943] [imu_filter]: Parameter RLController.pid_kd_lin set to 0.029426
[imu_filter_madgwick_node-3] [INFO] [1770794700.255013209] [imu_filter]: Parameter RLController.pid_kp_ang set to 1.230605
[imu_filter_madgwick_node-3] [INFO] [1770794700.255067514] [imu_filter]: Parameter RLController.pid_ki_ang set to 0.000000
[imu_filter_madgwick_node-3] [INFO] [1770794700.255121211] [imu_filter]: Parameter RLController.pid_kd_ang set to 0.127903
[imu_filter_madgwick_node-3] [INFO] [1770794700.664574174] [imu_filter]: Parameter RLController.pid_kp_lin set to 1.200814
[imu_filter_madgwick_node-3] [INFO] [1770794700.664763362] [imu_filter]: Parameter RLController.pid_ki_lin set to 0.000000
[imu_filter_madgwick_node-3] [INFO] [1770794700.664955878] [imu_filter]: Parameter RLController.pid_kd_lin set to 0.029426
[imu_filter_madgwick_node-3] [INFO] [1770794700.665031304] [imu_filter]: Parameter RLController.pid_kp_ang set to 1.230605
[imu_filter_madgwick_node-3] [INFO] [1770794700.665092457] [imu_filter]: Parameter RLController.pid_ki_ang set to 0.000000
[imu_filter_madgwick_node-3] [INFO] [1770794700.665259949] [imu_filter]: Parameter RLController.pid_kd_ang set to 0.127978
[imu_filter_madgwick_node-3] [INFO] [1770794701.086808335] [imu_filter]: Parameter RLController.pid_kp_lin set to 1.200814
[imu_filter_madgwick_node-3] [INFO] [1770794701.094113129] [imu_filter]: Parameter RLController.pid_ki_lin set to 0.000000
[imu_filter_madgwick_node-3] [INFO] [1770794701.094324110] [imu_filter]: Parameter RLController.pid_kd_lin set to 0.029426
[imu_filter_madgwick_node-3] [INFO] [1770794701.094394255] [imu_filter]: Parameter RLController.pid_kp_ang set to 1.230605
[imu_filter_madgwick_node-3] [INFO] [1770794701.094452049] [imu_filter]: Parameter RLController.pid_ki_ang set to 0.000000
[imu_filter_madgwick_node-3] [INFO] [1770794701.094506610] [imu_filter]: Parameter RLController.pid_kd_ang set to 0.128052
[imu_filter_madgwick_node-3] [INFO] [1770794701.500407306] [imu_filter]: Parameter RLController.pid_kp_lin set to 1.200814
[imu_filter_madgwick_node-3] [INFO] [1770794701.500586894] [imu_filter]: Parameter RLController.pid_ki_lin set to 0.000000
[imu_filter_madgwick_node-3] [INFO] [1770794701.500657359] [imu_filter]: Parameter RLController.pid_kd_lin set to 0.029426
[imu_filter_madgwick_node-3] [INFO] [1770794701.500718353] [imu_filter]: Parameter RLController.pid_kp_ang set to 1.230605
[imu_filter_madgwick_node-3] [INFO] [1770794701.500772242] [imu_filter]: Parameter RLController.pid_ki_ang set to 0.000000
[imu_filter_madgwick_node-3] [INFO] [1770794701.500824883] [imu_filter]: Parameter RLController.pid_kd_ang set to 0.128126
[imu_filter_madgwick_node-3] [INFO] [1770794701.916771327] [imu_filter]: Parameter RLController.pid_kp_lin set to 1.200814
[imu_filter_madgwick_node-3] [INFO] [1770794701.916983044] [imu_filter]: Parameter RLController.pid_ki_lin set to 0.000000
[imu_filter_madgwick_node-3] [INFO] [1770794701.917055237] [imu_filter]: Parameter RLController.pid_kd_lin set to 0.029426
[imu_filter_madgwick_node-3] [INFO] [1770794701.917118759] [imu_filter]: Parameter RLController.pid_kp_ang set to 1.230605
[imu_filter_madgwick_node-3] [INFO] [1770794701.917175336] [imu_filter]: Parameter RLController.pid_ki_ang set to 0.000000
[imu_filter_madgwick_node-3] [INFO] [1770794701.917232073] [imu_filter]: Parameter RLController.pid_kd_ang set to 0.128201
[imu_filter_madgwick_node-3] [INFO] [1770794702.340500688] [imu_filter]: Parameter RLController.pid_kp_lin set to 1.200814
[imu_filter_madgwick_node-3] [INFO] [1770794702.340861432] [imu_filter]: Parameter RLController.pid_ki_lin set to 0.000000
[imu_filter_madgwick_node-3] [INFO] [1770794702.340944377] [imu_filter]: Parameter RLController.pid_kd_lin set to 0.029426
[imu_filter_madgwick_node-3] [INFO] [1770794702.341007355] [imu_filter]: Parameter RLController.pid_kp_ang set to 1.230605
[imu_filter_madgwick_node-3] [INFO] [1770794702.341062684] [imu_filter]: Parameter RLController.pid_ki_ang set to 0.000000
[imu_filter_madgwick_node-3] [INFO] [1770794702.341116253] [imu_filter]: Parameter RLController.pid_kd_ang set to 0.128275
[imu_filter_madgwick_node-3] [INFO] [1770794702.751922749] [imu_filter]: Parameter RLController.pid_kp_lin set to 1.200814
[imu_filter_madgwick_node-3] [INFO] [1770794702.752168322] [imu_filter]: Parameter RLController.pid_ki_lin set to 0.000000
[imu_filter_madgwick_node-3] [INFO] [1770794702.752383431] [imu_filter]: Parameter RLController.pid_kd_lin set to 0.029426
[imu_filter_madgwick_node-3] [INFO] [1770794702.752510505] [imu_filter]: Parameter RLController.pid_kp_ang set to 1.230605
[imu_filter_madgwick_node-3] [INFO] [1770794702.752632140] [imu_filter]: Parameter RLController.pid_ki_ang set to 0.000000
[imu_filter_madgwick_node-3] [INFO] [1770794702.752697645] [imu_filter]: Parameter RLController.pid_kd_ang set to 0.128349
[imu_filter_madgwick_node-3] [INFO] [1770794703.164233117] [imu_filter]: Parameter RLController.pid_kp_lin set to 1.200814
[imu_filter_madgwick_node-3] [INFO] [1770794703.164462241] [imu_filter]: Parameter RLController.pid_ki_lin set to 0.000000
[imu_filter_madgwick_node-3] [INFO] [1770794703.164537539] [imu_filter]: Parameter RLController.pid_kd_lin set to 0.029426
[imu_filter_madgwick_node-3] [INFO] [1770794703.164598340] [imu_filter]: Parameter RLController.pid_kp_ang set to 1.230605
[imu_filter_madgwick_node-3] [INFO] [1770794703.165957953] [imu_filter]: Parameter RLController.pid_ki_ang set to 0.000000
[imu_filter_madgwick_node-3] [INFO] [1770794703.166106116] [imu_filter]: Parameter RLController.pid_kd_ang set to 0.128424
[imu_filter_madgwick_node-3] [INFO] [1770794703.576454426] [imu_filter]: Parameter RLController.pid_kp_lin set to 1.200814
[imu_filter_madgwick_node-3] [INFO] [1770794703.581884109] [imu_filter]: Parameter RLController.pid_ki_lin set to 0.000000
[imu_filter_madgwick_node-3] [INFO] [1770794703.583613713] [imu_filter]: Parameter RLController.pid_kd_lin set to 0.029426
[imu_filter_madgwick_node-3] [INFO] [1770794703.585035471] [imu_filter]: Parameter RLController.pid_kp_ang set to 1.230605
[imu_filter_madgwick_node-3] [INFO] [1770794703.595701329] [imu_filter]: Parameter RLController.pid_ki_ang set to 0.000000
[imu_filter_madgwick_node-3] [INFO] [1770794703.604550283] [imu_filter]: Parameter RLController.pid_kd_ang set to 0.128498
[imu_filter_madgwick_node-3] [INFO] [1770794703.991120012] [imu_filter]: Parameter RLController.pid_kp_lin set to 1.200814
[imu_filter_madgwick_node-3] [INFO] [1770794703.991432050] [imu_filter]: Parameter RLController.pid_ki_lin set to 0.000000
[imu_filter_madgwick_node-3] [INFO] [1770794703.991514996] [imu_filter]: Parameter RLController.pid_kd_lin set to 0.029426
[imu_filter_madgwick_node-3] [INFO] [1770794703.991575957] [imu_filter]: Parameter RLController.pid_kp_ang set to 1.230605
[imu_filter_madgwick_node-3] [INFO] [1770794703.991631606] [imu_filter]: Parameter RLController.pid_ki_ang set to 0.000000
[imu_filter_madgwick_node-3] [INFO] [1770794703.991687448] [imu_filter]: Parameter RLController.pid_kd_ang set to 0.128572
[imu_filter_madgwick_node-3] [INFO] [1770794704.409114019] [imu_filter]: Parameter RLController.pid_kp_lin set to 1.200814
[imu_filter_madgwick_node-3] [INFO] [1770794704.409332616] [imu_filter]: Parameter RLController.pid_ki_lin set to 0.000000
[imu_filter_madgwick_node-3] [INFO] [1770794704.409404265] [imu_filter]: Parameter RLController.pid_kd_lin set to 0.029426
[imu_filter_madgwick_node-3] [INFO] [1770794704.409466379] [imu_filter]: Parameter RLController.pid_kp_ang set to 1.230605
[imu_filter_madgwick_node-3] [INFO] [1770794704.409520460] [imu_filter]: Parameter RLController.pid_ki_ang set to 0.000000
[imu_filter_madgwick_node-3] [INFO] [1770794704.409575725] [imu_filter]: Parameter RLController.pid_kd_ang set to 0.128647
[imu_filter_madgwick_node-3] [INFO] [1770794704.850841680] [imu_filter]: Parameter RLController.pid_kp_lin set to 1.200814
[imu_filter_madgwick_node-3] [INFO] [1770794704.851053844] [imu_filter]: Parameter RLController.pid_ki_lin set to 0.000000
[imu_filter_madgwick_node-3] [INFO] [1770794704.851270457] [imu_filter]: Parameter RLController.pid_kd_lin set to 0.029426
[imu_filter_madgwick_node-3] [INFO] [1770794704.851349371] [imu_filter]: Parameter RLController.pid_kp_ang set to 1.230605
[imu_filter_madgwick_node-3] [INFO] [1770794704.851410268] [imu_filter]: Parameter RLController.pid_ki_ang set to 0.000000
[imu_filter_madgwick_node-3] [INFO] [1770794704.851464765] [imu_filter]: Parameter RLController.pid_kd_ang set to 0.128721
[imu_filter_madgwick_node-3] [INFO] [1770794705.268557762] [imu_filter]: Parameter RLController.pid_kp_lin set to 1.200814
[imu_filter_madgwick_node-3] [INFO] [1770794705.268775846] [imu_filter]: Parameter RLController.pid_ki_lin set to 0.000000
[imu_filter_madgwick_node-3] [INFO] [1770794705.268846120] [imu_filter]: Parameter RLController.pid_kd_lin set to 0.029426
[imu_filter_madgwick_node-3] [INFO] [1770794705.268910569] [imu_filter]: Parameter RLController.pid_kp_ang set to 1.230605
[imu_filter_madgwick_node-3] [INFO] [1770794705.268969770] [imu_filter]: Parameter RLController.pid_ki_ang set to 0.000000
[imu_filter_madgwick_node-3] [INFO] [1770794705.269027948] [imu_filter]: Parameter RLController.pid_kd_ang set to 0.128795
[imu_filter_madgwick_node-3] [INFO] [1770794705.692385620] [imu_filter]: Parameter RLController.pid_kp_lin set to 1.200814
[imu_filter_madgwick_node-3] [INFO] [1770794705.692598489] [imu_filter]: Parameter RLController.pid_ki_lin set to 0.000000
[imu_filter_madgwick_node-3] [INFO] [1770794705.698220848] [imu_filter]: Parameter RLController.pid_kd_lin set to 0.029426
[imu_filter_madgwick_node-3] [INFO] [1770794705.698429940] [imu_filter]: Parameter RLController.pid_kp_ang set to 1.230605
[imu_filter_madgwick_node-3] [INFO] [1770794705.698500950] [imu_filter]: Parameter RLController.pid_ki_ang set to 0.000000
[imu_filter_madgwick_node-3] [INFO] [1770794705.698701530] [imu_filter]: Parameter RLController.pid_kd_ang set to 0.128870
[imu_filter_madgwick_node-3] [INFO] [1770794706.106987172] [imu_filter]: Parameter RLController.pid_kp_lin set to 1.200814
[imu_filter_madgwick_node-3] [INFO] [1770794706.107213577] [imu_filter]: Parameter RLController.pid_ki_lin set to 0.000000
[imu_filter_madgwick_node-3] [INFO] [1770794706.111283167] [imu_filter]: Parameter RLController.pid_kd_lin set to 0.029426
[imu_filter_madgwick_node-3] [INFO] [1770794706.111494244] [imu_filter]: Parameter RLController.pid_kp_ang set to 1.230605
[imu_filter_madgwick_node-3] [INFO] [1770794706.111721896] [imu_filter]: Parameter RLController.pid_ki_ang set to 0.000000
[imu_filter_madgwick_node-3] [INFO] [1770794706.111792842] [imu_filter]: Parameter RLController.pid_kd_ang set to 0.128944
[imu_filter_madgwick_node-3] [INFO] [1770794706.531694474] [imu_filter]: Parameter RLController.pid_kp_lin set to 1.200814
[imu_filter_madgwick_node-3] [INFO] [1770794706.534337250] [imu_filter]: Parameter RLController.pid_ki_lin set to 0.000000
[imu_filter_madgwick_node-3] [INFO] [1770794706.534578951] [imu_filter]: Parameter RLController.pid_kd_lin set to 0.029426
[imu_filter_madgwick_node-3] [INFO] [1770794706.534679113] [imu_filter]: Parameter RLController.pid_kp_ang set to 1.230605
[imu_filter_madgwick_node-3] [INFO] [1770794706.534801419] [imu_filter]: Parameter RLController.pid_ki_ang set to 0.000000
[imu_filter_madgwick_node-3] [INFO] [1770794706.534879597] [imu_filter]: Parameter RLController.pid_kd_ang set to 0.129018
[imu_filter_madgwick_node-3] [INFO] [1770794706.979318483] [imu_filter]: Parameter RLController.pid_kp_lin set to 1.200814
[imu_filter_madgwick_node-3] [INFO] [1770794706.979629465] [imu_filter]: Parameter RLController.pid_ki_lin set to 0.000000
[imu_filter_madgwick_node-3] [INFO] [1770794706.980484588] [imu_filter]: Parameter RLController.pid_kd_lin set to 0.029426
[imu_filter_madgwick_node-3] [INFO] [1770794706.980660751] [imu_filter]: Parameter RLController.pid_kp_ang set to 1.230605
[imu_filter_madgwick_node-3] [INFO] [1770794706.980733457] [imu_filter]: Parameter RLController.pid_ki_ang set to 0.000000
[imu_filter_madgwick_node-3] [INFO] [1770794706.980794738] [imu_filter]: Parameter RLController.pid_kd_ang set to 0.129093
[imu_filter_madgwick_node-3] [INFO] [1770794707.392986735] [imu_filter]: Parameter RLController.pid_kp_lin set to 1.200814
[imu_filter_madgwick_node-3] [INFO] [1770794707.393183731] [imu_filter]: Parameter RLController.pid_ki_lin set to 0.000000
[imu_filter_madgwick_node-3] [INFO] [1770794707.393259829] [imu_filter]: Parameter RLController.pid_kd_lin set to 0.029426
[imu_filter_madgwick_node-3] [INFO] [1770794707.393320630] [imu_filter]: Parameter RLController.pid_kp_ang set to 1.230605
[imu_filter_madgwick_node-3] [INFO] [1770794707.393374711] [imu_filter]: Parameter RLController.pid_ki_ang set to 0.000000
[imu_filter_madgwick_node-3] [INFO] [1770794707.394384589] [imu_filter]: Parameter RLController.pid_kd_ang set to 0.129167
[imu_filter_madgwick_node-3] [INFO] [1770794707.806396710] [imu_filter]: Parameter RLController.pid_kp_lin set to 1.200814
[imu_filter_madgwick_node-3] [INFO] [1770794707.806716685] [imu_filter]: Parameter RLController.pid_ki_lin set to 0.000000
[imu_filter_madgwick_node-3] [INFO] [1770794707.806793998] [imu_filter]: Parameter RLController.pid_kd_lin set to 0.029426
[imu_filter_madgwick_node-3] [INFO] [1770794707.806856432] [imu_filter]: Parameter RLController.pid_kp_ang set to 1.230605
[imu_filter_madgwick_node-3] [INFO] [1770794707.806912369] [imu_filter]: Parameter RLController.pid_ki_ang set to 0.000000
[imu_filter_madgwick_node-3] [INFO] [1770794707.806965106] [imu_filter]: Parameter RLController.pid_kd_ang set to 0.129241
[imu_filter_madgwick_node-3] [INFO] [1770794708.241123519] [imu_filter]: Parameter RLController.pid_kp_lin set to 1.200814
[imu_filter_madgwick_node-3] [INFO] [1770794708.241506631] [imu_filter]: Parameter RLController.pid_ki_lin set to 0.000000
[imu_filter_madgwick_node-3] [INFO] [1770794708.241626666] [imu_filter]: Parameter RLController.pid_kd_lin set to 0.029426
[imu_filter_madgwick_node-3] [INFO] [1770794708.241699563] [imu_filter]: Parameter RLController.pid_kp_ang set to 1.230605
[imu_filter_madgwick_node-3] [INFO] [1770794708.241798093] [imu_filter]: Parameter RLController.pid_ki_ang set to 0.000000
[imu_filter_madgwick_node-3] [INFO] [1770794708.241860398] [imu_filter]: Parameter RLController.pid_kd_ang set to 0.129316
[imu_filter_madgwick_node-3] [INFO] [1770794708.652388424] [imu_filter]: Parameter RLController.pid_kp_lin set to 1.200814
[imu_filter_madgwick_node-3] [INFO] [1770794708.652593997] [imu_filter]: Parameter RLController.pid_ki_lin set to 0.000000
[imu_filter_madgwick_node-3] [INFO] [1770794708.654994943] [imu_filter]: Parameter RLController.pid_kd_lin set to 0.029426
[imu_filter_madgwick_node-3] [INFO] [1770794708.655277989] [imu_filter]: Parameter RLController.pid_kp_ang set to 1.230605
[imu_filter_madgwick_node-3] [INFO] [1770794708.655352519] [imu_filter]: Parameter RLController.pid_ki_ang set to 0.000000
[imu_filter_madgwick_node-3] [INFO] [1770794708.655411048] [imu_filter]: Parameter RLController.pid_kd_ang set to 0.129390
[imu_filter_madgwick_node-3] [INFO] [1770794709.078894708] [imu_filter]: Parameter RLController.pid_kp_lin set to 1.200814
[imu_filter_madgwick_node-3] [INFO] [1770794709.079249371] [imu_filter]: Parameter RLController.pid_ki_lin set to 0.000000
[imu_filter_madgwick_node-3] [INFO] [1770794709.079336733] [imu_filter]: Parameter RLController.pid_kd_lin set to 0.029426
[imu_filter_madgwick_node-3] [INFO] [1770794709.079402014] [imu_filter]: Parameter RLController.pid_kp_ang set to 1.230605
[imu_filter_madgwick_node-3] [INFO] [1770794709.079457728] [imu_filter]: Parameter RLController.pid_ki_ang set to 0.000000
[imu_filter_madgwick_node-3] [INFO] [1770794709.079512513] [imu_filter]: Parameter RLController.pid_kd_ang set to 0.129464
[imu_filter_madgwick_node-3] [INFO] [1770794709.481466662] [imu_filter]: Parameter RLController.pid_kp_lin set to 1.200814
[imu_filter_madgwick_node-3] [INFO] [1770794709.481655594] [imu_filter]: Parameter RLController.pid_ki_lin set to 0.000000
[imu_filter_madgwick_node-3] [INFO] [1770794709.481749324] [imu_filter]: Parameter RLController.pid_kd_lin set to 0.029426
[imu_filter_madgwick_node-3] [INFO] [1770794709.481816493] [imu_filter]: Parameter RLController.pid_kp_ang set to 1.230605
[imu_filter_madgwick_node-3] [INFO] [1770794709.481875054] [imu_filter]: Parameter RLController.pid_ki_ang set to 0.000000
[imu_filter_madgwick_node-3] [INFO] [1770794709.481931120] [imu_filter]: Parameter RLController.pid_kd_ang set to 0.129539
[imu_filter_madgwick_node-3] [INFO] [1770794709.897791706] [imu_filter]: Parameter RLController.pid_kp_lin set to 1.200814
[imu_filter_madgwick_node-3] [INFO] [1770794709.898000511] [imu_filter]: Parameter RLController.pid_ki_lin set to 0.000000
[imu_filter_madgwick_node-3] [INFO] [1770794709.898079584] [imu_filter]: Parameter RLController.pid_kd_lin set to 0.029426
[imu_filter_madgwick_node-3] [INFO] [1770794709.898149186] [imu_filter]: Parameter RLController.pid_kp_ang set to 1.230605
[imu_filter_madgwick_node-3] [INFO] [1770794709.898319205] [imu_filter]: Parameter RLController.pid_ki_ang set to 0.000000
[imu_filter_madgwick_node-3] [INFO] [1770794709.898382087] [imu_filter]: Parameter RLController.pid_kd_ang set to 0.129613
[imu_filter_madgwick_node-3] [INFO] [1770794710.325141911] [imu_filter]: Parameter RLController.pid_kp_lin set to 1.200814
[imu_filter_madgwick_node-3] [INFO] [1770794710.325360252] [imu_filter]: Parameter RLController.pid_ki_lin set to 0.000000
[imu_filter_madgwick_node-3] [INFO] [1770794710.325438622] [imu_filter]: Parameter RLController.pid_kd_lin set to 0.029426
[imu_filter_madgwick_node-3] [INFO] [1770794710.325501439] [imu_filter]: Parameter RLController.pid_kp_ang set to 1.230605
[imu_filter_madgwick_node-3] [INFO] [1770794710.325555552] [imu_filter]: Parameter RLController.pid_ki_ang set to 0.000000
[imu_filter_madgwick_node-3] [INFO] [1770794710.325610689] [imu_filter]: Parameter RLController.pid_kd_ang set to 0.129687
[imu_filter_madgwick_node-3] [INFO] [1770794710.740424982] [imu_filter]: Parameter RLController.pid_kp_lin set to 1.200814
[imu_filter_madgwick_node-3] [INFO] [1770794710.740730556] [imu_filter]: Parameter RLController.pid_ki_lin set to 0.000000
[imu_filter_madgwick_node-3] [INFO] [1770794710.740815806] [imu_filter]: Parameter RLController.pid_kd_lin set to 0.029426
[imu_filter_madgwick_node-3] [INFO] [1770794710.740882495] [imu_filter]: Parameter RLController.pid_kp_ang set to 1.230605
[imu_filter_madgwick_node-3] [INFO] [1770794710.740937921] [imu_filter]: Parameter RLController.pid_ki_ang set to 0.000000
[imu_filter_madgwick_node-3] [INFO] [1770794710.740992002] [imu_filter]: Parameter RLController.pid_kd_ang set to 0.129762
[imu_filter_madgwick_node-3] [INFO] [1770794711.152148681] [imu_filter]: Parameter RLController.pid_kp_lin set to 1.200814
[imu_filter_madgwick_node-3] [INFO] [1770794711.154650110] [imu_filter]: Parameter RLController.pid_ki_lin set to 0.000000
[imu_filter_madgwick_node-3] [INFO] [1770794711.154847234] [imu_filter]: Parameter RLController.pid_kd_lin set to 0.029426
[imu_filter_madgwick_node-3] [INFO] [1770794711.154917283] [imu_filter]: Parameter RLController.pid_kp_ang set to 1.230605
[imu_filter_madgwick_node-3] [INFO] [1770794711.154974405] [imu_filter]: Parameter RLController.pid_ki_ang set to 0.000000
[imu_filter_madgwick_node-3] [INFO] [1770794711.155031686] [imu_filter]: Parameter RLController.pid_kd_ang set to 0.129836
[imu_filter_madgwick_node-3] [INFO] [1770794711.570360293] [imu_filter]: Parameter RLController.pid_kp_lin set to 1.200814
[imu_filter_madgwick_node-3] [INFO] [1770794711.570570602] [imu_filter]: Parameter RLController.pid_ki_lin set to 0.000000
[imu_filter_madgwick_node-3] [INFO] [1770794711.570639371] [imu_filter]: Parameter RLController.pid_kd_lin set to 0.029426
[imu_filter_madgwick_node-3] [INFO] [1770794711.570703468] [imu_filter]: Parameter RLController.pid_kp_ang set to 1.230605
[imu_filter_madgwick_node-3] [INFO] [1770794711.570759182] [imu_filter]: Parameter RLController.pid_ki_ang set to 0.000000
[imu_filter_madgwick_node-3] [INFO] [1770794711.570815119] [imu_filter]: Parameter RLController.pid_kd_ang set to 0.129910
[imu_filter_madgwick_node-3] [INFO] [1770794711.992698713] [imu_filter]: Parameter RLController.pid_kp_lin set to 1.200814
[imu_filter_madgwick_node-3] [INFO] [1770794711.996022879] [imu_filter]: Parameter RLController.pid_ki_lin set to 0.000000
[imu_filter_madgwick_node-3] [INFO] [1770794712.000229752] [imu_filter]: Parameter RLController.pid_kd_lin set to 0.029426
[imu_filter_madgwick_node-3] [INFO] [1770794712.003024147] [imu_filter]: Parameter RLController.pid_kp_ang set to 1.230605
[imu_filter_madgwick_node-3] [INFO] [1770794712.003233975] [imu_filter]: Parameter RLController.pid_ki_ang set to 0.000000
[imu_filter_madgwick_node-3] [INFO] [1770794712.003302680] [imu_filter]: Parameter RLController.pid_kd_ang set to 0.129985
[imu_filter_madgwick_node-3] [INFO] [1770794712.409283186] [imu_filter]: Parameter RLController.pid_kp_lin set to 1.200814
[imu_filter_madgwick_node-3] [INFO] [1770794712.409483159] [imu_filter]: Parameter RLController.pid_ki_lin set to 0.000000
[imu_filter_madgwick_node-3] [INFO] [1770794712.409556344] [imu_filter]: Parameter RLController.pid_kd_lin set to 0.029426
[imu_filter_madgwick_node-3] [INFO] [1770794712.409619674] [imu_filter]: Parameter RLController.pid_kp_ang set to 1.230605
[imu_filter_madgwick_node-3] [INFO] [1770794712.409674715] [imu_filter]: Parameter RLController.pid_ki_ang set to 0.000000
[imu_filter_madgwick_node-3] [INFO] [1770794712.409810974] [imu_filter]: Parameter RLController.pid_kd_ang set to 0.130059
[imu_filter_madgwick_node-3] [INFO] [1770794712.831173468] [imu_filter]: Parameter RLController.pid_kp_lin set to 1.200814
[imu_filter_madgwick_node-3] [INFO] [1770794712.831364832] [imu_filter]: Parameter RLController.pid_ki_lin set to 0.000000
[imu_filter_madgwick_node-3] [INFO] [1770794712.831431010] [imu_filter]: Parameter RLController.pid_kd_lin set to 0.029426
[imu_filter_madgwick_node-3] [INFO] [1770794712.831490979] [imu_filter]: Parameter RLController.pid_kp_ang set to 1.230605
[imu_filter_madgwick_node-3] [INFO] [1770794712.831543172] [imu_filter]: Parameter RLController.pid_ki_ang set to 0.000000
[imu_filter_madgwick_node-3] [INFO] [1770794712.831698247] [imu_filter]: Parameter RLController.pid_kd_ang set to 0.130133
[imu_filter_madgwick_node-3] [INFO] [1770794713.246366873] [imu_filter]: Parameter RLController.pid_kp_lin set to 1.200814
[imu_filter_madgwick_node-3] [INFO] [1770794713.246584061] [imu_filter]: Parameter RLController.pid_ki_lin set to 0.000000
[imu_filter_madgwick_node-3] [INFO] [1770794713.246774049] [imu_filter]: Parameter RLController.pid_kd_lin set to 0.029426
[imu_filter_madgwick_node-3] [INFO] [1770794713.246856291] [imu_filter]: Parameter RLController.pid_kp_ang set to 1.230605
[imu_filter_madgwick_node-3] [INFO] [1770794713.246916452] [imu_filter]: Parameter RLController.pid_ki_ang set to 0.000000
[imu_filter_madgwick_node-3] [INFO] [1770794713.246970502] [imu_filter]: Parameter RLController.pid_kd_ang set to 0.130208
[imu_filter_madgwick_node-3] [INFO] [1770794713.657547297] [imu_filter]: Parameter RLController.pid_kp_lin set to 1.200814
[imu_filter_madgwick_node-3] [INFO] [1770794713.657906472] [imu_filter]: Parameter RLController.pid_ki_lin set to 0.000000
[imu_filter_madgwick_node-3] [INFO] [1770794713.657986602] [imu_filter]: Parameter RLController.pid_kd_lin set to 0.029426
[imu_filter_madgwick_node-3] [INFO] [1770794713.658048459] [imu_filter]: Parameter RLController.pid_kp_ang set to 1.230605
[imu_filter_madgwick_node-3] [INFO] [1770794713.658102412] [imu_filter]: Parameter RLController.pid_ki_ang set to 0.000000
[imu_filter_madgwick_node-3] [INFO] [1770794713.658154157] [imu_filter]: Parameter RLController.pid_kd_ang set to 0.130282
[imu_filter_madgwick_node-3] [INFO] [1770794714.090239087] [imu_filter]: Parameter RLController.pid_kp_lin set to 1.200814
[imu_filter_madgwick_node-3] [INFO] [1770794714.090448595] [imu_filter]: Parameter RLController.pid_ki_lin set to 0.000000
[imu_filter_madgwick_node-3] [INFO] [1770794714.090521300] [imu_filter]: Parameter RLController.pid_kd_lin set to 0.029426
[imu_filter_madgwick_node-3] [INFO] [1770794714.090814203] [imu_filter]: Parameter RLController.pid_kp_ang set to 1.230605
[imu_filter_madgwick_node-3] [INFO] [1770794714.090898524] [imu_filter]: Parameter RLController.pid_ki_ang set to 0.000000
[imu_filter_madgwick_node-3] [INFO] [1770794714.090958270] [imu_filter]: Parameter RLController.pid_kd_ang set to 0.130356
[imu_filter_madgwick_node-3] [INFO] [1770794714.503395411] [imu_filter]: Parameter RLController.pid_kp_lin set to 1.200814
[imu_filter_madgwick_node-3] [INFO] [1770794714.506515445] [imu_filter]: Parameter RLController.pid_ki_lin set to 0.000000
[imu_filter_madgwick_node-3] [INFO] [1770794714.506846108] [imu_filter]: Parameter RLController.pid_kd_lin set to 0.029426
[imu_filter_madgwick_node-3] [INFO] [1770794714.506927486] [imu_filter]: Parameter RLController.pid_kp_ang set to 1.230605
[imu_filter_madgwick_node-3] [INFO] [1770794714.506984159] [imu_filter]: Parameter RLController.pid_ki_ang set to 0.000000
[imu_filter_madgwick_node-3] [INFO] [1770794714.507036832] [imu_filter]: Parameter RLController.pid_kd_ang set to 0.130431
[imu_filter_madgwick_node-3] [INFO] [1770794714.929769013] [imu_filter]: Parameter RLController.pid_kp_lin set to 1.200814
[imu_filter_madgwick_node-3] [INFO] [1770794714.929966521] [imu_filter]: Parameter RLController.pid_ki_lin set to 0.000000
[imu_filter_madgwick_node-3] [INFO] [1770794714.930038683] [imu_filter]: Parameter RLController.pid_kd_lin set to 0.029426
[imu_filter_madgwick_node-3] [INFO] [1770794714.930105308] [imu_filter]: Parameter RLController.pid_kp_ang set to 1.230605
[imu_filter_madgwick_node-3] [INFO] [1770794714.930161917] [imu_filter]: Parameter RLController.pid_ki_ang set to 0.000000
[imu_filter_madgwick_node-3] [INFO] [1770794714.930229535] [imu_filter]: Parameter RLController.pid_kd_ang set to 0.130505
[imu_filter_madgwick_node-3] [INFO] [1770794715.350200313] [imu_filter]: Parameter RLController.pid_kp_lin set to 1.200814
[imu_filter_madgwick_node-3] [INFO] [1770794715.350559361] [imu_filter]: Parameter RLController.pid_ki_lin set to 0.000000
[imu_filter_madgwick_node-3] [INFO] [1770794715.350680195] [imu_filter]: Parameter RLController.pid_kd_lin set to 0.029426
[imu_filter_madgwick_node-3] [INFO] [1770794715.350780741] [imu_filter]: Parameter RLController.pid_kp_ang set to 1.230605
[imu_filter_madgwick_node-3] [INFO] [1770794715.350846471] [imu_filter]: Parameter RLController.pid_ki_ang set to 0.000000
[imu_filter_madgwick_node-3] [INFO] [1770794715.350905704] [imu_filter]: Parameter RLController.pid_kd_ang set to 0.130579
[imu_filter_madgwick_node-3] [INFO] [1770794715.761545565] [imu_filter]: Parameter RLController.pid_kp_lin set to 1.200814
[imu_filter_madgwick_node-3] [INFO] [1770794715.763860366] [imu_filter]: Parameter RLController.pid_ki_lin set to 0.000000
[imu_filter_madgwick_node-3] [INFO] [1770794715.764060594] [imu_filter]: Parameter RLController.pid_kd_lin set to 0.029426
[imu_filter_madgwick_node-3] [INFO] [1770794715.764133491] [imu_filter]: Parameter RLController.pid_kp_ang set to 1.230605
[imu_filter_madgwick_node-3] [INFO] [1770794715.764191061] [imu_filter]: Parameter RLController.pid_ki_ang set to 0.000000
[imu_filter_madgwick_node-3] [INFO] [1770794715.764245878] [imu_filter]: Parameter RLController.pid_kd_ang set to 0.130654
[imu_filter_madgwick_node-3] [INFO] [1770794716.179322248] [imu_filter]: Parameter RLController.pid_kp_lin set to 1.200814
[imu_filter_madgwick_node-3] [INFO] [1770794716.179648175] [imu_filter]: Parameter RLController.pid_ki_lin set to 0.000000
[imu_filter_madgwick_node-3] [INFO] [1770794716.179721201] [imu_filter]: Parameter RLController.pid_kd_lin set to 0.029426
[imu_filter_madgwick_node-3] [INFO] [1770794716.182602798] [imu_filter]: Parameter RLController.pid_kp_ang set to 1.230605
[imu_filter_madgwick_node-3] [INFO] [1770794716.182929845] [imu_filter]: Parameter RLController.pid_ki_ang set to 0.000000
[imu_filter_madgwick_node-3] [INFO] [1770794716.183016470] [imu_filter]: Parameter RLController.pid_kd_ang set to 0.130728
[imu_filter_madgwick_node-3] [INFO] [1770794716.599349540] [imu_filter]: Parameter RLController.pid_kp_lin set to 1.200814
[imu_filter_madgwick_node-3] [INFO] [1770794716.599562536] [imu_filter]: Parameter RLController.pid_ki_lin set to 0.000000
[imu_filter_madgwick_node-3] [INFO] [1770794716.599634986] [imu_filter]: Parameter RLController.pid_kd_lin set to 0.029426
[imu_filter_madgwick_node-3] [INFO] [1770794716.599696459] [imu_filter]: Parameter RLController.pid_kp_ang set to 1.230605
[imu_filter_madgwick_node-3] [INFO] [1770794716.599762828] [imu_filter]: Parameter RLController.pid_ki_ang set to 0.000000
[imu_filter_madgwick_node-3] [INFO] [1770794716.599818798] [imu_filter]: Parameter RLController.pid_kd_ang set to 0.130802
[imu_filter_madgwick_node-3] [INFO] [1770794717.032436468] [imu_filter]: Parameter RLController.pid_kp_lin set to 1.200814
[imu_filter_madgwick_node-3] [INFO] [1770794717.032942078] [imu_filter]: Parameter RLController.pid_ki_lin set to 0.000000
[imu_filter_madgwick_node-3] [INFO] [1770794717.033083809] [imu_filter]: Parameter RLController.pid_kd_lin set to 0.029426
[imu_filter_madgwick_node-3] [INFO] [1770794717.033152995] [imu_filter]: Parameter RLController.pid_kp_ang set to 1.230605
[imu_filter_madgwick_node-3] [INFO] [1770794717.033211524] [imu_filter]: Parameter RLController.pid_ki_ang set to 0.000000
[imu_filter_madgwick_node-3] [INFO] [1770794717.033265893] [imu_filter]: Parameter RLController.pid_kd_ang set to 0.130877
[imu_filter_madgwick_node-3] [INFO] [1770794717.448131123] [imu_filter]: Parameter RLController.pid_kp_lin set to 1.200814
[imu_filter_madgwick_node-3] [INFO] [1770794717.448338808] [imu_filter]: Parameter RLController.pid_ki_lin set to 0.000000
[imu_filter_madgwick_node-3] [INFO] [1770794717.448410745] [imu_filter]: Parameter RLController.pid_kd_lin set to 0.029426
[imu_filter_madgwick_node-3] [INFO] [1770794717.448472026] [imu_filter]: Parameter RLController.pid_kp_ang set to 1.230605
[imu_filter_madgwick_node-3] [INFO] [1770794717.448525596] [imu_filter]: Parameter RLController.pid_ki_ang set to 0.000000
[imu_filter_madgwick_node-3] [INFO] [1770794717.448577597] [imu_filter]: Parameter RLController.pid_kd_ang set to 0.130951
[imu_filter_madgwick_node-3] [INFO] [1770794717.870300604] [imu_filter]: Parameter RLController.pid_kp_lin set to 1.200814
[imu_filter_madgwick_node-3] [INFO] [1770794717.870548353] [imu_filter]: Parameter RLController.pid_ki_lin set to 0.000000
[imu_filter_madgwick_node-3] [INFO] [1770794717.870648355] [imu_filter]: Parameter RLController.pid_kd_lin set to 0.029426
[imu_filter_madgwick_node-3] [INFO] [1770794717.870771238] [imu_filter]: Parameter RLController.pid_kp_ang set to 1.230605
[imu_filter_madgwick_node-3] [INFO] [1770794717.870831655] [imu_filter]: Parameter RLController.pid_ki_ang set to 0.000000
[imu_filter_madgwick_node-3] [INFO] [1770794717.870887080] [imu_filter]: Parameter RLController.pid_kd_ang set to 0.131025
[imu_filter_madgwick_node-3] [INFO] [1770794718.281171926] [imu_filter]: Parameter RLController.pid_kp_lin set to 1.200814
[imu_filter_madgwick_node-3] [INFO] [1770794718.281501885] [imu_filter]: Parameter RLController.pid_ki_lin set to 0.000000
[imu_filter_madgwick_node-3] [INFO] [1770794718.286221825] [imu_filter]: Parameter RLController.pid_kd_lin set to 0.029426
[imu_filter_madgwick_node-3] [INFO] [1770794718.286539143] [imu_filter]: Parameter RLController.pid_kp_ang set to 1.230605
[imu_filter_madgwick_node-3] [INFO] [1770794718.286616169] [imu_filter]: Parameter RLController.pid_ki_ang set to 0.000000
[imu_filter_madgwick_node-3] [INFO] [1770794718.289418372] [imu_filter]: Parameter RLController.pid_kd_ang set to 0.131100
[imu_filter_madgwick_node-3] [INFO] [1770794718.700187516] [imu_filter]: Parameter RLController.pid_kp_lin set to 1.200814
[imu_filter_madgwick_node-3] [INFO] [1770794718.700382688] [imu_filter]: Parameter RLController.pid_ki_lin set to 0.000000
[imu_filter_madgwick_node-3] [INFO] [1770794718.700459265] [imu_filter]: Parameter RLController.pid_kd_lin set to 0.029426
[imu_filter_madgwick_node-3] [INFO] [1770794718.700522211] [imu_filter]: Parameter RLController.pid_kp_ang set to 1.230605
[imu_filter_madgwick_node-3] [INFO] [1770794718.700583556] [imu_filter]: Parameter RLController.pid_ki_ang set to 0.000000
[imu_filter_madgwick_node-3] [INFO] [1770794718.700974124] [imu_filter]: Parameter RLController.pid_kd_ang set to 0.131174
[imu_filter_madgwick_node-3] [INFO] [1770794719.117705090] [imu_filter]: Parameter RLController.pid_kp_lin set to 1.200814
[imu_filter_madgwick_node-3] [INFO] [1770794719.117954311] [imu_filter]: Parameter RLController.pid_ki_lin set to 0.000000
[imu_filter_madgwick_node-3] [INFO] [1770794719.118142571] [imu_filter]: Parameter RLController.pid_kd_lin set to 0.029426
[imu_filter_madgwick_node-3] [INFO] [1770794719.118215181] [imu_filter]: Parameter RLController.pid_kp_ang set to 1.230605
[imu_filter_madgwick_node-3] [INFO] [1770794719.118273262] [imu_filter]: Parameter RLController.pid_ki_ang set to 0.000000
[imu_filter_madgwick_node-3] [INFO] [1770794719.118327439] [imu_filter]: Parameter RLController.pid_kd_ang set to 0.131248
[imu_filter_madgwick_node-3] [INFO] [1770794719.530520261] [imu_filter]: Parameter RLController.pid_kp_lin set to 1.200814
[imu_filter_madgwick_node-3] [INFO] [1770794719.530719145] [imu_filter]: Parameter RLController.pid_ki_lin set to 0.000000
[imu_filter_madgwick_node-3] [INFO] [1770794719.530783626] [imu_filter]: Parameter RLController.pid_kd_lin set to 0.029426
[imu_filter_madgwick_node-3] [INFO] [1770794719.530842219] [imu_filter]: Parameter RLController.pid_kp_ang set to 1.230605
[imu_filter_madgwick_node-3] [INFO] [1770794719.530892461] [imu_filter]: Parameter RLController.pid_ki_ang set to 0.000000
[imu_filter_madgwick_node-3] [INFO] [1770794719.530942734] [imu_filter]: Parameter RLController.pid_kd_ang set to 0.131323
[imu_filter_madgwick_node-3] [INFO] [1770794719.957019913] [imu_filter]: Parameter RLController.pid_kp_lin set to 1.200814
[imu_filter_madgwick_node-3] [INFO] [1770794719.957204365] [imu_filter]: Parameter RLController.pid_ki_lin set to 0.000000
[imu_filter_madgwick_node-3] [INFO] [1770794719.957274990] [imu_filter]: Parameter RLController.pid_kd_lin set to 0.029426
[imu_filter_madgwick_node-3] [INFO] [1770794719.957336848] [imu_filter]: Parameter RLController.pid_kp_ang set to 1.230605
[imu_filter_madgwick_node-3] [INFO] [1770794719.962677921] [imu_filter]: Parameter RLController.pid_ki_ang set to 0.000000
[imu_filter_madgwick_node-3] [INFO] [1770794719.962881893] [imu_filter]: Parameter RLController.pid_kd_ang set to 0.131397
[imu_filter_madgwick_node-3] [INFO] [1770794720.376852160] [imu_filter]: Parameter RLController.pid_kp_lin set to 1.200814
[imu_filter_madgwick_node-3] [INFO] [1770794720.377072133] [imu_filter]: Parameter RLController.pid_ki_lin set to 0.000000
[imu_filter_madgwick_node-3] [INFO] [1770794720.377143847] [imu_filter]: Parameter RLController.pid_kd_lin set to 0.029426
[imu_filter_madgwick_node-3] [INFO] [1770794720.377201544] [imu_filter]: Parameter RLController.pid_kp_ang set to 1.230605
[imu_filter_madgwick_node-3] [INFO] [1770794720.377254569] [imu_filter]: Parameter RLController.pid_ki_ang set to 0.000000
[imu_filter_madgwick_node-3] [INFO] [1770794720.377307402] [imu_filter]: Parameter RLController.pid_kd_ang set to 0.131471
[imu_filter_madgwick_node-3] [INFO] [1770794720.801311162] [imu_filter]: Parameter RLController.pid_kp_lin set to 1.200814
[imu_filter_madgwick_node-3] [INFO] [1770794720.801611104] [imu_filter]: Parameter RLController.pid_ki_lin set to 0.000000
[imu_filter_madgwick_node-3] [INFO] [1770794720.801692738] [imu_filter]: Parameter RLController.pid_kd_lin set to 0.029426
[imu_filter_madgwick_node-3] [INFO] [1770794720.801773571] [imu_filter]: Parameter RLController.pid_kp_ang set to 1.230605
[imu_filter_madgwick_node-3] [INFO] [1770794720.801831077] [imu_filter]: Parameter RLController.pid_ki_ang set to 0.000000
[imu_filter_madgwick_node-3] [INFO] [1770794720.801884934] [imu_filter]: Parameter RLController.pid_kd_ang set to 0.131546
[imu_filter_madgwick_node-3] [INFO] [1770794721.214931021] [imu_filter]: Parameter RLController.pid_kp_lin set to 1.200814
[imu_filter_madgwick_node-3] [INFO] [1770794721.215137554] [imu_filter]: Parameter RLController.pid_ki_lin set to 0.000000
[imu_filter_madgwick_node-3] [INFO] [1770794721.215210035] [imu_filter]: Parameter RLController.pid_kd_lin set to 0.029426
[imu_filter_madgwick_node-3] [INFO] [1770794721.215275445] [imu_filter]: Parameter RLController.pid_kp_ang set to 1.230605
[imu_filter_madgwick_node-3] [INFO] [1770794721.215332726] [imu_filter]: Parameter RLController.pid_ki_ang set to 0.000000
[imu_filter_madgwick_node-3] [INFO] [1770794721.215390103] [imu_filter]: Parameter RLController.pid_kd_ang set to 0.131620
[imu_filter_madgwick_node-3] [INFO] [1770794721.637129079] [imu_filter]: Parameter RLController.pid_kp_lin set to 1.200814
[imu_filter_madgwick_node-3] [INFO] [1770794721.637344155] [imu_filter]: Parameter RLController.pid_ki_lin set to 0.000000
[imu_filter_madgwick_node-3] [INFO] [1770794721.637413757] [imu_filter]: Parameter RLController.pid_kd_lin set to 0.029426
[imu_filter_madgwick_node-3] [INFO] [1770794721.637476766] [imu_filter]: Parameter RLController.pid_kp_ang set to 1.230605
[imu_filter_madgwick_node-3] [INFO] [1770794721.637529215] [imu_filter]: Parameter RLController.pid_ki_ang set to 0.000000
[imu_filter_madgwick_node-3] [INFO] [1770794721.640345819] [imu_filter]: Parameter RLController.pid_kd_ang set to 0.131694
[imu_filter_madgwick_node-3] [INFO] [1770794722.047541863] [imu_filter]: Parameter RLController.pid_kp_lin set to 1.200814
[imu_filter_madgwick_node-3] [INFO] [1770794722.047756683] [imu_filter]: Parameter RLController.pid_ki_lin set to 0.000000
[imu_filter_madgwick_node-3] [INFO] [1770794722.047830957] [imu_filter]: Parameter RLController.pid_kd_lin set to 0.029426
[imu_filter_madgwick_node-3] [INFO] [1770794722.047892302] [imu_filter]: Parameter RLController.pid_kp_ang set to 1.230605
[imu_filter_madgwick_node-3] [INFO] [1770794722.048083346] [imu_filter]: Parameter RLController.pid_ki_ang set to 0.000000
[imu_filter_madgwick_node-3] [INFO] [1770794722.048147827] [imu_filter]: Parameter RLController.pid_kd_ang set to 0.131769
[imu_filter_madgwick_node-3] [INFO] [1770794722.464208091] [imu_filter]: Parameter RLController.pid_kp_lin set to 1.200814
[imu_filter_madgwick_node-3] [INFO] [1770794722.464441824] [imu_filter]: Parameter RLController.pid_ki_lin set to 0.000000
[imu_filter_madgwick_node-3] [INFO] [1770794722.464521889] [imu_filter]: Parameter RLController.pid_kd_lin set to 0.029426
[imu_filter_madgwick_node-3] [INFO] [1770794722.464582563] [imu_filter]: Parameter RLController.pid_kp_ang set to 1.230605
[imu_filter_madgwick_node-3] [INFO] [1770794722.464637924] [imu_filter]: Parameter RLController.pid_ki_ang set to 0.000000
[imu_filter_madgwick_node-3] [INFO] [1770794722.464693061] [imu_filter]: Parameter RLController.pid_kd_ang set to 0.131843
[imu_filter_madgwick_node-3] [INFO] [1770794722.883784653] [imu_filter]: Parameter RLController.pid_kp_lin set to 1.200814
[imu_filter_madgwick_node-3] [INFO] [1770794722.883989393] [imu_filter]: Parameter RLController.pid_ki_lin set to 0.000000
[imu_filter_madgwick_node-3] [INFO] [1770794722.884062387] [imu_filter]: Parameter RLController.pid_kd_lin set to 0.029426
[imu_filter_madgwick_node-3] [INFO] [1770794722.884123092] [imu_filter]: Parameter RLController.pid_kp_ang set to 1.230605
[imu_filter_madgwick_node-3] [INFO] [1770794722.884180277] [imu_filter]: Parameter RLController.pid_ki_ang set to 0.000000
[imu_filter_madgwick_node-3] [INFO] [1770794722.884234966] [imu_filter]: Parameter RLController.pid_kd_ang set to 0.131917
[imu_filter_madgwick_node-3] [INFO] [1770794723.301459030] [imu_filter]: Parameter RLController.pid_kp_lin set to 1.200814
[imu_filter_madgwick_node-3] [INFO] [1770794723.301941921] [imu_filter]: Parameter RLController.pid_ki_lin set to 0.000000
[imu_filter_madgwick_node-3] [INFO] [1770794723.302046435] [imu_filter]: Parameter RLController.pid_kd_lin set to 0.029426
[imu_filter_madgwick_node-3] [INFO] [1770794723.302115844] [imu_filter]: Parameter RLController.pid_kp_ang set to 1.230605
[imu_filter_madgwick_node-3] [INFO] [1770794723.302171397] [imu_filter]: Parameter RLController.pid_ki_ang set to 0.000000
[imu_filter_madgwick_node-3] [INFO] [1770794723.302224711] [imu_filter]: Parameter RLController.pid_kd_ang set to 0.131992
[imu_filter_madgwick_node-3] [INFO] [1770794723.727952411] [imu_filter]: Parameter RLController.pid_kp_lin set to 1.200814
[imu_filter_madgwick_node-3] [INFO] [1770794723.728284930] [imu_filter]: Parameter RLController.pid_ki_lin set to 0.000000
[imu_filter_madgwick_node-3] [INFO] [1770794723.728409668] [imu_filter]: Parameter RLController.pid_kd_lin set to 0.029426
[imu_filter_madgwick_node-3] [INFO] [1770794723.728479846] [imu_filter]: Parameter RLController.pid_kp_ang set to 1.230605
[imu_filter_madgwick_node-3] [INFO] [1770794723.728537383] [imu_filter]: Parameter RLController.pid_ki_ang set to 0.000000
[imu_filter_madgwick_node-3] [INFO] [1770794723.728592168] [imu_filter]: Parameter RLController.pid_kd_ang set to 0.132066
[imu_filter_madgwick_node-3] [INFO] [1770794724.153968917] [imu_filter]: Parameter RLController.pid_kp_lin set to 1.200814
[imu_filter_madgwick_node-3] [INFO] [1770794724.154317116] [imu_filter]: Parameter RLController.pid_ki_lin set to 0.000000
[imu_filter_madgwick_node-3] [INFO] [1770794724.154390462] [imu_filter]: Parameter RLController.pid_kd_lin set to 0.029426
[imu_filter_madgwick_node-3] [INFO] [1770794724.154458175] [imu_filter]: Parameter RLController.pid_kp_ang set to 1.230605
[imu_filter_madgwick_node-3] [INFO] [1770794724.154514368] [imu_filter]: Parameter RLController.pid_ki_ang set to 0.000000
[imu_filter_madgwick_node-3] [INFO] [1770794724.154568065] [imu_filter]: Parameter RLController.pid_kd_ang set to 0.132140
[imu_filter_madgwick_node-3] [INFO] [1770794724.561835887] [imu_filter]: Parameter RLController.pid_kp_lin set to 1.200814
[imu_filter_madgwick_node-3] [INFO] [1770794724.562023667] [imu_filter]: Parameter RLController.pid_ki_lin set to 0.000000
[imu_filter_madgwick_node-3] [INFO] [1770794724.563247693] [imu_filter]: Parameter RLController.pid_kd_lin set to 0.029426
[imu_filter_madgwick_node-3] [INFO] [1770794724.563388176] [imu_filter]: Parameter RLController.pid_kp_ang set to 1.230605
[imu_filter_madgwick_node-3] [INFO] [1770794724.563455377] [imu_filter]: Parameter RLController.pid_ki_ang set to 0.000000
[imu_filter_madgwick_node-3] [INFO] [1770794724.563514834] [imu_filter]: Parameter RLController.pid_kd_ang set to 0.132215
[imu_filter_madgwick_node-3] [INFO] [1770794724.989346921] [imu_filter]: Parameter RLController.pid_kp_lin set to 1.200814
[imu_filter_madgwick_node-3] [INFO] [1770794724.989554573] [imu_filter]: Parameter RLController.pid_ki_lin set to 0.000000
[imu_filter_madgwick_node-3] [INFO] [1770794724.989632239] [imu_filter]: Parameter RLController.pid_kd_lin set to 0.029426
[imu_filter_madgwick_node-3] [INFO] [1770794724.989695568] [imu_filter]: Parameter RLController.pid_kp_ang set to 1.230605
[imu_filter_madgwick_node-3] [INFO] [1770794724.989776018] [imu_filter]: Parameter RLController.pid_ki_ang set to 0.000000
[imu_filter_madgwick_node-3] [INFO] [1770794724.989836499] [imu_filter]: Parameter RLController.pid_kd_ang set to 0.132289
[imu_filter_madgwick_node-3] [INFO] [1770794725.404940134] [imu_filter]: Parameter RLController.pid_kp_lin set to 1.200814
[imu_filter_madgwick_node-3] [INFO] [1770794725.405152235] [imu_filter]: Parameter RLController.pid_ki_lin set to 0.000000
[imu_filter_madgwick_node-3] [INFO] [1770794725.405222380] [imu_filter]: Parameter RLController.pid_kd_lin set to 0.029426
[imu_filter_madgwick_node-3] [INFO] [1770794725.405284653] [imu_filter]: Parameter RLController.pid_kp_ang set to 1.230605
[imu_filter_madgwick_node-3] [INFO] [1770794725.405337455] [imu_filter]: Parameter RLController.pid_ki_ang set to 0.000000
[imu_filter_madgwick_node-3] [INFO] [1770794725.405390448] [imu_filter]: Parameter RLController.pid_kd_ang set to 0.132363
[imu_filter_madgwick_node-3] [INFO] [1770794725.836080173] [imu_filter]: Parameter RLController.pid_kp_lin set to 1.200814
[imu_filter_madgwick_node-3] [INFO] [1770794725.836276817] [imu_filter]: Parameter RLController.pid_ki_lin set to 0.000000
[imu_filter_madgwick_node-3] [INFO] [1770794725.836344370] [imu_filter]: Parameter RLController.pid_kd_lin set to 0.029426
[imu_filter_madgwick_node-3] [INFO] [1770794725.836408276] [imu_filter]: Parameter RLController.pid_kp_ang set to 1.230605
[imu_filter_madgwick_node-3] [INFO] [1770794725.836463541] [imu_filter]: Parameter RLController.pid_ki_ang set to 0.000000
[imu_filter_madgwick_node-3] [INFO] [1770794725.836517782] [imu_filter]: Parameter RLController.pid_kd_ang set to 0.132438
[imu_filter_madgwick_node-3] [INFO] [1770794726.248560936] [imu_filter]: Parameter RLController.pid_kp_lin set to 1.200814
[imu_filter_madgwick_node-3] [INFO] [1770794726.248782253] [imu_filter]: Parameter RLController.pid_ki_lin set to 0.000000
[imu_filter_madgwick_node-3] [INFO] [1770794726.248851151] [imu_filter]: Parameter RLController.pid_kd_lin set to 0.029426
[imu_filter_madgwick_node-3] [INFO] [1770794726.248914928] [imu_filter]: Parameter RLController.pid_kp_ang set to 1.230605
[imu_filter_madgwick_node-3] [INFO] [1770794726.248970929] [imu_filter]: Parameter RLController.pid_ki_ang set to 0.000000
[imu_filter_madgwick_node-3] [INFO] [1770794726.249023634] [imu_filter]: Parameter RLController.pid_kd_ang set to 0.132512
[imu_filter_madgwick_node-3] [INFO] [1770794726.662790345] [imu_filter]: Parameter RLController.pid_kp_lin set to 1.200814
[imu_filter_madgwick_node-3] [INFO] [1770794726.664797940] [imu_filter]: Parameter RLController.pid_ki_lin set to 0.000000
[imu_filter_madgwick_node-3] [INFO] [1770794726.664976855] [imu_filter]: Parameter RLController.pid_kd_lin set to 0.029426
[imu_filter_madgwick_node-3] [INFO] [1770794726.665042297] [imu_filter]: Parameter RLController.pid_kp_ang set to 1.230605
[imu_filter_madgwick_node-3] [INFO] [1770794726.665587236] [imu_filter]: Parameter RLController.pid_ki_ang set to 0.000000
[imu_filter_madgwick_node-3] [INFO] [1770794726.665680262] [imu_filter]: Parameter RLController.pid_kd_ang set to 0.132586
[imu_filter_madgwick_node-3] [INFO] [1770794727.089911771] [imu_filter]: Parameter RLController.pid_kp_lin set to 1.200814
[imu_filter_madgwick_node-3] [INFO] [1770794727.090117343] [imu_filter]: Parameter RLController.pid_ki_lin set to 0.000000
[imu_filter_madgwick_node-3] [INFO] [1770794727.090186849] [imu_filter]: Parameter RLController.pid_kd_lin set to 0.029426
[imu_filter_madgwick_node-3] [INFO] [1770794727.090247266] [imu_filter]: Parameter RLController.pid_kp_ang set to 1.230605
[imu_filter_madgwick_node-3] [INFO] [1770794727.090302019] [imu_filter]: Parameter RLController.pid_ki_ang set to 0.000000
[imu_filter_madgwick_node-3] [INFO] [1770794727.090355684] [imu_filter]: Parameter RLController.pid_kd_ang set to 0.132661
[imu_filter_madgwick_node-3] [INFO] [1770794727.534859014] [imu_filter]: Parameter RLController.pid_kp_lin set to 1.200814
[imu_filter_madgwick_node-3] [INFO] [1770794727.535205869] [imu_filter]: Parameter RLController.pid_ki_lin set to 0.000000
[imu_filter_madgwick_node-3] [INFO] [1770794727.535325200] [imu_filter]: Parameter RLController.pid_kd_lin set to 0.029426
[imu_filter_madgwick_node-3] [INFO] [1770794727.535430450] [imu_filter]: Parameter RLController.pid_kp_ang set to 1.230605
[imu_filter_madgwick_node-3] [INFO] [1770794727.535497555] [imu_filter]: Parameter RLController.pid_ki_ang set to 0.000000
[imu_filter_madgwick_node-3] [INFO] [1770794727.535557268] [imu_filter]: Parameter RLController.pid_kd_ang set to 0.132735
[imu_filter_madgwick_node-3] [INFO] [1770794727.945657566] [imu_filter]: Parameter RLController.pid_kp_lin set to 1.200814
[imu_filter_madgwick_node-3] [INFO] [1770794727.945878338] [imu_filter]: Parameter RLController.pid_ki_lin set to 0.000000
[imu_filter_madgwick_node-3] [INFO] [1770794727.950769322] [imu_filter]: Parameter RLController.pid_kd_lin set to 0.029426
[imu_filter_madgwick_node-3] [INFO] [1770794727.950990159] [imu_filter]: Parameter RLController.pid_kp_ang set to 1.230605
[imu_filter_madgwick_node-3] [INFO] [1770794727.951076656] [imu_filter]: Parameter RLController.pid_ki_ang set to 0.000000
[imu_filter_madgwick_node-3] [INFO] [1770794727.956629990] [imu_filter]: Parameter RLController.pid_kd_ang set to 0.132809
[imu_filter_madgwick_node-3] [INFO] [1770794728.380894747] [imu_filter]: Parameter RLController.pid_kp_lin set to 1.200814
[imu_filter_madgwick_node-3] [INFO] [1770794728.381358949] [imu_filter]: Parameter RLController.pid_ki_lin set to 0.000000
[imu_filter_madgwick_node-3] [INFO] [1770794728.381443143] [imu_filter]: Parameter RLController.pid_kd_lin set to 0.029426
[imu_filter_madgwick_node-3] [INFO] [1770794728.382253144] [imu_filter]: Parameter RLController.pid_kp_ang set to 1.230605
[imu_filter_madgwick_node-3] [INFO] [1770794728.382466236] [imu_filter]: Parameter RLController.pid_ki_ang set to 0.000000
[imu_filter_madgwick_node-3] [INFO] [1770794728.382536862] [imu_filter]: Parameter RLController.pid_kd_ang set to 0.132884
[imu_filter_madgwick_node-3] [INFO] [1770794728.796053967] [imu_filter]: Parameter RLController.pid_kp_lin set to 1.200814
[imu_filter_madgwick_node-3] [INFO] [1770794728.796268244] [imu_filter]: Parameter RLController.pid_ki_lin set to 0.000000
[imu_filter_madgwick_node-3] [INFO] [1770794728.796343766] [imu_filter]: Parameter RLController.pid_kd_lin set to 0.029426
[imu_filter_madgwick_node-3] [INFO] [1770794728.796408183] [imu_filter]: Parameter RLController.pid_kp_ang set to 1.230605
[imu_filter_madgwick_node-3] [INFO] [1770794728.800763539] [imu_filter]: Parameter RLController.pid_ki_ang set to 0.000000
[imu_filter_madgwick_node-3] [INFO] [1770794728.800971768] [imu_filter]: Parameter RLController.pid_kd_ang set to 0.132958
[imu_filter_madgwick_node-3] [INFO] [1770794729.206923145] [imu_filter]: Parameter RLController.pid_kp_lin set to 1.200814
[imu_filter_madgwick_node-3] [INFO] [1770794729.210242895] [imu_filter]: Parameter RLController.pid_ki_lin set to 0.000000
[imu_filter_madgwick_node-3] [INFO] [1770794729.210431379] [imu_filter]: Parameter RLController.pid_kd_lin set to 0.029426
[imu_filter_madgwick_node-3] [INFO] [1770794729.210501813] [imu_filter]: Parameter RLController.pid_kp_ang set to 1.230605
[imu_filter_madgwick_node-3] [INFO] [1770794729.210561206] [imu_filter]: Parameter RLController.pid_ki_ang set to 0.000000
[imu_filter_madgwick_node-3] [INFO] [1770794729.213706489] [imu_filter]: Parameter RLController.pid_kd_ang set to 0.133032
[imu_filter_madgwick_node-3] [INFO] [1770794729.628284353] [imu_filter]: Parameter RLController.pid_kp_lin set to 1.200814
[imu_filter_madgwick_node-3] [INFO] [1770794729.628461124] [imu_filter]: Parameter RLController.pid_ki_lin set to 0.000000
[imu_filter_madgwick_node-3] [INFO] [1770794729.628532326] [imu_filter]: Parameter RLController.pid_kd_lin set to 0.029426
[imu_filter_madgwick_node-3] [INFO] [1770794729.628593767] [imu_filter]: Parameter RLController.pid_kp_ang set to 1.230605
[imu_filter_madgwick_node-3] [INFO] [1770794729.628647752] [imu_filter]: Parameter RLController.pid_ki_ang set to 0.000000
[imu_filter_madgwick_node-3] [INFO] [1770794729.628702058] [imu_filter]: Parameter RLController.pid_kd_ang set to 0.133107
[imu_filter_madgwick_node-3] [INFO] [1770794730.035709905] [imu_filter]: Parameter RLController.pid_kp_lin set to 1.200814
[imu_filter_madgwick_node-3] [INFO] [1770794730.036246717] [imu_filter]: Parameter RLController.pid_ki_lin set to 0.000000
[imu_filter_madgwick_node-3] [INFO] [1770794730.036484194] [imu_filter]: Parameter RLController.pid_kd_lin set to 0.029426
[imu_filter_madgwick_node-3] [INFO] [1770794730.036565219] [imu_filter]: Parameter RLController.pid_kp_ang set to 1.230605
[imu_filter_madgwick_node-3] [INFO] [1770794730.036624549] [imu_filter]: Parameter RLController.pid_ki_ang set to 0.000000
[imu_filter_madgwick_node-3] [INFO] [1770794730.036680486] [imu_filter]: Parameter RLController.pid_kd_ang set to 0.133181
[imu_filter_madgwick_node-3] [INFO] [1770794730.450872262] [imu_filter]: Parameter RLController.pid_kp_lin set to 1.200814
[imu_filter_madgwick_node-3] [INFO] [1770794730.451067530] [imu_filter]: Parameter RLController.pid_ki_lin set to 0.000000
[imu_filter_madgwick_node-3] [INFO] [1770794730.451137963] [imu_filter]: Parameter RLController.pid_kd_lin set to 0.029426
[imu_filter_madgwick_node-3] [INFO] [1770794730.451826138] [imu_filter]: Parameter RLController.pid_kp_ang set to 1.230605
[imu_filter_madgwick_node-3] [INFO] [1770794730.451931036] [imu_filter]: Parameter RLController.pid_ki_ang set to 0.000000
[imu_filter_madgwick_node-3] [INFO] [1770794730.451993341] [imu_filter]: Parameter RLController.pid_kd_ang set to 0.133255
[imu_filter_madgwick_node-3] [INFO] [1770794730.893077495] [imu_filter]: Parameter RLController.pid_kp_lin set to 1.200814
[imu_filter_madgwick_node-3] [INFO] [1770794730.895744335] [imu_filter]: Parameter RLController.pid_ki_lin set to 0.000000
[imu_filter_madgwick_node-3] [INFO] [1770794730.895925331] [imu_filter]: Parameter RLController.pid_kd_lin set to 0.029426
[imu_filter_madgwick_node-3] [INFO] [1770794730.895995476] [imu_filter]: Parameter RLController.pid_kp_ang set to 1.230605
[imu_filter_madgwick_node-3] [INFO] [1770794730.896052118] [imu_filter]: Parameter RLController.pid_ki_ang set to 0.000000
[imu_filter_madgwick_node-3] [INFO] [1770794730.896106007] [imu_filter]: Parameter RLController.pid_kd_ang set to 0.133330
[imu_filter_madgwick_node-3] [INFO] [1770794731.306365251] [imu_filter]: Parameter RLController.pid_kp_lin set to 1.200814
[imu_filter_madgwick_node-3] [INFO] [1770794731.306580872] [imu_filter]: Parameter RLController.pid_ki_lin set to 0.000000
[imu_filter_madgwick_node-3] [INFO] [1770794731.306657514] [imu_filter]: Parameter RLController.pid_kd_lin set to 0.029426
[imu_filter_madgwick_node-3] [INFO] [1770794731.306844494] [imu_filter]: Parameter RLController.pid_kp_ang set to 1.230605
[imu_filter_madgwick_node-3] [INFO] [1770794731.306908943] [imu_filter]: Parameter RLController.pid_ki_ang set to 0.000000
[imu_filter_madgwick_node-3] [INFO] [1770794731.306967024] [imu_filter]: Parameter RLController.pid_kd_ang set to 0.133404
[imu_filter_madgwick_node-3] [INFO] [1770794731.722116324] [imu_filter]: Parameter RLController.pid_kp_lin set to 1.200814
[imu_filter_madgwick_node-3] [INFO] [1770794731.722324777] [imu_filter]: Parameter RLController.pid_ki_lin set to 0.000000
[imu_filter_madgwick_node-3] [INFO] [1770794731.722392682] [imu_filter]: Parameter RLController.pid_kd_lin set to 0.029426
[imu_filter_madgwick_node-3] [INFO] [1770794731.729328957] [imu_filter]: Parameter RLController.pid_kp_ang set to 1.230605
[imu_filter_madgwick_node-3] [INFO] [1770794731.729672900] [imu_filter]: Parameter RLController.pid_ki_ang set to 0.000000
[imu_filter_madgwick_node-3] [INFO] [1770794731.729815239] [imu_filter]: Parameter RLController.pid_kd_ang set to 0.133479
[imu_filter_madgwick_node-3] [INFO] [1770794732.137324602] [imu_filter]: Parameter RLController.pid_kp_lin set to 1.200814
[imu_filter_madgwick_node-3] [INFO] [1770794732.137538270] [imu_filter]: Parameter RLController.pid_ki_lin set to 0.000000
[imu_filter_madgwick_node-3] [INFO] [1770794732.137605920] [imu_filter]: Parameter RLController.pid_kd_lin set to 0.029426
[imu_filter_madgwick_node-3] [INFO] [1770794732.137664737] [imu_filter]: Parameter RLController.pid_kp_ang set to 1.230605
[imu_filter_madgwick_node-3] [INFO] [1770794732.137740834] [imu_filter]: Parameter RLController.pid_ki_ang set to 0.000000
[imu_filter_madgwick_node-3] [INFO] [1770794732.137802916] [imu_filter]: Parameter RLController.pid_kd_ang set to 0.133553
[imu_filter_madgwick_node-3] [INFO] [1770794732.554296084] [imu_filter]: Parameter RLController.pid_kp_lin set to 1.200814
[imu_filter_madgwick_node-3] [INFO] [1770794732.558241544] [imu_filter]: Parameter RLController.pid_ki_lin set to 0.000000
[imu_filter_madgwick_node-3] [INFO] [1770794732.560239314] [imu_filter]: Parameter RLController.pid_kd_lin set to 0.029426
[imu_filter_madgwick_node-3] [INFO] [1770794732.565863145] [imu_filter]: Parameter RLController.pid_kp_ang set to 1.230605
[imu_filter_madgwick_node-3] [INFO] [1770794732.566060269] [imu_filter]: Parameter RLController.pid_ki_ang set to 0.000000
[imu_filter_madgwick_node-3] [INFO] [1770794732.567291719] [imu_filter]: Parameter RLController.pid_kd_ang set to 0.133627
[imu_filter_madgwick_node-3] [INFO] [1770794732.972044960] [imu_filter]: Parameter RLController.pid_kp_lin set to 1.200814
[imu_filter_madgwick_node-3] [INFO] [1770794732.972223619] [imu_filter]: Parameter RLController.pid_ki_lin set to 0.000000
[imu_filter_madgwick_node-3] [INFO] [1770794732.972834832] [imu_filter]: Parameter RLController.pid_kd_lin set to 0.029426
[imu_filter_madgwick_node-3] [INFO] [1770794732.972917874] [imu_filter]: Parameter RLController.pid_kp_ang set to 1.230605
[imu_filter_madgwick_node-3] [INFO] [1770794732.972977651] [imu_filter]: Parameter RLController.pid_ki_ang set to 0.000000
[imu_filter_madgwick_node-3] [INFO] [1770794732.973029716] [imu_filter]: Parameter RLController.pid_kd_ang set to 0.133702
[imu_filter_madgwick_node-3] [INFO] [1770794733.388652467] [imu_filter]: Parameter RLController.pid_kp_lin set to 1.200814
[imu_filter_madgwick_node-3] [INFO] [1770794733.388884599] [imu_filter]: Parameter RLController.pid_ki_lin set to 0.000000
[imu_filter_madgwick_node-3] [INFO] [1770794733.388967673] [imu_filter]: Parameter RLController.pid_kd_lin set to 0.029426
[imu_filter_madgwick_node-3] [INFO] [1770794733.389034459] [imu_filter]: Parameter RLController.pid_kp_ang set to 1.230605
[imu_filter_madgwick_node-3] [INFO] [1770794733.389091260] [imu_filter]: Parameter RLController.pid_ki_ang set to 0.000000
[imu_filter_madgwick_node-3] [INFO] [1770794733.389146909] [imu_filter]: Parameter RLController.pid_kd_ang set to 0.133776
[imu_filter_madgwick_node-3] [INFO] [1770794733.810794427] [imu_filter]: Parameter RLController.pid_kp_lin set to 1.200814
[imu_filter_madgwick_node-3] [INFO] [1770794733.810990687] [imu_filter]: Parameter RLController.pid_ki_lin set to 0.000000
[imu_filter_madgwick_node-3] [INFO] [1770794733.811062112] [imu_filter]: Parameter RLController.pid_kd_lin set to 0.029426
[imu_filter_madgwick_node-3] [INFO] [1770794733.811135426] [imu_filter]: Parameter RLController.pid_kp_ang set to 1.230605
[imu_filter_madgwick_node-3] [INFO] [1770794733.811191971] [imu_filter]: Parameter RLController.pid_ki_ang set to 0.000000
[imu_filter_madgwick_node-3] [INFO] [1770794733.811246884] [imu_filter]: Parameter RLController.pid_kd_ang set to 0.133850
[imu_filter_madgwick_node-3] [INFO] [1770794734.237855243] [imu_filter]: Parameter RLController.pid_kp_lin set to 1.200814
[imu_filter_madgwick_node-3] [INFO] [1770794734.238087088] [imu_filter]: Parameter RLController.pid_ki_lin set to 0.000000
[imu_filter_madgwick_node-3] [INFO] [1770794734.238293684] [imu_filter]: Parameter RLController.pid_kd_lin set to 0.029426
[imu_filter_madgwick_node-3] [INFO] [1770794734.238365782] [imu_filter]: Parameter RLController.pid_kp_ang set to 1.230605
[imu_filter_madgwick_node-3] [INFO] [1770794734.238534777] [imu_filter]: Parameter RLController.pid_ki_ang set to 0.000000
[imu_filter_madgwick_node-3] [INFO] [1770794734.238594811] [imu_filter]: Parameter RLController.pid_kd_ang set to 0.133925
[imu_filter_madgwick_node-3] [INFO] [1770794734.652488052] [imu_filter]: Parameter RLController.pid_kp_lin set to 1.200814
[imu_filter_madgwick_node-3] [INFO] [1770794734.652659928] [imu_filter]: Parameter RLController.pid_ki_lin set to 0.000000
[imu_filter_madgwick_node-3] [INFO] [1770794734.652744890] [imu_filter]: Parameter RLController.pid_kd_lin set to 0.029426
[imu_filter_madgwick_node-3] [INFO] [1770794734.652813435] [imu_filter]: Parameter RLController.pid_kp_ang set to 1.230605
[imu_filter_madgwick_node-3] [INFO] [1770794734.652872220] [imu_filter]: Parameter RLController.pid_ki_ang set to 0.000000
[imu_filter_madgwick_node-3] [INFO] [1770794734.652927518] [imu_filter]: Parameter RLController.pid_kd_ang set to 0.133999
[imu_filter_madgwick_node-3] [INFO] [1770794735.072491951] [imu_filter]: Parameter RLController.pid_kp_lin set to 1.200814
[imu_filter_madgwick_node-3] [INFO] [1770794735.072708244] [imu_filter]: Parameter RLController.pid_ki_lin set to 0.000000
[imu_filter_madgwick_node-3] [INFO] [1770794735.073040027] [imu_filter]: Parameter RLController.pid_kd_lin set to 0.029426
[imu_filter_madgwick_node-3] [INFO] [1770794735.073265728] [imu_filter]: Parameter RLController.pid_kp_ang set to 1.230605
[imu_filter_madgwick_node-3] [INFO] [1770794735.073335169] [imu_filter]: Parameter RLController.pid_ki_ang set to 0.000000
[imu_filter_madgwick_node-3] [INFO] [1770794735.073391586] [imu_filter]: Parameter RLController.pid_kd_ang set to 0.134073
[imu_filter_madgwick_node-3] [INFO] [1770794735.484371966] [imu_filter]: Parameter RLController.pid_kp_lin set to 1.200814
[imu_filter_madgwick_node-3] [INFO] [1770794735.484721574] [imu_filter]: Parameter RLController.pid_ki_lin set to 0.000000
[imu_filter_madgwick_node-3] [INFO] [1770794735.484807783] [imu_filter]: Parameter RLController.pid_kd_lin set to 0.029426
[imu_filter_madgwick_node-3] [INFO] [1770794735.489702095] [imu_filter]: Parameter RLController.pid_kp_ang set to 1.230605
[imu_filter_madgwick_node-3] [INFO] [1770794735.497344369] [imu_filter]: Parameter RLController.pid_ki_ang set to 0.000000
[imu_filter_madgwick_node-3] [INFO] [1770794735.497652247] [imu_filter]: Parameter RLController.pid_kd_ang set to 0.134148
[imu_filter_madgwick_node-3] [INFO] [1770794735.898286456] [imu_filter]: Parameter RLController.pid_kp_lin set to 1.200814
[imu_filter_madgwick_node-3] [INFO] [1770794735.898494717] [imu_filter]: Parameter RLController.pid_ki_lin set to 0.000000
[imu_filter_madgwick_node-3] [INFO] [1770794735.898573054] [imu_filter]: Parameter RLController.pid_kd_lin set to 0.029426
[imu_filter_madgwick_node-3] [INFO] [1770794735.898638208] [imu_filter]: Parameter RLController.pid_kp_ang set to 1.230605
[imu_filter_madgwick_node-3] [INFO] [1770794735.898693473] [imu_filter]: Parameter RLController.pid_ki_ang set to 0.000000
[imu_filter_madgwick_node-3] [INFO] [1770794735.898746466] [imu_filter]: Parameter RLController.pid_kd_ang set to 0.134222
[imu_filter_madgwick_node-3] [INFO] [1770794736.314594853] [imu_filter]: Parameter RLController.pid_kp_lin set to 1.200814
[imu_filter_madgwick_node-3] [INFO] [1770794736.314822922] [imu_filter]: Parameter RLController.pid_ki_lin set to 0.000000
[imu_filter_madgwick_node-3] [INFO] [1770794736.314893931] [imu_filter]: Parameter RLController.pid_kd_lin set to 0.029426
[imu_filter_madgwick_node-3] [INFO] [1770794736.314953068] [imu_filter]: Parameter RLController.pid_kp_ang set to 1.230605
[imu_filter_madgwick_node-3] [INFO] [1770794736.315009902] [imu_filter]: Parameter RLController.pid_ki_ang set to 0.000000
[imu_filter_madgwick_node-3] [INFO] [1770794736.319217575] [imu_filter]: Parameter RLController.pid_kd_ang set to 0.134296
[imu_filter_madgwick_node-3] [INFO] [1770794736.741878266] [imu_filter]: Parameter RLController.pid_kp_lin set to 1.200814
[imu_filter_madgwick_node-3] [INFO] [1770794736.742052670] [imu_filter]: Parameter RLController.pid_ki_lin set to 0.000000
[imu_filter_madgwick_node-3] [INFO] [1770794736.743616735] [imu_filter]: Parameter RLController.pid_kd_lin set to 0.029426
[imu_filter_madgwick_node-3] [INFO] [1770794736.743764418] [imu_filter]: Parameter RLController.pid_kp_ang set to 1.230605
[imu_filter_madgwick_node-3] [INFO] [1770794736.743828579] [imu_filter]: Parameter RLController.pid_ki_ang set to 0.000000
[imu_filter_madgwick_node-3] [INFO] [1770794736.743884036] [imu_filter]: Parameter RLController.pid_kd_ang set to 0.134371
[imu_filter_madgwick_node-3] [INFO] [1770794737.169775772] [imu_filter]: Parameter RLController.pid_kp_lin set to 1.200814
[imu_filter_madgwick_node-3] [INFO] [1770794737.169999713] [imu_filter]: Parameter RLController.pid_ki_lin set to 0.000000
[imu_filter_madgwick_node-3] [INFO] [1770794737.170223877] [imu_filter]: Parameter RLController.pid_kd_lin set to 0.029426
[imu_filter_madgwick_node-3] [INFO] [1770794737.170293543] [imu_filter]: Parameter RLController.pid_kp_ang set to 1.230605
[imu_filter_madgwick_node-3] [INFO] [1770794737.170351688] [imu_filter]: Parameter RLController.pid_ki_ang set to 0.000000
[imu_filter_madgwick_node-3] [INFO] [1770794737.170405545] [imu_filter]: Parameter RLController.pid_kd_ang set to 0.134445
[imu_filter_madgwick_node-3] [INFO] [1770794737.587131231] [imu_filter]: Parameter RLController.pid_kp_lin set to 1.200814
[imu_filter_madgwick_node-3] [INFO] [1770794737.587328099] [imu_filter]: Parameter RLController.pid_ki_lin set to 0.000000
[imu_filter_madgwick_node-3] [INFO] [1770794737.587395428] [imu_filter]: Parameter RLController.pid_kd_lin set to 0.029426
[imu_filter_madgwick_node-3] [INFO] [1770794737.587457414] [imu_filter]: Parameter RLController.pid_kp_ang set to 1.230605
[imu_filter_madgwick_node-3] [INFO] [1770794737.587510951] [imu_filter]: Parameter RLController.pid_ki_ang set to 0.000000
[imu_filter_madgwick_node-3] [INFO] [1770794737.587564328] [imu_filter]: Parameter RLController.pid_kd_ang set to 0.134519
[imu_filter_madgwick_node-3] [INFO] [1770794738.006031234] [imu_filter]: Parameter RLController.pid_kp_lin set to 1.200814
[imu_filter_madgwick_node-3] [INFO] [1770794738.006243079] [imu_filter]: Parameter RLController.pid_ki_lin set to 0.000000
[imu_filter_madgwick_node-3] [INFO] [1770794738.006310664] [imu_filter]: Parameter RLController.pid_kd_lin set to 0.029426
[imu_filter_madgwick_node-3] [INFO] [1770794738.006371433] [imu_filter]: Parameter RLController.pid_kp_ang set to 1.230605
[imu_filter_madgwick_node-3] [INFO] [1770794738.008646362] [imu_filter]: Parameter RLController.pid_ki_ang set to 0.000000
[imu_filter_madgwick_node-3] [INFO] [1770794738.008839262] [imu_filter]: Parameter RLController.pid_kd_ang set to 0.134594
[imu_filter_madgwick_node-3] [INFO] [1770794738.432352707] [imu_filter]: Parameter RLController.pid_kp_lin set to 1.200814
[imu_filter_madgwick_node-3] [INFO] [1770794738.432545799] [imu_filter]: Parameter RLController.pid_ki_lin set to 0.000000
[imu_filter_madgwick_node-3] [INFO] [1770794738.432613928] [imu_filter]: Parameter RLController.pid_kd_lin set to 0.029426
[imu_filter_madgwick_node-3] [INFO] [1770794738.437917433] [imu_filter]: Parameter RLController.pid_kp_ang set to 1.230605
[imu_filter_madgwick_node-3] [INFO] [1770794738.438221343] [imu_filter]: Parameter RLController.pid_ki_ang set to 0.000000
[imu_filter_madgwick_node-3] [INFO] [1770794738.438297761] [imu_filter]: Parameter RLController.pid_kd_ang set to 0.134668
[imu_filter_madgwick_node-3] [INFO] [1770794738.843173499] [imu_filter]: Parameter RLController.pid_kp_lin set to 1.200814
[imu_filter_madgwick_node-3] [INFO] [1770794738.843450977] [imu_filter]: Parameter RLController.pid_ki_lin set to 0.000000
[imu_filter_madgwick_node-3] [INFO] [1770794738.843667846] [imu_filter]: Parameter RLController.pid_kd_lin set to 0.029426
[imu_filter_madgwick_node-3] [INFO] [1770794738.843738599] [imu_filter]: Parameter RLController.pid_kp_ang set to 1.230605
[imu_filter_madgwick_node-3] [INFO] [1770794738.843803625] [imu_filter]: Parameter RLController.pid_ki_ang set to 0.000000
[imu_filter_madgwick_node-3] [INFO] [1770794738.843859498] [imu_filter]: Parameter RLController.pid_kd_ang set to 0.134742
[imu_filter_madgwick_node-3] [INFO] [1770794739.263797443] [imu_filter]: Parameter RLController.pid_kp_lin set to 1.200814
[imu_filter_madgwick_node-3] [INFO] [1770794739.264064745] [imu_filter]: Parameter RLController.pid_ki_lin set to 0.000000
[imu_filter_madgwick_node-3] [INFO] [1770794739.264151723] [imu_filter]: Parameter RLController.pid_kd_lin set to 0.029426
[imu_filter_madgwick_node-3] [INFO] [1770794739.264214988] [imu_filter]: Parameter RLController.pid_kp_ang set to 1.230605
[imu_filter_madgwick_node-3] [INFO] [1770794739.264269005] [imu_filter]: Parameter RLController.pid_ki_ang set to 0.000000
[imu_filter_madgwick_node-3] [INFO] [1770794739.264321871] [imu_filter]: Parameter RLController.pid_kd_ang set to 0.134817
[imu_filter_madgwick_node-3] [INFO] [1770794739.677000238] [imu_filter]: Parameter RLController.pid_kp_lin set to 1.200814
[imu_filter_madgwick_node-3] [INFO] [1770794739.680190322] [imu_filter]: Parameter RLController.pid_ki_lin set to 0.000000
[imu_filter_madgwick_node-3] [INFO] [1770794739.680537305] [imu_filter]: Parameter RLController.pid_kd_lin set to 0.029426
[imu_filter_madgwick_node-3] [INFO] [1770794739.680628763] [imu_filter]: Parameter RLController.pid_kp_ang set to 1.230605
[imu_filter_madgwick_node-3] [INFO] [1770794739.680689693] [imu_filter]: Parameter RLController.pid_ki_ang set to 0.000000
[imu_filter_madgwick_node-3] [INFO] [1770794739.680746430] [imu_filter]: Parameter RLController.pid_kd_ang set to 0.134891
[imu_filter_madgwick_node-3] [INFO] [1770794740.094213518] [imu_filter]: Parameter RLController.pid_kp_lin set to 1.200814
[imu_filter_madgwick_node-3] [INFO] [1770794740.094425427] [imu_filter]: Parameter RLController.pid_ki_lin set to 0.000000
[imu_filter_madgwick_node-3] [INFO] [1770794740.094497460] [imu_filter]: Parameter RLController.pid_kd_lin set to 0.029426
[imu_filter_madgwick_node-3] [INFO] [1770794740.094558486] [imu_filter]: Parameter RLController.pid_kp_ang set to 1.230605
[imu_filter_madgwick_node-3] [INFO] [1770794740.094612695] [imu_filter]: Parameter RLController.pid_ki_ang set to 0.000000
[imu_filter_madgwick_node-3] [INFO] [1770794740.094668120] [imu_filter]: Parameter RLController.pid_kd_ang set to 0.134965
[imu_filter_madgwick_node-3] [INFO] [1770794740.503544615] [imu_filter]: Parameter RLController.pid_kp_lin set to 1.200814
[imu_filter_madgwick_node-3] [INFO] [1770794740.506358819] [imu_filter]: Parameter RLController.pid_ki_lin set to 0.000000
[imu_filter_madgwick_node-3] [INFO] [1770794740.506653097] [imu_filter]: Parameter RLController.pid_kd_lin set to 0.029426
[imu_filter_madgwick_node-3] [INFO] [1770794740.506744139] [imu_filter]: Parameter RLController.pid_kp_ang set to 1.230605
[imu_filter_madgwick_node-3] [INFO] [1770794740.506810668] [imu_filter]: Parameter RLController.pid_ki_ang set to 0.000000
[imu_filter_madgwick_node-3] [INFO] [1770794740.506872718] [imu_filter]: Parameter RLController.pid_kd_ang set to 0.135040
[imu_filter_madgwick_node-3] [INFO] [1770794740.930454836] [imu_filter]: Parameter RLController.pid_kp_lin set to 1.200814
[imu_filter_madgwick_node-3] [INFO] [1770794740.930788891] [imu_filter]: Parameter RLController.pid_ki_lin set to 0.000000
[imu_filter_madgwick_node-3] [INFO] [1770794740.930909278] [imu_filter]: Parameter RLController.pid_kd_lin set to 0.029426
[imu_filter_madgwick_node-3] [INFO] [1770794740.930982752] [imu_filter]: Parameter RLController.pid_kp_ang set to 1.230605
[imu_filter_madgwick_node-3] [INFO] [1770794740.931043105] [imu_filter]: Parameter RLController.pid_ki_ang set to 0.000000
[imu_filter_madgwick_node-3] [INFO] [1770794740.931098498] [imu_filter]: Parameter RLController.pid_kd_ang set to 0.135114
[imu_filter_madgwick_node-3] [INFO] [1770794741.339614666] [imu_filter]: Parameter RLController.pid_kp_lin set to 1.200814
[imu_filter_madgwick_node-3] [INFO] [1770794741.339863759] [imu_filter]: Parameter RLController.pid_ki_lin set to 0.000000
[imu_filter_madgwick_node-3] [INFO] [1770794741.339944657] [imu_filter]: Parameter RLController.pid_kd_lin set to 0.029426
[imu_filter_madgwick_node-3] [INFO] [1770794741.340012754] [imu_filter]: Parameter RLController.pid_kp_ang set to 1.230605
[imu_filter_madgwick_node-3] [INFO] [1770794741.340085780] [imu_filter]: Parameter RLController.pid_ki_ang set to 0.000000
[imu_filter_madgwick_node-3] [INFO] [1770794741.345086750] [imu_filter]: Parameter RLController.pid_kd_ang set to 0.135188
[imu_filter_madgwick_node-3] [INFO] [1770794741.753255134] [imu_filter]: Parameter RLController.pid_kp_lin set to 1.200814
[imu_filter_madgwick_node-3] [INFO] [1770794741.753457730] [imu_filter]: Parameter RLController.pid_ki_lin set to 0.000000
[imu_filter_madgwick_node-3] [INFO] [1770794741.753528196] [imu_filter]: Parameter RLController.pid_kd_lin set to 0.029426
[imu_filter_madgwick_node-3] [INFO] [1770794741.753588741] [imu_filter]: Parameter RLController.pid_kp_ang set to 1.230605
[imu_filter_madgwick_node-3] [INFO] [1770794741.753642822] [imu_filter]: Parameter RLController.pid_ki_ang set to 0.000000
[imu_filter_madgwick_node-3] [INFO] [1770794741.753697831] [imu_filter]: Parameter RLController.pid_kd_ang set to 0.135263
[imu_filter_madgwick_node-3] [INFO] [1770794742.164891048] [imu_filter]: Parameter RLController.pid_kp_lin set to 1.200814
[imu_filter_madgwick_node-3] [INFO] [1770794742.165090220] [imu_filter]: Parameter RLController.pid_ki_lin set to 0.000000
[imu_filter_madgwick_node-3] [INFO] [1770794742.165163469] [imu_filter]: Parameter RLController.pid_kd_lin set to 0.029426
[imu_filter_madgwick_node-3] [INFO] [1770794742.165224431] [imu_filter]: Parameter RLController.pid_kp_ang set to 1.230605
[imu_filter_madgwick_node-3] [INFO] [1770794742.165284464] [imu_filter]: Parameter RLController.pid_ki_ang set to 0.000000
[imu_filter_madgwick_node-3] [INFO] [1770794742.165340657] [imu_filter]: Parameter RLController.pid_kd_ang set to 0.135337
[imu_filter_madgwick_node-3] [INFO] [1770794742.601675526] [imu_filter]: Parameter RLController.pid_kp_lin set to 1.200814
[imu_filter_madgwick_node-3] [INFO] [1770794742.601911019] [imu_filter]: Parameter RLController.pid_ki_lin set to 0.000000
[imu_filter_madgwick_node-3] [INFO] [1770794742.601981452] [imu_filter]: Parameter RLController.pid_kd_lin set to 0.029426
[imu_filter_madgwick_node-3] [INFO] [1770794742.602046894] [imu_filter]: Parameter RLController.pid_kp_ang set to 1.230605
[imu_filter_madgwick_node-3] [INFO] [1770794742.602098191] [imu_filter]: Parameter RLController.pid_ki_ang set to 0.000000
[imu_filter_madgwick_node-3] [INFO] [1770794742.602899200] [imu_filter]: Parameter RLController.pid_kd_ang set to 0.135411
[imu_filter_madgwick_node-3] [INFO] [1770794743.025970812] [imu_filter]: Parameter RLController.pid_kp_lin set to 1.200814
[imu_filter_madgwick_node-3] [INFO] [1770794743.026363876] [imu_filter]: Parameter RLController.pid_ki_lin set to 0.000000
[imu_filter_madgwick_node-3] [INFO] [1770794743.026452422] [imu_filter]: Parameter RLController.pid_kd_lin set to 0.029426
[imu_filter_madgwick_node-3] [INFO] [1770794743.026513223] [imu_filter]: Parameter RLController.pid_kp_ang set to 1.230605
[imu_filter_madgwick_node-3] [INFO] [1770794743.026569000] [imu_filter]: Parameter RLController.pid_ki_ang set to 0.000000
[imu_filter_madgwick_node-3] [INFO] [1770794743.026624937] [imu_filter]: Parameter RLController.pid_kd_ang set to 0.135486
[imu_filter_madgwick_node-3] [INFO] [1770794743.433311018] [imu_filter]: Parameter RLController.pid_kp_lin set to 1.200814
[imu_filter_madgwick_node-3] [INFO] [1770794743.433575184] [imu_filter]: Parameter RLController.pid_ki_lin set to 0.000000
[imu_filter_madgwick_node-3] [INFO] [1770794743.433660530] [imu_filter]: Parameter RLController.pid_kd_lin set to 0.029426
[imu_filter_madgwick_node-3] [INFO] [1770794743.434415778] [imu_filter]: Parameter RLController.pid_kp_ang set to 1.230605
[imu_filter_madgwick_node-3] [INFO] [1770794743.434517732] [imu_filter]: Parameter RLController.pid_ki_ang set to 0.000000
[imu_filter_madgwick_node-3] [INFO] [1770794743.434581285] [imu_filter]: Parameter RLController.pid_kd_ang set to 0.135560
[imu_filter_madgwick_node-3] [INFO] [1770794743.846625080] [imu_filter]: Parameter RLController.pid_kp_lin set to 1.200814
[imu_filter_madgwick_node-3] [INFO] [1770794743.846832188] [imu_filter]: Parameter RLController.pid_ki_lin set to 0.000000
[imu_filter_madgwick_node-3] [INFO] [1770794743.846899038] [imu_filter]: Parameter RLController.pid_kd_lin set to 0.029426
[imu_filter_madgwick_node-3] [INFO] [1770794743.846961759] [imu_filter]: Parameter RLController.pid_kp_ang set to 1.230605
[imu_filter_madgwick_node-3] [INFO] [1770794743.847011232] [imu_filter]: Parameter RLController.pid_ki_ang set to 0.000000
[imu_filter_madgwick_node-3] [INFO] [1770794743.848437950] [imu_filter]: Parameter RLController.pid_kd_ang set to 0.135634
[imu_filter_madgwick_node-3] [INFO] [1770794744.256180501] [imu_filter]: Parameter RLController.pid_kp_lin set to 1.200814
[imu_filter_madgwick_node-3] [INFO] [1770794744.256392058] [imu_filter]: Parameter RLController.pid_ki_lin set to 0.000000
[imu_filter_madgwick_node-3] [INFO] [1770794744.256463675] [imu_filter]: Parameter RLController.pid_kd_lin set to 0.029426
[imu_filter_madgwick_node-3] [INFO] [1770794744.256525277] [imu_filter]: Parameter RLController.pid_kp_ang set to 1.230605
[imu_filter_madgwick_node-3] [INFO] [1770794744.256580894] [imu_filter]: Parameter RLController.pid_ki_ang set to 0.000000
[imu_filter_madgwick_node-3] [INFO] [1770794744.259225430] [imu_filter]: Parameter RLController.pid_kd_ang set to 0.135709
[imu_filter_madgwick_node-3] [INFO] [1770794744.683692015] [imu_filter]: Parameter RLController.pid_kp_lin set to 1.200814
[imu_filter_madgwick_node-3] [INFO] [1770794744.683915060] [imu_filter]: Parameter RLController.pid_ki_lin set to 0.000000
[imu_filter_madgwick_node-3] [INFO] [1770794744.683983093] [imu_filter]: Parameter RLController.pid_kd_lin set to 0.029426
[imu_filter_madgwick_node-3] [INFO] [1770794744.684042583] [imu_filter]: Parameter RLController.pid_kp_ang set to 1.230605
[imu_filter_madgwick_node-3] [INFO] [1770794744.684091032] [imu_filter]: Parameter RLController.pid_ki_ang set to 0.000000
[imu_filter_madgwick_node-3] [INFO] [1770794744.685013675] [imu_filter]: Parameter RLController.pid_kd_ang set to 0.135783
[imu_filter_madgwick_node-3] [INFO] [1770794745.114788693] [imu_filter]: Parameter RLController.pid_kp_lin set to 1.200814
[imu_filter_madgwick_node-3] [INFO] [1770794745.115148541] [imu_filter]: Parameter RLController.pid_ki_lin set to 0.000000
[imu_filter_madgwick_node-3] [INFO] [1770794745.115224670] [imu_filter]: Parameter RLController.pid_kd_lin set to 0.029426
[imu_filter_madgwick_node-3] [INFO] [1770794745.115284608] [imu_filter]: Parameter RLController.pid_kp_ang set to 1.230605
[imu_filter_madgwick_node-3] [INFO] [1770794745.115339937] [imu_filter]: Parameter RLController.pid_ki_ang set to 0.000000
[imu_filter_madgwick_node-3] [INFO] [1770794745.118993134] [imu_filter]: Parameter RLController.pid_kd_ang set to 0.135857
[imu_filter_madgwick_node-3] [INFO] [1770794745.537512202] [imu_filter]: Parameter RLController.pid_kp_lin set to 1.200814
[imu_filter_madgwick_node-3] [INFO] [1770794745.538885927] [imu_filter]: Parameter RLController.pid_ki_lin set to 0.000000
[imu_filter_madgwick_node-3] [INFO] [1770794745.539043850] [imu_filter]: Parameter RLController.pid_kd_lin set to 0.029426
[imu_filter_madgwick_node-3] [INFO] [1770794745.539113771] [imu_filter]: Parameter RLController.pid_kp_ang set to 1.230605
[imu_filter_madgwick_node-3] [INFO] [1770794745.539174541] [imu_filter]: Parameter RLController.pid_ki_ang set to 0.000000
[imu_filter_madgwick_node-3] [INFO] [1770794745.539229678] [imu_filter]: Parameter RLController.pid_kd_ang set to 0.135932
[imu_filter_madgwick_node-3] [INFO] [1770794745.948397411] [imu_filter]: Parameter RLController.pid_kp_lin set to 1.200814
[imu_filter_madgwick_node-3] [INFO] [1770794745.948604744] [imu_filter]: Parameter RLController.pid_ki_lin set to 0.000000
[imu_filter_madgwick_node-3] [INFO] [1770794745.948674153] [imu_filter]: Parameter RLController.pid_kd_lin set to 0.029426
[imu_filter_madgwick_node-3] [INFO] [1770794745.948732427] [imu_filter]: Parameter RLController.pid_kp_ang set to 1.230605
[imu_filter_madgwick_node-3] [INFO] [1770794745.948786348] [imu_filter]: Parameter RLController.pid_ki_ang set to 0.000000
[imu_filter_madgwick_node-3] [INFO] [1770794745.948839725] [imu_filter]: Parameter RLController.pid_kd_ang set to 0.136006
[imu_filter_madgwick_node-3] [INFO] [1770794746.366481238] [imu_filter]: Parameter RLController.pid_kp_lin set to 1.200814
[imu_filter_madgwick_node-3] [INFO] [1770794746.366823677] [imu_filter]: Parameter RLController.pid_ki_lin set to 0.000000
[imu_filter_madgwick_node-3] [INFO] [1770794746.366902847] [imu_filter]: Parameter RLController.pid_kd_lin set to 0.029426
[imu_filter_madgwick_node-3] [INFO] [1770794746.366965472] [imu_filter]: Parameter RLController.pid_kp_ang set to 1.230605
[imu_filter_madgwick_node-3] [INFO] [1770794746.367020097] [imu_filter]: Parameter RLController.pid_ki_ang set to 0.000000
[imu_filter_madgwick_node-3] [INFO] [1770794746.367194277] [imu_filter]: Parameter RLController.pid_kd_ang set to 0.136080
[imu_filter_madgwick_node-3] [INFO] [1770794746.775918001] [imu_filter]: Parameter RLController.pid_kp_lin set to 1.200814
[imu_filter_madgwick_node-3] [INFO] [1770794746.776260344] [imu_filter]: Parameter RLController.pid_ki_lin set to 0.000000
[imu_filter_madgwick_node-3] [INFO] [1770794746.776336346] [imu_filter]: Parameter RLController.pid_kd_lin set to 0.029426
[imu_filter_madgwick_node-3] [INFO] [1770794746.776398267] [imu_filter]: Parameter RLController.pid_kp_ang set to 1.230605
[imu_filter_madgwick_node-3] [INFO] [1770794746.776458076] [imu_filter]: Parameter RLController.pid_ki_ang set to 0.000000
[imu_filter_madgwick_node-3] [INFO] [1770794746.776512317] [imu_filter]: Parameter RLController.pid_kd_ang set to 0.136155
[imu_filter_madgwick_node-3] [INFO] [1770794747.203010946] [imu_filter]: Parameter RLController.pid_kp_lin set to 1.200814
[imu_filter_madgwick_node-3] [INFO] [1770794747.203243303] [imu_filter]: Parameter RLController.pid_ki_lin set to 0.000000
[imu_filter_madgwick_node-3] [INFO] [1770794747.203320680] [imu_filter]: Parameter RLController.pid_kd_lin set to 0.029426
[imu_filter_madgwick_node-3] [INFO] [1770794747.203386090] [imu_filter]: Parameter RLController.pid_kp_ang set to 1.230605
[imu_filter_madgwick_node-3] [INFO] [1770794747.206024130] [imu_filter]: Parameter RLController.pid_ki_ang set to 0.000000
[imu_filter_madgwick_node-3] [INFO] [1770794747.206383305] [imu_filter]: Parameter RLController.pid_kd_ang set to 0.136229
[imu_filter_madgwick_node-3] [INFO] [1770794747.644622822] [imu_filter]: Parameter RLController.pid_kp_lin set to 1.200814
[imu_filter_madgwick_node-3] [INFO] [1770794747.644816458] [imu_filter]: Parameter RLController.pid_ki_lin set to 0.000000
[imu_filter_madgwick_node-3] [INFO] [1770794747.644884364] [imu_filter]: Parameter RLController.pid_kd_lin set to 0.029426
[imu_filter_madgwick_node-3] [INFO] [1770794747.644944781] [imu_filter]: Parameter RLController.pid_kp_ang set to 1.230605
[imu_filter_madgwick_node-3] [INFO] [1770794747.644997678] [imu_filter]: Parameter RLController.pid_ki_ang set to 0.000000
[imu_filter_madgwick_node-3] [INFO] [1770794747.645050671] [imu_filter]: Parameter RLController.pid_kd_ang set to 0.136303
[imu_filter_madgwick_node-3] [INFO] [1770794748.053136814] [imu_filter]: Parameter RLController.pid_kp_lin set to 1.200814
[imu_filter_madgwick_node-3] [INFO] [1770794748.053367219] [imu_filter]: Parameter RLController.pid_ki_lin set to 0.000000
[imu_filter_madgwick_node-3] [INFO] [1770794748.053439508] [imu_filter]: Parameter RLController.pid_kd_lin set to 0.029426
[imu_filter_madgwick_node-3] [INFO] [1770794748.053513046] [imu_filter]: Parameter RLController.pid_kp_ang set to 1.230605
[imu_filter_madgwick_node-3] [INFO] [1770794748.053594488] [imu_filter]: Parameter RLController.pid_ki_ang set to 0.000000
[imu_filter_madgwick_node-3] [INFO] [1770794748.053794876] [imu_filter]: Parameter RLController.pid_kd_ang set to 0.136378
[imu_filter_madgwick_node-3] [INFO] [1770794748.471332931] [imu_filter]: Parameter RLController.pid_kp_lin set to 1.200814
[imu_filter_madgwick_node-3] [INFO] [1770794748.471580968] [imu_filter]: Parameter RLController.pid_ki_lin set to 0.000000
[imu_filter_madgwick_node-3] [INFO] [1770794748.471659337] [imu_filter]: Parameter RLController.pid_kd_lin set to 0.029426
[imu_filter_madgwick_node-3] [INFO] [1770794748.471722411] [imu_filter]: Parameter RLController.pid_kp_ang set to 1.230605
[imu_filter_madgwick_node-3] [INFO] [1770794748.471778700] [imu_filter]: Parameter RLController.pid_ki_ang set to 0.000000
[imu_filter_madgwick_node-3] [INFO] [1770794748.471836973] [imu_filter]: Parameter RLController.pid_kd_ang set to 0.136452
[imu_filter_madgwick_node-3] [INFO] [1770794748.898486485] [imu_filter]: Parameter RLController.pid_kp_lin set to 1.200814
[imu_filter_madgwick_node-3] [INFO] [1770794748.898674521] [imu_filter]: Parameter RLController.pid_ki_lin set to 0.000000
[imu_filter_madgwick_node-3] [INFO] [1770794748.898743002] [imu_filter]: Parameter RLController.pid_kd_lin set to 0.029426
[imu_filter_madgwick_node-3] [INFO] [1770794748.898804732] [imu_filter]: Parameter RLController.pid_kp_ang set to 1.230605
[imu_filter_madgwick_node-3] [INFO] [1770794748.898858589] [imu_filter]: Parameter RLController.pid_ki_ang set to 0.000000
[imu_filter_madgwick_node-3] [INFO] [1770794748.898911646] [imu_filter]: Parameter RLController.pid_kd_ang set to 0.136526
[imu_filter_madgwick_node-3] [INFO] [1770794749.316614568] [imu_filter]: Parameter RLController.pid_kp_lin set to 1.200814
[imu_filter_madgwick_node-3] [INFO] [1770794749.316985584] [imu_filter]: Parameter RLController.pid_ki_lin set to 0.000000
[imu_filter_madgwick_node-3] [INFO] [1770794749.317071954] [imu_filter]: Parameter RLController.pid_kd_lin set to 0.029426
[imu_filter_madgwick_node-3] [INFO] [1770794749.317136627] [imu_filter]: Parameter RLController.pid_kp_ang set to 1.230605
[imu_filter_madgwick_node-3] [INFO] [1770794749.317192436] [imu_filter]: Parameter RLController.pid_ki_ang set to 0.000000
[imu_filter_madgwick_node-3] [INFO] [1770794749.323795264] [imu_filter]: Parameter RLController.pid_kd_ang set to 0.136601
[imu_filter_madgwick_node-3] [INFO] [1770794749.729846260] [imu_filter]: Parameter RLController.pid_kp_lin set to 1.200814
[imu_filter_madgwick_node-3] [INFO] [1770794749.730074552] [imu_filter]: Parameter RLController.pid_ki_lin set to 0.000000
[imu_filter_madgwick_node-3] [INFO] [1770794749.730144186] [imu_filter]: Parameter RLController.pid_kd_lin set to 0.029426
[imu_filter_madgwick_node-3] [INFO] [1770794749.730205851] [imu_filter]: Parameter RLController.pid_kp_ang set to 1.230605
[imu_filter_madgwick_node-3] [INFO] [1770794749.730260668] [imu_filter]: Parameter RLController.pid_ki_ang set to 0.000000
[imu_filter_madgwick_node-3] [INFO] [1770794749.730315358] [imu_filter]: Parameter RLController.pid_kd_ang set to 0.136675
[imu_filter_madgwick_node-3] [INFO] [1770794750.147836292] [imu_filter]: Parameter RLController.pid_kp_lin set to 1.200814
[imu_filter_madgwick_node-3] [INFO] [1770794750.148178187] [imu_filter]: Parameter RLController.pid_ki_lin set to 0.000000
[imu_filter_madgwick_node-3] [INFO] [1770794750.148289357] [imu_filter]: Parameter RLController.pid_kd_lin set to 0.029426
[imu_filter_madgwick_node-3] [INFO] [1770794750.148361135] [imu_filter]: Parameter RLController.pid_kp_ang set to 1.230605
[imu_filter_madgwick_node-3] [INFO] [1770794750.148419920] [imu_filter]: Parameter RLController.pid_ki_ang set to 0.000000
[imu_filter_madgwick_node-3] [INFO] [1770794750.148473905] [imu_filter]: Parameter RLController.pid_kd_ang set to 0.136749
[imu_filter_madgwick_node-3] [INFO] [1770794750.561468440] [imu_filter]: Parameter RLController.pid_kp_lin set to 1.200814
[imu_filter_madgwick_node-3] [INFO] [1770794750.561667580] [imu_filter]: Parameter RLController.pid_ki_lin set to 0.000000
[imu_filter_madgwick_node-3] [INFO] [1770794750.561825567] [imu_filter]: Parameter RLController.pid_kd_lin set to 0.029426
[imu_filter_madgwick_node-3] [INFO] [1770794750.561905505] [imu_filter]: Parameter RLController.pid_kp_ang set to 1.230605
[imu_filter_madgwick_node-3] [INFO] [1770794750.562241032] [imu_filter]: Parameter RLController.pid_ki_ang set to 0.000000
[imu_filter_madgwick_node-3] [INFO] [1770794750.562313386] [imu_filter]: Parameter RLController.pid_kd_ang set to 0.136824
[imu_filter_madgwick_node-3] [INFO] [1770794750.988797518] [imu_filter]: Parameter RLController.pid_kp_lin set to 1.200814
[imu_filter_madgwick_node-3] [INFO] [1770794750.988993874] [imu_filter]: Parameter RLController.pid_ki_lin set to 0.000000
[imu_filter_madgwick_node-3] [INFO] [1770794750.989064724] [imu_filter]: Parameter RLController.pid_kd_lin set to 0.029426
[imu_filter_madgwick_node-3] [INFO] [1770794750.990863770] [imu_filter]: Parameter RLController.pid_kp_ang set to 1.230605
[imu_filter_madgwick_node-3] [INFO] [1770794750.991045437] [imu_filter]: Parameter RLController.pid_ki_ang set to 0.000000
[imu_filter_madgwick_node-3] [INFO] [1770794750.991111999] [imu_filter]: Parameter RLController.pid_kd_ang set to 0.136898
[imu_filter_madgwick_node-3] [INFO] [1770794751.405327519] [imu_filter]: Parameter RLController.pid_kp_lin set to 1.200814
[imu_filter_madgwick_node-3] [INFO] [1770794751.405557924] [imu_filter]: Parameter RLController.pid_ki_lin set to 0.000000
[imu_filter_madgwick_node-3] [INFO] [1770794751.405630950] [imu_filter]: Parameter RLController.pid_kd_lin set to 0.029426
[imu_filter_madgwick_node-3] [INFO] [1770794751.405696103] [imu_filter]: Parameter RLController.pid_kp_ang set to 1.230605
[imu_filter_madgwick_node-3] [INFO] [1770794751.405784809] [imu_filter]: Parameter RLController.pid_ki_ang set to 0.000000
[imu_filter_madgwick_node-3] [INFO] [1770794751.405847370] [imu_filter]: Parameter RLController.pid_kd_ang set to 0.136972
[imu_filter_madgwick_node-3] [INFO] [1770794751.826221965] [imu_filter]: Parameter RLController.pid_kp_lin set to 1.200814
[imu_filter_madgwick_node-3] [INFO] [1770794751.826433906] [imu_filter]: Parameter RLController.pid_ki_lin set to 0.000000
[imu_filter_madgwick_node-3] [INFO] [1770794751.826502995] [imu_filter]: Parameter RLController.pid_kd_lin set to 0.029426
[imu_filter_madgwick_node-3] [INFO] [1770794751.826828538] [imu_filter]: Parameter RLController.pid_kp_ang set to 1.230605
[imu_filter_madgwick_node-3] [INFO] [1770794751.826923260] [imu_filter]: Parameter RLController.pid_ki_ang set to 0.000000
[imu_filter_madgwick_node-3] [INFO] [1770794751.826982013] [imu_filter]: Parameter RLController.pid_kd_ang set to 0.137047
[imu_filter_madgwick_node-3] [INFO] [1770794752.239400791] [imu_filter]: Parameter RLController.pid_kp_lin set to 1.200814
[imu_filter_madgwick_node-3] [INFO] [1770794752.239622972] [imu_filter]: Parameter RLController.pid_ki_lin set to 0.000000
[imu_filter_madgwick_node-3] [INFO] [1770794752.239700926] [imu_filter]: Parameter RLController.pid_kd_lin set to 0.029426
[imu_filter_madgwick_node-3] [INFO] [1770794752.239763583] [imu_filter]: Parameter RLController.pid_kp_ang set to 1.230605
[imu_filter_madgwick_node-3] [INFO] [1770794752.239821408] [imu_filter]: Parameter RLController.pid_ki_ang set to 0.000000
[imu_filter_madgwick_node-3] [INFO] [1770794752.239875650] [imu_filter]: Parameter RLController.pid_kd_ang set to 0.137121
[imu_filter_madgwick_node-3] [INFO] [1770794752.657818993] [imu_filter]: Parameter RLController.pid_kp_lin set to 1.200814
[imu_filter_madgwick_node-3] [INFO] [1770794752.658142456] [imu_filter]: Parameter RLController.pid_ki_lin set to 0.000000
[imu_filter_madgwick_node-3] [INFO] [1770794752.658414429] [imu_filter]: Parameter RLController.pid_kd_lin set to 0.029426
[imu_filter_madgwick_node-3] [INFO] [1770794752.658495167] [imu_filter]: Parameter RLController.pid_kp_ang set to 1.230605
[imu_filter_madgwick_node-3] [INFO] [1770794752.658555936] [imu_filter]: Parameter RLController.pid_ki_ang set to 0.000000
[imu_filter_madgwick_node-3] [INFO] [1770794752.658612290] [imu_filter]: Parameter RLController.pid_kd_ang set to 0.137195
[imu_filter_madgwick_node-3] [INFO] [1770794753.073435951] [imu_filter]: Parameter RLController.pid_kp_lin set to 1.200814
[imu_filter_madgwick_node-3] [INFO] [1770794753.073657780] [imu_filter]: Parameter RLController.pid_ki_lin set to 0.000000
[imu_filter_madgwick_node-3] [INFO] [1770794753.073749045] [imu_filter]: Parameter RLController.pid_kd_lin set to 0.029426
[imu_filter_madgwick_node-3] [INFO] [1770794753.073814519] [imu_filter]: Parameter RLController.pid_kp_ang set to 1.230605
[imu_filter_madgwick_node-3] [INFO] [1770794753.076818294] [imu_filter]: Parameter RLController.pid_ki_ang set to 0.000000
[imu_filter_madgwick_node-3] [INFO] [1770794753.076991930] [imu_filter]: Parameter RLController.pid_kd_ang set to 0.137270
[imu_filter_madgwick_node-3] [INFO] [1770794753.490547085] [imu_filter]: Parameter RLController.pid_kp_lin set to 1.200814
[imu_filter_madgwick_node-3] [INFO] [1770794753.490757937] [imu_filter]: Parameter RLController.pid_ki_lin set to 0.000000
[imu_filter_madgwick_node-3] [INFO] [1770794753.490833651] [imu_filter]: Parameter RLController.pid_kd_lin set to 0.029426
[imu_filter_madgwick_node-3] [INFO] [1770794753.490897108] [imu_filter]: Parameter RLController.pid_kp_ang set to 1.230605
[imu_filter_madgwick_node-3] [INFO] [1770794753.490959029] [imu_filter]: Parameter RLController.pid_ki_ang set to 0.000000
[imu_filter_madgwick_node-3] [INFO] [1770794753.491018935] [imu_filter]: Parameter RLController.pid_kd_ang set to 0.137344
[imu_filter_madgwick_node-3] [INFO] [1770794753.907859694] [imu_filter]: Parameter RLController.pid_kp_lin set to 1.200814
[imu_filter_madgwick_node-3] [INFO] [1770794753.908053043] [imu_filter]: Parameter RLController.pid_ki_lin set to 0.000000
[imu_filter_madgwick_node-3] [INFO] [1770794753.908124084] [imu_filter]: Parameter RLController.pid_kd_lin set to 0.029426
[imu_filter_madgwick_node-3] [INFO] [1770794753.908184693] [imu_filter]: Parameter RLController.pid_kp_ang set to 1.230605
[imu_filter_madgwick_node-3] [INFO] [1770794753.908240215] [imu_filter]: Parameter RLController.pid_ki_ang set to 0.000000
[imu_filter_madgwick_node-3] [INFO] [1770794753.908294072] [imu_filter]: Parameter RLController.pid_kd_ang set to 0.137418
[imu_filter_madgwick_node-3] [INFO] [1770794754.348331707] [imu_filter]: Parameter RLController.pid_kp_lin set to 1.200814
[imu_filter_madgwick_node-3] [INFO] [1770794754.348555615] [imu_filter]: Parameter RLController.pid_ki_lin set to 0.000000
[imu_filter_madgwick_node-3] [INFO] [1770794754.352587349] [imu_filter]: Parameter RLController.pid_kd_lin set to 0.029426
[imu_filter_madgwick_node-3] [INFO] [1770794754.352935996] [imu_filter]: Parameter RLController.pid_kp_ang set to 1.230605
[imu_filter_madgwick_node-3] [INFO] [1770794754.353023806] [imu_filter]: Parameter RLController.pid_ki_ang set to 0.000000
[imu_filter_madgwick_node-3] [INFO] [1770794754.353088767] [imu_filter]: Parameter RLController.pid_kd_ang set to 0.137493
[imu_filter_madgwick_node-3] [INFO] [1770794754.765890146] [imu_filter]: Parameter RLController.pid_kp_lin set to 1.200814
[imu_filter_madgwick_node-3] [INFO] [1770794754.766237801] [imu_filter]: Parameter RLController.pid_ki_lin set to 0.000000
[imu_filter_madgwick_node-3] [INFO] [1770794754.766319883] [imu_filter]: Parameter RLController.pid_kd_lin set to 0.029426
[imu_filter_madgwick_node-3] [INFO] [1770794754.766389100] [imu_filter]: Parameter RLController.pid_kp_ang set to 1.230605
[imu_filter_madgwick_node-3] [INFO] [1770794754.766446094] [imu_filter]: Parameter RLController.pid_ki_ang set to 0.000000
[imu_filter_madgwick_node-3] [INFO] [1770794754.766501295] [imu_filter]: Parameter RLController.pid_kd_ang set to 0.137567
[imu_filter_madgwick_node-3] [INFO] [1770794755.177048578] [imu_filter]: Parameter RLController.pid_kp_lin set to 1.200814
[imu_filter_madgwick_node-3] [INFO] [1770794755.177263718] [imu_filter]: Parameter RLController.pid_ki_lin set to 0.000000
[imu_filter_madgwick_node-3] [INFO] [1770794755.177340296] [imu_filter]: Parameter RLController.pid_kd_lin set to 0.029426
[imu_filter_madgwick_node-3] [INFO] [1770794755.177402057] [imu_filter]: Parameter RLController.pid_kp_ang set to 1.230605
[imu_filter_madgwick_node-3] [INFO] [1770794755.177458826] [imu_filter]: Parameter RLController.pid_ki_ang set to 0.000000
[imu_filter_madgwick_node-3] [INFO] [1770794755.177516875] [imu_filter]: Parameter RLController.pid_kd_ang set to 0.137641
[imu_filter_madgwick_node-3] [INFO] [1770794755.589413787] [imu_filter]: Parameter RLController.pid_kp_lin set to 1.200814
[imu_filter_madgwick_node-3] [INFO] [1770794755.589606399] [imu_filter]: Parameter RLController.pid_ki_lin set to 0.000000
[imu_filter_madgwick_node-3] [INFO] [1770794755.589679648] [imu_filter]: Parameter RLController.pid_kd_lin set to 0.029426
[imu_filter_madgwick_node-3] [INFO] [1770794755.589886853] [imu_filter]: Parameter RLController.pid_kp_ang set to 1.230605
[imu_filter_madgwick_node-3] [INFO] [1770794755.589959814] [imu_filter]: Parameter RLController.pid_ki_ang set to 0.000000
[imu_filter_madgwick_node-3] [INFO] [1770794755.590020040] [imu_filter]: Parameter RLController.pid_kd_ang set to 0.137716
[imu_filter_madgwick_node-3] [INFO] [1770794755.997495769] [imu_filter]: Parameter RLController.pid_kp_lin set to 1.200814
[imu_filter_madgwick_node-3] [INFO] [1770794755.997747167] [imu_filter]: Parameter RLController.pid_ki_lin set to 0.000000
[imu_filter_madgwick_node-3] [INFO] [1770794755.997836064] [imu_filter]: Parameter RLController.pid_kd_lin set to 0.029426
[imu_filter_madgwick_node-3] [INFO] [1770794755.997901410] [imu_filter]: Parameter RLController.pid_kp_ang set to 1.230605
[imu_filter_madgwick_node-3] [INFO] [1770794755.997959875] [imu_filter]: Parameter RLController.pid_ki_ang set to 0.000000
[imu_filter_madgwick_node-3] [INFO] [1770794755.998016356] [imu_filter]: Parameter RLController.pid_kd_ang set to 0.137790
[imu_filter_madgwick_node-3] [INFO] [1770794756.408524374] [imu_filter]: Parameter RLController.pid_kp_lin set to 1.200814
[imu_filter_madgwick_node-3] [INFO] [1770794756.408786780] [imu_filter]: Parameter RLController.pid_ki_lin set to 0.000000
[imu_filter_madgwick_node-3] [INFO] [1770794756.408886366] [imu_filter]: Parameter RLController.pid_kd_lin set to 0.029426
[imu_filter_madgwick_node-3] [INFO] [1770794756.409033441] [imu_filter]: Parameter RLController.pid_kp_ang set to 1.230605
[imu_filter_madgwick_node-3] [INFO] [1770794756.409118275] [imu_filter]: Parameter RLController.pid_ki_ang set to 0.000000
[imu_filter_madgwick_node-3] [INFO] [1770794756.409182372] [imu_filter]: Parameter RLController.pid_kd_ang set to 0.137864
[imu_filter_madgwick_node-3] [INFO] [1770794756.837556176] [imu_filter]: Parameter RLController.pid_kp_lin set to 1.200814
[imu_filter_madgwick_node-3] [INFO] [1770794756.837909720] [imu_filter]: Parameter RLController.pid_ki_lin set to 0.000000
[imu_filter_madgwick_node-3] [INFO] [1770794756.838033530] [imu_filter]: Parameter RLController.pid_kd_lin set to 0.029426
[imu_filter_madgwick_node-3] [INFO] [1770794756.838110780] [imu_filter]: Parameter RLController.pid_kp_ang set to 1.230605
[imu_filter_madgwick_node-3] [INFO] [1770794756.838175421] [imu_filter]: Parameter RLController.pid_ki_ang set to 0.000000
[imu_filter_madgwick_node-3] [INFO] [1770794756.838232479] [imu_filter]: Parameter RLController.pid_kd_ang set to 0.137939
[imu_filter_madgwick_node-3] [INFO] [1770794757.246698789] [imu_filter]: Parameter RLController.pid_kp_lin set to 1.200814
[imu_filter_madgwick_node-3] [INFO] [1770794757.246934026] [imu_filter]: Parameter RLController.pid_ki_lin set to 0.000000
[imu_filter_madgwick_node-3] [INFO] [1770794757.247003884] [imu_filter]: Parameter RLController.pid_kd_lin set to 0.029426
[imu_filter_madgwick_node-3] [INFO] [1770794757.247067501] [imu_filter]: Parameter RLController.pid_kp_ang set to 1.230605
[imu_filter_madgwick_node-3] [INFO] [1770794757.249491808] [imu_filter]: Parameter RLController.pid_ki_ang set to 0.000000
[imu_filter_madgwick_node-3] [INFO] [1770794757.251565228] [imu_filter]: Parameter RLController.pid_kd_ang set to 0.138013
[imu_filter_madgwick_node-3] [INFO] [1770794757.663795587] [imu_filter]: Parameter RLController.pid_kp_lin set to 1.200814
[imu_filter_madgwick_node-3] [INFO] [1770794757.665031709] [imu_filter]: Parameter RLController.pid_ki_lin set to 0.000000
[imu_filter_madgwick_node-3] [INFO] [1770794757.665181376] [imu_filter]: Parameter RLController.pid_kd_lin set to 0.029426
[imu_filter_madgwick_node-3] [INFO] [1770794757.670089928] [imu_filter]: Parameter RLController.pid_kp_ang set to 1.230605
[imu_filter_madgwick_node-3] [INFO] [1770794757.670304268] [imu_filter]: Parameter RLController.pid_ki_ang set to 0.000000
[imu_filter_madgwick_node-3] [INFO] [1770794757.672013169] [imu_filter]: Parameter RLController.pid_kd_ang set to 0.138087
[imu_filter_madgwick_node-3] [INFO] [1770794758.077893216] [imu_filter]: Parameter RLController.pid_kp_lin set to 1.200814
[imu_filter_madgwick_node-3] [INFO] [1770794758.078107429] [imu_filter]: Parameter RLController.pid_ki_lin set to 0.000000
[imu_filter_madgwick_node-3] [INFO] [1770794758.078176998] [imu_filter]: Parameter RLController.pid_kd_lin set to 0.029426
[imu_filter_madgwick_node-3] [INFO] [1770794758.078237032] [imu_filter]: Parameter RLController.pid_kp_ang set to 1.230605
[imu_filter_madgwick_node-3] [INFO] [1770794758.078295273] [imu_filter]: Parameter RLController.pid_ki_ang set to 0.000000
[imu_filter_madgwick_node-3] [INFO] [1770794758.078349130] [imu_filter]: Parameter RLController.pid_kd_ang set to 0.138162
[imu_filter_madgwick_node-3] [INFO] [1770794758.493551359] [imu_filter]: Parameter RLController.pid_kp_lin set to 1.200814
[imu_filter_madgwick_node-3] [INFO] [1770794758.493918791] [imu_filter]: Parameter RLController.pid_ki_lin set to 0.000000
[imu_filter_madgwick_node-3] [INFO] [1770794758.494004649] [imu_filter]: Parameter RLController.pid_kd_lin set to 0.029426
[imu_filter_madgwick_node-3] [INFO] [1770794758.494069258] [imu_filter]: Parameter RLController.pid_kp_ang set to 1.230605
[imu_filter_madgwick_node-3] [INFO] [1770794758.494126764] [imu_filter]: Parameter RLController.pid_ki_ang set to 0.000000
[imu_filter_madgwick_node-3] [INFO] [1770794758.494306575] [imu_filter]: Parameter RLController.pid_kd_ang set to 0.138236
[imu_filter_madgwick_node-3] [INFO] [1770794758.904464026] [imu_filter]: Parameter RLController.pid_kp_lin set to 1.200814
[imu_filter_madgwick_node-3] [INFO] [1770794758.904671710] [imu_filter]: Parameter RLController.pid_ki_lin set to 0.000000
[imu_filter_madgwick_node-3] [INFO] [1770794758.904743680] [imu_filter]: Parameter RLController.pid_kd_lin set to 0.029426
[imu_filter_madgwick_node-3] [INFO] [1770794758.904799489] [imu_filter]: Parameter RLController.pid_kp_ang set to 1.230605
[imu_filter_madgwick_node-3] [INFO] [1770794758.905890552] [imu_filter]: Parameter RLController.pid_ki_ang set to 0.000000
[imu_filter_madgwick_node-3] [INFO] [1770794758.906251520] [imu_filter]: Parameter RLController.pid_kd_ang set to 0.138310
[imu_filter_madgwick_node-3] [INFO] [1770794759.317315517] [imu_filter]: Parameter RLController.pid_kp_lin set to 1.200814
[imu_filter_madgwick_node-3] [INFO] [1770794759.317528386] [imu_filter]: Parameter RLController.pid_ki_lin set to 0.000000
[imu_filter_madgwick_node-3] [INFO] [1770794759.317665765] [imu_filter]: Parameter RLController.pid_kd_lin set to 0.029426
[imu_filter_madgwick_node-3] [INFO] [1770794759.317768871] [imu_filter]: Parameter RLController.pid_kp_ang set to 1.230605
[imu_filter_madgwick_node-3] [INFO] [1770794759.317877865] [imu_filter]: Parameter RLController.pid_ki_ang set to 0.000000
[imu_filter_madgwick_node-3] [INFO] [1770794759.317962667] [imu_filter]: Parameter RLController.pid_kd_ang set to 0.138385
[imu_filter_madgwick_node-3] [INFO] [1770794759.735933595] [imu_filter]: Parameter RLController.pid_kp_lin set to 1.200814
[imu_filter_madgwick_node-3] [INFO] [1770794759.736150336] [imu_filter]: Parameter RLController.pid_ki_lin set to 0.000000
[imu_filter_madgwick_node-3] [INFO] [1770794759.736223489] [imu_filter]: Parameter RLController.pid_kd_lin set to 0.029426
[imu_filter_madgwick_node-3] [INFO] [1770794759.736288290] [imu_filter]: Parameter RLController.pid_kp_ang set to 1.230605
[imu_filter_madgwick_node-3] [INFO] [1770794759.740794242] [imu_filter]: Parameter RLController.pid_ki_ang set to 0.000000
[imu_filter_madgwick_node-3] [INFO] [1770794759.741115273] [imu_filter]: Parameter RLController.pid_kd_ang set to 0.138459
[imu_filter_madgwick_node-3] [INFO] [1770794760.144606246] [imu_filter]: Parameter RLController.pid_kp_lin set to 1.200814
[imu_filter_madgwick_node-3] [INFO] [1770794760.144995822] [imu_filter]: Parameter RLController.pid_ki_lin set to 0.000000
[imu_filter_madgwick_node-3] [INFO] [1770794760.145083440] [imu_filter]: Parameter RLController.pid_kd_lin set to 0.029426
[imu_filter_madgwick_node-3] [INFO] [1770794760.145146929] [imu_filter]: Parameter RLController.pid_kp_ang set to 1.230605
[imu_filter_madgwick_node-3] [INFO] [1770794760.145207571] [imu_filter]: Parameter RLController.pid_ki_ang set to 0.000000
[imu_filter_madgwick_node-3] [INFO] [1770794760.145262996] [imu_filter]: Parameter RLController.pid_kd_ang set to 0.138533
[imu_filter_madgwick_node-3] [INFO] [1770794760.556501813] [imu_filter]: Parameter RLController.pid_kp_lin set to 1.200814
[imu_filter_madgwick_node-3] [INFO] [1770794760.556848285] [imu_filter]: Parameter RLController.pid_ki_lin set to 0.000000
[imu_filter_madgwick_node-3] [INFO] [1770794760.556940895] [imu_filter]: Parameter RLController.pid_kd_lin set to 0.029426
[imu_filter_madgwick_node-3] [INFO] [1770794760.557003360] [imu_filter]: Parameter RLController.pid_kp_ang set to 1.230605
[imu_filter_madgwick_node-3] [INFO] [1770794760.557059457] [imu_filter]: Parameter RLController.pid_ki_ang set to 0.000000
[imu_filter_madgwick_node-3] [INFO] [1770794760.557115842] [imu_filter]: Parameter RLController.pid_kd_ang set to 0.138608
[imu_filter_madgwick_node-3] [INFO] [1770794760.975156628] [imu_filter]: Parameter RLController.pid_kp_lin set to 1.200814
[imu_filter_madgwick_node-3] [INFO] [1770794760.975357752] [imu_filter]: Parameter RLController.pid_ki_lin set to 0.000000
[imu_filter_madgwick_node-3] [INFO] [1770794760.975426585] [imu_filter]: Parameter RLController.pid_kd_lin set to 0.029426
[imu_filter_madgwick_node-3] [INFO] [1770794760.975486171] [imu_filter]: Parameter RLController.pid_kp_ang set to 1.230605
[imu_filter_madgwick_node-3] [INFO] [1770794760.975540092] [imu_filter]: Parameter RLController.pid_ki_ang set to 0.000000
[imu_filter_madgwick_node-3] [INFO] [1770794760.975592925] [imu_filter]: Parameter RLController.pid_kd_ang set to 0.138682
[imu_filter_madgwick_node-3] [INFO] [1770794761.391475617] [imu_filter]: Parameter RLController.pid_kp_lin set to 1.200814
[imu_filter_madgwick_node-3] [INFO] [1770794761.391930730] [imu_filter]: Parameter RLController.pid_ki_lin set to 0.000000
[imu_filter_madgwick_node-3] [INFO] [1770794761.392036652] [imu_filter]: Parameter RLController.pid_kd_lin set to 0.029426
[imu_filter_madgwick_node-3] [INFO] [1770794761.392111726] [imu_filter]: Parameter RLController.pid_kp_ang set to 1.230605
[imu_filter_madgwick_node-3] [INFO] [1770794761.392172527] [imu_filter]: Parameter RLController.pid_ki_ang set to 0.000000
[imu_filter_madgwick_node-3] [INFO] [1770794761.392228656] [imu_filter]: Parameter RLController.pid_kd_ang set to 0.138756
[imu_filter_madgwick_node-3] [INFO] [1770794761.804016029] [imu_filter]: Parameter RLController.pid_kp_lin set to 1.200814
[imu_filter_madgwick_node-3] [INFO] [1770794761.804361989] [imu_filter]: Parameter RLController.pid_ki_lin set to 0.000000
[imu_filter_madgwick_node-3] [INFO] [1770794761.804440230] [imu_filter]: Parameter RLController.pid_kd_lin set to 0.029426
[imu_filter_madgwick_node-3] [INFO] [1770794761.804505352] [imu_filter]: Parameter RLController.pid_kp_ang set to 1.230605
[imu_filter_madgwick_node-3] [INFO] [1770794761.804560361] [imu_filter]: Parameter RLController.pid_ki_ang set to 0.000000
[imu_filter_madgwick_node-3] [INFO] [1770794761.804615530] [imu_filter]: Parameter RLController.pid_kd_ang set to 0.138831
[imu_filter_madgwick_node-3] [INFO] [1770794762.216688125] [imu_filter]: Parameter RLController.pid_kp_lin set to 1.200814
[imu_filter_madgwick_node-3] [INFO] [1770794762.216919682] [imu_filter]: Parameter RLController.pid_ki_lin set to 0.000000
[imu_filter_madgwick_node-3] [INFO] [1770794762.216987396] [imu_filter]: Parameter RLController.pid_kd_lin set to 0.029426
[imu_filter_madgwick_node-3] [INFO] [1770794762.217046437] [imu_filter]: Parameter RLController.pid_kp_ang set to 1.230605
[imu_filter_madgwick_node-3] [INFO] [1770794762.217098182] [imu_filter]: Parameter RLController.pid_ki_ang set to 0.000000
[imu_filter_madgwick_node-3] [INFO] [1770794762.217152359] [imu_filter]: Parameter RLController.pid_kd_ang set to 0.138905
[imu_filter_madgwick_node-3] [INFO] [1770794762.658637545] [imu_filter]: Parameter RLController.pid_kp_lin set to 1.200814
[imu_filter_madgwick_node-3] [INFO] [1770794762.665701406] [imu_filter]: Parameter RLController.pid_ki_lin set to 0.000000
[imu_filter_madgwick_node-3] [INFO] [1770794762.666053126] [imu_filter]: Parameter RLController.pid_kd_lin set to 0.029426
[imu_filter_madgwick_node-3] [INFO] [1770794762.666138055] [imu_filter]: Parameter RLController.pid_kp_ang set to 1.230605
[imu_filter_madgwick_node-3] [INFO] [1770794762.666201353] [imu_filter]: Parameter RLController.pid_ki_ang set to 0.000000
[imu_filter_madgwick_node-3] [INFO] [1770794762.666265546] [imu_filter]: Parameter RLController.pid_kd_ang set to 0.138979
[imu_filter_madgwick_node-3] [INFO] [1770794763.078389822] [imu_filter]: Parameter RLController.pid_kp_lin set to 1.200814
[imu_filter_madgwick_node-3] [INFO] [1770794763.078598627] [imu_filter]: Parameter RLController.pid_ki_lin set to 0.000000
[imu_filter_madgwick_node-3] [INFO] [1770794763.078669124] [imu_filter]: Parameter RLController.pid_kd_lin set to 0.029426
[imu_filter_madgwick_node-3] [INFO] [1770794763.078733318] [imu_filter]: Parameter RLController.pid_kp_ang set to 1.230605
[imu_filter_madgwick_node-3] [INFO] [1770794763.078792295] [imu_filter]: Parameter RLController.pid_ki_ang set to 0.000000
[imu_filter_madgwick_node-3] [INFO] [1770794763.078852040] [imu_filter]: Parameter RLController.pid_kd_ang set to 0.139054
[imu_filter_madgwick_node-3] [INFO] [1770794763.502337389] [imu_filter]: Parameter RLController.pid_kp_lin set to 1.200814
[imu_filter_madgwick_node-3] [INFO] [1770794763.502535473] [imu_filter]: Parameter RLController.pid_ki_lin set to 0.000000
[imu_filter_madgwick_node-3] [INFO] [1770794763.502606802] [imu_filter]: Parameter RLController.pid_kd_lin set to 0.029426
[imu_filter_madgwick_node-3] [INFO] [1770794763.502668884] [imu_filter]: Parameter RLController.pid_kp_ang set to 1.230605
[imu_filter_madgwick_node-3] [INFO] [1770794763.502723797] [imu_filter]: Parameter RLController.pid_ki_ang set to 0.000000
[imu_filter_madgwick_node-3] [INFO] [1770794763.502776854] [imu_filter]: Parameter RLController.pid_kd_ang set to 0.139128
[imu_filter_madgwick_node-3] [INFO] [1770794763.928953844] [imu_filter]: Parameter RLController.pid_kp_lin set to 1.200814
[imu_filter_madgwick_node-3] [INFO] [1770794763.929168632] [imu_filter]: Parameter RLController.pid_ki_lin set to 0.000000
[imu_filter_madgwick_node-3] [INFO] [1770794763.929243546] [imu_filter]: Parameter RLController.pid_kd_lin set to 0.029426
[imu_filter_madgwick_node-3] [INFO] [1770794763.929309499] [imu_filter]: Parameter RLController.pid_kp_ang set to 1.230605
[imu_filter_madgwick_node-3] [INFO] [1770794763.929367164] [imu_filter]: Parameter RLController.pid_ki_ang set to 0.000000
[imu_filter_madgwick_node-3] [INFO] [1770794763.929421853] [imu_filter]: Parameter RLController.pid_kd_ang set to 0.139202
[imu_filter_madgwick_node-3] [INFO] [1770794764.344774934] [imu_filter]: Parameter RLController.pid_kp_lin set to 1.200814
[imu_filter_madgwick_node-3] [INFO] [1770794764.344985338] [imu_filter]: Parameter RLController.pid_ki_lin set to 0.000000
[imu_filter_madgwick_node-3] [INFO] [1770794764.345053532] [imu_filter]: Parameter RLController.pid_kd_lin set to 0.029426
[imu_filter_madgwick_node-3] [INFO] [1770794764.345112477] [imu_filter]: Parameter RLController.pid_kp_ang set to 1.230605
[imu_filter_madgwick_node-3] [INFO] [1770794764.345166814] [imu_filter]: Parameter RLController.pid_ki_ang set to 0.000000
[imu_filter_madgwick_node-3] [INFO] [1770794764.345220543] [imu_filter]: Parameter RLController.pid_kd_ang set to 0.139277
[imu_filter_madgwick_node-3] [INFO] [1770794764.774854694] [imu_filter]: Parameter RLController.pid_kp_lin set to 1.200814
[imu_filter_madgwick_node-3] [INFO] [1770794764.775054250] [imu_filter]: Parameter RLController.pid_ki_lin set to 0.000000
[imu_filter_madgwick_node-3] [INFO] [1770794764.775244750] [imu_filter]: Parameter RLController.pid_kd_lin set to 0.029426
[imu_filter_madgwick_node-3] [INFO] [1770794764.775310608] [imu_filter]: Parameter RLController.pid_kp_ang set to 1.230605
[imu_filter_madgwick_node-3] [INFO] [1770794764.775368785] [imu_filter]: Parameter RLController.pid_ki_ang set to 0.000000
[imu_filter_madgwick_node-3] [INFO] [1770794764.780570399] [imu_filter]: Parameter RLController.pid_kd_ang set to 0.139351
[imu_filter_madgwick_node-3] [INFO] [1770794765.192869047] [imu_filter]: Parameter RLController.pid_kp_lin set to 1.200814
[imu_filter_madgwick_node-3] [INFO] [1770794765.193217726] [imu_filter]: Parameter RLController.pid_ki_lin set to 0.000000
[imu_filter_madgwick_node-3] [INFO] [1770794765.193306784] [imu_filter]: Parameter RLController.pid_kd_lin set to 0.029426
[imu_filter_madgwick_node-3] [INFO] [1770794765.193374146] [imu_filter]: Parameter RLController.pid_kp_ang set to 1.230605
[imu_filter_madgwick_node-3] [INFO] [1770794765.193429635] [imu_filter]: Parameter RLController.pid_ki_ang set to 0.000000
[imu_filter_madgwick_node-3] [INFO] [1770794765.193483748] [imu_filter]: Parameter RLController.pid_kd_ang set to 0.139425
[imu_filter_madgwick_node-3] [INFO] [1770794765.609686574] [imu_filter]: Parameter RLController.pid_kp_lin set to 1.200814
[imu_filter_madgwick_node-3] [INFO] [1770794765.609916307] [imu_filter]: Parameter RLController.pid_ki_lin set to 0.000000
[imu_filter_madgwick_node-3] [INFO] [1770794765.610102007] [imu_filter]: Parameter RLController.pid_kd_lin set to 0.029426
[imu_filter_madgwick_node-3] [INFO] [1770794765.610174041] [imu_filter]: Parameter RLController.pid_kp_ang set to 1.230605
[imu_filter_madgwick_node-3] [INFO] [1770794765.610230842] [imu_filter]: Parameter RLController.pid_ki_ang set to 0.000000
[imu_filter_madgwick_node-3] [INFO] [1770794765.610287163] [imu_filter]: Parameter RLController.pid_kd_ang set to 0.139500
[imu_filter_madgwick_node-3] [INFO] [1770794766.038066523] [imu_filter]: Parameter RLController.pid_kp_lin set to 1.200814
[imu_filter_madgwick_node-3] [INFO] [1770794766.038282975] [imu_filter]: Parameter RLController.pid_ki_lin set to 0.000000
[imu_filter_madgwick_node-3] [INFO] [1770794766.038354305] [imu_filter]: Parameter RLController.pid_kd_lin set to 0.029426
[imu_filter_madgwick_node-3] [INFO] [1770794766.038414594] [imu_filter]: Parameter RLController.pid_kp_ang set to 1.230605
[imu_filter_madgwick_node-3] [INFO] [1770794766.038469699] [imu_filter]: Parameter RLController.pid_ki_ang set to 0.000000
[imu_filter_madgwick_node-3] [INFO] [1770794766.041529732] [imu_filter]: Parameter RLController.pid_kd_ang set to 0.139574
[imu_filter_madgwick_node-3] [INFO] [1770794766.455642178] [imu_filter]: Parameter RLController.pid_kp_lin set to 1.200814
[imu_filter_madgwick_node-3] [INFO] [1770794766.455846054] [imu_filter]: Parameter RLController.pid_ki_lin set to 0.000000
[imu_filter_madgwick_node-3] [INFO] [1770794766.456068171] [imu_filter]: Parameter RLController.pid_kd_lin set to 0.029426
[imu_filter_madgwick_node-3] [INFO] [1770794766.456143469] [imu_filter]: Parameter RLController.pid_kp_ang set to 1.230605
[imu_filter_madgwick_node-3] [INFO] [1770794766.458349627] [imu_filter]: Parameter RLController.pid_ki_ang set to 0.000000
[imu_filter_madgwick_node-3] [INFO] [1770794766.458536159] [imu_filter]: Parameter RLController.pid_kd_ang set to 0.139648
[imu_filter_madgwick_node-3] [INFO] [1770794766.868457765] [imu_filter]: Parameter RLController.pid_kp_lin set to 1.200814
[imu_filter_madgwick_node-3] [INFO] [1770794766.868676073] [imu_filter]: Parameter RLController.pid_ki_lin set to 0.000000
[imu_filter_madgwick_node-3] [INFO] [1770794766.868748043] [imu_filter]: Parameter RLController.pid_kd_lin set to 0.029426
[imu_filter_madgwick_node-3] [INFO] [1770794766.868816236] [imu_filter]: Parameter RLController.pid_kp_ang set to 1.230605
[imu_filter_madgwick_node-3] [INFO] [1770794766.868873294] [imu_filter]: Parameter RLController.pid_ki_ang set to 0.000000
[imu_filter_madgwick_node-3] [INFO] [1770794766.868926799] [imu_filter]: Parameter RLController.pid_kd_ang set to 0.139712
[imu_filter_madgwick_node-3] [INFO] [1770794767.313859161] [imu_filter]: Parameter RLController.pid_kp_lin set to 1.200814
[imu_filter_madgwick_node-3] [INFO] [1770794767.314118623] [imu_filter]: Parameter RLController.pid_ki_lin set to 0.000000
[imu_filter_madgwick_node-3] [INFO] [1770794767.314196897] [imu_filter]: Parameter RLController.pid_kd_lin set to 0.029426
[imu_filter_madgwick_node-3] [INFO] [1770794767.314258242] [imu_filter]: Parameter RLController.pid_kp_ang set to 1.230605
[imu_filter_madgwick_node-3] [INFO] [1770794767.314311619] [imu_filter]: Parameter RLController.pid_ki_ang set to 0.000000
[imu_filter_madgwick_node-3] [INFO] [1770794767.319486833] [imu_filter]: Parameter RLController.pid_kd_ang set to 0.139763
[imu_filter_madgwick_node-3] [INFO] [1770794767.729306516] [imu_filter]: Parameter RLController.pid_kp_lin set to 1.200814
[imu_filter_madgwick_node-3] [INFO] [1770794767.729517912] [imu_filter]: Parameter RLController.pid_ki_lin set to 0.000000
[imu_filter_madgwick_node-3] [INFO] [1770794767.729585562] [imu_filter]: Parameter RLController.pid_kd_lin set to 0.029426
[imu_filter_madgwick_node-3] [INFO] [1770794767.729648955] [imu_filter]: Parameter RLController.pid_kp_ang set to 1.230605
[imu_filter_madgwick_node-3] [INFO] [1770794767.729848991] [imu_filter]: Parameter RLController.pid_ki_ang set to 0.000000
[imu_filter_madgwick_node-3] [INFO] [1770794767.729926177] [imu_filter]: Parameter RLController.pid_kd_ang set to 0.139806
[imu_filter_madgwick_node-3] [INFO] [1770794768.155355183] [imu_filter]: Parameter RLController.pid_kp_lin set to 1.200814
[imu_filter_madgwick_node-3] [INFO] [1770794768.155777528] [imu_filter]: Parameter RLController.pid_ki_lin set to 0.000000
[imu_filter_madgwick_node-3] [INFO] [1770794768.155871258] [imu_filter]: Parameter RLController.pid_kd_lin set to 0.029426
[imu_filter_madgwick_node-3] [INFO] [1770794768.155938139] [imu_filter]: Parameter RLController.pid_kp_ang set to 1.230605
[imu_filter_madgwick_node-3] [INFO] [1770794768.155994748] [imu_filter]: Parameter RLController.pid_ki_ang set to 0.000000
[imu_filter_madgwick_node-3] [INFO] [1770794768.156049725] [imu_filter]: Parameter RLController.pid_kd_ang set to 0.139841
[imu_filter_madgwick_node-3] [INFO] [1770794768.566651281] [imu_filter]: Parameter RLController.pid_kp_lin set to 1.200814
[imu_filter_madgwick_node-3] [INFO] [1770794768.566853526] [imu_filter]: Parameter RLController.pid_ki_lin set to 0.000000
[imu_filter_madgwick_node-3] [INFO] [1770794768.566923063] [imu_filter]: Parameter RLController.pid_kd_lin set to 0.029426
[imu_filter_madgwick_node-3] [INFO] [1770794768.566984440] [imu_filter]: Parameter RLController.pid_kp_ang set to 1.230605
[imu_filter_madgwick_node-3] [INFO] [1770794768.569220168] [imu_filter]: Parameter RLController.pid_ki_ang set to 0.000000
[imu_filter_madgwick_node-3] [INFO] [1770794768.569496654] [imu_filter]: Parameter RLController.pid_kd_ang set to 0.139870
[imu_filter_madgwick_node-3] [INFO] [1770794768.988600021] [imu_filter]: Parameter RLController.pid_kp_lin set to 1.200814
[imu_filter_madgwick_node-3] [INFO] [1770794768.990069941] [imu_filter]: Parameter RLController.pid_ki_lin set to 0.000000
[imu_filter_madgwick_node-3] [INFO] [1770794768.990333210] [imu_filter]: Parameter RLController.pid_kd_lin set to 0.029426
[imu_filter_madgwick_node-3] [INFO] [1770794768.990414684] [imu_filter]: Parameter RLController.pid_kp_ang set to 1.230605
[imu_filter_madgwick_node-3] [INFO] [1770794768.990474397] [imu_filter]: Parameter RLController.pid_ki_ang set to 0.000000
[imu_filter_madgwick_node-3] [INFO] [1770794768.990528926] [imu_filter]: Parameter RLController.pid_kd_ang set to 0.139893
[imu_filter_madgwick_node-3] [INFO] [1770794769.412711271] [imu_filter]: Parameter RLController.pid_kp_lin set to 1.200814
[imu_filter_madgwick_node-3] [INFO] [1770794769.414440204] [imu_filter]: Parameter RLController.pid_ki_lin set to 0.000000
[imu_filter_madgwick_node-3] [INFO] [1770794769.414589519] [imu_filter]: Parameter RLController.pid_kd_lin set to 0.029426
[imu_filter_madgwick_node-3] [INFO] [1770794769.414654288] [imu_filter]: Parameter RLController.pid_kp_ang set to 1.230605
[imu_filter_madgwick_node-3] [INFO] [1770794769.414710898] [imu_filter]: Parameter RLController.pid_ki_ang set to 0.000000
[imu_filter_madgwick_node-3] [INFO] [1770794769.414765779] [imu_filter]: Parameter RLController.pid_kd_ang set to 0.139912
[imu_filter_madgwick_node-3] [INFO] [1770794769.827489300] [imu_filter]: Parameter RLController.pid_kp_lin set to 1.200814
[imu_filter_madgwick_node-3] [INFO] [1770794769.827889884] [imu_filter]: Parameter RLController.pid_ki_lin set to 0.000000
[imu_filter_madgwick_node-3] [INFO] [1770794769.827980286] [imu_filter]: Parameter RLController.pid_kd_lin set to 0.029426
[imu_filter_madgwick_node-3] [INFO] [1770794769.828044959] [imu_filter]: Parameter RLController.pid_kp_ang set to 1.230605
[imu_filter_madgwick_node-3] [INFO] [1770794769.828106337] [imu_filter]: Parameter RLController.pid_ki_ang set to 0.000000
[imu_filter_madgwick_node-3] [INFO] [1770794769.828166242] [imu_filter]: Parameter RLController.pid_kd_ang set to 0.139928
[imu_filter_madgwick_node-3] [INFO] [1770794770.248762185] [imu_filter]: Parameter RLController.pid_kp_lin set to 1.200814
[imu_filter_madgwick_node-3] [INFO] [1770794770.249117233] [imu_filter]: Parameter RLController.pid_ki_lin set to 0.000000
[imu_filter_madgwick_node-3] [INFO] [1770794770.249240755] [imu_filter]: Parameter RLController.pid_kd_lin set to 0.029426
[imu_filter_madgwick_node-3] [INFO] [1770794770.249317045] [imu_filter]: Parameter RLController.pid_kp_ang set to 1.230605
[imu_filter_madgwick_node-3] [INFO] [1770794770.249375638] [imu_filter]: Parameter RLController.pid_ki_ang set to 0.000000
[imu_filter_madgwick_node-3] [INFO] [1770794770.249434040] [imu_filter]: Parameter RLController.pid_kd_ang set to 0.139941
[imu_filter_madgwick_node-3] [INFO] [1770794770.655681391] [imu_filter]: Parameter RLController.pid_kp_lin set to 1.200814
[imu_filter_madgwick_node-3] [INFO] [1770794770.655887540] [imu_filter]: Parameter RLController.pid_ki_lin set to 0.000000
[imu_filter_madgwick_node-3] [INFO] [1770794770.655955125] [imu_filter]: Parameter RLController.pid_kd_lin set to 0.029426
[imu_filter_madgwick_node-3] [INFO] [1770794770.656016790] [imu_filter]: Parameter RLController.pid_kp_ang set to 1.230605
[imu_filter_madgwick_node-3] [INFO] [1770794770.656072600] [imu_filter]: Parameter RLController.pid_ki_ang set to 0.000000
[imu_filter_madgwick_node-3] [INFO] [1770794770.656247003] [imu_filter]: Parameter RLController.pid_kd_ang set to 0.139952
[imu_filter_madgwick_node-3] [INFO] [1770794771.075100478] [imu_filter]: Parameter RLController.pid_kp_lin set to 1.200814
[imu_filter_madgwick_node-3] [INFO] [1770794771.075337411] [imu_filter]: Parameter RLController.pid_ki_lin set to 0.000000
[imu_filter_madgwick_node-3] [INFO] [1770794771.075406628] [imu_filter]: Parameter RLController.pid_kd_lin set to 0.029426
[imu_filter_madgwick_node-3] [INFO] [1770794771.075464678] [imu_filter]: Parameter RLController.pid_kp_ang set to 1.230605
[imu_filter_madgwick_node-3] [INFO] [1770794771.075517447] [imu_filter]: Parameter RLController.pid_ki_ang set to 0.000000
[imu_filter_madgwick_node-3] [INFO] [1770794771.075570600] [imu_filter]: Parameter RLController.pid_kd_ang set to 0.139960
[imu_filter_madgwick_node-3] [INFO] [1770794771.486431681] [imu_filter]: Parameter RLController.pid_kp_lin set to 1.200814
[imu_filter_madgwick_node-3] [INFO] [1770794771.490592377] [imu_filter]: Parameter RLController.pid_ki_lin set to 0.000000
[imu_filter_madgwick_node-3] [INFO] [1770794771.491281192] [imu_filter]: Parameter RLController.pid_kd_lin set to 0.029426
[imu_filter_madgwick_node-3] [INFO] [1770794771.491407754] [imu_filter]: Parameter RLController.pid_kp_ang set to 1.230605
[imu_filter_madgwick_node-3] [INFO] [1770794771.491474188] [imu_filter]: Parameter RLController.pid_ki_ang set to 0.000000
[imu_filter_madgwick_node-3] [INFO] [1770794771.491668752] [imu_filter]: Parameter RLController.pid_kd_ang set to 0.139967
[imu_filter_madgwick_node-3] [INFO] [1770794771.909379194] [imu_filter]: Parameter RLController.pid_kp_lin set to 1.200814
[imu_filter_madgwick_node-3] [INFO] [1770794771.913491601] [imu_filter]: Parameter RLController.pid_ki_lin set to 0.000000
[imu_filter_madgwick_node-3] [INFO] [1770794771.913729206] [imu_filter]: Parameter RLController.pid_kd_lin set to 0.029426
[imu_filter_madgwick_node-3] [INFO] [1770794771.913884378] [imu_filter]: Parameter RLController.pid_kp_ang set to 1.230605
[imu_filter_madgwick_node-3] [INFO] [1770794771.913959483] [imu_filter]: Parameter RLController.pid_ki_ang set to 0.000000
[imu_filter_madgwick_node-3] [INFO] [1770794771.914083294] [imu_filter]: Parameter RLController.pid_kd_ang set to 0.139973
[imu_filter_madgwick_node-3] [INFO] [1770794772.327004163] [imu_filter]: Parameter RLController.pid_kp_lin set to 1.200814
[imu_filter_madgwick_node-3] [INFO] [1770794772.327225064] [imu_filter]: Parameter RLController.pid_ki_lin set to 0.000000
[imu_filter_madgwick_node-3] [INFO] [1770794772.327299401] [imu_filter]: Parameter RLController.pid_kd_lin set to 0.029426
[imu_filter_madgwick_node-3] [INFO] [1770794772.327363243] [imu_filter]: Parameter RLController.pid_kp_ang set to 1.230605
[imu_filter_madgwick_node-3] [INFO] [1770794772.327418284] [imu_filter]: Parameter RLController.pid_ki_ang set to 0.000000
[imu_filter_madgwick_node-3] [INFO] [1770794772.332809342] [imu_filter]: Parameter RLController.pid_kd_ang set to 0.139978
[imu_filter_madgwick_node-3] [INFO] [1770794772.746281166] [imu_filter]: Parameter RLController.pid_kp_lin set to 1.200814
[imu_filter_madgwick_node-3] [INFO] [1770794772.746626902] [imu_filter]: Parameter RLController.pid_ki_lin set to 0.000000
[imu_filter_madgwick_node-3] [INFO] [1770794772.746757913] [imu_filter]: Parameter RLController.pid_kd_lin set to 0.029426
[imu_filter_madgwick_node-3] [INFO] [1770794772.746837274] [imu_filter]: Parameter RLController.pid_kp_ang set to 1.230605
[imu_filter_madgwick_node-3] [INFO] [1770794772.746895259] [imu_filter]: Parameter RLController.pid_ki_ang set to 0.000000
[imu_filter_madgwick_node-3] [INFO] [1770794772.746952765] [imu_filter]: Parameter RLController.pid_kd_ang set to 0.139982
[imu_filter_madgwick_node-3] [INFO] [1770794773.180695130] [imu_filter]: Parameter RLController.pid_kp_lin set to 1.200814
[imu_filter_madgwick_node-3] [INFO] [1770794773.181030561] [imu_filter]: Parameter RLController.pid_ki_lin set to 0.000000
[imu_filter_madgwick_node-3] [INFO] [1770794773.181146980] [imu_filter]: Parameter RLController.pid_kd_lin set to 0.029426
[imu_filter_madgwick_node-3] [INFO] [1770794773.181217637] [imu_filter]: Parameter RLController.pid_kp_ang set to 1.230605
[imu_filter_madgwick_node-3] [INFO] [1770794773.181278631] [imu_filter]: Parameter RLController.pid_ki_ang set to 0.000000
[imu_filter_madgwick_node-3] [INFO] [1770794773.181369545] [imu_filter]: Parameter RLController.pid_kd_ang set to 0.139985
[imu_filter_madgwick_node-3] [INFO] [1770794773.613147453] [imu_filter]: Parameter RLController.pid_kp_lin set to 1.200814
[imu_filter_madgwick_node-3] [INFO] [1770794773.613331713] [imu_filter]: Parameter RLController.pid_ki_lin set to 0.000000
[imu_filter_madgwick_node-3] [INFO] [1770794773.613408642] [imu_filter]: Parameter RLController.pid_kd_lin set to 0.029426
[imu_filter_madgwick_node-3] [INFO] [1770794773.613472804] [imu_filter]: Parameter RLController.pid_kp_ang set to 1.230605
[imu_filter_madgwick_node-3] [INFO] [1770794773.613527589] [imu_filter]: Parameter RLController.pid_ki_ang set to 0.000000
[imu_filter_madgwick_node-3] [INFO] [1770794773.613581318] [imu_filter]: Parameter RLController.pid_kd_ang set to 0.139988
[imu_filter_madgwick_node-3] [INFO] [1770794774.027371677] [imu_filter]: Parameter RLController.pid_kp_lin set to 1.200814
[imu_filter_madgwick_node-3] [INFO] [1770794774.027735429] [imu_filter]: Parameter RLController.pid_ki_lin set to 0.000000
[imu_filter_madgwick_node-3] [INFO] [1770794774.027827783] [imu_filter]: Parameter RLController.pid_kd_lin set to 0.029426
[imu_filter_madgwick_node-3] [INFO] [1770794774.027984650] [imu_filter]: Parameter RLController.pid_kp_ang set to 1.230605
[imu_filter_madgwick_node-3] [INFO] [1770794774.028055564] [imu_filter]: Parameter RLController.pid_ki_ang set to 0.000000
[imu_filter_madgwick_node-3] [INFO] [1770794774.028184111] [imu_filter]: Parameter RLController.pid_kd_ang set to 0.139990
[imu_filter_madgwick_node-3] [INFO] [1770794774.438276792] [imu_filter]: Parameter RLController.pid_kp_lin set to 1.200814
[imu_filter_madgwick_node-3] [INFO] [1770794774.438624959] [imu_filter]: Parameter RLController.pid_ki_lin set to 0.000000
[imu_filter_madgwick_node-3] [INFO] [1770794774.438712673] [imu_filter]: Parameter RLController.pid_kd_lin set to 0.029426
[imu_filter_madgwick_node-3] [INFO] [1770794774.438776194] [imu_filter]: Parameter RLController.pid_kp_ang set to 1.230605
[imu_filter_madgwick_node-3] [INFO] [1770794774.438831075] [imu_filter]: Parameter RLController.pid_ki_ang set to 0.000000
[imu_filter_madgwick_node-3] [INFO] [1770794774.438885605] [imu_filter]: Parameter RLController.pid_kd_ang set to 0.139992
[imu_filter_madgwick_node-3] [INFO] [1770794774.863577731] [imu_filter]: Parameter RLController.pid_kp_lin set to 1.200814
[imu_filter_madgwick_node-3] [INFO] [1770794774.863772807] [imu_filter]: Parameter RLController.pid_ki_lin set to 0.000000
[imu_filter_madgwick_node-3] [INFO] [1770794774.863839336] [imu_filter]: Parameter RLController.pid_kd_lin set to 0.029426
[imu_filter_madgwick_node-3] [INFO] [1770794774.863898506] [imu_filter]: Parameter RLController.pid_kp_ang set to 1.230605
[imu_filter_madgwick_node-3] [INFO] [1770794774.863950027] [imu_filter]: Parameter RLController.pid_ki_ang set to 0.000000
[imu_filter_madgwick_node-3] [INFO] [1770794774.864002636] [imu_filter]: Parameter RLController.pid_kd_ang set to 0.139993
[imu_filter_madgwick_node-3] [INFO] [1770794775.294809739] [imu_filter]: Parameter RLController.pid_kp_lin set to 1.200814
[imu_filter_madgwick_node-3] [INFO] [1770794775.295140466] [imu_filter]: Parameter RLController.pid_ki_lin set to 0.000000
[imu_filter_madgwick_node-3] [INFO] [1770794775.295216724] [imu_filter]: Parameter RLController.pid_kd_lin set to 0.029426
[imu_filter_madgwick_node-3] [INFO] [1770794775.295281493] [imu_filter]: Parameter RLController.pid_kp_ang set to 1.230605
[imu_filter_madgwick_node-3] [INFO] [1770794775.295337015] [imu_filter]: Parameter RLController.pid_ki_ang set to 0.000000
[imu_filter_madgwick_node-3] [INFO] [1770794775.295392120] [imu_filter]: Parameter RLController.pid_kd_ang set to 0.139995
[imu_filter_madgwick_node-3] [INFO] [1770794775.709522294] [imu_filter]: Parameter RLController.pid_kp_lin set to 1.200814
[imu_filter_madgwick_node-3] [INFO] [1770794775.709861309] [imu_filter]: Parameter RLController.pid_ki_lin set to 0.000000
[imu_filter_madgwick_node-3] [INFO] [1770794775.709988320] [imu_filter]: Parameter RLController.pid_kd_lin set to 0.029426
[imu_filter_madgwick_node-3] [INFO] [1770794775.710055522] [imu_filter]: Parameter RLController.pid_kp_ang set to 1.230605
[imu_filter_madgwick_node-3] [INFO] [1770794775.710112451] [imu_filter]: Parameter RLController.pid_ki_ang set to 0.000000
[imu_filter_madgwick_node-3] [INFO] [1770794775.710166500] [imu_filter]: Parameter RLController.pid_kd_ang set to 0.139996
[imu_filter_madgwick_node-3] [INFO] [1770794776.132490608] [imu_filter]: Parameter RLController.pid_kp_lin set to 1.200814
[imu_filter_madgwick_node-3] [INFO] [1770794776.132902361] [imu_filter]: Parameter RLController.pid_ki_lin set to 0.000000
[imu_filter_madgwick_node-3] [INFO] [1770794776.133052092] [imu_filter]: Parameter RLController.pid_kd_lin set to 0.029426
[imu_filter_madgwick_node-3] [INFO] [1770794776.133134846] [imu_filter]: Parameter RLController.pid_kp_ang set to 1.230605
[imu_filter_madgwick_node-3] [INFO] [1770794776.133194591] [imu_filter]: Parameter RLController.pid_ki_ang set to 0.000000
[imu_filter_madgwick_node-3] [INFO] [1770794776.133250304] [imu_filter]: Parameter RLController.pid_kd_ang set to 0.139996
[imu_filter_madgwick_node-3] [INFO] [1770794776.541668582] [imu_filter]: Parameter RLController.pid_kp_lin set to 1.200814
[imu_filter_madgwick_node-3] [INFO] [1770794776.541885002] [imu_filter]: Parameter RLController.pid_ki_lin set to 0.000000
[imu_filter_madgwick_node-3] [INFO] [1770794776.541955084] [imu_filter]: Parameter RLController.pid_kd_lin set to 0.029426
[imu_filter_madgwick_node-3] [INFO] [1770794776.542016077] [imu_filter]: Parameter RLController.pid_kp_ang set to 1.230605
[imu_filter_madgwick_node-3] [INFO] [1770794776.542071438] [imu_filter]: Parameter RLController.pid_ki_ang set to 0.000000
[imu_filter_madgwick_node-3] [INFO] [1770794776.544937675] [imu_filter]: Parameter RLController.pid_kd_ang set to 0.139997
[imu_filter_madgwick_node-3] [INFO] [1770794776.949199673] [imu_filter]: Parameter RLController.pid_kp_lin set to 1.200814
[imu_filter_madgwick_node-3] [INFO] [1770794776.949407485] [imu_filter]: Parameter RLController.pid_ki_lin set to 0.000000
[imu_filter_madgwick_node-3] [INFO] [1770794776.949594721] [imu_filter]: Parameter RLController.pid_kd_lin set to 0.029426
[imu_filter_madgwick_node-3] [INFO] [1770794776.955038516] [imu_filter]: Parameter RLController.pid_kp_ang set to 1.230605
[imu_filter_madgwick_node-3] [INFO] [1770794776.955559615] [imu_filter]: Parameter RLController.pid_ki_ang set to 0.000000
[imu_filter_madgwick_node-3] [INFO] [1770794776.955856165] [imu_filter]: Parameter RLController.pid_kd_ang set to 0.139998
[imu_filter_madgwick_node-3] [INFO] [1770794777.364835959] [imu_filter]: Parameter RLController.pid_kp_lin set to 1.200814
[imu_filter_madgwick_node-3] [INFO] [1770794777.365140637] [imu_filter]: Parameter RLController.pid_ki_lin set to 0.000000
[imu_filter_madgwick_node-3] [INFO] [1770794777.365224671] [imu_filter]: Parameter RLController.pid_kd_lin set to 0.029426
[imu_filter_madgwick_node-3] [INFO] [1770794777.365291809] [imu_filter]: Parameter RLController.pid_kp_ang set to 1.230605
[imu_filter_madgwick_node-3] [INFO] [1770794777.365349122] [imu_filter]: Parameter RLController.pid_ki_ang set to 0.000000
[imu_filter_madgwick_node-3] [INFO] [1770794777.365404899] [imu_filter]: Parameter RLController.pid_kd_ang set to 0.139998
[imu_filter_madgwick_node-3] [INFO] [1770794777.778826643] [imu_filter]: Parameter RLController.pid_kp_lin set to 1.200814
[imu_filter_madgwick_node-3] [INFO] [1770794777.779037207] [imu_filter]: Parameter RLController.pid_ki_lin set to 0.000000
[imu_filter_madgwick_node-3] [INFO] [1770794777.779109433] [imu_filter]: Parameter RLController.pid_kd_lin set to 0.029426
[imu_filter_madgwick_node-3] [INFO] [1770794777.779173850] [imu_filter]: Parameter RLController.pid_kp_ang set to 1.230605
[imu_filter_madgwick_node-3] [INFO] [1770794777.779232347] [imu_filter]: Parameter RLController.pid_ki_ang set to 0.000000
[imu_filter_madgwick_node-3] [INFO] [1770794777.779286332] [imu_filter]: Parameter RLController.pid_kd_ang set to 0.139998
[imu_filter_madgwick_node-3] [INFO] [1770794778.217076208] [imu_filter]: Parameter RLController.pid_kp_lin set to 1.200814
[imu_filter_madgwick_node-3] [INFO] [1770794778.217286996] [imu_filter]: Parameter RLController.pid_ki_lin set to 0.000000
[imu_filter_madgwick_node-3] [INFO] [1770794778.217355990] [imu_filter]: Parameter RLController.pid_kd_lin set to 0.029426
[imu_filter_madgwick_node-3] [INFO] [1770794778.217415895] [imu_filter]: Parameter RLController.pid_kp_ang set to 1.230605
[imu_filter_madgwick_node-3] [INFO] [1770794778.217469272] [imu_filter]: Parameter RLController.pid_ki_ang set to 0.000000
[imu_filter_madgwick_node-3] [INFO] [1770794778.217523737] [imu_filter]: Parameter RLController.pid_kd_ang set to 0.139999
[imu_filter_madgwick_node-3] [INFO] [1770794778.631186382] [imu_filter]: Parameter RLController.pid_kp_lin set to 1.200814
[imu_filter_madgwick_node-3] [INFO] [1770794778.631403539] [imu_filter]: Parameter RLController.pid_ki_lin set to 0.000000
[imu_filter_madgwick_node-3] [INFO] [1770794778.631478708] [imu_filter]: Parameter RLController.pid_kd_lin set to 0.029426
[imu_filter_madgwick_node-3] [INFO] [1770794778.631546038] [imu_filter]: Parameter RLController.pid_kp_ang set to 1.230605
[imu_filter_madgwick_node-3] [INFO] [1770794778.631600855] [imu_filter]: Parameter RLController.pid_ki_ang set to 0.000000
[imu_filter_madgwick_node-3] [INFO] [1770794778.631655128] [imu_filter]: Parameter RLController.pid_kd_ang set to 0.139999
[imu_filter_madgwick_node-3] [INFO] [1770794779.046622056] [imu_filter]: Parameter RLController.pid_kp_lin set to 1.200814
[imu_filter_madgwick_node-3] [INFO] [1770794779.046928271] [imu_filter]: Parameter RLController.pid_ki_lin set to 0.000000
[imu_filter_madgwick_node-3] [INFO] [1770794779.047018033] [imu_filter]: Parameter RLController.pid_kd_lin set to 0.029426
[imu_filter_madgwick_node-3] [INFO] [1770794779.047086162] [imu_filter]: Parameter RLController.pid_kp_ang set to 1.230605
[imu_filter_madgwick_node-3] [INFO] [1770794779.047144435] [imu_filter]: Parameter RLController.pid_ki_ang set to 0.000000
[imu_filter_madgwick_node-3] [INFO] [1770794779.047199572] [imu_filter]: Parameter RLController.pid_kd_ang set to 0.139999
[imu_filter_madgwick_node-3] [INFO] [1770794779.464890206] [imu_filter]: Parameter RLController.pid_kp_lin set to 1.200814
[imu_filter_madgwick_node-3] [INFO] [1770794779.465076674] [imu_filter]: Parameter RLController.pid_ki_lin set to 0.000000
[imu_filter_madgwick_node-3] [INFO] [1770794779.472105303] [imu_filter]: Parameter RLController.pid_kd_lin set to 0.029426
[imu_filter_madgwick_node-3] [INFO] [1770794779.472298651] [imu_filter]: Parameter RLController.pid_kp_ang set to 1.230605
[imu_filter_madgwick_node-3] [INFO] [1770794779.472365309] [imu_filter]: Parameter RLController.pid_ki_ang set to 0.000000
[imu_filter_madgwick_node-3] [INFO] [1770794779.472421886] [imu_filter]: Parameter RLController.pid_kd_ang set to 0.139999
[imu_filter_madgwick_node-3] [INFO] [1770794779.887997947] [imu_filter]: Parameter RLController.pid_kp_lin set to 1.200814
[imu_filter_madgwick_node-3] [INFO] [1770794779.888216000] [imu_filter]: Parameter RLController.pid_ki_lin set to 0.000000
[imu_filter_madgwick_node-3] [INFO] [1770794779.888287329] [imu_filter]: Parameter RLController.pid_kd_lin set to 0.029426
[imu_filter_madgwick_node-3] [INFO] [1770794779.888357507] [imu_filter]: Parameter RLController.pid_kp_ang set to 1.230605
[imu_filter_madgwick_node-3] [INFO] [1770794779.888526918] [imu_filter]: Parameter RLController.pid_ki_ang set to 0.000000
[imu_filter_madgwick_node-3] [INFO] [1770794779.888589671] [imu_filter]: Parameter RLController.pid_kd_ang set to 0.139999
[imu_filter_madgwick_node-3] [INFO] [1770794780.301591374] [imu_filter]: Parameter RLController.pid_kp_lin set to 1.200814
[imu_filter_madgwick_node-3] [INFO] [1770794780.301826003] [imu_filter]: Parameter RLController.pid_ki_lin set to 0.000000
[imu_filter_madgwick_node-3] [INFO] [1770794780.301903349] [imu_filter]: Parameter RLController.pid_kd_lin set to 0.029426
[imu_filter_madgwick_node-3] [INFO] [1770794780.305023799] [imu_filter]: Parameter RLController.pid_kp_ang set to 1.230605
[imu_filter_madgwick_node-3] [INFO] [1770794780.305205819] [imu_filter]: Parameter RLController.pid_ki_ang set to 0.000000
[imu_filter_madgwick_node-3] [INFO] [1770794780.305277020] [imu_filter]: Parameter RLController.pid_kd_ang set to 0.139999
[imu_filter_madgwick_node-3] [INFO] [1770794780.741061189] [imu_filter]: Parameter RLController.pid_kp_lin set to 1.200814
[imu_filter_madgwick_node-3] [INFO] [1770794780.741270346] [imu_filter]: Parameter RLController.pid_ki_lin set to 0.000000
[imu_filter_madgwick_node-3] [INFO] [1770794780.743527321] [imu_filter]: Parameter RLController.pid_kd_lin set to 0.029426
[imu_filter_madgwick_node-3] [INFO] [1770794780.743655580] [imu_filter]: Parameter RLController.pid_kp_ang set to 1.230605
[imu_filter_madgwick_node-3] [INFO] [1770794780.743714909] [imu_filter]: Parameter RLController.pid_ki_ang set to 0.000000
[imu_filter_madgwick_node-3] [INFO] [1770794780.745195613] [imu_filter]: Parameter RLController.pid_kd_ang set to 0.140000
[imu_filter_madgwick_node-3] [INFO] [1770794781.164534761] [imu_filter]: Parameter RLController.pid_kp_lin set to 1.200814
[imu_filter_madgwick_node-3] [INFO] [1770794781.164858512] [imu_filter]: Parameter RLController.pid_ki_lin set to 0.000000
[imu_filter_madgwick_node-3] [INFO] [1770794781.172839193] [imu_filter]: Parameter RLController.pid_kd_lin set to 0.029426
[imu_filter_madgwick_node-3] [INFO] [1770794781.173025533] [imu_filter]: Parameter RLController.pid_kp_ang set to 1.230605
[imu_filter_madgwick_node-3] [INFO] [1770794781.173095071] [imu_filter]: Parameter RLController.pid_ki_ang set to 0.000000
[imu_filter_madgwick_node-3] [INFO] [1770794781.173152896] [imu_filter]: Parameter RLController.pid_kd_ang set to 0.140000
[imu_filter_madgwick_node-3] [INFO] [1770794781.587459362] [imu_filter]: Parameter RLController.pid_kp_lin set to 1.200814
[imu_filter_madgwick_node-3] [INFO] [1770794781.587653798] [imu_filter]: Parameter RLController.pid_ki_lin set to 0.000000
[imu_filter_madgwick_node-3] [INFO] [1770794781.587724232] [imu_filter]: Parameter RLController.pid_kd_lin set to 0.029426
[imu_filter_madgwick_node-3] [INFO] [1770794781.587789961] [imu_filter]: Parameter RLController.pid_kp_ang set to 1.230605
[imu_filter_madgwick_node-3] [INFO] [1770794781.587846506] [imu_filter]: Parameter RLController.pid_ki_ang set to 0.000000
[imu_filter_madgwick_node-3] [INFO] [1770794781.594445078] [imu_filter]: Parameter RLController.pid_kd_ang set to 0.140000
[imu_filter_madgwick_node-3] [INFO] [1770794782.004223385] [imu_filter]: Parameter RLController.pid_kp_lin set to 1.200814
[imu_filter_madgwick_node-3] [INFO] [1770794782.004440093] [imu_filter]: Parameter RLController.pid_ki_lin set to 0.000000
[imu_filter_madgwick_node-3] [INFO] [1770794782.004510175] [imu_filter]: Parameter RLController.pid_kd_lin set to 0.029426
[imu_filter_madgwick_node-3] [INFO] [1770794782.004576032] [imu_filter]: Parameter RLController.pid_kp_ang set to 1.230605
[imu_filter_madgwick_node-3] [INFO] [1770794782.004637921] [imu_filter]: Parameter RLController.pid_ki_ang set to 0.000000
[imu_filter_madgwick_node-3] [INFO] [1770794782.004698691] [imu_filter]: Parameter RLController.pid_kd_ang set to 0.140000
[imu_filter_madgwick_node-3] [INFO] [1770794782.418155283] [imu_filter]: Parameter RLController.pid_kp_lin set to 1.200814
[imu_filter_madgwick_node-3] [INFO] [1770794782.418348855] [imu_filter]: Parameter RLController.pid_ki_lin set to 0.000000
[imu_filter_madgwick_node-3] [INFO] [1770794782.418416408] [imu_filter]: Parameter RLController.pid_kd_lin set to 0.029426
[imu_filter_madgwick_node-3] [INFO] [1770794782.418477530] [imu_filter]: Parameter RLController.pid_kp_ang set to 1.230605
[imu_filter_madgwick_node-3] [INFO] [1770794782.418530171] [imu_filter]: Parameter RLController.pid_ki_ang set to 0.000000
[imu_filter_madgwick_node-3] [INFO] [1770794782.418582940] [imu_filter]: Parameter RLController.pid_kd_ang set to 0.140000
[imu_filter_madgwick_node-3] [INFO] [1770794782.842869170] [imu_filter]: Parameter RLController.pid_kp_lin set to 1.200814
[imu_filter_madgwick_node-3] [INFO] [1770794782.843072502] [imu_filter]: Parameter RLController.pid_ki_lin set to 0.000000
[imu_filter_madgwick_node-3] [INFO] [1770794782.843145207] [imu_filter]: Parameter RLController.pid_kd_lin set to 0.029426
[imu_filter_madgwick_node-3] [INFO] [1770794782.843209049] [imu_filter]: Parameter RLController.pid_kp_ang set to 1.230605
[imu_filter_madgwick_node-3] [INFO] [1770794782.843263930] [imu_filter]: Parameter RLController.pid_ki_ang set to 0.000000
[imu_filter_madgwick_node-3] [INFO] [1770794782.843316091] [imu_filter]: Parameter RLController.pid_kd_ang set to 0.140000
[imu_filter_madgwick_node-3] [INFO] [1770794783.271082426] [imu_filter]: Parameter RLController.pid_kp_lin set to 1.200814
[imu_filter_madgwick_node-3] [INFO] [1770794783.271320287] [imu_filter]: Parameter RLController.pid_ki_lin set to 0.000000
[imu_filter_madgwick_node-3] [INFO] [1770794783.271397665] [imu_filter]: Parameter RLController.pid_kd_lin set to 0.029426
[imu_filter_madgwick_node-3] [INFO] [1770794783.271463202] [imu_filter]: Parameter RLController.pid_kp_ang set to 1.230605
[imu_filter_madgwick_node-3] [INFO] [1770794783.271519012] [imu_filter]: Parameter RLController.pid_ki_ang set to 0.000000
[imu_filter_madgwick_node-3] [INFO] [1770794783.271572197] [imu_filter]: Parameter RLController.pid_kd_ang set to 0.140000
[imu_filter_madgwick_node-3] [INFO] [1770794783.684855921] [imu_filter]: Parameter RLController.pid_kp_lin set to 1.200814
[imu_filter_madgwick_node-3] [INFO] [1770794783.685062742] [imu_filter]: Parameter RLController.pid_ki_lin set to 0.000000
[imu_filter_madgwick_node-3] [INFO] [1770794783.688642689] [imu_filter]: Parameter RLController.pid_kd_lin set to 0.029426
[imu_filter_madgwick_node-3] [INFO] [1770794783.688966952] [imu_filter]: Parameter RLController.pid_kp_ang set to 1.230605
[imu_filter_madgwick_node-3] [INFO] [1770794783.689048746] [imu_filter]: Parameter RLController.pid_ki_ang set to 0.000000
[imu_filter_madgwick_node-3] [INFO] [1770794783.689109163] [imu_filter]: Parameter RLController.pid_kd_ang set to 0.140000
[imu_filter_madgwick_node-3] [INFO] [1770794784.103795734] [imu_filter]: Parameter RLController.pid_kp_lin set to 1.200814
[imu_filter_madgwick_node-3] [INFO] [1770794784.104215263] [imu_filter]: Parameter RLController.pid_ki_lin set to 0.000000
[imu_filter_madgwick_node-3] [INFO] [1770794784.104337409] [imu_filter]: Parameter RLController.pid_kd_lin set to 0.029426
[imu_filter_madgwick_node-3] [INFO] [1770794784.104463140] [imu_filter]: Parameter RLController.pid_kp_ang set to 1.230605
[imu_filter_madgwick_node-3] [INFO] [1770794784.104541637] [imu_filter]: Parameter RLController.pid_ki_ang set to 0.000000
[imu_filter_madgwick_node-3] [INFO] [1770794784.104605255] [imu_filter]: Parameter RLController.pid_kd_ang set to 0.140000
[imu_filter_madgwick_node-3] [INFO] [1770794784.530790661] [imu_filter]: Parameter RLController.pid_kp_lin set to 1.200814
[imu_filter_madgwick_node-3] [INFO] [1770794784.530970568] [imu_filter]: Parameter RLController.pid_ki_lin set to 0.000000
[imu_filter_madgwick_node-3] [INFO] [1770794784.531035818] [imu_filter]: Parameter RLController.pid_kd_lin set to 0.029426
[imu_filter_madgwick_node-3] [INFO] [1770794784.531097899] [imu_filter]: Parameter RLController.pid_kp_ang set to 1.230605
[imu_filter_madgwick_node-3] [INFO] [1770794784.531153868] [imu_filter]: Parameter RLController.pid_ki_ang set to 0.000000
[imu_filter_madgwick_node-3] [INFO] [1770794784.531208717] [imu_filter]: Parameter RLController.pid_kd_ang set to 0.140000
[imu_filter_madgwick_node-3] [INFO] [1770794784.946471908] [imu_filter]: Parameter RLController.pid_kp_lin set to 1.200814
[imu_filter_madgwick_node-3] [INFO] [1770794784.950073616] [imu_filter]: Parameter RLController.pid_ki_lin set to 0.000000
[imu_filter_madgwick_node-3] [INFO] [1770794784.950634748] [imu_filter]: Parameter RLController.pid_kd_lin set to 0.029426
[imu_filter_madgwick_node-3] [INFO] [1770794784.950893282] [imu_filter]: Parameter RLController.pid_kp_ang set to 1.230605
[imu_filter_madgwick_node-3] [INFO] [1770794784.950966595] [imu_filter]: Parameter RLController.pid_ki_ang set to 0.000000
[imu_filter_madgwick_node-3] [INFO] [1770794784.951027204] [imu_filter]: Parameter RLController.pid_kd_ang set to 0.140000
[imu_filter_madgwick_node-3] [INFO] [1770794785.375976616] [imu_filter]: Parameter RLController.pid_kp_lin set to 1.200814
[imu_filter_madgwick_node-3] [INFO] [1770794785.376297903] [imu_filter]: Parameter RLController.pid_ki_lin set to 0.000000
[imu_filter_madgwick_node-3] [INFO] [1770794785.376380529] [imu_filter]: Parameter RLController.pid_kd_lin set to 0.029426
[imu_filter_madgwick_node-3] [INFO] [1770794785.376445330] [imu_filter]: Parameter RLController.pid_kp_ang set to 1.230605
[imu_filter_madgwick_node-3] [INFO] [1770794785.376502707] [imu_filter]: Parameter RLController.pid_ki_ang set to 0.000000
[imu_filter_madgwick_node-3] [INFO] [1770794785.376558004] [imu_filter]: Parameter RLController.pid_kd_ang set to 0.140000
[imu_filter_madgwick_node-3] [INFO] [1770794785.785413251] [imu_filter]: Parameter RLController.pid_kp_lin set to 1.200814
[imu_filter_madgwick_node-3] [INFO] [1770794785.787839159] [imu_filter]: Parameter RLController.pid_ki_lin set to 0.000000
[imu_filter_madgwick_node-3] [INFO] [1770794785.788019770] [imu_filter]: Parameter RLController.pid_kd_lin set to 0.029426
[imu_filter_madgwick_node-3] [INFO] [1770794785.788088092] [imu_filter]: Parameter RLController.pid_kp_ang set to 1.230605
[imu_filter_madgwick_node-3] [INFO] [1770794785.788151645] [imu_filter]: Parameter RLController.pid_ki_ang set to 0.000000
[imu_filter_madgwick_node-3] [INFO] [1770794785.788209182] [imu_filter]: Parameter RLController.pid_kd_ang set to 0.140000
[imu_filter_madgwick_node-3] [INFO] [1770794786.223255736] [imu_filter]: Parameter RLController.pid_kp_lin set to 1.200814
[imu_filter_madgwick_node-3] [INFO] [1770794786.223580351] [imu_filter]: Parameter RLController.pid_ki_lin set to 0.000000
[imu_filter_madgwick_node-3] [INFO] [1770794786.223652160] [imu_filter]: Parameter RLController.pid_kd_lin set to 0.029426
[imu_filter_madgwick_node-3] [INFO] [1770794786.223712513] [imu_filter]: Parameter RLController.pid_kp_ang set to 1.230605
[imu_filter_madgwick_node-3] [INFO] [1770794786.223775747] [imu_filter]: Parameter RLController.pid_ki_ang set to 0.000000
[imu_filter_madgwick_node-3] [INFO] [1770794786.223831364] [imu_filter]: Parameter RLController.pid_kd_ang set to 0.140000
[imu_filter_madgwick_node-3] [INFO] [1770794786.638516718] [imu_filter]: Parameter RLController.pid_kp_lin set to 1.200814
[imu_filter_madgwick_node-3] [INFO] [1770794786.638706002] [imu_filter]: Parameter RLController.pid_ki_lin set to 0.000000
[imu_filter_madgwick_node-3] [INFO] [1770794786.638781012] [imu_filter]: Parameter RLController.pid_kd_lin set to 0.029426
[imu_filter_madgwick_node-3] [INFO] [1770794786.638844821] [imu_filter]: Parameter RLController.pid_kp_ang set to 1.230605
[imu_filter_madgwick_node-3] [INFO] [1770794786.638902038] [imu_filter]: Parameter RLController.pid_ki_ang set to 0.000000
[imu_filter_madgwick_node-3] [INFO] [1770794786.638957336] [imu_filter]: Parameter RLController.pid_kd_ang set to 0.140000
[imu_filter_madgwick_node-3] [INFO] [1770794787.070526343] [imu_filter]: Parameter RLController.pid_kp_lin set to 1.200814
[imu_filter_madgwick_node-3] [INFO] [1770794787.070799117] [imu_filter]: Parameter RLController.pid_ki_lin set to 0.000000
[imu_filter_madgwick_node-3] [INFO] [1770794787.070885647] [imu_filter]: Parameter RLController.pid_kd_lin set to 0.029426
[imu_filter_madgwick_node-3] [INFO] [1770794787.070953488] [imu_filter]: Parameter RLController.pid_kp_ang set to 1.230605
[imu_filter_madgwick_node-3] [INFO] [1770794787.071012114] [imu_filter]: Parameter RLController.pid_ki_ang set to 0.000000
[imu_filter_madgwick_node-3] [INFO] [1770794787.071072019] [imu_filter]: Parameter RLController.pid_kd_ang set to 0.140000
[imu_filter_madgwick_node-3] [INFO] [1770794787.492199334] [imu_filter]: Parameter RLController.pid_kp_lin set to 1.200814
[imu_filter_madgwick_node-3] [INFO] [1770794787.492631055] [imu_filter]: Parameter RLController.pid_ki_lin set to 0.000000
[imu_filter_madgwick_node-3] [INFO] [1770794787.492831251] [imu_filter]: Parameter RLController.pid_kd_lin set to 0.029426
[imu_filter_madgwick_node-3] [INFO] [1770794787.492935029] [imu_filter]: Parameter RLController.pid_kp_ang set to 1.230605
[imu_filter_madgwick_node-3] [INFO] [1770794787.493013367] [imu_filter]: Parameter RLController.pid_ki_ang set to 0.000000
[imu_filter_madgwick_node-3] [INFO] [1770794787.493074456] [imu_filter]: Parameter RLController.pid_kd_ang set to 0.140000
[imu_filter_madgwick_node-3] [INFO] [1770794787.910925221] [imu_filter]: Parameter RLController.pid_kp_lin set to 1.200814
[imu_filter_madgwick_node-3] [INFO] [1770794787.911116682] [imu_filter]: Parameter RLController.pid_ki_lin set to 0.000000
[imu_filter_madgwick_node-3] [INFO] [1770794787.911184075] [imu_filter]: Parameter RLController.pid_kd_lin set to 0.029426
[imu_filter_madgwick_node-3] [INFO] [1770794787.911247532] [imu_filter]: Parameter RLController.pid_kp_ang set to 1.230605
[imu_filter_madgwick_node-3] [INFO] [1770794787.911301421] [imu_filter]: Parameter RLController.pid_ki_ang set to 0.000000
[imu_filter_madgwick_node-3] [INFO] [1770794787.911466801] [imu_filter]: Parameter RLController.pid_kd_ang set to 0.140000
[imu_filter_madgwick_node-3] [INFO] [1770794788.326388064] [imu_filter]: Parameter RLController.pid_kp_lin set to 1.200814
[imu_filter_madgwick_node-3] [INFO] [1770794788.326740616] [imu_filter]: Parameter RLController.pid_ki_lin set to 0.000000
[imu_filter_madgwick_node-3] [INFO] [1770794788.326827530] [imu_filter]: Parameter RLController.pid_kd_lin set to 0.029426
[imu_filter_madgwick_node-3] [INFO] [1770794788.326893131] [imu_filter]: Parameter RLController.pid_kp_ang set to 1.230605
[imu_filter_madgwick_node-3] [INFO] [1770794788.326951596] [imu_filter]: Parameter RLController.pid_ki_ang set to 0.000000
[imu_filter_madgwick_node-3] [INFO] [1770794788.327008333] [imu_filter]: Parameter RLController.pid_kd_ang set to 0.140000
[imu_filter_madgwick_node-3] [INFO] [1770794788.759945338] [imu_filter]: Parameter RLController.pid_kp_lin set to 1.200814
[imu_filter_madgwick_node-3] [INFO] [1770794788.760156927] [imu_filter]: Parameter RLController.pid_ki_lin set to 0.000000
[imu_filter_madgwick_node-3] [INFO] [1770794788.760225248] [imu_filter]: Parameter RLController.pid_kd_lin set to 0.029426
[imu_filter_madgwick_node-3] [INFO] [1770794788.760287553] [imu_filter]: Parameter RLController.pid_kp_ang set to 1.230605
[imu_filter_madgwick_node-3] [INFO] [1770794788.760343299] [imu_filter]: Parameter RLController.pid_ki_ang set to 0.000000
[imu_filter_madgwick_node-3] [INFO] [1770794788.760396868] [imu_filter]: Parameter RLController.pid_kd_ang set to 0.140000
[imu_filter_madgwick_node-3] [INFO] [1770794789.178440149] [imu_filter]: Parameter RLController.pid_kp_lin set to 1.200814
[imu_filter_madgwick_node-3] [INFO] [1770794789.178646329] [imu_filter]: Parameter RLController.pid_ki_lin set to 0.000000
[imu_filter_madgwick_node-3] [INFO] [1770794789.178724699] [imu_filter]: Parameter RLController.pid_kd_lin set to 0.029426
[imu_filter_madgwick_node-3] [INFO] [1770794789.179022369] [imu_filter]: Parameter RLController.pid_kp_ang set to 1.230605
[imu_filter_madgwick_node-3] [INFO] [1770794789.179095075] [imu_filter]: Parameter RLController.pid_ki_ang set to 0.000000
[imu_filter_madgwick_node-3] [INFO] [1770794789.180106648] [imu_filter]: Parameter RLController.pid_kd_ang set to 0.140000
[imu_filter_madgwick_node-3] [INFO] [1770794789.601966843] [imu_filter]: Parameter RLController.pid_kp_lin set to 1.200814
[imu_filter_madgwick_node-3] [INFO] [1770794789.602293665] [imu_filter]: Parameter RLController.pid_ki_lin set to 0.000000
[imu_filter_madgwick_node-3] [INFO] [1770794789.602369155] [imu_filter]: Parameter RLController.pid_kd_lin set to 0.029426
[imu_filter_madgwick_node-3] [INFO] [1770794789.602436548] [imu_filter]: Parameter RLController.pid_kp_ang set to 1.230605
[imu_filter_madgwick_node-3] [INFO] [1770794789.602496006] [imu_filter]: Parameter RLController.pid_ki_ang set to 0.000000
[imu_filter_madgwick_node-3] [INFO] [1770794789.602552359] [imu_filter]: Parameter RLController.pid_kd_ang set to 0.140000
[imu_filter_madgwick_node-3] [INFO] [1770794790.030413640] [imu_filter]: Parameter RLController.pid_kp_lin set to 1.200814
[imu_filter_madgwick_node-3] [INFO] [1770794790.030630541] [imu_filter]: Parameter RLController.pid_ki_lin set to 0.000000
[imu_filter_madgwick_node-3] [INFO] [1770794790.034184344] [imu_filter]: Parameter RLController.pid_kd_lin set to 0.029426
[imu_filter_madgwick_node-3] [INFO] [1770794790.034540800] [imu_filter]: Parameter RLController.pid_kp_ang set to 1.230605
[imu_filter_madgwick_node-3] [INFO] [1770794790.034621697] [imu_filter]: Parameter RLController.pid_ki_ang set to 0.000000
[imu_filter_madgwick_node-3] [INFO] [1770794790.034684899] [imu_filter]: Parameter RLController.pid_kd_ang set to 0.140000
[imu_filter_madgwick_node-3] [INFO] [1770794790.440296717] [imu_filter]: Parameter RLController.pid_kp_lin set to 1.200814
[imu_filter_madgwick_node-3] [INFO] [1770794790.440509777] [imu_filter]: Parameter RLController.pid_ki_lin set to 0.000000
[imu_filter_madgwick_node-3] [INFO] [1770794790.440586227] [imu_filter]: Parameter RLController.pid_kd_lin set to 0.029426
[imu_filter_madgwick_node-3] [INFO] [1770794790.440650612] [imu_filter]: Parameter RLController.pid_kp_ang set to 1.230605
[imu_filter_madgwick_node-3] [INFO] [1770794790.443892025] [imu_filter]: Parameter RLController.pid_ki_ang set to 0.000000
[imu_filter_madgwick_node-3] [INFO] [1770794790.444073565] [imu_filter]: Parameter RLController.pid_kd_ang set to 0.140000
[imu_filter_madgwick_node-3] [INFO] [1770794790.867067383] [imu_filter]: Parameter RLController.pid_kp_lin set to 1.200814
[imu_filter_madgwick_node-3] [INFO] [1770794790.867263643] [imu_filter]: Parameter RLController.pid_ki_lin set to 0.000000
[imu_filter_madgwick_node-3] [INFO] [1770794790.867435199] [imu_filter]: Parameter RLController.pid_kd_lin set to 0.029426
[imu_filter_madgwick_node-3] [INFO] [1770794790.867512736] [imu_filter]: Parameter RLController.pid_kp_ang set to 1.230605
[imu_filter_madgwick_node-3] [INFO] [1770794790.867574562] [imu_filter]: Parameter RLController.pid_ki_ang set to 0.000000
[imu_filter_madgwick_node-3] [INFO] [1770794790.867633155] [imu_filter]: Parameter RLController.pid_kd_ang set to 0.140000
[imu_filter_madgwick_node-3] [INFO] [1770794791.291428430] [imu_filter]: Parameter RLController.pid_kp_lin set to 1.200814
[imu_filter_madgwick_node-3] [INFO] [1770794791.291665907] [imu_filter]: Parameter RLController.pid_ki_lin set to 0.000000
[imu_filter_madgwick_node-3] [INFO] [1770794791.291740277] [imu_filter]: Parameter RLController.pid_kd_lin set to 0.029426
[imu_filter_madgwick_node-3] [INFO] [1770794791.291804374] [imu_filter]: Parameter RLController.pid_kp_ang set to 1.230605
[imu_filter_madgwick_node-3] [INFO] [1770794791.291864503] [imu_filter]: Parameter RLController.pid_ki_ang set to 0.000000
[imu_filter_madgwick_node-3] [INFO] [1770794791.291922617] [imu_filter]: Parameter RLController.pid_kd_ang set to 0.140000
[imu_filter_madgwick_node-3] [INFO] [1770794791.714360071] [imu_filter]: Parameter RLController.pid_kp_lin set to 1.200814
[imu_filter_madgwick_node-3] [INFO] [1770794791.714570252] [imu_filter]: Parameter RLController.pid_ki_lin set to 0.000000
[imu_filter_madgwick_node-3] [INFO] [1770794791.714639437] [imu_filter]: Parameter RLController.pid_kd_lin set to 0.029426
[imu_filter_madgwick_node-3] [INFO] [1770794791.714700782] [imu_filter]: Parameter RLController.pid_kp_ang set to 1.230605
[imu_filter_madgwick_node-3] [INFO] [1770794791.714754511] [imu_filter]: Parameter RLController.pid_ki_ang set to 0.000000
[imu_filter_madgwick_node-3] [INFO] [1770794791.714807921] [imu_filter]: Parameter RLController.pid_kd_ang set to 0.140000
[imu_filter_madgwick_node-3] [INFO] [1770794792.139961816] [imu_filter]: Parameter RLController.pid_kp_lin set to 1.200814
[imu_filter_madgwick_node-3] [INFO] [1770794792.140189853] [imu_filter]: Parameter RLController.pid_ki_lin set to 0.000000
[imu_filter_madgwick_node-3] [INFO] [1770794792.140405730] [imu_filter]: Parameter RLController.pid_kd_lin set to 0.029426
[imu_filter_madgwick_node-3] [INFO] [1770794792.140480963] [imu_filter]: Parameter RLController.pid_kp_ang set to 1.230605
[imu_filter_madgwick_node-3] [INFO] [1770794792.140657479] [imu_filter]: Parameter RLController.pid_ki_ang set to 0.000000
[imu_filter_madgwick_node-3] [INFO] [1770794792.140722249] [imu_filter]: Parameter RLController.pid_kd_ang set to 0.140000
[imu_filter_madgwick_node-3] [INFO] [1770794792.580799724] [imu_filter]: Parameter RLController.pid_kp_lin set to 1.200814
[imu_filter_madgwick_node-3] [INFO] [1770794792.589917517] [imu_filter]: Parameter RLController.pid_ki_lin set to 0.000000
[imu_filter_madgwick_node-3] [INFO] [1770794792.590301494] [imu_filter]: Parameter RLController.pid_kd_lin set to 0.029426
[imu_filter_madgwick_node-3] [INFO] [1770794792.590495994] [imu_filter]: Parameter RLController.pid_kp_ang set to 1.230605
[imu_filter_madgwick_node-3] [INFO] [1770794792.590569403] [imu_filter]: Parameter RLController.pid_ki_ang set to 0.000000
[imu_filter_madgwick_node-3] [INFO] [1770794792.590631325] [imu_filter]: Parameter RLController.pid_kd_ang set to 0.140000
[imu_filter_madgwick_node-3] [INFO] [1770794793.005937844] [imu_filter]: Parameter RLController.pid_kp_lin set to 1.200814
[imu_filter_madgwick_node-3] [INFO] [1770794793.006288987] [imu_filter]: Parameter RLController.pid_ki_lin set to 0.000000
[imu_filter_madgwick_node-3] [INFO] [1770794793.006380349] [imu_filter]: Parameter RLController.pid_kd_lin set to 0.029426
[imu_filter_madgwick_node-3] [INFO] [1770794793.006443007] [imu_filter]: Parameter RLController.pid_kp_ang set to 1.230605
[imu_filter_madgwick_node-3] [INFO] [1770794793.006497664] [imu_filter]: Parameter RLController.pid_ki_ang set to 0.000000
[imu_filter_madgwick_node-3] [INFO] [1770794793.006551297] [imu_filter]: Parameter RLController.pid_kd_ang set to 0.140000
[imu_filter_madgwick_node-3] [INFO] [1770794793.418934715] [imu_filter]: Parameter RLController.pid_kp_lin set to 1.200814
[imu_filter_madgwick_node-3] [INFO] [1770794793.419124223] [imu_filter]: Parameter RLController.pid_ki_lin set to 0.000000
[imu_filter_madgwick_node-3] [INFO] [1770794793.419190624] [imu_filter]: Parameter RLController.pid_kd_lin set to 0.029426
[imu_filter_madgwick_node-3] [INFO] [1770794793.419254273] [imu_filter]: Parameter RLController.pid_kp_ang set to 1.230605
[imu_filter_madgwick_node-3] [INFO] [1770794793.427290699] [imu_filter]: Parameter RLController.pid_ki_ang set to 0.000000
[imu_filter_madgwick_node-3] [INFO] [1770794793.427495504] [imu_filter]: Parameter RLController.pid_kd_ang set to 0.140000
[imu_filter_madgwick_node-3] [INFO] [1770794793.839131642] [imu_filter]: Parameter RLController.pid_kp_lin set to 1.200814
[imu_filter_madgwick_node-3] [INFO] [1770794793.839474881] [imu_filter]: Parameter RLController.pid_ki_lin set to 0.000000
[imu_filter_madgwick_node-3] [INFO] [1770794793.839560227] [imu_filter]: Parameter RLController.pid_kd_lin set to 0.029426
[imu_filter_madgwick_node-3] [INFO] [1770794793.839625028] [imu_filter]: Parameter RLController.pid_kp_ang set to 1.230605
[imu_filter_madgwick_node-3] [INFO] [1770794793.839680773] [imu_filter]: Parameter RLController.pid_ki_ang set to 0.000000
[imu_filter_madgwick_node-3] [INFO] [1770794793.839734374] [imu_filter]: Parameter RLController.pid_kd_ang set to 0.140000
[imu_filter_madgwick_node-3] [INFO] [1770794794.281369995] [imu_filter]: Parameter RLController.pid_kp_lin set to 1.200814
[imu_filter_madgwick_node-3] [INFO] [1770794794.281601200] [imu_filter]: Parameter RLController.pid_ki_lin set to 0.000000
[imu_filter_madgwick_node-3] [INFO] [1770794794.281675858] [imu_filter]: Parameter RLController.pid_kd_lin set to 0.029426
[imu_filter_madgwick_node-3] [INFO] [1770794794.285397088] [imu_filter]: Parameter RLController.pid_kp_ang set to 1.230605
[imu_filter_madgwick_node-3] [INFO] [1770794794.285572292] [imu_filter]: Parameter RLController.pid_ki_ang set to 0.000000
[imu_filter_madgwick_node-3] [INFO] [1770794794.285641190] [imu_filter]: Parameter RLController.pid_kd_ang set to 0.140000
[imu_filter_madgwick_node-3] [INFO] [1770794794.691597559] [imu_filter]: Parameter RLController.pid_kp_lin set to 1.200814
[imu_filter_madgwick_node-3] [INFO] [1770794794.691927678] [imu_filter]: Parameter RLController.pid_ki_lin set to 0.000000
[imu_filter_madgwick_node-3] [INFO] [1770794794.692079457] [imu_filter]: Parameter RLController.pid_kd_lin set to 0.029426
[imu_filter_madgwick_node-3] [INFO] [1770794794.692159075] [imu_filter]: Parameter RLController.pid_kp_ang set to 1.230605
[imu_filter_madgwick_node-3] [INFO] [1770794794.692220100] [imu_filter]: Parameter RLController.pid_ki_ang set to 0.000000
[imu_filter_madgwick_node-3] [INFO] [1770794794.692277350] [imu_filter]: Parameter RLController.pid_kd_ang set to 0.140000
[imu_filter_madgwick_node-3] [INFO] [1770794795.097790670] [imu_filter]: Parameter RLController.pid_kp_lin set to 1.200814
[imu_filter_madgwick_node-3] [INFO] [1770794795.099397552] [imu_filter]: Parameter RLController.pid_ki_lin set to 0.000000
[imu_filter_madgwick_node-3] [INFO] [1770794795.099546291] [imu_filter]: Parameter RLController.pid_kd_lin set to 0.029426
[imu_filter_madgwick_node-3] [INFO] [1770794795.099995900] [imu_filter]: Parameter RLController.pid_kp_ang set to 1.230605
[imu_filter_madgwick_node-3] [INFO] [1770794795.100084222] [imu_filter]: Parameter RLController.pid_ki_ang set to 0.000000
[imu_filter_madgwick_node-3] [INFO] [1770794795.100150144] [imu_filter]: Parameter RLController.pid_kd_ang set to 0.140000
[imu_filter_madgwick_node-3] [INFO] [1770794795.510823637] [imu_filter]: Parameter RLController.pid_kp_lin set to 1.200814
[imu_filter_madgwick_node-3] [INFO] [1770794795.511040570] [imu_filter]: Parameter RLController.pid_ki_lin set to 0.000000
[imu_filter_madgwick_node-3] [INFO] [1770794795.511111035] [imu_filter]: Parameter RLController.pid_kd_lin set to 0.029426
[imu_filter_madgwick_node-3] [INFO] [1770794795.512927874] [imu_filter]: Parameter RLController.pid_kp_ang set to 1.230605
[imu_filter_madgwick_node-3] [INFO] [1770794795.513122662] [imu_filter]: Parameter RLController.pid_ki_ang set to 0.000000
[imu_filter_madgwick_node-3] [INFO] [1770794795.513198855] [imu_filter]: Parameter RLController.pid_kd_ang set to 0.140000
[imu_filter_madgwick_node-3] [INFO] [1770794795.927401735] [imu_filter]: Parameter RLController.pid_kp_lin set to 1.200814
[imu_filter_madgwick_node-3] [INFO] [1770794795.927594828] [imu_filter]: Parameter RLController.pid_ki_lin set to 0.000000
[imu_filter_madgwick_node-3] [INFO] [1770794795.927660525] [imu_filter]: Parameter RLController.pid_kd_lin set to 0.029426
[imu_filter_madgwick_node-3] [INFO] [1770794795.927717678] [imu_filter]: Parameter RLController.pid_kp_ang set to 1.230605
[imu_filter_madgwick_node-3] [INFO] [1770794795.927770351] [imu_filter]: Parameter RLController.pid_ki_ang set to 0.000000
[imu_filter_madgwick_node-3] [INFO] [1770794795.927823088] [imu_filter]: Parameter RLController.pid_kd_ang set to 0.140000
[imu_filter_madgwick_node-3] [INFO] [1770794796.341158974] [imu_filter]: Parameter RLController.pid_kp_lin set to 1.200814
[imu_filter_madgwick_node-3] [INFO] [1770794796.341511558] [imu_filter]: Parameter RLController.pid_ki_lin set to 0.000000
[imu_filter_madgwick_node-3] [INFO] [1770794796.341644424] [imu_filter]: Parameter RLController.pid_kd_lin set to 0.029426
[imu_filter_madgwick_node-3] [INFO] [1770794796.341737994] [imu_filter]: Parameter RLController.pid_kp_ang set to 1.230605
[imu_filter_madgwick_node-3] [INFO] [1770794796.341802412] [imu_filter]: Parameter RLController.pid_ki_ang set to 0.000000
[imu_filter_madgwick_node-3] [INFO] [1770794796.341859213] [imu_filter]: Parameter RLController.pid_kd_ang set to 0.140000
[imu_filter_madgwick_node-3] [INFO] [1770794796.757527116] [imu_filter]: Parameter RLController.pid_kp_lin set to 1.200814
[imu_filter_madgwick_node-3] [INFO] [1770794796.757804946] [imu_filter]: Parameter RLController.pid_ki_lin set to 0.000000
[imu_filter_madgwick_node-3] [INFO] [1770794796.757890196] [imu_filter]: Parameter RLController.pid_kd_lin set to 0.029426
[imu_filter_madgwick_node-3] [INFO] [1770794796.757952949] [imu_filter]: Parameter RLController.pid_kp_ang set to 1.230605
[imu_filter_madgwick_node-3] [INFO] [1770794796.758008790] [imu_filter]: Parameter RLController.pid_ki_ang set to 0.000000
[imu_filter_madgwick_node-3] [INFO] [1770794796.758062103] [imu_filter]: Parameter RLController.pid_kd_ang set to 0.140000
[imu_filter_madgwick_node-3] [INFO] [1770794797.200049860] [imu_filter]: Parameter RLController.pid_kp_lin set to 1.200814
[imu_filter_madgwick_node-3] [INFO] [1770794797.200276200] [imu_filter]: Parameter RLController.pid_ki_lin set to 0.000000
[imu_filter_madgwick_node-3] [INFO] [1770794797.200347402] [imu_filter]: Parameter RLController.pid_kd_lin set to 0.029426
[imu_filter_madgwick_node-3] [INFO] [1770794797.200411275] [imu_filter]: Parameter RLController.pid_kp_ang set to 1.230605
[imu_filter_madgwick_node-3] [INFO] [1770794797.203609967] [imu_filter]: Parameter RLController.pid_ki_ang set to 0.000000
[imu_filter_madgwick_node-3] [INFO] [1770794797.203793107] [imu_filter]: Parameter RLController.pid_kd_ang set to 0.140000
[imu_filter_madgwick_node-3] [INFO] [1770794797.619758776] [imu_filter]: Parameter RLController.pid_kp_lin set to 1.200814
[imu_filter_madgwick_node-3] [INFO] [1770794797.619981693] [imu_filter]: Parameter RLController.pid_ki_lin set to 0.000000
[imu_filter_madgwick_node-3] [INFO] [1770794797.620054911] [imu_filter]: Parameter RLController.pid_kd_lin set to 0.029426
[imu_filter_madgwick_node-3] [INFO] [1770794797.620116672] [imu_filter]: Parameter RLController.pid_kp_ang set to 1.230605
[imu_filter_madgwick_node-3] [INFO] [1770794797.620171969] [imu_filter]: Parameter RLController.pid_ki_ang set to 0.000000
[imu_filter_madgwick_node-3] [INFO] [1770794797.621423516] [imu_filter]: Parameter RLController.pid_kd_ang set to 0.140000
[imu_filter_madgwick_node-3] [INFO] [1770794798.037434338] [imu_filter]: Parameter RLController.pid_kp_lin set to 1.200814
[imu_filter_madgwick_node-3] [INFO] [1770794798.037795690] [imu_filter]: Parameter RLController.pid_ki_lin set to 0.000000
[imu_filter_madgwick_node-3] [INFO] [1770794798.037882699] [imu_filter]: Parameter RLController.pid_kd_lin set to 0.029426
[imu_filter_madgwick_node-3] [INFO] [1770794798.037949005] [imu_filter]: Parameter RLController.pid_kp_ang set to 1.230605
[imu_filter_madgwick_node-3] [INFO] [1770794798.038007630] [imu_filter]: Parameter RLController.pid_ki_ang set to 0.000000
[imu_filter_madgwick_node-3] [INFO] [1770794798.038061167] [imu_filter]: Parameter RLController.pid_kd_ang set to 0.140000
[imu_filter_madgwick_node-3] [INFO] [1770794798.453355526] [imu_filter]: Parameter RLController.pid_kp_lin set to 1.200814
[imu_filter_madgwick_node-3] [INFO] [1770794798.453669645] [imu_filter]: Parameter RLController.pid_ki_lin set to 0.000000
[imu_filter_madgwick_node-3] [INFO] [1770794798.455799098] [imu_filter]: Parameter RLController.pid_kd_lin set to 0.029426
[imu_filter_madgwick_node-3] [INFO] [1770794798.456119553] [imu_filter]: Parameter RLController.pid_kp_ang set to 1.230605
[imu_filter_madgwick_node-3] [INFO] [1770794798.456205251] [imu_filter]: Parameter RLController.pid_ki_ang set to 0.000000
[imu_filter_madgwick_node-3] [INFO] [1770794798.456277572] [imu_filter]: Parameter RLController.pid_kd_ang set to 0.140000
[imu_filter_madgwick_node-3] [INFO] [1770794798.863546642] [imu_filter]: Parameter RLController.pid_kp_lin set to 1.200814
[imu_filter_madgwick_node-3] [INFO] [1770794798.863881465] [imu_filter]: Parameter RLController.pid_ki_lin set to 0.000000
[imu_filter_madgwick_node-3] [INFO] [1770794798.863959578] [imu_filter]: Parameter RLController.pid_kd_lin set to 0.029426
[imu_filter_madgwick_node-3] [INFO] [1770794798.864026812] [imu_filter]: Parameter RLController.pid_kp_ang set to 1.230605
[imu_filter_madgwick_node-3] [INFO] [1770794798.864083773] [imu_filter]: Parameter RLController.pid_ki_ang set to 0.000000
[imu_filter_madgwick_node-3] [INFO] [1770794798.864137534] [imu_filter]: Parameter RLController.pid_kd_ang set to 0.140000
[imu_filter_madgwick_node-3] [INFO] [1770794799.280588206] [imu_filter]: Parameter RLController.pid_kp_lin set to 1.200814
[imu_filter_madgwick_node-3] [INFO] [1770794799.280837971] [imu_filter]: Parameter RLController.pid_ki_lin set to 0.000000
[imu_filter_madgwick_node-3] [INFO] [1770794799.282973024] [imu_filter]: Parameter RLController.pid_kd_lin set to 0.029426
[imu_filter_madgwick_node-3] [INFO] [1770794799.283310632] [imu_filter]: Parameter RLController.pid_kp_ang set to 1.230605
[imu_filter_madgwick_node-3] [INFO] [1770794799.283434314] [imu_filter]: Parameter RLController.pid_ki_ang set to 0.000000
[imu_filter_madgwick_node-3] [INFO] [1770794799.283498123] [imu_filter]: Parameter RLController.pid_kd_ang set to 0.140000
[imu_filter_madgwick_node-3] [INFO] [1770794799.693795545] [imu_filter]: Parameter RLController.pid_kp_lin set to 1.200814
[imu_filter_madgwick_node-3] [INFO] [1770794799.693983773] [imu_filter]: Parameter RLController.pid_ki_lin set to 0.000000
[imu_filter_madgwick_node-3] [INFO] [1770794799.694048702] [imu_filter]: Parameter RLController.pid_kd_lin set to 0.029426
[imu_filter_madgwick_node-3] [INFO] [1770794799.694107616] [imu_filter]: Parameter RLController.pid_kp_ang set to 1.230605
[imu_filter_madgwick_node-3] [INFO] [1770794799.694160737] [imu_filter]: Parameter RLController.pid_ki_ang set to 0.000000
[imu_filter_madgwick_node-3] [INFO] [1770794799.694212802] [imu_filter]: Parameter RLController.pid_kd_ang set to 0.140000
[imu_filter_madgwick_node-3] [INFO] [1770794800.106112337] [imu_filter]: Parameter RLController.pid_kp_lin set to 1.200814
[imu_filter_madgwick_node-3] [INFO] [1770794800.106350518] [imu_filter]: Parameter RLController.pid_ki_lin set to 0.000000
[imu_filter_madgwick_node-3] [INFO] [1770794800.106431672] [imu_filter]: Parameter RLController.pid_kd_lin set to 0.029426
[imu_filter_madgwick_node-3] [INFO] [1770794800.106713278] [imu_filter]: Parameter RLController.pid_kp_ang set to 1.230605
[imu_filter_madgwick_node-3] [INFO] [1770794800.106799904] [imu_filter]: Parameter RLController.pid_ki_ang set to 0.000000
[imu_filter_madgwick_node-3] [INFO] [1770794800.106864545] [imu_filter]: Parameter RLController.pid_kd_ang set to 0.140000
[imu_filter_madgwick_node-3] [INFO] [1770794800.520460596] [imu_filter]: Parameter RLController.pid_kp_lin set to 1.200814
[imu_filter_madgwick_node-3] [INFO] [1770794800.520793307] [imu_filter]: Parameter RLController.pid_ki_lin set to 0.000000
[imu_filter_madgwick_node-3] [INFO] [1770794800.528062133] [imu_filter]: Parameter RLController.pid_kd_lin set to 0.029426
[imu_filter_madgwick_node-3] [INFO] [1770794800.528306298] [imu_filter]: Parameter RLController.pid_kp_ang set to 1.230605
[imu_filter_madgwick_node-3] [INFO] [1770794800.528394492] [imu_filter]: Parameter RLController.pid_ki_ang set to 0.000000
[imu_filter_madgwick_node-3] [INFO] [1770794800.528568416] [imu_filter]: Parameter RLController.pid_kd_ang set to 0.140000
[imu_filter_madgwick_node-3] [INFO] [1770794800.945161267] [imu_filter]: Parameter RLController.pid_kp_lin set to 1.200814
[imu_filter_madgwick_node-3] [INFO] [1770794800.945353655] [imu_filter]: Parameter RLController.pid_ki_lin set to 0.000000
[imu_filter_madgwick_node-3] [INFO] [1770794800.947348929] [imu_filter]: Parameter RLController.pid_kd_lin set to 0.029426
[imu_filter_madgwick_node-3] [INFO] [1770794800.947549605] [imu_filter]: Parameter RLController.pid_kp_ang set to 1.230605
[imu_filter_madgwick_node-3] [INFO] [1770794800.947614535] [imu_filter]: Parameter RLController.pid_ki_ang set to 0.000000
[imu_filter_madgwick_node-3] [INFO] [1770794800.947675080] [imu_filter]: Parameter RLController.pid_kd_ang set to 0.140000
[imu_filter_madgwick_node-3] [INFO] [1770794801.357680303] [imu_filter]: Parameter RLController.pid_kp_lin set to 1.200814
[imu_filter_madgwick_node-3] [INFO] [1770794801.357921812] [imu_filter]: Parameter RLController.pid_ki_lin set to 0.000000
[imu_filter_madgwick_node-3] [INFO] [1770794801.357997206] [imu_filter]: Parameter RLController.pid_kd_lin set to 0.029426
[imu_filter_madgwick_node-3] [INFO] [1770794801.358177466] [imu_filter]: Parameter RLController.pid_kp_ang set to 1.230605
[imu_filter_madgwick_node-3] [INFO] [1770794801.358238587] [imu_filter]: Parameter RLController.pid_ki_ang set to 0.000000
[imu_filter_madgwick_node-3] [INFO] [1770794801.358296924] [imu_filter]: Parameter RLController.pid_kd_ang set to 0.140000
[imu_filter_madgwick_node-3] [INFO] [1770794801.767105578] [imu_filter]: Parameter RLController.pid_kp_lin set to 1.200814
[imu_filter_madgwick_node-3] [INFO] [1770794801.767301966] [imu_filter]: Parameter RLController.pid_ki_lin set to 0.000000
[imu_filter_madgwick_node-3] [INFO] [1770794801.767369904] [imu_filter]: Parameter RLController.pid_kd_lin set to 0.029426
[imu_filter_madgwick_node-3] [INFO] [1770794801.767449681] [imu_filter]: Parameter RLController.pid_kp_ang set to 1.230605
[imu_filter_madgwick_node-3] [INFO] [1770794801.767508243] [imu_filter]: Parameter RLController.pid_ki_ang set to 0.000000
[imu_filter_madgwick_node-3] [INFO] [1770794801.767565524] [imu_filter]: Parameter RLController.pid_kd_ang set to 0.140000
[imu_filter_madgwick_node-3] [INFO] [1770794802.176240799] [imu_filter]: Parameter RLController.pid_kp_lin set to 1.200814
[imu_filter_madgwick_node-3] [INFO] [1770794802.181893303] [imu_filter]: Parameter RLController.pid_ki_lin set to 0.000000
[imu_filter_madgwick_node-3] [INFO] [1770794802.182100507] [imu_filter]: Parameter RLController.pid_kd_lin set to 0.029426
[imu_filter_madgwick_node-3] [INFO] [1770794802.182316832] [imu_filter]: Parameter RLController.pid_kp_ang set to 1.230605
[imu_filter_madgwick_node-3] [INFO] [1770794802.182386593] [imu_filter]: Parameter RLController.pid_ki_ang set to 0.000000
[imu_filter_madgwick_node-3] [INFO] [1770794802.182445730] [imu_filter]: Parameter RLController.pid_kd_ang set to 0.140000
[imu_filter_madgwick_node-3] [INFO] [1770794802.606317231] [imu_filter]: Parameter RLController.pid_kp_lin set to 1.200814
[imu_filter_madgwick_node-3] [INFO] [1770794802.619250497] [imu_filter]: Parameter RLController.pid_ki_lin set to 0.000000
[imu_filter_madgwick_node-3] [INFO] [1770794802.622311458] [imu_filter]: Parameter RLController.pid_kd_lin set to 0.029426
[imu_filter_madgwick_node-3] [INFO] [1770794802.622524774] [imu_filter]: Parameter RLController.pid_kp_ang set to 1.230605
[imu_filter_madgwick_node-3] [INFO] [1770794802.622596520] [imu_filter]: Parameter RLController.pid_ki_ang set to 0.000000
[imu_filter_madgwick_node-3] [INFO] [1770794802.622656681] [imu_filter]: Parameter RLController.pid_kd_ang set to 0.140000
[imu_filter_madgwick_node-3] [INFO] [1770794803.037697947] [imu_filter]: Parameter RLController.pid_kp_lin set to 1.200814
[imu_filter_madgwick_node-3] [INFO] [1770794803.037974113] [imu_filter]: Parameter RLController.pid_ki_lin set to 0.000000
[imu_filter_madgwick_node-3] [INFO] [1770794803.038058850] [imu_filter]: Parameter RLController.pid_kd_lin set to 0.029426
[imu_filter_madgwick_node-3] [INFO] [1770794803.038125348] [imu_filter]: Parameter RLController.pid_kp_ang set to 1.230605
[imu_filter_madgwick_node-3] [INFO] [1770794803.038181989] [imu_filter]: Parameter RLController.pid_ki_ang set to 0.000000
[imu_filter_madgwick_node-3] [INFO] [1770794803.038238182] [imu_filter]: Parameter RLController.pid_kd_ang set to 0.140000
[imu_filter_madgwick_node-3] [INFO] [1770794803.454147531] [imu_filter]: Parameter RLController.pid_kp_lin set to 1.200814
[imu_filter_madgwick_node-3] [INFO] [1770794803.454356527] [imu_filter]: Parameter RLController.pid_ki_lin set to 0.000000
[imu_filter_madgwick_node-3] [INFO] [1770794803.454424592] [imu_filter]: Parameter RLController.pid_kd_lin set to 0.029426
[imu_filter_madgwick_node-3] [INFO] [1770794803.454485906] [imu_filter]: Parameter RLController.pid_kp_ang set to 1.230605
[imu_filter_madgwick_node-3] [INFO] [1770794803.455054686] [imu_filter]: Parameter RLController.pid_ki_ang set to 0.000000
[imu_filter_madgwick_node-3] [INFO] [1770794803.455123551] [imu_filter]: Parameter RLController.pid_kd_ang set to 0.140000
[imu_filter_madgwick_node-3] [INFO] [1770794803.862956504] [imu_filter]: Parameter RLController.pid_kp_lin set to 1.200814
[imu_filter_madgwick_node-3] [INFO] [1770794803.863566309] [imu_filter]: Parameter RLController.pid_ki_lin set to 0.000000
[imu_filter_madgwick_node-3] [INFO] [1770794803.863695272] [imu_filter]: Parameter RLController.pid_kd_lin set to 0.029426
[imu_filter_madgwick_node-3] [INFO] [1770794803.863856843] [imu_filter]: Parameter RLController.pid_kp_ang set to 1.230605
[imu_filter_madgwick_node-3] [INFO] [1770794803.863927757] [imu_filter]: Parameter RLController.pid_ki_ang set to 0.000000
[imu_filter_madgwick_node-3] [INFO] [1770794803.863985966] [imu_filter]: Parameter RLController.pid_kd_ang set to 0.140000
[imu_filter_madgwick_node-3] [INFO] [1770794804.277413534] [imu_filter]: Parameter RLController.pid_kp_lin set to 1.200814
[imu_filter_madgwick_node-3] [INFO] [1770794804.277634243] [imu_filter]: Parameter RLController.pid_ki_lin set to 0.000000
[imu_filter_madgwick_node-3] [INFO] [1770794804.277704580] [imu_filter]: Parameter RLController.pid_kd_lin set to 0.029426
[imu_filter_madgwick_node-3] [INFO] [1770794804.277802342] [imu_filter]: Parameter RLController.pid_kp_ang set to 1.230605
[imu_filter_madgwick_node-3] [INFO] [1770794804.277861255] [imu_filter]: Parameter RLController.pid_ki_ang set to 0.000000
[imu_filter_madgwick_node-3] [INFO] [1770794804.278037227] [imu_filter]: Parameter RLController.pid_kd_ang set to 0.140000
[imu_filter_madgwick_node-3] [INFO] [1770794804.701267818] [imu_filter]: Parameter RLController.pid_kp_lin set to 1.200814
[imu_filter_madgwick_node-3] [INFO] [1770794804.701515792] [imu_filter]: Parameter RLController.pid_ki_lin set to 0.000000
[imu_filter_madgwick_node-3] [INFO] [1770794804.701588657] [imu_filter]: Parameter RLController.pid_kd_lin set to 0.029426
[imu_filter_madgwick_node-3] [INFO] [1770794804.701649554] [imu_filter]: Parameter RLController.pid_kp_ang set to 1.230605
[imu_filter_madgwick_node-3] [INFO] [1770794804.701749909] [imu_filter]: Parameter RLController.pid_ki_ang set to 0.000000
[imu_filter_madgwick_node-3] [INFO] [1770794804.701825174] [imu_filter]: Parameter RLController.pid_kd_ang set to 0.140000
[imu_filter_madgwick_node-3] [INFO] [1770794805.115869715] [imu_filter]: Parameter RLController.pid_kp_lin set to 1.200814
[imu_filter_madgwick_node-3] [INFO] [1770794805.116092504] [imu_filter]: Parameter RLController.pid_ki_lin set to 0.000000
[imu_filter_madgwick_node-3] [INFO] [1770794805.116167225] [imu_filter]: Parameter RLController.pid_kd_lin set to 0.029426
[imu_filter_madgwick_node-3] [INFO] [1770794805.116229467] [imu_filter]: Parameter RLController.pid_kp_ang set to 1.230605
[imu_filter_madgwick_node-3] [INFO] [1770794805.116286908] [imu_filter]: Parameter RLController.pid_ki_ang set to 0.000000
[imu_filter_madgwick_node-3] [INFO] [1770794805.116342525] [imu_filter]: Parameter RLController.pid_kd_ang set to 0.140000
[imu_filter_madgwick_node-3] [INFO] [1770794805.540067079] [imu_filter]: Parameter RLController.pid_kp_lin set to 1.200814
[imu_filter_madgwick_node-3] [INFO] [1770794805.540372717] [imu_filter]: Parameter RLController.pid_ki_lin set to 0.000000
[imu_filter_madgwick_node-3] [INFO] [1770794805.540458639] [imu_filter]: Parameter RLController.pid_kd_lin set to 0.029426
[imu_filter_madgwick_node-3] [INFO] [1770794805.540522352] [imu_filter]: Parameter RLController.pid_kp_ang set to 1.230605
[imu_filter_madgwick_node-3] [INFO] [1770794805.540579985] [imu_filter]: Parameter RLController.pid_ki_ang set to 0.000000
[imu_filter_madgwick_node-3] [INFO] [1770794805.540633555] [imu_filter]: Parameter RLController.pid_kd_ang set to 0.140000
[imu_filter_madgwick_node-3] [INFO] [1770794805.959207823] [imu_filter]: Parameter RLController.pid_kp_lin set to 1.200814
[imu_filter_madgwick_node-3] [INFO] [1770794805.959584087] [imu_filter]: Parameter RLController.pid_ki_lin set to 0.000000
[imu_filter_madgwick_node-3] [INFO] [1770794805.959696122] [imu_filter]: Parameter RLController.pid_kd_lin set to 0.029426
[imu_filter_madgwick_node-3] [INFO] [1770794805.959767611] [imu_filter]: Parameter RLController.pid_kp_ang set to 1.230605
[imu_filter_madgwick_node-3] [INFO] [1770794805.959827484] [imu_filter]: Parameter RLController.pid_ki_ang set to 0.000000
[imu_filter_madgwick_node-3] [INFO] [1770794805.959885214] [imu_filter]: Parameter RLController.pid_kd_ang set to 0.140000
[imu_filter_madgwick_node-3] [INFO] [1770794806.375250646] [imu_filter]: Parameter RLController.pid_kp_lin set to 1.200814
[imu_filter_madgwick_node-3] [INFO] [1770794806.375463067] [imu_filter]: Parameter RLController.pid_ki_lin set to 0.000000
[imu_filter_madgwick_node-3] [INFO] [1770794806.375531228] [imu_filter]: Parameter RLController.pid_kd_lin set to 0.029426
[imu_filter_madgwick_node-3] [INFO] [1770794806.375589565] [imu_filter]: Parameter RLController.pid_kp_ang set to 1.230605
[imu_filter_madgwick_node-3] [INFO] [1770794806.375643967] [imu_filter]: Parameter RLController.pid_ki_ang set to 0.000000
[imu_filter_madgwick_node-3] [INFO] [1770794806.375698496] [imu_filter]: Parameter RLController.pid_kd_ang set to 0.140000
[imu_filter_madgwick_node-3] [INFO] [1770794806.796950197] [imu_filter]: Parameter RLController.pid_kp_lin set to 1.200814
[imu_filter_madgwick_node-3] [INFO] [1770794806.797187642] [imu_filter]: Parameter RLController.pid_ki_lin set to 0.000000
[imu_filter_madgwick_node-3] [INFO] [1770794806.797402111] [imu_filter]: Parameter RLController.pid_kd_lin set to 0.029426
[imu_filter_madgwick_node-3] [INFO] [1770794806.797482560] [imu_filter]: Parameter RLController.pid_kp_ang set to 1.230605
[imu_filter_madgwick_node-3] [INFO] [1770794806.797543298] [imu_filter]: Parameter RLController.pid_ki_ang set to 0.000000
[imu_filter_madgwick_node-3] [INFO] [1770794806.797598275] [imu_filter]: Parameter RLController.pid_kd_ang set to 0.140000
[imu_filter_madgwick_node-3] [INFO] [1770794807.205225208] [imu_filter]: Parameter RLController.pid_kp_lin set to 1.200814
[imu_filter_madgwick_node-3] [INFO] [1770794807.205437916] [imu_filter]: Parameter RLController.pid_ki_lin set to 0.000000
[imu_filter_madgwick_node-3] [INFO] [1770794807.207751341] [imu_filter]: Parameter RLController.pid_kd_lin set to 0.029426
[imu_filter_madgwick_node-3] [INFO] [1770794807.207933617] [imu_filter]: Parameter RLController.pid_kp_ang set to 1.230605
[imu_filter_madgwick_node-3] [INFO] [1770794807.207999730] [imu_filter]: Parameter RLController.pid_ki_ang set to 0.000000
[imu_filter_madgwick_node-3] [INFO] [1770794807.208066356] [imu_filter]: Parameter RLController.pid_kd_ang set to 0.140000
[imu_filter_madgwick_node-3] [INFO] [1770794807.628806718] [imu_filter]: Parameter RLController.pid_kp_lin set to 1.200814
[imu_filter_madgwick_node-3] [INFO] [1770794807.629129029] [imu_filter]: Parameter RLController.pid_ki_lin set to 0.000000
[imu_filter_madgwick_node-3] [INFO] [1770794807.629238568] [imu_filter]: Parameter RLController.pid_kd_lin set to 0.029426
[imu_filter_madgwick_node-3] [INFO] [1770794807.629310313] [imu_filter]: Parameter RLController.pid_kp_ang set to 1.230605
[imu_filter_madgwick_node-3] [INFO] [1770794807.629369194] [imu_filter]: Parameter RLController.pid_ki_ang set to 0.000000
[imu_filter_madgwick_node-3] [INFO] [1770794807.629423595] [imu_filter]: Parameter RLController.pid_kd_ang set to 0.140000
[imu_filter_madgwick_node-3] [INFO] [1770794808.038913768] [imu_filter]: Parameter RLController.pid_kp_lin set to 1.200814
[imu_filter_madgwick_node-3] [INFO] [1770794808.044877062] [imu_filter]: Parameter RLController.pid_ki_lin set to 0.000000
[imu_filter_madgwick_node-3] [INFO] [1770794808.045281903] [imu_filter]: Parameter RLController.pid_kd_lin set to 0.029426
[imu_filter_madgwick_node-3] [INFO] [1770794808.045375761] [imu_filter]: Parameter RLController.pid_kp_ang set to 1.230605
[imu_filter_madgwick_node-3] [INFO] [1770794808.047526366] [imu_filter]: Parameter RLController.pid_ki_ang set to 0.000000
[imu_filter_madgwick_node-3] [INFO] [1770794808.053411643] [imu_filter]: Parameter RLController.pid_kd_ang set to 0.140000
[imu_filter_madgwick_node-3] [INFO] [1770794808.450801623] [imu_filter]: Parameter RLController.pid_kp_lin set to 1.200814
[imu_filter_madgwick_node-3] [INFO] [1770794808.453470255] [imu_filter]: Parameter RLController.pid_ki_lin set to 0.000000
[imu_filter_madgwick_node-3] [INFO] [1770794808.453813687] [imu_filter]: Parameter RLController.pid_kd_lin set to 0.029426
[imu_filter_madgwick_node-3] [INFO] [1770794808.453900729] [imu_filter]: Parameter RLController.pid_kp_ang set to 1.230605
[imu_filter_madgwick_node-3] [INFO] [1770794808.453959738] [imu_filter]: Parameter RLController.pid_ki_ang set to 0.000000
[imu_filter_madgwick_node-3] [INFO] [1770794808.454016027] [imu_filter]: Parameter RLController.pid_kd_ang set to 0.140000
[imu_filter_madgwick_node-3] [INFO] [1770794808.864469676] [imu_filter]: Parameter RLController.pid_kp_lin set to 1.200814
[imu_filter_madgwick_node-3] [INFO] [1770794808.874784518] [imu_filter]: Parameter RLController.pid_ki_lin set to 0.000000
[imu_filter_madgwick_node-3] [INFO] [1770794808.874997643] [imu_filter]: Parameter RLController.pid_kd_lin set to 0.029426
[imu_filter_madgwick_node-3] [INFO] [1770794808.875077612] [imu_filter]: Parameter RLController.pid_kp_ang set to 1.230605
[imu_filter_madgwick_node-3] [INFO] [1770794808.875136334] [imu_filter]: Parameter RLController.pid_ki_ang set to 0.000000
[imu_filter_madgwick_node-3] [INFO] [1770794808.875195215] [imu_filter]: Parameter RLController.pid_kd_ang set to 0.140000
[imu_filter_madgwick_node-3] [INFO] [1770794809.277087306] [imu_filter]: Parameter RLController.pid_kp_lin set to 1.200814
[imu_filter_madgwick_node-3] [INFO] [1770794809.277407153] [imu_filter]: Parameter RLController.pid_ki_lin set to 0.000000
[imu_filter_madgwick_node-3] [INFO] [1770794809.277503123] [imu_filter]: Parameter RLController.pid_kd_lin set to 0.029426
[imu_filter_madgwick_node-3] [INFO] [1770794809.277569300] [imu_filter]: Parameter RLController.pid_kp_ang set to 1.230605
[imu_filter_madgwick_node-3] [INFO] [1770794809.277632182] [imu_filter]: Parameter RLController.pid_ki_ang set to 0.000000
[imu_filter_madgwick_node-3] [INFO] [1770794809.277686999] [imu_filter]: Parameter RLController.pid_kd_ang set to 0.140000
[imu_filter_madgwick_node-3] [INFO] [1770794809.699197682] [imu_filter]: Parameter RLController.pid_kp_lin set to 1.200814
[imu_filter_madgwick_node-3] [INFO] [1770794809.699407478] [imu_filter]: Parameter RLController.pid_ki_lin set to 0.000000
[imu_filter_madgwick_node-3] [INFO] [1770794809.699482168] [imu_filter]: Parameter RLController.pid_kd_lin set to 0.029426
[imu_filter_madgwick_node-3] [INFO] [1770794809.699544825] [imu_filter]: Parameter RLController.pid_kp_ang set to 1.230605
[imu_filter_madgwick_node-3] [INFO] [1770794809.699599962] [imu_filter]: Parameter RLController.pid_ki_ang set to 0.000000
[imu_filter_madgwick_node-3] [INFO] [1770794809.699656027] [imu_filter]: Parameter RLController.pid_kd_ang set to 0.140000
[imu_filter_madgwick_node-3] [INFO] [1770794810.107357970] [imu_filter]: Parameter RLController.pid_kp_lin set to 1.200814
[imu_filter_madgwick_node-3] [INFO] [1770794810.107569398] [imu_filter]: Parameter RLController.pid_ki_lin set to 0.000000
[imu_filter_madgwick_node-3] [INFO] [1770794810.107640184] [imu_filter]: Parameter RLController.pid_kd_lin set to 0.029426
[imu_filter_madgwick_node-3] [INFO] [1770794810.107702713] [imu_filter]: Parameter RLController.pid_kp_ang set to 1.230605
[imu_filter_madgwick_node-3] [INFO] [1770794810.112313851] [imu_filter]: Parameter RLController.pid_ki_ang set to 0.000000
[imu_filter_madgwick_node-3] [INFO] [1770794810.112523071] [imu_filter]: Parameter RLController.pid_kd_ang set to 0.140000
[imu_filter_madgwick_node-3] [INFO] [1770794810.519895759] [imu_filter]: Parameter RLController.pid_kp_lin set to 1.200814
[imu_filter_madgwick_node-3] [INFO] [1770794810.520118836] [imu_filter]: Parameter RLController.pid_ki_lin set to 0.000000
[imu_filter_madgwick_node-3] [INFO] [1770794810.520341016] [imu_filter]: Parameter RLController.pid_kd_lin set to 0.029426
[imu_filter_madgwick_node-3] [INFO] [1770794810.520414874] [imu_filter]: Parameter RLController.pid_kp_ang set to 1.230605
[imu_filter_madgwick_node-3] [INFO] [1770794810.520471579] [imu_filter]: Parameter RLController.pid_ki_ang set to 0.000000
[imu_filter_madgwick_node-3] [INFO] [1770794810.520527164] [imu_filter]: Parameter RLController.pid_kd_ang set to 0.140000
[imu_filter_madgwick_node-3] [INFO] [1770794810.933704135] [imu_filter]: Parameter RLController.pid_kp_lin set to 1.200814
[imu_filter_madgwick_node-3] [INFO] [1770794810.933933259] [imu_filter]: Parameter RLController.pid_ki_lin set to 0.000000
[imu_filter_madgwick_node-3] [INFO] [1770794810.934004557] [imu_filter]: Parameter RLController.pid_kd_lin set to 0.029426
[imu_filter_madgwick_node-3] [INFO] [1770794810.934067342] [imu_filter]: Parameter RLController.pid_kp_ang set to 1.230605
[imu_filter_madgwick_node-3] [INFO] [1770794810.934125424] [imu_filter]: Parameter RLController.pid_ki_ang set to 0.000000
[imu_filter_madgwick_node-3] [INFO] [1770794810.934180081] [imu_filter]: Parameter RLController.pid_kd_ang set to 0.140000
[imu_filter_madgwick_node-3] [INFO] [1770794811.365926852] [imu_filter]: Parameter RLController.pid_kp_lin set to 1.200814
[imu_filter_madgwick_node-3] [INFO] [1770794811.366140009] [imu_filter]: Parameter RLController.pid_ki_lin set to 0.000000
[imu_filter_madgwick_node-3] [INFO] [1770794811.366214762] [imu_filter]: Parameter RLController.pid_kd_lin set to 0.029426
[imu_filter_madgwick_node-3] [INFO] [1770794811.366277868] [imu_filter]: Parameter RLController.pid_kp_ang set to 1.230605
[imu_filter_madgwick_node-3] [INFO] [1770794811.366331981] [imu_filter]: Parameter RLController.pid_ki_ang set to 0.000000
[imu_filter_madgwick_node-3] [INFO] [1770794811.366386542] [imu_filter]: Parameter RLController.pid_kd_ang set to 0.140000
[imu_filter_madgwick_node-3] [INFO] [1770794811.785862942] [imu_filter]: Parameter RLController.pid_kp_lin set to 1.200814
[imu_filter_madgwick_node-3] [INFO] [1770794811.786060034] [imu_filter]: Parameter RLController.pid_ki_lin set to 0.000000
[imu_filter_madgwick_node-3] [INFO] [1770794811.786137379] [imu_filter]: Parameter RLController.pid_kd_lin set to 0.029426
[imu_filter_madgwick_node-3] [INFO] [1770794811.786198885] [imu_filter]: Parameter RLController.pid_kp_ang set to 1.230605
[imu_filter_madgwick_node-3] [INFO] [1770794811.786251654] [imu_filter]: Parameter RLController.pid_ki_ang set to 0.000000
[imu_filter_madgwick_node-3] [INFO] [1770794811.786304647] [imu_filter]: Parameter RLController.pid_kd_ang set to 0.140000
[imu_filter_madgwick_node-3] [INFO] [1770794812.205865177] [imu_filter]: Parameter RLController.pid_kp_lin set to 1.200814
[imu_filter_madgwick_node-3] [INFO] [1770794812.206220608] [imu_filter]: Parameter RLController.pid_ki_lin set to 0.000000
[imu_filter_madgwick_node-3] [INFO] [1770794812.206301890] [imu_filter]: Parameter RLController.pid_kd_lin set to 0.029426
[imu_filter_madgwick_node-3] [INFO] [1770794812.206365987] [imu_filter]: Parameter RLController.pid_kp_ang set to 1.230605
[imu_filter_madgwick_node-3] [INFO] [1770794812.206421444] [imu_filter]: Parameter RLController.pid_ki_ang set to 0.000000
[imu_filter_madgwick_node-3] [INFO] [1770794812.206474373] [imu_filter]: Parameter RLController.pid_kd_ang set to 0.140000
[imu_filter_madgwick_node-3] [INFO] [1770794812.618282419] [imu_filter]: Parameter RLController.pid_kp_lin set to 1.200814
[imu_filter_madgwick_node-3] [INFO] [1770794812.618494455] [imu_filter]: Parameter RLController.pid_ki_lin set to 0.000000
[imu_filter_madgwick_node-3] [INFO] [1770794812.618566969] [imu_filter]: Parameter RLController.pid_kd_lin set to 0.029426
[imu_filter_madgwick_node-3] [INFO] [1770794812.618629786] [imu_filter]: Parameter RLController.pid_kp_ang set to 1.230605
[imu_filter_madgwick_node-3] [INFO] [1770794812.618913152] [imu_filter]: Parameter RLController.pid_ki_ang set to 0.000000
[imu_filter_madgwick_node-3] [INFO] [1770794812.619003682] [imu_filter]: Parameter RLController.pid_kd_ang set to 0.140000
[imu_filter_madgwick_node-3] [INFO] [1770794813.041812696] [imu_filter]: Parameter RLController.pid_kp_lin set to 1.200814
[imu_filter_madgwick_node-3] [INFO] [1770794813.045773420] [imu_filter]: Parameter RLController.pid_ki_lin set to 0.000000
[imu_filter_madgwick_node-3] [INFO] [1770794813.045957904] [imu_filter]: Parameter RLController.pid_kd_lin set to 0.029426
[imu_filter_madgwick_node-3] [INFO] [1770794813.046028466] [imu_filter]: Parameter RLController.pid_kp_ang set to 1.230605
[imu_filter_madgwick_node-3] [INFO] [1770794813.046085171] [imu_filter]: Parameter RLController.pid_ki_ang set to 0.000000
[imu_filter_madgwick_node-3] [INFO] [1770794813.046138260] [imu_filter]: Parameter RLController.pid_kd_ang set to 0.140000
[imu_filter_madgwick_node-3] [INFO] [1770794813.456107546] [imu_filter]: Parameter RLController.pid_kp_lin set to 1.200814
[imu_filter_madgwick_node-3] [INFO] [1770794813.456304287] [imu_filter]: Parameter RLController.pid_ki_lin set to 0.000000
[imu_filter_madgwick_node-3] [INFO] [1770794813.457010990] [imu_filter]: Parameter RLController.pid_kd_lin set to 0.029426
[imu_filter_madgwick_node-3] [INFO] [1770794813.457276435] [imu_filter]: Parameter RLController.pid_kp_ang set to 1.230605
[imu_filter_madgwick_node-3] [INFO] [1770794813.457354069] [imu_filter]: Parameter RLController.pid_ki_ang set to 0.000000
[imu_filter_madgwick_node-3] [INFO] [1770794813.457414294] [imu_filter]: Parameter RLController.pid_kd_ang set to 0.140000
[imu_filter_madgwick_node-3] [INFO] [1770794813.865744890] [imu_filter]: Parameter RLController.pid_kp_lin set to 1.200814
[imu_filter_madgwick_node-3] [INFO] [1770794813.866052608] [imu_filter]: Parameter RLController.pid_ki_lin set to 0.000000
[imu_filter_madgwick_node-3] [INFO] [1770794813.866139522] [imu_filter]: Parameter RLController.pid_kd_lin set to 0.029426
[imu_filter_madgwick_node-3] [INFO] [1770794813.866204420] [imu_filter]: Parameter RLController.pid_kp_ang set to 1.230605
[imu_filter_madgwick_node-3] [INFO] [1770794813.866260357] [imu_filter]: Parameter RLController.pid_ki_ang set to 0.000000
[imu_filter_madgwick_node-3] [INFO] [1770794813.866314438] [imu_filter]: Parameter RLController.pid_kd_ang set to 0.140000
[imu_filter_madgwick_node-3] [INFO] [1770794814.275748961] [imu_filter]: Parameter RLController.pid_kp_lin set to 1.200814
[imu_filter_madgwick_node-3] [INFO] [1770794814.275958662] [imu_filter]: Parameter RLController.pid_ki_lin set to 0.000000
[imu_filter_madgwick_node-3] [INFO] [1770794814.276211787] [imu_filter]: Parameter RLController.pid_kd_lin set to 0.029426
[imu_filter_madgwick_node-3] [INFO] [1770794814.276305069] [imu_filter]: Parameter RLController.pid_kp_ang set to 1.230605
[imu_filter_madgwick_node-3] [INFO] [1770794814.276365710] [imu_filter]: Parameter RLController.pid_ki_ang set to 0.000000
[imu_filter_madgwick_node-3] [INFO] [1770794814.276422159] [imu_filter]: Parameter RLController.pid_kd_ang set to 0.140000
[imu_filter_madgwick_node-3] [INFO] [1770794814.703268827] [imu_filter]: Parameter RLController.pid_kp_lin set to 1.200814
[imu_filter_madgwick_node-3] [INFO] [1770794814.703589474] [imu_filter]: Parameter RLController.pid_ki_lin set to 0.000000
[imu_filter_madgwick_node-3] [INFO] [1770794814.703664100] [imu_filter]: Parameter RLController.pid_kd_lin set to 0.029426
[imu_filter_madgwick_node-3] [INFO] [1770794814.703728101] [imu_filter]: Parameter RLController.pid_kp_ang set to 1.230605
[imu_filter_madgwick_node-3] [INFO] [1770794814.703781926] [imu_filter]: Parameter RLController.pid_ki_ang set to 0.000000
[imu_filter_madgwick_node-3] [INFO] [1770794814.703834791] [imu_filter]: Parameter RLController.pid_kd_ang set to 0.140000
[imu_filter_madgwick_node-3] [INFO] [1770794815.112346863] [imu_filter]: Parameter RLController.pid_kp_lin set to 1.200814
[imu_filter_madgwick_node-3] [INFO] [1770794815.112560595] [imu_filter]: Parameter RLController.pid_ki_lin set to 0.000000
[imu_filter_madgwick_node-3] [INFO] [1770794815.112638773] [imu_filter]: Parameter RLController.pid_kd_lin set to 0.029426
[imu_filter_madgwick_node-3] [INFO] [1770794815.112705526] [imu_filter]: Parameter RLController.pid_kp_ang set to 1.230605
[imu_filter_madgwick_node-3] [INFO] [1770794815.112761816] [imu_filter]: Parameter RLController.pid_ki_ang set to 0.000000
[imu_filter_madgwick_node-3] [INFO] [1770794815.112817177] [imu_filter]: Parameter RLController.pid_kd_ang set to 0.140000
[imu_filter_madgwick_node-3] [INFO] [1770794815.537904159] [imu_filter]: Parameter RLController.pid_kp_lin set to 1.200814
[imu_filter_madgwick_node-3] [INFO] [1770794815.546644120] [imu_filter]: Parameter RLController.pid_ki_lin set to 0.000000
[imu_filter_madgwick_node-3] [INFO] [1770794815.546847805] [imu_filter]: Parameter RLController.pid_kd_lin set to 0.029426
[imu_filter_madgwick_node-3] [INFO] [1770794815.546921758] [imu_filter]: Parameter RLController.pid_kp_ang set to 1.230605
[imu_filter_madgwick_node-3] [INFO] [1770794815.546980575] [imu_filter]: Parameter RLController.pid_ki_ang set to 0.000000
[imu_filter_madgwick_node-3] [INFO] [1770794815.547035041] [imu_filter]: Parameter RLController.pid_kd_ang set to 0.140000
[imu_filter_madgwick_node-3] [INFO] [1770794815.951287342] [imu_filter]: Parameter RLController.pid_kp_lin set to 1.200814
[imu_filter_madgwick_node-3] [INFO] [1770794815.951490354] [imu_filter]: Parameter RLController.pid_ki_lin set to 0.000000
[imu_filter_madgwick_node-3] [INFO] [1770794815.951564436] [imu_filter]: Parameter RLController.pid_kd_lin set to 0.029426
[imu_filter_madgwick_node-3] [INFO] [1770794815.951622837] [imu_filter]: Parameter RLController.pid_kp_ang set to 1.230605
[imu_filter_madgwick_node-3] [INFO] [1770794815.951678998] [imu_filter]: Parameter RLController.pid_ki_ang set to 0.000000
[imu_filter_madgwick_node-3] [INFO] [1770794815.951732952] [imu_filter]: Parameter RLController.pid_kd_ang set to 0.140000
[imu_filter_madgwick_node-3] [INFO] [1770794816.364088785] [imu_filter]: Parameter RLController.pid_kp_lin set to 1.200814
[imu_filter_madgwick_node-3] [INFO] [1770794816.364302069] [imu_filter]: Parameter RLController.pid_ki_lin set to 0.000000
[imu_filter_madgwick_node-3] [INFO] [1770794816.364370647] [imu_filter]: Parameter RLController.pid_kd_lin set to 0.029426
[imu_filter_madgwick_node-3] [INFO] [1770794816.364430936] [imu_filter]: Parameter RLController.pid_kp_ang set to 1.230605
[imu_filter_madgwick_node-3] [INFO] [1770794816.364486681] [imu_filter]: Parameter RLController.pid_ki_ang set to 0.000000
[imu_filter_madgwick_node-3] [INFO] [1770794816.365369068] [imu_filter]: Parameter RLController.pid_kd_ang set to 0.140000
[imu_filter_madgwick_node-3] [INFO] [1770794816.780020981] [imu_filter]: Parameter RLController.pid_kp_lin set to 1.200814
[imu_filter_madgwick_node-3] [INFO] [1770794816.780223450] [imu_filter]: Parameter RLController.pid_ki_lin set to 0.000000
[imu_filter_madgwick_node-3] [INFO] [1770794816.780288667] [imu_filter]: Parameter RLController.pid_kd_lin set to 0.029426
[imu_filter_madgwick_node-3] [INFO] [1770794816.780346780] [imu_filter]: Parameter RLController.pid_kp_ang set to 1.230605
[imu_filter_madgwick_node-3] [INFO] [1770794816.780401309] [imu_filter]: Parameter RLController.pid_ki_ang set to 0.000000
[imu_filter_madgwick_node-3] [INFO] [1770794816.780457951] [imu_filter]: Parameter RLController.pid_kd_ang set to 0.140000
[imu_filter_madgwick_node-3] [INFO] [1770794817.207899127] [imu_filter]: Parameter RLController.pid_kp_lin set to 1.200814
[imu_filter_madgwick_node-3] [INFO] [1770794817.208142588] [imu_filter]: Parameter RLController.pid_ki_lin set to 0.000000
[imu_filter_madgwick_node-3] [INFO] [1770794817.208358241] [imu_filter]: Parameter RLController.pid_kd_lin set to 0.029426
[imu_filter_madgwick_node-3] [INFO] [1770794817.208468259] [imu_filter]: Parameter RLController.pid_kp_ang set to 1.230605
[imu_filter_madgwick_node-3] [INFO] [1770794817.208548933] [imu_filter]: Parameter RLController.pid_ki_ang set to 0.000000
[imu_filter_madgwick_node-3] [INFO] [1770794817.208619046] [imu_filter]: Parameter RLController.pid_kd_ang set to 0.140000
[imu_filter_madgwick_node-3] [INFO] [1770794817.621473898] [imu_filter]: Parameter RLController.pid_kp_lin set to 1.200814
[imu_filter_madgwick_node-3] [INFO] [1770794817.621680558] [imu_filter]: Parameter RLController.pid_ki_lin set to 0.000000
[imu_filter_madgwick_node-3] [INFO] [1770794817.621833233] [imu_filter]: Parameter RLController.pid_kd_lin set to 0.029426
[imu_filter_madgwick_node-3] [INFO] [1770794817.621907763] [imu_filter]: Parameter RLController.pid_kp_ang set to 1.230605
[imu_filter_madgwick_node-3] [INFO] [1770794817.621970164] [imu_filter]: Parameter RLController.pid_ki_ang set to 0.000000
[imu_filter_madgwick_node-3] [INFO] [1770794817.622028469] [imu_filter]: Parameter RLController.pid_kd_ang set to 0.140000
[imu_filter_madgwick_node-3] [INFO] [1770794818.038635528] [imu_filter]: Parameter RLController.pid_kp_lin set to 1.200814
[imu_filter_madgwick_node-3] [INFO] [1770794818.038997168] [imu_filter]: Parameter RLController.pid_ki_lin set to 0.000000
[imu_filter_madgwick_node-3] [INFO] [1770794818.039079794] [imu_filter]: Parameter RLController.pid_kd_lin set to 0.029426
[imu_filter_madgwick_node-3] [INFO] [1770794818.039142099] [imu_filter]: Parameter RLController.pid_kp_ang set to 1.230605
[imu_filter_madgwick_node-3] [INFO] [1770794818.039198292] [imu_filter]: Parameter RLController.pid_ki_ang set to 0.000000
[imu_filter_madgwick_node-3] [INFO] [1770794818.039253238] [imu_filter]: Parameter RLController.pid_kd_ang set to 0.140000
[imu_filter_madgwick_node-3] [INFO] [1770794818.458191322] [imu_filter]: Parameter RLController.pid_kp_lin set to 1.200814
[imu_filter_madgwick_node-3] [INFO] [1770794818.465960094] [imu_filter]: Parameter RLController.pid_ki_lin set to 0.000000
[imu_filter_madgwick_node-3] [INFO] [1770794818.466177187] [imu_filter]: Parameter RLController.pid_kd_lin set to 0.029426
[imu_filter_madgwick_node-3] [INFO] [1770794818.466255717] [imu_filter]: Parameter RLController.pid_kp_ang set to 1.230605
[imu_filter_madgwick_node-3] [INFO] [1770794818.466320870] [imu_filter]: Parameter RLController.pid_ki_ang set to 0.000000
[imu_filter_madgwick_node-3] [INFO] [1770794818.466380455] [imu_filter]: Parameter RLController.pid_kd_ang set to 0.140000
[imu_filter_madgwick_node-3] [INFO] [1770794818.871057886] [imu_filter]: Parameter RLController.pid_kp_lin set to 1.200814
[imu_filter_madgwick_node-3] [INFO] [1770794818.871252802] [imu_filter]: Parameter RLController.pid_ki_lin set to 0.000000
[imu_filter_madgwick_node-3] [INFO] [1770794818.871321379] [imu_filter]: Parameter RLController.pid_kd_lin set to 0.029426
[imu_filter_madgwick_node-3] [INFO] [1770794818.871381253] [imu_filter]: Parameter RLController.pid_kp_ang set to 1.230605
[imu_filter_madgwick_node-3] [INFO] [1770794818.871435526] [imu_filter]: Parameter RLController.pid_ki_ang set to 0.000000
[imu_filter_madgwick_node-3] [INFO] [1770794818.871488039] [imu_filter]: Parameter RLController.pid_kd_ang set to 0.140000
[imu_filter_madgwick_node-3] [INFO] [1770794819.292930848] [imu_filter]: Parameter RLController.pid_kp_lin set to 1.200814
[imu_filter_madgwick_node-3] [INFO] [1770794819.293151045] [imu_filter]: Parameter RLController.pid_ki_lin set to 0.000000
[imu_filter_madgwick_node-3] [INFO] [1770794819.293222566] [imu_filter]: Parameter RLController.pid_kd_lin set to 0.029426
[imu_filter_madgwick_node-3] [INFO] [1770794819.293286088] [imu_filter]: Parameter RLController.pid_kp_ang set to 1.230605
[imu_filter_madgwick_node-3] [INFO] [1770794819.293340937] [imu_filter]: Parameter RLController.pid_ki_ang set to 0.000000
[imu_filter_madgwick_node-3] [INFO] [1770794819.293395274] [imu_filter]: Parameter RLController.pid_kd_ang set to 0.140000
[imu_filter_madgwick_node-3] [INFO] [1770794819.706392305] [imu_filter]: Parameter RLController.pid_kp_lin set to 1.200814
[imu_filter_madgwick_node-3] [INFO] [1770794819.706591061] [imu_filter]: Parameter RLController.pid_ki_lin set to 0.000000
[imu_filter_madgwick_node-3] [INFO] [1770794819.706668662] [imu_filter]: Parameter RLController.pid_kd_lin set to 0.029426
[imu_filter_madgwick_node-3] [INFO] [1770794819.706733080] [imu_filter]: Parameter RLController.pid_kp_ang set to 1.230605
[imu_filter_madgwick_node-3] [INFO] [1770794819.706789785] [imu_filter]: Parameter RLController.pid_ki_ang set to 0.000000
[imu_filter_madgwick_node-3] [INFO] [1770794819.706844282] [imu_filter]: Parameter RLController.pid_kd_ang set to 0.140000
[imu_filter_madgwick_node-3] [INFO] [1770794820.124017497] [imu_filter]: Parameter RLController.pid_kp_lin set to 1.200814
[imu_filter_madgwick_node-3] [INFO] [1770794820.124221949] [imu_filter]: Parameter RLController.pid_ki_lin set to 0.000000
[imu_filter_madgwick_node-3] [INFO] [1770794820.124293375] [imu_filter]: Parameter RLController.pid_kd_lin set to 0.029426
[imu_filter_madgwick_node-3] [INFO] [1770794820.124358304] [imu_filter]: Parameter RLController.pid_kp_ang set to 1.230605
[imu_filter_madgwick_node-3] [INFO] [1770794820.124414402] [imu_filter]: Parameter RLController.pid_ki_ang set to 0.000000
[imu_filter_madgwick_node-3] [INFO] [1770794820.124467043] [imu_filter]: Parameter RLController.pid_kd_ang set to 0.140000
[imu_filter_madgwick_node-3] [INFO] [1770794820.533937375] [imu_filter]: Parameter RLController.pid_kp_lin set to 1.200814
[imu_filter_madgwick_node-3] [INFO] [1770794820.534124195] [imu_filter]: Parameter RLController.pid_ki_lin set to 0.000000
[imu_filter_madgwick_node-3] [INFO] [1770794820.534195492] [imu_filter]: Parameter RLController.pid_kd_lin set to 0.029426
[imu_filter_madgwick_node-3] [INFO] [1770794820.534256517] [imu_filter]: Parameter RLController.pid_kp_ang set to 1.230605
[imu_filter_madgwick_node-3] [INFO] [1770794820.534312295] [imu_filter]: Parameter RLController.pid_ki_ang set to 0.000000
[imu_filter_madgwick_node-3] [INFO] [1770794820.534364840] [imu_filter]: Parameter RLController.pid_kd_ang set to 0.140000
[imu_filter_madgwick_node-3] [INFO] [1770794820.943683136] [imu_filter]: Parameter RLController.pid_kp_lin set to 1.200814
[imu_filter_madgwick_node-3] [INFO] [1770794820.944009511] [imu_filter]: Parameter RLController.pid_ki_lin set to 0.000000
[imu_filter_madgwick_node-3] [INFO] [1770794820.944526258] [imu_filter]: Parameter RLController.pid_kd_lin set to 0.029426
[imu_filter_madgwick_node-3] [INFO] [1770794820.944659701] [imu_filter]: Parameter RLController.pid_kp_ang set to 1.230605
[imu_filter_madgwick_node-3] [INFO] [1770794820.944729495] [imu_filter]: Parameter RLController.pid_ki_ang set to 0.000000
[imu_filter_madgwick_node-3] [INFO] [1770794820.944788856] [imu_filter]: Parameter RLController.pid_kd_ang set to 0.140000
[imu_filter_madgwick_node-3] [INFO] [1770794821.377746853] [imu_filter]: Parameter RLController.pid_kp_lin set to 1.200814
[imu_filter_madgwick_node-3] [INFO] [1770794821.378048555] [imu_filter]: Parameter RLController.pid_ki_lin set to 0.000000
[imu_filter_madgwick_node-3] [INFO] [1770794821.378140525] [imu_filter]: Parameter RLController.pid_kd_lin set to 0.029426
[imu_filter_madgwick_node-3] [INFO] [1770794821.378268048] [imu_filter]: Parameter RLController.pid_kp_ang set to 1.230605
[imu_filter_madgwick_node-3] [INFO] [1770794821.378341874] [imu_filter]: Parameter RLController.pid_ki_ang set to 0.000000
[imu_filter_madgwick_node-3] [INFO] [1770794821.378400723] [imu_filter]: Parameter RLController.pid_kd_ang set to 0.140000
[imu_filter_madgwick_node-3] [INFO] [1770794821.812592922] [imu_filter]: Parameter RLController.pid_kp_lin set to 1.200814
[imu_filter_madgwick_node-3] [INFO] [1770794821.812795166] [imu_filter]: Parameter RLController.pid_ki_lin set to 0.000000
[imu_filter_madgwick_node-3] [INFO] [1770794821.812866560] [imu_filter]: Parameter RLController.pid_kd_lin set to 0.029426
[imu_filter_madgwick_node-3] [INFO] [1770794821.812929953] [imu_filter]: Parameter RLController.pid_kp_ang set to 1.230605
[imu_filter_madgwick_node-3] [INFO] [1770794821.812985538] [imu_filter]: Parameter RLController.pid_ki_ang set to 0.000000
[imu_filter_madgwick_node-3] [INFO] [1770794821.813038499] [imu_filter]: Parameter RLController.pid_kd_ang set to 0.140000
[imu_filter_madgwick_node-3] [INFO] [1770794822.238066249] [imu_filter]: Parameter RLController.pid_kp_lin set to 1.200814
[imu_filter_madgwick_node-3] [INFO] [1770794822.238397168] [imu_filter]: Parameter RLController.pid_ki_lin set to 0.000000
[imu_filter_madgwick_node-3] [INFO] [1770794822.238517106] [imu_filter]: Parameter RLController.pid_kd_lin set to 0.029426
[imu_filter_madgwick_node-3] [INFO] [1770794822.238589396] [imu_filter]: Parameter RLController.pid_kp_ang set to 1.230605
[imu_filter_madgwick_node-3] [INFO] [1770794822.238649141] [imu_filter]: Parameter RLController.pid_ki_ang set to 0.000000
[imu_filter_madgwick_node-3] [INFO] [1770794822.238707446] [imu_filter]: Parameter RLController.pid_kd_ang set to 0.140000
[imu_filter_madgwick_node-3] [INFO] [1770794822.648615963] [imu_filter]: Parameter RLController.pid_kp_lin set to 1.200814
[imu_filter_madgwick_node-3] [INFO] [1770794822.648815008] [imu_filter]: Parameter RLController.pid_ki_lin set to 0.000000
[imu_filter_madgwick_node-3] [INFO] [1770794822.649005540] [imu_filter]: Parameter RLController.pid_kd_lin set to 0.029426
[imu_filter_madgwick_node-3] [INFO] [1770794822.649072453] [imu_filter]: Parameter RLController.pid_kp_ang set to 1.230605
[imu_filter_madgwick_node-3] [INFO] [1770794822.649131206] [imu_filter]: Parameter RLController.pid_ki_ang set to 0.000000
[imu_filter_madgwick_node-3] [INFO] [1770794822.649185576] [imu_filter]: Parameter RLController.pid_kd_ang set to 0.140000
[imu_filter_madgwick_node-3] [INFO] [1770794823.093257440] [imu_filter]: Parameter RLController.pid_kp_lin set to 1.200814
[imu_filter_madgwick_node-3] [INFO] [1770794823.093490309] [imu_filter]: Parameter RLController.pid_ki_lin set to 0.000000
[imu_filter_madgwick_node-3] [INFO] [1770794823.093692041] [imu_filter]: Parameter RLController.pid_kd_lin set to 0.029426
[imu_filter_madgwick_node-3] [INFO] [1770794823.093797579] [imu_filter]: Parameter RLController.pid_kp_ang set to 1.230605
[imu_filter_madgwick_node-3] [INFO] [1770794823.093859693] [imu_filter]: Parameter RLController.pid_ki_ang set to 0.000000
[imu_filter_madgwick_node-3] [INFO] [1770794823.093917454] [imu_filter]: Parameter RLController.pid_kd_ang set to 0.140000
[imu_filter_madgwick_node-3] [INFO] [1770794823.509057698] [imu_filter]: Parameter RLController.pid_kp_lin set to 1.200814
[imu_filter_madgwick_node-3] [INFO] [1770794823.509281991] [imu_filter]: Parameter RLController.pid_ki_lin set to 0.000000
[imu_filter_madgwick_node-3] [INFO] [1770794823.509354920] [imu_filter]: Parameter RLController.pid_kd_lin set to 0.029426
[imu_filter_madgwick_node-3] [INFO] [1770794823.509412553] [imu_filter]: Parameter RLController.pid_kp_ang set to 1.230605
[imu_filter_madgwick_node-3] [INFO] [1770794823.509468267] [imu_filter]: Parameter RLController.pid_ki_ang set to 0.000000
[imu_filter_madgwick_node-3] [INFO] [1770794823.509538796] [imu_filter]: Parameter RLController.pid_kd_ang set to 0.140000
[imu_filter_madgwick_node-3] [INFO] [1770794823.928462832] [imu_filter]: Parameter RLController.pid_kp_lin set to 1.200814
[imu_filter_madgwick_node-3] [INFO] [1770794823.928665812] [imu_filter]: Parameter RLController.pid_ki_lin set to 0.000000
[imu_filter_madgwick_node-3] [INFO] [1770794823.928752854] [imu_filter]: Parameter RLController.pid_kd_lin set to 0.029426
[imu_filter_madgwick_node-3] [INFO] [1770794823.928820664] [imu_filter]: Parameter RLController.pid_kp_ang set to 1.230605
[imu_filter_madgwick_node-3] [INFO] [1770794823.928878105] [imu_filter]: Parameter RLController.pid_ki_ang set to 0.000000
[imu_filter_madgwick_node-3] [INFO] [1770794823.928933626] [imu_filter]: Parameter RLController.pid_kd_ang set to 0.140000
[imu_filter_madgwick_node-3] [INFO] [1770794824.345700880] [imu_filter]: Parameter RLController.pid_kp_lin set to 1.200814
[imu_filter_madgwick_node-3] [INFO] [1770794824.346002135] [imu_filter]: Parameter RLController.pid_ki_lin set to 0.000000
[imu_filter_madgwick_node-3] [INFO] [1770794824.349841384] [imu_filter]: Parameter RLController.pid_kd_lin set to 0.029426
[imu_filter_madgwick_node-3] [INFO] [1770794824.350037932] [imu_filter]: Parameter RLController.pid_kp_ang set to 1.230605
[imu_filter_madgwick_node-3] [INFO] [1770794824.350104430] [imu_filter]: Parameter RLController.pid_ki_ang set to 0.000000
[imu_filter_madgwick_node-3] [INFO] [1770794824.350159855] [imu_filter]: Parameter RLController.pid_kd_ang set to 0.140000
[imu_filter_madgwick_node-3] [INFO] [1770794824.751561216] [imu_filter]: Parameter RLController.pid_kp_lin set to 1.200814
[imu_filter_madgwick_node-3] [INFO] [1770794824.754836069] [imu_filter]: Parameter RLController.pid_ki_lin set to 0.000000
[imu_filter_madgwick_node-3] [INFO] [1770794824.755028841] [imu_filter]: Parameter RLController.pid_kd_lin set to 0.029426
[imu_filter_madgwick_node-3] [INFO] [1770794824.755100843] [imu_filter]: Parameter RLController.pid_kp_ang set to 1.230605
[imu_filter_madgwick_node-3] [INFO] [1770794824.755158444] [imu_filter]: Parameter RLController.pid_ki_ang set to 0.000000
[imu_filter_madgwick_node-3] [INFO] [1770794824.755341840] [imu_filter]: Parameter RLController.pid_kd_ang set to 0.140000
[imu_filter_madgwick_node-3] [INFO] [1770794825.171042320] [imu_filter]: Parameter RLController.pid_kp_lin set to 1.200814
[imu_filter_madgwick_node-3] [INFO] [1770794825.171272693] [imu_filter]: Parameter RLController.pid_ki_lin set to 0.000000
[imu_filter_madgwick_node-3] [INFO] [1770794825.171343990] [imu_filter]: Parameter RLController.pid_kd_lin set to 0.029426
[imu_filter_madgwick_node-3] [INFO] [1770794825.171404280] [imu_filter]: Parameter RLController.pid_kp_ang set to 1.230605
[imu_filter_madgwick_node-3] [INFO] [1770794825.171457881] [imu_filter]: Parameter RLController.pid_ki_ang set to 0.000000
[imu_filter_madgwick_node-3] [INFO] [1770794825.171511482] [imu_filter]: Parameter RLController.pid_kd_ang set to 0.140000
[imu_filter_madgwick_node-3] [INFO] [1770794825.578627204] [imu_filter]: Parameter RLController.pid_kp_lin set to 1.200814
[imu_filter_madgwick_node-3] [INFO] [1770794825.578980235] [imu_filter]: Parameter RLController.pid_ki_lin set to 0.000000
[imu_filter_madgwick_node-3] [INFO] [1770794825.579064813] [imu_filter]: Parameter RLController.pid_kd_lin set to 0.029426
[imu_filter_madgwick_node-3] [INFO] [1770794825.579748028] [imu_filter]: Parameter RLController.pid_kp_ang set to 1.230605
[imu_filter_madgwick_node-3] [INFO] [1770794825.580046818] [imu_filter]: Parameter RLController.pid_ki_ang set to 0.000000
[imu_filter_madgwick_node-3] [INFO] [1770794825.580181285] [imu_filter]: Parameter RLController.pid_kd_ang set to 0.140000
[imu_filter_madgwick_node-3] [INFO] [1770794825.993901083] [imu_filter]: Parameter RLController.pid_kp_lin set to 1.200814
[imu_filter_madgwick_node-3] [INFO] [1770794825.994108191] [imu_filter]: Parameter RLController.pid_ki_lin set to 0.000000
[imu_filter_madgwick_node-3] [INFO] [1770794825.994182497] [imu_filter]: Parameter RLController.pid_kd_lin set to 0.029426
[imu_filter_madgwick_node-3] [INFO] [1770794825.994244642] [imu_filter]: Parameter RLController.pid_kp_ang set to 1.230605
[imu_filter_madgwick_node-3] [INFO] [1770794825.994299715] [imu_filter]: Parameter RLController.pid_ki_ang set to 0.000000
[imu_filter_madgwick_node-3] [INFO] [1770794825.994354852] [imu_filter]: Parameter RLController.pid_kd_ang set to 0.140000
[imu_filter_madgwick_node-3] [INFO] [1770794826.438223224] [imu_filter]: Parameter RLController.pid_kp_lin set to 1.200814
[imu_filter_madgwick_node-3] [INFO] [1770794826.438432317] [imu_filter]: Parameter RLController.pid_ki_lin set to 0.000000
[imu_filter_madgwick_node-3] [INFO] [1770794826.438509022] [imu_filter]: Parameter RLController.pid_kd_lin set to 0.029426
[imu_filter_madgwick_node-3] [INFO] [1770794826.438688706] [imu_filter]: Parameter RLController.pid_kp_ang set to 1.230605
[imu_filter_madgwick_node-3] [INFO] [1770794826.438757188] [imu_filter]: Parameter RLController.pid_ki_ang set to 0.000000
[imu_filter_madgwick_node-3] [INFO] [1770794826.438815141] [imu_filter]: Parameter RLController.pid_kd_ang set to 0.140000
[imu_filter_madgwick_node-3] [INFO] [1770794826.843995398] [imu_filter]: Parameter RLController.pid_kp_lin set to 1.200814
[imu_filter_madgwick_node-3] [INFO] [1770794826.845700074] [imu_filter]: Parameter RLController.pid_ki_lin set to 0.000000
[imu_filter_madgwick_node-3] [INFO] [1770794826.845884910] [imu_filter]: Parameter RLController.pid_kd_lin set to 0.029426
[imu_filter_madgwick_node-3] [INFO] [1770794826.845952943] [imu_filter]: Parameter RLController.pid_kp_ang set to 1.230605
[imu_filter_madgwick_node-3] [INFO] [1770794826.846008497] [imu_filter]: Parameter RLController.pid_ki_ang set to 0.000000
[imu_filter_madgwick_node-3] [INFO] [1770794826.846061682] [imu_filter]: Parameter RLController.pid_kd_ang set to 0.140000
[imu_filter_madgwick_node-3] [INFO] [1770794827.265642148] [imu_filter]: Parameter RLController.pid_kp_lin set to 1.200814
[imu_filter_madgwick_node-3] [INFO] [1770794827.265876009] [imu_filter]: Parameter RLController.pid_ki_lin set to 0.000000
[imu_filter_madgwick_node-3] [INFO] [1770794827.265951274] [imu_filter]: Parameter RLController.pid_kd_lin set to 0.029426
[imu_filter_madgwick_node-3] [INFO] [1770794827.266013964] [imu_filter]: Parameter RLController.pid_kp_ang set to 1.230605
[imu_filter_madgwick_node-3] [INFO] [1770794827.266069965] [imu_filter]: Parameter RLController.pid_ki_ang set to 0.000000
[imu_filter_madgwick_node-3] [INFO] [1770794827.266124974] [imu_filter]: Parameter RLController.pid_kd_ang set to 0.140000
[imu_filter_madgwick_node-3] [INFO] [1770794827.708811593] [imu_filter]: Parameter RLController.pid_kp_lin set to 1.200814
[imu_filter_madgwick_node-3] [INFO] [1770794827.714059896] [imu_filter]: Parameter RLController.pid_ki_lin set to 0.000000
[imu_filter_madgwick_node-3] [INFO] [1770794827.714369375] [imu_filter]: Parameter RLController.pid_kd_lin set to 0.029426
[imu_filter_madgwick_node-3] [INFO] [1770794827.714455872] [imu_filter]: Parameter RLController.pid_kp_ang set to 1.230605
[imu_filter_madgwick_node-3] [INFO] [1770794827.714521794] [imu_filter]: Parameter RLController.pid_ki_ang set to 0.000000
[imu_filter_madgwick_node-3] [INFO] [1770794827.714579587] [imu_filter]: Parameter RLController.pid_kd_ang set to 0.140000
[imu_filter_madgwick_node-3] [INFO] [1770794828.132669301] [imu_filter]: Parameter RLController.pid_kp_lin set to 1.200814
[imu_filter_madgwick_node-3] [INFO] [1770794828.133004381] [imu_filter]: Parameter RLController.pid_ki_lin set to 0.000000
[imu_filter_madgwick_node-3] [INFO] [1770794828.133084574] [imu_filter]: Parameter RLController.pid_kd_lin set to 0.029426
[imu_filter_madgwick_node-3] [INFO] [1770794828.133145568] [imu_filter]: Parameter RLController.pid_kp_ang set to 1.230605
[imu_filter_madgwick_node-3] [INFO] [1770794828.133197889] [imu_filter]: Parameter RLController.pid_ki_ang set to 0.000000
[imu_filter_madgwick_node-3] [INFO] [1770794828.133249858] [imu_filter]: Parameter RLController.pid_kd_ang set to 0.140000
[imu_filter_madgwick_node-3] [INFO] [1770794828.546263817] [imu_filter]: Parameter RLController.pid_kp_lin set to 1.200814
[imu_filter_madgwick_node-3] [INFO] [1770794828.546465901] [imu_filter]: Parameter RLController.pid_ki_lin set to 0.000000
[imu_filter_madgwick_node-3] [INFO] [1770794828.546531758] [imu_filter]: Parameter RLController.pid_kd_lin set to 0.029426
[imu_filter_madgwick_node-3] [INFO] [1770794828.546592048] [imu_filter]: Parameter RLController.pid_kp_ang set to 1.230605
[imu_filter_madgwick_node-3] [INFO] [1770794828.546645873] [imu_filter]: Parameter RLController.pid_ki_ang set to 0.000000
[imu_filter_madgwick_node-3] [INFO] [1770794828.546815924] [imu_filter]: Parameter RLController.pid_kd_ang set to 0.140000
[imu_filter_madgwick_node-3] [INFO] [1770794828.960725198] [imu_filter]: Parameter RLController.pid_kp_lin set to 1.200814
[imu_filter_madgwick_node-3] [INFO] [1770794828.960977204] [imu_filter]: Parameter RLController.pid_ki_lin set to 0.000000
[imu_filter_madgwick_node-3] [INFO] [1770794828.961061173] [imu_filter]: Parameter RLController.pid_kd_lin set to 0.029426
[imu_filter_madgwick_node-3] [INFO] [1770794828.961191192] [imu_filter]: Parameter RLController.pid_kp_ang set to 1.230605
[imu_filter_madgwick_node-3] [INFO] [1770794828.961264762] [imu_filter]: Parameter RLController.pid_ki_ang set to 0.000000
[imu_filter_madgwick_node-3] [INFO] [1770794828.961810597] [imu_filter]: Parameter RLController.pid_kd_ang set to 0.140000
[imu_filter_madgwick_node-3] [INFO] [1770794829.394877365] [imu_filter]: Parameter RLController.pid_kp_lin set to 1.200814
[imu_filter_madgwick_node-3] [INFO] [1770794829.395195291] [imu_filter]: Parameter RLController.pid_ki_lin set to 0.000000
[imu_filter_madgwick_node-3] [INFO] [1770794829.395305854] [imu_filter]: Parameter RLController.pid_kd_lin set to 0.029426
[imu_filter_madgwick_node-3] [INFO] [1770794829.395416096] [imu_filter]: Parameter RLController.pid_kp_ang set to 1.230605
[imu_filter_madgwick_node-3] [INFO] [1770794829.395483842] [imu_filter]: Parameter RLController.pid_ki_ang set to 0.000000
[imu_filter_madgwick_node-3] [INFO] [1770794829.395543427] [imu_filter]: Parameter RLController.pid_kd_ang set to 0.140000
[imu_filter_madgwick_node-3] [INFO] [1770794829.818262551] [imu_filter]: Parameter RLController.pid_kp_lin set to 1.200814
[imu_filter_madgwick_node-3] [INFO] [1770794829.818782338] [imu_filter]: Parameter RLController.pid_ki_lin set to 0.000000
[imu_filter_madgwick_node-3] [INFO] [1770794829.818901541] [imu_filter]: Parameter RLController.pid_kd_lin set to 0.029426
[imu_filter_madgwick_node-3] [INFO] [1770794829.818971910] [imu_filter]: Parameter RLController.pid_kp_ang set to 1.230605
[imu_filter_madgwick_node-3] [INFO] [1770794829.819103945] [imu_filter]: Parameter RLController.pid_ki_ang set to 0.000000
[imu_filter_madgwick_node-3] [INFO] [1770794829.819172394] [imu_filter]: Parameter RLController.pid_kd_ang set to 0.140000
[imu_filter_madgwick_node-3] [INFO] [1770794830.232399606] [imu_filter]: Parameter RLController.pid_kp_lin set to 1.200814
[imu_filter_madgwick_node-3] [INFO] [1770794830.232758654] [imu_filter]: Parameter RLController.pid_ki_lin set to 0.000000
[imu_filter_madgwick_node-3] [INFO] [1770794830.232839935] [imu_filter]: Parameter RLController.pid_kd_lin set to 0.029426
[imu_filter_madgwick_node-3] [INFO] [1770794830.232910881] [imu_filter]: Parameter RLController.pid_kp_ang set to 1.230605
[imu_filter_madgwick_node-3] [INFO] [1770794830.232968706] [imu_filter]: Parameter RLController.pid_ki_ang set to 0.000000
[imu_filter_madgwick_node-3] [INFO] [1770794830.233022947] [imu_filter]: Parameter RLController.pid_kd_ang set to 0.140000
[imu_filter_madgwick_node-3] [INFO] [1770794830.650923506] [imu_filter]: Parameter RLController.pid_kp_lin set to 1.200814
[imu_filter_madgwick_node-3] [INFO] [1770794830.651140726] [imu_filter]: Parameter RLController.pid_ki_lin set to 0.000000
[imu_filter_madgwick_node-3] [INFO] [1770794830.651212408] [imu_filter]: Parameter RLController.pid_kd_lin set to 0.029426
[imu_filter_madgwick_node-3] [INFO] [1770794830.651272665] [imu_filter]: Parameter RLController.pid_kp_ang set to 1.230605
[imu_filter_madgwick_node-3] [INFO] [1770794830.651328250] [imu_filter]: Parameter RLController.pid_ki_ang set to 0.000000
[imu_filter_madgwick_node-3] [INFO] [1770794830.651383163] [imu_filter]: Parameter RLController.pid_kd_ang set to 0.140000
[imu_filter_madgwick_node-3] [INFO] [1770794831.095532949] [imu_filter]: Parameter RLController.pid_kp_lin set to 1.200814
[imu_filter_madgwick_node-3] [INFO] [1770794831.096162819] [imu_filter]: Parameter RLController.pid_ki_lin set to 0.000000
[imu_filter_madgwick_node-3] [INFO] [1770794831.096370599] [imu_filter]: Parameter RLController.pid_kd_lin set to 0.029426
[imu_filter_madgwick_node-3] [INFO] [1770794831.096452361] [imu_filter]: Parameter RLController.pid_kp_ang set to 1.230605
[imu_filter_madgwick_node-3] [INFO] [1770794831.096506794] [imu_filter]: Parameter RLController.pid_ki_ang set to 0.000000
[imu_filter_madgwick_node-3] [INFO] [1770794831.098527829] [imu_filter]: Parameter RLController.pid_kd_ang set to 0.140000
[imu_filter_madgwick_node-3] [INFO] [1770794831.510820044] [imu_filter]: Parameter RLController.pid_kp_lin set to 1.200814
[imu_filter_madgwick_node-3] [INFO] [1770794831.511020945] [imu_filter]: Parameter RLController.pid_ki_lin set to 0.000000
[imu_filter_madgwick_node-3] [INFO] [1770794831.511092402] [imu_filter]: Parameter RLController.pid_kd_lin set to 0.029426
[imu_filter_madgwick_node-3] [INFO] [1770794831.511151923] [imu_filter]: Parameter RLController.pid_kp_ang set to 1.230605
[imu_filter_madgwick_node-3] [INFO] [1770794831.511207637] [imu_filter]: Parameter RLController.pid_ki_ang set to 0.000000
[imu_filter_madgwick_node-3] [INFO] [1770794831.511262454] [imu_filter]: Parameter RLController.pid_kd_ang set to 0.140000
[imu_filter_madgwick_node-3] [INFO] [1770794831.921891466] [imu_filter]: Parameter RLController.pid_kp_lin set to 1.200814
[imu_filter_madgwick_node-3] [INFO] [1770794831.922196721] [imu_filter]: Parameter RLController.pid_ki_lin set to 0.000000
[imu_filter_madgwick_node-3] [INFO] [1770794831.927155578] [imu_filter]: Parameter RLController.pid_kd_lin set to 0.029426
[imu_filter_madgwick_node-3] [INFO] [1770794831.927441088] [imu_filter]: Parameter RLController.pid_kp_ang set to 1.230605
[imu_filter_madgwick_node-3] [INFO] [1770794831.927513249] [imu_filter]: Parameter RLController.pid_ki_ang set to 0.000000
[imu_filter_madgwick_node-3] [INFO] [1770794831.927573954] [imu_filter]: Parameter RLController.pid_kd_ang set to 0.140000
[imu_filter_madgwick_node-3] [INFO] [1770794832.329013300] [imu_filter]: Parameter RLController.pid_kp_lin set to 1.200814
[imu_filter_madgwick_node-3] [INFO] [1770794832.329228921] [imu_filter]: Parameter RLController.pid_ki_lin set to 0.000000
[imu_filter_madgwick_node-3] [INFO] [1770794832.329304987] [imu_filter]: Parameter RLController.pid_kd_lin set to 0.029426
[imu_filter_madgwick_node-3] [INFO] [1770794832.329365948] [imu_filter]: Parameter RLController.pid_kp_ang set to 1.230605
[imu_filter_madgwick_node-3] [INFO] [1770794832.329419101] [imu_filter]: Parameter RLController.pid_ki_ang set to 0.000000
[imu_filter_madgwick_node-3] [INFO] [1770794832.329470718] [imu_filter]: Parameter RLController.pid_kd_ang set to 0.140000
[imu_filter_madgwick_node-3] [INFO] [1770794832.745735786] [imu_filter]: Parameter RLController.pid_kp_lin set to 1.200814
[imu_filter_madgwick_node-3] [INFO] [1770794832.745955055] [imu_filter]: Parameter RLController.pid_ki_lin set to 0.000000
[imu_filter_madgwick_node-3] [INFO] [1770794832.746028304] [imu_filter]: Parameter RLController.pid_kd_lin set to 0.029426
[imu_filter_madgwick_node-3] [INFO] [1770794832.746090545] [imu_filter]: Parameter RLController.pid_kp_ang set to 1.230605
[imu_filter_madgwick_node-3] [INFO] [1770794832.746145171] [imu_filter]: Parameter RLController.pid_ki_ang set to 0.000000
[imu_filter_madgwick_node-3] [INFO] [1770794832.746201332] [imu_filter]: Parameter RLController.pid_kd_ang set to 0.140000
[imu_filter_madgwick_node-3] [INFO] [1770794833.156116633] [imu_filter]: Parameter RLController.pid_kp_lin set to 1.200814
[imu_filter_madgwick_node-3] [INFO] [1770794833.156346622] [imu_filter]: Parameter RLController.pid_ki_lin set to 0.000000
[imu_filter_madgwick_node-3] [INFO] [1770794833.156420096] [imu_filter]: Parameter RLController.pid_kd_lin set to 0.029426
[imu_filter_madgwick_node-3] [INFO] [1770794833.156484673] [imu_filter]: Parameter RLController.pid_kp_ang set to 1.230605
[imu_filter_madgwick_node-3] [INFO] [1770794833.156541346] [imu_filter]: Parameter RLController.pid_ki_ang set to 0.000000
[imu_filter_madgwick_node-3] [INFO] [1770794833.156596611] [imu_filter]: Parameter RLController.pid_kd_ang set to 0.140000
[imu_filter_madgwick_node-3] [INFO] [1770794833.578453829] [imu_filter]: Parameter RLController.pid_kp_lin set to 1.200814
[imu_filter_madgwick_node-3] [INFO] [1770794833.578648650] [imu_filter]: Parameter RLController.pid_ki_lin set to 0.000000
[imu_filter_madgwick_node-3] [INFO] [1770794833.581308898] [imu_filter]: Parameter RLController.pid_kd_lin set to 0.029426
[imu_filter_madgwick_node-3] [INFO] [1770794833.581489734] [imu_filter]: Parameter RLController.pid_kp_ang set to 1.230605
[imu_filter_madgwick_node-3] [INFO] [1770794833.581553991] [imu_filter]: Parameter RLController.pid_ki_ang set to 0.000000
[imu_filter_madgwick_node-3] [INFO] [1770794833.581611144] [imu_filter]: Parameter RLController.pid_kd_ang set to 0.140000
[imu_filter_madgwick_node-3] [INFO] [1770794833.993226514] [imu_filter]: Parameter RLController.pid_kp_lin set to 1.200814
[imu_filter_madgwick_node-3] [INFO] [1770794833.993423606] [imu_filter]: Parameter RLController.pid_ki_lin set to 0.000000
[imu_filter_madgwick_node-3] [INFO] [1770794833.993506776] [imu_filter]: Parameter RLController.pid_kd_lin set to 0.029426
[imu_filter_madgwick_node-3] [INFO] [1770794833.993571545] [imu_filter]: Parameter RLController.pid_kp_ang set to 1.230605
[imu_filter_madgwick_node-3] [INFO] [1770794833.993629210] [imu_filter]: Parameter RLController.pid_ki_ang set to 0.000000
[imu_filter_madgwick_node-3] [INFO] [1770794833.993684699] [imu_filter]: Parameter RLController.pid_kd_ang set to 0.140000
[imu_filter_madgwick_node-3] [INFO] [1770794834.407638070] [imu_filter]: Parameter RLController.pid_kp_lin set to 1.200814
[imu_filter_madgwick_node-3] [INFO] [1770794834.407858331] [imu_filter]: Parameter RLController.pid_ki_lin set to 0.000000
[imu_filter_madgwick_node-3] [INFO] [1770794834.407934044] [imu_filter]: Parameter RLController.pid_kd_lin set to 0.029426
[imu_filter_madgwick_node-3] [INFO] [1770794834.407996382] [imu_filter]: Parameter RLController.pid_kp_ang set to 1.230605
[imu_filter_madgwick_node-3] [INFO] [1770794834.408050463] [imu_filter]: Parameter RLController.pid_ki_ang set to 0.000000
[imu_filter_madgwick_node-3] [INFO] [1770794834.408102880] [imu_filter]: Parameter RLController.pid_kd_ang set to 0.140000
[imu_filter_madgwick_node-3] [INFO] [1770794834.822251583] [imu_filter]: Parameter RLController.pid_kp_lin set to 1.200814
[imu_filter_madgwick_node-3] [INFO] [1770794834.822454627] [imu_filter]: Parameter RLController.pid_ki_lin set to 0.000000
[imu_filter_madgwick_node-3] [INFO] [1770794834.822654247] [imu_filter]: Parameter RLController.pid_kd_lin set to 0.029426
[imu_filter_madgwick_node-3] [INFO] [1770794834.825520772] [imu_filter]: Parameter RLController.pid_kp_ang set to 1.230605
[imu_filter_madgwick_node-3] [INFO] [1770794834.825731753] [imu_filter]: Parameter RLController.pid_ki_ang set to 0.000000
[imu_filter_madgwick_node-3] [INFO] [1770794834.825808010] [imu_filter]: Parameter RLController.pid_kd_ang set to 0.140000
[imu_filter_madgwick_node-3] [INFO] [1770794835.235441066] [imu_filter]: Parameter RLController.pid_kp_lin set to 1.200814
[imu_filter_madgwick_node-3] [INFO] [1770794835.235671278] [imu_filter]: Parameter RLController.pid_ki_lin set to 0.000000
[imu_filter_madgwick_node-3] [INFO] [1770794835.235741616] [imu_filter]: Parameter RLController.pid_kd_lin set to 0.029426
[imu_filter_madgwick_node-3] [INFO] [1770794835.235802385] [imu_filter]: Parameter RLController.pid_kp_ang set to 1.230605
[imu_filter_madgwick_node-3] [INFO] [1770794835.235857362] [imu_filter]: Parameter RLController.pid_ki_ang set to 0.000000
[imu_filter_madgwick_node-3] [INFO] [1770794835.235910100] [imu_filter]: Parameter RLController.pid_kd_ang set to 0.140000
[imu_filter_madgwick_node-3] [INFO] [1770794835.650738977] [imu_filter]: Parameter RLController.pid_kp_lin set to 1.200814
[imu_filter_madgwick_node-3] [INFO] [1770794835.651057000] [imu_filter]: Parameter RLController.pid_ki_lin set to 0.000000
[imu_filter_madgwick_node-3] [INFO] [1770794835.651142985] [imu_filter]: Parameter RLController.pid_kd_lin set to 0.029426
[imu_filter_madgwick_node-3] [INFO] [1770794835.651208587] [imu_filter]: Parameter RLController.pid_kp_ang set to 1.230605
[imu_filter_madgwick_node-3] [INFO] [1770794835.651264940] [imu_filter]: Parameter RLController.pid_ki_ang set to 0.000000
[imu_filter_madgwick_node-3] [INFO] [1770794835.651317837] [imu_filter]: Parameter RLController.pid_kd_ang set to 0.140000
[imu_filter_madgwick_node-3] [INFO] [1770794836.081825958] [imu_filter]: Parameter RLController.pid_kp_lin set to 1.200814
[imu_filter_madgwick_node-3] [INFO] [1770794836.082032907] [imu_filter]: Parameter RLController.pid_ki_lin set to 0.000000
[imu_filter_madgwick_node-3] [INFO] [1770794836.082103404] [imu_filter]: Parameter RLController.pid_kd_lin set to 0.029426
[imu_filter_madgwick_node-3] [INFO] [1770794836.082163566] [imu_filter]: Parameter RLController.pid_kp_ang set to 1.230605
[imu_filter_madgwick_node-3] [INFO] [1770794836.082217199] [imu_filter]: Parameter RLController.pid_ki_ang set to 0.000000
[imu_filter_madgwick_node-3] [INFO] [1770794836.082268720] [imu_filter]: Parameter RLController.pid_kd_ang set to 0.140000
[imu_filter_madgwick_node-3] [INFO] [1770794836.488223009] [imu_filter]: Parameter RLController.pid_kp_lin set to 1.200814
[imu_filter_madgwick_node-3] [INFO] [1770794836.488415269] [imu_filter]: Parameter RLController.pid_ki_lin set to 0.000000
[imu_filter_madgwick_node-3] [INFO] [1770794836.488483879] [imu_filter]: Parameter RLController.pid_kd_lin set to 0.029426
[imu_filter_madgwick_node-3] [INFO] [1770794836.488549832] [imu_filter]: Parameter RLController.pid_kp_ang set to 1.230605
[imu_filter_madgwick_node-3] [INFO] [1770794836.488607241] [imu_filter]: Parameter RLController.pid_ki_ang set to 0.000000
[imu_filter_madgwick_node-3] [INFO] [1770794836.488661131] [imu_filter]: Parameter RLController.pid_kd_ang set to 0.140000
[imu_filter_madgwick_node-3] [INFO] [1770794836.905924907] [imu_filter]: Parameter RLController.pid_kp_lin set to 1.200814
[imu_filter_madgwick_node-3] [INFO] [1770794836.906111439] [imu_filter]: Parameter RLController.pid_ki_lin set to 0.000000
[imu_filter_madgwick_node-3] [INFO] [1770794836.906178449] [imu_filter]: Parameter RLController.pid_kd_lin set to 0.029426
[imu_filter_madgwick_node-3] [INFO] [1770794836.906235954] [imu_filter]: Parameter RLController.pid_kp_ang set to 1.230605
[imu_filter_madgwick_node-3] [INFO] [1770794836.906288563] [imu_filter]: Parameter RLController.pid_ki_ang set to 0.000000
[imu_filter_madgwick_node-3] [INFO] [1770794836.906338868] [imu_filter]: Parameter RLController.pid_kd_ang set to 0.140000
[imu_filter_madgwick_node-3] [INFO] [1770794837.333562120] [imu_filter]: Parameter RLController.pid_kp_lin set to 1.200814
[imu_filter_madgwick_node-3] [INFO] [1770794837.333803597] [imu_filter]: Parameter RLController.pid_ki_lin set to 0.000000
[imu_filter_madgwick_node-3] [INFO] [1770794837.333891151] [imu_filter]: Parameter RLController.pid_kd_lin set to 0.029426
[imu_filter_madgwick_node-3] [INFO] [1770794837.333956624] [imu_filter]: Parameter RLController.pid_kp_ang set to 1.230605
[imu_filter_madgwick_node-3] [INFO] [1770794837.336879054] [imu_filter]: Parameter RLController.pid_ki_ang set to 0.000000
[imu_filter_madgwick_node-3] [INFO] [1770794837.337193845] [imu_filter]: Parameter RLController.pid_kd_ang set to 0.140000
[imu_filter_madgwick_node-3] [INFO] [1770794837.747185212] [imu_filter]: Parameter RLController.pid_kp_lin set to 1.200814
[imu_filter_madgwick_node-3] [INFO] [1770794837.747374784] [imu_filter]: Parameter RLController.pid_ki_lin set to 0.000000
[imu_filter_madgwick_node-3] [INFO] [1770794837.751040493] [imu_filter]: Parameter RLController.pid_kd_lin set to 0.029426
[imu_filter_madgwick_node-3] [INFO] [1770794837.751216593] [imu_filter]: Parameter RLController.pid_kp_ang set to 1.230605
[imu_filter_madgwick_node-3] [INFO] [1770794837.751380181] [imu_filter]: Parameter RLController.pid_ki_ang set to 0.000000
[imu_filter_madgwick_node-3] [INFO] [1770794837.751442102] [imu_filter]: Parameter RLController.pid_kd_ang set to 0.140000
[imu_filter_madgwick_node-3] [INFO] [1770794838.166058527] [imu_filter]: Parameter RLController.pid_kp_lin set to 1.200814
[imu_filter_madgwick_node-3] [INFO] [1770794838.166412166] [imu_filter]: Parameter RLController.pid_ki_lin set to 0.000000
[imu_filter_madgwick_node-3] [INFO] [1770794838.166523913] [imu_filter]: Parameter RLController.pid_kd_lin set to 0.029426
[imu_filter_madgwick_node-3] [INFO] [1770794838.166620555] [imu_filter]: Parameter RLController.pid_kp_ang set to 1.230605
[imu_filter_madgwick_node-3] [INFO] [1770794838.166693644] [imu_filter]: Parameter RLController.pid_ki_ang set to 0.000000
[imu_filter_madgwick_node-3] [INFO] [1770794838.169912432] [imu_filter]: Parameter RLController.pid_kd_ang set to 0.140000
[imu_filter_madgwick_node-3] [INFO] [1770794838.576656115] [imu_filter]: Parameter RLController.pid_kp_lin set to 1.200814
[imu_filter_madgwick_node-3] [INFO] [1770794838.576842007] [imu_filter]: Parameter RLController.pid_ki_lin set to 0.000000
[imu_filter_madgwick_node-3] [INFO] [1770794838.576911992] [imu_filter]: Parameter RLController.pid_kd_lin set to 0.029426
[imu_filter_madgwick_node-3] [INFO] [1770794838.576971161] [imu_filter]: Parameter RLController.pid_kp_ang set to 1.230605
[imu_filter_madgwick_node-3] [INFO] [1770794838.577025818] [imu_filter]: Parameter RLController.pid_ki_ang set to 0.000000
[imu_filter_madgwick_node-3] [INFO] [1770794838.577078364] [imu_filter]: Parameter RLController.pid_kd_ang set to 0.140000
[imu_filter_madgwick_node-3] [INFO] [1770794838.988970315] [imu_filter]: Parameter RLController.pid_kp_lin set to 1.200814
[imu_filter_madgwick_node-3] [INFO] [1770794838.989168335] [imu_filter]: Parameter RLController.pid_ki_lin set to 0.000000
[imu_filter_madgwick_node-3] [INFO] [1770794838.989238544] [imu_filter]: Parameter RLController.pid_kd_lin set to 0.029426
[imu_filter_madgwick_node-3] [INFO] [1770794838.989298034] [imu_filter]: Parameter RLController.pid_kp_ang set to 1.230605
[imu_filter_madgwick_node-3] [INFO] [1770794838.989354643] [imu_filter]: Parameter RLController.pid_ki_ang set to 0.000000
[imu_filter_madgwick_node-3] [INFO] [1770794838.989407252] [imu_filter]: Parameter RLController.pid_kd_ang set to 0.140000
[imu_filter_madgwick_node-3] [INFO] [1770794839.419036923] [imu_filter]: Parameter RLController.pid_kp_lin set to 1.200814
[imu_filter_madgwick_node-3] [INFO] [1770794839.419386946] [imu_filter]: Parameter RLController.pid_ki_lin set to 0.000000
[imu_filter_madgwick_node-3] [INFO] [1770794839.419466564] [imu_filter]: Parameter RLController.pid_kd_lin set to 0.029426
[imu_filter_madgwick_node-3] [INFO] [1770794839.419528933] [imu_filter]: Parameter RLController.pid_kp_ang set to 1.230605
[imu_filter_madgwick_node-3] [INFO] [1770794839.419585574] [imu_filter]: Parameter RLController.pid_ki_ang set to 0.000000
[imu_filter_madgwick_node-3] [INFO] [1770794839.419640935] [imu_filter]: Parameter RLController.pid_kd_ang set to 0.140000
[imu_filter_madgwick_node-3] [INFO] [1770794839.829646703] [imu_filter]: Parameter RLController.pid_kp_lin set to 1.200814
[imu_filter_madgwick_node-3] [INFO] [1770794839.829890132] [imu_filter]: Parameter RLController.pid_ki_lin set to 0.000000
[imu_filter_madgwick_node-3] [INFO] [1770794839.829959701] [imu_filter]: Parameter RLController.pid_kd_lin set to 0.029426
[imu_filter_madgwick_node-3] [INFO] [1770794839.830021975] [imu_filter]: Parameter RLController.pid_kp_ang set to 1.230605
[imu_filter_madgwick_node-3] [INFO] [1770794839.830076824] [imu_filter]: Parameter RLController.pid_ki_ang set to 0.000000
[imu_filter_madgwick_node-3] [INFO] [1770794839.831998080] [imu_filter]: Parameter RLController.pid_kd_ang set to 0.140000
[imu_filter_madgwick_node-3] [INFO] [1770794840.241698753] [imu_filter]: Parameter RLController.pid_kp_lin set to 1.200814
[imu_filter_madgwick_node-3] [INFO] [1770794840.242137963] [imu_filter]: Parameter RLController.pid_ki_lin set to 0.000000
[imu_filter_madgwick_node-3] [INFO] [1770794840.242244973] [imu_filter]: Parameter RLController.pid_kd_lin set to 0.029426
[imu_filter_madgwick_node-3] [INFO] [1770794840.242315566] [imu_filter]: Parameter RLController.pid_kp_ang set to 1.230605
[imu_filter_madgwick_node-3] [INFO] [1770794840.242371952] [imu_filter]: Parameter RLController.pid_ki_ang set to 0.000000
[imu_filter_madgwick_node-3] [INFO] [1770794840.242428817] [imu_filter]: Parameter RLController.pid_kd_ang set to 0.140000
[imu_filter_madgwick_node-3] [INFO] [1770794840.662491661] [imu_filter]: Parameter RLController.pid_kp_lin set to 1.200814
[imu_filter_madgwick_node-3] [INFO] [1770794840.662678737] [imu_filter]: Parameter RLController.pid_ki_lin set to 0.000000
[imu_filter_madgwick_node-3] [INFO] [1770794840.662892309] [imu_filter]: Parameter RLController.pid_kd_lin set to 0.029426
[imu_filter_madgwick_node-3] [INFO] [1770794840.662973015] [imu_filter]: Parameter RLController.pid_kp_ang set to 1.230605
[imu_filter_madgwick_node-3] [INFO] [1770794840.663031864] [imu_filter]: Parameter RLController.pid_ki_ang set to 0.000000
[imu_filter_madgwick_node-3] [INFO] [1770794840.663197052] [imu_filter]: Parameter RLController.pid_kd_ang set to 0.140000
[imu_filter_madgwick_node-3] [INFO] [1770794841.102993562] [imu_filter]: Parameter RLController.pid_kp_lin set to 1.200814
[imu_filter_madgwick_node-3] [INFO] [1770794841.103204670] [imu_filter]: Parameter RLController.pid_ki_lin set to 0.000000
[imu_filter_madgwick_node-3] [INFO] [1770794841.103275200] [imu_filter]: Parameter RLController.pid_kd_lin set to 0.029426
[imu_filter_madgwick_node-3] [INFO] [1770794841.103336737] [imu_filter]: Parameter RLController.pid_kp_ang set to 1.230605
[imu_filter_madgwick_node-3] [INFO] [1770794841.103392194] [imu_filter]: Parameter RLController.pid_ki_ang set to 0.000000
[imu_filter_madgwick_node-3] [INFO] [1770794841.103446691] [imu_filter]: Parameter RLController.pid_kd_ang set to 0.140000
[imu_filter_madgwick_node-3] [INFO] [1770794841.512094734] [imu_filter]: Parameter RLController.pid_kp_lin set to 1.200814
[imu_filter_madgwick_node-3] [INFO] [1770794841.512304114] [imu_filter]: Parameter RLController.pid_ki_lin set to 0.000000
[imu_filter_madgwick_node-3] [INFO] [1770794841.512380340] [imu_filter]: Parameter RLController.pid_kd_lin set to 0.029426
[imu_filter_madgwick_node-3] [INFO] [1770794841.512441749] [imu_filter]: Parameter RLController.pid_kp_ang set to 1.230605
[imu_filter_madgwick_node-3] [INFO] [1770794841.512495798] [imu_filter]: Parameter RLController.pid_ki_ang set to 0.000000
[imu_filter_madgwick_node-3] [INFO] [1770794841.512551352] [imu_filter]: Parameter RLController.pid_kd_ang set to 0.140000
[imu_filter_madgwick_node-3] [INFO] [1770794841.927948273] [imu_filter]: Parameter RLController.pid_kp_lin set to 1.200814
[imu_filter_madgwick_node-3] [INFO] [1770794841.928150741] [imu_filter]: Parameter RLController.pid_ki_lin set to 0.000000
[imu_filter_madgwick_node-3] [INFO] [1770794841.928230263] [imu_filter]: Parameter RLController.pid_kd_lin set to 0.029426
[imu_filter_madgwick_node-3] [INFO] [1770794841.928291672] [imu_filter]: Parameter RLController.pid_kp_ang set to 1.230605
[imu_filter_madgwick_node-3] [INFO] [1770794841.928348729] [imu_filter]: Parameter RLController.pid_ki_ang set to 0.000000
[imu_filter_madgwick_node-3] [INFO] [1770794841.928423515] [imu_filter]: Parameter RLController.pid_kd_ang set to 0.140000
[imu_filter_madgwick_node-3] [INFO] [1770794842.341050810] [imu_filter]: Parameter RLController.pid_kp_lin set to 1.200814
[imu_filter_madgwick_node-3] [INFO] [1770794842.341274686] [imu_filter]: Parameter RLController.pid_ki_lin set to 0.000000
[imu_filter_madgwick_node-3] [INFO] [1770794842.341347136] [imu_filter]: Parameter RLController.pid_kd_lin set to 0.029426
[imu_filter_madgwick_node-3] [INFO] [1770794842.341410593] [imu_filter]: Parameter RLController.pid_kp_ang set to 1.230605
[imu_filter_madgwick_node-3] [INFO] [1770794842.341467779] [imu_filter]: Parameter RLController.pid_ki_ang set to 0.000000
[imu_filter_madgwick_node-3] [INFO] [1770794842.341525188] [imu_filter]: Parameter RLController.pid_kd_ang set to 0.140000
[imu_filter_madgwick_node-3] [INFO] [1770794842.766286627] [imu_filter]: Parameter RLController.pid_kp_lin set to 1.200814
[imu_filter_madgwick_node-3] [INFO] [1770794842.766467559] [imu_filter]: Parameter RLController.pid_ki_lin set to 0.000000
[imu_filter_madgwick_node-3] [INFO] [1770794842.766541929] [imu_filter]: Parameter RLController.pid_kd_lin set to 0.029426
[imu_filter_madgwick_node-3] [INFO] [1770794842.766610730] [imu_filter]: Parameter RLController.pid_kp_ang set to 1.230605
[imu_filter_madgwick_node-3] [INFO] [1770794842.766670284] [imu_filter]: Parameter RLController.pid_ki_ang set to 0.000000
[imu_filter_madgwick_node-3] [INFO] [1770794842.766727501] [imu_filter]: Parameter RLController.pid_kd_ang set to 0.140000
[imu_filter_madgwick_node-3] [INFO] [1770794843.190987202] [imu_filter]: Parameter RLController.pid_kp_lin set to 1.200814
[imu_filter_madgwick_node-3] [INFO] [1770794843.193310067] [imu_filter]: Parameter RLController.pid_ki_lin set to 0.000000
[imu_filter_madgwick_node-3] [INFO] [1770794843.193480823] [imu_filter]: Parameter RLController.pid_kd_lin set to 0.029426
[imu_filter_madgwick_node-3] [INFO] [1770794843.193551672] [imu_filter]: Parameter RLController.pid_kp_ang set to 1.230605
[imu_filter_madgwick_node-3] [INFO] [1770794843.193610777] [imu_filter]: Parameter RLController.pid_ki_ang set to 0.000000
[imu_filter_madgwick_node-3] [INFO] [1770794843.194113572] [imu_filter]: Parameter RLController.pid_kd_ang set to 0.140000
[WARNING] [launch]: user interrupted with ctrl-c (SIGINT)
