[INFO] [launch]: All log files can be found below /home/world/.ros/log/2026-02-10-13-08-58-082505-world-215348
[INFO] [launch]: Default logging verbosity is set to INFO
[INFO] [livox_timestamp_offset_node-1]: process started with pid [215618]
[INFO] [camera_imu_bias_corrector_cpp-2]: process started with pid [215621]
[INFO] [imu_filter_madgwick_node-3]: process started with pid [215624]
[INFO] [lidar_deskewing-4]: process started with pid [215636]
[INFO] [static_transform_publisher-5]: process started with pid [215640]
[INFO] [static_transform_publisher-6]: process started with pid [215643]
[imu_filter_madgwick_node-3] [INFO] [1770696538.343966037] [imu_filter]: Starting ImuFilter
[static_transform_publisher-5] [INFO] [1770696538.347842224] [livox_tf]: Spinning until stopped - publishing transform
[static_transform_publisher-5] translation: ('0.000000', '0.000000', '0.830000')
[static_transform_publisher-5] rotation: ('0.000000', '0.000000', '0.000000', '1.000000')
[static_transform_publisher-5] from 'base_link' to 'livox_frame'
[imu_filter_madgwick_node-3] [INFO] [1770696538.350158982] [imu_filter]: Using dt computed from message headers
[imu_filter_madgwick_node-3] [INFO] [1770696538.350272553] [imu_filter]: The gravity vector is kept in the IMU message.
[imu_filter_madgwick_node-3] [INFO] [1770696538.352458396] [imu_filter]: Imu filter gain set to 0.100000
[imu_filter_madgwick_node-3] [INFO] [1770696538.352525758] [imu_filter]: Gyro drift bias set to 0.000000
[imu_filter_madgwick_node-3] [INFO] [1770696538.352542750] [imu_filter]: Magnetometer bias values: 0.000000 0.000000 0.000000
[static_transform_publisher-6] [INFO] [1770696538.376301900] [camera_tf]: Spinning until stopped - publishing transform
[static_transform_publisher-6] translation: ('0.200000', '0.000000', '0.580000')
[static_transform_publisher-6] rotation: ('0.000000', '0.000000', '0.000000', '1.000000')
[static_transform_publisher-6] from 'base_link' to 'camera_link'
[camera_imu_bias_corrector_cpp-2] [INFO] [1770696538.456645546] [camera_imu_bias_corrector]: IMU bias corrector started: input=/camera/camera/imu output=/camera/camera/imu_bias_corrected
[livox_timestamp_offset_node-1] [INFO] [1770696539.139511882] [livox_timestamp_offset]: input_topic=/livox/lidar output_topic=/livox/lidar/synced offset_sec=0.036
[lidar_deskewing-4] [INFO] [1770696539.863693685] [lidar_deskewing]:   fixed_frame_id:  base_link
[lidar_deskewing-4] [INFO] [1770696539.864314531] [lidar_deskewing]:   wait_for_transform:  0.200000s
[lidar_deskewing-4] [INFO] [1770696539.864371429] [lidar_deskewing]:   slerp:  true
[camera_imu_bias_corrector_cpp-2] [INFO] [1770696544.607128283] [camera_imu_bias_corrector]: Calibrating IMU bias... keep robot still.
[imu_filter_madgwick_node-3] [INFO] [1770696544.607659143] [imu_filter]: First IMU message received.
[camera_imu_bias_corrector_cpp-2] [INFO] [1770696550.812707544] [camera_imu_bias_corrector]: IMU bias calibrated: x=-0.001413 y=0.001736 z=-0.004613
[imu_filter_madgwick_node-3] [INFO] [1770696589.354043806] [imu_filter]: Parameter RLController.pid_kp_lin set to 1.200000
[imu_filter_madgwick_node-3] [INFO] [1770696589.354287203] [imu_filter]: Parameter RLController.pid_ki_lin set to 0.000000
[imu_filter_madgwick_node-3] [INFO] [1770696589.354370181] [imu_filter]: Parameter RLController.pid_kd_lin set to 0.030000
[imu_filter_madgwick_node-3] [INFO] [1770696589.354449927] [imu_filter]: Parameter RLController.pid_kp_ang set to 1.230000
[imu_filter_madgwick_node-3] [INFO] [1770696589.354520905] [imu_filter]: Parameter RLController.pid_ki_ang set to 0.000000
[imu_filter_madgwick_node-3] [INFO] [1770696589.354577738] [imu_filter]: Parameter RLController.pid_kd_ang set to 0.100000
[imu_filter_madgwick_node-3] [INFO] [1770696634.452753249] [imu_filter]: Parameter RLController.pid_kp_lin set to 1.200000
[imu_filter_madgwick_node-3] [INFO] [1770696634.452971814] [imu_filter]: Parameter RLController.pid_ki_lin set to 0.000000
[imu_filter_madgwick_node-3] [INFO] [1770696634.453046216] [imu_filter]: Parameter RLController.pid_kd_lin set to 0.029913
[imu_filter_madgwick_node-3] [INFO] [1770696634.453108105] [imu_filter]: Parameter RLController.pid_kp_ang set to 1.230000
[imu_filter_madgwick_node-3] [INFO] [1770696634.453165387] [imu_filter]: Parameter RLController.pid_ki_ang set to 0.000000
[imu_filter_madgwick_node-3] [INFO] [1770696634.453220812] [imu_filter]: Parameter RLController.pid_kd_ang set to 0.100000
[imu_filter_madgwick_node-3] [INFO] [1770696634.869811604] [imu_filter]: Parameter RLController.pid_kp_lin set to 1.200309
[imu_filter_madgwick_node-3] [INFO] [1770696634.870007129] [imu_filter]: Parameter RLController.pid_ki_lin set to 0.000000
[imu_filter_madgwick_node-3] [INFO] [1770696634.870077467] [imu_filter]: Parameter RLController.pid_kd_lin set to 0.029856
[imu_filter_madgwick_node-3] [INFO] [1770696634.870154076] [imu_filter]: Parameter RLController.pid_kp_ang set to 1.230000
[imu_filter_madgwick_node-3] [INFO] [1770696634.870214654] [imu_filter]: Parameter RLController.pid_ki_ang set to 0.000000
[imu_filter_madgwick_node-3] [INFO] [1770696634.870268863] [imu_filter]: Parameter RLController.pid_kd_ang set to 0.100000
[imu_filter_madgwick_node-3] [INFO] [1770696635.285424486] [imu_filter]: Parameter RLController.pid_kp_lin set to 1.200627
[imu_filter_madgwick_node-3] [INFO] [1770696635.285761422] [imu_filter]: Parameter RLController.pid_ki_lin set to 0.000000
[imu_filter_madgwick_node-3] [INFO] [1770696635.285852272] [imu_filter]: Parameter RLController.pid_kd_lin set to 0.029800
[imu_filter_madgwick_node-3] [INFO] [1770696635.285919026] [imu_filter]: Parameter RLController.pid_kp_ang set to 1.230000
[imu_filter_madgwick_node-3] [INFO] [1770696635.285977619] [imu_filter]: Parameter RLController.pid_ki_ang set to 0.000000
[imu_filter_madgwick_node-3] [INFO] [1770696635.286032372] [imu_filter]: Parameter RLController.pid_kd_ang set to 0.100000
[imu_filter_madgwick_node-3] [INFO] [1770696635.706217520] [imu_filter]: Parameter RLController.pid_kp_lin set to 1.200939
[imu_filter_madgwick_node-3] [INFO] [1770696635.706537560] [imu_filter]: Parameter RLController.pid_ki_lin set to 0.000000
[imu_filter_madgwick_node-3] [INFO] [1770696635.706619898] [imu_filter]: Parameter RLController.pid_kd_lin set to 0.029745
[imu_filter_madgwick_node-3] [INFO] [1770696635.706687067] [imu_filter]: Parameter RLController.pid_kp_ang set to 1.230000
[imu_filter_madgwick_node-3] [INFO] [1770696635.706749053] [imu_filter]: Parameter RLController.pid_ki_ang set to 0.000000
[imu_filter_madgwick_node-3] [INFO] [1770696635.706807102] [imu_filter]: Parameter RLController.pid_kd_ang set to 0.100000
[imu_filter_madgwick_node-3] [INFO] [1770696636.117808708] [imu_filter]: Parameter RLController.pid_kp_lin set to 1.201247
[imu_filter_madgwick_node-3] [INFO] [1770696636.118036746] [imu_filter]: Parameter RLController.pid_ki_lin set to 0.000000
[imu_filter_madgwick_node-3] [INFO] [1770696636.118121004] [imu_filter]: Parameter RLController.pid_kd_lin set to 0.029688
[imu_filter_madgwick_node-3] [INFO] [1770696636.118188941] [imu_filter]: Parameter RLController.pid_kp_ang set to 1.230000
[imu_filter_madgwick_node-3] [INFO] [1770696636.118248015] [imu_filter]: Parameter RLController.pid_ki_ang set to 0.000000
[imu_filter_madgwick_node-3] [INFO] [1770696636.118308112] [imu_filter]: Parameter RLController.pid_kd_ang set to 0.100000
[imu_filter_madgwick_node-3] [INFO] [1770696636.533815167] [imu_filter]: Parameter RLController.pid_kp_lin set to 1.201560
[imu_filter_madgwick_node-3] [INFO] [1770696636.534020740] [imu_filter]: Parameter RLController.pid_ki_lin set to 0.000000
[imu_filter_madgwick_node-3] [INFO] [1770696636.534318571] [imu_filter]: Parameter RLController.pid_kd_lin set to 0.029630
[imu_filter_madgwick_node-3] [INFO] [1770696636.534392333] [imu_filter]: Parameter RLController.pid_kp_ang set to 1.230000
[imu_filter_madgwick_node-3] [INFO] [1770696636.534454222] [imu_filter]: Parameter RLController.pid_ki_ang set to 0.000000
[imu_filter_madgwick_node-3] [INFO] [1770696636.534507631] [imu_filter]: Parameter RLController.pid_kd_ang set to 0.100000
[imu_filter_madgwick_node-3] [INFO] [1770696636.960814106] [imu_filter]: Parameter RLController.pid_kp_lin set to 1.201872
[imu_filter_madgwick_node-3] [INFO] [1770696636.961150914] [imu_filter]: Parameter RLController.pid_ki_lin set to 0.000000
[imu_filter_madgwick_node-3] [INFO] [1770696636.961228644] [imu_filter]: Parameter RLController.pid_kd_lin set to 0.029570
[imu_filter_madgwick_node-3] [INFO] [1770696636.961288229] [imu_filter]: Parameter RLController.pid_kp_ang set to 1.230000
[imu_filter_madgwick_node-3] [INFO] [1770696636.961345831] [imu_filter]: Parameter RLController.pid_ki_ang set to 0.000000
[imu_filter_madgwick_node-3] [INFO] [1770696636.961399912] [imu_filter]: Parameter RLController.pid_kd_ang set to 0.100000
[imu_filter_madgwick_node-3] [INFO] [1770696637.374788550] [imu_filter]: Parameter RLController.pid_kp_lin set to 1.202183
[imu_filter_madgwick_node-3] [INFO] [1770696637.375106669] [imu_filter]: Parameter RLController.pid_ki_lin set to 0.000000
[imu_filter_madgwick_node-3] [INFO] [1770696637.375196399] [imu_filter]: Parameter RLController.pid_kd_lin set to 0.029513
[imu_filter_madgwick_node-3] [INFO] [1770696637.375263953] [imu_filter]: Parameter RLController.pid_kp_ang set to 1.230000
[imu_filter_madgwick_node-3] [INFO] [1770696637.375321170] [imu_filter]: Parameter RLController.pid_ki_ang set to 0.000000
[imu_filter_madgwick_node-3] [INFO] [1770696637.375375923] [imu_filter]: Parameter RLController.pid_kd_ang set to 0.100000
[imu_filter_madgwick_node-3] [INFO] [1770696637.789280125] [imu_filter]: Parameter RLController.pid_kp_lin set to 1.202490
[imu_filter_madgwick_node-3] [INFO] [1770696637.789495842] [imu_filter]: Parameter RLController.pid_ki_lin set to 0.000000
[imu_filter_madgwick_node-3] [INFO] [1770696637.789579332] [imu_filter]: Parameter RLController.pid_kd_lin set to 0.029455
[imu_filter_madgwick_node-3] [INFO] [1770696637.789648646] [imu_filter]: Parameter RLController.pid_kp_ang set to 1.230000
[imu_filter_madgwick_node-3] [INFO] [1770696637.789706855] [imu_filter]: Parameter RLController.pid_ki_ang set to 0.000000
[imu_filter_madgwick_node-3] [INFO] [1770696637.789763848] [imu_filter]: Parameter RLController.pid_kd_ang set to 0.100000
[imu_filter_madgwick_node-3] [INFO] [1770696638.204284481] [imu_filter]: Parameter RLController.pid_kp_lin set to 1.202806
[imu_filter_madgwick_node-3] [INFO] [1770696638.204509830] [imu_filter]: Parameter RLController.pid_ki_lin set to 0.000000
[imu_filter_madgwick_node-3] [INFO] [1770696638.204658825] [imu_filter]: Parameter RLController.pid_kd_lin set to 0.029395
[imu_filter_madgwick_node-3] [INFO] [1770696638.204857806] [imu_filter]: Parameter RLController.pid_kp_ang set to 1.230000
[imu_filter_madgwick_node-3] [INFO] [1770696638.204923056] [imu_filter]: Parameter RLController.pid_ki_ang set to 0.000000
[imu_filter_madgwick_node-3] [INFO] [1770696638.204978641] [imu_filter]: Parameter RLController.pid_kd_ang set to 0.100000
[imu_filter_madgwick_node-3] [INFO] [1770696638.622565200] [imu_filter]: Parameter RLController.pid_kp_lin set to 1.203120
[imu_filter_madgwick_node-3] [INFO] [1770696638.622784918] [imu_filter]: Parameter RLController.pid_ki_lin set to 0.000000
[imu_filter_madgwick_node-3] [INFO] [1770696638.622871384] [imu_filter]: Parameter RLController.pid_kd_lin set to 0.029336
[imu_filter_madgwick_node-3] [INFO] [1770696638.622936761] [imu_filter]: Parameter RLController.pid_kp_ang set to 1.230000
[imu_filter_madgwick_node-3] [INFO] [1770696638.622996890] [imu_filter]: Parameter RLController.pid_ki_ang set to 0.000000
[imu_filter_madgwick_node-3] [INFO] [1770696638.623057916] [imu_filter]: Parameter RLController.pid_kd_ang set to 0.100000
[imu_filter_madgwick_node-3] [INFO] [1770696639.038102272] [imu_filter]: Parameter RLController.pid_kp_lin set to 1.203435
[imu_filter_madgwick_node-3] [INFO] [1770696639.038304645] [imu_filter]: Parameter RLController.pid_ki_lin set to 0.000000
[imu_filter_madgwick_node-3] [INFO] [1770696639.038380391] [imu_filter]: Parameter RLController.pid_kd_lin set to 0.029277
[imu_filter_madgwick_node-3] [INFO] [1770696639.038441192] [imu_filter]: Parameter RLController.pid_kp_ang set to 1.230000
[imu_filter_madgwick_node-3] [INFO] [1770696639.038498794] [imu_filter]: Parameter RLController.pid_ki_ang set to 0.000000
[imu_filter_madgwick_node-3] [INFO] [1770696639.038558667] [imu_filter]: Parameter RLController.pid_kd_ang set to 0.100000
[imu_filter_madgwick_node-3] [INFO] [1770696639.468749776] [imu_filter]: Parameter RLController.pid_kp_lin set to 1.203749
[imu_filter_madgwick_node-3] [INFO] [1770696639.469103352] [imu_filter]: Parameter RLController.pid_ki_lin set to 0.000000
[imu_filter_madgwick_node-3] [INFO] [1770696639.469182618] [imu_filter]: Parameter RLController.pid_kd_lin set to 0.029216
[imu_filter_madgwick_node-3] [INFO] [1770696639.469245180] [imu_filter]: Parameter RLController.pid_kp_ang set to 1.230000
[imu_filter_madgwick_node-3] [INFO] [1770696639.469418816] [imu_filter]: Parameter RLController.pid_ki_ang set to 0.000000
[imu_filter_madgwick_node-3] [INFO] [1770696639.469477537] [imu_filter]: Parameter RLController.pid_kd_ang set to 0.100000
[imu_filter_madgwick_node-3] [INFO] [1770696639.890957243] [imu_filter]: Parameter RLController.pid_kp_lin set to 1.204066
[imu_filter_madgwick_node-3] [INFO] [1770696639.891176673] [imu_filter]: Parameter RLController.pid_ki_lin set to 0.000000
[imu_filter_madgwick_node-3] [INFO] [1770696639.891253538] [imu_filter]: Parameter RLController.pid_kd_lin set to 0.029155
[imu_filter_madgwick_node-3] [INFO] [1770696639.891316740] [imu_filter]: Parameter RLController.pid_kp_ang set to 1.230000
[imu_filter_madgwick_node-3] [INFO] [1770696639.891378853] [imu_filter]: Parameter RLController.pid_ki_ang set to 0.000000
[imu_filter_madgwick_node-3] [INFO] [1770696639.891437127] [imu_filter]: Parameter RLController.pid_kd_ang set to 0.100000
[imu_filter_madgwick_node-3] [INFO] [1770696640.306432234] [imu_filter]: Parameter RLController.pid_kp_lin set to 1.204342
[imu_filter_madgwick_node-3] [INFO] [1770696640.306794834] [imu_filter]: Parameter RLController.pid_ki_lin set to 0.000000
[imu_filter_madgwick_node-3] [INFO] [1770696640.306875028] [imu_filter]: Parameter RLController.pid_kd_lin set to 0.029088
[imu_filter_madgwick_node-3] [INFO] [1770696640.306938934] [imu_filter]: Parameter RLController.pid_kp_ang set to 1.230000
[imu_filter_madgwick_node-3] [INFO] [1770696640.306997143] [imu_filter]: Parameter RLController.pid_ki_ang set to 0.000000
[imu_filter_madgwick_node-3] [INFO] [1770696640.307054904] [imu_filter]: Parameter RLController.pid_kd_ang set to 0.100000
[imu_filter_madgwick_node-3] [INFO] [1770696640.735137005] [imu_filter]: Parameter RLController.pid_kp_lin set to 1.204342
[imu_filter_madgwick_node-3] [INFO] [1770696640.735337425] [imu_filter]: Parameter RLController.pid_ki_lin set to 0.000000
[imu_filter_madgwick_node-3] [INFO] [1770696640.735404275] [imu_filter]: Parameter RLController.pid_kd_lin set to 0.028973
[imu_filter_madgwick_node-3] [INFO] [1770696640.735469940] [imu_filter]: Parameter RLController.pid_kp_ang set to 1.230000
[imu_filter_madgwick_node-3] [INFO] [1770696640.735525558] [imu_filter]: Parameter RLController.pid_ki_ang set to 0.000000
[imu_filter_madgwick_node-3] [INFO] [1770696640.737563621] [imu_filter]: Parameter RLController.pid_kd_ang set to 0.100000
[imu_filter_madgwick_node-3] [INFO] [1770696641.152936401] [imu_filter]: Parameter RLController.pid_kp_lin set to 1.204342
[imu_filter_madgwick_node-3] [INFO] [1770696641.153172151] [imu_filter]: Parameter RLController.pid_ki_lin set to 0.000000
[imu_filter_madgwick_node-3] [INFO] [1770696641.155647088] [imu_filter]: Parameter RLController.pid_kd_lin set to 0.028857
[imu_filter_madgwick_node-3] [INFO] [1770696641.155866133] [imu_filter]: Parameter RLController.pid_kp_ang set to 1.230000
[imu_filter_madgwick_node-3] [INFO] [1770696641.155936055] [imu_filter]: Parameter RLController.pid_ki_ang set to 0.000000
[imu_filter_madgwick_node-3] [INFO] [1770696641.156033497] [imu_filter]: Parameter RLController.pid_kd_ang set to 0.100000
[imu_filter_madgwick_node-3] [INFO] [1770696641.570140872] [imu_filter]: Parameter RLController.pid_kp_lin set to 1.204342
[imu_filter_madgwick_node-3] [INFO] [1770696641.570335180] [imu_filter]: Parameter RLController.pid_ki_lin set to 0.000000
[imu_filter_madgwick_node-3] [INFO] [1770696641.570410382] [imu_filter]: Parameter RLController.pid_kd_lin set to 0.028743
[imu_filter_madgwick_node-3] [INFO] [1770696641.570472976] [imu_filter]: Parameter RLController.pid_kp_ang set to 1.230000
[imu_filter_madgwick_node-3] [INFO] [1770696641.570531569] [imu_filter]: Parameter RLController.pid_ki_ang set to 0.000000
[imu_filter_madgwick_node-3] [INFO] [1770696641.570590322] [imu_filter]: Parameter RLController.pid_kd_ang set to 0.100000
[imu_filter_madgwick_node-3] [INFO] [1770696641.991958250] [imu_filter]: Parameter RLController.pid_kp_lin set to 1.204342
[imu_filter_madgwick_node-3] [INFO] [1770696641.992172943] [imu_filter]: Parameter RLController.pid_ki_lin set to 0.000000
[imu_filter_madgwick_node-3] [INFO] [1770696641.992266481] [imu_filter]: Parameter RLController.pid_kd_lin set to 0.028629
[imu_filter_madgwick_node-3] [INFO] [1770696641.992329587] [imu_filter]: Parameter RLController.pid_kp_ang set to 1.230000
[imu_filter_madgwick_node-3] [INFO] [1770696641.992386772] [imu_filter]: Parameter RLController.pid_ki_ang set to 0.000000
[imu_filter_madgwick_node-3] [INFO] [1770696641.992445333] [imu_filter]: Parameter RLController.pid_kd_ang set to 0.100000
[imu_filter_madgwick_node-3] [INFO] [1770696642.403434363] [imu_filter]: Parameter RLController.pid_kp_lin set to 1.204342
[imu_filter_madgwick_node-3] [INFO] [1770696642.403685249] [imu_filter]: Parameter RLController.pid_ki_lin set to 0.000000
[imu_filter_madgwick_node-3] [INFO] [1770696642.403763587] [imu_filter]: Parameter RLController.pid_kd_lin set to 0.028516
[imu_filter_madgwick_node-3] [INFO] [1770696642.403826212] [imu_filter]: Parameter RLController.pid_kp_ang set to 1.230000
[imu_filter_madgwick_node-3] [INFO] [1770696642.403884454] [imu_filter]: Parameter RLController.pid_ki_ang set to 0.000000
[imu_filter_madgwick_node-3] [INFO] [1770696642.404092459] [imu_filter]: Parameter RLController.pid_kd_ang set to 0.100000
[imu_filter_madgwick_node-3] [INFO] [1770696642.840595587] [imu_filter]: Parameter RLController.pid_kp_lin set to 1.204342
[imu_filter_madgwick_node-3] [INFO] [1770696642.840800040] [imu_filter]: Parameter RLController.pid_ki_lin set to 0.000000
[imu_filter_madgwick_node-3] [INFO] [1770696642.842713492] [imu_filter]: Parameter RLController.pid_kd_lin set to 0.028403
[imu_filter_madgwick_node-3] [INFO] [1770696642.842901113] [imu_filter]: Parameter RLController.pid_kp_ang set to 1.230000
[imu_filter_madgwick_node-3] [INFO] [1770696642.842972986] [imu_filter]: Parameter RLController.pid_ki_ang set to 0.000000
[imu_filter_madgwick_node-3] [INFO] [1770696642.843036540] [imu_filter]: Parameter RLController.pid_kd_ang set to 0.100000
[imu_filter_madgwick_node-3] [INFO] [1770696643.251435653] [imu_filter]: Parameter RLController.pid_kp_lin set to 1.204342
[imu_filter_madgwick_node-3] [INFO] [1770696643.254179589] [imu_filter]: Parameter RLController.pid_ki_lin set to 0.000000
[imu_filter_madgwick_node-3] [INFO] [1770696643.254456364] [imu_filter]: Parameter RLController.pid_kd_lin set to 0.028290
[imu_filter_madgwick_node-3] [INFO] [1770696643.254604975] [imu_filter]: Parameter RLController.pid_kp_ang set to 1.230000
[imu_filter_madgwick_node-3] [INFO] [1770696643.254691857] [imu_filter]: Parameter RLController.pid_ki_ang set to 0.000000
[imu_filter_madgwick_node-3] [INFO] [1770696643.254761299] [imu_filter]: Parameter RLController.pid_kd_ang set to 0.100000
[imu_filter_madgwick_node-3] [INFO] [1770696643.667512226] [imu_filter]: Parameter RLController.pid_kp_lin set to 1.204342
[imu_filter_madgwick_node-3] [INFO] [1770696643.667827721] [imu_filter]: Parameter RLController.pid_ki_lin set to 0.000000
[imu_filter_madgwick_node-3] [INFO] [1770696643.675092946] [imu_filter]: Parameter RLController.pid_kd_lin set to 0.028178
[imu_filter_madgwick_node-3] [INFO] [1770696643.675548189] [imu_filter]: Parameter RLController.pid_kp_ang set to 1.230000
[imu_filter_madgwick_node-3] [INFO] [1770696643.675763010] [imu_filter]: Parameter RLController.pid_ki_ang set to 0.000000
[imu_filter_madgwick_node-3] [INFO] [1770696643.675849156] [imu_filter]: Parameter RLController.pid_kd_ang set to 0.100000
[imu_filter_madgwick_node-3] [INFO] [1770696644.089199681] [imu_filter]: Parameter RLController.pid_kp_lin set to 1.204342
[imu_filter_madgwick_node-3] [INFO] [1770696644.089419398] [imu_filter]: Parameter RLController.pid_ki_lin set to 0.000000
[imu_filter_madgwick_node-3] [INFO] [1770696644.089490536] [imu_filter]: Parameter RLController.pid_kd_lin set to 0.028066
[imu_filter_madgwick_node-3] [INFO] [1770696644.089556169] [imu_filter]: Parameter RLController.pid_kp_ang set to 1.230000
[imu_filter_madgwick_node-3] [INFO] [1770696644.089617675] [imu_filter]: Parameter RLController.pid_ki_ang set to 0.000000
[imu_filter_madgwick_node-3] [INFO] [1770696644.089675308] [imu_filter]: Parameter RLController.pid_kd_ang set to 0.100000
[imu_filter_madgwick_node-3] [INFO] [1770696644.504703600] [imu_filter]: Parameter RLController.pid_kp_lin set to 1.204342
[imu_filter_madgwick_node-3] [INFO] [1770696644.504894005] [imu_filter]: Parameter RLController.pid_ki_lin set to 0.000000
[imu_filter_madgwick_node-3] [INFO] [1770696644.504962262] [imu_filter]: Parameter RLController.pid_kd_lin set to 0.027954
[imu_filter_madgwick_node-3] [INFO] [1770696644.505024568] [imu_filter]: Parameter RLController.pid_kp_ang set to 1.230000
[imu_filter_madgwick_node-3] [INFO] [1770696644.505081657] [imu_filter]: Parameter RLController.pid_ki_ang set to 0.000000
[imu_filter_madgwick_node-3] [INFO] [1770696644.505134778] [imu_filter]: Parameter RLController.pid_kd_ang set to 0.100000
[imu_filter_madgwick_node-3] [INFO] [1770696644.916076543] [imu_filter]: Parameter RLController.pid_kp_lin set to 1.204342
[imu_filter_madgwick_node-3] [INFO] [1770696644.916317349] [imu_filter]: Parameter RLController.pid_ki_lin set to 0.000000
[imu_filter_madgwick_node-3] [INFO] [1770696644.916392134] [imu_filter]: Parameter RLController.pid_kd_lin set to 0.027842
[imu_filter_madgwick_node-3] [INFO] [1770696644.916453480] [imu_filter]: Parameter RLController.pid_kp_ang set to 1.230000
[imu_filter_madgwick_node-3] [INFO] [1770696644.916508425] [imu_filter]: Parameter RLController.pid_ki_ang set to 0.000000
[imu_filter_madgwick_node-3] [INFO] [1770696644.916564362] [imu_filter]: Parameter RLController.pid_kd_ang set to 0.100000
[imu_filter_madgwick_node-3] [INFO] [1770696645.339305186] [imu_filter]: Parameter RLController.pid_kp_lin set to 1.204342
[imu_filter_madgwick_node-3] [INFO] [1770696645.342174117] [imu_filter]: Parameter RLController.pid_ki_lin set to 0.000000
[imu_filter_madgwick_node-3] [INFO] [1770696645.347265500] [imu_filter]: Parameter RLController.pid_kd_lin set to 0.027731
[imu_filter_madgwick_node-3] [INFO] [1770696645.347510561] [imu_filter]: Parameter RLController.pid_kp_ang set to 1.230000
[imu_filter_madgwick_node-3] [INFO] [1770696645.347588963] [imu_filter]: Parameter RLController.pid_ki_ang set to 0.000000
[imu_filter_madgwick_node-3] [INFO] [1770696645.347648612] [imu_filter]: Parameter RLController.pid_kd_ang set to 0.100000
[imu_filter_madgwick_node-3] [INFO] [1770696645.767730078] [imu_filter]: Parameter RLController.pid_kp_lin set to 1.204342
[imu_filter_madgwick_node-3] [INFO] [1770696645.768040837] [imu_filter]: Parameter RLController.pid_ki_lin set to 0.000000
[imu_filter_madgwick_node-3] [INFO] [1770696645.768115463] [imu_filter]: Parameter RLController.pid_kd_lin set to 0.027619
[imu_filter_madgwick_node-3] [INFO] [1770696645.768204841] [imu_filter]: Parameter RLController.pid_kp_ang set to 1.230000
[imu_filter_madgwick_node-3] [INFO] [1770696645.768270155] [imu_filter]: Parameter RLController.pid_ki_ang set to 0.000000
[imu_filter_madgwick_node-3] [INFO] [1770696645.768329388] [imu_filter]: Parameter RLController.pid_kd_ang set to 0.100000
[imu_filter_madgwick_node-3] [INFO] [1770696646.187904410] [imu_filter]: Parameter RLController.pid_kp_lin set to 1.204342
[imu_filter_madgwick_node-3] [INFO] [1770696646.188152864] [imu_filter]: Parameter RLController.pid_ki_lin set to 0.000000
[imu_filter_madgwick_node-3] [INFO] [1770696646.188257218] [imu_filter]: Parameter RLController.pid_kd_lin set to 0.027507
[imu_filter_madgwick_node-3] [INFO] [1770696646.188329380] [imu_filter]: Parameter RLController.pid_kp_ang set to 1.230000
[imu_filter_madgwick_node-3] [INFO] [1770696646.188395302] [imu_filter]: Parameter RLController.pid_ki_ang set to 0.000000
[imu_filter_madgwick_node-3] [INFO] [1770696646.188455559] [imu_filter]: Parameter RLController.pid_kd_ang set to 0.100000
[imu_filter_madgwick_node-3] [INFO] [1770696646.640291364] [imu_filter]: Parameter RLController.pid_kp_lin set to 1.204342
[imu_filter_madgwick_node-3] [INFO] [1770696646.640610828] [imu_filter]: Parameter RLController.pid_ki_lin set to 0.000000
[imu_filter_madgwick_node-3] [INFO] [1770696646.640695790] [imu_filter]: Parameter RLController.pid_kd_lin set to 0.027396
[imu_filter_madgwick_node-3] [INFO] [1770696646.640759695] [imu_filter]: Parameter RLController.pid_kp_ang set to 1.230000
[imu_filter_madgwick_node-3] [INFO] [1770696646.640822481] [imu_filter]: Parameter RLController.pid_ki_ang set to 0.000000
[imu_filter_madgwick_node-3] [INFO] [1770696646.640885586] [imu_filter]: Parameter RLController.pid_kd_ang set to 0.100000
[imu_filter_madgwick_node-3] [INFO] [1770696647.076016683] [imu_filter]: Parameter RLController.pid_kp_lin set to 1.204342
[imu_filter_madgwick_node-3] [INFO] [1770696647.076248912] [imu_filter]: Parameter RLController.pid_ki_lin set to 0.000000
[imu_filter_madgwick_node-3] [INFO] [1770696647.076325810] [imu_filter]: Parameter RLController.pid_kd_lin set to 0.027284
[imu_filter_madgwick_node-3] [INFO] [1770696647.076389971] [imu_filter]: Parameter RLController.pid_kp_ang set to 1.230000
[imu_filter_madgwick_node-3] [INFO] [1770696647.076448693] [imu_filter]: Parameter RLController.pid_ki_ang set to 0.000000
[imu_filter_madgwick_node-3] [INFO] [1770696647.076507254] [imu_filter]: Parameter RLController.pid_kd_ang set to 0.100000
[imu_filter_madgwick_node-3] [INFO] [1770696647.507330986] [imu_filter]: Parameter RLController.pid_kp_lin set to 1.204342
[imu_filter_madgwick_node-3] [INFO] [1770696647.507581296] [imu_filter]: Parameter RLController.pid_ki_lin set to 0.000000
[imu_filter_madgwick_node-3] [INFO] [1770696647.507651761] [imu_filter]: Parameter RLController.pid_kd_lin set to 0.027172
[imu_filter_madgwick_node-3] [INFO] [1770696647.507714675] [imu_filter]: Parameter RLController.pid_kp_ang set to 1.230000
[imu_filter_madgwick_node-3] [INFO] [1770696647.507973785] [imu_filter]: Parameter RLController.pid_ki_ang set to 0.000000
[imu_filter_madgwick_node-3] [INFO] [1770696647.508270432] [imu_filter]: Parameter RLController.pid_kd_ang set to 0.100000
[imu_filter_madgwick_node-3] [INFO] [1770696647.923919474] [imu_filter]: Parameter RLController.pid_kp_lin set to 1.204342
[imu_filter_madgwick_node-3] [INFO] [1770696647.924122135] [imu_filter]: Parameter RLController.pid_ki_lin set to 0.000000
[imu_filter_madgwick_node-3] [INFO] [1770696647.924361245] [imu_filter]: Parameter RLController.pid_kd_lin set to 0.027172
[imu_filter_madgwick_node-3] [INFO] [1770696647.924471967] [imu_filter]: Parameter RLController.pid_kp_ang set to 1.230000
[imu_filter_madgwick_node-3] [INFO] [1770696647.924539745] [imu_filter]: Parameter RLController.pid_ki_ang set to 0.000000
[imu_filter_madgwick_node-3] [INFO] [1770696647.924604770] [imu_filter]: Parameter RLController.pid_kd_ang set to 0.100079
[imu_filter_madgwick_node-3] [INFO] [1770696648.329039568] [imu_filter]: Parameter RLController.pid_kp_lin set to 1.204342
[imu_filter_madgwick_node-3] [INFO] [1770696648.329379064] [imu_filter]: Parameter RLController.pid_ki_lin set to 0.000000
[imu_filter_madgwick_node-3] [INFO] [1770696648.329471354] [imu_filter]: Parameter RLController.pid_kd_lin set to 0.027172
[imu_filter_madgwick_node-3] [INFO] [1770696648.329536251] [imu_filter]: Parameter RLController.pid_kp_ang set to 1.230000
[imu_filter_madgwick_node-3] [INFO] [1770696648.329596509] [imu_filter]: Parameter RLController.pid_ki_ang set to 0.000000
[imu_filter_madgwick_node-3] [INFO] [1770696648.329657854] [imu_filter]: Parameter RLController.pid_kd_ang set to 0.100173
[imu_filter_madgwick_node-3] [INFO] [1770696648.774102383] [imu_filter]: Parameter RLController.pid_kp_lin set to 1.204342
[imu_filter_madgwick_node-3] [INFO] [1770696648.774304980] [imu_filter]: Parameter RLController.pid_ki_lin set to 0.000000
[imu_filter_madgwick_node-3] [INFO] [1770696648.774498201] [imu_filter]: Parameter RLController.pid_kd_lin set to 0.027172
[imu_filter_madgwick_node-3] [INFO] [1770696648.774571034] [imu_filter]: Parameter RLController.pid_kp_ang set to 1.230000
[imu_filter_madgwick_node-3] [INFO] [1770696648.774635964] [imu_filter]: Parameter RLController.pid_ki_ang set to 0.000000
[imu_filter_madgwick_node-3] [INFO] [1770696648.774695229] [imu_filter]: Parameter RLController.pid_kd_ang set to 0.100252
[imu_filter_madgwick_node-3] [INFO] [1770696649.197538967] [imu_filter]: Parameter RLController.pid_kp_lin set to 1.204342
[imu_filter_madgwick_node-3] [INFO] [1770696649.197749020] [imu_filter]: Parameter RLController.pid_ki_lin set to 0.000000
[imu_filter_madgwick_node-3] [INFO] [1770696649.199697738] [imu_filter]: Parameter RLController.pid_kd_lin set to 0.027172
[imu_filter_madgwick_node-3] [INFO] [1770696649.199866957] [imu_filter]: Parameter RLController.pid_kp_ang set to 1.230000
[imu_filter_madgwick_node-3] [INFO] [1770696649.199941071] [imu_filter]: Parameter RLController.pid_ki_ang set to 0.000000
[imu_filter_madgwick_node-3] [INFO] [1770696649.200009073] [imu_filter]: Parameter RLController.pid_kd_ang set to 0.100317
[imu_filter_madgwick_node-3] [INFO] [1770696649.622346175] [imu_filter]: Parameter RLController.pid_kp_lin set to 1.204668
[imu_filter_madgwick_node-3] [INFO] [1770696649.622643110] [imu_filter]: Parameter RLController.pid_ki_lin set to 0.000000
[imu_filter_madgwick_node-3] [INFO] [1770696649.628231240] [imu_filter]: Parameter RLController.pid_kd_lin set to 0.026992
[imu_filter_madgwick_node-3] [INFO] [1770696649.628434317] [imu_filter]: Parameter RLController.pid_kp_ang set to 1.230267
[imu_filter_madgwick_node-3] [INFO] [1770696649.628504239] [imu_filter]: Parameter RLController.pid_ki_ang set to 0.000000
[imu_filter_madgwick_node-3] [INFO] [1770696649.628568688] [imu_filter]: Parameter RLController.pid_kd_ang set to 0.100263
[imu_filter_madgwick_node-3] [INFO] [1770696650.050388146] [imu_filter]: Parameter RLController.pid_kp_lin set to 1.205208
[imu_filter_madgwick_node-3] [INFO] [1770696650.050708026] [imu_filter]: Parameter RLController.pid_ki_lin set to 0.000000
[imu_filter_madgwick_node-3] [INFO] [1770696650.050821468] [imu_filter]: Parameter RLController.pid_kd_lin set to 0.026836
[imu_filter_madgwick_node-3] [INFO] [1770696650.050897054] [imu_filter]: Parameter RLController.pid_kp_ang set to 1.230267
[imu_filter_madgwick_node-3] [INFO] [1770696650.050955583] [imu_filter]: Parameter RLController.pid_ki_ang set to 0.000000
[imu_filter_madgwick_node-3] [INFO] [1770696650.051013729] [imu_filter]: Parameter RLController.pid_kd_ang set to 0.100263
[imu_filter_madgwick_node-3] [INFO] [1770696650.460804779] [imu_filter]: Parameter RLController.pid_kp_lin set to 1.205748
[imu_filter_madgwick_node-3] [INFO] [1770696650.460998831] [imu_filter]: Parameter RLController.pid_ki_lin set to 0.000000
[imu_filter_madgwick_node-3] [INFO] [1770696650.461069905] [imu_filter]: Parameter RLController.pid_kd_lin set to 0.026700
[imu_filter_madgwick_node-3] [INFO] [1770696650.461135763] [imu_filter]: Parameter RLController.pid_kp_ang set to 1.230267
[imu_filter_madgwick_node-3] [INFO] [1770696650.461193332] [imu_filter]: Parameter RLController.pid_ki_ang set to 0.000000
[imu_filter_madgwick_node-3] [INFO] [1770696650.461253525] [imu_filter]: Parameter RLController.pid_kd_ang set to 0.100263
[imu_filter_madgwick_node-3] [INFO] [1770696650.900143653] [imu_filter]: Parameter RLController.pid_kp_lin set to 1.206275
[imu_filter_madgwick_node-3] [INFO] [1770696650.900359178] [imu_filter]: Parameter RLController.pid_ki_lin set to 0.000000
[imu_filter_madgwick_node-3] [INFO] [1770696650.900431884] [imu_filter]: Parameter RLController.pid_kd_lin set to 0.026579
[imu_filter_madgwick_node-3] [INFO] [1770696650.900494285] [imu_filter]: Parameter RLController.pid_kp_ang set to 1.230267
[imu_filter_madgwick_node-3] [INFO] [1770696650.900553839] [imu_filter]: Parameter RLController.pid_ki_ang set to 0.000000
[imu_filter_madgwick_node-3] [INFO] [1770696650.900611056] [imu_filter]: Parameter RLController.pid_kd_ang set to 0.100263
[imu_filter_madgwick_node-3] [INFO] [1770696651.350785703] [imu_filter]: Parameter RLController.pid_kp_lin set to 1.206767
[imu_filter_madgwick_node-3] [INFO] [1770696651.351045357] [imu_filter]: Parameter RLController.pid_ki_lin set to 0.000000
[imu_filter_madgwick_node-3] [INFO] [1770696651.351128655] [imu_filter]: Parameter RLController.pid_kd_lin set to 0.026474
[imu_filter_madgwick_node-3] [INFO] [1770696651.351191120] [imu_filter]: Parameter RLController.pid_kp_ang set to 1.230267
[imu_filter_madgwick_node-3] [INFO] [1770696651.351247090] [imu_filter]: Parameter RLController.pid_ki_ang set to 0.000000
[imu_filter_madgwick_node-3] [INFO] [1770696651.351302355] [imu_filter]: Parameter RLController.pid_kd_ang set to 0.100263
[imu_filter_madgwick_node-3] [INFO] [1770696651.773332602] [imu_filter]: Parameter RLController.pid_kp_lin set to 1.207183
[imu_filter_madgwick_node-3] [INFO] [1770696651.773529471] [imu_filter]: Parameter RLController.pid_ki_lin set to 0.000000
[imu_filter_madgwick_node-3] [INFO] [1770696651.773600736] [imu_filter]: Parameter RLController.pid_kd_lin set to 0.026382
[imu_filter_madgwick_node-3] [INFO] [1770696651.773663490] [imu_filter]: Parameter RLController.pid_kp_ang set to 1.230267
[imu_filter_madgwick_node-3] [INFO] [1770696651.773836006] [imu_filter]: Parameter RLController.pid_ki_ang set to 0.000000
[imu_filter_madgwick_node-3] [INFO] [1770696651.773898567] [imu_filter]: Parameter RLController.pid_kd_ang set to 0.100263
[imu_filter_madgwick_node-3] [INFO] [1770696652.187803313] [imu_filter]: Parameter RLController.pid_kp_lin set to 1.207544
[imu_filter_madgwick_node-3] [INFO] [1770696652.188150425] [imu_filter]: Parameter RLController.pid_ki_lin set to 0.000000
[imu_filter_madgwick_node-3] [INFO] [1770696652.188314173] [imu_filter]: Parameter RLController.pid_kd_lin set to 0.026297
[imu_filter_madgwick_node-3] [INFO] [1770696652.188389183] [imu_filter]: Parameter RLController.pid_kp_ang set to 1.230267
[imu_filter_madgwick_node-3] [INFO] [1770696652.188449792] [imu_filter]: Parameter RLController.pid_ki_ang set to 0.000000
[imu_filter_madgwick_node-3] [INFO] [1770696652.188511682] [imu_filter]: Parameter RLController.pid_kd_ang set to 0.100263
[imu_filter_madgwick_node-3] [INFO] [1770696652.597322325] [imu_filter]: Parameter RLController.pid_kp_lin set to 1.207888
[imu_filter_madgwick_node-3] [INFO] [1770696652.601421940] [imu_filter]: Parameter RLController.pid_ki_lin set to 0.000000
[imu_filter_madgwick_node-3] [INFO] [1770696652.601625785] [imu_filter]: Parameter RLController.pid_kd_lin set to 0.026227
[imu_filter_madgwick_node-3] [INFO] [1770696652.601696155] [imu_filter]: Parameter RLController.pid_kp_ang set to 1.230267
[imu_filter_madgwick_node-3] [INFO] [1770696652.601755676] [imu_filter]: Parameter RLController.pid_ki_ang set to 0.000000
[imu_filter_madgwick_node-3] [INFO] [1770696652.601812285] [imu_filter]: Parameter RLController.pid_kd_ang set to 0.100263
[imu_filter_madgwick_node-3] [INFO] [1770696653.022040571] [imu_filter]: Parameter RLController.pid_kp_lin set to 1.208183
[imu_filter_madgwick_node-3] [INFO] [1770696653.022480645] [imu_filter]: Parameter RLController.pid_ki_lin set to 0.000000
[imu_filter_madgwick_node-3] [INFO] [1770696653.022571527] [imu_filter]: Parameter RLController.pid_kd_lin set to 0.026156
[imu_filter_madgwick_node-3] [INFO] [1770696653.022637768] [imu_filter]: Parameter RLController.pid_kp_ang set to 1.230267
[imu_filter_madgwick_node-3] [INFO] [1770696653.022693194] [imu_filter]: Parameter RLController.pid_ki_ang set to 0.000000
[imu_filter_madgwick_node-3] [INFO] [1770696653.022754379] [imu_filter]: Parameter RLController.pid_kd_ang set to 0.100263
[imu_filter_madgwick_node-3] [INFO] [1770696653.435074416] [imu_filter]: Parameter RLController.pid_kp_lin set to 1.208453
[imu_filter_madgwick_node-3] [INFO] [1770696653.435271317] [imu_filter]: Parameter RLController.pid_ki_lin set to 0.000000
[imu_filter_madgwick_node-3] [INFO] [1770696653.435346710] [imu_filter]: Parameter RLController.pid_kd_lin set to 0.026089
[imu_filter_madgwick_node-3] [INFO] [1770696653.438274619] [imu_filter]: Parameter RLController.pid_kp_ang set to 1.230267
[imu_filter_madgwick_node-3] [INFO] [1770696653.438579426] [imu_filter]: Parameter RLController.pid_ki_ang set to 0.000000
[imu_filter_madgwick_node-3] [INFO] [1770696653.438659044] [imu_filter]: Parameter RLController.pid_kd_ang set to 0.100263
[imu_filter_madgwick_node-3] [INFO] [1770696653.859657555] [imu_filter]: Parameter RLController.pid_kp_lin set to 1.208713
[imu_filter_madgwick_node-3] [INFO] [1770696653.859867384] [imu_filter]: Parameter RLController.pid_ki_lin set to 0.000000
[imu_filter_madgwick_node-3] [INFO] [1770696653.862380562] [imu_filter]: Parameter RLController.pid_kd_lin set to 0.026031
[imu_filter_madgwick_node-3] [INFO] [1770696653.862568567] [imu_filter]: Parameter RLController.pid_kp_ang set to 1.230267
[imu_filter_madgwick_node-3] [INFO] [1770696653.862636856] [imu_filter]: Parameter RLController.pid_ki_ang set to 0.000000
[imu_filter_madgwick_node-3] [INFO] [1770696653.862694041] [imu_filter]: Parameter RLController.pid_kd_ang set to 0.100263
[imu_filter_madgwick_node-3] [INFO] [1770696654.284485787] [imu_filter]: Parameter RLController.pid_kp_lin set to 1.208934
[imu_filter_madgwick_node-3] [INFO] [1770696654.284848355] [imu_filter]: Parameter RLController.pid_ki_lin set to 0.000000
[imu_filter_madgwick_node-3] [INFO] [1770696654.284927813] [imu_filter]: Parameter RLController.pid_kd_lin set to 0.025981
[imu_filter_madgwick_node-3] [INFO] [1770696654.284992423] [imu_filter]: Parameter RLController.pid_kp_ang set to 1.230267
[imu_filter_madgwick_node-3] [INFO] [1770696654.285052424] [imu_filter]: Parameter RLController.pid_ki_ang set to 0.000000
[imu_filter_madgwick_node-3] [INFO] [1770696654.285111050] [imu_filter]: Parameter RLController.pid_kd_ang set to 0.100263
[imu_filter_madgwick_node-3] [INFO] [1770696654.699873031] [imu_filter]: Parameter RLController.pid_kp_lin set to 1.209122
[imu_filter_madgwick_node-3] [INFO] [1770696654.700090061] [imu_filter]: Parameter RLController.pid_ki_lin set to 0.000000
[imu_filter_madgwick_node-3] [INFO] [1770696654.700160398] [imu_filter]: Parameter RLController.pid_kd_lin set to 0.025981
[imu_filter_madgwick_node-3] [INFO] [1770696654.700288369] [imu_filter]: Parameter RLController.pid_kp_ang set to 1.230267
[imu_filter_madgwick_node-3] [INFO] [1770696654.700353395] [imu_filter]: Parameter RLController.pid_ki_ang set to 0.000000
[imu_filter_madgwick_node-3] [INFO] [1770696654.700411764] [imu_filter]: Parameter RLController.pid_kd_ang set to 0.100263
[imu_filter_madgwick_node-3] [INFO] [1770696655.114588868] [imu_filter]: Parameter RLController.pid_kp_lin set to 1.209321
[imu_filter_madgwick_node-3] [INFO] [1770696655.114813033] [imu_filter]: Parameter RLController.pid_ki_lin set to 0.000000
[imu_filter_madgwick_node-3] [INFO] [1770696655.114888011] [imu_filter]: Parameter RLController.pid_kd_lin set to 0.025931
[imu_filter_madgwick_node-3] [INFO] [1770696655.114948781] [imu_filter]: Parameter RLController.pid_kp_ang set to 1.230267
[imu_filter_madgwick_node-3] [INFO] [1770696655.115009454] [imu_filter]: Parameter RLController.pid_ki_ang set to 0.000000
[imu_filter_madgwick_node-3] [INFO] [1770696655.115726687] [imu_filter]: Parameter RLController.pid_kd_ang set to 0.100263
[imu_filter_madgwick_node-3] [INFO] [1770696655.535050535] [imu_filter]: Parameter RLController.pid_kp_lin set to 1.209484
[imu_filter_madgwick_node-3] [INFO] [1770696655.535263692] [imu_filter]: Parameter RLController.pid_ki_lin set to 0.000000
[imu_filter_madgwick_node-3] [INFO] [1770696655.535334957] [imu_filter]: Parameter RLController.pid_kd_lin set to 0.025931
[imu_filter_madgwick_node-3] [INFO] [1770696655.535405519] [imu_filter]: Parameter RLController.pid_kp_ang set to 1.230267
[imu_filter_madgwick_node-3] [INFO] [1770696655.535466417] [imu_filter]: Parameter RLController.pid_ki_ang set to 0.000000
[imu_filter_madgwick_node-3] [INFO] [1770696655.535528242] [imu_filter]: Parameter RLController.pid_kd_ang set to 0.100263
[imu_filter_madgwick_node-3] [INFO] [1770696655.948514214] [imu_filter]: Parameter RLController.pid_kp_lin set to 1.209484
[imu_filter_madgwick_node-3] [INFO] [1770696655.948701931] [imu_filter]: Parameter RLController.pid_ki_lin set to 0.000000
[imu_filter_madgwick_node-3] [INFO] [1770696655.948774956] [imu_filter]: Parameter RLController.pid_kd_lin set to 0.025931
[imu_filter_madgwick_node-3] [INFO] [1770696655.948842030] [imu_filter]: Parameter RLController.pid_kp_ang set to 1.230267
[imu_filter_madgwick_node-3] [INFO] [1770696655.948903471] [imu_filter]: Parameter RLController.pid_ki_ang set to 0.000000
[imu_filter_madgwick_node-3] [INFO] [1770696655.948963153] [imu_filter]: Parameter RLController.pid_kd_ang set to 0.100263
[imu_filter_madgwick_node-3] [INFO] [1770696656.370272871] [imu_filter]: Parameter RLController.pid_kp_lin set to 1.209484
[imu_filter_madgwick_node-3] [INFO] [1770696656.370484044] [imu_filter]: Parameter RLController.pid_ki_lin set to 0.000000
[imu_filter_madgwick_node-3] [INFO] [1770696656.370559502] [imu_filter]: Parameter RLController.pid_kd_lin set to 0.025931
[imu_filter_madgwick_node-3] [INFO] [1770696656.370621103] [imu_filter]: Parameter RLController.pid_kp_ang set to 1.230267
[imu_filter_madgwick_node-3] [INFO] [1770696656.370678737] [imu_filter]: Parameter RLController.pid_ki_ang set to 0.000000
[imu_filter_madgwick_node-3] [INFO] [1770696656.372659295] [imu_filter]: Parameter RLController.pid_kd_ang set to 0.100263
[imu_filter_madgwick_node-3] [INFO] [1770696656.796543057] [imu_filter]: Parameter RLController.pid_kp_lin set to 1.209484
[imu_filter_madgwick_node-3] [INFO] [1770696656.796745366] [imu_filter]: Parameter RLController.pid_ki_lin set to 0.000000
[imu_filter_madgwick_node-3] [INFO] [1770696656.797613290] [imu_filter]: Parameter RLController.pid_kd_lin set to 0.025931
[imu_filter_madgwick_node-3] [INFO] [1770696656.797928817] [imu_filter]: Parameter RLController.pid_kp_ang set to 1.230267
[imu_filter_madgwick_node-3] [INFO] [1770696656.798013235] [imu_filter]: Parameter RLController.pid_ki_ang set to 0.000000
[imu_filter_madgwick_node-3] [INFO] [1770696656.798076053] [imu_filter]: Parameter RLController.pid_kd_ang set to 0.100326
[imu_filter_madgwick_node-3] [INFO] [1770696657.224291773] [imu_filter]: Parameter RLController.pid_kp_lin set to 1.209484
[imu_filter_madgwick_node-3] [INFO] [1770696657.224499970] [imu_filter]: Parameter RLController.pid_ki_lin set to 0.000000
[imu_filter_madgwick_node-3] [INFO] [1770696657.224572900] [imu_filter]: Parameter RLController.pid_kd_lin set to 0.025931
[imu_filter_madgwick_node-3] [INFO] [1770696657.224654854] [imu_filter]: Parameter RLController.pid_kp_ang set to 1.230465
[imu_filter_madgwick_node-3] [INFO] [1770696657.224717511] [imu_filter]: Parameter RLController.pid_ki_ang set to 0.000000
[imu_filter_madgwick_node-3] [INFO] [1770696657.224776201] [imu_filter]: Parameter RLController.pid_kd_ang set to 0.100205
[imu_filter_madgwick_node-3] [INFO] [1770696657.636759430] [imu_filter]: Parameter RLController.pid_kp_lin set to 1.209484
[imu_filter_madgwick_node-3] [INFO] [1770696657.636971467] [imu_filter]: Parameter RLController.pid_ki_lin set to 0.000000
[imu_filter_madgwick_node-3] [INFO] [1770696657.637039948] [imu_filter]: Parameter RLController.pid_kd_lin set to 0.025931
[imu_filter_madgwick_node-3] [INFO] [1770696657.643979054] [imu_filter]: Parameter RLController.pid_kp_ang set to 1.230465
[imu_filter_madgwick_node-3] [INFO] [1770696657.644356535] [imu_filter]: Parameter RLController.pid_ki_ang set to 0.000000
[imu_filter_madgwick_node-3] [INFO] [1770696657.644446233] [imu_filter]: Parameter RLController.pid_kd_ang set to 0.100316
[imu_filter_madgwick_node-3] [INFO] [1770696658.456964808] [imu_filter]: Parameter RLController.pid_kp_lin set to 1.209484
[imu_filter_madgwick_node-3] [INFO] [1770696658.460424729] [imu_filter]: Parameter RLController.pid_ki_lin set to 0.000000
[imu_filter_madgwick_node-3] [INFO] [1770696658.460608733] [imu_filter]: Parameter RLController.pid_kd_lin set to 0.025931
[imu_filter_madgwick_node-3] [INFO] [1770696658.460677503] [imu_filter]: Parameter RLController.pid_kp_ang set to 1.230667
[imu_filter_madgwick_node-3] [INFO] [1770696658.460734272] [imu_filter]: Parameter RLController.pid_ki_ang set to 0.000000
[imu_filter_madgwick_node-3] [INFO] [1770696658.460789634] [imu_filter]: Parameter RLController.pid_kd_ang set to 0.100200
[imu_filter_madgwick_node-3] [INFO] [1770696658.890134387] [imu_filter]: Parameter RLController.pid_kp_lin set to 1.209200
[imu_filter_madgwick_node-3] [INFO] [1770696658.890335480] [imu_filter]: Parameter RLController.pid_ki_lin set to 0.000000
[imu_filter_madgwick_node-3] [INFO] [1770696658.890404665] [imu_filter]: Parameter RLController.pid_kd_lin set to 0.025982
[imu_filter_madgwick_node-3] [INFO] [1770696658.890462843] [imu_filter]: Parameter RLController.pid_kp_ang set to 1.230667
[imu_filter_madgwick_node-3] [INFO] [1770696658.890519612] [imu_filter]: Parameter RLController.pid_ki_ang set to 0.000000
[imu_filter_madgwick_node-3] [INFO] [1770696658.890579037] [imu_filter]: Parameter RLController.pid_kd_ang set to 0.100200
[imu_filter_madgwick_node-3] [INFO] [1770696659.313237043] [imu_filter]: Parameter RLController.pid_kp_lin set to 1.209200
[imu_filter_madgwick_node-3] [INFO] [1770696659.314944763] [imu_filter]: Parameter RLController.pid_ki_lin set to 0.000000
[imu_filter_madgwick_node-3] [INFO] [1770696659.315129983] [imu_filter]: Parameter RLController.pid_kd_lin set to 0.025982
[imu_filter_madgwick_node-3] [INFO] [1770696659.315217889] [imu_filter]: Parameter RLController.pid_kp_ang set to 1.230667
[imu_filter_madgwick_node-3] [INFO] [1770696659.315284291] [imu_filter]: Parameter RLController.pid_ki_ang set to 0.000000
[imu_filter_madgwick_node-3] [INFO] [1770696659.315348900] [imu_filter]: Parameter RLController.pid_kd_ang set to 0.100200
[imu_filter_madgwick_node-3] [INFO] [1770696659.725389620] [imu_filter]: Parameter RLController.pid_kp_lin set to 1.209200
[imu_filter_madgwick_node-3] [INFO] [1770696659.725577049] [imu_filter]: Parameter RLController.pid_ki_lin set to 0.000000
[imu_filter_madgwick_node-3] [INFO] [1770696659.726688723] [imu_filter]: Parameter RLController.pid_kd_lin set to 0.025982
[imu_filter_madgwick_node-3] [INFO] [1770696659.726834614] [imu_filter]: Parameter RLController.pid_kp_ang set to 1.230667
[imu_filter_madgwick_node-3] [INFO] [1770696659.726909848] [imu_filter]: Parameter RLController.pid_ki_ang set to 0.000000
[imu_filter_madgwick_node-3] [INFO] [1770696659.726967961] [imu_filter]: Parameter RLController.pid_kd_ang set to 0.100308
[imu_filter_madgwick_node-3] [INFO] [1770696660.138276710] [imu_filter]: Parameter RLController.pid_kp_lin set to 1.209200
[imu_filter_madgwick_node-3] [INFO] [1770696660.138509708] [imu_filter]: Parameter RLController.pid_ki_lin set to 0.000000
[imu_filter_madgwick_node-3] [INFO] [1770696660.138590158] [imu_filter]: Parameter RLController.pid_kd_lin set to 0.025982
[imu_filter_madgwick_node-3] [INFO] [1770696660.138654479] [imu_filter]: Parameter RLController.pid_kp_ang set to 1.230854
[imu_filter_madgwick_node-3] [INFO] [1770696660.138718225] [imu_filter]: Parameter RLController.pid_ki_ang set to 0.000000
[imu_filter_madgwick_node-3] [INFO] [1770696660.138777618] [imu_filter]: Parameter RLController.pid_kd_ang set to 0.100188
[imu_filter_madgwick_node-3] [INFO] [1770696660.566752900] [imu_filter]: Parameter RLController.pid_kp_lin set to 1.209377
[imu_filter_madgwick_node-3] [INFO] [1770696660.566952424] [imu_filter]: Parameter RLController.pid_ki_lin set to 0.000000
[imu_filter_madgwick_node-3] [INFO] [1770696660.567035786] [imu_filter]: Parameter RLController.pid_kd_lin set to 0.025891
[imu_filter_madgwick_node-3] [INFO] [1770696660.569385697] [imu_filter]: Parameter RLController.pid_kp_ang set to 1.231081
[imu_filter_madgwick_node-3] [INFO] [1770696660.569574725] [imu_filter]: Parameter RLController.pid_ki_ang set to 0.000000
[imu_filter_madgwick_node-3] [INFO] [1770696660.569641863] [imu_filter]: Parameter RLController.pid_kd_ang set to 0.100113
[imu_filter_madgwick_node-3] [INFO] [1770696660.979989790] [imu_filter]: Parameter RLController.pid_kp_lin set to 1.209695
[imu_filter_madgwick_node-3] [INFO] [1770696660.980174530] [imu_filter]: Parameter RLController.pid_ki_lin set to 0.000000
[imu_filter_madgwick_node-3] [INFO] [1770696660.980278021] [imu_filter]: Parameter RLController.pid_kd_lin set to 0.025784
[imu_filter_madgwick_node-3] [INFO] [1770696660.980344870] [imu_filter]: Parameter RLController.pid_kp_ang set to 1.231271
[imu_filter_madgwick_node-3] [INFO] [1770696660.980409352] [imu_filter]: Parameter RLController.pid_ki_ang set to 0.000000
[imu_filter_madgwick_node-3] [INFO] [1770696660.980468297] [imu_filter]: Parameter RLController.pid_kd_ang set to 0.100024
[imu_filter_madgwick_node-3] [INFO] [1770696661.423970501] [imu_filter]: Parameter RLController.pid_kp_lin set to 1.209864
[imu_filter_madgwick_node-3] [INFO] [1770696661.424219114] [imu_filter]: Parameter RLController.pid_ki_lin set to 0.000000
[imu_filter_madgwick_node-3] [INFO] [1770696661.424421199] [imu_filter]: Parameter RLController.pid_kd_lin set to 0.025883
[imu_filter_madgwick_node-3] [INFO] [1770696661.424616468] [imu_filter]: Parameter RLController.pid_kp_ang set to 1.230952
[imu_filter_madgwick_node-3] [INFO] [1770696661.424680693] [imu_filter]: Parameter RLController.pid_ki_ang set to 0.000000
[imu_filter_madgwick_node-3] [INFO] [1770696661.424738166] [imu_filter]: Parameter RLController.pid_kd_ang set to 0.100024
[imu_filter_madgwick_node-3] [INFO] [1770696661.848037179] [imu_filter]: Parameter RLController.pid_kp_lin set to 1.209864
[imu_filter_madgwick_node-3] [INFO] [1770696661.848267744] [imu_filter]: Parameter RLController.pid_ki_lin set to 0.000000
[imu_filter_madgwick_node-3] [INFO] [1770696661.848358531] [imu_filter]: Parameter RLController.pid_kd_lin set to 0.025883
[imu_filter_madgwick_node-3] [INFO] [1770696661.848424964] [imu_filter]: Parameter RLController.pid_kp_ang set to 1.230952
[imu_filter_madgwick_node-3] [INFO] [1770696661.848481253] [imu_filter]: Parameter RLController.pid_ki_ang set to 0.000000
[imu_filter_madgwick_node-3] [INFO] [1770696661.848534759] [imu_filter]: Parameter RLController.pid_kd_ang set to 0.100024
[imu_filter_madgwick_node-3] [INFO] [1770696662.258352625] [imu_filter]: Parameter RLController.pid_kp_lin set to 1.210093
[imu_filter_madgwick_node-3] [INFO] [1770696662.258548278] [imu_filter]: Parameter RLController.pid_ki_lin set to 0.000000
[imu_filter_madgwick_node-3] [INFO] [1770696662.258623992] [imu_filter]: Parameter RLController.pid_kd_lin set to 0.025883
[imu_filter_madgwick_node-3] [INFO] [1770696662.258724442] [imu_filter]: Parameter RLController.pid_kp_ang set to 1.230952
[imu_filter_madgwick_node-3] [INFO] [1770696662.258785179] [imu_filter]: Parameter RLController.pid_ki_ang set to 0.000000
[imu_filter_madgwick_node-3] [INFO] [1770696662.258844989] [imu_filter]: Parameter RLController.pid_kd_ang set to 0.100024
[imu_filter_madgwick_node-3] [INFO] [1770696662.688223407] [imu_filter]: Parameter RLController.pid_kp_lin set to 1.210362
[imu_filter_madgwick_node-3] [INFO] [1770696662.690980111] [imu_filter]: Parameter RLController.pid_ki_lin set to 0.000000
[imu_filter_madgwick_node-3] [INFO] [1770696662.691286518] [imu_filter]: Parameter RLController.pid_kd_lin set to 0.025883
[imu_filter_madgwick_node-3] [INFO] [1770696662.691368088] [imu_filter]: Parameter RLController.pid_kp_ang set to 1.230952
[imu_filter_madgwick_node-3] [INFO] [1770696662.691425082] [imu_filter]: Parameter RLController.pid_ki_ang set to 0.000000
[imu_filter_madgwick_node-3] [INFO] [1770696662.691479643] [imu_filter]: Parameter RLController.pid_kd_ang set to 0.100024
[imu_filter_madgwick_node-3] [INFO] [1770696663.111957886] [imu_filter]: Parameter RLController.pid_kp_lin set to 1.210622
[imu_filter_madgwick_node-3] [INFO] [1770696663.116291811] [imu_filter]: Parameter RLController.pid_ki_lin set to 0.000000
[imu_filter_madgwick_node-3] [INFO] [1770696663.116471847] [imu_filter]: Parameter RLController.pid_kd_lin set to 0.025825
[imu_filter_madgwick_node-3] [INFO] [1770696663.116540073] [imu_filter]: Parameter RLController.pid_kp_ang set to 1.230952
[imu_filter_madgwick_node-3] [INFO] [1770696663.116600074] [imu_filter]: Parameter RLController.pid_ki_ang set to 0.000000
[imu_filter_madgwick_node-3] [INFO] [1770696663.116655979] [imu_filter]: Parameter RLController.pid_kd_ang set to 0.100024
[imu_filter_madgwick_node-3] [INFO] [1770696663.532776905] [imu_filter]: Parameter RLController.pid_kp_lin set to 1.210891
[imu_filter_madgwick_node-3] [INFO] [1770696663.532968141] [imu_filter]: Parameter RLController.pid_ki_lin set to 0.000000
[imu_filter_madgwick_node-3] [INFO] [1770696663.535069022] [imu_filter]: Parameter RLController.pid_kd_lin set to 0.025763
[imu_filter_madgwick_node-3] [INFO] [1770696663.535231554] [imu_filter]: Parameter RLController.pid_kp_ang set to 1.230952
[imu_filter_madgwick_node-3] [INFO] [1770696663.535431303] [imu_filter]: Parameter RLController.pid_ki_ang set to 0.000000
[imu_filter_madgwick_node-3] [INFO] [1770696663.535497704] [imu_filter]: Parameter RLController.pid_kd_ang set to 0.100024
[imu_filter_madgwick_node-3] [INFO] [1770696663.947127261] [imu_filter]: Parameter RLController.pid_kp_lin set to 1.211178
[imu_filter_madgwick_node-3] [INFO] [1770696663.947329378] [imu_filter]: Parameter RLController.pid_ki_lin set to 0.000000
[imu_filter_madgwick_node-3] [INFO] [1770696663.947399748] [imu_filter]: Parameter RLController.pid_kd_lin set to 0.025699
[imu_filter_madgwick_node-3] [INFO] [1770696663.947484869] [imu_filter]: Parameter RLController.pid_kp_ang set to 1.230952
[imu_filter_madgwick_node-3] [INFO] [1770696663.947549831] [imu_filter]: Parameter RLController.pid_ki_ang set to 0.000000
[imu_filter_madgwick_node-3] [INFO] [1770696663.947880015] [imu_filter]: Parameter RLController.pid_kd_ang set to 0.100024
[imu_filter_madgwick_node-3] [INFO] [1770696664.364513272] [imu_filter]: Parameter RLController.pid_kp_lin set to 1.211450
[imu_filter_madgwick_node-3] [INFO] [1770696664.364717853] [imu_filter]: Parameter RLController.pid_ki_lin set to 0.000000
[imu_filter_madgwick_node-3] [INFO] [1770696664.364791327] [imu_filter]: Parameter RLController.pid_kd_lin set to 0.025635
[imu_filter_madgwick_node-3] [INFO] [1770696664.364860096] [imu_filter]: Parameter RLController.pid_kp_ang set to 1.230952
[imu_filter_madgwick_node-3] [INFO] [1770696664.365051269] [imu_filter]: Parameter RLController.pid_ki_ang set to 0.000000
[imu_filter_madgwick_node-3] [INFO] [1770696664.365116582] [imu_filter]: Parameter RLController.pid_kd_ang set to 0.100024
[imu_filter_madgwick_node-3] [INFO] [1770696664.782654821] [imu_filter]: Parameter RLController.pid_kp_lin set to 1.211722
[imu_filter_madgwick_node-3] [INFO] [1770696664.784331500] [imu_filter]: Parameter RLController.pid_ki_lin set to 0.000000
[imu_filter_madgwick_node-3] [INFO] [1770696664.784503696] [imu_filter]: Parameter RLController.pid_kd_lin set to 0.025570
[imu_filter_madgwick_node-3] [INFO] [1770696664.785080317] [imu_filter]: Parameter RLController.pid_kp_ang set to 1.230952
[imu_filter_madgwick_node-3] [INFO] [1770696664.785475206] [imu_filter]: Parameter RLController.pid_ki_ang set to 0.000000
[imu_filter_madgwick_node-3] [INFO] [1770696664.785572617] [imu_filter]: Parameter RLController.pid_kd_ang set to 0.100024
[imu_filter_madgwick_node-3] [INFO] [1770696665.197071290] [imu_filter]: Parameter RLController.pid_kp_lin set to 1.212001
[imu_filter_madgwick_node-3] [INFO] [1770696665.203115111] [imu_filter]: Parameter RLController.pid_ki_lin set to 0.000000
[imu_filter_madgwick_node-3] [INFO] [1770696665.203365069] [imu_filter]: Parameter RLController.pid_kd_lin set to 0.025513
[imu_filter_madgwick_node-3] [INFO] [1770696665.203444111] [imu_filter]: Parameter RLController.pid_kp_ang set to 1.230952
[imu_filter_madgwick_node-3] [INFO] [1770696665.203508976] [imu_filter]: Parameter RLController.pid_ki_ang set to 0.000000
[imu_filter_madgwick_node-3] [INFO] [1770696665.203572690] [imu_filter]: Parameter RLController.pid_kd_ang set to 0.100024
[imu_filter_madgwick_node-3] [INFO] [1770696665.613761221] [imu_filter]: Parameter RLController.pid_kp_lin set to 1.212252
[imu_filter_madgwick_node-3] [INFO] [1770696665.613950282] [imu_filter]: Parameter RLController.pid_ki_lin set to 0.000000
[imu_filter_madgwick_node-3] [INFO] [1770696665.614015339] [imu_filter]: Parameter RLController.pid_kd_lin set to 0.025453
[imu_filter_madgwick_node-3] [INFO] [1770696665.614076653] [imu_filter]: Parameter RLController.pid_kp_ang set to 1.230952
[imu_filter_madgwick_node-3] [INFO] [1770696665.614132398] [imu_filter]: Parameter RLController.pid_ki_ang set to 0.000000
[imu_filter_madgwick_node-3] [INFO] [1770696665.614181199] [imu_filter]: Parameter RLController.pid_kd_ang set to 0.100024
[imu_filter_madgwick_node-3] [INFO] [1770696666.036041682] [imu_filter]: Parameter RLController.pid_kp_lin set to 1.212501
[imu_filter_madgwick_node-3] [INFO] [1770696666.036298776] [imu_filter]: Parameter RLController.pid_ki_lin set to 0.000000
[imu_filter_madgwick_node-3] [INFO] [1770696666.036381786] [imu_filter]: Parameter RLController.pid_kd_lin set to 0.025391
[imu_filter_madgwick_node-3] [INFO] [1770696666.036446620] [imu_filter]: Parameter RLController.pid_kp_ang set to 1.230952
[imu_filter_madgwick_node-3] [INFO] [1770696666.036506429] [imu_filter]: Parameter RLController.pid_ki_ang set to 0.000000
[imu_filter_madgwick_node-3] [INFO] [1770696666.036563774] [imu_filter]: Parameter RLController.pid_kd_ang set to 0.100024
[imu_filter_madgwick_node-3] [INFO] [1770696666.456350769] [imu_filter]: Parameter RLController.pid_kp_lin set to 1.212747
[imu_filter_madgwick_node-3] [INFO] [1770696666.456573974] [imu_filter]: Parameter RLController.pid_ki_lin set to 0.000000
[imu_filter_madgwick_node-3] [INFO] [1770696666.460725239] [imu_filter]: Parameter RLController.pid_kd_lin set to 0.025330
[imu_filter_madgwick_node-3] [INFO] [1770696666.460906843] [imu_filter]: Parameter RLController.pid_kp_ang set to 1.230952
[imu_filter_madgwick_node-3] [INFO] [1770696666.460981469] [imu_filter]: Parameter RLController.pid_ki_ang set to 0.000000
[imu_filter_madgwick_node-3] [INFO] [1770696666.461043583] [imu_filter]: Parameter RLController.pid_kd_ang set to 0.100024
[imu_filter_madgwick_node-3] [INFO] [1770696666.882784511] [imu_filter]: Parameter RLController.pid_kp_lin set to 1.213001
[imu_filter_madgwick_node-3] [INFO] [1770696666.882987204] [imu_filter]: Parameter RLController.pid_ki_lin set to 0.000000
[imu_filter_madgwick_node-3] [INFO] [1770696666.900903973] [imu_filter]: Parameter RLController.pid_kd_lin set to 0.025269
[imu_filter_madgwick_node-3] [INFO] [1770696666.901205900] [imu_filter]: Parameter RLController.pid_kp_ang set to 1.230952
[imu_filter_madgwick_node-3] [INFO] [1770696666.901325231] [imu_filter]: Parameter RLController.pid_ki_ang set to 0.000000
[imu_filter_madgwick_node-3] [INFO] [1770696666.901418993] [imu_filter]: Parameter RLController.pid_kd_ang set to 0.100024
[imu_filter_madgwick_node-3] [INFO] [1770696667.302941370] [imu_filter]: Parameter RLController.pid_kp_lin set to 1.213251
[imu_filter_madgwick_node-3] [INFO] [1770696667.303163744] [imu_filter]: Parameter RLController.pid_ki_lin set to 0.000000
[imu_filter_madgwick_node-3] [INFO] [1770696667.303232801] [imu_filter]: Parameter RLController.pid_kd_lin set to 0.025208
[imu_filter_madgwick_node-3] [INFO] [1770696667.303292963] [imu_filter]: Parameter RLController.pid_kp_ang set to 1.230952
[imu_filter_madgwick_node-3] [INFO] [1770696667.303349764] [imu_filter]: Parameter RLController.pid_ki_ang set to 0.000000
[imu_filter_madgwick_node-3] [INFO] [1770696667.303401829] [imu_filter]: Parameter RLController.pid_kd_ang set to 0.100024
[imu_filter_madgwick_node-3] [INFO] [1770696667.714705970] [imu_filter]: Parameter RLController.pid_kp_lin set to 1.213520
[imu_filter_madgwick_node-3] [INFO] [1770696667.714901623] [imu_filter]: Parameter RLController.pid_ki_lin set to 0.000000
[imu_filter_madgwick_node-3] [INFO] [1770696667.714976057] [imu_filter]: Parameter RLController.pid_kd_lin set to 0.025147
[imu_filter_madgwick_node-3] [INFO] [1770696667.715035866] [imu_filter]: Parameter RLController.pid_kp_ang set to 1.230952
[imu_filter_madgwick_node-3] [INFO] [1770696667.715088603] [imu_filter]: Parameter RLController.pid_ki_ang set to 0.000000
[imu_filter_madgwick_node-3] [INFO] [1770696667.715142877] [imu_filter]: Parameter RLController.pid_kd_ang set to 0.100024
[imu_filter_madgwick_node-3] [INFO] [1770696668.142067094] [imu_filter]: Parameter RLController.pid_kp_lin set to 1.213779
[imu_filter_madgwick_node-3] [INFO] [1770696668.142270043] [imu_filter]: Parameter RLController.pid_ki_lin set to 0.000000
[imu_filter_madgwick_node-3] [INFO] [1770696668.142338556] [imu_filter]: Parameter RLController.pid_kd_lin set to 0.025086
[imu_filter_madgwick_node-3] [INFO] [1770696668.142405118] [imu_filter]: Parameter RLController.pid_kp_ang set to 1.230952
[imu_filter_madgwick_node-3] [INFO] [1770696668.142462367] [imu_filter]: Parameter RLController.pid_ki_ang set to 0.000000
[imu_filter_madgwick_node-3] [INFO] [1770696668.142516032] [imu_filter]: Parameter RLController.pid_kd_ang set to 0.100024
[imu_filter_madgwick_node-3] [INFO] [1770696668.564872559] [imu_filter]: Parameter RLController.pid_kp_lin set to 1.214016
[imu_filter_madgwick_node-3] [INFO] [1770696668.565090004] [imu_filter]: Parameter RLController.pid_ki_lin set to 0.000000
[imu_filter_madgwick_node-3] [INFO] [1770696668.565163478] [imu_filter]: Parameter RLController.pid_kd_lin set to 0.025028
[imu_filter_madgwick_node-3] [INFO] [1770696668.565226871] [imu_filter]: Parameter RLController.pid_kp_ang set to 1.230952
[imu_filter_madgwick_node-3] [INFO] [1770696668.565285401] [imu_filter]: Parameter RLController.pid_ki_ang set to 0.000000
[imu_filter_madgwick_node-3] [INFO] [1770696668.565341306] [imu_filter]: Parameter RLController.pid_kd_ang set to 0.100024
[imu_filter_madgwick_node-3] [INFO] [1770696668.985465205] [imu_filter]: Parameter RLController.pid_kp_lin set to 1.214232
[imu_filter_madgwick_node-3] [INFO] [1770696668.985685210] [imu_filter]: Parameter RLController.pid_ki_lin set to 0.000000
[imu_filter_madgwick_node-3] [INFO] [1770696668.985758139] [imu_filter]: Parameter RLController.pid_kd_lin set to 0.024968
[imu_filter_madgwick_node-3] [INFO] [1770696668.985814301] [imu_filter]: Parameter RLController.pid_kp_ang set to 1.230952
[imu_filter_madgwick_node-3] [INFO] [1770696668.988499995] [imu_filter]: Parameter RLController.pid_ki_ang set to 0.000000
[imu_filter_madgwick_node-3] [INFO] [1770696668.988786210] [imu_filter]: Parameter RLController.pid_kd_ang set to 0.100024
[imu_filter_madgwick_node-3] [INFO] [1770696669.401753622] [imu_filter]: Parameter RLController.pid_kp_lin set to 1.214449
[imu_filter_madgwick_node-3] [INFO] [1770696669.401980795] [imu_filter]: Parameter RLController.pid_ki_lin set to 0.000000
[imu_filter_madgwick_node-3] [INFO] [1770696669.402059517] [imu_filter]: Parameter RLController.pid_kd_lin set to 0.024915
[imu_filter_madgwick_node-3] [INFO] [1770696669.403678947] [imu_filter]: Parameter RLController.pid_kp_ang set to 1.230952
[imu_filter_madgwick_node-3] [INFO] [1770696669.403861223] [imu_filter]: Parameter RLController.pid_ki_ang set to 0.000000
[imu_filter_madgwick_node-3] [INFO] [1770696669.405333161] [imu_filter]: Parameter RLController.pid_kd_ang set to 0.100024
[imu_filter_madgwick_node-3] [INFO] [1770696669.816121515] [imu_filter]: Parameter RLController.pid_kp_lin set to 1.214662
[imu_filter_madgwick_node-3] [INFO] [1770696669.816371985] [imu_filter]: Parameter RLController.pid_ki_lin set to 0.000000
[imu_filter_madgwick_node-3] [INFO] [1770696669.816447506] [imu_filter]: Parameter RLController.pid_kd_lin set to 0.024862
[imu_filter_madgwick_node-3] [INFO] [1770696669.816516404] [imu_filter]: Parameter RLController.pid_kp_ang set to 1.230952
[imu_filter_madgwick_node-3] [INFO] [1770696669.816575541] [imu_filter]: Parameter RLController.pid_ki_ang set to 0.000000
[imu_filter_madgwick_node-3] [INFO] [1770696669.816634903] [imu_filter]: Parameter RLController.pid_kd_ang set to 0.100024
[imu_filter_madgwick_node-3] [INFO] [1770696670.227089232] [imu_filter]: Parameter RLController.pid_kp_lin set to 1.214859
[imu_filter_madgwick_node-3] [INFO] [1770696670.227328630] [imu_filter]: Parameter RLController.pid_ki_lin set to 0.000000
[imu_filter_madgwick_node-3] [INFO] [1770696670.231826334] [imu_filter]: Parameter RLController.pid_kd_lin set to 0.024804
[imu_filter_madgwick_node-3] [INFO] [1770696670.232022435] [imu_filter]: Parameter RLController.pid_kp_ang set to 1.230952
[imu_filter_madgwick_node-3] [INFO] [1770696670.232094213] [imu_filter]: Parameter RLController.pid_ki_ang set to 0.000000
[imu_filter_madgwick_node-3] [INFO] [1770696670.232160166] [imu_filter]: Parameter RLController.pid_kd_ang set to 0.100024
[imu_filter_madgwick_node-3] [INFO] [1770696670.643903262] [imu_filter]: Parameter RLController.pid_kp_lin set to 1.215082
[imu_filter_madgwick_node-3] [INFO] [1770696670.644267750] [imu_filter]: Parameter RLController.pid_ki_lin set to 0.000000
[imu_filter_madgwick_node-3] [INFO] [1770696670.644367337] [imu_filter]: Parameter RLController.pid_kd_lin set to 0.024750
[imu_filter_madgwick_node-3] [INFO] [1770696670.644433610] [imu_filter]: Parameter RLController.pid_kp_ang set to 1.230952
[imu_filter_madgwick_node-3] [INFO] [1770696670.644491947] [imu_filter]: Parameter RLController.pid_ki_ang set to 0.000000
[imu_filter_madgwick_node-3] [INFO] [1770696670.644550765] [imu_filter]: Parameter RLController.pid_kd_ang set to 0.100024
[imu_filter_madgwick_node-3] [INFO] [1770696671.087834339] [imu_filter]: Parameter RLController.pid_kp_lin set to 1.215324
[imu_filter_madgwick_node-3] [INFO] [1770696671.091888450] [imu_filter]: Parameter RLController.pid_ki_lin set to 0.000000
[imu_filter_madgwick_node-3] [INFO] [1770696671.092281259] [imu_filter]: Parameter RLController.pid_kd_lin set to 0.024692
[imu_filter_madgwick_node-3] [INFO] [1770696671.092385357] [imu_filter]: Parameter RLController.pid_kp_ang set to 1.230952
[imu_filter_madgwick_node-3] [INFO] [1770696671.092457103] [imu_filter]: Parameter RLController.pid_ki_ang set to 0.000000
[imu_filter_madgwick_node-3] [INFO] [1770696671.092520432] [imu_filter]: Parameter RLController.pid_kd_ang set to 0.100024
[imu_filter_madgwick_node-3] [INFO] [1770696671.502214872] [imu_filter]: Parameter RLController.pid_kp_lin set to 1.215572
[imu_filter_madgwick_node-3] [INFO] [1770696671.502414749] [imu_filter]: Parameter RLController.pid_ki_lin set to 0.000000
[imu_filter_madgwick_node-3] [INFO] [1770696671.502485022] [imu_filter]: Parameter RLController.pid_kd_lin set to 0.024632
[imu_filter_madgwick_node-3] [INFO] [1770696671.503131949] [imu_filter]: Parameter RLController.pid_kp_ang set to 1.230952
[imu_filter_madgwick_node-3] [INFO] [1770696671.503563255] [imu_filter]: Parameter RLController.pid_ki_ang set to 0.000000
[imu_filter_madgwick_node-3] [INFO] [1770696671.503656250] [imu_filter]: Parameter RLController.pid_kd_ang set to 0.100024
[imu_filter_madgwick_node-3] [INFO] [1770696671.932690788] [imu_filter]: Parameter RLController.pid_kp_lin set to 1.215821
[imu_filter_madgwick_node-3] [INFO] [1770696671.932904585] [imu_filter]: Parameter RLController.pid_ki_lin set to 0.000000
[imu_filter_madgwick_node-3] [INFO] [1770696671.936611551] [imu_filter]: Parameter RLController.pid_kd_lin set to 0.024571
[imu_filter_madgwick_node-3] [INFO] [1770696671.936914598] [imu_filter]: Parameter RLController.pid_kp_ang set to 1.230952
[imu_filter_madgwick_node-3] [INFO] [1770696671.936997416] [imu_filter]: Parameter RLController.pid_ki_ang set to 0.000000
[imu_filter_madgwick_node-3] [INFO] [1770696671.937058762] [imu_filter]: Parameter RLController.pid_kd_ang set to 0.100024
[imu_filter_madgwick_node-3] [INFO] [1770696672.355287064] [imu_filter]: Parameter RLController.pid_kp_lin set to 1.216068
[imu_filter_madgwick_node-3] [INFO] [1770696672.355522782] [imu_filter]: Parameter RLController.pid_ki_lin set to 0.000000
[imu_filter_madgwick_node-3] [INFO] [1770696672.355603328] [imu_filter]: Parameter RLController.pid_kd_lin set to 0.024510
[imu_filter_madgwick_node-3] [INFO] [1770696672.355666625] [imu_filter]: Parameter RLController.pid_kp_ang set to 1.230952
[imu_filter_madgwick_node-3] [INFO] [1770696672.355723266] [imu_filter]: Parameter RLController.pid_ki_ang set to 0.000000
[imu_filter_madgwick_node-3] [INFO] [1770696672.355781828] [imu_filter]: Parameter RLController.pid_kd_ang set to 0.100024
[imu_filter_madgwick_node-3] [INFO] [1770696672.758864274] [imu_filter]: Parameter RLController.pid_kp_lin set to 1.216321
[imu_filter_madgwick_node-3] [INFO] [1770696672.762292769] [imu_filter]: Parameter RLController.pid_ki_lin set to 0.000000
[imu_filter_madgwick_node-3] [INFO] [1770696672.762521287] [imu_filter]: Parameter RLController.pid_kd_lin set to 0.024451
[imu_filter_madgwick_node-3] [INFO] [1770696672.762608297] [imu_filter]: Parameter RLController.pid_kp_ang set to 1.230952
[imu_filter_madgwick_node-3] [INFO] [1770696672.762668426] [imu_filter]: Parameter RLController.pid_ki_ang set to 0.000000
[imu_filter_madgwick_node-3] [INFO] [1770696672.762726187] [imu_filter]: Parameter RLController.pid_kd_ang set to 0.100024
[imu_filter_madgwick_node-3] [INFO] [1770696673.184848725] [imu_filter]: Parameter RLController.pid_kp_lin set to 1.216554
[imu_filter_madgwick_node-3] [INFO] [1770696673.190564346] [imu_filter]: Parameter RLController.pid_ki_lin set to 0.000000
[imu_filter_madgwick_node-3] [INFO] [1770696673.190875553] [imu_filter]: Parameter RLController.pid_kd_lin set to 0.024393
[imu_filter_madgwick_node-3] [INFO] [1770696673.190955427] [imu_filter]: Parameter RLController.pid_kp_ang set to 1.230952
[imu_filter_madgwick_node-3] [INFO] [1770696673.191022821] [imu_filter]: Parameter RLController.pid_ki_ang set to 0.000000
[imu_filter_madgwick_node-3] [INFO] [1770696673.191084006] [imu_filter]: Parameter RLController.pid_kd_ang set to 0.100024
[imu_filter_madgwick_node-3] [INFO] [1770696673.599421518] [imu_filter]: Parameter RLController.pid_kp_lin set to 1.216773
[imu_filter_madgwick_node-3] [INFO] [1770696673.599627859] [imu_filter]: Parameter RLController.pid_ki_lin set to 0.000000
[imu_filter_madgwick_node-3] [INFO] [1770696673.599710677] [imu_filter]: Parameter RLController.pid_kd_lin set to 0.024335
[imu_filter_madgwick_node-3] [INFO] [1770696673.599888409] [imu_filter]: Parameter RLController.pid_kp_ang set to 1.230952
[imu_filter_madgwick_node-3] [INFO] [1770696673.599956315] [imu_filter]: Parameter RLController.pid_ki_ang set to 0.000000
[imu_filter_madgwick_node-3] [INFO] [1770696673.600016252] [imu_filter]: Parameter RLController.pid_kd_ang set to 0.100024
[imu_filter_madgwick_node-3] [INFO] [1770696674.034404003] [imu_filter]: Parameter RLController.pid_kp_lin set to 1.216980
[imu_filter_madgwick_node-3] [INFO] [1770696674.034618472] [imu_filter]: Parameter RLController.pid_ki_lin set to 0.000000
[imu_filter_madgwick_node-3] [INFO] [1770696674.034693354] [imu_filter]: Parameter RLController.pid_kd_lin set to 0.024275
[imu_filter_madgwick_node-3] [INFO] [1770696674.034747435] [imu_filter]: Parameter RLController.pid_kp_ang set to 1.230952
[imu_filter_madgwick_node-3] [INFO] [1770696674.037015968] [imu_filter]: Parameter RLController.pid_ki_ang set to 0.000000
[imu_filter_madgwick_node-3] [INFO] [1770696674.037409321] [imu_filter]: Parameter RLController.pid_kd_ang set to 0.100024
[imu_filter_madgwick_node-3] [INFO] [1770696674.453729899] [imu_filter]: Parameter RLController.pid_kp_lin set to 1.217212
[imu_filter_madgwick_node-3] [INFO] [1770696674.453940656] [imu_filter]: Parameter RLController.pid_ki_lin set to 0.000000
[imu_filter_madgwick_node-3] [INFO] [1770696674.454016242] [imu_filter]: Parameter RLController.pid_kd_lin set to 0.024219
[imu_filter_madgwick_node-3] [INFO] [1770696674.454079091] [imu_filter]: Parameter RLController.pid_kp_ang set to 1.230952
[imu_filter_madgwick_node-3] [INFO] [1770696674.454136373] [imu_filter]: Parameter RLController.pid_ki_ang set to 0.000000
[imu_filter_madgwick_node-3] [INFO] [1770696674.454195862] [imu_filter]: Parameter RLController.pid_kd_ang set to 0.100024
[imu_filter_madgwick_node-3] [INFO] [1770696674.872682347] [imu_filter]: Parameter RLController.pid_kp_lin set to 1.217464
[imu_filter_madgwick_node-3] [INFO] [1770696674.872882351] [imu_filter]: Parameter RLController.pid_ki_lin set to 0.000000
[imu_filter_madgwick_node-3] [INFO] [1770696674.872954065] [imu_filter]: Parameter RLController.pid_kd_lin set to 0.024166
[imu_filter_madgwick_node-3] [INFO] [1770696674.873016722] [imu_filter]: Parameter RLController.pid_kp_ang set to 1.230952
[imu_filter_madgwick_node-3] [INFO] [1770696674.873073524] [imu_filter]: Parameter RLController.pid_ki_ang set to 0.000000
[imu_filter_madgwick_node-3] [INFO] [1770696674.873131669] [imu_filter]: Parameter RLController.pid_kd_ang set to 0.100024
[imu_filter_madgwick_node-3] [INFO] [1770696675.291690827] [imu_filter]: Parameter RLController.pid_kp_lin set to 1.217706
[imu_filter_madgwick_node-3] [INFO] [1770696675.291909297] [imu_filter]: Parameter RLController.pid_ki_lin set to 0.000000
[imu_filter_madgwick_node-3] [INFO] [1770696675.293964256] [imu_filter]: Parameter RLController.pid_kd_lin set to 0.024109
[imu_filter_madgwick_node-3] [INFO] [1770696675.294265319] [imu_filter]: Parameter RLController.pid_kp_ang set to 1.230952
[imu_filter_madgwick_node-3] [INFO] [1770696675.294338281] [imu_filter]: Parameter RLController.pid_ki_ang set to 0.000000
[imu_filter_madgwick_node-3] [INFO] [1770696675.294397834] [imu_filter]: Parameter RLController.pid_kd_ang set to 0.100024
[imu_filter_madgwick_node-3] [INFO] [1770696675.727295119] [imu_filter]: Parameter RLController.pid_kp_lin set to 1.217942
[imu_filter_madgwick_node-3] [INFO] [1770696675.727503636] [imu_filter]: Parameter RLController.pid_ki_lin set to 0.000000
[imu_filter_madgwick_node-3] [INFO] [1770696675.727585654] [imu_filter]: Parameter RLController.pid_kd_lin set to 0.024053
[imu_filter_madgwick_node-3] [INFO] [1770696675.727644183] [imu_filter]: Parameter RLController.pid_kp_ang set to 1.230952
[imu_filter_madgwick_node-3] [INFO] [1770696675.731488784] [imu_filter]: Parameter RLController.pid_ki_ang set to 0.000000
[imu_filter_madgwick_node-3] [INFO] [1770696675.731685397] [imu_filter]: Parameter RLController.pid_kd_ang set to 0.100024
[imu_filter_madgwick_node-3] [INFO] [1770696676.153525528] [imu_filter]: Parameter RLController.pid_kp_lin set to 1.218196
[imu_filter_madgwick_node-3] [INFO] [1770696676.153742397] [imu_filter]: Parameter RLController.pid_ki_lin set to 0.000000
[imu_filter_madgwick_node-3] [INFO] [1770696676.153955586] [imu_filter]: Parameter RLController.pid_kd_lin set to 0.023995
[imu_filter_madgwick_node-3] [INFO] [1770696676.154028803] [imu_filter]: Parameter RLController.pid_kp_ang set to 1.230952
[imu_filter_madgwick_node-3] [INFO] [1770696676.154088133] [imu_filter]: Parameter RLController.pid_ki_ang set to 0.000000
[imu_filter_madgwick_node-3] [INFO] [1770696676.154144774] [imu_filter]: Parameter RLController.pid_kd_ang set to 0.100024
[imu_filter_madgwick_node-3] [INFO] [1770696676.577565966] [imu_filter]: Parameter RLController.pid_kp_lin set to 1.218533
[imu_filter_madgwick_node-3] [INFO] [1770696676.580221868] [imu_filter]: Parameter RLController.pid_ki_lin set to 0.000000
[imu_filter_madgwick_node-3] [INFO] [1770696676.580553203] [imu_filter]: Parameter RLController.pid_kd_lin set to 0.023926
[imu_filter_madgwick_node-3] [INFO] [1770696676.580644309] [imu_filter]: Parameter RLController.pid_kp_ang set to 1.230952
[imu_filter_madgwick_node-3] [INFO] [1770696676.580705047] [imu_filter]: Parameter RLController.pid_ki_ang set to 0.000000
[imu_filter_madgwick_node-3] [INFO] [1770696676.580870491] [imu_filter]: Parameter RLController.pid_kd_ang set to 0.100024
[imu_filter_madgwick_node-3] [INFO] [1770696676.998708256] [imu_filter]: Parameter RLController.pid_kp_lin set to 1.218870
[imu_filter_madgwick_node-3] [INFO] [1770696676.998931781] [imu_filter]: Parameter RLController.pid_ki_lin set to 0.000000
[imu_filter_madgwick_node-3] [INFO] [1770696676.999005991] [imu_filter]: Parameter RLController.pid_kd_lin set to 0.023859
[imu_filter_madgwick_node-3] [INFO] [1770696676.999068745] [imu_filter]: Parameter RLController.pid_kp_ang set to 1.230952
[imu_filter_madgwick_node-3] [INFO] [1770696676.999127114] [imu_filter]: Parameter RLController.pid_ki_ang set to 0.000000
[imu_filter_madgwick_node-3] [INFO] [1770696676.999221388] [imu_filter]: Parameter RLController.pid_kd_ang set to 0.100024
[imu_filter_madgwick_node-3] [INFO] [1770696677.419998614] [imu_filter]: Parameter RLController.pid_kp_lin set to 1.219213
[imu_filter_madgwick_node-3] [INFO] [1770696677.420253628] [imu_filter]: Parameter RLController.pid_ki_lin set to 0.000000
[imu_filter_madgwick_node-3] [INFO] [1770696677.420333278] [imu_filter]: Parameter RLController.pid_kd_lin set to 0.023792
[imu_filter_madgwick_node-3] [INFO] [1770696677.420402400] [imu_filter]: Parameter RLController.pid_kp_ang set to 1.230952
[imu_filter_madgwick_node-3] [INFO] [1770696677.420461249] [imu_filter]: Parameter RLController.pid_ki_ang set to 0.000000
[imu_filter_madgwick_node-3] [INFO] [1770696677.420516386] [imu_filter]: Parameter RLController.pid_kd_ang set to 0.100024
[imu_filter_madgwick_node-3] [INFO] [1770696677.833445845] [imu_filter]: Parameter RLController.pid_kp_lin set to 1.219530
[imu_filter_madgwick_node-3] [INFO] [1770696677.833787581] [imu_filter]: Parameter RLController.pid_ki_lin set to 0.000000
[imu_filter_madgwick_node-3] [INFO] [1770696677.833871839] [imu_filter]: Parameter RLController.pid_kd_lin set to 0.023731
[imu_filter_madgwick_node-3] [INFO] [1770696677.833935105] [imu_filter]: Parameter RLController.pid_kp_ang set to 1.230952
[imu_filter_madgwick_node-3] [INFO] [1770696677.833994274] [imu_filter]: Parameter RLController.pid_ki_ang set to 0.000000
[imu_filter_madgwick_node-3] [INFO] [1770696677.834052611] [imu_filter]: Parameter RLController.pid_kd_ang set to 0.100024
[imu_filter_madgwick_node-3] [INFO] [1770696678.269518852] [imu_filter]: Parameter RLController.pid_kp_lin set to 1.219830
[imu_filter_madgwick_node-3] [INFO] [1770696678.269742537] [imu_filter]: Parameter RLController.pid_ki_lin set to 0.000000
[imu_filter_madgwick_node-3] [INFO] [1770696678.269951790] [imu_filter]: Parameter RLController.pid_kd_lin set to 0.023673
[imu_filter_madgwick_node-3] [INFO] [1770696678.270028943] [imu_filter]: Parameter RLController.pid_kp_ang set to 1.230952
[imu_filter_madgwick_node-3] [INFO] [1770696678.270088465] [imu_filter]: Parameter RLController.pid_ki_ang set to 0.000000
[imu_filter_madgwick_node-3] [INFO] [1770696678.270146450] [imu_filter]: Parameter RLController.pid_kd_ang set to 0.100024
[imu_filter_madgwick_node-3] [INFO] [1770696678.692508385] [imu_filter]: Parameter RLController.pid_kp_lin set to 1.219830
[imu_filter_madgwick_node-3] [INFO] [1770696678.692892234] [imu_filter]: Parameter RLController.pid_ki_lin set to 0.000000
[imu_filter_madgwick_node-3] [INFO] [1770696678.693077358] [imu_filter]: Parameter RLController.pid_kd_lin set to 0.023591
[imu_filter_madgwick_node-3] [INFO] [1770696678.693206833] [imu_filter]: Parameter RLController.pid_kp_ang set to 1.230952
[imu_filter_madgwick_node-3] [INFO] [1770696678.693275667] [imu_filter]: Parameter RLController.pid_ki_ang set to 0.000000
[imu_filter_madgwick_node-3] [INFO] [1770696678.693339700] [imu_filter]: Parameter RLController.pid_kd_ang set to 0.100024
[imu_filter_madgwick_node-3] [INFO] [1770696679.125640011] [imu_filter]: Parameter RLController.pid_kp_lin set to 1.219679
[imu_filter_madgwick_node-3] [INFO] [1770696679.126024180] [imu_filter]: Parameter RLController.pid_ki_lin set to 0.000000
[imu_filter_madgwick_node-3] [INFO] [1770696679.126106998] [imu_filter]: Parameter RLController.pid_kd_lin set to 0.023480
[imu_filter_madgwick_node-3] [INFO] [1770696679.126248121] [imu_filter]: Parameter RLController.pid_kp_ang set to 1.230952
[imu_filter_madgwick_node-3] [INFO] [1770696679.126367164] [imu_filter]: Parameter RLController.pid_ki_ang set to 0.000000
[imu_filter_madgwick_node-3] [INFO] [1770696679.126437693] [imu_filter]: Parameter RLController.pid_kd_ang set to 0.100024
[imu_filter_madgwick_node-3] [INFO] [1770696679.538339481] [imu_filter]: Parameter RLController.pid_kp_lin set to 1.219523
[imu_filter_madgwick_node-3] [INFO] [1770696679.538678753] [imu_filter]: Parameter RLController.pid_ki_lin set to 0.000000
[imu_filter_madgwick_node-3] [INFO] [1770696679.538775171] [imu_filter]: Parameter RLController.pid_kd_lin set to 0.023372
[imu_filter_madgwick_node-3] [INFO] [1770696679.538843908] [imu_filter]: Parameter RLController.pid_kp_ang set to 1.230952
[imu_filter_madgwick_node-3] [INFO] [1770696679.538906566] [imu_filter]: Parameter RLController.pid_ki_ang set to 0.000000
[imu_filter_madgwick_node-3] [INFO] [1770696679.538967271] [imu_filter]: Parameter RLController.pid_kd_ang set to 0.100024
[imu_filter_madgwick_node-3] [INFO] [1770696679.963352293] [imu_filter]: Parameter RLController.pid_kp_lin set to 1.219362
[imu_filter_madgwick_node-3] [INFO] [1770696679.966031076] [imu_filter]: Parameter RLController.pid_ki_lin set to 0.000000
[imu_filter_madgwick_node-3] [INFO] [1770696679.966211976] [imu_filter]: Parameter RLController.pid_kd_lin set to 0.023266
[imu_filter_madgwick_node-3] [INFO] [1770696679.966284362] [imu_filter]: Parameter RLController.pid_kp_ang set to 1.230952
[imu_filter_madgwick_node-3] [INFO] [1770696679.966354891] [imu_filter]: Parameter RLController.pid_ki_ang set to 0.000000
[imu_filter_madgwick_node-3] [INFO] [1770696679.966411917] [imu_filter]: Parameter RLController.pid_kd_ang set to 0.100024
[imu_filter_madgwick_node-3] [INFO] [1770696680.368955438] [imu_filter]: Parameter RLController.pid_kp_lin set to 1.219199
[imu_filter_madgwick_node-3] [INFO] [1770696680.369167347] [imu_filter]: Parameter RLController.pid_ki_lin set to 0.000000
[imu_filter_madgwick_node-3] [INFO] [1770696680.369243572] [imu_filter]: Parameter RLController.pid_kd_lin set to 0.023161
[imu_filter_madgwick_node-3] [INFO] [1770696680.369312246] [imu_filter]: Parameter RLController.pid_kp_ang set to 1.230952
[imu_filter_madgwick_node-3] [INFO] [1770696680.369372791] [imu_filter]: Parameter RLController.pid_ki_ang set to 0.000000
[imu_filter_madgwick_node-3] [INFO] [1770696680.369429817] [imu_filter]: Parameter RLController.pid_kd_ang set to 0.100024
[imu_filter_madgwick_node-3] [INFO] [1770696680.795971689] [imu_filter]: Parameter RLController.pid_kp_lin set to 1.219035
[imu_filter_madgwick_node-3] [INFO] [1770696680.796323889] [imu_filter]: Parameter RLController.pid_ki_lin set to 0.000000
[imu_filter_madgwick_node-3] [INFO] [1770696680.796411283] [imu_filter]: Parameter RLController.pid_kd_lin set to 0.023057
[imu_filter_madgwick_node-3] [INFO] [1770696680.796474293] [imu_filter]: Parameter RLController.pid_kp_ang set to 1.230952
[imu_filter_madgwick_node-3] [INFO] [1770696680.796534326] [imu_filter]: Parameter RLController.pid_ki_ang set to 0.000000
[imu_filter_madgwick_node-3] [INFO] [1770696680.796588823] [imu_filter]: Parameter RLController.pid_kd_ang set to 0.100024
[imu_filter_madgwick_node-3] [INFO] [1770696681.213107326] [imu_filter]: Parameter RLController.pid_kp_lin set to 1.218870
[imu_filter_madgwick_node-3] [INFO] [1770696681.213314979] [imu_filter]: Parameter RLController.pid_ki_lin set to 0.000000
[imu_filter_madgwick_node-3] [INFO] [1770696681.213517000] [imu_filter]: Parameter RLController.pid_kd_lin set to 0.022954
[imu_filter_madgwick_node-3] [INFO] [1770696681.213589353] [imu_filter]: Parameter RLController.pid_kp_ang set to 1.230952
[imu_filter_madgwick_node-3] [INFO] [1770696681.213646795] [imu_filter]: Parameter RLController.pid_ki_ang set to 0.000000
[imu_filter_madgwick_node-3] [INFO] [1770696681.213699084] [imu_filter]: Parameter RLController.pid_kd_ang set to 0.100024
[imu_filter_madgwick_node-3] [INFO] [1770696681.621226433] [imu_filter]: Parameter RLController.pid_kp_lin set to 1.218704
[imu_filter_madgwick_node-3] [INFO] [1770696681.621431814] [imu_filter]: Parameter RLController.pid_ki_lin set to 0.000000
[imu_filter_madgwick_node-3] [INFO] [1770696681.621512552] [imu_filter]: Parameter RLController.pid_kd_lin set to 0.022851
[imu_filter_madgwick_node-3] [INFO] [1770696681.621581642] [imu_filter]: Parameter RLController.pid_kp_ang set to 1.230952
[imu_filter_madgwick_node-3] [INFO] [1770696681.621642667] [imu_filter]: Parameter RLController.pid_ki_ang set to 0.000000
[imu_filter_madgwick_node-3] [INFO] [1770696681.621705644] [imu_filter]: Parameter RLController.pid_kd_ang set to 0.100024
[imu_filter_madgwick_node-3] [INFO] [1770696682.032369611] [imu_filter]: Parameter RLController.pid_kp_lin set to 1.218561
[imu_filter_madgwick_node-3] [INFO] [1770696682.032778324] [imu_filter]: Parameter RLController.pid_ki_lin set to 0.000000
[imu_filter_madgwick_node-3] [INFO] [1770696682.032885623] [imu_filter]: Parameter RLController.pid_kd_lin set to 0.022744
[imu_filter_madgwick_node-3] [INFO] [1770696682.032962297] [imu_filter]: Parameter RLController.pid_kp_ang set to 1.230952
[imu_filter_madgwick_node-3] [INFO] [1770696682.033026810] [imu_filter]: Parameter RLController.pid_ki_ang set to 0.000000
[imu_filter_madgwick_node-3] [INFO] [1770696682.033086267] [imu_filter]: Parameter RLController.pid_kd_ang set to 0.100024
[imu_filter_madgwick_node-3] [INFO] [1770696682.447668693] [imu_filter]: Parameter RLController.pid_kp_lin set to 1.218832
[imu_filter_madgwick_node-3] [INFO] [1770696682.447901339] [imu_filter]: Parameter RLController.pid_ki_lin set to 0.000000
[imu_filter_madgwick_node-3] [INFO] [1770696682.447973116] [imu_filter]: Parameter RLController.pid_kd_lin set to 0.022686
[imu_filter_madgwick_node-3] [INFO] [1770696682.448032734] [imu_filter]: Parameter RLController.pid_kp_ang set to 1.230952
[imu_filter_madgwick_node-3] [INFO] [1770696682.448945395] [imu_filter]: Parameter RLController.pid_ki_ang set to 0.000000
[imu_filter_madgwick_node-3] [INFO] [1770696682.449055765] [imu_filter]: Parameter RLController.pid_kd_ang set to 0.100024
[imu_filter_madgwick_node-3] [INFO] [1770696682.878240163] [imu_filter]: Parameter RLController.pid_kp_lin set to 1.219140
[imu_filter_madgwick_node-3] [INFO] [1770696682.878428712] [imu_filter]: Parameter RLController.pid_ki_lin set to 0.000000
[imu_filter_madgwick_node-3] [INFO] [1770696682.878611628] [imu_filter]: Parameter RLController.pid_kd_lin set to 0.022633
[imu_filter_madgwick_node-3] [INFO] [1770696682.878679885] [imu_filter]: Parameter RLController.pid_kp_ang set to 1.230952
[imu_filter_madgwick_node-3] [INFO] [1770696682.879987180] [imu_filter]: Parameter RLController.pid_ki_ang set to 0.000000
[imu_filter_madgwick_node-3] [INFO] [1770696682.880119343] [imu_filter]: Parameter RLController.pid_kd_ang set to 0.100024
[imu_filter_madgwick_node-3] [INFO] [1770696683.291725347] [imu_filter]: Parameter RLController.pid_kp_lin set to 1.219438
[imu_filter_madgwick_node-3] [INFO] [1770696683.292096012] [imu_filter]: Parameter RLController.pid_ki_lin set to 0.000000
[imu_filter_madgwick_node-3] [INFO] [1770696683.292215119] [imu_filter]: Parameter RLController.pid_kd_lin set to 0.022580
[imu_filter_madgwick_node-3] [INFO] [1770696683.292286768] [imu_filter]: Parameter RLController.pid_kp_ang set to 1.230952
[imu_filter_madgwick_node-3] [INFO] [1770696683.292348466] [imu_filter]: Parameter RLController.pid_ki_ang set to 0.000000
[imu_filter_madgwick_node-3] [INFO] [1770696683.292409075] [imu_filter]: Parameter RLController.pid_kd_ang set to 0.100024
[imu_filter_madgwick_node-3] [INFO] [1770696683.697429902] [imu_filter]: Parameter RLController.pid_kp_lin set to 1.219697
[imu_filter_madgwick_node-3] [INFO] [1770696683.697626227] [imu_filter]: Parameter RLController.pid_ki_lin set to 0.000000
[imu_filter_madgwick_node-3] [INFO] [1770696683.704228781] [imu_filter]: Parameter RLController.pid_kd_lin set to 0.022529
[imu_filter_madgwick_node-3] [INFO] [1770696683.704431761] [imu_filter]: Parameter RLController.pid_kp_ang set to 1.230952
[imu_filter_madgwick_node-3] [INFO] [1770696683.704501811] [imu_filter]: Parameter RLController.pid_ki_ang set to 0.000000
[imu_filter_madgwick_node-3] [INFO] [1770696683.704559412] [imu_filter]: Parameter RLController.pid_kd_ang set to 0.100024
[imu_filter_madgwick_node-3] [INFO] [1770696684.127381646] [imu_filter]: Parameter RLController.pid_kp_lin set to 1.219958
[imu_filter_madgwick_node-3] [INFO] [1770696684.131541455] [imu_filter]: Parameter RLController.pid_ki_lin set to 0.000000
[imu_filter_madgwick_node-3] [INFO] [1770696684.131737267] [imu_filter]: Parameter RLController.pid_kd_lin set to 0.022482
[imu_filter_madgwick_node-3] [INFO] [1770696684.131815221] [imu_filter]: Parameter RLController.pid_kp_ang set to 1.230952
[imu_filter_madgwick_node-3] [INFO] [1770696684.131874326] [imu_filter]: Parameter RLController.pid_ki_ang set to 0.000000
[imu_filter_madgwick_node-3] [INFO] [1770696684.131934104] [imu_filter]: Parameter RLController.pid_kd_ang set to 0.100024
[imu_filter_madgwick_node-3] [INFO] [1770696684.538392532] [imu_filter]: Parameter RLController.pid_kp_lin set to 1.220216
[imu_filter_madgwick_node-3] [INFO] [1770696684.538609305] [imu_filter]: Parameter RLController.pid_ki_lin set to 0.000000
[imu_filter_madgwick_node-3] [INFO] [1770696684.538685243] [imu_filter]: Parameter RLController.pid_kd_lin set to 0.022434
[imu_filter_madgwick_node-3] [INFO] [1770696684.538747197] [imu_filter]: Parameter RLController.pid_kp_ang set to 1.230952
[imu_filter_madgwick_node-3] [INFO] [1770696684.538806238] [imu_filter]: Parameter RLController.pid_ki_ang set to 0.000000
[imu_filter_madgwick_node-3] [INFO] [1770696684.538864511] [imu_filter]: Parameter RLController.pid_kd_ang set to 0.100024
[imu_filter_madgwick_node-3] [INFO] [1770696684.959477445] [imu_filter]: Parameter RLController.pid_kp_lin set to 1.220471
[imu_filter_madgwick_node-3] [INFO] [1770696684.964594493] [imu_filter]: Parameter RLController.pid_ki_lin set to 0.000000
[imu_filter_madgwick_node-3] [INFO] [1770696684.964937701] [imu_filter]: Parameter RLController.pid_kd_lin set to 0.022387
[imu_filter_madgwick_node-3] [INFO] [1770696684.965033575] [imu_filter]: Parameter RLController.pid_kp_ang set to 1.230952
[imu_filter_madgwick_node-3] [INFO] [1770696684.965100744] [imu_filter]: Parameter RLController.pid_ki_ang set to 0.000000
[imu_filter_madgwick_node-3] [INFO] [1770696684.965164586] [imu_filter]: Parameter RLController.pid_kd_ang set to 0.100024
[imu_filter_madgwick_node-3] [INFO] [1770696685.378256289] [imu_filter]: Parameter RLController.pid_kp_lin set to 1.220720
[imu_filter_madgwick_node-3] [INFO] [1770696685.378556776] [imu_filter]: Parameter RLController.pid_ki_lin set to 0.000000
[imu_filter_madgwick_node-3] [INFO] [1770696685.378673227] [imu_filter]: Parameter RLController.pid_kd_lin set to 0.022340
[imu_filter_madgwick_node-3] [INFO] [1770696685.378743596] [imu_filter]: Parameter RLController.pid_kp_ang set to 1.230952
[imu_filter_madgwick_node-3] [INFO] [1770696685.378804430] [imu_filter]: Parameter RLController.pid_ki_ang set to 0.000000
[imu_filter_madgwick_node-3] [INFO] [1770696685.378860303] [imu_filter]: Parameter RLController.pid_kd_ang set to 0.100024
[imu_filter_madgwick_node-3] [INFO] [1770696685.797649291] [imu_filter]: Parameter RLController.pid_kp_lin set to 1.220974
[imu_filter_madgwick_node-3] [INFO] [1770696685.797842223] [imu_filter]: Parameter RLController.pid_ki_lin set to 0.000000
[imu_filter_madgwick_node-3] [INFO] [1770696685.797923409] [imu_filter]: Parameter RLController.pid_kd_lin set to 0.022292
[imu_filter_madgwick_node-3] [INFO] [1770696685.798101621] [imu_filter]: Parameter RLController.pid_kp_ang set to 1.230952
[imu_filter_madgwick_node-3] [INFO] [1770696685.798167383] [imu_filter]: Parameter RLController.pid_ki_ang set to 0.000000
[imu_filter_madgwick_node-3] [INFO] [1770696685.798229976] [imu_filter]: Parameter RLController.pid_kd_ang set to 0.100024
[imu_filter_madgwick_node-3] [INFO] [1770696686.211999359] [imu_filter]: Parameter RLController.pid_kp_lin set to 1.221225
[imu_filter_madgwick_node-3] [INFO] [1770696686.212277157] [imu_filter]: Parameter RLController.pid_ki_lin set to 0.000000
[imu_filter_madgwick_node-3] [INFO] [1770696686.212367111] [imu_filter]: Parameter RLController.pid_kd_lin set to 0.022242
[imu_filter_madgwick_node-3] [INFO] [1770696686.212436297] [imu_filter]: Parameter RLController.pid_kp_ang set to 1.230952
[imu_filter_madgwick_node-3] [INFO] [1770696686.212498602] [imu_filter]: Parameter RLController.pid_ki_ang set to 0.000000
[imu_filter_madgwick_node-3] [INFO] [1770696686.212559276] [imu_filter]: Parameter RLController.pid_kd_ang set to 0.100024
[imu_filter_madgwick_node-3] [INFO] [1770696686.629225814] [imu_filter]: Parameter RLController.pid_kp_lin set to 1.221494
[imu_filter_madgwick_node-3] [INFO] [1770696686.629539837] [imu_filter]: Parameter RLController.pid_ki_lin set to 0.000000
[imu_filter_madgwick_node-3] [INFO] [1770696686.629627679] [imu_filter]: Parameter RLController.pid_kd_lin set to 0.022190
[imu_filter_madgwick_node-3] [INFO] [1770696686.629692353] [imu_filter]: Parameter RLController.pid_kp_ang set to 1.230952
[imu_filter_madgwick_node-3] [INFO] [1770696686.629762818] [imu_filter]: Parameter RLController.pid_ki_ang set to 0.000000
[imu_filter_madgwick_node-3] [INFO] [1770696686.629825636] [imu_filter]: Parameter RLController.pid_kd_ang set to 0.100024
[imu_filter_madgwick_node-3] [INFO] [1770696687.042775640] [imu_filter]: Parameter RLController.pid_kp_lin set to 1.221769
[imu_filter_madgwick_node-3] [INFO] [1770696687.046878647] [imu_filter]: Parameter RLController.pid_ki_lin set to 0.000000
[imu_filter_madgwick_node-3] [INFO] [1770696687.049483060] [imu_filter]: Parameter RLController.pid_kd_lin set to 0.022137
[imu_filter_madgwick_node-3] [INFO] [1770696687.052823874] [imu_filter]: Parameter RLController.pid_kp_ang set to 1.230952
[imu_filter_madgwick_node-3] [INFO] [1770696687.056076173] [imu_filter]: Parameter RLController.pid_ki_ang set to 0.000000
[imu_filter_madgwick_node-3] [INFO] [1770696687.056260370] [imu_filter]: Parameter RLController.pid_kd_ang set to 0.100024
[imu_filter_madgwick_node-3] [INFO] [1770696687.473047647] [imu_filter]: Parameter RLController.pid_kp_lin set to 1.222060
[imu_filter_madgwick_node-3] [INFO] [1770696687.473250211] [imu_filter]: Parameter RLController.pid_ki_lin set to 0.000000
[imu_filter_madgwick_node-3] [INFO] [1770696687.473326053] [imu_filter]: Parameter RLController.pid_kd_lin set to 0.022081
[imu_filter_madgwick_node-3] [INFO] [1770696687.473397255] [imu_filter]: Parameter RLController.pid_kp_ang set to 1.230952
[imu_filter_madgwick_node-3] [INFO] [1770696687.473456424] [imu_filter]: Parameter RLController.pid_ki_ang set to 0.000000
[imu_filter_madgwick_node-3] [INFO] [1770696687.473513770] [imu_filter]: Parameter RLController.pid_kd_ang set to 0.100024
[imu_filter_madgwick_node-3] [INFO] [1770696687.890294902] [imu_filter]: Parameter RLController.pid_kp_lin set to 1.222356
[imu_filter_madgwick_node-3] [INFO] [1770696687.890493915] [imu_filter]: Parameter RLController.pid_ki_lin set to 0.000000
[imu_filter_madgwick_node-3] [INFO] [1770696687.890573469] [imu_filter]: Parameter RLController.pid_kd_lin set to 0.022022
[imu_filter_madgwick_node-3] [INFO] [1770696687.890639710] [imu_filter]: Parameter RLController.pid_kp_ang set to 1.230952
[imu_filter_madgwick_node-3] [INFO] [1770696687.890699488] [imu_filter]: Parameter RLController.pid_ki_ang set to 0.000000
[imu_filter_madgwick_node-3] [INFO] [1770696687.890756257] [imu_filter]: Parameter RLController.pid_kd_ang set to 0.100024
[imu_filter_madgwick_node-3] [INFO] [1770696688.327180792] [imu_filter]: Parameter RLController.pid_kp_lin set to 1.222664
[imu_filter_madgwick_node-3] [INFO] [1770696688.327391293] [imu_filter]: Parameter RLController.pid_ki_lin set to 0.000000
[imu_filter_madgwick_node-3] [INFO] [1770696688.327458718] [imu_filter]: Parameter RLController.pid_kd_lin set to 0.021964
[imu_filter_madgwick_node-3] [INFO] [1770696688.327521120] [imu_filter]: Parameter RLController.pid_kp_ang set to 1.230952
[imu_filter_madgwick_node-3] [INFO] [1770696688.327579841] [imu_filter]: Parameter RLController.pid_ki_ang set to 0.000000
[imu_filter_madgwick_node-3] [INFO] [1770696688.329783604] [imu_filter]: Parameter RLController.pid_kd_ang set to 0.100024
[imu_filter_madgwick_node-3] [INFO] [1770696688.744256363] [imu_filter]: Parameter RLController.pid_kp_lin set to 1.222972
[imu_filter_madgwick_node-3] [INFO] [1770696688.744452816] [imu_filter]: Parameter RLController.pid_ki_lin set to 0.000000
[imu_filter_madgwick_node-3] [INFO] [1770696688.750265175] [imu_filter]: Parameter RLController.pid_kd_lin set to 0.021906
[imu_filter_madgwick_node-3] [INFO] [1770696688.750467356] [imu_filter]: Parameter RLController.pid_kp_ang set to 1.230952
[imu_filter_madgwick_node-3] [INFO] [1770696688.750531518] [imu_filter]: Parameter RLController.pid_ki_ang set to 0.000000
[imu_filter_madgwick_node-3] [INFO] [1770696688.750698177] [imu_filter]: Parameter RLController.pid_kd_ang set to 0.100024
[imu_filter_madgwick_node-3] [INFO] [1770696689.156560976] [imu_filter]: Parameter RLController.pid_kp_lin set to 1.223291
[imu_filter_madgwick_node-3] [INFO] [1770696689.156895640] [imu_filter]: Parameter RLController.pid_ki_lin set to 0.000000
[imu_filter_madgwick_node-3] [INFO] [1770696689.156977946] [imu_filter]: Parameter RLController.pid_kd_lin set to 0.021846
[imu_filter_madgwick_node-3] [INFO] [1770696689.157042075] [imu_filter]: Parameter RLController.pid_kp_ang set to 1.230952
[imu_filter_madgwick_node-3] [INFO] [1770696689.157101981] [imu_filter]: Parameter RLController.pid_ki_ang set to 0.000000
[imu_filter_madgwick_node-3] [INFO] [1770696689.157158942] [imu_filter]: Parameter RLController.pid_kd_ang set to 0.100024
[imu_filter_madgwick_node-3] [INFO] [1770696689.577878310] [imu_filter]: Parameter RLController.pid_kp_lin set to 1.223607
[imu_filter_madgwick_node-3] [INFO] [1770696689.578069195] [imu_filter]: Parameter RLController.pid_ki_lin set to 0.000000
[imu_filter_madgwick_node-3] [INFO] [1770696689.578140813] [imu_filter]: Parameter RLController.pid_kd_lin set to 0.021787
[imu_filter_madgwick_node-3] [INFO] [1770696689.578209070] [imu_filter]: Parameter RLController.pid_kp_ang set to 1.230952
[imu_filter_madgwick_node-3] [INFO] [1770696689.578265616] [imu_filter]: Parameter RLController.pid_ki_ang set to 0.000000
[imu_filter_madgwick_node-3] [INFO] [1770696689.578322673] [imu_filter]: Parameter RLController.pid_kd_ang set to 0.100024
[imu_filter_madgwick_node-3] [INFO] [1770696690.002947828] [imu_filter]: Parameter RLController.pid_kp_lin set to 1.223928
[imu_filter_madgwick_node-3] [INFO] [1770696690.003321693] [imu_filter]: Parameter RLController.pid_ki_lin set to 0.000000
[imu_filter_madgwick_node-3] [INFO] [1770696690.003409183] [imu_filter]: Parameter RLController.pid_kd_lin set to 0.021727
[imu_filter_madgwick_node-3] [INFO] [1770696690.005349708] [imu_filter]: Parameter RLController.pid_kp_ang set to 1.230952
[imu_filter_madgwick_node-3] [INFO] [1770696690.009482637] [imu_filter]: Parameter RLController.pid_ki_ang set to 0.000000
[imu_filter_madgwick_node-3] [INFO] [1770696690.009789780] [imu_filter]: Parameter RLController.pid_kd_ang set to 0.100024
[imu_filter_madgwick_node-3] [INFO] [1770696690.430832964] [imu_filter]: Parameter RLController.pid_kp_lin set to 1.224247
[imu_filter_madgwick_node-3] [INFO] [1770696690.431038057] [imu_filter]: Parameter RLController.pid_ki_lin set to 0.000000
[imu_filter_madgwick_node-3] [INFO] [1770696690.431112906] [imu_filter]: Parameter RLController.pid_kd_lin set to 0.021666
[imu_filter_madgwick_node-3] [INFO] [1770696690.431177068] [imu_filter]: Parameter RLController.pid_kp_ang set to 1.230952
[imu_filter_madgwick_node-3] [INFO] [1770696690.431238893] [imu_filter]: Parameter RLController.pid_ki_ang set to 0.000000
[imu_filter_madgwick_node-3] [INFO] [1770696690.431302735] [imu_filter]: Parameter RLController.pid_kd_ang set to 0.100024
[imu_filter_madgwick_node-3] [INFO] [1770696690.853544571] [imu_filter]: Parameter RLController.pid_kp_lin set to 1.224571
[imu_filter_madgwick_node-3] [INFO] [1770696690.853869091] [imu_filter]: Parameter RLController.pid_ki_lin set to 0.000000
[imu_filter_madgwick_node-3] [INFO] [1770696690.853944644] [imu_filter]: Parameter RLController.pid_kd_lin set to 0.021604
[imu_filter_madgwick_node-3] [INFO] [1770696690.854007622] [imu_filter]: Parameter RLController.pid_kp_ang set to 1.230952
[imu_filter_madgwick_node-3] [INFO] [1770696690.854063239] [imu_filter]: Parameter RLController.pid_ki_ang set to 0.000000
[imu_filter_madgwick_node-3] [INFO] [1770696690.854118312] [imu_filter]: Parameter RLController.pid_kd_ang set to 0.100024
[imu_filter_madgwick_node-3] [INFO] [1770696691.264997996] [imu_filter]: Parameter RLController.pid_kp_lin set to 1.224886
[imu_filter_madgwick_node-3] [INFO] [1770696691.265388693] [imu_filter]: Parameter RLController.pid_ki_lin set to 0.000000
[imu_filter_madgwick_node-3] [INFO] [1770696691.265490231] [imu_filter]: Parameter RLController.pid_kd_lin set to 0.021541
[imu_filter_madgwick_node-3] [INFO] [1770696691.265561049] [imu_filter]: Parameter RLController.pid_kp_ang set to 1.230952
[imu_filter_madgwick_node-3] [INFO] [1770696691.265619258] [imu_filter]: Parameter RLController.pid_ki_ang set to 0.000000
[imu_filter_madgwick_node-3] [INFO] [1770696691.265675388] [imu_filter]: Parameter RLController.pid_kd_ang set to 0.100024
[imu_filter_madgwick_node-3] [INFO] [1770696691.681144074] [imu_filter]: Parameter RLController.pid_kp_lin set to 1.225199
[imu_filter_madgwick_node-3] [INFO] [1770696691.681389808] [imu_filter]: Parameter RLController.pid_ki_lin set to 0.000000
[imu_filter_madgwick_node-3] [INFO] [1770696691.681464657] [imu_filter]: Parameter RLController.pid_kd_lin set to 0.021481
[imu_filter_madgwick_node-3] [INFO] [1770696691.681527955] [imu_filter]: Parameter RLController.pid_kp_ang set to 1.230952
[imu_filter_madgwick_node-3] [INFO] [1770696691.681586420] [imu_filter]: Parameter RLController.pid_ki_ang set to 0.000000
[imu_filter_madgwick_node-3] [INFO] [1770696691.681764760] [imu_filter]: Parameter RLController.pid_kd_ang set to 0.100024
[imu_filter_madgwick_node-3] [INFO] [1770696692.116670443] [imu_filter]: Parameter RLController.pid_kp_lin set to 1.225482
[imu_filter_madgwick_node-3] [INFO] [1770696692.116917393] [imu_filter]: Parameter RLController.pid_ki_lin set to 0.000000
[imu_filter_madgwick_node-3] [INFO] [1770696692.116992531] [imu_filter]: Parameter RLController.pid_kd_lin set to 0.021414
[imu_filter_madgwick_node-3] [INFO] [1770696692.117051444] [imu_filter]: Parameter RLController.pid_kp_ang set to 1.230952
[imu_filter_madgwick_node-3] [INFO] [1770696692.117106422] [imu_filter]: Parameter RLController.pid_ki_ang set to 0.000000
[imu_filter_madgwick_node-3] [INFO] [1770696692.117163063] [imu_filter]: Parameter RLController.pid_kd_ang set to 0.100024
[imu_filter_madgwick_node-3] [INFO] [1770696692.533061327] [imu_filter]: Parameter RLController.pid_kp_lin set to 1.225482
[imu_filter_madgwick_node-3] [INFO] [1770696692.534089575] [imu_filter]: Parameter RLController.pid_ki_lin set to 0.000000
[imu_filter_madgwick_node-3] [INFO] [1770696692.534243723] [imu_filter]: Parameter RLController.pid_kd_lin set to 0.021299
[imu_filter_madgwick_node-3] [INFO] [1770696692.534317708] [imu_filter]: Parameter RLController.pid_kp_ang set to 1.230952
[imu_filter_madgwick_node-3] [INFO] [1770696692.534382158] [imu_filter]: Parameter RLController.pid_ki_ang set to 0.000000
[imu_filter_madgwick_node-3] [INFO] [1770696692.534444079] [imu_filter]: Parameter RLController.pid_kd_ang set to 0.100024
[imu_filter_madgwick_node-3] [INFO] [1770696692.964412879] [imu_filter]: Parameter RLController.pid_kp_lin set to 1.225482
[imu_filter_madgwick_node-3] [INFO] [1770696692.964622676] [imu_filter]: Parameter RLController.pid_ki_lin set to 0.000000
[imu_filter_madgwick_node-3] [INFO] [1770696692.966917546] [imu_filter]: Parameter RLController.pid_kd_lin set to 0.021182
[imu_filter_madgwick_node-3] [INFO] [1770696692.967075949] [imu_filter]: Parameter RLController.pid_kp_ang set to 1.230952
[imu_filter_madgwick_node-3] [INFO] [1770696692.967142159] [imu_filter]: Parameter RLController.pid_ki_ang set to 0.000000
[imu_filter_madgwick_node-3] [INFO] [1770696692.968103365] [imu_filter]: Parameter RLController.pid_kd_ang set to 0.100024
[imu_filter_madgwick_node-3] [INFO] [1770696693.388103293] [imu_filter]: Parameter RLController.pid_kp_lin set to 1.225482
[imu_filter_madgwick_node-3] [INFO] [1770696693.398076902] [imu_filter]: Parameter RLController.pid_ki_lin set to 0.000000
[imu_filter_madgwick_node-3] [INFO] [1770696693.398275402] [imu_filter]: Parameter RLController.pid_kd_lin set to 0.021066
[imu_filter_madgwick_node-3] [INFO] [1770696693.398343788] [imu_filter]: Parameter RLController.pid_kp_ang set to 1.230952
[imu_filter_madgwick_node-3] [INFO] [1770696693.398403693] [imu_filter]: Parameter RLController.pid_ki_ang set to 0.000000
[imu_filter_madgwick_node-3] [INFO] [1770696693.398460463] [imu_filter]: Parameter RLController.pid_kd_ang set to 0.100024
[imu_filter_madgwick_node-3] [INFO] [1770696693.815142489] [imu_filter]: Parameter RLController.pid_kp_lin set to 1.225482
[imu_filter_madgwick_node-3] [INFO] [1770696693.815354878] [imu_filter]: Parameter RLController.pid_ki_lin set to 0.000000
[imu_filter_madgwick_node-3] [INFO] [1770696693.815430496] [imu_filter]: Parameter RLController.pid_kd_lin set to 0.020952
[imu_filter_madgwick_node-3] [INFO] [1770696693.815496609] [imu_filter]: Parameter RLController.pid_kp_ang set to 1.230952
[imu_filter_madgwick_node-3] [INFO] [1770696693.815558307] [imu_filter]: Parameter RLController.pid_ki_ang set to 0.000000
[imu_filter_madgwick_node-3] [INFO] [1770696693.815615780] [imu_filter]: Parameter RLController.pid_kd_ang set to 0.100024
[imu_filter_madgwick_node-3] [INFO] [1770696694.225443855] [imu_filter]: Parameter RLController.pid_kp_lin set to 1.225482
[imu_filter_madgwick_node-3] [INFO] [1770696694.225647380] [imu_filter]: Parameter RLController.pid_ki_lin set to 0.000000
[imu_filter_madgwick_node-3] [INFO] [1770696694.225718293] [imu_filter]: Parameter RLController.pid_kd_lin set to 0.020838
[imu_filter_madgwick_node-3] [INFO] [1770696694.225783159] [imu_filter]: Parameter RLController.pid_kp_ang set to 1.230952
[imu_filter_madgwick_node-3] [INFO] [1770696694.225840440] [imu_filter]: Parameter RLController.pid_ki_ang set to 0.000000
[imu_filter_madgwick_node-3] [INFO] [1770696694.225893657] [imu_filter]: Parameter RLController.pid_kd_ang set to 0.100024
[imu_filter_madgwick_node-3] [INFO] [1770696694.649373442] [imu_filter]: Parameter RLController.pid_kp_lin set to 1.225482
[imu_filter_madgwick_node-3] [INFO] [1770696694.649697034] [imu_filter]: Parameter RLController.pid_ki_lin set to 0.000000
[imu_filter_madgwick_node-3] [INFO] [1770696694.649822893] [imu_filter]: Parameter RLController.pid_kd_lin set to 0.020725
[imu_filter_madgwick_node-3] [INFO] [1770696694.649889838] [imu_filter]: Parameter RLController.pid_kp_ang set to 1.230952
[imu_filter_madgwick_node-3] [INFO] [1770696694.649947056] [imu_filter]: Parameter RLController.pid_ki_ang set to 0.000000
[imu_filter_madgwick_node-3] [INFO] [1770696694.650012145] [imu_filter]: Parameter RLController.pid_kd_ang set to 0.100024
[imu_filter_madgwick_node-3] [INFO] [1770696695.051442937] [imu_filter]: Parameter RLController.pid_kp_lin set to 1.225482
[imu_filter_madgwick_node-3] [INFO] [1770696695.051667134] [imu_filter]: Parameter RLController.pid_ki_lin set to 0.000000
[imu_filter_madgwick_node-3] [INFO] [1770696695.051856834] [imu_filter]: Parameter RLController.pid_kd_lin set to 0.020612
[imu_filter_madgwick_node-3] [INFO] [1770696695.051926884] [imu_filter]: Parameter RLController.pid_kp_ang set to 1.230952
[imu_filter_madgwick_node-3] [INFO] [1770696695.051989893] [imu_filter]: Parameter RLController.pid_ki_ang set to 0.000000
[imu_filter_madgwick_node-3] [INFO] [1770696695.052054119] [imu_filter]: Parameter RLController.pid_kd_ang set to 0.100024
[imu_filter_madgwick_node-3] [INFO] [1770696695.465823950] [imu_filter]: Parameter RLController.pid_kp_lin set to 1.225482
[imu_filter_madgwick_node-3] [INFO] [1770696695.466050131] [imu_filter]: Parameter RLController.pid_ki_lin set to 0.000000
[imu_filter_madgwick_node-3] [INFO] [1770696695.466124308] [imu_filter]: Parameter RLController.pid_kd_lin set to 0.020501
[imu_filter_madgwick_node-3] [INFO] [1770696695.466187830] [imu_filter]: Parameter RLController.pid_kp_ang set to 1.230952
[imu_filter_madgwick_node-3] [INFO] [1770696695.466246071] [imu_filter]: Parameter RLController.pid_ki_ang set to 0.000000
[imu_filter_madgwick_node-3] [INFO] [1770696695.466303641] [imu_filter]: Parameter RLController.pid_kd_ang set to 0.100024
[imu_filter_madgwick_node-3] [INFO] [1770696695.875739578] [imu_filter]: Parameter RLController.pid_kp_lin set to 1.225482
[imu_filter_madgwick_node-3] [INFO] [1770696695.875932479] [imu_filter]: Parameter RLController.pid_ki_lin set to 0.000000
[imu_filter_madgwick_node-3] [INFO] [1770696695.876134404] [imu_filter]: Parameter RLController.pid_kd_lin set to 0.020411
[imu_filter_madgwick_node-3] [INFO] [1770696695.876239110] [imu_filter]: Parameter RLController.pid_kp_ang set to 1.230952
[imu_filter_madgwick_node-3] [INFO] [1770696695.876299175] [imu_filter]: Parameter RLController.pid_ki_ang set to 0.000000
[imu_filter_madgwick_node-3] [INFO] [1770696695.878436185] [imu_filter]: Parameter RLController.pid_kd_ang set to 0.100024
[imu_filter_madgwick_node-3] [INFO] [1770696696.327760732] [imu_filter]: Parameter RLController.pid_kp_lin set to 1.225482
[imu_filter_madgwick_node-3] [INFO] [1770696696.327991202] [imu_filter]: Parameter RLController.pid_ki_lin set to 0.000000
[imu_filter_madgwick_node-3] [INFO] [1770696696.328078340] [imu_filter]: Parameter RLController.pid_kd_lin set to 0.020337
[imu_filter_madgwick_node-3] [INFO] [1770696696.328141221] [imu_filter]: Parameter RLController.pid_kp_ang set to 1.230952
[imu_filter_madgwick_node-3] [INFO] [1770696696.328233959] [imu_filter]: Parameter RLController.pid_ki_ang set to 0.000000
[imu_filter_madgwick_node-3] [INFO] [1770696696.328307113] [imu_filter]: Parameter RLController.pid_kd_ang set to 0.100024
[imu_filter_madgwick_node-3] [INFO] [1770696696.745758853] [imu_filter]: Parameter RLController.pid_kp_lin set to 1.225482
[imu_filter_madgwick_node-3] [INFO] [1770696696.745958922] [imu_filter]: Parameter RLController.pid_ki_lin set to 0.000000
[imu_filter_madgwick_node-3] [INFO] [1770696696.746032588] [imu_filter]: Parameter RLController.pid_kd_lin set to 0.020276
[imu_filter_madgwick_node-3] [INFO] [1770696696.746093581] [imu_filter]: Parameter RLController.pid_kp_ang set to 1.230952
[imu_filter_madgwick_node-3] [INFO] [1770696696.746149487] [imu_filter]: Parameter RLController.pid_ki_ang set to 0.000000
[imu_filter_madgwick_node-3] [INFO] [1770696696.746205104] [imu_filter]: Parameter RLController.pid_kd_ang set to 0.100024
[imu_filter_madgwick_node-3] [INFO] [1770696697.172356247] [imu_filter]: Parameter RLController.pid_kp_lin set to 1.225482
[imu_filter_madgwick_node-3] [INFO] [1770696697.172715871] [imu_filter]: Parameter RLController.pid_ki_lin set to 0.000000
[imu_filter_madgwick_node-3] [INFO] [1770696697.172843074] [imu_filter]: Parameter RLController.pid_kd_lin set to 0.020227
[imu_filter_madgwick_node-3] [INFO] [1770696697.172940549] [imu_filter]: Parameter RLController.pid_kp_ang set to 1.230952
[imu_filter_madgwick_node-3] [INFO] [1770696697.173005318] [imu_filter]: Parameter RLController.pid_ki_ang set to 0.000000
[imu_filter_madgwick_node-3] [INFO] [1770696697.173065639] [imu_filter]: Parameter RLController.pid_kd_ang set to 0.100024
[imu_filter_madgwick_node-3] [INFO] [1770696697.577305072] [imu_filter]: Parameter RLController.pid_kp_lin set to 1.225482
[imu_filter_madgwick_node-3] [INFO] [1770696697.577520341] [imu_filter]: Parameter RLController.pid_ki_lin set to 0.000000
[imu_filter_madgwick_node-3] [INFO] [1770696697.577617303] [imu_filter]: Parameter RLController.pid_kd_lin set to 0.020186
[imu_filter_madgwick_node-3] [INFO] [1770696697.577691705] [imu_filter]: Parameter RLController.pid_kp_ang set to 1.230952
[imu_filter_madgwick_node-3] [INFO] [1770696697.577755035] [imu_filter]: Parameter RLController.pid_ki_ang set to 0.000000
[imu_filter_madgwick_node-3] [INFO] [1770696697.577817308] [imu_filter]: Parameter RLController.pid_kd_ang set to 0.100024
[imu_filter_madgwick_node-3] [INFO] [1770696697.992146384] [imu_filter]: Parameter RLController.pid_kp_lin set to 1.225482
[imu_filter_madgwick_node-3] [INFO] [1770696697.992360373] [imu_filter]: Parameter RLController.pid_ki_lin set to 0.000000
[imu_filter_madgwick_node-3] [INFO] [1770696697.992428598] [imu_filter]: Parameter RLController.pid_kd_lin set to 0.020152
[imu_filter_madgwick_node-3] [INFO] [1770696697.992489784] [imu_filter]: Parameter RLController.pid_kp_ang set to 1.230952
[imu_filter_madgwick_node-3] [INFO] [1770696697.992672092] [imu_filter]: Parameter RLController.pid_ki_ang set to 0.000000
[imu_filter_madgwick_node-3] [INFO] [1770696697.992736574] [imu_filter]: Parameter RLController.pid_kd_ang set to 0.100024
[imu_filter_madgwick_node-3] [INFO] [1770696698.409620397] [imu_filter]: Parameter RLController.pid_kp_lin set to 1.225482
[imu_filter_madgwick_node-3] [INFO] [1770696698.412648563] [imu_filter]: Parameter RLController.pid_ki_lin set to 0.000000
[imu_filter_madgwick_node-3] [INFO] [1770696698.417063098] [imu_filter]: Parameter RLController.pid_kd_lin set to 0.020125
[imu_filter_madgwick_node-3] [INFO] [1770696698.420223748] [imu_filter]: Parameter RLController.pid_kp_ang set to 1.230952
[imu_filter_madgwick_node-3] [INFO] [1770696698.424345348] [imu_filter]: Parameter RLController.pid_ki_ang set to 0.000000
[imu_filter_madgwick_node-3] [INFO] [1770696698.426774556] [imu_filter]: Parameter RLController.pid_kd_ang set to 0.100024
[imu_filter_madgwick_node-3] [INFO] [1770696698.832776430] [imu_filter]: Parameter RLController.pid_kp_lin set to 1.225482
[imu_filter_madgwick_node-3] [INFO] [1770696698.832974035] [imu_filter]: Parameter RLController.pid_ki_lin set to 0.000000
[imu_filter_madgwick_node-3] [INFO] [1770696698.835254408] [imu_filter]: Parameter RLController.pid_kd_lin set to 0.020103
[imu_filter_madgwick_node-3] [INFO] [1770696698.835555983] [imu_filter]: Parameter RLController.pid_kp_ang set to 1.230952
[imu_filter_madgwick_node-3] [INFO] [1770696698.835634033] [imu_filter]: Parameter RLController.pid_ki_ang set to 0.000000
[imu_filter_madgwick_node-3] [INFO] [1770696698.835694354] [imu_filter]: Parameter RLController.pid_kd_ang set to 0.100024
[imu_filter_madgwick_node-3] [INFO] [1770696699.263665796] [imu_filter]: Parameter RLController.pid_kp_lin set to 1.225482
[imu_filter_madgwick_node-3] [INFO] [1770696699.263885833] [imu_filter]: Parameter RLController.pid_ki_lin set to 0.000000
[imu_filter_madgwick_node-3] [INFO] [1770696699.263961995] [imu_filter]: Parameter RLController.pid_kd_lin set to 0.020084
[imu_filter_madgwick_node-3] [INFO] [1770696699.264023404] [imu_filter]: Parameter RLController.pid_kp_ang set to 1.230952
[imu_filter_madgwick_node-3] [INFO] [1770696699.264081965] [imu_filter]: Parameter RLController.pid_ki_ang set to 0.000000
[imu_filter_madgwick_node-3] [INFO] [1770696699.271718943] [imu_filter]: Parameter RLController.pid_kd_ang set to 0.100024
[imu_filter_madgwick_node-3] [INFO] [1770696699.674609321] [imu_filter]: Parameter RLController.pid_kp_lin set to 1.225482
[imu_filter_madgwick_node-3] [INFO] [1770696699.674793805] [imu_filter]: Parameter RLController.pid_ki_lin set to 0.000000
[imu_filter_madgwick_node-3] [INFO] [1770696699.674864239] [imu_filter]: Parameter RLController.pid_kd_lin set to 0.020069
[imu_filter_madgwick_node-3] [INFO] [1770696699.681031038] [imu_filter]: Parameter RLController.pid_kp_ang set to 1.230952
[imu_filter_madgwick_node-3] [INFO] [1770696699.681383206] [imu_filter]: Parameter RLController.pid_ki_ang set to 0.000000
[imu_filter_madgwick_node-3] [INFO] [1770696699.681468072] [imu_filter]: Parameter RLController.pid_kd_ang set to 0.100024
[imu_filter_madgwick_node-3] [INFO] [1770696700.102084431] [imu_filter]: Parameter RLController.pid_kp_lin set to 1.225482
[imu_filter_madgwick_node-3] [INFO] [1770696700.104566504] [imu_filter]: Parameter RLController.pid_ki_lin set to 0.000000
[imu_filter_madgwick_node-3] [INFO] [1770696700.104748237] [imu_filter]: Parameter RLController.pid_kd_lin set to 0.020057
[imu_filter_madgwick_node-3] [INFO] [1770696700.104819630] [imu_filter]: Parameter RLController.pid_kp_ang set to 1.230952
[imu_filter_madgwick_node-3] [INFO] [1770696700.104879696] [imu_filter]: Parameter RLController.pid_ki_ang set to 0.000000
[imu_filter_madgwick_node-3] [INFO] [1770696700.104939857] [imu_filter]: Parameter RLController.pid_kd_ang set to 0.100024
[imu_filter_madgwick_node-3] [INFO] [1770696700.508703887] [imu_filter]: Parameter RLController.pid_kp_lin set to 1.225482
[imu_filter_madgwick_node-3] [INFO] [1770696700.508897715] [imu_filter]: Parameter RLController.pid_ki_lin set to 0.000000
[imu_filter_madgwick_node-3] [INFO] [1770696700.508963157] [imu_filter]: Parameter RLController.pid_kd_lin set to 0.020046
[imu_filter_madgwick_node-3] [INFO] [1770696700.509029462] [imu_filter]: Parameter RLController.pid_kp_ang set to 1.230952
[imu_filter_madgwick_node-3] [INFO] [1770696700.509086648] [imu_filter]: Parameter RLController.pid_ki_ang set to 0.000000
[imu_filter_madgwick_node-3] [INFO] [1770696700.511117191] [imu_filter]: Parameter RLController.pid_kd_ang set to 0.100024
[imu_filter_madgwick_node-3] [INFO] [1770696700.919629619] [imu_filter]: Parameter RLController.pid_kp_lin set to 1.225482
[imu_filter_madgwick_node-3] [INFO] [1770696700.919877849] [imu_filter]: Parameter RLController.pid_ki_lin set to 0.000000
[imu_filter_madgwick_node-3] [INFO] [1770696700.919988380] [imu_filter]: Parameter RLController.pid_kd_lin set to 0.020038
[imu_filter_madgwick_node-3] [INFO] [1770696700.920059293] [imu_filter]: Parameter RLController.pid_kp_ang set to 1.230952
[imu_filter_madgwick_node-3] [INFO] [1770696700.920122047] [imu_filter]: Parameter RLController.pid_ki_ang set to 0.000000
[imu_filter_madgwick_node-3] [INFO] [1770696700.920342948] [imu_filter]: Parameter RLController.pid_kd_ang set to 0.100024
[imu_filter_madgwick_node-3] [INFO] [1770696701.355570622] [imu_filter]: Parameter RLController.pid_kp_lin set to 1.225482
[imu_filter_madgwick_node-3] [INFO] [1770696701.355784643] [imu_filter]: Parameter RLController.pid_ki_lin set to 0.000000
[imu_filter_madgwick_node-3] [INFO] [1770696701.356340752] [imu_filter]: Parameter RLController.pid_kd_lin set to 0.020031
[imu_filter_madgwick_node-3] [INFO] [1770696701.356459411] [imu_filter]: Parameter RLController.pid_kp_ang set to 1.230952
[imu_filter_madgwick_node-3] [INFO] [1770696701.356519829] [imu_filter]: Parameter RLController.pid_ki_ang set to 0.000000
[imu_filter_madgwick_node-3] [INFO] [1770696701.356581270] [imu_filter]: Parameter RLController.pid_kd_ang set to 0.100024
[imu_filter_madgwick_node-3] [INFO] [1770696701.772444845] [imu_filter]: Parameter RLController.pid_kp_lin set to 1.225482
[imu_filter_madgwick_node-3] [INFO] [1770696701.772688947] [imu_filter]: Parameter RLController.pid_ki_lin set to 0.000000
[imu_filter_madgwick_node-3] [INFO] [1770696701.772768277] [imu_filter]: Parameter RLController.pid_kd_lin set to 0.020026
[imu_filter_madgwick_node-3] [INFO] [1770696701.773042651] [imu_filter]: Parameter RLController.pid_kp_ang set to 1.230952
[imu_filter_madgwick_node-3] [INFO] [1770696701.773112797] [imu_filter]: Parameter RLController.pid_ki_ang set to 0.000000
[imu_filter_madgwick_node-3] [INFO] [1770696701.773174398] [imu_filter]: Parameter RLController.pid_kd_ang set to 0.100024
[imu_filter_madgwick_node-3] [INFO] [1770696702.192811406] [imu_filter]: Parameter RLController.pid_kp_lin set to 1.225300
[imu_filter_madgwick_node-3] [INFO] [1770696702.193024115] [imu_filter]: Parameter RLController.pid_ki_lin set to 0.000000
[imu_filter_madgwick_node-3] [INFO] [1770696702.193105877] [imu_filter]: Parameter RLController.pid_kd_lin set to 0.020026
[imu_filter_madgwick_node-3] [INFO] [1770696702.193172822] [imu_filter]: Parameter RLController.pid_kp_ang set to 1.230952
[imu_filter_madgwick_node-3] [INFO] [1770696702.193231352] [imu_filter]: Parameter RLController.pid_ki_ang set to 0.000000
[imu_filter_madgwick_node-3] [INFO] [1770696702.193286393] [imu_filter]: Parameter RLController.pid_kd_ang set to 0.100024
[imu_filter_madgwick_node-3] [INFO] [1770696702.603809492] [imu_filter]: Parameter RLController.pid_kp_lin set to 1.225300
[imu_filter_madgwick_node-3] [INFO] [1770696702.604033977] [imu_filter]: Parameter RLController.pid_ki_lin set to 0.000000
[imu_filter_madgwick_node-3] [INFO] [1770696702.604110587] [imu_filter]: Parameter RLController.pid_kd_lin set to 0.020026
[imu_filter_madgwick_node-3] [INFO] [1770696702.604174141] [imu_filter]: Parameter RLController.pid_kp_ang set to 1.230952
[imu_filter_madgwick_node-3] [INFO] [1770696702.604266591] [imu_filter]: Parameter RLController.pid_ki_ang set to 0.000000
[imu_filter_madgwick_node-3] [INFO] [1770696702.604325088] [imu_filter]: Parameter RLController.pid_kd_ang set to 0.100109
[imu_filter_madgwick_node-3] [INFO] [1770696703.018708085] [imu_filter]: Parameter RLController.pid_kp_lin set to 1.225300
[imu_filter_madgwick_node-3] [INFO] [1770696703.018959451] [imu_filter]: Parameter RLController.pid_ki_lin set to 0.000000
[imu_filter_madgwick_node-3] [INFO] [1770696703.019048061] [imu_filter]: Parameter RLController.pid_kd_lin set to 0.020026
[imu_filter_madgwick_node-3] [INFO] [1770696703.019113534] [imu_filter]: Parameter RLController.pid_kp_ang set to 1.230952
[imu_filter_madgwick_node-3] [INFO] [1770696703.019178624] [imu_filter]: Parameter RLController.pid_ki_ang set to 0.000000
[imu_filter_madgwick_node-3] [INFO] [1770696703.019244450] [imu_filter]: Parameter RLController.pid_kd_ang set to 0.100198
[imu_filter_madgwick_node-3] [INFO] [1770696703.454237207] [imu_filter]: Parameter RLController.pid_kp_lin set to 1.225300
[imu_filter_madgwick_node-3] [INFO] [1770696703.454675009] [imu_filter]: Parameter RLController.pid_ki_lin set to 0.000000
[imu_filter_madgwick_node-3] [INFO] [1770696703.454784643] [imu_filter]: Parameter RLController.pid_kd_lin set to 0.020026
[imu_filter_madgwick_node-3] [INFO] [1770696703.454854597] [imu_filter]: Parameter RLController.pid_kp_ang set to 1.230952
[imu_filter_madgwick_node-3] [INFO] [1770696703.454916454] [imu_filter]: Parameter RLController.pid_ki_ang set to 0.000000
[imu_filter_madgwick_node-3] [INFO] [1770696703.454975432] [imu_filter]: Parameter RLController.pid_kd_ang set to 0.100279
[imu_filter_madgwick_node-3] [INFO] [1770696703.868266851] [imu_filter]: Parameter RLController.pid_kp_lin set to 1.225300
[imu_filter_madgwick_node-3] [INFO] [1770696703.870959042] [imu_filter]: Parameter RLController.pid_ki_lin set to 0.000000
[imu_filter_madgwick_node-3] [INFO] [1770696703.871144422] [imu_filter]: Parameter RLController.pid_kd_lin set to 0.020026
[imu_filter_madgwick_node-3] [INFO] [1770696703.871214504] [imu_filter]: Parameter RLController.pid_kp_ang set to 1.230952
[imu_filter_madgwick_node-3] [INFO] [1770696703.871272521] [imu_filter]: Parameter RLController.pid_ki_ang set to 0.000000
[imu_filter_madgwick_node-3] [INFO] [1770696703.871329515] [imu_filter]: Parameter RLController.pid_kd_ang set to 0.100350
[imu_filter_madgwick_node-3] [INFO] [1770696704.318399609] [imu_filter]: Parameter RLController.pid_kp_lin set to 1.225300
[imu_filter_madgwick_node-3] [INFO] [1770696704.318708000] [imu_filter]: Parameter RLController.pid_ki_lin set to 0.000000
[imu_filter_madgwick_node-3] [INFO] [1770696704.318786370] [imu_filter]: Parameter RLController.pid_kd_lin set to 0.020026
[imu_filter_madgwick_node-3] [INFO] [1770696704.318850308] [imu_filter]: Parameter RLController.pid_kp_ang set to 1.230952
[imu_filter_madgwick_node-3] [INFO] [1770696704.318908709] [imu_filter]: Parameter RLController.pid_ki_ang set to 0.000000
[imu_filter_madgwick_node-3] [INFO] [1770696704.318964870] [imu_filter]: Parameter RLController.pid_kd_ang set to 0.100414
[imu_filter_madgwick_node-3] [INFO] [1770696704.733885288] [imu_filter]: Parameter RLController.pid_kp_lin set to 1.225300
[imu_filter_madgwick_node-3] [INFO] [1770696704.736038202] [imu_filter]: Parameter RLController.pid_ki_lin set to 0.000000
[imu_filter_madgwick_node-3] [INFO] [1770696704.736279520] [imu_filter]: Parameter RLController.pid_kd_lin set to 0.020026
[imu_filter_madgwick_node-3] [INFO] [1770696704.736362978] [imu_filter]: Parameter RLController.pid_kp_ang set to 1.230952
[imu_filter_madgwick_node-3] [INFO] [1770696704.736423203] [imu_filter]: Parameter RLController.pid_ki_ang set to 0.000000
[imu_filter_madgwick_node-3] [INFO] [1770696704.740252316] [imu_filter]: Parameter RLController.pid_kd_ang set to 0.100473
[imu_filter_madgwick_node-3] [INFO] [1770696705.158943094] [imu_filter]: Parameter RLController.pid_kp_lin set to 1.225300
[imu_filter_madgwick_node-3] [INFO] [1770696705.159141754] [imu_filter]: Parameter RLController.pid_ki_lin set to 0.000000
[imu_filter_madgwick_node-3] [INFO] [1770696705.159213372] [imu_filter]: Parameter RLController.pid_kd_lin set to 0.020026
[imu_filter_madgwick_node-3] [INFO] [1770696705.159276093] [imu_filter]: Parameter RLController.pid_kp_ang set to 1.230952
[imu_filter_madgwick_node-3] [INFO] [1770696705.159336511] [imu_filter]: Parameter RLController.pid_ki_ang set to 0.000000
[imu_filter_madgwick_node-3] [INFO] [1770696705.159392768] [imu_filter]: Parameter RLController.pid_kd_ang set to 0.100533
[imu_filter_madgwick_node-3] [INFO] [1770696705.576632152] [imu_filter]: Parameter RLController.pid_kp_lin set to 1.225300
[imu_filter_madgwick_node-3] [INFO] [1770696705.576998720] [imu_filter]: Parameter RLController.pid_ki_lin set to 0.000000
[imu_filter_madgwick_node-3] [INFO] [1770696705.577155204] [imu_filter]: Parameter RLController.pid_kd_lin set to 0.020026
[imu_filter_madgwick_node-3] [INFO] [1770696705.577240582] [imu_filter]: Parameter RLController.pid_kp_ang set to 1.230952
[imu_filter_madgwick_node-3] [INFO] [1770696705.577310183] [imu_filter]: Parameter RLController.pid_ki_ang set to 0.000000
[imu_filter_madgwick_node-3] [INFO] [1770696705.577368649] [imu_filter]: Parameter RLController.pid_kd_ang set to 0.100592
[imu_filter_madgwick_node-3] [INFO] [1770696705.990304188] [imu_filter]: Parameter RLController.pid_kp_lin set to 1.225300
[imu_filter_madgwick_node-3] [INFO] [1770696705.990499617] [imu_filter]: Parameter RLController.pid_ki_lin set to 0.000000
[imu_filter_madgwick_node-3] [INFO] [1770696705.990571778] [imu_filter]: Parameter RLController.pid_kd_lin set to 0.020026
[imu_filter_madgwick_node-3] [INFO] [1770696705.990637700] [imu_filter]: Parameter RLController.pid_kp_ang set to 1.230952
[imu_filter_madgwick_node-3] [INFO] [1770696705.996006817] [imu_filter]: Parameter RLController.pid_ki_ang set to 0.000000
[imu_filter_madgwick_node-3] [INFO] [1770696705.996259719] [imu_filter]: Parameter RLController.pid_kd_ang set to 0.100648
[imu_filter_madgwick_node-3] [INFO] [1770696706.411936378] [imu_filter]: Parameter RLController.pid_kp_lin set to 1.225300
[imu_filter_madgwick_node-3] [INFO] [1770696706.412154303] [imu_filter]: Parameter RLController.pid_ki_lin set to 0.000000
[imu_filter_madgwick_node-3] [INFO] [1770696706.412414181] [imu_filter]: Parameter RLController.pid_kd_lin set to 0.020026
[imu_filter_madgwick_node-3] [INFO] [1770696706.412492935] [imu_filter]: Parameter RLController.pid_kp_ang set to 1.230952
[imu_filter_madgwick_node-3] [INFO] [1770696706.412580009] [imu_filter]: Parameter RLController.pid_ki_ang set to 0.000000
[imu_filter_madgwick_node-3] [INFO] [1770696706.412647850] [imu_filter]: Parameter RLController.pid_kd_ang set to 0.100700
[imu_filter_madgwick_node-3] [INFO] [1770696706.829459448] [imu_filter]: Parameter RLController.pid_kp_lin set to 1.225300
[imu_filter_madgwick_node-3] [INFO] [1770696706.829650493] [imu_filter]: Parameter RLController.pid_ki_lin set to 0.000000
[imu_filter_madgwick_node-3] [INFO] [1770696706.829732894] [imu_filter]: Parameter RLController.pid_kd_lin set to 0.020026
[imu_filter_madgwick_node-3] [INFO] [1770696706.829793408] [imu_filter]: Parameter RLController.pid_kp_ang set to 1.230952
[imu_filter_madgwick_node-3] [INFO] [1770696706.829850433] [imu_filter]: Parameter RLController.pid_ki_ang set to 0.000000
[imu_filter_madgwick_node-3] [INFO] [1770696706.829906786] [imu_filter]: Parameter RLController.pid_kd_ang set to 0.100752
[imu_filter_madgwick_node-3] [INFO] [1770696707.251972778] [imu_filter]: Parameter RLController.pid_kp_lin set to 1.225300
[imu_filter_madgwick_node-3] [INFO] [1770696707.254210207] [imu_filter]: Parameter RLController.pid_ki_lin set to 0.000000
[imu_filter_madgwick_node-3] [INFO] [1770696707.254629192] [imu_filter]: Parameter RLController.pid_kd_lin set to 0.020026
[imu_filter_madgwick_node-3] [INFO] [1770696707.254714410] [imu_filter]: Parameter RLController.pid_kp_ang set to 1.230952
[imu_filter_madgwick_node-3] [INFO] [1770696707.256312080] [imu_filter]: Parameter RLController.pid_ki_ang set to 0.000000
[imu_filter_madgwick_node-3] [INFO] [1770696707.257083778] [imu_filter]: Parameter RLController.pid_kd_ang set to 0.100801
[imu_filter_madgwick_node-3] [INFO] [1770696707.678302742] [imu_filter]: Parameter RLController.pid_kp_lin set to 1.225300
[imu_filter_madgwick_node-3] [INFO] [1770696707.678525723] [imu_filter]: Parameter RLController.pid_ki_lin set to 0.000000
[imu_filter_madgwick_node-3] [INFO] [1770696707.678607485] [imu_filter]: Parameter RLController.pid_kd_lin set to 0.020026
[imu_filter_madgwick_node-3] [INFO] [1770696707.678677694] [imu_filter]: Parameter RLController.pid_kp_ang set to 1.230952
[imu_filter_madgwick_node-3] [INFO] [1770696707.678736640] [imu_filter]: Parameter RLController.pid_ki_ang set to 0.000000
[imu_filter_madgwick_node-3] [INFO] [1770696707.678793473] [imu_filter]: Parameter RLController.pid_kd_ang set to 0.100847
[imu_filter_madgwick_node-3] [INFO] [1770696708.085715496] [imu_filter]: Parameter RLController.pid_kp_lin set to 1.225567
[imu_filter_madgwick_node-3] [INFO] [1770696708.085936174] [imu_filter]: Parameter RLController.pid_ki_lin set to 0.000000
[imu_filter_madgwick_node-3] [INFO] [1770696708.086013743] [imu_filter]: Parameter RLController.pid_kd_lin set to 0.020021
[imu_filter_madgwick_node-3] [INFO] [1770696708.086080209] [imu_filter]: Parameter RLController.pid_kp_ang set to 1.231141
[imu_filter_madgwick_node-3] [INFO] [1770696708.086136818] [imu_filter]: Parameter RLController.pid_ki_ang set to 0.000000
[imu_filter_madgwick_node-3] [INFO] [1770696708.086194516] [imu_filter]: Parameter RLController.pid_kd_ang set to 0.100847
[imu_filter_madgwick_node-3] [INFO] [1770696708.507172578] [imu_filter]: Parameter RLController.pid_kp_lin set to 1.226072
[imu_filter_madgwick_node-3] [INFO] [1770696708.509859969] [imu_filter]: Parameter RLController.pid_ki_lin set to 0.000000
[imu_filter_madgwick_node-3] [INFO] [1770696708.510160040] [imu_filter]: Parameter RLController.pid_kd_lin set to 0.020017
[imu_filter_madgwick_node-3] [INFO] [1770696708.510248170] [imu_filter]: Parameter RLController.pid_kp_ang set to 1.231141
[imu_filter_madgwick_node-3] [INFO] [1770696708.510312331] [imu_filter]: Parameter RLController.pid_ki_ang set to 0.000000
[imu_filter_madgwick_node-3] [INFO] [1770696708.510372493] [imu_filter]: Parameter RLController.pid_kd_ang set to 0.100847
[imu_filter_madgwick_node-3] [INFO] [1770696708.927102200] [imu_filter]: Parameter RLController.pid_kp_lin set to 1.226563
[imu_filter_madgwick_node-3] [INFO] [1770696708.927318365] [imu_filter]: Parameter RLController.pid_ki_lin set to 0.000000
[imu_filter_madgwick_node-3] [INFO] [1770696708.927383647] [imu_filter]: Parameter RLController.pid_kd_lin set to 0.020014
[imu_filter_madgwick_node-3] [INFO] [1770696708.927443744] [imu_filter]: Parameter RLController.pid_kp_ang set to 1.231141
[imu_filter_madgwick_node-3] [INFO] [1770696708.927502626] [imu_filter]: Parameter RLController.pid_ki_ang set to 0.000000
[imu_filter_madgwick_node-3] [INFO] [1770696708.927560803] [imu_filter]: Parameter RLController.pid_kd_ang set to 0.100847
[imu_filter_madgwick_node-3] [INFO] [1770696709.341654225] [imu_filter]: Parameter RLController.pid_kp_lin set to 1.226991
[imu_filter_madgwick_node-3] [INFO] [1770696709.341882007] [imu_filter]: Parameter RLController.pid_ki_lin set to 0.000000
[imu_filter_madgwick_node-3] [INFO] [1770696709.341956056] [imu_filter]: Parameter RLController.pid_kd_lin set to 0.020012
[imu_filter_madgwick_node-3] [INFO] [1770696709.342015802] [imu_filter]: Parameter RLController.pid_kp_ang set to 1.231141
[imu_filter_madgwick_node-3] [INFO] [1770696709.342070715] [imu_filter]: Parameter RLController.pid_ki_ang set to 0.000000
[imu_filter_madgwick_node-3] [INFO] [1770696709.342124636] [imu_filter]: Parameter RLController.pid_kd_ang set to 0.100847
[imu_filter_madgwick_node-3] [INFO] [1770696709.757341477] [imu_filter]: Parameter RLController.pid_kp_lin set to 1.227360
[imu_filter_madgwick_node-3] [INFO] [1770696709.757559338] [imu_filter]: Parameter RLController.pid_ki_lin set to 0.000000
[imu_filter_madgwick_node-3] [INFO] [1770696709.757642604] [imu_filter]: Parameter RLController.pid_kd_lin set to 0.020009
[imu_filter_madgwick_node-3] [INFO] [1770696709.757959955] [imu_filter]: Parameter RLController.pid_kp_ang set to 1.231141
[imu_filter_madgwick_node-3] [INFO] [1770696709.758044085] [imu_filter]: Parameter RLController.pid_ki_ang set to 0.000000
[imu_filter_madgwick_node-3] [INFO] [1770696709.758108567] [imu_filter]: Parameter RLController.pid_kd_ang set to 0.100847
[imu_filter_madgwick_node-3] [INFO] [1770696710.187279332] [imu_filter]: Parameter RLController.pid_kp_lin set to 1.227679
[imu_filter_madgwick_node-3] [INFO] [1770696710.187538794] [imu_filter]: Parameter RLController.pid_ki_lin set to 0.000000
[imu_filter_madgwick_node-3] [INFO] [1770696710.187614156] [imu_filter]: Parameter RLController.pid_kd_lin set to 0.020008
[imu_filter_madgwick_node-3] [INFO] [1770696710.187677421] [imu_filter]: Parameter RLController.pid_kp_ang set to 1.231141
[imu_filter_madgwick_node-3] [INFO] [1770696710.187850929] [imu_filter]: Parameter RLController.pid_ki_ang set to 0.000000
[imu_filter_madgwick_node-3] [INFO] [1770696710.187916595] [imu_filter]: Parameter RLController.pid_kd_ang set to 0.100847
[imu_filter_madgwick_node-3] [INFO] [1770696710.606871730] [imu_filter]: Parameter RLController.pid_kp_lin set to 1.227964
[imu_filter_madgwick_node-3] [INFO] [1770696710.607196058] [imu_filter]: Parameter RLController.pid_ki_lin set to 0.000000
[imu_filter_madgwick_node-3] [INFO] [1770696710.607280220] [imu_filter]: Parameter RLController.pid_kd_lin set to 0.020006
[imu_filter_madgwick_node-3] [INFO] [1770696710.607354558] [imu_filter]: Parameter RLController.pid_kp_ang set to 1.231141
[imu_filter_madgwick_node-3] [INFO] [1770696710.607417663] [imu_filter]: Parameter RLController.pid_ki_ang set to 0.000000
[imu_filter_madgwick_node-3] [INFO] [1770696710.607476993] [imu_filter]: Parameter RLController.pid_kd_ang set to 0.100847
[imu_filter_madgwick_node-3] [INFO] [1770696711.017741782] [imu_filter]: Parameter RLController.pid_kp_lin set to 1.228202
[imu_filter_madgwick_node-3] [INFO] [1770696711.018119134] [imu_filter]: Parameter RLController.pid_ki_lin set to 0.000000
[imu_filter_madgwick_node-3] [INFO] [1770696711.018244865] [imu_filter]: Parameter RLController.pid_kd_lin set to 0.020005
[imu_filter_madgwick_node-3] [INFO] [1770696711.018316259] [imu_filter]: Parameter RLController.pid_kp_ang set to 1.231141
[imu_filter_madgwick_node-3] [INFO] [1770696711.018379428] [imu_filter]: Parameter RLController.pid_ki_ang set to 0.000000
[imu_filter_madgwick_node-3] [INFO] [1770696711.018442950] [imu_filter]: Parameter RLController.pid_kd_ang set to 0.100847
[imu_filter_madgwick_node-3] [INFO] [1770696711.443585750] [imu_filter]: Parameter RLController.pid_kp_lin set to 1.228428
[imu_filter_madgwick_node-3] [INFO] [1770696711.443783738] [imu_filter]: Parameter RLController.pid_ki_lin set to 0.000000
[imu_filter_madgwick_node-3] [INFO] [1770696711.443856636] [imu_filter]: Parameter RLController.pid_kd_lin set to 0.020004
[imu_filter_madgwick_node-3] [INFO] [1770696711.443917213] [imu_filter]: Parameter RLController.pid_kp_ang set to 1.231141
[imu_filter_madgwick_node-3] [INFO] [1770696711.443972575] [imu_filter]: Parameter RLController.pid_ki_ang set to 0.000000
[imu_filter_madgwick_node-3] [INFO] [1770696711.444028512] [imu_filter]: Parameter RLController.pid_kd_ang set to 0.100847
[imu_filter_madgwick_node-3] [INFO] [1770696711.862405874] [imu_filter]: Parameter RLController.pid_kp_lin set to 1.228632
[imu_filter_madgwick_node-3] [INFO] [1770696711.862829564] [imu_filter]: Parameter RLController.pid_ki_lin set to 0.000000
[imu_filter_madgwick_node-3] [INFO] [1770696711.862939998] [imu_filter]: Parameter RLController.pid_kd_lin set to 0.020004
[imu_filter_madgwick_node-3] [INFO] [1770696711.863011648] [imu_filter]: Parameter RLController.pid_kp_ang set to 1.231141
[imu_filter_madgwick_node-3] [INFO] [1770696711.867719182] [imu_filter]: Parameter RLController.pid_ki_ang set to 0.000000
[imu_filter_madgwick_node-3] [INFO] [1770696711.867902354] [imu_filter]: Parameter RLController.pid_kd_ang set to 0.100847
[imu_filter_madgwick_node-3] [INFO] [1770696712.276226106] [imu_filter]: Parameter RLController.pid_kp_lin set to 1.228837
[imu_filter_madgwick_node-3] [INFO] [1770696712.276585602] [imu_filter]: Parameter RLController.pid_ki_lin set to 0.000000
[imu_filter_madgwick_node-3] [INFO] [1770696712.276673956] [imu_filter]: Parameter RLController.pid_kd_lin set to 0.020003
[imu_filter_madgwick_node-3] [INFO] [1770696712.276738886] [imu_filter]: Parameter RLController.pid_kp_ang set to 1.231141
[imu_filter_madgwick_node-3] [INFO] [1770696712.276798567] [imu_filter]: Parameter RLController.pid_ki_ang set to 0.000000
[imu_filter_madgwick_node-3] [INFO] [1770696712.276857289] [imu_filter]: Parameter RLController.pid_kd_ang set to 0.100847
[imu_filter_madgwick_node-3] [INFO] [1770696712.694457384] [imu_filter]: Parameter RLController.pid_kp_lin set to 1.228996
[imu_filter_madgwick_node-3] [INFO] [1770696712.696726557] [imu_filter]: Parameter RLController.pid_ki_lin set to 0.000000
[imu_filter_madgwick_node-3] [INFO] [1770696712.696901921] [imu_filter]: Parameter RLController.pid_kd_lin set to 0.020002
[imu_filter_madgwick_node-3] [INFO] [1770696712.696974115] [imu_filter]: Parameter RLController.pid_kp_ang set to 1.231141
[imu_filter_madgwick_node-3] [INFO] [1770696712.697040165] [imu_filter]: Parameter RLController.pid_ki_ang set to 0.000000
[imu_filter_madgwick_node-3] [INFO] [1770696712.697097990] [imu_filter]: Parameter RLController.pid_kd_ang set to 0.100847
[imu_filter_madgwick_node-3] [INFO] [1770696713.107191671] [imu_filter]: Parameter RLController.pid_kp_lin set to 1.229139
[imu_filter_madgwick_node-3] [INFO] [1770696713.107409020] [imu_filter]: Parameter RLController.pid_ki_lin set to 0.000000
[imu_filter_madgwick_node-3] [INFO] [1770696713.107483070] [imu_filter]: Parameter RLController.pid_kd_lin set to 0.020002
[imu_filter_madgwick_node-3] [INFO] [1770696713.107548735] [imu_filter]: Parameter RLController.pid_kp_ang set to 1.231141
[imu_filter_madgwick_node-3] [INFO] [1770696713.107610081] [imu_filter]: Parameter RLController.pid_ki_ang set to 0.000000
[imu_filter_madgwick_node-3] [INFO] [1770696713.107670050] [imu_filter]: Parameter RLController.pid_kd_ang set to 0.100847
[imu_filter_madgwick_node-3] [INFO] [1770696713.516308273] [imu_filter]: Parameter RLController.pid_kp_lin set to 1.229291
[imu_filter_madgwick_node-3] [INFO] [1770696713.516519894] [imu_filter]: Parameter RLController.pid_ki_lin set to 0.000000
[imu_filter_madgwick_node-3] [INFO] [1770696713.516591672] [imu_filter]: Parameter RLController.pid_kd_lin set to 0.020002
[imu_filter_madgwick_node-3] [INFO] [1770696713.516653625] [imu_filter]: Parameter RLController.pid_kp_ang set to 1.231141
[imu_filter_madgwick_node-3] [INFO] [1770696713.516709115] [imu_filter]: Parameter RLController.pid_ki_ang set to 0.000000
[imu_filter_madgwick_node-3] [INFO] [1770696713.516766268] [imu_filter]: Parameter RLController.pid_kd_ang set to 0.100847
[imu_filter_madgwick_node-3] [INFO] [1770696713.932831352] [imu_filter]: Parameter RLController.pid_kp_lin set to 1.229454
[imu_filter_madgwick_node-3] [INFO] [1770696713.933193185] [imu_filter]: Parameter RLController.pid_ki_lin set to 0.000000
[imu_filter_madgwick_node-3] [INFO] [1770696713.933279171] [imu_filter]: Parameter RLController.pid_kd_lin set to 0.020001
[imu_filter_madgwick_node-3] [INFO] [1770696713.933341636] [imu_filter]: Parameter RLController.pid_kp_ang set to 1.231141
[imu_filter_madgwick_node-3] [INFO] [1770696713.933396453] [imu_filter]: Parameter RLController.pid_ki_ang set to 0.000000
[imu_filter_madgwick_node-3] [INFO] [1770696713.933451527] [imu_filter]: Parameter RLController.pid_kd_ang set to 0.100847
[imu_filter_madgwick_node-3] [INFO] [1770696714.355110469] [imu_filter]: Parameter RLController.pid_kp_lin set to 1.229604
[imu_filter_madgwick_node-3] [INFO] [1770696714.357916679] [imu_filter]: Parameter RLController.pid_ki_lin set to 0.000000
[imu_filter_madgwick_node-3] [INFO] [1770696714.358244174] [imu_filter]: Parameter RLController.pid_kd_lin set to 0.020001
[imu_filter_madgwick_node-3] [INFO] [1770696714.358326480] [imu_filter]: Parameter RLController.pid_kp_ang set to 1.231141
[imu_filter_madgwick_node-3] [INFO] [1770696714.358389586] [imu_filter]: Parameter RLController.pid_ki_ang set to 0.000000
[imu_filter_madgwick_node-3] [INFO] [1770696714.358448787] [imu_filter]: Parameter RLController.pid_kd_ang set to 0.100847
[imu_filter_madgwick_node-3] [INFO] [1770696714.766549302] [imu_filter]: Parameter RLController.pid_kp_lin set to 1.229750
[imu_filter_madgwick_node-3] [INFO] [1770696714.766738362] [imu_filter]: Parameter RLController.pid_ki_lin set to 0.000000
[imu_filter_madgwick_node-3] [INFO] [1770696714.766808252] [imu_filter]: Parameter RLController.pid_kd_lin set to 0.020001
[imu_filter_madgwick_node-3] [INFO] [1770696714.769244756] [imu_filter]: Parameter RLController.pid_kp_ang set to 1.231141
[imu_filter_madgwick_node-3] [INFO] [1770696714.777389906] [imu_filter]: Parameter RLController.pid_ki_ang set to 0.000000
[imu_filter_madgwick_node-3] [INFO] [1770696714.777619544] [imu_filter]: Parameter RLController.pid_kd_ang set to 0.100847
[imu_filter_madgwick_node-3] [INFO] [1770696715.181308723] [imu_filter]: Parameter RLController.pid_kp_lin set to 1.229892
[imu_filter_madgwick_node-3] [INFO] [1770696715.181637179] [imu_filter]: Parameter RLController.pid_ki_lin set to 0.000000
[imu_filter_madgwick_node-3] [INFO] [1770696715.181730589] [imu_filter]: Parameter RLController.pid_kd_lin set to 0.020001
[imu_filter_madgwick_node-3] [INFO] [1770696715.181826239] [imu_filter]: Parameter RLController.pid_kp_ang set to 1.231141
[imu_filter_madgwick_node-3] [INFO] [1770696715.181892289] [imu_filter]: Parameter RLController.pid_ki_ang set to 0.000000
[imu_filter_madgwick_node-3] [INFO] [1770696715.181951458] [imu_filter]: Parameter RLController.pid_kd_ang set to 0.100847
[imu_filter_madgwick_node-3] [INFO] [1770696715.589773023] [imu_filter]: Parameter RLController.pid_kp_lin set to 1.230089
[imu_filter_madgwick_node-3] [INFO] [1770696715.589972899] [imu_filter]: Parameter RLController.pid_ki_lin set to 0.000000
[imu_filter_madgwick_node-3] [INFO] [1770696715.590163016] [imu_filter]: Parameter RLController.pid_kd_lin set to 0.020001
[imu_filter_madgwick_node-3] [INFO] [1770696715.590231337] [imu_filter]: Parameter RLController.pid_kp_ang set to 1.231141
[imu_filter_madgwick_node-3] [INFO] [1770696715.590291787] [imu_filter]: Parameter RLController.pid_ki_ang set to 0.000000
[imu_filter_madgwick_node-3] [INFO] [1770696715.590349708] [imu_filter]: Parameter RLController.pid_kd_ang set to 0.100847
[imu_filter_madgwick_node-3] [INFO] [1770696716.012918880] [imu_filter]: Parameter RLController.pid_kp_lin set to 1.230227
[imu_filter_madgwick_node-3] [INFO] [1770696716.014854029] [imu_filter]: Parameter RLController.pid_ki_lin set to 0.000000
[imu_filter_madgwick_node-3] [INFO] [1770696716.015016817] [imu_filter]: Parameter RLController.pid_kd_lin set to 0.020001
[imu_filter_madgwick_node-3] [INFO] [1770696716.015089778] [imu_filter]: Parameter RLController.pid_kp_ang set to 1.231141
[imu_filter_madgwick_node-3] [INFO] [1770696716.015145716] [imu_filter]: Parameter RLController.pid_ki_ang set to 0.000000
[imu_filter_madgwick_node-3] [INFO] [1770696716.015198773] [imu_filter]: Parameter RLController.pid_kd_ang set to 0.100847
[imu_filter_madgwick_node-3] [INFO] [1770696716.429730573] [imu_filter]: Parameter RLController.pid_kp_lin set to 1.230227
[imu_filter_madgwick_node-3] [INFO] [1770696716.430043701] [imu_filter]: Parameter RLController.pid_ki_lin set to 0.000000
[imu_filter_madgwick_node-3] [INFO] [1770696716.430133783] [imu_filter]: Parameter RLController.pid_kd_lin set to 0.020001
[imu_filter_madgwick_node-3] [INFO] [1770696716.430194392] [imu_filter]: Parameter RLController.pid_kp_ang set to 1.231141
[imu_filter_madgwick_node-3] [INFO] [1770696716.430250521] [imu_filter]: Parameter RLController.pid_ki_ang set to 0.000000
[imu_filter_madgwick_node-3] [INFO] [1770696716.430305691] [imu_filter]: Parameter RLController.pid_kd_ang set to 0.100847
[imu_filter_madgwick_node-3] [INFO] [1770696716.857857698] [imu_filter]: Parameter RLController.pid_kp_lin set to 1.230227
[imu_filter_madgwick_node-3] [INFO] [1770696716.858154217] [imu_filter]: Parameter RLController.pid_ki_lin set to 0.000000
[imu_filter_madgwick_node-3] [INFO] [1770696716.858255628] [imu_filter]: Parameter RLController.pid_kd_lin set to 0.020001
[imu_filter_madgwick_node-3] [INFO] [1770696716.858326413] [imu_filter]: Parameter RLController.pid_kp_ang set to 1.231141
[imu_filter_madgwick_node-3] [INFO] [1770696716.858498353] [imu_filter]: Parameter RLController.pid_ki_ang set to 0.000000
[imu_filter_madgwick_node-3] [INFO] [1770696716.858583187] [imu_filter]: Parameter RLController.pid_kd_ang set to 0.100847
[imu_filter_madgwick_node-3] [INFO] [1770696717.278474601] [imu_filter]: Parameter RLController.pid_kp_lin set to 1.230227
[imu_filter_madgwick_node-3] [INFO] [1770696717.278693774] [imu_filter]: Parameter RLController.pid_ki_lin set to 0.000000
[imu_filter_madgwick_node-3] [INFO] [1770696717.278763471] [imu_filter]: Parameter RLController.pid_kd_lin set to 0.020001
[imu_filter_madgwick_node-3] [INFO] [1770696717.278826801] [imu_filter]: Parameter RLController.pid_kp_ang set to 1.231141
[imu_filter_madgwick_node-3] [INFO] [1770696717.278882066] [imu_filter]: Parameter RLController.pid_ki_ang set to 0.000000
[imu_filter_madgwick_node-3] [INFO] [1770696717.278939827] [imu_filter]: Parameter RLController.pid_kd_ang set to 0.100847
[imu_filter_madgwick_node-3] [INFO] [1770696717.717565853] [imu_filter]: Parameter RLController.pid_kp_lin set to 1.230227
[imu_filter_madgwick_node-3] [INFO] [1770696717.718119594] [imu_filter]: Parameter RLController.pid_ki_lin set to 0.000000
[imu_filter_madgwick_node-3] [INFO] [1770696717.718217772] [imu_filter]: Parameter RLController.pid_kd_lin set to 0.020001
[imu_filter_madgwick_node-3] [INFO] [1770696717.718281550] [imu_filter]: Parameter RLController.pid_kp_ang set to 1.231141
[imu_filter_madgwick_node-3] [INFO] [1770696717.718349327] [imu_filter]: Parameter RLController.pid_ki_ang set to 0.000000
[imu_filter_madgwick_node-3] [INFO] [1770696717.718406545] [imu_filter]: Parameter RLController.pid_kd_ang set to 0.100847
[imu_filter_madgwick_node-3] [INFO] [1770696718.124990672] [imu_filter]: Parameter RLController.pid_kp_lin set to 1.229958
[imu_filter_madgwick_node-3] [INFO] [1770696718.125203605] [imu_filter]: Parameter RLController.pid_ki_lin set to 0.000000
[imu_filter_madgwick_node-3] [INFO] [1770696718.125271863] [imu_filter]: Parameter RLController.pid_kd_lin set to 0.020001
[imu_filter_madgwick_node-3] [INFO] [1770696718.125333400] [imu_filter]: Parameter RLController.pid_kp_ang set to 1.231141
[imu_filter_madgwick_node-3] [INFO] [1770696718.125396090] [imu_filter]: Parameter RLController.pid_ki_ang set to 0.000000
[imu_filter_madgwick_node-3] [INFO] [1770696718.125457723] [imu_filter]: Parameter RLController.pid_kd_ang set to 0.100847
[imu_filter_madgwick_node-3] [INFO] [1770696718.545357713] [imu_filter]: Parameter RLController.pid_kp_lin set to 1.230148
[imu_filter_madgwick_node-3] [INFO] [1770696718.554304065] [imu_filter]: Parameter RLController.pid_ki_lin set to 0.000000
[imu_filter_madgwick_node-3] [INFO] [1770696718.554504294] [imu_filter]: Parameter RLController.pid_kd_lin set to 0.020001
[imu_filter_madgwick_node-3] [INFO] [1770696718.554713674] [imu_filter]: Parameter RLController.pid_kp_ang set to 1.231141
[imu_filter_madgwick_node-3] [INFO] [1770696718.554784428] [imu_filter]: Parameter RLController.pid_ki_ang set to 0.000000
[imu_filter_madgwick_node-3] [INFO] [1770696718.554844430] [imu_filter]: Parameter RLController.pid_kd_ang set to 0.100847
[imu_filter_madgwick_node-3] [INFO] [1770696718.966987566] [imu_filter]: Parameter RLController.pid_kp_lin set to 1.230441
[imu_filter_madgwick_node-3] [INFO] [1770696718.967340887] [imu_filter]: Parameter RLController.pid_ki_lin set to 0.000000
[imu_filter_madgwick_node-3] [INFO] [1770696718.967425689] [imu_filter]: Parameter RLController.pid_kd_lin set to 0.020000
[imu_filter_madgwick_node-3] [INFO] [1770696718.967489338] [imu_filter]: Parameter RLController.pid_kp_ang set to 1.231141
[imu_filter_madgwick_node-3] [INFO] [1770696718.967546555] [imu_filter]: Parameter RLController.pid_ki_ang set to 0.000000
[imu_filter_madgwick_node-3] [INFO] [1770696718.967603965] [imu_filter]: Parameter RLController.pid_kd_ang set to 0.100847
[imu_filter_madgwick_node-3] [INFO] [1770696719.387522227] [imu_filter]: Parameter RLController.pid_kp_lin set to 1.230715
[imu_filter_madgwick_node-3] [INFO] [1770696719.389140632] [imu_filter]: Parameter RLController.pid_ki_lin set to 0.000000
[imu_filter_madgwick_node-3] [INFO] [1770696719.389477376] [imu_filter]: Parameter RLController.pid_kd_lin set to 0.020000
[imu_filter_madgwick_node-3] [INFO] [1770696719.389893354] [imu_filter]: Parameter RLController.pid_kp_ang set to 1.231141
[imu_filter_madgwick_node-3] [INFO] [1770696719.389975852] [imu_filter]: Parameter RLController.pid_ki_ang set to 0.000000
[imu_filter_madgwick_node-3] [INFO] [1770696719.390039149] [imu_filter]: Parameter RLController.pid_kd_ang set to 0.100847
[imu_filter_madgwick_node-3] [INFO] [1770696719.796421896] [imu_filter]: Parameter RLController.pid_kp_lin set to 1.230990
[imu_filter_madgwick_node-3] [INFO] [1770696719.796635949] [imu_filter]: Parameter RLController.pid_ki_lin set to 0.000000
[imu_filter_madgwick_node-3] [INFO] [1770696719.796711439] [imu_filter]: Parameter RLController.pid_kd_lin set to 0.020000
[imu_filter_madgwick_node-3] [INFO] [1770696719.796775472] [imu_filter]: Parameter RLController.pid_kp_ang set to 1.231141
[imu_filter_madgwick_node-3] [INFO] [1770696719.796837362] [imu_filter]: Parameter RLController.pid_ki_ang set to 0.000000
[imu_filter_madgwick_node-3] [INFO] [1770696719.800697836] [imu_filter]: Parameter RLController.pid_kd_ang set to 0.100847
[imu_filter_madgwick_node-3] [INFO] [1770696720.209852007] [imu_filter]: Parameter RLController.pid_kp_lin set to 1.231239
[imu_filter_madgwick_node-3] [INFO] [1770696720.210064108] [imu_filter]: Parameter RLController.pid_ki_lin set to 0.000000
[imu_filter_madgwick_node-3] [INFO] [1770696720.210143118] [imu_filter]: Parameter RLController.pid_kd_lin set to 0.020000
[imu_filter_madgwick_node-3] [INFO] [1770696720.210208079] [imu_filter]: Parameter RLController.pid_kp_ang set to 1.231141
[imu_filter_madgwick_node-3] [INFO] [1770696720.210268048] [imu_filter]: Parameter RLController.pid_ki_ang set to 0.000000
[imu_filter_madgwick_node-3] [INFO] [1770696720.210327282] [imu_filter]: Parameter RLController.pid_kd_ang set to 0.100847
[imu_filter_madgwick_node-3] [INFO] [1770696720.630709587] [imu_filter]: Parameter RLController.pid_kp_lin set to 1.231470
[imu_filter_madgwick_node-3] [INFO] [1770696720.630918455] [imu_filter]: Parameter RLController.pid_ki_lin set to 0.000000
[imu_filter_madgwick_node-3] [INFO] [1770696720.630990393] [imu_filter]: Parameter RLController.pid_kd_lin set to 0.020000
[imu_filter_madgwick_node-3] [INFO] [1770696720.631056539] [imu_filter]: Parameter RLController.pid_kp_ang set to 1.231141
[imu_filter_madgwick_node-3] [INFO] [1770696720.631107932] [imu_filter]: Parameter RLController.pid_ki_ang set to 0.000000
[imu_filter_madgwick_node-3] [INFO] [1770696720.634096289] [imu_filter]: Parameter RLController.pid_kd_ang set to 0.100847
[imu_filter_madgwick_node-3] [INFO] [1770696721.046826896] [imu_filter]: Parameter RLController.pid_kp_lin set to 1.231695
[imu_filter_madgwick_node-3] [INFO] [1770696721.047047061] [imu_filter]: Parameter RLController.pid_ki_lin set to 0.000000
[imu_filter_madgwick_node-3] [INFO] [1770696721.047121815] [imu_filter]: Parameter RLController.pid_kd_lin set to 0.020000
[imu_filter_madgwick_node-3] [INFO] [1770696721.047187480] [imu_filter]: Parameter RLController.pid_kp_ang set to 1.231141
[imu_filter_madgwick_node-3] [INFO] [1770696721.047242618] [imu_filter]: Parameter RLController.pid_ki_ang set to 0.000000
[imu_filter_madgwick_node-3] [INFO] [1770696721.047528928] [imu_filter]: Parameter RLController.pid_kd_ang set to 0.100847
[imu_filter_madgwick_node-3] [INFO] [1770696721.458185311] [imu_filter]: Parameter RLController.pid_kp_lin set to 1.231911
[imu_filter_madgwick_node-3] [INFO] [1770696721.458377507] [imu_filter]: Parameter RLController.pid_ki_lin set to 0.000000
[imu_filter_madgwick_node-3] [INFO] [1770696721.458450341] [imu_filter]: Parameter RLController.pid_kd_lin set to 0.020000
[imu_filter_madgwick_node-3] [INFO] [1770696721.458513766] [imu_filter]: Parameter RLController.pid_kp_ang set to 1.231141
[imu_filter_madgwick_node-3] [INFO] [1770696721.458572776] [imu_filter]: Parameter RLController.pid_ki_ang set to 0.000000
[imu_filter_madgwick_node-3] [INFO] [1770696721.458629961] [imu_filter]: Parameter RLController.pid_kd_ang set to 0.100847
[imu_filter_madgwick_node-3] [INFO] [1770696721.873562155] [imu_filter]: Parameter RLController.pid_kp_lin set to 1.232121
[imu_filter_madgwick_node-3] [INFO] [1770696721.873745967] [imu_filter]: Parameter RLController.pid_ki_lin set to 0.000000
[imu_filter_madgwick_node-3] [INFO] [1770696721.873828529] [imu_filter]: Parameter RLController.pid_kd_lin set to 0.020000
[imu_filter_madgwick_node-3] [INFO] [1770696721.873887506] [imu_filter]: Parameter RLController.pid_kp_ang set to 1.231141
[imu_filter_madgwick_node-3] [INFO] [1770696721.874091767] [imu_filter]: Parameter RLController.pid_ki_ang set to 0.000000
[imu_filter_madgwick_node-3] [INFO] [1770696721.874173497] [imu_filter]: Parameter RLController.pid_kd_ang set to 0.100847
[imu_filter_madgwick_node-3] [INFO] [1770696722.299939799] [imu_filter]: Parameter RLController.pid_kp_lin set to 1.232318
[imu_filter_madgwick_node-3] [INFO] [1770696722.300150940] [imu_filter]: Parameter RLController.pid_ki_lin set to 0.000000
[imu_filter_madgwick_node-3] [INFO] [1770696722.300270655] [imu_filter]: Parameter RLController.pid_kd_lin set to 0.020000
[imu_filter_madgwick_node-3] [INFO] [1770696722.300344096] [imu_filter]: Parameter RLController.pid_kp_ang set to 1.231141
[imu_filter_madgwick_node-3] [INFO] [1770696722.300838636] [imu_filter]: Parameter RLController.pid_ki_ang set to 0.000000
[imu_filter_madgwick_node-3] [INFO] [1770696722.300933454] [imu_filter]: Parameter RLController.pid_kd_ang set to 0.100847
[imu_filter_madgwick_node-3] [INFO] [1770696722.715625930] [imu_filter]: Parameter RLController.pid_kp_lin set to 1.232510
[imu_filter_madgwick_node-3] [INFO] [1770696722.715809839] [imu_filter]: Parameter RLController.pid_ki_lin set to 0.000000
[imu_filter_madgwick_node-3] [INFO] [1770696722.715888721] [imu_filter]: Parameter RLController.pid_kd_lin set to 0.020000
[imu_filter_madgwick_node-3] [INFO] [1770696722.715952210] [imu_filter]: Parameter RLController.pid_kp_ang set to 1.231141
[imu_filter_madgwick_node-3] [INFO] [1770696722.716009683] [imu_filter]: Parameter RLController.pid_ki_ang set to 0.000000
[imu_filter_madgwick_node-3] [INFO] [1770696722.716108118] [imu_filter]: Parameter RLController.pid_kd_ang set to 0.100847
[imu_filter_madgwick_node-3] [INFO] [1770696723.123089150] [imu_filter]: Parameter RLController.pid_kp_lin set to 1.232682
[imu_filter_madgwick_node-3] [INFO] [1770696723.123307715] [imu_filter]: Parameter RLController.pid_ki_lin set to 0.000000
[imu_filter_madgwick_node-3] [INFO] [1770696723.123381157] [imu_filter]: Parameter RLController.pid_kd_lin set to 0.020000
[imu_filter_madgwick_node-3] [INFO] [1770696723.123446599] [imu_filter]: Parameter RLController.pid_kp_ang set to 1.231141
[imu_filter_madgwick_node-3] [INFO] [1770696723.124096822] [imu_filter]: Parameter RLController.pid_ki_ang set to 0.000000
[imu_filter_madgwick_node-3] [INFO] [1770696723.124246297] [imu_filter]: Parameter RLController.pid_kd_ang set to 0.100847
[imu_filter_madgwick_node-3] [INFO] [1770696723.561905612] [imu_filter]: Parameter RLController.pid_kp_lin set to 1.232845
[imu_filter_madgwick_node-3] [INFO] [1770696723.562110993] [imu_filter]: Parameter RLController.pid_ki_lin set to 0.000000
[imu_filter_madgwick_node-3] [INFO] [1770696723.563247468] [imu_filter]: Parameter RLController.pid_kd_lin set to 0.020000
[imu_filter_madgwick_node-3] [INFO] [1770696723.563483281] [imu_filter]: Parameter RLController.pid_kp_ang set to 1.231141
[imu_filter_madgwick_node-3] [INFO] [1770696723.563606836] [imu_filter]: Parameter RLController.pid_ki_ang set to 0.000000
[imu_filter_madgwick_node-3] [INFO] [1770696723.563675222] [imu_filter]: Parameter RLController.pid_kd_ang set to 0.100847
[imu_filter_madgwick_node-3] [INFO] [1770696723.974426902] [imu_filter]: Parameter RLController.pid_kp_lin set to 1.233012
[imu_filter_madgwick_node-3] [INFO] [1770696723.974617082] [imu_filter]: Parameter RLController.pid_ki_lin set to 0.000000
[imu_filter_madgwick_node-3] [INFO] [1770696723.974692956] [imu_filter]: Parameter RLController.pid_kd_lin set to 0.020000
[imu_filter_madgwick_node-3] [INFO] [1770696723.974759422] [imu_filter]: Parameter RLController.pid_kp_ang set to 1.231141
[imu_filter_madgwick_node-3] [INFO] [1770696723.974820255] [imu_filter]: Parameter RLController.pid_ki_ang set to 0.000000
[imu_filter_madgwick_node-3] [INFO] [1770696723.974878497] [imu_filter]: Parameter RLController.pid_kd_ang set to 0.100847
[imu_filter_madgwick_node-3] [INFO] [1770696724.389780642] [imu_filter]: Parameter RLController.pid_kp_lin set to 1.233199
[imu_filter_madgwick_node-3] [INFO] [1770696724.389996551] [imu_filter]: Parameter RLController.pid_ki_lin set to 0.000000
[imu_filter_madgwick_node-3] [INFO] [1770696724.390067912] [imu_filter]: Parameter RLController.pid_kd_lin set to 0.020000
[imu_filter_madgwick_node-3] [INFO] [1770696724.390127690] [imu_filter]: Parameter RLController.pid_kp_ang set to 1.231141
[imu_filter_madgwick_node-3] [INFO] [1770696724.390185195] [imu_filter]: Parameter RLController.pid_ki_ang set to 0.000000
[imu_filter_madgwick_node-3] [INFO] [1770696724.390241900] [imu_filter]: Parameter RLController.pid_kd_ang set to 0.100847
[imu_filter_madgwick_node-3] [INFO] [1770696724.804173143] [imu_filter]: Parameter RLController.pid_kp_lin set to 1.233379
[imu_filter_madgwick_node-3] [INFO] [1770696724.804384668] [imu_filter]: Parameter RLController.pid_ki_lin set to 0.000000
[imu_filter_madgwick_node-3] [INFO] [1770696724.804454941] [imu_filter]: Parameter RLController.pid_kd_lin set to 0.020000
[imu_filter_madgwick_node-3] [INFO] [1770696724.804516799] [imu_filter]: Parameter RLController.pid_kp_ang set to 1.231141
[imu_filter_madgwick_node-3] [INFO] [1770696724.804575168] [imu_filter]: Parameter RLController.pid_ki_ang set to 0.000000
[imu_filter_madgwick_node-3] [INFO] [1770696724.804624385] [imu_filter]: Parameter RLController.pid_kd_ang set to 0.100847
[imu_filter_madgwick_node-3] [INFO] [1770696725.232157513] [imu_filter]: Parameter RLController.pid_kp_lin set to 1.233542
[imu_filter_madgwick_node-3] [INFO] [1770696725.232390222] [imu_filter]: Parameter RLController.pid_ki_lin set to 0.000000
[imu_filter_madgwick_node-3] [INFO] [1770696725.232468528] [imu_filter]: Parameter RLController.pid_kd_lin set to 0.020000
[imu_filter_madgwick_node-3] [INFO] [1770696725.232534578] [imu_filter]: Parameter RLController.pid_kp_ang set to 1.231141
[imu_filter_madgwick_node-3] [INFO] [1770696725.232596627] [imu_filter]: Parameter RLController.pid_ki_ang set to 0.000000
[imu_filter_madgwick_node-3] [INFO] [1770696725.232659252] [imu_filter]: Parameter RLController.pid_kd_ang set to 0.100847
[imu_filter_madgwick_node-3] [INFO] [1770696725.642483487] [imu_filter]: Parameter RLController.pid_kp_lin set to 1.233701
[imu_filter_madgwick_node-3] [INFO] [1770696725.642694660] [imu_filter]: Parameter RLController.pid_ki_lin set to 0.000000
[imu_filter_madgwick_node-3] [INFO] [1770696725.642773574] [imu_filter]: Parameter RLController.pid_kd_lin set to 0.020000
[imu_filter_madgwick_node-3] [INFO] [1770696725.642834951] [imu_filter]: Parameter RLController.pid_kp_ang set to 1.231141
[imu_filter_madgwick_node-3] [INFO] [1770696725.642892393] [imu_filter]: Parameter RLController.pid_ki_ang set to 0.000000
[imu_filter_madgwick_node-3] [INFO] [1770696725.642947466] [imu_filter]: Parameter RLController.pid_kd_ang set to 0.100847
[imu_filter_madgwick_node-3] [INFO] [1770696726.086177631] [imu_filter]: Parameter RLController.pid_kp_lin set to 1.233853
[imu_filter_madgwick_node-3] [INFO] [1770696726.086397892] [imu_filter]: Parameter RLController.pid_ki_lin set to 0.000000
[imu_filter_madgwick_node-3] [INFO] [1770696726.086474246] [imu_filter]: Parameter RLController.pid_kd_lin set to 0.020000
[imu_filter_madgwick_node-3] [INFO] [1770696726.086534695] [imu_filter]: Parameter RLController.pid_kp_ang set to 1.231141
[imu_filter_madgwick_node-3] [INFO] [1770696726.086592585] [imu_filter]: Parameter RLController.pid_ki_ang set to 0.000000
[imu_filter_madgwick_node-3] [INFO] [1770696726.086648458] [imu_filter]: Parameter RLController.pid_kd_ang set to 0.100847
[imu_filter_madgwick_node-3] [INFO] [1770696726.500507187] [imu_filter]: Parameter RLController.pid_kp_lin set to 1.233999
[imu_filter_madgwick_node-3] [INFO] [1770696726.500719704] [imu_filter]: Parameter RLController.pid_ki_lin set to 0.000000
[imu_filter_madgwick_node-3] [INFO] [1770696726.500932381] [imu_filter]: Parameter RLController.pid_kd_lin set to 0.020000
[imu_filter_madgwick_node-3] [INFO] [1770696726.501007390] [imu_filter]: Parameter RLController.pid_kp_ang set to 1.231141
[imu_filter_madgwick_node-3] [INFO] [1770696726.501071968] [imu_filter]: Parameter RLController.pid_ki_ang set to 0.000000
[imu_filter_madgwick_node-3] [INFO] [1770696726.501133377] [imu_filter]: Parameter RLController.pid_kd_ang set to 0.100847
[imu_filter_madgwick_node-3] [INFO] [1770696726.920991222] [imu_filter]: Parameter RLController.pid_kp_lin set to 1.234194
[imu_filter_madgwick_node-3] [INFO] [1770696726.921196091] [imu_filter]: Parameter RLController.pid_ki_lin set to 0.000000
[imu_filter_madgwick_node-3] [INFO] [1770696726.921281405] [imu_filter]: Parameter RLController.pid_kd_lin set to 0.020000
[imu_filter_madgwick_node-3] [INFO] [1770696726.921346814] [imu_filter]: Parameter RLController.pid_kp_ang set to 1.231141
[imu_filter_madgwick_node-3] [INFO] [1770696726.921410304] [imu_filter]: Parameter RLController.pid_ki_ang set to 0.000000
[imu_filter_madgwick_node-3] [INFO] [1770696726.921469217] [imu_filter]: Parameter RLController.pid_kd_ang set to 0.100847
[imu_filter_madgwick_node-3] [INFO] [1770696727.342223626] [imu_filter]: Parameter RLController.pid_kp_lin set to 1.234194
[imu_filter_madgwick_node-3] [INFO] [1770696727.342437743] [imu_filter]: Parameter RLController.pid_ki_lin set to 0.000000
[imu_filter_madgwick_node-3] [INFO] [1770696727.342510993] [imu_filter]: Parameter RLController.pid_kd_lin set to 0.020000
[imu_filter_madgwick_node-3] [INFO] [1770696727.342615412] [imu_filter]: Parameter RLController.pid_kp_ang set to 1.231141
[imu_filter_madgwick_node-3] [INFO] [1770696727.342695221] [imu_filter]: Parameter RLController.pid_ki_ang set to 0.000000
[imu_filter_madgwick_node-3] [INFO] [1770696727.342886074] [imu_filter]: Parameter RLController.pid_kd_ang set to 0.100847
[imu_filter_madgwick_node-3] [INFO] [1770696727.752154264] [imu_filter]: Parameter RLController.pid_kp_lin set to 1.234194
[imu_filter_madgwick_node-3] [INFO] [1770696727.752409534] [imu_filter]: Parameter RLController.pid_ki_lin set to 0.000000
[imu_filter_madgwick_node-3] [INFO] [1770696727.752596258] [imu_filter]: Parameter RLController.pid_kd_lin set to 0.020000
[imu_filter_madgwick_node-3] [INFO] [1770696727.752670020] [imu_filter]: Parameter RLController.pid_kp_ang set to 1.231141
[imu_filter_madgwick_node-3] [INFO] [1770696727.752731013] [imu_filter]: Parameter RLController.pid_ki_ang set to 0.000000
[imu_filter_madgwick_node-3] [INFO] [1770696727.752787463] [imu_filter]: Parameter RLController.pid_kd_ang set to 0.100847
[imu_filter_madgwick_node-3] [INFO] [1770696728.179274966] [imu_filter]: Parameter RLController.pid_kp_lin set to 1.234194
[imu_filter_madgwick_node-3] [INFO] [1770696728.179647198] [imu_filter]: Parameter RLController.pid_ki_lin set to 0.000000
[imu_filter_madgwick_node-3] [INFO] [1770696728.179736704] [imu_filter]: Parameter RLController.pid_kd_lin set to 0.020000
[imu_filter_madgwick_node-3] [INFO] [1770696728.179802722] [imu_filter]: Parameter RLController.pid_kp_ang set to 1.231141
[imu_filter_madgwick_node-3] [INFO] [1770696728.179860771] [imu_filter]: Parameter RLController.pid_ki_ang set to 0.000000
[imu_filter_madgwick_node-3] [INFO] [1770696728.179918276] [imu_filter]: Parameter RLController.pid_kd_ang set to 0.100847
[imu_filter_madgwick_node-3] [INFO] [1770696728.593259297] [imu_filter]: Parameter RLController.pid_kp_lin set to 1.234194
[imu_filter_madgwick_node-3] [INFO] [1770696728.593641866] [imu_filter]: Parameter RLController.pid_ki_lin set to 0.000000
[imu_filter_madgwick_node-3] [INFO] [1770696728.593717676] [imu_filter]: Parameter RLController.pid_kd_lin set to 0.020000
[imu_filter_madgwick_node-3] [INFO] [1770696728.593781581] [imu_filter]: Parameter RLController.pid_kp_ang set to 1.231141
[imu_filter_madgwick_node-3] [INFO] [1770696728.593839343] [imu_filter]: Parameter RLController.pid_ki_ang set to 0.000000
[imu_filter_madgwick_node-3] [INFO] [1770696728.593895152] [imu_filter]: Parameter RLController.pid_kd_ang set to 0.100847
[imu_filter_madgwick_node-3] [INFO] [1770696729.035960714] [imu_filter]: Parameter RLController.pid_kp_lin set to 1.234194
[imu_filter_madgwick_node-3] [INFO] [1770696729.039132116] [imu_filter]: Parameter RLController.pid_ki_lin set to 0.000000
[imu_filter_madgwick_node-3] [INFO] [1770696729.039317560] [imu_filter]: Parameter RLController.pid_kd_lin set to 0.020000
[imu_filter_madgwick_node-3] [INFO] [1770696729.039381978] [imu_filter]: Parameter RLController.pid_kp_ang set to 1.231141
[imu_filter_madgwick_node-3] [INFO] [1770696729.041159043] [imu_filter]: Parameter RLController.pid_ki_ang set to 0.000000
[imu_filter_madgwick_node-3] [INFO] [1770696729.041306406] [imu_filter]: Parameter RLController.pid_kd_ang set to 0.100847
[imu_filter_madgwick_node-3] [INFO] [1770696729.462130545] [imu_filter]: Parameter RLController.pid_kp_lin set to 1.234194
[imu_filter_madgwick_node-3] [INFO] [1770696729.462327446] [imu_filter]: Parameter RLController.pid_ki_lin set to 0.000000
[imu_filter_madgwick_node-3] [INFO] [1770696729.462405752] [imu_filter]: Parameter RLController.pid_kd_lin set to 0.020000
[imu_filter_madgwick_node-3] [INFO] [1770696729.462466457] [imu_filter]: Parameter RLController.pid_kp_ang set to 1.231141
[imu_filter_madgwick_node-3] [INFO] [1770696729.462522907] [imu_filter]: Parameter RLController.pid_ki_ang set to 0.000000
[imu_filter_madgwick_node-3] [INFO] [1770696729.462572156] [imu_filter]: Parameter RLController.pid_kd_ang set to 0.100847
[imu_filter_madgwick_node-3] [INFO] [1770696729.895452832] [imu_filter]: Parameter RLController.pid_kp_lin set to 1.234194
[imu_filter_madgwick_node-3] [INFO] [1770696729.895658788] [imu_filter]: Parameter RLController.pid_ki_lin set to 0.000000
[imu_filter_madgwick_node-3] [INFO] [1770696729.895734886] [imu_filter]: Parameter RLController.pid_kd_lin set to 0.020000
[imu_filter_madgwick_node-3] [INFO] [1770696729.895801672] [imu_filter]: Parameter RLController.pid_kp_ang set to 1.231141
[imu_filter_madgwick_node-3] [INFO] [1770696729.895861129] [imu_filter]: Parameter RLController.pid_ki_ang set to 0.000000
[imu_filter_madgwick_node-3] [INFO] [1770696729.895919915] [imu_filter]: Parameter RLController.pid_kd_ang set to 0.100847
[imu_filter_madgwick_node-3] [INFO] [1770696730.307984650] [imu_filter]: Parameter RLController.pid_kp_lin set to 1.234194
[imu_filter_madgwick_node-3] [INFO] [1770696730.311053777] [imu_filter]: Parameter RLController.pid_ki_lin set to 0.000000
[imu_filter_madgwick_node-3] [INFO] [1770696730.311248246] [imu_filter]: Parameter RLController.pid_kd_lin set to 0.020000
[imu_filter_madgwick_node-3] [INFO] [1770696730.311325367] [imu_filter]: Parameter RLController.pid_kp_ang set to 1.231141
[imu_filter_madgwick_node-3] [INFO] [1770696730.311385721] [imu_filter]: Parameter RLController.pid_ki_ang set to 0.000000
[imu_filter_madgwick_node-3] [INFO] [1770696730.311452314] [imu_filter]: Parameter RLController.pid_kd_ang set to 0.100847
[imu_filter_madgwick_node-3] [INFO] [1770696730.720076777] [imu_filter]: Parameter RLController.pid_kp_lin set to 1.234194
[imu_filter_madgwick_node-3] [INFO] [1770696730.720285262] [imu_filter]: Parameter RLController.pid_ki_lin set to 0.000000
[imu_filter_madgwick_node-3] [INFO] [1770696730.722796521] [imu_filter]: Parameter RLController.pid_kd_lin set to 0.020000
[imu_filter_madgwick_node-3] [INFO] [1770696730.722959916] [imu_filter]: Parameter RLController.pid_kp_ang set to 1.231141
[imu_filter_madgwick_node-3] [INFO] [1770696730.723031406] [imu_filter]: Parameter RLController.pid_ki_ang set to 0.000000
[imu_filter_madgwick_node-3] [INFO] [1770696730.723089039] [imu_filter]: Parameter RLController.pid_kd_ang set to 0.100847
[imu_filter_madgwick_node-3] [INFO] [1770696731.139280846] [imu_filter]: Parameter RLController.pid_kp_lin set to 1.234337
[imu_filter_madgwick_node-3] [INFO] [1770696731.139560661] [imu_filter]: Parameter RLController.pid_ki_lin set to 0.000000
[imu_filter_madgwick_node-3] [INFO] [1770696731.139640087] [imu_filter]: Parameter RLController.pid_kd_lin set to 0.020000
[imu_filter_madgwick_node-3] [INFO] [1770696731.139705144] [imu_filter]: Parameter RLController.pid_kp_ang set to 1.231141
[imu_filter_madgwick_node-3] [INFO] [1770696731.139757498] [imu_filter]: Parameter RLController.pid_ki_ang set to 0.000000
[imu_filter_madgwick_node-3] [INFO] [1770696731.143633972] [imu_filter]: Parameter RLController.pid_kd_ang set to 0.100847
[imu_filter_madgwick_node-3] [INFO] [1770696731.568407259] [imu_filter]: Parameter RLController.pid_kp_lin set to 1.234337
[imu_filter_madgwick_node-3] [INFO] [1770696731.568623616] [imu_filter]: Parameter RLController.pid_ki_lin set to 0.000000
[imu_filter_madgwick_node-3] [INFO] [1770696731.568706722] [imu_filter]: Parameter RLController.pid_kd_lin set to 0.020000
[imu_filter_madgwick_node-3] [INFO] [1770696731.568888582] [imu_filter]: Parameter RLController.pid_kp_ang set to 1.231141
[imu_filter_madgwick_node-3] [INFO] [1770696731.568951592] [imu_filter]: Parameter RLController.pid_ki_ang set to 0.000000
[imu_filter_madgwick_node-3] [INFO] [1770696731.569009705] [imu_filter]: Parameter RLController.pid_kd_ang set to 0.100847
[imu_filter_madgwick_node-3] [INFO] [1770696731.992286445] [imu_filter]: Parameter RLController.pid_kp_lin set to 1.234337
[imu_filter_madgwick_node-3] [INFO] [1770696731.992601236] [imu_filter]: Parameter RLController.pid_ki_lin set to 0.000000
[imu_filter_madgwick_node-3] [INFO] [1770696731.992694199] [imu_filter]: Parameter RLController.pid_kd_lin set to 0.020000
[imu_filter_madgwick_node-3] [INFO] [1770696731.992764536] [imu_filter]: Parameter RLController.pid_kp_ang set to 1.231141
[imu_filter_madgwick_node-3] [INFO] [1770696731.992824858] [imu_filter]: Parameter RLController.pid_ki_ang set to 0.000000
[imu_filter_madgwick_node-3] [INFO] [1770696731.992884827] [imu_filter]: Parameter RLController.pid_kd_ang set to 0.100847
[imu_filter_madgwick_node-3] [INFO] [1770696732.415910265] [imu_filter]: Parameter RLController.pid_kp_lin set to 1.234337
[imu_filter_madgwick_node-3] [INFO] [1770696732.416129535] [imu_filter]: Parameter RLController.pid_ki_lin set to 0.000000
[imu_filter_madgwick_node-3] [INFO] [1770696732.416243777] [imu_filter]: Parameter RLController.pid_kd_lin set to 0.020000
[imu_filter_madgwick_node-3] [INFO] [1770696732.416320227] [imu_filter]: Parameter RLController.pid_kp_ang set to 1.231141
[imu_filter_madgwick_node-3] [INFO] [1770696732.416382948] [imu_filter]: Parameter RLController.pid_ki_ang set to 0.000000
[imu_filter_madgwick_node-3] [INFO] [1770696732.416443814] [imu_filter]: Parameter RLController.pid_kd_ang set to 0.100847
[imu_filter_madgwick_node-3] [INFO] [1770696732.838016066] [imu_filter]: Parameter RLController.pid_kp_lin set to 1.234337
[imu_filter_madgwick_node-3] [INFO] [1770696732.838212999] [imu_filter]: Parameter RLController.pid_ki_lin set to 0.000000
[imu_filter_madgwick_node-3] [INFO] [1770696732.838285993] [imu_filter]: Parameter RLController.pid_kd_lin set to 0.020000
[imu_filter_madgwick_node-3] [INFO] [1770696732.838344778] [imu_filter]: Parameter RLController.pid_kp_ang set to 1.231141
[imu_filter_madgwick_node-3] [INFO] [1770696732.838403915] [imu_filter]: Parameter RLController.pid_ki_ang set to 0.000000
[imu_filter_madgwick_node-3] [INFO] [1770696732.838678386] [imu_filter]: Parameter RLController.pid_kd_ang set to 0.100847
[imu_filter_madgwick_node-3] [INFO] [1770696733.249602358] [imu_filter]: Parameter RLController.pid_kp_lin set to 1.234337
[imu_filter_madgwick_node-3] [INFO] [1770696733.249874045] [imu_filter]: Parameter RLController.pid_ki_lin set to 0.000000
[imu_filter_madgwick_node-3] [INFO] [1770696733.249948382] [imu_filter]: Parameter RLController.pid_kd_lin set to 0.020000
[imu_filter_madgwick_node-3] [INFO] [1770696733.250012960] [imu_filter]: Parameter RLController.pid_kp_ang set to 1.231141
[imu_filter_madgwick_node-3] [INFO] [1770696733.250070209] [imu_filter]: Parameter RLController.pid_ki_ang set to 0.000000
[imu_filter_madgwick_node-3] [INFO] [1770696733.250126274] [imu_filter]: Parameter RLController.pid_kd_ang set to 0.100847
[imu_filter_madgwick_node-3] [INFO] [1770696733.661692182] [imu_filter]: Parameter RLController.pid_kp_lin set to 1.234337
[imu_filter_madgwick_node-3] [INFO] [1770696733.661875322] [imu_filter]: Parameter RLController.pid_ki_lin set to 0.000000
[imu_filter_madgwick_node-3] [INFO] [1770696733.661948060] [imu_filter]: Parameter RLController.pid_kd_lin set to 0.020000
[imu_filter_madgwick_node-3] [INFO] [1770696733.662009405] [imu_filter]: Parameter RLController.pid_kp_ang set to 1.231141
[imu_filter_madgwick_node-3] [INFO] [1770696733.662064638] [imu_filter]: Parameter RLController.pid_ki_ang set to 0.000000
[imu_filter_madgwick_node-3] [INFO] [1770696733.662122464] [imu_filter]: Parameter RLController.pid_kd_ang set to 0.100847
[imu_filter_madgwick_node-3] [INFO] [1770696734.080392079] [imu_filter]: Parameter RLController.pid_kp_lin set to 1.234337
[imu_filter_madgwick_node-3] [INFO] [1770696734.080755864] [imu_filter]: Parameter RLController.pid_ki_lin set to 0.000000
[imu_filter_madgwick_node-3] [INFO] [1770696734.080839610] [imu_filter]: Parameter RLController.pid_kd_lin set to 0.020000
[imu_filter_madgwick_node-3] [INFO] [1770696734.080905467] [imu_filter]: Parameter RLController.pid_kp_ang set to 1.231141
[imu_filter_madgwick_node-3] [INFO] [1770696734.080962717] [imu_filter]: Parameter RLController.pid_ki_ang set to 0.000000
[imu_filter_madgwick_node-3] [INFO] [1770696734.081020894] [imu_filter]: Parameter RLController.pid_kd_ang set to 0.100847
[imu_filter_madgwick_node-3] [INFO] [1770696734.499632277] [imu_filter]: Parameter RLController.pid_kp_lin set to 1.234337
[imu_filter_madgwick_node-3] [INFO] [1770696734.499840602] [imu_filter]: Parameter RLController.pid_ki_lin set to 0.000000
[imu_filter_madgwick_node-3] [INFO] [1770696734.510506707] [imu_filter]: Parameter RLController.pid_kd_lin set to 0.020000
[imu_filter_madgwick_node-3] [INFO] [1770696734.510719832] [imu_filter]: Parameter RLController.pid_kp_ang set to 1.231141
[imu_filter_madgwick_node-3] [INFO] [1770696734.510797050] [imu_filter]: Parameter RLController.pid_ki_ang set to 0.000000
[imu_filter_madgwick_node-3] [INFO] [1770696734.510972126] [imu_filter]: Parameter RLController.pid_kd_ang set to 0.100847
[imu_filter_madgwick_node-3] [INFO] [1770696734.921023118] [imu_filter]: Parameter RLController.pid_kp_lin set to 1.234337
[imu_filter_madgwick_node-3] [INFO] [1770696734.921212914] [imu_filter]: Parameter RLController.pid_ki_lin set to 0.000000
[imu_filter_madgwick_node-3] [INFO] [1770696734.921278740] [imu_filter]: Parameter RLController.pid_kd_lin set to 0.020000
[imu_filter_madgwick_node-3] [INFO] [1770696734.921338261] [imu_filter]: Parameter RLController.pid_kp_ang set to 1.231141
[imu_filter_madgwick_node-3] [INFO] [1770696734.924424477] [imu_filter]: Parameter RLController.pid_ki_ang set to 0.000000
[imu_filter_madgwick_node-3] [INFO] [1770696734.924607425] [imu_filter]: Parameter RLController.pid_kd_ang set to 0.100847
[imu_filter_madgwick_node-3] [INFO] [1770696735.342441159] [imu_filter]: Parameter RLController.pid_kp_lin set to 1.234337
[imu_filter_madgwick_node-3] [INFO] [1770696735.342656844] [imu_filter]: Parameter RLController.pid_ki_lin set to 0.000000
[imu_filter_madgwick_node-3] [INFO] [1770696735.342731245] [imu_filter]: Parameter RLController.pid_kd_lin set to 0.020000
[imu_filter_madgwick_node-3] [INFO] [1770696735.348066154] [imu_filter]: Parameter RLController.pid_kp_ang set to 1.231141
[imu_filter_madgwick_node-3] [INFO] [1770696735.348430706] [imu_filter]: Parameter RLController.pid_ki_ang set to 0.000000
[imu_filter_madgwick_node-3] [INFO] [1770696735.348516980] [imu_filter]: Parameter RLController.pid_kd_ang set to 0.100847
[imu_filter_madgwick_node-3] [INFO] [1770696735.758703847] [imu_filter]: Parameter RLController.pid_kp_lin set to 1.234337
[imu_filter_madgwick_node-3] [INFO] [1770696735.758959149] [imu_filter]: Parameter RLController.pid_ki_lin set to 0.000000
[imu_filter_madgwick_node-3] [INFO] [1770696735.759046575] [imu_filter]: Parameter RLController.pid_kd_lin set to 0.020000
[imu_filter_madgwick_node-3] [INFO] [1770696735.759117169] [imu_filter]: Parameter RLController.pid_kp_ang set to 1.231141
[imu_filter_madgwick_node-3] [INFO] [1770696735.759177970] [imu_filter]: Parameter RLController.pid_ki_ang set to 0.000000
[imu_filter_madgwick_node-3] [INFO] [1770696735.759238420] [imu_filter]: Parameter RLController.pid_kd_ang set to 0.100847
[imu_filter_madgwick_node-3] [INFO] [1770696736.183111462] [imu_filter]: Parameter RLController.pid_kp_lin set to 1.234337
[imu_filter_madgwick_node-3] [INFO] [1770696736.183316363] [imu_filter]: Parameter RLController.pid_ki_lin set to 0.000000
[imu_filter_madgwick_node-3] [INFO] [1770696736.183391532] [imu_filter]: Parameter RLController.pid_kd_lin set to 0.020000
[imu_filter_madgwick_node-3] [INFO] [1770696736.183525648] [imu_filter]: Parameter RLController.pid_kp_ang set to 1.231141
[imu_filter_madgwick_node-3] [INFO] [1770696736.183605873] [imu_filter]: Parameter RLController.pid_ki_ang set to 0.000000
[imu_filter_madgwick_node-3] [INFO] [1770696736.183795894] [imu_filter]: Parameter RLController.pid_kd_ang set to 0.100907
[imu_filter_madgwick_node-3] [INFO] [1770696736.600194010] [imu_filter]: Parameter RLController.pid_kp_lin set to 1.234337
[imu_filter_madgwick_node-3] [INFO] [1770696736.600383358] [imu_filter]: Parameter RLController.pid_ki_lin set to 0.000000
[imu_filter_madgwick_node-3] [INFO] [1770696736.600801640] [imu_filter]: Parameter RLController.pid_kd_lin set to 0.020000
[imu_filter_madgwick_node-3] [INFO] [1770696736.600902474] [imu_filter]: Parameter RLController.pid_kp_ang set to 1.231141
[imu_filter_madgwick_node-3] [INFO] [1770696736.600967980] [imu_filter]: Parameter RLController.pid_ki_ang set to 0.000000
[imu_filter_madgwick_node-3] [INFO] [1770696736.601025165] [imu_filter]: Parameter RLController.pid_kd_ang set to 0.100907
[imu_filter_madgwick_node-3] [INFO] [1770696737.014121572] [imu_filter]: Parameter RLController.pid_kp_lin set to 1.234337
[imu_filter_madgwick_node-3] [INFO] [1770696737.014351530] [imu_filter]: Parameter RLController.pid_ki_lin set to 0.000000
[imu_filter_madgwick_node-3] [INFO] [1770696737.014424555] [imu_filter]: Parameter RLController.pid_kd_lin set to 0.020000
[imu_filter_madgwick_node-3] [INFO] [1770696737.014488653] [imu_filter]: Parameter RLController.pid_kp_ang set to 1.231141
[imu_filter_madgwick_node-3] [INFO] [1770696737.014605167] [imu_filter]: Parameter RLController.pid_ki_ang set to 0.000000
[imu_filter_madgwick_node-3] [INFO] [1770696737.014686097] [imu_filter]: Parameter RLController.pid_kd_ang set to 0.100907
[imu_filter_madgwick_node-3] [INFO] [1770696737.428658333] [imu_filter]: Parameter RLController.pid_kp_lin set to 1.234337
[imu_filter_madgwick_node-3] [INFO] [1770696737.428872994] [imu_filter]: Parameter RLController.pid_ki_lin set to 0.000000
[imu_filter_madgwick_node-3] [INFO] [1770696737.428956740] [imu_filter]: Parameter RLController.pid_kd_lin set to 0.020000
[imu_filter_madgwick_node-3] [INFO] [1770696737.429040134] [imu_filter]: Parameter RLController.pid_kp_ang set to 1.231141
[imu_filter_madgwick_node-3] [INFO] [1770696737.429098023] [imu_filter]: Parameter RLController.pid_ki_ang set to 0.000000
[imu_filter_madgwick_node-3] [INFO] [1770696737.429153352] [imu_filter]: Parameter RLController.pid_kd_ang set to 0.100907
[imu_filter_madgwick_node-3] [INFO] [1770696737.844296943] [imu_filter]: Parameter RLController.pid_kp_lin set to 1.234337
[imu_filter_madgwick_node-3] [INFO] [1770696737.844525300] [imu_filter]: Parameter RLController.pid_ki_lin set to 0.000000
[imu_filter_madgwick_node-3] [INFO] [1770696737.844680088] [imu_filter]: Parameter RLController.pid_kd_lin set to 0.020000
[imu_filter_madgwick_node-3] [INFO] [1770696737.844757434] [imu_filter]: Parameter RLController.pid_kp_ang set to 1.231141
[imu_filter_madgwick_node-3] [INFO] [1770696737.844884733] [imu_filter]: Parameter RLController.pid_ki_ang set to 0.000000
[imu_filter_madgwick_node-3] [INFO] [1770696737.844965759] [imu_filter]: Parameter RLController.pid_kd_ang set to 0.100907
[imu_filter_madgwick_node-3] [INFO] [1770696738.254898988] [imu_filter]: Parameter RLController.pid_kp_lin set to 1.234337
[imu_filter_madgwick_node-3] [INFO] [1770696738.255217139] [imu_filter]: Parameter RLController.pid_ki_lin set to 0.000000
[imu_filter_madgwick_node-3] [INFO] [1770696738.255298421] [imu_filter]: Parameter RLController.pid_kd_lin set to 0.020000
[imu_filter_madgwick_node-3] [INFO] [1770696738.255362455] [imu_filter]: Parameter RLController.pid_kp_ang set to 1.231141
[imu_filter_madgwick_node-3] [INFO] [1770696738.255423928] [imu_filter]: Parameter RLController.pid_ki_ang set to 0.000000
[imu_filter_madgwick_node-3] [INFO] [1770696738.255480922] [imu_filter]: Parameter RLController.pid_kd_ang set to 0.100907
[imu_filter_madgwick_node-3] [INFO] [1770696738.666455551] [imu_filter]: Parameter RLController.pid_kp_lin set to 1.234337
[imu_filter_madgwick_node-3] [INFO] [1770696738.666642275] [imu_filter]: Parameter RLController.pid_ki_lin set to 0.000000
[imu_filter_madgwick_node-3] [INFO] [1770696738.666716805] [imu_filter]: Parameter RLController.pid_kd_lin set to 0.020000
[imu_filter_madgwick_node-3] [INFO] [1770696738.666780487] [imu_filter]: Parameter RLController.pid_kp_ang set to 1.231141
[imu_filter_madgwick_node-3] [INFO] [1770696738.666839144] [imu_filter]: Parameter RLController.pid_ki_ang set to 0.000000
[imu_filter_madgwick_node-3] [INFO] [1770696738.666896073] [imu_filter]: Parameter RLController.pid_kd_ang set to 0.100907
[imu_filter_madgwick_node-3] [INFO] [1770696739.085837609] [imu_filter]: Parameter RLController.pid_kp_lin set to 1.234337
[imu_filter_madgwick_node-3] [INFO] [1770696739.088152383] [imu_filter]: Parameter RLController.pid_ki_lin set to 0.000000
[imu_filter_madgwick_node-3] [INFO] [1770696739.088368580] [imu_filter]: Parameter RLController.pid_kd_lin set to 0.020000
[imu_filter_madgwick_node-3] [INFO] [1770696739.088457670] [imu_filter]: Parameter RLController.pid_kp_ang set to 1.231141
[imu_filter_madgwick_node-3] [INFO] [1770696739.088524135] [imu_filter]: Parameter RLController.pid_ki_ang set to 0.000000
[imu_filter_madgwick_node-3] [INFO] [1770696739.088584009] [imu_filter]: Parameter RLController.pid_kd_ang set to 0.100907
[imu_filter_madgwick_node-3] [INFO] [1770696739.508537247] [imu_filter]: Parameter RLController.pid_kp_lin set to 1.234337
[imu_filter_madgwick_node-3] [INFO] [1770696739.511724874] [imu_filter]: Parameter RLController.pid_ki_lin set to 0.000000
[imu_filter_madgwick_node-3] [INFO] [1770696739.512103634] [imu_filter]: Parameter RLController.pid_kd_lin set to 0.020000
[imu_filter_madgwick_node-3] [INFO] [1770696739.512272054] [imu_filter]: Parameter RLController.pid_kp_ang set to 1.231141
[imu_filter_madgwick_node-3] [INFO] [1770696739.512378009] [imu_filter]: Parameter RLController.pid_ki_ang set to 0.000000
[imu_filter_madgwick_node-3] [INFO] [1770696739.512453979] [imu_filter]: Parameter RLController.pid_kd_ang set to 0.100907
[imu_filter_madgwick_node-3] [INFO] [1770696739.917033899] [imu_filter]: Parameter RLController.pid_kp_lin set to 1.234337
[imu_filter_madgwick_node-3] [INFO] [1770696739.917221424] [imu_filter]: Parameter RLController.pid_ki_lin set to 0.000000
[imu_filter_madgwick_node-3] [INFO] [1770696739.917294321] [imu_filter]: Parameter RLController.pid_kd_lin set to 0.020000
[imu_filter_madgwick_node-3] [INFO] [1770696739.917357811] [imu_filter]: Parameter RLController.pid_kp_ang set to 1.231141
[imu_filter_madgwick_node-3] [INFO] [1770696739.917416692] [imu_filter]: Parameter RLController.pid_ki_ang set to 0.000000
[imu_filter_madgwick_node-3] [INFO] [1770696739.917475126] [imu_filter]: Parameter RLController.pid_kd_ang set to 0.100907
[imu_filter_madgwick_node-3] [INFO] [1770696740.333390958] [imu_filter]: Parameter RLController.pid_kp_lin set to 1.234337
[imu_filter_madgwick_node-3] [INFO] [1770696740.333610035] [imu_filter]: Parameter RLController.pid_ki_lin set to 0.000000
[imu_filter_madgwick_node-3] [INFO] [1770696740.333690869] [imu_filter]: Parameter RLController.pid_kd_lin set to 0.020000
[imu_filter_madgwick_node-3] [INFO] [1770696740.333756087] [imu_filter]: Parameter RLController.pid_kp_ang set to 1.231141
[imu_filter_madgwick_node-3] [INFO] [1770696740.333816856] [imu_filter]: Parameter RLController.pid_ki_ang set to 0.000000
[imu_filter_madgwick_node-3] [INFO] [1770696740.333878298] [imu_filter]: Parameter RLController.pid_kd_ang set to 0.101011
[imu_filter_madgwick_node-3] [INFO] [1770696740.761126138] [imu_filter]: Parameter RLController.pid_kp_lin set to 1.234337
[imu_filter_madgwick_node-3] [INFO] [1770696740.762281109] [imu_filter]: Parameter RLController.pid_ki_lin set to 0.000000
[imu_filter_madgwick_node-3] [INFO] [1770696740.762593788] [imu_filter]: Parameter RLController.pid_kd_lin set to 0.020000
[imu_filter_madgwick_node-3] [INFO] [1770696740.762691775] [imu_filter]: Parameter RLController.pid_kp_ang set to 1.231342
[imu_filter_madgwick_node-3] [INFO] [1770696740.762761120] [imu_filter]: Parameter RLController.pid_ki_ang set to 0.000000
[imu_filter_madgwick_node-3] [INFO] [1770696740.762824642] [imu_filter]: Parameter RLController.pid_kd_ang set to 0.101011
[imu_filter_madgwick_node-3] [INFO] [1770696741.184265083] [imu_filter]: Parameter RLController.pid_kp_lin set to 1.234713
[imu_filter_madgwick_node-3] [INFO] [1770696741.184489728] [imu_filter]: Parameter RLController.pid_ki_lin set to 0.000000
[imu_filter_madgwick_node-3] [INFO] [1770696741.184568066] [imu_filter]: Parameter RLController.pid_kd_lin set to 0.020000
[imu_filter_madgwick_node-3] [INFO] [1770696741.184634052] [imu_filter]: Parameter RLController.pid_kp_ang set to 1.231342
[imu_filter_madgwick_node-3] [INFO] [1770696741.184693285] [imu_filter]: Parameter RLController.pid_ki_ang set to 0.000000
[imu_filter_madgwick_node-3] [INFO] [1770696741.184754247] [imu_filter]: Parameter RLController.pid_kd_ang set to 0.101011
[imu_filter_madgwick_node-3] [INFO] [1770696741.600523804] [imu_filter]: Parameter RLController.pid_kp_lin set to 1.235253
[imu_filter_madgwick_node-3] [INFO] [1770696741.600857732] [imu_filter]: Parameter RLController.pid_ki_lin set to 0.000000
[imu_filter_madgwick_node-3] [INFO] [1770696741.600965414] [imu_filter]: Parameter RLController.pid_kd_lin set to 0.020000
[imu_filter_madgwick_node-3] [INFO] [1770696741.601032200] [imu_filter]: Parameter RLController.pid_kp_ang set to 1.231342
[imu_filter_madgwick_node-3] [INFO] [1770696741.601091145] [imu_filter]: Parameter RLController.pid_ki_ang set to 0.000000
[imu_filter_madgwick_node-3] [INFO] [1770696741.601150699] [imu_filter]: Parameter RLController.pid_kd_ang set to 0.101011
[imu_filter_madgwick_node-3] [INFO] [1770696742.018889582] [imu_filter]: Parameter RLController.pid_kp_lin set to 1.235786
[imu_filter_madgwick_node-3] [INFO] [1770696742.019116947] [imu_filter]: Parameter RLController.pid_ki_lin set to 0.000000
[imu_filter_madgwick_node-3] [INFO] [1770696742.019187957] [imu_filter]: Parameter RLController.pid_kd_lin set to 0.020000
[imu_filter_madgwick_node-3] [INFO] [1770696742.023707262] [imu_filter]: Parameter RLController.pid_kp_ang set to 1.231342
[imu_filter_madgwick_node-3] [INFO] [1770696742.023913219] [imu_filter]: Parameter RLController.pid_ki_ang set to 0.000000
[imu_filter_madgwick_node-3] [INFO] [1770696742.023987140] [imu_filter]: Parameter RLController.pid_kd_ang set to 0.101011
[imu_filter_madgwick_node-3] [INFO] [1770696742.436679602] [imu_filter]: Parameter RLController.pid_kp_lin set to 1.236281
[imu_filter_madgwick_node-3] [INFO] [1770696742.436892471] [imu_filter]: Parameter RLController.pid_ki_lin set to 0.000000
[imu_filter_madgwick_node-3] [INFO] [1770696742.437843821] [imu_filter]: Parameter RLController.pid_kd_lin set to 0.020000
[imu_filter_madgwick_node-3] [INFO] [1770696742.437966320] [imu_filter]: Parameter RLController.pid_kp_ang set to 1.231342
[imu_filter_madgwick_node-3] [INFO] [1770696742.438030994] [imu_filter]: Parameter RLController.pid_ki_ang set to 0.000000
[imu_filter_madgwick_node-3] [INFO] [1770696742.438090579] [imu_filter]: Parameter RLController.pid_kd_ang set to 0.101011
[imu_filter_madgwick_node-3] [INFO] [1770696742.863659533] [imu_filter]: Parameter RLController.pid_kp_lin set to 1.236726
[imu_filter_madgwick_node-3] [INFO] [1770696742.863862737] [imu_filter]: Parameter RLController.pid_ki_lin set to 0.000000
[imu_filter_madgwick_node-3] [INFO] [1770696742.863933651] [imu_filter]: Parameter RLController.pid_kd_lin set to 0.020000
[imu_filter_madgwick_node-3] [INFO] [1770696742.863993236] [imu_filter]: Parameter RLController.pid_kp_ang set to 1.231342
[imu_filter_madgwick_node-3] [INFO] [1770696742.864051030] [imu_filter]: Parameter RLController.pid_ki_ang set to 0.000000
[imu_filter_madgwick_node-3] [INFO] [1770696742.864106711] [imu_filter]: Parameter RLController.pid_kd_ang set to 0.101011
[imu_filter_madgwick_node-3] [INFO] [1770696743.277714426] [imu_filter]: Parameter RLController.pid_kp_lin set to 1.237145
[imu_filter_madgwick_node-3] [INFO] [1770696743.277948415] [imu_filter]: Parameter RLController.pid_ki_lin set to 0.000000
[imu_filter_madgwick_node-3] [INFO] [1770696743.278025217] [imu_filter]: Parameter RLController.pid_kd_lin set to 0.020000
[imu_filter_madgwick_node-3] [INFO] [1770696743.278102179] [imu_filter]: Parameter RLController.pid_kp_ang set to 1.231342
[imu_filter_madgwick_node-3] [INFO] [1770696743.278267175] [imu_filter]: Parameter RLController.pid_ki_ang set to 0.000000
[imu_filter_madgwick_node-3] [INFO] [1770696743.278335432] [imu_filter]: Parameter RLController.pid_kd_ang set to 0.101011
[imu_filter_madgwick_node-3] [INFO] [1770696743.710119923] [imu_filter]: Parameter RLController.pid_kp_lin set to 1.237500
[imu_filter_madgwick_node-3] [INFO] [1770696743.710436986] [imu_filter]: Parameter RLController.pid_ki_lin set to 0.000000
[imu_filter_madgwick_node-3] [INFO] [1770696743.710571101] [imu_filter]: Parameter RLController.pid_kd_lin set to 0.020000
[imu_filter_madgwick_node-3] [INFO] [1770696743.710760482] [imu_filter]: Parameter RLController.pid_kp_ang set to 1.231342
[imu_filter_madgwick_node-3] [INFO] [1770696743.710828451] [imu_filter]: Parameter RLController.pid_ki_ang set to 0.000000
[imu_filter_madgwick_node-3] [INFO] [1770696743.710886533] [imu_filter]: Parameter RLController.pid_kd_ang set to 0.101011
[imu_filter_madgwick_node-3] [INFO] [1770696744.124726253] [imu_filter]: Parameter RLController.pid_kp_lin set to 1.237776
[imu_filter_madgwick_node-3] [INFO] [1770696744.125084693] [imu_filter]: Parameter RLController.pid_ki_lin set to 0.000000
[imu_filter_madgwick_node-3] [INFO] [1770696744.125169719] [imu_filter]: Parameter RLController.pid_kd_lin set to 0.020000
[imu_filter_madgwick_node-3] [INFO] [1770696744.125231865] [imu_filter]: Parameter RLController.pid_kp_ang set to 1.231342
[imu_filter_madgwick_node-3] [INFO] [1770696744.125286074] [imu_filter]: Parameter RLController.pid_ki_ang set to 0.000000
[imu_filter_madgwick_node-3] [INFO] [1770696744.125340123] [imu_filter]: Parameter RLController.pid_kd_ang set to 0.101011
[imu_filter_madgwick_node-3] [INFO] [1770696744.544226937] [imu_filter]: Parameter RLController.pid_kp_lin set to 1.238064
[imu_filter_madgwick_node-3] [INFO] [1770696744.544422526] [imu_filter]: Parameter RLController.pid_ki_lin set to 0.000000
[imu_filter_madgwick_node-3] [INFO] [1770696744.544497599] [imu_filter]: Parameter RLController.pid_kd_lin set to 0.020000
[imu_filter_madgwick_node-3] [INFO] [1770696744.544562113] [imu_filter]: Parameter RLController.pid_kp_ang set to 1.231342
[imu_filter_madgwick_node-3] [INFO] [1770696744.544618978] [imu_filter]: Parameter RLController.pid_ki_ang set to 0.000000
[imu_filter_madgwick_node-3] [INFO] [1770696744.544673924] [imu_filter]: Parameter RLController.pid_kd_ang set to 0.101011
[imu_filter_madgwick_node-3] [INFO] [1770696744.962565866] [imu_filter]: Parameter RLController.pid_kp_lin set to 1.238311
[imu_filter_madgwick_node-3] [INFO] [1770696744.962764271] [imu_filter]: Parameter RLController.pid_ki_lin set to 0.000000
[imu_filter_madgwick_node-3] [INFO] [1770696744.962840241] [imu_filter]: Parameter RLController.pid_kd_lin set to 0.020000
[imu_filter_madgwick_node-3] [INFO] [1770696744.962904306] [imu_filter]: Parameter RLController.pid_kp_ang set to 1.231342
[imu_filter_madgwick_node-3] [INFO] [1770696744.962959795] [imu_filter]: Parameter RLController.pid_ki_ang set to 0.000000
[imu_filter_madgwick_node-3] [INFO] [1770696744.963019861] [imu_filter]: Parameter RLController.pid_kd_ang set to 0.101011
[imu_filter_madgwick_node-3] [INFO] [1770696745.380948732] [imu_filter]: Parameter RLController.pid_kp_lin set to 1.238526
[imu_filter_madgwick_node-3] [INFO] [1770696745.381160705] [imu_filter]: Parameter RLController.pid_ki_lin set to 0.000000
[imu_filter_madgwick_node-3] [INFO] [1770696745.381233283] [imu_filter]: Parameter RLController.pid_kd_lin set to 0.020000
[imu_filter_madgwick_node-3] [INFO] [1770696745.381298053] [imu_filter]: Parameter RLController.pid_kp_ang set to 1.231342
[imu_filter_madgwick_node-3] [INFO] [1770696745.381351910] [imu_filter]: Parameter RLController.pid_ki_ang set to 0.000000
[imu_filter_madgwick_node-3] [INFO] [1770696745.381406631] [imu_filter]: Parameter RLController.pid_kd_ang set to 0.101011
[imu_filter_madgwick_node-3] [INFO] [1770696745.792106758] [imu_filter]: Parameter RLController.pid_kp_lin set to 1.238711
[imu_filter_madgwick_node-3] [INFO] [1770696745.792330380] [imu_filter]: Parameter RLController.pid_ki_lin set to 0.000000
[imu_filter_madgwick_node-3] [INFO] [1770696745.792405645] [imu_filter]: Parameter RLController.pid_kd_lin set to 0.020000
[imu_filter_madgwick_node-3] [INFO] [1770696745.792471855] [imu_filter]: Parameter RLController.pid_kp_ang set to 1.231342
[imu_filter_madgwick_node-3] [INFO] [1770696745.792528496] [imu_filter]: Parameter RLController.pid_ki_ang set to 0.000000
[imu_filter_madgwick_node-3] [INFO] [1770696745.792583985] [imu_filter]: Parameter RLController.pid_kd_ang set to 0.101011
[imu_filter_madgwick_node-3] [INFO] [1770696746.210021102] [imu_filter]: Parameter RLController.pid_kp_lin set to 1.238887
[imu_filter_madgwick_node-3] [INFO] [1770696746.210228050] [imu_filter]: Parameter RLController.pid_ki_lin set to 0.000000
[imu_filter_madgwick_node-3] [INFO] [1770696746.210296052] [imu_filter]: Parameter RLController.pid_kd_lin set to 0.020000
[imu_filter_madgwick_node-3] [INFO] [1770696746.210354357] [imu_filter]: Parameter RLController.pid_kp_ang set to 1.231342
[imu_filter_madgwick_node-3] [INFO] [1770696746.210408951] [imu_filter]: Parameter RLController.pid_ki_ang set to 0.000000
[imu_filter_madgwick_node-3] [INFO] [1770696746.210466072] [imu_filter]: Parameter RLController.pid_kd_ang set to 0.101011
[imu_filter_madgwick_node-3] [INFO] [1770696746.636108403] [imu_filter]: Parameter RLController.pid_kp_lin set to 1.239047
[imu_filter_madgwick_node-3] [INFO] [1770696746.636470428] [imu_filter]: Parameter RLController.pid_ki_lin set to 0.000000
[imu_filter_madgwick_node-3] [INFO] [1770696746.636593215] [imu_filter]: Parameter RLController.pid_kd_lin set to 0.020000
[imu_filter_madgwick_node-3] [INFO] [1770696746.636661056] [imu_filter]: Parameter RLController.pid_kp_ang set to 1.231342
[imu_filter_madgwick_node-3] [INFO] [1770696746.636719682] [imu_filter]: Parameter RLController.pid_ki_ang set to 0.000000
[imu_filter_madgwick_node-3] [INFO] [1770696746.636883461] [imu_filter]: Parameter RLController.pid_kd_ang set to 0.101011
[imu_filter_madgwick_node-3] [INFO] [1770696747.068088898] [imu_filter]: Parameter RLController.pid_kp_lin set to 1.239047
[imu_filter_madgwick_node-3] [INFO] [1770696747.068324168] [imu_filter]: Parameter RLController.pid_ki_lin set to 0.000000
[imu_filter_madgwick_node-3] [INFO] [1770696747.068948886] [imu_filter]: Parameter RLController.pid_kd_lin set to 0.020000
[imu_filter_madgwick_node-3] [INFO] [1770696747.069077721] [imu_filter]: Parameter RLController.pid_kp_ang set to 1.231342
[imu_filter_madgwick_node-3] [INFO] [1770696747.069145723] [imu_filter]: Parameter RLController.pid_ki_ang set to 0.000000
[imu_filter_madgwick_node-3] [INFO] [1770696747.069207292] [imu_filter]: Parameter RLController.pid_kd_ang set to 0.101011
[imu_filter_madgwick_node-3] [INFO] [1770696747.478821858] [imu_filter]: Parameter RLController.pid_kp_lin set to 1.239283
[imu_filter_madgwick_node-3] [INFO] [1770696747.479139530] [imu_filter]: Parameter RLController.pid_ki_lin set to 0.000000
[imu_filter_madgwick_node-3] [INFO] [1770696747.479244908] [imu_filter]: Parameter RLController.pid_kd_lin set to 0.020000
[imu_filter_madgwick_node-3] [INFO] [1770696747.482520952] [imu_filter]: Parameter RLController.pid_kp_ang set to 1.231342
[imu_filter_madgwick_node-3] [INFO] [1770696747.482696860] [imu_filter]: Parameter RLController.pid_ki_ang set to 0.000000
[imu_filter_madgwick_node-3] [INFO] [1770696747.482767294] [imu_filter]: Parameter RLController.pid_kd_ang set to 0.101011
[imu_filter_madgwick_node-3] [INFO] [1770696747.915987914] [imu_filter]: Parameter RLController.pid_kp_lin set to 1.239574
[imu_filter_madgwick_node-3] [INFO] [1770696747.916221999] [imu_filter]: Parameter RLController.pid_ki_lin set to 0.000000
[imu_filter_madgwick_node-3] [INFO] [1770696747.916296881] [imu_filter]: Parameter RLController.pid_kd_lin set to 0.020000
[imu_filter_madgwick_node-3] [INFO] [1770696747.916361491] [imu_filter]: Parameter RLController.pid_kp_ang set to 1.231342
[imu_filter_madgwick_node-3] [INFO] [1770696747.916418900] [imu_filter]: Parameter RLController.pid_ki_ang set to 0.000000
[imu_filter_madgwick_node-3] [INFO] [1770696747.916473141] [imu_filter]: Parameter RLController.pid_kd_ang set to 0.101011
[imu_filter_madgwick_node-3] [INFO] [1770696748.332251403] [imu_filter]: Parameter RLController.pid_kp_lin set to 1.239869
[imu_filter_madgwick_node-3] [INFO] [1770696748.332471344] [imu_filter]: Parameter RLController.pid_ki_lin set to 0.000000
[imu_filter_madgwick_node-3] [INFO] [1770696748.335277009] [imu_filter]: Parameter RLController.pid_kd_lin set to 0.020000
[imu_filter_madgwick_node-3] [INFO] [1770696748.335458069] [imu_filter]: Parameter RLController.pid_kp_ang set to 1.231342
[imu_filter_madgwick_node-3] [INFO] [1770696748.335526231] [imu_filter]: Parameter RLController.pid_ki_ang set to 0.000000
[imu_filter_madgwick_node-3] [INFO] [1770696748.335588760] [imu_filter]: Parameter RLController.pid_kd_ang set to 0.101011
[imu_filter_madgwick_node-3] [INFO] [1770696748.753290011] [imu_filter]: Parameter RLController.pid_kp_lin set to 1.240151
[imu_filter_madgwick_node-3] [INFO] [1770696748.753500352] [imu_filter]: Parameter RLController.pid_ki_lin set to 0.000000
[imu_filter_madgwick_node-3] [INFO] [1770696748.753576737] [imu_filter]: Parameter RLController.pid_kd_lin set to 0.020000
[imu_filter_madgwick_node-3] [INFO] [1770696748.753643555] [imu_filter]: Parameter RLController.pid_kp_ang set to 1.231342
[imu_filter_madgwick_node-3] [INFO] [1770696748.753704036] [imu_filter]: Parameter RLController.pid_ki_ang set to 0.000000
[imu_filter_madgwick_node-3] [INFO] [1770696748.756816909] [imu_filter]: Parameter RLController.pid_kd_ang set to 0.101011
[imu_filter_madgwick_node-3] [INFO] [1770696749.174944953] [imu_filter]: Parameter RLController.pid_kp_lin set to 1.240418
[imu_filter_madgwick_node-3] [INFO] [1770696749.175154622] [imu_filter]: Parameter RLController.pid_ki_lin set to 0.000000
[imu_filter_madgwick_node-3] [INFO] [1770696749.175232992] [imu_filter]: Parameter RLController.pid_kd_lin set to 0.020000
[imu_filter_madgwick_node-3] [INFO] [1770696749.175295009] [imu_filter]: Parameter RLController.pid_kp_ang set to 1.231342
[imu_filter_madgwick_node-3] [INFO] [1770696749.175351043] [imu_filter]: Parameter RLController.pid_ki_ang set to 0.000000
[imu_filter_madgwick_node-3] [INFO] [1770696749.175409060] [imu_filter]: Parameter RLController.pid_kd_ang set to 0.101011
[imu_filter_madgwick_node-3] [INFO] [1770696749.586029057] [imu_filter]: Parameter RLController.pid_kp_lin set to 1.240671
[imu_filter_madgwick_node-3] [INFO] [1770696749.586216550] [imu_filter]: Parameter RLController.pid_ki_lin set to 0.000000
[imu_filter_madgwick_node-3] [INFO] [1770696749.586287591] [imu_filter]: Parameter RLController.pid_kd_lin set to 0.020000
[imu_filter_madgwick_node-3] [INFO] [1770696749.586356361] [imu_filter]: Parameter RLController.pid_kp_ang set to 1.231342
[imu_filter_madgwick_node-3] [INFO] [1770696749.586415082] [imu_filter]: Parameter RLController.pid_ki_ang set to 0.000000
[imu_filter_madgwick_node-3] [INFO] [1770696749.586477164] [imu_filter]: Parameter RLController.pid_kd_ang set to 0.101011
[imu_filter_madgwick_node-3] [INFO] [1770696749.997117866] [imu_filter]: Parameter RLController.pid_kp_lin set to 1.240942
[imu_filter_madgwick_node-3] [INFO] [1770696749.997310382] [imu_filter]: Parameter RLController.pid_ki_lin set to 0.000000
[imu_filter_madgwick_node-3] [INFO] [1770696749.997379824] [imu_filter]: Parameter RLController.pid_kd_lin set to 0.020000
[imu_filter_madgwick_node-3] [INFO] [1770696749.997435281] [imu_filter]: Parameter RLController.pid_kp_ang set to 1.231342
[imu_filter_madgwick_node-3] [INFO] [1770696749.999781864] [imu_filter]: Parameter RLController.pid_ki_ang set to 0.000000
[imu_filter_madgwick_node-3] [INFO] [1770696750.000009133] [imu_filter]: Parameter RLController.pid_kd_ang set to 0.101011
[imu_filter_madgwick_node-3] [INFO] [1770696750.431931387] [imu_filter]: Parameter RLController.pid_kp_lin set to 1.241239
[imu_filter_madgwick_node-3] [INFO] [1770696750.432116159] [imu_filter]: Parameter RLController.pid_ki_lin set to 0.000000
[imu_filter_madgwick_node-3] [INFO] [1770696750.432210369] [imu_filter]: Parameter RLController.pid_kd_lin set to 0.020000
[imu_filter_madgwick_node-3] [INFO] [1770696750.432278019] [imu_filter]: Parameter RLController.pid_kp_ang set to 1.231342
[imu_filter_madgwick_node-3] [INFO] [1770696750.432339876] [imu_filter]: Parameter RLController.pid_ki_ang set to 0.000000
[imu_filter_madgwick_node-3] [INFO] [1770696750.432402502] [imu_filter]: Parameter RLController.pid_kd_ang set to 0.101011
[imu_filter_madgwick_node-3] [INFO] [1770696750.837829194] [imu_filter]: Parameter RLController.pid_kp_lin set to 1.241532
[imu_filter_madgwick_node-3] [INFO] [1770696750.838026286] [imu_filter]: Parameter RLController.pid_ki_lin set to 0.000000
[imu_filter_madgwick_node-3] [INFO] [1770696750.839889722] [imu_filter]: Parameter RLController.pid_kd_lin set to 0.020000
[imu_filter_madgwick_node-3] [INFO] [1770696750.840064062] [imu_filter]: Parameter RLController.pid_kp_ang set to 1.231342
[imu_filter_madgwick_node-3] [INFO] [1770696750.840292899] [imu_filter]: Parameter RLController.pid_ki_ang set to 0.000000
[imu_filter_madgwick_node-3] [INFO] [1770696750.840370725] [imu_filter]: Parameter RLController.pid_kd_ang set to 0.100949
[imu_filter_madgwick_node-3] [INFO] [1770696751.258763479] [imu_filter]: Parameter RLController.pid_kp_lin set to 1.241816
[imu_filter_madgwick_node-3] [INFO] [1770696751.258980285] [imu_filter]: Parameter RLController.pid_ki_lin set to 0.000000
[imu_filter_madgwick_node-3] [INFO] [1770696751.259056894] [imu_filter]: Parameter RLController.pid_kd_lin set to 0.020000
[imu_filter_madgwick_node-3] [INFO] [1770696751.259121536] [imu_filter]: Parameter RLController.pid_kp_ang set to 1.231342
[imu_filter_madgwick_node-3] [INFO] [1770696751.259178433] [imu_filter]: Parameter RLController.pid_ki_ang set to 0.000000
[imu_filter_madgwick_node-3] [INFO] [1770696751.259232930] [imu_filter]: Parameter RLController.pid_kd_ang set to 0.100949
[imu_filter_madgwick_node-3] [INFO] [1770696751.673285104] [imu_filter]: Parameter RLController.pid_kp_lin set to 1.242098
[imu_filter_madgwick_node-3] [INFO] [1770696751.673483988] [imu_filter]: Parameter RLController.pid_ki_lin set to 0.000000
[imu_filter_madgwick_node-3] [INFO] [1770696751.673555094] [imu_filter]: Parameter RLController.pid_kd_lin set to 0.020000
[imu_filter_madgwick_node-3] [INFO] [1770696751.673615607] [imu_filter]: Parameter RLController.pid_kp_ang set to 1.231342
[imu_filter_madgwick_node-3] [INFO] [1770696751.673677305] [imu_filter]: Parameter RLController.pid_ki_ang set to 0.000000
[imu_filter_madgwick_node-3] [INFO] [1770696751.673735386] [imu_filter]: Parameter RLController.pid_kd_ang set to 0.100949
[imu_filter_madgwick_node-3] [INFO] [1770696752.086994645] [imu_filter]: Parameter RLController.pid_kp_lin set to 1.242368
[imu_filter_madgwick_node-3] [INFO] [1770696752.087355901] [imu_filter]: Parameter RLController.pid_ki_lin set to 0.000000
[imu_filter_madgwick_node-3] [INFO] [1770696752.087437503] [imu_filter]: Parameter RLController.pid_kd_lin set to 0.020000
[imu_filter_madgwick_node-3] [INFO] [1770696752.087498145] [imu_filter]: Parameter RLController.pid_kp_ang set to 1.231342
[imu_filter_madgwick_node-3] [INFO] [1770696752.087552514] [imu_filter]: Parameter RLController.pid_ki_ang set to 0.000000
[imu_filter_madgwick_node-3] [INFO] [1770696752.087608451] [imu_filter]: Parameter RLController.pid_kd_ang set to 0.100949
[imu_filter_madgwick_node-3] [INFO] [1770696752.499370779] [imu_filter]: Parameter RLController.pid_kp_lin set to 1.242627
[imu_filter_madgwick_node-3] [INFO] [1770696752.499711459] [imu_filter]: Parameter RLController.pid_ki_lin set to 0.000000
[imu_filter_madgwick_node-3] [INFO] [1770696752.499800805] [imu_filter]: Parameter RLController.pid_kd_lin set to 0.020000
[imu_filter_madgwick_node-3] [INFO] [1770696752.499867847] [imu_filter]: Parameter RLController.pid_kp_ang set to 1.231342
[imu_filter_madgwick_node-3] [INFO] [1770696752.499923496] [imu_filter]: Parameter RLController.pid_ki_ang set to 0.000000
[imu_filter_madgwick_node-3] [INFO] [1770696752.499976649] [imu_filter]: Parameter RLController.pid_kd_ang set to 0.100949
[imu_filter_madgwick_node-3] [INFO] [1770696752.931057123] [imu_filter]: Parameter RLController.pid_kp_lin set to 1.242889
[imu_filter_madgwick_node-3] [INFO] [1770696752.931257800] [imu_filter]: Parameter RLController.pid_ki_lin set to 0.000000
[imu_filter_madgwick_node-3] [INFO] [1770696752.931433068] [imu_filter]: Parameter RLController.pid_kd_lin set to 0.020000
[imu_filter_madgwick_node-3] [INFO] [1770696752.931498286] [imu_filter]: Parameter RLController.pid_kp_ang set to 1.231342
[imu_filter_madgwick_node-3] [INFO] [1770696752.931548783] [imu_filter]: Parameter RLController.pid_ki_ang set to 0.000000
[imu_filter_madgwick_node-3] [INFO] [1770696752.935248645] [imu_filter]: Parameter RLController.pid_kd_ang set to 0.100949
[imu_filter_madgwick_node-3] [INFO] [1770696753.366898572] [imu_filter]: Parameter RLController.pid_kp_lin set to 1.243156
[imu_filter_madgwick_node-3] [INFO] [1770696753.367108433] [imu_filter]: Parameter RLController.pid_ki_lin set to 0.000000
[imu_filter_madgwick_node-3] [INFO] [1770696753.367176307] [imu_filter]: Parameter RLController.pid_kd_lin set to 0.020000
[imu_filter_madgwick_node-3] [INFO] [1770696753.367239060] [imu_filter]: Parameter RLController.pid_kp_ang set to 1.231342
[imu_filter_madgwick_node-3] [INFO] [1770696753.367290965] [imu_filter]: Parameter RLController.pid_ki_ang set to 0.000000
[imu_filter_madgwick_node-3] [INFO] [1770696753.369493353] [imu_filter]: Parameter RLController.pid_kd_ang set to 0.100949
[imu_filter_madgwick_node-3] [INFO] [1770696753.796738249] [imu_filter]: Parameter RLController.pid_kp_lin set to 1.243433
[imu_filter_madgwick_node-3] [INFO] [1770696753.796944462] [imu_filter]: Parameter RLController.pid_ki_lin set to 0.000000
[imu_filter_madgwick_node-3] [INFO] [1770696753.797014928] [imu_filter]: Parameter RLController.pid_kd_lin set to 0.020000
[imu_filter_madgwick_node-3] [INFO] [1770696753.797081105] [imu_filter]: Parameter RLController.pid_kp_ang set to 1.231342
[imu_filter_madgwick_node-3] [INFO] [1770696753.797145075] [imu_filter]: Parameter RLController.pid_ki_ang set to 0.000000
[imu_filter_madgwick_node-3] [INFO] [1770696753.797205908] [imu_filter]: Parameter RLController.pid_kd_ang set to 0.100949
[imu_filter_madgwick_node-3] [INFO] [1770696754.207689422] [imu_filter]: Parameter RLController.pid_kp_lin set to 1.243706
[imu_filter_madgwick_node-3] [INFO] [1770696754.207925972] [imu_filter]: Parameter RLController.pid_ki_lin set to 0.000000
[imu_filter_madgwick_node-3] [INFO] [1770696754.208024054] [imu_filter]: Parameter RLController.pid_kd_lin set to 0.020000
[imu_filter_madgwick_node-3] [INFO] [1770696754.208117816] [imu_filter]: Parameter RLController.pid_kp_ang set to 1.231342
[imu_filter_madgwick_node-3] [INFO] [1770696754.208220155] [imu_filter]: Parameter RLController.pid_ki_ang set to 0.000000
[imu_filter_madgwick_node-3] [INFO] [1770696754.208292828] [imu_filter]: Parameter RLController.pid_kd_ang set to 0.100949
[imu_filter_madgwick_node-3] [INFO] [1770696754.621406612] [imu_filter]: Parameter RLController.pid_kp_lin set to 1.243986
[imu_filter_madgwick_node-3] [INFO] [1770696754.621642617] [imu_filter]: Parameter RLController.pid_ki_lin set to 0.000000
[imu_filter_madgwick_node-3] [INFO] [1770696754.625349872] [imu_filter]: Parameter RLController.pid_kd_lin set to 0.020000
[imu_filter_madgwick_node-3] [INFO] [1770696754.625732345] [imu_filter]: Parameter RLController.pid_kp_ang set to 1.231342
[imu_filter_madgwick_node-3] [INFO] [1770696754.625816443] [imu_filter]: Parameter RLController.pid_ki_ang set to 0.000000
[imu_filter_madgwick_node-3] [INFO] [1770696754.625883260] [imu_filter]: Parameter RLController.pid_kd_ang set to 0.100949
[imu_filter_madgwick_node-3] [INFO] [1770696755.044355952] [imu_filter]: Parameter RLController.pid_kp_lin set to 1.244261
[imu_filter_madgwick_node-3] [INFO] [1770696755.044961983] [imu_filter]: Parameter RLController.pid_ki_lin set to 0.000000
[imu_filter_madgwick_node-3] [INFO] [1770696755.045187076] [imu_filter]: Parameter RLController.pid_kd_lin set to 0.020000
[imu_filter_madgwick_node-3] [INFO] [1770696755.045264486] [imu_filter]: Parameter RLController.pid_kp_ang set to 1.231342
[imu_filter_madgwick_node-3] [INFO] [1770696755.045329159] [imu_filter]: Parameter RLController.pid_ki_ang set to 0.000000
[imu_filter_madgwick_node-3] [INFO] [1770696755.045391113] [imu_filter]: Parameter RLController.pid_kd_ang set to 0.100949
[imu_filter_madgwick_node-3] [INFO] [1770696755.472288193] [imu_filter]: Parameter RLController.pid_kp_lin set to 1.244519
[imu_filter_madgwick_node-3] [INFO] [1770696755.472616841] [imu_filter]: Parameter RLController.pid_ki_lin set to 0.000000
[imu_filter_madgwick_node-3] [INFO] [1770696755.472728683] [imu_filter]: Parameter RLController.pid_kd_lin set to 0.020000
[imu_filter_madgwick_node-3] [INFO] [1770696755.472831758] [imu_filter]: Parameter RLController.pid_kp_ang set to 1.231342
[imu_filter_madgwick_node-3] [INFO] [1770696755.472895983] [imu_filter]: Parameter RLController.pid_ki_ang set to 0.000000
[imu_filter_madgwick_node-3] [INFO] [1770696755.472955473] [imu_filter]: Parameter RLController.pid_kd_ang set to 0.100949
[imu_filter_madgwick_node-3] [INFO] [1770696755.879751829] [imu_filter]: Parameter RLController.pid_kp_lin set to 1.244753
[imu_filter_madgwick_node-3] [INFO] [1770696755.880047164] [imu_filter]: Parameter RLController.pid_ki_lin set to 0.000000
[imu_filter_madgwick_node-3] [INFO] [1770696755.882557078] [imu_filter]: Parameter RLController.pid_kd_lin set to 0.020000
[imu_filter_madgwick_node-3] [INFO] [1770696755.882750715] [imu_filter]: Parameter RLController.pid_kp_ang set to 1.231342
[imu_filter_madgwick_node-3] [INFO] [1770696755.882923711] [imu_filter]: Parameter RLController.pid_ki_ang set to 0.000000
[imu_filter_madgwick_node-3] [INFO] [1770696755.882987232] [imu_filter]: Parameter RLController.pid_kd_ang set to 0.100949
[imu_filter_madgwick_node-3] [INFO] [1770696756.298281578] [imu_filter]: Parameter RLController.pid_kp_lin set to 1.244984
[imu_filter_madgwick_node-3] [INFO] [1770696756.298634611] [imu_filter]: Parameter RLController.pid_ki_lin set to 0.000000
[imu_filter_madgwick_node-3] [INFO] [1770696756.298724725] [imu_filter]: Parameter RLController.pid_kd_lin set to 0.020000
[imu_filter_madgwick_node-3] [INFO] [1770696756.298792374] [imu_filter]: Parameter RLController.pid_kp_ang set to 1.231342
[imu_filter_madgwick_node-3] [INFO] [1770696756.298852056] [imu_filter]: Parameter RLController.pid_ki_ang set to 0.000000
[imu_filter_madgwick_node-3] [INFO] [1770696756.298931194] [imu_filter]: Parameter RLController.pid_kd_ang set to 0.100949
[imu_filter_madgwick_node-3] [INFO] [1770696756.729678956] [imu_filter]: Parameter RLController.pid_kp_lin set to 1.245231
[imu_filter_madgwick_node-3] [INFO] [1770696756.729890001] [imu_filter]: Parameter RLController.pid_ki_lin set to 0.000000
[imu_filter_madgwick_node-3] [INFO] [1770696756.729973043] [imu_filter]: Parameter RLController.pid_kd_lin set to 0.020000
[imu_filter_madgwick_node-3] [INFO] [1770696756.730035956] [imu_filter]: Parameter RLController.pid_kp_ang set to 1.231342
[imu_filter_madgwick_node-3] [INFO] [1770696756.730093301] [imu_filter]: Parameter RLController.pid_ki_ang set to 0.000000
[imu_filter_madgwick_node-3] [INFO] [1770696756.730150103] [imu_filter]: Parameter RLController.pid_kd_ang set to 0.100949
[imu_filter_madgwick_node-3] [INFO] [1770696757.149105270] [imu_filter]: Parameter RLController.pid_kp_lin set to 1.245504
[imu_filter_madgwick_node-3] [INFO] [1770696757.149320923] [imu_filter]: Parameter RLController.pid_ki_lin set to 0.000000
[imu_filter_madgwick_node-3] [INFO] [1770696757.149391517] [imu_filter]: Parameter RLController.pid_kd_lin set to 0.020000
[imu_filter_madgwick_node-3] [INFO] [1770696757.149452478] [imu_filter]: Parameter RLController.pid_kp_ang set to 1.231342
[imu_filter_madgwick_node-3] [INFO] [1770696757.149509312] [imu_filter]: Parameter RLController.pid_ki_ang set to 0.000000
[imu_filter_madgwick_node-3] [INFO] [1770696757.149564769] [imu_filter]: Parameter RLController.pid_kd_ang set to 0.100949
[imu_filter_madgwick_node-3] [INFO] [1770696757.559998714] [imu_filter]: Parameter RLController.pid_kp_lin set to 1.245789
[imu_filter_madgwick_node-3] [INFO] [1770696757.562066858] [imu_filter]: Parameter RLController.pid_ki_lin set to 0.000000
[imu_filter_madgwick_node-3] [INFO] [1770696757.562275471] [imu_filter]: Parameter RLController.pid_kd_lin set to 0.020000
[imu_filter_madgwick_node-3] [INFO] [1770696757.562350449] [imu_filter]: Parameter RLController.pid_kp_ang set to 1.231342
[imu_filter_madgwick_node-3] [INFO] [1770696757.562409778] [imu_filter]: Parameter RLController.pid_ki_ang set to 0.000000
[imu_filter_madgwick_node-3] [INFO] [1770696757.562469428] [imu_filter]: Parameter RLController.pid_kd_ang set to 0.100949
[imu_filter_madgwick_node-3] [INFO] [1770696757.973808994] [imu_filter]: Parameter RLController.pid_kp_lin set to 1.246091
[imu_filter_madgwick_node-3] [INFO] [1770696757.974001798] [imu_filter]: Parameter RLController.pid_ki_lin set to 0.000000
[imu_filter_madgwick_node-3] [INFO] [1770696757.974076520] [imu_filter]: Parameter RLController.pid_kd_lin set to 0.020000
[imu_filter_madgwick_node-3] [INFO] [1770696757.974382671] [imu_filter]: Parameter RLController.pid_kp_ang set to 1.231342
[imu_filter_madgwick_node-3] [INFO] [1770696757.974464049] [imu_filter]: Parameter RLController.pid_ki_ang set to 0.000000
[imu_filter_madgwick_node-3] [INFO] [1770696757.974523218] [imu_filter]: Parameter RLController.pid_kd_ang set to 0.100949
[imu_filter_madgwick_node-3] [INFO] [1770696758.393185867] [imu_filter]: Parameter RLController.pid_kp_lin set to 1.246402
[imu_filter_madgwick_node-3] [INFO] [1770696758.393413456] [imu_filter]: Parameter RLController.pid_ki_lin set to 0.000000
[imu_filter_madgwick_node-3] [INFO] [1770696758.393487922] [imu_filter]: Parameter RLController.pid_kd_lin set to 0.020000
[imu_filter_madgwick_node-3] [INFO] [1770696758.393553332] [imu_filter]: Parameter RLController.pid_kp_ang set to 1.231342
[imu_filter_madgwick_node-3] [INFO] [1770696758.393612149] [imu_filter]: Parameter RLController.pid_ki_ang set to 0.000000
[imu_filter_madgwick_node-3] [INFO] [1770696758.393670614] [imu_filter]: Parameter RLController.pid_kd_ang set to 0.100949
[imu_filter_madgwick_node-3] [INFO] [1770696758.810616615] [imu_filter]: Parameter RLController.pid_kp_lin set to 1.246402
[imu_filter_madgwick_node-3] [INFO] [1770696758.810824684] [imu_filter]: Parameter RLController.pid_ki_lin set to 0.000000
[imu_filter_madgwick_node-3] [INFO] [1770696758.810911918] [imu_filter]: Parameter RLController.pid_kd_lin set to 0.020000
[imu_filter_madgwick_node-3] [INFO] [1770696758.810979055] [imu_filter]: Parameter RLController.pid_kp_ang set to 1.231342
[imu_filter_madgwick_node-3] [INFO] [1770696758.811037041] [imu_filter]: Parameter RLController.pid_ki_ang set to 0.000000
[imu_filter_madgwick_node-3] [INFO] [1770696758.811202261] [imu_filter]: Parameter RLController.pid_kd_ang set to 0.100949
[imu_filter_madgwick_node-3] [INFO] [1770696759.220088906] [imu_filter]: Parameter RLController.pid_kp_lin set to 1.246402
[imu_filter_madgwick_node-3] [INFO] [1770696759.220427346] [imu_filter]: Parameter RLController.pid_ki_lin set to 0.000000
[imu_filter_madgwick_node-3] [INFO] [1770696759.220509203] [imu_filter]: Parameter RLController.pid_kd_lin set to 0.020000
[imu_filter_madgwick_node-3] [INFO] [1770696759.220571541] [imu_filter]: Parameter RLController.pid_kp_ang set to 1.231342
[imu_filter_madgwick_node-3] [INFO] [1770696759.220626518] [imu_filter]: Parameter RLController.pid_ki_ang set to 0.000000
[imu_filter_madgwick_node-3] [INFO] [1770696759.220682871] [imu_filter]: Parameter RLController.pid_kd_ang set to 0.100949
[imu_filter_madgwick_node-3] [INFO] [1770696759.637187166] [imu_filter]: Parameter RLController.pid_kp_lin set to 1.246402
[imu_filter_madgwick_node-3] [INFO] [1770696759.637573799] [imu_filter]: Parameter RLController.pid_ki_lin set to 0.000000
[imu_filter_madgwick_node-3] [INFO] [1770696759.637670057] [imu_filter]: Parameter RLController.pid_kd_lin set to 0.020000
[imu_filter_madgwick_node-3] [INFO] [1770696759.637740811] [imu_filter]: Parameter RLController.pid_kp_ang set to 1.231342
[imu_filter_madgwick_node-3] [INFO] [1770696759.637803212] [imu_filter]: Parameter RLController.pid_ki_ang set to 0.000000
[imu_filter_madgwick_node-3] [INFO] [1770696759.637863758] [imu_filter]: Parameter RLController.pid_kd_ang set to 0.100949
[imu_filter_madgwick_node-3] [INFO] [1770696760.059369833] [imu_filter]: Parameter RLController.pid_kp_lin set to 1.246402
[imu_filter_madgwick_node-3] [INFO] [1770696760.059593646] [imu_filter]: Parameter RLController.pid_ki_lin set to 0.000000
[imu_filter_madgwick_node-3] [INFO] [1770696760.059668464] [imu_filter]: Parameter RLController.pid_kd_lin set to 0.020000
[imu_filter_madgwick_node-3] [INFO] [1770696760.059728401] [imu_filter]: Parameter RLController.pid_kp_ang set to 1.231342
[imu_filter_madgwick_node-3] [INFO] [1770696760.059782642] [imu_filter]: Parameter RLController.pid_ki_ang set to 0.000000
[imu_filter_madgwick_node-3] [INFO] [1770696760.059837683] [imu_filter]: Parameter RLController.pid_kd_ang set to 0.100949
[imu_filter_madgwick_node-3] [INFO] [1770696760.471511817] [imu_filter]: Parameter RLController.pid_kp_lin set to 1.246402
[imu_filter_madgwick_node-3] [INFO] [1770696760.471845041] [imu_filter]: Parameter RLController.pid_ki_lin set to 0.000000
[imu_filter_madgwick_node-3] [INFO] [1770696760.471940915] [imu_filter]: Parameter RLController.pid_kd_lin set to 0.020000
[imu_filter_madgwick_node-3] [INFO] [1770696760.472012597] [imu_filter]: Parameter RLController.pid_kp_ang set to 1.231342
[imu_filter_madgwick_node-3] [INFO] [1770696760.472071062] [imu_filter]: Parameter RLController.pid_ki_ang set to 0.000000
[imu_filter_madgwick_node-3] [INFO] [1770696760.472126488] [imu_filter]: Parameter RLController.pid_kd_ang set to 0.100949
[imu_filter_madgwick_node-3] [INFO] [1770696760.906808038] [imu_filter]: Parameter RLController.pid_kp_lin set to 1.246402
[imu_filter_madgwick_node-3] [INFO] [1770696760.907043499] [imu_filter]: Parameter RLController.pid_ki_lin set to 0.000000
[imu_filter_madgwick_node-3] [INFO] [1770696760.907124237] [imu_filter]: Parameter RLController.pid_kd_lin set to 0.020000
[imu_filter_madgwick_node-3] [INFO] [1770696760.907188462] [imu_filter]: Parameter RLController.pid_kp_ang set to 1.231342
[imu_filter_madgwick_node-3] [INFO] [1770696760.907248496] [imu_filter]: Parameter RLController.pid_ki_ang set to 0.000000
[imu_filter_madgwick_node-3] [INFO] [1770696760.907309585] [imu_filter]: Parameter RLController.pid_kd_ang set to 0.100949
[imu_filter_madgwick_node-3] [INFO] [1770696761.333859234] [imu_filter]: Parameter RLController.pid_kp_lin set to 1.246402
[imu_filter_madgwick_node-3] [INFO] [1770696761.334066246] [imu_filter]: Parameter RLController.pid_ki_lin set to 0.000000
[imu_filter_madgwick_node-3] [INFO] [1770696761.334863033] [imu_filter]: Parameter RLController.pid_kd_lin set to 0.020000
[imu_filter_madgwick_node-3] [INFO] [1770696761.335035197] [imu_filter]: Parameter RLController.pid_kp_ang set to 1.231342
[imu_filter_madgwick_node-3] [INFO] [1770696761.335101919] [imu_filter]: Parameter RLController.pid_ki_ang set to 0.000000
[imu_filter_madgwick_node-3] [INFO] [1770696761.335229058] [imu_filter]: Parameter RLController.pid_kd_ang set to 0.100949
[imu_filter_madgwick_node-3] [INFO] [1770696761.748544478] [imu_filter]: Parameter RLController.pid_kp_lin set to 1.246402
[imu_filter_madgwick_node-3] [INFO] [1770696761.748758211] [imu_filter]: Parameter RLController.pid_ki_lin set to 0.000000
[imu_filter_madgwick_node-3] [INFO] [1770696761.748833252] [imu_filter]: Parameter RLController.pid_kd_lin set to 0.020000
[imu_filter_madgwick_node-3] [INFO] [1770696761.748895750] [imu_filter]: Parameter RLController.pid_kp_ang set to 1.231342
[imu_filter_madgwick_node-3] [INFO] [1770696761.748950599] [imu_filter]: Parameter RLController.pid_ki_ang set to 0.000000
[imu_filter_madgwick_node-3] [INFO] [1770696761.751639686] [imu_filter]: Parameter RLController.pid_kd_ang set to 0.100949
[imu_filter_madgwick_node-3] [INFO] [1770696762.167368666] [imu_filter]: Parameter RLController.pid_kp_lin set to 1.246402
[imu_filter_madgwick_node-3] [INFO] [1770696762.167837861] [imu_filter]: Parameter RLController.pid_ki_lin set to 0.000000
[imu_filter_madgwick_node-3] [INFO] [1770696762.167933511] [imu_filter]: Parameter RLController.pid_kd_lin set to 0.020000
[imu_filter_madgwick_node-3] [INFO] [1770696762.167998793] [imu_filter]: Parameter RLController.pid_kp_ang set to 1.231342
[imu_filter_madgwick_node-3] [INFO] [1770696762.168054442] [imu_filter]: Parameter RLController.pid_ki_ang set to 0.000000
[imu_filter_madgwick_node-3] [INFO] [1770696762.168110603] [imu_filter]: Parameter RLController.pid_kd_ang set to 0.100949
[imu_filter_madgwick_node-3] [INFO] [1770696762.580466769] [imu_filter]: Parameter RLController.pid_kp_lin set to 1.246402
[imu_filter_madgwick_node-3] [INFO] [1770696762.580687574] [imu_filter]: Parameter RLController.pid_ki_lin set to 0.000000
[imu_filter_madgwick_node-3] [INFO] [1770696762.581220707] [imu_filter]: Parameter RLController.pid_kd_lin set to 0.020000
[imu_filter_madgwick_node-3] [INFO] [1770696762.581320613] [imu_filter]: Parameter RLController.pid_kp_ang set to 1.231342
[imu_filter_madgwick_node-3] [INFO] [1770696762.581387367] [imu_filter]: Parameter RLController.pid_ki_ang set to 0.000000
[imu_filter_madgwick_node-3] [INFO] [1770696762.581447688] [imu_filter]: Parameter RLController.pid_kd_ang set to 0.100949
[imu_filter_madgwick_node-3] [INFO] [1770696762.996045890] [imu_filter]: Parameter RLController.pid_kp_lin set to 1.246640
[imu_filter_madgwick_node-3] [INFO] [1770696762.996323785] [imu_filter]: Parameter RLController.pid_ki_lin set to 0.000000
[imu_filter_madgwick_node-3] [INFO] [1770696762.998529180] [imu_filter]: Parameter RLController.pid_kd_lin set to 0.020000
[imu_filter_madgwick_node-3] [INFO] [1770696762.998859620] [imu_filter]: Parameter RLController.pid_kp_ang set to 1.231342
[imu_filter_madgwick_node-3] [INFO] [1770696762.998938373] [imu_filter]: Parameter RLController.pid_ki_ang set to 0.000000
[imu_filter_madgwick_node-3] [INFO] [1770696762.998998471] [imu_filter]: Parameter RLController.pid_kd_ang set to 0.100949
[imu_filter_madgwick_node-3] [INFO] [1770696763.437137733] [imu_filter]: Parameter RLController.pid_kp_lin set to 1.246901
[imu_filter_madgwick_node-3] [INFO] [1770696763.437348938] [imu_filter]: Parameter RLController.pid_ki_lin set to 0.000000
[imu_filter_madgwick_node-3] [INFO] [1770696763.437417900] [imu_filter]: Parameter RLController.pid_kd_lin set to 0.020000
[imu_filter_madgwick_node-3] [INFO] [1770696763.437478029] [imu_filter]: Parameter RLController.pid_kp_ang set to 1.231342
[imu_filter_madgwick_node-3] [INFO] [1770696763.437532110] [imu_filter]: Parameter RLController.pid_ki_ang set to 0.000000
[imu_filter_madgwick_node-3] [INFO] [1770696763.437586192] [imu_filter]: Parameter RLController.pid_kd_ang set to 0.100949
[imu_filter_madgwick_node-3] [INFO] [1770696763.867721204] [imu_filter]: Parameter RLController.pid_kp_lin set to 1.247176
[imu_filter_madgwick_node-3] [INFO] [1770696763.868079100] [imu_filter]: Parameter RLController.pid_ki_lin set to 0.000000
[imu_filter_madgwick_node-3] [INFO] [1770696763.868160478] [imu_filter]: Parameter RLController.pid_kd_lin set to 0.020000
[imu_filter_madgwick_node-3] [INFO] [1770696763.868250240] [imu_filter]: Parameter RLController.pid_kp_ang set to 1.231342
[imu_filter_madgwick_node-3] [INFO] [1770696763.868313153] [imu_filter]: Parameter RLController.pid_ki_ang set to 0.000000
[imu_filter_madgwick_node-3] [INFO] [1770696763.868371427] [imu_filter]: Parameter RLController.pid_kd_ang set to 0.100949
[imu_filter_madgwick_node-3] [INFO] [1770696764.280401281] [imu_filter]: Parameter RLController.pid_kp_lin set to 1.247464
[imu_filter_madgwick_node-3] [INFO] [1770696764.280753801] [imu_filter]: Parameter RLController.pid_ki_lin set to 0.000000
[imu_filter_madgwick_node-3] [INFO] [1770696764.280843019] [imu_filter]: Parameter RLController.pid_kd_lin set to 0.020000
[imu_filter_madgwick_node-3] [INFO] [1770696764.280907885] [imu_filter]: Parameter RLController.pid_kp_ang set to 1.231342
[imu_filter_madgwick_node-3] [INFO] [1770696764.280967694] [imu_filter]: Parameter RLController.pid_ki_ang set to 0.000000
[imu_filter_madgwick_node-3] [INFO] [1770696764.281027280] [imu_filter]: Parameter RLController.pid_kd_ang set to 0.100949
[imu_filter_madgwick_node-3] [INFO] [1770696764.703475232] [imu_filter]: Parameter RLController.pid_kp_lin set to 1.247760
[imu_filter_madgwick_node-3] [INFO] [1770696764.703666885] [imu_filter]: Parameter RLController.pid_ki_lin set to 0.000000
[imu_filter_madgwick_node-3] [INFO] [1770696764.703744999] [imu_filter]: Parameter RLController.pid_kd_lin set to 0.020000
[imu_filter_madgwick_node-3] [INFO] [1770696764.703805064] [imu_filter]: Parameter RLController.pid_kp_ang set to 1.231342
[imu_filter_madgwick_node-3] [INFO] [1770696764.703859945] [imu_filter]: Parameter RLController.pid_ki_ang set to 0.000000
[imu_filter_madgwick_node-3] [INFO] [1770696764.703924587] [imu_filter]: Parameter RLController.pid_kd_ang set to 0.100949
[imu_filter_madgwick_node-3] [INFO] [1770696765.122929196] [imu_filter]: Parameter RLController.pid_kp_lin set to 1.248063
[imu_filter_madgwick_node-3] [INFO] [1770696765.123262451] [imu_filter]: Parameter RLController.pid_ki_lin set to 0.000000
[imu_filter_madgwick_node-3] [INFO] [1770696765.123449656] [imu_filter]: Parameter RLController.pid_kd_lin set to 0.020000
[imu_filter_madgwick_node-3] [INFO] [1770696765.123513593] [imu_filter]: Parameter RLController.pid_kp_ang set to 1.231342
[imu_filter_madgwick_node-3] [INFO] [1770696765.123571995] [imu_filter]: Parameter RLController.pid_ki_ang set to 0.000000
[imu_filter_madgwick_node-3] [INFO] [1770696765.123628028] [imu_filter]: Parameter RLController.pid_kd_ang set to 0.100949
[imu_filter_madgwick_node-3] [INFO] [1770696765.541025207] [imu_filter]: Parameter RLController.pid_kp_lin set to 1.248357
[imu_filter_madgwick_node-3] [INFO] [1770696765.541228284] [imu_filter]: Parameter RLController.pid_ki_lin set to 0.000000
[imu_filter_madgwick_node-3] [INFO] [1770696765.541297501] [imu_filter]: Parameter RLController.pid_kd_lin set to 0.020000
[imu_filter_madgwick_node-3] [INFO] [1770696765.543531857] [imu_filter]: Parameter RLController.pid_kp_ang set to 1.231342
[imu_filter_madgwick_node-3] [INFO] [1770696765.543868601] [imu_filter]: Parameter RLController.pid_ki_ang set to 0.000000
[imu_filter_madgwick_node-3] [INFO] [1770696765.544001500] [imu_filter]: Parameter RLController.pid_kd_ang set to 0.100949
[imu_filter_madgwick_node-3] [INFO] [1770696765.951003109] [imu_filter]: Parameter RLController.pid_kp_lin set to 1.248643
[imu_filter_madgwick_node-3] [INFO] [1770696765.953809511] [imu_filter]: Parameter RLController.pid_ki_lin set to 0.000000
[imu_filter_madgwick_node-3] [INFO] [1770696765.954012940] [imu_filter]: Parameter RLController.pid_kd_lin set to 0.020000
[imu_filter_madgwick_node-3] [INFO] [1770696765.954087021] [imu_filter]: Parameter RLController.pid_kp_ang set to 1.231342
[imu_filter_madgwick_node-3] [INFO] [1770696765.954144463] [imu_filter]: Parameter RLController.pid_ki_ang set to 0.000000
[imu_filter_madgwick_node-3] [INFO] [1770696765.954201040] [imu_filter]: Parameter RLController.pid_kd_ang set to 0.100949
[imu_filter_madgwick_node-3] [INFO] [1770696766.373227441] [imu_filter]: Parameter RLController.pid_kp_lin set to 1.248911
[imu_filter_madgwick_node-3] [INFO] [1770696766.373479543] [imu_filter]: Parameter RLController.pid_ki_lin set to 0.000000
[imu_filter_madgwick_node-3] [INFO] [1770696766.373610298] [imu_filter]: Parameter RLController.pid_kd_lin set to 0.020000
[imu_filter_madgwick_node-3] [INFO] [1770696766.373717885] [imu_filter]: Parameter RLController.pid_kp_ang set to 1.231342
[imu_filter_madgwick_node-3] [INFO] [1770696766.373803903] [imu_filter]: Parameter RLController.pid_ki_ang set to 0.000000
[imu_filter_madgwick_node-3] [INFO] [1770696766.373873440] [imu_filter]: Parameter RLController.pid_kd_ang set to 0.100949
[imu_filter_madgwick_node-3] [INFO] [1770696766.798498468] [imu_filter]: Parameter RLController.pid_kp_lin set to 1.249184
[imu_filter_madgwick_node-3] [INFO] [1770696766.798713545] [imu_filter]: Parameter RLController.pid_ki_lin set to 0.000000
[imu_filter_madgwick_node-3] [INFO] [1770696766.798788651] [imu_filter]: Parameter RLController.pid_kd_lin set to 0.020000
[imu_filter_madgwick_node-3] [INFO] [1770696766.798851756] [imu_filter]: Parameter RLController.pid_kp_ang set to 1.231342
[imu_filter_madgwick_node-3] [INFO] [1770696766.798906765] [imu_filter]: Parameter RLController.pid_ki_ang set to 0.000000
[imu_filter_madgwick_node-3] [INFO] [1770696766.798961487] [imu_filter]: Parameter RLController.pid_kd_ang set to 0.100949
[imu_filter_madgwick_node-3] [INFO] [1770696767.207791938] [imu_filter]: Parameter RLController.pid_kp_lin set to 1.249184
[imu_filter_madgwick_node-3] [INFO] [1770696767.207998311] [imu_filter]: Parameter RLController.pid_ki_lin set to 0.000000
[imu_filter_madgwick_node-3] [INFO] [1770696767.208074409] [imu_filter]: Parameter RLController.pid_kd_lin set to 0.020000
[imu_filter_madgwick_node-3] [INFO] [1770696767.208139562] [imu_filter]: Parameter RLController.pid_kp_ang set to 1.231342
[imu_filter_madgwick_node-3] [INFO] [1770696767.208220524] [imu_filter]: Parameter RLController.pid_ki_ang set to 0.000000
[imu_filter_madgwick_node-3] [INFO] [1770696767.208283854] [imu_filter]: Parameter RLController.pid_kd_ang set to 0.100949
[imu_filter_madgwick_node-3] [INFO] [1770696767.633342331] [imu_filter]: Parameter RLController.pid_kp_lin set to 1.249341
[imu_filter_madgwick_node-3] [INFO] [1770696767.633677603] [imu_filter]: Parameter RLController.pid_ki_lin set to 0.000000
[imu_filter_madgwick_node-3] [INFO] [1770696767.633751397] [imu_filter]: Parameter RLController.pid_kd_lin set to 0.020000
[imu_filter_madgwick_node-3] [INFO] [1770696767.633813862] [imu_filter]: Parameter RLController.pid_kp_ang set to 1.231342
[imu_filter_madgwick_node-3] [INFO] [1770696767.633869896] [imu_filter]: Parameter RLController.pid_ki_ang set to 0.000000
[imu_filter_madgwick_node-3] [INFO] [1770696767.633925801] [imu_filter]: Parameter RLController.pid_kd_ang set to 0.100949
[imu_filter_madgwick_node-3] [INFO] [1770696768.049113041] [imu_filter]: Parameter RLController.pid_kp_lin set to 1.249563
[imu_filter_madgwick_node-3] [INFO] [1770696768.049342806] [imu_filter]: Parameter RLController.pid_ki_lin set to 0.000000
[imu_filter_madgwick_node-3] [INFO] [1770696768.049424216] [imu_filter]: Parameter RLController.pid_kd_lin set to 0.020000
[imu_filter_madgwick_node-3] [INFO] [1770696768.049495962] [imu_filter]: Parameter RLController.pid_kp_ang set to 1.231342
[imu_filter_madgwick_node-3] [INFO] [1770696768.049803009] [imu_filter]: Parameter RLController.pid_ki_ang set to 0.000000
[imu_filter_madgwick_node-3] [INFO] [1770696768.049871586] [imu_filter]: Parameter RLController.pid_kd_ang set to 0.100949
[imu_filter_madgwick_node-3] [INFO] [1770696768.461287218] [imu_filter]: Parameter RLController.pid_kp_lin set to 1.249563
[imu_filter_madgwick_node-3] [INFO] [1770696768.461492087] [imu_filter]: Parameter RLController.pid_ki_lin set to 0.000000
[imu_filter_madgwick_node-3] [INFO] [1770696768.461564505] [imu_filter]: Parameter RLController.pid_kd_lin set to 0.020000
[imu_filter_madgwick_node-3] [INFO] [1770696768.461628282] [imu_filter]: Parameter RLController.pid_kp_ang set to 1.231342
[imu_filter_madgwick_node-3] [INFO] [1770696768.461686396] [imu_filter]: Parameter RLController.pid_ki_ang set to 0.000000
[imu_filter_madgwick_node-3] [INFO] [1770696768.461743325] [imu_filter]: Parameter RLController.pid_kd_ang set to 0.100949
[imu_filter_madgwick_node-3] [INFO] [1770696768.870675731] [imu_filter]: Parameter RLController.pid_kp_lin set to 1.249750
[imu_filter_madgwick_node-3] [INFO] [1770696768.870878488] [imu_filter]: Parameter RLController.pid_ki_lin set to 0.000000
[imu_filter_madgwick_node-3] [INFO] [1770696768.870947737] [imu_filter]: Parameter RLController.pid_kd_lin set to 0.020000
[imu_filter_madgwick_node-3] [INFO] [1770696768.871010267] [imu_filter]: Parameter RLController.pid_kp_ang set to 1.231342
[imu_filter_madgwick_node-3] [INFO] [1770696768.871068028] [imu_filter]: Parameter RLController.pid_ki_ang set to 0.000000
[imu_filter_madgwick_node-3] [INFO] [1770696768.871125181] [imu_filter]: Parameter RLController.pid_kd_ang set to 0.100949
[imu_filter_madgwick_node-3] [INFO] [1770696769.296215500] [imu_filter]: Parameter RLController.pid_kp_lin set to 1.249933
[imu_filter_madgwick_node-3] [INFO] [1770696769.296454481] [imu_filter]: Parameter RLController.pid_ki_lin set to 0.000000
[imu_filter_madgwick_node-3] [INFO] [1770696769.296528275] [imu_filter]: Parameter RLController.pid_kd_lin set to 0.020000
[imu_filter_madgwick_node-3] [INFO] [1770696769.296595221] [imu_filter]: Parameter RLController.pid_kp_ang set to 1.231342
[imu_filter_madgwick_node-3] [INFO] [1770696769.296655510] [imu_filter]: Parameter RLController.pid_ki_ang set to 0.000000
[imu_filter_madgwick_node-3] [INFO] [1770696769.296712215] [imu_filter]: Parameter RLController.pid_kd_ang set to 0.100949
[imu_filter_madgwick_node-3] [INFO] [1770696769.713759946] [imu_filter]: Parameter RLController.pid_kp_lin set to 1.250121
[imu_filter_madgwick_node-3] [INFO] [1770696769.714369337] [imu_filter]: Parameter RLController.pid_ki_lin set to 0.000000
[imu_filter_madgwick_node-3] [INFO] [1770696769.714472795] [imu_filter]: Parameter RLController.pid_kd_lin set to 0.020000
[imu_filter_madgwick_node-3] [INFO] [1770696769.714534941] [imu_filter]: Parameter RLController.pid_kp_ang set to 1.231342
[imu_filter_madgwick_node-3] [INFO] [1770696769.714591390] [imu_filter]: Parameter RLController.pid_ki_ang set to 0.000000
[imu_filter_madgwick_node-3] [INFO] [1770696769.714661823] [imu_filter]: Parameter RLController.pid_kd_ang set to 0.100949
[imu_filter_madgwick_node-3] [INFO] [1770696770.124529099] [imu_filter]: Parameter RLController.pid_kp_lin set to 1.250324
[imu_filter_madgwick_node-3] [INFO] [1770696770.124757713] [imu_filter]: Parameter RLController.pid_ki_lin set to 0.000000
[imu_filter_madgwick_node-3] [INFO] [1770696770.124831250] [imu_filter]: Parameter RLController.pid_kd_lin set to 0.020000
[imu_filter_madgwick_node-3] [INFO] [1770696770.124898868] [imu_filter]: Parameter RLController.pid_kp_ang set to 1.231342
[imu_filter_madgwick_node-3] [INFO] [1770696770.124959733] [imu_filter]: Parameter RLController.pid_ki_ang set to 0.000000
[imu_filter_madgwick_node-3] [INFO] [1770696770.125022903] [imu_filter]: Parameter RLController.pid_kd_ang set to 0.100949
[imu_filter_madgwick_node-3] [INFO] [1770696770.543811474] [imu_filter]: Parameter RLController.pid_kp_lin set to 1.250554
[imu_filter_madgwick_node-3] [INFO] [1770696770.544031800] [imu_filter]: Parameter RLController.pid_ki_lin set to 0.000000
[imu_filter_madgwick_node-3] [INFO] [1770696770.544101113] [imu_filter]: Parameter RLController.pid_kd_lin set to 0.020000
[imu_filter_madgwick_node-3] [INFO] [1770696770.544224412] [imu_filter]: Parameter RLController.pid_kp_ang set to 1.231342
[imu_filter_madgwick_node-3] [INFO] [1770696770.544297438] [imu_filter]: Parameter RLController.pid_ki_ang set to 0.000000
[imu_filter_madgwick_node-3] [INFO] [1770696770.544360767] [imu_filter]: Parameter RLController.pid_kd_ang set to 0.100949
[imu_filter_madgwick_node-3] [INFO] [1770696770.964261333] [imu_filter]: Parameter RLController.pid_kp_lin set to 1.250793
[imu_filter_madgwick_node-3] [INFO] [1770696770.964490842] [imu_filter]: Parameter RLController.pid_ki_lin set to 0.000000
[imu_filter_madgwick_node-3] [INFO] [1770696770.964577244] [imu_filter]: Parameter RLController.pid_kd_lin set to 0.020000
[imu_filter_madgwick_node-3] [INFO] [1770696770.968098254] [imu_filter]: Parameter RLController.pid_kp_ang set to 1.231342
[imu_filter_madgwick_node-3] [INFO] [1770696770.968307443] [imu_filter]: Parameter RLController.pid_ki_ang set to 0.000000
[imu_filter_madgwick_node-3] [INFO] [1770696770.968498391] [imu_filter]: Parameter RLController.pid_kd_ang set to 0.100949
[imu_filter_madgwick_node-3] [INFO] [1770696771.387102671] [imu_filter]: Parameter RLController.pid_kp_lin set to 1.251039
[imu_filter_madgwick_node-3] [INFO] [1770696771.387431574] [imu_filter]: Parameter RLController.pid_ki_lin set to 0.000000
[imu_filter_madgwick_node-3] [INFO] [1770696771.387507768] [imu_filter]: Parameter RLController.pid_kd_lin set to 0.020000
[imu_filter_madgwick_node-3] [INFO] [1770696771.387570202] [imu_filter]: Parameter RLController.pid_kp_ang set to 1.231342
[imu_filter_madgwick_node-3] [INFO] [1770696771.387627163] [imu_filter]: Parameter RLController.pid_ki_ang set to 0.000000
[imu_filter_madgwick_node-3] [INFO] [1770696771.387701629] [imu_filter]: Parameter RLController.pid_kd_ang set to 0.100949
[imu_filter_madgwick_node-3] [INFO] [1770696771.798795493] [imu_filter]: Parameter RLController.pid_kp_lin set to 1.251307
[imu_filter_madgwick_node-3] [INFO] [1770696771.798981673] [imu_filter]: Parameter RLController.pid_ki_lin set to 0.000000
[imu_filter_madgwick_node-3] [INFO] [1770696771.799055595] [imu_filter]: Parameter RLController.pid_kd_lin set to 0.020000
[imu_filter_madgwick_node-3] [INFO] [1770696771.799112333] [imu_filter]: Parameter RLController.pid_kp_ang set to 1.231342
[imu_filter_madgwick_node-3] [INFO] [1770696771.799167918] [imu_filter]: Parameter RLController.pid_ki_ang set to 0.000000
[imu_filter_madgwick_node-3] [INFO] [1770696771.799222863] [imu_filter]: Parameter RLController.pid_kd_ang set to 0.100949
[imu_filter_madgwick_node-3] [INFO] [1770696772.212354663] [imu_filter]: Parameter RLController.pid_kp_lin set to 1.251568
[imu_filter_madgwick_node-3] [INFO] [1770696772.212617965] [imu_filter]: Parameter RLController.pid_ki_lin set to 0.000000
[imu_filter_madgwick_node-3] [INFO] [1770696772.212693519] [imu_filter]: Parameter RLController.pid_kd_lin set to 0.020000
[imu_filter_madgwick_node-3] [INFO] [1770696772.212801201] [imu_filter]: Parameter RLController.pid_kp_ang set to 1.231342
[imu_filter_madgwick_node-3] [INFO] [1770696772.212864403] [imu_filter]: Parameter RLController.pid_ki_ang set to 0.000000
[imu_filter_madgwick_node-3] [INFO] [1770696772.213007478] [imu_filter]: Parameter RLController.pid_kd_ang set to 0.100949
[imu_filter_madgwick_node-3] [INFO] [1770696772.640492668] [imu_filter]: Parameter RLController.pid_kp_lin set to 1.251836
[imu_filter_madgwick_node-3] [INFO] [1770696772.640691297] [imu_filter]: Parameter RLController.pid_ki_lin set to 0.000000
[imu_filter_madgwick_node-3] [INFO] [1770696772.640761219] [imu_filter]: Parameter RLController.pid_kd_lin set to 0.020000
[imu_filter_madgwick_node-3] [INFO] [1770696772.640828228] [imu_filter]: Parameter RLController.pid_kp_ang set to 1.231342
[imu_filter_madgwick_node-3] [INFO] [1770696772.640889830] [imu_filter]: Parameter RLController.pid_ki_ang set to 0.000000
[imu_filter_madgwick_node-3] [INFO] [1770696772.640948231] [imu_filter]: Parameter RLController.pid_kd_ang set to 0.100949
[imu_filter_madgwick_node-3] [INFO] [1770696773.081376667] [imu_filter]: Parameter RLController.pid_kp_lin set to 1.252120
[imu_filter_madgwick_node-3] [INFO] [1770696773.081600032] [imu_filter]: Parameter RLController.pid_ki_lin set to 0.000000
[imu_filter_madgwick_node-3] [INFO] [1770696773.081671586] [imu_filter]: Parameter RLController.pid_kd_lin set to 0.020000
[imu_filter_madgwick_node-3] [INFO] [1770696773.081738307] [imu_filter]: Parameter RLController.pid_kp_ang set to 1.231342
[imu_filter_madgwick_node-3] [INFO] [1770696773.081793060] [imu_filter]: Parameter RLController.pid_ki_ang set to 0.000000
[imu_filter_madgwick_node-3] [INFO] [1770696773.084145243] [imu_filter]: Parameter RLController.pid_kd_ang set to 0.100949
[imu_filter_madgwick_node-3] [INFO] [1770696773.503074810] [imu_filter]: Parameter RLController.pid_kp_lin set to 1.252358
[imu_filter_madgwick_node-3] [INFO] [1770696773.503277247] [imu_filter]: Parameter RLController.pid_ki_lin set to 0.000000
[imu_filter_madgwick_node-3] [INFO] [1770696773.503355745] [imu_filter]: Parameter RLController.pid_kd_lin set to 0.020000
[imu_filter_madgwick_node-3] [INFO] [1770696773.503420482] [imu_filter]: Parameter RLController.pid_kp_ang set to 1.231342
[imu_filter_madgwick_node-3] [INFO] [1770696773.503476131] [imu_filter]: Parameter RLController.pid_ki_ang set to 0.000000
[imu_filter_madgwick_node-3] [INFO] [1770696773.503534213] [imu_filter]: Parameter RLController.pid_kd_ang set to 0.100949
[imu_filter_madgwick_node-3] [INFO] [1770696773.919389916] [imu_filter]: Parameter RLController.pid_kp_lin set to 1.252591
[imu_filter_madgwick_node-3] [INFO] [1770696773.919737988] [imu_filter]: Parameter RLController.pid_ki_lin set to 0.000000
[imu_filter_madgwick_node-3] [INFO] [1770696773.919825030] [imu_filter]: Parameter RLController.pid_kd_lin set to 0.020000
[imu_filter_madgwick_node-3] [INFO] [1770696773.919891176] [imu_filter]: Parameter RLController.pid_kp_ang set to 1.231342
[imu_filter_madgwick_node-3] [INFO] [1770696773.919953961] [imu_filter]: Parameter RLController.pid_ki_ang set to 0.000000
[imu_filter_madgwick_node-3] [INFO] [1770696773.920012331] [imu_filter]: Parameter RLController.pid_kd_ang set to 0.100949
[imu_filter_madgwick_node-3] [INFO] [1770696774.340940792] [imu_filter]: Parameter RLController.pid_kp_lin set to 1.252813
[imu_filter_madgwick_node-3] [INFO] [1770696774.341287136] [imu_filter]: Parameter RLController.pid_ki_lin set to 0.000000
[imu_filter_madgwick_node-3] [INFO] [1770696774.341373314] [imu_filter]: Parameter RLController.pid_kd_lin set to 0.020000
[imu_filter_madgwick_node-3] [INFO] [1770696774.341436548] [imu_filter]: Parameter RLController.pid_kp_ang set to 1.231342
[imu_filter_madgwick_node-3] [INFO] [1770696774.341495269] [imu_filter]: Parameter RLController.pid_ki_ang set to 0.000000
[imu_filter_madgwick_node-3] [INFO] [1770696774.341551334] [imu_filter]: Parameter RLController.pid_kd_ang set to 0.100949
[imu_filter_madgwick_node-3] [INFO] [1770696774.753664038] [imu_filter]: Parameter RLController.pid_kp_lin set to 1.253028
[imu_filter_madgwick_node-3] [INFO] [1770696774.753854379] [imu_filter]: Parameter RLController.pid_ki_lin set to 0.000000
[imu_filter_madgwick_node-3] [INFO] [1770696774.753924877] [imu_filter]: Parameter RLController.pid_kd_lin set to 0.020000
[imu_filter_madgwick_node-3] [INFO] [1770696774.753986638] [imu_filter]: Parameter RLController.pid_kp_ang set to 1.231342
[imu_filter_madgwick_node-3] [INFO] [1770696774.754042991] [imu_filter]: Parameter RLController.pid_ki_ang set to 0.000000
[imu_filter_madgwick_node-3] [INFO] [1770696774.754099249] [imu_filter]: Parameter RLController.pid_kd_ang set to 0.100949
[imu_filter_madgwick_node-3] [INFO] [1770696775.166172912] [imu_filter]: Parameter RLController.pid_kp_lin set to 1.253246
[imu_filter_madgwick_node-3] [INFO] [1770696775.166384597] [imu_filter]: Parameter RLController.pid_ki_lin set to 0.000000
[imu_filter_madgwick_node-3] [INFO] [1770696775.166455830] [imu_filter]: Parameter RLController.pid_kd_lin set to 0.020000
[imu_filter_madgwick_node-3] [INFO] [1770696775.166519480] [imu_filter]: Parameter RLController.pid_kp_ang set to 1.231342
[imu_filter_madgwick_node-3] [INFO] [1770696775.166576697] [imu_filter]: Parameter RLController.pid_ki_ang set to 0.000000
[imu_filter_madgwick_node-3] [INFO] [1770696775.166632730] [imu_filter]: Parameter RLController.pid_kd_ang set to 0.100949
[imu_filter_madgwick_node-3] [INFO] [1770696775.587058428] [imu_filter]: Parameter RLController.pid_kp_lin set to 1.253457
[imu_filter_madgwick_node-3] [INFO] [1770696775.587256161] [imu_filter]: Parameter RLController.pid_ki_lin set to 0.000000
[imu_filter_madgwick_node-3] [INFO] [1770696775.587337059] [imu_filter]: Parameter RLController.pid_kd_lin set to 0.020000
[imu_filter_madgwick_node-3] [INFO] [1770696775.587404036] [imu_filter]: Parameter RLController.pid_kp_ang set to 1.231342
[imu_filter_madgwick_node-3] [INFO] [1770696775.587463334] [imu_filter]: Parameter RLController.pid_ki_ang set to 0.000000
[imu_filter_madgwick_node-3] [INFO] [1770696775.590384106] [imu_filter]: Parameter RLController.pid_kd_ang set to 0.100949
[imu_filter_madgwick_node-3] [INFO] [1770696776.014789032] [imu_filter]: Parameter RLController.pid_kp_lin set to 1.253667
[imu_filter_madgwick_node-3] [INFO] [1770696776.016445647] [imu_filter]: Parameter RLController.pid_ki_lin set to 0.000000
[imu_filter_madgwick_node-3] [INFO] [1770696776.016620947] [imu_filter]: Parameter RLController.pid_kd_lin set to 0.020000
[imu_filter_madgwick_node-3] [INFO] [1770696776.016693013] [imu_filter]: Parameter RLController.pid_kp_ang set to 1.231342
[imu_filter_madgwick_node-3] [INFO] [1770696776.016749238] [imu_filter]: Parameter RLController.pid_ki_ang set to 0.000000
[imu_filter_madgwick_node-3] [INFO] [1770696776.016805751] [imu_filter]: Parameter RLController.pid_kd_ang set to 0.100949
[imu_filter_madgwick_node-3] [INFO] [1770696776.443953206] [imu_filter]: Parameter RLController.pid_kp_lin set to 1.253873
[imu_filter_madgwick_node-3] [INFO] [1770696776.447970867] [imu_filter]: Parameter RLController.pid_ki_lin set to 0.000000
[imu_filter_madgwick_node-3] [INFO] [1770696776.448160920] [imu_filter]: Parameter RLController.pid_kd_lin set to 0.020000
[imu_filter_madgwick_node-3] [INFO] [1770696776.448264474] [imu_filter]: Parameter RLController.pid_kp_ang set to 1.231342
[imu_filter_madgwick_node-3] [INFO] [1770696776.448322107] [imu_filter]: Parameter RLController.pid_ki_ang set to 0.000000
[imu_filter_madgwick_node-3] [INFO] [1770696776.448376093] [imu_filter]: Parameter RLController.pid_kd_ang set to 0.100949
[imu_filter_madgwick_node-3] [INFO] [1770696776.881532903] [imu_filter]: Parameter RLController.pid_kp_lin set to 1.254071
[imu_filter_madgwick_node-3] [INFO] [1770696776.881750188] [imu_filter]: Parameter RLController.pid_ki_lin set to 0.000000
[imu_filter_madgwick_node-3] [INFO] [1770696776.881823022] [imu_filter]: Parameter RLController.pid_kd_lin set to 0.020000
[imu_filter_madgwick_node-3] [INFO] [1770696776.881895855] [imu_filter]: Parameter RLController.pid_kp_ang set to 1.231342
[imu_filter_madgwick_node-3] [INFO] [1770696776.881953585] [imu_filter]: Parameter RLController.pid_ki_ang set to 0.000000
[imu_filter_madgwick_node-3] [INFO] [1770696776.882016594] [imu_filter]: Parameter RLController.pid_kd_ang set to 0.100949
[imu_filter_madgwick_node-3] [INFO] [1770696777.307472937] [imu_filter]: Parameter RLController.pid_kp_lin set to 1.254265
[imu_filter_madgwick_node-3] [INFO] [1770696777.307681934] [imu_filter]: Parameter RLController.pid_ki_lin set to 0.000000
[imu_filter_madgwick_node-3] [INFO] [1770696777.307759280] [imu_filter]: Parameter RLController.pid_kd_lin set to 0.020000
[imu_filter_madgwick_node-3] [INFO] [1770696777.307947988] [imu_filter]: Parameter RLController.pid_kp_ang set to 1.231342
[imu_filter_madgwick_node-3] [INFO] [1770696777.308012854] [imu_filter]: Parameter RLController.pid_ki_ang set to 0.000000
[imu_filter_madgwick_node-3] [INFO] [1770696777.308070935] [imu_filter]: Parameter RLController.pid_kd_ang set to 0.100949
[imu_filter_madgwick_node-3] [INFO] [1770696777.725310767] [imu_filter]: Parameter RLController.pid_kp_lin set to 1.254456
[imu_filter_madgwick_node-3] [INFO] [1770696777.725486675] [imu_filter]: Parameter RLController.pid_ki_lin set to 0.000000
[imu_filter_madgwick_node-3] [INFO] [1770696777.725558676] [imu_filter]: Parameter RLController.pid_kd_lin set to 0.020000
[imu_filter_madgwick_node-3] [INFO] [1770696777.725624054] [imu_filter]: Parameter RLController.pid_kp_ang set to 1.231342
[imu_filter_madgwick_node-3] [INFO] [1770696777.726746288] [imu_filter]: Parameter RLController.pid_ki_ang set to 0.000000
[imu_filter_madgwick_node-3] [INFO] [1770696777.726871667] [imu_filter]: Parameter RLController.pid_kd_ang set to 0.100949
[imu_filter_madgwick_node-3] [INFO] [1770696778.151829694] [imu_filter]: Parameter RLController.pid_kp_lin set to 1.254456
[imu_filter_madgwick_node-3] [INFO] [1770696778.152051811] [imu_filter]: Parameter RLController.pid_ki_lin set to 0.000000
[imu_filter_madgwick_node-3] [INFO] [1770696778.152127589] [imu_filter]: Parameter RLController.pid_kd_lin set to 0.020000
[imu_filter_madgwick_node-3] [INFO] [1770696778.152213127] [imu_filter]: Parameter RLController.pid_kp_ang set to 1.231137
[imu_filter_madgwick_node-3] [INFO] [1770696778.152275081] [imu_filter]: Parameter RLController.pid_ki_ang set to 0.000000
[imu_filter_madgwick_node-3] [INFO] [1770696778.152334218] [imu_filter]: Parameter RLController.pid_kd_ang set to 0.101049
[imu_filter_madgwick_node-3] [INFO] [1770696778.571222920] [imu_filter]: Parameter RLController.pid_kp_lin set to 1.254456
[imu_filter_madgwick_node-3] [INFO] [1770696778.571414924] [imu_filter]: Parameter RLController.pid_ki_lin set to 0.000000
[imu_filter_madgwick_node-3] [INFO] [1770696778.571481230] [imu_filter]: Parameter RLController.pid_kd_lin set to 0.020000
[imu_filter_madgwick_node-3] [INFO] [1770696778.571543471] [imu_filter]: Parameter RLController.pid_kp_ang set to 1.231137
[imu_filter_madgwick_node-3] [INFO] [1770696778.571603089] [imu_filter]: Parameter RLController.pid_ki_ang set to 0.000000
[imu_filter_madgwick_node-3] [INFO] [1770696778.571658962] [imu_filter]: Parameter RLController.pid_kd_ang set to 0.101139
[imu_filter_madgwick_node-3] [INFO] [1770696778.996875492] [imu_filter]: Parameter RLController.pid_kp_lin set to 1.254614
[imu_filter_madgwick_node-3] [INFO] [1770696778.997249164] [imu_filter]: Parameter RLController.pid_ki_lin set to 0.000000
[imu_filter_madgwick_node-3] [INFO] [1770696778.997339502] [imu_filter]: Parameter RLController.pid_kd_lin set to 0.020000
[imu_filter_madgwick_node-3] [INFO] [1770696778.997402928] [imu_filter]: Parameter RLController.pid_kp_ang set to 1.231137
[imu_filter_madgwick_node-3] [INFO] [1770696778.997462609] [imu_filter]: Parameter RLController.pid_ki_ang set to 0.000000
[imu_filter_madgwick_node-3] [INFO] [1770696778.997515442] [imu_filter]: Parameter RLController.pid_kd_ang set to 0.101139
[imu_filter_madgwick_node-3] [INFO] [1770696779.430062735] [imu_filter]: Parameter RLController.pid_kp_lin set to 1.254866
[imu_filter_madgwick_node-3] [INFO] [1770696779.430297684] [imu_filter]: Parameter RLController.pid_ki_lin set to 0.000000
[imu_filter_madgwick_node-3] [INFO] [1770696779.430377238] [imu_filter]: Parameter RLController.pid_kd_lin set to 0.020000
[imu_filter_madgwick_node-3] [INFO] [1770696779.430440919] [imu_filter]: Parameter RLController.pid_kp_ang set to 1.231137
[imu_filter_madgwick_node-3] [INFO] [1770696779.430493465] [imu_filter]: Parameter RLController.pid_ki_ang set to 0.000000
[imu_filter_madgwick_node-3] [INFO] [1770696779.431960699] [imu_filter]: Parameter RLController.pid_kd_ang set to 0.101139
[imu_filter_madgwick_node-3] [INFO] [1770696779.863716645] [imu_filter]: Parameter RLController.pid_kp_lin set to 1.255227
[imu_filter_madgwick_node-3] [INFO] [1770696779.866502597] [imu_filter]: Parameter RLController.pid_ki_lin set to 0.000000
[imu_filter_madgwick_node-3] [INFO] [1770696779.866932623] [imu_filter]: Parameter RLController.pid_kd_lin set to 0.020000
[imu_filter_madgwick_node-3] [INFO] [1770696779.867058578] [imu_filter]: Parameter RLController.pid_kp_ang set to 1.231137
[imu_filter_madgwick_node-3] [INFO] [1770696779.867125620] [imu_filter]: Parameter RLController.pid_ki_ang set to 0.000000
[imu_filter_madgwick_node-3] [INFO] [1770696779.867187189] [imu_filter]: Parameter RLController.pid_kd_ang set to 0.101139
[imu_filter_madgwick_node-3] [INFO] [1770696780.262522063] [imu_filter]: Parameter RLController.pid_kp_lin set to 1.255579
[imu_filter_madgwick_node-3] [INFO] [1770696780.262760372] [imu_filter]: Parameter RLController.pid_ki_lin set to 0.000000
[imu_filter_madgwick_node-3] [INFO] [1770696780.262843830] [imu_filter]: Parameter RLController.pid_kd_lin set to 0.020000
[imu_filter_madgwick_node-3] [INFO] [1770696780.262907864] [imu_filter]: Parameter RLController.pid_kp_ang set to 1.231137
[imu_filter_madgwick_node-3] [INFO] [1770696780.263085852] [imu_filter]: Parameter RLController.pid_ki_ang set to 0.000000
[imu_filter_madgwick_node-3] [INFO] [1770696780.263155933] [imu_filter]: Parameter RLController.pid_kd_ang set to 0.101139
[imu_filter_madgwick_node-3] [INFO] [1770696780.674433450] [imu_filter]: Parameter RLController.pid_kp_lin set to 1.255742
[imu_filter_madgwick_node-3] [INFO] [1770696780.674641103] [imu_filter]: Parameter RLController.pid_ki_lin set to 0.000000
[imu_filter_madgwick_node-3] [INFO] [1770696780.674711185] [imu_filter]: Parameter RLController.pid_kd_lin set to 0.020000
[imu_filter_madgwick_node-3] [INFO] [1770696780.674774642] [imu_filter]: Parameter RLController.pid_kp_ang set to 1.231137
[imu_filter_madgwick_node-3] [INFO] [1770696780.674825939] [imu_filter]: Parameter RLController.pid_ki_ang set to 0.000000
[imu_filter_madgwick_node-3] [INFO] [1770696780.677577459] [imu_filter]: Parameter RLController.pid_kd_ang set to 0.101139
[imu_filter_madgwick_node-3] [INFO] [1770696781.093424362] [imu_filter]: Parameter RLController.pid_kp_lin set to 1.256004
[imu_filter_madgwick_node-3] [INFO] [1770696781.093643472] [imu_filter]: Parameter RLController.pid_ki_lin set to 0.000000
[imu_filter_madgwick_node-3] [INFO] [1770696781.093717169] [imu_filter]: Parameter RLController.pid_kd_lin set to 0.020000
[imu_filter_madgwick_node-3] [INFO] [1770696781.093782355] [imu_filter]: Parameter RLController.pid_kp_ang set to 1.231137
[imu_filter_madgwick_node-3] [INFO] [1770696781.095564700] [imu_filter]: Parameter RLController.pid_ki_ang set to 0.000000
[imu_filter_madgwick_node-3] [INFO] [1770696781.095725472] [imu_filter]: Parameter RLController.pid_kd_ang set to 0.101139
[imu_filter_madgwick_node-3] [INFO] [1770696781.520671851] [imu_filter]: Parameter RLController.pid_kp_lin set to 1.256273
[imu_filter_madgwick_node-3] [INFO] [1770696781.521018579] [imu_filter]: Parameter RLController.pid_ki_lin set to 0.000000
[imu_filter_madgwick_node-3] [INFO] [1770696781.521167159] [imu_filter]: Parameter RLController.pid_kd_lin set to 0.020000
[imu_filter_madgwick_node-3] [INFO] [1770696781.521237720] [imu_filter]: Parameter RLController.pid_kp_ang set to 1.231137
[imu_filter_madgwick_node-3] [INFO] [1770696781.521298138] [imu_filter]: Parameter RLController.pid_ki_ang set to 0.000000
[imu_filter_madgwick_node-3] [INFO] [1770696781.521353627] [imu_filter]: Parameter RLController.pid_kd_ang set to 0.101139
[imu_filter_madgwick_node-3] [INFO] [1770696781.931241415] [imu_filter]: Parameter RLController.pid_kp_lin set to 1.256513
[imu_filter_madgwick_node-3] [INFO] [1770696781.931438508] [imu_filter]: Parameter RLController.pid_ki_lin set to 0.000000
[imu_filter_madgwick_node-3] [INFO] [1770696781.931513486] [imu_filter]: Parameter RLController.pid_kd_lin set to 0.020000
[imu_filter_madgwick_node-3] [INFO] [1770696781.931578415] [imu_filter]: Parameter RLController.pid_kp_ang set to 1.231137
[imu_filter_madgwick_node-3] [INFO] [1770696781.931634864] [imu_filter]: Parameter RLController.pid_ki_ang set to 0.000000
[imu_filter_madgwick_node-3] [INFO] [1770696781.931682866] [imu_filter]: Parameter RLController.pid_kd_ang set to 0.101139
[imu_filter_madgwick_node-3] [INFO] [1770696782.348205240] [imu_filter]: Parameter RLController.pid_kp_lin set to 1.256513
[imu_filter_madgwick_node-3] [INFO] [1770696782.349677371] [imu_filter]: Parameter RLController.pid_ki_lin set to 0.000000
[imu_filter_madgwick_node-3] [INFO] [1770696782.349847295] [imu_filter]: Parameter RLController.pid_kd_lin set to 0.020000
[imu_filter_madgwick_node-3] [INFO] [1770696782.349913984] [imu_filter]: Parameter RLController.pid_kp_ang set to 1.231137
[imu_filter_madgwick_node-3] [INFO] [1770696782.350159846] [imu_filter]: Parameter RLController.pid_ki_ang set to 0.000000
[imu_filter_madgwick_node-3] [INFO] [1770696782.350228808] [imu_filter]: Parameter RLController.pid_kd_ang set to 0.101139
[imu_filter_madgwick_node-3] [INFO] [1770696782.768735997] [imu_filter]: Parameter RLController.pid_kp_lin set to 1.256513
[imu_filter_madgwick_node-3] [INFO] [1770696782.769128294] [imu_filter]: Parameter RLController.pid_ki_lin set to 0.000000
[imu_filter_madgwick_node-3] [INFO] [1770696782.769228072] [imu_filter]: Parameter RLController.pid_kd_lin set to 0.020000
[imu_filter_madgwick_node-3] [INFO] [1770696782.769295498] [imu_filter]: Parameter RLController.pid_kp_ang set to 1.231137
[imu_filter_madgwick_node-3] [INFO] [1770696782.769358699] [imu_filter]: Parameter RLController.pid_ki_ang set to 0.000000
[imu_filter_madgwick_node-3] [INFO] [1770696782.769418733] [imu_filter]: Parameter RLController.pid_kd_ang set to 0.101139
[imu_filter_madgwick_node-3] [INFO] [1770696783.200933937] [imu_filter]: Parameter RLController.pid_kp_lin set to 1.256513
[imu_filter_madgwick_node-3] [INFO] [1770696783.201352954] [imu_filter]: Parameter RLController.pid_ki_lin set to 0.000000
[imu_filter_madgwick_node-3] [INFO] [1770696783.201476733] [imu_filter]: Parameter RLController.pid_kd_lin set to 0.020000
[imu_filter_madgwick_node-3] [INFO] [1770696783.201549919] [imu_filter]: Parameter RLController.pid_kp_ang set to 1.231137
[imu_filter_madgwick_node-3] [INFO] [1770696783.201611168] [imu_filter]: Parameter RLController.pid_ki_ang set to 0.000000
[imu_filter_madgwick_node-3] [INFO] [1770696783.201668226] [imu_filter]: Parameter RLController.pid_kd_ang set to 0.101139
[imu_filter_madgwick_node-3] [INFO] [1770696783.621515830] [imu_filter]: Parameter RLController.pid_kp_lin set to 1.256513
[imu_filter_madgwick_node-3] [INFO] [1770696783.621715355] [imu_filter]: Parameter RLController.pid_ki_lin set to 0.000000
[imu_filter_madgwick_node-3] [INFO] [1770696783.621784732] [imu_filter]: Parameter RLController.pid_kd_lin set to 0.020000
[imu_filter_madgwick_node-3] [INFO] [1770696783.621848318] [imu_filter]: Parameter RLController.pid_kp_ang set to 1.231137
[imu_filter_madgwick_node-3] [INFO] [1770696783.621904895] [imu_filter]: Parameter RLController.pid_ki_ang set to 0.000000
[imu_filter_madgwick_node-3] [INFO] [1770696783.621967233] [imu_filter]: Parameter RLController.pid_kd_ang set to 0.101139
[imu_filter_madgwick_node-3] [INFO] [1770696784.034640078] [imu_filter]: Parameter RLController.pid_kp_lin set to 1.256513
[imu_filter_madgwick_node-3] [INFO] [1770696784.034843730] [imu_filter]: Parameter RLController.pid_ki_lin set to 0.000000
[imu_filter_madgwick_node-3] [INFO] [1770696784.034918420] [imu_filter]: Parameter RLController.pid_kd_lin set to 0.020000
[imu_filter_madgwick_node-3] [INFO] [1770696784.034981430] [imu_filter]: Parameter RLController.pid_kp_ang set to 1.231137
[imu_filter_madgwick_node-3] [INFO] [1770696784.035034231] [imu_filter]: Parameter RLController.pid_ki_ang set to 0.000000
[imu_filter_madgwick_node-3] [INFO] [1770696784.038598602] [imu_filter]: Parameter RLController.pid_kd_ang set to 0.101139
[imu_filter_madgwick_node-3] [INFO] [1770696784.466813761] [imu_filter]: Parameter RLController.pid_kp_lin set to 1.256513
[imu_filter_madgwick_node-3] [INFO] [1770696784.466999173] [imu_filter]: Parameter RLController.pid_ki_lin set to 0.000000
[imu_filter_madgwick_node-3] [INFO] [1770696784.467073511] [imu_filter]: Parameter RLController.pid_kd_lin set to 0.020000
[imu_filter_madgwick_node-3] [INFO] [1770696784.467139305] [imu_filter]: Parameter RLController.pid_kp_ang set to 1.231137
[imu_filter_madgwick_node-3] [INFO] [1770696784.467200778] [imu_filter]: Parameter RLController.pid_ki_ang set to 0.000000
[imu_filter_madgwick_node-3] [INFO] [1770696784.467261100] [imu_filter]: Parameter RLController.pid_kd_ang set to 0.101139
[imu_filter_madgwick_node-3] [INFO] [1770696784.883036449] [imu_filter]: Parameter RLController.pid_kp_lin set to 1.256513
[imu_filter_madgwick_node-3] [INFO] [1770696784.883261798] [imu_filter]: Parameter RLController.pid_ki_lin set to 0.000000
[imu_filter_madgwick_node-3] [INFO] [1770696784.883330664] [imu_filter]: Parameter RLController.pid_kd_lin set to 0.020000
[imu_filter_madgwick_node-3] [INFO] [1770696784.883391721] [imu_filter]: Parameter RLController.pid_kp_ang set to 1.231137
[imu_filter_madgwick_node-3] [INFO] [1770696784.883447179] [imu_filter]: Parameter RLController.pid_ki_ang set to 0.000000
[imu_filter_madgwick_node-3] [INFO] [1770696784.883505164] [imu_filter]: Parameter RLController.pid_kd_ang set to 0.101139
[imu_filter_madgwick_node-3] [INFO] [1770696785.299520967] [imu_filter]: Parameter RLController.pid_kp_lin set to 1.256513
[imu_filter_madgwick_node-3] [INFO] [1770696785.299737612] [imu_filter]: Parameter RLController.pid_ki_lin set to 0.000000
[imu_filter_madgwick_node-3] [INFO] [1770696785.299812526] [imu_filter]: Parameter RLController.pid_kd_lin set to 0.020000
[imu_filter_madgwick_node-3] [INFO] [1770696785.303095066] [imu_filter]: Parameter RLController.pid_kp_ang set to 1.231137
[imu_filter_madgwick_node-3] [INFO] [1770696785.303308671] [imu_filter]: Parameter RLController.pid_ki_ang set to 0.000000
[imu_filter_madgwick_node-3] [INFO] [1770696785.303533860] [imu_filter]: Parameter RLController.pid_kd_ang set to 0.101139
[imu_filter_madgwick_node-3] [INFO] [1770696785.707237217] [imu_filter]: Parameter RLController.pid_kp_lin set to 1.256513
[imu_filter_madgwick_node-3] [INFO] [1770696785.707549320] [imu_filter]: Parameter RLController.pid_ki_lin set to 0.000000
[imu_filter_madgwick_node-3] [INFO] [1770696785.707644074] [imu_filter]: Parameter RLController.pid_kd_lin set to 0.020000
[imu_filter_madgwick_node-3] [INFO] [1770696785.707712588] [imu_filter]: Parameter RLController.pid_kp_ang set to 1.231137
[imu_filter_madgwick_node-3] [INFO] [1770696785.707772461] [imu_filter]: Parameter RLController.pid_ki_ang set to 0.000000
[imu_filter_madgwick_node-3] [INFO] [1770696785.707826190] [imu_filter]: Parameter RLController.pid_kd_ang set to 0.101139
[imu_filter_madgwick_node-3] [INFO] [1770696786.134737383] [imu_filter]: Parameter RLController.pid_kp_lin set to 1.256513
[imu_filter_madgwick_node-3] [INFO] [1770696786.134969709] [imu_filter]: Parameter RLController.pid_ki_lin set to 0.000000
[imu_filter_madgwick_node-3] [INFO] [1770696786.135043630] [imu_filter]: Parameter RLController.pid_kd_lin set to 0.020000
[imu_filter_madgwick_node-3] [INFO] [1770696786.135106768] [imu_filter]: Parameter RLController.pid_kp_ang set to 1.231137
[imu_filter_madgwick_node-3] [INFO] [1770696786.135161457] [imu_filter]: Parameter RLController.pid_ki_ang set to 0.000000
[imu_filter_madgwick_node-3] [INFO] [1770696786.135217522] [imu_filter]: Parameter RLController.pid_kd_ang set to 0.101139
[imu_filter_madgwick_node-3] [INFO] [1770696786.547868127] [imu_filter]: Parameter RLController.pid_kp_lin set to 1.256513
[imu_filter_madgwick_node-3] [INFO] [1770696786.548226311] [imu_filter]: Parameter RLController.pid_ki_lin set to 0.000000
[imu_filter_madgwick_node-3] [INFO] [1770696786.548308297] [imu_filter]: Parameter RLController.pid_kd_lin set to 0.020000
[imu_filter_madgwick_node-3] [INFO] [1770696786.548372971] [imu_filter]: Parameter RLController.pid_kp_ang set to 1.231137
[imu_filter_madgwick_node-3] [INFO] [1770696786.548432940] [imu_filter]: Parameter RLController.pid_ki_ang set to 0.000000
[imu_filter_madgwick_node-3] [INFO] [1770696786.548507022] [imu_filter]: Parameter RLController.pid_kd_ang set to 0.101139
[imu_filter_madgwick_node-3] [INFO] [1770696786.989078085] [imu_filter]: Parameter RLController.pid_kp_lin set to 1.256513
[imu_filter_madgwick_node-3] [INFO] [1770696786.989290154] [imu_filter]: Parameter RLController.pid_ki_lin set to 0.000000
[imu_filter_madgwick_node-3] [INFO] [1770696786.989367916] [imu_filter]: Parameter RLController.pid_kd_lin set to 0.020000
[imu_filter_madgwick_node-3] [INFO] [1770696786.990535015] [imu_filter]: Parameter RLController.pid_kp_ang set to 1.231137
[imu_filter_madgwick_node-3] [INFO] [1770696786.990814669] [imu_filter]: Parameter RLController.pid_ki_ang set to 0.000000
[imu_filter_madgwick_node-3] [INFO] [1770696786.990898959] [imu_filter]: Parameter RLController.pid_kd_ang set to 0.101139
[imu_filter_madgwick_node-3] [INFO] [1770696787.414593373] [imu_filter]: Parameter RLController.pid_kp_lin set to 1.256513
[imu_filter_madgwick_node-3] [INFO] [1770696787.414813858] [imu_filter]: Parameter RLController.pid_ki_lin set to 0.000000
[imu_filter_madgwick_node-3] [INFO] [1770696787.414884260] [imu_filter]: Parameter RLController.pid_kd_lin set to 0.020000
[imu_filter_madgwick_node-3] [INFO] [1770696787.414942245] [imu_filter]: Parameter RLController.pid_kp_ang set to 1.231137
[imu_filter_madgwick_node-3] [INFO] [1770696787.415655606] [imu_filter]: Parameter RLController.pid_ki_ang set to 0.000000
[imu_filter_madgwick_node-3] [INFO] [1770696787.415734104] [imu_filter]: Parameter RLController.pid_kd_ang set to 0.101139
[imu_filter_madgwick_node-3] [INFO] [1770696787.833597214] [imu_filter]: Parameter RLController.pid_kp_lin set to 1.256513
[imu_filter_madgwick_node-3] [INFO] [1770696787.833793059] [imu_filter]: Parameter RLController.pid_ki_lin set to 0.000000
[imu_filter_madgwick_node-3] [INFO] [1770696787.833860484] [imu_filter]: Parameter RLController.pid_kd_lin set to 0.020000
[imu_filter_madgwick_node-3] [INFO] [1770696787.833921734] [imu_filter]: Parameter RLController.pid_kp_ang set to 1.231137
[imu_filter_madgwick_node-3] [INFO] [1770696787.833980487] [imu_filter]: Parameter RLController.pid_ki_ang set to 0.000000
[imu_filter_madgwick_node-3] [INFO] [1770696787.834038376] [imu_filter]: Parameter RLController.pid_kd_ang set to 0.101139
[imu_filter_madgwick_node-3] [INFO] [1770696788.243889748] [imu_filter]: Parameter RLController.pid_kp_lin set to 1.256513
[imu_filter_madgwick_node-3] [INFO] [1770696788.244081080] [imu_filter]: Parameter RLController.pid_ki_lin set to 0.000000
[imu_filter_madgwick_node-3] [INFO] [1770696788.244158490] [imu_filter]: Parameter RLController.pid_kd_lin set to 0.020000
[imu_filter_madgwick_node-3] [INFO] [1770696788.244255644] [imu_filter]: Parameter RLController.pid_kp_ang set to 1.231137
[imu_filter_madgwick_node-3] [INFO] [1770696788.246487856] [imu_filter]: Parameter RLController.pid_ki_ang set to 0.000000
[imu_filter_madgwick_node-3] [INFO] [1770696788.246714421] [imu_filter]: Parameter RLController.pid_kd_ang set to 0.101139
[imu_filter_madgwick_node-3] [INFO] [1770696788.668869824] [imu_filter]: Parameter RLController.pid_kp_lin set to 1.256513
[imu_filter_madgwick_node-3] [INFO] [1770696788.669128710] [imu_filter]: Parameter RLController.pid_ki_lin set to 0.000000
[imu_filter_madgwick_node-3] [INFO] [1770696788.669201863] [imu_filter]: Parameter RLController.pid_kd_lin set to 0.020000
[imu_filter_madgwick_node-3] [INFO] [1770696788.669268873] [imu_filter]: Parameter RLController.pid_kp_ang set to 1.231137
[imu_filter_madgwick_node-3] [INFO] [1770696788.669328138] [imu_filter]: Parameter RLController.pid_ki_ang set to 0.000000
[imu_filter_madgwick_node-3] [INFO] [1770696788.669386892] [imu_filter]: Parameter RLController.pid_kd_ang set to 0.101139
[imu_filter_madgwick_node-3] [INFO] [1770696789.098096590] [imu_filter]: Parameter RLController.pid_kp_lin set to 1.256513
[imu_filter_madgwick_node-3] [INFO] [1770696789.098349492] [imu_filter]: Parameter RLController.pid_ki_lin set to 0.000000
[imu_filter_madgwick_node-3] [INFO] [1770696789.098432470] [imu_filter]: Parameter RLController.pid_kd_lin set to 0.020000
[imu_filter_madgwick_node-3] [INFO] [1770696789.098497976] [imu_filter]: Parameter RLController.pid_kp_ang set to 1.231137
[imu_filter_madgwick_node-3] [INFO] [1770696789.098569657] [imu_filter]: Parameter RLController.pid_ki_ang set to 0.000000
[imu_filter_madgwick_node-3] [INFO] [1770696789.098629851] [imu_filter]: Parameter RLController.pid_kd_ang set to 0.101139
[imu_filter_madgwick_node-3] [INFO] [1770696789.512321792] [imu_filter]: Parameter RLController.pid_kp_lin set to 1.256513
[imu_filter_madgwick_node-3] [INFO] [1770696789.512688552] [imu_filter]: Parameter RLController.pid_ki_lin set to 0.000000
[imu_filter_madgwick_node-3] [INFO] [1770696789.512824587] [imu_filter]: Parameter RLController.pid_kd_lin set to 0.020000
[imu_filter_madgwick_node-3] [INFO] [1770696789.513015952] [imu_filter]: Parameter RLController.pid_kp_ang set to 1.231137
[imu_filter_madgwick_node-3] [INFO] [1770696789.513139987] [imu_filter]: Parameter RLController.pid_ki_ang set to 0.000000
[imu_filter_madgwick_node-3] [INFO] [1770696789.513211988] [imu_filter]: Parameter RLController.pid_kd_ang set to 0.101139
[imu_filter_madgwick_node-3] [INFO] [1770696789.945156898] [imu_filter]: Parameter RLController.pid_kp_lin set to 1.256513
[imu_filter_madgwick_node-3] [INFO] [1770696789.945484938] [imu_filter]: Parameter RLController.pid_ki_lin set to 0.000000
[imu_filter_madgwick_node-3] [INFO] [1770696789.945568588] [imu_filter]: Parameter RLController.pid_kd_lin set to 0.020000
[imu_filter_madgwick_node-3] [INFO] [1770696789.955118667] [imu_filter]: Parameter RLController.pid_kp_ang set to 1.231137
[imu_filter_madgwick_node-3] [INFO] [1770696789.955440722] [imu_filter]: Parameter RLController.pid_ki_ang set to 0.000000
[imu_filter_madgwick_node-3] [INFO] [1770696789.955524084] [imu_filter]: Parameter RLController.pid_kd_ang set to 0.101139
[imu_filter_madgwick_node-3] [INFO] [1770696790.373421435] [imu_filter]: Parameter RLController.pid_kp_lin set to 1.256513
[imu_filter_madgwick_node-3] [INFO] [1770696790.373825860] [imu_filter]: Parameter RLController.pid_ki_lin set to 0.000000
[imu_filter_madgwick_node-3] [INFO] [1770696790.373911622] [imu_filter]: Parameter RLController.pid_kd_lin set to 0.020000
[imu_filter_madgwick_node-3] [INFO] [1770696790.373974280] [imu_filter]: Parameter RLController.pid_kp_ang set to 1.231137
[imu_filter_madgwick_node-3] [INFO] [1770696790.374126091] [imu_filter]: Parameter RLController.pid_ki_ang set to 0.000000
[imu_filter_madgwick_node-3] [INFO] [1770696790.374190893] [imu_filter]: Parameter RLController.pid_kd_ang set to 0.101139
[imu_filter_madgwick_node-3] [INFO] [1770696790.777749606] [imu_filter]: Parameter RLController.pid_kp_lin set to 1.256782
[imu_filter_madgwick_node-3] [INFO] [1770696790.778105230] [imu_filter]: Parameter RLController.pid_ki_lin set to 0.000000
[imu_filter_madgwick_node-3] [INFO] [1770696790.778182960] [imu_filter]: Parameter RLController.pid_kd_lin set to 0.020000
[imu_filter_madgwick_node-3] [INFO] [1770696790.778247793] [imu_filter]: Parameter RLController.pid_kp_ang set to 1.231137
[imu_filter_madgwick_node-3] [INFO] [1770696790.778303507] [imu_filter]: Parameter RLController.pid_ki_ang set to 0.000000
[imu_filter_madgwick_node-3] [INFO] [1770696790.778357460] [imu_filter]: Parameter RLController.pid_kd_ang set to 0.101139
[imu_filter_madgwick_node-3] [INFO] [1770696791.201027946] [imu_filter]: Parameter RLController.pid_kp_lin set to 1.257082
[imu_filter_madgwick_node-3] [INFO] [1770696791.204527867] [imu_filter]: Parameter RLController.pid_ki_lin set to 0.000000
[imu_filter_madgwick_node-3] [INFO] [1770696791.204731424] [imu_filter]: Parameter RLController.pid_kd_lin set to 0.020000
[imu_filter_madgwick_node-3] [INFO] [1770696791.204849827] [imu_filter]: Parameter RLController.pid_kp_ang set to 1.231137
[imu_filter_madgwick_node-3] [INFO] [1770696791.204931077] [imu_filter]: Parameter RLController.pid_ki_ang set to 0.000000
[imu_filter_madgwick_node-3] [INFO] [1770696791.204994022] [imu_filter]: Parameter RLController.pid_kd_ang set to 0.101139
[imu_filter_madgwick_node-3] [INFO] [1770696791.615055543] [imu_filter]: Parameter RLController.pid_kp_lin set to 1.257370
[imu_filter_madgwick_node-3] [INFO] [1770696791.615339869] [imu_filter]: Parameter RLController.pid_ki_lin set to 0.000000
[imu_filter_madgwick_node-3] [INFO] [1770696791.617273066] [imu_filter]: Parameter RLController.pid_kd_lin set to 0.020000
[imu_filter_madgwick_node-3] [INFO] [1770696791.617431278] [imu_filter]: Parameter RLController.pid_kp_ang set to 1.231137
[imu_filter_madgwick_node-3] [INFO] [1770696791.617496559] [imu_filter]: Parameter RLController.pid_ki_ang set to 0.000000
[imu_filter_madgwick_node-3] [INFO] [1770696791.617556305] [imu_filter]: Parameter RLController.pid_kd_ang set to 0.101139
[imu_filter_madgwick_node-3] [INFO] [1770696792.041816940] [imu_filter]: Parameter RLController.pid_kp_lin set to 1.257655
[imu_filter_madgwick_node-3] [INFO] [1770696792.042137139] [imu_filter]: Parameter RLController.pid_ki_lin set to 0.000000
[imu_filter_madgwick_node-3] [INFO] [1770696792.042248886] [imu_filter]: Parameter RLController.pid_kd_lin set to 0.020000
[imu_filter_madgwick_node-3] [INFO] [1770696792.042349848] [imu_filter]: Parameter RLController.pid_kp_ang set to 1.231137
[imu_filter_madgwick_node-3] [INFO] [1770696792.042418106] [imu_filter]: Parameter RLController.pid_ki_ang set to 0.000000
[imu_filter_madgwick_node-3] [INFO] [1770696792.042482043] [imu_filter]: Parameter RLController.pid_kd_ang set to 0.101139
[imu_filter_madgwick_node-3] [INFO] [1770696792.462414738] [imu_filter]: Parameter RLController.pid_kp_lin set to 1.257935
[imu_filter_madgwick_node-3] [INFO] [1770696792.462760634] [imu_filter]: Parameter RLController.pid_ki_lin set to 0.000000
[imu_filter_madgwick_node-3] [INFO] [1770696792.463027872] [imu_filter]: Parameter RLController.pid_kd_lin set to 0.020000
[imu_filter_madgwick_node-3] [INFO] [1770696792.463163139] [imu_filter]: Parameter RLController.pid_kp_ang set to 1.231137
[imu_filter_madgwick_node-3] [INFO] [1770696792.463474858] [imu_filter]: Parameter RLController.pid_ki_ang set to 0.000000
[imu_filter_madgwick_node-3] [INFO] [1770696792.463558380] [imu_filter]: Parameter RLController.pid_kd_ang set to 0.101139
[imu_filter_madgwick_node-3] [INFO] [1770696792.880255351] [imu_filter]: Parameter RLController.pid_kp_lin set to 1.258213
[imu_filter_madgwick_node-3] [INFO] [1770696792.880460828] [imu_filter]: Parameter RLController.pid_ki_lin set to 0.000000
[imu_filter_madgwick_node-3] [INFO] [1770696792.880551422] [imu_filter]: Parameter RLController.pid_kd_lin set to 0.020000
[imu_filter_madgwick_node-3] [INFO] [1770696792.880618592] [imu_filter]: Parameter RLController.pid_kp_ang set to 1.231137
[imu_filter_madgwick_node-3] [INFO] [1770696792.880681121] [imu_filter]: Parameter RLController.pid_ki_ang set to 0.000000
[imu_filter_madgwick_node-3] [INFO] [1770696792.880740003] [imu_filter]: Parameter RLController.pid_kd_ang set to 0.101139
[imu_filter_madgwick_node-3] [INFO] [1770696793.290782642] [imu_filter]: Parameter RLController.pid_kp_lin set to 1.258494
[imu_filter_madgwick_node-3] [INFO] [1770696793.290986263] [imu_filter]: Parameter RLController.pid_ki_lin set to 0.000000
[imu_filter_madgwick_node-3] [INFO] [1770696793.291065657] [imu_filter]: Parameter RLController.pid_kd_lin set to 0.020000
[imu_filter_madgwick_node-3] [INFO] [1770696793.293869626] [imu_filter]: Parameter RLController.pid_kp_ang set to 1.231137
[imu_filter_madgwick_node-3] [INFO] [1770696793.294042398] [imu_filter]: Parameter RLController.pid_ki_ang set to 0.000000
[imu_filter_madgwick_node-3] [INFO] [1770696793.294109632] [imu_filter]: Parameter RLController.pid_kd_ang set to 0.101139
[imu_filter_madgwick_node-3] [INFO] [1770696793.713708590] [imu_filter]: Parameter RLController.pid_kp_lin set to 1.258761
[imu_filter_madgwick_node-3] [INFO] [1770696793.714588035] [imu_filter]: Parameter RLController.pid_ki_lin set to 0.000000
[imu_filter_madgwick_node-3] [INFO] [1770696793.714713350] [imu_filter]: Parameter RLController.pid_kd_lin set to 0.020000
[imu_filter_madgwick_node-3] [INFO] [1770696793.714779975] [imu_filter]: Parameter RLController.pid_kp_ang set to 1.231137
[imu_filter_madgwick_node-3] [INFO] [1770696793.714840393] [imu_filter]: Parameter RLController.pid_ki_ang set to 0.000000
[imu_filter_madgwick_node-3] [INFO] [1770696793.714899018] [imu_filter]: Parameter RLController.pid_kd_ang set to 0.101139
[imu_filter_madgwick_node-3] [INFO] [1770696794.133380671] [imu_filter]: Parameter RLController.pid_kp_lin set to 1.259032
[imu_filter_madgwick_node-3] [INFO] [1770696794.133648389] [imu_filter]: Parameter RLController.pid_ki_lin set to 0.000000
[imu_filter_madgwick_node-3] [INFO] [1770696794.133842697] [imu_filter]: Parameter RLController.pid_kd_lin set to 0.020000
[imu_filter_madgwick_node-3] [INFO] [1770696794.133919659] [imu_filter]: Parameter RLController.pid_kp_ang set to 1.231137
[imu_filter_madgwick_node-3] [INFO] [1770696794.133976941] [imu_filter]: Parameter RLController.pid_ki_ang set to 0.000000
[imu_filter_madgwick_node-3] [INFO] [1770696794.134031566] [imu_filter]: Parameter RLController.pid_kd_ang set to 0.101139
[imu_filter_madgwick_node-3] [INFO] [1770696794.561226509] [imu_filter]: Parameter RLController.pid_kp_lin set to 1.259306
[imu_filter_madgwick_node-3] [INFO] [1770696794.561561717] [imu_filter]: Parameter RLController.pid_ki_lin set to 0.000000
[imu_filter_madgwick_node-3] [INFO] [1770696794.561660855] [imu_filter]: Parameter RLController.pid_kd_lin set to 0.020000
[imu_filter_madgwick_node-3] [INFO] [1770696794.561728697] [imu_filter]: Parameter RLController.pid_kp_ang set to 1.231137
[imu_filter_madgwick_node-3] [INFO] [1770696794.561789946] [imu_filter]: Parameter RLController.pid_ki_ang set to 0.000000
[imu_filter_madgwick_node-3] [INFO] [1770696794.561847868] [imu_filter]: Parameter RLController.pid_kd_ang set to 0.101139
[imu_filter_madgwick_node-3] [INFO] [1770696794.983551931] [imu_filter]: Parameter RLController.pid_kp_lin set to 1.259577
[imu_filter_madgwick_node-3] [INFO] [1770696794.983902915] [imu_filter]: Parameter RLController.pid_ki_lin set to 0.000000
[imu_filter_madgwick_node-3] [INFO] [1770696794.983990886] [imu_filter]: Parameter RLController.pid_kd_lin set to 0.020000
[imu_filter_madgwick_node-3] [INFO] [1770696794.984057575] [imu_filter]: Parameter RLController.pid_kp_ang set to 1.231137
[imu_filter_madgwick_node-3] [INFO] [1770696794.984118665] [imu_filter]: Parameter RLController.pid_ki_ang set to 0.000000
[imu_filter_madgwick_node-3] [INFO] [1770696794.984204138] [imu_filter]: Parameter RLController.pid_kd_ang set to 0.101139
[imu_filter_madgwick_node-3] [INFO] [1770696795.415758127] [imu_filter]: Parameter RLController.pid_kp_lin set to 1.259843
[imu_filter_madgwick_node-3] [INFO] [1770696795.415962676] [imu_filter]: Parameter RLController.pid_ki_lin set to 0.000000
[imu_filter_madgwick_node-3] [INFO] [1770696795.416040758] [imu_filter]: Parameter RLController.pid_kd_lin set to 0.020000
[imu_filter_madgwick_node-3] [INFO] [1770696795.416103768] [imu_filter]: Parameter RLController.pid_kp_ang set to 1.231137
[imu_filter_madgwick_node-3] [INFO] [1770696795.416158169] [imu_filter]: Parameter RLController.pid_ki_ang set to 0.000000
[imu_filter_madgwick_node-3] [INFO] [1770696795.416247899] [imu_filter]: Parameter RLController.pid_kd_ang set to 0.101139
[imu_filter_madgwick_node-3] [INFO] [1770696795.848362381] [imu_filter]: Parameter RLController.pid_kp_lin set to 1.260109
[imu_filter_madgwick_node-3] [INFO] [1770696795.848594994] [imu_filter]: Parameter RLController.pid_ki_lin set to 0.000000
[imu_filter_madgwick_node-3] [INFO] [1770696795.855470515] [imu_filter]: Parameter RLController.pid_kd_lin set to 0.020000
[imu_filter_madgwick_node-3] [INFO] [1770696795.855790810] [imu_filter]: Parameter RLController.pid_kp_ang set to 1.231137
[imu_filter_madgwick_node-3] [INFO] [1770696795.855908285] [imu_filter]: Parameter RLController.pid_ki_ang set to 0.000000
[imu_filter_madgwick_node-3] [INFO] [1770696795.855979934] [imu_filter]: Parameter RLController.pid_kd_ang set to 0.101139
[imu_filter_madgwick_node-3] [INFO] [1770696796.309321823] [imu_filter]: Parameter RLController.pid_kp_lin set to 1.260372
[imu_filter_madgwick_node-3] [INFO] [1770696796.309536004] [imu_filter]: Parameter RLController.pid_ki_lin set to 0.000000
[imu_filter_madgwick_node-3] [INFO] [1770696796.309610086] [imu_filter]: Parameter RLController.pid_kd_lin set to 0.020000
[imu_filter_madgwick_node-3] [INFO] [1770696796.309672071] [imu_filter]: Parameter RLController.pid_kp_ang set to 1.231137
[imu_filter_madgwick_node-3] [INFO] [1770696796.309732457] [imu_filter]: Parameter RLController.pid_ki_ang set to 0.000000
[imu_filter_madgwick_node-3] [INFO] [1770696796.309789514] [imu_filter]: Parameter RLController.pid_kd_ang set to 0.101139
[imu_filter_madgwick_node-3] [INFO] [1770696796.738956663] [imu_filter]: Parameter RLController.pid_kp_lin set to 1.260647
[imu_filter_madgwick_node-3] [INFO] [1770696796.739161788] [imu_filter]: Parameter RLController.pid_ki_lin set to 0.000000
[imu_filter_madgwick_node-3] [INFO] [1770696796.739231198] [imu_filter]: Parameter RLController.pid_kd_lin set to 0.020000
[imu_filter_madgwick_node-3] [INFO] [1770696796.739296095] [imu_filter]: Parameter RLController.pid_kp_ang set to 1.231137
[imu_filter_madgwick_node-3] [INFO] [1770696796.739356161] [imu_filter]: Parameter RLController.pid_ki_ang set to 0.000000
[imu_filter_madgwick_node-3] [INFO] [1770696796.739417986] [imu_filter]: Parameter RLController.pid_kd_ang set to 0.101139
[imu_filter_madgwick_node-3] [INFO] [1770696797.151629892] [imu_filter]: Parameter RLController.pid_kp_lin set to 1.260901
[imu_filter_madgwick_node-3] [INFO] [1770696797.153790743] [imu_filter]: Parameter RLController.pid_ki_lin set to 0.000000
[imu_filter_madgwick_node-3] [INFO] [1770696797.153951835] [imu_filter]: Parameter RLController.pid_kd_lin set to 0.020000
[imu_filter_madgwick_node-3] [INFO] [1770696797.154023996] [imu_filter]: Parameter RLController.pid_kp_ang set to 1.231137
[imu_filter_madgwick_node-3] [INFO] [1770696797.154083518] [imu_filter]: Parameter RLController.pid_ki_ang set to 0.000000
[imu_filter_madgwick_node-3] [INFO] [1770696797.154140575] [imu_filter]: Parameter RLController.pid_kd_ang set to 0.101139
[imu_filter_madgwick_node-3] [INFO] [1770696797.577296032] [imu_filter]: Parameter RLController.pid_kp_lin set to 1.261153
[imu_filter_madgwick_node-3] [INFO] [1770696797.577490117] [imu_filter]: Parameter RLController.pid_ki_lin set to 0.000000
[imu_filter_madgwick_node-3] [INFO] [1770696797.577575687] [imu_filter]: Parameter RLController.pid_kd_lin set to 0.020000
[imu_filter_madgwick_node-3] [INFO] [1770696797.577642280] [imu_filter]: Parameter RLController.pid_kp_ang set to 1.231137
[imu_filter_madgwick_node-3] [INFO] [1770696797.577700554] [imu_filter]: Parameter RLController.pid_ki_ang set to 0.000000
[imu_filter_madgwick_node-3] [INFO] [1770696797.577761131] [imu_filter]: Parameter RLController.pid_kd_ang set to 0.101139
[imu_filter_madgwick_node-3] [INFO] [1770696797.990721055] [imu_filter]: Parameter RLController.pid_kp_lin set to 1.261390
[imu_filter_madgwick_node-3] [INFO] [1770696797.990930724] [imu_filter]: Parameter RLController.pid_ki_lin set to 0.000000
[imu_filter_madgwick_node-3] [INFO] [1770696797.991003942] [imu_filter]: Parameter RLController.pid_kd_lin set to 0.020000
[imu_filter_madgwick_node-3] [INFO] [1770696797.991071335] [imu_filter]: Parameter RLController.pid_kp_ang set to 1.231137
[imu_filter_madgwick_node-3] [INFO] [1770696797.991131465] [imu_filter]: Parameter RLController.pid_ki_ang set to 0.000000
[imu_filter_madgwick_node-3] [INFO] [1770696797.991190922] [imu_filter]: Parameter RLController.pid_kd_ang set to 0.101139
[imu_filter_madgwick_node-3] [INFO] [1770696798.423044182] [imu_filter]: Parameter RLController.pid_kp_lin set to 1.261390
[imu_filter_madgwick_node-3] [INFO] [1770696798.423706309] [imu_filter]: Parameter RLController.pid_ki_lin set to 0.000000
[imu_filter_madgwick_node-3] [INFO] [1770696798.423804840] [imu_filter]: Parameter RLController.pid_kd_lin set to 0.020000
[imu_filter_madgwick_node-3] [INFO] [1770696798.423873065] [imu_filter]: Parameter RLController.pid_kp_ang set to 1.231137
[imu_filter_madgwick_node-3] [INFO] [1770696798.423936715] [imu_filter]: Parameter RLController.pid_ki_ang set to 0.000000
[imu_filter_madgwick_node-3] [INFO] [1770696798.423998764] [imu_filter]: Parameter RLController.pid_kd_ang set to 0.101139
[imu_filter_madgwick_node-3] [INFO] [1770696798.840265325] [imu_filter]: Parameter RLController.pid_kp_lin set to 1.261390
[imu_filter_madgwick_node-3] [INFO] [1770696798.840607957] [imu_filter]: Parameter RLController.pid_ki_lin set to 0.000000
[imu_filter_madgwick_node-3] [INFO] [1770696798.840841658] [imu_filter]: Parameter RLController.pid_kd_lin set to 0.020000
[imu_filter_madgwick_node-3] [INFO] [1770696798.840912956] [imu_filter]: Parameter RLController.pid_kp_ang set to 1.231137
[imu_filter_madgwick_node-3] [INFO] [1770696798.840973853] [imu_filter]: Parameter RLController.pid_ki_ang set to 0.000000
[imu_filter_madgwick_node-3] [INFO] [1770696798.841031647] [imu_filter]: Parameter RLController.pid_kd_ang set to 0.101139
[imu_filter_madgwick_node-3] [INFO] [1770696799.254625377] [imu_filter]: Parameter RLController.pid_kp_lin set to 1.261390
[imu_filter_madgwick_node-3] [INFO] [1770696799.254833958] [imu_filter]: Parameter RLController.pid_ki_lin set to 0.000000
[imu_filter_madgwick_node-3] [INFO] [1770696799.254906600] [imu_filter]: Parameter RLController.pid_kd_lin set to 0.020000
[imu_filter_madgwick_node-3] [INFO] [1770696799.254969865] [imu_filter]: Parameter RLController.pid_kp_ang set to 1.231137
[imu_filter_madgwick_node-3] [INFO] [1770696799.255427476] [imu_filter]: Parameter RLController.pid_ki_ang set to 0.000000
[imu_filter_madgwick_node-3] [INFO] [1770696799.255504598] [imu_filter]: Parameter RLController.pid_kd_ang set to 0.101139
[imu_filter_madgwick_node-3] [INFO] [1770696799.673231417] [imu_filter]: Parameter RLController.pid_kp_lin set to 1.261390
[imu_filter_madgwick_node-3] [INFO] [1770696799.673439742] [imu_filter]: Parameter RLController.pid_ki_lin set to 0.000000
[imu_filter_madgwick_node-3] [INFO] [1770696799.673509535] [imu_filter]: Parameter RLController.pid_kd_lin set to 0.020000
[imu_filter_madgwick_node-3] [INFO] [1770696799.673570689] [imu_filter]: Parameter RLController.pid_kp_ang set to 1.231137
[imu_filter_madgwick_node-3] [INFO] [1770696799.673625346] [imu_filter]: Parameter RLController.pid_ki_ang set to 0.000000
[imu_filter_madgwick_node-3] [INFO] [1770696799.673695716] [imu_filter]: Parameter RLController.pid_kd_ang set to 0.101139
[imu_filter_madgwick_node-3] [INFO] [1770696800.094845558] [imu_filter]: Parameter RLController.pid_kp_lin set to 1.261390
[imu_filter_madgwick_node-3] [INFO] [1770696800.097261935] [imu_filter]: Parameter RLController.pid_ki_lin set to 0.000000
[imu_filter_madgwick_node-3] [INFO] [1770696800.097462803] [imu_filter]: Parameter RLController.pid_kd_lin set to 0.020000
[imu_filter_madgwick_node-3] [INFO] [1770696800.097536725] [imu_filter]: Parameter RLController.pid_kp_ang set to 1.231137
[imu_filter_madgwick_node-3] [INFO] [1770696800.097596726] [imu_filter]: Parameter RLController.pid_ki_ang set to 0.000000
[imu_filter_madgwick_node-3] [INFO] [1770696800.097651928] [imu_filter]: Parameter RLController.pid_kd_ang set to 0.101139
[imu_filter_madgwick_node-3] [INFO] [1770696800.514530823] [imu_filter]: Parameter RLController.pid_kp_lin set to 1.261390
[imu_filter_madgwick_node-3] [INFO] [1770696800.514723179] [imu_filter]: Parameter RLController.pid_ki_lin set to 0.000000
[imu_filter_madgwick_node-3] [INFO] [1770696800.514801965] [imu_filter]: Parameter RLController.pid_kd_lin set to 0.020000
[imu_filter_madgwick_node-3] [INFO] [1770696800.514863855] [imu_filter]: Parameter RLController.pid_kp_ang set to 1.231137
[imu_filter_madgwick_node-3] [INFO] [1770696800.514924976] [imu_filter]: Parameter RLController.pid_ki_ang set to 0.000000
[imu_filter_madgwick_node-3] [INFO] [1770696800.514981553] [imu_filter]: Parameter RLController.pid_kd_ang set to 0.101139
[imu_filter_madgwick_node-3] [INFO] [1770696800.928960285] [imu_filter]: Parameter RLController.pid_kp_lin set to 1.261390
[imu_filter_madgwick_node-3] [INFO] [1770696800.929186114] [imu_filter]: Parameter RLController.pid_ki_lin set to 0.000000
[imu_filter_madgwick_node-3] [INFO] [1770696800.929262020] [imu_filter]: Parameter RLController.pid_kd_lin set to 0.020000
[imu_filter_madgwick_node-3] [INFO] [1770696800.929327749] [imu_filter]: Parameter RLController.pid_kp_ang set to 1.231137
[imu_filter_madgwick_node-3] [INFO] [1770696800.929396327] [imu_filter]: Parameter RLController.pid_ki_ang set to 0.000000
[imu_filter_madgwick_node-3] [INFO] [1770696800.929454792] [imu_filter]: Parameter RLController.pid_kd_ang set to 0.101139
[imu_filter_madgwick_node-3] [INFO] [1770696801.365145038] [imu_filter]: Parameter RLController.pid_kp_lin set to 1.261390
[imu_filter_madgwick_node-3] [INFO] [1770696801.368444155] [imu_filter]: Parameter RLController.pid_ki_lin set to 0.000000
[imu_filter_madgwick_node-3] [INFO] [1770696801.368623999] [imu_filter]: Parameter RLController.pid_kd_lin set to 0.020000
[imu_filter_madgwick_node-3] [INFO] [1770696801.368695616] [imu_filter]: Parameter RLController.pid_kp_ang set to 1.231137
[imu_filter_madgwick_node-3] [INFO] [1770696801.368829892] [imu_filter]: Parameter RLController.pid_ki_ang set to 0.000000
[imu_filter_madgwick_node-3] [INFO] [1770696801.368900005] [imu_filter]: Parameter RLController.pid_kd_ang set to 0.101139
[imu_filter_madgwick_node-3] [INFO] [1770696801.779135930] [imu_filter]: Parameter RLController.pid_kp_lin set to 1.261390
[imu_filter_madgwick_node-3] [INFO] [1770696801.779320702] [imu_filter]: Parameter RLController.pid_ki_lin set to 0.000000
[imu_filter_madgwick_node-3] [INFO] [1770696801.779393472] [imu_filter]: Parameter RLController.pid_kd_lin set to 0.020000
[imu_filter_madgwick_node-3] [INFO] [1770696801.779571460] [imu_filter]: Parameter RLController.pid_kp_ang set to 1.231137
[imu_filter_madgwick_node-3] [INFO] [1770696801.779639621] [imu_filter]: Parameter RLController.pid_ki_ang set to 0.000000
[imu_filter_madgwick_node-3] [INFO] [1770696801.779700999] [imu_filter]: Parameter RLController.pid_kd_ang set to 0.101139
[imu_filter_madgwick_node-3] [INFO] [1770696802.203853759] [imu_filter]: Parameter RLController.pid_kp_lin set to 1.261390
[imu_filter_madgwick_node-3] [INFO] [1770696802.204094213] [imu_filter]: Parameter RLController.pid_ki_lin set to 0.000000
[imu_filter_madgwick_node-3] [INFO] [1770696802.204170439] [imu_filter]: Parameter RLController.pid_kd_lin set to 0.020000
[imu_filter_madgwick_node-3] [INFO] [1770696802.204258601] [imu_filter]: Parameter RLController.pid_kp_ang set to 1.231137
[imu_filter_madgwick_node-3] [INFO] [1770696802.204318986] [imu_filter]: Parameter RLController.pid_ki_ang set to 0.000000
[imu_filter_madgwick_node-3] [INFO] [1770696802.204378636] [imu_filter]: Parameter RLController.pid_kd_ang set to 0.101139
[imu_filter_madgwick_node-3] [INFO] [1770696802.668737517] [imu_filter]: Parameter RLController.pid_kp_lin set to 1.261390
[imu_filter_madgwick_node-3] [INFO] [1770696802.668916337] [imu_filter]: Parameter RLController.pid_ki_lin set to 0.000000
[imu_filter_madgwick_node-3] [INFO] [1770696802.668986323] [imu_filter]: Parameter RLController.pid_kd_lin set to 0.020000
[imu_filter_madgwick_node-3] [INFO] [1770696802.669044820] [imu_filter]: Parameter RLController.pid_kp_ang set to 1.231137
[imu_filter_madgwick_node-3] [INFO] [1770696802.669101173] [imu_filter]: Parameter RLController.pid_ki_ang set to 0.000000
[imu_filter_madgwick_node-3] [INFO] [1770696802.669153046] [imu_filter]: Parameter RLController.pid_kd_ang set to 0.101139
[imu_filter_madgwick_node-3] [INFO] [1770696803.088922249] [imu_filter]: Parameter RLController.pid_kp_lin set to 1.261390
[imu_filter_madgwick_node-3] [INFO] [1770696803.089613017] [imu_filter]: Parameter RLController.pid_ki_lin set to 0.000000
[imu_filter_madgwick_node-3] [INFO] [1770696803.089730940] [imu_filter]: Parameter RLController.pid_kd_lin set to 0.020000
[imu_filter_madgwick_node-3] [INFO] [1770696803.089796285] [imu_filter]: Parameter RLController.pid_kp_ang set to 1.231137
[imu_filter_madgwick_node-3] [INFO] [1770696803.089852927] [imu_filter]: Parameter RLController.pid_ki_ang set to 0.000000
[imu_filter_madgwick_node-3] [INFO] [1770696803.089909280] [imu_filter]: Parameter RLController.pid_kd_ang set to 0.101139
[imu_filter_madgwick_node-3] [INFO] [1770696803.507486559] [imu_filter]: Parameter RLController.pid_kp_lin set to 1.261390
[imu_filter_madgwick_node-3] [INFO] [1770696803.507675044] [imu_filter]: Parameter RLController.pid_ki_lin set to 0.000000
[imu_filter_madgwick_node-3] [INFO] [1770696803.507754886] [imu_filter]: Parameter RLController.pid_kd_lin set to 0.020000
[imu_filter_madgwick_node-3] [INFO] [1770696803.507816231] [imu_filter]: Parameter RLController.pid_kp_ang set to 1.231137
[imu_filter_madgwick_node-3] [INFO] [1770696803.507872872] [imu_filter]: Parameter RLController.pid_ki_ang set to 0.000000
[imu_filter_madgwick_node-3] [INFO] [1770696803.507928586] [imu_filter]: Parameter RLController.pid_kd_ang set to 0.101139
[imu_filter_madgwick_node-3] [INFO] [1770696803.919699522] [imu_filter]: Parameter RLController.pid_kp_lin set to 1.261390
[imu_filter_madgwick_node-3] [INFO] [1770696803.919900230] [imu_filter]: Parameter RLController.pid_ki_lin set to 0.000000
[imu_filter_madgwick_node-3] [INFO] [1770696803.919972072] [imu_filter]: Parameter RLController.pid_kd_lin set to 0.020000
[imu_filter_madgwick_node-3] [INFO] [1770696803.920032842] [imu_filter]: Parameter RLController.pid_kp_ang set to 1.231137
[imu_filter_madgwick_node-3] [INFO] [1770696803.920088651] [imu_filter]: Parameter RLController.pid_ki_ang set to 0.000000
[imu_filter_madgwick_node-3] [INFO] [1770696803.920146220] [imu_filter]: Parameter RLController.pid_kd_ang set to 0.101139
[imu_filter_madgwick_node-3] [INFO] [1770696804.343289901] [imu_filter]: Parameter RLController.pid_kp_lin set to 1.261390
[imu_filter_madgwick_node-3] [INFO] [1770696804.343501298] [imu_filter]: Parameter RLController.pid_ki_lin set to 0.000000
[imu_filter_madgwick_node-3] [INFO] [1770696804.343569524] [imu_filter]: Parameter RLController.pid_kd_lin set to 0.020000
[imu_filter_madgwick_node-3] [INFO] [1770696804.343629653] [imu_filter]: Parameter RLController.pid_kp_ang set to 1.231137
[imu_filter_madgwick_node-3] [INFO] [1770696804.343685687] [imu_filter]: Parameter RLController.pid_ki_ang set to 0.000000
[imu_filter_madgwick_node-3] [INFO] [1770696804.343742648] [imu_filter]: Parameter RLController.pid_kd_ang set to 0.101139
[imu_filter_madgwick_node-3] [INFO] [1770696804.777394830] [imu_filter]: Parameter RLController.pid_kp_lin set to 1.261390
[imu_filter_madgwick_node-3] [INFO] [1770696804.777586642] [imu_filter]: Parameter RLController.pid_ki_lin set to 0.000000
[imu_filter_madgwick_node-3] [INFO] [1770696804.777662836] [imu_filter]: Parameter RLController.pid_kd_lin set to 0.020000
[imu_filter_madgwick_node-3] [INFO] [1770696804.780302993] [imu_filter]: Parameter RLController.pid_kp_ang set to 1.231137
[imu_filter_madgwick_node-3] [INFO] [1770696804.780482038] [imu_filter]: Parameter RLController.pid_ki_ang set to 0.000000
[imu_filter_madgwick_node-3] [INFO] [1770696804.780657818] [imu_filter]: Parameter RLController.pid_kd_ang set to 0.101139
[imu_filter_madgwick_node-3] [INFO] [1770696805.196157353] [imu_filter]: Parameter RLController.pid_kp_lin set to 1.261390
[imu_filter_madgwick_node-3] [INFO] [1770696805.196391374] [imu_filter]: Parameter RLController.pid_ki_lin set to 0.000000
[imu_filter_madgwick_node-3] [INFO] [1770696805.196464368] [imu_filter]: Parameter RLController.pid_kd_lin set to 0.020000
[imu_filter_madgwick_node-3] [INFO] [1770696805.196528401] [imu_filter]: Parameter RLController.pid_kp_ang set to 1.231137
[imu_filter_madgwick_node-3] [INFO] [1770696805.196586803] [imu_filter]: Parameter RLController.pid_ki_ang set to 0.000000
[imu_filter_madgwick_node-3] [INFO] [1770696805.196642516] [imu_filter]: Parameter RLController.pid_kd_ang set to 0.101139
[imu_filter_madgwick_node-3] [INFO] [1770696805.621652033] [imu_filter]: Parameter RLController.pid_kp_lin set to 1.261390
[imu_filter_madgwick_node-3] [INFO] [1770696805.621846245] [imu_filter]: Parameter RLController.pid_ki_lin set to 0.000000
[imu_filter_madgwick_node-3] [INFO] [1770696805.621918471] [imu_filter]: Parameter RLController.pid_kd_lin set to 0.020000
[imu_filter_madgwick_node-3] [INFO] [1770696805.621980200] [imu_filter]: Parameter RLController.pid_kp_ang set to 1.231137
[imu_filter_madgwick_node-3] [INFO] [1770696805.622032777] [imu_filter]: Parameter RLController.pid_ki_ang set to 0.000000
[imu_filter_madgwick_node-3] [INFO] [1770696805.622084427] [imu_filter]: Parameter RLController.pid_kd_ang set to 0.101139
[imu_filter_madgwick_node-3] [INFO] [1770696806.036019797] [imu_filter]: Parameter RLController.pid_kp_lin set to 1.261390
[imu_filter_madgwick_node-3] [INFO] [1770696806.036259323] [imu_filter]: Parameter RLController.pid_ki_lin set to 0.000000
[imu_filter_madgwick_node-3] [INFO] [1770696806.036340605] [imu_filter]: Parameter RLController.pid_kd_lin set to 0.020000
[imu_filter_madgwick_node-3] [INFO] [1770696806.036403518] [imu_filter]: Parameter RLController.pid_kp_ang set to 1.231137
[imu_filter_madgwick_node-3] [INFO] [1770696806.036460320] [imu_filter]: Parameter RLController.pid_ki_ang set to 0.000000
[imu_filter_madgwick_node-3] [INFO] [1770696806.036517825] [imu_filter]: Parameter RLController.pid_kd_ang set to 0.101139
[imu_filter_madgwick_node-3] [INFO] [1770696806.452109074] [imu_filter]: Parameter RLController.pid_kp_lin set to 1.261390
[imu_filter_madgwick_node-3] [INFO] [1770696806.454155522] [imu_filter]: Parameter RLController.pid_ki_lin set to 0.000000
[imu_filter_madgwick_node-3] [INFO] [1770696806.454339622] [imu_filter]: Parameter RLController.pid_kd_lin set to 0.020000
[imu_filter_madgwick_node-3] [INFO] [1770696806.454413768] [imu_filter]: Parameter RLController.pid_kp_ang set to 1.231137
[imu_filter_madgwick_node-3] [INFO] [1770696806.454475657] [imu_filter]: Parameter RLController.pid_ki_ang set to 0.000000
[imu_filter_madgwick_node-3] [INFO] [1770696806.454534987] [imu_filter]: Parameter RLController.pid_kd_ang set to 0.101139
[imu_filter_madgwick_node-3] [INFO] [1770696806.865507120] [imu_filter]: Parameter RLController.pid_kp_lin set to 1.261390
[imu_filter_madgwick_node-3] [INFO] [1770696806.868448501] [imu_filter]: Parameter RLController.pid_ki_lin set to 0.000000
[imu_filter_madgwick_node-3] [INFO] [1770696806.868623769] [imu_filter]: Parameter RLController.pid_kd_lin set to 0.020000
[imu_filter_madgwick_node-3] [INFO] [1770696806.868788989] [imu_filter]: Parameter RLController.pid_kp_ang set to 1.231137
[imu_filter_madgwick_node-3] [INFO] [1770696806.868873214] [imu_filter]: Parameter RLController.pid_ki_ang set to 0.000000
[imu_filter_madgwick_node-3] [INFO] [1770696806.868937792] [imu_filter]: Parameter RLController.pid_kd_ang set to 0.101139
[imu_filter_madgwick_node-3] [INFO] [1770696807.278333249] [imu_filter]: Parameter RLController.pid_kp_lin set to 1.261390
[imu_filter_madgwick_node-3] [INFO] [1770696807.278539590] [imu_filter]: Parameter RLController.pid_ki_lin set to 0.000000
[imu_filter_madgwick_node-3] [INFO] [1770696807.278613383] [imu_filter]: Parameter RLController.pid_kd_lin set to 0.020000
[imu_filter_madgwick_node-3] [INFO] [1770696807.278676105] [imu_filter]: Parameter RLController.pid_kp_ang set to 1.231137
[imu_filter_madgwick_node-3] [INFO] [1770696807.278811308] [imu_filter]: Parameter RLController.pid_ki_ang set to 0.000000
[imu_filter_madgwick_node-3] [INFO] [1770696807.278879342] [imu_filter]: Parameter RLController.pid_kd_ang set to 0.101139
[imu_filter_madgwick_node-3] [INFO] [1770696807.703761783] [imu_filter]: Parameter RLController.pid_kp_lin set to 1.261390
[imu_filter_madgwick_node-3] [INFO] [1770696807.703964892] [imu_filter]: Parameter RLController.pid_ki_lin set to 0.000000
[imu_filter_madgwick_node-3] [INFO] [1770696807.704125280] [imu_filter]: Parameter RLController.pid_kd_lin set to 0.020000
[imu_filter_madgwick_node-3] [INFO] [1770696807.704222850] [imu_filter]: Parameter RLController.pid_kp_ang set to 1.231137
[imu_filter_madgwick_node-3] [INFO] [1770696807.704286435] [imu_filter]: Parameter RLController.pid_ki_ang set to 0.000000
[imu_filter_madgwick_node-3] [INFO] [1770696807.704346341] [imu_filter]: Parameter RLController.pid_kd_ang set to 0.101139
[imu_filter_madgwick_node-3] [INFO] [1770696808.141629647] [imu_filter]: Parameter RLController.pid_kp_lin set to 1.261390
[imu_filter_madgwick_node-3] [INFO] [1770696808.141914326] [imu_filter]: Parameter RLController.pid_ki_lin set to 0.000000
[imu_filter_madgwick_node-3] [INFO] [1770696808.142118107] [imu_filter]: Parameter RLController.pid_kd_lin set to 0.020000
[imu_filter_madgwick_node-3] [INFO] [1770696808.142204573] [imu_filter]: Parameter RLController.pid_kp_ang set to 1.231137
[imu_filter_madgwick_node-3] [INFO] [1770696808.142269534] [imu_filter]: Parameter RLController.pid_ki_ang set to 0.000000
[imu_filter_madgwick_node-3] [INFO] [1770696808.142337472] [imu_filter]: Parameter RLController.pid_kd_ang set to 0.101139
[imu_filter_madgwick_node-3] [INFO] [1770696808.555955363] [imu_filter]: Parameter RLController.pid_kp_lin set to 1.261390
[imu_filter_madgwick_node-3] [INFO] [1770696808.556329260] [imu_filter]: Parameter RLController.pid_ki_lin set to 0.000000
[imu_filter_madgwick_node-3] [INFO] [1770696808.556427662] [imu_filter]: Parameter RLController.pid_kd_lin set to 0.020000
[imu_filter_madgwick_node-3] [INFO] [1770696808.556502000] [imu_filter]: Parameter RLController.pid_kp_ang set to 1.231137
[imu_filter_madgwick_node-3] [INFO] [1770696808.556561329] [imu_filter]: Parameter RLController.pid_ki_ang set to 0.000000
[imu_filter_madgwick_node-3] [INFO] [1770696808.556618290] [imu_filter]: Parameter RLController.pid_kd_ang set to 0.101139
[imu_filter_madgwick_node-3] [INFO] [1770696808.981267414] [imu_filter]: Parameter RLController.pid_kp_lin set to 1.261390
[imu_filter_madgwick_node-3] [INFO] [1770696808.981472187] [imu_filter]: Parameter RLController.pid_ki_lin set to 0.000000
[imu_filter_madgwick_node-3] [INFO] [1770696808.981554109] [imu_filter]: Parameter RLController.pid_kd_lin set to 0.020000
[imu_filter_madgwick_node-3] [INFO] [1770696808.981625535] [imu_filter]: Parameter RLController.pid_kp_ang set to 1.231137
[imu_filter_madgwick_node-3] [INFO] [1770696808.981685536] [imu_filter]: Parameter RLController.pid_ki_ang set to 0.000000
[imu_filter_madgwick_node-3] [INFO] [1770696808.981762370] [imu_filter]: Parameter RLController.pid_kd_ang set to 0.101139
[imu_filter_madgwick_node-3] [INFO] [1770696809.411181973] [imu_filter]: Parameter RLController.pid_kp_lin set to 1.261390
[imu_filter_madgwick_node-3] [INFO] [1770696809.411387162] [imu_filter]: Parameter RLController.pid_ki_lin set to 0.000000
[imu_filter_madgwick_node-3] [INFO] [1770696809.411454172] [imu_filter]: Parameter RLController.pid_kd_lin set to 0.020000
[imu_filter_madgwick_node-3] [INFO] [1770696809.411514909] [imu_filter]: Parameter RLController.pid_kp_ang set to 1.231137
[imu_filter_madgwick_node-3] [INFO] [1770696809.411569182] [imu_filter]: Parameter RLController.pid_ki_ang set to 0.000000
[imu_filter_madgwick_node-3] [INFO] [1770696809.411623808] [imu_filter]: Parameter RLController.pid_kd_ang set to 0.101139
[imu_filter_madgwick_node-3] [INFO] [1770696809.817464398] [imu_filter]: Parameter RLController.pid_kp_lin set to 1.261390
[imu_filter_madgwick_node-3] [INFO] [1770696809.819333401] [imu_filter]: Parameter RLController.pid_ki_lin set to 0.000000
[imu_filter_madgwick_node-3] [INFO] [1770696809.819519197] [imu_filter]: Parameter RLController.pid_kd_lin set to 0.020000
[imu_filter_madgwick_node-3] [INFO] [1770696809.819598879] [imu_filter]: Parameter RLController.pid_kp_ang set to 1.231137
[imu_filter_madgwick_node-3] [INFO] [1770696809.819662337] [imu_filter]: Parameter RLController.pid_ki_ang set to 0.000000
[imu_filter_madgwick_node-3] [INFO] [1770696809.819725346] [imu_filter]: Parameter RLController.pid_kd_ang set to 0.101139
[imu_filter_madgwick_node-3] [INFO] [1770696810.235121263] [imu_filter]: Parameter RLController.pid_kp_lin set to 1.261390
[imu_filter_madgwick_node-3] [INFO] [1770696810.237432229] [imu_filter]: Parameter RLController.pid_ki_lin set to 0.000000
[imu_filter_madgwick_node-3] [INFO] [1770696810.237605193] [imu_filter]: Parameter RLController.pid_kd_lin set to 0.020000
[imu_filter_madgwick_node-3] [INFO] [1770696810.237679850] [imu_filter]: Parameter RLController.pid_kp_ang set to 1.231137
[imu_filter_madgwick_node-3] [INFO] [1770696810.237736940] [imu_filter]: Parameter RLController.pid_ki_ang set to 0.000000
[imu_filter_madgwick_node-3] [INFO] [1770696810.237793805] [imu_filter]: Parameter RLController.pid_kd_ang set to 0.101139
[imu_filter_madgwick_node-3] [INFO] [1770696810.651760376] [imu_filter]: Parameter RLController.pid_kp_lin set to 1.261390
[imu_filter_madgwick_node-3] [INFO] [1770696810.651972253] [imu_filter]: Parameter RLController.pid_ki_lin set to 0.000000
[imu_filter_madgwick_node-3] [INFO] [1770696810.652040671] [imu_filter]: Parameter RLController.pid_kd_lin set to 0.020000
[imu_filter_madgwick_node-3] [INFO] [1770696810.652100160] [imu_filter]: Parameter RLController.pid_kp_ang set to 1.231137
[imu_filter_madgwick_node-3] [INFO] [1770696810.652154722] [imu_filter]: Parameter RLController.pid_ki_ang set to 0.000000
[imu_filter_madgwick_node-3] [INFO] [1770696810.652234915] [imu_filter]: Parameter RLController.pid_kd_ang set to 0.101139
[imu_filter_madgwick_node-3] [INFO] [1770696811.059951389] [imu_filter]: Parameter RLController.pid_kp_lin set to 1.261390
[imu_filter_madgwick_node-3] [INFO] [1770696811.060213923] [imu_filter]: Parameter RLController.pid_ki_lin set to 0.000000
[imu_filter_madgwick_node-3] [INFO] [1770696811.060409032] [imu_filter]: Parameter RLController.pid_kd_lin set to 0.020000
[imu_filter_madgwick_node-3] [INFO] [1770696811.060478057] [imu_filter]: Parameter RLController.pid_kp_ang set to 1.231137
[imu_filter_madgwick_node-3] [INFO] [1770696811.060538795] [imu_filter]: Parameter RLController.pid_ki_ang set to 0.000000
[imu_filter_madgwick_node-3] [INFO] [1770696811.060597324] [imu_filter]: Parameter RLController.pid_kd_ang set to 0.101139
[imu_filter_madgwick_node-3] [INFO] [1770696811.475590863] [imu_filter]: Parameter RLController.pid_kp_lin set to 1.261390
[imu_filter_madgwick_node-3] [INFO] [1770696811.475794100] [imu_filter]: Parameter RLController.pid_ki_lin set to 0.000000
[imu_filter_madgwick_node-3] [INFO] [1770696811.475869782] [imu_filter]: Parameter RLController.pid_kd_lin set to 0.020000
[imu_filter_madgwick_node-3] [INFO] [1770696811.475935831] [imu_filter]: Parameter RLController.pid_kp_ang set to 1.231137
[imu_filter_madgwick_node-3] [INFO] [1770696811.475997177] [imu_filter]: Parameter RLController.pid_ki_ang set to 0.000000
[imu_filter_madgwick_node-3] [INFO] [1770696811.476057882] [imu_filter]: Parameter RLController.pid_kd_ang set to 0.101139
[imu_filter_madgwick_node-3] [INFO] [1770696811.889809153] [imu_filter]: Parameter RLController.pid_kp_lin set to 1.261390
[imu_filter_madgwick_node-3] [INFO] [1770696811.890004421] [imu_filter]: Parameter RLController.pid_ki_lin set to 0.000000
[imu_filter_madgwick_node-3] [INFO] [1770696811.890073671] [imu_filter]: Parameter RLController.pid_kd_lin set to 0.020000
[imu_filter_madgwick_node-3] [INFO] [1770696811.890134792] [imu_filter]: Parameter RLController.pid_kp_ang set to 1.231137
[imu_filter_madgwick_node-3] [INFO] [1770696811.890188809] [imu_filter]: Parameter RLController.pid_ki_ang set to 0.000000
[imu_filter_madgwick_node-3] [INFO] [1770696811.890242315] [imu_filter]: Parameter RLController.pid_kd_ang set to 0.101139
[imu_filter_madgwick_node-3] [INFO] [1770696812.306112770] [imu_filter]: Parameter RLController.pid_kp_lin set to 1.261390
[imu_filter_madgwick_node-3] [INFO] [1770696812.306361256] [imu_filter]: Parameter RLController.pid_ki_lin set to 0.000000
[imu_filter_madgwick_node-3] [INFO] [1770696812.306472651] [imu_filter]: Parameter RLController.pid_kd_lin set to 0.020000
[imu_filter_madgwick_node-3] [INFO] [1770696812.306564205] [imu_filter]: Parameter RLController.pid_kp_ang set to 1.231137
[imu_filter_madgwick_node-3] [INFO] [1770696812.306646639] [imu_filter]: Parameter RLController.pid_ki_ang set to 0.000000
[imu_filter_madgwick_node-3] [INFO] [1770696812.306725681] [imu_filter]: Parameter RLController.pid_kd_ang set to 0.101139
[imu_filter_madgwick_node-3] [INFO] [1770696812.725977783] [imu_filter]: Parameter RLController.pid_kp_lin set to 1.261390
[imu_filter_madgwick_node-3] [INFO] [1770696812.726189948] [imu_filter]: Parameter RLController.pid_ki_lin set to 0.000000
[imu_filter_madgwick_node-3] [INFO] [1770696812.726279646] [imu_filter]: Parameter RLController.pid_kd_lin set to 0.020000
[imu_filter_madgwick_node-3] [INFO] [1770696812.726359840] [imu_filter]: Parameter RLController.pid_kp_ang set to 1.231137
[imu_filter_madgwick_node-3] [INFO] [1770696812.726420897] [imu_filter]: Parameter RLController.pid_ki_ang set to 0.000000
[imu_filter_madgwick_node-3] [INFO] [1770696812.726480259] [imu_filter]: Parameter RLController.pid_kd_ang set to 0.101139
[imu_filter_madgwick_node-3] [INFO] [1770696813.138091991] [imu_filter]: Parameter RLController.pid_kp_lin set to 1.261390
[imu_filter_madgwick_node-3] [INFO] [1770696813.138325789] [imu_filter]: Parameter RLController.pid_ki_lin set to 0.000000
[imu_filter_madgwick_node-3] [INFO] [1770696813.138398302] [imu_filter]: Parameter RLController.pid_kd_lin set to 0.020000
[imu_filter_madgwick_node-3] [INFO] [1770696813.138464864] [imu_filter]: Parameter RLController.pid_kp_ang set to 1.231137
[imu_filter_madgwick_node-3] [INFO] [1770696813.138524417] [imu_filter]: Parameter RLController.pid_ki_ang set to 0.000000
[imu_filter_madgwick_node-3] [INFO] [1770696813.138582563] [imu_filter]: Parameter RLController.pid_kd_ang set to 0.101139
[imu_filter_madgwick_node-3] [INFO] [1770696813.551510550] [imu_filter]: Parameter RLController.pid_kp_lin set to 1.261390
[imu_filter_madgwick_node-3] [INFO] [1770696813.551697178] [imu_filter]: Parameter RLController.pid_ki_lin set to 0.000000
[imu_filter_madgwick_node-3] [INFO] [1770696813.551769692] [imu_filter]: Parameter RLController.pid_kd_lin set to 0.020000
[imu_filter_madgwick_node-3] [INFO] [1770696813.551835101] [imu_filter]: Parameter RLController.pid_kp_ang set to 1.231137
[imu_filter_madgwick_node-3] [INFO] [1770696813.551899007] [imu_filter]: Parameter RLController.pid_ki_ang set to 0.000000
[imu_filter_madgwick_node-3] [INFO] [1770696813.551959680] [imu_filter]: Parameter RLController.pid_kd_ang set to 0.101139
[imu_filter_madgwick_node-3] [INFO] [1770696813.976995085] [imu_filter]: Parameter RLController.pid_kp_lin set to 1.261390
[imu_filter_madgwick_node-3] [INFO] [1770696813.977188114] [imu_filter]: Parameter RLController.pid_ki_lin set to 0.000000
[imu_filter_madgwick_node-3] [INFO] [1770696813.977257107] [imu_filter]: Parameter RLController.pid_kd_lin set to 0.020000
[imu_filter_madgwick_node-3] [INFO] [1770696813.977440792] [imu_filter]: Parameter RLController.pid_kp_ang set to 1.231137
[imu_filter_madgwick_node-3] [INFO] [1770696813.977509689] [imu_filter]: Parameter RLController.pid_ki_ang set to 0.000000
[imu_filter_madgwick_node-3] [INFO] [1770696813.977571771] [imu_filter]: Parameter RLController.pid_kd_ang set to 0.101139
[imu_filter_madgwick_node-3] [INFO] [1770696814.394795922] [imu_filter]: Parameter RLController.pid_kp_lin set to 1.261390
[imu_filter_madgwick_node-3] [INFO] [1770696814.395021847] [imu_filter]: Parameter RLController.pid_ki_lin set to 0.000000
[imu_filter_madgwick_node-3] [INFO] [1770696814.395094553] [imu_filter]: Parameter RLController.pid_kd_lin set to 0.020000
[imu_filter_madgwick_node-3] [INFO] [1770696814.398681804] [imu_filter]: Parameter RLController.pid_kp_ang set to 1.231137
[imu_filter_madgwick_node-3] [INFO] [1770696814.398992852] [imu_filter]: Parameter RLController.pid_ki_ang set to 0.000000
[imu_filter_madgwick_node-3] [INFO] [1770696814.399073334] [imu_filter]: Parameter RLController.pid_kd_ang set to 0.101139
[imu_filter_madgwick_node-3] [INFO] [1770696814.824291175] [imu_filter]: Parameter RLController.pid_kp_lin set to 1.261390
[imu_filter_madgwick_node-3] [INFO] [1770696814.824504556] [imu_filter]: Parameter RLController.pid_ki_lin set to 0.000000
[imu_filter_madgwick_node-3] [INFO] [1770696814.824726129] [imu_filter]: Parameter RLController.pid_kd_lin set to 0.020000
[imu_filter_madgwick_node-3] [INFO] [1770696814.824801683] [imu_filter]: Parameter RLController.pid_kp_ang set to 1.231137
[imu_filter_madgwick_node-3] [INFO] [1770696814.824861908] [imu_filter]: Parameter RLController.pid_ki_ang set to 0.000000
[imu_filter_madgwick_node-3] [INFO] [1770696814.824930326] [imu_filter]: Parameter RLController.pid_kd_ang set to 0.101139
[imu_filter_madgwick_node-3] [INFO] [1770696815.247190946] [imu_filter]: Parameter RLController.pid_kp_lin set to 1.261390
[imu_filter_madgwick_node-3] [INFO] [1770696815.247418632] [imu_filter]: Parameter RLController.pid_ki_lin set to 0.000000
[imu_filter_madgwick_node-3] [INFO] [1770696815.247819281] [imu_filter]: Parameter RLController.pid_kd_lin set to 0.020000
[imu_filter_madgwick_node-3] [INFO] [1770696815.247926292] [imu_filter]: Parameter RLController.pid_kp_ang set to 1.231137
[imu_filter_madgwick_node-3] [INFO] [1770696815.247996437] [imu_filter]: Parameter RLController.pid_ki_ang set to 0.000000
[imu_filter_madgwick_node-3] [INFO] [1770696815.248059511] [imu_filter]: Parameter RLController.pid_kd_ang set to 0.101139
[imu_filter_madgwick_node-3] [INFO] [1770696815.666033503] [imu_filter]: Parameter RLController.pid_kp_lin set to 1.261390
[imu_filter_madgwick_node-3] [INFO] [1770696815.666246244] [imu_filter]: Parameter RLController.pid_ki_lin set to 0.000000
[imu_filter_madgwick_node-3] [INFO] [1770696815.666454345] [imu_filter]: Parameter RLController.pid_kd_lin set to 0.020000
[imu_filter_madgwick_node-3] [INFO] [1770696815.666528331] [imu_filter]: Parameter RLController.pid_kp_ang set to 1.231137
[imu_filter_madgwick_node-3] [INFO] [1770696815.666589804] [imu_filter]: Parameter RLController.pid_ki_ang set to 0.000000
[imu_filter_madgwick_node-3] [INFO] [1770696815.666648046] [imu_filter]: Parameter RLController.pid_kd_ang set to 0.101139
[imu_filter_madgwick_node-3] [INFO] [1770696816.075958092] [imu_filter]: Parameter RLController.pid_kp_lin set to 1.261390
[imu_filter_madgwick_node-3] [INFO] [1770696816.076170257] [imu_filter]: Parameter RLController.pid_ki_lin set to 0.000000
[imu_filter_madgwick_node-3] [INFO] [1770696816.076278804] [imu_filter]: Parameter RLController.pid_kd_lin set to 0.020000
[imu_filter_madgwick_node-3] [INFO] [1770696816.076344949] [imu_filter]: Parameter RLController.pid_kp_ang set to 1.231137
[imu_filter_madgwick_node-3] [INFO] [1770696816.076411991] [imu_filter]: Parameter RLController.pid_ki_ang set to 0.000000
[imu_filter_madgwick_node-3] [INFO] [1770696816.076470072] [imu_filter]: Parameter RLController.pid_kd_ang set to 0.101139
[imu_filter_madgwick_node-3] [INFO] [1770696816.499824030] [imu_filter]: Parameter RLController.pid_kp_lin set to 1.261390
[imu_filter_madgwick_node-3] [INFO] [1770696816.500353419] [imu_filter]: Parameter RLController.pid_ki_lin set to 0.000000
[imu_filter_madgwick_node-3] [INFO] [1770696816.500475021] [imu_filter]: Parameter RLController.pid_kd_lin set to 0.020000
[imu_filter_madgwick_node-3] [INFO] [1770696816.500540431] [imu_filter]: Parameter RLController.pid_kp_ang set to 1.231137
[imu_filter_madgwick_node-3] [INFO] [1770696816.500603857] [imu_filter]: Parameter RLController.pid_ki_ang set to 0.000000
[imu_filter_madgwick_node-3] [INFO] [1770696816.500671250] [imu_filter]: Parameter RLController.pid_kd_ang set to 0.101139
[imu_filter_madgwick_node-3] [INFO] [1770696816.933241871] [imu_filter]: Parameter RLController.pid_kp_lin set to 1.261390
[imu_filter_madgwick_node-3] [INFO] [1770696816.933545750] [imu_filter]: Parameter RLController.pid_ki_lin set to 0.000000
[imu_filter_madgwick_node-3] [INFO] [1770696816.936734496] [imu_filter]: Parameter RLController.pid_kd_lin set to 0.020000
[imu_filter_madgwick_node-3] [INFO] [1770696816.936951717] [imu_filter]: Parameter RLController.pid_kp_ang set to 1.231137
[imu_filter_madgwick_node-3] [INFO] [1770696816.937020711] [imu_filter]: Parameter RLController.pid_ki_ang set to 0.000000
[imu_filter_madgwick_node-3] [INFO] [1770696816.937190731] [imu_filter]: Parameter RLController.pid_kd_ang set to 0.101139
[imu_filter_madgwick_node-3] [INFO] [1770696817.349867576] [imu_filter]: Parameter RLController.pid_kp_lin set to 1.261390
[imu_filter_madgwick_node-3] [INFO] [1770696817.350084541] [imu_filter]: Parameter RLController.pid_ki_lin set to 0.000000
[imu_filter_madgwick_node-3] [INFO] [1770696817.350155999] [imu_filter]: Parameter RLController.pid_kd_lin set to 0.020000
[imu_filter_madgwick_node-3] [INFO] [1770696817.350221248] [imu_filter]: Parameter RLController.pid_kp_ang set to 1.231137
[imu_filter_madgwick_node-3] [INFO] [1770696817.350284930] [imu_filter]: Parameter RLController.pid_ki_ang set to 0.000000
[imu_filter_madgwick_node-3] [INFO] [1770696817.350346947] [imu_filter]: Parameter RLController.pid_kd_ang set to 0.101139
[imu_filter_madgwick_node-3] [INFO] [1770696817.787234724] [imu_filter]: Parameter RLController.pid_kp_lin set to 1.261390
[imu_filter_madgwick_node-3] [INFO] [1770696817.787460490] [imu_filter]: Parameter RLController.pid_ki_lin set to 0.000000
[imu_filter_madgwick_node-3] [INFO] [1770696817.787544556] [imu_filter]: Parameter RLController.pid_kd_lin set to 0.020000
[imu_filter_madgwick_node-3] [INFO] [1770696817.787612141] [imu_filter]: Parameter RLController.pid_kp_ang set to 1.231137
[imu_filter_madgwick_node-3] [INFO] [1770696817.787670543] [imu_filter]: Parameter RLController.pid_ki_ang set to 0.000000
[imu_filter_madgwick_node-3] [INFO] [1770696817.787733968] [imu_filter]: Parameter RLController.pid_kd_ang set to 0.101139
[imu_filter_madgwick_node-3] [INFO] [1770696818.219255220] [imu_filter]: Parameter RLController.pid_kp_lin set to 1.261390
[imu_filter_madgwick_node-3] [INFO] [1770696818.219485690] [imu_filter]: Parameter RLController.pid_ki_lin set to 0.000000
[imu_filter_madgwick_node-3] [INFO] [1770696818.219556283] [imu_filter]: Parameter RLController.pid_kd_lin set to 0.020000
[imu_filter_madgwick_node-3] [INFO] [1770696818.219617917] [imu_filter]: Parameter RLController.pid_kp_ang set to 1.231137
[imu_filter_madgwick_node-3] [INFO] [1770696818.219676702] [imu_filter]: Parameter RLController.pid_ki_ang set to 0.000000
[imu_filter_madgwick_node-3] [INFO] [1770696818.219732031] [imu_filter]: Parameter RLController.pid_kd_ang set to 0.101139
[imu_filter_madgwick_node-3] [INFO] [1770696818.639851098] [imu_filter]: Parameter RLController.pid_kp_lin set to 1.261390
[imu_filter_madgwick_node-3] [INFO] [1770696818.640056511] [imu_filter]: Parameter RLController.pid_ki_lin set to 0.000000
[imu_filter_madgwick_node-3] [INFO] [1770696818.640296452] [imu_filter]: Parameter RLController.pid_kd_lin set to 0.020000
[imu_filter_madgwick_node-3] [INFO] [1770696818.640377510] [imu_filter]: Parameter RLController.pid_kp_ang set to 1.231137
[imu_filter_madgwick_node-3] [INFO] [1770696818.640449512] [imu_filter]: Parameter RLController.pid_ki_ang set to 0.000000
[imu_filter_madgwick_node-3] [INFO] [1770696818.640523082] [imu_filter]: Parameter RLController.pid_kd_ang set to 0.101139
[imu_filter_madgwick_node-3] [INFO] [1770696819.053182455] [imu_filter]: Parameter RLController.pid_kp_lin set to 1.261390
[imu_filter_madgwick_node-3] [INFO] [1770696819.053556927] [imu_filter]: Parameter RLController.pid_ki_lin set to 0.000000
[imu_filter_madgwick_node-3] [INFO] [1770696819.053649377] [imu_filter]: Parameter RLController.pid_kd_lin set to 0.020000
[imu_filter_madgwick_node-3] [INFO] [1770696819.053715843] [imu_filter]: Parameter RLController.pid_kp_ang set to 1.231137
[imu_filter_madgwick_node-3] [INFO] [1770696819.053774372] [imu_filter]: Parameter RLController.pid_ki_ang set to 0.000000
[imu_filter_madgwick_node-3] [INFO] [1770696819.053847814] [imu_filter]: Parameter RLController.pid_kd_ang set to 0.101139
[imu_filter_madgwick_node-3] [INFO] [1770696819.466076169] [imu_filter]: Parameter RLController.pid_kp_lin set to 1.261390
[imu_filter_madgwick_node-3] [INFO] [1770696819.466287118] [imu_filter]: Parameter RLController.pid_ki_lin set to 0.000000
[imu_filter_madgwick_node-3] [INFO] [1770696819.467336390] [imu_filter]: Parameter RLController.pid_kd_lin set to 0.020000
[imu_filter_madgwick_node-3] [INFO] [1770696819.467477353] [imu_filter]: Parameter RLController.pid_kp_ang set to 1.231137
[imu_filter_madgwick_node-3] [INFO] [1770696819.467551627] [imu_filter]: Parameter RLController.pid_ki_ang set to 0.000000
[imu_filter_madgwick_node-3] [INFO] [1770696819.467618253] [imu_filter]: Parameter RLController.pid_kd_ang set to 0.101139
[imu_filter_madgwick_node-3] [INFO] [1770696819.888243379] [imu_filter]: Parameter RLController.pid_kp_lin set to 1.261390
[imu_filter_madgwick_node-3] [INFO] [1770696819.888436920] [imu_filter]: Parameter RLController.pid_ki_lin set to 0.000000
[imu_filter_madgwick_node-3] [INFO] [1770696819.888504377] [imu_filter]: Parameter RLController.pid_kd_lin set to 0.020000
[imu_filter_madgwick_node-3] [INFO] [1770696819.888565531] [imu_filter]: Parameter RLController.pid_kp_ang set to 1.231137
[imu_filter_madgwick_node-3] [INFO] [1770696819.893604432] [imu_filter]: Parameter RLController.pid_ki_ang set to 0.000000
[imu_filter_madgwick_node-3] [INFO] [1770696819.897988630] [imu_filter]: Parameter RLController.pid_kd_ang set to 0.101139
[imu_filter_madgwick_node-3] [INFO] [1770696820.304992767] [imu_filter]: Parameter RLController.pid_kp_lin set to 1.261390
[imu_filter_madgwick_node-3] [INFO] [1770696820.305310023] [imu_filter]: Parameter RLController.pid_ki_lin set to 0.000000
[imu_filter_madgwick_node-3] [INFO] [1770696820.305383016] [imu_filter]: Parameter RLController.pid_kd_lin set to 0.020000
[imu_filter_madgwick_node-3] [INFO] [1770696820.305445834] [imu_filter]: Parameter RLController.pid_kp_ang set to 1.231137
[imu_filter_madgwick_node-3] [INFO] [1770696820.305506571] [imu_filter]: Parameter RLController.pid_ki_ang set to 0.000000
[imu_filter_madgwick_node-3] [INFO] [1770696820.305565197] [imu_filter]: Parameter RLController.pid_kd_ang set to 0.101139
[imu_filter_madgwick_node-3] [INFO] [1770696820.717149728] [imu_filter]: Parameter RLController.pid_kp_lin set to 1.261390
[imu_filter_madgwick_node-3] [INFO] [1770696820.717338885] [imu_filter]: Parameter RLController.pid_ki_lin set to 0.000000
[imu_filter_madgwick_node-3] [INFO] [1770696820.717410791] [imu_filter]: Parameter RLController.pid_kd_lin set to 0.020000
[imu_filter_madgwick_node-3] [INFO] [1770696820.717469992] [imu_filter]: Parameter RLController.pid_kp_ang set to 1.231137
[imu_filter_madgwick_node-3] [INFO] [1770696820.718051829] [imu_filter]: Parameter RLController.pid_ki_ang set to 0.000000
[imu_filter_madgwick_node-3] [INFO] [1770696820.718149240] [imu_filter]: Parameter RLController.pid_kd_ang set to 0.101139
[imu_filter_madgwick_node-3] [INFO] [1770696821.136167265] [imu_filter]: Parameter RLController.pid_kp_lin set to 1.261390
[imu_filter_madgwick_node-3] [INFO] [1770696821.136529674] [imu_filter]: Parameter RLController.pid_ki_lin set to 0.000000
[imu_filter_madgwick_node-3] [INFO] [1770696821.136609484] [imu_filter]: Parameter RLController.pid_kd_lin set to 0.020000
[imu_filter_madgwick_node-3] [INFO] [1770696821.136673613] [imu_filter]: Parameter RLController.pid_kp_ang set to 1.231137
[imu_filter_madgwick_node-3] [INFO] [1770696821.136734319] [imu_filter]: Parameter RLController.pid_ki_ang set to 0.000000
[imu_filter_madgwick_node-3] [INFO] [1770696821.136787760] [imu_filter]: Parameter RLController.pid_kd_ang set to 0.101139
[imu_filter_madgwick_node-3] [INFO] [1770696821.543768888] [imu_filter]: Parameter RLController.pid_kp_lin set to 1.261390
[imu_filter_madgwick_node-3] [INFO] [1770696821.544006302] [imu_filter]: Parameter RLController.pid_ki_lin set to 0.000000
[imu_filter_madgwick_node-3] [INFO] [1770696821.544081248] [imu_filter]: Parameter RLController.pid_kd_lin set to 0.020000
[imu_filter_madgwick_node-3] [INFO] [1770696821.544216131] [imu_filter]: Parameter RLController.pid_kp_ang set to 1.231137
[imu_filter_madgwick_node-3] [INFO] [1770696821.544290309] [imu_filter]: Parameter RLController.pid_ki_ang set to 0.000000
[imu_filter_madgwick_node-3] [INFO] [1770696821.547004420] [imu_filter]: Parameter RLController.pid_kd_ang set to 0.101139
[imu_filter_madgwick_node-3] [INFO] [1770696821.965381878] [imu_filter]: Parameter RLController.pid_kp_lin set to 1.261390
[imu_filter_madgwick_node-3] [INFO] [1770696821.965583195] [imu_filter]: Parameter RLController.pid_ki_lin set to 0.000000
[imu_filter_madgwick_node-3] [INFO] [1770696821.965657244] [imu_filter]: Parameter RLController.pid_kd_lin set to 0.020000
[imu_filter_madgwick_node-3] [INFO] [1770696821.965718174] [imu_filter]: Parameter RLController.pid_kp_ang set to 1.231137
[imu_filter_madgwick_node-3] [INFO] [1770696821.965777311] [imu_filter]: Parameter RLController.pid_ki_ang set to 0.000000
[imu_filter_madgwick_node-3] [INFO] [1770696821.970212454] [imu_filter]: Parameter RLController.pid_kd_ang set to 0.101139
[imu_filter_madgwick_node-3] [INFO] [1770696822.385719894] [imu_filter]: Parameter RLController.pid_kp_lin set to 1.261390
[imu_filter_madgwick_node-3] [INFO] [1770696822.386051485] [imu_filter]: Parameter RLController.pid_ki_lin set to 0.000000
[imu_filter_madgwick_node-3] [INFO] [1770696822.386135839] [imu_filter]: Parameter RLController.pid_kd_lin set to 0.020000
[imu_filter_madgwick_node-3] [INFO] [1770696822.386204001] [imu_filter]: Parameter RLController.pid_kp_ang set to 1.231137
[imu_filter_madgwick_node-3] [INFO] [1770696822.386263970] [imu_filter]: Parameter RLController.pid_ki_ang set to 0.000000
[imu_filter_madgwick_node-3] [INFO] [1770696822.386319076] [imu_filter]: Parameter RLController.pid_kd_ang set to 0.101139
[imu_filter_madgwick_node-3] [INFO] [1770696822.805848720] [imu_filter]: Parameter RLController.pid_kp_lin set to 1.261390
[imu_filter_madgwick_node-3] [INFO] [1770696822.806145207] [imu_filter]: Parameter RLController.pid_ki_lin set to 0.000000
[imu_filter_madgwick_node-3] [INFO] [1770696822.806263258] [imu_filter]: Parameter RLController.pid_kd_lin set to 0.020000
[imu_filter_madgwick_node-3] [INFO] [1770696822.806331228] [imu_filter]: Parameter RLController.pid_kp_ang set to 1.231137
[imu_filter_madgwick_node-3] [INFO] [1770696822.806387741] [imu_filter]: Parameter RLController.pid_ki_ang set to 0.000000
[imu_filter_madgwick_node-3] [INFO] [1770696822.806448926] [imu_filter]: Parameter RLController.pid_kd_ang set to 0.101139
[imu_filter_madgwick_node-3] [INFO] [1770696823.219460819] [imu_filter]: Parameter RLController.pid_kp_lin set to 1.261390
[imu_filter_madgwick_node-3] [INFO] [1770696823.219770235] [imu_filter]: Parameter RLController.pid_ki_lin set to 0.000000
[imu_filter_madgwick_node-3] [INFO] [1770696823.219975583] [imu_filter]: Parameter RLController.pid_kd_lin set to 0.020000
[imu_filter_madgwick_node-3] [INFO] [1770696823.220045697] [imu_filter]: Parameter RLController.pid_kp_ang set to 1.231137
[imu_filter_madgwick_node-3] [INFO] [1770696823.220105090] [imu_filter]: Parameter RLController.pid_ki_ang set to 0.000000
[imu_filter_madgwick_node-3] [INFO] [1770696823.220161988] [imu_filter]: Parameter RLController.pid_kd_ang set to 0.101139
[imu_filter_madgwick_node-3] [INFO] [1770696823.656569210] [imu_filter]: Parameter RLController.pid_kp_lin set to 1.261390
[imu_filter_madgwick_node-3] [INFO] [1770696823.656875425] [imu_filter]: Parameter RLController.pid_ki_lin set to 0.000000
[imu_filter_madgwick_node-3] [INFO] [1770696823.656952803] [imu_filter]: Parameter RLController.pid_kd_lin set to 0.020000
[imu_filter_madgwick_node-3] [INFO] [1770696823.657015236] [imu_filter]: Parameter RLController.pid_kp_ang set to 1.231137
[imu_filter_madgwick_node-3] [INFO] [1770696823.657069990] [imu_filter]: Parameter RLController.pid_ki_ang set to 0.000000
[imu_filter_madgwick_node-3] [INFO] [1770696823.657127911] [imu_filter]: Parameter RLController.pid_kd_ang set to 0.101139
[imu_filter_madgwick_node-3] [INFO] [1770696824.077921297] [imu_filter]: Parameter RLController.pid_kp_lin set to 1.261390
[imu_filter_madgwick_node-3] [INFO] [1770696824.078146518] [imu_filter]: Parameter RLController.pid_ki_lin set to 0.000000
[imu_filter_madgwick_node-3] [INFO] [1770696824.078243225] [imu_filter]: Parameter RLController.pid_kd_lin set to 0.020000
[imu_filter_madgwick_node-3] [INFO] [1770696824.078307930] [imu_filter]: Parameter RLController.pid_kp_ang set to 1.231137
[imu_filter_madgwick_node-3] [INFO] [1770696824.078365916] [imu_filter]: Parameter RLController.pid_ki_ang set to 0.000000
[imu_filter_madgwick_node-3] [INFO] [1770696824.078426429] [imu_filter]: Parameter RLController.pid_kd_ang set to 0.101139
[imu_filter_madgwick_node-3] [INFO] [1770696824.499657906] [imu_filter]: Parameter RLController.pid_kp_lin set to 1.261390
[imu_filter_madgwick_node-3] [INFO] [1770696824.499954584] [imu_filter]: Parameter RLController.pid_ki_lin set to 0.000000
[imu_filter_madgwick_node-3] [INFO] [1770696824.500046715] [imu_filter]: Parameter RLController.pid_kd_lin set to 0.020000
[imu_filter_madgwick_node-3] [INFO] [1770696824.500116988] [imu_filter]: Parameter RLController.pid_kp_ang set to 1.231137
[imu_filter_madgwick_node-3] [INFO] [1770696824.500195710] [imu_filter]: Parameter RLController.pid_ki_ang set to 0.000000
[imu_filter_madgwick_node-3] [INFO] [1770696824.500266752] [imu_filter]: Parameter RLController.pid_kd_ang set to 0.101139
[imu_filter_madgwick_node-3] [INFO] [1770696824.913831746] [imu_filter]: Parameter RLController.pid_kp_lin set to 1.261390
[imu_filter_madgwick_node-3] [INFO] [1770696824.914691414] [imu_filter]: Parameter RLController.pid_ki_lin set to 0.000000
[imu_filter_madgwick_node-3] [INFO] [1770696824.914817561] [imu_filter]: Parameter RLController.pid_kd_lin set to 0.020000
[imu_filter_madgwick_node-3] [INFO] [1770696824.914988893] [imu_filter]: Parameter RLController.pid_kp_ang set to 1.231137
[imu_filter_madgwick_node-3] [INFO] [1770696824.915063038] [imu_filter]: Parameter RLController.pid_ki_ang set to 0.000000
[imu_filter_madgwick_node-3] [INFO] [1770696824.915121376] [imu_filter]: Parameter RLController.pid_kd_ang set to 0.101139
[imu_filter_madgwick_node-3] [INFO] [1770696825.328345530] [imu_filter]: Parameter RLController.pid_kp_lin set to 1.261390
[imu_filter_madgwick_node-3] [INFO] [1770696825.328659393] [imu_filter]: Parameter RLController.pid_ki_lin set to 0.000000
[imu_filter_madgwick_node-3] [INFO] [1770696825.328735523] [imu_filter]: Parameter RLController.pid_kd_lin set to 0.020000
[imu_filter_madgwick_node-3] [INFO] [1770696825.328796388] [imu_filter]: Parameter RLController.pid_kp_ang set to 1.231137
[imu_filter_madgwick_node-3] [INFO] [1770696825.328852357] [imu_filter]: Parameter RLController.pid_ki_ang set to 0.000000
[imu_filter_madgwick_node-3] [INFO] [1770696825.328910279] [imu_filter]: Parameter RLController.pid_kd_ang set to 0.101139
[imu_filter_madgwick_node-3] [INFO] [1770696825.757484262] [imu_filter]: Parameter RLController.pid_kp_lin set to 1.261390
[imu_filter_madgwick_node-3] [INFO] [1770696825.757681387] [imu_filter]: Parameter RLController.pid_ki_lin set to 0.000000
[imu_filter_madgwick_node-3] [INFO] [1770696825.757749965] [imu_filter]: Parameter RLController.pid_kd_lin set to 0.020000
[imu_filter_madgwick_node-3] [INFO] [1770696825.757813006] [imu_filter]: Parameter RLController.pid_kp_ang set to 1.231137
[imu_filter_madgwick_node-3] [INFO] [1770696825.757870479] [imu_filter]: Parameter RLController.pid_ki_ang set to 0.000000
[imu_filter_madgwick_node-3] [INFO] [1770696825.757926321] [imu_filter]: Parameter RLController.pid_kd_ang set to 0.101139
[imu_filter_madgwick_node-3] [INFO] [1770696826.193819739] [imu_filter]: Parameter RLController.pid_kp_lin set to 1.261390
[imu_filter_madgwick_node-3] [INFO] [1770696826.194063969] [imu_filter]: Parameter RLController.pid_ki_lin set to 0.000000
[imu_filter_madgwick_node-3] [INFO] [1770696826.194170627] [imu_filter]: Parameter RLController.pid_kd_lin set to 0.020000
[imu_filter_madgwick_node-3] [INFO] [1770696826.194244965] [imu_filter]: Parameter RLController.pid_kp_ang set to 1.231137
[imu_filter_madgwick_node-3] [INFO] [1770696826.194578828] [imu_filter]: Parameter RLController.pid_ki_ang set to 0.000000
[imu_filter_madgwick_node-3] [INFO] [1770696826.194656174] [imu_filter]: Parameter RLController.pid_kd_ang set to 0.101139
[imu_filter_madgwick_node-3] [INFO] [1770696826.613582317] [imu_filter]: Parameter RLController.pid_kp_lin set to 1.261390
[imu_filter_madgwick_node-3] [INFO] [1770696826.613794130] [imu_filter]: Parameter RLController.pid_ki_lin set to 0.000000
[imu_filter_madgwick_node-3] [INFO] [1770696826.613864916] [imu_filter]: Parameter RLController.pid_kd_lin set to 0.020000
[imu_filter_madgwick_node-3] [INFO] [1770696826.615474649] [imu_filter]: Parameter RLController.pid_kp_ang set to 1.231137
[imu_filter_madgwick_node-3] [INFO] [1770696826.615760000] [imu_filter]: Parameter RLController.pid_ki_ang set to 0.000000
[imu_filter_madgwick_node-3] [INFO] [1770696826.615881187] [imu_filter]: Parameter RLController.pid_kd_ang set to 0.101139
[imu_filter_madgwick_node-3] [INFO] [1770696827.029895023] [imu_filter]: Parameter RLController.pid_kp_lin set to 1.261390
[imu_filter_madgwick_node-3] [INFO] [1770696827.030102676] [imu_filter]: Parameter RLController.pid_ki_lin set to 0.000000
[imu_filter_madgwick_node-3] [INFO] [1770696827.030181430] [imu_filter]: Parameter RLController.pid_kd_lin set to 0.020000
[imu_filter_madgwick_node-3] [INFO] [1770696827.030253399] [imu_filter]: Parameter RLController.pid_kp_ang set to 1.231137
[imu_filter_madgwick_node-3] [INFO] [1770696827.030312857] [imu_filter]: Parameter RLController.pid_ki_ang set to 0.000000
[imu_filter_madgwick_node-3] [INFO] [1770696827.030369722] [imu_filter]: Parameter RLController.pid_kd_ang set to 0.101139
[imu_filter_madgwick_node-3] [INFO] [1770696827.457089999] [imu_filter]: Parameter RLController.pid_kp_lin set to 1.261390
[imu_filter_madgwick_node-3] [INFO] [1770696827.457291891] [imu_filter]: Parameter RLController.pid_ki_lin set to 0.000000
[imu_filter_madgwick_node-3] [INFO] [1770696827.457364885] [imu_filter]: Parameter RLController.pid_kd_lin set to 0.020000
[imu_filter_madgwick_node-3] [INFO] [1770696827.457427766] [imu_filter]: Parameter RLController.pid_kp_ang set to 1.231137
[imu_filter_madgwick_node-3] [INFO] [1770696827.457483480] [imu_filter]: Parameter RLController.pid_ki_ang set to 0.000000
[imu_filter_madgwick_node-3] [INFO] [1770696827.457542521] [imu_filter]: Parameter RLController.pid_kd_ang set to 0.101139
[imu_filter_madgwick_node-3] [INFO] [1770696827.881379434] [imu_filter]: Parameter RLController.pid_kp_lin set to 1.261390
[imu_filter_madgwick_node-3] [INFO] [1770696827.881618160] [imu_filter]: Parameter RLController.pid_ki_lin set to 0.000000
[imu_filter_madgwick_node-3] [INFO] [1770696827.881701170] [imu_filter]: Parameter RLController.pid_kd_lin set to 0.020000
[imu_filter_madgwick_node-3] [INFO] [1770696827.881915031] [imu_filter]: Parameter RLController.pid_kp_ang set to 1.231137
[imu_filter_madgwick_node-3] [INFO] [1770696827.881998681] [imu_filter]: Parameter RLController.pid_ki_ang set to 0.000000
[imu_filter_madgwick_node-3] [INFO] [1770696827.882123004] [imu_filter]: Parameter RLController.pid_kd_ang set to 0.101139
[imu_filter_madgwick_node-3] [INFO] [1770696828.298427389] [imu_filter]: Parameter RLController.pid_kp_lin set to 1.261390
[imu_filter_madgwick_node-3] [INFO] [1770696828.300984281] [imu_filter]: Parameter RLController.pid_ki_lin set to 0.000000
[imu_filter_madgwick_node-3] [INFO] [1770696828.301204190] [imu_filter]: Parameter RLController.pid_kd_lin set to 0.020000
[imu_filter_madgwick_node-3] [INFO] [1770696828.301272544] [imu_filter]: Parameter RLController.pid_kp_ang set to 1.231137
[imu_filter_madgwick_node-3] [INFO] [1770696828.301333601] [imu_filter]: Parameter RLController.pid_ki_ang set to 0.000000
[imu_filter_madgwick_node-3] [INFO] [1770696828.301394723] [imu_filter]: Parameter RLController.pid_kd_ang set to 0.101139
[imu_filter_madgwick_node-3] [INFO] [1770696828.708354635] [imu_filter]: Parameter RLController.pid_kp_lin set to 1.261390
[imu_filter_madgwick_node-3] [INFO] [1770696828.708555375] [imu_filter]: Parameter RLController.pid_ki_lin set to 0.000000
[imu_filter_madgwick_node-3] [INFO] [1770696828.708632081] [imu_filter]: Parameter RLController.pid_kd_lin set to 0.020000
[imu_filter_madgwick_node-3] [INFO] [1770696828.708697107] [imu_filter]: Parameter RLController.pid_kp_ang set to 1.231137
[imu_filter_madgwick_node-3] [INFO] [1770696828.710975400] [imu_filter]: Parameter RLController.pid_ki_ang set to 0.000000
[imu_filter_madgwick_node-3] [INFO] [1770696828.711299855] [imu_filter]: Parameter RLController.pid_kd_ang set to 0.101139
[imu_filter_madgwick_node-3] [INFO] [1770696829.120160740] [imu_filter]: Parameter RLController.pid_kp_lin set to 1.261390
[imu_filter_madgwick_node-3] [INFO] [1770696829.120392649] [imu_filter]: Parameter RLController.pid_ki_lin set to 0.000000
[imu_filter_madgwick_node-3] [INFO] [1770696829.120476715] [imu_filter]: Parameter RLController.pid_kd_lin set to 0.020000
[imu_filter_madgwick_node-3] [INFO] [1770696829.125662084] [imu_filter]: Parameter RLController.pid_kp_ang set to 1.231137
[imu_filter_madgwick_node-3] [INFO] [1770696829.125849800] [imu_filter]: Parameter RLController.pid_ki_ang set to 0.000000
[imu_filter_madgwick_node-3] [INFO] [1770696829.126032204] [imu_filter]: Parameter RLController.pid_kd_ang set to 0.101139
[imu_filter_madgwick_node-3] [INFO] [1770696829.548435388] [imu_filter]: Parameter RLController.pid_kp_lin set to 1.261390
[imu_filter_madgwick_node-3] [INFO] [1770696829.548778596] [imu_filter]: Parameter RLController.pid_ki_lin set to 0.000000
[imu_filter_madgwick_node-3] [INFO] [1770696829.548862534] [imu_filter]: Parameter RLController.pid_kd_lin set to 0.020000
[imu_filter_madgwick_node-3] [INFO] [1770696829.548927176] [imu_filter]: Parameter RLController.pid_kp_ang set to 1.231137
[imu_filter_madgwick_node-3] [INFO] [1770696829.548988393] [imu_filter]: Parameter RLController.pid_ki_ang set to 0.000000
[imu_filter_madgwick_node-3] [INFO] [1770696829.549044746] [imu_filter]: Parameter RLController.pid_kd_ang set to 0.101139
[imu_filter_madgwick_node-3] [INFO] [1770696829.969666449] [imu_filter]: Parameter RLController.pid_kp_lin set to 1.261390
[imu_filter_madgwick_node-3] [INFO] [1770696829.969859413] [imu_filter]: Parameter RLController.pid_ki_lin set to 0.000000
[imu_filter_madgwick_node-3] [INFO] [1770696829.969935063] [imu_filter]: Parameter RLController.pid_kd_lin set to 0.020000
[imu_filter_madgwick_node-3] [INFO] [1770696829.969996856] [imu_filter]: Parameter RLController.pid_kp_ang set to 1.231137
[imu_filter_madgwick_node-3] [INFO] [1770696829.970068602] [imu_filter]: Parameter RLController.pid_ki_ang set to 0.000000
[imu_filter_madgwick_node-3] [INFO] [1770696829.970125787] [imu_filter]: Parameter RLController.pid_kd_ang set to 0.101139
[imu_filter_madgwick_node-3] [INFO] [1770696830.402619286] [imu_filter]: Parameter RLController.pid_kp_lin set to 1.261390
[imu_filter_madgwick_node-3] [INFO] [1770696830.402804539] [imu_filter]: Parameter RLController.pid_ki_lin set to 0.000000
[imu_filter_madgwick_node-3] [INFO] [1770696830.409646202] [imu_filter]: Parameter RLController.pid_kd_lin set to 0.020000
[imu_filter_madgwick_node-3] [INFO] [1770696830.410002082] [imu_filter]: Parameter RLController.pid_kp_ang set to 1.231137
[imu_filter_madgwick_node-3] [INFO] [1770696830.410086404] [imu_filter]: Parameter RLController.pid_ki_ang set to 0.000000
[imu_filter_madgwick_node-3] [INFO] [1770696830.410150502] [imu_filter]: Parameter RLController.pid_kd_ang set to 0.101139
[imu_filter_madgwick_node-3] [INFO] [1770696830.821137228] [imu_filter]: Parameter RLController.pid_kp_lin set to 1.261390
[imu_filter_madgwick_node-3] [INFO] [1770696830.821441299] [imu_filter]: Parameter RLController.pid_ki_lin set to 0.000000
[imu_filter_madgwick_node-3] [INFO] [1770696830.821519893] [imu_filter]: Parameter RLController.pid_kd_lin set to 0.020000
[imu_filter_madgwick_node-3] [INFO] [1770696830.821586550] [imu_filter]: Parameter RLController.pid_kp_ang set to 1.231137
[imu_filter_madgwick_node-3] [INFO] [1770696830.821649592] [imu_filter]: Parameter RLController.pid_ki_ang set to 0.000000
[imu_filter_madgwick_node-3] [INFO] [1770696830.821710073] [imu_filter]: Parameter RLController.pid_kd_ang set to 0.101139
[imu_filter_madgwick_node-3] [INFO] [1770696831.232810946] [imu_filter]: Parameter RLController.pid_kp_lin set to 1.261390
[imu_filter_madgwick_node-3] [INFO] [1770696831.233063559] [imu_filter]: Parameter RLController.pid_ki_lin set to 0.000000
[imu_filter_madgwick_node-3] [INFO] [1770696831.233149353] [imu_filter]: Parameter RLController.pid_kd_lin set to 0.020000
[imu_filter_madgwick_node-3] [INFO] [1770696831.233225131] [imu_filter]: Parameter RLController.pid_kp_ang set to 1.231137
[imu_filter_madgwick_node-3] [INFO] [1770696831.234110432] [imu_filter]: Parameter RLController.pid_ki_ang set to 0.000000
[imu_filter_madgwick_node-3] [INFO] [1770696831.234235587] [imu_filter]: Parameter RLController.pid_kd_ang set to 0.101139
[imu_filter_madgwick_node-3] [INFO] [1770696831.648533942] [imu_filter]: Parameter RLController.pid_kp_lin set to 1.261390
[imu_filter_madgwick_node-3] [INFO] [1770696831.648851165] [imu_filter]: Parameter RLController.pid_ki_lin set to 0.000000
[imu_filter_madgwick_node-3] [INFO] [1770696831.648933823] [imu_filter]: Parameter RLController.pid_kd_lin set to 0.020000
[imu_filter_madgwick_node-3] [INFO] [1770696831.648993536] [imu_filter]: Parameter RLController.pid_kp_ang set to 1.231137
[imu_filter_madgwick_node-3] [INFO] [1770696831.649049858] [imu_filter]: Parameter RLController.pid_ki_ang set to 0.000000
[imu_filter_madgwick_node-3] [INFO] [1770696831.649102819] [imu_filter]: Parameter RLController.pid_kd_ang set to 0.101139
[imu_filter_madgwick_node-3] [INFO] [1770696832.061944084] [imu_filter]: Parameter RLController.pid_kp_lin set to 1.261390
[imu_filter_madgwick_node-3] [INFO] [1770696832.062163577] [imu_filter]: Parameter RLController.pid_ki_lin set to 0.000000
[imu_filter_madgwick_node-3] [INFO] [1770696832.064344652] [imu_filter]: Parameter RLController.pid_kd_lin set to 0.020000
[imu_filter_madgwick_node-3] [INFO] [1770696832.064532464] [imu_filter]: Parameter RLController.pid_kp_ang set to 1.231137
[imu_filter_madgwick_node-3] [INFO] [1770696832.064601874] [imu_filter]: Parameter RLController.pid_ki_ang set to 0.000000
[imu_filter_madgwick_node-3] [INFO] [1770696832.064787478] [imu_filter]: Parameter RLController.pid_kd_ang set to 0.101139
[imu_filter_madgwick_node-3] [INFO] [1770696832.475099276] [imu_filter]: Parameter RLController.pid_kp_lin set to 1.261390
[imu_filter_madgwick_node-3] [INFO] [1770696832.475536311] [imu_filter]: Parameter RLController.pid_ki_lin set to 0.000000
[imu_filter_madgwick_node-3] [INFO] [1770696832.475620921] [imu_filter]: Parameter RLController.pid_kd_lin set to 0.020000
[imu_filter_madgwick_node-3] [INFO] [1770696832.475685242] [imu_filter]: Parameter RLController.pid_kp_ang set to 1.231137
[imu_filter_madgwick_node-3] [INFO] [1770696832.475741499] [imu_filter]: Parameter RLController.pid_ki_ang set to 0.000000
[imu_filter_madgwick_node-3] [INFO] [1770696832.475795357] [imu_filter]: Parameter RLController.pid_kd_ang set to 0.101139
[imu_filter_madgwick_node-3] [INFO] [1770696832.897868549] [imu_filter]: Parameter RLController.pid_kp_lin set to 1.261390
[imu_filter_madgwick_node-3] [INFO] [1770696832.898074058] [imu_filter]: Parameter RLController.pid_ki_lin set to 0.000000
[imu_filter_madgwick_node-3] [INFO] [1770696832.898143211] [imu_filter]: Parameter RLController.pid_kd_lin set to 0.020000
[imu_filter_madgwick_node-3] [INFO] [1770696832.898210317] [imu_filter]: Parameter RLController.pid_kp_ang set to 1.231137
[imu_filter_madgwick_node-3] [INFO] [1770696832.898266894] [imu_filter]: Parameter RLController.pid_ki_ang set to 0.000000
[imu_filter_madgwick_node-3] [INFO] [1770696832.898322959] [imu_filter]: Parameter RLController.pid_kd_ang set to 0.101139
[imu_filter_madgwick_node-3] [INFO] [1770696833.313733308] [imu_filter]: Parameter RLController.pid_kp_lin set to 1.261390
[imu_filter_madgwick_node-3] [INFO] [1770696833.313968386] [imu_filter]: Parameter RLController.pid_ki_lin set to 0.000000
[imu_filter_madgwick_node-3] [INFO] [1770696833.314058244] [imu_filter]: Parameter RLController.pid_kd_lin set to 0.020000
[imu_filter_madgwick_node-3] [INFO] [1770696833.314129990] [imu_filter]: Parameter RLController.pid_kp_ang set to 1.231137
[imu_filter_madgwick_node-3] [INFO] [1770696833.316152757] [imu_filter]: Parameter RLController.pid_ki_ang set to 0.000000
[imu_filter_madgwick_node-3] [INFO] [1770696833.316339769] [imu_filter]: Parameter RLController.pid_kd_ang set to 0.101139
[imu_filter_madgwick_node-3] [INFO] [1770696833.733163975] [imu_filter]: Parameter RLController.pid_kp_lin set to 1.261390
[imu_filter_madgwick_node-3] [INFO] [1770696833.733363692] [imu_filter]: Parameter RLController.pid_ki_lin set to 0.000000
[imu_filter_madgwick_node-3] [INFO] [1770696833.733434989] [imu_filter]: Parameter RLController.pid_kd_lin set to 0.020000
[imu_filter_madgwick_node-3] [INFO] [1770696833.733495983] [imu_filter]: Parameter RLController.pid_kp_ang set to 1.231137
[imu_filter_madgwick_node-3] [INFO] [1770696833.733552240] [imu_filter]: Parameter RLController.pid_ki_ang set to 0.000000
[imu_filter_madgwick_node-3] [INFO] [1770696833.733605489] [imu_filter]: Parameter RLController.pid_kd_ang set to 0.101139
[imu_filter_madgwick_node-3] [INFO] [1770696834.149402631] [imu_filter]: Parameter RLController.pid_kp_lin set to 1.261390
[imu_filter_madgwick_node-3] [INFO] [1770696834.149620204] [imu_filter]: Parameter RLController.pid_ki_lin set to 0.000000
[imu_filter_madgwick_node-3] [INFO] [1770696834.149694894] [imu_filter]: Parameter RLController.pid_kd_lin set to 0.020000
[imu_filter_madgwick_node-3] [INFO] [1770696834.149756527] [imu_filter]: Parameter RLController.pid_kp_ang set to 1.231137
[imu_filter_madgwick_node-3] [INFO] [1770696834.152553265] [imu_filter]: Parameter RLController.pid_ki_ang set to 0.000000
[imu_filter_madgwick_node-3] [INFO] [1770696834.152736565] [imu_filter]: Parameter RLController.pid_kd_ang set to 0.101139
[imu_filter_madgwick_node-3] [INFO] [1770696834.570674077] [imu_filter]: Parameter RLController.pid_kp_lin set to 1.261390
[imu_filter_madgwick_node-3] [INFO] [1770696834.571651731] [imu_filter]: Parameter RLController.pid_ki_lin set to 0.000000
[imu_filter_madgwick_node-3] [INFO] [1770696834.571841144] [imu_filter]: Parameter RLController.pid_kd_lin set to 0.020000
[imu_filter_madgwick_node-3] [INFO] [1770696834.575712018] [imu_filter]: Parameter RLController.pid_kp_ang set to 1.231137
[imu_filter_madgwick_node-3] [INFO] [1770696834.577428346] [imu_filter]: Parameter RLController.pid_ki_ang set to 0.000000
[imu_filter_madgwick_node-3] [INFO] [1770696834.578351632] [imu_filter]: Parameter RLController.pid_kd_ang set to 0.101139
[imu_filter_madgwick_node-3] [INFO] [1770696834.983202726] [imu_filter]: Parameter RLController.pid_kp_lin set to 1.261390
[imu_filter_madgwick_node-3] [INFO] [1770696834.983409099] [imu_filter]: Parameter RLController.pid_ki_lin set to 0.000000
[imu_filter_madgwick_node-3] [INFO] [1770696834.986086282] [imu_filter]: Parameter RLController.pid_kd_lin set to 0.020000
[imu_filter_madgwick_node-3] [INFO] [1770696834.986268046] [imu_filter]: Parameter RLController.pid_kp_ang set to 1.231137
[imu_filter_madgwick_node-3] [INFO] [1770696834.986332367] [imu_filter]: Parameter RLController.pid_ki_ang set to 0.000000
[imu_filter_madgwick_node-3] [INFO] [1770696834.986390385] [imu_filter]: Parameter RLController.pid_kd_ang set to 0.101139
[imu_filter_madgwick_node-3] [INFO] [1770696835.402279625] [imu_filter]: Parameter RLController.pid_kp_lin set to 1.261390
[imu_filter_madgwick_node-3] [INFO] [1770696835.402637521] [imu_filter]: Parameter RLController.pid_ki_lin set to 0.000000
[imu_filter_madgwick_node-3] [INFO] [1770696835.402886487] [imu_filter]: Parameter RLController.pid_kd_lin set to 0.020000
[imu_filter_madgwick_node-3] [INFO] [1770696835.402958169] [imu_filter]: Parameter RLController.pid_kp_ang set to 1.231137
[imu_filter_madgwick_node-3] [INFO] [1770696835.403019642] [imu_filter]: Parameter RLController.pid_ki_ang set to 0.000000
[imu_filter_madgwick_node-3] [INFO] [1770696835.403075163] [imu_filter]: Parameter RLController.pid_kd_ang set to 0.101139
[imu_filter_madgwick_node-3] [INFO] [1770696835.836906229] [imu_filter]: Parameter RLController.pid_kp_lin set to 1.261390
[imu_filter_madgwick_node-3] [INFO] [1770696835.837122906] [imu_filter]: Parameter RLController.pid_ki_lin set to 0.000000
[imu_filter_madgwick_node-3] [INFO] [1770696835.837203516] [imu_filter]: Parameter RLController.pid_kd_lin set to 0.020000
[imu_filter_madgwick_node-3] [INFO] [1770696835.837269598] [imu_filter]: Parameter RLController.pid_kp_ang set to 1.231137
[imu_filter_madgwick_node-3] [INFO] [1770696835.837327199] [imu_filter]: Parameter RLController.pid_ki_ang set to 0.000000
[imu_filter_madgwick_node-3] [INFO] [1770696835.837376256] [imu_filter]: Parameter RLController.pid_kd_ang set to 0.101139
[imu_filter_madgwick_node-3] [INFO] [1770696836.246969030] [imu_filter]: Parameter RLController.pid_kp_lin set to 1.261390
[imu_filter_madgwick_node-3] [INFO] [1770696836.247162058] [imu_filter]: Parameter RLController.pid_ki_lin set to 0.000000
[imu_filter_madgwick_node-3] [INFO] [1770696836.247355343] [imu_filter]: Parameter RLController.pid_kd_lin set to 0.020000
[imu_filter_madgwick_node-3] [INFO] [1770696836.247428112] [imu_filter]: Parameter RLController.pid_kp_ang set to 1.231137
[imu_filter_madgwick_node-3] [INFO] [1770696836.247489938] [imu_filter]: Parameter RLController.pid_ki_ang set to 0.000000
[imu_filter_madgwick_node-3] [INFO] [1770696836.247545715] [imu_filter]: Parameter RLController.pid_kd_ang set to 0.101139
[imu_filter_madgwick_node-3] [INFO] [1770696836.660061181] [imu_filter]: Parameter RLController.pid_kp_lin set to 1.261390
[imu_filter_madgwick_node-3] [INFO] [1770696836.660314915] [imu_filter]: Parameter RLController.pid_ki_lin set to 0.000000
[imu_filter_madgwick_node-3] [INFO] [1770696836.660397701] [imu_filter]: Parameter RLController.pid_kd_lin set to 0.020000
[imu_filter_madgwick_node-3] [INFO] [1770696836.660463462] [imu_filter]: Parameter RLController.pid_kp_ang set to 1.231137
[imu_filter_madgwick_node-3] [INFO] [1770696836.660525063] [imu_filter]: Parameter RLController.pid_ki_ang set to 0.000000
[imu_filter_madgwick_node-3] [INFO] [1770696836.660585001] [imu_filter]: Parameter RLController.pid_kd_ang set to 0.101139
[imu_filter_madgwick_node-3] [INFO] [1770696837.083514981] [imu_filter]: Parameter RLController.pid_kp_lin set to 1.261390
[imu_filter_madgwick_node-3] [INFO] [1770696837.083785483] [imu_filter]: Parameter RLController.pid_ki_lin set to 0.000000
[imu_filter_madgwick_node-3] [INFO] [1770696837.083873581] [imu_filter]: Parameter RLController.pid_kd_lin set to 0.020000
[imu_filter_madgwick_node-3] [INFO] [1770696837.083936399] [imu_filter]: Parameter RLController.pid_kp_ang set to 1.231137
[imu_filter_madgwick_node-3] [INFO] [1770696837.083997936] [imu_filter]: Parameter RLController.pid_ki_ang set to 0.000000
[imu_filter_madgwick_node-3] [INFO] [1770696837.084063890] [imu_filter]: Parameter RLController.pid_kd_ang set to 0.101139
[imu_filter_madgwick_node-3] [INFO] [1770696837.494357288] [imu_filter]: Parameter RLController.pid_kp_lin set to 1.261390
[imu_filter_madgwick_node-3] [INFO] [1770696837.499886120] [imu_filter]: Parameter RLController.pid_ki_lin set to 0.000000
[imu_filter_madgwick_node-3] [INFO] [1770696837.503974984] [imu_filter]: Parameter RLController.pid_kd_lin set to 0.020000
[imu_filter_madgwick_node-3] [INFO] [1770696837.504241742] [imu_filter]: Parameter RLController.pid_kp_ang set to 1.231137
[imu_filter_madgwick_node-3] [INFO] [1770696837.504328144] [imu_filter]: Parameter RLController.pid_ki_ang set to 0.000000
[imu_filter_madgwick_node-3] [INFO] [1770696837.504396401] [imu_filter]: Parameter RLController.pid_kd_ang set to 0.101139
[imu_filter_madgwick_node-3] [INFO] [1770696837.907395037] [imu_filter]: Parameter RLController.pid_kp_lin set to 1.261390
[imu_filter_madgwick_node-3] [INFO] [1770696837.907624003] [imu_filter]: Parameter RLController.pid_ki_lin set to 0.000000
[imu_filter_madgwick_node-3] [INFO] [1770696837.907701220] [imu_filter]: Parameter RLController.pid_kd_lin set to 0.020000
[imu_filter_madgwick_node-3] [INFO] [1770696837.907769222] [imu_filter]: Parameter RLController.pid_kp_ang set to 1.231137
[imu_filter_madgwick_node-3] [INFO] [1770696837.907824391] [imu_filter]: Parameter RLController.pid_ki_ang set to 0.000000
[imu_filter_madgwick_node-3] [INFO] [1770696837.907882761] [imu_filter]: Parameter RLController.pid_kd_ang set to 0.101139
[imu_filter_madgwick_node-3] [INFO] [1770696838.320865789] [imu_filter]: Parameter RLController.pid_kp_lin set to 1.261390
[imu_filter_madgwick_node-3] [INFO] [1770696838.321193189] [imu_filter]: Parameter RLController.pid_ki_lin set to 0.000000
[imu_filter_madgwick_node-3] [INFO] [1770696838.321271462] [imu_filter]: Parameter RLController.pid_kd_lin set to 0.020000
[imu_filter_madgwick_node-3] [INFO] [1770696838.321334856] [imu_filter]: Parameter RLController.pid_kp_ang set to 1.231137
[imu_filter_madgwick_node-3] [INFO] [1770696838.321506220] [imu_filter]: Parameter RLController.pid_ki_ang set to 0.000000
[imu_filter_madgwick_node-3] [INFO] [1770696838.321578862] [imu_filter]: Parameter RLController.pid_kd_ang set to 0.101139
[imu_filter_madgwick_node-3] [INFO] [1770696838.737712651] [imu_filter]: Parameter RLController.pid_kp_lin set to 1.261390
[imu_filter_madgwick_node-3] [INFO] [1770696838.737935377] [imu_filter]: Parameter RLController.pid_ki_lin set to 0.000000
[imu_filter_madgwick_node-3] [INFO] [1770696838.738278137] [imu_filter]: Parameter RLController.pid_kd_lin set to 0.020000
[imu_filter_madgwick_node-3] [INFO] [1770696838.738380123] [imu_filter]: Parameter RLController.pid_kp_ang set to 1.231137
[imu_filter_madgwick_node-3] [INFO] [1770696838.738440252] [imu_filter]: Parameter RLController.pid_ki_ang set to 0.000000
[imu_filter_madgwick_node-3] [INFO] [1770696838.738497982] [imu_filter]: Parameter RLController.pid_kd_ang set to 0.101139
[imu_filter_madgwick_node-3] [INFO] [1770696839.167290434] [imu_filter]: Parameter RLController.pid_kp_lin set to 1.261390
[imu_filter_madgwick_node-3] [INFO] [1770696839.167515240] [imu_filter]: Parameter RLController.pid_ki_lin set to 0.000000
[imu_filter_madgwick_node-3] [INFO] [1770696839.167595369] [imu_filter]: Parameter RLController.pid_kd_lin set to 0.020000
[imu_filter_madgwick_node-3] [INFO] [1770696839.169301169] [imu_filter]: Parameter RLController.pid_kp_ang set to 1.231137
[imu_filter_madgwick_node-3] [INFO] [1770696839.169456917] [imu_filter]: Parameter RLController.pid_ki_ang set to 0.000000
[imu_filter_madgwick_node-3] [INFO] [1770696839.169524982] [imu_filter]: Parameter RLController.pid_kd_ang set to 0.101139
[imu_filter_madgwick_node-3] [INFO] [1770696839.596983196] [imu_filter]: Parameter RLController.pid_kp_lin set to 1.261390
[imu_filter_madgwick_node-3] [INFO] [1770696839.597326596] [imu_filter]: Parameter RLController.pid_ki_lin set to 0.000000
[imu_filter_madgwick_node-3] [INFO] [1770696839.597459239] [imu_filter]: Parameter RLController.pid_kd_lin set to 0.020000
[imu_filter_madgwick_node-3] [INFO] [1770696839.597531529] [imu_filter]: Parameter RLController.pid_kp_ang set to 1.231137
[imu_filter_madgwick_node-3] [INFO] [1770696839.597595818] [imu_filter]: Parameter RLController.pid_ki_ang set to 0.000000
[imu_filter_madgwick_node-3] [INFO] [1770696839.597656780] [imu_filter]: Parameter RLController.pid_kd_ang set to 0.101139
[imu_filter_madgwick_node-3] [INFO] [1770696840.035198716] [imu_filter]: Parameter RLController.pid_kp_lin set to 1.261390
[imu_filter_madgwick_node-3] [INFO] [1770696840.035418177] [imu_filter]: Parameter RLController.pid_ki_lin set to 0.000000
[imu_filter_madgwick_node-3] [INFO] [1770696840.035492515] [imu_filter]: Parameter RLController.pid_kd_lin set to 0.020000
[imu_filter_madgwick_node-3] [INFO] [1770696840.035554980] [imu_filter]: Parameter RLController.pid_kp_ang set to 1.231137
[imu_filter_madgwick_node-3] [INFO] [1770696840.035614662] [imu_filter]: Parameter RLController.pid_ki_ang set to 0.000000
[imu_filter_madgwick_node-3] [INFO] [1770696840.035672743] [imu_filter]: Parameter RLController.pid_kd_ang set to 0.101139
[imu_filter_madgwick_node-3] [INFO] [1770696840.444539356] [imu_filter]: Parameter RLController.pid_kp_lin set to 1.261390
[imu_filter_madgwick_node-3] [INFO] [1770696840.444782721] [imu_filter]: Parameter RLController.pid_ki_lin set to 0.000000
[imu_filter_madgwick_node-3] [INFO] [1770696840.444867843] [imu_filter]: Parameter RLController.pid_kd_lin set to 0.020000
[imu_filter_madgwick_node-3] [INFO] [1770696840.444935429] [imu_filter]: Parameter RLController.pid_kp_ang set to 1.231137
[imu_filter_madgwick_node-3] [INFO] [1770696840.444993094] [imu_filter]: Parameter RLController.pid_ki_ang set to 0.000000
[imu_filter_madgwick_node-3] [INFO] [1770696840.445049160] [imu_filter]: Parameter RLController.pid_kd_ang set to 0.101139
[imu_filter_madgwick_node-3] [INFO] [1770696840.853486610] [imu_filter]: Parameter RLController.pid_kp_lin set to 1.261390
[imu_filter_madgwick_node-3] [INFO] [1770696840.856799263] [imu_filter]: Parameter RLController.pid_ki_lin set to 0.000000
[imu_filter_madgwick_node-3] [INFO] [1770696840.857002756] [imu_filter]: Parameter RLController.pid_kd_lin set to 0.020000
[imu_filter_madgwick_node-3] [INFO] [1770696840.857083974] [imu_filter]: Parameter RLController.pid_kp_ang set to 1.231137
[imu_filter_madgwick_node-3] [INFO] [1770696840.857151719] [imu_filter]: Parameter RLController.pid_ki_ang set to 0.000000
[imu_filter_madgwick_node-3] [INFO] [1770696840.857210889] [imu_filter]: Parameter RLController.pid_kd_ang set to 0.101139
[imu_filter_madgwick_node-3] [INFO] [1770696841.277011132] [imu_filter]: Parameter RLController.pid_kp_lin set to 1.261390
[imu_filter_madgwick_node-3] [INFO] [1770696841.277235905] [imu_filter]: Parameter RLController.pid_ki_lin set to 0.000000
[imu_filter_madgwick_node-3] [INFO] [1770696841.277313571] [imu_filter]: Parameter RLController.pid_kd_lin set to 0.020000
[imu_filter_madgwick_node-3] [INFO] [1770696841.277380709] [imu_filter]: Parameter RLController.pid_kp_ang set to 1.231137
[imu_filter_madgwick_node-3] [INFO] [1770696841.277436198] [imu_filter]: Parameter RLController.pid_ki_ang set to 0.000000
[imu_filter_madgwick_node-3] [INFO] [1770696841.277492199] [imu_filter]: Parameter RLController.pid_kd_ang set to 0.101139
[imu_filter_madgwick_node-3] [INFO] [1770696841.691087498] [imu_filter]: Parameter RLController.pid_kp_lin set to 1.261390
[imu_filter_madgwick_node-3] [INFO] [1770696841.691286830] [imu_filter]: Parameter RLController.pid_ki_lin set to 0.000000
[imu_filter_madgwick_node-3] [INFO] [1770696841.691356368] [imu_filter]: Parameter RLController.pid_kd_lin set to 0.020000
[imu_filter_madgwick_node-3] [INFO] [1770696841.691418930] [imu_filter]: Parameter RLController.pid_kp_ang set to 1.231137
[imu_filter_madgwick_node-3] [INFO] [1770696841.691478899] [imu_filter]: Parameter RLController.pid_ki_ang set to 0.000000
[imu_filter_madgwick_node-3] [INFO] [1770696841.691553813] [imu_filter]: Parameter RLController.pid_kd_ang set to 0.101139
[imu_filter_madgwick_node-3] [INFO] [1770696842.100009824] [imu_filter]: Parameter RLController.pid_kp_lin set to 1.261390
[imu_filter_madgwick_node-3] [INFO] [1770696842.100293734] [imu_filter]: Parameter RLController.pid_ki_lin set to 0.000000
[imu_filter_madgwick_node-3] [INFO] [1770696842.100532716] [imu_filter]: Parameter RLController.pid_kd_lin set to 0.020000
[imu_filter_madgwick_node-3] [INFO] [1770696842.100602381] [imu_filter]: Parameter RLController.pid_kp_ang set to 1.231137
[imu_filter_madgwick_node-3] [INFO] [1770696842.100659919] [imu_filter]: Parameter RLController.pid_ki_ang set to 0.000000
[imu_filter_madgwick_node-3] [INFO] [1770696842.100717232] [imu_filter]: Parameter RLController.pid_kd_ang set to 0.101139
[imu_filter_madgwick_node-3] [INFO] [1770696842.526156455] [imu_filter]: Parameter RLController.pid_kp_lin set to 1.261390
[imu_filter_madgwick_node-3] [INFO] [1770696842.528797924] [imu_filter]: Parameter RLController.pid_ki_lin set to 0.000000
[imu_filter_madgwick_node-3] [INFO] [1770696842.529123884] [imu_filter]: Parameter RLController.pid_kd_lin set to 0.020000
[imu_filter_madgwick_node-3] [INFO] [1770696842.529207086] [imu_filter]: Parameter RLController.pid_kp_ang set to 1.231137
[imu_filter_madgwick_node-3] [INFO] [1770696842.529266095] [imu_filter]: Parameter RLController.pid_ki_ang set to 0.000000
[imu_filter_madgwick_node-3] [INFO] [1770696842.529321712] [imu_filter]: Parameter RLController.pid_kd_ang set to 0.101139
[imu_filter_madgwick_node-3] [INFO] [1770696842.935135166] [imu_filter]: Parameter RLController.pid_kp_lin set to 1.261390
[imu_filter_madgwick_node-3] [INFO] [1770696842.935331906] [imu_filter]: Parameter RLController.pid_ki_lin set to 0.000000
[imu_filter_madgwick_node-3] [INFO] [1770696842.935402340] [imu_filter]: Parameter RLController.pid_kd_lin set to 0.020000
[imu_filter_madgwick_node-3] [INFO] [1770696842.935464741] [imu_filter]: Parameter RLController.pid_kp_ang set to 1.231137
[imu_filter_madgwick_node-3] [INFO] [1770696842.935525351] [imu_filter]: Parameter RLController.pid_ki_ang set to 0.000000
[imu_filter_madgwick_node-3] [INFO] [1770696842.935582248] [imu_filter]: Parameter RLController.pid_kd_ang set to 0.101139
[imu_filter_madgwick_node-3] [INFO] [1770696843.350245188] [imu_filter]: Parameter RLController.pid_kp_lin set to 1.261390
[imu_filter_madgwick_node-3] [INFO] [1770696843.350472489] [imu_filter]: Parameter RLController.pid_ki_lin set to 0.000000
[imu_filter_madgwick_node-3] [INFO] [1770696843.350556715] [imu_filter]: Parameter RLController.pid_kd_lin set to 0.020000
[imu_filter_madgwick_node-3] [INFO] [1770696843.350625645] [imu_filter]: Parameter RLController.pid_kp_ang set to 1.231137
[imu_filter_madgwick_node-3] [INFO] [1770696843.350686158] [imu_filter]: Parameter RLController.pid_ki_ang set to 0.000000
[imu_filter_madgwick_node-3] [INFO] [1770696843.354020796] [imu_filter]: Parameter RLController.pid_kd_ang set to 0.101139
[imu_filter_madgwick_node-3] [INFO] [1770696843.763531103] [imu_filter]: Parameter RLController.pid_kp_lin set to 1.261390
[imu_filter_madgwick_node-3] [INFO] [1770696843.763891272] [imu_filter]: Parameter RLController.pid_ki_lin set to 0.000000
[imu_filter_madgwick_node-3] [INFO] [1770696843.763976330] [imu_filter]: Parameter RLController.pid_kd_lin set to 0.020000
[imu_filter_madgwick_node-3] [INFO] [1770696843.764044235] [imu_filter]: Parameter RLController.pid_kp_ang set to 1.231137
[imu_filter_madgwick_node-3] [INFO] [1770696843.764104045] [imu_filter]: Parameter RLController.pid_ki_ang set to 0.000000
[imu_filter_madgwick_node-3] [INFO] [1770696843.764161614] [imu_filter]: Parameter RLController.pid_kd_ang set to 0.101139
[imu_filter_madgwick_node-3] [INFO] [1770696844.184891735] [imu_filter]: Parameter RLController.pid_kp_lin set to 1.261390
[imu_filter_madgwick_node-3] [INFO] [1770696844.185119388] [imu_filter]: Parameter RLController.pid_ki_lin set to 0.000000
[imu_filter_madgwick_node-3] [INFO] [1770696844.185194206] [imu_filter]: Parameter RLController.pid_kd_lin set to 0.020000
[imu_filter_madgwick_node-3] [INFO] [1770696844.185256799] [imu_filter]: Parameter RLController.pid_kp_ang set to 1.231137
[imu_filter_madgwick_node-3] [INFO] [1770696844.185316545] [imu_filter]: Parameter RLController.pid_ki_ang set to 0.000000
[imu_filter_madgwick_node-3] [INFO] [1770696844.185374018] [imu_filter]: Parameter RLController.pid_kd_ang set to 0.101139
[imu_filter_madgwick_node-3] [INFO] [1770696844.597957901] [imu_filter]: Parameter RLController.pid_kp_lin set to 1.261390
[imu_filter_madgwick_node-3] [INFO] [1770696844.598305173] [imu_filter]: Parameter RLController.pid_ki_lin set to 0.000000
[imu_filter_madgwick_node-3] [INFO] [1770696844.598384983] [imu_filter]: Parameter RLController.pid_kd_lin set to 0.020000
[imu_filter_madgwick_node-3] [INFO] [1770696844.598453049] [imu_filter]: Parameter RLController.pid_kp_ang set to 1.231137
[imu_filter_madgwick_node-3] [INFO] [1770696844.598507962] [imu_filter]: Parameter RLController.pid_ki_ang set to 0.000000
[imu_filter_madgwick_node-3] [INFO] [1770696844.601071862] [imu_filter]: Parameter RLController.pid_kd_ang set to 0.101139
[imu_filter_madgwick_node-3] [INFO] [1770696845.014082827] [imu_filter]: Parameter RLController.pid_kp_lin set to 1.261390
[imu_filter_madgwick_node-3] [INFO] [1770696845.014302256] [imu_filter]: Parameter RLController.pid_ki_lin set to 0.000000
[imu_filter_madgwick_node-3] [INFO] [1770696845.014389330] [imu_filter]: Parameter RLController.pid_kd_lin set to 0.020000
[imu_filter_madgwick_node-3] [INFO] [1770696845.014458547] [imu_filter]: Parameter RLController.pid_kp_ang set to 1.231137
[imu_filter_madgwick_node-3] [INFO] [1770696845.014522005] [imu_filter]: Parameter RLController.pid_ki_ang set to 0.000000
[imu_filter_madgwick_node-3] [INFO] [1770696845.014582486] [imu_filter]: Parameter RLController.pid_kd_ang set to 0.101139
[imu_filter_madgwick_node-3] [INFO] [1770696845.430508239] [imu_filter]: Parameter RLController.pid_kp_lin set to 1.261390
[imu_filter_madgwick_node-3] [INFO] [1770696845.430724404] [imu_filter]: Parameter RLController.pid_ki_lin set to 0.000000
[imu_filter_madgwick_node-3] [INFO] [1770696845.430795926] [imu_filter]: Parameter RLController.pid_kd_lin set to 0.020000
[imu_filter_madgwick_node-3] [INFO] [1770696845.430857015] [imu_filter]: Parameter RLController.pid_kp_ang set to 1.231137
[imu_filter_madgwick_node-3] [INFO] [1770696845.430913113] [imu_filter]: Parameter RLController.pid_ki_ang set to 0.000000
[imu_filter_madgwick_node-3] [INFO] [1770696845.430968762] [imu_filter]: Parameter RLController.pid_kd_ang set to 0.101139
[imu_filter_madgwick_node-3] [INFO] [1770696845.859567866] [imu_filter]: Parameter RLController.pid_kp_lin set to 1.261390
[imu_filter_madgwick_node-3] [INFO] [1770696845.859778207] [imu_filter]: Parameter RLController.pid_ki_lin set to 0.000000
[imu_filter_madgwick_node-3] [INFO] [1770696845.859849729] [imu_filter]: Parameter RLController.pid_kd_lin set to 0.020000
[imu_filter_madgwick_node-3] [INFO] [1770696845.859920738] [imu_filter]: Parameter RLController.pid_kp_ang set to 1.231137
[imu_filter_madgwick_node-3] [INFO] [1770696845.859978692] [imu_filter]: Parameter RLController.pid_ki_ang set to 0.000000
[imu_filter_madgwick_node-3] [INFO] [1770696845.860035877] [imu_filter]: Parameter RLController.pid_kd_ang set to 0.101139
[imu_filter_madgwick_node-3] [INFO] [1770696846.276029984] [imu_filter]: Parameter RLController.pid_kp_lin set to 1.261390
[imu_filter_madgwick_node-3] [INFO] [1770696846.276389576] [imu_filter]: Parameter RLController.pid_ki_lin set to 0.000000
[imu_filter_madgwick_node-3] [INFO] [1770696846.276471530] [imu_filter]: Parameter RLController.pid_kd_lin set to 0.020000
[imu_filter_madgwick_node-3] [INFO] [1770696846.276536939] [imu_filter]: Parameter RLController.pid_kp_ang set to 1.231137
[imu_filter_madgwick_node-3] [INFO] [1770696846.276641582] [imu_filter]: Parameter RLController.pid_ki_ang set to 0.000000
[imu_filter_madgwick_node-3] [INFO] [1770696846.276705935] [imu_filter]: Parameter RLController.pid_kd_ang set to 0.101139
[imu_filter_madgwick_node-3] [INFO] [1770696846.692805548] [imu_filter]: Parameter RLController.pid_kp_lin set to 1.261390
[imu_filter_madgwick_node-3] [INFO] [1770696846.693011249] [imu_filter]: Parameter RLController.pid_ki_lin set to 0.000000
[imu_filter_madgwick_node-3] [INFO] [1770696846.696815338] [imu_filter]: Parameter RLController.pid_kd_lin set to 0.020000
[imu_filter_madgwick_node-3] [INFO] [1770696846.697135313] [imu_filter]: Parameter RLController.pid_kp_ang set to 1.231137
[imu_filter_madgwick_node-3] [INFO] [1770696846.697210003] [imu_filter]: Parameter RLController.pid_ki_ang set to 0.000000
[imu_filter_madgwick_node-3] [INFO] [1770696846.697270804] [imu_filter]: Parameter RLController.pid_kd_ang set to 0.101139
[imu_filter_madgwick_node-3] [INFO] [1770696847.116605789] [imu_filter]: Parameter RLController.pid_kp_lin set to 1.261390
[imu_filter_madgwick_node-3] [INFO] [1770696847.116918436] [imu_filter]: Parameter RLController.pid_ki_lin set to 0.000000
[imu_filter_madgwick_node-3] [INFO] [1770696847.117013286] [imu_filter]: Parameter RLController.pid_kd_lin set to 0.020000
[imu_filter_madgwick_node-3] [INFO] [1770696847.117077384] [imu_filter]: Parameter RLController.pid_kp_ang set to 1.231137
[imu_filter_madgwick_node-3] [INFO] [1770696847.124117292] [imu_filter]: Parameter RLController.pid_ki_ang set to 0.000000
[imu_filter_madgwick_node-3] [INFO] [1770696847.124455476] [imu_filter]: Parameter RLController.pid_kd_ang set to 0.101139
[imu_filter_madgwick_node-3] [INFO] [1770696847.543234255] [imu_filter]: Parameter RLController.pid_kp_lin set to 1.261390
[imu_filter_madgwick_node-3] [INFO] [1770696847.543521814] [imu_filter]: Parameter RLController.pid_ki_lin set to 0.000000
[imu_filter_madgwick_node-3] [INFO] [1770696847.543609304] [imu_filter]: Parameter RLController.pid_kd_lin set to 0.020000
[imu_filter_madgwick_node-3] [INFO] [1770696847.543774011] [imu_filter]: Parameter RLController.pid_kp_ang set to 1.231137
[imu_filter_madgwick_node-3] [INFO] [1770696847.543836285] [imu_filter]: Parameter RLController.pid_ki_ang set to 0.000000
[imu_filter_madgwick_node-3] [INFO] [1770696847.543954624] [imu_filter]: Parameter RLController.pid_kd_ang set to 0.101139
[imu_filter_madgwick_node-3] [INFO] [1770696847.955025928] [imu_filter]: Parameter RLController.pid_kp_lin set to 1.261390
[imu_filter_madgwick_node-3] [INFO] [1770696847.955440977] [imu_filter]: Parameter RLController.pid_ki_lin set to 0.000000
[imu_filter_madgwick_node-3] [INFO] [1770696847.955524083] [imu_filter]: Parameter RLController.pid_kd_lin set to 0.020000
[imu_filter_madgwick_node-3] [INFO] [1770696847.955584565] [imu_filter]: Parameter RLController.pid_kp_ang set to 1.231137
[imu_filter_madgwick_node-3] [INFO] [1770696847.955642038] [imu_filter]: Parameter RLController.pid_ki_ang set to 0.000000
[imu_filter_madgwick_node-3] [INFO] [1770696847.955698359] [imu_filter]: Parameter RLController.pid_kd_ang set to 0.101139
[imu_filter_madgwick_node-3] [INFO] [1770696848.367033253] [imu_filter]: Parameter RLController.pid_kp_lin set to 1.261390
[imu_filter_madgwick_node-3] [INFO] [1770696848.367257770] [imu_filter]: Parameter RLController.pid_ki_lin set to 0.000000
[imu_filter_madgwick_node-3] [INFO] [1770696848.367337868] [imu_filter]: Parameter RLController.pid_kd_lin set to 0.020000
[imu_filter_madgwick_node-3] [INFO] [1770696848.367402286] [imu_filter]: Parameter RLController.pid_kp_ang set to 1.231137
[imu_filter_madgwick_node-3] [INFO] [1770696848.367458959] [imu_filter]: Parameter RLController.pid_ki_ang set to 0.000000
[imu_filter_madgwick_node-3] [INFO] [1770696848.367511120] [imu_filter]: Parameter RLController.pid_kd_ang set to 0.101139
[imu_filter_madgwick_node-3] [INFO] [1770696848.785393527] [imu_filter]: Parameter RLController.pid_kp_lin set to 1.261390
[imu_filter_madgwick_node-3] [INFO] [1770696848.785603804] [imu_filter]: Parameter RLController.pid_ki_lin set to 0.000000
[imu_filter_madgwick_node-3] [INFO] [1770696848.785673757] [imu_filter]: Parameter RLController.pid_kd_lin set to 0.020000
[imu_filter_madgwick_node-3] [INFO] [1770696848.785741247] [imu_filter]: Parameter RLController.pid_kp_ang set to 1.231137
[imu_filter_madgwick_node-3] [INFO] [1770696848.785947972] [imu_filter]: Parameter RLController.pid_ki_ang set to 0.000000
[imu_filter_madgwick_node-3] [INFO] [1770696848.786027878] [imu_filter]: Parameter RLController.pid_kd_ang set to 0.101139
[imu_filter_madgwick_node-3] [INFO] [1770696849.228868722] [imu_filter]: Parameter RLController.pid_kp_lin set to 1.261390
[imu_filter_madgwick_node-3] [INFO] [1770696849.229099959] [imu_filter]: Parameter RLController.pid_ki_lin set to 0.000000
[imu_filter_madgwick_node-3] [INFO] [1770696849.229187257] [imu_filter]: Parameter RLController.pid_kd_lin set to 0.020000
[imu_filter_madgwick_node-3] [INFO] [1770696849.229257819] [imu_filter]: Parameter RLController.pid_kp_ang set to 1.231137
[imu_filter_madgwick_node-3] [INFO] [1770696849.229320956] [imu_filter]: Parameter RLController.pid_ki_ang set to 0.000000
[imu_filter_madgwick_node-3] [INFO] [1770696849.229389214] [imu_filter]: Parameter RLController.pid_kd_ang set to 0.101139
[imu_filter_madgwick_node-3] [INFO] [1770696849.657195819] [imu_filter]: Parameter RLController.pid_kp_lin set to 1.261390
[imu_filter_madgwick_node-3] [INFO] [1770696849.657408304] [imu_filter]: Parameter RLController.pid_ki_lin set to 0.000000
[imu_filter_madgwick_node-3] [INFO] [1770696849.657485362] [imu_filter]: Parameter RLController.pid_kd_lin set to 0.020000
[imu_filter_madgwick_node-3] [INFO] [1770696849.657548884] [imu_filter]: Parameter RLController.pid_kp_ang set to 1.231137
[imu_filter_madgwick_node-3] [INFO] [1770696849.657607445] [imu_filter]: Parameter RLController.pid_ki_ang set to 0.000000
[imu_filter_madgwick_node-3] [INFO] [1770696849.657662198] [imu_filter]: Parameter RLController.pid_kd_ang set to 0.101139
[imu_filter_madgwick_node-3] [INFO] [1770696850.059174207] [imu_filter]: Parameter RLController.pid_kp_lin set to 1.261390
[imu_filter_madgwick_node-3] [INFO] [1770696850.059390596] [imu_filter]: Parameter RLController.pid_ki_lin set to 0.000000
[imu_filter_madgwick_node-3] [INFO] [1770696850.059463494] [imu_filter]: Parameter RLController.pid_kd_lin set to 0.020000
[imu_filter_madgwick_node-3] [INFO] [1770696850.059528904] [imu_filter]: Parameter RLController.pid_kp_ang set to 1.231137
[imu_filter_madgwick_node-3] [INFO] [1770696850.059590281] [imu_filter]: Parameter RLController.pid_ki_ang set to 0.000000
[imu_filter_madgwick_node-3] [INFO] [1770696850.059649323] [imu_filter]: Parameter RLController.pid_kd_ang set to 0.101139
[imu_filter_madgwick_node-3] [INFO] [1770696850.479748197] [imu_filter]: Parameter RLController.pid_kp_lin set to 1.261390
[imu_filter_madgwick_node-3] [INFO] [1770696850.479940681] [imu_filter]: Parameter RLController.pid_ki_lin set to 0.000000
[imu_filter_madgwick_node-3] [INFO] [1770696850.480009195] [imu_filter]: Parameter RLController.pid_kd_lin set to 0.020000
[imu_filter_madgwick_node-3] [INFO] [1770696850.480073164] [imu_filter]: Parameter RLController.pid_kp_ang set to 1.231137
[imu_filter_madgwick_node-3] [INFO] [1770696850.485973782] [imu_filter]: Parameter RLController.pid_ki_ang set to 0.000000
[imu_filter_madgwick_node-3] [INFO] [1770696850.486378527] [imu_filter]: Parameter RLController.pid_kd_ang set to 0.101139
[imu_filter_madgwick_node-3] [INFO] [1770696850.895987013] [imu_filter]: Parameter RLController.pid_kp_lin set to 1.261390
[imu_filter_madgwick_node-3] [INFO] [1770696850.896252811] [imu_filter]: Parameter RLController.pid_ki_lin set to 0.000000
[imu_filter_madgwick_node-3] [INFO] [1770696850.896344461] [imu_filter]: Parameter RLController.pid_kd_lin set to 0.020000
[imu_filter_madgwick_node-3] [INFO] [1770696850.896412911] [imu_filter]: Parameter RLController.pid_kp_ang set to 1.231137
[imu_filter_madgwick_node-3] [INFO] [1770696850.896490513] [imu_filter]: Parameter RLController.pid_ki_ang set to 0.000000
[imu_filter_madgwick_node-3] [INFO] [1770696850.896557042] [imu_filter]: Parameter RLController.pid_kd_ang set to 0.101139
[imu_filter_madgwick_node-3] [INFO] [1770696851.308752852] [imu_filter]: Parameter RLController.pid_kp_lin set to 1.261390
[imu_filter_madgwick_node-3] [INFO] [1770696851.308981530] [imu_filter]: Parameter RLController.pid_ki_lin set to 0.000000
[imu_filter_madgwick_node-3] [INFO] [1770696851.309062203] [imu_filter]: Parameter RLController.pid_kd_lin set to 0.020000
[imu_filter_madgwick_node-3] [INFO] [1770696851.309124093] [imu_filter]: Parameter RLController.pid_kp_ang set to 1.231137
[imu_filter_madgwick_node-3] [INFO] [1770696851.309179006] [imu_filter]: Parameter RLController.pid_ki_ang set to 0.000000
[imu_filter_madgwick_node-3] [INFO] [1770696851.309237568] [imu_filter]: Parameter RLController.pid_kd_ang set to 0.101139
[imu_filter_madgwick_node-3] [INFO] [1770696851.726812607] [imu_filter]: Parameter RLController.pid_kp_lin set to 1.261390
[imu_filter_madgwick_node-3] [INFO] [1770696851.727016996] [imu_filter]: Parameter RLController.pid_ki_lin set to 0.000000
[imu_filter_madgwick_node-3] [INFO] [1770696851.727091141] [imu_filter]: Parameter RLController.pid_kd_lin set to 0.020000
[imu_filter_madgwick_node-3] [INFO] [1770696851.728576328] [imu_filter]: Parameter RLController.pid_kp_ang set to 1.231137
[imu_filter_madgwick_node-3] [INFO] [1770696851.731374473] [imu_filter]: Parameter RLController.pid_ki_ang set to 0.000000
[imu_filter_madgwick_node-3] [INFO] [1770696851.731563150] [imu_filter]: Parameter RLController.pid_kd_ang set to 0.101139
[imu_filter_madgwick_node-3] [INFO] [1770696852.136901648] [imu_filter]: Parameter RLController.pid_kp_lin set to 1.261390
[imu_filter_madgwick_node-3] [INFO] [1770696852.137111285] [imu_filter]: Parameter RLController.pid_ki_lin set to 0.000000
[imu_filter_madgwick_node-3] [INFO] [1770696852.137283033] [imu_filter]: Parameter RLController.pid_kd_lin set to 0.020000
[imu_filter_madgwick_node-3] [INFO] [1770696852.137380187] [imu_filter]: Parameter RLController.pid_kp_ang set to 1.231137
[imu_filter_madgwick_node-3] [INFO] [1770696852.137447421] [imu_filter]: Parameter RLController.pid_ki_ang set to 0.000000
[imu_filter_madgwick_node-3] [INFO] [1770696852.137505790] [imu_filter]: Parameter RLController.pid_kd_ang set to 0.101139
[imu_filter_madgwick_node-3] [INFO] [1770696852.547835189] [imu_filter]: Parameter RLController.pid_kp_lin set to 1.261390
[imu_filter_madgwick_node-3] [INFO] [1770696852.548038073] [imu_filter]: Parameter RLController.pid_ki_lin set to 0.000000
[imu_filter_madgwick_node-3] [INFO] [1770696852.548120251] [imu_filter]: Parameter RLController.pid_kd_lin set to 0.020000
[imu_filter_madgwick_node-3] [INFO] [1770696852.548227774] [imu_filter]: Parameter RLController.pid_kp_ang set to 1.231137
[imu_filter_madgwick_node-3] [INFO] [1770696852.548308896] [imu_filter]: Parameter RLController.pid_ki_ang set to 0.000000
[imu_filter_madgwick_node-3] [INFO] [1770696852.548378113] [imu_filter]: Parameter RLController.pid_kd_ang set to 0.101139
[imu_filter_madgwick_node-3] [INFO] [1770696852.962581906] [imu_filter]: Parameter RLController.pid_kp_lin set to 1.261390
[imu_filter_madgwick_node-3] [INFO] [1770696852.962800279] [imu_filter]: Parameter RLController.pid_ki_lin set to 0.000000
[imu_filter_madgwick_node-3] [INFO] [1770696852.962876153] [imu_filter]: Parameter RLController.pid_kd_lin set to 0.020000
[imu_filter_madgwick_node-3] [INFO] [1770696852.962953179] [imu_filter]: Parameter RLController.pid_kp_ang set to 1.231137
[imu_filter_madgwick_node-3] [INFO] [1770696852.963012252] [imu_filter]: Parameter RLController.pid_ki_ang set to 0.000000
[imu_filter_madgwick_node-3] [INFO] [1770696852.963073661] [imu_filter]: Parameter RLController.pid_kd_ang set to 0.101139
[imu_filter_madgwick_node-3] [INFO] [1770696853.376494556] [imu_filter]: Parameter RLController.pid_kp_lin set to 1.261390
[imu_filter_madgwick_node-3] [INFO] [1770696853.376734562] [imu_filter]: Parameter RLController.pid_ki_lin set to 0.000000
[imu_filter_madgwick_node-3] [INFO] [1770696853.376818468] [imu_filter]: Parameter RLController.pid_kd_lin set to 0.020000
[imu_filter_madgwick_node-3] [INFO] [1770696853.377245806] [imu_filter]: Parameter RLController.pid_kp_ang set to 1.231137
[imu_filter_madgwick_node-3] [INFO] [1770696853.377346064] [imu_filter]: Parameter RLController.pid_ki_ang set to 0.000000
[imu_filter_madgwick_node-3] [INFO] [1770696853.377411345] [imu_filter]: Parameter RLController.pid_kd_ang set to 0.101139
[imu_filter_madgwick_node-3] [INFO] [1770696853.798457666] [imu_filter]: Parameter RLController.pid_kp_lin set to 1.261390
[imu_filter_madgwick_node-3] [INFO] [1770696853.798803914] [imu_filter]: Parameter RLController.pid_ki_lin set to 0.000000
[imu_filter_madgwick_node-3] [INFO] [1770696853.800692950] [imu_filter]: Parameter RLController.pid_kd_lin set to 0.020000
[imu_filter_madgwick_node-3] [INFO] [1770696853.800859258] [imu_filter]: Parameter RLController.pid_kp_ang set to 1.231137
[imu_filter_madgwick_node-3] [INFO] [1770696853.800943100] [imu_filter]: Parameter RLController.pid_ki_ang set to 0.000000
[imu_filter_madgwick_node-3] [INFO] [1770696853.801007901] [imu_filter]: Parameter RLController.pid_kd_ang set to 0.101139
[imu_filter_madgwick_node-3] [INFO] [1770696854.223671763] [imu_filter]: Parameter RLController.pid_kp_lin set to 1.261390
[imu_filter_madgwick_node-3] [INFO] [1770696854.223900344] [imu_filter]: Parameter RLController.pid_ki_lin set to 0.000000
[imu_filter_madgwick_node-3] [INFO] [1770696854.223981274] [imu_filter]: Parameter RLController.pid_kd_lin set to 0.020000
[imu_filter_madgwick_node-3] [INFO] [1770696854.224043868] [imu_filter]: Parameter RLController.pid_kp_ang set to 1.231137
[imu_filter_madgwick_node-3] [INFO] [1770696854.224100157] [imu_filter]: Parameter RLController.pid_ki_ang set to 0.000000
[imu_filter_madgwick_node-3] [INFO] [1770696854.224154814] [imu_filter]: Parameter RLController.pid_kd_ang set to 0.101139
[imu_filter_madgwick_node-3] [INFO] [1770696854.635554222] [imu_filter]: Parameter RLController.pid_kp_lin set to 1.261390
[imu_filter_madgwick_node-3] [INFO] [1770696854.641555065] [imu_filter]: Parameter RLController.pid_ki_lin set to 0.000000
[imu_filter_madgwick_node-3] [INFO] [1770696854.641805055] [imu_filter]: Parameter RLController.pid_kd_lin set to 0.020000
[imu_filter_madgwick_node-3] [INFO] [1770696854.641932322] [imu_filter]: Parameter RLController.pid_kp_ang set to 1.231137
[imu_filter_madgwick_node-3] [INFO] [1770696854.641999556] [imu_filter]: Parameter RLController.pid_ki_ang set to 0.000000
[imu_filter_madgwick_node-3] [INFO] [1770696854.642062405] [imu_filter]: Parameter RLController.pid_kd_ang set to 0.101139
[imu_filter_madgwick_node-3] [INFO] [1770696855.045176212] [imu_filter]: Parameter RLController.pid_kp_lin set to 1.261390
[imu_filter_madgwick_node-3] [INFO] [1770696855.045462970] [imu_filter]: Parameter RLController.pid_ki_lin set to 0.000000
[imu_filter_madgwick_node-3] [INFO] [1770696855.045639615] [imu_filter]: Parameter RLController.pid_kd_lin set to 0.020000
[imu_filter_madgwick_node-3] [INFO] [1770696855.045719392] [imu_filter]: Parameter RLController.pid_kp_ang set to 1.231137
[imu_filter_madgwick_node-3] [INFO] [1770696855.045778402] [imu_filter]: Parameter RLController.pid_ki_ang set to 0.000000
[imu_filter_madgwick_node-3] [INFO] [1770696855.045833379] [imu_filter]: Parameter RLController.pid_kd_ang set to 0.101139
[imu_filter_madgwick_node-3] [INFO] [1770696855.451812660] [imu_filter]: Parameter RLController.pid_kp_lin set to 1.261390
[imu_filter_madgwick_node-3] [INFO] [1770696855.452025177] [imu_filter]: Parameter RLController.pid_ki_lin set to 0.000000
[imu_filter_madgwick_node-3] [INFO] [1770696855.452736554] [imu_filter]: Parameter RLController.pid_kd_lin set to 0.020000
[imu_filter_madgwick_node-3] [INFO] [1770696855.452852109] [imu_filter]: Parameter RLController.pid_kp_ang set to 1.231137
[imu_filter_madgwick_node-3] [INFO] [1770696855.452917038] [imu_filter]: Parameter RLController.pid_ki_ang set to 0.000000
[imu_filter_madgwick_node-3] [INFO] [1770696855.452973711] [imu_filter]: Parameter RLController.pid_kd_ang set to 0.101139
[imu_filter_madgwick_node-3] [INFO] [1770696855.871362146] [imu_filter]: Parameter RLController.pid_kp_lin set to 1.261390
[imu_filter_madgwick_node-3] [INFO] [1770696855.871572903] [imu_filter]: Parameter RLController.pid_ki_lin set to 0.000000
[imu_filter_madgwick_node-3] [INFO] [1770696855.871650280] [imu_filter]: Parameter RLController.pid_kd_lin set to 0.020000
[imu_filter_madgwick_node-3] [INFO] [1770696855.871713034] [imu_filter]: Parameter RLController.pid_kp_ang set to 1.231137
[imu_filter_madgwick_node-3] [INFO] [1770696855.871771243] [imu_filter]: Parameter RLController.pid_ki_ang set to 0.000000
[imu_filter_madgwick_node-3] [INFO] [1770696855.871830189] [imu_filter]: Parameter RLController.pid_kd_ang set to 0.101139
[imu_filter_madgwick_node-3] [INFO] [1770696856.284104752] [imu_filter]: Parameter RLController.pid_kp_lin set to 1.261390
[imu_filter_madgwick_node-3] [INFO] [1770696856.284451705] [imu_filter]: Parameter RLController.pid_ki_lin set to 0.000000
[imu_filter_madgwick_node-3] [INFO] [1770696856.284587100] [imu_filter]: Parameter RLController.pid_kd_lin set to 0.020000
[imu_filter_madgwick_node-3] [INFO] [1770696856.284661309] [imu_filter]: Parameter RLController.pid_kp_ang set to 1.231137
[imu_filter_madgwick_node-3] [INFO] [1770696856.284723199] [imu_filter]: Parameter RLController.pid_ki_ang set to 0.000000
[imu_filter_madgwick_node-3] [INFO] [1770696856.284783456] [imu_filter]: Parameter RLController.pid_kd_ang set to 0.101139
[imu_filter_madgwick_node-3] [INFO] [1770696856.698023803] [imu_filter]: Parameter RLController.pid_kp_lin set to 1.261390
[imu_filter_madgwick_node-3] [INFO] [1770696856.698253056] [imu_filter]: Parameter RLController.pid_ki_lin set to 0.000000
[imu_filter_madgwick_node-3] [INFO] [1770696856.698461317] [imu_filter]: Parameter RLController.pid_kd_lin set to 0.020000
[imu_filter_madgwick_node-3] [INFO] [1770696856.698531782] [imu_filter]: Parameter RLController.pid_kp_ang set to 1.231137
[imu_filter_madgwick_node-3] [INFO] [1770696856.698589448] [imu_filter]: Parameter RLController.pid_ki_ang set to 0.000000
[imu_filter_madgwick_node-3] [INFO] [1770696856.698648201] [imu_filter]: Parameter RLController.pid_kd_ang set to 0.101139
[imu_filter_madgwick_node-3] [INFO] [1770696857.114495232] [imu_filter]: Parameter RLController.pid_kp_lin set to 1.261390
[imu_filter_madgwick_node-3] [INFO] [1770696857.114717446] [imu_filter]: Parameter RLController.pid_ki_lin set to 0.000000
[imu_filter_madgwick_node-3] [INFO] [1770696857.114837928] [imu_filter]: Parameter RLController.pid_kd_lin set to 0.020000
[imu_filter_madgwick_node-3] [INFO] [1770696857.114901994] [imu_filter]: Parameter RLController.pid_kp_ang set to 1.231137
[imu_filter_madgwick_node-3] [INFO] [1770696857.114962603] [imu_filter]: Parameter RLController.pid_ki_ang set to 0.000000
[imu_filter_madgwick_node-3] [INFO] [1770696857.115019245] [imu_filter]: Parameter RLController.pid_kd_ang set to 0.101139
[imu_filter_madgwick_node-3] [INFO] [1770696857.540066714] [imu_filter]: Parameter RLController.pid_kp_lin set to 1.261390
[imu_filter_madgwick_node-3] [INFO] [1770696857.540417378] [imu_filter]: Parameter RLController.pid_ki_lin set to 0.000000
[imu_filter_madgwick_node-3] [INFO] [1770696857.540500292] [imu_filter]: Parameter RLController.pid_kd_lin set to 0.020000
[imu_filter_madgwick_node-3] [INFO] [1770696857.540565382] [imu_filter]: Parameter RLController.pid_kp_ang set to 1.231137
[imu_filter_madgwick_node-3] [INFO] [1770696857.540623399] [imu_filter]: Parameter RLController.pid_ki_ang set to 0.000000
[imu_filter_madgwick_node-3] [INFO] [1770696857.540683304] [imu_filter]: Parameter RLController.pid_kd_ang set to 0.101139
[imu_filter_madgwick_node-3] [INFO] [1770696857.953074031] [imu_filter]: Parameter RLController.pid_kp_lin set to 1.261390
[imu_filter_madgwick_node-3] [INFO] [1770696857.953268531] [imu_filter]: Parameter RLController.pid_ki_lin set to 0.000000
[imu_filter_madgwick_node-3] [INFO] [1770696857.953341813] [imu_filter]: Parameter RLController.pid_kd_lin set to 0.020000
[imu_filter_madgwick_node-3] [INFO] [1770696857.953406487] [imu_filter]: Parameter RLController.pid_kp_ang set to 1.231137
[imu_filter_madgwick_node-3] [INFO] [1770696857.953465912] [imu_filter]: Parameter RLController.pid_ki_ang set to 0.000000
[imu_filter_madgwick_node-3] [INFO] [1770696857.953526713] [imu_filter]: Parameter RLController.pid_kd_ang set to 0.101139
[imu_filter_madgwick_node-3] [INFO] [1770696858.366992377] [imu_filter]: Parameter RLController.pid_kp_lin set to 1.261390
[imu_filter_madgwick_node-3] [INFO] [1770696858.367343041] [imu_filter]: Parameter RLController.pid_ki_lin set to 0.000000
[imu_filter_madgwick_node-3] [INFO] [1770696858.367430755] [imu_filter]: Parameter RLController.pid_kd_lin set to 0.020000
[imu_filter_madgwick_node-3] [INFO] [1770696858.367493637] [imu_filter]: Parameter RLController.pid_kp_ang set to 1.231137
[imu_filter_madgwick_node-3] [INFO] [1770696858.367548486] [imu_filter]: Parameter RLController.pid_ki_ang set to 0.000000
[imu_filter_madgwick_node-3] [INFO] [1770696858.367605031] [imu_filter]: Parameter RLController.pid_kd_ang set to 0.101139
[imu_filter_madgwick_node-3] [INFO] [1770696858.787008593] [imu_filter]: Parameter RLController.pid_kp_lin set to 1.261390
[imu_filter_madgwick_node-3] [INFO] [1770696858.787373594] [imu_filter]: Parameter RLController.pid_ki_lin set to 0.000000
[imu_filter_madgwick_node-3] [INFO] [1770696858.787474812] [imu_filter]: Parameter RLController.pid_kd_lin set to 0.020000
[imu_filter_madgwick_node-3] [INFO] [1770696858.787540318] [imu_filter]: Parameter RLController.pid_kp_ang set to 1.231137
[imu_filter_madgwick_node-3] [INFO] [1770696858.787599423] [imu_filter]: Parameter RLController.pid_ki_ang set to 0.000000
[imu_filter_madgwick_node-3] [INFO] [1770696858.787655712] [imu_filter]: Parameter RLController.pid_kd_ang set to 0.101139
[imu_filter_madgwick_node-3] [INFO] [1770696859.215047300] [imu_filter]: Parameter RLController.pid_kp_lin set to 1.261390
[imu_filter_madgwick_node-3] [INFO] [1770696859.215328587] [imu_filter]: Parameter RLController.pid_ki_lin set to 0.000000
[imu_filter_madgwick_node-3] [INFO] [1770696859.215410189] [imu_filter]: Parameter RLController.pid_kd_lin set to 0.020000
[imu_filter_madgwick_node-3] [INFO] [1770696859.215542256] [imu_filter]: Parameter RLController.pid_kp_ang set to 1.231137
[imu_filter_madgwick_node-3] [INFO] [1770696859.215672051] [imu_filter]: Parameter RLController.pid_ki_ang set to 0.000000
[imu_filter_madgwick_node-3] [INFO] [1770696859.215753397] [imu_filter]: Parameter RLController.pid_kd_ang set to 0.101139
[imu_filter_madgwick_node-3] [INFO] [1770696859.645177256] [imu_filter]: Parameter RLController.pid_kp_lin set to 1.261390
[imu_filter_madgwick_node-3] [INFO] [1770696859.645519824] [imu_filter]: Parameter RLController.pid_ki_lin set to 0.000000
[imu_filter_madgwick_node-3] [INFO] [1770696859.645600722] [imu_filter]: Parameter RLController.pid_kd_lin set to 0.020000
[imu_filter_madgwick_node-3] [INFO] [1770696859.645783734] [imu_filter]: Parameter RLController.pid_kp_ang set to 1.231137
[imu_filter_madgwick_node-3] [INFO] [1770696859.645848568] [imu_filter]: Parameter RLController.pid_ki_ang set to 0.000000
[imu_filter_madgwick_node-3] [INFO] [1770696859.645908025] [imu_filter]: Parameter RLController.pid_kd_ang set to 0.101139
[imu_filter_madgwick_node-3] [INFO] [1770696860.067832510] [imu_filter]: Parameter RLController.pid_kp_lin set to 1.261390
[imu_filter_madgwick_node-3] [INFO] [1770696860.068076452] [imu_filter]: Parameter RLController.pid_ki_lin set to 0.000000
[imu_filter_madgwick_node-3] [INFO] [1770696860.068143909] [imu_filter]: Parameter RLController.pid_kd_lin set to 0.020000
[imu_filter_madgwick_node-3] [INFO] [1770696860.068234471] [imu_filter]: Parameter RLController.pid_kp_ang set to 1.231137
[imu_filter_madgwick_node-3] [INFO] [1770696860.068296297] [imu_filter]: Parameter RLController.pid_ki_ang set to 0.000000
[imu_filter_madgwick_node-3] [INFO] [1770696860.068351914] [imu_filter]: Parameter RLController.pid_kd_ang set to 0.101139
[imu_filter_madgwick_node-3] [INFO] [1770696860.486350707] [imu_filter]: Parameter RLController.pid_kp_lin set to 1.261390
[imu_filter_madgwick_node-3] [INFO] [1770696860.486557368] [imu_filter]: Parameter RLController.pid_ki_lin set to 0.000000
[imu_filter_madgwick_node-3] [INFO] [1770696860.486630394] [imu_filter]: Parameter RLController.pid_kd_lin set to 0.020000
[imu_filter_madgwick_node-3] [INFO] [1770696860.486697947] [imu_filter]: Parameter RLController.pid_kp_ang set to 1.231137
[imu_filter_madgwick_node-3] [INFO] [1770696860.486756637] [imu_filter]: Parameter RLController.pid_ki_ang set to 0.000000
[imu_filter_madgwick_node-3] [INFO] [1770696860.486813854] [imu_filter]: Parameter RLController.pid_kd_ang set to 0.101139
[imu_filter_madgwick_node-3] [INFO] [1770696860.903421671] [imu_filter]: Parameter RLController.pid_kp_lin set to 1.261390
[imu_filter_madgwick_node-3] [INFO] [1770696860.903625740] [imu_filter]: Parameter RLController.pid_ki_lin set to 0.000000
[imu_filter_madgwick_node-3] [INFO] [1770696860.903701517] [imu_filter]: Parameter RLController.pid_kd_lin set to 0.020000
[imu_filter_madgwick_node-3] [INFO] [1770696860.903763343] [imu_filter]: Parameter RLController.pid_kp_ang set to 1.231137
[imu_filter_madgwick_node-3] [INFO] [1770696860.903822672] [imu_filter]: Parameter RLController.pid_ki_ang set to 0.000000
[imu_filter_madgwick_node-3] [INFO] [1770696860.903879698] [imu_filter]: Parameter RLController.pid_kd_ang set to 0.101139
[imu_filter_madgwick_node-3] [INFO] [1770696861.319037913] [imu_filter]: Parameter RLController.pid_kp_lin set to 1.261390
[imu_filter_madgwick_node-3] [INFO] [1770696861.319259646] [imu_filter]: Parameter RLController.pid_ki_lin set to 0.000000
[imu_filter_madgwick_node-3] [INFO] [1770696861.319340064] [imu_filter]: Parameter RLController.pid_kd_lin set to 0.020000
[imu_filter_madgwick_node-3] [INFO] [1770696861.319399937] [imu_filter]: Parameter RLController.pid_kp_ang set to 1.231137
[imu_filter_madgwick_node-3] [INFO] [1770696861.319457890] [imu_filter]: Parameter RLController.pid_ki_ang set to 0.000000
[imu_filter_madgwick_node-3] [INFO] [1770696861.319512484] [imu_filter]: Parameter RLController.pid_kd_ang set to 0.101139
[imu_filter_madgwick_node-3] [INFO] [1770696861.733048645] [imu_filter]: Parameter RLController.pid_kp_lin set to 1.261390
[imu_filter_madgwick_node-3] [INFO] [1770696861.733248682] [imu_filter]: Parameter RLController.pid_ki_lin set to 0.000000
[imu_filter_madgwick_node-3] [INFO] [1770696861.733318827] [imu_filter]: Parameter RLController.pid_kd_lin set to 0.020000
[imu_filter_madgwick_node-3] [INFO] [1770696861.733384877] [imu_filter]: Parameter RLController.pid_kp_ang set to 1.231137
[imu_filter_madgwick_node-3] [INFO] [1770696861.733444718] [imu_filter]: Parameter RLController.pid_ki_ang set to 0.000000
[imu_filter_madgwick_node-3] [INFO] [1770696861.733500144] [imu_filter]: Parameter RLController.pid_kd_ang set to 0.101139
[imu_filter_madgwick_node-3] [INFO] [1770696862.149902580] [imu_filter]: Parameter RLController.pid_kp_lin set to 1.261390
[imu_filter_madgwick_node-3] [INFO] [1770696862.150134137] [imu_filter]: Parameter RLController.pid_ki_lin set to 0.000000
[imu_filter_madgwick_node-3] [INFO] [1770696862.150226619] [imu_filter]: Parameter RLController.pid_kd_lin set to 0.020000
[imu_filter_madgwick_node-3] [INFO] [1770696862.150963116] [imu_filter]: Parameter RLController.pid_kp_ang set to 1.231137
[imu_filter_madgwick_node-3] [INFO] [1770696862.151116912] [imu_filter]: Parameter RLController.pid_ki_ang set to 0.000000
[imu_filter_madgwick_node-3] [INFO] [1770696862.151197330] [imu_filter]: Parameter RLController.pid_kd_ang set to 0.101139
[imu_filter_madgwick_node-3] [INFO] [1770696862.565663241] [imu_filter]: Parameter RLController.pid_kp_lin set to 1.261390
[imu_filter_madgwick_node-3] [INFO] [1770696862.565848877] [imu_filter]: Parameter RLController.pid_ki_lin set to 0.000000
[imu_filter_madgwick_node-3] [INFO] [1770696862.565923663] [imu_filter]: Parameter RLController.pid_kd_lin set to 0.020000
[imu_filter_madgwick_node-3] [INFO] [1770696862.565984688] [imu_filter]: Parameter RLController.pid_kp_ang set to 1.231137
[imu_filter_madgwick_node-3] [INFO] [1770696862.566038641] [imu_filter]: Parameter RLController.pid_ki_ang set to 0.000000
[imu_filter_madgwick_node-3] [INFO] [1770696862.566208757] [imu_filter]: Parameter RLController.pid_kd_ang set to 0.101139
[imu_filter_madgwick_node-3] [INFO] [1770696863.012636181] [imu_filter]: Parameter RLController.pid_kp_lin set to 1.261390
[imu_filter_madgwick_node-3] [INFO] [1770696863.012850074] [imu_filter]: Parameter RLController.pid_ki_lin set to 0.000000
[imu_filter_madgwick_node-3] [INFO] [1770696863.012920155] [imu_filter]: Parameter RLController.pid_kd_lin set to 0.020000
[imu_filter_madgwick_node-3] [INFO] [1770696863.012983229] [imu_filter]: Parameter RLController.pid_kp_ang set to 1.231137
[imu_filter_madgwick_node-3] [INFO] [1770696863.013042878] [imu_filter]: Parameter RLController.pid_ki_ang set to 0.000000
[imu_filter_madgwick_node-3] [INFO] [1770696863.013098912] [imu_filter]: Parameter RLController.pid_kd_ang set to 0.101139
[imu_filter_madgwick_node-3] [INFO] [1770696863.495465892] [imu_filter]: Parameter RLController.pid_kp_lin set to 1.261390
[imu_filter_madgwick_node-3] [INFO] [1770696863.495783564] [imu_filter]: Parameter RLController.pid_ki_lin set to 0.000000
[imu_filter_madgwick_node-3] [INFO] [1770696863.495862318] [imu_filter]: Parameter RLController.pid_kd_lin set to 0.020000
[imu_filter_madgwick_node-3] [INFO] [1770696863.495923599] [imu_filter]: Parameter RLController.pid_kp_ang set to 1.231137
[imu_filter_madgwick_node-3] [INFO] [1770696863.495980624] [imu_filter]: Parameter RLController.pid_ki_ang set to 0.000000
[imu_filter_madgwick_node-3] [INFO] [1770696863.496033106] [imu_filter]: Parameter RLController.pid_kd_ang set to 0.101139
[imu_filter_madgwick_node-3] [INFO] [1770696863.914700842] [imu_filter]: Parameter RLController.pid_kp_lin set to 1.261390
[imu_filter_madgwick_node-3] [INFO] [1770696863.915013202] [imu_filter]: Parameter RLController.pid_ki_lin set to 0.000000
[imu_filter_madgwick_node-3] [INFO] [1770696863.915095187] [imu_filter]: Parameter RLController.pid_kd_lin set to 0.020000
[imu_filter_madgwick_node-3] [INFO] [1770696863.915160597] [imu_filter]: Parameter RLController.pid_kp_ang set to 1.231137
[imu_filter_madgwick_node-3] [INFO] [1770696863.915216566] [imu_filter]: Parameter RLController.pid_ki_ang set to 0.000000
[imu_filter_madgwick_node-3] [INFO] [1770696863.915272632] [imu_filter]: Parameter RLController.pid_kd_ang set to 0.101139
[imu_filter_madgwick_node-3] [INFO] [1770696864.319818823] [imu_filter]: Parameter RLController.pid_kp_lin set to 1.261390
[imu_filter_madgwick_node-3] [INFO] [1770696864.320297331] [imu_filter]: Parameter RLController.pid_ki_lin set to 0.000000
[imu_filter_madgwick_node-3] [INFO] [1770696864.320426166] [imu_filter]: Parameter RLController.pid_kd_lin set to 0.020000
[imu_filter_madgwick_node-3] [INFO] [1770696864.322900559] [imu_filter]: Parameter RLController.pid_kp_ang set to 1.231137
[imu_filter_madgwick_node-3] [INFO] [1770696864.323063923] [imu_filter]: Parameter RLController.pid_ki_ang set to 0.000000
[imu_filter_madgwick_node-3] [INFO] [1770696864.326348928] [imu_filter]: Parameter RLController.pid_kd_ang set to 0.101139
[imu_filter_madgwick_node-3] [INFO] [1770696864.737218563] [imu_filter]: Parameter RLController.pid_kp_lin set to 1.261390
[imu_filter_madgwick_node-3] [INFO] [1770696864.737569387] [imu_filter]: Parameter RLController.pid_ki_lin set to 0.000000
[imu_filter_madgwick_node-3] [INFO] [1770696864.737651117] [imu_filter]: Parameter RLController.pid_kd_lin set to 0.020000
[imu_filter_madgwick_node-3] [INFO] [1770696864.737717070] [imu_filter]: Parameter RLController.pid_kp_ang set to 1.231137
[imu_filter_madgwick_node-3] [INFO] [1770696864.737827025] [imu_filter]: Parameter RLController.pid_ki_ang set to 0.000000
[imu_filter_madgwick_node-3] [INFO] [1770696864.737897491] [imu_filter]: Parameter RLController.pid_kd_ang set to 0.101139
[imu_filter_madgwick_node-3] [INFO] [1770696865.261623867] [imu_filter]: Parameter RLController.pid_kp_lin set to 1.261390
[imu_filter_madgwick_node-3] [INFO] [1770696865.261837952] [imu_filter]: Parameter RLController.pid_ki_lin set to 0.000000
[imu_filter_madgwick_node-3] [INFO] [1770696865.261914049] [imu_filter]: Parameter RLController.pid_kd_lin set to 0.020000
[imu_filter_madgwick_node-3] [INFO] [1770696865.261981763] [imu_filter]: Parameter RLController.pid_kp_ang set to 1.231137
[imu_filter_madgwick_node-3] [INFO] [1770696865.262040516] [imu_filter]: Parameter RLController.pid_ki_ang set to 0.000000
[imu_filter_madgwick_node-3] [INFO] [1770696865.262109734] [imu_filter]: Parameter RLController.pid_kd_ang set to 0.101139
[imu_filter_madgwick_node-3] [INFO] [1770696865.690738919] [imu_filter]: Parameter RLController.pid_kp_lin set to 1.261390
[imu_filter_madgwick_node-3] [INFO] [1770696865.693567913] [imu_filter]: Parameter RLController.pid_ki_lin set to 0.000000
[imu_filter_madgwick_node-3] [INFO] [1770696865.693767021] [imu_filter]: Parameter RLController.pid_kd_lin set to 0.020000
[imu_filter_madgwick_node-3] [INFO] [1770696865.693839023] [imu_filter]: Parameter RLController.pid_kp_ang set to 1.231137
[imu_filter_madgwick_node-3] [INFO] [1770696865.693898833] [imu_filter]: Parameter RLController.pid_ki_ang set to 0.000000
[imu_filter_madgwick_node-3] [INFO] [1770696865.693958610] [imu_filter]: Parameter RLController.pid_kd_ang set to 0.101139
[imu_filter_madgwick_node-3] [INFO] [1770696866.142265917] [imu_filter]: Parameter RLController.pid_kp_lin set to 1.261390
[imu_filter_madgwick_node-3] [INFO] [1770696866.142605349] [imu_filter]: Parameter RLController.pid_ki_lin set to 0.000000
[imu_filter_madgwick_node-3] [INFO] [1770696866.142682055] [imu_filter]: Parameter RLController.pid_kd_lin set to 0.020000
[imu_filter_madgwick_node-3] [INFO] [1770696866.142746216] [imu_filter]: Parameter RLController.pid_kp_ang set to 1.231137
[imu_filter_madgwick_node-3] [INFO] [1770696866.142803114] [imu_filter]: Parameter RLController.pid_ki_ang set to 0.000000
[imu_filter_madgwick_node-3] [INFO] [1770696866.142857131] [imu_filter]: Parameter RLController.pid_kd_ang set to 0.101139
[imu_filter_madgwick_node-3] [INFO] [1770696866.559209742] [imu_filter]: Parameter RLController.pid_kp_lin set to 1.261390
[imu_filter_madgwick_node-3] [INFO] [1770696866.559410739] [imu_filter]: Parameter RLController.pid_ki_lin set to 0.000000
[imu_filter_madgwick_node-3] [INFO] [1770696866.559489332] [imu_filter]: Parameter RLController.pid_kd_lin set to 0.020000
[imu_filter_madgwick_node-3] [INFO] [1770696866.559552918] [imu_filter]: Parameter RLController.pid_kp_ang set to 1.231137
[imu_filter_madgwick_node-3] [INFO] [1770696866.559611671] [imu_filter]: Parameter RLController.pid_ki_ang set to 0.000000
[imu_filter_madgwick_node-3] [INFO] [1770696866.559670329] [imu_filter]: Parameter RLController.pid_kd_ang set to 0.101139
[imu_filter_madgwick_node-3] [INFO] [1770696866.972294373] [imu_filter]: Parameter RLController.pid_kp_lin set to 1.261390
[imu_filter_madgwick_node-3] [INFO] [1770696866.972628172] [imu_filter]: Parameter RLController.pid_ki_lin set to 0.000000
[imu_filter_madgwick_node-3] [INFO] [1770696866.975615890] [imu_filter]: Parameter RLController.pid_kd_lin set to 0.020000
[imu_filter_madgwick_node-3] [INFO] [1770696866.975928505] [imu_filter]: Parameter RLController.pid_kp_ang set to 1.231137
[imu_filter_madgwick_node-3] [INFO] [1770696866.976020155] [imu_filter]: Parameter RLController.pid_ki_ang set to 0.000000
[imu_filter_madgwick_node-3] [INFO] [1770696866.976087037] [imu_filter]: Parameter RLController.pid_kd_ang set to 0.101139
[imu_filter_madgwick_node-3] [INFO] [1770696867.399466244] [imu_filter]: Parameter RLController.pid_kp_lin set to 1.261390
[imu_filter_madgwick_node-3] [INFO] [1770696867.399680617] [imu_filter]: Parameter RLController.pid_ki_lin set to 0.000000
[imu_filter_madgwick_node-3] [INFO] [1770696867.399753194] [imu_filter]: Parameter RLController.pid_kd_lin set to 0.020000
[imu_filter_madgwick_node-3] [INFO] [1770696867.399817516] [imu_filter]: Parameter RLController.pid_kp_ang set to 1.231137
[imu_filter_madgwick_node-3] [INFO] [1770696867.399873069] [imu_filter]: Parameter RLController.pid_ki_ang set to 0.000000
[imu_filter_madgwick_node-3] [INFO] [1770696867.399929742] [imu_filter]: Parameter RLController.pid_kd_ang set to 0.101139
[imu_filter_madgwick_node-3] [INFO] [1770696867.810858611] [imu_filter]: Parameter RLController.pid_kp_lin set to 1.261390
[imu_filter_madgwick_node-3] [INFO] [1770696867.811304061] [imu_filter]: Parameter RLController.pid_ki_lin set to 0.000000
[imu_filter_madgwick_node-3] [INFO] [1770696867.811383615] [imu_filter]: Parameter RLController.pid_kd_lin set to 0.020000
[imu_filter_madgwick_node-3] [INFO] [1770696867.811451841] [imu_filter]: Parameter RLController.pid_kp_ang set to 1.231137
[imu_filter_madgwick_node-3] [INFO] [1770696867.811514018] [imu_filter]: Parameter RLController.pid_ki_ang set to 0.000000
[imu_filter_madgwick_node-3] [INFO] [1770696867.811957260] [imu_filter]: Parameter RLController.pid_kd_ang set to 0.101139
[imu_filter_madgwick_node-3] [INFO] [1770696868.220070383] [imu_filter]: Parameter RLController.pid_kp_lin set to 1.261390
[imu_filter_madgwick_node-3] [INFO] [1770696868.220308597] [imu_filter]: Parameter RLController.pid_ki_lin set to 0.000000
[imu_filter_madgwick_node-3] [INFO] [1770696868.220389207] [imu_filter]: Parameter RLController.pid_kd_lin set to 0.020000
[imu_filter_madgwick_node-3] [INFO] [1770696868.220451736] [imu_filter]: Parameter RLController.pid_kp_ang set to 1.231137
[imu_filter_madgwick_node-3] [INFO] [1770696868.220508602] [imu_filter]: Parameter RLController.pid_ki_ang set to 0.000000
[imu_filter_madgwick_node-3] [INFO] [1770696868.220566619] [imu_filter]: Parameter RLController.pid_kd_ang set to 0.101139
[imu_filter_madgwick_node-3] [INFO] [1770696868.638271005] [imu_filter]: Parameter RLController.pid_kp_lin set to 1.261390
[imu_filter_madgwick_node-3] [INFO] [1770696868.638460450] [imu_filter]: Parameter RLController.pid_ki_lin set to 0.000000
[imu_filter_madgwick_node-3] [INFO] [1770696868.638533699] [imu_filter]: Parameter RLController.pid_kd_lin set to 0.020000
[imu_filter_madgwick_node-3] [INFO] [1770696868.638597957] [imu_filter]: Parameter RLController.pid_kp_ang set to 1.231137
[imu_filter_madgwick_node-3] [INFO] [1770696868.638654470] [imu_filter]: Parameter RLController.pid_ki_ang set to 0.000000
[imu_filter_madgwick_node-3] [INFO] [1770696868.638707656] [imu_filter]: Parameter RLController.pid_kd_ang set to 0.101139
[imu_filter_madgwick_node-3] [INFO] [1770696869.057021432] [imu_filter]: Parameter RLController.pid_kp_lin set to 1.261390
[imu_filter_madgwick_node-3] [INFO] [1770696869.057237437] [imu_filter]: Parameter RLController.pid_ki_lin set to 0.000000
[imu_filter_madgwick_node-3] [INFO] [1770696869.057430946] [imu_filter]: Parameter RLController.pid_kd_lin set to 0.020000
[imu_filter_madgwick_node-3] [INFO] [1770696869.057499587] [imu_filter]: Parameter RLController.pid_kp_ang set to 1.231137
[imu_filter_madgwick_node-3] [INFO] [1770696869.057558277] [imu_filter]: Parameter RLController.pid_ki_ang set to 0.000000
[imu_filter_madgwick_node-3] [INFO] [1770696869.057618310] [imu_filter]: Parameter RLController.pid_kd_ang set to 0.101139
[imu_filter_madgwick_node-3] [INFO] [1770696869.482281482] [imu_filter]: Parameter RLController.pid_kp_lin set to 1.261390
[imu_filter_madgwick_node-3] [INFO] [1770696869.482632915] [imu_filter]: Parameter RLController.pid_ki_lin set to 0.000000
[imu_filter_madgwick_node-3] [INFO] [1770696869.482711316] [imu_filter]: Parameter RLController.pid_kd_lin set to 0.020000
[imu_filter_madgwick_node-3] [INFO] [1770696869.482775126] [imu_filter]: Parameter RLController.pid_kp_ang set to 1.231137
[imu_filter_madgwick_node-3] [INFO] [1770696869.482833239] [imu_filter]: Parameter RLController.pid_ki_ang set to 0.000000
[imu_filter_madgwick_node-3] [INFO] [1770696869.482890041] [imu_filter]: Parameter RLController.pid_kd_ang set to 0.101139
[imu_filter_madgwick_node-3] [INFO] [1770696869.905784244] [imu_filter]: Parameter RLController.pid_kp_lin set to 1.261390
[imu_filter_madgwick_node-3] [INFO] [1770696869.906119804] [imu_filter]: Parameter RLController.pid_ki_lin set to 0.000000
[imu_filter_madgwick_node-3] [INFO] [1770696869.906232350] [imu_filter]: Parameter RLController.pid_kd_lin set to 0.020000
[imu_filter_madgwick_node-3] [INFO] [1770696869.906306912] [imu_filter]: Parameter RLController.pid_kp_ang set to 1.231137
[imu_filter_madgwick_node-3] [INFO] [1770696869.906365825] [imu_filter]: Parameter RLController.pid_ki_ang set to 0.000000
[imu_filter_madgwick_node-3] [INFO] [1770696869.906426275] [imu_filter]: Parameter RLController.pid_kd_ang set to 0.101139
[imu_filter_madgwick_node-3] [INFO] [1770696870.318774216] [imu_filter]: Parameter RLController.pid_kp_lin set to 1.261390
[imu_filter_madgwick_node-3] [INFO] [1770696870.318993678] [imu_filter]: Parameter RLController.pid_ki_lin set to 0.000000
[imu_filter_madgwick_node-3] [INFO] [1770696870.319234963] [imu_filter]: Parameter RLController.pid_kd_lin set to 0.020000
[imu_filter_madgwick_node-3] [INFO] [1770696870.319312949] [imu_filter]: Parameter RLController.pid_kp_ang set to 1.231137
[imu_filter_madgwick_node-3] [INFO] [1770696870.319371862] [imu_filter]: Parameter RLController.pid_ki_ang set to 0.000000
[imu_filter_madgwick_node-3] [INFO] [1770696870.319428280] [imu_filter]: Parameter RLController.pid_kd_ang set to 0.101139
[imu_filter_madgwick_node-3] [INFO] [1770696870.740214498] [imu_filter]: Parameter RLController.pid_kp_lin set to 1.261390
[imu_filter_madgwick_node-3] [INFO] [1770696870.740423399] [imu_filter]: Parameter RLController.pid_ki_lin set to 0.000000
[imu_filter_madgwick_node-3] [INFO] [1770696870.740490536] [imu_filter]: Parameter RLController.pid_kd_lin set to 0.020000
[imu_filter_madgwick_node-3] [INFO] [1770696870.740551978] [imu_filter]: Parameter RLController.pid_kp_ang set to 1.231137
[imu_filter_madgwick_node-3] [INFO] [1770696870.740606315] [imu_filter]: Parameter RLController.pid_ki_ang set to 0.000000
[imu_filter_madgwick_node-3] [INFO] [1770696870.740662860] [imu_filter]: Parameter RLController.pid_kd_ang set to 0.101139
[imu_filter_madgwick_node-3] [INFO] [1770696871.154178189] [imu_filter]: Parameter RLController.pid_kp_lin set to 1.261390
[imu_filter_madgwick_node-3] [INFO] [1770696871.154391922] [imu_filter]: Parameter RLController.pid_ki_lin set to 0.000000
[imu_filter_madgwick_node-3] [INFO] [1770696871.154472724] [imu_filter]: Parameter RLController.pid_kd_lin set to 0.020000
[imu_filter_madgwick_node-3] [INFO] [1770696871.154542166] [imu_filter]: Parameter RLController.pid_kp_ang set to 1.231137
[imu_filter_madgwick_node-3] [INFO] [1770696871.155101539] [imu_filter]: Parameter RLController.pid_ki_ang set to 0.000000
[imu_filter_madgwick_node-3] [INFO] [1770696871.155205093] [imu_filter]: Parameter RLController.pid_kd_ang set to 0.101139
[imu_filter_madgwick_node-3] [INFO] [1770696871.568709286] [imu_filter]: Parameter RLController.pid_kp_lin set to 1.261390
[imu_filter_madgwick_node-3] [INFO] [1770696871.569111503] [imu_filter]: Parameter RLController.pid_ki_lin set to 0.000000
[imu_filter_madgwick_node-3] [INFO] [1770696871.569222962] [imu_filter]: Parameter RLController.pid_kd_lin set to 0.020000
[imu_filter_madgwick_node-3] [INFO] [1770696871.569308404] [imu_filter]: Parameter RLController.pid_kp_ang set to 1.231137
[imu_filter_madgwick_node-3] [INFO] [1770696871.569374293] [imu_filter]: Parameter RLController.pid_ki_ang set to 0.000000
[imu_filter_madgwick_node-3] [INFO] [1770696871.569435894] [imu_filter]: Parameter RLController.pid_kd_ang set to 0.101139
[imu_filter_madgwick_node-3] [INFO] [1770696871.982434731] [imu_filter]: Parameter RLController.pid_kp_lin set to 1.261390
[imu_filter_madgwick_node-3] [INFO] [1770696871.982631600] [imu_filter]: Parameter RLController.pid_ki_lin set to 0.000000
[imu_filter_madgwick_node-3] [INFO] [1770696871.982707506] [imu_filter]: Parameter RLController.pid_kd_lin set to 0.020000
[imu_filter_madgwick_node-3] [INFO] [1770696871.982886486] [imu_filter]: Parameter RLController.pid_kp_ang set to 1.231137
[imu_filter_madgwick_node-3] [INFO] [1770696871.982951479] [imu_filter]: Parameter RLController.pid_ki_ang set to 0.000000
[imu_filter_madgwick_node-3] [INFO] [1770696871.983011353] [imu_filter]: Parameter RLController.pid_kd_ang set to 0.101139
[imu_filter_madgwick_node-3] [INFO] [1770696872.404700312] [imu_filter]: Parameter RLController.pid_kp_lin set to 1.261390
[imu_filter_madgwick_node-3] [INFO] [1770696872.405041024] [imu_filter]: Parameter RLController.pid_ki_lin set to 0.000000
[imu_filter_madgwick_node-3] [INFO] [1770696872.405119874] [imu_filter]: Parameter RLController.pid_kd_lin set to 0.020000
[imu_filter_madgwick_node-3] [INFO] [1770696872.405183779] [imu_filter]: Parameter RLController.pid_kp_ang set to 1.231137
[imu_filter_madgwick_node-3] [INFO] [1770696872.405241828] [imu_filter]: Parameter RLController.pid_ki_ang set to 0.000000
[imu_filter_madgwick_node-3] [INFO] [1770696872.405297414] [imu_filter]: Parameter RLController.pid_kd_ang set to 0.101139
[imu_filter_madgwick_node-3] [INFO] [1770696872.811892997] [imu_filter]: Parameter RLController.pid_kp_lin set to 1.261390
[imu_filter_madgwick_node-3] [INFO] [1770696872.812127851] [imu_filter]: Parameter RLController.pid_ki_lin set to 0.000000
[imu_filter_madgwick_node-3] [INFO] [1770696872.812236013] [imu_filter]: Parameter RLController.pid_kd_lin set to 0.020000
[imu_filter_madgwick_node-3] [INFO] [1770696872.812308495] [imu_filter]: Parameter RLController.pid_kp_ang set to 1.231137
[imu_filter_madgwick_node-3] [INFO] [1770696872.812366960] [imu_filter]: Parameter RLController.pid_ki_ang set to 0.000000
[imu_filter_madgwick_node-3] [INFO] [1770696872.812428146] [imu_filter]: Parameter RLController.pid_kd_ang set to 0.101139
[imu_filter_madgwick_node-3] [INFO] [1770696873.233331295] [imu_filter]: Parameter RLController.pid_kp_lin set to 1.261390
[imu_filter_madgwick_node-3] [INFO] [1770696873.233697383] [imu_filter]: Parameter RLController.pid_ki_lin set to 0.000000
[imu_filter_madgwick_node-3] [INFO] [1770696873.233783945] [imu_filter]: Parameter RLController.pid_kd_lin set to 0.020000
[imu_filter_madgwick_node-3] [INFO] [1770696873.233850859] [imu_filter]: Parameter RLController.pid_kp_ang set to 1.231137
[imu_filter_madgwick_node-3] [INFO] [1770696873.233909292] [imu_filter]: Parameter RLController.pid_ki_ang set to 0.000000
[imu_filter_madgwick_node-3] [INFO] [1770696873.233966638] [imu_filter]: Parameter RLController.pid_kd_ang set to 0.101139
[imu_filter_madgwick_node-3] [INFO] [1770696873.646600314] [imu_filter]: Parameter RLController.pid_kp_lin set to 1.261390
[imu_filter_madgwick_node-3] [INFO] [1770696873.646793886] [imu_filter]: Parameter RLController.pid_ki_lin set to 0.000000
[imu_filter_madgwick_node-3] [INFO] [1770696873.646865536] [imu_filter]: Parameter RLController.pid_kd_lin set to 0.020000
[imu_filter_madgwick_node-3] [INFO] [1770696873.646933698] [imu_filter]: Parameter RLController.pid_kp_ang set to 1.231137
[imu_filter_madgwick_node-3] [INFO] [1770696873.646994595] [imu_filter]: Parameter RLController.pid_ki_ang set to 0.000000
[imu_filter_madgwick_node-3] [INFO] [1770696873.647057956] [imu_filter]: Parameter RLController.pid_kd_ang set to 0.101139
[imu_filter_madgwick_node-3] [INFO] [1770696874.068651521] [imu_filter]: Parameter RLController.pid_kp_lin set to 1.261390
[imu_filter_madgwick_node-3] [INFO] [1770696874.068981673] [imu_filter]: Parameter RLController.pid_ki_lin set to 0.000000
[imu_filter_madgwick_node-3] [INFO] [1770696874.069064619] [imu_filter]: Parameter RLController.pid_kd_lin set to 0.020000
[imu_filter_madgwick_node-3] [INFO] [1770696874.069134765] [imu_filter]: Parameter RLController.pid_kp_ang set to 1.231137
[imu_filter_madgwick_node-3] [INFO] [1770696874.069193070] [imu_filter]: Parameter RLController.pid_ki_ang set to 0.000000
[imu_filter_madgwick_node-3] [INFO] [1770696874.069250063] [imu_filter]: Parameter RLController.pid_kd_ang set to 0.101139
[imu_filter_madgwick_node-3] [INFO] [1770696874.491141683] [imu_filter]: Parameter RLController.pid_kp_lin set to 1.261390
[imu_filter_madgwick_node-3] [INFO] [1770696874.491372985] [imu_filter]: Parameter RLController.pid_ki_lin set to 0.000000
[imu_filter_madgwick_node-3] [INFO] [1770696874.491445338] [imu_filter]: Parameter RLController.pid_kd_lin set to 0.020000
[imu_filter_madgwick_node-3] [INFO] [1770696874.491509212] [imu_filter]: Parameter RLController.pid_kp_ang set to 1.231137
[imu_filter_madgwick_node-3] [INFO] [1770696874.491568157] [imu_filter]: Parameter RLController.pid_ki_ang set to 0.000000
[imu_filter_madgwick_node-3] [INFO] [1770696874.491628095] [imu_filter]: Parameter RLController.pid_kd_ang set to 0.101139
[imu_filter_madgwick_node-3] [INFO] [1770696874.901817202] [imu_filter]: Parameter RLController.pid_kp_lin set to 1.261390
[imu_filter_madgwick_node-3] [INFO] [1770696874.904014341] [imu_filter]: Parameter RLController.pid_ki_lin set to 0.000000
[imu_filter_madgwick_node-3] [INFO] [1770696874.904214858] [imu_filter]: Parameter RLController.pid_kd_lin set to 0.020000
[imu_filter_madgwick_node-3] [INFO] [1770696874.904292108] [imu_filter]: Parameter RLController.pid_kp_ang set to 1.231137
[imu_filter_madgwick_node-3] [INFO] [1770696874.904379822] [imu_filter]: Parameter RLController.pid_ki_ang set to 0.000000
[imu_filter_madgwick_node-3] [INFO] [1770696874.904551506] [imu_filter]: Parameter RLController.pid_kd_ang set to 0.101139
[imu_filter_madgwick_node-3] [INFO] [1770696875.322361430] [imu_filter]: Parameter RLController.pid_kp_lin set to 1.261390
[imu_filter_madgwick_node-3] [INFO] [1770696875.322595868] [imu_filter]: Parameter RLController.pid_ki_lin set to 0.000000
[imu_filter_madgwick_node-3] [INFO] [1770696875.322675486] [imu_filter]: Parameter RLController.pid_kd_lin set to 0.020000
[imu_filter_madgwick_node-3] [INFO] [1770696875.322741311] [imu_filter]: Parameter RLController.pid_kp_ang set to 1.231137
[imu_filter_madgwick_node-3] [INFO] [1770696875.322798177] [imu_filter]: Parameter RLController.pid_ki_ang set to 0.000000
[imu_filter_madgwick_node-3] [INFO] [1770696875.322855586] [imu_filter]: Parameter RLController.pid_kd_ang set to 0.101139
[imu_filter_madgwick_node-3] [INFO] [1770696875.735564880] [imu_filter]: Parameter RLController.pid_kp_lin set to 1.261390
[imu_filter_madgwick_node-3] [INFO] [1770696875.735831382] [imu_filter]: Parameter RLController.pid_ki_lin set to 0.000000
[imu_filter_madgwick_node-3] [INFO] [1770696875.741123121] [imu_filter]: Parameter RLController.pid_kd_lin set to 0.020000
[imu_filter_madgwick_node-3] [INFO] [1770696875.741561052] [imu_filter]: Parameter RLController.pid_kp_ang set to 1.231137
[imu_filter_madgwick_node-3] [INFO] [1770696875.741710335] [imu_filter]: Parameter RLController.pid_ki_ang set to 0.000000
[imu_filter_madgwick_node-3] [INFO] [1770696875.741782529] [imu_filter]: Parameter RLController.pid_kd_ang set to 0.101139
[imu_filter_madgwick_node-3] [INFO] [1770696876.148463074] [imu_filter]: Parameter RLController.pid_kp_lin set to 1.261390
[imu_filter_madgwick_node-3] [INFO] [1770696876.148684456] [imu_filter]: Parameter RLController.pid_ki_lin set to 0.000000
[imu_filter_madgwick_node-3] [INFO] [1770696876.148757961] [imu_filter]: Parameter RLController.pid_kd_lin set to 0.020000
[imu_filter_madgwick_node-3] [INFO] [1770696876.148821451] [imu_filter]: Parameter RLController.pid_kp_ang set to 1.231137
[imu_filter_madgwick_node-3] [INFO] [1770696876.148879724] [imu_filter]: Parameter RLController.pid_ki_ang set to 0.000000
[imu_filter_madgwick_node-3] [INFO] [1770696876.148938605] [imu_filter]: Parameter RLController.pid_kd_ang set to 0.101139
[imu_filter_madgwick_node-3] [INFO] [1770696876.559974292] [imu_filter]: Parameter RLController.pid_kp_lin set to 1.261390
[imu_filter_madgwick_node-3] [INFO] [1770696876.560245819] [imu_filter]: Parameter RLController.pid_ki_lin set to 0.000000
[imu_filter_madgwick_node-3] [INFO] [1770696876.560332605] [imu_filter]: Parameter RLController.pid_kd_lin set to 0.020000
[imu_filter_madgwick_node-3] [INFO] [1770696876.564990121] [imu_filter]: Parameter RLController.pid_kp_ang set to 1.231137
[imu_filter_madgwick_node-3] [INFO] [1770696876.565388051] [imu_filter]: Parameter RLController.pid_ki_ang set to 0.000000
[imu_filter_madgwick_node-3] [INFO] [1770696876.565534422] [imu_filter]: Parameter RLController.pid_kd_ang set to 0.101139
[imu_filter_madgwick_node-3] [INFO] [1770696876.976120115] [imu_filter]: Parameter RLController.pid_kp_lin set to 1.261390
[imu_filter_madgwick_node-3] [INFO] [1770696876.976362680] [imu_filter]: Parameter RLController.pid_ki_lin set to 0.000000
[imu_filter_madgwick_node-3] [INFO] [1770696876.976435162] [imu_filter]: Parameter RLController.pid_kd_lin set to 0.020000
[imu_filter_madgwick_node-3] [INFO] [1770696876.976497307] [imu_filter]: Parameter RLController.pid_kp_ang set to 1.231137
[imu_filter_madgwick_node-3] [INFO] [1770696876.976552221] [imu_filter]: Parameter RLController.pid_ki_ang set to 0.000000
[imu_filter_madgwick_node-3] [INFO] [1770696876.976611774] [imu_filter]: Parameter RLController.pid_kd_ang set to 0.101139
[imu_filter_madgwick_node-3] [INFO] [1770696877.390251842] [imu_filter]: Parameter RLController.pid_kp_lin set to 1.261390
[imu_filter_madgwick_node-3] [INFO] [1770696877.390475943] [imu_filter]: Parameter RLController.pid_ki_lin set to 0.000000
[imu_filter_madgwick_node-3] [INFO] [1770696877.390549705] [imu_filter]: Parameter RLController.pid_kd_lin set to 0.020000
[imu_filter_madgwick_node-3] [INFO] [1770696877.390609674] [imu_filter]: Parameter RLController.pid_kp_ang set to 1.231137
[imu_filter_madgwick_node-3] [INFO] [1770696877.390665003] [imu_filter]: Parameter RLController.pid_ki_ang set to 0.000000
[imu_filter_madgwick_node-3] [INFO] [1770696877.390721069] [imu_filter]: Parameter RLController.pid_kd_ang set to 0.101139
[imu_filter_madgwick_node-3] [INFO] [1770696877.812155686] [imu_filter]: Parameter RLController.pid_kp_lin set to 1.261390
[imu_filter_madgwick_node-3] [INFO] [1770696877.812597168] [imu_filter]: Parameter RLController.pid_ki_lin set to 0.000000
[imu_filter_madgwick_node-3] [INFO] [1770696877.812711891] [imu_filter]: Parameter RLController.pid_kd_lin set to 0.020000
[imu_filter_madgwick_node-3] [INFO] [1770696877.812780852] [imu_filter]: Parameter RLController.pid_kp_ang set to 1.231137
[imu_filter_madgwick_node-3] [INFO] [1770696877.812956313] [imu_filter]: Parameter RLController.pid_ki_ang set to 0.000000
[imu_filter_madgwick_node-3] [INFO] [1770696877.813031482] [imu_filter]: Parameter RLController.pid_kd_ang set to 0.101139
[imu_filter_madgwick_node-3] [INFO] [1770696878.227758519] [imu_filter]: Parameter RLController.pid_kp_lin set to 1.261390
[imu_filter_madgwick_node-3] [INFO] [1770696878.228113600] [imu_filter]: Parameter RLController.pid_ki_lin set to 0.000000
[imu_filter_madgwick_node-3] [INFO] [1770696878.228235426] [imu_filter]: Parameter RLController.pid_kd_lin set to 0.020000
[imu_filter_madgwick_node-3] [INFO] [1770696878.228300580] [imu_filter]: Parameter RLController.pid_kp_ang set to 1.231137
[imu_filter_madgwick_node-3] [INFO] [1770696878.228359173] [imu_filter]: Parameter RLController.pid_ki_ang set to 0.000000
[imu_filter_madgwick_node-3] [INFO] [1770696878.228418887] [imu_filter]: Parameter RLController.pid_kd_ang set to 0.101139
[imu_filter_madgwick_node-3] [INFO] [1770696878.644174012] [imu_filter]: Parameter RLController.pid_kp_lin set to 1.261390
[imu_filter_madgwick_node-3] [INFO] [1770696878.644385377] [imu_filter]: Parameter RLController.pid_ki_lin set to 0.000000
[imu_filter_madgwick_node-3] [INFO] [1770696878.647412743] [imu_filter]: Parameter RLController.pid_kd_lin set to 0.020000
[imu_filter_madgwick_node-3] [INFO] [1770696878.647715502] [imu_filter]: Parameter RLController.pid_kp_ang set to 1.231137
[imu_filter_madgwick_node-3] [INFO] [1770696878.647841553] [imu_filter]: Parameter RLController.pid_ki_ang set to 0.000000
[imu_filter_madgwick_node-3] [INFO] [1770696878.647940435] [imu_filter]: Parameter RLController.pid_kd_ang set to 0.101139
[imu_filter_madgwick_node-3] [INFO] [1770696879.053316471] [imu_filter]: Parameter RLController.pid_kp_lin set to 1.261390
[imu_filter_madgwick_node-3] [INFO] [1770696879.053554524] [imu_filter]: Parameter RLController.pid_ki_lin set to 0.000000
[imu_filter_madgwick_node-3] [INFO] [1770696879.053637310] [imu_filter]: Parameter RLController.pid_kd_lin set to 0.020000
[imu_filter_madgwick_node-3] [INFO] [1770696879.053706912] [imu_filter]: Parameter RLController.pid_kp_ang set to 1.231137
[imu_filter_madgwick_node-3] [INFO] [1770696879.053781537] [imu_filter]: Parameter RLController.pid_ki_ang set to 0.000000
[imu_filter_madgwick_node-3] [INFO] [1770696879.053838659] [imu_filter]: Parameter RLController.pid_kd_ang set to 0.101139
[imu_filter_madgwick_node-3] [INFO] [1770696879.490943689] [imu_filter]: Parameter RLController.pid_kp_lin set to 1.261390
[imu_filter_madgwick_node-3] [INFO] [1770696879.491146862] [imu_filter]: Parameter RLController.pid_ki_lin set to 0.000000
[imu_filter_madgwick_node-3] [INFO] [1770696879.491218191] [imu_filter]: Parameter RLController.pid_kd_lin set to 0.020000
[imu_filter_madgwick_node-3] [INFO] [1770696879.491287857] [imu_filter]: Parameter RLController.pid_kp_ang set to 1.231137
[imu_filter_madgwick_node-3] [INFO] [1770696879.496751760] [imu_filter]: Parameter RLController.pid_ki_ang set to 0.000000
[imu_filter_madgwick_node-3] [INFO] [1770696879.496951829] [imu_filter]: Parameter RLController.pid_kd_ang set to 0.101139
[imu_filter_madgwick_node-3] [INFO] [1770696879.917799489] [imu_filter]: Parameter RLController.pid_kp_lin set to 1.261390
[imu_filter_madgwick_node-3] [INFO] [1770696879.918050438] [imu_filter]: Parameter RLController.pid_ki_lin set to 0.000000
[imu_filter_madgwick_node-3] [INFO] [1770696879.918131720] [imu_filter]: Parameter RLController.pid_kd_lin set to 0.020000
[imu_filter_madgwick_node-3] [INFO] [1770696879.918193290] [imu_filter]: Parameter RLController.pid_kp_ang set to 1.231137
[imu_filter_madgwick_node-3] [INFO] [1770696879.918248139] [imu_filter]: Parameter RLController.pid_ki_ang set to 0.000000
[imu_filter_madgwick_node-3] [INFO] [1770696879.918300940] [imu_filter]: Parameter RLController.pid_kd_ang set to 0.101139
[imu_filter_madgwick_node-3] [INFO] [1770696880.341763669] [imu_filter]: Parameter RLController.pid_kp_lin set to 1.261390
[imu_filter_madgwick_node-3] [INFO] [1770696880.341984410] [imu_filter]: Parameter RLController.pid_ki_lin set to 0.000000
[imu_filter_madgwick_node-3] [INFO] [1770696880.342055868] [imu_filter]: Parameter RLController.pid_kd_lin set to 0.020000
[imu_filter_madgwick_node-3] [INFO] [1770696880.344749402] [imu_filter]: Parameter RLController.pid_kp_ang set to 1.231137
[imu_filter_madgwick_node-3] [INFO] [1770696880.344916094] [imu_filter]: Parameter RLController.pid_ki_ang set to 0.000000
[imu_filter_madgwick_node-3] [INFO] [1770696880.345000960] [imu_filter]: Parameter RLController.pid_kd_ang set to 0.101139
[imu_filter_madgwick_node-3] [INFO] [1770696880.767937564] [imu_filter]: Parameter RLController.pid_kp_lin set to 1.261390
[imu_filter_madgwick_node-3] [INFO] [1770696880.768272516] [imu_filter]: Parameter RLController.pid_ki_lin set to 0.000000
[imu_filter_madgwick_node-3] [INFO] [1770696880.768397543] [imu_filter]: Parameter RLController.pid_kd_lin set to 0.020000
[imu_filter_madgwick_node-3] [INFO] [1770696880.768474601] [imu_filter]: Parameter RLController.pid_kp_ang set to 1.231137
[imu_filter_madgwick_node-3] [INFO] [1770696880.768540331] [imu_filter]: Parameter RLController.pid_ki_ang set to 0.000000
[imu_filter_madgwick_node-3] [INFO] [1770696880.768601292] [imu_filter]: Parameter RLController.pid_kd_ang set to 0.101139
[imu_filter_madgwick_node-3] [INFO] [1770696881.172152965] [imu_filter]: Parameter RLController.pid_kp_lin set to 1.261390
[imu_filter_madgwick_node-3] [INFO] [1770696881.172404138] [imu_filter]: Parameter RLController.pid_ki_lin set to 0.000000
[imu_filter_madgwick_node-3] [INFO] [1770696881.172609711] [imu_filter]: Parameter RLController.pid_kd_lin set to 0.020000
[imu_filter_madgwick_node-3] [INFO] [1770696881.172689009] [imu_filter]: Parameter RLController.pid_kp_ang set to 1.231137
[imu_filter_madgwick_node-3] [INFO] [1770696881.172750995] [imu_filter]: Parameter RLController.pid_ki_ang set to 0.000000
[imu_filter_madgwick_node-3] [INFO] [1770696881.172816468] [imu_filter]: Parameter RLController.pid_kd_ang set to 0.101139
[imu_filter_madgwick_node-3] [INFO] [1770696881.587799415] [imu_filter]: Parameter RLController.pid_kp_lin set to 1.261390
[imu_filter_madgwick_node-3] [INFO] [1770696881.588004732] [imu_filter]: Parameter RLController.pid_ki_lin set to 0.000000
[imu_filter_madgwick_node-3] [INFO] [1770696881.588075358] [imu_filter]: Parameter RLController.pid_kd_lin set to 0.020000
[imu_filter_madgwick_node-3] [INFO] [1770696881.588151871] [imu_filter]: Parameter RLController.pid_kp_ang set to 1.231137
[imu_filter_madgwick_node-3] [INFO] [1770696881.591671249] [imu_filter]: Parameter RLController.pid_ki_ang set to 0.000000
[imu_filter_madgwick_node-3] [INFO] [1770696881.591977240] [imu_filter]: Parameter RLController.pid_kd_ang set to 0.101139
[imu_filter_madgwick_node-3] [INFO] [1770696881.999659793] [imu_filter]: Parameter RLController.pid_kp_lin set to 1.261390
[imu_filter_madgwick_node-3] [INFO] [1770696881.999904151] [imu_filter]: Parameter RLController.pid_ki_lin set to 0.000000
[imu_filter_madgwick_node-3] [INFO] [1770696882.000014266] [imu_filter]: Parameter RLController.pid_kd_lin set to 0.020000
[imu_filter_madgwick_node-3] [INFO] [1770696882.000109148] [imu_filter]: Parameter RLController.pid_kp_ang set to 1.231137
[imu_filter_madgwick_node-3] [INFO] [1770696882.000173661] [imu_filter]: Parameter RLController.pid_ki_ang set to 0.000000
[imu_filter_madgwick_node-3] [INFO] [1770696882.000304896] [imu_filter]: Parameter RLController.pid_kd_ang set to 0.101139
[imu_filter_madgwick_node-3] [INFO] [1770696882.422221413] [imu_filter]: Parameter RLController.pid_kp_lin set to 1.261390
[imu_filter_madgwick_node-3] [INFO] [1770696882.422412329] [imu_filter]: Parameter RLController.pid_ki_lin set to 0.000000
[imu_filter_madgwick_node-3] [INFO] [1770696882.422478987] [imu_filter]: Parameter RLController.pid_kd_lin set to 0.020000
[imu_filter_madgwick_node-3] [INFO] [1770696882.424246932] [imu_filter]: Parameter RLController.pid_kp_ang set to 1.231137
[imu_filter_madgwick_node-3] [INFO] [1770696882.429158982] [imu_filter]: Parameter RLController.pid_ki_ang set to 0.000000
[imu_filter_madgwick_node-3] [INFO] [1770696882.429512111] [imu_filter]: Parameter RLController.pid_kd_ang set to 0.101139
[imu_filter_madgwick_node-3] [INFO] [1770696882.833697590] [imu_filter]: Parameter RLController.pid_kp_lin set to 1.261390
[imu_filter_madgwick_node-3] [INFO] [1770696882.836598682] [imu_filter]: Parameter RLController.pid_ki_lin set to 0.000000
[imu_filter_madgwick_node-3] [INFO] [1770696882.837115814] [imu_filter]: Parameter RLController.pid_kd_lin set to 0.020000
[imu_filter_madgwick_node-3] [INFO] [1770696882.837213224] [imu_filter]: Parameter RLController.pid_kp_ang set to 1.231137
[imu_filter_madgwick_node-3] [INFO] [1770696882.837319979] [imu_filter]: Parameter RLController.pid_ki_ang set to 0.000000
[imu_filter_madgwick_node-3] [INFO] [1770696882.837394060] [imu_filter]: Parameter RLController.pid_kd_ang set to 0.101139
[imu_filter_madgwick_node-3] [INFO] [1770696883.243846569] [imu_filter]: Parameter RLController.pid_kp_lin set to 1.261390
[imu_filter_madgwick_node-3] [INFO] [1770696883.244074862] [imu_filter]: Parameter RLController.pid_ki_lin set to 0.000000
[imu_filter_madgwick_node-3] [INFO] [1770696883.244296243] [imu_filter]: Parameter RLController.pid_kd_lin set to 0.020000
[imu_filter_madgwick_node-3] [INFO] [1770696883.244384085] [imu_filter]: Parameter RLController.pid_kp_ang set to 1.231137
[imu_filter_madgwick_node-3] [INFO] [1770696883.244452215] [imu_filter]: Parameter RLController.pid_ki_ang set to 0.000000
[imu_filter_madgwick_node-3] [INFO] [1770696883.244510872] [imu_filter]: Parameter RLController.pid_kd_ang set to 0.101139
[imu_filter_madgwick_node-3] [INFO] [1770696883.657951287] [imu_filter]: Parameter RLController.pid_kp_lin set to 1.261390
[imu_filter_madgwick_node-3] [INFO] [1770696883.660947741] [imu_filter]: Parameter RLController.pid_ki_lin set to 0.000000
[imu_filter_madgwick_node-3] [INFO] [1770696883.661120833] [imu_filter]: Parameter RLController.pid_kd_lin set to 0.020000
[imu_filter_madgwick_node-3] [INFO] [1770696883.661190818] [imu_filter]: Parameter RLController.pid_kp_ang set to 1.231137
[imu_filter_madgwick_node-3] [INFO] [1770696883.661251076] [imu_filter]: Parameter RLController.pid_ki_ang set to 0.000000
[imu_filter_madgwick_node-3] [INFO] [1770696883.661309669] [imu_filter]: Parameter RLController.pid_kd_ang set to 0.101139
[imu_filter_madgwick_node-3] [INFO] [1770696884.076820437] [imu_filter]: Parameter RLController.pid_kp_lin set to 1.261390
[imu_filter_madgwick_node-3] [INFO] [1770696884.077032473] [imu_filter]: Parameter RLController.pid_ki_lin set to 0.000000
[imu_filter_madgwick_node-3] [INFO] [1770696884.077103291] [imu_filter]: Parameter RLController.pid_kd_lin set to 0.020000
[imu_filter_madgwick_node-3] [INFO] [1770696884.077168285] [imu_filter]: Parameter RLController.pid_kp_ang set to 1.231137
[imu_filter_madgwick_node-3] [INFO] [1770696884.077438403] [imu_filter]: Parameter RLController.pid_ki_ang set to 0.000000
[imu_filter_madgwick_node-3] [INFO] [1770696884.077510277] [imu_filter]: Parameter RLController.pid_kd_ang set to 0.101139
[imu_filter_madgwick_node-3] [INFO] [1770696884.505184047] [imu_filter]: Parameter RLController.pid_kp_lin set to 1.261390
[imu_filter_madgwick_node-3] [INFO] [1770696884.505386644] [imu_filter]: Parameter RLController.pid_ki_lin set to 0.000000
[imu_filter_madgwick_node-3] [INFO] [1770696884.507734443] [imu_filter]: Parameter RLController.pid_kd_lin set to 0.020000
[imu_filter_madgwick_node-3] [INFO] [1770696884.507880878] [imu_filter]: Parameter RLController.pid_kp_ang set to 1.231137
[imu_filter_madgwick_node-3] [INFO] [1770696884.508683201] [imu_filter]: Parameter RLController.pid_ki_ang set to 0.000000
[imu_filter_madgwick_node-3] [INFO] [1770696884.508784227] [imu_filter]: Parameter RLController.pid_kd_ang set to 0.101139
[imu_filter_madgwick_node-3] [INFO] [1770696884.922712653] [imu_filter]: Parameter RLController.pid_kp_lin set to 1.261390
[imu_filter_madgwick_node-3] [INFO] [1770696884.922910066] [imu_filter]: Parameter RLController.pid_ki_lin set to 0.000000
[imu_filter_madgwick_node-3] [INFO] [1770696884.925704915] [imu_filter]: Parameter RLController.pid_kd_lin set to 0.020000
[imu_filter_madgwick_node-3] [INFO] [1770696884.930059929] [imu_filter]: Parameter RLController.pid_kp_ang set to 1.231137
[imu_filter_madgwick_node-3] [INFO] [1770696884.930242141] [imu_filter]: Parameter RLController.pid_ki_ang set to 0.000000
[imu_filter_madgwick_node-3] [INFO] [1770696884.930310302] [imu_filter]: Parameter RLController.pid_kd_ang set to 0.101139
[imu_filter_madgwick_node-3] [INFO] [1770696885.360024153] [imu_filter]: Parameter RLController.pid_kp_lin set to 1.261390
[imu_filter_madgwick_node-3] [INFO] [1770696885.360308415] [imu_filter]: Parameter RLController.pid_ki_lin set to 0.000000
[imu_filter_madgwick_node-3] [INFO] [1770696885.360479875] [imu_filter]: Parameter RLController.pid_kd_lin set to 0.020000
[imu_filter_madgwick_node-3] [INFO] [1770696885.360721929] [imu_filter]: Parameter RLController.pid_kp_ang set to 1.231137
[imu_filter_madgwick_node-3] [INFO] [1770696885.360831787] [imu_filter]: Parameter RLController.pid_ki_ang set to 0.000000
[imu_filter_madgwick_node-3] [INFO] [1770696885.360897389] [imu_filter]: Parameter RLController.pid_kd_ang set to 0.101139
[imu_filter_madgwick_node-3] [INFO] [1770696885.768470371] [imu_filter]: Parameter RLController.pid_kp_lin set to 1.261390
[imu_filter_madgwick_node-3] [INFO] [1770696885.768688680] [imu_filter]: Parameter RLController.pid_ki_lin set to 0.000000
[imu_filter_madgwick_node-3] [INFO] [1770696885.768763690] [imu_filter]: Parameter RLController.pid_kd_lin set to 0.020000
[imu_filter_madgwick_node-3] [INFO] [1770696885.768831148] [imu_filter]: Parameter RLController.pid_kp_ang set to 1.231137
[imu_filter_madgwick_node-3] [INFO] [1770696885.768891789] [imu_filter]: Parameter RLController.pid_ki_ang set to 0.000000
[imu_filter_madgwick_node-3] [INFO] [1770696885.768950927] [imu_filter]: Parameter RLController.pid_kd_ang set to 0.101139
[imu_filter_madgwick_node-3] [INFO] [1770696886.180298845] [imu_filter]: Parameter RLController.pid_kp_lin set to 1.261390
[imu_filter_madgwick_node-3] [INFO] [1770696886.180507330] [imu_filter]: Parameter RLController.pid_ki_lin set to 0.000000
[imu_filter_madgwick_node-3] [INFO] [1770696886.180581987] [imu_filter]: Parameter RLController.pid_kd_lin set to 0.020000
[imu_filter_madgwick_node-3] [INFO] [1770696886.183254434] [imu_filter]: Parameter RLController.pid_kp_ang set to 1.231137
[imu_filter_madgwick_node-3] [INFO] [1770696886.183426022] [imu_filter]: Parameter RLController.pid_ki_ang set to 0.000000
[imu_filter_madgwick_node-3] [INFO] [1770696886.183797774] [imu_filter]: Parameter RLController.pid_kd_ang set to 0.101139
[imu_filter_madgwick_node-3] [INFO] [1770696886.592165559] [imu_filter]: Parameter RLController.pid_kp_lin set to 1.261390
[imu_filter_madgwick_node-3] [INFO] [1770696886.592394621] [imu_filter]: Parameter RLController.pid_ki_lin set to 0.000000
[imu_filter_madgwick_node-3] [INFO] [1770696886.592642050] [imu_filter]: Parameter RLController.pid_kd_lin set to 0.020000
[imu_filter_madgwick_node-3] [INFO] [1770696886.592763589] [imu_filter]: Parameter RLController.pid_kp_ang set to 1.231137
[imu_filter_madgwick_node-3] [INFO] [1770696886.592828327] [imu_filter]: Parameter RLController.pid_ki_ang set to 0.000000
[imu_filter_madgwick_node-3] [INFO] [1770696886.592889320] [imu_filter]: Parameter RLController.pid_kd_ang set to 0.101139
[imu_filter_madgwick_node-3] [INFO] [1770696887.015474076] [imu_filter]: Parameter RLController.pid_kp_lin set to 1.261390
[imu_filter_madgwick_node-3] [INFO] [1770696887.015697761] [imu_filter]: Parameter RLController.pid_ki_lin set to 0.000000
[imu_filter_madgwick_node-3] [INFO] [1770696887.015776483] [imu_filter]: Parameter RLController.pid_kd_lin set to 0.020000
[imu_filter_madgwick_node-3] [INFO] [1770696887.015840037] [imu_filter]: Parameter RLController.pid_kp_ang set to 1.231137
[imu_filter_madgwick_node-3] [INFO] [1770696887.015901350] [imu_filter]: Parameter RLController.pid_ki_ang set to 0.000000
[imu_filter_madgwick_node-3] [INFO] [1770696887.016079754] [imu_filter]: Parameter RLController.pid_kd_ang set to 0.101139
[imu_filter_madgwick_node-3] [INFO] [1770696887.427335446] [imu_filter]: Parameter RLController.pid_kp_lin set to 1.261390
[imu_filter_madgwick_node-3] [INFO] [1770696887.427594108] [imu_filter]: Parameter RLController.pid_ki_lin set to 0.000000
[imu_filter_madgwick_node-3] [INFO] [1770696887.427675454] [imu_filter]: Parameter RLController.pid_kd_lin set to 0.020000
[imu_filter_madgwick_node-3] [INFO] [1770696887.427739040] [imu_filter]: Parameter RLController.pid_kp_ang set to 1.231137
[imu_filter_madgwick_node-3] [INFO] [1770696887.427796993] [imu_filter]: Parameter RLController.pid_ki_ang set to 0.000000
[imu_filter_madgwick_node-3] [INFO] [1770696887.427854306] [imu_filter]: Parameter RLController.pid_kd_ang set to 0.101139
[imu_filter_madgwick_node-3] [INFO] [1770696887.840518351] [imu_filter]: Parameter RLController.pid_kp_lin set to 1.261390
[imu_filter_madgwick_node-3] [INFO] [1770696887.840721300] [imu_filter]: Parameter RLController.pid_ki_lin set to 0.000000
[imu_filter_madgwick_node-3] [INFO] [1770696887.840791798] [imu_filter]: Parameter RLController.pid_kd_lin set to 0.020000
[imu_filter_madgwick_node-3] [INFO] [1770696887.840855191] [imu_filter]: Parameter RLController.pid_kp_ang set to 1.231137
[imu_filter_madgwick_node-3] [INFO] [1770696887.840911673] [imu_filter]: Parameter RLController.pid_ki_ang set to 0.000000
[imu_filter_madgwick_node-3] [INFO] [1770696887.840966970] [imu_filter]: Parameter RLController.pid_kd_ang set to 0.101139
[imu_filter_madgwick_node-3] [INFO] [1770696888.261062836] [imu_filter]: Parameter RLController.pid_kp_lin set to 1.261390
[imu_filter_madgwick_node-3] [INFO] [1770696888.261282585] [imu_filter]: Parameter RLController.pid_ki_lin set to 0.000000
[imu_filter_madgwick_node-3] [INFO] [1770696888.261370395] [imu_filter]: Parameter RLController.pid_kd_lin set to 0.020000
[imu_filter_madgwick_node-3] [INFO] [1770696888.266670455] [imu_filter]: Parameter RLController.pid_kp_ang set to 1.231137
[imu_filter_madgwick_node-3] [INFO] [1770696888.279429792] [imu_filter]: Parameter RLController.pid_ki_ang set to 0.000000
[imu_filter_madgwick_node-3] [INFO] [1770696888.279645989] [imu_filter]: Parameter RLController.pid_kd_ang set to 0.101139
[imu_filter_madgwick_node-3] [INFO] [1770696888.674058345] [imu_filter]: Parameter RLController.pid_kp_lin set to 1.261390
[imu_filter_madgwick_node-3] [INFO] [1770696888.674271662] [imu_filter]: Parameter RLController.pid_ki_lin set to 0.000000
[imu_filter_madgwick_node-3] [INFO] [1770696888.674345967] [imu_filter]: Parameter RLController.pid_kd_lin set to 0.020000
[imu_filter_madgwick_node-3] [INFO] [1770696888.674408817] [imu_filter]: Parameter RLController.pid_kp_ang set to 1.231137
[imu_filter_madgwick_node-3] [INFO] [1770696888.674465490] [imu_filter]: Parameter RLController.pid_ki_ang set to 0.000000
[imu_filter_madgwick_node-3] [INFO] [1770696888.674520435] [imu_filter]: Parameter RLController.pid_kd_ang set to 0.101139
[imu_filter_madgwick_node-3] [INFO] [1770696889.105396201] [imu_filter]: Parameter RLController.pid_kp_lin set to 1.261390
[imu_filter_madgwick_node-3] [INFO] [1770696889.105621486] [imu_filter]: Parameter RLController.pid_ki_lin set to 0.000000
[imu_filter_madgwick_node-3] [INFO] [1770696889.105695664] [imu_filter]: Parameter RLController.pid_kd_lin set to 0.020000
[imu_filter_madgwick_node-3] [INFO] [1770696889.105760529] [imu_filter]: Parameter RLController.pid_kp_ang set to 1.231137
[imu_filter_madgwick_node-3] [INFO] [1770696889.105821683] [imu_filter]: Parameter RLController.pid_ki_ang set to 0.000000
[imu_filter_madgwick_node-3] [INFO] [1770696889.105882260] [imu_filter]: Parameter RLController.pid_kd_ang set to 0.101139
[imu_filter_madgwick_node-3] [INFO] [1770696889.533365370] [imu_filter]: Parameter RLController.pid_kp_lin set to 1.261390
[imu_filter_madgwick_node-3] [INFO] [1770696889.533564575] [imu_filter]: Parameter RLController.pid_ki_lin set to 0.000000
[imu_filter_madgwick_node-3] [INFO] [1770696889.533632224] [imu_filter]: Parameter RLController.pid_kd_lin set to 0.020000
[imu_filter_madgwick_node-3] [INFO] [1770696889.533692866] [imu_filter]: Parameter RLController.pid_kp_ang set to 1.231137
[imu_filter_madgwick_node-3] [INFO] [1770696889.533747843] [imu_filter]: Parameter RLController.pid_ki_ang set to 0.000000
[imu_filter_madgwick_node-3] [INFO] [1770696889.533802084] [imu_filter]: Parameter RLController.pid_kd_ang set to 0.101139
[imu_filter_madgwick_node-3] [INFO] [1770696889.957882907] [imu_filter]: Parameter RLController.pid_kp_lin set to 1.261390
[imu_filter_madgwick_node-3] [INFO] [1770696889.958120289] [imu_filter]: Parameter RLController.pid_ki_lin set to 0.000000
[imu_filter_madgwick_node-3] [INFO] [1770696889.958337478] [imu_filter]: Parameter RLController.pid_kd_lin set to 0.020000
[imu_filter_madgwick_node-3] [INFO] [1770696889.958429128] [imu_filter]: Parameter RLController.pid_kp_ang set to 1.231137
[imu_filter_madgwick_node-3] [INFO] [1770696889.958496937] [imu_filter]: Parameter RLController.pid_ki_ang set to 0.000000
[imu_filter_madgwick_node-3] [INFO] [1770696889.958551435] [imu_filter]: Parameter RLController.pid_kd_ang set to 0.101139
[imu_filter_madgwick_node-3] [INFO] [1770696890.374411554] [imu_filter]: Parameter RLController.pid_kp_lin set to 1.261390
[imu_filter_madgwick_node-3] [INFO] [1770696890.374743946] [imu_filter]: Parameter RLController.pid_ki_lin set to 0.000000
[imu_filter_madgwick_node-3] [INFO] [1770696890.374825516] [imu_filter]: Parameter RLController.pid_kd_lin set to 0.020000
[imu_filter_madgwick_node-3] [INFO] [1770696890.374887213] [imu_filter]: Parameter RLController.pid_kp_ang set to 1.231137
[imu_filter_madgwick_node-3] [INFO] [1770696890.374942895] [imu_filter]: Parameter RLController.pid_ki_ang set to 0.000000
[imu_filter_madgwick_node-3] [INFO] [1770696890.374999728] [imu_filter]: Parameter RLController.pid_kd_ang set to 0.101139
[imu_filter_madgwick_node-3] [INFO] [1770696890.786912299] [imu_filter]: Parameter RLController.pid_kp_lin set to 1.261390
[imu_filter_madgwick_node-3] [INFO] [1770696890.787129232] [imu_filter]: Parameter RLController.pid_ki_lin set to 0.000000
[imu_filter_madgwick_node-3] [INFO] [1770696890.787206258] [imu_filter]: Parameter RLController.pid_kd_lin set to 0.020000
[imu_filter_madgwick_node-3] [INFO] [1770696890.787295060] [imu_filter]: Parameter RLController.pid_kp_ang set to 1.231137
[imu_filter_madgwick_node-3] [INFO] [1770696890.787378678] [imu_filter]: Parameter RLController.pid_ki_ang set to 0.000000
[imu_filter_madgwick_node-3] [INFO] [1770696890.787456792] [imu_filter]: Parameter RLController.pid_kd_ang set to 0.101139
[imu_filter_madgwick_node-3] [INFO] [1770696891.198964170] [imu_filter]: Parameter RLController.pid_kp_lin set to 1.261390
[imu_filter_madgwick_node-3] [INFO] [1770696891.199410036] [imu_filter]: Parameter RLController.pid_ki_lin set to 0.000000
[imu_filter_madgwick_node-3] [INFO] [1770696891.199563160] [imu_filter]: Parameter RLController.pid_kd_lin set to 0.020000
[imu_filter_madgwick_node-3] [INFO] [1770696891.199636954] [imu_filter]: Parameter RLController.pid_kp_ang set to 1.231137
[imu_filter_madgwick_node-3] [INFO] [1770696891.199705563] [imu_filter]: Parameter RLController.pid_ki_ang set to 0.000000
[imu_filter_madgwick_node-3] [INFO] [1770696891.199776413] [imu_filter]: Parameter RLController.pid_kd_ang set to 0.101139
[imu_filter_madgwick_node-3] [INFO] [1770696891.611021001] [imu_filter]: Parameter RLController.pid_kp_lin set to 1.261390
[imu_filter_madgwick_node-3] [INFO] [1770696891.611224078] [imu_filter]: Parameter RLController.pid_ki_lin set to 0.000000
[imu_filter_madgwick_node-3] [INFO] [1770696891.611293103] [imu_filter]: Parameter RLController.pid_kd_lin set to 0.020000
[imu_filter_madgwick_node-3] [INFO] [1770696891.611353649] [imu_filter]: Parameter RLController.pid_kp_ang set to 1.231137
[imu_filter_madgwick_node-3] [INFO] [1770696891.611407794] [imu_filter]: Parameter RLController.pid_ki_ang set to 0.000000
[imu_filter_madgwick_node-3] [INFO] [1770696891.611463923] [imu_filter]: Parameter RLController.pid_kd_ang set to 0.101139
[imu_filter_madgwick_node-3] [INFO] [1770696892.065808523] [imu_filter]: Parameter RLController.pid_kp_lin set to 1.261390
[imu_filter_madgwick_node-3] [INFO] [1770696892.066115314] [imu_filter]: Parameter RLController.pid_ki_lin set to 0.000000
[imu_filter_madgwick_node-3] [INFO] [1770696892.071092006] [imu_filter]: Parameter RLController.pid_kd_lin set to 0.020000
[imu_filter_madgwick_node-3] [INFO] [1770696892.079406248] [imu_filter]: Parameter RLController.pid_kp_ang set to 1.231137
[imu_filter_madgwick_node-3] [INFO] [1770696892.079696591] [imu_filter]: Parameter RLController.pid_ki_ang set to 0.000000
[imu_filter_madgwick_node-3] [INFO] [1770696892.079777072] [imu_filter]: Parameter RLController.pid_kd_ang set to 0.101139
[imu_filter_madgwick_node-3] [INFO] [1770696892.502024445] [imu_filter]: Parameter RLController.pid_kp_lin set to 1.261390
[imu_filter_madgwick_node-3] [INFO] [1770696892.502210881] [imu_filter]: Parameter RLController.pid_ki_lin set to 0.000000
[imu_filter_madgwick_node-3] [INFO] [1770696892.502278723] [imu_filter]: Parameter RLController.pid_kd_lin set to 0.020000
[imu_filter_madgwick_node-3] [INFO] [1770696892.502339716] [imu_filter]: Parameter RLController.pid_kp_ang set to 1.231137
[imu_filter_madgwick_node-3] [INFO] [1770696892.502395013] [imu_filter]: Parameter RLController.pid_ki_ang set to 0.000000
[imu_filter_madgwick_node-3] [INFO] [1770696892.502449895] [imu_filter]: Parameter RLController.pid_kd_ang set to 0.101139
[imu_filter_madgwick_node-3] [INFO] [1770696892.915046322] [imu_filter]: Parameter RLController.pid_kp_lin set to 1.261390
[imu_filter_madgwick_node-3] [INFO] [1770696892.915242519] [imu_filter]: Parameter RLController.pid_ki_lin set to 0.000000
[imu_filter_madgwick_node-3] [INFO] [1770696892.915346201] [imu_filter]: Parameter RLController.pid_kd_lin set to 0.020000
[imu_filter_madgwick_node-3] [INFO] [1770696892.915429979] [imu_filter]: Parameter RLController.pid_kp_ang set to 1.231137
[imu_filter_madgwick_node-3] [INFO] [1770696892.915496156] [imu_filter]: Parameter RLController.pid_ki_ang set to 0.000000
[imu_filter_madgwick_node-3] [INFO] [1770696892.915778211] [imu_filter]: Parameter RLController.pid_kd_ang set to 0.101139
[imu_filter_madgwick_node-3] [INFO] [1770696893.339320109] [imu_filter]: Parameter RLController.pid_kp_lin set to 1.261390
[imu_filter_madgwick_node-3] [INFO] [1770696893.339548211] [imu_filter]: Parameter RLController.pid_ki_lin set to 0.000000
[imu_filter_madgwick_node-3] [INFO] [1770696893.339746103] [imu_filter]: Parameter RLController.pid_kd_lin set to 0.020000
[imu_filter_madgwick_node-3] [INFO] [1770696893.339821753] [imu_filter]: Parameter RLController.pid_kp_ang set to 1.231137
[imu_filter_madgwick_node-3] [INFO] [1770696893.339884379] [imu_filter]: Parameter RLController.pid_ki_ang set to 0.000000
[imu_filter_madgwick_node-3] [INFO] [1770696893.342167408] [imu_filter]: Parameter RLController.pid_kd_ang set to 0.101139
[imu_filter_madgwick_node-3] [INFO] [1770696893.755677680] [imu_filter]: Parameter RLController.pid_kp_lin set to 1.261390
[imu_filter_madgwick_node-3] [INFO] [1770696893.755887285] [imu_filter]: Parameter RLController.pid_ki_lin set to 0.000000
[imu_filter_madgwick_node-3] [INFO] [1770696893.755960279] [imu_filter]: Parameter RLController.pid_kd_lin set to 0.020000
[imu_filter_madgwick_node-3] [INFO] [1770696893.756025592] [imu_filter]: Parameter RLController.pid_kp_ang set to 1.231137
[imu_filter_madgwick_node-3] [INFO] [1770696893.756082778] [imu_filter]: Parameter RLController.pid_ki_ang set to 0.000000
[imu_filter_madgwick_node-3] [INFO] [1770696893.756141755] [imu_filter]: Parameter RLController.pid_kd_ang set to 0.101139
[imu_filter_madgwick_node-3] [INFO] [1770696894.166760569] [imu_filter]: Parameter RLController.pid_kp_lin set to 1.261390
[imu_filter_madgwick_node-3] [INFO] [1770696894.166984542] [imu_filter]: Parameter RLController.pid_ki_lin set to 0.000000
[imu_filter_madgwick_node-3] [INFO] [1770696894.167053983] [imu_filter]: Parameter RLController.pid_kd_lin set to 0.020000
[imu_filter_madgwick_node-3] [INFO] [1770696894.167119105] [imu_filter]: Parameter RLController.pid_kp_ang set to 1.231137
[imu_filter_madgwick_node-3] [INFO] [1770696894.167175938] [imu_filter]: Parameter RLController.pid_ki_ang set to 0.000000
[imu_filter_madgwick_node-3] [INFO] [1770696894.167232580] [imu_filter]: Parameter RLController.pid_kd_ang set to 0.101139
[imu_filter_madgwick_node-3] [INFO] [1770696894.588153009] [imu_filter]: Parameter RLController.pid_kp_lin set to 1.261390
[imu_filter_madgwick_node-3] [INFO] [1770696894.588384790] [imu_filter]: Parameter RLController.pid_ki_lin set to 0.000000
[imu_filter_madgwick_node-3] [INFO] [1770696894.588453816] [imu_filter]: Parameter RLController.pid_kd_lin set to 0.020000
[imu_filter_madgwick_node-3] [INFO] [1770696894.588517177] [imu_filter]: Parameter RLController.pid_kp_ang set to 1.231137
[imu_filter_madgwick_node-3] [INFO] [1770696894.588575515] [imu_filter]: Parameter RLController.pid_ki_ang set to 0.000000
[imu_filter_madgwick_node-3] [INFO] [1770696894.588631228] [imu_filter]: Parameter RLController.pid_kd_ang set to 0.101139
[imu_filter_madgwick_node-3] [INFO] [1770696895.013688074] [imu_filter]: Parameter RLController.pid_kp_lin set to 1.261390
[imu_filter_madgwick_node-3] [INFO] [1770696895.013930927] [imu_filter]: Parameter RLController.pid_ki_lin set to 0.000000
[imu_filter_madgwick_node-3] [INFO] [1770696895.014160245] [imu_filter]: Parameter RLController.pid_kd_lin set to 0.020000
[imu_filter_madgwick_node-3] [INFO] [1770696895.014237014] [imu_filter]: Parameter RLController.pid_kp_ang set to 1.231137
[imu_filter_madgwick_node-3] [INFO] [1770696895.014294712] [imu_filter]: Parameter RLController.pid_ki_ang set to 0.000000
[imu_filter_madgwick_node-3] [INFO] [1770696895.014351577] [imu_filter]: Parameter RLController.pid_kd_ang set to 0.101139
[imu_filter_madgwick_node-3] [INFO] [1770696895.427766423] [imu_filter]: Parameter RLController.pid_kp_lin set to 1.261390
[imu_filter_madgwick_node-3] [INFO] [1770696895.427971708] [imu_filter]: Parameter RLController.pid_ki_lin set to 0.000000
[imu_filter_madgwick_node-3] [INFO] [1770696895.428044510] [imu_filter]: Parameter RLController.pid_kd_lin set to 0.020000
[imu_filter_madgwick_node-3] [INFO] [1770696895.428109791] [imu_filter]: Parameter RLController.pid_kp_ang set to 1.231137
[imu_filter_madgwick_node-3] [INFO] [1770696895.428167105] [imu_filter]: Parameter RLController.pid_ki_ang set to 0.000000
[imu_filter_madgwick_node-3] [INFO] [1770696895.428282628] [imu_filter]: Parameter RLController.pid_kd_ang set to 0.101139
[imu_filter_madgwick_node-3] [INFO] [1770696895.844044409] [imu_filter]: Parameter RLController.pid_kp_lin set to 1.261390
[imu_filter_madgwick_node-3] [INFO] [1770696895.844370368] [imu_filter]: Parameter RLController.pid_ki_lin set to 0.000000
[imu_filter_madgwick_node-3] [INFO] [1770696895.844467618] [imu_filter]: Parameter RLController.pid_kd_lin set to 0.020000
[imu_filter_madgwick_node-3] [INFO] [1770696895.844543396] [imu_filter]: Parameter RLController.pid_kp_ang set to 1.231137
[imu_filter_madgwick_node-3] [INFO] [1770696895.844607846] [imu_filter]: Parameter RLController.pid_ki_ang set to 0.000000
[imu_filter_madgwick_node-3] [INFO] [1770696895.844668199] [imu_filter]: Parameter RLController.pid_kd_ang set to 0.101139
[imu_filter_madgwick_node-3] [INFO] [1770696896.258633906] [imu_filter]: Parameter RLController.pid_kp_lin set to 1.261390
[imu_filter_madgwick_node-3] [INFO] [1770696896.258879928] [imu_filter]: Parameter RLController.pid_ki_lin set to 0.000000
[imu_filter_madgwick_node-3] [INFO] [1770696896.258963898] [imu_filter]: Parameter RLController.pid_kd_lin set to 0.020000
[imu_filter_madgwick_node-3] [INFO] [1770696896.259032508] [imu_filter]: Parameter RLController.pid_kp_ang set to 1.231137
[imu_filter_madgwick_node-3] [INFO] [1770696896.259217632] [imu_filter]: Parameter RLController.pid_ki_ang set to 0.000000
[imu_filter_madgwick_node-3] [INFO] [1770696896.262923894] [imu_filter]: Parameter RLController.pid_kd_ang set to 0.101139
[imu_filter_madgwick_node-3] [INFO] [1770696896.681485837] [imu_filter]: Parameter RLController.pid_kp_lin set to 1.261390
[imu_filter_madgwick_node-3] [INFO] [1770696896.681685873] [imu_filter]: Parameter RLController.pid_ki_lin set to 0.000000
[imu_filter_madgwick_node-3] [INFO] [1770696896.681771731] [imu_filter]: Parameter RLController.pid_kd_lin set to 0.020000
[imu_filter_madgwick_node-3] [INFO] [1770696896.681844565] [imu_filter]: Parameter RLController.pid_kp_ang set to 1.231137
[imu_filter_madgwick_node-3] [INFO] [1770696896.681903382] [imu_filter]: Parameter RLController.pid_ki_ang set to 0.000000
[imu_filter_madgwick_node-3] [INFO] [1770696896.681959256] [imu_filter]: Parameter RLController.pid_kd_ang set to 0.101139
[imu_filter_madgwick_node-3] [INFO] [1770696897.098477214] [imu_filter]: Parameter RLController.pid_kp_lin set to 1.261390
[imu_filter_madgwick_node-3] [INFO] [1770696897.098706276] [imu_filter]: Parameter RLController.pid_ki_lin set to 0.000000
[imu_filter_madgwick_node-3] [INFO] [1770696897.098778246] [imu_filter]: Parameter RLController.pid_kd_lin set to 0.020000
[imu_filter_madgwick_node-3] [INFO] [1770696897.098842727] [imu_filter]: Parameter RLController.pid_kp_ang set to 1.231137
[imu_filter_madgwick_node-3] [INFO] [1770696897.098900840] [imu_filter]: Parameter RLController.pid_ki_ang set to 0.000000
[imu_filter_madgwick_node-3] [INFO] [1770696897.098952682] [imu_filter]: Parameter RLController.pid_kd_ang set to 0.101139
[imu_filter_madgwick_node-3] [INFO] [1770696897.508525071] [imu_filter]: Parameter RLController.pid_kp_lin set to 1.261390
[imu_filter_madgwick_node-3] [INFO] [1770696897.509227999] [imu_filter]: Parameter RLController.pid_ki_lin set to 0.000000
[imu_filter_madgwick_node-3] [INFO] [1770696897.509340610] [imu_filter]: Parameter RLController.pid_kd_lin set to 0.020000
[imu_filter_madgwick_node-3] [INFO] [1770696897.509406531] [imu_filter]: Parameter RLController.pid_kp_ang set to 1.231137
[imu_filter_madgwick_node-3] [INFO] [1770696897.509466148] [imu_filter]: Parameter RLController.pid_ki_ang set to 0.000000
[imu_filter_madgwick_node-3] [INFO] [1770696897.509523878] [imu_filter]: Parameter RLController.pid_kd_ang set to 0.101139
[imu_filter_madgwick_node-3] [INFO] [1770696897.921512515] [imu_filter]: Parameter RLController.pid_kp_lin set to 1.261390
[imu_filter_madgwick_node-3] [INFO] [1770696897.921707496] [imu_filter]: Parameter RLController.pid_ki_lin set to 0.000000
[imu_filter_madgwick_node-3] [INFO] [1770696897.921775529] [imu_filter]: Parameter RLController.pid_kd_lin set to 0.020000
[imu_filter_madgwick_node-3] [INFO] [1770696897.921842571] [imu_filter]: Parameter RLController.pid_kp_ang set to 1.231137
[imu_filter_madgwick_node-3] [INFO] [1770696897.921901548] [imu_filter]: Parameter RLController.pid_ki_ang set to 0.000000
[imu_filter_madgwick_node-3] [INFO] [1770696897.927265641] [imu_filter]: Parameter RLController.pid_kd_ang set to 0.101139
[imu_filter_madgwick_node-3] [INFO] [1770696898.338166029] [imu_filter]: Parameter RLController.pid_kp_lin set to 1.261390
[imu_filter_madgwick_node-3] [INFO] [1770696898.343517642] [imu_filter]: Parameter RLController.pid_ki_lin set to 0.000000
[imu_filter_madgwick_node-3] [INFO] [1770696898.343838225] [imu_filter]: Parameter RLController.pid_kd_lin set to 0.020000
[imu_filter_madgwick_node-3] [INFO] [1770696898.344136248] [imu_filter]: Parameter RLController.pid_kp_ang set to 1.231137
[imu_filter_madgwick_node-3] [INFO] [1770696898.344282683] [imu_filter]: Parameter RLController.pid_ki_ang set to 0.000000
[imu_filter_madgwick_node-3] [INFO] [1770696898.344352381] [imu_filter]: Parameter RLController.pid_kd_ang set to 0.101139
[imu_filter_madgwick_node-3] [INFO] [1770696898.758645552] [imu_filter]: Parameter RLController.pid_kp_lin set to 1.261390
[imu_filter_madgwick_node-3] [INFO] [1770696898.758853813] [imu_filter]: Parameter RLController.pid_ki_lin set to 0.000000
[imu_filter_madgwick_node-3] [INFO] [1770696898.758937335] [imu_filter]: Parameter RLController.pid_kd_lin set to 0.020000
[imu_filter_madgwick_node-3] [INFO] [1770696898.759005112] [imu_filter]: Parameter RLController.pid_kp_ang set to 1.231137
[imu_filter_madgwick_node-3] [INFO] [1770696898.759062458] [imu_filter]: Parameter RLController.pid_ki_ang set to 0.000000
[imu_filter_madgwick_node-3] [INFO] [1770696898.759123611] [imu_filter]: Parameter RLController.pid_kd_ang set to 0.101139
[imu_filter_madgwick_node-3] [INFO] [1770696899.188877462] [imu_filter]: Parameter RLController.pid_kp_lin set to 1.261390
[imu_filter_madgwick_node-3] [INFO] [1770696899.189090715] [imu_filter]: Parameter RLController.pid_ki_lin set to 0.000000
[imu_filter_madgwick_node-3] [INFO] [1770696899.189161981] [imu_filter]: Parameter RLController.pid_kd_lin set to 0.020000
[imu_filter_madgwick_node-3] [INFO] [1770696899.189223806] [imu_filter]: Parameter RLController.pid_kp_ang set to 1.231137
[imu_filter_madgwick_node-3] [INFO] [1770696899.189279135] [imu_filter]: Parameter RLController.pid_ki_ang set to 0.000000
[imu_filter_madgwick_node-3] [INFO] [1770696899.189333025] [imu_filter]: Parameter RLController.pid_kd_ang set to 0.101139
[imu_filter_madgwick_node-3] [INFO] [1770696899.614750551] [imu_filter]: Parameter RLController.pid_kp_lin set to 1.261390
[imu_filter_madgwick_node-3] [INFO] [1770696899.614960892] [imu_filter]: Parameter RLController.pid_ki_lin set to 0.000000
[imu_filter_madgwick_node-3] [INFO] [1770696899.615161088] [imu_filter]: Parameter RLController.pid_kd_lin set to 0.020000
[imu_filter_madgwick_node-3] [INFO] [1770696899.622620814] [imu_filter]: Parameter RLController.pid_kp_ang set to 1.231137
[imu_filter_madgwick_node-3] [INFO] [1770696899.622967126] [imu_filter]: Parameter RLController.pid_ki_ang set to 0.000000
[imu_filter_madgwick_node-3] [INFO] [1770696899.623097817] [imu_filter]: Parameter RLController.pid_kd_ang set to 0.101139
[imu_filter_madgwick_node-3] [INFO] [1770696900.032431289] [imu_filter]: Parameter RLController.pid_kp_lin set to 1.261390
[imu_filter_madgwick_node-3] [INFO] [1770696900.032651294] [imu_filter]: Parameter RLController.pid_ki_lin set to 0.000000
[imu_filter_madgwick_node-3] [INFO] [1770696900.032727232] [imu_filter]: Parameter RLController.pid_kd_lin set to 0.020000
[imu_filter_madgwick_node-3] [INFO] [1770696900.032791169] [imu_filter]: Parameter RLController.pid_kp_ang set to 1.231137
[imu_filter_madgwick_node-3] [INFO] [1770696900.032853442] [imu_filter]: Parameter RLController.pid_ki_ang set to 0.000000
[imu_filter_madgwick_node-3] [INFO] [1770696900.032928548] [imu_filter]: Parameter RLController.pid_kd_ang set to 0.101139
[imu_filter_madgwick_node-3] [INFO] [1770696900.449499500] [imu_filter]: Parameter RLController.pid_kp_lin set to 1.261390
[imu_filter_madgwick_node-3] [INFO] [1770696900.449701553] [imu_filter]: Parameter RLController.pid_ki_lin set to 0.000000
[imu_filter_madgwick_node-3] [INFO] [1770696900.449773523] [imu_filter]: Parameter RLController.pid_kd_lin set to 0.020000
[imu_filter_madgwick_node-3] [INFO] [1770696900.451917636] [imu_filter]: Parameter RLController.pid_kp_ang set to 1.231137
[imu_filter_madgwick_node-3] [INFO] [1770696900.452248236] [imu_filter]: Parameter RLController.pid_ki_ang set to 0.000000
[imu_filter_madgwick_node-3] [INFO] [1770696900.452331086] [imu_filter]: Parameter RLController.pid_kd_ang set to 0.101139
[imu_filter_madgwick_node-3] [INFO] [1770696900.882981470] [imu_filter]: Parameter RLController.pid_kp_lin set to 1.261390
[imu_filter_madgwick_node-3] [INFO] [1770696900.884559331] [imu_filter]: Parameter RLController.pid_ki_lin set to 0.000000
[imu_filter_madgwick_node-3] [INFO] [1770696900.884738055] [imu_filter]: Parameter RLController.pid_kd_lin set to 0.020000
[imu_filter_madgwick_node-3] [INFO] [1770696900.884815081] [imu_filter]: Parameter RLController.pid_kp_ang set to 1.231137
[imu_filter_madgwick_node-3] [INFO] [1770696900.884877610] [imu_filter]: Parameter RLController.pid_ki_ang set to 0.000000
[imu_filter_madgwick_node-3] [INFO] [1770696900.884937292] [imu_filter]: Parameter RLController.pid_kd_ang set to 0.101139
[imu_filter_madgwick_node-3] [INFO] [1770696901.294333452] [imu_filter]: Parameter RLController.pid_kp_lin set to 1.261390
[imu_filter_madgwick_node-3] [INFO] [1770696901.294581266] [imu_filter]: Parameter RLController.pid_ki_lin set to 0.000000
[imu_filter_madgwick_node-3] [INFO] [1770696901.294657524] [imu_filter]: Parameter RLController.pid_kd_lin set to 0.020000
[imu_filter_madgwick_node-3] [INFO] [1770696901.294720725] [imu_filter]: Parameter RLController.pid_kp_ang set to 1.231137
[imu_filter_madgwick_node-3] [INFO] [1770696901.294782295] [imu_filter]: Parameter RLController.pid_ki_ang set to 0.000000
[imu_filter_madgwick_node-3] [INFO] [1770696901.294840312] [imu_filter]: Parameter RLController.pid_kd_ang set to 0.101139
[imu_filter_madgwick_node-3] [INFO] [1770696901.711860075] [imu_filter]: Parameter RLController.pid_kp_lin set to 1.261390
[imu_filter_madgwick_node-3] [INFO] [1770696901.712311989] [imu_filter]: Parameter RLController.pid_ki_lin set to 0.000000
[imu_filter_madgwick_node-3] [INFO] [1770696901.712496218] [imu_filter]: Parameter RLController.pid_kd_lin set to 0.020000
[imu_filter_madgwick_node-3] [INFO] [1770696901.712572283] [imu_filter]: Parameter RLController.pid_kp_ang set to 1.231137
[imu_filter_madgwick_node-3] [INFO] [1770696901.712635869] [imu_filter]: Parameter RLController.pid_ki_ang set to 0.000000
[imu_filter_madgwick_node-3] [INFO] [1770696901.712695326] [imu_filter]: Parameter RLController.pid_kd_ang set to 0.101139
[imu_filter_madgwick_node-3] [INFO] [1770696902.125017923] [imu_filter]: Parameter RLController.pid_kp_lin set to 1.261390
[imu_filter_madgwick_node-3] [INFO] [1770696902.125743508] [imu_filter]: Parameter RLController.pid_ki_lin set to 0.000000
[imu_filter_madgwick_node-3] [INFO] [1770696902.125864279] [imu_filter]: Parameter RLController.pid_kd_lin set to 0.020000
[imu_filter_madgwick_node-3] [INFO] [1770696902.125931768] [imu_filter]: Parameter RLController.pid_kp_ang set to 1.231137
[imu_filter_madgwick_node-3] [INFO] [1770696902.125995386] [imu_filter]: Parameter RLController.pid_ki_ang set to 0.000000
[imu_filter_madgwick_node-3] [INFO] [1770696902.126054267] [imu_filter]: Parameter RLController.pid_kd_ang set to 0.101139
[imu_filter_madgwick_node-3] [INFO] [1770696902.547216014] [imu_filter]: Parameter RLController.pid_kp_lin set to 1.261390
[imu_filter_madgwick_node-3] [INFO] [1770696902.547661433] [imu_filter]: Parameter RLController.pid_ki_lin set to 0.000000
[imu_filter_madgwick_node-3] [INFO] [1770696902.547762523] [imu_filter]: Parameter RLController.pid_kd_lin set to 0.020000
[imu_filter_madgwick_node-3] [INFO] [1770696902.547827036] [imu_filter]: Parameter RLController.pid_kp_ang set to 1.231137
[imu_filter_madgwick_node-3] [INFO] [1770696902.547883934] [imu_filter]: Parameter RLController.pid_ki_ang set to 0.000000
[imu_filter_madgwick_node-3] [INFO] [1770696902.547950751] [imu_filter]: Parameter RLController.pid_kd_ang set to 0.101139
[imu_filter_madgwick_node-3] [INFO] [1770696902.959699703] [imu_filter]: Parameter RLController.pid_kp_lin set to 1.261390
[imu_filter_madgwick_node-3] [INFO] [1770696902.959904124] [imu_filter]: Parameter RLController.pid_ki_lin set to 0.000000
[imu_filter_madgwick_node-3] [INFO] [1770696902.960024127] [imu_filter]: Parameter RLController.pid_kd_lin set to 0.020000
[imu_filter_madgwick_node-3] [INFO] [1770696902.960089536] [imu_filter]: Parameter RLController.pid_kp_ang set to 1.231137
[imu_filter_madgwick_node-3] [INFO] [1770696902.960253572] [imu_filter]: Parameter RLController.pid_ki_ang set to 0.000000
[imu_filter_madgwick_node-3] [INFO] [1770696902.960320517] [imu_filter]: Parameter RLController.pid_kd_ang set to 0.101139
[imu_filter_madgwick_node-3] [INFO] [1770696903.374960384] [imu_filter]: Parameter RLController.pid_kp_lin set to 1.261390
[imu_filter_madgwick_node-3] [INFO] [1770696903.375194854] [imu_filter]: Parameter RLController.pid_ki_lin set to 0.000000
[imu_filter_madgwick_node-3] [INFO] [1770696903.375271528] [imu_filter]: Parameter RLController.pid_kd_lin set to 0.020000
[imu_filter_madgwick_node-3] [INFO] [1770696903.375340137] [imu_filter]: Parameter RLController.pid_kp_ang set to 1.231137
[imu_filter_madgwick_node-3] [INFO] [1770696903.375396875] [imu_filter]: Parameter RLController.pid_ki_ang set to 0.000000
[imu_filter_madgwick_node-3] [INFO] [1770696903.375455340] [imu_filter]: Parameter RLController.pid_kd_ang set to 0.101139
[imu_filter_madgwick_node-3] [INFO] [1770696903.790541649] [imu_filter]: Parameter RLController.pid_kp_lin set to 1.261390
[imu_filter_madgwick_node-3] [INFO] [1770696903.790743062] [imu_filter]: Parameter RLController.pid_ki_lin set to 0.000000
[imu_filter_madgwick_node-3] [INFO] [1770696903.790818200] [imu_filter]: Parameter RLController.pid_kd_lin set to 0.020000
[imu_filter_madgwick_node-3] [INFO] [1770696903.790881113] [imu_filter]: Parameter RLController.pid_kp_ang set to 1.231137
[imu_filter_madgwick_node-3] [INFO] [1770696903.791490471] [imu_filter]: Parameter RLController.pid_ki_ang set to 0.000000
[imu_filter_madgwick_node-3] [INFO] [1770696903.791710061] [imu_filter]: Parameter RLController.pid_kd_ang set to 0.101139
[imu_filter_madgwick_node-3] [INFO] [1770696904.216064458] [imu_filter]: Parameter RLController.pid_kp_lin set to 1.261390
[imu_filter_madgwick_node-3] [INFO] [1770696904.216302415] [imu_filter]: Parameter RLController.pid_ki_lin set to 0.000000
[imu_filter_madgwick_node-3] [INFO] [1770696904.216373297] [imu_filter]: Parameter RLController.pid_kd_lin set to 0.020000
[imu_filter_madgwick_node-3] [INFO] [1770696904.216433106] [imu_filter]: Parameter RLController.pid_kp_ang set to 1.231137
[imu_filter_madgwick_node-3] [INFO] [1770696904.216492756] [imu_filter]: Parameter RLController.pid_ki_ang set to 0.000000
[imu_filter_madgwick_node-3] [INFO] [1770696904.216550069] [imu_filter]: Parameter RLController.pid_kd_ang set to 0.101139
[imu_filter_madgwick_node-3] [INFO] [1770696904.628164266] [imu_filter]: Parameter RLController.pid_kp_lin set to 1.261390
[imu_filter_madgwick_node-3] [INFO] [1770696904.628409487] [imu_filter]: Parameter RLController.pid_ki_lin set to 0.000000
[imu_filter_madgwick_node-3] [INFO] [1770696904.628480273] [imu_filter]: Parameter RLController.pid_kd_lin set to 0.020000
[imu_filter_madgwick_node-3] [INFO] [1770696904.628543058] [imu_filter]: Parameter RLController.pid_kp_ang set to 1.231137
[imu_filter_madgwick_node-3] [INFO] [1770696904.628602004] [imu_filter]: Parameter RLController.pid_ki_ang set to 0.000000
[imu_filter_madgwick_node-3] [INFO] [1770696904.628660501] [imu_filter]: Parameter RLController.pid_kd_ang set to 0.101139
[imu_filter_madgwick_node-3] [INFO] [1770696905.055710833] [imu_filter]: Parameter RLController.pid_kp_lin set to 1.261390
[imu_filter_madgwick_node-3] [INFO] [1770696905.055895350] [imu_filter]: Parameter RLController.pid_ki_lin set to 0.000000
[imu_filter_madgwick_node-3] [INFO] [1770696905.055963863] [imu_filter]: Parameter RLController.pid_kd_lin set to 0.020000
[imu_filter_madgwick_node-3] [INFO] [1770696905.056031545] [imu_filter]: Parameter RLController.pid_kp_ang set to 1.231137
[imu_filter_madgwick_node-3] [INFO] [1770696905.056088890] [imu_filter]: Parameter RLController.pid_ki_ang set to 0.000000
[imu_filter_madgwick_node-3] [INFO] [1770696905.056145115] [imu_filter]: Parameter RLController.pid_kd_ang set to 0.101139
[imu_filter_madgwick_node-3] [INFO] [1770696905.474451788] [imu_filter]: Parameter RLController.pid_kp_lin set to 1.261390
[imu_filter_madgwick_node-3] [INFO] [1770696905.474647600] [imu_filter]: Parameter RLController.pid_ki_lin set to 0.000000
[imu_filter_madgwick_node-3] [INFO] [1770696905.474719058] [imu_filter]: Parameter RLController.pid_kd_lin set to 0.020000
[imu_filter_madgwick_node-3] [INFO] [1770696905.474892470] [imu_filter]: Parameter RLController.pid_kp_ang set to 1.231137
[imu_filter_madgwick_node-3] [INFO] [1770696905.474952888] [imu_filter]: Parameter RLController.pid_ki_ang set to 0.000000
[imu_filter_madgwick_node-3] [INFO] [1770696905.475009561] [imu_filter]: Parameter RLController.pid_kd_ang set to 0.101139
[imu_filter_madgwick_node-3] [INFO] [1770696905.884326232] [imu_filter]: Parameter RLController.pid_kp_lin set to 1.261390
[imu_filter_madgwick_node-3] [INFO] [1770696905.886682927] [imu_filter]: Parameter RLController.pid_ki_lin set to 0.000000
[imu_filter_madgwick_node-3] [INFO] [1770696905.886905716] [imu_filter]: Parameter RLController.pid_kd_lin set to 0.020000
[imu_filter_madgwick_node-3] [INFO] [1770696905.886987222] [imu_filter]: Parameter RLController.pid_kp_ang set to 1.231137
[imu_filter_madgwick_node-3] [INFO] [1770696905.889268171] [imu_filter]: Parameter RLController.pid_ki_ang set to 0.000000
[imu_filter_madgwick_node-3] [INFO] [1770696905.889467920] [imu_filter]: Parameter RLController.pid_kd_ang set to 0.101139
[imu_filter_madgwick_node-3] [INFO] [1770696906.300962657] [imu_filter]: Parameter RLController.pid_kp_lin set to 1.261390
[imu_filter_madgwick_node-3] [INFO] [1770696906.301210247] [imu_filter]: Parameter RLController.pid_ki_lin set to 0.000000
[imu_filter_madgwick_node-3] [INFO] [1770696906.301283657] [imu_filter]: Parameter RLController.pid_kd_lin set to 0.020000
[imu_filter_madgwick_node-3] [INFO] [1770696906.301349834] [imu_filter]: Parameter RLController.pid_kp_ang set to 1.231137
[imu_filter_madgwick_node-3] [INFO] [1770696906.301404908] [imu_filter]: Parameter RLController.pid_ki_ang set to 0.000000
[imu_filter_madgwick_node-3] [INFO] [1770696906.301457485] [imu_filter]: Parameter RLController.pid_kd_ang set to 0.101139
[imu_filter_madgwick_node-3] [INFO] [1770696906.716269676] [imu_filter]: Parameter RLController.pid_kp_lin set to 1.261390
[imu_filter_madgwick_node-3] [INFO] [1770696906.716461648] [imu_filter]: Parameter RLController.pid_ki_lin set to 0.000000
[imu_filter_madgwick_node-3] [INFO] [1770696906.716538130] [imu_filter]: Parameter RLController.pid_kd_lin set to 0.020000
[imu_filter_madgwick_node-3] [INFO] [1770696906.716602196] [imu_filter]: Parameter RLController.pid_kp_ang set to 1.231137
[imu_filter_madgwick_node-3] [INFO] [1770696906.716658645] [imu_filter]: Parameter RLController.pid_ki_ang set to 0.000000
[imu_filter_madgwick_node-3] [INFO] [1770696906.716712342] [imu_filter]: Parameter RLController.pid_kd_ang set to 0.101139
[imu_filter_madgwick_node-3] [INFO] [1770696907.126592258] [imu_filter]: Parameter RLController.pid_kp_lin set to 1.261390
[imu_filter_madgwick_node-3] [INFO] [1770696907.126868393] [imu_filter]: Parameter RLController.pid_ki_lin set to 0.000000
[imu_filter_madgwick_node-3] [INFO] [1770696907.126954603] [imu_filter]: Parameter RLController.pid_kd_lin set to 0.020000
[imu_filter_madgwick_node-3] [INFO] [1770696907.127162512] [imu_filter]: Parameter RLController.pid_kp_ang set to 1.231137
[imu_filter_madgwick_node-3] [INFO] [1770696907.127289683] [imu_filter]: Parameter RLController.pid_ki_ang set to 0.000000
[imu_filter_madgwick_node-3] [INFO] [1770696907.127362548] [imu_filter]: Parameter RLController.pid_kd_ang set to 0.101139
[imu_filter_madgwick_node-3] [INFO] [1770696907.561236911] [imu_filter]: Parameter RLController.pid_kp_lin set to 1.261390
[imu_filter_madgwick_node-3] [INFO] [1770696907.561642361] [imu_filter]: Parameter RLController.pid_ki_lin set to 0.000000
[imu_filter_madgwick_node-3] [INFO] [1770696907.561807293] [imu_filter]: Parameter RLController.pid_kd_lin set to 0.020000
[imu_filter_madgwick_node-3] [INFO] [1770696907.561909983] [imu_filter]: Parameter RLController.pid_kp_ang set to 1.231137
[imu_filter_madgwick_node-3] [INFO] [1770696907.562013857] [imu_filter]: Parameter RLController.pid_ki_ang set to 0.000000
[imu_filter_madgwick_node-3] [INFO] [1770696907.562076099] [imu_filter]: Parameter RLController.pid_kd_ang set to 0.101139
[imu_filter_madgwick_node-3] [INFO] [1770696907.958383891] [imu_filter]: Parameter RLController.pid_kp_lin set to 1.261390
[imu_filter_madgwick_node-3] [INFO] [1770696907.958595768] [imu_filter]: Parameter RLController.pid_ki_lin set to 0.000000
[imu_filter_madgwick_node-3] [INFO] [1770696907.958666361] [imu_filter]: Parameter RLController.pid_kd_lin set to 0.020000
[imu_filter_madgwick_node-3] [INFO] [1770696907.958728251] [imu_filter]: Parameter RLController.pid_kp_ang set to 1.231137
[imu_filter_madgwick_node-3] [INFO] [1770696907.958781436] [imu_filter]: Parameter RLController.pid_ki_ang set to 0.000000
[imu_filter_madgwick_node-3] [INFO] [1770696907.958837021] [imu_filter]: Parameter RLController.pid_kd_ang set to 0.101139
[imu_filter_madgwick_node-3] [INFO] [1770696908.373772927] [imu_filter]: Parameter RLController.pid_kp_lin set to 1.261390
[imu_filter_madgwick_node-3] [INFO] [1770696908.374000933] [imu_filter]: Parameter RLController.pid_ki_lin set to 0.000000
[imu_filter_madgwick_node-3] [INFO] [1770696908.374075142] [imu_filter]: Parameter RLController.pid_kd_lin set to 0.020000
[imu_filter_madgwick_node-3] [INFO] [1770696908.374138888] [imu_filter]: Parameter RLController.pid_kp_ang set to 1.231137
[imu_filter_madgwick_node-3] [INFO] [1770696908.374318668] [imu_filter]: Parameter RLController.pid_ki_ang set to 0.000000
[imu_filter_madgwick_node-3] [INFO] [1770696908.375278594] [imu_filter]: Parameter RLController.pid_kd_ang set to 0.101139
[imu_filter_madgwick_node-3] [INFO] [1770696908.813519715] [imu_filter]: Parameter RLController.pid_kp_lin set to 1.261390
[imu_filter_madgwick_node-3] [INFO] [1770696908.813717832] [imu_filter]: Parameter RLController.pid_ki_lin set to 0.000000
[imu_filter_madgwick_node-3] [INFO] [1770696908.813795529] [imu_filter]: Parameter RLController.pid_kd_lin set to 0.020000
[imu_filter_madgwick_node-3] [INFO] [1770696908.813855915] [imu_filter]: Parameter RLController.pid_kp_ang set to 1.231137
[imu_filter_madgwick_node-3] [INFO] [1770696908.813911692] [imu_filter]: Parameter RLController.pid_ki_ang set to 0.000000
[imu_filter_madgwick_node-3] [INFO] [1770696908.813968878] [imu_filter]: Parameter RLController.pid_kd_ang set to 0.101139
[imu_filter_madgwick_node-3] [INFO] [1770696909.238192872] [imu_filter]: Parameter RLController.pid_kp_lin set to 1.261390
[imu_filter_madgwick_node-3] [INFO] [1770696909.241653976] [imu_filter]: Parameter RLController.pid_ki_lin set to 0.000000
[imu_filter_madgwick_node-3] [INFO] [1770696909.244298294] [imu_filter]: Parameter RLController.pid_kd_lin set to 0.020000
[imu_filter_madgwick_node-3] [INFO] [1770696909.244631646] [imu_filter]: Parameter RLController.pid_kp_ang set to 1.231137
[imu_filter_madgwick_node-3] [INFO] [1770696909.246910323] [imu_filter]: Parameter RLController.pid_ki_ang set to 0.000000
[imu_filter_madgwick_node-3] [INFO] [1770696909.247082775] [imu_filter]: Parameter RLController.pid_kd_ang set to 0.101139
[imu_filter_madgwick_node-3] [INFO] [1770696909.654081568] [imu_filter]: Parameter RLController.pid_kp_lin set to 1.261390
[imu_filter_madgwick_node-3] [INFO] [1770696909.654298501] [imu_filter]: Parameter RLController.pid_ki_lin set to 0.000000
[imu_filter_madgwick_node-3] [INFO] [1770696909.654368423] [imu_filter]: Parameter RLController.pid_kd_lin set to 0.020000
[imu_filter_madgwick_node-3] [INFO] [1770696909.654436456] [imu_filter]: Parameter RLController.pid_kp_ang set to 1.231137
[imu_filter_madgwick_node-3] [INFO] [1770696909.654492841] [imu_filter]: Parameter RLController.pid_ki_ang set to 0.000000
[imu_filter_madgwick_node-3] [INFO] [1770696909.654549323] [imu_filter]: Parameter RLController.pid_kd_ang set to 0.101139
[imu_filter_madgwick_node-3] [INFO] [1770696910.068438964] [imu_filter]: Parameter RLController.pid_kp_lin set to 1.261390
[imu_filter_madgwick_node-3] [INFO] [1770696910.068641945] [imu_filter]: Parameter RLController.pid_ki_lin set to 0.000000
[imu_filter_madgwick_node-3] [INFO] [1770696910.068714363] [imu_filter]: Parameter RLController.pid_kd_lin set to 0.020000
[imu_filter_madgwick_node-3] [INFO] [1770696910.068781756] [imu_filter]: Parameter RLController.pid_kp_ang set to 1.231137
[imu_filter_madgwick_node-3] [INFO] [1770696910.071906885] [imu_filter]: Parameter RLController.pid_ki_ang set to 0.000000
[imu_filter_madgwick_node-3] [INFO] [1770696910.072227308] [imu_filter]: Parameter RLController.pid_kd_ang set to 0.101139
[imu_filter_madgwick_node-3] [INFO] [1770696910.496377733] [imu_filter]: Parameter RLController.pid_kp_lin set to 1.261390
[imu_filter_madgwick_node-3] [INFO] [1770696910.496606730] [imu_filter]: Parameter RLController.pid_ki_lin set to 0.000000
[imu_filter_madgwick_node-3] [INFO] [1770696910.496677516] [imu_filter]: Parameter RLController.pid_kd_lin set to 0.020000
[imu_filter_madgwick_node-3] [INFO] [1770696910.496739693] [imu_filter]: Parameter RLController.pid_kp_ang set to 1.231137
[imu_filter_madgwick_node-3] [INFO] [1770696910.496797455] [imu_filter]: Parameter RLController.pid_ki_ang set to 0.000000
[imu_filter_madgwick_node-3] [INFO] [1770696910.496853264] [imu_filter]: Parameter RLController.pid_kd_ang set to 0.101139
[imu_filter_madgwick_node-3] [INFO] [1770696910.925452784] [imu_filter]: Parameter RLController.pid_kp_lin set to 1.261390
[imu_filter_madgwick_node-3] [INFO] [1770696910.925657525] [imu_filter]: Parameter RLController.pid_ki_lin set to 0.000000
[imu_filter_madgwick_node-3] [INFO] [1770696910.925727095] [imu_filter]: Parameter RLController.pid_kd_lin set to 0.020000
[imu_filter_madgwick_node-3] [INFO] [1770696910.925788472] [imu_filter]: Parameter RLController.pid_kp_ang set to 1.231137
[imu_filter_madgwick_node-3] [INFO] [1770696910.925844537] [imu_filter]: Parameter RLController.pid_ki_ang set to 0.000000
[imu_filter_madgwick_node-3] [INFO] [1770696910.925900315] [imu_filter]: Parameter RLController.pid_kd_ang set to 0.101139
[imu_filter_madgwick_node-3] [INFO] [1770696911.360540040] [imu_filter]: Parameter RLController.pid_kp_lin set to 1.261390
[imu_filter_madgwick_node-3] [INFO] [1770696911.360763053] [imu_filter]: Parameter RLController.pid_ki_lin set to 0.000000
[imu_filter_madgwick_node-3] [INFO] [1770696911.360834734] [imu_filter]: Parameter RLController.pid_kd_lin set to 0.020000
[imu_filter_madgwick_node-3] [INFO] [1770696911.360897840] [imu_filter]: Parameter RLController.pid_kp_ang set to 1.231137
[imu_filter_madgwick_node-3] [INFO] [1770696911.360956977] [imu_filter]: Parameter RLController.pid_ki_ang set to 0.000000
[imu_filter_madgwick_node-3] [INFO] [1770696911.361012979] [imu_filter]: Parameter RLController.pid_kd_ang set to 0.101139
[imu_filter_madgwick_node-3] [INFO] [1770696911.780580992] [imu_filter]: Parameter RLController.pid_kp_lin set to 1.261390
[imu_filter_madgwick_node-3] [INFO] [1770696911.780782021] [imu_filter]: Parameter RLController.pid_ki_lin set to 0.000000
[imu_filter_madgwick_node-3] [INFO] [1770696911.787121241] [imu_filter]: Parameter RLController.pid_kd_lin set to 0.020000
[imu_filter_madgwick_node-3] [INFO] [1770696911.787471297] [imu_filter]: Parameter RLController.pid_kp_ang set to 1.231137
[imu_filter_madgwick_node-3] [INFO] [1770696911.787595076] [imu_filter]: Parameter RLController.pid_ki_ang set to 0.000000
[imu_filter_madgwick_node-3] [INFO] [1770696911.791637506] [imu_filter]: Parameter RLController.pid_kd_ang set to 0.101139
[imu_filter_madgwick_node-3] [INFO] [1770696912.209870897] [imu_filter]: Parameter RLController.pid_kp_lin set to 1.261390
[imu_filter_madgwick_node-3] [INFO] [1770696912.210082422] [imu_filter]: Parameter RLController.pid_ki_lin set to 0.000000
[imu_filter_madgwick_node-3] [INFO] [1770696912.210153463] [imu_filter]: Parameter RLController.pid_kd_lin set to 0.020000
[imu_filter_madgwick_node-3] [INFO] [1770696912.210216761] [imu_filter]: Parameter RLController.pid_kp_ang set to 1.231137
[imu_filter_madgwick_node-3] [INFO] [1770696912.210272218] [imu_filter]: Parameter RLController.pid_ki_ang set to 0.000000
[imu_filter_madgwick_node-3] [INFO] [1770696912.210329275] [imu_filter]: Parameter RLController.pid_kd_ang set to 0.101139
[imu_filter_madgwick_node-3] [INFO] [1770696912.618807175] [imu_filter]: Parameter RLController.pid_kp_lin set to 1.261390
[imu_filter_madgwick_node-3] [INFO] [1770696912.619208656] [imu_filter]: Parameter RLController.pid_ki_lin set to 0.000000
[imu_filter_madgwick_node-3] [INFO] [1770696912.619358804] [imu_filter]: Parameter RLController.pid_kd_lin set to 0.020000
[imu_filter_madgwick_node-3] [INFO] [1770696912.619437557] [imu_filter]: Parameter RLController.pid_kp_ang set to 1.231137
[imu_filter_madgwick_node-3] [INFO] [1770696912.621604296] [imu_filter]: Parameter RLController.pid_ki_ang set to 0.000000
[imu_filter_madgwick_node-3] [INFO] [1770696912.621998097] [imu_filter]: Parameter RLController.pid_kd_ang set to 0.101139
[imu_filter_madgwick_node-3] [INFO] [1770696913.042708634] [imu_filter]: Parameter RLController.pid_kp_lin set to 1.261390
[imu_filter_madgwick_node-3] [INFO] [1770696913.042928799] [imu_filter]: Parameter RLController.pid_ki_lin set to 0.000000
[imu_filter_madgwick_node-3] [INFO] [1770696913.043002592] [imu_filter]: Parameter RLController.pid_kd_lin set to 0.020000
[imu_filter_madgwick_node-3] [INFO] [1770696913.043065506] [imu_filter]: Parameter RLController.pid_kp_ang set to 1.231137
[imu_filter_madgwick_node-3] [INFO] [1770696913.043121475] [imu_filter]: Parameter RLController.pid_ki_ang set to 0.000000
[imu_filter_madgwick_node-3] [INFO] [1770696913.043179556] [imu_filter]: Parameter RLController.pid_kd_ang set to 0.101139
[imu_filter_madgwick_node-3] [INFO] [1770696913.458602546] [imu_filter]: Parameter RLController.pid_kp_lin set to 1.261390
[imu_filter_madgwick_node-3] [INFO] [1770696913.458816663] [imu_filter]: Parameter RLController.pid_ki_lin set to 0.000000
[imu_filter_madgwick_node-3] [INFO] [1770696913.458891192] [imu_filter]: Parameter RLController.pid_kd_lin set to 0.020000
[imu_filter_madgwick_node-3] [INFO] [1770696913.458961786] [imu_filter]: Parameter RLController.pid_kp_ang set to 1.231137
[imu_filter_madgwick_node-3] [INFO] [1770696913.459013883] [imu_filter]: Parameter RLController.pid_ki_ang set to 0.000000
[imu_filter_madgwick_node-3] [INFO] [1770696913.461245775] [imu_filter]: Parameter RLController.pid_kd_ang set to 0.101139
[imu_filter_madgwick_node-3] [INFO] [1770696913.873278414] [imu_filter]: Parameter RLController.pid_kp_lin set to 1.261390
[imu_filter_madgwick_node-3] [INFO] [1770696913.873481618] [imu_filter]: Parameter RLController.pid_ki_lin set to 0.000000
[imu_filter_madgwick_node-3] [INFO] [1770696913.873553780] [imu_filter]: Parameter RLController.pid_kd_lin set to 0.020000
[imu_filter_madgwick_node-3] [INFO] [1770696913.873614037] [imu_filter]: Parameter RLController.pid_kp_ang set to 1.231137
[imu_filter_madgwick_node-3] [INFO] [1770696913.873667735] [imu_filter]: Parameter RLController.pid_ki_ang set to 0.000000
[imu_filter_madgwick_node-3] [INFO] [1770696913.873723544] [imu_filter]: Parameter RLController.pid_kd_ang set to 0.101139
[imu_filter_madgwick_node-3] [INFO] [1770696914.300808469] [imu_filter]: Parameter RLController.pid_kp_lin set to 1.261390
[imu_filter_madgwick_node-3] [INFO] [1770696914.301035098] [imu_filter]: Parameter RLController.pid_ki_lin set to 0.000000
[imu_filter_madgwick_node-3] [INFO] [1770696914.301110524] [imu_filter]: Parameter RLController.pid_kd_lin set to 0.020000
[imu_filter_madgwick_node-3] [INFO] [1770696914.301174941] [imu_filter]: Parameter RLController.pid_kp_ang set to 1.231137
[imu_filter_madgwick_node-3] [INFO] [1770696914.301357570] [imu_filter]: Parameter RLController.pid_ki_ang set to 0.000000
[imu_filter_madgwick_node-3] [INFO] [1770696914.301424451] [imu_filter]: Parameter RLController.pid_kd_ang set to 0.101139
[imu_filter_madgwick_node-3] [INFO] [1770696914.720569543] [imu_filter]: Parameter RLController.pid_kp_lin set to 1.261390
[imu_filter_madgwick_node-3] [INFO] [1770696914.720886926] [imu_filter]: Parameter RLController.pid_ki_lin set to 0.000000
[imu_filter_madgwick_node-3] [INFO] [1770696914.720958352] [imu_filter]: Parameter RLController.pid_kd_lin set to 0.020000
[imu_filter_madgwick_node-3] [INFO] [1770696914.721019890] [imu_filter]: Parameter RLController.pid_kp_ang set to 1.231137
[imu_filter_madgwick_node-3] [INFO] [1770696914.721117428] [imu_filter]: Parameter RLController.pid_ki_ang set to 0.000000
[imu_filter_madgwick_node-3] [INFO] [1770696914.721181301] [imu_filter]: Parameter RLController.pid_kd_ang set to 0.101139
[imu_filter_madgwick_node-3] [INFO] [1770696915.173834918] [imu_filter]: Parameter RLController.pid_kp_lin set to 1.261390
[imu_filter_madgwick_node-3] [INFO] [1770696915.174037067] [imu_filter]: Parameter RLController.pid_ki_lin set to 0.000000
[imu_filter_madgwick_node-3] [INFO] [1770696915.174110188] [imu_filter]: Parameter RLController.pid_kd_lin set to 0.020000
[imu_filter_madgwick_node-3] [INFO] [1770696915.174173838] [imu_filter]: Parameter RLController.pid_kp_ang set to 1.231137
[imu_filter_madgwick_node-3] [INFO] [1770696915.174230831] [imu_filter]: Parameter RLController.pid_ki_ang set to 0.000000
[imu_filter_madgwick_node-3] [INFO] [1770696915.174287120] [imu_filter]: Parameter RLController.pid_kd_ang set to 0.101139
[imu_filter_madgwick_node-3] [INFO] [1770696915.594907703] [imu_filter]: Parameter RLController.pid_kp_lin set to 1.261390
[imu_filter_madgwick_node-3] [INFO] [1770696915.595103355] [imu_filter]: Parameter RLController.pid_ki_lin set to 0.000000
[imu_filter_madgwick_node-3] [INFO] [1770696915.595177501] [imu_filter]: Parameter RLController.pid_kd_lin set to 0.020000
[imu_filter_madgwick_node-3] [INFO] [1770696915.595237214] [imu_filter]: Parameter RLController.pid_kp_ang set to 1.231137
[imu_filter_madgwick_node-3] [INFO] [1770696915.595293728] [imu_filter]: Parameter RLController.pid_ki_ang set to 0.000000
[imu_filter_madgwick_node-3] [INFO] [1770696915.595350081] [imu_filter]: Parameter RLController.pid_kd_ang set to 0.101139
[imu_filter_madgwick_node-3] [INFO] [1770696916.009697909] [imu_filter]: Parameter RLController.pid_kp_lin set to 1.261390
[imu_filter_madgwick_node-3] [INFO] [1770696916.009941595] [imu_filter]: Parameter RLController.pid_ki_lin set to 0.000000
[imu_filter_madgwick_node-3] [INFO] [1770696916.010039037] [imu_filter]: Parameter RLController.pid_kd_lin set to 0.020000
[imu_filter_madgwick_node-3] [INFO] [1770696916.010115231] [imu_filter]: Parameter RLController.pid_kp_ang set to 1.231137
[imu_filter_madgwick_node-3] [INFO] [1770696916.010175136] [imu_filter]: Parameter RLController.pid_ki_ang set to 0.000000
[imu_filter_madgwick_node-3] [INFO] [1770696916.010236386] [imu_filter]: Parameter RLController.pid_kd_ang set to 0.101139
[imu_filter_madgwick_node-3] [INFO] [1770696916.425559277] [imu_filter]: Parameter RLController.pid_kp_lin set to 1.261390
[imu_filter_madgwick_node-3] [INFO] [1770696916.425840787] [imu_filter]: Parameter RLController.pid_ki_lin set to 0.000000
[imu_filter_madgwick_node-3] [INFO] [1770696916.426050488] [imu_filter]: Parameter RLController.pid_kd_lin set to 0.020000
[imu_filter_madgwick_node-3] [INFO] [1770696916.426190619] [imu_filter]: Parameter RLController.pid_kp_ang set to 1.231137
[imu_filter_madgwick_node-3] [INFO] [1770696916.426324830] [imu_filter]: Parameter RLController.pid_ki_ang set to 0.000000
[imu_filter_madgwick_node-3] [INFO] [1770696916.426453537] [imu_filter]: Parameter RLController.pid_kd_ang set to 0.101139
[imu_filter_madgwick_node-3] [INFO] [1770696916.847469809] [imu_filter]: Parameter RLController.pid_kp_lin set to 1.261390
[imu_filter_madgwick_node-3] [INFO] [1770696916.847670934] [imu_filter]: Parameter RLController.pid_ki_lin set to 0.000000
[imu_filter_madgwick_node-3] [INFO] [1770696916.847736183] [imu_filter]: Parameter RLController.pid_kd_lin set to 0.020000
[imu_filter_madgwick_node-3] [INFO] [1770696916.847794425] [imu_filter]: Parameter RLController.pid_kp_ang set to 1.231137
[imu_filter_madgwick_node-3] [INFO] [1770696916.847848730] [imu_filter]: Parameter RLController.pid_ki_ang set to 0.000000
[imu_filter_madgwick_node-3] [INFO] [1770696916.847900987] [imu_filter]: Parameter RLController.pid_kd_ang set to 0.101139
[imu_filter_madgwick_node-3] [INFO] [1770696917.262050347] [imu_filter]: Parameter RLController.pid_kp_lin set to 1.261390
[imu_filter_madgwick_node-3] [INFO] [1770696917.262268208] [imu_filter]: Parameter RLController.pid_ki_lin set to 0.000000
[imu_filter_madgwick_node-3] [INFO] [1770696917.262336049] [imu_filter]: Parameter RLController.pid_kd_lin set to 0.020000
[imu_filter_madgwick_node-3] [INFO] [1770696917.262396979] [imu_filter]: Parameter RLController.pid_kp_ang set to 1.231137
[imu_filter_madgwick_node-3] [INFO] [1770696917.262454036] [imu_filter]: Parameter RLController.pid_ki_ang set to 0.000000
[imu_filter_madgwick_node-3] [INFO] [1770696917.262509077] [imu_filter]: Parameter RLController.pid_kd_ang set to 0.101139
[imu_filter_madgwick_node-3] [INFO] [1770696917.690675019] [imu_filter]: Parameter RLController.pid_kp_lin set to 1.261390
[imu_filter_madgwick_node-3] [INFO] [1770696917.690930801] [imu_filter]: Parameter RLController.pid_ki_lin set to 0.000000
[imu_filter_madgwick_node-3] [INFO] [1770696917.691002963] [imu_filter]: Parameter RLController.pid_kd_lin set to 0.020000
[imu_filter_madgwick_node-3] [INFO] [1770696917.691430973] [imu_filter]: Parameter RLController.pid_kp_ang set to 1.231137
[imu_filter_madgwick_node-3] [INFO] [1770696917.695772834] [imu_filter]: Parameter RLController.pid_ki_ang set to 0.000000
[imu_filter_madgwick_node-3] [INFO] [1770696917.696003079] [imu_filter]: Parameter RLController.pid_kd_ang set to 0.101139
[imu_filter_madgwick_node-3] [INFO] [1770696918.101439116] [imu_filter]: Parameter RLController.pid_kp_lin set to 1.261390
[imu_filter_madgwick_node-3] [INFO] [1770696918.101661201] [imu_filter]: Parameter RLController.pid_ki_lin set to 0.000000
[imu_filter_madgwick_node-3] [INFO] [1770696918.101868918] [imu_filter]: Parameter RLController.pid_kd_lin set to 0.020000
[imu_filter_madgwick_node-3] [INFO] [1770696918.101935512] [imu_filter]: Parameter RLController.pid_kp_ang set to 1.231137
[imu_filter_madgwick_node-3] [INFO] [1770696918.101994361] [imu_filter]: Parameter RLController.pid_ki_ang set to 0.000000
[imu_filter_madgwick_node-3] [INFO] [1770696918.102050618] [imu_filter]: Parameter RLController.pid_kd_ang set to 0.101139
[imu_filter_madgwick_node-3] [INFO] [1770696918.519948289] [imu_filter]: Parameter RLController.pid_kp_lin set to 1.261390
[imu_filter_madgwick_node-3] [INFO] [1770696918.520144902] [imu_filter]: Parameter RLController.pid_ki_lin set to 0.000000
[imu_filter_madgwick_node-3] [INFO] [1770696918.520242312] [imu_filter]: Parameter RLController.pid_kd_lin set to 0.020000
[imu_filter_madgwick_node-3] [INFO] [1770696918.520309674] [imu_filter]: Parameter RLController.pid_kp_ang set to 1.231137
[imu_filter_madgwick_node-3] [INFO] [1770696918.520368747] [imu_filter]: Parameter RLController.pid_ki_ang set to 0.000000
[imu_filter_madgwick_node-3] [INFO] [1770696918.520426060] [imu_filter]: Parameter RLController.pid_kd_ang set to 0.101139
[imu_filter_madgwick_node-3] [INFO] [1770696918.940360387] [imu_filter]: Parameter RLController.pid_kp_lin set to 1.261390
[imu_filter_madgwick_node-3] [INFO] [1770696918.940676234] [imu_filter]: Parameter RLController.pid_ki_lin set to 0.000000
[imu_filter_madgwick_node-3] [INFO] [1770696918.940810509] [imu_filter]: Parameter RLController.pid_kd_lin set to 0.020000
[imu_filter_madgwick_node-3] [INFO] [1770696918.940879631] [imu_filter]: Parameter RLController.pid_kp_ang set to 1.231137
[imu_filter_madgwick_node-3] [INFO] [1770696918.940936336] [imu_filter]: Parameter RLController.pid_ki_ang set to 0.000000
[imu_filter_madgwick_node-3] [INFO] [1770696918.940992273] [imu_filter]: Parameter RLController.pid_kd_ang set to 0.101139
[imu_filter_madgwick_node-3] [INFO] [1770696919.343925404] [imu_filter]: Parameter RLController.pid_kp_lin set to 1.261390
[imu_filter_madgwick_node-3] [INFO] [1770696919.344137697] [imu_filter]: Parameter RLController.pid_ki_lin set to 0.000000
[imu_filter_madgwick_node-3] [INFO] [1770696919.344274340] [imu_filter]: Parameter RLController.pid_kd_lin set to 0.020000
[imu_filter_madgwick_node-3] [INFO] [1770696919.344352806] [imu_filter]: Parameter RLController.pid_kp_ang set to 1.231137
[imu_filter_madgwick_node-3] [INFO] [1770696919.344418823] [imu_filter]: Parameter RLController.pid_ki_ang set to 0.000000
[imu_filter_madgwick_node-3] [INFO] [1770696919.344486217] [imu_filter]: Parameter RLController.pid_kd_ang set to 0.101139
[imu_filter_madgwick_node-3] [INFO] [1770696919.762384048] [imu_filter]: Parameter RLController.pid_kp_lin set to 1.261390
[imu_filter_madgwick_node-3] [INFO] [1770696919.765198801] [imu_filter]: Parameter RLController.pid_ki_lin set to 0.000000
[imu_filter_madgwick_node-3] [INFO] [1770696919.765781599] [imu_filter]: Parameter RLController.pid_kd_lin set to 0.020000
[imu_filter_madgwick_node-3] [INFO] [1770696919.765892321] [imu_filter]: Parameter RLController.pid_kp_ang set to 1.231137
[imu_filter_madgwick_node-3] [INFO] [1770696919.765959587] [imu_filter]: Parameter RLController.pid_ki_ang set to 0.000000
[imu_filter_madgwick_node-3] [INFO] [1770696919.766020388] [imu_filter]: Parameter RLController.pid_kd_ang set to 0.101139
[imu_filter_madgwick_node-3] [INFO] [1770696920.178927703] [imu_filter]: Parameter RLController.pid_kp_lin set to 1.261390
[imu_filter_madgwick_node-3] [INFO] [1770696920.179144028] [imu_filter]: Parameter RLController.pid_ki_lin set to 0.000000
[imu_filter_madgwick_node-3] [INFO] [1770696920.179216190] [imu_filter]: Parameter RLController.pid_kd_lin set to 0.020000
[imu_filter_madgwick_node-3] [INFO] [1770696920.179293279] [imu_filter]: Parameter RLController.pid_kp_ang set to 1.231137
[imu_filter_madgwick_node-3] [INFO] [1770696920.179348001] [imu_filter]: Parameter RLController.pid_ki_ang set to 0.000000
[imu_filter_madgwick_node-3] [INFO] [1770696920.184448535] [imu_filter]: Parameter RLController.pid_kd_ang set to 0.101139
[imu_filter_madgwick_node-3] [INFO] [1770696920.598519525] [imu_filter]: Parameter RLController.pid_kp_lin set to 1.261390
[imu_filter_madgwick_node-3] [INFO] [1770696920.598849901] [imu_filter]: Parameter RLController.pid_ki_lin set to 0.000000
[imu_filter_madgwick_node-3] [INFO] [1770696920.598933775] [imu_filter]: Parameter RLController.pid_kd_lin set to 0.020000
[imu_filter_madgwick_node-3] [INFO] [1770696920.598994736] [imu_filter]: Parameter RLController.pid_kp_ang set to 1.231137
[imu_filter_madgwick_node-3] [INFO] [1770696920.599052754] [imu_filter]: Parameter RLController.pid_ki_ang set to 0.000000
[imu_filter_madgwick_node-3] [INFO] [1770696920.599239830] [imu_filter]: Parameter RLController.pid_kd_ang set to 0.101139
[imu_filter_madgwick_node-3] [INFO] [1770696921.022605756] [imu_filter]: Parameter RLController.pid_kp_lin set to 1.261390
[imu_filter_madgwick_node-3] [INFO] [1770696921.022810913] [imu_filter]: Parameter RLController.pid_ki_lin set to 0.000000
[imu_filter_madgwick_node-3] [INFO] [1770696921.022879715] [imu_filter]: Parameter RLController.pid_kd_lin set to 0.020000
[imu_filter_madgwick_node-3] [INFO] [1770696921.022939396] [imu_filter]: Parameter RLController.pid_kp_ang set to 1.231137
[imu_filter_madgwick_node-3] [INFO] [1770696921.022993637] [imu_filter]: Parameter RLController.pid_ki_ang set to 0.000000
[imu_filter_madgwick_node-3] [INFO] [1770696921.023046247] [imu_filter]: Parameter RLController.pid_kd_ang set to 0.101139
[imu_filter_madgwick_node-3] [INFO] [1770696921.450199045] [imu_filter]: Parameter RLController.pid_kp_lin set to 1.261390
[imu_filter_madgwick_node-3] [INFO] [1770696921.450409418] [imu_filter]: Parameter RLController.pid_ki_lin set to 0.000000
[imu_filter_madgwick_node-3] [INFO] [1770696921.450482188] [imu_filter]: Parameter RLController.pid_kd_lin set to 0.020000
[imu_filter_madgwick_node-3] [INFO] [1770696921.450563373] [imu_filter]: Parameter RLController.pid_kp_ang set to 1.231137
[imu_filter_madgwick_node-3] [INFO] [1770696921.450621391] [imu_filter]: Parameter RLController.pid_ki_ang set to 0.000000
[imu_filter_madgwick_node-3] [INFO] [1770696921.450679536] [imu_filter]: Parameter RLController.pid_kd_ang set to 0.101139
[imu_filter_madgwick_node-3] [INFO] [1770696921.863188986] [imu_filter]: Parameter RLController.pid_kp_lin set to 1.261390
[imu_filter_madgwick_node-3] [INFO] [1770696921.863383934] [imu_filter]: Parameter RLController.pid_ki_lin set to 0.000000
[imu_filter_madgwick_node-3] [INFO] [1770696921.863456128] [imu_filter]: Parameter RLController.pid_kd_lin set to 0.020000
[imu_filter_madgwick_node-3] [INFO] [1770696921.863517889] [imu_filter]: Parameter RLController.pid_kp_ang set to 1.231137
[imu_filter_madgwick_node-3] [INFO] [1770696921.863575459] [imu_filter]: Parameter RLController.pid_ki_ang set to 0.000000
[imu_filter_madgwick_node-3] [INFO] [1770696921.863631396] [imu_filter]: Parameter RLController.pid_kd_ang set to 0.101139
[imu_filter_madgwick_node-3] [INFO] [1770696922.276711963] [imu_filter]: Parameter RLController.pid_kp_lin set to 1.261390
[imu_filter_madgwick_node-3] [INFO] [1770696922.276918463] [imu_filter]: Parameter RLController.pid_ki_lin set to 0.000000
[imu_filter_madgwick_node-3] [INFO] [1770696922.276990977] [imu_filter]: Parameter RLController.pid_kd_lin set to 0.020000
[imu_filter_madgwick_node-3] [INFO] [1770696922.277052674] [imu_filter]: Parameter RLController.pid_kp_ang set to 1.231137
[imu_filter_madgwick_node-3] [INFO] [1770696922.277114084] [imu_filter]: Parameter RLController.pid_ki_ang set to 0.000000
[imu_filter_madgwick_node-3] [INFO] [1770696922.277170757] [imu_filter]: Parameter RLController.pid_kd_ang set to 0.101139
[imu_filter_madgwick_node-3] [INFO] [1770696922.687689344] [imu_filter]: Parameter RLController.pid_kp_lin set to 1.261390
[imu_filter_madgwick_node-3] [INFO] [1770696922.687972743] [imu_filter]: Parameter RLController.pid_ki_lin set to 0.000000
[imu_filter_madgwick_node-3] [INFO] [1770696922.691824961] [imu_filter]: Parameter RLController.pid_kd_lin set to 0.020000
[imu_filter_madgwick_node-3] [INFO] [1770696922.692018469] [imu_filter]: Parameter RLController.pid_kp_ang set to 1.231137
[imu_filter_madgwick_node-3] [INFO] [1770696922.692087143] [imu_filter]: Parameter RLController.pid_ki_ang set to 0.000000
[imu_filter_madgwick_node-3] [INFO] [1770696922.692148296] [imu_filter]: Parameter RLController.pid_kd_ang set to 0.101139
[imu_filter_madgwick_node-3] [INFO] [1770696923.108932661] [imu_filter]: Parameter RLController.pid_kp_lin set to 1.261390
[imu_filter_madgwick_node-3] [INFO] [1770696923.109281181] [imu_filter]: Parameter RLController.pid_ki_lin set to 0.000000
[imu_filter_madgwick_node-3] [INFO] [1770696923.109366591] [imu_filter]: Parameter RLController.pid_kd_lin set to 0.020000
[imu_filter_madgwick_node-3] [INFO] [1770696923.109431425] [imu_filter]: Parameter RLController.pid_kp_ang set to 1.231137
[imu_filter_madgwick_node-3] [INFO] [1770696923.109487778] [imu_filter]: Parameter RLController.pid_ki_ang set to 0.000000
[imu_filter_madgwick_node-3] [INFO] [1770696923.109546339] [imu_filter]: Parameter RLController.pid_kd_ang set to 0.101139
[imu_filter_madgwick_node-3] [INFO] [1770696923.520918130] [imu_filter]: Parameter RLController.pid_kp_lin set to 1.261390
[imu_filter_madgwick_node-3] [INFO] [1770696923.521128343] [imu_filter]: Parameter RLController.pid_ki_lin set to 0.000000
[imu_filter_madgwick_node-3] [INFO] [1770696923.521216025] [imu_filter]: Parameter RLController.pid_kd_lin set to 0.020000
[imu_filter_madgwick_node-3] [INFO] [1770696923.521287035] [imu_filter]: Parameter RLController.pid_kp_ang set to 1.231137
[imu_filter_madgwick_node-3] [INFO] [1770696923.521348572] [imu_filter]: Parameter RLController.pid_ki_ang set to 0.000000
[imu_filter_madgwick_node-3] [INFO] [1770696923.521407902] [imu_filter]: Parameter RLController.pid_kd_ang set to 0.101139
[imu_filter_madgwick_node-3] [INFO] [1770696923.929384541] [imu_filter]: Parameter RLController.pid_kp_lin set to 1.261390
[imu_filter_madgwick_node-3] [INFO] [1770696923.929642147] [imu_filter]: Parameter RLController.pid_ki_lin set to 0.000000
[imu_filter_madgwick_node-3] [INFO] [1770696923.929724229] [imu_filter]: Parameter RLController.pid_kd_lin set to 0.020000
[imu_filter_madgwick_node-3] [INFO] [1770696923.929788583] [imu_filter]: Parameter RLController.pid_kp_ang set to 1.231137
[imu_filter_madgwick_node-3] [INFO] [1770696923.935226213] [imu_filter]: Parameter RLController.pid_ki_ang set to 0.000000
[imu_filter_madgwick_node-3] [INFO] [1770696923.935535917] [imu_filter]: Parameter RLController.pid_kd_ang set to 0.101139
[imu_filter_madgwick_node-3] [INFO] [1770696924.344714184] [imu_filter]: Parameter RLController.pid_kp_lin set to 1.261390
[imu_filter_madgwick_node-3] [INFO] [1770696924.344920013] [imu_filter]: Parameter RLController.pid_ki_lin set to 0.000000
[imu_filter_madgwick_node-3] [INFO] [1770696924.344990735] [imu_filter]: Parameter RLController.pid_kd_lin set to 0.020000
[imu_filter_madgwick_node-3] [INFO] [1770696924.345052176] [imu_filter]: Parameter RLController.pid_kp_ang set to 1.231137
[imu_filter_madgwick_node-3] [INFO] [1770696924.345109810] [imu_filter]: Parameter RLController.pid_ki_ang set to 0.000000
[imu_filter_madgwick_node-3] [INFO] [1770696924.345166643] [imu_filter]: Parameter RLController.pid_kd_ang set to 0.101139
[imu_filter_madgwick_node-3] [INFO] [1770696924.763752266] [imu_filter]: Parameter RLController.pid_kp_lin set to 1.261390
[imu_filter_madgwick_node-3] [INFO] [1770696924.763947630] [imu_filter]: Parameter RLController.pid_ki_lin set to 0.000000
[imu_filter_madgwick_node-3] [INFO] [1770696924.764016848] [imu_filter]: Parameter RLController.pid_kd_lin set to 0.020000
[imu_filter_madgwick_node-3] [INFO] [1770696924.764078545] [imu_filter]: Parameter RLController.pid_kp_ang set to 1.231137
[imu_filter_madgwick_node-3] [INFO] [1770696924.764135347] [imu_filter]: Parameter RLController.pid_ki_ang set to 0.000000
[imu_filter_madgwick_node-3] [INFO] [1770696924.764227317] [imu_filter]: Parameter RLController.pid_kd_ang set to 0.101139
[imu_filter_madgwick_node-3] [INFO] [1770696925.182528677] [imu_filter]: Parameter RLController.pid_kp_lin set to 1.261390
[imu_filter_madgwick_node-3] [INFO] [1770696925.182854701] [imu_filter]: Parameter RLController.pid_ki_lin set to 0.000000
[imu_filter_madgwick_node-3] [INFO] [1770696925.182940719] [imu_filter]: Parameter RLController.pid_kd_lin set to 0.020000
[imu_filter_madgwick_node-3] [INFO] [1770696925.183009328] [imu_filter]: Parameter RLController.pid_kp_ang set to 1.231137
[imu_filter_madgwick_node-3] [INFO] [1770696925.183071826] [imu_filter]: Parameter RLController.pid_ki_ang set to 0.000000
[imu_filter_madgwick_node-3] [INFO] [1770696925.183134515] [imu_filter]: Parameter RLController.pid_kd_ang set to 0.101139
[imu_filter_madgwick_node-3] [INFO] [1770696925.617063920] [imu_filter]: Parameter RLController.pid_kp_lin set to 1.261390
[imu_filter_madgwick_node-3] [INFO] [1770696925.617297685] [imu_filter]: Parameter RLController.pid_ki_lin set to 0.000000
[imu_filter_madgwick_node-3] [INFO] [1770696925.617371703] [imu_filter]: Parameter RLController.pid_kd_lin set to 0.020000
[imu_filter_madgwick_node-3] [INFO] [1770696925.617435864] [imu_filter]: Parameter RLController.pid_kp_ang set to 1.231137
[imu_filter_madgwick_node-3] [INFO] [1770696925.617495098] [imu_filter]: Parameter RLController.pid_ki_ang set to 0.000000
[imu_filter_madgwick_node-3] [INFO] [1770696925.617555579] [imu_filter]: Parameter RLController.pid_kd_ang set to 0.101139
[imu_filter_madgwick_node-3] [INFO] [1770696926.027674093] [imu_filter]: Parameter RLController.pid_kp_lin set to 1.261390
[imu_filter_madgwick_node-3] [INFO] [1770696926.028112119] [imu_filter]: Parameter RLController.pid_ki_lin set to 0.000000
[imu_filter_madgwick_node-3] [INFO] [1770696926.028300795] [imu_filter]: Parameter RLController.pid_kd_lin set to 0.020000
[imu_filter_madgwick_node-3] [INFO] [1770696926.028378429] [imu_filter]: Parameter RLController.pid_kp_ang set to 1.231137
[imu_filter_madgwick_node-3] [INFO] [1770696926.028443135] [imu_filter]: Parameter RLController.pid_ki_ang set to 0.000000
[imu_filter_madgwick_node-3] [INFO] [1770696926.028501920] [imu_filter]: Parameter RLController.pid_kd_ang set to 0.101139
[imu_filter_madgwick_node-3] [INFO] [1770696926.446762159] [imu_filter]: Parameter RLController.pid_kp_lin set to 1.261390
[imu_filter_madgwick_node-3] [INFO] [1770696926.447097527] [imu_filter]: Parameter RLController.pid_ki_lin set to 0.000000
[imu_filter_madgwick_node-3] [INFO] [1770696926.447223962] [imu_filter]: Parameter RLController.pid_kd_lin set to 0.020000
[imu_filter_madgwick_node-3] [INFO] [1770696926.447291260] [imu_filter]: Parameter RLController.pid_kp_ang set to 1.231137
[imu_filter_madgwick_node-3] [INFO] [1770696926.447349053] [imu_filter]: Parameter RLController.pid_ki_ang set to 0.000000
[imu_filter_madgwick_node-3] [INFO] [1770696926.447404126] [imu_filter]: Parameter RLController.pid_kd_ang set to 0.101139
[imu_filter_madgwick_node-3] [INFO] [1770696926.858233377] [imu_filter]: Parameter RLController.pid_kp_lin set to 1.261390
[imu_filter_madgwick_node-3] [INFO] [1770696926.858429125] [imu_filter]: Parameter RLController.pid_ki_lin set to 0.000000
[imu_filter_madgwick_node-3] [INFO] [1770696926.858621610] [imu_filter]: Parameter RLController.pid_kd_lin set to 0.020000
[imu_filter_madgwick_node-3] [INFO] [1770696926.858689227] [imu_filter]: Parameter RLController.pid_kp_ang set to 1.231137
[imu_filter_madgwick_node-3] [INFO] [1770696926.858750669] [imu_filter]: Parameter RLController.pid_ki_ang set to 0.000000
[imu_filter_madgwick_node-3] [INFO] [1770696926.858810414] [imu_filter]: Parameter RLController.pid_kd_ang set to 0.101139
[imu_filter_madgwick_node-3] [INFO] [1770696927.272095849] [imu_filter]: Parameter RLController.pid_kp_lin set to 1.261390
[imu_filter_madgwick_node-3] [INFO] [1770696927.272367696] [imu_filter]: Parameter RLController.pid_ki_lin set to 0.000000
[imu_filter_madgwick_node-3] [INFO] [1770696927.272451058] [imu_filter]: Parameter RLController.pid_kd_lin set to 0.020000
[imu_filter_madgwick_node-3] [INFO] [1770696927.272529780] [imu_filter]: Parameter RLController.pid_kp_ang set to 1.231137
[imu_filter_madgwick_node-3] [INFO] [1770696927.272594197] [imu_filter]: Parameter RLController.pid_ki_ang set to 0.000000
[imu_filter_madgwick_node-3] [INFO] [1770696927.272656246] [imu_filter]: Parameter RLController.pid_kd_ang set to 0.101139
[imu_filter_madgwick_node-3] [INFO] [1770696927.684062214] [imu_filter]: Parameter RLController.pid_kp_lin set to 1.261390
[imu_filter_madgwick_node-3] [INFO] [1770696927.684379373] [imu_filter]: Parameter RLController.pid_ki_lin set to 0.000000
[imu_filter_madgwick_node-3] [INFO] [1770696927.684460879] [imu_filter]: Parameter RLController.pid_kd_lin set to 0.020000
[imu_filter_madgwick_node-3] [INFO] [1770696927.684526641] [imu_filter]: Parameter RLController.pid_kp_ang set to 1.231137
[imu_filter_madgwick_node-3] [INFO] [1770696927.684584850] [imu_filter]: Parameter RLController.pid_ki_ang set to 0.000000
[imu_filter_madgwick_node-3] [INFO] [1770696927.684643796] [imu_filter]: Parameter RLController.pid_kd_ang set to 0.101139
[imu_filter_madgwick_node-3] [INFO] [1770696928.114218443] [imu_filter]: Parameter RLController.pid_kp_lin set to 1.261390
[imu_filter_madgwick_node-3] [INFO] [1770696928.114437264] [imu_filter]: Parameter RLController.pid_ki_lin set to 0.000000
[imu_filter_madgwick_node-3] [INFO] [1770696928.114509553] [imu_filter]: Parameter RLController.pid_kd_lin set to 0.020000
[imu_filter_madgwick_node-3] [INFO] [1770696928.114570451] [imu_filter]: Parameter RLController.pid_kp_ang set to 1.231137
[imu_filter_madgwick_node-3] [INFO] [1770696928.114627700] [imu_filter]: Parameter RLController.pid_ki_ang set to 0.000000
[imu_filter_madgwick_node-3] [INFO] [1770696928.114685205] [imu_filter]: Parameter RLController.pid_kd_ang set to 0.101139
[imu_filter_madgwick_node-3] [INFO] [1770696928.537217000] [imu_filter]: Parameter RLController.pid_kp_lin set to 1.261390
[imu_filter_madgwick_node-3] [INFO] [1770696928.537698131] [imu_filter]: Parameter RLController.pid_ki_lin set to 0.000000
[imu_filter_madgwick_node-3] [INFO] [1770696928.537792246] [imu_filter]: Parameter RLController.pid_kd_lin set to 0.020000
[imu_filter_madgwick_node-3] [INFO] [1770696928.537863479] [imu_filter]: Parameter RLController.pid_kp_ang set to 1.231137
[imu_filter_madgwick_node-3] [INFO] [1770696928.537923737] [imu_filter]: Parameter RLController.pid_ki_ang set to 0.000000
[imu_filter_madgwick_node-3] [INFO] [1770696928.537982874] [imu_filter]: Parameter RLController.pid_kd_ang set to 0.101139
[imu_filter_madgwick_node-3] [INFO] [1770696928.950366209] [imu_filter]: Parameter RLController.pid_kp_lin set to 1.261390
[imu_filter_madgwick_node-3] [INFO] [1770696928.950569349] [imu_filter]: Parameter RLController.pid_ki_lin set to 0.000000
[imu_filter_madgwick_node-3] [INFO] [1770696928.950642695] [imu_filter]: Parameter RLController.pid_kd_lin set to 0.020000
[imu_filter_madgwick_node-3] [INFO] [1770696928.950728585] [imu_filter]: Parameter RLController.pid_kp_ang set to 1.231137
[imu_filter_madgwick_node-3] [INFO] [1770696928.950789226] [imu_filter]: Parameter RLController.pid_ki_ang set to 0.000000
[imu_filter_madgwick_node-3] [INFO] [1770696928.950852684] [imu_filter]: Parameter RLController.pid_kd_ang set to 0.101139
[imu_filter_madgwick_node-3] [INFO] [1770696929.364441614] [imu_filter]: Parameter RLController.pid_kp_lin set to 1.261390
[imu_filter_madgwick_node-3] [INFO] [1770696929.364673876] [imu_filter]: Parameter RLController.pid_ki_lin set to 0.000000
[imu_filter_madgwick_node-3] [INFO] [1770696929.364754006] [imu_filter]: Parameter RLController.pid_kd_lin set to 0.020000
[imu_filter_madgwick_node-3] [INFO] [1770696929.364823063] [imu_filter]: Parameter RLController.pid_kp_ang set to 1.231137
[imu_filter_madgwick_node-3] [INFO] [1770696929.364885849] [imu_filter]: Parameter RLController.pid_ki_ang set to 0.000000
[imu_filter_madgwick_node-3] [INFO] [1770696929.364944954] [imu_filter]: Parameter RLController.pid_kd_ang set to 0.101139
[imu_filter_madgwick_node-3] [INFO] [1770696929.781169498] [imu_filter]: Parameter RLController.pid_kp_lin set to 1.261390
[imu_filter_madgwick_node-3] [INFO] [1770696929.783616819] [imu_filter]: Parameter RLController.pid_ki_lin set to 0.000000
[imu_filter_madgwick_node-3] [INFO] [1770696929.783784055] [imu_filter]: Parameter RLController.pid_kd_lin set to 0.020000
[imu_filter_madgwick_node-3] [INFO] [1770696929.783966651] [imu_filter]: Parameter RLController.pid_kp_ang set to 1.231137
[imu_filter_madgwick_node-3] [INFO] [1770696929.784034173] [imu_filter]: Parameter RLController.pid_ki_ang set to 0.000000
[imu_filter_madgwick_node-3] [INFO] [1770696929.784094974] [imu_filter]: Parameter RLController.pid_kd_ang set to 0.101139
[imu_filter_madgwick_node-3] [INFO] [1770696930.195992505] [imu_filter]: Parameter RLController.pid_kp_lin set to 1.261390
[imu_filter_madgwick_node-3] [INFO] [1770696930.196252319] [imu_filter]: Parameter RLController.pid_ki_lin set to 0.000000
[imu_filter_madgwick_node-3] [INFO] [1770696930.196333697] [imu_filter]: Parameter RLController.pid_kd_lin set to 0.020000
[imu_filter_madgwick_node-3] [INFO] [1770696930.196395939] [imu_filter]: Parameter RLController.pid_kp_ang set to 1.231137
[imu_filter_madgwick_node-3] [INFO] [1770696930.196451076] [imu_filter]: Parameter RLController.pid_ki_ang set to 0.000000
[imu_filter_madgwick_node-3] [INFO] [1770696930.196507013] [imu_filter]: Parameter RLController.pid_kd_ang set to 0.101139
[imu_filter_madgwick_node-3] [INFO] [1770696930.614169959] [imu_filter]: Parameter RLController.pid_kp_lin set to 1.261390
[imu_filter_madgwick_node-3] [INFO] [1770696930.614354539] [imu_filter]: Parameter RLController.pid_ki_lin set to 0.000000
[imu_filter_madgwick_node-3] [INFO] [1770696930.614422573] [imu_filter]: Parameter RLController.pid_kd_lin set to 0.020000
[imu_filter_madgwick_node-3] [INFO] [1770696930.614485262] [imu_filter]: Parameter RLController.pid_kp_ang set to 1.231137
[imu_filter_madgwick_node-3] [INFO] [1770696930.614541455] [imu_filter]: Parameter RLController.pid_ki_ang set to 0.000000
[imu_filter_madgwick_node-3] [INFO] [1770696930.614598161] [imu_filter]: Parameter RLController.pid_kd_ang set to 0.101139
[imu_filter_madgwick_node-3] [INFO] [1770696931.031343933] [imu_filter]: Parameter RLController.pid_kp_lin set to 1.261390
[imu_filter_madgwick_node-3] [INFO] [1770696931.031682117] [imu_filter]: Parameter RLController.pid_ki_lin set to 0.000000
[imu_filter_madgwick_node-3] [INFO] [1770696931.031773447] [imu_filter]: Parameter RLController.pid_kd_lin set to 0.020000
[imu_filter_madgwick_node-3] [INFO] [1770696931.031841512] [imu_filter]: Parameter RLController.pid_kp_ang set to 1.231137
[imu_filter_madgwick_node-3] [INFO] [1770696931.031903370] [imu_filter]: Parameter RLController.pid_ki_ang set to 0.000000
[imu_filter_madgwick_node-3] [INFO] [1770696931.031963243] [imu_filter]: Parameter RLController.pid_kd_ang set to 0.101139
[imu_filter_madgwick_node-3] [INFO] [1770696931.443734659] [imu_filter]: Parameter RLController.pid_kp_lin set to 1.261390
[imu_filter_madgwick_node-3] [INFO] [1770696931.443945832] [imu_filter]: Parameter RLController.pid_ki_lin set to 0.000000
[imu_filter_madgwick_node-3] [INFO] [1770696931.444021194] [imu_filter]: Parameter RLController.pid_kd_lin set to 0.020000
[imu_filter_madgwick_node-3] [INFO] [1770696931.444083531] [imu_filter]: Parameter RLController.pid_kp_ang set to 1.231137
[imu_filter_madgwick_node-3] [INFO] [1770696931.444143821] [imu_filter]: Parameter RLController.pid_ki_ang set to 0.000000
[imu_filter_madgwick_node-3] [INFO] [1770696931.444237199] [imu_filter]: Parameter RLController.pid_kd_ang set to 0.101139
[imu_filter_madgwick_node-3] [INFO] [1770696931.859467832] [imu_filter]: Parameter RLController.pid_kp_lin set to 1.261390
[imu_filter_madgwick_node-3] [INFO] [1770696931.859781247] [imu_filter]: Parameter RLController.pid_ki_lin set to 0.000000
[imu_filter_madgwick_node-3] [INFO] [1770696931.859870945] [imu_filter]: Parameter RLController.pid_kd_lin set to 0.020000
[imu_filter_madgwick_node-3] [INFO] [1770696931.862985162] [imu_filter]: Parameter RLController.pid_kp_ang set to 1.231137
[imu_filter_madgwick_node-3] [INFO] [1770696931.863165774] [imu_filter]: Parameter RLController.pid_ki_ang set to 0.000000
[imu_filter_madgwick_node-3] [INFO] [1770696931.863236143] [imu_filter]: Parameter RLController.pid_kd_ang set to 0.101045
[imu_filter_madgwick_node-3] [INFO] [1770696932.276553900] [imu_filter]: Parameter RLController.pid_kp_lin set to 1.261390
[imu_filter_madgwick_node-3] [INFO] [1770696932.276752944] [imu_filter]: Parameter RLController.pid_ki_lin set to 0.000000
[imu_filter_madgwick_node-3] [INFO] [1770696932.276826802] [imu_filter]: Parameter RLController.pid_kd_lin set to 0.020000
[imu_filter_madgwick_node-3] [INFO] [1770696932.276890964] [imu_filter]: Parameter RLController.pid_kp_ang set to 1.231326
[imu_filter_madgwick_node-3] [INFO] [1770696932.276947637] [imu_filter]: Parameter RLController.pid_ki_ang set to 0.000000
[imu_filter_madgwick_node-3] [INFO] [1770696932.277010550] [imu_filter]: Parameter RLController.pid_kd_ang set to 0.100940
[imu_filter_madgwick_node-3] [INFO] [1770696932.688937874] [imu_filter]: Parameter RLController.pid_kp_lin set to 1.261390
[imu_filter_madgwick_node-3] [INFO] [1770696932.690127598] [imu_filter]: Parameter RLController.pid_ki_lin set to 0.000000
[imu_filter_madgwick_node-3] [INFO] [1770696932.690271377] [imu_filter]: Parameter RLController.pid_kd_lin set to 0.020000
[imu_filter_madgwick_node-3] [INFO] [1770696932.690339059] [imu_filter]: Parameter RLController.pid_kp_ang set to 1.231326
[imu_filter_madgwick_node-3] [INFO] [1770696932.690397492] [imu_filter]: Parameter RLController.pid_ki_ang set to 0.000000
[imu_filter_madgwick_node-3] [INFO] [1770696932.690563288] [imu_filter]: Parameter RLController.pid_kd_ang set to 0.100844
[imu_filter_madgwick_node-3] [INFO] [1770696933.104143802] [imu_filter]: Parameter RLController.pid_kp_lin set to 1.261390
[imu_filter_madgwick_node-3] [INFO] [1770696933.104394880] [imu_filter]: Parameter RLController.pid_ki_lin set to 0.000000
[imu_filter_madgwick_node-3] [INFO] [1770696933.104468674] [imu_filter]: Parameter RLController.pid_kd_lin set to 0.020000
[imu_filter_madgwick_node-3] [INFO] [1770696933.104530595] [imu_filter]: Parameter RLController.pid_kp_ang set to 1.231326
[imu_filter_madgwick_node-3] [INFO] [1770696933.104587205] [imu_filter]: Parameter RLController.pid_ki_ang set to 0.000000
[imu_filter_madgwick_node-3] [INFO] [1770696933.104642694] [imu_filter]: Parameter RLController.pid_kd_ang set to 0.100759
[imu_filter_madgwick_node-3] [INFO] [1770696933.534613510] [imu_filter]: Parameter RLController.pid_kp_lin set to 1.261390
[imu_filter_madgwick_node-3] [INFO] [1770696933.534795018] [imu_filter]: Parameter RLController.pid_ki_lin set to 0.000000
[imu_filter_madgwick_node-3] [INFO] [1770696933.534864748] [imu_filter]: Parameter RLController.pid_kd_lin set to 0.020000
[imu_filter_madgwick_node-3] [INFO] [1770696933.534927469] [imu_filter]: Parameter RLController.pid_kp_ang set to 1.231326
[imu_filter_madgwick_node-3] [INFO] [1770696933.534986319] [imu_filter]: Parameter RLController.pid_ki_ang set to 0.000000
[imu_filter_madgwick_node-3] [INFO] [1770696933.535040784] [imu_filter]: Parameter RLController.pid_kd_ang set to 0.100681
[imu_filter_madgwick_node-3] [INFO] [1770696933.963606159] [imu_filter]: Parameter RLController.pid_kp_lin set to 1.261390
[imu_filter_madgwick_node-3] [INFO] [1770696933.963810676] [imu_filter]: Parameter RLController.pid_ki_lin set to 0.000000
[imu_filter_madgwick_node-3] [INFO] [1770696933.963879542] [imu_filter]: Parameter RLController.pid_kd_lin set to 0.020000
[imu_filter_madgwick_node-3] [INFO] [1770696933.963940471] [imu_filter]: Parameter RLController.pid_kp_ang set to 1.231326
[imu_filter_madgwick_node-3] [INFO] [1770696933.963996888] [imu_filter]: Parameter RLController.pid_ki_ang set to 0.000000
[imu_filter_madgwick_node-3] [INFO] [1770696933.964053914] [imu_filter]: Parameter RLController.pid_kd_ang set to 0.100608
[imu_filter_madgwick_node-3] [INFO] [1770696934.384359833] [imu_filter]: Parameter RLController.pid_kp_lin set to 1.261390
[imu_filter_madgwick_node-3] [INFO] [1770696934.384685568] [imu_filter]: Parameter RLController.pid_ki_lin set to 0.000000
[imu_filter_madgwick_node-3] [INFO] [1770696934.384802851] [imu_filter]: Parameter RLController.pid_kd_lin set to 0.020000
[imu_filter_madgwick_node-3] [INFO] [1770696934.384905125] [imu_filter]: Parameter RLController.pid_kp_ang set to 1.231326
[imu_filter_madgwick_node-3] [INFO] [1770696934.384970567] [imu_filter]: Parameter RLController.pid_ki_ang set to 0.000000
[imu_filter_madgwick_node-3] [INFO] [1770696934.385033256] [imu_filter]: Parameter RLController.pid_kd_ang set to 0.100539
[imu_filter_madgwick_node-3] [INFO] [1770696934.798683532] [imu_filter]: Parameter RLController.pid_kp_lin set to 1.261390
[imu_filter_madgwick_node-3] [INFO] [1770696934.798985555] [imu_filter]: Parameter RLController.pid_ki_lin set to 0.000000
[imu_filter_madgwick_node-3] [INFO] [1770696934.799058293] [imu_filter]: Parameter RLController.pid_kd_lin set to 0.020000
[imu_filter_madgwick_node-3] [INFO] [1770696934.799122391] [imu_filter]: Parameter RLController.pid_kp_ang set to 1.231326
[imu_filter_madgwick_node-3] [INFO] [1770696934.799180024] [imu_filter]: Parameter RLController.pid_ki_ang set to 0.000000
[imu_filter_madgwick_node-3] [INFO] [1770696934.799234201] [imu_filter]: Parameter RLController.pid_kd_ang set to 0.100475
[imu_filter_madgwick_node-3] [INFO] [1770696935.213527084] [imu_filter]: Parameter RLController.pid_kp_lin set to 1.261390
[imu_filter_madgwick_node-3] [INFO] [1770696935.216297837] [imu_filter]: Parameter RLController.pid_ki_lin set to 0.000000
[imu_filter_madgwick_node-3] [INFO] [1770696935.216508082] [imu_filter]: Parameter RLController.pid_kd_lin set to 0.020000
[imu_filter_madgwick_node-3] [INFO] [1770696935.216600020] [imu_filter]: Parameter RLController.pid_kp_ang set to 1.231326
[imu_filter_madgwick_node-3] [INFO] [1770696935.216662837] [imu_filter]: Parameter RLController.pid_ki_ang set to 0.000000
[imu_filter_madgwick_node-3] [INFO] [1770696935.216722327] [imu_filter]: Parameter RLController.pid_kd_ang set to 0.100413
[imu_filter_madgwick_node-3] [INFO] [1770696935.645898820] [imu_filter]: Parameter RLController.pid_kp_lin set to 1.261390
[imu_filter_madgwick_node-3] [INFO] [1770696935.646231116] [imu_filter]: Parameter RLController.pid_ki_lin set to 0.000000
[imu_filter_madgwick_node-3] [INFO] [1770696935.646315086] [imu_filter]: Parameter RLController.pid_kd_lin set to 0.020000
[imu_filter_madgwick_node-3] [INFO] [1770696935.646381807] [imu_filter]: Parameter RLController.pid_kp_ang set to 1.231326
[imu_filter_madgwick_node-3] [INFO] [1770696935.646440657] [imu_filter]: Parameter RLController.pid_ki_ang set to 0.000000
[imu_filter_madgwick_node-3] [INFO] [1770696935.646500434] [imu_filter]: Parameter RLController.pid_kd_ang set to 0.100353
[imu_filter_madgwick_node-3] [INFO] [1770696936.060507774] [imu_filter]: Parameter RLController.pid_kp_lin set to 1.261390
[imu_filter_madgwick_node-3] [INFO] [1770696936.060756548] [imu_filter]: Parameter RLController.pid_ki_lin set to 0.000000
[imu_filter_madgwick_node-3] [INFO] [1770696936.060847046] [imu_filter]: Parameter RLController.pid_kd_lin set to 0.020000
[imu_filter_madgwick_node-3] [INFO] [1770696936.060919400] [imu_filter]: Parameter RLController.pid_kp_ang set to 1.231326
[imu_filter_madgwick_node-3] [INFO] [1770696936.060979081] [imu_filter]: Parameter RLController.pid_ki_ang set to 0.000000
[imu_filter_madgwick_node-3] [INFO] [1770696936.061039499] [imu_filter]: Parameter RLController.pid_kd_ang set to 0.100295
[imu_filter_madgwick_node-3] [INFO] [1770696936.463499882] [imu_filter]: Parameter RLController.pid_kp_lin set to 1.261390
[imu_filter_madgwick_node-3] [INFO] [1770696936.463704335] [imu_filter]: Parameter RLController.pid_ki_lin set to 0.000000
[imu_filter_madgwick_node-3] [INFO] [1770696936.463775377] [imu_filter]: Parameter RLController.pid_kd_lin set to 0.020000
[imu_filter_madgwick_node-3] [INFO] [1770696936.463838322] [imu_filter]: Parameter RLController.pid_kp_ang set to 1.231326
[imu_filter_madgwick_node-3] [INFO] [1770696936.463897171] [imu_filter]: Parameter RLController.pid_ki_ang set to 0.000000
[imu_filter_madgwick_node-3] [INFO] [1770696936.463954069] [imu_filter]: Parameter RLController.pid_kd_ang set to 0.100239
[imu_filter_madgwick_node-3] [INFO] [1770696936.889805621] [imu_filter]: Parameter RLController.pid_kp_lin set to 1.261390
[imu_filter_madgwick_node-3] [INFO] [1770696936.890110748] [imu_filter]: Parameter RLController.pid_ki_lin set to 0.000000
[imu_filter_madgwick_node-3] [INFO] [1770696936.890204798] [imu_filter]: Parameter RLController.pid_kd_lin set to 0.020000
[imu_filter_madgwick_node-3] [INFO] [1770696936.890274112] [imu_filter]: Parameter RLController.pid_kp_ang set to 1.231326
[imu_filter_madgwick_node-3] [INFO] [1770696936.890330785] [imu_filter]: Parameter RLController.pid_ki_ang set to 0.000000
[imu_filter_madgwick_node-3] [INFO] [1770696936.890383874] [imu_filter]: Parameter RLController.pid_kd_ang set to 0.100182
[imu_filter_madgwick_node-3] [INFO] [1770696937.304444816] [imu_filter]: Parameter RLController.pid_kp_lin set to 1.261167
[imu_filter_madgwick_node-3] [INFO] [1770696937.304660053] [imu_filter]: Parameter RLController.pid_ki_lin set to 0.000000
[imu_filter_madgwick_node-3] [INFO] [1770696937.304734263] [imu_filter]: Parameter RLController.pid_kd_lin set to 0.020045
[imu_filter_madgwick_node-3] [INFO] [1770696937.304795928] [imu_filter]: Parameter RLController.pid_kp_ang set to 1.231326
[imu_filter_madgwick_node-3] [INFO] [1770696937.304851737] [imu_filter]: Parameter RLController.pid_ki_ang set to 0.000000
[imu_filter_madgwick_node-3] [INFO] [1770696937.304912443] [imu_filter]: Parameter RLController.pid_kd_ang set to 0.100182
[imu_filter_madgwick_node-3] [INFO] [1770696937.715043597] [imu_filter]: Parameter RLController.pid_kp_lin set to 1.261167
[imu_filter_madgwick_node-3] [INFO] [1770696937.715257426] [imu_filter]: Parameter RLController.pid_ki_lin set to 0.000000
[imu_filter_madgwick_node-3] [INFO] [1770696937.717225055] [imu_filter]: Parameter RLController.pid_kd_lin set to 0.020118
[imu_filter_madgwick_node-3] [INFO] [1770696937.717413540] [imu_filter]: Parameter RLController.pid_kp_ang set to 1.231326
[imu_filter_madgwick_node-3] [INFO] [1770696937.717618697] [imu_filter]: Parameter RLController.pid_ki_ang set to 0.000000
[imu_filter_madgwick_node-3] [INFO] [1770696937.717693802] [imu_filter]: Parameter RLController.pid_kd_ang set to 0.100182
[imu_filter_madgwick_node-3] [INFO] [1770696938.131146378] [imu_filter]: Parameter RLController.pid_kp_lin set to 1.261167
[imu_filter_madgwick_node-3] [INFO] [1770696938.131381359] [imu_filter]: Parameter RLController.pid_ki_lin set to 0.000000
[imu_filter_madgwick_node-3] [INFO] [1770696938.131455761] [imu_filter]: Parameter RLController.pid_kd_lin set to 0.020178
[imu_filter_madgwick_node-3] [INFO] [1770696938.136219040] [imu_filter]: Parameter RLController.pid_kp_ang set to 1.231326
[imu_filter_madgwick_node-3] [INFO] [1770696938.136422597] [imu_filter]: Parameter RLController.pid_ki_ang set to 0.000000
[imu_filter_madgwick_node-3] [INFO] [1770696938.136894096] [imu_filter]: Parameter RLController.pid_kd_ang set to 0.100182
[imu_filter_madgwick_node-3] [INFO] [1770696938.547370762] [imu_filter]: Parameter RLController.pid_kp_lin set to 1.261167
[imu_filter_madgwick_node-3] [INFO] [1770696938.547560622] [imu_filter]: Parameter RLController.pid_ki_lin set to 0.000000
[imu_filter_madgwick_node-3] [INFO] [1770696938.547652624] [imu_filter]: Parameter RLController.pid_kd_lin set to 0.020178
[imu_filter_madgwick_node-3] [INFO] [1770696938.547725682] [imu_filter]: Parameter RLController.pid_kp_ang set to 1.231326
[imu_filter_madgwick_node-3] [INFO] [1770696938.547786387] [imu_filter]: Parameter RLController.pid_ki_ang set to 0.000000
[imu_filter_madgwick_node-3] [INFO] [1770696938.547843125] [imu_filter]: Parameter RLController.pid_kd_ang set to 0.100182
[imu_filter_madgwick_node-3] [INFO] [1770696938.970053856] [imu_filter]: Parameter RLController.pid_kp_lin set to 1.261167
[imu_filter_madgwick_node-3] [INFO] [1770696938.971107257] [imu_filter]: Parameter RLController.pid_ki_lin set to 0.000000
[imu_filter_madgwick_node-3] [INFO] [1770696938.971323934] [imu_filter]: Parameter RLController.pid_kd_lin set to 0.020178
[imu_filter_madgwick_node-3] [INFO] [1770696938.971395583] [imu_filter]: Parameter RLController.pid_kp_ang set to 1.231326
[imu_filter_madgwick_node-3] [INFO] [1770696938.971453281] [imu_filter]: Parameter RLController.pid_ki_ang set to 0.000000
[imu_filter_madgwick_node-3] [INFO] [1770696938.971510210] [imu_filter]: Parameter RLController.pid_kd_ang set to 0.100182
[imu_filter_madgwick_node-3] [INFO] [1770696939.384964961] [imu_filter]: Parameter RLController.pid_kp_lin set to 1.261167
[imu_filter_madgwick_node-3] [INFO] [1770696939.385296329] [imu_filter]: Parameter RLController.pid_ki_lin set to 0.000000
[imu_filter_madgwick_node-3] [INFO] [1770696939.385390379] [imu_filter]: Parameter RLController.pid_kd_lin set to 0.020178
[imu_filter_madgwick_node-3] [INFO] [1770696939.385521518] [imu_filter]: Parameter RLController.pid_kp_ang set to 1.231326
[imu_filter_madgwick_node-3] [INFO] [1770696939.385591408] [imu_filter]: Parameter RLController.pid_ki_ang set to 0.000000
[imu_filter_madgwick_node-3] [INFO] [1770696939.385735987] [imu_filter]: Parameter RLController.pid_kd_ang set to 0.100182
[imu_filter_madgwick_node-3] [INFO] [1770696939.799717151] [imu_filter]: Parameter RLController.pid_kp_lin set to 1.261167
[imu_filter_madgwick_node-3] [INFO] [1770696939.802283611] [imu_filter]: Parameter RLController.pid_ki_lin set to 0.000000
[imu_filter_madgwick_node-3] [INFO] [1770696939.802461087] [imu_filter]: Parameter RLController.pid_kd_lin set to 0.020178
[imu_filter_madgwick_node-3] [INFO] [1770696939.802529248] [imu_filter]: Parameter RLController.pid_kp_ang set to 1.231326
[imu_filter_madgwick_node-3] [INFO] [1770696939.802588418] [imu_filter]: Parameter RLController.pid_ki_ang set to 0.000000
[imu_filter_madgwick_node-3] [INFO] [1770696939.802645731] [imu_filter]: Parameter RLController.pid_kd_ang set to 0.100182
[imu_filter_madgwick_node-3] [INFO] [1770696940.212837718] [imu_filter]: Parameter RLController.pid_kp_lin set to 1.261167
[imu_filter_madgwick_node-3] [INFO] [1770696940.213053628] [imu_filter]: Parameter RLController.pid_ki_lin set to 0.000000
[imu_filter_madgwick_node-3] [INFO] [1770696940.213127069] [imu_filter]: Parameter RLController.pid_kd_lin set to 0.020178
[imu_filter_madgwick_node-3] [INFO] [1770696940.216426218] [imu_filter]: Parameter RLController.pid_kp_ang set to 1.231326
[imu_filter_madgwick_node-3] [INFO] [1770696940.216582382] [imu_filter]: Parameter RLController.pid_ki_ang set to 0.000000
[imu_filter_madgwick_node-3] [INFO] [1770696940.216644783] [imu_filter]: Parameter RLController.pid_kd_ang set to 0.100182
[imu_filter_madgwick_node-3] [INFO] [1770696940.632703883] [imu_filter]: Parameter RLController.pid_kp_lin set to 1.261167
[imu_filter_madgwick_node-3] [INFO] [1770696940.633046259] [imu_filter]: Parameter RLController.pid_ki_lin set to 0.000000
[imu_filter_madgwick_node-3] [INFO] [1770696940.633136277] [imu_filter]: Parameter RLController.pid_kd_lin set to 0.020178
[imu_filter_madgwick_node-3] [INFO] [1770696940.633203159] [imu_filter]: Parameter RLController.pid_kp_ang set to 1.231326
[imu_filter_madgwick_node-3] [INFO] [1770696940.633259768] [imu_filter]: Parameter RLController.pid_ki_ang set to 0.000000
[imu_filter_madgwick_node-3] [INFO] [1770696940.633316281] [imu_filter]: Parameter RLController.pid_kd_ang set to 0.100182
[imu_filter_madgwick_node-3] [INFO] [1770696941.049219826] [imu_filter]: Parameter RLController.pid_kp_lin set to 1.261167
[imu_filter_madgwick_node-3] [INFO] [1770696941.049437943] [imu_filter]: Parameter RLController.pid_ki_lin set to 0.000000
[imu_filter_madgwick_node-3] [INFO] [1770696941.049511417] [imu_filter]: Parameter RLController.pid_kd_lin set to 0.020178
[imu_filter_madgwick_node-3] [INFO] [1770696941.049574650] [imu_filter]: Parameter RLController.pid_kp_ang set to 1.231326
[imu_filter_madgwick_node-3] [INFO] [1770696941.049634748] [imu_filter]: Parameter RLController.pid_ki_ang set to 0.000000
[imu_filter_madgwick_node-3] [INFO] [1770696941.049691901] [imu_filter]: Parameter RLController.pid_kd_ang set to 0.100182
[imu_filter_madgwick_node-3] [INFO] [1770696941.469011557] [imu_filter]: Parameter RLController.pid_kp_lin set to 1.261167
[imu_filter_madgwick_node-3] [INFO] [1770696941.469213706] [imu_filter]: Parameter RLController.pid_ki_lin set to 0.000000
[imu_filter_madgwick_node-3] [INFO] [1770696941.469289835] [imu_filter]: Parameter RLController.pid_kd_lin set to 0.020178
[imu_filter_madgwick_node-3] [INFO] [1770696941.469373197] [imu_filter]: Parameter RLController.pid_kp_ang set to 1.231326
[imu_filter_madgwick_node-3] [INFO] [1770696941.469434511] [imu_filter]: Parameter RLController.pid_ki_ang set to 0.000000
[imu_filter_madgwick_node-3] [INFO] [1770696941.469492528] [imu_filter]: Parameter RLController.pid_kd_ang set to 0.100182
[imu_filter_madgwick_node-3] [INFO] [1770696941.889727085] [imu_filter]: Parameter RLController.pid_kp_lin set to 1.261167
[imu_filter_madgwick_node-3] [INFO] [1770696941.889927922] [imu_filter]: Parameter RLController.pid_ki_lin set to 0.000000
[imu_filter_madgwick_node-3] [INFO] [1770696941.890001108] [imu_filter]: Parameter RLController.pid_kd_lin set to 0.020178
[imu_filter_madgwick_node-3] [INFO] [1770696941.890070709] [imu_filter]: Parameter RLController.pid_kp_ang set to 1.231326
[imu_filter_madgwick_node-3] [INFO] [1770696941.890245209] [imu_filter]: Parameter RLController.pid_ki_ang set to 0.000000
[imu_filter_madgwick_node-3] [INFO] [1770696941.890313627] [imu_filter]: Parameter RLController.pid_kd_ang set to 0.100182
[imu_filter_madgwick_node-3] [INFO] [1770696942.308937619] [imu_filter]: Parameter RLController.pid_kp_lin set to 1.261167
[imu_filter_madgwick_node-3] [INFO] [1770696942.309228794] [imu_filter]: Parameter RLController.pid_ki_lin set to 0.000000
[imu_filter_madgwick_node-3] [INFO] [1770696942.309315452] [imu_filter]: Parameter RLController.pid_kd_lin set to 0.020178
[imu_filter_madgwick_node-3] [INFO] [1770696942.309483840] [imu_filter]: Parameter RLController.pid_kp_ang set to 1.231326
[imu_filter_madgwick_node-3] [INFO] [1770696942.309559073] [imu_filter]: Parameter RLController.pid_ki_ang set to 0.000000
[imu_filter_madgwick_node-3] [INFO] [1770696942.311993850] [imu_filter]: Parameter RLController.pid_kd_ang set to 0.100182
[imu_filter_madgwick_node-3] [INFO] [1770696942.723513484] [imu_filter]: Parameter RLController.pid_kp_lin set to 1.261167
[imu_filter_madgwick_node-3] [INFO] [1770696942.723721937] [imu_filter]: Parameter RLController.pid_ki_lin set to 0.000000
[imu_filter_madgwick_node-3] [INFO] [1770696942.723790515] [imu_filter]: Parameter RLController.pid_kd_lin set to 0.020178
[imu_filter_madgwick_node-3] [INFO] [1770696942.723849972] [imu_filter]: Parameter RLController.pid_kp_ang set to 1.231326
[imu_filter_madgwick_node-3] [INFO] [1770696942.723903765] [imu_filter]: Parameter RLController.pid_ki_ang set to 0.000000
[imu_filter_madgwick_node-3] [INFO] [1770696942.723959895] [imu_filter]: Parameter RLController.pid_kd_ang set to 0.100182
[imu_filter_madgwick_node-3] [INFO] [1770696943.140945032] [imu_filter]: Parameter RLController.pid_kp_lin set to 1.261167
[imu_filter_madgwick_node-3] [INFO] [1770696943.141201102] [imu_filter]: Parameter RLController.pid_ki_lin set to 0.000000
[imu_filter_madgwick_node-3] [INFO] [1770696943.141282800] [imu_filter]: Parameter RLController.pid_kd_lin set to 0.020178
[imu_filter_madgwick_node-3] [INFO] [1770696943.141356274] [imu_filter]: Parameter RLController.pid_kp_ang set to 1.231326
[imu_filter_madgwick_node-3] [INFO] [1770696943.141416499] [imu_filter]: Parameter RLController.pid_ki_ang set to 0.000000
[imu_filter_madgwick_node-3] [INFO] [1770696943.141475029] [imu_filter]: Parameter RLController.pid_kd_ang set to 0.100182
[imu_filter_madgwick_node-3] [INFO] [1770696943.556112336] [imu_filter]: Parameter RLController.pid_kp_lin set to 1.261167
[imu_filter_madgwick_node-3] [INFO] [1770696943.563667552] [imu_filter]: Parameter RLController.pid_ki_lin set to 0.000000
[imu_filter_madgwick_node-3] [INFO] [1770696943.563863940] [imu_filter]: Parameter RLController.pid_kd_lin set to 0.020178
[imu_filter_madgwick_node-3] [INFO] [1770696943.564137835] [imu_filter]: Parameter RLController.pid_kp_ang set to 1.231326
[imu_filter_madgwick_node-3] [INFO] [1770696943.564306383] [imu_filter]: Parameter RLController.pid_ki_ang set to 0.000000
[imu_filter_madgwick_node-3] [INFO] [1770696943.564373584] [imu_filter]: Parameter RLController.pid_kd_ang set to 0.100182
[imu_filter_madgwick_node-3] [INFO] [1770696943.972917437] [imu_filter]: Parameter RLController.pid_kp_lin set to 1.261167
[imu_filter_madgwick_node-3] [INFO] [1770696943.973227908] [imu_filter]: Parameter RLController.pid_ki_lin set to 0.000000
[imu_filter_madgwick_node-3] [INFO] [1770696943.973318342] [imu_filter]: Parameter RLController.pid_kd_lin set to 0.020178
[imu_filter_madgwick_node-3] [INFO] [1770696943.973381352] [imu_filter]: Parameter RLController.pid_kp_ang set to 1.231326
[imu_filter_madgwick_node-3] [INFO] [1770696943.973439529] [imu_filter]: Parameter RLController.pid_ki_ang set to 0.000000
[imu_filter_madgwick_node-3] [INFO] [1770696943.973494859] [imu_filter]: Parameter RLController.pid_kd_ang set to 0.100182
[imu_filter_madgwick_node-3] [INFO] [1770696944.393542563] [imu_filter]: Parameter RLController.pid_kp_lin set to 1.261167
[imu_filter_madgwick_node-3] [INFO] [1770696944.394296629] [imu_filter]: Parameter RLController.pid_ki_lin set to 0.000000
[imu_filter_madgwick_node-3] [INFO] [1770696944.394430488] [imu_filter]: Parameter RLController.pid_kd_lin set to 0.020178
[imu_filter_madgwick_node-3] [INFO] [1770696944.394495674] [imu_filter]: Parameter RLController.pid_kp_ang set to 1.231326
[imu_filter_madgwick_node-3] [INFO] [1770696944.394552539] [imu_filter]: Parameter RLController.pid_ki_ang set to 0.000000
[imu_filter_madgwick_node-3] [INFO] [1770696944.394609468] [imu_filter]: Parameter RLController.pid_kd_ang set to 0.100182
[imu_filter_madgwick_node-3] [INFO] [1770696944.839444247] [imu_filter]: Parameter RLController.pid_kp_lin set to 1.261167
[imu_filter_madgwick_node-3] [INFO] [1770696944.839628219] [imu_filter]: Parameter RLController.pid_ki_lin set to 0.000000
[imu_filter_madgwick_node-3] [INFO] [1770696944.842715747] [imu_filter]: Parameter RLController.pid_kd_lin set to 0.020178
[imu_filter_madgwick_node-3] [INFO] [1770696944.842888359] [imu_filter]: Parameter RLController.pid_kp_ang set to 1.231326
[imu_filter_madgwick_node-3] [INFO] [1770696944.842952392] [imu_filter]: Parameter RLController.pid_ki_ang set to 0.000000
[imu_filter_madgwick_node-3] [INFO] [1770696944.843100748] [imu_filter]: Parameter RLController.pid_kd_ang set to 0.100182
[imu_filter_madgwick_node-3] [INFO] [1770696945.281850329] [imu_filter]: Parameter RLController.pid_kp_lin set to 1.261507
[imu_filter_madgwick_node-3] [INFO] [1770696945.282263202] [imu_filter]: Parameter RLController.pid_ki_lin set to 0.000000
[imu_filter_madgwick_node-3] [INFO] [1770696945.282375845] [imu_filter]: Parameter RLController.pid_kd_lin set to 0.020146
[imu_filter_madgwick_node-3] [INFO] [1770696945.282447174] [imu_filter]: Parameter RLController.pid_kp_ang set to 1.231556
[imu_filter_madgwick_node-3] [INFO] [1770696945.282508200] [imu_filter]: Parameter RLController.pid_ki_ang set to 0.000000
[imu_filter_madgwick_node-3] [INFO] [1770696945.282567849] [imu_filter]: Parameter RLController.pid_kd_ang set to 0.100070
[imu_filter_madgwick_node-3] [INFO] [1770696945.725019468] [imu_filter]: Parameter RLController.pid_kp_lin set to 1.261507
[imu_filter_madgwick_node-3] [INFO] [1770696945.725228497] [imu_filter]: Parameter RLController.pid_ki_lin set to 0.000000
[imu_filter_madgwick_node-3] [INFO] [1770696945.725299539] [imu_filter]: Parameter RLController.pid_kd_lin set to 0.020146
[imu_filter_madgwick_node-3] [INFO] [1770696945.725362228] [imu_filter]: Parameter RLController.pid_kp_ang set to 1.231556
[imu_filter_madgwick_node-3] [INFO] [1770696945.725417045] [imu_filter]: Parameter RLController.pid_ki_ang set to 0.000000
[imu_filter_madgwick_node-3] [INFO] [1770696945.725472247] [imu_filter]: Parameter RLController.pid_kd_ang set to 0.100070
[imu_filter_madgwick_node-3] [INFO] [1770696946.141545555] [imu_filter]: Parameter RLController.pid_kp_lin set to 1.261507
[imu_filter_madgwick_node-3] [INFO] [1770696946.141774040] [imu_filter]: Parameter RLController.pid_ki_lin set to 0.000000
[imu_filter_madgwick_node-3] [INFO] [1770696946.141848090] [imu_filter]: Parameter RLController.pid_kd_lin set to 0.020146
[imu_filter_madgwick_node-3] [INFO] [1770696946.143697637] [imu_filter]: Parameter RLController.pid_kp_ang set to 1.231556
[imu_filter_madgwick_node-3] [INFO] [1770696946.144002700] [imu_filter]: Parameter RLController.pid_ki_ang set to 0.000000
[imu_filter_madgwick_node-3] [INFO] [1770696946.144115567] [imu_filter]: Parameter RLController.pid_kd_ang set to 0.100070
[imu_filter_madgwick_node-3] [INFO] [1770696946.569715241] [imu_filter]: Parameter RLController.pid_kp_lin set to 1.261507
[imu_filter_madgwick_node-3] [INFO] [1770696946.569916590] [imu_filter]: Parameter RLController.pid_ki_lin set to 0.000000
[imu_filter_madgwick_node-3] [INFO] [1770696946.569992368] [imu_filter]: Parameter RLController.pid_kd_lin set to 0.020146
[imu_filter_madgwick_node-3] [INFO] [1770696946.570058065] [imu_filter]: Parameter RLController.pid_kp_ang set to 1.231556
[imu_filter_madgwick_node-3] [INFO] [1770696946.570119411] [imu_filter]: Parameter RLController.pid_ki_ang set to 0.000000
[imu_filter_madgwick_node-3] [INFO] [1770696946.570178964] [imu_filter]: Parameter RLController.pid_kd_ang set to 0.100070
[imu_filter_madgwick_node-3] [INFO] [1770696946.986990658] [imu_filter]: Parameter RLController.pid_kp_lin set to 1.261507
[imu_filter_madgwick_node-3] [INFO] [1770696946.987191942] [imu_filter]: Parameter RLController.pid_ki_lin set to 0.000000
[imu_filter_madgwick_node-3] [INFO] [1770696946.987270888] [imu_filter]: Parameter RLController.pid_kd_lin set to 0.020146
[imu_filter_madgwick_node-3] [INFO] [1770696946.988049498] [imu_filter]: Parameter RLController.pid_kp_ang set to 1.231556
[imu_filter_madgwick_node-3] [INFO] [1770696946.988145116] [imu_filter]: Parameter RLController.pid_ki_ang set to 0.000000
[imu_filter_madgwick_node-3] [INFO] [1770696946.988233407] [imu_filter]: Parameter RLController.pid_kd_ang set to 0.100070
[imu_filter_madgwick_node-3] [INFO] [1770696947.401596924] [imu_filter]: Parameter RLController.pid_kp_lin set to 1.261507
[imu_filter_madgwick_node-3] [INFO] [1770696947.401817761] [imu_filter]: Parameter RLController.pid_ki_lin set to 0.000000
[imu_filter_madgwick_node-3] [INFO] [1770696947.401914499] [imu_filter]: Parameter RLController.pid_kd_lin set to 0.020146
[imu_filter_madgwick_node-3] [INFO] [1770696947.401984165] [imu_filter]: Parameter RLController.pid_kp_ang set to 1.231556
[imu_filter_madgwick_node-3] [INFO] [1770696947.402041542] [imu_filter]: Parameter RLController.pid_ki_ang set to 0.000000
[imu_filter_madgwick_node-3] [INFO] [1770696947.402097831] [imu_filter]: Parameter RLController.pid_kd_ang set to 0.100070
[imu_filter_madgwick_node-3] [INFO] [1770696947.818153923] [imu_filter]: Parameter RLController.pid_kp_lin set to 1.261507
[imu_filter_madgwick_node-3] [INFO] [1770696947.818349480] [imu_filter]: Parameter RLController.pid_ki_lin set to 0.000000
[imu_filter_madgwick_node-3] [INFO] [1770696947.818418410] [imu_filter]: Parameter RLController.pid_kd_lin set to 0.020146
[imu_filter_madgwick_node-3] [INFO] [1770696947.818483595] [imu_filter]: Parameter RLController.pid_kp_ang set to 1.231556
[imu_filter_madgwick_node-3] [INFO] [1770696947.818539660] [imu_filter]: Parameter RLController.pid_ki_ang set to 0.000000
[imu_filter_madgwick_node-3] [INFO] [1770696947.818596270] [imu_filter]: Parameter RLController.pid_kd_ang set to 0.100070
[imu_filter_madgwick_node-3] [INFO] [1770696948.234207871] [imu_filter]: Parameter RLController.pid_kp_lin set to 1.261659
[imu_filter_madgwick_node-3] [INFO] [1770696948.234537415] [imu_filter]: Parameter RLController.pid_ki_lin set to 0.000000
[imu_filter_madgwick_node-3] [INFO] [1770696948.235177142] [imu_filter]: Parameter RLController.pid_kd_lin set to 0.020146
[imu_filter_madgwick_node-3] [INFO] [1770696948.235276408] [imu_filter]: Parameter RLController.pid_kp_ang set to 1.231556
[imu_filter_madgwick_node-3] [INFO] [1770696948.235344442] [imu_filter]: Parameter RLController.pid_ki_ang set to 0.000000
[imu_filter_madgwick_node-3] [INFO] [1770696948.235405051] [imu_filter]: Parameter RLController.pid_kd_ang set to 0.100070
[imu_filter_madgwick_node-3] [INFO] [1770696948.651715805] [imu_filter]: Parameter RLController.pid_kp_lin set to 1.261803
[imu_filter_madgwick_node-3] [INFO] [1770696948.651917890] [imu_filter]: Parameter RLController.pid_ki_lin set to 0.000000
[imu_filter_madgwick_node-3] [INFO] [1770696948.651984195] [imu_filter]: Parameter RLController.pid_kd_lin set to 0.020146
[imu_filter_madgwick_node-3] [INFO] [1770696948.653794734] [imu_filter]: Parameter RLController.pid_kp_ang set to 1.231556
[imu_filter_madgwick_node-3] [INFO] [1770696948.654093397] [imu_filter]: Parameter RLController.pid_ki_ang set to 0.000000
[imu_filter_madgwick_node-3] [INFO] [1770696948.654166806] [imu_filter]: Parameter RLController.pid_kd_ang set to 0.100070
[imu_filter_madgwick_node-3] [INFO] [1770696949.062616897] [imu_filter]: Parameter RLController.pid_kp_lin set to 1.261964
[imu_filter_madgwick_node-3] [INFO] [1770696949.062844998] [imu_filter]: Parameter RLController.pid_ki_lin set to 0.000000
[imu_filter_madgwick_node-3] [INFO] [1770696949.062929608] [imu_filter]: Parameter RLController.pid_kd_lin set to 0.020146
[imu_filter_madgwick_node-3] [INFO] [1770696949.062991818] [imu_filter]: Parameter RLController.pid_kp_ang set to 1.231556
[imu_filter_madgwick_node-3] [INFO] [1770696949.063047339] [imu_filter]: Parameter RLController.pid_ki_ang set to 0.000000
[imu_filter_madgwick_node-3] [INFO] [1770696949.063102284] [imu_filter]: Parameter RLController.pid_kd_ang set to 0.100070
[imu_filter_madgwick_node-3] [INFO] [1770696949.471538711] [imu_filter]: Parameter RLController.pid_kp_lin set to 1.262132
[imu_filter_madgwick_node-3] [INFO] [1770696949.471745692] [imu_filter]: Parameter RLController.pid_ki_lin set to 0.000000
[imu_filter_madgwick_node-3] [INFO] [1770696949.471815805] [imu_filter]: Parameter RLController.pid_kd_lin set to 0.020146
[imu_filter_madgwick_node-3] [INFO] [1770696949.471876831] [imu_filter]: Parameter RLController.pid_kp_ang set to 1.231556
[imu_filter_madgwick_node-3] [INFO] [1770696949.471938912] [imu_filter]: Parameter RLController.pid_ki_ang set to 0.000000
[imu_filter_madgwick_node-3] [INFO] [1770696949.471998754] [imu_filter]: Parameter RLController.pid_kd_ang set to 0.100070
[imu_filter_madgwick_node-3] [INFO] [1770696949.889720196] [imu_filter]: Parameter RLController.pid_kp_lin set to 1.262311
[imu_filter_madgwick_node-3] [INFO] [1770696949.889948266] [imu_filter]: Parameter RLController.pid_ki_lin set to 0.000000
[imu_filter_madgwick_node-3] [INFO] [1770696949.890025387] [imu_filter]: Parameter RLController.pid_kd_lin set to 0.020146
[imu_filter_madgwick_node-3] [INFO] [1770696949.890089101] [imu_filter]: Parameter RLController.pid_kp_ang set to 1.231556
[imu_filter_madgwick_node-3] [INFO] [1770696949.890140494] [imu_filter]: Parameter RLController.pid_ki_ang set to 0.000000
[imu_filter_madgwick_node-3] [INFO] [1770696949.890480182] [imu_filter]: Parameter RLController.pid_kd_ang set to 0.100070
[imu_filter_madgwick_node-3] [INFO] [1770696950.306763575] [imu_filter]: Parameter RLController.pid_kp_lin set to 1.262490
[imu_filter_madgwick_node-3] [INFO] [1770696950.307102655] [imu_filter]: Parameter RLController.pid_ki_lin set to 0.000000
[imu_filter_madgwick_node-3] [INFO] [1770696950.307180993] [imu_filter]: Parameter RLController.pid_kd_lin set to 0.020146
[imu_filter_madgwick_node-3] [INFO] [1770696950.307248739] [imu_filter]: Parameter RLController.pid_kp_ang set to 1.231556
[imu_filter_madgwick_node-3] [INFO] [1770696950.307308420] [imu_filter]: Parameter RLController.pid_ki_ang set to 0.000000
[imu_filter_madgwick_node-3] [INFO] [1770696950.307366437] [imu_filter]: Parameter RLController.pid_kd_ang set to 0.100070
[imu_filter_madgwick_node-3] [INFO] [1770696950.718714740] [imu_filter]: Parameter RLController.pid_kp_lin set to 1.262670
[imu_filter_madgwick_node-3] [INFO] [1770696950.718924185] [imu_filter]: Parameter RLController.pid_ki_lin set to 0.000000
[imu_filter_madgwick_node-3] [INFO] [1770696950.718992922] [imu_filter]: Parameter RLController.pid_kd_lin set to 0.020146
[imu_filter_madgwick_node-3] [INFO] [1770696950.719059196] [imu_filter]: Parameter RLController.pid_kp_ang set to 1.231556
[imu_filter_madgwick_node-3] [INFO] [1770696950.719118589] [imu_filter]: Parameter RLController.pid_ki_ang set to 0.000000
[imu_filter_madgwick_node-3] [INFO] [1770696950.719172926] [imu_filter]: Parameter RLController.pid_kd_ang set to 0.100070
[imu_filter_madgwick_node-3] [INFO] [1770696951.131122299] [imu_filter]: Parameter RLController.pid_kp_lin set to 1.262853
[imu_filter_madgwick_node-3] [INFO] [1770696951.131880300] [imu_filter]: Parameter RLController.pid_ki_lin set to 0.000000
[imu_filter_madgwick_node-3] [INFO] [1770696951.132130418] [imu_filter]: Parameter RLController.pid_kd_lin set to 0.020120
[imu_filter_madgwick_node-3] [INFO] [1770696951.132278934] [imu_filter]: Parameter RLController.pid_kp_ang set to 1.231556
[imu_filter_madgwick_node-3] [INFO] [1770696951.132345559] [imu_filter]: Parameter RLController.pid_ki_ang set to 0.000000
[imu_filter_madgwick_node-3] [INFO] [1770696951.132404729] [imu_filter]: Parameter RLController.pid_kd_ang set to 0.100070
[imu_filter_madgwick_node-3] [INFO] [1770696951.561103035] [imu_filter]: Parameter RLController.pid_kp_lin set to 1.263046
[imu_filter_madgwick_node-3] [INFO] [1770696951.561295167] [imu_filter]: Parameter RLController.pid_ki_lin set to 0.000000
[imu_filter_madgwick_node-3] [INFO] [1770696951.561363009] [imu_filter]: Parameter RLController.pid_kd_lin set to 0.020098
[imu_filter_madgwick_node-3] [INFO] [1770696951.561423842] [imu_filter]: Parameter RLController.pid_kp_ang set to 1.231556
[imu_filter_madgwick_node-3] [INFO] [1770696951.561479236] [imu_filter]: Parameter RLController.pid_ki_ang set to 0.000000
[imu_filter_madgwick_node-3] [INFO] [1770696951.561534469] [imu_filter]: Parameter RLController.pid_kd_ang set to 0.100070
[imu_filter_madgwick_node-3] [INFO] [1770696951.981239318] [imu_filter]: Parameter RLController.pid_kp_lin set to 1.263206
[imu_filter_madgwick_node-3] [INFO] [1770696951.982848507] [imu_filter]: Parameter RLController.pid_ki_lin set to 0.000000
[imu_filter_madgwick_node-3] [INFO] [1770696951.983021184] [imu_filter]: Parameter RLController.pid_kd_lin set to 0.020081
[imu_filter_madgwick_node-3] [INFO] [1770696951.983223748] [imu_filter]: Parameter RLController.pid_kp_ang set to 1.231556
[imu_filter_madgwick_node-3] [INFO] [1770696951.983288422] [imu_filter]: Parameter RLController.pid_ki_ang set to 0.000000
[imu_filter_madgwick_node-3] [INFO] [1770696951.983347207] [imu_filter]: Parameter RLController.pid_kd_ang set to 0.100070
[imu_filter_madgwick_node-3] [INFO] [1770696952.395741198] [imu_filter]: Parameter RLController.pid_kp_lin set to 1.263399
[imu_filter_madgwick_node-3] [INFO] [1770696952.395977555] [imu_filter]: Parameter RLController.pid_ki_lin set to 0.000000
[imu_filter_madgwick_node-3] [INFO] [1770696952.396053525] [imu_filter]: Parameter RLController.pid_kd_lin set to 0.020066
[imu_filter_madgwick_node-3] [INFO] [1770696952.396117655] [imu_filter]: Parameter RLController.pid_kp_ang set to 1.231556
[imu_filter_madgwick_node-3] [INFO] [1770696952.396173912] [imu_filter]: Parameter RLController.pid_ki_ang set to 0.000000
[imu_filter_madgwick_node-3] [INFO] [1770696952.396276730] [imu_filter]: Parameter RLController.pid_kd_ang set to 0.100070
[imu_filter_madgwick_node-3] [INFO] [1770696952.815183801] [imu_filter]: Parameter RLController.pid_kp_lin set to 1.263612
[imu_filter_madgwick_node-3] [INFO] [1770696952.815380605] [imu_filter]: Parameter RLController.pid_ki_lin set to 0.000000
[imu_filter_madgwick_node-3] [INFO] [1770696952.815453023] [imu_filter]: Parameter RLController.pid_kd_lin set to 0.020054
[imu_filter_madgwick_node-3] [INFO] [1770696952.815520480] [imu_filter]: Parameter RLController.pid_kp_ang set to 1.231556
[imu_filter_madgwick_node-3] [INFO] [1770696952.819090548] [imu_filter]: Parameter RLController.pid_ki_ang set to 0.000000
[imu_filter_madgwick_node-3] [INFO] [1770696952.821536141] [imu_filter]: Parameter RLController.pid_kd_ang set to 0.100070
[imu_filter_madgwick_node-3] [INFO] [1770696953.241938286] [imu_filter]: Parameter RLController.pid_kp_lin set to 1.263831
[imu_filter_madgwick_node-3] [INFO] [1770696953.242269046] [imu_filter]: Parameter RLController.pid_ki_lin set to 0.000000
[imu_filter_madgwick_node-3] [INFO] [1770696953.242347511] [imu_filter]: Parameter RLController.pid_kd_lin set to 0.020044
[imu_filter_madgwick_node-3] [INFO] [1770696953.242412793] [imu_filter]: Parameter RLController.pid_kp_ang set to 1.231556
[imu_filter_madgwick_node-3] [INFO] [1770696953.242472218] [imu_filter]: Parameter RLController.pid_ki_ang set to 0.000000
[imu_filter_madgwick_node-3] [INFO] [1770696953.242535900] [imu_filter]: Parameter RLController.pid_kd_ang set to 0.100070
[imu_filter_madgwick_node-3] [INFO] [1770696953.655278763] [imu_filter]: Parameter RLController.pid_kp_lin set to 1.264063
[imu_filter_madgwick_node-3] [INFO] [1770696953.655579506] [imu_filter]: Parameter RLController.pid_ki_lin set to 0.000000
[imu_filter_madgwick_node-3] [INFO] [1770696953.655656243] [imu_filter]: Parameter RLController.pid_kd_lin set to 0.020036
[imu_filter_madgwick_node-3] [INFO] [1770696953.655720053] [imu_filter]: Parameter RLController.pid_kp_ang set to 1.231556
[imu_filter_madgwick_node-3] [INFO] [1770696953.655782134] [imu_filter]: Parameter RLController.pid_ki_ang set to 0.000000
[imu_filter_madgwick_node-3] [INFO] [1770696953.661244182] [imu_filter]: Parameter RLController.pid_kd_ang set to 0.100070
[imu_filter_madgwick_node-3] [INFO] [1770696954.082918932] [imu_filter]: Parameter RLController.pid_kp_lin set to 1.264289
[imu_filter_madgwick_node-3] [INFO] [1770696954.085499857] [imu_filter]: Parameter RLController.pid_ki_lin set to 0.000000
[imu_filter_madgwick_node-3] [INFO] [1770696954.085696821] [imu_filter]: Parameter RLController.pid_kd_lin set to 0.020030
[imu_filter_madgwick_node-3] [INFO] [1770696954.085769655] [imu_filter]: Parameter RLController.pid_kp_ang set to 1.231556
[imu_filter_madgwick_node-3] [INFO] [1770696954.085941755] [imu_filter]: Parameter RLController.pid_ki_ang set to 0.000000
[imu_filter_madgwick_node-3] [INFO] [1770696954.086003100] [imu_filter]: Parameter RLController.pid_kd_ang set to 0.100070
[imu_filter_madgwick_node-3] [INFO] [1770696954.514350679] [imu_filter]: Parameter RLController.pid_kp_lin set to 1.264536
[imu_filter_madgwick_node-3] [INFO] [1770696954.514537211] [imu_filter]: Parameter RLController.pid_ki_lin set to 0.000000
[imu_filter_madgwick_node-3] [INFO] [1770696954.514608253] [imu_filter]: Parameter RLController.pid_kd_lin set to 0.020024
[imu_filter_madgwick_node-3] [INFO] [1770696954.514673118] [imu_filter]: Parameter RLController.pid_kp_ang set to 1.231556
[imu_filter_madgwick_node-3] [INFO] [1770696954.514730559] [imu_filter]: Parameter RLController.pid_ki_ang set to 0.000000
[imu_filter_madgwick_node-3] [INFO] [1770696954.514785921] [imu_filter]: Parameter RLController.pid_kd_ang set to 0.100070
[imu_filter_madgwick_node-3] [INFO] [1770696954.930526133] [imu_filter]: Parameter RLController.pid_kp_lin set to 1.264819
[imu_filter_madgwick_node-3] [INFO] [1770696954.932553445] [imu_filter]: Parameter RLController.pid_ki_lin set to 0.000000
[imu_filter_madgwick_node-3] [INFO] [1770696954.932739689] [imu_filter]: Parameter RLController.pid_kd_lin set to 0.020024
[imu_filter_madgwick_node-3] [INFO] [1770696954.932814283] [imu_filter]: Parameter RLController.pid_kp_ang set to 1.231556
[imu_filter_madgwick_node-3] [INFO] [1770696954.932875148] [imu_filter]: Parameter RLController.pid_ki_ang set to 0.000000
[imu_filter_madgwick_node-3] [INFO] [1770696954.932930957] [imu_filter]: Parameter RLController.pid_kd_ang set to 0.100070
[imu_filter_madgwick_node-3] [INFO] [1770696955.367693917] [imu_filter]: Parameter RLController.pid_kp_lin set to 1.264974
[imu_filter_madgwick_node-3] [INFO] [1770696955.367912034] [imu_filter]: Parameter RLController.pid_ki_lin set to 0.000000
[imu_filter_madgwick_node-3] [INFO] [1770696955.367987556] [imu_filter]: Parameter RLController.pid_kd_lin set to 0.020024
[imu_filter_madgwick_node-3] [INFO] [1770696955.368053957] [imu_filter]: Parameter RLController.pid_kp_ang set to 1.231556
[imu_filter_madgwick_node-3] [INFO] [1770696955.368116583] [imu_filter]: Parameter RLController.pid_ki_ang set to 0.000000
[imu_filter_madgwick_node-3] [INFO] [1770696955.372384234] [imu_filter]: Parameter RLController.pid_kd_ang set to 0.100070
[imu_filter_madgwick_node-3] [INFO] [1770696955.778372156] [imu_filter]: Parameter RLController.pid_kp_lin set to 1.264974
[imu_filter_madgwick_node-3] [INFO] [1770696955.778607841] [imu_filter]: Parameter RLController.pid_ki_lin set to 0.000000
[imu_filter_madgwick_node-3] [INFO] [1770696955.778690819] [imu_filter]: Parameter RLController.pid_kd_lin set to 0.020024
[imu_filter_madgwick_node-3] [INFO] [1770696955.778758021] [imu_filter]: Parameter RLController.pid_kp_ang set to 1.231556
[imu_filter_madgwick_node-3] [INFO] [1770696955.778816646] [imu_filter]: Parameter RLController.pid_ki_ang set to 0.000000
[imu_filter_madgwick_node-3] [INFO] [1770696955.778874471] [imu_filter]: Parameter RLController.pid_kd_ang set to 0.100070
[imu_filter_madgwick_node-3] [INFO] [1770696956.193430529] [imu_filter]: Parameter RLController.pid_kp_lin set to 1.265121
[imu_filter_madgwick_node-3] [INFO] [1770696956.193671686] [imu_filter]: Parameter RLController.pid_ki_lin set to 0.000000
[imu_filter_madgwick_node-3] [INFO] [1770696956.193749768] [imu_filter]: Parameter RLController.pid_kd_lin set to 0.020020
[imu_filter_madgwick_node-3] [INFO] [1770696956.196782831] [imu_filter]: Parameter RLController.pid_kp_ang set to 1.231556
[imu_filter_madgwick_node-3] [INFO] [1770696956.197131319] [imu_filter]: Parameter RLController.pid_ki_ang set to 0.000000
[imu_filter_madgwick_node-3] [INFO] [1770696956.197218233] [imu_filter]: Parameter RLController.pid_kd_ang set to 0.100070
[imu_filter_madgwick_node-3] [INFO] [1770696956.602327286] [imu_filter]: Parameter RLController.pid_kp_lin set to 1.265377
[imu_filter_madgwick_node-3] [INFO] [1770696956.602522970] [imu_filter]: Parameter RLController.pid_ki_lin set to 0.000000
[imu_filter_madgwick_node-3] [INFO] [1770696956.602593340] [imu_filter]: Parameter RLController.pid_kd_lin set to 0.020016
[imu_filter_madgwick_node-3] [INFO] [1770696956.602657821] [imu_filter]: Parameter RLController.pid_kp_ang set to 1.231556
[imu_filter_madgwick_node-3] [INFO] [1770696956.602718047] [imu_filter]: Parameter RLController.pid_ki_ang set to 0.000000
[imu_filter_madgwick_node-3] [INFO] [1770696956.602778368] [imu_filter]: Parameter RLController.pid_kd_ang set to 0.100070
[imu_filter_madgwick_node-3] [INFO] [1770696957.031269598] [imu_filter]: Parameter RLController.pid_kp_lin set to 1.265629
[imu_filter_madgwick_node-3] [INFO] [1770696957.033575092] [imu_filter]: Parameter RLController.pid_ki_lin set to 0.000000
[imu_filter_madgwick_node-3] [INFO] [1770696957.033772728] [imu_filter]: Parameter RLController.pid_kd_lin set to 0.020014
[imu_filter_madgwick_node-3] [INFO] [1770696957.033983805] [imu_filter]: Parameter RLController.pid_kp_ang set to 1.231556
[imu_filter_madgwick_node-3] [INFO] [1770696957.034052255] [imu_filter]: Parameter RLController.pid_ki_ang set to 0.000000
[imu_filter_madgwick_node-3] [INFO] [1770696957.034224419] [imu_filter]: Parameter RLController.pid_kd_ang set to 0.100070
[imu_filter_madgwick_node-3] [INFO] [1770696957.471245383] [imu_filter]: Parameter RLController.pid_kp_lin set to 1.265883
[imu_filter_madgwick_node-3] [INFO] [1770696957.477515033] [imu_filter]: Parameter RLController.pid_ki_lin set to 0.000000
[imu_filter_madgwick_node-3] [INFO] [1770696957.477709054] [imu_filter]: Parameter RLController.pid_kd_lin set to 0.020011
[imu_filter_madgwick_node-3] [INFO] [1770696957.477791744] [imu_filter]: Parameter RLController.pid_kp_ang set to 1.231556
[imu_filter_madgwick_node-3] [INFO] [1770696957.477853793] [imu_filter]: Parameter RLController.pid_ki_ang set to 0.000000
[imu_filter_madgwick_node-3] [INFO] [1770696957.477918659] [imu_filter]: Parameter RLController.pid_kd_ang set to 0.100070
[imu_filter_madgwick_node-3] [INFO] [1770696957.880931983] [imu_filter]: Parameter RLController.pid_kp_lin set to 1.266134
[imu_filter_madgwick_node-3] [INFO] [1770696957.881297719] [imu_filter]: Parameter RLController.pid_ki_lin set to 0.000000
[imu_filter_madgwick_node-3] [INFO] [1770696957.881463643] [imu_filter]: Parameter RLController.pid_kd_lin set to 0.020009
[imu_filter_madgwick_node-3] [INFO] [1770696957.881545789] [imu_filter]: Parameter RLController.pid_kp_ang set to 1.231556
[imu_filter_madgwick_node-3] [INFO] [1770696957.881615967] [imu_filter]: Parameter RLController.pid_ki_ang set to 0.000000
[imu_filter_madgwick_node-3] [INFO] [1770696957.881682272] [imu_filter]: Parameter RLController.pid_kd_ang set to 0.100070
[imu_filter_madgwick_node-3] [INFO] [1770696958.339590603] [imu_filter]: Parameter RLController.pid_kp_lin set to 1.266398
[imu_filter_madgwick_node-3] [INFO] [1770696958.339795696] [imu_filter]: Parameter RLController.pid_ki_lin set to 0.000000
[imu_filter_madgwick_node-3] [INFO] [1770696958.339868178] [imu_filter]: Parameter RLController.pid_kd_lin set to 0.020007
[imu_filter_madgwick_node-3] [INFO] [1770696958.339927379] [imu_filter]: Parameter RLController.pid_kp_ang set to 1.231556
[imu_filter_madgwick_node-3] [INFO] [1770696958.339982228] [imu_filter]: Parameter RLController.pid_ki_ang set to 0.000000
[imu_filter_madgwick_node-3] [INFO] [1770696958.340035541] [imu_filter]: Parameter RLController.pid_kd_ang set to 0.100070
[imu_filter_madgwick_node-3] [INFO] [1770696958.751342851] [imu_filter]: Parameter RLController.pid_kp_lin set to 1.266644
[imu_filter_madgwick_node-3] [INFO] [1770696958.751564008] [imu_filter]: Parameter RLController.pid_ki_lin set to 0.000000
[imu_filter_madgwick_node-3] [INFO] [1770696958.751639434] [imu_filter]: Parameter RLController.pid_kd_lin set to 0.020006
[imu_filter_madgwick_node-3] [INFO] [1770696958.751704139] [imu_filter]: Parameter RLController.pid_kp_ang set to 1.231556
[imu_filter_madgwick_node-3] [INFO] [1770696958.751762669] [imu_filter]: Parameter RLController.pid_ki_ang set to 0.000000
[imu_filter_madgwick_node-3] [INFO] [1770696958.751819726] [imu_filter]: Parameter RLController.pid_kd_ang set to 0.100070
[imu_filter_madgwick_node-3] [INFO] [1770696959.187806874] [imu_filter]: Parameter RLController.pid_kp_lin set to 1.266644
[imu_filter_madgwick_node-3] [INFO] [1770696959.188029151] [imu_filter]: Parameter RLController.pid_ki_lin set to 0.000000
[imu_filter_madgwick_node-3] [INFO] [1770696959.188103937] [imu_filter]: Parameter RLController.pid_kd_lin set to 0.020005
[imu_filter_madgwick_node-3] [INFO] [1770696959.188169667] [imu_filter]: Parameter RLController.pid_kp_ang set to 1.231556
[imu_filter_madgwick_node-3] [INFO] [1770696959.188383912] [imu_filter]: Parameter RLController.pid_ki_ang set to 0.000000
[imu_filter_madgwick_node-3] [INFO] [1770696959.188451849] [imu_filter]: Parameter RLController.pid_kd_ang set to 0.100070
[imu_filter_madgwick_node-3] [INFO] [1770696959.647302602] [imu_filter]: Parameter RLController.pid_kp_lin set to 1.266837
[imu_filter_madgwick_node-3] [INFO] [1770696959.647667315] [imu_filter]: Parameter RLController.pid_ki_lin set to 0.000000
[imu_filter_madgwick_node-3] [INFO] [1770696959.647814870] [imu_filter]: Parameter RLController.pid_kd_lin set to 0.020004
[imu_filter_madgwick_node-3] [INFO] [1770696959.647885560] [imu_filter]: Parameter RLController.pid_kp_ang set to 1.231556
[imu_filter_madgwick_node-3] [INFO] [1770696959.647944153] [imu_filter]: Parameter RLController.pid_ki_ang set to 0.000000
[imu_filter_madgwick_node-3] [INFO] [1770696959.648003706] [imu_filter]: Parameter RLController.pid_kd_ang set to 0.100070
[imu_filter_madgwick_node-3] [INFO] [1770696960.064843049] [imu_filter]: Parameter RLController.pid_kp_lin set to 1.267125
[imu_filter_madgwick_node-3] [INFO] [1770696960.065128943] [imu_filter]: Parameter RLController.pid_ki_lin set to 0.000000
[imu_filter_madgwick_node-3] [INFO] [1770696960.065209649] [imu_filter]: Parameter RLController.pid_kd_lin set to 0.020003
[imu_filter_madgwick_node-3] [INFO] [1770696960.065356277] [imu_filter]: Parameter RLController.pid_kp_ang set to 1.231556
[imu_filter_madgwick_node-3] [INFO] [1770696960.065424182] [imu_filter]: Parameter RLController.pid_ki_ang set to 0.000000
[imu_filter_madgwick_node-3] [INFO] [1770696960.065483352] [imu_filter]: Parameter RLController.pid_kd_ang set to 0.100070
[imu_filter_madgwick_node-3] [INFO] [1770696960.478934231] [imu_filter]: Parameter RLController.pid_kp_lin set to 1.267421
[imu_filter_madgwick_node-3] [INFO] [1770696960.479913134] [imu_filter]: Parameter RLController.pid_ki_lin set to 0.000000
[imu_filter_madgwick_node-3] [INFO] [1770696960.480093554] [imu_filter]: Parameter RLController.pid_kd_lin set to 0.020003
[imu_filter_madgwick_node-3] [INFO] [1770696960.480325623] [imu_filter]: Parameter RLController.pid_kp_ang set to 1.231556
[imu_filter_madgwick_node-3] [INFO] [1770696960.480397337] [imu_filter]: Parameter RLController.pid_ki_ang set to 0.000000
[imu_filter_madgwick_node-3] [INFO] [1770696960.480454714] [imu_filter]: Parameter RLController.pid_kd_ang set to 0.100070
[imu_filter_madgwick_node-3] [INFO] [1770696960.896838238] [imu_filter]: Parameter RLController.pid_kp_lin set to 1.267744
[imu_filter_madgwick_node-3] [INFO] [1770696960.897321161] [imu_filter]: Parameter RLController.pid_ki_lin set to 0.000000
[imu_filter_madgwick_node-3] [INFO] [1770696960.897433644] [imu_filter]: Parameter RLController.pid_kd_lin set to 0.020002
[imu_filter_madgwick_node-3] [INFO] [1770696960.897503629] [imu_filter]: Parameter RLController.pid_kp_ang set to 1.231556
[imu_filter_madgwick_node-3] [INFO] [1770696960.897565295] [imu_filter]: Parameter RLController.pid_ki_ang set to 0.000000
[imu_filter_madgwick_node-3] [INFO] [1770696960.897622640] [imu_filter]: Parameter RLController.pid_kd_ang set to 0.100070
[imu_filter_madgwick_node-3] [INFO] [1770696961.327353387] [imu_filter]: Parameter RLController.pid_kp_lin set to 1.268046
[imu_filter_madgwick_node-3] [INFO] [1770696961.327574160] [imu_filter]: Parameter RLController.pid_ki_lin set to 0.000000
[imu_filter_madgwick_node-3] [INFO] [1770696961.327789653] [imu_filter]: Parameter RLController.pid_kd_lin set to 0.020002
[imu_filter_madgwick_node-3] [INFO] [1770696961.327862358] [imu_filter]: Parameter RLController.pid_kp_ang set to 1.231556
[imu_filter_madgwick_node-3] [INFO] [1770696961.327922648] [imu_filter]: Parameter RLController.pid_ki_ang set to 0.000000
[imu_filter_madgwick_node-3] [INFO] [1770696961.327980793] [imu_filter]: Parameter RLController.pid_kd_ang set to 0.100070
[imu_filter_madgwick_node-3] [INFO] [1770696961.747088956] [imu_filter]: Parameter RLController.pid_kp_lin set to 1.268373
[imu_filter_madgwick_node-3] [INFO] [1770696961.747299873] [imu_filter]: Parameter RLController.pid_ki_lin set to 0.000000
[imu_filter_madgwick_node-3] [INFO] [1770696961.747375811] [imu_filter]: Parameter RLController.pid_kd_lin set to 0.020002
[imu_filter_madgwick_node-3] [INFO] [1770696961.747442405] [imu_filter]: Parameter RLController.pid_kp_ang set to 1.231556
[imu_filter_madgwick_node-3] [INFO] [1770696961.747500710] [imu_filter]: Parameter RLController.pid_ki_ang set to 0.000000
[imu_filter_madgwick_node-3] [INFO] [1770696961.747557095] [imu_filter]: Parameter RLController.pid_kd_ang set to 0.100070
[imu_filter_madgwick_node-3] [INFO] [1770696962.158560846] [imu_filter]: Parameter RLController.pid_kp_lin set to 1.268695
[imu_filter_madgwick_node-3] [INFO] [1770696962.158777619] [imu_filter]: Parameter RLController.pid_ki_lin set to 0.000000
[imu_filter_madgwick_node-3] [INFO] [1770696962.158848468] [imu_filter]: Parameter RLController.pid_kd_lin set to 0.020001
[imu_filter_madgwick_node-3] [INFO] [1770696962.163584387] [imu_filter]: Parameter RLController.pid_kp_ang set to 1.231556
[imu_filter_madgwick_node-3] [INFO] [1770696962.163910762] [imu_filter]: Parameter RLController.pid_ki_ang set to 0.000000
[imu_filter_madgwick_node-3] [INFO] [1770696962.164033549] [imu_filter]: Parameter RLController.pid_kd_ang set to 0.100070
[imu_filter_madgwick_node-3] [INFO] [1770696962.578334720] [imu_filter]: Parameter RLController.pid_kp_lin set to 1.269000
[imu_filter_madgwick_node-3] [INFO] [1770696962.578970863] [imu_filter]: Parameter RLController.pid_ki_lin set to 0.000000
[imu_filter_madgwick_node-3] [INFO] [1770696962.579070161] [imu_filter]: Parameter RLController.pid_kd_lin set to 0.020001
[imu_filter_madgwick_node-3] [INFO] [1770696962.579133715] [imu_filter]: Parameter RLController.pid_kp_ang set to 1.231556
[imu_filter_madgwick_node-3] [INFO] [1770696962.579452026] [imu_filter]: Parameter RLController.pid_ki_ang set to 0.000000
[imu_filter_madgwick_node-3] [INFO] [1770696962.579666591] [imu_filter]: Parameter RLController.pid_kd_ang set to 0.100070
[imu_filter_madgwick_node-3] [INFO] [1770696962.990554339] [imu_filter]: Parameter RLController.pid_kp_lin set to 1.269295
[imu_filter_madgwick_node-3] [INFO] [1770696962.990757703] [imu_filter]: Parameter RLController.pid_ki_lin set to 0.000000
[imu_filter_madgwick_node-3] [INFO] [1770696962.990833961] [imu_filter]: Parameter RLController.pid_kd_lin set to 0.020001
[imu_filter_madgwick_node-3] [INFO] [1770696962.990896843] [imu_filter]: Parameter RLController.pid_kp_ang set to 1.231556
[imu_filter_madgwick_node-3] [INFO] [1770696962.990957132] [imu_filter]: Parameter RLController.pid_ki_ang set to 0.000000
[imu_filter_madgwick_node-3] [INFO] [1770696962.991019054] [imu_filter]: Parameter RLController.pid_kd_ang set to 0.100070
[imu_filter_madgwick_node-3] [INFO] [1770696963.406406490] [imu_filter]: Parameter RLController.pid_kp_lin set to 1.269564
[imu_filter_madgwick_node-3] [INFO] [1770696963.406629855] [imu_filter]: Parameter RLController.pid_ki_lin set to 0.000000
[imu_filter_madgwick_node-3] [INFO] [1770696963.406735042] [imu_filter]: Parameter RLController.pid_kd_lin set to 0.020001
[imu_filter_madgwick_node-3] [INFO] [1770696963.406943174] [imu_filter]: Parameter RLController.pid_kp_ang set to 1.231556
[imu_filter_madgwick_node-3] [INFO] [1770696963.407008200] [imu_filter]: Parameter RLController.pid_ki_ang set to 0.000000
[imu_filter_madgwick_node-3] [INFO] [1770696963.407067049] [imu_filter]: Parameter RLController.pid_kd_ang set to 0.100070
[imu_filter_madgwick_node-3] [INFO] [1770696963.841314093] [imu_filter]: Parameter RLController.pid_kp_lin set to 1.269826
[imu_filter_madgwick_node-3] [INFO] [1770696963.841622868] [imu_filter]: Parameter RLController.pid_ki_lin set to 0.000000
[imu_filter_madgwick_node-3] [INFO] [1770696963.841699222] [imu_filter]: Parameter RLController.pid_kd_lin set to 0.020001
[imu_filter_madgwick_node-3] [INFO] [1770696963.841765496] [imu_filter]: Parameter RLController.pid_kp_ang set to 1.231556
[imu_filter_madgwick_node-3] [INFO] [1770696963.841823065] [imu_filter]: Parameter RLController.pid_ki_ang set to 0.000000
[imu_filter_madgwick_node-3] [INFO] [1770696963.841879450] [imu_filter]: Parameter RLController.pid_kd_ang set to 0.100070
[imu_filter_madgwick_node-3] [INFO] [1770696964.252147343] [imu_filter]: Parameter RLController.pid_kp_lin set to 1.270089
[imu_filter_madgwick_node-3] [INFO] [1770696964.252376853] [imu_filter]: Parameter RLController.pid_ki_lin set to 0.000000
[imu_filter_madgwick_node-3] [INFO] [1770696964.252448502] [imu_filter]: Parameter RLController.pid_kd_lin set to 0.020001
[imu_filter_madgwick_node-3] [INFO] [1770696964.252512184] [imu_filter]: Parameter RLController.pid_kp_ang set to 1.231556
[imu_filter_madgwick_node-3] [INFO] [1770696964.252568537] [imu_filter]: Parameter RLController.pid_ki_ang set to 0.000000
[imu_filter_madgwick_node-3] [INFO] [1770696964.252623226] [imu_filter]: Parameter RLController.pid_kd_ang set to 0.100070
[imu_filter_madgwick_node-3] [INFO] [1770696964.691543659] [imu_filter]: Parameter RLController.pid_kp_lin set to 1.270364
[imu_filter_madgwick_node-3] [INFO] [1770696964.691761488] [imu_filter]: Parameter RLController.pid_ki_lin set to 0.000000
[imu_filter_madgwick_node-3] [INFO] [1770696964.691830706] [imu_filter]: Parameter RLController.pid_kd_lin set to 0.020001
[imu_filter_madgwick_node-3] [INFO] [1770696964.691891699] [imu_filter]: Parameter RLController.pid_kp_ang set to 1.231556
[imu_filter_madgwick_node-3] [INFO] [1770696964.691952053] [imu_filter]: Parameter RLController.pid_ki_ang set to 0.000000
[imu_filter_madgwick_node-3] [INFO] [1770696964.696150038] [imu_filter]: Parameter RLController.pid_kd_ang set to 0.100070
[imu_filter_madgwick_node-3] [INFO] [1770696965.108968679] [imu_filter]: Parameter RLController.pid_kp_lin set to 1.270616
[imu_filter_madgwick_node-3] [INFO] [1770696965.109171340] [imu_filter]: Parameter RLController.pid_ki_lin set to 0.000000
[imu_filter_madgwick_node-3] [INFO] [1770696965.109316463] [imu_filter]: Parameter RLController.pid_kd_lin set to 0.020001
[imu_filter_madgwick_node-3] [INFO] [1770696965.109397489] [imu_filter]: Parameter RLController.pid_kp_ang set to 1.231556
[imu_filter_madgwick_node-3] [INFO] [1770696965.109501523] [imu_filter]: Parameter RLController.pid_ki_ang set to 0.000000
[imu_filter_madgwick_node-3] [INFO] [1770696965.109790010] [imu_filter]: Parameter RLController.pid_kd_ang set to 0.100070
[imu_filter_madgwick_node-3] [INFO] [1770696965.519491170] [imu_filter]: Parameter RLController.pid_kp_lin set to 1.270616
[imu_filter_madgwick_node-3] [INFO] [1770696965.519724679] [imu_filter]: Parameter RLController.pid_ki_lin set to 0.000000
[imu_filter_madgwick_node-3] [INFO] [1770696965.519858539] [imu_filter]: Parameter RLController.pid_kd_lin set to 0.020001
[imu_filter_madgwick_node-3] [INFO] [1770696965.519938732] [imu_filter]: Parameter RLController.pid_kp_ang set to 1.231342
[imu_filter_madgwick_node-3] [INFO] [1770696965.520001134] [imu_filter]: Parameter RLController.pid_ki_ang set to 0.000000
[imu_filter_madgwick_node-3] [INFO] [1770696965.520106128] [imu_filter]: Parameter RLController.pid_kd_ang set to 0.100147
[imu_filter_madgwick_node-3] [INFO] [1770696965.935196118] [imu_filter]: Parameter RLController.pid_kp_lin set to 1.270302
[imu_filter_madgwick_node-3] [INFO] [1770696965.935396442] [imu_filter]: Parameter RLController.pid_ki_lin set to 0.000000
[imu_filter_madgwick_node-3] [INFO] [1770696965.935463324] [imu_filter]: Parameter RLController.pid_kd_lin set to 0.020000
[imu_filter_madgwick_node-3] [INFO] [1770696965.935522941] [imu_filter]: Parameter RLController.pid_kp_ang set to 1.231563
[imu_filter_madgwick_node-3] [INFO] [1770696965.935577535] [imu_filter]: Parameter RLController.pid_ki_ang set to 0.000000
[imu_filter_madgwick_node-3] [INFO] [1770696965.935631488] [imu_filter]: Parameter RLController.pid_kd_ang set to 0.100147
[imu_filter_madgwick_node-3] [INFO] [1770696966.359004742] [imu_filter]: Parameter RLController.pid_kp_lin set to 1.270484
[imu_filter_madgwick_node-3] [INFO] [1770696966.359234444] [imu_filter]: Parameter RLController.pid_ki_lin set to 0.000000
[imu_filter_madgwick_node-3] [INFO] [1770696966.359326382] [imu_filter]: Parameter RLController.pid_kd_lin set to 0.020000
[imu_filter_madgwick_node-3] [INFO] [1770696966.359390287] [imu_filter]: Parameter RLController.pid_kp_ang set to 1.231563
[imu_filter_madgwick_node-3] [INFO] [1770696966.359583156] [imu_filter]: Parameter RLController.pid_ki_ang set to 0.000000
[imu_filter_madgwick_node-3] [INFO] [1770696966.359649269] [imu_filter]: Parameter RLController.pid_kd_ang set to 0.100147
[imu_filter_madgwick_node-3] [INFO] [1770696966.780560450] [imu_filter]: Parameter RLController.pid_kp_lin set to 1.270484
[imu_filter_madgwick_node-3] [INFO] [1770696966.780774951] [imu_filter]: Parameter RLController.pid_ki_lin set to 0.000000
[imu_filter_madgwick_node-3] [INFO] [1770696966.780845801] [imu_filter]: Parameter RLController.pid_kd_lin set to 0.020000
[imu_filter_madgwick_node-3] [INFO] [1770696966.780908907] [imu_filter]: Parameter RLController.pid_kp_ang set to 1.231563
[imu_filter_madgwick_node-3] [INFO] [1770696966.780964748] [imu_filter]: Parameter RLController.pid_ki_ang set to 0.000000
[imu_filter_madgwick_node-3] [INFO] [1770696966.781020013] [imu_filter]: Parameter RLController.pid_kd_ang set to 0.100201
[imu_filter_madgwick_node-3] [INFO] [1770696967.201906746] [imu_filter]: Parameter RLController.pid_kp_lin set to 1.270484
[imu_filter_madgwick_node-3] [INFO] [1770696967.202120287] [imu_filter]: Parameter RLController.pid_ki_lin set to 0.000000
[imu_filter_madgwick_node-3] [INFO] [1770696967.202192384] [imu_filter]: Parameter RLController.pid_kd_lin set to 0.020000
[imu_filter_madgwick_node-3] [INFO] [1770696967.202256066] [imu_filter]: Parameter RLController.pid_kp_ang set to 1.231563
[imu_filter_madgwick_node-3] [INFO] [1770696967.202310915] [imu_filter]: Parameter RLController.pid_ki_ang set to 0.000000
[imu_filter_madgwick_node-3] [INFO] [1770696967.202365828] [imu_filter]: Parameter RLController.pid_kd_ang set to 0.100261
[imu_filter_madgwick_node-3] [INFO] [1770696967.638162636] [imu_filter]: Parameter RLController.pid_kp_lin set to 1.270484
[imu_filter_madgwick_node-3] [INFO] [1770696967.638376785] [imu_filter]: Parameter RLController.pid_ki_lin set to 0.000000
[imu_filter_madgwick_node-3] [INFO] [1770696967.638454995] [imu_filter]: Parameter RLController.pid_kd_lin set to 0.020000
[imu_filter_madgwick_node-3] [INFO] [1770696967.638525845] [imu_filter]: Parameter RLController.pid_kp_ang set to 1.231563
[imu_filter_madgwick_node-3] [INFO] [1770696967.638600950] [imu_filter]: Parameter RLController.pid_ki_ang set to 0.000000
[imu_filter_madgwick_node-3] [INFO] [1770696967.638661368] [imu_filter]: Parameter RLController.pid_kd_ang set to 0.100325
[imu_filter_madgwick_node-3] [INFO] [1770696968.063714341] [imu_filter]: Parameter RLController.pid_kp_lin set to 1.270484
[imu_filter_madgwick_node-3] [INFO] [1770696968.064352852] [imu_filter]: Parameter RLController.pid_ki_lin set to 0.000000
[imu_filter_madgwick_node-3] [INFO] [1770696968.064475767] [imu_filter]: Parameter RLController.pid_kd_lin set to 0.020000
[imu_filter_madgwick_node-3] [INFO] [1770696968.064540473] [imu_filter]: Parameter RLController.pid_kp_ang set to 1.231563
[imu_filter_madgwick_node-3] [INFO] [1770696968.064594010] [imu_filter]: Parameter RLController.pid_ki_ang set to 0.000000
[imu_filter_madgwick_node-3] [INFO] [1770696968.064646235] [imu_filter]: Parameter RLController.pid_kd_ang set to 0.100393
[imu_filter_madgwick_node-3] [INFO] [1770696968.491033480] [imu_filter]: Parameter RLController.pid_kp_lin set to 1.270484
[imu_filter_madgwick_node-3] [INFO] [1770696968.491346351] [imu_filter]: Parameter RLController.pid_ki_lin set to 0.000000
[imu_filter_madgwick_node-3] [INFO] [1770696968.491432369] [imu_filter]: Parameter RLController.pid_kd_lin set to 0.020000
[imu_filter_madgwick_node-3] [INFO] [1770696968.491499699] [imu_filter]: Parameter RLController.pid_kp_ang set to 1.231563
[imu_filter_madgwick_node-3] [INFO] [1770696968.491558836] [imu_filter]: Parameter RLController.pid_ki_ang set to 0.000000
[imu_filter_madgwick_node-3] [INFO] [1770696968.491614325] [imu_filter]: Parameter RLController.pid_kd_ang set to 0.100463
[imu_filter_madgwick_node-3] [INFO] [1770696968.897590630] [imu_filter]: Parameter RLController.pid_kp_lin set to 1.270484
[imu_filter_madgwick_node-3] [INFO] [1770696968.902699293] [imu_filter]: Parameter RLController.pid_ki_lin set to 0.000000
[imu_filter_madgwick_node-3] [INFO] [1770696968.902905666] [imu_filter]: Parameter RLController.pid_kd_lin set to 0.020000
[imu_filter_madgwick_node-3] [INFO] [1770696968.902980004] [imu_filter]: Parameter RLController.pid_kp_ang set to 1.231563
[imu_filter_madgwick_node-3] [INFO] [1770696968.903039045] [imu_filter]: Parameter RLController.pid_ki_ang set to 0.000000
[imu_filter_madgwick_node-3] [INFO] [1770696968.903097031] [imu_filter]: Parameter RLController.pid_kd_ang set to 0.100534
[imu_filter_madgwick_node-3] [INFO] [1770696969.323425862] [imu_filter]: Parameter RLController.pid_kp_lin set to 1.270484
[imu_filter_madgwick_node-3] [INFO] [1770696969.323677580] [imu_filter]: Parameter RLController.pid_ki_lin set to 0.000000
[imu_filter_madgwick_node-3] [INFO] [1770696969.323759182] [imu_filter]: Parameter RLController.pid_kd_lin set to 0.020000
[imu_filter_madgwick_node-3] [INFO] [1770696969.323821199] [imu_filter]: Parameter RLController.pid_kp_ang set to 1.231563
[imu_filter_madgwick_node-3] [INFO] [1770696969.323875377] [imu_filter]: Parameter RLController.pid_ki_ang set to 0.000000
[imu_filter_madgwick_node-3] [INFO] [1770696969.323928690] [imu_filter]: Parameter RLController.pid_kd_ang set to 0.100608
[imu_filter_madgwick_node-3] [INFO] [1770696969.746931952] [imu_filter]: Parameter RLController.pid_kp_lin set to 1.270484
[imu_filter_madgwick_node-3] [INFO] [1770696969.750752745] [imu_filter]: Parameter RLController.pid_ki_lin set to 0.000000
[imu_filter_madgwick_node-3] [INFO] [1770696969.751331158] [imu_filter]: Parameter RLController.pid_kd_lin set to 0.020000
[imu_filter_madgwick_node-3] [INFO] [1770696969.751505594] [imu_filter]: Parameter RLController.pid_kp_ang set to 1.231563
[imu_filter_madgwick_node-3] [INFO] [1770696969.751584796] [imu_filter]: Parameter RLController.pid_ki_ang set to 0.000000
[imu_filter_madgwick_node-3] [INFO] [1770696969.751689759] [imu_filter]: Parameter RLController.pid_kd_ang set to 0.100682
[imu_filter_madgwick_node-3] [INFO] [1770696970.173665348] [imu_filter]: Parameter RLController.pid_kp_lin set to 1.270484
[imu_filter_madgwick_node-3] [INFO] [1770696970.173881865] [imu_filter]: Parameter RLController.pid_ki_lin set to 0.000000
[imu_filter_madgwick_node-3] [INFO] [1770696970.173948811] [imu_filter]: Parameter RLController.pid_kd_lin set to 0.020000
[imu_filter_madgwick_node-3] [INFO] [1770696970.174010604] [imu_filter]: Parameter RLController.pid_kp_ang set to 1.231563
[imu_filter_madgwick_node-3] [INFO] [1770696970.174066318] [imu_filter]: Parameter RLController.pid_ki_ang set to 0.000000
[imu_filter_madgwick_node-3] [INFO] [1770696970.177750724] [imu_filter]: Parameter RLController.pid_kd_ang set to 0.100757
[imu_filter_madgwick_node-3] [INFO] [1770696970.598939287] [imu_filter]: Parameter RLController.pid_kp_lin set to 1.270484
[imu_filter_madgwick_node-3] [INFO] [1770696970.599271807] [imu_filter]: Parameter RLController.pid_ki_lin set to 0.000000
[imu_filter_madgwick_node-3] [INFO] [1770696970.599352929] [imu_filter]: Parameter RLController.pid_kd_lin set to 0.020000
[imu_filter_madgwick_node-3] [INFO] [1770696970.599416418] [imu_filter]: Parameter RLController.pid_kp_ang set to 1.231563
[imu_filter_madgwick_node-3] [INFO] [1770696970.599473764] [imu_filter]: Parameter RLController.pid_ki_ang set to 0.000000
[imu_filter_madgwick_node-3] [INFO] [1770696970.599531813] [imu_filter]: Parameter RLController.pid_kd_ang set to 0.100833
[imu_filter_madgwick_node-3] [INFO] [1770696971.010669422] [imu_filter]: Parameter RLController.pid_kp_lin set to 1.270484
[imu_filter_madgwick_node-3] [INFO] [1770696971.010894260] [imu_filter]: Parameter RLController.pid_ki_lin set to 0.000000
[imu_filter_madgwick_node-3] [INFO] [1770696971.010965077] [imu_filter]: Parameter RLController.pid_kd_lin set to 0.020000
[imu_filter_madgwick_node-3] [INFO] [1770696971.011027415] [imu_filter]: Parameter RLController.pid_kp_ang set to 1.231563
[imu_filter_madgwick_node-3] [INFO] [1770696971.011085784] [imu_filter]: Parameter RLController.pid_ki_ang set to 0.000000
[imu_filter_madgwick_node-3] [INFO] [1770696971.011140697] [imu_filter]: Parameter RLController.pid_kd_ang set to 0.100909
[imu_filter_madgwick_node-3] [INFO] [1770696971.425587056] [imu_filter]: Parameter RLController.pid_kp_lin set to 1.270484
[imu_filter_madgwick_node-3] [INFO] [1770696971.425911479] [imu_filter]: Parameter RLController.pid_ki_lin set to 0.000000
[imu_filter_madgwick_node-3] [INFO] [1770696971.426024794] [imu_filter]: Parameter RLController.pid_kd_lin set to 0.020000
[imu_filter_madgwick_node-3] [INFO] [1770696971.426116284] [imu_filter]: Parameter RLController.pid_kp_ang set to 1.231563
[imu_filter_madgwick_node-3] [INFO] [1770696971.426177662] [imu_filter]: Parameter RLController.pid_ki_ang set to 0.000000
[imu_filter_madgwick_node-3] [INFO] [1770696971.426238399] [imu_filter]: Parameter RLController.pid_kd_ang set to 0.100986
[imu_filter_madgwick_node-3] [INFO] [1770696971.846037938] [imu_filter]: Parameter RLController.pid_kp_lin set to 1.270484
[imu_filter_madgwick_node-3] [INFO] [1770696971.846370362] [imu_filter]: Parameter RLController.pid_ki_lin set to 0.000000
[imu_filter_madgwick_node-3] [INFO] [1770696971.846447740] [imu_filter]: Parameter RLController.pid_kd_lin set to 0.020000
[imu_filter_madgwick_node-3] [INFO] [1770696971.846509789] [imu_filter]: Parameter RLController.pid_kp_ang set to 1.231563
[imu_filter_madgwick_node-3] [INFO] [1770696971.846562942] [imu_filter]: Parameter RLController.pid_ki_ang set to 0.000000
[imu_filter_madgwick_node-3] [INFO] [1770696971.846618272] [imu_filter]: Parameter RLController.pid_kd_ang set to 0.101063
[imu_filter_madgwick_node-3] [INFO] [1770696972.254796132] [imu_filter]: Parameter RLController.pid_kp_lin set to 1.270484
[imu_filter_madgwick_node-3] [INFO] [1770696972.255007433] [imu_filter]: Parameter RLController.pid_ki_lin set to 0.000000
[imu_filter_madgwick_node-3] [INFO] [1770696972.255093483] [imu_filter]: Parameter RLController.pid_kd_lin set to 0.020000
[imu_filter_madgwick_node-3] [INFO] [1770696972.255160301] [imu_filter]: Parameter RLController.pid_kp_ang set to 1.231563
[imu_filter_madgwick_node-3] [INFO] [1770696972.255222286] [imu_filter]: Parameter RLController.pid_ki_ang set to 0.000000
[imu_filter_madgwick_node-3] [INFO] [1770696972.255282447] [imu_filter]: Parameter RLController.pid_kd_ang set to 0.101141
[imu_filter_madgwick_node-3] [INFO] [1770696972.667392528] [imu_filter]: Parameter RLController.pid_kp_lin set to 1.270484
[imu_filter_madgwick_node-3] [INFO] [1770696972.667697335] [imu_filter]: Parameter RLController.pid_ki_lin set to 0.000000
[imu_filter_madgwick_node-3] [INFO] [1770696972.667779673] [imu_filter]: Parameter RLController.pid_kd_lin set to 0.020000
[imu_filter_madgwick_node-3] [INFO] [1770696972.667837882] [imu_filter]: Parameter RLController.pid_kp_ang set to 1.231563
[imu_filter_madgwick_node-3] [INFO] [1770696972.668167842] [imu_filter]: Parameter RLController.pid_ki_ang set to 0.000000
[imu_filter_madgwick_node-3] [INFO] [1770696972.668264484] [imu_filter]: Parameter RLController.pid_kd_ang set to 0.101218
[imu_filter_madgwick_node-3] [INFO] [1770696973.111747615] [imu_filter]: Parameter RLController.pid_kp_lin set to 1.270484
[imu_filter_madgwick_node-3] [INFO] [1770696973.111967108] [imu_filter]: Parameter RLController.pid_ki_lin set to 0.000000
[imu_filter_madgwick_node-3] [INFO] [1770696973.112043622] [imu_filter]: Parameter RLController.pid_kd_lin set to 0.020000
[imu_filter_madgwick_node-3] [INFO] [1770696973.112106983] [imu_filter]: Parameter RLController.pid_kp_ang set to 1.231563
[imu_filter_madgwick_node-3] [INFO] [1770696973.112163144] [imu_filter]: Parameter RLController.pid_ki_ang set to 0.000000
[imu_filter_madgwick_node-3] [INFO] [1770696973.112257355] [imu_filter]: Parameter RLController.pid_kd_ang set to 0.101296
[imu_filter_madgwick_node-3] [INFO] [1770696973.526072594] [imu_filter]: Parameter RLController.pid_kp_lin set to 1.270484
[imu_filter_madgwick_node-3] [INFO] [1770696973.526280471] [imu_filter]: Parameter RLController.pid_ki_lin set to 0.000000
[imu_filter_madgwick_node-3] [INFO] [1770696973.526426395] [imu_filter]: Parameter RLController.pid_kd_lin set to 0.020000
[imu_filter_madgwick_node-3] [INFO] [1770696973.526495292] [imu_filter]: Parameter RLController.pid_kp_ang set to 1.231563
[imu_filter_madgwick_node-3] [INFO] [1770696973.526560030] [imu_filter]: Parameter RLController.pid_ki_ang set to 0.000000
[imu_filter_madgwick_node-3] [INFO] [1770696973.526618559] [imu_filter]: Parameter RLController.pid_kd_ang set to 0.101374
[imu_filter_madgwick_node-3] [INFO] [1770696973.965062213] [imu_filter]: Parameter RLController.pid_kp_lin set to 1.270484
[imu_filter_madgwick_node-3] [INFO] [1770696973.965260009] [imu_filter]: Parameter RLController.pid_ki_lin set to 0.000000
[imu_filter_madgwick_node-3] [INFO] [1770696973.965327787] [imu_filter]: Parameter RLController.pid_kd_lin set to 0.020000
[imu_filter_madgwick_node-3] [INFO] [1770696973.965391404] [imu_filter]: Parameter RLController.pid_kp_ang set to 1.231563
[imu_filter_madgwick_node-3] [INFO] [1770696973.965447694] [imu_filter]: Parameter RLController.pid_ki_ang set to 0.000000
[imu_filter_madgwick_node-3] [INFO] [1770696973.965567216] [imu_filter]: Parameter RLController.pid_kd_ang set to 0.101452
[imu_filter_madgwick_node-3] [INFO] [1770696974.387681689] [imu_filter]: Parameter RLController.pid_kp_lin set to 1.270484
[imu_filter_madgwick_node-3] [INFO] [1770696974.387894046] [imu_filter]: Parameter RLController.pid_ki_lin set to 0.000000
[imu_filter_madgwick_node-3] [INFO] [1770696974.387963904] [imu_filter]: Parameter RLController.pid_kd_lin set to 0.020000
[imu_filter_madgwick_node-3] [INFO] [1770696974.388024673] [imu_filter]: Parameter RLController.pid_kp_ang set to 1.231563
[imu_filter_madgwick_node-3] [INFO] [1770696974.388089571] [imu_filter]: Parameter RLController.pid_ki_ang set to 0.000000
[imu_filter_madgwick_node-3] [INFO] [1770696974.388233638] [imu_filter]: Parameter RLController.pid_kd_ang set to 0.101530
[imu_filter_madgwick_node-3] [INFO] [1770696974.803335308] [imu_filter]: Parameter RLController.pid_kp_lin set to 1.270484
[imu_filter_madgwick_node-3] [INFO] [1770696974.803583442] [imu_filter]: Parameter RLController.pid_ki_lin set to 0.000000
[imu_filter_madgwick_node-3] [INFO] [1770696974.806501142] [imu_filter]: Parameter RLController.pid_kd_lin set to 0.020000
[imu_filter_madgwick_node-3] [INFO] [1770696974.806971873] [imu_filter]: Parameter RLController.pid_kp_ang set to 1.231563
[imu_filter_madgwick_node-3] [INFO] [1770696974.807066979] [imu_filter]: Parameter RLController.pid_ki_ang set to 0.000000
[imu_filter_madgwick_node-3] [INFO] [1770696974.807132389] [imu_filter]: Parameter RLController.pid_kd_ang set to 0.101608
[imu_filter_madgwick_node-3] [INFO] [1770696975.221751519] [imu_filter]: Parameter RLController.pid_kp_lin set to 1.270484
[imu_filter_madgwick_node-3] [INFO] [1770696975.221961188] [imu_filter]: Parameter RLController.pid_ki_lin set to 0.000000
[imu_filter_madgwick_node-3] [INFO] [1770696975.222031942] [imu_filter]: Parameter RLController.pid_kd_lin set to 0.020000
[imu_filter_madgwick_node-3] [INFO] [1770696975.222095719] [imu_filter]: Parameter RLController.pid_kp_ang set to 1.231563
[imu_filter_madgwick_node-3] [INFO] [1770696975.222151688] [imu_filter]: Parameter RLController.pid_ki_ang set to 0.000000
[imu_filter_madgwick_node-3] [INFO] [1770696975.222207146] [imu_filter]: Parameter RLController.pid_kd_ang set to 0.101686
[imu_filter_madgwick_node-3] [INFO] [1770696975.682840596] [imu_filter]: Parameter RLController.pid_kp_lin set to 1.270484
[imu_filter_madgwick_node-3] [INFO] [1770696975.683047033] [imu_filter]: Parameter RLController.pid_ki_lin set to 0.000000
[imu_filter_madgwick_node-3] [INFO] [1770696975.683119483] [imu_filter]: Parameter RLController.pid_kd_lin set to 0.020000
[imu_filter_madgwick_node-3] [INFO] [1770696975.683454050] [imu_filter]: Parameter RLController.pid_kp_ang set to 1.231563
[imu_filter_madgwick_node-3] [INFO] [1770696975.683521284] [imu_filter]: Parameter RLController.pid_ki_ang set to 0.000000
[imu_filter_madgwick_node-3] [INFO] [1770696975.683580165] [imu_filter]: Parameter RLController.pid_kd_ang set to 0.101764
[imu_filter_madgwick_node-3] [INFO] [1770696976.098686955] [imu_filter]: Parameter RLController.pid_kp_lin set to 1.270484
[imu_filter_madgwick_node-3] [INFO] [1770696976.099506942] [imu_filter]: Parameter RLController.pid_ki_lin set to 0.000000
[imu_filter_madgwick_node-3] [INFO] [1770696976.099619393] [imu_filter]: Parameter RLController.pid_kd_lin set to 0.020000
[imu_filter_madgwick_node-3] [INFO] [1770696976.099689154] [imu_filter]: Parameter RLController.pid_kp_ang set to 1.231563
[imu_filter_madgwick_node-3] [INFO] [1770696976.099747012] [imu_filter]: Parameter RLController.pid_ki_ang set to 0.000000
[imu_filter_madgwick_node-3] [INFO] [1770696976.099796293] [imu_filter]: Parameter RLController.pid_kd_ang set to 0.101843
[imu_filter_madgwick_node-3] [INFO] [1770696976.521223326] [imu_filter]: Parameter RLController.pid_kp_lin set to 1.270484
[imu_filter_madgwick_node-3] [INFO] [1770696976.521422659] [imu_filter]: Parameter RLController.pid_ki_lin set to 0.000000
[imu_filter_madgwick_node-3] [INFO] [1770696976.521494372] [imu_filter]: Parameter RLController.pid_kd_lin set to 0.020000
[imu_filter_madgwick_node-3] [INFO] [1770696976.521557478] [imu_filter]: Parameter RLController.pid_kp_ang set to 1.231563
[imu_filter_madgwick_node-3] [INFO] [1770696976.521613319] [imu_filter]: Parameter RLController.pid_ki_ang set to 0.000000
[imu_filter_madgwick_node-3] [INFO] [1770696976.521669928] [imu_filter]: Parameter RLController.pid_kd_ang set to 0.101921
[imu_filter_madgwick_node-3] [INFO] [1770696976.940371938] [imu_filter]: Parameter RLController.pid_kp_lin set to 1.270484
[imu_filter_madgwick_node-3] [INFO] [1770696976.940707594] [imu_filter]: Parameter RLController.pid_ki_lin set to 0.000000
[imu_filter_madgwick_node-3] [INFO] [1770696976.940809452] [imu_filter]: Parameter RLController.pid_kd_lin set to 0.020000
[imu_filter_madgwick_node-3] [INFO] [1770696976.940880910] [imu_filter]: Parameter RLController.pid_kp_ang set to 1.231563
[imu_filter_madgwick_node-3] [INFO] [1770696976.940937199] [imu_filter]: Parameter RLController.pid_ki_ang set to 0.000000
[imu_filter_madgwick_node-3] [INFO] [1770696976.940991601] [imu_filter]: Parameter RLController.pid_kd_ang set to 0.101999
[imu_filter_madgwick_node-3] [INFO] [1770696977.366268611] [imu_filter]: Parameter RLController.pid_kp_lin set to 1.270484
[imu_filter_madgwick_node-3] [INFO] [1770696977.366503497] [imu_filter]: Parameter RLController.pid_ki_lin set to 0.000000
[imu_filter_madgwick_node-3] [INFO] [1770696977.366587275] [imu_filter]: Parameter RLController.pid_kd_lin set to 0.020000
[imu_filter_madgwick_node-3] [INFO] [1770696977.366654188] [imu_filter]: Parameter RLController.pid_kp_ang set to 1.231563
[imu_filter_madgwick_node-3] [INFO] [1770696977.366715950] [imu_filter]: Parameter RLController.pid_ki_ang set to 0.000000
[imu_filter_madgwick_node-3] [INFO] [1770696977.366774191] [imu_filter]: Parameter RLController.pid_kd_ang set to 0.102078
[imu_filter_madgwick_node-3] [INFO] [1770696977.778002139] [imu_filter]: Parameter RLController.pid_kp_lin set to 1.270484
[imu_filter_madgwick_node-3] [INFO] [1770696977.778309410] [imu_filter]: Parameter RLController.pid_ki_lin set to 0.000000
[imu_filter_madgwick_node-3] [INFO] [1770696977.778398756] [imu_filter]: Parameter RLController.pid_kd_lin set to 0.020000
[imu_filter_madgwick_node-3] [INFO] [1770696977.778493606] [imu_filter]: Parameter RLController.pid_kp_ang set to 1.231563
[imu_filter_madgwick_node-3] [INFO] [1770696977.778560808] [imu_filter]: Parameter RLController.pid_ki_ang set to 0.000000
[imu_filter_madgwick_node-3] [INFO] [1770696977.778621417] [imu_filter]: Parameter RLController.pid_kd_ang set to 0.102156
[imu_filter_madgwick_node-3] [INFO] [1770696978.192626869] [imu_filter]: Parameter RLController.pid_kp_lin set to 1.270484
[imu_filter_madgwick_node-3] [INFO] [1770696978.192843610] [imu_filter]: Parameter RLController.pid_ki_lin set to 0.000000
[imu_filter_madgwick_node-3] [INFO] [1770696978.192913468] [imu_filter]: Parameter RLController.pid_kd_lin set to 0.020000
[imu_filter_madgwick_node-3] [INFO] [1770696978.192975517] [imu_filter]: Parameter RLController.pid_kp_ang set to 1.231563
[imu_filter_madgwick_node-3] [INFO] [1770696978.193032127] [imu_filter]: Parameter RLController.pid_ki_ang set to 0.000000
[imu_filter_madgwick_node-3] [INFO] [1770696978.193085888] [imu_filter]: Parameter RLController.pid_kd_ang set to 0.102234
[imu_filter_madgwick_node-3] [INFO] [1770696978.626490544] [imu_filter]: Parameter RLController.pid_kp_lin set to 1.270484
[imu_filter_madgwick_node-3] [INFO] [1770696978.626685813] [imu_filter]: Parameter RLController.pid_ki_lin set to 0.000000
[imu_filter_madgwick_node-3] [INFO] [1770696978.626760438] [imu_filter]: Parameter RLController.pid_kd_lin set to 0.020000
[imu_filter_madgwick_node-3] [INFO] [1770696978.626828312] [imu_filter]: Parameter RLController.pid_kp_ang set to 1.231563
[imu_filter_madgwick_node-3] [INFO] [1770696978.627000508] [imu_filter]: Parameter RLController.pid_ki_ang set to 0.000000
[imu_filter_madgwick_node-3] [INFO] [1770696978.627067869] [imu_filter]: Parameter RLController.pid_kd_ang set to 0.102312
[imu_filter_madgwick_node-3] [INFO] [1770696979.028397154] [imu_filter]: Parameter RLController.pid_kp_lin set to 1.270484
[imu_filter_madgwick_node-3] [INFO] [1770696979.028611463] [imu_filter]: Parameter RLController.pid_ki_lin set to 0.000000
[imu_filter_madgwick_node-3] [INFO] [1770696979.028685353] [imu_filter]: Parameter RLController.pid_kd_lin set to 0.020000
[imu_filter_madgwick_node-3] [INFO] [1770696979.028753931] [imu_filter]: Parameter RLController.pid_kp_ang set to 1.231563
[imu_filter_madgwick_node-3] [INFO] [1770696979.028811852] [imu_filter]: Parameter RLController.pid_ki_ang set to 0.000000
[imu_filter_madgwick_node-3] [INFO] [1770696979.028869869] [imu_filter]: Parameter RLController.pid_kd_ang set to 0.102391
[imu_filter_madgwick_node-3] [INFO] [1770696979.438792410] [imu_filter]: Parameter RLController.pid_kp_lin set to 1.270484
[imu_filter_madgwick_node-3] [INFO] [1770696979.441896163] [imu_filter]: Parameter RLController.pid_ki_lin set to 0.000000
[imu_filter_madgwick_node-3] [INFO] [1770696979.443590922] [imu_filter]: Parameter RLController.pid_kd_lin set to 0.020000
[imu_filter_madgwick_node-3] [INFO] [1770696979.443756014] [imu_filter]: Parameter RLController.pid_kp_ang set to 1.231563
[imu_filter_madgwick_node-3] [INFO] [1770696979.443828048] [imu_filter]: Parameter RLController.pid_ki_ang set to 0.000000
[imu_filter_madgwick_node-3] [INFO] [1770696979.443888881] [imu_filter]: Parameter RLController.pid_kd_ang set to 0.102469
[imu_filter_madgwick_node-3] [INFO] [1770696979.870492547] [imu_filter]: Parameter RLController.pid_kp_lin set to 1.270484
[imu_filter_madgwick_node-3] [INFO] [1770696979.870690119] [imu_filter]: Parameter RLController.pid_ki_lin set to 0.000000
[imu_filter_madgwick_node-3] [INFO] [1770696979.872162186] [imu_filter]: Parameter RLController.pid_kd_lin set to 0.020000
[imu_filter_madgwick_node-3] [INFO] [1770696979.872489329] [imu_filter]: Parameter RLController.pid_kp_ang set to 1.231563
[imu_filter_madgwick_node-3] [INFO] [1770696979.872615092] [imu_filter]: Parameter RLController.pid_ki_ang set to 0.000000
[imu_filter_madgwick_node-3] [INFO] [1770696979.872691862] [imu_filter]: Parameter RLController.pid_kd_ang set to 0.102547
[imu_filter_madgwick_node-3] [INFO] [1770696980.280923868] [imu_filter]: Parameter RLController.pid_kp_lin set to 1.270484
[imu_filter_madgwick_node-3] [INFO] [1770696980.281135265] [imu_filter]: Parameter RLController.pid_ki_lin set to 0.000000
[imu_filter_madgwick_node-3] [INFO] [1770696980.281207266] [imu_filter]: Parameter RLController.pid_kd_lin set to 0.020000
[imu_filter_madgwick_node-3] [INFO] [1770696980.281271908] [imu_filter]: Parameter RLController.pid_kp_ang set to 1.231563
[imu_filter_madgwick_node-3] [INFO] [1770696980.281329093] [imu_filter]: Parameter RLController.pid_ki_ang set to 0.000000
[imu_filter_madgwick_node-3] [INFO] [1770696980.281385543] [imu_filter]: Parameter RLController.pid_kd_ang set to 0.102626
[imu_filter_madgwick_node-3] [INFO] [1770696980.696101827] [imu_filter]: Parameter RLController.pid_kp_lin set to 1.270484
[imu_filter_madgwick_node-3] [INFO] [1770696980.696344969] [imu_filter]: Parameter RLController.pid_ki_lin set to 0.000000
[imu_filter_madgwick_node-3] [INFO] [1770696980.699572276] [imu_filter]: Parameter RLController.pid_kd_lin set to 0.020000
[imu_filter_madgwick_node-3] [INFO] [1770696980.699763737] [imu_filter]: Parameter RLController.pid_kp_ang set to 1.231563
[imu_filter_madgwick_node-3] [INFO] [1770696980.699843483] [imu_filter]: Parameter RLController.pid_ki_ang set to 0.000000
[imu_filter_madgwick_node-3] [INFO] [1770696980.699908668] [imu_filter]: Parameter RLController.pid_kd_ang set to 0.102704
[imu_filter_madgwick_node-3] [INFO] [1770696981.116074011] [imu_filter]: Parameter RLController.pid_kp_lin set to 1.270484
[imu_filter_madgwick_node-3] [INFO] [1770696981.116306752] [imu_filter]: Parameter RLController.pid_ki_lin set to 0.000000
[imu_filter_madgwick_node-3] [INFO] [1770696981.116381858] [imu_filter]: Parameter RLController.pid_kd_lin set to 0.020000
[imu_filter_madgwick_node-3] [INFO] [1770696981.116446595] [imu_filter]: Parameter RLController.pid_kp_ang set to 1.231563
[imu_filter_madgwick_node-3] [INFO] [1770696981.116507461] [imu_filter]: Parameter RLController.pid_ki_ang set to 0.000000
[imu_filter_madgwick_node-3] [INFO] [1770696981.116565062] [imu_filter]: Parameter RLController.pid_kd_ang set to 0.102782
[imu_filter_madgwick_node-3] [INFO] [1770696981.521437757] [imu_filter]: Parameter RLController.pid_kp_lin set to 1.270484
[imu_filter_madgwick_node-3] [INFO] [1770696981.524567430] [imu_filter]: Parameter RLController.pid_ki_lin set to 0.000000
[imu_filter_madgwick_node-3] [INFO] [1770696981.524767531] [imu_filter]: Parameter RLController.pid_kd_lin set to 0.020000
[imu_filter_madgwick_node-3] [INFO] [1770696981.524843405] [imu_filter]: Parameter RLController.pid_kp_ang set to 1.231563
[imu_filter_madgwick_node-3] [INFO] [1770696981.524904910] [imu_filter]: Parameter RLController.pid_ki_ang set to 0.000000
[imu_filter_madgwick_node-3] [INFO] [1770696981.524966384] [imu_filter]: Parameter RLController.pid_kd_ang set to 0.102861
[imu_filter_madgwick_node-3] [INFO] [1770696981.940386717] [imu_filter]: Parameter RLController.pid_kp_lin set to 1.270484
[imu_filter_madgwick_node-3] [INFO] [1770696981.940587138] [imu_filter]: Parameter RLController.pid_ki_lin set to 0.000000
[imu_filter_madgwick_node-3] [INFO] [1770696981.940667107] [imu_filter]: Parameter RLController.pid_kd_lin set to 0.020000
[imu_filter_madgwick_node-3] [INFO] [1770696981.940728741] [imu_filter]: Parameter RLController.pid_kp_ang set to 1.231563
[imu_filter_madgwick_node-3] [INFO] [1770696981.940784966] [imu_filter]: Parameter RLController.pid_ki_ang set to 0.000000
[imu_filter_madgwick_node-3] [INFO] [1770696981.940841479] [imu_filter]: Parameter RLController.pid_kd_ang set to 0.102939
[imu_filter_madgwick_node-3] [INFO] [1770696982.357053319] [imu_filter]: Parameter RLController.pid_kp_lin set to 1.270484
[imu_filter_madgwick_node-3] [INFO] [1770696982.357394959] [imu_filter]: Parameter RLController.pid_ki_lin set to 0.000000
[imu_filter_madgwick_node-3] [INFO] [1770696982.357491345] [imu_filter]: Parameter RLController.pid_kd_lin set to 0.020000
[imu_filter_madgwick_node-3] [INFO] [1770696982.357557363] [imu_filter]: Parameter RLController.pid_kp_ang set to 1.231563
[imu_filter_madgwick_node-3] [INFO] [1770696982.357615444] [imu_filter]: Parameter RLController.pid_ki_ang set to 0.000000
[imu_filter_madgwick_node-3] [INFO] [1770696982.357671349] [imu_filter]: Parameter RLController.pid_kd_ang set to 0.103018
[imu_filter_madgwick_node-3] [INFO] [1770696982.771299161] [imu_filter]: Parameter RLController.pid_kp_lin set to 1.270484
[imu_filter_madgwick_node-3] [INFO] [1770696982.771513118] [imu_filter]: Parameter RLController.pid_ki_lin set to 0.000000
[imu_filter_madgwick_node-3] [INFO] [1770696982.771588992] [imu_filter]: Parameter RLController.pid_kd_lin set to 0.020000
[imu_filter_madgwick_node-3] [INFO] [1770696982.771656417] [imu_filter]: Parameter RLController.pid_kp_ang set to 1.231563
[imu_filter_madgwick_node-3] [INFO] [1770696982.771717123] [imu_filter]: Parameter RLController.pid_ki_ang set to 0.000000
[imu_filter_madgwick_node-3] [INFO] [1770696982.771775460] [imu_filter]: Parameter RLController.pid_kd_ang set to 0.103096
[imu_filter_madgwick_node-3] [INFO] [1770696983.193800203] [imu_filter]: Parameter RLController.pid_kp_lin set to 1.270484
[imu_filter_madgwick_node-3] [INFO] [1770696983.194129875] [imu_filter]: Parameter RLController.pid_ki_lin set to 0.000000
[imu_filter_madgwick_node-3] [INFO] [1770696983.194255062] [imu_filter]: Parameter RLController.pid_kd_lin set to 0.020000
[imu_filter_madgwick_node-3] [INFO] [1770696983.194321591] [imu_filter]: Parameter RLController.pid_kp_ang set to 1.231563
[imu_filter_madgwick_node-3] [INFO] [1770696983.194379064] [imu_filter]: Parameter RLController.pid_ki_ang set to 0.000000
[imu_filter_madgwick_node-3] [INFO] [1770696983.194432442] [imu_filter]: Parameter RLController.pid_kd_ang set to 0.103174
[imu_filter_madgwick_node-3] [INFO] [1770696983.611246951] [imu_filter]: Parameter RLController.pid_kp_lin set to 1.270484
[imu_filter_madgwick_node-3] [INFO] [1770696983.611445100] [imu_filter]: Parameter RLController.pid_ki_lin set to 0.000000
[imu_filter_madgwick_node-3] [INFO] [1770696983.611518414] [imu_filter]: Parameter RLController.pid_kd_lin set to 0.020000
[imu_filter_madgwick_node-3] [INFO] [1770696983.611579279] [imu_filter]: Parameter RLController.pid_kp_ang set to 1.231563
[imu_filter_madgwick_node-3] [INFO] [1770696983.611635952] [imu_filter]: Parameter RLController.pid_ki_ang set to 0.000000
[imu_filter_madgwick_node-3] [INFO] [1770696983.611692434] [imu_filter]: Parameter RLController.pid_kd_ang set to 0.103253
[imu_filter_madgwick_node-3] [INFO] [1770696984.024100825] [imu_filter]: Parameter RLController.pid_kp_lin set to 1.270484
[imu_filter_madgwick_node-3] [INFO] [1770696984.024368959] [imu_filter]: Parameter RLController.pid_ki_lin set to 0.000000
[imu_filter_madgwick_node-3] [INFO] [1770696984.024451105] [imu_filter]: Parameter RLController.pid_kd_lin set to 0.020000
[imu_filter_madgwick_node-3] [INFO] [1770696984.024516290] [imu_filter]: Parameter RLController.pid_kp_ang set to 1.231563
[imu_filter_madgwick_node-3] [INFO] [1770696984.024571876] [imu_filter]: Parameter RLController.pid_ki_ang set to 0.000000
[imu_filter_madgwick_node-3] [INFO] [1770696984.024626277] [imu_filter]: Parameter RLController.pid_kd_ang set to 0.103331
[imu_filter_madgwick_node-3] [INFO] [1770696984.463095179] [imu_filter]: Parameter RLController.pid_kp_lin set to 1.270484
[imu_filter_madgwick_node-3] [INFO] [1770696984.470876224] [imu_filter]: Parameter RLController.pid_ki_lin set to 0.000000
[imu_filter_madgwick_node-3] [INFO] [1770696984.471203528] [imu_filter]: Parameter RLController.pid_kd_lin set to 0.020000
[imu_filter_madgwick_node-3] [INFO] [1770696984.471314506] [imu_filter]: Parameter RLController.pid_kp_ang set to 1.231563
[imu_filter_madgwick_node-3] [INFO] [1770696984.471380460] [imu_filter]: Parameter RLController.pid_ki_ang set to 0.000000
[imu_filter_madgwick_node-3] [INFO] [1770696984.471439149] [imu_filter]: Parameter RLController.pid_kd_ang set to 0.103409
[imu_filter_madgwick_node-3] [INFO] [1770696984.895388385] [imu_filter]: Parameter RLController.pid_kp_lin set to 1.270484
[imu_filter_madgwick_node-3] [INFO] [1770696984.895604358] [imu_filter]: Parameter RLController.pid_ki_lin set to 0.000000
[imu_filter_madgwick_node-3] [INFO] [1770696984.901986011] [imu_filter]: Parameter RLController.pid_kd_lin set to 0.020000
[imu_filter_madgwick_node-3] [INFO] [1770696984.902193856] [imu_filter]: Parameter RLController.pid_kp_ang set to 1.231563
[imu_filter_madgwick_node-3] [INFO] [1770696984.902266177] [imu_filter]: Parameter RLController.pid_ki_ang set to 0.000000
[imu_filter_madgwick_node-3] [INFO] [1770696984.902328227] [imu_filter]: Parameter RLController.pid_kd_ang set to 0.103488
[imu_filter_madgwick_node-3] [INFO] [1770696985.315896325] [imu_filter]: Parameter RLController.pid_kp_lin set to 1.270484
[imu_filter_madgwick_node-3] [INFO] [1770696985.318326046] [imu_filter]: Parameter RLController.pid_ki_lin set to 0.000000
[imu_filter_madgwick_node-3] [INFO] [1770696985.318523938] [imu_filter]: Parameter RLController.pid_kd_lin set to 0.020000
[imu_filter_madgwick_node-3] [INFO] [1770696985.318594020] [imu_filter]: Parameter RLController.pid_kp_ang set to 1.231563
[imu_filter_madgwick_node-3] [INFO] [1770696985.318652581] [imu_filter]: Parameter RLController.pid_ki_ang set to 0.000000
[imu_filter_madgwick_node-3] [INFO] [1770696985.318707878] [imu_filter]: Parameter RLController.pid_kd_ang set to 0.103566
[imu_filter_madgwick_node-3] [INFO] [1770696985.737012567] [imu_filter]: Parameter RLController.pid_kp_lin set to 1.270484
[imu_filter_madgwick_node-3] [INFO] [1770696985.737210747] [imu_filter]: Parameter RLController.pid_ki_lin set to 0.000000
[imu_filter_madgwick_node-3] [INFO] [1770696985.737283101] [imu_filter]: Parameter RLController.pid_kd_lin set to 0.020000
[imu_filter_madgwick_node-3] [INFO] [1770696985.737338014] [imu_filter]: Parameter RLController.pid_kp_ang set to 1.231563
[imu_filter_madgwick_node-3] [INFO] [1770696985.739225450] [imu_filter]: Parameter RLController.pid_ki_ang set to 0.000000
[imu_filter_madgwick_node-3] [INFO] [1770696985.739382446] [imu_filter]: Parameter RLController.pid_kd_ang set to 0.103644
[imu_filter_madgwick_node-3] [INFO] [1770696986.160322140] [imu_filter]: Parameter RLController.pid_kp_lin set to 1.270484
[imu_filter_madgwick_node-3] [INFO] [1770696986.160569441] [imu_filter]: Parameter RLController.pid_ki_lin set to 0.000000
[imu_filter_madgwick_node-3] [INFO] [1770696986.162930841] [imu_filter]: Parameter RLController.pid_kd_lin set to 0.020000
[imu_filter_madgwick_node-3] [INFO] [1770696986.163232512] [imu_filter]: Parameter RLController.pid_kp_ang set to 1.231563
[imu_filter_madgwick_node-3] [INFO] [1770696986.163447781] [imu_filter]: Parameter RLController.pid_ki_ang set to 0.000000
[imu_filter_madgwick_node-3] [INFO] [1770696986.163525478] [imu_filter]: Parameter RLController.pid_kd_ang set to 0.103723
[imu_filter_madgwick_node-3] [INFO] [1770696986.573676729] [imu_filter]: Parameter RLController.pid_kp_lin set to 1.270484
[imu_filter_madgwick_node-3] [INFO] [1770696986.573880606] [imu_filter]: Parameter RLController.pid_ki_lin set to 0.000000
[imu_filter_madgwick_node-3] [INFO] [1770696986.573947999] [imu_filter]: Parameter RLController.pid_kd_lin set to 0.020000
[imu_filter_madgwick_node-3] [INFO] [1770696986.574011681] [imu_filter]: Parameter RLController.pid_kp_ang set to 1.231563
[imu_filter_madgwick_node-3] [INFO] [1770696986.574068258] [imu_filter]: Parameter RLController.pid_ki_ang set to 0.000000
[imu_filter_madgwick_node-3] [INFO] [1770696986.574123171] [imu_filter]: Parameter RLController.pid_kd_ang set to 0.103801
[imu_filter_madgwick_node-3] [INFO] [1770696986.994603654] [imu_filter]: Parameter RLController.pid_kp_lin set to 1.270484
[imu_filter_madgwick_node-3] [INFO] [1770696986.994831372] [imu_filter]: Parameter RLController.pid_ki_lin set to 0.000000
[imu_filter_madgwick_node-3] [INFO] [1770696986.995030544] [imu_filter]: Parameter RLController.pid_kd_lin set to 0.020000
[imu_filter_madgwick_node-3] [INFO] [1770696986.995106066] [imu_filter]: Parameter RLController.pid_kp_ang set to 1.231563
[imu_filter_madgwick_node-3] [INFO] [1770696986.995168755] [imu_filter]: Parameter RLController.pid_ki_ang set to 0.000000
[imu_filter_madgwick_node-3] [INFO] [1770696986.995228885] [imu_filter]: Parameter RLController.pid_kd_ang set to 0.103879
[imu_filter_madgwick_node-3] [INFO] [1770696987.408519600] [imu_filter]: Parameter RLController.pid_kp_lin set to 1.270484
[imu_filter_madgwick_node-3] [INFO] [1770696987.408736181] [imu_filter]: Parameter RLController.pid_ki_lin set to 0.000000
[imu_filter_madgwick_node-3] [INFO] [1770696987.411027051] [imu_filter]: Parameter RLController.pid_kd_lin set to 0.020000
[imu_filter_madgwick_node-3] [INFO] [1770696987.411219919] [imu_filter]: Parameter RLController.pid_kp_ang set to 1.231563
[imu_filter_madgwick_node-3] [INFO] [1770696987.411294385] [imu_filter]: Parameter RLController.pid_ki_ang set to 0.000000
[imu_filter_madgwick_node-3] [INFO] [1770696987.411356082] [imu_filter]: Parameter RLController.pid_kd_ang set to 0.103958
[imu_filter_madgwick_node-3] [INFO] [1770696987.835963574] [imu_filter]: Parameter RLController.pid_kp_lin set to 1.270484
[imu_filter_madgwick_node-3] [INFO] [1770696987.836170586] [imu_filter]: Parameter RLController.pid_ki_lin set to 0.000000
[imu_filter_madgwick_node-3] [INFO] [1770696987.836306718] [imu_filter]: Parameter RLController.pid_kd_lin set to 0.020000
[imu_filter_madgwick_node-3] [INFO] [1770696987.836493378] [imu_filter]: Parameter RLController.pid_kp_ang set to 1.231563
[imu_filter_madgwick_node-3] [INFO] [1770696987.836560452] [imu_filter]: Parameter RLController.pid_ki_ang set to 0.000000
[imu_filter_madgwick_node-3] [INFO] [1770696987.836618661] [imu_filter]: Parameter RLController.pid_kd_ang set to 0.104036
[imu_filter_madgwick_node-3] [INFO] [1770696988.258410566] [imu_filter]: Parameter RLController.pid_kp_lin set to 1.270484
[imu_filter_madgwick_node-3] [INFO] [1770696988.258964755] [imu_filter]: Parameter RLController.pid_ki_lin set to 0.000000
[imu_filter_madgwick_node-3] [INFO] [1770696988.259196601] [imu_filter]: Parameter RLController.pid_kd_lin set to 0.020000
[imu_filter_madgwick_node-3] [INFO] [1770696988.259344316] [imu_filter]: Parameter RLController.pid_kp_ang set to 1.231563
[imu_filter_madgwick_node-3] [INFO] [1770696988.259425278] [imu_filter]: Parameter RLController.pid_ki_ang set to 0.000000
[imu_filter_madgwick_node-3] [INFO] [1770696988.259548961] [imu_filter]: Parameter RLController.pid_kd_ang set to 0.104114
[imu_filter_madgwick_node-3] [INFO] [1770696988.686281302] [imu_filter]: Parameter RLController.pid_kp_lin set to 1.270484
[imu_filter_madgwick_node-3] [INFO] [1770696988.686481946] [imu_filter]: Parameter RLController.pid_ki_lin set to 0.000000
[imu_filter_madgwick_node-3] [INFO] [1770696988.686551580] [imu_filter]: Parameter RLController.pid_kd_lin set to 0.020000
[imu_filter_madgwick_node-3] [INFO] [1770696988.686615741] [imu_filter]: Parameter RLController.pid_kp_ang set to 1.231563
[imu_filter_madgwick_node-3] [INFO] [1770696988.686675071] [imu_filter]: Parameter RLController.pid_ki_ang set to 0.000000
[imu_filter_madgwick_node-3] [INFO] [1770696988.686730880] [imu_filter]: Parameter RLController.pid_kd_ang set to 0.104193
[imu_filter_madgwick_node-3] [INFO] [1770696989.115659240] [imu_filter]: Parameter RLController.pid_kp_lin set to 1.270484
[imu_filter_madgwick_node-3] [INFO] [1770696989.115894061] [imu_filter]: Parameter RLController.pid_ki_lin set to 0.000000
[imu_filter_madgwick_node-3] [INFO] [1770696989.119611492] [imu_filter]: Parameter RLController.pid_kd_lin set to 0.020000
[imu_filter_madgwick_node-3] [INFO] [1770696989.119809385] [imu_filter]: Parameter RLController.pid_kp_ang set to 1.231563
[imu_filter_madgwick_node-3] [INFO] [1770696989.122744397] [imu_filter]: Parameter RLController.pid_ki_ang set to 0.000000
[imu_filter_madgwick_node-3] [INFO] [1770696989.123022195] [imu_filter]: Parameter RLController.pid_kd_ang set to 0.104271
[imu_filter_madgwick_node-3] [INFO] [1770696989.521624249] [imu_filter]: Parameter RLController.pid_kp_lin set to 1.270484
[imu_filter_madgwick_node-3] [INFO] [1770696989.521870111] [imu_filter]: Parameter RLController.pid_ki_lin set to 0.000000
[imu_filter_madgwick_node-3] [INFO] [1770696989.521950080] [imu_filter]: Parameter RLController.pid_kd_lin set to 0.020000
[imu_filter_madgwick_node-3] [INFO] [1770696989.522018914] [imu_filter]: Parameter RLController.pid_kp_ang set to 1.231563
[imu_filter_madgwick_node-3] [INFO] [1770696989.522081028] [imu_filter]: Parameter RLController.pid_ki_ang set to 0.000000
[imu_filter_madgwick_node-3] [INFO] [1770696989.522185062] [imu_filter]: Parameter RLController.pid_kd_ang set to 0.104349
[imu_filter_madgwick_node-3] [INFO] [1770696989.946117881] [imu_filter]: Parameter RLController.pid_kp_lin set to 1.270484
[imu_filter_madgwick_node-3] [INFO] [1770696989.946384096] [imu_filter]: Parameter RLController.pid_ki_lin set to 0.000000
[imu_filter_madgwick_node-3] [INFO] [1770696989.946491330] [imu_filter]: Parameter RLController.pid_kd_lin set to 0.020000
[imu_filter_madgwick_node-3] [INFO] [1770696989.946567620] [imu_filter]: Parameter RLController.pid_kp_ang set to 1.231563
[imu_filter_madgwick_node-3] [INFO] [1770696989.946625509] [imu_filter]: Parameter RLController.pid_ki_ang set to 0.000000
[imu_filter_madgwick_node-3] [INFO] [1770696989.946680615] [imu_filter]: Parameter RLController.pid_kd_ang set to 0.104428
[imu_filter_madgwick_node-3] [INFO] [1770696990.371064133] [imu_filter]: Parameter RLController.pid_kp_lin set to 1.270484
[imu_filter_madgwick_node-3] [INFO] [1770696990.371286954] [imu_filter]: Parameter RLController.pid_ki_lin set to 0.000000
[imu_filter_madgwick_node-3] [INFO] [1770696990.371365004] [imu_filter]: Parameter RLController.pid_kd_lin set to 0.020000
[imu_filter_madgwick_node-3] [INFO] [1770696990.371432557] [imu_filter]: Parameter RLController.pid_kp_ang set to 1.231563
[imu_filter_madgwick_node-3] [INFO] [1770696990.371491534] [imu_filter]: Parameter RLController.pid_ki_ang set to 0.000000
[imu_filter_madgwick_node-3] [INFO] [1770696990.371547088] [imu_filter]: Parameter RLController.pid_kd_ang set to 0.104506
[imu_filter_madgwick_node-3] [INFO] [1770696990.791712395] [imu_filter]: Parameter RLController.pid_kp_lin set to 1.270484
[imu_filter_madgwick_node-3] [INFO] [1770696990.791904624] [imu_filter]: Parameter RLController.pid_ki_lin set to 0.000000
[imu_filter_madgwick_node-3] [INFO] [1770696990.791970001] [imu_filter]: Parameter RLController.pid_kd_lin set to 0.020000
[imu_filter_madgwick_node-3] [INFO] [1770696990.792032275] [imu_filter]: Parameter RLController.pid_kp_ang set to 1.231563
[imu_filter_madgwick_node-3] [INFO] [1770696990.792089332] [imu_filter]: Parameter RLController.pid_ki_ang set to 0.000000
[imu_filter_madgwick_node-3] [INFO] [1770696990.792282777] [imu_filter]: Parameter RLController.pid_kd_ang set to 0.104584
[imu_filter_madgwick_node-3] [INFO] [1770696991.210010684] [imu_filter]: Parameter RLController.pid_kp_lin set to 1.270484
[imu_filter_madgwick_node-3] [INFO] [1770696991.212873022] [imu_filter]: Parameter RLController.pid_ki_lin set to 0.000000
[imu_filter_madgwick_node-3] [INFO] [1770696991.213070179] [imu_filter]: Parameter RLController.pid_kd_lin set to 0.020000
[imu_filter_madgwick_node-3] [INFO] [1770696991.213138917] [imu_filter]: Parameter RLController.pid_kp_ang set to 1.231563
[imu_filter_madgwick_node-3] [INFO] [1770696991.213204870] [imu_filter]: Parameter RLController.pid_ki_ang set to 0.000000
[imu_filter_madgwick_node-3] [INFO] [1770696991.213261319] [imu_filter]: Parameter RLController.pid_kd_ang set to 0.104663
[imu_filter_madgwick_node-3] [INFO] [1770696991.634479868] [imu_filter]: Parameter RLController.pid_kp_lin set to 1.270484
[imu_filter_madgwick_node-3] [INFO] [1770696991.641237017] [imu_filter]: Parameter RLController.pid_ki_lin set to 0.000000
[imu_filter_madgwick_node-3] [INFO] [1770696991.641430814] [imu_filter]: Parameter RLController.pid_kd_lin set to 0.020000
[imu_filter_madgwick_node-3] [INFO] [1770696991.641564545] [imu_filter]: Parameter RLController.pid_kp_ang set to 1.231563
[imu_filter_madgwick_node-3] [INFO] [1770696991.643154630] [imu_filter]: Parameter RLController.pid_ki_ang set to 0.000000
[imu_filter_madgwick_node-3] [INFO] [1770696991.643339946] [imu_filter]: Parameter RLController.pid_kd_ang set to 0.104741
[imu_filter_madgwick_node-3] [INFO] [1770696992.050859583] [imu_filter]: Parameter RLController.pid_kp_lin set to 1.270484
[imu_filter_madgwick_node-3] [INFO] [1770696992.051078980] [imu_filter]: Parameter RLController.pid_ki_lin set to 0.000000
[imu_filter_madgwick_node-3] [INFO] [1770696992.051168550] [imu_filter]: Parameter RLController.pid_kd_lin set to 0.020000
[imu_filter_madgwick_node-3] [INFO] [1770696992.051234536] [imu_filter]: Parameter RLController.pid_kp_ang set to 1.231563
[imu_filter_madgwick_node-3] [INFO] [1770696992.051295497] [imu_filter]: Parameter RLController.pid_ki_ang set to 0.000000
[imu_filter_madgwick_node-3] [INFO] [1770696992.051354059] [imu_filter]: Parameter RLController.pid_kd_ang set to 0.104819
[imu_filter_madgwick_node-3] [INFO] [1770696992.471369091] [imu_filter]: Parameter RLController.pid_kp_lin set to 1.270484
[imu_filter_madgwick_node-3] [INFO] [1770696992.471548871] [imu_filter]: Parameter RLController.pid_ki_lin set to 0.000000
[imu_filter_madgwick_node-3] [INFO] [1770696992.471619945] [imu_filter]: Parameter RLController.pid_kd_lin set to 0.020000
[imu_filter_madgwick_node-3] [INFO] [1770696992.471689578] [imu_filter]: Parameter RLController.pid_kp_ang set to 1.231563
[imu_filter_madgwick_node-3] [INFO] [1770696992.474318440] [imu_filter]: Parameter RLController.pid_ki_ang set to 0.000000
[imu_filter_madgwick_node-3] [INFO] [1770696992.474486475] [imu_filter]: Parameter RLController.pid_kd_ang set to 0.104898
[imu_filter_madgwick_node-3] [INFO] [1770696992.886773648] [imu_filter]: Parameter RLController.pid_kp_lin set to 1.270484
[imu_filter_madgwick_node-3] [INFO] [1770696992.886972020] [imu_filter]: Parameter RLController.pid_ki_lin set to 0.000000
[imu_filter_madgwick_node-3] [INFO] [1770696992.887052598] [imu_filter]: Parameter RLController.pid_kd_lin set to 0.020000
[imu_filter_madgwick_node-3] [INFO] [1770696992.887117528] [imu_filter]: Parameter RLController.pid_kp_ang set to 1.231563
[imu_filter_madgwick_node-3] [INFO] [1770696992.887172217] [imu_filter]: Parameter RLController.pid_ki_ang set to 0.000000
[imu_filter_madgwick_node-3] [INFO] [1770696992.887226138] [imu_filter]: Parameter RLController.pid_kd_ang set to 0.104976
[imu_filter_madgwick_node-3] [INFO] [1770696993.297996347] [imu_filter]: Parameter RLController.pid_kp_lin set to 1.270484
[imu_filter_madgwick_node-3] [INFO] [1770696993.298229408] [imu_filter]: Parameter RLController.pid_ki_lin set to 0.000000
[imu_filter_madgwick_node-3] [INFO] [1770696993.300932095] [imu_filter]: Parameter RLController.pid_kd_lin set to 0.020000
[imu_filter_madgwick_node-3] [INFO] [1770696993.301120868] [imu_filter]: Parameter RLController.pid_kp_ang set to 1.231563
[imu_filter_madgwick_node-3] [INFO] [1770696993.301188613] [imu_filter]: Parameter RLController.pid_ki_ang set to 0.000000
[imu_filter_madgwick_node-3] [INFO] [1770696993.301247911] [imu_filter]: Parameter RLController.pid_kd_ang set to 0.105054
[imu_filter_madgwick_node-3] [INFO] [1770696993.715242771] [imu_filter]: Parameter RLController.pid_kp_lin set to 1.270484
[imu_filter_madgwick_node-3] [INFO] [1770696993.715446328] [imu_filter]: Parameter RLController.pid_ki_lin set to 0.000000
[imu_filter_madgwick_node-3] [INFO] [1770696993.715522361] [imu_filter]: Parameter RLController.pid_kd_lin set to 0.020000
[imu_filter_madgwick_node-3] [INFO] [1770696993.715587035] [imu_filter]: Parameter RLController.pid_kp_ang set to 1.231563
[imu_filter_madgwick_node-3] [INFO] [1770696993.715644252] [imu_filter]: Parameter RLController.pid_ki_ang set to 0.000000
[imu_filter_madgwick_node-3] [INFO] [1770696993.715700029] [imu_filter]: Parameter RLController.pid_kd_ang set to 0.105133
[imu_filter_madgwick_node-3] [INFO] [1770696994.129089947] [imu_filter]: Parameter RLController.pid_kp_lin set to 1.270484
[imu_filter_madgwick_node-3] [INFO] [1770696994.129451364] [imu_filter]: Parameter RLController.pid_ki_lin set to 0.000000
[imu_filter_madgwick_node-3] [INFO] [1770696994.129531686] [imu_filter]: Parameter RLController.pid_kd_lin set to 0.020000
[imu_filter_madgwick_node-3] [INFO] [1770696994.129599431] [imu_filter]: Parameter RLController.pid_kp_ang set to 1.231563
[imu_filter_madgwick_node-3] [INFO] [1770696994.133920972] [imu_filter]: Parameter RLController.pid_ki_ang set to 0.000000
[imu_filter_madgwick_node-3] [INFO] [1770696994.134235155] [imu_filter]: Parameter RLController.pid_kd_ang set to 0.105211
[imu_filter_madgwick_node-3] [INFO] [1770696994.545574529] [imu_filter]: Parameter RLController.pid_kp_lin set to 1.270484
[imu_filter_madgwick_node-3] [INFO] [1770696994.545812295] [imu_filter]: Parameter RLController.pid_ki_lin set to 0.000000
[imu_filter_madgwick_node-3] [INFO] [1770696994.545986859] [imu_filter]: Parameter RLController.pid_kd_lin set to 0.020000
[imu_filter_madgwick_node-3] [INFO] [1770696994.546065645] [imu_filter]: Parameter RLController.pid_kp_ang set to 1.231563
[imu_filter_madgwick_node-3] [INFO] [1770696994.546196368] [imu_filter]: Parameter RLController.pid_ki_ang set to 0.000000
[imu_filter_madgwick_node-3] [INFO] [1770696994.546266545] [imu_filter]: Parameter RLController.pid_kd_ang set to 0.105289
[imu_filter_madgwick_node-3] [INFO] [1770696994.957119252] [imu_filter]: Parameter RLController.pid_kp_lin set to 1.270484
[imu_filter_madgwick_node-3] [INFO] [1770696994.957321593] [imu_filter]: Parameter RLController.pid_ki_lin set to 0.000000
[imu_filter_madgwick_node-3] [INFO] [1770696994.957390042] [imu_filter]: Parameter RLController.pid_kd_lin set to 0.020000
[imu_filter_madgwick_node-3] [INFO] [1770696994.957448828] [imu_filter]: Parameter RLController.pid_kp_ang set to 1.231563
[imu_filter_madgwick_node-3] [INFO] [1770696994.957502429] [imu_filter]: Parameter RLController.pid_ki_ang set to 0.000000
[imu_filter_madgwick_node-3] [INFO] [1770696994.957556286] [imu_filter]: Parameter RLController.pid_kd_ang set to 0.105368
[imu_filter_madgwick_node-3] [INFO] [1770696995.379075546] [imu_filter]: Parameter RLController.pid_kp_lin set to 1.270484
[imu_filter_madgwick_node-3] [INFO] [1770696995.379292543] [imu_filter]: Parameter RLController.pid_ki_lin set to 0.000000
[imu_filter_madgwick_node-3] [INFO] [1770696995.379463459] [imu_filter]: Parameter RLController.pid_kd_lin set to 0.020000
[imu_filter_madgwick_node-3] [INFO] [1770696995.379534020] [imu_filter]: Parameter RLController.pid_kp_ang set to 1.231563
[imu_filter_madgwick_node-3] [INFO] [1770696995.384021037] [imu_filter]: Parameter RLController.pid_ki_ang set to 0.000000
[imu_filter_madgwick_node-3] [INFO] [1770696995.384360629] [imu_filter]: Parameter RLController.pid_kd_ang set to 0.105446
[imu_filter_madgwick_node-3] [INFO] [1770696995.822163563] [imu_filter]: Parameter RLController.pid_kp_lin set to 1.270484
[imu_filter_madgwick_node-3] [INFO] [1770696995.822460178] [imu_filter]: Parameter RLController.pid_ki_lin set to 0.000000
[imu_filter_madgwick_node-3] [INFO] [1770696995.822535348] [imu_filter]: Parameter RLController.pid_kd_lin set to 0.020000
[imu_filter_madgwick_node-3] [INFO] [1770696995.822600309] [imu_filter]: Parameter RLController.pid_kp_ang set to 1.231563
[imu_filter_madgwick_node-3] [INFO] [1770696995.822654327] [imu_filter]: Parameter RLController.pid_ki_ang set to 0.000000
[imu_filter_madgwick_node-3] [INFO] [1770696995.822706136] [imu_filter]: Parameter RLController.pid_kd_ang set to 0.105524
[imu_filter_madgwick_node-3] [INFO] [1770696996.248830622] [imu_filter]: Parameter RLController.pid_kp_lin set to 1.270484
[imu_filter_madgwick_node-3] [INFO] [1770696996.249046307] [imu_filter]: Parameter RLController.pid_ki_lin set to 0.000000
[imu_filter_madgwick_node-3] [INFO] [1770696996.249133253] [imu_filter]: Parameter RLController.pid_kd_lin set to 0.020000
[imu_filter_madgwick_node-3] [INFO] [1770696996.249671954] [imu_filter]: Parameter RLController.pid_kp_ang set to 1.231563
[imu_filter_madgwick_node-3] [INFO] [1770696996.249763828] [imu_filter]: Parameter RLController.pid_ki_ang set to 0.000000
[imu_filter_madgwick_node-3] [INFO] [1770696996.249826966] [imu_filter]: Parameter RLController.pid_kd_ang set to 0.105603
[imu_filter_madgwick_node-3] [INFO] [1770696996.663652862] [imu_filter]: Parameter RLController.pid_kp_lin set to 1.270484
[imu_filter_madgwick_node-3] [INFO] [1770696996.663879811] [imu_filter]: Parameter RLController.pid_ki_lin set to 0.000000
[imu_filter_madgwick_node-3] [INFO] [1770696996.663957317] [imu_filter]: Parameter RLController.pid_kd_lin set to 0.020000
[imu_filter_madgwick_node-3] [INFO] [1770696996.664020454] [imu_filter]: Parameter RLController.pid_kp_ang set to 1.231563
[imu_filter_madgwick_node-3] [INFO] [1770696996.664077192] [imu_filter]: Parameter RLController.pid_ki_ang set to 0.000000
[imu_filter_madgwick_node-3] [INFO] [1770696996.664133961] [imu_filter]: Parameter RLController.pid_kd_ang set to 0.105681
[imu_filter_madgwick_node-3] [INFO] [1770696997.074035317] [imu_filter]: Parameter RLController.pid_kp_lin set to 1.270484
[imu_filter_madgwick_node-3] [INFO] [1770696997.074253499] [imu_filter]: Parameter RLController.pid_ki_lin set to 0.000000
[imu_filter_madgwick_node-3] [INFO] [1770696997.076472942] [imu_filter]: Parameter RLController.pid_kd_lin set to 0.020000
[imu_filter_madgwick_node-3] [INFO] [1770696997.076633266] [imu_filter]: Parameter RLController.pid_kp_ang set to 1.231563
[imu_filter_madgwick_node-3] [INFO] [1770696997.076706420] [imu_filter]: Parameter RLController.pid_ki_ang set to 0.000000
[imu_filter_madgwick_node-3] [INFO] [1770696997.076768213] [imu_filter]: Parameter RLController.pid_kd_ang set to 0.105759
[imu_filter_madgwick_node-3] [INFO] [1770696997.490145235] [imu_filter]: Parameter RLController.pid_kp_lin set to 1.270484
[imu_filter_madgwick_node-3] [INFO] [1770696997.490476922] [imu_filter]: Parameter RLController.pid_ki_lin set to 0.000000
[imu_filter_madgwick_node-3] [INFO] [1770696997.490563228] [imu_filter]: Parameter RLController.pid_kd_lin set to 0.020000
[imu_filter_madgwick_node-3] [INFO] [1770696997.490628446] [imu_filter]: Parameter RLController.pid_kp_ang set to 1.231563
[imu_filter_madgwick_node-3] [INFO] [1770696997.490688863] [imu_filter]: Parameter RLController.pid_ki_ang set to 0.000000
[imu_filter_madgwick_node-3] [INFO] [1770696997.490746497] [imu_filter]: Parameter RLController.pid_kd_ang set to 0.105838
[imu_filter_madgwick_node-3] [INFO] [1770696997.918139973] [imu_filter]: Parameter RLController.pid_kp_lin set to 1.270484
[imu_filter_madgwick_node-3] [INFO] [1770696997.918335049] [imu_filter]: Parameter RLController.pid_ki_lin set to 0.000000
[imu_filter_madgwick_node-3] [INFO] [1770696997.918410315] [imu_filter]: Parameter RLController.pid_kd_lin set to 0.020000
[imu_filter_madgwick_node-3] [INFO] [1770696997.918478989] [imu_filter]: Parameter RLController.pid_kp_ang set to 1.231563
[imu_filter_madgwick_node-3] [INFO] [1770696997.918536878] [imu_filter]: Parameter RLController.pid_ki_ang set to 0.000000
[imu_filter_madgwick_node-3] [INFO] [1770696997.918590767] [imu_filter]: Parameter RLController.pid_kd_ang set to 0.105916
[imu_filter_madgwick_node-3] [INFO] [1770696998.334155200] [imu_filter]: Parameter RLController.pid_kp_lin set to 1.270484
[imu_filter_madgwick_node-3] [INFO] [1770696998.337649073] [imu_filter]: Parameter RLController.pid_ki_lin set to 0.000000
[imu_filter_madgwick_node-3] [INFO] [1770696998.337833397] [imu_filter]: Parameter RLController.pid_kd_lin set to 0.020000
[imu_filter_madgwick_node-3] [INFO] [1770696998.338103292] [imu_filter]: Parameter RLController.pid_kp_ang set to 1.231563
[imu_filter_madgwick_node-3] [INFO] [1770696998.338189854] [imu_filter]: Parameter RLController.pid_ki_ang set to 0.000000
[imu_filter_madgwick_node-3] [INFO] [1770696998.338253151] [imu_filter]: Parameter RLController.pid_kd_ang set to 0.105994
[imu_filter_madgwick_node-3] [INFO] [1770696998.756468526] [imu_filter]: Parameter RLController.pid_kp_lin set to 1.270484
[imu_filter_madgwick_node-3] [INFO] [1770696998.756803573] [imu_filter]: Parameter RLController.pid_ki_lin set to 0.000000
[imu_filter_madgwick_node-3] [INFO] [1770696998.756882359] [imu_filter]: Parameter RLController.pid_kd_lin set to 0.020000
[imu_filter_madgwick_node-3] [INFO] [1770696998.756946361] [imu_filter]: Parameter RLController.pid_kp_ang set to 1.231563
[imu_filter_madgwick_node-3] [INFO] [1770696998.757006010] [imu_filter]: Parameter RLController.pid_ki_ang set to 0.000000
[imu_filter_madgwick_node-3] [INFO] [1770696998.757063099] [imu_filter]: Parameter RLController.pid_kd_ang set to 0.106073
[imu_filter_madgwick_node-3] [INFO] [1770696999.169430017] [imu_filter]: Parameter RLController.pid_kp_lin set to 1.270484
[imu_filter_madgwick_node-3] [INFO] [1770696999.169661959] [imu_filter]: Parameter RLController.pid_ki_lin set to 0.000000
[imu_filter_madgwick_node-3] [INFO] [1770696999.170753888] [imu_filter]: Parameter RLController.pid_kd_lin set to 0.020000
[imu_filter_madgwick_node-3] [INFO] [1770696999.171006790] [imu_filter]: Parameter RLController.pid_kp_ang set to 1.231563
[imu_filter_madgwick_node-3] [INFO] [1770696999.171076488] [imu_filter]: Parameter RLController.pid_ki_ang set to 0.000000
[imu_filter_madgwick_node-3] [INFO] [1770696999.171135945] [imu_filter]: Parameter RLController.pid_kd_ang set to 0.106151
[imu_filter_madgwick_node-3] [INFO] [1770696999.592299644] [imu_filter]: Parameter RLController.pid_kp_lin set to 1.270484
[imu_filter_madgwick_node-3] [INFO] [1770696999.592512545] [imu_filter]: Parameter RLController.pid_ki_lin set to 0.000000
[imu_filter_madgwick_node-3] [INFO] [1770696999.592585315] [imu_filter]: Parameter RLController.pid_kd_lin set to 0.020000
[imu_filter_madgwick_node-3] [INFO] [1770696999.592647044] [imu_filter]: Parameter RLController.pid_kp_ang set to 1.231563
[imu_filter_madgwick_node-3] [INFO] [1770696999.592706246] [imu_filter]: Parameter RLController.pid_ki_ang set to 0.000000
[imu_filter_madgwick_node-3] [INFO] [1770696999.592767399] [imu_filter]: Parameter RLController.pid_kd_ang set to 0.106230
[imu_filter_madgwick_node-3] [INFO] [1770697000.011025526] [imu_filter]: Parameter RLController.pid_kp_lin set to 1.270484
[imu_filter_madgwick_node-3] [INFO] [1770697000.011398623] [imu_filter]: Parameter RLController.pid_ki_lin set to 0.000000
[imu_filter_madgwick_node-3] [INFO] [1770697000.011544642] [imu_filter]: Parameter RLController.pid_kd_lin set to 0.020000
[imu_filter_madgwick_node-3] [INFO] [1770697000.011632068] [imu_filter]: Parameter RLController.pid_kp_ang set to 1.231563
[imu_filter_madgwick_node-3] [INFO] [1770697000.011936716] [imu_filter]: Parameter RLController.pid_ki_ang set to 0.000000
[imu_filter_madgwick_node-3] [INFO] [1770697000.012008525] [imu_filter]: Parameter RLController.pid_kd_ang set to 0.106308
[imu_filter_madgwick_node-3] [INFO] [1770697000.427252950] [imu_filter]: Parameter RLController.pid_kp_lin set to 1.270484
[imu_filter_madgwick_node-3] [INFO] [1770697000.427453531] [imu_filter]: Parameter RLController.pid_ki_lin set to 0.000000
[imu_filter_madgwick_node-3] [INFO] [1770697000.427522589] [imu_filter]: Parameter RLController.pid_kd_lin set to 0.020000
[imu_filter_madgwick_node-3] [INFO] [1770697000.427584862] [imu_filter]: Parameter RLController.pid_kp_ang set to 1.231563
[imu_filter_madgwick_node-3] [INFO] [1770697000.427641311] [imu_filter]: Parameter RLController.pid_ki_ang set to 0.000000
[imu_filter_madgwick_node-3] [INFO] [1770697000.427690080] [imu_filter]: Parameter RLController.pid_kd_ang set to 0.106386
[imu_filter_madgwick_node-3] [INFO] [1770697000.838904364] [imu_filter]: Parameter RLController.pid_kp_lin set to 1.270484
[imu_filter_madgwick_node-3] [INFO] [1770697000.840875962] [imu_filter]: Parameter RLController.pid_ki_lin set to 0.000000
[imu_filter_madgwick_node-3] [INFO] [1770697000.841070686] [imu_filter]: Parameter RLController.pid_kd_lin set to 0.020000
[imu_filter_madgwick_node-3] [INFO] [1770697000.841149632] [imu_filter]: Parameter RLController.pid_kp_ang set to 1.231563
[imu_filter_madgwick_node-3] [INFO] [1770697000.841213665] [imu_filter]: Parameter RLController.pid_ki_ang set to 0.000000
[imu_filter_madgwick_node-3] [INFO] [1770697000.841272771] [imu_filter]: Parameter RLController.pid_kd_ang set to 0.106465
[imu_filter_madgwick_node-3] [INFO] [1770697001.256532428] [imu_filter]: Parameter RLController.pid_kp_lin set to 1.270484
[imu_filter_madgwick_node-3] [INFO] [1770697001.256744753] [imu_filter]: Parameter RLController.pid_ki_lin set to 0.000000
[imu_filter_madgwick_node-3] [INFO] [1770697001.256820275] [imu_filter]: Parameter RLController.pid_kd_lin set to 0.020000
[imu_filter_madgwick_node-3] [INFO] [1770697001.256889621] [imu_filter]: Parameter RLController.pid_kp_ang set to 1.231563
[imu_filter_madgwick_node-3] [INFO] [1770697001.256951830] [imu_filter]: Parameter RLController.pid_ki_ang set to 0.000000
[imu_filter_madgwick_node-3] [INFO] [1770697001.257012823] [imu_filter]: Parameter RLController.pid_kd_ang set to 0.106543
[imu_filter_madgwick_node-3] [INFO] [1770697001.693413037] [imu_filter]: Parameter RLController.pid_kp_lin set to 1.270484
[imu_filter_madgwick_node-3] [INFO] [1770697001.693630162] [imu_filter]: Parameter RLController.pid_ki_lin set to 0.000000
[imu_filter_madgwick_node-3] [INFO] [1770697001.693726773] [imu_filter]: Parameter RLController.pid_kd_lin set to 0.020000
[imu_filter_madgwick_node-3] [INFO] [1770697001.693796470] [imu_filter]: Parameter RLController.pid_kp_ang set to 1.231563
[imu_filter_madgwick_node-3] [INFO] [1770697001.693859640] [imu_filter]: Parameter RLController.pid_ki_ang set to 0.000000
[imu_filter_madgwick_node-3] [INFO] [1770697001.693919961] [imu_filter]: Parameter RLController.pid_kd_ang set to 0.106621
[imu_filter_madgwick_node-3] [INFO] [1770697002.131106913] [imu_filter]: Parameter RLController.pid_kp_lin set to 1.270484
[imu_filter_madgwick_node-3] [INFO] [1770697002.131354791] [imu_filter]: Parameter RLController.pid_ki_lin set to 0.000000
[imu_filter_madgwick_node-3] [INFO] [1770697002.131451081] [imu_filter]: Parameter RLController.pid_kd_lin set to 0.020000
[imu_filter_madgwick_node-3] [INFO] [1770697002.131519307] [imu_filter]: Parameter RLController.pid_kp_ang set to 1.231563
[imu_filter_madgwick_node-3] [INFO] [1770697002.131576748] [imu_filter]: Parameter RLController.pid_ki_ang set to 0.000000
[imu_filter_madgwick_node-3] [INFO] [1770697002.131633070] [imu_filter]: Parameter RLController.pid_kd_ang set to 0.106700
[imu_filter_madgwick_node-3] [INFO] [1770697002.550713104] [imu_filter]: Parameter RLController.pid_kp_lin set to 1.270484
[imu_filter_madgwick_node-3] [INFO] [1770697002.551161082] [imu_filter]: Parameter RLController.pid_ki_lin set to 0.000000
[imu_filter_madgwick_node-3] [INFO] [1770697002.551270685] [imu_filter]: Parameter RLController.pid_kd_lin set to 0.020000
[imu_filter_madgwick_node-3] [INFO] [1770697002.551336799] [imu_filter]: Parameter RLController.pid_kp_ang set to 1.231563
[imu_filter_madgwick_node-3] [INFO] [1770697002.551393984] [imu_filter]: Parameter RLController.pid_ki_ang set to 0.000000
[imu_filter_madgwick_node-3] [INFO] [1770697002.551450849] [imu_filter]: Parameter RLController.pid_kd_ang set to 0.106778
[imu_filter_madgwick_node-3] [INFO] [1770697002.975306963] [imu_filter]: Parameter RLController.pid_kp_lin set to 1.270484
[imu_filter_madgwick_node-3] [INFO] [1770697002.975523224] [imu_filter]: Parameter RLController.pid_ki_lin set to 0.000000
[imu_filter_madgwick_node-3] [INFO] [1770697002.975600858] [imu_filter]: Parameter RLController.pid_kd_lin set to 0.020000
[imu_filter_madgwick_node-3] [INFO] [1770697002.975669659] [imu_filter]: Parameter RLController.pid_kp_ang set to 1.231563
[imu_filter_madgwick_node-3] [INFO] [1770697002.975728573] [imu_filter]: Parameter RLController.pid_ki_ang set to 0.000000
[imu_filter_madgwick_node-3] [INFO] [1770697002.975915393] [imu_filter]: Parameter RLController.pid_kd_ang set to 0.106856
[imu_filter_madgwick_node-3] [INFO] [1770697003.394843072] [imu_filter]: Parameter RLController.pid_kp_lin set to 1.270484
[imu_filter_madgwick_node-3] [INFO] [1770697003.396517447] [imu_filter]: Parameter RLController.pid_ki_lin set to 0.000000
[imu_filter_madgwick_node-3] [INFO] [1770697003.396687563] [imu_filter]: Parameter RLController.pid_kd_lin set to 0.020000
[imu_filter_madgwick_node-3] [INFO] [1770697003.396764845] [imu_filter]: Parameter RLController.pid_kp_ang set to 1.231563
[imu_filter_madgwick_node-3] [INFO] [1770697003.396826862] [imu_filter]: Parameter RLController.pid_ki_ang set to 0.000000
[imu_filter_madgwick_node-3] [INFO] [1770697003.410155589] [imu_filter]: Parameter RLController.pid_kd_ang set to 0.106935
[imu_filter_madgwick_node-3] [INFO] [1770697003.806632569] [imu_filter]: Parameter RLController.pid_kp_lin set to 1.270484
[imu_filter_madgwick_node-3] [INFO] [1770697003.806844701] [imu_filter]: Parameter RLController.pid_ki_lin set to 0.000000
[imu_filter_madgwick_node-3] [INFO] [1770697003.806925663] [imu_filter]: Parameter RLController.pid_kd_lin set to 0.020000
[imu_filter_madgwick_node-3] [INFO] [1770697003.806992385] [imu_filter]: Parameter RLController.pid_kp_ang set to 1.231563
[imu_filter_madgwick_node-3] [INFO] [1770697003.807047842] [imu_filter]: Parameter RLController.pid_ki_ang set to 0.000000
[imu_filter_madgwick_node-3] [INFO] [1770697003.807106916] [imu_filter]: Parameter RLController.pid_kd_ang set to 0.107013
[imu_filter_madgwick_node-3] [INFO] [1770697004.221374326] [imu_filter]: Parameter RLController.pid_kp_lin set to 1.270484
[imu_filter_madgwick_node-3] [INFO] [1770697004.221610555] [imu_filter]: Parameter RLController.pid_ki_lin set to 0.000000
[imu_filter_madgwick_node-3] [INFO] [1770697004.221704542] [imu_filter]: Parameter RLController.pid_kd_lin set to 0.020000
[imu_filter_madgwick_node-3] [INFO] [1770697004.221777311] [imu_filter]: Parameter RLController.pid_kp_ang set to 1.231563
[imu_filter_madgwick_node-3] [INFO] [1770697004.221832545] [imu_filter]: Parameter RLController.pid_ki_ang set to 0.000000
[imu_filter_madgwick_node-3] [INFO] [1770697004.222194729] [imu_filter]: Parameter RLController.pid_kd_ang set to 0.107091
[imu_filter_madgwick_node-3] [INFO] [1770697004.637296207] [imu_filter]: Parameter RLController.pid_kp_lin set to 1.270484
[imu_filter_madgwick_node-3] [INFO] [1770697004.637479475] [imu_filter]: Parameter RLController.pid_ki_lin set to 0.000000
[imu_filter_madgwick_node-3] [INFO] [1770697004.637542900] [imu_filter]: Parameter RLController.pid_kd_lin set to 0.020000
[imu_filter_madgwick_node-3] [INFO] [1770697004.637604598] [imu_filter]: Parameter RLController.pid_kp_ang set to 1.231563
[imu_filter_madgwick_node-3] [INFO] [1770697004.637659639] [imu_filter]: Parameter RLController.pid_ki_ang set to 0.000000
[imu_filter_madgwick_node-3] [INFO] [1770697004.637715384] [imu_filter]: Parameter RLController.pid_kd_ang set to 0.107170
[imu_filter_madgwick_node-3] [INFO] [1770697005.059471129] [imu_filter]: Parameter RLController.pid_kp_lin set to 1.270484
[imu_filter_madgwick_node-3] [INFO] [1770697005.059817409] [imu_filter]: Parameter RLController.pid_ki_lin set to 0.000000
[imu_filter_madgwick_node-3] [INFO] [1770697005.059905411] [imu_filter]: Parameter RLController.pid_kd_lin set to 0.020000
[imu_filter_madgwick_node-3] [INFO] [1770697005.059972773] [imu_filter]: Parameter RLController.pid_kp_ang set to 1.231563
[imu_filter_madgwick_node-3] [INFO] [1770697005.060032902] [imu_filter]: Parameter RLController.pid_ki_ang set to 0.000000
[imu_filter_madgwick_node-3] [INFO] [1770697005.060088424] [imu_filter]: Parameter RLController.pid_kd_ang set to 0.107248
[imu_filter_madgwick_node-3] [INFO] [1770697005.468701462] [imu_filter]: Parameter RLController.pid_kp_lin set to 1.270484
[imu_filter_madgwick_node-3] [INFO] [1770697005.468921627] [imu_filter]: Parameter RLController.pid_ki_lin set to 0.000000
[imu_filter_madgwick_node-3] [INFO] [1770697005.477355424] [imu_filter]: Parameter RLController.pid_kd_lin set to 0.020000
[imu_filter_madgwick_node-3] [INFO] [1770697005.477689160] [imu_filter]: Parameter RLController.pid_kp_ang set to 1.231563
[imu_filter_madgwick_node-3] [INFO] [1770697005.477773930] [imu_filter]: Parameter RLController.pid_ki_ang set to 0.000000
[imu_filter_madgwick_node-3] [INFO] [1770697005.477837643] [imu_filter]: Parameter RLController.pid_kd_ang set to 0.107327
[imu_filter_madgwick_node-3] [INFO] [1770697005.883266671] [imu_filter]: Parameter RLController.pid_kp_lin set to 1.270484
[imu_filter_madgwick_node-3] [INFO] [1770697005.883459316] [imu_filter]: Parameter RLController.pid_ki_lin set to 0.000000
[imu_filter_madgwick_node-3] [INFO] [1770697005.883535702] [imu_filter]: Parameter RLController.pid_kd_lin set to 0.020000
[imu_filter_madgwick_node-3] [INFO] [1770697005.883598999] [imu_filter]: Parameter RLController.pid_kp_ang set to 1.231563
[imu_filter_madgwick_node-3] [INFO] [1770697005.883653848] [imu_filter]: Parameter RLController.pid_ki_ang set to 0.000000
[imu_filter_madgwick_node-3] [INFO] [1770697005.883708954] [imu_filter]: Parameter RLController.pid_kd_ang set to 0.107405
[imu_filter_madgwick_node-3] [INFO] [1770697006.308144569] [imu_filter]: Parameter RLController.pid_kp_lin set to 1.270484
[imu_filter_madgwick_node-3] [INFO] [1770697006.308509057] [imu_filter]: Parameter RLController.pid_ki_lin set to 0.000000
[imu_filter_madgwick_node-3] [INFO] [1770697006.308583715] [imu_filter]: Parameter RLController.pid_kd_lin set to 0.020000
[imu_filter_madgwick_node-3] [INFO] [1770697006.308644293] [imu_filter]: Parameter RLController.pid_kp_ang set to 1.231563
[imu_filter_madgwick_node-3] [INFO] [1770697006.308695974] [imu_filter]: Parameter RLController.pid_ki_ang set to 0.000000
[imu_filter_madgwick_node-3] [INFO] [1770697006.308748391] [imu_filter]: Parameter RLController.pid_kd_ang set to 0.107483
[imu_filter_madgwick_node-3] [INFO] [1770697006.720291386] [imu_filter]: Parameter RLController.pid_kp_lin set to 1.270484
[imu_filter_madgwick_node-3] [INFO] [1770697006.720485022] [imu_filter]: Parameter RLController.pid_ki_lin set to 0.000000
[imu_filter_madgwick_node-3] [INFO] [1770697006.720558432] [imu_filter]: Parameter RLController.pid_kd_lin set to 0.020000
[imu_filter_madgwick_node-3] [INFO] [1770697006.720624994] [imu_filter]: Parameter RLController.pid_kp_ang set to 1.231563
[imu_filter_madgwick_node-3] [INFO] [1770697006.720686819] [imu_filter]: Parameter RLController.pid_ki_ang set to 0.000000
[imu_filter_madgwick_node-3] [INFO] [1770697006.720743012] [imu_filter]: Parameter RLController.pid_kd_ang set to 0.107562
[imu_filter_madgwick_node-3] [INFO] [1770697007.129742908] [imu_filter]: Parameter RLController.pid_kp_lin set to 1.270484
[imu_filter_madgwick_node-3] [INFO] [1770697007.130420620] [imu_filter]: Parameter RLController.pid_ki_lin set to 0.000000
[imu_filter_madgwick_node-3] [INFO] [1770697007.130532590] [imu_filter]: Parameter RLController.pid_kd_lin set to 0.020000
[imu_filter_madgwick_node-3] [INFO] [1770697007.130598608] [imu_filter]: Parameter RLController.pid_kp_ang set to 1.231563
[imu_filter_madgwick_node-3] [INFO] [1770697007.130666353] [imu_filter]: Parameter RLController.pid_ki_ang set to 0.000000
[imu_filter_madgwick_node-3] [INFO] [1770697007.130726227] [imu_filter]: Parameter RLController.pid_kd_ang set to 0.107640
[imu_filter_madgwick_node-3] [INFO] [1770697007.560548304] [imu_filter]: Parameter RLController.pid_kp_lin set to 1.270484
[imu_filter_madgwick_node-3] [INFO] [1770697007.569013205] [imu_filter]: Parameter RLController.pid_ki_lin set to 0.000000
[imu_filter_madgwick_node-3] [INFO] [1770697007.569225594] [imu_filter]: Parameter RLController.pid_kd_lin set to 0.020000
[imu_filter_madgwick_node-3] [INFO] [1770697007.571075461] [imu_filter]: Parameter RLController.pid_kp_ang set to 1.231563
[imu_filter_madgwick_node-3] [INFO] [1770697007.571202344] [imu_filter]: Parameter RLController.pid_ki_ang set to 0.000000
[imu_filter_madgwick_node-3] [INFO] [1770697007.571409485] [imu_filter]: Parameter RLController.pid_kd_ang set to 0.107718
[imu_filter_madgwick_node-3] [INFO] [1770697007.972952406] [imu_filter]: Parameter RLController.pid_kp_lin set to 1.270484
[imu_filter_madgwick_node-3] [INFO] [1770697007.973152635] [imu_filter]: Parameter RLController.pid_ki_lin set to 0.000000
[imu_filter_madgwick_node-3] [INFO] [1770697007.973227293] [imu_filter]: Parameter RLController.pid_kd_lin set to 0.020000
[imu_filter_madgwick_node-3] [INFO] [1770697007.973289086] [imu_filter]: Parameter RLController.pid_kp_ang set to 1.231563
[imu_filter_madgwick_node-3] [INFO] [1770697007.973349920] [imu_filter]: Parameter RLController.pid_ki_ang set to 0.000000
[imu_filter_madgwick_node-3] [INFO] [1770697007.973409089] [imu_filter]: Parameter RLController.pid_kd_ang set to 0.107797
[imu_filter_madgwick_node-3] [INFO] [1770697008.397916770] [imu_filter]: Parameter RLController.pid_kp_lin set to 1.270484
[imu_filter_madgwick_node-3] [INFO] [1770697008.398187016] [imu_filter]: Parameter RLController.pid_ki_lin set to 0.000000
[imu_filter_madgwick_node-3] [INFO] [1770697008.398263082] [imu_filter]: Parameter RLController.pid_kd_lin set to 0.020000
[imu_filter_madgwick_node-3] [INFO] [1770697008.398334988] [imu_filter]: Parameter RLController.pid_kp_ang set to 1.231563
[imu_filter_madgwick_node-3] [INFO] [1770697008.398391821] [imu_filter]: Parameter RLController.pid_ki_ang set to 0.000000
[imu_filter_madgwick_node-3] [INFO] [1770697008.398446862] [imu_filter]: Parameter RLController.pid_kd_ang set to 0.107875
[imu_filter_madgwick_node-3] [INFO] [1770697008.807355972] [imu_filter]: Parameter RLController.pid_kp_lin set to 1.270484
[imu_filter_madgwick_node-3] [INFO] [1770697008.807553032] [imu_filter]: Parameter RLController.pid_ki_lin set to 0.000000
[imu_filter_madgwick_node-3] [INFO] [1770697008.808342715] [imu_filter]: Parameter RLController.pid_kd_lin set to 0.020000
[imu_filter_madgwick_node-3] [INFO] [1770697008.808451005] [imu_filter]: Parameter RLController.pid_kp_ang set to 1.231563
[imu_filter_madgwick_node-3] [INFO] [1770697008.808509503] [imu_filter]: Parameter RLController.pid_ki_ang set to 0.000000
[imu_filter_madgwick_node-3] [INFO] [1770697008.808618241] [imu_filter]: Parameter RLController.pid_kd_ang set to 0.107953
[imu_filter_madgwick_node-3] [INFO] [1770697009.225570834] [imu_filter]: Parameter RLController.pid_kp_lin set to 1.270484
[imu_filter_madgwick_node-3] [INFO] [1770697009.228736540] [imu_filter]: Parameter RLController.pid_ki_lin set to 0.000000
[imu_filter_madgwick_node-3] [INFO] [1770697009.229024514] [imu_filter]: Parameter RLController.pid_kd_lin set to 0.020000
[imu_filter_madgwick_node-3] [INFO] [1770697009.229109796] [imu_filter]: Parameter RLController.pid_kp_ang set to 1.231563
[imu_filter_madgwick_node-3] [INFO] [1770697009.229170982] [imu_filter]: Parameter RLController.pid_ki_ang set to 0.000000
[imu_filter_madgwick_node-3] [INFO] [1770697009.229229575] [imu_filter]: Parameter RLController.pid_kd_ang set to 0.108032
[imu_filter_madgwick_node-3] [INFO] [1770697009.666010662] [imu_filter]: Parameter RLController.pid_kp_lin set to 1.270484
[imu_filter_madgwick_node-3] [INFO] [1770697009.670870295] [imu_filter]: Parameter RLController.pid_ki_lin set to 0.000000
[imu_filter_madgwick_node-3] [INFO] [1770697009.671070844] [imu_filter]: Parameter RLController.pid_kd_lin set to 0.020000
[imu_filter_madgwick_node-3] [INFO] [1770697009.671147134] [imu_filter]: Parameter RLController.pid_kp_ang set to 1.231563
[imu_filter_madgwick_node-3] [INFO] [1770697009.671206911] [imu_filter]: Parameter RLController.pid_ki_ang set to 0.000000
[imu_filter_madgwick_node-3] [INFO] [1770697009.671263104] [imu_filter]: Parameter RLController.pid_kd_ang set to 0.108110
[imu_filter_madgwick_node-3] [INFO] [1770697010.077355188] [imu_filter]: Parameter RLController.pid_kp_lin set to 1.270484
[imu_filter_madgwick_node-3] [INFO] [1770697010.077689436] [imu_filter]: Parameter RLController.pid_ki_lin set to 0.000000
[imu_filter_madgwick_node-3] [INFO] [1770697010.077772318] [imu_filter]: Parameter RLController.pid_kd_lin set to 0.020000
[imu_filter_madgwick_node-3] [INFO] [1770697010.077834655] [imu_filter]: Parameter RLController.pid_kp_ang set to 1.231563
[imu_filter_madgwick_node-3] [INFO] [1770697010.077890817] [imu_filter]: Parameter RLController.pid_ki_ang set to 0.000000
[imu_filter_madgwick_node-3] [INFO] [1770697010.077948706] [imu_filter]: Parameter RLController.pid_kd_ang set to 0.108188
[imu_filter_madgwick_node-3] [INFO] [1770697010.494664525] [imu_filter]: Parameter RLController.pid_kp_lin set to 1.270484
[imu_filter_madgwick_node-3] [INFO] [1770697010.494845938] [imu_filter]: Parameter RLController.pid_ki_lin set to 0.000000
[imu_filter_madgwick_node-3] [INFO] [1770697010.494911987] [imu_filter]: Parameter RLController.pid_kd_lin set to 0.020000
[imu_filter_madgwick_node-3] [INFO] [1770697010.494970325] [imu_filter]: Parameter RLController.pid_kp_ang set to 1.231563
[imu_filter_madgwick_node-3] [INFO] [1770697010.495025046] [imu_filter]: Parameter RLController.pid_ki_ang set to 0.000000
[imu_filter_madgwick_node-3] [INFO] [1770697010.495081815] [imu_filter]: Parameter RLController.pid_kd_ang set to 0.108267
[imu_filter_madgwick_node-3] [INFO] [1770697010.907541247] [imu_filter]: Parameter RLController.pid_kp_lin set to 1.270484
[imu_filter_madgwick_node-3] [INFO] [1770697010.907725348] [imu_filter]: Parameter RLController.pid_ki_lin set to 0.000000
[imu_filter_madgwick_node-3] [INFO] [1770697010.907795813] [imu_filter]: Parameter RLController.pid_kd_lin set to 0.020000
[imu_filter_madgwick_node-3] [INFO] [1770697010.907855623] [imu_filter]: Parameter RLController.pid_kp_ang set to 1.231563
[imu_filter_madgwick_node-3] [INFO] [1770697010.907911816] [imu_filter]: Parameter RLController.pid_ki_ang set to 0.000000
[imu_filter_madgwick_node-3] [INFO] [1770697010.907969737] [imu_filter]: Parameter RLController.pid_kd_ang set to 0.108345
[imu_filter_madgwick_node-3] [INFO] [1770697011.317875766] [imu_filter]: Parameter RLController.pid_kp_lin set to 1.270484
[imu_filter_madgwick_node-3] [INFO] [1770697011.318782891] [imu_filter]: Parameter RLController.pid_ki_lin set to 0.000000
[imu_filter_madgwick_node-3] [INFO] [1770697011.318917294] [imu_filter]: Parameter RLController.pid_kd_lin set to 0.020000
[imu_filter_madgwick_node-3] [INFO] [1770697011.318983312] [imu_filter]: Parameter RLController.pid_kp_ang set to 1.231563
[imu_filter_madgwick_node-3] [INFO] [1770697011.319039729] [imu_filter]: Parameter RLController.pid_ki_ang set to 0.000000
[imu_filter_madgwick_node-3] [INFO] [1770697011.319093554] [imu_filter]: Parameter RLController.pid_kd_ang set to 0.108423
[imu_filter_madgwick_node-3] [INFO] [1770697011.739671256] [imu_filter]: Parameter RLController.pid_kp_lin set to 1.270484
[imu_filter_madgwick_node-3] [INFO] [1770697011.742114033] [imu_filter]: Parameter RLController.pid_ki_lin set to 0.000000
[imu_filter_madgwick_node-3] [INFO] [1770697011.744558890] [imu_filter]: Parameter RLController.pid_kd_lin set to 0.020000
[imu_filter_madgwick_node-3] [INFO] [1770697011.744742030] [imu_filter]: Parameter RLController.pid_kp_ang set to 1.231563
[imu_filter_madgwick_node-3] [INFO] [1770697011.744810127] [imu_filter]: Parameter RLController.pid_ki_ang set to 0.000000
[imu_filter_madgwick_node-3] [INFO] [1770697011.744870193] [imu_filter]: Parameter RLController.pid_kd_ang set to 0.108502
[imu_filter_madgwick_node-3] [INFO] [1770697012.167820013] [imu_filter]: Parameter RLController.pid_kp_lin set to 1.270484
[imu_filter_madgwick_node-3] [INFO] [1770697012.168034738] [imu_filter]: Parameter RLController.pid_ki_lin set to 0.000000
[imu_filter_madgwick_node-3] [INFO] [1770697012.168099508] [imu_filter]: Parameter RLController.pid_kd_lin set to 0.020000
[imu_filter_madgwick_node-3] [INFO] [1770697012.168159669] [imu_filter]: Parameter RLController.pid_kp_ang set to 1.231563
[imu_filter_madgwick_node-3] [INFO] [1770697012.168354298] [imu_filter]: Parameter RLController.pid_ki_ang set to 0.000000
[imu_filter_madgwick_node-3] [INFO] [1770697012.168418331] [imu_filter]: Parameter RLController.pid_kd_ang set to 0.108580
[imu_filter_madgwick_node-3] [INFO] [1770697012.576508638] [imu_filter]: Parameter RLController.pid_kp_lin set to 1.270484
[imu_filter_madgwick_node-3] [INFO] [1770697012.576725475] [imu_filter]: Parameter RLController.pid_ki_lin set to 0.000000
[imu_filter_madgwick_node-3] [INFO] [1770697012.576807653] [imu_filter]: Parameter RLController.pid_kd_lin set to 0.020000
[imu_filter_madgwick_node-3] [INFO] [1770697012.576876102] [imu_filter]: Parameter RLController.pid_kp_ang set to 1.231563
[imu_filter_madgwick_node-3] [INFO] [1770697012.576936488] [imu_filter]: Parameter RLController.pid_ki_ang set to 0.000000
[imu_filter_madgwick_node-3] [INFO] [1770697012.576997929] [imu_filter]: Parameter RLController.pid_kd_ang set to 0.108658
[imu_filter_madgwick_node-3] [INFO] [1770697012.996080012] [imu_filter]: Parameter RLController.pid_kp_lin set to 1.270484
[imu_filter_madgwick_node-3] [INFO] [1770697012.996316753] [imu_filter]: Parameter RLController.pid_ki_lin set to 0.000000
[imu_filter_madgwick_node-3] [INFO] [1770697012.996389587] [imu_filter]: Parameter RLController.pid_kd_lin set to 0.020000
[imu_filter_madgwick_node-3] [INFO] [1770697012.996453748] [imu_filter]: Parameter RLController.pid_kp_ang set to 1.231563
[imu_filter_madgwick_node-3] [INFO] [1770697012.996514678] [imu_filter]: Parameter RLController.pid_ki_ang set to 0.000000
[imu_filter_madgwick_node-3] [INFO] [1770697012.996572215] [imu_filter]: Parameter RLController.pid_kd_ang set to 0.108737
[imu_filter_madgwick_node-3] [INFO] [1770697013.411507065] [imu_filter]: Parameter RLController.pid_kp_lin set to 1.270484
[imu_filter_madgwick_node-3] [INFO] [1770697013.411732350] [imu_filter]: Parameter RLController.pid_ki_lin set to 0.000000
[imu_filter_madgwick_node-3] [INFO] [1770697013.412476560] [imu_filter]: Parameter RLController.pid_kd_lin set to 0.020000
[imu_filter_madgwick_node-3] [INFO] [1770697013.412569490] [imu_filter]: Parameter RLController.pid_kp_ang set to 1.231563
[imu_filter_madgwick_node-3] [INFO] [1770697013.413579145] [imu_filter]: Parameter RLController.pid_ki_ang set to 0.000000
[imu_filter_madgwick_node-3] [INFO] [1770697013.413871632] [imu_filter]: Parameter RLController.pid_kd_ang set to 0.108815
[imu_filter_madgwick_node-3] [INFO] [1770697013.838762362] [imu_filter]: Parameter RLController.pid_kp_lin set to 1.270484
[imu_filter_madgwick_node-3] [INFO] [1770697013.839097314] [imu_filter]: Parameter RLController.pid_ki_lin set to 0.000000
[imu_filter_madgwick_node-3] [INFO] [1770697013.839177411] [imu_filter]: Parameter RLController.pid_kd_lin set to 0.020000
[imu_filter_madgwick_node-3] [INFO] [1770697013.839243781] [imu_filter]: Parameter RLController.pid_kp_ang set to 1.231563
[imu_filter_madgwick_node-3] [INFO] [1770697013.839301030] [imu_filter]: Parameter RLController.pid_ki_ang set to 0.000000
[imu_filter_madgwick_node-3] [INFO] [1770697013.839360360] [imu_filter]: Parameter RLController.pid_kd_ang set to 0.108893
[imu_filter_madgwick_node-3] [INFO] [1770697014.266095452] [imu_filter]: Parameter RLController.pid_kp_lin set to 1.270484
[imu_filter_madgwick_node-3] [INFO] [1770697014.266306369] [imu_filter]: Parameter RLController.pid_ki_lin set to 0.000000
[imu_filter_madgwick_node-3] [INFO] [1770697014.266378243] [imu_filter]: Parameter RLController.pid_kd_lin set to 0.020000
[imu_filter_madgwick_node-3] [INFO] [1770697014.266438244] [imu_filter]: Parameter RLController.pid_kp_ang set to 1.231563
[imu_filter_madgwick_node-3] [INFO] [1770697014.266494694] [imu_filter]: Parameter RLController.pid_ki_ang set to 0.000000
[imu_filter_madgwick_node-3] [INFO] [1770697014.266550215] [imu_filter]: Parameter RLController.pid_kd_ang set to 0.108972
[imu_filter_madgwick_node-3] [INFO] [1770697014.701046801] [imu_filter]: Parameter RLController.pid_kp_lin set to 1.270484
[imu_filter_madgwick_node-3] [INFO] [1770697014.701267702] [imu_filter]: Parameter RLController.pid_ki_lin set to 0.000000
[imu_filter_madgwick_node-3] [INFO] [1770697014.701338551] [imu_filter]: Parameter RLController.pid_kd_lin set to 0.020000
[imu_filter_madgwick_node-3] [INFO] [1770697014.701409337] [imu_filter]: Parameter RLController.pid_kp_ang set to 1.231563
[imu_filter_madgwick_node-3] [INFO] [1770697014.701591997] [imu_filter]: Parameter RLController.pid_ki_ang set to 0.000000
[imu_filter_madgwick_node-3] [INFO] [1770697014.701662399] [imu_filter]: Parameter RLController.pid_kd_ang set to 0.109050
[imu_filter_madgwick_node-3] [INFO] [1770697015.116017907] [imu_filter]: Parameter RLController.pid_kp_lin set to 1.270484
[imu_filter_madgwick_node-3] [INFO] [1770697015.120772578] [imu_filter]: Parameter RLController.pid_ki_lin set to 0.000000
[imu_filter_madgwick_node-3] [INFO] [1770697015.120993191] [imu_filter]: Parameter RLController.pid_kd_lin set to 0.020000
[imu_filter_madgwick_node-3] [INFO] [1770697015.121188652] [imu_filter]: Parameter RLController.pid_kp_ang set to 1.231563
[imu_filter_madgwick_node-3] [INFO] [1770697015.121256685] [imu_filter]: Parameter RLController.pid_ki_ang set to 0.000000
[imu_filter_madgwick_node-3] [INFO] [1770697015.121448242] [imu_filter]: Parameter RLController.pid_kd_ang set to 0.109128
[imu_filter_madgwick_node-3] [INFO] [1770697015.530960917] [imu_filter]: Parameter RLController.pid_kp_lin set to 1.270484
[imu_filter_madgwick_node-3] [INFO] [1770697015.531167962] [imu_filter]: Parameter RLController.pid_ki_lin set to 0.000000
[imu_filter_madgwick_node-3] [INFO] [1770697015.531252316] [imu_filter]: Parameter RLController.pid_kd_lin set to 0.020000
[imu_filter_madgwick_node-3] [INFO] [1770697015.537164102] [imu_filter]: Parameter RLController.pid_kp_ang set to 1.231563
[imu_filter_madgwick_node-3] [INFO] [1770697015.537477677] [imu_filter]: Parameter RLController.pid_ki_ang set to 0.000000
[imu_filter_madgwick_node-3] [INFO] [1770697015.537610800] [imu_filter]: Parameter RLController.pid_kd_ang set to 0.109207
[imu_filter_madgwick_node-3] [INFO] [1770697015.946195294] [imu_filter]: Parameter RLController.pid_kp_lin set to 1.270484
[imu_filter_madgwick_node-3] [INFO] [1770697015.946387747] [imu_filter]: Parameter RLController.pid_ki_lin set to 0.000000
[imu_filter_madgwick_node-3] [INFO] [1770697015.948627831] [imu_filter]: Parameter RLController.pid_kd_lin set to 0.020000
[imu_filter_madgwick_node-3] [INFO] [1770697015.948815323] [imu_filter]: Parameter RLController.pid_kp_ang set to 1.231563
[imu_filter_madgwick_node-3] [INFO] [1770697015.949021760] [imu_filter]: Parameter RLController.pid_ki_ang set to 0.000000
[imu_filter_madgwick_node-3] [INFO] [1770697015.949091298] [imu_filter]: Parameter RLController.pid_kd_ang set to 0.109285
[imu_filter_madgwick_node-3] [INFO] [1770697016.356238382] [imu_filter]: Parameter RLController.pid_kp_lin set to 1.270484
[imu_filter_madgwick_node-3] [INFO] [1770697016.356451987] [imu_filter]: Parameter RLController.pid_ki_lin set to 0.000000
[imu_filter_madgwick_node-3] [INFO] [1770697016.356528789] [imu_filter]: Parameter RLController.pid_kd_lin set to 0.020000
[imu_filter_madgwick_node-3] [INFO] [1770697016.356590870] [imu_filter]: Parameter RLController.pid_kp_ang set to 1.231563
[imu_filter_madgwick_node-3] [INFO] [1770697016.356650168] [imu_filter]: Parameter RLController.pid_ki_ang set to 0.000000
[imu_filter_madgwick_node-3] [INFO] [1770697016.360343822] [imu_filter]: Parameter RLController.pid_kd_ang set to 0.109363
[imu_filter_madgwick_node-3] [INFO] [1770697016.769440904] [imu_filter]: Parameter RLController.pid_kp_lin set to 1.270484
[imu_filter_madgwick_node-3] [INFO] [1770697016.775123244] [imu_filter]: Parameter RLController.pid_ki_lin set to 0.000000
[imu_filter_madgwick_node-3] [INFO] [1770697016.775312912] [imu_filter]: Parameter RLController.pid_kd_lin set to 0.020000
[imu_filter_madgwick_node-3] [INFO] [1770697016.775509717] [imu_filter]: Parameter RLController.pid_kp_ang set to 1.231563
[imu_filter_madgwick_node-3] [INFO] [1770697016.775577367] [imu_filter]: Parameter RLController.pid_ki_ang set to 0.000000
[imu_filter_madgwick_node-3] [INFO] [1770697016.775635672] [imu_filter]: Parameter RLController.pid_kd_ang set to 0.109442
[imu_filter_madgwick_node-3] [INFO] [1770697017.216917824] [imu_filter]: Parameter RLController.pid_kp_lin set to 1.270484
[imu_filter_madgwick_node-3] [INFO] [1770697017.217127428] [imu_filter]: Parameter RLController.pid_ki_lin set to 0.000000
[imu_filter_madgwick_node-3] [INFO] [1770697017.217200998] [imu_filter]: Parameter RLController.pid_kd_lin set to 0.020000
[imu_filter_madgwick_node-3] [INFO] [1770697017.217266152] [imu_filter]: Parameter RLController.pid_kp_ang set to 1.231563
[imu_filter_madgwick_node-3] [INFO] [1770697017.217326409] [imu_filter]: Parameter RLController.pid_ki_ang set to 0.000000
[imu_filter_madgwick_node-3] [INFO] [1770697017.217383658] [imu_filter]: Parameter RLController.pid_kd_ang set to 0.109520
[imu_filter_madgwick_node-3] [INFO] [1770697017.636115077] [imu_filter]: Parameter RLController.pid_kp_lin set to 1.270484
[imu_filter_madgwick_node-3] [INFO] [1770697017.636330954] [imu_filter]: Parameter RLController.pid_ki_lin set to 0.000000
[imu_filter_madgwick_node-3] [INFO] [1770697017.637051322] [imu_filter]: Parameter RLController.pid_kd_lin set to 0.020000
[imu_filter_madgwick_node-3] [INFO] [1770697017.637159997] [imu_filter]: Parameter RLController.pid_kp_ang set to 1.231563
[imu_filter_madgwick_node-3] [INFO] [1770697017.637229055] [imu_filter]: Parameter RLController.pid_ki_ang set to 0.000000
[imu_filter_madgwick_node-3] [INFO] [1770697017.637286656] [imu_filter]: Parameter RLController.pid_kd_ang set to 0.109598
[imu_filter_madgwick_node-3] [INFO] [1770697018.052404038] [imu_filter]: Parameter RLController.pid_kp_lin set to 1.270484
[imu_filter_madgwick_node-3] [INFO] [1770697018.052758798] [imu_filter]: Parameter RLController.pid_ki_lin set to 0.000000
[imu_filter_madgwick_node-3] [INFO] [1770697018.052855249] [imu_filter]: Parameter RLController.pid_kd_lin set to 0.020000
[imu_filter_madgwick_node-3] [INFO] [1770697018.052919186] [imu_filter]: Parameter RLController.pid_kp_ang set to 1.231563
[imu_filter_madgwick_node-3] [INFO] [1770697018.052995124] [imu_filter]: Parameter RLController.pid_ki_ang set to 0.000000
[imu_filter_madgwick_node-3] [INFO] [1770697018.053054069] [imu_filter]: Parameter RLController.pid_kd_ang set to 0.109677
[imu_filter_madgwick_node-3] [INFO] [1770697018.501447843] [imu_filter]: Parameter RLController.pid_kp_lin set to 1.270484
[imu_filter_madgwick_node-3] [INFO] [1770697018.501751178] [imu_filter]: Parameter RLController.pid_ki_lin set to 0.000000
[imu_filter_madgwick_node-3] [INFO] [1770697018.501827563] [imu_filter]: Parameter RLController.pid_kd_lin set to 0.020000
[imu_filter_madgwick_node-3] [INFO] [1770697018.501892877] [imu_filter]: Parameter RLController.pid_kp_ang set to 1.231563
[imu_filter_madgwick_node-3] [INFO] [1770697018.501948238] [imu_filter]: Parameter RLController.pid_ki_ang set to 0.000000
[imu_filter_madgwick_node-3] [INFO] [1770697018.502002927] [imu_filter]: Parameter RLController.pid_kd_ang set to 0.109755
[imu_filter_madgwick_node-3] [INFO] [1770697018.923186595] [imu_filter]: Parameter RLController.pid_kp_lin set to 1.270484
[imu_filter_madgwick_node-3] [INFO] [1770697018.923391784] [imu_filter]: Parameter RLController.pid_ki_lin set to 0.000000
[imu_filter_madgwick_node-3] [INFO] [1770697018.923463817] [imu_filter]: Parameter RLController.pid_kd_lin set to 0.020000
[imu_filter_madgwick_node-3] [INFO] [1770697018.923535019] [imu_filter]: Parameter RLController.pid_kp_ang set to 1.231563
[imu_filter_madgwick_node-3] [INFO] [1770697018.923594476] [imu_filter]: Parameter RLController.pid_ki_ang set to 0.000000
[imu_filter_madgwick_node-3] [INFO] [1770697018.923650478] [imu_filter]: Parameter RLController.pid_kd_ang set to 0.109833
[imu_filter_madgwick_node-3] [INFO] [1770697019.346192097] [imu_filter]: Parameter RLController.pid_kp_lin set to 1.270484
[imu_filter_madgwick_node-3] [INFO] [1770697019.346461863] [imu_filter]: Parameter RLController.pid_ki_lin set to 0.000000
[imu_filter_madgwick_node-3] [INFO] [1770697019.346551273] [imu_filter]: Parameter RLController.pid_kd_lin set to 0.020000
[imu_filter_madgwick_node-3] [INFO] [1770697019.346616875] [imu_filter]: Parameter RLController.pid_kp_ang set to 1.231563
[imu_filter_madgwick_node-3] [INFO] [1770697019.346673868] [imu_filter]: Parameter RLController.pid_ki_ang set to 0.000000
[imu_filter_madgwick_node-3] [INFO] [1770697019.346729837] [imu_filter]: Parameter RLController.pid_kd_ang set to 0.109912
[imu_filter_madgwick_node-3] [INFO] [1770697019.783954902] [imu_filter]: Parameter RLController.pid_kp_lin set to 1.270484
[imu_filter_madgwick_node-3] [INFO] [1770697019.784147835] [imu_filter]: Parameter RLController.pid_ki_lin set to 0.000000
[imu_filter_madgwick_node-3] [INFO] [1770697019.784236221] [imu_filter]: Parameter RLController.pid_kd_lin set to 0.020000
[imu_filter_madgwick_node-3] [INFO] [1770697019.784309407] [imu_filter]: Parameter RLController.pid_kp_ang set to 1.231563
[imu_filter_madgwick_node-3] [INFO] [1770697019.784365696] [imu_filter]: Parameter RLController.pid_ki_ang set to 0.000000
[imu_filter_madgwick_node-3] [INFO] [1770697019.784420289] [imu_filter]: Parameter RLController.pid_kd_ang set to 0.109990
[imu_filter_madgwick_node-3] [INFO] [1770697020.213042114] [imu_filter]: Parameter RLController.pid_kp_lin set to 1.270484
[imu_filter_madgwick_node-3] [INFO] [1770697020.213265735] [imu_filter]: Parameter RLController.pid_ki_lin set to 0.000000
[imu_filter_madgwick_node-3] [INFO] [1770697020.213340297] [imu_filter]: Parameter RLController.pid_kd_lin set to 0.020000
[imu_filter_madgwick_node-3] [INFO] [1770697020.213403786] [imu_filter]: Parameter RLController.pid_kp_ang set to 1.231563
[imu_filter_madgwick_node-3] [INFO] [1770697020.213463148] [imu_filter]: Parameter RLController.pid_ki_ang set to 0.000000
[imu_filter_madgwick_node-3] [INFO] [1770697020.213515117] [imu_filter]: Parameter RLController.pid_kd_ang set to 0.110068
[imu_filter_madgwick_node-3] [INFO] [1770697020.622506564] [imu_filter]: Parameter RLController.pid_kp_lin set to 1.270484
[imu_filter_madgwick_node-3] [INFO] [1770697020.622900173] [imu_filter]: Parameter RLController.pid_ki_lin set to 0.000000
[imu_filter_madgwick_node-3] [INFO] [1770697020.622999920] [imu_filter]: Parameter RLController.pid_kd_lin set to 0.020000
[imu_filter_madgwick_node-3] [INFO] [1770697020.623067089] [imu_filter]: Parameter RLController.pid_kp_ang set to 1.231563
[imu_filter_madgwick_node-3] [INFO] [1770697020.623131635] [imu_filter]: Parameter RLController.pid_ki_ang set to 0.000000
[imu_filter_madgwick_node-3] [INFO] [1770697020.623190324] [imu_filter]: Parameter RLController.pid_kd_ang set to 0.110147
[imu_filter_madgwick_node-3] [INFO] [1770697021.035691453] [imu_filter]: Parameter RLController.pid_kp_lin set to 1.270484
[imu_filter_madgwick_node-3] [INFO] [1770697021.035898210] [imu_filter]: Parameter RLController.pid_ki_lin set to 0.000000
[imu_filter_madgwick_node-3] [INFO] [1770697021.035979908] [imu_filter]: Parameter RLController.pid_kd_lin set to 0.020000
[imu_filter_madgwick_node-3] [INFO] [1770697021.036048006] [imu_filter]: Parameter RLController.pid_kp_ang set to 1.231563
[imu_filter_madgwick_node-3] [INFO] [1770697021.036107239] [imu_filter]: Parameter RLController.pid_ki_ang set to 0.000000
[imu_filter_madgwick_node-3] [INFO] [1770697021.036163688] [imu_filter]: Parameter RLController.pid_kd_ang set to 0.110225
[imu_filter_madgwick_node-3] [INFO] [1770697021.454464729] [imu_filter]: Parameter RLController.pid_kp_lin set to 1.270484
[imu_filter_madgwick_node-3] [INFO] [1770697021.454817601] [imu_filter]: Parameter RLController.pid_ki_lin set to 0.000000
[imu_filter_madgwick_node-3] [INFO] [1770697021.454895811] [imu_filter]: Parameter RLController.pid_kd_lin set to 0.020000
[imu_filter_madgwick_node-3] [INFO] [1770697021.455086119] [imu_filter]: Parameter RLController.pid_kp_ang set to 1.231563
[imu_filter_madgwick_node-3] [INFO] [1770697021.455146985] [imu_filter]: Parameter RLController.pid_ki_ang set to 0.000000
[imu_filter_madgwick_node-3] [INFO] [1770697021.455205514] [imu_filter]: Parameter RLController.pid_kd_ang set to 0.110303
[imu_filter_madgwick_node-3] [INFO] [1770697021.875351493] [imu_filter]: Parameter RLController.pid_kp_lin set to 1.270484
[imu_filter_madgwick_node-3] [INFO] [1770697021.877732509] [imu_filter]: Parameter RLController.pid_ki_lin set to 0.000000
[imu_filter_madgwick_node-3] [INFO] [1770697021.877925089] [imu_filter]: Parameter RLController.pid_kd_lin set to 0.020000
[imu_filter_madgwick_node-3] [INFO] [1770697021.877994787] [imu_filter]: Parameter RLController.pid_kp_ang set to 1.231563
[imu_filter_madgwick_node-3] [INFO] [1770697021.878054052] [imu_filter]: Parameter RLController.pid_ki_ang set to 0.000000
[imu_filter_madgwick_node-3] [INFO] [1770697021.878112646] [imu_filter]: Parameter RLController.pid_kd_ang set to 0.110382
[imu_filter_madgwick_node-3] [INFO] [1770697022.294869330] [imu_filter]: Parameter RLController.pid_kp_lin set to 1.270484
[imu_filter_madgwick_node-3] [INFO] [1770697022.295083703] [imu_filter]: Parameter RLController.pid_ki_lin set to 0.000000
[imu_filter_madgwick_node-3] [INFO] [1770697022.295159641] [imu_filter]: Parameter RLController.pid_kd_lin set to 0.020000
[imu_filter_madgwick_node-3] [INFO] [1770697022.295221946] [imu_filter]: Parameter RLController.pid_kp_ang set to 1.231563
[imu_filter_madgwick_node-3] [INFO] [1770697022.296645755] [imu_filter]: Parameter RLController.pid_ki_ang set to 0.000000
[imu_filter_madgwick_node-3] [INFO] [1770697022.296815007] [imu_filter]: Parameter RLController.pid_kd_ang set to 0.110460
[imu_filter_madgwick_node-3] [INFO] [1770697022.711139955] [imu_filter]: Parameter RLController.pid_kp_lin set to 1.270484
[imu_filter_madgwick_node-3] [INFO] [1770697022.711329239] [imu_filter]: Parameter RLController.pid_ki_lin set to 0.000000
[imu_filter_madgwick_node-3] [INFO] [1770697022.711403833] [imu_filter]: Parameter RLController.pid_kd_lin set to 0.020000
[imu_filter_madgwick_node-3] [INFO] [1770697022.711471451] [imu_filter]: Parameter RLController.pid_kp_ang set to 1.231563
[imu_filter_madgwick_node-3] [INFO] [1770697022.711527516] [imu_filter]: Parameter RLController.pid_ki_ang set to 0.000000
[imu_filter_madgwick_node-3] [INFO] [1770697022.711584637] [imu_filter]: Parameter RLController.pid_kd_ang set to 0.110538
[imu_filter_madgwick_node-3] [INFO] [1770697023.133222715] [imu_filter]: Parameter RLController.pid_kp_lin set to 1.270484
[imu_filter_madgwick_node-3] [INFO] [1770697023.133542595] [imu_filter]: Parameter RLController.pid_ki_lin set to 0.000000
[imu_filter_madgwick_node-3] [INFO] [1770697023.133710087] [imu_filter]: Parameter RLController.pid_kd_lin set to 0.020000
[imu_filter_madgwick_node-3] [INFO] [1770697023.133785864] [imu_filter]: Parameter RLController.pid_kp_ang set to 1.231563
[imu_filter_madgwick_node-3] [INFO] [1770697023.133844586] [imu_filter]: Parameter RLController.pid_ki_ang set to 0.000000
[imu_filter_madgwick_node-3] [INFO] [1770697023.133900363] [imu_filter]: Parameter RLController.pid_kd_ang set to 0.110617
[imu_filter_madgwick_node-3] [INFO] [1770697023.562415497] [imu_filter]: Parameter RLController.pid_kp_lin set to 1.270484
[imu_filter_madgwick_node-3] [INFO] [1770697023.562607406] [imu_filter]: Parameter RLController.pid_ki_lin set to 0.000000
[imu_filter_madgwick_node-3] [INFO] [1770697023.563927308] [imu_filter]: Parameter RLController.pid_kd_lin set to 0.020000
[imu_filter_madgwick_node-3] [INFO] [1770697023.564226259] [imu_filter]: Parameter RLController.pid_kp_ang set to 1.231563
[imu_filter_madgwick_node-3] [INFO] [1770697023.564307349] [imu_filter]: Parameter RLController.pid_ki_ang set to 0.000000
[imu_filter_madgwick_node-3] [INFO] [1770697023.564366647] [imu_filter]: Parameter RLController.pid_kd_ang set to 0.110695
[imu_filter_madgwick_node-3] [INFO] [1770697023.974936307] [imu_filter]: Parameter RLController.pid_kp_lin set to 1.270484
[imu_filter_madgwick_node-3] [INFO] [1770697023.975126103] [imu_filter]: Parameter RLController.pid_ki_lin set to 0.000000
[imu_filter_madgwick_node-3] [INFO] [1770697023.975197721] [imu_filter]: Parameter RLController.pid_kd_lin set to 0.020000
[imu_filter_madgwick_node-3] [INFO] [1770697023.975259258] [imu_filter]: Parameter RLController.pid_kp_ang set to 1.231563
[imu_filter_madgwick_node-3] [INFO] [1770697023.975317692] [imu_filter]: Parameter RLController.pid_ki_ang set to 0.000000
[imu_filter_madgwick_node-3] [INFO] [1770697023.975376509] [imu_filter]: Parameter RLController.pid_kd_ang set to 0.110773
[imu_filter_madgwick_node-3] [INFO] [1770697024.395352244] [imu_filter]: Parameter RLController.pid_kp_lin set to 1.270484
[imu_filter_madgwick_node-3] [INFO] [1770697024.395722973] [imu_filter]: Parameter RLController.pid_ki_lin set to 0.000000
[imu_filter_madgwick_node-3] [INFO] [1770697024.395810591] [imu_filter]: Parameter RLController.pid_kd_lin set to 0.020000
[imu_filter_madgwick_node-3] [INFO] [1770697024.395872896] [imu_filter]: Parameter RLController.pid_kp_ang set to 1.231563
[imu_filter_madgwick_node-3] [INFO] [1770697024.396048773] [imu_filter]: Parameter RLController.pid_ki_ang set to 0.000000
[imu_filter_madgwick_node-3] [INFO] [1770697024.396116742] [imu_filter]: Parameter RLController.pid_kd_ang set to 0.110852
[imu_filter_madgwick_node-3] [INFO] [1770697024.815445550] [imu_filter]: Parameter RLController.pid_kp_lin set to 1.270484
[imu_filter_madgwick_node-3] [INFO] [1770697024.815662323] [imu_filter]: Parameter RLController.pid_ki_lin set to 0.000000
[imu_filter_madgwick_node-3] [INFO] [1770697024.815733205] [imu_filter]: Parameter RLController.pid_kd_lin set to 0.020000
[imu_filter_madgwick_node-3] [INFO] [1770697024.815801975] [imu_filter]: Parameter RLController.pid_kp_ang set to 1.231563
[imu_filter_madgwick_node-3] [INFO] [1770697024.815865976] [imu_filter]: Parameter RLController.pid_ki_ang set to 0.000000
[imu_filter_madgwick_node-3] [INFO] [1770697024.815927258] [imu_filter]: Parameter RLController.pid_kd_ang set to 0.110930
[imu_filter_madgwick_node-3] [INFO] [1770697025.221601508] [imu_filter]: Parameter RLController.pid_kp_lin set to 1.270484
[imu_filter_madgwick_node-3] [INFO] [1770697025.221812969] [imu_filter]: Parameter RLController.pid_ki_lin set to 0.000000
[imu_filter_madgwick_node-3] [INFO] [1770697025.221890122] [imu_filter]: Parameter RLController.pid_kd_lin set to 0.020000
[imu_filter_madgwick_node-3] [INFO] [1770697025.221951756] [imu_filter]: Parameter RLController.pid_kp_ang set to 1.231563
[imu_filter_madgwick_node-3] [INFO] [1770697025.222008749] [imu_filter]: Parameter RLController.pid_ki_ang set to 0.000000
[imu_filter_madgwick_node-3] [INFO] [1770697025.222063694] [imu_filter]: Parameter RLController.pid_kd_ang set to 0.111008
[imu_filter_madgwick_node-3] [INFO] [1770697025.635217927] [imu_filter]: Parameter RLController.pid_kp_lin set to 1.270484
[imu_filter_madgwick_node-3] [INFO] [1770697025.635425964] [imu_filter]: Parameter RLController.pid_ki_lin set to 0.000000
[imu_filter_madgwick_node-3] [INFO] [1770697025.635515598] [imu_filter]: Parameter RLController.pid_kd_lin set to 0.020000
[imu_filter_madgwick_node-3] [INFO] [1770697025.639131170] [imu_filter]: Parameter RLController.pid_kp_ang set to 1.231563
[imu_filter_madgwick_node-3] [INFO] [1770697025.639334439] [imu_filter]: Parameter RLController.pid_ki_ang set to 0.000000
[imu_filter_madgwick_node-3] [INFO] [1770697025.639410537] [imu_filter]: Parameter RLController.pid_kd_ang set to 0.111087
[imu_filter_madgwick_node-3] [INFO] [1770697026.047477162] [imu_filter]: Parameter RLController.pid_kp_lin set to 1.270484
[imu_filter_madgwick_node-3] [INFO] [1770697026.047684079] [imu_filter]: Parameter RLController.pid_ki_lin set to 0.000000
[imu_filter_madgwick_node-3] [INFO] [1770697026.047757137] [imu_filter]: Parameter RLController.pid_kd_lin set to 0.020000
[imu_filter_madgwick_node-3] [INFO] [1770697026.047823314] [imu_filter]: Parameter RLController.pid_kp_ang set to 1.231563
[imu_filter_madgwick_node-3] [INFO] [1770697026.047888372] [imu_filter]: Parameter RLController.pid_ki_ang set to 0.000000
[imu_filter_madgwick_node-3] [INFO] [1770697026.047948469] [imu_filter]: Parameter RLController.pid_kd_ang set to 0.111165
[imu_filter_madgwick_node-3] [INFO] [1770697026.466224613] [imu_filter]: Parameter RLController.pid_kp_lin set to 1.270484
[imu_filter_madgwick_node-3] [INFO] [1770697026.466447978] [imu_filter]: Parameter RLController.pid_ki_lin set to 0.000000
[imu_filter_madgwick_node-3] [INFO] [1770697026.468719327] [imu_filter]: Parameter RLController.pid_kd_lin set to 0.020000
[imu_filter_madgwick_node-3] [INFO] [1770697026.468914692] [imu_filter]: Parameter RLController.pid_kp_ang set to 1.231563
[imu_filter_madgwick_node-3] [INFO] [1770697026.468998342] [imu_filter]: Parameter RLController.pid_ki_ang set to 0.000000
[imu_filter_madgwick_node-3] [INFO] [1770697026.469060423] [imu_filter]: Parameter RLController.pid_kd_ang set to 0.111244
[imu_filter_madgwick_node-3] [INFO] [1770697026.892412557] [imu_filter]: Parameter RLController.pid_kp_lin set to 1.270484
[imu_filter_madgwick_node-3] [INFO] [1770697026.892623058] [imu_filter]: Parameter RLController.pid_ki_lin set to 0.000000
[imu_filter_madgwick_node-3] [INFO] [1770697026.892692084] [imu_filter]: Parameter RLController.pid_kd_lin set to 0.020000
[imu_filter_madgwick_node-3] [INFO] [1770697026.892754933] [imu_filter]: Parameter RLController.pid_kp_ang set to 1.231563
[imu_filter_madgwick_node-3] [INFO] [1770697026.892813494] [imu_filter]: Parameter RLController.pid_ki_ang set to 0.000000
[imu_filter_madgwick_node-3] [INFO] [1770697026.908048025] [imu_filter]: Parameter RLController.pid_kd_ang set to 0.111322
[imu_filter_madgwick_node-3] [INFO] [1770697027.323916337] [imu_filter]: Parameter RLController.pid_kp_lin set to 1.270484
[imu_filter_madgwick_node-3] [INFO] [1770697027.329241165] [imu_filter]: Parameter RLController.pid_ki_lin set to 0.000000
[imu_filter_madgwick_node-3] [INFO] [1770697027.335739492] [imu_filter]: Parameter RLController.pid_kd_lin set to 0.020000
[imu_filter_madgwick_node-3] [INFO] [1770697027.341239844] [imu_filter]: Parameter RLController.pid_kp_ang set to 1.231563
[imu_filter_madgwick_node-3] [INFO] [1770697027.345704044] [imu_filter]: Parameter RLController.pid_ki_ang set to 0.000000
[imu_filter_madgwick_node-3] [INFO] [1770697027.346999019] [imu_filter]: Parameter RLController.pid_kd_ang set to 0.111400
[imu_filter_madgwick_node-3] [INFO] [1770697027.768661929] [imu_filter]: Parameter RLController.pid_kp_lin set to 1.270484
[imu_filter_madgwick_node-3] [INFO] [1770697027.768975728] [imu_filter]: Parameter RLController.pid_ki_lin set to 0.000000
[imu_filter_madgwick_node-3] [INFO] [1770697027.769055186] [imu_filter]: Parameter RLController.pid_kd_lin set to 0.020000
[imu_filter_madgwick_node-3] [INFO] [1770697027.769120084] [imu_filter]: Parameter RLController.pid_kp_ang set to 1.231563
[imu_filter_madgwick_node-3] [INFO] [1770697027.769175829] [imu_filter]: Parameter RLController.pid_ki_ang set to 0.000000
[imu_filter_madgwick_node-3] [INFO] [1770697027.769231766] [imu_filter]: Parameter RLController.pid_kd_ang set to 0.111479
[imu_filter_madgwick_node-3] [INFO] [1770697028.213950510] [imu_filter]: Parameter RLController.pid_kp_lin set to 1.270484
[imu_filter_madgwick_node-3] [INFO] [1770697028.214288214] [imu_filter]: Parameter RLController.pid_ki_lin set to 0.000000
[imu_filter_madgwick_node-3] [INFO] [1770697028.214384312] [imu_filter]: Parameter RLController.pid_kd_lin set to 0.020000
[imu_filter_madgwick_node-3] [INFO] [1770697028.214461530] [imu_filter]: Parameter RLController.pid_kp_ang set to 1.231563
[imu_filter_madgwick_node-3] [INFO] [1770697028.214526396] [imu_filter]: Parameter RLController.pid_ki_ang set to 0.000000
[imu_filter_madgwick_node-3] [INFO] [1770697028.214585693] [imu_filter]: Parameter RLController.pid_kd_ang set to 0.111557
[imu_filter_madgwick_node-3] [INFO] [1770697028.640779653] [imu_filter]: Parameter RLController.pid_kp_lin set to 1.270484
[imu_filter_madgwick_node-3] [INFO] [1770697028.642684753] [imu_filter]: Parameter RLController.pid_ki_lin set to 0.000000
[imu_filter_madgwick_node-3] [INFO] [1770697028.642860950] [imu_filter]: Parameter RLController.pid_kd_lin set to 0.020000
[imu_filter_madgwick_node-3] [INFO] [1770697028.642938807] [imu_filter]: Parameter RLController.pid_kp_ang set to 1.231563
[imu_filter_madgwick_node-3] [INFO] [1770697028.643000313] [imu_filter]: Parameter RLController.pid_ki_ang set to 0.000000
[imu_filter_madgwick_node-3] [INFO] [1770697028.643057914] [imu_filter]: Parameter RLController.pid_kd_ang set to 0.111635
[imu_filter_madgwick_node-3] [INFO] [1770697029.073444068] [imu_filter]: Parameter RLController.pid_kp_lin set to 1.270484
[imu_filter_madgwick_node-3] [INFO] [1770697029.073676425] [imu_filter]: Parameter RLController.pid_ki_lin set to 0.000000
[imu_filter_madgwick_node-3] [INFO] [1770697029.073758315] [imu_filter]: Parameter RLController.pid_kd_lin set to 0.020000
[imu_filter_madgwick_node-3] [INFO] [1770697029.073821229] [imu_filter]: Parameter RLController.pid_kp_ang set to 1.231563
[imu_filter_madgwick_node-3] [INFO] [1770697029.073877838] [imu_filter]: Parameter RLController.pid_ki_ang set to 0.000000
[imu_filter_madgwick_node-3] [INFO] [1770697029.073937423] [imu_filter]: Parameter RLController.pid_kd_ang set to 0.111714
[imu_filter_madgwick_node-3] [INFO] [1770697029.490535000] [imu_filter]: Parameter RLController.pid_kp_lin set to 1.270484
[imu_filter_madgwick_node-3] [INFO] [1770697029.490733181] [imu_filter]: Parameter RLController.pid_ki_lin set to 0.000000
[imu_filter_madgwick_node-3] [INFO] [1770697029.490880416] [imu_filter]: Parameter RLController.pid_kd_lin set to 0.020000
[imu_filter_madgwick_node-3] [INFO] [1770697029.490957538] [imu_filter]: Parameter RLController.pid_kp_ang set to 1.231563
[imu_filter_madgwick_node-3] [INFO] [1770697029.491016419] [imu_filter]: Parameter RLController.pid_ki_ang set to 0.000000
[imu_filter_madgwick_node-3] [INFO] [1770697029.491072773] [imu_filter]: Parameter RLController.pid_kd_ang set to 0.111792
[imu_filter_madgwick_node-3] [INFO] [1770697029.903132739] [imu_filter]: Parameter RLController.pid_kp_lin set to 1.270484
[imu_filter_madgwick_node-3] [INFO] [1770697029.904947950] [imu_filter]: Parameter RLController.pid_ki_lin set to 0.000000
[imu_filter_madgwick_node-3] [INFO] [1770697029.906552115] [imu_filter]: Parameter RLController.pid_kd_lin set to 0.020000
[imu_filter_madgwick_node-3] [INFO] [1770697029.906712695] [imu_filter]: Parameter RLController.pid_kp_ang set to 1.231563
[imu_filter_madgwick_node-3] [INFO] [1770697029.906780792] [imu_filter]: Parameter RLController.pid_ki_ang set to 0.000000
[imu_filter_madgwick_node-3] [INFO] [1770697029.906842330] [imu_filter]: Parameter RLController.pid_kd_ang set to 0.111870
[imu_filter_madgwick_node-3] [INFO] [1770697030.323317760] [imu_filter]: Parameter RLController.pid_kp_lin set to 1.270484
[imu_filter_madgwick_node-3] [INFO] [1770697030.323533861] [imu_filter]: Parameter RLController.pid_ki_lin set to 0.000000
[imu_filter_madgwick_node-3] [INFO] [1770697030.323607942] [imu_filter]: Parameter RLController.pid_kd_lin set to 0.020000
[imu_filter_madgwick_node-3] [INFO] [1770697030.323664936] [imu_filter]: Parameter RLController.pid_kp_ang set to 1.231563
[imu_filter_madgwick_node-3] [INFO] [1770697030.324270166] [imu_filter]: Parameter RLController.pid_ki_ang set to 0.000000
[imu_filter_madgwick_node-3] [INFO] [1770697030.324559612] [imu_filter]: Parameter RLController.pid_kd_ang set to 0.111949
[imu_filter_madgwick_node-3] [INFO] [1770697030.739297306] [imu_filter]: Parameter RLController.pid_kp_lin set to 1.270484
[imu_filter_madgwick_node-3] [INFO] [1770697030.739591489] [imu_filter]: Parameter RLController.pid_ki_lin set to 0.000000
[imu_filter_madgwick_node-3] [INFO] [1770697030.739672611] [imu_filter]: Parameter RLController.pid_kd_lin set to 0.020000
[imu_filter_madgwick_node-3] [INFO] [1770697030.739735012] [imu_filter]: Parameter RLController.pid_kp_ang set to 1.231563
[imu_filter_madgwick_node-3] [INFO] [1770697030.739790917] [imu_filter]: Parameter RLController.pid_ki_ang set to 0.000000
[imu_filter_madgwick_node-3] [INFO] [1770697030.739844679] [imu_filter]: Parameter RLController.pid_kd_ang set to 0.112027
[imu_filter_madgwick_node-3] [INFO] [1770697031.181594233] [imu_filter]: Parameter RLController.pid_kp_lin set to 1.270484
[imu_filter_madgwick_node-3] [INFO] [1770697031.181800958] [imu_filter]: Parameter RLController.pid_ki_lin set to 0.000000
[imu_filter_madgwick_node-3] [INFO] [1770697031.181868959] [imu_filter]: Parameter RLController.pid_kd_lin set to 0.020000
[imu_filter_madgwick_node-3] [INFO] [1770697031.181931585] [imu_filter]: Parameter RLController.pid_kp_ang set to 1.231563
[imu_filter_madgwick_node-3] [INFO] [1770697031.181986402] [imu_filter]: Parameter RLController.pid_ki_ang set to 0.000000
[imu_filter_madgwick_node-3] [INFO] [1770697031.182040035] [imu_filter]: Parameter RLController.pid_kd_ang set to 0.112105
[imu_filter_madgwick_node-3] [INFO] [1770697031.591675754] [imu_filter]: Parameter RLController.pid_kp_lin set to 1.270484
[imu_filter_madgwick_node-3] [INFO] [1770697031.591890543] [imu_filter]: Parameter RLController.pid_ki_lin set to 0.000000
[imu_filter_madgwick_node-3] [INFO] [1770697031.591959888] [imu_filter]: Parameter RLController.pid_kd_lin set to 0.020000
[imu_filter_madgwick_node-3] [INFO] [1770697031.592028690] [imu_filter]: Parameter RLController.pid_kp_ang set to 1.231563
[imu_filter_madgwick_node-3] [INFO] [1770697031.592086035] [imu_filter]: Parameter RLController.pid_ki_ang set to 0.000000
[imu_filter_madgwick_node-3] [INFO] [1770697031.592141909] [imu_filter]: Parameter RLController.pid_kd_ang set to 0.112184
[imu_filter_madgwick_node-3] [INFO] [1770697032.014045785] [imu_filter]: Parameter RLController.pid_kp_lin set to 1.270484
[imu_filter_madgwick_node-3] [INFO] [1770697032.014257214] [imu_filter]: Parameter RLController.pid_ki_lin set to 0.000000
[imu_filter_madgwick_node-3] [INFO] [1770697032.014330432] [imu_filter]: Parameter RLController.pid_kd_lin set to 0.020000
[imu_filter_madgwick_node-3] [INFO] [1770697032.014393057] [imu_filter]: Parameter RLController.pid_kp_ang set to 1.231563
[imu_filter_madgwick_node-3] [INFO] [1770697032.014449090] [imu_filter]: Parameter RLController.pid_ki_ang set to 0.000000
[imu_filter_madgwick_node-3] [INFO] [1770697032.014505732] [imu_filter]: Parameter RLController.pid_kd_ang set to 0.112262
[imu_filter_madgwick_node-3] [INFO] [1770697032.440368388] [imu_filter]: Parameter RLController.pid_kp_lin set to 1.270484
[imu_filter_madgwick_node-3] [INFO] [1770697032.440766445] [imu_filter]: Parameter RLController.pid_ki_lin set to 0.000000
[imu_filter_madgwick_node-3] [INFO] [1770697032.440940401] [imu_filter]: Parameter RLController.pid_kd_lin set to 0.020000
[imu_filter_madgwick_node-3] [INFO] [1770697032.441061460] [imu_filter]: Parameter RLController.pid_kp_ang set to 1.231563
[imu_filter_madgwick_node-3] [INFO] [1770697032.441168279] [imu_filter]: Parameter RLController.pid_ki_ang set to 0.000000
[imu_filter_madgwick_node-3] [INFO] [1770697032.441236024] [imu_filter]: Parameter RLController.pid_kd_ang set to 0.112340
[imu_filter_madgwick_node-3] [INFO] [1770697032.888068385] [imu_filter]: Parameter RLController.pid_kp_lin set to 1.270484
[imu_filter_madgwick_node-3] [INFO] [1770697032.888323079] [imu_filter]: Parameter RLController.pid_ki_lin set to 0.000000
[imu_filter_madgwick_node-3] [INFO] [1770697032.888394505] [imu_filter]: Parameter RLController.pid_kd_lin set to 0.020000
[imu_filter_madgwick_node-3] [INFO] [1770697032.888457322] [imu_filter]: Parameter RLController.pid_kp_ang set to 1.231563
[imu_filter_madgwick_node-3] [INFO] [1770697032.888516844] [imu_filter]: Parameter RLController.pid_ki_ang set to 0.000000
[imu_filter_madgwick_node-3] [INFO] [1770697032.888573517] [imu_filter]: Parameter RLController.pid_kd_ang set to 0.112419
[imu_filter_madgwick_node-3] [INFO] [1770697033.308792234] [imu_filter]: Parameter RLController.pid_kp_lin set to 1.270484
[imu_filter_madgwick_node-3] [INFO] [1770697033.309019951] [imu_filter]: Parameter RLController.pid_ki_lin set to 0.000000
[imu_filter_madgwick_node-3] [INFO] [1770697033.309097841] [imu_filter]: Parameter RLController.pid_kd_lin set to 0.020000
[imu_filter_madgwick_node-3] [INFO] [1770697033.309155090] [imu_filter]: Parameter RLController.pid_kp_ang set to 1.231563
[imu_filter_madgwick_node-3] [INFO] [1770697033.311374278] [imu_filter]: Parameter RLController.pid_ki_ang set to 0.000000
[imu_filter_madgwick_node-3] [INFO] [1770697033.311657741] [imu_filter]: Parameter RLController.pid_kd_ang set to 0.112497
[imu_filter_madgwick_node-3] [INFO] [1770697033.718386639] [imu_filter]: Parameter RLController.pid_kp_lin set to 1.270484
[imu_filter_madgwick_node-3] [INFO] [1770697033.718607380] [imu_filter]: Parameter RLController.pid_ki_lin set to 0.000000
[imu_filter_madgwick_node-3] [INFO] [1770697033.718685110] [imu_filter]: Parameter RLController.pid_kd_lin set to 0.020000
[imu_filter_madgwick_node-3] [INFO] [1770697033.718875771] [imu_filter]: Parameter RLController.pid_kp_ang set to 1.231563
[imu_filter_madgwick_node-3] [INFO] [1770697033.718943996] [imu_filter]: Parameter RLController.pid_ki_ang set to 0.000000
[imu_filter_madgwick_node-3] [INFO] [1770697033.719004126] [imu_filter]: Parameter RLController.pid_kd_ang set to 0.112575
[imu_filter_madgwick_node-3] [INFO] [1770697034.145224006] [imu_filter]: Parameter RLController.pid_kp_lin set to 1.270484
[imu_filter_madgwick_node-3] [INFO] [1770697034.145430187] [imu_filter]: Parameter RLController.pid_ki_lin set to 0.000000
[imu_filter_madgwick_node-3] [INFO] [1770697034.145509101] [imu_filter]: Parameter RLController.pid_kd_lin set to 0.020000
[imu_filter_madgwick_node-3] [INFO] [1770697034.145640368] [imu_filter]: Parameter RLController.pid_kp_ang set to 1.231563
[imu_filter_madgwick_node-3] [INFO] [1770697034.145729042] [imu_filter]: Parameter RLController.pid_ki_ang set to 0.000000
[imu_filter_madgwick_node-3] [INFO] [1770697034.145793652] [imu_filter]: Parameter RLController.pid_kd_ang set to 0.112654
[imu_filter_madgwick_node-3] [INFO] [1770697034.573211704] [imu_filter]: Parameter RLController.pid_kp_lin set to 1.270484
[imu_filter_madgwick_node-3] [INFO] [1770697034.573415101] [imu_filter]: Parameter RLController.pid_ki_lin set to 0.000000
[imu_filter_madgwick_node-3] [INFO] [1770697034.573496255] [imu_filter]: Parameter RLController.pid_kd_lin set to 0.020000
[imu_filter_madgwick_node-3] [INFO] [1770697034.573564705] [imu_filter]: Parameter RLController.pid_kp_ang set to 1.231563
[imu_filter_madgwick_node-3] [INFO] [1770697034.573626050] [imu_filter]: Parameter RLController.pid_ki_ang set to 0.000000
[imu_filter_madgwick_node-3] [INFO] [1770697034.573685667] [imu_filter]: Parameter RLController.pid_kd_ang set to 0.112732
[imu_filter_madgwick_node-3] [INFO] [1770697034.995147133] [imu_filter]: Parameter RLController.pid_kp_lin set to 1.270484
[imu_filter_madgwick_node-3] [INFO] [1770697034.995357858] [imu_filter]: Parameter RLController.pid_ki_lin set to 0.000000
[imu_filter_madgwick_node-3] [INFO] [1770697034.995426500] [imu_filter]: Parameter RLController.pid_kd_lin set to 0.020000
[imu_filter_madgwick_node-3] [INFO] [1770697034.995492069] [imu_filter]: Parameter RLController.pid_kp_ang set to 1.231563
[imu_filter_madgwick_node-3] [INFO] [1770697034.995551239] [imu_filter]: Parameter RLController.pid_ki_ang set to 0.000000
[imu_filter_madgwick_node-3] [INFO] [1770697034.995607656] [imu_filter]: Parameter RLController.pid_kd_ang set to 0.112810
[imu_filter_madgwick_node-3] [INFO] [1770697035.426119349] [imu_filter]: Parameter RLController.pid_kp_lin set to 1.270484
[imu_filter_madgwick_node-3] [INFO] [1770697035.426381083] [imu_filter]: Parameter RLController.pid_ki_lin set to 0.000000
[imu_filter_madgwick_node-3] [INFO] [1770697035.426454109] [imu_filter]: Parameter RLController.pid_kd_lin set to 0.020000
[imu_filter_madgwick_node-3] [INFO] [1770697035.426514590] [imu_filter]: Parameter RLController.pid_kp_ang set to 1.231563
[imu_filter_madgwick_node-3] [INFO] [1770697035.426570047] [imu_filter]: Parameter RLController.pid_ki_ang set to 0.000000
[imu_filter_madgwick_node-3] [INFO] [1770697035.426624897] [imu_filter]: Parameter RLController.pid_kd_ang set to 0.112889
[imu_filter_madgwick_node-3] [INFO] [1770697035.840911027] [imu_filter]: Parameter RLController.pid_kp_lin set to 1.270484
[imu_filter_madgwick_node-3] [INFO] [1770697035.841121848] [imu_filter]: Parameter RLController.pid_ki_lin set to 0.000000
[imu_filter_madgwick_node-3] [INFO] [1770697035.841190586] [imu_filter]: Parameter RLController.pid_kd_lin set to 0.020000
[imu_filter_madgwick_node-3] [INFO] [1770697035.841252923] [imu_filter]: Parameter RLController.pid_kp_ang set to 1.231563
[imu_filter_madgwick_node-3] [INFO] [1770697035.841310397] [imu_filter]: Parameter RLController.pid_ki_ang set to 0.000000
[imu_filter_madgwick_node-3] [INFO] [1770697035.841365694] [imu_filter]: Parameter RLController.pid_kd_ang set to 0.112967
[imu_filter_madgwick_node-3] [INFO] [1770697036.257042321] [imu_filter]: Parameter RLController.pid_kp_lin set to 1.270484
[imu_filter_madgwick_node-3] [INFO] [1770697036.257263510] [imu_filter]: Parameter RLController.pid_ki_lin set to 0.000000
[imu_filter_madgwick_node-3] [INFO] [1770697036.257335096] [imu_filter]: Parameter RLController.pid_kd_lin set to 0.020000
[imu_filter_madgwick_node-3] [INFO] [1770697036.257396697] [imu_filter]: Parameter RLController.pid_kp_ang set to 1.231563
[imu_filter_madgwick_node-3] [INFO] [1770697036.257461915] [imu_filter]: Parameter RLController.pid_ki_ang set to 0.000000
[imu_filter_madgwick_node-3] [INFO] [1770697036.257519516] [imu_filter]: Parameter RLController.pid_kd_ang set to 0.113046
[imu_filter_madgwick_node-3] [INFO] [1770697036.671680684] [imu_filter]: Parameter RLController.pid_kp_lin set to 1.270484
[imu_filter_madgwick_node-3] [INFO] [1770697036.671897233] [imu_filter]: Parameter RLController.pid_ki_lin set to 0.000000
[imu_filter_madgwick_node-3] [INFO] [1770697036.671975891] [imu_filter]: Parameter RLController.pid_kd_lin set to 0.020000
[imu_filter_madgwick_node-3] [INFO] [1770697036.672124982] [imu_filter]: Parameter RLController.pid_kp_ang set to 1.231563
[imu_filter_madgwick_node-3] [INFO] [1770697036.672478687] [imu_filter]: Parameter RLController.pid_ki_ang set to 0.000000
[imu_filter_madgwick_node-3] [INFO] [1770697036.672597601] [imu_filter]: Parameter RLController.pid_kd_ang set to 0.113124
[imu_filter_madgwick_node-3] [INFO] [1770697037.093004259] [imu_filter]: Parameter RLController.pid_kp_lin set to 1.270484
[imu_filter_madgwick_node-3] [INFO] [1770697037.093382571] [imu_filter]: Parameter RLController.pid_ki_lin set to 0.000000
[imu_filter_madgwick_node-3] [INFO] [1770697037.093569552] [imu_filter]: Parameter RLController.pid_kd_lin set to 0.020000
[imu_filter_madgwick_node-3] [INFO] [1770697037.093734932] [imu_filter]: Parameter RLController.pid_kp_ang set to 1.231563
[imu_filter_madgwick_node-3] [INFO] [1770697037.093813781] [imu_filter]: Parameter RLController.pid_ki_ang set to 0.000000
[imu_filter_madgwick_node-3] [INFO] [1770697037.093926264] [imu_filter]: Parameter RLController.pid_kd_ang set to 0.113202
[imu_filter_madgwick_node-3] [INFO] [1770697037.519459825] [imu_filter]: Parameter RLController.pid_kp_lin set to 1.270484
[imu_filter_madgwick_node-3] [INFO] [1770697037.519666262] [imu_filter]: Parameter RLController.pid_ki_lin set to 0.000000
[imu_filter_madgwick_node-3] [INFO] [1770697037.519735799] [imu_filter]: Parameter RLController.pid_kd_lin set to 0.020000
[imu_filter_madgwick_node-3] [INFO] [1770697037.519796729] [imu_filter]: Parameter RLController.pid_kp_ang set to 1.231563
[imu_filter_madgwick_node-3] [INFO] [1770697037.519851802] [imu_filter]: Parameter RLController.pid_ki_ang set to 0.000000
[imu_filter_madgwick_node-3] [INFO] [1770697037.519905883] [imu_filter]: Parameter RLController.pid_kd_ang set to 0.113281
[imu_filter_madgwick_node-3] [INFO] [1770697037.943436389] [imu_filter]: Parameter RLController.pid_kp_lin set to 1.270484
[imu_filter_madgwick_node-3] [INFO] [1770697037.943789934] [imu_filter]: Parameter RLController.pid_ki_lin set to 0.000000
[imu_filter_madgwick_node-3] [INFO] [1770697037.943875760] [imu_filter]: Parameter RLController.pid_kd_lin set to 0.020000
[imu_filter_madgwick_node-3] [INFO] [1770697037.943939281] [imu_filter]: Parameter RLController.pid_kp_ang set to 1.231563
[imu_filter_madgwick_node-3] [INFO] [1770697037.943997874] [imu_filter]: Parameter RLController.pid_ki_ang set to 0.000000
[imu_filter_madgwick_node-3] [INFO] [1770697037.944059412] [imu_filter]: Parameter RLController.pid_kd_ang set to 0.113359
[imu_filter_madgwick_node-3] [INFO] [1770697038.350360941] [imu_filter]: Parameter RLController.pid_kp_lin set to 1.270484
[imu_filter_madgwick_node-3] [INFO] [1770697038.350594674] [imu_filter]: Parameter RLController.pid_ki_lin set to 0.000000
[imu_filter_madgwick_node-3] [INFO] [1770697038.350686260] [imu_filter]: Parameter RLController.pid_kd_lin set to 0.020000
[imu_filter_madgwick_node-3] [INFO] [1770697038.350752150] [imu_filter]: Parameter RLController.pid_kp_ang set to 1.231563
[imu_filter_madgwick_node-3] [INFO] [1770697038.350810903] [imu_filter]: Parameter RLController.pid_ki_ang set to 0.000000
[imu_filter_madgwick_node-3] [INFO] [1770697038.350869496] [imu_filter]: Parameter RLController.pid_kd_ang set to 0.113437
[imu_filter_madgwick_node-3] [INFO] [1770697038.773753907] [imu_filter]: Parameter RLController.pid_kp_lin set to 1.270484
[imu_filter_madgwick_node-3] [INFO] [1770697038.773968568] [imu_filter]: Parameter RLController.pid_ki_lin set to 0.000000
[imu_filter_madgwick_node-3] [INFO] [1770697038.774036602] [imu_filter]: Parameter RLController.pid_kd_lin set to 0.020000
[imu_filter_madgwick_node-3] [INFO] [1770697038.774099836] [imu_filter]: Parameter RLController.pid_kp_ang set to 1.231563
[imu_filter_madgwick_node-3] [INFO] [1770697038.774158685] [imu_filter]: Parameter RLController.pid_ki_ang set to 0.000000
[imu_filter_madgwick_node-3] [INFO] [1770697038.774216862] [imu_filter]: Parameter RLController.pid_kd_ang set to 0.113515
[imu_filter_madgwick_node-3] [INFO] [1770697039.190840071] [imu_filter]: Parameter RLController.pid_kp_lin set to 1.270484
[imu_filter_madgwick_node-3] [INFO] [1770697039.191064557] [imu_filter]: Parameter RLController.pid_ki_lin set to 0.000000
[imu_filter_madgwick_node-3] [INFO] [1770697039.191148751] [imu_filter]: Parameter RLController.pid_kd_lin set to 0.020000
[imu_filter_madgwick_node-3] [INFO] [1770697039.191212912] [imu_filter]: Parameter RLController.pid_kp_ang set to 1.231563
[imu_filter_madgwick_node-3] [INFO] [1770697039.191277650] [imu_filter]: Parameter RLController.pid_ki_ang set to 0.000000
[imu_filter_madgwick_node-3] [INFO] [1770697039.191335795] [imu_filter]: Parameter RLController.pid_kd_ang set to 0.113594
[imu_filter_madgwick_node-3] [INFO] [1770697039.609373437] [imu_filter]: Parameter RLController.pid_kp_lin set to 1.270484
[imu_filter_madgwick_node-3] [INFO] [1770697039.609586594] [imu_filter]: Parameter RLController.pid_ki_lin set to 0.000000
[imu_filter_madgwick_node-3] [INFO] [1770697039.609660612] [imu_filter]: Parameter RLController.pid_kd_lin set to 0.020000
[imu_filter_madgwick_node-3] [INFO] [1770697039.609727365] [imu_filter]: Parameter RLController.pid_kp_ang set to 1.231563
[imu_filter_madgwick_node-3] [INFO] [1770697039.609785927] [imu_filter]: Parameter RLController.pid_ki_ang set to 0.000000
[imu_filter_madgwick_node-3] [INFO] [1770697039.609844168] [imu_filter]: Parameter RLController.pid_kd_ang set to 0.113672
[imu_filter_madgwick_node-3] [INFO] [1770697040.028011317] [imu_filter]: Parameter RLController.pid_kp_lin set to 1.270484
[imu_filter_madgwick_node-3] [INFO] [1770697040.028588227] [imu_filter]: Parameter RLController.pid_ki_lin set to 0.000000
[imu_filter_madgwick_node-3] [INFO] [1770697040.028728678] [imu_filter]: Parameter RLController.pid_kd_lin set to 0.020000
[imu_filter_madgwick_node-3] [INFO] [1770697040.028805640] [imu_filter]: Parameter RLController.pid_kp_ang set to 1.231563
[imu_filter_madgwick_node-3] [INFO] [1770697040.028868617] [imu_filter]: Parameter RLController.pid_ki_ang set to 0.000000
[imu_filter_madgwick_node-3] [INFO] [1770697040.028928619] [imu_filter]: Parameter RLController.pid_kd_ang set to 0.113750
[imu_filter_madgwick_node-3] [INFO] [1770697040.452292817] [imu_filter]: Parameter RLController.pid_kp_lin set to 1.270484
[imu_filter_madgwick_node-3] [INFO] [1770697040.452510550] [imu_filter]: Parameter RLController.pid_ki_lin set to 0.000000
[imu_filter_madgwick_node-3] [INFO] [1770697040.452580856] [imu_filter]: Parameter RLController.pid_kd_lin set to 0.020000
[imu_filter_madgwick_node-3] [INFO] [1770697040.453606319] [imu_filter]: Parameter RLController.pid_kp_ang set to 1.231563
[imu_filter_madgwick_node-3] [INFO] [1770697040.453760883] [imu_filter]: Parameter RLController.pid_ki_ang set to 0.000000
[imu_filter_madgwick_node-3] [INFO] [1770697040.453831253] [imu_filter]: Parameter RLController.pid_kd_ang set to 0.113829
[imu_filter_madgwick_node-3] [INFO] [1770697040.862018585] [imu_filter]: Parameter RLController.pid_kp_lin set to 1.270484
[imu_filter_madgwick_node-3] [INFO] [1770697040.862206686] [imu_filter]: Parameter RLController.pid_ki_lin set to 0.000000
[imu_filter_madgwick_node-3] [INFO] [1770697040.862275007] [imu_filter]: Parameter RLController.pid_kd_lin set to 0.020000
[imu_filter_madgwick_node-3] [INFO] [1770697040.862335009] [imu_filter]: Parameter RLController.pid_kp_ang set to 1.231563
[imu_filter_madgwick_node-3] [INFO] [1770697040.862390210] [imu_filter]: Parameter RLController.pid_ki_ang set to 0.000000
[imu_filter_madgwick_node-3] [INFO] [1770697040.862446243] [imu_filter]: Parameter RLController.pid_kd_ang set to 0.113907
[imu_filter_madgwick_node-3] [INFO] [1770697041.281910863] [imu_filter]: Parameter RLController.pid_kp_lin set to 1.270484
[imu_filter_madgwick_node-3] [INFO] [1770697041.282262039] [imu_filter]: Parameter RLController.pid_ki_lin set to 0.000000
[imu_filter_madgwick_node-3] [INFO] [1770697041.282347737] [imu_filter]: Parameter RLController.pid_kd_lin set to 0.020000
[imu_filter_madgwick_node-3] [INFO] [1770697041.282417563] [imu_filter]: Parameter RLController.pid_kp_ang set to 1.231563
[imu_filter_madgwick_node-3] [INFO] [1770697041.290020044] [imu_filter]: Parameter RLController.pid_ki_ang set to 0.000000
[imu_filter_madgwick_node-3] [INFO] [1770697041.290337811] [imu_filter]: Parameter RLController.pid_kd_ang set to 0.113986
[imu_filter_madgwick_node-3] [INFO] [1770697041.699850039] [imu_filter]: Parameter RLController.pid_kp_lin set to 1.270484
[imu_filter_madgwick_node-3] [INFO] [1770697041.700054875] [imu_filter]: Parameter RLController.pid_ki_lin set to 0.000000
[imu_filter_madgwick_node-3] [INFO] [1770697041.700136605] [imu_filter]: Parameter RLController.pid_kd_lin set to 0.020000
[imu_filter_madgwick_node-3] [INFO] [1770697041.700256864] [imu_filter]: Parameter RLController.pid_kp_ang set to 1.231563
[imu_filter_madgwick_node-3] [INFO] [1770697041.700325858] [imu_filter]: Parameter RLController.pid_ki_ang set to 0.000000
[imu_filter_madgwick_node-3] [INFO] [1770697041.700382915] [imu_filter]: Parameter RLController.pid_kd_ang set to 0.114064
[imu_filter_madgwick_node-3] [INFO] [1770697042.120834117] [imu_filter]: Parameter RLController.pid_kp_lin set to 1.270484
[imu_filter_madgwick_node-3] [INFO] [1770697042.121062283] [imu_filter]: Parameter RLController.pid_ki_lin set to 0.000000
[imu_filter_madgwick_node-3] [INFO] [1770697042.121221582] [imu_filter]: Parameter RLController.pid_kd_lin set to 0.020000
[imu_filter_madgwick_node-3] [INFO] [1770697042.121439091] [imu_filter]: Parameter RLController.pid_kp_ang set to 1.231563
[imu_filter_madgwick_node-3] [INFO] [1770697042.121505013] [imu_filter]: Parameter RLController.pid_ki_ang set to 0.000000
[imu_filter_madgwick_node-3] [INFO] [1770697042.121565750] [imu_filter]: Parameter RLController.pid_kd_ang set to 0.114142
[imu_filter_madgwick_node-3] [INFO] [1770697042.535923947] [imu_filter]: Parameter RLController.pid_kp_lin set to 1.270484
[imu_filter_madgwick_node-3] [INFO] [1770697042.538164287] [imu_filter]: Parameter RLController.pid_ki_lin set to 0.000000
[imu_filter_madgwick_node-3] [INFO] [1770697042.538470886] [imu_filter]: Parameter RLController.pid_kd_lin set to 0.020000
[imu_filter_madgwick_node-3] [INFO] [1770697042.538605705] [imu_filter]: Parameter RLController.pid_kp_ang set to 1.231563
[imu_filter_madgwick_node-3] [INFO] [1770697042.538674379] [imu_filter]: Parameter RLController.pid_ki_ang set to 0.000000
[imu_filter_madgwick_node-3] [INFO] [1770697042.538732780] [imu_filter]: Parameter RLController.pid_kd_ang set to 0.114221
[imu_filter_madgwick_node-3] [INFO] [1770697042.963795706] [imu_filter]: Parameter RLController.pid_kp_lin set to 1.270484
[imu_filter_madgwick_node-3] [INFO] [1770697042.964001855] [imu_filter]: Parameter RLController.pid_ki_lin set to 0.000000
[imu_filter_madgwick_node-3] [INFO] [1770697042.964216676] [imu_filter]: Parameter RLController.pid_kd_lin set to 0.020000
[imu_filter_madgwick_node-3] [INFO] [1770697042.964287045] [imu_filter]: Parameter RLController.pid_kp_ang set to 1.231563
[imu_filter_madgwick_node-3] [INFO] [1770697042.964348391] [imu_filter]: Parameter RLController.pid_ki_ang set to 0.000000
[imu_filter_madgwick_node-3] [INFO] [1770697042.964404840] [imu_filter]: Parameter RLController.pid_kd_ang set to 0.114299
[imu_filter_madgwick_node-3] [INFO] [1770697043.376475527] [imu_filter]: Parameter RLController.pid_kp_lin set to 1.270484
[imu_filter_madgwick_node-3] [INFO] [1770697043.376702029] [imu_filter]: Parameter RLController.pid_ki_lin set to 0.000000
[imu_filter_madgwick_node-3] [INFO] [1770697043.376782671] [imu_filter]: Parameter RLController.pid_kd_lin set to 0.020000
[imu_filter_madgwick_node-3] [INFO] [1770697043.376845200] [imu_filter]: Parameter RLController.pid_kp_ang set to 1.231563
[imu_filter_madgwick_node-3] [INFO] [1770697043.376906321] [imu_filter]: Parameter RLController.pid_ki_ang set to 0.000000
[imu_filter_madgwick_node-3] [INFO] [1770697043.376966771] [imu_filter]: Parameter RLController.pid_kd_ang set to 0.114377
[imu_filter_madgwick_node-3] [INFO] [1770697043.799645673] [imu_filter]: Parameter RLController.pid_kp_lin set to 1.270484
[imu_filter_madgwick_node-3] [INFO] [1770697043.799864686] [imu_filter]: Parameter RLController.pid_ki_lin set to 0.000000
[imu_filter_madgwick_node-3] [INFO] [1770697043.799949680] [imu_filter]: Parameter RLController.pid_kd_lin set to 0.020000
[imu_filter_madgwick_node-3] [INFO] [1770697043.802349320] [imu_filter]: Parameter RLController.pid_kp_ang set to 1.231563
[imu_filter_madgwick_node-3] [INFO] [1770697043.802530156] [imu_filter]: Parameter RLController.pid_ki_ang set to 0.000000
[imu_filter_madgwick_node-3] [INFO] [1770697043.802601838] [imu_filter]: Parameter RLController.pid_kd_ang set to 0.114456
[imu_filter_madgwick_node-3] [INFO] [1770697044.212534107] [imu_filter]: Parameter RLController.pid_kp_lin set to 1.270484
[imu_filter_madgwick_node-3] [INFO] [1770697044.212960677] [imu_filter]: Parameter RLController.pid_ki_lin set to 0.000000
[imu_filter_madgwick_node-3] [INFO] [1770697044.213067400] [imu_filter]: Parameter RLController.pid_kd_lin set to 0.020000
[imu_filter_madgwick_node-3] [INFO] [1770697044.213133865] [imu_filter]: Parameter RLController.pid_kp_ang set to 1.231563
[imu_filter_madgwick_node-3] [INFO] [1770697044.213190827] [imu_filter]: Parameter RLController.pid_ki_ang set to 0.000000
[imu_filter_madgwick_node-3] [INFO] [1770697044.213249516] [imu_filter]: Parameter RLController.pid_kd_ang set to 0.114534
[imu_filter_madgwick_node-3] [INFO] [1770697044.619006648] [imu_filter]: Parameter RLController.pid_kp_lin set to 1.270484
[imu_filter_madgwick_node-3] [INFO] [1770697044.619214461] [imu_filter]: Parameter RLController.pid_ki_lin set to 0.000000
[imu_filter_madgwick_node-3] [INFO] [1770697044.619286494] [imu_filter]: Parameter RLController.pid_kd_lin set to 0.020000
[imu_filter_madgwick_node-3] [INFO] [1770697044.619348000] [imu_filter]: Parameter RLController.pid_kp_ang set to 1.231563
[imu_filter_madgwick_node-3] [INFO] [1770697044.619408993] [imu_filter]: Parameter RLController.pid_ki_ang set to 0.000000
[imu_filter_madgwick_node-3] [INFO] [1770697044.621609429] [imu_filter]: Parameter RLController.pid_kd_ang set to 0.114612
[imu_filter_madgwick_node-3] [INFO] [1770697045.037183045] [imu_filter]: Parameter RLController.pid_kp_lin set to 1.270484
[imu_filter_madgwick_node-3] [INFO] [1770697045.037402890] [imu_filter]: Parameter RLController.pid_ki_lin set to 0.000000
[imu_filter_madgwick_node-3] [INFO] [1770697045.037479468] [imu_filter]: Parameter RLController.pid_kd_lin set to 0.020000
[imu_filter_madgwick_node-3] [INFO] [1770697045.037551022] [imu_filter]: Parameter RLController.pid_kp_ang set to 1.231563
[imu_filter_madgwick_node-3] [INFO] [1770697045.037611151] [imu_filter]: Parameter RLController.pid_ki_ang set to 0.000000
[imu_filter_madgwick_node-3] [INFO] [1770697045.037840341] [imu_filter]: Parameter RLController.pid_kd_ang set to 0.114691
[imu_filter_madgwick_node-3] [INFO] [1770697045.452988283] [imu_filter]: Parameter RLController.pid_kp_lin set to 1.270484
[imu_filter_madgwick_node-3] [INFO] [1770697045.453171136] [imu_filter]: Parameter RLController.pid_ki_lin set to 0.000000
[imu_filter_madgwick_node-3] [INFO] [1770697045.453236737] [imu_filter]: Parameter RLController.pid_kd_lin set to 0.020000
[imu_filter_madgwick_node-3] [INFO] [1770697045.453297763] [imu_filter]: Parameter RLController.pid_kp_ang set to 1.231563
[imu_filter_madgwick_node-3] [INFO] [1770697045.453354532] [imu_filter]: Parameter RLController.pid_ki_ang set to 0.000000
[imu_filter_madgwick_node-3] [INFO] [1770697045.453409669] [imu_filter]: Parameter RLController.pid_kd_ang set to 0.114769
[imu_filter_madgwick_node-3] [INFO] [1770697045.880931564] [imu_filter]: Parameter RLController.pid_kp_lin set to 1.270484
[imu_filter_madgwick_node-3] [INFO] [1770697045.881131409] [imu_filter]: Parameter RLController.pid_ki_lin set to 0.000000
[imu_filter_madgwick_node-3] [INFO] [1770697045.881198803] [imu_filter]: Parameter RLController.pid_kd_lin set to 0.020000
[imu_filter_madgwick_node-3] [INFO] [1770697045.881375095] [imu_filter]: Parameter RLController.pid_kp_ang set to 1.231563
[imu_filter_madgwick_node-3] [INFO] [1770697045.881438456] [imu_filter]: Parameter RLController.pid_ki_ang set to 0.000000
[imu_filter_madgwick_node-3] [INFO] [1770697045.881496826] [imu_filter]: Parameter RLController.pid_kd_ang set to 0.114847
[imu_filter_madgwick_node-3] [INFO] [1770697046.307276600] [imu_filter]: Parameter RLController.pid_kp_lin set to 1.270484
[imu_filter_madgwick_node-3] [INFO] [1770697046.307520702] [imu_filter]: Parameter RLController.pid_ki_lin set to 0.000000
[imu_filter_madgwick_node-3] [INFO] [1770697046.307611232] [imu_filter]: Parameter RLController.pid_kd_lin set to 0.020000
[imu_filter_madgwick_node-3] [INFO] [1770697046.307683586] [imu_filter]: Parameter RLController.pid_kp_ang set to 1.231563
[imu_filter_madgwick_node-3] [INFO] [1770697046.307746371] [imu_filter]: Parameter RLController.pid_ki_ang set to 0.000000
[imu_filter_madgwick_node-3] [INFO] [1770697046.307806692] [imu_filter]: Parameter RLController.pid_kd_ang set to 0.114926
[imu_filter_madgwick_node-3] [INFO] [1770697046.736150815] [imu_filter]: Parameter RLController.pid_kp_lin set to 1.270484
[imu_filter_madgwick_node-3] [INFO] [1770697046.736396740] [imu_filter]: Parameter RLController.pid_ki_lin set to 0.000000
[imu_filter_madgwick_node-3] [INFO] [1770697046.736477574] [imu_filter]: Parameter RLController.pid_kd_lin set to 0.020000
[imu_filter_madgwick_node-3] [INFO] [1770697046.741408793] [imu_filter]: Parameter RLController.pid_kp_ang set to 1.231563
[imu_filter_madgwick_node-3] [INFO] [1770697046.745253843] [imu_filter]: Parameter RLController.pid_ki_ang set to 0.000000
[imu_filter_madgwick_node-3] [INFO] [1770697046.748156662] [imu_filter]: Parameter RLController.pid_kd_ang set to 0.115004
[imu_filter_madgwick_node-3] [INFO] [1770697047.163483553] [imu_filter]: Parameter RLController.pid_kp_lin set to 1.270484
[imu_filter_madgwick_node-3] [INFO] [1770697047.163717319] [imu_filter]: Parameter RLController.pid_ki_lin set to 0.000000
[imu_filter_madgwick_node-3] [INFO] [1770697047.163799913] [imu_filter]: Parameter RLController.pid_kd_lin set to 0.020000
[imu_filter_madgwick_node-3] [INFO] [1770697047.163868810] [imu_filter]: Parameter RLController.pid_kp_ang set to 1.231563
[imu_filter_madgwick_node-3] [INFO] [1770697047.163929804] [imu_filter]: Parameter RLController.pid_ki_ang set to 0.000000
[imu_filter_madgwick_node-3] [INFO] [1770697047.163988653] [imu_filter]: Parameter RLController.pid_kd_ang set to 0.115082
[imu_filter_madgwick_node-3] [INFO] [1770697047.588245320] [imu_filter]: Parameter RLController.pid_kp_lin set to 1.270484
[imu_filter_madgwick_node-3] [INFO] [1770697047.588446765] [imu_filter]: Parameter RLController.pid_ki_lin set to 0.000000
[imu_filter_madgwick_node-3] [INFO] [1770697047.592594861] [imu_filter]: Parameter RLController.pid_kd_lin set to 0.020000
[imu_filter_madgwick_node-3] [INFO] [1770697047.592912693] [imu_filter]: Parameter RLController.pid_kp_ang set to 1.231563
[imu_filter_madgwick_node-3] [INFO] [1770697047.594177522] [imu_filter]: Parameter RLController.pid_ki_ang set to 0.000000
[imu_filter_madgwick_node-3] [INFO] [1770697047.594317141] [imu_filter]: Parameter RLController.pid_kd_ang set to 0.115161
[imu_filter_madgwick_node-3] [INFO] [1770697048.001508931] [imu_filter]: Parameter RLController.pid_kp_lin set to 1.270484
[imu_filter_madgwick_node-3] [INFO] [1770697048.001726792] [imu_filter]: Parameter RLController.pid_ki_lin set to 0.000000
[imu_filter_madgwick_node-3] [INFO] [1770697048.001800490] [imu_filter]: Parameter RLController.pid_kd_lin set to 0.020000
[imu_filter_madgwick_node-3] [INFO] [1770697048.001864971] [imu_filter]: Parameter RLController.pid_kp_ang set to 1.231563
[imu_filter_madgwick_node-3] [INFO] [1770697048.001927373] [imu_filter]: Parameter RLController.pid_ki_ang set to 0.000000
[imu_filter_madgwick_node-3] [INFO] [1770697048.001990798] [imu_filter]: Parameter RLController.pid_kd_ang set to 0.115239
[imu_filter_madgwick_node-3] [INFO] [1770697048.433736792] [imu_filter]: Parameter RLController.pid_kp_lin set to 1.270484
[imu_filter_madgwick_node-3] [INFO] [1770697048.433934684] [imu_filter]: Parameter RLController.pid_ki_lin set to 0.000000
[imu_filter_madgwick_node-3] [INFO] [1770697048.434029086] [imu_filter]: Parameter RLController.pid_kd_lin set to 0.020000
[imu_filter_madgwick_node-3] [INFO] [1770697048.434099520] [imu_filter]: Parameter RLController.pid_kp_ang set to 1.231563
[imu_filter_madgwick_node-3] [INFO] [1770697048.434155297] [imu_filter]: Parameter RLController.pid_ki_ang set to 0.000000
[imu_filter_madgwick_node-3] [INFO] [1770697048.434210051] [imu_filter]: Parameter RLController.pid_kd_ang set to 0.115317
[imu_filter_madgwick_node-3] [INFO] [1770697048.847393532] [imu_filter]: Parameter RLController.pid_kp_lin set to 1.270484
[imu_filter_madgwick_node-3] [INFO] [1770697048.850550373] [imu_filter]: Parameter RLController.pid_ki_lin set to 0.000000
[imu_filter_madgwick_node-3] [INFO] [1770697048.852973886] [imu_filter]: Parameter RLController.pid_kd_lin set to 0.020000
[imu_filter_madgwick_node-3] [INFO] [1770697048.853245636] [imu_filter]: Parameter RLController.pid_kp_ang set to 1.231563
[imu_filter_madgwick_node-3] [INFO] [1770697048.853321350] [imu_filter]: Parameter RLController.pid_ki_ang set to 0.000000
[imu_filter_madgwick_node-3] [INFO] [1770697048.853491658] [imu_filter]: Parameter RLController.pid_kd_ang set to 0.115396
[imu_filter_madgwick_node-3] [INFO] [1770697049.259511836] [imu_filter]: Parameter RLController.pid_kp_lin set to 1.270484
[imu_filter_madgwick_node-3] [INFO] [1770697049.259857412] [imu_filter]: Parameter RLController.pid_ki_lin set to 0.000000
[imu_filter_madgwick_node-3] [INFO] [1770697049.259967591] [imu_filter]: Parameter RLController.pid_kd_lin set to 0.020000
[imu_filter_madgwick_node-3] [INFO] [1770697049.260043816] [imu_filter]: Parameter RLController.pid_kp_ang set to 1.231563
[imu_filter_madgwick_node-3] [INFO] [1770697049.260101290] [imu_filter]: Parameter RLController.pid_ki_ang set to 0.000000
[imu_filter_madgwick_node-3] [INFO] [1770697049.260157195] [imu_filter]: Parameter RLController.pid_kd_ang set to 0.115474
[imu_filter_madgwick_node-3] [INFO] [1770697049.680594957] [imu_filter]: Parameter RLController.pid_kp_lin set to 1.270484
[imu_filter_madgwick_node-3] [INFO] [1770697049.680785362] [imu_filter]: Parameter RLController.pid_ki_lin set to 0.000000
[imu_filter_madgwick_node-3] [INFO] [1770697049.680857523] [imu_filter]: Parameter RLController.pid_kd_lin set to 0.020000
[imu_filter_madgwick_node-3] [INFO] [1770697049.682845762] [imu_filter]: Parameter RLController.pid_kp_ang set to 1.231563
[imu_filter_madgwick_node-3] [INFO] [1770697049.683023494] [imu_filter]: Parameter RLController.pid_ki_ang set to 0.000000
[imu_filter_madgwick_node-3] [INFO] [1770697049.683091623] [imu_filter]: Parameter RLController.pid_kd_ang set to 0.115552
[imu_filter_madgwick_node-3] [INFO] [1770697050.094829119] [imu_filter]: Parameter RLController.pid_kp_lin set to 1.270484
[imu_filter_madgwick_node-3] [INFO] [1770697050.095079780] [imu_filter]: Parameter RLController.pid_ki_lin set to 0.000000
[imu_filter_madgwick_node-3] [INFO] [1770697050.095163366] [imu_filter]: Parameter RLController.pid_kd_lin set to 0.020000
[imu_filter_madgwick_node-3] [INFO] [1770697050.095229512] [imu_filter]: Parameter RLController.pid_kp_ang set to 1.231563
[imu_filter_madgwick_node-3] [INFO] [1770697050.095288777] [imu_filter]: Parameter RLController.pid_ki_ang set to 0.000000
[imu_filter_madgwick_node-3] [INFO] [1770697050.095347723] [imu_filter]: Parameter RLController.pid_kd_ang set to 0.115631
[imu_filter_madgwick_node-3] [INFO] [1770697050.525096390] [imu_filter]: Parameter RLController.pid_kp_lin set to 1.270484
[imu_filter_madgwick_node-3] [INFO] [1770697050.525419597] [imu_filter]: Parameter RLController.pid_ki_lin set to 0.000000
[imu_filter_madgwick_node-3] [INFO] [1770697050.525542192] [imu_filter]: Parameter RLController.pid_kd_lin set to 0.020000
[imu_filter_madgwick_node-3] [INFO] [1770697050.525610098] [imu_filter]: Parameter RLController.pid_kp_ang set to 1.231563
[imu_filter_madgwick_node-3] [INFO] [1770697050.525664851] [imu_filter]: Parameter RLController.pid_ki_ang set to 0.000000
[imu_filter_madgwick_node-3] [INFO] [1770697050.525718356] [imu_filter]: Parameter RLController.pid_kd_ang set to 0.115709
[imu_filter_madgwick_node-3] [INFO] [1770697050.931718054] [imu_filter]: Parameter RLController.pid_kp_lin set to 1.270484
[imu_filter_madgwick_node-3] [INFO] [1770697050.936832797] [imu_filter]: Parameter RLController.pid_ki_lin set to 0.000000
[imu_filter_madgwick_node-3] [INFO] [1770697050.937023553] [imu_filter]: Parameter RLController.pid_kd_lin set to 0.020000
[imu_filter_madgwick_node-3] [INFO] [1770697050.937092515] [imu_filter]: Parameter RLController.pid_kp_ang set to 1.231563
[imu_filter_madgwick_node-3] [INFO] [1770697050.938787723] [imu_filter]: Parameter RLController.pid_ki_ang set to 0.000000
[imu_filter_madgwick_node-3] [INFO] [1770697050.938972207] [imu_filter]: Parameter RLController.pid_kd_ang set to 0.115787
[imu_filter_madgwick_node-3] [INFO] [1770697051.366405012] [imu_filter]: Parameter RLController.pid_kp_lin set to 1.270484
[imu_filter_madgwick_node-3] [INFO] [1770697051.366643993] [imu_filter]: Parameter RLController.pid_ki_lin set to 0.000000
[imu_filter_madgwick_node-3] [INFO] [1770697051.366739292] [imu_filter]: Parameter RLController.pid_kd_lin set to 0.020000
[imu_filter_madgwick_node-3] [INFO] [1770697051.366804413] [imu_filter]: Parameter RLController.pid_kp_ang set to 1.231563
[imu_filter_madgwick_node-3] [INFO] [1770697051.366861118] [imu_filter]: Parameter RLController.pid_ki_ang set to 0.000000
[imu_filter_madgwick_node-3] [INFO] [1770697051.366917888] [imu_filter]: Parameter RLController.pid_kd_ang set to 0.115866
[imu_filter_madgwick_node-3] [INFO] [1770697051.788765955] [imu_filter]: Parameter RLController.pid_kp_lin set to 1.270484
[imu_filter_madgwick_node-3] [INFO] [1770697051.790873492] [imu_filter]: Parameter RLController.pid_ki_lin set to 0.000000
[imu_filter_madgwick_node-3] [INFO] [1770697051.794399046] [imu_filter]: Parameter RLController.pid_kd_lin set to 0.020000
[imu_filter_madgwick_node-3] [INFO] [1770697051.798798060] [imu_filter]: Parameter RLController.pid_kp_ang set to 1.231563
[imu_filter_madgwick_node-3] [INFO] [1770697051.800801979] [imu_filter]: Parameter RLController.pid_ki_ang set to 0.000000
[imu_filter_madgwick_node-3] [INFO] [1770697051.803032527] [imu_filter]: Parameter RLController.pid_kd_ang set to 0.115944
[imu_filter_madgwick_node-3] [INFO] [1770697052.196440251] [imu_filter]: Parameter RLController.pid_kp_lin set to 1.270484
[imu_filter_madgwick_node-3] [INFO] [1770697052.196655616] [imu_filter]: Parameter RLController.pid_ki_lin set to 0.000000
[imu_filter_madgwick_node-3] [INFO] [1770697052.196728194] [imu_filter]: Parameter RLController.pid_kd_lin set to 0.020000
[imu_filter_madgwick_node-3] [INFO] [1770697052.196790564] [imu_filter]: Parameter RLController.pid_kp_ang set to 1.231563
[imu_filter_madgwick_node-3] [INFO] [1770697052.196845765] [imu_filter]: Parameter RLController.pid_ki_ang set to 0.000000
[imu_filter_madgwick_node-3] [INFO] [1770697052.196896454] [imu_filter]: Parameter RLController.pid_kd_ang set to 0.116022
[imu_filter_madgwick_node-3] [INFO] [1770697052.622511521] [imu_filter]: Parameter RLController.pid_kp_lin set to 1.270484
[imu_filter_madgwick_node-3] [INFO] [1770697052.622707973] [imu_filter]: Parameter RLController.pid_ki_lin set to 0.000000
[imu_filter_madgwick_node-3] [INFO] [1770697052.622773671] [imu_filter]: Parameter RLController.pid_kd_lin set to 0.020000
[imu_filter_madgwick_node-3] [INFO] [1770697052.627944223] [imu_filter]: Parameter RLController.pid_kp_ang set to 1.231563
[imu_filter_madgwick_node-3] [INFO] [1770697052.628318472] [imu_filter]: Parameter RLController.pid_ki_ang set to 0.000000
[imu_filter_madgwick_node-3] [INFO] [1770697052.628421930] [imu_filter]: Parameter RLController.pid_kd_ang set to 0.116101
[imu_filter_madgwick_node-3] [INFO] [1770697053.043920569] [imu_filter]: Parameter RLController.pid_kp_lin set to 1.270484
[imu_filter_madgwick_node-3] [INFO] [1770697053.044137950] [imu_filter]: Parameter RLController.pid_ki_lin set to 0.000000
[imu_filter_madgwick_node-3] [INFO] [1770697053.044248257] [imu_filter]: Parameter RLController.pid_kd_lin set to 0.020000
[imu_filter_madgwick_node-3] [INFO] [1770697053.044323171] [imu_filter]: Parameter RLController.pid_kp_ang set to 1.231563
[imu_filter_madgwick_node-3] [INFO] [1770697053.046725627] [imu_filter]: Parameter RLController.pid_ki_ang set to 0.000000
[imu_filter_madgwick_node-3] [INFO] [1770697053.048352385] [imu_filter]: Parameter RLController.pid_kd_ang set to 0.116179
[imu_filter_madgwick_node-3] [INFO] [1770697053.484406894] [imu_filter]: Parameter RLController.pid_kp_lin set to 1.270484
[imu_filter_madgwick_node-3] [INFO] [1770697053.485477575] [imu_filter]: Parameter RLController.pid_ki_lin set to 0.000000
[imu_filter_madgwick_node-3] [INFO] [1770697053.485622411] [imu_filter]: Parameter RLController.pid_kd_lin set to 0.020000
[imu_filter_madgwick_node-3] [INFO] [1770697053.485693772] [imu_filter]: Parameter RLController.pid_kp_ang set to 1.231563
[imu_filter_madgwick_node-3] [INFO] [1770697053.485753614] [imu_filter]: Parameter RLController.pid_ki_ang set to 0.000000
[imu_filter_madgwick_node-3] [INFO] [1770697053.485812271] [imu_filter]: Parameter RLController.pid_kd_ang set to 0.116257
[imu_filter_madgwick_node-3] [INFO] [1770697053.914082696] [imu_filter]: Parameter RLController.pid_kp_lin set to 1.270484
[imu_filter_madgwick_node-3] [INFO] [1770697053.914287372] [imu_filter]: Parameter RLController.pid_ki_lin set to 0.000000
[imu_filter_madgwick_node-3] [INFO] [1770697053.914360590] [imu_filter]: Parameter RLController.pid_kd_lin set to 0.020000
[imu_filter_madgwick_node-3] [INFO] [1770697053.914424848] [imu_filter]: Parameter RLController.pid_kp_ang set to 1.231563
[imu_filter_madgwick_node-3] [INFO] [1770697053.914484561] [imu_filter]: Parameter RLController.pid_ki_ang set to 0.000000
[imu_filter_madgwick_node-3] [INFO] [1770697053.918048388] [imu_filter]: Parameter RLController.pid_kd_ang set to 0.116336
[imu_filter_madgwick_node-3] [INFO] [1770697054.325954018] [imu_filter]: Parameter RLController.pid_kp_lin set to 1.270484
[imu_filter_madgwick_node-3] [INFO] [1770697054.326415085] [imu_filter]: Parameter RLController.pid_ki_lin set to 0.000000
[imu_filter_madgwick_node-3] [INFO] [1770697054.326515791] [imu_filter]: Parameter RLController.pid_kd_lin set to 0.020000
[imu_filter_madgwick_node-3] [INFO] [1770697054.326585521] [imu_filter]: Parameter RLController.pid_kp_ang set to 1.231563
[imu_filter_madgwick_node-3] [INFO] [1770697054.331474403] [imu_filter]: Parameter RLController.pid_ki_ang set to 0.000000
[imu_filter_madgwick_node-3] [INFO] [1770697054.331688008] [imu_filter]: Parameter RLController.pid_kd_ang set to 0.116414
[imu_filter_madgwick_node-3] [INFO] [1770697054.755498552] [imu_filter]: Parameter RLController.pid_kp_lin set to 1.270484
[imu_filter_madgwick_node-3] [INFO] [1770697054.757306242] [imu_filter]: Parameter RLController.pid_ki_lin set to 0.000000
[imu_filter_madgwick_node-3] [INFO] [1770697054.757481895] [imu_filter]: Parameter RLController.pid_kd_lin set to 0.020000
[imu_filter_madgwick_node-3] [INFO] [1770697054.757554344] [imu_filter]: Parameter RLController.pid_kp_ang set to 1.231563
[imu_filter_madgwick_node-3] [INFO] [1770697054.757610250] [imu_filter]: Parameter RLController.pid_ki_ang set to 0.000000
[imu_filter_madgwick_node-3] [INFO] [1770697054.757667435] [imu_filter]: Parameter RLController.pid_kd_ang set to 0.116492
[imu_filter_madgwick_node-3] [INFO] [1770697055.176520200] [imu_filter]: Parameter RLController.pid_kp_lin set to 1.270484
[imu_filter_madgwick_node-3] [INFO] [1770697055.176743693] [imu_filter]: Parameter RLController.pid_ki_lin set to 0.000000
[imu_filter_madgwick_node-3] [INFO] [1770697055.176932946] [imu_filter]: Parameter RLController.pid_kd_lin set to 0.020000
[imu_filter_madgwick_node-3] [INFO] [1770697055.177006099] [imu_filter]: Parameter RLController.pid_kp_ang set to 1.231563
[imu_filter_madgwick_node-3] [INFO] [1770697055.177066933] [imu_filter]: Parameter RLController.pid_ki_ang set to 0.000000
[imu_filter_madgwick_node-3] [INFO] [1770697055.177126998] [imu_filter]: Parameter RLController.pid_kd_ang set to 0.116571
[imu_filter_madgwick_node-3] [INFO] [1770697055.588019834] [imu_filter]: Parameter RLController.pid_kp_lin set to 1.270484
[imu_filter_madgwick_node-3] [INFO] [1770697055.588261055] [imu_filter]: Parameter RLController.pid_ki_lin set to 0.000000
[imu_filter_madgwick_node-3] [INFO] [1770697055.588340257] [imu_filter]: Parameter RLController.pid_kd_lin set to 0.020000
[imu_filter_madgwick_node-3] [INFO] [1770697055.588404259] [imu_filter]: Parameter RLController.pid_kp_ang set to 1.231563
[imu_filter_madgwick_node-3] [INFO] [1770697055.588460292] [imu_filter]: Parameter RLController.pid_ki_ang set to 0.000000
[imu_filter_madgwick_node-3] [INFO] [1770697055.588517637] [imu_filter]: Parameter RLController.pid_kd_ang set to 0.116649
[imu_filter_madgwick_node-3] [INFO] [1770697055.999043329] [imu_filter]: Parameter RLController.pid_kp_lin set to 1.270484
[imu_filter_madgwick_node-3] [INFO] [1770697055.999494955] [imu_filter]: Parameter RLController.pid_ki_lin set to 0.000000
[imu_filter_madgwick_node-3] [INFO] [1770697055.999616398] [imu_filter]: Parameter RLController.pid_kd_lin set to 0.020000
[imu_filter_madgwick_node-3] [INFO] [1770697055.999690448] [imu_filter]: Parameter RLController.pid_kp_ang set to 1.231563
[imu_filter_madgwick_node-3] [INFO] [1770697055.999762257] [imu_filter]: Parameter RLController.pid_ki_ang set to 0.000000
[imu_filter_madgwick_node-3] [INFO] [1770697055.999818259] [imu_filter]: Parameter RLController.pid_kd_ang set to 0.116727
[imu_filter_madgwick_node-3] [INFO] [1770697056.425342731] [imu_filter]: Parameter RLController.pid_kp_lin set to 1.270484
[imu_filter_madgwick_node-3] [INFO] [1770697056.425576017] [imu_filter]: Parameter RLController.pid_ki_lin set to 0.000000
[imu_filter_madgwick_node-3] [INFO] [1770697056.425651826] [imu_filter]: Parameter RLController.pid_kd_lin set to 0.020000
[imu_filter_madgwick_node-3] [INFO] [1770697056.425717972] [imu_filter]: Parameter RLController.pid_kp_ang set to 1.231563
[imu_filter_madgwick_node-3] [INFO] [1770697056.425774389] [imu_filter]: Parameter RLController.pid_ki_ang set to 0.000000
[imu_filter_madgwick_node-3] [INFO] [1770697056.425833239] [imu_filter]: Parameter RLController.pid_kd_ang set to 0.116806
[imu_filter_madgwick_node-3] [INFO] [1770697056.850828643] [imu_filter]: Parameter RLController.pid_kp_lin set to 1.270484
[imu_filter_madgwick_node-3] [INFO] [1770697056.851023367] [imu_filter]: Parameter RLController.pid_ki_lin set to 0.000000
[imu_filter_madgwick_node-3] [INFO] [1770697056.851114665] [imu_filter]: Parameter RLController.pid_kd_lin set to 0.020000
[imu_filter_madgwick_node-3] [INFO] [1770697056.851218540] [imu_filter]: Parameter RLController.pid_kp_ang set to 1.231563
[imu_filter_madgwick_node-3] [INFO] [1770697056.851285645] [imu_filter]: Parameter RLController.pid_ki_ang set to 0.000000
[imu_filter_madgwick_node-3] [INFO] [1770697056.851344495] [imu_filter]: Parameter RLController.pid_kd_ang set to 0.116884
[imu_filter_madgwick_node-3] [INFO] [1770697057.262560154] [imu_filter]: Parameter RLController.pid_kp_lin set to 1.270484
[imu_filter_madgwick_node-3] [INFO] [1770697057.266134253] [imu_filter]: Parameter RLController.pid_ki_lin set to 0.000000
[imu_filter_madgwick_node-3] [INFO] [1770697057.266713659] [imu_filter]: Parameter RLController.pid_kd_lin set to 0.020000
[imu_filter_madgwick_node-3] [INFO] [1770697057.266981473] [imu_filter]: Parameter RLController.pid_kp_ang set to 1.231563
[imu_filter_madgwick_node-3] [INFO] [1770697057.267063171] [imu_filter]: Parameter RLController.pid_ki_ang set to 0.000000
[imu_filter_madgwick_node-3] [INFO] [1770697057.267123108] [imu_filter]: Parameter RLController.pid_kd_ang set to 0.116963
[imu_filter_madgwick_node-3] [INFO] [1770697057.696689979] [imu_filter]: Parameter RLController.pid_kp_lin set to 1.270484
[imu_filter_madgwick_node-3] [INFO] [1770697057.697067556] [imu_filter]: Parameter RLController.pid_ki_lin set to 0.000000
[imu_filter_madgwick_node-3] [INFO] [1770697057.697159974] [imu_filter]: Parameter RLController.pid_kd_lin set to 0.020000
[imu_filter_madgwick_node-3] [INFO] [1770697057.697229992] [imu_filter]: Parameter RLController.pid_kp_ang set to 1.231563
[imu_filter_madgwick_node-3] [INFO] [1770697057.697292137] [imu_filter]: Parameter RLController.pid_ki_ang set to 0.000000
[imu_filter_madgwick_node-3] [INFO] [1770697057.697351658] [imu_filter]: Parameter RLController.pid_kd_ang set to 0.117041
[imu_filter_madgwick_node-3] [INFO] [1770697058.112004390] [imu_filter]: Parameter RLController.pid_kp_lin set to 1.270484
[imu_filter_madgwick_node-3] [INFO] [1770697058.112367630] [imu_filter]: Parameter RLController.pid_ki_lin set to 0.000000
[imu_filter_madgwick_node-3] [INFO] [1770697058.112453360] [imu_filter]: Parameter RLController.pid_kd_lin set to 0.020000
[imu_filter_madgwick_node-3] [INFO] [1770697058.112730135] [imu_filter]: Parameter RLController.pid_kp_ang set to 1.231563
[imu_filter_madgwick_node-3] [INFO] [1770697058.112801688] [imu_filter]: Parameter RLController.pid_ki_ang set to 0.000000
[imu_filter_madgwick_node-3] [INFO] [1770697058.112862266] [imu_filter]: Parameter RLController.pid_kd_ang set to 0.117119
[imu_filter_madgwick_node-3] [INFO] [1770697058.519092817] [imu_filter]: Parameter RLController.pid_kp_lin set to 1.270484
[imu_filter_madgwick_node-3] [INFO] [1770697058.519317718] [imu_filter]: Parameter RLController.pid_ki_lin set to 0.000000
[imu_filter_madgwick_node-3] [INFO] [1770697058.519399384] [imu_filter]: Parameter RLController.pid_kd_lin set to 0.020000
[imu_filter_madgwick_node-3] [INFO] [1770697058.519461145] [imu_filter]: Parameter RLController.pid_kp_ang set to 1.231563
[imu_filter_madgwick_node-3] [INFO] [1770697058.519518939] [imu_filter]: Parameter RLController.pid_ki_ang set to 0.000000
[imu_filter_madgwick_node-3] [INFO] [1770697058.519574300] [imu_filter]: Parameter RLController.pid_kd_ang set to 0.117198
[imu_filter_madgwick_node-3] [INFO] [1770697058.930506625] [imu_filter]: Parameter RLController.pid_kp_lin set to 1.270484
[imu_filter_madgwick_node-3] [INFO] [1770697058.930856745] [imu_filter]: Parameter RLController.pid_ki_lin set to 0.000000
[imu_filter_madgwick_node-3] [INFO] [1770697058.930942987] [imu_filter]: Parameter RLController.pid_kd_lin set to 0.020000
[imu_filter_madgwick_node-3] [INFO] [1770697058.931003596] [imu_filter]: Parameter RLController.pid_kp_ang set to 1.231563
[imu_filter_madgwick_node-3] [INFO] [1770697058.931058958] [imu_filter]: Parameter RLController.pid_ki_ang set to 0.000000
[imu_filter_madgwick_node-3] [INFO] [1770697058.931114671] [imu_filter]: Parameter RLController.pid_kd_ang set to 0.117276
[imu_filter_madgwick_node-3] [INFO] [1770697059.349206074] [imu_filter]: Parameter RLController.pid_kp_lin set to 1.270484
[imu_filter_madgwick_node-3] [INFO] [1770697059.349938635] [imu_filter]: Parameter RLController.pid_ki_lin set to 0.000000
[imu_filter_madgwick_node-3] [INFO] [1770697059.350057486] [imu_filter]: Parameter RLController.pid_kd_lin set to 0.020000
[imu_filter_madgwick_node-3] [INFO] [1770697059.350128400] [imu_filter]: Parameter RLController.pid_kp_ang set to 1.231563
[imu_filter_madgwick_node-3] [INFO] [1770697059.350186417] [imu_filter]: Parameter RLController.pid_ki_ang set to 0.000000
[imu_filter_madgwick_node-3] [INFO] [1770697059.350253811] [imu_filter]: Parameter RLController.pid_kd_ang set to 0.117354
[imu_filter_madgwick_node-3] [INFO] [1770697059.772687107] [imu_filter]: Parameter RLController.pid_kp_lin set to 1.270484
[imu_filter_madgwick_node-3] [INFO] [1770697059.773038955] [imu_filter]: Parameter RLController.pid_ki_lin set to 0.000000
[imu_filter_madgwick_node-3] [INFO] [1770697059.773205327] [imu_filter]: Parameter RLController.pid_kd_lin set to 0.020000
[imu_filter_madgwick_node-3] [INFO] [1770697059.773283345] [imu_filter]: Parameter RLController.pid_kp_ang set to 1.231563
[imu_filter_madgwick_node-3] [INFO] [1770697059.773347379] [imu_filter]: Parameter RLController.pid_ki_ang set to 0.000000
[imu_filter_madgwick_node-3] [INFO] [1770697059.773408916] [imu_filter]: Parameter RLController.pid_kd_ang set to 0.117433
[imu_filter_madgwick_node-3] [INFO] [1770697060.196583222] [imu_filter]: Parameter RLController.pid_kp_lin set to 1.270484
[imu_filter_madgwick_node-3] [INFO] [1770697060.196805563] [imu_filter]: Parameter RLController.pid_ki_lin set to 0.000000
[imu_filter_madgwick_node-3] [INFO] [1770697060.196884317] [imu_filter]: Parameter RLController.pid_kd_lin set to 0.020000
[imu_filter_madgwick_node-3] [INFO] [1770697060.196950366] [imu_filter]: Parameter RLController.pid_kp_ang set to 1.231563
[imu_filter_madgwick_node-3] [INFO] [1770697060.197009056] [imu_filter]: Parameter RLController.pid_ki_ang set to 0.000000
[imu_filter_madgwick_node-3] [INFO] [1770697060.197065313] [imu_filter]: Parameter RLController.pid_kd_ang set to 0.117511
[imu_filter_madgwick_node-3] [INFO] [1770697060.614543998] [imu_filter]: Parameter RLController.pid_kp_lin set to 1.270484
[imu_filter_madgwick_node-3] [INFO] [1770697060.614872070] [imu_filter]: Parameter RLController.pid_ki_lin set to 0.000000
[imu_filter_madgwick_node-3] [INFO] [1770697060.614954312] [imu_filter]: Parameter RLController.pid_kd_lin set to 0.020000
[imu_filter_madgwick_node-3] [INFO] [1770697060.615015369] [imu_filter]: Parameter RLController.pid_kp_ang set to 1.231563
[imu_filter_madgwick_node-3] [INFO] [1770697060.615072778] [imu_filter]: Parameter RLController.pid_ki_ang set to 0.000000
[imu_filter_madgwick_node-3] [INFO] [1770697060.615130188] [imu_filter]: Parameter RLController.pid_kd_ang set to 0.117589
[imu_filter_madgwick_node-3] [INFO] [1770697061.040133176] [imu_filter]: Parameter RLController.pid_kp_lin set to 1.270484
[imu_filter_madgwick_node-3] [INFO] [1770697061.040352413] [imu_filter]: Parameter RLController.pid_ki_lin set to 0.000000
[imu_filter_madgwick_node-3] [INFO] [1770697061.040426015] [imu_filter]: Parameter RLController.pid_kd_lin set to 0.020000
[imu_filter_madgwick_node-3] [INFO] [1770697061.040493345] [imu_filter]: Parameter RLController.pid_kp_ang set to 1.231563
[imu_filter_madgwick_node-3] [INFO] [1770697061.040553346] [imu_filter]: Parameter RLController.pid_ki_ang set to 0.000000
[imu_filter_madgwick_node-3] [INFO] [1770697061.040714438] [imu_filter]: Parameter RLController.pid_kd_ang set to 0.117668
[imu_filter_madgwick_node-3] [INFO] [1770697061.443951255] [imu_filter]: Parameter RLController.pid_kp_lin set to 1.270484
[imu_filter_madgwick_node-3] [INFO] [1770697061.444264606] [imu_filter]: Parameter RLController.pid_ki_lin set to 0.000000
[imu_filter_madgwick_node-3] [INFO] [1770697061.444349408] [imu_filter]: Parameter RLController.pid_kd_lin set to 0.020000
[imu_filter_madgwick_node-3] [INFO] [1770697061.444416514] [imu_filter]: Parameter RLController.pid_kp_ang set to 1.231563
[imu_filter_madgwick_node-3] [INFO] [1770697061.445404985] [imu_filter]: Parameter RLController.pid_ki_ang set to 0.000000
[imu_filter_madgwick_node-3] [INFO] [1770697061.445550940] [imu_filter]: Parameter RLController.pid_kd_ang set to 0.117746
[imu_filter_madgwick_node-3] [INFO] [1770697061.859055389] [imu_filter]: Parameter RLController.pid_kp_lin set to 1.270484
[imu_filter_madgwick_node-3] [INFO] [1770697061.860724996] [imu_filter]: Parameter RLController.pid_ki_lin set to 0.000000
[imu_filter_madgwick_node-3] [INFO] [1770697061.860892712] [imu_filter]: Parameter RLController.pid_kd_lin set to 0.020000
[imu_filter_madgwick_node-3] [INFO] [1770697061.861993793] [imu_filter]: Parameter RLController.pid_kp_ang set to 1.231563
[imu_filter_madgwick_node-3] [INFO] [1770697061.862128164] [imu_filter]: Parameter RLController.pid_ki_ang set to 0.000000
[imu_filter_madgwick_node-3] [INFO] [1770697061.862193542] [imu_filter]: Parameter RLController.pid_kd_ang set to 0.117824
[imu_filter_madgwick_node-3] [INFO] [1770697062.263685999] [imu_filter]: Parameter RLController.pid_kp_lin set to 1.270484
[imu_filter_madgwick_node-3] [INFO] [1770697062.264531810] [imu_filter]: Parameter RLController.pid_ki_lin set to 0.000000
[imu_filter_madgwick_node-3] [INFO] [1770697062.264656549] [imu_filter]: Parameter RLController.pid_kd_lin set to 0.020000
[imu_filter_madgwick_node-3] [INFO] [1770697062.264726087] [imu_filter]: Parameter RLController.pid_kp_ang set to 1.231563
[imu_filter_madgwick_node-3] [INFO] [1770697062.264789192] [imu_filter]: Parameter RLController.pid_ki_ang set to 0.000000
[imu_filter_madgwick_node-3] [INFO] [1770697062.264846250] [imu_filter]: Parameter RLController.pid_kd_ang set to 0.117903
[imu_filter_madgwick_node-3] [INFO] [1770697062.688374580] [imu_filter]: Parameter RLController.pid_kp_lin set to 1.270484
[imu_filter_madgwick_node-3] [INFO] [1770697062.688582585] [imu_filter]: Parameter RLController.pid_ki_lin set to 0.000000
[imu_filter_madgwick_node-3] [INFO] [1770697062.688652794] [imu_filter]: Parameter RLController.pid_kd_lin set to 0.020000
[imu_filter_madgwick_node-3] [INFO] [1770697062.688719484] [imu_filter]: Parameter RLController.pid_kp_ang set to 1.231563
[imu_filter_madgwick_node-3] [INFO] [1770697062.688778429] [imu_filter]: Parameter RLController.pid_ki_ang set to 0.000000
[imu_filter_madgwick_node-3] [INFO] [1770697062.688835487] [imu_filter]: Parameter RLController.pid_kd_ang set to 0.117981
[imu_filter_madgwick_node-3] [INFO] [1770697063.095754886] [imu_filter]: Parameter RLController.pid_kp_lin set to 1.270484
[imu_filter_madgwick_node-3] [INFO] [1770697063.096296306] [imu_filter]: Parameter RLController.pid_ki_lin set to 0.000000
[imu_filter_madgwick_node-3] [INFO] [1770697063.096405877] [imu_filter]: Parameter RLController.pid_kd_lin set to 0.020000
[imu_filter_madgwick_node-3] [INFO] [1770697063.096475062] [imu_filter]: Parameter RLController.pid_kp_ang set to 1.231563
[imu_filter_madgwick_node-3] [INFO] [1770697063.096533816] [imu_filter]: Parameter RLController.pid_ki_ang set to 0.000000
[imu_filter_madgwick_node-3] [INFO] [1770697063.096594361] [imu_filter]: Parameter RLController.pid_kd_ang set to 0.118059
[imu_filter_madgwick_node-3] [INFO] [1770697063.519068395] [imu_filter]: Parameter RLController.pid_kp_lin set to 1.270484
[imu_filter_madgwick_node-3] [INFO] [1770697063.519372210] [imu_filter]: Parameter RLController.pid_ki_lin set to 0.000000
[imu_filter_madgwick_node-3] [INFO] [1770697063.519449844] [imu_filter]: Parameter RLController.pid_kd_lin set to 0.020000
[imu_filter_madgwick_node-3] [INFO] [1770697063.519514005] [imu_filter]: Parameter RLController.pid_kp_ang set to 1.231563
[imu_filter_madgwick_node-3] [INFO] [1770697063.519572022] [imu_filter]: Parameter RLController.pid_ki_ang set to 0.000000
[imu_filter_madgwick_node-3] [INFO] [1770697063.519629816] [imu_filter]: Parameter RLController.pid_kd_ang set to 0.118138
[imu_filter_madgwick_node-3] [INFO] [1770697063.927294736] [imu_filter]: Parameter RLController.pid_kp_lin set to 1.270484
[imu_filter_madgwick_node-3] [INFO] [1770697063.927491253] [imu_filter]: Parameter RLController.pid_ki_lin set to 0.000000
[imu_filter_madgwick_node-3] [INFO] [1770697063.928927670] [imu_filter]: Parameter RLController.pid_kd_lin set to 0.020000
[imu_filter_madgwick_node-3] [INFO] [1770697063.929099578] [imu_filter]: Parameter RLController.pid_kp_ang set to 1.231563
[imu_filter_madgwick_node-3] [INFO] [1770697063.937531167] [imu_filter]: Parameter RLController.pid_ki_ang set to 0.000000
[imu_filter_madgwick_node-3] [INFO] [1770697063.937850182] [imu_filter]: Parameter RLController.pid_kd_ang set to 0.118216
[imu_filter_madgwick_node-3] [INFO] [1770697064.349101522] [imu_filter]: Parameter RLController.pid_kp_lin set to 1.270484
[imu_filter_madgwick_node-3] [INFO] [1770697064.349486299] [imu_filter]: Parameter RLController.pid_ki_lin set to 0.000000
[imu_filter_madgwick_node-3] [INFO] [1770697064.349639295] [imu_filter]: Parameter RLController.pid_kd_lin set to 0.020000
[imu_filter_madgwick_node-3] [INFO] [1770697064.349762082] [imu_filter]: Parameter RLController.pid_kp_ang set to 1.231563
[imu_filter_madgwick_node-3] [INFO] [1770697064.349835011] [imu_filter]: Parameter RLController.pid_ki_ang set to 0.000000
[imu_filter_madgwick_node-3] [INFO] [1770697064.349901157] [imu_filter]: Parameter RLController.pid_kd_ang set to 0.118294
[imu_filter_madgwick_node-3] [INFO] [1770697064.781698896] [imu_filter]: Parameter RLController.pid_kp_lin set to 1.270484
[imu_filter_madgwick_node-3] [INFO] [1770697064.781944821] [imu_filter]: Parameter RLController.pid_ki_lin set to 0.000000
[imu_filter_madgwick_node-3] [INFO] [1770697064.782022231] [imu_filter]: Parameter RLController.pid_kd_lin set to 0.020000
[imu_filter_madgwick_node-3] [INFO] [1770697064.782085209] [imu_filter]: Parameter RLController.pid_kp_ang set to 1.231563
[imu_filter_madgwick_node-3] [INFO] [1770697064.782142906] [imu_filter]: Parameter RLController.pid_ki_ang set to 0.000000
[imu_filter_madgwick_node-3] [INFO] [1770697064.782198363] [imu_filter]: Parameter RLController.pid_kd_ang set to 0.118373
[imu_filter_madgwick_node-3] [INFO] [1770697065.189529132] [imu_filter]: Parameter RLController.pid_kp_lin set to 1.270484
[imu_filter_madgwick_node-3] [INFO] [1770697065.189799538] [imu_filter]: Parameter RLController.pid_ki_lin set to 0.000000
[imu_filter_madgwick_node-3] [INFO] [1770697065.192034534] [imu_filter]: Parameter RLController.pid_kd_lin set to 0.020000
[imu_filter_madgwick_node-3] [INFO] [1770697065.192254219] [imu_filter]: Parameter RLController.pid_kp_ang set to 1.231563
[imu_filter_madgwick_node-3] [INFO] [1770697065.192331149] [imu_filter]: Parameter RLController.pid_ki_ang set to 0.000000
[imu_filter_madgwick_node-3] [INFO] [1770697065.192394031] [imu_filter]: Parameter RLController.pid_kd_ang set to 0.118451
[imu_filter_madgwick_node-3] [INFO] [1770697065.606838917] [imu_filter]: Parameter RLController.pid_kp_lin set to 1.270484
[imu_filter_madgwick_node-3] [INFO] [1770697065.607059306] [imu_filter]: Parameter RLController.pid_ki_lin set to 0.000000
[imu_filter_madgwick_node-3] [INFO] [1770697065.607145036] [imu_filter]: Parameter RLController.pid_kd_lin set to 0.020000
[imu_filter_madgwick_node-3] [INFO] [1770697065.607214990] [imu_filter]: Parameter RLController.pid_kp_ang set to 1.231563
[imu_filter_madgwick_node-3] [INFO] [1770697065.607273487] [imu_filter]: Parameter RLController.pid_ki_ang set to 0.000000
[imu_filter_madgwick_node-3] [INFO] [1770697065.607330321] [imu_filter]: Parameter RLController.pid_kd_ang set to 0.118529
[imu_filter_madgwick_node-3] [INFO] [1770697066.042451945] [imu_filter]: Parameter RLController.pid_kp_lin set to 1.270484
[imu_filter_madgwick_node-3] [INFO] [1770697066.042679310] [imu_filter]: Parameter RLController.pid_ki_lin set to 0.000000
[imu_filter_madgwick_node-3] [INFO] [1770697066.044798335] [imu_filter]: Parameter RLController.pid_kd_lin set to 0.020000
[imu_filter_madgwick_node-3] [INFO] [1770697066.044991748] [imu_filter]: Parameter RLController.pid_kp_ang set to 1.231563
[imu_filter_madgwick_node-3] [INFO] [1770697066.045067430] [imu_filter]: Parameter RLController.pid_ki_ang set to 0.000000
[imu_filter_madgwick_node-3] [INFO] [1770697066.045144455] [imu_filter]: Parameter RLController.pid_kd_ang set to 0.118608
[imu_filter_madgwick_node-3] [INFO] [1770697066.461966677] [imu_filter]: Parameter RLController.pid_kp_lin set to 1.270484
[imu_filter_madgwick_node-3] [INFO] [1770697066.462197627] [imu_filter]: Parameter RLController.pid_ki_lin set to 0.000000
[imu_filter_madgwick_node-3] [INFO] [1770697066.462332094] [imu_filter]: Parameter RLController.pid_kd_lin set to 0.020000
[imu_filter_madgwick_node-3] [INFO] [1770697066.462561315] [imu_filter]: Parameter RLController.pid_kp_ang set to 1.231563
[imu_filter_madgwick_node-3] [INFO] [1770697066.462631077] [imu_filter]: Parameter RLController.pid_ki_ang set to 0.000000
[imu_filter_madgwick_node-3] [INFO] [1770697066.462690182] [imu_filter]: Parameter RLController.pid_kd_ang set to 0.118686
[imu_filter_madgwick_node-3] [INFO] [1770697066.873416294] [imu_filter]: Parameter RLController.pid_kp_lin set to 1.270484
[imu_filter_madgwick_node-3] [INFO] [1770697066.873617419] [imu_filter]: Parameter RLController.pid_ki_lin set to 0.000000
[imu_filter_madgwick_node-3] [INFO] [1770697066.873690668] [imu_filter]: Parameter RLController.pid_kd_lin set to 0.020000
[imu_filter_madgwick_node-3] [INFO] [1770697066.873751054] [imu_filter]: Parameter RLController.pid_kp_ang set to 1.231563
[imu_filter_madgwick_node-3] [INFO] [1770697066.873809359] [imu_filter]: Parameter RLController.pid_ki_ang set to 0.000000
[imu_filter_madgwick_node-3] [INFO] [1770697066.873866224] [imu_filter]: Parameter RLController.pid_kd_ang set to 0.118764
[imu_filter_madgwick_node-3] [INFO] [1770697067.313009350] [imu_filter]: Parameter RLController.pid_kp_lin set to 1.270484
[imu_filter_madgwick_node-3] [INFO] [1770697067.313229099] [imu_filter]: Parameter RLController.pid_ki_lin set to 0.000000
[imu_filter_madgwick_node-3] [INFO] [1770697067.313437104] [imu_filter]: Parameter RLController.pid_kd_lin set to 0.020000
[imu_filter_madgwick_node-3] [INFO] [1770697067.313517970] [imu_filter]: Parameter RLController.pid_kp_ang set to 1.231563
[imu_filter_madgwick_node-3] [INFO] [1770697067.313581203] [imu_filter]: Parameter RLController.pid_ki_ang set to 0.000000
[imu_filter_madgwick_node-3] [INFO] [1770697067.313639957] [imu_filter]: Parameter RLController.pid_kd_ang set to 0.118843
[imu_filter_madgwick_node-3] [INFO] [1770697067.736530448] [imu_filter]: Parameter RLController.pid_kp_lin set to 1.270484
[imu_filter_madgwick_node-3] [INFO] [1770697067.736890424] [imu_filter]: Parameter RLController.pid_ki_lin set to 0.000000
[imu_filter_madgwick_node-3] [INFO] [1770697067.736976890] [imu_filter]: Parameter RLController.pid_kd_lin set to 0.020000
[imu_filter_madgwick_node-3] [INFO] [1770697067.737042652] [imu_filter]: Parameter RLController.pid_kp_ang set to 1.231563
[imu_filter_madgwick_node-3] [INFO] [1770697067.737100893] [imu_filter]: Parameter RLController.pid_ki_ang set to 0.000000
[imu_filter_madgwick_node-3] [INFO] [1770697067.737157695] [imu_filter]: Parameter RLController.pid_kd_ang set to 0.118921
[imu_filter_madgwick_node-3] [INFO] [1770697068.141946612] [imu_filter]: Parameter RLController.pid_kp_lin set to 1.270484
[imu_filter_madgwick_node-3] [INFO] [1770697068.142164313] [imu_filter]: Parameter RLController.pid_ki_lin set to 0.000000
[imu_filter_madgwick_node-3] [INFO] [1770697068.142235099] [imu_filter]: Parameter RLController.pid_kd_lin set to 0.020000
[imu_filter_madgwick_node-3] [INFO] [1770697068.142299036] [imu_filter]: Parameter RLController.pid_kp_ang set to 1.231563
[imu_filter_madgwick_node-3] [INFO] [1770697068.142359006] [imu_filter]: Parameter RLController.pid_ki_ang set to 0.000000
[imu_filter_madgwick_node-3] [INFO] [1770697068.142481633] [imu_filter]: Parameter RLController.pid_kd_ang set to 0.119000
[imu_filter_madgwick_node-3] [INFO] [1770697068.563193929] [imu_filter]: Parameter RLController.pid_kp_lin set to 1.270484
[imu_filter_madgwick_node-3] [INFO] [1770697068.566063852] [imu_filter]: Parameter RLController.pid_ki_lin set to 0.000000
[imu_filter_madgwick_node-3] [INFO] [1770697068.566257616] [imu_filter]: Parameter RLController.pid_kd_lin set to 0.020000
[imu_filter_madgwick_node-3] [INFO] [1770697068.566329234] [imu_filter]: Parameter RLController.pid_kp_ang set to 1.231563
[imu_filter_madgwick_node-3] [INFO] [1770697068.566386899] [imu_filter]: Parameter RLController.pid_ki_ang set to 0.000000
[imu_filter_madgwick_node-3] [INFO] [1770697068.566445397] [imu_filter]: Parameter RLController.pid_kd_ang set to 0.119078
[imu_filter_madgwick_node-3] [INFO] [1770697068.974842014] [imu_filter]: Parameter RLController.pid_kp_lin set to 1.270484
[imu_filter_madgwick_node-3] [INFO] [1770697068.975255624] [imu_filter]: Parameter RLController.pid_ki_lin set to 0.000000
[imu_filter_madgwick_node-3] [INFO] [1770697068.975350922] [imu_filter]: Parameter RLController.pid_kd_lin set to 0.020000
[imu_filter_madgwick_node-3] [INFO] [1770697068.975893559] [imu_filter]: Parameter RLController.pid_kp_ang set to 1.231563
[imu_filter_madgwick_node-3] [INFO] [1770697068.976072731] [imu_filter]: Parameter RLController.pid_ki_ang set to 0.000000
[imu_filter_madgwick_node-3] [INFO] [1770697068.976142077] [imu_filter]: Parameter RLController.pid_kd_ang set to 0.119156
[imu_filter_madgwick_node-3] [INFO] [1770697069.394631825] [imu_filter]: Parameter RLController.pid_kp_lin set to 1.270484
[imu_filter_madgwick_node-3] [INFO] [1770697069.396394874] [imu_filter]: Parameter RLController.pid_ki_lin set to 0.000000
[imu_filter_madgwick_node-3] [INFO] [1770697069.396560222] [imu_filter]: Parameter RLController.pid_kd_lin set to 0.020000
[imu_filter_madgwick_node-3] [INFO] [1770697069.396633472] [imu_filter]: Parameter RLController.pid_kp_ang set to 1.231563
[imu_filter_madgwick_node-3] [INFO] [1770697069.396693921] [imu_filter]: Parameter RLController.pid_ki_ang set to 0.000000
[imu_filter_madgwick_node-3] [INFO] [1770697069.396753443] [imu_filter]: Parameter RLController.pid_kd_ang set to 0.119235
[imu_filter_madgwick_node-3] [INFO] [1770697069.811704773] [imu_filter]: Parameter RLController.pid_kp_lin set to 1.270484
[imu_filter_madgwick_node-3] [INFO] [1770697069.811896809] [imu_filter]: Parameter RLController.pid_ki_lin set to 0.000000
[imu_filter_madgwick_node-3] [INFO] [1770697069.812070509] [imu_filter]: Parameter RLController.pid_kd_lin set to 0.020000
[imu_filter_madgwick_node-3] [INFO] [1770697069.812147279] [imu_filter]: Parameter RLController.pid_kp_ang set to 1.231563
[imu_filter_madgwick_node-3] [INFO] [1770697069.812239953] [imu_filter]: Parameter RLController.pid_ki_ang set to 0.000000
[imu_filter_madgwick_node-3] [INFO] [1770697069.812304275] [imu_filter]: Parameter RLController.pid_kd_ang set to 0.119313
[imu_filter_madgwick_node-3] [INFO] [1770697070.237530244] [imu_filter]: Parameter RLController.pid_kp_lin set to 1.270484
[imu_filter_madgwick_node-3] [INFO] [1770697070.241513217] [imu_filter]: Parameter RLController.pid_ki_lin set to 0.000000
[imu_filter_madgwick_node-3] [INFO] [1770697070.241704422] [imu_filter]: Parameter RLController.pid_kd_lin set to 0.020000
[imu_filter_madgwick_node-3] [INFO] [1770697070.243486063] [imu_filter]: Parameter RLController.pid_kp_ang set to 1.231563
[imu_filter_madgwick_node-3] [INFO] [1770697070.243733877] [imu_filter]: Parameter RLController.pid_ki_ang set to 0.000000
[imu_filter_madgwick_node-3] [INFO] [1770697070.243815415] [imu_filter]: Parameter RLController.pid_kd_ang set to 0.119391
[imu_filter_madgwick_node-3] [INFO] [1770697070.657885061] [imu_filter]: Parameter RLController.pid_kp_lin set to 1.270484
[imu_filter_madgwick_node-3] [INFO] [1770697070.658093161] [imu_filter]: Parameter RLController.pid_ki_lin set to 0.000000
[imu_filter_madgwick_node-3] [INFO] [1770697070.658302766] [imu_filter]: Parameter RLController.pid_kd_lin set to 0.020000
[imu_filter_madgwick_node-3] [INFO] [1770697070.658376944] [imu_filter]: Parameter RLController.pid_kp_ang set to 1.231563
[imu_filter_madgwick_node-3] [INFO] [1770697070.658438673] [imu_filter]: Parameter RLController.pid_ki_ang set to 0.000000
[imu_filter_madgwick_node-3] [INFO] [1770697070.658498131] [imu_filter]: Parameter RLController.pid_kd_ang set to 0.119470
[imu_filter_madgwick_node-3] [INFO] [1770697071.067012767] [imu_filter]: Parameter RLController.pid_kp_lin set to 1.270484
[imu_filter_madgwick_node-3] [INFO] [1770697071.067199748] [imu_filter]: Parameter RLController.pid_ki_lin set to 0.000000
[imu_filter_madgwick_node-3] [INFO] [1770697071.067267941] [imu_filter]: Parameter RLController.pid_kd_lin set to 0.020000
[imu_filter_madgwick_node-3] [INFO] [1770697071.067330983] [imu_filter]: Parameter RLController.pid_kp_ang set to 1.231563
[imu_filter_madgwick_node-3] [INFO] [1770697071.067384296] [imu_filter]: Parameter RLController.pid_ki_ang set to 0.000000
[imu_filter_madgwick_node-3] [INFO] [1770697071.068711047] [imu_filter]: Parameter RLController.pid_kd_ang set to 0.119548
[imu_filter_madgwick_node-3] [INFO] [1770697071.483084604] [imu_filter]: Parameter RLController.pid_kp_lin set to 1.270484
[imu_filter_madgwick_node-3] [INFO] [1770697071.483300033] [imu_filter]: Parameter RLController.pid_ki_lin set to 0.000000
[imu_filter_madgwick_node-3] [INFO] [1770697071.483385283] [imu_filter]: Parameter RLController.pid_kd_lin set to 0.020000
[imu_filter_madgwick_node-3] [INFO] [1770697071.483443204] [imu_filter]: Parameter RLController.pid_kp_ang set to 1.231563
[imu_filter_madgwick_node-3] [INFO] [1770697071.483793644] [imu_filter]: Parameter RLController.pid_ki_ang set to 0.000000
[imu_filter_madgwick_node-3] [INFO] [1770697071.483964432] [imu_filter]: Parameter RLController.pid_kd_ang set to 0.119626
[imu_filter_madgwick_node-3] [INFO] [1770697071.919891451] [imu_filter]: Parameter RLController.pid_kp_lin set to 1.270484
[imu_filter_madgwick_node-3] [INFO] [1770697071.920111680] [imu_filter]: Parameter RLController.pid_ki_lin set to 0.000000
[imu_filter_madgwick_node-3] [INFO] [1770697071.920235715] [imu_filter]: Parameter RLController.pid_kd_lin set to 0.020000
[imu_filter_madgwick_node-3] [INFO] [1770697071.920310149] [imu_filter]: Parameter RLController.pid_kp_ang set to 1.231563
[imu_filter_madgwick_node-3] [INFO] [1770697071.920371814] [imu_filter]: Parameter RLController.pid_ki_ang set to 0.000000
[imu_filter_madgwick_node-3] [INFO] [1770697071.920436104] [imu_filter]: Parameter RLController.pid_kd_ang set to 0.119705
[imu_filter_madgwick_node-3] [INFO] [1770697072.339874962] [imu_filter]: Parameter RLController.pid_kp_lin set to 1.270484
[imu_filter_madgwick_node-3] [INFO] [1770697072.340233179] [imu_filter]: Parameter RLController.pid_ki_lin set to 0.000000
[imu_filter_madgwick_node-3] [INFO] [1770697072.340360414] [imu_filter]: Parameter RLController.pid_kd_lin set to 0.020000
[imu_filter_madgwick_node-3] [INFO] [1770697072.340437695] [imu_filter]: Parameter RLController.pid_kp_ang set to 1.231563
[imu_filter_madgwick_node-3] [INFO] [1770697072.340496545] [imu_filter]: Parameter RLController.pid_ki_ang set to 0.000000
[imu_filter_madgwick_node-3] [INFO] [1770697072.340554018] [imu_filter]: Parameter RLController.pid_kd_ang set to 0.119783
[imu_filter_madgwick_node-3] [INFO] [1770697072.767849636] [imu_filter]: Parameter RLController.pid_kp_lin set to 1.270484
[imu_filter_madgwick_node-3] [INFO] [1770697072.768162699] [imu_filter]: Parameter RLController.pid_ki_lin set to 0.000000
[imu_filter_madgwick_node-3] [INFO] [1770697072.768258669] [imu_filter]: Parameter RLController.pid_kd_lin set to 0.020000
[imu_filter_madgwick_node-3] [INFO] [1770697072.768323983] [imu_filter]: Parameter RLController.pid_kp_ang set to 1.231563
[imu_filter_madgwick_node-3] [INFO] [1770697072.768382160] [imu_filter]: Parameter RLController.pid_ki_ang set to 0.000000
[imu_filter_madgwick_node-3] [INFO] [1770697072.768437714] [imu_filter]: Parameter RLController.pid_kd_ang set to 0.119861
[imu_filter_madgwick_node-3] [INFO] [1770697073.177103681] [imu_filter]: Parameter RLController.pid_kp_lin set to 1.270484
[imu_filter_madgwick_node-3] [INFO] [1770697073.177326151] [imu_filter]: Parameter RLController.pid_ki_lin set to 0.000000
[imu_filter_madgwick_node-3] [INFO] [1770697073.177398824] [imu_filter]: Parameter RLController.pid_kd_lin set to 0.020000
[imu_filter_madgwick_node-3] [INFO] [1770697073.177464714] [imu_filter]: Parameter RLController.pid_kp_ang set to 1.231563
[imu_filter_madgwick_node-3] [INFO] [1770697073.177521355] [imu_filter]: Parameter RLController.pid_ki_ang set to 0.000000
[imu_filter_madgwick_node-3] [INFO] [1770697073.177713968] [imu_filter]: Parameter RLController.pid_kd_ang set to 0.119940
[imu_filter_madgwick_node-3] [INFO] [1770697073.606570134] [imu_filter]: Parameter RLController.pid_kp_lin set to 1.270484
[imu_filter_madgwick_node-3] [INFO] [1770697073.606777307] [imu_filter]: Parameter RLController.pid_ki_lin set to 0.000000
[imu_filter_madgwick_node-3] [INFO] [1770697073.606854716] [imu_filter]: Parameter RLController.pid_kd_lin set to 0.020000
[imu_filter_madgwick_node-3] [INFO] [1770697073.606914078] [imu_filter]: Parameter RLController.pid_kp_ang set to 1.231563
[imu_filter_madgwick_node-3] [INFO] [1770697073.607481131] [imu_filter]: Parameter RLController.pid_ki_ang set to 0.000000
[imu_filter_madgwick_node-3] [INFO] [1770697073.607595790] [imu_filter]: Parameter RLController.pid_kd_ang set to 0.120018
[imu_filter_madgwick_node-3] [INFO] [1770697074.038350784] [imu_filter]: Parameter RLController.pid_kp_lin set to 1.270484
[imu_filter_madgwick_node-3] [INFO] [1770697074.038562277] [imu_filter]: Parameter RLController.pid_ki_lin set to 0.000000
[imu_filter_madgwick_node-3] [INFO] [1770697074.043559289] [imu_filter]: Parameter RLController.pid_kd_lin set to 0.020000
[imu_filter_madgwick_node-3] [INFO] [1770697074.045296258] [imu_filter]: Parameter RLController.pid_kp_ang set to 1.231563
[imu_filter_madgwick_node-3] [INFO] [1770697074.048462284] [imu_filter]: Parameter RLController.pid_ki_ang set to 0.000000
[imu_filter_madgwick_node-3] [INFO] [1770697074.048636464] [imu_filter]: Parameter RLController.pid_kd_ang set to 0.120096
[imu_filter_madgwick_node-3] [INFO] [1770697074.450536546] [imu_filter]: Parameter RLController.pid_kp_lin set to 1.270484
[imu_filter_madgwick_node-3] [INFO] [1770697074.450730310] [imu_filter]: Parameter RLController.pid_ki_lin set to 0.000000
[imu_filter_madgwick_node-3] [INFO] [1770697074.451226194] [imu_filter]: Parameter RLController.pid_kd_lin set to 0.020000
[imu_filter_madgwick_node-3] [INFO] [1770697074.451340661] [imu_filter]: Parameter RLController.pid_kp_ang set to 1.231563
[imu_filter_madgwick_node-3] [INFO] [1770697074.451407094] [imu_filter]: Parameter RLController.pid_ki_ang set to 0.000000
[imu_filter_madgwick_node-3] [INFO] [1770697074.451467416] [imu_filter]: Parameter RLController.pid_kd_ang set to 0.120175
[imu_filter_madgwick_node-3] [INFO] [1770697074.890536940] [imu_filter]: Parameter RLController.pid_kp_lin set to 1.270484
[imu_filter_madgwick_node-3] [INFO] [1770697074.892609084] [imu_filter]: Parameter RLController.pid_ki_lin set to 0.000000
[imu_filter_madgwick_node-3] [INFO] [1770697074.892824897] [imu_filter]: Parameter RLController.pid_kd_lin set to 0.020000
[imu_filter_madgwick_node-3] [INFO] [1770697074.892928675] [imu_filter]: Parameter RLController.pid_kp_ang set to 1.231563
[imu_filter_madgwick_node-3] [INFO] [1770697074.892998885] [imu_filter]: Parameter RLController.pid_ki_ang set to 0.000000
[imu_filter_madgwick_node-3] [INFO] [1770697074.893057702] [imu_filter]: Parameter RLController.pid_kd_ang set to 0.120253
[imu_filter_madgwick_node-3] [INFO] [1770697075.307377402] [imu_filter]: Parameter RLController.pid_kp_lin set to 1.270484
[imu_filter_madgwick_node-3] [INFO] [1770697075.307582847] [imu_filter]: Parameter RLController.pid_ki_lin set to 0.000000
[imu_filter_madgwick_node-3] [INFO] [1770697075.307652320] [imu_filter]: Parameter RLController.pid_kd_lin set to 0.020000
[imu_filter_madgwick_node-3] [INFO] [1770697075.311905347] [imu_filter]: Parameter RLController.pid_kp_ang set to 1.231563
[imu_filter_madgwick_node-3] [INFO] [1770697075.312273740] [imu_filter]: Parameter RLController.pid_ki_ang set to 0.000000
[imu_filter_madgwick_node-3] [INFO] [1770697075.312360270] [imu_filter]: Parameter RLController.pid_kd_ang set to 0.120331
[imu_filter_madgwick_node-3] [INFO] [1770697075.737131797] [imu_filter]: Parameter RLController.pid_kp_lin set to 1.270484
[imu_filter_madgwick_node-3] [INFO] [1770697075.737426492] [imu_filter]: Parameter RLController.pid_ki_lin set to 0.000000
[imu_filter_madgwick_node-3] [INFO] [1770697075.737514302] [imu_filter]: Parameter RLController.pid_kd_lin set to 0.020000
[imu_filter_madgwick_node-3] [INFO] [1770697075.737584480] [imu_filter]: Parameter RLController.pid_kp_ang set to 1.231563
[imu_filter_madgwick_node-3] [INFO] [1770697075.737643937] [imu_filter]: Parameter RLController.pid_ki_ang set to 0.000000
[imu_filter_madgwick_node-3] [INFO] [1770697075.737699714] [imu_filter]: Parameter RLController.pid_kd_ang set to 0.120410
[imu_filter_madgwick_node-3] [INFO] [1770697076.151629677] [imu_filter]: Parameter RLController.pid_kp_lin set to 1.270484
[imu_filter_madgwick_node-3] [INFO] [1770697076.151950292] [imu_filter]: Parameter RLController.pid_ki_lin set to 0.000000
[imu_filter_madgwick_node-3] [INFO] [1770697076.152033974] [imu_filter]: Parameter RLController.pid_kd_lin set to 0.020000
[imu_filter_madgwick_node-3] [INFO] [1770697076.152098200] [imu_filter]: Parameter RLController.pid_kp_ang set to 1.231563
[imu_filter_madgwick_node-3] [INFO] [1770697076.152156313] [imu_filter]: Parameter RLController.pid_ki_ang set to 0.000000
[imu_filter_madgwick_node-3] [INFO] [1770697076.152233179] [imu_filter]: Parameter RLController.pid_kd_ang set to 0.120488
[imu_filter_madgwick_node-3] [INFO] [1770697076.584966267] [imu_filter]: Parameter RLController.pid_kp_lin set to 1.270484
[imu_filter_madgwick_node-3] [INFO] [1770697076.587316114] [imu_filter]: Parameter RLController.pid_ki_lin set to 0.000000
[imu_filter_madgwick_node-3] [INFO] [1770697076.589014298] [imu_filter]: Parameter RLController.pid_kd_lin set to 0.020000
[imu_filter_madgwick_node-3] [INFO] [1770697076.591116459] [imu_filter]: Parameter RLController.pid_kp_ang set to 1.231563
[imu_filter_madgwick_node-3] [INFO] [1770697076.591294031] [imu_filter]: Parameter RLController.pid_ki_ang set to 0.000000
[imu_filter_madgwick_node-3] [INFO] [1770697076.591372656] [imu_filter]: Parameter RLController.pid_kd_ang set to 0.120566
[imu_filter_madgwick_node-3] [INFO] [1770697076.998354489] [imu_filter]: Parameter RLController.pid_kp_lin set to 1.270484
[imu_filter_madgwick_node-3] [INFO] [1770697076.998540605] [imu_filter]: Parameter RLController.pid_ki_lin set to 0.000000
[imu_filter_madgwick_node-3] [INFO] [1770697076.998610943] [imu_filter]: Parameter RLController.pid_kd_lin set to 0.020000
[imu_filter_madgwick_node-3] [INFO] [1770697076.998670272] [imu_filter]: Parameter RLController.pid_kp_ang set to 1.231563
[imu_filter_madgwick_node-3] [INFO] [1770697076.998724642] [imu_filter]: Parameter RLController.pid_ki_ang set to 0.000000
[imu_filter_madgwick_node-3] [INFO] [1770697077.000166723] [imu_filter]: Parameter RLController.pid_kd_ang set to 0.120645
[imu_filter_madgwick_node-3] [INFO] [1770697077.424601314] [imu_filter]: Parameter RLController.pid_kp_lin set to 1.270484
[imu_filter_madgwick_node-3] [INFO] [1770697077.424796167] [imu_filter]: Parameter RLController.pid_ki_lin set to 0.000000
[imu_filter_madgwick_node-3] [INFO] [1770697077.424869897] [imu_filter]: Parameter RLController.pid_kd_lin set to 0.020000
[imu_filter_madgwick_node-3] [INFO] [1770697077.428549278] [imu_filter]: Parameter RLController.pid_kp_ang set to 1.231563
[imu_filter_madgwick_node-3] [INFO] [1770697077.428877318] [imu_filter]: Parameter RLController.pid_ki_ang set to 0.000000
[imu_filter_madgwick_node-3] [INFO] [1770697077.429008105] [imu_filter]: Parameter RLController.pid_kd_ang set to 0.120723
[imu_filter_madgwick_node-3] [INFO] [1770697077.847204759] [imu_filter]: Parameter RLController.pid_kp_lin set to 1.270484
[imu_filter_madgwick_node-3] [INFO] [1770697077.847545407] [imu_filter]: Parameter RLController.pid_ki_lin set to 0.000000
[imu_filter_madgwick_node-3] [INFO] [1770697077.847623809] [imu_filter]: Parameter RLController.pid_kd_lin set to 0.020000
[imu_filter_madgwick_node-3] [INFO] [1770697077.847688162] [imu_filter]: Parameter RLController.pid_kp_ang set to 1.231563
[imu_filter_madgwick_node-3] [INFO] [1770697077.847744804] [imu_filter]: Parameter RLController.pid_ki_ang set to 0.000000
[imu_filter_madgwick_node-3] [INFO] [1770697077.847799685] [imu_filter]: Parameter RLController.pid_kd_ang set to 0.120801
[imu_filter_madgwick_node-3] [INFO] [1770697078.266082581] [imu_filter]: Parameter RLController.pid_kp_lin set to 1.270484
[imu_filter_madgwick_node-3] [INFO] [1770697078.266307226] [imu_filter]: Parameter RLController.pid_ki_lin set to 0.000000
[imu_filter_madgwick_node-3] [INFO] [1770697078.266383612] [imu_filter]: Parameter RLController.pid_kd_lin set to 0.020000
[imu_filter_madgwick_node-3] [INFO] [1770697078.266447453] [imu_filter]: Parameter RLController.pid_kp_ang set to 1.231563
[imu_filter_madgwick_node-3] [INFO] [1770697078.266505151] [imu_filter]: Parameter RLController.pid_ki_ang set to 0.000000
[imu_filter_madgwick_node-3] [INFO] [1770697078.266562240] [imu_filter]: Parameter RLController.pid_kd_ang set to 0.120880
[imu_filter_madgwick_node-3] [INFO] [1770697078.684331204] [imu_filter]: Parameter RLController.pid_kp_lin set to 1.270484
[imu_filter_madgwick_node-3] [INFO] [1770697078.684694700] [imu_filter]: Parameter RLController.pid_ki_lin set to 0.000000
[imu_filter_madgwick_node-3] [INFO] [1770697078.684791566] [imu_filter]: Parameter RLController.pid_kd_lin set to 0.020000
[imu_filter_madgwick_node-3] [INFO] [1770697078.684859152] [imu_filter]: Parameter RLController.pid_kp_ang set to 1.231563
[imu_filter_madgwick_node-3] [INFO] [1770697078.684919185] [imu_filter]: Parameter RLController.pid_ki_ang set to 0.000000
[imu_filter_madgwick_node-3] [INFO] [1770697078.684974835] [imu_filter]: Parameter RLController.pid_kd_ang set to 0.120958
[imu_filter_madgwick_node-3] [INFO] [1770697079.096571463] [imu_filter]: Parameter RLController.pid_kp_lin set to 1.270484
[imu_filter_madgwick_node-3] [INFO] [1770697079.103508424] [imu_filter]: Parameter RLController.pid_ki_lin set to 0.000000
[imu_filter_madgwick_node-3] [INFO] [1770697079.103735214] [imu_filter]: Parameter RLController.pid_kd_lin set to 0.020000
[imu_filter_madgwick_node-3] [INFO] [1770697079.103968499] [imu_filter]: Parameter RLController.pid_kp_ang set to 1.231563
[imu_filter_madgwick_node-3] [INFO] [1770697079.104042517] [imu_filter]: Parameter RLController.pid_ki_ang set to 0.000000
[imu_filter_madgwick_node-3] [INFO] [1770697079.104623138] [imu_filter]: Parameter RLController.pid_kd_ang set to 0.121036
[imu_filter_madgwick_node-3] [INFO] [1770697079.512653379] [imu_filter]: Parameter RLController.pid_kp_lin set to 1.270484
[imu_filter_madgwick_node-3] [INFO] [1770697079.512869896] [imu_filter]: Parameter RLController.pid_ki_lin set to 0.000000
[imu_filter_madgwick_node-3] [INFO] [1770697079.513068141] [imu_filter]: Parameter RLController.pid_kd_lin set to 0.020000
[imu_filter_madgwick_node-3] [INFO] [1770697079.513148879] [imu_filter]: Parameter RLController.pid_kp_ang set to 1.231563
[imu_filter_madgwick_node-3] [INFO] [1770697079.513213296] [imu_filter]: Parameter RLController.pid_ki_ang set to 0.000000
[imu_filter_madgwick_node-3] [INFO] [1770697079.513271602] [imu_filter]: Parameter RLController.pid_kd_ang set to 0.121115
[imu_filter_madgwick_node-3] [INFO] [1770697079.926060866] [imu_filter]: Parameter RLController.pid_kp_lin set to 1.270484
[imu_filter_madgwick_node-3] [INFO] [1770697079.926271303] [imu_filter]: Parameter RLController.pid_ki_lin set to 0.000000
[imu_filter_madgwick_node-3] [INFO] [1770697079.926344872] [imu_filter]: Parameter RLController.pid_kd_lin set to 0.020000
[imu_filter_madgwick_node-3] [INFO] [1770697079.927449794] [imu_filter]: Parameter RLController.pid_kp_ang set to 1.231563
[imu_filter_madgwick_node-3] [INFO] [1770697079.927583365] [imu_filter]: Parameter RLController.pid_ki_ang set to 0.000000
[imu_filter_madgwick_node-3] [INFO] [1770697079.927648903] [imu_filter]: Parameter RLController.pid_kd_ang set to 0.121193
[imu_filter_madgwick_node-3] [INFO] [1770697080.337197451] [imu_filter]: Parameter RLController.pid_kp_lin set to 1.270484
[imu_filter_madgwick_node-3] [INFO] [1770697080.337435505] [imu_filter]: Parameter RLController.pid_ki_lin set to 0.000000
[imu_filter_madgwick_node-3] [INFO] [1770697080.337639477] [imu_filter]: Parameter RLController.pid_kd_lin set to 0.020000
[imu_filter_madgwick_node-3] [INFO] [1770697080.337713239] [imu_filter]: Parameter RLController.pid_kp_ang set to 1.231563
[imu_filter_madgwick_node-3] [INFO] [1770697080.337771448] [imu_filter]: Parameter RLController.pid_ki_ang set to 0.000000
[imu_filter_madgwick_node-3] [INFO] [1770697080.337831226] [imu_filter]: Parameter RLController.pid_kd_ang set to 0.121271
[imu_filter_madgwick_node-3] [INFO] [1770697080.761630154] [imu_filter]: Parameter RLController.pid_kp_lin set to 1.270484
[imu_filter_madgwick_node-3] [INFO] [1770697080.761833455] [imu_filter]: Parameter RLController.pid_ki_lin set to 0.000000
[imu_filter_madgwick_node-3] [INFO] [1770697080.761907921] [imu_filter]: Parameter RLController.pid_kd_lin set to 0.020000
[imu_filter_madgwick_node-3] [INFO] [1770697080.761972210] [imu_filter]: Parameter RLController.pid_kp_ang set to 1.231563
[imu_filter_madgwick_node-3] [INFO] [1770697080.766954246] [imu_filter]: Parameter RLController.pid_ki_ang set to 0.000000
[imu_filter_madgwick_node-3] [INFO] [1770697080.767145451] [imu_filter]: Parameter RLController.pid_kd_ang set to 0.121350
[imu_filter_madgwick_node-3] [INFO] [1770697081.185895045] [imu_filter]: Parameter RLController.pid_kp_lin set to 1.270484
[imu_filter_madgwick_node-3] [INFO] [1770697081.186113898] [imu_filter]: Parameter RLController.pid_ki_lin set to 0.000000
[imu_filter_madgwick_node-3] [INFO] [1770697081.186184204] [imu_filter]: Parameter RLController.pid_kd_lin set to 0.020000
[imu_filter_madgwick_node-3] [INFO] [1770697081.186248846] [imu_filter]: Parameter RLController.pid_kp_ang set to 1.231563
[imu_filter_madgwick_node-3] [INFO] [1770697081.186303823] [imu_filter]: Parameter RLController.pid_ki_ang set to 0.000000
[imu_filter_madgwick_node-3] [INFO] [1770697081.186358768] [imu_filter]: Parameter RLController.pid_kd_ang set to 0.121428
[imu_filter_madgwick_node-3] [INFO] [1770697081.601191344] [imu_filter]: Parameter RLController.pid_kp_lin set to 1.270484
[imu_filter_madgwick_node-3] [INFO] [1770697081.601393396] [imu_filter]: Parameter RLController.pid_ki_lin set to 0.000000
[imu_filter_madgwick_node-3] [INFO] [1770697081.601462902] [imu_filter]: Parameter RLController.pid_kd_lin set to 0.020000
[imu_filter_madgwick_node-3] [INFO] [1770697081.601524855] [imu_filter]: Parameter RLController.pid_kp_ang set to 1.231563
[imu_filter_madgwick_node-3] [INFO] [1770697081.601580057] [imu_filter]: Parameter RLController.pid_ki_ang set to 0.000000
[imu_filter_madgwick_node-3] [INFO] [1770697081.601636410] [imu_filter]: Parameter RLController.pid_kd_ang set to 0.121506
[imu_filter_madgwick_node-3] [INFO] [1770697082.024238350] [imu_filter]: Parameter RLController.pid_kp_lin set to 1.270484
[imu_filter_madgwick_node-3] [INFO] [1770697082.024453843] [imu_filter]: Parameter RLController.pid_ki_lin set to 0.000000
[imu_filter_madgwick_node-3] [INFO] [1770697082.024530741] [imu_filter]: Parameter RLController.pid_kd_lin set to 0.020000
[imu_filter_madgwick_node-3] [INFO] [1770697082.024597687] [imu_filter]: Parameter RLController.pid_kp_ang set to 1.231563
[imu_filter_madgwick_node-3] [INFO] [1770697082.024658968] [imu_filter]: Parameter RLController.pid_ki_ang set to 0.000000
[imu_filter_madgwick_node-3] [INFO] [1770697082.024710521] [imu_filter]: Parameter RLController.pid_kd_ang set to 0.121585
[imu_filter_madgwick_node-3] [INFO] [1770697082.437379303] [imu_filter]: Parameter RLController.pid_kp_lin set to 1.270484
[imu_filter_madgwick_node-3] [INFO] [1770697082.437692878] [imu_filter]: Parameter RLController.pid_ki_lin set to 0.000000
[imu_filter_madgwick_node-3] [INFO] [1770697082.437769104] [imu_filter]: Parameter RLController.pid_kd_lin set to 0.020000
[imu_filter_madgwick_node-3] [INFO] [1770697082.437834193] [imu_filter]: Parameter RLController.pid_kp_ang set to 1.231563
[imu_filter_madgwick_node-3] [INFO] [1770697082.438016949] [imu_filter]: Parameter RLController.pid_ki_ang set to 0.000000
[imu_filter_madgwick_node-3] [INFO] [1770697082.438076983] [imu_filter]: Parameter RLController.pid_kd_ang set to 0.121663
[imu_filter_madgwick_node-3] [INFO] [1770697082.851135085] [imu_filter]: Parameter RLController.pid_kp_lin set to 1.270484
[imu_filter_madgwick_node-3] [INFO] [1770697082.851487413] [imu_filter]: Parameter RLController.pid_ki_lin set to 0.000000
[imu_filter_madgwick_node-3] [INFO] [1770697082.851566935] [imu_filter]: Parameter RLController.pid_kd_lin set to 0.020000
[imu_filter_madgwick_node-3] [INFO] [1770697082.851628664] [imu_filter]: Parameter RLController.pid_kp_ang set to 1.231563
[imu_filter_madgwick_node-3] [INFO] [1770697082.851684922] [imu_filter]: Parameter RLController.pid_ki_ang set to 0.000000
[imu_filter_madgwick_node-3] [INFO] [1770697082.851740731] [imu_filter]: Parameter RLController.pid_kd_ang set to 0.121741
[imu_filter_madgwick_node-3] [INFO] [1770697083.273052177] [imu_filter]: Parameter RLController.pid_kp_lin set to 1.270484
[imu_filter_madgwick_node-3] [INFO] [1770697083.273293975] [imu_filter]: Parameter RLController.pid_ki_lin set to 0.000000
[imu_filter_madgwick_node-3] [INFO] [1770697083.273371833] [imu_filter]: Parameter RLController.pid_kd_lin set to 0.020000
[imu_filter_madgwick_node-3] [INFO] [1770697083.273439962] [imu_filter]: Parameter RLController.pid_kp_ang set to 1.231563
[imu_filter_madgwick_node-3] [INFO] [1770697083.273835300] [imu_filter]: Parameter RLController.pid_ki_ang set to 0.000000
[imu_filter_madgwick_node-3] [INFO] [1770697083.274645879] [imu_filter]: Parameter RLController.pid_kd_ang set to 0.121820
[imu_filter_madgwick_node-3] [INFO] [1770697083.696608092] [imu_filter]: Parameter RLController.pid_kp_lin set to 1.270484
[imu_filter_madgwick_node-3] [INFO] [1770697083.696936996] [imu_filter]: Parameter RLController.pid_ki_lin set to 0.000000
[imu_filter_madgwick_node-3] [INFO] [1770697083.697016358] [imu_filter]: Parameter RLController.pid_kd_lin set to 0.020000
[imu_filter_madgwick_node-3] [INFO] [1770697083.697082183] [imu_filter]: Parameter RLController.pid_kp_ang set to 1.231563
[imu_filter_madgwick_node-3] [INFO] [1770697083.697138568] [imu_filter]: Parameter RLController.pid_ki_ang set to 0.000000
[imu_filter_madgwick_node-3] [INFO] [1770697083.697194314] [imu_filter]: Parameter RLController.pid_kd_ang set to 0.121898
[imu_filter_madgwick_node-3] [INFO] [1770697084.122694690] [imu_filter]: Parameter RLController.pid_kp_lin set to 1.270484
[imu_filter_madgwick_node-3] [INFO] [1770697084.122907559] [imu_filter]: Parameter RLController.pid_ki_lin set to 0.000000
[imu_filter_madgwick_node-3] [INFO] [1770697084.122978824] [imu_filter]: Parameter RLController.pid_kd_lin set to 0.020000
[imu_filter_madgwick_node-3] [INFO] [1770697084.123041066] [imu_filter]: Parameter RLController.pid_kp_ang set to 1.231563
[imu_filter_madgwick_node-3] [INFO] [1770697084.123101611] [imu_filter]: Parameter RLController.pid_ki_ang set to 0.000000
[imu_filter_madgwick_node-3] [INFO] [1770697084.123162445] [imu_filter]: Parameter RLController.pid_kd_ang set to 0.121976
[imu_filter_madgwick_node-3] [INFO] [1770697084.537993932] [imu_filter]: Parameter RLController.pid_kp_lin set to 1.270484
[imu_filter_madgwick_node-3] [INFO] [1770697084.539294410] [imu_filter]: Parameter RLController.pid_ki_lin set to 0.000000
[imu_filter_madgwick_node-3] [INFO] [1770697084.539435950] [imu_filter]: Parameter RLController.pid_kd_lin set to 0.020000
[imu_filter_madgwick_node-3] [INFO] [1770697084.539512271] [imu_filter]: Parameter RLController.pid_kp_ang set to 1.231563
[imu_filter_madgwick_node-3] [INFO] [1770697084.539575057] [imu_filter]: Parameter RLController.pid_ki_ang set to 0.000000
[imu_filter_madgwick_node-3] [INFO] [1770697084.539637138] [imu_filter]: Parameter RLController.pid_kd_ang set to 0.122055
[imu_filter_madgwick_node-3] [INFO] [1770697084.960655618] [imu_filter]: Parameter RLController.pid_kp_lin set to 1.270484
[imu_filter_madgwick_node-3] [INFO] [1770697084.960898216] [imu_filter]: Parameter RLController.pid_ki_lin set to 0.000000
[imu_filter_madgwick_node-3] [INFO] [1770697084.960980970] [imu_filter]: Parameter RLController.pid_kd_lin set to 0.020000
[imu_filter_madgwick_node-3] [INFO] [1770697084.961045323] [imu_filter]: Parameter RLController.pid_kp_ang set to 1.231563
[imu_filter_madgwick_node-3] [INFO] [1770697084.961104140] [imu_filter]: Parameter RLController.pid_ki_ang set to 0.000000
[imu_filter_madgwick_node-3] [INFO] [1770697084.961160846] [imu_filter]: Parameter RLController.pid_kd_ang set to 0.122133
[imu_filter_madgwick_node-3] [INFO] [1770697085.386396032] [imu_filter]: Parameter RLController.pid_kp_lin set to 1.270484
[imu_filter_madgwick_node-3] [INFO] [1770697085.386642021] [imu_filter]: Parameter RLController.pid_ki_lin set to 0.000000
[imu_filter_madgwick_node-3] [INFO] [1770697085.386721767] [imu_filter]: Parameter RLController.pid_kd_lin set to 0.020000
[imu_filter_madgwick_node-3] [INFO] [1770697085.386787977] [imu_filter]: Parameter RLController.pid_kp_ang set to 1.231563
[imu_filter_madgwick_node-3] [INFO] [1770697085.386846602] [imu_filter]: Parameter RLController.pid_ki_ang set to 0.000000
[imu_filter_madgwick_node-3] [INFO] [1770697085.386906059] [imu_filter]: Parameter RLController.pid_kd_ang set to 0.122211
[imu_filter_madgwick_node-3] [INFO] [1770697085.811886871] [imu_filter]: Parameter RLController.pid_kp_lin set to 1.270484
[imu_filter_madgwick_node-3] [INFO] [1770697085.812287713] [imu_filter]: Parameter RLController.pid_ki_lin set to 0.000000
[imu_filter_madgwick_node-3] [INFO] [1770697085.812376899] [imu_filter]: Parameter RLController.pid_kd_lin set to 0.020000
[imu_filter_madgwick_node-3] [INFO] [1770697085.819304100] [imu_filter]: Parameter RLController.pid_kp_ang set to 1.231563
[imu_filter_madgwick_node-3] [INFO] [1770697085.819697997] [imu_filter]: Parameter RLController.pid_ki_ang set to 0.000000
[imu_filter_madgwick_node-3] [INFO] [1770697085.819911954] [imu_filter]: Parameter RLController.pid_kd_ang set to 0.122290
[imu_filter_madgwick_node-3] [INFO] [1770697086.234338536] [imu_filter]: Parameter RLController.pid_kp_lin set to 1.270484
[imu_filter_madgwick_node-3] [INFO] [1770697086.234536493] [imu_filter]: Parameter RLController.pid_ki_lin set to 0.000000
[imu_filter_madgwick_node-3] [INFO] [1770697086.234606927] [imu_filter]: Parameter RLController.pid_kd_lin set to 0.020000
[imu_filter_madgwick_node-3] [INFO] [1770697086.234675024] [imu_filter]: Parameter RLController.pid_kp_ang set to 1.231563
[imu_filter_madgwick_node-3] [INFO] [1770697086.234732273] [imu_filter]: Parameter RLController.pid_ki_ang set to 0.000000
[imu_filter_madgwick_node-3] [INFO] [1770697086.234787347] [imu_filter]: Parameter RLController.pid_kd_ang set to 0.122221
[imu_filter_madgwick_node-3] [INFO] [1770697086.655139155] [imu_filter]: Parameter RLController.pid_kp_lin set to 1.270778
[imu_filter_madgwick_node-3] [INFO] [1770697086.655317111] [imu_filter]: Parameter RLController.pid_ki_lin set to 0.000000
[imu_filter_madgwick_node-3] [INFO] [1770697086.655387833] [imu_filter]: Parameter RLController.pid_kd_lin set to 0.020000
[imu_filter_madgwick_node-3] [INFO] [1770697086.655451834] [imu_filter]: Parameter RLController.pid_kp_ang set to 1.231563
[imu_filter_madgwick_node-3] [INFO] [1770697086.655508315] [imu_filter]: Parameter RLController.pid_ki_ang set to 0.000000
[imu_filter_madgwick_node-3] [INFO] [1770697086.655565053] [imu_filter]: Parameter RLController.pid_kd_ang set to 0.122145
[imu_filter_madgwick_node-3] [INFO] [1770697087.074833411] [imu_filter]: Parameter RLController.pid_kp_lin set to 1.271090
[imu_filter_madgwick_node-3] [INFO] [1770697087.075034600] [imu_filter]: Parameter RLController.pid_ki_lin set to 0.000000
[imu_filter_madgwick_node-3] [INFO] [1770697087.077895979] [imu_filter]: Parameter RLController.pid_kd_lin set to 0.020000
[imu_filter_madgwick_node-3] [INFO] [1770697087.078064495] [imu_filter]: Parameter RLController.pid_kp_ang set to 1.231563
[imu_filter_madgwick_node-3] [INFO] [1770697087.078133552] [imu_filter]: Parameter RLController.pid_ki_ang set to 0.000000
[imu_filter_madgwick_node-3] [INFO] [1770697087.078276724] [imu_filter]: Parameter RLController.pid_kd_ang set to 0.122073
[imu_filter_madgwick_node-3] [INFO] [1770697087.496842634] [imu_filter]: Parameter RLController.pid_kp_lin set to 1.271416
[imu_filter_madgwick_node-3] [INFO] [1770697087.497042479] [imu_filter]: Parameter RLController.pid_ki_lin set to 0.000000
[imu_filter_madgwick_node-3] [INFO] [1770697087.497115761] [imu_filter]: Parameter RLController.pid_kd_lin set to 0.020000
[imu_filter_madgwick_node-3] [INFO] [1770697087.497179058] [imu_filter]: Parameter RLController.pid_kp_ang set to 1.231563
[imu_filter_madgwick_node-3] [INFO] [1770697087.497238547] [imu_filter]: Parameter RLController.pid_ki_ang set to 0.000000
[imu_filter_madgwick_node-3] [INFO] [1770697087.497295221] [imu_filter]: Parameter RLController.pid_kd_ang set to 0.122005
[imu_filter_madgwick_node-3] [INFO] [1770697087.912731938] [imu_filter]: Parameter RLController.pid_kp_lin set to 1.271755
[imu_filter_madgwick_node-3] [INFO] [1770697087.916174354] [imu_filter]: Parameter RLController.pid_ki_lin set to 0.000000
[imu_filter_madgwick_node-3] [INFO] [1770697087.916417720] [imu_filter]: Parameter RLController.pid_kd_lin set to 0.020000
[imu_filter_madgwick_node-3] [INFO] [1770697087.916502362] [imu_filter]: Parameter RLController.pid_kp_ang set to 1.231563
[imu_filter_madgwick_node-3] [INFO] [1770697087.916563867] [imu_filter]: Parameter RLController.pid_ki_ang set to 0.000000
[imu_filter_madgwick_node-3] [INFO] [1770697087.916625309] [imu_filter]: Parameter RLController.pid_kd_ang set to 0.121936
[imu_filter_madgwick_node-3] [INFO] [1770697088.332291088] [imu_filter]: Parameter RLController.pid_kp_lin set to 1.272073
[imu_filter_madgwick_node-3] [INFO] [1770697088.332525493] [imu_filter]: Parameter RLController.pid_ki_lin set to 0.000000
[imu_filter_madgwick_node-3] [INFO] [1770697088.332605431] [imu_filter]: Parameter RLController.pid_kd_lin set to 0.020000
[imu_filter_madgwick_node-3] [INFO] [1770697088.332673241] [imu_filter]: Parameter RLController.pid_kp_ang set to 1.231563
[imu_filter_madgwick_node-3] [INFO] [1770697088.332731610] [imu_filter]: Parameter RLController.pid_ki_ang set to 0.000000
[imu_filter_madgwick_node-3] [INFO] [1770697088.332791227] [imu_filter]: Parameter RLController.pid_kd_ang set to 0.121868
[imu_filter_madgwick_node-3] [INFO] [1770697088.755349839] [imu_filter]: Parameter RLController.pid_kp_lin set to 1.272385
[imu_filter_madgwick_node-3] [INFO] [1770697088.760429157] [imu_filter]: Parameter RLController.pid_ki_lin set to 0.000000
[imu_filter_madgwick_node-3] [INFO] [1770697088.767050399] [imu_filter]: Parameter RLController.pid_kd_lin set to 0.020000
[imu_filter_madgwick_node-3] [INFO] [1770697088.767332262] [imu_filter]: Parameter RLController.pid_kp_ang set to 1.231563
[imu_filter_madgwick_node-3] [INFO] [1770697088.767453545] [imu_filter]: Parameter RLController.pid_ki_ang set to 0.000000
[imu_filter_madgwick_node-3] [INFO] [1770697088.767562091] [imu_filter]: Parameter RLController.pid_kd_ang set to 0.121801
[imu_filter_madgwick_node-3] [INFO] [1770697089.178480912] [imu_filter]: Parameter RLController.pid_kp_lin set to 1.272689
[imu_filter_madgwick_node-3] [INFO] [1770697089.178829624] [imu_filter]: Parameter RLController.pid_ki_lin set to 0.000000
[imu_filter_madgwick_node-3] [INFO] [1770697089.178915514] [imu_filter]: Parameter RLController.pid_kd_lin set to 0.020000
[imu_filter_madgwick_node-3] [INFO] [1770697089.178999260] [imu_filter]: Parameter RLController.pid_kp_ang set to 1.231563
[imu_filter_madgwick_node-3] [INFO] [1770697089.179077054] [imu_filter]: Parameter RLController.pid_ki_ang set to 0.000000
[imu_filter_madgwick_node-3] [INFO] [1770697089.181383507] [imu_filter]: Parameter RLController.pid_kd_ang set to 0.121721
[imu_filter_madgwick_node-3] [INFO] [1770697089.592138836] [imu_filter]: Parameter RLController.pid_kp_lin set to 1.272941
[imu_filter_madgwick_node-3] [INFO] [1770697089.595126777] [imu_filter]: Parameter RLController.pid_ki_lin set to 0.000000
[imu_filter_madgwick_node-3] [INFO] [1770697089.595318686] [imu_filter]: Parameter RLController.pid_kd_lin set to 0.020000
[imu_filter_madgwick_node-3] [INFO] [1770697089.595389696] [imu_filter]: Parameter RLController.pid_kp_ang set to 1.231563
[imu_filter_madgwick_node-3] [INFO] [1770697089.595447713] [imu_filter]: Parameter RLController.pid_ki_ang set to 0.000000
[imu_filter_madgwick_node-3] [INFO] [1770697089.595507298] [imu_filter]: Parameter RLController.pid_kd_ang set to 0.121657
[imu_filter_madgwick_node-3] [INFO] [1770697090.025143515] [imu_filter]: Parameter RLController.pid_kp_lin set to 1.272941
[imu_filter_madgwick_node-3] [INFO] [1770697090.025487939] [imu_filter]: Parameter RLController.pid_ki_lin set to 0.000000
[imu_filter_madgwick_node-3] [INFO] [1770697090.025566660] [imu_filter]: Parameter RLController.pid_kd_lin set to 0.020000
[imu_filter_madgwick_node-3] [INFO] [1770697090.025631590] [imu_filter]: Parameter RLController.pid_kp_ang set to 1.231563
[imu_filter_madgwick_node-3] [INFO] [1770697090.025690215] [imu_filter]: Parameter RLController.pid_ki_ang set to 0.000000
[imu_filter_madgwick_node-3] [INFO] [1770697090.025747241] [imu_filter]: Parameter RLController.pid_kd_ang set to 0.121585
[imu_filter_madgwick_node-3] [INFO] [1770697090.441211735] [imu_filter]: Parameter RLController.pid_kp_lin set to 1.272941
[imu_filter_madgwick_node-3] [INFO] [1770697090.441436540] [imu_filter]: Parameter RLController.pid_ki_lin set to 0.000000
[imu_filter_madgwick_node-3] [INFO] [1770697090.441562591] [imu_filter]: Parameter RLController.pid_kd_lin set to 0.020000
[imu_filter_madgwick_node-3] [INFO] [1770697090.441692866] [imu_filter]: Parameter RLController.pid_kp_ang set to 1.231750
[imu_filter_madgwick_node-3] [INFO] [1770697090.441819941] [imu_filter]: Parameter RLController.pid_ki_ang set to 0.000000
[imu_filter_madgwick_node-3] [INFO] [1770697090.441889223] [imu_filter]: Parameter RLController.pid_kd_ang set to 0.121514
[imu_filter_madgwick_node-3] [INFO] [1770697090.859706508] [imu_filter]: Parameter RLController.pid_kp_lin set to 1.272941
[imu_filter_madgwick_node-3] [INFO] [1770697090.859902768] [imu_filter]: Parameter RLController.pid_ki_lin set to 0.000000
[imu_filter_madgwick_node-3] [INFO] [1770697090.859979634] [imu_filter]: Parameter RLController.pid_kd_lin set to 0.020000
[imu_filter_madgwick_node-3] [INFO] [1770697090.860042931] [imu_filter]: Parameter RLController.pid_kp_ang set to 1.231750
[imu_filter_madgwick_node-3] [INFO] [1770697090.860104757] [imu_filter]: Parameter RLController.pid_ki_ang set to 0.000000
[imu_filter_madgwick_node-3] [INFO] [1770697090.860174583] [imu_filter]: Parameter RLController.pid_kd_ang set to 0.121443
[imu_filter_madgwick_node-3] [INFO] [1770697091.275190778] [imu_filter]: Parameter RLController.pid_kp_lin set to 1.272941
[imu_filter_madgwick_node-3] [INFO] [1770697091.278153375] [imu_filter]: Parameter RLController.pid_ki_lin set to 0.000000
[imu_filter_madgwick_node-3] [INFO] [1770697091.278330083] [imu_filter]: Parameter RLController.pid_kd_lin set to 0.020000
[imu_filter_madgwick_node-3] [INFO] [1770697091.278398917] [imu_filter]: Parameter RLController.pid_kp_ang set to 1.231750
[imu_filter_madgwick_node-3] [INFO] [1770697091.278462439] [imu_filter]: Parameter RLController.pid_ki_ang set to 0.000000
[imu_filter_madgwick_node-3] [INFO] [1770697091.278754605] [imu_filter]: Parameter RLController.pid_kd_ang set to 0.121387
[imu_filter_madgwick_node-3] [INFO] [1770697091.696953051] [imu_filter]: Parameter RLController.pid_kp_lin set to 1.272941
[imu_filter_madgwick_node-3] [INFO] [1770697091.697182273] [imu_filter]: Parameter RLController.pid_ki_lin set to 0.000000
[imu_filter_madgwick_node-3] [INFO] [1770697091.697259810] [imu_filter]: Parameter RLController.pid_kd_lin set to 0.020000
[imu_filter_madgwick_node-3] [INFO] [1770697091.697462279] [imu_filter]: Parameter RLController.pid_kp_ang set to 1.231750
[imu_filter_madgwick_node-3] [INFO] [1770697091.697531849] [imu_filter]: Parameter RLController.pid_ki_ang set to 0.000000
[imu_filter_madgwick_node-3] [INFO] [1770697091.697589514] [imu_filter]: Parameter RLController.pid_kd_ang set to 0.121303
[imu_filter_madgwick_node-3] [INFO] [1770697092.137042471] [imu_filter]: Parameter RLController.pid_kp_lin set to 1.272941
[imu_filter_madgwick_node-3] [INFO] [1770697092.137262188] [imu_filter]: Parameter RLController.pid_ki_lin set to 0.000000
[imu_filter_madgwick_node-3] [INFO] [1770697092.137340078] [imu_filter]: Parameter RLController.pid_kd_lin set to 0.020000
[imu_filter_madgwick_node-3] [INFO] [1770697092.137402319] [imu_filter]: Parameter RLController.pid_kp_ang set to 1.231750
[imu_filter_madgwick_node-3] [INFO] [1770697092.137470545] [imu_filter]: Parameter RLController.pid_ki_ang set to 0.000000
[imu_filter_madgwick_node-3] [INFO] [1770697092.137529970] [imu_filter]: Parameter RLController.pid_kd_ang set to 0.121242
[imu_filter_madgwick_node-3] [INFO] [1770697092.556249292] [imu_filter]: Parameter RLController.pid_kp_lin set to 1.272941
[imu_filter_madgwick_node-3] [INFO] [1770697092.556441393] [imu_filter]: Parameter RLController.pid_ki_lin set to 0.000000
[imu_filter_madgwick_node-3] [INFO] [1770697092.556521875] [imu_filter]: Parameter RLController.pid_kd_lin set to 0.020000
[imu_filter_madgwick_node-3] [INFO] [1770697092.556594740] [imu_filter]: Parameter RLController.pid_kp_ang set to 1.231750
[imu_filter_madgwick_node-3] [INFO] [1770697092.556656822] [imu_filter]: Parameter RLController.pid_ki_ang set to 0.000000
[imu_filter_madgwick_node-3] [INFO] [1770697092.556715159] [imu_filter]: Parameter RLController.pid_kd_ang set to 0.121169
[imu_filter_madgwick_node-3] [INFO] [1770697092.970853607] [imu_filter]: Parameter RLController.pid_kp_lin set to 1.272941
[imu_filter_madgwick_node-3] [INFO] [1770697092.971040043] [imu_filter]: Parameter RLController.pid_ki_lin set to 0.000000
[imu_filter_madgwick_node-3] [INFO] [1770697092.974329112] [imu_filter]: Parameter RLController.pid_kd_lin set to 0.020000
[imu_filter_madgwick_node-3] [INFO] [1770697092.974498171] [imu_filter]: Parameter RLController.pid_kp_ang set to 1.232096
[imu_filter_madgwick_node-3] [INFO] [1770697092.974564765] [imu_filter]: Parameter RLController.pid_ki_ang set to 0.000000
[imu_filter_madgwick_node-3] [INFO] [1770697092.974624478] [imu_filter]: Parameter RLController.pid_kd_ang set to 0.121088
[imu_filter_madgwick_node-3] [INFO] [1770697093.390581976] [imu_filter]: Parameter RLController.pid_kp_lin set to 1.272941
[imu_filter_madgwick_node-3] [INFO] [1770697093.390821246] [imu_filter]: Parameter RLController.pid_ki_lin set to 0.000000
[imu_filter_madgwick_node-3] [INFO] [1770697093.390900608] [imu_filter]: Parameter RLController.pid_kd_lin set to 0.020000
[imu_filter_madgwick_node-3] [INFO] [1770697093.390969537] [imu_filter]: Parameter RLController.pid_kp_ang set to 1.232501
[imu_filter_madgwick_node-3] [INFO] [1770697093.391025634] [imu_filter]: Parameter RLController.pid_ki_ang set to 0.000000
[imu_filter_madgwick_node-3] [INFO] [1770697093.391082180] [imu_filter]: Parameter RLController.pid_kd_ang set to 0.121000
[imu_filter_madgwick_node-3] [INFO] [1770697093.817665525] [imu_filter]: Parameter RLController.pid_kp_lin set to 1.272941
[imu_filter_madgwick_node-3] [INFO] [1770697093.817869338] [imu_filter]: Parameter RLController.pid_ki_lin set to 0.000000
[imu_filter_madgwick_node-3] [INFO] [1770697093.817941851] [imu_filter]: Parameter RLController.pid_kd_lin set to 0.020000
[imu_filter_madgwick_node-3] [INFO] [1770697093.818025501] [imu_filter]: Parameter RLController.pid_kp_ang set to 1.232912
[imu_filter_madgwick_node-3] [INFO] [1770697093.818085247] [imu_filter]: Parameter RLController.pid_ki_ang set to 0.000000
[imu_filter_madgwick_node-3] [INFO] [1770697093.818142112] [imu_filter]: Parameter RLController.pid_kd_ang set to 0.120903
[imu_filter_madgwick_node-3] [INFO] [1770697094.237942739] [imu_filter]: Parameter RLController.pid_kp_lin set to 1.272941
[imu_filter_madgwick_node-3] [INFO] [1770697094.238186649] [imu_filter]: Parameter RLController.pid_ki_lin set to 0.000000
[imu_filter_madgwick_node-3] [INFO] [1770697094.238264059] [imu_filter]: Parameter RLController.pid_kd_lin set to 0.020000
[imu_filter_madgwick_node-3] [INFO] [1770697094.238327004] [imu_filter]: Parameter RLController.pid_kp_ang set to 1.233327
[imu_filter_madgwick_node-3] [INFO] [1770697094.238382462] [imu_filter]: Parameter RLController.pid_ki_ang set to 0.000000
[imu_filter_madgwick_node-3] [INFO] [1770697094.238437375] [imu_filter]: Parameter RLController.pid_kd_ang set to 0.120802
[imu_filter_madgwick_node-3] [INFO] [1770697094.653315455] [imu_filter]: Parameter RLController.pid_kp_lin set to 1.272941
[imu_filter_madgwick_node-3] [INFO] [1770697094.653516996] [imu_filter]: Parameter RLController.pid_ki_lin set to 0.000000
[imu_filter_madgwick_node-3] [INFO] [1770697094.653588326] [imu_filter]: Parameter RLController.pid_kd_lin set to 0.020000
[imu_filter_madgwick_node-3] [INFO] [1770697094.653652615] [imu_filter]: Parameter RLController.pid_kp_ang set to 1.233744
[imu_filter_madgwick_node-3] [INFO] [1770697094.653826283] [imu_filter]: Parameter RLController.pid_ki_ang set to 0.000000
[imu_filter_madgwick_node-3] [INFO] [1770697094.653887501] [imu_filter]: Parameter RLController.pid_kd_ang set to 0.120697
[imu_filter_madgwick_node-3] [INFO] [1770697095.129172460] [imu_filter]: Parameter RLController.pid_kp_lin set to 1.273094
[imu_filter_madgwick_node-3] [INFO] [1770697095.129501588] [imu_filter]: Parameter RLController.pid_ki_lin set to 0.000000
[imu_filter_madgwick_node-3] [INFO] [1770697095.137869111] [imu_filter]: Parameter RLController.pid_kd_lin set to 0.020000
[imu_filter_madgwick_node-3] [INFO] [1770697095.147263154] [imu_filter]: Parameter RLController.pid_kp_ang set to 1.234162
[imu_filter_madgwick_node-3] [INFO] [1770697095.147674555] [imu_filter]: Parameter RLController.pid_ki_ang set to 0.000000
[imu_filter_madgwick_node-3] [INFO] [1770697095.147783102] [imu_filter]: Parameter RLController.pid_kd_ang set to 0.120589
[imu_filter_madgwick_node-3] [INFO] [1770697095.541455184] [imu_filter]: Parameter RLController.pid_kp_lin set to 1.273278
[imu_filter_madgwick_node-3] [INFO] [1770697095.541715255] [imu_filter]: Parameter RLController.pid_ki_lin set to 0.000000
[imu_filter_madgwick_node-3] [INFO] [1770697095.541848762] [imu_filter]: Parameter RLController.pid_kd_lin set to 0.020000
[imu_filter_madgwick_node-3] [INFO] [1770697095.541919675] [imu_filter]: Parameter RLController.pid_kp_ang set to 1.234581
[imu_filter_madgwick_node-3] [INFO] [1770697095.542024702] [imu_filter]: Parameter RLController.pid_ki_ang set to 0.000000
[imu_filter_madgwick_node-3] [INFO] [1770697095.542111904] [imu_filter]: Parameter RLController.pid_kd_ang set to 0.120478
[imu_filter_madgwick_node-3] [INFO] [1770697095.956512085] [imu_filter]: Parameter RLController.pid_kp_lin set to 1.273481
[imu_filter_madgwick_node-3] [INFO] [1770697095.960849082] [imu_filter]: Parameter RLController.pid_ki_lin set to 0.000000
[imu_filter_madgwick_node-3] [INFO] [1770697095.963412246] [imu_filter]: Parameter RLController.pid_kd_lin set to 0.020000
[imu_filter_madgwick_node-3] [INFO] [1770697095.963895297] [imu_filter]: Parameter RLController.pid_kp_ang set to 1.235001
[imu_filter_madgwick_node-3] [INFO] [1770697095.964006948] [imu_filter]: Parameter RLController.pid_ki_ang set to 0.000000
[imu_filter_madgwick_node-3] [INFO] [1770697095.964646867] [imu_filter]: Parameter RLController.pid_kd_ang set to 0.120366
[imu_filter_madgwick_node-3] [INFO] [1770697096.369917075] [imu_filter]: Parameter RLController.pid_kp_lin set to 1.273702
[imu_filter_madgwick_node-3] [INFO] [1770697096.370187738] [imu_filter]: Parameter RLController.pid_ki_lin set to 0.000000
[imu_filter_madgwick_node-3] [INFO] [1770697096.370266972] [imu_filter]: Parameter RLController.pid_kd_lin set to 0.020000
[imu_filter_madgwick_node-3] [INFO] [1770697096.373593609] [imu_filter]: Parameter RLController.pid_kp_ang set to 1.235421
[imu_filter_madgwick_node-3] [INFO] [1770697096.373817358] [imu_filter]: Parameter RLController.pid_ki_ang set to 0.000000
[imu_filter_madgwick_node-3] [INFO] [1770697096.373904016] [imu_filter]: Parameter RLController.pid_kd_ang set to 0.120252
[imu_filter_madgwick_node-3] [INFO] [1770697096.785043962] [imu_filter]: Parameter RLController.pid_kp_lin set to 1.273935
[imu_filter_madgwick_node-3] [INFO] [1770697096.785375137] [imu_filter]: Parameter RLController.pid_ki_lin set to 0.000000
[imu_filter_madgwick_node-3] [INFO] [1770697096.785499204] [imu_filter]: Parameter RLController.pid_kd_lin set to 0.020000
[imu_filter_madgwick_node-3] [INFO] [1770697096.785568710] [imu_filter]: Parameter RLController.pid_kp_ang set to 1.235840
[imu_filter_madgwick_node-3] [INFO] [1770697096.785627239] [imu_filter]: Parameter RLController.pid_ki_ang set to 0.000000
[imu_filter_madgwick_node-3] [INFO] [1770697096.785681545] [imu_filter]: Parameter RLController.pid_kd_ang set to 0.120138
[imu_filter_madgwick_node-3] [INFO] [1770697097.208612965] [imu_filter]: Parameter RLController.pid_kp_lin set to 1.274179
[imu_filter_madgwick_node-3] [INFO] [1770697097.208940236] [imu_filter]: Parameter RLController.pid_ki_lin set to 0.000000
[imu_filter_madgwick_node-3] [INFO] [1770697097.209063247] [imu_filter]: Parameter RLController.pid_kd_lin set to 0.020000
[imu_filter_madgwick_node-3] [INFO] [1770697097.209139025] [imu_filter]: Parameter RLController.pid_kp_ang set to 1.236260
[imu_filter_madgwick_node-3] [INFO] [1770697097.209202482] [imu_filter]: Parameter RLController.pid_ki_ang set to 0.000000
[imu_filter_madgwick_node-3] [INFO] [1770697097.209263700] [imu_filter]: Parameter RLController.pid_kd_ang set to 0.120022
[imu_filter_madgwick_node-3] [INFO] [1770697097.626668847] [imu_filter]: Parameter RLController.pid_kp_lin set to 1.274430
[imu_filter_madgwick_node-3] [INFO] [1770697097.626875668] [imu_filter]: Parameter RLController.pid_ki_lin set to 0.000000
[imu_filter_madgwick_node-3] [INFO] [1770697097.627101945] [imu_filter]: Parameter RLController.pid_kd_lin set to 0.020000
[imu_filter_madgwick_node-3] [INFO] [1770697097.627190619] [imu_filter]: Parameter RLController.pid_kp_ang set to 1.236680
[imu_filter_madgwick_node-3] [INFO] [1770697097.627254141] [imu_filter]: Parameter RLController.pid_ki_ang set to 0.000000
[imu_filter_madgwick_node-3] [INFO] [1770697097.627310718] [imu_filter]: Parameter RLController.pid_kd_ang set to 0.119906
[imu_filter_madgwick_node-3] [INFO] [1770697098.040324659] [imu_filter]: Parameter RLController.pid_kp_lin set to 1.274688
[imu_filter_madgwick_node-3] [INFO] [1770697098.040534264] [imu_filter]: Parameter RLController.pid_ki_lin set to 0.000000
[imu_filter_madgwick_node-3] [INFO] [1770697098.040609530] [imu_filter]: Parameter RLController.pid_kd_lin set to 0.020000
[imu_filter_madgwick_node-3] [INFO] [1770697098.040671579] [imu_filter]: Parameter RLController.pid_kp_ang set to 1.237100
[imu_filter_madgwick_node-3] [INFO] [1770697098.040727773] [imu_filter]: Parameter RLController.pid_ki_ang set to 0.000000
[imu_filter_madgwick_node-3] [INFO] [1770697098.040783934] [imu_filter]: Parameter RLController.pid_kd_ang set to 0.119790
[imu_filter_madgwick_node-3] [INFO] [1770697098.449550224] [imu_filter]: Parameter RLController.pid_kp_lin set to 1.274950
[imu_filter_madgwick_node-3] [INFO] [1770697098.449762165] [imu_filter]: Parameter RLController.pid_ki_lin set to 0.000000
[imu_filter_madgwick_node-3] [INFO] [1770697098.449838647] [imu_filter]: Parameter RLController.pid_kd_lin set to 0.020000
[imu_filter_madgwick_node-3] [INFO] [1770697098.449903832] [imu_filter]: Parameter RLController.pid_kp_ang set to 1.237521
[imu_filter_madgwick_node-3] [INFO] [1770697098.449960506] [imu_filter]: Parameter RLController.pid_ki_ang set to 0.000000
[imu_filter_madgwick_node-3] [INFO] [1770697098.450026043] [imu_filter]: Parameter RLController.pid_kd_ang set to 0.119673
[imu_filter_madgwick_node-3] [INFO] [1770697098.857767574] [imu_filter]: Parameter RLController.pid_kp_lin set to 1.275216
[imu_filter_madgwick_node-3] [INFO] [1770697098.864687383] [imu_filter]: Parameter RLController.pid_ki_lin set to 0.000000
[imu_filter_madgwick_node-3] [INFO] [1770697098.864885179] [imu_filter]: Parameter RLController.pid_kd_lin set to 0.020000
[imu_filter_madgwick_node-3] [INFO] [1770697098.864951229] [imu_filter]: Parameter RLController.pid_kp_ang set to 1.237941
[imu_filter_madgwick_node-3] [INFO] [1770697098.865010654] [imu_filter]: Parameter RLController.pid_ki_ang set to 0.000000
[imu_filter_madgwick_node-3] [INFO] [1770697098.865068928] [imu_filter]: Parameter RLController.pid_kd_ang set to 0.119556
[imu_filter_madgwick_node-3] [INFO] [1770697099.272651254] [imu_filter]: Parameter RLController.pid_kp_lin set to 1.275485
[imu_filter_madgwick_node-3] [INFO] [1770697099.272897628] [imu_filter]: Parameter RLController.pid_ki_lin set to 0.000000
[imu_filter_madgwick_node-3] [INFO] [1770697099.272980190] [imu_filter]: Parameter RLController.pid_kd_lin set to 0.020000
[imu_filter_madgwick_node-3] [INFO] [1770697099.273043935] [imu_filter]: Parameter RLController.pid_kp_ang set to 1.238361
[imu_filter_madgwick_node-3] [INFO] [1770697099.273105345] [imu_filter]: Parameter RLController.pid_ki_ang set to 0.000000
[imu_filter_madgwick_node-3] [INFO] [1770697099.273163170] [imu_filter]: Parameter RLController.pid_kd_ang set to 0.119438
[imu_filter_madgwick_node-3] [INFO] [1770697099.688921079] [imu_filter]: Parameter RLController.pid_kp_lin set to 1.275756
[imu_filter_madgwick_node-3] [INFO] [1770697099.689147868] [imu_filter]: Parameter RLController.pid_ki_lin set to 0.000000
[imu_filter_madgwick_node-3] [INFO] [1770697099.689224542] [imu_filter]: Parameter RLController.pid_kd_lin set to 0.020000
[imu_filter_madgwick_node-3] [INFO] [1770697099.689313280] [imu_filter]: Parameter RLController.pid_kp_ang set to 1.238781
[imu_filter_madgwick_node-3] [INFO] [1770697099.689372738] [imu_filter]: Parameter RLController.pid_ki_ang set to 0.000000
[imu_filter_madgwick_node-3] [INFO] [1770697099.689429443] [imu_filter]: Parameter RLController.pid_kd_ang set to 0.119321
[imu_filter_madgwick_node-3] [INFO] [1770697100.116989067] [imu_filter]: Parameter RLController.pid_kp_lin set to 1.276029
[imu_filter_madgwick_node-3] [INFO] [1770697100.117215216] [imu_filter]: Parameter RLController.pid_ki_lin set to 0.000000
[imu_filter_madgwick_node-3] [INFO] [1770697100.117292850] [imu_filter]: Parameter RLController.pid_kd_lin set to 0.020000
[imu_filter_madgwick_node-3] [INFO] [1770697100.117355219] [imu_filter]: Parameter RLController.pid_kp_ang set to 1.239201
[imu_filter_madgwick_node-3] [INFO] [1770697100.117412757] [imu_filter]: Parameter RLController.pid_ki_ang set to 0.000000
[imu_filter_madgwick_node-3] [INFO] [1770697100.117471030] [imu_filter]: Parameter RLController.pid_kd_ang set to 0.119203
[imu_filter_madgwick_node-3] [INFO] [1770697100.540307824] [imu_filter]: Parameter RLController.pid_kp_lin set to 1.276304
[imu_filter_madgwick_node-3] [INFO] [1770697100.540519765] [imu_filter]: Parameter RLController.pid_ki_lin set to 0.000000
[imu_filter_madgwick_node-3] [INFO] [1770697100.540589943] [imu_filter]: Parameter RLController.pid_kd_lin set to 0.020000
[imu_filter_madgwick_node-3] [INFO] [1770697100.540661912] [imu_filter]: Parameter RLController.pid_kp_ang set to 1.239621
[imu_filter_madgwick_node-3] [INFO] [1770697100.540726330] [imu_filter]: Parameter RLController.pid_ki_ang set to 0.000000
[imu_filter_madgwick_node-3] [INFO] [1770697100.540786171] [imu_filter]: Parameter RLController.pid_kd_ang set to 0.119085
[imu_filter_madgwick_node-3] [INFO] [1770697100.954498881] [imu_filter]: Parameter RLController.pid_kp_lin set to 1.276579
[imu_filter_madgwick_node-3] [INFO] [1770697100.954834280] [imu_filter]: Parameter RLController.pid_ki_lin set to 0.000000
[imu_filter_madgwick_node-3] [INFO] [1770697100.954915818] [imu_filter]: Parameter RLController.pid_kd_lin set to 0.020000
[imu_filter_madgwick_node-3] [INFO] [1770697100.954982828] [imu_filter]: Parameter RLController.pid_kp_ang set to 1.240041
[imu_filter_madgwick_node-3] [INFO] [1770697100.958688930] [imu_filter]: Parameter RLController.pid_ki_ang set to 0.000000
[imu_filter_madgwick_node-3] [INFO] [1770697100.958900167] [imu_filter]: Parameter RLController.pid_kd_ang set to 0.118967
[imu_filter_madgwick_node-3] [INFO] [1770697101.371971006] [imu_filter]: Parameter RLController.pid_kp_lin set to 1.276856
[imu_filter_madgwick_node-3] [INFO] [1770697101.372208195] [imu_filter]: Parameter RLController.pid_ki_lin set to 0.000000
[imu_filter_madgwick_node-3] [INFO] [1770697101.372295749] [imu_filter]: Parameter RLController.pid_kd_lin set to 0.020000
[imu_filter_madgwick_node-3] [INFO] [1770697101.372494186] [imu_filter]: Parameter RLController.pid_kp_ang set to 1.240462
[imu_filter_madgwick_node-3] [INFO] [1770697101.372565707] [imu_filter]: Parameter RLController.pid_ki_ang set to 0.000000
[imu_filter_madgwick_node-3] [INFO] [1770697101.372625133] [imu_filter]: Parameter RLController.pid_kd_ang set to 0.118849
[imu_filter_madgwick_node-3] [INFO] [1770697101.789382585] [imu_filter]: Parameter RLController.pid_kp_lin set to 1.277134
[imu_filter_madgwick_node-3] [INFO] [1770697101.789603198] [imu_filter]: Parameter RLController.pid_ki_lin set to 0.000000
[imu_filter_madgwick_node-3] [INFO] [1770697101.789844676] [imu_filter]: Parameter RLController.pid_kd_lin set to 0.020000
[imu_filter_madgwick_node-3] [INFO] [1770697101.789949158] [imu_filter]: Parameter RLController.pid_kp_ang set to 1.240882
[imu_filter_madgwick_node-3] [INFO] [1770697101.790015752] [imu_filter]: Parameter RLController.pid_ki_ang set to 0.000000
[imu_filter_madgwick_node-3] [INFO] [1770697101.790076905] [imu_filter]: Parameter RLController.pid_kd_ang set to 0.118731
[imu_filter_madgwick_node-3] [INFO] [1770697102.224594451] [imu_filter]: Parameter RLController.pid_kp_lin set to 1.277412
[imu_filter_madgwick_node-3] [INFO] [1770697102.224808376] [imu_filter]: Parameter RLController.pid_ki_lin set to 0.000000
[imu_filter_madgwick_node-3] [INFO] [1770697102.224881402] [imu_filter]: Parameter RLController.pid_kd_lin set to 0.020000
[imu_filter_madgwick_node-3] [INFO] [1770697102.224945180] [imu_filter]: Parameter RLController.pid_kp_ang set to 1.241302
[imu_filter_madgwick_node-3] [INFO] [1770697102.225002941] [imu_filter]: Parameter RLController.pid_ki_ang set to 0.000000
[imu_filter_madgwick_node-3] [INFO] [1770697102.225060734] [imu_filter]: Parameter RLController.pid_kd_ang set to 0.118613
[imu_filter_madgwick_node-3] [INFO] [1770697102.639790491] [imu_filter]: Parameter RLController.pid_kp_lin set to 1.277690
[imu_filter_madgwick_node-3] [INFO] [1770697102.639985504] [imu_filter]: Parameter RLController.pid_ki_lin set to 0.000000
[imu_filter_madgwick_node-3] [INFO] [1770697102.640061954] [imu_filter]: Parameter RLController.pid_kd_lin set to 0.020000
[imu_filter_madgwick_node-3] [INFO] [1770697102.640129795] [imu_filter]: Parameter RLController.pid_kp_ang set to 1.241722
[imu_filter_madgwick_node-3] [INFO] [1770697102.640211045] [imu_filter]: Parameter RLController.pid_ki_ang set to 0.000000
[imu_filter_madgwick_node-3] [INFO] [1770697102.640281991] [imu_filter]: Parameter RLController.pid_kd_ang set to 0.118495
[imu_filter_madgwick_node-3] [INFO] [1770697103.050653022] [imu_filter]: Parameter RLController.pid_kp_lin set to 1.277969
[imu_filter_madgwick_node-3] [INFO] [1770697103.050891716] [imu_filter]: Parameter RLController.pid_ki_lin set to 0.000000
[imu_filter_madgwick_node-3] [INFO] [1770697103.050976070] [imu_filter]: Parameter RLController.pid_kd_lin set to 0.020000
[imu_filter_madgwick_node-3] [INFO] [1770697103.051041863] [imu_filter]: Parameter RLController.pid_kp_ang set to 1.242142
[imu_filter_madgwick_node-3] [INFO] [1770697103.051101481] [imu_filter]: Parameter RLController.pid_ki_ang set to 0.000000
[imu_filter_madgwick_node-3] [INFO] [1770697103.051158730] [imu_filter]: Parameter RLController.pid_kd_ang set to 0.118377
[imu_filter_madgwick_node-3] [INFO] [1770697103.472309725] [imu_filter]: Parameter RLController.pid_kp_lin set to 1.278248
[imu_filter_madgwick_node-3] [INFO] [1770697103.472589795] [imu_filter]: Parameter RLController.pid_ki_lin set to 0.000000
[imu_filter_madgwick_node-3] [INFO] [1770697103.472838505] [imu_filter]: Parameter RLController.pid_kd_lin set to 0.020000
[imu_filter_madgwick_node-3] [INFO] [1770697103.472913675] [imu_filter]: Parameter RLController.pid_kp_ang set to 1.242563
[imu_filter_madgwick_node-3] [INFO] [1770697103.472975052] [imu_filter]: Parameter RLController.pid_ki_ang set to 0.000000
[imu_filter_madgwick_node-3] [INFO] [1770697103.473032718] [imu_filter]: Parameter RLController.pid_kd_ang set to 0.118259
[imu_filter_madgwick_node-3] [INFO] [1770697103.886714514] [imu_filter]: Parameter RLController.pid_kp_lin set to 1.278527
[imu_filter_madgwick_node-3] [INFO] [1770697103.890862963] [imu_filter]: Parameter RLController.pid_ki_lin set to 0.000000
[imu_filter_madgwick_node-3] [INFO] [1770697103.892699518] [imu_filter]: Parameter RLController.pid_kd_lin set to 0.020000
[imu_filter_madgwick_node-3] [INFO] [1770697103.892962116] [imu_filter]: Parameter RLController.pid_kp_ang set to 1.242983
[imu_filter_madgwick_node-3] [INFO] [1770697103.893033989] [imu_filter]: Parameter RLController.pid_ki_ang set to 0.000000
[imu_filter_madgwick_node-3] [INFO] [1770697103.893096039] [imu_filter]: Parameter RLController.pid_kd_ang set to 0.118140
[imu_filter_madgwick_node-3] [INFO] [1770697104.299429792] [imu_filter]: Parameter RLController.pid_kp_lin set to 1.278806
[imu_filter_madgwick_node-3] [INFO] [1770697104.299637637] [imu_filter]: Parameter RLController.pid_ki_lin set to 0.000000
[imu_filter_madgwick_node-3] [INFO] [1770697104.299707335] [imu_filter]: Parameter RLController.pid_kd_lin set to 0.020000
[imu_filter_madgwick_node-3] [INFO] [1770697104.299769416] [imu_filter]: Parameter RLController.pid_kp_ang set to 1.243403
[imu_filter_madgwick_node-3] [INFO] [1770697104.305060292] [imu_filter]: Parameter RLController.pid_ki_ang set to 0.000000
[imu_filter_madgwick_node-3] [INFO] [1770697104.305415340] [imu_filter]: Parameter RLController.pid_kd_ang set to 0.118022
[imu_filter_madgwick_node-3] [INFO] [1770697104.715003857] [imu_filter]: Parameter RLController.pid_kp_lin set to 1.279085
[imu_filter_madgwick_node-3] [INFO] [1770697104.715341497] [imu_filter]: Parameter RLController.pid_ki_lin set to 0.000000
[imu_filter_madgwick_node-3] [INFO] [1770697104.715805412] [imu_filter]: Parameter RLController.pid_kd_lin set to 0.020000
[imu_filter_madgwick_node-3] [INFO] [1770697104.715899686] [imu_filter]: Parameter RLController.pid_kp_ang set to 1.243823
[imu_filter_madgwick_node-3] [INFO] [1770697104.715974376] [imu_filter]: Parameter RLController.pid_ki_ang set to 0.000000
[imu_filter_madgwick_node-3] [INFO] [1770697104.716034633] [imu_filter]: Parameter RLController.pid_kd_ang set to 0.117904
[imu_filter_madgwick_node-3] [INFO] [1770697105.130455167] [imu_filter]: Parameter RLController.pid_kp_lin set to 1.279364
[imu_filter_madgwick_node-3] [INFO] [1770697105.130678180] [imu_filter]: Parameter RLController.pid_ki_lin set to 0.000000
[imu_filter_madgwick_node-3] [INFO] [1770697105.130756486] [imu_filter]: Parameter RLController.pid_kd_lin set to 0.020000
[imu_filter_madgwick_node-3] [INFO] [1770697105.130822696] [imu_filter]: Parameter RLController.pid_kp_ang set to 1.244243
[imu_filter_madgwick_node-3] [INFO] [1770697105.130881353] [imu_filter]: Parameter RLController.pid_ki_ang set to 0.000000
[imu_filter_madgwick_node-3] [INFO] [1770697105.130956075] [imu_filter]: Parameter RLController.pid_kd_ang set to 0.117786
[imu_filter_madgwick_node-3] [INFO] [1770697105.547151498] [imu_filter]: Parameter RLController.pid_kp_lin set to 1.279644
[imu_filter_madgwick_node-3] [INFO] [1770697105.547382031] [imu_filter]: Parameter RLController.pid_ki_lin set to 0.000000
[imu_filter_madgwick_node-3] [INFO] [1770697105.549531713] [imu_filter]: Parameter RLController.pid_kd_lin set to 0.020000
[imu_filter_madgwick_node-3] [INFO] [1770697105.549732550] [imu_filter]: Parameter RLController.pid_kp_ang set to 1.244664
[imu_filter_madgwick_node-3] [INFO] [1770697105.549805064] [imu_filter]: Parameter RLController.pid_ki_ang set to 0.000000
[imu_filter_madgwick_node-3] [INFO] [1770697105.549873417] [imu_filter]: Parameter RLController.pid_kd_ang set to 0.117668
[imu_filter_madgwick_node-3] [INFO] [1770697105.971638954] [imu_filter]: Parameter RLController.pid_kp_lin set to 1.279923
[imu_filter_madgwick_node-3] [INFO] [1770697105.971834799] [imu_filter]: Parameter RLController.pid_ki_lin set to 0.000000
[imu_filter_madgwick_node-3] [INFO] [1770697105.971905169] [imu_filter]: Parameter RLController.pid_kd_lin set to 0.020000
[imu_filter_madgwick_node-3] [INFO] [1770697105.971967090] [imu_filter]: Parameter RLController.pid_kp_ang set to 1.245084
[imu_filter_madgwick_node-3] [INFO] [1770697105.972022899] [imu_filter]: Parameter RLController.pid_ki_ang set to 0.000000
[imu_filter_madgwick_node-3] [INFO] [1770697105.972080277] [imu_filter]: Parameter RLController.pid_kd_ang set to 0.117549
[imu_filter_madgwick_node-3] [INFO] [1770697106.386253925] [imu_filter]: Parameter RLController.pid_kp_lin set to 1.280203
[imu_filter_madgwick_node-3] [INFO] [1770697106.386440969] [imu_filter]: Parameter RLController.pid_ki_lin set to 0.000000
[imu_filter_madgwick_node-3] [INFO] [1770697106.386506123] [imu_filter]: Parameter RLController.pid_kd_lin set to 0.020000
[imu_filter_madgwick_node-3] [INFO] [1770697106.387108377] [imu_filter]: Parameter RLController.pid_kp_ang set to 1.245504
[imu_filter_madgwick_node-3] [INFO] [1770697106.387194267] [imu_filter]: Parameter RLController.pid_ki_ang set to 0.000000
[imu_filter_madgwick_node-3] [INFO] [1770697106.387253212] [imu_filter]: Parameter RLController.pid_kd_ang set to 0.117431
[imu_filter_madgwick_node-3] [INFO] [1770697106.821815303] [imu_filter]: Parameter RLController.pid_kp_lin set to 1.280483
[imu_filter_madgwick_node-3] [INFO] [1770697106.822014764] [imu_filter]: Parameter RLController.pid_ki_lin set to 0.000000
[imu_filter_madgwick_node-3] [INFO] [1770697106.822088205] [imu_filter]: Parameter RLController.pid_kd_lin set to 0.020000
[imu_filter_madgwick_node-3] [INFO] [1770697106.822156335] [imu_filter]: Parameter RLController.pid_kp_ang set to 1.245924
[imu_filter_madgwick_node-3] [INFO] [1770697106.822214256] [imu_filter]: Parameter RLController.pid_ki_ang set to 0.000000
[imu_filter_madgwick_node-3] [INFO] [1770697106.822389204] [imu_filter]: Parameter RLController.pid_kd_ang set to 0.117313
[imu_filter_madgwick_node-3] [INFO] [1770697107.226520251] [imu_filter]: Parameter RLController.pid_kp_lin set to 1.280763
[imu_filter_madgwick_node-3] [INFO] [1770697107.226741600] [imu_filter]: Parameter RLController.pid_ki_lin set to 0.000000
[imu_filter_madgwick_node-3] [INFO] [1770697107.226978053] [imu_filter]: Parameter RLController.pid_kd_lin set to 0.020000
[imu_filter_madgwick_node-3] [INFO] [1770697107.227055111] [imu_filter]: Parameter RLController.pid_kp_ang set to 1.246344
[imu_filter_madgwick_node-3] [INFO] [1770697107.227113416] [imu_filter]: Parameter RLController.pid_ki_ang set to 0.000000
[imu_filter_madgwick_node-3] [INFO] [1770697107.227172458] [imu_filter]: Parameter RLController.pid_kd_ang set to 0.117195
[imu_filter_madgwick_node-3] [INFO] [1770697107.642216526] [imu_filter]: Parameter RLController.pid_kp_lin set to 1.281043
[imu_filter_madgwick_node-3] [INFO] [1770697107.642433171] [imu_filter]: Parameter RLController.pid_ki_lin set to 0.000000
[imu_filter_madgwick_node-3] [INFO] [1770697107.642520213] [imu_filter]: Parameter RLController.pid_kd_lin set to 0.020000
[imu_filter_madgwick_node-3] [INFO] [1770697107.642590295] [imu_filter]: Parameter RLController.pid_kp_ang set to 1.246765
[imu_filter_madgwick_node-3] [INFO] [1770697107.642654136] [imu_filter]: Parameter RLController.pid_ki_ang set to 0.000000
[imu_filter_madgwick_node-3] [INFO] [1770697107.642720442] [imu_filter]: Parameter RLController.pid_kd_ang set to 0.117076
[imu_filter_madgwick_node-3] [INFO] [1770697108.058371085] [imu_filter]: Parameter RLController.pid_kp_lin set to 1.281322
[imu_filter_madgwick_node-3] [INFO] [1770697108.058593778] [imu_filter]: Parameter RLController.pid_ki_lin set to 0.000000
[imu_filter_madgwick_node-3] [INFO] [1770697108.058669459] [imu_filter]: Parameter RLController.pid_kd_lin set to 0.020000
[imu_filter_madgwick_node-3] [INFO] [1770697108.058732245] [imu_filter]: Parameter RLController.pid_kp_ang set to 1.247185
[imu_filter_madgwick_node-3] [INFO] [1770697108.058789430] [imu_filter]: Parameter RLController.pid_ki_ang set to 0.000000
[imu_filter_madgwick_node-3] [INFO] [1770697108.058844824] [imu_filter]: Parameter RLController.pid_kd_ang set to 0.116958
[imu_filter_madgwick_node-3] [INFO] [1770697108.482036090] [imu_filter]: Parameter RLController.pid_kp_lin set to 1.281602
[imu_filter_madgwick_node-3] [INFO] [1770697108.482234974] [imu_filter]: Parameter RLController.pid_ki_lin set to 0.000000
[imu_filter_madgwick_node-3] [INFO] [1770697108.482437955] [imu_filter]: Parameter RLController.pid_kd_lin set to 0.020000
[imu_filter_madgwick_node-3] [INFO] [1770697108.482511493] [imu_filter]: Parameter RLController.pid_kp_ang set to 1.247605
[imu_filter_madgwick_node-3] [INFO] [1770697108.482570374] [imu_filter]: Parameter RLController.pid_ki_ang set to 0.000000
[imu_filter_madgwick_node-3] [INFO] [1770697108.482626600] [imu_filter]: Parameter RLController.pid_kd_ang set to 0.116840
[imu_filter_madgwick_node-3] [INFO] [1770697108.892898493] [imu_filter]: Parameter RLController.pid_kp_lin set to 1.281882
[imu_filter_madgwick_node-3] [INFO] [1770697108.893109506] [imu_filter]: Parameter RLController.pid_ki_lin set to 0.000000
[imu_filter_madgwick_node-3] [INFO] [1770697108.893183235] [imu_filter]: Parameter RLController.pid_kd_lin set to 0.020000
[imu_filter_madgwick_node-3] [INFO] [1770697108.893247973] [imu_filter]: Parameter RLController.pid_kp_ang set to 1.248025
[imu_filter_madgwick_node-3] [INFO] [1770697108.893309126] [imu_filter]: Parameter RLController.pid_ki_ang set to 0.000000
[imu_filter_madgwick_node-3] [INFO] [1770697108.893369160] [imu_filter]: Parameter RLController.pid_kd_ang set to 0.116722
[imu_filter_madgwick_node-3] [INFO] [1770697109.312557325] [imu_filter]: Parameter RLController.pid_kp_lin set to 1.282161
[imu_filter_madgwick_node-3] [INFO] [1770697109.312778994] [imu_filter]: Parameter RLController.pid_ki_lin set to 0.000000
[imu_filter_madgwick_node-3] [INFO] [1770697109.312849971] [imu_filter]: Parameter RLController.pid_kd_lin set to 0.020000
[imu_filter_madgwick_node-3] [INFO] [1770697109.312916437] [imu_filter]: Parameter RLController.pid_kp_ang set to 1.248445
[imu_filter_madgwick_node-3] [INFO] [1770697109.312975414] [imu_filter]: Parameter RLController.pid_ki_ang set to 0.000000
[imu_filter_madgwick_node-3] [INFO] [1770697109.313030328] [imu_filter]: Parameter RLController.pid_kd_ang set to 0.116603
[imu_filter_madgwick_node-3] [INFO] [1770697109.728854638] [imu_filter]: Parameter RLController.pid_kp_lin set to 1.282441
[imu_filter_madgwick_node-3] [INFO] [1770697109.729040915] [imu_filter]: Parameter RLController.pid_ki_lin set to 0.000000
[imu_filter_madgwick_node-3] [INFO] [1770697109.729106804] [imu_filter]: Parameter RLController.pid_kd_lin set to 0.020000
[imu_filter_madgwick_node-3] [INFO] [1770697109.729171926] [imu_filter]: Parameter RLController.pid_kp_ang set to 1.248866
[imu_filter_madgwick_node-3] [INFO] [1770697109.729228535] [imu_filter]: Parameter RLController.pid_ki_ang set to 0.000000
[imu_filter_madgwick_node-3] [INFO] [1770697109.729285528] [imu_filter]: Parameter RLController.pid_kd_ang set to 0.116485
[imu_filter_madgwick_node-3] [INFO] [1770697110.142630517] [imu_filter]: Parameter RLController.pid_kp_lin set to 1.282721
[imu_filter_madgwick_node-3] [INFO] [1770697110.143001726] [imu_filter]: Parameter RLController.pid_ki_lin set to 0.000000
[imu_filter_madgwick_node-3] [INFO] [1770697110.143089472] [imu_filter]: Parameter RLController.pid_kd_lin set to 0.020000
[imu_filter_madgwick_node-3] [INFO] [1770697110.143153089] [imu_filter]: Parameter RLController.pid_kp_ang set to 1.249286
[imu_filter_madgwick_node-3] [INFO] [1770697110.143209347] [imu_filter]: Parameter RLController.pid_ki_ang set to 0.000000
[imu_filter_madgwick_node-3] [INFO] [1770697110.143263812] [imu_filter]: Parameter RLController.pid_kd_ang set to 0.116367
[imu_filter_madgwick_node-3] [INFO] [1770697110.563510849] [imu_filter]: Parameter RLController.pid_kp_lin set to 1.283000
[imu_filter_madgwick_node-3] [INFO] [1770697110.563874858] [imu_filter]: Parameter RLController.pid_ki_lin set to 0.000000
[imu_filter_madgwick_node-3] [INFO] [1770697110.563952908] [imu_filter]: Parameter RLController.pid_kd_lin set to 0.020000
[imu_filter_madgwick_node-3] [INFO] [1770697110.564016045] [imu_filter]: Parameter RLController.pid_kp_ang set to 1.249706
[imu_filter_madgwick_node-3] [INFO] [1770697110.564072207] [imu_filter]: Parameter RLController.pid_ki_ang set to 0.000000
[imu_filter_madgwick_node-3] [INFO] [1770697110.564125520] [imu_filter]: Parameter RLController.pid_kd_ang set to 0.116249
[imu_filter_madgwick_node-3] [INFO] [1770697110.980441778] [imu_filter]: Parameter RLController.pid_kp_lin set to 1.283280
[imu_filter_madgwick_node-3] [INFO] [1770697110.980652407] [imu_filter]: Parameter RLController.pid_ki_lin set to 0.000000
[imu_filter_madgwick_node-3] [INFO] [1770697110.980737945] [imu_filter]: Parameter RLController.pid_kd_lin set to 0.020000
[imu_filter_madgwick_node-3] [INFO] [1770697110.987134318] [imu_filter]: Parameter RLController.pid_kp_ang set to 1.250126
[imu_filter_madgwick_node-3] [INFO] [1770697110.987321714] [imu_filter]: Parameter RLController.pid_ki_ang set to 0.000000
[imu_filter_madgwick_node-3] [INFO] [1770697110.987393396] [imu_filter]: Parameter RLController.pid_kd_ang set to 0.116131
[imu_filter_madgwick_node-3] [INFO] [1770697111.412508579] [imu_filter]: Parameter RLController.pid_kp_lin set to 1.283559
[imu_filter_madgwick_node-3] [INFO] [1770697111.413033423] [imu_filter]: Parameter RLController.pid_ki_lin set to 0.000000
[imu_filter_madgwick_node-3] [INFO] [1770697111.413132465] [imu_filter]: Parameter RLController.pid_kd_lin set to 0.020000
[imu_filter_madgwick_node-3] [INFO] [1770697111.413374071] [imu_filter]: Parameter RLController.pid_kp_ang set to 1.250546
[imu_filter_madgwick_node-3] [INFO] [1770697111.413446489] [imu_filter]: Parameter RLController.pid_ki_ang set to 0.000000
[imu_filter_madgwick_node-3] [INFO] [1770697111.413506330] [imu_filter]: Parameter RLController.pid_kd_ang set to 0.116012
[imu_filter_madgwick_node-3] [INFO] [1770697111.851774779] [imu_filter]: Parameter RLController.pid_kp_lin set to 1.283839
[imu_filter_madgwick_node-3] [INFO] [1770697111.852128516] [imu_filter]: Parameter RLController.pid_ki_lin set to 0.000000
[imu_filter_madgwick_node-3] [INFO] [1770697111.852303432] [imu_filter]: Parameter RLController.pid_kd_lin set to 0.020000
[imu_filter_madgwick_node-3] [INFO] [1770697111.852377385] [imu_filter]: Parameter RLController.pid_kp_ang set to 1.250967
[imu_filter_madgwick_node-3] [INFO] [1770697111.852437451] [imu_filter]: Parameter RLController.pid_ki_ang set to 0.000000
[imu_filter_madgwick_node-3] [INFO] [1770697111.852493772] [imu_filter]: Parameter RLController.pid_kd_ang set to 0.115894
[imu_filter_madgwick_node-3] [INFO] [1770697112.278935258] [imu_filter]: Parameter RLController.pid_kp_lin set to 1.284119
[imu_filter_madgwick_node-3] [INFO] [1770697112.279147519] [imu_filter]: Parameter RLController.pid_ki_lin set to 0.000000
[imu_filter_madgwick_node-3] [INFO] [1770697112.279219713] [imu_filter]: Parameter RLController.pid_kd_lin set to 0.020000
[imu_filter_madgwick_node-3] [INFO] [1770697112.279284418] [imu_filter]: Parameter RLController.pid_kp_ang set to 1.251387
[imu_filter_madgwick_node-3] [INFO] [1770697112.279335587] [imu_filter]: Parameter RLController.pid_ki_ang set to 0.000000
[imu_filter_madgwick_node-3] [INFO] [1770697112.279731405] [imu_filter]: Parameter RLController.pid_kd_ang set to 0.115776
[imu_filter_madgwick_node-3] [INFO] [1770697112.700470134] [imu_filter]: Parameter RLController.pid_kp_lin set to 1.284399
[imu_filter_madgwick_node-3] [INFO] [1770697112.700676090] [imu_filter]: Parameter RLController.pid_ki_lin set to 0.000000
[imu_filter_madgwick_node-3] [INFO] [1770697112.700877759] [imu_filter]: Parameter RLController.pid_kd_lin set to 0.020000
[imu_filter_madgwick_node-3] [INFO] [1770697112.700989986] [imu_filter]: Parameter RLController.pid_kp_ang set to 1.251807
[imu_filter_madgwick_node-3] [INFO] [1770697112.701095108] [imu_filter]: Parameter RLController.pid_ki_ang set to 0.000000
[imu_filter_madgwick_node-3] [INFO] [1770697112.701157958] [imu_filter]: Parameter RLController.pid_kd_ang set to 0.115658
[imu_filter_madgwick_node-3] [INFO] [1770697113.115072912] [imu_filter]: Parameter RLController.pid_kp_lin set to 1.284679
[imu_filter_madgwick_node-3] [INFO] [1770697113.115298293] [imu_filter]: Parameter RLController.pid_ki_lin set to 0.000000
[imu_filter_madgwick_node-3] [INFO] [1770697113.115449785] [imu_filter]: Parameter RLController.pid_kd_lin set to 0.020000
[imu_filter_madgwick_node-3] [INFO] [1770697113.115524154] [imu_filter]: Parameter RLController.pid_kp_ang set to 1.252227
[imu_filter_madgwick_node-3] [INFO] [1770697113.115584316] [imu_filter]: Parameter RLController.pid_ki_ang set to 0.000000
[imu_filter_madgwick_node-3] [INFO] [1770697113.115660413] [imu_filter]: Parameter RLController.pid_kd_ang set to 0.115539
[imu_filter_madgwick_node-3] [INFO] [1770697113.532810803] [imu_filter]: Parameter RLController.pid_kp_lin set to 1.284959
[imu_filter_madgwick_node-3] [INFO] [1770697113.533037368] [imu_filter]: Parameter RLController.pid_ki_lin set to 0.000000
[imu_filter_madgwick_node-3] [INFO] [1770697113.533108538] [imu_filter]: Parameter RLController.pid_kd_lin set to 0.020000
[imu_filter_madgwick_node-3] [INFO] [1770697113.533176667] [imu_filter]: Parameter RLController.pid_kp_ang set to 1.252648
[imu_filter_madgwick_node-3] [INFO] [1770697113.533236701] [imu_filter]: Parameter RLController.pid_ki_ang set to 0.000000
[imu_filter_madgwick_node-3] [INFO] [1770697113.533295422] [imu_filter]: Parameter RLController.pid_kd_ang set to 0.115421
[imu_filter_madgwick_node-3] [INFO] [1770697113.944685870] [imu_filter]: Parameter RLController.pid_kp_lin set to 1.285238
[imu_filter_madgwick_node-3] [INFO] [1770697113.944879538] [imu_filter]: Parameter RLController.pid_ki_lin set to 0.000000
[imu_filter_madgwick_node-3] [INFO] [1770697113.944950868] [imu_filter]: Parameter RLController.pid_kd_lin set to 0.020000
[imu_filter_madgwick_node-3] [INFO] [1770697113.945011253] [imu_filter]: Parameter RLController.pid_kp_ang set to 1.253068
[imu_filter_madgwick_node-3] [INFO] [1770697113.945068822] [imu_filter]: Parameter RLController.pid_ki_ang set to 0.000000
[imu_filter_madgwick_node-3] [INFO] [1770697113.945126712] [imu_filter]: Parameter RLController.pid_kd_ang set to 0.115303
[imu_filter_madgwick_node-3] [INFO] [1770697114.369216303] [imu_filter]: Parameter RLController.pid_kp_lin set to 1.285518
[imu_filter_madgwick_node-3] [INFO] [1770697114.369422900] [imu_filter]: Parameter RLController.pid_ki_lin set to 0.000000
[imu_filter_madgwick_node-3] [INFO] [1770697114.369494677] [imu_filter]: Parameter RLController.pid_kd_lin set to 0.020000
[imu_filter_madgwick_node-3] [INFO] [1770697114.369557271] [imu_filter]: Parameter RLController.pid_kp_ang set to 1.253488
[imu_filter_madgwick_node-3] [INFO] [1770697114.369613560] [imu_filter]: Parameter RLController.pid_ki_ang set to 0.000000
[imu_filter_madgwick_node-3] [INFO] [1770697114.369674522] [imu_filter]: Parameter RLController.pid_kd_ang set to 0.115185
[imu_filter_madgwick_node-3] [INFO] [1770697114.785626131] [imu_filter]: Parameter RLController.pid_kp_lin set to 1.285798
[imu_filter_madgwick_node-3] [INFO] [1770697114.785822680] [imu_filter]: Parameter RLController.pid_ki_lin set to 0.000000
[imu_filter_madgwick_node-3] [INFO] [1770697114.785891033] [imu_filter]: Parameter RLController.pid_kd_lin set to 0.020000
[imu_filter_madgwick_node-3] [INFO] [1770697114.785960123] [imu_filter]: Parameter RLController.pid_kp_ang set to 1.253908
[imu_filter_madgwick_node-3] [INFO] [1770697114.786016924] [imu_filter]: Parameter RLController.pid_ki_ang set to 0.000000
[imu_filter_madgwick_node-3] [INFO] [1770697114.786072798] [imu_filter]: Parameter RLController.pid_kd_ang set to 0.115066
[imu_filter_madgwick_node-3] [INFO] [1770697115.199582206] [imu_filter]: Parameter RLController.pid_kp_lin set to 1.286077
[imu_filter_madgwick_node-3] [INFO] [1770697115.199904390] [imu_filter]: Parameter RLController.pid_ki_lin set to 0.000000
[imu_filter_madgwick_node-3] [INFO] [1770697115.200001992] [imu_filter]: Parameter RLController.pid_kd_lin set to 0.020000
[imu_filter_madgwick_node-3] [INFO] [1770697115.200084554] [imu_filter]: Parameter RLController.pid_kp_ang set to 1.254328
[imu_filter_madgwick_node-3] [INFO] [1770697115.200141419] [imu_filter]: Parameter RLController.pid_ki_ang set to 0.000000
[imu_filter_madgwick_node-3] [INFO] [1770697115.200230637] [imu_filter]: Parameter RLController.pid_kd_ang set to 0.114948
[imu_filter_madgwick_node-3] [INFO] [1770697115.615730524] [imu_filter]: Parameter RLController.pid_kp_lin set to 1.286356
[imu_filter_madgwick_node-3] [INFO] [1770697115.615926241] [imu_filter]: Parameter RLController.pid_ki_lin set to 0.000000
[imu_filter_madgwick_node-3] [INFO] [1770697115.616000483] [imu_filter]: Parameter RLController.pid_kd_lin set to 0.020000
[imu_filter_madgwick_node-3] [INFO] [1770697115.616068164] [imu_filter]: Parameter RLController.pid_kp_ang set to 1.254749
[imu_filter_madgwick_node-3] [INFO] [1770697115.616127558] [imu_filter]: Parameter RLController.pid_ki_ang set to 0.000000
[imu_filter_madgwick_node-3] [INFO] [1770697115.616212296] [imu_filter]: Parameter RLController.pid_kd_ang set to 0.114830
[imu_filter_madgwick_node-3] [INFO] [1770697116.028285287] [imu_filter]: Parameter RLController.pid_kp_lin set to 1.286636
[imu_filter_madgwick_node-3] [INFO] [1770697116.028624143] [imu_filter]: Parameter RLController.pid_ki_lin set to 0.000000
[imu_filter_madgwick_node-3] [INFO] [1770697116.028701584] [imu_filter]: Parameter RLController.pid_kd_lin set to 0.020000
[imu_filter_madgwick_node-3] [INFO] [1770697116.028886645] [imu_filter]: Parameter RLController.pid_kp_ang set to 1.255169
[imu_filter_madgwick_node-3] [INFO] [1770697116.028956086] [imu_filter]: Parameter RLController.pid_ki_ang set to 0.000000
[imu_filter_madgwick_node-3] [INFO] [1770697116.029012184] [imu_filter]: Parameter RLController.pid_kd_ang set to 0.114712
[imu_filter_madgwick_node-3] [INFO] [1770697116.445541887] [imu_filter]: Parameter RLController.pid_kp_lin set to 1.286916
[imu_filter_madgwick_node-3] [INFO] [1770697116.445768452] [imu_filter]: Parameter RLController.pid_ki_lin set to 0.000000
[imu_filter_madgwick_node-3] [INFO] [1770697116.445839078] [imu_filter]: Parameter RLController.pid_kd_lin set to 0.020000
[imu_filter_madgwick_node-3] [INFO] [1770697116.445900775] [imu_filter]: Parameter RLController.pid_kp_ang set to 1.255589
[imu_filter_madgwick_node-3] [INFO] [1770697116.445958344] [imu_filter]: Parameter RLController.pid_ki_ang set to 0.000000
[imu_filter_madgwick_node-3] [INFO] [1770697116.446014314] [imu_filter]: Parameter RLController.pid_kd_ang set to 0.114594
[imu_filter_madgwick_node-3] [INFO] [1770697116.864218072] [imu_filter]: Parameter RLController.pid_kp_lin set to 1.287195
[imu_filter_madgwick_node-3] [INFO] [1770697116.864429821] [imu_filter]: Parameter RLController.pid_ki_lin set to 0.000000
[imu_filter_madgwick_node-3] [INFO] [1770697116.864501086] [imu_filter]: Parameter RLController.pid_kd_lin set to 0.020000
[imu_filter_madgwick_node-3] [INFO] [1770697116.869215276] [imu_filter]: Parameter RLController.pid_kp_ang set to 1.256009
[imu_filter_madgwick_node-3] [INFO] [1770697116.869535188] [imu_filter]: Parameter RLController.pid_ki_ang set to 0.000000
[imu_filter_madgwick_node-3] [INFO] [1770697116.869681271] [imu_filter]: Parameter RLController.pid_kd_ang set to 0.114475
[imu_filter_madgwick_node-3] [INFO] [1770697117.289346503] [imu_filter]: Parameter RLController.pid_kp_lin set to 1.287475
[imu_filter_madgwick_node-3] [INFO] [1770697117.289556748] [imu_filter]: Parameter RLController.pid_ki_lin set to 0.000000
[imu_filter_madgwick_node-3] [INFO] [1770697117.289629102] [imu_filter]: Parameter RLController.pid_kd_lin set to 0.020000
[imu_filter_madgwick_node-3] [INFO] [1770697117.289693775] [imu_filter]: Parameter RLController.pid_kp_ang set to 1.256429
[imu_filter_madgwick_node-3] [INFO] [1770697117.289748912] [imu_filter]: Parameter RLController.pid_ki_ang set to 0.000000
[imu_filter_madgwick_node-3] [INFO] [1770697117.289806386] [imu_filter]: Parameter RLController.pid_kd_ang set to 0.114357
[imu_filter_madgwick_node-3] [INFO] [1770697117.722626004] [imu_filter]: Parameter RLController.pid_kp_lin set to 1.287755
[imu_filter_madgwick_node-3] [INFO] [1770697117.722824985] [imu_filter]: Parameter RLController.pid_ki_lin set to 0.000000
[imu_filter_madgwick_node-3] [INFO] [1770697117.722898235] [imu_filter]: Parameter RLController.pid_kd_lin set to 0.020000
[imu_filter_madgwick_node-3] [INFO] [1770697117.722963100] [imu_filter]: Parameter RLController.pid_kp_ang set to 1.256850
[imu_filter_madgwick_node-3] [INFO] [1770697117.723024413] [imu_filter]: Parameter RLController.pid_ki_ang set to 0.000000
[imu_filter_madgwick_node-3] [INFO] [1770697117.723084287] [imu_filter]: Parameter RLController.pid_kd_ang set to 0.114239
[imu_filter_madgwick_node-3] [INFO] [1770697118.133707932] [imu_filter]: Parameter RLController.pid_kp_lin set to 1.288034
[imu_filter_madgwick_node-3] [INFO] [1770697118.133956866] [imu_filter]: Parameter RLController.pid_ki_lin set to 0.000000
[imu_filter_madgwick_node-3] [INFO] [1770697118.139719528] [imu_filter]: Parameter RLController.pid_kd_lin set to 0.020000
[imu_filter_madgwick_node-3] [INFO] [1770697118.140159091] [imu_filter]: Parameter RLController.pid_kp_ang set to 1.257270
[imu_filter_madgwick_node-3] [INFO] [1770697118.140349175] [imu_filter]: Parameter RLController.pid_ki_ang set to 0.000000
[imu_filter_madgwick_node-3] [INFO] [1770697118.140427033] [imu_filter]: Parameter RLController.pid_kd_ang set to 0.114121
[imu_filter_madgwick_node-3] [INFO] [1770697118.553041253] [imu_filter]: Parameter RLController.pid_kp_lin set to 1.288314
[imu_filter_madgwick_node-3] [INFO] [1770697118.553225065] [imu_filter]: Parameter RLController.pid_ki_lin set to 0.000000
[imu_filter_madgwick_node-3] [INFO] [1770697118.553293195] [imu_filter]: Parameter RLController.pid_kd_lin set to 0.020000
[imu_filter_madgwick_node-3] [INFO] [1770697118.553353964] [imu_filter]: Parameter RLController.pid_kp_ang set to 1.257690
[imu_filter_madgwick_node-3] [INFO] [1770697118.553408749] [imu_filter]: Parameter RLController.pid_ki_ang set to 0.000000
[imu_filter_madgwick_node-3] [INFO] [1770697118.553462574] [imu_filter]: Parameter RLController.pid_kd_ang set to 0.114002
[imu_filter_madgwick_node-3] [INFO] [1770697118.987161253] [imu_filter]: Parameter RLController.pid_kp_lin set to 1.288594
[imu_filter_madgwick_node-3] [INFO] [1770697118.987362730] [imu_filter]: Parameter RLController.pid_ki_lin set to 0.000000
[imu_filter_madgwick_node-3] [INFO] [1770697118.990682647] [imu_filter]: Parameter RLController.pid_kd_lin set to 0.020000
[imu_filter_madgwick_node-3] [INFO] [1770697118.990887132] [imu_filter]: Parameter RLController.pid_kp_ang set to 1.258110
[imu_filter_madgwick_node-3] [INFO] [1770697118.991104673] [imu_filter]: Parameter RLController.pid_ki_ang set to 0.000000
[imu_filter_madgwick_node-3] [INFO] [1770697118.991270789] [imu_filter]: Parameter RLController.pid_kd_ang set to 0.113884
[imu_filter_madgwick_node-3] [INFO] [1770697119.419546430] [imu_filter]: Parameter RLController.pid_kp_lin set to 1.288874
[imu_filter_madgwick_node-3] [INFO] [1770697119.423451385] [imu_filter]: Parameter RLController.pid_ki_lin set to 0.000000
[imu_filter_madgwick_node-3] [INFO] [1770697119.423906115] [imu_filter]: Parameter RLController.pid_kd_lin set to 0.020000
[imu_filter_madgwick_node-3] [INFO] [1770697119.424043239] [imu_filter]: Parameter RLController.pid_kp_ang set to 1.258530
[imu_filter_madgwick_node-3] [INFO] [1770697119.424115112] [imu_filter]: Parameter RLController.pid_ki_ang set to 0.000000
[imu_filter_madgwick_node-3] [INFO] [1770697119.424243467] [imu_filter]: Parameter RLController.pid_kd_ang set to 0.113766
[imu_filter_madgwick_node-3] [INFO] [1770697119.841917197] [imu_filter]: Parameter RLController.pid_kp_lin set to 1.289154
[imu_filter_madgwick_node-3] [INFO] [1770697119.842114161] [imu_filter]: Parameter RLController.pid_ki_lin set to 0.000000
[imu_filter_madgwick_node-3] [INFO] [1770697119.842185747] [imu_filter]: Parameter RLController.pid_kd_lin set to 0.020000
[imu_filter_madgwick_node-3] [INFO] [1770697119.842247893] [imu_filter]: Parameter RLController.pid_kp_ang set to 1.258951
[imu_filter_madgwick_node-3] [INFO] [1770697119.842307606] [imu_filter]: Parameter RLController.pid_ki_ang set to 0.000000
[imu_filter_madgwick_node-3] [INFO] [1770697119.842365975] [imu_filter]: Parameter RLController.pid_kd_ang set to 0.113648
[imu_filter_madgwick_node-3] [INFO] [1770697120.266177768] [imu_filter]: Parameter RLController.pid_kp_lin set to 1.289434
[imu_filter_madgwick_node-3] [INFO] [1770697120.266394349] [imu_filter]: Parameter RLController.pid_ki_lin set to 0.000000
[imu_filter_madgwick_node-3] [INFO] [1770697120.266480239] [imu_filter]: Parameter RLController.pid_kd_lin set to 0.020000
[imu_filter_madgwick_node-3] [INFO] [1770697120.266545137] [imu_filter]: Parameter RLController.pid_kp_ang set to 1.259371
[imu_filter_madgwick_node-3] [INFO] [1770697120.266607250] [imu_filter]: Parameter RLController.pid_ki_ang set to 0.000000
[imu_filter_madgwick_node-3] [INFO] [1770697120.266664307] [imu_filter]: Parameter RLController.pid_kd_ang set to 0.113529
[imu_filter_madgwick_node-3] [INFO] [1770697120.685562449] [imu_filter]: Parameter RLController.pid_kp_lin set to 1.289714
[imu_filter_madgwick_node-3] [INFO] [1770697120.685793047] [imu_filter]: Parameter RLController.pid_ki_lin set to 0.000000
[imu_filter_madgwick_node-3] [INFO] [1770697120.685866905] [imu_filter]: Parameter RLController.pid_kd_lin set to 0.020000
[imu_filter_madgwick_node-3] [INFO] [1770697120.685930298] [imu_filter]: Parameter RLController.pid_kp_ang set to 1.259791
[imu_filter_madgwick_node-3] [INFO] [1770697120.685986075] [imu_filter]: Parameter RLController.pid_ki_ang set to 0.000000
[imu_filter_madgwick_node-3] [INFO] [1770697120.686044381] [imu_filter]: Parameter RLController.pid_kd_ang set to 0.113411
[imu_filter_madgwick_node-3] [INFO] [1770697121.098129980] [imu_filter]: Parameter RLController.pid_kp_lin set to 1.289993
[imu_filter_madgwick_node-3] [INFO] [1770697121.098365762] [imu_filter]: Parameter RLController.pid_ki_lin set to 0.000000
[imu_filter_madgwick_node-3] [INFO] [1770697121.098453572] [imu_filter]: Parameter RLController.pid_kd_lin set to 0.020000
[imu_filter_madgwick_node-3] [INFO] [1770697121.103848577] [imu_filter]: Parameter RLController.pid_kp_ang set to 1.260211
[imu_filter_madgwick_node-3] [INFO] [1770697121.104046598] [imu_filter]: Parameter RLController.pid_ki_ang set to 0.000000
[imu_filter_madgwick_node-3] [INFO] [1770697121.104119208] [imu_filter]: Parameter RLController.pid_kd_ang set to 0.113293
[imu_filter_madgwick_node-3] [INFO] [1770697121.518055442] [imu_filter]: Parameter RLController.pid_kp_lin set to 1.290273
[imu_filter_madgwick_node-3] [INFO] [1770697121.518259287] [imu_filter]: Parameter RLController.pid_ki_lin set to 0.000000
[imu_filter_madgwick_node-3] [INFO] [1770697121.518341145] [imu_filter]: Parameter RLController.pid_kd_lin set to 0.020000
[imu_filter_madgwick_node-3] [INFO] [1770697121.518408955] [imu_filter]: Parameter RLController.pid_kp_ang set to 1.260631
[imu_filter_madgwick_node-3] [INFO] [1770697121.518469084] [imu_filter]: Parameter RLController.pid_ki_ang set to 0.000000
[imu_filter_madgwick_node-3] [INFO] [1770697121.518526589] [imu_filter]: Parameter RLController.pid_kd_ang set to 0.113175
[imu_filter_madgwick_node-3] [INFO] [1770697121.939248038] [imu_filter]: Parameter RLController.pid_kp_lin set to 1.290553
[imu_filter_madgwick_node-3] [INFO] [1770697121.939612814] [imu_filter]: Parameter RLController.pid_ki_lin set to 0.000000
[imu_filter_madgwick_node-3] [INFO] [1770697121.939698160] [imu_filter]: Parameter RLController.pid_kd_lin set to 0.020000
[imu_filter_madgwick_node-3] [INFO] [1770697121.939766002] [imu_filter]: Parameter RLController.pid_kp_ang set to 1.261052
[imu_filter_madgwick_node-3] [INFO] [1770697121.944104727] [imu_filter]: Parameter RLController.pid_ki_ang set to 0.000000
[imu_filter_madgwick_node-3] [INFO] [1770697121.944658020] [imu_filter]: Parameter RLController.pid_kd_ang set to 0.113056
[imu_filter_madgwick_node-3] [INFO] [1770697122.374798888] [imu_filter]: Parameter RLController.pid_kp_lin set to 1.290833
[imu_filter_madgwick_node-3] [INFO] [1770697122.375034766] [imu_filter]: Parameter RLController.pid_ki_lin set to 0.000000
[imu_filter_madgwick_node-3] [INFO] [1770697122.375128208] [imu_filter]: Parameter RLController.pid_kd_lin set to 0.020000
[imu_filter_madgwick_node-3] [INFO] [1770697122.375193553] [imu_filter]: Parameter RLController.pid_kp_ang set to 1.261472
[imu_filter_madgwick_node-3] [INFO] [1770697122.375247154] [imu_filter]: Parameter RLController.pid_ki_ang set to 0.000000
[imu_filter_madgwick_node-3] [INFO] [1770697122.375303892] [imu_filter]: Parameter RLController.pid_kd_ang set to 0.112938
[imu_filter_madgwick_node-3] [INFO] [1770697122.789456355] [imu_filter]: Parameter RLController.pid_kp_lin set to 1.291113
[imu_filter_madgwick_node-3] [INFO] [1770697122.789657992] [imu_filter]: Parameter RLController.pid_ki_lin set to 0.000000
[imu_filter_madgwick_node-3] [INFO] [1770697122.789730122] [imu_filter]: Parameter RLController.pid_kd_lin set to 0.020000
[imu_filter_madgwick_node-3] [INFO] [1770697122.790060978] [imu_filter]: Parameter RLController.pid_kp_ang set to 1.261892
[imu_filter_madgwick_node-3] [INFO] [1770697122.790174420] [imu_filter]: Parameter RLController.pid_ki_ang set to 0.000000
[imu_filter_madgwick_node-3] [INFO] [1770697122.796118399] [imu_filter]: Parameter RLController.pid_kd_ang set to 0.112820
[imu_filter_madgwick_node-3] [INFO] [1770697123.208348641] [imu_filter]: Parameter RLController.pid_kp_lin set to 1.291393
[imu_filter_madgwick_node-3] [INFO] [1770697123.208715658] [imu_filter]: Parameter RLController.pid_ki_lin set to 0.000000
[imu_filter_madgwick_node-3] [INFO] [1770697123.208848909] [imu_filter]: Parameter RLController.pid_kd_lin set to 0.020000
[imu_filter_madgwick_node-3] [INFO] [1770697123.208917679] [imu_filter]: Parameter RLController.pid_kp_ang set to 1.262312
[imu_filter_madgwick_node-3] [INFO] [1770697123.208977136] [imu_filter]: Parameter RLController.pid_ki_ang set to 0.000000
[imu_filter_madgwick_node-3] [INFO] [1770697123.209037010] [imu_filter]: Parameter RLController.pid_kd_ang set to 0.112702
[imu_filter_madgwick_node-3] [INFO] [1770697123.644973309] [imu_filter]: Parameter RLController.pid_kp_lin set to 1.291673
[imu_filter_madgwick_node-3] [INFO] [1770697123.645174049] [imu_filter]: Parameter RLController.pid_ki_lin set to 0.000000
[imu_filter_madgwick_node-3] [INFO] [1770697123.645376198] [imu_filter]: Parameter RLController.pid_kd_lin set to 0.020000
[imu_filter_madgwick_node-3] [INFO] [1770697123.645449352] [imu_filter]: Parameter RLController.pid_kp_ang set to 1.262732
[imu_filter_madgwick_node-3] [INFO] [1770697123.645519945] [imu_filter]: Parameter RLController.pid_ki_ang set to 0.000000
[imu_filter_madgwick_node-3] [INFO] [1770697123.645579659] [imu_filter]: Parameter RLController.pid_kd_ang set to 0.112583
[imu_filter_madgwick_node-3] [INFO] [1770697124.059718298] [imu_filter]: Parameter RLController.pid_kp_lin set to 1.291953
[imu_filter_madgwick_node-3] [INFO] [1770697124.059980256] [imu_filter]: Parameter RLController.pid_ki_lin set to 0.000000
[imu_filter_madgwick_node-3] [INFO] [1770697124.060110915] [imu_filter]: Parameter RLController.pid_kd_lin set to 0.020000
[imu_filter_madgwick_node-3] [INFO] [1770697124.060216678] [imu_filter]: Parameter RLController.pid_kp_ang set to 1.263153
[imu_filter_madgwick_node-3] [INFO] [1770697124.060281703] [imu_filter]: Parameter RLController.pid_ki_ang set to 0.000000
[imu_filter_madgwick_node-3] [INFO] [1770697124.060340297] [imu_filter]: Parameter RLController.pid_kd_ang set to 0.112465
[imu_filter_madgwick_node-3] [INFO] [1770697124.471758616] [imu_filter]: Parameter RLController.pid_kp_lin set to 1.292233
[imu_filter_madgwick_node-3] [INFO] [1770697124.471967101] [imu_filter]: Parameter RLController.pid_ki_lin set to 0.000000
[imu_filter_madgwick_node-3] [INFO] [1770697124.472041727] [imu_filter]: Parameter RLController.pid_kd_lin set to 0.020000
[imu_filter_madgwick_node-3] [INFO] [1770697124.472100736] [imu_filter]: Parameter RLController.pid_kp_ang set to 1.263573
[imu_filter_madgwick_node-3] [INFO] [1770697124.472159490] [imu_filter]: Parameter RLController.pid_ki_ang set to 0.000000
[imu_filter_madgwick_node-3] [INFO] [1770697124.472275365] [imu_filter]: Parameter RLController.pid_kd_ang set to 0.112347
[imu_filter_madgwick_node-3] [INFO] [1770697124.902426921] [imu_filter]: Parameter RLController.pid_kp_lin set to 1.292513
[imu_filter_madgwick_node-3] [INFO] [1770697124.902609325] [imu_filter]: Parameter RLController.pid_ki_lin set to 0.000000
[imu_filter_madgwick_node-3] [INFO] [1770697124.902675535] [imu_filter]: Parameter RLController.pid_kd_lin set to 0.020000
[imu_filter_madgwick_node-3] [INFO] [1770697124.902737680] [imu_filter]: Parameter RLController.pid_kp_ang set to 1.263993
[imu_filter_madgwick_node-3] [INFO] [1770697124.902794417] [imu_filter]: Parameter RLController.pid_ki_ang set to 0.000000
[imu_filter_madgwick_node-3] [INFO] [1770697124.902849971] [imu_filter]: Parameter RLController.pid_kd_ang set to 0.112229
[imu_filter_madgwick_node-3] [INFO] [1770697125.322240956] [imu_filter]: Parameter RLController.pid_kp_lin set to 1.292793
[imu_filter_madgwick_node-3] [INFO] [1770697125.322449601] [imu_filter]: Parameter RLController.pid_ki_lin set to 0.000000
[imu_filter_madgwick_node-3] [INFO] [1770697125.322670342] [imu_filter]: Parameter RLController.pid_kd_lin set to 0.020000
[imu_filter_madgwick_node-3] [INFO] [1770697125.327140558] [imu_filter]: Parameter RLController.pid_kp_ang set to 1.264413
[imu_filter_madgwick_node-3] [INFO] [1770697125.333528611] [imu_filter]: Parameter RLController.pid_ki_ang set to 0.000000
[imu_filter_madgwick_node-3] [INFO] [1770697125.335821913] [imu_filter]: Parameter RLController.pid_kd_ang set to 0.112110
[imu_filter_madgwick_node-3] [INFO] [1770697125.740393641] [imu_filter]: Parameter RLController.pid_kp_lin set to 1.293072
[imu_filter_madgwick_node-3] [INFO] [1770697125.740718545] [imu_filter]: Parameter RLController.pid_ki_lin set to 0.000000
[imu_filter_madgwick_node-3] [INFO] [1770697125.740801587] [imu_filter]: Parameter RLController.pid_kd_lin set to 0.020000
[imu_filter_madgwick_node-3] [INFO] [1770697125.740867668] [imu_filter]: Parameter RLController.pid_kp_ang set to 1.264834
[imu_filter_madgwick_node-3] [INFO] [1770697125.747263881] [imu_filter]: Parameter RLController.pid_ki_ang set to 0.000000
[imu_filter_madgwick_node-3] [INFO] [1770697125.747455566] [imu_filter]: Parameter RLController.pid_kd_ang set to 0.111992
[imu_filter_madgwick_node-3] [INFO] [1770697126.174671726] [imu_filter]: Parameter RLController.pid_kp_lin set to 1.293352
[imu_filter_madgwick_node-3] [INFO] [1770697126.175366206] [imu_filter]: Parameter RLController.pid_ki_lin set to 0.000000
[imu_filter_madgwick_node-3] [INFO] [1770697126.175484353] [imu_filter]: Parameter RLController.pid_kd_lin set to 0.020000
[imu_filter_madgwick_node-3] [INFO] [1770697126.175553570] [imu_filter]: Parameter RLController.pid_kp_ang set to 1.265254
[imu_filter_madgwick_node-3] [INFO] [1770697126.175805256] [imu_filter]: Parameter RLController.pid_ki_ang set to 0.000000
[imu_filter_madgwick_node-3] [INFO] [1770697126.175880298] [imu_filter]: Parameter RLController.pid_kd_ang set to 0.111874
[imu_filter_madgwick_node-3] [INFO] [1770697126.602916486] [imu_filter]: Parameter RLController.pid_kp_lin set to 1.293632
[imu_filter_madgwick_node-3] [INFO] [1770697126.603102090] [imu_filter]: Parameter RLController.pid_ki_lin set to 0.000000
[imu_filter_madgwick_node-3] [INFO] [1770697126.603170699] [imu_filter]: Parameter RLController.pid_kd_lin set to 0.020000
[imu_filter_madgwick_node-3] [INFO] [1770697126.605804041] [imu_filter]: Parameter RLController.pid_kp_ang set to 1.265674
[imu_filter_madgwick_node-3] [INFO] [1770697126.606003853] [imu_filter]: Parameter RLController.pid_ki_ang set to 0.000000
[imu_filter_madgwick_node-3] [INFO] [1770697126.606072911] [imu_filter]: Parameter RLController.pid_kd_ang set to 0.111756
[imu_filter_madgwick_node-3] [INFO] [1770697127.033825180] [imu_filter]: Parameter RLController.pid_kp_lin set to 1.293911
[imu_filter_madgwick_node-3] [INFO] [1770697127.034152259] [imu_filter]: Parameter RLController.pid_ki_lin set to 0.000000
[imu_filter_madgwick_node-3] [INFO] [1770697127.034262598] [imu_filter]: Parameter RLController.pid_kd_lin set to 0.020000
[imu_filter_madgwick_node-3] [INFO] [1770697127.034337447] [imu_filter]: Parameter RLController.pid_kp_ang set to 1.266094
[imu_filter_madgwick_node-3] [INFO] [1770697127.034395657] [imu_filter]: Parameter RLController.pid_ki_ang set to 0.000000
[imu_filter_madgwick_node-3] [INFO] [1770697127.034452618] [imu_filter]: Parameter RLController.pid_kd_ang set to 0.111637
[imu_filter_madgwick_node-3] [INFO] [1770697127.446752815] [imu_filter]: Parameter RLController.pid_kp_lin set to 1.294191
[imu_filter_madgwick_node-3] [INFO] [1770697127.447091574] [imu_filter]: Parameter RLController.pid_ki_lin set to 0.000000
[imu_filter_madgwick_node-3] [INFO] [1770697127.447176888] [imu_filter]: Parameter RLController.pid_kd_lin set to 0.020000
[imu_filter_madgwick_node-3] [INFO] [1770697127.447243802] [imu_filter]: Parameter RLController.pid_kp_ang set to 1.266514
[imu_filter_madgwick_node-3] [INFO] [1770697127.447299355] [imu_filter]: Parameter RLController.pid_ki_ang set to 0.000000
[imu_filter_madgwick_node-3] [INFO] [1770697127.447354525] [imu_filter]: Parameter RLController.pid_kd_ang set to 0.111519
[imu_filter_madgwick_node-3] [INFO] [1770697127.864513554] [imu_filter]: Parameter RLController.pid_kp_lin set to 1.294471
[imu_filter_madgwick_node-3] [INFO] [1770697127.864872379] [imu_filter]: Parameter RLController.pid_ki_lin set to 0.000000
[imu_filter_madgwick_node-3] [INFO] [1770697127.864967453] [imu_filter]: Parameter RLController.pid_kd_lin set to 0.020000
[imu_filter_madgwick_node-3] [INFO] [1770697127.865034174] [imu_filter]: Parameter RLController.pid_kp_ang set to 1.266935
[imu_filter_madgwick_node-3] [INFO] [1770697127.865091232] [imu_filter]: Parameter RLController.pid_ki_ang set to 0.000000
[imu_filter_madgwick_node-3] [INFO] [1770697127.865146945] [imu_filter]: Parameter RLController.pid_kd_ang set to 0.111401
[imu_filter_madgwick_node-3] [INFO] [1770697128.280101411] [imu_filter]: Parameter RLController.pid_kp_lin set to 1.294751
[imu_filter_madgwick_node-3] [INFO] [1770697128.280417835] [imu_filter]: Parameter RLController.pid_ki_lin set to 0.000000
[imu_filter_madgwick_node-3] [INFO] [1770697128.280533997] [imu_filter]: Parameter RLController.pid_kd_lin set to 0.020000
[imu_filter_madgwick_node-3] [INFO] [1770697128.280610607] [imu_filter]: Parameter RLController.pid_kp_ang set to 1.267355
[imu_filter_madgwick_node-3] [INFO] [1770697128.280797972] [imu_filter]: Parameter RLController.pid_ki_ang set to 0.000000
[imu_filter_madgwick_node-3] [INFO] [1770697128.280863701] [imu_filter]: Parameter RLController.pid_kd_ang set to 0.111283
[imu_filter_madgwick_node-3] [INFO] [1770697128.708488383] [imu_filter]: Parameter RLController.pid_kp_lin set to 1.295031
[imu_filter_madgwick_node-3] [INFO] [1770697128.708675523] [imu_filter]: Parameter RLController.pid_ki_lin set to 0.000000
[imu_filter_madgwick_node-3] [INFO] [1770697128.710352458] [imu_filter]: Parameter RLController.pid_kd_lin set to 0.020000
[imu_filter_madgwick_node-3] [INFO] [1770697128.710508526] [imu_filter]: Parameter RLController.pid_kp_ang set to 1.267775
[imu_filter_madgwick_node-3] [INFO] [1770697128.710708434] [imu_filter]: Parameter RLController.pid_ki_ang set to 0.000000
[imu_filter_madgwick_node-3] [INFO] [1770697128.710778740] [imu_filter]: Parameter RLController.pid_kd_ang set to 0.111164
[imu_filter_madgwick_node-3] [INFO] [1770697129.127412893] [imu_filter]: Parameter RLController.pid_kp_lin set to 1.295311
[imu_filter_madgwick_node-3] [INFO] [1770697129.127785254] [imu_filter]: Parameter RLController.pid_ki_lin set to 0.000000
[imu_filter_madgwick_node-3] [INFO] [1770697129.127871016] [imu_filter]: Parameter RLController.pid_kd_lin set to 0.020000
[imu_filter_madgwick_node-3] [INFO] [1770697129.127937290] [imu_filter]: Parameter RLController.pid_kp_ang set to 1.268195
[imu_filter_madgwick_node-3] [INFO] [1770697129.127998411] [imu_filter]: Parameter RLController.pid_ki_ang set to 0.000000
[imu_filter_madgwick_node-3] [INFO] [1770697129.128055564] [imu_filter]: Parameter RLController.pid_kd_ang set to 0.111046
[imu_filter_madgwick_node-3] [INFO] [1770697129.535395325] [imu_filter]: Parameter RLController.pid_kp_lin set to 1.295590
[imu_filter_madgwick_node-3] [INFO] [1770697129.535694596] [imu_filter]: Parameter RLController.pid_ki_lin set to 0.000000
[imu_filter_madgwick_node-3] [INFO] [1770697129.535778982] [imu_filter]: Parameter RLController.pid_kd_lin set to 0.020000
[imu_filter_madgwick_node-3] [INFO] [1770697129.535848360] [imu_filter]: Parameter RLController.pid_kp_ang set to 1.268615
[imu_filter_madgwick_node-3] [INFO] [1770697129.535905129] [imu_filter]: Parameter RLController.pid_ki_ang set to 0.000000
[imu_filter_madgwick_node-3] [INFO] [1770697129.535958826] [imu_filter]: Parameter RLController.pid_kd_ang set to 0.110928
[imu_filter_madgwick_node-3] [INFO] [1770697129.958948872] [imu_filter]: Parameter RLController.pid_kp_lin set to 1.295870
[imu_filter_madgwick_node-3] [INFO] [1770697129.959333745] [imu_filter]: Parameter RLController.pid_ki_lin set to 0.000000
[imu_filter_madgwick_node-3] [INFO] [1770697129.959476244] [imu_filter]: Parameter RLController.pid_kd_lin set to 0.020000
[imu_filter_madgwick_node-3] [INFO] [1770697129.959549910] [imu_filter]: Parameter RLController.pid_kp_ang set to 1.269036
[imu_filter_madgwick_node-3] [INFO] [1770697129.959612215] [imu_filter]: Parameter RLController.pid_ki_ang set to 0.000000
[imu_filter_madgwick_node-3] [INFO] [1770697129.959671193] [imu_filter]: Parameter RLController.pid_kd_ang set to 0.110810
[imu_filter_madgwick_node-3] [INFO] [1770697130.372704398] [imu_filter]: Parameter RLController.pid_kp_lin set to 1.296150
[imu_filter_madgwick_node-3] [INFO] [1770697130.372926451] [imu_filter]: Parameter RLController.pid_ki_lin set to 0.000000
[imu_filter_madgwick_node-3] [INFO] [1770697130.373003061] [imu_filter]: Parameter RLController.pid_kd_lin set to 0.020000
[imu_filter_madgwick_node-3] [INFO] [1770697130.373062807] [imu_filter]: Parameter RLController.pid_kp_ang set to 1.269456
[imu_filter_madgwick_node-3] [INFO] [1770697130.373119704] [imu_filter]: Parameter RLController.pid_ki_ang set to 0.000000
[imu_filter_madgwick_node-3] [INFO] [1770697130.373176377] [imu_filter]: Parameter RLController.pid_kd_ang set to 0.110691
[imu_filter_madgwick_node-3] [INFO] [1770697130.791276069] [imu_filter]: Parameter RLController.pid_kp_lin set to 1.296430
[imu_filter_madgwick_node-3] [INFO] [1770697130.791611981] [imu_filter]: Parameter RLController.pid_ki_lin set to 0.000000
[imu_filter_madgwick_node-3] [INFO] [1770697130.791686638] [imu_filter]: Parameter RLController.pid_kd_lin set to 0.020000
[imu_filter_madgwick_node-3] [INFO] [1770697130.791749168] [imu_filter]: Parameter RLController.pid_kp_ang set to 1.269876
[imu_filter_madgwick_node-3] [INFO] [1770697130.791805201] [imu_filter]: Parameter RLController.pid_ki_ang set to 0.000000
[imu_filter_madgwick_node-3] [INFO] [1770697130.791880659] [imu_filter]: Parameter RLController.pid_kd_ang set to 0.110573
[imu_filter_madgwick_node-3] [INFO] [1770697131.201242579] [imu_filter]: Parameter RLController.pid_kp_lin set to 1.296710
[imu_filter_madgwick_node-3] [INFO] [1770697131.201455768] [imu_filter]: Parameter RLController.pid_ki_lin set to 0.000000
[imu_filter_madgwick_node-3] [INFO] [1770697131.201528826] [imu_filter]: Parameter RLController.pid_kd_lin set to 0.020000
[imu_filter_madgwick_node-3] [INFO] [1770697131.201593691] [imu_filter]: Parameter RLController.pid_kp_ang set to 1.270296
[imu_filter_madgwick_node-3] [INFO] [1770697131.201654269] [imu_filter]: Parameter RLController.pid_ki_ang set to 0.000000
[imu_filter_madgwick_node-3] [INFO] [1770697131.210751377] [imu_filter]: Parameter RLController.pid_kd_ang set to 0.110455
[imu_filter_madgwick_node-3] [INFO] [1770697131.635156559] [imu_filter]: Parameter RLController.pid_kp_lin set to 1.296989
[imu_filter_madgwick_node-3] [INFO] [1770697131.635450838] [imu_filter]: Parameter RLController.pid_ki_lin set to 0.000000
[imu_filter_madgwick_node-3] [INFO] [1770697131.635535320] [imu_filter]: Parameter RLController.pid_kd_lin set to 0.020000
[imu_filter_madgwick_node-3] [INFO] [1770697131.635598169] [imu_filter]: Parameter RLController.pid_kp_ang set to 1.270716
[imu_filter_madgwick_node-3] [INFO] [1770697131.635654171] [imu_filter]: Parameter RLController.pid_ki_ang set to 0.000000
[imu_filter_madgwick_node-3] [INFO] [1770697131.635715132] [imu_filter]: Parameter RLController.pid_kd_ang set to 0.110337
[imu_filter_madgwick_node-3] [INFO] [1770697132.076489912] [imu_filter]: Parameter RLController.pid_kp_lin set to 1.297269
[imu_filter_madgwick_node-3] [INFO] [1770697132.076848384] [imu_filter]: Parameter RLController.pid_ki_lin set to 0.000000
[imu_filter_madgwick_node-3] [INFO] [1770697132.076931362] [imu_filter]: Parameter RLController.pid_kd_lin set to 0.020000
[imu_filter_madgwick_node-3] [INFO] [1770697132.076998244] [imu_filter]: Parameter RLController.pid_kp_ang set to 1.271137
[imu_filter_madgwick_node-3] [INFO] [1770697132.077056645] [imu_filter]: Parameter RLController.pid_ki_ang set to 0.000000
[imu_filter_madgwick_node-3] [INFO] [1770697132.077119494] [imu_filter]: Parameter RLController.pid_kd_ang set to 0.110219
[imu_filter_madgwick_node-3] [INFO] [1770697132.505714119] [imu_filter]: Parameter RLController.pid_kp_lin set to 1.297548
[imu_filter_madgwick_node-3] [INFO] [1770697132.505916971] [imu_filter]: Parameter RLController.pid_ki_lin set to 0.000000
[imu_filter_madgwick_node-3] [INFO] [1770697132.505998797] [imu_filter]: Parameter RLController.pid_kd_lin set to 0.020000
[imu_filter_madgwick_node-3] [INFO] [1770697132.506063887] [imu_filter]: Parameter RLController.pid_kp_ang set to 1.271557
[imu_filter_madgwick_node-3] [INFO] [1770697132.506128592] [imu_filter]: Parameter RLController.pid_ki_ang set to 0.000000
[imu_filter_madgwick_node-3] [INFO] [1770697132.506184305] [imu_filter]: Parameter RLController.pid_kd_ang set to 0.110100
[imu_filter_madgwick_node-3] [INFO] [1770697132.922695864] [imu_filter]: Parameter RLController.pid_kp_lin set to 1.297828
[imu_filter_madgwick_node-3] [INFO] [1770697132.922936766] [imu_filter]: Parameter RLController.pid_ki_lin set to 0.000000
[imu_filter_madgwick_node-3] [INFO] [1770697132.923019328] [imu_filter]: Parameter RLController.pid_kd_lin set to 0.020000
[imu_filter_madgwick_node-3] [INFO] [1770697132.923092097] [imu_filter]: Parameter RLController.pid_kp_ang set to 1.271977
[imu_filter_madgwick_node-3] [INFO] [1770697132.923152067] [imu_filter]: Parameter RLController.pid_ki_ang set to 0.000000
[imu_filter_madgwick_node-3] [INFO] [1770697132.923209860] [imu_filter]: Parameter RLController.pid_kd_ang set to 0.109982
[imu_filter_madgwick_node-3] [INFO] [1770697133.369992940] [imu_filter]: Parameter RLController.pid_kp_lin set to 1.298108
[imu_filter_madgwick_node-3] [INFO] [1770697133.370206353] [imu_filter]: Parameter RLController.pid_ki_lin set to 0.000000
[imu_filter_madgwick_node-3] [INFO] [1770697133.370279890] [imu_filter]: Parameter RLController.pid_kd_lin set to 0.020000
[imu_filter_madgwick_node-3] [INFO] [1770697133.370347476] [imu_filter]: Parameter RLController.pid_kp_ang set to 1.272397
[imu_filter_madgwick_node-3] [INFO] [1770697133.370400341] [imu_filter]: Parameter RLController.pid_ki_ang set to 0.000000
[imu_filter_madgwick_node-3] [INFO] [1770697133.372282305] [imu_filter]: Parameter RLController.pid_kd_ang set to 0.109864
[imu_filter_madgwick_node-3] [INFO] [1770697133.814150230] [imu_filter]: Parameter RLController.pid_kp_lin set to 1.298388
[imu_filter_madgwick_node-3] [INFO] [1770697133.814494974] [imu_filter]: Parameter RLController.pid_ki_lin set to 0.000000
[imu_filter_madgwick_node-3] [INFO] [1770697133.814570240] [imu_filter]: Parameter RLController.pid_kd_lin set to 0.020000
[imu_filter_madgwick_node-3] [INFO] [1770697133.814635266] [imu_filter]: Parameter RLController.pid_kp_ang set to 1.272817
[imu_filter_madgwick_node-3] [INFO] [1770697133.814811302] [imu_filter]: Parameter RLController.pid_ki_ang set to 0.000000
[imu_filter_madgwick_node-3] [INFO] [1770697133.814960841] [imu_filter]: Parameter RLController.pid_kd_ang set to 0.109746
[imu_filter_madgwick_node-3] [INFO] [1770697134.231073287] [imu_filter]: Parameter RLController.pid_kp_lin set to 1.298668
[imu_filter_madgwick_node-3] [INFO] [1770697134.231294572] [imu_filter]: Parameter RLController.pid_ki_lin set to 0.000000
[imu_filter_madgwick_node-3] [INFO] [1770697134.231370157] [imu_filter]: Parameter RLController.pid_kd_lin set to 0.020000
[imu_filter_madgwick_node-3] [INFO] [1770697134.231435311] [imu_filter]: Parameter RLController.pid_kp_ang set to 1.273238
[imu_filter_madgwick_node-3] [INFO] [1770697134.231505265] [imu_filter]: Parameter RLController.pid_ki_ang set to 0.000000
[imu_filter_madgwick_node-3] [INFO] [1770697134.231564914] [imu_filter]: Parameter RLController.pid_kd_ang set to 0.109627
[imu_filter_madgwick_node-3] [INFO] [1770697134.709930425] [imu_filter]: Parameter RLController.pid_kp_lin set to 1.298907
[imu_filter_madgwick_node-3] [INFO] [1770697134.710274081] [imu_filter]: Parameter RLController.pid_ki_lin set to 0.000000
[imu_filter_madgwick_node-3] [INFO] [1770697134.710357091] [imu_filter]: Parameter RLController.pid_kd_lin set to 0.020000
[imu_filter_madgwick_node-3] [INFO] [1770697134.710421925] [imu_filter]: Parameter RLController.pid_kp_ang set to 1.273658
[imu_filter_madgwick_node-3] [INFO] [1770697134.710480902] [imu_filter]: Parameter RLController.pid_ki_ang set to 0.000000
[imu_filter_madgwick_node-3] [INFO] [1770697134.710531879] [imu_filter]: Parameter RLController.pid_kd_ang set to 0.109509
[imu_filter_madgwick_node-3] [INFO] [1770697135.161987164] [imu_filter]: Parameter RLController.pid_kp_lin set to 1.299104
[imu_filter_madgwick_node-3] [INFO] [1770697135.162216865] [imu_filter]: Parameter RLController.pid_ki_lin set to 0.000000
[imu_filter_madgwick_node-3] [INFO] [1770697135.167654080] [imu_filter]: Parameter RLController.pid_kd_lin set to 0.020000
[imu_filter_madgwick_node-3] [INFO] [1770697135.170089369] [imu_filter]: Parameter RLController.pid_kp_ang set to 1.274078
[imu_filter_madgwick_node-3] [INFO] [1770697135.172172649] [imu_filter]: Parameter RLController.pid_ki_ang set to 0.000000
[imu_filter_madgwick_node-3] [INFO] [1770697135.172373774] [imu_filter]: Parameter RLController.pid_kd_ang set to 0.109391
[imu_filter_madgwick_node-3] [INFO] [1770697135.605231281] [imu_filter]: Parameter RLController.pid_kp_lin set to 1.299265
[imu_filter_madgwick_node-3] [INFO] [1770697135.605459799] [imu_filter]: Parameter RLController.pid_ki_lin set to 0.000000
[imu_filter_madgwick_node-3] [INFO] [1770697135.605531416] [imu_filter]: Parameter RLController.pid_kd_lin set to 0.020000
[imu_filter_madgwick_node-3] [INFO] [1770697135.605594394] [imu_filter]: Parameter RLController.pid_kp_ang set to 1.274498
[imu_filter_madgwick_node-3] [INFO] [1770697135.605651515] [imu_filter]: Parameter RLController.pid_ki_ang set to 0.000000
[imu_filter_madgwick_node-3] [INFO] [1770697135.605708765] [imu_filter]: Parameter RLController.pid_kd_ang set to 0.109273
[imu_filter_madgwick_node-3] [INFO] [1770697136.015279841] [imu_filter]: Parameter RLController.pid_kp_lin set to 1.299398
[imu_filter_madgwick_node-3] [INFO] [1770697136.015487110] [imu_filter]: Parameter RLController.pid_ki_lin set to 0.000000
[imu_filter_madgwick_node-3] [INFO] [1770697136.015568616] [imu_filter]: Parameter RLController.pid_kd_lin set to 0.020000
[imu_filter_madgwick_node-3] [INFO] [1770697136.015631466] [imu_filter]: Parameter RLController.pid_kp_ang set to 1.274918
[imu_filter_madgwick_node-3] [INFO] [1770697136.015684843] [imu_filter]: Parameter RLController.pid_ki_ang set to 0.000000
[imu_filter_madgwick_node-3] [INFO] [1770697136.015739564] [imu_filter]: Parameter RLController.pid_kd_ang set to 0.109154
[imu_filter_madgwick_node-3] [INFO] [1770697136.428077970] [imu_filter]: Parameter RLController.pid_kp_lin set to 1.299506
[imu_filter_madgwick_node-3] [INFO] [1770697136.428452410] [imu_filter]: Parameter RLController.pid_ki_lin set to 0.000000
[imu_filter_madgwick_node-3] [INFO] [1770697136.428542524] [imu_filter]: Parameter RLController.pid_kd_lin set to 0.020000
[imu_filter_madgwick_node-3] [INFO] [1770697136.428610686] [imu_filter]: Parameter RLController.pid_kp_ang set to 1.275339
[imu_filter_madgwick_node-3] [INFO] [1770697136.428669407] [imu_filter]: Parameter RLController.pid_ki_ang set to 0.000000
[imu_filter_madgwick_node-3] [INFO] [1770697136.428726593] [imu_filter]: Parameter RLController.pid_kd_ang set to 0.109036
[imu_filter_madgwick_node-3] [INFO] [1770697136.862468057] [imu_filter]: Parameter RLController.pid_kp_lin set to 1.299595
[imu_filter_madgwick_node-3] [INFO] [1770697136.862861602] [imu_filter]: Parameter RLController.pid_ki_lin set to 0.000000
[imu_filter_madgwick_node-3] [INFO] [1770697136.866273361] [imu_filter]: Parameter RLController.pid_kd_lin set to 0.020000
[imu_filter_madgwick_node-3] [INFO] [1770697136.866486550] [imu_filter]: Parameter RLController.pid_kp_ang set to 1.275759
[imu_filter_madgwick_node-3] [INFO] [1770697136.866555832] [imu_filter]: Parameter RLController.pid_ki_ang set to 0.000000
[imu_filter_madgwick_node-3] [INFO] [1770697136.866615513] [imu_filter]: Parameter RLController.pid_kd_ang set to 0.108918
[imu_filter_madgwick_node-3] [INFO] [1770697137.274888992] [imu_filter]: Parameter RLController.pid_kp_lin set to 1.299668
[imu_filter_madgwick_node-3] [INFO] [1770697137.275091173] [imu_filter]: Parameter RLController.pid_ki_lin set to 0.000000
[imu_filter_madgwick_node-3] [INFO] [1770697137.275161318] [imu_filter]: Parameter RLController.pid_kd_lin set to 0.020000
[imu_filter_madgwick_node-3] [INFO] [1770697137.275224040] [imu_filter]: Parameter RLController.pid_kp_ang set to 1.276179
[imu_filter_madgwick_node-3] [INFO] [1770697137.275280329] [imu_filter]: Parameter RLController.pid_ki_ang set to 0.000000
[imu_filter_madgwick_node-3] [INFO] [1770697137.275334634] [imu_filter]: Parameter RLController.pid_kd_ang set to 0.108800
[imu_filter_madgwick_node-3] [INFO] [1770697137.702398695] [imu_filter]: Parameter RLController.pid_kp_lin set to 1.299728
[imu_filter_madgwick_node-3] [INFO] [1770697137.702602315] [imu_filter]: Parameter RLController.pid_ki_lin set to 0.000000
[imu_filter_madgwick_node-3] [INFO] [1770697137.702800528] [imu_filter]: Parameter RLController.pid_kd_lin set to 0.020000
[imu_filter_madgwick_node-3] [INFO] [1770697137.702873042] [imu_filter]: Parameter RLController.pid_kp_ang set to 1.276599
[imu_filter_madgwick_node-3] [INFO] [1770697137.702936851] [imu_filter]: Parameter RLController.pid_ki_ang set to 0.000000
[imu_filter_madgwick_node-3] [INFO] [1770697137.703457727] [imu_filter]: Parameter RLController.pid_kd_ang set to 0.108681
[imu_filter_madgwick_node-3] [INFO] [1770697138.130445754] [imu_filter]: Parameter RLController.pid_kp_lin set to 1.299777
[imu_filter_madgwick_node-3] [INFO] [1770697138.130668831] [imu_filter]: Parameter RLController.pid_ki_lin set to 0.000000
[imu_filter_madgwick_node-3] [INFO] [1770697138.130740545] [imu_filter]: Parameter RLController.pid_kd_lin set to 0.020000
[imu_filter_madgwick_node-3] [INFO] [1770697138.130808226] [imu_filter]: Parameter RLController.pid_kp_ang set to 1.277020
[imu_filter_madgwick_node-3] [INFO] [1770697138.130864036] [imu_filter]: Parameter RLController.pid_ki_ang set to 0.000000
[imu_filter_madgwick_node-3] [INFO] [1770697138.130919973] [imu_filter]: Parameter RLController.pid_kd_ang set to 0.108563
[imu_filter_madgwick_node-3] [INFO] [1770697138.544164416] [imu_filter]: Parameter RLController.pid_kp_lin set to 1.299817
[imu_filter_madgwick_node-3] [INFO] [1770697138.544386693] [imu_filter]: Parameter RLController.pid_ki_lin set to 0.000000
[imu_filter_madgwick_node-3] [INFO] [1770697138.544456550] [imu_filter]: Parameter RLController.pid_kd_lin set to 0.020000
[imu_filter_madgwick_node-3] [INFO] [1770697138.544516328] [imu_filter]: Parameter RLController.pid_kp_ang set to 1.277440
[imu_filter_madgwick_node-3] [INFO] [1770697138.544573225] [imu_filter]: Parameter RLController.pid_ki_ang set to 0.000000
[imu_filter_madgwick_node-3] [INFO] [1770697138.544630890] [imu_filter]: Parameter RLController.pid_kd_ang set to 0.108445
[imu_filter_madgwick_node-3] [INFO] [1770697138.960656422] [imu_filter]: Parameter RLController.pid_kp_lin set to 1.299850
[imu_filter_madgwick_node-3] [INFO] [1770697138.960966701] [imu_filter]: Parameter RLController.pid_ki_lin set to 0.000000
[imu_filter_madgwick_node-3] [INFO] [1770697138.961041007] [imu_filter]: Parameter RLController.pid_kd_lin set to 0.020000
[imu_filter_madgwick_node-3] [INFO] [1770697138.961103728] [imu_filter]: Parameter RLController.pid_kp_ang set to 1.277860
[imu_filter_madgwick_node-3] [INFO] [1770697138.961161137] [imu_filter]: Parameter RLController.pid_ki_ang set to 0.000000
[imu_filter_madgwick_node-3] [INFO] [1770697138.961218547] [imu_filter]: Parameter RLController.pid_kd_ang set to 0.108327
[imu_filter_madgwick_node-3] [INFO] [1770697139.397159070] [imu_filter]: Parameter RLController.pid_kp_lin set to 1.299877
[imu_filter_madgwick_node-3] [INFO] [1770697139.397372419] [imu_filter]: Parameter RLController.pid_ki_lin set to 0.000000
[imu_filter_madgwick_node-3] [INFO] [1770697139.397453733] [imu_filter]: Parameter RLController.pid_kd_lin set to 0.020000
[imu_filter_madgwick_node-3] [INFO] [1770697139.397519910] [imu_filter]: Parameter RLController.pid_kp_ang set to 1.278280
[imu_filter_madgwick_node-3] [INFO] [1770697139.397575400] [imu_filter]: Parameter RLController.pid_ki_ang set to 0.000000
[imu_filter_madgwick_node-3] [INFO] [1770697139.401706344] [imu_filter]: Parameter RLController.pid_kd_ang set to 0.108208
[imu_filter_madgwick_node-3] [INFO] [1770697139.811725431] [imu_filter]: Parameter RLController.pid_kp_lin set to 1.299899
[imu_filter_madgwick_node-3] [INFO] [1770697139.812440936] [imu_filter]: Parameter RLController.pid_ki_lin set to 0.000000
[imu_filter_madgwick_node-3] [INFO] [1770697139.812582027] [imu_filter]: Parameter RLController.pid_kd_lin set to 0.020000
[imu_filter_madgwick_node-3] [INFO] [1770697139.812651789] [imu_filter]: Parameter RLController.pid_kp_ang set to 1.278700
[imu_filter_madgwick_node-3] [INFO] [1770697139.812711950] [imu_filter]: Parameter RLController.pid_ki_ang set to 0.000000
[imu_filter_madgwick_node-3] [INFO] [1770697139.812770224] [imu_filter]: Parameter RLController.pid_kd_ang set to 0.108090
[imu_filter_madgwick_node-3] [INFO] [1770697140.229089682] [imu_filter]: Parameter RLController.pid_kp_lin set to 1.299917
[imu_filter_madgwick_node-3] [INFO] [1770697140.229438874] [imu_filter]: Parameter RLController.pid_ki_lin set to 0.000000
[imu_filter_madgwick_node-3] [INFO] [1770697140.229524732] [imu_filter]: Parameter RLController.pid_kd_lin set to 0.020000
[imu_filter_madgwick_node-3] [INFO] [1770697140.229587037] [imu_filter]: Parameter RLController.pid_kp_ang set to 1.279121
[imu_filter_madgwick_node-3] [INFO] [1770697140.229644063] [imu_filter]: Parameter RLController.pid_ki_ang set to 0.000000
[imu_filter_madgwick_node-3] [INFO] [1770697140.231736655] [imu_filter]: Parameter RLController.pid_kd_ang set to 0.107972
[WARNING] [launch]: user interrupted with ctrl-c (SIGINT)
