[INFO] [launch]: All log files can be found below /home/world/.ros/log/2026-02-23-16-23-28-252413-world-48229
[INFO] [launch]: Default logging verbosity is set to INFO
[INFO] [livox_timestamp_offset_node-1]: process started with pid [48495]
[INFO] [camera_imu_bias_corrector_cpp-2]: process started with pid [48497]
[INFO] [imu_filter_madgwick_node-3]: process started with pid [48508]
[INFO] [lidar_deskewing-4]: process started with pid [48510]
[INFO] [static_transform_publisher-5]: process started with pid [48512]
[INFO] [static_transform_publisher-6]: process started with pid [48522]
[camera_imu_bias_corrector_cpp-2] [INFO] [1771831408.498974046] [camera_imu_bias_corrector]: IMU bias corrector started: input=/camera/camera/imu output=/camera/camera/imu_bias_corrected
[static_transform_publisher-5] [INFO] [1771831408.545740178] [livox_tf]: Spinning until stopped - publishing transform
[static_transform_publisher-5] translation: ('0.000000', '0.000000', '0.830000')
[static_transform_publisher-5] rotation: ('0.000000', '0.000000', '0.000000', '1.000000')
[static_transform_publisher-5] from 'base_link' to 'livox_frame'
[imu_filter_madgwick_node-3] [INFO] [1771831408.568915543] [imu_filter]: Starting ImuFilter
[imu_filter_madgwick_node-3] [INFO] [1771831408.588908273] [imu_filter]: Using dt computed from message headers
[imu_filter_madgwick_node-3] [INFO] [1771831408.589007219] [imu_filter]: The gravity vector is kept in the IMU message.
[imu_filter_madgwick_node-3] [INFO] [1771831408.591836150] [imu_filter]: Imu filter gain set to 0.100000
[imu_filter_madgwick_node-3] [INFO] [1771831408.591952089] [imu_filter]: Gyro drift bias set to 0.000000
[imu_filter_madgwick_node-3] [INFO] [1771831408.591968985] [imu_filter]: Magnetometer bias values: 0.000000 0.000000 0.000000
[static_transform_publisher-6] [INFO] [1771831408.633352750] [camera_tf]: Spinning until stopped - publishing transform
[static_transform_publisher-6] translation: ('0.200000', '0.000000', '0.580000')
[static_transform_publisher-6] rotation: ('0.000000', '0.000000', '0.000000', '1.000000')
[static_transform_publisher-6] from 'base_link' to 'camera_link'
[livox_timestamp_offset_node-1] [INFO] [1771831409.576056809] [livox_timestamp_offset]: input_topic=/livox/lidar output_topic=/livox/lidar/synced offset_sec=0.036
[lidar_deskewing-4] [INFO] [1771831409.877755284] [lidar_deskewing]:   fixed_frame_id:  base_link
[lidar_deskewing-4] [INFO] [1771831409.878552231] [lidar_deskewing]:   wait_for_transform:  0.200000s
[lidar_deskewing-4] [INFO] [1771831409.878608649] [lidar_deskewing]:   slerp:  true
[camera_imu_bias_corrector_cpp-2] [INFO] [1771831414.642136372] [camera_imu_bias_corrector]: Calibrating IMU bias... keep robot still.
[imu_filter_madgwick_node-3] [INFO] [1771831414.642638880] [imu_filter]: First IMU message received.
[camera_imu_bias_corrector_cpp-2] [INFO] [1771831420.393886033] [camera_imu_bias_corrector]: IMU bias calibrated: x=-0.001029 y=0.001775 z=-0.004708
[imu_filter_madgwick_node-3] [INFO] [1771831434.851376612] [imu_filter]: Parameter RLController.pid_kp_lin set to 1.200000
[imu_filter_madgwick_node-3] [INFO] [1771831434.851766158] [imu_filter]: Parameter RLController.pid_ki_lin set to 0.000000
[imu_filter_madgwick_node-3] [INFO] [1771831434.851907473] [imu_filter]: Parameter RLController.pid_kd_lin set to 0.030000
[imu_filter_madgwick_node-3] [INFO] [1771831434.852017812] [imu_filter]: Parameter RLController.pid_kp_ang set to 1.230000
[imu_filter_madgwick_node-3] [INFO] [1771831434.852358524] [imu_filter]: Parameter RLController.pid_ki_ang set to 0.000000
[imu_filter_madgwick_node-3] [INFO] [1771831434.852484095] [imu_filter]: Parameter RLController.pid_kd_ang set to 0.100000
[imu_filter_madgwick_node-3] [INFO] [1771831475.486359814] [imu_filter]: Parameter RLController.pid_kp_lin set to 1.200000
[imu_filter_madgwick_node-3] [INFO] [1771831475.488039180] [imu_filter]: Parameter RLController.pid_ki_lin set to 0.000000
[imu_filter_madgwick_node-3] [INFO] [1771831475.488208368] [imu_filter]: Parameter RLController.pid_kd_lin set to 0.029926
[imu_filter_madgwick_node-3] [INFO] [1771831475.488281842] [imu_filter]: Parameter RLController.pid_kp_ang set to 1.230000
[imu_filter_madgwick_node-3] [INFO] [1771831475.488341651] [imu_filter]: Parameter RLController.pid_ki_ang set to 0.000000
[imu_filter_madgwick_node-3] [INFO] [1771831475.488394868] [imu_filter]: Parameter RLController.pid_kd_ang set to 0.100000
[imu_filter_madgwick_node-3] [INFO] [1771831475.907989132] [imu_filter]: Parameter RLController.pid_kp_lin set to 1.200251
[imu_filter_madgwick_node-3] [INFO] [1771831475.908178609] [imu_filter]: Parameter RLController.pid_ki_lin set to 0.000000
[imu_filter_madgwick_node-3] [INFO] [1771831475.908260851] [imu_filter]: Parameter RLController.pid_kd_lin set to 0.029876
[imu_filter_madgwick_node-3] [INFO] [1771831475.908321684] [imu_filter]: Parameter RLController.pid_kp_ang set to 1.230000
[imu_filter_madgwick_node-3] [INFO] [1771831475.908375029] [imu_filter]: Parameter RLController.pid_ki_ang set to 0.000000
[imu_filter_madgwick_node-3] [INFO] [1771831475.908427926] [imu_filter]: Parameter RLController.pid_kd_ang set to 0.100000
[imu_filter_madgwick_node-3] [INFO] [1771831476.328118353] [imu_filter]: Parameter RLController.pid_kp_lin set to 1.200501
[imu_filter_madgwick_node-3] [INFO] [1771831476.332024170] [imu_filter]: Parameter RLController.pid_ki_lin set to 0.000000
[imu_filter_madgwick_node-3] [INFO] [1771831476.332254735] [imu_filter]: Parameter RLController.pid_kd_lin set to 0.029829
[imu_filter_madgwick_node-3] [INFO] [1771831476.332324369] [imu_filter]: Parameter RLController.pid_kp_ang set to 1.230000
[imu_filter_madgwick_node-3] [INFO] [1771831476.332380146] [imu_filter]: Parameter RLController.pid_ki_ang set to 0.000000
[imu_filter_madgwick_node-3] [INFO] [1771831476.332436819] [imu_filter]: Parameter RLController.pid_kd_ang set to 0.100000
[imu_filter_madgwick_node-3] [INFO] [1771831476.750413063] [imu_filter]: Parameter RLController.pid_kp_lin set to 1.200751
[imu_filter_madgwick_node-3] [INFO] [1771831476.750606027] [imu_filter]: Parameter RLController.pid_ki_lin set to 0.000000
[imu_filter_madgwick_node-3] [INFO] [1771831476.750672493] [imu_filter]: Parameter RLController.pid_kd_lin set to 0.029781
[imu_filter_madgwick_node-3] [INFO] [1771831476.750731022] [imu_filter]: Parameter RLController.pid_kp_ang set to 1.230000
[imu_filter_madgwick_node-3] [INFO] [1771831476.750784079] [imu_filter]: Parameter RLController.pid_ki_ang set to 0.000000
[imu_filter_madgwick_node-3] [INFO] [1771831476.750836400] [imu_filter]: Parameter RLController.pid_kd_ang set to 0.100000
[imu_filter_madgwick_node-3] [INFO] [1771831477.162366160] [imu_filter]: Parameter RLController.pid_kp_lin set to 1.201046
[imu_filter_madgwick_node-3] [INFO] [1771831477.162573877] [imu_filter]: Parameter RLController.pid_ki_lin set to 0.000000
[imu_filter_madgwick_node-3] [INFO] [1771831477.162637494] [imu_filter]: Parameter RLController.pid_kd_lin set to 0.029724
[imu_filter_madgwick_node-3] [INFO] [1771831477.162694232] [imu_filter]: Parameter RLController.pid_kp_ang set to 1.230000
[imu_filter_madgwick_node-3] [INFO] [1771831477.162778138] [imu_filter]: Parameter RLController.pid_ki_ang set to 0.000000
[imu_filter_madgwick_node-3] [INFO] [1771831477.162829595] [imu_filter]: Parameter RLController.pid_kd_ang set to 0.100000
[imu_filter_madgwick_node-3] [INFO] [1771831477.579833560] [imu_filter]: Parameter RLController.pid_kp_lin set to 1.201290
[imu_filter_madgwick_node-3] [INFO] [1771831477.580036220] [imu_filter]: Parameter RLController.pid_ki_lin set to 0.000000
[imu_filter_madgwick_node-3] [INFO] [1771831477.580382468] [imu_filter]: Parameter RLController.pid_kd_lin set to 0.029724
[imu_filter_madgwick_node-3] [INFO] [1771831477.580449318] [imu_filter]: Parameter RLController.pid_kp_ang set to 1.230000
[imu_filter_madgwick_node-3] [INFO] [1771831477.580502567] [imu_filter]: Parameter RLController.pid_ki_ang set to 0.000000
[imu_filter_madgwick_node-3] [INFO] [1771831477.580555880] [imu_filter]: Parameter RLController.pid_kd_ang set to 0.100000
[imu_filter_madgwick_node-3] [INFO] [1771831477.998534300] [imu_filter]: Parameter RLController.pid_kp_lin set to 1.201458
[imu_filter_madgwick_node-3] [INFO] [1771831477.998722080] [imu_filter]: Parameter RLController.pid_ki_lin set to 0.000000
[imu_filter_madgwick_node-3] [INFO] [1771831477.998786753] [imu_filter]: Parameter RLController.pid_kd_lin set to 0.029724
[imu_filter_madgwick_node-3] [INFO] [1771831477.998843203] [imu_filter]: Parameter RLController.pid_kp_ang set to 1.230000
[imu_filter_madgwick_node-3] [INFO] [1771831477.998895492] [imu_filter]: Parameter RLController.pid_ki_ang set to 0.000000
[imu_filter_madgwick_node-3] [INFO] [1771831477.998946757] [imu_filter]: Parameter RLController.pid_kd_ang set to 0.100000
[imu_filter_madgwick_node-3] [INFO] [1771831478.429311219] [imu_filter]: Parameter RLController.pid_kp_lin set to 1.201597
[imu_filter_madgwick_node-3] [INFO] [1771831478.429522648] [imu_filter]: Parameter RLController.pid_ki_lin set to 0.000000
[imu_filter_madgwick_node-3] [INFO] [1771831478.429597050] [imu_filter]: Parameter RLController.pid_kd_lin set to 0.029724
[imu_filter_madgwick_node-3] [INFO] [1771831478.429662619] [imu_filter]: Parameter RLController.pid_kp_ang set to 1.230000
[imu_filter_madgwick_node-3] [INFO] [1771831478.429870592] [imu_filter]: Parameter RLController.pid_ki_ang set to 0.000000
[imu_filter_madgwick_node-3] [INFO] [1771831478.429944290] [imu_filter]: Parameter RLController.pid_kd_ang set to 0.100000
[imu_filter_madgwick_node-3] [INFO] [1771831478.844625098] [imu_filter]: Parameter RLController.pid_kp_lin set to 1.201597
[imu_filter_madgwick_node-3] [INFO] [1771831478.844818350] [imu_filter]: Parameter RLController.pid_ki_lin set to 0.000000
[imu_filter_madgwick_node-3] [INFO] [1771831478.844882416] [imu_filter]: Parameter RLController.pid_kd_lin set to 0.029661
[imu_filter_madgwick_node-3] [INFO] [1771831478.844955153] [imu_filter]: Parameter RLController.pid_kp_ang set to 1.230000
[imu_filter_madgwick_node-3] [INFO] [1771831478.845008051] [imu_filter]: Parameter RLController.pid_ki_ang set to 0.000000
[imu_filter_madgwick_node-3] [INFO] [1771831478.845062036] [imu_filter]: Parameter RLController.pid_kd_ang set to 0.100000
[imu_filter_madgwick_node-3] [INFO] [1771831479.259469461] [imu_filter]: Parameter RLController.pid_kp_lin set to 1.201597
[imu_filter_madgwick_node-3] [INFO] [1771831479.259946496] [imu_filter]: Parameter RLController.pid_ki_lin set to 0.000000
[imu_filter_madgwick_node-3] [INFO] [1771831479.260021186] [imu_filter]: Parameter RLController.pid_kd_lin set to 0.029594
[imu_filter_madgwick_node-3] [INFO] [1771831479.260084803] [imu_filter]: Parameter RLController.pid_kp_ang set to 1.230000
[imu_filter_madgwick_node-3] [INFO] [1771831479.260138693] [imu_filter]: Parameter RLController.pid_ki_ang set to 0.000000
[imu_filter_madgwick_node-3] [INFO] [1771831479.260191110] [imu_filter]: Parameter RLController.pid_kd_ang set to 0.100000
[imu_filter_madgwick_node-3] [INFO] [1771831479.677828209] [imu_filter]: Parameter RLController.pid_kp_lin set to 1.201597
[imu_filter_madgwick_node-3] [INFO] [1771831479.678040662] [imu_filter]: Parameter RLController.pid_ki_lin set to 0.000000
[imu_filter_madgwick_node-3] [INFO] [1771831479.678113528] [imu_filter]: Parameter RLController.pid_kd_lin set to 0.029528
[imu_filter_madgwick_node-3] [INFO] [1771831479.678172825] [imu_filter]: Parameter RLController.pid_kp_ang set to 1.230000
[imu_filter_madgwick_node-3] [INFO] [1771831479.678227866] [imu_filter]: Parameter RLController.pid_ki_ang set to 0.000000
[imu_filter_madgwick_node-3] [INFO] [1771831479.678281564] [imu_filter]: Parameter RLController.pid_kd_ang set to 0.100000
[imu_filter_madgwick_node-3] [INFO] [1771831480.083784594] [imu_filter]: Parameter RLController.pid_kp_lin set to 1.201597
[imu_filter_madgwick_node-3] [INFO] [1771831480.084013975] [imu_filter]: Parameter RLController.pid_ki_lin set to 0.000000
[imu_filter_madgwick_node-3] [INFO] [1771831480.084083225] [imu_filter]: Parameter RLController.pid_kd_lin set to 0.029463
[imu_filter_madgwick_node-3] [INFO] [1771831480.085791936] [imu_filter]: Parameter RLController.pid_kp_ang set to 1.230000
[imu_filter_madgwick_node-3] [INFO] [1771831480.085957859] [imu_filter]: Parameter RLController.pid_ki_ang set to 0.000000
[imu_filter_madgwick_node-3] [INFO] [1771831480.086024901] [imu_filter]: Parameter RLController.pid_kd_ang set to 0.100000
[imu_filter_madgwick_node-3] [INFO] [1771831480.495698618] [imu_filter]: Parameter RLController.pid_kp_lin set to 1.201597
[imu_filter_madgwick_node-3] [INFO] [1771831480.495887903] [imu_filter]: Parameter RLController.pid_ki_lin set to 0.000000
[imu_filter_madgwick_node-3] [INFO] [1771831480.495982433] [imu_filter]: Parameter RLController.pid_kd_lin set to 0.029399
[imu_filter_madgwick_node-3] [INFO] [1771831480.496045538] [imu_filter]: Parameter RLController.pid_kp_ang set to 1.230000
[imu_filter_madgwick_node-3] [INFO] [1771831480.496220454] [imu_filter]: Parameter RLController.pid_ki_ang set to 0.000000
[imu_filter_madgwick_node-3] [INFO] [1771831480.496286472] [imu_filter]: Parameter RLController.pid_kd_ang set to 0.100000
[imu_filter_madgwick_node-3] [INFO] [1771831480.913358054] [imu_filter]: Parameter RLController.pid_kp_lin set to 1.201597
[imu_filter_madgwick_node-3] [INFO] [1771831480.913563467] [imu_filter]: Parameter RLController.pid_ki_lin set to 0.000000
[imu_filter_madgwick_node-3] [INFO] [1771831480.913629805] [imu_filter]: Parameter RLController.pid_kd_lin set to 0.029336
[imu_filter_madgwick_node-3] [INFO] [1771831480.913688750] [imu_filter]: Parameter RLController.pid_kp_ang set to 1.230000
[imu_filter_madgwick_node-3] [INFO] [1771831480.913742927] [imu_filter]: Parameter RLController.pid_ki_ang set to 0.000000
[imu_filter_madgwick_node-3] [INFO] [1771831480.913795824] [imu_filter]: Parameter RLController.pid_kd_ang set to 0.100000
[imu_filter_madgwick_node-3] [INFO] [1771831481.325552437] [imu_filter]: Parameter RLController.pid_kp_lin set to 1.201597
[imu_filter_madgwick_node-3] [INFO] [1771831481.325776315] [imu_filter]: Parameter RLController.pid_ki_lin set to 0.000000
[imu_filter_madgwick_node-3] [INFO] [1771831481.325973727] [imu_filter]: Parameter RLController.pid_kd_lin set to 0.029273
[imu_filter_madgwick_node-3] [INFO] [1771831481.326040193] [imu_filter]: Parameter RLController.pid_kp_ang set to 1.230000
[imu_filter_madgwick_node-3] [INFO] [1771831481.326094850] [imu_filter]: Parameter RLController.pid_ki_ang set to 0.000000
[imu_filter_madgwick_node-3] [INFO] [1771831481.326150499] [imu_filter]: Parameter RLController.pid_kd_ang set to 0.100000
[imu_filter_madgwick_node-3] [INFO] [1771831481.738298065] [imu_filter]: Parameter RLController.pid_kp_lin set to 1.201597
[imu_filter_madgwick_node-3] [INFO] [1771831481.738520534] [imu_filter]: Parameter RLController.pid_ki_lin set to 0.000000
[imu_filter_madgwick_node-3] [INFO] [1771831481.738587544] [imu_filter]: Parameter RLController.pid_kd_lin set to 0.029211
[imu_filter_madgwick_node-3] [INFO] [1771831481.738646521] [imu_filter]: Parameter RLController.pid_kp_ang set to 1.230000
[imu_filter_madgwick_node-3] [INFO] [1771831481.738700698] [imu_filter]: Parameter RLController.pid_ki_ang set to 0.000000
[imu_filter_madgwick_node-3] [INFO] [1771831481.738754011] [imu_filter]: Parameter RLController.pid_kd_ang set to 0.100000
[imu_filter_madgwick_node-3] [INFO] [1771831482.154256822] [imu_filter]: Parameter RLController.pid_kp_lin set to 1.201597
[imu_filter_madgwick_node-3] [INFO] [1771831482.155738136] [imu_filter]: Parameter RLController.pid_ki_lin set to 0.000000
[imu_filter_madgwick_node-3] [INFO] [1771831482.155934365] [imu_filter]: Parameter RLController.pid_kd_lin set to 0.029149
[imu_filter_madgwick_node-3] [INFO] [1771831482.156002718] [imu_filter]: Parameter RLController.pid_kp_ang set to 1.230000
[imu_filter_madgwick_node-3] [INFO] [1771831482.156058943] [imu_filter]: Parameter RLController.pid_ki_ang set to 0.000000
[imu_filter_madgwick_node-3] [INFO] [1771831482.156125953] [imu_filter]: Parameter RLController.pid_kd_ang set to 0.100000
[imu_filter_madgwick_node-3] [INFO] [1771831482.565772470] [imu_filter]: Parameter RLController.pid_kp_lin set to 1.201597
[imu_filter_madgwick_node-3] [INFO] [1771831482.565973850] [imu_filter]: Parameter RLController.pid_ki_lin set to 0.000000
[imu_filter_madgwick_node-3] [INFO] [1771831482.566050236] [imu_filter]: Parameter RLController.pid_kd_lin set to 0.029086
[imu_filter_madgwick_node-3] [INFO] [1771831482.566110845] [imu_filter]: Parameter RLController.pid_kp_ang set to 1.230000
[imu_filter_madgwick_node-3] [INFO] [1771831482.566165535] [imu_filter]: Parameter RLController.pid_ki_ang set to 0.000000
[imu_filter_madgwick_node-3] [INFO] [1771831482.566218848] [imu_filter]: Parameter RLController.pid_kd_ang set to 0.100000
[imu_filter_madgwick_node-3] [INFO] [1771831482.974796860] [imu_filter]: Parameter RLController.pid_kp_lin set to 1.201597
[imu_filter_madgwick_node-3] [INFO] [1771831482.975046274] [imu_filter]: Parameter RLController.pid_ki_lin set to 0.000000
[imu_filter_madgwick_node-3] [INFO] [1771831482.975129892] [imu_filter]: Parameter RLController.pid_kd_lin set to 0.029025
[imu_filter_madgwick_node-3] [INFO] [1771831482.975209286] [imu_filter]: Parameter RLController.pid_kp_ang set to 1.230000
[imu_filter_madgwick_node-3] [INFO] [1771831482.975270535] [imu_filter]: Parameter RLController.pid_ki_ang set to 0.000000
[imu_filter_madgwick_node-3] [INFO] [1771831482.975318824] [imu_filter]: Parameter RLController.pid_kd_ang set to 0.100000
[imu_filter_madgwick_node-3] [INFO] [1771831483.393157592] [imu_filter]: Parameter RLController.pid_kp_lin set to 1.201597
[imu_filter_madgwick_node-3] [INFO] [1771831483.399868210] [imu_filter]: Parameter RLController.pid_ki_lin set to 0.000000
[imu_filter_madgwick_node-3] [INFO] [1771831483.400264411] [imu_filter]: Parameter RLController.pid_kd_lin set to 0.028964
[imu_filter_madgwick_node-3] [INFO] [1771831483.400390238] [imu_filter]: Parameter RLController.pid_kp_ang set to 1.230000
[imu_filter_madgwick_node-3] [INFO] [1771831483.400460415] [imu_filter]: Parameter RLController.pid_ki_ang set to 0.000000
[imu_filter_madgwick_node-3] [INFO] [1771831483.400628291] [imu_filter]: Parameter RLController.pid_kd_ang set to 0.100000
[imu_filter_madgwick_node-3] [INFO] [1771831483.809852398] [imu_filter]: Parameter RLController.pid_kp_lin set to 1.201597
[imu_filter_madgwick_node-3] [INFO] [1771831483.810034066] [imu_filter]: Parameter RLController.pid_ki_lin set to 0.000000
[imu_filter_madgwick_node-3] [INFO] [1771831483.810216791] [imu_filter]: Parameter RLController.pid_kd_lin set to 0.028902
[imu_filter_madgwick_node-3] [INFO] [1771831483.810314841] [imu_filter]: Parameter RLController.pid_kp_ang set to 1.230000
[imu_filter_madgwick_node-3] [INFO] [1771831483.810379482] [imu_filter]: Parameter RLController.pid_ki_ang set to 0.000000
[imu_filter_madgwick_node-3] [INFO] [1771831483.810432347] [imu_filter]: Parameter RLController.pid_kd_ang set to 0.100000
[imu_filter_madgwick_node-3] [INFO] [1771831484.232290087] [imu_filter]: Parameter RLController.pid_kp_lin set to 1.201597
[imu_filter_madgwick_node-3] [INFO] [1771831484.232490796] [imu_filter]: Parameter RLController.pid_ki_lin set to 0.000000
[imu_filter_madgwick_node-3] [INFO] [1771831484.232689201] [imu_filter]: Parameter RLController.pid_kd_lin set to 0.028841
[imu_filter_madgwick_node-3] [INFO] [1771831484.232767826] [imu_filter]: Parameter RLController.pid_kp_ang set to 1.230000
[imu_filter_madgwick_node-3] [INFO] [1771831484.232825652] [imu_filter]: Parameter RLController.pid_ki_ang set to 0.000000
[imu_filter_madgwick_node-3] [INFO] [1771831484.232880693] [imu_filter]: Parameter RLController.pid_kd_ang set to 0.100000
[imu_filter_madgwick_node-3] [INFO] [1771831484.650579074] [imu_filter]: Parameter RLController.pid_kp_lin set to 1.201597
[imu_filter_madgwick_node-3] [INFO] [1771831484.650898985] [imu_filter]: Parameter RLController.pid_ki_lin set to 0.000000
[imu_filter_madgwick_node-3] [INFO] [1771831484.650976235] [imu_filter]: Parameter RLController.pid_kd_lin set to 0.028780
[imu_filter_madgwick_node-3] [INFO] [1771831484.651055597] [imu_filter]: Parameter RLController.pid_kp_ang set to 1.230000
[imu_filter_madgwick_node-3] [INFO] [1771831484.651123438] [imu_filter]: Parameter RLController.pid_ki_ang set to 0.000000
[imu_filter_madgwick_node-3] [INFO] [1771831484.651181072] [imu_filter]: Parameter RLController.pid_kd_ang set to 0.100000
[imu_filter_madgwick_node-3] [INFO] [1771831485.060894726] [imu_filter]: Parameter RLController.pid_kp_lin set to 1.201597
[imu_filter_madgwick_node-3] [INFO] [1771831485.061081258] [imu_filter]: Parameter RLController.pid_ki_lin set to 0.000000
[imu_filter_madgwick_node-3] [INFO] [1771831485.061150028] [imu_filter]: Parameter RLController.pid_kd_lin set to 0.028719
[imu_filter_madgwick_node-3] [INFO] [1771831485.061623735] [imu_filter]: Parameter RLController.pid_kp_ang set to 1.230000
[imu_filter_madgwick_node-3] [INFO] [1771831485.061704632] [imu_filter]: Parameter RLController.pid_ki_ang set to 0.000000
[imu_filter_madgwick_node-3] [INFO] [1771831485.061763610] [imu_filter]: Parameter RLController.pid_kd_ang set to 0.100000
[imu_filter_madgwick_node-3] [INFO] [1771831485.477267444] [imu_filter]: Parameter RLController.pid_kp_lin set to 1.201597
[imu_filter_madgwick_node-3] [INFO] [1771831485.477451257] [imu_filter]: Parameter RLController.pid_ki_lin set to 0.000000
[imu_filter_madgwick_node-3] [INFO] [1771831485.480852486] [imu_filter]: Parameter RLController.pid_kd_lin set to 0.028719
[imu_filter_madgwick_node-3] [INFO] [1771831485.481078924] [imu_filter]: Parameter RLController.pid_kp_ang set to 1.230000
[imu_filter_madgwick_node-3] [INFO] [1771831485.481149901] [imu_filter]: Parameter RLController.pid_ki_ang set to 0.000000
[imu_filter_madgwick_node-3] [INFO] [1771831485.481219183] [imu_filter]: Parameter RLController.pid_kd_ang set to 0.100066
[imu_filter_madgwick_node-3] [INFO] [1771831485.893285179] [imu_filter]: Parameter RLController.pid_kp_lin set to 1.201597
[imu_filter_madgwick_node-3] [INFO] [1771831485.893482719] [imu_filter]: Parameter RLController.pid_ki_lin set to 0.000000
[imu_filter_madgwick_node-3] [INFO] [1771831485.893550913] [imu_filter]: Parameter RLController.pid_kd_lin set to 0.028719
[imu_filter_madgwick_node-3] [INFO] [1771831485.893607842] [imu_filter]: Parameter RLController.pid_kp_ang set to 1.230000
[imu_filter_madgwick_node-3] [INFO] [1771831485.893660163] [imu_filter]: Parameter RLController.pid_ki_ang set to 0.000000
[imu_filter_madgwick_node-3] [INFO] [1771831485.893714053] [imu_filter]: Parameter RLController.pid_kd_ang set to 0.100132
[imu_filter_madgwick_node-3] [INFO] [1771831486.315816278] [imu_filter]: Parameter RLController.pid_kp_lin set to 1.201597
[imu_filter_madgwick_node-3] [INFO] [1771831486.320363390] [imu_filter]: Parameter RLController.pid_ki_lin set to 0.000000
[imu_filter_madgwick_node-3] [INFO] [1771831486.320552354] [imu_filter]: Parameter RLController.pid_kd_lin set to 0.028719
[imu_filter_madgwick_node-3] [INFO] [1771831486.320619492] [imu_filter]: Parameter RLController.pid_kp_ang set to 1.230000
[imu_filter_madgwick_node-3] [INFO] [1771831486.320674917] [imu_filter]: Parameter RLController.pid_ki_ang set to 0.000000
[imu_filter_madgwick_node-3] [INFO] [1771831486.320729350] [imu_filter]: Parameter RLController.pid_kd_ang set to 0.100197
[imu_filter_madgwick_node-3] [INFO] [1771831486.726966349] [imu_filter]: Parameter RLController.pid_kp_lin set to 1.201597
[imu_filter_madgwick_node-3] [INFO] [1771831486.731532214] [imu_filter]: Parameter RLController.pid_ki_lin set to 0.000000
[imu_filter_madgwick_node-3] [INFO] [1771831486.731850205] [imu_filter]: Parameter RLController.pid_kd_lin set to 0.028719
[imu_filter_madgwick_node-3] [INFO] [1771831486.731923071] [imu_filter]: Parameter RLController.pid_kp_ang set to 1.230000
[imu_filter_madgwick_node-3] [INFO] [1771831486.731983200] [imu_filter]: Parameter RLController.pid_ki_ang set to 0.000000
[imu_filter_madgwick_node-3] [INFO] [1771831486.732038369] [imu_filter]: Parameter RLController.pid_kd_ang set to 0.100260
[imu_filter_madgwick_node-3] [INFO] [1771831487.160324864] [imu_filter]: Parameter RLController.pid_kp_lin set to 1.201597
[imu_filter_madgwick_node-3] [INFO] [1771831487.160508644] [imu_filter]: Parameter RLController.pid_ki_lin set to 0.000000
[imu_filter_madgwick_node-3] [INFO] [1771831487.164026133] [imu_filter]: Parameter RLController.pid_kd_lin set to 0.028719
[imu_filter_madgwick_node-3] [INFO] [1771831487.164222169] [imu_filter]: Parameter RLController.pid_kp_ang set to 1.230000
[imu_filter_madgwick_node-3] [INFO] [1771831487.164292763] [imu_filter]: Parameter RLController.pid_ki_ang set to 0.000000
[imu_filter_madgwick_node-3] [INFO] [1771831487.164346076] [imu_filter]: Parameter RLController.pid_kd_ang set to 0.100322
[imu_filter_madgwick_node-3] [INFO] [1771831487.570547938] [imu_filter]: Parameter RLController.pid_kp_lin set to 1.201597
[imu_filter_madgwick_node-3] [INFO] [1771831487.573217151] [imu_filter]: Parameter RLController.pid_ki_lin set to 0.000000
[imu_filter_madgwick_node-3] [INFO] [1771831487.573574663] [imu_filter]: Parameter RLController.pid_kd_lin set to 0.028719
[imu_filter_madgwick_node-3] [INFO] [1771831487.573666281] [imu_filter]: Parameter RLController.pid_kp_ang set to 1.230000
[imu_filter_madgwick_node-3] [INFO] [1771831487.573726443] [imu_filter]: Parameter RLController.pid_ki_ang set to 0.000000
[imu_filter_madgwick_node-3] [INFO] [1771831487.573784236] [imu_filter]: Parameter RLController.pid_kd_ang set to 0.100382
[imu_filter_madgwick_node-3] [INFO] [1771831488.018914348] [imu_filter]: Parameter RLController.pid_kp_lin set to 1.201597
[imu_filter_madgwick_node-3] [INFO] [1771831488.019129873] [imu_filter]: Parameter RLController.pid_ki_lin set to 0.000000
[imu_filter_madgwick_node-3] [INFO] [1771831488.019204627] [imu_filter]: Parameter RLController.pid_kd_lin set to 0.028719
[imu_filter_madgwick_node-3] [INFO] [1771831488.019263412] [imu_filter]: Parameter RLController.pid_kp_ang set to 1.230000
[imu_filter_madgwick_node-3] [INFO] [1771831488.019317173] [imu_filter]: Parameter RLController.pid_ki_ang set to 0.000000
[imu_filter_madgwick_node-3] [INFO] [1771831488.019368503] [imu_filter]: Parameter RLController.pid_kd_ang set to 0.100441
[imu_filter_madgwick_node-3] [INFO] [1771831488.460892740] [imu_filter]: Parameter RLController.pid_kp_lin set to 1.201597
[imu_filter_madgwick_node-3] [INFO] [1771831488.461433264] [imu_filter]: Parameter RLController.pid_ki_lin set to 0.000000
[imu_filter_madgwick_node-3] [INFO] [1771831488.461577236] [imu_filter]: Parameter RLController.pid_kd_lin set to 0.028719
[imu_filter_madgwick_node-3] [INFO] [1771831488.461646933] [imu_filter]: Parameter RLController.pid_kp_ang set to 1.230000
[imu_filter_madgwick_node-3] [INFO] [1771831488.461702935] [imu_filter]: Parameter RLController.pid_ki_ang set to 0.000000
[imu_filter_madgwick_node-3] [INFO] [1771831488.461757144] [imu_filter]: Parameter RLController.pid_kd_ang set to 0.100498
[imu_filter_madgwick_node-3] [INFO] [1771831488.873962535] [imu_filter]: Parameter RLController.pid_kp_lin set to 1.201597
[imu_filter_madgwick_node-3] [INFO] [1771831488.874153675] [imu_filter]: Parameter RLController.pid_ki_lin set to 0.000000
[imu_filter_madgwick_node-3] [INFO] [1771831488.874216365] [imu_filter]: Parameter RLController.pid_kd_lin set to 0.028719
[imu_filter_madgwick_node-3] [INFO] [1771831488.874273230] [imu_filter]: Parameter RLController.pid_kp_ang set to 1.230000
[imu_filter_madgwick_node-3] [INFO] [1771831488.874328111] [imu_filter]: Parameter RLController.pid_ki_ang set to 0.000000
[imu_filter_madgwick_node-3] [INFO] [1771831488.874380945] [imu_filter]: Parameter RLController.pid_kd_ang set to 0.100552
[imu_filter_madgwick_node-3] [INFO] [1771831489.288804115] [imu_filter]: Parameter RLController.pid_kp_lin set to 1.201597
[imu_filter_madgwick_node-3] [INFO] [1771831489.292817742] [imu_filter]: Parameter RLController.pid_ki_lin set to 0.000000
[imu_filter_madgwick_node-3] [INFO] [1771831489.293171575] [imu_filter]: Parameter RLController.pid_kd_lin set to 0.028719
[imu_filter_madgwick_node-3] [INFO] [1771831489.293254840] [imu_filter]: Parameter RLController.pid_kp_ang set to 1.230000
[imu_filter_madgwick_node-3] [INFO] [1771831489.293312986] [imu_filter]: Parameter RLController.pid_ki_ang set to 0.000000
[imu_filter_madgwick_node-3] [INFO] [1771831489.293367195] [imu_filter]: Parameter RLController.pid_kd_ang set to 0.100598
[imu_filter_madgwick_node-3] [INFO] [1771831489.715189254] [imu_filter]: Parameter RLController.pid_kp_lin set to 1.201835
[imu_filter_madgwick_node-3] [INFO] [1771831489.715389515] [imu_filter]: Parameter RLController.pid_ki_lin set to 0.000000
[imu_filter_madgwick_node-3] [INFO] [1771831489.715604688] [imu_filter]: Parameter RLController.pid_kd_lin set to 0.028610
[imu_filter_madgwick_node-3] [INFO] [1771831489.715683153] [imu_filter]: Parameter RLController.pid_kp_ang set to 1.230000
[imu_filter_madgwick_node-3] [INFO] [1771831489.715742771] [imu_filter]: Parameter RLController.pid_ki_ang set to 0.000000
[imu_filter_madgwick_node-3] [INFO] [1771831489.715799028] [imu_filter]: Parameter RLController.pid_kd_ang set to 0.100598
[imu_filter_madgwick_node-3] [INFO] [1771831490.145142123] [imu_filter]: Parameter RLController.pid_kp_lin set to 1.202375
[imu_filter_madgwick_node-3] [INFO] [1771831490.145460466] [imu_filter]: Parameter RLController.pid_ki_lin set to 0.000000
[imu_filter_madgwick_node-3] [INFO] [1771831490.145572693] [imu_filter]: Parameter RLController.pid_kd_lin set to 0.028430
[imu_filter_madgwick_node-3] [INFO] [1771831490.145638486] [imu_filter]: Parameter RLController.pid_kp_ang set to 1.230000
[imu_filter_madgwick_node-3] [INFO] [1771831490.145694040] [imu_filter]: Parameter RLController.pid_ki_ang set to 0.000000
[imu_filter_madgwick_node-3] [INFO] [1771831490.145746393] [imu_filter]: Parameter RLController.pid_kd_ang set to 0.100598
[imu_filter_madgwick_node-3] [INFO] [1771831490.544331345] [imu_filter]: Parameter RLController.pid_kp_lin set to 1.202915
[imu_filter_madgwick_node-3] [INFO] [1771831490.544540534] [imu_filter]: Parameter RLController.pid_ki_lin set to 0.000000
[imu_filter_madgwick_node-3] [INFO] [1771831490.544614487] [imu_filter]: Parameter RLController.pid_kd_lin set to 0.028250
[imu_filter_madgwick_node-3] [INFO] [1771831490.544674521] [imu_filter]: Parameter RLController.pid_kp_ang set to 1.230000
[imu_filter_madgwick_node-3] [INFO] [1771831490.544728666] [imu_filter]: Parameter RLController.pid_ki_ang set to 0.000000
[imu_filter_madgwick_node-3] [INFO] [1771831490.544803964] [imu_filter]: Parameter RLController.pid_kd_ang set to 0.100526
[imu_filter_madgwick_node-3] [INFO] [1771831490.965391755] [imu_filter]: Parameter RLController.pid_kp_lin set to 1.203455
[imu_filter_madgwick_node-3] [INFO] [1771831490.965597423] [imu_filter]: Parameter RLController.pid_ki_lin set to 0.000000
[imu_filter_madgwick_node-3] [INFO] [1771831490.965664849] [imu_filter]: Parameter RLController.pid_kd_lin set to 0.028070
[imu_filter_madgwick_node-3] [INFO] [1771831490.965723986] [imu_filter]: Parameter RLController.pid_kp_ang set to 1.230000
[imu_filter_madgwick_node-3] [INFO] [1771831490.965778611] [imu_filter]: Parameter RLController.pid_ki_ang set to 0.000000
[imu_filter_madgwick_node-3] [INFO] [1771831490.965830965] [imu_filter]: Parameter RLController.pid_kd_ang set to 0.100451
[imu_filter_madgwick_node-3] [INFO] [1771831491.375576524] [imu_filter]: Parameter RLController.pid_kp_lin set to 1.203995
[imu_filter_madgwick_node-3] [INFO] [1771831491.375796337] [imu_filter]: Parameter RLController.pid_ki_lin set to 0.000000
[imu_filter_madgwick_node-3] [INFO] [1771831491.375862642] [imu_filter]: Parameter RLController.pid_kd_lin set to 0.027890
[imu_filter_madgwick_node-3] [INFO] [1771831491.375921364] [imu_filter]: Parameter RLController.pid_kp_ang set to 1.230000
[imu_filter_madgwick_node-3] [INFO] [1771831491.375972821] [imu_filter]: Parameter RLController.pid_ki_ang set to 0.000000
[imu_filter_madgwick_node-3] [INFO] [1771831491.376024662] [imu_filter]: Parameter RLController.pid_kd_ang set to 0.100378
[imu_filter_madgwick_node-3] [INFO] [1771831491.801017386] [imu_filter]: Parameter RLController.pid_kp_lin set to 1.204535
[imu_filter_madgwick_node-3] [INFO] [1771831491.801351729] [imu_filter]: Parameter RLController.pid_ki_lin set to 0.000000
[imu_filter_madgwick_node-3] [INFO] [1771831491.801424083] [imu_filter]: Parameter RLController.pid_kd_lin set to 0.027710
[imu_filter_madgwick_node-3] [INFO] [1771831491.801481204] [imu_filter]: Parameter RLController.pid_kp_ang set to 1.230000
[imu_filter_madgwick_node-3] [INFO] [1771831491.801533077] [imu_filter]: Parameter RLController.pid_ki_ang set to 0.000000
[imu_filter_madgwick_node-3] [INFO] [1771831491.801583734] [imu_filter]: Parameter RLController.pid_kd_ang set to 0.100312
[imu_filter_madgwick_node-3] [INFO] [1771831492.225380527] [imu_filter]: Parameter RLController.pid_kp_lin set to 1.205075
[imu_filter_madgwick_node-3] [INFO] [1771831492.225588340] [imu_filter]: Parameter RLController.pid_ki_lin set to 0.000000
[imu_filter_madgwick_node-3] [INFO] [1771831492.225653141] [imu_filter]: Parameter RLController.pid_kd_lin set to 0.027530
[imu_filter_madgwick_node-3] [INFO] [1771831492.225711990] [imu_filter]: Parameter RLController.pid_kp_ang set to 1.230000
[imu_filter_madgwick_node-3] [INFO] [1771831492.225765368] [imu_filter]: Parameter RLController.pid_ki_ang set to 0.000000
[imu_filter_madgwick_node-3] [INFO] [1771831492.225818521] [imu_filter]: Parameter RLController.pid_kd_ang set to 0.100236
[imu_filter_madgwick_node-3] [INFO] [1771831492.635526543] [imu_filter]: Parameter RLController.pid_kp_lin set to 1.205615
[imu_filter_madgwick_node-3] [INFO] [1771831492.635743796] [imu_filter]: Parameter RLController.pid_ki_lin set to 0.000000
[imu_filter_madgwick_node-3] [INFO] [1771831492.635821942] [imu_filter]: Parameter RLController.pid_kd_lin set to 0.027350
[imu_filter_madgwick_node-3] [INFO] [1771831492.635879447] [imu_filter]: Parameter RLController.pid_kp_ang set to 1.230000
[imu_filter_madgwick_node-3] [INFO] [1771831492.636057755] [imu_filter]: Parameter RLController.pid_ki_ang set to 0.000000
[imu_filter_madgwick_node-3] [INFO] [1771831492.636129341] [imu_filter]: Parameter RLController.pid_kd_ang set to 0.100236
[imu_filter_madgwick_node-3] [INFO] [1771831493.068550842] [imu_filter]: Parameter RLController.pid_kp_lin set to 1.206155
[imu_filter_madgwick_node-3] [INFO] [1771831493.068759263] [imu_filter]: Parameter RLController.pid_ki_lin set to 0.000000
[imu_filter_madgwick_node-3] [INFO] [1771831493.068824864] [imu_filter]: Parameter RLController.pid_kd_lin set to 0.027173
[imu_filter_madgwick_node-3] [INFO] [1771831493.068882210] [imu_filter]: Parameter RLController.pid_kp_ang set to 1.230000
[imu_filter_madgwick_node-3] [INFO] [1771831493.068934659] [imu_filter]: Parameter RLController.pid_ki_ang set to 0.000000
[imu_filter_madgwick_node-3] [INFO] [1771831493.068986404] [imu_filter]: Parameter RLController.pid_kd_ang set to 0.100236
[imu_filter_madgwick_node-3] [INFO] [1771831493.480249566] [imu_filter]: Parameter RLController.pid_kp_lin set to 1.206695
[imu_filter_madgwick_node-3] [INFO] [1771831493.480450499] [imu_filter]: Parameter RLController.pid_ki_lin set to 0.000000
[imu_filter_madgwick_node-3] [INFO] [1771831493.480648551] [imu_filter]: Parameter RLController.pid_kd_lin set to 0.027019
[imu_filter_madgwick_node-3] [INFO] [1771831493.480713545] [imu_filter]: Parameter RLController.pid_kp_ang set to 1.230000
[imu_filter_madgwick_node-3] [INFO] [1771831493.480767786] [imu_filter]: Parameter RLController.pid_ki_ang set to 0.000000
[imu_filter_madgwick_node-3] [INFO] [1771831493.480818155] [imu_filter]: Parameter RLController.pid_kd_ang set to 0.100236
[imu_filter_madgwick_node-3] [INFO] [1771831493.903538443] [imu_filter]: Parameter RLController.pid_kp_lin set to 1.207200
[imu_filter_madgwick_node-3] [INFO] [1771831493.903730511] [imu_filter]: Parameter RLController.pid_ki_lin set to 0.000000
[imu_filter_madgwick_node-3] [INFO] [1771831493.903804881] [imu_filter]: Parameter RLController.pid_kd_lin set to 0.026889
[imu_filter_madgwick_node-3] [INFO] [1771831493.903864498] [imu_filter]: Parameter RLController.pid_kp_ang set to 1.230000
[imu_filter_madgwick_node-3] [INFO] [1771831493.903917043] [imu_filter]: Parameter RLController.pid_ki_ang set to 0.000000
[imu_filter_madgwick_node-3] [INFO] [1771831493.903971188] [imu_filter]: Parameter RLController.pid_kd_ang set to 0.100236
[imu_filter_madgwick_node-3] [INFO] [1771831494.319861464] [imu_filter]: Parameter RLController.pid_kp_lin set to 1.207638
[imu_filter_madgwick_node-3] [INFO] [1771831494.320065757] [imu_filter]: Parameter RLController.pid_ki_lin set to 0.000000
[imu_filter_madgwick_node-3] [INFO] [1771831494.320135934] [imu_filter]: Parameter RLController.pid_kd_lin set to 0.026779
[imu_filter_madgwick_node-3] [INFO] [1771831494.320193056] [imu_filter]: Parameter RLController.pid_kp_ang set to 1.230000
[imu_filter_madgwick_node-3] [INFO] [1771831494.320423237] [imu_filter]: Parameter RLController.pid_ki_ang set to 0.000000
[imu_filter_madgwick_node-3] [INFO] [1771831494.320522951] [imu_filter]: Parameter RLController.pid_kd_ang set to 0.100236
[imu_filter_madgwick_node-3] [INFO] [1771831494.737172508] [imu_filter]: Parameter RLController.pid_kp_lin set to 1.207974
[imu_filter_madgwick_node-3] [INFO] [1771831494.737389825] [imu_filter]: Parameter RLController.pid_ki_lin set to 0.000000
[imu_filter_madgwick_node-3] [INFO] [1771831494.737474435] [imu_filter]: Parameter RLController.pid_kd_lin set to 0.026674
[imu_filter_madgwick_node-3] [INFO] [1771831494.739611828] [imu_filter]: Parameter RLController.pid_kp_ang set to 1.230000
[imu_filter_madgwick_node-3] [INFO] [1771831494.739770423] [imu_filter]: Parameter RLController.pid_ki_ang set to 0.000000
[imu_filter_madgwick_node-3] [INFO] [1771831494.739851449] [imu_filter]: Parameter RLController.pid_kd_ang set to 0.100236
[imu_filter_madgwick_node-3] [INFO] [1771831495.154169657] [imu_filter]: Parameter RLController.pid_kp_lin set to 1.207974
[imu_filter_madgwick_node-3] [INFO] [1771831495.154599011] [imu_filter]: Parameter RLController.pid_ki_lin set to 0.000000
[imu_filter_madgwick_node-3] [INFO] [1771831495.154842440] [imu_filter]: Parameter RLController.pid_kd_lin set to 0.026561
[imu_filter_madgwick_node-3] [INFO] [1771831495.154917546] [imu_filter]: Parameter RLController.pid_kp_ang set to 1.230000
[imu_filter_madgwick_node-3] [INFO] [1771831495.154973899] [imu_filter]: Parameter RLController.pid_ki_ang set to 0.000000
[imu_filter_madgwick_node-3] [INFO] [1771831495.155027340] [imu_filter]: Parameter RLController.pid_kd_ang set to 0.100236
[imu_filter_madgwick_node-3] [INFO] [1771831495.566648942] [imu_filter]: Parameter RLController.pid_kp_lin set to 1.207974
[imu_filter_madgwick_node-3] [INFO] [1771831495.566828979] [imu_filter]: Parameter RLController.pid_ki_lin set to 0.000000
[imu_filter_madgwick_node-3] [INFO] [1771831495.566892660] [imu_filter]: Parameter RLController.pid_kd_lin set to 0.026457
[imu_filter_madgwick_node-3] [INFO] [1771831495.566950901] [imu_filter]: Parameter RLController.pid_kp_ang set to 1.230000
[imu_filter_madgwick_node-3] [INFO] [1771831495.567002966] [imu_filter]: Parameter RLController.pid_ki_ang set to 0.000000
[imu_filter_madgwick_node-3] [INFO] [1771831495.567054680] [imu_filter]: Parameter RLController.pid_kd_ang set to 0.100236
[imu_filter_madgwick_node-3] [INFO] [1771831495.982979836] [imu_filter]: Parameter RLController.pid_kp_lin set to 1.207974
[imu_filter_madgwick_node-3] [INFO] [1771831495.983160960] [imu_filter]: Parameter RLController.pid_ki_lin set to 0.000000
[imu_filter_madgwick_node-3] [INFO] [1771831495.983226882] [imu_filter]: Parameter RLController.pid_kd_lin set to 0.026360
[imu_filter_madgwick_node-3] [INFO] [1771831495.983285443] [imu_filter]: Parameter RLController.pid_kp_ang set to 1.230000
[imu_filter_madgwick_node-3] [INFO] [1771831495.983337444] [imu_filter]: Parameter RLController.pid_ki_ang set to 0.000000
[imu_filter_madgwick_node-3] [INFO] [1771831495.983388581] [imu_filter]: Parameter RLController.pid_kd_ang set to 0.100236
[imu_filter_madgwick_node-3] [INFO] [1771831496.395551668] [imu_filter]: Parameter RLController.pid_kp_lin set to 1.207974
[imu_filter_madgwick_node-3] [INFO] [1771831496.395781529] [imu_filter]: Parameter RLController.pid_ki_lin set to 0.000000
[imu_filter_madgwick_node-3] [INFO] [1771831496.395886107] [imu_filter]: Parameter RLController.pid_kd_lin set to 0.026269
[imu_filter_madgwick_node-3] [INFO] [1771831496.396293477] [imu_filter]: Parameter RLController.pid_kp_ang set to 1.230000
[imu_filter_madgwick_node-3] [INFO] [1771831496.396392903] [imu_filter]: Parameter RLController.pid_ki_ang set to 0.000000
[imu_filter_madgwick_node-3] [INFO] [1771831496.396455624] [imu_filter]: Parameter RLController.pid_kd_ang set to 0.100236
[imu_filter_madgwick_node-3] [INFO] [1771831496.825146961] [imu_filter]: Parameter RLController.pid_kp_lin set to 1.207974
[imu_filter_madgwick_node-3] [INFO] [1771831496.825338933] [imu_filter]: Parameter RLController.pid_ki_lin set to 0.000000
[imu_filter_madgwick_node-3] [INFO] [1771831496.825403830] [imu_filter]: Parameter RLController.pid_kd_lin set to 0.026182
[imu_filter_madgwick_node-3] [INFO] [1771831496.825464536] [imu_filter]: Parameter RLController.pid_kp_ang set to 1.230000
[imu_filter_madgwick_node-3] [INFO] [1771831496.825535897] [imu_filter]: Parameter RLController.pid_ki_ang set to 0.000000
[imu_filter_madgwick_node-3] [INFO] [1771831496.825591355] [imu_filter]: Parameter RLController.pid_kd_ang set to 0.100236
[imu_filter_madgwick_node-3] [INFO] [1771831497.239689685] [imu_filter]: Parameter RLController.pid_kp_lin set to 1.207974
[imu_filter_madgwick_node-3] [INFO] [1771831497.240017245] [imu_filter]: Parameter RLController.pid_ki_lin set to 0.000000
[imu_filter_madgwick_node-3] [INFO] [1771831497.240104927] [imu_filter]: Parameter RLController.pid_kd_lin set to 0.026098
[imu_filter_madgwick_node-3] [INFO] [1771831497.240173120] [imu_filter]: Parameter RLController.pid_kp_ang set to 1.230000
[imu_filter_madgwick_node-3] [INFO] [1771831497.240232226] [imu_filter]: Parameter RLController.pid_ki_ang set to 0.000000
[imu_filter_madgwick_node-3] [INFO] [1771831497.240285475] [imu_filter]: Parameter RLController.pid_kd_ang set to 0.100236
[imu_filter_madgwick_node-3] [INFO] [1771831497.666487154] [imu_filter]: Parameter RLController.pid_kp_lin set to 1.207974
[imu_filter_madgwick_node-3] [INFO] [1771831497.666775257] [imu_filter]: Parameter RLController.pid_ki_lin set to 0.000000
[imu_filter_madgwick_node-3] [INFO] [1771831497.666852922] [imu_filter]: Parameter RLController.pid_kd_lin set to 0.026017
[imu_filter_madgwick_node-3] [INFO] [1771831497.666920508] [imu_filter]: Parameter RLController.pid_kp_ang set to 1.230000
[imu_filter_madgwick_node-3] [INFO] [1771831497.666977213] [imu_filter]: Parameter RLController.pid_ki_ang set to 0.000000
[imu_filter_madgwick_node-3] [INFO] [1771831497.667030847] [imu_filter]: Parameter RLController.pid_kd_ang set to 0.100236
[imu_filter_madgwick_node-3] [INFO] [1771831498.080960533] [imu_filter]: Parameter RLController.pid_kp_lin set to 1.207974
[imu_filter_madgwick_node-3] [INFO] [1771831498.081293661] [imu_filter]: Parameter RLController.pid_ki_lin set to 0.000000
[imu_filter_madgwick_node-3] [INFO] [1771831498.081378303] [imu_filter]: Parameter RLController.pid_kd_lin set to 0.025939
[imu_filter_madgwick_node-3] [INFO] [1771831498.081443808] [imu_filter]: Parameter RLController.pid_kp_ang set to 1.230000
[imu_filter_madgwick_node-3] [INFO] [1771831498.081506818] [imu_filter]: Parameter RLController.pid_ki_ang set to 0.000000
[imu_filter_madgwick_node-3] [INFO] [1771831498.081562371] [imu_filter]: Parameter RLController.pid_kd_ang set to 0.100236
[imu_filter_madgwick_node-3] [INFO] [1771831498.501584901] [imu_filter]: Parameter RLController.pid_kp_lin set to 1.207974
[imu_filter_madgwick_node-3] [INFO] [1771831498.501793098] [imu_filter]: Parameter RLController.pid_ki_lin set to 0.000000
[imu_filter_madgwick_node-3] [INFO] [1771831498.501998894] [imu_filter]: Parameter RLController.pid_kd_lin set to 0.025861
[imu_filter_madgwick_node-3] [INFO] [1771831498.502067024] [imu_filter]: Parameter RLController.pid_kp_ang set to 1.230000
[imu_filter_madgwick_node-3] [INFO] [1771831498.502124273] [imu_filter]: Parameter RLController.pid_ki_ang set to 0.000000
[imu_filter_madgwick_node-3] [INFO] [1771831498.502180211] [imu_filter]: Parameter RLController.pid_kd_ang set to 0.100236
[imu_filter_madgwick_node-3] [INFO] [1771831498.921385186] [imu_filter]: Parameter RLController.pid_kp_lin set to 1.207974
[imu_filter_madgwick_node-3] [INFO] [1771831498.922023409] [imu_filter]: Parameter RLController.pid_ki_lin set to 0.000000
[imu_filter_madgwick_node-3] [INFO] [1771831498.922126035] [imu_filter]: Parameter RLController.pid_kd_lin set to 0.025785
[imu_filter_madgwick_node-3] [INFO] [1771831498.922188148] [imu_filter]: Parameter RLController.pid_kp_ang set to 1.230000
[imu_filter_madgwick_node-3] [INFO] [1771831498.922242390] [imu_filter]: Parameter RLController.pid_ki_ang set to 0.000000
[imu_filter_madgwick_node-3] [INFO] [1771831498.923000359] [imu_filter]: Parameter RLController.pid_kd_ang set to 0.100236
[imu_filter_madgwick_node-3] [INFO] [1771831499.359369727] [imu_filter]: Parameter RLController.pid_kp_lin set to 1.207974
[imu_filter_madgwick_node-3] [INFO] [1771831499.362062460] [imu_filter]: Parameter RLController.pid_ki_lin set to 0.000000
[imu_filter_madgwick_node-3] [INFO] [1771831499.362374243] [imu_filter]: Parameter RLController.pid_kd_lin set to 0.025710
[imu_filter_madgwick_node-3] [INFO] [1771831499.362452805] [imu_filter]: Parameter RLController.pid_kp_ang set to 1.230000
[imu_filter_madgwick_node-3] [INFO] [1771831499.362512870] [imu_filter]: Parameter RLController.pid_ki_ang set to 0.000000
[imu_filter_madgwick_node-3] [INFO] [1771831499.362568552] [imu_filter]: Parameter RLController.pid_kd_ang set to 0.100236
[imu_filter_madgwick_node-3] [INFO] [1771831499.775058237] [imu_filter]: Parameter RLController.pid_kp_lin set to 1.207974
[imu_filter_madgwick_node-3] [INFO] [1771831499.778720785] [imu_filter]: Parameter RLController.pid_ki_lin set to 0.000000
[imu_filter_madgwick_node-3] [INFO] [1771831499.782381541] [imu_filter]: Parameter RLController.pid_kd_lin set to 0.025636
[imu_filter_madgwick_node-3] [INFO] [1771831499.787178611] [imu_filter]: Parameter RLController.pid_kp_ang set to 1.230000
[imu_filter_madgwick_node-3] [INFO] [1771831499.791641753] [imu_filter]: Parameter RLController.pid_ki_ang set to 0.000000
[imu_filter_madgwick_node-3] [INFO] [1771831499.794190067] [imu_filter]: Parameter RLController.pid_kd_ang set to 0.100236
[imu_filter_madgwick_node-3] [INFO] [1771831500.190065517] [imu_filter]: Parameter RLController.pid_kp_lin set to 1.207974
[imu_filter_madgwick_node-3] [INFO] [1771831500.190336371] [imu_filter]: Parameter RLController.pid_ki_lin set to 0.000000
[imu_filter_madgwick_node-3] [INFO] [1771831500.190406741] [imu_filter]: Parameter RLController.pid_kd_lin set to 0.025562
[imu_filter_madgwick_node-3] [INFO] [1771831500.190466262] [imu_filter]: Parameter RLController.pid_kp_ang set to 1.230000
[imu_filter_madgwick_node-3] [INFO] [1771831500.190520375] [imu_filter]: Parameter RLController.pid_ki_ang set to 0.000000
[imu_filter_madgwick_node-3] [INFO] [1771831500.190573208] [imu_filter]: Parameter RLController.pid_kd_ang set to 0.100236
[imu_filter_madgwick_node-3] [INFO] [1771831500.626748620] [imu_filter]: Parameter RLController.pid_kp_lin set to 1.207974
[imu_filter_madgwick_node-3] [INFO] [1771831500.626925488] [imu_filter]: Parameter RLController.pid_ki_lin set to 0.000000
[imu_filter_madgwick_node-3] [INFO] [1771831500.626988209] [imu_filter]: Parameter RLController.pid_kd_lin set to 0.025489
[imu_filter_madgwick_node-3] [INFO] [1771831500.627044178] [imu_filter]: Parameter RLController.pid_kp_ang set to 1.230000
[imu_filter_madgwick_node-3] [INFO] [1771831500.627095124] [imu_filter]: Parameter RLController.pid_ki_ang set to 0.000000
[imu_filter_madgwick_node-3] [INFO] [1771831500.627146421] [imu_filter]: Parameter RLController.pid_kd_ang set to 0.100236
[imu_filter_madgwick_node-3] [INFO] [1771831501.094371822] [imu_filter]: Parameter RLController.pid_kp_lin set to 1.207974
[imu_filter_madgwick_node-3] [INFO] [1771831501.094579059] [imu_filter]: Parameter RLController.pid_ki_lin set to 0.000000
[imu_filter_madgwick_node-3] [INFO] [1771831501.094647956] [imu_filter]: Parameter RLController.pid_kd_lin set to 0.025416
[imu_filter_madgwick_node-3] [INFO] [1771831501.094706901] [imu_filter]: Parameter RLController.pid_kp_ang set to 1.230000
[imu_filter_madgwick_node-3] [INFO] [1771831501.094759511] [imu_filter]: Parameter RLController.pid_ki_ang set to 0.000000
[imu_filter_madgwick_node-3] [INFO] [1771831501.094812312] [imu_filter]: Parameter RLController.pid_kd_ang set to 0.100236
[imu_filter_madgwick_node-3] [INFO] [1771831501.505135580] [imu_filter]: Parameter RLController.pid_kp_lin set to 1.207974
[imu_filter_madgwick_node-3] [INFO] [1771831501.505447971] [imu_filter]: Parameter RLController.pid_ki_lin set to 0.000000
[imu_filter_madgwick_node-3] [INFO] [1771831501.505519077] [imu_filter]: Parameter RLController.pid_kd_lin set to 0.025344
[imu_filter_madgwick_node-3] [INFO] [1771831501.505593767] [imu_filter]: Parameter RLController.pid_kp_ang set to 1.230000
[imu_filter_madgwick_node-3] [INFO] [1771831501.505650856] [imu_filter]: Parameter RLController.pid_ki_ang set to 0.000000
[imu_filter_madgwick_node-3] [INFO] [1771831501.505703369] [imu_filter]: Parameter RLController.pid_kd_ang set to 0.100236
[imu_filter_madgwick_node-3] [INFO] [1771831501.914579916] [imu_filter]: Parameter RLController.pid_kp_lin set to 1.207974
[imu_filter_madgwick_node-3] [INFO] [1771831501.914791473] [imu_filter]: Parameter RLController.pid_ki_lin set to 0.000000
[imu_filter_madgwick_node-3] [INFO] [1771831501.917169032] [imu_filter]: Parameter RLController.pid_kd_lin set to 0.025272
[imu_filter_madgwick_node-3] [INFO] [1771831501.917642034] [imu_filter]: Parameter RLController.pid_kp_ang set to 1.230000
[imu_filter_madgwick_node-3] [INFO] [1771831501.917742709] [imu_filter]: Parameter RLController.pid_ki_ang set to 0.000000
[imu_filter_madgwick_node-3] [INFO] [1771831501.917807606] [imu_filter]: Parameter RLController.pid_kd_ang set to 0.100236
[imu_filter_madgwick_node-3] [INFO] [1771831502.331611690] [imu_filter]: Parameter RLController.pid_kp_lin set to 1.207974
[imu_filter_madgwick_node-3] [INFO] [1771831502.331843343] [imu_filter]: Parameter RLController.pid_ki_lin set to 0.000000
[imu_filter_madgwick_node-3] [INFO] [1771831502.332044340] [imu_filter]: Parameter RLController.pid_kd_lin set to 0.025200
[imu_filter_madgwick_node-3] [INFO] [1771831502.332116597] [imu_filter]: Parameter RLController.pid_kp_ang set to 1.230000
[imu_filter_madgwick_node-3] [INFO] [1771831502.332173079] [imu_filter]: Parameter RLController.pid_ki_ang set to 0.000000
[imu_filter_madgwick_node-3] [INFO] [1771831502.332226584] [imu_filter]: Parameter RLController.pid_kd_ang set to 0.100236
[imu_filter_madgwick_node-3] [INFO] [1771831502.745614690] [imu_filter]: Parameter RLController.pid_kp_lin set to 1.207974
[imu_filter_madgwick_node-3] [INFO] [1771831502.745840135] [imu_filter]: Parameter RLController.pid_ki_lin set to 0.000000
[imu_filter_madgwick_node-3] [INFO] [1771831502.745911305] [imu_filter]: Parameter RLController.pid_kd_lin set to 0.025127
[imu_filter_madgwick_node-3] [INFO] [1771831502.745970090] [imu_filter]: Parameter RLController.pid_kp_ang set to 1.230000
[imu_filter_madgwick_node-3] [INFO] [1771831502.746024332] [imu_filter]: Parameter RLController.pid_ki_ang set to 0.000000
[imu_filter_madgwick_node-3] [INFO] [1771831502.746079309] [imu_filter]: Parameter RLController.pid_kd_ang set to 0.100236
[imu_filter_madgwick_node-3] [INFO] [1771831503.159965635] [imu_filter]: Parameter RLController.pid_kp_lin set to 1.207974
[imu_filter_madgwick_node-3] [INFO] [1771831503.161278625] [imu_filter]: Parameter RLController.pid_ki_lin set to 0.000000
[imu_filter_madgwick_node-3] [INFO] [1771831503.163701368] [imu_filter]: Parameter RLController.pid_kd_lin set to 0.025055
[imu_filter_madgwick_node-3] [INFO] [1771831503.164026976] [imu_filter]: Parameter RLController.pid_kp_ang set to 1.230000
[imu_filter_madgwick_node-3] [INFO] [1771831503.164103361] [imu_filter]: Parameter RLController.pid_ki_ang set to 0.000000
[imu_filter_madgwick_node-3] [INFO] [1771831503.164163363] [imu_filter]: Parameter RLController.pid_kd_ang set to 0.100236
[imu_filter_madgwick_node-3] [INFO] [1771831503.575871751] [imu_filter]: Parameter RLController.pid_kp_lin set to 1.207974
[imu_filter_madgwick_node-3] [INFO] [1771831503.576194670] [imu_filter]: Parameter RLController.pid_ki_lin set to 0.000000
[imu_filter_madgwick_node-3] [INFO] [1771831503.576268304] [imu_filter]: Parameter RLController.pid_kd_lin set to 0.024984
[imu_filter_madgwick_node-3] [INFO] [1771831503.576328401] [imu_filter]: Parameter RLController.pid_kp_ang set to 1.230000
[imu_filter_madgwick_node-3] [INFO] [1771831503.576382194] [imu_filter]: Parameter RLController.pid_ki_ang set to 0.000000
[imu_filter_madgwick_node-3] [INFO] [1771831503.576433779] [imu_filter]: Parameter RLController.pid_kd_ang set to 0.100236
[imu_filter_madgwick_node-3] [INFO] [1771831503.994640460] [imu_filter]: Parameter RLController.pid_kp_lin set to 1.207974
[imu_filter_madgwick_node-3] [INFO] [1771831503.994836912] [imu_filter]: Parameter RLController.pid_ki_lin set to 0.000000
[imu_filter_madgwick_node-3] [INFO] [1771831503.994901362] [imu_filter]: Parameter RLController.pid_kd_lin set to 0.024911
[imu_filter_madgwick_node-3] [INFO] [1771831503.994958963] [imu_filter]: Parameter RLController.pid_kp_ang set to 1.230000
[imu_filter_madgwick_node-3] [INFO] [1771831503.995021461] [imu_filter]: Parameter RLController.pid_ki_ang set to 0.000000
[imu_filter_madgwick_node-3] [INFO] [1771831503.995074550] [imu_filter]: Parameter RLController.pid_kd_ang set to 0.100236
[imu_filter_madgwick_node-3] [INFO] [1771831504.431010724] [imu_filter]: Parameter RLController.pid_kp_lin set to 1.207974
[imu_filter_madgwick_node-3] [INFO] [1771831504.431367116] [imu_filter]: Parameter RLController.pid_ki_lin set to 0.000000
[imu_filter_madgwick_node-3] [INFO] [1771831504.431515407] [imu_filter]: Parameter RLController.pid_kd_lin set to 0.024840
[imu_filter_madgwick_node-3] [INFO] [1771831504.431593905] [imu_filter]: Parameter RLController.pid_kp_ang set to 1.230000
[imu_filter_madgwick_node-3] [INFO] [1771831504.431653490] [imu_filter]: Parameter RLController.pid_ki_ang set to 0.000000
[imu_filter_madgwick_node-3] [INFO] [1771831504.431709012] [imu_filter]: Parameter RLController.pid_kd_ang set to 0.100236
[imu_filter_madgwick_node-3] [INFO] [1771831504.838540616] [imu_filter]: Parameter RLController.pid_kp_lin set to 1.207974
[imu_filter_madgwick_node-3] [INFO] [1771831504.838895408] [imu_filter]: Parameter RLController.pid_ki_lin set to 0.000000
[imu_filter_madgwick_node-3] [INFO] [1771831504.838969746] [imu_filter]: Parameter RLController.pid_kd_lin set to 0.024768
[imu_filter_madgwick_node-3] [INFO] [1771831504.839030003] [imu_filter]: Parameter RLController.pid_kp_ang set to 1.230000
[imu_filter_madgwick_node-3] [INFO] [1771831504.839230296] [imu_filter]: Parameter RLController.pid_ki_ang set to 0.000000
[imu_filter_madgwick_node-3] [INFO] [1771831504.839289721] [imu_filter]: Parameter RLController.pid_kd_ang set to 0.100236
[imu_filter_madgwick_node-3] [INFO] [1771831505.281366483] [imu_filter]: Parameter RLController.pid_kp_lin set to 1.207974
[imu_filter_madgwick_node-3] [INFO] [1771831505.281711643] [imu_filter]: Parameter RLController.pid_ki_lin set to 0.000000
[imu_filter_madgwick_node-3] [INFO] [1771831505.281828126] [imu_filter]: Parameter RLController.pid_kd_lin set to 0.024697
[imu_filter_madgwick_node-3] [INFO] [1771831505.281921216] [imu_filter]: Parameter RLController.pid_kp_ang set to 1.230000
[imu_filter_madgwick_node-3] [INFO] [1771831505.281980737] [imu_filter]: Parameter RLController.pid_ki_ang set to 0.000000
[imu_filter_madgwick_node-3] [INFO] [1771831505.285774264] [imu_filter]: Parameter RLController.pid_kd_ang set to 0.100236
[imu_filter_madgwick_node-3] [INFO] [1771831505.693019510] [imu_filter]: Parameter RLController.pid_kp_lin set to 1.207974
[imu_filter_madgwick_node-3] [INFO] [1771831505.693205402] [imu_filter]: Parameter RLController.pid_ki_lin set to 0.000000
[imu_filter_madgwick_node-3] [INFO] [1771831505.693274396] [imu_filter]: Parameter RLController.pid_kd_lin set to 0.024625
[imu_filter_madgwick_node-3] [INFO] [1771831505.693333565] [imu_filter]: Parameter RLController.pid_kp_ang set to 1.230000
[imu_filter_madgwick_node-3] [INFO] [1771831505.693385438] [imu_filter]: Parameter RLController.pid_ki_ang set to 0.000000
[imu_filter_madgwick_node-3] [INFO] [1771831505.693438112] [imu_filter]: Parameter RLController.pid_kd_ang set to 0.100236
[imu_filter_madgwick_node-3] [INFO] [1771831506.108671572] [imu_filter]: Parameter RLController.pid_kp_lin set to 1.207974
[imu_filter_madgwick_node-3] [INFO] [1771831506.108895353] [imu_filter]: Parameter RLController.pid_ki_lin set to 0.000000
[imu_filter_madgwick_node-3] [INFO] [1771831506.108967803] [imu_filter]: Parameter RLController.pid_kd_lin set to 0.024553
[imu_filter_madgwick_node-3] [INFO] [1771831506.109024956] [imu_filter]: Parameter RLController.pid_kp_ang set to 1.230000
[imu_filter_madgwick_node-3] [INFO] [1771831506.109905808] [imu_filter]: Parameter RLController.pid_ki_ang set to 0.000000
[imu_filter_madgwick_node-3] [INFO] [1771831506.110011923] [imu_filter]: Parameter RLController.pid_kd_ang set to 0.100236
[imu_filter_madgwick_node-3] [INFO] [1771831506.528354350] [imu_filter]: Parameter RLController.pid_kp_lin set to 1.207974
[imu_filter_madgwick_node-3] [INFO] [1771831506.528555379] [imu_filter]: Parameter RLController.pid_ki_lin set to 0.000000
[imu_filter_madgwick_node-3] [INFO] [1771831506.528619604] [imu_filter]: Parameter RLController.pid_kd_lin set to 0.024482
[imu_filter_madgwick_node-3] [INFO] [1771831506.528675862] [imu_filter]: Parameter RLController.pid_kp_ang set to 1.230000
[imu_filter_madgwick_node-3] [INFO] [1771831506.528734071] [imu_filter]: Parameter RLController.pid_ki_ang set to 0.000000
[imu_filter_madgwick_node-3] [INFO] [1771831506.528787576] [imu_filter]: Parameter RLController.pid_kd_ang set to 0.100236
[imu_filter_madgwick_node-3] [INFO] [1771831506.936920394] [imu_filter]: Parameter RLController.pid_kp_lin set to 1.207974
[imu_filter_madgwick_node-3] [INFO] [1771831506.937987747] [imu_filter]: Parameter RLController.pid_ki_lin set to 0.000000
[imu_filter_madgwick_node-3] [INFO] [1771831506.938119974] [imu_filter]: Parameter RLController.pid_kd_lin set to 0.024410
[imu_filter_madgwick_node-3] [INFO] [1771831506.938186439] [imu_filter]: Parameter RLController.pid_kp_ang set to 1.230000
[imu_filter_madgwick_node-3] [INFO] [1771831506.938255657] [imu_filter]: Parameter RLController.pid_ki_ang set to 0.000000
[imu_filter_madgwick_node-3] [INFO] [1771831506.938308202] [imu_filter]: Parameter RLController.pid_kd_ang set to 0.100236
[imu_filter_madgwick_node-3] [INFO] [1771831507.356853610] [imu_filter]: Parameter RLController.pid_kp_lin set to 1.207974
[imu_filter_madgwick_node-3] [INFO] [1771831507.357071695] [imu_filter]: Parameter RLController.pid_ki_lin set to 0.000000
[imu_filter_madgwick_node-3] [INFO] [1771831507.357141105] [imu_filter]: Parameter RLController.pid_kd_lin set to 0.024338
[imu_filter_madgwick_node-3] [INFO] [1771831507.357201682] [imu_filter]: Parameter RLController.pid_kp_ang set to 1.230000
[imu_filter_madgwick_node-3] [INFO] [1771831507.357254163] [imu_filter]: Parameter RLController.pid_ki_ang set to 0.000000
[imu_filter_madgwick_node-3] [INFO] [1771831507.357305589] [imu_filter]: Parameter RLController.pid_kd_ang set to 0.100236
[imu_filter_madgwick_node-3] [INFO] [1771831507.785560787] [imu_filter]: Parameter RLController.pid_kp_lin set to 1.207974
[imu_filter_madgwick_node-3] [INFO] [1771831507.785744791] [imu_filter]: Parameter RLController.pid_ki_lin set to 0.000000
[imu_filter_madgwick_node-3] [INFO] [1771831507.785822105] [imu_filter]: Parameter RLController.pid_kd_lin set to 0.024267
[imu_filter_madgwick_node-3] [INFO] [1771831507.785880442] [imu_filter]: Parameter RLController.pid_kp_ang set to 1.230000
[imu_filter_madgwick_node-3] [INFO] [1771831507.785933467] [imu_filter]: Parameter RLController.pid_ki_ang set to 0.000000
[imu_filter_madgwick_node-3] [INFO] [1771831507.787030036] [imu_filter]: Parameter RLController.pid_kd_ang set to 0.100236
[imu_filter_madgwick_node-3] [INFO] [1771831508.195333291] [imu_filter]: Parameter RLController.pid_kp_lin set to 1.207974
[imu_filter_madgwick_node-3] [INFO] [1771831508.195618737] [imu_filter]: Parameter RLController.pid_ki_lin set to 0.000000
[imu_filter_madgwick_node-3] [INFO] [1771831508.195690387] [imu_filter]: Parameter RLController.pid_kd_lin set to 0.024196
[imu_filter_madgwick_node-3] [INFO] [1771831508.195750260] [imu_filter]: Parameter RLController.pid_kp_ang set to 1.230000
[imu_filter_madgwick_node-3] [INFO] [1771831508.195802901] [imu_filter]: Parameter RLController.pid_ki_ang set to 0.000000
[imu_filter_madgwick_node-3] [INFO] [1771831508.195854838] [imu_filter]: Parameter RLController.pid_kd_ang set to 0.100236
[imu_filter_madgwick_node-3] [INFO] [1771831508.621040558] [imu_filter]: Parameter RLController.pid_kp_lin set to 1.207974
[imu_filter_madgwick_node-3] [INFO] [1771831508.621241747] [imu_filter]: Parameter RLController.pid_ki_lin set to 0.000000
[imu_filter_madgwick_node-3] [INFO] [1771831508.621308341] [imu_filter]: Parameter RLController.pid_kd_lin set to 0.024124
[imu_filter_madgwick_node-3] [INFO] [1771831508.621364790] [imu_filter]: Parameter RLController.pid_kp_ang set to 1.230000
[imu_filter_madgwick_node-3] [INFO] [1771831508.621417591] [imu_filter]: Parameter RLController.pid_ki_ang set to 0.000000
[imu_filter_madgwick_node-3] [INFO] [1771831508.621469592] [imu_filter]: Parameter RLController.pid_kd_ang set to 0.100236
[imu_filter_madgwick_node-3] [INFO] [1771831509.037363036] [imu_filter]: Parameter RLController.pid_kp_lin set to 1.207974
[imu_filter_madgwick_node-3] [INFO] [1771831509.037701700] [imu_filter]: Parameter RLController.pid_ki_lin set to 0.000000
[imu_filter_madgwick_node-3] [INFO] [1771831509.037787110] [imu_filter]: Parameter RLController.pid_kd_lin set to 0.024052
[imu_filter_madgwick_node-3] [INFO] [1771831509.038025611] [imu_filter]: Parameter RLController.pid_kp_ang set to 1.230000
[imu_filter_madgwick_node-3] [INFO] [1771831509.048692063] [imu_filter]: Parameter RLController.pid_ki_ang set to 0.000000
[imu_filter_madgwick_node-3] [INFO] [1771831509.048937092] [imu_filter]: Parameter RLController.pid_kd_ang set to 0.100236
[imu_filter_madgwick_node-3] [INFO] [1771831509.453301505] [imu_filter]: Parameter RLController.pid_kp_lin set to 1.207974
[imu_filter_madgwick_node-3] [INFO] [1771831509.455124298] [imu_filter]: Parameter RLController.pid_ki_lin set to 0.000000
[imu_filter_madgwick_node-3] [INFO] [1771831509.455303918] [imu_filter]: Parameter RLController.pid_kd_lin set to 0.023981
[imu_filter_madgwick_node-3] [INFO] [1771831509.455371440] [imu_filter]: Parameter RLController.pid_kp_ang set to 1.230000
[imu_filter_madgwick_node-3] [INFO] [1771831509.455428785] [imu_filter]: Parameter RLController.pid_ki_ang set to 0.000000
[imu_filter_madgwick_node-3] [INFO] [1771831509.455484018] [imu_filter]: Parameter RLController.pid_kd_ang set to 0.100236
[imu_filter_madgwick_node-3] [INFO] [1771831509.884814025] [imu_filter]: Parameter RLController.pid_kp_lin set to 1.207974
[imu_filter_madgwick_node-3] [INFO] [1771831509.885018382] [imu_filter]: Parameter RLController.pid_ki_lin set to 0.000000
[imu_filter_madgwick_node-3] [INFO] [1771831509.885084559] [imu_filter]: Parameter RLController.pid_kd_lin set to 0.023910
[imu_filter_madgwick_node-3] [INFO] [1771831509.885146033] [imu_filter]: Parameter RLController.pid_kp_ang set to 1.230000
[imu_filter_madgwick_node-3] [INFO] [1771831509.885200210] [imu_filter]: Parameter RLController.pid_ki_ang set to 0.000000
[imu_filter_madgwick_node-3] [INFO] [1771831509.886325644] [imu_filter]: Parameter RLController.pid_kd_ang set to 0.100236
[imu_filter_madgwick_node-3] [INFO] [1771831510.309210639] [imu_filter]: Parameter RLController.pid_kp_lin set to 1.207974
[imu_filter_madgwick_node-3] [INFO] [1771831510.309421396] [imu_filter]: Parameter RLController.pid_ki_lin set to 0.000000
[imu_filter_madgwick_node-3] [INFO] [1771831510.309487350] [imu_filter]: Parameter RLController.pid_kd_lin set to 0.023838
[imu_filter_madgwick_node-3] [INFO] [1771831510.309542871] [imu_filter]: Parameter RLController.pid_kp_ang set to 1.230000
[imu_filter_madgwick_node-3] [INFO] [1771831510.309593656] [imu_filter]: Parameter RLController.pid_ki_ang set to 0.000000
[imu_filter_madgwick_node-3] [INFO] [1771831510.309643449] [imu_filter]: Parameter RLController.pid_kd_ang set to 0.100236
[imu_filter_madgwick_node-3] [INFO] [1771831510.721997324] [imu_filter]: Parameter RLController.pid_kp_lin set to 1.207974
[imu_filter_madgwick_node-3] [INFO] [1771831510.722342228] [imu_filter]: Parameter RLController.pid_ki_lin set to 0.000000
[imu_filter_madgwick_node-3] [INFO] [1771831510.722444310] [imu_filter]: Parameter RLController.pid_kd_lin set to 0.023768
[imu_filter_madgwick_node-3] [INFO] [1771831510.722507927] [imu_filter]: Parameter RLController.pid_kp_ang set to 1.230000
[imu_filter_madgwick_node-3] [INFO] [1771831510.722563321] [imu_filter]: Parameter RLController.pid_ki_ang set to 0.000000
[imu_filter_madgwick_node-3] [INFO] [1771831510.722616090] [imu_filter]: Parameter RLController.pid_kd_ang set to 0.100236
[imu_filter_madgwick_node-3] [INFO] [1771831511.135298772] [imu_filter]: Parameter RLController.pid_kp_lin set to 1.207974
[imu_filter_madgwick_node-3] [INFO] [1771831511.135929891] [imu_filter]: Parameter RLController.pid_ki_lin set to 0.000000
[imu_filter_madgwick_node-3] [INFO] [1771831511.136047813] [imu_filter]: Parameter RLController.pid_kd_lin set to 0.023696
[imu_filter_madgwick_node-3] [INFO] [1771831511.136109895] [imu_filter]: Parameter RLController.pid_kp_ang set to 1.230000
[imu_filter_madgwick_node-3] [INFO] [1771831511.136163432] [imu_filter]: Parameter RLController.pid_ki_ang set to 0.000000
[imu_filter_madgwick_node-3] [INFO] [1771831511.136216201] [imu_filter]: Parameter RLController.pid_kd_ang set to 0.100236
[imu_filter_madgwick_node-3] [INFO] [1771831511.556722006] [imu_filter]: Parameter RLController.pid_kp_lin set to 1.207974
[imu_filter_madgwick_node-3] [INFO] [1771831511.556932795] [imu_filter]: Parameter RLController.pid_ki_lin set to 0.000000
[imu_filter_madgwick_node-3] [INFO] [1771831511.557194209] [imu_filter]: Parameter RLController.pid_kd_lin set to 0.023625
[imu_filter_madgwick_node-3] [INFO] [1771831511.557290979] [imu_filter]: Parameter RLController.pid_kp_ang set to 1.230000
[imu_filter_madgwick_node-3] [INFO] [1771831511.557354149] [imu_filter]: Parameter RLController.pid_ki_ang set to 0.000000
[imu_filter_madgwick_node-3] [INFO] [1771831511.562458713] [imu_filter]: Parameter RLController.pid_kd_ang set to 0.100236
[imu_filter_madgwick_node-3] [INFO] [1771831511.982847876] [imu_filter]: Parameter RLController.pid_kp_lin set to 1.207974
[imu_filter_madgwick_node-3] [INFO] [1771831511.983048776] [imu_filter]: Parameter RLController.pid_ki_lin set to 0.000000
[imu_filter_madgwick_node-3] [INFO] [1771831511.984014942] [imu_filter]: Parameter RLController.pid_kd_lin set to 0.023553
[imu_filter_madgwick_node-3] [INFO] [1771831511.984127169] [imu_filter]: Parameter RLController.pid_kp_ang set to 1.230000
[imu_filter_madgwick_node-3] [INFO] [1771831511.984189314] [imu_filter]: Parameter RLController.pid_ki_ang set to 0.000000
[imu_filter_madgwick_node-3] [INFO] [1771831511.984237955] [imu_filter]: Parameter RLController.pid_kd_ang set to 0.100236
[imu_filter_madgwick_node-3] [INFO] [1771831512.394481062] [imu_filter]: Parameter RLController.pid_kp_lin set to 1.207974
[imu_filter_madgwick_node-3] [INFO] [1771831512.394701099] [imu_filter]: Parameter RLController.pid_ki_lin set to 0.000000
[imu_filter_madgwick_node-3] [INFO] [1771831512.394770892] [imu_filter]: Parameter RLController.pid_kd_lin set to 0.023482
[imu_filter_madgwick_node-3] [INFO] [1771831512.396211021] [imu_filter]: Parameter RLController.pid_kp_ang set to 1.230000
[imu_filter_madgwick_node-3] [INFO] [1771831512.396368049] [imu_filter]: Parameter RLController.pid_ki_ang set to 0.000000
[imu_filter_madgwick_node-3] [INFO] [1771831512.396430130] [imu_filter]: Parameter RLController.pid_kd_ang set to 0.100236
[imu_filter_madgwick_node-3] [INFO] [1771831512.811479779] [imu_filter]: Parameter RLController.pid_kp_lin set to 1.207974
[imu_filter_madgwick_node-3] [INFO] [1771831512.813225963] [imu_filter]: Parameter RLController.pid_ki_lin set to 0.000000
[imu_filter_madgwick_node-3] [INFO] [1771831512.813394895] [imu_filter]: Parameter RLController.pid_kd_lin set to 0.023411
[imu_filter_madgwick_node-3] [INFO] [1771831512.813460528] [imu_filter]: Parameter RLController.pid_kp_ang set to 1.230000
[imu_filter_madgwick_node-3] [INFO] [1771831512.813515633] [imu_filter]: Parameter RLController.pid_ki_ang set to 0.000000
[imu_filter_madgwick_node-3] [INFO] [1771831512.813568754] [imu_filter]: Parameter RLController.pid_kd_ang set to 0.100236
[imu_filter_madgwick_node-3] [INFO] [1771831513.232374201] [imu_filter]: Parameter RLController.pid_kp_lin set to 1.207974
[imu_filter_madgwick_node-3] [INFO] [1771831513.232723681] [imu_filter]: Parameter RLController.pid_ki_lin set to 0.000000
[imu_filter_madgwick_node-3] [INFO] [1771831513.232829123] [imu_filter]: Parameter RLController.pid_kd_lin set to 0.023340
[imu_filter_madgwick_node-3] [INFO] [1771831513.232895013] [imu_filter]: Parameter RLController.pid_kp_ang set to 1.230000
[imu_filter_madgwick_node-3] [INFO] [1771831513.232949478] [imu_filter]: Parameter RLController.pid_ki_ang set to 0.000000
[imu_filter_madgwick_node-3] [INFO] [1771831513.233001799] [imu_filter]: Parameter RLController.pid_kd_ang set to 0.100236
[imu_filter_madgwick_node-3] [INFO] [1771831513.641847017] [imu_filter]: Parameter RLController.pid_kp_lin set to 1.207974
[imu_filter_madgwick_node-3] [INFO] [1771831513.642158385] [imu_filter]: Parameter RLController.pid_ki_lin set to 0.000000
[imu_filter_madgwick_node-3] [INFO] [1771831513.642242771] [imu_filter]: Parameter RLController.pid_kd_lin set to 0.023269
[imu_filter_madgwick_node-3] [INFO] [1771831513.642305300] [imu_filter]: Parameter RLController.pid_kp_ang set to 1.230000
[imu_filter_madgwick_node-3] [INFO] [1771831513.642358325] [imu_filter]: Parameter RLController.pid_ki_ang set to 0.000000
[imu_filter_madgwick_node-3] [INFO] [1771831513.642411190] [imu_filter]: Parameter RLController.pid_kd_ang set to 0.100236
[imu_filter_madgwick_node-3] [INFO] [1771831514.066405171] [imu_filter]: Parameter RLController.pid_kp_lin set to 1.207974
[imu_filter_madgwick_node-3] [INFO] [1771831514.066794620] [imu_filter]: Parameter RLController.pid_ki_lin set to 0.000000
[imu_filter_madgwick_node-3] [INFO] [1771831514.066871742] [imu_filter]: Parameter RLController.pid_kd_lin set to 0.023198
[imu_filter_madgwick_node-3] [INFO] [1771831514.067045122] [imu_filter]: Parameter RLController.pid_kp_ang set to 1.230000
[imu_filter_madgwick_node-3] [INFO] [1771831514.067102595] [imu_filter]: Parameter RLController.pid_ki_ang set to 0.000000
[imu_filter_madgwick_node-3] [INFO] [1771831514.067172645] [imu_filter]: Parameter RLController.pid_kd_ang set to 0.100236
[imu_filter_madgwick_node-3] [INFO] [1771831514.502472164] [imu_filter]: Parameter RLController.pid_kp_lin set to 1.207974
[imu_filter_madgwick_node-3] [INFO] [1771831514.502675657] [imu_filter]: Parameter RLController.pid_ki_lin set to 0.000000
[imu_filter_madgwick_node-3] [INFO] [1771831514.502765867] [imu_filter]: Parameter RLController.pid_kd_lin set to 0.023126
[imu_filter_madgwick_node-3] [INFO] [1771831514.502832204] [imu_filter]: Parameter RLController.pid_kp_ang set to 1.230000
[imu_filter_madgwick_node-3] [INFO] [1771831514.502887405] [imu_filter]: Parameter RLController.pid_ki_ang set to 0.000000
[imu_filter_madgwick_node-3] [INFO] [1771831514.507923457] [imu_filter]: Parameter RLController.pid_kd_ang set to 0.100236
[imu_filter_madgwick_node-3] [INFO] [1771831514.923726626] [imu_filter]: Parameter RLController.pid_kp_lin set to 1.207974
[imu_filter_madgwick_node-3] [INFO] [1771831514.926511170] [imu_filter]: Parameter RLController.pid_ki_lin set to 0.000000
[imu_filter_madgwick_node-3] [INFO] [1771831514.926793128] [imu_filter]: Parameter RLController.pid_kd_lin set to 0.023055
[imu_filter_madgwick_node-3] [INFO] [1771831514.926881674] [imu_filter]: Parameter RLController.pid_kp_ang set to 1.230000
[imu_filter_madgwick_node-3] [INFO] [1771831514.926940908] [imu_filter]: Parameter RLController.pid_ki_ang set to 0.000000
[imu_filter_madgwick_node-3] [INFO] [1771831514.926993389] [imu_filter]: Parameter RLController.pid_kd_ang set to 0.100236
[imu_filter_madgwick_node-3] [INFO] [1771831515.352480972] [imu_filter]: Parameter RLController.pid_kp_lin set to 1.207974
[imu_filter_madgwick_node-3] [INFO] [1771831515.354640861] [imu_filter]: Parameter RLController.pid_ki_lin set to 0.000000
[imu_filter_madgwick_node-3] [INFO] [1771831515.354815969] [imu_filter]: Parameter RLController.pid_kd_lin set to 0.022984
[imu_filter_madgwick_node-3] [INFO] [1771831515.354882979] [imu_filter]: Parameter RLController.pid_kp_ang set to 1.230000
[imu_filter_madgwick_node-3] [INFO] [1771831515.354939236] [imu_filter]: Parameter RLController.pid_ki_ang set to 0.000000
[imu_filter_madgwick_node-3] [INFO] [1771831515.354992645] [imu_filter]: Parameter RLController.pid_kd_ang set to 0.100236
[imu_filter_madgwick_node-3] [INFO] [1771831515.775496434] [imu_filter]: Parameter RLController.pid_kp_lin set to 1.207974
[imu_filter_madgwick_node-3] [INFO] [1771831515.776728878] [imu_filter]: Parameter RLController.pid_ki_lin set to 0.000000
[imu_filter_madgwick_node-3] [INFO] [1771831515.776813168] [imu_filter]: Parameter RLController.pid_kd_lin set to 0.022912
[imu_filter_madgwick_node-3] [INFO] [1771831515.779452685] [imu_filter]: Parameter RLController.pid_kp_ang set to 1.230000
[imu_filter_madgwick_node-3] [INFO] [1771831515.779651697] [imu_filter]: Parameter RLController.pid_ki_ang set to 0.000000
[imu_filter_madgwick_node-3] [INFO] [1771831515.779716915] [imu_filter]: Parameter RLController.pid_kd_ang set to 0.100236
[imu_filter_madgwick_node-3] [INFO] [1771831516.191358293] [imu_filter]: Parameter RLController.pid_kp_lin set to 1.207974
[imu_filter_madgwick_node-3] [INFO] [1771831516.191710077] [imu_filter]: Parameter RLController.pid_ki_lin set to 0.000000
[imu_filter_madgwick_node-3] [INFO] [1771831516.191801759] [imu_filter]: Parameter RLController.pid_kd_lin set to 0.022840
[imu_filter_madgwick_node-3] [INFO] [1771831516.192316459] [imu_filter]: Parameter RLController.pid_kp_ang set to 1.230000
[imu_filter_madgwick_node-3] [INFO] [1771831516.192425997] [imu_filter]: Parameter RLController.pid_ki_ang set to 0.000000
[imu_filter_madgwick_node-3] [INFO] [1771831516.192484815] [imu_filter]: Parameter RLController.pid_kd_ang set to 0.100236
[imu_filter_madgwick_node-3] [INFO] [1771831516.611609692] [imu_filter]: Parameter RLController.pid_kp_lin set to 1.207974
[imu_filter_madgwick_node-3] [INFO] [1771831516.611943748] [imu_filter]: Parameter RLController.pid_ki_lin set to 0.000000
[imu_filter_madgwick_node-3] [INFO] [1771831516.612021094] [imu_filter]: Parameter RLController.pid_kd_lin set to 0.022769
[imu_filter_madgwick_node-3] [INFO] [1771831516.612080103] [imu_filter]: Parameter RLController.pid_kp_ang set to 1.230000
[imu_filter_madgwick_node-3] [INFO] [1771831516.612133544] [imu_filter]: Parameter RLController.pid_ki_ang set to 0.000000
[imu_filter_madgwick_node-3] [INFO] [1771831516.612186761] [imu_filter]: Parameter RLController.pid_kd_ang set to 0.100236
[imu_filter_madgwick_node-3] [INFO] [1771831517.055826919] [imu_filter]: Parameter RLController.pid_kp_lin set to 1.207974
[imu_filter_madgwick_node-3] [INFO] [1771831517.056034412] [imu_filter]: Parameter RLController.pid_ki_lin set to 0.000000
[imu_filter_madgwick_node-3] [INFO] [1771831517.056101678] [imu_filter]: Parameter RLController.pid_kd_lin set to 0.022697
[imu_filter_madgwick_node-3] [INFO] [1771831517.056160335] [imu_filter]: Parameter RLController.pid_kp_ang set to 1.230000
[imu_filter_madgwick_node-3] [INFO] [1771831517.056212944] [imu_filter]: Parameter RLController.pid_ki_ang set to 0.000000
[imu_filter_madgwick_node-3] [INFO] [1771831517.056375188] [imu_filter]: Parameter RLController.pid_kd_ang set to 0.100236
[imu_filter_madgwick_node-3] [INFO] [1771831517.476239698] [imu_filter]: Parameter RLController.pid_kp_lin set to 1.207974
[imu_filter_madgwick_node-3] [INFO] [1771831517.478937872] [imu_filter]: Parameter RLController.pid_ki_lin set to 0.000000
[imu_filter_madgwick_node-3] [INFO] [1771831517.479107284] [imu_filter]: Parameter RLController.pid_kd_lin set to 0.022626
[imu_filter_madgwick_node-3] [INFO] [1771831517.479176533] [imu_filter]: Parameter RLController.pid_kp_ang set to 1.230000
[imu_filter_madgwick_node-3] [INFO] [1771831517.479230935] [imu_filter]: Parameter RLController.pid_ki_ang set to 0.000000
[imu_filter_madgwick_node-3] [INFO] [1771831517.479286328] [imu_filter]: Parameter RLController.pid_kd_ang set to 0.100236
[imu_filter_madgwick_node-3] [INFO] [1771831517.891645675] [imu_filter]: Parameter RLController.pid_kp_lin set to 1.207974
[imu_filter_madgwick_node-3] [INFO] [1771831517.891994803] [imu_filter]: Parameter RLController.pid_ki_lin set to 0.000000
[imu_filter_madgwick_node-3] [INFO] [1771831517.892064788] [imu_filter]: Parameter RLController.pid_kd_lin set to 0.022555
[imu_filter_madgwick_node-3] [INFO] [1771831517.892123222] [imu_filter]: Parameter RLController.pid_kp_ang set to 1.230000
[imu_filter_madgwick_node-3] [INFO] [1771831517.892176759] [imu_filter]: Parameter RLController.pid_ki_ang set to 0.000000
[imu_filter_madgwick_node-3] [INFO] [1771831517.892229368] [imu_filter]: Parameter RLController.pid_kd_ang set to 0.100236
[imu_filter_madgwick_node-3] [INFO] [1771831518.314360938] [imu_filter]: Parameter RLController.pid_kp_lin set to 1.207974
[imu_filter_madgwick_node-3] [INFO] [1771831518.314568463] [imu_filter]: Parameter RLController.pid_ki_lin set to 0.000000
[imu_filter_madgwick_node-3] [INFO] [1771831518.314641969] [imu_filter]: Parameter RLController.pid_kd_lin set to 0.022484
[imu_filter_madgwick_node-3] [INFO] [1771831518.314706226] [imu_filter]: Parameter RLController.pid_kp_ang set to 1.230000
[imu_filter_madgwick_node-3] [INFO] [1771831518.315282623] [imu_filter]: Parameter RLController.pid_ki_ang set to 0.000000
[imu_filter_madgwick_node-3] [INFO] [1771831518.315381986] [imu_filter]: Parameter RLController.pid_kd_ang set to 0.100236
[imu_filter_madgwick_node-3] [INFO] [1771831518.727311723] [imu_filter]: Parameter RLController.pid_kp_lin set to 1.207974
[imu_filter_madgwick_node-3] [INFO] [1771831518.730038409] [imu_filter]: Parameter RLController.pid_ki_lin set to 0.000000
[imu_filter_madgwick_node-3] [INFO] [1771831518.730334768] [imu_filter]: Parameter RLController.pid_kd_lin set to 0.022413
[imu_filter_madgwick_node-3] [INFO] [1771831518.730410257] [imu_filter]: Parameter RLController.pid_kp_ang set to 1.230000
[imu_filter_madgwick_node-3] [INFO] [1771831518.730467443] [imu_filter]: Parameter RLController.pid_ki_ang set to 0.000000
[imu_filter_madgwick_node-3] [INFO] [1771831518.730521044] [imu_filter]: Parameter RLController.pid_kd_ang set to 0.100236
[imu_filter_madgwick_node-3] [INFO] [1771831519.155458886] [imu_filter]: Parameter RLController.pid_kp_lin set to 1.207974
[imu_filter_madgwick_node-3] [INFO] [1771831519.155831471] [imu_filter]: Parameter RLController.pid_ki_lin set to 0.000000
[imu_filter_madgwick_node-3] [INFO] [1771831519.155914609] [imu_filter]: Parameter RLController.pid_kd_lin set to 0.022342
[imu_filter_madgwick_node-3] [INFO] [1771831519.155977842] [imu_filter]: Parameter RLController.pid_kp_ang set to 1.230000
[imu_filter_madgwick_node-3] [INFO] [1771831519.156032723] [imu_filter]: Parameter RLController.pid_ki_ang set to 0.000000
[imu_filter_madgwick_node-3] [INFO] [1771831519.156086197] [imu_filter]: Parameter RLController.pid_kd_ang set to 0.100236
[imu_filter_madgwick_node-3] [INFO] [1771831519.563793021] [imu_filter]: Parameter RLController.pid_kp_lin set to 1.207974
[imu_filter_madgwick_node-3] [INFO] [1771831519.566226101] [imu_filter]: Parameter RLController.pid_ki_lin set to 0.000000
[imu_filter_madgwick_node-3] [INFO] [1771831519.566407577] [imu_filter]: Parameter RLController.pid_kd_lin set to 0.022271
[imu_filter_madgwick_node-3] [INFO] [1771831519.566481243] [imu_filter]: Parameter RLController.pid_kp_ang set to 1.230000
[imu_filter_madgwick_node-3] [INFO] [1771831519.566538812] [imu_filter]: Parameter RLController.pid_ki_ang set to 0.000000
[imu_filter_madgwick_node-3] [INFO] [1771831519.566591293] [imu_filter]: Parameter RLController.pid_kd_ang set to 0.100236
[imu_filter_madgwick_node-3] [INFO] [1771831519.979895974] [imu_filter]: Parameter RLController.pid_kp_lin set to 1.207974
[imu_filter_madgwick_node-3] [INFO] [1771831519.980092362] [imu_filter]: Parameter RLController.pid_ki_lin set to 0.000000
[imu_filter_madgwick_node-3] [INFO] [1771831519.980160492] [imu_filter]: Parameter RLController.pid_kd_lin set to 0.022200
[imu_filter_madgwick_node-3] [INFO] [1771831519.980221165] [imu_filter]: Parameter RLController.pid_kp_ang set to 1.230000
[imu_filter_madgwick_node-3] [INFO] [1771831519.980275534] [imu_filter]: Parameter RLController.pid_ki_ang set to 0.000000
[imu_filter_madgwick_node-3] [INFO] [1771831519.980334416] [imu_filter]: Parameter RLController.pid_kd_ang set to 0.100236
[imu_filter_madgwick_node-3] [INFO] [1771831520.410117521] [imu_filter]: Parameter RLController.pid_kp_lin set to 1.207974
[imu_filter_madgwick_node-3] [INFO] [1771831520.410323701] [imu_filter]: Parameter RLController.pid_ki_lin set to 0.000000
[imu_filter_madgwick_node-3] [INFO] [1771831520.410529210] [imu_filter]: Parameter RLController.pid_kd_lin set to 0.022128
[imu_filter_madgwick_node-3] [INFO] [1771831520.410596476] [imu_filter]: Parameter RLController.pid_kp_ang set to 1.230000
[imu_filter_madgwick_node-3] [INFO] [1771831520.410650845] [imu_filter]: Parameter RLController.pid_ki_ang set to 0.000000
[imu_filter_madgwick_node-3] [INFO] [1771831520.410702462] [imu_filter]: Parameter RLController.pid_kd_ang set to 0.100236
[imu_filter_madgwick_node-3] [INFO] [1771831520.827817598] [imu_filter]: Parameter RLController.pid_kp_lin set to 1.207974
[imu_filter_madgwick_node-3] [INFO] [1771831520.828148261] [imu_filter]: Parameter RLController.pid_ki_lin set to 0.000000
[imu_filter_madgwick_node-3] [INFO] [1771831520.828230695] [imu_filter]: Parameter RLController.pid_kd_lin set to 0.022058
[imu_filter_madgwick_node-3] [INFO] [1771831520.828292584] [imu_filter]: Parameter RLController.pid_kp_ang set to 1.230000
[imu_filter_madgwick_node-3] [INFO] [1771831520.828348138] [imu_filter]: Parameter RLController.pid_ki_ang set to 0.000000
[imu_filter_madgwick_node-3] [INFO] [1771831520.828400651] [imu_filter]: Parameter RLController.pid_kd_ang set to 0.100236
[imu_filter_madgwick_node-3] [INFO] [1771831521.237674071] [imu_filter]: Parameter RLController.pid_kp_lin set to 1.207974
[imu_filter_madgwick_node-3] [INFO] [1771831521.237910013] [imu_filter]: Parameter RLController.pid_ki_lin set to 0.000000
[imu_filter_madgwick_node-3] [INFO] [1771831521.237978302] [imu_filter]: Parameter RLController.pid_kd_lin set to 0.021986
[imu_filter_madgwick_node-3] [INFO] [1771831521.239923563] [imu_filter]: Parameter RLController.pid_kp_ang set to 1.230000
[imu_filter_madgwick_node-3] [INFO] [1771831521.240092462] [imu_filter]: Parameter RLController.pid_ki_ang set to 0.000000
[imu_filter_madgwick_node-3] [INFO] [1771831521.240155696] [imu_filter]: Parameter RLController.pid_kd_ang set to 0.100236
[imu_filter_madgwick_node-3] [INFO] [1771831521.668151656] [imu_filter]: Parameter RLController.pid_kp_lin set to 1.207974
[imu_filter_madgwick_node-3] [INFO] [1771831521.668354189] [imu_filter]: Parameter RLController.pid_ki_lin set to 0.000000
[imu_filter_madgwick_node-3] [INFO] [1771831521.668419374] [imu_filter]: Parameter RLController.pid_kd_lin set to 0.021915
[imu_filter_madgwick_node-3] [INFO] [1771831521.668479184] [imu_filter]: Parameter RLController.pid_kp_ang set to 1.230000
[imu_filter_madgwick_node-3] [INFO] [1771831521.668531793] [imu_filter]: Parameter RLController.pid_ki_ang set to 0.000000
[imu_filter_madgwick_node-3] [INFO] [1771831521.668585458] [imu_filter]: Parameter RLController.pid_kd_ang set to 0.100236
[imu_filter_madgwick_node-3] [INFO] [1771831522.096116160] [imu_filter]: Parameter RLController.pid_kp_lin set to 1.207974
[imu_filter_madgwick_node-3] [INFO] [1771831522.096501193] [imu_filter]: Parameter RLController.pid_ki_lin set to 0.000000
[imu_filter_madgwick_node-3] [INFO] [1771831522.096603851] [imu_filter]: Parameter RLController.pid_kd_lin set to 0.021843
[imu_filter_madgwick_node-3] [INFO] [1771831522.096673420] [imu_filter]: Parameter RLController.pid_kp_ang set to 1.230000
[imu_filter_madgwick_node-3] [INFO] [1771831522.096731662] [imu_filter]: Parameter RLController.pid_ki_ang set to 0.000000
[imu_filter_madgwick_node-3] [INFO] [1771831522.096784111] [imu_filter]: Parameter RLController.pid_kd_ang set to 0.100236
[imu_filter_madgwick_node-3] [INFO] [1771831522.527476517] [imu_filter]: Parameter RLController.pid_kp_lin set to 1.207974
[imu_filter_madgwick_node-3] [INFO] [1771831522.530448009] [imu_filter]: Parameter RLController.pid_ki_lin set to 0.000000
[imu_filter_madgwick_node-3] [INFO] [1771831522.530767248] [imu_filter]: Parameter RLController.pid_kd_lin set to 0.021772
[imu_filter_madgwick_node-3] [INFO] [1771831522.530844338] [imu_filter]: Parameter RLController.pid_kp_ang set to 1.230000
[imu_filter_madgwick_node-3] [INFO] [1771831522.530900851] [imu_filter]: Parameter RLController.pid_ki_ang set to 0.000000
[imu_filter_madgwick_node-3] [INFO] [1771831522.530954740] [imu_filter]: Parameter RLController.pid_kd_ang set to 0.100236
[imu_filter_madgwick_node-3] [INFO] [1771831522.953926330] [imu_filter]: Parameter RLController.pid_kp_lin set to 1.207974
[imu_filter_madgwick_node-3] [INFO] [1771831522.954157535] [imu_filter]: Parameter RLController.pid_ki_lin set to 0.000000
[imu_filter_madgwick_node-3] [INFO] [1771831522.954227873] [imu_filter]: Parameter RLController.pid_kd_lin set to 0.021701
[imu_filter_madgwick_node-3] [INFO] [1771831522.954301314] [imu_filter]: Parameter RLController.pid_kp_ang set to 1.230000
[imu_filter_madgwick_node-3] [INFO] [1771831522.954362500] [imu_filter]: Parameter RLController.pid_ki_ang set to 0.000000
[imu_filter_madgwick_node-3] [INFO] [1771831522.954419109] [imu_filter]: Parameter RLController.pid_kd_ang set to 0.100236
[imu_filter_madgwick_node-3] [INFO] [1771831523.377852661] [imu_filter]: Parameter RLController.pid_kp_lin set to 1.207974
[imu_filter_madgwick_node-3] [INFO] [1771831523.378069146] [imu_filter]: Parameter RLController.pid_ki_lin set to 0.000000
[imu_filter_madgwick_node-3] [INFO] [1771831523.378231646] [imu_filter]: Parameter RLController.pid_kd_lin set to 0.021630
[imu_filter_madgwick_node-3] [INFO] [1771831523.378295167] [imu_filter]: Parameter RLController.pid_kp_ang set to 1.230000
[imu_filter_madgwick_node-3] [INFO] [1771831523.378348640] [imu_filter]: Parameter RLController.pid_ki_ang set to 0.000000
[imu_filter_madgwick_node-3] [INFO] [1771831523.378401826] [imu_filter]: Parameter RLController.pid_kd_ang set to 0.100236
[imu_filter_madgwick_node-3] [INFO] [1771831523.799884741] [imu_filter]: Parameter RLController.pid_kp_lin set to 1.207974
[imu_filter_madgwick_node-3] [INFO] [1771831523.800094506] [imu_filter]: Parameter RLController.pid_ki_lin set to 0.000000
[imu_filter_madgwick_node-3] [INFO] [1771831523.800162603] [imu_filter]: Parameter RLController.pid_kd_lin set to 0.021558
[imu_filter_madgwick_node-3] [INFO] [1771831523.800227565] [imu_filter]: Parameter RLController.pid_kp_ang set to 1.230000
[imu_filter_madgwick_node-3] [INFO] [1771831523.800283406] [imu_filter]: Parameter RLController.pid_ki_ang set to 0.000000
[imu_filter_madgwick_node-3] [INFO] [1771831523.800336175] [imu_filter]: Parameter RLController.pid_kd_ang set to 0.100236
[imu_filter_madgwick_node-3] [INFO] [1771831524.218375652] [imu_filter]: Parameter RLController.pid_kp_lin set to 1.207974
[imu_filter_madgwick_node-3] [INFO] [1771831524.218588361] [imu_filter]: Parameter RLController.pid_ki_lin set to 0.000000
[imu_filter_madgwick_node-3] [INFO] [1771831524.218655978] [imu_filter]: Parameter RLController.pid_kd_lin set to 0.021488
[imu_filter_madgwick_node-3] [INFO] [1771831524.219236600] [imu_filter]: Parameter RLController.pid_kp_ang set to 1.230000
[imu_filter_madgwick_node-3] [INFO] [1771831524.219330330] [imu_filter]: Parameter RLController.pid_ki_ang set to 0.000000
[imu_filter_madgwick_node-3] [INFO] [1771831524.219390939] [imu_filter]: Parameter RLController.pid_kd_ang set to 0.100236
[imu_filter_madgwick_node-3] [INFO] [1771831524.636051728] [imu_filter]: Parameter RLController.pid_kp_lin set to 1.207974
[imu_filter_madgwick_node-3] [INFO] [1771831524.636395480] [imu_filter]: Parameter RLController.pid_ki_lin set to 0.000000
[imu_filter_madgwick_node-3] [INFO] [1771831524.636469562] [imu_filter]: Parameter RLController.pid_kd_lin set to 0.021416
[imu_filter_madgwick_node-3] [INFO] [1771831524.636529691] [imu_filter]: Parameter RLController.pid_kp_ang set to 1.230000
[imu_filter_madgwick_node-3] [INFO] [1771831524.636583068] [imu_filter]: Parameter RLController.pid_ki_ang set to 0.000000
[imu_filter_madgwick_node-3] [INFO] [1771831524.636633950] [imu_filter]: Parameter RLController.pid_kd_ang set to 0.100236
[imu_filter_madgwick_node-3] [INFO] [1771831525.059558530] [imu_filter]: Parameter RLController.pid_kp_lin set to 1.207974
[imu_filter_madgwick_node-3] [INFO] [1771831525.061659698] [imu_filter]: Parameter RLController.pid_ki_lin set to 0.000000
[imu_filter_madgwick_node-3] [INFO] [1771831525.061741044] [imu_filter]: Parameter RLController.pid_kd_lin set to 0.021345
[imu_filter_madgwick_node-3] [INFO] [1771831525.061803029] [imu_filter]: Parameter RLController.pid_kp_ang set to 1.230000
[imu_filter_madgwick_node-3] [INFO] [1771831525.061858103] [imu_filter]: Parameter RLController.pid_ki_ang set to 0.000000
[imu_filter_madgwick_node-3] [INFO] [1771831525.061928792] [imu_filter]: Parameter RLController.pid_kd_ang set to 0.100236
[imu_filter_madgwick_node-3] [INFO] [1771831525.474471951] [imu_filter]: Parameter RLController.pid_kp_lin set to 1.207974
[imu_filter_madgwick_node-3] [INFO] [1771831525.474664180] [imu_filter]: Parameter RLController.pid_ki_lin set to 0.000000
[imu_filter_madgwick_node-3] [INFO] [1771831525.474733269] [imu_filter]: Parameter RLController.pid_kd_lin set to 0.021274
[imu_filter_madgwick_node-3] [INFO] [1771831525.474793015] [imu_filter]: Parameter RLController.pid_kp_ang set to 1.230000
[imu_filter_madgwick_node-3] [INFO] [1771831525.474845144] [imu_filter]: Parameter RLController.pid_ki_ang set to 0.000000
[imu_filter_madgwick_node-3] [INFO] [1771831525.474899065] [imu_filter]: Parameter RLController.pid_kd_ang set to 0.100236
[imu_filter_madgwick_node-3] [INFO] [1771831525.886363095] [imu_filter]: Parameter RLController.pid_kp_lin set to 1.207974
[imu_filter_madgwick_node-3] [INFO] [1771831525.892794762] [imu_filter]: Parameter RLController.pid_ki_lin set to 0.000000
[imu_filter_madgwick_node-3] [INFO] [1771831525.893146194] [imu_filter]: Parameter RLController.pid_kd_lin set to 0.021203
[imu_filter_madgwick_node-3] [INFO] [1771831525.893222804] [imu_filter]: Parameter RLController.pid_kp_ang set to 1.230000
[imu_filter_madgwick_node-3] [INFO] [1771831525.893279029] [imu_filter]: Parameter RLController.pid_ki_ang set to 0.000000
[imu_filter_madgwick_node-3] [INFO] [1771831525.893331959] [imu_filter]: Parameter RLController.pid_kd_ang set to 0.100236
[imu_filter_madgwick_node-3] [INFO] [1771831526.301847762] [imu_filter]: Parameter RLController.pid_kp_lin set to 1.207974
[imu_filter_madgwick_node-3] [INFO] [1771831526.302098071] [imu_filter]: Parameter RLController.pid_ki_lin set to 0.000000
[imu_filter_madgwick_node-3] [INFO] [1771831526.302207354] [imu_filter]: Parameter RLController.pid_kd_lin set to 0.021131
[imu_filter_madgwick_node-3] [INFO] [1771831526.302393406] [imu_filter]: Parameter RLController.pid_kp_ang set to 1.230000
[imu_filter_madgwick_node-3] [INFO] [1771831526.302455839] [imu_filter]: Parameter RLController.pid_ki_ang set to 0.000000
[imu_filter_madgwick_node-3] [INFO] [1771831526.302511777] [imu_filter]: Parameter RLController.pid_kd_ang set to 0.100236
[imu_filter_madgwick_node-3] [INFO] [1771831526.721407561] [imu_filter]: Parameter RLController.pid_kp_lin set to 1.207974
[imu_filter_madgwick_node-3] [INFO] [1771831526.721713744] [imu_filter]: Parameter RLController.pid_ki_lin set to 0.000000
[imu_filter_madgwick_node-3] [INFO] [1771831526.721788338] [imu_filter]: Parameter RLController.pid_kd_lin set to 0.021059
[imu_filter_madgwick_node-3] [INFO] [1771831526.721846227] [imu_filter]: Parameter RLController.pid_kp_ang set to 1.230000
[imu_filter_madgwick_node-3] [INFO] [1771831526.721899604] [imu_filter]: Parameter RLController.pid_ki_ang set to 0.000000
[imu_filter_madgwick_node-3] [INFO] [1771831526.721952661] [imu_filter]: Parameter RLController.pid_kd_ang set to 0.100236
[imu_filter_madgwick_node-3] [INFO] [1771831527.163827179] [imu_filter]: Parameter RLController.pid_kp_lin set to 1.207974
[imu_filter_madgwick_node-3] [INFO] [1771831527.164036336] [imu_filter]: Parameter RLController.pid_ki_lin set to 0.000000
[imu_filter_madgwick_node-3] [INFO] [1771831527.164101297] [imu_filter]: Parameter RLController.pid_kd_lin set to 0.020988
[imu_filter_madgwick_node-3] [INFO] [1771831527.164158803] [imu_filter]: Parameter RLController.pid_kp_ang set to 1.230000
[imu_filter_madgwick_node-3] [INFO] [1771831527.166936850] [imu_filter]: Parameter RLController.pid_ki_ang set to 0.000000
[imu_filter_madgwick_node-3] [INFO] [1771831527.167201272] [imu_filter]: Parameter RLController.pid_kd_ang set to 0.100236
[imu_filter_madgwick_node-3] [INFO] [1771831527.594372702] [imu_filter]: Parameter RLController.pid_kp_lin set to 1.207974
[imu_filter_madgwick_node-3] [INFO] [1771831527.594577442] [imu_filter]: Parameter RLController.pid_ki_lin set to 0.000000
[imu_filter_madgwick_node-3] [INFO] [1771831527.594645924] [imu_filter]: Parameter RLController.pid_kd_lin set to 0.020917
[imu_filter_madgwick_node-3] [INFO] [1771831527.594704037] [imu_filter]: Parameter RLController.pid_kp_ang set to 1.230000
[imu_filter_madgwick_node-3] [INFO] [1771831527.594757830] [imu_filter]: Parameter RLController.pid_ki_ang set to 0.000000
[imu_filter_madgwick_node-3] [INFO] [1771831527.594810280] [imu_filter]: Parameter RLController.pid_kd_ang set to 0.100236
[imu_filter_madgwick_node-3] [INFO] [1771831528.013940661] [imu_filter]: Parameter RLController.pid_kp_lin set to 1.207974
[imu_filter_madgwick_node-3] [INFO] [1771831528.017013627] [imu_filter]: Parameter RLController.pid_ki_lin set to 0.000000
[imu_filter_madgwick_node-3] [INFO] [1771831528.017209440] [imu_filter]: Parameter RLController.pid_kd_lin set to 0.020845
[imu_filter_madgwick_node-3] [INFO] [1771831528.017421541] [imu_filter]: Parameter RLController.pid_kp_ang set to 1.230000
[imu_filter_madgwick_node-3] [INFO] [1771831528.017489510] [imu_filter]: Parameter RLController.pid_ki_ang set to 0.000000
[imu_filter_madgwick_node-3] [INFO] [1771831528.017545384] [imu_filter]: Parameter RLController.pid_kd_ang set to 0.100236
[imu_filter_madgwick_node-3] [INFO] [1771831528.426698609] [imu_filter]: Parameter RLController.pid_kp_lin set to 1.207974
[imu_filter_madgwick_node-3] [INFO] [1771831528.426928214] [imu_filter]: Parameter RLController.pid_ki_lin set to 0.000000
[imu_filter_madgwick_node-3] [INFO] [1771831528.426999960] [imu_filter]: Parameter RLController.pid_kd_lin set to 0.020774
[imu_filter_madgwick_node-3] [INFO] [1771831528.427098330] [imu_filter]: Parameter RLController.pid_kp_ang set to 1.230000
[imu_filter_madgwick_node-3] [INFO] [1771831528.427158396] [imu_filter]: Parameter RLController.pid_ki_ang set to 0.000000
[imu_filter_madgwick_node-3] [INFO] [1771831528.427213245] [imu_filter]: Parameter RLController.pid_kd_ang set to 0.100236
[imu_filter_madgwick_node-3] [INFO] [1771831528.847069371] [imu_filter]: Parameter RLController.pid_kp_lin set to 1.207974
[imu_filter_madgwick_node-3] [INFO] [1771831528.847375810] [imu_filter]: Parameter RLController.pid_ki_lin set to 0.000000
[imu_filter_madgwick_node-3] [INFO] [1771831528.847479076] [imu_filter]: Parameter RLController.pid_kd_lin set to 0.020703
[imu_filter_madgwick_node-3] [INFO] [1771831528.847611495] [imu_filter]: Parameter RLController.pid_kp_ang set to 1.230000
[imu_filter_madgwick_node-3] [INFO] [1771831528.847673737] [imu_filter]: Parameter RLController.pid_ki_ang set to 0.000000
[imu_filter_madgwick_node-3] [INFO] [1771831528.847730154] [imu_filter]: Parameter RLController.pid_kd_ang set to 0.100236
[imu_filter_madgwick_node-3] [INFO] [1771831529.268603648] [imu_filter]: Parameter RLController.pid_kp_lin set to 1.207974
[imu_filter_madgwick_node-3] [INFO] [1771831529.268803620] [imu_filter]: Parameter RLController.pid_ki_lin set to 0.000000
[imu_filter_madgwick_node-3] [INFO] [1771831529.268873510] [imu_filter]: Parameter RLController.pid_kd_lin set to 0.020632
[imu_filter_madgwick_node-3] [INFO] [1771831529.268935303] [imu_filter]: Parameter RLController.pid_kp_ang set to 1.230000
[imu_filter_madgwick_node-3] [INFO] [1771831529.268988200] [imu_filter]: Parameter RLController.pid_ki_ang set to 0.000000
[imu_filter_madgwick_node-3] [INFO] [1771831529.269437683] [imu_filter]: Parameter RLController.pid_kd_ang set to 0.100236
[imu_filter_madgwick_node-3] [INFO] [1771831529.679593523] [imu_filter]: Parameter RLController.pid_kp_lin set to 1.207974
[imu_filter_madgwick_node-3] [INFO] [1771831529.679802456] [imu_filter]: Parameter RLController.pid_ki_lin set to 0.000000
[imu_filter_madgwick_node-3] [INFO] [1771831529.679867705] [imu_filter]: Parameter RLController.pid_kd_lin set to 0.020560
[imu_filter_madgwick_node-3] [INFO] [1771831529.679926683] [imu_filter]: Parameter RLController.pid_kp_ang set to 1.230000
[imu_filter_madgwick_node-3] [INFO] [1771831529.679980380] [imu_filter]: Parameter RLController.pid_ki_ang set to 0.000000
[imu_filter_madgwick_node-3] [INFO] [1771831529.680032733] [imu_filter]: Parameter RLController.pid_kd_ang set to 0.100236
[imu_filter_madgwick_node-3] [INFO] [1771831530.107123777] [imu_filter]: Parameter RLController.pid_kp_lin set to 1.207974
[imu_filter_madgwick_node-3] [INFO] [1771831530.107646509] [imu_filter]: Parameter RLController.pid_ki_lin set to 0.000000
[imu_filter_madgwick_node-3] [INFO] [1771831530.107761359] [imu_filter]: Parameter RLController.pid_kd_lin set to 0.020489
[imu_filter_madgwick_node-3] [INFO] [1771831530.107826129] [imu_filter]: Parameter RLController.pid_kp_ang set to 1.230000
[imu_filter_madgwick_node-3] [INFO] [1771831530.107880370] [imu_filter]: Parameter RLController.pid_ki_ang set to 0.000000
[imu_filter_madgwick_node-3] [INFO] [1771831530.107932531] [imu_filter]: Parameter RLController.pid_kd_ang set to 0.100236
[imu_filter_madgwick_node-3] [INFO] [1771831530.530872184] [imu_filter]: Parameter RLController.pid_kp_lin set to 1.207974
[imu_filter_madgwick_node-3] [INFO] [1771831530.531059132] [imu_filter]: Parameter RLController.pid_ki_lin set to 0.000000
[imu_filter_madgwick_node-3] [INFO] [1771831530.531141246] [imu_filter]: Parameter RLController.pid_kd_lin set to 0.020418
[imu_filter_madgwick_node-3] [INFO] [1771831530.531207520] [imu_filter]: Parameter RLController.pid_kp_ang set to 1.230000
[imu_filter_madgwick_node-3] [INFO] [1771831530.531261441] [imu_filter]: Parameter RLController.pid_ki_ang set to 0.000000
[imu_filter_madgwick_node-3] [INFO] [1771831530.531314722] [imu_filter]: Parameter RLController.pid_kd_ang set to 0.100236
[imu_filter_madgwick_node-3] [INFO] [1771831530.956165234] [imu_filter]: Parameter RLController.pid_kp_lin set to 1.207974
[imu_filter_madgwick_node-3] [INFO] [1771831530.956372343] [imu_filter]: Parameter RLController.pid_ki_lin set to 0.000000
[imu_filter_madgwick_node-3] [INFO] [1771831530.956441881] [imu_filter]: Parameter RLController.pid_kd_lin set to 0.020346
[imu_filter_madgwick_node-3] [INFO] [1771831530.956499930] [imu_filter]: Parameter RLController.pid_kp_ang set to 1.230000
[imu_filter_madgwick_node-3] [INFO] [1771831530.956553051] [imu_filter]: Parameter RLController.pid_ki_ang set to 0.000000
[imu_filter_madgwick_node-3] [INFO] [1771831530.956607900] [imu_filter]: Parameter RLController.pid_kd_ang set to 0.100236
[imu_filter_madgwick_node-3] [INFO] [1771831531.367971641] [imu_filter]: Parameter RLController.pid_kp_lin set to 1.207974
[imu_filter_madgwick_node-3] [INFO] [1771831531.368185693] [imu_filter]: Parameter RLController.pid_ki_lin set to 0.000000
[imu_filter_madgwick_node-3] [INFO] [1771831531.368264159] [imu_filter]: Parameter RLController.pid_kd_lin set to 0.020284
[imu_filter_madgwick_node-3] [INFO] [1771831531.368325665] [imu_filter]: Parameter RLController.pid_kp_ang set to 1.230000
[imu_filter_madgwick_node-3] [INFO] [1771831531.368379522] [imu_filter]: Parameter RLController.pid_ki_ang set to 0.000000
[imu_filter_madgwick_node-3] [INFO] [1771831531.368431971] [imu_filter]: Parameter RLController.pid_kd_ang set to 0.100236
[imu_filter_madgwick_node-3] [INFO] [1771831531.795410020] [imu_filter]: Parameter RLController.pid_kp_lin set to 1.207974
[imu_filter_madgwick_node-3] [INFO] [1771831531.795695115] [imu_filter]: Parameter RLController.pid_ki_lin set to 0.000000
[imu_filter_madgwick_node-3] [INFO] [1771831531.795768460] [imu_filter]: Parameter RLController.pid_kd_lin set to 0.020233
[imu_filter_madgwick_node-3] [INFO] [1771831531.795829454] [imu_filter]: Parameter RLController.pid_kp_ang set to 1.230000
[imu_filter_madgwick_node-3] [INFO] [1771831531.795930000] [imu_filter]: Parameter RLController.pid_ki_ang set to 0.000000
[imu_filter_madgwick_node-3] [INFO] [1771831531.796000274] [imu_filter]: Parameter RLController.pid_kd_ang set to 0.100236
[imu_filter_madgwick_node-3] [INFO] [1771831532.208800718] [imu_filter]: Parameter RLController.pid_kp_lin set to 1.207974
[imu_filter_madgwick_node-3] [INFO] [1771831532.209010515] [imu_filter]: Parameter RLController.pid_ki_lin set to 0.000000
[imu_filter_madgwick_node-3] [INFO] [1771831532.212532548] [imu_filter]: Parameter RLController.pid_kd_lin set to 0.020191
[imu_filter_madgwick_node-3] [INFO] [1771831532.212728072] [imu_filter]: Parameter RLController.pid_kp_ang set to 1.230000
[imu_filter_madgwick_node-3] [INFO] [1771831532.212791754] [imu_filter]: Parameter RLController.pid_ki_ang set to 0.000000
[imu_filter_madgwick_node-3] [INFO] [1771831532.212846411] [imu_filter]: Parameter RLController.pid_kd_ang set to 0.100236
[imu_filter_madgwick_node-3] [INFO] [1771831532.625619559] [imu_filter]: Parameter RLController.pid_kp_lin set to 1.207974
[imu_filter_madgwick_node-3] [INFO] [1771831532.625820428] [imu_filter]: Parameter RLController.pid_ki_lin set to 0.000000
[imu_filter_madgwick_node-3] [INFO] [1771831532.625889709] [imu_filter]: Parameter RLController.pid_kd_lin set to 0.020156
[imu_filter_madgwick_node-3] [INFO] [1771831532.625949871] [imu_filter]: Parameter RLController.pid_kp_ang set to 1.230000
[imu_filter_madgwick_node-3] [INFO] [1771831532.626004336] [imu_filter]: Parameter RLController.pid_ki_ang set to 0.000000
[imu_filter_madgwick_node-3] [INFO] [1771831532.626057713] [imu_filter]: Parameter RLController.pid_kd_ang set to 0.100236
[imu_filter_madgwick_node-3] [INFO] [1771831533.050270067] [imu_filter]: Parameter RLController.pid_kp_lin set to 1.207974
[imu_filter_madgwick_node-3] [INFO] [1771831533.050486136] [imu_filter]: Parameter RLController.pid_ki_lin set to 0.000000
[imu_filter_madgwick_node-3] [INFO] [1771831533.050554169] [imu_filter]: Parameter RLController.pid_kd_lin set to 0.020128
[imu_filter_madgwick_node-3] [INFO] [1771831533.050613435] [imu_filter]: Parameter RLController.pid_kp_ang set to 1.230000
[imu_filter_madgwick_node-3] [INFO] [1771831533.050666108] [imu_filter]: Parameter RLController.pid_ki_ang set to 0.000000
[imu_filter_madgwick_node-3] [INFO] [1771831533.050719933] [imu_filter]: Parameter RLController.pid_kd_ang set to 0.100236
[imu_filter_madgwick_node-3] [INFO] [1771831533.472990803] [imu_filter]: Parameter RLController.pid_kp_lin set to 1.207974
[imu_filter_madgwick_node-3] [INFO] [1771831533.473319226] [imu_filter]: Parameter RLController.pid_ki_lin set to 0.000000
[imu_filter_madgwick_node-3] [INFO] [1771831533.473395356] [imu_filter]: Parameter RLController.pid_kd_lin set to 0.020105
[imu_filter_madgwick_node-3] [INFO] [1771831533.473454397] [imu_filter]: Parameter RLController.pid_kp_ang set to 1.230000
[imu_filter_madgwick_node-3] [INFO] [1771831533.473507518] [imu_filter]: Parameter RLController.pid_ki_ang set to 0.000000
[imu_filter_madgwick_node-3] [INFO] [1771831533.473560928] [imu_filter]: Parameter RLController.pid_kd_ang set to 0.100236
[imu_filter_madgwick_node-3] [INFO] [1771831533.886835047] [imu_filter]: Parameter RLController.pid_kp_lin set to 1.207974
[imu_filter_madgwick_node-3] [INFO] [1771831533.887015436] [imu_filter]: Parameter RLController.pid_ki_lin set to 0.000000
[imu_filter_madgwick_node-3] [INFO] [1771831533.890045553] [imu_filter]: Parameter RLController.pid_kd_lin set to 0.020086
[imu_filter_madgwick_node-3] [INFO] [1771831533.890242197] [imu_filter]: Parameter RLController.pid_kp_ang set to 1.230000
[imu_filter_madgwick_node-3] [INFO] [1771831533.890307799] [imu_filter]: Parameter RLController.pid_ki_ang set to 0.000000
[imu_filter_madgwick_node-3] [INFO] [1771831533.890363480] [imu_filter]: Parameter RLController.pid_kd_ang set to 0.100236
[imu_filter_madgwick_node-3] [INFO] [1771831534.308438798] [imu_filter]: Parameter RLController.pid_kp_lin set to 1.207974
[imu_filter_madgwick_node-3] [INFO] [1771831534.308783093] [imu_filter]: Parameter RLController.pid_ki_lin set to 0.000000
[imu_filter_madgwick_node-3] [INFO] [1771831534.308856695] [imu_filter]: Parameter RLController.pid_kd_lin set to 0.020071
[imu_filter_madgwick_node-3] [INFO] [1771831534.308915864] [imu_filter]: Parameter RLController.pid_kp_ang set to 1.230000
[imu_filter_madgwick_node-3] [INFO] [1771831534.308970522] [imu_filter]: Parameter RLController.pid_ki_ang set to 0.000000
[imu_filter_madgwick_node-3] [INFO] [1771831534.309024891] [imu_filter]: Parameter RLController.pid_kd_ang set to 0.100236
[imu_filter_madgwick_node-3] [INFO] [1771831534.723878919] [imu_filter]: Parameter RLController.pid_kp_lin set to 1.207974
[imu_filter_madgwick_node-3] [INFO] [1771831534.724074059] [imu_filter]: Parameter RLController.pid_ki_lin set to 0.000000
[imu_filter_madgwick_node-3] [INFO] [1771831534.724142509] [imu_filter]: Parameter RLController.pid_kd_lin set to 0.020058
[imu_filter_madgwick_node-3] [INFO] [1771831534.724199310] [imu_filter]: Parameter RLController.pid_kp_ang set to 1.230000
[imu_filter_madgwick_node-3] [INFO] [1771831534.724251215] [imu_filter]: Parameter RLController.pid_ki_ang set to 0.000000
[imu_filter_madgwick_node-3] [INFO] [1771831534.724302545] [imu_filter]: Parameter RLController.pid_kd_ang set to 0.100236
[imu_filter_madgwick_node-3] [INFO] [1771831535.141700566] [imu_filter]: Parameter RLController.pid_kp_lin set to 1.207974
[imu_filter_madgwick_node-3] [INFO] [1771831535.142010846] [imu_filter]: Parameter RLController.pid_ki_lin set to 0.000000
[imu_filter_madgwick_node-3] [INFO] [1771831535.142101280] [imu_filter]: Parameter RLController.pid_kd_lin set to 0.020048
[imu_filter_madgwick_node-3] [INFO] [1771831535.142169697] [imu_filter]: Parameter RLController.pid_kp_ang set to 1.230000
[imu_filter_madgwick_node-3] [INFO] [1771831535.142223778] [imu_filter]: Parameter RLController.pid_ki_ang set to 0.000000
[imu_filter_madgwick_node-3] [INFO] [1771831535.142275620] [imu_filter]: Parameter RLController.pid_kd_ang set to 0.100236
[imu_filter_madgwick_node-3] [INFO] [1771831535.559394403] [imu_filter]: Parameter RLController.pid_kp_lin set to 1.207974
[imu_filter_madgwick_node-3] [INFO] [1771831535.559640553] [imu_filter]: Parameter RLController.pid_ki_lin set to 0.000000
[imu_filter_madgwick_node-3] [INFO] [1771831535.559831437] [imu_filter]: Parameter RLController.pid_kd_lin set to 0.020039
[imu_filter_madgwick_node-3] [INFO] [1771831535.559895535] [imu_filter]: Parameter RLController.pid_kp_ang set to 1.230000
[imu_filter_madgwick_node-3] [INFO] [1771831535.559950608] [imu_filter]: Parameter RLController.pid_ki_ang set to 0.000000
[imu_filter_madgwick_node-3] [INFO] [1771831535.560003377] [imu_filter]: Parameter RLController.pid_kd_ang set to 0.100236
[imu_filter_madgwick_node-3] [INFO] [1771831535.984028847] [imu_filter]: Parameter RLController.pid_kp_lin set to 1.207974
[imu_filter_madgwick_node-3] [INFO] [1771831535.984245940] [imu_filter]: Parameter RLController.pid_ki_lin set to 0.000000
[imu_filter_madgwick_node-3] [INFO] [1771831535.984322965] [imu_filter]: Parameter RLController.pid_kd_lin set to 0.020032
[imu_filter_madgwick_node-3] [INFO] [1771831535.984408759] [imu_filter]: Parameter RLController.pid_kp_ang set to 1.230000
[imu_filter_madgwick_node-3] [INFO] [1771831535.985494288] [imu_filter]: Parameter RLController.pid_ki_ang set to 0.000000
[imu_filter_madgwick_node-3] [INFO] [1771831535.985609907] [imu_filter]: Parameter RLController.pid_kd_ang set to 0.100236
[imu_filter_madgwick_node-3] [INFO] [1771831536.392714766] [imu_filter]: Parameter RLController.pid_kp_lin set to 1.207974
[imu_filter_madgwick_node-3] [INFO] [1771831536.393067286] [imu_filter]: Parameter RLController.pid_ki_lin set to 0.000000
[imu_filter_madgwick_node-3] [INFO] [1771831536.393143095] [imu_filter]: Parameter RLController.pid_kd_lin set to 0.020026
[imu_filter_madgwick_node-3] [INFO] [1771831536.393202393] [imu_filter]: Parameter RLController.pid_kp_ang set to 1.230000
[imu_filter_madgwick_node-3] [INFO] [1771831536.393256890] [imu_filter]: Parameter RLController.pid_ki_ang set to 0.000000
[imu_filter_madgwick_node-3] [INFO] [1771831536.393323451] [imu_filter]: Parameter RLController.pid_kd_ang set to 0.100236
[imu_filter_madgwick_node-3] [INFO] [1771831536.813336797] [imu_filter]: Parameter RLController.pid_kp_lin set to 1.207974
[imu_filter_madgwick_node-3] [INFO] [1771831536.813528770] [imu_filter]: Parameter RLController.pid_ki_lin set to 0.000000
[imu_filter_madgwick_node-3] [INFO] [1771831536.813593123] [imu_filter]: Parameter RLController.pid_kd_lin set to 0.020021
[imu_filter_madgwick_node-3] [INFO] [1771831536.813652548] [imu_filter]: Parameter RLController.pid_kp_ang set to 1.230000
[imu_filter_madgwick_node-3] [INFO] [1771831536.813705894] [imu_filter]: Parameter RLController.pid_ki_ang set to 0.000000
[imu_filter_madgwick_node-3] [INFO] [1771831536.813757639] [imu_filter]: Parameter RLController.pid_kd_ang set to 0.100236
[imu_filter_madgwick_node-3] [INFO] [1771831537.223832197] [imu_filter]: Parameter RLController.pid_kp_lin set to 1.207974
[imu_filter_madgwick_node-3] [INFO] [1771831537.224200238] [imu_filter]: Parameter RLController.pid_ki_lin set to 0.000000
[imu_filter_madgwick_node-3] [INFO] [1771831537.224279568] [imu_filter]: Parameter RLController.pid_kd_lin set to 0.020018
[imu_filter_madgwick_node-3] [INFO] [1771831537.224343601] [imu_filter]: Parameter RLController.pid_kp_ang set to 1.230000
[imu_filter_madgwick_node-3] [INFO] [1771831537.224397266] [imu_filter]: Parameter RLController.pid_ki_ang set to 0.000000
[imu_filter_madgwick_node-3] [INFO] [1771831537.224448852] [imu_filter]: Parameter RLController.pid_kd_ang set to 0.100236
[imu_filter_madgwick_node-3] [INFO] [1771831537.641961820] [imu_filter]: Parameter RLController.pid_kp_lin set to 1.207974
[imu_filter_madgwick_node-3] [INFO] [1771831537.642159201] [imu_filter]: Parameter RLController.pid_ki_lin set to 0.000000
[imu_filter_madgwick_node-3] [INFO] [1771831537.642223586] [imu_filter]: Parameter RLController.pid_kd_lin set to 0.020014
[imu_filter_madgwick_node-3] [INFO] [1771831537.642281667] [imu_filter]: Parameter RLController.pid_kp_ang set to 1.230000
[imu_filter_madgwick_node-3] [INFO] [1771831537.642334309] [imu_filter]: Parameter RLController.pid_ki_ang set to 0.000000
[imu_filter_madgwick_node-3] [INFO] [1771831537.642388134] [imu_filter]: Parameter RLController.pid_kd_ang set to 0.100236
[imu_filter_madgwick_node-3] [INFO] [1771831538.068477747] [imu_filter]: Parameter RLController.pid_kp_lin set to 1.207974
[imu_filter_madgwick_node-3] [INFO] [1771831538.073461989] [imu_filter]: Parameter RLController.pid_ki_lin set to 0.000000
[imu_filter_madgwick_node-3] [INFO] [1771831538.073663049] [imu_filter]: Parameter RLController.pid_kd_lin set to 0.020012
[imu_filter_madgwick_node-3] [INFO] [1771831538.073737387] [imu_filter]: Parameter RLController.pid_kp_ang set to 1.230000
[imu_filter_madgwick_node-3] [INFO] [1771831538.073794604] [imu_filter]: Parameter RLController.pid_ki_ang set to 0.000000
[imu_filter_madgwick_node-3] [INFO] [1771831538.077615043] [imu_filter]: Parameter RLController.pid_kd_ang set to 0.100236
[imu_filter_madgwick_node-3] [INFO] [1771831538.482501899] [imu_filter]: Parameter RLController.pid_kp_lin set to 1.207974
[imu_filter_madgwick_node-3] [INFO] [1771831538.482701744] [imu_filter]: Parameter RLController.pid_ki_lin set to 0.000000
[imu_filter_madgwick_node-3] [INFO] [1771831538.482773042] [imu_filter]: Parameter RLController.pid_kd_lin set to 0.020010
[imu_filter_madgwick_node-3] [INFO] [1771831538.483461633] [imu_filter]: Parameter RLController.pid_kp_ang set to 1.230000
[imu_filter_madgwick_node-3] [INFO] [1771831538.483698887] [imu_filter]: Parameter RLController.pid_ki_ang set to 0.000000
[imu_filter_madgwick_node-3] [INFO] [1771831538.483771464] [imu_filter]: Parameter RLController.pid_kd_ang set to 0.100236
[imu_filter_madgwick_node-3] [INFO] [1771831538.902768851] [imu_filter]: Parameter RLController.pid_kp_lin set to 1.207974
[imu_filter_madgwick_node-3] [INFO] [1771831538.903109243] [imu_filter]: Parameter RLController.pid_ki_lin set to 0.000000
[imu_filter_madgwick_node-3] [INFO] [1771831538.903184093] [imu_filter]: Parameter RLController.pid_kd_lin set to 0.020008
[imu_filter_madgwick_node-3] [INFO] [1771831538.903243038] [imu_filter]: Parameter RLController.pid_kp_ang set to 1.230000
[imu_filter_madgwick_node-3] [INFO] [1771831538.903295135] [imu_filter]: Parameter RLController.pid_ki_ang set to 0.000000
[imu_filter_madgwick_node-3] [INFO] [1771831538.903345152] [imu_filter]: Parameter RLController.pid_kd_ang set to 0.100236
[imu_filter_madgwick_node-3] [INFO] [1771831539.324943334] [imu_filter]: Parameter RLController.pid_kp_lin set to 1.207974
[imu_filter_madgwick_node-3] [INFO] [1771831539.325508083] [imu_filter]: Parameter RLController.pid_ki_lin set to 0.000000
[imu_filter_madgwick_node-3] [INFO] [1771831539.325622486] [imu_filter]: Parameter RLController.pid_kd_lin set to 0.020007
[imu_filter_madgwick_node-3] [INFO] [1771831539.325687031] [imu_filter]: Parameter RLController.pid_kp_ang set to 1.230000
[imu_filter_madgwick_node-3] [INFO] [1771831539.325740216] [imu_filter]: Parameter RLController.pid_ki_ang set to 0.000000
[imu_filter_madgwick_node-3] [INFO] [1771831539.325793242] [imu_filter]: Parameter RLController.pid_kd_ang set to 0.100236
[imu_filter_madgwick_node-3] [INFO] [1771831539.736101758] [imu_filter]: Parameter RLController.pid_kp_lin set to 1.207974
[imu_filter_madgwick_node-3] [INFO] [1771831539.736304226] [imu_filter]: Parameter RLController.pid_ki_lin set to 0.000000
[imu_filter_madgwick_node-3] [INFO] [1771831539.736371140] [imu_filter]: Parameter RLController.pid_kd_lin set to 0.020005
[imu_filter_madgwick_node-3] [INFO] [1771831539.736428837] [imu_filter]: Parameter RLController.pid_kp_ang set to 1.230000
[imu_filter_madgwick_node-3] [INFO] [1771831539.736480742] [imu_filter]: Parameter RLController.pid_ki_ang set to 0.000000
[imu_filter_madgwick_node-3] [INFO] [1771831539.736603497] [imu_filter]: Parameter RLController.pid_kd_ang set to 0.100236
[imu_filter_madgwick_node-3] [INFO] [1771831540.168374872] [imu_filter]: Parameter RLController.pid_kp_lin set to 1.207974
[imu_filter_madgwick_node-3] [INFO] [1771831540.168814370] [imu_filter]: Parameter RLController.pid_ki_lin set to 0.000000
[imu_filter_madgwick_node-3] [INFO] [1771831540.168920356] [imu_filter]: Parameter RLController.pid_kd_lin set to 0.020004
[imu_filter_madgwick_node-3] [INFO] [1771831540.168987238] [imu_filter]: Parameter RLController.pid_kp_ang set to 1.230000
[imu_filter_madgwick_node-3] [INFO] [1771831540.169044103] [imu_filter]: Parameter RLController.pid_ki_ang set to 0.000000
[imu_filter_madgwick_node-3] [INFO] [1771831540.169098216] [imu_filter]: Parameter RLController.pid_kd_ang set to 0.100236
[imu_filter_madgwick_node-3] [INFO] [1771831540.575669463] [imu_filter]: Parameter RLController.pid_kp_lin set to 1.207974
[imu_filter_madgwick_node-3] [INFO] [1771831540.575909692] [imu_filter]: Parameter RLController.pid_ki_lin set to 0.000000
[imu_filter_madgwick_node-3] [INFO] [1771831540.575985598] [imu_filter]: Parameter RLController.pid_kd_lin set to 0.020004
[imu_filter_madgwick_node-3] [INFO] [1771831540.576095072] [imu_filter]: Parameter RLController.pid_kp_ang set to 1.230000
[imu_filter_madgwick_node-3] [INFO] [1771831540.576166402] [imu_filter]: Parameter RLController.pid_ki_ang set to 0.000000
[imu_filter_madgwick_node-3] [INFO] [1771831540.576221219] [imu_filter]: Parameter RLController.pid_kd_ang set to 0.100236
[imu_filter_madgwick_node-3] [INFO] [1771831540.995752922] [imu_filter]: Parameter RLController.pid_kp_lin set to 1.207974
[imu_filter_madgwick_node-3] [INFO] [1771831540.995953535] [imu_filter]: Parameter RLController.pid_ki_lin set to 0.000000
[imu_filter_madgwick_node-3] [INFO] [1771831540.996018528] [imu_filter]: Parameter RLController.pid_kd_lin set to 0.020003
[imu_filter_madgwick_node-3] [INFO] [1771831540.996076097] [imu_filter]: Parameter RLController.pid_kp_ang set to 1.230000
[imu_filter_madgwick_node-3] [INFO] [1771831540.996127491] [imu_filter]: Parameter RLController.pid_ki_ang set to 0.000000
[imu_filter_madgwick_node-3] [INFO] [1771831540.996179172] [imu_filter]: Parameter RLController.pid_kd_ang set to 0.100236
[imu_filter_madgwick_node-3] [INFO] [1771831541.411008847] [imu_filter]: Parameter RLController.pid_kp_lin set to 1.207974
[imu_filter_madgwick_node-3] [INFO] [1771831541.411363159] [imu_filter]: Parameter RLController.pid_ki_lin set to 0.000000
[imu_filter_madgwick_node-3] [INFO] [1771831541.411442585] [imu_filter]: Parameter RLController.pid_kd_lin set to 0.020002
[imu_filter_madgwick_node-3] [INFO] [1771831541.411525627] [imu_filter]: Parameter RLController.pid_kp_ang set to 1.230000
[imu_filter_madgwick_node-3] [INFO] [1771831541.411585500] [imu_filter]: Parameter RLController.pid_ki_ang set to 0.000000
[imu_filter_madgwick_node-3] [INFO] [1771831541.411821538] [imu_filter]: Parameter RLController.pid_kd_ang set to 0.100236
[imu_filter_madgwick_node-3] [INFO] [1771831541.824514780] [imu_filter]: Parameter RLController.pid_kp_lin set to 1.207974
[imu_filter_madgwick_node-3] [INFO] [1771831541.824846276] [imu_filter]: Parameter RLController.pid_ki_lin set to 0.000000
[imu_filter_madgwick_node-3] [INFO] [1771831541.824920869] [imu_filter]: Parameter RLController.pid_kd_lin set to 0.020002
[imu_filter_madgwick_node-3] [INFO] [1771831541.824981447] [imu_filter]: Parameter RLController.pid_kp_ang set to 1.230000
[imu_filter_madgwick_node-3] [INFO] [1771831541.825035592] [imu_filter]: Parameter RLController.pid_ki_ang set to 0.000000
[imu_filter_madgwick_node-3] [INFO] [1771831541.825087497] [imu_filter]: Parameter RLController.pid_kd_ang set to 0.100236
[imu_filter_madgwick_node-3] [INFO] [1771831542.235118439] [imu_filter]: Parameter RLController.pid_kp_lin set to 1.207974
[imu_filter_madgwick_node-3] [INFO] [1771831542.237355258] [imu_filter]: Parameter RLController.pid_ki_lin set to 0.000000
[imu_filter_madgwick_node-3] [INFO] [1771831542.237529534] [imu_filter]: Parameter RLController.pid_kd_lin set to 0.020002
[imu_filter_madgwick_node-3] [INFO] [1771831542.237593471] [imu_filter]: Parameter RLController.pid_kp_ang set to 1.230000
[imu_filter_madgwick_node-3] [INFO] [1771831542.237649793] [imu_filter]: Parameter RLController.pid_ki_ang set to 0.000000
[imu_filter_madgwick_node-3] [INFO] [1771831542.237702274] [imu_filter]: Parameter RLController.pid_kd_ang set to 0.100236
[imu_filter_madgwick_node-3] [INFO] [1771831542.656533321] [imu_filter]: Parameter RLController.pid_kp_lin set to 1.207974
[imu_filter_madgwick_node-3] [INFO] [1771831542.656734605] [imu_filter]: Parameter RLController.pid_ki_lin set to 0.000000
[imu_filter_madgwick_node-3] [INFO] [1771831542.656802639] [imu_filter]: Parameter RLController.pid_kd_lin set to 0.020001
[imu_filter_madgwick_node-3] [INFO] [1771831542.656861808] [imu_filter]: Parameter RLController.pid_kp_ang set to 1.230000
[imu_filter_madgwick_node-3] [INFO] [1771831542.656916337] [imu_filter]: Parameter RLController.pid_ki_ang set to 0.000000
[imu_filter_madgwick_node-3] [INFO] [1771831542.656970931] [imu_filter]: Parameter RLController.pid_kd_ang set to 0.100236
[imu_filter_madgwick_node-3] [INFO] [1771831543.065025411] [imu_filter]: Parameter RLController.pid_kp_lin set to 1.207974
[imu_filter_madgwick_node-3] [INFO] [1771831543.066989520] [imu_filter]: Parameter RLController.pid_ki_lin set to 0.000000
[imu_filter_madgwick_node-3] [INFO] [1771831543.067151220] [imu_filter]: Parameter RLController.pid_kd_lin set to 0.020001
[imu_filter_madgwick_node-3] [INFO] [1771831543.067215317] [imu_filter]: Parameter RLController.pid_kp_ang set to 1.230000
[imu_filter_madgwick_node-3] [INFO] [1771831543.067269430] [imu_filter]: Parameter RLController.pid_ki_ang set to 0.000000
[imu_filter_madgwick_node-3] [INFO] [1771831543.067325176] [imu_filter]: Parameter RLController.pid_kd_ang set to 0.100236
[imu_filter_madgwick_node-3] [INFO] [1771831543.517247013] [imu_filter]: Parameter RLController.pid_kp_lin set to 1.207974
[imu_filter_madgwick_node-3] [INFO] [1771831543.517594893] [imu_filter]: Parameter RLController.pid_ki_lin set to 0.000000
[imu_filter_madgwick_node-3] [INFO] [1771831543.517670767] [imu_filter]: Parameter RLController.pid_kd_lin set to 0.020001
[imu_filter_madgwick_node-3] [INFO] [1771831543.517730992] [imu_filter]: Parameter RLController.pid_kp_ang set to 1.230000
[imu_filter_madgwick_node-3] [INFO] [1771831543.517792434] [imu_filter]: Parameter RLController.pid_ki_ang set to 0.000000
[imu_filter_madgwick_node-3] [INFO] [1771831543.517847091] [imu_filter]: Parameter RLController.pid_kd_ang set to 0.100236
[imu_filter_madgwick_node-3] [INFO] [1771831543.930018529] [imu_filter]: Parameter RLController.pid_kp_lin set to 1.207974
[imu_filter_madgwick_node-3] [INFO] [1771831543.935000403] [imu_filter]: Parameter RLController.pid_ki_lin set to 0.000000
[imu_filter_madgwick_node-3] [INFO] [1771831543.935308154] [imu_filter]: Parameter RLController.pid_kd_lin set to 0.020001
[imu_filter_madgwick_node-3] [INFO] [1771831543.935440669] [imu_filter]: Parameter RLController.pid_kp_ang set to 1.230000
[imu_filter_madgwick_node-3] [INFO] [1771831543.935540256] [imu_filter]: Parameter RLController.pid_ki_ang set to 0.000000
[imu_filter_madgwick_node-3] [INFO] [1771831543.935604225] [imu_filter]: Parameter RLController.pid_kd_ang set to 0.100236
[imu_filter_madgwick_node-3] [INFO] [1771831544.346051400] [imu_filter]: Parameter RLController.pid_kp_lin set to 1.207974
[imu_filter_madgwick_node-3] [INFO] [1771831544.348320540] [imu_filter]: Parameter RLController.pid_ki_lin set to 0.000000
[imu_filter_madgwick_node-3] [INFO] [1771831544.348661764] [imu_filter]: Parameter RLController.pid_kd_lin set to 0.020001
[imu_filter_madgwick_node-3] [INFO] [1771831544.348738374] [imu_filter]: Parameter RLController.pid_kp_ang set to 1.230000
[imu_filter_madgwick_node-3] [INFO] [1771831544.348855048] [imu_filter]: Parameter RLController.pid_ki_ang set to 0.000000
[imu_filter_madgwick_node-3] [INFO] [1771831544.348914794] [imu_filter]: Parameter RLController.pid_kd_ang set to 0.100236
[imu_filter_madgwick_node-3] [INFO] [1771831544.781960533] [imu_filter]: Parameter RLController.pid_kp_lin set to 1.207974
[imu_filter_madgwick_node-3] [INFO] [1771831544.782274716] [imu_filter]: Parameter RLController.pid_ki_lin set to 0.000000
[imu_filter_madgwick_node-3] [INFO] [1771831544.782467617] [imu_filter]: Parameter RLController.pid_kd_lin set to 0.020000
[imu_filter_madgwick_node-3] [INFO] [1771831544.782536226] [imu_filter]: Parameter RLController.pid_kp_ang set to 1.230000
[imu_filter_madgwick_node-3] [INFO] [1771831544.782594340] [imu_filter]: Parameter RLController.pid_ki_ang set to 0.000000
[imu_filter_madgwick_node-3] [INFO] [1771831544.782645701] [imu_filter]: Parameter RLController.pid_kd_ang set to 0.100236
[imu_filter_madgwick_node-3] [INFO] [1771831545.192635682] [imu_filter]: Parameter RLController.pid_kp_lin set to 1.207974
[imu_filter_madgwick_node-3] [INFO] [1771831545.192849158] [imu_filter]: Parameter RLController.pid_ki_lin set to 0.000000
[imu_filter_madgwick_node-3] [INFO] [1771831545.192914280] [imu_filter]: Parameter RLController.pid_kd_lin set to 0.020000
[imu_filter_madgwick_node-3] [INFO] [1771831545.192970953] [imu_filter]: Parameter RLController.pid_kp_ang set to 1.230000
[imu_filter_madgwick_node-3] [INFO] [1771831545.193022762] [imu_filter]: Parameter RLController.pid_ki_ang set to 0.000000
[imu_filter_madgwick_node-3] [INFO] [1771831545.193074540] [imu_filter]: Parameter RLController.pid_kd_ang set to 0.100236
[imu_filter_madgwick_node-3] [INFO] [1771831545.619163224] [imu_filter]: Parameter RLController.pid_kp_lin set to 1.207974
[imu_filter_madgwick_node-3] [INFO] [1771831545.619362077] [imu_filter]: Parameter RLController.pid_ki_lin set to 0.000000
[imu_filter_madgwick_node-3] [INFO] [1771831545.619441759] [imu_filter]: Parameter RLController.pid_kd_lin set to 0.020000
[imu_filter_madgwick_node-3] [INFO] [1771831545.619536065] [imu_filter]: Parameter RLController.pid_kp_ang set to 1.230000
[imu_filter_madgwick_node-3] [INFO] [1771831545.619599074] [imu_filter]: Parameter RLController.pid_ki_ang set to 0.000000
[imu_filter_madgwick_node-3] [INFO] [1771831545.619654116] [imu_filter]: Parameter RLController.pid_kd_ang set to 0.100236
[imu_filter_madgwick_node-3] [INFO] [1771831546.030598550] [imu_filter]: Parameter RLController.pid_kp_lin set to 1.207974
[imu_filter_madgwick_node-3] [INFO] [1771831546.030807739] [imu_filter]: Parameter RLController.pid_ki_lin set to 0.000000
[imu_filter_madgwick_node-3] [INFO] [1771831546.030878972] [imu_filter]: Parameter RLController.pid_kd_lin set to 0.020000
[imu_filter_madgwick_node-3] [INFO] [1771831546.031054048] [imu_filter]: Parameter RLController.pid_kp_ang set to 1.230000
[imu_filter_madgwick_node-3] [INFO] [1771831546.031120130] [imu_filter]: Parameter RLController.pid_ki_ang set to 0.000000
[imu_filter_madgwick_node-3] [INFO] [1771831546.031176995] [imu_filter]: Parameter RLController.pid_kd_ang set to 0.100236
[imu_filter_madgwick_node-3] [INFO] [1771831546.445139899] [imu_filter]: Parameter RLController.pid_kp_lin set to 1.207974
[imu_filter_madgwick_node-3] [INFO] [1771831546.446484665] [imu_filter]: Parameter RLController.pid_ki_lin set to 0.000000
[imu_filter_madgwick_node-3] [INFO] [1771831546.446638237] [imu_filter]: Parameter RLController.pid_kd_lin set to 0.020000
[imu_filter_madgwick_node-3] [INFO] [1771831546.446702590] [imu_filter]: Parameter RLController.pid_kp_ang set to 1.230000
[imu_filter_madgwick_node-3] [INFO] [1771831546.446757120] [imu_filter]: Parameter RLController.pid_ki_ang set to 0.000000
[imu_filter_madgwick_node-3] [INFO] [1771831546.446814785] [imu_filter]: Parameter RLController.pid_kd_ang set to 0.100236
[imu_filter_madgwick_node-3] [INFO] [1771831546.859724704] [imu_filter]: Parameter RLController.pid_kp_lin set to 1.207974
[imu_filter_madgwick_node-3] [INFO] [1771831546.862742437] [imu_filter]: Parameter RLController.pid_ki_lin set to 0.000000
[imu_filter_madgwick_node-3] [INFO] [1771831546.863081389] [imu_filter]: Parameter RLController.pid_kd_lin set to 0.020000
[imu_filter_madgwick_node-3] [INFO] [1771831546.863155727] [imu_filter]: Parameter RLController.pid_kp_ang set to 1.230000
[imu_filter_madgwick_node-3] [INFO] [1771831546.863211024] [imu_filter]: Parameter RLController.pid_ki_ang set to 0.000000
[imu_filter_madgwick_node-3] [INFO] [1771831546.863262769] [imu_filter]: Parameter RLController.pid_kd_ang set to 0.100236
[imu_filter_madgwick_node-3] [INFO] [1771831547.273692440] [imu_filter]: Parameter RLController.pid_kp_lin set to 1.207974
[imu_filter_madgwick_node-3] [INFO] [1771831547.273887068] [imu_filter]: Parameter RLController.pid_ki_lin set to 0.000000
[imu_filter_madgwick_node-3] [INFO] [1771831547.273950622] [imu_filter]: Parameter RLController.pid_kd_lin set to 0.020000
[imu_filter_madgwick_node-3] [INFO] [1771831547.274007039] [imu_filter]: Parameter RLController.pid_kp_ang set to 1.230000
[imu_filter_madgwick_node-3] [INFO] [1771831547.274059808] [imu_filter]: Parameter RLController.pid_ki_ang set to 0.000000
[imu_filter_madgwick_node-3] [INFO] [1771831547.274110657] [imu_filter]: Parameter RLController.pid_kd_ang set to 0.100236
[imu_filter_madgwick_node-3] [INFO] [1771831547.700322129] [imu_filter]: Parameter RLController.pid_kp_lin set to 1.207974
[imu_filter_madgwick_node-3] [INFO] [1771831547.702824778] [imu_filter]: Parameter RLController.pid_ki_lin set to 0.000000
[imu_filter_madgwick_node-3] [INFO] [1771831547.703119025] [imu_filter]: Parameter RLController.pid_kd_lin set to 0.020000
[imu_filter_madgwick_node-3] [INFO] [1771831547.703201555] [imu_filter]: Parameter RLController.pid_kp_ang set to 1.230000
[imu_filter_madgwick_node-3] [INFO] [1771831547.703262164] [imu_filter]: Parameter RLController.pid_ki_ang set to 0.000000
[imu_filter_madgwick_node-3] [INFO] [1771831547.703316053] [imu_filter]: Parameter RLController.pid_kd_ang set to 0.100236
[imu_filter_madgwick_node-3] [INFO] [1771831548.126925449] [imu_filter]: Parameter RLController.pid_kp_lin set to 1.207974
[imu_filter_madgwick_node-3] [INFO] [1771831548.127255537] [imu_filter]: Parameter RLController.pid_ki_lin set to 0.000000
[imu_filter_madgwick_node-3] [INFO] [1771831548.127326067] [imu_filter]: Parameter RLController.pid_kd_lin set to 0.020000
[imu_filter_madgwick_node-3] [INFO] [1771831548.127385588] [imu_filter]: Parameter RLController.pid_kp_ang set to 1.230000
[imu_filter_madgwick_node-3] [INFO] [1771831548.127439445] [imu_filter]: Parameter RLController.pid_ki_ang set to 0.000000
[imu_filter_madgwick_node-3] [INFO] [1771831548.127490902] [imu_filter]: Parameter RLController.pid_kd_ang set to 0.100236
[imu_filter_madgwick_node-3] [INFO] [1771831548.548878424] [imu_filter]: Parameter RLController.pid_kp_lin set to 1.207974
[imu_filter_madgwick_node-3] [INFO] [1771831548.549194815] [imu_filter]: Parameter RLController.pid_ki_lin set to 0.000000
[imu_filter_madgwick_node-3] [INFO] [1771831548.549269824] [imu_filter]: Parameter RLController.pid_kd_lin set to 0.020000
[imu_filter_madgwick_node-3] [INFO] [1771831548.549330210] [imu_filter]: Parameter RLController.pid_kp_ang set to 1.230000
[imu_filter_madgwick_node-3] [INFO] [1771831548.549384579] [imu_filter]: Parameter RLController.pid_ki_ang set to 0.000000
[imu_filter_madgwick_node-3] [INFO] [1771831548.549436932] [imu_filter]: Parameter RLController.pid_kd_ang set to 0.100236
[imu_filter_madgwick_node-3] [INFO] [1771831548.961027878] [imu_filter]: Parameter RLController.pid_kp_lin set to 1.207974
[imu_filter_madgwick_node-3] [INFO] [1771831548.961226474] [imu_filter]: Parameter RLController.pid_ki_lin set to 0.000000
[imu_filter_madgwick_node-3] [INFO] [1771831548.961291244] [imu_filter]: Parameter RLController.pid_kd_lin set to 0.020000
[imu_filter_madgwick_node-3] [INFO] [1771831548.961349261] [imu_filter]: Parameter RLController.pid_kp_ang set to 1.230000
[imu_filter_madgwick_node-3] [INFO] [1771831548.961402158] [imu_filter]: Parameter RLController.pid_ki_ang set to 0.000000
[imu_filter_madgwick_node-3] [INFO] [1771831548.961453167] [imu_filter]: Parameter RLController.pid_kd_ang set to 0.100236
[imu_filter_madgwick_node-3] [INFO] [1771831549.394321591] [imu_filter]: Parameter RLController.pid_kp_lin set to 1.207974
[imu_filter_madgwick_node-3] [INFO] [1771831549.394587165] [imu_filter]: Parameter RLController.pid_ki_lin set to 0.000000
[imu_filter_madgwick_node-3] [INFO] [1771831549.394660927] [imu_filter]: Parameter RLController.pid_kd_lin set to 0.020000
[imu_filter_madgwick_node-3] [INFO] [1771831549.394714720] [imu_filter]: Parameter RLController.pid_kp_ang set to 1.230000
[imu_filter_madgwick_node-3] [INFO] [1771831549.397550273] [imu_filter]: Parameter RLController.pid_ki_ang set to 0.000000
[imu_filter_madgwick_node-3] [INFO] [1771831549.397675332] [imu_filter]: Parameter RLController.pid_kd_ang set to 0.100236
[imu_filter_madgwick_node-3] [INFO] [1771831549.836299503] [imu_filter]: Parameter RLController.pid_kp_lin set to 1.207974
[imu_filter_madgwick_node-3] [INFO] [1771831549.836504564] [imu_filter]: Parameter RLController.pid_ki_lin set to 0.000000
[imu_filter_madgwick_node-3] [INFO] [1771831549.836569973] [imu_filter]: Parameter RLController.pid_kd_lin set to 0.020000
[imu_filter_madgwick_node-3] [INFO] [1771831549.836627574] [imu_filter]: Parameter RLController.pid_kp_ang set to 1.230000
[imu_filter_madgwick_node-3] [INFO] [1771831549.836680760] [imu_filter]: Parameter RLController.pid_ki_ang set to 0.000000
[imu_filter_madgwick_node-3] [INFO] [1771831549.836734137] [imu_filter]: Parameter RLController.pid_kd_ang set to 0.100236
[imu_filter_madgwick_node-3] [INFO] [1771831550.252698110] [imu_filter]: Parameter RLController.pid_kp_lin set to 1.207974
[imu_filter_madgwick_node-3] [INFO] [1771831550.253024229] [imu_filter]: Parameter RLController.pid_ki_lin set to 0.000000
[imu_filter_madgwick_node-3] [INFO] [1771831550.253144968] [imu_filter]: Parameter RLController.pid_kd_lin set to 0.020000
[imu_filter_madgwick_node-3] [INFO] [1771831550.253210250] [imu_filter]: Parameter RLController.pid_kp_ang set to 1.230000
[imu_filter_madgwick_node-3] [INFO] [1771831550.253267019] [imu_filter]: Parameter RLController.pid_ki_ang set to 0.000000
[imu_filter_madgwick_node-3] [INFO] [1771831550.253318572] [imu_filter]: Parameter RLController.pid_kd_ang set to 0.100236
[imu_filter_madgwick_node-3] [INFO] [1771831550.664942734] [imu_filter]: Parameter RLController.pid_kp_lin set to 1.207974
[imu_filter_madgwick_node-3] [INFO] [1771831550.665131987] [imu_filter]: Parameter RLController.pid_ki_lin set to 0.000000
[imu_filter_madgwick_node-3] [INFO] [1771831550.665204468] [imu_filter]: Parameter RLController.pid_kd_lin set to 0.020000
[imu_filter_madgwick_node-3] [INFO] [1771831550.665263670] [imu_filter]: Parameter RLController.pid_kp_ang set to 1.230000
[imu_filter_madgwick_node-3] [INFO] [1771831550.665429561] [imu_filter]: Parameter RLController.pid_ki_ang set to 0.000000
[imu_filter_madgwick_node-3] [INFO] [1771831550.665486875] [imu_filter]: Parameter RLController.pid_kd_ang set to 0.100236
[imu_filter_madgwick_node-3] [INFO] [1771831551.118816310] [imu_filter]: Parameter RLController.pid_kp_lin set to 1.207974
[imu_filter_madgwick_node-3] [INFO] [1771831551.119030107] [imu_filter]: Parameter RLController.pid_ki_lin set to 0.000000
[imu_filter_madgwick_node-3] [INFO] [1771831551.119095804] [imu_filter]: Parameter RLController.pid_kd_lin set to 0.020000
[imu_filter_madgwick_node-3] [INFO] [1771831551.119151614] [imu_filter]: Parameter RLController.pid_kp_ang set to 1.230000
[imu_filter_madgwick_node-3] [INFO] [1771831551.119203231] [imu_filter]: Parameter RLController.pid_ki_ang set to 0.000000
[imu_filter_madgwick_node-3] [INFO] [1771831551.119253600] [imu_filter]: Parameter RLController.pid_kd_ang set to 0.100236
[imu_filter_madgwick_node-3] [INFO] [1771831551.545297676] [imu_filter]: Parameter RLController.pid_kp_lin set to 1.207974
[imu_filter_madgwick_node-3] [INFO] [1771831551.545512913] [imu_filter]: Parameter RLController.pid_ki_lin set to 0.000000
[imu_filter_madgwick_node-3] [INFO] [1771831551.545588210] [imu_filter]: Parameter RLController.pid_kd_lin set to 0.020000
[imu_filter_madgwick_node-3] [INFO] [1771831551.545642004] [imu_filter]: Parameter RLController.pid_kp_ang set to 1.230000
[imu_filter_madgwick_node-3] [INFO] [1771831551.545752022] [imu_filter]: Parameter RLController.pid_ki_ang set to 0.000000
[imu_filter_madgwick_node-3] [INFO] [1771831551.545807031] [imu_filter]: Parameter RLController.pid_kd_ang set to 0.100236
[imu_filter_madgwick_node-3] [INFO] [1771831551.962473389] [imu_filter]: Parameter RLController.pid_kp_lin set to 1.207974
[imu_filter_madgwick_node-3] [INFO] [1771831551.962673617] [imu_filter]: Parameter RLController.pid_ki_lin set to 0.000000
[imu_filter_madgwick_node-3] [INFO] [1771831551.962738963] [imu_filter]: Parameter RLController.pid_kd_lin set to 0.020000
[imu_filter_madgwick_node-3] [INFO] [1771831551.962796212] [imu_filter]: Parameter RLController.pid_kp_ang set to 1.230000
[imu_filter_madgwick_node-3] [INFO] [1771831551.962848629] [imu_filter]: Parameter RLController.pid_ki_ang set to 0.000000
[imu_filter_madgwick_node-3] [INFO] [1771831551.962900822] [imu_filter]: Parameter RLController.pid_kd_ang set to 0.100236
[imu_filter_madgwick_node-3] [INFO] [1771831552.380329469] [imu_filter]: Parameter RLController.pid_kp_lin set to 1.207974
[imu_filter_madgwick_node-3] [INFO] [1771831552.380551170] [imu_filter]: Parameter RLController.pid_ki_lin set to 0.000000
[imu_filter_madgwick_node-3] [INFO] [1771831552.380617892] [imu_filter]: Parameter RLController.pid_kd_lin set to 0.020000
[imu_filter_madgwick_node-3] [INFO] [1771831552.380673893] [imu_filter]: Parameter RLController.pid_kp_ang set to 1.230000
[imu_filter_madgwick_node-3] [INFO] [1771831552.380724422] [imu_filter]: Parameter RLController.pid_ki_ang set to 0.000000
[imu_filter_madgwick_node-3] [INFO] [1771831552.380775975] [imu_filter]: Parameter RLController.pid_kd_ang set to 0.100236
[imu_filter_madgwick_node-3] [INFO] [1771831552.798036266] [imu_filter]: Parameter RLController.pid_kp_lin set to 1.207974
[imu_filter_madgwick_node-3] [INFO] [1771831552.798202158] [imu_filter]: Parameter RLController.pid_ki_lin set to 0.000000
[imu_filter_madgwick_node-3] [INFO] [1771831552.798267215] [imu_filter]: Parameter RLController.pid_kd_lin set to 0.020000
[imu_filter_madgwick_node-3] [INFO] [1771831552.798325553] [imu_filter]: Parameter RLController.pid_kp_ang set to 1.230000
[imu_filter_madgwick_node-3] [INFO] [1771831552.798379154] [imu_filter]: Parameter RLController.pid_ki_ang set to 0.000000
[imu_filter_madgwick_node-3] [INFO] [1771831552.798431283] [imu_filter]: Parameter RLController.pid_kd_ang set to 0.100236
[imu_filter_madgwick_node-3] [INFO] [1771831553.209886897] [imu_filter]: Parameter RLController.pid_kp_lin set to 1.207974
[imu_filter_madgwick_node-3] [INFO] [1771831553.210240057] [imu_filter]: Parameter RLController.pid_ki_lin set to 0.000000
[imu_filter_madgwick_node-3] [INFO] [1771831553.210324827] [imu_filter]: Parameter RLController.pid_kd_lin set to 0.020000
[imu_filter_madgwick_node-3] [INFO] [1771831553.210385373] [imu_filter]: Parameter RLController.pid_kp_ang set to 1.230000
[imu_filter_madgwick_node-3] [INFO] [1771831553.210441246] [imu_filter]: Parameter RLController.pid_ki_ang set to 0.000000
[imu_filter_madgwick_node-3] [INFO] [1771831553.210494239] [imu_filter]: Parameter RLController.pid_kd_ang set to 0.100236
[imu_filter_madgwick_node-3] [INFO] [1771831553.633406467] [imu_filter]: Parameter RLController.pid_kp_lin set to 1.207974
[imu_filter_madgwick_node-3] [INFO] [1771831553.633604328] [imu_filter]: Parameter RLController.pid_ki_lin set to 0.000000
[imu_filter_madgwick_node-3] [INFO] [1771831553.633721770] [imu_filter]: Parameter RLController.pid_kd_lin set to 0.020000
[imu_filter_madgwick_node-3] [INFO] [1771831553.633786188] [imu_filter]: Parameter RLController.pid_kp_ang set to 1.230000
[imu_filter_madgwick_node-3] [INFO] [1771831553.633841773] [imu_filter]: Parameter RLController.pid_ki_ang set to 0.000000
[imu_filter_madgwick_node-3] [INFO] [1771831553.633951088] [imu_filter]: Parameter RLController.pid_kd_ang set to 0.100236
[imu_filter_madgwick_node-3] [INFO] [1771831554.053557544] [imu_filter]: Parameter RLController.pid_kp_lin set to 1.207974
[imu_filter_madgwick_node-3] [INFO] [1771831554.057348703] [imu_filter]: Parameter RLController.pid_ki_lin set to 0.000000
[imu_filter_madgwick_node-3] [INFO] [1771831554.057679462] [imu_filter]: Parameter RLController.pid_kd_lin set to 0.020000
[imu_filter_madgwick_node-3] [INFO] [1771831554.057755432] [imu_filter]: Parameter RLController.pid_kp_ang set to 1.230000
[imu_filter_madgwick_node-3] [INFO] [1771831554.057813833] [imu_filter]: Parameter RLController.pid_ki_ang set to 0.000000
[imu_filter_madgwick_node-3] [INFO] [1771831554.057868171] [imu_filter]: Parameter RLController.pid_kd_ang set to 0.100236
[imu_filter_madgwick_node-3] [INFO] [1771831554.484712457] [imu_filter]: Parameter RLController.pid_kp_lin set to 1.207974
[imu_filter_madgwick_node-3] [INFO] [1771831554.484925486] [imu_filter]: Parameter RLController.pid_ki_lin set to 0.000000
[imu_filter_madgwick_node-3] [INFO] [1771831554.484992463] [imu_filter]: Parameter RLController.pid_kd_lin set to 0.020000
[imu_filter_madgwick_node-3] [INFO] [1771831554.485053744] [imu_filter]: Parameter RLController.pid_kp_ang set to 1.230000
[imu_filter_madgwick_node-3] [INFO] [1771831554.485107570] [imu_filter]: Parameter RLController.pid_ki_ang set to 0.000000
[imu_filter_madgwick_node-3] [INFO] [1771831554.485160755] [imu_filter]: Parameter RLController.pid_kd_ang set to 0.100236
[imu_filter_madgwick_node-3] [INFO] [1771831554.906549908] [imu_filter]: Parameter RLController.pid_kp_lin set to 1.207974
[imu_filter_madgwick_node-3] [INFO] [1771831554.906771577] [imu_filter]: Parameter RLController.pid_ki_lin set to 0.000000
[imu_filter_madgwick_node-3] [INFO] [1771831554.906847387] [imu_filter]: Parameter RLController.pid_kd_lin set to 0.020000
[imu_filter_madgwick_node-3] [INFO] [1771831554.906911740] [imu_filter]: Parameter RLController.pid_kp_ang set to 1.230000
[imu_filter_madgwick_node-3] [INFO] [1771831554.906966814] [imu_filter]: Parameter RLController.pid_ki_ang set to 0.000000
[imu_filter_madgwick_node-3] [INFO] [1771831554.907018783] [imu_filter]: Parameter RLController.pid_kd_ang set to 0.100236
[imu_filter_madgwick_node-3] [INFO] [1771831555.321578884] [imu_filter]: Parameter RLController.pid_kp_lin set to 1.207974
[imu_filter_madgwick_node-3] [INFO] [1771831555.321816745] [imu_filter]: Parameter RLController.pid_ki_lin set to 0.000000
[imu_filter_madgwick_node-3] [INFO] [1771831555.321884491] [imu_filter]: Parameter RLController.pid_kd_lin set to 0.020000
[imu_filter_madgwick_node-3] [INFO] [1771831555.321944524] [imu_filter]: Parameter RLController.pid_kp_ang set to 1.230000
[imu_filter_madgwick_node-3] [INFO] [1771831555.321998478] [imu_filter]: Parameter RLController.pid_ki_ang set to 0.000000
[imu_filter_madgwick_node-3] [INFO] [1771831555.322052751] [imu_filter]: Parameter RLController.pid_kd_ang set to 0.100236
[imu_filter_madgwick_node-3] [INFO] [1771831555.733064547] [imu_filter]: Parameter RLController.pid_kp_lin set to 1.207974
[imu_filter_madgwick_node-3] [INFO] [1771831555.733390250] [imu_filter]: Parameter RLController.pid_ki_lin set to 0.000000
[imu_filter_madgwick_node-3] [INFO] [1771831555.733466476] [imu_filter]: Parameter RLController.pid_kd_lin set to 0.020000
[imu_filter_madgwick_node-3] [INFO] [1771831555.733526797] [imu_filter]: Parameter RLController.pid_kp_ang set to 1.230000
[imu_filter_madgwick_node-3] [INFO] [1771831555.733579311] [imu_filter]: Parameter RLController.pid_ki_ang set to 0.000000
[imu_filter_madgwick_node-3] [INFO] [1771831555.733629584] [imu_filter]: Parameter RLController.pid_kd_ang set to 0.100236
[imu_filter_madgwick_node-3] [INFO] [1771831556.148099571] [imu_filter]: Parameter RLController.pid_kp_lin set to 1.207974
[imu_filter_madgwick_node-3] [INFO] [1771831556.148307864] [imu_filter]: Parameter RLController.pid_ki_lin set to 0.000000
[imu_filter_madgwick_node-3] [INFO] [1771831556.148376505] [imu_filter]: Parameter RLController.pid_kd_lin set to 0.020000
[imu_filter_madgwick_node-3] [INFO] [1771831556.148435002] [imu_filter]: Parameter RLController.pid_kp_ang set to 1.230000
[imu_filter_madgwick_node-3] [INFO] [1771831556.148487964] [imu_filter]: Parameter RLController.pid_ki_ang set to 0.000000
[imu_filter_madgwick_node-3] [INFO] [1771831556.148542493] [imu_filter]: Parameter RLController.pid_kd_ang set to 0.100236
[imu_filter_madgwick_node-3] [INFO] [1771831556.562665848] [imu_filter]: Parameter RLController.pid_kp_lin set to 1.207974
[imu_filter_madgwick_node-3] [INFO] [1771831556.562877597] [imu_filter]: Parameter RLController.pid_ki_lin set to 0.000000
[imu_filter_madgwick_node-3] [INFO] [1771831556.562951071] [imu_filter]: Parameter RLController.pid_kd_lin set to 0.020000
[imu_filter_madgwick_node-3] [INFO] [1771831556.563013120] [imu_filter]: Parameter RLController.pid_kp_ang set to 1.230000
[imu_filter_madgwick_node-3] [INFO] [1771831556.563069473] [imu_filter]: Parameter RLController.pid_ki_ang set to 0.000000
[imu_filter_madgwick_node-3] [INFO] [1771831556.563123331] [imu_filter]: Parameter RLController.pid_kd_ang set to 0.100236
[imu_filter_madgwick_node-3] [INFO] [1771831556.984463811] [imu_filter]: Parameter RLController.pid_kp_lin set to 1.207974
[imu_filter_madgwick_node-3] [INFO] [1771831556.989372915] [imu_filter]: Parameter RLController.pid_ki_lin set to 0.000000
[imu_filter_madgwick_node-3] [INFO] [1771831556.989573527] [imu_filter]: Parameter RLController.pid_kd_lin set to 0.020000
[imu_filter_madgwick_node-3] [INFO] [1771831556.989640857] [imu_filter]: Parameter RLController.pid_kp_ang set to 1.230000
[imu_filter_madgwick_node-3] [INFO] [1771831556.989698522] [imu_filter]: Parameter RLController.pid_ki_ang set to 0.000000
[imu_filter_madgwick_node-3] [INFO] [1771831556.989749563] [imu_filter]: Parameter RLController.pid_kd_ang set to 0.100236
[imu_filter_madgwick_node-3] [INFO] [1771831557.391686912] [imu_filter]: Parameter RLController.pid_kp_lin set to 1.207974
[imu_filter_madgwick_node-3] [INFO] [1771831557.391917925] [imu_filter]: Parameter RLController.pid_ki_lin set to 0.000000
[imu_filter_madgwick_node-3] [INFO] [1771831557.391993031] [imu_filter]: Parameter RLController.pid_kd_lin set to 0.020000
[imu_filter_madgwick_node-3] [INFO] [1771831557.392051560] [imu_filter]: Parameter RLController.pid_kp_ang set to 1.230000
[imu_filter_madgwick_node-3] [INFO] [1771831557.392103146] [imu_filter]: Parameter RLController.pid_ki_ang set to 0.000000
[imu_filter_madgwick_node-3] [INFO] [1771831557.392155723] [imu_filter]: Parameter RLController.pid_kd_ang set to 0.100236
[imu_filter_madgwick_node-3] [INFO] [1771831557.806550284] [imu_filter]: Parameter RLController.pid_kp_lin set to 1.207974
[imu_filter_madgwick_node-3] [INFO] [1771831557.806754321] [imu_filter]: Parameter RLController.pid_ki_lin set to 0.000000
[imu_filter_madgwick_node-3] [INFO] [1771831557.806820018] [imu_filter]: Parameter RLController.pid_kd_lin set to 0.020000
[imu_filter_madgwick_node-3] [INFO] [1771831557.808523161] [imu_filter]: Parameter RLController.pid_kp_ang set to 1.230000
[imu_filter_madgwick_node-3] [INFO] [1771831557.808850721] [imu_filter]: Parameter RLController.pid_ki_ang set to 0.000000
[imu_filter_madgwick_node-3] [INFO] [1771831557.808924418] [imu_filter]: Parameter RLController.pid_kd_ang set to 0.100236
[imu_filter_madgwick_node-3] [INFO] [1771831558.217102390] [imu_filter]: Parameter RLController.pid_kp_lin set to 1.207974
[imu_filter_madgwick_node-3] [INFO] [1771831558.217304506] [imu_filter]: Parameter RLController.pid_ki_lin set to 0.000000
[imu_filter_madgwick_node-3] [INFO] [1771831558.217368764] [imu_filter]: Parameter RLController.pid_kd_lin set to 0.020000
[imu_filter_madgwick_node-3] [INFO] [1771831558.217425501] [imu_filter]: Parameter RLController.pid_kp_ang set to 1.230000
[imu_filter_madgwick_node-3] [INFO] [1771831558.217477118] [imu_filter]: Parameter RLController.pid_ki_ang set to 0.000000
[imu_filter_madgwick_node-3] [INFO] [1771831558.217529503] [imu_filter]: Parameter RLController.pid_kd_ang set to 0.100236
[imu_filter_madgwick_node-3] [INFO] [1771831558.646064260] [imu_filter]: Parameter RLController.pid_kp_lin set to 1.207974
[imu_filter_madgwick_node-3] [INFO] [1771831558.646255464] [imu_filter]: Parameter RLController.pid_ki_lin set to 0.000000
[imu_filter_madgwick_node-3] [INFO] [1771831558.646318826] [imu_filter]: Parameter RLController.pid_kd_lin set to 0.020000
[imu_filter_madgwick_node-3] [INFO] [1771831558.646377131] [imu_filter]: Parameter RLController.pid_kp_ang set to 1.230000
[imu_filter_madgwick_node-3] [INFO] [1771831558.646428876] [imu_filter]: Parameter RLController.pid_ki_ang set to 0.000000
[imu_filter_madgwick_node-3] [INFO] [1771831558.646481165] [imu_filter]: Parameter RLController.pid_kd_ang set to 0.100236
[imu_filter_madgwick_node-3] [INFO] [1771831559.076261935] [imu_filter]: Parameter RLController.pid_kp_lin set to 1.207974
[imu_filter_madgwick_node-3] [INFO] [1771831559.076476979] [imu_filter]: Parameter RLController.pid_ki_lin set to 0.000000
[imu_filter_madgwick_node-3] [INFO] [1771831559.076545045] [imu_filter]: Parameter RLController.pid_kd_lin set to 0.020000
[imu_filter_madgwick_node-3] [INFO] [1771831559.076602742] [imu_filter]: Parameter RLController.pid_kp_ang set to 1.230000
[imu_filter_madgwick_node-3] [INFO] [1771831559.076654680] [imu_filter]: Parameter RLController.pid_ki_ang set to 0.000000
[imu_filter_madgwick_node-3] [INFO] [1771831559.076705817] [imu_filter]: Parameter RLController.pid_kd_ang set to 0.100236
[imu_filter_madgwick_node-3] [INFO] [1771831559.490074659] [imu_filter]: Parameter RLController.pid_kp_lin set to 1.207974
[imu_filter_madgwick_node-3] [INFO] [1771831559.490317864] [imu_filter]: Parameter RLController.pid_ki_lin set to 0.000000
[imu_filter_madgwick_node-3] [INFO] [1771831559.493760343] [imu_filter]: Parameter RLController.pid_kd_lin set to 0.020000
[imu_filter_madgwick_node-3] [INFO] [1771831559.494228258] [imu_filter]: Parameter RLController.pid_kp_ang set to 1.230000
[imu_filter_madgwick_node-3] [INFO] [1771831559.494310211] [imu_filter]: Parameter RLController.pid_ki_ang set to 0.000000
[imu_filter_madgwick_node-3] [INFO] [1771831559.494369189] [imu_filter]: Parameter RLController.pid_kd_ang set to 0.100236
[imu_filter_madgwick_node-3] [INFO] [1771831559.909080237] [imu_filter]: Parameter RLController.pid_kp_lin set to 1.207974
[imu_filter_madgwick_node-3] [INFO] [1771831559.909271602] [imu_filter]: Parameter RLController.pid_ki_lin set to 0.000000
[imu_filter_madgwick_node-3] [INFO] [1771831559.909339699] [imu_filter]: Parameter RLController.pid_kd_lin set to 0.020000
[imu_filter_madgwick_node-3] [INFO] [1771831559.909512375] [imu_filter]: Parameter RLController.pid_kp_ang set to 1.230000
[imu_filter_madgwick_node-3] [INFO] [1771831559.909570777] [imu_filter]: Parameter RLController.pid_ki_ang set to 0.000000
[imu_filter_madgwick_node-3] [INFO] [1771831559.909625850] [imu_filter]: Parameter RLController.pid_kd_ang set to 0.100236
[imu_filter_madgwick_node-3] [INFO] [1771831560.327993974] [imu_filter]: Parameter RLController.pid_kp_lin set to 1.207974
[imu_filter_madgwick_node-3] [INFO] [1771831560.328409215] [imu_filter]: Parameter RLController.pid_ki_lin set to 0.000000
[imu_filter_madgwick_node-3] [INFO] [1771831560.328679494] [imu_filter]: Parameter RLController.pid_kd_lin set to 0.020000
[imu_filter_madgwick_node-3] [INFO] [1771831560.328758791] [imu_filter]: Parameter RLController.pid_kp_ang set to 1.230000
[imu_filter_madgwick_node-3] [INFO] [1771831560.328818377] [imu_filter]: Parameter RLController.pid_ki_ang set to 0.000000
[imu_filter_madgwick_node-3] [INFO] [1771831560.328872842] [imu_filter]: Parameter RLController.pid_kd_ang set to 0.100236
[imu_filter_madgwick_node-3] [INFO] [1771831560.730721965] [imu_filter]: Parameter RLController.pid_kp_lin set to 1.207974
[imu_filter_madgwick_node-3] [INFO] [1771831560.730919025] [imu_filter]: Parameter RLController.pid_ki_lin set to 0.000000
[imu_filter_madgwick_node-3] [INFO] [1771831560.732031083] [imu_filter]: Parameter RLController.pid_kd_lin set to 0.020000
[imu_filter_madgwick_node-3] [INFO] [1771831560.732160365] [imu_filter]: Parameter RLController.pid_kp_ang set to 1.230000
[imu_filter_madgwick_node-3] [INFO] [1771831560.732218863] [imu_filter]: Parameter RLController.pid_ki_ang set to 0.000000
[imu_filter_madgwick_node-3] [INFO] [1771831560.732270832] [imu_filter]: Parameter RLController.pid_kd_ang set to 0.100236
[imu_filter_madgwick_node-3] [INFO] [1771831561.150707118] [imu_filter]: Parameter RLController.pid_kp_lin set to 1.207974
[imu_filter_madgwick_node-3] [INFO] [1771831561.150935507] [imu_filter]: Parameter RLController.pid_ki_lin set to 0.000000
[imu_filter_madgwick_node-3] [INFO] [1771831561.151008821] [imu_filter]: Parameter RLController.pid_kd_lin set to 0.020000
[imu_filter_madgwick_node-3] [INFO] [1771831561.151070198] [imu_filter]: Parameter RLController.pid_kp_ang set to 1.230000
[imu_filter_madgwick_node-3] [INFO] [1771831561.151122487] [imu_filter]: Parameter RLController.pid_ki_ang set to 0.000000
[imu_filter_madgwick_node-3] [INFO] [1771831561.151176761] [imu_filter]: Parameter RLController.pid_kd_ang set to 0.100236
[imu_filter_madgwick_node-3] [INFO] [1771831561.574726539] [imu_filter]: Parameter RLController.pid_kp_lin set to 1.207974
[imu_filter_madgwick_node-3] [INFO] [1771831561.574930896] [imu_filter]: Parameter RLController.pid_ki_lin set to 0.000000
[imu_filter_madgwick_node-3] [INFO] [1771831561.574997265] [imu_filter]: Parameter RLController.pid_kd_lin set to 0.020000
[imu_filter_madgwick_node-3] [INFO] [1771831561.575054771] [imu_filter]: Parameter RLController.pid_kp_ang set to 1.230000
[imu_filter_madgwick_node-3] [INFO] [1771831561.575105908] [imu_filter]: Parameter RLController.pid_ki_ang set to 0.000000
[imu_filter_madgwick_node-3] [INFO] [1771831561.575172981] [imu_filter]: Parameter RLController.pid_kd_ang set to 0.100236
[imu_filter_madgwick_node-3] [INFO] [1771831561.997488364] [imu_filter]: Parameter RLController.pid_kp_lin set to 1.207974
[imu_filter_madgwick_node-3] [INFO] [1771831561.997684656] [imu_filter]: Parameter RLController.pid_ki_lin set to 0.000000
[imu_filter_madgwick_node-3] [INFO] [1771831561.997751026] [imu_filter]: Parameter RLController.pid_kd_lin set to 0.020000
[imu_filter_madgwick_node-3] [INFO] [1771831561.997811219] [imu_filter]: Parameter RLController.pid_kp_ang set to 1.230000
[imu_filter_madgwick_node-3] [INFO] [1771831561.997863668] [imu_filter]: Parameter RLController.pid_ki_ang set to 0.000000
[imu_filter_madgwick_node-3] [INFO] [1771831561.997916662] [imu_filter]: Parameter RLController.pid_kd_ang set to 0.100236
[imu_filter_madgwick_node-3] [INFO] [1771831562.418348033] [imu_filter]: Parameter RLController.pid_kp_lin set to 1.207974
[imu_filter_madgwick_node-3] [INFO] [1771831562.418578310] [imu_filter]: Parameter RLController.pid_ki_lin set to 0.000000
[imu_filter_madgwick_node-3] [INFO] [1771831562.418650856] [imu_filter]: Parameter RLController.pid_kd_lin set to 0.020000
[imu_filter_madgwick_node-3] [INFO] [1771831562.418745802] [imu_filter]: Parameter RLController.pid_kp_ang set to 1.230000
[imu_filter_madgwick_node-3] [INFO] [1771831562.418828396] [imu_filter]: Parameter RLController.pid_ki_ang set to 0.000000
[imu_filter_madgwick_node-3] [INFO] [1771831562.418891373] [imu_filter]: Parameter RLController.pid_kd_ang set to 0.100236
[imu_filter_madgwick_node-3] [INFO] [1771831562.829608475] [imu_filter]: Parameter RLController.pid_kp_lin set to 1.207974
[imu_filter_madgwick_node-3] [INFO] [1771831562.829818239] [imu_filter]: Parameter RLController.pid_ki_lin set to 0.000000
[imu_filter_madgwick_node-3] [INFO] [1771831562.829881985] [imu_filter]: Parameter RLController.pid_kd_lin set to 0.020000
[imu_filter_madgwick_node-3] [INFO] [1771831562.829941026] [imu_filter]: Parameter RLController.pid_kp_ang set to 1.230000
[imu_filter_madgwick_node-3] [INFO] [1771831562.830215816] [imu_filter]: Parameter RLController.pid_ki_ang set to 0.000000
[imu_filter_madgwick_node-3] [INFO] [1771831562.830329227] [imu_filter]: Parameter RLController.pid_kd_ang set to 0.100236
[imu_filter_madgwick_node-3] [INFO] [1771831563.255414913] [imu_filter]: Parameter RLController.pid_kp_lin set to 1.207974
[imu_filter_madgwick_node-3] [INFO] [1771831563.255672935] [imu_filter]: Parameter RLController.pid_ki_lin set to 0.000000
[imu_filter_madgwick_node-3] [INFO] [1771831563.255747432] [imu_filter]: Parameter RLController.pid_kd_lin set to 0.020000
[imu_filter_madgwick_node-3] [INFO] [1771831563.255812106] [imu_filter]: Parameter RLController.pid_kp_ang set to 1.230000
[imu_filter_madgwick_node-3] [INFO] [1771831563.255866027] [imu_filter]: Parameter RLController.pid_ki_ang set to 0.000000
[imu_filter_madgwick_node-3] [INFO] [1771831563.255920236] [imu_filter]: Parameter RLController.pid_kd_ang set to 0.100236
[imu_filter_madgwick_node-3] [INFO] [1771831563.669619358] [imu_filter]: Parameter RLController.pid_kp_lin set to 1.207974
[imu_filter_madgwick_node-3] [INFO] [1771831563.675453763] [imu_filter]: Parameter RLController.pid_ki_lin set to 0.000000
[imu_filter_madgwick_node-3] [INFO] [1771831563.675685000] [imu_filter]: Parameter RLController.pid_kd_lin set to 0.020000
[imu_filter_madgwick_node-3] [INFO] [1771831563.675756074] [imu_filter]: Parameter RLController.pid_kp_ang set to 1.230000
[imu_filter_madgwick_node-3] [INFO] [1771831563.675812523] [imu_filter]: Parameter RLController.pid_ki_ang set to 0.000000
[imu_filter_madgwick_node-3] [INFO] [1771831563.675864717] [imu_filter]: Parameter RLController.pid_kd_ang set to 0.100236
[imu_filter_madgwick_node-3] [INFO] [1771831564.085228443] [imu_filter]: Parameter RLController.pid_kp_lin set to 1.207974
[imu_filter_madgwick_node-3] [INFO] [1771831564.085441920] [imu_filter]: Parameter RLController.pid_ki_lin set to 0.000000
[imu_filter_madgwick_node-3] [INFO] [1771831564.085512833] [imu_filter]: Parameter RLController.pid_kd_lin set to 0.020000
[imu_filter_madgwick_node-3] [INFO] [1771831564.086987715] [imu_filter]: Parameter RLController.pid_kp_ang set to 1.230000
[imu_filter_madgwick_node-3] [INFO] [1771831564.087148007] [imu_filter]: Parameter RLController.pid_ki_ang set to 0.000000
[imu_filter_madgwick_node-3] [INFO] [1771831564.087214216] [imu_filter]: Parameter RLController.pid_kd_ang set to 0.100236
[imu_filter_madgwick_node-3] [INFO] [1771831564.498750696] [imu_filter]: Parameter RLController.pid_kp_lin set to 1.207974
[imu_filter_madgwick_node-3] [INFO] [1771831564.498971053] [imu_filter]: Parameter RLController.pid_ki_lin set to 0.000000
[imu_filter_madgwick_node-3] [INFO] [1771831564.499041231] [imu_filter]: Parameter RLController.pid_kd_lin set to 0.020000
[imu_filter_madgwick_node-3] [INFO] [1771831564.499102640] [imu_filter]: Parameter RLController.pid_kp_ang set to 1.230000
[imu_filter_madgwick_node-3] [INFO] [1771831564.500910650] [imu_filter]: Parameter RLController.pid_ki_ang set to 0.000000
[imu_filter_madgwick_node-3] [INFO] [1771831564.501066333] [imu_filter]: Parameter RLController.pid_kd_ang set to 0.100236
[imu_filter_madgwick_node-3] [INFO] [1771831564.930330418] [imu_filter]: Parameter RLController.pid_kp_lin set to 1.207974
[imu_filter_madgwick_node-3] [INFO] [1771831564.934898299] [imu_filter]: Parameter RLController.pid_ki_lin set to 0.000000
[imu_filter_madgwick_node-3] [INFO] [1771831564.935112896] [imu_filter]: Parameter RLController.pid_kd_lin set to 0.020000
[imu_filter_madgwick_node-3] [INFO] [1771831564.935181729] [imu_filter]: Parameter RLController.pid_kp_ang set to 1.230000
[imu_filter_madgwick_node-3] [INFO] [1771831564.935236259] [imu_filter]: Parameter RLController.pid_ki_ang set to 0.000000
[imu_filter_madgwick_node-3] [INFO] [1771831564.935289156] [imu_filter]: Parameter RLController.pid_kd_ang set to 0.100236
[imu_filter_madgwick_node-3] [INFO] [1771831565.354974398] [imu_filter]: Parameter RLController.pid_kp_lin set to 1.207974
[imu_filter_madgwick_node-3] [INFO] [1771831565.355182467] [imu_filter]: Parameter RLController.pid_ki_lin set to 0.000000
[imu_filter_madgwick_node-3] [INFO] [1771831565.355254885] [imu_filter]: Parameter RLController.pid_kd_lin set to 0.020000
[imu_filter_madgwick_node-3] [INFO] [1771831565.355317222] [imu_filter]: Parameter RLController.pid_kp_ang set to 1.230000
[imu_filter_madgwick_node-3] [INFO] [1771831565.355370855] [imu_filter]: Parameter RLController.pid_ki_ang set to 0.000000
[imu_filter_madgwick_node-3] [INFO] [1771831565.355422920] [imu_filter]: Parameter RLController.pid_kd_ang set to 0.100236
[imu_filter_madgwick_node-3] [INFO] [1771831565.770827841] [imu_filter]: Parameter RLController.pid_kp_lin set to 1.207974
[imu_filter_madgwick_node-3] [INFO] [1771831565.771056966] [imu_filter]: Parameter RLController.pid_ki_lin set to 0.000000
[imu_filter_madgwick_node-3] [INFO] [1771831565.771126568] [imu_filter]: Parameter RLController.pid_kd_lin set to 0.020000
[imu_filter_madgwick_node-3] [INFO] [1771831565.771187529] [imu_filter]: Parameter RLController.pid_kp_ang set to 1.230000
[imu_filter_madgwick_node-3] [INFO] [1771831565.771243690] [imu_filter]: Parameter RLController.pid_ki_ang set to 0.000000
[imu_filter_madgwick_node-3] [INFO] [1771831565.771297100] [imu_filter]: Parameter RLController.pid_kd_ang set to 0.100236
[imu_filter_madgwick_node-3] [INFO] [1771831566.185531145] [imu_filter]: Parameter RLController.pid_kp_lin set to 1.207974
[imu_filter_madgwick_node-3] [INFO] [1771831566.185990036] [imu_filter]: Parameter RLController.pid_ki_lin set to 0.000000
[imu_filter_madgwick_node-3] [INFO] [1771831566.186093334] [imu_filter]: Parameter RLController.pid_kd_lin set to 0.020000
[imu_filter_madgwick_node-3] [INFO] [1771831566.191635893] [imu_filter]: Parameter RLController.pid_kp_ang set to 1.230000
[imu_filter_madgwick_node-3] [INFO] [1771831566.192077439] [imu_filter]: Parameter RLController.pid_ki_ang set to 0.000000
[imu_filter_madgwick_node-3] [INFO] [1771831566.192170881] [imu_filter]: Parameter RLController.pid_kd_ang set to 0.100236
[imu_filter_madgwick_node-3] [INFO] [1771831566.614989539] [imu_filter]: Parameter RLController.pid_kp_lin set to 1.207974
[imu_filter_madgwick_node-3] [INFO] [1771831566.615185991] [imu_filter]: Parameter RLController.pid_ki_lin set to 0.000000
[imu_filter_madgwick_node-3] [INFO] [1771831566.615249065] [imu_filter]: Parameter RLController.pid_kd_lin set to 0.020000
[imu_filter_madgwick_node-3] [INFO] [1771831566.615309866] [imu_filter]: Parameter RLController.pid_kp_ang set to 1.230000
[imu_filter_madgwick_node-3] [INFO] [1771831566.615360427] [imu_filter]: Parameter RLController.pid_ki_ang set to 0.000000
[imu_filter_madgwick_node-3] [INFO] [1771831566.615410701] [imu_filter]: Parameter RLController.pid_kd_ang set to 0.100236
[imu_filter_madgwick_node-3] [INFO] [1771831567.060719345] [imu_filter]: Parameter RLController.pid_kp_lin set to 1.207974
[imu_filter_madgwick_node-3] [INFO] [1771831567.060928213] [imu_filter]: Parameter RLController.pid_ki_lin set to 0.000000
[imu_filter_madgwick_node-3] [INFO] [1771831567.060993815] [imu_filter]: Parameter RLController.pid_kd_lin set to 0.020000
[imu_filter_madgwick_node-3] [INFO] [1771831567.061054392] [imu_filter]: Parameter RLController.pid_kp_ang set to 1.230000
[imu_filter_madgwick_node-3] [INFO] [1771831567.061111642] [imu_filter]: Parameter RLController.pid_ki_ang set to 0.000000
[imu_filter_madgwick_node-3] [INFO] [1771831567.061165499] [imu_filter]: Parameter RLController.pid_kd_ang set to 0.100236
[imu_filter_madgwick_node-3] [INFO] [1771831567.478822055] [imu_filter]: Parameter RLController.pid_kp_lin set to 1.207974
[imu_filter_madgwick_node-3] [INFO] [1771831567.479013323] [imu_filter]: Parameter RLController.pid_ki_lin set to 0.000000
[imu_filter_madgwick_node-3] [INFO] [1771831567.479080941] [imu_filter]: Parameter RLController.pid_kd_lin set to 0.020000
[imu_filter_madgwick_node-3] [INFO] [1771831567.479137774] [imu_filter]: Parameter RLController.pid_kp_ang set to 1.230000
[imu_filter_madgwick_node-3] [INFO] [1771831567.479191503] [imu_filter]: Parameter RLController.pid_ki_ang set to 0.000000
[imu_filter_madgwick_node-3] [INFO] [1771831567.479243376] [imu_filter]: Parameter RLController.pid_kd_ang set to 0.100236
[imu_filter_madgwick_node-3] [INFO] [1771831567.893086565] [imu_filter]: Parameter RLController.pid_kp_lin set to 1.207974
[imu_filter_madgwick_node-3] [INFO] [1771831567.894531110] [imu_filter]: Parameter RLController.pid_ki_lin set to 0.000000
[imu_filter_madgwick_node-3] [INFO] [1771831567.894673929] [imu_filter]: Parameter RLController.pid_kd_lin set to 0.020000
[imu_filter_madgwick_node-3] [INFO] [1771831567.894739819] [imu_filter]: Parameter RLController.pid_kp_ang set to 1.230000
[imu_filter_madgwick_node-3] [INFO] [1771831567.894793836] [imu_filter]: Parameter RLController.pid_ki_ang set to 0.000000
[imu_filter_madgwick_node-3] [INFO] [1771831567.894845453] [imu_filter]: Parameter RLController.pid_kd_ang set to 0.100236
[imu_filter_madgwick_node-3] [INFO] [1771831568.319636444] [imu_filter]: Parameter RLController.pid_kp_lin set to 1.207974
[imu_filter_madgwick_node-3] [INFO] [1771831568.319846241] [imu_filter]: Parameter RLController.pid_ki_lin set to 0.000000
[imu_filter_madgwick_node-3] [INFO] [1771831568.319928067] [imu_filter]: Parameter RLController.pid_kd_lin set to 0.020000
[imu_filter_madgwick_node-3] [INFO] [1771831568.319990724] [imu_filter]: Parameter RLController.pid_kp_ang set to 1.230000
[imu_filter_madgwick_node-3] [INFO] [1771831568.320044966] [imu_filter]: Parameter RLController.pid_ki_ang set to 0.000000
[imu_filter_madgwick_node-3] [INFO] [1771831568.320096327] [imu_filter]: Parameter RLController.pid_kd_ang set to 0.100236
[imu_filter_madgwick_node-3] [INFO] [1771831568.719847385] [imu_filter]: Parameter RLController.pid_kp_lin set to 1.207974
[imu_filter_madgwick_node-3] [INFO] [1771831568.720053054] [imu_filter]: Parameter RLController.pid_ki_lin set to 0.000000
[imu_filter_madgwick_node-3] [INFO] [1771831568.720125312] [imu_filter]: Parameter RLController.pid_kd_lin set to 0.020000
[imu_filter_madgwick_node-3] [INFO] [1771831568.720184897] [imu_filter]: Parameter RLController.pid_kp_ang set to 1.230000
[imu_filter_madgwick_node-3] [INFO] [1771831568.720237666] [imu_filter]: Parameter RLController.pid_ki_ang set to 0.000000
[imu_filter_madgwick_node-3] [INFO] [1771831568.720292324] [imu_filter]: Parameter RLController.pid_kd_ang set to 0.100236
[imu_filter_madgwick_node-3] [INFO] [1771831569.205594042] [imu_filter]: Parameter RLController.pid_kp_lin set to 1.207974
[imu_filter_madgwick_node-3] [INFO] [1771831569.208488860] [imu_filter]: Parameter RLController.pid_ki_lin set to 0.000000
[imu_filter_madgwick_node-3] [INFO] [1771831569.208798275] [imu_filter]: Parameter RLController.pid_kd_lin set to 0.020000
[imu_filter_madgwick_node-3] [INFO] [1771831569.208871557] [imu_filter]: Parameter RLController.pid_kp_ang set to 1.230000
[imu_filter_madgwick_node-3] [INFO] [1771831569.208927846] [imu_filter]: Parameter RLController.pid_ki_ang set to 0.000000
[imu_filter_madgwick_node-3] [INFO] [1771831569.208981735] [imu_filter]: Parameter RLController.pid_kd_ang set to 0.100236
[imu_filter_madgwick_node-3] [INFO] [1771831569.624232156] [imu_filter]: Parameter RLController.pid_kp_lin set to 1.207974
[imu_filter_madgwick_node-3] [INFO] [1771831569.624555236] [imu_filter]: Parameter RLController.pid_ki_lin set to 0.000000
[imu_filter_madgwick_node-3] [INFO] [1771831569.624630757] [imu_filter]: Parameter RLController.pid_kd_lin set to 0.020000
[imu_filter_madgwick_node-3] [INFO] [1771831569.624692199] [imu_filter]: Parameter RLController.pid_kp_ang set to 1.230000
[imu_filter_madgwick_node-3] [INFO] [1771831569.624762856] [imu_filter]: Parameter RLController.pid_ki_ang set to 0.000000
[imu_filter_madgwick_node-3] [INFO] [1771831569.624826890] [imu_filter]: Parameter RLController.pid_kd_ang set to 0.100236
[imu_filter_madgwick_node-3] [INFO] [1771831570.028714715] [imu_filter]: Parameter RLController.pid_kp_lin set to 1.207974
[imu_filter_madgwick_node-3] [INFO] [1771831570.028916512] [imu_filter]: Parameter RLController.pid_ki_lin set to 0.000000
[imu_filter_madgwick_node-3] [INFO] [1771831570.028994689] [imu_filter]: Parameter RLController.pid_kd_lin set to 0.020000
[imu_filter_madgwick_node-3] [INFO] [1771831570.029056643] [imu_filter]: Parameter RLController.pid_kp_ang set to 1.230000
[imu_filter_madgwick_node-3] [INFO] [1771831570.029112772] [imu_filter]: Parameter RLController.pid_ki_ang set to 0.000000
[imu_filter_madgwick_node-3] [INFO] [1771831570.029166597] [imu_filter]: Parameter RLController.pid_kd_ang set to 0.100236
[imu_filter_madgwick_node-3] [INFO] [1771831570.448605658] [imu_filter]: Parameter RLController.pid_kp_lin set to 1.207974
[imu_filter_madgwick_node-3] [INFO] [1771831570.448806047] [imu_filter]: Parameter RLController.pid_ki_lin set to 0.000000
[imu_filter_madgwick_node-3] [INFO] [1771831570.448876448] [imu_filter]: Parameter RLController.pid_kd_lin set to 0.020000
[imu_filter_madgwick_node-3] [INFO] [1771831570.448944290] [imu_filter]: Parameter RLController.pid_kp_ang set to 1.230000
[imu_filter_madgwick_node-3] [INFO] [1771831570.448996451] [imu_filter]: Parameter RLController.pid_ki_ang set to 0.000000
[imu_filter_madgwick_node-3] [INFO] [1771831570.449048612] [imu_filter]: Parameter RLController.pid_kd_ang set to 0.100236
[imu_filter_madgwick_node-3] [INFO] [1771831570.865017001] [imu_filter]: Parameter RLController.pid_kp_lin set to 1.207974
[imu_filter_madgwick_node-3] [INFO] [1771831570.865207374] [imu_filter]: Parameter RLController.pid_ki_lin set to 0.000000
[imu_filter_madgwick_node-3] [INFO] [1771831570.865279247] [imu_filter]: Parameter RLController.pid_kd_lin set to 0.020000
[imu_filter_madgwick_node-3] [INFO] [1771831570.865340785] [imu_filter]: Parameter RLController.pid_kp_ang set to 1.230000
[imu_filter_madgwick_node-3] [INFO] [1771831570.865394354] [imu_filter]: Parameter RLController.pid_ki_ang set to 0.000000
[imu_filter_madgwick_node-3] [INFO] [1771831570.865449011] [imu_filter]: Parameter RLController.pid_kd_ang set to 0.100236
[imu_filter_madgwick_node-3] [INFO] [1771831571.285995169] [imu_filter]: Parameter RLController.pid_kp_lin set to 1.207974
[imu_filter_madgwick_node-3] [INFO] [1771831571.286204390] [imu_filter]: Parameter RLController.pid_ki_lin set to 0.000000
[imu_filter_madgwick_node-3] [INFO] [1771831571.286282280] [imu_filter]: Parameter RLController.pid_kd_lin set to 0.020000
[imu_filter_madgwick_node-3] [INFO] [1771831571.286341417] [imu_filter]: Parameter RLController.pid_kp_ang set to 1.230000
[imu_filter_madgwick_node-3] [INFO] [1771831571.286394090] [imu_filter]: Parameter RLController.pid_ki_ang set to 0.000000
[imu_filter_madgwick_node-3] [INFO] [1771831571.286445260] [imu_filter]: Parameter RLController.pid_kd_ang set to 0.100236
[imu_filter_madgwick_node-3] [INFO] [1771831571.725027894] [imu_filter]: Parameter RLController.pid_kp_lin set to 1.207974
[imu_filter_madgwick_node-3] [INFO] [1771831571.725233306] [imu_filter]: Parameter RLController.pid_ki_lin set to 0.000000
[imu_filter_madgwick_node-3] [INFO] [1771831571.725296380] [imu_filter]: Parameter RLController.pid_kd_lin set to 0.020000
[imu_filter_madgwick_node-3] [INFO] [1771831571.725354589] [imu_filter]: Parameter RLController.pid_kp_ang set to 1.230000
[imu_filter_madgwick_node-3] [INFO] [1771831571.725410239] [imu_filter]: Parameter RLController.pid_ki_ang set to 0.000000
[imu_filter_madgwick_node-3] [INFO] [1771831571.725463072] [imu_filter]: Parameter RLController.pid_kd_ang set to 0.100236
[imu_filter_madgwick_node-3] [INFO] [1771831572.151710672] [imu_filter]: Parameter RLController.pid_kp_lin set to 1.207974
[imu_filter_madgwick_node-3] [INFO] [1771831572.152060184] [imu_filter]: Parameter RLController.pid_ki_lin set to 0.000000
[imu_filter_madgwick_node-3] [INFO] [1771831572.152142362] [imu_filter]: Parameter RLController.pid_kd_lin set to 0.020000
[imu_filter_madgwick_node-3] [INFO] [1771831572.152312158] [imu_filter]: Parameter RLController.pid_kp_ang set to 1.230000
[imu_filter_madgwick_node-3] [INFO] [1771831572.152372127] [imu_filter]: Parameter RLController.pid_ki_ang set to 0.000000
[imu_filter_madgwick_node-3] [INFO] [1771831572.152437505] [imu_filter]: Parameter RLController.pid_kd_ang set to 0.100236
[imu_filter_madgwick_node-3] [INFO] [1771831572.624677836] [imu_filter]: Parameter RLController.pid_kp_lin set to 1.207974
[imu_filter_madgwick_node-3] [INFO] [1771831572.624876849] [imu_filter]: Parameter RLController.pid_ki_lin set to 0.000000
[imu_filter_madgwick_node-3] [INFO] [1771831572.624943058] [imu_filter]: Parameter RLController.pid_kd_lin set to 0.020000
[imu_filter_madgwick_node-3] [INFO] [1771831572.625005492] [imu_filter]: Parameter RLController.pid_kp_ang set to 1.230000
[imu_filter_madgwick_node-3] [INFO] [1771831572.625060277] [imu_filter]: Parameter RLController.pid_ki_ang set to 0.000000
[imu_filter_madgwick_node-3] [INFO] [1771831572.625110838] [imu_filter]: Parameter RLController.pid_kd_ang set to 0.100236
[imu_filter_madgwick_node-3] [INFO] [1771831573.086682062] [imu_filter]: Parameter RLController.pid_kp_lin set to 1.207974
[imu_filter_madgwick_node-3] [INFO] [1771831573.086896627] [imu_filter]: Parameter RLController.pid_ki_lin set to 0.000000
[imu_filter_madgwick_node-3] [INFO] [1771831573.086973813] [imu_filter]: Parameter RLController.pid_kd_lin set to 0.020000
[imu_filter_madgwick_node-3] [INFO] [1771831573.087036342] [imu_filter]: Parameter RLController.pid_kp_ang set to 1.230000
[imu_filter_madgwick_node-3] [INFO] [1771831573.087091095] [imu_filter]: Parameter RLController.pid_ki_ang set to 0.000000
[imu_filter_madgwick_node-3] [INFO] [1771831573.087145177] [imu_filter]: Parameter RLController.pid_kd_ang set to 0.100236
[imu_filter_madgwick_node-3] [INFO] [1771831573.496101086] [imu_filter]: Parameter RLController.pid_kp_lin set to 1.207974
[imu_filter_madgwick_node-3] [INFO] [1771831573.496329507] [imu_filter]: Parameter RLController.pid_ki_lin set to 0.000000
[imu_filter_madgwick_node-3] [INFO] [1771831573.496411397] [imu_filter]: Parameter RLController.pid_kd_lin set to 0.020000
[imu_filter_madgwick_node-3] [INFO] [1771831573.496478790] [imu_filter]: Parameter RLController.pid_kp_ang set to 1.230000
[imu_filter_madgwick_node-3] [INFO] [1771831573.496538088] [imu_filter]: Parameter RLController.pid_ki_ang set to 0.000000
[imu_filter_madgwick_node-3] [INFO] [1771831573.496600489] [imu_filter]: Parameter RLController.pid_kd_ang set to 0.100236
[imu_filter_madgwick_node-3] [INFO] [1771831573.913576069] [imu_filter]: Parameter RLController.pid_kp_lin set to 1.207974
[imu_filter_madgwick_node-3] [INFO] [1771831573.913829835] [imu_filter]: Parameter RLController.pid_ki_lin set to 0.000000
[imu_filter_madgwick_node-3] [INFO] [1771831573.913948526] [imu_filter]: Parameter RLController.pid_kd_lin set to 0.020000
[imu_filter_madgwick_node-3] [INFO] [1771831573.914021232] [imu_filter]: Parameter RLController.pid_kp_ang set to 1.230000
[imu_filter_madgwick_node-3] [INFO] [1771831573.915948796] [imu_filter]: Parameter RLController.pid_ki_ang set to 0.000000
[imu_filter_madgwick_node-3] [INFO] [1771831573.916145792] [imu_filter]: Parameter RLController.pid_kd_ang set to 0.100236
[imu_filter_madgwick_node-3] [INFO] [1771831574.328131210] [imu_filter]: Parameter RLController.pid_kp_lin set to 1.207974
[imu_filter_madgwick_node-3] [INFO] [1771831574.328356208] [imu_filter]: Parameter RLController.pid_ki_lin set to 0.000000
[imu_filter_madgwick_node-3] [INFO] [1771831574.328428337] [imu_filter]: Parameter RLController.pid_kd_lin set to 0.020000
[imu_filter_madgwick_node-3] [INFO] [1771831574.328487219] [imu_filter]: Parameter RLController.pid_kp_ang set to 1.230000
[imu_filter_madgwick_node-3] [INFO] [1771831574.328539636] [imu_filter]: Parameter RLController.pid_ki_ang set to 0.000000
[imu_filter_madgwick_node-3] [INFO] [1771831574.328592309] [imu_filter]: Parameter RLController.pid_kd_ang set to 0.100236
[imu_filter_madgwick_node-3] [INFO] [1771831574.747481021] [imu_filter]: Parameter RLController.pid_kp_lin set to 1.207974
[imu_filter_madgwick_node-3] [INFO] [1771831574.748171501] [imu_filter]: Parameter RLController.pid_ki_lin set to 0.000000
[imu_filter_madgwick_node-3] [INFO] [1771831574.749214661] [imu_filter]: Parameter RLController.pid_kd_lin set to 0.020000
[imu_filter_madgwick_node-3] [INFO] [1771831574.749341032] [imu_filter]: Parameter RLController.pid_kp_ang set to 1.230000
[imu_filter_madgwick_node-3] [INFO] [1771831574.749408041] [imu_filter]: Parameter RLController.pid_ki_ang set to 0.000000
[imu_filter_madgwick_node-3] [INFO] [1771831574.749466602] [imu_filter]: Parameter RLController.pid_kd_ang set to 0.100236
[imu_filter_madgwick_node-3] [INFO] [1771831575.153508447] [imu_filter]: Parameter RLController.pid_kp_lin set to 1.207974
[imu_filter_madgwick_node-3] [INFO] [1771831575.153784709] [imu_filter]: Parameter RLController.pid_ki_lin set to 0.000000
[imu_filter_madgwick_node-3] [INFO] [1771831575.153866023] [imu_filter]: Parameter RLController.pid_kd_lin set to 0.020000
[imu_filter_madgwick_node-3] [INFO] [1771831575.153998698] [imu_filter]: Parameter RLController.pid_kp_ang set to 1.230000
[imu_filter_madgwick_node-3] [INFO] [1771831575.154059596] [imu_filter]: Parameter RLController.pid_ki_ang set to 0.000000
[imu_filter_madgwick_node-3] [INFO] [1771831575.154268689] [imu_filter]: Parameter RLController.pid_kd_ang set to 0.100236
[imu_filter_madgwick_node-3] [INFO] [1771831575.576433251] [imu_filter]: Parameter RLController.pid_kp_lin set to 1.207974
[imu_filter_madgwick_node-3] [INFO] [1771831575.576662345] [imu_filter]: Parameter RLController.pid_ki_lin set to 0.000000
[imu_filter_madgwick_node-3] [INFO] [1771831575.576730122] [imu_filter]: Parameter RLController.pid_kd_lin set to 0.020000
[imu_filter_madgwick_node-3] [INFO] [1771831575.576790988] [imu_filter]: Parameter RLController.pid_kp_ang set to 1.230000
[imu_filter_madgwick_node-3] [INFO] [1771831575.576844813] [imu_filter]: Parameter RLController.pid_ki_ang set to 0.000000
[imu_filter_madgwick_node-3] [INFO] [1771831575.576899374] [imu_filter]: Parameter RLController.pid_kd_ang set to 0.100236
[imu_filter_madgwick_node-3] [INFO] [1771831576.001950051] [imu_filter]: Parameter RLController.pid_kp_lin set to 1.207974
[imu_filter_madgwick_node-3] [INFO] [1771831576.002165800] [imu_filter]: Parameter RLController.pid_ki_lin set to 0.000000
[imu_filter_madgwick_node-3] [INFO] [1771831576.002231434] [imu_filter]: Parameter RLController.pid_kd_lin set to 0.020000
[imu_filter_madgwick_node-3] [INFO] [1771831576.002290219] [imu_filter]: Parameter RLController.pid_kp_ang set to 1.230000
[imu_filter_madgwick_node-3] [INFO] [1771831576.002342764] [imu_filter]: Parameter RLController.pid_ki_ang set to 0.000000
[imu_filter_madgwick_node-3] [INFO] [1771831576.002395501] [imu_filter]: Parameter RLController.pid_kd_ang set to 0.100236
[imu_filter_madgwick_node-3] [INFO] [1771831576.415653205] [imu_filter]: Parameter RLController.pid_kp_lin set to 1.207974
[imu_filter_madgwick_node-3] [INFO] [1771831576.415955068] [imu_filter]: Parameter RLController.pid_ki_lin set to 0.000000
[imu_filter_madgwick_node-3] [INFO] [1771831576.416032861] [imu_filter]: Parameter RLController.pid_kd_lin set to 0.020000
[imu_filter_madgwick_node-3] [INFO] [1771831576.416094879] [imu_filter]: Parameter RLController.pid_kp_ang set to 1.230000
[imu_filter_madgwick_node-3] [INFO] [1771831576.416195969] [imu_filter]: Parameter RLController.pid_ki_ang set to 0.000000
[imu_filter_madgwick_node-3] [INFO] [1771831576.416259554] [imu_filter]: Parameter RLController.pid_kd_ang set to 0.100236
[imu_filter_madgwick_node-3] [INFO] [1771831576.824607610] [imu_filter]: Parameter RLController.pid_kp_lin set to 1.207974
[imu_filter_madgwick_node-3] [INFO] [1771831576.824865567] [imu_filter]: Parameter RLController.pid_ki_lin set to 0.000000
[imu_filter_madgwick_node-3] [INFO] [1771831576.824938433] [imu_filter]: Parameter RLController.pid_kd_lin set to 0.020000
[imu_filter_madgwick_node-3] [INFO] [1771831576.824999395] [imu_filter]: Parameter RLController.pid_kp_ang set to 1.230000
[imu_filter_madgwick_node-3] [INFO] [1771831576.825053668] [imu_filter]: Parameter RLController.pid_ki_ang set to 0.000000
[imu_filter_madgwick_node-3] [INFO] [1771831576.827778082] [imu_filter]: Parameter RLController.pid_kd_ang set to 0.100236
[imu_filter_madgwick_node-3] [INFO] [1771831577.257490690] [imu_filter]: Parameter RLController.pid_kp_lin set to 1.207974
[imu_filter_madgwick_node-3] [INFO] [1771831577.257857162] [imu_filter]: Parameter RLController.pid_ki_lin set to 0.000000
[imu_filter_madgwick_node-3] [INFO] [1771831577.257938540] [imu_filter]: Parameter RLController.pid_kd_lin set to 0.020000
[imu_filter_madgwick_node-3] [INFO] [1771831577.258013902] [imu_filter]: Parameter RLController.pid_kp_ang set to 1.230000
[imu_filter_madgwick_node-3] [INFO] [1771831577.258075663] [imu_filter]: Parameter RLController.pid_ki_ang set to 0.000000
[imu_filter_madgwick_node-3] [INFO] [1771831577.258131376] [imu_filter]: Parameter RLController.pid_kd_ang set to 0.100236
[imu_filter_madgwick_node-3] [INFO] [1771831577.684124091] [imu_filter]: Parameter RLController.pid_kp_lin set to 1.207974
[imu_filter_madgwick_node-3] [INFO] [1771831577.684480355] [imu_filter]: Parameter RLController.pid_ki_lin set to 0.000000
[imu_filter_madgwick_node-3] [INFO] [1771831577.684561125] [imu_filter]: Parameter RLController.pid_kd_lin set to 0.020000
[imu_filter_madgwick_node-3] [INFO] [1771831577.684620966] [imu_filter]: Parameter RLController.pid_kp_ang set to 1.230000
[imu_filter_madgwick_node-3] [INFO] [1771831577.684675207] [imu_filter]: Parameter RLController.pid_ki_ang set to 0.000000
[imu_filter_madgwick_node-3] [INFO] [1771831577.684727177] [imu_filter]: Parameter RLController.pid_kd_ang set to 0.100236
[imu_filter_madgwick_node-3] [INFO] [1771831578.095367508] [imu_filter]: Parameter RLController.pid_kp_lin set to 1.207974
[imu_filter_madgwick_node-3] [INFO] [1771831578.095596697] [imu_filter]: Parameter RLController.pid_ki_lin set to 0.000000
[imu_filter_madgwick_node-3] [INFO] [1771831578.095666427] [imu_filter]: Parameter RLController.pid_kd_lin set to 0.020000
[imu_filter_madgwick_node-3] [INFO] [1771831578.095726716] [imu_filter]: Parameter RLController.pid_kp_ang set to 1.230000
[imu_filter_madgwick_node-3] [INFO] [1771831578.095780061] [imu_filter]: Parameter RLController.pid_ki_ang set to 0.000000
[imu_filter_madgwick_node-3] [INFO] [1771831578.095832479] [imu_filter]: Parameter RLController.pid_kd_ang set to 0.100236
[imu_filter_madgwick_node-3] [INFO] [1771831578.515577178] [imu_filter]: Parameter RLController.pid_kp_lin set to 1.207974
[imu_filter_madgwick_node-3] [INFO] [1771831578.519982623] [imu_filter]: Parameter RLController.pid_ki_lin set to 0.000000
[imu_filter_madgwick_node-3] [INFO] [1771831578.520327943] [imu_filter]: Parameter RLController.pid_kd_lin set to 0.020000
[imu_filter_madgwick_node-3] [INFO] [1771831578.520410793] [imu_filter]: Parameter RLController.pid_kp_ang set to 1.230000
[imu_filter_madgwick_node-3] [INFO] [1771831578.520468810] [imu_filter]: Parameter RLController.pid_ki_ang set to 0.000000
[imu_filter_madgwick_node-3] [INFO] [1771831578.520524587] [imu_filter]: Parameter RLController.pid_kd_ang set to 0.100236
[imu_filter_madgwick_node-3] [INFO] [1771831578.929026470] [imu_filter]: Parameter RLController.pid_kp_lin set to 1.207974
[imu_filter_madgwick_node-3] [INFO] [1771831578.929243979] [imu_filter]: Parameter RLController.pid_ki_lin set to 0.000000
[imu_filter_madgwick_node-3] [INFO] [1771831578.929313197] [imu_filter]: Parameter RLController.pid_kd_lin set to 0.020000
[imu_filter_madgwick_node-3] [INFO] [1771831578.929371342] [imu_filter]: Parameter RLController.pid_kp_ang set to 1.230000
[imu_filter_madgwick_node-3] [INFO] [1771831578.929423055] [imu_filter]: Parameter RLController.pid_ki_ang set to 0.000000
[imu_filter_madgwick_node-3] [INFO] [1771831578.929475760] [imu_filter]: Parameter RLController.pid_kd_ang set to 0.100236
[imu_filter_madgwick_node-3] [INFO] [1771831579.353093988] [imu_filter]: Parameter RLController.pid_kp_lin set to 1.207974
[imu_filter_madgwick_node-3] [INFO] [1771831579.353308617] [imu_filter]: Parameter RLController.pid_ki_lin set to 0.000000
[imu_filter_madgwick_node-3] [INFO] [1771831579.353374251] [imu_filter]: Parameter RLController.pid_kd_lin set to 0.020000
[imu_filter_madgwick_node-3] [INFO] [1771831579.353430988] [imu_filter]: Parameter RLController.pid_kp_ang set to 1.230000
[imu_filter_madgwick_node-3] [INFO] [1771831579.353482541] [imu_filter]: Parameter RLController.pid_ki_ang set to 0.000000
[imu_filter_madgwick_node-3] [INFO] [1771831579.353533647] [imu_filter]: Parameter RLController.pid_kd_ang set to 0.100236
[imu_filter_madgwick_node-3] [INFO] [1771831579.797111659] [imu_filter]: Parameter RLController.pid_kp_lin set to 1.207974
[imu_filter_madgwick_node-3] [INFO] [1771831579.797335248] [imu_filter]: Parameter RLController.pid_ki_lin set to 0.000000
[imu_filter_madgwick_node-3] [INFO] [1771831579.797408594] [imu_filter]: Parameter RLController.pid_kd_lin set to 0.020000
[imu_filter_madgwick_node-3] [INFO] [1771831579.797467763] [imu_filter]: Parameter RLController.pid_kp_ang set to 1.230000
[imu_filter_madgwick_node-3] [INFO] [1771831579.797519252] [imu_filter]: Parameter RLController.pid_ki_ang set to 0.000000
[imu_filter_madgwick_node-3] [INFO] [1771831579.797570742] [imu_filter]: Parameter RLController.pid_kd_ang set to 0.100236
[imu_filter_madgwick_node-3] [INFO] [1771831580.217115181] [imu_filter]: Parameter RLController.pid_kp_lin set to 1.207974
[imu_filter_madgwick_node-3] [INFO] [1771831580.217441652] [imu_filter]: Parameter RLController.pid_ki_lin set to 0.000000
[imu_filter_madgwick_node-3] [INFO] [1771831580.217514038] [imu_filter]: Parameter RLController.pid_kd_lin set to 0.020000
[imu_filter_madgwick_node-3] [INFO] [1771831580.217574967] [imu_filter]: Parameter RLController.pid_kp_ang set to 1.230000
[imu_filter_madgwick_node-3] [INFO] [1771831580.217628152] [imu_filter]: Parameter RLController.pid_ki_ang set to 0.000000
[imu_filter_madgwick_node-3] [INFO] [1771831580.217682074] [imu_filter]: Parameter RLController.pid_kd_ang set to 0.100236
[imu_filter_madgwick_node-3] [INFO] [1771831580.630978402] [imu_filter]: Parameter RLController.pid_kp_lin set to 1.207974
[imu_filter_madgwick_node-3] [INFO] [1771831580.631194119] [imu_filter]: Parameter RLController.pid_ki_lin set to 0.000000
[imu_filter_madgwick_node-3] [INFO] [1771831580.631267464] [imu_filter]: Parameter RLController.pid_kd_lin set to 0.020000
[imu_filter_madgwick_node-3] [INFO] [1771831580.631326314] [imu_filter]: Parameter RLController.pid_kp_ang set to 1.230000
[imu_filter_madgwick_node-3] [INFO] [1771831580.631379819] [imu_filter]: Parameter RLController.pid_ki_ang set to 0.000000
[imu_filter_madgwick_node-3] [INFO] [1771831580.631430700] [imu_filter]: Parameter RLController.pid_kd_ang set to 0.100236
[imu_filter_madgwick_node-3] [INFO] [1771831581.046356122] [imu_filter]: Parameter RLController.pid_kp_lin set to 1.207974
[imu_filter_madgwick_node-3] [INFO] [1771831581.048231524] [imu_filter]: Parameter RLController.pid_ki_lin set to 0.000000
[imu_filter_madgwick_node-3] [INFO] [1771831581.048380392] [imu_filter]: Parameter RLController.pid_kd_lin set to 0.020000
[imu_filter_madgwick_node-3] [INFO] [1771831581.048446377] [imu_filter]: Parameter RLController.pid_kp_ang set to 1.230000
[imu_filter_madgwick_node-3] [INFO] [1771831581.048500971] [imu_filter]: Parameter RLController.pid_ki_ang set to 0.000000
[imu_filter_madgwick_node-3] [INFO] [1771831581.048554156] [imu_filter]: Parameter RLController.pid_kd_ang set to 0.100236
[imu_filter_madgwick_node-3] [INFO] [1771831581.472100318] [imu_filter]: Parameter RLController.pid_kp_lin set to 1.207974
[imu_filter_madgwick_node-3] [INFO] [1771831581.474810044] [imu_filter]: Parameter RLController.pid_ki_lin set to 0.000000
[imu_filter_madgwick_node-3] [INFO] [1771831581.475307912] [imu_filter]: Parameter RLController.pid_kd_lin set to 0.020000
[imu_filter_madgwick_node-3] [INFO] [1771831581.475396746] [imu_filter]: Parameter RLController.pid_kp_ang set to 1.230000
[imu_filter_madgwick_node-3] [INFO] [1771831581.475451051] [imu_filter]: Parameter RLController.pid_ki_ang set to 0.000000
[imu_filter_madgwick_node-3] [INFO] [1771831581.475526701] [imu_filter]: Parameter RLController.pid_kd_ang set to 0.100236
[imu_filter_madgwick_node-3] [INFO] [1771831581.893034517] [imu_filter]: Parameter RLController.pid_kp_lin set to 1.207974
[imu_filter_madgwick_node-3] [INFO] [1771831581.893396702] [imu_filter]: Parameter RLController.pid_ki_lin set to 0.000000
[imu_filter_madgwick_node-3] [INFO] [1771831581.893474143] [imu_filter]: Parameter RLController.pid_kd_lin set to 0.020000
[imu_filter_madgwick_node-3] [INFO] [1771831581.893534817] [imu_filter]: Parameter RLController.pid_kp_ang set to 1.230000
[imu_filter_madgwick_node-3] [INFO] [1771831581.893590722] [imu_filter]: Parameter RLController.pid_ki_ang set to 0.000000
[imu_filter_madgwick_node-3] [INFO] [1771831581.893643395] [imu_filter]: Parameter RLController.pid_kd_ang set to 0.100236
[imu_filter_madgwick_node-3] [INFO] [1771831582.302357187] [imu_filter]: Parameter RLController.pid_kp_lin set to 1.207974
[imu_filter_madgwick_node-3] [INFO] [1771831582.302701002] [imu_filter]: Parameter RLController.pid_ki_lin set to 0.000000
[imu_filter_madgwick_node-3] [INFO] [1771831582.302778252] [imu_filter]: Parameter RLController.pid_kd_lin set to 0.020000
[imu_filter_madgwick_node-3] [INFO] [1771831582.302840878] [imu_filter]: Parameter RLController.pid_kp_ang set to 1.230000
[imu_filter_madgwick_node-3] [INFO] [1771831582.302895119] [imu_filter]: Parameter RLController.pid_ki_ang set to 0.000000
[imu_filter_madgwick_node-3] [INFO] [1771831582.302949584] [imu_filter]: Parameter RLController.pid_kd_ang set to 0.100236
[imu_filter_madgwick_node-3] [INFO] [1771831582.712283454] [imu_filter]: Parameter RLController.pid_kp_lin set to 1.207974
[imu_filter_madgwick_node-3] [INFO] [1771831582.712491651] [imu_filter]: Parameter RLController.pid_ki_lin set to 0.000000
[imu_filter_madgwick_node-3] [INFO] [1771831582.712557988] [imu_filter]: Parameter RLController.pid_kd_lin set to 0.020000
[imu_filter_madgwick_node-3] [INFO] [1771831582.712616997] [imu_filter]: Parameter RLController.pid_kp_ang set to 1.230000
[imu_filter_madgwick_node-3] [INFO] [1771831582.712670887] [imu_filter]: Parameter RLController.pid_ki_ang set to 0.000000
[imu_filter_madgwick_node-3] [INFO] [1771831582.712722568] [imu_filter]: Parameter RLController.pid_kd_ang set to 0.100236
[imu_filter_madgwick_node-3] [INFO] [1771831583.123253233] [imu_filter]: Parameter RLController.pid_kp_lin set to 1.207974
[imu_filter_madgwick_node-3] [INFO] [1771831583.123478678] [imu_filter]: Parameter RLController.pid_ki_lin set to 0.000000
[imu_filter_madgwick_node-3] [INFO] [1771831583.123568024] [imu_filter]: Parameter RLController.pid_kd_lin set to 0.020000
[imu_filter_madgwick_node-3] [INFO] [1771831583.123629561] [imu_filter]: Parameter RLController.pid_kp_ang set to 1.230000
[imu_filter_madgwick_node-3] [INFO] [1771831583.123683291] [imu_filter]: Parameter RLController.pid_ki_ang set to 0.000000
[imu_filter_madgwick_node-3] [INFO] [1771831583.123736092] [imu_filter]: Parameter RLController.pid_kd_ang set to 0.100236
[imu_filter_madgwick_node-3] [INFO] [1771831583.532247543] [imu_filter]: Parameter RLController.pid_kp_lin set to 1.207974
[imu_filter_madgwick_node-3] [INFO] [1771831583.532446587] [imu_filter]: Parameter RLController.pid_ki_lin set to 0.000000
[imu_filter_madgwick_node-3] [INFO] [1771831583.532513597] [imu_filter]: Parameter RLController.pid_kd_lin set to 0.020000
[imu_filter_madgwick_node-3] [INFO] [1771831583.538085564] [imu_filter]: Parameter RLController.pid_kp_ang set to 1.230000
[imu_filter_madgwick_node-3] [INFO] [1771831583.540630198] [imu_filter]: Parameter RLController.pid_ki_ang set to 0.000000
[imu_filter_madgwick_node-3] [INFO] [1771831583.540813915] [imu_filter]: Parameter RLController.pid_kd_ang set to 0.100236
[imu_filter_madgwick_node-3] [INFO] [1771831583.959060084] [imu_filter]: Parameter RLController.pid_kp_lin set to 1.207974
[imu_filter_madgwick_node-3] [INFO] [1771831583.959241976] [imu_filter]: Parameter RLController.pid_ki_lin set to 0.000000
[imu_filter_madgwick_node-3] [INFO] [1771831583.959306394] [imu_filter]: Parameter RLController.pid_kd_lin set to 0.020000
[imu_filter_madgwick_node-3] [INFO] [1771831583.959362491] [imu_filter]: Parameter RLController.pid_kp_ang set to 1.230000
[imu_filter_madgwick_node-3] [INFO] [1771831583.959415100] [imu_filter]: Parameter RLController.pid_ki_ang set to 0.000000
[imu_filter_madgwick_node-3] [INFO] [1771831583.959465629] [imu_filter]: Parameter RLController.pid_kd_ang set to 0.100236
[imu_filter_madgwick_node-3] [INFO] [1771831584.369110258] [imu_filter]: Parameter RLController.pid_kp_lin set to 1.207974
[imu_filter_madgwick_node-3] [INFO] [1771831584.369317687] [imu_filter]: Parameter RLController.pid_ki_lin set to 0.000000
[imu_filter_madgwick_node-3] [INFO] [1771831584.369384856] [imu_filter]: Parameter RLController.pid_kd_lin set to 0.020000
[imu_filter_madgwick_node-3] [INFO] [1771831584.369565084] [imu_filter]: Parameter RLController.pid_kp_ang set to 1.230000
[imu_filter_madgwick_node-3] [INFO] [1771831584.372707172] [imu_filter]: Parameter RLController.pid_ki_ang set to 0.000000
[imu_filter_madgwick_node-3] [INFO] [1771831584.372886632] [imu_filter]: Parameter RLController.pid_kd_ang set to 0.100236
[imu_filter_madgwick_node-3] [INFO] [1771831584.793139472] [imu_filter]: Parameter RLController.pid_kp_lin set to 1.207974
[imu_filter_madgwick_node-3] [INFO] [1771831584.795726187] [imu_filter]: Parameter RLController.pid_ki_lin set to 0.000000
[imu_filter_madgwick_node-3] [INFO] [1771831584.796034610] [imu_filter]: Parameter RLController.pid_kd_lin set to 0.020000
[imu_filter_madgwick_node-3] [INFO] [1771831584.796933478] [imu_filter]: Parameter RLController.pid_kp_ang set to 1.230000
[imu_filter_madgwick_node-3] [INFO] [1771831584.797214541] [imu_filter]: Parameter RLController.pid_ki_ang set to 0.000000
[imu_filter_madgwick_node-3] [INFO] [1771831584.797309871] [imu_filter]: Parameter RLController.pid_kd_ang set to 0.100236
[imu_filter_madgwick_node-3] [INFO] [1771831585.230370427] [imu_filter]: Parameter RLController.pid_kp_lin set to 1.207974
[imu_filter_madgwick_node-3] [INFO] [1771831585.234051919] [imu_filter]: Parameter RLController.pid_ki_lin set to 0.000000
[imu_filter_madgwick_node-3] [INFO] [1771831585.234240403] [imu_filter]: Parameter RLController.pid_kd_lin set to 0.020000
[imu_filter_madgwick_node-3] [INFO] [1771831585.234305749] [imu_filter]: Parameter RLController.pid_kp_ang set to 1.230000
[imu_filter_madgwick_node-3] [INFO] [1771831585.234361686] [imu_filter]: Parameter RLController.pid_ki_ang set to 0.000000
[imu_filter_madgwick_node-3] [INFO] [1771831585.234415799] [imu_filter]: Parameter RLController.pid_kd_ang set to 0.100236
[imu_filter_madgwick_node-3] [INFO] [1771831585.657945706] [imu_filter]: Parameter RLController.pid_kp_lin set to 1.207974
[imu_filter_madgwick_node-3] [INFO] [1771831585.662731191] [imu_filter]: Parameter RLController.pid_ki_lin set to 0.000000
[imu_filter_madgwick_node-3] [INFO] [1771831585.663171905] [imu_filter]: Parameter RLController.pid_kd_lin set to 0.020000
[imu_filter_madgwick_node-3] [INFO] [1771831585.663295652] [imu_filter]: Parameter RLController.pid_kp_ang set to 1.230000
[imu_filter_madgwick_node-3] [INFO] [1771831585.663356773] [imu_filter]: Parameter RLController.pid_ki_ang set to 0.000000
[imu_filter_madgwick_node-3] [INFO] [1771831585.663410983] [imu_filter]: Parameter RLController.pid_kd_ang set to 0.100236
[imu_filter_madgwick_node-3] [INFO] [1771831586.064336436] [imu_filter]: Parameter RLController.pid_kp_lin set to 1.207974
[imu_filter_madgwick_node-3] [INFO] [1771831586.064543801] [imu_filter]: Parameter RLController.pid_ki_lin set to 0.000000
[imu_filter_madgwick_node-3] [INFO] [1771831586.064609594] [imu_filter]: Parameter RLController.pid_kd_lin set to 0.020000
[imu_filter_madgwick_node-3] [INFO] [1771831586.064666396] [imu_filter]: Parameter RLController.pid_kp_ang set to 1.230000
[imu_filter_madgwick_node-3] [INFO] [1771831586.064718941] [imu_filter]: Parameter RLController.pid_ki_ang set to 0.000000
[imu_filter_madgwick_node-3] [INFO] [1771831586.064771742] [imu_filter]: Parameter RLController.pid_kd_ang set to 0.100236
[imu_filter_madgwick_node-3] [INFO] [1771831586.488312560] [imu_filter]: Parameter RLController.pid_kp_lin set to 1.207974
[imu_filter_madgwick_node-3] [INFO] [1771831586.488567990] [imu_filter]: Parameter RLController.pid_ki_lin set to 0.000000
[imu_filter_madgwick_node-3] [INFO] [1771831586.488640888] [imu_filter]: Parameter RLController.pid_kd_lin set to 0.020000
[imu_filter_madgwick_node-3] [INFO] [1771831586.488703417] [imu_filter]: Parameter RLController.pid_kp_ang set to 1.230000
[imu_filter_madgwick_node-3] [INFO] [1771831586.488756603] [imu_filter]: Parameter RLController.pid_ki_ang set to 0.000000
[imu_filter_madgwick_node-3] [INFO] [1771831586.488811516] [imu_filter]: Parameter RLController.pid_kd_ang set to 0.100236
[imu_filter_madgwick_node-3] [INFO] [1771831586.909890070] [imu_filter]: Parameter RLController.pid_kp_lin set to 1.207974
[imu_filter_madgwick_node-3] [INFO] [1771831586.910094395] [imu_filter]: Parameter RLController.pid_ki_lin set to 0.000000
[imu_filter_madgwick_node-3] [INFO] [1771831586.910166524] [imu_filter]: Parameter RLController.pid_kd_lin set to 0.020000
[imu_filter_madgwick_node-3] [INFO] [1771831586.910226174] [imu_filter]: Parameter RLController.pid_kp_ang set to 1.230000
[imu_filter_madgwick_node-3] [INFO] [1771831586.910277439] [imu_filter]: Parameter RLController.pid_ki_ang set to 0.000000
[imu_filter_madgwick_node-3] [INFO] [1771831586.910330944] [imu_filter]: Parameter RLController.pid_kd_ang set to 0.100236
[imu_filter_madgwick_node-3] [INFO] [1771831587.327594563] [imu_filter]: Parameter RLController.pid_kp_lin set to 1.207974
[imu_filter_madgwick_node-3] [INFO] [1771831587.327810824] [imu_filter]: Parameter RLController.pid_ki_lin set to 0.000000
[imu_filter_madgwick_node-3] [INFO] [1771831587.327887050] [imu_filter]: Parameter RLController.pid_kd_lin set to 0.020000
[imu_filter_madgwick_node-3] [INFO] [1771831587.327946379] [imu_filter]: Parameter RLController.pid_kp_ang set to 1.230000
[imu_filter_madgwick_node-3] [INFO] [1771831587.327999372] [imu_filter]: Parameter RLController.pid_ki_ang set to 0.000000
[imu_filter_madgwick_node-3] [INFO] [1771831587.328169520] [imu_filter]: Parameter RLController.pid_kd_ang set to 0.100236
[imu_filter_madgwick_node-3] [INFO] [1771831587.742964187] [imu_filter]: Parameter RLController.pid_kp_lin set to 1.207974
[imu_filter_madgwick_node-3] [INFO] [1771831587.743282722] [imu_filter]: Parameter RLController.pid_ki_lin set to 0.000000
[imu_filter_madgwick_node-3] [INFO] [1771831587.743357188] [imu_filter]: Parameter RLController.pid_kd_lin set to 0.020000
[imu_filter_madgwick_node-3] [INFO] [1771831587.743417541] [imu_filter]: Parameter RLController.pid_kp_ang set to 1.230000
[imu_filter_madgwick_node-3] [INFO] [1771831587.743473222] [imu_filter]: Parameter RLController.pid_ki_ang set to 0.000000
[imu_filter_madgwick_node-3] [INFO] [1771831587.743579081] [imu_filter]: Parameter RLController.pid_kd_ang set to 0.100236
[imu_filter_madgwick_node-3] [INFO] [1771831588.152072035] [imu_filter]: Parameter RLController.pid_kp_lin set to 1.207974
[imu_filter_madgwick_node-3] [INFO] [1771831588.152286760] [imu_filter]: Parameter RLController.pid_ki_lin set to 0.000000
[imu_filter_madgwick_node-3] [INFO] [1771831588.152357514] [imu_filter]: Parameter RLController.pid_kd_lin set to 0.020000
[imu_filter_madgwick_node-3] [INFO] [1771831588.152416971] [imu_filter]: Parameter RLController.pid_kp_ang set to 1.230000
[imu_filter_madgwick_node-3] [INFO] [1771831588.152481100] [imu_filter]: Parameter RLController.pid_ki_ang set to 0.000000
[imu_filter_madgwick_node-3] [INFO] [1771831588.152537390] [imu_filter]: Parameter RLController.pid_kd_ang set to 0.100236
[imu_filter_madgwick_node-3] [INFO] [1771831588.569456329] [imu_filter]: Parameter RLController.pid_kp_lin set to 1.207974
[imu_filter_madgwick_node-3] [INFO] [1771831588.570420767] [imu_filter]: Parameter RLController.pid_ki_lin set to 0.000000
[imu_filter_madgwick_node-3] [INFO] [1771831588.570535329] [imu_filter]: Parameter RLController.pid_kd_lin set to 0.020000
[imu_filter_madgwick_node-3] [INFO] [1771831588.570597123] [imu_filter]: Parameter RLController.pid_kp_ang set to 1.230000
[imu_filter_madgwick_node-3] [INFO] [1771831588.570651076] [imu_filter]: Parameter RLController.pid_ki_ang set to 0.000000
[imu_filter_madgwick_node-3] [INFO] [1771831588.570705125] [imu_filter]: Parameter RLController.pid_kd_ang set to 0.100236
[imu_filter_madgwick_node-3] [INFO] [1771831588.983077688] [imu_filter]: Parameter RLController.pid_kp_lin set to 1.207974
[imu_filter_madgwick_node-3] [INFO] [1771831588.983263837] [imu_filter]: Parameter RLController.pid_ki_lin set to 0.000000
[imu_filter_madgwick_node-3] [INFO] [1771831588.983345054] [imu_filter]: Parameter RLController.pid_kd_lin set to 0.020000
[imu_filter_madgwick_node-3] [INFO] [1771831588.983402592] [imu_filter]: Parameter RLController.pid_kp_ang set to 1.230000
[imu_filter_madgwick_node-3] [INFO] [1771831588.983456033] [imu_filter]: Parameter RLController.pid_ki_ang set to 0.000000
[imu_filter_madgwick_node-3] [INFO] [1771831588.983821673] [imu_filter]: Parameter RLController.pid_kd_ang set to 0.100236
[imu_filter_madgwick_node-3] [INFO] [1771831589.395018978] [imu_filter]: Parameter RLController.pid_kp_lin set to 1.207974
[imu_filter_madgwick_node-3] [INFO] [1771831589.395691249] [imu_filter]: Parameter RLController.pid_ki_lin set to 0.000000
[imu_filter_madgwick_node-3] [INFO] [1771831589.395805012] [imu_filter]: Parameter RLController.pid_kd_lin set to 0.020000
[imu_filter_madgwick_node-3] [INFO] [1771831589.395871765] [imu_filter]: Parameter RLController.pid_kp_ang set to 1.230000
[imu_filter_madgwick_node-3] [INFO] [1771831589.395927702] [imu_filter]: Parameter RLController.pid_ki_ang set to 0.000000
[imu_filter_madgwick_node-3] [INFO] [1771831589.395980920] [imu_filter]: Parameter RLController.pid_kd_ang set to 0.100236
[imu_filter_madgwick_node-3] [INFO] [1771831589.831526396] [imu_filter]: Parameter RLController.pid_kp_lin set to 1.207974
[imu_filter_madgwick_node-3] [INFO] [1771831589.831725985] [imu_filter]: Parameter RLController.pid_ki_lin set to 0.000000
[imu_filter_madgwick_node-3] [INFO] [1771831589.831797027] [imu_filter]: Parameter RLController.pid_kd_lin set to 0.020000
[imu_filter_madgwick_node-3] [INFO] [1771831589.831856388] [imu_filter]: Parameter RLController.pid_kp_ang set to 1.230000
[imu_filter_madgwick_node-3] [INFO] [1771831589.831911013] [imu_filter]: Parameter RLController.pid_ki_ang set to 0.000000
[imu_filter_madgwick_node-3] [INFO] [1771831589.831962726] [imu_filter]: Parameter RLController.pid_kd_ang set to 0.100236
[imu_filter_madgwick_node-3] [INFO] [1771831590.256060102] [imu_filter]: Parameter RLController.pid_kp_lin set to 1.207974
[imu_filter_madgwick_node-3] [INFO] [1771831590.256267530] [imu_filter]: Parameter RLController.pid_ki_lin set to 0.000000
[imu_filter_madgwick_node-3] [INFO] [1771831590.256334156] [imu_filter]: Parameter RLController.pid_kd_lin set to 0.020000
[imu_filter_madgwick_node-3] [INFO] [1771831590.256393773] [imu_filter]: Parameter RLController.pid_kp_ang set to 1.230000
[imu_filter_madgwick_node-3] [INFO] [1771831590.259910782] [imu_filter]: Parameter RLController.pid_ki_ang set to 0.000000
[imu_filter_madgwick_node-3] [INFO] [1771831590.260104098] [imu_filter]: Parameter RLController.pid_kd_ang set to 0.100236
[imu_filter_madgwick_node-3] [INFO] [1771831590.675403512] [imu_filter]: Parameter RLController.pid_kp_lin set to 1.207974
[imu_filter_madgwick_node-3] [INFO] [1771831590.675737728] [imu_filter]: Parameter RLController.pid_ki_lin set to 0.000000
[imu_filter_madgwick_node-3] [INFO] [1771831590.675811841] [imu_filter]: Parameter RLController.pid_kd_lin set to 0.020000
[imu_filter_madgwick_node-3] [INFO] [1771831590.675874787] [imu_filter]: Parameter RLController.pid_kp_ang set to 1.230000
[imu_filter_madgwick_node-3] [INFO] [1771831590.675929508] [imu_filter]: Parameter RLController.pid_ki_ang set to 0.000000
[imu_filter_madgwick_node-3] [INFO] [1771831590.675980805] [imu_filter]: Parameter RLController.pid_kd_ang set to 0.100236
[imu_filter_madgwick_node-3] [INFO] [1771831591.090679662] [imu_filter]: Parameter RLController.pid_kp_lin set to 1.207974
[imu_filter_madgwick_node-3] [INFO] [1771831591.090892658] [imu_filter]: Parameter RLController.pid_ki_lin set to 0.000000
[imu_filter_madgwick_node-3] [INFO] [1771831591.090954388] [imu_filter]: Parameter RLController.pid_kd_lin set to 0.020000
[imu_filter_madgwick_node-3] [INFO] [1771831591.091013109] [imu_filter]: Parameter RLController.pid_kp_ang set to 1.230000
[imu_filter_madgwick_node-3] [INFO] [1771831591.091065974] [imu_filter]: Parameter RLController.pid_ki_ang set to 0.000000
[imu_filter_madgwick_node-3] [INFO] [1771831591.091118776] [imu_filter]: Parameter RLController.pid_kd_ang set to 0.100236
[imu_filter_madgwick_node-3] [INFO] [1771831591.519949763] [imu_filter]: Parameter RLController.pid_kp_lin set to 1.207974
[imu_filter_madgwick_node-3] [INFO] [1771831591.520149960] [imu_filter]: Parameter RLController.pid_ki_lin set to 0.000000
[imu_filter_madgwick_node-3] [INFO] [1771831591.520216137] [imu_filter]: Parameter RLController.pid_kd_lin set to 0.020000
[imu_filter_madgwick_node-3] [INFO] [1771831591.520274314] [imu_filter]: Parameter RLController.pid_kp_ang set to 1.230000
[imu_filter_madgwick_node-3] [INFO] [1771831591.520328364] [imu_filter]: Parameter RLController.pid_ki_ang set to 0.000000
[imu_filter_madgwick_node-3] [INFO] [1771831591.520383437] [imu_filter]: Parameter RLController.pid_kd_ang set to 0.100236
[imu_filter_madgwick_node-3] [INFO] [1771831591.947943035] [imu_filter]: Parameter RLController.pid_kp_lin set to 1.207974
[imu_filter_madgwick_node-3] [INFO] [1771831591.951593231] [imu_filter]: Parameter RLController.pid_ki_lin set to 0.000000
[imu_filter_madgwick_node-3] [INFO] [1771831591.951903350] [imu_filter]: Parameter RLController.pid_kd_lin set to 0.020000
[imu_filter_madgwick_node-3] [INFO] [1771831591.952012632] [imu_filter]: Parameter RLController.pid_kp_ang set to 1.230000
[imu_filter_madgwick_node-3] [INFO] [1771831591.952074330] [imu_filter]: Parameter RLController.pid_ki_ang set to 0.000000
[imu_filter_madgwick_node-3] [INFO] [1771831591.952133115] [imu_filter]: Parameter RLController.pid_kd_ang set to 0.100236
[imu_filter_madgwick_node-3] [INFO] [1771831592.371762004] [imu_filter]: Parameter RLController.pid_kp_lin set to 1.207974
[imu_filter_madgwick_node-3] [INFO] [1771831592.371974873] [imu_filter]: Parameter RLController.pid_ki_lin set to 0.000000
[imu_filter_madgwick_node-3] [INFO] [1771831592.374876315] [imu_filter]: Parameter RLController.pid_kd_lin set to 0.020000
[imu_filter_madgwick_node-3] [INFO] [1771831592.375197090] [imu_filter]: Parameter RLController.pid_kp_ang set to 1.230000
[imu_filter_madgwick_node-3] [INFO] [1771831592.375267300] [imu_filter]: Parameter RLController.pid_ki_ang set to 0.000000
[imu_filter_madgwick_node-3] [INFO] [1771831592.375325093] [imu_filter]: Parameter RLController.pid_kd_ang set to 0.100236
[imu_filter_madgwick_node-3] [INFO] [1771831592.786228631] [imu_filter]: Parameter RLController.pid_kp_lin set to 1.207974
[imu_filter_madgwick_node-3] [INFO] [1771831592.786425051] [imu_filter]: Parameter RLController.pid_ki_lin set to 0.000000
[imu_filter_madgwick_node-3] [INFO] [1771831592.786492093] [imu_filter]: Parameter RLController.pid_kd_lin set to 0.020000
[imu_filter_madgwick_node-3] [INFO] [1771831592.786549502] [imu_filter]: Parameter RLController.pid_kp_ang set to 1.230000
[imu_filter_madgwick_node-3] [INFO] [1771831592.786601791] [imu_filter]: Parameter RLController.pid_ki_ang set to 0.000000
[imu_filter_madgwick_node-3] [INFO] [1771831592.786652577] [imu_filter]: Parameter RLController.pid_kd_ang set to 0.100236
[imu_filter_madgwick_node-3] [INFO] [1771831593.205938706] [imu_filter]: Parameter RLController.pid_kp_lin set to 1.207974
[imu_filter_madgwick_node-3] [INFO] [1771831593.206183415] [imu_filter]: Parameter RLController.pid_ki_lin set to 0.000000
[imu_filter_madgwick_node-3] [INFO] [1771831593.206282714] [imu_filter]: Parameter RLController.pid_kd_lin set to 0.020000
[imu_filter_madgwick_node-3] [INFO] [1771831593.206370684] [imu_filter]: Parameter RLController.pid_kp_ang set to 1.230000
[imu_filter_madgwick_node-3] [INFO] [1771831593.206436957] [imu_filter]: Parameter RLController.pid_ki_ang set to 0.000000
[imu_filter_madgwick_node-3] [INFO] [1771831593.206494174] [imu_filter]: Parameter RLController.pid_kd_ang set to 0.100236
[imu_filter_madgwick_node-3] [INFO] [1771831593.619129272] [imu_filter]: Parameter RLController.pid_kp_lin set to 1.207974
[imu_filter_madgwick_node-3] [INFO] [1771831593.619470015] [imu_filter]: Parameter RLController.pid_ki_lin set to 0.000000
[imu_filter_madgwick_node-3] [INFO] [1771831593.619670308] [imu_filter]: Parameter RLController.pid_kd_lin set to 0.020000
[imu_filter_madgwick_node-3] [INFO] [1771831593.619737797] [imu_filter]: Parameter RLController.pid_kp_ang set to 1.230000
[imu_filter_madgwick_node-3] [INFO] [1771831593.619793575] [imu_filter]: Parameter RLController.pid_ki_ang set to 0.000000
[imu_filter_madgwick_node-3] [INFO] [1771831593.619848360] [imu_filter]: Parameter RLController.pid_kd_ang set to 0.100236
[imu_filter_madgwick_node-3] [INFO] [1771831594.053469473] [imu_filter]: Parameter RLController.pid_kp_lin set to 1.207974
[imu_filter_madgwick_node-3] [INFO] [1771831594.053665253] [imu_filter]: Parameter RLController.pid_ki_lin set to 0.000000
[imu_filter_madgwick_node-3] [INFO] [1771831594.053733447] [imu_filter]: Parameter RLController.pid_kd_lin set to 0.020000
[imu_filter_madgwick_node-3] [INFO] [1771831594.053790952] [imu_filter]: Parameter RLController.pid_kp_ang set to 1.230000
[imu_filter_madgwick_node-3] [INFO] [1771831594.053857898] [imu_filter]: Parameter RLController.pid_ki_ang set to 0.000000
[imu_filter_madgwick_node-3] [INFO] [1771831594.053914539] [imu_filter]: Parameter RLController.pid_kd_ang set to 0.100236
[imu_filter_madgwick_node-3] [INFO] [1771831594.467339222] [imu_filter]: Parameter RLController.pid_kp_lin set to 1.207974
[imu_filter_madgwick_node-3] [INFO] [1771831594.468992348] [imu_filter]: Parameter RLController.pid_ki_lin set to 0.000000
[imu_filter_madgwick_node-3] [INFO] [1771831594.469309763] [imu_filter]: Parameter RLController.pid_kd_lin set to 0.020000
[imu_filter_madgwick_node-3] [INFO] [1771831594.469384837] [imu_filter]: Parameter RLController.pid_kp_ang set to 1.230000
[imu_filter_madgwick_node-3] [INFO] [1771831594.469442086] [imu_filter]: Parameter RLController.pid_ki_ang set to 0.000000
[imu_filter_madgwick_node-3] [INFO] [1771831594.469495336] [imu_filter]: Parameter RLController.pid_kd_ang set to 0.100236
[imu_filter_madgwick_node-3] [INFO] [1771831594.880619678] [imu_filter]: Parameter RLController.pid_kp_lin set to 1.207974
[imu_filter_madgwick_node-3] [INFO] [1771831594.882727182] [imu_filter]: Parameter RLController.pid_ki_lin set to 0.000000
[imu_filter_madgwick_node-3] [INFO] [1771831594.886321536] [imu_filter]: Parameter RLController.pid_kd_lin set to 0.020000
[imu_filter_madgwick_node-3] [INFO] [1771831594.886562054] [imu_filter]: Parameter RLController.pid_kp_ang set to 1.230000
[imu_filter_madgwick_node-3] [INFO] [1771831594.886649928] [imu_filter]: Parameter RLController.pid_ki_ang set to 0.000000
[imu_filter_madgwick_node-3] [INFO] [1771831594.886713993] [imu_filter]: Parameter RLController.pid_kd_ang set to 0.100236
[imu_filter_madgwick_node-3] [INFO] [1771831595.321855397] [imu_filter]: Parameter RLController.pid_kp_lin set to 1.207974
[imu_filter_madgwick_node-3] [INFO] [1771831595.322111883] [imu_filter]: Parameter RLController.pid_ki_lin set to 0.000000
[imu_filter_madgwick_node-3] [INFO] [1771831595.322232814] [imu_filter]: Parameter RLController.pid_kd_lin set to 0.020000
[imu_filter_madgwick_node-3] [INFO] [1771831595.322305615] [imu_filter]: Parameter RLController.pid_kp_ang set to 1.230000
[imu_filter_madgwick_node-3] [INFO] [1771831595.322363377] [imu_filter]: Parameter RLController.pid_ki_ang set to 0.000000
[imu_filter_madgwick_node-3] [INFO] [1771831595.322466163] [imu_filter]: Parameter RLController.pid_kd_ang set to 0.100236
[imu_filter_madgwick_node-3] [INFO] [1771831595.742961952] [imu_filter]: Parameter RLController.pid_kp_lin set to 1.207974
[imu_filter_madgwick_node-3] [INFO] [1771831595.743167973] [imu_filter]: Parameter RLController.pid_ki_lin set to 0.000000
[imu_filter_madgwick_node-3] [INFO] [1771831595.743234246] [imu_filter]: Parameter RLController.pid_kd_lin set to 0.020000
[imu_filter_madgwick_node-3] [INFO] [1771831595.743292999] [imu_filter]: Parameter RLController.pid_kp_ang set to 1.230000
[imu_filter_madgwick_node-3] [INFO] [1771831595.743344937] [imu_filter]: Parameter RLController.pid_ki_ang set to 0.000000
[imu_filter_madgwick_node-3] [INFO] [1771831595.743396938] [imu_filter]: Parameter RLController.pid_kd_ang set to 0.100236
[imu_filter_madgwick_node-3] [INFO] [1771831596.165681823] [imu_filter]: Parameter RLController.pid_kp_lin set to 1.207974
[imu_filter_madgwick_node-3] [INFO] [1771831596.170906423] [imu_filter]: Parameter RLController.pid_ki_lin set to 0.000000
[imu_filter_madgwick_node-3] [INFO] [1771831596.171098715] [imu_filter]: Parameter RLController.pid_kd_lin set to 0.020000
[imu_filter_madgwick_node-3] [INFO] [1771831596.171166269] [imu_filter]: Parameter RLController.pid_kp_ang set to 1.230000
[imu_filter_madgwick_node-3] [INFO] [1771831596.171222238] [imu_filter]: Parameter RLController.pid_ki_ang set to 0.000000
[imu_filter_madgwick_node-3] [INFO] [1771831596.171274591] [imu_filter]: Parameter RLController.pid_kd_ang set to 0.100236
[imu_filter_madgwick_node-3] [INFO] [1771831596.580846930] [imu_filter]: Parameter RLController.pid_kp_lin set to 1.207974
[imu_filter_madgwick_node-3] [INFO] [1771831596.581057111] [imu_filter]: Parameter RLController.pid_ki_lin set to 0.000000
[imu_filter_madgwick_node-3] [INFO] [1771831596.581123769] [imu_filter]: Parameter RLController.pid_kd_lin set to 0.020000
[imu_filter_madgwick_node-3] [INFO] [1771831596.581183834] [imu_filter]: Parameter RLController.pid_kp_ang set to 1.230000
[imu_filter_madgwick_node-3] [INFO] [1771831596.581347550] [imu_filter]: Parameter RLController.pid_ki_ang set to 0.000000
[imu_filter_madgwick_node-3] [INFO] [1771831596.581404447] [imu_filter]: Parameter RLController.pid_kd_ang set to 0.100236
[imu_filter_madgwick_node-3] [INFO] [1771831597.013132813] [imu_filter]: Parameter RLController.pid_kp_lin set to 1.207974
[imu_filter_madgwick_node-3] [INFO] [1771831597.013364082] [imu_filter]: Parameter RLController.pid_ki_lin set to 0.000000
[imu_filter_madgwick_node-3] [INFO] [1771831597.013432820] [imu_filter]: Parameter RLController.pid_kd_lin set to 0.020000
[imu_filter_madgwick_node-3] [INFO] [1771831597.013494005] [imu_filter]: Parameter RLController.pid_kp_ang set to 1.230000
[imu_filter_madgwick_node-3] [INFO] [1771831597.013548182] [imu_filter]: Parameter RLController.pid_ki_ang set to 0.000000
[imu_filter_madgwick_node-3] [INFO] [1771831597.013600535] [imu_filter]: Parameter RLController.pid_kd_ang set to 0.100236
[imu_filter_madgwick_node-3] [INFO] [1771831597.424311173] [imu_filter]: Parameter RLController.pid_kp_lin set to 1.207974
[imu_filter_madgwick_node-3] [INFO] [1771831597.424511113] [imu_filter]: Parameter RLController.pid_ki_lin set to 0.000000
[imu_filter_madgwick_node-3] [INFO] [1771831597.424575979] [imu_filter]: Parameter RLController.pid_kd_lin set to 0.020000
[imu_filter_madgwick_node-3] [INFO] [1771831597.424635148] [imu_filter]: Parameter RLController.pid_kp_ang set to 1.230000
[imu_filter_madgwick_node-3] [INFO] [1771831597.424854481] [imu_filter]: Parameter RLController.pid_ki_ang set to 0.000000
[imu_filter_madgwick_node-3] [INFO] [1771831597.424983060] [imu_filter]: Parameter RLController.pid_kd_ang set to 0.100236
[imu_filter_madgwick_node-3] [INFO] [1771831597.848709131] [imu_filter]: Parameter RLController.pid_kp_lin set to 1.207974
[imu_filter_madgwick_node-3] [INFO] [1771831597.848918479] [imu_filter]: Parameter RLController.pid_ki_lin set to 0.000000
[imu_filter_madgwick_node-3] [INFO] [1771831597.848999761] [imu_filter]: Parameter RLController.pid_kd_lin set to 0.020000
[imu_filter_madgwick_node-3] [INFO] [1771831597.851872051] [imu_filter]: Parameter RLController.pid_kp_ang set to 1.230000
[imu_filter_madgwick_node-3] [INFO] [1771831597.852159833] [imu_filter]: Parameter RLController.pid_ki_ang set to 0.000000
[imu_filter_madgwick_node-3] [INFO] [1771831597.852273948] [imu_filter]: Parameter RLController.pid_kd_ang set to 0.100236
[imu_filter_madgwick_node-3] [INFO] [1771831598.264517964] [imu_filter]: Parameter RLController.pid_kp_lin set to 1.207974
[imu_filter_madgwick_node-3] [INFO] [1771831598.264715569] [imu_filter]: Parameter RLController.pid_ki_lin set to 0.000000
[imu_filter_madgwick_node-3] [INFO] [1771831598.264783762] [imu_filter]: Parameter RLController.pid_kd_lin set to 0.020000
[imu_filter_madgwick_node-3] [INFO] [1771831598.264845268] [imu_filter]: Parameter RLController.pid_kp_ang set to 1.230000
[imu_filter_madgwick_node-3] [INFO] [1771831598.264894037] [imu_filter]: Parameter RLController.pid_ki_ang set to 0.000000
[imu_filter_madgwick_node-3] [INFO] [1771831598.268729005] [imu_filter]: Parameter RLController.pid_kd_ang set to 0.100236
[imu_filter_madgwick_node-3] [INFO] [1771831598.694270285] [imu_filter]: Parameter RLController.pid_kp_lin set to 1.207974
[imu_filter_madgwick_node-3] [INFO] [1771831598.694561523] [imu_filter]: Parameter RLController.pid_ki_lin set to 0.000000
[imu_filter_madgwick_node-3] [INFO] [1771831598.694637205] [imu_filter]: Parameter RLController.pid_kd_lin set to 0.020000
[imu_filter_madgwick_node-3] [INFO] [1771831598.694698870] [imu_filter]: Parameter RLController.pid_kp_ang set to 1.230000
[imu_filter_madgwick_node-3] [INFO] [1771831598.694753240] [imu_filter]: Parameter RLController.pid_ki_ang set to 0.000000
[imu_filter_madgwick_node-3] [INFO] [1771831598.695235587] [imu_filter]: Parameter RLController.pid_kd_ang set to 0.100236
[imu_filter_madgwick_node-3] [INFO] [1771831599.125317355] [imu_filter]: Parameter RLController.pid_kp_lin set to 1.207974
[imu_filter_madgwick_node-3] [INFO] [1771831599.125529808] [imu_filter]: Parameter RLController.pid_ki_lin set to 0.000000
[imu_filter_madgwick_node-3] [INFO] [1771831599.125595729] [imu_filter]: Parameter RLController.pid_kd_lin set to 0.020000
[imu_filter_madgwick_node-3] [INFO] [1771831599.125655026] [imu_filter]: Parameter RLController.pid_kp_ang set to 1.230000
[imu_filter_madgwick_node-3] [INFO] [1771831599.125710132] [imu_filter]: Parameter RLController.pid_ki_ang set to 0.000000
[imu_filter_madgwick_node-3] [INFO] [1771831599.125763125] [imu_filter]: Parameter RLController.pid_kd_ang set to 0.100236
[imu_filter_madgwick_node-3] [INFO] [1771831599.543744872] [imu_filter]: Parameter RLController.pid_kp_lin set to 1.207974
[imu_filter_madgwick_node-3] [INFO] [1771831599.544125841] [imu_filter]: Parameter RLController.pid_ki_lin set to 0.000000
[imu_filter_madgwick_node-3] [INFO] [1771831599.544199219] [imu_filter]: Parameter RLController.pid_kd_lin set to 0.020000
[imu_filter_madgwick_node-3] [INFO] [1771831599.544260052] [imu_filter]: Parameter RLController.pid_kp_ang set to 1.230000
[imu_filter_madgwick_node-3] [INFO] [1771831599.544316821] [imu_filter]: Parameter RLController.pid_ki_ang set to 0.000000
[imu_filter_madgwick_node-3] [INFO] [1771831599.544493913] [imu_filter]: Parameter RLController.pid_kd_ang set to 0.100236
[imu_filter_madgwick_node-3] [INFO] [1771831599.951112873] [imu_filter]: Parameter RLController.pid_kp_lin set to 1.207974
[imu_filter_madgwick_node-3] [INFO] [1771831599.951313998] [imu_filter]: Parameter RLController.pid_ki_lin set to 0.000000
[imu_filter_madgwick_node-3] [INFO] [1771831599.951378319] [imu_filter]: Parameter RLController.pid_kd_lin set to 0.020000
[imu_filter_madgwick_node-3] [INFO] [1771831599.951435504] [imu_filter]: Parameter RLController.pid_kp_ang set to 1.230000
[imu_filter_madgwick_node-3] [INFO] [1771831599.951487058] [imu_filter]: Parameter RLController.pid_ki_ang set to 0.000000
[imu_filter_madgwick_node-3] [INFO] [1771831599.951612852] [imu_filter]: Parameter RLController.pid_kd_ang set to 0.100236
[imu_filter_madgwick_node-3] [INFO] [1771831600.363734338] [imu_filter]: Parameter RLController.pid_kp_lin set to 1.207974
[imu_filter_madgwick_node-3] [INFO] [1771831600.364090026] [imu_filter]: Parameter RLController.pid_ki_lin set to 0.000000
[imu_filter_madgwick_node-3] [INFO] [1771831600.364161580] [imu_filter]: Parameter RLController.pid_kd_lin set to 0.020000
[imu_filter_madgwick_node-3] [INFO] [1771831600.364222061] [imu_filter]: Parameter RLController.pid_kp_ang set to 1.230000
[imu_filter_madgwick_node-3] [INFO] [1771831600.364275278] [imu_filter]: Parameter RLController.pid_ki_ang set to 0.000000
[imu_filter_madgwick_node-3] [INFO] [1771831600.364326895] [imu_filter]: Parameter RLController.pid_kd_ang set to 0.100236
[imu_filter_madgwick_node-3] [INFO] [1771831600.783142198] [imu_filter]: Parameter RLController.pid_kp_lin set to 1.207974
[imu_filter_madgwick_node-3] [INFO] [1771831600.783344986] [imu_filter]: Parameter RLController.pid_ki_lin set to 0.000000
[imu_filter_madgwick_node-3] [INFO] [1771831600.783554751] [imu_filter]: Parameter RLController.pid_kd_lin set to 0.020000
[imu_filter_madgwick_node-3] [INFO] [1771831600.790243416] [imu_filter]: Parameter RLController.pid_kp_ang set to 1.230000
[imu_filter_madgwick_node-3] [INFO] [1771831600.790577504] [imu_filter]: Parameter RLController.pid_ki_ang set to 0.000000
[imu_filter_madgwick_node-3] [INFO] [1771831600.790651393] [imu_filter]: Parameter RLController.pid_kd_ang set to 0.100236
[imu_filter_madgwick_node-3] [INFO] [1771831601.202192001] [imu_filter]: Parameter RLController.pid_kp_lin set to 1.207974
[imu_filter_madgwick_node-3] [INFO] [1771831601.202522473] [imu_filter]: Parameter RLController.pid_ki_lin set to 0.000000
[imu_filter_madgwick_node-3] [INFO] [1771831601.202595851] [imu_filter]: Parameter RLController.pid_kd_lin set to 0.020000
[imu_filter_madgwick_node-3] [INFO] [1771831601.202656012] [imu_filter]: Parameter RLController.pid_kp_ang set to 1.230000
[imu_filter_madgwick_node-3] [INFO] [1771831601.202710989] [imu_filter]: Parameter RLController.pid_ki_ang set to 0.000000
[imu_filter_madgwick_node-3] [INFO] [1771831601.202763119] [imu_filter]: Parameter RLController.pid_kd_ang set to 0.100236
[imu_filter_madgwick_node-3] [INFO] [1771831601.625156775] [imu_filter]: Parameter RLController.pid_kp_lin set to 1.207974
[imu_filter_madgwick_node-3] [INFO] [1771831601.625339595] [imu_filter]: Parameter RLController.pid_ki_lin set to 0.000000
[imu_filter_madgwick_node-3] [INFO] [1771831601.625408076] [imu_filter]: Parameter RLController.pid_kd_lin set to 0.020000
[imu_filter_madgwick_node-3] [INFO] [1771831601.625467182] [imu_filter]: Parameter RLController.pid_kp_ang set to 1.230000
[imu_filter_madgwick_node-3] [INFO] [1771831601.625675667] [imu_filter]: Parameter RLController.pid_ki_ang set to 0.000000
[imu_filter_madgwick_node-3] [INFO] [1771831601.625753396] [imu_filter]: Parameter RLController.pid_kd_ang set to 0.100236
[imu_filter_madgwick_node-3] [INFO] [1771831602.064253469] [imu_filter]: Parameter RLController.pid_kp_lin set to 1.207974
[imu_filter_madgwick_node-3] [INFO] [1771831602.064451553] [imu_filter]: Parameter RLController.pid_ki_lin set to 0.000000
[imu_filter_madgwick_node-3] [INFO] [1771831602.064658214] [imu_filter]: Parameter RLController.pid_kd_lin set to 0.020000
[imu_filter_madgwick_node-3] [INFO] [1771831602.064727432] [imu_filter]: Parameter RLController.pid_kp_ang set to 1.230000
[imu_filter_madgwick_node-3] [INFO] [1771831602.064782825] [imu_filter]: Parameter RLController.pid_ki_ang set to 0.000000
[imu_filter_madgwick_node-3] [INFO] [1771831602.064834378] [imu_filter]: Parameter RLController.pid_kd_ang set to 0.100236
[imu_filter_madgwick_node-3] [INFO] [1771831602.475568984] [imu_filter]: Parameter RLController.pid_kp_lin set to 1.207974
[imu_filter_madgwick_node-3] [INFO] [1771831602.477421698] [imu_filter]: Parameter RLController.pid_ki_lin set to 0.000000
[imu_filter_madgwick_node-3] [INFO] [1771831602.477584326] [imu_filter]: Parameter RLController.pid_kd_lin set to 0.020000
[imu_filter_madgwick_node-3] [INFO] [1771831602.477655911] [imu_filter]: Parameter RLController.pid_kp_ang set to 1.230000
[imu_filter_madgwick_node-3] [INFO] [1771831602.477710537] [imu_filter]: Parameter RLController.pid_ki_ang set to 0.000000
[imu_filter_madgwick_node-3] [INFO] [1771831602.477763434] [imu_filter]: Parameter RLController.pid_kd_ang set to 0.100236
[imu_filter_madgwick_node-3] [INFO] [1771831602.891255447] [imu_filter]: Parameter RLController.pid_kp_lin set to 1.207974
[imu_filter_madgwick_node-3] [INFO] [1771831602.891598974] [imu_filter]: Parameter RLController.pid_ki_lin set to 0.000000
[imu_filter_madgwick_node-3] [INFO] [1771831602.891681952] [imu_filter]: Parameter RLController.pid_kd_lin set to 0.020000
[imu_filter_madgwick_node-3] [INFO] [1771831602.891753794] [imu_filter]: Parameter RLController.pid_kp_ang set to 1.230000
[imu_filter_madgwick_node-3] [INFO] [1771831602.891814627] [imu_filter]: Parameter RLController.pid_ki_ang set to 0.000000
[imu_filter_madgwick_node-3] [INFO] [1771831602.891869413] [imu_filter]: Parameter RLController.pid_kd_ang set to 0.100236
[imu_filter_madgwick_node-3] [INFO] [1771831603.312644728] [imu_filter]: Parameter RLController.pid_kp_lin set to 1.207974
[imu_filter_madgwick_node-3] [INFO] [1771831603.312861853] [imu_filter]: Parameter RLController.pid_ki_lin set to 0.000000
[imu_filter_madgwick_node-3] [INFO] [1771831603.314792457] [imu_filter]: Parameter RLController.pid_kd_lin set to 0.020000
[imu_filter_madgwick_node-3] [INFO] [1771831603.315114032] [imu_filter]: Parameter RLController.pid_kp_ang set to 1.230000
[imu_filter_madgwick_node-3] [INFO] [1771831603.315188402] [imu_filter]: Parameter RLController.pid_ki_ang set to 0.000000
[imu_filter_madgwick_node-3] [INFO] [1771831603.315245267] [imu_filter]: Parameter RLController.pid_kd_ang set to 0.100236
[imu_filter_madgwick_node-3] [INFO] [1771831603.729220011] [imu_filter]: Parameter RLController.pid_kp_lin set to 1.207974
[imu_filter_madgwick_node-3] [INFO] [1771831603.730432519] [imu_filter]: Parameter RLController.pid_ki_lin set to 0.000000
[imu_filter_madgwick_node-3] [INFO] [1771831603.730564202] [imu_filter]: Parameter RLController.pid_kd_lin set to 0.020000
[imu_filter_madgwick_node-3] [INFO] [1771831603.730630635] [imu_filter]: Parameter RLController.pid_kp_ang set to 1.230000
[imu_filter_madgwick_node-3] [INFO] [1771831603.730684781] [imu_filter]: Parameter RLController.pid_ki_ang set to 0.000000
[imu_filter_madgwick_node-3] [INFO] [1771831603.730735726] [imu_filter]: Parameter RLController.pid_kd_ang set to 0.100236
[imu_filter_madgwick_node-3] [INFO] [1771831604.163999742] [imu_filter]: Parameter RLController.pid_kp_lin set to 1.207974
[imu_filter_madgwick_node-3] [INFO] [1771831604.166605466] [imu_filter]: Parameter RLController.pid_ki_lin set to 0.000000
[imu_filter_madgwick_node-3] [INFO] [1771831604.166788830] [imu_filter]: Parameter RLController.pid_kd_lin set to 0.020000
[imu_filter_madgwick_node-3] [INFO] [1771831604.166852992] [imu_filter]: Parameter RLController.pid_kp_ang set to 1.230000
[imu_filter_madgwick_node-3] [INFO] [1771831604.166908193] [imu_filter]: Parameter RLController.pid_ki_ang set to 0.000000
[imu_filter_madgwick_node-3] [INFO] [1771831604.166960770] [imu_filter]: Parameter RLController.pid_kd_ang set to 0.100236
[imu_filter_madgwick_node-3] [INFO] [1771831604.576870621] [imu_filter]: Parameter RLController.pid_kp_lin set to 1.207974
[imu_filter_madgwick_node-3] [INFO] [1771831604.577059169] [imu_filter]: Parameter RLController.pid_ki_lin set to 0.000000
[imu_filter_madgwick_node-3] [INFO] [1771831604.577239013] [imu_filter]: Parameter RLController.pid_kd_lin set to 0.020000
[imu_filter_madgwick_node-3] [INFO] [1771831604.577316359] [imu_filter]: Parameter RLController.pid_kp_ang set to 1.230000
[imu_filter_madgwick_node-3] [INFO] [1771831604.577373704] [imu_filter]: Parameter RLController.pid_ki_ang set to 0.000000
[imu_filter_madgwick_node-3] [INFO] [1771831604.577427274] [imu_filter]: Parameter RLController.pid_kd_ang set to 0.100236
[imu_filter_madgwick_node-3] [INFO] [1771831604.987157824] [imu_filter]: Parameter RLController.pid_kp_lin set to 1.207974
[imu_filter_madgwick_node-3] [INFO] [1771831604.987342693] [imu_filter]: Parameter RLController.pid_ki_lin set to 0.000000
[imu_filter_madgwick_node-3] [INFO] [1771831604.987418374] [imu_filter]: Parameter RLController.pid_kd_lin set to 0.020000
[imu_filter_madgwick_node-3] [INFO] [1771831604.987478888] [imu_filter]: Parameter RLController.pid_kp_ang set to 1.230000
[imu_filter_madgwick_node-3] [INFO] [1771831604.987556361] [imu_filter]: Parameter RLController.pid_ki_ang set to 0.000000
[imu_filter_madgwick_node-3] [INFO] [1771831604.987613579] [imu_filter]: Parameter RLController.pid_kd_ang set to 0.100236
[imu_filter_madgwick_node-3] [INFO] [1771831605.407313509] [imu_filter]: Parameter RLController.pid_kp_lin set to 1.207974
[imu_filter_madgwick_node-3] [INFO] [1771831605.407558827] [imu_filter]: Parameter RLController.pid_ki_lin set to 0.000000
[imu_filter_madgwick_node-3] [INFO] [1771831605.407629165] [imu_filter]: Parameter RLController.pid_kd_lin set to 0.020000
[imu_filter_madgwick_node-3] [INFO] [1771831605.407689038] [imu_filter]: Parameter RLController.pid_kp_ang set to 1.230000
[imu_filter_madgwick_node-3] [INFO] [1771831605.413380880] [imu_filter]: Parameter RLController.pid_ki_ang set to 0.000000
[imu_filter_madgwick_node-3] [INFO] [1771831605.413871419] [imu_filter]: Parameter RLController.pid_kd_ang set to 0.100236
[imu_filter_madgwick_node-3] [INFO] [1771831605.819928446] [imu_filter]: Parameter RLController.pid_kp_lin set to 1.207974
[imu_filter_madgwick_node-3] [INFO] [1771831605.820117410] [imu_filter]: Parameter RLController.pid_ki_lin set to 0.000000
[imu_filter_madgwick_node-3] [INFO] [1771831605.821441633] [imu_filter]: Parameter RLController.pid_kd_lin set to 0.020000
[imu_filter_madgwick_node-3] [INFO] [1771831605.821585412] [imu_filter]: Parameter RLController.pid_kp_ang set to 1.230000
[imu_filter_madgwick_node-3] [INFO] [1771831605.821648293] [imu_filter]: Parameter RLController.pid_ki_ang set to 0.000000
[imu_filter_madgwick_node-3] [INFO] [1771831605.821703303] [imu_filter]: Parameter RLController.pid_kd_ang set to 0.100236
[imu_filter_madgwick_node-3] [INFO] [1771831606.255182332] [imu_filter]: Parameter RLController.pid_kp_lin set to 1.207974
[imu_filter_madgwick_node-3] [INFO] [1771831606.255551077] [imu_filter]: Parameter RLController.pid_ki_lin set to 0.000000
[imu_filter_madgwick_node-3] [INFO] [1771831606.255633095] [imu_filter]: Parameter RLController.pid_kd_lin set to 0.020000
[imu_filter_madgwick_node-3] [INFO] [1771831606.255694664] [imu_filter]: Parameter RLController.pid_kp_ang set to 1.230000
[imu_filter_madgwick_node-3] [INFO] [1771831606.255747561] [imu_filter]: Parameter RLController.pid_ki_ang set to 0.000000
[imu_filter_madgwick_node-3] [INFO] [1771831606.255800682] [imu_filter]: Parameter RLController.pid_kd_ang set to 0.100236
[imu_filter_madgwick_node-3] [INFO] [1771831606.663745624] [imu_filter]: Parameter RLController.pid_kp_lin set to 1.207974
[imu_filter_madgwick_node-3] [INFO] [1771831606.667130566] [imu_filter]: Parameter RLController.pid_ki_lin set to 0.000000
[imu_filter_madgwick_node-3] [INFO] [1771831606.667340074] [imu_filter]: Parameter RLController.pid_kd_lin set to 0.020000
[imu_filter_madgwick_node-3] [INFO] [1771831606.667411468] [imu_filter]: Parameter RLController.pid_kp_ang set to 1.230000
[imu_filter_madgwick_node-3] [INFO] [1771831606.667724115] [imu_filter]: Parameter RLController.pid_ki_ang set to 0.000000
[imu_filter_madgwick_node-3] [INFO] [1771831606.667800181] [imu_filter]: Parameter RLController.pid_kd_ang set to 0.100236
[imu_filter_madgwick_node-3] [INFO] [1771831607.089512126] [imu_filter]: Parameter RLController.pid_kp_lin set to 1.207974
[imu_filter_madgwick_node-3] [INFO] [1771831607.089724930] [imu_filter]: Parameter RLController.pid_ki_lin set to 0.000000
[imu_filter_madgwick_node-3] [INFO] [1771831607.089794660] [imu_filter]: Parameter RLController.pid_kd_lin set to 0.020000
[imu_filter_madgwick_node-3] [INFO] [1771831607.089855909] [imu_filter]: Parameter RLController.pid_kp_ang set to 1.230000
[imu_filter_madgwick_node-3] [INFO] [1771831607.089908871] [imu_filter]: Parameter RLController.pid_ki_ang set to 0.000000
[imu_filter_madgwick_node-3] [INFO] [1771831607.089962184] [imu_filter]: Parameter RLController.pid_kd_ang set to 0.100236
[imu_filter_madgwick_node-3] [INFO] [1771831607.500746423] [imu_filter]: Parameter RLController.pid_kp_lin set to 1.207974
[imu_filter_madgwick_node-3] [INFO] [1771831607.500972380] [imu_filter]: Parameter RLController.pid_ki_lin set to 0.000000
[imu_filter_madgwick_node-3] [INFO] [1771831607.501051966] [imu_filter]: Parameter RLController.pid_kd_lin set to 0.020000
[imu_filter_madgwick_node-3] [INFO] [1771831607.501116863] [imu_filter]: Parameter RLController.pid_kp_ang set to 1.230000
[imu_filter_madgwick_node-3] [INFO] [1771831607.501172448] [imu_filter]: Parameter RLController.pid_ki_ang set to 0.000000
[imu_filter_madgwick_node-3] [INFO] [1771831607.501225858] [imu_filter]: Parameter RLController.pid_kd_ang set to 0.100236
[imu_filter_madgwick_node-3] [INFO] [1771831607.923648826] [imu_filter]: Parameter RLController.pid_kp_lin set to 1.207974
[imu_filter_madgwick_node-3] [INFO] [1771831607.924006595] [imu_filter]: Parameter RLController.pid_ki_lin set to 0.000000
[imu_filter_madgwick_node-3] [INFO] [1771831607.924077732] [imu_filter]: Parameter RLController.pid_kd_lin set to 0.020000
[imu_filter_madgwick_node-3] [INFO] [1771831607.924137382] [imu_filter]: Parameter RLController.pid_kp_ang set to 1.230000
[imu_filter_madgwick_node-3] [INFO] [1771831607.924194343] [imu_filter]: Parameter RLController.pid_ki_ang set to 0.000000
[imu_filter_madgwick_node-3] [INFO] [1771831607.924248968] [imu_filter]: Parameter RLController.pid_kd_ang set to 0.100236
[imu_filter_madgwick_node-3] [INFO] [1771831608.338861647] [imu_filter]: Parameter RLController.pid_kp_lin set to 1.207974
[imu_filter_madgwick_node-3] [INFO] [1771831608.339063283] [imu_filter]: Parameter RLController.pid_ki_lin set to 0.000000
[imu_filter_madgwick_node-3] [INFO] [1771831608.339129269] [imu_filter]: Parameter RLController.pid_kd_lin set to 0.020000
[imu_filter_madgwick_node-3] [INFO] [1771831608.339186262] [imu_filter]: Parameter RLController.pid_kp_ang set to 1.230000
[imu_filter_madgwick_node-3] [INFO] [1771831608.339957896] [imu_filter]: Parameter RLController.pid_ki_ang set to 0.000000
[imu_filter_madgwick_node-3] [INFO] [1771831608.340053578] [imu_filter]: Parameter RLController.pid_kd_ang set to 0.100236
[imu_filter_madgwick_node-3] [INFO] [1771831608.763624541] [imu_filter]: Parameter RLController.pid_kp_lin set to 1.207974
[imu_filter_madgwick_node-3] [INFO] [1771831608.763867586] [imu_filter]: Parameter RLController.pid_ki_lin set to 0.000000
[imu_filter_madgwick_node-3] [INFO] [1771831608.763941316] [imu_filter]: Parameter RLController.pid_kd_lin set to 0.020000
[imu_filter_madgwick_node-3] [INFO] [1771831608.764002758] [imu_filter]: Parameter RLController.pid_kp_ang set to 1.230000
[imu_filter_madgwick_node-3] [INFO] [1771831608.764218570] [imu_filter]: Parameter RLController.pid_ki_ang set to 0.000000
[imu_filter_madgwick_node-3] [INFO] [1771831608.764391406] [imu_filter]: Parameter RLController.pid_kd_ang set to 0.100236
[imu_filter_madgwick_node-3] [INFO] [1771831609.174614320] [imu_filter]: Parameter RLController.pid_kp_lin set to 1.207974
[imu_filter_madgwick_node-3] [INFO] [1771831609.176123059] [imu_filter]: Parameter RLController.pid_ki_lin set to 0.000000
[imu_filter_madgwick_node-3] [INFO] [1771831609.176268598] [imu_filter]: Parameter RLController.pid_kd_lin set to 0.020000
[imu_filter_madgwick_node-3] [INFO] [1771831609.176338936] [imu_filter]: Parameter RLController.pid_kp_ang set to 1.230000
[imu_filter_madgwick_node-3] [INFO] [1771831609.176395737] [imu_filter]: Parameter RLController.pid_ki_ang set to 0.000000
[imu_filter_madgwick_node-3] [INFO] [1771831609.176449178] [imu_filter]: Parameter RLController.pid_kd_ang set to 0.100236
[imu_filter_madgwick_node-3] [INFO] [1771831609.584854131] [imu_filter]: Parameter RLController.pid_kp_lin set to 1.207974
[imu_filter_madgwick_node-3] [INFO] [1771831609.585054423] [imu_filter]: Parameter RLController.pid_ki_lin set to 0.000000
[imu_filter_madgwick_node-3] [INFO] [1771831609.585121689] [imu_filter]: Parameter RLController.pid_kd_lin set to 0.020000
[imu_filter_madgwick_node-3] [INFO] [1771831609.585175738] [imu_filter]: Parameter RLController.pid_kp_ang set to 1.230000
[imu_filter_madgwick_node-3] [INFO] [1771831609.588343971] [imu_filter]: Parameter RLController.pid_ki_ang set to 0.000000
[imu_filter_madgwick_node-3] [INFO] [1771831609.588590600] [imu_filter]: Parameter RLController.pid_kd_ang set to 0.100236
[imu_filter_madgwick_node-3] [INFO] [1771831609.997718321] [imu_filter]: Parameter RLController.pid_kp_lin set to 1.207974
[imu_filter_madgwick_node-3] [INFO] [1771831609.998023800] [imu_filter]: Parameter RLController.pid_ki_lin set to 0.000000
[imu_filter_madgwick_node-3] [INFO] [1771831609.998097498] [imu_filter]: Parameter RLController.pid_kd_lin set to 0.020000
[imu_filter_madgwick_node-3] [INFO] [1771831609.998155547] [imu_filter]: Parameter RLController.pid_kp_ang set to 1.230000
[imu_filter_madgwick_node-3] [INFO] [1771831610.001310851] [imu_filter]: Parameter RLController.pid_ki_ang set to 0.000000
[imu_filter_madgwick_node-3] [INFO] [1771831610.001497159] [imu_filter]: Parameter RLController.pid_kd_ang set to 0.100236
[imu_filter_madgwick_node-3] [INFO] [1771831610.411667208] [imu_filter]: Parameter RLController.pid_kp_lin set to 1.207974
[imu_filter_madgwick_node-3] [INFO] [1771831610.411870669] [imu_filter]: Parameter RLController.pid_ki_lin set to 0.000000
[imu_filter_madgwick_node-3] [INFO] [1771831610.411948143] [imu_filter]: Parameter RLController.pid_kd_lin set to 0.020000
[imu_filter_madgwick_node-3] [INFO] [1771831610.412010544] [imu_filter]: Parameter RLController.pid_kp_ang set to 1.230000
[imu_filter_madgwick_node-3] [INFO] [1771831610.412064657] [imu_filter]: Parameter RLController.pid_ki_ang set to 0.000000
[imu_filter_madgwick_node-3] [INFO] [1771831610.412118195] [imu_filter]: Parameter RLController.pid_kd_ang set to 0.100236
[imu_filter_madgwick_node-3] [INFO] [1771831610.829891265] [imu_filter]: Parameter RLController.pid_kp_lin set to 1.207974
[imu_filter_madgwick_node-3] [INFO] [1771831610.830085606] [imu_filter]: Parameter RLController.pid_ki_lin set to 0.000000
[imu_filter_madgwick_node-3] [INFO] [1771831610.830169031] [imu_filter]: Parameter RLController.pid_kd_lin set to 0.020000
[imu_filter_madgwick_node-3] [INFO] [1771831610.830232841] [imu_filter]: Parameter RLController.pid_kp_ang set to 1.230000
[imu_filter_madgwick_node-3] [INFO] [1771831610.830288490] [imu_filter]: Parameter RLController.pid_ki_ang set to 0.000000
[imu_filter_madgwick_node-3] [INFO] [1771831610.830342379] [imu_filter]: Parameter RLController.pid_kd_ang set to 0.100236
[imu_filter_madgwick_node-3] [INFO] [1771831611.270711615] [imu_filter]: Parameter RLController.pid_kp_lin set to 1.207974
[imu_filter_madgwick_node-3] [INFO] [1771831611.270933124] [imu_filter]: Parameter RLController.pid_ki_lin set to 0.000000
[imu_filter_madgwick_node-3] [INFO] [1771831611.271140744] [imu_filter]: Parameter RLController.pid_kd_lin set to 0.020000
[imu_filter_madgwick_node-3] [INFO] [1771831611.271212458] [imu_filter]: Parameter RLController.pid_kp_ang set to 1.230000
[imu_filter_madgwick_node-3] [INFO] [1771831611.271267915] [imu_filter]: Parameter RLController.pid_ki_ang set to 0.000000
[imu_filter_madgwick_node-3] [INFO] [1771831611.271321388] [imu_filter]: Parameter RLController.pid_kd_ang set to 0.100236
[imu_filter_madgwick_node-3] [INFO] [1771831611.678524137] [imu_filter]: Parameter RLController.pid_kp_lin set to 1.207974
[imu_filter_madgwick_node-3] [INFO] [1771831611.678741134] [imu_filter]: Parameter RLController.pid_ki_lin set to 0.000000
[imu_filter_madgwick_node-3] [INFO] [1771831611.678814832] [imu_filter]: Parameter RLController.pid_kd_lin set to 0.020000
[imu_filter_madgwick_node-3] [INFO] [1771831611.678872145] [imu_filter]: Parameter RLController.pid_kp_ang set to 1.230000
[imu_filter_madgwick_node-3] [INFO] [1771831611.678925235] [imu_filter]: Parameter RLController.pid_ki_ang set to 0.000000
[imu_filter_madgwick_node-3] [INFO] [1771831611.679093174] [imu_filter]: Parameter RLController.pid_kd_ang set to 0.100236
[imu_filter_madgwick_node-3] [INFO] [1771831612.087877624] [imu_filter]: Parameter RLController.pid_kp_lin set to 1.207974
[imu_filter_madgwick_node-3] [INFO] [1771831612.088091708] [imu_filter]: Parameter RLController.pid_ki_lin set to 0.000000
[imu_filter_madgwick_node-3] [INFO] [1771831612.088168862] [imu_filter]: Parameter RLController.pid_kd_lin set to 0.020000
[imu_filter_madgwick_node-3] [INFO] [1771831612.088227936] [imu_filter]: Parameter RLController.pid_kp_ang set to 1.230000
[imu_filter_madgwick_node-3] [INFO] [1771831612.088284033] [imu_filter]: Parameter RLController.pid_ki_ang set to 0.000000
[imu_filter_madgwick_node-3] [INFO] [1771831612.088338338] [imu_filter]: Parameter RLController.pid_kd_ang set to 0.100236
[imu_filter_madgwick_node-3] [INFO] [1771831612.499868258] [imu_filter]: Parameter RLController.pid_kp_lin set to 1.207974
[imu_filter_madgwick_node-3] [INFO] [1771831612.500066278] [imu_filter]: Parameter RLController.pid_ki_lin set to 0.000000
[imu_filter_madgwick_node-3] [INFO] [1771831612.500130632] [imu_filter]: Parameter RLController.pid_kd_lin set to 0.020000
[imu_filter_madgwick_node-3] [INFO] [1771831612.500188105] [imu_filter]: Parameter RLController.pid_kp_ang set to 1.230000
[imu_filter_madgwick_node-3] [INFO] [1771831612.500240266] [imu_filter]: Parameter RLController.pid_ki_ang set to 0.000000
[imu_filter_madgwick_node-3] [INFO] [1771831612.500292588] [imu_filter]: Parameter RLController.pid_kd_ang set to 0.100236
[imu_filter_madgwick_node-3] [INFO] [1771831612.923352659] [imu_filter]: Parameter RLController.pid_kp_lin set to 1.207974
[imu_filter_madgwick_node-3] [INFO] [1771831612.925195549] [imu_filter]: Parameter RLController.pid_ki_lin set to 0.000000
[imu_filter_madgwick_node-3] [INFO] [1771831612.925356321] [imu_filter]: Parameter RLController.pid_kd_lin set to 0.020000
[imu_filter_madgwick_node-3] [INFO] [1771831612.925424098] [imu_filter]: Parameter RLController.pid_kp_ang set to 1.230000
[imu_filter_madgwick_node-3] [INFO] [1771831612.925480484] [imu_filter]: Parameter RLController.pid_ki_ang set to 0.000000
[imu_filter_madgwick_node-3] [INFO] [1771831612.925528293] [imu_filter]: Parameter RLController.pid_kd_ang set to 0.100236
[imu_filter_madgwick_node-3] [INFO] [1771831613.353529245] [imu_filter]: Parameter RLController.pid_kp_lin set to 1.207974
[imu_filter_madgwick_node-3] [INFO] [1771831613.353744898] [imu_filter]: Parameter RLController.pid_ki_lin set to 0.000000
[imu_filter_madgwick_node-3] [INFO] [1771831613.353813028] [imu_filter]: Parameter RLController.pid_kd_lin set to 0.020000
[imu_filter_madgwick_node-3] [INFO] [1771831613.353870533] [imu_filter]: Parameter RLController.pid_kp_ang set to 1.230000
[imu_filter_madgwick_node-3] [INFO] [1771831613.353922086] [imu_filter]: Parameter RLController.pid_ki_ang set to 0.000000
[imu_filter_madgwick_node-3] [INFO] [1771831613.353974279] [imu_filter]: Parameter RLController.pid_kd_ang set to 0.100236
[imu_filter_madgwick_node-3] [INFO] [1771831613.771986363] [imu_filter]: Parameter RLController.pid_kp_lin set to 1.207974
[imu_filter_madgwick_node-3] [INFO] [1771831613.773717475] [imu_filter]: Parameter RLController.pid_ki_lin set to 0.000000
[imu_filter_madgwick_node-3] [INFO] [1771831613.773885287] [imu_filter]: Parameter RLController.pid_kd_lin set to 0.020000
[imu_filter_madgwick_node-3] [INFO] [1771831613.773960809] [imu_filter]: Parameter RLController.pid_kp_ang set to 1.230000
[imu_filter_madgwick_node-3] [INFO] [1771831613.774020042] [imu_filter]: Parameter RLController.pid_ki_ang set to 0.000000
[imu_filter_madgwick_node-3] [INFO] [1771831613.774075723] [imu_filter]: Parameter RLController.pid_kd_ang set to 0.100236
[imu_filter_madgwick_node-3] [INFO] [1771831614.209094276] [imu_filter]: Parameter RLController.pid_kp_lin set to 1.207974
[imu_filter_madgwick_node-3] [INFO] [1771831614.209404235] [imu_filter]: Parameter RLController.pid_ki_lin set to 0.000000
[imu_filter_madgwick_node-3] [INFO] [1771831614.209478125] [imu_filter]: Parameter RLController.pid_kd_lin set to 0.020000
[imu_filter_madgwick_node-3] [INFO] [1771831614.209539342] [imu_filter]: Parameter RLController.pid_kp_ang set to 1.230000
[imu_filter_madgwick_node-3] [INFO] [1771831614.209594799] [imu_filter]: Parameter RLController.pid_ki_ang set to 0.000000
[imu_filter_madgwick_node-3] [INFO] [1771831614.209646673] [imu_filter]: Parameter RLController.pid_kd_ang set to 0.100236
[imu_filter_madgwick_node-3] [INFO] [1771831614.620734630] [imu_filter]: Parameter RLController.pid_kp_lin set to 1.207974
[imu_filter_madgwick_node-3] [INFO] [1771831614.625738041] [imu_filter]: Parameter RLController.pid_ki_lin set to 0.000000
[imu_filter_madgwick_node-3] [INFO] [1771831614.626200483] [imu_filter]: Parameter RLController.pid_kd_lin set to 0.020000
[imu_filter_madgwick_node-3] [INFO] [1771831614.626322310] [imu_filter]: Parameter RLController.pid_kp_ang set to 1.230000
[imu_filter_madgwick_node-3] [INFO] [1771831614.626394088] [imu_filter]: Parameter RLController.pid_ki_ang set to 0.000000
[imu_filter_madgwick_node-3] [INFO] [1771831614.626453001] [imu_filter]: Parameter RLController.pid_kd_ang set to 0.100236
[imu_filter_madgwick_node-3] [INFO] [1771831615.037166102] [imu_filter]: Parameter RLController.pid_kp_lin set to 1.207974
[imu_filter_madgwick_node-3] [INFO] [1771831615.037495294] [imu_filter]: Parameter RLController.pid_ki_lin set to 0.000000
[imu_filter_madgwick_node-3] [INFO] [1771831615.037565567] [imu_filter]: Parameter RLController.pid_kd_lin set to 0.020000
[imu_filter_madgwick_node-3] [INFO] [1771831615.037626273] [imu_filter]: Parameter RLController.pid_kp_ang set to 1.230000
[imu_filter_madgwick_node-3] [INFO] [1771831615.037680034] [imu_filter]: Parameter RLController.pid_ki_ang set to 0.000000
[imu_filter_madgwick_node-3] [INFO] [1771831615.037732579] [imu_filter]: Parameter RLController.pid_kd_ang set to 0.100236
[imu_filter_madgwick_node-3] [INFO] [1771831615.466053667] [imu_filter]: Parameter RLController.pid_kp_lin set to 1.207974
[imu_filter_madgwick_node-3] [INFO] [1771831615.466258664] [imu_filter]: Parameter RLController.pid_ki_lin set to 0.000000
[imu_filter_madgwick_node-3] [INFO] [1771831615.466327945] [imu_filter]: Parameter RLController.pid_kd_lin set to 0.020000
[imu_filter_madgwick_node-3] [INFO] [1771831615.466405259] [imu_filter]: Parameter RLController.pid_kp_ang set to 1.230000
[imu_filter_madgwick_node-3] [INFO] [1771831615.466465644] [imu_filter]: Parameter RLController.pid_ki_ang set to 0.000000
[imu_filter_madgwick_node-3] [INFO] [1771831615.466522158] [imu_filter]: Parameter RLController.pid_kd_ang set to 0.100236
[imu_filter_madgwick_node-3] [INFO] [1771831615.895820260] [imu_filter]: Parameter RLController.pid_kp_lin set to 1.207974
[imu_filter_madgwick_node-3] [INFO] [1771831615.896138251] [imu_filter]: Parameter RLController.pid_ki_lin set to 0.000000
[imu_filter_madgwick_node-3] [INFO] [1771831615.896260622] [imu_filter]: Parameter RLController.pid_kd_lin set to 0.020000
[imu_filter_madgwick_node-3] [INFO] [1771831615.899830399] [imu_filter]: Parameter RLController.pid_kp_ang set to 1.230000
[imu_filter_madgwick_node-3] [INFO] [1771831615.900016548] [imu_filter]: Parameter RLController.pid_ki_ang set to 0.000000
[imu_filter_madgwick_node-3] [INFO] [1771831615.900079717] [imu_filter]: Parameter RLController.pid_kd_ang set to 0.100236
[imu_filter_madgwick_node-3] [INFO] [1771831616.311724103] [imu_filter]: Parameter RLController.pid_kp_lin set to 1.207974
[imu_filter_madgwick_node-3] [INFO] [1771831616.312098896] [imu_filter]: Parameter RLController.pid_ki_lin set to 0.000000
[imu_filter_madgwick_node-3] [INFO] [1771831616.312182514] [imu_filter]: Parameter RLController.pid_kd_lin set to 0.020000
[imu_filter_madgwick_node-3] [INFO] [1771831616.312243955] [imu_filter]: Parameter RLController.pid_kp_ang set to 1.230000
[imu_filter_madgwick_node-3] [INFO] [1771831616.312298901] [imu_filter]: Parameter RLController.pid_ki_ang set to 0.000000
[imu_filter_madgwick_node-3] [INFO] [1771831616.312352694] [imu_filter]: Parameter RLController.pid_kd_ang set to 0.100236
[imu_filter_madgwick_node-3] [INFO] [1771831616.719101704] [imu_filter]: Parameter RLController.pid_kp_lin set to 1.207974
[imu_filter_madgwick_node-3] [INFO] [1771831616.719310445] [imu_filter]: Parameter RLController.pid_ki_lin set to 0.000000
[imu_filter_madgwick_node-3] [INFO] [1771831616.719381199] [imu_filter]: Parameter RLController.pid_kd_lin set to 0.020000
[imu_filter_madgwick_node-3] [INFO] [1771831616.719441008] [imu_filter]: Parameter RLController.pid_kp_ang set to 1.230000
[imu_filter_madgwick_node-3] [INFO] [1771831616.719493521] [imu_filter]: Parameter RLController.pid_ki_ang set to 0.000000
[imu_filter_madgwick_node-3] [INFO] [1771831616.719595764] [imu_filter]: Parameter RLController.pid_kd_ang set to 0.100236
[imu_filter_madgwick_node-3] [INFO] [1771831617.137494661] [imu_filter]: Parameter RLController.pid_kp_lin set to 1.207974
[imu_filter_madgwick_node-3] [INFO] [1771831617.137703050] [imu_filter]: Parameter RLController.pid_ki_lin set to 0.000000
[imu_filter_madgwick_node-3] [INFO] [1771831617.137785708] [imu_filter]: Parameter RLController.pid_kd_lin set to 0.020000
[imu_filter_madgwick_node-3] [INFO] [1771831617.137846669] [imu_filter]: Parameter RLController.pid_kp_ang set to 1.230000
[imu_filter_madgwick_node-3] [INFO] [1771831617.137902094] [imu_filter]: Parameter RLController.pid_ki_ang set to 0.000000
[imu_filter_madgwick_node-3] [INFO] [1771831617.137963216] [imu_filter]: Parameter RLController.pid_kd_ang set to 0.100236
[imu_filter_madgwick_node-3] [INFO] [1771831617.592939377] [imu_filter]: Parameter RLController.pid_kp_lin set to 1.207974
[imu_filter_madgwick_node-3] [INFO] [1771831617.593260600] [imu_filter]: Parameter RLController.pid_ki_lin set to 0.000000
[imu_filter_madgwick_node-3] [INFO] [1771831617.593334874] [imu_filter]: Parameter RLController.pid_kd_lin set to 0.020000
[imu_filter_madgwick_node-3] [INFO] [1771831617.593394907] [imu_filter]: Parameter RLController.pid_kp_ang set to 1.230000
[imu_filter_madgwick_node-3] [INFO] [1771831617.593449181] [imu_filter]: Parameter RLController.pid_ki_ang set to 0.000000
[imu_filter_madgwick_node-3] [INFO] [1771831617.593502238] [imu_filter]: Parameter RLController.pid_kd_ang set to 0.100236
[imu_filter_madgwick_node-3] [INFO] [1771831618.017669599] [imu_filter]: Parameter RLController.pid_kp_lin set to 1.207974
[imu_filter_madgwick_node-3] [INFO] [1771831618.018846777] [imu_filter]: Parameter RLController.pid_ki_lin set to 0.000000
[imu_filter_madgwick_node-3] [INFO] [1771831618.018984765] [imu_filter]: Parameter RLController.pid_kd_lin set to 0.020000
[imu_filter_madgwick_node-3] [INFO] [1771831618.019169537] [imu_filter]: Parameter RLController.pid_kp_ang set to 1.230000
[imu_filter_madgwick_node-3] [INFO] [1771831618.019228578] [imu_filter]: Parameter RLController.pid_ki_ang set to 0.000000
[imu_filter_madgwick_node-3] [INFO] [1771831618.019281283] [imu_filter]: Parameter RLController.pid_kd_ang set to 0.100236
[imu_filter_madgwick_node-3] [INFO] [1771831618.425976437] [imu_filter]: Parameter RLController.pid_kp_lin set to 1.207974
[imu_filter_madgwick_node-3] [INFO] [1771831618.426168953] [imu_filter]: Parameter RLController.pid_ki_lin set to 0.000000
[imu_filter_madgwick_node-3] [INFO] [1771831618.426234875] [imu_filter]: Parameter RLController.pid_kd_lin set to 0.020000
[imu_filter_madgwick_node-3] [INFO] [1771831618.427002540] [imu_filter]: Parameter RLController.pid_kp_ang set to 1.230000
[imu_filter_madgwick_node-3] [INFO] [1771831618.427117423] [imu_filter]: Parameter RLController.pid_ki_ang set to 0.000000
[imu_filter_madgwick_node-3] [INFO] [1771831618.427180144] [imu_filter]: Parameter RLController.pid_kd_ang set to 0.100236
[imu_filter_madgwick_node-3] [INFO] [1771831618.843755491] [imu_filter]: Parameter RLController.pid_kp_lin set to 1.207974
[imu_filter_madgwick_node-3] [INFO] [1771831618.843960520] [imu_filter]: Parameter RLController.pid_ki_lin set to 0.000000
[imu_filter_madgwick_node-3] [INFO] [1771831618.844031114] [imu_filter]: Parameter RLController.pid_kd_lin set to 0.020000
[imu_filter_madgwick_node-3] [INFO] [1771831618.844092011] [imu_filter]: Parameter RLController.pid_kp_ang set to 1.230000
[imu_filter_madgwick_node-3] [INFO] [1771831618.844146316] [imu_filter]: Parameter RLController.pid_ki_ang set to 0.000000
[imu_filter_madgwick_node-3] [INFO] [1771831618.844202350] [imu_filter]: Parameter RLController.pid_kd_ang set to 0.100236
[imu_filter_madgwick_node-3] [INFO] [1771831619.263791430] [imu_filter]: Parameter RLController.pid_kp_lin set to 1.207974
[imu_filter_madgwick_node-3] [INFO] [1771831619.264163598] [imu_filter]: Parameter RLController.pid_ki_lin set to 0.000000
[imu_filter_madgwick_node-3] [INFO] [1771831619.264291697] [imu_filter]: Parameter RLController.pid_kd_lin set to 0.020000
[imu_filter_madgwick_node-3] [INFO] [1771831619.264361683] [imu_filter]: Parameter RLController.pid_kp_ang set to 1.230000
[imu_filter_madgwick_node-3] [INFO] [1771831619.264418708] [imu_filter]: Parameter RLController.pid_ki_ang set to 0.000000
[imu_filter_madgwick_node-3] [INFO] [1771831619.264471829] [imu_filter]: Parameter RLController.pid_kd_ang set to 0.100236
[imu_filter_madgwick_node-3] [INFO] [1771831619.673146484] [imu_filter]: Parameter RLController.pid_kp_lin set to 1.207974
[imu_filter_madgwick_node-3] [INFO] [1771831619.673476379] [imu_filter]: Parameter RLController.pid_ki_lin set to 0.000000
[imu_filter_madgwick_node-3] [INFO] [1771831619.673546909] [imu_filter]: Parameter RLController.pid_kd_lin set to 0.020000
[imu_filter_madgwick_node-3] [INFO] [1771831619.673605662] [imu_filter]: Parameter RLController.pid_kp_ang set to 1.230000
[imu_filter_madgwick_node-3] [INFO] [1771831619.673660480] [imu_filter]: Parameter RLController.pid_ki_ang set to 0.000000
[imu_filter_madgwick_node-3] [INFO] [1771831619.673713793] [imu_filter]: Parameter RLController.pid_kd_ang set to 0.100236
[imu_filter_madgwick_node-3] [INFO] [1771831620.119651443] [imu_filter]: Parameter RLController.pid_kp_lin set to 1.207974
[imu_filter_madgwick_node-3] [INFO] [1771831620.122499604] [imu_filter]: Parameter RLController.pid_ki_lin set to 0.000000
[imu_filter_madgwick_node-3] [INFO] [1771831620.123914709] [imu_filter]: Parameter RLController.pid_kd_lin set to 0.020000
[imu_filter_madgwick_node-3] [INFO] [1771831620.125806304] [imu_filter]: Parameter RLController.pid_kp_ang set to 1.230000
[imu_filter_madgwick_node-3] [INFO] [1771831620.125946787] [imu_filter]: Parameter RLController.pid_ki_ang set to 0.000000
[imu_filter_madgwick_node-3] [INFO] [1771831620.126010085] [imu_filter]: Parameter RLController.pid_kd_ang set to 0.100236
[imu_filter_madgwick_node-3] [INFO] [1771831620.537875660] [imu_filter]: Parameter RLController.pid_kp_lin set to 1.207974
[imu_filter_madgwick_node-3] [INFO] [1771831620.538106929] [imu_filter]: Parameter RLController.pid_ki_lin set to 0.000000
[imu_filter_madgwick_node-3] [INFO] [1771831620.538177395] [imu_filter]: Parameter RLController.pid_kd_lin set to 0.020000
[imu_filter_madgwick_node-3] [INFO] [1771831620.538236788] [imu_filter]: Parameter RLController.pid_kp_ang set to 1.230000
[imu_filter_madgwick_node-3] [INFO] [1771831620.538290902] [imu_filter]: Parameter RLController.pid_ki_ang set to 0.000000
[imu_filter_madgwick_node-3] [INFO] [1771831620.538345015] [imu_filter]: Parameter RLController.pid_kd_ang set to 0.100236
[imu_filter_madgwick_node-3] [INFO] [1771831620.961030774] [imu_filter]: Parameter RLController.pid_kp_lin set to 1.207974
[imu_filter_madgwick_node-3] [INFO] [1771831620.961253979] [imu_filter]: Parameter RLController.pid_ki_lin set to 0.000000
[imu_filter_madgwick_node-3] [INFO] [1771831620.961320572] [imu_filter]: Parameter RLController.pid_kd_lin set to 0.020000
[imu_filter_madgwick_node-3] [INFO] [1771831620.961379838] [imu_filter]: Parameter RLController.pid_kp_ang set to 1.230000
[imu_filter_madgwick_node-3] [INFO] [1771831620.961701925] [imu_filter]: Parameter RLController.pid_ki_ang set to 0.000000
[imu_filter_madgwick_node-3] [INFO] [1771831620.961769575] [imu_filter]: Parameter RLController.pid_kd_ang set to 0.100236
[imu_filter_madgwick_node-3] [INFO] [1771831621.375923490] [imu_filter]: Parameter RLController.pid_kp_lin set to 1.207974
[imu_filter_madgwick_node-3] [INFO] [1771831621.376152008] [imu_filter]: Parameter RLController.pid_ki_lin set to 0.000000
[imu_filter_madgwick_node-3] [INFO] [1771831621.376374637] [imu_filter]: Parameter RLController.pid_kd_lin set to 0.020000
[imu_filter_madgwick_node-3] [INFO] [1771831621.376445518] [imu_filter]: Parameter RLController.pid_kp_ang set to 1.230000
[imu_filter_madgwick_node-3] [INFO] [1771831621.376504272] [imu_filter]: Parameter RLController.pid_ki_ang set to 0.000000
[imu_filter_madgwick_node-3] [INFO] [1771831621.376560209] [imu_filter]: Parameter RLController.pid_kd_ang set to 0.100236
[imu_filter_madgwick_node-3] [INFO] [1771831621.786877205] [imu_filter]: Parameter RLController.pid_kp_lin set to 1.207974
[imu_filter_madgwick_node-3] [INFO] [1771831621.787064409] [imu_filter]: Parameter RLController.pid_ki_lin set to 0.000000
[imu_filter_madgwick_node-3] [INFO] [1771831621.787129499] [imu_filter]: Parameter RLController.pid_kd_lin set to 0.020000
[imu_filter_madgwick_node-3] [INFO] [1771831621.787185916] [imu_filter]: Parameter RLController.pid_kp_ang set to 1.230000
[imu_filter_madgwick_node-3] [INFO] [1771831621.787238589] [imu_filter]: Parameter RLController.pid_ki_ang set to 0.000000
[imu_filter_madgwick_node-3] [INFO] [1771831621.787293407] [imu_filter]: Parameter RLController.pid_kd_ang set to 0.100236
[imu_filter_madgwick_node-3] [INFO] [1771831622.220233704] [imu_filter]: Parameter RLController.pid_kp_lin set to 1.207974
[imu_filter_madgwick_node-3] [INFO] [1771831622.220461901] [imu_filter]: Parameter RLController.pid_ki_lin set to 0.000000
[imu_filter_madgwick_node-3] [INFO] [1771831622.220528463] [imu_filter]: Parameter RLController.pid_kd_lin set to 0.020000
[imu_filter_madgwick_node-3] [INFO] [1771831622.220587024] [imu_filter]: Parameter RLController.pid_kp_ang set to 1.230000
[imu_filter_madgwick_node-3] [INFO] [1771831622.220640049] [imu_filter]: Parameter RLController.pid_ki_ang set to 0.000000
[imu_filter_madgwick_node-3] [INFO] [1771831622.220693138] [imu_filter]: Parameter RLController.pid_kd_ang set to 0.100236
[imu_filter_madgwick_node-3] [INFO] [1771831622.632650556] [imu_filter]: Parameter RLController.pid_kp_lin set to 1.207974
[imu_filter_madgwick_node-3] [INFO] [1771831622.632840992] [imu_filter]: Parameter RLController.pid_ki_lin set to 0.000000
[imu_filter_madgwick_node-3] [INFO] [1771831622.632908002] [imu_filter]: Parameter RLController.pid_kd_lin set to 0.020000
[imu_filter_madgwick_node-3] [INFO] [1771831622.632967779] [imu_filter]: Parameter RLController.pid_kp_ang set to 1.230000
[imu_filter_madgwick_node-3] [INFO] [1771831622.633021285] [imu_filter]: Parameter RLController.pid_ki_ang set to 0.000000
[imu_filter_madgwick_node-3] [INFO] [1771831622.633072902] [imu_filter]: Parameter RLController.pid_kd_ang set to 0.100236
[imu_filter_madgwick_node-3] [INFO] [1771831623.059458489] [imu_filter]: Parameter RLController.pid_kp_lin set to 1.207974
[imu_filter_madgwick_node-3] [INFO] [1771831623.059689182] [imu_filter]: Parameter RLController.pid_ki_lin set to 0.000000
[imu_filter_madgwick_node-3] [INFO] [1771831623.059757120] [imu_filter]: Parameter RLController.pid_kd_lin set to 0.020000
[imu_filter_madgwick_node-3] [INFO] [1771831623.059816513] [imu_filter]: Parameter RLController.pid_kp_ang set to 1.230000
[imu_filter_madgwick_node-3] [INFO] [1771831623.059870659] [imu_filter]: Parameter RLController.pid_ki_ang set to 0.000000
[imu_filter_madgwick_node-3] [INFO] [1771831623.059924900] [imu_filter]: Parameter RLController.pid_kd_ang set to 0.100236
[imu_filter_madgwick_node-3] [INFO] [1771831623.485952751] [imu_filter]: Parameter RLController.pid_kp_lin set to 1.207974
[imu_filter_madgwick_node-3] [INFO] [1771831623.486210645] [imu_filter]: Parameter RLController.pid_ki_lin set to 0.000000
[imu_filter_madgwick_node-3] [INFO] [1771831623.486289655] [imu_filter]: Parameter RLController.pid_kd_lin set to 0.020000
[imu_filter_madgwick_node-3] [INFO] [1771831623.486390105] [imu_filter]: Parameter RLController.pid_kp_ang set to 1.230000
[imu_filter_madgwick_node-3] [INFO] [1771831623.486457755] [imu_filter]: Parameter RLController.pid_ki_ang set to 0.000000
[imu_filter_madgwick_node-3] [INFO] [1771831623.486515420] [imu_filter]: Parameter RLController.pid_kd_ang set to 0.100236
[imu_filter_madgwick_node-3] [INFO] [1771831623.912184351] [imu_filter]: Parameter RLController.pid_kp_lin set to 1.207974
[imu_filter_madgwick_node-3] [INFO] [1771831623.916055416] [imu_filter]: Parameter RLController.pid_ki_lin set to 0.000000
[imu_filter_madgwick_node-3] [INFO] [1771831623.916429824] [imu_filter]: Parameter RLController.pid_kd_lin set to 0.020000
[imu_filter_madgwick_node-3] [INFO] [1771831623.916508034] [imu_filter]: Parameter RLController.pid_kp_ang set to 1.230000
[imu_filter_madgwick_node-3] [INFO] [1771831623.916569315] [imu_filter]: Parameter RLController.pid_ki_ang set to 0.000000
[imu_filter_madgwick_node-3] [INFO] [1771831623.916625829] [imu_filter]: Parameter RLController.pid_kd_ang set to 0.100236
[imu_filter_madgwick_node-3] [INFO] [1771831624.323469305] [imu_filter]: Parameter RLController.pid_kp_lin set to 1.207974
[imu_filter_madgwick_node-3] [INFO] [1771831624.323699327] [imu_filter]: Parameter RLController.pid_ki_lin set to 0.000000
[imu_filter_madgwick_node-3] [INFO] [1771831624.323769024] [imu_filter]: Parameter RLController.pid_kd_lin set to 0.020000
[imu_filter_madgwick_node-3] [INFO] [1771831624.323829730] [imu_filter]: Parameter RLController.pid_kp_ang set to 1.230000
[imu_filter_madgwick_node-3] [INFO] [1771831624.323883555] [imu_filter]: Parameter RLController.pid_ki_ang set to 0.000000
[imu_filter_madgwick_node-3] [INFO] [1771831624.323935044] [imu_filter]: Parameter RLController.pid_kd_ang set to 0.100236
[imu_filter_madgwick_node-3] [INFO] [1771831624.733542744] [imu_filter]: Parameter RLController.pid_kp_lin set to 1.207974
[imu_filter_madgwick_node-3] [INFO] [1771831624.733736060] [imu_filter]: Parameter RLController.pid_ki_lin set to 0.000000
[imu_filter_madgwick_node-3] [INFO] [1771831624.733941857] [imu_filter]: Parameter RLController.pid_kd_lin set to 0.020000
[imu_filter_madgwick_node-3] [INFO] [1771831624.734010659] [imu_filter]: Parameter RLController.pid_kp_ang set to 1.230000
[imu_filter_madgwick_node-3] [INFO] [1771831624.734067396] [imu_filter]: Parameter RLController.pid_ki_ang set to 0.000000
[imu_filter_madgwick_node-3] [INFO] [1771831624.734121797] [imu_filter]: Parameter RLController.pid_kd_ang set to 0.100236
[imu_filter_madgwick_node-3] [INFO] [1771831625.155931600] [imu_filter]: Parameter RLController.pid_kp_lin set to 1.207974
[imu_filter_madgwick_node-3] [INFO] [1771831625.156203510] [imu_filter]: Parameter RLController.pid_ki_lin set to 0.000000
[imu_filter_madgwick_node-3] [INFO] [1771831625.156282264] [imu_filter]: Parameter RLController.pid_kd_lin set to 0.020000
[imu_filter_madgwick_node-3] [INFO] [1771831625.156399259] [imu_filter]: Parameter RLController.pid_kp_ang set to 1.230000
[imu_filter_madgwick_node-3] [INFO] [1771831625.156473244] [imu_filter]: Parameter RLController.pid_ki_ang set to 0.000000
[imu_filter_madgwick_node-3] [INFO] [1771831625.156532766] [imu_filter]: Parameter RLController.pid_kd_ang set to 0.100236
[imu_filter_madgwick_node-3] [INFO] [1771831625.571633007] [imu_filter]: Parameter RLController.pid_kp_lin set to 1.207974
[imu_filter_madgwick_node-3] [INFO] [1771831625.571867221] [imu_filter]: Parameter RLController.pid_ki_lin set to 0.000000
[imu_filter_madgwick_node-3] [INFO] [1771831625.571942038] [imu_filter]: Parameter RLController.pid_kd_lin set to 0.020000
[imu_filter_madgwick_node-3] [INFO] [1771831625.572005016] [imu_filter]: Parameter RLController.pid_kp_ang set to 1.230000
[imu_filter_madgwick_node-3] [INFO] [1771831625.572061465] [imu_filter]: Parameter RLController.pid_ki_ang set to 0.000000
[imu_filter_madgwick_node-3] [INFO] [1771831625.572116570] [imu_filter]: Parameter RLController.pid_kd_ang set to 0.100236
[imu_filter_madgwick_node-3] [INFO] [1771831625.981490953] [imu_filter]: Parameter RLController.pid_kp_lin set to 1.207974
[imu_filter_madgwick_node-3] [INFO] [1771831625.981728494] [imu_filter]: Parameter RLController.pid_ki_lin set to 0.000000
[imu_filter_madgwick_node-3] [INFO] [1771831625.981798128] [imu_filter]: Parameter RLController.pid_kd_lin set to 0.020000
[imu_filter_madgwick_node-3] [INFO] [1771831625.981857297] [imu_filter]: Parameter RLController.pid_kp_ang set to 1.230000
[imu_filter_madgwick_node-3] [INFO] [1771831625.981911218] [imu_filter]: Parameter RLController.pid_ki_ang set to 0.000000
[imu_filter_madgwick_node-3] [INFO] [1771831625.981973652] [imu_filter]: Parameter RLController.pid_kd_ang set to 0.100236
[imu_filter_madgwick_node-3] [INFO] [1771831626.393608854] [imu_filter]: Parameter RLController.pid_kp_lin set to 1.207974
[imu_filter_madgwick_node-3] [INFO] [1771831626.393835227] [imu_filter]: Parameter RLController.pid_ki_lin set to 0.000000
[imu_filter_madgwick_node-3] [INFO] [1771831626.394035808] [imu_filter]: Parameter RLController.pid_kd_lin set to 0.020000
[imu_filter_madgwick_node-3] [INFO] [1771831626.394103393] [imu_filter]: Parameter RLController.pid_kp_ang set to 1.230000
[imu_filter_madgwick_node-3] [INFO] [1771831626.394160963] [imu_filter]: Parameter RLController.pid_ki_ang set to 0.000000
[imu_filter_madgwick_node-3] [INFO] [1771831626.394214308] [imu_filter]: Parameter RLController.pid_kd_ang set to 0.100236
[imu_filter_madgwick_node-3] [INFO] [1771831626.823453593] [imu_filter]: Parameter RLController.pid_kp_lin set to 1.207974
[imu_filter_madgwick_node-3] [INFO] [1771831626.823811009] [imu_filter]: Parameter RLController.pid_ki_lin set to 0.000000
[imu_filter_madgwick_node-3] [INFO] [1771831626.823885411] [imu_filter]: Parameter RLController.pid_kd_lin set to 0.020000
[imu_filter_madgwick_node-3] [INFO] [1771831626.823947044] [imu_filter]: Parameter RLController.pid_kp_ang set to 1.230000
[imu_filter_madgwick_node-3] [INFO] [1771831626.824002053] [imu_filter]: Parameter RLController.pid_ki_ang set to 0.000000
[imu_filter_madgwick_node-3] [INFO] [1771831626.824054854] [imu_filter]: Parameter RLController.pid_kd_ang set to 0.100236
[imu_filter_madgwick_node-3] [INFO] [1771831627.264936805] [imu_filter]: Parameter RLController.pid_kp_lin set to 1.207974
[imu_filter_madgwick_node-3] [INFO] [1771831627.265381423] [imu_filter]: Parameter RLController.pid_ki_lin set to 0.000000
[imu_filter_madgwick_node-3] [INFO] [1771831627.265461905] [imu_filter]: Parameter RLController.pid_kd_lin set to 0.020000
[imu_filter_madgwick_node-3] [INFO] [1771831627.265544339] [imu_filter]: Parameter RLController.pid_kp_ang set to 1.230000
[imu_filter_madgwick_node-3] [INFO] [1771831627.265599636] [imu_filter]: Parameter RLController.pid_ki_ang set to 0.000000
[imu_filter_madgwick_node-3] [INFO] [1771831627.265651190] [imu_filter]: Parameter RLController.pid_kd_ang set to 0.100236
[imu_filter_madgwick_node-3] [INFO] [1771831627.688972995] [imu_filter]: Parameter RLController.pid_kp_lin set to 1.207974
[imu_filter_madgwick_node-3] [INFO] [1771831627.689169351] [imu_filter]: Parameter RLController.pid_ki_lin set to 0.000000
[imu_filter_madgwick_node-3] [INFO] [1771831627.689232457] [imu_filter]: Parameter RLController.pid_kd_lin set to 0.020000
[imu_filter_madgwick_node-3] [INFO] [1771831627.689288522] [imu_filter]: Parameter RLController.pid_kp_ang set to 1.230000
[imu_filter_madgwick_node-3] [INFO] [1771831627.689340715] [imu_filter]: Parameter RLController.pid_ki_ang set to 0.000000
[imu_filter_madgwick_node-3] [INFO] [1771831627.689392525] [imu_filter]: Parameter RLController.pid_kd_ang set to 0.100236
[imu_filter_madgwick_node-3] [INFO] [1771831628.131288931] [imu_filter]: Parameter RLController.pid_kp_lin set to 1.207974
[imu_filter_madgwick_node-3] [INFO] [1771831628.131485127] [imu_filter]: Parameter RLController.pid_ki_lin set to 0.000000
[imu_filter_madgwick_node-3] [INFO] [1771831628.131583369] [imu_filter]: Parameter RLController.pid_kd_lin set to 0.020000
[imu_filter_madgwick_node-3] [INFO] [1771831628.133982848] [imu_filter]: Parameter RLController.pid_kp_ang set to 1.230000
[imu_filter_madgwick_node-3] [INFO] [1771831628.134205125] [imu_filter]: Parameter RLController.pid_ki_ang set to 0.000000
[imu_filter_madgwick_node-3] [INFO] [1771831628.134281607] [imu_filter]: Parameter RLController.pid_kd_ang set to 0.100236
[imu_filter_madgwick_node-3] [INFO] [1771831628.560124014] [imu_filter]: Parameter RLController.pid_kp_lin set to 1.207974
[imu_filter_madgwick_node-3] [INFO] [1771831628.560498711] [imu_filter]: Parameter RLController.pid_ki_lin set to 0.000000
[imu_filter_madgwick_node-3] [INFO] [1771831628.560581049] [imu_filter]: Parameter RLController.pid_kd_lin set to 0.020000
[imu_filter_madgwick_node-3] [INFO] [1771831628.560643802] [imu_filter]: Parameter RLController.pid_kp_ang set to 1.230000
[imu_filter_madgwick_node-3] [INFO] [1771831628.560698427] [imu_filter]: Parameter RLController.pid_ki_ang set to 0.000000
[imu_filter_madgwick_node-3] [INFO] [1771831628.560751164] [imu_filter]: Parameter RLController.pid_kd_ang set to 0.100236
[imu_filter_madgwick_node-3] [INFO] [1771831628.980357301] [imu_filter]: Parameter RLController.pid_kp_lin set to 1.207974
[imu_filter_madgwick_node-3] [INFO] [1771831628.980563866] [imu_filter]: Parameter RLController.pid_ki_lin set to 0.000000
[imu_filter_madgwick_node-3] [INFO] [1771831628.980636379] [imu_filter]: Parameter RLController.pid_kd_lin set to 0.020000
[imu_filter_madgwick_node-3] [INFO] [1771831628.980699453] [imu_filter]: Parameter RLController.pid_kp_ang set to 1.230000
[imu_filter_madgwick_node-3] [INFO] [1771831628.980754046] [imu_filter]: Parameter RLController.pid_ki_ang set to 0.000000
[imu_filter_madgwick_node-3] [INFO] [1771831628.980809567] [imu_filter]: Parameter RLController.pid_kd_ang set to 0.100236
[imu_filter_madgwick_node-3] [INFO] [1771831629.395042717] [imu_filter]: Parameter RLController.pid_kp_lin set to 1.207974
[imu_filter_madgwick_node-3] [INFO] [1771831629.395393797] [imu_filter]: Parameter RLController.pid_ki_lin set to 0.000000
[imu_filter_madgwick_node-3] [INFO] [1771831629.395470439] [imu_filter]: Parameter RLController.pid_kd_lin set to 0.020000
[imu_filter_madgwick_node-3] [INFO] [1771831629.395564265] [imu_filter]: Parameter RLController.pid_kp_ang set to 1.230000
[imu_filter_madgwick_node-3] [INFO] [1771831629.395631210] [imu_filter]: Parameter RLController.pid_ki_ang set to 0.000000
[imu_filter_madgwick_node-3] [INFO] [1771831629.395686188] [imu_filter]: Parameter RLController.pid_kd_ang set to 0.100236
[imu_filter_madgwick_node-3] [INFO] [1771831629.809331772] [imu_filter]: Parameter RLController.pid_kp_lin set to 1.207974
[imu_filter_madgwick_node-3] [INFO] [1771831629.809536960] [imu_filter]: Parameter RLController.pid_ki_lin set to 0.000000
[imu_filter_madgwick_node-3] [INFO] [1771831629.809604898] [imu_filter]: Parameter RLController.pid_kd_lin set to 0.020000
[imu_filter_madgwick_node-3] [INFO] [1771831629.810182223] [imu_filter]: Parameter RLController.pid_kp_ang set to 1.230000
[imu_filter_madgwick_node-3] [INFO] [1771831629.810314034] [imu_filter]: Parameter RLController.pid_ki_ang set to 0.000000
[imu_filter_madgwick_node-3] [INFO] [1771831629.810380468] [imu_filter]: Parameter RLController.pid_kd_ang set to 0.100236
[imu_filter_madgwick_node-3] [INFO] [1771831630.224409453] [imu_filter]: Parameter RLController.pid_kp_lin set to 1.207974
[imu_filter_madgwick_node-3] [INFO] [1771831630.224613073] [imu_filter]: Parameter RLController.pid_ki_lin set to 0.000000
[imu_filter_madgwick_node-3] [INFO] [1771831630.224680147] [imu_filter]: Parameter RLController.pid_kd_lin set to 0.020000
[imu_filter_madgwick_node-3] [INFO] [1771831630.224842391] [imu_filter]: Parameter RLController.pid_kp_ang set to 1.230000
[imu_filter_madgwick_node-3] [INFO] [1771831630.224900312] [imu_filter]: Parameter RLController.pid_ki_ang set to 0.000000
[imu_filter_madgwick_node-3] [INFO] [1771831630.224954713] [imu_filter]: Parameter RLController.pid_kd_ang set to 0.100236
[imu_filter_madgwick_node-3] [INFO] [1771831630.657787584] [imu_filter]: Parameter RLController.pid_kp_lin set to 1.207974
[imu_filter_madgwick_node-3] [INFO] [1771831630.657996453] [imu_filter]: Parameter RLController.pid_ki_lin set to 0.000000
[imu_filter_madgwick_node-3] [INFO] [1771831630.658067110] [imu_filter]: Parameter RLController.pid_kd_lin set to 0.020000
[imu_filter_madgwick_node-3] [INFO] [1771831630.658126472] [imu_filter]: Parameter RLController.pid_kp_ang set to 1.230000
[imu_filter_madgwick_node-3] [INFO] [1771831630.658181833] [imu_filter]: Parameter RLController.pid_ki_ang set to 0.000000
[imu_filter_madgwick_node-3] [INFO] [1771831630.658246443] [imu_filter]: Parameter RLController.pid_kd_ang set to 0.100236
[imu_filter_madgwick_node-3] [INFO] [1771831631.069616295] [imu_filter]: Parameter RLController.pid_kp_lin set to 1.207974
[imu_filter_madgwick_node-3] [INFO] [1771831631.069977807] [imu_filter]: Parameter RLController.pid_ki_lin set to 0.000000
[imu_filter_madgwick_node-3] [INFO] [1771831631.070056465] [imu_filter]: Parameter RLController.pid_kd_lin set to 0.020000
[imu_filter_madgwick_node-3] [INFO] [1771831631.070118130] [imu_filter]: Parameter RLController.pid_kp_ang set to 1.230000
[imu_filter_madgwick_node-3] [INFO] [1771831631.070172019] [imu_filter]: Parameter RLController.pid_ki_ang set to 0.000000
[imu_filter_madgwick_node-3] [INFO] [1771831631.070223701] [imu_filter]: Parameter RLController.pid_kd_ang set to 0.100236
[imu_filter_madgwick_node-3] [INFO] [1771831631.489465285] [imu_filter]: Parameter RLController.pid_kp_lin set to 1.207974
[imu_filter_madgwick_node-3] [INFO] [1771831631.499292197] [imu_filter]: Parameter RLController.pid_ki_lin set to 0.000000
[imu_filter_madgwick_node-3] [INFO] [1771831631.499645677] [imu_filter]: Parameter RLController.pid_kd_lin set to 0.020000
[imu_filter_madgwick_node-3] [INFO] [1771831631.499774608] [imu_filter]: Parameter RLController.pid_kp_ang set to 1.230000
[imu_filter_madgwick_node-3] [INFO] [1771831631.499836754] [imu_filter]: Parameter RLController.pid_ki_ang set to 0.000000
[imu_filter_madgwick_node-3] [INFO] [1771831631.499891411] [imu_filter]: Parameter RLController.pid_kd_ang set to 0.100236
[imu_filter_madgwick_node-3] [INFO] [1771831631.909548744] [imu_filter]: Parameter RLController.pid_kp_lin set to 1.207974
[imu_filter_madgwick_node-3] [INFO] [1771831631.909877936] [imu_filter]: Parameter RLController.pid_ki_lin set to 0.000000
[imu_filter_madgwick_node-3] [INFO] [1771831631.909954033] [imu_filter]: Parameter RLController.pid_kd_lin set to 0.020000
[imu_filter_madgwick_node-3] [INFO] [1771831631.910065716] [imu_filter]: Parameter RLController.pid_kp_ang set to 1.230000
[imu_filter_madgwick_node-3] [INFO] [1771831631.910125813] [imu_filter]: Parameter RLController.pid_ki_ang set to 0.000000
[imu_filter_madgwick_node-3] [INFO] [1771831631.910181079] [imu_filter]: Parameter RLController.pid_kd_ang set to 0.100236
[imu_filter_madgwick_node-3] [INFO] [1771831632.336296388] [imu_filter]: Parameter RLController.pid_kp_lin set to 1.207974
[imu_filter_madgwick_node-3] [INFO] [1771831632.336514185] [imu_filter]: Parameter RLController.pid_ki_lin set to 0.000000
[imu_filter_madgwick_node-3] [INFO] [1771831632.340926030] [imu_filter]: Parameter RLController.pid_kd_lin set to 0.020000
[imu_filter_madgwick_node-3] [INFO] [1771831632.341262261] [imu_filter]: Parameter RLController.pid_kp_ang set to 1.230000
[imu_filter_madgwick_node-3] [INFO] [1771831632.341331351] [imu_filter]: Parameter RLController.pid_ki_ang set to 0.000000
[imu_filter_madgwick_node-3] [INFO] [1771831632.341388792] [imu_filter]: Parameter RLController.pid_kd_ang set to 0.100236
[imu_filter_madgwick_node-3] [INFO] [1771831632.759237033] [imu_filter]: Parameter RLController.pid_kp_lin set to 1.207974
[imu_filter_madgwick_node-3] [INFO] [1771831632.759440269] [imu_filter]: Parameter RLController.pid_ki_lin set to 0.000000
[imu_filter_madgwick_node-3] [INFO] [1771831632.759601137] [imu_filter]: Parameter RLController.pid_kd_lin set to 0.020000
[imu_filter_madgwick_node-3] [INFO] [1771831632.759668082] [imu_filter]: Parameter RLController.pid_kp_ang set to 1.230000
[imu_filter_madgwick_node-3] [INFO] [1771831632.762205388] [imu_filter]: Parameter RLController.pid_ki_ang set to 0.000000
[imu_filter_madgwick_node-3] [INFO] [1771831632.762533108] [imu_filter]: Parameter RLController.pid_kd_ang set to 0.100236
[imu_filter_madgwick_node-3] [INFO] [1771831633.178500569] [imu_filter]: Parameter RLController.pid_kp_lin set to 1.207974
[imu_filter_madgwick_node-3] [INFO] [1771831633.178838753] [imu_filter]: Parameter RLController.pid_ki_lin set to 0.000000
[imu_filter_madgwick_node-3] [INFO] [1771831633.178948227] [imu_filter]: Parameter RLController.pid_kd_lin set to 0.020000
[imu_filter_madgwick_node-3] [INFO] [1771831633.179015941] [imu_filter]: Parameter RLController.pid_kp_ang set to 1.230000
[imu_filter_madgwick_node-3] [INFO] [1771831633.179185897] [imu_filter]: Parameter RLController.pid_ki_ang set to 0.000000
[imu_filter_madgwick_node-3] [INFO] [1771831633.179242890] [imu_filter]: Parameter RLController.pid_kd_ang set to 0.100236
[imu_filter_madgwick_node-3] [INFO] [1771831633.601138871] [imu_filter]: Parameter RLController.pid_kp_lin set to 1.207974
[imu_filter_madgwick_node-3] [INFO] [1771831633.602457685] [imu_filter]: Parameter RLController.pid_ki_lin set to 0.000000
[imu_filter_madgwick_node-3] [INFO] [1771831633.602616409] [imu_filter]: Parameter RLController.pid_kd_lin set to 0.020000
[imu_filter_madgwick_node-3] [INFO] [1771831633.602690395] [imu_filter]: Parameter RLController.pid_kp_ang set to 1.230000
[imu_filter_madgwick_node-3] [INFO] [1771831633.604803467] [imu_filter]: Parameter RLController.pid_ki_ang set to 0.000000
[imu_filter_madgwick_node-3] [INFO] [1771831633.604971151] [imu_filter]: Parameter RLController.pid_kd_ang set to 0.100236
[imu_filter_madgwick_node-3] [INFO] [1771831634.017575847] [imu_filter]: Parameter RLController.pid_kp_lin set to 1.207974
[imu_filter_madgwick_node-3] [INFO] [1771831634.017796524] [imu_filter]: Parameter RLController.pid_ki_lin set to 0.000000
[imu_filter_madgwick_node-3] [INFO] [1771831634.017863406] [imu_filter]: Parameter RLController.pid_kd_lin set to 0.020000
[imu_filter_madgwick_node-3] [INFO] [1771831634.017922031] [imu_filter]: Parameter RLController.pid_kp_ang set to 1.230000
[imu_filter_madgwick_node-3] [INFO] [1771831634.017975344] [imu_filter]: Parameter RLController.pid_ki_ang set to 0.000000
[imu_filter_madgwick_node-3] [INFO] [1771831634.018029713] [imu_filter]: Parameter RLController.pid_kd_ang set to 0.100236
[imu_filter_madgwick_node-3] [INFO] [1771831634.432589239] [imu_filter]: Parameter RLController.pid_kp_lin set to 1.207974
[imu_filter_madgwick_node-3] [INFO] [1771831634.432909694] [imu_filter]: Parameter RLController.pid_ki_lin set to 0.000000
[imu_filter_madgwick_node-3] [INFO] [1771831634.432987616] [imu_filter]: Parameter RLController.pid_kd_lin set to 0.020000
[imu_filter_madgwick_node-3] [INFO] [1771831634.433048673] [imu_filter]: Parameter RLController.pid_kp_ang set to 1.230000
[imu_filter_madgwick_node-3] [INFO] [1771831634.433103618] [imu_filter]: Parameter RLController.pid_ki_ang set to 0.000000
[imu_filter_madgwick_node-3] [INFO] [1771831634.433155395] [imu_filter]: Parameter RLController.pid_kd_ang set to 0.100236
[imu_filter_madgwick_node-3] [INFO] [1771831634.861847276] [imu_filter]: Parameter RLController.pid_kp_lin set to 1.207974
[imu_filter_madgwick_node-3] [INFO] [1771831634.862193172] [imu_filter]: Parameter RLController.pid_ki_lin set to 0.000000
[imu_filter_madgwick_node-3] [INFO] [1771831634.862277366] [imu_filter]: Parameter RLController.pid_kd_lin set to 0.020000
[imu_filter_madgwick_node-3] [INFO] [1771831634.862338647] [imu_filter]: Parameter RLController.pid_kp_ang set to 1.230000
[imu_filter_madgwick_node-3] [INFO] [1771831634.862393304] [imu_filter]: Parameter RLController.pid_ki_ang set to 0.000000
[imu_filter_madgwick_node-3] [INFO] [1771831634.862447833] [imu_filter]: Parameter RLController.pid_kd_ang set to 0.100236
[imu_filter_madgwick_node-3] [INFO] [1771831635.277145474] [imu_filter]: Parameter RLController.pid_kp_lin set to 1.207974
[imu_filter_madgwick_node-3] [INFO] [1771831635.277362791] [imu_filter]: Parameter RLController.pid_ki_lin set to 0.000000
[imu_filter_madgwick_node-3] [INFO] [1771831635.277432904] [imu_filter]: Parameter RLController.pid_kd_lin set to 0.020000
[imu_filter_madgwick_node-3] [INFO] [1771831635.277493770] [imu_filter]: Parameter RLController.pid_kp_ang set to 1.230000
[imu_filter_madgwick_node-3] [INFO] [1771831635.280259977] [imu_filter]: Parameter RLController.pid_ki_ang set to 0.000000
[imu_filter_madgwick_node-3] [INFO] [1771831635.280616465] [imu_filter]: Parameter RLController.pid_kd_ang set to 0.100236
[imu_filter_madgwick_node-3] [INFO] [1771831635.699004910] [imu_filter]: Parameter RLController.pid_kp_lin set to 1.207974
[imu_filter_madgwick_node-3] [INFO] [1771831635.699227635] [imu_filter]: Parameter RLController.pid_ki_lin set to 0.000000
[imu_filter_madgwick_node-3] [INFO] [1771831635.699290484] [imu_filter]: Parameter RLController.pid_kd_lin set to 0.020000
[imu_filter_madgwick_node-3] [INFO] [1771831635.699351190] [imu_filter]: Parameter RLController.pid_kp_ang set to 1.230000
[imu_filter_madgwick_node-3] [INFO] [1771831635.699404535] [imu_filter]: Parameter RLController.pid_ki_ang set to 0.000000
[imu_filter_madgwick_node-3] [INFO] [1771831635.699456472] [imu_filter]: Parameter RLController.pid_kd_ang set to 0.100236
[imu_filter_madgwick_node-3] [INFO] [1771831636.109884127] [imu_filter]: Parameter RLController.pid_kp_lin set to 1.207974
[imu_filter_madgwick_node-3] [INFO] [1771831636.110103364] [imu_filter]: Parameter RLController.pid_ki_lin set to 0.000000
[imu_filter_madgwick_node-3] [INFO] [1771831636.110174053] [imu_filter]: Parameter RLController.pid_kd_lin set to 0.020000
[imu_filter_madgwick_node-3] [INFO] [1771831636.110231399] [imu_filter]: Parameter RLController.pid_kp_ang set to 1.230000
[imu_filter_madgwick_node-3] [INFO] [1771831636.110283784] [imu_filter]: Parameter RLController.pid_ki_ang set to 0.000000
[imu_filter_madgwick_node-3] [INFO] [1771831636.110334345] [imu_filter]: Parameter RLController.pid_kd_ang set to 0.100236
[imu_filter_madgwick_node-3] [INFO] [1771831636.522252562] [imu_filter]: Parameter RLController.pid_kp_lin set to 1.207974
[imu_filter_madgwick_node-3] [INFO] [1771831636.524754123] [imu_filter]: Parameter RLController.pid_ki_lin set to 0.000000
[imu_filter_madgwick_node-3] [INFO] [1771831636.525065170] [imu_filter]: Parameter RLController.pid_kd_lin set to 0.020000
[imu_filter_madgwick_node-3] [INFO] [1771831636.525147892] [imu_filter]: Parameter RLController.pid_kp_ang set to 1.230000
[imu_filter_madgwick_node-3] [INFO] [1771831636.525206261] [imu_filter]: Parameter RLController.pid_ki_ang set to 0.000000
[imu_filter_madgwick_node-3] [INFO] [1771831636.525259862] [imu_filter]: Parameter RLController.pid_kd_ang set to 0.100236
[imu_filter_madgwick_node-3] [INFO] [1771831636.937839182] [imu_filter]: Parameter RLController.pid_kp_lin set to 1.207974
[imu_filter_madgwick_node-3] [INFO] [1771831636.950163144] [imu_filter]: Parameter RLController.pid_ki_lin set to 0.000000
[imu_filter_madgwick_node-3] [INFO] [1771831636.950348972] [imu_filter]: Parameter RLController.pid_kd_lin set to 0.020000
[imu_filter_madgwick_node-3] [INFO] [1771831636.950420270] [imu_filter]: Parameter RLController.pid_kp_ang set to 1.230000
[imu_filter_madgwick_node-3] [INFO] [1771831636.950480463] [imu_filter]: Parameter RLController.pid_ki_ang set to 0.000000
[imu_filter_madgwick_node-3] [INFO] [1771831636.950534896] [imu_filter]: Parameter RLController.pid_kd_ang set to 0.100236
[imu_filter_madgwick_node-3] [INFO] [1771831637.372778053] [imu_filter]: Parameter RLController.pid_kp_lin set to 1.207974
[imu_filter_madgwick_node-3] [INFO] [1771831637.381125636] [imu_filter]: Parameter RLController.pid_ki_lin set to 0.000000
[imu_filter_madgwick_node-3] [INFO] [1771831637.383274709] [imu_filter]: Parameter RLController.pid_kd_lin set to 0.020000
[imu_filter_madgwick_node-3] [INFO] [1771831637.383634109] [imu_filter]: Parameter RLController.pid_kp_ang set to 1.230000
[imu_filter_madgwick_node-3] [INFO] [1771831637.383769921] [imu_filter]: Parameter RLController.pid_ki_ang set to 0.000000
[imu_filter_madgwick_node-3] [INFO] [1771831637.383831202] [imu_filter]: Parameter RLController.pid_kd_ang set to 0.100236
[imu_filter_madgwick_node-3] [INFO] [1771831637.787013507] [imu_filter]: Parameter RLController.pid_kp_lin set to 1.207974
[imu_filter_madgwick_node-3] [INFO] [1771831637.787224392] [imu_filter]: Parameter RLController.pid_ki_lin set to 0.000000
[imu_filter_madgwick_node-3] [INFO] [1771831637.787292681] [imu_filter]: Parameter RLController.pid_kd_lin set to 0.020000
[imu_filter_madgwick_node-3] [INFO] [1771831637.787352139] [imu_filter]: Parameter RLController.pid_kp_ang set to 1.230000
[imu_filter_madgwick_node-3] [INFO] [1771831637.787405644] [imu_filter]: Parameter RLController.pid_ki_ang set to 0.000000
[imu_filter_madgwick_node-3] [INFO] [1771831637.787459405] [imu_filter]: Parameter RLController.pid_kd_ang set to 0.100236
[imu_filter_madgwick_node-3] [INFO] [1771831638.204544172] [imu_filter]: Parameter RLController.pid_kp_lin set to 1.207974
[imu_filter_madgwick_node-3] [INFO] [1771831638.204784497] [imu_filter]: Parameter RLController.pid_ki_lin set to 0.000000
[imu_filter_madgwick_node-3] [INFO] [1771831638.204903700] [imu_filter]: Parameter RLController.pid_kd_lin set to 0.020000
[imu_filter_madgwick_node-3] [INFO] [1771831638.205002934] [imu_filter]: Parameter RLController.pid_kp_ang set to 1.230000
[imu_filter_madgwick_node-3] [INFO] [1771831638.205074520] [imu_filter]: Parameter RLController.pid_ki_ang set to 0.000000
[imu_filter_madgwick_node-3] [INFO] [1771831638.205130521] [imu_filter]: Parameter RLController.pid_kd_ang set to 0.100236
[imu_filter_madgwick_node-3] [INFO] [1771831638.617446795] [imu_filter]: Parameter RLController.pid_kp_lin set to 1.207974
[imu_filter_madgwick_node-3] [INFO] [1771831638.617651312] [imu_filter]: Parameter RLController.pid_ki_lin set to 0.000000
[imu_filter_madgwick_node-3] [INFO] [1771831638.617713937] [imu_filter]: Parameter RLController.pid_kd_lin set to 0.020000
[imu_filter_madgwick_node-3] [INFO] [1771831638.617773459] [imu_filter]: Parameter RLController.pid_kp_ang set to 1.230000
[imu_filter_madgwick_node-3] [INFO] [1771831638.620549266] [imu_filter]: Parameter RLController.pid_ki_ang set to 0.000000
[imu_filter_madgwick_node-3] [INFO] [1771831638.620721110] [imu_filter]: Parameter RLController.pid_kd_ang set to 0.100236
[imu_filter_madgwick_node-3] [INFO] [1771831639.031193470] [imu_filter]: Parameter RLController.pid_kp_lin set to 1.207974
[imu_filter_madgwick_node-3] [INFO] [1771831639.031422595] [imu_filter]: Parameter RLController.pid_ki_lin set to 0.000000
[imu_filter_madgwick_node-3] [INFO] [1771831639.031489316] [imu_filter]: Parameter RLController.pid_kd_lin set to 0.020000
[imu_filter_madgwick_node-3] [INFO] [1771831639.031584839] [imu_filter]: Parameter RLController.pid_kp_ang set to 1.230000
[imu_filter_madgwick_node-3] [INFO] [1771831639.031642024] [imu_filter]: Parameter RLController.pid_ki_ang set to 0.000000
[imu_filter_madgwick_node-3] [INFO] [1771831639.031696809] [imu_filter]: Parameter RLController.pid_kd_ang set to 0.100236
[imu_filter_madgwick_node-3] [INFO] [1771831639.444421572] [imu_filter]: Parameter RLController.pid_kp_lin set to 1.207974
[imu_filter_madgwick_node-3] [INFO] [1771831639.446157836] [imu_filter]: Parameter RLController.pid_ki_lin set to 0.000000
[imu_filter_madgwick_node-3] [INFO] [1771831639.446496724] [imu_filter]: Parameter RLController.pid_kd_lin set to 0.020000
[imu_filter_madgwick_node-3] [INFO] [1771831639.446573174] [imu_filter]: Parameter RLController.pid_kp_ang set to 1.230000
[imu_filter_madgwick_node-3] [INFO] [1771831639.446629367] [imu_filter]: Parameter RLController.pid_ki_ang set to 0.000000
[imu_filter_madgwick_node-3] [INFO] [1771831639.446681848] [imu_filter]: Parameter RLController.pid_kd_ang set to 0.100236
[imu_filter_madgwick_node-3] [INFO] [1771831639.867245638] [imu_filter]: Parameter RLController.pid_kp_lin set to 1.207974
[imu_filter_madgwick_node-3] [INFO] [1771831639.867449931] [imu_filter]: Parameter RLController.pid_ki_lin set to 0.000000
[imu_filter_madgwick_node-3] [INFO] [1771831639.867539021] [imu_filter]: Parameter RLController.pid_kd_lin set to 0.020000
[imu_filter_madgwick_node-3] [INFO] [1771831639.867602383] [imu_filter]: Parameter RLController.pid_kp_ang set to 1.230000
[imu_filter_madgwick_node-3] [INFO] [1771831639.867658224] [imu_filter]: Parameter RLController.pid_ki_ang set to 0.000000
[imu_filter_madgwick_node-3] [INFO] [1771831639.867710449] [imu_filter]: Parameter RLController.pid_kd_ang set to 0.100236
[imu_filter_madgwick_node-3] [INFO] [1771831640.287024547] [imu_filter]: Parameter RLController.pid_kp_lin set to 1.207974
[imu_filter_madgwick_node-3] [INFO] [1771831640.290134698] [imu_filter]: Parameter RLController.pid_ki_lin set to 0.000000
[imu_filter_madgwick_node-3] [INFO] [1771831640.290321518] [imu_filter]: Parameter RLController.pid_kd_lin set to 0.020000
[imu_filter_madgwick_node-3] [INFO] [1771831640.290388528] [imu_filter]: Parameter RLController.pid_kp_ang set to 1.230000
[imu_filter_madgwick_node-3] [INFO] [1771831640.290443089] [imu_filter]: Parameter RLController.pid_ki_ang set to 0.000000
[imu_filter_madgwick_node-3] [INFO] [1771831640.290495282] [imu_filter]: Parameter RLController.pid_kd_ang set to 0.100236
[imu_filter_madgwick_node-3] [INFO] [1771831640.704486666] [imu_filter]: Parameter RLController.pid_kp_lin set to 1.207974
[imu_filter_madgwick_node-3] [INFO] [1771831640.704717936] [imu_filter]: Parameter RLController.pid_ki_lin set to 0.000000
[imu_filter_madgwick_node-3] [INFO] [1771831640.704798193] [imu_filter]: Parameter RLController.pid_kd_lin set to 0.020000
[imu_filter_madgwick_node-3] [INFO] [1771831640.704863731] [imu_filter]: Parameter RLController.pid_kp_ang set to 1.230000
[imu_filter_madgwick_node-3] [INFO] [1771831640.704919796] [imu_filter]: Parameter RLController.pid_ki_ang set to 0.000000
[imu_filter_madgwick_node-3] [INFO] [1771831640.704975061] [imu_filter]: Parameter RLController.pid_kd_ang set to 0.100236
[imu_filter_madgwick_node-3] [INFO] [1771831641.113898874] [imu_filter]: Parameter RLController.pid_kp_lin set to 1.207974
[imu_filter_madgwick_node-3] [INFO] [1771831641.114214561] [imu_filter]: Parameter RLController.pid_ki_lin set to 0.000000
[imu_filter_madgwick_node-3] [INFO] [1771831641.114303555] [imu_filter]: Parameter RLController.pid_kd_lin set to 0.020000
[imu_filter_madgwick_node-3] [INFO] [1771831641.114369093] [imu_filter]: Parameter RLController.pid_kp_ang set to 1.230000
[imu_filter_madgwick_node-3] [INFO] [1771831641.118702792] [imu_filter]: Parameter RLController.pid_ki_ang set to 0.000000
[imu_filter_madgwick_node-3] [INFO] [1771831641.118936525] [imu_filter]: Parameter RLController.pid_kd_ang set to 0.100236
[imu_filter_madgwick_node-3] [INFO] [1771831641.528185689] [imu_filter]: Parameter RLController.pid_kp_lin set to 1.207974
[imu_filter_madgwick_node-3] [INFO] [1771831641.528497728] [imu_filter]: Parameter RLController.pid_ki_lin set to 0.000000
[imu_filter_madgwick_node-3] [INFO] [1771831641.528581218] [imu_filter]: Parameter RLController.pid_kd_lin set to 0.020000
[imu_filter_madgwick_node-3] [INFO] [1771831641.528646403] [imu_filter]: Parameter RLController.pid_kp_ang set to 1.230000
[imu_filter_madgwick_node-3] [INFO] [1771831641.528704612] [imu_filter]: Parameter RLController.pid_ki_ang set to 0.000000
[imu_filter_madgwick_node-3] [INFO] [1771831641.528760678] [imu_filter]: Parameter RLController.pid_kd_ang set to 0.100236
[imu_filter_madgwick_node-3] [INFO] [1771831641.940529995] [imu_filter]: Parameter RLController.pid_kp_lin set to 1.207974
[imu_filter_madgwick_node-3] [INFO] [1771831641.940729552] [imu_filter]: Parameter RLController.pid_ki_lin set to 0.000000
[imu_filter_madgwick_node-3] [INFO] [1771831641.940793585] [imu_filter]: Parameter RLController.pid_kd_lin set to 0.020000
[imu_filter_madgwick_node-3] [INFO] [1771831641.940849970] [imu_filter]: Parameter RLController.pid_kp_ang set to 1.230000
[imu_filter_madgwick_node-3] [INFO] [1771831641.940901940] [imu_filter]: Parameter RLController.pid_ki_ang set to 0.000000
[imu_filter_madgwick_node-3] [INFO] [1771831641.940956053] [imu_filter]: Parameter RLController.pid_kd_ang set to 0.100236
[imu_filter_madgwick_node-3] [INFO] [1771831642.361738472] [imu_filter]: Parameter RLController.pid_kp_lin set to 1.207974
[imu_filter_madgwick_node-3] [INFO] [1771831642.363194217] [imu_filter]: Parameter RLController.pid_ki_lin set to 0.000000
[imu_filter_madgwick_node-3] [INFO] [1771831642.363333357] [imu_filter]: Parameter RLController.pid_kd_lin set to 0.020000
[imu_filter_madgwick_node-3] [INFO] [1771831642.363682965] [imu_filter]: Parameter RLController.pid_kp_ang set to 1.230000
[imu_filter_madgwick_node-3] [INFO] [1771831642.363749206] [imu_filter]: Parameter RLController.pid_ki_ang set to 0.000000
[imu_filter_madgwick_node-3] [INFO] [1771831642.363804535] [imu_filter]: Parameter RLController.pid_kd_ang set to 0.100236
[imu_filter_madgwick_node-3] [INFO] [1771831642.783311182] [imu_filter]: Parameter RLController.pid_kp_lin set to 1.207974
[imu_filter_madgwick_node-3] [INFO] [1771831642.788168989] [imu_filter]: Parameter RLController.pid_ki_lin set to 0.000000
[imu_filter_madgwick_node-3] [INFO] [1771831642.788467652] [imu_filter]: Parameter RLController.pid_kd_lin set to 0.020000
[imu_filter_madgwick_node-3] [INFO] [1771831642.788574502] [imu_filter]: Parameter RLController.pid_kp_ang set to 1.230000
[imu_filter_madgwick_node-3] [INFO] [1771831642.788635687] [imu_filter]: Parameter RLController.pid_ki_ang set to 0.000000
[imu_filter_madgwick_node-3] [INFO] [1771831642.788693641] [imu_filter]: Parameter RLController.pid_kd_ang set to 0.100236
[imu_filter_madgwick_node-3] [INFO] [1771831643.222912015] [imu_filter]: Parameter RLController.pid_kp_lin set to 1.207974
[imu_filter_madgwick_node-3] [INFO] [1771831643.225356103] [imu_filter]: Parameter RLController.pid_ki_lin set to 0.000000
[imu_filter_madgwick_node-3] [INFO] [1771831643.230294840] [imu_filter]: Parameter RLController.pid_kd_lin set to 0.020000
[imu_filter_madgwick_node-3] [INFO] [1771831643.230486588] [imu_filter]: Parameter RLController.pid_kp_ang set to 1.230000
[imu_filter_madgwick_node-3] [INFO] [1771831643.230553726] [imu_filter]: Parameter RLController.pid_ki_ang set to 0.000000
[imu_filter_madgwick_node-3] [INFO] [1771831643.230610783] [imu_filter]: Parameter RLController.pid_kd_ang set to 0.100236
[imu_filter_madgwick_node-3] [INFO] [1771831643.634760086] [imu_filter]: Parameter RLController.pid_kp_lin set to 1.207974
[imu_filter_madgwick_node-3] [INFO] [1771831643.636118421] [imu_filter]: Parameter RLController.pid_ki_lin set to 0.000000
[imu_filter_madgwick_node-3] [INFO] [1771831643.636270937] [imu_filter]: Parameter RLController.pid_kd_lin set to 0.020000
[imu_filter_madgwick_node-3] [INFO] [1771831643.636482846] [imu_filter]: Parameter RLController.pid_kp_ang set to 1.230000
[imu_filter_madgwick_node-3] [INFO] [1771831643.636551583] [imu_filter]: Parameter RLController.pid_ki_ang set to 0.000000
[imu_filter_madgwick_node-3] [INFO] [1771831643.644604887] [imu_filter]: Parameter RLController.pid_kd_ang set to 0.100236
[imu_filter_madgwick_node-3] [INFO] [1771831644.058438316] [imu_filter]: Parameter RLController.pid_kp_lin set to 1.207974
[imu_filter_madgwick_node-3] [INFO] [1771831644.058793204] [imu_filter]: Parameter RLController.pid_ki_lin set to 0.000000
[imu_filter_madgwick_node-3] [INFO] [1771831644.058873910] [imu_filter]: Parameter RLController.pid_kd_lin set to 0.020000
[imu_filter_madgwick_node-3] [INFO] [1771831644.058936055] [imu_filter]: Parameter RLController.pid_kp_ang set to 1.230000
[imu_filter_madgwick_node-3] [INFO] [1771831644.058991385] [imu_filter]: Parameter RLController.pid_ki_ang set to 0.000000
[imu_filter_madgwick_node-3] [INFO] [1771831644.059042426] [imu_filter]: Parameter RLController.pid_kd_ang set to 0.100236
[imu_filter_madgwick_node-3] [INFO] [1771831644.470502296] [imu_filter]: Parameter RLController.pid_kp_lin set to 1.207974
[imu_filter_madgwick_node-3] [INFO] [1771831644.470697756] [imu_filter]: Parameter RLController.pid_ki_lin set to 0.000000
[imu_filter_madgwick_node-3] [INFO] [1771831644.470763166] [imu_filter]: Parameter RLController.pid_kd_lin set to 0.020000
[imu_filter_madgwick_node-3] [INFO] [1771831644.470820063] [imu_filter]: Parameter RLController.pid_kp_ang set to 1.230000
[imu_filter_madgwick_node-3] [INFO] [1771831644.470871296] [imu_filter]: Parameter RLController.pid_ki_ang set to 0.000000
[imu_filter_madgwick_node-3] [INFO] [1771831644.470921666] [imu_filter]: Parameter RLController.pid_kd_ang set to 0.100236
[imu_filter_madgwick_node-3] [INFO] [1771831644.888320968] [imu_filter]: Parameter RLController.pid_kp_lin set to 1.207974
[imu_filter_madgwick_node-3] [INFO] [1771831644.888520108] [imu_filter]: Parameter RLController.pid_ki_lin set to 0.000000
[imu_filter_madgwick_node-3] [INFO] [1771831644.888582446] [imu_filter]: Parameter RLController.pid_kd_lin set to 0.020000
[imu_filter_madgwick_node-3] [INFO] [1771831644.888640911] [imu_filter]: Parameter RLController.pid_kp_ang set to 1.230000
[imu_filter_madgwick_node-3] [INFO] [1771831644.888694704] [imu_filter]: Parameter RLController.pid_ki_ang set to 0.000000
[imu_filter_madgwick_node-3] [INFO] [1771831644.888746129] [imu_filter]: Parameter RLController.pid_kd_ang set to 0.100236
[imu_filter_madgwick_node-3] [INFO] [1771831645.310606301] [imu_filter]: Parameter RLController.pid_kp_lin set to 1.207974
[imu_filter_madgwick_node-3] [INFO] [1771831645.316293151] [imu_filter]: Parameter RLController.pid_ki_lin set to 0.000000
[imu_filter_madgwick_node-3] [INFO] [1771831645.316640039] [imu_filter]: Parameter RLController.pid_kd_lin set to 0.020000
[imu_filter_madgwick_node-3] [INFO] [1771831645.316718889] [imu_filter]: Parameter RLController.pid_kp_ang set to 1.230000
[imu_filter_madgwick_node-3] [INFO] [1771831645.316777034] [imu_filter]: Parameter RLController.pid_ki_ang set to 0.000000
[imu_filter_madgwick_node-3] [INFO] [1771831645.316939118] [imu_filter]: Parameter RLController.pid_kd_ang set to 0.100236
[imu_filter_madgwick_node-3] [INFO] [1771831645.729147709] [imu_filter]: Parameter RLController.pid_kp_lin set to 1.207974
[imu_filter_madgwick_node-3] [INFO] [1771831645.732506186] [imu_filter]: Parameter RLController.pid_ki_lin set to 0.000000
[imu_filter_madgwick_node-3] [INFO] [1771831645.732687022] [imu_filter]: Parameter RLController.pid_kd_lin set to 0.020000
[imu_filter_madgwick_node-3] [INFO] [1771831645.732760080] [imu_filter]: Parameter RLController.pid_kp_ang set to 1.230000
[imu_filter_madgwick_node-3] [INFO] [1771831645.732818609] [imu_filter]: Parameter RLController.pid_ki_ang set to 0.000000
[imu_filter_madgwick_node-3] [INFO] [1771831645.732872179] [imu_filter]: Parameter RLController.pid_kd_ang set to 0.100236
[imu_filter_madgwick_node-3] [INFO] [1771831646.158317169] [imu_filter]: Parameter RLController.pid_kp_lin set to 1.207974
[imu_filter_madgwick_node-3] [INFO] [1771831646.158822780] [imu_filter]: Parameter RLController.pid_ki_lin set to 0.000000
[imu_filter_madgwick_node-3] [INFO] [1771831646.159037857] [imu_filter]: Parameter RLController.pid_kd_lin set to 0.020000
[imu_filter_madgwick_node-3] [INFO] [1771831646.159110979] [imu_filter]: Parameter RLController.pid_kp_ang set to 1.230000
[imu_filter_madgwick_node-3] [INFO] [1771831646.159167620] [imu_filter]: Parameter RLController.pid_ki_ang set to 0.000000
[imu_filter_madgwick_node-3] [INFO] [1771831646.159219461] [imu_filter]: Parameter RLController.pid_kd_ang set to 0.100236
[imu_filter_madgwick_node-3] [INFO] [1771831646.575883674] [imu_filter]: Parameter RLController.pid_kp_lin set to 1.207974
[imu_filter_madgwick_node-3] [INFO] [1771831646.576082303] [imu_filter]: Parameter RLController.pid_ki_lin set to 0.000000
[imu_filter_madgwick_node-3] [INFO] [1771831646.576149632] [imu_filter]: Parameter RLController.pid_kd_lin set to 0.020000
[imu_filter_madgwick_node-3] [INFO] [1771831646.576207682] [imu_filter]: Parameter RLController.pid_kp_ang set to 1.230000
[imu_filter_madgwick_node-3] [INFO] [1771831646.576260291] [imu_filter]: Parameter RLController.pid_ki_ang set to 0.000000
[imu_filter_madgwick_node-3] [INFO] [1771831646.576312388] [imu_filter]: Parameter RLController.pid_kd_ang set to 0.100236
[imu_filter_madgwick_node-3] [INFO] [1771831646.991400949] [imu_filter]: Parameter RLController.pid_kp_lin set to 1.207974
[imu_filter_madgwick_node-3] [INFO] [1771831646.994346809] [imu_filter]: Parameter RLController.pid_ki_lin set to 0.000000
[imu_filter_madgwick_node-3] [INFO] [1771831646.994567134] [imu_filter]: Parameter RLController.pid_kd_lin set to 0.020000
[imu_filter_madgwick_node-3] [INFO] [1771831646.994816483] [imu_filter]: Parameter RLController.pid_kp_ang set to 1.230000
[imu_filter_madgwick_node-3] [INFO] [1771831646.994931078] [imu_filter]: Parameter RLController.pid_ki_ang set to 0.000000
[imu_filter_madgwick_node-3] [INFO] [1771831646.995004104] [imu_filter]: Parameter RLController.pid_kd_ang set to 0.100236
[imu_filter_madgwick_node-3] [INFO] [1771831647.425122225] [imu_filter]: Parameter RLController.pid_kp_lin set to 1.207974
[imu_filter_madgwick_node-3] [INFO] [1771831647.425344630] [imu_filter]: Parameter RLController.pid_ki_lin set to 0.000000
[imu_filter_madgwick_node-3] [INFO] [1771831647.425412439] [imu_filter]: Parameter RLController.pid_kd_lin set to 0.020000
[imu_filter_madgwick_node-3] [INFO] [1771831647.425471161] [imu_filter]: Parameter RLController.pid_kp_ang set to 1.230000
[imu_filter_madgwick_node-3] [INFO] [1771831647.425522938] [imu_filter]: Parameter RLController.pid_ki_ang set to 0.000000
[imu_filter_madgwick_node-3] [INFO] [1771831647.425574779] [imu_filter]: Parameter RLController.pid_kd_ang set to 0.100236
[imu_filter_madgwick_node-3] [INFO] [1771831647.833511721] [imu_filter]: Parameter RLController.pid_kp_lin set to 1.207974
[imu_filter_madgwick_node-3] [INFO] [1771831647.833828880] [imu_filter]: Parameter RLController.pid_ki_lin set to 0.000000
[imu_filter_madgwick_node-3] [INFO] [1771831647.833907890] [imu_filter]: Parameter RLController.pid_kd_lin set to 0.020000
[imu_filter_madgwick_node-3] [INFO] [1771831647.833967699] [imu_filter]: Parameter RLController.pid_kp_ang set to 1.230000
[imu_filter_madgwick_node-3] [INFO] [1771831647.834020596] [imu_filter]: Parameter RLController.pid_ki_ang set to 0.000000
[imu_filter_madgwick_node-3] [INFO] [1771831647.834070261] [imu_filter]: Parameter RLController.pid_kd_ang set to 0.100236
[imu_filter_madgwick_node-3] [INFO] [1771831648.280409745] [imu_filter]: Parameter RLController.pid_kp_lin set to 1.207974
[imu_filter_madgwick_node-3] [INFO] [1771831648.280828251] [imu_filter]: Parameter RLController.pid_ki_lin set to 0.000000
[imu_filter_madgwick_node-3] [INFO] [1771831648.280906364] [imu_filter]: Parameter RLController.pid_kd_lin set to 0.020000
[imu_filter_madgwick_node-3] [INFO] [1771831648.280983710] [imu_filter]: Parameter RLController.pid_kp_ang set to 1.230000
[imu_filter_madgwick_node-3] [INFO] [1771831648.281039487] [imu_filter]: Parameter RLController.pid_ki_ang set to 0.000000
[imu_filter_madgwick_node-3] [INFO] [1771831648.281137858] [imu_filter]: Parameter RLController.pid_kd_ang set to 0.100236
[imu_filter_madgwick_node-3] [INFO] [1771831648.706257912] [imu_filter]: Parameter RLController.pid_kp_lin set to 1.207974
[imu_filter_madgwick_node-3] [INFO] [1771831648.706447132] [imu_filter]: Parameter RLController.pid_ki_lin set to 0.000000
[imu_filter_madgwick_node-3] [INFO] [1771831648.706509534] [imu_filter]: Parameter RLController.pid_kd_lin set to 0.020000
[imu_filter_madgwick_node-3] [INFO] [1771831648.706569695] [imu_filter]: Parameter RLController.pid_kp_ang set to 1.230000
[imu_filter_madgwick_node-3] [INFO] [1771831648.706621600] [imu_filter]: Parameter RLController.pid_ki_ang set to 0.000000
[imu_filter_madgwick_node-3] [INFO] [1771831648.706674146] [imu_filter]: Parameter RLController.pid_kd_ang set to 0.100236
[imu_filter_madgwick_node-3] [INFO] [1771831649.120046220] [imu_filter]: Parameter RLController.pid_kp_lin set to 1.207974
[imu_filter_madgwick_node-3] [INFO] [1771831649.120421012] [imu_filter]: Parameter RLController.pid_ki_lin set to 0.000000
[imu_filter_madgwick_node-3] [INFO] [1771831649.120512630] [imu_filter]: Parameter RLController.pid_kd_lin set to 0.020000
[imu_filter_madgwick_node-3] [INFO] [1771831649.120574232] [imu_filter]: Parameter RLController.pid_kp_ang set to 1.230000
[imu_filter_madgwick_node-3] [INFO] [1771831649.120628697] [imu_filter]: Parameter RLController.pid_ki_ang set to 0.000000
[imu_filter_madgwick_node-3] [INFO] [1771831649.120682074] [imu_filter]: Parameter RLController.pid_kd_ang set to 0.100236
[imu_filter_madgwick_node-3] [INFO] [1771831649.562161703] [imu_filter]: Parameter RLController.pid_kp_lin set to 1.207974
[imu_filter_madgwick_node-3] [INFO] [1771831649.564414042] [imu_filter]: Parameter RLController.pid_ki_lin set to 0.000000
[imu_filter_madgwick_node-3] [INFO] [1771831649.564587678] [imu_filter]: Parameter RLController.pid_kd_lin set to 0.020000
[imu_filter_madgwick_node-3] [INFO] [1771831649.564653440] [imu_filter]: Parameter RLController.pid_kp_ang set to 1.230000
[imu_filter_madgwick_node-3] [INFO] [1771831649.564708225] [imu_filter]: Parameter RLController.pid_ki_ang set to 0.000000
[imu_filter_madgwick_node-3] [INFO] [1771831649.564759778] [imu_filter]: Parameter RLController.pid_kd_ang set to 0.100236
[imu_filter_madgwick_node-3] [INFO] [1771831649.975687732] [imu_filter]: Parameter RLController.pid_kp_lin set to 1.207974
[imu_filter_madgwick_node-3] [INFO] [1771831649.976037340] [imu_filter]: Parameter RLController.pid_ki_lin set to 0.000000
[imu_filter_madgwick_node-3] [INFO] [1771831649.976117854] [imu_filter]: Parameter RLController.pid_kd_lin set to 0.020000
[imu_filter_madgwick_node-3] [INFO] [1771831649.976485510] [imu_filter]: Parameter RLController.pid_kp_ang set to 1.230000
[imu_filter_madgwick_node-3] [INFO] [1771831649.976562344] [imu_filter]: Parameter RLController.pid_ki_ang set to 0.000000
[imu_filter_madgwick_node-3] [INFO] [1771831649.976618441] [imu_filter]: Parameter RLController.pid_kd_ang set to 0.100236
[imu_filter_madgwick_node-3] [INFO] [1771831650.409442416] [imu_filter]: Parameter RLController.pid_kp_lin set to 1.207974
[imu_filter_madgwick_node-3] [INFO] [1771831650.409647413] [imu_filter]: Parameter RLController.pid_ki_lin set to 0.000000
[imu_filter_madgwick_node-3] [INFO] [1771831650.412472853] [imu_filter]: Parameter RLController.pid_kd_lin set to 0.020000
[imu_filter_madgwick_node-3] [INFO] [1771831650.412656954] [imu_filter]: Parameter RLController.pid_kp_ang set to 1.230000
[imu_filter_madgwick_node-3] [INFO] [1771831650.412718491] [imu_filter]: Parameter RLController.pid_ki_ang set to 0.000000
[imu_filter_madgwick_node-3] [INFO] [1771831650.412772316] [imu_filter]: Parameter RLController.pid_kd_ang set to 0.100236
[imu_filter_madgwick_node-3] [INFO] [1771831650.826949593] [imu_filter]: Parameter RLController.pid_kp_lin set to 1.207974
[imu_filter_madgwick_node-3] [INFO] [1771831650.827157437] [imu_filter]: Parameter RLController.pid_ki_lin set to 0.000000
[imu_filter_madgwick_node-3] [INFO] [1771831650.827222975] [imu_filter]: Parameter RLController.pid_kd_lin set to 0.020000
[imu_filter_madgwick_node-3] [INFO] [1771831650.830033247] [imu_filter]: Parameter RLController.pid_kp_ang set to 1.230000
[imu_filter_madgwick_node-3] [INFO] [1771831650.830223523] [imu_filter]: Parameter RLController.pid_ki_ang set to 0.000000
[imu_filter_madgwick_node-3] [INFO] [1771831650.830288581] [imu_filter]: Parameter RLController.pid_kd_ang set to 0.100236
[imu_filter_madgwick_node-3] [INFO] [1771831651.239072806] [imu_filter]: Parameter RLController.pid_kp_lin set to 1.207974
[imu_filter_madgwick_node-3] [INFO] [1771831651.239305995] [imu_filter]: Parameter RLController.pid_ki_lin set to 0.000000
[imu_filter_madgwick_node-3] [INFO] [1771831651.239374189] [imu_filter]: Parameter RLController.pid_kd_lin set to 0.020000
[imu_filter_madgwick_node-3] [INFO] [1771831651.241670817] [imu_filter]: Parameter RLController.pid_kp_ang set to 1.230000
[imu_filter_madgwick_node-3] [INFO] [1771831651.241859078] [imu_filter]: Parameter RLController.pid_ki_ang set to 0.000000
[imu_filter_madgwick_node-3] [INFO] [1771831651.241920231] [imu_filter]: Parameter RLController.pid_kd_ang set to 0.100236
[imu_filter_madgwick_node-3] [INFO] [1771831651.664082618] [imu_filter]: Parameter RLController.pid_kp_lin set to 1.207974
[imu_filter_madgwick_node-3] [INFO] [1771831651.664274014] [imu_filter]: Parameter RLController.pid_ki_lin set to 0.000000
[imu_filter_madgwick_node-3] [INFO] [1771831651.665748608] [imu_filter]: Parameter RLController.pid_kd_lin set to 0.020000
[imu_filter_madgwick_node-3] [INFO] [1771831651.665896611] [imu_filter]: Parameter RLController.pid_kp_ang set to 1.230000
[imu_filter_madgwick_node-3] [INFO] [1771831651.666096456] [imu_filter]: Parameter RLController.pid_ki_ang set to 0.000000
[imu_filter_madgwick_node-3] [INFO] [1771831651.666163210] [imu_filter]: Parameter RLController.pid_kd_ang set to 0.100236
[imu_filter_madgwick_node-3] [INFO] [1771831652.102845544] [imu_filter]: Parameter RLController.pid_kp_lin set to 1.207974
[imu_filter_madgwick_node-3] [INFO] [1771831652.103079214] [imu_filter]: Parameter RLController.pid_ki_lin set to 0.000000
[imu_filter_madgwick_node-3] [INFO] [1771831652.103147311] [imu_filter]: Parameter RLController.pid_kd_lin set to 0.020000
[imu_filter_madgwick_node-3] [INFO] [1771831652.103207569] [imu_filter]: Parameter RLController.pid_kp_ang set to 1.230000
[imu_filter_madgwick_node-3] [INFO] [1771831652.103261010] [imu_filter]: Parameter RLController.pid_ki_ang set to 0.000000
[imu_filter_madgwick_node-3] [INFO] [1771831652.103312915] [imu_filter]: Parameter RLController.pid_kd_ang set to 0.100236
[imu_filter_madgwick_node-3] [INFO] [1771831652.576769435] [imu_filter]: Parameter RLController.pid_kp_lin set to 1.207974
[imu_filter_madgwick_node-3] [INFO] [1771831652.577103458] [imu_filter]: Parameter RLController.pid_ki_lin set to 0.000000
[imu_filter_madgwick_node-3] [INFO] [1771831652.577184068] [imu_filter]: Parameter RLController.pid_kd_lin set to 0.020000
[imu_filter_madgwick_node-3] [INFO] [1771831652.577245670] [imu_filter]: Parameter RLController.pid_kp_ang set to 1.230000
[imu_filter_madgwick_node-3] [INFO] [1771831652.577301543] [imu_filter]: Parameter RLController.pid_ki_ang set to 0.000000
[imu_filter_madgwick_node-3] [INFO] [1771831652.577355208] [imu_filter]: Parameter RLController.pid_kd_ang set to 0.100236
[imu_filter_madgwick_node-3] [INFO] [1771831652.995739461] [imu_filter]: Parameter RLController.pid_kp_lin set to 1.207974
[imu_filter_madgwick_node-3] [INFO] [1771831652.995940905] [imu_filter]: Parameter RLController.pid_ki_lin set to 0.000000
[imu_filter_madgwick_node-3] [INFO] [1771831652.996011307] [imu_filter]: Parameter RLController.pid_kd_lin set to 0.020000
[imu_filter_madgwick_node-3] [INFO] [1771831652.996066924] [imu_filter]: Parameter RLController.pid_kp_ang set to 1.230000
[imu_filter_madgwick_node-3] [INFO] [1771831652.996117709] [imu_filter]: Parameter RLController.pid_ki_ang set to 0.000000
[imu_filter_madgwick_node-3] [INFO] [1771831652.996167854] [imu_filter]: Parameter RLController.pid_kd_ang set to 0.100236
[imu_filter_madgwick_node-3] [INFO] [1771831653.414623437] [imu_filter]: Parameter RLController.pid_kp_lin set to 1.207974
[imu_filter_madgwick_node-3] [INFO] [1771831653.416489815] [imu_filter]: Parameter RLController.pid_ki_lin set to 0.000000
[imu_filter_madgwick_node-3] [INFO] [1771831653.416649211] [imu_filter]: Parameter RLController.pid_kd_lin set to 0.020000
[imu_filter_madgwick_node-3] [INFO] [1771831653.416751069] [imu_filter]: Parameter RLController.pid_kp_ang set to 1.230000
[imu_filter_madgwick_node-3] [INFO] [1771831653.416816639] [imu_filter]: Parameter RLController.pid_ki_ang set to 0.000000
[imu_filter_madgwick_node-3] [INFO] [1771831653.416871488] [imu_filter]: Parameter RLController.pid_kd_ang set to 0.100236
[imu_filter_madgwick_node-3] [INFO] [1771831653.824763437] [imu_filter]: Parameter RLController.pid_kp_lin set to 1.207974
[imu_filter_madgwick_node-3] [INFO] [1771831653.825300185] [imu_filter]: Parameter RLController.pid_ki_lin set to 0.000000
[imu_filter_madgwick_node-3] [INFO] [1771831653.825403195] [imu_filter]: Parameter RLController.pid_kd_lin set to 0.020000
[imu_filter_madgwick_node-3] [INFO] [1771831653.825467549] [imu_filter]: Parameter RLController.pid_kp_ang set to 1.230000
[imu_filter_madgwick_node-3] [INFO] [1771831653.825522270] [imu_filter]: Parameter RLController.pid_ki_ang set to 0.000000
[imu_filter_madgwick_node-3] [INFO] [1771831653.825750147] [imu_filter]: Parameter RLController.pid_kd_ang set to 0.100236
[imu_filter_madgwick_node-3] [INFO] [1771831654.241333088] [imu_filter]: Parameter RLController.pid_kp_lin set to 1.207974
[imu_filter_madgwick_node-3] [INFO] [1771831654.241534372] [imu_filter]: Parameter RLController.pid_ki_lin set to 0.000000
[imu_filter_madgwick_node-3] [INFO] [1771831654.243281836] [imu_filter]: Parameter RLController.pid_kd_lin set to 0.020000
[imu_filter_madgwick_node-3] [INFO] [1771831654.243449392] [imu_filter]: Parameter RLController.pid_kp_ang set to 1.230000
[imu_filter_madgwick_node-3] [INFO] [1771831654.243550706] [imu_filter]: Parameter RLController.pid_ki_ang set to 0.000000
[imu_filter_madgwick_node-3] [INFO] [1771831654.243629844] [imu_filter]: Parameter RLController.pid_kd_ang set to 0.100236
[imu_filter_madgwick_node-3] [INFO] [1771831654.665600451] [imu_filter]: Parameter RLController.pid_kp_lin set to 1.207974
[imu_filter_madgwick_node-3] [INFO] [1771831654.665958219] [imu_filter]: Parameter RLController.pid_ki_lin set to 0.000000
[imu_filter_madgwick_node-3] [INFO] [1771831654.666057357] [imu_filter]: Parameter RLController.pid_kd_lin set to 0.020000
[imu_filter_madgwick_node-3] [INFO] [1771831654.666242353] [imu_filter]: Parameter RLController.pid_kp_ang set to 1.230000
[imu_filter_madgwick_node-3] [INFO] [1771831654.666306707] [imu_filter]: Parameter RLController.pid_ki_ang set to 0.000000
[imu_filter_madgwick_node-3] [INFO] [1771831654.666360596] [imu_filter]: Parameter RLController.pid_kd_ang set to 0.100236
[imu_filter_madgwick_node-3] [INFO] [1771831655.089776612] [imu_filter]: Parameter RLController.pid_kp_lin set to 1.207974
[imu_filter_madgwick_node-3] [INFO] [1771831655.090095147] [imu_filter]: Parameter RLController.pid_ki_lin set to 0.000000
[imu_filter_madgwick_node-3] [INFO] [1771831655.090168749] [imu_filter]: Parameter RLController.pid_kd_lin set to 0.020000
[imu_filter_madgwick_node-3] [INFO] [1771831655.090230094] [imu_filter]: Parameter RLController.pid_kp_ang set to 1.230000
[imu_filter_madgwick_node-3] [INFO] [1771831655.090284719] [imu_filter]: Parameter RLController.pid_ki_ang set to 0.000000
[imu_filter_madgwick_node-3] [INFO] [1771831655.090338481] [imu_filter]: Parameter RLController.pid_kd_ang set to 0.100236
[imu_filter_madgwick_node-3] [INFO] [1771831655.527685471] [imu_filter]: Parameter RLController.pid_kp_lin set to 1.207974
[imu_filter_madgwick_node-3] [INFO] [1771831655.527883491] [imu_filter]: Parameter RLController.pid_ki_lin set to 0.000000
[imu_filter_madgwick_node-3] [INFO] [1771831655.527949509] [imu_filter]: Parameter RLController.pid_kd_lin set to 0.020000
[imu_filter_madgwick_node-3] [INFO] [1771831655.528008806] [imu_filter]: Parameter RLController.pid_kp_ang set to 1.230000
[imu_filter_madgwick_node-3] [INFO] [1771831655.528063303] [imu_filter]: Parameter RLController.pid_ki_ang set to 0.000000
[imu_filter_madgwick_node-3] [INFO] [1771831655.528132553] [imu_filter]: Parameter RLController.pid_kd_ang set to 0.100236
[imu_filter_madgwick_node-3] [INFO] [1771831655.939688137] [imu_filter]: Parameter RLController.pid_kp_lin set to 1.207974
[imu_filter_madgwick_node-3] [INFO] [1771831655.939897550] [imu_filter]: Parameter RLController.pid_ki_lin set to 0.000000
[imu_filter_madgwick_node-3] [INFO] [1771831655.939966192] [imu_filter]: Parameter RLController.pid_kd_lin set to 0.020000
[imu_filter_madgwick_node-3] [INFO] [1771831655.940028305] [imu_filter]: Parameter RLController.pid_kp_ang set to 1.230000
[imu_filter_madgwick_node-3] [INFO] [1771831655.940082290] [imu_filter]: Parameter RLController.pid_ki_ang set to 0.000000
[imu_filter_madgwick_node-3] [INFO] [1771831655.940136243] [imu_filter]: Parameter RLController.pid_kd_ang set to 0.100236
[imu_filter_madgwick_node-3] [INFO] [1771831656.354479284] [imu_filter]: Parameter RLController.pid_kp_lin set to 1.207974
[imu_filter_madgwick_node-3] [INFO] [1771831656.354690488] [imu_filter]: Parameter RLController.pid_ki_lin set to 0.000000
[imu_filter_madgwick_node-3] [INFO] [1771831656.354756666] [imu_filter]: Parameter RLController.pid_kd_lin set to 0.020000
[imu_filter_madgwick_node-3] [INFO] [1771831656.354829660] [imu_filter]: Parameter RLController.pid_kp_ang set to 1.230000
[imu_filter_madgwick_node-3] [INFO] [1771831656.354885533] [imu_filter]: Parameter RLController.pid_ki_ang set to 0.000000
[imu_filter_madgwick_node-3] [INFO] [1771831656.354937150] [imu_filter]: Parameter RLController.pid_kd_ang set to 0.100236
[imu_filter_madgwick_node-3] [INFO] [1771831656.769928173] [imu_filter]: Parameter RLController.pid_kp_lin set to 1.207974
[imu_filter_madgwick_node-3] [INFO] [1771831656.770250900] [imu_filter]: Parameter RLController.pid_ki_lin set to 0.000000
[imu_filter_madgwick_node-3] [INFO] [1771831656.770327286] [imu_filter]: Parameter RLController.pid_kd_lin set to 0.020000
[imu_filter_madgwick_node-3] [INFO] [1771831656.770386136] [imu_filter]: Parameter RLController.pid_kp_ang set to 1.230000
[imu_filter_madgwick_node-3] [INFO] [1771831656.770459321] [imu_filter]: Parameter RLController.pid_ki_ang set to 0.000000
[imu_filter_madgwick_node-3] [INFO] [1771831656.770517051] [imu_filter]: Parameter RLController.pid_kd_ang set to 0.100236
[imu_filter_madgwick_node-3] [INFO] [1771831657.191224172] [imu_filter]: Parameter RLController.pid_kp_lin set to 1.207974
[imu_filter_madgwick_node-3] [INFO] [1771831657.191462066] [imu_filter]: Parameter RLController.pid_ki_lin set to 0.000000
[imu_filter_madgwick_node-3] [INFO] [1771831657.191560244] [imu_filter]: Parameter RLController.pid_kd_lin set to 0.020000
[imu_filter_madgwick_node-3] [INFO] [1771831657.191625877] [imu_filter]: Parameter RLController.pid_kp_ang set to 1.230000
[imu_filter_madgwick_node-3] [INFO] [1771831657.191683703] [imu_filter]: Parameter RLController.pid_ki_ang set to 0.000000
[imu_filter_madgwick_node-3] [INFO] [1771831657.191739448] [imu_filter]: Parameter RLController.pid_kd_ang set to 0.100236
[imu_filter_madgwick_node-3] [INFO] [1771831657.614427447] [imu_filter]: Parameter RLController.pid_kp_lin set to 1.207974
[imu_filter_madgwick_node-3] [INFO] [1771831657.614624603] [imu_filter]: Parameter RLController.pid_ki_lin set to 0.000000
[imu_filter_madgwick_node-3] [INFO] [1771831657.614699613] [imu_filter]: Parameter RLController.pid_kd_lin set to 0.020000
[imu_filter_madgwick_node-3] [INFO] [1771831657.614758846] [imu_filter]: Parameter RLController.pid_kp_ang set to 1.230000
[imu_filter_madgwick_node-3] [INFO] [1771831657.614811232] [imu_filter]: Parameter RLController.pid_ki_ang set to 0.000000
[imu_filter_madgwick_node-3] [INFO] [1771831657.614976515] [imu_filter]: Parameter RLController.pid_kd_ang set to 0.100236
[imu_filter_madgwick_node-3] [INFO] [1771831658.025028705] [imu_filter]: Parameter RLController.pid_kp_lin set to 1.207974
[imu_filter_madgwick_node-3] [INFO] [1771831658.025250599] [imu_filter]: Parameter RLController.pid_ki_lin set to 0.000000
[imu_filter_madgwick_node-3] [INFO] [1771831658.025317416] [imu_filter]: Parameter RLController.pid_kd_lin set to 0.020000
[imu_filter_madgwick_node-3] [INFO] [1771831658.025374281] [imu_filter]: Parameter RLController.pid_kp_ang set to 1.230000
[imu_filter_madgwick_node-3] [INFO] [1771831658.025444811] [imu_filter]: Parameter RLController.pid_ki_ang set to 0.000000
[imu_filter_madgwick_node-3] [INFO] [1771831658.025503564] [imu_filter]: Parameter RLController.pid_kd_ang set to 0.100236
[imu_filter_madgwick_node-3] [INFO] [1771831658.447364376] [imu_filter]: Parameter RLController.pid_kp_lin set to 1.207974
[imu_filter_madgwick_node-3] [INFO] [1771831658.447595230] [imu_filter]: Parameter RLController.pid_ki_lin set to 0.000000
[imu_filter_madgwick_node-3] [INFO] [1771831658.447666335] [imu_filter]: Parameter RLController.pid_kd_lin set to 0.020000
[imu_filter_madgwick_node-3] [INFO] [1771831658.447730145] [imu_filter]: Parameter RLController.pid_kp_ang set to 1.230000
[imu_filter_madgwick_node-3] [INFO] [1771831658.447783554] [imu_filter]: Parameter RLController.pid_ki_ang set to 0.000000
[imu_filter_madgwick_node-3] [INFO] [1771831658.447836259] [imu_filter]: Parameter RLController.pid_kd_ang set to 0.100236
[imu_filter_madgwick_node-3] [INFO] [1771831658.851321483] [imu_filter]: Parameter RLController.pid_kp_lin set to 1.207974
[imu_filter_madgwick_node-3] [INFO] [1771831658.852360899] [imu_filter]: Parameter RLController.pid_ki_lin set to 0.000000
[imu_filter_madgwick_node-3] [INFO] [1771831658.852518150] [imu_filter]: Parameter RLController.pid_kd_lin set to 0.020000
[imu_filter_madgwick_node-3] [INFO] [1771831658.852582984] [imu_filter]: Parameter RLController.pid_kp_ang set to 1.230000
[imu_filter_madgwick_node-3] [INFO] [1771831658.852638665] [imu_filter]: Parameter RLController.pid_ki_ang set to 0.000000
[imu_filter_madgwick_node-3] [INFO] [1771831658.852692106] [imu_filter]: Parameter RLController.pid_kd_ang set to 0.100236
[imu_filter_madgwick_node-3] [INFO] [1771831659.269193756] [imu_filter]: Parameter RLController.pid_kp_lin set to 1.207974
[imu_filter_madgwick_node-3] [INFO] [1771831659.269452802] [imu_filter]: Parameter RLController.pid_ki_lin set to 0.000000
[imu_filter_madgwick_node-3] [INFO] [1771831659.269535652] [imu_filter]: Parameter RLController.pid_kd_lin set to 0.020000
[imu_filter_madgwick_node-3] [INFO] [1771831659.269598693] [imu_filter]: Parameter RLController.pid_kp_ang set to 1.230000
[imu_filter_madgwick_node-3] [INFO] [1771831659.269654054] [imu_filter]: Parameter RLController.pid_ki_ang set to 0.000000
[imu_filter_madgwick_node-3] [INFO] [1771831659.269709320] [imu_filter]: Parameter RLController.pid_kd_ang set to 0.100236
[imu_filter_madgwick_node-3] [INFO] [1771831659.693782726] [imu_filter]: Parameter RLController.pid_kp_lin set to 1.207974
[imu_filter_madgwick_node-3] [INFO] [1771831659.693980555] [imu_filter]: Parameter RLController.pid_ki_lin set to 0.000000
[imu_filter_madgwick_node-3] [INFO] [1771831659.694052524] [imu_filter]: Parameter RLController.pid_kd_lin set to 0.020000
[imu_filter_madgwick_node-3] [INFO] [1771831659.694226512] [imu_filter]: Parameter RLController.pid_kp_ang set to 1.230000
[imu_filter_madgwick_node-3] [INFO] [1771831659.694286578] [imu_filter]: Parameter RLController.pid_ki_ang set to 0.000000
[imu_filter_madgwick_node-3] [INFO] [1771831659.694342355] [imu_filter]: Parameter RLController.pid_kd_ang set to 0.100236
[imu_filter_madgwick_node-3] [INFO] [1771831660.114490872] [imu_filter]: Parameter RLController.pid_kp_lin set to 1.207974
[imu_filter_madgwick_node-3] [INFO] [1771831660.117726306] [imu_filter]: Parameter RLController.pid_ki_lin set to 0.000000
[imu_filter_madgwick_node-3] [INFO] [1771831660.117911974] [imu_filter]: Parameter RLController.pid_kd_lin set to 0.020000
[imu_filter_madgwick_node-3] [INFO] [1771831660.117983912] [imu_filter]: Parameter RLController.pid_kp_ang set to 1.230000
[imu_filter_madgwick_node-3] [INFO] [1771831660.118042697] [imu_filter]: Parameter RLController.pid_ki_ang set to 0.000000
[imu_filter_madgwick_node-3] [INFO] [1771831660.118097194] [imu_filter]: Parameter RLController.pid_kd_ang set to 0.100236
[imu_filter_madgwick_node-3] [INFO] [1771831660.540330271] [imu_filter]: Parameter RLController.pid_kp_lin set to 1.207974
[imu_filter_madgwick_node-3] [INFO] [1771831660.540521699] [imu_filter]: Parameter RLController.pid_ki_lin set to 0.000000
[imu_filter_madgwick_node-3] [INFO] [1771831660.540586117] [imu_filter]: Parameter RLController.pid_kd_lin set to 0.020000
[imu_filter_madgwick_node-3] [INFO] [1771831660.540643142] [imu_filter]: Parameter RLController.pid_kp_ang set to 1.230000
[imu_filter_madgwick_node-3] [INFO] [1771831660.540695079] [imu_filter]: Parameter RLController.pid_ki_ang set to 0.000000
[imu_filter_madgwick_node-3] [INFO] [1771831660.540746568] [imu_filter]: Parameter RLController.pid_kd_ang set to 0.100236
[imu_filter_madgwick_node-3] [INFO] [1771831660.960732330] [imu_filter]: Parameter RLController.pid_kp_lin set to 1.207974
[imu_filter_madgwick_node-3] [INFO] [1771831660.961156307] [imu_filter]: Parameter RLController.pid_ki_lin set to 0.000000
[imu_filter_madgwick_node-3] [INFO] [1771831660.961228821] [imu_filter]: Parameter RLController.pid_kd_lin set to 0.020000
[imu_filter_madgwick_node-3] [INFO] [1771831660.961287702] [imu_filter]: Parameter RLController.pid_kp_ang set to 1.230000
[imu_filter_madgwick_node-3] [INFO] [1771831660.961340568] [imu_filter]: Parameter RLController.pid_ki_ang set to 0.000000
[imu_filter_madgwick_node-3] [INFO] [1771831660.961391897] [imu_filter]: Parameter RLController.pid_kd_ang set to 0.100236
[imu_filter_madgwick_node-3] [INFO] [1771831661.378803423] [imu_filter]: Parameter RLController.pid_kp_lin set to 1.207974
[imu_filter_madgwick_node-3] [INFO] [1771831661.379128678] [imu_filter]: Parameter RLController.pid_ki_lin set to 0.000000
[imu_filter_madgwick_node-3] [INFO] [1771831661.379215304] [imu_filter]: Parameter RLController.pid_kd_lin set to 0.020000
[imu_filter_madgwick_node-3] [INFO] [1771831661.379278282] [imu_filter]: Parameter RLController.pid_kp_ang set to 1.230000
[imu_filter_madgwick_node-3] [INFO] [1771831661.379334443] [imu_filter]: Parameter RLController.pid_ki_ang set to 0.000000
[imu_filter_madgwick_node-3] [INFO] [1771831661.379386028] [imu_filter]: Parameter RLController.pid_kd_ang set to 0.100236
[imu_filter_madgwick_node-3] [INFO] [1771831661.793257378] [imu_filter]: Parameter RLController.pid_kp_lin set to 1.207974
[imu_filter_madgwick_node-3] [INFO] [1771831661.793461222] [imu_filter]: Parameter RLController.pid_ki_lin set to 0.000000
[imu_filter_madgwick_node-3] [INFO] [1771831661.793531080] [imu_filter]: Parameter RLController.pid_kd_lin set to 0.020000
[imu_filter_madgwick_node-3] [INFO] [1771831661.795492149] [imu_filter]: Parameter RLController.pid_kp_ang set to 1.230000
[imu_filter_madgwick_node-3] [INFO] [1771831661.795820252] [imu_filter]: Parameter RLController.pid_ki_ang set to 0.000000
[imu_filter_madgwick_node-3] [INFO] [1771831661.795889406] [imu_filter]: Parameter RLController.pid_kd_ang set to 0.100236
[imu_filter_madgwick_node-3] [INFO] [1771831662.212321038] [imu_filter]: Parameter RLController.pid_kp_lin set to 1.207974
[imu_filter_madgwick_node-3] [INFO] [1771831662.212540947] [imu_filter]: Parameter RLController.pid_ki_lin set to 0.000000
[imu_filter_madgwick_node-3] [INFO] [1771831662.212614260] [imu_filter]: Parameter RLController.pid_kd_lin set to 0.020000
[imu_filter_madgwick_node-3] [INFO] [1771831662.215382132] [imu_filter]: Parameter RLController.pid_kp_ang set to 1.230000
[imu_filter_madgwick_node-3] [INFO] [1771831662.215585176] [imu_filter]: Parameter RLController.pid_ki_ang set to 0.000000
[imu_filter_madgwick_node-3] [INFO] [1771831662.216182118] [imu_filter]: Parameter RLController.pid_kd_ang set to 0.100236
[imu_filter_madgwick_node-3] [INFO] [1771831662.628636539] [imu_filter]: Parameter RLController.pid_kp_lin set to 1.207974
[imu_filter_madgwick_node-3] [INFO] [1771831662.633752272] [imu_filter]: Parameter RLController.pid_ki_lin set to 0.000000
[imu_filter_madgwick_node-3] [INFO] [1771831662.638321656] [imu_filter]: Parameter RLController.pid_kd_lin set to 0.020000
[imu_filter_madgwick_node-3] [INFO] [1771831662.643862551] [imu_filter]: Parameter RLController.pid_kp_ang set to 1.230000
[imu_filter_madgwick_node-3] [INFO] [1771831662.644199935] [imu_filter]: Parameter RLController.pid_ki_ang set to 0.000000
[imu_filter_madgwick_node-3] [INFO] [1771831662.644280449] [imu_filter]: Parameter RLController.pid_kd_ang set to 0.100236
[imu_filter_madgwick_node-3] [INFO] [1771831663.045165869] [imu_filter]: Parameter RLController.pid_kp_lin set to 1.207974
[imu_filter_madgwick_node-3] [INFO] [1771831663.045475764] [imu_filter]: Parameter RLController.pid_ki_lin set to 0.000000
[imu_filter_madgwick_node-3] [INFO] [1771831663.045592823] [imu_filter]: Parameter RLController.pid_kd_lin set to 0.020000
[imu_filter_madgwick_node-3] [INFO] [1771831663.049390414] [imu_filter]: Parameter RLController.pid_kp_ang set to 1.230000
[imu_filter_madgwick_node-3] [INFO] [1771831663.049575314] [imu_filter]: Parameter RLController.pid_ki_ang set to 0.000000
[imu_filter_madgwick_node-3] [INFO] [1771831663.049638963] [imu_filter]: Parameter RLController.pid_kd_ang set to 0.100236
[imu_filter_madgwick_node-3] [INFO] [1771831663.462154026] [imu_filter]: Parameter RLController.pid_kp_lin set to 1.207974
[imu_filter_madgwick_node-3] [INFO] [1771831663.462361743] [imu_filter]: Parameter RLController.pid_ki_lin set to 0.000000
[imu_filter_madgwick_node-3] [INFO] [1771831663.462429488] [imu_filter]: Parameter RLController.pid_kd_lin set to 0.020000
[imu_filter_madgwick_node-3] [INFO] [1771831663.462486001] [imu_filter]: Parameter RLController.pid_kp_ang set to 1.230000
[imu_filter_madgwick_node-3] [INFO] [1771831663.462538323] [imu_filter]: Parameter RLController.pid_ki_ang set to 0.000000
[imu_filter_madgwick_node-3] [INFO] [1771831663.462590260] [imu_filter]: Parameter RLController.pid_kd_ang set to 0.100236
[imu_filter_madgwick_node-3] [INFO] [1771831663.893187784] [imu_filter]: Parameter RLController.pid_kp_lin set to 1.207974
[imu_filter_madgwick_node-3] [INFO] [1771831663.894223263] [imu_filter]: Parameter RLController.pid_ki_lin set to 0.000000
[imu_filter_madgwick_node-3] [INFO] [1771831663.894491781] [imu_filter]: Parameter RLController.pid_kd_lin set to 0.020000
[imu_filter_madgwick_node-3] [INFO] [1771831663.894557383] [imu_filter]: Parameter RLController.pid_kp_ang set to 1.230000
[imu_filter_madgwick_node-3] [INFO] [1771831663.896311023] [imu_filter]: Parameter RLController.pid_ki_ang set to 0.000000
[imu_filter_madgwick_node-3] [INFO] [1771831663.896442482] [imu_filter]: Parameter RLController.pid_kd_ang set to 0.100236
[imu_filter_madgwick_node-3] [INFO] [1771831664.301612608] [imu_filter]: Parameter RLController.pid_kp_lin set to 1.207974
[imu_filter_madgwick_node-3] [INFO] [1771831664.301811525] [imu_filter]: Parameter RLController.pid_ki_lin set to 0.000000
[imu_filter_madgwick_node-3] [INFO] [1771831664.301883591] [imu_filter]: Parameter RLController.pid_kd_lin set to 0.020000
[imu_filter_madgwick_node-3] [INFO] [1771831664.301943656] [imu_filter]: Parameter RLController.pid_kp_ang set to 1.230000
[imu_filter_madgwick_node-3] [INFO] [1771831664.301997193] [imu_filter]: Parameter RLController.pid_ki_ang set to 0.000000
[imu_filter_madgwick_node-3] [INFO] [1771831664.302048138] [imu_filter]: Parameter RLController.pid_kd_ang set to 0.100236
[imu_filter_madgwick_node-3] [INFO] [1771831664.719683190] [imu_filter]: Parameter RLController.pid_kp_lin set to 1.207974
[imu_filter_madgwick_node-3] [INFO] [1771831664.719878682] [imu_filter]: Parameter RLController.pid_ki_lin set to 0.000000
[imu_filter_madgwick_node-3] [INFO] [1771831664.719942972] [imu_filter]: Parameter RLController.pid_kd_lin set to 0.020000
[imu_filter_madgwick_node-3] [INFO] [1771831664.720002557] [imu_filter]: Parameter RLController.pid_kp_ang set to 1.230000
[imu_filter_madgwick_node-3] [INFO] [1771831664.720055326] [imu_filter]: Parameter RLController.pid_ki_ang set to 0.000000
[imu_filter_madgwick_node-3] [INFO] [1771831664.720106079] [imu_filter]: Parameter RLController.pid_kd_ang set to 0.100236
[imu_filter_madgwick_node-3] [INFO] [1771831665.169361630] [imu_filter]: Parameter RLController.pid_kp_lin set to 1.207974
[imu_filter_madgwick_node-3] [INFO] [1771831665.169590851] [imu_filter]: Parameter RLController.pid_ki_lin set to 0.000000
[imu_filter_madgwick_node-3] [INFO] [1771831665.169664773] [imu_filter]: Parameter RLController.pid_kd_lin set to 0.020000
[imu_filter_madgwick_node-3] [INFO] [1771831665.169724454] [imu_filter]: Parameter RLController.pid_kp_ang set to 1.230000
[imu_filter_madgwick_node-3] [INFO] [1771831665.169778663] [imu_filter]: Parameter RLController.pid_ki_ang set to 0.000000
[imu_filter_madgwick_node-3] [INFO] [1771831665.169831304] [imu_filter]: Parameter RLController.pid_kd_ang set to 0.100236
[imu_filter_madgwick_node-3] [INFO] [1771831665.572582816] [imu_filter]: Parameter RLController.pid_kp_lin set to 1.207974
[imu_filter_madgwick_node-3] [INFO] [1771831665.572769412] [imu_filter]: Parameter RLController.pid_ki_lin set to 0.000000
[imu_filter_madgwick_node-3] [INFO] [1771831665.572832645] [imu_filter]: Parameter RLController.pid_kd_lin set to 0.020000
[imu_filter_madgwick_node-3] [INFO] [1771831665.572891175] [imu_filter]: Parameter RLController.pid_kp_ang set to 1.230000
[imu_filter_madgwick_node-3] [INFO] [1771831665.572943752] [imu_filter]: Parameter RLController.pid_ki_ang set to 0.000000
[imu_filter_madgwick_node-3] [INFO] [1771831665.572995849] [imu_filter]: Parameter RLController.pid_kd_ang set to 0.100236
[imu_filter_madgwick_node-3] [INFO] [1771831665.996473146] [imu_filter]: Parameter RLController.pid_kp_lin set to 1.207974
[imu_filter_madgwick_node-3] [INFO] [1771831665.996799009] [imu_filter]: Parameter RLController.pid_ki_lin set to 0.000000
[imu_filter_madgwick_node-3] [INFO] [1771831665.996926948] [imu_filter]: Parameter RLController.pid_kd_lin set to 0.020000
[imu_filter_madgwick_node-3] [INFO] [1771831665.996999462] [imu_filter]: Parameter RLController.pid_kp_ang set to 1.230000
[imu_filter_madgwick_node-3] [INFO] [1771831665.997057383] [imu_filter]: Parameter RLController.pid_ki_ang set to 0.000000
[imu_filter_madgwick_node-3] [INFO] [1771831665.997112201] [imu_filter]: Parameter RLController.pid_kd_ang set to 0.100236
[imu_filter_madgwick_node-3] [INFO] [1771831666.400678450] [imu_filter]: Parameter RLController.pid_kp_lin set to 1.207974
[imu_filter_madgwick_node-3] [INFO] [1771831666.400900343] [imu_filter]: Parameter RLController.pid_ki_lin set to 0.000000
[imu_filter_madgwick_node-3] [INFO] [1771831666.400991066] [imu_filter]: Parameter RLController.pid_kd_lin set to 0.020000
[imu_filter_madgwick_node-3] [INFO] [1771831666.401053019] [imu_filter]: Parameter RLController.pid_kp_ang set to 1.230000
[imu_filter_madgwick_node-3] [INFO] [1771831666.401110652] [imu_filter]: Parameter RLController.pid_ki_ang set to 0.000000
[imu_filter_madgwick_node-3] [INFO] [1771831666.403490483] [imu_filter]: Parameter RLController.pid_kd_ang set to 0.100236
[imu_filter_madgwick_node-3] [INFO] [1771831666.819449944] [imu_filter]: Parameter RLController.pid_kp_lin set to 1.207974
[imu_filter_madgwick_node-3] [INFO] [1771831666.823914750] [imu_filter]: Parameter RLController.pid_ki_lin set to 0.000000
[imu_filter_madgwick_node-3] [INFO] [1771831666.824107010] [imu_filter]: Parameter RLController.pid_kd_lin set to 0.020000
[imu_filter_madgwick_node-3] [INFO] [1771831666.824172804] [imu_filter]: Parameter RLController.pid_kp_ang set to 1.230000
[imu_filter_madgwick_node-3] [INFO] [1771831666.824323367] [imu_filter]: Parameter RLController.pid_ki_ang set to 0.000000
[imu_filter_madgwick_node-3] [INFO] [1771831666.824382761] [imu_filter]: Parameter RLController.pid_kd_ang set to 0.100236
[imu_filter_madgwick_node-3] [INFO] [1771831667.224409537] [imu_filter]: Parameter RLController.pid_kp_lin set to 1.207974
[imu_filter_madgwick_node-3] [INFO] [1771831667.224625798] [imu_filter]: Parameter RLController.pid_ki_lin set to 0.000000
[imu_filter_madgwick_node-3] [INFO] [1771831667.224696264] [imu_filter]: Parameter RLController.pid_kd_lin set to 0.020000
[imu_filter_madgwick_node-3] [INFO] [1771831667.224758345] [imu_filter]: Parameter RLController.pid_kp_ang set to 1.230000
[imu_filter_madgwick_node-3] [INFO] [1771831667.224815531] [imu_filter]: Parameter RLController.pid_ki_ang set to 0.000000
[imu_filter_madgwick_node-3] [INFO] [1771831667.226548690] [imu_filter]: Parameter RLController.pid_kd_ang set to 0.100236
[imu_filter_madgwick_node-3] [INFO] [1771831667.636315114] [imu_filter]: Parameter RLController.pid_kp_lin set to 1.207974
[imu_filter_madgwick_node-3] [INFO] [1771831667.636637425] [imu_filter]: Parameter RLController.pid_ki_lin set to 0.000000
[imu_filter_madgwick_node-3] [INFO] [1771831667.636712051] [imu_filter]: Parameter RLController.pid_kd_lin set to 0.020000
[imu_filter_madgwick_node-3] [INFO] [1771831667.636781141] [imu_filter]: Parameter RLController.pid_kp_ang set to 1.230000
[imu_filter_madgwick_node-3] [INFO] [1771831667.636837142] [imu_filter]: Parameter RLController.pid_ki_ang set to 0.000000
[imu_filter_madgwick_node-3] [INFO] [1771831667.636890007] [imu_filter]: Parameter RLController.pid_kd_ang set to 0.100236
[imu_filter_madgwick_node-3] [INFO] [1771831668.082489410] [imu_filter]: Parameter RLController.pid_kp_lin set to 1.207974
[imu_filter_madgwick_node-3] [INFO] [1771831668.082696646] [imu_filter]: Parameter RLController.pid_ki_lin set to 0.000000
[imu_filter_madgwick_node-3] [INFO] [1771831668.082765192] [imu_filter]: Parameter RLController.pid_kd_lin set to 0.020000
[imu_filter_madgwick_node-3] [INFO] [1771831668.082823849] [imu_filter]: Parameter RLController.pid_kp_ang set to 1.230000
[imu_filter_madgwick_node-3] [INFO] [1771831668.082876555] [imu_filter]: Parameter RLController.pid_ki_ang set to 0.000000
[imu_filter_madgwick_node-3] [INFO] [1771831668.082941964] [imu_filter]: Parameter RLController.pid_kd_ang set to 0.100236
[imu_filter_madgwick_node-3] [INFO] [1771831668.489681470] [imu_filter]: Parameter RLController.pid_kp_lin set to 1.207974
[imu_filter_madgwick_node-3] [INFO] [1771831668.489879395] [imu_filter]: Parameter RLController.pid_ki_lin set to 0.000000
[imu_filter_madgwick_node-3] [INFO] [1771831668.489948581] [imu_filter]: Parameter RLController.pid_kd_lin set to 0.020000
[imu_filter_madgwick_node-3] [INFO] [1771831668.490008038] [imu_filter]: Parameter RLController.pid_kp_ang set to 1.230000
[imu_filter_madgwick_node-3] [INFO] [1771831668.490062151] [imu_filter]: Parameter RLController.pid_ki_ang set to 0.000000
[imu_filter_madgwick_node-3] [INFO] [1771831668.491159744] [imu_filter]: Parameter RLController.pid_kd_ang set to 0.100236
[imu_filter_madgwick_node-3] [INFO] [1771831668.914485710] [imu_filter]: Parameter RLController.pid_kp_lin set to 1.207974
[imu_filter_madgwick_node-3] [INFO] [1771831668.915549574] [imu_filter]: Parameter RLController.pid_ki_lin set to 0.000000
[imu_filter_madgwick_node-3] [INFO] [1771831668.915705706] [imu_filter]: Parameter RLController.pid_kd_lin set to 0.020000
[imu_filter_madgwick_node-3] [INFO] [1771831668.915908398] [imu_filter]: Parameter RLController.pid_kp_ang set to 1.230000
[imu_filter_madgwick_node-3] [INFO] [1771831668.915977264] [imu_filter]: Parameter RLController.pid_ki_ang set to 0.000000
[imu_filter_madgwick_node-3] [INFO] [1771831668.916035249] [imu_filter]: Parameter RLController.pid_kd_ang set to 0.100236
[imu_filter_madgwick_node-3] [INFO] [1771831669.328234336] [imu_filter]: Parameter RLController.pid_kp_lin set to 1.207974
[imu_filter_madgwick_node-3] [INFO] [1771831669.328467718] [imu_filter]: Parameter RLController.pid_ki_lin set to 0.000000
[imu_filter_madgwick_node-3] [INFO] [1771831669.328538695] [imu_filter]: Parameter RLController.pid_kd_lin set to 0.020000
[imu_filter_madgwick_node-3] [INFO] [1771831669.328597385] [imu_filter]: Parameter RLController.pid_kp_ang set to 1.230000
[imu_filter_madgwick_node-3] [INFO] [1771831669.328651178] [imu_filter]: Parameter RLController.pid_ki_ang set to 0.000000
[imu_filter_madgwick_node-3] [INFO] [1771831669.328706251] [imu_filter]: Parameter RLController.pid_kd_ang set to 0.100236
[imu_filter_madgwick_node-3] [INFO] [1771831669.747267724] [imu_filter]: Parameter RLController.pid_kp_lin set to 1.207974
[imu_filter_madgwick_node-3] [INFO] [1771831669.748809295] [imu_filter]: Parameter RLController.pid_ki_lin set to 0.000000
[imu_filter_madgwick_node-3] [INFO] [1771831669.748978227] [imu_filter]: Parameter RLController.pid_kd_lin set to 0.020000
[imu_filter_madgwick_node-3] [INFO] [1771831669.749052917] [imu_filter]: Parameter RLController.pid_kp_ang set to 1.230000
[imu_filter_madgwick_node-3] [INFO] [1771831669.749108886] [imu_filter]: Parameter RLController.pid_ki_ang set to 0.000000
[imu_filter_madgwick_node-3] [INFO] [1771831669.749276730] [imu_filter]: Parameter RLController.pid_kd_ang set to 0.100236
[imu_filter_madgwick_node-3] [INFO] [1771831670.167856091] [imu_filter]: Parameter RLController.pid_kp_lin set to 1.207974
[imu_filter_madgwick_node-3] [INFO] [1771831670.168066271] [imu_filter]: Parameter RLController.pid_ki_lin set to 0.000000
[imu_filter_madgwick_node-3] [INFO] [1771831670.168135137] [imu_filter]: Parameter RLController.pid_kd_lin set to 0.020000
[imu_filter_madgwick_node-3] [INFO] [1771831670.168195554] [imu_filter]: Parameter RLController.pid_kp_ang set to 1.230000
[imu_filter_madgwick_node-3] [INFO] [1771831670.168252004] [imu_filter]: Parameter RLController.pid_ki_ang set to 0.000000
[imu_filter_madgwick_node-3] [INFO] [1771831670.168306085] [imu_filter]: Parameter RLController.pid_kd_ang set to 0.100236
[imu_filter_madgwick_node-3] [INFO] [1771831670.587791099] [imu_filter]: Parameter RLController.pid_kp_lin set to 1.207974
[imu_filter_madgwick_node-3] [INFO] [1771831670.588004191] [imu_filter]: Parameter RLController.pid_ki_lin set to 0.000000
[imu_filter_madgwick_node-3] [INFO] [1771831670.588198148] [imu_filter]: Parameter RLController.pid_kd_lin set to 0.020000
[imu_filter_madgwick_node-3] [INFO] [1771831670.588333415] [imu_filter]: Parameter RLController.pid_kp_ang set to 1.230000
[imu_filter_madgwick_node-3] [INFO] [1771831670.588406825] [imu_filter]: Parameter RLController.pid_ki_ang set to 0.000000
[imu_filter_madgwick_node-3] [INFO] [1771831670.588513963] [imu_filter]: Parameter RLController.pid_kd_ang set to 0.100236
[imu_filter_madgwick_node-3] [INFO] [1771831671.006938665] [imu_filter]: Parameter RLController.pid_kp_lin set to 1.207974
[imu_filter_madgwick_node-3] [INFO] [1771831671.007156846] [imu_filter]: Parameter RLController.pid_ki_lin set to 0.000000
[imu_filter_madgwick_node-3] [INFO] [1771831671.007674777] [imu_filter]: Parameter RLController.pid_kd_lin set to 0.020000
[imu_filter_madgwick_node-3] [INFO] [1771831671.007774172] [imu_filter]: Parameter RLController.pid_kp_ang set to 1.230000
[imu_filter_madgwick_node-3] [INFO] [1771831671.007832605] [imu_filter]: Parameter RLController.pid_ki_ang set to 0.000000
[imu_filter_madgwick_node-3] [INFO] [1771831671.007885598] [imu_filter]: Parameter RLController.pid_kd_ang set to 0.100236
[imu_filter_madgwick_node-3] [INFO] [1771831671.421589776] [imu_filter]: Parameter RLController.pid_kp_lin set to 1.207974
[imu_filter_madgwick_node-3] [INFO] [1771831671.421782548] [imu_filter]: Parameter RLController.pid_ki_lin set to 0.000000
[imu_filter_madgwick_node-3] [INFO] [1771831671.421848150] [imu_filter]: Parameter RLController.pid_kd_lin set to 0.020000
[imu_filter_madgwick_node-3] [INFO] [1771831671.421905719] [imu_filter]: Parameter RLController.pid_kp_ang set to 1.230000
[imu_filter_madgwick_node-3] [INFO] [1771831671.421961336] [imu_filter]: Parameter RLController.pid_ki_ang set to 0.000000
[imu_filter_madgwick_node-3] [INFO] [1771831671.422012793] [imu_filter]: Parameter RLController.pid_kd_ang set to 0.100236
[imu_filter_madgwick_node-3] [INFO] [1771831671.843320089] [imu_filter]: Parameter RLController.pid_kp_lin set to 1.207974
[imu_filter_madgwick_node-3] [INFO] [1771831671.843685217] [imu_filter]: Parameter RLController.pid_ki_lin set to 0.000000
[imu_filter_madgwick_node-3] [INFO] [1771831671.843804484] [imu_filter]: Parameter RLController.pid_kd_lin set to 0.020000
[imu_filter_madgwick_node-3] [INFO] [1771831671.843869541] [imu_filter]: Parameter RLController.pid_kp_ang set to 1.230000
[imu_filter_madgwick_node-3] [INFO] [1771831671.843926279] [imu_filter]: Parameter RLController.pid_ki_ang set to 0.000000
[imu_filter_madgwick_node-3] [INFO] [1771831671.843978792] [imu_filter]: Parameter RLController.pid_kd_ang set to 0.100236
[imu_filter_madgwick_node-3] [INFO] [1771831672.268660500] [imu_filter]: Parameter RLController.pid_kp_lin set to 1.207974
[imu_filter_madgwick_node-3] [INFO] [1771831672.272067650] [imu_filter]: Parameter RLController.pid_ki_lin set to 0.000000
[imu_filter_madgwick_node-3] [INFO] [1771831672.272304744] [imu_filter]: Parameter RLController.pid_kd_lin set to 0.020000
[imu_filter_madgwick_node-3] [INFO] [1771831672.272377289] [imu_filter]: Parameter RLController.pid_kp_ang set to 1.230000
[imu_filter_madgwick_node-3] [INFO] [1771831672.272433675] [imu_filter]: Parameter RLController.pid_ki_ang set to 0.000000
[imu_filter_madgwick_node-3] [INFO] [1771831672.272491180] [imu_filter]: Parameter RLController.pid_kd_ang set to 0.100236
[imu_filter_madgwick_node-3] [INFO] [1771831672.693398562] [imu_filter]: Parameter RLController.pid_kp_lin set to 1.207974
[imu_filter_madgwick_node-3] [INFO] [1771831672.693598599] [imu_filter]: Parameter RLController.pid_ki_lin set to 0.000000
[imu_filter_madgwick_node-3] [INFO] [1771831672.693666504] [imu_filter]: Parameter RLController.pid_kd_lin set to 0.020000
[imu_filter_madgwick_node-3] [INFO] [1771831672.693737290] [imu_filter]: Parameter RLController.pid_kp_ang set to 1.230000
[imu_filter_madgwick_node-3] [INFO] [1771831672.693792171] [imu_filter]: Parameter RLController.pid_ki_ang set to 0.000000
[imu_filter_madgwick_node-3] [INFO] [1771831672.693845996] [imu_filter]: Parameter RLController.pid_kd_ang set to 0.100236
[imu_filter_madgwick_node-3] [INFO] [1771831673.106538407] [imu_filter]: Parameter RLController.pid_kp_lin set to 1.207974
[imu_filter_madgwick_node-3] [INFO] [1771831673.109605357] [imu_filter]: Parameter RLController.pid_ki_lin set to 0.000000
[imu_filter_madgwick_node-3] [INFO] [1771831673.109788497] [imu_filter]: Parameter RLController.pid_kd_lin set to 0.020000
[imu_filter_madgwick_node-3] [INFO] [1771831673.109863155] [imu_filter]: Parameter RLController.pid_kp_ang set to 1.230000
[imu_filter_madgwick_node-3] [INFO] [1771831673.109920116] [imu_filter]: Parameter RLController.pid_ki_ang set to 0.000000
[imu_filter_madgwick_node-3] [INFO] [1771831673.109974581] [imu_filter]: Parameter RLController.pid_kd_ang set to 0.100236
[imu_filter_madgwick_node-3] [INFO] [1771831673.523315135] [imu_filter]: Parameter RLController.pid_kp_lin set to 1.207974
[imu_filter_madgwick_node-3] [INFO] [1771831673.525333485] [imu_filter]: Parameter RLController.pid_ki_lin set to 0.000000
[imu_filter_madgwick_node-3] [INFO] [1771831673.525517873] [imu_filter]: Parameter RLController.pid_kd_lin set to 0.020000
[imu_filter_madgwick_node-3] [INFO] [1771831673.525587699] [imu_filter]: Parameter RLController.pid_kp_ang set to 1.230000
[imu_filter_madgwick_node-3] [INFO] [1771831673.525646996] [imu_filter]: Parameter RLController.pid_ki_ang set to 0.000000
[imu_filter_madgwick_node-3] [INFO] [1771831673.525702549] [imu_filter]: Parameter RLController.pid_kd_ang set to 0.100236
[imu_filter_madgwick_node-3] [INFO] [1771831673.938939932] [imu_filter]: Parameter RLController.pid_kp_lin set to 1.207974
[imu_filter_madgwick_node-3] [INFO] [1771831673.939174401] [imu_filter]: Parameter RLController.pid_ki_lin set to 0.000000
[imu_filter_madgwick_node-3] [INFO] [1771831673.939241539] [imu_filter]: Parameter RLController.pid_kd_lin set to 0.020000
[imu_filter_madgwick_node-3] [INFO] [1771831673.939310917] [imu_filter]: Parameter RLController.pid_kp_ang set to 1.230000
[imu_filter_madgwick_node-3] [INFO] [1771831673.939367942] [imu_filter]: Parameter RLController.pid_ki_ang set to 0.000000
[imu_filter_madgwick_node-3] [INFO] [1771831673.939436999] [imu_filter]: Parameter RLController.pid_kd_ang set to 0.100236
[imu_filter_madgwick_node-3] [INFO] [1771831674.350241783] [imu_filter]: Parameter RLController.pid_kp_lin set to 1.207974
[imu_filter_madgwick_node-3] [INFO] [1771831674.358874268] [imu_filter]: Parameter RLController.pid_ki_lin set to 0.000000
[imu_filter_madgwick_node-3] [INFO] [1771831674.359093825] [imu_filter]: Parameter RLController.pid_kd_lin set to 0.020000
[imu_filter_madgwick_node-3] [INFO] [1771831674.359165443] [imu_filter]: Parameter RLController.pid_kp_ang set to 1.230000
[imu_filter_madgwick_node-3] [INFO] [1771831674.359221924] [imu_filter]: Parameter RLController.pid_ki_ang set to 0.000000
[imu_filter_madgwick_node-3] [INFO] [1771831674.359277509] [imu_filter]: Parameter RLController.pid_kd_ang set to 0.100236
[imu_filter_madgwick_node-3] [INFO] [1771831674.764740090] [imu_filter]: Parameter RLController.pid_kp_lin set to 1.207974
[imu_filter_madgwick_node-3] [INFO] [1771831674.764947551] [imu_filter]: Parameter RLController.pid_ki_lin set to 0.000000
[imu_filter_madgwick_node-3] [INFO] [1771831674.765016257] [imu_filter]: Parameter RLController.pid_kd_lin set to 0.020000
[imu_filter_madgwick_node-3] [INFO] [1771831674.765075042] [imu_filter]: Parameter RLController.pid_kp_ang set to 1.230000
[imu_filter_madgwick_node-3] [INFO] [1771831674.765129219] [imu_filter]: Parameter RLController.pid_ki_ang set to 0.000000
[imu_filter_madgwick_node-3] [INFO] [1771831674.768165737] [imu_filter]: Parameter RLController.pid_kd_ang set to 0.100236
[imu_filter_madgwick_node-3] [INFO] [1771831675.188153386] [imu_filter]: Parameter RLController.pid_kp_lin set to 1.207974
[imu_filter_madgwick_node-3] [INFO] [1771831675.189029630] [imu_filter]: Parameter RLController.pid_ki_lin set to 0.000000
[imu_filter_madgwick_node-3] [INFO] [1771831675.189152673] [imu_filter]: Parameter RLController.pid_kd_lin set to 0.020000
[imu_filter_madgwick_node-3] [INFO] [1771831675.189224194] [imu_filter]: Parameter RLController.pid_kp_ang set to 1.230000
[imu_filter_madgwick_node-3] [INFO] [1771831675.189274660] [imu_filter]: Parameter RLController.pid_ki_ang set to 0.000000
[imu_filter_madgwick_node-3] [INFO] [1771831675.189656972] [imu_filter]: Parameter RLController.pid_kd_ang set to 0.100236
[imu_filter_madgwick_node-3] [INFO] [1771831675.622424722] [imu_filter]: Parameter RLController.pid_kp_lin set to 1.207974
[imu_filter_madgwick_node-3] [INFO] [1771831675.622761593] [imu_filter]: Parameter RLController.pid_ki_lin set to 0.000000
[imu_filter_madgwick_node-3] [INFO] [1771831675.622848731] [imu_filter]: Parameter RLController.pid_kd_lin set to 0.020000
[imu_filter_madgwick_node-3] [INFO] [1771831675.622911389] [imu_filter]: Parameter RLController.pid_kp_ang set to 1.230000
[imu_filter_madgwick_node-3] [INFO] [1771831675.623136834] [imu_filter]: Parameter RLController.pid_ki_ang set to 0.000000
[imu_filter_madgwick_node-3] [INFO] [1771831675.623232420] [imu_filter]: Parameter RLController.pid_kd_ang set to 0.100236
[imu_filter_madgwick_node-3] [INFO] [1771831676.036555149] [imu_filter]: Parameter RLController.pid_kp_lin set to 1.207974
[imu_filter_madgwick_node-3] [INFO] [1771831676.037393120] [imu_filter]: Parameter RLController.pid_ki_lin set to 0.000000
[imu_filter_madgwick_node-3] [INFO] [1771831676.037586117] [imu_filter]: Parameter RLController.pid_kd_lin set to 0.020000
[imu_filter_madgwick_node-3] [INFO] [1771831676.037657030] [imu_filter]: Parameter RLController.pid_kp_ang set to 1.230000
[imu_filter_madgwick_node-3] [INFO] [1771831676.037713159] [imu_filter]: Parameter RLController.pid_ki_ang set to 0.000000
[imu_filter_madgwick_node-3] [INFO] [1771831676.037766473] [imu_filter]: Parameter RLController.pid_kd_ang set to 0.100236
[imu_filter_madgwick_node-3] [INFO] [1771831676.455618841] [imu_filter]: Parameter RLController.pid_kp_lin set to 1.207974
[imu_filter_madgwick_node-3] [INFO] [1771831676.455804701] [imu_filter]: Parameter RLController.pid_ki_lin set to 0.000000
[imu_filter_madgwick_node-3] [INFO] [1771831676.455869311] [imu_filter]: Parameter RLController.pid_kd_lin set to 0.020000
[imu_filter_madgwick_node-3] [INFO] [1771831676.458422649] [imu_filter]: Parameter RLController.pid_kp_ang set to 1.230000
[imu_filter_madgwick_node-3] [INFO] [1771831676.458589981] [imu_filter]: Parameter RLController.pid_ki_ang set to 0.000000
[imu_filter_madgwick_node-3] [INFO] [1771831676.458652670] [imu_filter]: Parameter RLController.pid_kd_ang set to 0.100236
[imu_filter_madgwick_node-3] [INFO] [1771831676.884197471] [imu_filter]: Parameter RLController.pid_kp_lin set to 1.207974
[imu_filter_madgwick_node-3] [INFO] [1771831676.884395395] [imu_filter]: Parameter RLController.pid_ki_lin set to 0.000000
[imu_filter_madgwick_node-3] [INFO] [1771831676.884459109] [imu_filter]: Parameter RLController.pid_kd_lin set to 0.020000
[imu_filter_madgwick_node-3] [INFO] [1771831676.884543207] [imu_filter]: Parameter RLController.pid_kp_ang set to 1.230000
[imu_filter_madgwick_node-3] [INFO] [1771831676.884600968] [imu_filter]: Parameter RLController.pid_ki_ang set to 0.000000
[imu_filter_madgwick_node-3] [INFO] [1771831676.884656329] [imu_filter]: Parameter RLController.pid_kd_ang set to 0.100236
[imu_filter_madgwick_node-3] [INFO] [1771831677.308979949] [imu_filter]: Parameter RLController.pid_kp_lin set to 1.207974
[imu_filter_madgwick_node-3] [INFO] [1771831677.313387666] [imu_filter]: Parameter RLController.pid_ki_lin set to 0.000000
[imu_filter_madgwick_node-3] [INFO] [1771831677.313577975] [imu_filter]: Parameter RLController.pid_kd_lin set to 0.020000
[imu_filter_madgwick_node-3] [INFO] [1771831677.313643352] [imu_filter]: Parameter RLController.pid_kp_ang set to 1.230000
[imu_filter_madgwick_node-3] [INFO] [1771831677.313698809] [imu_filter]: Parameter RLController.pid_ki_ang set to 0.000000
[imu_filter_madgwick_node-3] [INFO] [1771831677.313749691] [imu_filter]: Parameter RLController.pid_kd_ang set to 0.100236
[imu_filter_madgwick_node-3] [INFO] [1771831677.719832542] [imu_filter]: Parameter RLController.pid_kp_lin set to 1.207974
[imu_filter_madgwick_node-3] [INFO] [1771831677.724235522] [imu_filter]: Parameter RLController.pid_ki_lin set to 0.000000
[imu_filter_madgwick_node-3] [INFO] [1771831677.724436487] [imu_filter]: Parameter RLController.pid_kd_lin set to 0.020000
[imu_filter_madgwick_node-3] [INFO] [1771831677.724505769] [imu_filter]: Parameter RLController.pid_kp_ang set to 1.230000
[imu_filter_madgwick_node-3] [INFO] [1771831677.724562442] [imu_filter]: Parameter RLController.pid_ki_ang set to 0.000000
[imu_filter_madgwick_node-3] [INFO] [1771831677.724616523] [imu_filter]: Parameter RLController.pid_kd_ang set to 0.100236
[imu_filter_madgwick_node-3] [INFO] [1771831678.133588849] [imu_filter]: Parameter RLController.pid_kp_lin set to 1.207974
[imu_filter_madgwick_node-3] [INFO] [1771831678.133816534] [imu_filter]: Parameter RLController.pid_ki_lin set to 0.000000
[imu_filter_madgwick_node-3] [INFO] [1771831678.133887671] [imu_filter]: Parameter RLController.pid_kd_lin set to 0.020000
[imu_filter_madgwick_node-3] [INFO] [1771831678.133950841] [imu_filter]: Parameter RLController.pid_kp_ang set to 1.230000
[imu_filter_madgwick_node-3] [INFO] [1771831678.134009210] [imu_filter]: Parameter RLController.pid_ki_ang set to 0.000000
[imu_filter_madgwick_node-3] [INFO] [1771831678.134062395] [imu_filter]: Parameter RLController.pid_kd_ang set to 0.100236
[imu_filter_madgwick_node-3] [INFO] [1771831678.546008165] [imu_filter]: Parameter RLController.pid_kp_lin set to 1.207974
[imu_filter_madgwick_node-3] [INFO] [1771831678.547853039] [imu_filter]: Parameter RLController.pid_ki_lin set to 0.000000
[imu_filter_madgwick_node-3] [INFO] [1771831678.548042227] [imu_filter]: Parameter RLController.pid_kd_lin set to 0.020000
[imu_filter_madgwick_node-3] [INFO] [1771831678.548107669] [imu_filter]: Parameter RLController.pid_kp_ang set to 1.230000
[imu_filter_madgwick_node-3] [INFO] [1771831678.548161494] [imu_filter]: Parameter RLController.pid_ki_ang set to 0.000000
[imu_filter_madgwick_node-3] [INFO] [1771831678.548214679] [imu_filter]: Parameter RLController.pid_kd_ang set to 0.100236
[imu_filter_madgwick_node-3] [INFO] [1771831678.973348270] [imu_filter]: Parameter RLController.pid_kp_lin set to 1.207974
[imu_filter_madgwick_node-3] [INFO] [1771831678.974962323] [imu_filter]: Parameter RLController.pid_ki_lin set to 0.000000
[imu_filter_madgwick_node-3] [INFO] [1771831678.976129870] [imu_filter]: Parameter RLController.pid_kd_lin set to 0.020000
[imu_filter_madgwick_node-3] [INFO] [1771831678.976290641] [imu_filter]: Parameter RLController.pid_kp_ang set to 1.230000
[imu_filter_madgwick_node-3] [INFO] [1771831678.977665873] [imu_filter]: Parameter RLController.pid_ki_ang set to 0.000000
[imu_filter_madgwick_node-3] [INFO] [1771831678.977785651] [imu_filter]: Parameter RLController.pid_kd_ang set to 0.100236
[imu_filter_madgwick_node-3] [INFO] [1771831679.383812950] [imu_filter]: Parameter RLController.pid_kp_lin set to 1.207974
[imu_filter_madgwick_node-3] [INFO] [1771831679.384035803] [imu_filter]: Parameter RLController.pid_ki_lin set to 0.000000
[imu_filter_madgwick_node-3] [INFO] [1771831679.384112348] [imu_filter]: Parameter RLController.pid_kd_lin set to 0.020000
[imu_filter_madgwick_node-3] [INFO] [1771831679.384179358] [imu_filter]: Parameter RLController.pid_kp_ang set to 1.230000
[imu_filter_madgwick_node-3] [INFO] [1771831679.384233471] [imu_filter]: Parameter RLController.pid_ki_ang set to 0.000000
[imu_filter_madgwick_node-3] [INFO] [1771831679.384285024] [imu_filter]: Parameter RLController.pid_kd_ang set to 0.100236
[imu_filter_madgwick_node-3] [INFO] [1771831679.799246799] [imu_filter]: Parameter RLController.pid_kp_lin set to 1.207974
[imu_filter_madgwick_node-3] [INFO] [1771831679.799450899] [imu_filter]: Parameter RLController.pid_ki_lin set to 0.000000
[imu_filter_madgwick_node-3] [INFO] [1771831679.799550838] [imu_filter]: Parameter RLController.pid_kd_lin set to 0.020000
[imu_filter_madgwick_node-3] [INFO] [1771831679.799618583] [imu_filter]: Parameter RLController.pid_kp_ang set to 1.230000
[imu_filter_madgwick_node-3] [INFO] [1771831679.799676344] [imu_filter]: Parameter RLController.pid_ki_ang set to 0.000000
[imu_filter_madgwick_node-3] [INFO] [1771831679.799730330] [imu_filter]: Parameter RLController.pid_kd_ang set to 0.100236
[imu_filter_madgwick_node-3] [INFO] [1771831680.218383228] [imu_filter]: Parameter RLController.pid_kp_lin set to 1.207974
[imu_filter_madgwick_node-3] [INFO] [1771831680.221548037] [imu_filter]: Parameter RLController.pid_ki_lin set to 0.000000
[imu_filter_madgwick_node-3] [INFO] [1771831680.221863724] [imu_filter]: Parameter RLController.pid_kd_lin set to 0.020000
[imu_filter_madgwick_node-3] [INFO] [1771831680.221937198] [imu_filter]: Parameter RLController.pid_kp_ang set to 1.230000
[imu_filter_madgwick_node-3] [INFO] [1771831680.221994095] [imu_filter]: Parameter RLController.pid_ki_ang set to 0.000000
[imu_filter_madgwick_node-3] [INFO] [1771831680.222047312] [imu_filter]: Parameter RLController.pid_kd_ang set to 0.100236
[imu_filter_madgwick_node-3] [INFO] [1771831680.643941597] [imu_filter]: Parameter RLController.pid_kp_lin set to 1.207974
[imu_filter_madgwick_node-3] [INFO] [1771831680.644388551] [imu_filter]: Parameter RLController.pid_ki_lin set to 0.000000
[imu_filter_madgwick_node-3] [INFO] [1771831680.644503594] [imu_filter]: Parameter RLController.pid_kd_lin set to 0.020000
[imu_filter_madgwick_node-3] [INFO] [1771831680.644570891] [imu_filter]: Parameter RLController.pid_kp_ang set to 1.230000
[imu_filter_madgwick_node-3] [INFO] [1771831680.644627373] [imu_filter]: Parameter RLController.pid_ki_ang set to 0.000000
[imu_filter_madgwick_node-3] [INFO] [1771831680.644681518] [imu_filter]: Parameter RLController.pid_kd_ang set to 0.100236
[imu_filter_madgwick_node-3] [INFO] [1771831681.063762554] [imu_filter]: Parameter RLController.pid_kp_lin set to 1.207974
[imu_filter_madgwick_node-3] [INFO] [1771831681.065157786] [imu_filter]: Parameter RLController.pid_ki_lin set to 0.000000
[imu_filter_madgwick_node-3] [INFO] [1771831681.065449409] [imu_filter]: Parameter RLController.pid_kd_lin set to 0.020000
[imu_filter_madgwick_node-3] [INFO] [1771831681.065524099] [imu_filter]: Parameter RLController.pid_kp_ang set to 1.230000
[imu_filter_madgwick_node-3] [INFO] [1771831681.065582148] [imu_filter]: Parameter RLController.pid_ki_ang set to 0.000000
[imu_filter_madgwick_node-3] [INFO] [1771831681.065635973] [imu_filter]: Parameter RLController.pid_kd_ang set to 0.100236
[imu_filter_madgwick_node-3] [INFO] [1771831681.495024957] [imu_filter]: Parameter RLController.pid_kp_lin set to 1.207974
[imu_filter_madgwick_node-3] [INFO] [1771831681.495228450] [imu_filter]: Parameter RLController.pid_ki_lin set to 0.000000
[imu_filter_madgwick_node-3] [INFO] [1771831681.495294499] [imu_filter]: Parameter RLController.pid_kd_lin set to 0.020000
[imu_filter_madgwick_node-3] [INFO] [1771831681.495353957] [imu_filter]: Parameter RLController.pid_kp_ang set to 1.230000
[imu_filter_madgwick_node-3] [INFO] [1771831681.495406726] [imu_filter]: Parameter RLController.pid_ki_ang set to 0.000000
[imu_filter_madgwick_node-3] [INFO] [1771831681.495460679] [imu_filter]: Parameter RLController.pid_kd_ang set to 0.100236
[imu_filter_madgwick_node-3] [INFO] [1771831681.907406417] [imu_filter]: Parameter RLController.pid_kp_lin set to 1.207974
[imu_filter_madgwick_node-3] [INFO] [1771831681.907646710] [imu_filter]: Parameter RLController.pid_ki_lin set to 0.000000
[imu_filter_madgwick_node-3] [INFO] [1771831681.907715800] [imu_filter]: Parameter RLController.pid_kd_lin set to 0.020000
[imu_filter_madgwick_node-3] [INFO] [1771831681.907773081] [imu_filter]: Parameter RLController.pid_kp_ang set to 1.230000
[imu_filter_madgwick_node-3] [INFO] [1771831681.907824698] [imu_filter]: Parameter RLController.pid_ki_ang set to 0.000000
[imu_filter_madgwick_node-3] [INFO] [1771831681.907875515] [imu_filter]: Parameter RLController.pid_kd_ang set to 0.100236
[imu_filter_madgwick_node-3] [INFO] [1771831682.351460120] [imu_filter]: Parameter RLController.pid_kp_lin set to 1.207974
[imu_filter_madgwick_node-3] [INFO] [1771831682.351700477] [imu_filter]: Parameter RLController.pid_ki_lin set to 0.000000
[imu_filter_madgwick_node-3] [INFO] [1771831682.351770975] [imu_filter]: Parameter RLController.pid_kd_lin set to 0.020000
[imu_filter_madgwick_node-3] [INFO] [1771831682.351831744] [imu_filter]: Parameter RLController.pid_kp_ang set to 1.230000
[imu_filter_madgwick_node-3] [INFO] [1771831682.351885026] [imu_filter]: Parameter RLController.pid_ki_ang set to 0.000000
[imu_filter_madgwick_node-3] [INFO] [1771831682.351938467] [imu_filter]: Parameter RLController.pid_kd_ang set to 0.100236
[imu_filter_madgwick_node-3] [INFO] [1771831682.772901114] [imu_filter]: Parameter RLController.pid_kp_lin set to 1.207974
[imu_filter_madgwick_node-3] [INFO] [1771831682.775131661] [imu_filter]: Parameter RLController.pid_ki_lin set to 0.000000
[imu_filter_madgwick_node-3] [INFO] [1771831682.775268336] [imu_filter]: Parameter RLController.pid_kd_lin set to 0.020000
[imu_filter_madgwick_node-3] [INFO] [1771831682.775334994] [imu_filter]: Parameter RLController.pid_kp_ang set to 1.230000
[imu_filter_madgwick_node-3] [INFO] [1771831682.775394099] [imu_filter]: Parameter RLController.pid_ki_ang set to 0.000000
[imu_filter_madgwick_node-3] [INFO] [1771831682.775452469] [imu_filter]: Parameter RLController.pid_kd_ang set to 0.100236
[imu_filter_madgwick_node-3] [INFO] [1771831683.195166192] [imu_filter]: Parameter RLController.pid_kp_lin set to 1.207974
[imu_filter_madgwick_node-3] [INFO] [1771831683.195531928] [imu_filter]: Parameter RLController.pid_ki_lin set to 0.000000
[imu_filter_madgwick_node-3] [INFO] [1771831683.195659771] [imu_filter]: Parameter RLController.pid_kd_lin set to 0.020000
[imu_filter_madgwick_node-3] [INFO] [1771831683.195729404] [imu_filter]: Parameter RLController.pid_kp_ang set to 1.230000
[imu_filter_madgwick_node-3] [INFO] [1771831683.195785086] [imu_filter]: Parameter RLController.pid_ki_ang set to 0.000000
[imu_filter_madgwick_node-3] [INFO] [1771831683.195837983] [imu_filter]: Parameter RLController.pid_kd_ang set to 0.100236
[imu_filter_madgwick_node-3] [INFO] [1771831683.612341617] [imu_filter]: Parameter RLController.pid_kp_lin set to 1.207974
[imu_filter_madgwick_node-3] [INFO] [1771831683.612536117] [imu_filter]: Parameter RLController.pid_ki_lin set to 0.000000
[imu_filter_madgwick_node-3] [INFO] [1771831683.612599958] [imu_filter]: Parameter RLController.pid_kd_lin set to 0.020000
[imu_filter_madgwick_node-3] [INFO] [1771831683.612660696] [imu_filter]: Parameter RLController.pid_kp_ang set to 1.230000
[imu_filter_madgwick_node-3] [INFO] [1771831683.612714425] [imu_filter]: Parameter RLController.pid_ki_ang set to 0.000000
[imu_filter_madgwick_node-3] [INFO] [1771831683.612768538] [imu_filter]: Parameter RLController.pid_kd_ang set to 0.100236
[imu_filter_madgwick_node-3] [INFO] [1771831684.057754679] [imu_filter]: Parameter RLController.pid_kp_lin set to 1.207974
[imu_filter_madgwick_node-3] [INFO] [1771831684.057959452] [imu_filter]: Parameter RLController.pid_ki_lin set to 0.000000
[imu_filter_madgwick_node-3] [INFO] [1771831684.058043550] [imu_filter]: Parameter RLController.pid_kd_lin set to 0.020000
[imu_filter_madgwick_node-3] [INFO] [1771831684.058104127] [imu_filter]: Parameter RLController.pid_kp_ang set to 1.230000
[imu_filter_madgwick_node-3] [INFO] [1771831684.058158784] [imu_filter]: Parameter RLController.pid_ki_ang set to 0.000000
[imu_filter_madgwick_node-3] [INFO] [1771831684.058209089] [imu_filter]: Parameter RLController.pid_kd_ang set to 0.100236
[imu_filter_madgwick_node-3] [INFO] [1771831684.476225557] [imu_filter]: Parameter RLController.pid_kp_lin set to 1.207974
[imu_filter_madgwick_node-3] [INFO] [1771831684.476430234] [imu_filter]: Parameter RLController.pid_ki_lin set to 0.000000
[imu_filter_madgwick_node-3] [INFO] [1771831684.476501948] [imu_filter]: Parameter RLController.pid_kd_lin set to 0.020000
[imu_filter_madgwick_node-3] [INFO] [1771831684.479253275] [imu_filter]: Parameter RLController.pid_kp_ang set to 1.230000
[imu_filter_madgwick_node-3] [INFO] [1771831684.482888398] [imu_filter]: Parameter RLController.pid_ki_ang set to 0.000000
[imu_filter_madgwick_node-3] [INFO] [1771831684.483229462] [imu_filter]: Parameter RLController.pid_kd_ang set to 0.100236
[imu_filter_madgwick_node-3] [INFO] [1771831684.893439991] [imu_filter]: Parameter RLController.pid_kp_lin set to 1.207974
[imu_filter_madgwick_node-3] [INFO] [1771831684.893666972] [imu_filter]: Parameter RLController.pid_ki_lin set to 0.000000
[imu_filter_madgwick_node-3] [INFO] [1771831684.893963075] [imu_filter]: Parameter RLController.pid_kd_lin set to 0.020000
[imu_filter_madgwick_node-3] [INFO] [1771831684.894220169] [imu_filter]: Parameter RLController.pid_kp_ang set to 1.230000
[imu_filter_madgwick_node-3] [INFO] [1771831684.894292331] [imu_filter]: Parameter RLController.pid_ki_ang set to 0.000000
[imu_filter_madgwick_node-3] [INFO] [1771831684.894406317] [imu_filter]: Parameter RLController.pid_kd_ang set to 0.100236
[imu_filter_madgwick_node-3] [INFO] [1771831685.315244450] [imu_filter]: Parameter RLController.pid_kp_lin set to 1.207974
[imu_filter_madgwick_node-3] [INFO] [1771831685.315603050] [imu_filter]: Parameter RLController.pid_ki_lin set to 0.000000
[imu_filter_madgwick_node-3] [INFO] [1771831685.315686540] [imu_filter]: Parameter RLController.pid_kd_lin set to 0.020000
[imu_filter_madgwick_node-3] [INFO] [1771831685.315748398] [imu_filter]: Parameter RLController.pid_kp_ang set to 1.230000
[imu_filter_madgwick_node-3] [INFO] [1771831685.315803279] [imu_filter]: Parameter RLController.pid_ki_ang set to 0.000000
[imu_filter_madgwick_node-3] [INFO] [1771831685.315856912] [imu_filter]: Parameter RLController.pid_kd_ang set to 0.100236
[imu_filter_madgwick_node-3] [INFO] [1771831685.726250486] [imu_filter]: Parameter RLController.pid_kp_lin set to 1.207974
[imu_filter_madgwick_node-3] [INFO] [1771831685.726453627] [imu_filter]: Parameter RLController.pid_ki_lin set to 0.000000
[imu_filter_madgwick_node-3] [INFO] [1771831685.726526876] [imu_filter]: Parameter RLController.pid_kd_lin set to 0.020000
[imu_filter_madgwick_node-3] [INFO] [1771831685.726587710] [imu_filter]: Parameter RLController.pid_kp_ang set to 1.230000
[imu_filter_madgwick_node-3] [INFO] [1771831685.727725080] [imu_filter]: Parameter RLController.pid_ki_ang set to 0.000000
[imu_filter_madgwick_node-3] [INFO] [1771831685.727884347] [imu_filter]: Parameter RLController.pid_kd_ang set to 0.100236
[imu_filter_madgwick_node-3] [INFO] [1771831686.147992031] [imu_filter]: Parameter RLController.pid_kp_lin set to 1.207974
[imu_filter_madgwick_node-3] [INFO] [1771831686.148335943] [imu_filter]: Parameter RLController.pid_ki_lin set to 0.000000
[imu_filter_madgwick_node-3] [INFO] [1771831686.148459626] [imu_filter]: Parameter RLController.pid_kd_lin set to 0.020000
[imu_filter_madgwick_node-3] [INFO] [1771831686.148524875] [imu_filter]: Parameter RLController.pid_kp_ang set to 1.230000
[imu_filter_madgwick_node-3] [INFO] [1771831686.148579885] [imu_filter]: Parameter RLController.pid_ki_ang set to 0.000000
[imu_filter_madgwick_node-3] [INFO] [1771831686.148632974] [imu_filter]: Parameter RLController.pid_kd_ang set to 0.100236
[imu_filter_madgwick_node-3] [INFO] [1771831686.553909087] [imu_filter]: Parameter RLController.pid_kp_lin set to 1.207974
[imu_filter_madgwick_node-3] [INFO] [1771831686.554124388] [imu_filter]: Parameter RLController.pid_ki_lin set to 0.000000
[imu_filter_madgwick_node-3] [INFO] [1771831686.554197637] [imu_filter]: Parameter RLController.pid_kd_lin set to 0.020000
[imu_filter_madgwick_node-3] [INFO] [1771831686.554257319] [imu_filter]: Parameter RLController.pid_kp_ang set to 1.230000
[imu_filter_madgwick_node-3] [INFO] [1771831686.554313544] [imu_filter]: Parameter RLController.pid_ki_ang set to 0.000000
[imu_filter_madgwick_node-3] [INFO] [1771831686.554367561] [imu_filter]: Parameter RLController.pid_kd_ang set to 0.100236
[imu_filter_madgwick_node-3] [INFO] [1771831686.967582032] [imu_filter]: Parameter RLController.pid_kp_lin set to 1.207974
[imu_filter_madgwick_node-3] [INFO] [1771831686.967774388] [imu_filter]: Parameter RLController.pid_ki_lin set to 0.000000
[imu_filter_madgwick_node-3] [INFO] [1771831686.967840757] [imu_filter]: Parameter RLController.pid_kd_lin set to 0.020000
[imu_filter_madgwick_node-3] [INFO] [1771831686.967897687] [imu_filter]: Parameter RLController.pid_kp_ang set to 1.230000
[imu_filter_madgwick_node-3] [INFO] [1771831686.967949208] [imu_filter]: Parameter RLController.pid_ki_ang set to 0.000000
[imu_filter_madgwick_node-3] [INFO] [1771831686.968001689] [imu_filter]: Parameter RLController.pid_kd_ang set to 0.100236
[imu_filter_madgwick_node-3] [INFO] [1771831687.378624100] [imu_filter]: Parameter RLController.pid_kp_lin set to 1.207974
[imu_filter_madgwick_node-3] [INFO] [1771831687.378860170] [imu_filter]: Parameter RLController.pid_ki_lin set to 0.000000
[imu_filter_madgwick_node-3] [INFO] [1771831687.378934027] [imu_filter]: Parameter RLController.pid_kd_lin set to 0.020000
[imu_filter_madgwick_node-3] [INFO] [1771831687.378995949] [imu_filter]: Parameter RLController.pid_kp_ang set to 1.230000
[imu_filter_madgwick_node-3] [INFO] [1771831687.379059246] [imu_filter]: Parameter RLController.pid_ki_ang set to 0.000000
[imu_filter_madgwick_node-3] [INFO] [1771831687.379449975] [imu_filter]: Parameter RLController.pid_kd_ang set to 0.100236
[imu_filter_madgwick_node-3] [INFO] [1771831687.802442461] [imu_filter]: Parameter RLController.pid_kp_lin set to 1.207974
[imu_filter_madgwick_node-3] [INFO] [1771831687.802652098] [imu_filter]: Parameter RLController.pid_ki_lin set to 0.000000
[imu_filter_madgwick_node-3] [INFO] [1771831687.802741188] [imu_filter]: Parameter RLController.pid_kd_lin set to 0.020000
[imu_filter_madgwick_node-3] [INFO] [1771831687.802802597] [imu_filter]: Parameter RLController.pid_kp_ang set to 1.230000
[imu_filter_madgwick_node-3] [INFO] [1771831687.802855526] [imu_filter]: Parameter RLController.pid_ki_ang set to 0.000000
[imu_filter_madgwick_node-3] [INFO] [1771831687.804618895] [imu_filter]: Parameter RLController.pid_kd_ang set to 0.100236
[imu_filter_madgwick_node-3] [INFO] [1771831688.243928490] [imu_filter]: Parameter RLController.pid_kp_lin set to 1.207974
[imu_filter_madgwick_node-3] [INFO] [1771831688.244153231] [imu_filter]: Parameter RLController.pid_ki_lin set to 0.000000
[imu_filter_madgwick_node-3] [INFO] [1771831688.244219408] [imu_filter]: Parameter RLController.pid_kd_lin set to 0.020000
[imu_filter_madgwick_node-3] [INFO] [1771831688.244398100] [imu_filter]: Parameter RLController.pid_kp_ang set to 1.230000
[imu_filter_madgwick_node-3] [INFO] [1771831688.244456438] [imu_filter]: Parameter RLController.pid_ki_ang set to 0.000000
[imu_filter_madgwick_node-3] [INFO] [1771831688.244508695] [imu_filter]: Parameter RLController.pid_kd_ang set to 0.100236
[imu_filter_madgwick_node-3] [INFO] [1771831688.658716052] [imu_filter]: Parameter RLController.pid_kp_lin set to 1.207974
[imu_filter_madgwick_node-3] [INFO] [1771831688.658910264] [imu_filter]: Parameter RLController.pid_ki_lin set to 0.000000
[imu_filter_madgwick_node-3] [INFO] [1771831688.658993370] [imu_filter]: Parameter RLController.pid_kd_lin set to 0.020000
[imu_filter_madgwick_node-3] [INFO] [1771831688.659051804] [imu_filter]: Parameter RLController.pid_kp_ang set to 1.230000
[imu_filter_madgwick_node-3] [INFO] [1771831688.659106493] [imu_filter]: Parameter RLController.pid_ki_ang set to 0.000000
[imu_filter_madgwick_node-3] [INFO] [1771831688.659159134] [imu_filter]: Parameter RLController.pid_kd_ang set to 0.100236
[imu_filter_madgwick_node-3] [INFO] [1771831689.070648797] [imu_filter]: Parameter RLController.pid_kp_lin set to 1.207974
[imu_filter_madgwick_node-3] [INFO] [1771831689.070857890] [imu_filter]: Parameter RLController.pid_ki_lin set to 0.000000
[imu_filter_madgwick_node-3] [INFO] [1771831689.070931460] [imu_filter]: Parameter RLController.pid_kd_lin set to 0.020000
[imu_filter_madgwick_node-3] [INFO] [1771831689.070993093] [imu_filter]: Parameter RLController.pid_kp_ang set to 1.230000
[imu_filter_madgwick_node-3] [INFO] [1771831689.071047782] [imu_filter]: Parameter RLController.pid_ki_ang set to 0.000000
[imu_filter_madgwick_node-3] [INFO] [1771831689.071099719] [imu_filter]: Parameter RLController.pid_kd_ang set to 0.100236
[imu_filter_madgwick_node-3] [INFO] [1771831689.486496672] [imu_filter]: Parameter RLController.pid_kp_lin set to 1.207974
[imu_filter_madgwick_node-3] [INFO] [1771831689.486688164] [imu_filter]: Parameter RLController.pid_ki_lin set to 0.000000
[imu_filter_madgwick_node-3] [INFO] [1771831689.486868488] [imu_filter]: Parameter RLController.pid_kd_lin set to 0.020000
[imu_filter_madgwick_node-3] [INFO] [1771831689.486935754] [imu_filter]: Parameter RLController.pid_kp_ang set to 1.230000
[imu_filter_madgwick_node-3] [INFO] [1771831689.486990443] [imu_filter]: Parameter RLController.pid_ki_ang set to 0.000000
[imu_filter_madgwick_node-3] [INFO] [1771831689.487043084] [imu_filter]: Parameter RLController.pid_kd_ang set to 0.100236
[imu_filter_madgwick_node-3] [INFO] [1771831689.911549237] [imu_filter]: Parameter RLController.pid_kp_lin set to 1.207974
[imu_filter_madgwick_node-3] [INFO] [1771831689.913157273] [imu_filter]: Parameter RLController.pid_ki_lin set to 0.000000
[imu_filter_madgwick_node-3] [INFO] [1771831689.913321053] [imu_filter]: Parameter RLController.pid_kd_lin set to 0.020000
[imu_filter_madgwick_node-3] [INFO] [1771831689.914448759] [imu_filter]: Parameter RLController.pid_kp_ang set to 1.230000
[imu_filter_madgwick_node-3] [INFO] [1771831689.914575162] [imu_filter]: Parameter RLController.pid_ki_ang set to 0.000000
[imu_filter_madgwick_node-3] [INFO] [1771831689.914641307] [imu_filter]: Parameter RLController.pid_kd_ang set to 0.100236
[imu_filter_madgwick_node-3] [INFO] [1771831690.327323381] [imu_filter]: Parameter RLController.pid_kp_lin set to 1.207974
[imu_filter_madgwick_node-3] [INFO] [1771831690.327558747] [imu_filter]: Parameter RLController.pid_ki_lin set to 0.000000
[imu_filter_madgwick_node-3] [INFO] [1771831690.327633181] [imu_filter]: Parameter RLController.pid_kd_lin set to 0.020000
[imu_filter_madgwick_node-3] [INFO] [1771831690.327694302] [imu_filter]: Parameter RLController.pid_kp_ang set to 1.230000
[imu_filter_madgwick_node-3] [INFO] [1771831690.327747231] [imu_filter]: Parameter RLController.pid_ki_ang set to 0.000000
[imu_filter_madgwick_node-3] [INFO] [1771831690.327798176] [imu_filter]: Parameter RLController.pid_kd_ang set to 0.100236
[imu_filter_madgwick_node-3] [INFO] [1771831690.757218265] [imu_filter]: Parameter RLController.pid_kp_lin set to 1.207974
[imu_filter_madgwick_node-3] [INFO] [1771831690.757412638] [imu_filter]: Parameter RLController.pid_ki_lin set to 0.000000
[imu_filter_madgwick_node-3] [INFO] [1771831690.757478015] [imu_filter]: Parameter RLController.pid_kd_lin set to 0.020000
[imu_filter_madgwick_node-3] [INFO] [1771831690.757536160] [imu_filter]: Parameter RLController.pid_kp_ang set to 1.230000
[imu_filter_madgwick_node-3] [INFO] [1771831690.757589122] [imu_filter]: Parameter RLController.pid_ki_ang set to 0.000000
[imu_filter_madgwick_node-3] [INFO] [1771831690.757642243] [imu_filter]: Parameter RLController.pid_kd_ang set to 0.100236
[imu_filter_madgwick_node-3] [INFO] [1771831691.178490360] [imu_filter]: Parameter RLController.pid_kp_lin set to 1.207974
[imu_filter_madgwick_node-3] [INFO] [1771831691.178716925] [imu_filter]: Parameter RLController.pid_ki_lin set to 0.000000
[imu_filter_madgwick_node-3] [INFO] [1771831691.178788575] [imu_filter]: Parameter RLController.pid_kd_lin set to 0.020000
[imu_filter_madgwick_node-3] [INFO] [1771831691.178847488] [imu_filter]: Parameter RLController.pid_kp_ang set to 1.230000
[imu_filter_madgwick_node-3] [INFO] [1771831691.179029988] [imu_filter]: Parameter RLController.pid_ki_ang set to 0.000000
[imu_filter_madgwick_node-3] [INFO] [1771831691.179090501] [imu_filter]: Parameter RLController.pid_kd_ang set to 0.100236
[imu_filter_madgwick_node-3] [INFO] [1771831691.618109306] [imu_filter]: Parameter RLController.pid_kp_lin set to 1.207974
[imu_filter_madgwick_node-3] [INFO] [1771831691.619970660] [imu_filter]: Parameter RLController.pid_ki_lin set to 0.000000
[imu_filter_madgwick_node-3] [INFO] [1771831691.620128584] [imu_filter]: Parameter RLController.pid_kd_lin set to 0.020000
[imu_filter_madgwick_node-3] [INFO] [1771831691.620193961] [imu_filter]: Parameter RLController.pid_kp_ang set to 1.230000
[imu_filter_madgwick_node-3] [INFO] [1771831691.620248171] [imu_filter]: Parameter RLController.pid_ki_ang set to 0.000000
[imu_filter_madgwick_node-3] [INFO] [1771831691.620300364] [imu_filter]: Parameter RLController.pid_kd_ang set to 0.100236
[imu_filter_madgwick_node-3] [INFO] [1771831692.033593844] [imu_filter]: Parameter RLController.pid_kp_lin set to 1.207974
[imu_filter_madgwick_node-3] [INFO] [1771831692.033810489] [imu_filter]: Parameter RLController.pid_ki_lin set to 0.000000
[imu_filter_madgwick_node-3] [INFO] [1771831692.034960307] [imu_filter]: Parameter RLController.pid_kd_lin set to 0.020000
[imu_filter_madgwick_node-3] [INFO] [1771831692.035072918] [imu_filter]: Parameter RLController.pid_kp_ang set to 1.230000
[imu_filter_madgwick_node-3] [INFO] [1771831692.035138775] [imu_filter]: Parameter RLController.pid_ki_ang set to 0.000000
[imu_filter_madgwick_node-3] [INFO] [1771831692.035193849] [imu_filter]: Parameter RLController.pid_kd_ang set to 0.100236
[imu_filter_madgwick_node-3] [INFO] [1771831692.452956167] [imu_filter]: Parameter RLController.pid_kp_lin set to 1.207974
[imu_filter_madgwick_node-3] [INFO] [1771831692.453151051] [imu_filter]: Parameter RLController.pid_ki_lin set to 0.000000
[imu_filter_madgwick_node-3] [INFO] [1771831692.453217549] [imu_filter]: Parameter RLController.pid_kd_lin set to 0.020000
[imu_filter_madgwick_node-3] [INFO] [1771831692.453276078] [imu_filter]: Parameter RLController.pid_kp_ang set to 1.230000
[imu_filter_madgwick_node-3] [INFO] [1771831692.453328431] [imu_filter]: Parameter RLController.pid_ki_ang set to 0.000000
[imu_filter_madgwick_node-3] [INFO] [1771831692.453382865] [imu_filter]: Parameter RLController.pid_kd_ang set to 0.100236
[imu_filter_madgwick_node-3] [INFO] [1771831692.868826090] [imu_filter]: Parameter RLController.pid_kp_lin set to 1.207974
[imu_filter_madgwick_node-3] [INFO] [1771831692.869021998] [imu_filter]: Parameter RLController.pid_ki_lin set to 0.000000
[imu_filter_madgwick_node-3] [INFO] [1771831692.869134737] [imu_filter]: Parameter RLController.pid_kd_lin set to 0.020000
[imu_filter_madgwick_node-3] [INFO] [1771831692.869254804] [imu_filter]: Parameter RLController.pid_kp_ang set to 1.230000
[imu_filter_madgwick_node-3] [INFO] [1771831692.869313333] [imu_filter]: Parameter RLController.pid_ki_ang set to 0.000000
[imu_filter_madgwick_node-3] [INFO] [1771831692.869368790] [imu_filter]: Parameter RLController.pid_kd_ang set to 0.100236
[imu_filter_madgwick_node-3] [INFO] [1771831693.289772225] [imu_filter]: Parameter RLController.pid_kp_lin set to 1.207974
[imu_filter_madgwick_node-3] [INFO] [1771831693.290127017] [imu_filter]: Parameter RLController.pid_ki_lin set to 0.000000
[imu_filter_madgwick_node-3] [INFO] [1771831693.290255788] [imu_filter]: Parameter RLController.pid_kd_lin set to 0.020000
[imu_filter_madgwick_node-3] [INFO] [1771831693.290323150] [imu_filter]: Parameter RLController.pid_kp_ang set to 1.230000
[imu_filter_madgwick_node-3] [INFO] [1771831693.290376783] [imu_filter]: Parameter RLController.pid_ki_ang set to 0.000000
[imu_filter_madgwick_node-3] [INFO] [1771831693.290524050] [imu_filter]: Parameter RLController.pid_kd_ang set to 0.100236
[imu_filter_madgwick_node-3] [INFO] [1771831693.712782407] [imu_filter]: Parameter RLController.pid_kp_lin set to 1.207974
[imu_filter_madgwick_node-3] [INFO] [1771831693.712978540] [imu_filter]: Parameter RLController.pid_ki_lin set to 0.000000
[imu_filter_madgwick_node-3] [INFO] [1771831693.713044685] [imu_filter]: Parameter RLController.pid_kd_lin set to 0.020000
[imu_filter_madgwick_node-3] [INFO] [1771831693.713102735] [imu_filter]: Parameter RLController.pid_kp_ang set to 1.230000
[imu_filter_madgwick_node-3] [INFO] [1771831693.713154832] [imu_filter]: Parameter RLController.pid_ki_ang set to 0.000000
[imu_filter_madgwick_node-3] [INFO] [1771831693.713205681] [imu_filter]: Parameter RLController.pid_kd_ang set to 0.100236
[imu_filter_madgwick_node-3] [INFO] [1771831694.124246374] [imu_filter]: Parameter RLController.pid_kp_lin set to 1.207974
[imu_filter_madgwick_node-3] [INFO] [1771831694.124469547] [imu_filter]: Parameter RLController.pid_ki_lin set to 0.000000
[imu_filter_madgwick_node-3] [INFO] [1771831694.124535084] [imu_filter]: Parameter RLController.pid_kd_lin set to 0.020000
[imu_filter_madgwick_node-3] [INFO] [1771831694.124594190] [imu_filter]: Parameter RLController.pid_kp_ang set to 1.230000
[imu_filter_madgwick_node-3] [INFO] [1771831694.124645007] [imu_filter]: Parameter RLController.pid_ki_ang set to 0.000000
[imu_filter_madgwick_node-3] [INFO] [1771831694.124695632] [imu_filter]: Parameter RLController.pid_kd_ang set to 0.100236
[imu_filter_madgwick_node-3] [INFO] [1771831694.541625643] [imu_filter]: Parameter RLController.pid_kp_lin set to 1.207974
[imu_filter_madgwick_node-3] [INFO] [1771831694.541894097] [imu_filter]: Parameter RLController.pid_ki_lin set to 0.000000
[imu_filter_madgwick_node-3] [INFO] [1771831694.543805117] [imu_filter]: Parameter RLController.pid_kd_lin set to 0.020000
[imu_filter_madgwick_node-3] [INFO] [1771831694.543986593] [imu_filter]: Parameter RLController.pid_kp_ang set to 1.230000
[imu_filter_madgwick_node-3] [INFO] [1771831694.544049571] [imu_filter]: Parameter RLController.pid_ki_ang set to 0.000000
[imu_filter_madgwick_node-3] [INFO] [1771831694.544105988] [imu_filter]: Parameter RLController.pid_kd_ang set to 0.100236
[imu_filter_madgwick_node-3] [INFO] [1771831694.955924042] [imu_filter]: Parameter RLController.pid_kp_lin set to 1.207974
[imu_filter_madgwick_node-3] [INFO] [1771831694.956118063] [imu_filter]: Parameter RLController.pid_ki_lin set to 0.000000
[imu_filter_madgwick_node-3] [INFO] [1771831694.956192913] [imu_filter]: Parameter RLController.pid_kd_lin set to 0.020000
[imu_filter_madgwick_node-3] [INFO] [1771831694.956251058] [imu_filter]: Parameter RLController.pid_kp_ang set to 1.230000
[imu_filter_madgwick_node-3] [INFO] [1771831694.956303059] [imu_filter]: Parameter RLController.pid_ki_ang set to 0.000000
[imu_filter_madgwick_node-3] [INFO] [1771831694.956354260] [imu_filter]: Parameter RLController.pid_kd_ang set to 0.100236
[imu_filter_madgwick_node-3] [INFO] [1771831695.375275293] [imu_filter]: Parameter RLController.pid_kp_lin set to 1.207974
[imu_filter_madgwick_node-3] [INFO] [1771831695.375484386] [imu_filter]: Parameter RLController.pid_ki_lin set to 0.000000
[imu_filter_madgwick_node-3] [INFO] [1771831695.375589028] [imu_filter]: Parameter RLController.pid_kd_lin set to 0.020000
[imu_filter_madgwick_node-3] [INFO] [1771831695.375652934] [imu_filter]: Parameter RLController.pid_kp_ang set to 1.230000
[imu_filter_madgwick_node-3] [INFO] [1771831695.375705639] [imu_filter]: Parameter RLController.pid_ki_ang set to 0.000000
[imu_filter_madgwick_node-3] [INFO] [1771831695.375758184] [imu_filter]: Parameter RLController.pid_kd_ang set to 0.100236
[imu_filter_madgwick_node-3] [INFO] [1771831695.801608527] [imu_filter]: Parameter RLController.pid_kp_lin set to 1.207974
[imu_filter_madgwick_node-3] [INFO] [1771831695.801826740] [imu_filter]: Parameter RLController.pid_ki_lin set to 0.000000
[imu_filter_madgwick_node-3] [INFO] [1771831695.801895158] [imu_filter]: Parameter RLController.pid_kd_lin set to 0.020000
[imu_filter_madgwick_node-3] [INFO] [1771831695.804459312] [imu_filter]: Parameter RLController.pid_kp_ang set to 1.230000
[imu_filter_madgwick_node-3] [INFO] [1771831695.804687158] [imu_filter]: Parameter RLController.pid_ki_ang set to 0.000000
[imu_filter_madgwick_node-3] [INFO] [1771831695.804769304] [imu_filter]: Parameter RLController.pid_kd_ang set to 0.100236
[imu_filter_madgwick_node-3] [INFO] [1771831696.221838422] [imu_filter]: Parameter RLController.pid_kp_lin set to 1.207974
[imu_filter_madgwick_node-3] [INFO] [1771831696.222178718] [imu_filter]: Parameter RLController.pid_ki_lin set to 0.000000
[imu_filter_madgwick_node-3] [INFO] [1771831696.222290400] [imu_filter]: Parameter RLController.pid_kd_lin set to 0.020000
[imu_filter_madgwick_node-3] [INFO] [1771831696.222363458] [imu_filter]: Parameter RLController.pid_kp_ang set to 1.230000
[imu_filter_madgwick_node-3] [INFO] [1771831696.222437156] [imu_filter]: Parameter RLController.pid_ki_ang set to 0.000000
[imu_filter_madgwick_node-3] [INFO] [1771831696.222502629] [imu_filter]: Parameter RLController.pid_kd_ang set to 0.100236
[imu_filter_madgwick_node-3] [INFO] [1771831696.636441884] [imu_filter]: Parameter RLController.pid_kp_lin set to 1.207974
[imu_filter_madgwick_node-3] [INFO] [1771831696.636666689] [imu_filter]: Parameter RLController.pid_ki_lin set to 0.000000
[imu_filter_madgwick_node-3] [INFO] [1771831696.636746339] [imu_filter]: Parameter RLController.pid_kd_lin set to 0.020000
[imu_filter_madgwick_node-3] [INFO] [1771831696.638565357] [imu_filter]: Parameter RLController.pid_kp_ang set to 1.230000
[imu_filter_madgwick_node-3] [INFO] [1771831696.638718064] [imu_filter]: Parameter RLController.pid_ki_ang set to 0.000000
[imu_filter_madgwick_node-3] [INFO] [1771831696.638782066] [imu_filter]: Parameter RLController.pid_kd_ang set to 0.100236
[imu_filter_madgwick_node-3] [INFO] [1771831697.066622790] [imu_filter]: Parameter RLController.pid_kp_lin set to 1.207974
[imu_filter_madgwick_node-3] [INFO] [1771831697.070994730] [imu_filter]: Parameter RLController.pid_ki_lin set to 0.000000
[imu_filter_madgwick_node-3] [INFO] [1771831697.071192303] [imu_filter]: Parameter RLController.pid_kd_lin set to 0.020000
[imu_filter_madgwick_node-3] [INFO] [1771831697.071402036] [imu_filter]: Parameter RLController.pid_kp_ang set to 1.230000
[imu_filter_madgwick_node-3] [INFO] [1771831697.071468885] [imu_filter]: Parameter RLController.pid_ki_ang set to 0.000000
[imu_filter_madgwick_node-3] [INFO] [1771831697.071553687] [imu_filter]: Parameter RLController.pid_kd_ang set to 0.100236
[imu_filter_madgwick_node-3] [INFO] [1771831697.508928998] [imu_filter]: Parameter RLController.pid_kp_lin set to 1.207974
[imu_filter_madgwick_node-3] [INFO] [1771831697.511086263] [imu_filter]: Parameter RLController.pid_ki_lin set to 0.000000
[imu_filter_madgwick_node-3] [INFO] [1771831697.511411295] [imu_filter]: Parameter RLController.pid_kd_lin set to 0.020000
[imu_filter_madgwick_node-3] [INFO] [1771831697.511514561] [imu_filter]: Parameter RLController.pid_kp_ang set to 1.230000
[imu_filter_madgwick_node-3] [INFO] [1771831697.511580866] [imu_filter]: Parameter RLController.pid_ki_ang set to 0.000000
[imu_filter_madgwick_node-3] [INFO] [1771831697.511637444] [imu_filter]: Parameter RLController.pid_kd_ang set to 0.100236
[imu_filter_madgwick_node-3] [INFO] [1771831697.931153434] [imu_filter]: Parameter RLController.pid_kp_lin set to 1.207974
[imu_filter_madgwick_node-3] [INFO] [1771831697.931349951] [imu_filter]: Parameter RLController.pid_ki_lin set to 0.000000
[imu_filter_madgwick_node-3] [INFO] [1771831697.933391245] [imu_filter]: Parameter RLController.pid_kd_lin set to 0.020000
[imu_filter_madgwick_node-3] [INFO] [1771831697.933560849] [imu_filter]: Parameter RLController.pid_kp_ang set to 1.230000
[imu_filter_madgwick_node-3] [INFO] [1771831697.933622451] [imu_filter]: Parameter RLController.pid_ki_ang set to 0.000000
[imu_filter_madgwick_node-3] [INFO] [1771831697.933676628] [imu_filter]: Parameter RLController.pid_kd_ang set to 0.100236
[imu_filter_madgwick_node-3] [INFO] [1771831698.370259024] [imu_filter]: Parameter RLController.pid_kp_lin set to 1.207974
[imu_filter_madgwick_node-3] [INFO] [1771831698.370868798] [imu_filter]: Parameter RLController.pid_ki_lin set to 0.000000
[imu_filter_madgwick_node-3] [INFO] [1771831698.370980129] [imu_filter]: Parameter RLController.pid_kd_lin set to 0.020000
[imu_filter_madgwick_node-3] [INFO] [1771831698.371047778] [imu_filter]: Parameter RLController.pid_kp_ang set to 1.230000
[imu_filter_madgwick_node-3] [INFO] [1771831698.371103780] [imu_filter]: Parameter RLController.pid_ki_ang set to 0.000000
[imu_filter_madgwick_node-3] [INFO] [1771831698.371157413] [imu_filter]: Parameter RLController.pid_kd_ang set to 0.100236
[imu_filter_madgwick_node-3] [INFO] [1771831698.782173273] [imu_filter]: Parameter RLController.pid_kp_lin set to 1.207974
[imu_filter_madgwick_node-3] [INFO] [1771831698.782371774] [imu_filter]: Parameter RLController.pid_ki_lin set to 0.000000
[imu_filter_madgwick_node-3] [INFO] [1771831698.782441247] [imu_filter]: Parameter RLController.pid_kd_lin set to 0.020000
[imu_filter_madgwick_node-3] [INFO] [1771831698.782499616] [imu_filter]: Parameter RLController.pid_kp_ang set to 1.230000
[imu_filter_madgwick_node-3] [INFO] [1771831698.782552962] [imu_filter]: Parameter RLController.pid_ki_ang set to 0.000000
[imu_filter_madgwick_node-3] [INFO] [1771831698.782605635] [imu_filter]: Parameter RLController.pid_kd_ang set to 0.100236
[imu_filter_madgwick_node-3] [INFO] [1771831699.202643333] [imu_filter]: Parameter RLController.pid_kp_lin set to 1.207974
[imu_filter_madgwick_node-3] [INFO] [1771831699.203026830] [imu_filter]: Parameter RLController.pid_ki_lin set to 0.000000
[imu_filter_madgwick_node-3] [INFO] [1771831699.203104112] [imu_filter]: Parameter RLController.pid_kd_lin set to 0.020000
[imu_filter_madgwick_node-3] [INFO] [1771831699.203166417] [imu_filter]: Parameter RLController.pid_kp_ang set to 1.230000
[imu_filter_madgwick_node-3] [INFO] [1771831699.203218482] [imu_filter]: Parameter RLController.pid_ki_ang set to 0.000000
[imu_filter_madgwick_node-3] [INFO] [1771831699.203269748] [imu_filter]: Parameter RLController.pid_kd_ang set to 0.100236
[imu_filter_madgwick_node-3] [INFO] [1771831699.613018219] [imu_filter]: Parameter RLController.pid_kp_lin set to 1.207974
[imu_filter_madgwick_node-3] [INFO] [1771831699.613287409] [imu_filter]: Parameter RLController.pid_ki_lin set to 0.000000
[imu_filter_madgwick_node-3] [INFO] [1771831699.613382931] [imu_filter]: Parameter RLController.pid_kd_lin set to 0.020000
[imu_filter_madgwick_node-3] [INFO] [1771831699.613448661] [imu_filter]: Parameter RLController.pid_kp_ang set to 1.230000
[imu_filter_madgwick_node-3] [INFO] [1771831699.613503926] [imu_filter]: Parameter RLController.pid_ki_ang set to 0.000000
[imu_filter_madgwick_node-3] [INFO] [1771831699.613557975] [imu_filter]: Parameter RLController.pid_kd_ang set to 0.100236
[imu_filter_madgwick_node-3] [INFO] [1771831700.034738708] [imu_filter]: Parameter RLController.pid_kp_lin set to 1.207974
[imu_filter_madgwick_node-3] [INFO] [1771831700.041395756] [imu_filter]: Parameter RLController.pid_ki_lin set to 0.000000
[imu_filter_madgwick_node-3] [INFO] [1771831700.041747764] [imu_filter]: Parameter RLController.pid_kd_lin set to 0.020000
[imu_filter_madgwick_node-3] [INFO] [1771831700.041825045] [imu_filter]: Parameter RLController.pid_kp_ang set to 1.230000
[imu_filter_madgwick_node-3] [INFO] [1771831700.041882615] [imu_filter]: Parameter RLController.pid_ki_ang set to 0.000000
[imu_filter_madgwick_node-3] [INFO] [1771831700.041935736] [imu_filter]: Parameter RLController.pid_kd_ang set to 0.100236
[imu_filter_madgwick_node-3] [INFO] [1771831700.463827909] [imu_filter]: Parameter RLController.pid_kp_lin set to 1.207974
[imu_filter_madgwick_node-3] [INFO] [1771831700.464027049] [imu_filter]: Parameter RLController.pid_ki_lin set to 0.000000
[imu_filter_madgwick_node-3] [INFO] [1771831700.464094059] [imu_filter]: Parameter RLController.pid_kd_lin set to 0.020000
[imu_filter_madgwick_node-3] [INFO] [1771831700.464259855] [imu_filter]: Parameter RLController.pid_kp_ang set to 1.230000
[imu_filter_madgwick_node-3] [INFO] [1771831700.464317744] [imu_filter]: Parameter RLController.pid_ki_ang set to 0.000000
[imu_filter_madgwick_node-3] [INFO] [1771831700.464370705] [imu_filter]: Parameter RLController.pid_kd_ang set to 0.100236
[imu_filter_madgwick_node-3] [INFO] [1771831700.883069589] [imu_filter]: Parameter RLController.pid_kp_lin set to 1.207974
[imu_filter_madgwick_node-3] [INFO] [1771831700.883395388] [imu_filter]: Parameter RLController.pid_ki_lin set to 0.000000
[imu_filter_madgwick_node-3] [INFO] [1771831700.883472318] [imu_filter]: Parameter RLController.pid_kd_lin set to 0.020000
[imu_filter_madgwick_node-3] [INFO] [1771831700.883571680] [imu_filter]: Parameter RLController.pid_kp_ang set to 1.230000
[imu_filter_madgwick_node-3] [INFO] [1771831700.883629218] [imu_filter]: Parameter RLController.pid_ki_ang set to 0.000000
[imu_filter_madgwick_node-3] [INFO] [1771831700.883685219] [imu_filter]: Parameter RLController.pid_kd_ang set to 0.100236
[imu_filter_madgwick_node-3] [INFO] [1771831701.291981081] [imu_filter]: Parameter RLController.pid_kp_lin set to 1.207974
[imu_filter_madgwick_node-3] [INFO] [1771831701.292181853] [imu_filter]: Parameter RLController.pid_ki_lin set to 0.000000
[imu_filter_madgwick_node-3] [INFO] [1771831701.292256607] [imu_filter]: Parameter RLController.pid_kd_lin set to 0.020000
[imu_filter_madgwick_node-3] [INFO] [1771831701.292317537] [imu_filter]: Parameter RLController.pid_kp_ang set to 1.230000
[imu_filter_madgwick_node-3] [INFO] [1771831701.292369698] [imu_filter]: Parameter RLController.pid_ki_ang set to 0.000000
[imu_filter_madgwick_node-3] [INFO] [1771831701.292422115] [imu_filter]: Parameter RLController.pid_kd_ang set to 0.100236
[imu_filter_madgwick_node-3] [INFO] [1771831701.706211414] [imu_filter]: Parameter RLController.pid_kp_lin set to 1.207974
[imu_filter_madgwick_node-3] [INFO] [1771831701.706417563] [imu_filter]: Parameter RLController.pid_ki_lin set to 0.000000
[imu_filter_madgwick_node-3] [INFO] [1771831701.706489821] [imu_filter]: Parameter RLController.pid_kd_lin set to 0.020000
[imu_filter_madgwick_node-3] [INFO] [1771831701.706547902] [imu_filter]: Parameter RLController.pid_kp_ang set to 1.230000
[imu_filter_madgwick_node-3] [INFO] [1771831701.706602335] [imu_filter]: Parameter RLController.pid_ki_ang set to 0.000000
[imu_filter_madgwick_node-3] [INFO] [1771831701.706655841] [imu_filter]: Parameter RLController.pid_kd_ang set to 0.100236
[imu_filter_madgwick_node-3] [INFO] [1771831702.136541412] [imu_filter]: Parameter RLController.pid_kp_lin set to 1.207974
[imu_filter_madgwick_node-3] [INFO] [1771831702.136728424] [imu_filter]: Parameter RLController.pid_ki_lin set to 0.000000
[imu_filter_madgwick_node-3] [INFO] [1771831702.136800074] [imu_filter]: Parameter RLController.pid_kd_lin set to 0.020000
[imu_filter_madgwick_node-3] [INFO] [1771831702.136854059] [imu_filter]: Parameter RLController.pid_kp_ang set to 1.230000
[imu_filter_madgwick_node-3] [INFO] [1771831702.138929851] [imu_filter]: Parameter RLController.pid_ki_ang set to 0.000000
[imu_filter_madgwick_node-3] [INFO] [1771831702.139067902] [imu_filter]: Parameter RLController.pid_kd_ang set to 0.100236
[imu_filter_madgwick_node-3] [INFO] [1771831702.562846454] [imu_filter]: Parameter RLController.pid_kp_lin set to 1.207974
[imu_filter_madgwick_node-3] [INFO] [1771831702.563031322] [imu_filter]: Parameter RLController.pid_ki_lin set to 0.000000
[imu_filter_madgwick_node-3] [INFO] [1771831702.563093563] [imu_filter]: Parameter RLController.pid_kd_lin set to 0.020000
[imu_filter_madgwick_node-3] [INFO] [1771831702.563150525] [imu_filter]: Parameter RLController.pid_kp_ang set to 1.230000
[imu_filter_madgwick_node-3] [INFO] [1771831702.564946374] [imu_filter]: Parameter RLController.pid_ki_ang set to 0.000000
[imu_filter_madgwick_node-3] [INFO] [1771831702.565424977] [imu_filter]: Parameter RLController.pid_kd_ang set to 0.100236
[imu_filter_madgwick_node-3] [INFO] [1771831702.978032809] [imu_filter]: Parameter RLController.pid_kp_lin set to 1.207974
[imu_filter_madgwick_node-3] [INFO] [1771831702.978290959] [imu_filter]: Parameter RLController.pid_ki_lin set to 0.000000
[imu_filter_madgwick_node-3] [INFO] [1771831702.978359537] [imu_filter]: Parameter RLController.pid_kd_lin set to 0.020000
[imu_filter_madgwick_node-3] [INFO] [1771831702.978532597] [imu_filter]: Parameter RLController.pid_kp_ang set to 1.230000
[imu_filter_madgwick_node-3] [INFO] [1771831702.978646999] [imu_filter]: Parameter RLController.pid_ki_ang set to 0.000000
[imu_filter_madgwick_node-3] [INFO] [1771831702.978727705] [imu_filter]: Parameter RLController.pid_kd_ang set to 0.100236
[imu_filter_madgwick_node-3] [INFO] [1771831703.406199269] [imu_filter]: Parameter RLController.pid_kp_lin set to 1.207974
[imu_filter_madgwick_node-3] [INFO] [1771831703.407989614] [imu_filter]: Parameter RLController.pid_ki_lin set to 0.000000
[imu_filter_madgwick_node-3] [INFO] [1771831703.408177107] [imu_filter]: Parameter RLController.pid_kd_lin set to 0.020000
[imu_filter_madgwick_node-3] [INFO] [1771831703.408242548] [imu_filter]: Parameter RLController.pid_kp_ang set to 1.230000
[imu_filter_madgwick_node-3] [INFO] [1771831703.408297653] [imu_filter]: Parameter RLController.pid_ki_ang set to 0.000000
[imu_filter_madgwick_node-3] [INFO] [1771831703.408469753] [imu_filter]: Parameter RLController.pid_kd_ang set to 0.100236
[imu_filter_madgwick_node-3] [INFO] [1771831703.824804327] [imu_filter]: Parameter RLController.pid_kp_lin set to 1.207974
[imu_filter_madgwick_node-3] [INFO] [1771831703.825027564] [imu_filter]: Parameter RLController.pid_ki_lin set to 0.000000
[imu_filter_madgwick_node-3] [INFO] [1771831703.825095694] [imu_filter]: Parameter RLController.pid_kd_lin set to 0.020000
[imu_filter_madgwick_node-3] [INFO] [1771831703.825154223] [imu_filter]: Parameter RLController.pid_kp_ang set to 1.230000
[imu_filter_madgwick_node-3] [INFO] [1771831703.825206992] [imu_filter]: Parameter RLController.pid_ki_ang set to 0.000000
[imu_filter_madgwick_node-3] [INFO] [1771831703.825258385] [imu_filter]: Parameter RLController.pid_kd_ang set to 0.100236
[imu_filter_madgwick_node-3] [INFO] [1771831704.234456764] [imu_filter]: Parameter RLController.pid_kp_lin set to 1.207974
[imu_filter_madgwick_node-3] [INFO] [1771831704.234749187] [imu_filter]: Parameter RLController.pid_ki_lin set to 0.000000
[imu_filter_madgwick_node-3] [INFO] [1771831704.234830532] [imu_filter]: Parameter RLController.pid_kd_lin set to 0.020000
[imu_filter_madgwick_node-3] [INFO] [1771831704.234889062] [imu_filter]: Parameter RLController.pid_kp_ang set to 1.230000
[imu_filter_madgwick_node-3] [INFO] [1771831704.234940743] [imu_filter]: Parameter RLController.pid_ki_ang set to 0.000000
[imu_filter_madgwick_node-3] [INFO] [1771831704.234992008] [imu_filter]: Parameter RLController.pid_kd_ang set to 0.100236
[imu_filter_madgwick_node-3] [INFO] [1771831704.649284167] [imu_filter]: Parameter RLController.pid_kp_lin set to 1.207974
[imu_filter_madgwick_node-3] [INFO] [1771831704.649465675] [imu_filter]: Parameter RLController.pid_ki_lin set to 0.000000
[imu_filter_madgwick_node-3] [INFO] [1771831704.649529805] [imu_filter]: Parameter RLController.pid_kd_lin set to 0.020000
[imu_filter_madgwick_node-3] [INFO] [1771831704.649586350] [imu_filter]: Parameter RLController.pid_kp_ang set to 1.230000
[imu_filter_madgwick_node-3] [INFO] [1771831704.649640591] [imu_filter]: Parameter RLController.pid_ki_ang set to 0.000000
[imu_filter_madgwick_node-3] [INFO] [1771831704.649686928] [imu_filter]: Parameter RLController.pid_kd_ang set to 0.100236
[imu_filter_madgwick_node-3] [INFO] [1771831705.057937253] [imu_filter]: Parameter RLController.pid_kp_lin set to 1.207974
[imu_filter_madgwick_node-3] [INFO] [1771831705.058169194] [imu_filter]: Parameter RLController.pid_ki_lin set to 0.000000
[imu_filter_madgwick_node-3] [INFO] [1771831705.058246764] [imu_filter]: Parameter RLController.pid_kd_lin set to 0.020000
[imu_filter_madgwick_node-3] [INFO] [1771831705.058303214] [imu_filter]: Parameter RLController.pid_kp_ang set to 1.230000
[imu_filter_madgwick_node-3] [INFO] [1771831705.058354959] [imu_filter]: Parameter RLController.pid_ki_ang set to 0.000000
[imu_filter_madgwick_node-3] [INFO] [1771831705.058407536] [imu_filter]: Parameter RLController.pid_kd_ang set to 0.100236
[imu_filter_madgwick_node-3] [INFO] [1771831705.476061468] [imu_filter]: Parameter RLController.pid_kp_lin set to 1.207974
[imu_filter_madgwick_node-3] [INFO] [1771831705.476248288] [imu_filter]: Parameter RLController.pid_ki_lin set to 0.000000
[imu_filter_madgwick_node-3] [INFO] [1771831705.476312610] [imu_filter]: Parameter RLController.pid_kd_lin set to 0.020000
[imu_filter_madgwick_node-3] [INFO] [1771831705.476371011] [imu_filter]: Parameter RLController.pid_kp_ang set to 1.230000
[imu_filter_madgwick_node-3] [INFO] [1771831705.476425188] [imu_filter]: Parameter RLController.pid_ki_ang set to 0.000000
[imu_filter_madgwick_node-3] [INFO] [1771831705.476476485] [imu_filter]: Parameter RLController.pid_kd_ang set to 0.100236
[imu_filter_madgwick_node-3] [INFO] [1771831705.900498147] [imu_filter]: Parameter RLController.pid_kp_lin set to 1.207974
[imu_filter_madgwick_node-3] [INFO] [1771831705.900695303] [imu_filter]: Parameter RLController.pid_ki_lin set to 0.000000
[imu_filter_madgwick_node-3] [INFO] [1771831705.900763881] [imu_filter]: Parameter RLController.pid_kd_lin set to 0.020000
[imu_filter_madgwick_node-3] [INFO] [1771831705.900823050] [imu_filter]: Parameter RLController.pid_kp_ang set to 1.230000
[imu_filter_madgwick_node-3] [INFO] [1771831705.900875755] [imu_filter]: Parameter RLController.pid_ki_ang set to 0.000000
[imu_filter_madgwick_node-3] [INFO] [1771831705.900927148] [imu_filter]: Parameter RLController.pid_kd_ang set to 0.100236
[imu_filter_madgwick_node-3] [INFO] [1771831706.313750506] [imu_filter]: Parameter RLController.pid_kp_lin set to 1.207974
[imu_filter_madgwick_node-3] [INFO] [1771831706.313973071] [imu_filter]: Parameter RLController.pid_ki_lin set to 0.000000
[imu_filter_madgwick_node-3] [INFO] [1771831706.314057009] [imu_filter]: Parameter RLController.pid_kd_lin set to 0.020000
[imu_filter_madgwick_node-3] [INFO] [1771831706.314119826] [imu_filter]: Parameter RLController.pid_kp_ang set to 1.230000
[imu_filter_madgwick_node-3] [INFO] [1771831706.314175860] [imu_filter]: Parameter RLController.pid_ki_ang set to 0.000000
[imu_filter_madgwick_node-3] [INFO] [1771831706.314228501] [imu_filter]: Parameter RLController.pid_kd_ang set to 0.100236
[imu_filter_madgwick_node-3] [INFO] [1771831706.730567043] [imu_filter]: Parameter RLController.pid_kp_lin set to 1.207974
[imu_filter_madgwick_node-3] [INFO] [1771831706.730775559] [imu_filter]: Parameter RLController.pid_ki_lin set to 0.000000
[imu_filter_madgwick_node-3] [INFO] [1771831706.730842793] [imu_filter]: Parameter RLController.pid_kd_lin set to 0.020000
[imu_filter_madgwick_node-3] [INFO] [1771831706.730902698] [imu_filter]: Parameter RLController.pid_kp_ang set to 1.230000
[imu_filter_madgwick_node-3] [INFO] [1771831706.732810102] [imu_filter]: Parameter RLController.pid_ki_ang set to 0.000000
[imu_filter_madgwick_node-3] [INFO] [1771831706.732975578] [imu_filter]: Parameter RLController.pid_kd_ang set to 0.100236
[imu_filter_madgwick_node-3] [INFO] [1771831707.186596220] [imu_filter]: Parameter RLController.pid_kp_lin set to 1.207974
[imu_filter_madgwick_node-3] [INFO] [1771831707.186860546] [imu_filter]: Parameter RLController.pid_ki_lin set to 0.000000
[imu_filter_madgwick_node-3] [INFO] [1771831707.186936420] [imu_filter]: Parameter RLController.pid_kd_lin set to 0.020000
[imu_filter_madgwick_node-3] [INFO] [1771831707.186998085] [imu_filter]: Parameter RLController.pid_kp_ang set to 1.230000
[imu_filter_madgwick_node-3] [INFO] [1771831707.187052198] [imu_filter]: Parameter RLController.pid_ki_ang set to 0.000000
[imu_filter_madgwick_node-3] [INFO] [1771831707.187105319] [imu_filter]: Parameter RLController.pid_kd_ang set to 0.100236
[imu_filter_madgwick_node-3] [INFO] [1771831707.601089599] [imu_filter]: Parameter RLController.pid_kp_lin set to 1.207974
[imu_filter_madgwick_node-3] [INFO] [1771831707.601320517] [imu_filter]: Parameter RLController.pid_ki_lin set to 0.000000
[imu_filter_madgwick_node-3] [INFO] [1771831707.601385958] [imu_filter]: Parameter RLController.pid_kd_lin set to 0.020000
[imu_filter_madgwick_node-3] [INFO] [1771831707.601444327] [imu_filter]: Parameter RLController.pid_kp_ang set to 1.230000
[imu_filter_madgwick_node-3] [INFO] [1771831707.601497193] [imu_filter]: Parameter RLController.pid_ki_ang set to 0.000000
[imu_filter_madgwick_node-3] [INFO] [1771831707.601551018] [imu_filter]: Parameter RLController.pid_kd_ang set to 0.100236
[imu_filter_madgwick_node-3] [INFO] [1771831708.008476096] [imu_filter]: Parameter RLController.pid_kp_lin set to 1.207974
[imu_filter_madgwick_node-3] [INFO] [1771831708.008705126] [imu_filter]: Parameter RLController.pid_ki_lin set to 0.000000
[imu_filter_madgwick_node-3] [INFO] [1771831708.008775367] [imu_filter]: Parameter RLController.pid_kd_lin set to 0.020000
[imu_filter_madgwick_node-3] [INFO] [1771831708.008835305] [imu_filter]: Parameter RLController.pid_kp_ang set to 1.230000
[imu_filter_madgwick_node-3] [INFO] [1771831708.008890474] [imu_filter]: Parameter RLController.pid_ki_ang set to 0.000000
[imu_filter_madgwick_node-3] [INFO] [1771831708.008945067] [imu_filter]: Parameter RLController.pid_kd_ang set to 0.100236
[imu_filter_madgwick_node-3] [INFO] [1771831708.416399214] [imu_filter]: Parameter RLController.pid_kp_lin set to 1.207974
[imu_filter_madgwick_node-3] [INFO] [1771831708.416599634] [imu_filter]: Parameter RLController.pid_ki_lin set to 0.000000
[imu_filter_madgwick_node-3] [INFO] [1771831708.419284912] [imu_filter]: Parameter RLController.pid_kd_lin set to 0.020000
[imu_filter_madgwick_node-3] [INFO] [1771831708.419641720] [imu_filter]: Parameter RLController.pid_kp_ang set to 1.230000
[imu_filter_madgwick_node-3] [INFO] [1771831708.419730522] [imu_filter]: Parameter RLController.pid_ki_ang set to 0.000000
[imu_filter_madgwick_node-3] [INFO] [1771831708.419788283] [imu_filter]: Parameter RLController.pid_kd_ang set to 0.100236
[imu_filter_madgwick_node-3] [INFO] [1771831708.843382735] [imu_filter]: Parameter RLController.pid_kp_lin set to 1.207974
[imu_filter_madgwick_node-3] [INFO] [1771831708.843626965] [imu_filter]: Parameter RLController.pid_ki_lin set to 0.000000
[imu_filter_madgwick_node-3] [INFO] [1771831708.843708790] [imu_filter]: Parameter RLController.pid_kd_lin set to 0.020000
[imu_filter_madgwick_node-3] [INFO] [1771831708.843776632] [imu_filter]: Parameter RLController.pid_kp_ang set to 1.230000
[imu_filter_madgwick_node-3] [INFO] [1771831708.843834905] [imu_filter]: Parameter RLController.pid_ki_ang set to 0.000000
[imu_filter_madgwick_node-3] [INFO] [1771831708.843890235] [imu_filter]: Parameter RLController.pid_kd_ang set to 0.100236
[imu_filter_madgwick_node-3] [INFO] [1771831709.259151600] [imu_filter]: Parameter RLController.pid_kp_lin set to 1.207974
[imu_filter_madgwick_node-3] [INFO] [1771831709.259418806] [imu_filter]: Parameter RLController.pid_ki_lin set to 0.000000
[imu_filter_madgwick_node-3] [INFO] [1771831709.259677884] [imu_filter]: Parameter RLController.pid_kd_lin set to 0.020000
[imu_filter_madgwick_node-3] [INFO] [1771831709.259752893] [imu_filter]: Parameter RLController.pid_kp_ang set to 1.230000
[imu_filter_madgwick_node-3] [INFO] [1771831709.259871008] [imu_filter]: Parameter RLController.pid_ki_ang set to 0.000000
[imu_filter_madgwick_node-3] [INFO] [1771831709.259931394] [imu_filter]: Parameter RLController.pid_kd_ang set to 0.100236
[imu_filter_madgwick_node-3] [INFO] [1771831709.700691870] [imu_filter]: Parameter RLController.pid_kp_lin set to 1.207974
[imu_filter_madgwick_node-3] [INFO] [1771831709.704756475] [imu_filter]: Parameter RLController.pid_ki_lin set to 0.000000
[imu_filter_madgwick_node-3] [INFO] [1771831709.705203813] [imu_filter]: Parameter RLController.pid_kd_lin set to 0.020000
[imu_filter_madgwick_node-3] [INFO] [1771831709.705285287] [imu_filter]: Parameter RLController.pid_kp_ang set to 1.230000
[imu_filter_madgwick_node-3] [INFO] [1771831709.705342472] [imu_filter]: Parameter RLController.pid_ki_ang set to 0.000000
[imu_filter_madgwick_node-3] [INFO] [1771831709.705395849] [imu_filter]: Parameter RLController.pid_kd_ang set to 0.100236
[imu_filter_madgwick_node-3] [INFO] [1771831710.115407846] [imu_filter]: Parameter RLController.pid_kp_lin set to 1.207974
[imu_filter_madgwick_node-3] [INFO] [1771831710.116305275] [imu_filter]: Parameter RLController.pid_ki_lin set to 0.000000
[imu_filter_madgwick_node-3] [INFO] [1771831710.116427646] [imu_filter]: Parameter RLController.pid_kd_lin set to 0.020000
[imu_filter_madgwick_node-3] [INFO] [1771831710.116500447] [imu_filter]: Parameter RLController.pid_kp_ang set to 1.230000
[imu_filter_madgwick_node-3] [INFO] [1771831710.116556641] [imu_filter]: Parameter RLController.pid_ki_ang set to 0.000000
[imu_filter_madgwick_node-3] [INFO] [1771831710.116608226] [imu_filter]: Parameter RLController.pid_kd_ang set to 0.100236
[imu_filter_madgwick_node-3] [INFO] [1771831710.529192474] [imu_filter]: Parameter RLController.pid_kp_lin set to 1.207974
[imu_filter_madgwick_node-3] [INFO] [1771831710.532950768] [imu_filter]: Parameter RLController.pid_ki_lin set to 0.000000
[imu_filter_madgwick_node-3] [INFO] [1771831710.533279415] [imu_filter]: Parameter RLController.pid_kd_lin set to 0.020000
[imu_filter_madgwick_node-3] [INFO] [1771831710.533356249] [imu_filter]: Parameter RLController.pid_kp_ang set to 1.230000
[imu_filter_madgwick_node-3] [INFO] [1771831710.533413818] [imu_filter]: Parameter RLController.pid_ki_ang set to 0.000000
[imu_filter_madgwick_node-3] [INFO] [1771831710.533467355] [imu_filter]: Parameter RLController.pid_kd_ang set to 0.100236
[imu_filter_madgwick_node-3] [INFO] [1771831710.945407045] [imu_filter]: Parameter RLController.pid_kp_lin set to 1.207974
[imu_filter_madgwick_node-3] [INFO] [1771831710.945596777] [imu_filter]: Parameter RLController.pid_ki_lin set to 0.000000
[imu_filter_madgwick_node-3] [INFO] [1771831710.945657994] [imu_filter]: Parameter RLController.pid_kd_lin set to 0.020000
[imu_filter_madgwick_node-3] [INFO] [1771831710.945715980] [imu_filter]: Parameter RLController.pid_kp_ang set to 1.230000
[imu_filter_madgwick_node-3] [INFO] [1771831710.945767949] [imu_filter]: Parameter RLController.pid_ki_ang set to 0.000000
[imu_filter_madgwick_node-3] [INFO] [1771831710.945818734] [imu_filter]: Parameter RLController.pid_kd_ang set to 0.100236
[imu_filter_madgwick_node-3] [INFO] [1771831711.363370136] [imu_filter]: Parameter RLController.pid_kp_lin set to 1.207974
[imu_filter_madgwick_node-3] [INFO] [1771831711.363644350] [imu_filter]: Parameter RLController.pid_ki_lin set to 0.000000
[imu_filter_madgwick_node-3] [INFO] [1771831711.363725024] [imu_filter]: Parameter RLController.pid_kd_lin set to 0.020000
[imu_filter_madgwick_node-3] [INFO] [1771831711.363789857] [imu_filter]: Parameter RLController.pid_kp_ang set to 1.230000
[imu_filter_madgwick_node-3] [INFO] [1771831711.363847394] [imu_filter]: Parameter RLController.pid_ki_ang set to 0.000000
[imu_filter_madgwick_node-3] [INFO] [1771831711.363901060] [imu_filter]: Parameter RLController.pid_kd_ang set to 0.100236
[imu_filter_madgwick_node-3] [INFO] [1771831711.781718419] [imu_filter]: Parameter RLController.pid_kp_lin set to 1.207974
[imu_filter_madgwick_node-3] [INFO] [1771831711.781919288] [imu_filter]: Parameter RLController.pid_ki_lin set to 0.000000
[imu_filter_madgwick_node-3] [INFO] [1771831711.781995898] [imu_filter]: Parameter RLController.pid_kd_lin set to 0.020000
[imu_filter_madgwick_node-3] [INFO] [1771831711.784935261] [imu_filter]: Parameter RLController.pid_kp_ang set to 1.230000
[imu_filter_madgwick_node-3] [INFO] [1771831711.785311557] [imu_filter]: Parameter RLController.pid_ki_ang set to 0.000000
[imu_filter_madgwick_node-3] [INFO] [1771831711.785434440] [imu_filter]: Parameter RLController.pid_kd_ang set to 0.100236
[imu_filter_madgwick_node-3] [INFO] [1771831712.193345077] [imu_filter]: Parameter RLController.pid_kp_lin set to 1.207974
[imu_filter_madgwick_node-3] [INFO] [1771831712.195702059] [imu_filter]: Parameter RLController.pid_ki_lin set to 0.000000
[imu_filter_madgwick_node-3] [INFO] [1771831712.195872879] [imu_filter]: Parameter RLController.pid_kd_lin set to 0.020000
[imu_filter_madgwick_node-3] [INFO] [1771831712.195944689] [imu_filter]: Parameter RLController.pid_kp_ang set to 1.230000
[imu_filter_madgwick_node-3] [INFO] [1771831712.195997938] [imu_filter]: Parameter RLController.pid_ki_ang set to 0.000000
[imu_filter_madgwick_node-3] [INFO] [1771831712.196217303] [imu_filter]: Parameter RLController.pid_kd_ang set to 0.100236
[imu_filter_madgwick_node-3] [INFO] [1771831712.613208212] [imu_filter]: Parameter RLController.pid_kp_lin set to 1.207974
[imu_filter_madgwick_node-3] [INFO] [1771831712.613902244] [imu_filter]: Parameter RLController.pid_ki_lin set to 0.000000
[imu_filter_madgwick_node-3] [INFO] [1771831712.614011718] [imu_filter]: Parameter RLController.pid_kd_lin set to 0.020000
[imu_filter_madgwick_node-3] [INFO] [1771831712.614189802] [imu_filter]: Parameter RLController.pid_kp_ang set to 1.230000
[imu_filter_madgwick_node-3] [INFO] [1771831712.614250508] [imu_filter]: Parameter RLController.pid_ki_ang set to 0.000000
[imu_filter_madgwick_node-3] [INFO] [1771831712.614302573] [imu_filter]: Parameter RLController.pid_kd_ang set to 0.100236
[imu_filter_madgwick_node-3] [INFO] [1771831713.025887502] [imu_filter]: Parameter RLController.pid_kp_lin set to 1.207974
[imu_filter_madgwick_node-3] [INFO] [1771831713.028672750] [imu_filter]: Parameter RLController.pid_ki_lin set to 0.000000
[imu_filter_madgwick_node-3] [INFO] [1771831713.028989973] [imu_filter]: Parameter RLController.pid_kd_lin set to 0.020000
[imu_filter_madgwick_node-3] [INFO] [1771831713.029088951] [imu_filter]: Parameter RLController.pid_kp_ang set to 1.230000
[imu_filter_madgwick_node-3] [INFO] [1771831713.029148088] [imu_filter]: Parameter RLController.pid_ki_ang set to 0.000000
[imu_filter_madgwick_node-3] [INFO] [1771831713.029203866] [imu_filter]: Parameter RLController.pid_kd_ang set to 0.100236
[imu_filter_madgwick_node-3] [INFO] [1771831713.468337905] [imu_filter]: Parameter RLController.pid_kp_lin set to 1.207974
[imu_filter_madgwick_node-3] [INFO] [1771831713.471689725] [imu_filter]: Parameter RLController.pid_ki_lin set to 0.000000
[imu_filter_madgwick_node-3] [INFO] [1771831713.471890690] [imu_filter]: Parameter RLController.pid_kd_lin set to 0.020000
[imu_filter_madgwick_node-3] [INFO] [1771831713.471960451] [imu_filter]: Parameter RLController.pid_kp_ang set to 1.230000
[imu_filter_madgwick_node-3] [INFO] [1771831713.472016677] [imu_filter]: Parameter RLController.pid_ki_ang set to 0.000000
[imu_filter_madgwick_node-3] [INFO] [1771831713.472072134] [imu_filter]: Parameter RLController.pid_kd_ang set to 0.100236
[imu_filter_madgwick_node-3] [INFO] [1771831713.887103830] [imu_filter]: Parameter RLController.pid_kp_lin set to 1.207974
[imu_filter_madgwick_node-3] [INFO] [1771831713.887436093] [imu_filter]: Parameter RLController.pid_ki_lin set to 0.000000
[imu_filter_madgwick_node-3] [INFO] [1771831713.887536512] [imu_filter]: Parameter RLController.pid_kd_lin set to 0.020000
[imu_filter_madgwick_node-3] [INFO] [1771831713.887602657] [imu_filter]: Parameter RLController.pid_kp_ang set to 1.230000
[imu_filter_madgwick_node-3] [INFO] [1771831713.887656514] [imu_filter]: Parameter RLController.pid_ki_ang set to 0.000000
[imu_filter_madgwick_node-3] [INFO] [1771831713.887708228] [imu_filter]: Parameter RLController.pid_kd_ang set to 0.100236
[imu_filter_madgwick_node-3] [INFO] [1771831714.303391202] [imu_filter]: Parameter RLController.pid_kp_lin set to 1.207974
[imu_filter_madgwick_node-3] [INFO] [1771831714.303630056] [imu_filter]: Parameter RLController.pid_ki_lin set to 0.000000
[imu_filter_madgwick_node-3] [INFO] [1771831714.303700297] [imu_filter]: Parameter RLController.pid_kd_lin set to 0.020000
[imu_filter_madgwick_node-3] [INFO] [1771831714.303761867] [imu_filter]: Parameter RLController.pid_kp_ang set to 1.230000
[imu_filter_madgwick_node-3] [INFO] [1771831714.303815436] [imu_filter]: Parameter RLController.pid_ki_ang set to 0.000000
[imu_filter_madgwick_node-3] [INFO] [1771831714.303866797] [imu_filter]: Parameter RLController.pid_kd_ang set to 0.100236
[imu_filter_madgwick_node-3] [INFO] [1771831714.715819767] [imu_filter]: Parameter RLController.pid_kp_lin set to 1.207974
[imu_filter_madgwick_node-3] [INFO] [1771831714.716038396] [imu_filter]: Parameter RLController.pid_ki_lin set to 0.000000
[imu_filter_madgwick_node-3] [INFO] [1771831714.716104701] [imu_filter]: Parameter RLController.pid_kd_lin set to 0.020000
[imu_filter_madgwick_node-3] [INFO] [1771831714.716165055] [imu_filter]: Parameter RLController.pid_kp_ang set to 1.230000
[imu_filter_madgwick_node-3] [INFO] [1771831714.716231840] [imu_filter]: Parameter RLController.pid_ki_ang set to 0.000000
[imu_filter_madgwick_node-3] [INFO] [1771831714.716285313] [imu_filter]: Parameter RLController.pid_kd_ang set to 0.100236
[imu_filter_madgwick_node-3] [INFO] [1771831715.140434274] [imu_filter]: Parameter RLController.pid_kp_lin set to 1.207974
[imu_filter_madgwick_node-3] [INFO] [1771831715.140663079] [imu_filter]: Parameter RLController.pid_ki_lin set to 0.000000
[imu_filter_madgwick_node-3] [INFO] [1771831715.140732905] [imu_filter]: Parameter RLController.pid_kd_lin set to 0.020000
[imu_filter_madgwick_node-3] [INFO] [1771831715.140792042] [imu_filter]: Parameter RLController.pid_kp_ang set to 1.230000
[imu_filter_madgwick_node-3] [INFO] [1771831715.140845291] [imu_filter]: Parameter RLController.pid_ki_ang set to 0.000000
[imu_filter_madgwick_node-3] [INFO] [1771831715.140898188] [imu_filter]: Parameter RLController.pid_kd_ang set to 0.100236
[imu_filter_madgwick_node-3] [INFO] [1771831715.560963471] [imu_filter]: Parameter RLController.pid_kp_lin set to 1.207974
[imu_filter_madgwick_node-3] [INFO] [1771831715.561324792] [imu_filter]: Parameter RLController.pid_ki_lin set to 0.000000
[imu_filter_madgwick_node-3] [INFO] [1771831715.564087031] [imu_filter]: Parameter RLController.pid_kd_lin set to 0.020000
[imu_filter_madgwick_node-3] [INFO] [1771831715.565248689] [imu_filter]: Parameter RLController.pid_kp_ang set to 1.230000
[imu_filter_madgwick_node-3] [INFO] [1771831715.565681179] [imu_filter]: Parameter RLController.pid_ki_ang set to 0.000000
[imu_filter_madgwick_node-3] [INFO] [1771831715.567095196] [imu_filter]: Parameter RLController.pid_kd_ang set to 0.100236
[imu_filter_madgwick_node-3] [INFO] [1771831715.978336085] [imu_filter]: Parameter RLController.pid_kp_lin set to 1.207974
[imu_filter_madgwick_node-3] [INFO] [1771831715.978660604] [imu_filter]: Parameter RLController.pid_ki_lin set to 0.000000
[imu_filter_madgwick_node-3] [INFO] [1771831715.978820000] [imu_filter]: Parameter RLController.pid_kd_lin set to 0.020000
[imu_filter_madgwick_node-3] [INFO] [1771831715.978897890] [imu_filter]: Parameter RLController.pid_kp_ang set to 1.230000
[imu_filter_madgwick_node-3] [INFO] [1771831715.978955971] [imu_filter]: Parameter RLController.pid_ki_ang set to 0.000000
[imu_filter_madgwick_node-3] [INFO] [1771831715.979010212] [imu_filter]: Parameter RLController.pid_kd_ang set to 0.100236
[imu_filter_madgwick_node-3] [INFO] [1771831716.414368357] [imu_filter]: Parameter RLController.pid_kp_lin set to 1.207974
[imu_filter_madgwick_node-3] [INFO] [1771831716.414595658] [imu_filter]: Parameter RLController.pid_ki_lin set to 0.000000
[imu_filter_madgwick_node-3] [INFO] [1771831716.414662443] [imu_filter]: Parameter RLController.pid_kd_lin set to 0.020000
[imu_filter_madgwick_node-3] [INFO] [1771831716.414720909] [imu_filter]: Parameter RLController.pid_kp_ang set to 1.230000
[imu_filter_madgwick_node-3] [INFO] [1771831716.414773230] [imu_filter]: Parameter RLController.pid_ki_ang set to 0.000000
[imu_filter_madgwick_node-3] [INFO] [1771831716.414826607] [imu_filter]: Parameter RLController.pid_kd_ang set to 0.100236
[imu_filter_madgwick_node-3] [INFO] [1771831716.819086345] [imu_filter]: Parameter RLController.pid_kp_lin set to 1.207974
[imu_filter_madgwick_node-3] [INFO] [1771831716.819264237] [imu_filter]: Parameter RLController.pid_ki_lin set to 0.000000
[imu_filter_madgwick_node-3] [INFO] [1771831716.819337039] [imu_filter]: Parameter RLController.pid_kd_lin set to 0.020000
[imu_filter_madgwick_node-3] [INFO] [1771831716.819398416] [imu_filter]: Parameter RLController.pid_kp_ang set to 1.230000
[imu_filter_madgwick_node-3] [INFO] [1771831716.819451825] [imu_filter]: Parameter RLController.pid_ki_ang set to 0.000000
[imu_filter_madgwick_node-3] [INFO] [1771831716.819528435] [imu_filter]: Parameter RLController.pid_kd_ang set to 0.100236
[imu_filter_madgwick_node-3] [INFO] [1771831717.232853532] [imu_filter]: Parameter RLController.pid_kp_lin set to 1.207974
[imu_filter_madgwick_node-3] [INFO] [1771831717.233236197] [imu_filter]: Parameter RLController.pid_ki_lin set to 0.000000
[imu_filter_madgwick_node-3] [INFO] [1771831717.233332615] [imu_filter]: Parameter RLController.pid_kd_lin set to 0.020000
[imu_filter_madgwick_node-3] [INFO] [1771831717.233399656] [imu_filter]: Parameter RLController.pid_kp_ang set to 1.230000
[imu_filter_madgwick_node-3] [INFO] [1771831717.233457802] [imu_filter]: Parameter RLController.pid_ki_ang set to 0.000000
[imu_filter_madgwick_node-3] [INFO] [1771831717.233514827] [imu_filter]: Parameter RLController.pid_kd_ang set to 0.100236
[imu_filter_madgwick_node-3] [INFO] [1771831717.649660852] [imu_filter]: Parameter RLController.pid_kp_lin set to 1.207974
[imu_filter_madgwick_node-3] [INFO] [1771831717.649833752] [imu_filter]: Parameter RLController.pid_ki_lin set to 0.000000
[imu_filter_madgwick_node-3] [INFO] [1771831717.649899066] [imu_filter]: Parameter RLController.pid_kd_lin set to 0.020000
[imu_filter_madgwick_node-3] [INFO] [1771831717.649961339] [imu_filter]: Parameter RLController.pid_kp_ang set to 1.230000
[imu_filter_madgwick_node-3] [INFO] [1771831717.650016157] [imu_filter]: Parameter RLController.pid_ki_ang set to 0.000000
[imu_filter_madgwick_node-3] [INFO] [1771831717.650068638] [imu_filter]: Parameter RLController.pid_kd_ang set to 0.100236
[imu_filter_madgwick_node-3] [INFO] [1771831718.064991115] [imu_filter]: Parameter RLController.pid_kp_lin set to 1.207974
[imu_filter_madgwick_node-3] [INFO] [1771831718.065202512] [imu_filter]: Parameter RLController.pid_ki_lin set to 0.000000
[imu_filter_madgwick_node-3] [INFO] [1771831718.065269457] [imu_filter]: Parameter RLController.pid_kd_lin set to 0.020000
[imu_filter_madgwick_node-3] [INFO] [1771831718.065329107] [imu_filter]: Parameter RLController.pid_kp_ang set to 1.230000
[imu_filter_madgwick_node-3] [INFO] [1771831718.065381684] [imu_filter]: Parameter RLController.pid_ki_ang set to 0.000000
[imu_filter_madgwick_node-3] [INFO] [1771831718.065436661] [imu_filter]: Parameter RLController.pid_kd_ang set to 0.100236
[imu_filter_madgwick_node-3] [INFO] [1771831718.505516514] [imu_filter]: Parameter RLController.pid_kp_lin set to 1.207974
[imu_filter_madgwick_node-3] [INFO] [1771831718.505870634] [imu_filter]: Parameter RLController.pid_ki_lin set to 0.000000
[imu_filter_madgwick_node-3] [INFO] [1771831718.506011917] [imu_filter]: Parameter RLController.pid_kd_lin set to 0.020000
[imu_filter_madgwick_node-3] [INFO] [1771831718.506081487] [imu_filter]: Parameter RLController.pid_kp_ang set to 1.230000
[imu_filter_madgwick_node-3] [INFO] [1771831718.506137392] [imu_filter]: Parameter RLController.pid_ki_ang set to 0.000000
[imu_filter_madgwick_node-3] [INFO] [1771831718.506191217] [imu_filter]: Parameter RLController.pid_kd_ang set to 0.100236
[imu_filter_madgwick_node-3] [INFO] [1771831718.928204385] [imu_filter]: Parameter RLController.pid_kp_lin set to 1.207974
[imu_filter_madgwick_node-3] [INFO] [1771831718.928778446] [imu_filter]: Parameter RLController.pid_ki_lin set to 0.000000
[imu_filter_madgwick_node-3] [INFO] [1771831718.928861680] [imu_filter]: Parameter RLController.pid_kd_lin set to 0.020000
[imu_filter_madgwick_node-3] [INFO] [1771831718.928922673] [imu_filter]: Parameter RLController.pid_kp_ang set to 1.230000
[imu_filter_madgwick_node-3] [INFO] [1771831718.928976786] [imu_filter]: Parameter RLController.pid_ki_ang set to 0.000000
[imu_filter_madgwick_node-3] [INFO] [1771831718.929029556] [imu_filter]: Parameter RLController.pid_kd_ang set to 0.100236
[imu_filter_madgwick_node-3] [INFO] [1771831719.338420227] [imu_filter]: Parameter RLController.pid_kp_lin set to 1.207974
[imu_filter_madgwick_node-3] [INFO] [1771831719.338749482] [imu_filter]: Parameter RLController.pid_ki_lin set to 0.000000
[imu_filter_madgwick_node-3] [INFO] [1771831719.338826284] [imu_filter]: Parameter RLController.pid_kd_lin set to 0.020000
[imu_filter_madgwick_node-3] [INFO] [1771831719.338888845] [imu_filter]: Parameter RLController.pid_kp_ang set to 1.230000
[imu_filter_madgwick_node-3] [INFO] [1771831719.338944527] [imu_filter]: Parameter RLController.pid_ki_ang set to 0.000000
[imu_filter_madgwick_node-3] [INFO] [1771831719.338999216] [imu_filter]: Parameter RLController.pid_kd_ang set to 0.100236
[imu_filter_madgwick_node-3] [INFO] [1771831719.794896614] [imu_filter]: Parameter RLController.pid_kp_lin set to 1.207974
[imu_filter_madgwick_node-3] [INFO] [1771831719.795248270] [imu_filter]: Parameter RLController.pid_ki_lin set to 0.000000
[imu_filter_madgwick_node-3] [INFO] [1771831719.795321520] [imu_filter]: Parameter RLController.pid_kd_lin set to 0.020000
[imu_filter_madgwick_node-3] [INFO] [1771831719.795381681] [imu_filter]: Parameter RLController.pid_kp_ang set to 1.230000
[imu_filter_madgwick_node-3] [INFO] [1771831719.795434130] [imu_filter]: Parameter RLController.pid_ki_ang set to 0.000000
[imu_filter_madgwick_node-3] [INFO] [1771831719.795487379] [imu_filter]: Parameter RLController.pid_kd_ang set to 0.100236
[imu_filter_madgwick_node-3] [INFO] [1771831720.212341645] [imu_filter]: Parameter RLController.pid_kp_lin set to 1.207974
[imu_filter_madgwick_node-3] [INFO] [1771831720.212669684] [imu_filter]: Parameter RLController.pid_ki_lin set to 0.000000
[imu_filter_madgwick_node-3] [INFO] [1771831720.212756342] [imu_filter]: Parameter RLController.pid_kd_lin set to 0.020000
[imu_filter_madgwick_node-3] [INFO] [1771831720.212823896] [imu_filter]: Parameter RLController.pid_kp_ang set to 1.230000
[imu_filter_madgwick_node-3] [INFO] [1771831720.212878905] [imu_filter]: Parameter RLController.pid_ki_ang set to 0.000000
[imu_filter_madgwick_node-3] [INFO] [1771831720.212931674] [imu_filter]: Parameter RLController.pid_kd_ang set to 0.100236
[imu_filter_madgwick_node-3] [INFO] [1771831720.624604222] [imu_filter]: Parameter RLController.pid_kp_lin set to 1.207974
[imu_filter_madgwick_node-3] [INFO] [1771831720.624830691] [imu_filter]: Parameter RLController.pid_ki_lin set to 0.000000
[imu_filter_madgwick_node-3] [INFO] [1771831720.624960902] [imu_filter]: Parameter RLController.pid_kd_lin set to 0.020000
[imu_filter_madgwick_node-3] [INFO] [1771831720.629770388] [imu_filter]: Parameter RLController.pid_kp_ang set to 1.230000
[imu_filter_madgwick_node-3] [INFO] [1771831720.629972376] [imu_filter]: Parameter RLController.pid_ki_ang set to 0.000000
[imu_filter_madgwick_node-3] [INFO] [1771831720.630039322] [imu_filter]: Parameter RLController.pid_kd_ang set to 0.100236
[imu_filter_madgwick_node-3] [INFO] [1771831721.045221965] [imu_filter]: Parameter RLController.pid_kp_lin set to 1.207974
[imu_filter_madgwick_node-3] [INFO] [1771831721.045422866] [imu_filter]: Parameter RLController.pid_ki_lin set to 0.000000
[imu_filter_madgwick_node-3] [INFO] [1771831721.045619862] [imu_filter]: Parameter RLController.pid_kd_lin set to 0.020000
[imu_filter_madgwick_node-3] [INFO] [1771831721.045685208] [imu_filter]: Parameter RLController.pid_kp_ang set to 1.230000
[imu_filter_madgwick_node-3] [INFO] [1771831721.045740921] [imu_filter]: Parameter RLController.pid_ki_ang set to 0.000000
[imu_filter_madgwick_node-3] [INFO] [1771831721.045795162] [imu_filter]: Parameter RLController.pid_kd_ang set to 0.100236
[imu_filter_madgwick_node-3] [INFO] [1771831721.453436193] [imu_filter]: Parameter RLController.pid_kp_lin set to 1.207974
[imu_filter_madgwick_node-3] [INFO] [1771831721.453623526] [imu_filter]: Parameter RLController.pid_ki_lin set to 0.000000
[imu_filter_madgwick_node-3] [INFO] [1771831721.453686567] [imu_filter]: Parameter RLController.pid_kd_lin set to 0.020000
[imu_filter_madgwick_node-3] [INFO] [1771831721.453745000] [imu_filter]: Parameter RLController.pid_kp_ang set to 1.230000
[imu_filter_madgwick_node-3] [INFO] [1771831721.453797097] [imu_filter]: Parameter RLController.pid_ki_ang set to 0.000000
[imu_filter_madgwick_node-3] [INFO] [1771831721.453848299] [imu_filter]: Parameter RLController.pid_kd_ang set to 0.100236
[imu_filter_madgwick_node-3] [INFO] [1771831721.864981473] [imu_filter]: Parameter RLController.pid_kp_lin set to 1.207974
[imu_filter_madgwick_node-3] [INFO] [1771831721.865167430] [imu_filter]: Parameter RLController.pid_ki_lin set to 0.000000
[imu_filter_madgwick_node-3] [INFO] [1771831721.865350986] [imu_filter]: Parameter RLController.pid_kd_lin set to 0.020000
[imu_filter_madgwick_node-3] [INFO] [1771831721.865415435] [imu_filter]: Parameter RLController.pid_kp_ang set to 1.230000
[imu_filter_madgwick_node-3] [INFO] [1771831721.865470349] [imu_filter]: Parameter RLController.pid_ki_ang set to 0.000000
[imu_filter_madgwick_node-3] [INFO] [1771831721.865524590] [imu_filter]: Parameter RLController.pid_kd_ang set to 0.100236
[imu_filter_madgwick_node-3] [INFO] [1771831722.309153964] [imu_filter]: Parameter RLController.pid_kp_lin set to 1.207974
[imu_filter_madgwick_node-3] [INFO] [1771831722.309461555] [imu_filter]: Parameter RLController.pid_ki_lin set to 0.000000
[imu_filter_madgwick_node-3] [INFO] [1771831722.312388437] [imu_filter]: Parameter RLController.pid_kd_lin set to 0.020000
[imu_filter_madgwick_node-3] [INFO] [1771831722.313298762] [imu_filter]: Parameter RLController.pid_kp_ang set to 1.230000
[imu_filter_madgwick_node-3] [INFO] [1771831722.313400621] [imu_filter]: Parameter RLController.pid_ki_ang set to 0.000000
[imu_filter_madgwick_node-3] [INFO] [1771831722.313459214] [imu_filter]: Parameter RLController.pid_kd_ang set to 0.100236
[imu_filter_madgwick_node-3] [INFO] [1771831722.726709749] [imu_filter]: Parameter RLController.pid_kp_lin set to 1.207974
[imu_filter_madgwick_node-3] [INFO] [1771831722.727003164] [imu_filter]: Parameter RLController.pid_ki_lin set to 0.000000
[imu_filter_madgwick_node-3] [INFO] [1771831722.727079646] [imu_filter]: Parameter RLController.pid_kd_lin set to 0.020000
[imu_filter_madgwick_node-3] [INFO] [1771831722.727138527] [imu_filter]: Parameter RLController.pid_kp_ang set to 1.230000
[imu_filter_madgwick_node-3] [INFO] [1771831722.727191968] [imu_filter]: Parameter RLController.pid_ki_ang set to 0.000000
[imu_filter_madgwick_node-3] [INFO] [1771831722.727245665] [imu_filter]: Parameter RLController.pid_kd_ang set to 0.100236
[imu_filter_madgwick_node-3] [INFO] [1771831723.142169199] [imu_filter]: Parameter RLController.pid_kp_lin set to 1.207974
[imu_filter_madgwick_node-3] [INFO] [1771831723.142498006] [imu_filter]: Parameter RLController.pid_ki_lin set to 0.000000
[imu_filter_madgwick_node-3] [INFO] [1771831723.142602169] [imu_filter]: Parameter RLController.pid_kd_lin set to 0.020000
[imu_filter_madgwick_node-3] [INFO] [1771831723.142668954] [imu_filter]: Parameter RLController.pid_kp_ang set to 1.230000
[imu_filter_madgwick_node-3] [INFO] [1771831723.142724859] [imu_filter]: Parameter RLController.pid_ki_ang set to 0.000000
[imu_filter_madgwick_node-3] [INFO] [1771831723.142777981] [imu_filter]: Parameter RLController.pid_kd_ang set to 0.100236
[imu_filter_madgwick_node-3] [INFO] [1771831723.548047725] [imu_filter]: Parameter RLController.pid_kp_lin set to 1.207974
[imu_filter_madgwick_node-3] [INFO] [1771831723.548251090] [imu_filter]: Parameter RLController.pid_ki_lin set to 0.000000
[imu_filter_madgwick_node-3] [INFO] [1771831723.548317044] [imu_filter]: Parameter RLController.pid_kd_lin set to 0.020000
[imu_filter_madgwick_node-3] [INFO] [1771831723.548372149] [imu_filter]: Parameter RLController.pid_kp_ang set to 1.230000
[imu_filter_madgwick_node-3] [INFO] [1771831723.548423670] [imu_filter]: Parameter RLController.pid_ki_ang set to 0.000000
[imu_filter_madgwick_node-3] [INFO] [1771831723.548475415] [imu_filter]: Parameter RLController.pid_kd_ang set to 0.100236
[imu_filter_madgwick_node-3] [INFO] [1771831723.960501218] [imu_filter]: Parameter RLController.pid_kp_lin set to 1.207974
[imu_filter_madgwick_node-3] [INFO] [1771831723.963826126] [imu_filter]: Parameter RLController.pid_ki_lin set to 0.000000
[imu_filter_madgwick_node-3] [INFO] [1771831723.964003250] [imu_filter]: Parameter RLController.pid_kd_lin set to 0.020000
[imu_filter_madgwick_node-3] [INFO] [1771831723.964072564] [imu_filter]: Parameter RLController.pid_kp_ang set to 1.230000
[imu_filter_madgwick_node-3] [INFO] [1771831723.966674800] [imu_filter]: Parameter RLController.pid_ki_ang set to 0.000000
[imu_filter_madgwick_node-3] [INFO] [1771831723.966850452] [imu_filter]: Parameter RLController.pid_kd_ang set to 0.100236
[imu_filter_madgwick_node-3] [INFO] [1771831724.371544375] [imu_filter]: Parameter RLController.pid_kp_lin set to 1.207974
[imu_filter_madgwick_node-3] [INFO] [1771831724.371753980] [imu_filter]: Parameter RLController.pid_ki_lin set to 0.000000
[imu_filter_madgwick_node-3] [INFO] [1771831724.371825534] [imu_filter]: Parameter RLController.pid_kd_lin set to 0.020000
[imu_filter_madgwick_node-3] [INFO] [1771831724.371928288] [imu_filter]: Parameter RLController.pid_kp_ang set to 1.230000
[imu_filter_madgwick_node-3] [INFO] [1771831724.371989121] [imu_filter]: Parameter RLController.pid_ki_ang set to 0.000000
[imu_filter_madgwick_node-3] [INFO] [1771831724.372043811] [imu_filter]: Parameter RLController.pid_kd_ang set to 0.100236
[imu_filter_madgwick_node-3] [INFO] [1771831724.796298661] [imu_filter]: Parameter RLController.pid_kp_lin set to 1.207974
[imu_filter_madgwick_node-3] [INFO] [1771831724.796500202] [imu_filter]: Parameter RLController.pid_ki_lin set to 0.000000
[imu_filter_madgwick_node-3] [INFO] [1771831724.796564715] [imu_filter]: Parameter RLController.pid_kd_lin set to 0.020000
[imu_filter_madgwick_node-3] [INFO] [1771831724.796624365] [imu_filter]: Parameter RLController.pid_kp_ang set to 1.230000
[imu_filter_madgwick_node-3] [INFO] [1771831724.796804785] [imu_filter]: Parameter RLController.pid_ki_ang set to 0.000000
[imu_filter_madgwick_node-3] [INFO] [1771831724.796864018] [imu_filter]: Parameter RLController.pid_kd_ang set to 0.100236
[imu_filter_madgwick_node-3] [INFO] [1771831725.230559821] [imu_filter]: Parameter RLController.pid_kp_lin set to 1.207974
[imu_filter_madgwick_node-3] [INFO] [1771831725.230837107] [imu_filter]: Parameter RLController.pid_ki_lin set to 0.000000
[imu_filter_madgwick_node-3] [INFO] [1771831725.230959606] [imu_filter]: Parameter RLController.pid_kd_lin set to 0.020000
[imu_filter_madgwick_node-3] [INFO] [1771831725.231079705] [imu_filter]: Parameter RLController.pid_kp_ang set to 1.230000
[imu_filter_madgwick_node-3] [INFO] [1771831725.231150426] [imu_filter]: Parameter RLController.pid_ki_ang set to 0.000000
[imu_filter_madgwick_node-3] [INFO] [1771831725.231208380] [imu_filter]: Parameter RLController.pid_kd_ang set to 0.100236
[imu_filter_madgwick_node-3] [INFO] [1771831725.650024034] [imu_filter]: Parameter RLController.pid_kp_lin set to 1.207974
[imu_filter_madgwick_node-3] [INFO] [1771831725.654527113] [imu_filter]: Parameter RLController.pid_ki_lin set to 0.000000
[imu_filter_madgwick_node-3] [INFO] [1771831725.659893764] [imu_filter]: Parameter RLController.pid_kd_lin set to 0.020000
[imu_filter_madgwick_node-3] [INFO] [1771831725.662962058] [imu_filter]: Parameter RLController.pid_kp_ang set to 1.230000
[imu_filter_madgwick_node-3] [INFO] [1771831725.663293521] [imu_filter]: Parameter RLController.pid_ki_ang set to 0.000000
[imu_filter_madgwick_node-3] [INFO] [1771831725.664019682] [imu_filter]: Parameter RLController.pid_kd_ang set to 0.100236
[imu_filter_madgwick_node-3] [INFO] [1771831726.061899722] [imu_filter]: Parameter RLController.pid_kp_lin set to 1.207974
[imu_filter_madgwick_node-3] [INFO] [1771831726.062110351] [imu_filter]: Parameter RLController.pid_ki_lin set to 0.000000
[imu_filter_madgwick_node-3] [INFO] [1771831726.062177584] [imu_filter]: Parameter RLController.pid_kd_lin set to 0.020000
[imu_filter_madgwick_node-3] [INFO] [1771831726.062239186] [imu_filter]: Parameter RLController.pid_kp_ang set to 1.230000
[imu_filter_madgwick_node-3] [INFO] [1771831726.062356468] [imu_filter]: Parameter RLController.pid_ki_ang set to 0.000000
[imu_filter_madgwick_node-3] [INFO] [1771831726.062429494] [imu_filter]: Parameter RLController.pid_kd_ang set to 0.100236
[imu_filter_madgwick_node-3] [INFO] [1771831726.484512327] [imu_filter]: Parameter RLController.pid_kp_lin set to 1.207974
[imu_filter_madgwick_node-3] [INFO] [1771831726.484755277] [imu_filter]: Parameter RLController.pid_ki_lin set to 0.000000
[imu_filter_madgwick_node-3] [INFO] [1771831726.484823534] [imu_filter]: Parameter RLController.pid_kd_lin set to 0.020000
[imu_filter_madgwick_node-3] [INFO] [1771831726.484881711] [imu_filter]: Parameter RLController.pid_kp_ang set to 1.230000
[imu_filter_madgwick_node-3] [INFO] [1771831726.484994290] [imu_filter]: Parameter RLController.pid_ki_ang set to 0.000000
[imu_filter_madgwick_node-3] [INFO] [1771831726.485056563] [imu_filter]: Parameter RLController.pid_kd_ang set to 0.100236
[imu_filter_madgwick_node-3] [INFO] [1771831726.921678097] [imu_filter]: Parameter RLController.pid_kp_lin set to 1.207974
[imu_filter_madgwick_node-3] [INFO] [1771831726.923717472] [imu_filter]: Parameter RLController.pid_ki_lin set to 0.000000
[imu_filter_madgwick_node-3] [INFO] [1771831726.924016838] [imu_filter]: Parameter RLController.pid_kd_lin set to 0.020000
[imu_filter_madgwick_node-3] [INFO] [1771831726.924088392] [imu_filter]: Parameter RLController.pid_kp_ang set to 1.230000
[imu_filter_madgwick_node-3] [INFO] [1771831726.924144425] [imu_filter]: Parameter RLController.pid_ki_ang set to 0.000000
[imu_filter_madgwick_node-3] [INFO] [1771831726.924196394] [imu_filter]: Parameter RLController.pid_kd_ang set to 0.100236
[imu_filter_madgwick_node-3] [INFO] [1771831727.344193132] [imu_filter]: Parameter RLController.pid_kp_lin set to 1.207974
[imu_filter_madgwick_node-3] [INFO] [1771831727.344558804] [imu_filter]: Parameter RLController.pid_ki_lin set to 0.000000
[imu_filter_madgwick_node-3] [INFO] [1771831727.344700247] [imu_filter]: Parameter RLController.pid_kd_lin set to 0.020000
[imu_filter_madgwick_node-3] [INFO] [1771831727.344773945] [imu_filter]: Parameter RLController.pid_kp_ang set to 1.230000
[imu_filter_madgwick_node-3] [INFO] [1771831727.344831642] [imu_filter]: Parameter RLController.pid_ki_ang set to 0.000000
[imu_filter_madgwick_node-3] [INFO] [1771831727.344888188] [imu_filter]: Parameter RLController.pid_kd_ang set to 0.100236
[imu_filter_madgwick_node-3] [INFO] [1771831727.778429331] [imu_filter]: Parameter RLController.pid_kp_lin set to 1.207974
[imu_filter_madgwick_node-3] [INFO] [1771831727.778779387] [imu_filter]: Parameter RLController.pid_ki_lin set to 0.000000
[imu_filter_madgwick_node-3] [INFO] [1771831727.778851036] [imu_filter]: Parameter RLController.pid_kd_lin set to 0.020000
[imu_filter_madgwick_node-3] [INFO] [1771831727.778911166] [imu_filter]: Parameter RLController.pid_kp_ang set to 1.230000
[imu_filter_madgwick_node-3] [INFO] [1771831727.778964863] [imu_filter]: Parameter RLController.pid_ki_ang set to 0.000000
[imu_filter_madgwick_node-3] [INFO] [1771831727.779131427] [imu_filter]: Parameter RLController.pid_kd_ang set to 0.100236
[imu_filter_madgwick_node-3] [INFO] [1771831728.199425835] [imu_filter]: Parameter RLController.pid_kp_lin set to 1.207974
[imu_filter_madgwick_node-3] [INFO] [1771831728.199810484] [imu_filter]: Parameter RLController.pid_ki_lin set to 0.000000
[imu_filter_madgwick_node-3] [INFO] [1771831728.199936759] [imu_filter]: Parameter RLController.pid_kd_lin set to 0.020000
[imu_filter_madgwick_node-3] [INFO] [1771831728.200002744] [imu_filter]: Parameter RLController.pid_kp_ang set to 1.230000
[imu_filter_madgwick_node-3] [INFO] [1771831728.200056185] [imu_filter]: Parameter RLController.pid_ki_ang set to 0.000000
[imu_filter_madgwick_node-3] [INFO] [1771831728.200109595] [imu_filter]: Parameter RLController.pid_kd_ang set to 0.100236
[imu_filter_madgwick_node-3] [INFO] [1771831728.608158411] [imu_filter]: Parameter RLController.pid_kp_lin set to 1.207974
[imu_filter_madgwick_node-3] [INFO] [1771831728.608487538] [imu_filter]: Parameter RLController.pid_ki_lin set to 0.000000
[imu_filter_madgwick_node-3] [INFO] [1771831728.608576949] [imu_filter]: Parameter RLController.pid_kd_lin set to 0.020000
[imu_filter_madgwick_node-3] [INFO] [1771831728.608639798] [imu_filter]: Parameter RLController.pid_kp_ang set to 1.230000
[imu_filter_madgwick_node-3] [INFO] [1771831728.608695479] [imu_filter]: Parameter RLController.pid_ki_ang set to 0.000000
[imu_filter_madgwick_node-3] [INFO] [1771831728.608746776] [imu_filter]: Parameter RLController.pid_kd_ang set to 0.100236
[imu_filter_madgwick_node-3] [INFO] [1771831729.029259462] [imu_filter]: Parameter RLController.pid_kp_lin set to 1.207974
[imu_filter_madgwick_node-3] [INFO] [1771831729.032938010] [imu_filter]: Parameter RLController.pid_ki_lin set to 0.000000
[imu_filter_madgwick_node-3] [INFO] [1771831729.033123870] [imu_filter]: Parameter RLController.pid_kd_lin set to 0.020000
[imu_filter_madgwick_node-3] [INFO] [1771831729.033197280] [imu_filter]: Parameter RLController.pid_kp_ang set to 1.230000
[imu_filter_madgwick_node-3] [INFO] [1771831729.034498365] [imu_filter]: Parameter RLController.pid_ki_ang set to 0.000000
[imu_filter_madgwick_node-3] [INFO] [1771831729.034633984] [imu_filter]: Parameter RLController.pid_kd_ang set to 0.100236
[imu_filter_madgwick_node-3] [INFO] [1771831729.449726258] [imu_filter]: Parameter RLController.pid_kp_lin set to 1.207974
[imu_filter_madgwick_node-3] [INFO] [1771831729.449955095] [imu_filter]: Parameter RLController.pid_ki_lin set to 0.000000
[imu_filter_madgwick_node-3] [INFO] [1771831729.450022425] [imu_filter]: Parameter RLController.pid_kd_lin set to 0.020000
[imu_filter_madgwick_node-3] [INFO] [1771831729.450081210] [imu_filter]: Parameter RLController.pid_kp_ang set to 1.230000
[imu_filter_madgwick_node-3] [INFO] [1771831729.450134075] [imu_filter]: Parameter RLController.pid_ki_ang set to 0.000000
[imu_filter_madgwick_node-3] [INFO] [1771831729.450188956] [imu_filter]: Parameter RLController.pid_kd_ang set to 0.100236
[imu_filter_madgwick_node-3] [INFO] [1771831729.867020597] [imu_filter]: Parameter RLController.pid_kp_lin set to 1.207974
[imu_filter_madgwick_node-3] [INFO] [1771831729.868669595] [imu_filter]: Parameter RLController.pid_ki_lin set to 0.000000
[imu_filter_madgwick_node-3] [INFO] [1771831729.868833695] [imu_filter]: Parameter RLController.pid_kd_lin set to 0.020000
[imu_filter_madgwick_node-3] [INFO] [1771831729.868902304] [imu_filter]: Parameter RLController.pid_kp_ang set to 1.230000
[imu_filter_madgwick_node-3] [INFO] [1771831729.868956546] [imu_filter]: Parameter RLController.pid_ki_ang set to 0.000000
[imu_filter_madgwick_node-3] [INFO] [1771831729.869007459] [imu_filter]: Parameter RLController.pid_kd_ang set to 0.100236
[imu_filter_madgwick_node-3] [INFO] [1771831730.285276559] [imu_filter]: Parameter RLController.pid_kp_lin set to 1.207974
[imu_filter_madgwick_node-3] [INFO] [1771831730.285772634] [imu_filter]: Parameter RLController.pid_ki_lin set to 0.000000
[imu_filter_madgwick_node-3] [INFO] [1771831730.285862716] [imu_filter]: Parameter RLController.pid_kd_lin set to 0.020000
[imu_filter_madgwick_node-3] [INFO] [1771831730.285924926] [imu_filter]: Parameter RLController.pid_kp_ang set to 1.230000
[imu_filter_madgwick_node-3] [INFO] [1771831730.285979103] [imu_filter]: Parameter RLController.pid_ki_ang set to 0.000000
[imu_filter_madgwick_node-3] [INFO] [1771831730.287907083] [imu_filter]: Parameter RLController.pid_kd_ang set to 0.100236
[imu_filter_madgwick_node-3] [INFO] [1771831730.704427037] [imu_filter]: Parameter RLController.pid_kp_lin set to 1.207974
[imu_filter_madgwick_node-3] [INFO] [1771831730.704809990] [imu_filter]: Parameter RLController.pid_ki_lin set to 0.000000
[imu_filter_madgwick_node-3] [INFO] [1771831730.704888520] [imu_filter]: Parameter RLController.pid_kd_lin set to 0.020000
[imu_filter_madgwick_node-3] [INFO] [1771831730.704952297] [imu_filter]: Parameter RLController.pid_kp_ang set to 1.230000
[imu_filter_madgwick_node-3] [INFO] [1771831730.705055179] [imu_filter]: Parameter RLController.pid_ki_ang set to 0.000000
[imu_filter_madgwick_node-3] [INFO] [1771831730.705121133] [imu_filter]: Parameter RLController.pid_kd_ang set to 0.100236
[imu_filter_madgwick_node-3] [INFO] [1771831731.131391998] [imu_filter]: Parameter RLController.pid_kp_lin set to 1.207974
[imu_filter_madgwick_node-3] [INFO] [1771831731.132343124] [imu_filter]: Parameter RLController.pid_ki_lin set to 0.000000
[imu_filter_madgwick_node-3] [INFO] [1771831731.132440118] [imu_filter]: Parameter RLController.pid_kd_lin set to 0.020000
[imu_filter_madgwick_node-3] [INFO] [1771831731.132500823] [imu_filter]: Parameter RLController.pid_kp_ang set to 1.230000
[imu_filter_madgwick_node-3] [INFO] [1771831731.132553112] [imu_filter]: Parameter RLController.pid_ki_ang set to 0.000000
[imu_filter_madgwick_node-3] [INFO] [1771831731.132605018] [imu_filter]: Parameter RLController.pid_kd_ang set to 0.100236
[imu_filter_madgwick_node-3] [INFO] [1771831731.545494104] [imu_filter]: Parameter RLController.pid_kp_lin set to 1.207974
[imu_filter_madgwick_node-3] [INFO] [1771831731.545694141] [imu_filter]: Parameter RLController.pid_ki_lin set to 0.000000
[imu_filter_madgwick_node-3] [INFO] [1771831731.545775103] [imu_filter]: Parameter RLController.pid_kd_lin set to 0.020000
[imu_filter_madgwick_node-3] [INFO] [1771831731.545834880] [imu_filter]: Parameter RLController.pid_kp_ang set to 1.230000
[imu_filter_madgwick_node-3] [INFO] [1771831731.545887169] [imu_filter]: Parameter RLController.pid_ki_ang set to 0.000000
[imu_filter_madgwick_node-3] [INFO] [1771831731.545940067] [imu_filter]: Parameter RLController.pid_kd_ang set to 0.100236
[imu_filter_madgwick_node-3] [INFO] [1771831731.968375868] [imu_filter]: Parameter RLController.pid_kp_lin set to 1.207974
[imu_filter_madgwick_node-3] [INFO] [1771831731.970018369] [imu_filter]: Parameter RLController.pid_ki_lin set to 0.000000
[imu_filter_madgwick_node-3] [INFO] [1771831731.970165765] [imu_filter]: Parameter RLController.pid_kd_lin set to 0.020000
[imu_filter_madgwick_node-3] [INFO] [1771831731.970232230] [imu_filter]: Parameter RLController.pid_kp_ang set to 1.230000
[imu_filter_madgwick_node-3] [INFO] [1771831731.970287687] [imu_filter]: Parameter RLController.pid_ki_ang set to 0.000000
[imu_filter_madgwick_node-3] [INFO] [1771831731.970339113] [imu_filter]: Parameter RLController.pid_kd_ang set to 0.100236
[imu_filter_madgwick_node-3] [INFO] [1771831732.388154904] [imu_filter]: Parameter RLController.pid_kp_lin set to 1.207974
[imu_filter_madgwick_node-3] [INFO] [1771831732.388386141] [imu_filter]: Parameter RLController.pid_ki_lin set to 0.000000
[imu_filter_madgwick_node-3] [INFO] [1771831732.388589090] [imu_filter]: Parameter RLController.pid_kd_lin set to 0.020000
[imu_filter_madgwick_node-3] [INFO] [1771831732.388697829] [imu_filter]: Parameter RLController.pid_kp_ang set to 1.230000
[imu_filter_madgwick_node-3] [INFO] [1771831732.388758438] [imu_filter]: Parameter RLController.pid_ki_ang set to 0.000000
[imu_filter_madgwick_node-3] [INFO] [1771831732.392118835] [imu_filter]: Parameter RLController.pid_kd_ang set to 0.100236
[imu_filter_madgwick_node-3] [INFO] [1771831732.797912880] [imu_filter]: Parameter RLController.pid_kp_lin set to 1.207974
[imu_filter_madgwick_node-3] [INFO] [1771831732.798232215] [imu_filter]: Parameter RLController.pid_ki_lin set to 0.000000
[imu_filter_madgwick_node-3] [INFO] [1771831732.798324953] [imu_filter]: Parameter RLController.pid_kd_lin set to 0.020000
[imu_filter_madgwick_node-3] [INFO] [1771831732.798581791] [imu_filter]: Parameter RLController.pid_kp_ang set to 1.230000
[imu_filter_madgwick_node-3] [INFO] [1771831732.798664097] [imu_filter]: Parameter RLController.pid_ki_ang set to 0.000000
[imu_filter_madgwick_node-3] [INFO] [1771831732.798720770] [imu_filter]: Parameter RLController.pid_kd_ang set to 0.100236
[imu_filter_madgwick_node-3] [INFO] [1771831733.217292739] [imu_filter]: Parameter RLController.pid_kp_lin set to 1.207974
[imu_filter_madgwick_node-3] [INFO] [1771831733.220025665] [imu_filter]: Parameter RLController.pid_ki_lin set to 0.000000
[imu_filter_madgwick_node-3] [INFO] [1771831733.220253351] [imu_filter]: Parameter RLController.pid_kd_lin set to 0.020000
[imu_filter_madgwick_node-3] [INFO] [1771831733.220337544] [imu_filter]: Parameter RLController.pid_kp_ang set to 1.230000
[imu_filter_madgwick_node-3] [INFO] [1771831733.220394346] [imu_filter]: Parameter RLController.pid_ki_ang set to 0.000000
[imu_filter_madgwick_node-3] [INFO] [1771831733.220448811] [imu_filter]: Parameter RLController.pid_kd_ang set to 0.100236
[imu_filter_madgwick_node-3] [INFO] [1771831733.631795047] [imu_filter]: Parameter RLController.pid_kp_lin set to 1.207974
[imu_filter_madgwick_node-3] [INFO] [1771831733.632019916] [imu_filter]: Parameter RLController.pid_ki_lin set to 0.000000
[imu_filter_madgwick_node-3] [INFO] [1771831733.632105518] [imu_filter]: Parameter RLController.pid_kd_lin set to 0.020000
[imu_filter_madgwick_node-3] [INFO] [1771831733.632172975] [imu_filter]: Parameter RLController.pid_kp_ang set to 1.230000
[imu_filter_madgwick_node-3] [INFO] [1771831733.632228369] [imu_filter]: Parameter RLController.pid_ki_ang set to 0.000000
[imu_filter_madgwick_node-3] [INFO] [1771831733.632281874] [imu_filter]: Parameter RLController.pid_kd_ang set to 0.100236
[imu_filter_madgwick_node-3] [INFO] [1771831734.047226784] [imu_filter]: Parameter RLController.pid_kp_lin set to 1.207974
[imu_filter_madgwick_node-3] [INFO] [1771831734.050052544] [imu_filter]: Parameter RLController.pid_ki_lin set to 0.000000
[imu_filter_madgwick_node-3] [INFO] [1771831734.050515755] [imu_filter]: Parameter RLController.pid_kd_lin set to 0.020000
[imu_filter_madgwick_node-3] [INFO] [1771831734.050592109] [imu_filter]: Parameter RLController.pid_kp_ang set to 1.230000
[imu_filter_madgwick_node-3] [INFO] [1771831734.050649198] [imu_filter]: Parameter RLController.pid_ki_ang set to 0.000000
[imu_filter_madgwick_node-3] [INFO] [1771831734.050701519] [imu_filter]: Parameter RLController.pid_kd_ang set to 0.100236
[imu_filter_madgwick_node-3] [INFO] [1771831734.458379223] [imu_filter]: Parameter RLController.pid_kp_lin set to 1.207974
[imu_filter_madgwick_node-3] [INFO] [1771831734.458612188] [imu_filter]: Parameter RLController.pid_ki_lin set to 0.000000
[imu_filter_madgwick_node-3] [INFO] [1771831734.459953307] [imu_filter]: Parameter RLController.pid_kd_lin set to 0.020000
[imu_filter_madgwick_node-3] [INFO] [1771831734.460102334] [imu_filter]: Parameter RLController.pid_kp_ang set to 1.230000
[imu_filter_madgwick_node-3] [INFO] [1771831734.460164448] [imu_filter]: Parameter RLController.pid_ki_ang set to 0.000000
[imu_filter_madgwick_node-3] [INFO] [1771831734.460219969] [imu_filter]: Parameter RLController.pid_kd_ang set to 0.100236
[imu_filter_madgwick_node-3] [INFO] [1771831734.868873759] [imu_filter]: Parameter RLController.pid_kp_lin set to 1.207974
[imu_filter_madgwick_node-3] [INFO] [1771831734.869063843] [imu_filter]: Parameter RLController.pid_ki_lin set to 0.000000
[imu_filter_madgwick_node-3] [INFO] [1771831734.869130565] [imu_filter]: Parameter RLController.pid_kd_lin set to 0.020000
[imu_filter_madgwick_node-3] [INFO] [1771831734.869188198] [imu_filter]: Parameter RLController.pid_kp_ang set to 1.230000
[imu_filter_madgwick_node-3] [INFO] [1771831734.869235079] [imu_filter]: Parameter RLController.pid_ki_ang set to 0.000000
[imu_filter_madgwick_node-3] [INFO] [1771831734.871615774] [imu_filter]: Parameter RLController.pid_kd_ang set to 0.100236
[imu_filter_madgwick_node-3] [INFO] [1771831735.299047529] [imu_filter]: Parameter RLController.pid_kp_lin set to 1.207974
[imu_filter_madgwick_node-3] [INFO] [1771831735.301861449] [imu_filter]: Parameter RLController.pid_ki_lin set to 0.000000
[imu_filter_madgwick_node-3] [INFO] [1771831735.302029517] [imu_filter]: Parameter RLController.pid_kd_lin set to 0.020000
[imu_filter_madgwick_node-3] [INFO] [1771831735.302098383] [imu_filter]: Parameter RLController.pid_kp_ang set to 1.230000
[imu_filter_madgwick_node-3] [INFO] [1771831735.302154608] [imu_filter]: Parameter RLController.pid_ki_ang set to 0.000000
[imu_filter_madgwick_node-3] [INFO] [1771831735.302206385] [imu_filter]: Parameter RLController.pid_kd_ang set to 0.100236
[imu_filter_madgwick_node-3] [INFO] [1771831735.724769038] [imu_filter]: Parameter RLController.pid_kp_lin set to 1.207974
[imu_filter_madgwick_node-3] [INFO] [1771831735.724962290] [imu_filter]: Parameter RLController.pid_ki_lin set to 0.000000
[imu_filter_madgwick_node-3] [INFO] [1771831735.725028436] [imu_filter]: Parameter RLController.pid_kd_lin set to 0.020000
[imu_filter_madgwick_node-3] [INFO] [1771831735.725087605] [imu_filter]: Parameter RLController.pid_kp_ang set to 1.230000
[imu_filter_madgwick_node-3] [INFO] [1771831735.725139510] [imu_filter]: Parameter RLController.pid_ki_ang set to 0.000000
[imu_filter_madgwick_node-3] [INFO] [1771831735.725191800] [imu_filter]: Parameter RLController.pid_kd_ang set to 0.100236
[imu_filter_madgwick_node-3] [INFO] [1771831736.144203187] [imu_filter]: Parameter RLController.pid_kp_lin set to 1.207974
[imu_filter_madgwick_node-3] [INFO] [1771831736.144441528] [imu_filter]: Parameter RLController.pid_ki_lin set to 0.000000
[imu_filter_madgwick_node-3] [INFO] [1771831736.144511226] [imu_filter]: Parameter RLController.pid_kd_lin set to 0.020000
[imu_filter_madgwick_node-3] [INFO] [1771831736.144569755] [imu_filter]: Parameter RLController.pid_kp_ang set to 1.230000
[imu_filter_madgwick_node-3] [INFO] [1771831736.144622748] [imu_filter]: Parameter RLController.pid_ki_ang set to 0.000000
[imu_filter_madgwick_node-3] [INFO] [1771831736.144675966] [imu_filter]: Parameter RLController.pid_kd_ang set to 0.100236
[imu_filter_madgwick_node-3] [INFO] [1771831736.577178116] [imu_filter]: Parameter RLController.pid_kp_lin set to 1.207974
[imu_filter_madgwick_node-3] [INFO] [1771831736.577390504] [imu_filter]: Parameter RLController.pid_ki_lin set to 0.000000
[imu_filter_madgwick_node-3] [INFO] [1771831736.577463690] [imu_filter]: Parameter RLController.pid_kd_lin set to 0.020000
[imu_filter_madgwick_node-3] [INFO] [1771831736.577522987] [imu_filter]: Parameter RLController.pid_kp_ang set to 1.230000
[imu_filter_madgwick_node-3] [INFO] [1771831736.577571980] [imu_filter]: Parameter RLController.pid_ki_ang set to 0.000000
[imu_filter_madgwick_node-3] [INFO] [1771831736.580083908] [imu_filter]: Parameter RLController.pid_kd_ang set to 0.100236
[imu_filter_madgwick_node-3] [INFO] [1771831736.995035142] [imu_filter]: Parameter RLController.pid_kp_lin set to 1.207974
[imu_filter_madgwick_node-3] [INFO] [1771831736.995213066] [imu_filter]: Parameter RLController.pid_ki_lin set to 0.000000
[imu_filter_madgwick_node-3] [INFO] [1771831736.997546941] [imu_filter]: Parameter RLController.pid_kd_lin set to 0.020000
[imu_filter_madgwick_node-3] [INFO] [1771831736.997858436] [imu_filter]: Parameter RLController.pid_kp_ang set to 1.230000
[imu_filter_madgwick_node-3] [INFO] [1771831736.998032584] [imu_filter]: Parameter RLController.pid_ki_ang set to 0.000000
[imu_filter_madgwick_node-3] [INFO] [1771831736.998090985] [imu_filter]: Parameter RLController.pid_kd_ang set to 0.100236
[imu_filter_madgwick_node-3] [INFO] [1771831737.421885775] [imu_filter]: Parameter RLController.pid_kp_lin set to 1.207974
[imu_filter_madgwick_node-3] [INFO] [1771831737.422109268] [imu_filter]: Parameter RLController.pid_ki_lin set to 0.000000
[imu_filter_madgwick_node-3] [INFO] [1771831737.422299576] [imu_filter]: Parameter RLController.pid_kd_lin set to 0.020000
[imu_filter_madgwick_node-3] [INFO] [1771831737.422385722] [imu_filter]: Parameter RLController.pid_kp_ang set to 1.230000
[imu_filter_madgwick_node-3] [INFO] [1771831737.423039912] [imu_filter]: Parameter RLController.pid_ki_ang set to 0.000000
[imu_filter_madgwick_node-3] [INFO] [1771831737.423142155] [imu_filter]: Parameter RLController.pid_kd_ang set to 0.100236
[imu_filter_madgwick_node-3] [INFO] [1771831737.849835088] [imu_filter]: Parameter RLController.pid_kp_lin set to 1.207974
[imu_filter_madgwick_node-3] [INFO] [1771831737.850046805] [imu_filter]: Parameter RLController.pid_ki_lin set to 0.000000
[imu_filter_madgwick_node-3] [INFO] [1771831737.850120566] [imu_filter]: Parameter RLController.pid_kd_lin set to 0.020000
[imu_filter_madgwick_node-3] [INFO] [1771831737.850179832] [imu_filter]: Parameter RLController.pid_kp_ang set to 1.230000
[imu_filter_madgwick_node-3] [INFO] [1771831737.850234073] [imu_filter]: Parameter RLController.pid_ki_ang set to 0.000000
[imu_filter_madgwick_node-3] [INFO] [1771831737.850286522] [imu_filter]: Parameter RLController.pid_kd_ang set to 0.100236
[imu_filter_madgwick_node-3] [INFO] [1771831738.274650284] [imu_filter]: Parameter RLController.pid_kp_lin set to 1.207974
[imu_filter_madgwick_node-3] [INFO] [1771831738.275014356] [imu_filter]: Parameter RLController.pid_ki_lin set to 0.000000
[imu_filter_madgwick_node-3] [INFO] [1771831738.275090582] [imu_filter]: Parameter RLController.pid_kd_lin set to 0.020000
[imu_filter_madgwick_node-3] [INFO] [1771831738.275149047] [imu_filter]: Parameter RLController.pid_kp_ang set to 1.230000
[imu_filter_madgwick_node-3] [INFO] [1771831738.275202520] [imu_filter]: Parameter RLController.pid_ki_ang set to 0.000000
[imu_filter_madgwick_node-3] [INFO] [1771831738.275254265] [imu_filter]: Parameter RLController.pid_kd_ang set to 0.100236
[imu_filter_madgwick_node-3] [INFO] [1771831738.681405080] [imu_filter]: Parameter RLController.pid_kp_lin set to 1.207974
[imu_filter_madgwick_node-3] [INFO] [1771831738.681588380] [imu_filter]: Parameter RLController.pid_ki_lin set to 0.000000
[imu_filter_madgwick_node-3] [INFO] [1771831738.681654878] [imu_filter]: Parameter RLController.pid_kd_lin set to 0.020000
[imu_filter_madgwick_node-3] [INFO] [1771831738.681713663] [imu_filter]: Parameter RLController.pid_kp_ang set to 1.230000
[imu_filter_madgwick_node-3] [INFO] [1771831738.681768416] [imu_filter]: Parameter RLController.pid_ki_ang set to 0.000000
[imu_filter_madgwick_node-3] [INFO] [1771831738.681822114] [imu_filter]: Parameter RLController.pid_kd_ang set to 0.100236
[imu_filter_madgwick_node-3] [INFO] [1771831739.095685355] [imu_filter]: Parameter RLController.pid_kp_lin set to 1.207974
[imu_filter_madgwick_node-3] [INFO] [1771831739.096009266] [imu_filter]: Parameter RLController.pid_ki_lin set to 0.000000
[imu_filter_madgwick_node-3] [INFO] [1771831739.096082228] [imu_filter]: Parameter RLController.pid_kd_lin set to 0.020000
[imu_filter_madgwick_node-3] [INFO] [1771831739.096146069] [imu_filter]: Parameter RLController.pid_kp_ang set to 1.230000
[imu_filter_madgwick_node-3] [INFO] [1771831739.096202711] [imu_filter]: Parameter RLController.pid_ki_ang set to 0.000000
[imu_filter_madgwick_node-3] [INFO] [1771831739.096258328] [imu_filter]: Parameter RLController.pid_kd_ang set to 0.100236
[imu_filter_madgwick_node-3] [INFO] [1771831739.499413844] [imu_filter]: Parameter RLController.pid_kp_lin set to 1.207974
[imu_filter_madgwick_node-3] [INFO] [1771831739.499646553] [imu_filter]: Parameter RLController.pid_ki_lin set to 0.000000
[imu_filter_madgwick_node-3] [INFO] [1771831739.499718427] [imu_filter]: Parameter RLController.pid_kd_lin set to 0.020000
[imu_filter_madgwick_node-3] [INFO] [1771831739.499974753] [imu_filter]: Parameter RLController.pid_kp_ang set to 1.230000
[imu_filter_madgwick_node-3] [INFO] [1771831739.500053090] [imu_filter]: Parameter RLController.pid_ki_ang set to 0.000000
[imu_filter_madgwick_node-3] [INFO] [1771831739.500109764] [imu_filter]: Parameter RLController.pid_kd_ang set to 0.100236
[WARNING] [launch]: user interrupted with ctrl-c (SIGINT)
