[INFO] [launch]: All log files can be found below /home/world/.ros/log/2026-02-10-15-10-36-403908-world-327888
[INFO] [launch]: Default logging verbosity is set to INFO
[INFO] [livox_timestamp_offset_node-1]: process started with pid [328140]
[INFO] [camera_imu_bias_corrector_cpp-2]: process started with pid [328144]
[INFO] [imu_filter_madgwick_node-3]: process started with pid [328147]
[INFO] [lidar_deskewing-4]: process started with pid [328154]
[INFO] [static_transform_publisher-5]: process started with pid [328164]
[INFO] [static_transform_publisher-6]: process started with pid [328169]
[imu_filter_madgwick_node-3] [INFO] [1770703836.731919247] [imu_filter]: Starting ImuFilter
[imu_filter_madgwick_node-3] [INFO] [1770703836.732884357] [imu_filter]: Using dt computed from message headers
[imu_filter_madgwick_node-3] [INFO] [1770703836.732939270] [imu_filter]: The gravity vector is kept in the IMU message.
[imu_filter_madgwick_node-3] [INFO] [1770703836.733912221] [imu_filter]: Imu filter gain set to 0.100000
[imu_filter_madgwick_node-3] [INFO] [1770703836.733969022] [imu_filter]: Gyro drift bias set to 0.000000
[imu_filter_madgwick_node-3] [INFO] [1770703836.733985951] [imu_filter]: Magnetometer bias values: 0.000000 0.000000 0.000000
[static_transform_publisher-6] [INFO] [1770703836.791530713] [camera_tf]: Spinning until stopped - publishing transform
[static_transform_publisher-6] translation: ('0.200000', '0.000000', '0.580000')
[static_transform_publisher-6] rotation: ('0.000000', '0.000000', '0.000000', '1.000000')
[static_transform_publisher-6] from 'base_link' to 'camera_link'
[static_transform_publisher-5] [INFO] [1770703836.804950385] [livox_tf]: Spinning until stopped - publishing transform
[static_transform_publisher-5] translation: ('0.000000', '0.000000', '0.830000')
[static_transform_publisher-5] rotation: ('0.000000', '0.000000', '0.000000', '1.000000')
[static_transform_publisher-5] from 'base_link' to 'livox_frame'
[camera_imu_bias_corrector_cpp-2] [INFO] [1770703836.835215793] [camera_imu_bias_corrector]: IMU bias corrector started: input=/camera/camera/imu output=/camera/camera/imu_bias_corrected
[livox_timestamp_offset_node-1] [INFO] [1770703838.039218893] [livox_timestamp_offset]: input_topic=/livox/lidar output_topic=/livox/lidar/synced offset_sec=0.036
[lidar_deskewing-4] [INFO] [1770703838.389203640] [lidar_deskewing]:   fixed_frame_id:  base_link
[lidar_deskewing-4] [INFO] [1770703838.391904726] [lidar_deskewing]:   wait_for_transform:  0.200000s
[lidar_deskewing-4] [INFO] [1770703838.393656767] [lidar_deskewing]:   slerp:  true
[camera_imu_bias_corrector_cpp-2] [INFO] [1770703844.066426596] [camera_imu_bias_corrector]: Calibrating IMU bias... keep robot still.
[imu_filter_madgwick_node-3] [INFO] [1770703844.069185444] [imu_filter]: First IMU message received.
[camera_imu_bias_corrector_cpp-2] [INFO] [1770703850.532932065] [camera_imu_bias_corrector]: IMU bias calibrated: x=-0.000737 y=0.001642 z=-0.004604
[imu_filter_madgwick_node-3] [INFO] [1770703860.651842816] [imu_filter]: Parameter RLController.pid_kp_lin set to 1.200000
[imu_filter_madgwick_node-3] [INFO] [1770703860.652215049] [imu_filter]: Parameter RLController.pid_ki_lin set to 0.000000
[imu_filter_madgwick_node-3] [INFO] [1770703860.652360492] [imu_filter]: Parameter RLController.pid_kd_lin set to 0.030000
[imu_filter_madgwick_node-3] [INFO] [1770703860.652430958] [imu_filter]: Parameter RLController.pid_kp_ang set to 1.230000
[imu_filter_madgwick_node-3] [INFO] [1770703860.652488175] [imu_filter]: Parameter RLController.pid_ki_ang set to 0.000000
[imu_filter_madgwick_node-3] [INFO] [1770703860.652603602] [imu_filter]: Parameter RLController.pid_kd_ang set to 0.100000
[imu_filter_madgwick_node-3] [INFO] [1770703886.369523298] [imu_filter]: Parameter RLController.pid_kp_lin set to 1.200000
[imu_filter_madgwick_node-3] [INFO] [1770703886.371513840] [imu_filter]: Parameter RLController.pid_ki_lin set to 0.000000
[imu_filter_madgwick_node-3] [INFO] [1770703886.372062237] [imu_filter]: Parameter RLController.pid_kd_lin set to 0.029892
[imu_filter_madgwick_node-3] [INFO] [1770703886.372162943] [imu_filter]: Parameter RLController.pid_kp_ang set to 1.230000
[imu_filter_madgwick_node-3] [INFO] [1770703886.372260994] [imu_filter]: Parameter RLController.pid_ki_ang set to 0.000000
[imu_filter_madgwick_node-3] [INFO] [1770703886.372323779] [imu_filter]: Parameter RLController.pid_kd_ang set to 0.100000
[imu_filter_madgwick_node-3] [INFO] [1770703886.788703279] [imu_filter]: Parameter RLController.pid_kp_lin set to 1.200248
[imu_filter_madgwick_node-3] [INFO] [1770703886.788911156] [imu_filter]: Parameter RLController.pid_ki_lin set to 0.000000
[imu_filter_madgwick_node-3] [INFO] [1770703886.788987158] [imu_filter]: Parameter RLController.pid_kd_lin set to 0.029825
[imu_filter_madgwick_node-3] [INFO] [1770703886.789043799] [imu_filter]: Parameter RLController.pid_kp_ang set to 1.230000
[imu_filter_madgwick_node-3] [INFO] [1770703886.791375341] [imu_filter]: Parameter RLController.pid_ki_ang set to 0.000000
[imu_filter_madgwick_node-3] [INFO] [1770703886.791701077] [imu_filter]: Parameter RLController.pid_kd_ang set to 0.100000
[imu_filter_madgwick_node-3] [INFO] [1770703887.201313508] [imu_filter]: Parameter RLController.pid_kp_lin set to 1.200571
[imu_filter_madgwick_node-3] [INFO] [1770703887.207096202] [imu_filter]: Parameter RLController.pid_ki_lin set to 0.000000
[imu_filter_madgwick_node-3] [INFO] [1770703887.207419986] [imu_filter]: Parameter RLController.pid_kd_lin set to 0.029764
[imu_filter_madgwick_node-3] [INFO] [1770703887.207498868] [imu_filter]: Parameter RLController.pid_kp_ang set to 1.230000
[imu_filter_madgwick_node-3] [INFO] [1770703887.207563637] [imu_filter]: Parameter RLController.pid_ki_ang set to 0.000000
[imu_filter_madgwick_node-3] [INFO] [1770703887.207622807] [imu_filter]: Parameter RLController.pid_kd_ang set to 0.100000
[imu_filter_madgwick_node-3] [INFO] [1770703887.618382176] [imu_filter]: Parameter RLController.pid_kp_lin set to 1.200894
[imu_filter_madgwick_node-3] [INFO] [1770703887.625003162] [imu_filter]: Parameter RLController.pid_ki_lin set to 0.000000
[imu_filter_madgwick_node-3] [INFO] [1770703887.625227999] [imu_filter]: Parameter RLController.pid_kd_lin set to 0.029706
[imu_filter_madgwick_node-3] [INFO] [1770703887.625298689] [imu_filter]: Parameter RLController.pid_kp_ang set to 1.230000
[imu_filter_madgwick_node-3] [INFO] [1770703887.625355874] [imu_filter]: Parameter RLController.pid_ki_ang set to 0.000000
[imu_filter_madgwick_node-3] [INFO] [1770703887.625408996] [imu_filter]: Parameter RLController.pid_kd_ang set to 0.100000
[imu_filter_madgwick_node-3] [INFO] [1770703888.037064386] [imu_filter]: Parameter RLController.pid_kp_lin set to 1.201213
[imu_filter_madgwick_node-3] [INFO] [1770703888.037322856] [imu_filter]: Parameter RLController.pid_ki_lin set to 0.000000
[imu_filter_madgwick_node-3] [INFO] [1770703888.037457803] [imu_filter]: Parameter RLController.pid_kd_lin set to 0.029649
[imu_filter_madgwick_node-3] [INFO] [1770703888.037535053] [imu_filter]: Parameter RLController.pid_kp_ang set to 1.230000
[imu_filter_madgwick_node-3] [INFO] [1770703888.037594254] [imu_filter]: Parameter RLController.pid_ki_ang set to 0.000000
[imu_filter_madgwick_node-3] [INFO] [1770703888.037649200] [imu_filter]: Parameter RLController.pid_kd_ang set to 0.100000
[imu_filter_madgwick_node-3] [INFO] [1770703888.462659012] [imu_filter]: Parameter RLController.pid_kp_lin set to 1.201530
[imu_filter_madgwick_node-3] [INFO] [1770703888.462974636] [imu_filter]: Parameter RLController.pid_ki_lin set to 0.000000
[imu_filter_madgwick_node-3] [INFO] [1770703888.463201105] [imu_filter]: Parameter RLController.pid_kd_lin set to 0.029593
[imu_filter_madgwick_node-3] [INFO] [1770703888.463271603] [imu_filter]: Parameter RLController.pid_kp_ang set to 1.230000
[imu_filter_madgwick_node-3] [INFO] [1770703888.463325940] [imu_filter]: Parameter RLController.pid_ki_ang set to 0.000000
[imu_filter_madgwick_node-3] [INFO] [1770703888.463377973] [imu_filter]: Parameter RLController.pid_kd_ang set to 0.100000
[imu_filter_madgwick_node-3] [INFO] [1770703888.871041559] [imu_filter]: Parameter RLController.pid_kp_lin set to 1.201830
[imu_filter_madgwick_node-3] [INFO] [1770703888.871238395] [imu_filter]: Parameter RLController.pid_ki_lin set to 0.000000
[imu_filter_madgwick_node-3] [INFO] [1770703888.871304093] [imu_filter]: Parameter RLController.pid_kd_lin set to 0.029538
[imu_filter_madgwick_node-3] [INFO] [1770703888.871362142] [imu_filter]: Parameter RLController.pid_kp_ang set to 1.230000
[imu_filter_madgwick_node-3] [INFO] [1770703888.871416159] [imu_filter]: Parameter RLController.pid_ki_ang set to 0.000000
[imu_filter_madgwick_node-3] [INFO] [1770703888.871468769] [imu_filter]: Parameter RLController.pid_kd_ang set to 0.100000
[imu_filter_madgwick_node-3] [INFO] [1770703889.294369412] [imu_filter]: Parameter RLController.pid_kp_lin set to 1.202128
[imu_filter_madgwick_node-3] [INFO] [1770703889.294678156] [imu_filter]: Parameter RLController.pid_ki_lin set to 0.000000
[imu_filter_madgwick_node-3] [INFO] [1770703889.294782862] [imu_filter]: Parameter RLController.pid_kd_lin set to 0.029486
[imu_filter_madgwick_node-3] [INFO] [1770703889.294881360] [imu_filter]: Parameter RLController.pid_kp_ang set to 1.230000
[imu_filter_madgwick_node-3] [INFO] [1770703889.294977235] [imu_filter]: Parameter RLController.pid_ki_ang set to 0.000000
[imu_filter_madgwick_node-3] [INFO] [1770703889.295043860] [imu_filter]: Parameter RLController.pid_kd_ang set to 0.100000
[imu_filter_madgwick_node-3] [INFO] [1770703889.712003534] [imu_filter]: Parameter RLController.pid_kp_lin set to 1.202412
[imu_filter_madgwick_node-3] [INFO] [1770703889.712227987] [imu_filter]: Parameter RLController.pid_ki_lin set to 0.000000
[imu_filter_madgwick_node-3] [INFO] [1770703889.712310293] [imu_filter]: Parameter RLController.pid_kd_lin set to 0.029435
[imu_filter_madgwick_node-3] [INFO] [1770703889.712370422] [imu_filter]: Parameter RLController.pid_kp_ang set to 1.230000
[imu_filter_madgwick_node-3] [INFO] [1770703889.712423448] [imu_filter]: Parameter RLController.pid_ki_ang set to 0.000000
[imu_filter_madgwick_node-3] [INFO] [1770703889.712476921] [imu_filter]: Parameter RLController.pid_kd_ang set to 0.100000
[imu_filter_madgwick_node-3] [INFO] [1770703890.131250301] [imu_filter]: Parameter RLController.pid_kp_lin set to 1.202692
[imu_filter_madgwick_node-3] [INFO] [1770703890.136345107] [imu_filter]: Parameter RLController.pid_ki_lin set to 0.000000
[imu_filter_madgwick_node-3] [INFO] [1770703890.136553656] [imu_filter]: Parameter RLController.pid_kd_lin set to 0.029387
[imu_filter_madgwick_node-3] [INFO] [1770703890.136625818] [imu_filter]: Parameter RLController.pid_kp_ang set to 1.230000
[imu_filter_madgwick_node-3] [INFO] [1770703890.136682619] [imu_filter]: Parameter RLController.pid_ki_ang set to 0.000000
[imu_filter_madgwick_node-3] [INFO] [1770703890.136737148] [imu_filter]: Parameter RLController.pid_kd_ang set to 0.100000
[imu_filter_madgwick_node-3] [INFO] [1770703890.550231429] [imu_filter]: Parameter RLController.pid_kp_lin set to 1.202912
[imu_filter_madgwick_node-3] [INFO] [1770703890.550427594] [imu_filter]: Parameter RLController.pid_ki_lin set to 0.000000
[imu_filter_madgwick_node-3] [INFO] [1770703890.550518860] [imu_filter]: Parameter RLController.pid_kd_lin set to 0.029333
[imu_filter_madgwick_node-3] [INFO] [1770703890.550578925] [imu_filter]: Parameter RLController.pid_kp_ang set to 1.230000
[imu_filter_madgwick_node-3] [INFO] [1770703890.550633103] [imu_filter]: Parameter RLController.pid_ki_ang set to 0.000000
[imu_filter_madgwick_node-3] [INFO] [1770703890.554469832] [imu_filter]: Parameter RLController.pid_kd_ang set to 0.100000
[imu_filter_madgwick_node-3] [INFO] [1770703890.963900947] [imu_filter]: Parameter RLController.pid_kp_lin set to 1.202762
[imu_filter_madgwick_node-3] [INFO] [1770703890.964100055] [imu_filter]: Parameter RLController.pid_ki_lin set to 0.000000
[imu_filter_madgwick_node-3] [INFO] [1770703890.964172057] [imu_filter]: Parameter RLController.pid_kd_lin set to 0.029229
[imu_filter_madgwick_node-3] [INFO] [1770703890.964269179] [imu_filter]: Parameter RLController.pid_kp_ang set to 1.230000
[imu_filter_madgwick_node-3] [INFO] [1770703890.964329085] [imu_filter]: Parameter RLController.pid_ki_ang set to 0.000000
[imu_filter_madgwick_node-3] [INFO] [1770703890.964384926] [imu_filter]: Parameter RLController.pid_kd_ang set to 0.100000
[imu_filter_madgwick_node-3] [INFO] [1770703891.431846317] [imu_filter]: Parameter RLController.pid_kp_lin set to 1.202610
[imu_filter_madgwick_node-3] [INFO] [1770703891.432047090] [imu_filter]: Parameter RLController.pid_ki_lin set to 0.000000
[imu_filter_madgwick_node-3] [INFO] [1770703891.432117396] [imu_filter]: Parameter RLController.pid_kd_lin set to 0.029122
[imu_filter_madgwick_node-3] [INFO] [1770703891.432197333] [imu_filter]: Parameter RLController.pid_kp_ang set to 1.230000
[imu_filter_madgwick_node-3] [INFO] [1770703891.432364217] [imu_filter]: Parameter RLController.pid_ki_ang set to 0.000000
[imu_filter_madgwick_node-3] [INFO] [1770703891.432423771] [imu_filter]: Parameter RLController.pid_kd_ang set to 0.100000
[imu_filter_madgwick_node-3] [INFO] [1770703891.845141650] [imu_filter]: Parameter RLController.pid_kp_lin set to 1.202465
[imu_filter_madgwick_node-3] [INFO] [1770703891.845331670] [imu_filter]: Parameter RLController.pid_ki_lin set to 0.000000
[imu_filter_madgwick_node-3] [INFO] [1770703891.845402776] [imu_filter]: Parameter RLController.pid_kd_lin set to 0.029014
[imu_filter_madgwick_node-3] [INFO] [1770703891.845463833] [imu_filter]: Parameter RLController.pid_kp_ang set to 1.230000
[imu_filter_madgwick_node-3] [INFO] [1770703891.845516987] [imu_filter]: Parameter RLController.pid_ki_ang set to 0.000000
[imu_filter_madgwick_node-3] [INFO] [1770703891.845568892] [imu_filter]: Parameter RLController.pid_kd_ang set to 0.100000
[imu_filter_madgwick_node-3] [INFO] [1770703892.270505679] [imu_filter]: Parameter RLController.pid_kp_lin set to 1.202327
[imu_filter_madgwick_node-3] [INFO] [1770703892.270732084] [imu_filter]: Parameter RLController.pid_ki_lin set to 0.000000
[imu_filter_madgwick_node-3] [INFO] [1770703892.270842263] [imu_filter]: Parameter RLController.pid_kd_lin set to 0.028906
[imu_filter_madgwick_node-3] [INFO] [1770703892.270905912] [imu_filter]: Parameter RLController.pid_kp_ang set to 1.230000
[imu_filter_madgwick_node-3] [INFO] [1770703892.270963129] [imu_filter]: Parameter RLController.pid_ki_ang set to 0.000000
[imu_filter_madgwick_node-3] [INFO] [1770703892.271019227] [imu_filter]: Parameter RLController.pid_kd_ang set to 0.100000
[imu_filter_madgwick_node-3] [INFO] [1770703892.686457713] [imu_filter]: Parameter RLController.pid_kp_lin set to 1.202327
[imu_filter_madgwick_node-3] [INFO] [1770703892.686647830] [imu_filter]: Parameter RLController.pid_ki_lin set to 0.000000
[imu_filter_madgwick_node-3] [INFO] [1770703892.686714231] [imu_filter]: Parameter RLController.pid_kd_lin set to 0.028796
[imu_filter_madgwick_node-3] [INFO] [1770703892.686773304] [imu_filter]: Parameter RLController.pid_kp_ang set to 1.230000
[imu_filter_madgwick_node-3] [INFO] [1770703892.686826074] [imu_filter]: Parameter RLController.pid_ki_ang set to 0.000000
[imu_filter_madgwick_node-3] [INFO] [1770703892.686882043] [imu_filter]: Parameter RLController.pid_kd_ang set to 0.100000
[imu_filter_madgwick_node-3] [INFO] [1770703893.117498706] [imu_filter]: Parameter RLController.pid_kp_lin set to 1.202327
[imu_filter_madgwick_node-3] [INFO] [1770703893.117705719] [imu_filter]: Parameter RLController.pid_ki_lin set to 0.000000
[imu_filter_madgwick_node-3] [INFO] [1770703893.117778937] [imu_filter]: Parameter RLController.pid_kd_lin set to 0.028687
[imu_filter_madgwick_node-3] [INFO] [1770703893.117839386] [imu_filter]: Parameter RLController.pid_kp_ang set to 1.230000
[imu_filter_madgwick_node-3] [INFO] [1770703893.118801104] [imu_filter]: Parameter RLController.pid_ki_ang set to 0.000000
[imu_filter_madgwick_node-3] [INFO] [1770703893.118941812] [imu_filter]: Parameter RLController.pid_kd_ang set to 0.100000
[imu_filter_madgwick_node-3] [INFO] [1770703893.527814321] [imu_filter]: Parameter RLController.pid_kp_lin set to 1.202327
[imu_filter_madgwick_node-3] [INFO] [1770703893.528006774] [imu_filter]: Parameter RLController.pid_ki_lin set to 0.000000
[imu_filter_madgwick_node-3] [INFO] [1770703893.528084632] [imu_filter]: Parameter RLController.pid_kd_lin set to 0.028577
[imu_filter_madgwick_node-3] [INFO] [1770703893.528149529] [imu_filter]: Parameter RLController.pid_kp_ang set to 1.230000
[imu_filter_madgwick_node-3] [INFO] [1770703893.528411071] [imu_filter]: Parameter RLController.pid_ki_ang set to 0.000000
[imu_filter_madgwick_node-3] [INFO] [1770703893.528487361] [imu_filter]: Parameter RLController.pid_kd_ang set to 0.100000
[imu_filter_madgwick_node-3] [INFO] [1770703893.940439782] [imu_filter]: Parameter RLController.pid_kp_lin set to 1.202327
[imu_filter_madgwick_node-3] [INFO] [1770703893.940629003] [imu_filter]: Parameter RLController.pid_ki_lin set to 0.000000
[imu_filter_madgwick_node-3] [INFO] [1770703893.940725325] [imu_filter]: Parameter RLController.pid_kd_lin set to 0.028466
[imu_filter_madgwick_node-3] [INFO] [1770703893.940968435] [imu_filter]: Parameter RLController.pid_kp_ang set to 1.230000
[imu_filter_madgwick_node-3] [INFO] [1770703893.941052981] [imu_filter]: Parameter RLController.pid_ki_ang set to 0.000000
[imu_filter_madgwick_node-3] [INFO] [1770703893.941113622] [imu_filter]: Parameter RLController.pid_kd_ang set to 0.100000
[imu_filter_madgwick_node-3] [INFO] [1770703894.354788355] [imu_filter]: Parameter RLController.pid_kp_lin set to 1.202327
[imu_filter_madgwick_node-3] [INFO] [1770703894.354999144] [imu_filter]: Parameter RLController.pid_ki_lin set to 0.000000
[imu_filter_madgwick_node-3] [INFO] [1770703894.355075050] [imu_filter]: Parameter RLController.pid_kd_lin set to 0.028356
[imu_filter_madgwick_node-3] [INFO] [1770703894.355133643] [imu_filter]: Parameter RLController.pid_kp_ang set to 1.230000
[imu_filter_madgwick_node-3] [INFO] [1770703894.355187949] [imu_filter]: Parameter RLController.pid_ki_ang set to 0.000000
[imu_filter_madgwick_node-3] [INFO] [1770703894.355356753] [imu_filter]: Parameter RLController.pid_kd_ang set to 0.100000
[imu_filter_madgwick_node-3] [INFO] [1770703894.780801904] [imu_filter]: Parameter RLController.pid_kp_lin set to 1.202327
[imu_filter_madgwick_node-3] [INFO] [1770703894.782695452] [imu_filter]: Parameter RLController.pid_ki_lin set to 0.000000
[imu_filter_madgwick_node-3] [INFO] [1770703894.782877472] [imu_filter]: Parameter RLController.pid_kd_lin set to 0.028245
[imu_filter_madgwick_node-3] [INFO] [1770703894.783101797] [imu_filter]: Parameter RLController.pid_kp_ang set to 1.230000
[imu_filter_madgwick_node-3] [INFO] [1770703894.783170983] [imu_filter]: Parameter RLController.pid_ki_ang set to 0.000000
[imu_filter_madgwick_node-3] [INFO] [1770703894.783229640] [imu_filter]: Parameter RLController.pid_kd_ang set to 0.100000
[imu_filter_madgwick_node-3] [INFO] [1770703895.194970760] [imu_filter]: Parameter RLController.pid_kp_lin set to 1.202327
[imu_filter_madgwick_node-3] [INFO] [1770703895.197032504] [imu_filter]: Parameter RLController.pid_ki_lin set to 0.000000
[imu_filter_madgwick_node-3] [INFO] [1770703895.197377984] [imu_filter]: Parameter RLController.pid_kd_lin set to 0.028134
[imu_filter_madgwick_node-3] [INFO] [1770703895.197536100] [imu_filter]: Parameter RLController.pid_kp_ang set to 1.230000
[imu_filter_madgwick_node-3] [INFO] [1770703895.197600806] [imu_filter]: Parameter RLController.pid_ki_ang set to 0.000000
[imu_filter_madgwick_node-3] [INFO] [1770703895.197660935] [imu_filter]: Parameter RLController.pid_kd_ang set to 0.100000
[imu_filter_madgwick_node-3] [INFO] [1770703895.623060997] [imu_filter]: Parameter RLController.pid_kp_lin set to 1.202327
[imu_filter_madgwick_node-3] [INFO] [1770703895.623274890] [imu_filter]: Parameter RLController.pid_ki_lin set to 0.000000
[imu_filter_madgwick_node-3] [INFO] [1770703895.623341707] [imu_filter]: Parameter RLController.pid_kd_lin set to 0.028023
[imu_filter_madgwick_node-3] [INFO] [1770703895.623403053] [imu_filter]: Parameter RLController.pid_kp_ang set to 1.230000
[imu_filter_madgwick_node-3] [INFO] [1770703895.623457518] [imu_filter]: Parameter RLController.pid_ki_ang set to 0.000000
[imu_filter_madgwick_node-3] [INFO] [1770703895.623511887] [imu_filter]: Parameter RLController.pid_kd_ang set to 0.100000
[imu_filter_madgwick_node-3] [INFO] [1770703896.049540988] [imu_filter]: Parameter RLController.pid_kp_lin set to 1.202327
[imu_filter_madgwick_node-3] [INFO] [1770703896.050215883] [imu_filter]: Parameter RLController.pid_ki_lin set to 0.000000
[imu_filter_madgwick_node-3] [INFO] [1770703896.050321582] [imu_filter]: Parameter RLController.pid_kd_lin set to 0.027911
[imu_filter_madgwick_node-3] [INFO] [1770703896.050385583] [imu_filter]: Parameter RLController.pid_kp_ang set to 1.230000
[imu_filter_madgwick_node-3] [INFO] [1770703896.050440593] [imu_filter]: Parameter RLController.pid_ki_ang set to 0.000000
[imu_filter_madgwick_node-3] [INFO] [1770703896.050494354] [imu_filter]: Parameter RLController.pid_kd_ang set to 0.100000
[imu_filter_madgwick_node-3] [INFO] [1770703896.466266736] [imu_filter]: Parameter RLController.pid_kp_lin set to 1.202327
[imu_filter_madgwick_node-3] [INFO] [1770703896.466442356] [imu_filter]: Parameter RLController.pid_ki_lin set to 0.000000
[imu_filter_madgwick_node-3] [INFO] [1770703896.466530070] [imu_filter]: Parameter RLController.pid_kd_lin set to 0.027800
[imu_filter_madgwick_node-3] [INFO] [1770703896.466595640] [imu_filter]: Parameter RLController.pid_kp_ang set to 1.230000
[imu_filter_madgwick_node-3] [INFO] [1770703896.466651193] [imu_filter]: Parameter RLController.pid_ki_ang set to 0.000000
[imu_filter_madgwick_node-3] [INFO] [1770703896.472471968] [imu_filter]: Parameter RLController.pid_kd_ang set to 0.100000
[imu_filter_madgwick_node-3] [INFO] [1770703896.896330906] [imu_filter]: Parameter RLController.pid_kp_lin set to 1.202327
[imu_filter_madgwick_node-3] [INFO] [1770703896.896536415] [imu_filter]: Parameter RLController.pid_ki_lin set to 0.000000
[imu_filter_madgwick_node-3] [INFO] [1770703896.896604705] [imu_filter]: Parameter RLController.pid_kd_lin set to 0.027689
[imu_filter_madgwick_node-3] [INFO] [1770703896.896667618] [imu_filter]: Parameter RLController.pid_kp_ang set to 1.230000
[imu_filter_madgwick_node-3] [INFO] [1770703896.896722499] [imu_filter]: Parameter RLController.pid_ki_ang set to 0.000000
[imu_filter_madgwick_node-3] [INFO] [1770703896.896776613] [imu_filter]: Parameter RLController.pid_kd_ang set to 0.100000
[imu_filter_madgwick_node-3] [INFO] [1770703897.309921606] [imu_filter]: Parameter RLController.pid_kp_lin set to 1.202327
[imu_filter_madgwick_node-3] [INFO] [1770703897.310149515] [imu_filter]: Parameter RLController.pid_ki_lin set to 0.000000
[imu_filter_madgwick_node-3] [INFO] [1770703897.310232493] [imu_filter]: Parameter RLController.pid_kd_lin set to 0.027577
[imu_filter_madgwick_node-3] [INFO] [1770703897.310296430] [imu_filter]: Parameter RLController.pid_kp_ang set to 1.230000
[imu_filter_madgwick_node-3] [INFO] [1770703897.310350928] [imu_filter]: Parameter RLController.pid_ki_ang set to 0.000000
[imu_filter_madgwick_node-3] [INFO] [1770703897.310404529] [imu_filter]: Parameter RLController.pid_kd_ang set to 0.100000
[imu_filter_madgwick_node-3] [INFO] [1770703897.718901062] [imu_filter]: Parameter RLController.pid_kp_lin set to 1.202327
[imu_filter_madgwick_node-3] [INFO] [1770703897.719337936] [imu_filter]: Parameter RLController.pid_ki_lin set to 0.000000
[imu_filter_madgwick_node-3] [INFO] [1770703897.719441459] [imu_filter]: Parameter RLController.pid_kd_lin set to 0.027466
[imu_filter_madgwick_node-3] [INFO] [1770703897.719516148] [imu_filter]: Parameter RLController.pid_kp_ang set to 1.230000
[imu_filter_madgwick_node-3] [INFO] [1770703897.719574934] [imu_filter]: Parameter RLController.pid_ki_ang set to 0.000000
[imu_filter_madgwick_node-3] [INFO] [1770703897.719630551] [imu_filter]: Parameter RLController.pid_kd_ang set to 0.100000
[imu_filter_madgwick_node-3] [INFO] [1770703898.132667573] [imu_filter]: Parameter RLController.pid_kp_lin set to 1.202327
[imu_filter_madgwick_node-3] [INFO] [1770703898.132882394] [imu_filter]: Parameter RLController.pid_ki_lin set to 0.000000
[imu_filter_madgwick_node-3] [INFO] [1770703898.132952636] [imu_filter]: Parameter RLController.pid_kd_lin set to 0.027354
[imu_filter_madgwick_node-3] [INFO] [1770703898.133011581] [imu_filter]: Parameter RLController.pid_kp_ang set to 1.230000
[imu_filter_madgwick_node-3] [INFO] [1770703898.133064383] [imu_filter]: Parameter RLController.pid_ki_ang set to 0.000000
[imu_filter_madgwick_node-3] [INFO] [1770703898.133136544] [imu_filter]: Parameter RLController.pid_kd_ang set to 0.100000
[imu_filter_madgwick_node-3] [INFO] [1770703898.557767980] [imu_filter]: Parameter RLController.pid_kp_lin set to 1.202327
[imu_filter_madgwick_node-3] [INFO] [1770703898.557970257] [imu_filter]: Parameter RLController.pid_ki_lin set to 0.000000
[imu_filter_madgwick_node-3] [INFO] [1770703898.558034995] [imu_filter]: Parameter RLController.pid_kd_lin set to 0.027243
[imu_filter_madgwick_node-3] [INFO] [1770703898.558093748] [imu_filter]: Parameter RLController.pid_kp_ang set to 1.230000
[imu_filter_madgwick_node-3] [INFO] [1770703898.558145749] [imu_filter]: Parameter RLController.pid_ki_ang set to 0.000000
[imu_filter_madgwick_node-3] [INFO] [1770703898.558199766] [imu_filter]: Parameter RLController.pid_kd_ang set to 0.100000
[imu_filter_madgwick_node-3] [INFO] [1770703898.974314972] [imu_filter]: Parameter RLController.pid_kp_lin set to 1.202327
[imu_filter_madgwick_node-3] [INFO] [1770703898.974702534] [imu_filter]: Parameter RLController.pid_ki_lin set to 0.000000
[imu_filter_madgwick_node-3] [INFO] [1770703898.974792584] [imu_filter]: Parameter RLController.pid_kd_lin set to 0.027131
[imu_filter_madgwick_node-3] [INFO] [1770703898.974988556] [imu_filter]: Parameter RLController.pid_kp_ang set to 1.230000
[imu_filter_madgwick_node-3] [INFO] [1770703898.975064686] [imu_filter]: Parameter RLController.pid_ki_ang set to 0.000000
[imu_filter_madgwick_node-3] [INFO] [1770703898.975181585] [imu_filter]: Parameter RLController.pid_kd_ang set to 0.100000
[imu_filter_madgwick_node-3] [INFO] [1770703899.387485182] [imu_filter]: Parameter RLController.pid_kp_lin set to 1.202327
[imu_filter_madgwick_node-3] [INFO] [1770703899.387752612] [imu_filter]: Parameter RLController.pid_ki_lin set to 0.000000
[imu_filter_madgwick_node-3] [INFO] [1770703899.387828262] [imu_filter]: Parameter RLController.pid_kd_lin set to 0.027020
[imu_filter_madgwick_node-3] [INFO] [1770703899.387891048] [imu_filter]: Parameter RLController.pid_kp_ang set to 1.230000
[imu_filter_madgwick_node-3] [INFO] [1770703899.387944457] [imu_filter]: Parameter RLController.pid_ki_ang set to 0.000000
[imu_filter_madgwick_node-3] [INFO] [1770703899.387998890] [imu_filter]: Parameter RLController.pid_kd_ang set to 0.100000
[imu_filter_madgwick_node-3] [INFO] [1770703899.814227643] [imu_filter]: Parameter RLController.pid_kp_lin set to 1.202327
[imu_filter_madgwick_node-3] [INFO] [1770703899.829255000] [imu_filter]: Parameter RLController.pid_ki_lin set to 0.000000
[imu_filter_madgwick_node-3] [INFO] [1770703899.829438493] [imu_filter]: Parameter RLController.pid_kd_lin set to 0.026908
[imu_filter_madgwick_node-3] [INFO] [1770703899.829508766] [imu_filter]: Parameter RLController.pid_kp_ang set to 1.230000
[imu_filter_madgwick_node-3] [INFO] [1770703899.829563776] [imu_filter]: Parameter RLController.pid_ki_ang set to 0.000000
[imu_filter_madgwick_node-3] [INFO] [1770703899.831507021] [imu_filter]: Parameter RLController.pid_kd_ang set to 0.100000
[imu_filter_madgwick_node-3] [INFO] [1770703900.239551127] [imu_filter]: Parameter RLController.pid_kp_lin set to 1.202327
[imu_filter_madgwick_node-3] [INFO] [1770703900.239777853] [imu_filter]: Parameter RLController.pid_ki_lin set to 0.000000
[imu_filter_madgwick_node-3] [INFO] [1770703900.239843550] [imu_filter]: Parameter RLController.pid_kd_lin set to 0.026797
[imu_filter_madgwick_node-3] [INFO] [1770703900.239902655] [imu_filter]: Parameter RLController.pid_kp_ang set to 1.230000
[imu_filter_madgwick_node-3] [INFO] [1770703900.239958913] [imu_filter]: Parameter RLController.pid_ki_ang set to 0.000000
[imu_filter_madgwick_node-3] [INFO] [1770703900.240012482] [imu_filter]: Parameter RLController.pid_kd_ang set to 0.100000
[imu_filter_madgwick_node-3] [INFO] [1770703900.681615192] [imu_filter]: Parameter RLController.pid_kp_lin set to 1.202327
[imu_filter_madgwick_node-3] [INFO] [1770703900.681817757] [imu_filter]: Parameter RLController.pid_ki_lin set to 0.000000
[imu_filter_madgwick_node-3] [INFO] [1770703900.682152325] [imu_filter]: Parameter RLController.pid_kd_lin set to 0.026685
[imu_filter_madgwick_node-3] [INFO] [1770703900.682240615] [imu_filter]: Parameter RLController.pid_kp_ang set to 1.230000
[imu_filter_madgwick_node-3] [INFO] [1770703900.682300392] [imu_filter]: Parameter RLController.pid_ki_ang set to 0.000000
[imu_filter_madgwick_node-3] [INFO] [1770703900.693165541] [imu_filter]: Parameter RLController.pid_kd_ang set to 0.100000
[imu_filter_madgwick_node-3] [INFO] [1770703901.118562275] [imu_filter]: Parameter RLController.pid_kp_lin set to 1.202327
[imu_filter_madgwick_node-3] [INFO] [1770703901.118772839] [imu_filter]: Parameter RLController.pid_ki_lin set to 0.000000
[imu_filter_madgwick_node-3] [INFO] [1770703901.118841705] [imu_filter]: Parameter RLController.pid_kd_lin set to 0.026573
[imu_filter_madgwick_node-3] [INFO] [1770703901.118898858] [imu_filter]: Parameter RLController.pid_kp_ang set to 1.230000
[imu_filter_madgwick_node-3] [INFO] [1770703901.118956716] [imu_filter]: Parameter RLController.pid_ki_ang set to 0.000000
[imu_filter_madgwick_node-3] [INFO] [1770703901.119011405] [imu_filter]: Parameter RLController.pid_kd_ang set to 0.100000
[imu_filter_madgwick_node-3] [INFO] [1770703901.541629802] [imu_filter]: Parameter RLController.pid_kp_lin set to 1.202327
[imu_filter_madgwick_node-3] [INFO] [1770703901.541851023] [imu_filter]: Parameter RLController.pid_ki_lin set to 0.000000
[imu_filter_madgwick_node-3] [INFO] [1770703901.541927633] [imu_filter]: Parameter RLController.pid_kd_lin set to 0.026462
[imu_filter_madgwick_node-3] [INFO] [1770703901.541999603] [imu_filter]: Parameter RLController.pid_kp_ang set to 1.230000
[imu_filter_madgwick_node-3] [INFO] [1770703901.542049876] [imu_filter]: Parameter RLController.pid_ki_ang set to 0.000000
[imu_filter_madgwick_node-3] [INFO] [1770703901.542370139] [imu_filter]: Parameter RLController.pid_kd_ang set to 0.100000
[imu_filter_madgwick_node-3] [INFO] [1770703901.961067230] [imu_filter]: Parameter RLController.pid_kp_lin set to 1.202327
[imu_filter_madgwick_node-3] [INFO] [1770703901.961499464] [imu_filter]: Parameter RLController.pid_ki_lin set to 0.000000
[imu_filter_madgwick_node-3] [INFO] [1770703901.961660235] [imu_filter]: Parameter RLController.pid_kd_lin set to 0.026350
[imu_filter_madgwick_node-3] [INFO] [1770703901.961786510] [imu_filter]: Parameter RLController.pid_kp_ang set to 1.230000
[imu_filter_madgwick_node-3] [INFO] [1770703901.961850448] [imu_filter]: Parameter RLController.pid_ki_ang set to 0.000000
[imu_filter_madgwick_node-3] [INFO] [1770703901.961906481] [imu_filter]: Parameter RLController.pid_kd_ang set to 0.100000
[imu_filter_madgwick_node-3] [INFO] [1770703902.377420969] [imu_filter]: Parameter RLController.pid_kp_lin set to 1.202327
[imu_filter_madgwick_node-3] [INFO] [1770703902.378196859] [imu_filter]: Parameter RLController.pid_ki_lin set to 0.000000
[imu_filter_madgwick_node-3] [INFO] [1770703902.378318942] [imu_filter]: Parameter RLController.pid_kd_lin set to 0.026239
[imu_filter_madgwick_node-3] [INFO] [1770703902.378385376] [imu_filter]: Parameter RLController.pid_kp_ang set to 1.230000
[imu_filter_madgwick_node-3] [INFO] [1770703902.378438849] [imu_filter]: Parameter RLController.pid_ki_ang set to 0.000000
[imu_filter_madgwick_node-3] [INFO] [1770703902.378489570] [imu_filter]: Parameter RLController.pid_kd_ang set to 0.100000
[imu_filter_madgwick_node-3] [INFO] [1770703902.794362306] [imu_filter]: Parameter RLController.pid_kp_lin set to 1.202327
[imu_filter_madgwick_node-3] [INFO] [1770703902.794559815] [imu_filter]: Parameter RLController.pid_ki_lin set to 0.000000
[imu_filter_madgwick_node-3] [INFO] [1770703902.794628041] [imu_filter]: Parameter RLController.pid_kd_lin set to 0.026127
[imu_filter_madgwick_node-3] [INFO] [1770703902.794689514] [imu_filter]: Parameter RLController.pid_kp_ang set to 1.230000
[imu_filter_madgwick_node-3] [INFO] [1770703902.794743179] [imu_filter]: Parameter RLController.pid_ki_ang set to 0.000000
[imu_filter_madgwick_node-3] [INFO] [1770703902.794796877] [imu_filter]: Parameter RLController.pid_kd_ang set to 0.100000
[imu_filter_madgwick_node-3] [INFO] [1770703903.209209547] [imu_filter]: Parameter RLController.pid_kp_lin set to 1.202327
[imu_filter_madgwick_node-3] [INFO] [1770703903.209560499] [imu_filter]: Parameter RLController.pid_ki_lin set to 0.000000
[imu_filter_madgwick_node-3] [INFO] [1770703903.209654133] [imu_filter]: Parameter RLController.pid_kd_lin set to 0.026016
[imu_filter_madgwick_node-3] [INFO] [1770703903.209728695] [imu_filter]: Parameter RLController.pid_kp_ang set to 1.230000
[imu_filter_madgwick_node-3] [INFO] [1770703903.209858554] [imu_filter]: Parameter RLController.pid_ki_ang set to 0.000000
[imu_filter_madgwick_node-3] [INFO] [1770703903.209925340] [imu_filter]: Parameter RLController.pid_kd_ang set to 0.100000
[imu_filter_madgwick_node-3] [INFO] [1770703903.620849801] [imu_filter]: Parameter RLController.pid_kp_lin set to 1.202327
[imu_filter_madgwick_node-3] [INFO] [1770703903.621030381] [imu_filter]: Parameter RLController.pid_ki_lin set to 0.000000
[imu_filter_madgwick_node-3] [INFO] [1770703903.621097199] [imu_filter]: Parameter RLController.pid_kd_lin set to 0.025904
[imu_filter_madgwick_node-3] [INFO] [1770703903.621330964] [imu_filter]: Parameter RLController.pid_kp_ang set to 1.230000
[imu_filter_madgwick_node-3] [INFO] [1770703903.621501976] [imu_filter]: Parameter RLController.pid_ki_ang set to 0.000000
[imu_filter_madgwick_node-3] [INFO] [1770703903.621569946] [imu_filter]: Parameter RLController.pid_kd_ang set to 0.100000
[imu_filter_madgwick_node-3] [INFO] [1770703904.047646440] [imu_filter]: Parameter RLController.pid_kp_lin set to 1.202327
[imu_filter_madgwick_node-3] [INFO] [1770703904.048060401] [imu_filter]: Parameter RLController.pid_ki_lin set to 0.000000
[imu_filter_madgwick_node-3] [INFO] [1770703904.048240117] [imu_filter]: Parameter RLController.pid_kd_lin set to 0.025793
[imu_filter_madgwick_node-3] [INFO] [1770703904.048323319] [imu_filter]: Parameter RLController.pid_kp_ang set to 1.230000
[imu_filter_madgwick_node-3] [INFO] [1770703904.048381401] [imu_filter]: Parameter RLController.pid_ki_ang set to 0.000000
[imu_filter_madgwick_node-3] [INFO] [1770703904.048434010] [imu_filter]: Parameter RLController.pid_kd_ang set to 0.100000
[imu_filter_madgwick_node-3] [INFO] [1770703904.458116682] [imu_filter]: Parameter RLController.pid_kp_lin set to 1.202327
[imu_filter_madgwick_node-3] [INFO] [1770703904.458319087] [imu_filter]: Parameter RLController.pid_ki_lin set to 0.000000
[imu_filter_madgwick_node-3] [INFO] [1770703904.458387281] [imu_filter]: Parameter RLController.pid_kd_lin set to 0.025681
[imu_filter_madgwick_node-3] [INFO] [1770703904.458464787] [imu_filter]: Parameter RLController.pid_kp_ang set to 1.230000
[imu_filter_madgwick_node-3] [INFO] [1770703904.458532788] [imu_filter]: Parameter RLController.pid_ki_ang set to 0.000000
[imu_filter_madgwick_node-3] [INFO] [1770703904.461681085] [imu_filter]: Parameter RLController.pid_kd_ang set to 0.100000
[imu_filter_madgwick_node-3] [INFO] [1770703904.871550450] [imu_filter]: Parameter RLController.pid_kp_lin set to 1.202327
[imu_filter_madgwick_node-3] [INFO] [1770703904.871735062] [imu_filter]: Parameter RLController.pid_ki_lin set to 0.000000
[imu_filter_madgwick_node-3] [INFO] [1770703904.871804952] [imu_filter]: Parameter RLController.pid_kd_lin set to 0.025569
[imu_filter_madgwick_node-3] [INFO] [1770703904.871864602] [imu_filter]: Parameter RLController.pid_kp_ang set to 1.230000
[imu_filter_madgwick_node-3] [INFO] [1770703904.871921627] [imu_filter]: Parameter RLController.pid_ki_ang set to 0.000000
[imu_filter_madgwick_node-3] [INFO] [1770703904.871976636] [imu_filter]: Parameter RLController.pid_kd_ang set to 0.100000
[imu_filter_madgwick_node-3] [INFO] [1770703905.297575071] [imu_filter]: Parameter RLController.pid_kp_lin set to 1.202327
[imu_filter_madgwick_node-3] [INFO] [1770703905.299493579] [imu_filter]: Parameter RLController.pid_ki_lin set to 0.000000
[imu_filter_madgwick_node-3] [INFO] [1770703905.299800562] [imu_filter]: Parameter RLController.pid_kd_lin set to 0.025458
[imu_filter_madgwick_node-3] [INFO] [1770703905.299876724] [imu_filter]: Parameter RLController.pid_kp_ang set to 1.230000
[imu_filter_madgwick_node-3] [INFO] [1770703905.299935317] [imu_filter]: Parameter RLController.pid_ki_ang set to 0.000000
[imu_filter_madgwick_node-3] [INFO] [1770703905.299988951] [imu_filter]: Parameter RLController.pid_kd_ang set to 0.100000
[imu_filter_madgwick_node-3] [INFO] [1770703905.706626817] [imu_filter]: Parameter RLController.pid_kp_lin set to 1.202327
[imu_filter_madgwick_node-3] [INFO] [1770703905.706834213] [imu_filter]: Parameter RLController.pid_ki_lin set to 0.000000
[imu_filter_madgwick_node-3] [INFO] [1770703905.707092779] [imu_filter]: Parameter RLController.pid_kd_lin set to 0.025346
[imu_filter_madgwick_node-3] [INFO] [1770703905.707186670] [imu_filter]: Parameter RLController.pid_kp_ang set to 1.230000
[imu_filter_madgwick_node-3] [INFO] [1770703905.707263343] [imu_filter]: Parameter RLController.pid_ki_ang set to 0.000000
[imu_filter_madgwick_node-3] [INFO] [1770703905.707322929] [imu_filter]: Parameter RLController.pid_kd_ang set to 0.100000
[imu_filter_madgwick_node-3] [INFO] [1770703906.144172281] [imu_filter]: Parameter RLController.pid_kp_lin set to 1.202327
[imu_filter_madgwick_node-3] [INFO] [1770703906.144392926] [imu_filter]: Parameter RLController.pid_ki_lin set to 0.000000
[imu_filter_madgwick_node-3] [INFO] [1770703906.144467039] [imu_filter]: Parameter RLController.pid_kd_lin set to 0.025235
[imu_filter_madgwick_node-3] [INFO] [1770703906.144549089] [imu_filter]: Parameter RLController.pid_kp_ang set to 1.230000
[imu_filter_madgwick_node-3] [INFO] [1770703906.144606371] [imu_filter]: Parameter RLController.pid_ki_ang set to 0.000000
[imu_filter_madgwick_node-3] [INFO] [1770703906.144661892] [imu_filter]: Parameter RLController.pid_kd_ang set to 0.100000
[imu_filter_madgwick_node-3] [INFO] [1770703906.563174402] [imu_filter]: Parameter RLController.pid_kp_lin set to 1.202327
[imu_filter_madgwick_node-3] [INFO] [1770703906.563395495] [imu_filter]: Parameter RLController.pid_ki_lin set to 0.000000
[imu_filter_madgwick_node-3] [INFO] [1770703906.563472809] [imu_filter]: Parameter RLController.pid_kd_lin set to 0.025123
[imu_filter_madgwick_node-3] [INFO] [1770703906.563536106] [imu_filter]: Parameter RLController.pid_kp_ang set to 1.230000
[imu_filter_madgwick_node-3] [INFO] [1770703906.565123439] [imu_filter]: Parameter RLController.pid_ki_ang set to 0.000000
[imu_filter_madgwick_node-3] [INFO] [1770703906.565314612] [imu_filter]: Parameter RLController.pid_kd_ang set to 0.100000
[imu_filter_madgwick_node-3] [INFO] [1770703906.993487186] [imu_filter]: Parameter RLController.pid_kp_lin set to 1.202327
[imu_filter_madgwick_node-3] [INFO] [1770703906.993826938] [imu_filter]: Parameter RLController.pid_ki_lin set to 0.000000
[imu_filter_madgwick_node-3] [INFO] [1770703906.993945052] [imu_filter]: Parameter RLController.pid_kd_lin set to 0.025012
[imu_filter_madgwick_node-3] [INFO] [1770703906.994014462] [imu_filter]: Parameter RLController.pid_kp_ang set to 1.230000
[imu_filter_madgwick_node-3] [INFO] [1770703906.994075072] [imu_filter]: Parameter RLController.pid_ki_ang set to 0.000000
[imu_filter_madgwick_node-3] [INFO] [1770703906.994128321] [imu_filter]: Parameter RLController.pid_kd_ang set to 0.100000
[imu_filter_madgwick_node-3] [INFO] [1770703907.403356583] [imu_filter]: Parameter RLController.pid_kp_lin set to 1.202327
[imu_filter_madgwick_node-3] [INFO] [1770703907.403564044] [imu_filter]: Parameter RLController.pid_ki_lin set to 0.000000
[imu_filter_madgwick_node-3] [INFO] [1770703907.403634989] [imu_filter]: Parameter RLController.pid_kd_lin set to 0.024900
[imu_filter_madgwick_node-3] [INFO] [1770703907.403693231] [imu_filter]: Parameter RLController.pid_kp_ang set to 1.230000
[imu_filter_madgwick_node-3] [INFO] [1770703907.403746736] [imu_filter]: Parameter RLController.pid_ki_ang set to 0.000000
[imu_filter_madgwick_node-3] [INFO] [1770703907.403806865] [imu_filter]: Parameter RLController.pid_kd_ang set to 0.100000
[imu_filter_madgwick_node-3] [INFO] [1770703907.818850878] [imu_filter]: Parameter RLController.pid_kp_lin set to 1.202327
[imu_filter_madgwick_node-3] [INFO] [1770703907.819052547] [imu_filter]: Parameter RLController.pid_ki_lin set to 0.000000
[imu_filter_madgwick_node-3] [INFO] [1770703907.819246952] [imu_filter]: Parameter RLController.pid_kd_lin set to 0.024789
[imu_filter_madgwick_node-3] [INFO] [1770703907.819314217] [imu_filter]: Parameter RLController.pid_kp_ang set to 1.230000
[imu_filter_madgwick_node-3] [INFO] [1770703907.819372683] [imu_filter]: Parameter RLController.pid_ki_ang set to 0.000000
[imu_filter_madgwick_node-3] [INFO] [1770703907.819428908] [imu_filter]: Parameter RLController.pid_kd_ang set to 0.100000
[imu_filter_madgwick_node-3] [INFO] [1770703908.247613226] [imu_filter]: Parameter RLController.pid_kp_lin set to 1.202327
[imu_filter_madgwick_node-3] [INFO] [1770703908.251528229] [imu_filter]: Parameter RLController.pid_ki_lin set to 0.000000
[imu_filter_madgwick_node-3] [INFO] [1770703908.251837581] [imu_filter]: Parameter RLController.pid_kd_lin set to 0.024677
[imu_filter_madgwick_node-3] [INFO] [1770703908.251923247] [imu_filter]: Parameter RLController.pid_kp_ang set to 1.230000
[imu_filter_madgwick_node-3] [INFO] [1770703908.251983440] [imu_filter]: Parameter RLController.pid_ki_ang set to 0.000000
[imu_filter_madgwick_node-3] [INFO] [1770703908.252038513] [imu_filter]: Parameter RLController.pid_kd_ang set to 0.100000
[imu_filter_madgwick_node-3] [INFO] [1770703908.663944470] [imu_filter]: Parameter RLController.pid_kp_lin set to 1.202327
[imu_filter_madgwick_node-3] [INFO] [1770703908.664127226] [imu_filter]: Parameter RLController.pid_ki_lin set to 0.000000
[imu_filter_madgwick_node-3] [INFO] [1770703908.664220988] [imu_filter]: Parameter RLController.pid_kd_lin set to 0.024565
[imu_filter_madgwick_node-3] [INFO] [1770703908.664294846] [imu_filter]: Parameter RLController.pid_kp_ang set to 1.230000
[imu_filter_madgwick_node-3] [INFO] [1770703908.664353343] [imu_filter]: Parameter RLController.pid_ki_ang set to 0.000000
[imu_filter_madgwick_node-3] [INFO] [1770703908.664410560] [imu_filter]: Parameter RLController.pid_kd_ang set to 0.100000
[imu_filter_madgwick_node-3] [INFO] [1770703909.080900879] [imu_filter]: Parameter RLController.pid_kp_lin set to 1.202327
[imu_filter_madgwick_node-3] [INFO] [1770703909.081108052] [imu_filter]: Parameter RLController.pid_ki_lin set to 0.000000
[imu_filter_madgwick_node-3] [INFO] [1770703909.081177110] [imu_filter]: Parameter RLController.pid_kd_lin set to 0.024454
[imu_filter_madgwick_node-3] [INFO] [1770703909.081234519] [imu_filter]: Parameter RLController.pid_kp_ang set to 1.230000
[imu_filter_madgwick_node-3] [INFO] [1770703909.081288248] [imu_filter]: Parameter RLController.pid_ki_ang set to 0.000000
[imu_filter_madgwick_node-3] [INFO] [1770703909.083604974] [imu_filter]: Parameter RLController.pid_kd_ang set to 0.100000
[imu_filter_madgwick_node-3] [INFO] [1770703909.501466429] [imu_filter]: Parameter RLController.pid_kp_lin set to 1.202327
[imu_filter_madgwick_node-3] [INFO] [1770703909.502401586] [imu_filter]: Parameter RLController.pid_ki_lin set to 0.000000
[imu_filter_madgwick_node-3] [INFO] [1770703909.502869725] [imu_filter]: Parameter RLController.pid_kd_lin set to 0.024342
[imu_filter_madgwick_node-3] [INFO] [1770703909.503045601] [imu_filter]: Parameter RLController.pid_kp_ang set to 1.230000
[imu_filter_madgwick_node-3] [INFO] [1770703909.503118467] [imu_filter]: Parameter RLController.pid_ki_ang set to 0.000000
[imu_filter_madgwick_node-3] [INFO] [1770703909.503231974] [imu_filter]: Parameter RLController.pid_kd_ang set to 0.100000
[imu_filter_madgwick_node-3] [INFO] [1770703909.914099826] [imu_filter]: Parameter RLController.pid_kp_lin set to 1.202327
[imu_filter_madgwick_node-3] [INFO] [1770703909.918819328] [imu_filter]: Parameter RLController.pid_ki_lin set to 0.000000
[imu_filter_madgwick_node-3] [INFO] [1770703909.919130023] [imu_filter]: Parameter RLController.pid_kd_lin set to 0.024230
[imu_filter_madgwick_node-3] [INFO] [1770703909.919229065] [imu_filter]: Parameter RLController.pid_kp_ang set to 1.230000
[imu_filter_madgwick_node-3] [INFO] [1770703909.919292715] [imu_filter]: Parameter RLController.pid_ki_ang set to 0.000000
[imu_filter_madgwick_node-3] [INFO] [1770703909.919347020] [imu_filter]: Parameter RLController.pid_kd_ang set to 0.100000
[imu_filter_madgwick_node-3] [INFO] [1770703910.337141689] [imu_filter]: Parameter RLController.pid_kp_lin set to 1.202327
[imu_filter_madgwick_node-3] [INFO] [1770703910.337499265] [imu_filter]: Parameter RLController.pid_ki_lin set to 0.000000
[imu_filter_madgwick_node-3] [INFO] [1770703910.337631268] [imu_filter]: Parameter RLController.pid_kd_lin set to 0.024119
[imu_filter_madgwick_node-3] [INFO] [1770703910.337698086] [imu_filter]: Parameter RLController.pid_kp_ang set to 1.230000
[imu_filter_madgwick_node-3] [INFO] [1770703910.337754023] [imu_filter]: Parameter RLController.pid_ki_ang set to 0.000000
[imu_filter_madgwick_node-3] [INFO] [1770703910.337806280] [imu_filter]: Parameter RLController.pid_kd_ang set to 0.100000
[imu_filter_madgwick_node-3] [INFO] [1770703910.764753322] [imu_filter]: Parameter RLController.pid_kp_lin set to 1.202327
[imu_filter_madgwick_node-3] [INFO] [1770703910.767867091] [imu_filter]: Parameter RLController.pid_ki_lin set to 0.000000
[imu_filter_madgwick_node-3] [INFO] [1770703910.768058679] [imu_filter]: Parameter RLController.pid_kd_lin set to 0.024007
[imu_filter_madgwick_node-3] [INFO] [1770703910.768290716] [imu_filter]: Parameter RLController.pid_kp_ang set to 1.230000
[imu_filter_madgwick_node-3] [INFO] [1770703910.768402847] [imu_filter]: Parameter RLController.pid_ki_ang set to 0.000000
[imu_filter_madgwick_node-3] [INFO] [1770703910.768463744] [imu_filter]: Parameter RLController.pid_kd_ang set to 0.100000
[imu_filter_madgwick_node-3] [INFO] [1770703911.188845322] [imu_filter]: Parameter RLController.pid_kp_lin set to 1.202327
[imu_filter_madgwick_node-3] [INFO] [1770703911.189190290] [imu_filter]: Parameter RLController.pid_ki_lin set to 0.000000
[imu_filter_madgwick_node-3] [INFO] [1770703911.189307700] [imu_filter]: Parameter RLController.pid_kd_lin set to 0.023896
[imu_filter_madgwick_node-3] [INFO] [1770703911.189381078] [imu_filter]: Parameter RLController.pid_kp_ang set to 1.230000
[imu_filter_madgwick_node-3] [INFO] [1770703911.189440248] [imu_filter]: Parameter RLController.pid_ki_ang set to 0.000000
[imu_filter_madgwick_node-3] [INFO] [1770703911.189493273] [imu_filter]: Parameter RLController.pid_kd_ang set to 0.100000
[imu_filter_madgwick_node-3] [INFO] [1770703911.608836362] [imu_filter]: Parameter RLController.pid_kp_lin set to 1.202327
[imu_filter_madgwick_node-3] [INFO] [1770703911.609167474] [imu_filter]: Parameter RLController.pid_ki_lin set to 0.000000
[imu_filter_madgwick_node-3] [INFO] [1770703911.609279284] [imu_filter]: Parameter RLController.pid_kd_lin set to 0.023784
[imu_filter_madgwick_node-3] [INFO] [1770703911.609346326] [imu_filter]: Parameter RLController.pid_kp_ang set to 1.230000
[imu_filter_madgwick_node-3] [INFO] [1770703911.609402263] [imu_filter]: Parameter RLController.pid_ki_ang set to 0.000000
[imu_filter_madgwick_node-3] [INFO] [1770703911.609455672] [imu_filter]: Parameter RLController.pid_kd_ang set to 0.100000
[imu_filter_madgwick_node-3] [INFO] [1770703912.020860561] [imu_filter]: Parameter RLController.pid_kp_lin set to 1.202327
[imu_filter_madgwick_node-3] [INFO] [1770703912.023537647] [imu_filter]: Parameter RLController.pid_ki_lin set to 0.000000
[imu_filter_madgwick_node-3] [INFO] [1770703912.023882135] [imu_filter]: Parameter RLController.pid_kd_lin set to 0.023673
[imu_filter_madgwick_node-3] [INFO] [1770703912.023970617] [imu_filter]: Parameter RLController.pid_kp_ang set to 1.230000
[imu_filter_madgwick_node-3] [INFO] [1770703912.024034587] [imu_filter]: Parameter RLController.pid_ki_ang set to 0.000000
[imu_filter_madgwick_node-3] [INFO] [1770703912.024094396] [imu_filter]: Parameter RLController.pid_kd_ang set to 0.100000
[imu_filter_madgwick_node-3] [INFO] [1770703912.443526447] [imu_filter]: Parameter RLController.pid_kp_lin set to 1.202327
[imu_filter_madgwick_node-3] [INFO] [1770703912.446013609] [imu_filter]: Parameter RLController.pid_ki_lin set to 0.000000
[imu_filter_madgwick_node-3] [INFO] [1770703912.446347697] [imu_filter]: Parameter RLController.pid_kd_lin set to 0.023561
[imu_filter_madgwick_node-3] [INFO] [1770703912.446429587] [imu_filter]: Parameter RLController.pid_kp_ang set to 1.230000
[imu_filter_madgwick_node-3] [INFO] [1770703912.446491124] [imu_filter]: Parameter RLController.pid_ki_ang set to 0.000000
[imu_filter_madgwick_node-3] [INFO] [1770703912.446548117] [imu_filter]: Parameter RLController.pid_kd_ang set to 0.100000
[imu_filter_madgwick_node-3] [INFO] [1770703912.879937037] [imu_filter]: Parameter RLController.pid_kp_lin set to 1.202327
[imu_filter_madgwick_node-3] [INFO] [1770703912.880146450] [imu_filter]: Parameter RLController.pid_ki_lin set to 0.000000
[imu_filter_madgwick_node-3] [INFO] [1770703912.880244916] [imu_filter]: Parameter RLController.pid_kd_lin set to 0.023450
[imu_filter_madgwick_node-3] [INFO] [1770703912.880426264] [imu_filter]: Parameter RLController.pid_kp_ang set to 1.230000
[imu_filter_madgwick_node-3] [INFO] [1770703912.880485242] [imu_filter]: Parameter RLController.pid_ki_ang set to 0.000000
[imu_filter_madgwick_node-3] [INFO] [1770703912.880545627] [imu_filter]: Parameter RLController.pid_kd_ang set to 0.100000
[imu_filter_madgwick_node-3] [INFO] [1770703913.296344122] [imu_filter]: Parameter RLController.pid_kp_lin set to 1.202327
[imu_filter_madgwick_node-3] [INFO] [1770703913.296552063] [imu_filter]: Parameter RLController.pid_ki_lin set to 0.000000
[imu_filter_madgwick_node-3] [INFO] [1770703913.299804202] [imu_filter]: Parameter RLController.pid_kd_lin set to 0.023338
[imu_filter_madgwick_node-3] [INFO] [1770703913.305275337] [imu_filter]: Parameter RLController.pid_kp_ang set to 1.230000
[imu_filter_madgwick_node-3] [INFO] [1770703913.311080176] [imu_filter]: Parameter RLController.pid_ki_ang set to 0.000000
[imu_filter_madgwick_node-3] [INFO] [1770703913.312909115] [imu_filter]: Parameter RLController.pid_kd_ang set to 0.100000
[imu_filter_madgwick_node-3] [INFO] [1770703913.715875823] [imu_filter]: Parameter RLController.pid_kp_lin set to 1.202327
[imu_filter_madgwick_node-3] [INFO] [1770703913.716056499] [imu_filter]: Parameter RLController.pid_ki_lin set to 0.000000
[imu_filter_madgwick_node-3] [INFO] [1770703913.716120757] [imu_filter]: Parameter RLController.pid_kd_lin set to 0.023227
[imu_filter_madgwick_node-3] [INFO] [1770703913.716206775] [imu_filter]: Parameter RLController.pid_kp_ang set to 1.230000
[imu_filter_madgwick_node-3] [INFO] [1770703913.716269016] [imu_filter]: Parameter RLController.pid_ki_ang set to 0.000000
[imu_filter_madgwick_node-3] [INFO] [1770703913.716325018] [imu_filter]: Parameter RLController.pid_kd_ang set to 0.100000
[imu_filter_madgwick_node-3] [INFO] [1770703914.155989443] [imu_filter]: Parameter RLController.pid_kp_lin set to 1.202327
[imu_filter_madgwick_node-3] [INFO] [1770703914.156298890] [imu_filter]: Parameter RLController.pid_ki_lin set to 0.000000
[imu_filter_madgwick_node-3] [INFO] [1770703914.156386316] [imu_filter]: Parameter RLController.pid_kd_lin set to 0.023115
[imu_filter_madgwick_node-3] [INFO] [1770703914.156529808] [imu_filter]: Parameter RLController.pid_kp_ang set to 1.230000
[imu_filter_madgwick_node-3] [INFO] [1770703914.156597041] [imu_filter]: Parameter RLController.pid_ki_ang set to 0.000000
[imu_filter_madgwick_node-3] [INFO] [1770703914.156710452] [imu_filter]: Parameter RLController.pid_kd_ang set to 0.100000
[imu_filter_madgwick_node-3] [INFO] [1770703914.571569181] [imu_filter]: Parameter RLController.pid_kp_lin set to 1.202327
[imu_filter_madgwick_node-3] [INFO] [1770703914.571792194] [imu_filter]: Parameter RLController.pid_ki_lin set to 0.000000
[imu_filter_madgwick_node-3] [INFO] [1770703914.571880516] [imu_filter]: Parameter RLController.pid_kd_lin set to 0.023003
[imu_filter_madgwick_node-3] [INFO] [1770703914.571957350] [imu_filter]: Parameter RLController.pid_kp_ang set to 1.230000
[imu_filter_madgwick_node-3] [INFO] [1770703914.572016263] [imu_filter]: Parameter RLController.pid_ki_ang set to 0.000000
[imu_filter_madgwick_node-3] [INFO] [1770703914.572074056] [imu_filter]: Parameter RLController.pid_kd_ang set to 0.100000
[imu_filter_madgwick_node-3] [INFO] [1770703914.991631775] [imu_filter]: Parameter RLController.pid_kp_lin set to 1.202327
[imu_filter_madgwick_node-3] [INFO] [1770703914.991829955] [imu_filter]: Parameter RLController.pid_ki_lin set to 0.000000
[imu_filter_madgwick_node-3] [INFO] [1770703914.991899077] [imu_filter]: Parameter RLController.pid_kd_lin set to 0.022892
[imu_filter_madgwick_node-3] [INFO] [1770703914.991959366] [imu_filter]: Parameter RLController.pid_kp_ang set to 1.230000
[imu_filter_madgwick_node-3] [INFO] [1770703914.992015111] [imu_filter]: Parameter RLController.pid_ki_ang set to 0.000000
[imu_filter_madgwick_node-3] [INFO] [1770703914.992071113] [imu_filter]: Parameter RLController.pid_kd_ang set to 0.100000
[imu_filter_madgwick_node-3] [INFO] [1770703915.419110413] [imu_filter]: Parameter RLController.pid_kp_lin set to 1.202327
[imu_filter_madgwick_node-3] [INFO] [1770703915.419349298] [imu_filter]: Parameter RLController.pid_ki_lin set to 0.000000
[imu_filter_madgwick_node-3] [INFO] [1770703915.419551927] [imu_filter]: Parameter RLController.pid_kd_lin set to 0.022780
[imu_filter_madgwick_node-3] [INFO] [1770703915.424075136] [imu_filter]: Parameter RLController.pid_kp_ang set to 1.230000
[imu_filter_madgwick_node-3] [INFO] [1770703915.424330694] [imu_filter]: Parameter RLController.pid_ki_ang set to 0.000000
[imu_filter_madgwick_node-3] [INFO] [1770703915.424402120] [imu_filter]: Parameter RLController.pid_kd_ang set to 0.100000
[imu_filter_madgwick_node-3] [INFO] [1770703915.845849482] [imu_filter]: Parameter RLController.pid_kp_lin set to 1.202327
[imu_filter_madgwick_node-3] [INFO] [1770703915.846051566] [imu_filter]: Parameter RLController.pid_ki_lin set to 0.000000
[imu_filter_madgwick_node-3] [INFO] [1770703915.847612819] [imu_filter]: Parameter RLController.pid_kd_lin set to 0.022669
[imu_filter_madgwick_node-3] [INFO] [1770703915.847752822] [imu_filter]: Parameter RLController.pid_kp_ang set to 1.230000
[imu_filter_madgwick_node-3] [INFO] [1770703915.847889945] [imu_filter]: Parameter RLController.pid_ki_ang set to 0.000000
[imu_filter_madgwick_node-3] [INFO] [1770703915.847962363] [imu_filter]: Parameter RLController.pid_kd_ang set to 0.100000
[imu_filter_madgwick_node-3] [INFO] [1770703916.260348490] [imu_filter]: Parameter RLController.pid_kp_lin set to 1.202327
[imu_filter_madgwick_node-3] [INFO] [1770703916.260692082] [imu_filter]: Parameter RLController.pid_ki_lin set to 0.000000
[imu_filter_madgwick_node-3] [INFO] [1770703916.262257847] [imu_filter]: Parameter RLController.pid_kd_lin set to 0.022557
[imu_filter_madgwick_node-3] [INFO] [1770703916.262461947] [imu_filter]: Parameter RLController.pid_kp_ang set to 1.230000
[imu_filter_madgwick_node-3] [INFO] [1770703916.262525149] [imu_filter]: Parameter RLController.pid_ki_ang set to 0.000000
[imu_filter_madgwick_node-3] [INFO] [1770703916.262572958] [imu_filter]: Parameter RLController.pid_kd_ang set to 0.100000
[imu_filter_madgwick_node-3] [INFO] [1770703916.676753143] [imu_filter]: Parameter RLController.pid_kp_lin set to 1.202327
[imu_filter_madgwick_node-3] [INFO] [1770703916.676939131] [imu_filter]: Parameter RLController.pid_ki_lin set to 0.000000
[imu_filter_madgwick_node-3] [INFO] [1770703916.677006045] [imu_filter]: Parameter RLController.pid_kd_lin set to 0.022446
[imu_filter_madgwick_node-3] [INFO] [1770703916.677067198] [imu_filter]: Parameter RLController.pid_kp_ang set to 1.230000
[imu_filter_madgwick_node-3] [INFO] [1770703916.677117408] [imu_filter]: Parameter RLController.pid_ki_ang set to 0.000000
[imu_filter_madgwick_node-3] [INFO] [1770703916.679095373] [imu_filter]: Parameter RLController.pid_kd_ang set to 0.100000
[imu_filter_madgwick_node-3] [INFO] [1770703917.093479147] [imu_filter]: Parameter RLController.pid_kp_lin set to 1.202327
[imu_filter_madgwick_node-3] [INFO] [1770703917.093831188] [imu_filter]: Parameter RLController.pid_ki_lin set to 0.000000
[imu_filter_madgwick_node-3] [INFO] [1770703917.093922870] [imu_filter]: Parameter RLController.pid_kd_lin set to 0.022334
[imu_filter_madgwick_node-3] [INFO] [1770703917.093987575] [imu_filter]: Parameter RLController.pid_kp_ang set to 1.230000
[imu_filter_madgwick_node-3] [INFO] [1770703917.094279390] [imu_filter]: Parameter RLController.pid_ki_ang set to 0.000000
[imu_filter_madgwick_node-3] [INFO] [1770703917.094356800] [imu_filter]: Parameter RLController.pid_kd_ang set to 0.100000
[imu_filter_madgwick_node-3] [INFO] [1770703917.511257848] [imu_filter]: Parameter RLController.pid_kp_lin set to 1.202327
[imu_filter_madgwick_node-3] [INFO] [1770703917.511905191] [imu_filter]: Parameter RLController.pid_ki_lin set to 0.000000
[imu_filter_madgwick_node-3] [INFO] [1770703917.512019946] [imu_filter]: Parameter RLController.pid_kd_lin set to 0.022223
[imu_filter_madgwick_node-3] [INFO] [1770703917.512086283] [imu_filter]: Parameter RLController.pid_kp_ang set to 1.230000
[imu_filter_madgwick_node-3] [INFO] [1770703917.512141997] [imu_filter]: Parameter RLController.pid_ki_ang set to 0.000000
[imu_filter_madgwick_node-3] [INFO] [1770703917.512215566] [imu_filter]: Parameter RLController.pid_kd_ang set to 0.100000
[imu_filter_madgwick_node-3] [INFO] [1770703917.934288863] [imu_filter]: Parameter RLController.pid_kp_lin set to 1.202327
[imu_filter_madgwick_node-3] [INFO] [1770703917.934495428] [imu_filter]: Parameter RLController.pid_ki_lin set to 0.000000
[imu_filter_madgwick_node-3] [INFO] [1770703917.938688517] [imu_filter]: Parameter RLController.pid_kd_lin set to 0.022111
[imu_filter_madgwick_node-3] [INFO] [1770703917.938890826] [imu_filter]: Parameter RLController.pid_kp_ang set to 1.230000
[imu_filter_madgwick_node-3] [INFO] [1770703917.938969548] [imu_filter]: Parameter RLController.pid_ki_ang set to 0.000000
[imu_filter_madgwick_node-3] [INFO] [1770703917.939043693] [imu_filter]: Parameter RLController.pid_kd_ang set to 0.100000
[imu_filter_madgwick_node-3] [INFO] [1770703918.352125709] [imu_filter]: Parameter RLController.pid_kp_lin set to 1.202327
[imu_filter_madgwick_node-3] [INFO] [1770703918.352388883] [imu_filter]: Parameter RLController.pid_ki_lin set to 0.000000
[imu_filter_madgwick_node-3] [INFO] [1770703918.352464181] [imu_filter]: Parameter RLController.pid_kd_lin set to 0.022000
[imu_filter_madgwick_node-3] [INFO] [1770703918.352525846] [imu_filter]: Parameter RLController.pid_kp_ang set to 1.230000
[imu_filter_madgwick_node-3] [INFO] [1770703918.352583160] [imu_filter]: Parameter RLController.pid_ki_ang set to 0.000000
[imu_filter_madgwick_node-3] [INFO] [1770703918.352639321] [imu_filter]: Parameter RLController.pid_kd_ang set to 0.100000
[imu_filter_madgwick_node-3] [INFO] [1770703918.781729453] [imu_filter]: Parameter RLController.pid_kp_lin set to 1.202327
[imu_filter_madgwick_node-3] [INFO] [1770703918.781924657] [imu_filter]: Parameter RLController.pid_ki_lin set to 0.000000
[imu_filter_madgwick_node-3] [INFO] [1770703918.781993331] [imu_filter]: Parameter RLController.pid_kd_lin set to 0.021888
[imu_filter_madgwick_node-3] [INFO] [1770703918.782051636] [imu_filter]: Parameter RLController.pid_kp_ang set to 1.230000
[imu_filter_madgwick_node-3] [INFO] [1770703918.786404537] [imu_filter]: Parameter RLController.pid_ki_ang set to 0.000000
[imu_filter_madgwick_node-3] [INFO] [1770703918.786725985] [imu_filter]: Parameter RLController.pid_kd_ang set to 0.100000
[imu_filter_madgwick_node-3] [INFO] [1770703919.204429228] [imu_filter]: Parameter RLController.pid_kp_lin set to 1.202327
[imu_filter_madgwick_node-3] [INFO] [1770703919.212969778] [imu_filter]: Parameter RLController.pid_ki_lin set to 0.000000
[imu_filter_madgwick_node-3] [INFO] [1770703919.213331611] [imu_filter]: Parameter RLController.pid_kd_lin set to 0.021777
[imu_filter_madgwick_node-3] [INFO] [1770703919.213498302] [imu_filter]: Parameter RLController.pid_kp_ang set to 1.230000
[imu_filter_madgwick_node-3] [INFO] [1770703919.213594945] [imu_filter]: Parameter RLController.pid_ki_ang set to 0.000000
[imu_filter_madgwick_node-3] [INFO] [1770703919.213660162] [imu_filter]: Parameter RLController.pid_kd_ang set to 0.100000
[imu_filter_madgwick_node-3] [INFO] [1770703919.619479577] [imu_filter]: Parameter RLController.pid_kp_lin set to 1.202327
[imu_filter_madgwick_node-3] [INFO] [1770703919.619784448] [imu_filter]: Parameter RLController.pid_ki_lin set to 0.000000
[imu_filter_madgwick_node-3] [INFO] [1770703919.619861538] [imu_filter]: Parameter RLController.pid_kd_lin set to 0.021665
[imu_filter_madgwick_node-3] [INFO] [1770703919.619925955] [imu_filter]: Parameter RLController.pid_kp_ang set to 1.230000
[imu_filter_madgwick_node-3] [INFO] [1770703919.619981285] [imu_filter]: Parameter RLController.pid_ki_ang set to 0.000000
[imu_filter_madgwick_node-3] [INFO] [1770703919.620034854] [imu_filter]: Parameter RLController.pid_kd_ang set to 0.100000
[imu_filter_madgwick_node-3] [INFO] [1770703920.045603816] [imu_filter]: Parameter RLController.pid_kp_lin set to 1.202327
[imu_filter_madgwick_node-3] [INFO] [1770703920.045822637] [imu_filter]: Parameter RLController.pid_ki_lin set to 0.000000
[imu_filter_madgwick_node-3] [INFO] [1770703920.045887566] [imu_filter]: Parameter RLController.pid_kd_lin set to 0.021553
[imu_filter_madgwick_node-3] [INFO] [1770703920.045945680] [imu_filter]: Parameter RLController.pid_kp_ang set to 1.230000
[imu_filter_madgwick_node-3] [INFO] [1770703920.045997553] [imu_filter]: Parameter RLController.pid_ki_ang set to 0.000000
[imu_filter_madgwick_node-3] [INFO] [1770703920.046048658] [imu_filter]: Parameter RLController.pid_kd_ang set to 0.100000
[imu_filter_madgwick_node-3] [INFO] [1770703920.459519003] [imu_filter]: Parameter RLController.pid_kp_lin set to 1.202327
[imu_filter_madgwick_node-3] [INFO] [1770703920.459732704] [imu_filter]: Parameter RLController.pid_ki_lin set to 0.000000
[imu_filter_madgwick_node-3] [INFO] [1770703920.463898816] [imu_filter]: Parameter RLController.pid_kd_lin set to 0.021442
[imu_filter_madgwick_node-3] [INFO] [1770703920.464238728] [imu_filter]: Parameter RLController.pid_kp_ang set to 1.230000
[imu_filter_madgwick_node-3] [INFO] [1770703920.464354123] [imu_filter]: Parameter RLController.pid_ki_ang set to 0.000000
[imu_filter_madgwick_node-3] [INFO] [1770703920.464418445] [imu_filter]: Parameter RLController.pid_kd_ang set to 0.100000
[imu_filter_madgwick_node-3] [INFO] [1770703920.876167853] [imu_filter]: Parameter RLController.pid_kp_lin set to 1.202327
[imu_filter_madgwick_node-3] [INFO] [1770703920.876544982] [imu_filter]: Parameter RLController.pid_ki_lin set to 0.000000
[imu_filter_madgwick_node-3] [INFO] [1770703920.876640728] [imu_filter]: Parameter RLController.pid_kd_lin set to 0.021330
[imu_filter_madgwick_node-3] [INFO] [1770703920.876707162] [imu_filter]: Parameter RLController.pid_kp_ang set to 1.230000
[imu_filter_madgwick_node-3] [INFO] [1770703920.876772827] [imu_filter]: Parameter RLController.pid_ki_ang set to 0.000000
[imu_filter_madgwick_node-3] [INFO] [1770703920.879109746] [imu_filter]: Parameter RLController.pid_kd_ang set to 0.100000
[imu_filter_madgwick_node-3] [INFO] [1770703921.295200119] [imu_filter]: Parameter RLController.pid_kp_lin set to 1.202327
[imu_filter_madgwick_node-3] [INFO] [1770703921.299089713] [imu_filter]: Parameter RLController.pid_ki_lin set to 0.000000
[imu_filter_madgwick_node-3] [INFO] [1770703921.299299606] [imu_filter]: Parameter RLController.pid_kd_lin set to 0.021219
[imu_filter_madgwick_node-3] [INFO] [1770703921.299367928] [imu_filter]: Parameter RLController.pid_kp_ang set to 1.230000
[imu_filter_madgwick_node-3] [INFO] [1770703921.299424889] [imu_filter]: Parameter RLController.pid_ki_ang set to 0.000000
[imu_filter_madgwick_node-3] [INFO] [1770703921.299479930] [imu_filter]: Parameter RLController.pid_kd_ang set to 0.100000
[imu_filter_madgwick_node-3] [INFO] [1770703921.710382087] [imu_filter]: Parameter RLController.pid_kp_lin set to 1.202327
[imu_filter_madgwick_node-3] [INFO] [1770703921.714061373] [imu_filter]: Parameter RLController.pid_ki_lin set to 0.000000
[imu_filter_madgwick_node-3] [INFO] [1770703921.714403845] [imu_filter]: Parameter RLController.pid_kd_lin set to 0.021107
[imu_filter_madgwick_node-3] [INFO] [1770703921.714478247] [imu_filter]: Parameter RLController.pid_kp_ang set to 1.230000
[imu_filter_madgwick_node-3] [INFO] [1770703921.714535976] [imu_filter]: Parameter RLController.pid_ki_ang set to 0.000000
[imu_filter_madgwick_node-3] [INFO] [1770703921.714588937] [imu_filter]: Parameter RLController.pid_kd_ang set to 0.100000
[imu_filter_madgwick_node-3] [INFO] [1770703922.132011822] [imu_filter]: Parameter RLController.pid_kp_lin set to 1.202327
[imu_filter_madgwick_node-3] [INFO] [1770703922.133426575] [imu_filter]: Parameter RLController.pid_ki_lin set to 0.000000
[imu_filter_madgwick_node-3] [INFO] [1770703922.133592626] [imu_filter]: Parameter RLController.pid_kd_lin set to 0.020996
[imu_filter_madgwick_node-3] [INFO] [1770703922.133662324] [imu_filter]: Parameter RLController.pid_kp_ang set to 1.230000
[imu_filter_madgwick_node-3] [INFO] [1770703922.133718517] [imu_filter]: Parameter RLController.pid_ki_ang set to 0.000000
[imu_filter_madgwick_node-3] [INFO] [1770703922.133772279] [imu_filter]: Parameter RLController.pid_kd_ang set to 0.100000
[imu_filter_madgwick_node-3] [INFO] [1770703922.551284125] [imu_filter]: Parameter RLController.pid_kp_lin set to 1.202327
[imu_filter_madgwick_node-3] [INFO] [1770703922.551477698] [imu_filter]: Parameter RLController.pid_ki_lin set to 0.000000
[imu_filter_madgwick_node-3] [INFO] [1770703922.551545283] [imu_filter]: Parameter RLController.pid_kd_lin set to 0.020884
[imu_filter_madgwick_node-3] [INFO] [1770703922.551602597] [imu_filter]: Parameter RLController.pid_kp_ang set to 1.230000
[imu_filter_madgwick_node-3] [INFO] [1770703922.551658982] [imu_filter]: Parameter RLController.pid_ki_ang set to 0.000000
[imu_filter_madgwick_node-3] [INFO] [1770703922.551714567] [imu_filter]: Parameter RLController.pid_kd_ang set to 0.100000
[imu_filter_madgwick_node-3] [INFO] [1770703922.975789094] [imu_filter]: Parameter RLController.pid_kp_lin set to 1.202327
[imu_filter_madgwick_node-3] [INFO] [1770703922.976704571] [imu_filter]: Parameter RLController.pid_ki_lin set to 0.000000
[imu_filter_madgwick_node-3] [INFO] [1770703922.976831550] [imu_filter]: Parameter RLController.pid_kd_lin set to 0.020773
[imu_filter_madgwick_node-3] [INFO] [1770703922.976898688] [imu_filter]: Parameter RLController.pid_kp_ang set to 1.230000
[imu_filter_madgwick_node-3] [INFO] [1770703922.976953249] [imu_filter]: Parameter RLController.pid_ki_ang set to 0.000000
[imu_filter_madgwick_node-3] [INFO] [1770703922.977004962] [imu_filter]: Parameter RLController.pid_kd_ang set to 0.100000
[imu_filter_madgwick_node-3] [INFO] [1770703923.398859918] [imu_filter]: Parameter RLController.pid_kp_lin set to 1.202327
[imu_filter_madgwick_node-3] [INFO] [1770703923.401035104] [imu_filter]: Parameter RLController.pid_ki_lin set to 0.000000
[imu_filter_madgwick_node-3] [INFO] [1770703923.401301575] [imu_filter]: Parameter RLController.pid_kd_lin set to 0.020661
[imu_filter_madgwick_node-3] [INFO] [1770703923.401390473] [imu_filter]: Parameter RLController.pid_kp_ang set to 1.230000
[imu_filter_madgwick_node-3] [INFO] [1770703923.403695166] [imu_filter]: Parameter RLController.pid_ki_ang set to 0.000000
[imu_filter_madgwick_node-3] [INFO] [1770703923.403857538] [imu_filter]: Parameter RLController.pid_kd_ang set to 0.100000
[imu_filter_madgwick_node-3] [INFO] [1770703923.816543128] [imu_filter]: Parameter RLController.pid_kp_lin set to 1.202327
[imu_filter_madgwick_node-3] [INFO] [1770703923.816746269] [imu_filter]: Parameter RLController.pid_ki_lin set to 0.000000
[imu_filter_madgwick_node-3] [INFO] [1770703923.816809823] [imu_filter]: Parameter RLController.pid_kd_lin set to 0.020550
[imu_filter_madgwick_node-3] [INFO] [1770703923.816868160] [imu_filter]: Parameter RLController.pid_kp_ang set to 1.230000
[imu_filter_madgwick_node-3] [INFO] [1770703923.816922913] [imu_filter]: Parameter RLController.pid_ki_ang set to 0.000000
[imu_filter_madgwick_node-3] [INFO] [1770703923.816975811] [imu_filter]: Parameter RLController.pid_kd_ang set to 0.100000
[imu_filter_madgwick_node-3] [INFO] [1770703924.241165828] [imu_filter]: Parameter RLController.pid_kp_lin set to 1.202327
[imu_filter_madgwick_node-3] [INFO] [1770703924.241392266] [imu_filter]: Parameter RLController.pid_ki_lin set to 0.000000
[imu_filter_madgwick_node-3] [INFO] [1770703924.241463371] [imu_filter]: Parameter RLController.pid_kd_lin set to 0.020451
[imu_filter_madgwick_node-3] [INFO] [1770703924.241524941] [imu_filter]: Parameter RLController.pid_kp_ang set to 1.230000
[imu_filter_madgwick_node-3] [INFO] [1770703924.241580334] [imu_filter]: Parameter RLController.pid_ki_ang set to 0.000000
[imu_filter_madgwick_node-3] [INFO] [1770703924.241634031] [imu_filter]: Parameter RLController.pid_kd_ang set to 0.100000
[imu_filter_madgwick_node-3] [INFO] [1770703924.656676476] [imu_filter]: Parameter RLController.pid_kp_lin set to 1.202327
[imu_filter_madgwick_node-3] [INFO] [1770703924.656877857] [imu_filter]: Parameter RLController.pid_ki_lin set to 0.000000
[imu_filter_madgwick_node-3] [INFO] [1770703924.657083718] [imu_filter]: Parameter RLController.pid_kd_lin set to 0.020370
[imu_filter_madgwick_node-3] [INFO] [1770703924.657152519] [imu_filter]: Parameter RLController.pid_kp_ang set to 1.230000
[imu_filter_madgwick_node-3] [INFO] [1770703924.657210057] [imu_filter]: Parameter RLController.pid_ki_ang set to 0.000000
[imu_filter_madgwick_node-3] [INFO] [1770703924.657265098] [imu_filter]: Parameter RLController.pid_kd_ang set to 0.100000
[imu_filter_madgwick_node-3] [INFO] [1770703925.072459291] [imu_filter]: Parameter RLController.pid_kp_lin set to 1.202327
[imu_filter_madgwick_node-3] [INFO] [1770703925.072674592] [imu_filter]: Parameter RLController.pid_ki_lin set to 0.000000
[imu_filter_madgwick_node-3] [INFO] [1770703925.072741665] [imu_filter]: Parameter RLController.pid_kd_lin set to 0.020303
[imu_filter_madgwick_node-3] [INFO] [1770703925.072915237] [imu_filter]: Parameter RLController.pid_kp_ang set to 1.230000
[imu_filter_madgwick_node-3] [INFO] [1770703925.072973671] [imu_filter]: Parameter RLController.pid_ki_ang set to 0.000000
[imu_filter_madgwick_node-3] [INFO] [1770703925.073027080] [imu_filter]: Parameter RLController.pid_kd_ang set to 0.100000
[imu_filter_madgwick_node-3] [INFO] [1770703925.488856423] [imu_filter]: Parameter RLController.pid_kp_lin set to 1.202327
[imu_filter_madgwick_node-3] [INFO] [1770703925.489012683] [imu_filter]: Parameter RLController.pid_ki_lin set to 0.000000
[imu_filter_madgwick_node-3] [INFO] [1770703925.489078828] [imu_filter]: Parameter RLController.pid_kd_lin set to 0.020249
[imu_filter_madgwick_node-3] [INFO] [1770703925.489138478] [imu_filter]: Parameter RLController.pid_kp_ang set to 1.230000
[imu_filter_madgwick_node-3] [INFO] [1770703925.489193263] [imu_filter]: Parameter RLController.pid_ki_ang set to 0.000000
[imu_filter_madgwick_node-3] [INFO] [1770703925.489248944] [imu_filter]: Parameter RLController.pid_kd_ang set to 0.100000
[imu_filter_madgwick_node-3] [INFO] [1770703925.901319609] [imu_filter]: Parameter RLController.pid_kp_lin set to 1.202327
[imu_filter_madgwick_node-3] [INFO] [1770703925.901507869] [imu_filter]: Parameter RLController.pid_ki_lin set to 0.000000
[imu_filter_madgwick_node-3] [INFO] [1770703925.901576255] [imu_filter]: Parameter RLController.pid_kd_lin set to 0.020204
[imu_filter_madgwick_node-3] [INFO] [1770703925.901636512] [imu_filter]: Parameter RLController.pid_kp_ang set to 1.230000
[imu_filter_madgwick_node-3] [INFO] [1770703925.901693185] [imu_filter]: Parameter RLController.pid_ki_ang set to 0.000000
[imu_filter_madgwick_node-3] [INFO] [1770703925.901745506] [imu_filter]: Parameter RLController.pid_kd_ang set to 0.100000
[imu_filter_madgwick_node-3] [INFO] [1770703926.325867043] [imu_filter]: Parameter RLController.pid_kp_lin set to 1.202327
[imu_filter_madgwick_node-3] [INFO] [1770703926.326081992] [imu_filter]: Parameter RLController.pid_ki_lin set to 0.000000
[imu_filter_madgwick_node-3] [INFO] [1770703926.326157449] [imu_filter]: Parameter RLController.pid_kd_lin set to 0.020167
[imu_filter_madgwick_node-3] [INFO] [1770703926.326215531] [imu_filter]: Parameter RLController.pid_kp_ang set to 1.230000
[imu_filter_madgwick_node-3] [INFO] [1770703926.326648533] [imu_filter]: Parameter RLController.pid_ki_ang set to 0.000000
[imu_filter_madgwick_node-3] [INFO] [1770703926.326716854] [imu_filter]: Parameter RLController.pid_kd_ang set to 0.100000
[imu_filter_madgwick_node-3] [INFO] [1770703926.740567720] [imu_filter]: Parameter RLController.pid_kp_lin set to 1.202327
[imu_filter_madgwick_node-3] [INFO] [1770703926.741363802] [imu_filter]: Parameter RLController.pid_ki_lin set to 0.000000
[imu_filter_madgwick_node-3] [INFO] [1770703926.741502526] [imu_filter]: Parameter RLController.pid_kd_lin set to 0.020137
[imu_filter_madgwick_node-3] [INFO] [1770703926.741571231] [imu_filter]: Parameter RLController.pid_kp_ang set to 1.230000
[imu_filter_madgwick_node-3] [INFO] [1770703926.741628992] [imu_filter]: Parameter RLController.pid_ki_ang set to 0.000000
[imu_filter_madgwick_node-3] [INFO] [1770703926.741685026] [imu_filter]: Parameter RLController.pid_kd_ang set to 0.100000
[imu_filter_madgwick_node-3] [INFO] [1770703927.166252364] [imu_filter]: Parameter RLController.pid_kp_lin set to 1.202327
[imu_filter_madgwick_node-3] [INFO] [1770703927.166463889] [imu_filter]: Parameter RLController.pid_ki_lin set to 0.000000
[imu_filter_madgwick_node-3] [INFO] [1770703927.166531763] [imu_filter]: Parameter RLController.pid_kd_lin set to 0.020112
[imu_filter_madgwick_node-3] [INFO] [1770703927.166588980] [imu_filter]: Parameter RLController.pid_kp_ang set to 1.230000
[imu_filter_madgwick_node-3] [INFO] [1770703927.166641173] [imu_filter]: Parameter RLController.pid_ki_ang set to 0.000000
[imu_filter_madgwick_node-3] [INFO] [1770703927.166690294] [imu_filter]: Parameter RLController.pid_kd_ang set to 0.100000
[imu_filter_madgwick_node-3] [INFO] [1770703927.585210196] [imu_filter]: Parameter RLController.pid_kp_lin set to 1.202327
[imu_filter_madgwick_node-3] [INFO] [1770703927.585425977] [imu_filter]: Parameter RLController.pid_ki_lin set to 0.000000
[imu_filter_madgwick_node-3] [INFO] [1770703927.585628894] [imu_filter]: Parameter RLController.pid_kd_lin set to 0.020092
[imu_filter_madgwick_node-3] [INFO] [1770703927.585727040] [imu_filter]: Parameter RLController.pid_kp_ang set to 1.230000
[imu_filter_madgwick_node-3] [INFO] [1770703927.585793506] [imu_filter]: Parameter RLController.pid_ki_ang set to 0.000000
[imu_filter_madgwick_node-3] [INFO] [1770703927.585851715] [imu_filter]: Parameter RLController.pid_kd_ang set to 0.100000
[imu_filter_madgwick_node-3] [INFO] [1770703928.001093589] [imu_filter]: Parameter RLController.pid_kp_lin set to 1.202327
[imu_filter_madgwick_node-3] [INFO] [1770703928.001309402] [imu_filter]: Parameter RLController.pid_ki_lin set to 0.000000
[imu_filter_madgwick_node-3] [INFO] [1770703928.001379324] [imu_filter]: Parameter RLController.pid_kd_lin set to 0.020076
[imu_filter_madgwick_node-3] [INFO] [1770703928.001439325] [imu_filter]: Parameter RLController.pid_kp_ang set to 1.230000
[imu_filter_madgwick_node-3] [INFO] [1770703928.001492222] [imu_filter]: Parameter RLController.pid_ki_ang set to 0.000000
[imu_filter_madgwick_node-3] [INFO] [1770703928.001663362] [imu_filter]: Parameter RLController.pid_kd_ang set to 0.100000
[imu_filter_madgwick_node-3] [INFO] [1770703928.421579617] [imu_filter]: Parameter RLController.pid_kp_lin set to 1.202327
[imu_filter_madgwick_node-3] [INFO] [1770703928.421857095] [imu_filter]: Parameter RLController.pid_ki_lin set to 0.000000
[imu_filter_madgwick_node-3] [INFO] [1770703928.421943177] [imu_filter]: Parameter RLController.pid_kd_lin set to 0.020062
[imu_filter_madgwick_node-3] [INFO] [1770703928.422004363] [imu_filter]: Parameter RLController.pid_kp_ang set to 1.230000
[imu_filter_madgwick_node-3] [INFO] [1770703928.422058892] [imu_filter]: Parameter RLController.pid_ki_ang set to 0.000000
[imu_filter_madgwick_node-3] [INFO] [1770703928.422111053] [imu_filter]: Parameter RLController.pid_kd_ang set to 0.100000
[imu_filter_madgwick_node-3] [INFO] [1770703928.836104514] [imu_filter]: Parameter RLController.pid_kp_lin set to 1.202327
[imu_filter_madgwick_node-3] [INFO] [1770703928.836356776] [imu_filter]: Parameter RLController.pid_ki_lin set to 0.000000
[imu_filter_madgwick_node-3] [INFO] [1770703928.836425993] [imu_filter]: Parameter RLController.pid_kd_lin set to 0.020051
[imu_filter_madgwick_node-3] [INFO] [1770703928.836487531] [imu_filter]: Parameter RLController.pid_kp_ang set to 1.230000
[imu_filter_madgwick_node-3] [INFO] [1770703928.836541132] [imu_filter]: Parameter RLController.pid_ki_ang set to 0.000000
[imu_filter_madgwick_node-3] [INFO] [1770703928.836592909] [imu_filter]: Parameter RLController.pid_kd_ang set to 0.100000
[imu_filter_madgwick_node-3] [INFO] [1770703929.270072711] [imu_filter]: Parameter RLController.pid_kp_lin set to 1.202327
[imu_filter_madgwick_node-3] [INFO] [1770703929.270287404] [imu_filter]: Parameter RLController.pid_ki_lin set to 0.000000
[imu_filter_madgwick_node-3] [INFO] [1770703929.270363150] [imu_filter]: Parameter RLController.pid_kd_lin set to 0.020042
[imu_filter_madgwick_node-3] [INFO] [1770703929.270427567] [imu_filter]: Parameter RLController.pid_kp_ang set to 1.230000
[imu_filter_madgwick_node-3] [INFO] [1770703929.270484400] [imu_filter]: Parameter RLController.pid_ki_ang set to 0.000000
[imu_filter_madgwick_node-3] [INFO] [1770703929.270538482] [imu_filter]: Parameter RLController.pid_kd_ang set to 0.100000
[imu_filter_madgwick_node-3] [INFO] [1770703929.679846746] [imu_filter]: Parameter RLController.pid_kp_lin set to 1.202327
[imu_filter_madgwick_node-3] [INFO] [1770703929.687258342] [imu_filter]: Parameter RLController.pid_ki_lin set to 0.000000
[imu_filter_madgwick_node-3] [INFO] [1770703929.687460779] [imu_filter]: Parameter RLController.pid_kd_lin set to 0.020034
[imu_filter_madgwick_node-3] [INFO] [1770703929.689374167] [imu_filter]: Parameter RLController.pid_kp_ang set to 1.230000
[imu_filter_madgwick_node-3] [INFO] [1770703929.689666654] [imu_filter]: Parameter RLController.pid_ki_ang set to 0.000000
[imu_filter_madgwick_node-3] [INFO] [1770703929.689749376] [imu_filter]: Parameter RLController.pid_kd_ang set to 0.100000
[imu_filter_madgwick_node-3] [INFO] [1770703930.094362875] [imu_filter]: Parameter RLController.pid_kp_lin set to 1.202327
[imu_filter_madgwick_node-3] [INFO] [1770703930.094584224] [imu_filter]: Parameter RLController.pid_ki_lin set to 0.000000
[imu_filter_madgwick_node-3] [INFO] [1770703930.094655681] [imu_filter]: Parameter RLController.pid_kd_lin set to 0.020028
[imu_filter_madgwick_node-3] [INFO] [1770703930.094713187] [imu_filter]: Parameter RLController.pid_kp_ang set to 1.230000
[imu_filter_madgwick_node-3] [INFO] [1770703930.094768356] [imu_filter]: Parameter RLController.pid_ki_ang set to 0.000000
[imu_filter_madgwick_node-3] [INFO] [1770703930.094819301] [imu_filter]: Parameter RLController.pid_kd_ang set to 0.100000
[imu_filter_madgwick_node-3] [INFO] [1770703930.513960338] [imu_filter]: Parameter RLController.pid_kp_lin set to 1.202327
[imu_filter_madgwick_node-3] [INFO] [1770703930.514114965] [imu_filter]: Parameter RLController.pid_ki_lin set to 0.000000
[imu_filter_madgwick_node-3] [INFO] [1770703930.515203758] [imu_filter]: Parameter RLController.pid_kd_lin set to 0.020023
[imu_filter_madgwick_node-3] [INFO] [1770703930.515277360] [imu_filter]: Parameter RLController.pid_kp_ang set to 1.230000
[imu_filter_madgwick_node-3] [INFO] [1770703930.515334354] [imu_filter]: Parameter RLController.pid_ki_ang set to 0.000000
[imu_filter_madgwick_node-3] [INFO] [1770703930.515389491] [imu_filter]: Parameter RLController.pid_kd_ang set to 0.100000
[imu_filter_madgwick_node-3] [INFO] [1770703930.943929946] [imu_filter]: Parameter RLController.pid_kp_lin set to 1.202327
[imu_filter_madgwick_node-3] [INFO] [1770703930.944292610] [imu_filter]: Parameter RLController.pid_ki_lin set to 0.000000
[imu_filter_madgwick_node-3] [INFO] [1770703930.944378948] [imu_filter]: Parameter RLController.pid_kd_lin set to 0.020019
[imu_filter_madgwick_node-3] [INFO] [1770703930.944440294] [imu_filter]: Parameter RLController.pid_kp_ang set to 1.230000
[imu_filter_madgwick_node-3] [INFO] [1770703930.944495143] [imu_filter]: Parameter RLController.pid_ki_ang set to 0.000000
[imu_filter_madgwick_node-3] [INFO] [1770703930.944548008] [imu_filter]: Parameter RLController.pid_kd_ang set to 0.100000
[imu_filter_madgwick_node-3] [INFO] [1770703931.353250370] [imu_filter]: Parameter RLController.pid_kp_lin set to 1.202327
[imu_filter_madgwick_node-3] [INFO] [1770703931.358588254] [imu_filter]: Parameter RLController.pid_ki_lin set to 0.000000
[imu_filter_madgwick_node-3] [INFO] [1770703931.358810851] [imu_filter]: Parameter RLController.pid_kd_lin set to 0.020015
[imu_filter_madgwick_node-3] [INFO] [1770703931.358886405] [imu_filter]: Parameter RLController.pid_kp_ang set to 1.230000
[imu_filter_madgwick_node-3] [INFO] [1770703931.358945030] [imu_filter]: Parameter RLController.pid_ki_ang set to 0.000000
[imu_filter_madgwick_node-3] [INFO] [1770703931.358998055] [imu_filter]: Parameter RLController.pid_kd_ang set to 0.100000
[imu_filter_madgwick_node-3] [INFO] [1770703931.762995412] [imu_filter]: Parameter RLController.pid_kp_lin set to 1.202327
[imu_filter_madgwick_node-3] [INFO] [1770703931.763195545] [imu_filter]: Parameter RLController.pid_ki_lin set to 0.000000
[imu_filter_madgwick_node-3] [INFO] [1770703931.763266586] [imu_filter]: Parameter RLController.pid_kd_lin set to 0.020013
[imu_filter_madgwick_node-3] [INFO] [1770703931.763368733] [imu_filter]: Parameter RLController.pid_kp_ang set to 1.230000
[imu_filter_madgwick_node-3] [INFO] [1770703931.766178654] [imu_filter]: Parameter RLController.pid_ki_ang set to 0.000000
[imu_filter_madgwick_node-3] [INFO] [1770703931.766327073] [imu_filter]: Parameter RLController.pid_kd_ang set to 0.100000
[imu_filter_madgwick_node-3] [INFO] [1770703932.177892414] [imu_filter]: Parameter RLController.pid_kp_lin set to 1.202327
[imu_filter_madgwick_node-3] [INFO] [1770703932.181179914] [imu_filter]: Parameter RLController.pid_ki_lin set to 0.000000
[imu_filter_madgwick_node-3] [INFO] [1770703932.181372047] [imu_filter]: Parameter RLController.pid_kd_lin set to 0.020010
[imu_filter_madgwick_node-3] [INFO] [1770703932.181438544] [imu_filter]: Parameter RLController.pid_kp_ang set to 1.230000
[imu_filter_madgwick_node-3] [INFO] [1770703932.181493553] [imu_filter]: Parameter RLController.pid_ki_ang set to 0.000000
[imu_filter_madgwick_node-3] [INFO] [1770703932.181548947] [imu_filter]: Parameter RLController.pid_kd_ang set to 0.100000
[imu_filter_madgwick_node-3] [INFO] [1770703932.603399518] [imu_filter]: Parameter RLController.pid_kp_lin set to 1.202327
[imu_filter_madgwick_node-3] [INFO] [1770703932.603747206] [imu_filter]: Parameter RLController.pid_ki_lin set to 0.000000
[imu_filter_madgwick_node-3] [INFO] [1770703932.603864361] [imu_filter]: Parameter RLController.pid_kd_lin set to 0.020009
[imu_filter_madgwick_node-3] [INFO] [1770703932.603930506] [imu_filter]: Parameter RLController.pid_kp_ang set to 1.230000
[imu_filter_madgwick_node-3] [INFO] [1770703932.603988108] [imu_filter]: Parameter RLController.pid_ki_ang set to 0.000000
[imu_filter_madgwick_node-3] [INFO] [1770703932.604042797] [imu_filter]: Parameter RLController.pid_kd_ang set to 0.100000
[imu_filter_madgwick_node-3] [INFO] [1770703933.024663548] [imu_filter]: Parameter RLController.pid_kp_lin set to 1.202327
[imu_filter_madgwick_node-3] [INFO] [1770703933.024868705] [imu_filter]: Parameter RLController.pid_ki_lin set to 0.000000
[imu_filter_madgwick_node-3] [INFO] [1770703933.024950626] [imu_filter]: Parameter RLController.pid_kd_lin set to 0.020007
[imu_filter_madgwick_node-3] [INFO] [1770703933.025013284] [imu_filter]: Parameter RLController.pid_kp_ang set to 1.230000
[imu_filter_madgwick_node-3] [INFO] [1770703933.025068293] [imu_filter]: Parameter RLController.pid_ki_ang set to 0.000000
[imu_filter_madgwick_node-3] [INFO] [1770703933.025119014] [imu_filter]: Parameter RLController.pid_kd_ang set to 0.100000
[imu_filter_madgwick_node-3] [INFO] [1770703933.444569722] [imu_filter]: Parameter RLController.pid_kp_lin set to 1.202327
[imu_filter_madgwick_node-3] [INFO] [1770703933.445315019] [imu_filter]: Parameter RLController.pid_ki_lin set to 0.000000
[imu_filter_madgwick_node-3] [INFO] [1770703933.445482415] [imu_filter]: Parameter RLController.pid_kd_lin set to 0.020006
[imu_filter_madgwick_node-3] [INFO] [1770703933.445551633] [imu_filter]: Parameter RLController.pid_kp_ang set to 1.230000
[imu_filter_madgwick_node-3] [INFO] [1770703933.445607282] [imu_filter]: Parameter RLController.pid_ki_ang set to 0.000000
[imu_filter_madgwick_node-3] [INFO] [1770703933.445659379] [imu_filter]: Parameter RLController.pid_kd_ang set to 0.100000
[imu_filter_madgwick_node-3] [INFO] [1770703933.877969650] [imu_filter]: Parameter RLController.pid_kp_lin set to 1.202327
[imu_filter_madgwick_node-3] [INFO] [1770703933.884291813] [imu_filter]: Parameter RLController.pid_ki_lin set to 0.000000
[imu_filter_madgwick_node-3] [INFO] [1770703933.884496457] [imu_filter]: Parameter RLController.pid_kd_lin set to 0.020005
[imu_filter_madgwick_node-3] [INFO] [1770703933.884569899] [imu_filter]: Parameter RLController.pid_kp_ang set to 1.230000
[imu_filter_madgwick_node-3] [INFO] [1770703933.884624780] [imu_filter]: Parameter RLController.pid_ki_ang set to 0.000000
[imu_filter_madgwick_node-3] [INFO] [1770703933.884678030] [imu_filter]: Parameter RLController.pid_kd_ang set to 0.100000
[imu_filter_madgwick_node-3] [INFO] [1770703934.324628798] [imu_filter]: Parameter RLController.pid_kp_lin set to 1.202327
[imu_filter_madgwick_node-3] [INFO] [1770703934.324852707] [imu_filter]: Parameter RLController.pid_ki_lin set to 0.000000
[imu_filter_madgwick_node-3] [INFO] [1770703934.325054024] [imu_filter]: Parameter RLController.pid_kd_lin set to 0.020004
[imu_filter_madgwick_node-3] [INFO] [1770703934.325118633] [imu_filter]: Parameter RLController.pid_kp_ang set to 1.230000
[imu_filter_madgwick_node-3] [INFO] [1770703934.325176202] [imu_filter]: Parameter RLController.pid_ki_ang set to 0.000000
[imu_filter_madgwick_node-3] [INFO] [1770703934.325228460] [imu_filter]: Parameter RLController.pid_kd_ang set to 0.100000
[imu_filter_madgwick_node-3] [INFO] [1770703934.751882919] [imu_filter]: Parameter RLController.pid_kp_lin set to 1.202327
[imu_filter_madgwick_node-3] [INFO] [1770703934.756581812] [imu_filter]: Parameter RLController.pid_ki_lin set to 0.000000
[imu_filter_madgwick_node-3] [INFO] [1770703934.756904315] [imu_filter]: Parameter RLController.pid_kd_lin set to 0.020003
[imu_filter_madgwick_node-3] [INFO] [1770703934.756981245] [imu_filter]: Parameter RLController.pid_kp_ang set to 1.230000
[imu_filter_madgwick_node-3] [INFO] [1770703934.757050399] [imu_filter]: Parameter RLController.pid_ki_ang set to 0.000000
[imu_filter_madgwick_node-3] [INFO] [1770703934.757107392] [imu_filter]: Parameter RLController.pid_kd_ang set to 0.100000
[imu_filter_madgwick_node-3] [INFO] [1770703935.170436389] [imu_filter]: Parameter RLController.pid_kp_lin set to 1.202327
[imu_filter_madgwick_node-3] [INFO] [1770703935.170650986] [imu_filter]: Parameter RLController.pid_ki_lin set to 0.000000
[imu_filter_madgwick_node-3] [INFO] [1770703935.170717516] [imu_filter]: Parameter RLController.pid_kd_lin set to 0.020003
[imu_filter_madgwick_node-3] [INFO] [1770703935.170777389] [imu_filter]: Parameter RLController.pid_kp_ang set to 1.230000
[imu_filter_madgwick_node-3] [INFO] [1770703935.170832047] [imu_filter]: Parameter RLController.pid_ki_ang set to 0.000000
[imu_filter_madgwick_node-3] [INFO] [1770703935.170885680] [imu_filter]: Parameter RLController.pid_kd_ang set to 0.100000
[imu_filter_madgwick_node-3] [INFO] [1770703935.593028674] [imu_filter]: Parameter RLController.pid_kp_lin set to 1.202327
[imu_filter_madgwick_node-3] [INFO] [1770703935.593386698] [imu_filter]: Parameter RLController.pid_ki_lin set to 0.000000
[imu_filter_madgwick_node-3] [INFO] [1770703935.593468492] [imu_filter]: Parameter RLController.pid_kd_lin set to 0.020002
[imu_filter_madgwick_node-3] [INFO] [1770703935.593529198] [imu_filter]: Parameter RLController.pid_kp_ang set to 1.230000
[imu_filter_madgwick_node-3] [INFO] [1770703935.593584431] [imu_filter]: Parameter RLController.pid_ki_ang set to 0.000000
[imu_filter_madgwick_node-3] [INFO] [1770703935.593635952] [imu_filter]: Parameter RLController.pid_kd_ang set to 0.100000
[imu_filter_madgwick_node-3] [INFO] [1770703936.004492924] [imu_filter]: Parameter RLController.pid_kp_lin set to 1.202327
[imu_filter_madgwick_node-3] [INFO] [1770703936.004697217] [imu_filter]: Parameter RLController.pid_ki_lin set to 0.000000
[imu_filter_madgwick_node-3] [INFO] [1770703936.004769794] [imu_filter]: Parameter RLController.pid_kd_lin set to 0.020002
[imu_filter_madgwick_node-3] [INFO] [1770703936.004889637] [imu_filter]: Parameter RLController.pid_kp_ang set to 1.230000
[imu_filter_madgwick_node-3] [INFO] [1770703936.004961479] [imu_filter]: Parameter RLController.pid_ki_ang set to 0.000000
[imu_filter_madgwick_node-3] [INFO] [1770703936.005021640] [imu_filter]: Parameter RLController.pid_kd_ang set to 0.100000
[imu_filter_madgwick_node-3] [INFO] [1770703936.428320053] [imu_filter]: Parameter RLController.pid_kp_lin set to 1.202327
[imu_filter_madgwick_node-3] [INFO] [1770703936.428522106] [imu_filter]: Parameter RLController.pid_ki_lin set to 0.000000
[imu_filter_madgwick_node-3] [INFO] [1770703936.428589980] [imu_filter]: Parameter RLController.pid_kd_lin set to 0.020001
[imu_filter_madgwick_node-3] [INFO] [1770703936.435312760] [imu_filter]: Parameter RLController.pid_kp_ang set to 1.230000
[imu_filter_madgwick_node-3] [INFO] [1770703936.435504828] [imu_filter]: Parameter RLController.pid_ki_ang set to 0.000000
[imu_filter_madgwick_node-3] [INFO] [1770703936.435574334] [imu_filter]: Parameter RLController.pid_kd_ang set to 0.100000
[imu_filter_madgwick_node-3] [INFO] [1770703936.841019436] [imu_filter]: Parameter RLController.pid_kp_lin set to 1.202327
[imu_filter_madgwick_node-3] [INFO] [1770703936.841274034] [imu_filter]: Parameter RLController.pid_ki_lin set to 0.000000
[imu_filter_madgwick_node-3] [INFO] [1770703936.841361268] [imu_filter]: Parameter RLController.pid_kd_lin set to 0.020001
[imu_filter_madgwick_node-3] [INFO] [1770703936.841427669] [imu_filter]: Parameter RLController.pid_kp_ang set to 1.230000
[imu_filter_madgwick_node-3] [INFO] [1770703936.841486295] [imu_filter]: Parameter RLController.pid_ki_ang set to 0.000000
[imu_filter_madgwick_node-3] [INFO] [1770703936.841539640] [imu_filter]: Parameter RLController.pid_kd_ang set to 0.100000
[imu_filter_madgwick_node-3] [INFO] [1770703937.273662866] [imu_filter]: Parameter RLController.pid_kp_lin set to 1.202327
[imu_filter_madgwick_node-3] [INFO] [1770703937.273883511] [imu_filter]: Parameter RLController.pid_ki_lin set to 0.000000
[imu_filter_madgwick_node-3] [INFO] [1770703937.274092700] [imu_filter]: Parameter RLController.pid_kd_lin set to 0.020001
[imu_filter_madgwick_node-3] [INFO] [1770703937.274310753] [imu_filter]: Parameter RLController.pid_kp_ang set to 1.230000
[imu_filter_madgwick_node-3] [INFO] [1770703937.274402659] [imu_filter]: Parameter RLController.pid_ki_ang set to 0.000000
[imu_filter_madgwick_node-3] [INFO] [1770703937.274465733] [imu_filter]: Parameter RLController.pid_kd_ang set to 0.100000
[imu_filter_madgwick_node-3] [INFO] [1770703937.679052831] [imu_filter]: Parameter RLController.pid_kp_lin set to 1.202327
[imu_filter_madgwick_node-3] [INFO] [1770703937.679249860] [imu_filter]: Parameter RLController.pid_ki_lin set to 0.000000
[imu_filter_madgwick_node-3] [INFO] [1770703937.679698958] [imu_filter]: Parameter RLController.pid_kd_lin set to 0.020001
[imu_filter_madgwick_node-3] [INFO] [1770703937.679801520] [imu_filter]: Parameter RLController.pid_kp_ang set to 1.230000
[imu_filter_madgwick_node-3] [INFO] [1770703937.679982197] [imu_filter]: Parameter RLController.pid_ki_ang set to 0.000000
[imu_filter_madgwick_node-3] [INFO] [1770703937.680092375] [imu_filter]: Parameter RLController.pid_kd_ang set to 0.100000
[imu_filter_madgwick_node-3] [INFO] [1770703938.091861624] [imu_filter]: Parameter RLController.pid_kp_lin set to 1.202327
[imu_filter_madgwick_node-3] [INFO] [1770703938.095004097] [imu_filter]: Parameter RLController.pid_ki_lin set to 0.000000
[imu_filter_madgwick_node-3] [INFO] [1770703938.095313000] [imu_filter]: Parameter RLController.pid_kd_lin set to 0.020001
[imu_filter_madgwick_node-3] [INFO] [1770703938.095392394] [imu_filter]: Parameter RLController.pid_kp_ang set to 1.230000
[imu_filter_madgwick_node-3] [INFO] [1770703938.095451500] [imu_filter]: Parameter RLController.pid_ki_ang set to 0.000000
[imu_filter_madgwick_node-3] [INFO] [1770703938.095505005] [imu_filter]: Parameter RLController.pid_kd_ang set to 0.100000
[imu_filter_madgwick_node-3] [INFO] [1770703938.506750402] [imu_filter]: Parameter RLController.pid_kp_lin set to 1.202327
[imu_filter_madgwick_node-3] [INFO] [1770703938.506962439] [imu_filter]: Parameter RLController.pid_ki_lin set to 0.000000
[imu_filter_madgwick_node-3] [INFO] [1770703938.507030088] [imu_filter]: Parameter RLController.pid_kd_lin set to 0.020001
[imu_filter_madgwick_node-3] [INFO] [1770703938.507091658] [imu_filter]: Parameter RLController.pid_kp_ang set to 1.230000
[imu_filter_madgwick_node-3] [INFO] [1770703938.507148107] [imu_filter]: Parameter RLController.pid_ki_ang set to 0.000000
[imu_filter_madgwick_node-3] [INFO] [1770703938.507200428] [imu_filter]: Parameter RLController.pid_kd_ang set to 0.100000
[imu_filter_madgwick_node-3] [INFO] [1770703938.923839967] [imu_filter]: Parameter RLController.pid_kp_lin set to 1.202327
[imu_filter_madgwick_node-3] [INFO] [1770703938.924242952] [imu_filter]: Parameter RLController.pid_ki_lin set to 0.000000
[imu_filter_madgwick_node-3] [INFO] [1770703938.924328202] [imu_filter]: Parameter RLController.pid_kd_lin set to 0.020000
[imu_filter_madgwick_node-3] [INFO] [1770703938.924447693] [imu_filter]: Parameter RLController.pid_kp_ang set to 1.230000
[imu_filter_madgwick_node-3] [INFO] [1770703938.924565743] [imu_filter]: Parameter RLController.pid_ki_ang set to 0.000000
[imu_filter_madgwick_node-3] [INFO] [1770703938.924627057] [imu_filter]: Parameter RLController.pid_kd_ang set to 0.100000
[imu_filter_madgwick_node-3] [INFO] [1770703939.342739717] [imu_filter]: Parameter RLController.pid_kp_lin set to 1.202327
[imu_filter_madgwick_node-3] [INFO] [1770703939.342950538] [imu_filter]: Parameter RLController.pid_ki_lin set to 0.000000
[imu_filter_madgwick_node-3] [INFO] [1770703939.343019116] [imu_filter]: Parameter RLController.pid_kd_lin set to 0.020000
[imu_filter_madgwick_node-3] [INFO] [1770703939.343079725] [imu_filter]: Parameter RLController.pid_kp_ang set to 1.230000
[imu_filter_madgwick_node-3] [INFO] [1770703939.343131887] [imu_filter]: Parameter RLController.pid_ki_ang set to 0.000000
[imu_filter_madgwick_node-3] [INFO] [1770703939.343184304] [imu_filter]: Parameter RLController.pid_kd_ang set to 0.100000
[imu_filter_madgwick_node-3] [INFO] [1770703939.753161223] [imu_filter]: Parameter RLController.pid_kp_lin set to 1.202327
[imu_filter_madgwick_node-3] [INFO] [1770703939.757236966] [imu_filter]: Parameter RLController.pid_ki_lin set to 0.000000
[imu_filter_madgwick_node-3] [INFO] [1770703939.757556461] [imu_filter]: Parameter RLController.pid_kd_lin set to 0.020000
[imu_filter_madgwick_node-3] [INFO] [1770703939.757638543] [imu_filter]: Parameter RLController.pid_kp_ang set to 1.230000
[imu_filter_madgwick_node-3] [INFO] [1770703939.757696945] [imu_filter]: Parameter RLController.pid_ki_ang set to 0.000000
[imu_filter_madgwick_node-3] [INFO] [1770703939.757750834] [imu_filter]: Parameter RLController.pid_kd_ang set to 0.100000
[imu_filter_madgwick_node-3] [INFO] [1770703940.167473155] [imu_filter]: Parameter RLController.pid_kp_lin set to 1.202327
[imu_filter_madgwick_node-3] [INFO] [1770703940.171849993] [imu_filter]: Parameter RLController.pid_ki_lin set to 0.000000
[imu_filter_madgwick_node-3] [INFO] [1770703940.172036013] [imu_filter]: Parameter RLController.pid_kd_lin set to 0.020000
[imu_filter_madgwick_node-3] [INFO] [1770703940.172103279] [imu_filter]: Parameter RLController.pid_kp_ang set to 1.230000
[imu_filter_madgwick_node-3] [INFO] [1770703940.172159152] [imu_filter]: Parameter RLController.pid_ki_ang set to 0.000000
[imu_filter_madgwick_node-3] [INFO] [1770703940.172354901] [imu_filter]: Parameter RLController.pid_kd_ang set to 0.100000
[imu_filter_madgwick_node-3] [INFO] [1770703940.595077204] [imu_filter]: Parameter RLController.pid_kp_lin set to 1.202327
[imu_filter_madgwick_node-3] [INFO] [1770703940.595398076] [imu_filter]: Parameter RLController.pid_ki_lin set to 0.000000
[imu_filter_madgwick_node-3] [INFO] [1770703940.595486974] [imu_filter]: Parameter RLController.pid_kd_lin set to 0.020000
[imu_filter_madgwick_node-3] [INFO] [1770703940.595551327] [imu_filter]: Parameter RLController.pid_kp_ang set to 1.230000
[imu_filter_madgwick_node-3] [INFO] [1770703940.595608097] [imu_filter]: Parameter RLController.pid_ki_ang set to 0.000000
[imu_filter_madgwick_node-3] [INFO] [1770703940.595662786] [imu_filter]: Parameter RLController.pid_kd_ang set to 0.100000
[imu_filter_madgwick_node-3] [INFO] [1770703941.010040384] [imu_filter]: Parameter RLController.pid_kp_lin set to 1.202327
[imu_filter_madgwick_node-3] [INFO] [1770703941.010341223] [imu_filter]: Parameter RLController.pid_ki_lin set to 0.000000
[imu_filter_madgwick_node-3] [INFO] [1770703941.010421577] [imu_filter]: Parameter RLController.pid_kd_lin set to 0.020000
[imu_filter_madgwick_node-3] [INFO] [1770703941.010485258] [imu_filter]: Parameter RLController.pid_kp_ang set to 1.230000
[imu_filter_madgwick_node-3] [INFO] [1770703941.010540331] [imu_filter]: Parameter RLController.pid_ki_ang set to 0.000000
[imu_filter_madgwick_node-3] [INFO] [1770703941.010597645] [imu_filter]: Parameter RLController.pid_kd_ang set to 0.100000
[imu_filter_madgwick_node-3] [INFO] [1770703941.431030967] [imu_filter]: Parameter RLController.pid_kp_lin set to 1.202327
[imu_filter_madgwick_node-3] [INFO] [1770703941.433985628] [imu_filter]: Parameter RLController.pid_ki_lin set to 0.000000
[imu_filter_madgwick_node-3] [INFO] [1770703941.434156192] [imu_filter]: Parameter RLController.pid_kd_lin set to 0.020000
[imu_filter_madgwick_node-3] [INFO] [1770703941.434222433] [imu_filter]: Parameter RLController.pid_kp_ang set to 1.230000
[imu_filter_madgwick_node-3] [INFO] [1770703941.434276771] [imu_filter]: Parameter RLController.pid_ki_ang set to 0.000000
[imu_filter_madgwick_node-3] [INFO] [1770703941.434328676] [imu_filter]: Parameter RLController.pid_kd_ang set to 0.100000
[imu_filter_madgwick_node-3] [INFO] [1770703941.864453519] [imu_filter]: Parameter RLController.pid_kp_lin set to 1.202327
[imu_filter_madgwick_node-3] [INFO] [1770703941.864651252] [imu_filter]: Parameter RLController.pid_ki_lin set to 0.000000
[imu_filter_madgwick_node-3] [INFO] [1770703941.864724438] [imu_filter]: Parameter RLController.pid_kd_lin set to 0.020000
[imu_filter_madgwick_node-3] [INFO] [1770703941.864784567] [imu_filter]: Parameter RLController.pid_kp_ang set to 1.230000
[imu_filter_madgwick_node-3] [INFO] [1770703941.864836984] [imu_filter]: Parameter RLController.pid_ki_ang set to 0.000000
[imu_filter_madgwick_node-3] [INFO] [1770703941.864888826] [imu_filter]: Parameter RLController.pid_kd_ang set to 0.100000
[imu_filter_madgwick_node-3] [INFO] [1770703942.270140995] [imu_filter]: Parameter RLController.pid_kp_lin set to 1.202327
[imu_filter_madgwick_node-3] [INFO] [1770703942.270506444] [imu_filter]: Parameter RLController.pid_ki_lin set to 0.000000
[imu_filter_madgwick_node-3] [INFO] [1770703942.270591278] [imu_filter]: Parameter RLController.pid_kd_lin set to 0.020000
[imu_filter_madgwick_node-3] [INFO] [1770703942.270649711] [imu_filter]: Parameter RLController.pid_kp_ang set to 1.230000
[imu_filter_madgwick_node-3] [INFO] [1770703942.270702160] [imu_filter]: Parameter RLController.pid_ki_ang set to 0.000000
[imu_filter_madgwick_node-3] [INFO] [1770703942.270753297] [imu_filter]: Parameter RLController.pid_kd_ang set to 0.100000
[imu_filter_madgwick_node-3] [INFO] [1770703942.693090280] [imu_filter]: Parameter RLController.pid_kp_lin set to 1.202327
[imu_filter_madgwick_node-3] [INFO] [1770703942.693292173] [imu_filter]: Parameter RLController.pid_ki_lin set to 0.000000
[imu_filter_madgwick_node-3] [INFO] [1770703942.693359470] [imu_filter]: Parameter RLController.pid_kd_lin set to 0.020000
[imu_filter_madgwick_node-3] [INFO] [1770703942.693421648] [imu_filter]: Parameter RLController.pid_kp_ang set to 1.230000
[imu_filter_madgwick_node-3] [INFO] [1770703942.693475441] [imu_filter]: Parameter RLController.pid_ki_ang set to 0.000000
[imu_filter_madgwick_node-3] [INFO] [1770703942.693528594] [imu_filter]: Parameter RLController.pid_kd_ang set to 0.100000
[imu_filter_madgwick_node-3] [INFO] [1770703943.107802094] [imu_filter]: Parameter RLController.pid_kp_lin set to 1.202327
[imu_filter_madgwick_node-3] [INFO] [1770703943.109722202] [imu_filter]: Parameter RLController.pid_ki_lin set to 0.000000
[imu_filter_madgwick_node-3] [INFO] [1770703943.109888638] [imu_filter]: Parameter RLController.pid_kd_lin set to 0.020000
[imu_filter_madgwick_node-3] [INFO] [1770703943.109959936] [imu_filter]: Parameter RLController.pid_kp_ang set to 1.230000
[imu_filter_madgwick_node-3] [INFO] [1770703943.110019969] [imu_filter]: Parameter RLController.pid_ki_ang set to 0.000000
[imu_filter_madgwick_node-3] [INFO] [1770703943.110075330] [imu_filter]: Parameter RLController.pid_kd_ang set to 0.100000
[imu_filter_madgwick_node-3] [INFO] [1770703943.519452236] [imu_filter]: Parameter RLController.pid_kp_lin set to 1.202327
[imu_filter_madgwick_node-3] [INFO] [1770703943.519688913] [imu_filter]: Parameter RLController.pid_ki_lin set to 0.000000
[imu_filter_madgwick_node-3] [INFO] [1770703943.519767827] [imu_filter]: Parameter RLController.pid_kd_lin set to 0.020000
[imu_filter_madgwick_node-3] [INFO] [1770703943.519831701] [imu_filter]: Parameter RLController.pid_kp_ang set to 1.230000
[imu_filter_madgwick_node-3] [INFO] [1770703943.519886806] [imu_filter]: Parameter RLController.pid_ki_ang set to 0.000000
[imu_filter_madgwick_node-3] [INFO] [1770703943.519943319] [imu_filter]: Parameter RLController.pid_kd_ang set to 0.100000
[imu_filter_madgwick_node-3] [INFO] [1770703943.933376607] [imu_filter]: Parameter RLController.pid_kp_lin set to 1.202327
[imu_filter_madgwick_node-3] [INFO] [1770703943.933576004] [imu_filter]: Parameter RLController.pid_ki_lin set to 0.000000
[imu_filter_madgwick_node-3] [INFO] [1770703943.933641189] [imu_filter]: Parameter RLController.pid_kd_lin set to 0.020000
[imu_filter_madgwick_node-3] [INFO] [1770703943.933697895] [imu_filter]: Parameter RLController.pid_kp_ang set to 1.230000
[imu_filter_madgwick_node-3] [INFO] [1770703943.933751112] [imu_filter]: Parameter RLController.pid_ki_ang set to 0.000000
[imu_filter_madgwick_node-3] [INFO] [1770703943.933806665] [imu_filter]: Parameter RLController.pid_kd_ang set to 0.100000
[imu_filter_madgwick_node-3] [INFO] [1770703944.348278025] [imu_filter]: Parameter RLController.pid_kp_lin set to 1.202327
[imu_filter_madgwick_node-3] [INFO] [1770703944.348503246] [imu_filter]: Parameter RLController.pid_ki_lin set to 0.000000
[imu_filter_madgwick_node-3] [INFO] [1770703944.348577296] [imu_filter]: Parameter RLController.pid_kd_lin set to 0.020000
[imu_filter_madgwick_node-3] [INFO] [1770703944.348641873] [imu_filter]: Parameter RLController.pid_kp_ang set to 1.230000
[imu_filter_madgwick_node-3] [INFO] [1770703944.348694547] [imu_filter]: Parameter RLController.pid_ki_ang set to 0.000000
[imu_filter_madgwick_node-3] [INFO] [1770703944.348746420] [imu_filter]: Parameter RLController.pid_kd_ang set to 0.100000
[imu_filter_madgwick_node-3] [INFO] [1770703944.765211906] [imu_filter]: Parameter RLController.pid_kp_lin set to 1.202327
[imu_filter_madgwick_node-3] [INFO] [1770703944.768447277] [imu_filter]: Parameter RLController.pid_ki_lin set to 0.000000
[imu_filter_madgwick_node-3] [INFO] [1770703944.773406049] [imu_filter]: Parameter RLController.pid_kd_lin set to 0.020000
[imu_filter_madgwick_node-3] [INFO] [1770703944.773728936] [imu_filter]: Parameter RLController.pid_kp_ang set to 1.230000
[imu_filter_madgwick_node-3] [INFO] [1770703944.775599539] [imu_filter]: Parameter RLController.pid_ki_ang set to 0.000000
[imu_filter_madgwick_node-3] [INFO] [1770703944.777136151] [imu_filter]: Parameter RLController.pid_kd_ang set to 0.100000
[imu_filter_madgwick_node-3] [INFO] [1770703945.183166451] [imu_filter]: Parameter RLController.pid_kp_lin set to 1.202327
[imu_filter_madgwick_node-3] [INFO] [1770703945.183385944] [imu_filter]: Parameter RLController.pid_ki_lin set to 0.000000
[imu_filter_madgwick_node-3] [INFO] [1770703945.183458714] [imu_filter]: Parameter RLController.pid_kd_lin set to 0.020000
[imu_filter_madgwick_node-3] [INFO] [1770703945.183520155] [imu_filter]: Parameter RLController.pid_kp_ang set to 1.230000
[imu_filter_madgwick_node-3] [INFO] [1770703945.183575228] [imu_filter]: Parameter RLController.pid_ki_ang set to 0.000000
[imu_filter_madgwick_node-3] [INFO] [1770703945.183628702] [imu_filter]: Parameter RLController.pid_kd_ang set to 0.100000
[imu_filter_madgwick_node-3] [INFO] [1770703945.596437431] [imu_filter]: Parameter RLController.pid_kp_lin set to 1.202327
[imu_filter_madgwick_node-3] [INFO] [1770703945.596662332] [imu_filter]: Parameter RLController.pid_ki_lin set to 0.000000
[imu_filter_madgwick_node-3] [INFO] [1770703945.596867873] [imu_filter]: Parameter RLController.pid_kd_lin set to 0.020000
[imu_filter_madgwick_node-3] [INFO] [1770703945.596939139] [imu_filter]: Parameter RLController.pid_kp_ang set to 1.230000
[imu_filter_madgwick_node-3] [INFO] [1770703945.596995908] [imu_filter]: Parameter RLController.pid_ki_ang set to 0.000000
[imu_filter_madgwick_node-3] [INFO] [1770703945.597052517] [imu_filter]: Parameter RLController.pid_kd_ang set to 0.100000
[imu_filter_madgwick_node-3] [INFO] [1770703946.015070520] [imu_filter]: Parameter RLController.pid_kp_lin set to 1.202327
[imu_filter_madgwick_node-3] [INFO] [1770703946.015284349] [imu_filter]: Parameter RLController.pid_ki_lin set to 0.000000
[imu_filter_madgwick_node-3] [INFO] [1770703946.015351806] [imu_filter]: Parameter RLController.pid_kd_lin set to 0.020000
[imu_filter_madgwick_node-3] [INFO] [1770703946.015409567] [imu_filter]: Parameter RLController.pid_kp_ang set to 1.230000
[imu_filter_madgwick_node-3] [INFO] [1770703946.015462273] [imu_filter]: Parameter RLController.pid_ki_ang set to 0.000000
[imu_filter_madgwick_node-3] [INFO] [1770703946.015516034] [imu_filter]: Parameter RLController.pid_kd_ang set to 0.100000
[imu_filter_madgwick_node-3] [INFO] [1770703946.439678723] [imu_filter]: Parameter RLController.pid_kp_lin set to 1.202327
[imu_filter_madgwick_node-3] [INFO] [1770703946.439883944] [imu_filter]: Parameter RLController.pid_ki_lin set to 0.000000
[imu_filter_madgwick_node-3] [INFO] [1770703946.440073996] [imu_filter]: Parameter RLController.pid_kd_lin set to 0.020000
[imu_filter_madgwick_node-3] [INFO] [1770703946.440142158] [imu_filter]: Parameter RLController.pid_kp_ang set to 1.230000
[imu_filter_madgwick_node-3] [INFO] [1770703946.440229776] [imu_filter]: Parameter RLController.pid_ki_ang set to 0.000000
[imu_filter_madgwick_node-3] [INFO] [1770703946.440297361] [imu_filter]: Parameter RLController.pid_kd_ang set to 0.100000
[imu_filter_madgwick_node-3] [INFO] [1770703946.861963384] [imu_filter]: Parameter RLController.pid_kp_lin set to 1.202327
[imu_filter_madgwick_node-3] [INFO] [1770703946.862217822] [imu_filter]: Parameter RLController.pid_ki_lin set to 0.000000
[imu_filter_madgwick_node-3] [INFO] [1770703946.862290912] [imu_filter]: Parameter RLController.pid_kd_lin set to 0.020000
[imu_filter_madgwick_node-3] [INFO] [1770703946.862887086] [imu_filter]: Parameter RLController.pid_kp_ang set to 1.230000
[imu_filter_madgwick_node-3] [INFO] [1770703946.862979504] [imu_filter]: Parameter RLController.pid_ki_ang set to 0.000000
[imu_filter_madgwick_node-3] [INFO] [1770703946.863041618] [imu_filter]: Parameter RLController.pid_kd_ang set to 0.100000
[imu_filter_madgwick_node-3] [INFO] [1770703947.282114428] [imu_filter]: Parameter RLController.pid_kp_lin set to 1.202327
[imu_filter_madgwick_node-3] [INFO] [1770703947.282330497] [imu_filter]: Parameter RLController.pid_ki_lin set to 0.000000
[imu_filter_madgwick_node-3] [INFO] [1770703947.284404402] [imu_filter]: Parameter RLController.pid_kd_lin set to 0.020000
[imu_filter_madgwick_node-3] [INFO] [1770703947.284597110] [imu_filter]: Parameter RLController.pid_kp_ang set to 1.230000
[imu_filter_madgwick_node-3] [INFO] [1770703947.284672728] [imu_filter]: Parameter RLController.pid_ki_ang set to 0.000000
[imu_filter_madgwick_node-3] [INFO] [1770703947.284732793] [imu_filter]: Parameter RLController.pid_kd_ang set to 0.100000
[imu_filter_madgwick_node-3] [INFO] [1770703947.695040184] [imu_filter]: Parameter RLController.pid_kp_lin set to 1.202327
[imu_filter_madgwick_node-3] [INFO] [1770703947.695515299] [imu_filter]: Parameter RLController.pid_ki_lin set to 0.000000
[imu_filter_madgwick_node-3] [INFO] [1770703947.695634534] [imu_filter]: Parameter RLController.pid_kd_lin set to 0.020000
[imu_filter_madgwick_node-3] [INFO] [1770703947.695697192] [imu_filter]: Parameter RLController.pid_kp_ang set to 1.230000
[imu_filter_madgwick_node-3] [INFO] [1770703947.695750153] [imu_filter]: Parameter RLController.pid_ki_ang set to 0.000000
[imu_filter_madgwick_node-3] [INFO] [1770703947.695799690] [imu_filter]: Parameter RLController.pid_kd_ang set to 0.100000
[imu_filter_madgwick_node-3] [INFO] [1770703948.121915736] [imu_filter]: Parameter RLController.pid_kp_lin set to 1.202327
[imu_filter_madgwick_node-3] [INFO] [1770703948.125413162] [imu_filter]: Parameter RLController.pid_ki_lin set to 0.000000
[imu_filter_madgwick_node-3] [INFO] [1770703948.125611086] [imu_filter]: Parameter RLController.pid_kd_lin set to 0.020000
[imu_filter_madgwick_node-3] [INFO] [1770703948.128234731] [imu_filter]: Parameter RLController.pid_kp_ang set to 1.230000
[imu_filter_madgwick_node-3] [INFO] [1770703948.132601233] [imu_filter]: Parameter RLController.pid_ki_ang set to 0.000000
[imu_filter_madgwick_node-3] [INFO] [1770703948.132791285] [imu_filter]: Parameter RLController.pid_kd_ang set to 0.100000
[imu_filter_madgwick_node-3] [INFO] [1770703948.544804156] [imu_filter]: Parameter RLController.pid_kp_lin set to 1.202327
[imu_filter_madgwick_node-3] [INFO] [1770703948.545017473] [imu_filter]: Parameter RLController.pid_ki_lin set to 0.000000
[imu_filter_madgwick_node-3] [INFO] [1770703948.545087715] [imu_filter]: Parameter RLController.pid_kd_lin set to 0.020000
[imu_filter_madgwick_node-3] [INFO] [1770703948.545159268] [imu_filter]: Parameter RLController.pid_kp_ang set to 1.230000
[imu_filter_madgwick_node-3] [INFO] [1770703948.545227878] [imu_filter]: Parameter RLController.pid_ki_ang set to 0.000000
[imu_filter_madgwick_node-3] [INFO] [1770703948.545286663] [imu_filter]: Parameter RLController.pid_kd_ang set to 0.100000
[imu_filter_madgwick_node-3] [INFO] [1770703948.967006223] [imu_filter]: Parameter RLController.pid_kp_lin set to 1.202327
[imu_filter_madgwick_node-3] [INFO] [1770703948.967212020] [imu_filter]: Parameter RLController.pid_ki_lin set to 0.000000
[imu_filter_madgwick_node-3] [INFO] [1770703948.967284214] [imu_filter]: Parameter RLController.pid_kd_lin set to 0.020000
[imu_filter_madgwick_node-3] [INFO] [1770703948.967346967] [imu_filter]: Parameter RLController.pid_kp_ang set to 1.230000
[imu_filter_madgwick_node-3] [INFO] [1770703948.967409369] [imu_filter]: Parameter RLController.pid_ki_ang set to 0.000000
[imu_filter_madgwick_node-3] [INFO] [1770703948.967465626] [imu_filter]: Parameter RLController.pid_kd_ang set to 0.100000
[imu_filter_madgwick_node-3] [INFO] [1770703949.380349717] [imu_filter]: Parameter RLController.pid_kp_lin set to 1.202327
[imu_filter_madgwick_node-3] [INFO] [1770703949.380573914] [imu_filter]: Parameter RLController.pid_ki_lin set to 0.000000
[imu_filter_madgwick_node-3] [INFO] [1770703949.380641948] [imu_filter]: Parameter RLController.pid_kd_lin set to 0.020000
[imu_filter_madgwick_node-3] [INFO] [1770703949.380701693] [imu_filter]: Parameter RLController.pid_kp_ang set to 1.230000
[imu_filter_madgwick_node-3] [INFO] [1770703949.380875393] [imu_filter]: Parameter RLController.pid_ki_ang set to 0.000000
[imu_filter_madgwick_node-3] [INFO] [1770703949.380937379] [imu_filter]: Parameter RLController.pid_kd_ang set to 0.100000
[imu_filter_madgwick_node-3] [INFO] [1770703949.806107387] [imu_filter]: Parameter RLController.pid_kp_lin set to 1.202327
[imu_filter_madgwick_node-3] [INFO] [1770703949.806316960] [imu_filter]: Parameter RLController.pid_ki_lin set to 0.000000
[imu_filter_madgwick_node-3] [INFO] [1770703949.806391650] [imu_filter]: Parameter RLController.pid_kd_lin set to 0.020000
[imu_filter_madgwick_node-3] [INFO] [1770703949.806453859] [imu_filter]: Parameter RLController.pid_kp_ang set to 1.230000
[imu_filter_madgwick_node-3] [INFO] [1770703949.806510629] [imu_filter]: Parameter RLController.pid_ki_ang set to 0.000000
[imu_filter_madgwick_node-3] [INFO] [1770703949.806565894] [imu_filter]: Parameter RLController.pid_kd_ang set to 0.100000
[imu_filter_madgwick_node-3] [INFO] [1770703950.262484105] [imu_filter]: Parameter RLController.pid_kp_lin set to 1.202327
[imu_filter_madgwick_node-3] [INFO] [1770703950.262825105] [imu_filter]: Parameter RLController.pid_ki_lin set to 0.000000
[imu_filter_madgwick_node-3] [INFO] [1770703950.262906867] [imu_filter]: Parameter RLController.pid_kd_lin set to 0.020000
[imu_filter_madgwick_node-3] [INFO] [1770703950.262970068] [imu_filter]: Parameter RLController.pid_kp_ang set to 1.230000
[imu_filter_madgwick_node-3] [INFO] [1770703950.263024566] [imu_filter]: Parameter RLController.pid_ki_ang set to 0.000000
[imu_filter_madgwick_node-3] [INFO] [1770703950.263075287] [imu_filter]: Parameter RLController.pid_kd_ang set to 0.100000
[imu_filter_madgwick_node-3] [INFO] [1770703950.673334613] [imu_filter]: Parameter RLController.pid_kp_lin set to 1.202327
[imu_filter_madgwick_node-3] [INFO] [1770703950.673527673] [imu_filter]: Parameter RLController.pid_ki_lin set to 0.000000
[imu_filter_madgwick_node-3] [INFO] [1770703950.673597691] [imu_filter]: Parameter RLController.pid_kd_lin set to 0.020000
[imu_filter_madgwick_node-3] [INFO] [1770703950.673660380] [imu_filter]: Parameter RLController.pid_kp_ang set to 1.230000
[imu_filter_madgwick_node-3] [INFO] [1770703950.676968233] [imu_filter]: Parameter RLController.pid_ki_ang set to 0.000000
[imu_filter_madgwick_node-3] [INFO] [1770703950.677150222] [imu_filter]: Parameter RLController.pid_kd_ang set to 0.100000
[imu_filter_madgwick_node-3] [INFO] [1770703951.084561481] [imu_filter]: Parameter RLController.pid_kp_lin set to 1.202327
[imu_filter_madgwick_node-3] [INFO] [1770703951.084903729] [imu_filter]: Parameter RLController.pid_ki_lin set to 0.000000
[imu_filter_madgwick_node-3] [INFO] [1770703951.091917332] [imu_filter]: Parameter RLController.pid_kd_lin set to 0.020000
[imu_filter_madgwick_node-3] [INFO] [1770703951.092306173] [imu_filter]: Parameter RLController.pid_kp_ang set to 1.230000
[imu_filter_madgwick_node-3] [INFO] [1770703951.092392991] [imu_filter]: Parameter RLController.pid_ki_ang set to 0.000000
[imu_filter_madgwick_node-3] [INFO] [1770703951.092457217] [imu_filter]: Parameter RLController.pid_kd_ang set to 0.100000
[imu_filter_madgwick_node-3] [INFO] [1770703951.510335600] [imu_filter]: Parameter RLController.pid_kp_lin set to 1.202327
[imu_filter_madgwick_node-3] [INFO] [1770703951.516151383] [imu_filter]: Parameter RLController.pid_ki_lin set to 0.000000
[imu_filter_madgwick_node-3] [INFO] [1770703951.516493439] [imu_filter]: Parameter RLController.pid_kd_lin set to 0.020000
[imu_filter_madgwick_node-3] [INFO] [1770703951.516569921] [imu_filter]: Parameter RLController.pid_kp_ang set to 1.230000
[imu_filter_madgwick_node-3] [INFO] [1770703951.516626210] [imu_filter]: Parameter RLController.pid_ki_ang set to 0.000000
[imu_filter_madgwick_node-3] [INFO] [1770703951.516679971] [imu_filter]: Parameter RLController.pid_kd_ang set to 0.100000
[imu_filter_madgwick_node-3] [INFO] [1770703951.929285592] [imu_filter]: Parameter RLController.pid_kp_lin set to 1.202327
[imu_filter_madgwick_node-3] [INFO] [1770703951.931641871] [imu_filter]: Parameter RLController.pid_ki_lin set to 0.000000
[imu_filter_madgwick_node-3] [INFO] [1770703951.931931669] [imu_filter]: Parameter RLController.pid_kd_lin set to 0.020000
[imu_filter_madgwick_node-3] [INFO] [1770703951.933487385] [imu_filter]: Parameter RLController.pid_kp_ang set to 1.230000
[imu_filter_madgwick_node-3] [INFO] [1770703951.933654909] [imu_filter]: Parameter RLController.pid_ki_ang set to 0.000000
[imu_filter_madgwick_node-3] [INFO] [1770703951.933724351] [imu_filter]: Parameter RLController.pid_kd_ang set to 0.100000
[imu_filter_madgwick_node-3] [INFO] [1770703952.349533662] [imu_filter]: Parameter RLController.pid_kp_lin set to 1.202327
[imu_filter_madgwick_node-3] [INFO] [1770703952.350088075] [imu_filter]: Parameter RLController.pid_ki_lin set to 0.000000
[imu_filter_madgwick_node-3] [INFO] [1770703952.350213966] [imu_filter]: Parameter RLController.pid_kd_lin set to 0.020000
[imu_filter_madgwick_node-3] [INFO] [1770703952.350279279] [imu_filter]: Parameter RLController.pid_kp_ang set to 1.230000
[imu_filter_madgwick_node-3] [INFO] [1770703952.350336081] [imu_filter]: Parameter RLController.pid_ki_ang set to 0.000000
[imu_filter_madgwick_node-3] [INFO] [1770703952.350517461] [imu_filter]: Parameter RLController.pid_kd_ang set to 0.100000
[imu_filter_madgwick_node-3] [INFO] [1770703952.768370467] [imu_filter]: Parameter RLController.pid_kp_lin set to 1.202327
[imu_filter_madgwick_node-3] [INFO] [1770703952.768573096] [imu_filter]: Parameter RLController.pid_ki_lin set to 0.000000
[imu_filter_madgwick_node-3] [INFO] [1770703952.768637130] [imu_filter]: Parameter RLController.pid_kd_lin set to 0.020000
[imu_filter_madgwick_node-3] [INFO] [1770703952.768694443] [imu_filter]: Parameter RLController.pid_kp_ang set to 1.230000
[imu_filter_madgwick_node-3] [INFO] [1770703952.768748172] [imu_filter]: Parameter RLController.pid_ki_ang set to 0.000000
[imu_filter_madgwick_node-3] [INFO] [1770703952.768801581] [imu_filter]: Parameter RLController.pid_kd_ang set to 0.100000
[imu_filter_madgwick_node-3] [INFO] [1770703953.180564846] [imu_filter]: Parameter RLController.pid_kp_lin set to 1.202327
[imu_filter_madgwick_node-3] [INFO] [1770703953.180942967] [imu_filter]: Parameter RLController.pid_ki_lin set to 0.000000
[imu_filter_madgwick_node-3] [INFO] [1770703953.181039961] [imu_filter]: Parameter RLController.pid_kd_lin set to 0.020000
[imu_filter_madgwick_node-3] [INFO] [1770703953.181110139] [imu_filter]: Parameter RLController.pid_kp_ang set to 1.230000
[imu_filter_madgwick_node-3] [INFO] [1770703953.181167932] [imu_filter]: Parameter RLController.pid_ki_ang set to 0.000000
[imu_filter_madgwick_node-3] [INFO] [1770703953.181229310] [imu_filter]: Parameter RLController.pid_kd_ang set to 0.100000
[imu_filter_madgwick_node-3] [INFO] [1770703953.591911270] [imu_filter]: Parameter RLController.pid_kp_lin set to 1.202327
[imu_filter_madgwick_node-3] [INFO] [1770703953.592127851] [imu_filter]: Parameter RLController.pid_ki_lin set to 0.000000
[imu_filter_madgwick_node-3] [INFO] [1770703953.592224493] [imu_filter]: Parameter RLController.pid_kd_lin set to 0.020000
[imu_filter_madgwick_node-3] [INFO] [1770703953.592292718] [imu_filter]: Parameter RLController.pid_kp_ang set to 1.230000
[imu_filter_madgwick_node-3] [INFO] [1770703953.592351152] [imu_filter]: Parameter RLController.pid_ki_ang set to 0.000000
[imu_filter_madgwick_node-3] [INFO] [1770703953.592405777] [imu_filter]: Parameter RLController.pid_kd_ang set to 0.100000
[imu_filter_madgwick_node-3] [INFO] [1770703954.022342872] [imu_filter]: Parameter RLController.pid_kp_lin set to 1.202327
[imu_filter_madgwick_node-3] [INFO] [1770703954.022561245] [imu_filter]: Parameter RLController.pid_ki_lin set to 0.000000
[imu_filter_madgwick_node-3] [INFO] [1770703954.022627807] [imu_filter]: Parameter RLController.pid_kd_lin set to 0.020000
[imu_filter_madgwick_node-3] [INFO] [1770703954.022686112] [imu_filter]: Parameter RLController.pid_kp_ang set to 1.230000
[imu_filter_madgwick_node-3] [INFO] [1770703954.022741410] [imu_filter]: Parameter RLController.pid_ki_ang set to 0.000000
[imu_filter_madgwick_node-3] [INFO] [1770703954.022795139] [imu_filter]: Parameter RLController.pid_kd_ang set to 0.100000
[imu_filter_madgwick_node-3] [INFO] [1770703954.438098422] [imu_filter]: Parameter RLController.pid_kp_lin set to 1.202327
[imu_filter_madgwick_node-3] [INFO] [1770703954.438331708] [imu_filter]: Parameter RLController.pid_ki_lin set to 0.000000
[imu_filter_madgwick_node-3] [INFO] [1770703954.438411645] [imu_filter]: Parameter RLController.pid_kd_lin set to 0.020000
[imu_filter_madgwick_node-3] [INFO] [1770703954.438473599] [imu_filter]: Parameter RLController.pid_kp_ang set to 1.230000
[imu_filter_madgwick_node-3] [INFO] [1770703954.438535584] [imu_filter]: Parameter RLController.pid_ki_ang set to 0.000000
[imu_filter_madgwick_node-3] [INFO] [1770703954.438593122] [imu_filter]: Parameter RLController.pid_kd_ang set to 0.100000
[imu_filter_madgwick_node-3] [INFO] [1770703954.863791995] [imu_filter]: Parameter RLController.pid_kp_lin set to 1.202327
[imu_filter_madgwick_node-3] [INFO] [1770703954.864007648] [imu_filter]: Parameter RLController.pid_ki_lin set to 0.000000
[imu_filter_madgwick_node-3] [INFO] [1770703954.864076929] [imu_filter]: Parameter RLController.pid_kd_lin set to 0.020000
[imu_filter_madgwick_node-3] [INFO] [1770703954.864137667] [imu_filter]: Parameter RLController.pid_kp_ang set to 1.230000
[imu_filter_madgwick_node-3] [INFO] [1770703954.864225605] [imu_filter]: Parameter RLController.pid_ki_ang set to 0.000000
[imu_filter_madgwick_node-3] [INFO] [1770703954.866499290] [imu_filter]: Parameter RLController.pid_kd_ang set to 0.100000
[imu_filter_madgwick_node-3] [INFO] [1770703955.282733411] [imu_filter]: Parameter RLController.pid_kp_lin set to 1.202327
[imu_filter_madgwick_node-3] [INFO] [1770703955.282951624] [imu_filter]: Parameter RLController.pid_ki_lin set to 0.000000
[imu_filter_madgwick_node-3] [INFO] [1770703955.283026185] [imu_filter]: Parameter RLController.pid_kd_lin set to 0.020000
[imu_filter_madgwick_node-3] [INFO] [1770703955.283088107] [imu_filter]: Parameter RLController.pid_kp_ang set to 1.230000
[imu_filter_madgwick_node-3] [INFO] [1770703955.283145388] [imu_filter]: Parameter RLController.pid_ki_ang set to 0.000000
[imu_filter_madgwick_node-3] [INFO] [1770703955.283201549] [imu_filter]: Parameter RLController.pid_kd_ang set to 0.100000
[imu_filter_madgwick_node-3] [INFO] [1770703955.707782904] [imu_filter]: Parameter RLController.pid_kp_lin set to 1.202327
[imu_filter_madgwick_node-3] [INFO] [1770703955.708101088] [imu_filter]: Parameter RLController.pid_ki_lin set to 0.000000
[imu_filter_madgwick_node-3] [INFO] [1770703955.708202914] [imu_filter]: Parameter RLController.pid_kd_lin set to 0.020000
[imu_filter_madgwick_node-3] [INFO] [1770703955.708278308] [imu_filter]: Parameter RLController.pid_kp_ang set to 1.230000
[imu_filter_madgwick_node-3] [INFO] [1770703955.708333669] [imu_filter]: Parameter RLController.pid_ki_ang set to 0.000000
[imu_filter_madgwick_node-3] [INFO] [1770703955.708386694] [imu_filter]: Parameter RLController.pid_kd_ang set to 0.100000
[imu_filter_madgwick_node-3] [INFO] [1770703956.135553133] [imu_filter]: Parameter RLController.pid_kp_lin set to 1.202327
[imu_filter_madgwick_node-3] [INFO] [1770703956.136361024] [imu_filter]: Parameter RLController.pid_ki_lin set to 0.000000
[imu_filter_madgwick_node-3] [INFO] [1770703956.136578501] [imu_filter]: Parameter RLController.pid_kd_lin set to 0.020000
[imu_filter_madgwick_node-3] [INFO] [1770703956.136661991] [imu_filter]: Parameter RLController.pid_kp_ang set to 1.230000
[imu_filter_madgwick_node-3] [INFO] [1770703956.136722248] [imu_filter]: Parameter RLController.pid_ki_ang set to 0.000000
[imu_filter_madgwick_node-3] [INFO] [1770703956.136775690] [imu_filter]: Parameter RLController.pid_kd_ang set to 0.100000
[imu_filter_madgwick_node-3] [INFO] [1770703956.556267102] [imu_filter]: Parameter RLController.pid_kp_lin set to 1.202327
[imu_filter_madgwick_node-3] [INFO] [1770703956.556619430] [imu_filter]: Parameter RLController.pid_ki_lin set to 0.000000
[imu_filter_madgwick_node-3] [INFO] [1770703956.556702920] [imu_filter]: Parameter RLController.pid_kd_lin set to 0.020000
[imu_filter_madgwick_node-3] [INFO] [1770703956.556765834] [imu_filter]: Parameter RLController.pid_kp_ang set to 1.230000
[imu_filter_madgwick_node-3] [INFO] [1770703956.556821515] [imu_filter]: Parameter RLController.pid_ki_ang set to 0.000000
[imu_filter_madgwick_node-3] [INFO] [1770703956.556873868] [imu_filter]: Parameter RLController.pid_kd_ang set to 0.100000
[imu_filter_madgwick_node-3] [INFO] [1770703956.966217237] [imu_filter]: Parameter RLController.pid_kp_lin set to 1.202327
[imu_filter_madgwick_node-3] [INFO] [1770703956.966547837] [imu_filter]: Parameter RLController.pid_ki_lin set to 0.000000
[imu_filter_madgwick_node-3] [INFO] [1770703956.966627487] [imu_filter]: Parameter RLController.pid_kd_lin set to 0.020000
[imu_filter_madgwick_node-3] [INFO] [1770703956.966685504] [imu_filter]: Parameter RLController.pid_kp_ang set to 1.230000
[imu_filter_madgwick_node-3] [INFO] [1770703956.966738017] [imu_filter]: Parameter RLController.pid_ki_ang set to 0.000000
[imu_filter_madgwick_node-3] [INFO] [1770703956.966787682] [imu_filter]: Parameter RLController.pid_kd_ang set to 0.100000
[imu_filter_madgwick_node-3] [INFO] [1770703957.380339245] [imu_filter]: Parameter RLController.pid_kp_lin set to 1.202327
[imu_filter_madgwick_node-3] [INFO] [1770703957.384559247] [imu_filter]: Parameter RLController.pid_ki_lin set to 0.000000
[imu_filter_madgwick_node-3] [INFO] [1770703957.384757715] [imu_filter]: Parameter RLController.pid_kd_lin set to 0.020000
[imu_filter_madgwick_node-3] [INFO] [1770703957.384828469] [imu_filter]: Parameter RLController.pid_kp_ang set to 1.230000
[imu_filter_madgwick_node-3] [INFO] [1770703957.384886678] [imu_filter]: Parameter RLController.pid_ki_ang set to 0.000000
[imu_filter_madgwick_node-3] [INFO] [1770703957.384954264] [imu_filter]: Parameter RLController.pid_kd_ang set to 0.100000
[imu_filter_madgwick_node-3] [INFO] [1770703957.803745948] [imu_filter]: Parameter RLController.pid_kp_lin set to 1.202327
[imu_filter_madgwick_node-3] [INFO] [1770703957.803945825] [imu_filter]: Parameter RLController.pid_ki_lin set to 0.000000
[imu_filter_madgwick_node-3] [INFO] [1770703957.804012034] [imu_filter]: Parameter RLController.pid_kd_lin set to 0.020000
[imu_filter_madgwick_node-3] [INFO] [1770703957.804071172] [imu_filter]: Parameter RLController.pid_kp_ang set to 1.230000
[imu_filter_madgwick_node-3] [INFO] [1770703957.804124389] [imu_filter]: Parameter RLController.pid_ki_ang set to 0.000000
[imu_filter_madgwick_node-3] [INFO] [1770703957.804205767] [imu_filter]: Parameter RLController.pid_kd_ang set to 0.100000
[imu_filter_madgwick_node-3] [INFO] [1770703958.233711684] [imu_filter]: Parameter RLController.pid_kp_lin set to 1.202327
[imu_filter_madgwick_node-3] [INFO] [1770703958.233927625] [imu_filter]: Parameter RLController.pid_ki_lin set to 0.000000
[imu_filter_madgwick_node-3] [INFO] [1770703958.234003435] [imu_filter]: Parameter RLController.pid_kd_lin set to 0.020000
[imu_filter_madgwick_node-3] [INFO] [1770703958.234065004] [imu_filter]: Parameter RLController.pid_kp_ang set to 1.230000
[imu_filter_madgwick_node-3] [INFO] [1770703958.234120846] [imu_filter]: Parameter RLController.pid_ki_ang set to 0.000000
[imu_filter_madgwick_node-3] [INFO] [1770703958.234177775] [imu_filter]: Parameter RLController.pid_kd_ang set to 0.100000
[imu_filter_madgwick_node-3] [INFO] [1770703958.648649903] [imu_filter]: Parameter RLController.pid_kp_lin set to 1.202327
[imu_filter_madgwick_node-3] [INFO] [1770703958.648921909] [imu_filter]: Parameter RLController.pid_ki_lin set to 0.000000
[imu_filter_madgwick_node-3] [INFO] [1770703958.649156603] [imu_filter]: Parameter RLController.pid_kd_lin set to 0.020000
[imu_filter_madgwick_node-3] [INFO] [1770703958.649230684] [imu_filter]: Parameter RLController.pid_kp_ang set to 1.230000
[imu_filter_madgwick_node-3] [INFO] [1770703958.649288830] [imu_filter]: Parameter RLController.pid_ki_ang set to 0.000000
[imu_filter_madgwick_node-3] [INFO] [1770703958.649394336] [imu_filter]: Parameter RLController.pid_kd_ang set to 0.100000
[imu_filter_madgwick_node-3] [INFO] [1770703959.057488012] [imu_filter]: Parameter RLController.pid_kp_lin set to 1.202327
[imu_filter_madgwick_node-3] [INFO] [1770703959.057824628] [imu_filter]: Parameter RLController.pid_ki_lin set to 0.000000
[imu_filter_madgwick_node-3] [INFO] [1770703959.063194865] [imu_filter]: Parameter RLController.pid_kd_lin set to 0.020000
[imu_filter_madgwick_node-3] [INFO] [1770703959.063370485] [imu_filter]: Parameter RLController.pid_kp_ang set to 1.230000
[imu_filter_madgwick_node-3] [INFO] [1770703959.063786206] [imu_filter]: Parameter RLController.pid_ki_ang set to 0.000000
[imu_filter_madgwick_node-3] [INFO] [1770703959.064003139] [imu_filter]: Parameter RLController.pid_kd_ang set to 0.100000
[imu_filter_madgwick_node-3] [INFO] [1770703959.488802259] [imu_filter]: Parameter RLController.pid_kp_lin set to 1.202327
[imu_filter_madgwick_node-3] [INFO] [1770703959.497577823] [imu_filter]: Parameter RLController.pid_ki_lin set to 0.000000
[imu_filter_madgwick_node-3] [INFO] [1770703959.497929223] [imu_filter]: Parameter RLController.pid_kd_lin set to 0.020000
[imu_filter_madgwick_node-3] [INFO] [1770703959.498062858] [imu_filter]: Parameter RLController.pid_kp_ang set to 1.230000
[imu_filter_madgwick_node-3] [INFO] [1770703959.498159949] [imu_filter]: Parameter RLController.pid_ki_ang set to 0.000000
[imu_filter_madgwick_node-3] [INFO] [1770703959.498254159] [imu_filter]: Parameter RLController.pid_kd_ang set to 0.100000
[imu_filter_madgwick_node-3] [INFO] [1770703959.899073874] [imu_filter]: Parameter RLController.pid_kp_lin set to 1.202327
[imu_filter_madgwick_node-3] [INFO] [1770703959.899277942] [imu_filter]: Parameter RLController.pid_ki_lin set to 0.000000
[imu_filter_madgwick_node-3] [INFO] [1770703959.899359704] [imu_filter]: Parameter RLController.pid_kd_lin set to 0.020000
[imu_filter_madgwick_node-3] [INFO] [1770703959.899417242] [imu_filter]: Parameter RLController.pid_kp_ang set to 1.230000
[imu_filter_madgwick_node-3] [INFO] [1770703959.899470459] [imu_filter]: Parameter RLController.pid_ki_ang set to 0.000000
[imu_filter_madgwick_node-3] [INFO] [1770703959.899523804] [imu_filter]: Parameter RLController.pid_kd_ang set to 0.100000
[imu_filter_madgwick_node-3] [INFO] [1770703960.314262978] [imu_filter]: Parameter RLController.pid_kp_lin set to 1.202327
[imu_filter_madgwick_node-3] [INFO] [1770703960.316413300] [imu_filter]: Parameter RLController.pid_ki_lin set to 0.000000
[imu_filter_madgwick_node-3] [INFO] [1770703960.316744540] [imu_filter]: Parameter RLController.pid_kd_lin set to 0.020000
[imu_filter_madgwick_node-3] [INFO] [1770703960.316823870] [imu_filter]: Parameter RLController.pid_kp_ang set to 1.230000
[imu_filter_madgwick_node-3] [INFO] [1770703960.316880319] [imu_filter]: Parameter RLController.pid_ki_ang set to 0.000000
[imu_filter_madgwick_node-3] [INFO] [1770703960.316932000] [imu_filter]: Parameter RLController.pid_kd_ang set to 0.100000
[imu_filter_madgwick_node-3] [INFO] [1770703960.737489998] [imu_filter]: Parameter RLController.pid_kp_lin set to 1.202327
[imu_filter_madgwick_node-3] [INFO] [1770703960.737680978] [imu_filter]: Parameter RLController.pid_ki_lin set to 0.000000
[imu_filter_madgwick_node-3] [INFO] [1770703960.737751220] [imu_filter]: Parameter RLController.pid_kd_lin set to 0.020000
[imu_filter_madgwick_node-3] [INFO] [1770703960.737812629] [imu_filter]: Parameter RLController.pid_kp_ang set to 1.230000
[imu_filter_madgwick_node-3] [INFO] [1770703960.737872278] [imu_filter]: Parameter RLController.pid_ki_ang set to 0.000000
[imu_filter_madgwick_node-3] [INFO] [1770703960.737927512] [imu_filter]: Parameter RLController.pid_kd_ang set to 0.100000
[imu_filter_madgwick_node-3] [INFO] [1770703961.157890295] [imu_filter]: Parameter RLController.pid_kp_lin set to 1.202327
[imu_filter_madgwick_node-3] [INFO] [1770703961.158111964] [imu_filter]: Parameter RLController.pid_ki_lin set to 0.000000
[imu_filter_madgwick_node-3] [INFO] [1770703961.164579955] [imu_filter]: Parameter RLController.pid_kd_lin set to 0.020000
[imu_filter_madgwick_node-3] [INFO] [1770703961.165216673] [imu_filter]: Parameter RLController.pid_kp_ang set to 1.230000
[imu_filter_madgwick_node-3] [INFO] [1770703961.165332580] [imu_filter]: Parameter RLController.pid_ki_ang set to 0.000000
[imu_filter_madgwick_node-3] [INFO] [1770703961.165395750] [imu_filter]: Parameter RLController.pid_kd_ang set to 0.100000
[imu_filter_madgwick_node-3] [INFO] [1770703961.572683391] [imu_filter]: Parameter RLController.pid_kp_lin set to 1.202327
[imu_filter_madgwick_node-3] [INFO] [1770703961.573796056] [imu_filter]: Parameter RLController.pid_ki_lin set to 0.000000
[imu_filter_madgwick_node-3] [INFO] [1770703961.573936860] [imu_filter]: Parameter RLController.pid_kd_lin set to 0.020000
[imu_filter_madgwick_node-3] [INFO] [1770703961.574002525] [imu_filter]: Parameter RLController.pid_kp_ang set to 1.230000
[imu_filter_madgwick_node-3] [INFO] [1770703961.574232611] [imu_filter]: Parameter RLController.pid_ki_ang set to 0.000000
[imu_filter_madgwick_node-3] [INFO] [1770703961.574296164] [imu_filter]: Parameter RLController.pid_kd_ang set to 0.100000
[imu_filter_madgwick_node-3] [INFO] [1770703961.982526131] [imu_filter]: Parameter RLController.pid_kp_lin set to 1.202327
[imu_filter_madgwick_node-3] [INFO] [1770703961.982805977] [imu_filter]: Parameter RLController.pid_ki_lin set to 0.000000
[imu_filter_madgwick_node-3] [INFO] [1770703961.982886427] [imu_filter]: Parameter RLController.pid_kd_lin set to 0.020000
[imu_filter_madgwick_node-3] [INFO] [1770703961.983015966] [imu_filter]: Parameter RLController.pid_kp_ang set to 1.230000
[imu_filter_madgwick_node-3] [INFO] [1770703961.987103613] [imu_filter]: Parameter RLController.pid_ki_ang set to 0.000000
[imu_filter_madgwick_node-3] [INFO] [1770703961.987579624] [imu_filter]: Parameter RLController.pid_kd_ang set to 0.100000
[imu_filter_madgwick_node-3] [INFO] [1770703962.397979594] [imu_filter]: Parameter RLController.pid_kp_lin set to 1.202327
[imu_filter_madgwick_node-3] [INFO] [1770703962.398215055] [imu_filter]: Parameter RLController.pid_ki_lin set to 0.000000
[imu_filter_madgwick_node-3] [INFO] [1770703962.398287025] [imu_filter]: Parameter RLController.pid_kd_lin set to 0.020000
[imu_filter_madgwick_node-3] [INFO] [1770703962.401045457] [imu_filter]: Parameter RLController.pid_kp_ang set to 1.230000
[imu_filter_madgwick_node-3] [INFO] [1770703962.401351192] [imu_filter]: Parameter RLController.pid_ki_ang set to 0.000000
[imu_filter_madgwick_node-3] [INFO] [1770703962.401431898] [imu_filter]: Parameter RLController.pid_kd_ang set to 0.100000
[imu_filter_madgwick_node-3] [INFO] [1770703962.809946991] [imu_filter]: Parameter RLController.pid_kp_lin set to 1.202327
[imu_filter_madgwick_node-3] [INFO] [1770703962.810156436] [imu_filter]: Parameter RLController.pid_ki_lin set to 0.000000
[imu_filter_madgwick_node-3] [INFO] [1770703962.810232854] [imu_filter]: Parameter RLController.pid_kd_lin set to 0.020000
[imu_filter_madgwick_node-3] [INFO] [1770703962.810296215] [imu_filter]: Parameter RLController.pid_kp_ang set to 1.230000
[imu_filter_madgwick_node-3] [INFO] [1770703962.810349561] [imu_filter]: Parameter RLController.pid_ki_ang set to 0.000000
[imu_filter_madgwick_node-3] [INFO] [1770703962.810400218] [imu_filter]: Parameter RLController.pid_kd_ang set to 0.100000
[imu_filter_madgwick_node-3] [INFO] [1770703963.227447798] [imu_filter]: Parameter RLController.pid_kp_lin set to 1.202327
[imu_filter_madgwick_node-3] [INFO] [1770703963.227792062] [imu_filter]: Parameter RLController.pid_ki_lin set to 0.000000
[imu_filter_madgwick_node-3] [INFO] [1770703963.227869087] [imu_filter]: Parameter RLController.pid_kd_lin set to 0.020000
[imu_filter_madgwick_node-3] [INFO] [1770703963.227929857] [imu_filter]: Parameter RLController.pid_kp_ang set to 1.230000
[imu_filter_madgwick_node-3] [INFO] [1770703963.227984450] [imu_filter]: Parameter RLController.pid_ki_ang set to 0.000000
[imu_filter_madgwick_node-3] [INFO] [1770703963.228036067] [imu_filter]: Parameter RLController.pid_kd_ang set to 0.100000
[imu_filter_madgwick_node-3] [INFO] [1770703963.651498964] [imu_filter]: Parameter RLController.pid_kp_lin set to 1.202327
[imu_filter_madgwick_node-3] [INFO] [1770703963.651707769] [imu_filter]: Parameter RLController.pid_ki_lin set to 0.000000
[imu_filter_madgwick_node-3] [INFO] [1770703963.651778875] [imu_filter]: Parameter RLController.pid_kd_lin set to 0.020000
[imu_filter_madgwick_node-3] [INFO] [1770703963.651841372] [imu_filter]: Parameter RLController.pid_kp_ang set to 1.230000
[imu_filter_madgwick_node-3] [INFO] [1770703963.651897501] [imu_filter]: Parameter RLController.pid_ki_ang set to 0.000000
[imu_filter_madgwick_node-3] [INFO] [1770703963.651952095] [imu_filter]: Parameter RLController.pid_kd_ang set to 0.100000
[imu_filter_madgwick_node-3] [INFO] [1770703964.074524763] [imu_filter]: Parameter RLController.pid_kp_lin set to 1.202327
[imu_filter_madgwick_node-3] [INFO] [1770703964.074736224] [imu_filter]: Parameter RLController.pid_ki_lin set to 0.000000
[imu_filter_madgwick_node-3] [INFO] [1770703964.075119081] [imu_filter]: Parameter RLController.pid_kd_lin set to 0.020000
[imu_filter_madgwick_node-3] [INFO] [1770703964.075427120] [imu_filter]: Parameter RLController.pid_kp_ang set to 1.230000
[imu_filter_madgwick_node-3] [INFO] [1770703964.075506322] [imu_filter]: Parameter RLController.pid_ki_ang set to 0.000000
[imu_filter_madgwick_node-3] [INFO] [1770703964.080148669] [imu_filter]: Parameter RLController.pid_kd_ang set to 0.100000
[imu_filter_madgwick_node-3] [INFO] [1770703964.504995886] [imu_filter]: Parameter RLController.pid_kp_lin set to 1.202327
[imu_filter_madgwick_node-3] [INFO] [1770703964.505196115] [imu_filter]: Parameter RLController.pid_ki_lin set to 0.000000
[imu_filter_madgwick_node-3] [INFO] [1770703964.505261397] [imu_filter]: Parameter RLController.pid_kd_lin set to 0.020000
[imu_filter_madgwick_node-3] [INFO] [1770703964.505326806] [imu_filter]: Parameter RLController.pid_kp_ang set to 1.230000
[imu_filter_madgwick_node-3] [INFO] [1770703964.505382423] [imu_filter]: Parameter RLController.pid_ki_ang set to 0.000000
[imu_filter_madgwick_node-3] [INFO] [1770703964.505438361] [imu_filter]: Parameter RLController.pid_kd_ang set to 0.100000
[imu_filter_madgwick_node-3] [INFO] [1770703964.920867375] [imu_filter]: Parameter RLController.pid_kp_lin set to 1.202327
[imu_filter_madgwick_node-3] [INFO] [1770703964.921081940] [imu_filter]: Parameter RLController.pid_ki_lin set to 0.000000
[imu_filter_madgwick_node-3] [INFO] [1770703964.921151702] [imu_filter]: Parameter RLController.pid_kd_lin set to 0.020000
[imu_filter_madgwick_node-3] [INFO] [1770703964.921211159] [imu_filter]: Parameter RLController.pid_kp_ang set to 1.230000
[imu_filter_madgwick_node-3] [INFO] [1770703964.921267480] [imu_filter]: Parameter RLController.pid_ki_ang set to 0.000000
[imu_filter_madgwick_node-3] [INFO] [1770703964.921322489] [imu_filter]: Parameter RLController.pid_kd_ang set to 0.100000
[imu_filter_madgwick_node-3] [INFO] [1770703965.350270602] [imu_filter]: Parameter RLController.pid_kp_lin set to 1.202327
[imu_filter_madgwick_node-3] [INFO] [1770703965.358238915] [imu_filter]: Parameter RLController.pid_ki_lin set to 0.000000
[imu_filter_madgwick_node-3] [INFO] [1770703965.358576779] [imu_filter]: Parameter RLController.pid_kd_lin set to 0.020000
[imu_filter_madgwick_node-3] [INFO] [1770703965.358702798] [imu_filter]: Parameter RLController.pid_kp_ang set to 1.230000
[imu_filter_madgwick_node-3] [INFO] [1770703965.358767599] [imu_filter]: Parameter RLController.pid_ki_ang set to 0.000000
[imu_filter_madgwick_node-3] [INFO] [1770703965.358823377] [imu_filter]: Parameter RLController.pid_kd_ang set to 0.100000
[imu_filter_madgwick_node-3] [INFO] [1770703965.763222086] [imu_filter]: Parameter RLController.pid_kp_lin set to 1.202327
[imu_filter_madgwick_node-3] [INFO] [1770703965.763417995] [imu_filter]: Parameter RLController.pid_ki_lin set to 0.000000
[imu_filter_madgwick_node-3] [INFO] [1770703965.763488909] [imu_filter]: Parameter RLController.pid_kd_lin set to 0.020000
[imu_filter_madgwick_node-3] [INFO] [1770703965.781988634] [imu_filter]: Parameter RLController.pid_kp_ang set to 1.230000
[imu_filter_madgwick_node-3] [INFO] [1770703965.782334787] [imu_filter]: Parameter RLController.pid_ki_ang set to 0.000000
[imu_filter_madgwick_node-3] [INFO] [1770703965.782458117] [imu_filter]: Parameter RLController.pid_kd_ang set to 0.100000
[imu_filter_madgwick_node-3] [INFO] [1770703966.179951131] [imu_filter]: Parameter RLController.pid_kp_lin set to 1.202327
[imu_filter_madgwick_node-3] [INFO] [1770703966.180208737] [imu_filter]: Parameter RLController.pid_ki_lin set to 0.000000
[imu_filter_madgwick_node-3] [INFO] [1770703966.180289603] [imu_filter]: Parameter RLController.pid_kd_lin set to 0.020000
[imu_filter_madgwick_node-3] [INFO] [1770703966.180350500] [imu_filter]: Parameter RLController.pid_kp_ang set to 1.230000
[imu_filter_madgwick_node-3] [INFO] [1770703966.180403845] [imu_filter]: Parameter RLController.pid_ki_ang set to 0.000000
[imu_filter_madgwick_node-3] [INFO] [1770703966.180456454] [imu_filter]: Parameter RLController.pid_kd_ang set to 0.100000
[imu_filter_madgwick_node-3] [INFO] [1770703966.602453333] [imu_filter]: Parameter RLController.pid_kp_lin set to 1.202327
[imu_filter_madgwick_node-3] [INFO] [1770703966.602650586] [imu_filter]: Parameter RLController.pid_ki_lin set to 0.000000
[imu_filter_madgwick_node-3] [INFO] [1770703966.602721051] [imu_filter]: Parameter RLController.pid_kd_lin set to 0.020000
[imu_filter_madgwick_node-3] [INFO] [1770703966.602830046] [imu_filter]: Parameter RLController.pid_kp_ang set to 1.230000
[imu_filter_madgwick_node-3] [INFO] [1770703966.602919296] [imu_filter]: Parameter RLController.pid_ki_ang set to 0.000000
[imu_filter_madgwick_node-3] [INFO] [1770703966.603056675] [imu_filter]: Parameter RLController.pid_kd_ang set to 0.100000
[imu_filter_madgwick_node-3] [INFO] [1770703967.031200193] [imu_filter]: Parameter RLController.pid_kp_lin set to 1.202327
[imu_filter_madgwick_node-3] [INFO] [1770703967.031408774] [imu_filter]: Parameter RLController.pid_ki_lin set to 0.000000
[imu_filter_madgwick_node-3] [INFO] [1770703967.031474151] [imu_filter]: Parameter RLController.pid_kd_lin set to 0.020000
[imu_filter_madgwick_node-3] [INFO] [1770703967.031533609] [imu_filter]: Parameter RLController.pid_kp_ang set to 1.230000
[imu_filter_madgwick_node-3] [INFO] [1770703967.031587882] [imu_filter]: Parameter RLController.pid_ki_ang set to 0.000000
[imu_filter_madgwick_node-3] [INFO] [1770703967.031641387] [imu_filter]: Parameter RLController.pid_kd_ang set to 0.100000
[imu_filter_madgwick_node-3] [INFO] [1770703967.434680449] [imu_filter]: Parameter RLController.pid_kp_lin set to 1.202327
[imu_filter_madgwick_node-3] [INFO] [1770703967.436630223] [imu_filter]: Parameter RLController.pid_ki_lin set to 0.000000
[imu_filter_madgwick_node-3] [INFO] [1770703967.436812307] [imu_filter]: Parameter RLController.pid_kd_lin set to 0.020000
[imu_filter_madgwick_node-3] [INFO] [1770703967.436884693] [imu_filter]: Parameter RLController.pid_kp_ang set to 1.230000
[imu_filter_madgwick_node-3] [INFO] [1770703967.436941910] [imu_filter]: Parameter RLController.pid_ki_ang set to 0.000000
[imu_filter_madgwick_node-3] [INFO] [1770703967.436995479] [imu_filter]: Parameter RLController.pid_kd_ang set to 0.100000
[imu_filter_madgwick_node-3] [INFO] [1770703967.857307903] [imu_filter]: Parameter RLController.pid_kp_lin set to 1.202327
[imu_filter_madgwick_node-3] [INFO] [1770703967.857761545] [imu_filter]: Parameter RLController.pid_ki_lin set to 0.000000
[imu_filter_madgwick_node-3] [INFO] [1770703967.857860876] [imu_filter]: Parameter RLController.pid_kd_lin set to 0.020000
[imu_filter_madgwick_node-3] [INFO] [1770703967.864783629] [imu_filter]: Parameter RLController.pid_kp_ang set to 1.230000
[imu_filter_madgwick_node-3] [INFO] [1770703967.865083219] [imu_filter]: Parameter RLController.pid_ki_ang set to 0.000000
[imu_filter_madgwick_node-3] [INFO] [1770703967.865209462] [imu_filter]: Parameter RLController.pid_kd_ang set to 0.100000
[imu_filter_madgwick_node-3] [INFO] [1770703968.280533130] [imu_filter]: Parameter RLController.pid_kp_lin set to 1.202327
[imu_filter_madgwick_node-3] [INFO] [1770703968.280874642] [imu_filter]: Parameter RLController.pid_ki_lin set to 0.000000
[imu_filter_madgwick_node-3] [INFO] [1770703968.280960500] [imu_filter]: Parameter RLController.pid_kd_lin set to 0.020000
[imu_filter_madgwick_node-3] [INFO] [1770703968.281025046] [imu_filter]: Parameter RLController.pid_kp_ang set to 1.230000
[imu_filter_madgwick_node-3] [INFO] [1770703968.281079159] [imu_filter]: Parameter RLController.pid_ki_ang set to 0.000000
[imu_filter_madgwick_node-3] [INFO] [1770703968.281131320] [imu_filter]: Parameter RLController.pid_kd_ang set to 0.100000
[imu_filter_madgwick_node-3] [INFO] [1770703968.695714074] [imu_filter]: Parameter RLController.pid_kp_lin set to 1.202327
[imu_filter_madgwick_node-3] [INFO] [1770703968.695913439] [imu_filter]: Parameter RLController.pid_ki_lin set to 0.000000
[imu_filter_madgwick_node-3] [INFO] [1770703968.695980737] [imu_filter]: Parameter RLController.pid_kd_lin set to 0.020000
[imu_filter_madgwick_node-3] [INFO] [1770703968.696042658] [imu_filter]: Parameter RLController.pid_kp_ang set to 1.230000
[imu_filter_madgwick_node-3] [INFO] [1770703968.696098115] [imu_filter]: Parameter RLController.pid_ki_ang set to 0.000000
[imu_filter_madgwick_node-3] [INFO] [1770703968.696151173] [imu_filter]: Parameter RLController.pid_kd_ang set to 0.100000
[imu_filter_madgwick_node-3] [INFO] [1770703969.112509840] [imu_filter]: Parameter RLController.pid_kp_lin set to 1.202327
[imu_filter_madgwick_node-3] [INFO] [1770703969.112731030] [imu_filter]: Parameter RLController.pid_ki_lin set to 0.000000
[imu_filter_madgwick_node-3] [INFO] [1770703969.112935866] [imu_filter]: Parameter RLController.pid_kd_lin set to 0.020000
[imu_filter_madgwick_node-3] [INFO] [1770703969.113009980] [imu_filter]: Parameter RLController.pid_kp_ang set to 1.230000
[imu_filter_madgwick_node-3] [INFO] [1770703969.113067709] [imu_filter]: Parameter RLController.pid_ki_ang set to 0.000000
[imu_filter_madgwick_node-3] [INFO] [1770703969.113122751] [imu_filter]: Parameter RLController.pid_kd_ang set to 0.100000
[imu_filter_madgwick_node-3] [INFO] [1770703969.531032814] [imu_filter]: Parameter RLController.pid_kp_lin set to 1.202327
[imu_filter_madgwick_node-3] [INFO] [1770703969.531229971] [imu_filter]: Parameter RLController.pid_ki_lin set to 0.000000
[imu_filter_madgwick_node-3] [INFO] [1770703969.531297557] [imu_filter]: Parameter RLController.pid_kd_lin set to 0.020000
[imu_filter_madgwick_node-3] [INFO] [1770703969.531357430] [imu_filter]: Parameter RLController.pid_kp_ang set to 1.230000
[imu_filter_madgwick_node-3] [INFO] [1770703969.531413783] [imu_filter]: Parameter RLController.pid_ki_ang set to 0.000000
[imu_filter_madgwick_node-3] [INFO] [1770703969.531464984] [imu_filter]: Parameter RLController.pid_kd_ang set to 0.100000
[imu_filter_madgwick_node-3] [INFO] [1770703969.957982864] [imu_filter]: Parameter RLController.pid_kp_lin set to 1.202327
[imu_filter_madgwick_node-3] [INFO] [1770703969.958312536] [imu_filter]: Parameter RLController.pid_ki_lin set to 0.000000
[imu_filter_madgwick_node-3] [INFO] [1770703969.958391514] [imu_filter]: Parameter RLController.pid_kd_lin set to 0.020000
[imu_filter_madgwick_node-3] [INFO] [1770703969.958452027] [imu_filter]: Parameter RLController.pid_kp_ang set to 1.230000
[imu_filter_madgwick_node-3] [INFO] [1770703969.958509341] [imu_filter]: Parameter RLController.pid_ki_ang set to 0.000000
[imu_filter_madgwick_node-3] [INFO] [1770703969.958565022] [imu_filter]: Parameter RLController.pid_kd_ang set to 0.100000
[imu_filter_madgwick_node-3] [INFO] [1770703970.384142912] [imu_filter]: Parameter RLController.pid_kp_lin set to 1.202327
[imu_filter_madgwick_node-3] [INFO] [1770703970.384375205] [imu_filter]: Parameter RLController.pid_ki_lin set to 0.000000
[imu_filter_madgwick_node-3] [INFO] [1770703970.384442439] [imu_filter]: Parameter RLController.pid_kd_lin set to 0.020000
[imu_filter_madgwick_node-3] [INFO] [1770703970.384501928] [imu_filter]: Parameter RLController.pid_kp_ang set to 1.230000
[imu_filter_madgwick_node-3] [INFO] [1770703970.384556297] [imu_filter]: Parameter RLController.pid_ki_ang set to 0.000000
[imu_filter_madgwick_node-3] [INFO] [1770703970.384609195] [imu_filter]: Parameter RLController.pid_kd_ang set to 0.100000
[imu_filter_madgwick_node-3] [INFO] [1770703970.795391509] [imu_filter]: Parameter RLController.pid_kp_lin set to 1.202327
[imu_filter_madgwick_node-3] [INFO] [1770703970.795598234] [imu_filter]: Parameter RLController.pid_ki_lin set to 0.000000
[imu_filter_madgwick_node-3] [INFO] [1770703970.795674235] [imu_filter]: Parameter RLController.pid_kd_lin set to 0.020000
[imu_filter_madgwick_node-3] [INFO] [1770703970.795852672] [imu_filter]: Parameter RLController.pid_kp_ang set to 1.230000
[imu_filter_madgwick_node-3] [INFO] [1770703970.795912257] [imu_filter]: Parameter RLController.pid_ki_ang set to 0.000000
[imu_filter_madgwick_node-3] [INFO] [1770703970.795966690] [imu_filter]: Parameter RLController.pid_kd_ang set to 0.100000
[imu_filter_madgwick_node-3] [INFO] [1770703971.212528051] [imu_filter]: Parameter RLController.pid_kp_lin set to 1.202327
[imu_filter_madgwick_node-3] [INFO] [1770703971.212840026] [imu_filter]: Parameter RLController.pid_ki_lin set to 0.000000
[imu_filter_madgwick_node-3] [INFO] [1770703971.215260530] [imu_filter]: Parameter RLController.pid_kd_lin set to 0.020000
[imu_filter_madgwick_node-3] [INFO] [1770703971.215443254] [imu_filter]: Parameter RLController.pid_kp_ang set to 1.230000
[imu_filter_madgwick_node-3] [INFO] [1770703971.215508056] [imu_filter]: Parameter RLController.pid_ki_ang set to 0.000000
[imu_filter_madgwick_node-3] [INFO] [1770703971.215564441] [imu_filter]: Parameter RLController.pid_kd_ang set to 0.100000
[imu_filter_madgwick_node-3] [INFO] [1770703971.646731293] [imu_filter]: Parameter RLController.pid_kp_lin set to 1.202327
[imu_filter_madgwick_node-3] [INFO] [1770703971.646965187] [imu_filter]: Parameter RLController.pid_ki_lin set to 0.000000
[imu_filter_madgwick_node-3] [INFO] [1770703971.647167847] [imu_filter]: Parameter RLController.pid_kd_lin set to 0.020000
[imu_filter_madgwick_node-3] [INFO] [1770703971.647244009] [imu_filter]: Parameter RLController.pid_kp_ang set to 1.230000
[imu_filter_madgwick_node-3] [INFO] [1770703971.647298346] [imu_filter]: Parameter RLController.pid_ki_ang set to 0.000000
[imu_filter_madgwick_node-3] [INFO] [1770703971.647350411] [imu_filter]: Parameter RLController.pid_kd_ang set to 0.100000
[imu_filter_madgwick_node-3] [INFO] [1770703972.064338630] [imu_filter]: Parameter RLController.pid_kp_lin set to 1.202327
[imu_filter_madgwick_node-3] [INFO] [1770703972.064545227] [imu_filter]: Parameter RLController.pid_ki_lin set to 0.000000
[imu_filter_madgwick_node-3] [INFO] [1770703972.064617132] [imu_filter]: Parameter RLController.pid_kd_lin set to 0.020000
[imu_filter_madgwick_node-3] [INFO] [1770703972.064681838] [imu_filter]: Parameter RLController.pid_kp_ang set to 1.230000
[imu_filter_madgwick_node-3] [INFO] [1770703972.064734863] [imu_filter]: Parameter RLController.pid_ki_ang set to 0.000000
[imu_filter_madgwick_node-3] [INFO] [1770703972.064787184] [imu_filter]: Parameter RLController.pid_kd_ang set to 0.100000
[imu_filter_madgwick_node-3] [INFO] [1770703972.476569202] [imu_filter]: Parameter RLController.pid_kp_lin set to 1.202327
[imu_filter_madgwick_node-3] [INFO] [1770703972.476780855] [imu_filter]: Parameter RLController.pid_ki_lin set to 0.000000
[imu_filter_madgwick_node-3] [INFO] [1770703972.476851896] [imu_filter]: Parameter RLController.pid_kd_lin set to 0.020000
[imu_filter_madgwick_node-3] [INFO] [1770703972.476915194] [imu_filter]: Parameter RLController.pid_kp_ang set to 1.230000
[imu_filter_madgwick_node-3] [INFO] [1770703972.476971611] [imu_filter]: Parameter RLController.pid_ki_ang set to 0.000000
[imu_filter_madgwick_node-3] [INFO] [1770703972.477025020] [imu_filter]: Parameter RLController.pid_kd_ang set to 0.100000
[imu_filter_madgwick_node-3] [INFO] [1770703972.905246044] [imu_filter]: Parameter RLController.pid_kp_lin set to 1.202327
[imu_filter_madgwick_node-3] [INFO] [1770703972.905869098] [imu_filter]: Parameter RLController.pid_ki_lin set to 0.000000
[imu_filter_madgwick_node-3] [INFO] [1770703972.905970413] [imu_filter]: Parameter RLController.pid_kd_lin set to 0.020000
[imu_filter_madgwick_node-3] [INFO] [1770703972.906042830] [imu_filter]: Parameter RLController.pid_kp_ang set to 1.230000
[imu_filter_madgwick_node-3] [INFO] [1770703972.906101168] [imu_filter]: Parameter RLController.pid_ki_ang set to 0.000000
[imu_filter_madgwick_node-3] [INFO] [1770703972.906154737] [imu_filter]: Parameter RLController.pid_kd_ang set to 0.100000
[imu_filter_madgwick_node-3] [INFO] [1770703973.320419948] [imu_filter]: Parameter RLController.pid_kp_lin set to 1.202327
[imu_filter_madgwick_node-3] [INFO] [1770703973.320652465] [imu_filter]: Parameter RLController.pid_ki_lin set to 0.000000
[imu_filter_madgwick_node-3] [INFO] [1770703973.320724371] [imu_filter]: Parameter RLController.pid_kd_lin set to 0.020000
[imu_filter_madgwick_node-3] [INFO] [1770703973.320780340] [imu_filter]: Parameter RLController.pid_kp_ang set to 1.230000
[imu_filter_madgwick_node-3] [INFO] [1770703973.323256622] [imu_filter]: Parameter RLController.pid_ki_ang set to 0.000000
[imu_filter_madgwick_node-3] [INFO] [1770703973.323498099] [imu_filter]: Parameter RLController.pid_kd_ang set to 0.100000
[imu_filter_madgwick_node-3] [INFO] [1770703973.730268096] [imu_filter]: Parameter RLController.pid_kp_lin set to 1.202327
[imu_filter_madgwick_node-3] [INFO] [1770703973.736345070] [imu_filter]: Parameter RLController.pid_ki_lin set to 0.000000
[imu_filter_madgwick_node-3] [INFO] [1770703973.736689014] [imu_filter]: Parameter RLController.pid_kd_lin set to 0.020000
[imu_filter_madgwick_node-3] [INFO] [1770703973.736827321] [imu_filter]: Parameter RLController.pid_kp_ang set to 1.230000
[imu_filter_madgwick_node-3] [INFO] [1770703973.737025917] [imu_filter]: Parameter RLController.pid_ki_ang set to 0.000000
[imu_filter_madgwick_node-3] [INFO] [1770703973.737088991] [imu_filter]: Parameter RLController.pid_kd_ang set to 0.100000
[imu_filter_madgwick_node-3] [INFO] [1770703974.163698745] [imu_filter]: Parameter RLController.pid_kp_lin set to 1.202327
[imu_filter_madgwick_node-3] [INFO] [1770703974.163922494] [imu_filter]: Parameter RLController.pid_ki_lin set to 0.000000
[imu_filter_madgwick_node-3] [INFO] [1770703974.163987968] [imu_filter]: Parameter RLController.pid_kd_lin set to 0.020000
[imu_filter_madgwick_node-3] [INFO] [1770703974.164050401] [imu_filter]: Parameter RLController.pid_kp_ang set to 1.230000
[imu_filter_madgwick_node-3] [INFO] [1770703974.164104738] [imu_filter]: Parameter RLController.pid_ki_ang set to 0.000000
[imu_filter_madgwick_node-3] [INFO] [1770703974.164155235] [imu_filter]: Parameter RLController.pid_kd_ang set to 0.100000
[imu_filter_madgwick_node-3] [INFO] [1770703974.578884681] [imu_filter]: Parameter RLController.pid_kp_lin set to 1.202327
[imu_filter_madgwick_node-3] [INFO] [1770703974.579089102] [imu_filter]: Parameter RLController.pid_ki_lin set to 0.000000
[imu_filter_madgwick_node-3] [INFO] [1770703974.585456706] [imu_filter]: Parameter RLController.pid_kd_lin set to 0.020000
[imu_filter_madgwick_node-3] [INFO] [1770703974.585825707] [imu_filter]: Parameter RLController.pid_kp_ang set to 1.230000
[imu_filter_madgwick_node-3] [INFO] [1770703974.585958382] [imu_filter]: Parameter RLController.pid_ki_ang set to 0.000000
[imu_filter_madgwick_node-3] [INFO] [1770703974.586064432] [imu_filter]: Parameter RLController.pid_kd_ang set to 0.100000
[imu_filter_madgwick_node-3] [INFO] [1770703975.003985504] [imu_filter]: Parameter RLController.pid_kp_lin set to 1.202327
[imu_filter_madgwick_node-3] [INFO] [1770703975.004345769] [imu_filter]: Parameter RLController.pid_ki_lin set to 0.000000
[imu_filter_madgwick_node-3] [INFO] [1770703975.004449771] [imu_filter]: Parameter RLController.pid_kd_lin set to 0.020000
[imu_filter_madgwick_node-3] [INFO] [1770703975.004515597] [imu_filter]: Parameter RLController.pid_kp_ang set to 1.230000
[imu_filter_madgwick_node-3] [INFO] [1770703975.004572526] [imu_filter]: Parameter RLController.pid_ki_ang set to 0.000000
[imu_filter_madgwick_node-3] [INFO] [1770703975.004630095] [imu_filter]: Parameter RLController.pid_kd_ang set to 0.100000
[imu_filter_madgwick_node-3] [INFO] [1770703975.430531513] [imu_filter]: Parameter RLController.pid_kp_lin set to 1.202327
[imu_filter_madgwick_node-3] [INFO] [1770703975.430730333] [imu_filter]: Parameter RLController.pid_ki_lin set to 0.000000
[imu_filter_madgwick_node-3] [INFO] [1770703975.430819647] [imu_filter]: Parameter RLController.pid_kd_lin set to 0.020000
[imu_filter_madgwick_node-3] [INFO] [1770703975.430884545] [imu_filter]: Parameter RLController.pid_kp_ang set to 1.230000
[imu_filter_madgwick_node-3] [INFO] [1770703975.430935362] [imu_filter]: Parameter RLController.pid_ki_ang set to 0.000000
[imu_filter_madgwick_node-3] [INFO] [1770703975.431716148] [imu_filter]: Parameter RLController.pid_kd_ang set to 0.100000
[imu_filter_madgwick_node-3] [INFO] [1770703975.846038321] [imu_filter]: Parameter RLController.pid_kp_lin set to 1.202327
[imu_filter_madgwick_node-3] [INFO] [1770703975.846283574] [imu_filter]: Parameter RLController.pid_ki_lin set to 0.000000
[imu_filter_madgwick_node-3] [INFO] [1770703975.846351416] [imu_filter]: Parameter RLController.pid_kd_lin set to 0.020000
[imu_filter_madgwick_node-3] [INFO] [1770703975.846410457] [imu_filter]: Parameter RLController.pid_kp_ang set to 1.230000
[imu_filter_madgwick_node-3] [INFO] [1770703975.846464347] [imu_filter]: Parameter RLController.pid_ki_ang set to 0.000000
[imu_filter_madgwick_node-3] [INFO] [1770703975.846516380] [imu_filter]: Parameter RLController.pid_kd_ang set to 0.100000
[imu_filter_madgwick_node-3] [INFO] [1770703976.258515010] [imu_filter]: Parameter RLController.pid_kp_lin set to 1.202327
[imu_filter_madgwick_node-3] [INFO] [1770703976.258712967] [imu_filter]: Parameter RLController.pid_ki_lin set to 0.000000
[imu_filter_madgwick_node-3] [INFO] [1770703976.258778952] [imu_filter]: Parameter RLController.pid_kd_lin set to 0.020000
[imu_filter_madgwick_node-3] [INFO] [1770703976.258839530] [imu_filter]: Parameter RLController.pid_kp_ang set to 1.230000
[imu_filter_madgwick_node-3] [INFO] [1770703976.258891627] [imu_filter]: Parameter RLController.pid_ki_ang set to 0.000000
[imu_filter_madgwick_node-3] [INFO] [1770703976.258944044] [imu_filter]: Parameter RLController.pid_kd_ang set to 0.100000
[imu_filter_madgwick_node-3] [INFO] [1770703976.683807070] [imu_filter]: Parameter RLController.pid_kp_lin set to 1.202327
[imu_filter_madgwick_node-3] [INFO] [1770703976.686884197] [imu_filter]: Parameter RLController.pid_ki_lin set to 0.000000
[imu_filter_madgwick_node-3] [INFO] [1770703976.687095050] [imu_filter]: Parameter RLController.pid_kd_lin set to 0.020000
[imu_filter_madgwick_node-3] [INFO] [1770703976.687190796] [imu_filter]: Parameter RLController.pid_kp_ang set to 1.230000
[imu_filter_madgwick_node-3] [INFO] [1770703976.687246446] [imu_filter]: Parameter RLController.pid_ki_ang set to 0.000000
[imu_filter_madgwick_node-3] [INFO] [1770703976.687488531] [imu_filter]: Parameter RLController.pid_kd_ang set to 0.100000
[imu_filter_madgwick_node-3] [INFO] [1770703977.116561318] [imu_filter]: Parameter RLController.pid_kp_lin set to 1.202327
[imu_filter_madgwick_node-3] [INFO] [1770703977.116783660] [imu_filter]: Parameter RLController.pid_ki_lin set to 0.000000
[imu_filter_madgwick_node-3] [INFO] [1770703977.116854893] [imu_filter]: Parameter RLController.pid_kd_lin set to 0.020000
[imu_filter_madgwick_node-3] [INFO] [1770703977.116913775] [imu_filter]: Parameter RLController.pid_kp_ang set to 1.230000
[imu_filter_madgwick_node-3] [INFO] [1770703977.116966672] [imu_filter]: Parameter RLController.pid_ki_ang set to 0.000000
[imu_filter_madgwick_node-3] [INFO] [1770703977.117017297] [imu_filter]: Parameter RLController.pid_kd_ang set to 0.100000
[imu_filter_madgwick_node-3] [INFO] [1770703977.523842335] [imu_filter]: Parameter RLController.pid_kp_lin set to 1.202327
[imu_filter_madgwick_node-3] [INFO] [1770703977.524037316] [imu_filter]: Parameter RLController.pid_ki_lin set to 0.000000
[imu_filter_madgwick_node-3] [INFO] [1770703977.524104549] [imu_filter]: Parameter RLController.pid_kd_lin set to 0.020000
[imu_filter_madgwick_node-3] [INFO] [1770703977.524164935] [imu_filter]: Parameter RLController.pid_kp_ang set to 1.230000
[imu_filter_madgwick_node-3] [INFO] [1770703977.526725666] [imu_filter]: Parameter RLController.pid_ki_ang set to 0.000000
[imu_filter_madgwick_node-3] [INFO] [1770703977.528552813] [imu_filter]: Parameter RLController.pid_kd_ang set to 0.100000
[imu_filter_madgwick_node-3] [INFO] [1770703977.940082504] [imu_filter]: Parameter RLController.pid_kp_lin set to 1.202327
[imu_filter_madgwick_node-3] [INFO] [1770703977.940346478] [imu_filter]: Parameter RLController.pid_ki_lin set to 0.000000
[imu_filter_madgwick_node-3] [INFO] [1770703977.940424112] [imu_filter]: Parameter RLController.pid_kd_lin set to 0.020000
[imu_filter_madgwick_node-3] [INFO] [1770703977.940484113] [imu_filter]: Parameter RLController.pid_kp_ang set to 1.230000
[imu_filter_madgwick_node-3] [INFO] [1770703977.940537907] [imu_filter]: Parameter RLController.pid_ki_ang set to 0.000000
[imu_filter_madgwick_node-3] [INFO] [1770703977.940589812] [imu_filter]: Parameter RLController.pid_kd_ang set to 0.100000
[imu_filter_madgwick_node-3] [INFO] [1770703978.363232498] [imu_filter]: Parameter RLController.pid_kp_lin set to 1.202327
[imu_filter_madgwick_node-3] [INFO] [1770703978.363541977] [imu_filter]: Parameter RLController.pid_ki_lin set to 0.000000
[imu_filter_madgwick_node-3] [INFO] [1770703978.363614459] [imu_filter]: Parameter RLController.pid_kd_lin set to 0.020000
[imu_filter_madgwick_node-3] [INFO] [1770703978.363675004] [imu_filter]: Parameter RLController.pid_kp_ang set to 1.230000
[imu_filter_madgwick_node-3] [INFO] [1770703978.363730429] [imu_filter]: Parameter RLController.pid_ki_ang set to 0.000000
[imu_filter_madgwick_node-3] [INFO] [1770703978.363782591] [imu_filter]: Parameter RLController.pid_kd_ang set to 0.100000
[imu_filter_madgwick_node-3] [INFO] [1770703978.778466659] [imu_filter]: Parameter RLController.pid_kp_lin set to 1.202327
[imu_filter_madgwick_node-3] [INFO] [1770703978.781038399] [imu_filter]: Parameter RLController.pid_ki_lin set to 0.000000
[imu_filter_madgwick_node-3] [INFO] [1770703978.781223939] [imu_filter]: Parameter RLController.pid_kd_lin set to 0.020000
[imu_filter_madgwick_node-3] [INFO] [1770703978.781308389] [imu_filter]: Parameter RLController.pid_kp_ang set to 1.230000
[imu_filter_madgwick_node-3] [INFO] [1770703978.781366567] [imu_filter]: Parameter RLController.pid_ki_ang set to 0.000000
[imu_filter_madgwick_node-3] [INFO] [1770703978.781420104] [imu_filter]: Parameter RLController.pid_kd_ang set to 0.100000
[imu_filter_madgwick_node-3] [INFO] [1770703979.191485057] [imu_filter]: Parameter RLController.pid_kp_lin set to 1.202327
[imu_filter_madgwick_node-3] [INFO] [1770703979.191716615] [imu_filter]: Parameter RLController.pid_ki_lin set to 0.000000
[imu_filter_madgwick_node-3] [INFO] [1770703979.191784104] [imu_filter]: Parameter RLController.pid_kd_lin set to 0.020000
[imu_filter_madgwick_node-3] [INFO] [1770703979.191846154] [imu_filter]: Parameter RLController.pid_kp_ang set to 1.230000
[imu_filter_madgwick_node-3] [INFO] [1770703979.192962948] [imu_filter]: Parameter RLController.pid_ki_ang set to 0.000000
[imu_filter_madgwick_node-3] [INFO] [1770703979.193068262] [imu_filter]: Parameter RLController.pid_kd_ang set to 0.100000
[imu_filter_madgwick_node-3] [INFO] [1770703979.624538001] [imu_filter]: Parameter RLController.pid_kp_lin set to 1.202327
[imu_filter_madgwick_node-3] [INFO] [1770703979.624906554] [imu_filter]: Parameter RLController.pid_ki_lin set to 0.000000
[imu_filter_madgwick_node-3] [INFO] [1770703979.625020156] [imu_filter]: Parameter RLController.pid_kd_lin set to 0.020000
[imu_filter_madgwick_node-3] [INFO] [1770703979.625087998] [imu_filter]: Parameter RLController.pid_kp_ang set to 1.230000
[imu_filter_madgwick_node-3] [INFO] [1770703979.625146687] [imu_filter]: Parameter RLController.pid_ki_ang set to 0.000000
[imu_filter_madgwick_node-3] [INFO] [1770703979.625204385] [imu_filter]: Parameter RLController.pid_kd_ang set to 0.100000
[imu_filter_madgwick_node-3] [INFO] [1770703980.042625477] [imu_filter]: Parameter RLController.pid_kp_lin set to 1.202327
[imu_filter_madgwick_node-3] [INFO] [1770703980.042969293] [imu_filter]: Parameter RLController.pid_ki_lin set to 0.000000
[imu_filter_madgwick_node-3] [INFO] [1770703980.043057167] [imu_filter]: Parameter RLController.pid_kd_lin set to 0.020000
[imu_filter_madgwick_node-3] [INFO] [1770703980.043117425] [imu_filter]: Parameter RLController.pid_kp_ang set to 1.230000
[imu_filter_madgwick_node-3] [INFO] [1770703980.043170866] [imu_filter]: Parameter RLController.pid_ki_ang set to 0.000000
[imu_filter_madgwick_node-3] [INFO] [1770703980.043224531] [imu_filter]: Parameter RLController.pid_kd_ang set to 0.100000
[imu_filter_madgwick_node-3] [INFO] [1770703980.457810390] [imu_filter]: Parameter RLController.pid_kp_lin set to 1.202327
[imu_filter_madgwick_node-3] [INFO] [1770703980.458096220] [imu_filter]: Parameter RLController.pid_ki_lin set to 0.000000
[imu_filter_madgwick_node-3] [INFO] [1770703980.458266464] [imu_filter]: Parameter RLController.pid_kd_lin set to 0.020000
[imu_filter_madgwick_node-3] [INFO] [1770703980.458349762] [imu_filter]: Parameter RLController.pid_kp_ang set to 1.230000
[imu_filter_madgwick_node-3] [INFO] [1770703980.458655209] [imu_filter]: Parameter RLController.pid_ki_ang set to 0.000000
[imu_filter_madgwick_node-3] [INFO] [1770703980.458716779] [imu_filter]: Parameter RLController.pid_kd_ang set to 0.100000
[imu_filter_madgwick_node-3] [INFO] [1770703980.868879910] [imu_filter]: Parameter RLController.pid_kp_lin set to 1.202327
[imu_filter_madgwick_node-3] [INFO] [1770703980.870808243] [imu_filter]: Parameter RLController.pid_ki_lin set to 0.000000
[imu_filter_madgwick_node-3] [INFO] [1770703980.871049177] [imu_filter]: Parameter RLController.pid_kd_lin set to 0.020000
[imu_filter_madgwick_node-3] [INFO] [1770703980.871125723] [imu_filter]: Parameter RLController.pid_kp_ang set to 1.230000
[imu_filter_madgwick_node-3] [INFO] [1770703980.871249501] [imu_filter]: Parameter RLController.pid_ki_ang set to 0.000000
[imu_filter_madgwick_node-3] [INFO] [1770703980.871326911] [imu_filter]: Parameter RLController.pid_kd_ang set to 0.100000
[imu_filter_madgwick_node-3] [INFO] [1770703981.301357321] [imu_filter]: Parameter RLController.pid_kp_lin set to 1.202327
[imu_filter_madgwick_node-3] [INFO] [1770703981.301568174] [imu_filter]: Parameter RLController.pid_ki_lin set to 0.000000
[imu_filter_madgwick_node-3] [INFO] [1770703981.301634895] [imu_filter]: Parameter RLController.pid_kd_lin set to 0.020000
[imu_filter_madgwick_node-3] [INFO] [1770703981.301694929] [imu_filter]: Parameter RLController.pid_kp_ang set to 1.230000
[imu_filter_madgwick_node-3] [INFO] [1770703981.301749042] [imu_filter]: Parameter RLController.pid_ki_ang set to 0.000000
[imu_filter_madgwick_node-3] [INFO] [1770703981.301794579] [imu_filter]: Parameter RLController.pid_kd_ang set to 0.100000
[imu_filter_madgwick_node-3] [INFO] [1770703981.721497516] [imu_filter]: Parameter RLController.pid_kp_lin set to 1.202327
[imu_filter_madgwick_node-3] [INFO] [1770703981.721701329] [imu_filter]: Parameter RLController.pid_ki_lin set to 0.000000
[imu_filter_madgwick_node-3] [INFO] [1770703981.721898262] [imu_filter]: Parameter RLController.pid_kd_lin set to 0.020000
[imu_filter_madgwick_node-3] [INFO] [1770703981.721968407] [imu_filter]: Parameter RLController.pid_kp_ang set to 1.230000
[imu_filter_madgwick_node-3] [INFO] [1770703981.722025273] [imu_filter]: Parameter RLController.pid_ki_ang set to 0.000000
[imu_filter_madgwick_node-3] [INFO] [1770703981.722078298] [imu_filter]: Parameter RLController.pid_kd_ang set to 0.100000
[imu_filter_madgwick_node-3] [INFO] [1770703982.158397493] [imu_filter]: Parameter RLController.pid_kp_lin set to 1.202327
[imu_filter_madgwick_node-3] [INFO] [1770703982.158616891] [imu_filter]: Parameter RLController.pid_ki_lin set to 0.000000
[imu_filter_madgwick_node-3] [INFO] [1770703982.158690012] [imu_filter]: Parameter RLController.pid_kd_lin set to 0.020000
[imu_filter_madgwick_node-3] [INFO] [1770703982.158749438] [imu_filter]: Parameter RLController.pid_kp_ang set to 1.230000
[imu_filter_madgwick_node-3] [INFO] [1770703982.158802783] [imu_filter]: Parameter RLController.pid_ki_ang set to 0.000000
[imu_filter_madgwick_node-3] [INFO] [1770703982.158855616] [imu_filter]: Parameter RLController.pid_kd_ang set to 0.100000
[imu_filter_madgwick_node-3] [INFO] [1770703982.582847037] [imu_filter]: Parameter RLController.pid_kp_lin set to 1.202327
[imu_filter_madgwick_node-3] [INFO] [1770703982.583037858] [imu_filter]: Parameter RLController.pid_ki_lin set to 0.000000
[imu_filter_madgwick_node-3] [INFO] [1770703982.583143428] [imu_filter]: Parameter RLController.pid_kd_lin set to 0.020000
[imu_filter_madgwick_node-3] [INFO] [1770703982.583227686] [imu_filter]: Parameter RLController.pid_kp_ang set to 1.230000
[imu_filter_madgwick_node-3] [INFO] [1770703982.583412874] [imu_filter]: Parameter RLController.pid_ki_ang set to 0.000000
[imu_filter_madgwick_node-3] [INFO] [1770703982.583480428] [imu_filter]: Parameter RLController.pid_kd_ang set to 0.100000
[imu_filter_madgwick_node-3] [INFO] [1770703983.018307173] [imu_filter]: Parameter RLController.pid_kp_lin set to 1.202327
[imu_filter_madgwick_node-3] [INFO] [1770703983.018630732] [imu_filter]: Parameter RLController.pid_ki_lin set to 0.000000
[imu_filter_madgwick_node-3] [INFO] [1770703983.018720175] [imu_filter]: Parameter RLController.pid_kd_lin set to 0.020000
[imu_filter_madgwick_node-3] [INFO] [1770703983.018898931] [imu_filter]: Parameter RLController.pid_kp_ang set to 1.230000
[imu_filter_madgwick_node-3] [INFO] [1770703983.018961876] [imu_filter]: Parameter RLController.pid_ki_ang set to 0.000000
[imu_filter_madgwick_node-3] [INFO] [1770703983.019019189] [imu_filter]: Parameter RLController.pid_kd_ang set to 0.100000
[imu_filter_madgwick_node-3] [INFO] [1770703983.427387496] [imu_filter]: Parameter RLController.pid_kp_lin set to 1.202327
[imu_filter_madgwick_node-3] [INFO] [1770703983.427611021] [imu_filter]: Parameter RLController.pid_ki_lin set to 0.000000
[imu_filter_madgwick_node-3] [INFO] [1770703983.427683598] [imu_filter]: Parameter RLController.pid_kd_lin set to 0.020000
[imu_filter_madgwick_node-3] [INFO] [1770703983.427746672] [imu_filter]: Parameter RLController.pid_kp_ang set to 1.230000
[imu_filter_madgwick_node-3] [INFO] [1770703983.427801809] [imu_filter]: Parameter RLController.pid_ki_ang set to 0.000000
[imu_filter_madgwick_node-3] [INFO] [1770703983.427857778] [imu_filter]: Parameter RLController.pid_kd_ang set to 0.100000
[imu_filter_madgwick_node-3] [INFO] [1770703983.845724769] [imu_filter]: Parameter RLController.pid_kp_lin set to 1.202327
[imu_filter_madgwick_node-3] [INFO] [1770703983.846253742] [imu_filter]: Parameter RLController.pid_ki_lin set to 0.000000
[imu_filter_madgwick_node-3] [INFO] [1770703983.846370672] [imu_filter]: Parameter RLController.pid_kd_lin set to 0.020000
[imu_filter_madgwick_node-3] [INFO] [1770703983.846437234] [imu_filter]: Parameter RLController.pid_kp_ang set to 1.230000
[imu_filter_madgwick_node-3] [INFO] [1770703983.846493043] [imu_filter]: Parameter RLController.pid_ki_ang set to 0.000000
[imu_filter_madgwick_node-3] [INFO] [1770703983.846546580] [imu_filter]: Parameter RLController.pid_kd_ang set to 0.100000
[imu_filter_madgwick_node-3] [INFO] [1770703984.260840432] [imu_filter]: Parameter RLController.pid_kp_lin set to 1.202327
[imu_filter_madgwick_node-3] [INFO] [1770703984.261057173] [imu_filter]: Parameter RLController.pid_ki_lin set to 0.000000
[imu_filter_madgwick_node-3] [INFO] [1770703984.261126743] [imu_filter]: Parameter RLController.pid_kd_lin set to 0.020000
[imu_filter_madgwick_node-3] [INFO] [1770703984.261188984] [imu_filter]: Parameter RLController.pid_kp_ang set to 1.230000
[imu_filter_madgwick_node-3] [INFO] [1770703984.261243641] [imu_filter]: Parameter RLController.pid_ki_ang set to 0.000000
[imu_filter_madgwick_node-3] [INFO] [1770703984.261295003] [imu_filter]: Parameter RLController.pid_kd_ang set to 0.100000
[imu_filter_madgwick_node-3] [INFO] [1770703984.674310073] [imu_filter]: Parameter RLController.pid_kp_lin set to 1.202327
[imu_filter_madgwick_node-3] [INFO] [1770703984.674503133] [imu_filter]: Parameter RLController.pid_ki_lin set to 0.000000
[imu_filter_madgwick_node-3] [INFO] [1770703984.674566879] [imu_filter]: Parameter RLController.pid_kd_lin set to 0.020000
[imu_filter_madgwick_node-3] [INFO] [1770703984.674625056] [imu_filter]: Parameter RLController.pid_kp_ang set to 1.230000
[imu_filter_madgwick_node-3] [INFO] [1770703984.674677473] [imu_filter]: Parameter RLController.pid_ki_ang set to 0.000000
[imu_filter_madgwick_node-3] [INFO] [1770703984.674728578] [imu_filter]: Parameter RLController.pid_kd_ang set to 0.100000
[imu_filter_madgwick_node-3] [INFO] [1770703985.099253100] [imu_filter]: Parameter RLController.pid_kp_lin set to 1.202327
[imu_filter_madgwick_node-3] [INFO] [1770703985.099479185] [imu_filter]: Parameter RLController.pid_ki_lin set to 0.000000
[imu_filter_madgwick_node-3] [INFO] [1770703985.103836790] [imu_filter]: Parameter RLController.pid_kd_lin set to 0.020000
[imu_filter_madgwick_node-3] [INFO] [1770703985.109557755] [imu_filter]: Parameter RLController.pid_kp_ang set to 1.230000
[imu_filter_madgwick_node-3] [INFO] [1770703985.109763072] [imu_filter]: Parameter RLController.pid_ki_ang set to 0.000000
[imu_filter_madgwick_node-3] [INFO] [1770703985.109936676] [imu_filter]: Parameter RLController.pid_kd_ang set to 0.100000
[imu_filter_madgwick_node-3] [INFO] [1770703985.517646887] [imu_filter]: Parameter RLController.pid_kp_lin set to 1.202327
[imu_filter_madgwick_node-3] [INFO] [1770703985.517841804] [imu_filter]: Parameter RLController.pid_ki_lin set to 0.000000
[imu_filter_madgwick_node-3] [INFO] [1770703985.517909357] [imu_filter]: Parameter RLController.pid_kd_lin set to 0.020000
[imu_filter_madgwick_node-3] [INFO] [1770703985.517969326] [imu_filter]: Parameter RLController.pid_kp_ang set to 1.230000
[imu_filter_madgwick_node-3] [INFO] [1770703985.518026800] [imu_filter]: Parameter RLController.pid_ki_ang set to 0.000000
[imu_filter_madgwick_node-3] [INFO] [1770703985.518090769] [imu_filter]: Parameter RLController.pid_kd_ang set to 0.100000
[imu_filter_madgwick_node-3] [INFO] [1770703985.936228486] [imu_filter]: Parameter RLController.pid_kp_lin set to 1.202327
[imu_filter_madgwick_node-3] [INFO] [1770703985.936561294] [imu_filter]: Parameter RLController.pid_ki_lin set to 0.000000
[imu_filter_madgwick_node-3] [INFO] [1770703985.936640688] [imu_filter]: Parameter RLController.pid_kd_lin set to 0.020000
[imu_filter_madgwick_node-3] [INFO] [1770703985.936702321] [imu_filter]: Parameter RLController.pid_kp_ang set to 1.230000
[imu_filter_madgwick_node-3] [INFO] [1770703985.936755795] [imu_filter]: Parameter RLController.pid_ki_ang set to 0.000000
[imu_filter_madgwick_node-3] [INFO] [1770703985.936928439] [imu_filter]: Parameter RLController.pid_kd_ang set to 0.100000
[imu_filter_madgwick_node-3] [INFO] [1770703986.353974802] [imu_filter]: Parameter RLController.pid_kp_lin set to 1.202327
[imu_filter_madgwick_node-3] [INFO] [1770703986.354183767] [imu_filter]: Parameter RLController.pid_ki_lin set to 0.000000
[imu_filter_madgwick_node-3] [INFO] [1770703986.354259033] [imu_filter]: Parameter RLController.pid_kd_lin set to 0.020000
[imu_filter_madgwick_node-3] [INFO] [1770703986.354320314] [imu_filter]: Parameter RLController.pid_kp_ang set to 1.230000
[imu_filter_madgwick_node-3] [INFO] [1770703986.354373852] [imu_filter]: Parameter RLController.pid_ki_ang set to 0.000000
[imu_filter_madgwick_node-3] [INFO] [1770703986.354426461] [imu_filter]: Parameter RLController.pid_kd_ang set to 0.100000
[imu_filter_madgwick_node-3] [INFO] [1770703986.766650441] [imu_filter]: Parameter RLController.pid_kp_lin set to 1.202327
[imu_filter_madgwick_node-3] [INFO] [1770703986.766853165] [imu_filter]: Parameter RLController.pid_ki_lin set to 0.000000
[imu_filter_madgwick_node-3] [INFO] [1770703986.766920399] [imu_filter]: Parameter RLController.pid_kd_lin set to 0.020000
[imu_filter_madgwick_node-3] [INFO] [1770703986.766978512] [imu_filter]: Parameter RLController.pid_kp_ang set to 1.230000
[imu_filter_madgwick_node-3] [INFO] [1770703986.767032881] [imu_filter]: Parameter RLController.pid_ki_ang set to 0.000000
[imu_filter_madgwick_node-3] [INFO] [1770703986.767088467] [imu_filter]: Parameter RLController.pid_kd_ang set to 0.100000
[imu_filter_madgwick_node-3] [INFO] [1770703987.183535617] [imu_filter]: Parameter RLController.pid_kp_lin set to 1.202327
[imu_filter_madgwick_node-3] [INFO] [1770703987.184070861] [imu_filter]: Parameter RLController.pid_ki_lin set to 0.000000
[imu_filter_madgwick_node-3] [INFO] [1770703987.184262161] [imu_filter]: Parameter RLController.pid_kd_lin set to 0.020000
[imu_filter_madgwick_node-3] [INFO] [1770703987.184340691] [imu_filter]: Parameter RLController.pid_kp_ang set to 1.230000
[imu_filter_madgwick_node-3] [INFO] [1770703987.184402165] [imu_filter]: Parameter RLController.pid_ki_ang set to 0.000000
[imu_filter_madgwick_node-3] [INFO] [1770703987.184461590] [imu_filter]: Parameter RLController.pid_kd_ang set to 0.100000
[imu_filter_madgwick_node-3] [INFO] [1770703987.600636510] [imu_filter]: Parameter RLController.pid_kp_lin set to 1.202327
[imu_filter_madgwick_node-3] [INFO] [1770703987.600990214] [imu_filter]: Parameter RLController.pid_ki_lin set to 0.000000
[imu_filter_madgwick_node-3] [INFO] [1770703987.601070632] [imu_filter]: Parameter RLController.pid_kd_lin set to 0.020000
[imu_filter_madgwick_node-3] [INFO] [1770703987.601135529] [imu_filter]: Parameter RLController.pid_kp_ang set to 1.230000
[imu_filter_madgwick_node-3] [INFO] [1770703987.601193002] [imu_filter]: Parameter RLController.pid_ki_ang set to 0.000000
[imu_filter_madgwick_node-3] [INFO] [1770703987.601248044] [imu_filter]: Parameter RLController.pid_kd_ang set to 0.100000
[imu_filter_madgwick_node-3] [INFO] [1770703988.030349088] [imu_filter]: Parameter RLController.pid_kp_lin set to 1.202327
[imu_filter_madgwick_node-3] [INFO] [1770703988.037113213] [imu_filter]: Parameter RLController.pid_ki_lin set to 0.000000
[imu_filter_madgwick_node-3] [INFO] [1770703988.040459467] [imu_filter]: Parameter RLController.pid_kd_lin set to 0.020000
[imu_filter_madgwick_node-3] [INFO] [1770703988.040639439] [imu_filter]: Parameter RLController.pid_kp_ang set to 1.230000
[imu_filter_madgwick_node-3] [INFO] [1770703988.040704880] [imu_filter]: Parameter RLController.pid_ki_ang set to 0.000000
[imu_filter_madgwick_node-3] [INFO] [1770703988.040760498] [imu_filter]: Parameter RLController.pid_kd_ang set to 0.100000
[imu_filter_madgwick_node-3] [INFO] [1770703988.446478822] [imu_filter]: Parameter RLController.pid_kp_lin set to 1.202327
[imu_filter_madgwick_node-3] [INFO] [1770703988.446710155] [imu_filter]: Parameter RLController.pid_ki_lin set to 0.000000
[imu_filter_madgwick_node-3] [INFO] [1770703988.446780653] [imu_filter]: Parameter RLController.pid_kd_lin set to 0.020000
[imu_filter_madgwick_node-3] [INFO] [1770703988.446841871] [imu_filter]: Parameter RLController.pid_kp_ang set to 1.230000
[imu_filter_madgwick_node-3] [INFO] [1770703988.446890928] [imu_filter]: Parameter RLController.pid_ki_ang set to 0.000000
[imu_filter_madgwick_node-3] [INFO] [1770703988.448753979] [imu_filter]: Parameter RLController.pid_kd_ang set to 0.100000
[imu_filter_madgwick_node-3] [INFO] [1770703988.864068110] [imu_filter]: Parameter RLController.pid_kp_lin set to 1.202327
[imu_filter_madgwick_node-3] [INFO] [1770703988.864313332] [imu_filter]: Parameter RLController.pid_ki_lin set to 0.000000
[imu_filter_madgwick_node-3] [INFO] [1770703988.864389622] [imu_filter]: Parameter RLController.pid_kd_lin set to 0.020000
[imu_filter_madgwick_node-3] [INFO] [1770703988.864448407] [imu_filter]: Parameter RLController.pid_kp_ang set to 1.230000
[imu_filter_madgwick_node-3] [INFO] [1770703988.864502232] [imu_filter]: Parameter RLController.pid_ki_ang set to 0.000000
[imu_filter_madgwick_node-3] [INFO] [1770703988.864556410] [imu_filter]: Parameter RLController.pid_kd_ang set to 0.100000
[imu_filter_madgwick_node-3] [INFO] [1770703989.279324705] [imu_filter]: Parameter RLController.pid_kp_lin set to 1.202327
[imu_filter_madgwick_node-3] [INFO] [1770703989.279537413] [imu_filter]: Parameter RLController.pid_ki_lin set to 0.000000
[imu_filter_madgwick_node-3] [INFO] [1770703989.279614151] [imu_filter]: Parameter RLController.pid_kd_lin set to 0.020000
[imu_filter_madgwick_node-3] [INFO] [1770703989.279673993] [imu_filter]: Parameter RLController.pid_kp_ang set to 1.230000
[imu_filter_madgwick_node-3] [INFO] [1770703989.279729194] [imu_filter]: Parameter RLController.pid_ki_ang set to 0.000000
[imu_filter_madgwick_node-3] [INFO] [1770703989.279782763] [imu_filter]: Parameter RLController.pid_kd_ang set to 0.100000
[imu_filter_madgwick_node-3] [INFO] [1770703989.693317877] [imu_filter]: Parameter RLController.pid_kp_lin set to 1.202327
[imu_filter_madgwick_node-3] [INFO] [1770703989.693638653] [imu_filter]: Parameter RLController.pid_ki_lin set to 0.000000
[imu_filter_madgwick_node-3] [INFO] [1770703989.693751743] [imu_filter]: Parameter RLController.pid_kd_lin set to 0.020000
[imu_filter_madgwick_node-3] [INFO] [1770703989.693820993] [imu_filter]: Parameter RLController.pid_kp_ang set to 1.230000
[imu_filter_madgwick_node-3] [INFO] [1770703989.693888995] [imu_filter]: Parameter RLController.pid_ki_ang set to 0.000000
[imu_filter_madgwick_node-3] [INFO] [1770703989.693944740] [imu_filter]: Parameter RLController.pid_kd_ang set to 0.100000
[imu_filter_madgwick_node-3] [INFO] [1770703990.104526409] [imu_filter]: Parameter RLController.pid_kp_lin set to 1.202327
[imu_filter_madgwick_node-3] [INFO] [1770703990.108071772] [imu_filter]: Parameter RLController.pid_ki_lin set to 0.000000
[imu_filter_madgwick_node-3] [INFO] [1770703990.108282369] [imu_filter]: Parameter RLController.pid_kd_lin set to 0.020000
[imu_filter_madgwick_node-3] [INFO] [1770703990.108352898] [imu_filter]: Parameter RLController.pid_kp_ang set to 1.230000
[imu_filter_madgwick_node-3] [INFO] [1770703990.108411012] [imu_filter]: Parameter RLController.pid_ki_ang set to 0.000000
[imu_filter_madgwick_node-3] [INFO] [1770703990.108467525] [imu_filter]: Parameter RLController.pid_kd_ang set to 0.100000
[imu_filter_madgwick_node-3] [INFO] [1770703990.521417826] [imu_filter]: Parameter RLController.pid_kp_lin set to 1.202327
[imu_filter_madgwick_node-3] [INFO] [1770703990.521684808] [imu_filter]: Parameter RLController.pid_ki_lin set to 0.000000
[imu_filter_madgwick_node-3] [INFO] [1770703990.521779722] [imu_filter]: Parameter RLController.pid_kd_lin set to 0.020000
[imu_filter_madgwick_node-3] [INFO] [1770703990.521843915] [imu_filter]: Parameter RLController.pid_kp_ang set to 1.230000
[imu_filter_madgwick_node-3] [INFO] [1770703990.521902637] [imu_filter]: Parameter RLController.pid_ki_ang set to 0.000000
[imu_filter_madgwick_node-3] [INFO] [1770703990.521958094] [imu_filter]: Parameter RLController.pid_kd_ang set to 0.100000
[imu_filter_madgwick_node-3] [INFO] [1770703990.938603264] [imu_filter]: Parameter RLController.pid_kp_lin set to 1.202327
[imu_filter_madgwick_node-3] [INFO] [1770703990.942730432] [imu_filter]: Parameter RLController.pid_ki_lin set to 0.000000
[imu_filter_madgwick_node-3] [INFO] [1770703990.946812831] [imu_filter]: Parameter RLController.pid_kd_lin set to 0.020000
[imu_filter_madgwick_node-3] [INFO] [1770703990.952863852] [imu_filter]: Parameter RLController.pid_kp_ang set to 1.230000
[imu_filter_madgwick_node-3] [INFO] [1770703990.953058512] [imu_filter]: Parameter RLController.pid_ki_ang set to 0.000000
[imu_filter_madgwick_node-3] [INFO] [1770703990.953127218] [imu_filter]: Parameter RLController.pid_kd_ang set to 0.100000
[imu_filter_madgwick_node-3] [INFO] [1770703991.353117793] [imu_filter]: Parameter RLController.pid_kp_lin set to 1.202327
[imu_filter_madgwick_node-3] [INFO] [1770703991.355826240] [imu_filter]: Parameter RLController.pid_ki_lin set to 0.000000
[imu_filter_madgwick_node-3] [INFO] [1770703991.356018309] [imu_filter]: Parameter RLController.pid_kd_lin set to 0.020000
[imu_filter_madgwick_node-3] [INFO] [1770703991.356240330] [imu_filter]: Parameter RLController.pid_kp_ang set to 1.230000
[imu_filter_madgwick_node-3] [INFO] [1770703991.356312684] [imu_filter]: Parameter RLController.pid_ki_ang set to 0.000000
[imu_filter_madgwick_node-3] [INFO] [1770703991.356371117] [imu_filter]: Parameter RLController.pid_kd_ang set to 0.100000
[imu_filter_madgwick_node-3] [INFO] [1770703991.775538490] [imu_filter]: Parameter RLController.pid_kp_lin set to 1.202327
[imu_filter_madgwick_node-3] [INFO] [1770703991.775743743] [imu_filter]: Parameter RLController.pid_ki_lin set to 0.000000
[imu_filter_madgwick_node-3] [INFO] [1770703991.775813888] [imu_filter]: Parameter RLController.pid_kd_lin set to 0.020000
[imu_filter_madgwick_node-3] [INFO] [1770703991.775874946] [imu_filter]: Parameter RLController.pid_kp_ang set to 1.230000
[imu_filter_madgwick_node-3] [INFO] [1770703991.775932131] [imu_filter]: Parameter RLController.pid_ki_ang set to 0.000000
[imu_filter_madgwick_node-3] [INFO] [1770703991.775987236] [imu_filter]: Parameter RLController.pid_kd_ang set to 0.100000
[imu_filter_madgwick_node-3] [INFO] [1770703992.210882911] [imu_filter]: Parameter RLController.pid_kp_lin set to 1.202327
[imu_filter_madgwick_node-3] [INFO] [1770703992.211099876] [imu_filter]: Parameter RLController.pid_ki_lin set to 0.000000
[imu_filter_madgwick_node-3] [INFO] [1770703992.211290664] [imu_filter]: Parameter RLController.pid_kd_lin set to 0.020000
[imu_filter_madgwick_node-3] [INFO] [1770703992.214695128] [imu_filter]: Parameter RLController.pid_kp_ang set to 1.230000
[imu_filter_madgwick_node-3] [INFO] [1770703992.214899772] [imu_filter]: Parameter RLController.pid_ki_ang set to 0.000000
[imu_filter_madgwick_node-3] [INFO] [1770703992.214966334] [imu_filter]: Parameter RLController.pid_kd_ang set to 0.100000
[imu_filter_madgwick_node-3] [INFO] [1770703992.637047663] [imu_filter]: Parameter RLController.pid_kp_lin set to 1.202327
[imu_filter_madgwick_node-3] [INFO] [1770703992.637406295] [imu_filter]: Parameter RLController.pid_ki_lin set to 0.000000
[imu_filter_madgwick_node-3] [INFO] [1770703992.637537306] [imu_filter]: Parameter RLController.pid_kd_lin set to 0.020000
[imu_filter_madgwick_node-3] [INFO] [1770703992.637603996] [imu_filter]: Parameter RLController.pid_kp_ang set to 1.230000
[imu_filter_madgwick_node-3] [INFO] [1770703992.637661533] [imu_filter]: Parameter RLController.pid_ki_ang set to 0.000000
[imu_filter_madgwick_node-3] [INFO] [1770703992.637868962] [imu_filter]: Parameter RLController.pid_kd_ang set to 0.100000
[imu_filter_madgwick_node-3] [INFO] [1770703993.053269879] [imu_filter]: Parameter RLController.pid_kp_lin set to 1.202327
[imu_filter_madgwick_node-3] [INFO] [1770703993.062187910] [imu_filter]: Parameter RLController.pid_ki_lin set to 0.000000
[imu_filter_madgwick_node-3] [INFO] [1770703993.062554223] [imu_filter]: Parameter RLController.pid_kd_lin set to 0.020000
[imu_filter_madgwick_node-3] [INFO] [1770703993.062631377] [imu_filter]: Parameter RLController.pid_kp_ang set to 1.230000
[imu_filter_madgwick_node-3] [INFO] [1770703993.062689426] [imu_filter]: Parameter RLController.pid_ki_ang set to 0.000000
[imu_filter_madgwick_node-3] [INFO] [1770703993.062744915] [imu_filter]: Parameter RLController.pid_kd_ang set to 0.100000
[imu_filter_madgwick_node-3] [INFO] [1770703993.468507017] [imu_filter]: Parameter RLController.pid_kp_lin set to 1.202327
[imu_filter_madgwick_node-3] [INFO] [1770703993.471599793] [imu_filter]: Parameter RLController.pid_ki_lin set to 0.000000
[imu_filter_madgwick_node-3] [INFO] [1770703993.471775317] [imu_filter]: Parameter RLController.pid_kd_lin set to 0.020000
[imu_filter_madgwick_node-3] [INFO] [1770703993.471844374] [imu_filter]: Parameter RLController.pid_kp_ang set to 1.230000
[imu_filter_madgwick_node-3] [INFO] [1770703993.471902104] [imu_filter]: Parameter RLController.pid_ki_ang set to 0.000000
[imu_filter_madgwick_node-3] [INFO] [1770703993.472745547] [imu_filter]: Parameter RLController.pid_kd_ang set to 0.100000
[imu_filter_madgwick_node-3] [INFO] [1770703993.878578659] [imu_filter]: Parameter RLController.pid_kp_lin set to 1.202327
[imu_filter_madgwick_node-3] [INFO] [1770703993.878880138] [imu_filter]: Parameter RLController.pid_ki_lin set to 0.000000
[imu_filter_madgwick_node-3] [INFO] [1770703993.883316753] [imu_filter]: Parameter RLController.pid_kd_lin set to 0.020000
[imu_filter_madgwick_node-3] [INFO] [1770703993.883510933] [imu_filter]: Parameter RLController.pid_kp_ang set to 1.230000
[imu_filter_madgwick_node-3] [INFO] [1770703993.883575351] [imu_filter]: Parameter RLController.pid_ki_ang set to 0.000000
[imu_filter_madgwick_node-3] [INFO] [1770703993.883633752] [imu_filter]: Parameter RLController.pid_kd_ang set to 0.100000
[imu_filter_madgwick_node-3] [INFO] [1770703994.297361799] [imu_filter]: Parameter RLController.pid_kp_lin set to 1.202327
[imu_filter_madgwick_node-3] [INFO] [1770703994.297575116] [imu_filter]: Parameter RLController.pid_ki_lin set to 0.000000
[imu_filter_madgwick_node-3] [INFO] [1770703994.297652493] [imu_filter]: Parameter RLController.pid_kd_lin set to 0.020000
[imu_filter_madgwick_node-3] [INFO] [1770703994.297715791] [imu_filter]: Parameter RLController.pid_kp_ang set to 1.230000
[imu_filter_madgwick_node-3] [INFO] [1770703994.299991044] [imu_filter]: Parameter RLController.pid_ki_ang set to 0.000000
[imu_filter_madgwick_node-3] [INFO] [1770703994.300150951] [imu_filter]: Parameter RLController.pid_kd_ang set to 0.100000
[imu_filter_madgwick_node-3] [INFO] [1770703994.740862761] [imu_filter]: Parameter RLController.pid_kp_lin set to 1.202327
[imu_filter_madgwick_node-3] [INFO] [1770703994.744743651] [imu_filter]: Parameter RLController.pid_ki_lin set to 0.000000
[imu_filter_madgwick_node-3] [INFO] [1770703994.745033258] [imu_filter]: Parameter RLController.pid_kd_lin set to 0.020000
[imu_filter_madgwick_node-3] [INFO] [1770703994.746000000] [imu_filter]: Parameter RLController.pid_kp_ang set to 1.230000
[imu_filter_madgwick_node-3] [INFO] [1770703994.746111811] [imu_filter]: Parameter RLController.pid_ki_ang set to 0.000000
[imu_filter_madgwick_node-3] [INFO] [1770703994.746174757] [imu_filter]: Parameter RLController.pid_kd_ang set to 0.100000
[imu_filter_madgwick_node-3] [INFO] [1770703995.160809928] [imu_filter]: Parameter RLController.pid_kp_lin set to 1.202327
[imu_filter_madgwick_node-3] [INFO] [1770703995.161011757] [imu_filter]: Parameter RLController.pid_ki_lin set to 0.000000
[imu_filter_madgwick_node-3] [INFO] [1770703995.164631009] [imu_filter]: Parameter RLController.pid_kd_lin set to 0.020000
[imu_filter_madgwick_node-3] [INFO] [1770703995.164929352] [imu_filter]: Parameter RLController.pid_kp_ang set to 1.230000
[imu_filter_madgwick_node-3] [INFO] [1770703995.165002762] [imu_filter]: Parameter RLController.pid_ki_ang set to 0.000000
[imu_filter_madgwick_node-3] [INFO] [1770703995.165417171] [imu_filter]: Parameter RLController.pid_kd_ang set to 0.100000
[imu_filter_madgwick_node-3] [INFO] [1770703995.576318496] [imu_filter]: Parameter RLController.pid_kp_lin set to 1.202327
[imu_filter_madgwick_node-3] [INFO] [1770703995.576525701] [imu_filter]: Parameter RLController.pid_ki_lin set to 0.000000
[imu_filter_madgwick_node-3] [INFO] [1770703995.576596231] [imu_filter]: Parameter RLController.pid_kd_lin set to 0.020000
[imu_filter_madgwick_node-3] [INFO] [1770703995.576652488] [imu_filter]: Parameter RLController.pid_kp_ang set to 1.230000
[imu_filter_madgwick_node-3] [INFO] [1770703995.576705193] [imu_filter]: Parameter RLController.pid_ki_ang set to 0.000000
[imu_filter_madgwick_node-3] [INFO] [1770703995.576754090] [imu_filter]: Parameter RLController.pid_kd_ang set to 0.100000
[imu_filter_madgwick_node-3] [INFO] [1770703996.000215835] [imu_filter]: Parameter RLController.pid_kp_lin set to 1.202327
[imu_filter_madgwick_node-3] [INFO] [1770703996.001584027] [imu_filter]: Parameter RLController.pid_ki_lin set to 0.000000
[imu_filter_madgwick_node-3] [INFO] [1770703996.001738047] [imu_filter]: Parameter RLController.pid_kd_lin set to 0.020000
[imu_filter_madgwick_node-3] [INFO] [1770703996.005495030] [imu_filter]: Parameter RLController.pid_kp_ang set to 1.230000
[imu_filter_madgwick_node-3] [INFO] [1770703996.009310671] [imu_filter]: Parameter RLController.pid_ki_ang set to 0.000000
[imu_filter_madgwick_node-3] [INFO] [1770703996.009480979] [imu_filter]: Parameter RLController.pid_kd_ang set to 0.100000
[imu_filter_madgwick_node-3] [INFO] [1770703996.430329831] [imu_filter]: Parameter RLController.pid_kp_lin set to 1.202327
[imu_filter_madgwick_node-3] [INFO] [1770703996.435032052] [imu_filter]: Parameter RLController.pid_ki_lin set to 0.000000
[imu_filter_madgwick_node-3] [INFO] [1770703996.435249881] [imu_filter]: Parameter RLController.pid_kd_lin set to 0.020000
[imu_filter_madgwick_node-3] [INFO] [1770703996.435337083] [imu_filter]: Parameter RLController.pid_kp_ang set to 1.230000
[imu_filter_madgwick_node-3] [INFO] [1770703996.435399836] [imu_filter]: Parameter RLController.pid_ki_ang set to 0.000000
[imu_filter_madgwick_node-3] [INFO] [1770703996.435456798] [imu_filter]: Parameter RLController.pid_kd_ang set to 0.100000
[imu_filter_madgwick_node-3] [INFO] [1770703996.843786639] [imu_filter]: Parameter RLController.pid_kp_lin set to 1.202327
[imu_filter_madgwick_node-3] [INFO] [1770703996.852367606] [imu_filter]: Parameter RLController.pid_ki_lin set to 0.000000
[imu_filter_madgwick_node-3] [INFO] [1770703996.852702334] [imu_filter]: Parameter RLController.pid_kd_lin set to 0.020000
[imu_filter_madgwick_node-3] [INFO] [1770703996.852782976] [imu_filter]: Parameter RLController.pid_kp_ang set to 1.230000
[imu_filter_madgwick_node-3] [INFO] [1770703996.852840897] [imu_filter]: Parameter RLController.pid_ki_ang set to 0.000000
[imu_filter_madgwick_node-3] [INFO] [1770703996.852895395] [imu_filter]: Parameter RLController.pid_kd_ang set to 0.100000
[imu_filter_madgwick_node-3] [INFO] [1770703997.263193121] [imu_filter]: Parameter RLController.pid_kp_lin set to 1.202327
[imu_filter_madgwick_node-3] [INFO] [1770703997.263563018] [imu_filter]: Parameter RLController.pid_ki_lin set to 0.000000
[imu_filter_madgwick_node-3] [INFO] [1770703997.263655276] [imu_filter]: Parameter RLController.pid_kd_lin set to 0.020000
[imu_filter_madgwick_node-3] [INFO] [1770703997.264897417] [imu_filter]: Parameter RLController.pid_kp_ang set to 1.230000
[imu_filter_madgwick_node-3] [INFO] [1770703997.265045197] [imu_filter]: Parameter RLController.pid_ki_ang set to 0.000000
[imu_filter_madgwick_node-3] [INFO] [1770703997.265108526] [imu_filter]: Parameter RLController.pid_kd_ang set to 0.100000
[imu_filter_madgwick_node-3] [INFO] [1770703997.681478874] [imu_filter]: Parameter RLController.pid_kp_lin set to 1.202327
[imu_filter_madgwick_node-3] [INFO] [1770703997.681725696] [imu_filter]: Parameter RLController.pid_ki_lin set to 0.000000
[imu_filter_madgwick_node-3] [INFO] [1770703997.681791681] [imu_filter]: Parameter RLController.pid_kd_lin set to 0.020000
[imu_filter_madgwick_node-3] [INFO] [1770703997.681848259] [imu_filter]: Parameter RLController.pid_kp_ang set to 1.230000
[imu_filter_madgwick_node-3] [INFO] [1770703997.681900452] [imu_filter]: Parameter RLController.pid_ki_ang set to 0.000000
[imu_filter_madgwick_node-3] [INFO] [1770703997.681949797] [imu_filter]: Parameter RLController.pid_kd_ang set to 0.100000
[imu_filter_madgwick_node-3] [INFO] [1770703998.097377019] [imu_filter]: Parameter RLController.pid_kp_lin set to 1.202327
[imu_filter_madgwick_node-3] [INFO] [1770703998.097636129] [imu_filter]: Parameter RLController.pid_ki_lin set to 0.000000
[imu_filter_madgwick_node-3] [INFO] [1770703998.097714627] [imu_filter]: Parameter RLController.pid_kd_lin set to 0.020000
[imu_filter_madgwick_node-3] [INFO] [1770703998.099166533] [imu_filter]: Parameter RLController.pid_kp_ang set to 1.230000
[imu_filter_madgwick_node-3] [INFO] [1770703998.099353289] [imu_filter]: Parameter RLController.pid_ki_ang set to 0.000000
[imu_filter_madgwick_node-3] [INFO] [1770703998.099567470] [imu_filter]: Parameter RLController.pid_kd_ang set to 0.100000
[imu_filter_madgwick_node-3] [INFO] [1770703998.525674172] [imu_filter]: Parameter RLController.pid_kp_lin set to 1.202327
[imu_filter_madgwick_node-3] [INFO] [1770703998.526039717] [imu_filter]: Parameter RLController.pid_ki_lin set to 0.000000
[imu_filter_madgwick_node-3] [INFO] [1770703998.526118951] [imu_filter]: Parameter RLController.pid_kd_lin set to 0.020000
[imu_filter_madgwick_node-3] [INFO] [1770703998.526179496] [imu_filter]: Parameter RLController.pid_kp_ang set to 1.230000
[imu_filter_madgwick_node-3] [INFO] [1770703998.526233065] [imu_filter]: Parameter RLController.pid_ki_ang set to 0.000000
[imu_filter_madgwick_node-3] [INFO] [1770703998.526284170] [imu_filter]: Parameter RLController.pid_kd_ang set to 0.100000
[imu_filter_madgwick_node-3] [INFO] [1770703998.937077237] [imu_filter]: Parameter RLController.pid_kp_lin set to 1.202327
[imu_filter_madgwick_node-3] [INFO] [1770703998.937524159] [imu_filter]: Parameter RLController.pid_ki_lin set to 0.000000
[imu_filter_madgwick_node-3] [INFO] [1770703998.937622690] [imu_filter]: Parameter RLController.pid_kd_lin set to 0.020000
[imu_filter_madgwick_node-3] [INFO] [1770703998.937685507] [imu_filter]: Parameter RLController.pid_kp_ang set to 1.230000
[imu_filter_madgwick_node-3] [INFO] [1770703998.937740388] [imu_filter]: Parameter RLController.pid_ki_ang set to 0.000000
[imu_filter_madgwick_node-3] [INFO] [1770703998.937791589] [imu_filter]: Parameter RLController.pid_kd_ang set to 0.100000
[imu_filter_madgwick_node-3] [INFO] [1770703999.354662333] [imu_filter]: Parameter RLController.pid_kp_lin set to 1.202327
[imu_filter_madgwick_node-3] [INFO] [1770703999.354892834] [imu_filter]: Parameter RLController.pid_ki_lin set to 0.000000
[imu_filter_madgwick_node-3] [INFO] [1770703999.354964132] [imu_filter]: Parameter RLController.pid_kd_lin set to 0.020000
[imu_filter_madgwick_node-3] [INFO] [1770703999.355025318] [imu_filter]: Parameter RLController.pid_kp_ang set to 1.230000
[imu_filter_madgwick_node-3] [INFO] [1770703999.355083111] [imu_filter]: Parameter RLController.pid_ki_ang set to 0.000000
[imu_filter_madgwick_node-3] [INFO] [1770703999.355137480] [imu_filter]: Parameter RLController.pid_kd_ang set to 0.100000
[imu_filter_madgwick_node-3] [INFO] [1770703999.773682695] [imu_filter]: Parameter RLController.pid_kp_lin set to 1.202327
[imu_filter_madgwick_node-3] [INFO] [1770703999.773877419] [imu_filter]: Parameter RLController.pid_ki_lin set to 0.000000
[imu_filter_madgwick_node-3] [INFO] [1770703999.773948813] [imu_filter]: Parameter RLController.pid_kd_lin set to 0.020000
[imu_filter_madgwick_node-3] [INFO] [1770703999.774010734] [imu_filter]: Parameter RLController.pid_kp_ang set to 1.230000
[imu_filter_madgwick_node-3] [INFO] [1770703999.774064336] [imu_filter]: Parameter RLController.pid_ki_ang set to 0.000000
[imu_filter_madgwick_node-3] [INFO] [1770703999.774117201] [imu_filter]: Parameter RLController.pid_kd_ang set to 0.100000
[imu_filter_madgwick_node-3] [INFO] [1770704000.191698201] [imu_filter]: Parameter RLController.pid_kp_lin set to 1.202327
[imu_filter_madgwick_node-3] [INFO] [1770704000.191918910] [imu_filter]: Parameter RLController.pid_ki_lin set to 0.000000
[imu_filter_madgwick_node-3] [INFO] [1770704000.191991488] [imu_filter]: Parameter RLController.pid_kd_lin set to 0.020000
[imu_filter_madgwick_node-3] [INFO] [1770704000.192056321] [imu_filter]: Parameter RLController.pid_kp_ang set to 1.230000
[imu_filter_madgwick_node-3] [INFO] [1770704000.192115011] [imu_filter]: Parameter RLController.pid_ki_ang set to 0.000000
[imu_filter_madgwick_node-3] [INFO] [1770704000.192305095] [imu_filter]: Parameter RLController.pid_kd_ang set to 0.100000
[imu_filter_madgwick_node-3] [INFO] [1770704000.620039611] [imu_filter]: Parameter RLController.pid_kp_lin set to 1.202327
[imu_filter_madgwick_node-3] [INFO] [1770704000.620293345] [imu_filter]: Parameter RLController.pid_ki_lin set to 0.000000
[imu_filter_madgwick_node-3] [INFO] [1770704000.620487750] [imu_filter]: Parameter RLController.pid_kd_lin set to 0.020000
[imu_filter_madgwick_node-3] [INFO] [1770704000.620589192] [imu_filter]: Parameter RLController.pid_kp_ang set to 1.230000
[imu_filter_madgwick_node-3] [INFO] [1770704000.620651753] [imu_filter]: Parameter RLController.pid_ki_ang set to 0.000000
[imu_filter_madgwick_node-3] [INFO] [1770704000.620708075] [imu_filter]: Parameter RLController.pid_kd_ang set to 0.100000
[imu_filter_madgwick_node-3] [INFO] [1770704001.031285200] [imu_filter]: Parameter RLController.pid_kp_lin set to 1.202327
[imu_filter_madgwick_node-3] [INFO] [1770704001.031487637] [imu_filter]: Parameter RLController.pid_ki_lin set to 0.000000
[imu_filter_madgwick_node-3] [INFO] [1770704001.031555670] [imu_filter]: Parameter RLController.pid_kd_lin set to 0.020000
[imu_filter_madgwick_node-3] [INFO] [1770704001.031617304] [imu_filter]: Parameter RLController.pid_kp_ang set to 1.230000
[imu_filter_madgwick_node-3] [INFO] [1770704001.031669561] [imu_filter]: Parameter RLController.pid_ki_ang set to 0.000000
[imu_filter_madgwick_node-3] [INFO] [1770704001.031722202] [imu_filter]: Parameter RLController.pid_kd_ang set to 0.100000
[imu_filter_madgwick_node-3] [INFO] [1770704001.456207299] [imu_filter]: Parameter RLController.pid_kp_lin set to 1.202327
[imu_filter_madgwick_node-3] [INFO] [1770704001.456401735] [imu_filter]: Parameter RLController.pid_ki_lin set to 0.000000
[imu_filter_madgwick_node-3] [INFO] [1770704001.456469961] [imu_filter]: Parameter RLController.pid_kd_lin set to 0.020000
[imu_filter_madgwick_node-3] [INFO] [1770704001.456531594] [imu_filter]: Parameter RLController.pid_kp_ang set to 1.230000
[imu_filter_madgwick_node-3] [INFO] [1770704001.456587948] [imu_filter]: Parameter RLController.pid_ki_ang set to 0.000000
[imu_filter_madgwick_node-3] [INFO] [1770704001.456641869] [imu_filter]: Parameter RLController.pid_kd_ang set to 0.100000
[imu_filter_madgwick_node-3] [INFO] [1770704001.873092923] [imu_filter]: Parameter RLController.pid_kp_lin set to 1.202327
[imu_filter_madgwick_node-3] [INFO] [1770704001.880779437] [imu_filter]: Parameter RLController.pid_ki_lin set to 0.000000
[imu_filter_madgwick_node-3] [INFO] [1770704001.880987954] [imu_filter]: Parameter RLController.pid_kd_lin set to 0.020000
[imu_filter_madgwick_node-3] [INFO] [1770704001.884599910] [imu_filter]: Parameter RLController.pid_kp_ang set to 1.230000
[imu_filter_madgwick_node-3] [INFO] [1770704001.884793579] [imu_filter]: Parameter RLController.pid_ki_ang set to 0.000000
[imu_filter_madgwick_node-3] [INFO] [1770704001.884861356] [imu_filter]: Parameter RLController.pid_kd_ang set to 0.100000
[imu_filter_madgwick_node-3] [INFO] [1770704002.293843309] [imu_filter]: Parameter RLController.pid_kp_lin set to 1.202327
[imu_filter_madgwick_node-3] [INFO] [1770704002.301084693] [imu_filter]: Parameter RLController.pid_ki_lin set to 0.000000
[imu_filter_madgwick_node-3] [INFO] [1770704002.301355291] [imu_filter]: Parameter RLController.pid_kd_lin set to 0.020000
[imu_filter_madgwick_node-3] [INFO] [1770704002.301482206] [imu_filter]: Parameter RLController.pid_kp_ang set to 1.230000
[imu_filter_madgwick_node-3] [INFO] [1770704002.301556576] [imu_filter]: Parameter RLController.pid_ki_ang set to 0.000000
[imu_filter_madgwick_node-3] [INFO] [1770704002.301615681] [imu_filter]: Parameter RLController.pid_kd_ang set to 0.100000
[imu_filter_madgwick_node-3] [INFO] [1770704002.745745490] [imu_filter]: Parameter RLController.pid_kp_lin set to 1.202327
[imu_filter_madgwick_node-3] [INFO] [1770704002.746131707] [imu_filter]: Parameter RLController.pid_ki_lin set to 0.000000
[imu_filter_madgwick_node-3] [INFO] [1770704002.746221597] [imu_filter]: Parameter RLController.pid_kd_lin set to 0.020000
[imu_filter_madgwick_node-3] [INFO] [1770704002.746286303] [imu_filter]: Parameter RLController.pid_kp_ang set to 1.230000
[imu_filter_madgwick_node-3] [INFO] [1770704002.746340864] [imu_filter]: Parameter RLController.pid_ki_ang set to 0.000000
[imu_filter_madgwick_node-3] [INFO] [1770704002.746411778] [imu_filter]: Parameter RLController.pid_kd_ang set to 0.100000
[imu_filter_madgwick_node-3] [INFO] [1770704003.159093688] [imu_filter]: Parameter RLController.pid_kp_lin set to 1.202327
[imu_filter_madgwick_node-3] [INFO] [1770704003.162380965] [imu_filter]: Parameter RLController.pid_ki_lin set to 0.000000
[imu_filter_madgwick_node-3] [INFO] [1770704003.162664779] [imu_filter]: Parameter RLController.pid_kd_lin set to 0.020000
[imu_filter_madgwick_node-3] [INFO] [1770704003.162753709] [imu_filter]: Parameter RLController.pid_kp_ang set to 1.230000
[imu_filter_madgwick_node-3] [INFO] [1770704003.162870192] [imu_filter]: Parameter RLController.pid_ki_ang set to 0.000000
[imu_filter_madgwick_node-3] [INFO] [1770704003.162932561] [imu_filter]: Parameter RLController.pid_kd_ang set to 0.100000
[imu_filter_madgwick_node-3] [INFO] [1770704003.594107189] [imu_filter]: Parameter RLController.pid_kp_lin set to 1.202327
[imu_filter_madgwick_node-3] [INFO] [1770704003.594298106] [imu_filter]: Parameter RLController.pid_ki_lin set to 0.000000
[imu_filter_madgwick_node-3] [INFO] [1770704003.594365051] [imu_filter]: Parameter RLController.pid_kd_lin set to 0.020000
[imu_filter_madgwick_node-3] [INFO] [1770704003.594423101] [imu_filter]: Parameter RLController.pid_kp_ang set to 1.230000
[imu_filter_madgwick_node-3] [INFO] [1770704003.594476574] [imu_filter]: Parameter RLController.pid_ki_ang set to 0.000000
[imu_filter_madgwick_node-3] [INFO] [1770704003.594528095] [imu_filter]: Parameter RLController.pid_kd_ang set to 0.100000
[imu_filter_madgwick_node-3] [INFO] [1770704004.021195483] [imu_filter]: Parameter RLController.pid_kp_lin set to 1.202327
[imu_filter_madgwick_node-3] [INFO] [1770704004.021511106] [imu_filter]: Parameter RLController.pid_ki_lin set to 0.000000
[imu_filter_madgwick_node-3] [INFO] [1770704004.021596164] [imu_filter]: Parameter RLController.pid_kd_lin set to 0.020000
[imu_filter_madgwick_node-3] [INFO] [1770704004.021657509] [imu_filter]: Parameter RLController.pid_kp_ang set to 1.230000
[imu_filter_madgwick_node-3] [INFO] [1770704004.021762440] [imu_filter]: Parameter RLController.pid_ki_ang set to 0.000000
[imu_filter_madgwick_node-3] [INFO] [1770704004.021831753] [imu_filter]: Parameter RLController.pid_kd_ang set to 0.100000
[imu_filter_madgwick_node-3] [INFO] [1770704004.436942776] [imu_filter]: Parameter RLController.pid_kp_lin set to 1.202327
[imu_filter_madgwick_node-3] [INFO] [1770704004.437132700] [imu_filter]: Parameter RLController.pid_ki_lin set to 0.000000
[imu_filter_madgwick_node-3] [INFO] [1770704004.437299488] [imu_filter]: Parameter RLController.pid_kd_lin set to 0.020000
[imu_filter_madgwick_node-3] [INFO] [1770704004.437362498] [imu_filter]: Parameter RLController.pid_kp_ang set to 1.230000
[imu_filter_madgwick_node-3] [INFO] [1770704004.437420355] [imu_filter]: Parameter RLController.pid_ki_ang set to 0.000000
[imu_filter_madgwick_node-3] [INFO] [1770704004.437474372] [imu_filter]: Parameter RLController.pid_kd_ang set to 0.100000
[imu_filter_madgwick_node-3] [INFO] [1770704004.857421124] [imu_filter]: Parameter RLController.pid_kp_lin set to 1.202327
[imu_filter_madgwick_node-3] [INFO] [1770704004.857733771] [imu_filter]: Parameter RLController.pid_ki_lin set to 0.000000
[imu_filter_madgwick_node-3] [INFO] [1770704004.857813837] [imu_filter]: Parameter RLController.pid_kd_lin set to 0.020000
[imu_filter_madgwick_node-3] [INFO] [1770704004.857874030] [imu_filter]: Parameter RLController.pid_kp_ang set to 1.230000
[imu_filter_madgwick_node-3] [INFO] [1770704004.857928175] [imu_filter]: Parameter RLController.pid_ki_ang set to 0.000000
[imu_filter_madgwick_node-3] [INFO] [1770704004.857982385] [imu_filter]: Parameter RLController.pid_kd_ang set to 0.100000
[imu_filter_madgwick_node-3] [INFO] [1770704005.269196645] [imu_filter]: Parameter RLController.pid_kp_lin set to 1.202327
[imu_filter_madgwick_node-3] [INFO] [1770704005.269417450] [imu_filter]: Parameter RLController.pid_ki_lin set to 0.000000
[imu_filter_madgwick_node-3] [INFO] [1770704005.269486284] [imu_filter]: Parameter RLController.pid_kd_lin set to 0.020000
[imu_filter_madgwick_node-3] [INFO] [1770704005.269547629] [imu_filter]: Parameter RLController.pid_kp_ang set to 1.230000
[imu_filter_madgwick_node-3] [INFO] [1770704005.269604590] [imu_filter]: Parameter RLController.pid_ki_ang set to 0.000000
[imu_filter_madgwick_node-3] [INFO] [1770704005.269660720] [imu_filter]: Parameter RLController.pid_kd_ang set to 0.100000
[imu_filter_madgwick_node-3] [INFO] [1770704005.680642750] [imu_filter]: Parameter RLController.pid_kp_lin set to 1.202327
[imu_filter_madgwick_node-3] [INFO] [1770704005.685892664] [imu_filter]: Parameter RLController.pid_ki_lin set to 0.000000
[imu_filter_madgwick_node-3] [INFO] [1770704005.686208160] [imu_filter]: Parameter RLController.pid_kd_lin set to 0.020000
[imu_filter_madgwick_node-3] [INFO] [1770704005.686297154] [imu_filter]: Parameter RLController.pid_kp_ang set to 1.230000
[imu_filter_madgwick_node-3] [INFO] [1770704005.695506776] [imu_filter]: Parameter RLController.pid_ki_ang set to 0.000000
[imu_filter_madgwick_node-3] [INFO] [1770704005.696355404] [imu_filter]: Parameter RLController.pid_kd_ang set to 0.100000
[imu_filter_madgwick_node-3] [INFO] [1770704006.097931072] [imu_filter]: Parameter RLController.pid_kp_lin set to 1.202327
[imu_filter_madgwick_node-3] [INFO] [1770704006.104805856] [imu_filter]: Parameter RLController.pid_ki_lin set to 0.000000
[imu_filter_madgwick_node-3] [INFO] [1770704006.105009060] [imu_filter]: Parameter RLController.pid_kd_lin set to 0.020000
[imu_filter_madgwick_node-3] [INFO] [1770704006.105079558] [imu_filter]: Parameter RLController.pid_kp_ang set to 1.230000
[imu_filter_madgwick_node-3] [INFO] [1770704006.105139719] [imu_filter]: Parameter RLController.pid_ki_ang set to 0.000000
[imu_filter_madgwick_node-3] [INFO] [1770704006.105201737] [imu_filter]: Parameter RLController.pid_kd_ang set to 0.100000
[imu_filter_madgwick_node-3] [INFO] [1770704006.518126341] [imu_filter]: Parameter RLController.pid_kp_lin set to 1.202327
[imu_filter_madgwick_node-3] [INFO] [1770704006.518325897] [imu_filter]: Parameter RLController.pid_ki_lin set to 0.000000
[imu_filter_madgwick_node-3] [INFO] [1770704006.518394859] [imu_filter]: Parameter RLController.pid_kd_lin set to 0.020000
[imu_filter_madgwick_node-3] [INFO] [1770704006.518456044] [imu_filter]: Parameter RLController.pid_kp_ang set to 1.230000
[imu_filter_madgwick_node-3] [INFO] [1770704006.518512046] [imu_filter]: Parameter RLController.pid_ki_ang set to 0.000000
[imu_filter_madgwick_node-3] [INFO] [1770704006.518564751] [imu_filter]: Parameter RLController.pid_kd_ang set to 0.100000
[imu_filter_madgwick_node-3] [INFO] [1770704006.945211594] [imu_filter]: Parameter RLController.pid_kp_lin set to 1.202327
[imu_filter_madgwick_node-3] [INFO] [1770704006.945420207] [imu_filter]: Parameter RLController.pid_ki_lin set to 0.000000
[imu_filter_madgwick_node-3] [INFO] [1770704006.945489072] [imu_filter]: Parameter RLController.pid_kd_lin set to 0.020000
[imu_filter_madgwick_node-3] [INFO] [1770704006.945549394] [imu_filter]: Parameter RLController.pid_kp_ang set to 1.230000
[imu_filter_madgwick_node-3] [INFO] [1770704006.945603347] [imu_filter]: Parameter RLController.pid_ki_ang set to 0.000000
[imu_filter_madgwick_node-3] [INFO] [1770704006.945655124] [imu_filter]: Parameter RLController.pid_kd_ang set to 0.100000
[imu_filter_madgwick_node-3] [INFO] [1770704007.376665396] [imu_filter]: Parameter RLController.pid_kp_lin set to 1.202327
[imu_filter_madgwick_node-3] [INFO] [1770704007.376892153] [imu_filter]: Parameter RLController.pid_ki_lin set to 0.000000
[imu_filter_madgwick_node-3] [INFO] [1770704007.376968539] [imu_filter]: Parameter RLController.pid_kd_lin set to 0.020000
[imu_filter_madgwick_node-3] [INFO] [1770704007.377025757] [imu_filter]: Parameter RLController.pid_kp_ang set to 1.230000
[imu_filter_madgwick_node-3] [INFO] [1770704007.379815549] [imu_filter]: Parameter RLController.pid_ki_ang set to 0.000000
[imu_filter_madgwick_node-3] [INFO] [1770704007.380152389] [imu_filter]: Parameter RLController.pid_kd_ang set to 0.100000
[imu_filter_madgwick_node-3] [INFO] [1770704007.802488220] [imu_filter]: Parameter RLController.pid_kp_lin set to 1.202327
[imu_filter_madgwick_node-3] [INFO] [1770704007.802678016] [imu_filter]: Parameter RLController.pid_ki_lin set to 0.000000
[imu_filter_madgwick_node-3] [INFO] [1770704007.802742338] [imu_filter]: Parameter RLController.pid_kd_lin set to 0.020000
[imu_filter_madgwick_node-3] [INFO] [1770704007.802803523] [imu_filter]: Parameter RLController.pid_kp_ang set to 1.230000
[imu_filter_madgwick_node-3] [INFO] [1770704007.802860037] [imu_filter]: Parameter RLController.pid_ki_ang set to 0.000000
[imu_filter_madgwick_node-3] [INFO] [1770704007.802914662] [imu_filter]: Parameter RLController.pid_kd_ang set to 0.100000
[imu_filter_madgwick_node-3] [INFO] [1770704008.207599746] [imu_filter]: Parameter RLController.pid_kp_lin set to 1.202327
[imu_filter_madgwick_node-3] [INFO] [1770704008.207818535] [imu_filter]: Parameter RLController.pid_ki_lin set to 0.000000
[imu_filter_madgwick_node-3] [INFO] [1770704008.207902249] [imu_filter]: Parameter RLController.pid_kd_lin set to 0.020000
[imu_filter_madgwick_node-3] [INFO] [1770704008.207975595] [imu_filter]: Parameter RLController.pid_kp_ang set to 1.230000
[imu_filter_madgwick_node-3] [INFO] [1770704008.208208144] [imu_filter]: Parameter RLController.pid_ki_ang set to 0.000000
[imu_filter_madgwick_node-3] [INFO] [1770704008.208303923] [imu_filter]: Parameter RLController.pid_kd_ang set to 0.100000
[imu_filter_madgwick_node-3] [INFO] [1770704008.621194254] [imu_filter]: Parameter RLController.pid_kp_lin set to 1.202327
[imu_filter_madgwick_node-3] [INFO] [1770704008.621552566] [imu_filter]: Parameter RLController.pid_ki_lin set to 0.000000
[imu_filter_madgwick_node-3] [INFO] [1770704008.621626744] [imu_filter]: Parameter RLController.pid_kd_lin set to 0.020000
[imu_filter_madgwick_node-3] [INFO] [1770704008.621687929] [imu_filter]: Parameter RLController.pid_kp_ang set to 1.230000
[imu_filter_madgwick_node-3] [INFO] [1770704008.621743611] [imu_filter]: Parameter RLController.pid_ki_ang set to 0.000000
[imu_filter_madgwick_node-3] [INFO] [1770704008.626524586] [imu_filter]: Parameter RLController.pid_kd_ang set to 0.100000
[imu_filter_madgwick_node-3] [INFO] [1770704009.037086319] [imu_filter]: Parameter RLController.pid_kp_lin set to 1.202327
[imu_filter_madgwick_node-3] [INFO] [1770704009.037295924] [imu_filter]: Parameter RLController.pid_ki_lin set to 0.000000
[imu_filter_madgwick_node-3] [INFO] [1770704009.040845382] [imu_filter]: Parameter RLController.pid_kd_lin set to 0.020000
[imu_filter_madgwick_node-3] [INFO] [1770704009.041014954] [imu_filter]: Parameter RLController.pid_kp_ang set to 1.230000
[imu_filter_madgwick_node-3] [INFO] [1770704009.041080780] [imu_filter]: Parameter RLController.pid_ki_ang set to 0.000000
[imu_filter_madgwick_node-3] [INFO] [1770704009.041137037] [imu_filter]: Parameter RLController.pid_kd_ang set to 0.100000
[imu_filter_madgwick_node-3] [INFO] [1770704009.454162955] [imu_filter]: Parameter RLController.pid_kp_lin set to 1.202327
[imu_filter_madgwick_node-3] [INFO] [1770704009.459762253] [imu_filter]: Parameter RLController.pid_ki_lin set to 0.000000
[imu_filter_madgwick_node-3] [INFO] [1770704009.459963186] [imu_filter]: Parameter RLController.pid_kd_lin set to 0.020000
[imu_filter_madgwick_node-3] [INFO] [1770704009.460034580] [imu_filter]: Parameter RLController.pid_kp_ang set to 1.230000
[imu_filter_madgwick_node-3] [INFO] [1770704009.460098357] [imu_filter]: Parameter RLController.pid_ki_ang set to 0.000000
[imu_filter_madgwick_node-3] [INFO] [1770704009.460151798] [imu_filter]: Parameter RLController.pid_kd_ang set to 0.100000
[imu_filter_madgwick_node-3] [INFO] [1770704009.878776631] [imu_filter]: Parameter RLController.pid_kp_lin set to 1.202327
[imu_filter_madgwick_node-3] [INFO] [1770704009.878982236] [imu_filter]: Parameter RLController.pid_ki_lin set to 0.000000
[imu_filter_madgwick_node-3] [INFO] [1770704009.879049309] [imu_filter]: Parameter RLController.pid_kd_lin set to 0.020000
[imu_filter_madgwick_node-3] [INFO] [1770704009.879559337] [imu_filter]: Parameter RLController.pid_kp_ang set to 1.230000
[imu_filter_madgwick_node-3] [INFO] [1770704009.879668939] [imu_filter]: Parameter RLController.pid_ki_ang set to 0.000000
[imu_filter_madgwick_node-3] [INFO] [1770704009.879734061] [imu_filter]: Parameter RLController.pid_kd_ang set to 0.100000
[imu_filter_madgwick_node-3] [INFO] [1770704010.298497873] [imu_filter]: Parameter RLController.pid_kp_lin set to 1.202327
[imu_filter_madgwick_node-3] [INFO] [1770704010.298728534] [imu_filter]: Parameter RLController.pid_ki_lin set to 0.000000
[imu_filter_madgwick_node-3] [INFO] [1770704010.298798296] [imu_filter]: Parameter RLController.pid_kd_lin set to 0.020000
[imu_filter_madgwick_node-3] [INFO] [1770704010.298858809] [imu_filter]: Parameter RLController.pid_kp_ang set to 1.230000
[imu_filter_madgwick_node-3] [INFO] [1770704010.298913370] [imu_filter]: Parameter RLController.pid_ki_ang set to 0.000000
[imu_filter_madgwick_node-3] [INFO] [1770704010.299072958] [imu_filter]: Parameter RLController.pid_kd_ang set to 0.100000
[imu_filter_madgwick_node-3] [INFO] [1770704010.719636811] [imu_filter]: Parameter RLController.pid_kp_lin set to 1.202327
[imu_filter_madgwick_node-3] [INFO] [1770704010.719990100] [imu_filter]: Parameter RLController.pid_ki_lin set to 0.000000
[imu_filter_madgwick_node-3] [INFO] [1770704010.720077526] [imu_filter]: Parameter RLController.pid_kd_lin set to 0.020000
[imu_filter_madgwick_node-3] [INFO] [1770704010.720141047] [imu_filter]: Parameter RLController.pid_kp_ang set to 1.230000
[imu_filter_madgwick_node-3] [INFO] [1770704010.720238361] [imu_filter]: Parameter RLController.pid_ki_ang set to 0.000000
[imu_filter_madgwick_node-3] [INFO] [1770704010.720315579] [imu_filter]: Parameter RLController.pid_kd_ang set to 0.100000
[imu_filter_madgwick_node-3] [INFO] [1770704011.127547443] [imu_filter]: Parameter RLController.pid_kp_lin set to 1.202327
[imu_filter_madgwick_node-3] [INFO] [1770704011.127781176] [imu_filter]: Parameter RLController.pid_ki_lin set to 0.000000
[imu_filter_madgwick_node-3] [INFO] [1770704011.127855386] [imu_filter]: Parameter RLController.pid_kd_lin set to 0.020000
[imu_filter_madgwick_node-3] [INFO] [1770704011.127919900] [imu_filter]: Parameter RLController.pid_kp_ang set to 1.230000
[imu_filter_madgwick_node-3] [INFO] [1770704011.127977213] [imu_filter]: Parameter RLController.pid_ki_ang set to 0.000000
[imu_filter_madgwick_node-3] [INFO] [1770704011.128029150] [imu_filter]: Parameter RLController.pid_kd_ang set to 0.100000
[imu_filter_madgwick_node-3] [INFO] [1770704011.541348483] [imu_filter]: Parameter RLController.pid_kp_lin set to 1.202327
[imu_filter_madgwick_node-3] [INFO] [1770704011.541570184] [imu_filter]: Parameter RLController.pid_ki_lin set to 0.000000
[imu_filter_madgwick_node-3] [INFO] [1770704011.545056985] [imu_filter]: Parameter RLController.pid_kd_lin set to 0.020000
[imu_filter_madgwick_node-3] [INFO] [1770704011.545238686] [imu_filter]: Parameter RLController.pid_kp_ang set to 1.230000
[imu_filter_madgwick_node-3] [INFO] [1770704011.545431682] [imu_filter]: Parameter RLController.pid_ki_ang set to 0.000000
[imu_filter_madgwick_node-3] [INFO] [1770704011.545502404] [imu_filter]: Parameter RLController.pid_kd_ang set to 0.100000
[imu_filter_madgwick_node-3] [INFO] [1770704011.960611442] [imu_filter]: Parameter RLController.pid_kp_lin set to 1.202327
[imu_filter_madgwick_node-3] [INFO] [1770704011.960904985] [imu_filter]: Parameter RLController.pid_ki_lin set to 0.000000
[imu_filter_madgwick_node-3] [INFO] [1770704011.960994907] [imu_filter]: Parameter RLController.pid_kd_lin set to 0.020000
[imu_filter_madgwick_node-3] [INFO] [1770704011.961062141] [imu_filter]: Parameter RLController.pid_kp_ang set to 1.230000
[imu_filter_madgwick_node-3] [INFO] [1770704011.961121598] [imu_filter]: Parameter RLController.pid_ki_ang set to 0.000000
[imu_filter_madgwick_node-3] [INFO] [1770704011.961180416] [imu_filter]: Parameter RLController.pid_kd_ang set to 0.100000
[imu_filter_madgwick_node-3] [INFO] [1770704012.376576341] [imu_filter]: Parameter RLController.pid_kp_lin set to 1.202327
[imu_filter_madgwick_node-3] [INFO] [1770704012.376930365] [imu_filter]: Parameter RLController.pid_ki_lin set to 0.000000
[imu_filter_madgwick_node-3] [INFO] [1770704012.377289958] [imu_filter]: Parameter RLController.pid_kd_lin set to 0.020000
[imu_filter_madgwick_node-3] [INFO] [1770704012.377382664] [imu_filter]: Parameter RLController.pid_kp_ang set to 1.230000
[imu_filter_madgwick_node-3] [INFO] [1770704012.378394239] [imu_filter]: Parameter RLController.pid_ki_ang set to 0.000000
[imu_filter_madgwick_node-3] [INFO] [1770704012.378521186] [imu_filter]: Parameter RLController.pid_kd_ang set to 0.100000
[imu_filter_madgwick_node-3] [INFO] [1770704012.810109552] [imu_filter]: Parameter RLController.pid_kp_lin set to 1.202327
[imu_filter_madgwick_node-3] [INFO] [1770704012.810292148] [imu_filter]: Parameter RLController.pid_ki_lin set to 0.000000
[imu_filter_madgwick_node-3] [INFO] [1770704012.810460376] [imu_filter]: Parameter RLController.pid_kd_lin set to 0.020000
[imu_filter_madgwick_node-3] [INFO] [1770704012.810532634] [imu_filter]: Parameter RLController.pid_kp_ang set to 1.230000
[imu_filter_madgwick_node-3] [INFO] [1770704012.810593531] [imu_filter]: Parameter RLController.pid_ki_ang set to 0.000000
[imu_filter_madgwick_node-3] [INFO] [1770704012.810650044] [imu_filter]: Parameter RLController.pid_kd_ang set to 0.100000
[imu_filter_madgwick_node-3] [INFO] [1770704013.229901611] [imu_filter]: Parameter RLController.pid_kp_lin set to 1.202327
[imu_filter_madgwick_node-3] [INFO] [1770704013.230149745] [imu_filter]: Parameter RLController.pid_ki_lin set to 0.000000
[imu_filter_madgwick_node-3] [INFO] [1770704013.230222451] [imu_filter]: Parameter RLController.pid_kd_lin set to 0.020000
[imu_filter_madgwick_node-3] [INFO] [1770704013.238134507] [imu_filter]: Parameter RLController.pid_kp_ang set to 1.230000
[imu_filter_madgwick_node-3] [INFO] [1770704013.238733561] [imu_filter]: Parameter RLController.pid_ki_ang set to 0.000000
[imu_filter_madgwick_node-3] [INFO] [1770704013.238828411] [imu_filter]: Parameter RLController.pid_kd_ang set to 0.100000
[imu_filter_madgwick_node-3] [INFO] [1770704013.653143159] [imu_filter]: Parameter RLController.pid_kp_lin set to 1.202327
[imu_filter_madgwick_node-3] [INFO] [1770704013.653447870] [imu_filter]: Parameter RLController.pid_ki_lin set to 0.000000
[imu_filter_madgwick_node-3] [INFO] [1770704013.653525280] [imu_filter]: Parameter RLController.pid_kd_lin set to 0.020000
[imu_filter_madgwick_node-3] [INFO] [1770704013.653583937] [imu_filter]: Parameter RLController.pid_kp_ang set to 1.230000
[imu_filter_madgwick_node-3] [INFO] [1770704013.653639843] [imu_filter]: Parameter RLController.pid_ki_ang set to 0.000000
[imu_filter_madgwick_node-3] [INFO] [1770704013.653693156] [imu_filter]: Parameter RLController.pid_kd_ang set to 0.100000
[imu_filter_madgwick_node-3] [INFO] [1770704014.066532734] [imu_filter]: Parameter RLController.pid_kp_lin set to 1.202327
[imu_filter_madgwick_node-3] [INFO] [1770704014.066768323] [imu_filter]: Parameter RLController.pid_ki_lin set to 0.000000
[imu_filter_madgwick_node-3] [INFO] [1770704014.066839941] [imu_filter]: Parameter RLController.pid_kd_lin set to 0.020000
[imu_filter_madgwick_node-3] [INFO] [1770704014.066901382] [imu_filter]: Parameter RLController.pid_kp_ang set to 1.230000
[imu_filter_madgwick_node-3] [INFO] [1770704014.066976104] [imu_filter]: Parameter RLController.pid_ki_ang set to 0.000000
[imu_filter_madgwick_node-3] [INFO] [1770704014.067039978] [imu_filter]: Parameter RLController.pid_kd_ang set to 0.100000
[imu_filter_madgwick_node-3] [INFO] [1770704014.477210758] [imu_filter]: Parameter RLController.pid_kp_lin set to 1.202327
[imu_filter_madgwick_node-3] [INFO] [1770704014.477414538] [imu_filter]: Parameter RLController.pid_ki_lin set to 0.000000
[imu_filter_madgwick_node-3] [INFO] [1770704014.477498572] [imu_filter]: Parameter RLController.pid_kd_lin set to 0.020000
[imu_filter_madgwick_node-3] [INFO] [1770704014.477558798] [imu_filter]: Parameter RLController.pid_kp_ang set to 1.230000
[imu_filter_madgwick_node-3] [INFO] [1770704014.477612463] [imu_filter]: Parameter RLController.pid_ki_ang set to 0.000000
[imu_filter_madgwick_node-3] [INFO] [1770704014.477664496] [imu_filter]: Parameter RLController.pid_kd_ang set to 0.100000
[imu_filter_madgwick_node-3] [INFO] [1770704014.894608714] [imu_filter]: Parameter RLController.pid_kp_lin set to 1.202327
[imu_filter_madgwick_node-3] [INFO] [1770704014.894818766] [imu_filter]: Parameter RLController.pid_ki_lin set to 0.000000
[imu_filter_madgwick_node-3] [INFO] [1770704014.894887152] [imu_filter]: Parameter RLController.pid_kd_lin set to 0.020000
[imu_filter_madgwick_node-3] [INFO] [1770704014.894946833] [imu_filter]: Parameter RLController.pid_kp_ang set to 1.230000
[imu_filter_madgwick_node-3] [INFO] [1770704014.894999763] [imu_filter]: Parameter RLController.pid_ki_ang set to 0.000000
[imu_filter_madgwick_node-3] [INFO] [1770704014.895050772] [imu_filter]: Parameter RLController.pid_kd_ang set to 0.100000
[imu_filter_madgwick_node-3] [INFO] [1770704015.308910021] [imu_filter]: Parameter RLController.pid_kp_lin set to 1.202327
[imu_filter_madgwick_node-3] [INFO] [1770704015.309123786] [imu_filter]: Parameter RLController.pid_ki_lin set to 0.000000
[imu_filter_madgwick_node-3] [INFO] [1770704015.309199692] [imu_filter]: Parameter RLController.pid_kd_lin set to 0.020000
[imu_filter_madgwick_node-3] [INFO] [1770704015.309329199] [imu_filter]: Parameter RLController.pid_kp_ang set to 1.230000
[imu_filter_madgwick_node-3] [INFO] [1770704015.309402545] [imu_filter]: Parameter RLController.pid_ki_ang set to 0.000000
[imu_filter_madgwick_node-3] [INFO] [1770704015.309463922] [imu_filter]: Parameter RLController.pid_kd_ang set to 0.100000
[imu_filter_madgwick_node-3] [INFO] [1770704015.722489457] [imu_filter]: Parameter RLController.pid_kp_lin set to 1.202327
[imu_filter_madgwick_node-3] [INFO] [1770704015.722693845] [imu_filter]: Parameter RLController.pid_ki_lin set to 0.000000
[imu_filter_madgwick_node-3] [INFO] [1770704015.722760631] [imu_filter]: Parameter RLController.pid_kd_lin set to 0.020000
[imu_filter_madgwick_node-3] [INFO] [1770704015.723407782] [imu_filter]: Parameter RLController.pid_kp_ang set to 1.230000
[imu_filter_madgwick_node-3] [INFO] [1770704015.723524041] [imu_filter]: Parameter RLController.pid_ki_ang set to 0.000000
[imu_filter_madgwick_node-3] [INFO] [1770704015.723582570] [imu_filter]: Parameter RLController.pid_kd_ang set to 0.100000
[imu_filter_madgwick_node-3] [INFO] [1770704016.145534424] [imu_filter]: Parameter RLController.pid_kp_lin set to 1.202327
[imu_filter_madgwick_node-3] [INFO] [1770704016.147581383] [imu_filter]: Parameter RLController.pid_ki_lin set to 0.000000
[imu_filter_madgwick_node-3] [INFO] [1770704016.147761612] [imu_filter]: Parameter RLController.pid_kd_lin set to 0.020000
[imu_filter_madgwick_node-3] [INFO] [1770704016.147834509] [imu_filter]: Parameter RLController.pid_kp_ang set to 1.230000
[imu_filter_madgwick_node-3] [INFO] [1770704016.147894063] [imu_filter]: Parameter RLController.pid_ki_ang set to 0.000000
[imu_filter_madgwick_node-3] [INFO] [1770704016.147951120] [imu_filter]: Parameter RLController.pid_kd_ang set to 0.100000
[imu_filter_madgwick_node-3] [INFO] [1770704016.563293028] [imu_filter]: Parameter RLController.pid_kp_lin set to 1.202327
[imu_filter_madgwick_node-3] [INFO] [1770704016.563490281] [imu_filter]: Parameter RLController.pid_ki_lin set to 0.000000
[imu_filter_madgwick_node-3] [INFO] [1770704016.564003733] [imu_filter]: Parameter RLController.pid_kd_lin set to 0.020000
[imu_filter_madgwick_node-3] [INFO] [1770704016.564083990] [imu_filter]: Parameter RLController.pid_kp_ang set to 1.230000
[imu_filter_madgwick_node-3] [INFO] [1770704016.564142168] [imu_filter]: Parameter RLController.pid_ki_ang set to 0.000000
[imu_filter_madgwick_node-3] [INFO] [1770704016.564221210] [imu_filter]: Parameter RLController.pid_kd_ang set to 0.100000
[imu_filter_madgwick_node-3] [INFO] [1770704016.975177832] [imu_filter]: Parameter RLController.pid_kp_lin set to 1.202327
[imu_filter_madgwick_node-3] [INFO] [1770704016.975371244] [imu_filter]: Parameter RLController.pid_ki_lin set to 0.000000
[imu_filter_madgwick_node-3] [INFO] [1770704016.975441582] [imu_filter]: Parameter RLController.pid_kd_lin set to 0.020000
[imu_filter_madgwick_node-3] [INFO] [1770704016.975501807] [imu_filter]: Parameter RLController.pid_kp_ang set to 1.230000
[imu_filter_madgwick_node-3] [INFO] [1770704016.975554193] [imu_filter]: Parameter RLController.pid_ki_ang set to 0.000000
[imu_filter_madgwick_node-3] [INFO] [1770704016.975606642] [imu_filter]: Parameter RLController.pid_kd_ang set to 0.100000
[imu_filter_madgwick_node-3] [INFO] [1770704017.384678452] [imu_filter]: Parameter RLController.pid_kp_lin set to 1.202327
[imu_filter_madgwick_node-3] [INFO] [1770704017.384883865] [imu_filter]: Parameter RLController.pid_ki_lin set to 0.000000
[imu_filter_madgwick_node-3] [INFO] [1770704017.384980827] [imu_filter]: Parameter RLController.pid_kd_lin set to 0.020000
[imu_filter_madgwick_node-3] [INFO] [1770704017.385048125] [imu_filter]: Parameter RLController.pid_kp_ang set to 1.230000
[imu_filter_madgwick_node-3] [INFO] [1770704017.386213656] [imu_filter]: Parameter RLController.pid_ki_ang set to 0.000000
[imu_filter_madgwick_node-3] [INFO] [1770704017.386362555] [imu_filter]: Parameter RLController.pid_kd_ang set to 0.100000
[imu_filter_madgwick_node-3] [INFO] [1770704017.804370765] [imu_filter]: Parameter RLController.pid_kp_lin set to 1.202327
[imu_filter_madgwick_node-3] [INFO] [1770704017.804565426] [imu_filter]: Parameter RLController.pid_ki_lin set to 0.000000
[imu_filter_madgwick_node-3] [INFO] [1770704017.804643956] [imu_filter]: Parameter RLController.pid_kd_lin set to 0.020000
[imu_filter_madgwick_node-3] [INFO] [1770704017.804707061] [imu_filter]: Parameter RLController.pid_kp_ang set to 1.230000
[imu_filter_madgwick_node-3] [INFO] [1770704017.804760406] [imu_filter]: Parameter RLController.pid_ki_ang set to 0.000000
[imu_filter_madgwick_node-3] [INFO] [1770704017.804813112] [imu_filter]: Parameter RLController.pid_kd_ang set to 0.100000
[imu_filter_madgwick_node-3] [INFO] [1770704018.219546526] [imu_filter]: Parameter RLController.pid_kp_lin set to 1.202327
[imu_filter_madgwick_node-3] [INFO] [1770704018.224061031] [imu_filter]: Parameter RLController.pid_ki_lin set to 0.000000
[imu_filter_madgwick_node-3] [INFO] [1770704018.224299980] [imu_filter]: Parameter RLController.pid_kd_lin set to 0.020000
[imu_filter_madgwick_node-3] [INFO] [1770704018.224376782] [imu_filter]: Parameter RLController.pid_kp_ang set to 1.230000
[imu_filter_madgwick_node-3] [INFO] [1770704018.224436815] [imu_filter]: Parameter RLController.pid_ki_ang set to 0.000000
[imu_filter_madgwick_node-3] [INFO] [1770704018.224494737] [imu_filter]: Parameter RLController.pid_kd_ang set to 0.100000
[imu_filter_madgwick_node-3] [INFO] [1770704018.643098321] [imu_filter]: Parameter RLController.pid_kp_lin set to 1.202327
[imu_filter_madgwick_node-3] [INFO] [1770704018.643346038] [imu_filter]: Parameter RLController.pid_ki_lin set to 0.000000
[imu_filter_madgwick_node-3] [INFO] [1770704018.643426200] [imu_filter]: Parameter RLController.pid_kd_lin set to 0.020000
[imu_filter_madgwick_node-3] [INFO] [1770704018.643534875] [imu_filter]: Parameter RLController.pid_kp_ang set to 1.230000
[imu_filter_madgwick_node-3] [INFO] [1770704018.643608060] [imu_filter]: Parameter RLController.pid_ki_ang set to 0.000000
[imu_filter_madgwick_node-3] [INFO] [1770704018.643666494] [imu_filter]: Parameter RLController.pid_kd_ang set to 0.100000
[imu_filter_madgwick_node-3] [INFO] [1770704019.058810541] [imu_filter]: Parameter RLController.pid_kp_lin set to 1.202327
[imu_filter_madgwick_node-3] [INFO] [1770704019.059156885] [imu_filter]: Parameter RLController.pid_ki_lin set to 0.000000
[imu_filter_madgwick_node-3] [INFO] [1770704019.059239863] [imu_filter]: Parameter RLController.pid_kd_lin set to 0.020000
[imu_filter_madgwick_node-3] [INFO] [1770704019.059301497] [imu_filter]: Parameter RLController.pid_kp_ang set to 1.230000
[imu_filter_madgwick_node-3] [INFO] [1770704019.059355610] [imu_filter]: Parameter RLController.pid_ki_ang set to 0.000000
[imu_filter_madgwick_node-3] [INFO] [1770704019.059407163] [imu_filter]: Parameter RLController.pid_kd_ang set to 0.100000
[imu_filter_madgwick_node-3] [INFO] [1770704019.467716332] [imu_filter]: Parameter RLController.pid_kp_lin set to 1.202327
[imu_filter_madgwick_node-3] [INFO] [1770704019.467903728] [imu_filter]: Parameter RLController.pid_ki_lin set to 0.000000
[imu_filter_madgwick_node-3] [INFO] [1770704019.467970450] [imu_filter]: Parameter RLController.pid_kd_lin set to 0.020000
[imu_filter_madgwick_node-3] [INFO] [1770704019.468029715] [imu_filter]: Parameter RLController.pid_kp_ang set to 1.230000
[imu_filter_madgwick_node-3] [INFO] [1770704019.468222616] [imu_filter]: Parameter RLController.pid_ki_ang set to 0.000000
[imu_filter_madgwick_node-3] [INFO] [1770704019.468290009] [imu_filter]: Parameter RLController.pid_kd_ang set to 0.100000
[imu_filter_madgwick_node-3] [INFO] [1770704019.893390000] [imu_filter]: Parameter RLController.pid_kp_lin set to 1.202327
[imu_filter_madgwick_node-3] [INFO] [1770704019.893581109] [imu_filter]: Parameter RLController.pid_ki_lin set to 0.000000
[imu_filter_madgwick_node-3] [INFO] [1770704019.893645974] [imu_filter]: Parameter RLController.pid_kd_lin set to 0.020000
[imu_filter_madgwick_node-3] [INFO] [1770704019.893705943] [imu_filter]: Parameter RLController.pid_kp_ang set to 1.230000
[imu_filter_madgwick_node-3] [INFO] [1770704019.893759001] [imu_filter]: Parameter RLController.pid_ki_ang set to 0.000000
[imu_filter_madgwick_node-3] [INFO] [1770704019.893809818] [imu_filter]: Parameter RLController.pid_kd_ang set to 0.100000
[imu_filter_madgwick_node-3] [INFO] [1770704020.306505937] [imu_filter]: Parameter RLController.pid_kp_lin set to 1.202327
[imu_filter_madgwick_node-3] [INFO] [1770704020.306723158] [imu_filter]: Parameter RLController.pid_ki_lin set to 0.000000
[imu_filter_madgwick_node-3] [INFO] [1770704020.306922906] [imu_filter]: Parameter RLController.pid_kd_lin set to 0.020000
[imu_filter_madgwick_node-3] [INFO] [1770704020.306995164] [imu_filter]: Parameter RLController.pid_kp_ang set to 1.230000
[imu_filter_madgwick_node-3] [INFO] [1770704020.307050685] [imu_filter]: Parameter RLController.pid_ki_ang set to 0.000000
[imu_filter_madgwick_node-3] [INFO] [1770704020.307103326] [imu_filter]: Parameter RLController.pid_kd_ang set to 0.100000
[imu_filter_madgwick_node-3] [INFO] [1770704020.721076531] [imu_filter]: Parameter RLController.pid_kp_lin set to 1.202327
[imu_filter_madgwick_node-3] [INFO] [1770704020.721291224] [imu_filter]: Parameter RLController.pid_ki_lin set to 0.000000
[imu_filter_madgwick_node-3] [INFO] [1770704020.721363001] [imu_filter]: Parameter RLController.pid_kd_lin set to 0.020000
[imu_filter_madgwick_node-3] [INFO] [1770704020.721432699] [imu_filter]: Parameter RLController.pid_kp_ang set to 1.230000
[imu_filter_madgwick_node-3] [INFO] [1770704020.721489276] [imu_filter]: Parameter RLController.pid_ki_ang set to 0.000000
[imu_filter_madgwick_node-3] [INFO] [1770704020.721543646] [imu_filter]: Parameter RLController.pid_kd_ang set to 0.100000
[imu_filter_madgwick_node-3] [INFO] [1770704021.145483897] [imu_filter]: Parameter RLController.pid_kp_lin set to 1.202327
[imu_filter_madgwick_node-3] [INFO] [1770704021.145706559] [imu_filter]: Parameter RLController.pid_ki_lin set to 0.000000
[imu_filter_madgwick_node-3] [INFO] [1770704021.145781536] [imu_filter]: Parameter RLController.pid_kd_lin set to 0.020000
[imu_filter_madgwick_node-3] [INFO] [1770704021.145848898] [imu_filter]: Parameter RLController.pid_kp_ang set to 1.230000
[imu_filter_madgwick_node-3] [INFO] [1770704021.146195242] [imu_filter]: Parameter RLController.pid_ki_ang set to 0.000000
[imu_filter_madgwick_node-3] [INFO] [1770704021.146291404] [imu_filter]: Parameter RLController.pid_kd_ang set to 0.100000
[imu_filter_madgwick_node-3] [INFO] [1770704021.574811379] [imu_filter]: Parameter RLController.pid_kp_lin set to 1.202327
[imu_filter_madgwick_node-3] [INFO] [1770704021.575122138] [imu_filter]: Parameter RLController.pid_ki_lin set to 0.000000
[imu_filter_madgwick_node-3] [INFO] [1770704021.575197756] [imu_filter]: Parameter RLController.pid_kd_lin set to 0.020000
[imu_filter_madgwick_node-3] [INFO] [1770704021.575262845] [imu_filter]: Parameter RLController.pid_kp_ang set to 1.230000
[imu_filter_madgwick_node-3] [INFO] [1770704021.575319198] [imu_filter]: Parameter RLController.pid_ki_ang set to 0.000000
[imu_filter_madgwick_node-3] [INFO] [1770704021.575372576] [imu_filter]: Parameter RLController.pid_kd_ang set to 0.100000
[imu_filter_madgwick_node-3] [INFO] [1770704022.004927518] [imu_filter]: Parameter RLController.pid_kp_lin set to 1.202327
[imu_filter_madgwick_node-3] [INFO] [1770704022.005169412] [imu_filter]: Parameter RLController.pid_ki_lin set to 0.000000
[imu_filter_madgwick_node-3] [INFO] [1770704022.005241381] [imu_filter]: Parameter RLController.pid_kd_lin set to 0.020000
[imu_filter_madgwick_node-3] [INFO] [1770704022.005303815] [imu_filter]: Parameter RLController.pid_kp_ang set to 1.230000
[imu_filter_madgwick_node-3] [INFO] [1770704022.005368968] [imu_filter]: Parameter RLController.pid_ki_ang set to 0.000000
[imu_filter_madgwick_node-3] [INFO] [1770704022.007656413] [imu_filter]: Parameter RLController.pid_kd_ang set to 0.100000
[imu_filter_madgwick_node-3] [INFO] [1770704022.439233355] [imu_filter]: Parameter RLController.pid_kp_lin set to 1.202327
[imu_filter_madgwick_node-3] [INFO] [1770704022.439433776] [imu_filter]: Parameter RLController.pid_ki_lin set to 0.000000
[imu_filter_madgwick_node-3] [INFO] [1770704022.439504177] [imu_filter]: Parameter RLController.pid_kd_lin set to 0.020000
[imu_filter_madgwick_node-3] [INFO] [1770704022.439566259] [imu_filter]: Parameter RLController.pid_kp_ang set to 1.230000
[imu_filter_madgwick_node-3] [INFO] [1770704022.439622036] [imu_filter]: Parameter RLController.pid_ki_ang set to 0.000000
[imu_filter_madgwick_node-3] [INFO] [1770704022.439794520] [imu_filter]: Parameter RLController.pid_kd_ang set to 0.100000
[imu_filter_madgwick_node-3] [INFO] [1770704022.858630557] [imu_filter]: Parameter RLController.pid_kp_lin set to 1.202327
[imu_filter_madgwick_node-3] [INFO] [1770704022.858958565] [imu_filter]: Parameter RLController.pid_ki_lin set to 0.000000
[imu_filter_madgwick_node-3] [INFO] [1770704022.859074440] [imu_filter]: Parameter RLController.pid_kd_lin set to 0.020000
[imu_filter_madgwick_node-3] [INFO] [1770704022.859147625] [imu_filter]: Parameter RLController.pid_kp_ang set to 1.230000
[imu_filter_madgwick_node-3] [INFO] [1770704022.859207755] [imu_filter]: Parameter RLController.pid_ki_ang set to 0.000000
[imu_filter_madgwick_node-3] [INFO] [1770704022.859264652] [imu_filter]: Parameter RLController.pid_kd_ang set to 0.100000
[imu_filter_madgwick_node-3] [INFO] [1770704023.270206778] [imu_filter]: Parameter RLController.pid_kp_lin set to 1.202327
[imu_filter_madgwick_node-3] [INFO] [1770704023.270431583] [imu_filter]: Parameter RLController.pid_ki_lin set to 0.000000
[imu_filter_madgwick_node-3] [INFO] [1770704023.270501793] [imu_filter]: Parameter RLController.pid_kd_lin set to 0.020000
[imu_filter_madgwick_node-3] [INFO] [1770704023.270561890] [imu_filter]: Parameter RLController.pid_kp_ang set to 1.230000
[imu_filter_madgwick_node-3] [INFO] [1770704023.270614307] [imu_filter]: Parameter RLController.pid_ki_ang set to 0.000000
[imu_filter_madgwick_node-3] [INFO] [1770704023.270664645] [imu_filter]: Parameter RLController.pid_kd_ang set to 0.100000
[imu_filter_madgwick_node-3] [INFO] [1770704023.704585640] [imu_filter]: Parameter RLController.pid_kp_lin set to 1.202327
[imu_filter_madgwick_node-3] [INFO] [1770704023.706742971] [imu_filter]: Parameter RLController.pid_ki_lin set to 0.000000
[imu_filter_madgwick_node-3] [INFO] [1770704023.710282125] [imu_filter]: Parameter RLController.pid_kd_lin set to 0.020000
[imu_filter_madgwick_node-3] [INFO] [1770704023.710418096] [imu_filter]: Parameter RLController.pid_kp_ang set to 1.230000
[imu_filter_madgwick_node-3] [INFO] [1770704023.710480785] [imu_filter]: Parameter RLController.pid_ki_ang set to 0.000000
[imu_filter_madgwick_node-3] [INFO] [1770704023.710539763] [imu_filter]: Parameter RLController.pid_kd_ang set to 0.100000
[imu_filter_madgwick_node-3] [INFO] [1770704024.116378154] [imu_filter]: Parameter RLController.pid_kp_lin set to 1.202327
[imu_filter_madgwick_node-3] [INFO] [1770704024.116596143] [imu_filter]: Parameter RLController.pid_ki_lin set to 0.000000
[imu_filter_madgwick_node-3] [INFO] [1770704024.116665585] [imu_filter]: Parameter RLController.pid_kd_lin set to 0.020000
[imu_filter_madgwick_node-3] [INFO] [1770704024.116725810] [imu_filter]: Parameter RLController.pid_kp_ang set to 1.230000
[imu_filter_madgwick_node-3] [INFO] [1770704024.116778323] [imu_filter]: Parameter RLController.pid_ki_ang set to 0.000000
[imu_filter_madgwick_node-3] [INFO] [1770704024.116830965] [imu_filter]: Parameter RLController.pid_kd_ang set to 0.100000
[imu_filter_madgwick_node-3] [INFO] [1770704024.533928497] [imu_filter]: Parameter RLController.pid_kp_lin set to 1.202327
[imu_filter_madgwick_node-3] [INFO] [1770704024.534265017] [imu_filter]: Parameter RLController.pid_ki_lin set to 0.000000
[imu_filter_madgwick_node-3] [INFO] [1770704024.534356507] [imu_filter]: Parameter RLController.pid_kd_lin set to 0.020000
[imu_filter_madgwick_node-3] [INFO] [1770704024.534418781] [imu_filter]: Parameter RLController.pid_kp_ang set to 1.230000
[imu_filter_madgwick_node-3] [INFO] [1770704024.534474910] [imu_filter]: Parameter RLController.pid_ki_ang set to 0.000000
[imu_filter_madgwick_node-3] [INFO] [1770704024.534527423] [imu_filter]: Parameter RLController.pid_kd_ang set to 0.100000
[imu_filter_madgwick_node-3] [INFO] [1770704024.942966419] [imu_filter]: Parameter RLController.pid_kp_lin set to 1.202327
[imu_filter_madgwick_node-3] [INFO] [1770704024.943294715] [imu_filter]: Parameter RLController.pid_ki_lin set to 0.000000
[imu_filter_madgwick_node-3] [INFO] [1770704024.943411005] [imu_filter]: Parameter RLController.pid_kd_lin set to 0.020000
[imu_filter_madgwick_node-3] [INFO] [1770704024.943477247] [imu_filter]: Parameter RLController.pid_kp_ang set to 1.230000
[imu_filter_madgwick_node-3] [INFO] [1770704024.943535104] [imu_filter]: Parameter RLController.pid_ki_ang set to 0.000000
[imu_filter_madgwick_node-3] [INFO] [1770704024.943590050] [imu_filter]: Parameter RLController.pid_kd_ang set to 0.100000
[imu_filter_madgwick_node-3] [INFO] [1770704025.357811132] [imu_filter]: Parameter RLController.pid_kp_lin set to 1.202327
[imu_filter_madgwick_node-3] [INFO] [1770704025.359026840] [imu_filter]: Parameter RLController.pid_ki_lin set to 0.000000
[imu_filter_madgwick_node-3] [INFO] [1770704025.359257341] [imu_filter]: Parameter RLController.pid_kd_lin set to 0.020000
[imu_filter_madgwick_node-3] [INFO] [1770704025.359343871] [imu_filter]: Parameter RLController.pid_kp_ang set to 1.230000
[imu_filter_madgwick_node-3] [INFO] [1770704025.359457890] [imu_filter]: Parameter RLController.pid_ki_ang set to 0.000000
[imu_filter_madgwick_node-3] [INFO] [1770704025.359529924] [imu_filter]: Parameter RLController.pid_kd_ang set to 0.100000
[imu_filter_madgwick_node-3] [INFO] [1770704025.775663114] [imu_filter]: Parameter RLController.pid_kp_lin set to 1.202327
[imu_filter_madgwick_node-3] [INFO] [1770704025.776094356] [imu_filter]: Parameter RLController.pid_ki_lin set to 0.000000
[imu_filter_madgwick_node-3] [INFO] [1770704025.776262232] [imu_filter]: Parameter RLController.pid_kd_lin set to 0.020000
[imu_filter_madgwick_node-3] [INFO] [1770704025.776331578] [imu_filter]: Parameter RLController.pid_kp_ang set to 1.230000
[imu_filter_madgwick_node-3] [INFO] [1770704025.776387227] [imu_filter]: Parameter RLController.pid_ki_ang set to 0.000000
[imu_filter_madgwick_node-3] [INFO] [1770704025.776442364] [imu_filter]: Parameter RLController.pid_kd_ang set to 0.100000
[imu_filter_madgwick_node-3] [INFO] [1770704026.190403728] [imu_filter]: Parameter RLController.pid_kp_lin set to 1.202327
[imu_filter_madgwick_node-3] [INFO] [1770704026.190643158] [imu_filter]: Parameter RLController.pid_ki_lin set to 0.000000
[imu_filter_madgwick_node-3] [INFO] [1770704026.190719448] [imu_filter]: Parameter RLController.pid_kd_lin set to 0.020000
[imu_filter_madgwick_node-3] [INFO] [1770704026.190779513] [imu_filter]: Parameter RLController.pid_kp_ang set to 1.230000
[imu_filter_madgwick_node-3] [INFO] [1770704026.190834714] [imu_filter]: Parameter RLController.pid_ki_ang set to 0.000000
[imu_filter_madgwick_node-3] [INFO] [1770704026.190889244] [imu_filter]: Parameter RLController.pid_kd_ang set to 0.100000
[imu_filter_madgwick_node-3] [INFO] [1770704026.618040290] [imu_filter]: Parameter RLController.pid_kp_lin set to 1.202327
[imu_filter_madgwick_node-3] [INFO] [1770704026.618252679] [imu_filter]: Parameter RLController.pid_ki_lin set to 0.000000
[imu_filter_madgwick_node-3] [INFO] [1770704026.618334697] [imu_filter]: Parameter RLController.pid_kd_lin set to 0.020000
[imu_filter_madgwick_node-3] [INFO] [1770704026.621618229] [imu_filter]: Parameter RLController.pid_kp_ang set to 1.230000
[imu_filter_madgwick_node-3] [INFO] [1770704026.621785433] [imu_filter]: Parameter RLController.pid_ki_ang set to 0.000000
[imu_filter_madgwick_node-3] [INFO] [1770704026.621968125] [imu_filter]: Parameter RLController.pid_kd_ang set to 0.100000
[imu_filter_madgwick_node-3] [INFO] [1770704027.052077929] [imu_filter]: Parameter RLController.pid_kp_lin set to 1.202327
[imu_filter_madgwick_node-3] [INFO] [1770704027.052327502] [imu_filter]: Parameter RLController.pid_ki_lin set to 0.000000
[imu_filter_madgwick_node-3] [INFO] [1770704027.052400112] [imu_filter]: Parameter RLController.pid_kd_lin set to 0.020000
[imu_filter_madgwick_node-3] [INFO] [1770704027.052472562] [imu_filter]: Parameter RLController.pid_kp_ang set to 1.230000
[imu_filter_madgwick_node-3] [INFO] [1770704027.052531379] [imu_filter]: Parameter RLController.pid_ki_ang set to 0.000000
[imu_filter_madgwick_node-3] [INFO] [1770704027.052595861] [imu_filter]: Parameter RLController.pid_kd_ang set to 0.100000
[imu_filter_madgwick_node-3] [INFO] [1770704027.466676588] [imu_filter]: Parameter RLController.pid_kp_lin set to 1.202327
[imu_filter_madgwick_node-3] [INFO] [1770704027.466873744] [imu_filter]: Parameter RLController.pid_ki_lin set to 0.000000
[imu_filter_madgwick_node-3] [INFO] [1770704027.466941106] [imu_filter]: Parameter RLController.pid_kd_lin set to 0.020000
[imu_filter_madgwick_node-3] [INFO] [1770704027.466999315] [imu_filter]: Parameter RLController.pid_kp_ang set to 1.230000
[imu_filter_madgwick_node-3] [INFO] [1770704027.467051252] [imu_filter]: Parameter RLController.pid_ki_ang set to 0.000000
[imu_filter_madgwick_node-3] [INFO] [1770704027.467102645] [imu_filter]: Parameter RLController.pid_kd_ang set to 0.100000
[imu_filter_madgwick_node-3] [INFO] [1770704027.882676047] [imu_filter]: Parameter RLController.pid_kp_lin set to 1.202327
[imu_filter_madgwick_node-3] [INFO] [1770704027.882983798] [imu_filter]: Parameter RLController.pid_ki_lin set to 0.000000
[imu_filter_madgwick_node-3] [INFO] [1770704027.883068920] [imu_filter]: Parameter RLController.pid_kd_lin set to 0.020000
[imu_filter_madgwick_node-3] [INFO] [1770704027.883133754] [imu_filter]: Parameter RLController.pid_kp_ang set to 1.230000
[imu_filter_madgwick_node-3] [INFO] [1770704027.883192443] [imu_filter]: Parameter RLController.pid_ki_ang set to 0.000000
[imu_filter_madgwick_node-3] [INFO] [1770704027.883247484] [imu_filter]: Parameter RLController.pid_kd_ang set to 0.100000
[imu_filter_madgwick_node-3] [INFO] [1770704028.298658226] [imu_filter]: Parameter RLController.pid_kp_lin set to 1.202327
[imu_filter_madgwick_node-3] [INFO] [1770704028.298876727] [imu_filter]: Parameter RLController.pid_ki_lin set to 0.000000
[imu_filter_madgwick_node-3] [INFO] [1770704028.298950969] [imu_filter]: Parameter RLController.pid_kd_lin set to 0.020000
[imu_filter_madgwick_node-3] [INFO] [1770704028.299021562] [imu_filter]: Parameter RLController.pid_kp_ang set to 1.230000
[imu_filter_madgwick_node-3] [INFO] [1770704028.299083004] [imu_filter]: Parameter RLController.pid_ki_ang set to 0.000000
[imu_filter_madgwick_node-3] [INFO] [1770704028.299140509] [imu_filter]: Parameter RLController.pid_kd_ang set to 0.100000
[imu_filter_madgwick_node-3] [INFO] [1770704028.716105079] [imu_filter]: Parameter RLController.pid_kp_lin set to 1.202327
[imu_filter_madgwick_node-3] [INFO] [1770704028.716344253] [imu_filter]: Parameter RLController.pid_ki_lin set to 0.000000
[imu_filter_madgwick_node-3] [INFO] [1770704028.716412958] [imu_filter]: Parameter RLController.pid_kd_lin set to 0.020000
[imu_filter_madgwick_node-3] [INFO] [1770704028.716592002] [imu_filter]: Parameter RLController.pid_kp_ang set to 1.230000
[imu_filter_madgwick_node-3] [INFO] [1770704028.716651684] [imu_filter]: Parameter RLController.pid_ki_ang set to 0.000000
[imu_filter_madgwick_node-3] [INFO] [1770704028.716707813] [imu_filter]: Parameter RLController.pid_kd_ang set to 0.100000
[imu_filter_madgwick_node-3] [INFO] [1770704029.129457085] [imu_filter]: Parameter RLController.pid_kp_lin set to 1.202327
[imu_filter_madgwick_node-3] [INFO] [1770704029.130308337] [imu_filter]: Parameter RLController.pid_ki_lin set to 0.000000
[imu_filter_madgwick_node-3] [INFO] [1770704029.130434804] [imu_filter]: Parameter RLController.pid_kd_lin set to 0.020000
[imu_filter_madgwick_node-3] [INFO] [1770704029.130511125] [imu_filter]: Parameter RLController.pid_kp_ang set to 1.230000
[imu_filter_madgwick_node-3] [INFO] [1770704029.130571159] [imu_filter]: Parameter RLController.pid_ki_ang set to 0.000000
[imu_filter_madgwick_node-3] [INFO] [1770704029.130627608] [imu_filter]: Parameter RLController.pid_kd_ang set to 0.100000
[imu_filter_madgwick_node-3] [INFO] [1770704029.570274305] [imu_filter]: Parameter RLController.pid_kp_lin set to 1.202327
[imu_filter_madgwick_node-3] [INFO] [1770704029.570473382] [imu_filter]: Parameter RLController.pid_ki_lin set to 0.000000
[imu_filter_madgwick_node-3] [INFO] [1770704029.570537991] [imu_filter]: Parameter RLController.pid_kd_lin set to 0.020000
[imu_filter_madgwick_node-3] [INFO] [1770704029.570595112] [imu_filter]: Parameter RLController.pid_kp_ang set to 1.230000
[imu_filter_madgwick_node-3] [INFO] [1770704029.570649738] [imu_filter]: Parameter RLController.pid_ki_ang set to 0.000000
[imu_filter_madgwick_node-3] [INFO] [1770704029.570702539] [imu_filter]: Parameter RLController.pid_kd_ang set to 0.100000
[imu_filter_madgwick_node-3] [INFO] [1770704029.978211945] [imu_filter]: Parameter RLController.pid_kp_lin set to 1.202327
[imu_filter_madgwick_node-3] [INFO] [1770704029.978419822] [imu_filter]: Parameter RLController.pid_ki_lin set to 0.000000
[imu_filter_madgwick_node-3] [INFO] [1770704029.981308401] [imu_filter]: Parameter RLController.pid_kd_lin set to 0.020000
[imu_filter_madgwick_node-3] [INFO] [1770704029.981617720] [imu_filter]: Parameter RLController.pid_kp_ang set to 1.230000
[imu_filter_madgwick_node-3] [INFO] [1770704029.981695546] [imu_filter]: Parameter RLController.pid_ki_ang set to 0.000000
[imu_filter_madgwick_node-3] [INFO] [1770704029.981755355] [imu_filter]: Parameter RLController.pid_kd_ang set to 0.100000
[imu_filter_madgwick_node-3] [INFO] [1770704030.390285425] [imu_filter]: Parameter RLController.pid_kp_lin set to 1.202327
[imu_filter_madgwick_node-3] [INFO] [1770704030.390678810] [imu_filter]: Parameter RLController.pid_ki_lin set to 0.000000
[imu_filter_madgwick_node-3] [INFO] [1770704030.390761564] [imu_filter]: Parameter RLController.pid_kd_lin set to 0.020000
[imu_filter_madgwick_node-3] [INFO] [1770704030.390827326] [imu_filter]: Parameter RLController.pid_kp_ang set to 1.230000
[imu_filter_madgwick_node-3] [INFO] [1770704030.390884575] [imu_filter]: Parameter RLController.pid_ki_ang set to 0.000000
[imu_filter_madgwick_node-3] [INFO] [1770704030.390938528] [imu_filter]: Parameter RLController.pid_kd_ang set to 0.100000
[imu_filter_madgwick_node-3] [INFO] [1770704030.798991691] [imu_filter]: Parameter RLController.pid_kp_lin set to 1.202327
[imu_filter_madgwick_node-3] [INFO] [1770704030.799201232] [imu_filter]: Parameter RLController.pid_ki_lin set to 0.000000
[imu_filter_madgwick_node-3] [INFO] [1770704030.799268402] [imu_filter]: Parameter RLController.pid_kd_lin set to 0.020000
[imu_filter_madgwick_node-3] [INFO] [1770704030.802044722] [imu_filter]: Parameter RLController.pid_kp_ang set to 1.230000
[imu_filter_madgwick_node-3] [INFO] [1770704030.802229398] [imu_filter]: Parameter RLController.pid_ki_ang set to 0.000000
[imu_filter_madgwick_node-3] [INFO] [1770704030.802407899] [imu_filter]: Parameter RLController.pid_kd_ang set to 0.100000
[imu_filter_madgwick_node-3] [INFO] [1770704031.236905260] [imu_filter]: Parameter RLController.pid_kp_lin set to 1.202327
[imu_filter_madgwick_node-3] [INFO] [1770704031.237259092] [imu_filter]: Parameter RLController.pid_ki_lin set to 0.000000
[imu_filter_madgwick_node-3] [INFO] [1770704031.237335510] [imu_filter]: Parameter RLController.pid_kd_lin set to 0.020000
[imu_filter_madgwick_node-3] [INFO] [1770704031.237396055] [imu_filter]: Parameter RLController.pid_kp_ang set to 1.230000
[imu_filter_madgwick_node-3] [INFO] [1770704031.237451833] [imu_filter]: Parameter RLController.pid_ki_ang set to 0.000000
[imu_filter_madgwick_node-3] [INFO] [1770704031.237513146] [imu_filter]: Parameter RLController.pid_kd_ang set to 0.100000
[imu_filter_madgwick_node-3] [INFO] [1770704031.651919800] [imu_filter]: Parameter RLController.pid_kp_lin set to 1.202327
[imu_filter_madgwick_node-3] [INFO] [1770704031.654071178] [imu_filter]: Parameter RLController.pid_ki_lin set to 0.000000
[imu_filter_madgwick_node-3] [INFO] [1770704031.654256623] [imu_filter]: Parameter RLController.pid_kd_lin set to 0.020000
[imu_filter_madgwick_node-3] [INFO] [1770704031.654327120] [imu_filter]: Parameter RLController.pid_kp_ang set to 1.230000
[imu_filter_madgwick_node-3] [INFO] [1770704031.654500020] [imu_filter]: Parameter RLController.pid_ki_ang set to 0.000000
[imu_filter_madgwick_node-3] [INFO] [1770704031.654558390] [imu_filter]: Parameter RLController.pid_kd_ang set to 0.100000
[imu_filter_madgwick_node-3] [INFO] [1770704032.071830071] [imu_filter]: Parameter RLController.pid_kp_lin set to 1.202327
[imu_filter_madgwick_node-3] [INFO] [1770704032.072042812] [imu_filter]: Parameter RLController.pid_ki_lin set to 0.000000
[imu_filter_madgwick_node-3] [INFO] [1770704032.072116701] [imu_filter]: Parameter RLController.pid_kd_lin set to 0.020000
[imu_filter_madgwick_node-3] [INFO] [1770704032.072201567] [imu_filter]: Parameter RLController.pid_kp_ang set to 1.230000
[imu_filter_madgwick_node-3] [INFO] [1770704032.072263425] [imu_filter]: Parameter RLController.pid_ki_ang set to 0.000000
[imu_filter_madgwick_node-3] [INFO] [1770704032.072320290] [imu_filter]: Parameter RLController.pid_kd_ang set to 0.100000
[imu_filter_madgwick_node-3] [INFO] [1770704032.527054634] [imu_filter]: Parameter RLController.pid_kp_lin set to 1.202327
[imu_filter_madgwick_node-3] [INFO] [1770704032.527507476] [imu_filter]: Parameter RLController.pid_ki_lin set to 0.000000
[imu_filter_madgwick_node-3] [INFO] [1770704032.527688824] [imu_filter]: Parameter RLController.pid_kd_lin set to 0.020000
[imu_filter_madgwick_node-3] [INFO] [1770704032.527763482] [imu_filter]: Parameter RLController.pid_kp_ang set to 1.230000
[imu_filter_madgwick_node-3] [INFO] [1770704032.527859036] [imu_filter]: Parameter RLController.pid_ki_ang set to 0.000000
[imu_filter_madgwick_node-3] [INFO] [1770704032.527939134] [imu_filter]: Parameter RLController.pid_kd_ang set to 0.100000
[imu_filter_madgwick_node-3] [INFO] [1770704032.945246848] [imu_filter]: Parameter RLController.pid_kp_lin set to 1.202327
[imu_filter_madgwick_node-3] [INFO] [1770704032.948648367] [imu_filter]: Parameter RLController.pid_ki_lin set to 0.000000
[imu_filter_madgwick_node-3] [INFO] [1770704032.948852148] [imu_filter]: Parameter RLController.pid_kd_lin set to 0.020000
[imu_filter_madgwick_node-3] [INFO] [1770704032.948920981] [imu_filter]: Parameter RLController.pid_kp_ang set to 1.230000
[imu_filter_madgwick_node-3] [INFO] [1770704032.948975479] [imu_filter]: Parameter RLController.pid_ki_ang set to 0.000000
[imu_filter_madgwick_node-3] [INFO] [1770704032.949029656] [imu_filter]: Parameter RLController.pid_kd_ang set to 0.100000
[imu_filter_madgwick_node-3] [INFO] [1770704033.364146087] [imu_filter]: Parameter RLController.pid_kp_lin set to 1.202327
[imu_filter_madgwick_node-3] [INFO] [1770704033.364381996] [imu_filter]: Parameter RLController.pid_ki_lin set to 0.000000
[imu_filter_madgwick_node-3] [INFO] [1770704033.364450862] [imu_filter]: Parameter RLController.pid_kd_lin set to 0.020000
[imu_filter_madgwick_node-3] [INFO] [1770704033.364510383] [imu_filter]: Parameter RLController.pid_kp_ang set to 1.230000
[imu_filter_madgwick_node-3] [INFO] [1770704033.364562640] [imu_filter]: Parameter RLController.pid_ki_ang set to 0.000000
[imu_filter_madgwick_node-3] [INFO] [1770704033.364612786] [imu_filter]: Parameter RLController.pid_kd_ang set to 0.100000
[imu_filter_madgwick_node-3] [INFO] [1770704033.776904927] [imu_filter]: Parameter RLController.pid_kp_lin set to 1.202327
[imu_filter_madgwick_node-3] [INFO] [1770704033.777646960] [imu_filter]: Parameter RLController.pid_ki_lin set to 0.000000
[imu_filter_madgwick_node-3] [INFO] [1770704033.777822900] [imu_filter]: Parameter RLController.pid_kd_lin set to 0.020000
[imu_filter_madgwick_node-3] [INFO] [1770704033.777958167] [imu_filter]: Parameter RLController.pid_kp_ang set to 1.230000
[imu_filter_madgwick_node-3] [INFO] [1770704033.778087610] [imu_filter]: Parameter RLController.pid_ki_ang set to 0.000000
[imu_filter_madgwick_node-3] [INFO] [1770704033.778158300] [imu_filter]: Parameter RLController.pid_kd_ang set to 0.100000
[imu_filter_madgwick_node-3] [INFO] [1770704034.239542334] [imu_filter]: Parameter RLController.pid_kp_lin set to 1.202327
[imu_filter_madgwick_node-3] [INFO] [1770704034.239836453] [imu_filter]: Parameter RLController.pid_ki_lin set to 0.000000
[imu_filter_madgwick_node-3] [INFO] [1770704034.239914791] [imu_filter]: Parameter RLController.pid_kd_lin set to 0.020000
[imu_filter_madgwick_node-3] [INFO] [1770704034.239978088] [imu_filter]: Parameter RLController.pid_kp_ang set to 1.230000
[imu_filter_madgwick_node-3] [INFO] [1770704034.240040842] [imu_filter]: Parameter RLController.pid_ki_ang set to 0.000000
[imu_filter_madgwick_node-3] [INFO] [1770704034.240093835] [imu_filter]: Parameter RLController.pid_kd_ang set to 0.100000
[imu_filter_madgwick_node-3] [INFO] [1770704034.640751946] [imu_filter]: Parameter RLController.pid_kp_lin set to 1.202327
[imu_filter_madgwick_node-3] [INFO] [1770704034.640958479] [imu_filter]: Parameter RLController.pid_ki_lin set to 0.000000
[imu_filter_madgwick_node-3] [INFO] [1770704034.641025744] [imu_filter]: Parameter RLController.pid_kd_lin set to 0.020000
[imu_filter_madgwick_node-3] [INFO] [1770704034.641084241] [imu_filter]: Parameter RLController.pid_kp_ang set to 1.230000
[imu_filter_madgwick_node-3] [INFO] [1770704034.641137875] [imu_filter]: Parameter RLController.pid_ki_ang set to 0.000000
[imu_filter_madgwick_node-3] [INFO] [1770704034.641188628] [imu_filter]: Parameter RLController.pid_kd_ang set to 0.100000
[imu_filter_madgwick_node-3] [INFO] [1770704035.052368135] [imu_filter]: Parameter RLController.pid_kp_lin set to 1.202327
[imu_filter_madgwick_node-3] [INFO] [1770704035.052593388] [imu_filter]: Parameter RLController.pid_ki_lin set to 0.000000
[imu_filter_madgwick_node-3] [INFO] [1770704035.052667502] [imu_filter]: Parameter RLController.pid_kd_lin set to 0.020000
[imu_filter_madgwick_node-3] [INFO] [1770704035.052727504] [imu_filter]: Parameter RLController.pid_kp_ang set to 1.230000
[imu_filter_madgwick_node-3] [INFO] [1770704035.052783217] [imu_filter]: Parameter RLController.pid_ki_ang set to 0.000000
[imu_filter_madgwick_node-3] [INFO] [1770704035.052837202] [imu_filter]: Parameter RLController.pid_kd_ang set to 0.100000
[imu_filter_madgwick_node-3] [INFO] [1770704035.469191422] [imu_filter]: Parameter RLController.pid_kp_lin set to 1.202327
[imu_filter_madgwick_node-3] [INFO] [1770704035.469401795] [imu_filter]: Parameter RLController.pid_ki_lin set to 0.000000
[imu_filter_madgwick_node-3] [INFO] [1770704035.469478436] [imu_filter]: Parameter RLController.pid_kd_lin set to 0.020000
[imu_filter_madgwick_node-3] [INFO] [1770704035.469537990] [imu_filter]: Parameter RLController.pid_kp_ang set to 1.230000
[imu_filter_madgwick_node-3] [INFO] [1770704035.469590759] [imu_filter]: Parameter RLController.pid_ki_ang set to 0.000000
[imu_filter_madgwick_node-3] [INFO] [1770704035.469643496] [imu_filter]: Parameter RLController.pid_kd_ang set to 0.100000
[imu_filter_madgwick_node-3] [INFO] [1770704035.892350184] [imu_filter]: Parameter RLController.pid_kp_lin set to 1.202327
[imu_filter_madgwick_node-3] [INFO] [1770704035.892556524] [imu_filter]: Parameter RLController.pid_ki_lin set to 0.000000
[imu_filter_madgwick_node-3] [INFO] [1770704035.892625806] [imu_filter]: Parameter RLController.pid_kd_lin set to 0.020000
[imu_filter_madgwick_node-3] [INFO] [1770704035.892811090] [imu_filter]: Parameter RLController.pid_kp_ang set to 1.230000
[imu_filter_madgwick_node-3] [INFO] [1770704035.892884692] [imu_filter]: Parameter RLController.pid_ki_ang set to 0.000000
[imu_filter_madgwick_node-3] [INFO] [1770704035.892943125] [imu_filter]: Parameter RLController.pid_kd_ang set to 0.100000
[imu_filter_madgwick_node-3] [INFO] [1770704036.323431145] [imu_filter]: Parameter RLController.pid_kp_lin set to 1.202327
[imu_filter_madgwick_node-3] [INFO] [1770704036.324768489] [imu_filter]: Parameter RLController.pid_ki_lin set to 0.000000
[imu_filter_madgwick_node-3] [INFO] [1770704036.325072624] [imu_filter]: Parameter RLController.pid_kd_lin set to 0.020000
[imu_filter_madgwick_node-3] [INFO] [1770704036.325154770] [imu_filter]: Parameter RLController.pid_kp_ang set to 1.230000
[imu_filter_madgwick_node-3] [INFO] [1770704036.325213299] [imu_filter]: Parameter RLController.pid_ki_ang set to 0.000000
[imu_filter_madgwick_node-3] [INFO] [1770704036.325265044] [imu_filter]: Parameter RLController.pid_kd_ang set to 0.100000
[imu_filter_madgwick_node-3] [INFO] [1770704036.762985712] [imu_filter]: Parameter RLController.pid_kp_lin set to 1.202327
[imu_filter_madgwick_node-3] [INFO] [1770704036.763199285] [imu_filter]: Parameter RLController.pid_ki_lin set to 0.000000
[imu_filter_madgwick_node-3] [INFO] [1770704036.763377369] [imu_filter]: Parameter RLController.pid_kd_lin set to 0.020000
[imu_filter_madgwick_node-3] [INFO] [1770704036.763446235] [imu_filter]: Parameter RLController.pid_kp_ang set to 1.230000
[imu_filter_madgwick_node-3] [INFO] [1770704036.763505724] [imu_filter]: Parameter RLController.pid_ki_ang set to 0.000000
[imu_filter_madgwick_node-3] [INFO] [1770704036.763560542] [imu_filter]: Parameter RLController.pid_kd_ang set to 0.100000
[imu_filter_madgwick_node-3] [INFO] [1770704037.193350914] [imu_filter]: Parameter RLController.pid_kp_lin set to 1.202327
[imu_filter_madgwick_node-3] [INFO] [1770704037.193719594] [imu_filter]: Parameter RLController.pid_ki_lin set to 0.000000
[imu_filter_madgwick_node-3] [INFO] [1770704037.193835725] [imu_filter]: Parameter RLController.pid_kd_lin set to 0.020000
[imu_filter_madgwick_node-3] [INFO] [1770704037.193959280] [imu_filter]: Parameter RLController.pid_kp_ang set to 1.230000
[imu_filter_madgwick_node-3] [INFO] [1770704037.194025873] [imu_filter]: Parameter RLController.pid_ki_ang set to 0.000000
[imu_filter_madgwick_node-3] [INFO] [1770704037.194084819] [imu_filter]: Parameter RLController.pid_kd_ang set to 0.100000
[imu_filter_madgwick_node-3] [INFO] [1770704037.600700124] [imu_filter]: Parameter RLController.pid_kp_lin set to 1.202327
[imu_filter_madgwick_node-3] [INFO] [1770704037.600960194] [imu_filter]: Parameter RLController.pid_ki_lin set to 0.000000
[imu_filter_madgwick_node-3] [INFO] [1770704037.601058500] [imu_filter]: Parameter RLController.pid_kd_lin set to 0.020000
[imu_filter_madgwick_node-3] [INFO] [1770704037.601119590] [imu_filter]: Parameter RLController.pid_kp_ang set to 1.230000
[imu_filter_madgwick_node-3] [INFO] [1770704037.601173863] [imu_filter]: Parameter RLController.pid_ki_ang set to 0.000000
[imu_filter_madgwick_node-3] [INFO] [1770704037.601226088] [imu_filter]: Parameter RLController.pid_kd_ang set to 0.100000
[imu_filter_madgwick_node-3] [INFO] [1770704038.023115988] [imu_filter]: Parameter RLController.pid_kp_lin set to 1.202327
[imu_filter_madgwick_node-3] [INFO] [1770704038.023449500] [imu_filter]: Parameter RLController.pid_ki_lin set to 0.000000
[imu_filter_madgwick_node-3] [INFO] [1770704038.023643009] [imu_filter]: Parameter RLController.pid_kd_lin set to 0.020000
[imu_filter_madgwick_node-3] [INFO] [1770704038.023717666] [imu_filter]: Parameter RLController.pid_kp_ang set to 1.230000
[imu_filter_madgwick_node-3] [INFO] [1770704038.023775812] [imu_filter]: Parameter RLController.pid_ki_ang set to 0.000000
[imu_filter_madgwick_node-3] [INFO] [1770704038.023832581] [imu_filter]: Parameter RLController.pid_kd_ang set to 0.100000
[imu_filter_madgwick_node-3] [INFO] [1770704038.448652885] [imu_filter]: Parameter RLController.pid_kp_lin set to 1.202327
[imu_filter_madgwick_node-3] [INFO] [1770704038.448855546] [imu_filter]: Parameter RLController.pid_ki_lin set to 0.000000
[imu_filter_madgwick_node-3] [INFO] [1770704038.448922876] [imu_filter]: Parameter RLController.pid_kd_lin set to 0.020000
[imu_filter_madgwick_node-3] [INFO] [1770704038.448977565] [imu_filter]: Parameter RLController.pid_kp_ang set to 1.230000
[imu_filter_madgwick_node-3] [INFO] [1770704038.449216419] [imu_filter]: Parameter RLController.pid_ki_ang set to 0.000000
[imu_filter_madgwick_node-3] [INFO] [1770704038.449282148] [imu_filter]: Parameter RLController.pid_kd_ang set to 0.100000
[imu_filter_madgwick_node-3] [INFO] [1770704038.884708651] [imu_filter]: Parameter RLController.pid_kp_lin set to 1.202327
[imu_filter_madgwick_node-3] [INFO] [1770704038.885096852] [imu_filter]: Parameter RLController.pid_ki_lin set to 0.000000
[imu_filter_madgwick_node-3] [INFO] [1770704038.885189078] [imu_filter]: Parameter RLController.pid_kd_lin set to 0.020000
[imu_filter_madgwick_node-3] [INFO] [1770704038.885256792] [imu_filter]: Parameter RLController.pid_kp_ang set to 1.230000
[imu_filter_madgwick_node-3] [INFO] [1770704038.885319417] [imu_filter]: Parameter RLController.pid_ki_ang set to 0.000000
[imu_filter_madgwick_node-3] [INFO] [1770704038.885378458] [imu_filter]: Parameter RLController.pid_kd_ang set to 0.100000
[imu_filter_madgwick_node-3] [INFO] [1770704039.307994968] [imu_filter]: Parameter RLController.pid_kp_lin set to 1.202327
[imu_filter_madgwick_node-3] [INFO] [1770704039.308279070] [imu_filter]: Parameter RLController.pid_ki_lin set to 0.000000
[imu_filter_madgwick_node-3] [INFO] [1770704039.308363904] [imu_filter]: Parameter RLController.pid_kd_lin set to 0.020000
[imu_filter_madgwick_node-3] [INFO] [1770704039.308424898] [imu_filter]: Parameter RLController.pid_kp_ang set to 1.230000
[imu_filter_madgwick_node-3] [INFO] [1770704039.308480835] [imu_filter]: Parameter RLController.pid_ki_ang set to 0.000000
[imu_filter_madgwick_node-3] [INFO] [1770704039.308542340] [imu_filter]: Parameter RLController.pid_kd_ang set to 0.100000
[imu_filter_madgwick_node-3] [INFO] [1770704039.723687764] [imu_filter]: Parameter RLController.pid_kp_lin set to 1.202327
[imu_filter_madgwick_node-3] [INFO] [1770704039.723881656] [imu_filter]: Parameter RLController.pid_ki_lin set to 0.000000
[imu_filter_madgwick_node-3] [INFO] [1770704039.723951834] [imu_filter]: Parameter RLController.pid_kd_lin set to 0.020000
[imu_filter_madgwick_node-3] [INFO] [1770704039.724013884] [imu_filter]: Parameter RLController.pid_kp_ang set to 1.230000
[imu_filter_madgwick_node-3] [INFO] [1770704039.724068861] [imu_filter]: Parameter RLController.pid_ki_ang set to 0.000000
[imu_filter_madgwick_node-3] [INFO] [1770704039.724124478] [imu_filter]: Parameter RLController.pid_kd_ang set to 0.100000
[imu_filter_madgwick_node-3] [INFO] [1770704040.137540101] [imu_filter]: Parameter RLController.pid_kp_lin set to 1.202327
[imu_filter_madgwick_node-3] [INFO] [1770704040.137759179] [imu_filter]: Parameter RLController.pid_ki_lin set to 0.000000
[imu_filter_madgwick_node-3] [INFO] [1770704040.137838508] [imu_filter]: Parameter RLController.pid_kd_lin set to 0.020000
[imu_filter_madgwick_node-3] [INFO] [1770704040.137899310] [imu_filter]: Parameter RLController.pid_kp_ang set to 1.230000
[imu_filter_madgwick_node-3] [INFO] [1770704040.137956303] [imu_filter]: Parameter RLController.pid_ki_ang set to 0.000000
[imu_filter_madgwick_node-3] [INFO] [1770704040.138010384] [imu_filter]: Parameter RLController.pid_kd_ang set to 0.100000
[imu_filter_madgwick_node-3] [INFO] [1770704040.556703602] [imu_filter]: Parameter RLController.pid_kp_lin set to 1.202327
[imu_filter_madgwick_node-3] [INFO] [1770704040.557221950] [imu_filter]: Parameter RLController.pid_ki_lin set to 0.000000
[imu_filter_madgwick_node-3] [INFO] [1770704040.557317345] [imu_filter]: Parameter RLController.pid_kd_lin set to 0.020000
[imu_filter_madgwick_node-3] [INFO] [1770704040.557882478] [imu_filter]: Parameter RLController.pid_kp_ang set to 1.230000
[imu_filter_madgwick_node-3] [INFO] [1770704040.558105203] [imu_filter]: Parameter RLController.pid_ki_ang set to 0.000000
[imu_filter_madgwick_node-3] [INFO] [1770704040.558173333] [imu_filter]: Parameter RLController.pid_kd_ang set to 0.100000
[imu_filter_madgwick_node-3] [INFO] [1770704040.970553380] [imu_filter]: Parameter RLController.pid_kp_lin set to 1.202327
[imu_filter_madgwick_node-3] [INFO] [1770704040.970766825] [imu_filter]: Parameter RLController.pid_ki_lin set to 0.000000
[imu_filter_madgwick_node-3] [INFO] [1770704040.970831978] [imu_filter]: Parameter RLController.pid_kd_lin set to 0.020000
[imu_filter_madgwick_node-3] [INFO] [1770704040.971008430] [imu_filter]: Parameter RLController.pid_kp_ang set to 1.230000
[imu_filter_madgwick_node-3] [INFO] [1770704040.971070384] [imu_filter]: Parameter RLController.pid_ki_ang set to 0.000000
[imu_filter_madgwick_node-3] [INFO] [1770704040.971124625] [imu_filter]: Parameter RLController.pid_kd_ang set to 0.100000
[imu_filter_madgwick_node-3] [INFO] [1770704041.390859083] [imu_filter]: Parameter RLController.pid_kp_lin set to 1.202327
[imu_filter_madgwick_node-3] [INFO] [1770704041.391082480] [imu_filter]: Parameter RLController.pid_ki_lin set to 0.000000
[imu_filter_madgwick_node-3] [INFO] [1770704041.391149426] [imu_filter]: Parameter RLController.pid_kd_lin set to 0.020000
[imu_filter_madgwick_node-3] [INFO] [1770704041.391209779] [imu_filter]: Parameter RLController.pid_kp_ang set to 1.230000
[imu_filter_madgwick_node-3] [INFO] [1770704041.391263733] [imu_filter]: Parameter RLController.pid_ki_ang set to 0.000000
[imu_filter_madgwick_node-3] [INFO] [1770704041.391315542] [imu_filter]: Parameter RLController.pid_kd_ang set to 0.100000
[imu_filter_madgwick_node-3] [INFO] [1770704041.811389976] [imu_filter]: Parameter RLController.pid_kp_lin set to 1.202327
[imu_filter_madgwick_node-3] [INFO] [1770704041.811587261] [imu_filter]: Parameter RLController.pid_ki_lin set to 0.000000
[imu_filter_madgwick_node-3] [INFO] [1770704041.811652126] [imu_filter]: Parameter RLController.pid_kd_lin set to 0.020000
[imu_filter_madgwick_node-3] [INFO] [1770704041.811710495] [imu_filter]: Parameter RLController.pid_kp_ang set to 1.230000
[imu_filter_madgwick_node-3] [INFO] [1770704041.811764353] [imu_filter]: Parameter RLController.pid_ki_ang set to 0.000000
[imu_filter_madgwick_node-3] [INFO] [1770704041.811818146] [imu_filter]: Parameter RLController.pid_kd_ang set to 0.100000
[imu_filter_madgwick_node-3] [INFO] [1770704042.224987108] [imu_filter]: Parameter RLController.pid_kp_lin set to 1.202327
[imu_filter_madgwick_node-3] [INFO] [1770704042.225290955] [imu_filter]: Parameter RLController.pid_ki_lin set to 0.000000
[imu_filter_madgwick_node-3] [INFO] [1770704042.225385901] [imu_filter]: Parameter RLController.pid_kd_lin set to 0.020000
[imu_filter_madgwick_node-3] [INFO] [1770704042.225501232] [imu_filter]: Parameter RLController.pid_kp_ang set to 1.230000
[imu_filter_madgwick_node-3] [INFO] [1770704042.225571313] [imu_filter]: Parameter RLController.pid_ki_ang set to 0.000000
[imu_filter_madgwick_node-3] [INFO] [1770704042.225630163] [imu_filter]: Parameter RLController.pid_kd_ang set to 0.100000
[imu_filter_madgwick_node-3] [INFO] [1770704042.655997444] [imu_filter]: Parameter RLController.pid_kp_lin set to 1.202327
[imu_filter_madgwick_node-3] [INFO] [1770704042.656362252] [imu_filter]: Parameter RLController.pid_ki_lin set to 0.000000
[imu_filter_madgwick_node-3] [INFO] [1770704042.656466255] [imu_filter]: Parameter RLController.pid_kd_lin set to 0.020000
[imu_filter_madgwick_node-3] [INFO] [1770704042.656530704] [imu_filter]: Parameter RLController.pid_kp_ang set to 1.230000
[imu_filter_madgwick_node-3] [INFO] [1770704042.656588882] [imu_filter]: Parameter RLController.pid_ki_ang set to 0.000000
[imu_filter_madgwick_node-3] [INFO] [1770704042.656653011] [imu_filter]: Parameter RLController.pid_kd_ang set to 0.100000
[imu_filter_madgwick_node-3] [INFO] [1770704043.068907679] [imu_filter]: Parameter RLController.pid_kp_lin set to 1.202327
[imu_filter_madgwick_node-3] [INFO] [1770704043.069132997] [imu_filter]: Parameter RLController.pid_ki_lin set to 0.000000
[imu_filter_madgwick_node-3] [INFO] [1770704043.069317033] [imu_filter]: Parameter RLController.pid_kd_lin set to 0.020000
[imu_filter_madgwick_node-3] [INFO] [1770704043.069391627] [imu_filter]: Parameter RLController.pid_kp_ang set to 1.230000
[imu_filter_madgwick_node-3] [INFO] [1770704043.076240874] [imu_filter]: Parameter RLController.pid_ki_ang set to 0.000000
[imu_filter_madgwick_node-3] [INFO] [1770704043.076429646] [imu_filter]: Parameter RLController.pid_kd_ang set to 0.100000
[imu_filter_madgwick_node-3] [INFO] [1770704043.485648084] [imu_filter]: Parameter RLController.pid_kp_lin set to 1.202327
[imu_filter_madgwick_node-3] [INFO] [1770704043.485861625] [imu_filter]: Parameter RLController.pid_ki_lin set to 0.000000
[imu_filter_madgwick_node-3] [INFO] [1770704043.485942235] [imu_filter]: Parameter RLController.pid_kd_lin set to 0.020000
[imu_filter_madgwick_node-3] [INFO] [1770704043.486004668] [imu_filter]: Parameter RLController.pid_kp_ang set to 1.230000
[imu_filter_madgwick_node-3] [INFO] [1770704043.486057950] [imu_filter]: Parameter RLController.pid_ki_ang set to 0.000000
[imu_filter_madgwick_node-3] [INFO] [1770704043.486109471] [imu_filter]: Parameter RLController.pid_kd_ang set to 0.100000
[imu_filter_madgwick_node-3] [INFO] [1770704043.897560504] [imu_filter]: Parameter RLController.pid_kp_lin set to 1.202327
[imu_filter_madgwick_node-3] [INFO] [1770704043.899224287] [imu_filter]: Parameter RLController.pid_ki_lin set to 0.000000
[imu_filter_madgwick_node-3] [INFO] [1770704043.899355874] [imu_filter]: Parameter RLController.pid_kd_lin set to 0.020000
[imu_filter_madgwick_node-3] [INFO] [1770704043.899422212] [imu_filter]: Parameter RLController.pid_kp_ang set to 1.230000
[imu_filter_madgwick_node-3] [INFO] [1770704043.899573927] [imu_filter]: Parameter RLController.pid_ki_ang set to 0.000000
[imu_filter_madgwick_node-3] [INFO] [1770704043.899632393] [imu_filter]: Parameter RLController.pid_kd_ang set to 0.100000
[imu_filter_madgwick_node-3] [INFO] [1770704044.312372352] [imu_filter]: Parameter RLController.pid_kp_lin set to 1.202327
[imu_filter_madgwick_node-3] [INFO] [1770704044.312626502] [imu_filter]: Parameter RLController.pid_ki_lin set to 0.000000
[imu_filter_madgwick_node-3] [INFO] [1770704044.312707400] [imu_filter]: Parameter RLController.pid_kd_lin set to 0.020000
[imu_filter_madgwick_node-3] [INFO] [1770704044.314710423] [imu_filter]: Parameter RLController.pid_kp_ang set to 1.230000
[imu_filter_madgwick_node-3] [INFO] [1770704044.314892859] [imu_filter]: Parameter RLController.pid_ki_ang set to 0.000000
[imu_filter_madgwick_node-3] [INFO] [1770704044.316444191] [imu_filter]: Parameter RLController.pid_kd_ang set to 0.100000
[imu_filter_madgwick_node-3] [INFO] [1770704044.729860454] [imu_filter]: Parameter RLController.pid_kp_lin set to 1.202327
[imu_filter_madgwick_node-3] [INFO] [1770704044.730053803] [imu_filter]: Parameter RLController.pid_ki_lin set to 0.000000
[imu_filter_madgwick_node-3] [INFO] [1770704044.730125740] [imu_filter]: Parameter RLController.pid_kd_lin set to 0.020000
[imu_filter_madgwick_node-3] [INFO] [1770704044.730186894] [imu_filter]: Parameter RLController.pid_kp_ang set to 1.230000
[imu_filter_madgwick_node-3] [INFO] [1770704044.730236943] [imu_filter]: Parameter RLController.pid_ki_ang set to 0.000000
[imu_filter_madgwick_node-3] [INFO] [1770704044.732823915] [imu_filter]: Parameter RLController.pid_kd_ang set to 0.100000
[imu_filter_madgwick_node-3] [INFO] [1770704045.141876141] [imu_filter]: Parameter RLController.pid_kp_lin set to 1.202327
[imu_filter_madgwick_node-3] [INFO] [1770704045.143845051] [imu_filter]: Parameter RLController.pid_ki_lin set to 0.000000
[imu_filter_madgwick_node-3] [INFO] [1770704045.145511170] [imu_filter]: Parameter RLController.pid_kd_lin set to 0.020000
[imu_filter_madgwick_node-3] [INFO] [1770704045.151628976] [imu_filter]: Parameter RLController.pid_kp_ang set to 1.230000
[imu_filter_madgwick_node-3] [INFO] [1770704045.154317774] [imu_filter]: Parameter RLController.pid_ki_ang set to 0.000000
[imu_filter_madgwick_node-3] [INFO] [1770704045.154525939] [imu_filter]: Parameter RLController.pid_kd_ang set to 0.100000
[imu_filter_madgwick_node-3] [INFO] [1770704045.568519432] [imu_filter]: Parameter RLController.pid_kp_lin set to 1.202327
[imu_filter_madgwick_node-3] [INFO] [1770704045.568701612] [imu_filter]: Parameter RLController.pid_ki_lin set to 0.000000
[imu_filter_madgwick_node-3] [INFO] [1770704045.568827439] [imu_filter]: Parameter RLController.pid_kd_lin set to 0.020000
[imu_filter_madgwick_node-3] [INFO] [1770704045.568901553] [imu_filter]: Parameter RLController.pid_kp_ang set to 1.230000
[imu_filter_madgwick_node-3] [INFO] [1770704045.568956882] [imu_filter]: Parameter RLController.pid_ki_ang set to 0.000000
[imu_filter_madgwick_node-3] [INFO] [1770704045.569009587] [imu_filter]: Parameter RLController.pid_kd_ang set to 0.100000
[imu_filter_madgwick_node-3] [INFO] [1770704045.984566252] [imu_filter]: Parameter RLController.pid_kp_lin set to 1.202327
[imu_filter_madgwick_node-3] [INFO] [1770704045.984770929] [imu_filter]: Parameter RLController.pid_ki_lin set to 0.000000
[imu_filter_madgwick_node-3] [INFO] [1770704045.984838515] [imu_filter]: Parameter RLController.pid_kd_lin set to 0.020000
[imu_filter_madgwick_node-3] [INFO] [1770704045.984897972] [imu_filter]: Parameter RLController.pid_kp_ang set to 1.230000
[imu_filter_madgwick_node-3] [INFO] [1770704045.984953205] [imu_filter]: Parameter RLController.pid_ki_ang set to 0.000000
[imu_filter_madgwick_node-3] [INFO] [1770704045.985005911] [imu_filter]: Parameter RLController.pid_kd_ang set to 0.100000
[imu_filter_madgwick_node-3] [INFO] [1770704046.402126388] [imu_filter]: Parameter RLController.pid_kp_lin set to 1.202327
[imu_filter_madgwick_node-3] [INFO] [1770704046.402483996] [imu_filter]: Parameter RLController.pid_ki_lin set to 0.000000
[imu_filter_madgwick_node-3] [INFO] [1770704046.402563742] [imu_filter]: Parameter RLController.pid_kd_lin set to 0.020000
[imu_filter_madgwick_node-3] [INFO] [1770704046.402623424] [imu_filter]: Parameter RLController.pid_kp_ang set to 1.230000
[imu_filter_madgwick_node-3] [INFO] [1770704046.402679297] [imu_filter]: Parameter RLController.pid_ki_ang set to 0.000000
[imu_filter_madgwick_node-3] [INFO] [1770704046.406354998] [imu_filter]: Parameter RLController.pid_kd_ang set to 0.100000
[imu_filter_madgwick_node-3] [INFO] [1770704046.817111840] [imu_filter]: Parameter RLController.pid_kp_lin set to 1.202327
[imu_filter_madgwick_node-3] [INFO] [1770704046.817496297] [imu_filter]: Parameter RLController.pid_ki_lin set to 0.000000
[imu_filter_madgwick_node-3] [INFO] [1770704046.817580363] [imu_filter]: Parameter RLController.pid_kd_lin set to 0.020000
[imu_filter_madgwick_node-3] [INFO] [1770704046.817640556] [imu_filter]: Parameter RLController.pid_kp_ang set to 1.230000
[imu_filter_madgwick_node-3] [INFO] [1770704046.817695661] [imu_filter]: Parameter RLController.pid_ki_ang set to 0.000000
[imu_filter_madgwick_node-3] [INFO] [1770704046.817747343] [imu_filter]: Parameter RLController.pid_kd_ang set to 0.100000
[imu_filter_madgwick_node-3] [INFO] [1770704047.230813102] [imu_filter]: Parameter RLController.pid_kp_lin set to 1.202327
[imu_filter_madgwick_node-3] [INFO] [1770704047.231023187] [imu_filter]: Parameter RLController.pid_ki_lin set to 0.000000
[imu_filter_madgwick_node-3] [INFO] [1770704047.231097332] [imu_filter]: Parameter RLController.pid_kd_lin set to 0.020000
[imu_filter_madgwick_node-3] [INFO] [1770704047.231158966] [imu_filter]: Parameter RLController.pid_kp_ang set to 1.230000
[imu_filter_madgwick_node-3] [INFO] [1770704047.231213879] [imu_filter]: Parameter RLController.pid_ki_ang set to 0.000000
[imu_filter_madgwick_node-3] [INFO] [1770704047.231266168] [imu_filter]: Parameter RLController.pid_kd_ang set to 0.100000
[imu_filter_madgwick_node-3] [INFO] [1770704047.647564963] [imu_filter]: Parameter RLController.pid_kp_lin set to 1.202327
[imu_filter_madgwick_node-3] [INFO] [1770704047.647768359] [imu_filter]: Parameter RLController.pid_ki_lin set to 0.000000
[imu_filter_madgwick_node-3] [INFO] [1770704047.647841993] [imu_filter]: Parameter RLController.pid_kd_lin set to 0.020000
[imu_filter_madgwick_node-3] [INFO] [1770704047.647903531] [imu_filter]: Parameter RLController.pid_kp_ang set to 1.230000
[imu_filter_madgwick_node-3] [INFO] [1770704047.650621514] [imu_filter]: Parameter RLController.pid_ki_ang set to 0.000000
[imu_filter_madgwick_node-3] [INFO] [1770704047.650801966] [imu_filter]: Parameter RLController.pid_kd_ang set to 0.100000
[imu_filter_madgwick_node-3] [INFO] [1770704048.057928003] [imu_filter]: Parameter RLController.pid_kp_lin set to 1.202327
[imu_filter_madgwick_node-3] [INFO] [1770704048.058140488] [imu_filter]: Parameter RLController.pid_ki_lin set to 0.000000
[imu_filter_madgwick_node-3] [INFO] [1770704048.058214218] [imu_filter]: Parameter RLController.pid_kd_lin set to 0.020000
[imu_filter_madgwick_node-3] [INFO] [1770704048.058276779] [imu_filter]: Parameter RLController.pid_kp_ang set to 1.230000
[imu_filter_madgwick_node-3] [INFO] [1770704048.058334349] [imu_filter]: Parameter RLController.pid_ki_ang set to 0.000000
[imu_filter_madgwick_node-3] [INFO] [1770704048.058386670] [imu_filter]: Parameter RLController.pid_kd_ang set to 0.100000
[imu_filter_madgwick_node-3] [INFO] [1770704048.484276951] [imu_filter]: Parameter RLController.pid_kp_lin set to 1.202327
[imu_filter_madgwick_node-3] [INFO] [1770704048.486631278] [imu_filter]: Parameter RLController.pid_ki_lin set to 0.000000
[imu_filter_madgwick_node-3] [INFO] [1770704048.486850131] [imu_filter]: Parameter RLController.pid_kd_lin set to 0.020000
[imu_filter_madgwick_node-3] [INFO] [1770704048.486927413] [imu_filter]: Parameter RLController.pid_kp_ang set to 1.230000
[imu_filter_madgwick_node-3] [INFO] [1770704048.486985142] [imu_filter]: Parameter RLController.pid_ki_ang set to 0.000000
[imu_filter_madgwick_node-3] [INFO] [1770704048.487040535] [imu_filter]: Parameter RLController.pid_kd_ang set to 0.100000
[imu_filter_madgwick_node-3] [INFO] [1770704048.902029955] [imu_filter]: Parameter RLController.pid_kp_lin set to 1.202327
[imu_filter_madgwick_node-3] [INFO] [1770704048.902208359] [imu_filter]: Parameter RLController.pid_ki_lin set to 0.000000
[imu_filter_madgwick_node-3] [INFO] [1770704048.903171070] [imu_filter]: Parameter RLController.pid_kd_lin set to 0.020000
[imu_filter_madgwick_node-3] [INFO] [1770704048.903285728] [imu_filter]: Parameter RLController.pid_kp_ang set to 1.230000
[imu_filter_madgwick_node-3] [INFO] [1770704048.903933711] [imu_filter]: Parameter RLController.pid_ki_ang set to 0.000000
[imu_filter_madgwick_node-3] [INFO] [1770704048.904010513] [imu_filter]: Parameter RLController.pid_kd_ang set to 0.100000
[imu_filter_madgwick_node-3] [INFO] [1770704049.317037328] [imu_filter]: Parameter RLController.pid_kp_lin set to 1.202327
[imu_filter_madgwick_node-3] [INFO] [1770704049.317275349] [imu_filter]: Parameter RLController.pid_ki_lin set to 0.000000
[imu_filter_madgwick_node-3] [INFO] [1770704049.317353719] [imu_filter]: Parameter RLController.pid_kd_lin set to 0.020000
[imu_filter_madgwick_node-3] [INFO] [1770704049.317415736] [imu_filter]: Parameter RLController.pid_kp_ang set to 1.230000
[imu_filter_madgwick_node-3] [INFO] [1770704049.317469626] [imu_filter]: Parameter RLController.pid_ki_ang set to 0.000000
[imu_filter_madgwick_node-3] [INFO] [1770704049.317521371] [imu_filter]: Parameter RLController.pid_kd_ang set to 0.100000
[imu_filter_madgwick_node-3] [INFO] [1770704049.742536048] [imu_filter]: Parameter RLController.pid_kp_lin set to 1.202327
[imu_filter_madgwick_node-3] [INFO] [1770704049.742868471] [imu_filter]: Parameter RLController.pid_ki_lin set to 0.000000
[imu_filter_madgwick_node-3] [INFO] [1770704049.742945529] [imu_filter]: Parameter RLController.pid_kd_lin set to 0.020000
[imu_filter_madgwick_node-3] [INFO] [1770704049.743007227] [imu_filter]: Parameter RLController.pid_kp_ang set to 1.230000
[imu_filter_madgwick_node-3] [INFO] [1770704049.743062588] [imu_filter]: Parameter RLController.pid_ki_ang set to 0.000000
[imu_filter_madgwick_node-3] [INFO] [1770704049.743114973] [imu_filter]: Parameter RLController.pid_kd_ang set to 0.100000
[imu_filter_madgwick_node-3] [INFO] [1770704050.155633456] [imu_filter]: Parameter RLController.pid_kp_lin set to 1.202327
[imu_filter_madgwick_node-3] [INFO] [1770704050.155914038] [imu_filter]: Parameter RLController.pid_ki_lin set to 0.000000
[imu_filter_madgwick_node-3] [INFO] [1770704050.156136187] [imu_filter]: Parameter RLController.pid_kd_lin set to 0.020000
[imu_filter_madgwick_node-3] [INFO] [1770704050.156227165] [imu_filter]: Parameter RLController.pid_kp_ang set to 1.230000
[imu_filter_madgwick_node-3] [INFO] [1770704050.156289983] [imu_filter]: Parameter RLController.pid_ki_ang set to 0.000000
[imu_filter_madgwick_node-3] [INFO] [1770704050.156345184] [imu_filter]: Parameter RLController.pid_kd_ang set to 0.100000
[imu_filter_madgwick_node-3] [INFO] [1770704050.572013116] [imu_filter]: Parameter RLController.pid_kp_lin set to 1.202327
[imu_filter_madgwick_node-3] [INFO] [1770704050.572229793] [imu_filter]: Parameter RLController.pid_ki_lin set to 0.000000
[imu_filter_madgwick_node-3] [INFO] [1770704050.578757369] [imu_filter]: Parameter RLController.pid_kd_lin set to 0.020000
[imu_filter_madgwick_node-3] [INFO] [1770704050.579077760] [imu_filter]: Parameter RLController.pid_kp_ang set to 1.230000
[imu_filter_madgwick_node-3] [INFO] [1770704050.579160322] [imu_filter]: Parameter RLController.pid_ki_ang set to 0.000000
[imu_filter_madgwick_node-3] [INFO] [1770704050.579219171] [imu_filter]: Parameter RLController.pid_kd_ang set to 0.100000
[imu_filter_madgwick_node-3] [INFO] [1770704050.993854151] [imu_filter]: Parameter RLController.pid_kp_lin set to 1.202327
[imu_filter_madgwick_node-3] [INFO] [1770704050.994066732] [imu_filter]: Parameter RLController.pid_ki_lin set to 0.000000
[imu_filter_madgwick_node-3] [INFO] [1770704050.994139086] [imu_filter]: Parameter RLController.pid_kd_lin set to 0.020000
[imu_filter_madgwick_node-3] [INFO] [1770704050.994200719] [imu_filter]: Parameter RLController.pid_kp_ang set to 1.230000
[imu_filter_madgwick_node-3] [INFO] [1770704050.995004418] [imu_filter]: Parameter RLController.pid_ki_ang set to 0.000000
[imu_filter_madgwick_node-3] [INFO] [1770704050.995121093] [imu_filter]: Parameter RLController.pid_kd_ang set to 0.100000
[imu_filter_madgwick_node-3] [INFO] [1770704051.440448049] [imu_filter]: Parameter RLController.pid_kp_lin set to 1.202327
[imu_filter_madgwick_node-3] [INFO] [1770704051.440636534] [imu_filter]: Parameter RLController.pid_ki_lin set to 0.000000
[imu_filter_madgwick_node-3] [INFO] [1770704051.440708888] [imu_filter]: Parameter RLController.pid_kd_lin set to 0.020000
[imu_filter_madgwick_node-3] [INFO] [1770704051.440764441] [imu_filter]: Parameter RLController.pid_kp_ang set to 1.230000
[imu_filter_madgwick_node-3] [INFO] [1770704051.440996990] [imu_filter]: Parameter RLController.pid_ki_ang set to 0.000000
[imu_filter_madgwick_node-3] [INFO] [1770704051.441066592] [imu_filter]: Parameter RLController.pid_kd_ang set to 0.100000
[imu_filter_madgwick_node-3] [INFO] [1770704051.859649983] [imu_filter]: Parameter RLController.pid_kp_lin set to 1.202327
[imu_filter_madgwick_node-3] [INFO] [1770704051.863391318] [imu_filter]: Parameter RLController.pid_ki_lin set to 0.000000
[imu_filter_madgwick_node-3] [INFO] [1770704051.863581499] [imu_filter]: Parameter RLController.pid_kd_lin set to 0.020000
[imu_filter_madgwick_node-3] [INFO] [1770704051.863651516] [imu_filter]: Parameter RLController.pid_kp_ang set to 1.230000
[imu_filter_madgwick_node-3] [INFO] [1770704051.863707966] [imu_filter]: Parameter RLController.pid_ki_ang set to 0.000000
[imu_filter_madgwick_node-3] [INFO] [1770704051.863763263] [imu_filter]: Parameter RLController.pid_kd_ang set to 0.100000
[imu_filter_madgwick_node-3] [INFO] [1770704052.311506244] [imu_filter]: Parameter RLController.pid_kp_lin set to 1.202327
[imu_filter_madgwick_node-3] [INFO] [1770704052.311756394] [imu_filter]: Parameter RLController.pid_ki_lin set to 0.000000
[imu_filter_madgwick_node-3] [INFO] [1770704052.311841068] [imu_filter]: Parameter RLController.pid_kd_lin set to 0.020000
[imu_filter_madgwick_node-3] [INFO] [1770704052.312756993] [imu_filter]: Parameter RLController.pid_kp_ang set to 1.230000
[imu_filter_madgwick_node-3] [INFO] [1770704052.313432561] [imu_filter]: Parameter RLController.pid_ki_ang set to 0.000000
[imu_filter_madgwick_node-3] [INFO] [1770704052.314639053] [imu_filter]: Parameter RLController.pid_kd_ang set to 0.100000
[imu_filter_madgwick_node-3] [INFO] [1770704052.725872161] [imu_filter]: Parameter RLController.pid_kp_lin set to 1.202327
[imu_filter_madgwick_node-3] [INFO] [1770704052.726068998] [imu_filter]: Parameter RLController.pid_ki_lin set to 0.000000
[imu_filter_madgwick_node-3] [INFO] [1770704052.726138632] [imu_filter]: Parameter RLController.pid_kd_lin set to 0.020000
[imu_filter_madgwick_node-3] [INFO] [1770704052.726199689] [imu_filter]: Parameter RLController.pid_kp_ang set to 1.230000
[imu_filter_madgwick_node-3] [INFO] [1770704052.726253194] [imu_filter]: Parameter RLController.pid_ki_ang set to 0.000000
[imu_filter_madgwick_node-3] [INFO] [1770704052.726306059] [imu_filter]: Parameter RLController.pid_kd_ang set to 0.100000
[imu_filter_madgwick_node-3] [INFO] [1770704053.155968908] [imu_filter]: Parameter RLController.pid_kp_lin set to 1.202327
[imu_filter_madgwick_node-3] [INFO] [1770704053.156216178] [imu_filter]: Parameter RLController.pid_ki_lin set to 0.000000
[imu_filter_madgwick_node-3] [INFO] [1770704053.156295700] [imu_filter]: Parameter RLController.pid_kd_lin set to 0.020000
[imu_filter_madgwick_node-3] [INFO] [1770704053.156477848] [imu_filter]: Parameter RLController.pid_kp_ang set to 1.230000
[imu_filter_madgwick_node-3] [INFO] [1770704053.156542458] [imu_filter]: Parameter RLController.pid_ki_ang set to 0.000000
[imu_filter_madgwick_node-3] [INFO] [1770704053.156601787] [imu_filter]: Parameter RLController.pid_kd_ang set to 0.100000
[imu_filter_madgwick_node-3] [INFO] [1770704053.570313641] [imu_filter]: Parameter RLController.pid_kp_lin set to 1.202327
[imu_filter_madgwick_node-3] [INFO] [1770704053.570510350] [imu_filter]: Parameter RLController.pid_ki_lin set to 0.000000
[imu_filter_madgwick_node-3] [INFO] [1770704053.570579472] [imu_filter]: Parameter RLController.pid_kd_lin set to 0.020000
[imu_filter_madgwick_node-3] [INFO] [1770704053.570639505] [imu_filter]: Parameter RLController.pid_kp_ang set to 1.230000
[imu_filter_madgwick_node-3] [INFO] [1770704053.570693490] [imu_filter]: Parameter RLController.pid_ki_ang set to 0.000000
[imu_filter_madgwick_node-3] [INFO] [1770704053.570745907] [imu_filter]: Parameter RLController.pid_kd_ang set to 0.100000
[imu_filter_madgwick_node-3] [INFO] [1770704053.980892271] [imu_filter]: Parameter RLController.pid_kp_lin set to 1.202327
[imu_filter_madgwick_node-3] [INFO] [1770704053.981083699] [imu_filter]: Parameter RLController.pid_ki_lin set to 0.000000
[imu_filter_madgwick_node-3] [INFO] [1770704053.981147381] [imu_filter]: Parameter RLController.pid_kd_lin set to 0.020000
[imu_filter_madgwick_node-3] [INFO] [1770704053.981201942] [imu_filter]: Parameter RLController.pid_kp_ang set to 1.230000
[imu_filter_madgwick_node-3] [INFO] [1770704053.981253111] [imu_filter]: Parameter RLController.pid_ki_ang set to 0.000000
[imu_filter_madgwick_node-3] [INFO] [1770704053.981304440] [imu_filter]: Parameter RLController.pid_kd_ang set to 0.100000
[imu_filter_madgwick_node-3] [INFO] [1770704054.416126609] [imu_filter]: Parameter RLController.pid_kp_lin set to 1.202327
[imu_filter_madgwick_node-3] [INFO] [1770704054.416358615] [imu_filter]: Parameter RLController.pid_ki_lin set to 0.000000
[imu_filter_madgwick_node-3] [INFO] [1770704054.416439768] [imu_filter]: Parameter RLController.pid_kd_lin set to 0.020000
[imu_filter_madgwick_node-3] [INFO] [1770704054.416500026] [imu_filter]: Parameter RLController.pid_kp_ang set to 1.230000
[imu_filter_madgwick_node-3] [INFO] [1770704054.416556315] [imu_filter]: Parameter RLController.pid_ki_ang set to 0.000000
[imu_filter_madgwick_node-3] [INFO] [1770704054.416608636] [imu_filter]: Parameter RLController.pid_kd_ang set to 0.100000
[imu_filter_madgwick_node-3] [INFO] [1770704054.853570439] [imu_filter]: Parameter RLController.pid_kp_lin set to 1.202327
[imu_filter_madgwick_node-3] [INFO] [1770704054.853774636] [imu_filter]: Parameter RLController.pid_ki_lin set to 0.000000
[imu_filter_madgwick_node-3] [INFO] [1770704054.853846413] [imu_filter]: Parameter RLController.pid_kd_lin set to 0.020000
[imu_filter_madgwick_node-3] [INFO] [1770704054.853906255] [imu_filter]: Parameter RLController.pid_kp_ang set to 1.230000
[imu_filter_madgwick_node-3] [INFO] [1770704054.853961072] [imu_filter]: Parameter RLController.pid_ki_ang set to 0.000000
[imu_filter_madgwick_node-3] [INFO] [1770704054.854016209] [imu_filter]: Parameter RLController.pid_kd_ang set to 0.100000
[imu_filter_madgwick_node-3] [INFO] [1770704055.280889329] [imu_filter]: Parameter RLController.pid_kp_lin set to 1.202327
[imu_filter_madgwick_node-3] [INFO] [1770704055.281245178] [imu_filter]: Parameter RLController.pid_ki_lin set to 0.000000
[imu_filter_madgwick_node-3] [INFO] [1770704055.281392093] [imu_filter]: Parameter RLController.pid_kd_lin set to 0.020000
[imu_filter_madgwick_node-3] [INFO] [1770704055.281464799] [imu_filter]: Parameter RLController.pid_kp_ang set to 1.230000
[imu_filter_madgwick_node-3] [INFO] [1770704055.281522688] [imu_filter]: Parameter RLController.pid_ki_ang set to 0.000000
[imu_filter_madgwick_node-3] [INFO] [1770704055.281575361] [imu_filter]: Parameter RLController.pid_kd_ang set to 0.100000
[imu_filter_madgwick_node-3] [INFO] [1770704055.705061875] [imu_filter]: Parameter RLController.pid_kp_lin set to 1.202327
[imu_filter_madgwick_node-3] [INFO] [1770704055.705267384] [imu_filter]: Parameter RLController.pid_ki_lin set to 0.000000
[imu_filter_madgwick_node-3] [INFO] [1770704055.705336505] [imu_filter]: Parameter RLController.pid_kd_lin set to 0.020000
[imu_filter_madgwick_node-3] [INFO] [1770704055.705396155] [imu_filter]: Parameter RLController.pid_kp_ang set to 1.230000
[imu_filter_madgwick_node-3] [INFO] [1770704055.705456220] [imu_filter]: Parameter RLController.pid_ki_ang set to 0.000000
[imu_filter_madgwick_node-3] [INFO] [1770704055.705511805] [imu_filter]: Parameter RLController.pid_kd_ang set to 0.100000
[imu_filter_madgwick_node-3] [INFO] [1770704056.121070486] [imu_filter]: Parameter RLController.pid_kp_lin set to 1.202327
[imu_filter_madgwick_node-3] [INFO] [1770704056.123231177] [imu_filter]: Parameter RLController.pid_ki_lin set to 0.000000
[imu_filter_madgwick_node-3] [INFO] [1770704056.123416813] [imu_filter]: Parameter RLController.pid_kd_lin set to 0.020000
[imu_filter_madgwick_node-3] [INFO] [1770704056.123485038] [imu_filter]: Parameter RLController.pid_kp_ang set to 1.230000
[imu_filter_madgwick_node-3] [INFO] [1770704056.123541200] [imu_filter]: Parameter RLController.pid_ki_ang set to 0.000000
[imu_filter_madgwick_node-3] [INFO] [1770704056.123706068] [imu_filter]: Parameter RLController.pid_kd_ang set to 0.100000
[imu_filter_madgwick_node-3] [INFO] [1770704056.535311921] [imu_filter]: Parameter RLController.pid_kp_lin set to 1.202327
[imu_filter_madgwick_node-3] [INFO] [1770704056.535516566] [imu_filter]: Parameter RLController.pid_ki_lin set to 0.000000
[imu_filter_madgwick_node-3] [INFO] [1770704056.535588311] [imu_filter]: Parameter RLController.pid_kd_lin set to 0.020000
[imu_filter_madgwick_node-3] [INFO] [1770704056.535649849] [imu_filter]: Parameter RLController.pid_kp_ang set to 1.230000
[imu_filter_madgwick_node-3] [INFO] [1770704056.535706042] [imu_filter]: Parameter RLController.pid_ki_ang set to 0.000000
[imu_filter_madgwick_node-3] [INFO] [1770704056.535764219] [imu_filter]: Parameter RLController.pid_kd_ang set to 0.100000
[imu_filter_madgwick_node-3] [INFO] [1770704056.950768584] [imu_filter]: Parameter RLController.pid_kp_lin set to 1.202327
[imu_filter_madgwick_node-3] [INFO] [1770704056.950960044] [imu_filter]: Parameter RLController.pid_ki_lin set to 0.000000
[imu_filter_madgwick_node-3] [INFO] [1770704056.951025326] [imu_filter]: Parameter RLController.pid_kd_lin set to 0.020000
[imu_filter_madgwick_node-3] [INFO] [1770704056.951085935] [imu_filter]: Parameter RLController.pid_kp_ang set to 1.230000
[imu_filter_madgwick_node-3] [INFO] [1770704056.951137808] [imu_filter]: Parameter RLController.pid_ki_ang set to 0.000000
[imu_filter_madgwick_node-3] [INFO] [1770704056.951190994] [imu_filter]: Parameter RLController.pid_kd_ang set to 0.100000
[imu_filter_madgwick_node-3] [INFO] [1770704057.366607847] [imu_filter]: Parameter RLController.pid_kp_lin set to 1.202327
[imu_filter_madgwick_node-3] [INFO] [1770704057.366948463] [imu_filter]: Parameter RLController.pid_ki_lin set to 0.000000
[imu_filter_madgwick_node-3] [INFO] [1770704057.367020945] [imu_filter]: Parameter RLController.pid_kd_lin set to 0.020000
[imu_filter_madgwick_node-3] [INFO] [1770704057.367080658] [imu_filter]: Parameter RLController.pid_kp_ang set to 1.230000
[imu_filter_madgwick_node-3] [INFO] [1770704057.367134868] [imu_filter]: Parameter RLController.pid_ki_ang set to 0.000000
[imu_filter_madgwick_node-3] [INFO] [1770704057.367187477] [imu_filter]: Parameter RLController.pid_kd_ang set to 0.100000
[imu_filter_madgwick_node-3] [INFO] [1770704057.781691637] [imu_filter]: Parameter RLController.pid_kp_lin set to 1.202327
[imu_filter_madgwick_node-3] [INFO] [1770704057.781915643] [imu_filter]: Parameter RLController.pid_ki_lin set to 0.000000
[imu_filter_madgwick_node-3] [INFO] [1770704057.784153135] [imu_filter]: Parameter RLController.pid_kd_lin set to 0.020000
[imu_filter_madgwick_node-3] [INFO] [1770704057.786927887] [imu_filter]: Parameter RLController.pid_kp_ang set to 1.230000
[imu_filter_madgwick_node-3] [INFO] [1770704057.787107411] [imu_filter]: Parameter RLController.pid_ki_ang set to 0.000000
[imu_filter_madgwick_node-3] [INFO] [1770704057.791544794] [imu_filter]: Parameter RLController.pid_kd_ang set to 0.100000
[imu_filter_madgwick_node-3] [INFO] [1770704058.188510500] [imu_filter]: Parameter RLController.pid_kp_lin set to 1.202327
[imu_filter_madgwick_node-3] [INFO] [1770704058.188793386] [imu_filter]: Parameter RLController.pid_ki_lin set to 0.000000
[imu_filter_madgwick_node-3] [INFO] [1770704058.188881164] [imu_filter]: Parameter RLController.pid_kd_lin set to 0.020000
[imu_filter_madgwick_node-3] [INFO] [1770704058.188944590] [imu_filter]: Parameter RLController.pid_kp_ang set to 1.230000
[imu_filter_madgwick_node-3] [INFO] [1770704058.189079505] [imu_filter]: Parameter RLController.pid_ki_ang set to 0.000000
[imu_filter_madgwick_node-3] [INFO] [1770704058.189142962] [imu_filter]: Parameter RLController.pid_kd_ang set to 0.100000
[imu_filter_madgwick_node-3] [INFO] [1770704058.618222182] [imu_filter]: Parameter RLController.pid_kp_lin set to 1.202327
[imu_filter_madgwick_node-3] [INFO] [1770704058.618439819] [imu_filter]: Parameter RLController.pid_ki_lin set to 0.000000
[imu_filter_madgwick_node-3] [INFO] [1770704058.618520109] [imu_filter]: Parameter RLController.pid_kd_lin set to 0.020000
[imu_filter_madgwick_node-3] [INFO] [1770704058.618590958] [imu_filter]: Parameter RLController.pid_kp_ang set to 1.230000
[imu_filter_madgwick_node-3] [INFO] [1770704058.618648560] [imu_filter]: Parameter RLController.pid_ki_ang set to 0.000000
[imu_filter_madgwick_node-3] [INFO] [1770704058.618706001] [imu_filter]: Parameter RLController.pid_kd_ang set to 0.100000
[imu_filter_madgwick_node-3] [INFO] [1770704059.028694953] [imu_filter]: Parameter RLController.pid_kp_lin set to 1.202327
[imu_filter_madgwick_node-3] [INFO] [1770704059.028927214] [imu_filter]: Parameter RLController.pid_ki_lin set to 0.000000
[imu_filter_madgwick_node-3] [INFO] [1770704059.028994576] [imu_filter]: Parameter RLController.pid_kd_lin set to 0.020000
[imu_filter_madgwick_node-3] [INFO] [1770704059.029054641] [imu_filter]: Parameter RLController.pid_kp_ang set to 1.230000
[imu_filter_madgwick_node-3] [INFO] [1770704059.029107506] [imu_filter]: Parameter RLController.pid_ki_ang set to 0.000000
[imu_filter_madgwick_node-3] [INFO] [1770704059.029160243] [imu_filter]: Parameter RLController.pid_kd_ang set to 0.100000
[imu_filter_madgwick_node-3] [INFO] [1770704059.447970392] [imu_filter]: Parameter RLController.pid_kp_lin set to 1.202327
[imu_filter_madgwick_node-3] [INFO] [1770704059.448666472] [imu_filter]: Parameter RLController.pid_ki_lin set to 0.000000
[imu_filter_madgwick_node-3] [INFO] [1770704059.448773291] [imu_filter]: Parameter RLController.pid_kd_lin set to 0.020000
[imu_filter_madgwick_node-3] [INFO] [1770704059.448837164] [imu_filter]: Parameter RLController.pid_kp_ang set to 1.230000
[imu_filter_madgwick_node-3] [INFO] [1770704059.452213019] [imu_filter]: Parameter RLController.pid_ki_ang set to 0.000000
[imu_filter_madgwick_node-3] [INFO] [1770704059.457054827] [imu_filter]: Parameter RLController.pid_kd_ang set to 0.100000
[imu_filter_madgwick_node-3] [INFO] [1770704059.879430307] [imu_filter]: Parameter RLController.pid_kp_lin set to 1.202327
[imu_filter_madgwick_node-3] [INFO] [1770704059.879671816] [imu_filter]: Parameter RLController.pid_ki_lin set to 0.000000
[imu_filter_madgwick_node-3] [INFO] [1770704059.879747530] [imu_filter]: Parameter RLController.pid_kd_lin set to 0.020000
[imu_filter_madgwick_node-3] [INFO] [1770704059.879850541] [imu_filter]: Parameter RLController.pid_kp_ang set to 1.230000
[imu_filter_madgwick_node-3] [INFO] [1770704059.880100178] [imu_filter]: Parameter RLController.pid_ki_ang set to 0.000000
[imu_filter_madgwick_node-3] [INFO] [1770704059.880200693] [imu_filter]: Parameter RLController.pid_kd_ang set to 0.100000
[imu_filter_madgwick_node-3] [INFO] [1770704060.290832539] [imu_filter]: Parameter RLController.pid_kp_lin set to 1.202327
[imu_filter_madgwick_node-3] [INFO] [1770704060.291073889] [imu_filter]: Parameter RLController.pid_ki_lin set to 0.000000
[imu_filter_madgwick_node-3] [INFO] [1770704060.291142979] [imu_filter]: Parameter RLController.pid_kd_lin set to 0.020000
[imu_filter_madgwick_node-3] [INFO] [1770704060.291203044] [imu_filter]: Parameter RLController.pid_kp_ang set to 1.230000
[imu_filter_madgwick_node-3] [INFO] [1770704060.291257125] [imu_filter]: Parameter RLController.pid_ki_ang set to 0.000000
[imu_filter_madgwick_node-3] [INFO] [1770704060.291311878] [imu_filter]: Parameter RLController.pid_kd_ang set to 0.100000
[imu_filter_madgwick_node-3] [INFO] [1770704060.708509510] [imu_filter]: Parameter RLController.pid_kp_lin set to 1.202327
[imu_filter_madgwick_node-3] [INFO] [1770704060.708683370] [imu_filter]: Parameter RLController.pid_ki_lin set to 0.000000
[imu_filter_madgwick_node-3] [INFO] [1770704060.708747467] [imu_filter]: Parameter RLController.pid_kd_lin set to 0.020000
[imu_filter_madgwick_node-3] [INFO] [1770704060.708808109] [imu_filter]: Parameter RLController.pid_kp_ang set to 1.230000
[imu_filter_madgwick_node-3] [INFO] [1770704060.708861166] [imu_filter]: Parameter RLController.pid_ki_ang set to 0.000000
[imu_filter_madgwick_node-3] [INFO] [1770704060.708915695] [imu_filter]: Parameter RLController.pid_kd_ang set to 0.100000
[imu_filter_madgwick_node-3] [INFO] [1770704061.122336247] [imu_filter]: Parameter RLController.pid_kp_lin set to 1.202327
[imu_filter_madgwick_node-3] [INFO] [1770704061.122559388] [imu_filter]: Parameter RLController.pid_ki_lin set to 0.000000
[imu_filter_madgwick_node-3] [INFO] [1770704061.122634142] [imu_filter]: Parameter RLController.pid_kd_lin set to 0.020000
[imu_filter_madgwick_node-3] [INFO] [1770704061.122694687] [imu_filter]: Parameter RLController.pid_kp_ang set to 1.230000
[imu_filter_madgwick_node-3] [INFO] [1770704061.122747968] [imu_filter]: Parameter RLController.pid_ki_ang set to 0.000000
[imu_filter_madgwick_node-3] [INFO] [1770704061.122801409] [imu_filter]: Parameter RLController.pid_kd_ang set to 0.100000
[imu_filter_madgwick_node-3] [INFO] [1770704061.529795956] [imu_filter]: Parameter RLController.pid_kp_lin set to 1.202327
[imu_filter_madgwick_node-3] [INFO] [1770704061.530026521] [imu_filter]: Parameter RLController.pid_ki_lin set to 0.000000
[imu_filter_madgwick_node-3] [INFO] [1770704061.530099259] [imu_filter]: Parameter RLController.pid_kd_lin set to 0.020000
[imu_filter_madgwick_node-3] [INFO] [1770704061.530162268] [imu_filter]: Parameter RLController.pid_kp_ang set to 1.230000
[imu_filter_madgwick_node-3] [INFO] [1770704061.530263198] [imu_filter]: Parameter RLController.pid_ki_ang set to 0.000000
[imu_filter_madgwick_node-3] [INFO] [1770704061.530333952] [imu_filter]: Parameter RLController.pid_kd_ang set to 0.100000
[imu_filter_madgwick_node-3] [INFO] [1770704061.954161913] [imu_filter]: Parameter RLController.pid_kp_lin set to 1.202327
[imu_filter_madgwick_node-3] [INFO] [1770704061.960666513] [imu_filter]: Parameter RLController.pid_ki_lin set to 0.000000
[imu_filter_madgwick_node-3] [INFO] [1770704061.960996952] [imu_filter]: Parameter RLController.pid_kd_lin set to 0.020000
[imu_filter_madgwick_node-3] [INFO] [1770704061.961079002] [imu_filter]: Parameter RLController.pid_kp_ang set to 1.230000
[imu_filter_madgwick_node-3] [INFO] [1770704061.961182589] [imu_filter]: Parameter RLController.pid_ki_ang set to 0.000000
[imu_filter_madgwick_node-3] [INFO] [1770704061.961263294] [imu_filter]: Parameter RLController.pid_kd_ang set to 0.100000
[imu_filter_madgwick_node-3] [INFO] [1770704062.372886172] [imu_filter]: Parameter RLController.pid_kp_lin set to 1.202327
[imu_filter_madgwick_node-3] [INFO] [1770704062.373108097] [imu_filter]: Parameter RLController.pid_ki_lin set to 0.000000
[imu_filter_madgwick_node-3] [INFO] [1770704062.373310758] [imu_filter]: Parameter RLController.pid_kd_lin set to 0.020000
[imu_filter_madgwick_node-3] [INFO] [1770704062.373382824] [imu_filter]: Parameter RLController.pid_kp_ang set to 1.230000
[imu_filter_madgwick_node-3] [INFO] [1770704062.373445641] [imu_filter]: Parameter RLController.pid_ki_ang set to 0.000000
[imu_filter_madgwick_node-3] [INFO] [1770704062.373501258] [imu_filter]: Parameter RLController.pid_kd_ang set to 0.100000
[imu_filter_madgwick_node-3] [INFO] [1770704062.784865442] [imu_filter]: Parameter RLController.pid_kp_lin set to 1.202327
[imu_filter_madgwick_node-3] [INFO] [1770704062.792115243] [imu_filter]: Parameter RLController.pid_ki_lin set to 0.000000
[imu_filter_madgwick_node-3] [INFO] [1770704062.792446418] [imu_filter]: Parameter RLController.pid_kd_lin set to 0.020000
[imu_filter_madgwick_node-3] [INFO] [1770704062.792567349] [imu_filter]: Parameter RLController.pid_kp_ang set to 1.230000
[imu_filter_madgwick_node-3] [INFO] [1770704062.792633303] [imu_filter]: Parameter RLController.pid_ki_ang set to 0.000000
[imu_filter_madgwick_node-3] [INFO] [1770704062.792696408] [imu_filter]: Parameter RLController.pid_kd_ang set to 0.100000
[imu_filter_madgwick_node-3] [INFO] [1770704063.219394932] [imu_filter]: Parameter RLController.pid_kp_lin set to 1.202327
[imu_filter_madgwick_node-3] [INFO] [1770704063.219620601] [imu_filter]: Parameter RLController.pid_ki_lin set to 0.000000
[imu_filter_madgwick_node-3] [INFO] [1770704063.219695643] [imu_filter]: Parameter RLController.pid_kd_lin set to 0.020000
[imu_filter_madgwick_node-3] [INFO] [1770704063.219757565] [imu_filter]: Parameter RLController.pid_kp_ang set to 1.230000
[imu_filter_madgwick_node-3] [INFO] [1770704063.219812990] [imu_filter]: Parameter RLController.pid_ki_ang set to 0.000000
[imu_filter_madgwick_node-3] [INFO] [1770704063.219865567] [imu_filter]: Parameter RLController.pid_kd_ang set to 0.100000
[imu_filter_madgwick_node-3] [INFO] [1770704063.636075879] [imu_filter]: Parameter RLController.pid_kp_lin set to 1.202327
[imu_filter_madgwick_node-3] [INFO] [1770704063.637650924] [imu_filter]: Parameter RLController.pid_ki_lin set to 0.000000
[imu_filter_madgwick_node-3] [INFO] [1770704063.637830288] [imu_filter]: Parameter RLController.pid_kd_lin set to 0.020000
[imu_filter_madgwick_node-3] [INFO] [1770704063.637900018] [imu_filter]: Parameter RLController.pid_kp_ang set to 1.230000
[imu_filter_madgwick_node-3] [INFO] [1770704063.637957235] [imu_filter]: Parameter RLController.pid_ki_ang set to 0.000000
[imu_filter_madgwick_node-3] [INFO] [1770704063.638011796] [imu_filter]: Parameter RLController.pid_kd_ang set to 0.100000
[imu_filter_madgwick_node-3] [INFO] [1770704064.066560731] [imu_filter]: Parameter RLController.pid_kp_lin set to 1.202327
[imu_filter_madgwick_node-3] [INFO] [1770704064.066777856] [imu_filter]: Parameter RLController.pid_ki_lin set to 0.000000
[imu_filter_madgwick_node-3] [INFO] [1770704064.071672882] [imu_filter]: Parameter RLController.pid_kd_lin set to 0.020000
[imu_filter_madgwick_node-3] [INFO] [1770704064.071906008] [imu_filter]: Parameter RLController.pid_kp_ang set to 1.230000
[imu_filter_madgwick_node-3] [INFO] [1770704064.071978841] [imu_filter]: Parameter RLController.pid_ki_ang set to 0.000000
[imu_filter_madgwick_node-3] [INFO] [1770704064.075018048] [imu_filter]: Parameter RLController.pid_kd_ang set to 0.100000
[imu_filter_madgwick_node-3] [INFO] [1770704064.494317136] [imu_filter]: Parameter RLController.pid_kp_lin set to 1.202327
[imu_filter_madgwick_node-3] [INFO] [1770704064.496290686] [imu_filter]: Parameter RLController.pid_ki_lin set to 0.000000
[imu_filter_madgwick_node-3] [INFO] [1770704064.496462082] [imu_filter]: Parameter RLController.pid_kd_lin set to 0.020000
[imu_filter_madgwick_node-3] [INFO] [1770704064.496530339] [imu_filter]: Parameter RLController.pid_kp_ang set to 1.230000
[imu_filter_madgwick_node-3] [INFO] [1770704064.496648710] [imu_filter]: Parameter RLController.pid_ki_ang set to 0.000000
[imu_filter_madgwick_node-3] [INFO] [1770704064.496723816] [imu_filter]: Parameter RLController.pid_kd_ang set to 0.100000
[imu_filter_madgwick_node-3] [INFO] [1770704064.906868387] [imu_filter]: Parameter RLController.pid_kp_lin set to 1.202327
[imu_filter_madgwick_node-3] [INFO] [1770704064.907265101] [imu_filter]: Parameter RLController.pid_ki_lin set to 0.000000
[imu_filter_madgwick_node-3] [INFO] [1770704064.907441265] [imu_filter]: Parameter RLController.pid_kd_lin set to 0.020000
[imu_filter_madgwick_node-3] [INFO] [1770704064.907578868] [imu_filter]: Parameter RLController.pid_kp_ang set to 1.230000
[imu_filter_madgwick_node-3] [INFO] [1770704064.912457029] [imu_filter]: Parameter RLController.pid_ki_ang set to 0.000000
[imu_filter_madgwick_node-3] [INFO] [1770704064.912645802] [imu_filter]: Parameter RLController.pid_kd_ang set to 0.100000
[imu_filter_madgwick_node-3] [INFO] [1770704065.330117551] [imu_filter]: Parameter RLController.pid_kp_lin set to 1.202327
[imu_filter_madgwick_node-3] [INFO] [1770704065.330326324] [imu_filter]: Parameter RLController.pid_ki_lin set to 0.000000
[imu_filter_madgwick_node-3] [INFO] [1770704065.330393398] [imu_filter]: Parameter RLController.pid_kd_lin set to 0.020000
[imu_filter_madgwick_node-3] [INFO] [1770704065.330559385] [imu_filter]: Parameter RLController.pid_kp_ang set to 1.230000
[imu_filter_madgwick_node-3] [INFO] [1770704065.330627227] [imu_filter]: Parameter RLController.pid_ki_ang set to 0.000000
[imu_filter_madgwick_node-3] [INFO] [1770704065.330691517] [imu_filter]: Parameter RLController.pid_kd_ang set to 0.100000
[imu_filter_madgwick_node-3] [INFO] [1770704065.755995032] [imu_filter]: Parameter RLController.pid_kp_lin set to 1.202327
[imu_filter_madgwick_node-3] [INFO] [1770704065.756252350] [imu_filter]: Parameter RLController.pid_ki_lin set to 0.000000
[imu_filter_madgwick_node-3] [INFO] [1770704065.756328288] [imu_filter]: Parameter RLController.pid_kd_lin set to 0.020000
[imu_filter_madgwick_node-3] [INFO] [1770704065.756402082] [imu_filter]: Parameter RLController.pid_kp_ang set to 1.230000
[imu_filter_madgwick_node-3] [INFO] [1770704065.756462563] [imu_filter]: Parameter RLController.pid_ki_ang set to 0.000000
[imu_filter_madgwick_node-3] [INFO] [1770704065.756520900] [imu_filter]: Parameter RLController.pid_kd_ang set to 0.100000
[imu_filter_madgwick_node-3] [INFO] [1770704066.180442272] [imu_filter]: Parameter RLController.pid_kp_lin set to 1.202327
[imu_filter_madgwick_node-3] [INFO] [1770704066.183364004] [imu_filter]: Parameter RLController.pid_ki_lin set to 0.000000
[imu_filter_madgwick_node-3] [INFO] [1770704066.183589097] [imu_filter]: Parameter RLController.pid_kd_lin set to 0.020000
[imu_filter_madgwick_node-3] [INFO] [1770704066.183665355] [imu_filter]: Parameter RLController.pid_kp_ang set to 1.230000
[imu_filter_madgwick_node-3] [INFO] [1770704066.185618200] [imu_filter]: Parameter RLController.pid_ki_ang set to 0.000000
[imu_filter_madgwick_node-3] [INFO] [1770704066.185836989] [imu_filter]: Parameter RLController.pid_kd_ang set to 0.100000
[imu_filter_madgwick_node-3] [INFO] [1770704066.594645626] [imu_filter]: Parameter RLController.pid_kp_lin set to 1.202327
[imu_filter_madgwick_node-3] [INFO] [1770704066.600510722] [imu_filter]: Parameter RLController.pid_ki_lin set to 0.000000
[imu_filter_madgwick_node-3] [INFO] [1770704066.600743463] [imu_filter]: Parameter RLController.pid_kd_lin set to 0.020000
[imu_filter_madgwick_node-3] [INFO] [1770704066.600815273] [imu_filter]: Parameter RLController.pid_kp_ang set to 1.230000
[imu_filter_madgwick_node-3] [INFO] [1770704066.600875466] [imu_filter]: Parameter RLController.pid_ki_ang set to 0.000000
[imu_filter_madgwick_node-3] [INFO] [1770704066.600934604] [imu_filter]: Parameter RLController.pid_kd_ang set to 0.100000
[imu_filter_madgwick_node-3] [INFO] [1770704067.012011933] [imu_filter]: Parameter RLController.pid_kp_lin set to 1.202327
[imu_filter_madgwick_node-3] [INFO] [1770704067.012323300] [imu_filter]: Parameter RLController.pid_ki_lin set to 0.000000
[imu_filter_madgwick_node-3] [INFO] [1770704067.012413030] [imu_filter]: Parameter RLController.pid_kd_lin set to 0.020000
[imu_filter_madgwick_node-3] [INFO] [1770704067.012587658] [imu_filter]: Parameter RLController.pid_kp_ang set to 1.230000
[imu_filter_madgwick_node-3] [INFO] [1770704067.012660780] [imu_filter]: Parameter RLController.pid_ki_ang set to 0.000000
[imu_filter_madgwick_node-3] [INFO] [1770704067.012717933] [imu_filter]: Parameter RLController.pid_kd_ang set to 0.100000
[imu_filter_madgwick_node-3] [INFO] [1770704067.428975542] [imu_filter]: Parameter RLController.pid_kp_lin set to 1.202327
[imu_filter_madgwick_node-3] [INFO] [1770704067.429168699] [imu_filter]: Parameter RLController.pid_ki_lin set to 0.000000
[imu_filter_madgwick_node-3] [INFO] [1770704067.429592997] [imu_filter]: Parameter RLController.pid_kd_lin set to 0.020000
[imu_filter_madgwick_node-3] [INFO] [1770704067.430440153] [imu_filter]: Parameter RLController.pid_kp_ang set to 1.230000
[imu_filter_madgwick_node-3] [INFO] [1770704067.430716767] [imu_filter]: Parameter RLController.pid_ki_ang set to 0.000000
[imu_filter_madgwick_node-3] [INFO] [1770704067.430802721] [imu_filter]: Parameter RLController.pid_kd_ang set to 0.100000
[imu_filter_madgwick_node-3] [INFO] [1770704067.842268283] [imu_filter]: Parameter RLController.pid_kp_lin set to 1.202327
[imu_filter_madgwick_node-3] [INFO] [1770704067.844976570] [imu_filter]: Parameter RLController.pid_ki_lin set to 0.000000
[imu_filter_madgwick_node-3] [INFO] [1770704067.845195871] [imu_filter]: Parameter RLController.pid_kd_lin set to 0.020000
[imu_filter_madgwick_node-3] [INFO] [1770704067.845278785] [imu_filter]: Parameter RLController.pid_kp_ang set to 1.230000
[imu_filter_madgwick_node-3] [INFO] [1770704067.845336130] [imu_filter]: Parameter RLController.pid_ki_ang set to 0.000000
[imu_filter_madgwick_node-3] [INFO] [1770704067.845392036] [imu_filter]: Parameter RLController.pid_kd_ang set to 0.100000
[imu_filter_madgwick_node-3] [INFO] [1770704068.262657636] [imu_filter]: Parameter RLController.pid_kp_lin set to 1.202327
[imu_filter_madgwick_node-3] [INFO] [1770704068.262878986] [imu_filter]: Parameter RLController.pid_ki_lin set to 0.000000
[imu_filter_madgwick_node-3] [INFO] [1770704068.262960395] [imu_filter]: Parameter RLController.pid_kd_lin set to 0.020000
[imu_filter_madgwick_node-3] [INFO] [1770704068.263021261] [imu_filter]: Parameter RLController.pid_kp_ang set to 1.230000
[imu_filter_madgwick_node-3] [INFO] [1770704068.263076462] [imu_filter]: Parameter RLController.pid_ki_ang set to 0.000000
[imu_filter_madgwick_node-3] [INFO] [1770704068.263254674] [imu_filter]: Parameter RLController.pid_kd_ang set to 0.100000
[imu_filter_madgwick_node-3] [INFO] [1770704068.682770311] [imu_filter]: Parameter RLController.pid_kp_lin set to 1.202327
[imu_filter_madgwick_node-3] [INFO] [1770704068.682949740] [imu_filter]: Parameter RLController.pid_ki_lin set to 0.000000
[imu_filter_madgwick_node-3] [INFO] [1770704068.683015245] [imu_filter]: Parameter RLController.pid_kd_lin set to 0.020000
[imu_filter_madgwick_node-3] [INFO] [1770704068.691895963] [imu_filter]: Parameter RLController.pid_kp_ang set to 1.230000
[imu_filter_madgwick_node-3] [INFO] [1770704068.692107872] [imu_filter]: Parameter RLController.pid_ki_ang set to 0.000000
[imu_filter_madgwick_node-3] [INFO] [1770704068.692226595] [imu_filter]: Parameter RLController.pid_kd_ang set to 0.100000
[imu_filter_madgwick_node-3] [INFO] [1770704069.105311779] [imu_filter]: Parameter RLController.pid_kp_lin set to 1.202327
[imu_filter_madgwick_node-3] [INFO] [1770704069.105549192] [imu_filter]: Parameter RLController.pid_ki_lin set to 0.000000
[imu_filter_madgwick_node-3] [INFO] [1770704069.105634250] [imu_filter]: Parameter RLController.pid_kd_lin set to 0.020000
[imu_filter_madgwick_node-3] [INFO] [1770704069.114019757] [imu_filter]: Parameter RLController.pid_kp_ang set to 1.230000
[imu_filter_madgwick_node-3] [INFO] [1770704069.115241322] [imu_filter]: Parameter RLController.pid_ki_ang set to 0.000000
[imu_filter_madgwick_node-3] [INFO] [1770704069.115379213] [imu_filter]: Parameter RLController.pid_kd_ang set to 0.100000
[imu_filter_madgwick_node-3] [INFO] [1770704069.517974233] [imu_filter]: Parameter RLController.pid_kp_lin set to 1.202327
[imu_filter_madgwick_node-3] [INFO] [1770704069.518294592] [imu_filter]: Parameter RLController.pid_ki_lin set to 0.000000
[imu_filter_madgwick_node-3] [INFO] [1770704069.521591309] [imu_filter]: Parameter RLController.pid_kd_lin set to 0.020000
[imu_filter_madgwick_node-3] [INFO] [1770704069.521786897] [imu_filter]: Parameter RLController.pid_kp_ang set to 1.230000
[imu_filter_madgwick_node-3] [INFO] [1770704069.521854931] [imu_filter]: Parameter RLController.pid_ki_ang set to 0.000000
[imu_filter_madgwick_node-3] [INFO] [1770704069.521913076] [imu_filter]: Parameter RLController.pid_kd_ang set to 0.100000
[imu_filter_madgwick_node-3] [INFO] [1770704069.934898290] [imu_filter]: Parameter RLController.pid_kp_lin set to 1.202327
[imu_filter_madgwick_node-3] [INFO] [1770704069.935098838] [imu_filter]: Parameter RLController.pid_ki_lin set to 0.000000
[imu_filter_madgwick_node-3] [INFO] [1770704069.935164696] [imu_filter]: Parameter RLController.pid_kd_lin set to 0.020000
[imu_filter_madgwick_node-3] [INFO] [1770704069.935220441] [imu_filter]: Parameter RLController.pid_kp_ang set to 1.230000
[imu_filter_madgwick_node-3] [INFO] [1770704069.935273466] [imu_filter]: Parameter RLController.pid_ki_ang set to 0.000000
[imu_filter_madgwick_node-3] [INFO] [1770704069.935325724] [imu_filter]: Parameter RLController.pid_kd_ang set to 0.100000
[imu_filter_madgwick_node-3] [INFO] [1770704070.348199990] [imu_filter]: Parameter RLController.pid_kp_lin set to 1.202327
[imu_filter_madgwick_node-3] [INFO] [1770704070.348543582] [imu_filter]: Parameter RLController.pid_ki_lin set to 0.000000
[imu_filter_madgwick_node-3] [INFO] [1770704070.348630144] [imu_filter]: Parameter RLController.pid_kd_lin set to 0.020000
[imu_filter_madgwick_node-3] [INFO] [1770704070.348693762] [imu_filter]: Parameter RLController.pid_kp_ang set to 1.230000
[imu_filter_madgwick_node-3] [INFO] [1770704070.348752419] [imu_filter]: Parameter RLController.pid_ki_ang set to 0.000000
[imu_filter_madgwick_node-3] [INFO] [1770704070.348808292] [imu_filter]: Parameter RLController.pid_kd_ang set to 0.100000
[imu_filter_madgwick_node-3] [INFO] [1770704070.764927819] [imu_filter]: Parameter RLController.pid_kp_lin set to 1.202327
[imu_filter_madgwick_node-3] [INFO] [1770704070.765839744] [imu_filter]: Parameter RLController.pid_ki_lin set to 0.000000
[imu_filter_madgwick_node-3] [INFO] [1770704070.765958979] [imu_filter]: Parameter RLController.pid_kd_lin set to 0.020000
[imu_filter_madgwick_node-3] [INFO] [1770704070.766023620] [imu_filter]: Parameter RLController.pid_kp_ang set to 1.230000
[imu_filter_madgwick_node-3] [INFO] [1770704070.766080549] [imu_filter]: Parameter RLController.pid_ki_ang set to 0.000000
[imu_filter_madgwick_node-3] [INFO] [1770704070.766134087] [imu_filter]: Parameter RLController.pid_kd_ang set to 0.100000
[imu_filter_madgwick_node-3] [INFO] [1770704071.194862770] [imu_filter]: Parameter RLController.pid_kp_lin set to 1.202327
[imu_filter_madgwick_node-3] [INFO] [1770704071.195329661] [imu_filter]: Parameter RLController.pid_ki_lin set to 0.000000
[imu_filter_madgwick_node-3] [INFO] [1770704071.195561314] [imu_filter]: Parameter RLController.pid_kd_lin set to 0.020000
[imu_filter_madgwick_node-3] [INFO] [1770704071.195634660] [imu_filter]: Parameter RLController.pid_kp_ang set to 1.230000
[imu_filter_madgwick_node-3] [INFO] [1770704071.195692165] [imu_filter]: Parameter RLController.pid_ki_ang set to 0.000000
[imu_filter_madgwick_node-3] [INFO] [1770704071.195744774] [imu_filter]: Parameter RLController.pid_kd_ang set to 0.100000
[imu_filter_madgwick_node-3] [INFO] [1770704071.613522835] [imu_filter]: Parameter RLController.pid_kp_lin set to 1.202327
[imu_filter_madgwick_node-3] [INFO] [1770704071.613843035] [imu_filter]: Parameter RLController.pid_ki_lin set to 0.000000
[imu_filter_madgwick_node-3] [INFO] [1770704071.614056447] [imu_filter]: Parameter RLController.pid_kd_lin set to 0.020000
[imu_filter_madgwick_node-3] [INFO] [1770704071.614124289] [imu_filter]: Parameter RLController.pid_kp_ang set to 1.230000
[imu_filter_madgwick_node-3] [INFO] [1770704071.614181346] [imu_filter]: Parameter RLController.pid_ki_ang set to 0.000000
[imu_filter_madgwick_node-3] [INFO] [1770704071.614235556] [imu_filter]: Parameter RLController.pid_kd_ang set to 0.100000
[imu_filter_madgwick_node-3] [INFO] [1770704072.026421838] [imu_filter]: Parameter RLController.pid_kp_lin set to 1.202327
[imu_filter_madgwick_node-3] [INFO] [1770704072.026648212] [imu_filter]: Parameter RLController.pid_ki_lin set to 0.000000
[imu_filter_madgwick_node-3] [INFO] [1770704072.026716181] [imu_filter]: Parameter RLController.pid_kd_lin set to 0.020000
[imu_filter_madgwick_node-3] [INFO] [1770704072.026776055] [imu_filter]: Parameter RLController.pid_kp_ang set to 1.230000
[imu_filter_madgwick_node-3] [INFO] [1770704072.026829784] [imu_filter]: Parameter RLController.pid_ki_ang set to 0.000000
[imu_filter_madgwick_node-3] [INFO] [1770704072.026882137] [imu_filter]: Parameter RLController.pid_kd_ang set to 0.100000
[imu_filter_madgwick_node-3] [INFO] [1770704072.453217357] [imu_filter]: Parameter RLController.pid_kp_lin set to 1.202327
[imu_filter_madgwick_node-3] [INFO] [1770704072.453434834] [imu_filter]: Parameter RLController.pid_ki_lin set to 0.000000
[imu_filter_madgwick_node-3] [INFO] [1770704072.453520532] [imu_filter]: Parameter RLController.pid_kd_lin set to 0.020000
[imu_filter_madgwick_node-3] [INFO] [1770704072.453589525] [imu_filter]: Parameter RLController.pid_kp_ang set to 1.230000
[imu_filter_madgwick_node-3] [INFO] [1770704072.453647927] [imu_filter]: Parameter RLController.pid_ki_ang set to 0.000000
[imu_filter_madgwick_node-3] [INFO] [1770704072.453704216] [imu_filter]: Parameter RLController.pid_kd_ang set to 0.100000
[imu_filter_madgwick_node-3] [INFO] [1770704072.860396579] [imu_filter]: Parameter RLController.pid_kp_lin set to 1.202327
[imu_filter_madgwick_node-3] [INFO] [1770704072.860593320] [imu_filter]: Parameter RLController.pid_ki_lin set to 0.000000
[imu_filter_madgwick_node-3] [INFO] [1770704072.860666793] [imu_filter]: Parameter RLController.pid_kd_lin set to 0.020000
[imu_filter_madgwick_node-3] [INFO] [1770704072.860732139] [imu_filter]: Parameter RLController.pid_kp_ang set to 1.230000
[imu_filter_madgwick_node-3] [INFO] [1770704072.860790476] [imu_filter]: Parameter RLController.pid_ki_ang set to 0.000000
[imu_filter_madgwick_node-3] [INFO] [1770704072.860850318] [imu_filter]: Parameter RLController.pid_kd_ang set to 0.100000
[imu_filter_madgwick_node-3] [INFO] [1770704073.273644135] [imu_filter]: Parameter RLController.pid_kp_lin set to 1.202327
[imu_filter_madgwick_node-3] [INFO] [1770704073.273958958] [imu_filter]: Parameter RLController.pid_ki_lin set to 0.000000
[imu_filter_madgwick_node-3] [INFO] [1770704073.274159507] [imu_filter]: Parameter RLController.pid_kd_lin set to 0.020000
[imu_filter_madgwick_node-3] [INFO] [1770704073.275762008] [imu_filter]: Parameter RLController.pid_kp_ang set to 1.230000
[imu_filter_madgwick_node-3] [INFO] [1770704073.275917723] [imu_filter]: Parameter RLController.pid_ki_ang set to 0.000000
[imu_filter_madgwick_node-3] [INFO] [1770704073.275984157] [imu_filter]: Parameter RLController.pid_kd_ang set to 0.100000
[imu_filter_madgwick_node-3] [INFO] [1770704073.704373024] [imu_filter]: Parameter RLController.pid_kp_lin set to 1.202327
[imu_filter_madgwick_node-3] [INFO] [1770704073.704693160] [imu_filter]: Parameter RLController.pid_ki_lin set to 0.000000
[imu_filter_madgwick_node-3] [INFO] [1770704073.704809226] [imu_filter]: Parameter RLController.pid_kd_lin set to 0.020000
[imu_filter_madgwick_node-3] [INFO] [1770704073.704878476] [imu_filter]: Parameter RLController.pid_kp_ang set to 1.230000
[imu_filter_madgwick_node-3] [INFO] [1770704073.704935885] [imu_filter]: Parameter RLController.pid_ki_ang set to 0.000000
[imu_filter_madgwick_node-3] [INFO] [1770704073.704991183] [imu_filter]: Parameter RLController.pid_kd_ang set to 0.100000
[imu_filter_madgwick_node-3] [INFO] [1770704074.118780575] [imu_filter]: Parameter RLController.pid_kp_lin set to 1.202327
[imu_filter_madgwick_node-3] [INFO] [1770704074.121533791] [imu_filter]: Parameter RLController.pid_ki_lin set to 0.000000
[imu_filter_madgwick_node-3] [INFO] [1770704074.121713667] [imu_filter]: Parameter RLController.pid_kd_lin set to 0.020000
[imu_filter_madgwick_node-3] [INFO] [1770704074.121782852] [imu_filter]: Parameter RLController.pid_kp_ang set to 1.230000
[imu_filter_madgwick_node-3] [INFO] [1770704074.121877543] [imu_filter]: Parameter RLController.pid_ki_ang set to 0.000000
[imu_filter_madgwick_node-3] [INFO] [1770704074.121936136] [imu_filter]: Parameter RLController.pid_kd_ang set to 0.100000
[imu_filter_madgwick_node-3] [INFO] [1770704074.538699133] [imu_filter]: Parameter RLController.pid_kp_lin set to 1.202327
[imu_filter_madgwick_node-3] [INFO] [1770704074.538890754] [imu_filter]: Parameter RLController.pid_ki_lin set to 0.000000
[imu_filter_madgwick_node-3] [INFO] [1770704074.539083526] [imu_filter]: Parameter RLController.pid_kd_lin set to 0.020000
[imu_filter_madgwick_node-3] [INFO] [1770704074.539162920] [imu_filter]: Parameter RLController.pid_kp_ang set to 1.230000
[imu_filter_madgwick_node-3] [INFO] [1770704074.539225833] [imu_filter]: Parameter RLController.pid_ki_ang set to 0.000000
[imu_filter_madgwick_node-3] [INFO] [1770704074.539282315] [imu_filter]: Parameter RLController.pid_kd_ang set to 0.100000
[imu_filter_madgwick_node-3] [INFO] [1770704074.955015784] [imu_filter]: Parameter RLController.pid_kp_lin set to 1.202327
[imu_filter_madgwick_node-3] [INFO] [1770704074.955225101] [imu_filter]: Parameter RLController.pid_ki_lin set to 0.000000
[imu_filter_madgwick_node-3] [INFO] [1770704074.955291022] [imu_filter]: Parameter RLController.pid_kd_lin set to 0.020000
[imu_filter_madgwick_node-3] [INFO] [1770704074.955348560] [imu_filter]: Parameter RLController.pid_kp_ang set to 1.230000
[imu_filter_madgwick_node-3] [INFO] [1770704074.955405681] [imu_filter]: Parameter RLController.pid_ki_ang set to 0.000000
[imu_filter_madgwick_node-3] [INFO] [1770704074.955606774] [imu_filter]: Parameter RLController.pid_kd_ang set to 0.100000
[imu_filter_madgwick_node-3] [INFO] [1770704075.359650275] [imu_filter]: Parameter RLController.pid_kp_lin set to 1.202327
[imu_filter_madgwick_node-3] [INFO] [1770704075.359856264] [imu_filter]: Parameter RLController.pid_ki_lin set to 0.000000
[imu_filter_madgwick_node-3] [INFO] [1770704075.359941002] [imu_filter]: Parameter RLController.pid_kd_lin set to 0.020000
[imu_filter_madgwick_node-3] [INFO] [1770704075.360002795] [imu_filter]: Parameter RLController.pid_kp_ang set to 1.230000
[imu_filter_madgwick_node-3] [INFO] [1770704075.369900433] [imu_filter]: Parameter RLController.pid_ki_ang set to 0.000000
[imu_filter_madgwick_node-3] [INFO] [1770704075.370221561] [imu_filter]: Parameter RLController.pid_kd_ang set to 0.100000
[imu_filter_madgwick_node-3] [INFO] [1770704075.775595557] [imu_filter]: Parameter RLController.pid_kp_lin set to 1.202327
[imu_filter_madgwick_node-3] [INFO] [1770704075.775801162] [imu_filter]: Parameter RLController.pid_ki_lin set to 0.000000
[imu_filter_madgwick_node-3] [INFO] [1770704075.775872044] [imu_filter]: Parameter RLController.pid_kd_lin set to 0.020000
[imu_filter_madgwick_node-3] [INFO] [1770704075.775930573] [imu_filter]: Parameter RLController.pid_kp_ang set to 1.230000
[imu_filter_madgwick_node-3] [INFO] [1770704075.775985198] [imu_filter]: Parameter RLController.pid_ki_ang set to 0.000000
[imu_filter_madgwick_node-3] [INFO] [1770704075.776040016] [imu_filter]: Parameter RLController.pid_kd_ang set to 0.100000
[imu_filter_madgwick_node-3] [INFO] [1770704076.203046259] [imu_filter]: Parameter RLController.pid_kp_lin set to 1.202327
[imu_filter_madgwick_node-3] [INFO] [1770704076.203270584] [imu_filter]: Parameter RLController.pid_ki_lin set to 0.000000
[imu_filter_madgwick_node-3] [INFO] [1770704076.203348570] [imu_filter]: Parameter RLController.pid_kd_lin set to 0.020000
[imu_filter_madgwick_node-3] [INFO] [1770704076.203412219] [imu_filter]: Parameter RLController.pid_kp_ang set to 1.230000
[imu_filter_madgwick_node-3] [INFO] [1770704076.203468733] [imu_filter]: Parameter RLController.pid_ki_ang set to 0.000000
[imu_filter_madgwick_node-3] [INFO] [1770704076.203521246] [imu_filter]: Parameter RLController.pid_kd_ang set to 0.100000
[imu_filter_madgwick_node-3] [INFO] [1770704076.613312177] [imu_filter]: Parameter RLController.pid_kp_lin set to 1.202327
[imu_filter_madgwick_node-3] [INFO] [1770704076.614159493] [imu_filter]: Parameter RLController.pid_ki_lin set to 0.000000
[imu_filter_madgwick_node-3] [INFO] [1770704076.614280648] [imu_filter]: Parameter RLController.pid_kd_lin set to 0.020000
[imu_filter_madgwick_node-3] [INFO] [1770704076.614343625] [imu_filter]: Parameter RLController.pid_kp_ang set to 1.230000
[imu_filter_madgwick_node-3] [INFO] [1770704076.614396490] [imu_filter]: Parameter RLController.pid_ki_ang set to 0.000000
[imu_filter_madgwick_node-3] [INFO] [1770704076.614448331] [imu_filter]: Parameter RLController.pid_kd_ang set to 0.100000
[imu_filter_madgwick_node-3] [INFO] [1770704077.031252002] [imu_filter]: Parameter RLController.pid_kp_lin set to 1.202327
[imu_filter_madgwick_node-3] [INFO] [1770704077.031577929] [imu_filter]: Parameter RLController.pid_ki_lin set to 0.000000
[imu_filter_madgwick_node-3] [INFO] [1770704077.031668427] [imu_filter]: Parameter RLController.pid_kd_lin set to 0.020000
[imu_filter_madgwick_node-3] [INFO] [1770704077.031731821] [imu_filter]: Parameter RLController.pid_kp_ang set to 1.230000
[imu_filter_madgwick_node-3] [INFO] [1770704077.031841999] [imu_filter]: Parameter RLController.pid_ki_ang set to 0.000000
[imu_filter_madgwick_node-3] [INFO] [1770704077.031901073] [imu_filter]: Parameter RLController.pid_kd_ang set to 0.100000
[imu_filter_madgwick_node-3] [INFO] [1770704077.469980533] [imu_filter]: Parameter RLController.pid_kp_lin set to 1.202327
[imu_filter_madgwick_node-3] [INFO] [1770704077.471731678] [imu_filter]: Parameter RLController.pid_ki_lin set to 0.000000
[imu_filter_madgwick_node-3] [INFO] [1770704077.471898338] [imu_filter]: Parameter RLController.pid_kd_lin set to 0.020000
[imu_filter_madgwick_node-3] [INFO] [1770704077.471966883] [imu_filter]: Parameter RLController.pid_kp_ang set to 1.230000
[imu_filter_madgwick_node-3] [INFO] [1770704077.472128551] [imu_filter]: Parameter RLController.pid_ki_ang set to 0.000000
[imu_filter_madgwick_node-3] [INFO] [1770704077.472209385] [imu_filter]: Parameter RLController.pid_kd_ang set to 0.100000
[imu_filter_madgwick_node-3] [INFO] [1770704077.891504025] [imu_filter]: Parameter RLController.pid_kp_lin set to 1.202327
[imu_filter_madgwick_node-3] [INFO] [1770704077.891698301] [imu_filter]: Parameter RLController.pid_ki_lin set to 0.000000
[imu_filter_madgwick_node-3] [INFO] [1770704077.891762047] [imu_filter]: Parameter RLController.pid_kd_lin set to 0.020000
[imu_filter_madgwick_node-3] [INFO] [1770704077.891821888] [imu_filter]: Parameter RLController.pid_kp_ang set to 1.230000
[imu_filter_madgwick_node-3] [INFO] [1770704077.895272081] [imu_filter]: Parameter RLController.pid_ki_ang set to 0.000000
[imu_filter_madgwick_node-3] [INFO] [1770704077.895486870] [imu_filter]: Parameter RLController.pid_kd_ang set to 0.100000
[imu_filter_madgwick_node-3] [INFO] [1770704078.342212707] [imu_filter]: Parameter RLController.pid_kp_lin set to 1.202327
[imu_filter_madgwick_node-3] [INFO] [1770704078.344873921] [imu_filter]: Parameter RLController.pid_ki_lin set to 0.000000
[imu_filter_madgwick_node-3] [INFO] [1770704078.345033477] [imu_filter]: Parameter RLController.pid_kd_lin set to 0.020000
[imu_filter_madgwick_node-3] [INFO] [1770704078.346479206] [imu_filter]: Parameter RLController.pid_kp_ang set to 1.230000
[imu_filter_madgwick_node-3] [INFO] [1770704078.346781997] [imu_filter]: Parameter RLController.pid_ki_ang set to 0.000000
[imu_filter_madgwick_node-3] [INFO] [1770704078.346850127] [imu_filter]: Parameter RLController.pid_kd_ang set to 0.100000
[imu_filter_madgwick_node-3] [INFO] [1770704078.769379786] [imu_filter]: Parameter RLController.pid_kp_lin set to 1.202327
[imu_filter_madgwick_node-3] [INFO] [1770704078.769708274] [imu_filter]: Parameter RLController.pid_ki_lin set to 0.000000
[imu_filter_madgwick_node-3] [INFO] [1770704078.769836052] [imu_filter]: Parameter RLController.pid_kd_lin set to 0.020000
[imu_filter_madgwick_node-3] [INFO] [1770704078.769902678] [imu_filter]: Parameter RLController.pid_kp_ang set to 1.230000
[imu_filter_madgwick_node-3] [INFO] [1770704078.769959831] [imu_filter]: Parameter RLController.pid_ki_ang set to 0.000000
[imu_filter_madgwick_node-3] [INFO] [1770704078.770014361] [imu_filter]: Parameter RLController.pid_kd_ang set to 0.100000
[imu_filter_madgwick_node-3] [INFO] [1770704079.178044131] [imu_filter]: Parameter RLController.pid_kp_lin set to 1.202327
[imu_filter_madgwick_node-3] [INFO] [1770704079.178262728] [imu_filter]: Parameter RLController.pid_ki_lin set to 0.000000
[imu_filter_madgwick_node-3] [INFO] [1770704079.178339786] [imu_filter]: Parameter RLController.pid_kd_lin set to 0.020000
[imu_filter_madgwick_node-3] [INFO] [1770704079.178402859] [imu_filter]: Parameter RLController.pid_kp_ang set to 1.230000
[imu_filter_madgwick_node-3] [INFO] [1770704079.178457708] [imu_filter]: Parameter RLController.pid_ki_ang set to 0.000000
[imu_filter_madgwick_node-3] [INFO] [1770704079.178511150] [imu_filter]: Parameter RLController.pid_kd_ang set to 0.100000
[imu_filter_madgwick_node-3] [INFO] [1770704079.594656852] [imu_filter]: Parameter RLController.pid_kp_lin set to 1.202327
[imu_filter_madgwick_node-3] [INFO] [1770704079.594965692] [imu_filter]: Parameter RLController.pid_ki_lin set to 0.000000
[imu_filter_madgwick_node-3] [INFO] [1770704079.595043869] [imu_filter]: Parameter RLController.pid_kd_lin set to 0.020000
[imu_filter_madgwick_node-3] [INFO] [1770704079.595104735] [imu_filter]: Parameter RLController.pid_kp_ang set to 1.230000
[imu_filter_madgwick_node-3] [INFO] [1770704079.595161376] [imu_filter]: Parameter RLController.pid_ki_ang set to 0.000000
[imu_filter_madgwick_node-3] [INFO] [1770704079.595214273] [imu_filter]: Parameter RLController.pid_kd_ang set to 0.100000
[imu_filter_madgwick_node-3] [INFO] [1770704080.018642193] [imu_filter]: Parameter RLController.pid_kp_lin set to 1.202327
[imu_filter_madgwick_node-3] [INFO] [1770704080.022212996] [imu_filter]: Parameter RLController.pid_ki_lin set to 0.000000
[imu_filter_madgwick_node-3] [INFO] [1770704080.022417449] [imu_filter]: Parameter RLController.pid_kd_lin set to 0.020000
[imu_filter_madgwick_node-3] [INFO] [1770704080.022485451] [imu_filter]: Parameter RLController.pid_kp_ang set to 1.230000
[imu_filter_madgwick_node-3] [INFO] [1770704080.022541484] [imu_filter]: Parameter RLController.pid_ki_ang set to 0.000000
[imu_filter_madgwick_node-3] [INFO] [1770704080.022594573] [imu_filter]: Parameter RLController.pid_kd_ang set to 0.100000
[imu_filter_madgwick_node-3] [INFO] [1770704080.437200816] [imu_filter]: Parameter RLController.pid_kp_lin set to 1.202327
[imu_filter_madgwick_node-3] [INFO] [1770704080.437397333] [imu_filter]: Parameter RLController.pid_ki_lin set to 0.000000
[imu_filter_madgwick_node-3] [INFO] [1770704080.437477527] [imu_filter]: Parameter RLController.pid_kd_lin set to 0.020000
[imu_filter_madgwick_node-3] [INFO] [1770704080.437540280] [imu_filter]: Parameter RLController.pid_kp_ang set to 1.230000
[imu_filter_madgwick_node-3] [INFO] [1770704080.437611066] [imu_filter]: Parameter RLController.pid_ki_ang set to 0.000000
[imu_filter_madgwick_node-3] [INFO] [1770704080.438051012] [imu_filter]: Parameter RLController.pid_kd_ang set to 0.100000
[imu_filter_madgwick_node-3] [INFO] [1770704080.871374234] [imu_filter]: Parameter RLController.pid_kp_lin set to 1.202327
[imu_filter_madgwick_node-3] [INFO] [1770704080.871590911] [imu_filter]: Parameter RLController.pid_ki_lin set to 0.000000
[imu_filter_madgwick_node-3] [INFO] [1770704080.871674561] [imu_filter]: Parameter RLController.pid_kd_lin set to 0.020000
[imu_filter_madgwick_node-3] [INFO] [1770704080.871738307] [imu_filter]: Parameter RLController.pid_kp_ang set to 1.230000
[imu_filter_madgwick_node-3] [INFO] [1770704080.871793348] [imu_filter]: Parameter RLController.pid_ki_ang set to 0.000000
[imu_filter_madgwick_node-3] [INFO] [1770704080.871846405] [imu_filter]: Parameter RLController.pid_kd_ang set to 0.100000
[imu_filter_madgwick_node-3] [INFO] [1770704081.285678710] [imu_filter]: Parameter RLController.pid_kp_lin set to 1.202327
[imu_filter_madgwick_node-3] [INFO] [1770704081.286048287] [imu_filter]: Parameter RLController.pid_ki_lin set to 0.000000
[imu_filter_madgwick_node-3] [INFO] [1770704081.286126369] [imu_filter]: Parameter RLController.pid_kd_lin set to 0.020000
[imu_filter_madgwick_node-3] [INFO] [1770704081.286190434] [imu_filter]: Parameter RLController.pid_kp_ang set to 1.230000
[imu_filter_madgwick_node-3] [INFO] [1770704081.286246403] [imu_filter]: Parameter RLController.pid_ki_ang set to 0.000000
[imu_filter_madgwick_node-3] [INFO] [1770704081.286300069] [imu_filter]: Parameter RLController.pid_kd_ang set to 0.100000
[imu_filter_madgwick_node-3] [INFO] [1770704081.693070737] [imu_filter]: Parameter RLController.pid_kp_lin set to 1.202327
[imu_filter_madgwick_node-3] [INFO] [1770704081.693266294] [imu_filter]: Parameter RLController.pid_ki_lin set to 0.000000
[imu_filter_madgwick_node-3] [INFO] [1770704081.693330616] [imu_filter]: Parameter RLController.pid_kd_lin set to 0.020000
[imu_filter_madgwick_node-3] [INFO] [1770704081.693388185] [imu_filter]: Parameter RLController.pid_kp_ang set to 1.230000
[imu_filter_madgwick_node-3] [INFO] [1770704081.693440538] [imu_filter]: Parameter RLController.pid_ki_ang set to 0.000000
[imu_filter_madgwick_node-3] [INFO] [1770704081.693491995] [imu_filter]: Parameter RLController.pid_kd_ang set to 0.100000
[imu_filter_madgwick_node-3] [INFO] [1770704082.105159738] [imu_filter]: Parameter RLController.pid_kp_lin set to 1.202327
[imu_filter_madgwick_node-3] [INFO] [1770704082.105371935] [imu_filter]: Parameter RLController.pid_ki_lin set to 0.000000
[imu_filter_madgwick_node-3] [INFO] [1770704082.105441313] [imu_filter]: Parameter RLController.pid_kd_lin set to 0.020000
[imu_filter_madgwick_node-3] [INFO] [1770704082.105501826] [imu_filter]: Parameter RLController.pid_kp_ang set to 1.230000
[imu_filter_madgwick_node-3] [INFO] [1770704082.105556803] [imu_filter]: Parameter RLController.pid_ki_ang set to 0.000000
[imu_filter_madgwick_node-3] [INFO] [1770704082.105610628] [imu_filter]: Parameter RLController.pid_kd_ang set to 0.100000
[imu_filter_madgwick_node-3] [INFO] [1770704082.529643747] [imu_filter]: Parameter RLController.pid_kp_lin set to 1.202327
[imu_filter_madgwick_node-3] [INFO] [1770704082.530035180] [imu_filter]: Parameter RLController.pid_ki_lin set to 0.000000
[imu_filter_madgwick_node-3] [INFO] [1770704082.530132718] [imu_filter]: Parameter RLController.pid_kd_lin set to 0.020000
[imu_filter_madgwick_node-3] [INFO] [1770704082.530194063] [imu_filter]: Parameter RLController.pid_kp_ang set to 1.230000
[imu_filter_madgwick_node-3] [INFO] [1770704082.530250257] [imu_filter]: Parameter RLController.pid_ki_ang set to 0.000000
[imu_filter_madgwick_node-3] [INFO] [1770704082.530355091] [imu_filter]: Parameter RLController.pid_kd_ang set to 0.100000
[imu_filter_madgwick_node-3] [INFO] [1770704082.964461211] [imu_filter]: Parameter RLController.pid_kp_lin set to 1.202327
[imu_filter_madgwick_node-3] [INFO] [1770704082.964661760] [imu_filter]: Parameter RLController.pid_ki_lin set to 0.000000
[imu_filter_madgwick_node-3] [INFO] [1770704082.964730594] [imu_filter]: Parameter RLController.pid_kd_lin set to 0.020000
[imu_filter_madgwick_node-3] [INFO] [1770704082.964789923] [imu_filter]: Parameter RLController.pid_kp_ang set to 1.230000
[imu_filter_madgwick_node-3] [INFO] [1770704082.964846244] [imu_filter]: Parameter RLController.pid_ki_ang set to 0.000000
[imu_filter_madgwick_node-3] [INFO] [1770704082.964896165] [imu_filter]: Parameter RLController.pid_kd_ang set to 0.100000
[imu_filter_madgwick_node-3] [INFO] [1770704083.395595294] [imu_filter]: Parameter RLController.pid_kp_lin set to 1.202327
[imu_filter_madgwick_node-3] [INFO] [1770704083.395888997] [imu_filter]: Parameter RLController.pid_ki_lin set to 0.000000
[imu_filter_madgwick_node-3] [INFO] [1770704083.395964103] [imu_filter]: Parameter RLController.pid_kd_lin set to 0.020000
[imu_filter_madgwick_node-3] [INFO] [1770704083.396024808] [imu_filter]: Parameter RLController.pid_kp_ang set to 1.230000
[imu_filter_madgwick_node-3] [INFO] [1770704083.396079786] [imu_filter]: Parameter RLController.pid_ki_ang set to 0.000000
[imu_filter_madgwick_node-3] [INFO] [1770704083.396132107] [imu_filter]: Parameter RLController.pid_kd_ang set to 0.100000
[imu_filter_madgwick_node-3] [INFO] [1770704083.844549536] [imu_filter]: Parameter RLController.pid_kp_lin set to 1.202327
[imu_filter_madgwick_node-3] [INFO] [1770704083.844858503] [imu_filter]: Parameter RLController.pid_ki_lin set to 0.000000
[imu_filter_madgwick_node-3] [INFO] [1770704083.844933609] [imu_filter]: Parameter RLController.pid_kd_lin set to 0.020000
[imu_filter_madgwick_node-3] [INFO] [1770704083.845009930] [imu_filter]: Parameter RLController.pid_kp_ang set to 1.230000
[imu_filter_madgwick_node-3] [INFO] [1770704083.845065292] [imu_filter]: Parameter RLController.pid_ki_ang set to 0.000000
[imu_filter_madgwick_node-3] [INFO] [1770704083.845378003] [imu_filter]: Parameter RLController.pid_kd_ang set to 0.100000
[imu_filter_madgwick_node-3] [INFO] [1770704084.262235242] [imu_filter]: Parameter RLController.pid_kp_lin set to 1.202327
[imu_filter_madgwick_node-3] [INFO] [1770704084.262462128] [imu_filter]: Parameter RLController.pid_ki_lin set to 0.000000
[imu_filter_madgwick_node-3] [INFO] [1770704084.262543409] [imu_filter]: Parameter RLController.pid_kd_lin set to 0.020000
[imu_filter_madgwick_node-3] [INFO] [1770704084.262605491] [imu_filter]: Parameter RLController.pid_kp_ang set to 1.230000
[imu_filter_madgwick_node-3] [INFO] [1770704084.262661172] [imu_filter]: Parameter RLController.pid_ki_ang set to 0.000000
[imu_filter_madgwick_node-3] [INFO] [1770704084.262716597] [imu_filter]: Parameter RLController.pid_kd_ang set to 0.100000
[imu_filter_madgwick_node-3] [INFO] [1770704084.681425336] [imu_filter]: Parameter RLController.pid_kp_lin set to 1.202327
[imu_filter_madgwick_node-3] [INFO] [1770704084.681907043] [imu_filter]: Parameter RLController.pid_ki_lin set to 0.000000
[imu_filter_madgwick_node-3] [INFO] [1770704084.682010629] [imu_filter]: Parameter RLController.pid_kd_lin set to 0.020000
[imu_filter_madgwick_node-3] [INFO] [1770704084.682075527] [imu_filter]: Parameter RLController.pid_kp_ang set to 1.230000
[imu_filter_madgwick_node-3] [INFO] [1770704084.682132168] [imu_filter]: Parameter RLController.pid_ki_ang set to 0.000000
[imu_filter_madgwick_node-3] [INFO] [1770704084.682187786] [imu_filter]: Parameter RLController.pid_kd_ang set to 0.100000
[imu_filter_madgwick_node-3] [INFO] [1770704085.101733759] [imu_filter]: Parameter RLController.pid_kp_lin set to 1.202327
[imu_filter_madgwick_node-3] [INFO] [1770704085.101949284] [imu_filter]: Parameter RLController.pid_ki_lin set to 0.000000
[imu_filter_madgwick_node-3] [INFO] [1770704085.104050357] [imu_filter]: Parameter RLController.pid_kd_lin set to 0.020000
[imu_filter_madgwick_node-3] [INFO] [1770704085.104266746] [imu_filter]: Parameter RLController.pid_kp_ang set to 1.230000
[imu_filter_madgwick_node-3] [INFO] [1770704085.104342460] [imu_filter]: Parameter RLController.pid_ki_ang set to 0.000000
[imu_filter_madgwick_node-3] [INFO] [1770704085.104442974] [imu_filter]: Parameter RLController.pid_kd_ang set to 0.100000
[imu_filter_madgwick_node-3] [INFO] [1770704085.514550329] [imu_filter]: Parameter RLController.pid_kp_lin set to 1.202327
[imu_filter_madgwick_node-3] [INFO] [1770704085.514867392] [imu_filter]: Parameter RLController.pid_ki_lin set to 0.000000
[imu_filter_madgwick_node-3] [INFO] [1770704085.514955266] [imu_filter]: Parameter RLController.pid_kd_lin set to 0.020000
[imu_filter_madgwick_node-3] [INFO] [1770704085.515021604] [imu_filter]: Parameter RLController.pid_kp_ang set to 1.230000
[imu_filter_madgwick_node-3] [INFO] [1770704085.515080101] [imu_filter]: Parameter RLController.pid_ki_ang set to 0.000000
[imu_filter_madgwick_node-3] [INFO] [1770704085.515134790] [imu_filter]: Parameter RLController.pid_kd_ang set to 0.100000
[imu_filter_madgwick_node-3] [INFO] [1770704085.927797276] [imu_filter]: Parameter RLController.pid_kp_lin set to 1.202327
[imu_filter_madgwick_node-3] [INFO] [1770704085.928138884] [imu_filter]: Parameter RLController.pid_ki_lin set to 0.000000
[imu_filter_madgwick_node-3] [INFO] [1770704085.928250727] [imu_filter]: Parameter RLController.pid_kd_lin set to 0.020000
[imu_filter_madgwick_node-3] [INFO] [1770704085.928341417] [imu_filter]: Parameter RLController.pid_kp_ang set to 1.230000
[imu_filter_madgwick_node-3] [INFO] [1770704085.928409226] [imu_filter]: Parameter RLController.pid_ki_ang set to 0.000000
[imu_filter_madgwick_node-3] [INFO] [1770704085.928468588] [imu_filter]: Parameter RLController.pid_kd_ang set to 0.100000
[imu_filter_madgwick_node-3] [INFO] [1770704086.338074459] [imu_filter]: Parameter RLController.pid_kp_lin set to 1.202327
[imu_filter_madgwick_node-3] [INFO] [1770704086.338293856] [imu_filter]: Parameter RLController.pid_ki_lin set to 0.000000
[imu_filter_madgwick_node-3] [INFO] [1770704086.338362977] [imu_filter]: Parameter RLController.pid_kd_lin set to 0.020000
[imu_filter_madgwick_node-3] [INFO] [1770704086.338425219] [imu_filter]: Parameter RLController.pid_kp_ang set to 1.230000
[imu_filter_madgwick_node-3] [INFO] [1770704086.338481156] [imu_filter]: Parameter RLController.pid_ki_ang set to 0.000000
[imu_filter_madgwick_node-3] [INFO] [1770704086.338534469] [imu_filter]: Parameter RLController.pid_kd_ang set to 0.100000
[imu_filter_madgwick_node-3] [INFO] [1770704086.756738108] [imu_filter]: Parameter RLController.pid_kp_lin set to 1.202327
[imu_filter_madgwick_node-3] [INFO] [1770704086.756946817] [imu_filter]: Parameter RLController.pid_ki_lin set to 0.000000
[imu_filter_madgwick_node-3] [INFO] [1770704086.757130597] [imu_filter]: Parameter RLController.pid_kd_lin set to 0.020000
[imu_filter_madgwick_node-3] [INFO] [1770704086.757195751] [imu_filter]: Parameter RLController.pid_kp_ang set to 1.230000
[imu_filter_madgwick_node-3] [INFO] [1770704086.757251144] [imu_filter]: Parameter RLController.pid_ki_ang set to 0.000000
[imu_filter_madgwick_node-3] [INFO] [1770704086.757306121] [imu_filter]: Parameter RLController.pid_kd_ang set to 0.100000
[imu_filter_madgwick_node-3] [INFO] [1770704087.172786272] [imu_filter]: Parameter RLController.pid_kp_lin set to 1.202327
[imu_filter_madgwick_node-3] [INFO] [1770704087.190163732] [imu_filter]: Parameter RLController.pid_ki_lin set to 0.000000
[imu_filter_madgwick_node-3] [INFO] [1770704087.191021640] [imu_filter]: Parameter RLController.pid_kd_lin set to 0.020000
[imu_filter_madgwick_node-3] [INFO] [1770704087.191164492] [imu_filter]: Parameter RLController.pid_kp_ang set to 1.230000
[imu_filter_madgwick_node-3] [INFO] [1770704087.198071500] [imu_filter]: Parameter RLController.pid_ki_ang set to 0.000000
[imu_filter_madgwick_node-3] [INFO] [1770704087.198248208] [imu_filter]: Parameter RLController.pid_kd_ang set to 0.100000
[imu_filter_madgwick_node-3] [INFO] [1770704087.590021217] [imu_filter]: Parameter RLController.pid_kp_lin set to 1.202327
[imu_filter_madgwick_node-3] [INFO] [1770704087.590224933] [imu_filter]: Parameter RLController.pid_ki_lin set to 0.000000
[imu_filter_madgwick_node-3] [INFO] [1770704087.590297991] [imu_filter]: Parameter RLController.pid_kd_lin set to 0.020000
[imu_filter_madgwick_node-3] [INFO] [1770704087.590357448] [imu_filter]: Parameter RLController.pid_kp_ang set to 1.230000
[imu_filter_madgwick_node-3] [INFO] [1770704087.590412842] [imu_filter]: Parameter RLController.pid_ki_ang set to 0.000000
[imu_filter_madgwick_node-3] [INFO] [1770704087.590466539] [imu_filter]: Parameter RLController.pid_kd_ang set to 0.100000
[imu_filter_madgwick_node-3] [INFO] [1770704088.007462277] [imu_filter]: Parameter RLController.pid_kp_lin set to 1.202327
[imu_filter_madgwick_node-3] [INFO] [1770704088.011036697] [imu_filter]: Parameter RLController.pid_ki_lin set to 0.000000
[imu_filter_madgwick_node-3] [INFO] [1770704088.013104329] [imu_filter]: Parameter RLController.pid_kd_lin set to 0.020000
[imu_filter_madgwick_node-3] [INFO] [1770704088.013210059] [imu_filter]: Parameter RLController.pid_kp_ang set to 1.230000
[imu_filter_madgwick_node-3] [INFO] [1770704088.013271244] [imu_filter]: Parameter RLController.pid_ki_ang set to 0.000000
[imu_filter_madgwick_node-3] [INFO] [1770704088.013327662] [imu_filter]: Parameter RLController.pid_kd_ang set to 0.100000
[imu_filter_madgwick_node-3] [INFO] [1770704088.437962554] [imu_filter]: Parameter RLController.pid_kp_lin set to 1.202327
[imu_filter_madgwick_node-3] [INFO] [1770704088.438829582] [imu_filter]: Parameter RLController.pid_ki_lin set to 0.000000
[imu_filter_madgwick_node-3] [INFO] [1770704088.438964753] [imu_filter]: Parameter RLController.pid_kd_lin set to 0.020000
[imu_filter_madgwick_node-3] [INFO] [1770704088.439033267] [imu_filter]: Parameter RLController.pid_kp_ang set to 1.230000
[imu_filter_madgwick_node-3] [INFO] [1770704088.439089268] [imu_filter]: Parameter RLController.pid_ki_ang set to 0.000000
[imu_filter_madgwick_node-3] [INFO] [1770704088.439141941] [imu_filter]: Parameter RLController.pid_kd_ang set to 0.100000
[imu_filter_madgwick_node-3] [INFO] [1770704088.864389904] [imu_filter]: Parameter RLController.pid_kp_lin set to 1.202327
[imu_filter_madgwick_node-3] [INFO] [1770704088.864733976] [imu_filter]: Parameter RLController.pid_ki_lin set to 0.000000
[imu_filter_madgwick_node-3] [INFO] [1770704088.864867963] [imu_filter]: Parameter RLController.pid_kd_lin set to 0.020000
[imu_filter_madgwick_node-3] [INFO] [1770704088.864936508] [imu_filter]: Parameter RLController.pid_kp_ang set to 1.230000
[imu_filter_madgwick_node-3] [INFO] [1770704088.864995486] [imu_filter]: Parameter RLController.pid_ki_ang set to 0.000000
[imu_filter_madgwick_node-3] [INFO] [1770704088.865053151] [imu_filter]: Parameter RLController.pid_kd_ang set to 0.100000
[imu_filter_madgwick_node-3] [INFO] [1770704089.288752917] [imu_filter]: Parameter RLController.pid_kp_lin set to 1.202327
[imu_filter_madgwick_node-3] [INFO] [1770704089.288967738] [imu_filter]: Parameter RLController.pid_ki_lin set to 0.000000
[imu_filter_madgwick_node-3] [INFO] [1770704089.289035388] [imu_filter]: Parameter RLController.pid_kd_lin set to 0.020000
[imu_filter_madgwick_node-3] [INFO] [1770704089.289092829] [imu_filter]: Parameter RLController.pid_kp_ang set to 1.230000
[imu_filter_madgwick_node-3] [INFO] [1770704089.289147839] [imu_filter]: Parameter RLController.pid_ki_ang set to 0.000000
[imu_filter_madgwick_node-3] [INFO] [1770704089.289198816] [imu_filter]: Parameter RLController.pid_kd_ang set to 0.100000
[imu_filter_madgwick_node-3] [INFO] [1770704089.700671258] [imu_filter]: Parameter RLController.pid_kp_lin set to 1.202327
[imu_filter_madgwick_node-3] [INFO] [1770704089.700907007] [imu_filter]: Parameter RLController.pid_ki_lin set to 0.000000
[imu_filter_madgwick_node-3] [INFO] [1770704089.700981569] [imu_filter]: Parameter RLController.pid_kd_lin set to 0.020000
[imu_filter_madgwick_node-3] [INFO] [1770704089.701048963] [imu_filter]: Parameter RLController.pid_kp_ang set to 1.230000
[imu_filter_madgwick_node-3] [INFO] [1770704089.701227239] [imu_filter]: Parameter RLController.pid_ki_ang set to 0.000000
[imu_filter_madgwick_node-3] [INFO] [1770704089.701291528] [imu_filter]: Parameter RLController.pid_kd_ang set to 0.100000
[imu_filter_madgwick_node-3] [INFO] [1770704090.116900451] [imu_filter]: Parameter RLController.pid_kp_lin set to 1.202327
[imu_filter_madgwick_node-3] [INFO] [1770704090.117413583] [imu_filter]: Parameter RLController.pid_ki_lin set to 0.000000
[imu_filter_madgwick_node-3] [INFO] [1770704090.117541746] [imu_filter]: Parameter RLController.pid_kd_lin set to 0.020000
[imu_filter_madgwick_node-3] [INFO] [1770704090.117606899] [imu_filter]: Parameter RLController.pid_kp_ang set to 1.230000
[imu_filter_madgwick_node-3] [INFO] [1770704090.117660884] [imu_filter]: Parameter RLController.pid_ki_ang set to 0.000000
[imu_filter_madgwick_node-3] [INFO] [1770704090.117710901] [imu_filter]: Parameter RLController.pid_kd_ang set to 0.100000
[imu_filter_madgwick_node-3] [INFO] [1770704090.538262115] [imu_filter]: Parameter RLController.pid_kp_lin set to 1.202327
[imu_filter_madgwick_node-3] [INFO] [1770704090.538596234] [imu_filter]: Parameter RLController.pid_ki_lin set to 0.000000
[imu_filter_madgwick_node-3] [INFO] [1770704090.538680012] [imu_filter]: Parameter RLController.pid_kd_lin set to 0.020000
[imu_filter_madgwick_node-3] [INFO] [1770704090.538742382] [imu_filter]: Parameter RLController.pid_kp_ang set to 1.230000
[imu_filter_madgwick_node-3] [INFO] [1770704090.538797807] [imu_filter]: Parameter RLController.pid_ki_ang set to 0.000000
[imu_filter_madgwick_node-3] [INFO] [1770704090.538854224] [imu_filter]: Parameter RLController.pid_kd_ang set to 0.100000
[imu_filter_madgwick_node-3] [INFO] [1770704090.958186593] [imu_filter]: Parameter RLController.pid_kp_lin set to 1.202327
[imu_filter_madgwick_node-3] [INFO] [1770704090.958385030] [imu_filter]: Parameter RLController.pid_ki_lin set to 0.000000
[imu_filter_madgwick_node-3] [INFO] [1770704090.958451303] [imu_filter]: Parameter RLController.pid_kd_lin set to 0.020000
[imu_filter_madgwick_node-3] [INFO] [1770704090.958512265] [imu_filter]: Parameter RLController.pid_kp_ang set to 1.230000
[imu_filter_madgwick_node-3] [INFO] [1770704090.958567242] [imu_filter]: Parameter RLController.pid_ki_ang set to 0.000000
[imu_filter_madgwick_node-3] [INFO] [1770704090.958619563] [imu_filter]: Parameter RLController.pid_kd_ang set to 0.100000
[imu_filter_madgwick_node-3] [INFO] [1770704091.377382063] [imu_filter]: Parameter RLController.pid_kp_lin set to 1.202327
[imu_filter_madgwick_node-3] [INFO] [1770704091.377661237] [imu_filter]: Parameter RLController.pid_ki_lin set to 0.000000
[imu_filter_madgwick_node-3] [INFO] [1770704091.377797497] [imu_filter]: Parameter RLController.pid_kd_lin set to 0.020000
[imu_filter_madgwick_node-3] [INFO] [1770704091.377873754] [imu_filter]: Parameter RLController.pid_kp_ang set to 1.230000
[imu_filter_madgwick_node-3] [INFO] [1770704091.377936444] [imu_filter]: Parameter RLController.pid_ki_ang set to 0.000000
[imu_filter_madgwick_node-3] [INFO] [1770704091.378015358] [imu_filter]: Parameter RLController.pid_kd_ang set to 0.100000
[imu_filter_madgwick_node-3] [INFO] [1770704091.818916164] [imu_filter]: Parameter RLController.pid_kp_lin set to 1.202327
[imu_filter_madgwick_node-3] [INFO] [1770704091.819108520] [imu_filter]: Parameter RLController.pid_ki_lin set to 0.000000
[imu_filter_madgwick_node-3] [INFO] [1770704091.819568883] [imu_filter]: Parameter RLController.pid_kd_lin set to 0.020000
[imu_filter_madgwick_node-3] [INFO] [1770704091.819682326] [imu_filter]: Parameter RLController.pid_kp_ang set to 1.230000
[imu_filter_madgwick_node-3] [INFO] [1770704091.819744471] [imu_filter]: Parameter RLController.pid_ki_ang set to 0.000000
[imu_filter_madgwick_node-3] [INFO] [1770704091.820125184] [imu_filter]: Parameter RLController.pid_kd_ang set to 0.100000
[imu_filter_madgwick_node-3] [INFO] [1770704092.258899157] [imu_filter]: Parameter RLController.pid_kp_lin set to 1.202327
[imu_filter_madgwick_node-3] [INFO] [1770704092.259264733] [imu_filter]: Parameter RLController.pid_ki_lin set to 0.000000
[imu_filter_madgwick_node-3] [INFO] [1770704092.259352575] [imu_filter]: Parameter RLController.pid_kd_lin set to 0.020000
[imu_filter_madgwick_node-3] [INFO] [1770704092.259414560] [imu_filter]: Parameter RLController.pid_kp_ang set to 1.230000
[imu_filter_madgwick_node-3] [INFO] [1770704092.259470114] [imu_filter]: Parameter RLController.pid_ki_ang set to 0.000000
[imu_filter_madgwick_node-3] [INFO] [1770704092.259524547] [imu_filter]: Parameter RLController.pid_kd_ang set to 0.100000
[imu_filter_madgwick_node-3] [INFO] [1770704092.692934939] [imu_filter]: Parameter RLController.pid_kp_lin set to 1.202327
[imu_filter_madgwick_node-3] [INFO] [1770704092.693134176] [imu_filter]: Parameter RLController.pid_ki_lin set to 0.000000
[imu_filter_madgwick_node-3] [INFO] [1770704092.697010874] [imu_filter]: Parameter RLController.pid_kd_lin set to 0.020000
[imu_filter_madgwick_node-3] [INFO] [1770704092.697182462] [imu_filter]: Parameter RLController.pid_kp_ang set to 1.230000
[imu_filter_madgwick_node-3] [INFO] [1770704092.697246623] [imu_filter]: Parameter RLController.pid_ki_ang set to 0.000000
[imu_filter_madgwick_node-3] [INFO] [1770704092.697303617] [imu_filter]: Parameter RLController.pid_kd_ang set to 0.100000
[imu_filter_madgwick_node-3] [INFO] [1770704093.116134182] [imu_filter]: Parameter RLController.pid_kp_lin set to 1.202327
[imu_filter_madgwick_node-3] [INFO] [1770704093.120574093] [imu_filter]: Parameter RLController.pid_ki_lin set to 0.000000
[imu_filter_madgwick_node-3] [INFO] [1770704093.120770898] [imu_filter]: Parameter RLController.pid_kd_lin set to 0.020000
[imu_filter_madgwick_node-3] [INFO] [1770704093.120846131] [imu_filter]: Parameter RLController.pid_kp_ang set to 1.230000
[imu_filter_madgwick_node-3] [INFO] [1770704093.121038616] [imu_filter]: Parameter RLController.pid_ki_ang set to 0.000000
[imu_filter_madgwick_node-3] [INFO] [1770704093.121104505] [imu_filter]: Parameter RLController.pid_kd_ang set to 0.100000
[imu_filter_madgwick_node-3] [INFO] [1770704093.542349943] [imu_filter]: Parameter RLController.pid_kp_lin set to 1.202327
[imu_filter_madgwick_node-3] [INFO] [1770704093.542540155] [imu_filter]: Parameter RLController.pid_ki_lin set to 0.000000
[imu_filter_madgwick_node-3] [INFO] [1770704093.547196775] [imu_filter]: Parameter RLController.pid_kd_lin set to 0.020000
[imu_filter_madgwick_node-3] [INFO] [1770704093.547640146] [imu_filter]: Parameter RLController.pid_kp_ang set to 1.230000
[imu_filter_madgwick_node-3] [INFO] [1770704093.547750356] [imu_filter]: Parameter RLController.pid_ki_ang set to 0.000000
[imu_filter_madgwick_node-3] [INFO] [1770704093.547812182] [imu_filter]: Parameter RLController.pid_kd_ang set to 0.100000
[imu_filter_madgwick_node-3] [INFO] [1770704093.956454222] [imu_filter]: Parameter RLController.pid_kp_lin set to 1.202327
[imu_filter_madgwick_node-3] [INFO] [1770704093.956655699] [imu_filter]: Parameter RLController.pid_ki_lin set to 0.000000
[imu_filter_madgwick_node-3] [INFO] [1770704093.956724148] [imu_filter]: Parameter RLController.pid_kd_lin set to 0.020000
[imu_filter_madgwick_node-3] [INFO] [1770704093.956785366] [imu_filter]: Parameter RLController.pid_kp_ang set to 1.230000
[imu_filter_madgwick_node-3] [INFO] [1770704093.958240567] [imu_filter]: Parameter RLController.pid_ki_ang set to 0.000000
[imu_filter_madgwick_node-3] [INFO] [1770704093.958544511] [imu_filter]: Parameter RLController.pid_kd_ang set to 0.100000
[imu_filter_madgwick_node-3] [INFO] [1770704094.371807938] [imu_filter]: Parameter RLController.pid_kp_lin set to 1.202327
[imu_filter_madgwick_node-3] [INFO] [1770704094.374456288] [imu_filter]: Parameter RLController.pid_ki_lin set to 0.000000
[imu_filter_madgwick_node-3] [INFO] [1770704094.374649316] [imu_filter]: Parameter RLController.pid_kd_lin set to 0.020000
[imu_filter_madgwick_node-3] [INFO] [1770704094.374723974] [imu_filter]: Parameter RLController.pid_kp_ang set to 1.230000
[imu_filter_madgwick_node-3] [INFO] [1770704094.374783112] [imu_filter]: Parameter RLController.pid_ki_ang set to 0.000000
[imu_filter_madgwick_node-3] [INFO] [1770704094.374837929] [imu_filter]: Parameter RLController.pid_kd_ang set to 0.100000
[imu_filter_madgwick_node-3] [INFO] [1770704094.805796296] [imu_filter]: Parameter RLController.pid_kp_lin set to 1.202327
[imu_filter_madgwick_node-3] [INFO] [1770704094.806092943] [imu_filter]: Parameter RLController.pid_ki_lin set to 0.000000
[imu_filter_madgwick_node-3] [INFO] [1770704094.806173521] [imu_filter]: Parameter RLController.pid_kd_lin set to 0.020000
[imu_filter_madgwick_node-3] [INFO] [1770704094.806236114] [imu_filter]: Parameter RLController.pid_kp_ang set to 1.230000
[imu_filter_madgwick_node-3] [INFO] [1770704094.806292563] [imu_filter]: Parameter RLController.pid_ki_ang set to 0.000000
[imu_filter_madgwick_node-3] [INFO] [1770704094.806345333] [imu_filter]: Parameter RLController.pid_kd_ang set to 0.100000
[imu_filter_madgwick_node-3] [INFO] [1770704095.198950424] [imu_filter]: Parameter RLController.pid_kp_lin set to 1.202327
[imu_filter_madgwick_node-3] [INFO] [1770704095.199170941] [imu_filter]: Parameter RLController.pid_ki_lin set to 0.000000
[imu_filter_madgwick_node-3] [INFO] [1770704095.199356162] [imu_filter]: Parameter RLController.pid_kd_lin set to 0.020000
[imu_filter_madgwick_node-3] [INFO] [1770704095.199423395] [imu_filter]: Parameter RLController.pid_kp_ang set to 1.230000
[imu_filter_madgwick_node-3] [INFO] [1770704095.199481093] [imu_filter]: Parameter RLController.pid_ki_ang set to 0.000000
[imu_filter_madgwick_node-3] [INFO] [1770704095.199535494] [imu_filter]: Parameter RLController.pid_kd_ang set to 0.100000
[imu_filter_madgwick_node-3] [INFO] [1770704095.619178078] [imu_filter]: Parameter RLController.pid_kp_lin set to 1.202327
[imu_filter_madgwick_node-3] [INFO] [1770704095.624622332] [imu_filter]: Parameter RLController.pid_ki_lin set to 0.000000
[imu_filter_madgwick_node-3] [INFO] [1770704095.624826881] [imu_filter]: Parameter RLController.pid_kd_lin set to 0.020000
[imu_filter_madgwick_node-3] [INFO] [1770704095.625033350] [imu_filter]: Parameter RLController.pid_kp_ang set to 1.230000
[imu_filter_madgwick_node-3] [INFO] [1770704095.625098376] [imu_filter]: Parameter RLController.pid_ki_ang set to 0.000000
[imu_filter_madgwick_node-3] [INFO] [1770704095.625153801] [imu_filter]: Parameter RLController.pid_kd_ang set to 0.100000
[imu_filter_madgwick_node-3] [INFO] [1770704096.031492844] [imu_filter]: Parameter RLController.pid_kp_lin set to 1.202327
[imu_filter_madgwick_node-3] [INFO] [1770704096.031829492] [imu_filter]: Parameter RLController.pid_ki_lin set to 0.000000
[imu_filter_madgwick_node-3] [INFO] [1770704096.031907157] [imu_filter]: Parameter RLController.pid_kd_lin set to 0.020000
[imu_filter_madgwick_node-3] [INFO] [1770704096.031970007] [imu_filter]: Parameter RLController.pid_kp_ang set to 1.230000
[imu_filter_madgwick_node-3] [INFO] [1770704096.032028280] [imu_filter]: Parameter RLController.pid_ki_ang set to 0.000000
[imu_filter_madgwick_node-3] [INFO] [1770704096.032082937] [imu_filter]: Parameter RLController.pid_kd_ang set to 0.100000
[imu_filter_madgwick_node-3] [INFO] [1770704096.460565055] [imu_filter]: Parameter RLController.pid_kp_lin set to 1.202327
[imu_filter_madgwick_node-3] [INFO] [1770704096.460888038] [imu_filter]: Parameter RLController.pid_ki_lin set to 0.000000
[imu_filter_madgwick_node-3] [INFO] [1770704096.460961736] [imu_filter]: Parameter RLController.pid_kd_lin set to 0.020000
[imu_filter_madgwick_node-3] [INFO] [1770704096.461025130] [imu_filter]: Parameter RLController.pid_kp_ang set to 1.230000
[imu_filter_madgwick_node-3] [INFO] [1770704096.461084747] [imu_filter]: Parameter RLController.pid_ki_ang set to 0.000000
[imu_filter_madgwick_node-3] [INFO] [1770704096.461142060] [imu_filter]: Parameter RLController.pid_kd_ang set to 0.100000
[imu_filter_madgwick_node-3] [INFO] [1770704096.871327881] [imu_filter]: Parameter RLController.pid_kp_lin set to 1.202327
[imu_filter_madgwick_node-3] [INFO] [1770704096.871535149] [imu_filter]: Parameter RLController.pid_ki_lin set to 0.000000
[imu_filter_madgwick_node-3] [INFO] [1770704096.871599759] [imu_filter]: Parameter RLController.pid_kd_lin set to 0.020000
[imu_filter_madgwick_node-3] [INFO] [1770704096.871657552] [imu_filter]: Parameter RLController.pid_kp_ang set to 1.230000
[imu_filter_madgwick_node-3] [INFO] [1770704096.871709586] [imu_filter]: Parameter RLController.pid_ki_ang set to 0.000000
[imu_filter_madgwick_node-3] [INFO] [1770704096.871762515] [imu_filter]: Parameter RLController.pid_kd_ang set to 0.100000
[imu_filter_madgwick_node-3] [INFO] [1770704097.291825205] [imu_filter]: Parameter RLController.pid_kp_lin set to 1.202327
[imu_filter_madgwick_node-3] [INFO] [1770704097.292040186] [imu_filter]: Parameter RLController.pid_ki_lin set to 0.000000
[imu_filter_madgwick_node-3] [INFO] [1770704097.292110171] [imu_filter]: Parameter RLController.pid_kd_lin set to 0.020000
[imu_filter_madgwick_node-3] [INFO] [1770704097.292170397] [imu_filter]: Parameter RLController.pid_kp_ang set to 1.230000
[imu_filter_madgwick_node-3] [INFO] [1770704097.292249726] [imu_filter]: Parameter RLController.pid_ki_ang set to 0.000000
[imu_filter_madgwick_node-3] [INFO] [1770704097.292305920] [imu_filter]: Parameter RLController.pid_kd_ang set to 0.100000
[imu_filter_madgwick_node-3] [INFO] [1770704097.707023493] [imu_filter]: Parameter RLController.pid_kp_lin set to 1.202327
[imu_filter_madgwick_node-3] [INFO] [1770704097.707335149] [imu_filter]: Parameter RLController.pid_ki_lin set to 0.000000
[imu_filter_madgwick_node-3] [INFO] [1770704097.707409966] [imu_filter]: Parameter RLController.pid_kd_lin set to 0.020000
[imu_filter_madgwick_node-3] [INFO] [1770704097.707469968] [imu_filter]: Parameter RLController.pid_kp_ang set to 1.230000
[imu_filter_madgwick_node-3] [INFO] [1770704097.707526417] [imu_filter]: Parameter RLController.pid_ki_ang set to 0.000000
[imu_filter_madgwick_node-3] [INFO] [1770704097.707579378] [imu_filter]: Parameter RLController.pid_kd_ang set to 0.100000
[imu_filter_madgwick_node-3] [INFO] [1770704098.118764486] [imu_filter]: Parameter RLController.pid_kp_lin set to 1.202327
[imu_filter_madgwick_node-3] [INFO] [1770704098.118997419] [imu_filter]: Parameter RLController.pid_ki_lin set to 0.000000
[imu_filter_madgwick_node-3] [INFO] [1770704098.119068909] [imu_filter]: Parameter RLController.pid_kd_lin set to 0.020000
[imu_filter_madgwick_node-3] [INFO] [1770704098.119127822] [imu_filter]: Parameter RLController.pid_kp_ang set to 1.230000
[imu_filter_madgwick_node-3] [INFO] [1770704098.119175119] [imu_filter]: Parameter RLController.pid_ki_ang set to 0.000000
[imu_filter_madgwick_node-3] [INFO] [1770704098.119320563] [imu_filter]: Parameter RLController.pid_kd_ang set to 0.100000
[imu_filter_madgwick_node-3] [INFO] [1770704098.539750013] [imu_filter]: Parameter RLController.pid_kp_lin set to 1.202327
[imu_filter_madgwick_node-3] [INFO] [1770704098.540078213] [imu_filter]: Parameter RLController.pid_ki_lin set to 0.000000
[imu_filter_madgwick_node-3] [INFO] [1770704098.540244841] [imu_filter]: Parameter RLController.pid_kd_lin set to 0.020000
[imu_filter_madgwick_node-3] [INFO] [1770704098.540357067] [imu_filter]: Parameter RLController.pid_kp_ang set to 1.230000
[imu_filter_madgwick_node-3] [INFO] [1770704098.540421485] [imu_filter]: Parameter RLController.pid_ki_ang set to 0.000000
[imu_filter_madgwick_node-3] [INFO] [1770704098.540478542] [imu_filter]: Parameter RLController.pid_kd_ang set to 0.100000
[imu_filter_madgwick_node-3] [INFO] [1770704098.951714371] [imu_filter]: Parameter RLController.pid_kp_lin set to 1.202327
[imu_filter_madgwick_node-3] [INFO] [1770704098.951905735] [imu_filter]: Parameter RLController.pid_ki_lin set to 0.000000
[imu_filter_madgwick_node-3] [INFO] [1770704098.951975785] [imu_filter]: Parameter RLController.pid_kd_lin set to 0.020000
[imu_filter_madgwick_node-3] [INFO] [1770704098.952162125] [imu_filter]: Parameter RLController.pid_kp_ang set to 1.230000
[imu_filter_madgwick_node-3] [INFO] [1770704098.953165252] [imu_filter]: Parameter RLController.pid_ki_ang set to 0.000000
[imu_filter_madgwick_node-3] [INFO] [1770704098.953303976] [imu_filter]: Parameter RLController.pid_kd_ang set to 0.100000
[imu_filter_madgwick_node-3] [INFO] [1770704099.382180054] [imu_filter]: Parameter RLController.pid_kp_lin set to 1.202327
[imu_filter_madgwick_node-3] [INFO] [1770704099.382399675] [imu_filter]: Parameter RLController.pid_ki_lin set to 0.000000
[imu_filter_madgwick_node-3] [INFO] [1770704099.382465565] [imu_filter]: Parameter RLController.pid_kd_lin set to 0.020000
[imu_filter_madgwick_node-3] [INFO] [1770704099.382523070] [imu_filter]: Parameter RLController.pid_kp_ang set to 1.230000
[imu_filter_madgwick_node-3] [INFO] [1770704099.382574175] [imu_filter]: Parameter RLController.pid_ki_ang set to 0.000000
[imu_filter_madgwick_node-3] [INFO] [1770704099.382626017] [imu_filter]: Parameter RLController.pid_kd_ang set to 0.100000
[imu_filter_madgwick_node-3] [INFO] [1770704099.795338328] [imu_filter]: Parameter RLController.pid_kp_lin set to 1.202327
[imu_filter_madgwick_node-3] [INFO] [1770704099.795586941] [imu_filter]: Parameter RLController.pid_ki_lin set to 0.000000
[imu_filter_madgwick_node-3] [INFO] [1770704099.795667839] [imu_filter]: Parameter RLController.pid_kd_lin set to 0.020000
[imu_filter_madgwick_node-3] [INFO] [1770704099.795773858] [imu_filter]: Parameter RLController.pid_kp_ang set to 1.230000
[imu_filter_madgwick_node-3] [INFO] [1770704099.795838083] [imu_filter]: Parameter RLController.pid_ki_ang set to 0.000000
[imu_filter_madgwick_node-3] [INFO] [1770704099.795894661] [imu_filter]: Parameter RLController.pid_kd_ang set to 0.100000
[imu_filter_madgwick_node-3] [INFO] [1770704100.216380624] [imu_filter]: Parameter RLController.pid_kp_lin set to 1.202327
[imu_filter_madgwick_node-3] [INFO] [1770704100.220633523] [imu_filter]: Parameter RLController.pid_ki_lin set to 0.000000
[imu_filter_madgwick_node-3] [INFO] [1770704100.220847224] [imu_filter]: Parameter RLController.pid_kd_lin set to 0.020000
[imu_filter_madgwick_node-3] [INFO] [1770704100.221056957] [imu_filter]: Parameter RLController.pid_kp_ang set to 1.230000
[imu_filter_madgwick_node-3] [INFO] [1770704100.221124222] [imu_filter]: Parameter RLController.pid_ki_ang set to 0.000000
[imu_filter_madgwick_node-3] [INFO] [1770704100.221182016] [imu_filter]: Parameter RLController.pid_kd_ang set to 0.100000
[imu_filter_madgwick_node-3] [INFO] [1770704100.627977837] [imu_filter]: Parameter RLController.pid_kp_lin set to 1.202327
[imu_filter_madgwick_node-3] [INFO] [1770704100.628413879] [imu_filter]: Parameter RLController.pid_ki_lin set to 0.000000
[imu_filter_madgwick_node-3] [INFO] [1770704100.628560635] [imu_filter]: Parameter RLController.pid_kd_lin set to 0.020000
[imu_filter_madgwick_node-3] [INFO] [1770704100.628628156] [imu_filter]: Parameter RLController.pid_kp_ang set to 1.230000
[imu_filter_madgwick_node-3] [INFO] [1770704100.628683454] [imu_filter]: Parameter RLController.pid_ki_ang set to 0.000000
[imu_filter_madgwick_node-3] [INFO] [1770704100.628735583] [imu_filter]: Parameter RLController.pid_kd_ang set to 0.100000
[imu_filter_madgwick_node-3] [INFO] [1770704101.044987976] [imu_filter]: Parameter RLController.pid_kp_lin set to 1.202327
[imu_filter_madgwick_node-3] [INFO] [1770704101.045208845] [imu_filter]: Parameter RLController.pid_ki_lin set to 0.000000
[imu_filter_madgwick_node-3] [INFO] [1770704101.048623165] [imu_filter]: Parameter RLController.pid_kd_lin set to 0.020000
[imu_filter_madgwick_node-3] [INFO] [1770704101.048826177] [imu_filter]: Parameter RLController.pid_kp_ang set to 1.230000
[imu_filter_madgwick_node-3] [INFO] [1770704101.048889859] [imu_filter]: Parameter RLController.pid_ki_ang set to 0.000000
[imu_filter_madgwick_node-3] [INFO] [1770704101.048947620] [imu_filter]: Parameter RLController.pid_kd_ang set to 0.100000
[imu_filter_madgwick_node-3] [INFO] [1770704101.472066413] [imu_filter]: Parameter RLController.pid_kp_lin set to 1.202327
[imu_filter_madgwick_node-3] [INFO] [1770704101.472295826] [imu_filter]: Parameter RLController.pid_ki_lin set to 0.000000
[imu_filter_madgwick_node-3] [INFO] [1770704101.472366548] [imu_filter]: Parameter RLController.pid_kd_lin set to 0.020000
[imu_filter_madgwick_node-3] [INFO] [1770704101.472429622] [imu_filter]: Parameter RLController.pid_kp_ang set to 1.230000
[imu_filter_madgwick_node-3] [INFO] [1770704101.472486359] [imu_filter]: Parameter RLController.pid_ki_ang set to 0.000000
[imu_filter_madgwick_node-3] [INFO] [1770704101.472540504] [imu_filter]: Parameter RLController.pid_kd_ang set to 0.100000
[imu_filter_madgwick_node-3] [INFO] [1770704101.888050480] [imu_filter]: Parameter RLController.pid_kp_lin set to 1.202327
[imu_filter_madgwick_node-3] [INFO] [1770704101.888409400] [imu_filter]: Parameter RLController.pid_ki_lin set to 0.000000
[imu_filter_madgwick_node-3] [INFO] [1770704101.888492698] [imu_filter]: Parameter RLController.pid_kd_lin set to 0.020000
[imu_filter_madgwick_node-3] [INFO] [1770704101.888555228] [imu_filter]: Parameter RLController.pid_kp_ang set to 1.230000
[imu_filter_madgwick_node-3] [INFO] [1770704101.888733120] [imu_filter]: Parameter RLController.pid_ki_ang set to 0.000000
[imu_filter_madgwick_node-3] [INFO] [1770704101.888792353] [imu_filter]: Parameter RLController.pid_kd_ang set to 0.100000
[imu_filter_madgwick_node-3] [INFO] [1770704102.319763009] [imu_filter]: Parameter RLController.pid_kp_lin set to 1.202327
[imu_filter_madgwick_node-3] [INFO] [1770704102.327185229] [imu_filter]: Parameter RLController.pid_ki_lin set to 0.000000
[imu_filter_madgwick_node-3] [INFO] [1770704102.327403794] [imu_filter]: Parameter RLController.pid_kd_lin set to 0.020000
[imu_filter_madgwick_node-3] [INFO] [1770704102.327471828] [imu_filter]: Parameter RLController.pid_kp_ang set to 1.230000
[imu_filter_madgwick_node-3] [INFO] [1770704102.327532053] [imu_filter]: Parameter RLController.pid_ki_ang set to 0.000000
[imu_filter_madgwick_node-3] [INFO] [1770704102.327588407] [imu_filter]: Parameter RLController.pid_kd_ang set to 0.100000
[imu_filter_madgwick_node-3] [INFO] [1770704102.755915224] [imu_filter]: Parameter RLController.pid_kp_lin set to 1.202327
[imu_filter_madgwick_node-3] [INFO] [1770704102.756113309] [imu_filter]: Parameter RLController.pid_ki_lin set to 0.000000
[imu_filter_madgwick_node-3] [INFO] [1770704102.756202687] [imu_filter]: Parameter RLController.pid_kd_lin set to 0.020000
[imu_filter_madgwick_node-3] [INFO] [1770704102.756266177] [imu_filter]: Parameter RLController.pid_kp_ang set to 1.230000
[imu_filter_madgwick_node-3] [INFO] [1770704102.756323938] [imu_filter]: Parameter RLController.pid_ki_ang set to 0.000000
[imu_filter_madgwick_node-3] [INFO] [1770704102.756379843] [imu_filter]: Parameter RLController.pid_kd_ang set to 0.100000
[imu_filter_madgwick_node-3] [INFO] [1770704103.170239317] [imu_filter]: Parameter RLController.pid_kp_lin set to 1.202327
[imu_filter_madgwick_node-3] [INFO] [1770704103.172842961] [imu_filter]: Parameter RLController.pid_ki_lin set to 0.000000
[imu_filter_madgwick_node-3] [INFO] [1770704103.173034166] [imu_filter]: Parameter RLController.pid_kd_lin set to 0.020000
[imu_filter_madgwick_node-3] [INFO] [1770704103.173101751] [imu_filter]: Parameter RLController.pid_kp_ang set to 1.230000
[imu_filter_madgwick_node-3] [INFO] [1770704103.173158009] [imu_filter]: Parameter RLController.pid_ki_ang set to 0.000000
[imu_filter_madgwick_node-3] [INFO] [1770704103.173210042] [imu_filter]: Parameter RLController.pid_kd_ang set to 0.100000
[imu_filter_madgwick_node-3] [INFO] [1770704103.584580818] [imu_filter]: Parameter RLController.pid_kp_lin set to 1.202327
[imu_filter_madgwick_node-3] [INFO] [1770704103.584779702] [imu_filter]: Parameter RLController.pid_ki_lin set to 0.000000
[imu_filter_madgwick_node-3] [INFO] [1770704103.587940736] [imu_filter]: Parameter RLController.pid_kd_lin set to 0.020000
[imu_filter_madgwick_node-3] [INFO] [1770704103.588153221] [imu_filter]: Parameter RLController.pid_kp_ang set to 1.230000
[imu_filter_madgwick_node-3] [INFO] [1770704103.588259079] [imu_filter]: Parameter RLController.pid_ki_ang set to 0.000000
[imu_filter_madgwick_node-3] [INFO] [1770704103.588322153] [imu_filter]: Parameter RLController.pid_kd_ang set to 0.100000
[imu_filter_madgwick_node-3] [INFO] [1770704104.020525765] [imu_filter]: Parameter RLController.pid_kp_lin set to 1.202327
[imu_filter_madgwick_node-3] [INFO] [1770704104.020919790] [imu_filter]: Parameter RLController.pid_ki_lin set to 0.000000
[imu_filter_madgwick_node-3] [INFO] [1770704104.021072081] [imu_filter]: Parameter RLController.pid_kd_lin set to 0.020000
[imu_filter_madgwick_node-3] [INFO] [1770704104.021184244] [imu_filter]: Parameter RLController.pid_kp_ang set to 1.230000
[imu_filter_madgwick_node-3] [INFO] [1770704104.021286902] [imu_filter]: Parameter RLController.pid_ki_ang set to 0.000000
[imu_filter_madgwick_node-3] [INFO] [1770704104.021348760] [imu_filter]: Parameter RLController.pid_kd_ang set to 0.100000
[imu_filter_madgwick_node-3] [INFO] [1770704104.412277493] [imu_filter]: Parameter RLController.pid_kp_lin set to 1.202327
[imu_filter_madgwick_node-3] [INFO] [1770704104.412496154] [imu_filter]: Parameter RLController.pid_ki_lin set to 0.000000
[imu_filter_madgwick_node-3] [INFO] [1770704104.412571323] [imu_filter]: Parameter RLController.pid_kd_lin set to 0.020000
[imu_filter_madgwick_node-3] [INFO] [1770704104.412635453] [imu_filter]: Parameter RLController.pid_kp_ang set to 1.230000
[imu_filter_madgwick_node-3] [INFO] [1770704104.412690494] [imu_filter]: Parameter RLController.pid_ki_ang set to 0.000000
[imu_filter_madgwick_node-3] [INFO] [1770704104.412745151] [imu_filter]: Parameter RLController.pid_kd_ang set to 0.100000
[imu_filter_madgwick_node-3] [INFO] [1770704104.840129579] [imu_filter]: Parameter RLController.pid_kp_lin set to 1.202327
[imu_filter_madgwick_node-3] [INFO] [1770704104.843758144] [imu_filter]: Parameter RLController.pid_ki_lin set to 0.000000
[imu_filter_madgwick_node-3] [INFO] [1770704104.843967429] [imu_filter]: Parameter RLController.pid_kd_lin set to 0.020000
[imu_filter_madgwick_node-3] [INFO] [1770704104.844048487] [imu_filter]: Parameter RLController.pid_kp_ang set to 1.230000
[imu_filter_madgwick_node-3] [INFO] [1770704104.844106728] [imu_filter]: Parameter RLController.pid_ki_ang set to 0.000000
[imu_filter_madgwick_node-3] [INFO] [1770704104.845293731] [imu_filter]: Parameter RLController.pid_kd_ang set to 0.100000
[imu_filter_madgwick_node-3] [INFO] [1770704105.260869565] [imu_filter]: Parameter RLController.pid_kp_lin set to 1.202327
[imu_filter_madgwick_node-3] [INFO] [1770704105.261085506] [imu_filter]: Parameter RLController.pid_ki_lin set to 0.000000
[imu_filter_madgwick_node-3] [INFO] [1770704105.261156100] [imu_filter]: Parameter RLController.pid_kd_lin set to 0.020000
[imu_filter_madgwick_node-3] [INFO] [1770704105.261216837] [imu_filter]: Parameter RLController.pid_kp_ang set to 1.230000
[imu_filter_madgwick_node-3] [INFO] [1770704105.261273350] [imu_filter]: Parameter RLController.pid_ki_ang set to 0.000000
[imu_filter_madgwick_node-3] [INFO] [1770704105.269546279] [imu_filter]: Parameter RLController.pid_kd_ang set to 0.100000
[imu_filter_madgwick_node-3] [INFO] [1770704105.676851968] [imu_filter]: Parameter RLController.pid_kp_lin set to 1.202327
[imu_filter_madgwick_node-3] [INFO] [1770704105.679287257] [imu_filter]: Parameter RLController.pid_ki_lin set to 0.000000
[imu_filter_madgwick_node-3] [INFO] [1770704105.682819211] [imu_filter]: Parameter RLController.pid_kd_lin set to 0.020000
[imu_filter_madgwick_node-3] [INFO] [1770704105.685779343] [imu_filter]: Parameter RLController.pid_kp_ang set to 1.230000
[imu_filter_madgwick_node-3] [INFO] [1770704105.689854222] [imu_filter]: Parameter RLController.pid_ki_ang set to 0.000000
[imu_filter_madgwick_node-3] [INFO] [1770704105.692767474] [imu_filter]: Parameter RLController.pid_kd_ang set to 0.100000
[imu_filter_madgwick_node-3] [INFO] [1770704106.105335142] [imu_filter]: Parameter RLController.pid_kp_lin set to 1.202327
[imu_filter_madgwick_node-3] [INFO] [1770704106.107671452] [imu_filter]: Parameter RLController.pid_ki_lin set to 0.000000
[imu_filter_madgwick_node-3] [INFO] [1770704106.112640751] [imu_filter]: Parameter RLController.pid_kd_lin set to 0.020000
[imu_filter_madgwick_node-3] [INFO] [1770704106.112848372] [imu_filter]: Parameter RLController.pid_kp_ang set to 1.230000
[imu_filter_madgwick_node-3] [INFO] [1770704106.112924182] [imu_filter]: Parameter RLController.pid_ki_ang set to 0.000000
[imu_filter_madgwick_node-3] [INFO] [1770704106.112981815] [imu_filter]: Parameter RLController.pid_kd_ang set to 0.100000
[imu_filter_madgwick_node-3] [INFO] [1770704106.531685657] [imu_filter]: Parameter RLController.pid_kp_lin set to 1.202327
[imu_filter_madgwick_node-3] [INFO] [1770704106.531866078] [imu_filter]: Parameter RLController.pid_ki_lin set to 0.000000
[imu_filter_madgwick_node-3] [INFO] [1770704106.531932671] [imu_filter]: Parameter RLController.pid_kd_lin set to 0.020000
[imu_filter_madgwick_node-3] [INFO] [1770704106.531994145] [imu_filter]: Parameter RLController.pid_kp_ang set to 1.230000
[imu_filter_madgwick_node-3] [INFO] [1770704106.532049922] [imu_filter]: Parameter RLController.pid_ki_ang set to 0.000000
[imu_filter_madgwick_node-3] [INFO] [1770704106.532103331] [imu_filter]: Parameter RLController.pid_kd_ang set to 0.100000
[imu_filter_madgwick_node-3] [INFO] [1770704106.941940663] [imu_filter]: Parameter RLController.pid_kp_lin set to 1.202327
[imu_filter_madgwick_node-3] [INFO] [1770704106.942177885] [imu_filter]: Parameter RLController.pid_ki_lin set to 0.000000
[imu_filter_madgwick_node-3] [INFO] [1770704106.944786330] [imu_filter]: Parameter RLController.pid_kd_lin set to 0.020000
[imu_filter_madgwick_node-3] [INFO] [1770704106.945013151] [imu_filter]: Parameter RLController.pid_kp_ang set to 1.230000
[imu_filter_madgwick_node-3] [INFO] [1770704106.945238788] [imu_filter]: Parameter RLController.pid_ki_ang set to 0.000000
[imu_filter_madgwick_node-3] [INFO] [1770704106.945311782] [imu_filter]: Parameter RLController.pid_kd_ang set to 0.100000
[imu_filter_madgwick_node-3] [INFO] [1770704107.362485572] [imu_filter]: Parameter RLController.pid_kp_lin set to 1.202327
[imu_filter_madgwick_node-3] [INFO] [1770704107.364481907] [imu_filter]: Parameter RLController.pid_ki_lin set to 0.000000
[imu_filter_madgwick_node-3] [INFO] [1770704107.364579125] [imu_filter]: Parameter RLController.pid_kd_lin set to 0.020000
[imu_filter_madgwick_node-3] [INFO] [1770704107.364642935] [imu_filter]: Parameter RLController.pid_kp_ang set to 1.230000
[imu_filter_madgwick_node-3] [INFO] [1770704107.364698968] [imu_filter]: Parameter RLController.pid_ki_ang set to 0.000000
[imu_filter_madgwick_node-3] [INFO] [1770704107.364753145] [imu_filter]: Parameter RLController.pid_kd_ang set to 0.100000
[imu_filter_madgwick_node-3] [INFO] [1770704107.771823437] [imu_filter]: Parameter RLController.pid_kp_lin set to 1.202327
[imu_filter_madgwick_node-3] [INFO] [1770704107.774197252] [imu_filter]: Parameter RLController.pid_ki_lin set to 0.000000
[imu_filter_madgwick_node-3] [INFO] [1770704107.776228627] [imu_filter]: Parameter RLController.pid_kd_lin set to 0.020000
[imu_filter_madgwick_node-3] [INFO] [1770704107.776378647] [imu_filter]: Parameter RLController.pid_kp_ang set to 1.230000
[imu_filter_madgwick_node-3] [INFO] [1770704107.776444472] [imu_filter]: Parameter RLController.pid_ki_ang set to 0.000000
[imu_filter_madgwick_node-3] [INFO] [1770704107.776503482] [imu_filter]: Parameter RLController.pid_kd_ang set to 0.100000
[imu_filter_madgwick_node-3] [INFO] [1770704108.205056353] [imu_filter]: Parameter RLController.pid_kp_lin set to 1.202327
[imu_filter_madgwick_node-3] [INFO] [1770704108.205273350] [imu_filter]: Parameter RLController.pid_ki_lin set to 0.000000
[imu_filter_madgwick_node-3] [INFO] [1770704108.205499243] [imu_filter]: Parameter RLController.pid_kd_lin set to 0.020000
[imu_filter_madgwick_node-3] [INFO] [1770704108.205574189] [imu_filter]: Parameter RLController.pid_kp_ang set to 1.230000
[imu_filter_madgwick_node-3] [INFO] [1770704108.205633646] [imu_filter]: Parameter RLController.pid_ki_ang set to 0.000000
[imu_filter_madgwick_node-3] [INFO] [1770704108.205688048] [imu_filter]: Parameter RLController.pid_kd_ang set to 0.100000
[imu_filter_madgwick_node-3] [INFO] [1770704108.631754685] [imu_filter]: Parameter RLController.pid_kp_lin set to 1.202327
[imu_filter_madgwick_node-3] [INFO] [1770704108.632097541] [imu_filter]: Parameter RLController.pid_ki_lin set to 0.000000
[imu_filter_madgwick_node-3] [INFO] [1770704108.632214312] [imu_filter]: Parameter RLController.pid_kd_lin set to 0.020000
[imu_filter_madgwick_node-3] [INFO] [1770704108.632283177] [imu_filter]: Parameter RLController.pid_kp_ang set to 1.230000
[imu_filter_madgwick_node-3] [INFO] [1770704108.632339403] [imu_filter]: Parameter RLController.pid_ki_ang set to 0.000000
[imu_filter_madgwick_node-3] [INFO] [1770704108.632393036] [imu_filter]: Parameter RLController.pid_kd_ang set to 0.100000
[imu_filter_madgwick_node-3] [INFO] [1770704109.058439353] [imu_filter]: Parameter RLController.pid_kp_lin set to 1.202327
[imu_filter_madgwick_node-3] [INFO] [1770704109.058689246] [imu_filter]: Parameter RLController.pid_ki_lin set to 0.000000
[imu_filter_madgwick_node-3] [INFO] [1770704109.058765216] [imu_filter]: Parameter RLController.pid_kd_lin set to 0.020000
[imu_filter_madgwick_node-3] [INFO] [1770704109.058930116] [imu_filter]: Parameter RLController.pid_kp_ang set to 1.230000
[imu_filter_madgwick_node-3] [INFO] [1770704109.059029510] [imu_filter]: Parameter RLController.pid_ki_ang set to 0.000000
[imu_filter_madgwick_node-3] [INFO] [1770704109.059218123] [imu_filter]: Parameter RLController.pid_kd_ang set to 0.100000
[imu_filter_madgwick_node-3] [INFO] [1770704109.478958469] [imu_filter]: Parameter RLController.pid_kp_lin set to 1.202327
[imu_filter_madgwick_node-3] [INFO] [1770704109.479160650] [imu_filter]: Parameter RLController.pid_ki_lin set to 0.000000
[imu_filter_madgwick_node-3] [INFO] [1770704109.479227979] [imu_filter]: Parameter RLController.pid_kd_lin set to 0.020000
[imu_filter_madgwick_node-3] [INFO] [1770704109.479294157] [imu_filter]: Parameter RLController.pid_kp_ang set to 1.230000
[imu_filter_madgwick_node-3] [INFO] [1770704109.479353390] [imu_filter]: Parameter RLController.pid_ki_ang set to 0.000000
[imu_filter_madgwick_node-3] [INFO] [1770704109.479408368] [imu_filter]: Parameter RLController.pid_kd_ang set to 0.100000
[imu_filter_madgwick_node-3] [INFO] [1770704109.897285151] [imu_filter]: Parameter RLController.pid_kp_lin set to 1.202327
[imu_filter_madgwick_node-3] [INFO] [1770704109.903626386] [imu_filter]: Parameter RLController.pid_ki_lin set to 0.000000
[imu_filter_madgwick_node-3] [INFO] [1770704109.905672897] [imu_filter]: Parameter RLController.pid_kd_lin set to 0.020000
[imu_filter_madgwick_node-3] [INFO] [1770704109.913646331] [imu_filter]: Parameter RLController.pid_kp_ang set to 1.230000
[imu_filter_madgwick_node-3] [INFO] [1770704109.917043434] [imu_filter]: Parameter RLController.pid_ki_ang set to 0.000000
[imu_filter_madgwick_node-3] [INFO] [1770704109.918672816] [imu_filter]: Parameter RLController.pid_kd_ang set to 0.100000
[imu_filter_madgwick_node-3] [INFO] [1770704110.323263914] [imu_filter]: Parameter RLController.pid_kp_lin set to 1.202327
[imu_filter_madgwick_node-3] [INFO] [1770704110.323472431] [imu_filter]: Parameter RLController.pid_ki_lin set to 0.000000
[imu_filter_madgwick_node-3] [INFO] [1770704110.323596178] [imu_filter]: Parameter RLController.pid_kd_lin set to 0.020000
[imu_filter_madgwick_node-3] [INFO] [1770704110.323667731] [imu_filter]: Parameter RLController.pid_kp_ang set to 1.230000
[imu_filter_madgwick_node-3] [INFO] [1770704110.323723605] [imu_filter]: Parameter RLController.pid_ki_ang set to 0.000000
[imu_filter_madgwick_node-3] [INFO] [1770704110.323835127] [imu_filter]: Parameter RLController.pid_kd_ang set to 0.100000
[imu_filter_madgwick_node-3] [INFO] [1770704110.738283735] [imu_filter]: Parameter RLController.pid_kp_lin set to 1.202327
[imu_filter_madgwick_node-3] [INFO] [1770704110.740553899] [imu_filter]: Parameter RLController.pid_ki_lin set to 0.000000
[imu_filter_madgwick_node-3] [INFO] [1770704110.740730671] [imu_filter]: Parameter RLController.pid_kd_lin set to 0.020000
[imu_filter_madgwick_node-3] [INFO] [1770704110.740796721] [imu_filter]: Parameter RLController.pid_kp_ang set to 1.230000
[imu_filter_madgwick_node-3] [INFO] [1770704110.740854098] [imu_filter]: Parameter RLController.pid_ki_ang set to 0.000000
[imu_filter_madgwick_node-3] [INFO] [1770704110.740907283] [imu_filter]: Parameter RLController.pid_kd_ang set to 0.100000
[imu_filter_madgwick_node-3] [INFO] [1770704111.156261224] [imu_filter]: Parameter RLController.pid_kp_lin set to 1.202327
[imu_filter_madgwick_node-3] [INFO] [1770704111.159101482] [imu_filter]: Parameter RLController.pid_ki_lin set to 0.000000
[imu_filter_madgwick_node-3] [INFO] [1770704111.159279950] [imu_filter]: Parameter RLController.pid_kd_lin set to 0.020000
[imu_filter_madgwick_node-3] [INFO] [1770704111.159462130] [imu_filter]: Parameter RLController.pid_kp_ang set to 1.230000
[imu_filter_madgwick_node-3] [INFO] [1770704111.159648183] [imu_filter]: Parameter RLController.pid_ki_ang set to 0.000000
[imu_filter_madgwick_node-3] [INFO] [1770704111.159714904] [imu_filter]: Parameter RLController.pid_kd_ang set to 0.100000
[imu_filter_madgwick_node-3] [INFO] [1770704111.571163058] [imu_filter]: Parameter RLController.pid_kp_lin set to 1.202327
[imu_filter_madgwick_node-3] [INFO] [1770704111.571364054] [imu_filter]: Parameter RLController.pid_ki_lin set to 0.000000
[imu_filter_madgwick_node-3] [INFO] [1770704111.571431608] [imu_filter]: Parameter RLController.pid_kd_lin set to 0.020000
[imu_filter_madgwick_node-3] [INFO] [1770704111.571490809] [imu_filter]: Parameter RLController.pid_kp_ang set to 1.230000
[imu_filter_madgwick_node-3] [INFO] [1770704111.571544539] [imu_filter]: Parameter RLController.pid_ki_ang set to 0.000000
[imu_filter_madgwick_node-3] [INFO] [1770704111.571597724] [imu_filter]: Parameter RLController.pid_kd_ang set to 0.100000
[imu_filter_madgwick_node-3] [INFO] [1770704111.993282755] [imu_filter]: Parameter RLController.pid_kp_lin set to 1.202327
[imu_filter_madgwick_node-3] [INFO] [1770704111.993532201] [imu_filter]: Parameter RLController.pid_ki_lin set to 0.000000
[imu_filter_madgwick_node-3] [INFO] [1770704111.993621931] [imu_filter]: Parameter RLController.pid_kd_lin set to 0.020000
[imu_filter_madgwick_node-3] [INFO] [1770704111.993742254] [imu_filter]: Parameter RLController.pid_kp_ang set to 1.230000
[imu_filter_madgwick_node-3] [INFO] [1770704111.993808080] [imu_filter]: Parameter RLController.pid_ki_ang set to 0.000000
[imu_filter_madgwick_node-3] [INFO] [1770704111.997378819] [imu_filter]: Parameter RLController.pid_kd_ang set to 0.100000
[imu_filter_madgwick_node-3] [INFO] [1770704112.401157610] [imu_filter]: Parameter RLController.pid_kp_lin set to 1.202327
[imu_filter_madgwick_node-3] [INFO] [1770704112.409281799] [imu_filter]: Parameter RLController.pid_ki_lin set to 0.000000
[imu_filter_madgwick_node-3] [INFO] [1770704112.409472395] [imu_filter]: Parameter RLController.pid_kd_lin set to 0.020000
[imu_filter_madgwick_node-3] [INFO] [1770704112.409545005] [imu_filter]: Parameter RLController.pid_kp_ang set to 1.230000
[imu_filter_madgwick_node-3] [INFO] [1770704112.409603086] [imu_filter]: Parameter RLController.pid_ki_ang set to 0.000000
[imu_filter_madgwick_node-3] [INFO] [1770704112.409656272] [imu_filter]: Parameter RLController.pid_kd_ang set to 0.100000
[imu_filter_madgwick_node-3] [INFO] [1770704112.814435854] [imu_filter]: Parameter RLController.pid_kp_lin set to 1.202327
[imu_filter_madgwick_node-3] [INFO] [1770704112.814640659] [imu_filter]: Parameter RLController.pid_ki_lin set to 0.000000
[imu_filter_madgwick_node-3] [INFO] [1770704112.814705716] [imu_filter]: Parameter RLController.pid_kd_lin set to 0.020000
[imu_filter_madgwick_node-3] [INFO] [1770704112.814759862] [imu_filter]: Parameter RLController.pid_kp_ang set to 1.230000
[imu_filter_madgwick_node-3] [INFO] [1770704112.814810007] [imu_filter]: Parameter RLController.pid_ki_ang set to 0.000000
[imu_filter_madgwick_node-3] [INFO] [1770704112.814860152] [imu_filter]: Parameter RLController.pid_kd_ang set to 0.100000
[imu_filter_madgwick_node-3] [INFO] [1770704113.229288791] [imu_filter]: Parameter RLController.pid_kp_lin set to 1.202327
[imu_filter_madgwick_node-3] [INFO] [1770704113.229488348] [imu_filter]: Parameter RLController.pid_ki_lin set to 0.000000
[imu_filter_madgwick_node-3] [INFO] [1770704113.229554877] [imu_filter]: Parameter RLController.pid_kd_lin set to 0.020000
[imu_filter_madgwick_node-3] [INFO] [1770704113.229617183] [imu_filter]: Parameter RLController.pid_kp_ang set to 1.230000
[imu_filter_madgwick_node-3] [INFO] [1770704113.229670272] [imu_filter]: Parameter RLController.pid_ki_ang set to 0.000000
[imu_filter_madgwick_node-3] [INFO] [1770704113.229723105] [imu_filter]: Parameter RLController.pid_kd_ang set to 0.100000
[imu_filter_madgwick_node-3] [INFO] [1770704113.643363918] [imu_filter]: Parameter RLController.pid_kp_lin set to 1.202327
[imu_filter_madgwick_node-3] [INFO] [1770704113.645212473] [imu_filter]: Parameter RLController.pid_ki_lin set to 0.000000
[imu_filter_madgwick_node-3] [INFO] [1770704113.645392349] [imu_filter]: Parameter RLController.pid_kd_lin set to 0.020000
[imu_filter_madgwick_node-3] [INFO] [1770704113.645470879] [imu_filter]: Parameter RLController.pid_kp_ang set to 1.230000
[imu_filter_madgwick_node-3] [INFO] [1770704113.645526112] [imu_filter]: Parameter RLController.pid_ki_ang set to 0.000000
[imu_filter_madgwick_node-3] [INFO] [1770704113.648347553] [imu_filter]: Parameter RLController.pid_kd_ang set to 0.100000
[imu_filter_madgwick_node-3] [INFO] [1770704114.066336275] [imu_filter]: Parameter RLController.pid_kp_lin set to 1.202327
[imu_filter_madgwick_node-3] [INFO] [1770704114.066585529] [imu_filter]: Parameter RLController.pid_ki_lin set to 0.000000
[imu_filter_madgwick_node-3] [INFO] [1770704114.066662587] [imu_filter]: Parameter RLController.pid_kd_lin set to 0.020000
[imu_filter_madgwick_node-3] [INFO] [1770704114.066724700] [imu_filter]: Parameter RLController.pid_kp_ang set to 1.230000
[imu_filter_madgwick_node-3] [INFO] [1770704114.066780925] [imu_filter]: Parameter RLController.pid_ki_ang set to 0.000000
[imu_filter_madgwick_node-3] [INFO] [1770704114.067194183] [imu_filter]: Parameter RLController.pid_kd_ang set to 0.100000
[imu_filter_madgwick_node-3] [INFO] [1770704114.482779105] [imu_filter]: Parameter RLController.pid_kp_lin set to 1.202327
[imu_filter_madgwick_node-3] [INFO] [1770704114.482998470] [imu_filter]: Parameter RLController.pid_ki_lin set to 0.000000
[imu_filter_madgwick_node-3] [INFO] [1770704114.483067559] [imu_filter]: Parameter RLController.pid_kd_lin set to 0.020000
[imu_filter_madgwick_node-3] [INFO] [1770704114.483126249] [imu_filter]: Parameter RLController.pid_kp_ang set to 1.230000
[imu_filter_madgwick_node-3] [INFO] [1770704114.483180458] [imu_filter]: Parameter RLController.pid_ki_ang set to 0.000000
[imu_filter_madgwick_node-3] [INFO] [1770704114.483234987] [imu_filter]: Parameter RLController.pid_kd_ang set to 0.100000
[imu_filter_madgwick_node-3] [INFO] [1770704114.893810961] [imu_filter]: Parameter RLController.pid_kp_lin set to 1.202327
[imu_filter_madgwick_node-3] [INFO] [1770704114.894134232] [imu_filter]: Parameter RLController.pid_ki_lin set to 0.000000
[imu_filter_madgwick_node-3] [INFO] [1770704114.894213530] [imu_filter]: Parameter RLController.pid_kd_lin set to 0.020000
[imu_filter_madgwick_node-3] [INFO] [1770704114.894272123] [imu_filter]: Parameter RLController.pid_kp_ang set to 1.230000
[imu_filter_madgwick_node-3] [INFO] [1770704114.894324861] [imu_filter]: Parameter RLController.pid_ki_ang set to 0.000000
[imu_filter_madgwick_node-3] [INFO] [1770704114.894375486] [imu_filter]: Parameter RLController.pid_kd_ang set to 0.100000
[imu_filter_madgwick_node-3] [INFO] [1770704115.313176130] [imu_filter]: Parameter RLController.pid_kp_lin set to 1.202327
[imu_filter_madgwick_node-3] [INFO] [1770704115.313561643] [imu_filter]: Parameter RLController.pid_ki_lin set to 0.000000
[imu_filter_madgwick_node-3] [INFO] [1770704115.313646285] [imu_filter]: Parameter RLController.pid_kd_lin set to 0.020000
[imu_filter_madgwick_node-3] [INFO] [1770704115.313709199] [imu_filter]: Parameter RLController.pid_kp_ang set to 1.230000
[imu_filter_madgwick_node-3] [INFO] [1770704115.313765904] [imu_filter]: Parameter RLController.pid_ki_ang set to 0.000000
[imu_filter_madgwick_node-3] [INFO] [1770704115.313818385] [imu_filter]: Parameter RLController.pid_kd_ang set to 0.100000
[imu_filter_madgwick_node-3] [INFO] [1770704115.729405963] [imu_filter]: Parameter RLController.pid_kp_lin set to 1.202327
[imu_filter_madgwick_node-3] [INFO] [1770704115.734863786] [imu_filter]: Parameter RLController.pid_ki_lin set to 0.000000
[imu_filter_madgwick_node-3] [INFO] [1770704115.736011589] [imu_filter]: Parameter RLController.pid_kd_lin set to 0.020000
[imu_filter_madgwick_node-3] [INFO] [1770704115.736247114] [imu_filter]: Parameter RLController.pid_kp_ang set to 1.230000
[imu_filter_madgwick_node-3] [INFO] [1770704115.736388845] [imu_filter]: Parameter RLController.pid_ki_ang set to 0.000000
[imu_filter_madgwick_node-3] [INFO] [1770704115.736458159] [imu_filter]: Parameter RLController.pid_kd_ang set to 0.100000
[imu_filter_madgwick_node-3] [INFO] [1770704116.160913879] [imu_filter]: Parameter RLController.pid_kp_lin set to 1.202327
[imu_filter_madgwick_node-3] [INFO] [1770704116.161113916] [imu_filter]: Parameter RLController.pid_ki_lin set to 0.000000
[imu_filter_madgwick_node-3] [INFO] [1770704116.165986605] [imu_filter]: Parameter RLController.pid_kd_lin set to 0.020000
[imu_filter_madgwick_node-3] [INFO] [1770704116.166184241] [imu_filter]: Parameter RLController.pid_kp_ang set to 1.230000
[imu_filter_madgwick_node-3] [INFO] [1770704116.166252499] [imu_filter]: Parameter RLController.pid_ki_ang set to 0.000000
[imu_filter_madgwick_node-3] [INFO] [1770704116.166310964] [imu_filter]: Parameter RLController.pid_kd_ang set to 0.100000
[imu_filter_madgwick_node-3] [INFO] [1770704116.583022376] [imu_filter]: Parameter RLController.pid_kp_lin set to 1.202327
[imu_filter_madgwick_node-3] [INFO] [1770704116.583225613] [imu_filter]: Parameter RLController.pid_ki_lin set to 0.000000
[imu_filter_madgwick_node-3] [INFO] [1770704116.583305999] [imu_filter]: Parameter RLController.pid_kd_lin set to 0.020000
[imu_filter_madgwick_node-3] [INFO] [1770704116.583367792] [imu_filter]: Parameter RLController.pid_kp_ang set to 1.230000
[imu_filter_madgwick_node-3] [INFO] [1770704116.583421938] [imu_filter]: Parameter RLController.pid_ki_ang set to 0.000000
[imu_filter_madgwick_node-3] [INFO] [1770704116.583474067] [imu_filter]: Parameter RLController.pid_kd_ang set to 0.100000
[imu_filter_madgwick_node-3] [INFO] [1770704116.998191544] [imu_filter]: Parameter RLController.pid_kp_lin set to 1.202327
[imu_filter_madgwick_node-3] [INFO] [1770704116.998418750] [imu_filter]: Parameter RLController.pid_ki_lin set to 0.000000
[imu_filter_madgwick_node-3] [INFO] [1770704116.998554145] [imu_filter]: Parameter RLController.pid_kd_lin set to 0.020000
[imu_filter_madgwick_node-3] [INFO] [1770704116.998628771] [imu_filter]: Parameter RLController.pid_kp_ang set to 1.230000
[imu_filter_madgwick_node-3] [INFO] [1770704116.998691300] [imu_filter]: Parameter RLController.pid_ki_ang set to 0.000000
[imu_filter_madgwick_node-3] [INFO] [1770704116.998747333] [imu_filter]: Parameter RLController.pid_kd_ang set to 0.100000
[imu_filter_madgwick_node-3] [INFO] [1770704117.412923838] [imu_filter]: Parameter RLController.pid_kp_lin set to 1.202327
[imu_filter_madgwick_node-3] [INFO] [1770704117.413268646] [imu_filter]: Parameter RLController.pid_ki_lin set to 0.000000
[imu_filter_madgwick_node-3] [INFO] [1770704117.413351016] [imu_filter]: Parameter RLController.pid_kd_lin set to 0.020000
[imu_filter_madgwick_node-3] [INFO] [1770704117.413414890] [imu_filter]: Parameter RLController.pid_kp_ang set to 1.230000
[imu_filter_madgwick_node-3] [INFO] [1770704117.413470987] [imu_filter]: Parameter RLController.pid_ki_ang set to 0.000000
[imu_filter_madgwick_node-3] [INFO] [1770704117.413524012] [imu_filter]: Parameter RLController.pid_kd_ang set to 0.100000
[imu_filter_madgwick_node-3] [INFO] [1770704117.839401237] [imu_filter]: Parameter RLController.pid_kp_lin set to 1.202327
[imu_filter_madgwick_node-3] [INFO] [1770704117.839695932] [imu_filter]: Parameter RLController.pid_ki_lin set to 0.000000
[imu_filter_madgwick_node-3] [INFO] [1770704117.839820351] [imu_filter]: Parameter RLController.pid_kd_lin set to 0.020000
[imu_filter_madgwick_node-3] [INFO] [1770704117.839918881] [imu_filter]: Parameter RLController.pid_kp_ang set to 1.230000
[imu_filter_madgwick_node-3] [INFO] [1770704117.840016068] [imu_filter]: Parameter RLController.pid_ki_ang set to 0.000000
[imu_filter_madgwick_node-3] [INFO] [1770704117.840109030] [imu_filter]: Parameter RLController.pid_kd_ang set to 0.100000
[imu_filter_madgwick_node-3] [INFO] [1770704118.248138288] [imu_filter]: Parameter RLController.pid_kp_lin set to 1.202327
[imu_filter_madgwick_node-3] [INFO] [1770704118.248411478] [imu_filter]: Parameter RLController.pid_ki_lin set to 0.000000
[imu_filter_madgwick_node-3] [INFO] [1770704118.248483512] [imu_filter]: Parameter RLController.pid_kd_lin set to 0.020000
[imu_filter_madgwick_node-3] [INFO] [1770704118.248543865] [imu_filter]: Parameter RLController.pid_kp_ang set to 1.230000
[imu_filter_madgwick_node-3] [INFO] [1770704118.248598331] [imu_filter]: Parameter RLController.pid_ki_ang set to 0.000000
[imu_filter_madgwick_node-3] [INFO] [1770704118.248651100] [imu_filter]: Parameter RLController.pid_kd_ang set to 0.100000
[imu_filter_madgwick_node-3] [INFO] [1770704118.659841871] [imu_filter]: Parameter RLController.pid_kp_lin set to 1.202327
[imu_filter_madgwick_node-3] [INFO] [1770704118.660152119] [imu_filter]: Parameter RLController.pid_ki_lin set to 0.000000
[imu_filter_madgwick_node-3] [INFO] [1770704118.660265017] [imu_filter]: Parameter RLController.pid_kd_lin set to 0.020000
[imu_filter_madgwick_node-3] [INFO] [1770704118.660331483] [imu_filter]: Parameter RLController.pid_kp_ang set to 1.230000
[imu_filter_madgwick_node-3] [INFO] [1770704118.660385180] [imu_filter]: Parameter RLController.pid_ki_ang set to 0.000000
[imu_filter_madgwick_node-3] [INFO] [1770704118.660436605] [imu_filter]: Parameter RLController.pid_kd_ang set to 0.100000
[imu_filter_madgwick_node-3] [INFO] [1770704119.080162167] [imu_filter]: Parameter RLController.pid_kp_lin set to 1.202327
[imu_filter_madgwick_node-3] [INFO] [1770704119.080399805] [imu_filter]: Parameter RLController.pid_ki_lin set to 0.000000
[imu_filter_madgwick_node-3] [INFO] [1770704119.080469438] [imu_filter]: Parameter RLController.pid_kd_lin set to 0.020000
[imu_filter_madgwick_node-3] [INFO] [1770704119.080526976] [imu_filter]: Parameter RLController.pid_kp_ang set to 1.230000
[imu_filter_madgwick_node-3] [INFO] [1770704119.080579265] [imu_filter]: Parameter RLController.pid_ki_ang set to 0.000000
[imu_filter_madgwick_node-3] [INFO] [1770704119.087365215] [imu_filter]: Parameter RLController.pid_kd_ang set to 0.100000
[imu_filter_madgwick_node-3] [INFO] [1770704119.493960872] [imu_filter]: Parameter RLController.pid_kp_lin set to 1.202327
[imu_filter_madgwick_node-3] [INFO] [1770704119.494252494] [imu_filter]: Parameter RLController.pid_ki_lin set to 0.000000
[imu_filter_madgwick_node-3] [INFO] [1770704119.494333648] [imu_filter]: Parameter RLController.pid_kd_lin set to 0.020000
[imu_filter_madgwick_node-3] [INFO] [1770704119.494393618] [imu_filter]: Parameter RLController.pid_kp_ang set to 1.230000
[imu_filter_madgwick_node-3] [INFO] [1770704119.494448179] [imu_filter]: Parameter RLController.pid_ki_ang set to 0.000000
[imu_filter_madgwick_node-3] [INFO] [1770704119.494500756] [imu_filter]: Parameter RLController.pid_kd_ang set to 0.100000
[imu_filter_madgwick_node-3] [INFO] [1770704119.907924348] [imu_filter]: Parameter RLController.pid_kp_lin set to 1.202327
[imu_filter_madgwick_node-3] [INFO] [1770704119.908112608] [imu_filter]: Parameter RLController.pid_ki_lin set to 0.000000
[imu_filter_madgwick_node-3] [INFO] [1770704119.908204226] [imu_filter]: Parameter RLController.pid_kd_lin set to 0.020000
[imu_filter_madgwick_node-3] [INFO] [1770704119.908277572] [imu_filter]: Parameter RLController.pid_kp_ang set to 1.230000
[imu_filter_madgwick_node-3] [INFO] [1770704119.908335845] [imu_filter]: Parameter RLController.pid_ki_ang set to 0.000000
[imu_filter_madgwick_node-3] [INFO] [1770704119.908448040] [imu_filter]: Parameter RLController.pid_kd_ang set to 0.100000
[imu_filter_madgwick_node-3] [INFO] [1770704120.323463924] [imu_filter]: Parameter RLController.pid_kp_lin set to 1.202327
[imu_filter_madgwick_node-3] [INFO] [1770704120.323697786] [imu_filter]: Parameter RLController.pid_ki_lin set to 0.000000
[imu_filter_madgwick_node-3] [INFO] [1770704120.326265141] [imu_filter]: Parameter RLController.pid_kd_lin set to 0.020000
[imu_filter_madgwick_node-3] [INFO] [1770704120.326594461] [imu_filter]: Parameter RLController.pid_kp_ang set to 1.230000
[imu_filter_madgwick_node-3] [INFO] [1770704120.326678495] [imu_filter]: Parameter RLController.pid_ki_ang set to 0.000000
[imu_filter_madgwick_node-3] [INFO] [1770704120.326740608] [imu_filter]: Parameter RLController.pid_kd_ang set to 0.100000
[imu_filter_madgwick_node-3] [INFO] [1770704120.739689117] [imu_filter]: Parameter RLController.pid_kp_lin set to 1.202327
[imu_filter_madgwick_node-3] [INFO] [1770704120.739883041] [imu_filter]: Parameter RLController.pid_ki_lin set to 0.000000
[imu_filter_madgwick_node-3] [INFO] [1770704120.739949987] [imu_filter]: Parameter RLController.pid_kd_lin set to 0.020000
[imu_filter_madgwick_node-3] [INFO] [1770704120.740010916] [imu_filter]: Parameter RLController.pid_kp_ang set to 1.230000
[imu_filter_madgwick_node-3] [INFO] [1770704120.740060390] [imu_filter]: Parameter RLController.pid_ki_ang set to 0.000000
[imu_filter_madgwick_node-3] [INFO] [1770704120.740411054] [imu_filter]: Parameter RLController.pid_kd_ang set to 0.100000
[imu_filter_madgwick_node-3] [INFO] [1770704121.158155322] [imu_filter]: Parameter RLController.pid_kp_lin set to 1.202327
[imu_filter_madgwick_node-3] [INFO] [1770704121.163132749] [imu_filter]: Parameter RLController.pid_ki_lin set to 0.000000
[imu_filter_madgwick_node-3] [INFO] [1770704121.163467125] [imu_filter]: Parameter RLController.pid_kd_lin set to 0.020000
[imu_filter_madgwick_node-3] [INFO] [1770704121.163549367] [imu_filter]: Parameter RLController.pid_kp_ang set to 1.230000
[imu_filter_madgwick_node-3] [INFO] [1770704121.163656698] [imu_filter]: Parameter RLController.pid_ki_ang set to 0.000000
[imu_filter_madgwick_node-3] [INFO] [1770704121.163719963] [imu_filter]: Parameter RLController.pid_kd_ang set to 0.100000
[imu_filter_madgwick_node-3] [INFO] [1770704121.584649329] [imu_filter]: Parameter RLController.pid_kp_lin set to 1.202327
[imu_filter_madgwick_node-3] [INFO] [1770704121.585017082] [imu_filter]: Parameter RLController.pid_ki_lin set to 0.000000
[imu_filter_madgwick_node-3] [INFO] [1770704121.585096187] [imu_filter]: Parameter RLController.pid_kd_lin set to 0.020000
[imu_filter_madgwick_node-3] [INFO] [1770704121.585159389] [imu_filter]: Parameter RLController.pid_kp_ang set to 1.230000
[imu_filter_madgwick_node-3] [INFO] [1770704121.587972158] [imu_filter]: Parameter RLController.pid_ki_ang set to 0.000000
[imu_filter_madgwick_node-3] [INFO] [1770704121.588351719] [imu_filter]: Parameter RLController.pid_kd_ang set to 0.100000
[imu_filter_madgwick_node-3] [INFO] [1770704122.002829383] [imu_filter]: Parameter RLController.pid_kp_lin set to 1.202327
[imu_filter_madgwick_node-3] [INFO] [1770704122.003069549] [imu_filter]: Parameter RLController.pid_ki_lin set to 0.000000
[imu_filter_madgwick_node-3] [INFO] [1770704122.003287570] [imu_filter]: Parameter RLController.pid_kd_lin set to 0.020000
[imu_filter_madgwick_node-3] [INFO] [1770704122.003392404] [imu_filter]: Parameter RLController.pid_kp_ang set to 1.230000
[imu_filter_madgwick_node-3] [INFO] [1770704122.003458038] [imu_filter]: Parameter RLController.pid_ki_ang set to 0.000000
[imu_filter_madgwick_node-3] [INFO] [1770704122.003515863] [imu_filter]: Parameter RLController.pid_kd_ang set to 0.100000
[imu_filter_madgwick_node-3] [INFO] [1770704122.441855682] [imu_filter]: Parameter RLController.pid_kp_lin set to 1.202327
[imu_filter_madgwick_node-3] [INFO] [1770704122.442153864] [imu_filter]: Parameter RLController.pid_ki_lin set to 0.000000
[imu_filter_madgwick_node-3] [INFO] [1770704122.442243947] [imu_filter]: Parameter RLController.pid_kd_lin set to 0.020000
[imu_filter_madgwick_node-3] [INFO] [1770704122.442304588] [imu_filter]: Parameter RLController.pid_kp_ang set to 1.230000
[imu_filter_madgwick_node-3] [INFO] [1770704122.442357709] [imu_filter]: Parameter RLController.pid_ki_ang set to 0.000000
[imu_filter_madgwick_node-3] [INFO] [1770704122.442411790] [imu_filter]: Parameter RLController.pid_kd_ang set to 0.100000
[imu_filter_madgwick_node-3] [INFO] [1770704122.849490819] [imu_filter]: Parameter RLController.pid_kp_lin set to 1.202327
[imu_filter_madgwick_node-3] [INFO] [1770704122.849797834] [imu_filter]: Parameter RLController.pid_ki_lin set to 0.000000
[imu_filter_madgwick_node-3] [INFO] [1770704122.849885580] [imu_filter]: Parameter RLController.pid_kd_lin set to 0.020000
[imu_filter_madgwick_node-3] [INFO] [1770704122.849946989] [imu_filter]: Parameter RLController.pid_kp_ang set to 1.230000
[imu_filter_madgwick_node-3] [INFO] [1770704122.850002158] [imu_filter]: Parameter RLController.pid_ki_ang set to 0.000000
[imu_filter_madgwick_node-3] [INFO] [1770704122.850057488] [imu_filter]: Parameter RLController.pid_kd_ang set to 0.100000
[imu_filter_madgwick_node-3] [INFO] [1770704123.257204997] [imu_filter]: Parameter RLController.pid_kp_lin set to 1.202327
[imu_filter_madgwick_node-3] [INFO] [1770704123.257492524] [imu_filter]: Parameter RLController.pid_ki_lin set to 0.000000
[imu_filter_madgwick_node-3] [INFO] [1770704123.257572654] [imu_filter]: Parameter RLController.pid_kd_lin set to 0.020000
[imu_filter_madgwick_node-3] [INFO] [1770704123.257768115] [imu_filter]: Parameter RLController.pid_kp_ang set to 1.230000
[imu_filter_madgwick_node-3] [INFO] [1770704123.257913014] [imu_filter]: Parameter RLController.pid_ki_ang set to 0.000000
[imu_filter_madgwick_node-3] [INFO] [1770704123.257978071] [imu_filter]: Parameter RLController.pid_kd_ang set to 0.100000
[imu_filter_madgwick_node-3] [INFO] [1770704123.682309180] [imu_filter]: Parameter RLController.pid_kp_lin set to 1.202327
[imu_filter_madgwick_node-3] [INFO] [1770704123.682510817] [imu_filter]: Parameter RLController.pid_ki_lin set to 0.000000
[imu_filter_madgwick_node-3] [INFO] [1770704123.682580323] [imu_filter]: Parameter RLController.pid_kd_lin set to 0.020000
[imu_filter_madgwick_node-3] [INFO] [1770704123.682641028] [imu_filter]: Parameter RLController.pid_kp_ang set to 1.230000
[imu_filter_madgwick_node-3] [INFO] [1770704123.682697093] [imu_filter]: Parameter RLController.pid_ki_ang set to 0.000000
[imu_filter_madgwick_node-3] [INFO] [1770704123.682750951] [imu_filter]: Parameter RLController.pid_kd_ang set to 0.100000
[imu_filter_madgwick_node-3] [INFO] [1770704124.094852496] [imu_filter]: Parameter RLController.pid_kp_lin set to 1.202327
[imu_filter_madgwick_node-3] [INFO] [1770704124.095185975] [imu_filter]: Parameter RLController.pid_ki_lin set to 0.000000
[imu_filter_madgwick_node-3] [INFO] [1770704124.095279257] [imu_filter]: Parameter RLController.pid_kd_lin set to 0.020000
[imu_filter_madgwick_node-3] [INFO] [1770704124.095344731] [imu_filter]: Parameter RLController.pid_kp_ang set to 1.230000
[imu_filter_madgwick_node-3] [INFO] [1770704124.095402076] [imu_filter]: Parameter RLController.pid_ki_ang set to 0.000000
[imu_filter_madgwick_node-3] [INFO] [1770704124.095459742] [imu_filter]: Parameter RLController.pid_kd_ang set to 0.100000
[imu_filter_madgwick_node-3] [INFO] [1770704124.521239044] [imu_filter]: Parameter RLController.pid_kp_lin set to 1.202327
[imu_filter_madgwick_node-3] [INFO] [1770704124.521567852] [imu_filter]: Parameter RLController.pid_ki_lin set to 0.000000
[imu_filter_madgwick_node-3] [INFO] [1770704124.521645550] [imu_filter]: Parameter RLController.pid_kd_lin set to 0.020000
[imu_filter_madgwick_node-3] [INFO] [1770704124.521706863] [imu_filter]: Parameter RLController.pid_kp_ang set to 1.230000
[imu_filter_madgwick_node-3] [INFO] [1770704124.521763312] [imu_filter]: Parameter RLController.pid_ki_ang set to 0.000000
[imu_filter_madgwick_node-3] [INFO] [1770704124.521816722] [imu_filter]: Parameter RLController.pid_kd_ang set to 0.100000
[imu_filter_madgwick_node-3] [INFO] [1770704124.942949484] [imu_filter]: Parameter RLController.pid_kp_lin set to 1.202327
[imu_filter_madgwick_node-3] [INFO] [1770704124.943278836] [imu_filter]: Parameter RLController.pid_ki_lin set to 0.000000
[imu_filter_madgwick_node-3] [INFO] [1770704124.943378422] [imu_filter]: Parameter RLController.pid_kd_lin set to 0.020000
[imu_filter_madgwick_node-3] [INFO] [1770704124.943442456] [imu_filter]: Parameter RLController.pid_kp_ang set to 1.230000
[imu_filter_madgwick_node-3] [INFO] [1770704124.943498233] [imu_filter]: Parameter RLController.pid_ki_ang set to 0.000000
[imu_filter_madgwick_node-3] [INFO] [1770704124.943552122] [imu_filter]: Parameter RLController.pid_kd_ang set to 0.100000
[imu_filter_madgwick_node-3] [INFO] [1770704125.356060269] [imu_filter]: Parameter RLController.pid_kp_lin set to 1.202327
[imu_filter_madgwick_node-3] [INFO] [1770704125.356305746] [imu_filter]: Parameter RLController.pid_ki_lin set to 0.000000
[imu_filter_madgwick_node-3] [INFO] [1770704125.356383604] [imu_filter]: Parameter RLController.pid_kd_lin set to 0.020000
[imu_filter_madgwick_node-3] [INFO] [1770704125.359237943] [imu_filter]: Parameter RLController.pid_kp_ang set to 1.230000
[imu_filter_madgwick_node-3] [INFO] [1770704125.359537438] [imu_filter]: Parameter RLController.pid_ki_ang set to 0.000000
[imu_filter_madgwick_node-3] [INFO] [1770704125.359625056] [imu_filter]: Parameter RLController.pid_kd_ang set to 0.100053
[imu_filter_madgwick_node-3] [INFO] [1770704125.779449276] [imu_filter]: Parameter RLController.pid_kp_lin set to 1.202327
[imu_filter_madgwick_node-3] [INFO] [1770704125.780441203] [imu_filter]: Parameter RLController.pid_ki_lin set to 0.000000
[imu_filter_madgwick_node-3] [INFO] [1770704125.780708697] [imu_filter]: Parameter RLController.pid_kd_lin set to 0.020000
[imu_filter_madgwick_node-3] [INFO] [1770704125.780784251] [imu_filter]: Parameter RLController.pid_kp_ang set to 1.230000
[imu_filter_madgwick_node-3] [INFO] [1770704125.780840956] [imu_filter]: Parameter RLController.pid_ki_ang set to 0.000000
[imu_filter_madgwick_node-3] [INFO] [1770704125.780894109] [imu_filter]: Parameter RLController.pid_kd_ang set to 0.100111
[imu_filter_madgwick_node-3] [INFO] [1770704126.191016312] [imu_filter]: Parameter RLController.pid_kp_lin set to 1.202327
[imu_filter_madgwick_node-3] [INFO] [1770704126.191369952] [imu_filter]: Parameter RLController.pid_ki_lin set to 0.000000
[imu_filter_madgwick_node-3] [INFO] [1770704126.191444546] [imu_filter]: Parameter RLController.pid_kd_lin set to 0.020000
[imu_filter_madgwick_node-3] [INFO] [1770704126.191502884] [imu_filter]: Parameter RLController.pid_kp_ang set to 1.230000
[imu_filter_madgwick_node-3] [INFO] [1770704126.191557125] [imu_filter]: Parameter RLController.pid_ki_ang set to 0.000000
[imu_filter_madgwick_node-3] [INFO] [1770704126.191720585] [imu_filter]: Parameter RLController.pid_kd_ang set to 0.100156
[imu_filter_madgwick_node-3] [INFO] [1770704126.622913037] [imu_filter]: Parameter RLController.pid_kp_lin set to 1.202327
[imu_filter_madgwick_node-3] [INFO] [1770704126.623100881] [imu_filter]: Parameter RLController.pid_ki_lin set to 0.000000
[imu_filter_madgwick_node-3] [INFO] [1770704126.623171507] [imu_filter]: Parameter RLController.pid_kd_lin set to 0.020000
[imu_filter_madgwick_node-3] [INFO] [1770704126.623233685] [imu_filter]: Parameter RLController.pid_kp_ang set to 1.230000
[imu_filter_madgwick_node-3] [INFO] [1770704126.623288630] [imu_filter]: Parameter RLController.pid_ki_ang set to 0.000000
[imu_filter_madgwick_node-3] [INFO] [1770704126.623341335] [imu_filter]: Parameter RLController.pid_kd_ang set to 0.100156
[imu_filter_madgwick_node-3] [INFO] [1770704127.049392292] [imu_filter]: Parameter RLController.pid_kp_lin set to 1.202327
[imu_filter_madgwick_node-3] [INFO] [1770704127.054231540] [imu_filter]: Parameter RLController.pid_ki_lin set to 0.000000
[imu_filter_madgwick_node-3] [INFO] [1770704127.054557916] [imu_filter]: Parameter RLController.pid_kd_lin set to 0.020000
[imu_filter_madgwick_node-3] [INFO] [1770704127.054638686] [imu_filter]: Parameter RLController.pid_kp_ang set to 1.230000
[imu_filter_madgwick_node-3] [INFO] [1770704127.054696927] [imu_filter]: Parameter RLController.pid_ki_ang set to 0.000000
[imu_filter_madgwick_node-3] [INFO] [1770704127.054749440] [imu_filter]: Parameter RLController.pid_kd_ang set to 0.100156
[imu_filter_madgwick_node-3] [INFO] [1770704127.474671967] [imu_filter]: Parameter RLController.pid_kp_lin set to 1.202327
[imu_filter_madgwick_node-3] [INFO] [1770704127.482192238] [imu_filter]: Parameter RLController.pid_ki_lin set to 0.000000
[imu_filter_madgwick_node-3] [INFO] [1770704127.482404307] [imu_filter]: Parameter RLController.pid_kd_lin set to 0.020000
[imu_filter_madgwick_node-3] [INFO] [1770704127.482485557] [imu_filter]: Parameter RLController.pid_kp_ang set to 1.230000
[imu_filter_madgwick_node-3] [INFO] [1770704127.482549910] [imu_filter]: Parameter RLController.pid_ki_ang set to 0.000000
[imu_filter_madgwick_node-3] [INFO] [1770704127.482606903] [imu_filter]: Parameter RLController.pid_kd_ang set to 0.100156
[imu_filter_madgwick_node-3] [INFO] [1770704127.900371044] [imu_filter]: Parameter RLController.pid_kp_lin set to 1.202327
[imu_filter_madgwick_node-3] [INFO] [1770704127.900697707] [imu_filter]: Parameter RLController.pid_ki_lin set to 0.000000
[imu_filter_madgwick_node-3] [INFO] [1770704127.900778061] [imu_filter]: Parameter RLController.pid_kd_lin set to 0.020000
[imu_filter_madgwick_node-3] [INFO] [1770704127.900840431] [imu_filter]: Parameter RLController.pid_kp_ang set to 1.230000
[imu_filter_madgwick_node-3] [INFO] [1770704127.900892752] [imu_filter]: Parameter RLController.pid_ki_ang set to 0.000000
[imu_filter_madgwick_node-3] [INFO] [1770704127.900944785] [imu_filter]: Parameter RLController.pid_kd_ang set to 0.100156
[imu_filter_madgwick_node-3] [INFO] [1770704128.326593077] [imu_filter]: Parameter RLController.pid_kp_lin set to 1.202327
[imu_filter_madgwick_node-3] [INFO] [1770704128.326813818] [imu_filter]: Parameter RLController.pid_ki_lin set to 0.000000
[imu_filter_madgwick_node-3] [INFO] [1770704128.326886076] [imu_filter]: Parameter RLController.pid_kd_lin set to 0.020000
[imu_filter_madgwick_node-3] [INFO] [1770704128.327002846] [imu_filter]: Parameter RLController.pid_kp_ang set to 1.230000
[imu_filter_madgwick_node-3] [INFO] [1770704128.327082656] [imu_filter]: Parameter RLController.pid_ki_ang set to 0.000000
[imu_filter_madgwick_node-3] [INFO] [1770704128.327142754] [imu_filter]: Parameter RLController.pid_kd_ang set to 0.100156
[imu_filter_madgwick_node-3] [INFO] [1770704128.769213475] [imu_filter]: Parameter RLController.pid_kp_lin set to 1.202327
[imu_filter_madgwick_node-3] [INFO] [1770704128.769534922] [imu_filter]: Parameter RLController.pid_ki_lin set to 0.000000
[imu_filter_madgwick_node-3] [INFO] [1770704128.769613132] [imu_filter]: Parameter RLController.pid_kd_lin set to 0.020000
[imu_filter_madgwick_node-3] [INFO] [1770704128.769692686] [imu_filter]: Parameter RLController.pid_kp_ang set to 1.230000
[imu_filter_madgwick_node-3] [INFO] [1770704128.769751759] [imu_filter]: Parameter RLController.pid_ki_ang set to 0.000000
[imu_filter_madgwick_node-3] [INFO] [1770704128.770248507] [imu_filter]: Parameter RLController.pid_kd_ang set to 0.100156
[imu_filter_madgwick_node-3] [INFO] [1770704129.204683307] [imu_filter]: Parameter RLController.pid_kp_lin set to 1.202327
[imu_filter_madgwick_node-3] [INFO] [1770704129.208824683] [imu_filter]: Parameter RLController.pid_ki_lin set to 0.000000
[imu_filter_madgwick_node-3] [INFO] [1770704129.209026800] [imu_filter]: Parameter RLController.pid_kd_lin set to 0.020000
[imu_filter_madgwick_node-3] [INFO] [1770704129.209094321] [imu_filter]: Parameter RLController.pid_kp_ang set to 1.230000
[imu_filter_madgwick_node-3] [INFO] [1770704129.209151987] [imu_filter]: Parameter RLController.pid_ki_ang set to 0.000000
[imu_filter_madgwick_node-3] [INFO] [1770704129.209211316] [imu_filter]: Parameter RLController.pid_kd_ang set to 0.100156
[imu_filter_madgwick_node-3] [INFO] [1770704129.639217853] [imu_filter]: Parameter RLController.pid_kp_lin set to 1.202746
[imu_filter_madgwick_node-3] [INFO] [1770704129.639522884] [imu_filter]: Parameter RLController.pid_ki_lin set to 0.000000
[imu_filter_madgwick_node-3] [INFO] [1770704129.639629798] [imu_filter]: Parameter RLController.pid_kd_lin set to 0.020000
[imu_filter_madgwick_node-3] [INFO] [1770704129.639716456] [imu_filter]: Parameter RLController.pid_kp_ang set to 1.230225
[imu_filter_madgwick_node-3] [INFO] [1770704129.639782602] [imu_filter]: Parameter RLController.pid_ki_ang set to 0.000000
[imu_filter_madgwick_node-3] [INFO] [1770704129.639837515] [imu_filter]: Parameter RLController.pid_kd_ang set to 0.100156
[imu_filter_madgwick_node-3] [INFO] [1770704130.061070088] [imu_filter]: Parameter RLController.pid_kp_lin set to 1.203286
[imu_filter_madgwick_node-3] [INFO] [1770704130.063575235] [imu_filter]: Parameter RLController.pid_ki_lin set to 0.000000
[imu_filter_madgwick_node-3] [INFO] [1770704130.063746086] [imu_filter]: Parameter RLController.pid_kd_lin set to 0.020000
[imu_filter_madgwick_node-3] [INFO] [1770704130.063814792] [imu_filter]: Parameter RLController.pid_kp_ang set to 1.230225
[imu_filter_madgwick_node-3] [INFO] [1770704130.063872073] [imu_filter]: Parameter RLController.pid_ki_ang set to 0.000000
[imu_filter_madgwick_node-3] [INFO] [1770704130.063925387] [imu_filter]: Parameter RLController.pid_kd_ang set to 0.100097
[imu_filter_madgwick_node-3] [INFO] [1770704130.486722668] [imu_filter]: Parameter RLController.pid_kp_lin set to 1.203826
[imu_filter_madgwick_node-3] [INFO] [1770704130.487075988] [imu_filter]: Parameter RLController.pid_ki_lin set to 0.000000
[imu_filter_madgwick_node-3] [INFO] [1770704130.487169494] [imu_filter]: Parameter RLController.pid_kd_lin set to 0.020000
[imu_filter_madgwick_node-3] [INFO] [1770704130.487233528] [imu_filter]: Parameter RLController.pid_kp_ang set to 1.230225
[imu_filter_madgwick_node-3] [INFO] [1770704130.487290073] [imu_filter]: Parameter RLController.pid_ki_ang set to 0.000000
[imu_filter_madgwick_node-3] [INFO] [1770704130.487343482] [imu_filter]: Parameter RLController.pid_kd_ang set to 0.100037
[imu_filter_madgwick_node-3] [INFO] [1770704130.906115006] [imu_filter]: Parameter RLController.pid_kp_lin set to 1.204366
[imu_filter_madgwick_node-3] [INFO] [1770704130.906321763] [imu_filter]: Parameter RLController.pid_ki_lin set to 0.000000
[imu_filter_madgwick_node-3] [INFO] [1770704130.906391653] [imu_filter]: Parameter RLController.pid_kd_lin set to 0.020000
[imu_filter_madgwick_node-3] [INFO] [1770704130.906450118] [imu_filter]: Parameter RLController.pid_kp_ang set to 1.230225
[imu_filter_madgwick_node-3] [INFO] [1770704130.906503879] [imu_filter]: Parameter RLController.pid_ki_ang set to 0.000000
[imu_filter_madgwick_node-3] [INFO] [1770704130.906609738] [imu_filter]: Parameter RLController.pid_kd_ang set to 0.099980
[imu_filter_madgwick_node-3] [INFO] [1770704131.320278007] [imu_filter]: Parameter RLController.pid_kp_lin set to 1.204906
[imu_filter_madgwick_node-3] [INFO] [1770704131.320497532] [imu_filter]: Parameter RLController.pid_ki_lin set to 0.000000
[imu_filter_madgwick_node-3] [INFO] [1770704131.320567550] [imu_filter]: Parameter RLController.pid_kd_lin set to 0.020000
[imu_filter_madgwick_node-3] [INFO] [1770704131.320629983] [imu_filter]: Parameter RLController.pid_kp_ang set to 1.230225
[imu_filter_madgwick_node-3] [INFO] [1770704131.320684672] [imu_filter]: Parameter RLController.pid_ki_ang set to 0.000000
[imu_filter_madgwick_node-3] [INFO] [1770704131.320737122] [imu_filter]: Parameter RLController.pid_kd_ang set to 0.099980
[imu_filter_madgwick_node-3] [INFO] [1770704131.730018633] [imu_filter]: Parameter RLController.pid_kp_lin set to 1.204906
[imu_filter_madgwick_node-3] [INFO] [1770704131.730218094] [imu_filter]: Parameter RLController.pid_ki_lin set to 0.000000
[imu_filter_madgwick_node-3] [INFO] [1770704131.730285391] [imu_filter]: Parameter RLController.pid_kd_lin set to 0.020000
[imu_filter_madgwick_node-3] [INFO] [1770704131.730342960] [imu_filter]: Parameter RLController.pid_kp_ang set to 1.229933
[imu_filter_madgwick_node-3] [INFO] [1770704131.730395634] [imu_filter]: Parameter RLController.pid_ki_ang set to 0.000000
[imu_filter_madgwick_node-3] [INFO] [1770704131.730445715] [imu_filter]: Parameter RLController.pid_kd_ang set to 0.099980
[imu_filter_madgwick_node-3] [INFO] [1770704132.145602819] [imu_filter]: Parameter RLController.pid_kp_lin set to 1.205097
[imu_filter_madgwick_node-3] [INFO] [1770704132.145827848] [imu_filter]: Parameter RLController.pid_ki_lin set to 0.000000
[imu_filter_madgwick_node-3] [INFO] [1770704132.145909066] [imu_filter]: Parameter RLController.pid_kd_lin set to 0.020000
[imu_filter_madgwick_node-3] [INFO] [1770704132.145972683] [imu_filter]: Parameter RLController.pid_kp_ang set to 1.230115
[imu_filter_madgwick_node-3] [INFO] [1770704132.146049389] [imu_filter]: Parameter RLController.pid_ki_ang set to 0.000000
[imu_filter_madgwick_node-3] [INFO] [1770704132.146102894] [imu_filter]: Parameter RLController.pid_kd_ang set to 0.099980
[imu_filter_madgwick_node-3] [INFO] [1770704132.571232070] [imu_filter]: Parameter RLController.pid_kp_lin set to 1.205097
[imu_filter_madgwick_node-3] [INFO] [1770704132.571582414] [imu_filter]: Parameter RLController.pid_ki_lin set to 0.000000
[imu_filter_madgwick_node-3] [INFO] [1770704132.571822964] [imu_filter]: Parameter RLController.pid_kd_lin set to 0.020000
[imu_filter_madgwick_node-3] [INFO] [1770704132.571894293] [imu_filter]: Parameter RLController.pid_kp_ang set to 1.229842
[imu_filter_madgwick_node-3] [INFO] [1770704132.571952183] [imu_filter]: Parameter RLController.pid_ki_ang set to 0.000000
[imu_filter_madgwick_node-3] [INFO] [1770704132.572004248] [imu_filter]: Parameter RLController.pid_kd_ang set to 0.099980
[imu_filter_madgwick_node-3] [INFO] [1770704132.990728635] [imu_filter]: Parameter RLController.pid_kp_lin set to 1.205097
[imu_filter_madgwick_node-3] [INFO] [1770704132.990914495] [imu_filter]: Parameter RLController.pid_ki_lin set to 0.000000
[imu_filter_madgwick_node-3] [INFO] [1770704132.991091171] [imu_filter]: Parameter RLController.pid_kd_lin set to 0.020000
[imu_filter_madgwick_node-3] [INFO] [1770704132.991160837] [imu_filter]: Parameter RLController.pid_kp_ang set to 1.230030
[imu_filter_madgwick_node-3] [INFO] [1770704132.991216390] [imu_filter]: Parameter RLController.pid_ki_ang set to 0.000000
[imu_filter_madgwick_node-3] [INFO] [1770704132.991270727] [imu_filter]: Parameter RLController.pid_kd_ang set to 0.099980
[imu_filter_madgwick_node-3] [INFO] [1770704133.406777535] [imu_filter]: Parameter RLController.pid_kp_lin set to 1.205423
[imu_filter_madgwick_node-3] [INFO] [1770704133.406989508] [imu_filter]: Parameter RLController.pid_ki_lin set to 0.000000
[imu_filter_madgwick_node-3] [INFO] [1770704133.407070310] [imu_filter]: Parameter RLController.pid_kd_lin set to 0.020000
[imu_filter_madgwick_node-3] [INFO] [1770704133.407140680] [imu_filter]: Parameter RLController.pid_kp_ang set to 1.230030
[imu_filter_madgwick_node-3] [INFO] [1770704133.407197737] [imu_filter]: Parameter RLController.pid_ki_ang set to 0.000000
[imu_filter_madgwick_node-3] [INFO] [1770704133.407251818] [imu_filter]: Parameter RLController.pid_kd_ang set to 0.099980
[imu_filter_madgwick_node-3] [INFO] [1770704133.822014001] [imu_filter]: Parameter RLController.pid_kp_lin set to 1.205423
[imu_filter_madgwick_node-3] [INFO] [1770704133.822206581] [imu_filter]: Parameter RLController.pid_ki_lin set to 0.000000
[imu_filter_madgwick_node-3] [INFO] [1770704133.822275703] [imu_filter]: Parameter RLController.pid_kd_lin set to 0.020000
[imu_filter_madgwick_node-3] [INFO] [1770704133.822335544] [imu_filter]: Parameter RLController.pid_kp_ang set to 1.230030
[imu_filter_madgwick_node-3] [INFO] [1770704133.822389786] [imu_filter]: Parameter RLController.pid_ki_ang set to 0.000000
[imu_filter_madgwick_node-3] [INFO] [1770704133.822442363] [imu_filter]: Parameter RLController.pid_kd_ang set to 0.099980
[imu_filter_madgwick_node-3] [INFO] [1770704134.244442122] [imu_filter]: Parameter RLController.pid_kp_lin set to 1.205423
[imu_filter_madgwick_node-3] [INFO] [1770704134.244656367] [imu_filter]: Parameter RLController.pid_ki_lin set to 0.000000
[imu_filter_madgwick_node-3] [INFO] [1770704134.244733968] [imu_filter]: Parameter RLController.pid_kd_lin set to 0.020000
[imu_filter_madgwick_node-3] [INFO] [1770704134.244799954] [imu_filter]: Parameter RLController.pid_kp_ang set to 1.230030
[imu_filter_madgwick_node-3] [INFO] [1770704134.244860403] [imu_filter]: Parameter RLController.pid_ki_ang set to 0.000000
[imu_filter_madgwick_node-3] [INFO] [1770704134.244916117] [imu_filter]: Parameter RLController.pid_kd_ang set to 0.099980
[imu_filter_madgwick_node-3] [INFO] [1770704134.653628847] [imu_filter]: Parameter RLController.pid_kp_lin set to 1.205423
[imu_filter_madgwick_node-3] [INFO] [1770704134.653882965] [imu_filter]: Parameter RLController.pid_ki_lin set to 0.000000
[imu_filter_madgwick_node-3] [INFO] [1770704134.653964310] [imu_filter]: Parameter RLController.pid_kd_lin set to 0.020000
[imu_filter_madgwick_node-3] [INFO] [1770704134.654081113] [imu_filter]: Parameter RLController.pid_kp_ang set to 1.230030
[imu_filter_madgwick_node-3] [INFO] [1770704134.654145691] [imu_filter]: Parameter RLController.pid_ki_ang set to 0.000000
[imu_filter_madgwick_node-3] [INFO] [1770704134.654200316] [imu_filter]: Parameter RLController.pid_kd_ang set to 0.099980
[imu_filter_madgwick_node-3] [INFO] [1770704135.070387300] [imu_filter]: Parameter RLController.pid_kp_lin set to 1.205423
[imu_filter_madgwick_node-3] [INFO] [1770704135.070606697] [imu_filter]: Parameter RLController.pid_ki_lin set to 0.000000
[imu_filter_madgwick_node-3] [INFO] [1770704135.070679435] [imu_filter]: Parameter RLController.pid_kd_lin set to 0.020000
[imu_filter_madgwick_node-3] [INFO] [1770704135.070741292] [imu_filter]: Parameter RLController.pid_kp_ang set to 1.230221
[imu_filter_madgwick_node-3] [INFO] [1770704135.070795245] [imu_filter]: Parameter RLController.pid_ki_ang set to 0.000000
[imu_filter_madgwick_node-3] [INFO] [1770704135.070847662] [imu_filter]: Parameter RLController.pid_kd_ang set to 0.099980
[imu_filter_madgwick_node-3] [INFO] [1770704135.484452282] [imu_filter]: Parameter RLController.pid_kp_lin set to 1.205706
[imu_filter_madgwick_node-3] [INFO] [1770704135.484654047] [imu_filter]: Parameter RLController.pid_ki_lin set to 0.000000
[imu_filter_madgwick_node-3] [INFO] [1770704135.484725921] [imu_filter]: Parameter RLController.pid_kd_lin set to 0.020000
[imu_filter_madgwick_node-3] [INFO] [1770704135.484788546] [imu_filter]: Parameter RLController.pid_kp_ang set to 1.230221
[imu_filter_madgwick_node-3] [INFO] [1770704135.484985767] [imu_filter]: Parameter RLController.pid_ki_ang set to 0.000000
[imu_filter_madgwick_node-3] [INFO] [1770704135.485061800] [imu_filter]: Parameter RLController.pid_kd_ang set to 0.099980
[imu_filter_madgwick_node-3] [INFO] [1770704135.898024293] [imu_filter]: Parameter RLController.pid_kp_lin set to 1.205706
[imu_filter_madgwick_node-3] [INFO] [1770704135.898218442] [imu_filter]: Parameter RLController.pid_ki_lin set to 0.000000
[imu_filter_madgwick_node-3] [INFO] [1770704135.898290251] [imu_filter]: Parameter RLController.pid_kd_lin set to 0.020000
[imu_filter_madgwick_node-3] [INFO] [1770704135.898352813] [imu_filter]: Parameter RLController.pid_kp_ang set to 1.230221
[imu_filter_madgwick_node-3] [INFO] [1770704135.898409646] [imu_filter]: Parameter RLController.pid_ki_ang set to 0.000000
[imu_filter_madgwick_node-3] [INFO] [1770704135.898465711] [imu_filter]: Parameter RLController.pid_kd_ang set to 0.099980
[imu_filter_madgwick_node-3] [INFO] [1770704136.308155136] [imu_filter]: Parameter RLController.pid_kp_lin set to 1.205706
[imu_filter_madgwick_node-3] [INFO] [1770704136.309074518] [imu_filter]: Parameter RLController.pid_ki_lin set to 0.000000
[imu_filter_madgwick_node-3] [INFO] [1770704136.309210105] [imu_filter]: Parameter RLController.pid_kd_lin set to 0.020000
[imu_filter_madgwick_node-3] [INFO] [1770704136.309281498] [imu_filter]: Parameter RLController.pid_kp_ang set to 1.230442
[imu_filter_madgwick_node-3] [INFO] [1770704136.309785862] [imu_filter]: Parameter RLController.pid_ki_ang set to 0.000000
[imu_filter_madgwick_node-3] [INFO] [1770704136.309894057] [imu_filter]: Parameter RLController.pid_kd_ang set to 0.099980
[imu_filter_madgwick_node-3] [INFO] [1770704136.731180583] [imu_filter]: Parameter RLController.pid_kp_lin set to 1.205706
[imu_filter_madgwick_node-3] [INFO] [1770704136.731490414] [imu_filter]: Parameter RLController.pid_ki_lin set to 0.000000
[imu_filter_madgwick_node-3] [INFO] [1770704136.731577872] [imu_filter]: Parameter RLController.pid_kd_lin set to 0.020000
[imu_filter_madgwick_node-3] [INFO] [1770704136.731638545] [imu_filter]: Parameter RLController.pid_kp_ang set to 1.230442
[imu_filter_madgwick_node-3] [INFO] [1770704136.731698227] [imu_filter]: Parameter RLController.pid_ki_ang set to 0.000000
[imu_filter_madgwick_node-3] [INFO] [1770704136.731754068] [imu_filter]: Parameter RLController.pid_kd_ang set to 0.099980
[imu_filter_madgwick_node-3] [INFO] [1770704137.157743008] [imu_filter]: Parameter RLController.pid_kp_lin set to 1.205706
[imu_filter_madgwick_node-3] [INFO] [1770704137.158072807] [imu_filter]: Parameter RLController.pid_ki_lin set to 0.000000
[imu_filter_madgwick_node-3] [INFO] [1770704137.158152009] [imu_filter]: Parameter RLController.pid_kd_lin set to 0.020000
[imu_filter_madgwick_node-3] [INFO] [1770704137.158211531] [imu_filter]: Parameter RLController.pid_kp_ang set to 1.230442
[imu_filter_madgwick_node-3] [INFO] [1770704137.158264396] [imu_filter]: Parameter RLController.pid_ki_ang set to 0.000000
[imu_filter_madgwick_node-3] [INFO] [1770704137.158315341] [imu_filter]: Parameter RLController.pid_kd_ang set to 0.099980
[imu_filter_madgwick_node-3] [INFO] [1770704137.571567057] [imu_filter]: Parameter RLController.pid_kp_lin set to 1.205706
[imu_filter_madgwick_node-3] [INFO] [1770704137.571866712] [imu_filter]: Parameter RLController.pid_ki_lin set to 0.000000
[imu_filter_madgwick_node-3] [INFO] [1770704137.571944057] [imu_filter]: Parameter RLController.pid_kd_lin set to 0.020000
[imu_filter_madgwick_node-3] [INFO] [1770704137.572016443] [imu_filter]: Parameter RLController.pid_kp_ang set to 1.230663
[imu_filter_madgwick_node-3] [INFO] [1770704137.572075388] [imu_filter]: Parameter RLController.pid_ki_ang set to 0.000000
[imu_filter_madgwick_node-3] [INFO] [1770704137.572129374] [imu_filter]: Parameter RLController.pid_kd_ang set to 0.099980
[imu_filter_madgwick_node-3] [INFO] [1770704137.994345650] [imu_filter]: Parameter RLController.pid_kp_lin set to 1.205706
[imu_filter_madgwick_node-3] [INFO] [1770704137.994543862] [imu_filter]: Parameter RLController.pid_ki_lin set to 0.000000
[imu_filter_madgwick_node-3] [INFO] [1770704137.994613304] [imu_filter]: Parameter RLController.pid_kd_lin set to 0.020000
[imu_filter_madgwick_node-3] [INFO] [1770704137.994670873] [imu_filter]: Parameter RLController.pid_kp_ang set to 1.230663
[imu_filter_madgwick_node-3] [INFO] [1770704137.994725338] [imu_filter]: Parameter RLController.pid_ki_ang set to 0.000000
[imu_filter_madgwick_node-3] [INFO] [1770704137.999784240] [imu_filter]: Parameter RLController.pid_kd_ang set to 0.099980
[imu_filter_madgwick_node-3] [INFO] [1770704138.423748652] [imu_filter]: Parameter RLController.pid_kp_lin set to 1.205706
[imu_filter_madgwick_node-3] [INFO] [1770704138.424016947] [imu_filter]: Parameter RLController.pid_ki_lin set to 0.000000
[imu_filter_madgwick_node-3] [INFO] [1770704138.424092308] [imu_filter]: Parameter RLController.pid_kd_lin set to 0.020000
[imu_filter_madgwick_node-3] [INFO] [1770704138.424153526] [imu_filter]: Parameter RLController.pid_kp_ang set to 1.230663
[imu_filter_madgwick_node-3] [INFO] [1770704138.424234392] [imu_filter]: Parameter RLController.pid_ki_ang set to 0.000000
[imu_filter_madgwick_node-3] [INFO] [1770704138.424408284] [imu_filter]: Parameter RLController.pid_kd_ang set to 0.099980
[imu_filter_madgwick_node-3] [INFO] [1770704138.836528741] [imu_filter]: Parameter RLController.pid_kp_lin set to 1.205938
[imu_filter_madgwick_node-3] [INFO] [1770704138.836752874] [imu_filter]: Parameter RLController.pid_ki_lin set to 0.000000
[imu_filter_madgwick_node-3] [INFO] [1770704138.836847116] [imu_filter]: Parameter RLController.pid_kd_lin set to 0.020000
[imu_filter_madgwick_node-3] [INFO] [1770704138.836910606] [imu_filter]: Parameter RLController.pid_kp_ang set to 1.230663
[imu_filter_madgwick_node-3] [INFO] [1770704138.836967791] [imu_filter]: Parameter RLController.pid_ki_ang set to 0.000000
[imu_filter_madgwick_node-3] [INFO] [1770704138.837021744] [imu_filter]: Parameter RLController.pid_kd_ang set to 0.099980
[imu_filter_madgwick_node-3] [INFO] [1770704139.258261038] [imu_filter]: Parameter RLController.pid_kp_lin set to 1.205938
[imu_filter_madgwick_node-3] [INFO] [1770704139.258480723] [imu_filter]: Parameter RLController.pid_ki_lin set to 0.000000
[imu_filter_madgwick_node-3] [INFO] [1770704139.258548308] [imu_filter]: Parameter RLController.pid_kd_lin set to 0.020000
[imu_filter_madgwick_node-3] [INFO] [1770704139.258612470] [imu_filter]: Parameter RLController.pid_kp_ang set to 1.230663
[imu_filter_madgwick_node-3] [INFO] [1770704139.258808090] [imu_filter]: Parameter RLController.pid_ki_ang set to 0.000000
[imu_filter_madgwick_node-3] [INFO] [1770704139.258877244] [imu_filter]: Parameter RLController.pid_kd_ang set to 0.099980
[imu_filter_madgwick_node-3] [INFO] [1770704139.700220108] [imu_filter]: Parameter RLController.pid_kp_lin set to 1.205938
[imu_filter_madgwick_node-3] [INFO] [1770704139.700414705] [imu_filter]: Parameter RLController.pid_ki_lin set to 0.000000
[imu_filter_madgwick_node-3] [INFO] [1770704139.700479826] [imu_filter]: Parameter RLController.pid_kd_lin set to 0.020000
[imu_filter_madgwick_node-3] [INFO] [1770704139.700536596] [imu_filter]: Parameter RLController.pid_kp_ang set to 1.230663
[imu_filter_madgwick_node-3] [INFO] [1770704139.700590357] [imu_filter]: Parameter RLController.pid_ki_ang set to 0.000000
[imu_filter_madgwick_node-3] [INFO] [1770704139.700644566] [imu_filter]: Parameter RLController.pid_kd_ang set to 0.099980
[imu_filter_madgwick_node-3] [INFO] [1770704140.117652305] [imu_filter]: Parameter RLController.pid_kp_lin set to 1.205938
[imu_filter_madgwick_node-3] [INFO] [1770704140.117873878] [imu_filter]: Parameter RLController.pid_ki_lin set to 0.000000
[imu_filter_madgwick_node-3] [INFO] [1770704140.117941272] [imu_filter]: Parameter RLController.pid_kd_lin set to 0.020000
[imu_filter_madgwick_node-3] [INFO] [1770704140.118002393] [imu_filter]: Parameter RLController.pid_kp_ang set to 1.230663
[imu_filter_madgwick_node-3] [INFO] [1770704140.118058202] [imu_filter]: Parameter RLController.pid_ki_ang set to 0.000000
[imu_filter_madgwick_node-3] [INFO] [1770704140.118112764] [imu_filter]: Parameter RLController.pid_kd_ang set to 0.099980
[imu_filter_madgwick_node-3] [INFO] [1770704140.533365582] [imu_filter]: Parameter RLController.pid_kp_lin set to 1.205938
[imu_filter_madgwick_node-3] [INFO] [1770704140.533580083] [imu_filter]: Parameter RLController.pid_ki_lin set to 0.000000
[imu_filter_madgwick_node-3] [INFO] [1770704140.533649300] [imu_filter]: Parameter RLController.pid_kd_lin set to 0.020000
[imu_filter_madgwick_node-3] [INFO] [1770704140.533707030] [imu_filter]: Parameter RLController.pid_kp_ang set to 1.230663
[imu_filter_madgwick_node-3] [INFO] [1770704140.533759767] [imu_filter]: Parameter RLController.pid_ki_ang set to 0.000000
[imu_filter_madgwick_node-3] [INFO] [1770704140.533811416] [imu_filter]: Parameter RLController.pid_kd_ang set to 0.100031
[imu_filter_madgwick_node-3] [INFO] [1770704140.951781993] [imu_filter]: Parameter RLController.pid_kp_lin set to 1.205938
[imu_filter_madgwick_node-3] [INFO] [1770704140.954550890] [imu_filter]: Parameter RLController.pid_ki_lin set to 0.000000
[imu_filter_madgwick_node-3] [INFO] [1770704140.954917362] [imu_filter]: Parameter RLController.pid_kd_lin set to 0.020000
[imu_filter_madgwick_node-3] [INFO] [1770704140.955007924] [imu_filter]: Parameter RLController.pid_kp_ang set to 1.230663
[imu_filter_madgwick_node-3] [INFO] [1770704140.955069718] [imu_filter]: Parameter RLController.pid_ki_ang set to 0.000000
[imu_filter_madgwick_node-3] [INFO] [1770704140.955124727] [imu_filter]: Parameter RLController.pid_kd_ang set to 0.100086
[imu_filter_madgwick_node-3] [INFO] [1770704141.372195891] [imu_filter]: Parameter RLController.pid_kp_lin set to 1.205938
[imu_filter_madgwick_node-3] [INFO] [1770704141.372412248] [imu_filter]: Parameter RLController.pid_ki_lin set to 0.000000
[imu_filter_madgwick_node-3] [INFO] [1770704141.372487642] [imu_filter]: Parameter RLController.pid_kd_lin set to 0.020000
[imu_filter_madgwick_node-3] [INFO] [1770704141.372548476] [imu_filter]: Parameter RLController.pid_kp_ang set to 1.230663
[imu_filter_madgwick_node-3] [INFO] [1770704141.372603037] [imu_filter]: Parameter RLController.pid_ki_ang set to 0.000000
[imu_filter_madgwick_node-3] [INFO] [1770704141.372656606] [imu_filter]: Parameter RLController.pid_kd_ang set to 0.100146
[imu_filter_madgwick_node-3] [INFO] [1770704141.788658849] [imu_filter]: Parameter RLController.pid_kp_lin set to 1.205938
[imu_filter_madgwick_node-3] [INFO] [1770704141.788975689] [imu_filter]: Parameter RLController.pid_ki_lin set to 0.000000
[imu_filter_madgwick_node-3] [INFO] [1770704141.789048299] [imu_filter]: Parameter RLController.pid_kd_lin set to 0.020000
[imu_filter_madgwick_node-3] [INFO] [1770704141.789105548] [imu_filter]: Parameter RLController.pid_kp_ang set to 1.230663
[imu_filter_madgwick_node-3] [INFO] [1770704141.789844893] [imu_filter]: Parameter RLController.pid_ki_ang set to 0.000000
[imu_filter_madgwick_node-3] [INFO] [1770704141.790232102] [imu_filter]: Parameter RLController.pid_kd_ang set to 0.100209
[imu_filter_madgwick_node-3] [INFO] [1770704142.203868627] [imu_filter]: Parameter RLController.pid_kp_lin set to 1.205938
[imu_filter_madgwick_node-3] [INFO] [1770704142.204245563] [imu_filter]: Parameter RLController.pid_ki_lin set to 0.000000
[imu_filter_madgwick_node-3] [INFO] [1770704142.204331581] [imu_filter]: Parameter RLController.pid_kd_lin set to 0.020000
[imu_filter_madgwick_node-3] [INFO] [1770704142.204394975] [imu_filter]: Parameter RLController.pid_kp_ang set to 1.230663
[imu_filter_madgwick_node-3] [INFO] [1770704142.204447296] [imu_filter]: Parameter RLController.pid_ki_ang set to 0.000000
[imu_filter_madgwick_node-3] [INFO] [1770704142.204505473] [imu_filter]: Parameter RLController.pid_kd_ang set to 0.100275
[imu_filter_madgwick_node-3] [INFO] [1770704142.627132607] [imu_filter]: Parameter RLController.pid_kp_lin set to 1.205938
[imu_filter_madgwick_node-3] [INFO] [1770704142.627350212] [imu_filter]: Parameter RLController.pid_ki_lin set to 0.000000
[imu_filter_madgwick_node-3] [INFO] [1770704142.627429254] [imu_filter]: Parameter RLController.pid_kd_lin set to 0.020000
[imu_filter_madgwick_node-3] [INFO] [1770704142.627494215] [imu_filter]: Parameter RLController.pid_kp_ang set to 1.230663
[imu_filter_madgwick_node-3] [INFO] [1770704142.627548968] [imu_filter]: Parameter RLController.pid_ki_ang set to 0.000000
[imu_filter_madgwick_node-3] [INFO] [1770704142.627606474] [imu_filter]: Parameter RLController.pid_kd_ang set to 0.100342
[imu_filter_madgwick_node-3] [INFO] [1770704143.039057315] [imu_filter]: Parameter RLController.pid_kp_lin set to 1.205938
[imu_filter_madgwick_node-3] [INFO] [1770704143.039427340] [imu_filter]: Parameter RLController.pid_ki_lin set to 0.000000
[imu_filter_madgwick_node-3] [INFO] [1770704143.039506798] [imu_filter]: Parameter RLController.pid_kd_lin set to 0.020000
[imu_filter_madgwick_node-3] [INFO] [1770704143.039570671] [imu_filter]: Parameter RLController.pid_kp_ang set to 1.230663
[imu_filter_madgwick_node-3] [INFO] [1770704143.039624113] [imu_filter]: Parameter RLController.pid_ki_ang set to 0.000000
[imu_filter_madgwick_node-3] [INFO] [1770704143.039676370] [imu_filter]: Parameter RLController.pid_kd_ang set to 0.100411
[imu_filter_madgwick_node-3] [INFO] [1770704143.448717780] [imu_filter]: Parameter RLController.pid_kp_lin set to 1.205938
[imu_filter_madgwick_node-3] [INFO] [1770704143.448922968] [imu_filter]: Parameter RLController.pid_ki_lin set to 0.000000
[imu_filter_madgwick_node-3] [INFO] [1770704143.448988186] [imu_filter]: Parameter RLController.pid_kd_lin set to 0.020000
[imu_filter_madgwick_node-3] [INFO] [1770704143.449045499] [imu_filter]: Parameter RLController.pid_kp_ang set to 1.230663
[imu_filter_madgwick_node-3] [INFO] [1770704143.449097308] [imu_filter]: Parameter RLController.pid_ki_ang set to 0.000000
[imu_filter_madgwick_node-3] [INFO] [1770704143.449148254] [imu_filter]: Parameter RLController.pid_kd_ang set to 0.100481
[imu_filter_madgwick_node-3] [INFO] [1770704143.870322617] [imu_filter]: Parameter RLController.pid_kp_lin set to 1.205938
[imu_filter_madgwick_node-3] [INFO] [1770704143.870575615] [imu_filter]: Parameter RLController.pid_ki_lin set to 0.000000
[imu_filter_madgwick_node-3] [INFO] [1770704143.870667361] [imu_filter]: Parameter RLController.pid_kd_lin set to 0.020000
[imu_filter_madgwick_node-3] [INFO] [1770704143.870727843] [imu_filter]: Parameter RLController.pid_kp_ang set to 1.230663
[imu_filter_madgwick_node-3] [INFO] [1770704143.870784356] [imu_filter]: Parameter RLController.pid_ki_ang set to 0.000000
[imu_filter_madgwick_node-3] [INFO] [1770704143.873069817] [imu_filter]: Parameter RLController.pid_kd_ang set to 0.100552
[imu_filter_madgwick_node-3] [INFO] [1770704144.291036426] [imu_filter]: Parameter RLController.pid_kp_lin set to 1.205938
[imu_filter_madgwick_node-3] [INFO] [1770704144.291291056] [imu_filter]: Parameter RLController.pid_ki_lin set to 0.000000
[imu_filter_madgwick_node-3] [INFO] [1770704144.294104337] [imu_filter]: Parameter RLController.pid_kd_lin set to 0.020000
[imu_filter_madgwick_node-3] [INFO] [1770704144.294443641] [imu_filter]: Parameter RLController.pid_kp_ang set to 1.230663
[imu_filter_madgwick_node-3] [INFO] [1770704144.294516507] [imu_filter]: Parameter RLController.pid_ki_ang set to 0.000000
[imu_filter_madgwick_node-3] [INFO] [1770704144.294572508] [imu_filter]: Parameter RLController.pid_kd_ang set to 0.100624
[imu_filter_madgwick_node-3] [INFO] [1770704144.704295822] [imu_filter]: Parameter RLController.pid_kp_lin set to 1.205938
[imu_filter_madgwick_node-3] [INFO] [1770704144.704488242] [imu_filter]: Parameter RLController.pid_ki_lin set to 0.000000
[imu_filter_madgwick_node-3] [INFO] [1770704144.704682199] [imu_filter]: Parameter RLController.pid_kd_lin set to 0.020000
[imu_filter_madgwick_node-3] [INFO] [1770704144.704750584] [imu_filter]: Parameter RLController.pid_kp_ang set to 1.230663
[imu_filter_madgwick_node-3] [INFO] [1770704144.704808570] [imu_filter]: Parameter RLController.pid_ki_ang set to 0.000000
[imu_filter_madgwick_node-3] [INFO] [1770704144.704863195] [imu_filter]: Parameter RLController.pid_kd_ang set to 0.100696
[imu_filter_madgwick_node-3] [INFO] [1770704145.116666109] [imu_filter]: Parameter RLController.pid_kp_lin set to 1.205938
[imu_filter_madgwick_node-3] [INFO] [1770704145.116877506] [imu_filter]: Parameter RLController.pid_ki_lin set to 0.000000
[imu_filter_madgwick_node-3] [INFO] [1770704145.117611859] [imu_filter]: Parameter RLController.pid_kd_lin set to 0.020000
[imu_filter_madgwick_node-3] [INFO] [1770704145.117721141] [imu_filter]: Parameter RLController.pid_kp_ang set to 1.230663
[imu_filter_madgwick_node-3] [INFO] [1770704145.117781559] [imu_filter]: Parameter RLController.pid_ki_ang set to 0.000000
[imu_filter_madgwick_node-3] [INFO] [1770704145.117836024] [imu_filter]: Parameter RLController.pid_kd_ang set to 0.100769
[imu_filter_madgwick_node-3] [INFO] [1770704145.534341223] [imu_filter]: Parameter RLController.pid_kp_lin set to 1.205938
[imu_filter_madgwick_node-3] [INFO] [1770704145.534528556] [imu_filter]: Parameter RLController.pid_ki_lin set to 0.000000
[imu_filter_madgwick_node-3] [INFO] [1770704145.534594093] [imu_filter]: Parameter RLController.pid_kd_lin set to 0.020000
[imu_filter_madgwick_node-3] [INFO] [1770704145.534653039] [imu_filter]: Parameter RLController.pid_kp_ang set to 1.230663
[imu_filter_madgwick_node-3] [INFO] [1770704145.534705968] [imu_filter]: Parameter RLController.pid_ki_ang set to 0.000000
[imu_filter_madgwick_node-3] [INFO] [1770704145.534759665] [imu_filter]: Parameter RLController.pid_kd_ang set to 0.100842
[imu_filter_madgwick_node-3] [INFO] [1770704145.962374434] [imu_filter]: Parameter RLController.pid_kp_lin set to 1.205938
[imu_filter_madgwick_node-3] [INFO] [1770704145.962573287] [imu_filter]: Parameter RLController.pid_ki_lin set to 0.000000
[imu_filter_madgwick_node-3] [INFO] [1770704145.963190965] [imu_filter]: Parameter RLController.pid_kd_lin set to 0.020000
[imu_filter_madgwick_node-3] [INFO] [1770704145.963307544] [imu_filter]: Parameter RLController.pid_kp_ang set to 1.230663
[imu_filter_madgwick_node-3] [INFO] [1770704145.963367769] [imu_filter]: Parameter RLController.pid_ki_ang set to 0.000000
[imu_filter_madgwick_node-3] [INFO] [1770704145.963423483] [imu_filter]: Parameter RLController.pid_kd_ang set to 0.100915
[imu_filter_madgwick_node-3] [INFO] [1770704146.381662322] [imu_filter]: Parameter RLController.pid_kp_lin set to 1.205938
[imu_filter_madgwick_node-3] [INFO] [1770704146.381871159] [imu_filter]: Parameter RLController.pid_ki_lin set to 0.000000
[imu_filter_madgwick_node-3] [INFO] [1770704146.381943897] [imu_filter]: Parameter RLController.pid_kd_lin set to 0.020000
[imu_filter_madgwick_node-3] [INFO] [1770704146.382003642] [imu_filter]: Parameter RLController.pid_kp_ang set to 1.230663
[imu_filter_madgwick_node-3] [INFO] [1770704146.382056795] [imu_filter]: Parameter RLController.pid_ki_ang set to 0.000000
[imu_filter_madgwick_node-3] [INFO] [1770704146.382110173] [imu_filter]: Parameter RLController.pid_kd_ang set to 0.100989
[imu_filter_madgwick_node-3] [INFO] [1770704146.805789874] [imu_filter]: Parameter RLController.pid_kp_lin set to 1.205938
[imu_filter_madgwick_node-3] [INFO] [1770704146.806005367] [imu_filter]: Parameter RLController.pid_ki_lin set to 0.000000
[imu_filter_madgwick_node-3] [INFO] [1770704146.806085177] [imu_filter]: Parameter RLController.pid_kd_lin set to 0.020000
[imu_filter_madgwick_node-3] [INFO] [1770704146.806150331] [imu_filter]: Parameter RLController.pid_kp_ang set to 1.230663
[imu_filter_madgwick_node-3] [INFO] [1770704146.806215004] [imu_filter]: Parameter RLController.pid_ki_ang set to 0.000000
[imu_filter_madgwick_node-3] [INFO] [1770704146.807175443] [imu_filter]: Parameter RLController.pid_kd_ang set to 0.101063
[imu_filter_madgwick_node-3] [INFO] [1770704147.217783961] [imu_filter]: Parameter RLController.pid_kp_lin set to 1.205938
[imu_filter_madgwick_node-3] [INFO] [1770704147.218052159] [imu_filter]: Parameter RLController.pid_ki_lin set to 0.000000
[imu_filter_madgwick_node-3] [INFO] [1770704147.218186274] [imu_filter]: Parameter RLController.pid_kd_lin set to 0.020000
[imu_filter_madgwick_node-3] [INFO] [1770704147.218475977] [imu_filter]: Parameter RLController.pid_kp_ang set to 1.230663
[imu_filter_madgwick_node-3] [INFO] [1770704147.218553131] [imu_filter]: Parameter RLController.pid_ki_ang set to 0.000000
[imu_filter_madgwick_node-3] [INFO] [1770704147.218618732] [imu_filter]: Parameter RLController.pid_kd_ang set to 0.101136
[imu_filter_madgwick_node-3] [INFO] [1770704147.629013901] [imu_filter]: Parameter RLController.pid_kp_lin set to 1.205938
[imu_filter_madgwick_node-3] [INFO] [1770704147.629250227] [imu_filter]: Parameter RLController.pid_ki_lin set to 0.000000
[imu_filter_madgwick_node-3] [INFO] [1770704147.629322197] [imu_filter]: Parameter RLController.pid_kd_lin set to 0.020000
[imu_filter_madgwick_node-3] [INFO] [1770704147.629389526] [imu_filter]: Parameter RLController.pid_kp_ang set to 1.230663
[imu_filter_madgwick_node-3] [INFO] [1770704147.629584091] [imu_filter]: Parameter RLController.pid_ki_ang set to 0.000000
[imu_filter_madgwick_node-3] [INFO] [1770704147.629647740] [imu_filter]: Parameter RLController.pid_kd_ang set to 0.101210
[imu_filter_madgwick_node-3] [INFO] [1770704148.047332807] [imu_filter]: Parameter RLController.pid_kp_lin set to 1.205658
[imu_filter_madgwick_node-3] [INFO] [1770704148.047555596] [imu_filter]: Parameter RLController.pid_ki_lin set to 0.000000
[imu_filter_madgwick_node-3] [INFO] [1770704148.049370166] [imu_filter]: Parameter RLController.pid_kd_lin set to 0.020000
[imu_filter_madgwick_node-3] [INFO] [1770704148.049536922] [imu_filter]: Parameter RLController.pid_kp_ang set to 1.230663
[imu_filter_madgwick_node-3] [INFO] [1770704148.052800710] [imu_filter]: Parameter RLController.pid_ki_ang set to 0.000000
[imu_filter_madgwick_node-3] [INFO] [1770704148.054495917] [imu_filter]: Parameter RLController.pid_kd_ang set to 0.101210
[imu_filter_madgwick_node-3] [INFO] [1770704148.472933481] [imu_filter]: Parameter RLController.pid_kp_lin set to 1.205658
[imu_filter_madgwick_node-3] [INFO] [1770704148.473277265] [imu_filter]: Parameter RLController.pid_ki_lin set to 0.000000
[imu_filter_madgwick_node-3] [INFO] [1770704148.473396020] [imu_filter]: Parameter RLController.pid_kd_lin set to 0.020000
[imu_filter_madgwick_node-3] [INFO] [1770704148.473465814] [imu_filter]: Parameter RLController.pid_kp_ang set to 1.230663
[imu_filter_madgwick_node-3] [INFO] [1770704148.473522039] [imu_filter]: Parameter RLController.pid_ki_ang set to 0.000000
[imu_filter_madgwick_node-3] [INFO] [1770704148.473576632] [imu_filter]: Parameter RLController.pid_kd_ang set to 0.101210
[imu_filter_madgwick_node-3] [INFO] [1770704148.906616520] [imu_filter]: Parameter RLController.pid_kp_lin set to 1.205821
[imu_filter_madgwick_node-3] [INFO] [1770704148.906858957] [imu_filter]: Parameter RLController.pid_ki_lin set to 0.000000
[imu_filter_madgwick_node-3] [INFO] [1770704148.910975501] [imu_filter]: Parameter RLController.pid_kd_lin set to 0.020000
[imu_filter_madgwick_node-3] [INFO] [1770704148.911235987] [imu_filter]: Parameter RLController.pid_kp_ang set to 1.230663
[imu_filter_madgwick_node-3] [INFO] [1770704148.911311509] [imu_filter]: Parameter RLController.pid_ki_ang set to 0.000000
[imu_filter_madgwick_node-3] [INFO] [1770704148.911373622] [imu_filter]: Parameter RLController.pid_kd_ang set to 0.101210
[imu_filter_madgwick_node-3] [INFO] [1770704149.321177418] [imu_filter]: Parameter RLController.pid_kp_lin set to 1.206024
[imu_filter_madgwick_node-3] [INFO] [1770704149.322435847] [imu_filter]: Parameter RLController.pid_ki_lin set to 0.000000
[imu_filter_madgwick_node-3] [INFO] [1770704149.322561450] [imu_filter]: Parameter RLController.pid_kd_lin set to 0.020000
[imu_filter_madgwick_node-3] [INFO] [1770704149.322626539] [imu_filter]: Parameter RLController.pid_kp_ang set to 1.230663
[imu_filter_madgwick_node-3] [INFO] [1770704149.322682956] [imu_filter]: Parameter RLController.pid_ki_ang set to 0.000000
[imu_filter_madgwick_node-3] [INFO] [1770704149.322766574] [imu_filter]: Parameter RLController.pid_kd_ang set to 0.101210
[imu_filter_madgwick_node-3] [INFO] [1770704149.751613404] [imu_filter]: Parameter RLController.pid_kp_lin set to 1.206285
[imu_filter_madgwick_node-3] [INFO] [1770704149.751825857] [imu_filter]: Parameter RLController.pid_ki_lin set to 0.000000
[imu_filter_madgwick_node-3] [INFO] [1770704149.751901315] [imu_filter]: Parameter RLController.pid_kd_lin set to 0.020000
[imu_filter_madgwick_node-3] [INFO] [1770704149.751961668] [imu_filter]: Parameter RLController.pid_kp_ang set to 1.230663
[imu_filter_madgwick_node-3] [INFO] [1770704149.752014630] [imu_filter]: Parameter RLController.pid_ki_ang set to 0.000000
[imu_filter_madgwick_node-3] [INFO] [1770704149.752069319] [imu_filter]: Parameter RLController.pid_kd_ang set to 0.101210
[imu_filter_madgwick_node-3] [INFO] [1770704150.173551146] [imu_filter]: Parameter RLController.pid_kp_lin set to 1.206574
[imu_filter_madgwick_node-3] [INFO] [1770704150.173785071] [imu_filter]: Parameter RLController.pid_ki_lin set to 0.000000
[imu_filter_madgwick_node-3] [INFO] [1770704150.173855441] [imu_filter]: Parameter RLController.pid_kd_lin set to 0.020000
[imu_filter_madgwick_node-3] [INFO] [1770704150.173914322] [imu_filter]: Parameter RLController.pid_kp_ang set to 1.230663
[imu_filter_madgwick_node-3] [INFO] [1770704150.173966867] [imu_filter]: Parameter RLController.pid_ki_ang set to 0.000000
[imu_filter_madgwick_node-3] [INFO] [1770704150.174018357] [imu_filter]: Parameter RLController.pid_kd_ang set to 0.101210
[imu_filter_madgwick_node-3] [INFO] [1770704150.583315004] [imu_filter]: Parameter RLController.pid_kp_lin set to 1.206871
[imu_filter_madgwick_node-3] [INFO] [1770704150.583511841] [imu_filter]: Parameter RLController.pid_ki_lin set to 0.000000
[imu_filter_madgwick_node-3] [INFO] [1770704150.583582659] [imu_filter]: Parameter RLController.pid_kd_lin set to 0.020000
[imu_filter_madgwick_node-3] [INFO] [1770704150.583644932] [imu_filter]: Parameter RLController.pid_kp_ang set to 1.230663
[imu_filter_madgwick_node-3] [INFO] [1770704150.583698021] [imu_filter]: Parameter RLController.pid_ki_ang set to 0.000000
[imu_filter_madgwick_node-3] [INFO] [1770704150.583752198] [imu_filter]: Parameter RLController.pid_kd_ang set to 0.101210
[imu_filter_madgwick_node-3] [INFO] [1770704150.994776982] [imu_filter]: Parameter RLController.pid_kp_lin set to 1.207212
[imu_filter_madgwick_node-3] [INFO] [1770704150.994994203] [imu_filter]: Parameter RLController.pid_ki_lin set to 0.000000
[imu_filter_madgwick_node-3] [INFO] [1770704150.995065629] [imu_filter]: Parameter RLController.pid_kd_lin set to 0.020000
[imu_filter_madgwick_node-3] [INFO] [1770704150.995126430] [imu_filter]: Parameter RLController.pid_kp_ang set to 1.230663
[imu_filter_madgwick_node-3] [INFO] [1770704150.995181120] [imu_filter]: Parameter RLController.pid_ki_ang set to 0.000000
[imu_filter_madgwick_node-3] [INFO] [1770704150.995235937] [imu_filter]: Parameter RLController.pid_kd_ang set to 0.101210
[imu_filter_madgwick_node-3] [INFO] [1770704151.422974933] [imu_filter]: Parameter RLController.pid_kp_lin set to 1.207525
[imu_filter_madgwick_node-3] [INFO] [1770704151.423252732] [imu_filter]: Parameter RLController.pid_ki_lin set to 0.000000
[imu_filter_madgwick_node-3] [INFO] [1770704151.423330461] [imu_filter]: Parameter RLController.pid_kd_lin set to 0.020000
[imu_filter_madgwick_node-3] [INFO] [1770704151.423391999] [imu_filter]: Parameter RLController.pid_kp_ang set to 1.230663
[imu_filter_madgwick_node-3] [INFO] [1770704151.423448480] [imu_filter]: Parameter RLController.pid_ki_ang set to 0.000000
[imu_filter_madgwick_node-3] [INFO] [1770704151.423504417] [imu_filter]: Parameter RLController.pid_kd_ang set to 0.101210
[imu_filter_madgwick_node-3] [INFO] [1770704151.840807619] [imu_filter]: Parameter RLController.pid_kp_lin set to 1.207846
[imu_filter_madgwick_node-3] [INFO] [1770704151.841468947] [imu_filter]: Parameter RLController.pid_ki_lin set to 0.000000
[imu_filter_madgwick_node-3] [INFO] [1770704151.841581813] [imu_filter]: Parameter RLController.pid_kd_lin set to 0.020000
[imu_filter_madgwick_node-3] [INFO] [1770704151.841652279] [imu_filter]: Parameter RLController.pid_kp_ang set to 1.230663
[imu_filter_madgwick_node-3] [INFO] [1770704151.841706904] [imu_filter]: Parameter RLController.pid_ki_ang set to 0.000000
[imu_filter_madgwick_node-3] [INFO] [1770704151.841759065] [imu_filter]: Parameter RLController.pid_kd_ang set to 0.101210
[imu_filter_madgwick_node-3] [INFO] [1770704152.260352249] [imu_filter]: Parameter RLController.pid_kp_lin set to 1.208166
[imu_filter_madgwick_node-3] [INFO] [1770704152.260571646] [imu_filter]: Parameter RLController.pid_ki_lin set to 0.000000
[imu_filter_madgwick_node-3] [INFO] [1770704152.260645152] [imu_filter]: Parameter RLController.pid_kd_lin set to 0.020000
[imu_filter_madgwick_node-3] [INFO] [1770704152.260705569] [imu_filter]: Parameter RLController.pid_kp_ang set to 1.230663
[imu_filter_madgwick_node-3] [INFO] [1770704152.260757954] [imu_filter]: Parameter RLController.pid_ki_ang set to 0.000000
[imu_filter_madgwick_node-3] [INFO] [1770704152.260810724] [imu_filter]: Parameter RLController.pid_kd_ang set to 0.101210
[imu_filter_madgwick_node-3] [INFO] [1770704152.670784027] [imu_filter]: Parameter RLController.pid_kp_lin set to 1.208465
[imu_filter_madgwick_node-3] [INFO] [1770704152.670982528] [imu_filter]: Parameter RLController.pid_ki_lin set to 0.000000
[imu_filter_madgwick_node-3] [INFO] [1770704152.671364616] [imu_filter]: Parameter RLController.pid_kd_lin set to 0.020000
[imu_filter_madgwick_node-3] [INFO] [1770704152.671467275] [imu_filter]: Parameter RLController.pid_kp_ang set to 1.230663
[imu_filter_madgwick_node-3] [INFO] [1770704152.671530316] [imu_filter]: Parameter RLController.pid_ki_ang set to 0.000000
[imu_filter_madgwick_node-3] [INFO] [1770704152.671584750] [imu_filter]: Parameter RLController.pid_kd_ang set to 0.101210
[imu_filter_madgwick_node-3] [INFO] [1770704153.088725771] [imu_filter]: Parameter RLController.pid_kp_lin set to 1.208760
[imu_filter_madgwick_node-3] [INFO] [1770704153.088950609] [imu_filter]: Parameter RLController.pid_ki_lin set to 0.000000
[imu_filter_madgwick_node-3] [INFO] [1770704153.089027634] [imu_filter]: Parameter RLController.pid_kd_lin set to 0.020000
[imu_filter_madgwick_node-3] [INFO] [1770704153.089087348] [imu_filter]: Parameter RLController.pid_kp_ang set to 1.230663
[imu_filter_madgwick_node-3] [INFO] [1770704153.089141941] [imu_filter]: Parameter RLController.pid_ki_ang set to 0.000000
[imu_filter_madgwick_node-3] [INFO] [1770704153.089195158] [imu_filter]: Parameter RLController.pid_kd_ang set to 0.101210
[imu_filter_madgwick_node-3] [INFO] [1770704153.504675214] [imu_filter]: Parameter RLController.pid_kp_lin set to 1.209055
[imu_filter_madgwick_node-3] [INFO] [1770704153.505014870] [imu_filter]: Parameter RLController.pid_ki_lin set to 0.000000
[imu_filter_madgwick_node-3] [INFO] [1770704153.505091671] [imu_filter]: Parameter RLController.pid_kd_lin set to 0.020000
[imu_filter_madgwick_node-3] [INFO] [1770704153.505150009] [imu_filter]: Parameter RLController.pid_kp_ang set to 1.230663
[imu_filter_madgwick_node-3] [INFO] [1770704153.505202938] [imu_filter]: Parameter RLController.pid_ki_ang set to 0.000000
[imu_filter_madgwick_node-3] [INFO] [1770704153.505253627] [imu_filter]: Parameter RLController.pid_kd_ang set to 0.101210
[imu_filter_madgwick_node-3] [INFO] [1770704153.919640889] [imu_filter]: Parameter RLController.pid_kp_lin set to 1.209328
[imu_filter_madgwick_node-3] [INFO] [1770704153.920455532] [imu_filter]: Parameter RLController.pid_ki_lin set to 0.000000
[imu_filter_madgwick_node-3] [INFO] [1770704153.920578959] [imu_filter]: Parameter RLController.pid_kd_lin set to 0.020000
[imu_filter_madgwick_node-3] [INFO] [1770704153.920644336] [imu_filter]: Parameter RLController.pid_kp_ang set to 1.230663
[imu_filter_madgwick_node-3] [INFO] [1770704153.920697234] [imu_filter]: Parameter RLController.pid_ki_ang set to 0.000000
[imu_filter_madgwick_node-3] [INFO] [1770704153.920748467] [imu_filter]: Parameter RLController.pid_kd_ang set to 0.101210
[imu_filter_madgwick_node-3] [INFO] [1770704154.371947368] [imu_filter]: Parameter RLController.pid_kp_lin set to 1.209598
[imu_filter_madgwick_node-3] [INFO] [1770704154.372197006] [imu_filter]: Parameter RLController.pid_ki_lin set to 0.000000
[imu_filter_madgwick_node-3] [INFO] [1770704154.372269328] [imu_filter]: Parameter RLController.pid_kd_lin set to 0.020000
[imu_filter_madgwick_node-3] [INFO] [1770704154.372328241] [imu_filter]: Parameter RLController.pid_kp_ang set to 1.230663
[imu_filter_madgwick_node-3] [INFO] [1770704154.372381778] [imu_filter]: Parameter RLController.pid_ki_ang set to 0.000000
[imu_filter_madgwick_node-3] [INFO] [1770704154.372434644] [imu_filter]: Parameter RLController.pid_kd_ang set to 0.101210
[imu_filter_madgwick_node-3] [INFO] [1770704154.786486026] [imu_filter]: Parameter RLController.pid_kp_lin set to 1.209883
[imu_filter_madgwick_node-3] [INFO] [1770704154.786684110] [imu_filter]: Parameter RLController.pid_ki_lin set to 0.000000
[imu_filter_madgwick_node-3] [INFO] [1770704154.786887347] [imu_filter]: Parameter RLController.pid_kd_lin set to 0.020000
[imu_filter_madgwick_node-3] [INFO] [1770704154.786958421] [imu_filter]: Parameter RLController.pid_kp_ang set to 1.230663
[imu_filter_madgwick_node-3] [INFO] [1770704154.787016118] [imu_filter]: Parameter RLController.pid_ki_ang set to 0.000000
[imu_filter_madgwick_node-3] [INFO] [1770704154.787070295] [imu_filter]: Parameter RLController.pid_kd_ang set to 0.101210
[imu_filter_madgwick_node-3] [INFO] [1770704155.194890621] [imu_filter]: Parameter RLController.pid_kp_lin set to 1.210168
[imu_filter_madgwick_node-3] [INFO] [1770704155.195085377] [imu_filter]: Parameter RLController.pid_ki_lin set to 0.000000
[imu_filter_madgwick_node-3] [INFO] [1770704155.195159235] [imu_filter]: Parameter RLController.pid_kd_lin set to 0.020000
[imu_filter_madgwick_node-3] [INFO] [1770704155.198027749] [imu_filter]: Parameter RLController.pid_kp_ang set to 1.230663
[imu_filter_madgwick_node-3] [INFO] [1770704155.198218730] [imu_filter]: Parameter RLController.pid_ki_ang set to 0.000000
[imu_filter_madgwick_node-3] [INFO] [1770704155.198288780] [imu_filter]: Parameter RLController.pid_kd_ang set to 0.101210
[imu_filter_madgwick_node-3] [INFO] [1770704155.616376735] [imu_filter]: Parameter RLController.pid_kp_lin set to 1.210467
[imu_filter_madgwick_node-3] [INFO] [1770704155.616571428] [imu_filter]: Parameter RLController.pid_ki_lin set to 0.000000
[imu_filter_madgwick_node-3] [INFO] [1770704155.616641894] [imu_filter]: Parameter RLController.pid_kd_lin set to 0.020000
[imu_filter_madgwick_node-3] [INFO] [1770704155.616698791] [imu_filter]: Parameter RLController.pid_kp_ang set to 1.230663
[imu_filter_madgwick_node-3] [INFO] [1770704155.616751528] [imu_filter]: Parameter RLController.pid_ki_ang set to 0.000000
[imu_filter_madgwick_node-3] [INFO] [1770704155.616804233] [imu_filter]: Parameter RLController.pid_kd_ang set to 0.101210
[imu_filter_madgwick_node-3] [INFO] [1770704156.032658633] [imu_filter]: Parameter RLController.pid_kp_lin set to 1.210761
[imu_filter_madgwick_node-3] [INFO] [1770704156.032877007] [imu_filter]: Parameter RLController.pid_ki_lin set to 0.000000
[imu_filter_madgwick_node-3] [INFO] [1770704156.032943952] [imu_filter]: Parameter RLController.pid_kd_lin set to 0.020000
[imu_filter_madgwick_node-3] [INFO] [1770704156.033002865] [imu_filter]: Parameter RLController.pid_kp_ang set to 1.230663
[imu_filter_madgwick_node-3] [INFO] [1770704156.033056275] [imu_filter]: Parameter RLController.pid_ki_ang set to 0.000000
[imu_filter_madgwick_node-3] [INFO] [1770704156.033109140] [imu_filter]: Parameter RLController.pid_kd_ang set to 0.101210
[imu_filter_madgwick_node-3] [INFO] [1770704156.463222175] [imu_filter]: Parameter RLController.pid_kp_lin set to 1.211061
[imu_filter_madgwick_node-3] [INFO] [1770704156.463424900] [imu_filter]: Parameter RLController.pid_ki_lin set to 0.000000
[imu_filter_madgwick_node-3] [INFO] [1770704156.463505222] [imu_filter]: Parameter RLController.pid_kd_lin set to 0.020000
[imu_filter_madgwick_node-3] [INFO] [1770704156.463566023] [imu_filter]: Parameter RLController.pid_kp_ang set to 1.230663
[imu_filter_madgwick_node-3] [INFO] [1770704156.463623081] [imu_filter]: Parameter RLController.pid_ki_ang set to 0.000000
[imu_filter_madgwick_node-3] [INFO] [1770704156.463677066] [imu_filter]: Parameter RLController.pid_kd_ang set to 0.101210
[imu_filter_madgwick_node-3] [INFO] [1770704156.877909508] [imu_filter]: Parameter RLController.pid_kp_lin set to 1.211061
[imu_filter_madgwick_node-3] [INFO] [1770704156.878109417] [imu_filter]: Parameter RLController.pid_ki_lin set to 0.000000
[imu_filter_madgwick_node-3] [INFO] [1770704156.878174090] [imu_filter]: Parameter RLController.pid_kd_lin set to 0.020000
[imu_filter_madgwick_node-3] [INFO] [1770704156.878369391] [imu_filter]: Parameter RLController.pid_kp_ang set to 1.230663
[imu_filter_madgwick_node-3] [INFO] [1770704156.878430704] [imu_filter]: Parameter RLController.pid_ki_ang set to 0.000000
[imu_filter_madgwick_node-3] [INFO] [1770704156.878483410] [imu_filter]: Parameter RLController.pid_kd_ang set to 0.101210
[imu_filter_madgwick_node-3] [INFO] [1770704157.314454885] [imu_filter]: Parameter RLController.pid_kp_lin set to 1.211061
[imu_filter_madgwick_node-3] [INFO] [1770704157.314675050] [imu_filter]: Parameter RLController.pid_ki_lin set to 0.000000
[imu_filter_madgwick_node-3] [INFO] [1770704157.314869871] [imu_filter]: Parameter RLController.pid_kd_lin set to 0.020000
[imu_filter_madgwick_node-3] [INFO] [1770704157.314940528] [imu_filter]: Parameter RLController.pid_kp_ang set to 1.230663
[imu_filter_madgwick_node-3] [INFO] [1770704157.314998962] [imu_filter]: Parameter RLController.pid_ki_ang set to 0.000000
[imu_filter_madgwick_node-3] [INFO] [1770704157.315056851] [imu_filter]: Parameter RLController.pid_kd_ang set to 0.101210
[imu_filter_madgwick_node-3] [INFO] [1770704157.727239806] [imu_filter]: Parameter RLController.pid_kp_lin set to 1.211061
[imu_filter_madgwick_node-3] [INFO] [1770704157.727426306] [imu_filter]: Parameter RLController.pid_ki_lin set to 0.000000
[imu_filter_madgwick_node-3] [INFO] [1770704157.727490308] [imu_filter]: Parameter RLController.pid_kd_lin set to 0.020000
[imu_filter_madgwick_node-3] [INFO] [1770704157.727551173] [imu_filter]: Parameter RLController.pid_kp_ang set to 1.230663
[imu_filter_madgwick_node-3] [INFO] [1770704157.727605894] [imu_filter]: Parameter RLController.pid_ki_ang set to 0.000000
[imu_filter_madgwick_node-3] [INFO] [1770704157.727658760] [imu_filter]: Parameter RLController.pid_kd_ang set to 0.101210
[imu_filter_madgwick_node-3] [INFO] [1770704158.137110739] [imu_filter]: Parameter RLController.pid_kp_lin set to 1.211061
[imu_filter_madgwick_node-3] [INFO] [1770704158.139119233] [imu_filter]: Parameter RLController.pid_ki_lin set to 0.000000
[imu_filter_madgwick_node-3] [INFO] [1770704158.139269509] [imu_filter]: Parameter RLController.pid_kd_lin set to 0.020000
[imu_filter_madgwick_node-3] [INFO] [1770704158.139359527] [imu_filter]: Parameter RLController.pid_kp_ang set to 1.230663
[imu_filter_madgwick_node-3] [INFO] [1770704158.139426153] [imu_filter]: Parameter RLController.pid_ki_ang set to 0.000000
[imu_filter_madgwick_node-3] [INFO] [1770704158.139482890] [imu_filter]: Parameter RLController.pid_kd_ang set to 0.101210
[imu_filter_madgwick_node-3] [INFO] [1770704158.558208845] [imu_filter]: Parameter RLController.pid_kp_lin set to 1.211061
[imu_filter_madgwick_node-3] [INFO] [1770704158.558423698] [imu_filter]: Parameter RLController.pid_ki_lin set to 0.000000
[imu_filter_madgwick_node-3] [INFO] [1770704158.558499763] [imu_filter]: Parameter RLController.pid_kd_lin set to 0.020000
[imu_filter_madgwick_node-3] [INFO] [1770704158.559429129] [imu_filter]: Parameter RLController.pid_kp_ang set to 1.230663
[imu_filter_madgwick_node-3] [INFO] [1770704158.559560908] [imu_filter]: Parameter RLController.pid_ki_ang set to 0.000000
[imu_filter_madgwick_node-3] [INFO] [1770704158.559625870] [imu_filter]: Parameter RLController.pid_kd_ang set to 0.101210
[imu_filter_madgwick_node-3] [INFO] [1770704158.980367391] [imu_filter]: Parameter RLController.pid_kp_lin set to 1.211061
[imu_filter_madgwick_node-3] [INFO] [1770704158.980745448] [imu_filter]: Parameter RLController.pid_ki_lin set to 0.000000
[imu_filter_madgwick_node-3] [INFO] [1770704158.980881867] [imu_filter]: Parameter RLController.pid_kd_lin set to 0.020000
[imu_filter_madgwick_node-3] [INFO] [1770704158.980949261] [imu_filter]: Parameter RLController.pid_kp_ang set to 1.230663
[imu_filter_madgwick_node-3] [INFO] [1770704158.981006606] [imu_filter]: Parameter RLController.pid_ki_ang set to 0.000000
[imu_filter_madgwick_node-3] [INFO] [1770704158.981062383] [imu_filter]: Parameter RLController.pid_kd_ang set to 0.101210
[imu_filter_madgwick_node-3] [INFO] [1770704159.395203528] [imu_filter]: Parameter RLController.pid_kp_lin set to 1.211061
[imu_filter_madgwick_node-3] [INFO] [1770704159.395424429] [imu_filter]: Parameter RLController.pid_ki_lin set to 0.000000
[imu_filter_madgwick_node-3] [INFO] [1770704159.395626577] [imu_filter]: Parameter RLController.pid_kd_lin set to 0.020000
[imu_filter_madgwick_node-3] [INFO] [1770704159.395704179] [imu_filter]: Parameter RLController.pid_kp_ang set to 1.230663
[imu_filter_madgwick_node-3] [INFO] [1770704159.395760341] [imu_filter]: Parameter RLController.pid_ki_ang set to 0.000000
[imu_filter_madgwick_node-3] [INFO] [1770704159.395815062] [imu_filter]: Parameter RLController.pid_kd_ang set to 0.101210
[imu_filter_madgwick_node-3] [INFO] [1770704159.808653168] [imu_filter]: Parameter RLController.pid_kp_lin set to 1.211061
[imu_filter_madgwick_node-3] [INFO] [1770704159.808840340] [imu_filter]: Parameter RLController.pid_ki_lin set to 0.000000
[imu_filter_madgwick_node-3] [INFO] [1770704159.808923830] [imu_filter]: Parameter RLController.pid_kd_lin set to 0.020000
[imu_filter_madgwick_node-3] [INFO] [1770704159.810156243] [imu_filter]: Parameter RLController.pid_kp_ang set to 1.230663
[imu_filter_madgwick_node-3] [INFO] [1770704159.810381784] [imu_filter]: Parameter RLController.pid_ki_ang set to 0.000000
[imu_filter_madgwick_node-3] [INFO] [1770704159.810454298] [imu_filter]: Parameter RLController.pid_kd_ang set to 0.101210
[imu_filter_madgwick_node-3] [INFO] [1770704160.240138491] [imu_filter]: Parameter RLController.pid_kp_lin set to 1.211061
[imu_filter_madgwick_node-3] [INFO] [1770704160.240377793] [imu_filter]: Parameter RLController.pid_ki_lin set to 0.000000
[imu_filter_madgwick_node-3] [INFO] [1770704160.240442370] [imu_filter]: Parameter RLController.pid_kd_lin set to 0.020000
[imu_filter_madgwick_node-3] [INFO] [1770704160.240501859] [imu_filter]: Parameter RLController.pid_kp_ang set to 1.230663
[imu_filter_madgwick_node-3] [INFO] [1770704160.240553637] [imu_filter]: Parameter RLController.pid_ki_ang set to 0.000000
[imu_filter_madgwick_node-3] [INFO] [1770704160.240605446] [imu_filter]: Parameter RLController.pid_kd_ang set to 0.101210
[imu_filter_madgwick_node-3] [INFO] [1770704160.646045556] [imu_filter]: Parameter RLController.pid_kp_lin set to 1.211061
[imu_filter_madgwick_node-3] [INFO] [1770704160.646346971] [imu_filter]: Parameter RLController.pid_ki_lin set to 0.000000
[imu_filter_madgwick_node-3] [INFO] [1770704160.646437501] [imu_filter]: Parameter RLController.pid_kd_lin set to 0.020000
[imu_filter_madgwick_node-3] [INFO] [1770704160.646501886] [imu_filter]: Parameter RLController.pid_kp_ang set to 1.230663
[imu_filter_madgwick_node-3] [INFO] [1770704160.646556960] [imu_filter]: Parameter RLController.pid_ki_ang set to 0.000000
[imu_filter_madgwick_node-3] [INFO] [1770704160.646612545] [imu_filter]: Parameter RLController.pid_kd_ang set to 0.101210
[imu_filter_madgwick_node-3] [INFO] [1770704161.070849188] [imu_filter]: Parameter RLController.pid_kp_lin set to 1.211061
[imu_filter_madgwick_node-3] [INFO] [1770704161.073515522] [imu_filter]: Parameter RLController.pid_ki_lin set to 0.000000
[imu_filter_madgwick_node-3] [INFO] [1770704161.073731239] [imu_filter]: Parameter RLController.pid_kd_lin set to 0.020000
[imu_filter_madgwick_node-3] [INFO] [1770704161.074143952] [imu_filter]: Parameter RLController.pid_kp_ang set to 1.230663
[imu_filter_madgwick_node-3] [INFO] [1770704161.074230962] [imu_filter]: Parameter RLController.pid_ki_ang set to 0.000000
[imu_filter_madgwick_node-3] [INFO] [1770704161.074294132] [imu_filter]: Parameter RLController.pid_kd_ang set to 0.101210
[imu_filter_madgwick_node-3] [INFO] [1770704161.494271572] [imu_filter]: Parameter RLController.pid_kp_lin set to 1.211061
[imu_filter_madgwick_node-3] [INFO] [1770704161.494628188] [imu_filter]: Parameter RLController.pid_ki_lin set to 0.000000
[imu_filter_madgwick_node-3] [INFO] [1770704161.494736319] [imu_filter]: Parameter RLController.pid_kd_lin set to 0.020000
[imu_filter_madgwick_node-3] [INFO] [1770704161.494810048] [imu_filter]: Parameter RLController.pid_kp_ang set to 1.230663
[imu_filter_madgwick_node-3] [INFO] [1770704161.494870562] [imu_filter]: Parameter RLController.pid_ki_ang set to 0.000000
[imu_filter_madgwick_node-3] [INFO] [1770704161.494922819] [imu_filter]: Parameter RLController.pid_kd_ang set to 0.101210
[imu_filter_madgwick_node-3] [INFO] [1770704161.905591946] [imu_filter]: Parameter RLController.pid_kp_lin set to 1.211061
[imu_filter_madgwick_node-3] [INFO] [1770704161.905922482] [imu_filter]: Parameter RLController.pid_ki_lin set to 0.000000
[imu_filter_madgwick_node-3] [INFO] [1770704161.906004308] [imu_filter]: Parameter RLController.pid_kd_lin set to 0.020000
[imu_filter_madgwick_node-3] [INFO] [1770704161.906065397] [imu_filter]: Parameter RLController.pid_kp_ang set to 1.230663
[imu_filter_madgwick_node-3] [INFO] [1770704161.906119607] [imu_filter]: Parameter RLController.pid_ki_ang set to 0.000000
[imu_filter_madgwick_node-3] [INFO] [1770704161.906173048] [imu_filter]: Parameter RLController.pid_kd_ang set to 0.101210
[imu_filter_madgwick_node-3] [INFO] [1770704162.325599851] [imu_filter]: Parameter RLController.pid_kp_lin set to 1.211061
[imu_filter_madgwick_node-3] [INFO] [1770704162.325818032] [imu_filter]: Parameter RLController.pid_ki_lin set to 0.000000
[imu_filter_madgwick_node-3] [INFO] [1770704162.325911346] [imu_filter]: Parameter RLController.pid_kd_lin set to 0.020000
[imu_filter_madgwick_node-3] [INFO] [1770704162.325970420] [imu_filter]: Parameter RLController.pid_kp_ang set to 1.230663
[imu_filter_madgwick_node-3] [INFO] [1770704162.329708778] [imu_filter]: Parameter RLController.pid_ki_ang set to 0.000000
[imu_filter_madgwick_node-3] [INFO] [1770704162.329861870] [imu_filter]: Parameter RLController.pid_kd_ang set to 0.101210
[imu_filter_madgwick_node-3] [INFO] [1770704162.760768588] [imu_filter]: Parameter RLController.pid_kp_lin set to 1.211313
[imu_filter_madgwick_node-3] [INFO] [1770704162.761114740] [imu_filter]: Parameter RLController.pid_ki_lin set to 0.000000
[imu_filter_madgwick_node-3] [INFO] [1770704162.761196214] [imu_filter]: Parameter RLController.pid_kd_lin set to 0.020000
[imu_filter_madgwick_node-3] [INFO] [1770704162.761260183] [imu_filter]: Parameter RLController.pid_kp_ang set to 1.230663
[imu_filter_madgwick_node-3] [INFO] [1770704162.761318265] [imu_filter]: Parameter RLController.pid_ki_ang set to 0.000000
[imu_filter_madgwick_node-3] [INFO] [1770704162.761375002] [imu_filter]: Parameter RLController.pid_kd_ang set to 0.101210
[imu_filter_madgwick_node-3] [INFO] [1770704163.171452276] [imu_filter]: Parameter RLController.pid_kp_lin set to 1.211590
[imu_filter_madgwick_node-3] [INFO] [1770704163.171770939] [imu_filter]: Parameter RLController.pid_ki_lin set to 0.000000
[imu_filter_madgwick_node-3] [INFO] [1770704163.171867165] [imu_filter]: Parameter RLController.pid_kd_lin set to 0.020000
[imu_filter_madgwick_node-3] [INFO] [1770704163.171936607] [imu_filter]: Parameter RLController.pid_kp_ang set to 1.230663
[imu_filter_madgwick_node-3] [INFO] [1770704163.171993088] [imu_filter]: Parameter RLController.pid_ki_ang set to 0.000000
[imu_filter_madgwick_node-3] [INFO] [1770704163.172047586] [imu_filter]: Parameter RLController.pid_kd_ang set to 0.101210
[imu_filter_madgwick_node-3] [INFO] [1770704163.588089030] [imu_filter]: Parameter RLController.pid_kp_lin set to 1.211860
[imu_filter_madgwick_node-3] [INFO] [1770704163.588308043] [imu_filter]: Parameter RLController.pid_ki_lin set to 0.000000
[imu_filter_madgwick_node-3] [INFO] [1770704163.588379373] [imu_filter]: Parameter RLController.pid_kd_lin set to 0.020000
[imu_filter_madgwick_node-3] [INFO] [1770704163.588440270] [imu_filter]: Parameter RLController.pid_kp_ang set to 1.230663
[imu_filter_madgwick_node-3] [INFO] [1770704163.597296604] [imu_filter]: Parameter RLController.pid_ki_ang set to 0.000000
[imu_filter_madgwick_node-3] [INFO] [1770704163.597488672] [imu_filter]: Parameter RLController.pid_kd_ang set to 0.101210
[imu_filter_madgwick_node-3] [INFO] [1770704164.009831183] [imu_filter]: Parameter RLController.pid_kp_lin set to 1.212104
[imu_filter_madgwick_node-3] [INFO] [1770704164.010173335] [imu_filter]: Parameter RLController.pid_ki_lin set to 0.000000
[imu_filter_madgwick_node-3] [INFO] [1770704164.010254201] [imu_filter]: Parameter RLController.pid_kd_lin set to 0.020000
[imu_filter_madgwick_node-3] [INFO] [1770704164.010315258] [imu_filter]: Parameter RLController.pid_kp_ang set to 1.230663
[imu_filter_madgwick_node-3] [INFO] [1770704164.010369243] [imu_filter]: Parameter RLController.pid_ki_ang set to 0.000000
[imu_filter_madgwick_node-3] [INFO] [1770704164.010422685] [imu_filter]: Parameter RLController.pid_kd_ang set to 0.101210
[imu_filter_madgwick_node-3] [INFO] [1770704164.435531284] [imu_filter]: Parameter RLController.pid_kp_lin set to 1.212336
[imu_filter_madgwick_node-3] [INFO] [1770704164.435863451] [imu_filter]: Parameter RLController.pid_ki_lin set to 0.000000
[imu_filter_madgwick_node-3] [INFO] [1770704164.435944701] [imu_filter]: Parameter RLController.pid_kd_lin set to 0.020000
[imu_filter_madgwick_node-3] [INFO] [1770704164.436007103] [imu_filter]: Parameter RLController.pid_kp_ang set to 1.230663
[imu_filter_madgwick_node-3] [INFO] [1770704164.444040121] [imu_filter]: Parameter RLController.pid_ki_ang set to 0.000000
[imu_filter_madgwick_node-3] [INFO] [1770704164.444256926] [imu_filter]: Parameter RLController.pid_kd_ang set to 0.101210
[imu_filter_madgwick_node-3] [INFO] [1770704164.892633618] [imu_filter]: Parameter RLController.pid_kp_lin set to 1.212565
[imu_filter_madgwick_node-3] [INFO] [1770704164.892838423] [imu_filter]: Parameter RLController.pid_ki_lin set to 0.000000
[imu_filter_madgwick_node-3] [INFO] [1770704164.892912121] [imu_filter]: Parameter RLController.pid_kd_lin set to 0.020000
[imu_filter_madgwick_node-3] [INFO] [1770704164.892971322] [imu_filter]: Parameter RLController.pid_kp_ang set to 1.230663
[imu_filter_madgwick_node-3] [INFO] [1770704164.893024283] [imu_filter]: Parameter RLController.pid_ki_ang set to 0.000000
[imu_filter_madgwick_node-3] [INFO] [1770704164.893076157] [imu_filter]: Parameter RLController.pid_kd_ang set to 0.101210
[imu_filter_madgwick_node-3] [INFO] [1770704165.337337617] [imu_filter]: Parameter RLController.pid_kp_lin set to 1.212802
[imu_filter_madgwick_node-3] [INFO] [1770704165.337585814] [imu_filter]: Parameter RLController.pid_ki_lin set to 0.000000
[imu_filter_madgwick_node-3] [INFO] [1770704165.337662296] [imu_filter]: Parameter RLController.pid_kd_lin set to 0.020000
[imu_filter_madgwick_node-3] [INFO] [1770704165.337725370] [imu_filter]: Parameter RLController.pid_kp_ang set to 1.230663
[imu_filter_madgwick_node-3] [INFO] [1770704165.337780987] [imu_filter]: Parameter RLController.pid_ki_ang set to 0.000000
[imu_filter_madgwick_node-3] [INFO] [1770704165.337834620] [imu_filter]: Parameter RLController.pid_kd_ang set to 0.101210
[imu_filter_madgwick_node-3] [INFO] [1770704165.748418978] [imu_filter]: Parameter RLController.pid_kp_lin set to 1.213033
[imu_filter_madgwick_node-3] [INFO] [1770704165.748619718] [imu_filter]: Parameter RLController.pid_ki_lin set to 0.000000
[imu_filter_madgwick_node-3] [INFO] [1770704165.748689320] [imu_filter]: Parameter RLController.pid_kd_lin set to 0.020000
[imu_filter_madgwick_node-3] [INFO] [1770704165.748750569] [imu_filter]: Parameter RLController.pid_kp_ang set to 1.230663
[imu_filter_madgwick_node-3] [INFO] [1770704165.748806699] [imu_filter]: Parameter RLController.pid_ki_ang set to 0.000000
[imu_filter_madgwick_node-3] [INFO] [1770704165.748861196] [imu_filter]: Parameter RLController.pid_kd_ang set to 0.101210
[imu_filter_madgwick_node-3] [INFO] [1770704166.160929972] [imu_filter]: Parameter RLController.pid_kp_lin set to 1.213218
[imu_filter_madgwick_node-3] [INFO] [1770704166.161251676] [imu_filter]: Parameter RLController.pid_ki_lin set to 0.000000
[imu_filter_madgwick_node-3] [INFO] [1770704166.161325629] [imu_filter]: Parameter RLController.pid_kd_lin set to 0.020000
[imu_filter_madgwick_node-3] [INFO] [1770704166.161384671] [imu_filter]: Parameter RLController.pid_kp_ang set to 1.230663
[imu_filter_madgwick_node-3] [INFO] [1770704166.161436608] [imu_filter]: Parameter RLController.pid_ki_ang set to 0.000000
[imu_filter_madgwick_node-3] [INFO] [1770704166.161487073] [imu_filter]: Parameter RLController.pid_kd_ang set to 0.101210
[imu_filter_madgwick_node-3] [INFO] [1770704166.574261402] [imu_filter]: Parameter RLController.pid_kp_lin set to 1.213444
[imu_filter_madgwick_node-3] [INFO] [1770704166.582666301] [imu_filter]: Parameter RLController.pid_ki_lin set to 0.000000
[imu_filter_madgwick_node-3] [INFO] [1770704166.582862049] [imu_filter]: Parameter RLController.pid_kd_lin set to 0.020000
[imu_filter_madgwick_node-3] [INFO] [1770704166.583064550] [imu_filter]: Parameter RLController.pid_kp_ang set to 1.230663
[imu_filter_madgwick_node-3] [INFO] [1770704166.583131016] [imu_filter]: Parameter RLController.pid_ki_ang set to 0.000000
[imu_filter_madgwick_node-3] [INFO] [1770704166.583188905] [imu_filter]: Parameter RLController.pid_kd_ang set to 0.101210
[imu_filter_madgwick_node-3] [INFO] [1770704166.989100002] [imu_filter]: Parameter RLController.pid_kp_lin set to 1.213665
[imu_filter_madgwick_node-3] [INFO] [1770704166.996057540] [imu_filter]: Parameter RLController.pid_ki_lin set to 0.000000
[imu_filter_madgwick_node-3] [INFO] [1770704166.996293609] [imu_filter]: Parameter RLController.pid_kd_lin set to 0.020000
[imu_filter_madgwick_node-3] [INFO] [1770704166.996364331] [imu_filter]: Parameter RLController.pid_kp_ang set to 1.230663
[imu_filter_madgwick_node-3] [INFO] [1770704166.996422156] [imu_filter]: Parameter RLController.pid_ki_ang set to 0.000000
[imu_filter_madgwick_node-3] [INFO] [1770704166.996477613] [imu_filter]: Parameter RLController.pid_kd_ang set to 0.101210
[imu_filter_madgwick_node-3] [INFO] [1770704167.416367211] [imu_filter]: Parameter RLController.pid_kp_lin set to 1.213665
[imu_filter_madgwick_node-3] [INFO] [1770704167.416584144] [imu_filter]: Parameter RLController.pid_ki_lin set to 0.000000
[imu_filter_madgwick_node-3] [INFO] [1770704167.416657746] [imu_filter]: Parameter RLController.pid_kd_lin set to 0.020000
[imu_filter_madgwick_node-3] [INFO] [1770704167.416721459] [imu_filter]: Parameter RLController.pid_kp_ang set to 1.230663
[imu_filter_madgwick_node-3] [INFO] [1770704167.416780373] [imu_filter]: Parameter RLController.pid_ki_ang set to 0.000000
[imu_filter_madgwick_node-3] [INFO] [1770704167.416837046] [imu_filter]: Parameter RLController.pid_kd_ang set to 0.101277
[imu_filter_madgwick_node-3] [INFO] [1770704167.829389001] [imu_filter]: Parameter RLController.pid_kp_lin set to 1.213433
[imu_filter_madgwick_node-3] [INFO] [1770704167.832323534] [imu_filter]: Parameter RLController.pid_ki_lin set to 0.000000
[imu_filter_madgwick_node-3] [INFO] [1770704167.832503954] [imu_filter]: Parameter RLController.pid_kd_lin set to 0.020000
[imu_filter_madgwick_node-3] [INFO] [1770704167.832573875] [imu_filter]: Parameter RLController.pid_kp_ang set to 1.230663
[imu_filter_madgwick_node-3] [INFO] [1770704167.832631957] [imu_filter]: Parameter RLController.pid_ki_ang set to 0.000000
[imu_filter_madgwick_node-3] [INFO] [1770704167.832686774] [imu_filter]: Parameter RLController.pid_kd_ang set to 0.101333
[imu_filter_madgwick_node-3] [INFO] [1770704168.260755698] [imu_filter]: Parameter RLController.pid_kp_lin set to 1.213636
[imu_filter_madgwick_node-3] [INFO] [1770704168.260965911] [imu_filter]: Parameter RLController.pid_ki_lin set to 0.000000
[imu_filter_madgwick_node-3] [INFO] [1770704168.261055673] [imu_filter]: Parameter RLController.pid_kd_lin set to 0.020000
[imu_filter_madgwick_node-3] [INFO] [1770704168.261115802] [imu_filter]: Parameter RLController.pid_kp_ang set to 1.230663
[imu_filter_madgwick_node-3] [INFO] [1770704168.261169980] [imu_filter]: Parameter RLController.pid_ki_ang set to 0.000000
[imu_filter_madgwick_node-3] [INFO] [1770704168.261224477] [imu_filter]: Parameter RLController.pid_kd_ang set to 0.101333
[imu_filter_madgwick_node-3] [INFO] [1770704168.673550731] [imu_filter]: Parameter RLController.pid_kp_lin set to 1.213928
[imu_filter_madgwick_node-3] [INFO] [1770704168.673827569] [imu_filter]: Parameter RLController.pid_ki_lin set to 0.000000
[imu_filter_madgwick_node-3] [INFO] [1770704168.673990901] [imu_filter]: Parameter RLController.pid_kd_lin set to 0.020000
[imu_filter_madgwick_node-3] [INFO] [1770704168.674070679] [imu_filter]: Parameter RLController.pid_kp_ang set to 1.230663
[imu_filter_madgwick_node-3] [INFO] [1770704168.682410841] [imu_filter]: Parameter RLController.pid_ki_ang set to 0.000000
[imu_filter_madgwick_node-3] [INFO] [1770704168.685074359] [imu_filter]: Parameter RLController.pid_kd_ang set to 0.101333
[imu_filter_madgwick_node-3] [INFO] [1770704169.096167048] [imu_filter]: Parameter RLController.pid_kp_lin set to 1.214222
[imu_filter_madgwick_node-3] [INFO] [1770704169.096536913] [imu_filter]: Parameter RLController.pid_ki_lin set to 0.000000
[imu_filter_madgwick_node-3] [INFO] [1770704169.096619219] [imu_filter]: Parameter RLController.pid_kd_lin set to 0.020000
[imu_filter_madgwick_node-3] [INFO] [1770704169.096788566] [imu_filter]: Parameter RLController.pid_kp_ang set to 1.230663
[imu_filter_madgwick_node-3] [INFO] [1770704169.096848312] [imu_filter]: Parameter RLController.pid_ki_ang set to 0.000000
[imu_filter_madgwick_node-3] [INFO] [1770704169.096903129] [imu_filter]: Parameter RLController.pid_kd_ang set to 0.101333
[imu_filter_madgwick_node-3] [INFO] [1770704169.525627876] [imu_filter]: Parameter RLController.pid_kp_lin set to 1.214428
[imu_filter_madgwick_node-3] [INFO] [1770704169.525949868] [imu_filter]: Parameter RLController.pid_ki_lin set to 0.000000
[imu_filter_madgwick_node-3] [INFO] [1770704169.526055694] [imu_filter]: Parameter RLController.pid_kd_lin set to 0.020000
[imu_filter_madgwick_node-3] [INFO] [1770704169.526130416] [imu_filter]: Parameter RLController.pid_kp_ang set to 1.230663
[imu_filter_madgwick_node-3] [INFO] [1770704169.526191697] [imu_filter]: Parameter RLController.pid_ki_ang set to 0.000000
[imu_filter_madgwick_node-3] [INFO] [1770704169.526247923] [imu_filter]: Parameter RLController.pid_kd_ang set to 0.101333
[imu_filter_madgwick_node-3] [INFO] [1770704169.942964679] [imu_filter]: Parameter RLController.pid_kp_lin set to 1.214428
[imu_filter_madgwick_node-3] [INFO] [1770704169.943267054] [imu_filter]: Parameter RLController.pid_ki_lin set to 0.000000
[imu_filter_madgwick_node-3] [INFO] [1770704169.943351824] [imu_filter]: Parameter RLController.pid_kd_lin set to 0.020000
[imu_filter_madgwick_node-3] [INFO] [1770704169.943418161] [imu_filter]: Parameter RLController.pid_kp_ang set to 1.230663
[imu_filter_madgwick_node-3] [INFO] [1770704169.943544980] [imu_filter]: Parameter RLController.pid_ki_ang set to 0.000000
[imu_filter_madgwick_node-3] [INFO] [1770704169.943609558] [imu_filter]: Parameter RLController.pid_kd_ang set to 0.101333
[imu_filter_madgwick_node-3] [INFO] [1770704170.358696932] [imu_filter]: Parameter RLController.pid_kp_lin set to 1.214607
[imu_filter_madgwick_node-3] [INFO] [1770704170.361799020] [imu_filter]: Parameter RLController.pid_ki_lin set to 0.000000
[imu_filter_madgwick_node-3] [INFO] [1770704170.362093875] [imu_filter]: Parameter RLController.pid_kd_lin set to 0.020000
[imu_filter_madgwick_node-3] [INFO] [1770704170.362187477] [imu_filter]: Parameter RLController.pid_kp_ang set to 1.230663
[imu_filter_madgwick_node-3] [INFO] [1770704170.362247446] [imu_filter]: Parameter RLController.pid_ki_ang set to 0.000000
[imu_filter_madgwick_node-3] [INFO] [1770704170.362302936] [imu_filter]: Parameter RLController.pid_kd_ang set to 0.101333
[imu_filter_madgwick_node-3] [INFO] [1770704170.777281827] [imu_filter]: Parameter RLController.pid_kp_lin set to 1.214799
[imu_filter_madgwick_node-3] [INFO] [1770704170.780649202] [imu_filter]: Parameter RLController.pid_ki_lin set to 0.000000
[imu_filter_madgwick_node-3] [INFO] [1770704170.780856310] [imu_filter]: Parameter RLController.pid_kd_lin set to 0.020000
[imu_filter_madgwick_node-3] [INFO] [1770704170.780929528] [imu_filter]: Parameter RLController.pid_kp_ang set to 1.230663
[imu_filter_madgwick_node-3] [INFO] [1770704170.780986490] [imu_filter]: Parameter RLController.pid_ki_ang set to 0.000000
[imu_filter_madgwick_node-3] [INFO] [1770704170.785083449] [imu_filter]: Parameter RLController.pid_kd_ang set to 0.101333
[imu_filter_madgwick_node-3] [INFO] [1770704171.204584846] [imu_filter]: Parameter RLController.pid_kp_lin set to 1.214967
[imu_filter_madgwick_node-3] [INFO] [1770704171.204803443] [imu_filter]: Parameter RLController.pid_ki_lin set to 0.000000
[imu_filter_madgwick_node-3] [INFO] [1770704171.204874068] [imu_filter]: Parameter RLController.pid_kd_lin set to 0.020000
[imu_filter_madgwick_node-3] [INFO] [1770704171.204935382] [imu_filter]: Parameter RLController.pid_kp_ang set to 1.230663
[imu_filter_madgwick_node-3] [INFO] [1770704171.204991351] [imu_filter]: Parameter RLController.pid_ki_ang set to 0.000000
[imu_filter_madgwick_node-3] [INFO] [1770704171.205046456] [imu_filter]: Parameter RLController.pid_kd_ang set to 0.101333
[imu_filter_madgwick_node-3] [INFO] [1770704171.627745111] [imu_filter]: Parameter RLController.pid_kp_lin set to 1.215133
[imu_filter_madgwick_node-3] [INFO] [1770704171.631223048] [imu_filter]: Parameter RLController.pid_ki_lin set to 0.000000
[imu_filter_madgwick_node-3] [INFO] [1770704171.631420589] [imu_filter]: Parameter RLController.pid_kd_lin set to 0.020000
[imu_filter_madgwick_node-3] [INFO] [1770704171.631487342] [imu_filter]: Parameter RLController.pid_kp_ang set to 1.230663
[imu_filter_madgwick_node-3] [INFO] [1770704171.631543856] [imu_filter]: Parameter RLController.pid_ki_ang set to 0.000000
[imu_filter_madgwick_node-3] [INFO] [1770704171.631598289] [imu_filter]: Parameter RLController.pid_kd_ang set to 0.101333
[imu_filter_madgwick_node-3] [INFO] [1770704172.062526287] [imu_filter]: Parameter RLController.pid_kp_lin set to 1.215133
[imu_filter_madgwick_node-3] [INFO] [1770704172.062738740] [imu_filter]: Parameter RLController.pid_ki_lin set to 0.000000
[imu_filter_madgwick_node-3] [INFO] [1770704172.064818148] [imu_filter]: Parameter RLController.pid_kd_lin set to 0.020000
[imu_filter_madgwick_node-3] [INFO] [1770704172.064973512] [imu_filter]: Parameter RLController.pid_kp_ang set to 1.230663
[imu_filter_madgwick_node-3] [INFO] [1770704172.065036074] [imu_filter]: Parameter RLController.pid_ki_ang set to 0.000000
[imu_filter_madgwick_node-3] [INFO] [1770704172.065219982] [imu_filter]: Parameter RLController.pid_kd_ang set to 0.101333
[imu_filter_madgwick_node-3] [INFO] [1770704172.483486758] [imu_filter]: Parameter RLController.pid_kp_lin set to 1.215300
[imu_filter_madgwick_node-3] [INFO] [1770704172.483666218] [imu_filter]: Parameter RLController.pid_ki_lin set to 0.000000
[imu_filter_madgwick_node-3] [INFO] [1770704172.483804621] [imu_filter]: Parameter RLController.pid_kd_lin set to 0.020000
[imu_filter_madgwick_node-3] [INFO] [1770704172.483886351] [imu_filter]: Parameter RLController.pid_kp_ang set to 1.230663
[imu_filter_madgwick_node-3] [INFO] [1770704172.487291646] [imu_filter]: Parameter RLController.pid_ki_ang set to 0.000000
[imu_filter_madgwick_node-3] [INFO] [1770704172.487592933] [imu_filter]: Parameter RLController.pid_kd_ang set to 0.101333
[imu_filter_madgwick_node-3] [INFO] [1770704172.906202213] [imu_filter]: Parameter RLController.pid_kp_lin set to 1.215300
[imu_filter_madgwick_node-3] [INFO] [1770704172.906401418] [imu_filter]: Parameter RLController.pid_ki_lin set to 0.000000
[imu_filter_madgwick_node-3] [INFO] [1770704172.906469228] [imu_filter]: Parameter RLController.pid_kd_lin set to 0.020000
[imu_filter_madgwick_node-3] [INFO] [1770704172.910377190] [imu_filter]: Parameter RLController.pid_kp_ang set to 1.230663
[imu_filter_madgwick_node-3] [INFO] [1770704172.910585899] [imu_filter]: Parameter RLController.pid_ki_ang set to 0.000000
[imu_filter_madgwick_node-3] [INFO] [1770704172.910654445] [imu_filter]: Parameter RLController.pid_kd_ang set to 0.101333
[imu_filter_madgwick_node-3] [INFO] [1770704173.327139516] [imu_filter]: Parameter RLController.pid_kp_lin set to 1.215300
[imu_filter_madgwick_node-3] [INFO] [1770704173.327641287] [imu_filter]: Parameter RLController.pid_ki_lin set to 0.000000
[imu_filter_madgwick_node-3] [INFO] [1770704173.327756458] [imu_filter]: Parameter RLController.pid_kd_lin set to 0.020000
[imu_filter_madgwick_node-3] [INFO] [1770704173.327826187] [imu_filter]: Parameter RLController.pid_kp_ang set to 1.230663
[imu_filter_madgwick_node-3] [INFO] [1770704173.327883149] [imu_filter]: Parameter RLController.pid_ki_ang set to 0.000000
[imu_filter_madgwick_node-3] [INFO] [1770704173.327934990] [imu_filter]: Parameter RLController.pid_kd_ang set to 0.101333
[imu_filter_madgwick_node-3] [INFO] [1770704173.769374529] [imu_filter]: Parameter RLController.pid_kp_lin set to 1.215300
[imu_filter_madgwick_node-3] [INFO] [1770704173.769560805] [imu_filter]: Parameter RLController.pid_ki_lin set to 0.000000
[imu_filter_madgwick_node-3] [INFO] [1770704173.769628198] [imu_filter]: Parameter RLController.pid_kd_lin set to 0.020000
[imu_filter_madgwick_node-3] [INFO] [1770704173.769681448] [imu_filter]: Parameter RLController.pid_kp_ang set to 1.230663
[imu_filter_madgwick_node-3] [INFO] [1770704173.775122214] [imu_filter]: Parameter RLController.pid_ki_ang set to 0.000000
[imu_filter_madgwick_node-3] [INFO] [1770704173.775438670] [imu_filter]: Parameter RLController.pid_kd_ang set to 0.101333
[imu_filter_madgwick_node-3] [INFO] [1770704174.184759926] [imu_filter]: Parameter RLController.pid_kp_lin set to 1.215300
[imu_filter_madgwick_node-3] [INFO] [1770704174.187245487] [imu_filter]: Parameter RLController.pid_ki_lin set to 0.000000
[imu_filter_madgwick_node-3] [INFO] [1770704174.187425364] [imu_filter]: Parameter RLController.pid_kd_lin set to 0.020000
[imu_filter_madgwick_node-3] [INFO] [1770704174.187489813] [imu_filter]: Parameter RLController.pid_kp_ang set to 1.230663
[imu_filter_madgwick_node-3] [INFO] [1770704174.187545046] [imu_filter]: Parameter RLController.pid_ki_ang set to 0.000000
[imu_filter_madgwick_node-3] [INFO] [1770704174.187599224] [imu_filter]: Parameter RLController.pid_kd_ang set to 0.101333
[imu_filter_madgwick_node-3] [INFO] [1770704174.607370355] [imu_filter]: Parameter RLController.pid_kp_lin set to 1.215300
[imu_filter_madgwick_node-3] [INFO] [1770704174.607577368] [imu_filter]: Parameter RLController.pid_ki_lin set to 0.000000
[imu_filter_madgwick_node-3] [INFO] [1770704174.607647289] [imu_filter]: Parameter RLController.pid_kd_lin set to 0.020000
[imu_filter_madgwick_node-3] [INFO] [1770704174.607709371] [imu_filter]: Parameter RLController.pid_kp_ang set to 1.230663
[imu_filter_madgwick_node-3] [INFO] [1770704174.607765340] [imu_filter]: Parameter RLController.pid_ki_ang set to 0.000000
[imu_filter_madgwick_node-3] [INFO] [1770704174.607814941] [imu_filter]: Parameter RLController.pid_kd_ang set to 0.101333
[imu_filter_madgwick_node-3] [INFO] [1770704175.033115481] [imu_filter]: Parameter RLController.pid_kp_lin set to 1.215300
[imu_filter_madgwick_node-3] [INFO] [1770704175.033355806] [imu_filter]: Parameter RLController.pid_ki_lin set to 0.000000
[imu_filter_madgwick_node-3] [INFO] [1770704175.033429504] [imu_filter]: Parameter RLController.pid_kd_lin set to 0.020000
[imu_filter_madgwick_node-3] [INFO] [1770704175.033489313] [imu_filter]: Parameter RLController.pid_kp_ang set to 1.230663
[imu_filter_madgwick_node-3] [INFO] [1770704175.033546851] [imu_filter]: Parameter RLController.pid_ki_ang set to 0.000000
[imu_filter_madgwick_node-3] [INFO] [1770704175.034894242] [imu_filter]: Parameter RLController.pid_kd_ang set to 0.101333
[imu_filter_madgwick_node-3] [INFO] [1770704175.463123778] [imu_filter]: Parameter RLController.pid_kp_lin set to 1.215300
[imu_filter_madgwick_node-3] [INFO] [1770704175.463666926] [imu_filter]: Parameter RLController.pid_ki_lin set to 0.000000
[imu_filter_madgwick_node-3] [INFO] [1770704175.463788657] [imu_filter]: Parameter RLController.pid_kd_lin set to 0.020000
[imu_filter_madgwick_node-3] [INFO] [1770704175.463845554] [imu_filter]: Parameter RLController.pid_kp_ang set to 1.230663
[imu_filter_madgwick_node-3] [INFO] [1770704175.467292354] [imu_filter]: Parameter RLController.pid_ki_ang set to 0.000000
[imu_filter_madgwick_node-3] [INFO] [1770704175.467597130] [imu_filter]: Parameter RLController.pid_kd_ang set to 0.101333
[imu_filter_madgwick_node-3] [INFO] [1770704175.877084502] [imu_filter]: Parameter RLController.pid_kp_lin set to 1.215300
[imu_filter_madgwick_node-3] [INFO] [1770704175.880821260] [imu_filter]: Parameter RLController.pid_ki_lin set to 0.000000
[imu_filter_madgwick_node-3] [INFO] [1770704175.883063585] [imu_filter]: Parameter RLController.pid_kd_lin set to 0.020000
[imu_filter_madgwick_node-3] [INFO] [1770704175.889306290] [imu_filter]: Parameter RLController.pid_kp_ang set to 1.230663
[imu_filter_madgwick_node-3] [INFO] [1770704175.889490454] [imu_filter]: Parameter RLController.pid_ki_ang set to 0.000000
[imu_filter_madgwick_node-3] [INFO] [1770704175.889563960] [imu_filter]: Parameter RLController.pid_kd_ang set to 0.101333
[imu_filter_madgwick_node-3] [INFO] [1770704176.301014001] [imu_filter]: Parameter RLController.pid_kp_lin set to 1.215300
[imu_filter_madgwick_node-3] [INFO] [1770704176.305210963] [imu_filter]: Parameter RLController.pid_ki_lin set to 0.000000
[imu_filter_madgwick_node-3] [INFO] [1770704176.305407191] [imu_filter]: Parameter RLController.pid_kd_lin set to 0.020000
[imu_filter_madgwick_node-3] [INFO] [1770704176.305475257] [imu_filter]: Parameter RLController.pid_kp_ang set to 1.230663
[imu_filter_madgwick_node-3] [INFO] [1770704176.305531578] [imu_filter]: Parameter RLController.pid_ki_ang set to 0.000000
[imu_filter_madgwick_node-3] [INFO] [1770704176.305584604] [imu_filter]: Parameter RLController.pid_kd_ang set to 0.101333
[imu_filter_madgwick_node-3] [INFO] [1770704176.726467600] [imu_filter]: Parameter RLController.pid_kp_lin set to 1.215300
[imu_filter_madgwick_node-3] [INFO] [1770704176.726681269] [imu_filter]: Parameter RLController.pid_ki_lin set to 0.000000
[imu_filter_madgwick_node-3] [INFO] [1770704176.726747799] [imu_filter]: Parameter RLController.pid_kd_lin set to 0.020000
[imu_filter_madgwick_node-3] [INFO] [1770704176.726808408] [imu_filter]: Parameter RLController.pid_kp_ang set to 1.230663
[imu_filter_madgwick_node-3] [INFO] [1770704176.726864698] [imu_filter]: Parameter RLController.pid_ki_ang set to 0.000000
[imu_filter_madgwick_node-3] [INFO] [1770704176.726920763] [imu_filter]: Parameter RLController.pid_kd_ang set to 0.101333
[imu_filter_madgwick_node-3] [INFO] [1770704177.142945471] [imu_filter]: Parameter RLController.pid_kp_lin set to 1.215300
[imu_filter_madgwick_node-3] [INFO] [1770704177.143160452] [imu_filter]: Parameter RLController.pid_ki_lin set to 0.000000
[imu_filter_madgwick_node-3] [INFO] [1770704177.143244262] [imu_filter]: Parameter RLController.pid_kd_lin set to 0.020000
[imu_filter_madgwick_node-3] [INFO] [1770704177.143307431] [imu_filter]: Parameter RLController.pid_kp_ang set to 1.230663
[imu_filter_madgwick_node-3] [INFO] [1770704177.143363433] [imu_filter]: Parameter RLController.pid_ki_ang set to 0.000000
[imu_filter_madgwick_node-3] [INFO] [1770704177.143415306] [imu_filter]: Parameter RLController.pid_kd_ang set to 0.101333
[imu_filter_madgwick_node-3] [INFO] [1770704177.559211049] [imu_filter]: Parameter RLController.pid_kp_lin set to 1.215300
[imu_filter_madgwick_node-3] [INFO] [1770704177.561729091] [imu_filter]: Parameter RLController.pid_ki_lin set to 0.000000
[imu_filter_madgwick_node-3] [INFO] [1770704177.561893127] [imu_filter]: Parameter RLController.pid_kd_lin set to 0.020000
[imu_filter_madgwick_node-3] [INFO] [1770704177.561969289] [imu_filter]: Parameter RLController.pid_kp_ang set to 1.230663
[imu_filter_madgwick_node-3] [INFO] [1770704177.562028810] [imu_filter]: Parameter RLController.pid_ki_ang set to 0.000000
[imu_filter_madgwick_node-3] [INFO] [1770704177.562136013] [imu_filter]: Parameter RLController.pid_kd_ang set to 0.101333
[imu_filter_madgwick_node-3] [INFO] [1770704177.983625199] [imu_filter]: Parameter RLController.pid_kp_lin set to 1.215300
[imu_filter_madgwick_node-3] [INFO] [1770704177.984138267] [imu_filter]: Parameter RLController.pid_ki_lin set to 0.000000
[imu_filter_madgwick_node-3] [INFO] [1770704177.984268702] [imu_filter]: Parameter RLController.pid_kd_lin set to 0.020000
[imu_filter_madgwick_node-3] [INFO] [1770704177.984340832] [imu_filter]: Parameter RLController.pid_kp_ang set to 1.230663
[imu_filter_madgwick_node-3] [INFO] [1770704177.984397857] [imu_filter]: Parameter RLController.pid_ki_ang set to 0.000000
[imu_filter_madgwick_node-3] [INFO] [1770704177.984450467] [imu_filter]: Parameter RLController.pid_kd_ang set to 0.101333
[imu_filter_madgwick_node-3] [INFO] [1770704178.411262753] [imu_filter]: Parameter RLController.pid_kp_lin set to 1.215300
[imu_filter_madgwick_node-3] [INFO] [1770704178.411481382] [imu_filter]: Parameter RLController.pid_ki_lin set to 0.000000
[imu_filter_madgwick_node-3] [INFO] [1770704178.411757101] [imu_filter]: Parameter RLController.pid_kd_lin set to 0.020000
[imu_filter_madgwick_node-3] [INFO] [1770704178.411829807] [imu_filter]: Parameter RLController.pid_kp_ang set to 1.230663
[imu_filter_madgwick_node-3] [INFO] [1770704178.411887824] [imu_filter]: Parameter RLController.pid_ki_ang set to 0.000000
[imu_filter_madgwick_node-3] [INFO] [1770704178.411941169] [imu_filter]: Parameter RLController.pid_kd_ang set to 0.101333
[imu_filter_madgwick_node-3] [INFO] [1770704178.824763851] [imu_filter]: Parameter RLController.pid_kp_lin set to 1.215300
[imu_filter_madgwick_node-3] [INFO] [1770704178.827341287] [imu_filter]: Parameter RLController.pid_ki_lin set to 0.000000
[imu_filter_madgwick_node-3] [INFO] [1770704178.827503434] [imu_filter]: Parameter RLController.pid_kd_lin set to 0.020000
[imu_filter_madgwick_node-3] [INFO] [1770704178.827569804] [imu_filter]: Parameter RLController.pid_kp_ang set to 1.230663
[imu_filter_madgwick_node-3] [INFO] [1770704178.827625837] [imu_filter]: Parameter RLController.pid_ki_ang set to 0.000000
[imu_filter_madgwick_node-3] [INFO] [1770704178.827679406] [imu_filter]: Parameter RLController.pid_kd_ang set to 0.101333
[imu_filter_madgwick_node-3] [INFO] [1770704179.251204545] [imu_filter]: Parameter RLController.pid_kp_lin set to 1.215300
[imu_filter_madgwick_node-3] [INFO] [1770704179.258827730] [imu_filter]: Parameter RLController.pid_ki_lin set to 0.000000
[imu_filter_madgwick_node-3] [INFO] [1770704179.259171962] [imu_filter]: Parameter RLController.pid_kd_lin set to 0.020000
[imu_filter_madgwick_node-3] [INFO] [1770704179.259257628] [imu_filter]: Parameter RLController.pid_kp_ang set to 1.230663
[imu_filter_madgwick_node-3] [INFO] [1770704179.259317469] [imu_filter]: Parameter RLController.pid_ki_ang set to 0.000000
[imu_filter_madgwick_node-3] [INFO] [1770704179.259371295] [imu_filter]: Parameter RLController.pid_kd_ang set to 0.101333
[imu_filter_madgwick_node-3] [INFO] [1770704179.668877035] [imu_filter]: Parameter RLController.pid_kp_lin set to 1.215300
[imu_filter_madgwick_node-3] [INFO] [1770704179.669080816] [imu_filter]: Parameter RLController.pid_ki_lin set to 0.000000
[imu_filter_madgwick_node-3] [INFO] [1770704179.669150737] [imu_filter]: Parameter RLController.pid_kd_lin set to 0.020000
[imu_filter_madgwick_node-3] [INFO] [1770704179.669215475] [imu_filter]: Parameter RLController.pid_kp_ang set to 1.230663
[imu_filter_madgwick_node-3] [INFO] [1770704179.669273972] [imu_filter]: Parameter RLController.pid_ki_ang set to 0.000000
[imu_filter_madgwick_node-3] [INFO] [1770704179.669328950] [imu_filter]: Parameter RLController.pid_kd_ang set to 0.101333
[imu_filter_madgwick_node-3] [INFO] [1770704180.108383761] [imu_filter]: Parameter RLController.pid_kp_lin set to 1.215300
[imu_filter_madgwick_node-3] [INFO] [1770704180.108619286] [imu_filter]: Parameter RLController.pid_ki_lin set to 0.000000
[imu_filter_madgwick_node-3] [INFO] [1770704180.108695160] [imu_filter]: Parameter RLController.pid_kd_lin set to 0.020000
[imu_filter_madgwick_node-3] [INFO] [1770704180.108757305] [imu_filter]: Parameter RLController.pid_kp_ang set to 1.230663
[imu_filter_madgwick_node-3] [INFO] [1770704180.108812891] [imu_filter]: Parameter RLController.pid_ki_ang set to 0.000000
[imu_filter_madgwick_node-3] [INFO] [1770704180.108866300] [imu_filter]: Parameter RLController.pid_kd_ang set to 0.101333
[imu_filter_madgwick_node-3] [INFO] [1770704180.530819882] [imu_filter]: Parameter RLController.pid_kp_lin set to 1.215300
[imu_filter_madgwick_node-3] [INFO] [1770704180.531021390] [imu_filter]: Parameter RLController.pid_ki_lin set to 0.000000
[imu_filter_madgwick_node-3] [INFO] [1770704180.531097104] [imu_filter]: Parameter RLController.pid_kd_lin set to 0.020000
[imu_filter_madgwick_node-3] [INFO] [1770704180.531158194] [imu_filter]: Parameter RLController.pid_kp_ang set to 1.230663
[imu_filter_madgwick_node-3] [INFO] [1770704180.531211251] [imu_filter]: Parameter RLController.pid_ki_ang set to 0.000000
[imu_filter_madgwick_node-3] [INFO] [1770704180.531265748] [imu_filter]: Parameter RLController.pid_kd_ang set to 0.101333
[imu_filter_madgwick_node-3] [INFO] [1770704180.948986175] [imu_filter]: Parameter RLController.pid_kp_lin set to 1.215300
[imu_filter_madgwick_node-3] [INFO] [1770704180.949181316] [imu_filter]: Parameter RLController.pid_ki_lin set to 0.000000
[imu_filter_madgwick_node-3] [INFO] [1770704180.949261510] [imu_filter]: Parameter RLController.pid_kd_lin set to 0.020000
[imu_filter_madgwick_node-3] [INFO] [1770704180.949320583] [imu_filter]: Parameter RLController.pid_kp_ang set to 1.230663
[imu_filter_madgwick_node-3] [INFO] [1770704180.949374184] [imu_filter]: Parameter RLController.pid_ki_ang set to 0.000000
[imu_filter_madgwick_node-3] [INFO] [1770704180.949424842] [imu_filter]: Parameter RLController.pid_kd_ang set to 0.101333
[imu_filter_madgwick_node-3] [INFO] [1770704181.368376178] [imu_filter]: Parameter RLController.pid_kp_lin set to 1.215300
[imu_filter_madgwick_node-3] [INFO] [1770704181.368659608] [imu_filter]: Parameter RLController.pid_ki_lin set to 0.000000
[imu_filter_madgwick_node-3] [INFO] [1770704181.368733050] [imu_filter]: Parameter RLController.pid_kd_lin set to 0.020000
[imu_filter_madgwick_node-3] [INFO] [1770704181.368910334] [imu_filter]: Parameter RLController.pid_kp_ang set to 1.230663
[imu_filter_madgwick_node-3] [INFO] [1770704181.368979808] [imu_filter]: Parameter RLController.pid_ki_ang set to 0.000000
[imu_filter_madgwick_node-3] [INFO] [1770704181.369035745] [imu_filter]: Parameter RLController.pid_kd_ang set to 0.101333
[imu_filter_madgwick_node-3] [INFO] [1770704181.777543190] [imu_filter]: Parameter RLController.pid_kp_lin set to 1.215300
[imu_filter_madgwick_node-3] [INFO] [1770704181.777867326] [imu_filter]: Parameter RLController.pid_ki_lin set to 0.000000
[imu_filter_madgwick_node-3] [INFO] [1770704181.777946336] [imu_filter]: Parameter RLController.pid_kd_lin set to 0.020000
[imu_filter_madgwick_node-3] [INFO] [1770704181.778011233] [imu_filter]: Parameter RLController.pid_kp_ang set to 1.230663
[imu_filter_madgwick_node-3] [INFO] [1770704181.778065730] [imu_filter]: Parameter RLController.pid_ki_ang set to 0.000000
[imu_filter_madgwick_node-3] [INFO] [1770704181.778117476] [imu_filter]: Parameter RLController.pid_kd_ang set to 0.101333
[imu_filter_madgwick_node-3] [INFO] [1770704182.202847122] [imu_filter]: Parameter RLController.pid_kp_lin set to 1.215300
[imu_filter_madgwick_node-3] [INFO] [1770704182.203053687] [imu_filter]: Parameter RLController.pid_ki_lin set to 0.000000
[imu_filter_madgwick_node-3] [INFO] [1770704182.203130424] [imu_filter]: Parameter RLController.pid_kd_lin set to 0.020000
[imu_filter_madgwick_node-3] [INFO] [1770704182.203189946] [imu_filter]: Parameter RLController.pid_kp_ang set to 1.230663
[imu_filter_madgwick_node-3] [INFO] [1770704182.203238459] [imu_filter]: Parameter RLController.pid_ki_ang set to 0.000000
[imu_filter_madgwick_node-3] [INFO] [1770704182.205688724] [imu_filter]: Parameter RLController.pid_kd_ang set to 0.101333
[imu_filter_madgwick_node-3] [INFO] [1770704182.607902135] [imu_filter]: Parameter RLController.pid_kp_lin set to 1.215300
[imu_filter_madgwick_node-3] [INFO] [1770704182.608097947] [imu_filter]: Parameter RLController.pid_ki_lin set to 0.000000
[imu_filter_madgwick_node-3] [INFO] [1770704182.609975047] [imu_filter]: Parameter RLController.pid_kd_lin set to 0.020000
[imu_filter_madgwick_node-3] [INFO] [1770704182.610162539] [imu_filter]: Parameter RLController.pid_kp_ang set to 1.230663
[imu_filter_madgwick_node-3] [INFO] [1770704182.610241133] [imu_filter]: Parameter RLController.pid_ki_ang set to 0.000000
[imu_filter_madgwick_node-3] [INFO] [1770704182.610306639] [imu_filter]: Parameter RLController.pid_kd_ang set to 0.101333
[imu_filter_madgwick_node-3] [INFO] [1770704183.023418287] [imu_filter]: Parameter RLController.pid_kp_lin set to 1.215300
[imu_filter_madgwick_node-3] [INFO] [1770704183.025245242] [imu_filter]: Parameter RLController.pid_ki_lin set to 0.000000
[imu_filter_madgwick_node-3] [INFO] [1770704183.025434334] [imu_filter]: Parameter RLController.pid_kd_lin set to 0.020000
[imu_filter_madgwick_node-3] [INFO] [1770704183.025506400] [imu_filter]: Parameter RLController.pid_kp_ang set to 1.230663
[imu_filter_madgwick_node-3] [INFO] [1770704183.025562945] [imu_filter]: Parameter RLController.pid_ki_ang set to 0.000000
[imu_filter_madgwick_node-3] [INFO] [1770704183.025617986] [imu_filter]: Parameter RLController.pid_kd_ang set to 0.101333
[imu_filter_madgwick_node-3] [INFO] [1770704183.443951964] [imu_filter]: Parameter RLController.pid_kp_lin set to 1.215300
[imu_filter_madgwick_node-3] [INFO] [1770704183.444168705] [imu_filter]: Parameter RLController.pid_ki_lin set to 0.000000
[imu_filter_madgwick_node-3] [INFO] [1770704183.444434343] [imu_filter]: Parameter RLController.pid_kd_lin set to 0.020000
[imu_filter_madgwick_node-3] [INFO] [1770704183.444513257] [imu_filter]: Parameter RLController.pid_kp_ang set to 1.230663
[imu_filter_madgwick_node-3] [INFO] [1770704183.444567594] [imu_filter]: Parameter RLController.pid_ki_ang set to 0.000000
[imu_filter_madgwick_node-3] [INFO] [1770704183.444621099] [imu_filter]: Parameter RLController.pid_kd_ang set to 0.101333
[imu_filter_madgwick_node-3] [INFO] [1770704183.871742993] [imu_filter]: Parameter RLController.pid_kp_lin set to 1.215300
[imu_filter_madgwick_node-3] [INFO] [1770704183.871930646] [imu_filter]: Parameter RLController.pid_ki_lin set to 0.000000
[imu_filter_madgwick_node-3] [INFO] [1770704183.871999031] [imu_filter]: Parameter RLController.pid_kd_lin set to 0.020000
[imu_filter_madgwick_node-3] [INFO] [1770704183.872058649] [imu_filter]: Parameter RLController.pid_kp_ang set to 1.230663
[imu_filter_madgwick_node-3] [INFO] [1770704183.872113114] [imu_filter]: Parameter RLController.pid_ki_ang set to 0.000000
[imu_filter_madgwick_node-3] [INFO] [1770704183.872166043] [imu_filter]: Parameter RLController.pid_kd_ang set to 0.101333
[imu_filter_madgwick_node-3] [INFO] [1770704184.286530809] [imu_filter]: Parameter RLController.pid_kp_lin set to 1.215300
[imu_filter_madgwick_node-3] [INFO] [1770704184.286739645] [imu_filter]: Parameter RLController.pid_ki_lin set to 0.000000
[imu_filter_madgwick_node-3] [INFO] [1770704184.286810431] [imu_filter]: Parameter RLController.pid_kd_lin set to 0.020000
[imu_filter_madgwick_node-3] [INFO] [1770704184.286872993] [imu_filter]: Parameter RLController.pid_kp_ang set to 1.230663
[imu_filter_madgwick_node-3] [INFO] [1770704184.286927426] [imu_filter]: Parameter RLController.pid_ki_ang set to 0.000000
[imu_filter_madgwick_node-3] [INFO] [1770704184.287090854] [imu_filter]: Parameter RLController.pid_kd_ang set to 0.101333
[imu_filter_madgwick_node-3] [INFO] [1770704184.696495856] [imu_filter]: Parameter RLController.pid_kp_lin set to 1.215300
[imu_filter_madgwick_node-3] [INFO] [1770704184.696710421] [imu_filter]: Parameter RLController.pid_ki_lin set to 0.000000
[imu_filter_madgwick_node-3] [INFO] [1770704184.696785526] [imu_filter]: Parameter RLController.pid_kd_lin set to 0.020000
[imu_filter_madgwick_node-3] [INFO] [1770704184.697694764] [imu_filter]: Parameter RLController.pid_kp_ang set to 1.230663
[imu_filter_madgwick_node-3] [INFO] [1770704184.698666690] [imu_filter]: Parameter RLController.pid_ki_ang set to 0.000000
[imu_filter_madgwick_node-3] [INFO] [1770704184.698802341] [imu_filter]: Parameter RLController.pid_kd_ang set to 0.101333
[imu_filter_madgwick_node-3] [INFO] [1770704185.126508345] [imu_filter]: Parameter RLController.pid_kp_lin set to 1.215300
[imu_filter_madgwick_node-3] [INFO] [1770704185.130369715] [imu_filter]: Parameter RLController.pid_ki_lin set to 0.000000
[imu_filter_madgwick_node-3] [INFO] [1770704185.130576983] [imu_filter]: Parameter RLController.pid_kd_lin set to 0.020000
[imu_filter_madgwick_node-3] [INFO] [1770704185.130648857] [imu_filter]: Parameter RLController.pid_kp_ang set to 1.230663
[imu_filter_madgwick_node-3] [INFO] [1770704185.130705338] [imu_filter]: Parameter RLController.pid_ki_ang set to 0.000000
[imu_filter_madgwick_node-3] [INFO] [1770704185.130760540] [imu_filter]: Parameter RLController.pid_kd_ang set to 0.101333
[imu_filter_madgwick_node-3] [INFO] [1770704185.540245128] [imu_filter]: Parameter RLController.pid_kp_lin set to 1.215300
[imu_filter_madgwick_node-3] [INFO] [1770704185.540481805] [imu_filter]: Parameter RLController.pid_ki_lin set to 0.000000
[imu_filter_madgwick_node-3] [INFO] [1770704185.540600336] [imu_filter]: Parameter RLController.pid_kd_lin set to 0.020000
[imu_filter_madgwick_node-3] [INFO] [1770704185.540676850] [imu_filter]: Parameter RLController.pid_kp_ang set to 1.230663
[imu_filter_madgwick_node-3] [INFO] [1770704185.540823253] [imu_filter]: Parameter RLController.pid_ki_ang set to 0.000000
[imu_filter_madgwick_node-3] [INFO] [1770704185.540895063] [imu_filter]: Parameter RLController.pid_kd_ang set to 0.101333
[imu_filter_madgwick_node-3] [INFO] [1770704185.956354350] [imu_filter]: Parameter RLController.pid_kp_lin set to 1.215300
[imu_filter_madgwick_node-3] [INFO] [1770704185.956694133] [imu_filter]: Parameter RLController.pid_ki_lin set to 0.000000
[imu_filter_madgwick_node-3] [INFO] [1770704185.956824056] [imu_filter]: Parameter RLController.pid_kd_lin set to 0.020000
[imu_filter_madgwick_node-3] [INFO] [1770704185.956895802] [imu_filter]: Parameter RLController.pid_kp_ang set to 1.230663
[imu_filter_madgwick_node-3] [INFO] [1770704185.957497192] [imu_filter]: Parameter RLController.pid_ki_ang set to 0.000000
[imu_filter_madgwick_node-3] [INFO] [1770704185.957692525] [imu_filter]: Parameter RLController.pid_kd_ang set to 0.101333
[imu_filter_madgwick_node-3] [INFO] [1770704186.363117882] [imu_filter]: Parameter RLController.pid_kp_lin set to 1.215300
[imu_filter_madgwick_node-3] [INFO] [1770704186.363312479] [imu_filter]: Parameter RLController.pid_ki_lin set to 0.000000
[imu_filter_madgwick_node-3] [INFO] [1770704186.363381472] [imu_filter]: Parameter RLController.pid_kd_lin set to 0.020000
[imu_filter_madgwick_node-3] [INFO] [1770704186.363441986] [imu_filter]: Parameter RLController.pid_kp_ang set to 1.230663
[imu_filter_madgwick_node-3] [INFO] [1770704186.363497059] [imu_filter]: Parameter RLController.pid_ki_ang set to 0.000000
[imu_filter_madgwick_node-3] [INFO] [1770704186.363550532] [imu_filter]: Parameter RLController.pid_kd_ang set to 0.101333
[imu_filter_madgwick_node-3] [INFO] [1770704186.780464253] [imu_filter]: Parameter RLController.pid_kp_lin set to 1.215300
[imu_filter_madgwick_node-3] [INFO] [1770704186.780674754] [imu_filter]: Parameter RLController.pid_ki_lin set to 0.000000
[imu_filter_madgwick_node-3] [INFO] [1770704186.780744196] [imu_filter]: Parameter RLController.pid_kd_lin set to 0.020000
[imu_filter_madgwick_node-3] [INFO] [1770704186.780806469] [imu_filter]: Parameter RLController.pid_kp_ang set to 1.230663
[imu_filter_madgwick_node-3] [INFO] [1770704186.785373679] [imu_filter]: Parameter RLController.pid_ki_ang set to 0.000000
[imu_filter_madgwick_node-3] [INFO] [1770704186.785563828] [imu_filter]: Parameter RLController.pid_kd_ang set to 0.101333
[imu_filter_madgwick_node-3] [INFO] [1770704187.200538303] [imu_filter]: Parameter RLController.pid_kp_lin set to 1.215300
[imu_filter_madgwick_node-3] [INFO] [1770704187.205515091] [imu_filter]: Parameter RLController.pid_ki_lin set to 0.000000
[imu_filter_madgwick_node-3] [INFO] [1770704187.205691831] [imu_filter]: Parameter RLController.pid_kd_lin set to 0.020000
[imu_filter_madgwick_node-3] [INFO] [1770704187.205804345] [imu_filter]: Parameter RLController.pid_kp_ang set to 1.230663
[imu_filter_madgwick_node-3] [INFO] [1770704187.205883131] [imu_filter]: Parameter RLController.pid_ki_ang set to 0.000000
[imu_filter_madgwick_node-3] [INFO] [1770704187.214703880] [imu_filter]: Parameter RLController.pid_kd_ang set to 0.101333
[imu_filter_madgwick_node-3] [INFO] [1770704187.618598226] [imu_filter]: Parameter RLController.pid_kp_lin set to 1.215300
[imu_filter_madgwick_node-3] [INFO] [1770704187.619053597] [imu_filter]: Parameter RLController.pid_ki_lin set to 0.000000
[imu_filter_madgwick_node-3] [INFO] [1770704187.619623498] [imu_filter]: Parameter RLController.pid_kd_lin set to 0.020000
[imu_filter_madgwick_node-3] [INFO] [1770704187.619768526] [imu_filter]: Parameter RLController.pid_kp_ang set to 1.230663
[imu_filter_madgwick_node-3] [INFO] [1770704187.619833007] [imu_filter]: Parameter RLController.pid_ki_ang set to 0.000000
[imu_filter_madgwick_node-3] [INFO] [1770704187.619891056] [imu_filter]: Parameter RLController.pid_kd_ang set to 0.101333
[imu_filter_madgwick_node-3] [INFO] [1770704188.030974242] [imu_filter]: Parameter RLController.pid_kp_lin set to 1.215300
[imu_filter_madgwick_node-3] [INFO] [1770704188.031194119] [imu_filter]: Parameter RLController.pid_ki_lin set to 0.000000
[imu_filter_madgwick_node-3] [INFO] [1770704188.031264200] [imu_filter]: Parameter RLController.pid_kd_lin set to 0.020000
[imu_filter_madgwick_node-3] [INFO] [1770704188.031336234] [imu_filter]: Parameter RLController.pid_kp_ang set to 1.230663
[imu_filter_madgwick_node-3] [INFO] [1770704188.031396971] [imu_filter]: Parameter RLController.pid_ki_ang set to 0.000000
[imu_filter_madgwick_node-3] [INFO] [1770704188.031452013] [imu_filter]: Parameter RLController.pid_kd_ang set to 0.101333
[imu_filter_madgwick_node-3] [INFO] [1770704188.443898110] [imu_filter]: Parameter RLController.pid_kp_lin set to 1.215300
[imu_filter_madgwick_node-3] [INFO] [1770704188.444120003] [imu_filter]: Parameter RLController.pid_ki_lin set to 0.000000
[imu_filter_madgwick_node-3] [INFO] [1770704188.444275014] [imu_filter]: Parameter RLController.pid_kd_lin set to 0.020000
[imu_filter_madgwick_node-3] [INFO] [1770704188.444356488] [imu_filter]: Parameter RLController.pid_kp_ang set to 1.230663
[imu_filter_madgwick_node-3] [INFO] [1770704188.444414314] [imu_filter]: Parameter RLController.pid_ki_ang set to 0.000000
[imu_filter_madgwick_node-3] [INFO] [1770704188.444468619] [imu_filter]: Parameter RLController.pid_kd_ang set to 0.101333
[imu_filter_madgwick_node-3] [INFO] [1770704188.894341857] [imu_filter]: Parameter RLController.pid_kp_lin set to 1.215300
[imu_filter_madgwick_node-3] [INFO] [1770704188.894541126] [imu_filter]: Parameter RLController.pid_ki_lin set to 0.000000
[imu_filter_madgwick_node-3] [INFO] [1770704188.894615304] [imu_filter]: Parameter RLController.pid_kd_lin set to 0.020000
[imu_filter_madgwick_node-3] [INFO] [1770704188.894675785] [imu_filter]: Parameter RLController.pid_kp_ang set to 1.230663
[imu_filter_madgwick_node-3] [INFO] [1770704188.894786220] [imu_filter]: Parameter RLController.pid_ki_ang set to 0.000000
[imu_filter_madgwick_node-3] [INFO] [1770704188.894876878] [imu_filter]: Parameter RLController.pid_kd_ang set to 0.101333
[imu_filter_madgwick_node-3] [INFO] [1770704189.314350722] [imu_filter]: Parameter RLController.pid_kp_lin set to 1.215300
[imu_filter_madgwick_node-3] [INFO] [1770704189.314578471] [imu_filter]: Parameter RLController.pid_ki_lin set to 0.000000
[imu_filter_madgwick_node-3] [INFO] [1770704189.314649577] [imu_filter]: Parameter RLController.pid_kd_lin set to 0.020000
[imu_filter_madgwick_node-3] [INFO] [1770704189.314709738] [imu_filter]: Parameter RLController.pid_kp_ang set to 1.230663
[imu_filter_madgwick_node-3] [INFO] [1770704189.314764268] [imu_filter]: Parameter RLController.pid_ki_ang set to 0.000000
[imu_filter_madgwick_node-3] [INFO] [1770704189.314817997] [imu_filter]: Parameter RLController.pid_kd_ang set to 0.101333
[imu_filter_madgwick_node-3] [INFO] [1770704189.732062317] [imu_filter]: Parameter RLController.pid_kp_lin set to 1.215300
[imu_filter_madgwick_node-3] [INFO] [1770704189.732291890] [imu_filter]: Parameter RLController.pid_ki_lin set to 0.000000
[imu_filter_madgwick_node-3] [INFO] [1770704189.732365876] [imu_filter]: Parameter RLController.pid_kd_lin set to 0.020000
[imu_filter_madgwick_node-3] [INFO] [1770704189.732428534] [imu_filter]: Parameter RLController.pid_kp_ang set to 1.230663
[imu_filter_madgwick_node-3] [INFO] [1770704189.732487127] [imu_filter]: Parameter RLController.pid_ki_ang set to 0.000000
[imu_filter_madgwick_node-3] [INFO] [1770704189.732539416] [imu_filter]: Parameter RLController.pid_kd_ang set to 0.101333
[imu_filter_madgwick_node-3] [INFO] [1770704190.147970478] [imu_filter]: Parameter RLController.pid_kp_lin set to 1.215300
[imu_filter_madgwick_node-3] [INFO] [1770704190.150994613] [imu_filter]: Parameter RLController.pid_ki_lin set to 0.000000
[imu_filter_madgwick_node-3] [INFO] [1770704190.151202170] [imu_filter]: Parameter RLController.pid_kd_lin set to 0.020000
[imu_filter_madgwick_node-3] [INFO] [1770704190.151278875] [imu_filter]: Parameter RLController.pid_kp_ang set to 1.230663
[imu_filter_madgwick_node-3] [INFO] [1770704190.151337885] [imu_filter]: Parameter RLController.pid_ki_ang set to 0.000000
[imu_filter_madgwick_node-3] [INFO] [1770704190.151395006] [imu_filter]: Parameter RLController.pid_kd_ang set to 0.101333
[imu_filter_madgwick_node-3] [INFO] [1770704190.573353740] [imu_filter]: Parameter RLController.pid_kp_lin set to 1.215300
[imu_filter_madgwick_node-3] [INFO] [1770704190.573550928] [imu_filter]: Parameter RLController.pid_ki_lin set to 0.000000
[imu_filter_madgwick_node-3] [INFO] [1770704190.573785334] [imu_filter]: Parameter RLController.pid_kd_lin set to 0.020000
[imu_filter_madgwick_node-3] [INFO] [1770704190.573859832] [imu_filter]: Parameter RLController.pid_kp_ang set to 1.230663
[imu_filter_madgwick_node-3] [INFO] [1770704190.573957658] [imu_filter]: Parameter RLController.pid_ki_ang set to 0.000000
[imu_filter_madgwick_node-3] [INFO] [1770704190.574025275] [imu_filter]: Parameter RLController.pid_kd_ang set to 0.101333
[imu_filter_madgwick_node-3] [INFO] [1770704190.991046231] [imu_filter]: Parameter RLController.pid_kp_lin set to 1.215300
[imu_filter_madgwick_node-3] [INFO] [1770704190.991315965] [imu_filter]: Parameter RLController.pid_ki_lin set to 0.000000
[imu_filter_madgwick_node-3] [INFO] [1770704190.991382398] [imu_filter]: Parameter RLController.pid_kd_lin set to 0.020000
[imu_filter_madgwick_node-3] [INFO] [1770704190.991439744] [imu_filter]: Parameter RLController.pid_kp_ang set to 1.230663
[imu_filter_madgwick_node-3] [INFO] [1770704190.991498497] [imu_filter]: Parameter RLController.pid_ki_ang set to 0.000000
[imu_filter_madgwick_node-3] [INFO] [1770704190.991551362] [imu_filter]: Parameter RLController.pid_kd_ang set to 0.101333
[imu_filter_madgwick_node-3] [INFO] [1770704191.409001768] [imu_filter]: Parameter RLController.pid_kp_lin set to 1.215300
[imu_filter_madgwick_node-3] [INFO] [1770704191.409225165] [imu_filter]: Parameter RLController.pid_ki_lin set to 0.000000
[imu_filter_madgwick_node-3] [INFO] [1770704191.409302478] [imu_filter]: Parameter RLController.pid_kd_lin set to 0.020000
[imu_filter_madgwick_node-3] [INFO] [1770704191.409363696] [imu_filter]: Parameter RLController.pid_kp_ang set to 1.230663
[imu_filter_madgwick_node-3] [INFO] [1770704191.409418833] [imu_filter]: Parameter RLController.pid_ki_ang set to 0.000000
[imu_filter_madgwick_node-3] [INFO] [1770704191.409471282] [imu_filter]: Parameter RLController.pid_kd_ang set to 0.101333
[imu_filter_madgwick_node-3] [INFO] [1770704191.821618364] [imu_filter]: Parameter RLController.pid_kp_lin set to 1.215300
[imu_filter_madgwick_node-3] [INFO] [1770704191.822133192] [imu_filter]: Parameter RLController.pid_ki_lin set to 0.000000
[imu_filter_madgwick_node-3] [INFO] [1770704191.822252907] [imu_filter]: Parameter RLController.pid_kd_lin set to 0.020000
[imu_filter_madgwick_node-3] [INFO] [1770704191.822316429] [imu_filter]: Parameter RLController.pid_kp_ang set to 1.230663
[imu_filter_madgwick_node-3] [INFO] [1770704191.822372750] [imu_filter]: Parameter RLController.pid_ki_ang set to 0.000000
[imu_filter_madgwick_node-3] [INFO] [1770704191.822425039] [imu_filter]: Parameter RLController.pid_kd_ang set to 0.101333
[imu_filter_madgwick_node-3] [INFO] [1770704192.241024399] [imu_filter]: Parameter RLController.pid_kp_lin set to 1.215300
[imu_filter_madgwick_node-3] [INFO] [1770704192.241235732] [imu_filter]: Parameter RLController.pid_ki_lin set to 0.000000
[imu_filter_madgwick_node-3] [INFO] [1770704192.243805487] [imu_filter]: Parameter RLController.pid_kd_lin set to 0.020000
[imu_filter_madgwick_node-3] [INFO] [1770704192.243967827] [imu_filter]: Parameter RLController.pid_kp_ang set to 1.230663
[imu_filter_madgwick_node-3] [INFO] [1770704192.244031989] [imu_filter]: Parameter RLController.pid_ki_ang set to 0.000000
[imu_filter_madgwick_node-3] [INFO] [1770704192.244085590] [imu_filter]: Parameter RLController.pid_kd_ang set to 0.101333
[imu_filter_madgwick_node-3] [INFO] [1770704192.654832959] [imu_filter]: Parameter RLController.pid_kp_lin set to 1.215300
[imu_filter_madgwick_node-3] [INFO] [1770704192.655143111] [imu_filter]: Parameter RLController.pid_ki_lin set to 0.000000
[imu_filter_madgwick_node-3] [INFO] [1770704192.655237641] [imu_filter]: Parameter RLController.pid_kd_lin set to 0.020000
[imu_filter_madgwick_node-3] [INFO] [1770704192.655299274] [imu_filter]: Parameter RLController.pid_kp_ang set to 1.230663
[imu_filter_madgwick_node-3] [INFO] [1770704192.655356684] [imu_filter]: Parameter RLController.pid_ki_ang set to 0.000000
[imu_filter_madgwick_node-3] [INFO] [1770704192.655410349] [imu_filter]: Parameter RLController.pid_kd_ang set to 0.101333
[imu_filter_madgwick_node-3] [INFO] [1770704193.071218284] [imu_filter]: Parameter RLController.pid_kp_lin set to 1.215300
[imu_filter_madgwick_node-3] [INFO] [1770704193.071423184] [imu_filter]: Parameter RLController.pid_ki_lin set to 0.000000
[imu_filter_madgwick_node-3] [INFO] [1770704193.071492338] [imu_filter]: Parameter RLController.pid_kd_lin set to 0.020000
[imu_filter_madgwick_node-3] [INFO] [1770704193.071554260] [imu_filter]: Parameter RLController.pid_kp_ang set to 1.230663
[imu_filter_madgwick_node-3] [INFO] [1770704193.071612853] [imu_filter]: Parameter RLController.pid_ki_ang set to 0.000000
[imu_filter_madgwick_node-3] [INFO] [1770704193.071670646] [imu_filter]: Parameter RLController.pid_kd_ang set to 0.101333
[imu_filter_madgwick_node-3] [INFO] [1770704193.502118793] [imu_filter]: Parameter RLController.pid_kp_lin set to 1.215300
[imu_filter_madgwick_node-3] [INFO] [1770704193.502711543] [imu_filter]: Parameter RLController.pid_ki_lin set to 0.000000
[imu_filter_madgwick_node-3] [INFO] [1770704193.502832250] [imu_filter]: Parameter RLController.pid_kd_lin set to 0.020000
[imu_filter_madgwick_node-3] [INFO] [1770704193.502901020] [imu_filter]: Parameter RLController.pid_kp_ang set to 1.230663
[imu_filter_madgwick_node-3] [INFO] [1770704193.503086624] [imu_filter]: Parameter RLController.pid_ki_ang set to 0.000000
[imu_filter_madgwick_node-3] [INFO] [1770704193.503149569] [imu_filter]: Parameter RLController.pid_kd_ang set to 0.101333
[imu_filter_madgwick_node-3] [INFO] [1770704193.918052363] [imu_filter]: Parameter RLController.pid_kp_lin set to 1.215300
[imu_filter_madgwick_node-3] [INFO] [1770704193.918246992] [imu_filter]: Parameter RLController.pid_ki_lin set to 0.000000
[imu_filter_madgwick_node-3] [INFO] [1770704193.918324338] [imu_filter]: Parameter RLController.pid_kd_lin set to 0.020000
[imu_filter_madgwick_node-3] [INFO] [1770704193.918382803] [imu_filter]: Parameter RLController.pid_kp_ang set to 1.230663
[imu_filter_madgwick_node-3] [INFO] [1770704193.918437684] [imu_filter]: Parameter RLController.pid_ki_ang set to 0.000000
[imu_filter_madgwick_node-3] [INFO] [1770704193.918492053] [imu_filter]: Parameter RLController.pid_kd_ang set to 0.101333
[imu_filter_madgwick_node-3] [INFO] [1770704194.324663092] [imu_filter]: Parameter RLController.pid_kp_lin set to 1.215300
[imu_filter_madgwick_node-3] [INFO] [1770704194.324859065] [imu_filter]: Parameter RLController.pid_ki_lin set to 0.000000
[imu_filter_madgwick_node-3] [INFO] [1770704194.324935259] [imu_filter]: Parameter RLController.pid_kd_lin set to 0.020000
[imu_filter_madgwick_node-3] [INFO] [1770704194.324995132] [imu_filter]: Parameter RLController.pid_kp_ang set to 1.230663
[imu_filter_madgwick_node-3] [INFO] [1770704194.325049821] [imu_filter]: Parameter RLController.pid_ki_ang set to 0.000000
[imu_filter_madgwick_node-3] [INFO] [1770704194.325100799] [imu_filter]: Parameter RLController.pid_kd_ang set to 0.101333
[imu_filter_madgwick_node-3] [INFO] [1770704194.746920457] [imu_filter]: Parameter RLController.pid_kp_lin set to 1.215300
[imu_filter_madgwick_node-3] [INFO] [1770704194.758417364] [imu_filter]: Parameter RLController.pid_ki_lin set to 0.000000
[imu_filter_madgwick_node-3] [INFO] [1770704194.758744828] [imu_filter]: Parameter RLController.pid_kd_lin set to 0.020000
[imu_filter_madgwick_node-3] [INFO] [1770704194.758881343] [imu_filter]: Parameter RLController.pid_kp_ang set to 1.230663
[imu_filter_madgwick_node-3] [INFO] [1770704194.758985410] [imu_filter]: Parameter RLController.pid_ki_ang set to 0.000000
[imu_filter_madgwick_node-3] [INFO] [1770704194.759049507] [imu_filter]: Parameter RLController.pid_kd_ang set to 0.101333
[imu_filter_madgwick_node-3] [INFO] [1770704195.166792199] [imu_filter]: Parameter RLController.pid_kp_lin set to 1.215300
[imu_filter_madgwick_node-3] [INFO] [1770704195.169824109] [imu_filter]: Parameter RLController.pid_ki_lin set to 0.000000
[imu_filter_madgwick_node-3] [INFO] [1770704195.170018962] [imu_filter]: Parameter RLController.pid_kd_lin set to 0.020000
[imu_filter_madgwick_node-3] [INFO] [1770704195.170212918] [imu_filter]: Parameter RLController.pid_kp_ang set to 1.230663
[imu_filter_madgwick_node-3] [INFO] [1770704195.170278072] [imu_filter]: Parameter RLController.pid_ki_ang set to 0.000000
[imu_filter_madgwick_node-3] [INFO] [1770704195.170351417] [imu_filter]: Parameter RLController.pid_kd_ang set to 0.101333
[imu_filter_madgwick_node-3] [INFO] [1770704195.580465972] [imu_filter]: Parameter RLController.pid_kp_lin set to 1.215300
[imu_filter_madgwick_node-3] [INFO] [1770704195.580677721] [imu_filter]: Parameter RLController.pid_ki_lin set to 0.000000
[imu_filter_madgwick_node-3] [INFO] [1770704195.580755323] [imu_filter]: Parameter RLController.pid_kd_lin set to 0.020000
[imu_filter_madgwick_node-3] [INFO] [1770704195.580822332] [imu_filter]: Parameter RLController.pid_kp_ang set to 1.230663
[imu_filter_madgwick_node-3] [INFO] [1770704195.580885086] [imu_filter]: Parameter RLController.pid_ki_ang set to 0.000000
[imu_filter_madgwick_node-3] [INFO] [1770704195.580944511] [imu_filter]: Parameter RLController.pid_kd_ang set to 0.101333
[imu_filter_madgwick_node-3] [INFO] [1770704195.988912424] [imu_filter]: Parameter RLController.pid_kp_lin set to 1.215300
[imu_filter_madgwick_node-3] [INFO] [1770704195.989099564] [imu_filter]: Parameter RLController.pid_ki_lin set to 0.000000
[imu_filter_madgwick_node-3] [INFO] [1770704195.989166254] [imu_filter]: Parameter RLController.pid_kd_lin set to 0.020000
[imu_filter_madgwick_node-3] [INFO] [1770704195.989218415] [imu_filter]: Parameter RLController.pid_kp_ang set to 1.230663
[imu_filter_madgwick_node-3] [INFO] [1770704195.991706153] [imu_filter]: Parameter RLController.pid_ki_ang set to 0.000000
[imu_filter_madgwick_node-3] [INFO] [1770704195.991868301] [imu_filter]: Parameter RLController.pid_kd_ang set to 0.101333
[imu_filter_madgwick_node-3] [INFO] [1770704196.401443387] [imu_filter]: Parameter RLController.pid_kp_lin set to 1.215300
[imu_filter_madgwick_node-3] [INFO] [1770704196.401653312] [imu_filter]: Parameter RLController.pid_ki_lin set to 0.000000
[imu_filter_madgwick_node-3] [INFO] [1770704196.401728577] [imu_filter]: Parameter RLController.pid_kd_lin set to 0.020000
[imu_filter_madgwick_node-3] [INFO] [1770704196.401791811] [imu_filter]: Parameter RLController.pid_kp_ang set to 1.230663
[imu_filter_madgwick_node-3] [INFO] [1770704196.401846052] [imu_filter]: Parameter RLController.pid_ki_ang set to 0.000000
[imu_filter_madgwick_node-3] [INFO] [1770704196.402034088] [imu_filter]: Parameter RLController.pid_kd_ang set to 0.101333
[imu_filter_madgwick_node-3] [INFO] [1770704196.823098082] [imu_filter]: Parameter RLController.pid_kp_lin set to 1.215300
[imu_filter_madgwick_node-3] [INFO] [1770704196.823290374] [imu_filter]: Parameter RLController.pid_ki_lin set to 0.000000
[imu_filter_madgwick_node-3] [INFO] [1770704196.825173842] [imu_filter]: Parameter RLController.pid_kd_lin set to 0.020000
[imu_filter_madgwick_node-3] [INFO] [1770704196.825345110] [imu_filter]: Parameter RLController.pid_kp_ang set to 1.230663
[imu_filter_madgwick_node-3] [INFO] [1770704196.825410903] [imu_filter]: Parameter RLController.pid_ki_ang set to 0.000000
[imu_filter_madgwick_node-3] [INFO] [1770704196.825466361] [imu_filter]: Parameter RLController.pid_kd_ang set to 0.101333
[imu_filter_madgwick_node-3] [INFO] [1770704197.240304321] [imu_filter]: Parameter RLController.pid_kp_lin set to 1.215300
[imu_filter_madgwick_node-3] [INFO] [1770704197.240522886] [imu_filter]: Parameter RLController.pid_ki_lin set to 0.000000
[imu_filter_madgwick_node-3] [INFO] [1770704197.243948534] [imu_filter]: Parameter RLController.pid_kd_lin set to 0.020000
[imu_filter_madgwick_node-3] [INFO] [1770704197.244129114] [imu_filter]: Parameter RLController.pid_kp_ang set to 1.230663
[imu_filter_madgwick_node-3] [INFO] [1770704197.244217788] [imu_filter]: Parameter RLController.pid_ki_ang set to 0.000000
[imu_filter_madgwick_node-3] [INFO] [1770704197.244282429] [imu_filter]: Parameter RLController.pid_kd_ang set to 0.101333
[imu_filter_madgwick_node-3] [INFO] [1770704197.676470137] [imu_filter]: Parameter RLController.pid_kp_lin set to 1.215300
[imu_filter_madgwick_node-3] [INFO] [1770704197.695987711] [imu_filter]: Parameter RLController.pid_ki_lin set to 0.000000
[imu_filter_madgwick_node-3] [INFO] [1770704197.696331079] [imu_filter]: Parameter RLController.pid_kd_lin set to 0.020000
[imu_filter_madgwick_node-3] [INFO] [1770704197.696466986] [imu_filter]: Parameter RLController.pid_kp_ang set to 1.230663
[imu_filter_madgwick_node-3] [INFO] [1770704197.696551436] [imu_filter]: Parameter RLController.pid_ki_ang set to 0.000000
[imu_filter_madgwick_node-3] [INFO] [1770704197.696614317] [imu_filter]: Parameter RLController.pid_kd_ang set to 0.101333
[imu_filter_madgwick_node-3] [INFO] [1770704198.116654574] [imu_filter]: Parameter RLController.pid_kp_lin set to 1.215300
[imu_filter_madgwick_node-3] [INFO] [1770704198.116877172] [imu_filter]: Parameter RLController.pid_ki_lin set to 0.000000
[imu_filter_madgwick_node-3] [INFO] [1770704198.116963958] [imu_filter]: Parameter RLController.pid_kd_lin set to 0.020000
[imu_filter_madgwick_node-3] [INFO] [1770704198.117036855] [imu_filter]: Parameter RLController.pid_kp_ang set to 1.230663
[imu_filter_madgwick_node-3] [INFO] [1770704198.117100569] [imu_filter]: Parameter RLController.pid_ki_ang set to 0.000000
[imu_filter_madgwick_node-3] [INFO] [1770704198.120938930] [imu_filter]: Parameter RLController.pid_kd_ang set to 0.101333
[imu_filter_madgwick_node-3] [INFO] [1770704198.534113172] [imu_filter]: Parameter RLController.pid_kp_lin set to 1.215300
[imu_filter_madgwick_node-3] [INFO] [1770704198.534507069] [imu_filter]: Parameter RLController.pid_ki_lin set to 0.000000
[imu_filter_madgwick_node-3] [INFO] [1770704198.534635840] [imu_filter]: Parameter RLController.pid_kd_lin set to 0.020000
[imu_filter_madgwick_node-3] [INFO] [1770704198.534723522] [imu_filter]: Parameter RLController.pid_kp_ang set to 1.230663
[imu_filter_madgwick_node-3] [INFO] [1770704198.534784643] [imu_filter]: Parameter RLController.pid_ki_ang set to 0.000000
[imu_filter_madgwick_node-3] [INFO] [1770704198.534853893] [imu_filter]: Parameter RLController.pid_kd_ang set to 0.101333
[imu_filter_madgwick_node-3] [INFO] [1770704198.950565154] [imu_filter]: Parameter RLController.pid_kp_lin set to 1.215300
[imu_filter_madgwick_node-3] [INFO] [1770704198.950762086] [imu_filter]: Parameter RLController.pid_ki_lin set to 0.000000
[imu_filter_madgwick_node-3] [INFO] [1770704198.950830920] [imu_filter]: Parameter RLController.pid_kd_lin set to 0.020000
[imu_filter_madgwick_node-3] [INFO] [1770704198.950890441] [imu_filter]: Parameter RLController.pid_kp_ang set to 1.230663
[imu_filter_madgwick_node-3] [INFO] [1770704198.950942666] [imu_filter]: Parameter RLController.pid_ki_ang set to 0.000000
[imu_filter_madgwick_node-3] [INFO] [1770704198.950994700] [imu_filter]: Parameter RLController.pid_kd_ang set to 0.101333
[imu_filter_madgwick_node-3] [INFO] [1770704199.367324311] [imu_filter]: Parameter RLController.pid_kp_lin set to 1.215300
[imu_filter_madgwick_node-3] [INFO] [1770704199.367536092] [imu_filter]: Parameter RLController.pid_ki_lin set to 0.000000
[imu_filter_madgwick_node-3] [INFO] [1770704199.367607069] [imu_filter]: Parameter RLController.pid_kd_lin set to 0.020000
[imu_filter_madgwick_node-3] [INFO] [1770704199.367666559] [imu_filter]: Parameter RLController.pid_kp_ang set to 1.230663
[imu_filter_madgwick_node-3] [INFO] [1770704199.367721664] [imu_filter]: Parameter RLController.pid_ki_ang set to 0.000000
[imu_filter_madgwick_node-3] [INFO] [1770704199.367774625] [imu_filter]: Parameter RLController.pid_kd_ang set to 0.101333
[imu_filter_madgwick_node-3] [INFO] [1770704199.784879230] [imu_filter]: Parameter RLController.pid_kp_lin set to 1.215300
[imu_filter_madgwick_node-3] [INFO] [1770704199.785331401] [imu_filter]: Parameter RLController.pid_ki_lin set to 0.000000
[imu_filter_madgwick_node-3] [INFO] [1770704199.785416875] [imu_filter]: Parameter RLController.pid_kd_lin set to 0.020000
[imu_filter_madgwick_node-3] [INFO] [1770704199.785476012] [imu_filter]: Parameter RLController.pid_kp_ang set to 1.230663
[imu_filter_madgwick_node-3] [INFO] [1770704199.785532686] [imu_filter]: Parameter RLController.pid_ki_ang set to 0.000000
[imu_filter_madgwick_node-3] [INFO] [1770704199.785585231] [imu_filter]: Parameter RLController.pid_kd_ang set to 0.101333
[imu_filter_madgwick_node-3] [INFO] [1770704200.208737048] [imu_filter]: Parameter RLController.pid_kp_lin set to 1.215300
[imu_filter_madgwick_node-3] [INFO] [1770704200.208950205] [imu_filter]: Parameter RLController.pid_ki_lin set to 0.000000
[imu_filter_madgwick_node-3] [INFO] [1770704200.209029567] [imu_filter]: Parameter RLController.pid_kd_lin set to 0.020000
[imu_filter_madgwick_node-3] [INFO] [1770704200.209090849] [imu_filter]: Parameter RLController.pid_kp_ang set to 1.230663
[imu_filter_madgwick_node-3] [INFO] [1770704200.209143554] [imu_filter]: Parameter RLController.pid_ki_ang set to 0.000000
[imu_filter_madgwick_node-3] [INFO] [1770704200.209195171] [imu_filter]: Parameter RLController.pid_kd_ang set to 0.101333
[imu_filter_madgwick_node-3] [INFO] [1770704200.618870707] [imu_filter]: Parameter RLController.pid_kp_lin set to 1.215300
[imu_filter_madgwick_node-3] [INFO] [1770704200.619061400] [imu_filter]: Parameter RLController.pid_ki_lin set to 0.000000
[imu_filter_madgwick_node-3] [INFO] [1770704200.619127737] [imu_filter]: Parameter RLController.pid_kd_lin set to 0.020000
[imu_filter_madgwick_node-3] [INFO] [1770704200.619187643] [imu_filter]: Parameter RLController.pid_kp_ang set to 1.230663
[imu_filter_madgwick_node-3] [INFO] [1770704200.619239772] [imu_filter]: Parameter RLController.pid_ki_ang set to 0.000000
[imu_filter_madgwick_node-3] [INFO] [1770704200.619292285] [imu_filter]: Parameter RLController.pid_kd_ang set to 0.101333
[imu_filter_madgwick_node-3] [INFO] [1770704201.030262924] [imu_filter]: Parameter RLController.pid_kp_lin set to 1.215300
[imu_filter_madgwick_node-3] [INFO] [1770704201.031332549] [imu_filter]: Parameter RLController.pid_ki_lin set to 0.000000
[imu_filter_madgwick_node-3] [INFO] [1770704201.031471688] [imu_filter]: Parameter RLController.pid_kd_lin set to 0.020000
[imu_filter_madgwick_node-3] [INFO] [1770704201.034821750] [imu_filter]: Parameter RLController.pid_kp_ang set to 1.230663
[imu_filter_madgwick_node-3] [INFO] [1770704201.034996314] [imu_filter]: Parameter RLController.pid_ki_ang set to 0.000000
[imu_filter_madgwick_node-3] [INFO] [1770704201.035067835] [imu_filter]: Parameter RLController.pid_kd_ang set to 0.101333
[imu_filter_madgwick_node-3] [INFO] [1770704201.449486586] [imu_filter]: Parameter RLController.pid_kp_lin set to 1.215300
[imu_filter_madgwick_node-3] [INFO] [1770704201.449683487] [imu_filter]: Parameter RLController.pid_ki_lin set to 0.000000
[imu_filter_madgwick_node-3] [INFO] [1770704201.449765473] [imu_filter]: Parameter RLController.pid_kd_lin set to 0.020000
[imu_filter_madgwick_node-3] [INFO] [1770704201.449826690] [imu_filter]: Parameter RLController.pid_kp_ang set to 1.230663
[imu_filter_madgwick_node-3] [INFO] [1770704201.449881667] [imu_filter]: Parameter RLController.pid_ki_ang set to 0.000000
[imu_filter_madgwick_node-3] [INFO] [1770704201.449934757] [imu_filter]: Parameter RLController.pid_kd_ang set to 0.101333
[imu_filter_madgwick_node-3] [INFO] [1770704201.872341117] [imu_filter]: Parameter RLController.pid_kp_lin set to 1.215300
[imu_filter_madgwick_node-3] [INFO] [1770704201.881571347] [imu_filter]: Parameter RLController.pid_ki_lin set to 0.000000
[imu_filter_madgwick_node-3] [INFO] [1770704201.881786968] [imu_filter]: Parameter RLController.pid_kd_lin set to 0.020000
[imu_filter_madgwick_node-3] [INFO] [1770704201.881865114] [imu_filter]: Parameter RLController.pid_kp_ang set to 1.230663
[imu_filter_madgwick_node-3] [INFO] [1770704201.881930300] [imu_filter]: Parameter RLController.pid_ki_ang set to 0.000000
[imu_filter_madgwick_node-3] [INFO] [1770704201.881987101] [imu_filter]: Parameter RLController.pid_kd_ang set to 0.101333
[imu_filter_madgwick_node-3] [INFO] [1770704202.319027593] [imu_filter]: Parameter RLController.pid_kp_lin set to 1.215300
[imu_filter_madgwick_node-3] [INFO] [1770704202.319244654] [imu_filter]: Parameter RLController.pid_ki_lin set to 0.000000
[imu_filter_madgwick_node-3] [INFO] [1770704202.319319472] [imu_filter]: Parameter RLController.pid_kd_lin set to 0.020000
[imu_filter_madgwick_node-3] [INFO] [1770704202.319380434] [imu_filter]: Parameter RLController.pid_kp_ang set to 1.230663
[imu_filter_madgwick_node-3] [INFO] [1770704202.319435347] [imu_filter]: Parameter RLController.pid_ki_ang set to 0.000000
[imu_filter_madgwick_node-3] [INFO] [1770704202.319488180] [imu_filter]: Parameter RLController.pid_kd_ang set to 0.101333
[imu_filter_madgwick_node-3] [INFO] [1770704202.730516580] [imu_filter]: Parameter RLController.pid_kp_lin set to 1.215300
[imu_filter_madgwick_node-3] [INFO] [1770704202.730710792] [imu_filter]: Parameter RLController.pid_ki_lin set to 0.000000
[imu_filter_madgwick_node-3] [INFO] [1770704202.730895661] [imu_filter]: Parameter RLController.pid_kd_lin set to 0.020000
[imu_filter_madgwick_node-3] [INFO] [1770704202.730959470] [imu_filter]: Parameter RLController.pid_kp_ang set to 1.230663
[imu_filter_madgwick_node-3] [INFO] [1770704202.731014800] [imu_filter]: Parameter RLController.pid_ki_ang set to 0.000000
[imu_filter_madgwick_node-3] [INFO] [1770704202.731062065] [imu_filter]: Parameter RLController.pid_kd_ang set to 0.101333
[imu_filter_madgwick_node-3] [INFO] [1770704203.157471846] [imu_filter]: Parameter RLController.pid_kp_lin set to 1.215300
[imu_filter_madgwick_node-3] [INFO] [1770704203.157690251] [imu_filter]: Parameter RLController.pid_ki_lin set to 0.000000
[imu_filter_madgwick_node-3] [INFO] [1770704203.157759437] [imu_filter]: Parameter RLController.pid_kd_lin set to 0.020000
[imu_filter_madgwick_node-3] [INFO] [1770704203.157832366] [imu_filter]: Parameter RLController.pid_kp_ang set to 1.230663
[imu_filter_madgwick_node-3] [INFO] [1770704203.157891280] [imu_filter]: Parameter RLController.pid_ki_ang set to 0.000000
[imu_filter_madgwick_node-3] [INFO] [1770704203.157947505] [imu_filter]: Parameter RLController.pid_kd_ang set to 0.101333
[imu_filter_madgwick_node-3] [INFO] [1770704203.570397858] [imu_filter]: Parameter RLController.pid_kp_lin set to 1.215300
[imu_filter_madgwick_node-3] [INFO] [1770704203.570720905] [imu_filter]: Parameter RLController.pid_ki_lin set to 0.000000
[imu_filter_madgwick_node-3] [INFO] [1770704203.570800491] [imu_filter]: Parameter RLController.pid_kd_lin set to 0.020000
[imu_filter_madgwick_node-3] [INFO] [1770704203.570860589] [imu_filter]: Parameter RLController.pid_kp_ang set to 1.230663
[imu_filter_madgwick_node-3] [INFO] [1770704203.570918798] [imu_filter]: Parameter RLController.pid_ki_ang set to 0.000000
[imu_filter_madgwick_node-3] [INFO] [1770704203.570971087] [imu_filter]: Parameter RLController.pid_kd_ang set to 0.101333
[imu_filter_madgwick_node-3] [INFO] [1770704203.982814834] [imu_filter]: Parameter RLController.pid_kp_lin set to 1.215300
[imu_filter_madgwick_node-3] [INFO] [1770704203.983004086] [imu_filter]: Parameter RLController.pid_ki_lin set to 0.000000
[imu_filter_madgwick_node-3] [INFO] [1770704203.983071800] [imu_filter]: Parameter RLController.pid_kd_lin set to 0.020000
[imu_filter_madgwick_node-3] [INFO] [1770704203.983133049] [imu_filter]: Parameter RLController.pid_kp_ang set to 1.230663
[imu_filter_madgwick_node-3] [INFO] [1770704203.983188347] [imu_filter]: Parameter RLController.pid_ki_ang set to 0.000000
[imu_filter_madgwick_node-3] [INFO] [1770704203.983241852] [imu_filter]: Parameter RLController.pid_kd_ang set to 0.101333
[imu_filter_madgwick_node-3] [INFO] [1770704204.417387493] [imu_filter]: Parameter RLController.pid_kp_lin set to 1.215300
[imu_filter_madgwick_node-3] [INFO] [1770704204.417618698] [imu_filter]: Parameter RLController.pid_ki_lin set to 0.000000
[imu_filter_madgwick_node-3] [INFO] [1770704204.417694412] [imu_filter]: Parameter RLController.pid_kd_lin set to 0.020000
[imu_filter_madgwick_node-3] [INFO] [1770704204.417754670] [imu_filter]: Parameter RLController.pid_kp_ang set to 1.230663
[imu_filter_madgwick_node-3] [INFO] [1770704204.417811151] [imu_filter]: Parameter RLController.pid_ki_ang set to 0.000000
[imu_filter_madgwick_node-3] [INFO] [1770704204.417867120] [imu_filter]: Parameter RLController.pid_kd_ang set to 0.101333
[imu_filter_madgwick_node-3] [INFO] [1770704204.841107708] [imu_filter]: Parameter RLController.pid_kp_lin set to 1.215300
[imu_filter_madgwick_node-3] [INFO] [1770704204.841288864] [imu_filter]: Parameter RLController.pid_ki_lin set to 0.000000
[imu_filter_madgwick_node-3] [INFO] [1770704204.841355682] [imu_filter]: Parameter RLController.pid_kd_lin set to 0.020000
[imu_filter_madgwick_node-3] [INFO] [1770704204.841414275] [imu_filter]: Parameter RLController.pid_kp_ang set to 1.230663
[imu_filter_madgwick_node-3] [INFO] [1770704204.841466500] [imu_filter]: Parameter RLController.pid_ki_ang set to 0.000000
[imu_filter_madgwick_node-3] [INFO] [1770704204.844833106] [imu_filter]: Parameter RLController.pid_kd_ang set to 0.101333
[imu_filter_madgwick_node-3] [INFO] [1770704205.265925100] [imu_filter]: Parameter RLController.pid_kp_lin set to 1.215300
[imu_filter_madgwick_node-3] [INFO] [1770704205.274145643] [imu_filter]: Parameter RLController.pid_ki_lin set to 0.000000
[imu_filter_madgwick_node-3] [INFO] [1770704205.274346032] [imu_filter]: Parameter RLController.pid_kd_lin set to 0.020000
[imu_filter_madgwick_node-3] [INFO] [1770704205.274413073] [imu_filter]: Parameter RLController.pid_kp_ang set to 1.230663
[imu_filter_madgwick_node-3] [INFO] [1770704205.274469555] [imu_filter]: Parameter RLController.pid_ki_ang set to 0.000000
[imu_filter_madgwick_node-3] [INFO] [1770704205.274523828] [imu_filter]: Parameter RLController.pid_kd_ang set to 0.101333
[imu_filter_madgwick_node-3] [INFO] [1770704205.688859921] [imu_filter]: Parameter RLController.pid_kp_lin set to 1.215300
[imu_filter_madgwick_node-3] [INFO] [1770704205.689082838] [imu_filter]: Parameter RLController.pid_ki_lin set to 0.000000
[imu_filter_madgwick_node-3] [INFO] [1770704205.689160120] [imu_filter]: Parameter RLController.pid_kd_lin set to 0.020000
[imu_filter_madgwick_node-3] [INFO] [1770704205.689229241] [imu_filter]: Parameter RLController.pid_kp_ang set to 1.230663
[imu_filter_madgwick_node-3] [INFO] [1770704205.689412382] [imu_filter]: Parameter RLController.pid_ki_ang set to 0.000000
[imu_filter_madgwick_node-3] [INFO] [1770704205.689475807] [imu_filter]: Parameter RLController.pid_kd_ang set to 0.101333
[imu_filter_madgwick_node-3] [INFO] [1770704206.136082186] [imu_filter]: Parameter RLController.pid_kp_lin set to 1.215300
[imu_filter_madgwick_node-3] [INFO] [1770704206.136323119] [imu_filter]: Parameter RLController.pid_ki_lin set to 0.000000
[imu_filter_madgwick_node-3] [INFO] [1770704206.136394737] [imu_filter]: Parameter RLController.pid_kd_lin set to 0.020000
[imu_filter_madgwick_node-3] [INFO] [1770704206.136455186] [imu_filter]: Parameter RLController.pid_kp_ang set to 1.230663
[imu_filter_madgwick_node-3] [INFO] [1770704206.136509204] [imu_filter]: Parameter RLController.pid_ki_ang set to 0.000000
[imu_filter_madgwick_node-3] [INFO] [1770704206.136560629] [imu_filter]: Parameter RLController.pid_kd_ang set to 0.101333
[imu_filter_madgwick_node-3] [INFO] [1770704206.549172554] [imu_filter]: Parameter RLController.pid_kp_lin set to 1.215300
[imu_filter_madgwick_node-3] [INFO] [1770704206.549418095] [imu_filter]: Parameter RLController.pid_ki_lin set to 0.000000
[imu_filter_madgwick_node-3] [INFO] [1770704206.549491505] [imu_filter]: Parameter RLController.pid_kd_lin set to 0.020000
[imu_filter_madgwick_node-3] [INFO] [1770704206.549871578] [imu_filter]: Parameter RLController.pid_kp_ang set to 1.230663
[imu_filter_madgwick_node-3] [INFO] [1770704206.549934171] [imu_filter]: Parameter RLController.pid_ki_ang set to 0.000000
[imu_filter_madgwick_node-3] [INFO] [1770704206.549989181] [imu_filter]: Parameter RLController.pid_kd_ang set to 0.101333
[imu_filter_madgwick_node-3] [INFO] [1770704206.962294890] [imu_filter]: Parameter RLController.pid_kp_lin set to 1.215300
[imu_filter_madgwick_node-3] [INFO] [1770704206.962489871] [imu_filter]: Parameter RLController.pid_ki_lin set to 0.000000
[imu_filter_madgwick_node-3] [INFO] [1770704206.962561264] [imu_filter]: Parameter RLController.pid_kd_lin set to 0.020000
[imu_filter_madgwick_node-3] [INFO] [1770704206.962622450] [imu_filter]: Parameter RLController.pid_kp_ang set to 1.230663
[imu_filter_madgwick_node-3] [INFO] [1770704206.963356099] [imu_filter]: Parameter RLController.pid_ki_ang set to 0.000000
[imu_filter_madgwick_node-3] [INFO] [1770704206.963456773] [imu_filter]: Parameter RLController.pid_kd_ang set to 0.101333
[imu_filter_madgwick_node-3] [INFO] [1770704207.391441983] [imu_filter]: Parameter RLController.pid_kp_lin set to 1.215300
[imu_filter_madgwick_node-3] [INFO] [1770704207.391836520] [imu_filter]: Parameter RLController.pid_ki_lin set to 0.000000
[imu_filter_madgwick_node-3] [INFO] [1770704207.391922634] [imu_filter]: Parameter RLController.pid_kd_lin set to 0.020000
[imu_filter_madgwick_node-3] [INFO] [1770704207.391984268] [imu_filter]: Parameter RLController.pid_kp_ang set to 1.230663
[imu_filter_madgwick_node-3] [INFO] [1770704207.392042829] [imu_filter]: Parameter RLController.pid_ki_ang set to 0.000000
[imu_filter_madgwick_node-3] [INFO] [1770704207.392098926] [imu_filter]: Parameter RLController.pid_kd_ang set to 0.101333
[imu_filter_madgwick_node-3] [INFO] [1770704207.793180567] [imu_filter]: Parameter RLController.pid_kp_lin set to 1.215300
[imu_filter_madgwick_node-3] [INFO] [1770704207.807701385] [imu_filter]: Parameter RLController.pid_ki_lin set to 0.000000
[imu_filter_madgwick_node-3] [INFO] [1770704207.808009328] [imu_filter]: Parameter RLController.pid_kd_lin set to 0.020000
[imu_filter_madgwick_node-3] [INFO] [1770704207.808133203] [imu_filter]: Parameter RLController.pid_kp_ang set to 1.230663
[imu_filter_madgwick_node-3] [INFO] [1770704207.808228309] [imu_filter]: Parameter RLController.pid_ki_ang set to 0.000000
[imu_filter_madgwick_node-3] [INFO] [1770704207.808294806] [imu_filter]: Parameter RLController.pid_kd_ang set to 0.101333
[imu_filter_madgwick_node-3] [INFO] [1770704208.203454357] [imu_filter]: Parameter RLController.pid_kp_lin set to 1.215300
[imu_filter_madgwick_node-3] [INFO] [1770704208.204809557] [imu_filter]: Parameter RLController.pid_ki_lin set to 0.000000
[imu_filter_madgwick_node-3] [INFO] [1770704208.204966361] [imu_filter]: Parameter RLController.pid_kd_lin set to 0.020000
[imu_filter_madgwick_node-3] [INFO] [1770704208.205033786] [imu_filter]: Parameter RLController.pid_kp_ang set to 1.230663
[imu_filter_madgwick_node-3] [INFO] [1770704208.205110972] [imu_filter]: Parameter RLController.pid_ki_ang set to 0.000000
[imu_filter_madgwick_node-3] [INFO] [1770704208.205161949] [imu_filter]: Parameter RLController.pid_kd_ang set to 0.101333
[imu_filter_madgwick_node-3] [INFO] [1770704208.625015546] [imu_filter]: Parameter RLController.pid_kp_lin set to 1.215300
[imu_filter_madgwick_node-3] [INFO] [1770704208.625344450] [imu_filter]: Parameter RLController.pid_ki_lin set to 0.000000
[imu_filter_madgwick_node-3] [INFO] [1770704208.625425700] [imu_filter]: Parameter RLController.pid_kd_lin set to 0.020000
[imu_filter_madgwick_node-3] [INFO] [1770704208.625486949] [imu_filter]: Parameter RLController.pid_kp_ang set to 1.230663
[imu_filter_madgwick_node-3] [INFO] [1770704208.625544678] [imu_filter]: Parameter RLController.pid_ki_ang set to 0.000000
[imu_filter_madgwick_node-3] [INFO] [1770704208.625740875] [imu_filter]: Parameter RLController.pid_kd_ang set to 0.101333
[imu_filter_madgwick_node-3] [INFO] [1770704209.039523163] [imu_filter]: Parameter RLController.pid_kp_lin set to 1.215300
[imu_filter_madgwick_node-3] [INFO] [1770704209.039733056] [imu_filter]: Parameter RLController.pid_ki_lin set to 0.000000
[imu_filter_madgwick_node-3] [INFO] [1770704209.039799873] [imu_filter]: Parameter RLController.pid_kd_lin set to 0.020000
[imu_filter_madgwick_node-3] [INFO] [1770704209.039858563] [imu_filter]: Parameter RLController.pid_kp_ang set to 1.230663
[imu_filter_madgwick_node-3] [INFO] [1770704209.039913348] [imu_filter]: Parameter RLController.pid_ki_ang set to 0.000000
[imu_filter_madgwick_node-3] [INFO] [1770704209.039965893] [imu_filter]: Parameter RLController.pid_kd_ang set to 0.101333
[imu_filter_madgwick_node-3] [INFO] [1770704209.466524318] [imu_filter]: Parameter RLController.pid_kp_lin set to 1.215300
[imu_filter_madgwick_node-3] [INFO] [1770704209.466876934] [imu_filter]: Parameter RLController.pid_ki_lin set to 0.000000
[imu_filter_madgwick_node-3] [INFO] [1770704209.466956648] [imu_filter]: Parameter RLController.pid_kd_lin set to 0.020000
[imu_filter_madgwick_node-3] [INFO] [1770704209.467017353] [imu_filter]: Parameter RLController.pid_kp_ang set to 1.230663
[imu_filter_madgwick_node-3] [INFO] [1770704209.467071915] [imu_filter]: Parameter RLController.pid_ki_ang set to 0.000000
[imu_filter_madgwick_node-3] [INFO] [1770704209.467124780] [imu_filter]: Parameter RLController.pid_kd_ang set to 0.101333
[imu_filter_madgwick_node-3] [INFO] [1770704209.873695700] [imu_filter]: Parameter RLController.pid_kp_lin set to 1.215300
[imu_filter_madgwick_node-3] [INFO] [1770704209.874052412] [imu_filter]: Parameter RLController.pid_ki_lin set to 0.000000
[imu_filter_madgwick_node-3] [INFO] [1770704209.874136862] [imu_filter]: Parameter RLController.pid_kd_lin set to 0.020000
[imu_filter_madgwick_node-3] [INFO] [1770704209.874198848] [imu_filter]: Parameter RLController.pid_kp_ang set to 1.230663
[imu_filter_madgwick_node-3] [INFO] [1770704209.874252833] [imu_filter]: Parameter RLController.pid_ki_ang set to 0.000000
[imu_filter_madgwick_node-3] [INFO] [1770704209.874304962] [imu_filter]: Parameter RLController.pid_kd_ang set to 0.101333
[imu_filter_madgwick_node-3] [INFO] [1770704210.283594858] [imu_filter]: Parameter RLController.pid_kp_lin set to 1.215300
[imu_filter_madgwick_node-3] [INFO] [1770704210.283807695] [imu_filter]: Parameter RLController.pid_ki_lin set to 0.000000
[imu_filter_madgwick_node-3] [INFO] [1770704210.283880880] [imu_filter]: Parameter RLController.pid_kd_lin set to 0.020000
[imu_filter_madgwick_node-3] [INFO] [1770704210.283939570] [imu_filter]: Parameter RLController.pid_kp_ang set to 1.230663
[imu_filter_madgwick_node-3] [INFO] [1770704210.284008371] [imu_filter]: Parameter RLController.pid_ki_ang set to 0.000000
[imu_filter_madgwick_node-3] [INFO] [1770704210.295919080] [imu_filter]: Parameter RLController.pid_kd_ang set to 0.101333
[imu_filter_madgwick_node-3] [INFO] [1770704210.714484935] [imu_filter]: Parameter RLController.pid_kp_lin set to 1.215300
[imu_filter_madgwick_node-3] [INFO] [1770704210.714667851] [imu_filter]: Parameter RLController.pid_ki_lin set to 0.000000
[imu_filter_madgwick_node-3] [INFO] [1770704210.714741421] [imu_filter]: Parameter RLController.pid_kd_lin set to 0.020000
[imu_filter_madgwick_node-3] [INFO] [1770704210.714799022] [imu_filter]: Parameter RLController.pid_kp_ang set to 1.230663
[imu_filter_madgwick_node-3] [INFO] [1770704210.714853488] [imu_filter]: Parameter RLController.pid_ki_ang set to 0.000000
[imu_filter_madgwick_node-3] [INFO] [1770704210.714906257] [imu_filter]: Parameter RLController.pid_kd_ang set to 0.101333
[imu_filter_madgwick_node-3] [INFO] [1770704211.126648209] [imu_filter]: Parameter RLController.pid_kp_lin set to 1.215300
[imu_filter_madgwick_node-3] [INFO] [1770704211.130908276] [imu_filter]: Parameter RLController.pid_ki_lin set to 0.000000
[imu_filter_madgwick_node-3] [INFO] [1770704211.131156058] [imu_filter]: Parameter RLController.pid_kd_lin set to 0.020000
[imu_filter_madgwick_node-3] [INFO] [1770704211.131231388] [imu_filter]: Parameter RLController.pid_kp_ang set to 1.230663
[imu_filter_madgwick_node-3] [INFO] [1770704211.131289597] [imu_filter]: Parameter RLController.pid_ki_ang set to 0.000000
[imu_filter_madgwick_node-3] [INFO] [1770704211.131343519] [imu_filter]: Parameter RLController.pid_kd_ang set to 0.101333
[imu_filter_madgwick_node-3] [INFO] [1770704211.552494554] [imu_filter]: Parameter RLController.pid_kp_lin set to 1.215300
[imu_filter_madgwick_node-3] [INFO] [1770704211.552681054] [imu_filter]: Parameter RLController.pid_ki_lin set to 0.000000
[imu_filter_madgwick_node-3] [INFO] [1770704211.552761984] [imu_filter]: Parameter RLController.pid_kd_lin set to 0.020000
[imu_filter_madgwick_node-3] [INFO] [1770704211.554035165] [imu_filter]: Parameter RLController.pid_kp_ang set to 1.230663
[imu_filter_madgwick_node-3] [INFO] [1770704211.554206369] [imu_filter]: Parameter RLController.pid_ki_ang set to 0.000000
[imu_filter_madgwick_node-3] [INFO] [1770704211.555044117] [imu_filter]: Parameter RLController.pid_kd_ang set to 0.101333
[imu_filter_madgwick_node-3] [INFO] [1770704211.975120887] [imu_filter]: Parameter RLController.pid_kp_lin set to 1.215300
[imu_filter_madgwick_node-3] [INFO] [1770704211.975563617] [imu_filter]: Parameter RLController.pid_ki_lin set to 0.000000
[imu_filter_madgwick_node-3] [INFO] [1770704211.975684196] [imu_filter]: Parameter RLController.pid_kd_lin set to 0.020000
[imu_filter_madgwick_node-3] [INFO] [1770704211.975780678] [imu_filter]: Parameter RLController.pid_kp_ang set to 1.230663
[imu_filter_madgwick_node-3] [INFO] [1770704211.975844616] [imu_filter]: Parameter RLController.pid_ki_ang set to 0.000000
[imu_filter_madgwick_node-3] [INFO] [1770704211.975901033] [imu_filter]: Parameter RLController.pid_kd_ang set to 0.101333
[imu_filter_madgwick_node-3] [INFO] [1770704212.403585276] [imu_filter]: Parameter RLController.pid_kp_lin set to 1.215300
[imu_filter_madgwick_node-3] [INFO] [1770704212.403940868] [imu_filter]: Parameter RLController.pid_ki_lin set to 0.000000
[imu_filter_madgwick_node-3] [INFO] [1770704212.404080584] [imu_filter]: Parameter RLController.pid_kd_lin set to 0.020000
[imu_filter_madgwick_node-3] [INFO] [1770704212.404153673] [imu_filter]: Parameter RLController.pid_kp_ang set to 1.230663
[imu_filter_madgwick_node-3] [INFO] [1770704212.404553331] [imu_filter]: Parameter RLController.pid_ki_ang set to 0.000000
[imu_filter_madgwick_node-3] [INFO] [1770704212.404626868] [imu_filter]: Parameter RLController.pid_kd_ang set to 0.101333
[imu_filter_madgwick_node-3] [INFO] [1770704212.807443749] [imu_filter]: Parameter RLController.pid_kp_lin set to 1.215300
[imu_filter_madgwick_node-3] [INFO] [1770704212.807668619] [imu_filter]: Parameter RLController.pid_ki_lin set to 0.000000
[imu_filter_madgwick_node-3] [INFO] [1770704212.807761229] [imu_filter]: Parameter RLController.pid_kd_lin set to 0.020000
[imu_filter_madgwick_node-3] [INFO] [1770704212.807825166] [imu_filter]: Parameter RLController.pid_kp_ang set to 1.230663
[imu_filter_madgwick_node-3] [INFO] [1770704212.807882480] [imu_filter]: Parameter RLController.pid_ki_ang set to 0.000000
[imu_filter_madgwick_node-3] [INFO] [1770704212.807935601] [imu_filter]: Parameter RLController.pid_kd_ang set to 0.101333
[imu_filter_madgwick_node-3] [INFO] [1770704213.264839467] [imu_filter]: Parameter RLController.pid_kp_lin set to 1.215300
[imu_filter_madgwick_node-3] [INFO] [1770704213.265051216] [imu_filter]: Parameter RLController.pid_ki_lin set to 0.000000
[imu_filter_madgwick_node-3] [INFO] [1770704213.265124369] [imu_filter]: Parameter RLController.pid_kd_lin set to 0.020000
[imu_filter_madgwick_node-3] [INFO] [1770704213.265184531] [imu_filter]: Parameter RLController.pid_kp_ang set to 1.230663
[imu_filter_madgwick_node-3] [INFO] [1770704213.265238516] [imu_filter]: Parameter RLController.pid_ki_ang set to 0.000000
[imu_filter_madgwick_node-3] [INFO] [1770704213.265289749] [imu_filter]: Parameter RLController.pid_kd_ang set to 0.101333
[imu_filter_madgwick_node-3] [INFO] [1770704213.689824991] [imu_filter]: Parameter RLController.pid_kp_lin set to 1.215300
[imu_filter_madgwick_node-3] [INFO] [1770704213.690024228] [imu_filter]: Parameter RLController.pid_ki_lin set to 0.000000
[imu_filter_madgwick_node-3] [INFO] [1770704213.690091973] [imu_filter]: Parameter RLController.pid_kd_lin set to 0.020000
[imu_filter_madgwick_node-3] [INFO] [1770704213.690151687] [imu_filter]: Parameter RLController.pid_kp_ang set to 1.230663
[imu_filter_madgwick_node-3] [INFO] [1770704213.690206408] [imu_filter]: Parameter RLController.pid_ki_ang set to 0.000000
[imu_filter_madgwick_node-3] [INFO] [1770704213.690259849] [imu_filter]: Parameter RLController.pid_kd_ang set to 0.101333
[imu_filter_madgwick_node-3] [INFO] [1770704214.101034835] [imu_filter]: Parameter RLController.pid_kp_lin set to 1.215300
[imu_filter_madgwick_node-3] [INFO] [1770704214.101249656] [imu_filter]: Parameter RLController.pid_ki_lin set to 0.000000
[imu_filter_madgwick_node-3] [INFO] [1770704214.101316378] [imu_filter]: Parameter RLController.pid_kd_lin set to 0.020000
[imu_filter_madgwick_node-3] [INFO] [1770704214.101376443] [imu_filter]: Parameter RLController.pid_kp_ang set to 1.230663
[imu_filter_madgwick_node-3] [INFO] [1770704214.101431452] [imu_filter]: Parameter RLController.pid_ki_ang set to 0.000000
[imu_filter_madgwick_node-3] [INFO] [1770704214.101486302] [imu_filter]: Parameter RLController.pid_kd_ang set to 0.101333
[imu_filter_madgwick_node-3] [INFO] [1770704214.520107838] [imu_filter]: Parameter RLController.pid_kp_lin set to 1.215300
[imu_filter_madgwick_node-3] [INFO] [1770704214.520334531] [imu_filter]: Parameter RLController.pid_ki_lin set to 0.000000
[imu_filter_madgwick_node-3] [INFO] [1770704214.520402629] [imu_filter]: Parameter RLController.pid_kd_lin set to 0.020000
[imu_filter_madgwick_node-3] [INFO] [1770704214.520461990] [imu_filter]: Parameter RLController.pid_kp_ang set to 1.230663
[imu_filter_madgwick_node-3] [INFO] [1770704214.520516007] [imu_filter]: Parameter RLController.pid_ki_ang set to 0.000000
[imu_filter_madgwick_node-3] [INFO] [1770704214.520569769] [imu_filter]: Parameter RLController.pid_kd_ang set to 0.101333
[imu_filter_madgwick_node-3] [INFO] [1770704214.957238604] [imu_filter]: Parameter RLController.pid_kp_lin set to 1.215300
[imu_filter_madgwick_node-3] [INFO] [1770704214.957434769] [imu_filter]: Parameter RLController.pid_ki_lin set to 0.000000
[imu_filter_madgwick_node-3] [INFO] [1770704214.957501043] [imu_filter]: Parameter RLController.pid_kd_lin set to 0.020000
[imu_filter_madgwick_node-3] [INFO] [1770704214.957670614] [imu_filter]: Parameter RLController.pid_kp_ang set to 1.230663
[imu_filter_madgwick_node-3] [INFO] [1770704214.957728312] [imu_filter]: Parameter RLController.pid_ki_ang set to 0.000000
[imu_filter_madgwick_node-3] [INFO] [1770704214.957781209] [imu_filter]: Parameter RLController.pid_kd_ang set to 0.101333
[imu_filter_madgwick_node-3] [INFO] [1770704215.382324291] [imu_filter]: Parameter RLController.pid_kp_lin set to 1.215300
[imu_filter_madgwick_node-3] [INFO] [1770704215.385250311] [imu_filter]: Parameter RLController.pid_ki_lin set to 0.000000
[imu_filter_madgwick_node-3] [INFO] [1770704215.385438539] [imu_filter]: Parameter RLController.pid_kd_lin set to 0.020000
[imu_filter_madgwick_node-3] [INFO] [1770704215.385509197] [imu_filter]: Parameter RLController.pid_kp_ang set to 1.230663
[imu_filter_madgwick_node-3] [INFO] [1770704215.385566350] [imu_filter]: Parameter RLController.pid_ki_ang set to 0.000000
[imu_filter_madgwick_node-3] [INFO] [1770704215.385730578] [imu_filter]: Parameter RLController.pid_kd_ang set to 0.101333
[imu_filter_madgwick_node-3] [INFO] [1770704215.806043930] [imu_filter]: Parameter RLController.pid_kp_lin set to 1.215300
[imu_filter_madgwick_node-3] [INFO] [1770704215.812572114] [imu_filter]: Parameter RLController.pid_ki_lin set to 0.000000
[imu_filter_madgwick_node-3] [INFO] [1770704215.815877246] [imu_filter]: Parameter RLController.pid_kd_lin set to 0.020000
[imu_filter_madgwick_node-3] [INFO] [1770704215.820099264] [imu_filter]: Parameter RLController.pid_kp_ang set to 1.230663
[imu_filter_madgwick_node-3] [INFO] [1770704215.823477167] [imu_filter]: Parameter RLController.pid_ki_ang set to 0.000000
[imu_filter_madgwick_node-3] [INFO] [1770704215.823845271] [imu_filter]: Parameter RLController.pid_kd_ang set to 0.101333
[imu_filter_madgwick_node-3] [INFO] [1770704216.223244857] [imu_filter]: Parameter RLController.pid_kp_lin set to 1.215300
[imu_filter_madgwick_node-3] [INFO] [1770704216.223623522] [imu_filter]: Parameter RLController.pid_ki_lin set to 0.000000
[imu_filter_madgwick_node-3] [INFO] [1770704216.223749061] [imu_filter]: Parameter RLController.pid_kd_lin set to 0.020000
[imu_filter_madgwick_node-3] [INFO] [1770704216.223898472] [imu_filter]: Parameter RLController.pid_kp_ang set to 1.230663
[imu_filter_madgwick_node-3] [INFO] [1770704216.224106413] [imu_filter]: Parameter RLController.pid_ki_ang set to 0.000000
[imu_filter_madgwick_node-3] [INFO] [1770704216.224200015] [imu_filter]: Parameter RLController.pid_kd_ang set to 0.101333
[imu_filter_madgwick_node-3] [INFO] [1770704216.630454512] [imu_filter]: Parameter RLController.pid_kp_lin set to 1.215300
[imu_filter_madgwick_node-3] [INFO] [1770704216.631574474] [imu_filter]: Parameter RLController.pid_ki_lin set to 0.000000
[imu_filter_madgwick_node-3] [INFO] [1770704216.631736750] [imu_filter]: Parameter RLController.pid_kd_lin set to 0.020000
[imu_filter_madgwick_node-3] [INFO] [1770704216.631808688] [imu_filter]: Parameter RLController.pid_kp_ang set to 1.230663
[imu_filter_madgwick_node-3] [INFO] [1770704216.631867089] [imu_filter]: Parameter RLController.pid_ki_ang set to 0.000000
[imu_filter_madgwick_node-3] [INFO] [1770704216.631919538] [imu_filter]: Parameter RLController.pid_kd_ang set to 0.101333
[imu_filter_madgwick_node-3] [INFO] [1770704217.060661470] [imu_filter]: Parameter RLController.pid_kp_lin set to 1.215300
[imu_filter_madgwick_node-3] [INFO] [1770704217.062592971] [imu_filter]: Parameter RLController.pid_ki_lin set to 0.000000
[imu_filter_madgwick_node-3] [INFO] [1770704217.062771983] [imu_filter]: Parameter RLController.pid_kd_lin set to 0.020000
[imu_filter_madgwick_node-3] [INFO] [1770704217.062845777] [imu_filter]: Parameter RLController.pid_kp_ang set to 1.230663
[imu_filter_madgwick_node-3] [INFO] [1770704217.062914098] [imu_filter]: Parameter RLController.pid_ki_ang set to 0.000000
[imu_filter_madgwick_node-3] [INFO] [1770704217.062971380] [imu_filter]: Parameter RLController.pid_kd_ang set to 0.101333
[imu_filter_madgwick_node-3] [INFO] [1770704217.488488116] [imu_filter]: Parameter RLController.pid_kp_lin set to 1.215300
[imu_filter_madgwick_node-3] [INFO] [1770704217.488804059] [imu_filter]: Parameter RLController.pid_ki_lin set to 0.000000
[imu_filter_madgwick_node-3] [INFO] [1770704217.488883069] [imu_filter]: Parameter RLController.pid_kd_lin set to 0.020000
[imu_filter_madgwick_node-3] [INFO] [1770704217.488940831] [imu_filter]: Parameter RLController.pid_kp_ang set to 1.230663
[imu_filter_madgwick_node-3] [INFO] [1770704217.488995392] [imu_filter]: Parameter RLController.pid_ki_ang set to 0.000000
[imu_filter_madgwick_node-3] [INFO] [1770704217.489047009] [imu_filter]: Parameter RLController.pid_kd_ang set to 0.101333
[imu_filter_madgwick_node-3] [INFO] [1770704217.916483054] [imu_filter]: Parameter RLController.pid_kp_lin set to 1.215300
[imu_filter_madgwick_node-3] [INFO] [1770704217.916778965] [imu_filter]: Parameter RLController.pid_ki_lin set to 0.000000
[imu_filter_madgwick_node-3] [INFO] [1770704217.916861559] [imu_filter]: Parameter RLController.pid_kd_lin set to 0.020000
[imu_filter_madgwick_node-3] [INFO] [1770704217.916920984] [imu_filter]: Parameter RLController.pid_kp_ang set to 1.230663
[imu_filter_madgwick_node-3] [INFO] [1770704217.917089820] [imu_filter]: Parameter RLController.pid_ki_ang set to 0.000000
[imu_filter_madgwick_node-3] [INFO] [1770704217.917147710] [imu_filter]: Parameter RLController.pid_kd_ang set to 0.101333
[imu_filter_madgwick_node-3] [INFO] [1770704218.327901895] [imu_filter]: Parameter RLController.pid_kp_lin set to 1.215300
[imu_filter_madgwick_node-3] [INFO] [1770704218.329482284] [imu_filter]: Parameter RLController.pid_ki_lin set to 0.000000
[imu_filter_madgwick_node-3] [INFO] [1770704218.329627055] [imu_filter]: Parameter RLController.pid_kd_lin set to 0.020000
[imu_filter_madgwick_node-3] [INFO] [1770704218.329715441] [imu_filter]: Parameter RLController.pid_kp_ang set to 1.230663
[imu_filter_madgwick_node-3] [INFO] [1770704218.329778067] [imu_filter]: Parameter RLController.pid_ki_ang set to 0.000000
[imu_filter_madgwick_node-3] [INFO] [1770704218.329836052] [imu_filter]: Parameter RLController.pid_kd_ang set to 0.101333
[imu_filter_madgwick_node-3] [INFO] [1770704218.745756726] [imu_filter]: Parameter RLController.pid_kp_lin set to 1.215300
[imu_filter_madgwick_node-3] [INFO] [1770704218.747149302] [imu_filter]: Parameter RLController.pid_ki_lin set to 0.000000
[imu_filter_madgwick_node-3] [INFO] [1770704218.747349467] [imu_filter]: Parameter RLController.pid_kd_lin set to 0.020000
[imu_filter_madgwick_node-3] [INFO] [1770704218.747423868] [imu_filter]: Parameter RLController.pid_kp_ang set to 1.230663
[imu_filter_madgwick_node-3] [INFO] [1770704218.747480734] [imu_filter]: Parameter RLController.pid_ki_ang set to 0.000000
[imu_filter_madgwick_node-3] [INFO] [1770704218.747535359] [imu_filter]: Parameter RLController.pid_kd_ang set to 0.101333
[imu_filter_madgwick_node-3] [INFO] [1770704219.159732362] [imu_filter]: Parameter RLController.pid_kp_lin set to 1.215300
[imu_filter_madgwick_node-3] [INFO] [1770704219.159946031] [imu_filter]: Parameter RLController.pid_ki_lin set to 0.000000
[imu_filter_madgwick_node-3] [INFO] [1770704219.160018385] [imu_filter]: Parameter RLController.pid_kd_lin set to 0.020000
[imu_filter_madgwick_node-3] [INFO] [1770704219.160079730] [imu_filter]: Parameter RLController.pid_kp_ang set to 1.230663
[imu_filter_madgwick_node-3] [INFO] [1770704219.160135315] [imu_filter]: Parameter RLController.pid_ki_ang set to 0.000000
[imu_filter_madgwick_node-3] [INFO] [1770704219.160218997] [imu_filter]: Parameter RLController.pid_kd_ang set to 0.101333
[imu_filter_madgwick_node-3] [INFO] [1770704219.595763775] [imu_filter]: Parameter RLController.pid_kp_lin set to 1.215300
[imu_filter_madgwick_node-3] [INFO] [1770704219.595967204] [imu_filter]: Parameter RLController.pid_ki_lin set to 0.000000
[imu_filter_madgwick_node-3] [INFO] [1770704219.596032357] [imu_filter]: Parameter RLController.pid_kd_lin set to 0.020000
[imu_filter_madgwick_node-3] [INFO] [1770704219.596092583] [imu_filter]: Parameter RLController.pid_kp_ang set to 1.230663
[imu_filter_madgwick_node-3] [INFO] [1770704219.599356435] [imu_filter]: Parameter RLController.pid_ki_ang set to 0.000000
[imu_filter_madgwick_node-3] [INFO] [1770704219.599671322] [imu_filter]: Parameter RLController.pid_kd_ang set to 0.101333
[imu_filter_madgwick_node-3] [INFO] [1770704220.011533437] [imu_filter]: Parameter RLController.pid_kp_lin set to 1.215300
[imu_filter_madgwick_node-3] [INFO] [1770704220.011851684] [imu_filter]: Parameter RLController.pid_ki_lin set to 0.000000
[imu_filter_madgwick_node-3] [INFO] [1770704220.011937094] [imu_filter]: Parameter RLController.pid_kd_lin set to 0.020000
[imu_filter_madgwick_node-3] [INFO] [1770704220.014405056] [imu_filter]: Parameter RLController.pid_kp_ang set to 1.230663
[imu_filter_madgwick_node-3] [INFO] [1770704220.014574244] [imu_filter]: Parameter RLController.pid_ki_ang set to 0.000000
[imu_filter_madgwick_node-3] [INFO] [1770704220.014636133] [imu_filter]: Parameter RLController.pid_kd_ang set to 0.101333
[imu_filter_madgwick_node-3] [INFO] [1770704220.432102475] [imu_filter]: Parameter RLController.pid_kp_lin set to 1.215300
[imu_filter_madgwick_node-3] [INFO] [1770704220.432359473] [imu_filter]: Parameter RLController.pid_ki_lin set to 0.000000
[imu_filter_madgwick_node-3] [INFO] [1770704220.432430802] [imu_filter]: Parameter RLController.pid_kd_lin set to 0.020000
[imu_filter_madgwick_node-3] [INFO] [1770704220.432491508] [imu_filter]: Parameter RLController.pid_kp_ang set to 1.230663
[imu_filter_madgwick_node-3] [INFO] [1770704220.432546965] [imu_filter]: Parameter RLController.pid_ki_ang set to 0.000000
[imu_filter_madgwick_node-3] [INFO] [1770704220.432601430] [imu_filter]: Parameter RLController.pid_kd_ang set to 0.101333
[imu_filter_madgwick_node-3] [INFO] [1770704220.852941343] [imu_filter]: Parameter RLController.pid_kp_lin set to 1.215300
[imu_filter_madgwick_node-3] [INFO] [1770704220.853234309] [imu_filter]: Parameter RLController.pid_ki_lin set to 0.000000
[imu_filter_madgwick_node-3] [INFO] [1770704220.853310855] [imu_filter]: Parameter RLController.pid_kd_lin set to 0.020000
[imu_filter_madgwick_node-3] [INFO] [1770704220.853370601] [imu_filter]: Parameter RLController.pid_kp_ang set to 1.230663
[imu_filter_madgwick_node-3] [INFO] [1770704220.853425130] [imu_filter]: Parameter RLController.pid_ki_ang set to 0.000000
[imu_filter_madgwick_node-3] [INFO] [1770704220.853477099] [imu_filter]: Parameter RLController.pid_kd_ang set to 0.101333
[imu_filter_madgwick_node-3] [INFO] [1770704221.272357553] [imu_filter]: Parameter RLController.pid_kp_lin set to 1.215300
[imu_filter_madgwick_node-3] [INFO] [1770704221.272704249] [imu_filter]: Parameter RLController.pid_ki_lin set to 0.000000
[imu_filter_madgwick_node-3] [INFO] [1770704221.274352384] [imu_filter]: Parameter RLController.pid_kd_lin set to 0.020000
[imu_filter_madgwick_node-3] [INFO] [1770704221.274682599] [imu_filter]: Parameter RLController.pid_kp_ang set to 1.230663
[imu_filter_madgwick_node-3] [INFO] [1770704221.274801162] [imu_filter]: Parameter RLController.pid_ki_ang set to 0.000000
[imu_filter_madgwick_node-3] [INFO] [1770704221.274908813] [imu_filter]: Parameter RLController.pid_kd_ang set to 0.101333
[imu_filter_madgwick_node-3] [INFO] [1770704221.709583074] [imu_filter]: Parameter RLController.pid_kp_lin set to 1.215300
[imu_filter_madgwick_node-3] [INFO] [1770704221.709748038] [imu_filter]: Parameter RLController.pid_ki_lin set to 0.000000
[imu_filter_madgwick_node-3] [INFO] [1770704221.709812455] [imu_filter]: Parameter RLController.pid_kd_lin set to 0.020000
[imu_filter_madgwick_node-3] [INFO] [1770704221.709870953] [imu_filter]: Parameter RLController.pid_kp_ang set to 1.230663
[imu_filter_madgwick_node-3] [INFO] [1770704221.709918218] [imu_filter]: Parameter RLController.pid_ki_ang set to 0.000000
[imu_filter_madgwick_node-3] [INFO] [1770704221.715139043] [imu_filter]: Parameter RLController.pid_kd_ang set to 0.101333
[imu_filter_madgwick_node-3] [INFO] [1770704222.143368547] [imu_filter]: Parameter RLController.pid_kp_lin set to 1.215300
[imu_filter_madgwick_node-3] [INFO] [1770704222.146463339] [imu_filter]: Parameter RLController.pid_ki_lin set to 0.000000
[imu_filter_madgwick_node-3] [INFO] [1770704222.146726161] [imu_filter]: Parameter RLController.pid_kd_lin set to 0.020000
[imu_filter_madgwick_node-3] [INFO] [1770704222.146807827] [imu_filter]: Parameter RLController.pid_kp_ang set to 1.230663
[imu_filter_madgwick_node-3] [INFO] [1770704222.146869428] [imu_filter]: Parameter RLController.pid_ki_ang set to 0.000000
[imu_filter_madgwick_node-3] [INFO] [1770704222.146924757] [imu_filter]: Parameter RLController.pid_kd_ang set to 0.101333
[imu_filter_madgwick_node-3] [INFO] [1770704222.561904961] [imu_filter]: Parameter RLController.pid_kp_lin set to 1.215300
[imu_filter_madgwick_node-3] [INFO] [1770704222.563890415] [imu_filter]: Parameter RLController.pid_ki_lin set to 0.000000
[imu_filter_madgwick_node-3] [INFO] [1770704222.564071315] [imu_filter]: Parameter RLController.pid_kd_lin set to 0.020000
[imu_filter_madgwick_node-3] [INFO] [1770704222.564140821] [imu_filter]: Parameter RLController.pid_kp_ang set to 1.230663
[imu_filter_madgwick_node-3] [INFO] [1770704222.564226871] [imu_filter]: Parameter RLController.pid_ki_ang set to 0.000000
[imu_filter_madgwick_node-3] [INFO] [1770704222.564291929] [imu_filter]: Parameter RLController.pid_kd_ang set to 0.101333
[imu_filter_madgwick_node-3] [INFO] [1770704222.986188069] [imu_filter]: Parameter RLController.pid_kp_lin set to 1.215300
[imu_filter_madgwick_node-3] [INFO] [1770704222.992738013] [imu_filter]: Parameter RLController.pid_ki_lin set to 0.000000
[imu_filter_madgwick_node-3] [INFO] [1770704222.992924834] [imu_filter]: Parameter RLController.pid_kd_lin set to 0.020000
[imu_filter_madgwick_node-3] [INFO] [1770704222.992995043] [imu_filter]: Parameter RLController.pid_kp_ang set to 1.230663
[imu_filter_madgwick_node-3] [INFO] [1770704222.993054213] [imu_filter]: Parameter RLController.pid_ki_ang set to 0.000000
[imu_filter_madgwick_node-3] [INFO] [1770704222.993109894] [imu_filter]: Parameter RLController.pid_kd_ang set to 0.101333
[imu_filter_madgwick_node-3] [INFO] [1770704223.428025729] [imu_filter]: Parameter RLController.pid_kp_lin set to 1.215300
[imu_filter_madgwick_node-3] [INFO] [1770704223.428394857] [imu_filter]: Parameter RLController.pid_ki_lin set to 0.000000
[imu_filter_madgwick_node-3] [INFO] [1770704223.428517484] [imu_filter]: Parameter RLController.pid_kd_lin set to 0.020000
[imu_filter_madgwick_node-3] [INFO] [1770704223.428586990] [imu_filter]: Parameter RLController.pid_kp_ang set to 1.230663
[imu_filter_madgwick_node-3] [INFO] [1770704223.428664112] [imu_filter]: Parameter RLController.pid_ki_ang set to 0.000000
[imu_filter_madgwick_node-3] [INFO] [1770704223.428723345] [imu_filter]: Parameter RLController.pid_kd_ang set to 0.101333
[imu_filter_madgwick_node-3] [INFO] [1770704223.868861125] [imu_filter]: Parameter RLController.pid_kp_lin set to 1.215300
[imu_filter_madgwick_node-3] [INFO] [1770704223.871678887] [imu_filter]: Parameter RLController.pid_ki_lin set to 0.000000
[imu_filter_madgwick_node-3] [INFO] [1770704223.871843851] [imu_filter]: Parameter RLController.pid_kd_lin set to 0.020000
[imu_filter_madgwick_node-3] [INFO] [1770704223.874472680] [imu_filter]: Parameter RLController.pid_kp_ang set to 1.230663
[imu_filter_madgwick_node-3] [INFO] [1770704223.874828368] [imu_filter]: Parameter RLController.pid_ki_ang set to 0.000000
[imu_filter_madgwick_node-3] [INFO] [1770704223.874917202] [imu_filter]: Parameter RLController.pid_kd_ang set to 0.101333
[imu_filter_madgwick_node-3] [INFO] [1770704224.283375206] [imu_filter]: Parameter RLController.pid_kp_lin set to 1.215300
[imu_filter_madgwick_node-3] [INFO] [1770704224.283902387] [imu_filter]: Parameter RLController.pid_ki_lin set to 0.000000
[imu_filter_madgwick_node-3] [INFO] [1770704224.284007349] [imu_filter]: Parameter RLController.pid_kd_lin set to 0.020000
[imu_filter_madgwick_node-3] [INFO] [1770704224.284073079] [imu_filter]: Parameter RLController.pid_kp_ang set to 1.230663
[imu_filter_madgwick_node-3] [INFO] [1770704224.284129944] [imu_filter]: Parameter RLController.pid_ki_ang set to 0.000000
[imu_filter_madgwick_node-3] [INFO] [1770704224.284207162] [imu_filter]: Parameter RLController.pid_kd_ang set to 0.101333
[imu_filter_madgwick_node-3] [INFO] [1770704224.699146436] [imu_filter]: Parameter RLController.pid_kp_lin set to 1.215300
[imu_filter_madgwick_node-3] [INFO] [1770704224.708986153] [imu_filter]: Parameter RLController.pid_ki_lin set to 0.000000
[imu_filter_madgwick_node-3] [INFO] [1770704224.709195918] [imu_filter]: Parameter RLController.pid_kd_lin set to 0.020000
[imu_filter_madgwick_node-3] [INFO] [1770704224.709275152] [imu_filter]: Parameter RLController.pid_kp_ang set to 1.230663
[imu_filter_madgwick_node-3] [INFO] [1770704224.709337649] [imu_filter]: Parameter RLController.pid_ki_ang set to 0.000000
[imu_filter_madgwick_node-3] [INFO] [1770704224.709394355] [imu_filter]: Parameter RLController.pid_kd_ang set to 0.101333
[imu_filter_madgwick_node-3] [INFO] [1770704225.116909425] [imu_filter]: Parameter RLController.pid_kp_lin set to 1.215300
[imu_filter_madgwick_node-3] [INFO] [1770704225.126151880] [imu_filter]: Parameter RLController.pid_ki_lin set to 0.000000
[imu_filter_madgwick_node-3] [INFO] [1770704225.126566801] [imu_filter]: Parameter RLController.pid_kd_lin set to 0.020000
[imu_filter_madgwick_node-3] [INFO] [1770704225.126656403] [imu_filter]: Parameter RLController.pid_kp_ang set to 1.230663
[imu_filter_madgwick_node-3] [INFO] [1770704225.126716757] [imu_filter]: Parameter RLController.pid_ki_ang set to 0.000000
[imu_filter_madgwick_node-3] [INFO] [1770704225.126832247] [imu_filter]: Parameter RLController.pid_kd_ang set to 0.101333
[imu_filter_madgwick_node-3] [INFO] [1770704225.530763810] [imu_filter]: Parameter RLController.pid_kp_lin set to 1.215300
[imu_filter_madgwick_node-3] [INFO] [1770704225.530969639] [imu_filter]: Parameter RLController.pid_ki_lin set to 0.000000
[imu_filter_madgwick_node-3] [INFO] [1770704225.531041865] [imu_filter]: Parameter RLController.pid_kd_lin set to 0.020000
[imu_filter_madgwick_node-3] [INFO] [1770704225.531103562] [imu_filter]: Parameter RLController.pid_kp_ang set to 1.230663
[imu_filter_madgwick_node-3] [INFO] [1770704225.531158316] [imu_filter]: Parameter RLController.pid_ki_ang set to 0.000000
[imu_filter_madgwick_node-3] [INFO] [1770704225.531210509] [imu_filter]: Parameter RLController.pid_kd_ang set to 0.101333
[imu_filter_madgwick_node-3] [INFO] [1770704225.945174273] [imu_filter]: Parameter RLController.pid_kp_lin set to 1.215300
[imu_filter_madgwick_node-3] [INFO] [1770704225.945390374] [imu_filter]: Parameter RLController.pid_ki_lin set to 0.000000
[imu_filter_madgwick_node-3] [INFO] [1770704225.945478888] [imu_filter]: Parameter RLController.pid_kd_lin set to 0.020000
[imu_filter_madgwick_node-3] [INFO] [1770704225.945543561] [imu_filter]: Parameter RLController.pid_kp_ang set to 1.230663
[imu_filter_madgwick_node-3] [INFO] [1770704225.945595243] [imu_filter]: Parameter RLController.pid_ki_ang set to 0.000000
[imu_filter_madgwick_node-3] [INFO] [1770704225.945665676] [imu_filter]: Parameter RLController.pid_kd_ang set to 0.101333
[imu_filter_madgwick_node-3] [INFO] [1770704226.376515337] [imu_filter]: Parameter RLController.pid_kp_lin set to 1.215300
[imu_filter_madgwick_node-3] [INFO] [1770704226.376750670] [imu_filter]: Parameter RLController.pid_ki_lin set to 0.000000
[imu_filter_madgwick_node-3] [INFO] [1770704226.376853457] [imu_filter]: Parameter RLController.pid_kd_lin set to 0.020000
[imu_filter_madgwick_node-3] [INFO] [1770704226.376940307] [imu_filter]: Parameter RLController.pid_kp_ang set to 1.230663
[imu_filter_madgwick_node-3] [INFO] [1770704226.377007380] [imu_filter]: Parameter RLController.pid_ki_ang set to 0.000000
[imu_filter_madgwick_node-3] [INFO] [1770704226.377069398] [imu_filter]: Parameter RLController.pid_kd_ang set to 0.101333
[imu_filter_madgwick_node-3] [INFO] [1770704226.801275512] [imu_filter]: Parameter RLController.pid_kp_lin set to 1.215300
[imu_filter_madgwick_node-3] [INFO] [1770704226.801473788] [imu_filter]: Parameter RLController.pid_ki_lin set to 0.000000
[imu_filter_madgwick_node-3] [INFO] [1770704226.801541310] [imu_filter]: Parameter RLController.pid_kd_lin set to 0.020000
[imu_filter_madgwick_node-3] [INFO] [1770704226.801600319] [imu_filter]: Parameter RLController.pid_kp_ang set to 1.230663
[imu_filter_madgwick_node-3] [INFO] [1770704226.801651232] [imu_filter]: Parameter RLController.pid_ki_ang set to 0.000000
[imu_filter_madgwick_node-3] [INFO] [1770704226.801701346] [imu_filter]: Parameter RLController.pid_kd_ang set to 0.101333
[imu_filter_madgwick_node-3] [INFO] [1770704227.256020256] [imu_filter]: Parameter RLController.pid_kp_lin set to 1.215300
[imu_filter_madgwick_node-3] [INFO] [1770704227.256275941] [imu_filter]: Parameter RLController.pid_ki_lin set to 0.000000
[imu_filter_madgwick_node-3] [INFO] [1770704227.256350631] [imu_filter]: Parameter RLController.pid_kd_lin set to 0.020000
[imu_filter_madgwick_node-3] [INFO] [1770704227.257867626] [imu_filter]: Parameter RLController.pid_kp_ang set to 1.230663
[imu_filter_madgwick_node-3] [INFO] [1770704227.258000462] [imu_filter]: Parameter RLController.pid_ki_ang set to 0.000000
[imu_filter_madgwick_node-3] [INFO] [1770704227.258062479] [imu_filter]: Parameter RLController.pid_kd_ang set to 0.101333
[imu_filter_madgwick_node-3] [INFO] [1770704227.671317523] [imu_filter]: Parameter RLController.pid_kp_lin set to 1.215300
[imu_filter_madgwick_node-3] [INFO] [1770704227.671521079] [imu_filter]: Parameter RLController.pid_ki_lin set to 0.000000
[imu_filter_madgwick_node-3] [INFO] [1770704227.671591577] [imu_filter]: Parameter RLController.pid_kd_lin set to 0.020000
[imu_filter_madgwick_node-3] [INFO] [1770704227.671651194] [imu_filter]: Parameter RLController.pid_kp_ang set to 1.230663
[imu_filter_madgwick_node-3] [INFO] [1770704227.671711004] [imu_filter]: Parameter RLController.pid_ki_ang set to 0.000000
[imu_filter_madgwick_node-3] [INFO] [1770704227.671766749] [imu_filter]: Parameter RLController.pid_kd_ang set to 0.101333
[imu_filter_madgwick_node-3] [INFO] [1770704228.088700534] [imu_filter]: Parameter RLController.pid_kp_lin set to 1.215300
[imu_filter_madgwick_node-3] [INFO] [1770704228.088959772] [imu_filter]: Parameter RLController.pid_ki_lin set to 0.000000
[imu_filter_madgwick_node-3] [INFO] [1770704228.089027390] [imu_filter]: Parameter RLController.pid_kd_lin set to 0.020000
[imu_filter_madgwick_node-3] [INFO] [1770704228.089089375] [imu_filter]: Parameter RLController.pid_kp_ang set to 1.230663
[imu_filter_madgwick_node-3] [INFO] [1770704228.089147425] [imu_filter]: Parameter RLController.pid_ki_ang set to 0.000000
[imu_filter_madgwick_node-3] [INFO] [1770704228.093701770] [imu_filter]: Parameter RLController.pid_kd_ang set to 0.101333
[imu_filter_madgwick_node-3] [INFO] [1770704228.501373484] [imu_filter]: Parameter RLController.pid_kp_lin set to 1.215300
[imu_filter_madgwick_node-3] [INFO] [1770704228.501754741] [imu_filter]: Parameter RLController.pid_ki_lin set to 0.000000
[imu_filter_madgwick_node-3] [INFO] [1770704228.501872504] [imu_filter]: Parameter RLController.pid_kd_lin set to 0.020000
[imu_filter_madgwick_node-3] [INFO] [1770704228.501964538] [imu_filter]: Parameter RLController.pid_kp_ang set to 1.230663
[imu_filter_madgwick_node-3] [INFO] [1770704228.502030172] [imu_filter]: Parameter RLController.pid_ki_ang set to 0.000000
[imu_filter_madgwick_node-3] [INFO] [1770704228.502089789] [imu_filter]: Parameter RLController.pid_kd_ang set to 0.101333
[imu_filter_madgwick_node-3] [INFO] [1770704228.912858183] [imu_filter]: Parameter RLController.pid_kp_lin set to 1.215300
[imu_filter_madgwick_node-3] [INFO] [1770704228.913194351] [imu_filter]: Parameter RLController.pid_ki_lin set to 0.000000
[imu_filter_madgwick_node-3] [INFO] [1770704228.913292305] [imu_filter]: Parameter RLController.pid_kd_lin set to 0.020000
[imu_filter_madgwick_node-3] [INFO] [1770704228.913358514] [imu_filter]: Parameter RLController.pid_kp_ang set to 1.230663
[imu_filter_madgwick_node-3] [INFO] [1770704228.913413876] [imu_filter]: Parameter RLController.pid_ki_ang set to 0.000000
[imu_filter_madgwick_node-3] [INFO] [1770704228.913467573] [imu_filter]: Parameter RLController.pid_kd_ang set to 0.101333
[imu_filter_madgwick_node-3] [INFO] [1770704229.337109194] [imu_filter]: Parameter RLController.pid_kp_lin set to 1.215300
[imu_filter_madgwick_node-3] [INFO] [1770704229.337321775] [imu_filter]: Parameter RLController.pid_ki_lin set to 0.000000
[imu_filter_madgwick_node-3] [INFO] [1770704229.337391152] [imu_filter]: Parameter RLController.pid_kd_lin set to 0.020000
[imu_filter_madgwick_node-3] [INFO] [1770704229.337450738] [imu_filter]: Parameter RLController.pid_kp_ang set to 1.230663
[imu_filter_madgwick_node-3] [INFO] [1770704229.337508595] [imu_filter]: Parameter RLController.pid_ki_ang set to 0.000000
[imu_filter_madgwick_node-3] [INFO] [1770704229.338540843] [imu_filter]: Parameter RLController.pid_kd_ang set to 0.101333
[imu_filter_madgwick_node-3] [INFO] [1770704229.755943759] [imu_filter]: Parameter RLController.pid_kp_lin set to 1.215300
[imu_filter_madgwick_node-3] [INFO] [1770704229.756156436] [imu_filter]: Parameter RLController.pid_ki_lin set to 0.000000
[imu_filter_madgwick_node-3] [INFO] [1770704229.756247830] [imu_filter]: Parameter RLController.pid_kd_lin set to 0.020000
[imu_filter_madgwick_node-3] [INFO] [1770704229.756311896] [imu_filter]: Parameter RLController.pid_kp_ang set to 1.230663
[imu_filter_madgwick_node-3] [INFO] [1770704229.756369689] [imu_filter]: Parameter RLController.pid_ki_ang set to 0.000000
[imu_filter_madgwick_node-3] [INFO] [1770704229.756426202] [imu_filter]: Parameter RLController.pid_kd_ang set to 0.101333
[imu_filter_madgwick_node-3] [INFO] [1770704230.187797507] [imu_filter]: Parameter RLController.pid_kp_lin set to 1.215300
[imu_filter_madgwick_node-3] [INFO] [1770704230.188009800] [imu_filter]: Parameter RLController.pid_ki_lin set to 0.000000
[imu_filter_madgwick_node-3] [INFO] [1770704230.188084234] [imu_filter]: Parameter RLController.pid_kd_lin set to 0.020000
[imu_filter_madgwick_node-3] [INFO] [1770704230.188144427] [imu_filter]: Parameter RLController.pid_kp_ang set to 1.230663
[imu_filter_madgwick_node-3] [INFO] [1770704230.188424082] [imu_filter]: Parameter RLController.pid_ki_ang set to 0.000000
[imu_filter_madgwick_node-3] [INFO] [1770704230.188489043] [imu_filter]: Parameter RLController.pid_kd_ang set to 0.101333
[imu_filter_madgwick_node-3] [INFO] [1770704230.610466465] [imu_filter]: Parameter RLController.pid_kp_lin set to 1.215300
[imu_filter_madgwick_node-3] [INFO] [1770704230.611979237] [imu_filter]: Parameter RLController.pid_ki_lin set to 0.000000
[imu_filter_madgwick_node-3] [INFO] [1770704230.612142888] [imu_filter]: Parameter RLController.pid_kd_lin set to 0.020000
[imu_filter_madgwick_node-3] [INFO] [1770704230.612245003] [imu_filter]: Parameter RLController.pid_kp_ang set to 1.230663
[imu_filter_madgwick_node-3] [INFO] [1770704230.612312012] [imu_filter]: Parameter RLController.pid_ki_ang set to 0.000000
[imu_filter_madgwick_node-3] [INFO] [1770704230.612370030] [imu_filter]: Parameter RLController.pid_kd_ang set to 0.101333
[imu_filter_madgwick_node-3] [INFO] [1770704231.023168120] [imu_filter]: Parameter RLController.pid_kp_lin set to 1.215300
[imu_filter_madgwick_node-3] [INFO] [1770704231.023397470] [imu_filter]: Parameter RLController.pid_ki_lin set to 0.000000
[imu_filter_madgwick_node-3] [INFO] [1770704231.023465503] [imu_filter]: Parameter RLController.pid_kd_lin set to 0.020000
[imu_filter_madgwick_node-3] [INFO] [1770704231.023523840] [imu_filter]: Parameter RLController.pid_kp_ang set to 1.230663
[imu_filter_madgwick_node-3] [INFO] [1770704231.023576962] [imu_filter]: Parameter RLController.pid_ki_ang set to 0.000000
[imu_filter_madgwick_node-3] [INFO] [1770704231.023630243] [imu_filter]: Parameter RLController.pid_kd_ang set to 0.101333
[imu_filter_madgwick_node-3] [INFO] [1770704231.435587464] [imu_filter]: Parameter RLController.pid_kp_lin set to 1.215300
[imu_filter_madgwick_node-3] [INFO] [1770704231.435911664] [imu_filter]: Parameter RLController.pid_ki_lin set to 0.000000
[imu_filter_madgwick_node-3] [INFO] [1770704231.435997202] [imu_filter]: Parameter RLController.pid_kd_lin set to 0.020000
[imu_filter_madgwick_node-3] [INFO] [1770704231.436062995] [imu_filter]: Parameter RLController.pid_kp_ang set to 1.230663
[imu_filter_madgwick_node-3] [INFO] [1770704231.436121141] [imu_filter]: Parameter RLController.pid_ki_ang set to 0.000000
[imu_filter_madgwick_node-3] [INFO] [1770704231.440081521] [imu_filter]: Parameter RLController.pid_kd_ang set to 0.101333
[imu_filter_madgwick_node-3] [INFO] [1770704231.849426074] [imu_filter]: Parameter RLController.pid_kp_lin set to 1.215300
[imu_filter_madgwick_node-3] [INFO] [1770704231.849613342] [imu_filter]: Parameter RLController.pid_ki_lin set to 0.000000
[imu_filter_madgwick_node-3] [INFO] [1770704231.849681408] [imu_filter]: Parameter RLController.pid_kd_lin set to 0.020000
[imu_filter_madgwick_node-3] [INFO] [1770704231.849738913] [imu_filter]: Parameter RLController.pid_kp_ang set to 1.230663
[imu_filter_madgwick_node-3] [INFO] [1770704231.849791266] [imu_filter]: Parameter RLController.pid_ki_ang set to 0.000000
[imu_filter_madgwick_node-3] [INFO] [1770704231.849842851] [imu_filter]: Parameter RLController.pid_kd_ang set to 0.101333
[imu_filter_madgwick_node-3] [INFO] [1770704232.260645486] [imu_filter]: Parameter RLController.pid_kp_lin set to 1.215300
[imu_filter_madgwick_node-3] [INFO] [1770704232.261004374] [imu_filter]: Parameter RLController.pid_ki_lin set to 0.000000
[imu_filter_madgwick_node-3] [INFO] [1770704232.261087192] [imu_filter]: Parameter RLController.pid_kd_lin set to 0.020000
[imu_filter_madgwick_node-3] [INFO] [1770704232.261153306] [imu_filter]: Parameter RLController.pid_kp_ang set to 1.230663
[imu_filter_madgwick_node-3] [INFO] [1770704232.261210811] [imu_filter]: Parameter RLController.pid_ki_ang set to 0.000000
[imu_filter_madgwick_node-3] [INFO] [1770704232.261269628] [imu_filter]: Parameter RLController.pid_kd_ang set to 0.101333
[imu_filter_madgwick_node-3] [INFO] [1770704232.670820682] [imu_filter]: Parameter RLController.pid_kp_lin set to 1.215300
[imu_filter_madgwick_node-3] [INFO] [1770704232.671013006] [imu_filter]: Parameter RLController.pid_ki_lin set to 0.000000
[imu_filter_madgwick_node-3] [INFO] [1770704232.671082160] [imu_filter]: Parameter RLController.pid_kd_lin set to 0.020000
[imu_filter_madgwick_node-3] [INFO] [1770704232.671143409] [imu_filter]: Parameter RLController.pid_kp_ang set to 1.230663
[imu_filter_madgwick_node-3] [INFO] [1770704232.671197171] [imu_filter]: Parameter RLController.pid_ki_ang set to 0.000000
[imu_filter_madgwick_node-3] [INFO] [1770704232.671248212] [imu_filter]: Parameter RLController.pid_kd_ang set to 0.101333
[imu_filter_madgwick_node-3] [INFO] [1770704233.084446198] [imu_filter]: Parameter RLController.pid_kp_lin set to 1.215300
[imu_filter_madgwick_node-3] [INFO] [1770704233.089245958] [imu_filter]: Parameter RLController.pid_ki_lin set to 0.000000
[imu_filter_madgwick_node-3] [INFO] [1770704233.089767634] [imu_filter]: Parameter RLController.pid_kd_lin set to 0.020000
[imu_filter_madgwick_node-3] [INFO] [1770704233.090017944] [imu_filter]: Parameter RLController.pid_kp_ang set to 1.230663
[imu_filter_madgwick_node-3] [INFO] [1770704233.090094713] [imu_filter]: Parameter RLController.pid_ki_ang set to 0.000000
[imu_filter_madgwick_node-3] [INFO] [1770704233.090216028] [imu_filter]: Parameter RLController.pid_kd_ang set to 0.101333
[imu_filter_madgwick_node-3] [INFO] [1770704233.502094208] [imu_filter]: Parameter RLController.pid_kp_lin set to 1.215300
[imu_filter_madgwick_node-3] [INFO] [1770704233.502316805] [imu_filter]: Parameter RLController.pid_ki_lin set to 0.000000
[imu_filter_madgwick_node-3] [INFO] [1770704233.502758831] [imu_filter]: Parameter RLController.pid_kd_lin set to 0.020000
[imu_filter_madgwick_node-3] [INFO] [1770704233.502888242] [imu_filter]: Parameter RLController.pid_kp_ang set to 1.230663
[imu_filter_madgwick_node-3] [INFO] [1770704233.502955636] [imu_filter]: Parameter RLController.pid_ki_ang set to 0.000000
[imu_filter_madgwick_node-3] [INFO] [1770704233.503014069] [imu_filter]: Parameter RLController.pid_kd_ang set to 0.101333
[imu_filter_madgwick_node-3] [INFO] [1770704233.917309649] [imu_filter]: Parameter RLController.pid_kp_lin set to 1.215300
[imu_filter_madgwick_node-3] [INFO] [1770704233.919914510] [imu_filter]: Parameter RLController.pid_ki_lin set to 0.000000
[imu_filter_madgwick_node-3] [INFO] [1770704233.920244277] [imu_filter]: Parameter RLController.pid_kd_lin set to 0.020000
[imu_filter_madgwick_node-3] [INFO] [1770704233.920327991] [imu_filter]: Parameter RLController.pid_kp_ang set to 1.230663
[imu_filter_madgwick_node-3] [INFO] [1770704233.920387001] [imu_filter]: Parameter RLController.pid_ki_ang set to 0.000000
[imu_filter_madgwick_node-3] [INFO] [1770704233.920441530] [imu_filter]: Parameter RLController.pid_kd_ang set to 0.101333
[imu_filter_madgwick_node-3] [INFO] [1770704234.325843271] [imu_filter]: Parameter RLController.pid_kp_lin set to 1.215300
[imu_filter_madgwick_node-3] [INFO] [1770704234.326052140] [imu_filter]: Parameter RLController.pid_ki_lin set to 0.000000
[imu_filter_madgwick_node-3] [INFO] [1770704234.326122605] [imu_filter]: Parameter RLController.pid_kd_lin set to 0.020000
[imu_filter_madgwick_node-3] [INFO] [1770704234.326189391] [imu_filter]: Parameter RLController.pid_kp_ang set to 1.230663
[imu_filter_madgwick_node-3] [INFO] [1770704234.326245136] [imu_filter]: Parameter RLController.pid_ki_ang set to 0.000000
[imu_filter_madgwick_node-3] [INFO] [1770704234.326302066] [imu_filter]: Parameter RLController.pid_kd_ang set to 0.101333
[imu_filter_madgwick_node-3] [INFO] [1770704234.754657460] [imu_filter]: Parameter RLController.pid_kp_lin set to 1.215300
[imu_filter_madgwick_node-3] [INFO] [1770704234.754924698] [imu_filter]: Parameter RLController.pid_ki_lin set to 0.000000
[imu_filter_madgwick_node-3] [INFO] [1770704234.755080638] [imu_filter]: Parameter RLController.pid_kd_lin set to 0.020000
[imu_filter_madgwick_node-3] [INFO] [1770704234.755153024] [imu_filter]: Parameter RLController.pid_kp_ang set to 1.230663
[imu_filter_madgwick_node-3] [INFO] [1770704234.755280547] [imu_filter]: Parameter RLController.pid_ki_ang set to 0.000000
[imu_filter_madgwick_node-3] [INFO] [1770704234.755344260] [imu_filter]: Parameter RLController.pid_kd_ang set to 0.101333
[imu_filter_madgwick_node-3] [INFO] [1770704235.166806654] [imu_filter]: Parameter RLController.pid_kp_lin set to 1.215300
[imu_filter_madgwick_node-3] [INFO] [1770704235.167018883] [imu_filter]: Parameter RLController.pid_ki_lin set to 0.000000
[imu_filter_madgwick_node-3] [INFO] [1770704235.167087749] [imu_filter]: Parameter RLController.pid_kd_lin set to 0.020000
[imu_filter_madgwick_node-3] [INFO] [1770704235.167149062] [imu_filter]: Parameter RLController.pid_kp_ang set to 1.230663
[imu_filter_madgwick_node-3] [INFO] [1770704235.167203591] [imu_filter]: Parameter RLController.pid_ki_ang set to 0.000000
[imu_filter_madgwick_node-3] [INFO] [1770704235.167257769] [imu_filter]: Parameter RLController.pid_kd_ang set to 0.101333
[imu_filter_madgwick_node-3] [INFO] [1770704235.586849984] [imu_filter]: Parameter RLController.pid_kp_lin set to 1.215300
[imu_filter_madgwick_node-3] [INFO] [1770704235.587073989] [imu_filter]: Parameter RLController.pid_ki_lin set to 0.000000
[imu_filter_madgwick_node-3] [INFO] [1770704235.587157095] [imu_filter]: Parameter RLController.pid_kd_lin set to 0.020000
[imu_filter_madgwick_node-3] [INFO] [1770704235.587735828] [imu_filter]: Parameter RLController.pid_kp_ang set to 1.230663
[imu_filter_madgwick_node-3] [INFO] [1770704235.587838550] [imu_filter]: Parameter RLController.pid_ki_ang set to 0.000000
[imu_filter_madgwick_node-3] [INFO] [1770704235.587897592] [imu_filter]: Parameter RLController.pid_kd_ang set to 0.101333
[imu_filter_madgwick_node-3] [INFO] [1770704236.001777994] [imu_filter]: Parameter RLController.pid_kp_lin set to 1.215300
[imu_filter_madgwick_node-3] [INFO] [1770704236.002144851] [imu_filter]: Parameter RLController.pid_ki_lin set to 0.000000
[imu_filter_madgwick_node-3] [INFO] [1770704236.002242325] [imu_filter]: Parameter RLController.pid_kd_lin set to 0.020000
[imu_filter_madgwick_node-3] [INFO] [1770704236.002305462] [imu_filter]: Parameter RLController.pid_kp_ang set to 1.230663
[imu_filter_madgwick_node-3] [INFO] [1770704236.002361976] [imu_filter]: Parameter RLController.pid_ki_ang set to 0.000000
[imu_filter_madgwick_node-3] [INFO] [1770704236.002429497] [imu_filter]: Parameter RLController.pid_kd_ang set to 0.101333
[imu_filter_madgwick_node-3] [INFO] [1770704236.427298699] [imu_filter]: Parameter RLController.pid_kp_lin set to 1.215300
[imu_filter_madgwick_node-3] [INFO] [1770704236.431310536] [imu_filter]: Parameter RLController.pid_ki_lin set to 0.000000
[imu_filter_madgwick_node-3] [INFO] [1770704236.431603407] [imu_filter]: Parameter RLController.pid_kd_lin set to 0.020000
[imu_filter_madgwick_node-3] [INFO] [1770704236.431686865] [imu_filter]: Parameter RLController.pid_kp_ang set to 1.230663
[imu_filter_madgwick_node-3] [INFO] [1770704236.431744786] [imu_filter]: Parameter RLController.pid_ki_ang set to 0.000000
[imu_filter_madgwick_node-3] [INFO] [1770704236.431801747] [imu_filter]: Parameter RLController.pid_kd_ang set to 0.101333
[imu_filter_madgwick_node-3] [INFO] [1770704236.841381698] [imu_filter]: Parameter RLController.pid_kp_lin set to 1.215300
[imu_filter_madgwick_node-3] [INFO] [1770704236.841592134] [imu_filter]: Parameter RLController.pid_ki_lin set to 0.000000
[imu_filter_madgwick_node-3] [INFO] [1770704236.841663528] [imu_filter]: Parameter RLController.pid_kd_lin set to 0.020000
[imu_filter_madgwick_node-3] [INFO] [1770704236.841722953] [imu_filter]: Parameter RLController.pid_kp_ang set to 1.230663
[imu_filter_madgwick_node-3] [INFO] [1770704236.841775147] [imu_filter]: Parameter RLController.pid_ki_ang set to 0.000000
[imu_filter_madgwick_node-3] [INFO] [1770704236.841826892] [imu_filter]: Parameter RLController.pid_kd_ang set to 0.101333
[imu_filter_madgwick_node-3] [INFO] [1770704237.255776832] [imu_filter]: Parameter RLController.pid_kp_lin set to 1.215300
[imu_filter_madgwick_node-3] [INFO] [1770704237.255997925] [imu_filter]: Parameter RLController.pid_ki_lin set to 0.000000
[imu_filter_madgwick_node-3] [INFO] [1770704237.256075015] [imu_filter]: Parameter RLController.pid_kd_lin set to 0.020000
[imu_filter_madgwick_node-3] [INFO] [1770704237.256134408] [imu_filter]: Parameter RLController.pid_kp_ang set to 1.230663
[imu_filter_madgwick_node-3] [INFO] [1770704237.256265867] [imu_filter]: Parameter RLController.pid_ki_ang set to 0.000000
[imu_filter_madgwick_node-3] [INFO] [1770704237.256330445] [imu_filter]: Parameter RLController.pid_kd_ang set to 0.101333
[imu_filter_madgwick_node-3] [INFO] [1770704237.670864110] [imu_filter]: Parameter RLController.pid_kp_lin set to 1.215300
[imu_filter_madgwick_node-3] [INFO] [1770704237.671058098] [imu_filter]: Parameter RLController.pid_ki_lin set to 0.000000
[imu_filter_madgwick_node-3] [INFO] [1770704237.671130036] [imu_filter]: Parameter RLController.pid_kd_lin set to 0.020000
[imu_filter_madgwick_node-3] [INFO] [1770704237.671192085] [imu_filter]: Parameter RLController.pid_kp_ang set to 1.230663
[imu_filter_madgwick_node-3] [INFO] [1770704237.671248087] [imu_filter]: Parameter RLController.pid_ki_ang set to 0.000000
[imu_filter_madgwick_node-3] [INFO] [1770704237.671303704] [imu_filter]: Parameter RLController.pid_kd_ang set to 0.101333
[imu_filter_madgwick_node-3] [INFO] [1770704238.086947731] [imu_filter]: Parameter RLController.pid_kp_lin set to 1.215300
[imu_filter_madgwick_node-3] [INFO] [1770704238.087218682] [imu_filter]: Parameter RLController.pid_ki_lin set to 0.000000
[imu_filter_madgwick_node-3] [INFO] [1770704238.087296315] [imu_filter]: Parameter RLController.pid_kd_lin set to 0.020000
[imu_filter_madgwick_node-3] [INFO] [1770704238.087404958] [imu_filter]: Parameter RLController.pid_kp_ang set to 1.230663
[imu_filter_madgwick_node-3] [INFO] [1770704238.087477792] [imu_filter]: Parameter RLController.pid_ki_ang set to 0.000000
[imu_filter_madgwick_node-3] [INFO] [1770704238.087535041] [imu_filter]: Parameter RLController.pid_kd_ang set to 0.101333
[imu_filter_madgwick_node-3] [INFO] [1770704238.493606398] [imu_filter]: Parameter RLController.pid_kp_lin set to 1.215300
[imu_filter_madgwick_node-3] [INFO] [1770704238.493802146] [imu_filter]: Parameter RLController.pid_ki_lin set to 0.000000
[imu_filter_madgwick_node-3] [INFO] [1770704238.493943109] [imu_filter]: Parameter RLController.pid_kd_lin set to 0.020000
[imu_filter_madgwick_node-3] [INFO] [1770704238.496133560] [imu_filter]: Parameter RLController.pid_kp_ang set to 1.230663
[imu_filter_madgwick_node-3] [INFO] [1770704238.496355421] [imu_filter]: Parameter RLController.pid_ki_ang set to 0.000000
[imu_filter_madgwick_node-3] [INFO] [1770704238.496747207] [imu_filter]: Parameter RLController.pid_kd_ang set to 0.101333
[imu_filter_madgwick_node-3] [INFO] [1770704238.945550980] [imu_filter]: Parameter RLController.pid_kp_lin set to 1.215300
[imu_filter_madgwick_node-3] [INFO] [1770704238.946635421] [imu_filter]: Parameter RLController.pid_ki_lin set to 0.000000
[imu_filter_madgwick_node-3] [INFO] [1770704238.948200802] [imu_filter]: Parameter RLController.pid_kd_lin set to 0.020000
[imu_filter_madgwick_node-3] [INFO] [1770704238.948304420] [imu_filter]: Parameter RLController.pid_kp_ang set to 1.230663
[imu_filter_madgwick_node-3] [INFO] [1770704238.948368678] [imu_filter]: Parameter RLController.pid_ki_ang set to 0.000000
[imu_filter_madgwick_node-3] [INFO] [1770704238.948426439] [imu_filter]: Parameter RLController.pid_kd_ang set to 0.101333
[imu_filter_madgwick_node-3] [INFO] [1770704239.357393671] [imu_filter]: Parameter RLController.pid_kp_lin set to 1.215300
[imu_filter_madgwick_node-3] [INFO] [1770704239.357624172] [imu_filter]: Parameter RLController.pid_ki_lin set to 0.000000
[imu_filter_madgwick_node-3] [INFO] [1770704239.357704366] [imu_filter]: Parameter RLController.pid_kd_lin set to 0.020000
[imu_filter_madgwick_node-3] [INFO] [1770704239.357903315] [imu_filter]: Parameter RLController.pid_kp_ang set to 1.230663
[imu_filter_madgwick_node-3] [INFO] [1770704239.357966452] [imu_filter]: Parameter RLController.pid_ki_ang set to 0.000000
[imu_filter_madgwick_node-3] [INFO] [1770704239.358022134] [imu_filter]: Parameter RLController.pid_kd_ang set to 0.101333
[imu_filter_madgwick_node-3] [INFO] [1770704239.774225150] [imu_filter]: Parameter RLController.pid_kp_lin set to 1.215300
[imu_filter_madgwick_node-3] [INFO] [1770704239.777468873] [imu_filter]: Parameter RLController.pid_ki_lin set to 0.000000
[imu_filter_madgwick_node-3] [INFO] [1770704239.777782160] [imu_filter]: Parameter RLController.pid_kd_lin set to 0.020000
[imu_filter_madgwick_node-3] [INFO] [1770704239.777891827] [imu_filter]: Parameter RLController.pid_kp_ang set to 1.230663
[imu_filter_madgwick_node-3] [INFO] [1770704239.777959509] [imu_filter]: Parameter RLController.pid_ki_ang set to 0.000000
[imu_filter_madgwick_node-3] [INFO] [1770704239.778016630] [imu_filter]: Parameter RLController.pid_kd_ang set to 0.101333
[imu_filter_madgwick_node-3] [INFO] [1770704240.191528224] [imu_filter]: Parameter RLController.pid_kp_lin set to 1.215300
[imu_filter_madgwick_node-3] [INFO] [1770704240.200094439] [imu_filter]: Parameter RLController.pid_ki_lin set to 0.000000
[imu_filter_madgwick_node-3] [INFO] [1770704240.200332972] [imu_filter]: Parameter RLController.pid_kd_lin set to 0.020000
[imu_filter_madgwick_node-3] [INFO] [1770704240.200412590] [imu_filter]: Parameter RLController.pid_kp_ang set to 1.230663
[imu_filter_madgwick_node-3] [INFO] [1770704240.200479760] [imu_filter]: Parameter RLController.pid_ki_ang set to 0.000000
[imu_filter_madgwick_node-3] [INFO] [1770704240.200538449] [imu_filter]: Parameter RLController.pid_kd_ang set to 0.101333
[imu_filter_madgwick_node-3] [INFO] [1770704240.610920306] [imu_filter]: Parameter RLController.pid_kp_lin set to 1.215300
[imu_filter_madgwick_node-3] [INFO] [1770704240.611128791] [imu_filter]: Parameter RLController.pid_ki_lin set to 0.000000
[imu_filter_madgwick_node-3] [INFO] [1770704240.611203512] [imu_filter]: Parameter RLController.pid_kd_lin set to 0.020000
[imu_filter_madgwick_node-3] [INFO] [1770704240.611265434] [imu_filter]: Parameter RLController.pid_kp_ang set to 1.230663
[imu_filter_madgwick_node-3] [INFO] [1770704240.611322843] [imu_filter]: Parameter RLController.pid_ki_ang set to 0.000000
[imu_filter_madgwick_node-3] [INFO] [1770704240.611377308] [imu_filter]: Parameter RLController.pid_kd_ang set to 0.101333
[imu_filter_madgwick_node-3] [INFO] [1770704241.045383362] [imu_filter]: Parameter RLController.pid_kp_lin set to 1.215300
[imu_filter_madgwick_node-3] [INFO] [1770704241.047587285] [imu_filter]: Parameter RLController.pid_ki_lin set to 0.000000
[imu_filter_madgwick_node-3] [INFO] [1770704241.047904349] [imu_filter]: Parameter RLController.pid_kd_lin set to 0.020000
[imu_filter_madgwick_node-3] [INFO] [1770704241.048013375] [imu_filter]: Parameter RLController.pid_kp_ang set to 1.230663
[imu_filter_madgwick_node-3] [INFO] [1770704241.048080865] [imu_filter]: Parameter RLController.pid_ki_ang set to 0.000000
[imu_filter_madgwick_node-3] [INFO] [1770704241.048139938] [imu_filter]: Parameter RLController.pid_kd_ang set to 0.101333
[imu_filter_madgwick_node-3] [INFO] [1770704241.455527614] [imu_filter]: Parameter RLController.pid_kp_lin set to 1.215300
[imu_filter_madgwick_node-3] [INFO] [1770704241.455739202] [imu_filter]: Parameter RLController.pid_ki_lin set to 0.000000
[imu_filter_madgwick_node-3] [INFO] [1770704241.455812196] [imu_filter]: Parameter RLController.pid_kd_lin set to 0.020000
[imu_filter_madgwick_node-3] [INFO] [1770704241.459197043] [imu_filter]: Parameter RLController.pid_kp_ang set to 1.230663
[imu_filter_madgwick_node-3] [INFO] [1770704241.459406456] [imu_filter]: Parameter RLController.pid_ki_ang set to 0.000000
[imu_filter_madgwick_node-3] [INFO] [1770704241.459479161] [imu_filter]: Parameter RLController.pid_kd_ang set to 0.101333
[imu_filter_madgwick_node-3] [INFO] [1770704241.869437296] [imu_filter]: Parameter RLController.pid_kp_lin set to 1.215300
[imu_filter_madgwick_node-3] [INFO] [1770704241.871631587] [imu_filter]: Parameter RLController.pid_ki_lin set to 0.000000
[imu_filter_madgwick_node-3] [INFO] [1770704241.871935946] [imu_filter]: Parameter RLController.pid_kd_lin set to 0.020000
[imu_filter_madgwick_node-3] [INFO] [1770704241.872009068] [imu_filter]: Parameter RLController.pid_kp_ang set to 1.230663
[imu_filter_madgwick_node-3] [INFO] [1770704241.872067278] [imu_filter]: Parameter RLController.pid_ki_ang set to 0.000000
[imu_filter_madgwick_node-3] [INFO] [1770704241.872121839] [imu_filter]: Parameter RLController.pid_kd_ang set to 0.101333
[imu_filter_madgwick_node-3] [INFO] [1770704242.289533907] [imu_filter]: Parameter RLController.pid_kp_lin set to 1.215300
[imu_filter_madgwick_node-3] [INFO] [1770704242.289742584] [imu_filter]: Parameter RLController.pid_ki_lin set to 0.000000
[imu_filter_madgwick_node-3] [INFO] [1770704242.289812858] [imu_filter]: Parameter RLController.pid_kd_lin set to 0.020000
[imu_filter_madgwick_node-3] [INFO] [1770704242.289879387] [imu_filter]: Parameter RLController.pid_kp_ang set to 1.230663
[imu_filter_madgwick_node-3] [INFO] [1770704242.289933916] [imu_filter]: Parameter RLController.pid_ki_ang set to 0.000000
[imu_filter_madgwick_node-3] [INFO] [1770704242.290103776] [imu_filter]: Parameter RLController.pid_kd_ang set to 0.101333
[imu_filter_madgwick_node-3] [INFO] [1770704242.707510116] [imu_filter]: Parameter RLController.pid_kp_lin set to 1.215300
[imu_filter_madgwick_node-3] [INFO] [1770704242.707764938] [imu_filter]: Parameter RLController.pid_ki_lin set to 0.000000
[imu_filter_madgwick_node-3] [INFO] [1770704242.707880973] [imu_filter]: Parameter RLController.pid_kd_lin set to 0.020000
[imu_filter_madgwick_node-3] [INFO] [1770704242.708063409] [imu_filter]: Parameter RLController.pid_kp_ang set to 1.230663
[imu_filter_madgwick_node-3] [INFO] [1770704242.708137043] [imu_filter]: Parameter RLController.pid_ki_ang set to 0.000000
[imu_filter_madgwick_node-3] [INFO] [1770704242.716367698] [imu_filter]: Parameter RLController.pid_kd_ang set to 0.101333
[imu_filter_madgwick_node-3] [INFO] [1770704243.122411086] [imu_filter]: Parameter RLController.pid_kp_lin set to 1.215300
[imu_filter_madgwick_node-3] [INFO] [1770704243.122633459] [imu_filter]: Parameter RLController.pid_ki_lin set to 0.000000
[imu_filter_madgwick_node-3] [INFO] [1770704243.122720277] [imu_filter]: Parameter RLController.pid_kd_lin set to 0.020000
[imu_filter_madgwick_node-3] [INFO] [1770704243.122782647] [imu_filter]: Parameter RLController.pid_kp_ang set to 1.230663
[imu_filter_madgwick_node-3] [INFO] [1770704243.122839896] [imu_filter]: Parameter RLController.pid_ki_ang set to 0.000000
[imu_filter_madgwick_node-3] [INFO] [1770704243.122892281] [imu_filter]: Parameter RLController.pid_kd_ang set to 0.101333
[imu_filter_madgwick_node-3] [INFO] [1770704243.540411424] [imu_filter]: Parameter RLController.pid_kp_lin set to 1.215300
[imu_filter_madgwick_node-3] [INFO] [1770704243.540650438] [imu_filter]: Parameter RLController.pid_ki_lin set to 0.000000
[imu_filter_madgwick_node-3] [INFO] [1770704243.540724263] [imu_filter]: Parameter RLController.pid_kd_lin set to 0.020000
[imu_filter_madgwick_node-3] [INFO] [1770704243.540781993] [imu_filter]: Parameter RLController.pid_kp_ang set to 1.230663
[imu_filter_madgwick_node-3] [INFO] [1770704243.540834250] [imu_filter]: Parameter RLController.pid_ki_ang set to 0.000000
[imu_filter_madgwick_node-3] [INFO] [1770704243.540886155] [imu_filter]: Parameter RLController.pid_kd_ang set to 0.101333
[imu_filter_madgwick_node-3] [INFO] [1770704243.962742263] [imu_filter]: Parameter RLController.pid_kp_lin set to 1.215300
[imu_filter_madgwick_node-3] [INFO] [1770704243.962952732] [imu_filter]: Parameter RLController.pid_ki_lin set to 0.000000
[imu_filter_madgwick_node-3] [INFO] [1770704243.963021085] [imu_filter]: Parameter RLController.pid_kd_lin set to 0.020000
[imu_filter_madgwick_node-3] [INFO] [1770704243.963079743] [imu_filter]: Parameter RLController.pid_kp_ang set to 1.230663
[imu_filter_madgwick_node-3] [INFO] [1770704243.963132992] [imu_filter]: Parameter RLController.pid_ki_ang set to 0.000000
[imu_filter_madgwick_node-3] [INFO] [1770704243.963184481] [imu_filter]: Parameter RLController.pid_kd_ang set to 0.101333
[imu_filter_madgwick_node-3] [INFO] [1770704244.385984194] [imu_filter]: Parameter RLController.pid_kp_lin set to 1.215300
[imu_filter_madgwick_node-3] [INFO] [1770704244.386314122] [imu_filter]: Parameter RLController.pid_ki_lin set to 0.000000
[imu_filter_madgwick_node-3] [INFO] [1770704244.386396876] [imu_filter]: Parameter RLController.pid_kd_lin set to 0.020000
[imu_filter_madgwick_node-3] [INFO] [1770704244.386458733] [imu_filter]: Parameter RLController.pid_kp_ang set to 1.230663
[imu_filter_madgwick_node-3] [INFO] [1770704244.386515471] [imu_filter]: Parameter RLController.pid_ki_ang set to 0.000000
[imu_filter_madgwick_node-3] [INFO] [1770704244.386570224] [imu_filter]: Parameter RLController.pid_kd_ang set to 0.101333
[imu_filter_madgwick_node-3] [INFO] [1770704244.801396248] [imu_filter]: Parameter RLController.pid_kp_lin set to 1.215300
[imu_filter_madgwick_node-3] [INFO] [1770704244.801588669] [imu_filter]: Parameter RLController.pid_ki_lin set to 0.000000
[imu_filter_madgwick_node-3] [INFO] [1770704244.801654270] [imu_filter]: Parameter RLController.pid_kd_lin set to 0.020000
[imu_filter_madgwick_node-3] [INFO] [1770704244.801712031] [imu_filter]: Parameter RLController.pid_kp_ang set to 1.230663
[imu_filter_madgwick_node-3] [INFO] [1770704244.801763873] [imu_filter]: Parameter RLController.pid_ki_ang set to 0.000000
[imu_filter_madgwick_node-3] [INFO] [1770704244.801817954] [imu_filter]: Parameter RLController.pid_kd_ang set to 0.101333
[imu_filter_madgwick_node-3] [INFO] [1770704245.216271105] [imu_filter]: Parameter RLController.pid_kp_lin set to 1.215300
[imu_filter_madgwick_node-3] [INFO] [1770704245.216608425] [imu_filter]: Parameter RLController.pid_ki_lin set to 0.000000
[imu_filter_madgwick_node-3] [INFO] [1770704245.216688939] [imu_filter]: Parameter RLController.pid_kd_lin set to 0.020000
[imu_filter_madgwick_node-3] [INFO] [1770704245.216750221] [imu_filter]: Parameter RLController.pid_kp_ang set to 1.230663
[imu_filter_madgwick_node-3] [INFO] [1770704245.216806350] [imu_filter]: Parameter RLController.pid_ki_ang set to 0.000000
[imu_filter_madgwick_node-3] [INFO] [1770704245.216861999] [imu_filter]: Parameter RLController.pid_kd_ang set to 0.101333
[imu_filter_madgwick_node-3] [INFO] [1770704245.628956376] [imu_filter]: Parameter RLController.pid_kp_lin set to 1.215300
[imu_filter_madgwick_node-3] [INFO] [1770704245.630837380] [imu_filter]: Parameter RLController.pid_ki_lin set to 0.000000
[imu_filter_madgwick_node-3] [INFO] [1770704245.631029224] [imu_filter]: Parameter RLController.pid_kd_lin set to 0.020000
[imu_filter_madgwick_node-3] [INFO] [1770704245.631104394] [imu_filter]: Parameter RLController.pid_kp_ang set to 1.230663
[imu_filter_madgwick_node-3] [INFO] [1770704245.631159435] [imu_filter]: Parameter RLController.pid_ki_ang set to 0.000000
[imu_filter_madgwick_node-3] [INFO] [1770704245.631212204] [imu_filter]: Parameter RLController.pid_kd_ang set to 0.101333
[imu_filter_madgwick_node-3] [INFO] [1770704246.057719236] [imu_filter]: Parameter RLController.pid_kp_lin set to 1.215300
[imu_filter_madgwick_node-3] [INFO] [1770704246.064278620] [imu_filter]: Parameter RLController.pid_ki_lin set to 0.000000
[imu_filter_madgwick_node-3] [INFO] [1770704246.068146518] [imu_filter]: Parameter RLController.pid_kd_lin set to 0.020000
[imu_filter_madgwick_node-3] [INFO] [1770704246.068450461] [imu_filter]: Parameter RLController.pid_kp_ang set to 1.230663
[imu_filter_madgwick_node-3] [INFO] [1770704246.068531647] [imu_filter]: Parameter RLController.pid_ki_ang set to 0.000000
[imu_filter_madgwick_node-3] [INFO] [1770704246.068595425] [imu_filter]: Parameter RLController.pid_kd_ang set to 0.101333
[imu_filter_madgwick_node-3] [INFO] [1770704246.475190409] [imu_filter]: Parameter RLController.pid_kp_lin set to 1.215300
[imu_filter_madgwick_node-3] [INFO] [1770704246.475493712] [imu_filter]: Parameter RLController.pid_ki_lin set to 0.000000
[imu_filter_madgwick_node-3] [INFO] [1770704246.475608947] [imu_filter]: Parameter RLController.pid_kd_lin set to 0.020000
[imu_filter_madgwick_node-3] [INFO] [1770704246.475705909] [imu_filter]: Parameter RLController.pid_kp_ang set to 1.230663
[imu_filter_madgwick_node-3] [INFO] [1770704246.475767607] [imu_filter]: Parameter RLController.pid_ki_ang set to 0.000000
[imu_filter_madgwick_node-3] [INFO] [1770704246.475823256] [imu_filter]: Parameter RLController.pid_kd_ang set to 0.101333
[imu_filter_madgwick_node-3] [INFO] [1770704246.900110076] [imu_filter]: Parameter RLController.pid_kp_lin set to 1.215300
[imu_filter_madgwick_node-3] [INFO] [1770704246.900440132] [imu_filter]: Parameter RLController.pid_ki_lin set to 0.000000
[imu_filter_madgwick_node-3] [INFO] [1770704246.900516166] [imu_filter]: Parameter RLController.pid_kd_lin set to 0.020000
[imu_filter_madgwick_node-3] [INFO] [1770704246.900578471] [imu_filter]: Parameter RLController.pid_kp_ang set to 1.230663
[imu_filter_madgwick_node-3] [INFO] [1770704246.900634152] [imu_filter]: Parameter RLController.pid_ki_ang set to 0.000000
[imu_filter_madgwick_node-3] [INFO] [1770704246.900686441] [imu_filter]: Parameter RLController.pid_kd_ang set to 0.101333
[imu_filter_madgwick_node-3] [INFO] [1770704247.317482687] [imu_filter]: Parameter RLController.pid_kp_lin set to 1.215300
[imu_filter_madgwick_node-3] [INFO] [1770704247.317850344] [imu_filter]: Parameter RLController.pid_ki_lin set to 0.000000
[imu_filter_madgwick_node-3] [INFO] [1770704247.317935754] [imu_filter]: Parameter RLController.pid_kd_lin set to 0.020000
[imu_filter_madgwick_node-3] [INFO] [1770704247.317998219] [imu_filter]: Parameter RLController.pid_kp_ang set to 1.230663
[imu_filter_madgwick_node-3] [INFO] [1770704247.318051629] [imu_filter]: Parameter RLController.pid_ki_ang set to 0.000000
[imu_filter_madgwick_node-3] [INFO] [1770704247.318102574] [imu_filter]: Parameter RLController.pid_kd_ang set to 0.101333
[imu_filter_madgwick_node-3] [INFO] [1770704247.737362141] [imu_filter]: Parameter RLController.pid_kp_lin set to 1.215300
[imu_filter_madgwick_node-3] [INFO] [1770704247.737561602] [imu_filter]: Parameter RLController.pid_ki_lin set to 0.000000
[imu_filter_madgwick_node-3] [INFO] [1770704247.737629795] [imu_filter]: Parameter RLController.pid_kd_lin set to 0.020000
[imu_filter_madgwick_node-3] [INFO] [1770704247.737684772] [imu_filter]: Parameter RLController.pid_kp_ang set to 1.230663
[imu_filter_madgwick_node-3] [INFO] [1770704247.739123558] [imu_filter]: Parameter RLController.pid_ki_ang set to 0.000000
[imu_filter_madgwick_node-3] [INFO] [1770704247.739198376] [imu_filter]: Parameter RLController.pid_kd_ang set to 0.101333
[imu_filter_madgwick_node-3] [INFO] [1770704248.150473693] [imu_filter]: Parameter RLController.pid_kp_lin set to 1.215300
[imu_filter_madgwick_node-3] [INFO] [1770704248.150683458] [imu_filter]: Parameter RLController.pid_ki_lin set to 0.000000
[imu_filter_madgwick_node-3] [INFO] [1770704248.150750564] [imu_filter]: Parameter RLController.pid_kd_lin set to 0.020000
[imu_filter_madgwick_node-3] [INFO] [1770704248.150809669] [imu_filter]: Parameter RLController.pid_kp_ang set to 1.230663
[imu_filter_madgwick_node-3] [INFO] [1770704248.150859974] [imu_filter]: Parameter RLController.pid_ki_ang set to 0.000000
[imu_filter_madgwick_node-3] [INFO] [1770704248.150910407] [imu_filter]: Parameter RLController.pid_kd_ang set to 0.101333
[imu_filter_madgwick_node-3] [INFO] [1770704248.570296282] [imu_filter]: Parameter RLController.pid_kp_lin set to 1.215300
[imu_filter_madgwick_node-3] [INFO] [1770704248.570616161] [imu_filter]: Parameter RLController.pid_ki_lin set to 0.000000
[imu_filter_madgwick_node-3] [INFO] [1770704248.570868295] [imu_filter]: Parameter RLController.pid_kd_lin set to 0.020000
[imu_filter_madgwick_node-3] [INFO] [1770704248.570937448] [imu_filter]: Parameter RLController.pid_kp_ang set to 1.230663
[imu_filter_madgwick_node-3] [INFO] [1770704248.570993578] [imu_filter]: Parameter RLController.pid_ki_ang set to 0.000000
[imu_filter_madgwick_node-3] [INFO] [1770704248.571047435] [imu_filter]: Parameter RLController.pid_kd_ang set to 0.101333
[imu_filter_madgwick_node-3] [INFO] [1770704248.989700556] [imu_filter]: Parameter RLController.pid_kp_lin set to 1.215300
[imu_filter_madgwick_node-3] [INFO] [1770704248.992156613] [imu_filter]: Parameter RLController.pid_ki_lin set to 0.000000
[imu_filter_madgwick_node-3] [INFO] [1770704248.992434892] [imu_filter]: Parameter RLController.pid_kd_lin set to 0.020000
[imu_filter_madgwick_node-3] [INFO] [1770704248.992506829] [imu_filter]: Parameter RLController.pid_kp_ang set to 1.230663
[imu_filter_madgwick_node-3] [INFO] [1770704248.992561647] [imu_filter]: Parameter RLController.pid_ki_ang set to 0.000000
[imu_filter_madgwick_node-3] [INFO] [1770704248.992615952] [imu_filter]: Parameter RLController.pid_kd_ang set to 0.101333
[imu_filter_madgwick_node-3] [INFO] [1770704249.404361104] [imu_filter]: Parameter RLController.pid_kp_lin set to 1.215300
[imu_filter_madgwick_node-3] [INFO] [1770704249.404723833] [imu_filter]: Parameter RLController.pid_ki_lin set to 0.000000
[imu_filter_madgwick_node-3] [INFO] [1770704249.404806811] [imu_filter]: Parameter RLController.pid_kd_lin set to 0.020000
[imu_filter_madgwick_node-3] [INFO] [1770704249.404870812] [imu_filter]: Parameter RLController.pid_kp_ang set to 1.230663
[imu_filter_madgwick_node-3] [INFO] [1770704249.404928414] [imu_filter]: Parameter RLController.pid_ki_ang set to 0.000000
[imu_filter_madgwick_node-3] [INFO] [1770704249.404982879] [imu_filter]: Parameter RLController.pid_kd_ang set to 0.101333
[imu_filter_madgwick_node-3] [INFO] [1770704249.832523822] [imu_filter]: Parameter RLController.pid_kp_lin set to 1.215300
[imu_filter_madgwick_node-3] [INFO] [1770704249.832861718] [imu_filter]: Parameter RLController.pid_ki_lin set to 0.000000
[imu_filter_madgwick_node-3] [INFO] [1770704249.832941304] [imu_filter]: Parameter RLController.pid_kd_lin set to 0.020000
[imu_filter_madgwick_node-3] [INFO] [1770704249.833001209] [imu_filter]: Parameter RLController.pid_kp_ang set to 1.230663
[imu_filter_madgwick_node-3] [INFO] [1770704249.833055611] [imu_filter]: Parameter RLController.pid_ki_ang set to 0.000000
[imu_filter_madgwick_node-3] [INFO] [1770704249.833107228] [imu_filter]: Parameter RLController.pid_kd_ang set to 0.101333
[imu_filter_madgwick_node-3] [INFO] [1770704250.251962018] [imu_filter]: Parameter RLController.pid_kp_lin set to 1.215300
[imu_filter_madgwick_node-3] [INFO] [1770704250.252340330] [imu_filter]: Parameter RLController.pid_ki_lin set to 0.000000
[imu_filter_madgwick_node-3] [INFO] [1770704250.252450381] [imu_filter]: Parameter RLController.pid_kd_lin set to 0.020000
[imu_filter_madgwick_node-3] [INFO] [1770704250.252514863] [imu_filter]: Parameter RLController.pid_kp_ang set to 1.230663
[imu_filter_madgwick_node-3] [INFO] [1770704250.255196141] [imu_filter]: Parameter RLController.pid_ki_ang set to 0.000000
[imu_filter_madgwick_node-3] [INFO] [1770704250.257848939] [imu_filter]: Parameter RLController.pid_kd_ang set to 0.101333
[imu_filter_madgwick_node-3] [INFO] [1770704250.678452889] [imu_filter]: Parameter RLController.pid_kp_lin set to 1.215300
[imu_filter_madgwick_node-3] [INFO] [1770704250.678643197] [imu_filter]: Parameter RLController.pid_ki_lin set to 0.000000
[imu_filter_madgwick_node-3] [INFO] [1770704250.678713087] [imu_filter]: Parameter RLController.pid_kd_lin set to 0.020000
[imu_filter_madgwick_node-3] [INFO] [1770704250.678774880] [imu_filter]: Parameter RLController.pid_kp_ang set to 1.230663
[imu_filter_madgwick_node-3] [INFO] [1770704250.678832098] [imu_filter]: Parameter RLController.pid_ki_ang set to 0.000000
[imu_filter_madgwick_node-3] [INFO] [1770704250.678878627] [imu_filter]: Parameter RLController.pid_kd_ang set to 0.101333
[imu_filter_madgwick_node-3] [INFO] [1770704251.088596916] [imu_filter]: Parameter RLController.pid_kp_lin set to 1.215300
[imu_filter_madgwick_node-3] [INFO] [1770704251.088815641] [imu_filter]: Parameter RLController.pid_ki_lin set to 0.000000
[imu_filter_madgwick_node-3] [INFO] [1770704251.088899771] [imu_filter]: Parameter RLController.pid_kd_lin set to 0.020000
[imu_filter_madgwick_node-3] [INFO] [1770704251.088963901] [imu_filter]: Parameter RLController.pid_kp_ang set to 1.230663
[imu_filter_madgwick_node-3] [INFO] [1770704251.089019070] [imu_filter]: Parameter RLController.pid_ki_ang set to 0.000000
[imu_filter_madgwick_node-3] [INFO] [1770704251.089072159] [imu_filter]: Parameter RLController.pid_kd_ang set to 0.101333
[imu_filter_madgwick_node-3] [INFO] [1770704251.516487564] [imu_filter]: Parameter RLController.pid_kp_lin set to 1.215300
[imu_filter_madgwick_node-3] [INFO] [1770704251.516696433] [imu_filter]: Parameter RLController.pid_ki_lin set to 0.000000
[imu_filter_madgwick_node-3] [INFO] [1770704251.516766258] [imu_filter]: Parameter RLController.pid_kd_lin set to 0.020000
[imu_filter_madgwick_node-3] [INFO] [1770704251.516825236] [imu_filter]: Parameter RLController.pid_kp_ang set to 1.230663
[imu_filter_madgwick_node-3] [INFO] [1770704251.517000152] [imu_filter]: Parameter RLController.pid_ki_ang set to 0.000000
[imu_filter_madgwick_node-3] [INFO] [1770704251.517061881] [imu_filter]: Parameter RLController.pid_kd_ang set to 0.101333
[imu_filter_madgwick_node-3] [INFO] [1770704251.935098188] [imu_filter]: Parameter RLController.pid_kp_lin set to 1.215300
[imu_filter_madgwick_node-3] [INFO] [1770704251.935292817] [imu_filter]: Parameter RLController.pid_ki_lin set to 0.000000
[imu_filter_madgwick_node-3] [INFO] [1770704251.935358994] [imu_filter]: Parameter RLController.pid_kd_lin set to 0.020000
[imu_filter_madgwick_node-3] [INFO] [1770704251.935420180] [imu_filter]: Parameter RLController.pid_kp_ang set to 1.230663
[imu_filter_madgwick_node-3] [INFO] [1770704251.935477589] [imu_filter]: Parameter RLController.pid_ki_ang set to 0.000000
[imu_filter_madgwick_node-3] [INFO] [1770704251.942571994] [imu_filter]: Parameter RLController.pid_kd_ang set to 0.101333
[imu_filter_madgwick_node-3] [INFO] [1770704252.344652314] [imu_filter]: Parameter RLController.pid_kp_lin set to 1.215300
[imu_filter_madgwick_node-3] [INFO] [1770704252.350769128] [imu_filter]: Parameter RLController.pid_ki_lin set to 0.000000
[imu_filter_madgwick_node-3] [INFO] [1770704252.350984237] [imu_filter]: Parameter RLController.pid_kd_lin set to 0.020000
[imu_filter_madgwick_node-3] [INFO] [1770704252.351056975] [imu_filter]: Parameter RLController.pid_kp_ang set to 1.230663
[imu_filter_madgwick_node-3] [INFO] [1770704252.351108080] [imu_filter]: Parameter RLController.pid_ki_ang set to 0.000000
[imu_filter_madgwick_node-3] [INFO] [1770704252.351382614] [imu_filter]: Parameter RLController.pid_kd_ang set to 0.101333
[imu_filter_madgwick_node-3] [INFO] [1770704252.769278630] [imu_filter]: Parameter RLController.pid_kp_lin set to 1.215300
[imu_filter_madgwick_node-3] [INFO] [1770704252.769467338] [imu_filter]: Parameter RLController.pid_ki_lin set to 0.000000
[imu_filter_madgwick_node-3] [INFO] [1770704252.769540620] [imu_filter]: Parameter RLController.pid_kd_lin set to 0.020000
[imu_filter_madgwick_node-3] [INFO] [1770704252.769601837] [imu_filter]: Parameter RLController.pid_kp_ang set to 1.230663
[imu_filter_madgwick_node-3] [INFO] [1770704252.769656430] [imu_filter]: Parameter RLController.pid_ki_ang set to 0.000000
[imu_filter_madgwick_node-3] [INFO] [1770704252.769709456] [imu_filter]: Parameter RLController.pid_kd_ang set to 0.101333
[imu_filter_madgwick_node-3] [INFO] [1770704253.184367316] [imu_filter]: Parameter RLController.pid_kp_lin set to 1.215300
[imu_filter_madgwick_node-3] [INFO] [1770704253.187753603] [imu_filter]: Parameter RLController.pid_ki_lin set to 0.000000
[imu_filter_madgwick_node-3] [INFO] [1770704253.187963719] [imu_filter]: Parameter RLController.pid_kd_lin set to 0.020000
[imu_filter_madgwick_node-3] [INFO] [1770704253.188036105] [imu_filter]: Parameter RLController.pid_kp_ang set to 1.230663
[imu_filter_madgwick_node-3] [INFO] [1770704253.188093450] [imu_filter]: Parameter RLController.pid_ki_ang set to 0.000000
[imu_filter_madgwick_node-3] [INFO] [1770704253.188169196] [imu_filter]: Parameter RLController.pid_kd_ang set to 0.101333
[imu_filter_madgwick_node-3] [INFO] [1770704253.630764762] [imu_filter]: Parameter RLController.pid_kp_lin set to 1.215300
[imu_filter_madgwick_node-3] [INFO] [1770704253.630982943] [imu_filter]: Parameter RLController.pid_ki_lin set to 0.000000
[imu_filter_madgwick_node-3] [INFO] [1770704253.631066337] [imu_filter]: Parameter RLController.pid_kd_lin set to 0.020000
[imu_filter_madgwick_node-3] [INFO] [1770704253.631127586] [imu_filter]: Parameter RLController.pid_kp_ang set to 1.230663
[imu_filter_madgwick_node-3] [INFO] [1770704253.631185891] [imu_filter]: Parameter RLController.pid_ki_ang set to 0.000000
[imu_filter_madgwick_node-3] [INFO] [1770704253.631241317] [imu_filter]: Parameter RLController.pid_kd_ang set to 0.101333
[imu_filter_madgwick_node-3] [INFO] [1770704254.037801805] [imu_filter]: Parameter RLController.pid_kp_lin set to 1.215300
[imu_filter_madgwick_node-3] [INFO] [1770704254.038054259] [imu_filter]: Parameter RLController.pid_ki_lin set to 0.000000
[imu_filter_madgwick_node-3] [INFO] [1770704254.038201590] [imu_filter]: Parameter RLController.pid_kd_lin set to 0.020000
[imu_filter_madgwick_node-3] [INFO] [1770704254.038275960] [imu_filter]: Parameter RLController.pid_kp_ang set to 1.230663
[imu_filter_madgwick_node-3] [INFO] [1770704254.038381658] [imu_filter]: Parameter RLController.pid_ki_ang set to 0.000000
[imu_filter_madgwick_node-3] [INFO] [1770704254.038451484] [imu_filter]: Parameter RLController.pid_kd_ang set to 0.101333
[imu_filter_madgwick_node-3] [INFO] [1770704254.462261909] [imu_filter]: Parameter RLController.pid_kp_lin set to 1.215300
[imu_filter_madgwick_node-3] [INFO] [1770704254.464508809] [imu_filter]: Parameter RLController.pid_ki_lin set to 0.000000
[imu_filter_madgwick_node-3] [INFO] [1770704254.469090099] [imu_filter]: Parameter RLController.pid_kd_lin set to 0.020000
[imu_filter_madgwick_node-3] [INFO] [1770704254.469441756] [imu_filter]: Parameter RLController.pid_kp_ang set to 1.230663
[imu_filter_madgwick_node-3] [INFO] [1770704254.469520573] [imu_filter]: Parameter RLController.pid_ki_ang set to 0.000000
[imu_filter_madgwick_node-3] [INFO] [1770704254.469684257] [imu_filter]: Parameter RLController.pid_kd_ang set to 0.101333
[imu_filter_madgwick_node-3] [INFO] [1770704254.874173561] [imu_filter]: Parameter RLController.pid_kp_lin set to 1.215300
[imu_filter_madgwick_node-3] [INFO] [1770704254.874378558] [imu_filter]: Parameter RLController.pid_ki_lin set to 0.000000
[imu_filter_madgwick_node-3] [INFO] [1770704254.874446176] [imu_filter]: Parameter RLController.pid_kd_lin set to 0.020000
[imu_filter_madgwick_node-3] [INFO] [1770704254.874501537] [imu_filter]: Parameter RLController.pid_kp_ang set to 1.230663
[imu_filter_madgwick_node-3] [INFO] [1770704254.874552834] [imu_filter]: Parameter RLController.pid_ki_ang set to 0.000000
[imu_filter_madgwick_node-3] [INFO] [1770704254.874602851] [imu_filter]: Parameter RLController.pid_kd_ang set to 0.101333
[imu_filter_madgwick_node-3] [INFO] [1770704255.291710144] [imu_filter]: Parameter RLController.pid_kp_lin set to 1.215300
[imu_filter_madgwick_node-3] [INFO] [1770704255.291911845] [imu_filter]: Parameter RLController.pid_ki_lin set to 0.000000
[imu_filter_madgwick_node-3] [INFO] [1770704255.291982343] [imu_filter]: Parameter RLController.pid_kd_lin set to 0.020000
[imu_filter_madgwick_node-3] [INFO] [1770704255.292040744] [imu_filter]: Parameter RLController.pid_kp_ang set to 1.230663
[imu_filter_madgwick_node-3] [INFO] [1770704255.292094185] [imu_filter]: Parameter RLController.pid_ki_ang set to 0.000000
[imu_filter_madgwick_node-3] [INFO] [1770704255.292147338] [imu_filter]: Parameter RLController.pid_kd_ang set to 0.101333
[imu_filter_madgwick_node-3] [INFO] [1770704255.711959526] [imu_filter]: Parameter RLController.pid_kp_lin set to 1.215300
[imu_filter_madgwick_node-3] [INFO] [1770704255.712169067] [imu_filter]: Parameter RLController.pid_ki_lin set to 0.000000
[imu_filter_madgwick_node-3] [INFO] [1770704255.712266926] [imu_filter]: Parameter RLController.pid_kd_lin set to 0.020000
[imu_filter_madgwick_node-3] [INFO] [1770704255.712333039] [imu_filter]: Parameter RLController.pid_kp_ang set to 1.230663
[imu_filter_madgwick_node-3] [INFO] [1770704255.712388496] [imu_filter]: Parameter RLController.pid_ki_ang set to 0.000000
[imu_filter_madgwick_node-3] [INFO] [1770704255.712441970] [imu_filter]: Parameter RLController.pid_kd_ang set to 0.101333
[imu_filter_madgwick_node-3] [INFO] [1770704256.134581764] [imu_filter]: Parameter RLController.pid_kp_lin set to 1.215300
[imu_filter_madgwick_node-3] [INFO] [1770704256.134791657] [imu_filter]: Parameter RLController.pid_ki_lin set to 0.000000
[imu_filter_madgwick_node-3] [INFO] [1770704256.134863786] [imu_filter]: Parameter RLController.pid_kd_lin set to 0.020000
[imu_filter_madgwick_node-3] [INFO] [1770704256.134923308] [imu_filter]: Parameter RLController.pid_kp_ang set to 1.230663
[imu_filter_madgwick_node-3] [INFO] [1770704256.134977965] [imu_filter]: Parameter RLController.pid_ki_ang set to 0.000000
[imu_filter_madgwick_node-3] [INFO] [1770704256.135030670] [imu_filter]: Parameter RLController.pid_kd_ang set to 0.101333
[imu_filter_madgwick_node-3] [INFO] [1770704256.547546561] [imu_filter]: Parameter RLController.pid_kp_lin set to 1.215300
[imu_filter_madgwick_node-3] [INFO] [1770704256.550825389] [imu_filter]: Parameter RLController.pid_ki_lin set to 0.000000
[imu_filter_madgwick_node-3] [INFO] [1770704256.551029170] [imu_filter]: Parameter RLController.pid_kd_lin set to 0.020000
[imu_filter_madgwick_node-3] [INFO] [1770704256.551121172] [imu_filter]: Parameter RLController.pid_kp_ang set to 1.230663
[imu_filter_madgwick_node-3] [INFO] [1770704256.551181493] [imu_filter]: Parameter RLController.pid_ki_ang set to 0.000000
[imu_filter_madgwick_node-3] [INFO] [1770704256.551240631] [imu_filter]: Parameter RLController.pid_kd_ang set to 0.101333
[imu_filter_madgwick_node-3] [INFO] [1770704256.978799303] [imu_filter]: Parameter RLController.pid_kp_lin set to 1.215300
[imu_filter_madgwick_node-3] [INFO] [1770704256.986804673] [imu_filter]: Parameter RLController.pid_ki_lin set to 0.000000
[imu_filter_madgwick_node-3] [INFO] [1770704256.987027526] [imu_filter]: Parameter RLController.pid_kd_lin set to 0.020000
[imu_filter_madgwick_node-3] [INFO] [1770704256.987102343] [imu_filter]: Parameter RLController.pid_kp_ang set to 1.230663
[imu_filter_madgwick_node-3] [INFO] [1770704256.987159913] [imu_filter]: Parameter RLController.pid_ki_ang set to 0.000000
[imu_filter_madgwick_node-3] [INFO] [1770704256.987213642] [imu_filter]: Parameter RLController.pid_kd_ang set to 0.101333
[imu_filter_madgwick_node-3] [INFO] [1770704257.399816447] [imu_filter]: Parameter RLController.pid_kp_lin set to 1.215300
[imu_filter_madgwick_node-3] [INFO] [1770704257.400221480] [imu_filter]: Parameter RLController.pid_ki_lin set to 0.000000
[imu_filter_madgwick_node-3] [INFO] [1770704257.400305098] [imu_filter]: Parameter RLController.pid_kd_lin set to 0.020000
[imu_filter_madgwick_node-3] [INFO] [1770704257.400366443] [imu_filter]: Parameter RLController.pid_kp_ang set to 1.230663
[imu_filter_madgwick_node-3] [INFO] [1770704257.400422093] [imu_filter]: Parameter RLController.pid_ki_ang set to 0.000000
[imu_filter_madgwick_node-3] [INFO] [1770704257.400476398] [imu_filter]: Parameter RLController.pid_kd_ang set to 0.101333
[imu_filter_madgwick_node-3] [INFO] [1770704257.810754796] [imu_filter]: Parameter RLController.pid_kp_lin set to 1.215300
[imu_filter_madgwick_node-3] [INFO] [1770704257.811090516] [imu_filter]: Parameter RLController.pid_ki_lin set to 0.000000
[imu_filter_madgwick_node-3] [INFO] [1770704257.811176086] [imu_filter]: Parameter RLController.pid_kd_lin set to 0.020000
[imu_filter_madgwick_node-3] [INFO] [1770704257.811238264] [imu_filter]: Parameter RLController.pid_kp_ang set to 1.230663
[imu_filter_madgwick_node-3] [INFO] [1770704257.811291513] [imu_filter]: Parameter RLController.pid_ki_ang set to 0.000000
[imu_filter_madgwick_node-3] [INFO] [1770704257.811344538] [imu_filter]: Parameter RLController.pid_kd_ang set to 0.101333
[imu_filter_madgwick_node-3] [INFO] [1770704258.226769360] [imu_filter]: Parameter RLController.pid_kp_lin set to 1.215300
[imu_filter_madgwick_node-3] [INFO] [1770704258.227008630] [imu_filter]: Parameter RLController.pid_ki_lin set to 0.000000
[imu_filter_madgwick_node-3] [INFO] [1770704258.227186970] [imu_filter]: Parameter RLController.pid_kd_lin set to 0.020000
[imu_filter_madgwick_node-3] [INFO] [1770704258.227255771] [imu_filter]: Parameter RLController.pid_kp_ang set to 1.230663
[imu_filter_madgwick_node-3] [INFO] [1770704258.227318781] [imu_filter]: Parameter RLController.pid_ki_ang set to 0.000000
[imu_filter_madgwick_node-3] [INFO] [1770704258.227384254] [imu_filter]: Parameter RLController.pid_kd_ang set to 0.101333
[imu_filter_madgwick_node-3] [INFO] [1770704258.655515292] [imu_filter]: Parameter RLController.pid_kp_lin set to 1.215300
[imu_filter_madgwick_node-3] [INFO] [1770704258.664378890] [imu_filter]: Parameter RLController.pid_ki_lin set to 0.000000
[imu_filter_madgwick_node-3] [INFO] [1770704258.664745970] [imu_filter]: Parameter RLController.pid_kd_lin set to 0.020000
[imu_filter_madgwick_node-3] [INFO] [1770704258.664874869] [imu_filter]: Parameter RLController.pid_kp_ang set to 1.230663
[imu_filter_madgwick_node-3] [INFO] [1770704258.664941559] [imu_filter]: Parameter RLController.pid_ki_ang set to 0.000000
[imu_filter_madgwick_node-3] [INFO] [1770704258.664998712] [imu_filter]: Parameter RLController.pid_kd_ang set to 0.101333
[imu_filter_madgwick_node-3] [INFO] [1770704259.079017389] [imu_filter]: Parameter RLController.pid_kp_lin set to 1.215300
[imu_filter_madgwick_node-3] [INFO] [1770704259.093350651] [imu_filter]: Parameter RLController.pid_ki_lin set to 0.000000
[imu_filter_madgwick_node-3] [INFO] [1770704259.093574592] [imu_filter]: Parameter RLController.pid_kd_lin set to 0.020000
[imu_filter_madgwick_node-3] [INFO] [1770704259.093646849] [imu_filter]: Parameter RLController.pid_kp_ang set to 1.230663
[imu_filter_madgwick_node-3] [INFO] [1770704259.093705635] [imu_filter]: Parameter RLController.pid_ki_ang set to 0.000000
[imu_filter_madgwick_node-3] [INFO] [1770704259.093760932] [imu_filter]: Parameter RLController.pid_kd_ang set to 0.101333
[imu_filter_madgwick_node-3] [INFO] [1770704259.497858323] [imu_filter]: Parameter RLController.pid_kp_lin set to 1.215300
[imu_filter_madgwick_node-3] [INFO] [1770704259.498057784] [imu_filter]: Parameter RLController.pid_ki_lin set to 0.000000
[imu_filter_madgwick_node-3] [INFO] [1770704259.498128441] [imu_filter]: Parameter RLController.pid_kd_lin set to 0.020000
[imu_filter_madgwick_node-3] [INFO] [1770704259.498192155] [imu_filter]: Parameter RLController.pid_kp_ang set to 1.230663
[imu_filter_madgwick_node-3] [INFO] [1770704259.498242268] [imu_filter]: Parameter RLController.pid_ki_ang set to 0.000000
[imu_filter_madgwick_node-3] [INFO] [1770704259.500507312] [imu_filter]: Parameter RLController.pid_kd_ang set to 0.101333
[imu_filter_madgwick_node-3] [INFO] [1770704259.915630655] [imu_filter]: Parameter RLController.pid_kp_lin set to 1.215300
[imu_filter_madgwick_node-3] [INFO] [1770704259.918721703] [imu_filter]: Parameter RLController.pid_ki_lin set to 0.000000
[imu_filter_madgwick_node-3] [INFO] [1770704259.918942508] [imu_filter]: Parameter RLController.pid_kd_lin set to 0.020000
[imu_filter_madgwick_node-3] [INFO] [1770704259.919165746] [imu_filter]: Parameter RLController.pid_kp_ang set to 1.230663
[imu_filter_madgwick_node-3] [INFO] [1770704259.919237587] [imu_filter]: Parameter RLController.pid_ki_ang set to 0.000000
[imu_filter_madgwick_node-3] [INFO] [1770704259.919295285] [imu_filter]: Parameter RLController.pid_kd_ang set to 0.101333
[imu_filter_madgwick_node-3] [INFO] [1770704260.335801636] [imu_filter]: Parameter RLController.pid_kp_lin set to 1.215300
[imu_filter_madgwick_node-3] [INFO] [1770704260.336165740] [imu_filter]: Parameter RLController.pid_ki_lin set to 0.000000
[imu_filter_madgwick_node-3] [INFO] [1770704260.336348529] [imu_filter]: Parameter RLController.pid_kd_lin set to 0.020000
[imu_filter_madgwick_node-3] [INFO] [1770704260.336452915] [imu_filter]: Parameter RLController.pid_kp_ang set to 1.230663
[imu_filter_madgwick_node-3] [INFO] [1770704260.336552821] [imu_filter]: Parameter RLController.pid_ki_ang set to 0.000000
[imu_filter_madgwick_node-3] [INFO] [1770704260.336616567] [imu_filter]: Parameter RLController.pid_kd_ang set to 0.101333
[imu_filter_madgwick_node-3] [INFO] [1770704260.749344910] [imu_filter]: Parameter RLController.pid_kp_lin set to 1.215300
[imu_filter_madgwick_node-3] [INFO] [1770704260.749541843] [imu_filter]: Parameter RLController.pid_ki_lin set to 0.000000
[imu_filter_madgwick_node-3] [INFO] [1770704260.749721687] [imu_filter]: Parameter RLController.pid_kd_lin set to 0.020000
[imu_filter_madgwick_node-3] [INFO] [1770704260.751537281] [imu_filter]: Parameter RLController.pid_kp_ang set to 1.230663
[imu_filter_madgwick_node-3] [INFO] [1770704260.751712741] [imu_filter]: Parameter RLController.pid_ki_ang set to 0.000000
[imu_filter_madgwick_node-3] [INFO] [1770704260.751778119] [imu_filter]: Parameter RLController.pid_kd_ang set to 0.101333
[imu_filter_madgwick_node-3] [INFO] [1770704261.169016455] [imu_filter]: Parameter RLController.pid_kp_lin set to 1.215300
[imu_filter_madgwick_node-3] [INFO] [1770704261.169223724] [imu_filter]: Parameter RLController.pid_ki_lin set to 0.000000
[imu_filter_madgwick_node-3] [INFO] [1770704261.169296013] [imu_filter]: Parameter RLController.pid_kd_lin set to 0.020000
[imu_filter_madgwick_node-3] [INFO] [1770704261.169354895] [imu_filter]: Parameter RLController.pid_kp_ang set to 1.230663
[imu_filter_madgwick_node-3] [INFO] [1770704261.169409232] [imu_filter]: Parameter RLController.pid_ki_ang set to 0.000000
[imu_filter_madgwick_node-3] [INFO] [1770704261.169461521] [imu_filter]: Parameter RLController.pid_kd_ang set to 0.101333
[imu_filter_madgwick_node-3] [INFO] [1770704261.579753712] [imu_filter]: Parameter RLController.pid_kp_lin set to 1.215300
[imu_filter_madgwick_node-3] [INFO] [1770704261.579939316] [imu_filter]: Parameter RLController.pid_ki_lin set to 0.000000
[imu_filter_madgwick_node-3] [INFO] [1770704261.580006102] [imu_filter]: Parameter RLController.pid_kd_lin set to 0.020000
[imu_filter_madgwick_node-3] [INFO] [1770704261.580065207] [imu_filter]: Parameter RLController.pid_kp_ang set to 1.230663
[imu_filter_madgwick_node-3] [INFO] [1770704261.580116856] [imu_filter]: Parameter RLController.pid_ki_ang set to 0.000000
[imu_filter_madgwick_node-3] [INFO] [1770704261.580168570] [imu_filter]: Parameter RLController.pid_kd_ang set to 0.101333
[imu_filter_madgwick_node-3] [INFO] [1770704261.993170743] [imu_filter]: Parameter RLController.pid_kp_lin set to 1.215300
[imu_filter_madgwick_node-3] [INFO] [1770704261.993372732] [imu_filter]: Parameter RLController.pid_ki_lin set to 0.000000
[imu_filter_madgwick_node-3] [INFO] [1770704261.997847524] [imu_filter]: Parameter RLController.pid_kd_lin set to 0.020000
[imu_filter_madgwick_node-3] [INFO] [1770704261.998073065] [imu_filter]: Parameter RLController.pid_kp_ang set to 1.230663
[imu_filter_madgwick_node-3] [INFO] [1770704261.998273358] [imu_filter]: Parameter RLController.pid_ki_ang set to 0.000000
[imu_filter_madgwick_node-3] [INFO] [1770704261.998339408] [imu_filter]: Parameter RLController.pid_kd_ang set to 0.101333
[imu_filter_madgwick_node-3] [INFO] [1770704262.413038165] [imu_filter]: Parameter RLController.pid_kp_lin set to 1.215300
[imu_filter_madgwick_node-3] [INFO] [1770704262.414631514] [imu_filter]: Parameter RLController.pid_ki_lin set to 0.000000
[imu_filter_madgwick_node-3] [INFO] [1770704262.414780829] [imu_filter]: Parameter RLController.pid_kd_lin set to 0.020000
[imu_filter_madgwick_node-3] [INFO] [1770704262.414848799] [imu_filter]: Parameter RLController.pid_kp_ang set to 1.230663
[imu_filter_madgwick_node-3] [INFO] [1770704262.414906592] [imu_filter]: Parameter RLController.pid_ki_ang set to 0.000000
[imu_filter_madgwick_node-3] [INFO] [1770704262.414953953] [imu_filter]: Parameter RLController.pid_kd_ang set to 0.101333
[imu_filter_madgwick_node-3] [INFO] [1770704262.830962533] [imu_filter]: Parameter RLController.pid_kp_lin set to 1.215300
[imu_filter_madgwick_node-3] [INFO] [1770704262.831279276] [imu_filter]: Parameter RLController.pid_ki_lin set to 0.000000
[imu_filter_madgwick_node-3] [INFO] [1770704262.831378414] [imu_filter]: Parameter RLController.pid_kd_lin set to 0.020000
[imu_filter_madgwick_node-3] [INFO] [1770704262.831449680] [imu_filter]: Parameter RLController.pid_kp_ang set to 1.230663
[imu_filter_madgwick_node-3] [INFO] [1770704262.831508273] [imu_filter]: Parameter RLController.pid_ki_ang set to 0.000000
[imu_filter_madgwick_node-3] [INFO] [1770704262.831563219] [imu_filter]: Parameter RLController.pid_kd_ang set to 0.101333
[imu_filter_madgwick_node-3] [INFO] [1770704263.241167842] [imu_filter]: Parameter RLController.pid_kp_lin set to 1.215300
[imu_filter_madgwick_node-3] [INFO] [1770704263.243355028] [imu_filter]: Parameter RLController.pid_ki_lin set to 0.000000
[imu_filter_madgwick_node-3] [INFO] [1770704263.243516856] [imu_filter]: Parameter RLController.pid_kd_lin set to 0.020000
[imu_filter_madgwick_node-3] [INFO] [1770704263.243583834] [imu_filter]: Parameter RLController.pid_kp_ang set to 1.230663
[imu_filter_madgwick_node-3] [INFO] [1770704263.243637883] [imu_filter]: Parameter RLController.pid_ki_ang set to 0.000000
[imu_filter_madgwick_node-3] [INFO] [1770704263.243689756] [imu_filter]: Parameter RLController.pid_kd_ang set to 0.101333
[imu_filter_madgwick_node-3] [INFO] [1770704263.659766273] [imu_filter]: Parameter RLController.pid_kp_lin set to 1.215300
[imu_filter_madgwick_node-3] [INFO] [1770704263.659972294] [imu_filter]: Parameter RLController.pid_ki_lin set to 0.000000
[imu_filter_madgwick_node-3] [INFO] [1770704263.660033800] [imu_filter]: Parameter RLController.pid_kd_lin set to 0.020000
[imu_filter_madgwick_node-3] [INFO] [1770704263.661351430] [imu_filter]: Parameter RLController.pid_kp_ang set to 1.230663
[imu_filter_madgwick_node-3] [INFO] [1770704263.661615532] [imu_filter]: Parameter RLController.pid_ki_ang set to 0.000000
[imu_filter_madgwick_node-3] [INFO] [1770704263.661827761] [imu_filter]: Parameter RLController.pid_kd_ang set to 0.101333
[imu_filter_madgwick_node-3] [INFO] [1770704264.075906568] [imu_filter]: Parameter RLController.pid_kp_lin set to 1.215300
[imu_filter_madgwick_node-3] [INFO] [1770704264.078295264] [imu_filter]: Parameter RLController.pid_ki_lin set to 0.000000
[imu_filter_madgwick_node-3] [INFO] [1770704264.078495780] [imu_filter]: Parameter RLController.pid_kd_lin set to 0.020000
[imu_filter_madgwick_node-3] [INFO] [1770704264.078560838] [imu_filter]: Parameter RLController.pid_kp_ang set to 1.230663
[imu_filter_madgwick_node-3] [INFO] [1770704264.078616391] [imu_filter]: Parameter RLController.pid_ki_ang set to 0.000000
[imu_filter_madgwick_node-3] [INFO] [1770704264.078669704] [imu_filter]: Parameter RLController.pid_kd_ang set to 0.101333
[imu_filter_madgwick_node-3] [INFO] [1770704264.516495879] [imu_filter]: Parameter RLController.pid_kp_lin set to 1.215300
[imu_filter_madgwick_node-3] [INFO] [1770704264.516715788] [imu_filter]: Parameter RLController.pid_ki_lin set to 0.000000
[imu_filter_madgwick_node-3] [INFO] [1770704264.516797006] [imu_filter]: Parameter RLController.pid_kd_lin set to 0.020000
[imu_filter_madgwick_node-3] [INFO] [1770704264.516863439] [imu_filter]: Parameter RLController.pid_kp_ang set to 1.230663
[imu_filter_madgwick_node-3] [INFO] [1770704264.516916241] [imu_filter]: Parameter RLController.pid_ki_ang set to 0.000000
[imu_filter_madgwick_node-3] [INFO] [1770704264.516970098] [imu_filter]: Parameter RLController.pid_kd_ang set to 0.101333
[imu_filter_madgwick_node-3] [INFO] [1770704264.946834904] [imu_filter]: Parameter RLController.pid_kp_lin set to 1.215300
[imu_filter_madgwick_node-3] [INFO] [1770704264.947026044] [imu_filter]: Parameter RLController.pid_ki_lin set to 0.000000
[imu_filter_madgwick_node-3] [INFO] [1770704264.947094878] [imu_filter]: Parameter RLController.pid_kd_lin set to 0.020000
[imu_filter_madgwick_node-3] [INFO] [1770704264.947152255] [imu_filter]: Parameter RLController.pid_kp_ang set to 1.230663
[imu_filter_madgwick_node-3] [INFO] [1770704264.947206560] [imu_filter]: Parameter RLController.pid_ki_ang set to 0.000000
[imu_filter_madgwick_node-3] [INFO] [1770704264.947258977] [imu_filter]: Parameter RLController.pid_kd_ang set to 0.101333
[imu_filter_madgwick_node-3] [INFO] [1770704265.356005564] [imu_filter]: Parameter RLController.pid_kp_lin set to 1.215300
[imu_filter_madgwick_node-3] [INFO] [1770704265.356237314] [imu_filter]: Parameter RLController.pid_ki_lin set to 0.000000
[imu_filter_madgwick_node-3] [INFO] [1770704265.356320420] [imu_filter]: Parameter RLController.pid_kd_lin set to 0.020000
[imu_filter_madgwick_node-3] [INFO] [1770704265.356379429] [imu_filter]: Parameter RLController.pid_kp_ang set to 1.230663
[imu_filter_madgwick_node-3] [INFO] [1770704265.356432326] [imu_filter]: Parameter RLController.pid_ki_ang set to 0.000000
[imu_filter_madgwick_node-3] [INFO] [1770704265.356484583] [imu_filter]: Parameter RLController.pid_kd_ang set to 0.101333
[imu_filter_madgwick_node-3] [INFO] [1770704265.773516355] [imu_filter]: Parameter RLController.pid_kp_lin set to 1.215300
[imu_filter_madgwick_node-3] [INFO] [1770704265.773715015] [imu_filter]: Parameter RLController.pid_ki_lin set to 0.000000
[imu_filter_madgwick_node-3] [INFO] [1770704265.773781513] [imu_filter]: Parameter RLController.pid_kd_lin set to 0.020000
[imu_filter_madgwick_node-3] [INFO] [1770704265.773839722] [imu_filter]: Parameter RLController.pid_kp_ang set to 1.230663
[imu_filter_madgwick_node-3] [INFO] [1770704265.773893484] [imu_filter]: Parameter RLController.pid_ki_ang set to 0.000000
[imu_filter_madgwick_node-3] [INFO] [1770704265.773944205] [imu_filter]: Parameter RLController.pid_kd_ang set to 0.101333
[imu_filter_madgwick_node-3] [INFO] [1770704266.190100532] [imu_filter]: Parameter RLController.pid_kp_lin set to 1.215300
[imu_filter_madgwick_node-3] [INFO] [1770704266.190448380] [imu_filter]: Parameter RLController.pid_ki_lin set to 0.000000
[imu_filter_madgwick_node-3] [INFO] [1770704266.190539742] [imu_filter]: Parameter RLController.pid_kd_lin set to 0.020000
[imu_filter_madgwick_node-3] [INFO] [1770704266.190609888] [imu_filter]: Parameter RLController.pid_kp_ang set to 1.230663
[imu_filter_madgwick_node-3] [INFO] [1770704266.190673121] [imu_filter]: Parameter RLController.pid_ki_ang set to 0.000000
[imu_filter_madgwick_node-3] [INFO] [1770704266.190733154] [imu_filter]: Parameter RLController.pid_kd_ang set to 0.101333
[imu_filter_madgwick_node-3] [INFO] [1770704266.624297534] [imu_filter]: Parameter RLController.pid_kp_lin set to 1.215300
[imu_filter_madgwick_node-3] [INFO] [1770704266.624505539] [imu_filter]: Parameter RLController.pid_ki_lin set to 0.000000
[imu_filter_madgwick_node-3] [INFO] [1770704266.624575012] [imu_filter]: Parameter RLController.pid_kd_lin set to 0.020000
[imu_filter_madgwick_node-3] [INFO] [1770704266.624636294] [imu_filter]: Parameter RLController.pid_kp_ang set to 1.230663
[imu_filter_madgwick_node-3] [INFO] [1770704266.624691655] [imu_filter]: Parameter RLController.pid_ki_ang set to 0.000000
[imu_filter_madgwick_node-3] [INFO] [1770704266.624859691] [imu_filter]: Parameter RLController.pid_kd_ang set to 0.101333
[imu_filter_madgwick_node-3] [INFO] [1770704267.089550426] [imu_filter]: Parameter RLController.pid_kp_lin set to 1.215300
[imu_filter_madgwick_node-3] [INFO] [1770704267.089786112] [imu_filter]: Parameter RLController.pid_ki_lin set to 0.000000
[imu_filter_madgwick_node-3] [INFO] [1770704267.089869985] [imu_filter]: Parameter RLController.pid_kd_lin set to 0.020000
[imu_filter_madgwick_node-3] [INFO] [1770704267.090006373] [imu_filter]: Parameter RLController.pid_kp_ang set to 1.230663
[imu_filter_madgwick_node-3] [INFO] [1770704267.090081926] [imu_filter]: Parameter RLController.pid_ki_ang set to 0.000000
[imu_filter_madgwick_node-3] [INFO] [1770704267.090140936] [imu_filter]: Parameter RLController.pid_kd_ang set to 0.101333
[imu_filter_madgwick_node-3] [INFO] [1770704267.508138490] [imu_filter]: Parameter RLController.pid_kp_lin set to 1.215300
[imu_filter_madgwick_node-3] [INFO] [1770704267.508472769] [imu_filter]: Parameter RLController.pid_ki_lin set to 0.000000
[imu_filter_madgwick_node-3] [INFO] [1770704267.508569412] [imu_filter]: Parameter RLController.pid_kd_lin set to 0.020000
[imu_filter_madgwick_node-3] [INFO] [1770704267.508632261] [imu_filter]: Parameter RLController.pid_kp_ang set to 1.230663
[imu_filter_madgwick_node-3] [INFO] [1770704267.508687846] [imu_filter]: Parameter RLController.pid_ki_ang set to 0.000000
[imu_filter_madgwick_node-3] [INFO] [1770704267.508739688] [imu_filter]: Parameter RLController.pid_kd_ang set to 0.101333
[imu_filter_madgwick_node-3] [INFO] [1770704267.943503135] [imu_filter]: Parameter RLController.pid_kp_lin set to 1.215300
[imu_filter_madgwick_node-3] [INFO] [1770704267.947315480] [imu_filter]: Parameter RLController.pid_ki_lin set to 0.000000
[imu_filter_madgwick_node-3] [INFO] [1770704267.947541277] [imu_filter]: Parameter RLController.pid_kd_lin set to 0.020000
[imu_filter_madgwick_node-3] [INFO] [1770704267.947616671] [imu_filter]: Parameter RLController.pid_kp_ang set to 1.230663
[imu_filter_madgwick_node-3] [INFO] [1770704267.947678144] [imu_filter]: Parameter RLController.pid_ki_ang set to 0.000000
[imu_filter_madgwick_node-3] [INFO] [1770704267.947735969] [imu_filter]: Parameter RLController.pid_kd_ang set to 0.101333
[imu_filter_madgwick_node-3] [INFO] [1770704268.378821891] [imu_filter]: Parameter RLController.pid_kp_lin set to 1.215300
[imu_filter_madgwick_node-3] [INFO] [1770704268.379164747] [imu_filter]: Parameter RLController.pid_ki_lin set to 0.000000
[imu_filter_madgwick_node-3] [INFO] [1770704268.379246957] [imu_filter]: Parameter RLController.pid_kd_lin set to 0.020000
[imu_filter_madgwick_node-3] [INFO] [1770704268.379307279] [imu_filter]: Parameter RLController.pid_kp_ang set to 1.230663
[imu_filter_madgwick_node-3] [INFO] [1770704268.379359984] [imu_filter]: Parameter RLController.pid_ki_ang set to 0.000000
[imu_filter_madgwick_node-3] [INFO] [1770704268.379412433] [imu_filter]: Parameter RLController.pid_kd_ang set to 0.101333
[imu_filter_madgwick_node-3] [INFO] [1770704268.794261370] [imu_filter]: Parameter RLController.pid_kp_lin set to 1.215300
[imu_filter_madgwick_node-3] [INFO] [1770704268.794597250] [imu_filter]: Parameter RLController.pid_ki_lin set to 0.000000
[imu_filter_madgwick_node-3] [INFO] [1770704268.794676163] [imu_filter]: Parameter RLController.pid_kd_lin set to 0.020000
[imu_filter_madgwick_node-3] [INFO] [1770704268.794738021] [imu_filter]: Parameter RLController.pid_kp_ang set to 1.230663
[imu_filter_madgwick_node-3] [INFO] [1770704268.794792710] [imu_filter]: Parameter RLController.pid_ki_ang set to 0.000000
[imu_filter_madgwick_node-3] [INFO] [1770704268.794845831] [imu_filter]: Parameter RLController.pid_kd_ang set to 0.101333
[imu_filter_madgwick_node-3] [INFO] [1770704269.212697398] [imu_filter]: Parameter RLController.pid_kp_lin set to 1.215300
[imu_filter_madgwick_node-3] [INFO] [1770704269.212901531] [imu_filter]: Parameter RLController.pid_ki_lin set to 0.000000
[imu_filter_madgwick_node-3] [INFO] [1770704269.212972924] [imu_filter]: Parameter RLController.pid_kd_lin set to 0.020000
[imu_filter_madgwick_node-3] [INFO] [1770704269.214475007] [imu_filter]: Parameter RLController.pid_kp_ang set to 1.230663
[imu_filter_madgwick_node-3] [INFO] [1770704269.214616770] [imu_filter]: Parameter RLController.pid_ki_ang set to 0.000000
[imu_filter_madgwick_node-3] [INFO] [1770704269.214683172] [imu_filter]: Parameter RLController.pid_kd_ang set to 0.101333
[imu_filter_madgwick_node-3] [INFO] [1770704269.630410881] [imu_filter]: Parameter RLController.pid_kp_lin set to 1.215300
[imu_filter_madgwick_node-3] [INFO] [1770704269.632475025] [imu_filter]: Parameter RLController.pid_ki_lin set to 0.000000
[imu_filter_madgwick_node-3] [INFO] [1770704269.632665301] [imu_filter]: Parameter RLController.pid_kd_lin set to 0.020000
[imu_filter_madgwick_node-3] [INFO] [1770704269.632735255] [imu_filter]: Parameter RLController.pid_kp_ang set to 1.230663
[imu_filter_madgwick_node-3] [INFO] [1770704269.632791000] [imu_filter]: Parameter RLController.pid_ki_ang set to 0.000000
[imu_filter_madgwick_node-3] [INFO] [1770704269.632854874] [imu_filter]: Parameter RLController.pid_kd_ang set to 0.101333
[imu_filter_madgwick_node-3] [INFO] [1770704270.042671214] [imu_filter]: Parameter RLController.pid_kp_lin set to 1.215300
[imu_filter_madgwick_node-3] [INFO] [1770704270.048450420] [imu_filter]: Parameter RLController.pid_ki_lin set to 0.000000
[imu_filter_madgwick_node-3] [INFO] [1770704270.048645656] [imu_filter]: Parameter RLController.pid_kd_lin set to 0.020000
[imu_filter_madgwick_node-3] [INFO] [1770704270.048713466] [imu_filter]: Parameter RLController.pid_kp_ang set to 1.230663
[imu_filter_madgwick_node-3] [INFO] [1770704270.048772507] [imu_filter]: Parameter RLController.pid_ki_ang set to 0.000000
[imu_filter_madgwick_node-3] [INFO] [1770704270.048830909] [imu_filter]: Parameter RLController.pid_kd_ang set to 0.101333
[imu_filter_madgwick_node-3] [INFO] [1770704270.455132447] [imu_filter]: Parameter RLController.pid_kp_lin set to 1.215300
[imu_filter_madgwick_node-3] [INFO] [1770704270.455323715] [imu_filter]: Parameter RLController.pid_ki_lin set to 0.000000
[imu_filter_madgwick_node-3] [INFO] [1770704270.455391685] [imu_filter]: Parameter RLController.pid_kd_lin set to 0.020000
[imu_filter_madgwick_node-3] [INFO] [1770704270.455450758] [imu_filter]: Parameter RLController.pid_kp_ang set to 1.230663
[imu_filter_madgwick_node-3] [INFO] [1770704270.455503527] [imu_filter]: Parameter RLController.pid_ki_ang set to 0.000000
[imu_filter_madgwick_node-3] [INFO] [1770704270.455554377] [imu_filter]: Parameter RLController.pid_kd_ang set to 0.101333
[imu_filter_madgwick_node-3] [INFO] [1770704270.863544018] [imu_filter]: Parameter RLController.pid_kp_lin set to 1.215300
[imu_filter_madgwick_node-3] [INFO] [1770704270.863828856] [imu_filter]: Parameter RLController.pid_ki_lin set to 0.000000
[imu_filter_madgwick_node-3] [INFO] [1770704270.863922427] [imu_filter]: Parameter RLController.pid_kd_lin set to 0.020000
[imu_filter_madgwick_node-3] [INFO] [1770704270.863995900] [imu_filter]: Parameter RLController.pid_kp_ang set to 1.230663
[imu_filter_madgwick_node-3] [INFO] [1770704270.864218305] [imu_filter]: Parameter RLController.pid_ki_ang set to 0.000000
[imu_filter_madgwick_node-3] [INFO] [1770704270.864293027] [imu_filter]: Parameter RLController.pid_kd_ang set to 0.101333
[imu_filter_madgwick_node-3] [INFO] [1770704271.283664629] [imu_filter]: Parameter RLController.pid_kp_lin set to 1.215300
[imu_filter_madgwick_node-3] [INFO] [1770704271.283861466] [imu_filter]: Parameter RLController.pid_ki_lin set to 0.000000
[imu_filter_madgwick_node-3] [INFO] [1770704271.283929979] [imu_filter]: Parameter RLController.pid_kd_lin set to 0.020000
[imu_filter_madgwick_node-3] [INFO] [1770704271.283993373] [imu_filter]: Parameter RLController.pid_kp_ang set to 1.230663
[imu_filter_madgwick_node-3] [INFO] [1770704271.284052510] [imu_filter]: Parameter RLController.pid_ki_ang set to 0.000000
[imu_filter_madgwick_node-3] [INFO] [1770704271.284258979] [imu_filter]: Parameter RLController.pid_kd_ang set to 0.101333
[imu_filter_madgwick_node-3] [INFO] [1770704271.697758220] [imu_filter]: Parameter RLController.pid_kp_lin set to 1.215300
[imu_filter_madgwick_node-3] [INFO] [1770704271.698003762] [imu_filter]: Parameter RLController.pid_ki_lin set to 0.000000
[imu_filter_madgwick_node-3] [INFO] [1770704271.698129845] [imu_filter]: Parameter RLController.pid_kd_lin set to 0.020000
[imu_filter_madgwick_node-3] [INFO] [1770704271.698193014] [imu_filter]: Parameter RLController.pid_kp_ang set to 1.230663
[imu_filter_madgwick_node-3] [INFO] [1770704271.698250296] [imu_filter]: Parameter RLController.pid_ki_ang set to 0.000000
[imu_filter_madgwick_node-3] [INFO] [1770704271.698304441] [imu_filter]: Parameter RLController.pid_kd_ang set to 0.101333
[imu_filter_madgwick_node-3] [INFO] [1770704272.112920860] [imu_filter]: Parameter RLController.pid_kp_lin set to 1.215300
[imu_filter_madgwick_node-3] [INFO] [1770704272.113147777] [imu_filter]: Parameter RLController.pid_ki_lin set to 0.000000
[imu_filter_madgwick_node-3] [INFO] [1770704272.113222051] [imu_filter]: Parameter RLController.pid_kd_lin set to 0.020000
[imu_filter_madgwick_node-3] [INFO] [1770704272.113286469] [imu_filter]: Parameter RLController.pid_kp_ang set to 1.230663
[imu_filter_madgwick_node-3] [INFO] [1770704272.113342118] [imu_filter]: Parameter RLController.pid_ki_ang set to 0.000000
[imu_filter_madgwick_node-3] [INFO] [1770704272.113393479] [imu_filter]: Parameter RLController.pid_kd_ang set to 0.101333
[imu_filter_madgwick_node-3] [INFO] [1770704272.533372583] [imu_filter]: Parameter RLController.pid_kp_lin set to 1.215300
[imu_filter_madgwick_node-3] [INFO] [1770704272.539261008] [imu_filter]: Parameter RLController.pid_ki_lin set to 0.000000
[imu_filter_madgwick_node-3] [INFO] [1770704272.539482837] [imu_filter]: Parameter RLController.pid_kd_lin set to 0.020000
[imu_filter_madgwick_node-3] [INFO] [1770704272.539553943] [imu_filter]: Parameter RLController.pid_kp_ang set to 1.230663
[imu_filter_madgwick_node-3] [INFO] [1770704272.539611256] [imu_filter]: Parameter RLController.pid_ki_ang set to 0.000000
[imu_filter_madgwick_node-3] [INFO] [1770704272.539666713] [imu_filter]: Parameter RLController.pid_kd_ang set to 0.101333
[imu_filter_madgwick_node-3] [INFO] [1770704272.948987457] [imu_filter]: Parameter RLController.pid_kp_lin set to 1.215300
[imu_filter_madgwick_node-3] [INFO] [1770704272.949192102] [imu_filter]: Parameter RLController.pid_ki_lin set to 0.000000
[imu_filter_madgwick_node-3] [INFO] [1770704272.949259272] [imu_filter]: Parameter RLController.pid_kd_lin set to 0.020000
[imu_filter_madgwick_node-3] [INFO] [1770704272.949439884] [imu_filter]: Parameter RLController.pid_kp_ang set to 1.230663
[imu_filter_madgwick_node-3] [INFO] [1770704272.949498253] [imu_filter]: Parameter RLController.pid_ki_ang set to 0.000000
[imu_filter_madgwick_node-3] [INFO] [1770704272.949554031] [imu_filter]: Parameter RLController.pid_kd_ang set to 0.101333
[imu_filter_madgwick_node-3] [INFO] [1770704273.365745078] [imu_filter]: Parameter RLController.pid_kp_lin set to 1.215300
[imu_filter_madgwick_node-3] [INFO] [1770704273.366763310] [imu_filter]: Parameter RLController.pid_ki_lin set to 0.000000
[imu_filter_madgwick_node-3] [INFO] [1770704273.366908593] [imu_filter]: Parameter RLController.pid_kd_lin set to 0.020000
[imu_filter_madgwick_node-3] [INFO] [1770704273.366973267] [imu_filter]: Parameter RLController.pid_kp_ang set to 1.230663
[imu_filter_madgwick_node-3] [INFO] [1770704273.367029492] [imu_filter]: Parameter RLController.pid_ki_ang set to 0.000000
[imu_filter_madgwick_node-3] [INFO] [1770704273.367077429] [imu_filter]: Parameter RLController.pid_kd_ang set to 0.101333
[imu_filter_madgwick_node-3] [INFO] [1770704273.779820461] [imu_filter]: Parameter RLController.pid_kp_lin set to 1.215300
[imu_filter_madgwick_node-3] [INFO] [1770704273.780011218] [imu_filter]: Parameter RLController.pid_ki_lin set to 0.000000
[imu_filter_madgwick_node-3] [INFO] [1770704273.780078547] [imu_filter]: Parameter RLController.pid_kd_lin set to 0.020000
[imu_filter_madgwick_node-3] [INFO] [1770704273.780135636] [imu_filter]: Parameter RLController.pid_kp_ang set to 1.230663
[imu_filter_madgwick_node-3] [INFO] [1770704273.780216310] [imu_filter]: Parameter RLController.pid_ki_ang set to 0.000000
[imu_filter_madgwick_node-3] [INFO] [1770704273.780272824] [imu_filter]: Parameter RLController.pid_kd_ang set to 0.101333
[imu_filter_madgwick_node-3] [INFO] [1770704274.214017975] [imu_filter]: Parameter RLController.pid_kp_lin set to 1.215300
[imu_filter_madgwick_node-3] [INFO] [1770704274.216265036] [imu_filter]: Parameter RLController.pid_ki_lin set to 0.000000
[imu_filter_madgwick_node-3] [INFO] [1770704274.216450064] [imu_filter]: Parameter RLController.pid_kd_lin set to 0.020000
[imu_filter_madgwick_node-3] [INFO] [1770704274.216517969] [imu_filter]: Parameter RLController.pid_kp_ang set to 1.230663
[imu_filter_madgwick_node-3] [INFO] [1770704274.216575539] [imu_filter]: Parameter RLController.pid_ki_ang set to 0.000000
[imu_filter_madgwick_node-3] [INFO] [1770704274.216625620] [imu_filter]: Parameter RLController.pid_kd_ang set to 0.101333
[imu_filter_madgwick_node-3] [INFO] [1770704274.627797767] [imu_filter]: Parameter RLController.pid_kp_lin set to 1.215300
[imu_filter_madgwick_node-3] [INFO] [1770704274.627992812] [imu_filter]: Parameter RLController.pid_ki_lin set to 0.000000
[imu_filter_madgwick_node-3] [INFO] [1770704274.628064621] [imu_filter]: Parameter RLController.pid_kd_lin set to 0.020000
[imu_filter_madgwick_node-3] [INFO] [1770704274.628123343] [imu_filter]: Parameter RLController.pid_kp_ang set to 1.230663
[imu_filter_madgwick_node-3] [INFO] [1770704274.628215793] [imu_filter]: Parameter RLController.pid_ki_ang set to 0.000000
[imu_filter_madgwick_node-3] [INFO] [1770704274.628287603] [imu_filter]: Parameter RLController.pid_kd_ang set to 0.101333
[imu_filter_madgwick_node-3] [INFO] [1770704275.045549523] [imu_filter]: Parameter RLController.pid_kp_lin set to 1.215300
[imu_filter_madgwick_node-3] [INFO] [1770704275.045947229] [imu_filter]: Parameter RLController.pid_ki_lin set to 0.000000
[imu_filter_madgwick_node-3] [INFO] [1770704275.046031775] [imu_filter]: Parameter RLController.pid_kd_lin set to 0.020000
[imu_filter_madgwick_node-3] [INFO] [1770704275.046094240] [imu_filter]: Parameter RLController.pid_kp_ang set to 1.230663
[imu_filter_madgwick_node-3] [INFO] [1770704275.046152321] [imu_filter]: Parameter RLController.pid_ki_ang set to 0.000000
[imu_filter_madgwick_node-3] [INFO] [1770704275.046208259] [imu_filter]: Parameter RLController.pid_kd_ang set to 0.101333
[imu_filter_madgwick_node-3] [INFO] [1770704275.466978421] [imu_filter]: Parameter RLController.pid_kp_lin set to 1.215300
[imu_filter_madgwick_node-3] [INFO] [1770704275.467177338] [imu_filter]: Parameter RLController.pid_ki_lin set to 0.000000
[imu_filter_madgwick_node-3] [INFO] [1770704275.467253403] [imu_filter]: Parameter RLController.pid_kd_lin set to 0.020000
[imu_filter_madgwick_node-3] [INFO] [1770704275.467314973] [imu_filter]: Parameter RLController.pid_kp_ang set to 1.230663
[imu_filter_madgwick_node-3] [INFO] [1770704275.467370302] [imu_filter]: Parameter RLController.pid_ki_ang set to 0.000000
[imu_filter_madgwick_node-3] [INFO] [1770704275.467422879] [imu_filter]: Parameter RLController.pid_kd_ang set to 0.101333
[imu_filter_madgwick_node-3] [INFO] [1770704275.877365046] [imu_filter]: Parameter RLController.pid_kp_lin set to 1.215300
[imu_filter_madgwick_node-3] [INFO] [1770704275.877550426] [imu_filter]: Parameter RLController.pid_ki_lin set to 0.000000
[imu_filter_madgwick_node-3] [INFO] [1770704275.877622204] [imu_filter]: Parameter RLController.pid_kd_lin set to 0.020000
[imu_filter_madgwick_node-3] [INFO] [1770704275.877683261] [imu_filter]: Parameter RLController.pid_kp_ang set to 1.230663
[imu_filter_madgwick_node-3] [INFO] [1770704275.877857889] [imu_filter]: Parameter RLController.pid_ki_ang set to 0.000000
[imu_filter_madgwick_node-3] [INFO] [1770704275.877918211] [imu_filter]: Parameter RLController.pid_kd_ang set to 0.101333
[imu_filter_madgwick_node-3] [INFO] [1770704276.292232703] [imu_filter]: Parameter RLController.pid_kp_lin set to 1.215300
[imu_filter_madgwick_node-3] [INFO] [1770704276.294826587] [imu_filter]: Parameter RLController.pid_ki_lin set to 0.000000
[imu_filter_madgwick_node-3] [INFO] [1770704276.295129282] [imu_filter]: Parameter RLController.pid_kd_lin set to 0.020000
[imu_filter_madgwick_node-3] [INFO] [1770704276.300157751] [imu_filter]: Parameter RLController.pid_kp_ang set to 1.230663
[imu_filter_madgwick_node-3] [INFO] [1770704276.300967402] [imu_filter]: Parameter RLController.pid_ki_ang set to 0.000000
[imu_filter_madgwick_node-3] [INFO] [1770704276.301094221] [imu_filter]: Parameter RLController.pid_kd_ang set to 0.101333
[imu_filter_madgwick_node-3] [INFO] [1770704276.708151680] [imu_filter]: Parameter RLController.pid_kp_lin set to 1.215300
[imu_filter_madgwick_node-3] [INFO] [1770704276.716439265] [imu_filter]: Parameter RLController.pid_ki_lin set to 0.000000
[imu_filter_madgwick_node-3] [INFO] [1770704276.716646054] [imu_filter]: Parameter RLController.pid_kd_lin set to 0.020000
[imu_filter_madgwick_node-3] [INFO] [1770704276.716860619] [imu_filter]: Parameter RLController.pid_kp_ang set to 1.230663
[imu_filter_madgwick_node-3] [INFO] [1770704276.716970253] [imu_filter]: Parameter RLController.pid_ki_ang set to 0.000000
[imu_filter_madgwick_node-3] [INFO] [1770704276.717035919] [imu_filter]: Parameter RLController.pid_kd_ang set to 0.101333
[imu_filter_madgwick_node-3] [INFO] [1770704277.134705401] [imu_filter]: Parameter RLController.pid_kp_lin set to 1.215300
[imu_filter_madgwick_node-3] [INFO] [1770704277.134953791] [imu_filter]: Parameter RLController.pid_ki_lin set to 0.000000
[imu_filter_madgwick_node-3] [INFO] [1770704277.135036993] [imu_filter]: Parameter RLController.pid_kd_lin set to 0.020000
[imu_filter_madgwick_node-3] [INFO] [1770704277.135101698] [imu_filter]: Parameter RLController.pid_kp_ang set to 1.230663
[imu_filter_madgwick_node-3] [INFO] [1770704277.135158276] [imu_filter]: Parameter RLController.pid_ki_ang set to 0.000000
[imu_filter_madgwick_node-3] [INFO] [1770704277.135212869] [imu_filter]: Parameter RLController.pid_kd_ang set to 0.101333
[imu_filter_madgwick_node-3] [INFO] [1770704277.545623078] [imu_filter]: Parameter RLController.pid_kp_lin set to 1.215300
[imu_filter_madgwick_node-3] [INFO] [1770704277.545916301] [imu_filter]: Parameter RLController.pid_ki_lin set to 0.000000
[imu_filter_madgwick_node-3] [INFO] [1770704277.546051856] [imu_filter]: Parameter RLController.pid_kd_lin set to 0.020000
[imu_filter_madgwick_node-3] [INFO] [1770704277.546202516] [imu_filter]: Parameter RLController.pid_kp_ang set to 1.230663
[imu_filter_madgwick_node-3] [INFO] [1770704277.546269653] [imu_filter]: Parameter RLController.pid_ki_ang set to 0.000000
[imu_filter_madgwick_node-3] [INFO] [1770704277.546385624] [imu_filter]: Parameter RLController.pid_kd_ang set to 0.101333
[imu_filter_madgwick_node-3] [INFO] [1770704277.975913110] [imu_filter]: Parameter RLController.pid_kp_lin set to 1.215300
[imu_filter_madgwick_node-3] [INFO] [1770704277.976108507] [imu_filter]: Parameter RLController.pid_ki_lin set to 0.000000
[imu_filter_madgwick_node-3] [INFO] [1770704277.976200541] [imu_filter]: Parameter RLController.pid_kd_lin set to 0.020000
[imu_filter_madgwick_node-3] [INFO] [1770704277.976267198] [imu_filter]: Parameter RLController.pid_kp_ang set to 1.230663
[imu_filter_madgwick_node-3] [INFO] [1770704277.976318719] [imu_filter]: Parameter RLController.pid_ki_ang set to 0.000000
[imu_filter_madgwick_node-3] [INFO] [1770704277.976372801] [imu_filter]: Parameter RLController.pid_kd_ang set to 0.101333
[imu_filter_madgwick_node-3] [INFO] [1770704278.416303728] [imu_filter]: Parameter RLController.pid_kp_lin set to 1.215300
[imu_filter_madgwick_node-3] [INFO] [1770704278.416515125] [imu_filter]: Parameter RLController.pid_ki_lin set to 0.000000
[imu_filter_madgwick_node-3] [INFO] [1770704278.416586551] [imu_filter]: Parameter RLController.pid_kd_lin set to 0.020000
[imu_filter_madgwick_node-3] [INFO] [1770704278.416648024] [imu_filter]: Parameter RLController.pid_kp_ang set to 1.230663
[imu_filter_madgwick_node-3] [INFO] [1770704278.416704282] [imu_filter]: Parameter RLController.pid_ki_ang set to 0.000000
[imu_filter_madgwick_node-3] [INFO] [1770704278.416758715] [imu_filter]: Parameter RLController.pid_kd_ang set to 0.101333
[imu_filter_madgwick_node-3] [INFO] [1770704278.826797428] [imu_filter]: Parameter RLController.pid_kp_lin set to 1.215300
[imu_filter_madgwick_node-3] [INFO] [1770704278.827001880] [imu_filter]: Parameter RLController.pid_ki_lin set to 0.000000
[imu_filter_madgwick_node-3] [INFO] [1770704278.829028840] [imu_filter]: Parameter RLController.pid_kd_lin set to 0.020000
[imu_filter_madgwick_node-3] [INFO] [1770704278.829220492] [imu_filter]: Parameter RLController.pid_kp_ang set to 1.230663
[imu_filter_madgwick_node-3] [INFO] [1770704278.829289614] [imu_filter]: Parameter RLController.pid_ki_ang set to 0.000000
[imu_filter_madgwick_node-3] [INFO] [1770704278.829347055] [imu_filter]: Parameter RLController.pid_kd_ang set to 0.101333
[imu_filter_madgwick_node-3] [INFO] [1770704279.241967428] [imu_filter]: Parameter RLController.pid_kp_lin set to 1.215300
[imu_filter_madgwick_node-3] [INFO] [1770704279.242189481] [imu_filter]: Parameter RLController.pid_ki_lin set to 0.000000
[imu_filter_madgwick_node-3] [INFO] [1770704279.242267563] [imu_filter]: Parameter RLController.pid_kd_lin set to 0.020000
[imu_filter_madgwick_node-3] [INFO] [1770704279.242326796] [imu_filter]: Parameter RLController.pid_kp_ang set to 1.230663
[imu_filter_madgwick_node-3] [INFO] [1770704279.242380365] [imu_filter]: Parameter RLController.pid_ki_ang set to 0.000000
[imu_filter_madgwick_node-3] [INFO] [1770704279.242433423] [imu_filter]: Parameter RLController.pid_kd_ang set to 0.101333
[imu_filter_madgwick_node-3] [INFO] [1770704279.658263950] [imu_filter]: Parameter RLController.pid_kp_lin set to 1.215300
[imu_filter_madgwick_node-3] [INFO] [1770704279.658465939] [imu_filter]: Parameter RLController.pid_ki_lin set to 0.000000
[imu_filter_madgwick_node-3] [INFO] [1770704279.659130882] [imu_filter]: Parameter RLController.pid_kd_lin set to 0.020000
[imu_filter_madgwick_node-3] [INFO] [1770704279.659235237] [imu_filter]: Parameter RLController.pid_kp_ang set to 1.230663
[imu_filter_madgwick_node-3] [INFO] [1770704279.659293222] [imu_filter]: Parameter RLController.pid_ki_ang set to 0.000000
[imu_filter_madgwick_node-3] [INFO] [1770704279.659346727] [imu_filter]: Parameter RLController.pid_kd_ang set to 0.101333
[imu_filter_madgwick_node-3] [INFO] [1770704280.081464153] [imu_filter]: Parameter RLController.pid_kp_lin set to 1.215300
[imu_filter_madgwick_node-3] [INFO] [1770704280.081681310] [imu_filter]: Parameter RLController.pid_ki_lin set to 0.000000
[imu_filter_madgwick_node-3] [INFO] [1770704280.081754560] [imu_filter]: Parameter RLController.pid_kd_lin set to 0.020000
[imu_filter_madgwick_node-3] [INFO] [1770704280.081815489] [imu_filter]: Parameter RLController.pid_kp_ang set to 1.230663
[imu_filter_madgwick_node-3] [INFO] [1770704280.081869026] [imu_filter]: Parameter RLController.pid_ki_ang set to 0.000000
[imu_filter_madgwick_node-3] [INFO] [1770704280.081921571] [imu_filter]: Parameter RLController.pid_kd_ang set to 0.101333
[imu_filter_madgwick_node-3] [INFO] [1770704280.497396347] [imu_filter]: Parameter RLController.pid_kp_lin set to 1.215300
[imu_filter_madgwick_node-3] [INFO] [1770704280.497720738] [imu_filter]: Parameter RLController.pid_ki_lin set to 0.000000
[imu_filter_madgwick_node-3] [INFO] [1770704280.497804388] [imu_filter]: Parameter RLController.pid_kd_lin set to 0.020000
[imu_filter_madgwick_node-3] [INFO] [1770704280.497866246] [imu_filter]: Parameter RLController.pid_kp_ang set to 1.230663
[imu_filter_madgwick_node-3] [INFO] [1770704280.497919655] [imu_filter]: Parameter RLController.pid_ki_ang set to 0.000000
[imu_filter_madgwick_node-3] [INFO] [1770704280.497970664] [imu_filter]: Parameter RLController.pid_kd_ang set to 0.101333
[imu_filter_madgwick_node-3] [INFO] [1770704280.906974441] [imu_filter]: Parameter RLController.pid_kp_lin set to 1.215300
[imu_filter_madgwick_node-3] [INFO] [1770704280.907181006] [imu_filter]: Parameter RLController.pid_ki_lin set to 0.000000
[imu_filter_madgwick_node-3] [INFO] [1770704280.907253871] [imu_filter]: Parameter RLController.pid_kd_lin set to 0.020000
[imu_filter_madgwick_node-3] [INFO] [1770704280.907313649] [imu_filter]: Parameter RLController.pid_kp_ang set to 1.230663
[imu_filter_madgwick_node-3] [INFO] [1770704280.907367762] [imu_filter]: Parameter RLController.pid_ki_ang set to 0.000000
[imu_filter_madgwick_node-3] [INFO] [1770704280.907421395] [imu_filter]: Parameter RLController.pid_kd_ang set to 0.101333
[imu_filter_madgwick_node-3] [INFO] [1770704281.323607515] [imu_filter]: Parameter RLController.pid_kp_lin set to 1.215300
[imu_filter_madgwick_node-3] [INFO] [1770704281.323817152] [imu_filter]: Parameter RLController.pid_ki_lin set to 0.000000
[imu_filter_madgwick_node-3] [INFO] [1770704281.326382491] [imu_filter]: Parameter RLController.pid_kd_lin set to 0.020000
[imu_filter_madgwick_node-3] [INFO] [1770704281.326706243] [imu_filter]: Parameter RLController.pid_kp_ang set to 1.230663
[imu_filter_madgwick_node-3] [INFO] [1770704281.326777221] [imu_filter]: Parameter RLController.pid_ki_ang set to 0.000000
[imu_filter_madgwick_node-3] [INFO] [1770704281.326834150] [imu_filter]: Parameter RLController.pid_kd_ang set to 0.101333
[imu_filter_madgwick_node-3] [INFO] [1770704281.742473409] [imu_filter]: Parameter RLController.pid_kp_lin set to 1.215300
[imu_filter_madgwick_node-3] [INFO] [1770704281.744268427] [imu_filter]: Parameter RLController.pid_ki_lin set to 0.000000
[imu_filter_madgwick_node-3] [INFO] [1770704281.744434031] [imu_filter]: Parameter RLController.pid_kd_lin set to 0.020000
[imu_filter_madgwick_node-3] [INFO] [1770704281.744503184] [imu_filter]: Parameter RLController.pid_kp_ang set to 1.230663
[imu_filter_madgwick_node-3] [INFO] [1770704281.744559121] [imu_filter]: Parameter RLController.pid_ki_ang set to 0.000000
[imu_filter_madgwick_node-3] [INFO] [1770704281.744610643] [imu_filter]: Parameter RLController.pid_kd_ang set to 0.101333
[imu_filter_madgwick_node-3] [INFO] [1770704282.159631359] [imu_filter]: Parameter RLController.pid_kp_lin set to 1.215300
[imu_filter_madgwick_node-3] [INFO] [1770704282.159956615] [imu_filter]: Parameter RLController.pid_ki_lin set to 0.000000
[imu_filter_madgwick_node-3] [INFO] [1770704282.160033225] [imu_filter]: Parameter RLController.pid_kd_lin set to 0.020000
[imu_filter_madgwick_node-3] [INFO] [1770704282.160092970] [imu_filter]: Parameter RLController.pid_kp_ang set to 1.230663
[imu_filter_madgwick_node-3] [INFO] [1770704282.160167660] [imu_filter]: Parameter RLController.pid_ki_ang set to 0.000000
[imu_filter_madgwick_node-3] [INFO] [1770704282.160251982] [imu_filter]: Parameter RLController.pid_kd_ang set to 0.101333
[imu_filter_madgwick_node-3] [INFO] [1770704282.572132593] [imu_filter]: Parameter RLController.pid_kp_lin set to 1.215300
[imu_filter_madgwick_node-3] [INFO] [1770704282.572511770] [imu_filter]: Parameter RLController.pid_ki_lin set to 0.000000
[imu_filter_madgwick_node-3] [INFO] [1770704282.572598076] [imu_filter]: Parameter RLController.pid_kd_lin set to 0.020000
[imu_filter_madgwick_node-3] [INFO] [1770704282.572660542] [imu_filter]: Parameter RLController.pid_kp_ang set to 1.230663
[imu_filter_madgwick_node-3] [INFO] [1770704282.572714847] [imu_filter]: Parameter RLController.pid_ki_ang set to 0.000000
[imu_filter_madgwick_node-3] [INFO] [1770704282.572767712] [imu_filter]: Parameter RLController.pid_kd_ang set to 0.101333
[imu_filter_madgwick_node-3] [INFO] [1770704282.993069032] [imu_filter]: Parameter RLController.pid_kp_lin set to 1.215300
[imu_filter_madgwick_node-3] [INFO] [1770704282.993259500] [imu_filter]: Parameter RLController.pid_ki_lin set to 0.000000
[imu_filter_madgwick_node-3] [INFO] [1770704282.993327566] [imu_filter]: Parameter RLController.pid_kd_lin set to 0.020000
[imu_filter_madgwick_node-3] [INFO] [1770704282.993387855] [imu_filter]: Parameter RLController.pid_kp_ang set to 1.230663
[imu_filter_madgwick_node-3] [INFO] [1770704282.993442128] [imu_filter]: Parameter RLController.pid_ki_ang set to 0.000000
[imu_filter_madgwick_node-3] [INFO] [1770704282.993495953] [imu_filter]: Parameter RLController.pid_kd_ang set to 0.101333
[imu_filter_madgwick_node-3] [INFO] [1770704283.426390493] [imu_filter]: Parameter RLController.pid_kp_lin set to 1.215300
[imu_filter_madgwick_node-3] [INFO] [1770704283.430433211] [imu_filter]: Parameter RLController.pid_ki_lin set to 0.000000
[imu_filter_madgwick_node-3] [INFO] [1770704283.430609344] [imu_filter]: Parameter RLController.pid_kd_lin set to 0.020000
[imu_filter_madgwick_node-3] [INFO] [1770704283.430679937] [imu_filter]: Parameter RLController.pid_kp_ang set to 1.230663
[imu_filter_madgwick_node-3] [INFO] [1770704283.430738595] [imu_filter]: Parameter RLController.pid_ki_ang set to 0.000000
[imu_filter_madgwick_node-3] [INFO] [1770704283.430914119] [imu_filter]: Parameter RLController.pid_kd_ang set to 0.101333
[imu_filter_madgwick_node-3] [INFO] [1770704283.847267986] [imu_filter]: Parameter RLController.pid_kp_lin set to 1.215300
[imu_filter_madgwick_node-3] [INFO] [1770704283.849089725] [imu_filter]: Parameter RLController.pid_ki_lin set to 0.000000
[imu_filter_madgwick_node-3] [INFO] [1770704283.849267009] [imu_filter]: Parameter RLController.pid_kd_lin set to 0.020000
[imu_filter_madgwick_node-3] [INFO] [1770704283.849340194] [imu_filter]: Parameter RLController.pid_kp_ang set to 1.230663
[imu_filter_madgwick_node-3] [INFO] [1770704283.849399044] [imu_filter]: Parameter RLController.pid_ki_ang set to 0.000000
[imu_filter_madgwick_node-3] [INFO] [1770704283.849454501] [imu_filter]: Parameter RLController.pid_kd_ang set to 0.101333
[imu_filter_madgwick_node-3] [INFO] [1770704284.264806265] [imu_filter]: Parameter RLController.pid_kp_lin set to 1.215300
[imu_filter_madgwick_node-3] [INFO] [1770704284.265095936] [imu_filter]: Parameter RLController.pid_ki_lin set to 0.000000
[imu_filter_madgwick_node-3] [INFO] [1770704284.265242180] [imu_filter]: Parameter RLController.pid_kd_lin set to 0.020000
[imu_filter_madgwick_node-3] [INFO] [1770704284.265309861] [imu_filter]: Parameter RLController.pid_kp_ang set to 1.230663
[imu_filter_madgwick_node-3] [INFO] [1770704284.265366758] [imu_filter]: Parameter RLController.pid_ki_ang set to 0.000000
[imu_filter_madgwick_node-3] [INFO] [1770704284.265420808] [imu_filter]: Parameter RLController.pid_kd_ang set to 0.101333
[imu_filter_madgwick_node-3] [INFO] [1770704284.676818336] [imu_filter]: Parameter RLController.pid_kp_lin set to 1.215300
[imu_filter_madgwick_node-3] [INFO] [1770704284.684646390] [imu_filter]: Parameter RLController.pid_ki_lin set to 0.000000
[imu_filter_madgwick_node-3] [INFO] [1770704284.684968926] [imu_filter]: Parameter RLController.pid_kd_lin set to 0.020000
[imu_filter_madgwick_node-3] [INFO] [1770704284.685068320] [imu_filter]: Parameter RLController.pid_kp_ang set to 1.230663
[imu_filter_madgwick_node-3] [INFO] [1770704284.685129281] [imu_filter]: Parameter RLController.pid_ki_ang set to 0.000000
[imu_filter_madgwick_node-3] [INFO] [1770704284.685186307] [imu_filter]: Parameter RLController.pid_kd_ang set to 0.101333
[imu_filter_madgwick_node-3] [INFO] [1770704285.103684896] [imu_filter]: Parameter RLController.pid_kp_lin set to 1.215300
[imu_filter_madgwick_node-3] [INFO] [1770704285.104038920] [imu_filter]: Parameter RLController.pid_ki_lin set to 0.000000
[imu_filter_madgwick_node-3] [INFO] [1770704285.104168747] [imu_filter]: Parameter RLController.pid_kd_lin set to 0.020000
[imu_filter_madgwick_node-3] [INFO] [1770704285.104389328] [imu_filter]: Parameter RLController.pid_kp_ang set to 1.230663
[imu_filter_madgwick_node-3] [INFO] [1770704285.104457714] [imu_filter]: Parameter RLController.pid_ki_ang set to 0.000000
[imu_filter_madgwick_node-3] [INFO] [1770704285.104514227] [imu_filter]: Parameter RLController.pid_kd_ang set to 0.101333
[imu_filter_madgwick_node-3] [INFO] [1770704285.513347984] [imu_filter]: Parameter RLController.pid_kp_lin set to 1.215300
[imu_filter_madgwick_node-3] [INFO] [1770704285.513550325] [imu_filter]: Parameter RLController.pid_ki_lin set to 0.000000
[imu_filter_madgwick_node-3] [INFO] [1770704285.513615734] [imu_filter]: Parameter RLController.pid_kd_lin set to 0.020000
[imu_filter_madgwick_node-3] [INFO] [1770704285.513671800] [imu_filter]: Parameter RLController.pid_kp_ang set to 1.230663
[imu_filter_madgwick_node-3] [INFO] [1770704285.513722681] [imu_filter]: Parameter RLController.pid_ki_ang set to 0.000000
[imu_filter_madgwick_node-3] [INFO] [1770704285.513772634] [imu_filter]: Parameter RLController.pid_kd_ang set to 0.101333
[imu_filter_madgwick_node-3] [INFO] [1770704285.925216692] [imu_filter]: Parameter RLController.pid_kp_lin set to 1.215300
[imu_filter_madgwick_node-3] [INFO] [1770704285.925420152] [imu_filter]: Parameter RLController.pid_ki_lin set to 0.000000
[imu_filter_madgwick_node-3] [INFO] [1770704285.925505210] [imu_filter]: Parameter RLController.pid_kd_lin set to 0.020000
[imu_filter_madgwick_node-3] [INFO] [1770704285.925568092] [imu_filter]: Parameter RLController.pid_kp_ang set to 1.230663
[imu_filter_madgwick_node-3] [INFO] [1770704285.925757920] [imu_filter]: Parameter RLController.pid_ki_ang set to 0.000000
[imu_filter_madgwick_node-3] [INFO] [1770704285.925830402] [imu_filter]: Parameter RLController.pid_kd_ang set to 0.101333
[imu_filter_madgwick_node-3] [INFO] [1770704286.333034489] [imu_filter]: Parameter RLController.pid_kp_lin set to 1.215300
[imu_filter_madgwick_node-3] [INFO] [1770704286.338545497] [imu_filter]: Parameter RLController.pid_ki_lin set to 0.000000
[imu_filter_madgwick_node-3] [INFO] [1770704286.338744510] [imu_filter]: Parameter RLController.pid_kd_lin set to 0.020000
[imu_filter_madgwick_node-3] [INFO] [1770704286.338823071] [imu_filter]: Parameter RLController.pid_kp_ang set to 1.230663
[imu_filter_madgwick_node-3] [INFO] [1770704286.338883585] [imu_filter]: Parameter RLController.pid_ki_ang set to 0.000000
[imu_filter_madgwick_node-3] [INFO] [1770704286.338942786] [imu_filter]: Parameter RLController.pid_kd_ang set to 0.101333
[imu_filter_madgwick_node-3] [INFO] [1770704286.762410835] [imu_filter]: Parameter RLController.pid_kp_lin set to 1.215300
[imu_filter_madgwick_node-3] [INFO] [1770704286.767478633] [imu_filter]: Parameter RLController.pid_ki_lin set to 0.000000
[imu_filter_madgwick_node-3] [INFO] [1770704286.767675982] [imu_filter]: Parameter RLController.pid_kd_lin set to 0.020000
[imu_filter_madgwick_node-3] [INFO] [1770704286.767747151] [imu_filter]: Parameter RLController.pid_kp_ang set to 1.230663
[imu_filter_madgwick_node-3] [INFO] [1770704286.767804497] [imu_filter]: Parameter RLController.pid_ki_ang set to 0.000000
[imu_filter_madgwick_node-3] [INFO] [1770704286.767863250] [imu_filter]: Parameter RLController.pid_kd_ang set to 0.101333
[imu_filter_madgwick_node-3] [INFO] [1770704287.175021544] [imu_filter]: Parameter RLController.pid_kp_lin set to 1.215300
[imu_filter_madgwick_node-3] [INFO] [1770704287.175355952] [imu_filter]: Parameter RLController.pid_ki_lin set to 0.000000
[imu_filter_madgwick_node-3] [INFO] [1770704287.175469362] [imu_filter]: Parameter RLController.pid_kd_lin set to 0.020000
[imu_filter_madgwick_node-3] [INFO] [1770704287.175541428] [imu_filter]: Parameter RLController.pid_kp_ang set to 1.230663
[imu_filter_madgwick_node-3] [INFO] [1770704287.175599061] [imu_filter]: Parameter RLController.pid_ki_ang set to 0.000000
[imu_filter_madgwick_node-3] [INFO] [1770704287.175656055] [imu_filter]: Parameter RLController.pid_kd_ang set to 0.101333
[imu_filter_madgwick_node-3] [INFO] [1770704287.585470794] [imu_filter]: Parameter RLController.pid_kp_lin set to 1.215300
[imu_filter_madgwick_node-3] [INFO] [1770704287.588608627] [imu_filter]: Parameter RLController.pid_ki_lin set to 0.000000
[imu_filter_madgwick_node-3] [INFO] [1770704287.588794552] [imu_filter]: Parameter RLController.pid_kd_lin set to 0.020000
[imu_filter_madgwick_node-3] [INFO] [1770704287.588863225] [imu_filter]: Parameter RLController.pid_kp_ang set to 1.230663
[imu_filter_madgwick_node-3] [INFO] [1770704287.588920378] [imu_filter]: Parameter RLController.pid_ki_ang set to 0.000000
[imu_filter_madgwick_node-3] [INFO] [1770704287.588972284] [imu_filter]: Parameter RLController.pid_kd_ang set to 0.101333
[imu_filter_madgwick_node-3] [INFO] [1770704288.004282831] [imu_filter]: Parameter RLController.pid_kp_lin set to 1.215300
[imu_filter_madgwick_node-3] [INFO] [1770704288.007090896] [imu_filter]: Parameter RLController.pid_ki_lin set to 0.000000
[imu_filter_madgwick_node-3] [INFO] [1770704288.007251476] [imu_filter]: Parameter RLController.pid_kd_lin set to 0.020000
[imu_filter_madgwick_node-3] [INFO] [1770704288.007316150] [imu_filter]: Parameter RLController.pid_kp_ang set to 1.230663
[imu_filter_madgwick_node-3] [INFO] [1770704288.007470681] [imu_filter]: Parameter RLController.pid_ki_ang set to 0.000000
[imu_filter_madgwick_node-3] [INFO] [1770704288.007529690] [imu_filter]: Parameter RLController.pid_kd_ang set to 0.101333
[imu_filter_madgwick_node-3] [INFO] [1770704288.429923986] [imu_filter]: Parameter RLController.pid_kp_lin set to 1.215300
[imu_filter_madgwick_node-3] [INFO] [1770704288.430130167] [imu_filter]: Parameter RLController.pid_ki_lin set to 0.000000
[imu_filter_madgwick_node-3] [INFO] [1770704288.430197817] [imu_filter]: Parameter RLController.pid_kd_lin set to 0.020000
[imu_filter_madgwick_node-3] [INFO] [1770704288.430256666] [imu_filter]: Parameter RLController.pid_kp_ang set to 1.230663
[imu_filter_madgwick_node-3] [INFO] [1770704288.430310363] [imu_filter]: Parameter RLController.pid_ki_ang set to 0.000000
[imu_filter_madgwick_node-3] [INFO] [1770704288.430363389] [imu_filter]: Parameter RLController.pid_kd_ang set to 0.101333
[imu_filter_madgwick_node-3] [INFO] [1770704288.878683951] [imu_filter]: Parameter RLController.pid_kp_lin set to 1.215300
[imu_filter_madgwick_node-3] [INFO] [1770704288.878886548] [imu_filter]: Parameter RLController.pid_ki_lin set to 0.000000
[imu_filter_madgwick_node-3] [INFO] [1770704288.878956054] [imu_filter]: Parameter RLController.pid_kd_lin set to 0.020000
[imu_filter_madgwick_node-3] [INFO] [1770704288.879016663] [imu_filter]: Parameter RLController.pid_kp_ang set to 1.230663
[imu_filter_madgwick_node-3] [INFO] [1770704288.879071224] [imu_filter]: Parameter RLController.pid_ki_ang set to 0.000000
[imu_filter_madgwick_node-3] [INFO] [1770704288.879122905] [imu_filter]: Parameter RLController.pid_kd_ang set to 0.101333
[imu_filter_madgwick_node-3] [INFO] [1770704289.284723019] [imu_filter]: Parameter RLController.pid_kp_lin set to 1.215300
[imu_filter_madgwick_node-3] [INFO] [1770704289.284984721] [imu_filter]: Parameter RLController.pid_ki_lin set to 0.000000
[imu_filter_madgwick_node-3] [INFO] [1770704289.285109300] [imu_filter]: Parameter RLController.pid_kd_lin set to 0.020000
[imu_filter_madgwick_node-3] [INFO] [1770704289.285205942] [imu_filter]: Parameter RLController.pid_kp_ang set to 1.230663
[imu_filter_madgwick_node-3] [INFO] [1770704289.290348814] [imu_filter]: Parameter RLController.pid_ki_ang set to 0.000000
[imu_filter_madgwick_node-3] [INFO] [1770704289.290652565] [imu_filter]: Parameter RLController.pid_kd_ang set to 0.101333
[imu_filter_madgwick_node-3] [INFO] [1770704289.703400845] [imu_filter]: Parameter RLController.pid_kp_lin set to 1.215300
[imu_filter_madgwick_node-3] [INFO] [1770704289.703604626] [imu_filter]: Parameter RLController.pid_ki_lin set to 0.000000
[imu_filter_madgwick_node-3] [INFO] [1770704289.703679027] [imu_filter]: Parameter RLController.pid_kd_lin set to 0.020000
[imu_filter_madgwick_node-3] [INFO] [1770704289.703741621] [imu_filter]: Parameter RLController.pid_kp_ang set to 1.230663
[imu_filter_madgwick_node-3] [INFO] [1770704289.703797462] [imu_filter]: Parameter RLController.pid_ki_ang set to 0.000000
[imu_filter_madgwick_node-3] [INFO] [1770704289.703851063] [imu_filter]: Parameter RLController.pid_kd_ang set to 0.101333
[imu_filter_madgwick_node-3] [INFO] [1770704290.120314085] [imu_filter]: Parameter RLController.pid_kp_lin set to 1.215300
[imu_filter_madgwick_node-3] [INFO] [1770704290.127868757] [imu_filter]: Parameter RLController.pid_ki_lin set to 0.000000
[imu_filter_madgwick_node-3] [INFO] [1770704290.128207773] [imu_filter]: Parameter RLController.pid_kd_lin set to 0.020000
[imu_filter_madgwick_node-3] [INFO] [1770704290.128344128] [imu_filter]: Parameter RLController.pid_kp_ang set to 1.230663
[imu_filter_madgwick_node-3] [INFO] [1770704290.128408002] [imu_filter]: Parameter RLController.pid_ki_ang set to 0.000000
[imu_filter_madgwick_node-3] [INFO] [1770704290.128464867] [imu_filter]: Parameter RLController.pid_kd_ang set to 0.101333
[imu_filter_madgwick_node-3] [INFO] [1770704290.547384362] [imu_filter]: Parameter RLController.pid_kp_lin set to 1.215300
[imu_filter_madgwick_node-3] [INFO] [1770704290.549338680] [imu_filter]: Parameter RLController.pid_ki_lin set to 0.000000
[imu_filter_madgwick_node-3] [INFO] [1770704290.549674719] [imu_filter]: Parameter RLController.pid_kd_lin set to 0.020000
[imu_filter_madgwick_node-3] [INFO] [1770704290.549759681] [imu_filter]: Parameter RLController.pid_kp_ang set to 1.230663
[imu_filter_madgwick_node-3] [INFO] [1770704290.549820579] [imu_filter]: Parameter RLController.pid_ki_ang set to 0.000000
[imu_filter_madgwick_node-3] [INFO] [1770704290.549879364] [imu_filter]: Parameter RLController.pid_kd_ang set to 0.101333
[imu_filter_madgwick_node-3] [INFO] [1770704290.967037826] [imu_filter]: Parameter RLController.pid_kp_lin set to 1.215300
[imu_filter_madgwick_node-3] [INFO] [1770704290.967462028] [imu_filter]: Parameter RLController.pid_ki_lin set to 0.000000
[imu_filter_madgwick_node-3] [INFO] [1770704290.967580879] [imu_filter]: Parameter RLController.pid_kd_lin set to 0.020000
[imu_filter_madgwick_node-3] [INFO] [1770704290.967647345] [imu_filter]: Parameter RLController.pid_kp_ang set to 1.230663
[imu_filter_madgwick_node-3] [INFO] [1770704290.968054522] [imu_filter]: Parameter RLController.pid_ki_ang set to 0.000000
[imu_filter_madgwick_node-3] [INFO] [1770704290.968157276] [imu_filter]: Parameter RLController.pid_kd_ang set to 0.101333
[imu_filter_madgwick_node-3] [INFO] [1770704291.383831192] [imu_filter]: Parameter RLController.pid_kp_lin set to 1.215300
[imu_filter_madgwick_node-3] [INFO] [1770704291.384496008] [imu_filter]: Parameter RLController.pid_ki_lin set to 0.000000
[imu_filter_madgwick_node-3] [INFO] [1770704291.384631659] [imu_filter]: Parameter RLController.pid_kd_lin set to 0.020000
[imu_filter_madgwick_node-3] [INFO] [1770704291.384700044] [imu_filter]: Parameter RLController.pid_kp_ang set to 1.230663
[imu_filter_madgwick_node-3] [INFO] [1770704291.384755726] [imu_filter]: Parameter RLController.pid_ki_ang set to 0.000000
[imu_filter_madgwick_node-3] [INFO] [1770704291.384806159] [imu_filter]: Parameter RLController.pid_kd_ang set to 0.101333
[imu_filter_madgwick_node-3] [INFO] [1770704291.798551326] [imu_filter]: Parameter RLController.pid_kp_lin set to 1.215300
[imu_filter_madgwick_node-3] [INFO] [1770704291.799190925] [imu_filter]: Parameter RLController.pid_ki_lin set to 0.000000
[imu_filter_madgwick_node-3] [INFO] [1770704291.799390257] [imu_filter]: Parameter RLController.pid_kd_lin set to 0.020000
[imu_filter_madgwick_node-3] [INFO] [1770704291.799454835] [imu_filter]: Parameter RLController.pid_kp_ang set to 1.230663
[imu_filter_madgwick_node-3] [INFO] [1770704291.799553973] [imu_filter]: Parameter RLController.pid_ki_ang set to 0.000000
[imu_filter_madgwick_node-3] [INFO] [1770704291.799617399] [imu_filter]: Parameter RLController.pid_kd_ang set to 0.101333
[imu_filter_madgwick_node-3] [INFO] [1770704292.208969440] [imu_filter]: Parameter RLController.pid_kp_lin set to 1.215300
[imu_filter_madgwick_node-3] [INFO] [1770704292.211340247] [imu_filter]: Parameter RLController.pid_ki_lin set to 0.000000
[imu_filter_madgwick_node-3] [INFO] [1770704292.214468127] [imu_filter]: Parameter RLController.pid_kd_lin set to 0.020000
[imu_filter_madgwick_node-3] [INFO] [1770704292.214662884] [imu_filter]: Parameter RLController.pid_kp_ang set to 1.230663
[imu_filter_madgwick_node-3] [INFO] [1770704292.214734918] [imu_filter]: Parameter RLController.pid_ki_ang set to 0.000000
[imu_filter_madgwick_node-3] [INFO] [1770704292.214790951] [imu_filter]: Parameter RLController.pid_kd_ang set to 0.101333
[imu_filter_madgwick_node-3] [INFO] [1770704292.621899388] [imu_filter]: Parameter RLController.pid_kp_lin set to 1.215300
[imu_filter_madgwick_node-3] [INFO] [1770704292.622101952] [imu_filter]: Parameter RLController.pid_ki_lin set to 0.000000
[imu_filter_madgwick_node-3] [INFO] [1770704292.622179714] [imu_filter]: Parameter RLController.pid_kd_lin set to 0.020000
[imu_filter_madgwick_node-3] [INFO] [1770704292.622240132] [imu_filter]: Parameter RLController.pid_kp_ang set to 1.230663
[imu_filter_madgwick_node-3] [INFO] [1770704292.622293509] [imu_filter]: Parameter RLController.pid_ki_ang set to 0.000000
[imu_filter_madgwick_node-3] [INFO] [1770704292.622345318] [imu_filter]: Parameter RLController.pid_kd_ang set to 0.101333
[imu_filter_madgwick_node-3] [INFO] [1770704293.037056140] [imu_filter]: Parameter RLController.pid_kp_lin set to 1.215300
[imu_filter_madgwick_node-3] [INFO] [1770704293.037400724] [imu_filter]: Parameter RLController.pid_ki_lin set to 0.000000
[imu_filter_madgwick_node-3] [INFO] [1770704293.043346430] [imu_filter]: Parameter RLController.pid_kd_lin set to 0.020000
[imu_filter_madgwick_node-3] [INFO] [1770704293.045896665] [imu_filter]: Parameter RLController.pid_kp_ang set to 1.230663
[imu_filter_madgwick_node-3] [INFO] [1770704293.048608216] [imu_filter]: Parameter RLController.pid_ki_ang set to 0.000000
[imu_filter_madgwick_node-3] [INFO] [1770704293.050495332] [imu_filter]: Parameter RLController.pid_kd_ang set to 0.101333
[imu_filter_madgwick_node-3] [INFO] [1770704293.480476588] [imu_filter]: Parameter RLController.pid_kp_lin set to 1.215300
[imu_filter_madgwick_node-3] [INFO] [1770704293.480849077] [imu_filter]: Parameter RLController.pid_ki_lin set to 0.000000
[imu_filter_madgwick_node-3] [INFO] [1770704293.480965912] [imu_filter]: Parameter RLController.pid_kd_lin set to 0.020000
[imu_filter_madgwick_node-3] [INFO] [1770704293.481031801] [imu_filter]: Parameter RLController.pid_kp_ang set to 1.230663
[imu_filter_madgwick_node-3] [INFO] [1770704293.481086490] [imu_filter]: Parameter RLController.pid_ki_ang set to 0.000000
[imu_filter_madgwick_node-3] [INFO] [1770704293.481141148] [imu_filter]: Parameter RLController.pid_kd_ang set to 0.101333
[imu_filter_madgwick_node-3] [INFO] [1770704293.882348967] [imu_filter]: Parameter RLController.pid_kp_lin set to 1.215300
[imu_filter_madgwick_node-3] [INFO] [1770704293.882587885] [imu_filter]: Parameter RLController.pid_ki_lin set to 0.000000
[imu_filter_madgwick_node-3] [INFO] [1770704293.882671375] [imu_filter]: Parameter RLController.pid_kd_lin set to 0.020000
[imu_filter_madgwick_node-3] [INFO] [1770704293.882853395] [imu_filter]: Parameter RLController.pid_kp_ang set to 1.230663
[imu_filter_madgwick_node-3] [INFO] [1770704293.882916756] [imu_filter]: Parameter RLController.pid_ki_ang set to 0.000000
[imu_filter_madgwick_node-3] [INFO] [1770704293.882971094] [imu_filter]: Parameter RLController.pid_kd_ang set to 0.101333
[imu_filter_madgwick_node-3] [INFO] [1770704294.303629573] [imu_filter]: Parameter RLController.pid_kp_lin set to 1.215300
[imu_filter_madgwick_node-3] [INFO] [1770704294.303840810] [imu_filter]: Parameter RLController.pid_ki_lin set to 0.000000
[imu_filter_madgwick_node-3] [INFO] [1770704294.304044911] [imu_filter]: Parameter RLController.pid_kd_lin set to 0.020000
[imu_filter_madgwick_node-3] [INFO] [1770704294.304108753] [imu_filter]: Parameter RLController.pid_kp_ang set to 1.230663
[imu_filter_madgwick_node-3] [INFO] [1770704294.304162258] [imu_filter]: Parameter RLController.pid_ki_ang set to 0.000000
[imu_filter_madgwick_node-3] [INFO] [1770704294.304248116] [imu_filter]: Parameter RLController.pid_kd_ang set to 0.101333
[imu_filter_madgwick_node-3] [INFO] [1770704294.736818840] [imu_filter]: Parameter RLController.pid_kp_lin set to 1.215300
[imu_filter_madgwick_node-3] [INFO] [1770704294.737010045] [imu_filter]: Parameter RLController.pid_ki_lin set to 0.000000
[imu_filter_madgwick_node-3] [INFO] [1770704294.737073342] [imu_filter]: Parameter RLController.pid_kd_lin set to 0.020000
[imu_filter_madgwick_node-3] [INFO] [1770704294.737129728] [imu_filter]: Parameter RLController.pid_kp_ang set to 1.230663
[imu_filter_madgwick_node-3] [INFO] [1770704294.737180673] [imu_filter]: Parameter RLController.pid_ki_ang set to 0.000000
[imu_filter_madgwick_node-3] [INFO] [1770704294.737230914] [imu_filter]: Parameter RLController.pid_kd_ang set to 0.101333
[imu_filter_madgwick_node-3] [INFO] [1770704295.151777123] [imu_filter]: Parameter RLController.pid_kp_lin set to 1.215300
[imu_filter_madgwick_node-3] [INFO] [1770704295.152006889] [imu_filter]: Parameter RLController.pid_ki_lin set to 0.000000
[imu_filter_madgwick_node-3] [INFO] [1770704295.152085451] [imu_filter]: Parameter RLController.pid_kd_lin set to 0.020000
[imu_filter_madgwick_node-3] [INFO] [1770704295.152162028] [imu_filter]: Parameter RLController.pid_kp_ang set to 1.230663
[imu_filter_madgwick_node-3] [INFO] [1770704295.152244398] [imu_filter]: Parameter RLController.pid_ki_ang set to 0.000000
[imu_filter_madgwick_node-3] [INFO] [1770704295.152304912] [imu_filter]: Parameter RLController.pid_kd_ang set to 0.101333
[imu_filter_madgwick_node-3] [INFO] [1770704295.559152958] [imu_filter]: Parameter RLController.pid_kp_lin set to 1.215300
[imu_filter_madgwick_node-3] [INFO] [1770704295.559353571] [imu_filter]: Parameter RLController.pid_ki_lin set to 0.000000
[imu_filter_madgwick_node-3] [INFO] [1770704295.559423461] [imu_filter]: Parameter RLController.pid_kd_lin set to 0.020000
[imu_filter_madgwick_node-3] [INFO] [1770704295.559484998] [imu_filter]: Parameter RLController.pid_kp_ang set to 1.230663
[imu_filter_madgwick_node-3] [INFO] [1770704295.561234479] [imu_filter]: Parameter RLController.pid_ki_ang set to 0.000000
[imu_filter_madgwick_node-3] [INFO] [1770704295.561414419] [imu_filter]: Parameter RLController.pid_kd_ang set to 0.101333
[imu_filter_madgwick_node-3] [INFO] [1770704295.969974282] [imu_filter]: Parameter RLController.pid_kp_lin set to 1.215300
[imu_filter_madgwick_node-3] [INFO] [1770704295.970592344] [imu_filter]: Parameter RLController.pid_ki_lin set to 0.000000
[imu_filter_madgwick_node-3] [INFO] [1770704295.970712955] [imu_filter]: Parameter RLController.pid_kd_lin set to 0.020000
[imu_filter_madgwick_node-3] [INFO] [1770704295.970780636] [imu_filter]: Parameter RLController.pid_kp_ang set to 1.230663
[imu_filter_madgwick_node-3] [INFO] [1770704295.970837534] [imu_filter]: Parameter RLController.pid_ki_ang set to 0.000000
[imu_filter_madgwick_node-3] [INFO] [1770704295.970890463] [imu_filter]: Parameter RLController.pid_kd_ang set to 0.101333
[imu_filter_madgwick_node-3] [INFO] [1770704296.380860246] [imu_filter]: Parameter RLController.pid_kp_lin set to 1.215300
[imu_filter_madgwick_node-3] [INFO] [1770704296.381082715] [imu_filter]: Parameter RLController.pid_ki_lin set to 0.000000
[imu_filter_madgwick_node-3] [INFO] [1770704296.381162749] [imu_filter]: Parameter RLController.pid_kd_lin set to 0.020000
[imu_filter_madgwick_node-3] [INFO] [1770704296.381223039] [imu_filter]: Parameter RLController.pid_kp_ang set to 1.230663
[imu_filter_madgwick_node-3] [INFO] [1770704296.381277824] [imu_filter]: Parameter RLController.pid_ki_ang set to 0.000000
[imu_filter_madgwick_node-3] [INFO] [1770704296.381330977] [imu_filter]: Parameter RLController.pid_kd_ang set to 0.101333
[imu_filter_madgwick_node-3] [INFO] [1770704296.795383639] [imu_filter]: Parameter RLController.pid_kp_lin set to 1.215300
[imu_filter_madgwick_node-3] [INFO] [1770704296.795568508] [imu_filter]: Parameter RLController.pid_ki_lin set to 0.000000
[imu_filter_madgwick_node-3] [INFO] [1770704296.797998196] [imu_filter]: Parameter RLController.pid_kd_lin set to 0.020000
[imu_filter_madgwick_node-3] [INFO] [1770704296.798286907] [imu_filter]: Parameter RLController.pid_kp_ang set to 1.230663
[imu_filter_madgwick_node-3] [INFO] [1770704296.798366877] [imu_filter]: Parameter RLController.pid_ki_ang set to 0.000000
[imu_filter_madgwick_node-3] [INFO] [1770704296.798427838] [imu_filter]: Parameter RLController.pid_kd_ang set to 0.101333
[imu_filter_madgwick_node-3] [INFO] [1770704297.209647410] [imu_filter]: Parameter RLController.pid_kp_lin set to 1.215300
[imu_filter_madgwick_node-3] [INFO] [1770704297.215126258] [imu_filter]: Parameter RLController.pid_ki_lin set to 0.000000
[imu_filter_madgwick_node-3] [INFO] [1770704297.215328214] [imu_filter]: Parameter RLController.pid_kd_lin set to 0.020000
[imu_filter_madgwick_node-3] [INFO] [1770704297.215519131] [imu_filter]: Parameter RLController.pid_kp_ang set to 1.230663
[imu_filter_madgwick_node-3] [INFO] [1770704297.215583804] [imu_filter]: Parameter RLController.pid_ki_ang set to 0.000000
[imu_filter_madgwick_node-3] [INFO] [1770704297.215643678] [imu_filter]: Parameter RLController.pid_kd_ang set to 0.101333
[imu_filter_madgwick_node-3] [INFO] [1770704297.629356108] [imu_filter]: Parameter RLController.pid_kp_lin set to 1.215300
[imu_filter_madgwick_node-3] [INFO] [1770704297.629538896] [imu_filter]: Parameter RLController.pid_ki_lin set to 0.000000
[imu_filter_madgwick_node-3] [INFO] [1770704297.629605682] [imu_filter]: Parameter RLController.pid_kd_lin set to 0.020000
[imu_filter_madgwick_node-3] [INFO] [1770704297.629662387] [imu_filter]: Parameter RLController.pid_kp_ang set to 1.230663
[imu_filter_madgwick_node-3] [INFO] [1770704297.629715988] [imu_filter]: Parameter RLController.pid_ki_ang set to 0.000000
[imu_filter_madgwick_node-3] [INFO] [1770704297.629768789] [imu_filter]: Parameter RLController.pid_kd_ang set to 0.101333
[imu_filter_madgwick_node-3] [INFO] [1770704298.053940119] [imu_filter]: Parameter RLController.pid_kp_lin set to 1.215300
[imu_filter_madgwick_node-3] [INFO] [1770704298.054166812] [imu_filter]: Parameter RLController.pid_ki_lin set to 0.000000
[imu_filter_madgwick_node-3] [INFO] [1770704298.054241534] [imu_filter]: Parameter RLController.pid_kd_lin set to 0.020000
[imu_filter_madgwick_node-3] [INFO] [1770704298.054303935] [imu_filter]: Parameter RLController.pid_kp_ang set to 1.230663
[imu_filter_madgwick_node-3] [INFO] [1770704298.054545253] [imu_filter]: Parameter RLController.pid_ki_ang set to 0.000000
[imu_filter_madgwick_node-3] [INFO] [1770704298.054636263] [imu_filter]: Parameter RLController.pid_kd_ang set to 0.101333
[imu_filter_madgwick_node-3] [INFO] [1770704298.470893392] [imu_filter]: Parameter RLController.pid_kp_lin set to 1.215300
[imu_filter_madgwick_node-3] [INFO] [1770704298.471093301] [imu_filter]: Parameter RLController.pid_ki_lin set to 0.000000
[imu_filter_madgwick_node-3] [INFO] [1770704298.471162423] [imu_filter]: Parameter RLController.pid_kd_lin set to 0.020000
[imu_filter_madgwick_node-3] [INFO] [1770704298.471227960] [imu_filter]: Parameter RLController.pid_kp_ang set to 1.230663
[imu_filter_madgwick_node-3] [INFO] [1770704298.471283481] [imu_filter]: Parameter RLController.pid_ki_ang set to 0.000000
[imu_filter_madgwick_node-3] [INFO] [1770704298.471339131] [imu_filter]: Parameter RLController.pid_kd_ang set to 0.101333
[imu_filter_madgwick_node-3] [INFO] [1770704298.889021925] [imu_filter]: Parameter RLController.pid_kp_lin set to 1.215300
[imu_filter_madgwick_node-3] [INFO] [1770704298.891400957] [imu_filter]: Parameter RLController.pid_ki_lin set to 0.000000
[imu_filter_madgwick_node-3] [INFO] [1770704298.891571776] [imu_filter]: Parameter RLController.pid_kd_lin set to 0.020000
[imu_filter_madgwick_node-3] [INFO] [1770704298.891642210] [imu_filter]: Parameter RLController.pid_kp_ang set to 1.230663
[imu_filter_madgwick_node-3] [INFO] [1770704298.891700707] [imu_filter]: Parameter RLController.pid_ki_ang set to 0.000000
[imu_filter_madgwick_node-3] [INFO] [1770704298.891755493] [imu_filter]: Parameter RLController.pid_kd_ang set to 0.101333
[imu_filter_madgwick_node-3] [INFO] [1770704299.299352709] [imu_filter]: Parameter RLController.pid_kp_lin set to 1.215300
[imu_filter_madgwick_node-3] [INFO] [1770704299.299568618] [imu_filter]: Parameter RLController.pid_ki_lin set to 0.000000
[imu_filter_madgwick_node-3] [INFO] [1770704299.299643692] [imu_filter]: Parameter RLController.pid_kd_lin set to 0.020000
[imu_filter_madgwick_node-3] [INFO] [1770704299.299952723] [imu_filter]: Parameter RLController.pid_kp_ang set to 1.230663
[imu_filter_madgwick_node-3] [INFO] [1770704299.300052661] [imu_filter]: Parameter RLController.pid_ki_ang set to 0.000000
[imu_filter_madgwick_node-3] [INFO] [1770704299.300116567] [imu_filter]: Parameter RLController.pid_kd_ang set to 0.101333
[imu_filter_madgwick_node-3] [INFO] [1770704299.731917897] [imu_filter]: Parameter RLController.pid_kp_lin set to 1.215300
[imu_filter_madgwick_node-3] [INFO] [1770704299.732114478] [imu_filter]: Parameter RLController.pid_ki_lin set to 0.000000
[imu_filter_madgwick_node-3] [INFO] [1770704299.732221872] [imu_filter]: Parameter RLController.pid_kd_lin set to 0.020000
[imu_filter_madgwick_node-3] [INFO] [1770704299.732289010] [imu_filter]: Parameter RLController.pid_kp_ang set to 1.230663
[imu_filter_madgwick_node-3] [INFO] [1770704299.732347219] [imu_filter]: Parameter RLController.pid_ki_ang set to 0.000000
[imu_filter_madgwick_node-3] [INFO] [1770704299.732402229] [imu_filter]: Parameter RLController.pid_kd_ang set to 0.101333
[imu_filter_madgwick_node-3] [INFO] [1770704300.146063938] [imu_filter]: Parameter RLController.pid_kp_lin set to 1.215300
[imu_filter_madgwick_node-3] [INFO] [1770704300.149144713] [imu_filter]: Parameter RLController.pid_ki_lin set to 0.000000
[imu_filter_madgwick_node-3] [INFO] [1770704300.149355246] [imu_filter]: Parameter RLController.pid_kd_lin set to 0.020000
[imu_filter_madgwick_node-3] [INFO] [1770704300.149428368] [imu_filter]: Parameter RLController.pid_kp_ang set to 1.230663
[imu_filter_madgwick_node-3] [INFO] [1770704300.149487633] [imu_filter]: Parameter RLController.pid_ki_ang set to 0.000000
[imu_filter_madgwick_node-3] [INFO] [1770704300.149656597] [imu_filter]: Parameter RLController.pid_kd_ang set to 0.101333
[imu_filter_madgwick_node-3] [INFO] [1770704300.570069951] [imu_filter]: Parameter RLController.pid_kp_lin set to 1.215300
[imu_filter_madgwick_node-3] [INFO] [1770704300.570330085] [imu_filter]: Parameter RLController.pid_ki_lin set to 0.000000
[imu_filter_madgwick_node-3] [INFO] [1770704300.570474344] [imu_filter]: Parameter RLController.pid_kd_lin set to 0.020000
[imu_filter_madgwick_node-3] [INFO] [1770704300.570552170] [imu_filter]: Parameter RLController.pid_kp_ang set to 1.230663
[imu_filter_madgwick_node-3] [INFO] [1770704300.570828209] [imu_filter]: Parameter RLController.pid_ki_ang set to 0.000000
[imu_filter_madgwick_node-3] [INFO] [1770704300.570910259] [imu_filter]: Parameter RLController.pid_kd_ang set to 0.101333
[imu_filter_madgwick_node-3] [INFO] [1770704300.983667307] [imu_filter]: Parameter RLController.pid_kp_lin set to 1.215300
[imu_filter_madgwick_node-3] [INFO] [1770704300.989002439] [imu_filter]: Parameter RLController.pid_ki_lin set to 0.000000
[imu_filter_madgwick_node-3] [INFO] [1770704300.989334478] [imu_filter]: Parameter RLController.pid_kd_lin set to 0.020000
[imu_filter_madgwick_node-3] [INFO] [1770704300.989416528] [imu_filter]: Parameter RLController.pid_kp_ang set to 1.230663
[imu_filter_madgwick_node-3] [INFO] [1770704300.989477106] [imu_filter]: Parameter RLController.pid_ki_ang set to 0.000000
[imu_filter_madgwick_node-3] [INFO] [1770704300.989531507] [imu_filter]: Parameter RLController.pid_kd_ang set to 0.101333
[imu_filter_madgwick_node-3] [INFO] [1770704301.399949013] [imu_filter]: Parameter RLController.pid_kp_lin set to 1.215300
[imu_filter_madgwick_node-3] [INFO] [1770704301.403263074] [imu_filter]: Parameter RLController.pid_ki_lin set to 0.000000
[imu_filter_madgwick_node-3] [INFO] [1770704301.403594345] [imu_filter]: Parameter RLController.pid_kd_lin set to 0.020000
[imu_filter_madgwick_node-3] [INFO] [1770704301.403680747] [imu_filter]: Parameter RLController.pid_kp_ang set to 1.230663
[imu_filter_madgwick_node-3] [INFO] [1770704301.403738893] [imu_filter]: Parameter RLController.pid_ki_ang set to 0.000000
[imu_filter_madgwick_node-3] [INFO] [1770704301.403794158] [imu_filter]: Parameter RLController.pid_kd_ang set to 0.101333
[imu_filter_madgwick_node-3] [INFO] [1770704301.818396401] [imu_filter]: Parameter RLController.pid_kp_lin set to 1.215300
[imu_filter_madgwick_node-3] [INFO] [1770704301.825729979] [imu_filter]: Parameter RLController.pid_ki_lin set to 0.000000
[imu_filter_madgwick_node-3] [INFO] [1770704301.826099620] [imu_filter]: Parameter RLController.pid_kd_lin set to 0.020000
[imu_filter_madgwick_node-3] [INFO] [1770704301.826241607] [imu_filter]: Parameter RLController.pid_kp_ang set to 1.230663
[imu_filter_madgwick_node-3] [INFO] [1770704301.826311337] [imu_filter]: Parameter RLController.pid_ki_ang set to 0.000000
[imu_filter_madgwick_node-3] [INFO] [1770704301.826369194] [imu_filter]: Parameter RLController.pid_kd_ang set to 0.101333
[imu_filter_madgwick_node-3] [INFO] [1770704302.256124013] [imu_filter]: Parameter RLController.pid_kp_lin set to 1.215300
[imu_filter_madgwick_node-3] [INFO] [1770704302.256381715] [imu_filter]: Parameter RLController.pid_ki_lin set to 0.000000
[imu_filter_madgwick_node-3] [INFO] [1770704302.256469493] [imu_filter]: Parameter RLController.pid_kd_lin set to 0.020000
[imu_filter_madgwick_node-3] [INFO] [1770704302.256537175] [imu_filter]: Parameter RLController.pid_kp_ang set to 1.230663
[imu_filter_madgwick_node-3] [INFO] [1770704302.256595640] [imu_filter]: Parameter RLController.pid_ki_ang set to 0.000000
[imu_filter_madgwick_node-3] [INFO] [1770704302.261979989] [imu_filter]: Parameter RLController.pid_kd_ang set to 0.101333
[imu_filter_madgwick_node-3] [INFO] [1770704302.672386295] [imu_filter]: Parameter RLController.pid_kp_lin set to 1.215300
[imu_filter_madgwick_node-3] [INFO] [1770704302.672713758] [imu_filter]: Parameter RLController.pid_ki_lin set to 0.000000
[imu_filter_madgwick_node-3] [INFO] [1770704302.672841121] [imu_filter]: Parameter RLController.pid_kd_lin set to 0.020000
[imu_filter_madgwick_node-3] [INFO] [1770704302.672905603] [imu_filter]: Parameter RLController.pid_kp_ang set to 1.230663
[imu_filter_madgwick_node-3] [INFO] [1770704302.672961188] [imu_filter]: Parameter RLController.pid_ki_ang set to 0.000000
[imu_filter_madgwick_node-3] [INFO] [1770704302.673015621] [imu_filter]: Parameter RLController.pid_kd_ang set to 0.101333
[imu_filter_madgwick_node-3] [INFO] [1770704303.084429982] [imu_filter]: Parameter RLController.pid_kp_lin set to 1.215300
[imu_filter_madgwick_node-3] [INFO] [1770704303.084957002] [imu_filter]: Parameter RLController.pid_ki_lin set to 0.000000
[imu_filter_madgwick_node-3] [INFO] [1770704303.085293522] [imu_filter]: Parameter RLController.pid_kd_lin set to 0.020000
[imu_filter_madgwick_node-3] [INFO] [1770704303.092907075] [imu_filter]: Parameter RLController.pid_kp_ang set to 1.230663
[imu_filter_madgwick_node-3] [INFO] [1770704303.093230379] [imu_filter]: Parameter RLController.pid_ki_ang set to 0.000000
[imu_filter_madgwick_node-3] [INFO] [1770704303.093318029] [imu_filter]: Parameter RLController.pid_kd_ang set to 0.101333
[imu_filter_madgwick_node-3] [INFO] [1770704303.505552345] [imu_filter]: Parameter RLController.pid_kp_lin set to 1.215300
[imu_filter_madgwick_node-3] [INFO] [1770704303.508903143] [imu_filter]: Parameter RLController.pid_ki_lin set to 0.000000
[imu_filter_madgwick_node-3] [INFO] [1770704303.509170797] [imu_filter]: Parameter RLController.pid_kd_lin set to 0.020000
[imu_filter_madgwick_node-3] [INFO] [1770704303.509245326] [imu_filter]: Parameter RLController.pid_kp_ang set to 1.230663
[imu_filter_madgwick_node-3] [INFO] [1770704303.509304432] [imu_filter]: Parameter RLController.pid_ki_ang set to 0.000000
[imu_filter_madgwick_node-3] [INFO] [1770704303.509362545] [imu_filter]: Parameter RLController.pid_kd_ang set to 0.101333
[imu_filter_madgwick_node-3] [INFO] [1770704303.935636739] [imu_filter]: Parameter RLController.pid_kp_lin set to 1.215300
[imu_filter_madgwick_node-3] [INFO] [1770704303.935942346] [imu_filter]: Parameter RLController.pid_ki_lin set to 0.000000
[imu_filter_madgwick_node-3] [INFO] [1770704303.936026124] [imu_filter]: Parameter RLController.pid_kd_lin set to 0.020000
[imu_filter_madgwick_node-3] [INFO] [1770704303.936089358] [imu_filter]: Parameter RLController.pid_kp_ang set to 1.230663
[imu_filter_madgwick_node-3] [INFO] [1770704303.936145711] [imu_filter]: Parameter RLController.pid_ki_ang set to 0.000000
[imu_filter_madgwick_node-3] [INFO] [1770704303.936248466] [imu_filter]: Parameter RLController.pid_kd_ang set to 0.101333
[imu_filter_madgwick_node-3] [INFO] [1770704304.351724137] [imu_filter]: Parameter RLController.pid_kp_lin set to 1.215300
[imu_filter_madgwick_node-3] [INFO] [1770704304.352061361] [imu_filter]: Parameter RLController.pid_ki_lin set to 0.000000
[imu_filter_madgwick_node-3] [INFO] [1770704304.352174099] [imu_filter]: Parameter RLController.pid_kd_lin set to 0.020000
[imu_filter_madgwick_node-3] [INFO] [1770704304.352267317] [imu_filter]: Parameter RLController.pid_kp_ang set to 1.230663
[imu_filter_madgwick_node-3] [INFO] [1770704304.352323191] [imu_filter]: Parameter RLController.pid_ki_ang set to 0.000000
[imu_filter_madgwick_node-3] [INFO] [1770704304.352378584] [imu_filter]: Parameter RLController.pid_kd_ang set to 0.101333
[imu_filter_madgwick_node-3] [INFO] [1770704304.760991728] [imu_filter]: Parameter RLController.pid_kp_lin set to 1.215300
[imu_filter_madgwick_node-3] [INFO] [1770704304.761216917] [imu_filter]: Parameter RLController.pid_ki_lin set to 0.000000
[imu_filter_madgwick_node-3] [INFO] [1770704304.761292951] [imu_filter]: Parameter RLController.pid_kd_lin set to 0.020000
[imu_filter_madgwick_node-3] [INFO] [1770704304.761358296] [imu_filter]: Parameter RLController.pid_kp_ang set to 1.230663
[imu_filter_madgwick_node-3] [INFO] [1770704304.761415258] [imu_filter]: Parameter RLController.pid_ki_ang set to 0.000000
[imu_filter_madgwick_node-3] [INFO] [1770704304.761473435] [imu_filter]: Parameter RLController.pid_kd_ang set to 0.101333
[imu_filter_madgwick_node-3] [INFO] [1770704305.169751115] [imu_filter]: Parameter RLController.pid_kp_lin set to 1.215300
[imu_filter_madgwick_node-3] [INFO] [1770704305.173222588] [imu_filter]: Parameter RLController.pid_ki_lin set to 0.000000
[imu_filter_madgwick_node-3] [INFO] [1770704305.173416704] [imu_filter]: Parameter RLController.pid_kd_lin set to 0.020000
[imu_filter_madgwick_node-3] [INFO] [1770704305.173501602] [imu_filter]: Parameter RLController.pid_kp_ang set to 1.230663
[imu_filter_madgwick_node-3] [INFO] [1770704305.173558723] [imu_filter]: Parameter RLController.pid_ki_ang set to 0.000000
[imu_filter_madgwick_node-3] [INFO] [1770704305.173613797] [imu_filter]: Parameter RLController.pid_kd_ang set to 0.101333
[imu_filter_madgwick_node-3] [INFO] [1770704305.583037135] [imu_filter]: Parameter RLController.pid_kp_lin set to 1.215300
[imu_filter_madgwick_node-3] [INFO] [1770704305.583234868] [imu_filter]: Parameter RLController.pid_ki_lin set to 0.000000
[imu_filter_madgwick_node-3] [INFO] [1770704305.583302165] [imu_filter]: Parameter RLController.pid_kd_lin set to 0.020000
[imu_filter_madgwick_node-3] [INFO] [1770704305.583361207] [imu_filter]: Parameter RLController.pid_kp_ang set to 1.230663
[imu_filter_madgwick_node-3] [INFO] [1770704305.583413496] [imu_filter]: Parameter RLController.pid_ki_ang set to 0.000000
[imu_filter_madgwick_node-3] [INFO] [1770704305.583464217] [imu_filter]: Parameter RLController.pid_kd_ang set to 0.101333
[imu_filter_madgwick_node-3] [INFO] [1770704306.030677906] [imu_filter]: Parameter RLController.pid_kp_lin set to 1.215300
[imu_filter_madgwick_node-3] [INFO] [1770704306.030883543] [imu_filter]: Parameter RLController.pid_ki_lin set to 0.000000
[imu_filter_madgwick_node-3] [INFO] [1770704306.030953560] [imu_filter]: Parameter RLController.pid_kd_lin set to 0.020000
[imu_filter_madgwick_node-3] [INFO] [1770704306.031012314] [imu_filter]: Parameter RLController.pid_kp_ang set to 1.230663
[imu_filter_madgwick_node-3] [INFO] [1770704306.031067483] [imu_filter]: Parameter RLController.pid_ki_ang set to 0.000000
[imu_filter_madgwick_node-3] [INFO] [1770704306.031122172] [imu_filter]: Parameter RLController.pid_kd_ang set to 0.101333
[imu_filter_madgwick_node-3] [INFO] [1770704306.430461949] [imu_filter]: Parameter RLController.pid_kp_lin set to 1.215300
[imu_filter_madgwick_node-3] [INFO] [1770704306.430765924] [imu_filter]: Parameter RLController.pid_ki_lin set to 0.000000
[imu_filter_madgwick_node-3] [INFO] [1770704306.430979401] [imu_filter]: Parameter RLController.pid_kd_lin set to 0.020000
[imu_filter_madgwick_node-3] [INFO] [1770704306.434099217] [imu_filter]: Parameter RLController.pid_kp_ang set to 1.230663
[imu_filter_madgwick_node-3] [INFO] [1770704306.434283829] [imu_filter]: Parameter RLController.pid_ki_ang set to 0.000000
[imu_filter_madgwick_node-3] [INFO] [1770704306.434351703] [imu_filter]: Parameter RLController.pid_kd_ang set to 0.101333
[imu_filter_madgwick_node-3] [INFO] [1770704306.841360393] [imu_filter]: Parameter RLController.pid_kp_lin set to 1.215300
[imu_filter_madgwick_node-3] [INFO] [1770704306.841523789] [imu_filter]: Parameter RLController.pid_ki_lin set to 0.000000
[imu_filter_madgwick_node-3] [INFO] [1770704306.844327534] [imu_filter]: Parameter RLController.pid_kd_lin set to 0.020000
[imu_filter_madgwick_node-3] [INFO] [1770704306.844495282] [imu_filter]: Parameter RLController.pid_kp_ang set to 1.230663
[imu_filter_madgwick_node-3] [INFO] [1770704306.844557524] [imu_filter]: Parameter RLController.pid_ki_ang set to 0.000000
[imu_filter_madgwick_node-3] [INFO] [1770704306.844616821] [imu_filter]: Parameter RLController.pid_kd_ang set to 0.101333
[imu_filter_madgwick_node-3] [INFO] [1770704307.267497720] [imu_filter]: Parameter RLController.pid_kp_lin set to 1.215300
[imu_filter_madgwick_node-3] [INFO] [1770704307.272939767] [imu_filter]: Parameter RLController.pid_ki_lin set to 0.000000
[imu_filter_madgwick_node-3] [INFO] [1770704307.273895469] [imu_filter]: Parameter RLController.pid_kd_lin set to 0.020000
[imu_filter_madgwick_node-3] [INFO] [1770704307.274044305] [imu_filter]: Parameter RLController.pid_kp_ang set to 1.230663
[imu_filter_madgwick_node-3] [INFO] [1770704307.274110642] [imu_filter]: Parameter RLController.pid_ki_ang set to 0.000000
[imu_filter_madgwick_node-3] [INFO] [1770704307.274169299] [imu_filter]: Parameter RLController.pid_kd_ang set to 0.101333
[imu_filter_madgwick_node-3] [INFO] [1770704307.687038222] [imu_filter]: Parameter RLController.pid_kp_lin set to 1.215300
[imu_filter_madgwick_node-3] [INFO] [1770704307.687231027] [imu_filter]: Parameter RLController.pid_ki_lin set to 0.000000
[imu_filter_madgwick_node-3] [INFO] [1770704307.687297012] [imu_filter]: Parameter RLController.pid_kd_lin set to 0.020000
[imu_filter_madgwick_node-3] [INFO] [1770704307.687356438] [imu_filter]: Parameter RLController.pid_kp_ang set to 1.230663
[imu_filter_madgwick_node-3] [INFO] [1770704307.687409143] [imu_filter]: Parameter RLController.pid_ki_ang set to 0.000000
[imu_filter_madgwick_node-3] [INFO] [1770704307.687455288] [imu_filter]: Parameter RLController.pid_kd_ang set to 0.101333
[imu_filter_madgwick_node-3] [INFO] [1770704308.116894900] [imu_filter]: Parameter RLController.pid_kp_lin set to 1.215300
[imu_filter_madgwick_node-3] [INFO] [1770704308.117130041] [imu_filter]: Parameter RLController.pid_ki_lin set to 0.000000
[imu_filter_madgwick_node-3] [INFO] [1770704308.117350206] [imu_filter]: Parameter RLController.pid_kd_lin set to 0.020000
[imu_filter_madgwick_node-3] [INFO] [1770704308.117421184] [imu_filter]: Parameter RLController.pid_kp_ang set to 1.230663
[imu_filter_madgwick_node-3] [INFO] [1770704308.117478017] [imu_filter]: Parameter RLController.pid_ki_ang set to 0.000000
[imu_filter_madgwick_node-3] [INFO] [1770704308.117534690] [imu_filter]: Parameter RLController.pid_kd_ang set to 0.101333
[imu_filter_madgwick_node-3] [INFO] [1770704308.522676170] [imu_filter]: Parameter RLController.pid_kp_lin set to 1.215300
[imu_filter_madgwick_node-3] [INFO] [1770704308.522869614] [imu_filter]: Parameter RLController.pid_ki_lin set to 0.000000
[imu_filter_madgwick_node-3] [INFO] [1770704308.522937840] [imu_filter]: Parameter RLController.pid_kd_lin set to 0.020000
[imu_filter_madgwick_node-3] [INFO] [1770704308.526827466] [imu_filter]: Parameter RLController.pid_kp_ang set to 1.230663
[imu_filter_madgwick_node-3] [INFO] [1770704308.527008654] [imu_filter]: Parameter RLController.pid_ki_ang set to 0.000000
[imu_filter_madgwick_node-3] [INFO] [1770704308.527217427] [imu_filter]: Parameter RLController.pid_kd_ang set to 0.101333
[imu_filter_madgwick_node-3] [INFO] [1770704308.941833142] [imu_filter]: Parameter RLController.pid_kp_lin set to 1.215300
[imu_filter_madgwick_node-3] [INFO] [1770704308.942028795] [imu_filter]: Parameter RLController.pid_ki_lin set to 0.000000
[imu_filter_madgwick_node-3] [INFO] [1770704308.942088732] [imu_filter]: Parameter RLController.pid_kd_lin set to 0.020000
[imu_filter_madgwick_node-3] [INFO] [1770704308.944475092] [imu_filter]: Parameter RLController.pid_kp_ang set to 1.230663
[imu_filter_madgwick_node-3] [INFO] [1770704308.944621175] [imu_filter]: Parameter RLController.pid_ki_ang set to 0.000000
[imu_filter_madgwick_node-3] [INFO] [1770704308.944682393] [imu_filter]: Parameter RLController.pid_kd_ang set to 0.101333
[imu_filter_madgwick_node-3] [INFO] [1770704309.355791882] [imu_filter]: Parameter RLController.pid_kp_lin set to 1.215300
[imu_filter_madgwick_node-3] [INFO] [1770704309.356003023] [imu_filter]: Parameter RLController.pid_ki_lin set to 0.000000
[imu_filter_madgwick_node-3] [INFO] [1770704309.356143282] [imu_filter]: Parameter RLController.pid_kd_lin set to 0.020000
[imu_filter_madgwick_node-3] [INFO] [1770704309.356397656] [imu_filter]: Parameter RLController.pid_kp_ang set to 1.230663
[imu_filter_madgwick_node-3] [INFO] [1770704309.356608061] [imu_filter]: Parameter RLController.pid_ki_ang set to 0.000000
[imu_filter_madgwick_node-3] [INFO] [1770704309.356675775] [imu_filter]: Parameter RLController.pid_kd_ang set to 0.101333
[imu_filter_madgwick_node-3] [INFO] [1770704309.779921419] [imu_filter]: Parameter RLController.pid_kp_lin set to 1.215300
[imu_filter_madgwick_node-3] [INFO] [1770704309.780173712] [imu_filter]: Parameter RLController.pid_ki_lin set to 0.000000
[imu_filter_madgwick_node-3] [INFO] [1770704309.780287091] [imu_filter]: Parameter RLController.pid_kd_lin set to 0.020000
[imu_filter_madgwick_node-3] [INFO] [1770704309.780349461] [imu_filter]: Parameter RLController.pid_kp_ang set to 1.230663
[imu_filter_madgwick_node-3] [INFO] [1770704309.780400726] [imu_filter]: Parameter RLController.pid_ki_ang set to 0.000000
[imu_filter_madgwick_node-3] [INFO] [1770704309.780453303] [imu_filter]: Parameter RLController.pid_kd_ang set to 0.101333
[imu_filter_madgwick_node-3] [INFO] [1770704310.194908950] [imu_filter]: Parameter RLController.pid_kp_lin set to 1.215300
[imu_filter_madgwick_node-3] [INFO] [1770704310.195478756] [imu_filter]: Parameter RLController.pid_ki_lin set to 0.000000
[imu_filter_madgwick_node-3] [INFO] [1770704310.195577190] [imu_filter]: Parameter RLController.pid_kd_lin set to 0.020000
[imu_filter_madgwick_node-3] [INFO] [1770704310.195637799] [imu_filter]: Parameter RLController.pid_kp_ang set to 1.230663
[imu_filter_madgwick_node-3] [INFO] [1770704310.195693417] [imu_filter]: Parameter RLController.pid_ki_ang set to 0.000000
[imu_filter_madgwick_node-3] [INFO] [1770704310.195747498] [imu_filter]: Parameter RLController.pid_kd_ang set to 0.101333
[imu_filter_madgwick_node-3] [INFO] [1770704310.622672299] [imu_filter]: Parameter RLController.pid_kp_lin set to 1.215300
[imu_filter_madgwick_node-3] [INFO] [1770704310.626097147] [imu_filter]: Parameter RLController.pid_ki_lin set to 0.000000
[imu_filter_madgwick_node-3] [INFO] [1770704310.626284511] [imu_filter]: Parameter RLController.pid_kd_lin set to 0.020000
[imu_filter_madgwick_node-3] [INFO] [1770704310.626354465] [imu_filter]: Parameter RLController.pid_kp_ang set to 1.230663
[imu_filter_madgwick_node-3] [INFO] [1770704310.626412098] [imu_filter]: Parameter RLController.pid_ki_ang set to 0.000000
[imu_filter_madgwick_node-3] [INFO] [1770704310.626467203] [imu_filter]: Parameter RLController.pid_kd_ang set to 0.101333
[imu_filter_madgwick_node-3] [INFO] [1770704311.038307558] [imu_filter]: Parameter RLController.pid_kp_lin set to 1.215300
[imu_filter_madgwick_node-3] [INFO] [1770704311.038548748] [imu_filter]: Parameter RLController.pid_ki_lin set to 0.000000
[imu_filter_madgwick_node-3] [INFO] [1770704311.038639662] [imu_filter]: Parameter RLController.pid_kd_lin set to 0.020000
[imu_filter_madgwick_node-3] [INFO] [1770704311.038708240] [imu_filter]: Parameter RLController.pid_kp_ang set to 1.230663
[imu_filter_madgwick_node-3] [INFO] [1770704311.038768721] [imu_filter]: Parameter RLController.pid_ki_ang set to 0.000000
[imu_filter_madgwick_node-3] [INFO] [1770704311.038827154] [imu_filter]: Parameter RLController.pid_kd_ang set to 0.101333
[imu_filter_madgwick_node-3] [INFO] [1770704311.453430005] [imu_filter]: Parameter RLController.pid_kp_lin set to 1.215300
[imu_filter_madgwick_node-3] [INFO] [1770704311.453623674] [imu_filter]: Parameter RLController.pid_ki_lin set to 0.000000
[imu_filter_madgwick_node-3] [INFO] [1770704311.453692635] [imu_filter]: Parameter RLController.pid_kd_lin set to 0.020000
[imu_filter_madgwick_node-3] [INFO] [1770704311.456368218] [imu_filter]: Parameter RLController.pid_kp_ang set to 1.230663
[imu_filter_madgwick_node-3] [INFO] [1770704311.457051049] [imu_filter]: Parameter RLController.pid_ki_ang set to 0.000000
[imu_filter_madgwick_node-3] [INFO] [1770704311.457170988] [imu_filter]: Parameter RLController.pid_kd_ang set to 0.101333
[imu_filter_madgwick_node-3] [INFO] [1770704311.869639230] [imu_filter]: Parameter RLController.pid_kp_lin set to 1.215300
[imu_filter_madgwick_node-3] [INFO] [1770704311.869835650] [imu_filter]: Parameter RLController.pid_ki_lin set to 0.000000
[imu_filter_madgwick_node-3] [INFO] [1770704311.869905156] [imu_filter]: Parameter RLController.pid_kd_lin set to 0.020000
[imu_filter_madgwick_node-3] [INFO] [1770704311.869964357] [imu_filter]: Parameter RLController.pid_kp_ang set to 1.230663
[imu_filter_madgwick_node-3] [INFO] [1770704311.870018086] [imu_filter]: Parameter RLController.pid_ki_ang set to 0.000000
[imu_filter_madgwick_node-3] [INFO] [1770704311.870073448] [imu_filter]: Parameter RLController.pid_kd_ang set to 0.101333
[imu_filter_madgwick_node-3] [INFO] [1770704312.282225554] [imu_filter]: Parameter RLController.pid_kp_lin set to 1.215300
[imu_filter_madgwick_node-3] [INFO] [1770704312.282430102] [imu_filter]: Parameter RLController.pid_ki_lin set to 0.000000
[imu_filter_madgwick_node-3] [INFO] [1770704312.282499320] [imu_filter]: Parameter RLController.pid_kd_lin set to 0.020000
[imu_filter_madgwick_node-3] [INFO] [1770704312.282559865] [imu_filter]: Parameter RLController.pid_kp_ang set to 1.230663
[imu_filter_madgwick_node-3] [INFO] [1770704312.282613179] [imu_filter]: Parameter RLController.pid_ki_ang set to 0.000000
[imu_filter_madgwick_node-3] [INFO] [1770704312.282775198] [imu_filter]: Parameter RLController.pid_kd_ang set to 0.101333
[imu_filter_madgwick_node-3] [INFO] [1770704312.704453798] [imu_filter]: Parameter RLController.pid_kp_lin set to 1.215300
[imu_filter_madgwick_node-3] [INFO] [1770704312.704975954] [imu_filter]: Parameter RLController.pid_ki_lin set to 0.000000
[imu_filter_madgwick_node-3] [INFO] [1770704312.705193719] [imu_filter]: Parameter RLController.pid_kd_lin set to 0.020000
[imu_filter_madgwick_node-3] [INFO] [1770704312.705304666] [imu_filter]: Parameter RLController.pid_kp_ang set to 1.230663
[imu_filter_madgwick_node-3] [INFO] [1770704312.705468253] [imu_filter]: Parameter RLController.pid_ki_ang set to 0.000000
[imu_filter_madgwick_node-3] [INFO] [1770704312.705539295] [imu_filter]: Parameter RLController.pid_kd_ang set to 0.101333
[imu_filter_madgwick_node-3] [INFO] [1770704313.100856226] [imu_filter]: Parameter RLController.pid_kp_lin set to 1.215300
[imu_filter_madgwick_node-3] [INFO] [1770704313.103093558] [imu_filter]: Parameter RLController.pid_ki_lin set to 0.000000
[imu_filter_madgwick_node-3] [INFO] [1770704313.103414173] [imu_filter]: Parameter RLController.pid_kd_lin set to 0.020000
[imu_filter_madgwick_node-3] [INFO] [1770704313.103496799] [imu_filter]: Parameter RLController.pid_kp_ang set to 1.230663
[imu_filter_madgwick_node-3] [INFO] [1770704313.103555232] [imu_filter]: Parameter RLController.pid_ki_ang set to 0.000000
[imu_filter_madgwick_node-3] [INFO] [1770704313.103611458] [imu_filter]: Parameter RLController.pid_kd_ang set to 0.101333
[imu_filter_madgwick_node-3] [INFO] [1770704313.518251782] [imu_filter]: Parameter RLController.pid_kp_lin set to 1.215300
[imu_filter_madgwick_node-3] [INFO] [1770704313.518461386] [imu_filter]: Parameter RLController.pid_ki_lin set to 0.000000
[imu_filter_madgwick_node-3] [INFO] [1770704313.518539212] [imu_filter]: Parameter RLController.pid_kd_lin set to 0.020000
[imu_filter_madgwick_node-3] [INFO] [1770704313.518599598] [imu_filter]: Parameter RLController.pid_kp_ang set to 1.230663
[imu_filter_madgwick_node-3] [INFO] [1770704313.518655471] [imu_filter]: Parameter RLController.pid_ki_ang set to 0.000000
[imu_filter_madgwick_node-3] [INFO] [1770704313.518712624] [imu_filter]: Parameter RLController.pid_kd_ang set to 0.101333
[imu_filter_madgwick_node-3] [INFO] [1770704313.939397857] [imu_filter]: Parameter RLController.pid_kp_lin set to 1.215300
[imu_filter_madgwick_node-3] [INFO] [1770704313.941481137] [imu_filter]: Parameter RLController.pid_ki_lin set to 0.000000
[imu_filter_madgwick_node-3] [INFO] [1770704313.943397918] [imu_filter]: Parameter RLController.pid_kd_lin set to 0.020000
[imu_filter_madgwick_node-3] [INFO] [1770704313.944360564] [imu_filter]: Parameter RLController.pid_kp_ang set to 1.230663
[imu_filter_madgwick_node-3] [INFO] [1770704313.944716796] [imu_filter]: Parameter RLController.pid_ki_ang set to 0.000000
[imu_filter_madgwick_node-3] [INFO] [1770704313.944808286] [imu_filter]: Parameter RLController.pid_kd_ang set to 0.101333
[imu_filter_madgwick_node-3] [INFO] [1770704314.351889362] [imu_filter]: Parameter RLController.pid_kp_lin set to 1.215300
[imu_filter_madgwick_node-3] [INFO] [1770704314.352104983] [imu_filter]: Parameter RLController.pid_ki_lin set to 0.000000
[imu_filter_madgwick_node-3] [INFO] [1770704314.352441823] [imu_filter]: Parameter RLController.pid_kd_lin set to 0.020000
[imu_filter_madgwick_node-3] [INFO] [1770704314.352526657] [imu_filter]: Parameter RLController.pid_kp_ang set to 1.230663
[imu_filter_madgwick_node-3] [INFO] [1770704314.352586019] [imu_filter]: Parameter RLController.pid_ki_ang set to 0.000000
[imu_filter_madgwick_node-3] [INFO] [1770704314.352635364] [imu_filter]: Parameter RLController.pid_kd_ang set to 0.101333
[imu_filter_madgwick_node-3] [INFO] [1770704314.779938862] [imu_filter]: Parameter RLController.pid_kp_lin set to 1.215300
[imu_filter_madgwick_node-3] [INFO] [1770704314.780144851] [imu_filter]: Parameter RLController.pid_ki_lin set to 0.000000
[imu_filter_madgwick_node-3] [INFO] [1770704314.780232405] [imu_filter]: Parameter RLController.pid_kd_lin set to 0.020000
[imu_filter_madgwick_node-3] [INFO] [1770704314.780297398] [imu_filter]: Parameter RLController.pid_kp_ang set to 1.230663
[imu_filter_madgwick_node-3] [INFO] [1770704314.780352055] [imu_filter]: Parameter RLController.pid_ki_ang set to 0.000000
[imu_filter_madgwick_node-3] [INFO] [1770704314.780407033] [imu_filter]: Parameter RLController.pid_kd_ang set to 0.101333
[imu_filter_madgwick_node-3] [INFO] [1770704315.207563903] [imu_filter]: Parameter RLController.pid_kp_lin set to 1.215300
[imu_filter_madgwick_node-3] [INFO] [1770704315.207788485] [imu_filter]: Parameter RLController.pid_ki_lin set to 0.000000
[imu_filter_madgwick_node-3] [INFO] [1770704315.207869191] [imu_filter]: Parameter RLController.pid_kd_lin set to 0.020000
[imu_filter_madgwick_node-3] [INFO] [1770704315.209740818] [imu_filter]: Parameter RLController.pid_kp_ang set to 1.230663
[imu_filter_madgwick_node-3] [INFO] [1770704315.209960951] [imu_filter]: Parameter RLController.pid_ki_ang set to 0.000000
[imu_filter_madgwick_node-3] [INFO] [1770704315.210037369] [imu_filter]: Parameter RLController.pid_kd_ang set to 0.101333
[imu_filter_madgwick_node-3] [INFO] [1770704315.619580518] [imu_filter]: Parameter RLController.pid_kp_lin set to 1.215300
[imu_filter_madgwick_node-3] [INFO] [1770704315.620031057] [imu_filter]: Parameter RLController.pid_ki_lin set to 0.000000
[imu_filter_madgwick_node-3] [INFO] [1770704315.620162452] [imu_filter]: Parameter RLController.pid_kd_lin set to 0.020000
[imu_filter_madgwick_node-3] [INFO] [1770704315.620277206] [imu_filter]: Parameter RLController.pid_kp_ang set to 1.230663
[imu_filter_madgwick_node-3] [INFO] [1770704315.620341272] [imu_filter]: Parameter RLController.pid_ki_ang set to 0.000000
[imu_filter_madgwick_node-3] [INFO] [1770704315.620397529] [imu_filter]: Parameter RLController.pid_kd_ang set to 0.101333
[imu_filter_madgwick_node-3] [INFO] [1770704316.042679151] [imu_filter]: Parameter RLController.pid_kp_lin set to 1.215300
[imu_filter_madgwick_node-3] [INFO] [1770704316.042890388] [imu_filter]: Parameter RLController.pid_ki_lin set to 0.000000
[imu_filter_madgwick_node-3] [INFO] [1770704316.042964245] [imu_filter]: Parameter RLController.pid_kd_lin set to 0.020000
[imu_filter_madgwick_node-3] [INFO] [1770704316.044473176] [imu_filter]: Parameter RLController.pid_kp_ang set to 1.230663
[imu_filter_madgwick_node-3] [INFO] [1770704316.044630332] [imu_filter]: Parameter RLController.pid_ki_ang set to 0.000000
[imu_filter_madgwick_node-3] [INFO] [1770704316.044699550] [imu_filter]: Parameter RLController.pid_kd_ang set to 0.101333
[imu_filter_madgwick_node-3] [INFO] [1770704316.462097154] [imu_filter]: Parameter RLController.pid_kp_lin set to 1.215300
[imu_filter_madgwick_node-3] [INFO] [1770704316.462432361] [imu_filter]: Parameter RLController.pid_ki_lin set to 0.000000
[imu_filter_madgwick_node-3] [INFO] [1770704316.462530860] [imu_filter]: Parameter RLController.pid_kd_lin set to 0.020000
[imu_filter_madgwick_node-3] [INFO] [1770704316.462595149] [imu_filter]: Parameter RLController.pid_kp_ang set to 1.230663
[imu_filter_madgwick_node-3] [INFO] [1770704316.462667631] [imu_filter]: Parameter RLController.pid_ki_ang set to 0.000000
[imu_filter_madgwick_node-3] [INFO] [1770704316.462724272] [imu_filter]: Parameter RLController.pid_kd_ang set to 0.101333
[imu_filter_madgwick_node-3] [INFO] [1770704316.878549519] [imu_filter]: Parameter RLController.pid_kp_lin set to 1.215300
[imu_filter_madgwick_node-3] [INFO] [1770704316.878748372] [imu_filter]: Parameter RLController.pid_ki_lin set to 0.000000
[imu_filter_madgwick_node-3] [INFO] [1770704316.878819382] [imu_filter]: Parameter RLController.pid_kd_lin set to 0.020000
[imu_filter_madgwick_node-3] [INFO] [1770704316.878878679] [imu_filter]: Parameter RLController.pid_kp_ang set to 1.230663
[imu_filter_madgwick_node-3] [INFO] [1770704316.878930424] [imu_filter]: Parameter RLController.pid_ki_ang set to 0.000000
[imu_filter_madgwick_node-3] [INFO] [1770704316.878980601] [imu_filter]: Parameter RLController.pid_kd_ang set to 0.101333
[imu_filter_madgwick_node-3] [INFO] [1770704317.287689139] [imu_filter]: Parameter RLController.pid_kp_lin set to 1.215300
[imu_filter_madgwick_node-3] [INFO] [1770704317.287915865] [imu_filter]: Parameter RLController.pid_ki_lin set to 0.000000
[imu_filter_madgwick_node-3] [INFO] [1770704317.287999739] [imu_filter]: Parameter RLController.pid_kd_lin set to 0.020000
[imu_filter_madgwick_node-3] [INFO] [1770704317.288060988] [imu_filter]: Parameter RLController.pid_kp_ang set to 1.230663
[imu_filter_madgwick_node-3] [INFO] [1770704317.288116605] [imu_filter]: Parameter RLController.pid_ki_ang set to 0.000000
[imu_filter_madgwick_node-3] [INFO] [1770704317.288171135] [imu_filter]: Parameter RLController.pid_kd_ang set to 0.101333
[imu_filter_madgwick_node-3] [INFO] [1770704317.701682824] [imu_filter]: Parameter RLController.pid_kp_lin set to 1.215300
[imu_filter_madgwick_node-3] [INFO] [1770704317.702010896] [imu_filter]: Parameter RLController.pid_ki_lin set to 0.000000
[imu_filter_madgwick_node-3] [INFO] [1770704317.702103346] [imu_filter]: Parameter RLController.pid_kd_lin set to 0.020000
[imu_filter_madgwick_node-3] [INFO] [1770704317.702166835] [imu_filter]: Parameter RLController.pid_kp_ang set to 1.230663
[imu_filter_madgwick_node-3] [INFO] [1770704317.702221205] [imu_filter]: Parameter RLController.pid_ki_ang set to 0.000000
[imu_filter_madgwick_node-3] [INFO] [1770704317.702275446] [imu_filter]: Parameter RLController.pid_kd_ang set to 0.101333
[imu_filter_madgwick_node-3] [INFO] [1770704318.127100614] [imu_filter]: Parameter RLController.pid_kp_lin set to 1.215300
[imu_filter_madgwick_node-3] [INFO] [1770704318.127324620] [imu_filter]: Parameter RLController.pid_ki_lin set to 0.000000
[imu_filter_madgwick_node-3] [INFO] [1770704318.127401517] [imu_filter]: Parameter RLController.pid_kd_lin set to 0.020000
[imu_filter_madgwick_node-3] [INFO] [1770704318.127462415] [imu_filter]: Parameter RLController.pid_kp_ang set to 1.230663
[imu_filter_madgwick_node-3] [INFO] [1770704318.127518288] [imu_filter]: Parameter RLController.pid_ki_ang set to 0.000000
[imu_filter_madgwick_node-3] [INFO] [1770704318.127571505] [imu_filter]: Parameter RLController.pid_kd_ang set to 0.101333
[imu_filter_madgwick_node-3] [INFO] [1770704318.550777020] [imu_filter]: Parameter RLController.pid_kp_lin set to 1.215300
[imu_filter_madgwick_node-3] [INFO] [1770704318.550972705] [imu_filter]: Parameter RLController.pid_ki_lin set to 0.000000
[imu_filter_madgwick_node-3] [INFO] [1770704318.551165061] [imu_filter]: Parameter RLController.pid_kd_lin set to 0.020000
[imu_filter_madgwick_node-3] [INFO] [1770704318.551234151] [imu_filter]: Parameter RLController.pid_kp_ang set to 1.230663
[imu_filter_madgwick_node-3] [INFO] [1770704318.555764656] [imu_filter]: Parameter RLController.pid_ki_ang set to 0.000000
[imu_filter_madgwick_node-3] [INFO] [1770704318.556096952] [imu_filter]: Parameter RLController.pid_kd_ang set to 0.101333
[imu_filter_madgwick_node-3] [INFO] [1770704318.973423482] [imu_filter]: Parameter RLController.pid_kp_lin set to 1.215300
[imu_filter_madgwick_node-3] [INFO] [1770704318.977940547] [imu_filter]: Parameter RLController.pid_ki_lin set to 0.000000
[imu_filter_madgwick_node-3] [INFO] [1770704318.978128104] [imu_filter]: Parameter RLController.pid_kd_lin set to 0.020000
[imu_filter_madgwick_node-3] [INFO] [1770704318.978195209] [imu_filter]: Parameter RLController.pid_kp_ang set to 1.230663
[imu_filter_madgwick_node-3] [INFO] [1770704318.978251850] [imu_filter]: Parameter RLController.pid_ki_ang set to 0.000000
[imu_filter_madgwick_node-3] [INFO] [1770704318.978305196] [imu_filter]: Parameter RLController.pid_kd_ang set to 0.101333
[imu_filter_madgwick_node-3] [INFO] [1770704319.401451477] [imu_filter]: Parameter RLController.pid_kp_lin set to 1.215300
[imu_filter_madgwick_node-3] [INFO] [1770704319.401670138] [imu_filter]: Parameter RLController.pid_ki_lin set to 0.000000
[imu_filter_madgwick_node-3] [INFO] [1770704319.401738908] [imu_filter]: Parameter RLController.pid_kd_lin set to 0.020000
[imu_filter_madgwick_node-3] [INFO] [1770704319.407642181] [imu_filter]: Parameter RLController.pid_kp_ang set to 1.230663
[imu_filter_madgwick_node-3] [INFO] [1770704319.408046542] [imu_filter]: Parameter RLController.pid_ki_ang set to 0.000000
[imu_filter_madgwick_node-3] [INFO] [1770704319.408128080] [imu_filter]: Parameter RLController.pid_kd_ang set to 0.101333
[imu_filter_madgwick_node-3] [INFO] [1770704319.819637867] [imu_filter]: Parameter RLController.pid_kp_lin set to 1.215300
[imu_filter_madgwick_node-3] [INFO] [1770704319.819836624] [imu_filter]: Parameter RLController.pid_ki_lin set to 0.000000
[imu_filter_madgwick_node-3] [INFO] [1770704319.820031957] [imu_filter]: Parameter RLController.pid_kd_lin set to 0.020000
[imu_filter_madgwick_node-3] [INFO] [1770704319.820098646] [imu_filter]: Parameter RLController.pid_kp_ang set to 1.230663
[imu_filter_madgwick_node-3] [INFO] [1770704319.820943978] [imu_filter]: Parameter RLController.pid_ki_ang set to 0.000000
[imu_filter_madgwick_node-3] [INFO] [1770704319.821020619] [imu_filter]: Parameter RLController.pid_kd_ang set to 0.101333
[imu_filter_madgwick_node-3] [INFO] [1770704320.237756608] [imu_filter]: Parameter RLController.pid_kp_lin set to 1.215300
[imu_filter_madgwick_node-3] [INFO] [1770704320.241974114] [imu_filter]: Parameter RLController.pid_ki_lin set to 0.000000
[imu_filter_madgwick_node-3] [INFO] [1770704320.242324874] [imu_filter]: Parameter RLController.pid_kd_lin set to 0.020000
[imu_filter_madgwick_node-3] [INFO] [1770704320.242440685] [imu_filter]: Parameter RLController.pid_kp_ang set to 1.230663
[imu_filter_madgwick_node-3] [INFO] [1770704320.242535439] [imu_filter]: Parameter RLController.pid_ki_ang set to 0.000000
[imu_filter_madgwick_node-3] [INFO] [1770704320.242598929] [imu_filter]: Parameter RLController.pid_kd_ang set to 0.101333
[imu_filter_madgwick_node-3] [INFO] [1770704320.660343292] [imu_filter]: Parameter RLController.pid_kp_lin set to 1.215300
[imu_filter_madgwick_node-3] [INFO] [1770704320.663751852] [imu_filter]: Parameter RLController.pid_ki_lin set to 0.000000
[imu_filter_madgwick_node-3] [INFO] [1770704320.664066739] [imu_filter]: Parameter RLController.pid_kd_lin set to 0.020000
[imu_filter_madgwick_node-3] [INFO] [1770704320.664141269] [imu_filter]: Parameter RLController.pid_kp_ang set to 1.230663
[imu_filter_madgwick_node-3] [INFO] [1770704320.664246359] [imu_filter]: Parameter RLController.pid_ki_ang set to 0.000000
[imu_filter_madgwick_node-3] [INFO] [1770704320.664315609] [imu_filter]: Parameter RLController.pid_kd_ang set to 0.101333
[imu_filter_madgwick_node-3] [INFO] [1770704321.092930241] [imu_filter]: Parameter RLController.pid_kp_lin set to 1.215300
[imu_filter_madgwick_node-3] [INFO] [1770704321.093149766] [imu_filter]: Parameter RLController.pid_ki_lin set to 0.000000
[imu_filter_madgwick_node-3] [INFO] [1770704321.093228136] [imu_filter]: Parameter RLController.pid_kd_lin set to 0.020000
[imu_filter_madgwick_node-3] [INFO] [1770704321.093291722] [imu_filter]: Parameter RLController.pid_kp_ang set to 1.230663
[imu_filter_madgwick_node-3] [INFO] [1770704321.093347371] [imu_filter]: Parameter RLController.pid_ki_ang set to 0.000000
[imu_filter_madgwick_node-3] [INFO] [1770704321.093402892] [imu_filter]: Parameter RLController.pid_kd_ang set to 0.101333
[imu_filter_madgwick_node-3] [INFO] [1770704321.506545101] [imu_filter]: Parameter RLController.pid_kp_lin set to 1.215300
[imu_filter_madgwick_node-3] [INFO] [1770704321.508012815] [imu_filter]: Parameter RLController.pid_ki_lin set to 0.000000
[imu_filter_madgwick_node-3] [INFO] [1770704321.508335127] [imu_filter]: Parameter RLController.pid_kd_lin set to 0.020000
[imu_filter_madgwick_node-3] [INFO] [1770704321.508433465] [imu_filter]: Parameter RLController.pid_kp_ang set to 1.230663
[imu_filter_madgwick_node-3] [INFO] [1770704321.508608317] [imu_filter]: Parameter RLController.pid_ki_ang set to 0.000000
[imu_filter_madgwick_node-3] [INFO] [1770704321.508671263] [imu_filter]: Parameter RLController.pid_kd_ang set to 0.101333
[imu_filter_madgwick_node-3] [INFO] [1770704321.925177294] [imu_filter]: Parameter RLController.pid_kp_lin set to 1.215300
[imu_filter_madgwick_node-3] [INFO] [1770704321.925587927] [imu_filter]: Parameter RLController.pid_ki_lin set to 0.000000
[imu_filter_madgwick_node-3] [INFO] [1770704321.925682842] [imu_filter]: Parameter RLController.pid_kd_lin set to 0.020000
[imu_filter_madgwick_node-3] [INFO] [1770704321.925748699] [imu_filter]: Parameter RLController.pid_kp_ang set to 1.230663
[imu_filter_madgwick_node-3] [INFO] [1770704321.925804156] [imu_filter]: Parameter RLController.pid_ki_ang set to 0.000000
[imu_filter_madgwick_node-3] [INFO] [1770704321.925922399] [imu_filter]: Parameter RLController.pid_kd_ang set to 0.101333
[imu_filter_madgwick_node-3] [INFO] [1770704322.340106840] [imu_filter]: Parameter RLController.pid_kp_lin set to 1.215300
[imu_filter_madgwick_node-3] [INFO] [1770704322.340379647] [imu_filter]: Parameter RLController.pid_ki_lin set to 0.000000
[imu_filter_madgwick_node-3] [INFO] [1770704322.342651764] [imu_filter]: Parameter RLController.pid_kd_lin set to 0.020000
[imu_filter_madgwick_node-3] [INFO] [1770704322.342819928] [imu_filter]: Parameter RLController.pid_kp_ang set to 1.230663
[imu_filter_madgwick_node-3] [INFO] [1770704322.342887289] [imu_filter]: Parameter RLController.pid_ki_ang set to 0.000000
[imu_filter_madgwick_node-3] [INFO] [1770704322.342944378] [imu_filter]: Parameter RLController.pid_kd_ang set to 0.101333
[imu_filter_madgwick_node-3] [INFO] [1770704322.772867585] [imu_filter]: Parameter RLController.pid_kp_lin set to 1.215300
[imu_filter_madgwick_node-3] [INFO] [1770704322.773058438] [imu_filter]: Parameter RLController.pid_ki_lin set to 0.000000
[imu_filter_madgwick_node-3] [INFO] [1770704322.773124071] [imu_filter]: Parameter RLController.pid_kd_lin set to 0.020000
[imu_filter_madgwick_node-3] [INFO] [1770704322.773183337] [imu_filter]: Parameter RLController.pid_kp_ang set to 1.230663
[imu_filter_madgwick_node-3] [INFO] [1770704322.773238250] [imu_filter]: Parameter RLController.pid_ki_ang set to 0.000000
[imu_filter_madgwick_node-3] [INFO] [1770704322.773292875] [imu_filter]: Parameter RLController.pid_kd_ang set to 0.101333
[imu_filter_madgwick_node-3] [INFO] [1770704323.190863379] [imu_filter]: Parameter RLController.pid_kp_lin set to 1.215300
[imu_filter_madgwick_node-3] [INFO] [1770704323.191071384] [imu_filter]: Parameter RLController.pid_ki_lin set to 0.000000
[imu_filter_madgwick_node-3] [INFO] [1770704323.191143034] [imu_filter]: Parameter RLController.pid_kd_lin set to 0.020000
[imu_filter_madgwick_node-3] [INFO] [1770704323.191203835] [imu_filter]: Parameter RLController.pid_kp_ang set to 1.230663
[imu_filter_madgwick_node-3] [INFO] [1770704323.191258268] [imu_filter]: Parameter RLController.pid_ki_ang set to 0.000000
[imu_filter_madgwick_node-3] [INFO] [1770704323.191310942] [imu_filter]: Parameter RLController.pid_kd_ang set to 0.101333
[imu_filter_madgwick_node-3] [INFO] [1770704323.620028329] [imu_filter]: Parameter RLController.pid_kp_lin set to 1.215300
[imu_filter_madgwick_node-3] [INFO] [1770704323.620797050] [imu_filter]: Parameter RLController.pid_ki_lin set to 0.000000
[imu_filter_madgwick_node-3] [INFO] [1770704323.628530830] [imu_filter]: Parameter RLController.pid_kd_lin set to 0.020000
[imu_filter_madgwick_node-3] [INFO] [1770704323.629364225] [imu_filter]: Parameter RLController.pid_kp_ang set to 1.230663
[imu_filter_madgwick_node-3] [INFO] [1770704323.629503589] [imu_filter]: Parameter RLController.pid_ki_ang set to 0.000000
[imu_filter_madgwick_node-3] [INFO] [1770704323.629567526] [imu_filter]: Parameter RLController.pid_kd_ang set to 0.101333
[imu_filter_madgwick_node-3] [INFO] [1770704324.030548557] [imu_filter]: Parameter RLController.pid_kp_lin set to 1.215300
[imu_filter_madgwick_node-3] [INFO] [1770704324.030912565] [imu_filter]: Parameter RLController.pid_ki_lin set to 0.000000
[imu_filter_madgwick_node-3] [INFO] [1770704324.031049656] [imu_filter]: Parameter RLController.pid_kd_lin set to 0.020000
[imu_filter_madgwick_node-3] [INFO] [1770704324.031126746] [imu_filter]: Parameter RLController.pid_kp_ang set to 1.230663
[imu_filter_madgwick_node-3] [INFO] [1770704324.031184987] [imu_filter]: Parameter RLController.pid_ki_ang set to 0.000000
[imu_filter_madgwick_node-3] [INFO] [1770704324.031242237] [imu_filter]: Parameter RLController.pid_kd_ang set to 0.101333
[imu_filter_madgwick_node-3] [INFO] [1770704324.477375036] [imu_filter]: Parameter RLController.pid_kp_lin set to 1.215300
[imu_filter_madgwick_node-3] [INFO] [1770704324.477585121] [imu_filter]: Parameter RLController.pid_ki_lin set to 0.000000
[imu_filter_madgwick_node-3] [INFO] [1770704324.477662275] [imu_filter]: Parameter RLController.pid_kd_lin set to 0.020000
[imu_filter_madgwick_node-3] [INFO] [1770704324.477724196] [imu_filter]: Parameter RLController.pid_kp_ang set to 1.230663
[imu_filter_madgwick_node-3] [INFO] [1770704324.477781318] [imu_filter]: Parameter RLController.pid_ki_ang set to 0.000000
[imu_filter_madgwick_node-3] [INFO] [1770704324.477962826] [imu_filter]: Parameter RLController.pid_kd_ang set to 0.101333
[imu_filter_madgwick_node-3] [INFO] [1770704324.892010912] [imu_filter]: Parameter RLController.pid_kp_lin set to 1.215300
[imu_filter_madgwick_node-3] [INFO] [1770704324.892251622] [imu_filter]: Parameter RLController.pid_ki_lin set to 0.000000
[imu_filter_madgwick_node-3] [INFO] [1770704324.892335208] [imu_filter]: Parameter RLController.pid_kd_lin set to 0.020000
[imu_filter_madgwick_node-3] [INFO] [1770704324.892397769] [imu_filter]: Parameter RLController.pid_kp_ang set to 1.230663
[imu_filter_madgwick_node-3] [INFO] [1770704324.892455146] [imu_filter]: Parameter RLController.pid_ki_ang set to 0.000000
[imu_filter_madgwick_node-3] [INFO] [1770704324.892508364] [imu_filter]: Parameter RLController.pid_kd_ang set to 0.101333
[imu_filter_madgwick_node-3] [INFO] [1770704325.303064657] [imu_filter]: Parameter RLController.pid_kp_lin set to 1.215300
[imu_filter_madgwick_node-3] [INFO] [1770704325.303263317] [imu_filter]: Parameter RLController.pid_ki_lin set to 0.000000
[imu_filter_madgwick_node-3] [INFO] [1770704325.303334199] [imu_filter]: Parameter RLController.pid_kd_lin set to 0.020000
[imu_filter_madgwick_node-3] [INFO] [1770704325.303393176] [imu_filter]: Parameter RLController.pid_kp_ang set to 1.230663
[imu_filter_madgwick_node-3] [INFO] [1770704325.303446489] [imu_filter]: Parameter RLController.pid_ki_ang set to 0.000000
[imu_filter_madgwick_node-3] [INFO] [1770704325.303500155] [imu_filter]: Parameter RLController.pid_kd_ang set to 0.101333
[imu_filter_madgwick_node-3] [INFO] [1770704325.729704715] [imu_filter]: Parameter RLController.pid_kp_lin set to 1.215300
[imu_filter_madgwick_node-3] [INFO] [1770704325.730070932] [imu_filter]: Parameter RLController.pid_ki_lin set to 0.000000
[imu_filter_madgwick_node-3] [INFO] [1770704325.730162646] [imu_filter]: Parameter RLController.pid_kd_lin set to 0.020000
[imu_filter_madgwick_node-3] [INFO] [1770704325.730227319] [imu_filter]: Parameter RLController.pid_kp_ang set to 1.230663
[imu_filter_madgwick_node-3] [INFO] [1770704325.731016618] [imu_filter]: Parameter RLController.pid_ki_ang set to 0.000000
[imu_filter_madgwick_node-3] [INFO] [1770704325.731119340] [imu_filter]: Parameter RLController.pid_kd_ang set to 0.101333
[imu_filter_madgwick_node-3] [INFO] [1770704326.142786731] [imu_filter]: Parameter RLController.pid_kp_lin set to 1.215300
[imu_filter_madgwick_node-3] [INFO] [1770704326.143023184] [imu_filter]: Parameter RLController.pid_ki_lin set to 0.000000
[imu_filter_madgwick_node-3] [INFO] [1770704326.143099410] [imu_filter]: Parameter RLController.pid_kd_lin set to 0.020000
[imu_filter_madgwick_node-3] [INFO] [1770704326.143159988] [imu_filter]: Parameter RLController.pid_kp_ang set to 1.230663
[imu_filter_madgwick_node-3] [INFO] [1770704326.143217109] [imu_filter]: Parameter RLController.pid_ki_ang set to 0.000000
[imu_filter_madgwick_node-3] [INFO] [1770704326.143269078] [imu_filter]: Parameter RLController.pid_kd_ang set to 0.101333
[imu_filter_madgwick_node-3] [INFO] [1770704326.566286781] [imu_filter]: Parameter RLController.pid_kp_lin set to 1.215300
[imu_filter_madgwick_node-3] [INFO] [1770704326.569109438] [imu_filter]: Parameter RLController.pid_ki_lin set to 0.000000
[imu_filter_madgwick_node-3] [INFO] [1770704326.569296611] [imu_filter]: Parameter RLController.pid_kd_lin set to 0.020000
[imu_filter_madgwick_node-3] [INFO] [1770704326.569363076] [imu_filter]: Parameter RLController.pid_kp_ang set to 1.230663
[imu_filter_madgwick_node-3] [INFO] [1770704326.569417125] [imu_filter]: Parameter RLController.pid_ki_ang set to 0.000000
[imu_filter_madgwick_node-3] [INFO] [1770704326.569470407] [imu_filter]: Parameter RLController.pid_kd_ang set to 0.101333
[imu_filter_madgwick_node-3] [INFO] [1770704326.984397681] [imu_filter]: Parameter RLController.pid_kp_lin set to 1.215300
[imu_filter_madgwick_node-3] [INFO] [1770704326.984759161] [imu_filter]: Parameter RLController.pid_ki_lin set to 0.000000
[imu_filter_madgwick_node-3] [INFO] [1770704326.984907165] [imu_filter]: Parameter RLController.pid_kd_lin set to 0.020000
[imu_filter_madgwick_node-3] [INFO] [1770704326.985047008] [imu_filter]: Parameter RLController.pid_kp_ang set to 1.230663
[imu_filter_madgwick_node-3] [INFO] [1770704326.985140226] [imu_filter]: Parameter RLController.pid_ki_ang set to 0.000000
[imu_filter_madgwick_node-3] [INFO] [1770704326.985202628] [imu_filter]: Parameter RLController.pid_kd_ang set to 0.101333
[imu_filter_madgwick_node-3] [INFO] [1770704327.404507060] [imu_filter]: Parameter RLController.pid_kp_lin set to 1.215300
[imu_filter_madgwick_node-3] [INFO] [1770704327.404846940] [imu_filter]: Parameter RLController.pid_ki_lin set to 0.000000
[imu_filter_madgwick_node-3] [INFO] [1770704327.404927454] [imu_filter]: Parameter RLController.pid_kd_lin set to 0.020000
[imu_filter_madgwick_node-3] [INFO] [1770704327.404988319] [imu_filter]: Parameter RLController.pid_kp_ang set to 1.230663
[imu_filter_madgwick_node-3] [INFO] [1770704327.405043008] [imu_filter]: Parameter RLController.pid_ki_ang set to 0.000000
[imu_filter_madgwick_node-3] [INFO] [1770704327.405097954] [imu_filter]: Parameter RLController.pid_kd_ang set to 0.101333
[imu_filter_madgwick_node-3] [INFO] [1770704327.868045000] [imu_filter]: Parameter RLController.pid_kp_lin set to 1.215300
[imu_filter_madgwick_node-3] [INFO] [1770704327.868407537] [imu_filter]: Parameter RLController.pid_ki_lin set to 0.000000
[imu_filter_madgwick_node-3] [INFO] [1770704327.868482034] [imu_filter]: Parameter RLController.pid_kd_lin set to 0.020000
[imu_filter_madgwick_node-3] [INFO] [1770704327.868543284] [imu_filter]: Parameter RLController.pid_kp_ang set to 1.230663
[imu_filter_madgwick_node-3] [INFO] [1770704327.868597685] [imu_filter]: Parameter RLController.pid_ki_ang set to 0.000000
[imu_filter_madgwick_node-3] [INFO] [1770704327.868650390] [imu_filter]: Parameter RLController.pid_kd_ang set to 0.101333
[imu_filter_madgwick_node-3] [INFO] [1770704328.291631388] [imu_filter]: Parameter RLController.pid_kp_lin set to 1.215300
[imu_filter_madgwick_node-3] [INFO] [1770704328.291871585] [imu_filter]: Parameter RLController.pid_ki_lin set to 0.000000
[imu_filter_madgwick_node-3] [INFO] [1770704328.292052646] [imu_filter]: Parameter RLController.pid_kd_lin set to 0.020000
[imu_filter_madgwick_node-3] [INFO] [1770704328.292119751] [imu_filter]: Parameter RLController.pid_kp_ang set to 1.230663
[imu_filter_madgwick_node-3] [INFO] [1770704328.292261610] [imu_filter]: Parameter RLController.pid_ki_ang set to 0.000000
[imu_filter_madgwick_node-3] [INFO] [1770704328.297696649] [imu_filter]: Parameter RLController.pid_kd_ang set to 0.101333
[imu_filter_madgwick_node-3] [INFO] [1770704328.703430974] [imu_filter]: Parameter RLController.pid_kp_lin set to 1.215300
[imu_filter_madgwick_node-3] [INFO] [1770704328.703736709] [imu_filter]: Parameter RLController.pid_ki_lin set to 0.000000
[imu_filter_madgwick_node-3] [INFO] [1770704328.703823303] [imu_filter]: Parameter RLController.pid_kd_lin set to 0.020000
[imu_filter_madgwick_node-3] [INFO] [1770704328.703890184] [imu_filter]: Parameter RLController.pid_kp_ang set to 1.230663
[imu_filter_madgwick_node-3] [INFO] [1770704328.705056771] [imu_filter]: Parameter RLController.pid_ki_ang set to 0.000000
[imu_filter_madgwick_node-3] [INFO] [1770704328.705158246] [imu_filter]: Parameter RLController.pid_kd_ang set to 0.101333
[imu_filter_madgwick_node-3] [INFO] [1770704329.116454364] [imu_filter]: Parameter RLController.pid_kp_lin set to 1.215300
[imu_filter_madgwick_node-3] [INFO] [1770704329.119689991] [imu_filter]: Parameter RLController.pid_ki_lin set to 0.000000
[imu_filter_madgwick_node-3] [INFO] [1770704329.119886476] [imu_filter]: Parameter RLController.pid_kd_lin set to 0.020000
[imu_filter_madgwick_node-3] [INFO] [1770704329.119953773] [imu_filter]: Parameter RLController.pid_kp_ang set to 1.230663
[imu_filter_madgwick_node-3] [INFO] [1770704329.120009710] [imu_filter]: Parameter RLController.pid_ki_ang set to 0.000000
[imu_filter_madgwick_node-3] [INFO] [1770704329.120056560] [imu_filter]: Parameter RLController.pid_kd_ang set to 0.101333
[imu_filter_madgwick_node-3] [INFO] [1770704329.530084328] [imu_filter]: Parameter RLController.pid_kp_lin set to 1.215300
[imu_filter_madgwick_node-3] [INFO] [1770704329.530283821] [imu_filter]: Parameter RLController.pid_ki_lin set to 0.000000
[imu_filter_madgwick_node-3] [INFO] [1770704329.530348238] [imu_filter]: Parameter RLController.pid_kd_lin set to 0.020000
[imu_filter_madgwick_node-3] [INFO] [1770704329.530406800] [imu_filter]: Parameter RLController.pid_kp_ang set to 1.230663
[imu_filter_madgwick_node-3] [INFO] [1770704329.530462097] [imu_filter]: Parameter RLController.pid_ki_ang set to 0.000000
[imu_filter_madgwick_node-3] [INFO] [1770704329.530517074] [imu_filter]: Parameter RLController.pid_kd_ang set to 0.101333
[imu_filter_madgwick_node-3] [INFO] [1770704329.961770808] [imu_filter]: Parameter RLController.pid_kp_lin set to 1.215300
[imu_filter_madgwick_node-3] [INFO] [1770704329.962491945] [imu_filter]: Parameter RLController.pid_ki_lin set to 0.000000
[imu_filter_madgwick_node-3] [INFO] [1770704329.962612812] [imu_filter]: Parameter RLController.pid_kd_lin set to 0.020000
[imu_filter_madgwick_node-3] [INFO] [1770704329.962674861] [imu_filter]: Parameter RLController.pid_kp_ang set to 1.230663
[imu_filter_madgwick_node-3] [INFO] [1770704329.962729998] [imu_filter]: Parameter RLController.pid_ki_ang set to 0.000000
[imu_filter_madgwick_node-3] [INFO] [1770704329.962783056] [imu_filter]: Parameter RLController.pid_kd_ang set to 0.101333
[imu_filter_madgwick_node-3] [INFO] [1770704330.375835951] [imu_filter]: Parameter RLController.pid_kp_lin set to 1.215300
[imu_filter_madgwick_node-3] [INFO] [1770704330.390517252] [imu_filter]: Parameter RLController.pid_ki_lin set to 0.000000
[imu_filter_madgwick_node-3] [INFO] [1770704330.394575554] [imu_filter]: Parameter RLController.pid_kd_lin set to 0.020000
[imu_filter_madgwick_node-3] [INFO] [1770704330.394787591] [imu_filter]: Parameter RLController.pid_kp_ang set to 1.230663
[imu_filter_madgwick_node-3] [INFO] [1770704330.394969003] [imu_filter]: Parameter RLController.pid_ki_ang set to 0.000000
[imu_filter_madgwick_node-3] [INFO] [1770704330.395036621] [imu_filter]: Parameter RLController.pid_kd_ang set to 0.101333
[imu_filter_madgwick_node-3] [INFO] [1770704330.809690385] [imu_filter]: Parameter RLController.pid_kp_lin set to 1.215300
[imu_filter_madgwick_node-3] [INFO] [1770704330.809882997] [imu_filter]: Parameter RLController.pid_ki_lin set to 0.000000
[imu_filter_madgwick_node-3] [INFO] [1770704330.811437466] [imu_filter]: Parameter RLController.pid_kd_lin set to 0.020000
[imu_filter_madgwick_node-3] [INFO] [1770704330.811569405] [imu_filter]: Parameter RLController.pid_kp_ang set to 1.230663
[imu_filter_madgwick_node-3] [INFO] [1770704330.811632798] [imu_filter]: Parameter RLController.pid_ki_ang set to 0.000000
[imu_filter_madgwick_node-3] [INFO] [1770704330.811688959] [imu_filter]: Parameter RLController.pid_kd_ang set to 0.101333
[imu_filter_madgwick_node-3] [INFO] [1770704331.227495902] [imu_filter]: Parameter RLController.pid_kp_lin set to 1.215300
[imu_filter_madgwick_node-3] [INFO] [1770704331.227707907] [imu_filter]: Parameter RLController.pid_ki_lin set to 0.000000
[imu_filter_madgwick_node-3] [INFO] [1770704331.227786245] [imu_filter]: Parameter RLController.pid_kd_lin set to 0.020000
[imu_filter_madgwick_node-3] [INFO] [1770704331.227848262] [imu_filter]: Parameter RLController.pid_kp_ang set to 1.230663
[imu_filter_madgwick_node-3] [INFO] [1770704331.228640569] [imu_filter]: Parameter RLController.pid_ki_ang set to 0.000000
[imu_filter_madgwick_node-3] [INFO] [1770704331.228741723] [imu_filter]: Parameter RLController.pid_kd_ang set to 0.101333
[imu_filter_madgwick_node-3] [INFO] [1770704331.643224091] [imu_filter]: Parameter RLController.pid_kp_lin set to 1.215300
[imu_filter_madgwick_node-3] [INFO] [1770704331.643459393] [imu_filter]: Parameter RLController.pid_ki_lin set to 0.000000
[imu_filter_madgwick_node-3] [INFO] [1770704331.643530467] [imu_filter]: Parameter RLController.pid_kd_lin set to 0.020000
[imu_filter_madgwick_node-3] [INFO] [1770704331.643590148] [imu_filter]: Parameter RLController.pid_kp_ang set to 1.230663
[imu_filter_madgwick_node-3] [INFO] [1770704331.643645413] [imu_filter]: Parameter RLController.pid_ki_ang set to 0.000000
[imu_filter_madgwick_node-3] [INFO] [1770704331.643701158] [imu_filter]: Parameter RLController.pid_kd_ang set to 0.101333
[imu_filter_madgwick_node-3] [INFO] [1770704332.072925821] [imu_filter]: Parameter RLController.pid_kp_lin set to 1.215300
[imu_filter_madgwick_node-3] [INFO] [1770704332.073204516] [imu_filter]: Parameter RLController.pid_ki_lin set to 0.000000
[imu_filter_madgwick_node-3] [INFO] [1770704332.073288806] [imu_filter]: Parameter RLController.pid_kd_lin set to 0.020000
[imu_filter_madgwick_node-3] [INFO] [1770704332.076863257] [imu_filter]: Parameter RLController.pid_kp_ang set to 1.230663
[imu_filter_madgwick_node-3] [INFO] [1770704332.077085694] [imu_filter]: Parameter RLController.pid_ki_ang set to 0.000000
[imu_filter_madgwick_node-3] [INFO] [1770704332.077208577] [imu_filter]: Parameter RLController.pid_kd_ang set to 0.101333
[imu_filter_madgwick_node-3] [INFO] [1770704332.485912603] [imu_filter]: Parameter RLController.pid_kp_lin set to 1.215300
[imu_filter_madgwick_node-3] [INFO] [1770704332.486123456] [imu_filter]: Parameter RLController.pid_ki_lin set to 0.000000
[imu_filter_madgwick_node-3] [INFO] [1770704332.486194945] [imu_filter]: Parameter RLController.pid_kd_lin set to 0.020000
[imu_filter_madgwick_node-3] [INFO] [1770704332.486255395] [imu_filter]: Parameter RLController.pid_kp_ang set to 1.230663
[imu_filter_madgwick_node-3] [INFO] [1770704332.486310564] [imu_filter]: Parameter RLController.pid_ki_ang set to 0.000000
[imu_filter_madgwick_node-3] [INFO] [1770704332.486364229] [imu_filter]: Parameter RLController.pid_kd_ang set to 0.101333
[imu_filter_madgwick_node-3] [INFO] [1770704332.898140102] [imu_filter]: Parameter RLController.pid_kp_lin set to 1.215300
[imu_filter_madgwick_node-3] [INFO] [1770704332.898439213] [imu_filter]: Parameter RLController.pid_ki_lin set to 0.000000
[imu_filter_madgwick_node-3] [INFO] [1770704332.898523535] [imu_filter]: Parameter RLController.pid_kd_lin set to 0.020000
[imu_filter_madgwick_node-3] [INFO] [1770704332.898586193] [imu_filter]: Parameter RLController.pid_kp_ang set to 1.230663
[imu_filter_madgwick_node-3] [INFO] [1770704332.898639762] [imu_filter]: Parameter RLController.pid_ki_ang set to 0.000000
[imu_filter_madgwick_node-3] [INFO] [1770704332.898694579] [imu_filter]: Parameter RLController.pid_kd_ang set to 0.101333
[imu_filter_madgwick_node-3] [INFO] [1770704333.311223654] [imu_filter]: Parameter RLController.pid_kp_lin set to 1.215300
[imu_filter_madgwick_node-3] [INFO] [1770704333.311523725] [imu_filter]: Parameter RLController.pid_ki_lin set to 0.000000
[imu_filter_madgwick_node-3] [INFO] [1770704333.311601807] [imu_filter]: Parameter RLController.pid_kd_lin set to 0.020000
[imu_filter_madgwick_node-3] [INFO] [1770704333.311661584] [imu_filter]: Parameter RLController.pid_kp_ang set to 1.230663
[imu_filter_madgwick_node-3] [INFO] [1770704333.311713137] [imu_filter]: Parameter RLController.pid_ki_ang set to 0.000000
[imu_filter_madgwick_node-3] [INFO] [1770704333.311764179] [imu_filter]: Parameter RLController.pid_kd_ang set to 0.101333
[imu_filter_madgwick_node-3] [INFO] [1770704333.731801908] [imu_filter]: Parameter RLController.pid_kp_lin set to 1.215300
[imu_filter_madgwick_node-3] [INFO] [1770704333.732905965] [imu_filter]: Parameter RLController.pid_ki_lin set to 0.000000
[imu_filter_madgwick_node-3] [INFO] [1770704333.733061873] [imu_filter]: Parameter RLController.pid_kd_lin set to 0.020000
[imu_filter_madgwick_node-3] [INFO] [1770704333.733140403] [imu_filter]: Parameter RLController.pid_kp_ang set to 1.230663
[imu_filter_madgwick_node-3] [INFO] [1770704333.733289526] [imu_filter]: Parameter RLController.pid_ki_ang set to 0.000000
[imu_filter_madgwick_node-3] [INFO] [1770704333.733352024] [imu_filter]: Parameter RLController.pid_kd_ang set to 0.101333
[imu_filter_madgwick_node-3] [INFO] [1770704334.158764182] [imu_filter]: Parameter RLController.pid_kp_lin set to 1.215300
[imu_filter_madgwick_node-3] [INFO] [1770704334.158989691] [imu_filter]: Parameter RLController.pid_ki_lin set to 0.000000
[imu_filter_madgwick_node-3] [INFO] [1770704334.159069789] [imu_filter]: Parameter RLController.pid_kd_lin set to 0.020000
[imu_filter_madgwick_node-3] [INFO] [1770704334.162977496] [imu_filter]: Parameter RLController.pid_kp_ang set to 1.230663
[imu_filter_madgwick_node-3] [INFO] [1770704334.163155708] [imu_filter]: Parameter RLController.pid_ki_ang set to 0.000000
[imu_filter_madgwick_node-3] [INFO] [1770704334.163224062] [imu_filter]: Parameter RLController.pid_kd_ang set to 0.101333
[imu_filter_madgwick_node-3] [INFO] [1770704334.576365759] [imu_filter]: Parameter RLController.pid_kp_lin set to 1.215300
[imu_filter_madgwick_node-3] [INFO] [1770704334.576719367] [imu_filter]: Parameter RLController.pid_ki_lin set to 0.000000
[imu_filter_madgwick_node-3] [INFO] [1770704334.576876522] [imu_filter]: Parameter RLController.pid_kd_lin set to 0.020000
[imu_filter_madgwick_node-3] [INFO] [1770704334.576950380] [imu_filter]: Parameter RLController.pid_kp_ang set to 1.230663
[imu_filter_madgwick_node-3] [INFO] [1770704334.577007374] [imu_filter]: Parameter RLController.pid_ki_ang set to 0.000000
[imu_filter_madgwick_node-3] [INFO] [1770704334.577062703] [imu_filter]: Parameter RLController.pid_kd_ang set to 0.101333
[imu_filter_madgwick_node-3] [INFO] [1770704334.987679925] [imu_filter]: Parameter RLController.pid_kp_lin set to 1.215300
[imu_filter_madgwick_node-3] [INFO] [1770704334.987931547] [imu_filter]: Parameter RLController.pid_ki_lin set to 0.000000
[imu_filter_madgwick_node-3] [INFO] [1770704334.988014429] [imu_filter]: Parameter RLController.pid_kd_lin set to 0.020000
[imu_filter_madgwick_node-3] [INFO] [1770704334.988075166] [imu_filter]: Parameter RLController.pid_kp_ang set to 1.230663
[imu_filter_madgwick_node-3] [INFO] [1770704334.988135424] [imu_filter]: Parameter RLController.pid_ki_ang set to 0.000000
[imu_filter_madgwick_node-3] [INFO] [1770704334.988290819] [imu_filter]: Parameter RLController.pid_kd_ang set to 0.101333
[imu_filter_madgwick_node-3] [INFO] [1770704335.405678279] [imu_filter]: Parameter RLController.pid_kp_lin set to 1.215300
[imu_filter_madgwick_node-3] [INFO] [1770704335.405884460] [imu_filter]: Parameter RLController.pid_ki_lin set to 0.000000
[imu_filter_madgwick_node-3] [INFO] [1770704335.405974990] [imu_filter]: Parameter RLController.pid_kd_lin set to 0.020000
[imu_filter_madgwick_node-3] [INFO] [1770704335.406033423] [imu_filter]: Parameter RLController.pid_kp_ang set to 1.230663
[imu_filter_madgwick_node-3] [INFO] [1770704335.406087280] [imu_filter]: Parameter RLController.pid_ki_ang set to 0.000000
[imu_filter_madgwick_node-3] [INFO] [1770704335.406139250] [imu_filter]: Parameter RLController.pid_kd_ang set to 0.101333
[imu_filter_madgwick_node-3] [INFO] [1770704335.865079483] [imu_filter]: Parameter RLController.pid_kp_lin set to 1.215300
[imu_filter_madgwick_node-3] [INFO] [1770704335.865439267] [imu_filter]: Parameter RLController.pid_ki_lin set to 0.000000
[imu_filter_madgwick_node-3] [INFO] [1770704335.865518021] [imu_filter]: Parameter RLController.pid_kd_lin set to 0.020000
[imu_filter_madgwick_node-3] [INFO] [1770704335.865575975] [imu_filter]: Parameter RLController.pid_kp_ang set to 1.230663
[imu_filter_madgwick_node-3] [INFO] [1770704335.865630952] [imu_filter]: Parameter RLController.pid_ki_ang set to 0.000000
[imu_filter_madgwick_node-3] [INFO] [1770704335.865682409] [imu_filter]: Parameter RLController.pid_kd_ang set to 0.101333
[imu_filter_madgwick_node-3] [INFO] [1770704336.281102623] [imu_filter]: Parameter RLController.pid_kp_lin set to 1.215300
[imu_filter_madgwick_node-3] [INFO] [1770704336.281315108] [imu_filter]: Parameter RLController.pid_ki_lin set to 0.000000
[imu_filter_madgwick_node-3] [INFO] [1770704336.281384645] [imu_filter]: Parameter RLController.pid_kd_lin set to 0.020000
[imu_filter_madgwick_node-3] [INFO] [1770704336.281445063] [imu_filter]: Parameter RLController.pid_kp_ang set to 1.230663
[imu_filter_madgwick_node-3] [INFO] [1770704336.283519831] [imu_filter]: Parameter RLController.pid_ki_ang set to 0.000000
[imu_filter_madgwick_node-3] [INFO] [1770704336.283671515] [imu_filter]: Parameter RLController.pid_kd_ang set to 0.101333
[imu_filter_madgwick_node-3] [INFO] [1770704336.703342963] [imu_filter]: Parameter RLController.pid_kp_lin set to 1.215300
[imu_filter_madgwick_node-3] [INFO] [1770704336.703546776] [imu_filter]: Parameter RLController.pid_ki_lin set to 0.000000
[imu_filter_madgwick_node-3] [INFO] [1770704336.703610714] [imu_filter]: Parameter RLController.pid_kd_lin set to 0.020000
[imu_filter_madgwick_node-3] [INFO] [1770704336.703667675] [imu_filter]: Parameter RLController.pid_kp_ang set to 1.230663
[imu_filter_madgwick_node-3] [INFO] [1770704336.703719324] [imu_filter]: Parameter RLController.pid_ki_ang set to 0.000000
[imu_filter_madgwick_node-3] [INFO] [1770704336.703771517] [imu_filter]: Parameter RLController.pid_kd_ang set to 0.101333
[imu_filter_madgwick_node-3] [INFO] [1770704337.143416198] [imu_filter]: Parameter RLController.pid_kp_lin set to 1.215300
[imu_filter_madgwick_node-3] [INFO] [1770704337.143634891] [imu_filter]: Parameter RLController.pid_ki_lin set to 0.000000
[imu_filter_madgwick_node-3] [INFO] [1770704337.144684996] [imu_filter]: Parameter RLController.pid_kd_lin set to 0.020000
[imu_filter_madgwick_node-3] [INFO] [1770704337.145071437] [imu_filter]: Parameter RLController.pid_kp_ang set to 1.230663
[imu_filter_madgwick_node-3] [INFO] [1770704337.145200976] [imu_filter]: Parameter RLController.pid_ki_ang set to 0.000000
[imu_filter_madgwick_node-3] [INFO] [1770704337.145261041] [imu_filter]: Parameter RLController.pid_kd_ang set to 0.101333
[imu_filter_madgwick_node-3] [INFO] [1770704337.560047032] [imu_filter]: Parameter RLController.pid_kp_lin set to 1.215300
[imu_filter_madgwick_node-3] [INFO] [1770704337.560512867] [imu_filter]: Parameter RLController.pid_ki_lin set to 0.000000
[imu_filter_madgwick_node-3] [INFO] [1770704337.560617030] [imu_filter]: Parameter RLController.pid_kd_lin set to 0.020000
[imu_filter_madgwick_node-3] [INFO] [1770704337.560726568] [imu_filter]: Parameter RLController.pid_kp_ang set to 1.230663
[imu_filter_madgwick_node-3] [INFO] [1770704337.560792778] [imu_filter]: Parameter RLController.pid_ki_ang set to 0.000000
[imu_filter_madgwick_node-3] [INFO] [1770704337.560850443] [imu_filter]: Parameter RLController.pid_kd_ang set to 0.101333
[imu_filter_madgwick_node-3] [INFO] [1770704337.974275475] [imu_filter]: Parameter RLController.pid_kp_lin set to 1.215300
[imu_filter_madgwick_node-3] [INFO] [1770704337.974530200] [imu_filter]: Parameter RLController.pid_ki_lin set to 0.000000
[imu_filter_madgwick_node-3] [INFO] [1770704337.974649819] [imu_filter]: Parameter RLController.pid_kd_lin set to 0.020000
[imu_filter_madgwick_node-3] [INFO] [1770704337.974713725] [imu_filter]: Parameter RLController.pid_kp_ang set to 1.230663
[imu_filter_madgwick_node-3] [INFO] [1770704337.974768190] [imu_filter]: Parameter RLController.pid_ki_ang set to 0.000000
[imu_filter_madgwick_node-3] [INFO] [1770704337.974867456] [imu_filter]: Parameter RLController.pid_kd_ang set to 0.101333
[imu_filter_madgwick_node-3] [INFO] [1770704338.395838807] [imu_filter]: Parameter RLController.pid_kp_lin set to 1.215300
[imu_filter_madgwick_node-3] [INFO] [1770704338.396065597] [imu_filter]: Parameter RLController.pid_ki_lin set to 0.000000
[imu_filter_madgwick_node-3] [INFO] [1770704338.396137342] [imu_filter]: Parameter RLController.pid_kd_lin set to 0.020000
[imu_filter_madgwick_node-3] [INFO] [1770704338.396227936] [imu_filter]: Parameter RLController.pid_kp_ang set to 1.230663
[imu_filter_madgwick_node-3] [INFO] [1770704338.396288130] [imu_filter]: Parameter RLController.pid_ki_ang set to 0.000000
[imu_filter_madgwick_node-3] [INFO] [1770704338.396343619] [imu_filter]: Parameter RLController.pid_kd_ang set to 0.101333
[imu_filter_madgwick_node-3] [INFO] [1770704338.804820376] [imu_filter]: Parameter RLController.pid_kp_lin set to 1.215300
[imu_filter_madgwick_node-3] [INFO] [1770704338.808507469] [imu_filter]: Parameter RLController.pid_ki_lin set to 0.000000
[imu_filter_madgwick_node-3] [INFO] [1770704338.808851509] [imu_filter]: Parameter RLController.pid_kd_lin set to 0.020000
[imu_filter_madgwick_node-3] [INFO] [1770704338.809016473] [imu_filter]: Parameter RLController.pid_kp_ang set to 1.230663
[imu_filter_madgwick_node-3] [INFO] [1770704338.809085339] [imu_filter]: Parameter RLController.pid_ki_ang set to 0.000000
[imu_filter_madgwick_node-3] [INFO] [1770704338.809142364] [imu_filter]: Parameter RLController.pid_kd_ang set to 0.101333
[imu_filter_madgwick_node-3] [INFO] [1770704339.231869308] [imu_filter]: Parameter RLController.pid_kp_lin set to 1.215300
[imu_filter_madgwick_node-3] [INFO] [1770704339.232091873] [imu_filter]: Parameter RLController.pid_ki_lin set to 0.000000
[imu_filter_madgwick_node-3] [INFO] [1770704339.232166403] [imu_filter]: Parameter RLController.pid_kd_lin set to 0.020000
[imu_filter_madgwick_node-3] [INFO] [1770704339.232293830] [imu_filter]: Parameter RLController.pid_kp_ang set to 1.230663
[imu_filter_madgwick_node-3] [INFO] [1770704339.232353735] [imu_filter]: Parameter RLController.pid_ki_ang set to 0.000000
[imu_filter_madgwick_node-3] [INFO] [1770704339.232408072] [imu_filter]: Parameter RLController.pid_kd_ang set to 0.101333
[imu_filter_madgwick_node-3] [INFO] [1770704339.657694467] [imu_filter]: Parameter RLController.pid_kp_lin set to 1.215300
[imu_filter_madgwick_node-3] [INFO] [1770704339.658002283] [imu_filter]: Parameter RLController.pid_ki_lin set to 0.000000
[imu_filter_madgwick_node-3] [INFO] [1770704339.658110861] [imu_filter]: Parameter RLController.pid_kd_lin set to 0.020000
[imu_filter_madgwick_node-3] [INFO] [1770704339.658217040] [imu_filter]: Parameter RLController.pid_kp_ang set to 1.230663
[imu_filter_madgwick_node-3] [INFO] [1770704339.658278801] [imu_filter]: Parameter RLController.pid_ki_ang set to 0.000000
[imu_filter_madgwick_node-3] [INFO] [1770704339.658333042] [imu_filter]: Parameter RLController.pid_kd_ang set to 0.101333
[imu_filter_madgwick_node-3] [INFO] [1770704340.058591976] [imu_filter]: Parameter RLController.pid_kp_lin set to 1.215300
[imu_filter_madgwick_node-3] [INFO] [1770704340.060799163] [imu_filter]: Parameter RLController.pid_ki_lin set to 0.000000
[imu_filter_madgwick_node-3] [INFO] [1770704340.061016640] [imu_filter]: Parameter RLController.pid_kd_lin set to 0.020000
[imu_filter_madgwick_node-3] [INFO] [1770704340.061086690] [imu_filter]: Parameter RLController.pid_kp_ang set to 1.230663
[imu_filter_madgwick_node-3] [INFO] [1770704340.061140579] [imu_filter]: Parameter RLController.pid_ki_ang set to 0.000000
[imu_filter_madgwick_node-3] [INFO] [1770704340.061192484] [imu_filter]: Parameter RLController.pid_kd_ang set to 0.101333
[imu_filter_madgwick_node-3] [INFO] [1770704340.473855258] [imu_filter]: Parameter RLController.pid_kp_lin set to 1.215300
[imu_filter_madgwick_node-3] [INFO] [1770704340.474064959] [imu_filter]: Parameter RLController.pid_ki_lin set to 0.000000
[imu_filter_madgwick_node-3] [INFO] [1770704340.474134657] [imu_filter]: Parameter RLController.pid_kd_lin set to 0.020000
[imu_filter_madgwick_node-3] [INFO] [1770704340.474195970] [imu_filter]: Parameter RLController.pid_kp_ang set to 1.230663
[imu_filter_madgwick_node-3] [INFO] [1770704340.478110493] [imu_filter]: Parameter RLController.pid_ki_ang set to 0.000000
[imu_filter_madgwick_node-3] [INFO] [1770704340.478319970] [imu_filter]: Parameter RLController.pid_kd_ang set to 0.101333
[imu_filter_madgwick_node-3] [INFO] [1770704340.883912628] [imu_filter]: Parameter RLController.pid_kp_lin set to 1.215300
[imu_filter_madgwick_node-3] [INFO] [1770704340.884090968] [imu_filter]: Parameter RLController.pid_ki_lin set to 0.000000
[imu_filter_madgwick_node-3] [INFO] [1770704340.884154681] [imu_filter]: Parameter RLController.pid_kd_lin set to 0.020000
[imu_filter_madgwick_node-3] [INFO] [1770704340.884246011] [imu_filter]: Parameter RLController.pid_kp_ang set to 1.230663
[imu_filter_madgwick_node-3] [INFO] [1770704340.884307933] [imu_filter]: Parameter RLController.pid_ki_ang set to 0.000000
[imu_filter_madgwick_node-3] [INFO] [1770704340.884364062] [imu_filter]: Parameter RLController.pid_kd_ang set to 0.101333
[imu_filter_madgwick_node-3] [INFO] [1770704341.298415188] [imu_filter]: Parameter RLController.pid_kp_lin set to 1.215300
[imu_filter_madgwick_node-3] [INFO] [1770704341.302102794] [imu_filter]: Parameter RLController.pid_ki_lin set to 0.000000
[imu_filter_madgwick_node-3] [INFO] [1770704341.309509494] [imu_filter]: Parameter RLController.pid_kd_lin set to 0.020000
[imu_filter_madgwick_node-3] [INFO] [1770704341.309690746] [imu_filter]: Parameter RLController.pid_kp_ang set to 1.230663
[imu_filter_madgwick_node-3] [INFO] [1770704341.309759196] [imu_filter]: Parameter RLController.pid_ki_ang set to 0.000000
[imu_filter_madgwick_node-3] [INFO] [1770704341.309817981] [imu_filter]: Parameter RLController.pid_kd_ang set to 0.101333
[imu_filter_madgwick_node-3] [INFO] [1770704341.721128500] [imu_filter]: Parameter RLController.pid_kp_lin set to 1.215300
[imu_filter_madgwick_node-3] [INFO] [1770704341.721331384] [imu_filter]: Parameter RLController.pid_ki_lin set to 0.000000
[imu_filter_madgwick_node-3] [INFO] [1770704341.721429275] [imu_filter]: Parameter RLController.pid_kd_lin set to 0.020000
[imu_filter_madgwick_node-3] [INFO] [1770704341.721506492] [imu_filter]: Parameter RLController.pid_kp_ang set to 1.230663
[imu_filter_madgwick_node-3] [INFO] [1770704341.721561950] [imu_filter]: Parameter RLController.pid_ki_ang set to 0.000000
[imu_filter_madgwick_node-3] [INFO] [1770704341.721624319] [imu_filter]: Parameter RLController.pid_kd_ang set to 0.101333
[imu_filter_madgwick_node-3] [INFO] [1770704342.142688856] [imu_filter]: Parameter RLController.pid_kp_lin set to 1.215300
[imu_filter_madgwick_node-3] [INFO] [1770704342.142936190] [imu_filter]: Parameter RLController.pid_ki_lin set to 0.000000
[imu_filter_madgwick_node-3] [INFO] [1770704342.143007584] [imu_filter]: Parameter RLController.pid_kd_lin set to 0.020000
[imu_filter_madgwick_node-3] [INFO] [1770704342.143068769] [imu_filter]: Parameter RLController.pid_kp_ang set to 1.230663
[imu_filter_madgwick_node-3] [INFO] [1770704342.143121026] [imu_filter]: Parameter RLController.pid_ki_ang set to 0.000000
[imu_filter_madgwick_node-3] [INFO] [1770704342.143177316] [imu_filter]: Parameter RLController.pid_kd_ang set to 0.101333
[imu_filter_madgwick_node-3] [INFO] [1770704342.566253227] [imu_filter]: Parameter RLController.pid_kp_lin set to 1.215300
[imu_filter_madgwick_node-3] [INFO] [1770704342.566456336] [imu_filter]: Parameter RLController.pid_ki_lin set to 0.000000
[imu_filter_madgwick_node-3] [INFO] [1770704342.566523602] [imu_filter]: Parameter RLController.pid_kd_lin set to 0.020000
[imu_filter_madgwick_node-3] [INFO] [1770704342.566584563] [imu_filter]: Parameter RLController.pid_kp_ang set to 1.230663
[imu_filter_madgwick_node-3] [INFO] [1770704342.566639380] [imu_filter]: Parameter RLController.pid_ki_ang set to 0.000000
[imu_filter_madgwick_node-3] [INFO] [1770704342.566693782] [imu_filter]: Parameter RLController.pid_kd_ang set to 0.101333
[imu_filter_madgwick_node-3] [INFO] [1770704342.978589018] [imu_filter]: Parameter RLController.pid_kp_lin set to 1.215300
[imu_filter_madgwick_node-3] [INFO] [1770704342.978791038] [imu_filter]: Parameter RLController.pid_ki_lin set to 0.000000
[imu_filter_madgwick_node-3] [INFO] [1770704342.986631541] [imu_filter]: Parameter RLController.pid_kd_lin set to 0.020000
[imu_filter_madgwick_node-3] [INFO] [1770704342.986948828] [imu_filter]: Parameter RLController.pid_kp_ang set to 1.230663
[imu_filter_madgwick_node-3] [INFO] [1770704342.987022398] [imu_filter]: Parameter RLController.pid_ki_ang set to 0.000000
[imu_filter_madgwick_node-3] [INFO] [1770704342.987089183] [imu_filter]: Parameter RLController.pid_kd_ang set to 0.101333
[imu_filter_madgwick_node-3] [INFO] [1770704343.409560857] [imu_filter]: Parameter RLController.pid_kp_lin set to 1.215300
[imu_filter_madgwick_node-3] [INFO] [1770704343.409774398] [imu_filter]: Parameter RLController.pid_ki_lin set to 0.000000
[imu_filter_madgwick_node-3] [INFO] [1770704343.409845728] [imu_filter]: Parameter RLController.pid_kd_lin set to 0.020000
[imu_filter_madgwick_node-3] [INFO] [1770704343.409907233] [imu_filter]: Parameter RLController.pid_kp_ang set to 1.230663
[imu_filter_madgwick_node-3] [INFO] [1770704343.409963490] [imu_filter]: Parameter RLController.pid_ki_ang set to 0.000000
[imu_filter_madgwick_node-3] [INFO] [1770704343.410019076] [imu_filter]: Parameter RLController.pid_kd_ang set to 0.101333
[imu_filter_madgwick_node-3] [INFO] [1770704343.827688590] [imu_filter]: Parameter RLController.pid_kp_lin set to 1.215300
[imu_filter_madgwick_node-3] [INFO] [1770704343.827881778] [imu_filter]: Parameter RLController.pid_ki_lin set to 0.000000
[imu_filter_madgwick_node-3] [INFO] [1770704343.827949268] [imu_filter]: Parameter RLController.pid_kd_lin set to 0.020000
[imu_filter_madgwick_node-3] [INFO] [1770704343.828007765] [imu_filter]: Parameter RLController.pid_kp_ang set to 1.230663
[imu_filter_madgwick_node-3] [INFO] [1770704343.828061239] [imu_filter]: Parameter RLController.pid_ki_ang set to 0.000000
[imu_filter_madgwick_node-3] [INFO] [1770704343.828114968] [imu_filter]: Parameter RLController.pid_kd_ang set to 0.101333
[imu_filter_madgwick_node-3] [INFO] [1770704344.247118529] [imu_filter]: Parameter RLController.pid_kp_lin set to 1.215300
[imu_filter_madgwick_node-3] [INFO] [1770704344.249856321] [imu_filter]: Parameter RLController.pid_ki_lin set to 0.000000
[imu_filter_madgwick_node-3] [INFO] [1770704344.250047397] [imu_filter]: Parameter RLController.pid_kd_lin set to 0.020000
[imu_filter_madgwick_node-3] [INFO] [1770704344.250116263] [imu_filter]: Parameter RLController.pid_kp_ang set to 1.230663
[imu_filter_madgwick_node-3] [INFO] [1770704344.250174088] [imu_filter]: Parameter RLController.pid_ki_ang set to 0.000000
[imu_filter_madgwick_node-3] [INFO] [1770704344.250229929] [imu_filter]: Parameter RLController.pid_kd_ang set to 0.101333
[imu_filter_madgwick_node-3] [INFO] [1770704344.669721758] [imu_filter]: Parameter RLController.pid_kp_lin set to 1.215300
[imu_filter_madgwick_node-3] [INFO] [1770704344.669910370] [imu_filter]: Parameter RLController.pid_ki_lin set to 0.000000
[imu_filter_madgwick_node-3] [INFO] [1770704344.669982948] [imu_filter]: Parameter RLController.pid_kd_lin set to 0.020000
[imu_filter_madgwick_node-3] [INFO] [1770704344.670042277] [imu_filter]: Parameter RLController.pid_kp_ang set to 1.230663
[imu_filter_madgwick_node-3] [INFO] [1770704344.670095975] [imu_filter]: Parameter RLController.pid_ki_ang set to 0.000000
[imu_filter_madgwick_node-3] [INFO] [1770704344.670151368] [imu_filter]: Parameter RLController.pid_kd_ang set to 0.101333
[imu_filter_madgwick_node-3] [INFO] [1770704345.092484318] [imu_filter]: Parameter RLController.pid_kp_lin set to 1.215300
[imu_filter_madgwick_node-3] [INFO] [1770704345.092700259] [imu_filter]: Parameter RLController.pid_ki_lin set to 0.000000
[imu_filter_madgwick_node-3] [INFO] [1770704345.092765957] [imu_filter]: Parameter RLController.pid_kd_lin set to 0.020000
[imu_filter_madgwick_node-3] [INFO] [1770704345.092825254] [imu_filter]: Parameter RLController.pid_kp_ang set to 1.230663
[imu_filter_madgwick_node-3] [INFO] [1770704345.092879080] [imu_filter]: Parameter RLController.pid_ki_ang set to 0.000000
[imu_filter_madgwick_node-3] [INFO] [1770704345.092933353] [imu_filter]: Parameter RLController.pid_kd_ang set to 0.101333
[imu_filter_madgwick_node-3] [INFO] [1770704345.505798467] [imu_filter]: Parameter RLController.pid_kp_lin set to 1.215300
[imu_filter_madgwick_node-3] [INFO] [1770704345.506489395] [imu_filter]: Parameter RLController.pid_ki_lin set to 0.000000
[imu_filter_madgwick_node-3] [INFO] [1770704345.506628151] [imu_filter]: Parameter RLController.pid_kd_lin set to 0.020000
[imu_filter_madgwick_node-3] [INFO] [1770704345.506692952] [imu_filter]: Parameter RLController.pid_kp_ang set to 1.230663
[imu_filter_madgwick_node-3] [INFO] [1770704345.506748634] [imu_filter]: Parameter RLController.pid_ki_ang set to 0.000000
[imu_filter_madgwick_node-3] [INFO] [1770704345.506804027] [imu_filter]: Parameter RLController.pid_kd_ang set to 0.101333
[imu_filter_madgwick_node-3] [INFO] [1770704345.923820470] [imu_filter]: Parameter RLController.pid_kp_lin set to 1.215300
[imu_filter_madgwick_node-3] [INFO] [1770704345.925620896] [imu_filter]: Parameter RLController.pid_ki_lin set to 0.000000
[imu_filter_madgwick_node-3] [INFO] [1770704345.925948007] [imu_filter]: Parameter RLController.pid_kd_lin set to 0.020000
[imu_filter_madgwick_node-3] [INFO] [1770704345.926037097] [imu_filter]: Parameter RLController.pid_kp_ang set to 1.230663
[imu_filter_madgwick_node-3] [INFO] [1770704345.926209997] [imu_filter]: Parameter RLController.pid_ki_ang set to 0.000000
[imu_filter_madgwick_node-3] [INFO] [1770704345.931251651] [imu_filter]: Parameter RLController.pid_kd_ang set to 0.101333
[imu_filter_madgwick_node-3] [INFO] [1770704346.339081512] [imu_filter]: Parameter RLController.pid_kp_lin set to 1.215300
[imu_filter_madgwick_node-3] [INFO] [1770704346.339482481] [imu_filter]: Parameter RLController.pid_ki_lin set to 0.000000
[imu_filter_madgwick_node-3] [INFO] [1770704346.339577780] [imu_filter]: Parameter RLController.pid_kd_lin set to 0.020000
[imu_filter_madgwick_node-3] [INFO] [1770704346.339644117] [imu_filter]: Parameter RLController.pid_kp_ang set to 1.230663
[imu_filter_madgwick_node-3] [INFO] [1770704346.339701622] [imu_filter]: Parameter RLController.pid_ki_ang set to 0.000000
[imu_filter_madgwick_node-3] [INFO] [1770704346.343958361] [imu_filter]: Parameter RLController.pid_kd_ang set to 0.101333
[imu_filter_madgwick_node-3] [INFO] [1770704346.757915533] [imu_filter]: Parameter RLController.pid_kp_lin set to 1.215300
[imu_filter_madgwick_node-3] [INFO] [1770704346.758095122] [imu_filter]: Parameter RLController.pid_ki_lin set to 0.000000
[imu_filter_madgwick_node-3] [INFO] [1770704346.758159155] [imu_filter]: Parameter RLController.pid_kd_lin set to 0.020000
[imu_filter_madgwick_node-3] [INFO] [1770704346.761968780] [imu_filter]: Parameter RLController.pid_kp_ang set to 1.230663
[imu_filter_madgwick_node-3] [INFO] [1770704346.762151824] [imu_filter]: Parameter RLController.pid_ki_ang set to 0.000000
[imu_filter_madgwick_node-3] [INFO] [1770704346.762218193] [imu_filter]: Parameter RLController.pid_kd_ang set to 0.101333
[imu_filter_madgwick_node-3] [INFO] [1770704347.177325472] [imu_filter]: Parameter RLController.pid_kp_lin set to 1.215300
[imu_filter_madgwick_node-3] [INFO] [1770704347.177650184] [imu_filter]: Parameter RLController.pid_ki_lin set to 0.000000
[imu_filter_madgwick_node-3] [INFO] [1770704347.177727529] [imu_filter]: Parameter RLController.pid_kd_lin set to 0.020000
[imu_filter_madgwick_node-3] [INFO] [1770704347.177790347] [imu_filter]: Parameter RLController.pid_kp_ang set to 1.230663
[imu_filter_madgwick_node-3] [INFO] [1770704347.177843308] [imu_filter]: Parameter RLController.pid_ki_ang set to 0.000000
[imu_filter_madgwick_node-3] [INFO] [1770704347.177894157] [imu_filter]: Parameter RLController.pid_kd_ang set to 0.101333
[imu_filter_madgwick_node-3] [INFO] [1770704347.586813708] [imu_filter]: Parameter RLController.pid_kp_lin set to 1.215300
[imu_filter_madgwick_node-3] [INFO] [1770704347.587024433] [imu_filter]: Parameter RLController.pid_ki_lin set to 0.000000
[imu_filter_madgwick_node-3] [INFO] [1770704347.596427468] [imu_filter]: Parameter RLController.pid_kd_lin set to 0.020000
[imu_filter_madgwick_node-3] [INFO] [1770704347.596827925] [imu_filter]: Parameter RLController.pid_kp_ang set to 1.230663
[imu_filter_madgwick_node-3] [INFO] [1770704347.596986297] [imu_filter]: Parameter RLController.pid_ki_ang set to 0.000000
[imu_filter_madgwick_node-3] [INFO] [1770704347.597061402] [imu_filter]: Parameter RLController.pid_kd_ang set to 0.101333
[imu_filter_madgwick_node-3] [INFO] [1770704348.006083708] [imu_filter]: Parameter RLController.pid_kp_lin set to 1.215300
[imu_filter_madgwick_node-3] [INFO] [1770704348.006685450] [imu_filter]: Parameter RLController.pid_ki_lin set to 0.000000
[imu_filter_madgwick_node-3] [INFO] [1770704348.006868014] [imu_filter]: Parameter RLController.pid_kd_lin set to 0.020000
[imu_filter_madgwick_node-3] [INFO] [1770704348.006939727] [imu_filter]: Parameter RLController.pid_kp_ang set to 1.230663
[imu_filter_madgwick_node-3] [INFO] [1770704348.006995953] [imu_filter]: Parameter RLController.pid_ki_ang set to 0.000000
[imu_filter_madgwick_node-3] [INFO] [1770704348.007059730] [imu_filter]: Parameter RLController.pid_kd_ang set to 0.101333
[imu_filter_madgwick_node-3] [INFO] [1770704348.422365861] [imu_filter]: Parameter RLController.pid_kp_lin set to 1.215300
[imu_filter_madgwick_node-3] [INFO] [1770704348.422569866] [imu_filter]: Parameter RLController.pid_ki_lin set to 0.000000
[imu_filter_madgwick_node-3] [INFO] [1770704348.422637740] [imu_filter]: Parameter RLController.pid_kd_lin set to 0.020000
[imu_filter_madgwick_node-3] [INFO] [1770704348.422695629] [imu_filter]: Parameter RLController.pid_kp_ang set to 1.230663
[imu_filter_madgwick_node-3] [INFO] [1770704348.422747342] [imu_filter]: Parameter RLController.pid_ki_ang set to 0.000000
[imu_filter_madgwick_node-3] [INFO] [1770704348.422799056] [imu_filter]: Parameter RLController.pid_kd_ang set to 0.101333
[imu_filter_madgwick_node-3] [INFO] [1770704348.845427213] [imu_filter]: Parameter RLController.pid_kp_lin set to 1.215300
[imu_filter_madgwick_node-3] [INFO] [1770704348.845631410] [imu_filter]: Parameter RLController.pid_ki_lin set to 0.000000
[imu_filter_madgwick_node-3] [INFO] [1770704348.845697075] [imu_filter]: Parameter RLController.pid_kd_lin set to 0.020000
[imu_filter_madgwick_node-3] [INFO] [1770704348.845754005] [imu_filter]: Parameter RLController.pid_kp_ang set to 1.230663
[imu_filter_madgwick_node-3] [INFO] [1770704348.845809302] [imu_filter]: Parameter RLController.pid_ki_ang set to 0.000000
[imu_filter_madgwick_node-3] [INFO] [1770704348.848053450] [imu_filter]: Parameter RLController.pid_kd_ang set to 0.101333
[imu_filter_madgwick_node-3] [INFO] [1770704349.260077457] [imu_filter]: Parameter RLController.pid_kp_lin set to 1.215300
[imu_filter_madgwick_node-3] [INFO] [1770704349.260459674] [imu_filter]: Parameter RLController.pid_ki_lin set to 0.000000
[imu_filter_madgwick_node-3] [INFO] [1770704349.260545724] [imu_filter]: Parameter RLController.pid_kd_lin set to 0.020000
[imu_filter_madgwick_node-3] [INFO] [1770704349.260604989] [imu_filter]: Parameter RLController.pid_kp_ang set to 1.230663
[imu_filter_madgwick_node-3] [INFO] [1770704349.260661055] [imu_filter]: Parameter RLController.pid_ki_ang set to 0.000000
[imu_filter_madgwick_node-3] [INFO] [1770704349.260713856] [imu_filter]: Parameter RLController.pid_kd_ang set to 0.101333
[imu_filter_madgwick_node-3] [INFO] [1770704349.678715410] [imu_filter]: Parameter RLController.pid_kp_lin set to 1.215300
[imu_filter_madgwick_node-3] [INFO] [1770704349.678906198] [imu_filter]: Parameter RLController.pid_ki_lin set to 0.000000
[imu_filter_madgwick_node-3] [INFO] [1770704349.678979480] [imu_filter]: Parameter RLController.pid_kd_lin set to 0.020000
[imu_filter_madgwick_node-3] [INFO] [1770704349.679042169] [imu_filter]: Parameter RLController.pid_kp_ang set to 1.230663
[imu_filter_madgwick_node-3] [INFO] [1770704349.680361784] [imu_filter]: Parameter RLController.pid_ki_ang set to 0.000000
[imu_filter_madgwick_node-3] [INFO] [1770704349.680624766] [imu_filter]: Parameter RLController.pid_kd_ang set to 0.101333
[imu_filter_madgwick_node-3] [INFO] [1770704350.091601837] [imu_filter]: Parameter RLController.pid_kp_lin set to 1.215300
[imu_filter_madgwick_node-3] [INFO] [1770704350.091967829] [imu_filter]: Parameter RLController.pid_ki_lin set to 0.000000
[imu_filter_madgwick_node-3] [INFO] [1770704350.092053303] [imu_filter]: Parameter RLController.pid_kd_lin set to 0.020000
[imu_filter_madgwick_node-3] [INFO] [1770704350.092118585] [imu_filter]: Parameter RLController.pid_kp_ang set to 1.230663
[imu_filter_madgwick_node-3] [INFO] [1770704350.092199323] [imu_filter]: Parameter RLController.pid_ki_ang set to 0.000000
[imu_filter_madgwick_node-3] [INFO] [1770704350.092274556] [imu_filter]: Parameter RLController.pid_kd_ang set to 0.101333
[imu_filter_madgwick_node-3] [INFO] [1770704350.507686034] [imu_filter]: Parameter RLController.pid_kp_lin set to 1.215300
[imu_filter_madgwick_node-3] [INFO] [1770704350.507881367] [imu_filter]: Parameter RLController.pid_ki_lin set to 0.000000
[imu_filter_madgwick_node-3] [INFO] [1770704350.507958489] [imu_filter]: Parameter RLController.pid_kd_lin set to 0.020000
[imu_filter_madgwick_node-3] [INFO] [1770704350.508019514] [imu_filter]: Parameter RLController.pid_kp_ang set to 1.230663
[imu_filter_madgwick_node-3] [INFO] [1770704350.508074587] [imu_filter]: Parameter RLController.pid_ki_ang set to 0.000000
[imu_filter_madgwick_node-3] [INFO] [1770704350.508126332] [imu_filter]: Parameter RLController.pid_kd_ang set to 0.101333
[imu_filter_madgwick_node-3] [INFO] [1770704350.926080141] [imu_filter]: Parameter RLController.pid_kp_lin set to 1.215300
[imu_filter_madgwick_node-3] [INFO] [1770704350.927311338] [imu_filter]: Parameter RLController.pid_ki_lin set to 0.000000
[imu_filter_madgwick_node-3] [INFO] [1770704350.928323521] [imu_filter]: Parameter RLController.pid_kd_lin set to 0.020000
[imu_filter_madgwick_node-3] [INFO] [1770704350.928497669] [imu_filter]: Parameter RLController.pid_kp_ang set to 1.230663
[imu_filter_madgwick_node-3] [INFO] [1770704350.928565543] [imu_filter]: Parameter RLController.pid_ki_ang set to 0.000000
[imu_filter_madgwick_node-3] [INFO] [1770704350.928624296] [imu_filter]: Parameter RLController.pid_kd_ang set to 0.101333
[imu_filter_madgwick_node-3] [INFO] [1770704351.364560891] [imu_filter]: Parameter RLController.pid_kp_lin set to 1.215300
[imu_filter_madgwick_node-3] [INFO] [1770704351.364795809] [imu_filter]: Parameter RLController.pid_ki_lin set to 0.000000
[imu_filter_madgwick_node-3] [INFO] [1770704351.364877858] [imu_filter]: Parameter RLController.pid_kd_lin set to 0.020000
[imu_filter_madgwick_node-3] [INFO] [1770704351.364954980] [imu_filter]: Parameter RLController.pid_kp_ang set to 1.230663
[imu_filter_madgwick_node-3] [INFO] [1770704351.365012582] [imu_filter]: Parameter RLController.pid_ki_ang set to 0.000000
[imu_filter_madgwick_node-3] [INFO] [1770704351.365067975] [imu_filter]: Parameter RLController.pid_kd_ang set to 0.101333
[imu_filter_madgwick_node-3] [INFO] [1770704351.782610606] [imu_filter]: Parameter RLController.pid_kp_lin set to 1.215300
[imu_filter_madgwick_node-3] [INFO] [1770704351.788493367] [imu_filter]: Parameter RLController.pid_ki_lin set to 0.000000
[imu_filter_madgwick_node-3] [INFO] [1770704351.788833919] [imu_filter]: Parameter RLController.pid_kd_lin set to 0.020000
[imu_filter_madgwick_node-3] [INFO] [1770704351.788911073] [imu_filter]: Parameter RLController.pid_kp_ang set to 1.230663
[imu_filter_madgwick_node-3] [INFO] [1770704351.788969506] [imu_filter]: Parameter RLController.pid_ki_ang set to 0.000000
[imu_filter_madgwick_node-3] [INFO] [1770704351.789025091] [imu_filter]: Parameter RLController.pid_kd_ang set to 0.101333
[imu_filter_madgwick_node-3] [INFO] [1770704352.200424700] [imu_filter]: Parameter RLController.pid_kp_lin set to 1.215300
[imu_filter_madgwick_node-3] [INFO] [1770704352.206791568] [imu_filter]: Parameter RLController.pid_ki_lin set to 0.000000
[imu_filter_madgwick_node-3] [INFO] [1770704352.209446093] [imu_filter]: Parameter RLController.pid_kd_lin set to 0.020000
[imu_filter_madgwick_node-3] [INFO] [1770704352.209631346] [imu_filter]: Parameter RLController.pid_kp_ang set to 1.230663
[imu_filter_madgwick_node-3] [INFO] [1770704352.209701619] [imu_filter]: Parameter RLController.pid_ki_ang set to 0.000000
[imu_filter_madgwick_node-3] [INFO] [1770704352.209761237] [imu_filter]: Parameter RLController.pid_kd_ang set to 0.101333
[imu_filter_madgwick_node-3] [INFO] [1770704352.612087130] [imu_filter]: Parameter RLController.pid_kp_lin set to 1.215300
[imu_filter_madgwick_node-3] [INFO] [1770704352.612474371] [imu_filter]: Parameter RLController.pid_ki_lin set to 0.000000
[imu_filter_madgwick_node-3] [INFO] [1770704352.612565861] [imu_filter]: Parameter RLController.pid_kd_lin set to 0.020000
[imu_filter_madgwick_node-3] [INFO] [1770704352.612635655] [imu_filter]: Parameter RLController.pid_kp_ang set to 1.230663
[imu_filter_madgwick_node-3] [INFO] [1770704352.614244396] [imu_filter]: Parameter RLController.pid_ki_ang set to 0.000000
[imu_filter_madgwick_node-3] [INFO] [1770704352.614409552] [imu_filter]: Parameter RLController.pid_kd_ang set to 0.101333
[imu_filter_madgwick_node-3] [INFO] [1770704353.024337319] [imu_filter]: Parameter RLController.pid_kp_lin set to 1.215300
[imu_filter_madgwick_node-3] [INFO] [1770704353.026159953] [imu_filter]: Parameter RLController.pid_ki_lin set to 0.000000
[imu_filter_madgwick_node-3] [INFO] [1770704353.026483736] [imu_filter]: Parameter RLController.pid_kd_lin set to 0.020000
[imu_filter_madgwick_node-3] [INFO] [1770704353.026567642] [imu_filter]: Parameter RLController.pid_kp_ang set to 1.230663
[imu_filter_madgwick_node-3] [INFO] [1770704353.026625564] [imu_filter]: Parameter RLController.pid_ki_ang set to 0.000000
[imu_filter_madgwick_node-3] [INFO] [1770704353.026682653] [imu_filter]: Parameter RLController.pid_kd_ang set to 0.101333
[imu_filter_madgwick_node-3] [INFO] [1770704353.439823038] [imu_filter]: Parameter RLController.pid_kp_lin set to 1.215300
[imu_filter_madgwick_node-3] [INFO] [1770704353.442886149] [imu_filter]: Parameter RLController.pid_ki_lin set to 0.000000
[imu_filter_madgwick_node-3] [INFO] [1770704353.444946197] [imu_filter]: Parameter RLController.pid_kd_lin set to 0.020000
[imu_filter_madgwick_node-3] [INFO] [1770704353.447623251] [imu_filter]: Parameter RLController.pid_kp_ang set to 1.230663
[imu_filter_madgwick_node-3] [INFO] [1770704353.450079980] [imu_filter]: Parameter RLController.pid_ki_ang set to 0.000000
[imu_filter_madgwick_node-3] [INFO] [1770704353.451997721] [imu_filter]: Parameter RLController.pid_kd_ang set to 0.101333
[imu_filter_madgwick_node-3] [INFO] [1770704353.854584389] [imu_filter]: Parameter RLController.pid_kp_lin set to 1.215300
[imu_filter_madgwick_node-3] [INFO] [1770704353.854979694] [imu_filter]: Parameter RLController.pid_ki_lin set to 0.000000
[imu_filter_madgwick_node-3] [INFO] [1770704353.855122225] [imu_filter]: Parameter RLController.pid_kd_lin set to 0.020000
[imu_filter_madgwick_node-3] [INFO] [1770704353.855260564] [imu_filter]: Parameter RLController.pid_kp_ang set to 1.230663
[imu_filter_madgwick_node-3] [INFO] [1770704353.855338038] [imu_filter]: Parameter RLController.pid_ki_ang set to 0.000000
[imu_filter_madgwick_node-3] [INFO] [1770704353.855396856] [imu_filter]: Parameter RLController.pid_kd_ang set to 0.101333
[imu_filter_madgwick_node-3] [INFO] [1770704354.271635489] [imu_filter]: Parameter RLController.pid_kp_lin set to 1.215300
[imu_filter_madgwick_node-3] [INFO] [1770704354.271988265] [imu_filter]: Parameter RLController.pid_ki_lin set to 0.000000
[imu_filter_madgwick_node-3] [INFO] [1770704354.272080875] [imu_filter]: Parameter RLController.pid_kd_lin set to 0.020000
[imu_filter_madgwick_node-3] [INFO] [1770704354.277418791] [imu_filter]: Parameter RLController.pid_kp_ang set to 1.230663
[imu_filter_madgwick_node-3] [INFO] [1770704354.277788688] [imu_filter]: Parameter RLController.pid_ki_ang set to 0.000000
[imu_filter_madgwick_node-3] [INFO] [1770704354.277887474] [imu_filter]: Parameter RLController.pid_kd_ang set to 0.101333
[imu_filter_madgwick_node-3] [INFO] [1770704354.680250200] [imu_filter]: Parameter RLController.pid_kp_lin set to 1.215300
[imu_filter_madgwick_node-3] [INFO] [1770704354.681970912] [imu_filter]: Parameter RLController.pid_ki_lin set to 0.000000
[imu_filter_madgwick_node-3] [INFO] [1770704354.682392394] [imu_filter]: Parameter RLController.pid_kd_lin set to 0.020000
[imu_filter_madgwick_node-3] [INFO] [1770704354.682491148] [imu_filter]: Parameter RLController.pid_kp_ang set to 1.230663
[imu_filter_madgwick_node-3] [INFO] [1770704354.682603151] [imu_filter]: Parameter RLController.pid_ki_ang set to 0.000000
[imu_filter_madgwick_node-3] [INFO] [1770704354.682790003] [imu_filter]: Parameter RLController.pid_kd_ang set to 0.101333
[imu_filter_madgwick_node-3] [INFO] [1770704355.099127839] [imu_filter]: Parameter RLController.pid_kp_lin set to 1.215300
[imu_filter_madgwick_node-3] [INFO] [1770704355.099401829] [imu_filter]: Parameter RLController.pid_ki_lin set to 0.000000
[imu_filter_madgwick_node-3] [INFO] [1770704355.099480711] [imu_filter]: Parameter RLController.pid_kd_lin set to 0.020000
[imu_filter_madgwick_node-3] [INFO] [1770704355.099653803] [imu_filter]: Parameter RLController.pid_kp_ang set to 1.230663
[imu_filter_madgwick_node-3] [INFO] [1770704355.099710284] [imu_filter]: Parameter RLController.pid_ki_ang set to 0.000000
[imu_filter_madgwick_node-3] [INFO] [1770704355.099762221] [imu_filter]: Parameter RLController.pid_kd_ang set to 0.101333
[imu_filter_madgwick_node-3] [INFO] [1770704355.511102788] [imu_filter]: Parameter RLController.pid_kp_lin set to 1.215300
[imu_filter_madgwick_node-3] [INFO] [1770704355.511312265] [imu_filter]: Parameter RLController.pid_ki_lin set to 0.000000
[imu_filter_madgwick_node-3] [INFO] [1770704355.511381067] [imu_filter]: Parameter RLController.pid_kd_lin set to 0.020000
[imu_filter_madgwick_node-3] [INFO] [1770704355.511440524] [imu_filter]: Parameter RLController.pid_kp_ang set to 1.230663
[imu_filter_madgwick_node-3] [INFO] [1770704355.511493806] [imu_filter]: Parameter RLController.pid_ki_ang set to 0.000000
[imu_filter_madgwick_node-3] [INFO] [1770704355.511546511] [imu_filter]: Parameter RLController.pid_kd_ang set to 0.101333
[imu_filter_madgwick_node-3] [INFO] [1770704355.937768608] [imu_filter]: Parameter RLController.pid_kp_lin set to 1.215300
[imu_filter_madgwick_node-3] [INFO] [1770704355.938131976] [imu_filter]: Parameter RLController.pid_ki_lin set to 0.000000
[imu_filter_madgwick_node-3] [INFO] [1770704355.938216202] [imu_filter]: Parameter RLController.pid_kd_lin set to 0.020000
[imu_filter_madgwick_node-3] [INFO] [1770704355.938276364] [imu_filter]: Parameter RLController.pid_kp_ang set to 1.230663
[imu_filter_madgwick_node-3] [INFO] [1770704355.938330221] [imu_filter]: Parameter RLController.pid_ki_ang set to 0.000000
[imu_filter_madgwick_node-3] [INFO] [1770704355.938381582] [imu_filter]: Parameter RLController.pid_kd_ang set to 0.101333
[imu_filter_madgwick_node-3] [INFO] [1770704356.361786558] [imu_filter]: Parameter RLController.pid_kp_lin set to 1.215300
[imu_filter_madgwick_node-3] [INFO] [1770704356.362011459] [imu_filter]: Parameter RLController.pid_ki_lin set to 0.000000
[imu_filter_madgwick_node-3] [INFO] [1770704356.362080132] [imu_filter]: Parameter RLController.pid_kd_lin set to 0.020000
[imu_filter_madgwick_node-3] [INFO] [1770704356.362135462] [imu_filter]: Parameter RLController.pid_kp_ang set to 1.230663
[imu_filter_madgwick_node-3] [INFO] [1770704356.362186663] [imu_filter]: Parameter RLController.pid_ki_ang set to 0.000000
[imu_filter_madgwick_node-3] [INFO] [1770704356.362240776] [imu_filter]: Parameter RLController.pid_kd_ang set to 0.101333
[imu_filter_madgwick_node-3] [INFO] [1770704356.776252413] [imu_filter]: Parameter RLController.pid_kp_lin set to 1.215300
[imu_filter_madgwick_node-3] [INFO] [1770704356.776921101] [imu_filter]: Parameter RLController.pid_ki_lin set to 0.000000
[imu_filter_madgwick_node-3] [INFO] [1770704356.777045488] [imu_filter]: Parameter RLController.pid_kd_lin set to 0.020000
[imu_filter_madgwick_node-3] [INFO] [1770704356.777112433] [imu_filter]: Parameter RLController.pid_kp_ang set to 1.230663
[imu_filter_madgwick_node-3] [INFO] [1770704356.777167923] [imu_filter]: Parameter RLController.pid_ki_ang set to 0.000000
[imu_filter_madgwick_node-3] [INFO] [1770704356.777219348] [imu_filter]: Parameter RLController.pid_kd_ang set to 0.101333
[imu_filter_madgwick_node-3] [INFO] [1770704357.190420310] [imu_filter]: Parameter RLController.pid_kp_lin set to 1.215300
[imu_filter_madgwick_node-3] [INFO] [1770704357.190630587] [imu_filter]: Parameter RLController.pid_ki_lin set to 0.000000
[imu_filter_madgwick_node-3] [INFO] [1770704357.190696925] [imu_filter]: Parameter RLController.pid_kd_lin set to 0.020000
[imu_filter_madgwick_node-3] [INFO] [1770704357.190754494] [imu_filter]: Parameter RLController.pid_kp_ang set to 1.230663
[imu_filter_madgwick_node-3] [INFO] [1770704357.193911623] [imu_filter]: Parameter RLController.pid_ki_ang set to 0.000000
[imu_filter_madgwick_node-3] [INFO] [1770704357.195534285] [imu_filter]: Parameter RLController.pid_kd_ang set to 0.101333
[imu_filter_madgwick_node-3] [INFO] [1770704357.610876161] [imu_filter]: Parameter RLController.pid_kp_lin set to 1.215300
[imu_filter_madgwick_node-3] [INFO] [1770704357.611059621] [imu_filter]: Parameter RLController.pid_ki_lin set to 0.000000
[imu_filter_madgwick_node-3] [INFO] [1770704357.611129639] [imu_filter]: Parameter RLController.pid_kd_lin set to 0.020000
[imu_filter_madgwick_node-3] [INFO] [1770704357.611191720] [imu_filter]: Parameter RLController.pid_kp_ang set to 1.230663
[imu_filter_madgwick_node-3] [INFO] [1770704357.611246218] [imu_filter]: Parameter RLController.pid_ki_ang set to 0.000000
[imu_filter_madgwick_node-3] [INFO] [1770704357.611310379] [imu_filter]: Parameter RLController.pid_kd_ang set to 0.101333
[imu_filter_madgwick_node-3] [INFO] [1770704358.040241371] [imu_filter]: Parameter RLController.pid_kp_lin set to 1.215300
[imu_filter_madgwick_node-3] [INFO] [1770704358.040531010] [imu_filter]: Parameter RLController.pid_ki_lin set to 0.000000
[imu_filter_madgwick_node-3] [INFO] [1770704358.040609988] [imu_filter]: Parameter RLController.pid_kd_lin set to 0.020000
[imu_filter_madgwick_node-3] [INFO] [1770704358.040675205] [imu_filter]: Parameter RLController.pid_kp_ang set to 1.230663
[imu_filter_madgwick_node-3] [INFO] [1770704358.040733959] [imu_filter]: Parameter RLController.pid_ki_ang set to 0.000000
[imu_filter_madgwick_node-3] [INFO] [1770704358.040914827] [imu_filter]: Parameter RLController.pid_kd_ang set to 0.101333
[imu_filter_madgwick_node-3] [INFO] [1770704358.459680078] [imu_filter]: Parameter RLController.pid_kp_lin set to 1.215300
[imu_filter_madgwick_node-3] [INFO] [1770704358.463151295] [imu_filter]: Parameter RLController.pid_ki_lin set to 0.000000
[imu_filter_madgwick_node-3] [INFO] [1770704358.463465670] [imu_filter]: Parameter RLController.pid_kd_lin set to 0.020000
[imu_filter_madgwick_node-3] [INFO] [1770704358.463557929] [imu_filter]: Parameter RLController.pid_kp_ang set to 1.230663
[imu_filter_madgwick_node-3] [INFO] [1770704358.463618218] [imu_filter]: Parameter RLController.pid_ki_ang set to 0.000000
[imu_filter_madgwick_node-3] [INFO] [1770704358.463676779] [imu_filter]: Parameter RLController.pid_kd_ang set to 0.101333
[imu_filter_madgwick_node-3] [INFO] [1770704358.877442651] [imu_filter]: Parameter RLController.pid_kp_lin set to 1.215300
[imu_filter_madgwick_node-3] [INFO] [1770704358.877635775] [imu_filter]: Parameter RLController.pid_ki_lin set to 0.000000
[imu_filter_madgwick_node-3] [INFO] [1770704358.877701249] [imu_filter]: Parameter RLController.pid_kd_lin set to 0.020000
[imu_filter_madgwick_node-3] [INFO] [1770704358.877760226] [imu_filter]: Parameter RLController.pid_kp_ang set to 1.230663
[imu_filter_madgwick_node-3] [INFO] [1770704358.877815523] [imu_filter]: Parameter RLController.pid_ki_ang set to 0.000000
[imu_filter_madgwick_node-3] [INFO] [1770704358.877869221] [imu_filter]: Parameter RLController.pid_kd_ang set to 0.101333
[imu_filter_madgwick_node-3] [INFO] [1770704359.304748133] [imu_filter]: Parameter RLController.pid_kp_lin set to 1.215300
[imu_filter_madgwick_node-3] [INFO] [1770704359.304969802] [imu_filter]: Parameter RLController.pid_ki_lin set to 0.000000
[imu_filter_madgwick_node-3] [INFO] [1770704359.305041100] [imu_filter]: Parameter RLController.pid_kd_lin set to 0.020000
[imu_filter_madgwick_node-3] [INFO] [1770704359.305099981] [imu_filter]: Parameter RLController.pid_kp_ang set to 1.230663
[imu_filter_madgwick_node-3] [INFO] [1770704359.305152622] [imu_filter]: Parameter RLController.pid_ki_ang set to 0.000000
[imu_filter_madgwick_node-3] [INFO] [1770704359.305204624] [imu_filter]: Parameter RLController.pid_kd_ang set to 0.101333
[imu_filter_madgwick_node-3] [INFO] [1770704359.718621559] [imu_filter]: Parameter RLController.pid_kp_lin set to 1.215300
[imu_filter_madgwick_node-3] [INFO] [1770704359.718864061] [imu_filter]: Parameter RLController.pid_ki_lin set to 0.000000
[imu_filter_madgwick_node-3] [INFO] [1770704359.718951327] [imu_filter]: Parameter RLController.pid_kd_lin set to 0.020000
[imu_filter_madgwick_node-3] [INFO] [1770704359.719019968] [imu_filter]: Parameter RLController.pid_kp_ang set to 1.230663
[imu_filter_madgwick_node-3] [INFO] [1770704359.719079426] [imu_filter]: Parameter RLController.pid_ki_ang set to 0.000000
[imu_filter_madgwick_node-3] [INFO] [1770704359.722170505] [imu_filter]: Parameter RLController.pid_kd_ang set to 0.101333
[imu_filter_madgwick_node-3] [INFO] [1770704360.138434451] [imu_filter]: Parameter RLController.pid_kp_lin set to 1.215300
[imu_filter_madgwick_node-3] [INFO] [1770704360.138667928] [imu_filter]: Parameter RLController.pid_ki_lin set to 0.000000
[imu_filter_madgwick_node-3] [INFO] [1770704360.138756826] [imu_filter]: Parameter RLController.pid_kd_lin set to 0.020000
[imu_filter_madgwick_node-3] [INFO] [1770704360.138825212] [imu_filter]: Parameter RLController.pid_kp_ang set to 1.230663
[imu_filter_madgwick_node-3] [INFO] [1770704360.138882877] [imu_filter]: Parameter RLController.pid_ki_ang set to 0.000000
[imu_filter_madgwick_node-3] [INFO] [1770704360.138935839] [imu_filter]: Parameter RLController.pid_kd_ang set to 0.101333
[imu_filter_madgwick_node-3] [INFO] [1770704360.564453503] [imu_filter]: Parameter RLController.pid_kp_lin set to 1.215300
[imu_filter_madgwick_node-3] [INFO] [1770704360.564653060] [imu_filter]: Parameter RLController.pid_ki_lin set to 0.000000
[imu_filter_madgwick_node-3] [INFO] [1770704360.564743174] [imu_filter]: Parameter RLController.pid_kd_lin set to 0.020000
[imu_filter_madgwick_node-3] [INFO] [1770704360.564807687] [imu_filter]: Parameter RLController.pid_kp_ang set to 1.230663
[imu_filter_madgwick_node-3] [INFO] [1770704360.564861961] [imu_filter]: Parameter RLController.pid_ki_ang set to 0.000000
[imu_filter_madgwick_node-3] [INFO] [1770704360.564915402] [imu_filter]: Parameter RLController.pid_kd_ang set to 0.101333
[imu_filter_madgwick_node-3] [INFO] [1770704360.979723314] [imu_filter]: Parameter RLController.pid_kp_lin set to 1.215300
[imu_filter_madgwick_node-3] [INFO] [1770704360.979925366] [imu_filter]: Parameter RLController.pid_ki_lin set to 0.000000
[imu_filter_madgwick_node-3] [INFO] [1770704360.979987832] [imu_filter]: Parameter RLController.pid_kd_lin set to 0.020000
[imu_filter_madgwick_node-3] [INFO] [1770704360.981181556] [imu_filter]: Parameter RLController.pid_kp_ang set to 1.230663
[imu_filter_madgwick_node-3] [INFO] [1770704360.981268854] [imu_filter]: Parameter RLController.pid_ki_ang set to 0.000000
[imu_filter_madgwick_node-3] [INFO] [1770704360.983873426] [imu_filter]: Parameter RLController.pid_kd_ang set to 0.101333
[imu_filter_madgwick_node-3] [INFO] [1770704361.396626410] [imu_filter]: Parameter RLController.pid_kp_lin set to 1.215300
[imu_filter_madgwick_node-3] [INFO] [1770704361.411711369] [imu_filter]: Parameter RLController.pid_ki_lin set to 0.000000
[imu_filter_madgwick_node-3] [INFO] [1770704361.412060497] [imu_filter]: Parameter RLController.pid_kd_lin set to 0.020000
[imu_filter_madgwick_node-3] [INFO] [1770704361.412214324] [imu_filter]: Parameter RLController.pid_kp_ang set to 1.230663
[imu_filter_madgwick_node-3] [INFO] [1770704361.412326455] [imu_filter]: Parameter RLController.pid_ki_ang set to 0.000000
[imu_filter_madgwick_node-3] [INFO] [1770704361.412391064] [imu_filter]: Parameter RLController.pid_kd_ang set to 0.101333
[imu_filter_madgwick_node-3] [INFO] [1770704361.817096405] [imu_filter]: Parameter RLController.pid_kp_lin set to 1.215300
[imu_filter_madgwick_node-3] [INFO] [1770704361.817299642] [imu_filter]: Parameter RLController.pid_ki_lin set to 0.000000
[imu_filter_madgwick_node-3] [INFO] [1770704361.817369020] [imu_filter]: Parameter RLController.pid_kd_lin set to 0.020000
[imu_filter_madgwick_node-3] [INFO] [1770704361.817427069] [imu_filter]: Parameter RLController.pid_kp_ang set to 1.230663
[imu_filter_madgwick_node-3] [INFO] [1770704361.817480798] [imu_filter]: Parameter RLController.pid_ki_ang set to 0.000000
[imu_filter_madgwick_node-3] [INFO] [1770704361.817533919] [imu_filter]: Parameter RLController.pid_kd_ang set to 0.101333
[imu_filter_madgwick_node-3] [INFO] [1770704362.238908192] [imu_filter]: Parameter RLController.pid_kp_lin set to 1.215300
[imu_filter_madgwick_node-3] [INFO] [1770704362.240461028] [imu_filter]: Parameter RLController.pid_ki_lin set to 0.000000
[imu_filter_madgwick_node-3] [INFO] [1770704362.240648232] [imu_filter]: Parameter RLController.pid_kd_lin set to 0.020000
[imu_filter_madgwick_node-3] [INFO] [1770704362.240718762] [imu_filter]: Parameter RLController.pid_kp_ang set to 1.230663
[imu_filter_madgwick_node-3] [INFO] [1770704362.240775915] [imu_filter]: Parameter RLController.pid_ki_ang set to 0.000000
[imu_filter_madgwick_node-3] [INFO] [1770704362.240831917] [imu_filter]: Parameter RLController.pid_kd_ang set to 0.101333
[imu_filter_madgwick_node-3] [INFO] [1770704362.654217971] [imu_filter]: Parameter RLController.pid_kp_lin set to 1.215300
[imu_filter_madgwick_node-3] [INFO] [1770704362.654479961] [imu_filter]: Parameter RLController.pid_ki_lin set to 0.000000
[imu_filter_madgwick_node-3] [INFO] [1770704362.654559035] [imu_filter]: Parameter RLController.pid_kd_lin set to 0.020000
[imu_filter_madgwick_node-3] [INFO] [1770704362.654680062] [imu_filter]: Parameter RLController.pid_kp_ang set to 1.230663
[imu_filter_madgwick_node-3] [INFO] [1770704362.654738975] [imu_filter]: Parameter RLController.pid_ki_ang set to 0.000000
[imu_filter_madgwick_node-3] [INFO] [1770704362.654829345] [imu_filter]: Parameter RLController.pid_kd_ang set to 0.101333
[imu_filter_madgwick_node-3] [INFO] [1770704363.076384134] [imu_filter]: Parameter RLController.pid_kp_lin set to 1.215300
[imu_filter_madgwick_node-3] [INFO] [1770704363.083098274] [imu_filter]: Parameter RLController.pid_ki_lin set to 0.000000
[imu_filter_madgwick_node-3] [INFO] [1770704363.083500363] [imu_filter]: Parameter RLController.pid_kd_lin set to 0.020000
[imu_filter_madgwick_node-3] [INFO] [1770704363.083591373] [imu_filter]: Parameter RLController.pid_kp_ang set to 1.230663
[imu_filter_madgwick_node-3] [INFO] [1770704363.083649647] [imu_filter]: Parameter RLController.pid_ki_ang set to 0.000000
[imu_filter_madgwick_node-3] [INFO] [1770704363.083704368] [imu_filter]: Parameter RLController.pid_kd_ang set to 0.101333
[imu_filter_madgwick_node-3] [INFO] [1770704363.494740992] [imu_filter]: Parameter RLController.pid_kp_lin set to 1.215300
[imu_filter_madgwick_node-3] [INFO] [1770704363.494929380] [imu_filter]: Parameter RLController.pid_ki_lin set to 0.000000
[imu_filter_madgwick_node-3] [INFO] [1770704363.495001030] [imu_filter]: Parameter RLController.pid_kd_lin set to 0.020000
[imu_filter_madgwick_node-3] [INFO] [1770704363.495060327] [imu_filter]: Parameter RLController.pid_kp_ang set to 1.230663
[imu_filter_madgwick_node-3] [INFO] [1770704363.495112457] [imu_filter]: Parameter RLController.pid_ki_ang set to 0.000000
[imu_filter_madgwick_node-3] [INFO] [1770704363.495166698] [imu_filter]: Parameter RLController.pid_kd_ang set to 0.101333
[imu_filter_madgwick_node-3] [INFO] [1770704363.909269249] [imu_filter]: Parameter RLController.pid_kp_lin set to 1.215300
[imu_filter_madgwick_node-3] [INFO] [1770704363.909477286] [imu_filter]: Parameter RLController.pid_ki_lin set to 0.000000
[imu_filter_madgwick_node-3] [INFO] [1770704363.909557064] [imu_filter]: Parameter RLController.pid_kd_lin set to 0.020000
[imu_filter_madgwick_node-3] [INFO] [1770704363.909618249] [imu_filter]: Parameter RLController.pid_kp_ang set to 1.230663
[imu_filter_madgwick_node-3] [INFO] [1770704363.912065474] [imu_filter]: Parameter RLController.pid_ki_ang set to 0.000000
[imu_filter_madgwick_node-3] [INFO] [1770704363.912271399] [imu_filter]: Parameter RLController.pid_kd_ang set to 0.101333
[imu_filter_madgwick_node-3] [INFO] [1770704364.318158047] [imu_filter]: Parameter RLController.pid_kp_lin set to 1.215300
[imu_filter_madgwick_node-3] [INFO] [1770704364.320430260] [imu_filter]: Parameter RLController.pid_ki_lin set to 0.000000
[imu_filter_madgwick_node-3] [INFO] [1770704364.320747132] [imu_filter]: Parameter RLController.pid_kd_lin set to 0.020000
[imu_filter_madgwick_node-3] [INFO] [1770704364.320837950] [imu_filter]: Parameter RLController.pid_kp_ang set to 1.230663
[imu_filter_madgwick_node-3] [INFO] [1770704364.320897855] [imu_filter]: Parameter RLController.pid_ki_ang set to 0.000000
[imu_filter_madgwick_node-3] [INFO] [1770704364.320954880] [imu_filter]: Parameter RLController.pid_kd_ang set to 0.101333
[imu_filter_madgwick_node-3] [INFO] [1770704364.734545676] [imu_filter]: Parameter RLController.pid_kp_lin set to 1.215300
[imu_filter_madgwick_node-3] [INFO] [1770704364.734743984] [imu_filter]: Parameter RLController.pid_ki_lin set to 0.000000
[imu_filter_madgwick_node-3] [INFO] [1770704364.734826450] [imu_filter]: Parameter RLController.pid_kd_lin set to 0.020000
[imu_filter_madgwick_node-3] [INFO] [1770704364.734888724] [imu_filter]: Parameter RLController.pid_kp_ang set to 1.230663
[imu_filter_madgwick_node-3] [INFO] [1770704364.734943605] [imu_filter]: Parameter RLController.pid_ki_ang set to 0.000000
[imu_filter_madgwick_node-3] [INFO] [1770704364.734998390] [imu_filter]: Parameter RLController.pid_kd_ang set to 0.101333
[imu_filter_madgwick_node-3] [INFO] [1770704365.154978902] [imu_filter]: Parameter RLController.pid_kp_lin set to 1.215300
[imu_filter_madgwick_node-3] [INFO] [1770704365.155343039] [imu_filter]: Parameter RLController.pid_ki_lin set to 0.000000
[imu_filter_madgwick_node-3] [INFO] [1770704365.155465026] [imu_filter]: Parameter RLController.pid_kd_lin set to 0.020000
[imu_filter_madgwick_node-3] [INFO] [1770704365.155544355] [imu_filter]: Parameter RLController.pid_kp_ang set to 1.230663
[imu_filter_madgwick_node-3] [INFO] [1770704365.155604869] [imu_filter]: Parameter RLController.pid_ki_ang set to 0.000000
[imu_filter_madgwick_node-3] [INFO] [1770704365.155659238] [imu_filter]: Parameter RLController.pid_kd_ang set to 0.101333
[imu_filter_madgwick_node-3] [INFO] [1770704365.562516533] [imu_filter]: Parameter RLController.pid_kp_lin set to 1.215300
[imu_filter_madgwick_node-3] [INFO] [1770704365.562740410] [imu_filter]: Parameter RLController.pid_ki_lin set to 0.000000
[imu_filter_madgwick_node-3] [INFO] [1770704365.562808060] [imu_filter]: Parameter RLController.pid_kd_lin set to 0.020000
[imu_filter_madgwick_node-3] [INFO] [1770704365.562868381] [imu_filter]: Parameter RLController.pid_kp_ang set to 1.230663
[imu_filter_madgwick_node-3] [INFO] [1770704365.562920894] [imu_filter]: Parameter RLController.pid_ki_ang set to 0.000000
[imu_filter_madgwick_node-3] [INFO] [1770704365.562972128] [imu_filter]: Parameter RLController.pid_kd_ang set to 0.101333
[imu_filter_madgwick_node-3] [INFO] [1770704365.976230563] [imu_filter]: Parameter RLController.pid_kp_lin set to 1.215300
[imu_filter_madgwick_node-3] [INFO] [1770704365.976430824] [imu_filter]: Parameter RLController.pid_ki_lin set to 0.000000
[imu_filter_madgwick_node-3] [INFO] [1770704365.976500682] [imu_filter]: Parameter RLController.pid_kd_lin set to 0.020000
[imu_filter_madgwick_node-3] [INFO] [1770704365.976572747] [imu_filter]: Parameter RLController.pid_kp_ang set to 1.230663
[imu_filter_madgwick_node-3] [INFO] [1770704365.976633773] [imu_filter]: Parameter RLController.pid_ki_ang set to 0.000000
[imu_filter_madgwick_node-3] [INFO] [1770704365.976689934] [imu_filter]: Parameter RLController.pid_kd_ang set to 0.101333
[imu_filter_madgwick_node-3] [INFO] [1770704366.398761919] [imu_filter]: Parameter RLController.pid_kp_lin set to 1.215300
[imu_filter_madgwick_node-3] [INFO] [1770704366.399132103] [imu_filter]: Parameter RLController.pid_ki_lin set to 0.000000
[imu_filter_madgwick_node-3] [INFO] [1770704366.399220425] [imu_filter]: Parameter RLController.pid_kd_lin set to 0.020000
[imu_filter_madgwick_node-3] [INFO] [1770704366.399282187] [imu_filter]: Parameter RLController.pid_kp_ang set to 1.230663
[imu_filter_madgwick_node-3] [INFO] [1770704366.399335948] [imu_filter]: Parameter RLController.pid_ki_ang set to 0.000000
[imu_filter_madgwick_node-3] [INFO] [1770704366.399387565] [imu_filter]: Parameter RLController.pid_kd_ang set to 0.101333
[imu_filter_madgwick_node-3] [INFO] [1770704366.828874186] [imu_filter]: Parameter RLController.pid_kp_lin set to 1.215300
[imu_filter_madgwick_node-3] [INFO] [1770704366.829306868] [imu_filter]: Parameter RLController.pid_ki_lin set to 0.000000
[imu_filter_madgwick_node-3] [INFO] [1770704366.829406422] [imu_filter]: Parameter RLController.pid_kd_lin set to 0.020000
[imu_filter_madgwick_node-3] [INFO] [1770704366.829472888] [imu_filter]: Parameter RLController.pid_kp_ang set to 1.230663
[imu_filter_madgwick_node-3] [INFO] [1770704366.829528025] [imu_filter]: Parameter RLController.pid_ki_ang set to 0.000000
[imu_filter_madgwick_node-3] [INFO] [1770704366.829582970] [imu_filter]: Parameter RLController.pid_kd_ang set to 0.101333
[imu_filter_madgwick_node-3] [INFO] [1770704367.244464772] [imu_filter]: Parameter RLController.pid_kp_lin set to 1.215300
[imu_filter_madgwick_node-3] [INFO] [1770704367.244668489] [imu_filter]: Parameter RLController.pid_ki_lin set to 0.000000
[imu_filter_madgwick_node-3] [INFO] [1770704367.245515164] [imu_filter]: Parameter RLController.pid_kd_lin set to 0.020000
[imu_filter_madgwick_node-3] [INFO] [1770704367.245748930] [imu_filter]: Parameter RLController.pid_kp_ang set to 1.230663
[imu_filter_madgwick_node-3] [INFO] [1770704367.245829124] [imu_filter]: Parameter RLController.pid_ki_ang set to 0.000000
[imu_filter_madgwick_node-3] [INFO] [1770704367.245890373] [imu_filter]: Parameter RLController.pid_kd_ang set to 0.101333
[imu_filter_madgwick_node-3] [INFO] [1770704367.657027511] [imu_filter]: Parameter RLController.pid_kp_lin set to 1.215300
[imu_filter_madgwick_node-3] [INFO] [1770704367.657226108] [imu_filter]: Parameter RLController.pid_ki_lin set to 0.000000
[imu_filter_madgwick_node-3] [INFO] [1770704367.657298046] [imu_filter]: Parameter RLController.pid_kd_lin set to 0.020000
[imu_filter_madgwick_node-3] [INFO] [1770704367.658465945] [imu_filter]: Parameter RLController.pid_kp_ang set to 1.230663
[imu_filter_madgwick_node-3] [INFO] [1770704367.658630941] [imu_filter]: Parameter RLController.pid_ki_ang set to 0.000000
[imu_filter_madgwick_node-3] [INFO] [1770704367.658834657] [imu_filter]: Parameter RLController.pid_kd_ang set to 0.101333
[imu_filter_madgwick_node-3] [INFO] [1770704368.087244933] [imu_filter]: Parameter RLController.pid_kp_lin set to 1.215300
[imu_filter_madgwick_node-3] [INFO] [1770704368.087478347] [imu_filter]: Parameter RLController.pid_ki_lin set to 0.000000
[imu_filter_madgwick_node-3] [INFO] [1770704368.087556524] [imu_filter]: Parameter RLController.pid_kd_lin set to 0.020000
[imu_filter_madgwick_node-3] [INFO] [1770704368.087625134] [imu_filter]: Parameter RLController.pid_kp_ang set to 1.230663
[imu_filter_madgwick_node-3] [INFO] [1770704368.087683183] [imu_filter]: Parameter RLController.pid_ki_ang set to 0.000000
[imu_filter_madgwick_node-3] [INFO] [1770704368.087737393] [imu_filter]: Parameter RLController.pid_kd_ang set to 0.101333
[imu_filter_madgwick_node-3] [INFO] [1770704368.510256428] [imu_filter]: Parameter RLController.pid_kp_lin set to 1.215300
[imu_filter_madgwick_node-3] [INFO] [1770704368.515018330] [imu_filter]: Parameter RLController.pid_ki_lin set to 0.000000
[imu_filter_madgwick_node-3] [INFO] [1770704368.515215775] [imu_filter]: Parameter RLController.pid_kd_lin set to 0.020000
[imu_filter_madgwick_node-3] [INFO] [1770704368.515289920] [imu_filter]: Parameter RLController.pid_kp_ang set to 1.230663
[imu_filter_madgwick_node-3] [INFO] [1770704368.515344546] [imu_filter]: Parameter RLController.pid_ki_ang set to 0.000000
[imu_filter_madgwick_node-3] [INFO] [1770704368.515397987] [imu_filter]: Parameter RLController.pid_kd_ang set to 0.101333
[imu_filter_madgwick_node-3] [INFO] [1770704368.921697637] [imu_filter]: Parameter RLController.pid_kp_lin set to 1.215300
[imu_filter_madgwick_node-3] [INFO] [1770704368.924482278] [imu_filter]: Parameter RLController.pid_ki_lin set to 0.000000
[imu_filter_madgwick_node-3] [INFO] [1770704368.924680010] [imu_filter]: Parameter RLController.pid_kd_lin set to 0.020000
[imu_filter_madgwick_node-3] [INFO] [1770704368.924752364] [imu_filter]: Parameter RLController.pid_kp_ang set to 1.230663
[imu_filter_madgwick_node-3] [INFO] [1770704368.924810445] [imu_filter]: Parameter RLController.pid_ki_ang set to 0.000000
[imu_filter_madgwick_node-3] [INFO] [1770704368.924867311] [imu_filter]: Parameter RLController.pid_kd_ang set to 0.101333
[imu_filter_madgwick_node-3] [INFO] [1770704369.340084480] [imu_filter]: Parameter RLController.pid_kp_lin set to 1.215300
[imu_filter_madgwick_node-3] [INFO] [1770704369.340313765] [imu_filter]: Parameter RLController.pid_ki_lin set to 0.000000
[imu_filter_madgwick_node-3] [INFO] [1770704369.343290410] [imu_filter]: Parameter RLController.pid_kd_lin set to 0.020000
[imu_filter_madgwick_node-3] [INFO] [1770704369.343475951] [imu_filter]: Parameter RLController.pid_kp_ang set to 1.230663
[imu_filter_madgwick_node-3] [INFO] [1770704369.343551696] [imu_filter]: Parameter RLController.pid_ki_ang set to 0.000000
[imu_filter_madgwick_node-3] [INFO] [1770704369.343608882] [imu_filter]: Parameter RLController.pid_kd_ang set to 0.101333
[imu_filter_madgwick_node-3] [INFO] [1770704369.752312908] [imu_filter]: Parameter RLController.pid_kp_lin set to 1.215300
[imu_filter_madgwick_node-3] [INFO] [1770704369.752521328] [imu_filter]: Parameter RLController.pid_ki_lin set to 0.000000
[imu_filter_madgwick_node-3] [INFO] [1770704369.752592050] [imu_filter]: Parameter RLController.pid_kd_lin set to 0.020000
[imu_filter_madgwick_node-3] [INFO] [1770704369.752648595] [imu_filter]: Parameter RLController.pid_kp_ang set to 1.230663
[imu_filter_madgwick_node-3] [INFO] [1770704369.752700565] [imu_filter]: Parameter RLController.pid_ki_ang set to 0.000000
[imu_filter_madgwick_node-3] [INFO] [1770704369.752751510] [imu_filter]: Parameter RLController.pid_kd_ang set to 0.101333
[imu_filter_madgwick_node-3] [INFO] [1770704370.180253157] [imu_filter]: Parameter RLController.pid_kp_lin set to 1.215300
[imu_filter_madgwick_node-3] [INFO] [1770704370.180479562] [imu_filter]: Parameter RLController.pid_ki_lin set to 0.000000
[imu_filter_madgwick_node-3] [INFO] [1770704370.180553868] [imu_filter]: Parameter RLController.pid_kd_lin set to 0.020000
[imu_filter_madgwick_node-3] [INFO] [1770704370.180614061] [imu_filter]: Parameter RLController.pid_kp_ang set to 1.230663
[imu_filter_madgwick_node-3] [INFO] [1770704370.180669262] [imu_filter]: Parameter RLController.pid_ki_ang set to 0.000000
[imu_filter_madgwick_node-3] [INFO] [1770704370.181003574] [imu_filter]: Parameter RLController.pid_kd_ang set to 0.101333
[imu_filter_madgwick_node-3] [INFO] [1770704370.605619266] [imu_filter]: Parameter RLController.pid_kp_lin set to 1.215300
[imu_filter_madgwick_node-3] [INFO] [1770704370.605818342] [imu_filter]: Parameter RLController.pid_ki_lin set to 0.000000
[imu_filter_madgwick_node-3] [INFO] [1770704370.605885928] [imu_filter]: Parameter RLController.pid_kd_lin set to 0.020000
[imu_filter_madgwick_node-3] [INFO] [1770704370.605947305] [imu_filter]: Parameter RLController.pid_kp_ang set to 1.230663
[imu_filter_madgwick_node-3] [INFO] [1770704370.606000394] [imu_filter]: Parameter RLController.pid_ki_ang set to 0.000000
[imu_filter_madgwick_node-3] [INFO] [1770704370.606054796] [imu_filter]: Parameter RLController.pid_kd_ang set to 0.101333
[imu_filter_madgwick_node-3] [INFO] [1770704371.029861829] [imu_filter]: Parameter RLController.pid_kp_lin set to 1.215300
[imu_filter_madgwick_node-3] [INFO] [1770704371.030100426] [imu_filter]: Parameter RLController.pid_ki_lin set to 0.000000
[imu_filter_madgwick_node-3] [INFO] [1770704371.030173612] [imu_filter]: Parameter RLController.pid_kd_lin set to 0.020000
[imu_filter_madgwick_node-3] [INFO] [1770704371.030241293] [imu_filter]: Parameter RLController.pid_kp_ang set to 1.230663
[imu_filter_madgwick_node-3] [INFO] [1770704371.030294095] [imu_filter]: Parameter RLController.pid_ki_ang set to 0.000000
[imu_filter_madgwick_node-3] [INFO] [1770704371.030343984] [imu_filter]: Parameter RLController.pid_kd_ang set to 0.101333
[imu_filter_madgwick_node-3] [INFO] [1770704371.447421900] [imu_filter]: Parameter RLController.pid_kp_lin set to 1.215300
[imu_filter_madgwick_node-3] [INFO] [1770704371.447621457] [imu_filter]: Parameter RLController.pid_ki_lin set to 0.000000
[imu_filter_madgwick_node-3] [INFO] [1770704371.447697043] [imu_filter]: Parameter RLController.pid_kd_lin set to 0.020000
[imu_filter_madgwick_node-3] [INFO] [1770704371.447758324] [imu_filter]: Parameter RLController.pid_kp_ang set to 1.230663
[imu_filter_madgwick_node-3] [INFO] [1770704371.447807925] [imu_filter]: Parameter RLController.pid_ki_ang set to 0.000000
[imu_filter_madgwick_node-3] [INFO] [1770704371.449119124] [imu_filter]: Parameter RLController.pid_kd_ang set to 0.101333
[imu_filter_madgwick_node-3] [INFO] [1770704371.867138918] [imu_filter]: Parameter RLController.pid_kp_lin set to 1.215300
[imu_filter_madgwick_node-3] [INFO] [1770704371.867332619] [imu_filter]: Parameter RLController.pid_ki_lin set to 0.000000
[imu_filter_madgwick_node-3] [INFO] [1770704371.868025755] [imu_filter]: Parameter RLController.pid_kd_lin set to 0.020000
[imu_filter_madgwick_node-3] [INFO] [1770704371.868146237] [imu_filter]: Parameter RLController.pid_kp_ang set to 1.230663
[imu_filter_madgwick_node-3] [INFO] [1770704371.868330242] [imu_filter]: Parameter RLController.pid_ki_ang set to 0.000000
[imu_filter_madgwick_node-3] [INFO] [1770704371.868403075] [imu_filter]: Parameter RLController.pid_kd_ang set to 0.101333
[imu_filter_madgwick_node-3] [INFO] [1770704372.288081148] [imu_filter]: Parameter RLController.pid_kp_lin set to 1.215300
[imu_filter_madgwick_node-3] [INFO] [1770704372.288317026] [imu_filter]: Parameter RLController.pid_ki_lin set to 0.000000
[imu_filter_madgwick_node-3] [INFO] [1770704372.288386147] [imu_filter]: Parameter RLController.pid_kd_lin set to 0.020000
[imu_filter_madgwick_node-3] [INFO] [1770704372.288447429] [imu_filter]: Parameter RLController.pid_kp_ang set to 1.230663
[imu_filter_madgwick_node-3] [INFO] [1770704372.288501158] [imu_filter]: Parameter RLController.pid_ki_ang set to 0.000000
[imu_filter_madgwick_node-3] [INFO] [1770704372.288553927] [imu_filter]: Parameter RLController.pid_kd_ang set to 0.101333
[imu_filter_madgwick_node-3] [INFO] [1770704372.706536761] [imu_filter]: Parameter RLController.pid_kp_lin set to 1.215300
[imu_filter_madgwick_node-3] [INFO] [1770704372.708257825] [imu_filter]: Parameter RLController.pid_ki_lin set to 0.000000
[imu_filter_madgwick_node-3] [INFO] [1770704372.708426469] [imu_filter]: Parameter RLController.pid_kd_lin set to 0.020000
[imu_filter_madgwick_node-3] [INFO] [1770704372.708493926] [imu_filter]: Parameter RLController.pid_kp_ang set to 1.230663
[imu_filter_madgwick_node-3] [INFO] [1770704372.708549736] [imu_filter]: Parameter RLController.pid_ki_ang set to 0.000000
[imu_filter_madgwick_node-3] [INFO] [1770704372.708594985] [imu_filter]: Parameter RLController.pid_kd_ang set to 0.101333
[imu_filter_madgwick_node-3] [INFO] [1770704373.152242255] [imu_filter]: Parameter RLController.pid_kp_lin set to 1.215300
[imu_filter_madgwick_node-3] [INFO] [1770704373.152460916] [imu_filter]: Parameter RLController.pid_ki_lin set to 0.000000
[imu_filter_madgwick_node-3] [INFO] [1770704373.152531285] [imu_filter]: Parameter RLController.pid_kd_lin set to 0.020000
[imu_filter_madgwick_node-3] [INFO] [1770704373.152591447] [imu_filter]: Parameter RLController.pid_kp_ang set to 1.230663
[imu_filter_madgwick_node-3] [INFO] [1770704373.152647736] [imu_filter]: Parameter RLController.pid_ki_ang set to 0.000000
[imu_filter_madgwick_node-3] [INFO] [1770704373.152703481] [imu_filter]: Parameter RLController.pid_kd_ang set to 0.101333
[imu_filter_madgwick_node-3] [INFO] [1770704373.571354298] [imu_filter]: Parameter RLController.pid_kp_lin set to 1.215300
[imu_filter_madgwick_node-3] [INFO] [1770704373.571550143] [imu_filter]: Parameter RLController.pid_ki_lin set to 0.000000
[imu_filter_madgwick_node-3] [INFO] [1770704373.571620064] [imu_filter]: Parameter RLController.pid_kd_lin set to 0.020000
[imu_filter_madgwick_node-3] [INFO] [1770704373.571683362] [imu_filter]: Parameter RLController.pid_kp_ang set to 1.230663
[imu_filter_madgwick_node-3] [INFO] [1770704373.571737859] [imu_filter]: Parameter RLController.pid_ki_ang set to 0.000000
[imu_filter_madgwick_node-3] [INFO] [1770704373.571792484] [imu_filter]: Parameter RLController.pid_kd_ang set to 0.101333
[imu_filter_madgwick_node-3] [INFO] [1770704373.988523161] [imu_filter]: Parameter RLController.pid_kp_lin set to 1.215300
[imu_filter_madgwick_node-3] [INFO] [1770704373.988772511] [imu_filter]: Parameter RLController.pid_ki_lin set to 0.000000
[imu_filter_madgwick_node-3] [INFO] [1770704373.988904322] [imu_filter]: Parameter RLController.pid_kd_lin set to 0.020000
[imu_filter_madgwick_node-3] [INFO] [1770704373.988984132] [imu_filter]: Parameter RLController.pid_kp_ang set to 1.230663
[imu_filter_madgwick_node-3] [INFO] [1770704373.989621554] [imu_filter]: Parameter RLController.pid_ki_ang set to 0.000000
[imu_filter_madgwick_node-3] [INFO] [1770704373.989716821] [imu_filter]: Parameter RLController.pid_kd_ang set to 0.101333
[imu_filter_madgwick_node-3] [INFO] [1770704374.404603198] [imu_filter]: Parameter RLController.pid_kp_lin set to 1.215300
[imu_filter_madgwick_node-3] [INFO] [1770704374.415102642] [imu_filter]: Parameter RLController.pid_ki_lin set to 0.000000
[imu_filter_madgwick_node-3] [INFO] [1770704374.415483259] [imu_filter]: Parameter RLController.pid_kd_lin set to 0.020000
[imu_filter_madgwick_node-3] [INFO] [1770704374.415567997] [imu_filter]: Parameter RLController.pid_kp_ang set to 1.230663
[imu_filter_madgwick_node-3] [INFO] [1770704374.415627710] [imu_filter]: Parameter RLController.pid_ki_ang set to 0.000000
[imu_filter_madgwick_node-3] [INFO] [1770704374.415684320] [imu_filter]: Parameter RLController.pid_kd_ang set to 0.101333
[imu_filter_madgwick_node-3] [INFO] [1770704374.825808634] [imu_filter]: Parameter RLController.pid_kp_lin set to 1.215300
[imu_filter_madgwick_node-3] [INFO] [1770704374.826032448] [imu_filter]: Parameter RLController.pid_ki_lin set to 0.000000
[imu_filter_madgwick_node-3] [INFO] [1770704374.828925891] [imu_filter]: Parameter RLController.pid_kd_lin set to 0.020000
[imu_filter_madgwick_node-3] [INFO] [1770704374.829329036] [imu_filter]: Parameter RLController.pid_kp_ang set to 1.230663
[imu_filter_madgwick_node-3] [INFO] [1770704374.829495728] [imu_filter]: Parameter RLController.pid_ki_ang set to 0.000000
[imu_filter_madgwick_node-3] [INFO] [1770704374.829565938] [imu_filter]: Parameter RLController.pid_kd_ang set to 0.101333
[imu_filter_madgwick_node-3] [INFO] [1770704375.237209811] [imu_filter]: Parameter RLController.pid_kp_lin set to 1.215300
[imu_filter_madgwick_node-3] [INFO] [1770704375.237435608] [imu_filter]: Parameter RLController.pid_ki_lin set to 0.000000
[imu_filter_madgwick_node-3] [INFO] [1770704375.237505690] [imu_filter]: Parameter RLController.pid_kd_lin set to 0.020000
[imu_filter_madgwick_node-3] [INFO] [1770704375.237567195] [imu_filter]: Parameter RLController.pid_kp_ang set to 1.230663
[imu_filter_madgwick_node-3] [INFO] [1770704375.237620349] [imu_filter]: Parameter RLController.pid_ki_ang set to 0.000000
[imu_filter_madgwick_node-3] [INFO] [1770704375.237672446] [imu_filter]: Parameter RLController.pid_kd_ang set to 0.101333
[imu_filter_madgwick_node-3] [INFO] [1770704375.661935809] [imu_filter]: Parameter RLController.pid_kp_lin set to 1.215300
[imu_filter_madgwick_node-3] [INFO] [1770704375.662128038] [imu_filter]: Parameter RLController.pid_ki_lin set to 0.000000
[imu_filter_madgwick_node-3] [INFO] [1770704375.662201959] [imu_filter]: Parameter RLController.pid_kd_lin set to 0.020000
[imu_filter_madgwick_node-3] [INFO] [1770704375.662338763] [imu_filter]: Parameter RLController.pid_kp_ang set to 1.230663
[imu_filter_madgwick_node-3] [INFO] [1770704375.662411596] [imu_filter]: Parameter RLController.pid_ki_ang set to 0.000000
[imu_filter_madgwick_node-3] [INFO] [1770704375.662529583] [imu_filter]: Parameter RLController.pid_kd_ang set to 0.101333
[imu_filter_madgwick_node-3] [INFO] [1770704376.081030157] [imu_filter]: Parameter RLController.pid_kp_lin set to 1.215300
[imu_filter_madgwick_node-3] [INFO] [1770704376.081424534] [imu_filter]: Parameter RLController.pid_ki_lin set to 0.000000
[imu_filter_madgwick_node-3] [INFO] [1770704376.081526744] [imu_filter]: Parameter RLController.pid_kd_lin set to 0.020000
[imu_filter_madgwick_node-3] [INFO] [1770704376.081588474] [imu_filter]: Parameter RLController.pid_kp_ang set to 1.230663
[imu_filter_madgwick_node-3] [INFO] [1770704376.081642587] [imu_filter]: Parameter RLController.pid_ki_ang set to 0.000000
[imu_filter_madgwick_node-3] [INFO] [1770704376.081696060] [imu_filter]: Parameter RLController.pid_kd_ang set to 0.101333
[imu_filter_madgwick_node-3] [INFO] [1770704376.496130779] [imu_filter]: Parameter RLController.pid_kp_lin set to 1.215300
[imu_filter_madgwick_node-3] [INFO] [1770704376.496500708] [imu_filter]: Parameter RLController.pid_ki_lin set to 0.000000
[imu_filter_madgwick_node-3] [INFO] [1770704376.496716169] [imu_filter]: Parameter RLController.pid_kd_lin set to 0.020000
[imu_filter_madgwick_node-3] [INFO] [1770704376.496784970] [imu_filter]: Parameter RLController.pid_kp_ang set to 1.230663
[imu_filter_madgwick_node-3] [INFO] [1770704376.496842444] [imu_filter]: Parameter RLController.pid_ki_ang set to 0.000000
[imu_filter_madgwick_node-3] [INFO] [1770704376.496898541] [imu_filter]: Parameter RLController.pid_kd_ang set to 0.101333
[imu_filter_madgwick_node-3] [INFO] [1770704376.914525942] [imu_filter]: Parameter RLController.pid_kp_lin set to 1.215300
[imu_filter_madgwick_node-3] [INFO] [1770704376.919586828] [imu_filter]: Parameter RLController.pid_ki_lin set to 0.000000
[imu_filter_madgwick_node-3] [INFO] [1770704376.919885587] [imu_filter]: Parameter RLController.pid_kd_lin set to 0.020000
[imu_filter_madgwick_node-3] [INFO] [1770704376.919964501] [imu_filter]: Parameter RLController.pid_kp_ang set to 1.230663
[imu_filter_madgwick_node-3] [INFO] [1770704376.920023542] [imu_filter]: Parameter RLController.pid_ki_ang set to 0.000000
[imu_filter_madgwick_node-3] [INFO] [1770704376.920077911] [imu_filter]: Parameter RLController.pid_kd_ang set to 0.101333
[imu_filter_madgwick_node-3] [INFO] [1770704377.327290830] [imu_filter]: Parameter RLController.pid_kp_lin set to 1.215300
[imu_filter_madgwick_node-3] [INFO] [1770704377.330437143] [imu_filter]: Parameter RLController.pid_ki_lin set to 0.000000
[imu_filter_madgwick_node-3] [INFO] [1770704377.330623740] [imu_filter]: Parameter RLController.pid_kd_lin set to 0.020000
[imu_filter_madgwick_node-3] [INFO] [1770704377.330696894] [imu_filter]: Parameter RLController.pid_kp_ang set to 1.230663
[imu_filter_madgwick_node-3] [INFO] [1770704377.330815040] [imu_filter]: Parameter RLController.pid_ki_ang set to 0.000000
[imu_filter_madgwick_node-3] [INFO] [1770704377.330890786] [imu_filter]: Parameter RLController.pid_kd_ang set to 0.101333
[imu_filter_madgwick_node-3] [INFO] [1770704377.749566596] [imu_filter]: Parameter RLController.pid_kp_lin set to 1.215300
[imu_filter_madgwick_node-3] [INFO] [1770704377.749762248] [imu_filter]: Parameter RLController.pid_ki_lin set to 0.000000
[imu_filter_madgwick_node-3] [INFO] [1770704377.749826218] [imu_filter]: Parameter RLController.pid_kd_lin set to 0.020000
[imu_filter_madgwick_node-3] [INFO] [1770704377.749887083] [imu_filter]: Parameter RLController.pid_kp_ang set to 1.230663
[imu_filter_madgwick_node-3] [INFO] [1770704377.749942636] [imu_filter]: Parameter RLController.pid_ki_ang set to 0.000000
[imu_filter_madgwick_node-3] [INFO] [1770704377.749999182] [imu_filter]: Parameter RLController.pid_kd_ang set to 0.101333
[imu_filter_madgwick_node-3] [INFO] [1770704378.167540917] [imu_filter]: Parameter RLController.pid_kp_lin set to 1.215300
[imu_filter_madgwick_node-3] [INFO] [1770704378.167787771] [imu_filter]: Parameter RLController.pid_ki_lin set to 0.000000
[imu_filter_madgwick_node-3] [INFO] [1770704378.167858684] [imu_filter]: Parameter RLController.pid_kd_lin set to 0.020000
[imu_filter_madgwick_node-3] [INFO] [1770704378.167917278] [imu_filter]: Parameter RLController.pid_kp_ang set to 1.230663
[imu_filter_madgwick_node-3] [INFO] [1770704378.167971487] [imu_filter]: Parameter RLController.pid_ki_ang set to 0.000000
[imu_filter_madgwick_node-3] [INFO] [1770704378.168023936] [imu_filter]: Parameter RLController.pid_kd_ang set to 0.101333
[imu_filter_madgwick_node-3] [INFO] [1770704378.577468171] [imu_filter]: Parameter RLController.pid_kp_lin set to 1.215300
[imu_filter_madgwick_node-3] [INFO] [1770704378.577674384] [imu_filter]: Parameter RLController.pid_ki_lin set to 0.000000
[imu_filter_madgwick_node-3] [INFO] [1770704378.577750130] [imu_filter]: Parameter RLController.pid_kd_lin set to 0.020000
[imu_filter_madgwick_node-3] [INFO] [1770704378.580013318] [imu_filter]: Parameter RLController.pid_kp_ang set to 1.230663
[imu_filter_madgwick_node-3] [INFO] [1770704378.580373967] [imu_filter]: Parameter RLController.pid_ki_ang set to 0.000000
[imu_filter_madgwick_node-3] [INFO] [1770704378.580453777] [imu_filter]: Parameter RLController.pid_kd_ang set to 0.101333
[imu_filter_madgwick_node-3] [INFO] [1770704378.989901948] [imu_filter]: Parameter RLController.pid_kp_lin set to 1.215300
[imu_filter_madgwick_node-3] [INFO] [1770704378.990103968] [imu_filter]: Parameter RLController.pid_ki_lin set to 0.000000
[imu_filter_madgwick_node-3] [INFO] [1770704378.990180994] [imu_filter]: Parameter RLController.pid_kd_lin set to 0.020000
[imu_filter_madgwick_node-3] [INFO] [1770704378.990242212] [imu_filter]: Parameter RLController.pid_kp_ang set to 1.230663
[imu_filter_madgwick_node-3] [INFO] [1770704378.990300709] [imu_filter]: Parameter RLController.pid_ki_ang set to 0.000000
[imu_filter_madgwick_node-3] [INFO] [1770704378.990358566] [imu_filter]: Parameter RLController.pid_kd_ang set to 0.101333
[imu_filter_madgwick_node-3] [INFO] [1770704379.404001171] [imu_filter]: Parameter RLController.pid_kp_lin set to 1.215300
[imu_filter_madgwick_node-3] [INFO] [1770704379.404244377] [imu_filter]: Parameter RLController.pid_ki_lin set to 0.000000
[imu_filter_madgwick_node-3] [INFO] [1770704379.408368728] [imu_filter]: Parameter RLController.pid_kd_lin set to 0.020000
[imu_filter_madgwick_node-3] [INFO] [1770704379.408719777] [imu_filter]: Parameter RLController.pid_kp_ang set to 1.230663
[imu_filter_madgwick_node-3] [INFO] [1770704379.408912293] [imu_filter]: Parameter RLController.pid_ki_ang set to 0.000000
[imu_filter_madgwick_node-3] [INFO] [1770704379.409033416] [imu_filter]: Parameter RLController.pid_kd_ang set to 0.101333
[imu_filter_madgwick_node-3] [INFO] [1770704379.836126413] [imu_filter]: Parameter RLController.pid_kp_lin set to 1.215300
[imu_filter_madgwick_node-3] [INFO] [1770704379.836353234] [imu_filter]: Parameter RLController.pid_ki_lin set to 0.000000
[imu_filter_madgwick_node-3] [INFO] [1770704379.836429204] [imu_filter]: Parameter RLController.pid_kd_lin set to 0.020000
[imu_filter_madgwick_node-3] [INFO] [1770704379.836494486] [imu_filter]: Parameter RLController.pid_kp_ang set to 1.230663
[imu_filter_madgwick_node-3] [INFO] [1770704379.836544055] [imu_filter]: Parameter RLController.pid_ki_ang set to 0.000000
[imu_filter_madgwick_node-3] [INFO] [1770704379.837334313] [imu_filter]: Parameter RLController.pid_kd_ang set to 0.101333
[imu_filter_madgwick_node-3] [INFO] [1770704380.272359655] [imu_filter]: Parameter RLController.pid_kp_lin set to 1.215300
[imu_filter_madgwick_node-3] [INFO] [1770704380.272749968] [imu_filter]: Parameter RLController.pid_ki_lin set to 0.000000
[imu_filter_madgwick_node-3] [INFO] [1770704380.272831858] [imu_filter]: Parameter RLController.pid_kd_lin set to 0.020000
[imu_filter_madgwick_node-3] [INFO] [1770704380.272890899] [imu_filter]: Parameter RLController.pid_kp_ang set to 1.230663
[imu_filter_madgwick_node-3] [INFO] [1770704380.272942356] [imu_filter]: Parameter RLController.pid_ki_ang set to 0.000000
[imu_filter_madgwick_node-3] [INFO] [1770704380.272994774] [imu_filter]: Parameter RLController.pid_kd_ang set to 0.101333
[imu_filter_madgwick_node-3] [INFO] [1770704380.673379790] [imu_filter]: Parameter RLController.pid_kp_lin set to 1.215300
[imu_filter_madgwick_node-3] [INFO] [1770704380.673918139] [imu_filter]: Parameter RLController.pid_ki_lin set to 0.000000
[imu_filter_madgwick_node-3] [INFO] [1770704380.674019229] [imu_filter]: Parameter RLController.pid_kd_lin set to 0.020000
[imu_filter_madgwick_node-3] [INFO] [1770704380.674081438] [imu_filter]: Parameter RLController.pid_kp_ang set to 1.230663
[imu_filter_madgwick_node-3] [INFO] [1770704380.674141280] [imu_filter]: Parameter RLController.pid_ki_ang set to 0.000000
[imu_filter_madgwick_node-3] [INFO] [1770704380.674197697] [imu_filter]: Parameter RLController.pid_kd_ang set to 0.101333
[imu_filter_madgwick_node-3] [INFO] [1770704381.090672048] [imu_filter]: Parameter RLController.pid_kp_lin set to 1.215300
[imu_filter_madgwick_node-3] [INFO] [1770704381.091058328] [imu_filter]: Parameter RLController.pid_ki_lin set to 0.000000
[imu_filter_madgwick_node-3] [INFO] [1770704381.091176219] [imu_filter]: Parameter RLController.pid_kd_lin set to 0.020000
[imu_filter_madgwick_node-3] [INFO] [1770704381.091253181] [imu_filter]: Parameter RLController.pid_kp_ang set to 1.230663
[imu_filter_madgwick_node-3] [INFO] [1770704381.091313694] [imu_filter]: Parameter RLController.pid_ki_ang set to 0.000000
[imu_filter_madgwick_node-3] [INFO] [1770704381.091368864] [imu_filter]: Parameter RLController.pid_kd_ang set to 0.101333
[imu_filter_madgwick_node-3] [INFO] [1770704381.505873376] [imu_filter]: Parameter RLController.pid_kp_lin set to 1.215300
[imu_filter_madgwick_node-3] [INFO] [1770704381.506184520] [imu_filter]: Parameter RLController.pid_ki_lin set to 0.000000
[imu_filter_madgwick_node-3] [INFO] [1770704381.506271050] [imu_filter]: Parameter RLController.pid_kd_lin set to 0.020000
[imu_filter_madgwick_node-3] [INFO] [1770704381.506335083] [imu_filter]: Parameter RLController.pid_kp_ang set to 1.230663
[imu_filter_madgwick_node-3] [INFO] [1770704381.506392620] [imu_filter]: Parameter RLController.pid_ki_ang set to 0.000000
[imu_filter_madgwick_node-3] [INFO] [1770704381.506447822] [imu_filter]: Parameter RLController.pid_kd_ang set to 0.101333
[imu_filter_madgwick_node-3] [INFO] [1770704381.939891879] [imu_filter]: Parameter RLController.pid_kp_lin set to 1.215300
[imu_filter_madgwick_node-3] [INFO] [1770704381.941254726] [imu_filter]: Parameter RLController.pid_ki_lin set to 0.000000
[imu_filter_madgwick_node-3] [INFO] [1770704381.941416522] [imu_filter]: Parameter RLController.pid_kd_lin set to 0.020000
[imu_filter_madgwick_node-3] [INFO] [1770704381.941485676] [imu_filter]: Parameter RLController.pid_kp_ang set to 1.230663
[imu_filter_madgwick_node-3] [INFO] [1770704381.941543309] [imu_filter]: Parameter RLController.pid_ki_ang set to 0.000000
[imu_filter_madgwick_node-3] [INFO] [1770704381.941599630] [imu_filter]: Parameter RLController.pid_kd_ang set to 0.101333
[imu_filter_madgwick_node-3] [INFO] [1770704382.365974964] [imu_filter]: Parameter RLController.pid_kp_lin set to 1.215300
[imu_filter_madgwick_node-3] [INFO] [1770704382.366206042] [imu_filter]: Parameter RLController.pid_ki_lin set to 0.000000
[imu_filter_madgwick_node-3] [INFO] [1770704382.366274491] [imu_filter]: Parameter RLController.pid_kd_lin set to 0.020000
[imu_filter_madgwick_node-3] [INFO] [1770704382.366334301] [imu_filter]: Parameter RLController.pid_kp_ang set to 1.230663
[imu_filter_madgwick_node-3] [INFO] [1770704382.366390878] [imu_filter]: Parameter RLController.pid_ki_ang set to 0.000000
[imu_filter_madgwick_node-3] [INFO] [1770704382.366556162] [imu_filter]: Parameter RLController.pid_kd_ang set to 0.101333
[imu_filter_madgwick_node-3] [INFO] [1770704382.786275036] [imu_filter]: Parameter RLController.pid_kp_lin set to 1.215300
[imu_filter_madgwick_node-3] [INFO] [1770704382.786629956] [imu_filter]: Parameter RLController.pid_ki_lin set to 0.000000
[imu_filter_madgwick_node-3] [INFO] [1770704382.786710310] [imu_filter]: Parameter RLController.pid_kd_lin set to 0.020000
[imu_filter_madgwick_node-3] [INFO] [1770704382.786768807] [imu_filter]: Parameter RLController.pid_kp_ang set to 1.230663
[imu_filter_madgwick_node-3] [INFO] [1770704382.786821096] [imu_filter]: Parameter RLController.pid_ki_ang set to 0.000000
[imu_filter_madgwick_node-3] [INFO] [1770704382.786872073] [imu_filter]: Parameter RLController.pid_kd_ang set to 0.101333
[imu_filter_madgwick_node-3] [INFO] [1770704383.202170653] [imu_filter]: Parameter RLController.pid_kp_lin set to 1.215300
[imu_filter_madgwick_node-3] [INFO] [1770704383.202413954] [imu_filter]: Parameter RLController.pid_ki_lin set to 0.000000
[imu_filter_madgwick_node-3] [INFO] [1770704383.202583430] [imu_filter]: Parameter RLController.pid_kd_lin set to 0.020000
[imu_filter_madgwick_node-3] [INFO] [1770704383.202671432] [imu_filter]: Parameter RLController.pid_kp_ang set to 1.230663
[imu_filter_madgwick_node-3] [INFO] [1770704383.202729290] [imu_filter]: Parameter RLController.pid_ki_ang set to 0.000000
[imu_filter_madgwick_node-3] [INFO] [1770704383.202784235] [imu_filter]: Parameter RLController.pid_kd_ang set to 0.101333
[imu_filter_madgwick_node-3] [INFO] [1770704383.626842698] [imu_filter]: Parameter RLController.pid_kp_lin set to 1.215300
[imu_filter_madgwick_node-3] [INFO] [1770704383.627205234] [imu_filter]: Parameter RLController.pid_ki_lin set to 0.000000
[imu_filter_madgwick_node-3] [INFO] [1770704383.627285492] [imu_filter]: Parameter RLController.pid_kd_lin set to 0.020000
[imu_filter_madgwick_node-3] [INFO] [1770704383.627346485] [imu_filter]: Parameter RLController.pid_kp_ang set to 1.230663
[imu_filter_madgwick_node-3] [INFO] [1770704383.627399510] [imu_filter]: Parameter RLController.pid_ki_ang set to 0.000000
[imu_filter_madgwick_node-3] [INFO] [1770704383.627450808] [imu_filter]: Parameter RLController.pid_kd_ang set to 0.101333
[imu_filter_madgwick_node-3] [INFO] [1770704384.052902263] [imu_filter]: Parameter RLController.pid_kp_lin set to 1.215300
[imu_filter_madgwick_node-3] [INFO] [1770704384.053128188] [imu_filter]: Parameter RLController.pid_ki_lin set to 0.000000
[imu_filter_madgwick_node-3] [INFO] [1770704384.053204062] [imu_filter]: Parameter RLController.pid_kd_lin set to 0.020000
[imu_filter_madgwick_node-3] [INFO] [1770704384.053262879] [imu_filter]: Parameter RLController.pid_kp_ang set to 1.230663
[imu_filter_madgwick_node-3] [INFO] [1770704384.053314976] [imu_filter]: Parameter RLController.pid_ki_ang set to 0.000000
[imu_filter_madgwick_node-3] [INFO] [1770704384.053368802] [imu_filter]: Parameter RLController.pid_kd_ang set to 0.101333
[imu_filter_madgwick_node-3] [INFO] [1770704384.517481603] [imu_filter]: Parameter RLController.pid_kp_lin set to 1.215300
[imu_filter_madgwick_node-3] [INFO] [1770704384.517713448] [imu_filter]: Parameter RLController.pid_ki_lin set to 0.000000
[imu_filter_madgwick_node-3] [INFO] [1770704384.517803723] [imu_filter]: Parameter RLController.pid_kd_lin set to 0.020000
[imu_filter_madgwick_node-3] [INFO] [1770704384.517864716] [imu_filter]: Parameter RLController.pid_kp_ang set to 1.230663
[imu_filter_madgwick_node-3] [INFO] [1770704384.517918829] [imu_filter]: Parameter RLController.pid_ki_ang set to 0.000000
[imu_filter_madgwick_node-3] [INFO] [1770704384.517969966] [imu_filter]: Parameter RLController.pid_kd_ang set to 0.101333
[imu_filter_madgwick_node-3] [INFO] [1770704384.937553893] [imu_filter]: Parameter RLController.pid_kp_lin set to 1.215300
[imu_filter_madgwick_node-3] [INFO] [1770704384.937761546] [imu_filter]: Parameter RLController.pid_ki_lin set to 0.000000
[imu_filter_madgwick_node-3] [INFO] [1770704384.937824427] [imu_filter]: Parameter RLController.pid_kd_lin set to 0.020000
[imu_filter_madgwick_node-3] [INFO] [1770704384.937884557] [imu_filter]: Parameter RLController.pid_kp_ang set to 1.230663
[imu_filter_madgwick_node-3] [INFO] [1770704384.937940942] [imu_filter]: Parameter RLController.pid_ki_ang set to 0.000000
[imu_filter_madgwick_node-3] [INFO] [1770704384.937997231] [imu_filter]: Parameter RLController.pid_kd_ang set to 0.101333
[imu_filter_madgwick_node-3] [INFO] [1770704385.356008738] [imu_filter]: Parameter RLController.pid_kp_lin set to 1.215300
[imu_filter_madgwick_node-3] [INFO] [1770704385.357442115] [imu_filter]: Parameter RLController.pid_ki_lin set to 0.000000
[imu_filter_madgwick_node-3] [INFO] [1770704385.360033343] [imu_filter]: Parameter RLController.pid_kd_lin set to 0.020000
[imu_filter_madgwick_node-3] [INFO] [1770704385.360349702] [imu_filter]: Parameter RLController.pid_kp_ang set to 1.230663
[imu_filter_madgwick_node-3] [INFO] [1770704385.360433448] [imu_filter]: Parameter RLController.pid_ki_ang set to 0.000000
[imu_filter_madgwick_node-3] [INFO] [1770704385.360494154] [imu_filter]: Parameter RLController.pid_kd_ang set to 0.101333
[imu_filter_madgwick_node-3] [INFO] [1770704385.782752383] [imu_filter]: Parameter RLController.pid_kp_lin set to 1.215300
[imu_filter_madgwick_node-3] [INFO] [1770704385.783077510] [imu_filter]: Parameter RLController.pid_ki_lin set to 0.000000
[imu_filter_madgwick_node-3] [INFO] [1770704385.783155592] [imu_filter]: Parameter RLController.pid_kd_lin set to 0.020000
[imu_filter_madgwick_node-3] [INFO] [1770704385.783218601] [imu_filter]: Parameter RLController.pid_kp_ang set to 1.230663
[imu_filter_madgwick_node-3] [INFO] [1770704385.793874465] [imu_filter]: Parameter RLController.pid_ki_ang set to 0.000000
[imu_filter_madgwick_node-3] [INFO] [1770704385.794240746] [imu_filter]: Parameter RLController.pid_kd_ang set to 0.101333
[imu_filter_madgwick_node-3] [INFO] [1770704386.208979696] [imu_filter]: Parameter RLController.pid_kp_lin set to 1.215300
[imu_filter_madgwick_node-3] [INFO] [1770704386.209469467] [imu_filter]: Parameter RLController.pid_ki_lin set to 0.000000
[imu_filter_madgwick_node-3] [INFO] [1770704386.209585790] [imu_filter]: Parameter RLController.pid_kd_lin set to 0.020000
[imu_filter_madgwick_node-3] [INFO] [1770704386.209651263] [imu_filter]: Parameter RLController.pid_kp_ang set to 1.230663
[imu_filter_madgwick_node-3] [INFO] [1770704386.209707361] [imu_filter]: Parameter RLController.pid_ki_ang set to 0.000000
[imu_filter_madgwick_node-3] [INFO] [1770704386.209761154] [imu_filter]: Parameter RLController.pid_kd_ang set to 0.101333
[imu_filter_madgwick_node-3] [INFO] [1770704386.647616769] [imu_filter]: Parameter RLController.pid_kp_lin set to 1.215300
[imu_filter_madgwick_node-3] [INFO] [1770704386.652854939] [imu_filter]: Parameter RLController.pid_ki_lin set to 0.000000
[imu_filter_madgwick_node-3] [INFO] [1770704386.653048575] [imu_filter]: Parameter RLController.pid_kd_lin set to 0.020000
[imu_filter_madgwick_node-3] [INFO] [1770704386.653123969] [imu_filter]: Parameter RLController.pid_kp_ang set to 1.230663
[imu_filter_madgwick_node-3] [INFO] [1770704386.653182307] [imu_filter]: Parameter RLController.pid_ki_ang set to 0.000000
[imu_filter_madgwick_node-3] [INFO] [1770704386.653239076] [imu_filter]: Parameter RLController.pid_kd_ang set to 0.101333
[imu_filter_madgwick_node-3] [INFO] [1770704387.064316565] [imu_filter]: Parameter RLController.pid_kp_lin set to 1.215300
[imu_filter_madgwick_node-3] [INFO] [1770704387.064550042] [imu_filter]: Parameter RLController.pid_ki_lin set to 0.000000
[imu_filter_madgwick_node-3] [INFO] [1770704387.067958506] [imu_filter]: Parameter RLController.pid_kd_lin set to 0.020000
[imu_filter_madgwick_node-3] [INFO] [1770704387.068264465] [imu_filter]: Parameter RLController.pid_kp_ang set to 1.230663
[imu_filter_madgwick_node-3] [INFO] [1770704387.068355155] [imu_filter]: Parameter RLController.pid_ki_ang set to 0.000000
[imu_filter_madgwick_node-3] [INFO] [1770704387.068417940] [imu_filter]: Parameter RLController.pid_kd_ang set to 0.101333
[imu_filter_madgwick_node-3] [INFO] [1770704387.480250775] [imu_filter]: Parameter RLController.pid_kp_lin set to 1.215300
[imu_filter_madgwick_node-3] [INFO] [1770704387.480499517] [imu_filter]: Parameter RLController.pid_ki_lin set to 0.000000
[imu_filter_madgwick_node-3] [INFO] [1770704387.480626688] [imu_filter]: Parameter RLController.pid_kd_lin set to 0.020000
[imu_filter_madgwick_node-3] [INFO] [1770704387.480704481] [imu_filter]: Parameter RLController.pid_kp_ang set to 1.230663
[imu_filter_madgwick_node-3] [INFO] [1770704387.480761155] [imu_filter]: Parameter RLController.pid_ki_ang set to 0.000000
[imu_filter_madgwick_node-3] [INFO] [1770704387.480862309] [imu_filter]: Parameter RLController.pid_kd_ang set to 0.101333
[imu_filter_madgwick_node-3] [INFO] [1770704387.890849341] [imu_filter]: Parameter RLController.pid_kp_lin set to 1.215300
[imu_filter_madgwick_node-3] [INFO] [1770704387.894015206] [imu_filter]: Parameter RLController.pid_ki_lin set to 0.000000
[imu_filter_madgwick_node-3] [INFO] [1770704387.896730885] [imu_filter]: Parameter RLController.pid_kd_lin set to 0.020000
[imu_filter_madgwick_node-3] [INFO] [1770704387.899179870] [imu_filter]: Parameter RLController.pid_kp_ang set to 1.230663
[imu_filter_madgwick_node-3] [INFO] [1770704387.901373585] [imu_filter]: Parameter RLController.pid_ki_ang set to 0.000000
[imu_filter_madgwick_node-3] [INFO] [1770704387.901659352] [imu_filter]: Parameter RLController.pid_kd_ang set to 0.101333
[imu_filter_madgwick_node-3] [INFO] [1770704388.313337751] [imu_filter]: Parameter RLController.pid_kp_lin set to 1.215300
[imu_filter_madgwick_node-3] [INFO] [1770704388.313552156] [imu_filter]: Parameter RLController.pid_ki_lin set to 0.000000
[imu_filter_madgwick_node-3] [INFO] [1770704388.316513921] [imu_filter]: Parameter RLController.pid_kd_lin set to 0.020000
[imu_filter_madgwick_node-3] [INFO] [1770704388.316847784] [imu_filter]: Parameter RLController.pid_kp_ang set to 1.230663
[imu_filter_madgwick_node-3] [INFO] [1770704388.316930282] [imu_filter]: Parameter RLController.pid_ki_ang set to 0.000000
[imu_filter_madgwick_node-3] [INFO] [1770704388.316989548] [imu_filter]: Parameter RLController.pid_kd_ang set to 0.101333
[imu_filter_madgwick_node-3] [INFO] [1770704388.732172668] [imu_filter]: Parameter RLController.pid_kp_lin set to 1.215300
[imu_filter_madgwick_node-3] [INFO] [1770704388.732396161] [imu_filter]: Parameter RLController.pid_ki_lin set to 0.000000
[imu_filter_madgwick_node-3] [INFO] [1770704388.732600518] [imu_filter]: Parameter RLController.pid_kd_lin set to 0.020000
[imu_filter_madgwick_node-3] [INFO] [1770704388.732666440] [imu_filter]: Parameter RLController.pid_kp_ang set to 1.230663
[imu_filter_madgwick_node-3] [INFO] [1770704388.732722761] [imu_filter]: Parameter RLController.pid_ki_ang set to 0.000000
[imu_filter_madgwick_node-3] [INFO] [1770704388.732775466] [imu_filter]: Parameter RLController.pid_kd_ang set to 0.101333
[imu_filter_madgwick_node-3] [INFO] [1770704389.162098531] [imu_filter]: Parameter RLController.pid_kp_lin set to 1.215300
[imu_filter_madgwick_node-3] [INFO] [1770704389.162327273] [imu_filter]: Parameter RLController.pid_ki_lin set to 0.000000
[imu_filter_madgwick_node-3] [INFO] [1770704389.162393738] [imu_filter]: Parameter RLController.pid_kd_lin set to 0.020000
[imu_filter_madgwick_node-3] [INFO] [1770704389.162453227] [imu_filter]: Parameter RLController.pid_kp_ang set to 1.230663
[imu_filter_madgwick_node-3] [INFO] [1770704389.162506413] [imu_filter]: Parameter RLController.pid_ki_ang set to 0.000000
[imu_filter_madgwick_node-3] [INFO] [1770704389.162557582] [imu_filter]: Parameter RLController.pid_kd_ang set to 0.101333
[imu_filter_madgwick_node-3] [INFO] [1770704389.580810374] [imu_filter]: Parameter RLController.pid_kp_lin set to 1.215300
[imu_filter_madgwick_node-3] [INFO] [1770704389.581011434] [imu_filter]: Parameter RLController.pid_ki_lin set to 0.000000
[imu_filter_madgwick_node-3] [INFO] [1770704389.581084972] [imu_filter]: Parameter RLController.pid_kd_lin set to 0.020000
[imu_filter_madgwick_node-3] [INFO] [1770704389.581150222] [imu_filter]: Parameter RLController.pid_kp_ang set to 1.230663
[imu_filter_madgwick_node-3] [INFO] [1770704389.581314897] [imu_filter]: Parameter RLController.pid_ki_ang set to 0.000000
[imu_filter_madgwick_node-3] [INFO] [1770704389.581424436] [imu_filter]: Parameter RLController.pid_kd_ang set to 0.101333
[imu_filter_madgwick_node-3] [INFO] [1770704390.012108301] [imu_filter]: Parameter RLController.pid_kp_lin set to 1.215300
[imu_filter_madgwick_node-3] [INFO] [1770704390.012514966] [imu_filter]: Parameter RLController.pid_ki_lin set to 0.000000
[imu_filter_madgwick_node-3] [INFO] [1770704390.012600888] [imu_filter]: Parameter RLController.pid_kd_lin set to 0.020000
[imu_filter_madgwick_node-3] [INFO] [1770704390.012666330] [imu_filter]: Parameter RLController.pid_kp_ang set to 1.230663
[imu_filter_madgwick_node-3] [INFO] [1770704390.012722331] [imu_filter]: Parameter RLController.pid_ki_ang set to 0.000000
[imu_filter_madgwick_node-3] [INFO] [1770704390.012776348] [imu_filter]: Parameter RLController.pid_kd_ang set to 0.101333
[imu_filter_madgwick_node-3] [INFO] [1770704390.428013614] [imu_filter]: Parameter RLController.pid_kp_lin set to 1.215300
[imu_filter_madgwick_node-3] [INFO] [1770704390.428333493] [imu_filter]: Parameter RLController.pid_ki_lin set to 0.000000
[imu_filter_madgwick_node-3] [INFO] [1770704390.428419191] [imu_filter]: Parameter RLController.pid_kd_lin set to 0.020000
[imu_filter_madgwick_node-3] [INFO] [1770704390.428483833] [imu_filter]: Parameter RLController.pid_kp_ang set to 1.230663
[imu_filter_madgwick_node-3] [INFO] [1770704390.428540634] [imu_filter]: Parameter RLController.pid_ki_ang set to 0.000000
[imu_filter_madgwick_node-3] [INFO] [1770704390.428597243] [imu_filter]: Parameter RLController.pid_kd_ang set to 0.101333
[imu_filter_madgwick_node-3] [INFO] [1770704390.858202619] [imu_filter]: Parameter RLController.pid_kp_lin set to 1.215300
[imu_filter_madgwick_node-3] [INFO] [1770704390.858542499] [imu_filter]: Parameter RLController.pid_ki_lin set to 0.000000
[imu_filter_madgwick_node-3] [INFO] [1770704390.858656165] [imu_filter]: Parameter RLController.pid_kd_lin set to 0.020000
[imu_filter_madgwick_node-3] [INFO] [1770704390.858725959] [imu_filter]: Parameter RLController.pid_kp_ang set to 1.230663
[imu_filter_madgwick_node-3] [INFO] [1770704390.858784456] [imu_filter]: Parameter RLController.pid_ki_ang set to 0.000000
[imu_filter_madgwick_node-3] [INFO] [1770704390.858839050] [imu_filter]: Parameter RLController.pid_kd_ang set to 0.101333
[imu_filter_madgwick_node-3] [INFO] [1770704391.280083719] [imu_filter]: Parameter RLController.pid_kp_lin set to 1.215300
[imu_filter_madgwick_node-3] [INFO] [1770704391.280330029] [imu_filter]: Parameter RLController.pid_ki_lin set to 0.000000
[imu_filter_madgwick_node-3] [INFO] [1770704391.280404590] [imu_filter]: Parameter RLController.pid_kd_lin set to 0.020000
[imu_filter_madgwick_node-3] [INFO] [1770704391.280463216] [imu_filter]: Parameter RLController.pid_kp_ang set to 1.230663
[imu_filter_madgwick_node-3] [INFO] [1770704391.280517041] [imu_filter]: Parameter RLController.pid_ki_ang set to 0.000000
[imu_filter_madgwick_node-3] [INFO] [1770704391.280579219] [imu_filter]: Parameter RLController.pid_kd_ang set to 0.101333
[imu_filter_madgwick_node-3] [INFO] [1770704391.704362379] [imu_filter]: Parameter RLController.pid_kp_lin set to 1.215300
[imu_filter_madgwick_node-3] [INFO] [1770704391.704573936] [imu_filter]: Parameter RLController.pid_ki_lin set to 0.000000
[imu_filter_madgwick_node-3] [INFO] [1770704391.704645457] [imu_filter]: Parameter RLController.pid_kd_lin set to 0.020000
[imu_filter_madgwick_node-3] [INFO] [1770704391.704705523] [imu_filter]: Parameter RLController.pid_kp_ang set to 1.230663
[imu_filter_madgwick_node-3] [INFO] [1770704391.704880503] [imu_filter]: Parameter RLController.pid_ki_ang set to 0.000000
[imu_filter_madgwick_node-3] [INFO] [1770704391.704937112] [imu_filter]: Parameter RLController.pid_kd_ang set to 0.101333
[imu_filter_madgwick_node-3] [INFO] [1770704392.116025833] [imu_filter]: Parameter RLController.pid_kp_lin set to 1.215300
[imu_filter_madgwick_node-3] [INFO] [1770704392.118075609] [imu_filter]: Parameter RLController.pid_ki_lin set to 0.000000
[imu_filter_madgwick_node-3] [INFO] [1770704392.118255837] [imu_filter]: Parameter RLController.pid_kd_lin set to 0.020000
[imu_filter_madgwick_node-3] [INFO] [1770704392.118322815] [imu_filter]: Parameter RLController.pid_kp_ang set to 1.230663
[imu_filter_madgwick_node-3] [INFO] [1770704392.118377952] [imu_filter]: Parameter RLController.pid_ki_ang set to 0.000000
[imu_filter_madgwick_node-3] [INFO] [1770704392.118433697] [imu_filter]: Parameter RLController.pid_kd_ang set to 0.101333
[imu_filter_madgwick_node-3] [INFO] [1770704392.543424470] [imu_filter]: Parameter RLController.pid_kp_lin set to 1.215300
[imu_filter_madgwick_node-3] [INFO] [1770704392.546671745] [imu_filter]: Parameter RLController.pid_ki_lin set to 0.000000
[imu_filter_madgwick_node-3] [INFO] [1770704392.547004585] [imu_filter]: Parameter RLController.pid_kd_lin set to 0.020000
[imu_filter_madgwick_node-3] [INFO] [1770704392.547082411] [imu_filter]: Parameter RLController.pid_kp_ang set to 1.230663
[imu_filter_madgwick_node-3] [INFO] [1770704392.547138124] [imu_filter]: Parameter RLController.pid_ki_ang set to 0.000000
[imu_filter_madgwick_node-3] [INFO] [1770704392.547192621] [imu_filter]: Parameter RLController.pid_kd_ang set to 0.101333
[imu_filter_madgwick_node-3] [INFO] [1770704392.973738086] [imu_filter]: Parameter RLController.pid_kp_lin set to 1.215300
[imu_filter_madgwick_node-3] [INFO] [1770704392.974077134] [imu_filter]: Parameter RLController.pid_ki_lin set to 0.000000
[imu_filter_madgwick_node-3] [INFO] [1770704392.974205905] [imu_filter]: Parameter RLController.pid_kd_lin set to 0.020000
[imu_filter_madgwick_node-3] [INFO] [1770704392.974273714] [imu_filter]: Parameter RLController.pid_kp_ang set to 1.230663
[imu_filter_madgwick_node-3] [INFO] [1770704392.974331828] [imu_filter]: Parameter RLController.pid_ki_ang set to 0.000000
[imu_filter_madgwick_node-3] [INFO] [1770704392.974386453] [imu_filter]: Parameter RLController.pid_kd_ang set to 0.101333
[imu_filter_madgwick_node-3] [INFO] [1770704393.386690466] [imu_filter]: Parameter RLController.pid_kp_lin set to 1.215300
[imu_filter_madgwick_node-3] [INFO] [1770704393.386916232] [imu_filter]: Parameter RLController.pid_ki_lin set to 0.000000
[imu_filter_madgwick_node-3] [INFO] [1770704393.386986633] [imu_filter]: Parameter RLController.pid_kd_lin set to 0.020000
[imu_filter_madgwick_node-3] [INFO] [1770704393.387045931] [imu_filter]: Parameter RLController.pid_kp_ang set to 1.230663
[imu_filter_madgwick_node-3] [INFO] [1770704393.387101004] [imu_filter]: Parameter RLController.pid_ki_ang set to 0.000000
[imu_filter_madgwick_node-3] [INFO] [1770704393.387163597] [imu_filter]: Parameter RLController.pid_kd_ang set to 0.101333
[imu_filter_madgwick_node-3] [INFO] [1770704393.807632825] [imu_filter]: Parameter RLController.pid_kp_lin set to 1.215300
[imu_filter_madgwick_node-3] [INFO] [1770704393.807960416] [imu_filter]: Parameter RLController.pid_ki_lin set to 0.000000
[imu_filter_madgwick_node-3] [INFO] [1770704393.808091075] [imu_filter]: Parameter RLController.pid_kd_lin set to 0.020000
[imu_filter_madgwick_node-3] [INFO] [1770704393.808160549] [imu_filter]: Parameter RLController.pid_kp_ang set to 1.230663
[imu_filter_madgwick_node-3] [INFO] [1770704393.808241927] [imu_filter]: Parameter RLController.pid_ki_ang set to 0.000000
[imu_filter_madgwick_node-3] [INFO] [1770704393.808301960] [imu_filter]: Parameter RLController.pid_kd_ang set to 0.101333
[imu_filter_madgwick_node-3] [INFO] [1770704394.214581610] [imu_filter]: Parameter RLController.pid_kp_lin set to 1.215300
[imu_filter_madgwick_node-3] [INFO] [1770704394.214795887] [imu_filter]: Parameter RLController.pid_ki_lin set to 0.000000
[imu_filter_madgwick_node-3] [INFO] [1770704394.214870256] [imu_filter]: Parameter RLController.pid_kd_lin set to 0.020000
[imu_filter_madgwick_node-3] [INFO] [1770704394.218173917] [imu_filter]: Parameter RLController.pid_kp_ang set to 1.230663
[imu_filter_madgwick_node-3] [INFO] [1770704394.218537798] [imu_filter]: Parameter RLController.pid_ki_ang set to 0.000000
[imu_filter_madgwick_node-3] [INFO] [1770704394.218616200] [imu_filter]: Parameter RLController.pid_kd_ang set to 0.101333
[imu_filter_madgwick_node-3] [INFO] [1770704394.629065098] [imu_filter]: Parameter RLController.pid_kp_lin set to 1.215300
[imu_filter_madgwick_node-3] [INFO] [1770704394.629266191] [imu_filter]: Parameter RLController.pid_ki_lin set to 0.000000
[imu_filter_madgwick_node-3] [INFO] [1770704394.629596438] [imu_filter]: Parameter RLController.pid_kd_lin set to 0.020000
[imu_filter_madgwick_node-3] [INFO] [1770704394.629682936] [imu_filter]: Parameter RLController.pid_kp_ang set to 1.230663
[imu_filter_madgwick_node-3] [INFO] [1770704394.629743866] [imu_filter]: Parameter RLController.pid_ki_ang set to 0.000000
[imu_filter_madgwick_node-3] [INFO] [1770704394.629795867] [imu_filter]: Parameter RLController.pid_kd_ang set to 0.101333
[imu_filter_madgwick_node-3] [INFO] [1770704395.068071908] [imu_filter]: Parameter RLController.pid_kp_lin set to 1.215300
[imu_filter_madgwick_node-3] [INFO] [1770704395.070333657] [imu_filter]: Parameter RLController.pid_ki_lin set to 0.000000
[imu_filter_madgwick_node-3] [INFO] [1770704395.070547422] [imu_filter]: Parameter RLController.pid_kd_lin set to 0.020000
[imu_filter_madgwick_node-3] [INFO] [1770704395.070990152] [imu_filter]: Parameter RLController.pid_kp_ang set to 1.230663
[imu_filter_madgwick_node-3] [INFO] [1770704395.071267662] [imu_filter]: Parameter RLController.pid_ki_ang set to 0.000000
[imu_filter_madgwick_node-3] [INFO] [1770704395.071390449] [imu_filter]: Parameter RLController.pid_kd_ang set to 0.101333
[imu_filter_madgwick_node-3] [INFO] [1770704395.492587725] [imu_filter]: Parameter RLController.pid_kp_lin set to 1.215300
[imu_filter_madgwick_node-3] [INFO] [1770704395.492838323] [imu_filter]: Parameter RLController.pid_ki_lin set to 0.000000
[imu_filter_madgwick_node-3] [INFO] [1770704395.492962326] [imu_filter]: Parameter RLController.pid_kd_lin set to 0.020000
[imu_filter_madgwick_node-3] [INFO] [1770704395.493036216] [imu_filter]: Parameter RLController.pid_kp_ang set to 1.230663
[imu_filter_madgwick_node-3] [INFO] [1770704395.493095353] [imu_filter]: Parameter RLController.pid_ki_ang set to 0.000000
[imu_filter_madgwick_node-3] [INFO] [1770704395.493222108] [imu_filter]: Parameter RLController.pid_kd_ang set to 0.101333
[imu_filter_madgwick_node-3] [INFO] [1770704395.920256800] [imu_filter]: Parameter RLController.pid_kp_lin set to 1.215300
[imu_filter_madgwick_node-3] [INFO] [1770704395.925697150] [imu_filter]: Parameter RLController.pid_ki_lin set to 0.000000
[imu_filter_madgwick_node-3] [INFO] [1770704395.926109352] [imu_filter]: Parameter RLController.pid_kd_lin set to 0.020000
[imu_filter_madgwick_node-3] [INFO] [1770704395.926367246] [imu_filter]: Parameter RLController.pid_kp_ang set to 1.230663
[imu_filter_madgwick_node-3] [INFO] [1770704395.926446416] [imu_filter]: Parameter RLController.pid_ki_ang set to 0.000000
[imu_filter_madgwick_node-3] [INFO] [1770704395.926511985] [imu_filter]: Parameter RLController.pid_kd_ang set to 0.101333
