t,kp_lin,ki_lin,kd_lin,kp_ang,ki_ang,kd_ang,v_ref,w_ref_raw,w_ref,v_meas,w_meas,reward
1770702730.5968575,1.2,0.0,0.03,1.23,0.0,0.1,0.0,0.0,0.0,0.0,0.0,-0.0
1770702731.0138676,1.2,0.0,0.03,1.23,0.0,0.1,0.0,0.0,0.0,0.0,-3.969860906767674e-05,-2.3819165440606042e-05
1770702731.4242692,1.2,0.0,0.03,1.23,0.0,0.1,0.0,0.0,0.0,0.0,2.2706050284427232e-05,-1.7593491077424014e-05
1770702731.8310504,1.2,0.0,0.03,1.23,0.0,0.1,0.0,0.0,0.0,0.0,-2.636868107328035e-05,-1.8091813672410933e-05
1770702732.2399693,1.2,0.0,0.03,1.23,0.0,0.1,0.0,0.0,0.0,0.0,-9.459015835708668e-05,-5.411722690692397e-05
1770702732.6582954,1.2,0.0,0.03,1.23,0.0,0.1,0.0,0.0,0.0,0.0,-0.0001227848263232194,-6.421187995822297e-05
1770702733.0671136,1.2,0.0,0.03,1.23,0.0,0.1,0.0,0.0,0.0,0.0,-0.0001129498482017058,-5.745842191300426e-05
1770702733.4811347,1.2,0.0,0.03,1.23,0.0,0.1,0.0,0.0,0.0,0.0,-0.00018073277212436755,-9.714467845444995e-05
1770702733.9006817,1.2,0.0,0.03,1.23,0.0,0.1,0.0,0.0,0.0,0.0,-0.0002932833584549194,-0.0001578967378605149
1770702734.320236,1.2,0.0,0.03,1.23,0.0,0.1,0.0,0.0,0.0,0.0,-0.0003129823113132279,-0.0001584610509424448
1770702734.7409043,1.2,0.0,0.03,1.23,0.0,0.1,0.0,0.0,0.0,0.0,-0.00028342269539399464,-0.00014466730928892064
1770702735.1528,1.2,0.0,0.03,1.23,0.0,0.1,0.0,0.0,0.0,0.0,-0.00038897172303109387,-0.00020504076427925685
1770702735.5669596,1.2,0.0,0.03,1.23,0.0,0.1,0.0,0.0,0.0,0.0,-0.00020032583716322593,-0.00011902750716839976
1770702735.9771194,1.2,0.0,0.03,1.23,0.0,0.1,0.0,0.0,0.0,0.0,-0.0001110100501085751,-6.443660375975263e-05
1770702736.3939917,1.2,0.0,0.03,1.23,0.0,0.1,0.0,0.0,0.0,0.0,2.503763026214467e-06,-1.260326282658619e-05
1770702736.814358,1.2,0.0,0.03,1.23,0.0,0.1,0.0,0.0,0.0,0.0,-0.00014965632750301304,-9.004417280442927e-05
1770702737.2328706,1.2,0.0,0.03,1.23,0.0,0.1,0.0,0.0,0.0,0.0,-0.00011947481100690927,-6.275555715306501e-05
1770702737.6642826,1.2,0.0,0.03,1.23,0.0,0.1,0.0,0.0,0.0,0.0,-0.00010384805033760436,-5.348670123573267e-05
1770702738.089063,1.2,0.0,0.03,1.23,0.0,0.1,0.0,0.0,0.0,0.0,-9.714716623603623e-05,-4.924367152817493e-05
1770702738.5089283,1.2,0.0,0.03,1.23,0.0,0.1,0.0,0.0,0.0,0.0,-8.13378527539784e-05,-4.224985772519498e-05
1770702738.9305243,1.2,0.0,0.03,1.23,0.0,0.1,0.0,0.0,0.0,0.0,-0.00014748960968836167,-8.035998053761917e-05
1770702739.3502996,1.2,0.0,0.03,1.23,0.0,0.1,0.0,0.0,0.0,0.0,-0.00013570331324047806,-6.903028626502738e-05
1770702739.7638392,1.2,0.0,0.03,1.23,0.0,0.1,0.0,0.0,0.0,0.0,-0.00027001725803774113,-0.00014844002349859688
1770702740.1804702,1.2,0.0,0.03,1.23,0.0,0.1,0.0,0.0,0.0,0.0,-0.00016355084932051782,-9.242206553198124e-05
1770702740.5987499,1.2,0.0,0.03,1.23,0.0,0.1,0.0,0.0,0.0,0.0,-0.0001449727965900578,-7.43442035680749e-05
1770702741.0128417,1.2,0.0,0.03,1.23,0.0,0.1,0.0,0.0,0.0,0.0,-0.0002114192101869592,-0.00011235424645316974
1770702741.4248142,1.2,0.0,0.03,1.23,0.0,0.1,0.0,0.0,0.0,0.0,-0.00012282193446327497,-7.02706948040059e-05
1770702741.847618,1.2,0.0,0.03,1.23,0.0,0.1,0.0,0.0,0.0,0.0,-3.641568857284755e-05,-2.6848468875466516e-05
1770702742.2724419,1.2,0.0,0.03,1.23,0.0,0.1,0.0,0.0,0.0,0.0,-1.612961407745629e-05,-1.0093414488267271e-05
1770702742.6903503,1.2,0.0,0.03,1.23,0.0,0.1,0.0,0.0,0.0,0.0,-9.76980061300644e-05,-5.7005842270293015e-05
1770702743.1047697,1.2,0.0,0.03,1.23,0.0,0.1,0.0,0.0,0.0,0.0,-7.339117160976516e-05,-3.9126269256912506e-05
1770702743.5179005,1.2,0.0,0.03,1.23,0.0,0.1,0.0,0.0,0.0,0.0,-0.0002451246470208984,-0.0001397356710515625
1770702743.9314303,1.2,0.0,0.03,1.23,0.0,0.1,0.0,0.0,0.0,0.0,-0.00032506831174799756,-0.0001705285223467087
1770702744.3431766,1.2,0.0,0.03,1.23,0.0,0.1,0.0,0.0,0.0,0.0,-0.000454069156629507,-0.00023993466280290444
1770702744.7591357,1.2,0.0,0.03,1.23,0.0,0.1,0.0,0.0,0.0,0.0,-0.0003841865902177335,-0.00019908155175004408
1770702745.1811872,1.2,0.0,0.03,1.23,0.0,0.1,0.0,0.0,0.0,0.0,-0.00037606839432596827,-0.00018884601675216067
1770702745.593904,1.2,0.0,0.03,1.23,0.0,0.1,0.0,0.0,0.0,0.0,-0.000329803634998194,-0.00016952829343187443
1770702746.0143876,1.2,0.0,0.03,1.23,0.0,0.1,0.0,0.0,0.0,0.0,-0.00034967003343557566,-0.000176821656561526
1770702746.4402668,1.2,0.0,0.03,1.23,0.0,0.1,0.0,0.0,0.0,0.0,-0.00021293148753486404,-0.00012013959835750318
1770702746.8511484,1.2,0.0,0.03,1.23,0.0,0.1,0.0,0.0,0.0,0.0,-0.00021003051318725706,-0.00010530535402838923
1770702747.2679877,1.2,0.0,0.03,1.23,0.0,0.1,0.0,0.0,0.0,0.0,-0.00024013516839015728,-0.00012307804971536867
1770702747.6916683,1.2,0.0,0.03,1.23,0.0,0.1,0.0,0.0,0.0,0.0,-9.091340243134385e-05,-6.037887781155327e-05
1770702748.1031437,1.2,0.0,0.03,1.23,0.0,0.1,0.0,0.0,0.0,0.0,-0.00015675718586944453,-8.496297127853232e-05
1770702748.5231528,1.2,0.0,0.03,1.23,0.0,0.1,0.0,0.0,0.0,0.0,-5.147932391375582e-05,-3.626744815244678e-05
1770702748.9461205,1.2,0.0,0.03,1.23,0.0,0.1,0.0,0.0,0.0,0.0,-0.0001333511023326095,-7.486272900819012e-05
1770702749.3711104,1.2,0.0,0.03,1.23,0.0,0.1,0.0,0.0,0.0,0.0,-0.00020376525258262694,-0.00010892404131631521
1770702749.7852483,1.2,0.0,0.03,1.23,0.0,0.1,0.0,0.0,0.0,0.0,-0.00019332657021950926,-9.77071533460664e-05
1770702750.1966007,1.2,0.0,0.03,1.23,0.0,0.1,0.0,0.0,0.0,0.0,-0.0002174193532681198,-0.00011111895493892096
1770702750.6124992,1.2,0.0,0.03,1.23,0.0,0.1,0.0,0.0,0.0,0.0,-0.00029827273751446636,-0.00015722170718186784
1770702751.0235405,1.2,0.0,0.03,1.23,0.0,0.1,0.0,0.0,0.0,0.0,-0.000298331571571271,-0.00014917166919131597
1770702751.4405324,1.2,0.0,0.03,1.23,0.0,0.1,0.0,0.0,0.0,0.0,-0.0001520701014512546,-9.066119773762894e-05
1770702751.8494608,1.2,0.0,0.03,1.23,0.0,0.1,0.0,0.0,0.0,0.0,-0.00013823559529299012,-7.05012482623215e-05
1770702752.2650478,1.2,0.0,0.03,1.23,0.0,0.1,0.0,0.0,0.0,0.0,-5.1926203347661616e-05,-3.459404086836366e-05
1770702752.6788719,1.2,0.0,0.03,1.23,0.0,0.1,0.0,0.0,0.0,0.0,-3.7834170082923186e-06,-6.705987138083089e-06
1770702753.0998297,1.2,0.0,0.03,1.23,0.0,0.1,0.0,0.0,0.0,0.0,-4.647536920912926e-05,-2.750687982464832e-05
1770702753.5139341,1.2,0.0,0.03,1.23,0.0,0.1,0.0,0.0,0.0,0.0,-5.5464692334885036e-05,-2.8631278480018096e-05
1770702753.927133,1.2,0.0,0.03,1.23,0.0,0.1,0.0,0.0,0.0,0.0,-0.0001878692044498703,-0.00010717505343643368
1770702754.3433518,1.2,0.0,0.03,1.23,0.0,0.1,0.0,0.0,0.0,0.0,-0.00026057963932861044,-0.00013756086315217924
1770702754.7602947,1.2,0.0,0.03,1.23,0.0,0.1,0.0,0.0,0.0,0.0,-0.0002727528696648316,-0.00013759375786603792
1770702755.174571,1.2,0.0,0.03,1.23,0.0,0.1,0.0,0.0,0.0,0.0,-0.00030396750251630985,-0.00015510521454330275
1770702755.5913742,1.2,0.0,0.03,1.23,0.0,0.1,0.0,0.0,0.0,0.0,-0.00043604691556423136,-0.00023123139908690782
1770702756.0047827,1.2,0.0,0.03,1.23,0.0,0.1,0.0,0.0,0.0,0.0,-0.0003708064401664306,-0.00019192726762299537
1770702756.4172122,1.2,0.0,0.03,1.23,0.0,0.1,0.0,0.0,0.0,0.0,-0.00039415165059897056,-0.00019941034634273928
1770702756.8434658,1.2,0.0,0.03,1.23,0.0,0.1,0.0,0.0,0.0,0.0,-0.00030530642058683883,-0.0001615377332946326
1770702757.2578368,1.2,0.0,0.03,1.23,0.0,0.1,0.0,0.0,0.0,0.0,-0.0002677251205094437,-0.00013762069026246137
1770702757.6726937,1.2,0.0,0.03,1.23,0.0,0.1,0.0,0.0,0.0,0.0,-0.0001918405017121557,-0.00010350871273580664
1770702758.0857484,1.2,0.0,0.03,1.23,0.0,0.1,0.0,0.0,0.0,0.0,-0.00022400854750788727,-0.0001152210783335168
1770702758.4974205,1.2,0.0,0.03,1.23,0.0,0.1,0.0,0.0,0.0,0.0,-0.0002458655922440354,-0.0001251185005956325
1770702758.9162314,1.2,0.0,0.03,1.23,0.0,0.1,0.0,0.0,0.0,0.0,-0.00013263591489197778,-7.764092518119464e-05
1770702759.3319201,1.2,0.0,0.03,1.23,0.0,0.1,0.0,0.0,0.0,0.0,-0.0002587951565851011,-0.00014201350246186289
1770702759.7598987,1.2,0.0,0.03,1.23,0.0,0.1,0.0,0.0,0.0,0.0,-0.0003049707240482751,-0.00015710291877045495
1770702760.1713934,1.2,0.0,0.03,1.23,0.0,0.1,0.0,0.0,0.0,0.0,-0.0003884911530048206,-0.00020259761939806485
1770702760.582884,1.2,0.0,0.03,1.23,0.0,0.1,0.0,0.0,0.0,0.0,-0.00040013063743651005,-0.00020122926716142396
1770702760.9930036,1.2,0.0,0.03,1.23,0.0,0.1,0.0,0.0,0.0,0.0,-0.00041610475165445633,-0.0002096497872490228
1770702761.412663,1.2,0.0,0.03,1.23,0.0,0.1,0.0,0.0,0.0,0.0,-0.0004199067847017861,-0.00021033359565562603
1770702761.8272092,1.2,0.0,0.03,1.23,0.0,0.1,0.0,0.0,0.0,0.0,-0.0003694505730118087,-0.00018977090767490208
1770702762.2404583,1.2,0.0,0.03,1.23,0.0,0.1,0.0,0.0,0.0,0.0,-0.00034413421855229975,-0.00017459874472210076
1770702762.6549287,1.2,0.0,0.03,1.23,0.0,0.1,0.0,0.0,0.0,0.0,-0.00020231236966943147,-0.00011533836972300257
1770702763.077539,1.2,0.0,0.03,1.23,0.0,0.1,0.0,0.0,0.0,0.0,-0.0002219941506783944,-0.00011296525344009348
1770702763.4942434,1.2,0.0,0.03,1.23,0.0,0.1,0.0,0.0,0.0,0.0,-0.00018159893828550018,-9.483899038203951e-05
1770702763.9044216,1.2,0.0,0.03,1.23,0.0,0.1,0.0,0.0,0.0,0.0,-0.00028101671761404743,-0.00015045013673987845
1770702764.3140872,1.2,0.0,0.03,1.23,0.0,0.1,0.0,0.0,0.0,0.0,-0.0002216715528211743,-0.00011677029288987447
1770702764.7231839,1.2,0.0,0.03,1.23,0.0,0.1,0.0,0.0,0.0,0.0,-0.0003333385438433163,-0.00017783597102387236
1770702765.132332,1.2,0.0,0.03,1.23,0.0,0.1,0.0,0.0,0.0,0.0,-0.0003635187806960058,-0.00018477741403327184
1770702765.5534616,1.2,0.0,0.03,1.23,0.0,0.1,0.0,0.0,0.0,0.0,-0.0005202818897913658,-0.00027581725580521895
1770702765.9777377,1.2,0.0,0.03,1.23,0.0,0.1,0.0,0.0,0.0,0.0,-0.00046122479684035475,-0.0002365181077152785
1770702766.3885462,1.2,0.0,0.03,1.23,0.0,0.1,0.0,0.0,0.0,0.0,-0.0003939865001977855,-0.00020371707976314969
1770702766.8075786,1.2,0.0,0.03,1.23,0.0,0.1,0.0,0.0,0.0,0.0,-0.0003450594026166006,-0.00017742241106641877
1770702767.2270358,1.2,0.0,0.03,1.23,0.0,0.1,0.0,0.0,0.0,0.0,-0.00018097391325822438,-0.00010689550556494981
1770702767.6398315,1.2,0.0,0.03,1.23,0.0,0.1,0.0,0.0,0.0,0.0,-0.0002711379611953101,-0.00014458538539136362
1770702768.053004,1.2,0.0,0.03,1.23,0.0,0.1,0.0,0.0,0.0,0.0,-0.00016309623390915767,-9.235228968319407e-05
1770702768.4626594,1.2,0.0,0.03,1.23,0.0,0.1,0.0,0.0,0.0,0.0,-0.00018855700606677428,-9.68245802491488e-05
1770702768.878056,1.2,0.0,0.03,1.23,0.0,0.1,0.0,0.0,0.0,0.0,-0.0001676706742422313,-8.592397030356995e-05
1770702769.2950997,1.2,0.0,0.03,1.23,0.0,0.1,0.0,0.0,0.0,0.0,-0.00028024756966217845,-0.00015138147437308394
1770702769.7055442,1.2,0.0,0.03,1.23,0.0,0.1,0.0,0.0,0.0,0.0,-0.00026031106911937813,-0.0001321491846139691
1770702770.1153176,1.2,0.0,0.03,1.23,0.0,0.1,0.0,0.0,0.0,0.0,-0.00022518519420100056,-0.00011610518459233804
1770702770.525026,1.2,0.0,0.03,1.23,0.0,0.1,0.0,0.0,0.0,0.0,-0.00024038283707588802,-0.00012171118282543276
1770702770.9369907,1.2,0.0,0.03,1.23,0.0,0.1,0.0,0.0,0.0,0.0,-0.00033513750645550216,-0.0001770442201657125
1770702771.362736,1.2,0.0,0.03,1.23,0.0,0.1,0.0,0.0,0.0,0.0,-0.00033010381669419046,-0.0001655552773232264
1770702771.773265,1.2,0.0,0.03,1.23,0.0,0.1,0.0,0.0,0.0,0.0,-0.0002670848809137958,-0.00013984433403493738
1770702772.184892,1.2,0.0,0.03,1.23,0.0,0.1,0.0,0.0,0.0,0.0,-0.00025086595884071697,-0.00012705487162766637
1770702772.6117346,1.2,0.0,0.03,1.23,0.0,0.1,0.0,0.0,0.0,0.0,-0.00021041872755111284,-0.00010925408690451683
1770702773.0241039,1.2,0.0,0.03,1.23,0.0,0.1,0.0,0.0,0.0,0.0,-0.00017006746797254438,-8.906885994412903e-05
1770702773.4394965,1.2,0.0,0.03,1.23,0.0,0.1,0.0,0.0,0.0,0.0,-0.00013028038892017783,-6.911890236532557e-05
1770702773.848809,1.2,0.0,0.03,1.23,0.0,0.1,0.0,0.0,0.0,0.0,-7.97650832709074e-05,-4.4934072200380745e-05
1770702774.2577586,1.2,0.0,0.03,1.23,0.0,0.1,0.0,0.0,0.0,0.0,-1.7156435243114888e-06,-8.662765736815337e-06
1770702774.6647003,1.2,0.0,0.03,1.23,0.0,0.1,0.0,0.0,0.0,0.0,-0.00013310534404372442,-7.96916420738035e-05
1770702775.0803342,1.2,0.0,0.03,1.23,0.0,0.1,0.0,0.0,0.0,0.0,-0.00017269474959983396,-9.030631535552793e-05
1770702775.4954376,1.2,0.0,0.03,1.23,0.0,0.1,0.0,0.0,0.0,0.0,-0.000252819364795687,-0.0001344221439174288
1770702775.90961,1.2,0.0,0.03,1.23,0.0,0.1,0.0,0.0,0.0,0.1071155682629323,-0.000455452430094388,-0.10736355778450936
1770702776.3237007,1.2,0.0,0.03,1.23,0.0,0.1,0.0,0.0,0.0,0.2599253858302966,0.004369334757664859,-0.262592531927905
1770702776.735817,1.2,0.0,0.03,1.23,0.0,0.1,0.0,0.0,0.0,0.25304462514232307,-0.002948763893323934,-0.25525081695408386
1770702777.1471925,1.2,0.0,0.03,1.23,0.0,0.1,0.0,0.0,0.0,0.2745161980496333,-0.001397036323637787,-0.2753698889684208
1770702777.5606496,1.2,0.0,0.03,1.23,0.0,0.1,0.0,0.0,0.0,0.13703062298839847,-0.0020741614969431318,-0.13813541625420056
1770702777.9804726,1.2,0.0,0.03,1.23,0.0,0.1,0.0,0.0,0.0,-0.004829014994463257,-0.001258594639908981,-0.005539869000121163
1770702778.4208088,1.2,0.0,0.03,1.23,0.0,0.1,0.0,0.0,0.0,-0.005515867115440836,-0.0008486584744866561,-0.0059811899692263975
1770702778.8317652,1.2,0.0,0.03,1.23,0.0,0.1,0.0,0.0,0.0,0.1965271163565194,-0.0001750509003296062,-0.1966820025640999
1770702779.2480788,1.2,0.0,0.03,1.23,0.0,0.1,0.0,0.0,0.0,0.18285395940485216,-0.0009726937413244022,-0.18342007055961385
1770702779.6575863,1.2,0.0,0.03,1.23,0.0,0.1,0.0,0.0,0.0,0.26706662115461605,-0.0019054242051113172,-0.2681126063035504
1770702780.0802548,1.2,0.0,0.03,1.23,0.0,0.1,0.0,0.0,0.0,0.007257629381506888,-0.0033025709884013954,-0.009048629554036595
1770702780.498418,1.2,0.0,0.03,1.23,0.0,0.1,0.0,0.0,0.0,-0.005502985628675949,-0.0024976669035130265,-0.006832309488921299
1770702780.9086277,1.2,0.0,0.03,1.23,0.0,0.1,0.0,0.0,0.0,0.006987891717866367,-0.0016661672900661314,-0.00790412532424412
1770702781.3172545,1.2,0.0,0.03,1.23,0.0,0.1,0.0,0.0,0.0,0.2704299079431955,0.00013039741663786145,-0.27067476312218486
1770702781.7299142,1.2,0.0,0.03,1.23,0.0,0.1,0.0,0.0,0.0,0.16244477165703156,-0.0039578229113038255,-0.16483250514547762
1770702782.1482778,1.2,0.0,0.03,1.23,0.0,0.1,0.0,0.0,0.0,-0.0022524164892612497,-0.003668858533077274,-0.004115742193622542
1770702782.5650697,1.2,0.0,0.03,1.23,0.0,0.1,0.0,0.0,0.0,0.21721591521679776,-0.0026339721459136176,-0.21863638992847093
1770702782.9784465,1.2,0.0,0.03,1.23,0.0,0.1,0.0,0.0,0.0,0.08448996487256848,-0.0029999941902251154,-0.08602656417211219
1770702783.38797,1.2,0.0,0.03,1.23,0.0,0.1,0.0,0.0,0.0,-0.003372995194239972,-0.0023302278119544982,-0.004605085738044283
1770702783.7952716,1.2,0.0,0.03,1.23,0.0,0.1,0.0,0.0,0.0,-0.004511187712469867,-0.00177371412584916,-0.005453696144004981
1770702784.2194052,1.2,0.0,0.03,1.23,0.0,0.1,0.0,0.0,0.0,-0.003312957460188765,-0.0013681664931839619,-0.0040375954700472665
1770702784.6297932,1.2,0.0,0.03,1.23,0.0,0.1,0.0,0.0,0.0,-0.002770957992667579,-0.0009750356227319082,-0.0032977888910787384
1770702785.0532846,1.2,0.0,0.03,1.23,0.0,0.1,0.0,0.0,0.0,-0.0019101370035635094,-0.0007474688219468307,-0.0023066280946154325
1770702785.4619424,1.2,0.0,0.03,1.23,0.0,0.1,0.0,0.0,0.0,-0.001529594812508749,-0.0006362466892722115,-0.0018588403704123168
1770702785.878934,1.2,0.0,0.03,1.23,0.0,0.1,0.0,0.0,0.0,-0.0011865352239673875,-0.0006541999661772055,-0.0015154305347464896
1770702786.3056946,1.2,0.0,0.03,1.23,0.0,0.1,0.0,0.0,0.0,-0.0009973529408360533,-0.0004370089593521671,-0.0012375765211946408
1770702786.7225442,1.2,0.0,0.03,1.23,0.0,0.1,0.0,0.0,0.0,-0.0007801836748880727,-0.0004893418445945625,-0.0010300878857095934
1770702787.1375897,1.2,0.0,0.03,1.23,0.0,0.1,0.0,0.0,0.0,-0.0005177653251479197,-0.000554838805839767,-0.0008017344241923235
1770702787.5559256,1.2,0.0,0.03,1.23,0.0,0.1,0.0,0.0,0.0,-0.0004041916765035063,-0.0004781699000082998,-0.000650943517090803
1770702787.964089,1.2,0.0,0.03,1.23,0.0,0.1,0.0,0.0,0.0,-0.00030696647439202186,-0.0004283074626147614,-0.0005261064494387563
1770702788.3987796,1.2,0.0,0.03,1.23,0.0,0.1,0.0,0.0,0.0,-0.00024332120450401486,-0.000411797845837537,-0.00045087108910050577
1770702788.8233802,1.2,0.0,0.03,1.23,0.0,0.1,0.0,0.0,0.0,-0.00020663965624417825,-0.00033107689066038927,-0.0003802501970920876
1770702789.2505715,1.2,0.0,0.03,1.23,0.0,0.1,0.0,0.0,0.0,-0.0001375685482919116,-0.00021437079484702535,-0.00025642455529676066
1770702789.6634064,1.2,0.0,0.03,1.23,0.0,0.1,0.0,0.0,0.0,-0.00010651092388656303,-0.0001223105940827012,-0.00017687224100434605
1770702790.073346,1.2,0.0,0.03,1.23,0.0,0.1,0.0,0.0,0.0,-8.281120950745119e-05,-3.5543383442421886e-05,-0.00010925962229269005
1770702790.4871726,1.2,0.0,0.03,1.23,0.0,0.1,0.0,0.0,0.0,-7.028896437821123e-05,-0.0001512226328060864,-0.0001574682057176209
1770702790.9033585,1.2,0.0,0.03,1.23,0.0,0.1,0.0,0.0,0.0,-0.15966975123159816,-0.000596309146697126,-0.16001241445633582
1770702791.3509126,1.2,0.0,0.03,1.23,0.0,0.1,0.0,0.0,0.0,-0.23635242056645578,0.0020808242303446537,-0.23766054601933229
1770702791.771771,1.2,0.0,0.03,1.23,0.0,0.1,0.0,0.0,0.0,-0.3266135060826926,-0.0035654668289192178,-0.32896086860307855
1770702792.2008476,1.2,0.0,0.03,1.23,0.0,0.1,0.0,0.0,0.0,-0.31346477010364016,-0.006578708710319647,-0.31705544864694
1770702792.626336,1.2,0.0,0.03,1.23,0.0,0.1,0.0,0.0,0.0,-0.2883047967259148,0.0004915515669805714,-0.2892575985371351
1770702793.03684,1.2,0.0,0.03,1.23,0.0,0.1,0.0,0.0,0.0,-0.3070353764209349,0.0004683162473142434,-0.30727185807655866
1770702793.4502983,1.2,0.0,0.03,1.23,0.0,0.1,0.0,0.0,0.0,-0.2703065701644664,0.0010979020646959092,-0.27091847977855255
1770702793.8616107,1.2,0.0,0.03,1.23,0.0,0.1,0.0,0.0,0.0,-0.2672955066023115,-0.0005808897810617338,-0.26775383067741815
1770702794.2757392,1.2,0.0,0.03,1.23,0.0,0.1,0.0,0.0,0.0,-0.23650962717468216,5.9934950139909824e-05,-0.23660367712287228
1770702794.6851137,1.2,0.0,0.03,1.23,0.0,0.1,0.0,0.0,0.0,-0.23690787678180475,0.0007057116035812412,-0.2373253102489395
1770702795.0928469,1.2,0.0,0.03,1.23,0.0,0.1,0.0,0.0,0.0,-0.09086586736571403,0.0005663573688064298,-0.09116298147359472
1770702795.504349,1.2,0.0,0.03,1.23,0.0,0.1,0.0,0.0,0.0,0.008856735840900857,-9.288117082337263e-05,-0.008969100280275524
1770702795.9156015,1.2,0.0,0.03,1.23,0.0,0.1,0.0,0.0,0.0,0.007732634978244787,-0.00013430570932364036,-0.007803930286756634
1770702796.3422797,1.2,0.0,0.03,1.23,0.0,0.1,0.0,0.0,0.0,0.006248320905095873,0.09677850464378411,-0.0643288542622987
1770702796.7589586,1.2,0.0,0.03,1.23,0.0,0.1,0.0,0.0,0.0,0.0037698535551726918,0.20365488853879218,-0.11628493621406959
1770702797.172435,1.2,0.0,0.03,1.23,0.0,0.1,0.0,0.0,0.0,0.0028424791000201417,0.28871247575425024,-0.15570447569869106
1770702797.602049,1.2,0.0,0.03,1.23,0.0,0.1,0.0,0.0,0.0,0.002382537843116601,0.36469384515368497,-0.19232759735990254
1770702798.0121148,1.2,0.0,0.03,1.23,0.0,0.1,0.0,0.0,0.0,0.0029302403579780176,0.41554030222581756,-0.21578503717810005
1770702798.4225934,1.2,0.0,0.03,1.23,0.0,0.1,0.0,0.0,0.0,-0.0005347134593211342,0.45397521308215905,-0.2313658110860348
1770702798.8367045,1.2,0.0,0.03,1.23,0.0,0.1,0.0,0.0,0.0,0.0022723606561280475,0.4695848135787844,-0.23862572749518277
1770702799.2423604,1.2,0.0,0.03,1.23,0.0,0.1,0.0,0.0,0.0,-0.0005917737369876427,0.44910616879506216,-0.22719272261289095
1770702799.692352,1.2,0.0,0.03,1.23,0.0,0.1,0.0,0.0,0.0,0.0007141925292622098,0.358971804809834,-0.18921353133270202
1770702800.1243017,1.2,0.0,0.03,1.23,0.0,0.1,0.0,0.0,0.0,-0.0008654937539489428,0.29135783747800903,-0.15330580922613596
1770702800.534992,1.2,0.0,0.03,1.23,0.0,0.1,0.0,0.0,0.0,-3.7064413903962465e-05,0.22436527643040677,-0.11891895873386757
1770702800.9560375,1.2,0.0,0.03,1.23,0.0,0.1,0.0,0.0,0.0,0.0002779854115394152,0.1781480448515851,-0.09397373099521414
1770702801.3709726,1.2,0.0,0.03,1.23,0.0,0.1,0.0,0.0,0.0,0.0002342945144559067,0.1413789935747249,-0.07460069642950437
1770702801.789401,1.2,0.0,0.03,1.23,0.0,0.1,0.0,0.0,0.0,0.00019765647815803052,0.1090099782946037,-0.057939547153472
1770702802.200581,1.2,0.0,0.03,1.23,0.0,0.1,0.0,0.0,0.0,0.00014544510447312724,0.08676660914172435,-0.045753086590623236
1770702802.610138,1.2,0.0,0.03,1.23,0.0,0.1,0.0,0.0,0.0,0.00011290242736482534,0.06875317460850534,-0.03629083318493939
1770702803.025647,1.2,0.0,0.03,1.23,0.0,0.1,0.0,0.0,0.0,9.282429637113251e-05,0.0544020805432392,-0.028728973974517347
1770702803.4430206,1.2,0.0,0.03,1.23,0.0,0.1,0.0,0.0,0.0,0.027302476916067603,0.043588914723329535,-0.05017825085972334
1770702803.8537796,1.2,0.0,0.03,1.23,0.0,0.1,0.0,0.0,0.0,0.27468305782488744,0.0436127657168527,-0.2964918257826661
1770702804.2659173,1.2,0.0,0.03,1.23,0.0,0.1,0.0,0.0,0.0,0.06233311008559841,0.030664290675535576,-0.0789601029274979
1770702804.6829267,1.2,0.0,0.03,1.23,0.0,0.1,0.0,0.0,0.0,-0.0026415737185462194,0.02448720913521319,-0.015502886440185054
1770702805.095207,1.2,0.0,0.03,1.23,0.0,0.1,0.0,0.0,0.0,-0.0024233526783771077,0.019455095895292342,-0.012654111950015364
1770702805.520309,1.2,0.0,0.03,1.23,0.0,0.1,0.0,0.0,0.0,-0.0018885622492103515,0.015482601769791078,-0.010027112546656017
1770702805.9305825,1.2,0.0,0.03,1.23,0.0,0.1,0.0,0.0,0.0,-0.0015826583722660323,0.011993511469684743,-0.007928323137119038
1770702806.3457384,1.2,0.0,0.03,1.23,0.0,0.1,0.0,0.0,0.0,0.023084844102953778,0.009541948206620018,-0.02810097453257026
1770702806.7584171,1.2,0.0,0.03,1.23,0.0,0.1,0.0,0.0,0.0,0.30660496075231203,0.0029647417617061815,-0.3087450522776565
1770702807.172914,1.2,0.0,0.03,1.23,0.0,0.1,0.0,0.0,0.0,0.36846976867286285,-0.04523957176512719,-0.3959099859081098
1770702807.5870256,1.2,0.0,0.03,1.23,0.0,0.1,0.0,0.0,0.0,0.2778220114971615,-0.08715396733192908,-0.3255904347198062
1770702808.029831,1.2,0.0,0.03,1.23,0.0,0.1,0.0,0.0,0.0,0.24579483350956308,-0.07532904230702007,-0.284641847165564
1770702808.4388125,1.2,0.0,0.03,1.23,0.0,0.1,0.0,0.0,0.0,0.24191802045057775,-0.0509281961106396,-0.2698222031255356
1770702808.8569317,1.2,0.0,0.03,1.23,0.0,0.1,0.0,0.0,0.0,0.24209536855133892,-0.03965003025441211,-0.26304820026416775
1770702809.2692802,1.2,0.0,0.03,1.23,0.0,0.1,0.0,0.0,0.0,0.2204467970911183,-0.0054423667418345015,-0.22658874681329333
1770702809.691998,1.2,0.0,0.03,1.23,0.0,0.1,0.0,0.0,0.0,0.21248049299712543,0.011398265871875955,-0.21986368919443447
1770702810.118021,1.2,0.0,0.03,1.23,0.0,0.1,0.0,0.0,0.0,0.20904779095249165,0.004037657319166758,-0.21180268046734596
1770702810.5294387,1.2,0.0,0.03,1.23,0.0,0.1,0.0,0.0,0.0,0.20566599738543245,0.014887844049228757,-0.21419493808305304
1770702810.944323,1.2,0.0,0.03,1.23,0.0,0.1,0.0,0.0,0.0,0.20923771385288675,0.018220149894536894,-0.218681019384686
1770702811.3607388,1.2,0.0,0.03,1.23,0.0,0.1,0.0,0.0,0.0,0.21073076887396028,0.011290364815348007,-0.21706892978955317
1770702811.7682562,1.2,0.0,0.03,1.23,0.0,0.1,0.0,0.0,0.0,0.21044297013590826,0.00781580439634382,-0.2146983283759806
1770702812.1775217,1.2,0.0,0.03,1.23,0.0,0.1,0.0,0.0,0.0,0.20929248877507792,0.006020720301397887,-0.21248235733527146
1770702812.587927,1.2,0.0,0.03,1.23,0.0,0.1,0.0,0.0,0.0,0.20464643652540823,0.00429969720244401,-0.20696838743652562
1770702813.0000043,1.2,0.0,0.03,1.23,0.0,0.1,0.0,0.0,0.0,0.19987632310450518,0.004262375683246177,-0.20201124309804805
1770702813.4074762,1.2,0.0,0.03,1.23,0.0,0.1,0.0,0.0,0.0,0.19739024371865285,0.00215140178171649,-0.19867704199966404
1770702813.817124,1.2,0.0,0.03,1.23,0.0,0.1,0.0,0.0,0.0,0.19463323582464243,0.0006378078389606794,-0.19510349913839833
1770702814.2248914,1.2,0.0,0.03,1.23,0.0,0.1,0.0,0.0,0.0,0.18530677065330284,-0.033385608316283504,-0.205401916426969
1770702814.6415417,1.2,0.0,0.03,1.23,0.0,0.1,0.0,0.0,0.0,0.16329761093709175,-0.09354775758642636,-0.21608770465731922
1770702815.0547204,1.2,0.0,0.03,1.23,0.0,0.1,0.0,0.0,0.0,0.15497099654487492,-0.14148806610613382,-0.23050906044991257
1770702815.4724054,1.2,0.0,0.03,1.23,0.0,0.1,0.0,0.0,0.0,0.009654342444142441,-0.1367116566492646,-0.07848781171446166
1770702815.8872335,1.2,0.0,0.03,1.23,0.0,0.1,0.0,0.0,0.0,-0.006759748118452856,-0.10488475391579681,-0.06238481534969804
1770702816.3059437,1.2,0.0,0.03,1.23,0.0,0.1,0.0,0.0,0.0,-0.004933816675049915,-0.0835487662009725,-0.048841798547018596
1770702816.7203028,1.2,0.0,0.03,1.23,0.0,0.1,0.0,0.0,0.0,-0.004296091479026851,-0.06733224718723418,-0.03958386697401777
1770702817.139881,1.2,0.0,0.03,1.23,0.0,0.1,0.0,0.0,0.0,-0.0029695143529797304,-0.051722723562301565,-0.030391828496623776
1770702817.5556765,1.2,0.0,0.03,1.23,0.0,0.1,0.0,0.0,0.0,-0.002254062634722267,-0.04135793508744232,-0.023969509025929352
1770702817.9685836,1.2,0.0,0.03,1.23,0.0,0.1,0.0,0.0,0.0,-0.0017499182331261894,-0.03290839954844029,-0.019049071561246536
1770702818.387159,1.2,0.0,0.03,1.23,0.0,0.1,0.0,0.0,0.0,-0.0015239909466361133,-0.025430808204630204,-0.014987154183332223
1770702818.797632,1.2,0.0,0.03,1.23,0.0,0.1,0.0,0.0,0.0,-0.0010911210126921486,-0.020455671565241407,-0.011816470459251731
1770702819.219025,1.2,0.0,0.03,1.23,0.0,0.1,0.0,0.0,0.0,-0.000864620502863924,-0.016196919846954427,-0.009388955598169836
1770702819.6298337,1.2,0.0,0.03,1.23,0.0,0.1,0.0,0.0,0.0,-0.0006087670834910878,-0.012416935744870197,-0.007195233366134609
1770702820.041387,1.2,0.0,0.03,1.23,0.0,0.1,0.0,0.0,0.0,-0.00045975843101449894,-0.009867187857453639,-0.005648327148482974
1770702820.4534051,1.2,0.0,0.03,1.23,0.0,0.1,0.0,0.0,0.0,-0.000359333347711079,-0.007870975904977238,-0.004494442495447337
1770702820.8629353,1.2,0.0,0.03,1.23,0.0,0.1,0.0,0.0,0.0,-0.0003207262518883663,-0.0062467929135072734,-0.0036065410077889995
1770702821.2806916,1.2,0.0,0.03,1.23,0.0,0.1,0.0,0.0,0.0,-0.00022846880054198972,-0.004785332954735652,-0.0027672812737869782
1770702821.689603,1.2,0.0,0.03,1.23,0.0,0.1,0.0,0.0,0.0,-0.00017770972201548298,-0.003833305723388355,-0.00218956530684439
1770702822.0980961,1.2,0.0,0.03,1.23,0.0,0.1,0.0,0.0,0.0,-0.00013812660694571648,-0.0031142692835702977,-0.001767164892712671
1770702822.5109878,1.2,0.0,0.03,1.23,0.0,0.1,0.0,0.0,0.0,-9.997809738369038e-05,-0.002398642982194484,-0.0013708622186185137
1770702822.9303727,1.2,0.0,0.03,1.23,0.0,0.1,0.0,0.0,0.0,-8.305359120483405e-05,-0.0019976494020471774,-0.0011219776502431535
1770702823.347917,1.2,0.0,0.03,1.23,0.0,0.1,0.0,0.0,0.0,-5.7126332234894233e-05,-0.0015955202712196247,-0.0008950993809274619
1770702823.757453,1.2,0.0,0.03,1.23,0.0,0.1,0.0,0.0,0.0,-5.4511197332597013e-05,-0.0012542816574417782,-0.0007157758874312708
1770702824.1712992,1.2,0.0,0.03,1.23,0.0,0.1,0.0,0.0,0.0,-3.4461434536230085e-05,-0.0010725569837248495,-0.0005889123937703477
1770702824.5891867,1.2,0.0,0.03,1.23,0.0,0.1,0.0,0.0,0.0,-2.6760824134477172e-05,-0.0009753781766256366,-0.0005241677931572169
1770702824.9988444,1.2,0.0,0.03,1.23,0.0,0.1,0.0,0.0,0.0,-2.2145884545599912e-05,-0.0008127878047521432,-0.00044479882410902087
1770702825.4061365,1.2,0.0,0.03,1.23,0.0,0.1,0.0,0.0,0.0,-1.7140352019720233e-05,-0.0005158650388306769,-0.0003047651480272053
1770702825.81735,1.2,0.0,0.03,1.23,0.0,0.1,0.0,0.0,0.0,-1.3361728957287817e-05,-0.00038699949797880084,-0.00021974803203187585
1770702826.2463362,1.2,0.0,0.03,1.23,0.0,0.1,0.0,0.0,0.0,-9.084083313210348e-06,-0.00019877215693004743,-0.0001272928958831094
1770702826.6584334,1.2,0.0,0.03,1.23,0.0,0.1,0.0,0.0,0.0,-7.067748083480435e-06,-0.0001781539093420062,-9.820652751328765e-05
1770702827.075756,1.2,0.0,0.03,1.23,0.0,0.1,0.0,0.0,0.0,-5.491085413824508e-06,-0.0001023585645097837,-6.42499021519386e-05
1770702827.4954343,1.2,0.0,0.03,1.23,0.0,0.1,0.0,0.0,0.0,-4.545779837721026e-06,-8.524902847905405e-05,-4.888124768032102e-05
1770702827.9062667,1.2,0.0,0.03,1.23,0.0,0.1,0.0,0.0,0.0,-3.5240452800326e-06,-8.259858284745357e-05,-4.508838126691943e-05
1770702828.317972,1.2,0.0,0.03,1.23,0.0,0.1,0.0,0.0,0.0,-2.698552634656252e-06,-0.00016556355600650752,-9.37768279538154e-05
1770702828.7259328,1.2,0.0,0.03,1.23,0.0,0.1,0.0,0.0,0.0,-2.126401557019581e-06,-0.0001365100588465868,-7.328678069630505e-05
1770702829.1475346,1.2,0.0,0.03,1.23,0.0,0.1,0.0,0.0,0.0,-1.4435292682468723e-06,-0.00032066871092076505,-0.00018019374993604722
1770702829.5609584,1.2,0.0,0.03,1.23,0.0,0.1,0.0,0.0,0.0,-1.395778633731358e-06,-0.0002897196755269764,-0.00014935051993659844
1770702829.9751344,1.2,0.0,0.03,1.23,0.0,0.1,0.0,0.0,0.0,-8.735508866454602e-07,-0.0002304313782085143,-0.00012201806972274881
1770702830.3846202,1.2,0.0,0.03,1.23,0.0,0.1,0.0,0.0,0.0,-7.308067413178904e-07,-0.0003468588785066245,-0.00018580299602444117
1770702830.7956214,1.2,0.0,0.03,1.23,0.0,0.1,0.0,0.0,0.0,-5.682339352675403e-07,-0.00020858550343782995,-0.00011868832316106198
1770702831.2110813,1.2,0.0,0.03,1.23,0.0,0.1,0.0,0.0,0.0,-4.412929557283394e-07,-0.00013967192182807775,-7.716861203074243e-05
1770702831.648431,1.2,0.0,0.03,1.23,0.0,0.1,0.0,0.0,0.0,-2.9837075520235525e-07,-0.00024630896179247687,-0.00013411655564788072
1770702832.0617404,1.2,0.0,0.03,1.23,0.0,0.1,0.0,0.0,0.0,-2.3132199727513772e-07,-9.69760098904442e-05,-6.36526221327005e-05
1770702832.4724576,1.2,0.0,0.03,1.23,0.0,0.1,0.0,0.0,0.0,-2.2375066588283494e-07,-0.0001353512018015901,-7.173687075779248e-05
1770702832.8826709,1.2,0.0,0.03,1.23,0.0,0.1,0.0,0.0,0.0,-1.422236435993751e-07,-0.00021831616704296356,-0.0001175968036892185
1770702833.293256,1.2,0.0,0.03,1.23,0.0,0.1,0.0,0.0,0.0,-1.0530210638242406e-07,-0.0001903106127759224,-9.806116392104774e-05
1770702833.70222,1.2,0.0,0.03,1.23,0.0,0.1,0.0,0.0,0.0,-9.094270432827766e-08,-0.00024200965773322239,-0.00012626567606666947
1770702834.1120203,1.2,0.0,0.03,1.23,0.0,0.1,0.0,0.0,0.0,-6.60640819136622e-08,-0.00019859353705802422,-0.00010370444467844559
1770702834.5231817,1.2,0.0,0.03,1.23,0.0,0.1,0.0,0.0,0.0,-5.4790917311614654e-08,-0.0003320640753099,-0.0001794338823974492
1770702834.944639,1.2,0.0,0.03,1.23,0.0,0.1,0.0,0.0,0.0,-4.0237295613396124e-08,-0.00019666740243420156,-0.00011191360580028401
1770702835.3617198,1.2,0.0,0.03,1.23,0.0,0.1,0.0,0.0,0.0,-2.8576316554853662e-08,-0.0003084199136480017,-0.00016541378426193572
1770702835.779634,1.2,0.0,0.03,1.23,0.0,0.1,0.0,0.0,0.0,-2.318633989690448e-08,-0.0002922595678332297,-0.00014776900483798894
1770702836.1898613,1.2,0.0,0.03,1.23,0.0,0.1,0.0,0.0,0.0,-1.809300463951086e-08,-0.0001778415095014766,-0.00010038065358855312
1770702836.6170428,1.2,0.0,0.03,1.23,0.0,0.1,0.0,0.0,0.0,-1.4907495528247814e-08,-0.00010259257572843091,-5.883608873704827e-05
1770702837.0290027,1.2,0.0,0.03,1.23,0.0,0.1,0.0,0.0,0.0,-9.979955292725679e-09,4.424238481239822e-05,-3.681466841557475e-05
1770702837.446395,1.2,0.0,0.03,1.23,0.0,0.1,0.0,0.0,0.0,-7.738706243834269e-09,-3.267046291676381e-05,-2.4034254937541943e-05
1770702837.8557868,1.2,0.0,0.03,1.23,0.0,0.1,0.0,0.0,0.0,-6.0166097994719295e-09,2.344907880833252e-05,-1.7342510186475363e-05
1770702838.2650685,1.2,0.0,0.03,1.23,0.0,0.1,0.0,0.0,0.0,-4.671409377846675e-09,1.704605906648518e-05,-9.16800291680517e-06
1770702838.6795185,1.2,0.0,0.03,1.23,0.0,0.1,0.0,0.0,0.0,-3.622383648999848e-09,6.932011205691588e-05,-3.9891083711150006e-05
1770702839.0952492,1.2,0.0,0.03,1.23,0.0,0.1,0.0,0.0,0.0,-3.0719825228790232e-09,8.637070419602003e-07,-7.280566004998547e-06
1770702839.5042384,1.2,0.0,0.03,1.23,0.0,0.1,0.0,0.0,0.0,-2.382539598732581e-09,-8.7854985213128e-05,-5.280174437167155e-05
1770702839.9137518,1.2,0.0,0.03,1.23,0.0,0.1,0.0,0.0,0.0,-1.8497210312297642e-09,-0.00016006594975523386,-8.725592105285874e-05
1770702840.3252666,1.2,0.0,0.03,1.23,0.0,0.1,0.0,0.0,0.0,-1.4285799625264684e-09,-0.00025343544622795236,-0.00013605610134121056
1770702840.7396693,1.2,0.0,0.03,1.23,0.0,0.1,0.0,0.0,0.0,-9.548491524684163e-10,-0.00016216577041429467,-9.021080763766557e-05
1770702841.1488397,1.2,0.0,0.03,1.23,0.0,0.1,0.0,0.0,0.0,-7.410788299906251e-10,-8.74791576426608e-05,-5.120898117732378e-05
1770702841.5605357,1.2,0.0,0.03,1.23,0.0,0.1,0.0,0.0,0.0,-5.743604460266299e-10,-2.7060439952806494e-05,-1.9572666105834704e-05
1770702841.970742,1.2,0.0,0.03,1.23,0.0,0.1,0.0,0.0,0.0,-4.4636340468510053e-10,4.165983385276218e-05,-2.770239067034264e-05
1770702842.382347,1.2,0.0,0.03,1.23,0.0,0.1,0.0,0.0,0.0,-3.8089505611452154e-10,-4.030820878957896e-05,-2.8351289554079708e-05
1770702842.7982981,1.2,0.0,0.03,1.23,0.0,0.1,0.0,0.0,0.0,-2.953440073750855e-10,-0.00013343540809371247,-7.603071932127696e-05
1770702843.2108603,1.2,0.0,0.03,1.23,0.0,0.1,0.0,0.0,0.0,-2.290155404209193e-10,-0.00015587458599428434,-8.018143980273977e-05
1770702843.6234035,1.2,0.0,0.03,1.23,0.0,0.1,0.0,0.0,0.0,-1.6749011605619686e-10,-0.00016771739697323795,-8.50431470746304e-05
1770702844.0393229,1.2,0.0,0.03,1.23,0.0,0.1,0.0,0.0,0.0,-1.1837074759118115e-10,-0.00020179524655585375,-0.00010430552660693605
1770702844.4600866,1.2,0.0,0.03,1.23,0.0,0.1,0.0,0.0,0.0,-8.960808433649393e-11,-0.00023501583391864162,-0.00012083006530368394
1770702844.8810632,1.2,0.0,0.03,1.23,0.0,0.1,0.0,0.0,0.0,-7.329991535441802e-11,-0.00022274289420433788,-0.00011259881437351468
1770702845.2974722,1.2,0.0,0.03,1.23,0.0,0.1,0.0,0.0,0.0,-5.657435876400753e-11,-0.00020181162175332876,-0.00010299899469612406
1770702845.7052972,1.2,0.0,0.03,1.23,0.0,0.1,0.0,0.0,0.0,-4.430958214859247e-11,-0.00020136213893036782,-0.00010072606205706216
1770702846.1146092,1.2,0.0,0.03,1.23,0.0,0.1,0.0,0.0,0.0,-3.419781311242419e-11,-0.00010784549142156197,-6.327444465947468e-05
1770702846.5271761,1.2,0.0,0.03,1.23,0.0,0.1,0.0,0.0,0.0,-2.36520932509685e-11,-6.866016487795298e-05,-3.8248638745430636e-05
1770702846.9375284,1.2,0.0,0.03,1.23,0.0,0.1,0.0,0.0,0.0,-1.838033455810722e-11,-3.976765330565598e-05,-2.2773096190392247e-05
1770702847.3582847,1.2,0.0,0.03,1.23,0.0,0.1,0.0,0.0,0.0,-1.7354415525304482e-11,7.483996336470915e-06,-8.467180486863672e-06
1770702847.7676692,1.2,0.0,0.03,1.23,0.0,0.1,0.0,0.0,0.0,-1.1073658003214213e-11,5.4333978246073e-05,-3.185199838765471e-05
1770702848.1817122,1.2,0.0,0.03,1.23,0.0,0.1,0.0,0.0,0.0,-9.056970415138093e-12,5.6129439859574034e-05,-2.8244275148107534e-05
1770702848.604481,1.2,0.0,0.03,1.23,0.0,0.1,0.0,0.0,0.0,-7.0354554127096884e-12,-3.602316994233938e-05,-2.7226852986816444e-05
1770702849.018614,1.2,0.0,0.03,1.23,0.0,0.1,0.0,0.0,0.0,-5.4398646168510105e-12,-0.00012170679821958706,-6.942176737738291e-05
1770702849.4317353,1.2,0.0,0.03,1.23,0.0,0.1,0.0,0.0,0.0,-3.774618221210042e-12,-0.00021099011672418095,-0.00011442339398716808
1770702849.8513887,1.2,0.0,0.03,1.23,0.0,0.1,0.0,0.0,0.0,-2.9283896503173498e-12,-0.00015216749874482675,-8.196601409873845e-05
1770702850.2630627,1.2,0.0,0.03,1.23,0.0,0.1,0.0,0.0,0.0,-2.271766582466627e-12,-0.00015888857642297181,-8.0116398251067e-05
1770702850.673173,1.2,0.0,0.03,1.23,0.0,0.1,0.0,0.0,0.0,-1.7495239592509267e-12,-0.00025388836495374037,-0.00013644416307947099
1770702851.086471,1.2,0.0,0.03,1.23,0.0,0.1,0.0,0.0,0.0,-1.4013060807126523e-12,-0.0002721386011692646,-0.0001378943256074908
1770702851.4978478,1.2,0.0,0.03,1.23,0.0,0.1,0.0,0.0,0.0,-1.043367053294507e-12,-0.00020251982683122582,-0.00010822179189278384
1770702851.910281,1.2,0.0,0.03,1.23,0.0,0.1,0.0,0.0,0.0,-8.754305541613019e-13,-0.00019949520597268642,-0.00010005006594762771
1770702852.3245761,1.2,0.0,0.03,1.23,0.0,0.1,0.0,0.0,0.0,-6.849345476643196e-13,-0.0001616711473242975,-8.461798021192218e-05
1770702852.7388828,1.2,0.0,0.03,1.23,0.0,0.1,0.0,0.0,0.0,-4.658416063179474e-13,-1.809270676102687e-05,-2.3404197902682104e-05
1770702853.1543903,1.2,0.0,0.03,1.23,0.0,0.1,0.0,0.0,0.0,-3.6191632578013647e-13,-7.01500246179408e-05,-4.028074445657812e-05
1770702853.5842566,1.2,0.0,0.03,1.23,0.0,0.1,0.0,0.0,0.0,-2.7904168275686065e-13,-8.161794333972533e-05,-4.19557638210828e-05
1770702854.0121915,1.2,0.0,0.03,1.23,0.0,0.1,0.0,0.0,0.0,-2.3162295883625063e-13,-5.6685605637275347e-05,-3.083603682050563e-05
1770702854.4204092,1.2,0.0,0.03,1.23,0.0,0.1,0.0,0.0,0.0,-1.8155237538487615e-13,-5.178027509100818e-05,-2.638067078168318e-05
1770702854.832423,1.2,0.0,0.03,1.23,0.0,0.1,0.0,0.0,0.0,-1.2326774609684218e-13,-0.00013755493854262284,-7.735493573974064e-05
1770702855.241392,1.2,0.0,0.03,1.23,0.0,0.1,0.0,0.0,0.0,-9.549916359121442e-14,-0.00018428981726505294,-9.681839660026865e-05
1770702855.6537673,1.2,0.0,0.03,1.23,0.0,0.1,0.0,0.0,0.0,-7.410101136526919e-14,-0.00016872232158340262,-8.591791043396736e-05
1770702856.0656886,1.2,0.0,0.03,1.23,0.0,0.1,0.0,0.0,0.0,-5.770281565351588e-14,-0.0002469691322328221,-0.0001313092472390558
1770702856.4773645,1.2,0.0,0.03,1.23,0.0,0.1,0.0,0.0,0.0,-4.829130736330448e-14,-0.00028698298925825027,-0.00014749288037995927
1770702856.890962,1.2,0.0,0.03,1.23,0.0,0.1,0.0,0.0,0.0,-3.754209882210207e-14,-0.0002757630197138084,-0.00013900350684889048
1770702857.320268,1.2,0.0,0.03,1.23,0.0,0.1,0.0,0.0,0.0,-2.928821171684368e-14,-0.0001098517423548916,-7.151699894262569e-05
1770702857.7342458,1.2,0.0,0.03,1.23,0.0,0.1,0.0,0.0,0.0,-1.964170716512308e-14,-2.7095543874065325e-05,-2.1823391804756998e-05
1770702858.1449523,1.2,0.0,0.03,1.23,0.0,0.1,0.0,0.0,0.0,-1.5256782714201334e-14,-3.6037843390520854e-05,-1.891315166216276e-05
1770702858.566562,1.2,0.0,0.03,1.23,0.0,0.1,0.0,0.0,0.0,-1.418760810003492e-14,3.9892808811273544e-06,-5.997352881916106e-06
1770702858.9935255,1.2,0.0,0.03,1.23,0.0,0.1,0.0,0.0,0.0,-1.0041214032246122e-14,6.299455926948234e-05,-3.739780748361789e-05
1770702859.405966,1.2,0.0,0.03,1.23,0.0,0.1,0.0,0.0,0.0,-7.424964501520634e-15,4.535831289267956e-05,-2.4442781091445024e-05
1770702859.8187983,1.2,0.0,0.03,1.23,0.0,0.1,0.0,0.0,0.0,-6.100872407302587e-15,-7.60709872371064e-05,-5.017842363763267e-05
1770702860.2480762,1.2,0.0,0.03,1.23,0.0,0.1,0.0,0.0,0.0,-3.968311891279301e-15,-3.909514866875394e-05,-2.324515819518053e-05
1770702860.6578767,1.2,0.0,0.03,1.23,0.0,0.1,0.0,0.0,0.0,-3.152292490367403e-15,-0.00014843359051931032,-8.515063944786309e-05
1770702861.0667336,1.2,0.0,0.03,1.23,0.0,0.1,0.0,0.0,0.0,-2.451453359285309e-15,-0.00017121703302898323,-8.788686076791035e-05
1770702861.4757843,1.2,0.0,0.03,1.23,0.0,0.1,0.0,0.0,0.0,-1.8858654232585916e-15,-0.00017648721706801004,-8.877062693979357e-05
1770702861.8899212,1.2,0.0,0.03,1.23,0.0,0.1,0.0,0.0,0.0,-1.532669071101241e-15,-0.00016313760484522064,-8.290376364642192e-05
1770702862.3040724,1.2,0.0,0.03,1.23,0.0,0.1,0.0,0.0,0.0,-1.2446300833563697e-15,-0.00021544749651576596,-0.00011295473742618213
1770702862.7136917,1.2,0.0,0.03,1.23,0.0,0.1,0.0,0.0,0.0,-9.743250520198473e-16,-0.00013963934074807043,-7.740048595177909e-05
1770702863.1288521,1.2,0.0,0.03,1.23,0.0,0.1,0.0,0.0,0.0,-7.567804685170118e-16,-3.884438299768788e-05,-2.9501687274638975e-05
1770702863.5456715,1.2,0.0,0.03,1.23,0.0,0.1,0.0,0.0,0.0,-5.045728836942381e-16,-8.661289356974512e-05,-4.808329784258286e-05
1770702863.9725907,1.2,0.0,0.03,1.23,0.0,0.1,0.0,0.0,0.0,-3.8247790065193057e-16,-2.5755398490776895e-05,-1.8963448753667748e-05
1770702864.386352,1.2,0.0,0.03,1.23,0.0,0.1,0.0,0.0,0.0,-3.128043459035035e-16,-5.900169212555878e-06,-4.935607534412845e-06
1770702864.7979443,1.2,0.0,0.03,1.23,0.0,0.1,0.0,0.0,0.0,-2.3137511053296085e-16,-1.463250703431225e-05,-8.189487299563137e-06
1770702865.2102103,1.2,0.0,0.03,1.23,0.0,0.1,0.0,0.0,0.0,-1.9156165979932756e-16,-0.00010893983561774666,-6.390065066740833e-05
1770702865.622243,1.2,0.0,0.03,1.23,0.0,0.1,0.0,0.0,0.0,-1.5709641557679903e-16,-8.636927010956742e-05,-4.544169160575873e-05
1770702866.0342476,1.2,0.0,0.03,1.23,0.0,0.1,0.0,0.0,0.0,-1.0209309246828944e-16,-0.00012959561823354157,-6.912044392927029e-05
1770702866.443595,1.2,0.0,0.03,1.23,0.0,0.1,0.0,0.0,0.0,-8.029330596064577e-17,-0.0001663785999224553,-8.686759813019933e-05
1770702866.8542528,1.2,0.0,0.03,1.23,0.0,0.1,0.0,0.0,0.0,-6.219064020819265e-17,-0.0001441912920587542,-7.43143768158094e-05
1770702867.2662551,1.2,0.0,0.03,1.23,0.0,0.1,0.0,0.0,0.0,-4.851591563327718e-17,-6.549259358676554e-05,-4.0616166640630154e-05
1770702867.6840181,1.2,0.0,0.03,1.23,0.0,0.1,0.0,0.0,0.0,-4.145820344102761e-17,-7.486780664862572e-05,-3.8371424630540334e-05
1770702868.1065857,1.2,0.0,0.03,1.23,0.0,0.1,0.0,0.0,0.0,-3.209847087070858e-17,-5.551313857310179e-05,-2.9692036094135384e-05
1770702868.5156493,1.2,0.0,0.03,1.23,0.0,0.1,0.0,0.0,0.0,-2.3098001206824433e-17,-0.00014983344308712674,-8.434875199498896e-05
1770702868.9252334,1.2,0.0,0.03,1.23,0.0,0.1,0.0,0.0,0.0,-1.9372197731378163e-17,-0.00010606673443215163,-5.74100380815927e-05
1770702869.3427198,1.2,0.0,0.03,1.23,0.0,0.1,0.0,0.0,0.0,-1.2875402724966391e-17,-9.10281449246942e-05,-4.701793141310572e-05
1770702869.7525055,1.2,0.0,0.03,1.23,0.0,0.1,0.0,0.0,0.0,-9.970128893774531e-18,-8.514449163445439e-05,-4.316061114626114e-05
1770702870.1634312,1.2,0.0,0.03,1.23,0.0,0.1,0.0,0.0,0.0,-7.618299536990601e-18,1.935343051698685e-05,-2.0126507473645168e-05
1770702870.5808046,1.2,0.0,0.03,1.23,0.0,0.1,0.0,0.0,0.0,-6.208324494654443e-18,-0.00012797370861932018,-7.8719568223297e-05
1770702870.9962623,1.2,0.0,0.03,1.23,0.0,0.1,0.0,0.0,0.0,-5.090893377076912e-18,-0.00017166185790023187,-9.01997438782122e-05
1770702871.4182703,1.2,0.0,0.03,1.23,0.0,0.1,0.0,0.0,0.0,-3.719667066321937e-18,-0.0002579299391043566,-0.0001375917776725945
1770702871.8446684,1.2,0.0,0.03,1.23,0.0,0.1,0.0,0.0,0.0,-2.592269243340129e-18,-0.0002563736809927333,-0.00012834246630753158
1770702872.2606003,1.2,0.0,0.03,1.23,0.0,0.1,0.0,0.0,0.0,-2.040972119395069e-18,-0.0003533952514663649,-0.00018639978278054762
1770702872.6706047,1.2,0.0,0.03,1.23,0.0,0.1,0.0,0.0,0.0,-1.5639042279141369e-18,-0.00027881565200889953,-0.00014686578595019787
1770702873.0850399,1.2,0.0,0.03,1.23,0.0,0.1,0.0,0.0,0.0,-1.2814325298200168e-18,-0.00025544273383276944,-0.000130058658733999
1770702873.5019252,1.2,0.0,0.03,1.23,0.0,0.1,0.0,0.0,0.0,-9.963762896990422e-19,-0.00016929770169607885,-9.326335406170948e-05
1770702873.9207747,1.2,0.0,0.03,1.23,0.0,0.1,0.0,0.0,0.0,-7.735857010229666e-19,-0.00010806987086332432,-6.0157718514938384e-05
1770702874.3415263,1.2,0.0,0.03,1.23,0.0,0.1,0.0,0.0,0.0,-5.327123027765729e-19,7.403284111609691e-05,-5.5226691755991115e-05
1770702874.758049,1.2,0.0,0.03,1.23,0.0,0.1,0.0,0.0,0.0,-4.134075256265798e-19,0.00011065879805073354,-5.899199471883085e-05
1770702875.1751173,1.2,0.0,0.03,1.23,0.0,0.1,0.0,0.0,0.0,-3.2088849947783657e-19,-2.6576165710834785e-05,-2.7011579231574545e-05
1770702875.6136794,1.2,0.0,0.03,1.23,0.0,0.1,0.0,0.0,0.0,-2.6425384538477745e-19,-8.360175208447288e-05,-4.750343467960052e-05
1770702876.0229492,1.2,0.0,0.03,1.23,0.0,0.1,0.0,0.0,0.0,-1.9354574334887008e-19,-3.840948408913894e-05,-2.3723968844103058e-05
1770702876.4382162,1.2,0.0,0.03,1.23,0.0,0.1,0.0,0.0,0.0,-1.4075489946097828e-19,-6.924993108055344e-05,-3.770901023941831e-05
1770702876.8501246,1.2,0.0,0.03,1.23,0.0,0.1,0.0,0.0,0.0,-1.0901947967548572e-19,-0.00022829346694851245,-0.00013005108706105225
1770702877.2623937,1.2,0.0,0.03,1.23,0.0,0.1,0.0,0.0,0.0,-8.477351376587772e-20,-0.0001574450553371026,-8.580736882969237e-05
1770702877.679179,1.2,0.0,0.03,1.23,0.0,0.1,0.0,0.0,0.0,-6.566774771463552e-20,-0.00022247003625371257,-0.00011773751621851736
1770702878.0977232,1.2,0.0,0.03,1.23,0.0,0.1,0.0,0.0,0.0,-5.430812903677294e-20,-7.48842523778964e-05,-5.220070457652987e-05
1770702878.5084097,1.2,0.0,0.03,1.23,0.0,0.1,0.0,0.0,0.0,-4.221233173999595e-20,7.014272538540037e-05,-4.95740604690299e-05
1770702878.916115,1.2,0.0,0.03,1.23,0.0,0.1,0.0,0.0,0.0,-3.251157710543293e-20,5.846705524182128e-05,-3.040109463526858e-05
1770702879.3283722,1.2,0.0,0.03,1.23,0.0,0.1,0.0,0.0,0.0,-2.237973641703364e-20,0.00011979465820102607,-6.603008939643354e-05
1770702879.7439847,1.2,0.0,0.03,1.23,0.0,0.1,0.0,0.0,0.0,-1.7338813117836112e-20,1.6342815627572724e-05,-1.8516592071131716e-05
1770702880.175634,1.2,0.0,0.03,1.23,0.0,0.1,0.0,0.0,0.0,-1.5884925002896005e-20,0.00010787485298040543,-6.3090630225486e-05
1770702880.5897248,1.2,0.0,0.03,1.23,0.0,0.1,0.0,0.0,0.0,-1.1309562487548912e-20,4.442092337954745e-05,-2.8555854649859533e-05
1770702881.0140808,1.2,0.0,0.03,1.23,0.0,0.1,0.0,0.0,0.0,-8.285330104233592e-21,-3.3645610280095075e-05,-2.4629458506011798e-05
1770702881.4336925,1.2,0.0,0.03,1.23,0.0,0.1,0.0,0.0,0.0,-6.407373611704533e-21,-0.0001688686819047874,-9.795664811486293e-05
1770702881.8775098,1.2,0.0,0.03,1.23,0.0,0.1,0.0,0.0,0.0,-4.989570278939575e-21,-0.000310428101329899,-0.0001693699926074607
1770702882.2912033,1.2,0.0,0.03,1.23,0.0,0.1,0.0,0.0,0.0,-3.837852887618115e-21,-0.00027080424531249843,-0.00013936450825798927
1770702882.7171009,1.2,0.0,0.03,1.23,0.0,0.1,0.0,0.0,0.0,-2.998753629935945e-21,-0.0004262714966811962,-0.0002286824734774679
1770702883.1289842,1.2,0.0,0.03,1.23,0.0,0.1,0.0,0.0,0.0,-2.3266639054284337e-21,-0.00027193370363589215,-0.00015140063112247649
1770702883.5402298,1.2,0.0,0.03,1.23,0.0,0.1,0.0,0.0,0.0,-1.567255569881002e-21,-0.0002811662066155489,-0.00014150635360574013
1770702883.9492686,1.2,0.0,0.03,1.23,0.0,0.1,0.0,0.0,0.0,-1.2081056631707055e-21,-0.00028424889444181,-0.00014243271600353113
1770702884.3624783,1.2,0.0,0.03,1.23,0.0,0.1,0.0,0.0,0.0,-9.444073132922492e-22,-0.0002495600906169799,-0.00012824892569097298
1770702884.7703083,1.2,0.0,0.03,1.23,0.0,0.1,0.0,0.0,0.0,-7.313759882050004e-22,-0.0002435832694205577,-0.0001223893168299211
1770702885.187993,1.2,0.0,0.03,1.23,0.0,0.1,0.0,0.0,0.0,-6.180374917953972e-22,-0.00018747807960872715,-9.934955878554663e-05
1770702885.6039064,1.2,0.0,0.03,1.23,0.0,0.1,0.0,0.0,0.0,-4.795410116674668e-22,-0.0002623519820140441,-0.00013866338124755376
1770702886.0312467,1.2,0.0,0.03,1.23,0.0,0.1,0.0,0.0,0.0,-3.206041584716913e-22,-0.00020870366894758062,-0.00010971666578043666
1770702886.4607959,1.2,0.0,0.03,1.23,0.0,0.1,0.0,0.0,0.0,-2.50331712194912e-22,-0.00024219552003496115,-0.00012444694512621861
1770702886.8758786,1.2,0.0,0.03,1.23,0.0,0.1,0.0,0.0,0.0,-1.9320165895084226e-22,-0.0002826228879880328,-0.00014535418078932355
1770702887.2906795,1.2,0.0,0.03,1.23,0.0,0.1,0.0,0.0,0.0,-1.6372597330863742e-22,-0.00031485102384780453,-0.00016064832550987944
1770702887.7002258,1.2,0.0,0.03,1.23,0.0,0.1,0.0,0.0,0.0,-1.2001508736648848e-22,-0.00030916207793744445,-0.00015514993355975824
1770702888.1198063,1.2,0.0,0.03,1.23,0.0,0.1,0.0,0.0,0.0,-9.852149536802734e-23,-0.00039751660851522995,-0.00020759375731539353
1770702888.546471,1.2,0.0,0.03,1.23,0.0,0.1,0.0,0.0,0.0,-6.588439695655559e-23,-0.00028075093593422684,-0.00015205203522521374
1770702888.9583387,1.2,0.0,0.03,1.23,0.0,0.1,0.0,0.0,0.0,-5.1244687684302207e-23,-0.0002824725216597178,-0.000141408419402408
1770702889.385411,1.2,0.0,0.03,1.23,0.0,0.1,0.0,0.0,0.0,-4.089405601081305e-23,-0.00022917141749956036,-0.00011991581916579593
1770702889.797122,1.2,0.0,0.03,1.23,0.0,0.1,0.0,0.0,0.0,-3.3692505368445e-23,-0.00010567215748981865,-6.518600474588349e-05
1770702890.2139094,1.2,0.0,0.03,1.23,0.0,0.1,0.0,0.0,0.0,-2.6241786324015596e-23,-9.492709035310729e-05,-4.853805189022478e-05
1770702890.6409156,1.2,0.0,0.03,1.23,0.0,0.1,0.0,0.0,0.0,-1.7525513030179028e-23,2.4244567482337787e-05,-2.4039449524713404e-05
1770702891.056496,1.2,0.0,0.03,1.23,0.0,0.1,0.0,0.0,0.0,-1.360108515346574e-23,-0.0001445139113170704,-8.913280353847602e-05
1770702891.4714842,1.2,0.0,0.03,1.23,0.0,0.1,0.0,0.0,0.0,-1.0521718424493051e-23,-7.853183431399412e-05,-4.586412485730469e-05
1770702891.8864558,1.2,0.0,0.03,1.23,0.0,0.1,0.0,0.0,0.0,-8.584271538398712e-24,-0.00018323411917582456,-0.00010208728807409533
1770702892.3040779,1.2,0.0,0.03,1.23,0.0,0.1,0.0,0.0,0.0,-7.040936508425824e-24,-0.0002355099174134142,-0.00012298253853046607
1770702892.7311912,1.2,0.0,0.03,1.23,0.0,0.1,0.0,0.0,0.0,-4.614878386823201e-24,-0.00030204990069934896,-0.00015767894867826796
1770702893.1481009,1.2,0.0,0.03,1.23,0.0,0.1,0.0,0.0,0.0,-3.598282434441248e-24,-0.00012705018223699375,-8.102506296473239e-05
1770702893.572924,1.2,0.0,0.03,1.23,0.0,0.1,0.0,0.0,0.0,-2.7710711535607387e-24,-4.7552597636774726e-05,-3.1726057278409264e-05
1770702893.9840682,1.2,0.0,0.03,1.23,0.0,0.1,0.0,0.0,0.0,-2.3127485698074243e-24,-0.00012948724754509652,-7.293708876338044e-05
1770702894.418081,1.2,0.0,0.03,1.23,0.0,0.1,0.0,0.0,0.0,-1.786336530602679e-24,-0.00013238175343661647,-6.648032730746023e-05
1770702894.8292158,1.2,0.0,0.03,1.23,0.0,0.1,0.0,0.0,0.0,-1.22019879013887e-24,-7.626202582370828e-05,-4.374298567314496e-05
1770702895.2399952,1.2,0.0,0.03,1.23,0.0,0.1,0.0,0.0,0.0,-9.438516548263115e-25,1.0171024510210947e-05,-1.3728817288497397e-05
1770702895.654206,1.2,0.0,0.03,1.23,0.0,0.1,0.0,0.0,0.0,-7.344770146765765e-25,2.2422427858211564e-05,-1.2436354263905843e-05
1770702896.0655081,1.2,0.0,0.03,1.23,0.0,0.1,0.0,0.0,0.0,-5.708001313578758e-25,9.775652690493219e-05,-5.641167335713816e-05
1770702896.4894283,1.2,0.0,0.03,1.23,0.0,0.1,0.0,0.0,0.0,-4.429883554051674e-25,-2.4325791414600942e-05,-2.4371127539253787e-05
1770702896.9069898,1.2,0.0,0.03,1.23,0.0,0.1,0.0,0.0,0.0,-3.6699596916766655e-25,-0.00010218429569683233,-5.88779982766393e-05
1770702897.3163884,1.2,0.0,0.03,1.23,0.0,0.1,0.0,0.0,0.0,-2.8485768210084403e-25,-9.64135646993191e-05,-4.878385544941087e-05
1770702897.7263992,1.2,0.0,0.03,1.23,0.0,0.1,0.0,0.0,0.0,-2.21555154408175e-25,-0.00014822803184859682,-7.929546263922618e-05
1770702898.1377053,1.2,0.0,0.03,1.23,0.0,0.1,0.0,0.0,0.0,-1.5090031731534668e-25,-0.0002696138305165117,-0.00014694549512504735
1770702898.547768,1.2,0.0,0.03,1.23,0.0,0.1,0.0,0.0,0.0,-1.1684476525381673e-25,-0.000289175003693062,-0.00014654361916418602
1770702898.9618628,1.2,0.0,0.03,1.23,0.0,0.1,0.0,0.0,0.0,-9.051872827284927e-26,-0.00023026406927753173,-0.00012102312808031889
1770702899.3678699,1.2,0.0,0.03,1.23,0.0,0.1,0.0,0.0,0.0,-7.054531243860048e-26,-0.00021802532142116548,-0.00011023653549621937
1770702899.787681,1.2,0.0,0.03,1.23,0.0,0.1,0.0,0.0,0.0,-5.830890814701336e-26,-0.00015359779371618834,-8.324164962859188e-05
1770702900.200084,1.2,0.0,0.03,1.23,0.0,0.1,0.0,0.0,0.0,-4.504566879774751e-26,-0.00013401173187924006,-6.896447212331486e-05
1770702900.611435,1.2,0.0,0.03,1.23,0.0,0.1,0.0,0.0,0.0,-3.5070956287853666e-26,-2.5079415973668784e-05,-2.343293957739152e-05
1770702901.035314,1.2,0.0,0.03,1.23,0.0,0.1,0.0,0.0,0.0,-2.4013674854914082e-26,-0.00011976843055047309,-6.935311673291698e-05
1770702901.4428985,1.2,0.0,0.03,1.23,0.0,0.1,0.0,0.0,0.0,-1.8640080414852183e-26,-3.909301588302905e-05,-2.7614049408258928e-05
1770702901.8572128,1.2,0.0,0.03,1.23,0.0,0.1,0.0,0.0,0.0,-1.448059297131616e-26,-0.00012555251158508714,-7.142220536274938e-05
1770702902.2707539,1.2,0.0,0.03,1.23,0.0,0.1,0.0,0.0,0.0,-1.1236607156453632e-26,-0.00012257260010601001,-6.158429120091272e-05
1770702902.6843617,1.2,0.0,0.03,1.23,0.0,0.1,0.0,0.0,0.0,-9.265544144787042e-27,-0.00016574129679260765,-8.718751806496359e-05
1770702903.0964973,1.2,0.0,0.03,1.23,0.0,0.1,0.0,0.0,0.0,-7.272332323605056e-27,-0.00020089223941185253,-0.00010396121396785075
1770702903.510857,1.2,0.0,0.03,1.23,0.0,0.1,0.0,0.0,0.0,-5.3127033713126815e-27,-0.00024378780202145156,-0.0001261834572716857
1770702903.9246309,1.2,0.0,0.03,1.23,0.0,0.1,0.0,0.0,0.0,-4.4147998378488904e-27,-0.00039366287271410636,-0.00021181894342631866
1770702904.3349526,1.2,0.0,0.03,1.23,0.0,0.1,0.0,0.0,0.0,-2.9791348704331907e-27,-0.0003425972213324393,-0.00017640517580438635
1770702904.7474673,1.2,0.0,0.03,1.23,0.0,0.1,0.0,0.0,0.0,-2.3038100415516237e-27,-0.0003580961101961696,-0.00018059794398445783
1770702905.1582263,1.2,0.0,0.03,1.23,0.0,0.1,0.0,0.0,0.0,-1.7879166614574485e-27,-0.00020359597033790564,-0.00011724799915477921
1770702905.579575,1.2,0.0,0.03,1.23,0.0,0.1,0.0,0.0,0.0,-1.3871835938127301e-27,-0.00022707463756858193,-0.0001158851855073586
1770702905.9945116,1.2,0.0,0.03,1.23,0.0,0.1,0.0,0.0,0.0,-1.0908552572158906e-27,-8.157053966946491e-05,-5.533567962464416e-05
1770702906.4122655,1.2,0.0,0.03,1.23,0.0,0.1,0.0,0.0,0.0,-8.975544058502616e-28,-0.00010488612933765994,-5.477462363564947e-05
1770702906.8240588,1.2,0.0,0.03,1.23,0.0,0.1,0.0,0.0,0.0,-6.971706075117507e-28,-6.653812804918088e-05,-3.710386415343835e-05
1770702907.2537081,1.2,0.0,0.03,1.23,0.0,0.1,0.0,0.0,0.0,-4.731735888807755e-28,-8.345821112063639e-07,-6.9876456494006344e-06
1770702907.6727335,1.2,0.0,0.03,1.23,0.0,0.1,0.0,0.0,0.0,-3.662386019009301e-28,-0.00014590762888355924,-8.746111911901491e-05
1770702908.0952775,1.2,0.0,0.03,1.23,0.0,0.1,0.0,0.0,0.0,-2.9009455572284446e-28,-0.00028067510433603274,-0.00015381429971326373
1770702908.5104718,1.2,0.0,0.03,1.23,0.0,0.1,0.0,0.0,0.0,-2.382786852762847e-28,-0.00023670973710179137,-0.00012275140527431982
1770702908.9202516,1.2,0.0,0.03,1.23,0.0,0.1,0.0,0.0,0.0,-1.7481827423753776e-28,-0.000208751261684728,-0.00010717147838407033
1770702909.3312817,1.2,0.0,0.03,1.23,0.0,0.1,0.0,0.0,0.0,-1.2376377491818074e-28,-0.0002547171196872307,-0.0001319551456438656
1770702909.7416928,1.2,0.0,0.03,1.23,0.0,0.1,0.0,0.0,0.0,-9.697752610039953e-29,-0.00016555862027350254,-9.169516007812408e-05
1770702910.1606255,1.2,0.0,0.03,1.23,0.0,0.1,0.0,0.0,0.0,-7.516791446694698e-29,-6.435733337538389e-05,-4.229879537750381e-05
1770702910.5714958,1.2,0.0,0.03,1.23,0.0,0.1,0.0,0.0,0.0,-6.977682160351627e-29,2.6465870454672993e-06,-8.023685564818769e-06
1770702910.986471,1.2,0.0,0.03,1.23,0.0,0.1,0.0,0.0,0.0,-4.9754272801269676e-29,-5.643910712832182e-05,-3.4128122981539824e-05
1770702911.4033659,1.2,0.0,0.03,1.23,0.0,0.1,0.0,0.0,0.0,-3.8659930716001225e-29,-6.1987399441662324e-06,-8.123406690498674e-06
1770702911.8218412,1.2,0.0,0.03,1.23,0.0,0.1,0.0,0.0,0.0,-3.0123582206384504e-29,-7.301478426042272e-05,-4.3188996561837007e-05
1770702912.2387118,1.2,0.0,0.03,1.23,0.0,0.1,0.0,0.0,0.0,-2.356008076525538e-29,-7.262936570152554e-06,-1.0206653054103294e-05
1770702912.6532784,1.2,0.0,0.03,1.23,0.0,0.1,0.0,0.0,0.0,-1.567137045769371e-29,-4.2204776355608806e-05,-2.4596572156350028e-05
1770702913.0844939,1.2,0.0,0.03,1.23,0.0,0.1,0.0,0.0,0.0,-1.2081008290966162e-29,-6.808705453851426e-05,-3.663175508754768e-05
1770702913.5210183,1.2,0.0,0.03,1.23,0.0,0.1,0.0,0.0,0.0,-9.764802690645502e-30,-0.00011184131806902963,-6.029608538756635e-05
1770702913.9444137,1.2,0.0,0.03,1.23,0.0,0.1,0.0,0.0,0.0,-6.780899582956051e-30,-0.00014932776861299027,-7.84125293608912e-05
1770702914.3549793,1.2,0.0,0.03,1.23,0.0,0.1,0.0,0.0,0.0,-5.332202181420717e-30,-0.0001925098367899943,-0.00010057312521269755
1770702914.7675443,1.2,0.0,0.03,1.23,0.0,0.1,0.0,0.0,0.0,-4.143816963521723e-30,-0.00021488010078232975,-0.00010967707679039842
1770702915.198493,1.2,0.0,0.03,1.23,0.0,0.1,0.0,0.0,0.0,-3.498874264699463e-30,-0.00027320155692237924,-0.00014243292407519457
1770702915.609086,1.2,0.0,0.03,1.23,0.0,0.1,0.0,0.0,0.0,-2.630406305415703e-30,-0.00012898889053528063,-7.891571190635018e-05
1770702916.0182886,1.2,0.0,0.03,1.23,0.0,0.1,0.0,0.0,0.0,-2.1446296001086152e-30,5.97754836619589e-07,-1.3257541955499816e-05
1770702916.4309182,1.2,0.0,0.03,1.23,0.0,0.1,0.0,0.0,0.0,-1.4155852859618855e-30,2.8864344209690874e-05,-1.7258831042152567e-05
1770702916.847092,1.2,0.0,0.03,1.23,0.0,0.1,0.0,0.0,0.0,-1.1033297851342256e-30,-1.4456516990569914e-05,-1.1560344615311037e-05
1770702917.254022,1.2,0.0,0.03,1.23,0.0,0.1,0.0,0.0,0.0,-8.571321934588834e-31,9.049221447484807e-05,-5.574098038396583e-05
1770702917.663643,1.2,0.0,0.03,1.23,0.0,0.1,0.0,0.0,0.0,-6.649725473537043e-31,4.391113836139344e-05,-2.6613676792042183e-05
1770702918.0741851,1.2,0.0,0.03,1.23,0.0,0.1,0.0,0.0,0.0,-5.151629547952201e-31,-3.4645930204913996e-05,-2.517867195908774e-05
1770702918.486305,1.2,0.0,0.03,1.23,0.0,0.1,0.0,0.0,0.0,-4.367749807228436e-31,-0.0001342474139467814,-7.708385534757744e-05
1770702918.8996313,1.2,0.0,0.03,1.23,0.0,0.1,0.0,0.0,0.0,-3.1688108874067383e-31,-0.00013689426166275102,-6.871181560297247e-05
1770702919.3132255,1.2,0.0,0.03,1.23,0.0,0.1,0.0,0.0,0.0,-2.501808994545905e-31,-0.00029993855781981066,-0.0001662737085256113
1770702919.728709,1.2,0.0,0.03,1.23,0.0,0.1,0.0,0.0,0.0,-1.764495368371375e-31,-0.0003534634689717088,-0.0001820842256010442
1770702920.1420436,1.2,0.0,0.03,1.23,0.0,0.1,0.0,0.0,0.0,-1.369033603712644e-31,-0.00032848736481119517,-0.00016674129282164894
1770702920.5572915,1.2,0.0,0.03,1.23,0.0,0.1,0.0,0.0,0.0,-1.0377334170161043e-31,-0.00034779871197747466,-0.0001758304907053653
1770702920.9683857,1.2,0.0,0.03,1.23,0.0,0.1,0.0,0.0,0.0,-8.166187949754412e-32,-0.00015040241832410588,-9.494083852738981e-05
1770702921.3780737,1.2,0.0,0.03,1.23,0.0,0.1,0.0,0.0,0.0,-6.972549418214486e-32,-0.00017261016971352396,-8.852585999570378e-05
1770702921.790322,1.2,0.0,0.03,1.23,0.0,0.1,0.0,0.0,0.0,-5.006839015030944e-32,-0.00014289231176837266,-7.441794167870146e-05
1770702922.202904,1.2,0.0,0.03,1.23,0.0,0.1,0.0,0.0,0.0,-3.9632403700166213e-32,-0.00020581558380191472,-0.00010920011910431156
1770702922.6135948,1.2,0.0,0.03,1.23,0.0,0.1,0.0,0.0,0.0,-3.2530914455857e-32,-0.0001110140108866533,-6.49871627348528e-05
1770702923.0211668,1.2,0.0,0.03,1.23,0.0,0.1,0.0,0.0,0.0,-2.500324248748898e-32,-0.0001695676509443483,-9.063918947794365e-05
1770702923.4333646,1.2,0.0,0.03,1.23,0.0,0.1,0.0,0.0,0.0,-1.678059374635333e-32,-0.00022838051240125023,-0.00012007154234631531
1770702923.8569844,1.2,0.0,0.03,1.23,0.0,0.1,0.0,0.0,0.0,-1.2923487182253525e-32,-0.0002910086934377315,-0.00015176716482251387
1770702924.2739415,1.2,0.0,0.03,1.23,0.0,0.1,0.0,0.0,0.0,-9.930542077827575e-33,-0.0003076787638147859,-0.0001555063889450984
1770702924.6889477,1.2,0.0,0.03,1.23,0.0,0.1,0.0,0.0,0.0,-8.114489941277834e-33,-0.0003355033314343335,-0.0001705341224791215
1770702925.098524,1.2,0.0,0.03,1.23,0.0,0.1,0.0,0.0,0.0,-6.277097795276777e-33,-0.0003421565031240183,-0.00017174356873097762
1770702925.507572,1.2,0.0,0.03,1.23,0.0,0.1,0.0,0.0,0.0,-4.873744218137242e-33,-0.0003041843151849177,-0.00015588937638636892
1770702925.92541,1.2,0.0,0.03,1.23,0.0,0.1,0.0,0.0,0.0,-3.977800209177624e-33,-0.00030603902756771946,-0.0001532049850221399
1770702926.337463,1.2,0.0,0.03,1.23,0.0,0.1,0.0,0.0,0.0,-2.6303027321111678e-33,-0.0001265797805804968,-8.123581498897066e-05
1770702926.7512033,1.2,0.0,0.03,1.23,0.0,0.1,0.0,0.0,0.0,-2.0614063305096696e-33,-0.00016187057519435189,-8.446436705856145e-05
1770702927.1736815,1.2,0.0,0.03,1.23,0.0,0.1,0.0,0.0,0.0,-1.5801297743538374e-33,-0.00013836802791396033,-7.153426868501933e-05
1770702927.5864546,1.2,0.0,0.03,1.23,0.0,0.1,0.0,0.0,0.0,-1.2896791505548537e-33,-0.00012197235820456794,-6.262574607322321e-05
1770702927.9997678,1.2,0.0,0.03,1.23,0.0,0.1,0.0,0.0,0.0,-1.0033717675457885e-33,-0.00013313234287183054,-6.768216990264152e-05
1770702928.440598,1.2,0.0,0.03,1.23,0.0,0.1,0.0,0.0,0.0,-6.906981806956881e-34,-8.00645959237605e-05,-4.5339072656687254e-05
1770702928.8613048,1.2,0.0,0.03,1.23,0.0,0.1,0.0,0.0,0.0,-5.387526136791414e-34,-0.00020989058973338621,-0.00011792789424765567
1770702929.2714024,1.2,0.0,0.03,1.23,0.0,0.1,0.0,0.0,0.0,-4.191982962635956e-34,-0.00027612176382273796,-0.00014468399932030416
1770702929.683696,1.2,0.0,0.03,1.23,0.0,0.1,0.0,0.0,0.0,-3.4179101908278348e-34,-0.0003067316758271387,-0.00015642682911400942
1770702930.0971265,1.2,0.0,0.03,1.23,0.0,0.1,0.0,0.0,0.0,-2.662440795286333e-34,-0.0003273832114737984,-0.00016575675930156518
1770702930.5063977,1.2,0.0,0.03,1.23,0.0,0.1,0.0,0.0,0.0,-2.0600812722976726e-34,-0.0004120718173134486,-0.0002145047692406893
1770702930.914739,1.2,0.0,0.03,1.23,0.0,0.1,0.0,0.0,0.0,-1.610613292014655e-34,-0.0003314073792482199,-0.00017377013343063282
1770702931.3214302,1.2,0.0,0.03,1.23,0.0,0.1,0.0,0.0,0.0,-1.2580616682833839e-34,-0.00020709846767792985,-0.00011598012499599393
1770702931.730718,1.2,0.0,0.03,1.23,0.0,0.1,0.0,0.0,0.0,-1.0418025076777113e-34,-0.0001595438602205939,-8.452739085603054e-05
1770702932.1436675,1.2,0.0,0.03,1.23,0.0,0.1,0.0,0.0,0.0,-6.671113279382487e-35,-0.00011567056743983824,-6.222261299799468e-05
1770702932.576353,1.2,0.0,0.03,1.23,0.0,0.1,0.0,0.0,0.0,-5.185087161942096e-35,-2.9562809925726844e-05,-2.339218071427456e-05
1770702932.989699,1.2,0.0,0.03,1.23,0.0,0.1,0.0,0.0,0.0,-4.3119478810861677e-35,6.319312670597521e-05,-4.087215701615781e-05
1770702933.4037514,1.2,0.0,0.03,1.23,0.0,0.1,0.0,0.0,0.0,-3.340682293036664e-35,7.843653067241222e-05,-4.074260573284981e-05
1770702933.8231184,1.2,0.0,0.03,1.23,0.0,0.1,0.0,0.0,0.0,-2.5904452050474904e-35,3.0438598402140064e-05,-2.0019092428097246e-05
1770702934.2478564,1.2,0.0,0.03,1.23,0.0,0.1,0.0,0.0,0.0,-2.0811716407639503e-35,-0.0001473412264241531,-9.144859569470588e-05
1770702934.658688,1.2,0.0,0.03,1.23,0.0,0.1,0.0,0.0,0.0,-1.3709073780179213e-35,-0.00011244457969557367,-5.971195452064478e-05
1770702935.0700846,1.2,0.0,0.03,1.23,0.0,0.1,0.0,0.0,0.0,-1.0636932315308928e-35,-0.0003140239410683217,-0.00017716990667143565
1770702935.4978635,1.2,0.0,0.03,1.23,0.0,0.1,0.0,0.0,0.0,-8.889925968645192e-36,-0.0003197443105673761,-0.00016044419223359347
1770702935.9089909,1.2,0.0,0.03,1.23,0.0,0.1,0.0,0.0,0.0,-6.510392720945418e-36,-0.00036742916963913337,-0.00018848307072674242
1770702936.317332,1.2,0.0,0.03,1.23,0.0,0.1,0.0,0.0,0.0,-5.3245104733200206e-36,-0.000348186977567429,-0.00017601770799088493
1770702936.7248244,1.2,0.0,0.03,1.23,0.0,0.1,0.0,0.0,0.0,-4.1593374192186245e-36,-0.0002781824674718234,-0.00014609168474547226
1770702937.1465654,1.2,0.0,0.03,1.23,0.0,0.1,0.0,0.0,0.0,-3.23102076039456e-36,-0.00019952800814842652,-0.00010762945000655295
1770702937.564439,1.2,0.0,0.03,1.23,0.0,0.1,0.0,0.0,0.0,-2.5842718024002633e-36,-0.00011471896751206627,-6.584038781966915e-05
1770702937.976785,1.2,0.0,0.03,1.23,0.0,0.1,0.0,0.0,0.0,-1.6916470519345133e-36,-9.415998791537522e-05,-4.913589191735671e-05
1770702938.3922496,1.2,0.0,0.03,1.23,0.0,0.1,0.0,0.0,0.0,-1.4228984735888961e-36,3.936902684554218e-05,-3.303741489886283e-05
1770702938.8025837,1.2,0.0,0.03,1.23,0.0,0.1,0.0,0.0,0.0,-1.1041296585356376e-36,-0.00013553015484745395,-8.52549955930266e-05
1770702939.2128704,1.2,0.0,0.03,1.23,0.0,0.1,0.0,0.0,0.0,-8.545544892599107e-37,-0.00019896302287691951,-0.00010582479824140632
1770702939.630436,1.2,0.0,0.03,1.23,0.0,0.1,0.0,0.0,0.0,-5.725350727677083e-37,-4.397730510415616e-05,-3.748722432935442e-05
1770702940.0463934,1.2,0.0,0.03,1.23,0.0,0.1,0.0,0.0,0.0,-5.615391567802063e-37,-0.0001388393816632733,-7.890589848754838e-05
1770702940.4647229,1.2,0.0,0.03,1.23,0.0,0.1,0.0,0.0,0.0,-3.4638797909602535e-37,-0.00024395142430560897,-0.00013248691641703806
1770702940.8782506,1.2,0.0,0.03,1.23,0.0,0.1,0.0,0.0,0.0,-2.6981786002564465e-37,-0.00022945658330332543,-0.00011617777575189106
1770702941.2909214,1.2,0.0,0.03,1.23,0.0,0.1,0.0,0.0,0.0,-2.154185319074502e-37,-0.00018060598758260323,-9.518805336337383e-05
1770702941.7082782,1.2,0.0,0.03,1.23,0.0,0.1,0.0,0.0,0.0,-1.771006943462441e-37,-0.00012320270495805324,-6.734168074148162e-05
1770702942.1171517,1.2,0.0,0.03,1.23,0.0,0.1,0.0,0.0,0.0,-1.2945649483743746e-37,-7.60280011916135e-05,-4.2731470972450724e-05
1770702942.537496,1.2,0.0,0.03,1.23,0.0,0.1,0.0,0.0,0.0,-9.18497059916643e-38,-3.389893719979799e-05,-2.1162374999080547e-05
1770702942.9475834,1.2,0.0,0.03,1.23,0.0,0.1,0.0,0.0,0.0,-7.137842183248083e-38,2.6752622915062607e-05,-1.9441467469017366e-05
1770702943.3594027,1.2,0.0,0.03,1.23,0.0,0.1,0.0,0.0,0.0,-6.623802941030176e-38,6.14938368779101e-07,-2.921237639017901e-06
1770702943.782847,1.2,0.0,0.03,1.23,0.0,0.1,0.0,0.0,0.0,-4.296791754536203e-38,-0.0001002035750025087,-6.018363883838313e-05
1770702944.197845,1.2,0.0,0.03,1.23,0.0,0.1,0.0,0.0,0.0,-3.6466821985139403e-38,-6.579873694464964e-05,-3.633985227811073e-05
1770702944.6077075,1.2,0.0,0.03,1.23,0.0,0.1,0.0,0.0,0.0,-2.84143872912933e-38,-0.00012595996770201884,-6.899610692674634e-05
1770702945.0317426,1.2,0.0,0.03,1.23,0.0,0.1,0.0,0.0,0.0,-2.2067007148991734e-38,-0.0001354184724665652,-6.865508670973724e-05
1770702945.4568913,1.2,0.0,0.03,1.23,0.0,0.1,0.0,0.0,0.0,-1.464542671984565e-38,-3.916200150003924e-05,-2.9206647846672214e-05
1770702945.8680742,1.2,0.0,0.03,1.23,0.0,0.1,0.0,0.0,0.0,-1.1339693352940646e-38,-0.00015071413917875666,-8.651228335725007e-05
1770702946.280446,1.2,0.0,0.03,1.23,0.0,0.1,0.0,0.0,0.0,-9.175804948613529e-39,-0.00024534723824092567,-0.00013213692902667973
1770702946.7057505,1.2,0.0,0.03,1.23,0.0,0.1,0.0,0.0,0.0,-7.138735834811673e-39,-0.0001001086058174421,-6.45781661510694e-05
1770702947.1129348,1.2,0.0,0.03,1.23,0.0,0.1,0.0,0.0,0.0,-5.554340254198517e-39,-0.00012161869438312446,-6.296035604813047e-05
1770702947.5270965,1.2,0.0,0.03,1.23,0.0,0.1,0.0,0.0,0.0,-3.92709016490319e-39,-2.0873722940008034e-05,-2.051135861431566e-05
1770702947.9415834,1.2,0.0,0.03,1.23,0.0,0.1,0.0,0.0,0.0,-3.5742208338000364e-39,4.261376083218638e-05,-2.7655628793312634e-05
1770702948.3603587,1.2,0.0,0.03,1.23,0.0,0.1,0.0,0.0,0.0,-2.3330051627548533e-39,0.00010836022291834412,-6.075475766778783e-05
1770702948.7827358,1.2,0.0,0.03,1.23,0.0,0.1,0.0,0.0,0.0,-1.9322553388077688e-39,0.00011118591321721745,-5.587552563849606e-05
1770702949.190818,1.2,0.0,0.03,1.23,0.0,0.1,0.0,0.0,0.0,-1.5028869741638758e-39,-1.1222632490820828e-05,-1.7852170816214243e-05
1770702949.5985017,1.2,0.0,0.03,1.23,0.0,0.1,0.0,0.0,0.0,-1.1910715657106236e-39,0.00013024006564528362,-7.926630263625225e-05
1770702950.01964,1.2,0.0,0.03,1.23,0.0,0.1,0.0,0.0,0.0,-9.082678702501736e-40,-4.5697187864797835e-05,-4.044231928340706e-05
1770702950.4306574,1.2,0.0,0.03,1.23,0.0,0.1,0.0,0.0,0.0,-6.129365484382678e-40,-4.421449282931099e-05,-2.225551591820418e-05
1770702950.8501873,1.2,0.0,0.03,1.23,0.0,0.1,0.0,0.0,0.0,-5.951400267283081e-40,-7.744978191419823e-05,-4.204841986558784e-05
1770702951.2629035,1.2,0.0,0.03,1.23,0.0,0.1,0.0,0.0,0.0,-3.7150942141765654e-40,-0.00012459165271158746,-6.701001343553264e-05
1770702951.7122803,1.2,0.0,0.03,1.23,0.0,0.1,0.0,0.0,0.0,-2.9349615491569776e-40,-0.0002470929310870912,-0.00013579659338109598
1770702952.1308818,1.2,0.0,0.03,1.23,0.0,0.1,0.0,0.0,0.0,-2.099675911445119e-40,-9.356230000228018e-05,-6.213421310962119e-05
1770702952.5394638,1.2,0.0,0.03,1.23,0.0,0.1,0.0,0.0,0.0,-1.6277665300827658e-40,-7.824927539601121e-05,-4.06559401586325e-05
1770702952.9596786,1.2,0.0,0.03,1.23,0.0,0.1,0.0,0.0,0.0,-1.2658142954851405e-40,-2.594840066463697e-05,-1.820428780545591e-05
1770702953.3710554,1.2,0.0,0.03,1.23,0.0,0.1,0.0,0.0,0.0,-9.82280524064295e-41,2.3167822293829545e-05,-1.6495533442761423e-05
1770702953.7909162,1.2,0.0,0.03,1.23,0.0,0.1,0.0,0.0,0.0,-7.736128403386539e-41,9.363998461932869e-06,-6.062381614156102e-06
1770702954.2106805,1.2,0.0,0.03,1.23,0.0,0.1,0.0,0.0,0.0,-6.356306025956878e-41,7.570722501833952e-05,-4.4487935164810427e-05
1770702954.6238253,1.2,0.0,0.03,1.23,0.0,0.1,0.0,0.0,0.0,-4.829219992263824e-41,-5.253848669581141e-05,-3.90938145193208e-05
1770702955.0318189,1.2,0.0,0.03,1.23,0.0,0.1,0.0,0.0,0.0,-3.3461238253985864e-41,-1.6650695963809293e-05,-1.1914127055104859e-05
1770702955.4499633,1.2,0.0,0.03,1.23,0.0,0.1,0.0,0.0,0.0,-2.5975299060012617e-41,-0.00014431673806671613,-8.492497324364876e-05
1770702955.8616073,1.2,0.0,0.03,1.23,0.0,0.1,0.0,0.0,0.0,-2.013887202872864e-41,-0.0002871130608215032,-0.0001578361626862303
1770702956.2734008,1.2,0.0,0.03,1.23,0.0,0.1,0.0,0.0,0.0,-1.9411242431788133e-41,-0.00029259455307018836,-0.0001468454257599627
1770702956.6889946,1.2,0.0,0.03,1.23,0.0,0.1,0.0,0.0,0.0,-1.302153040096173e-41,-0.00034426382643610416,-0.00017729884055464365
1770702957.1014972,1.2,0.0,0.03,1.23,0.0,0.1,0.0,0.0,0.0,-1.0075030534123793e-41,-0.0003036602924103345,-0.0001558904996077442
1770702957.5119662,1.2,0.0,0.03,1.23,0.0,0.1,0.0,0.0,0.0,-7.376176039905309e-42,-0.0004262073949112902,-0.00022535840770574066
1770702957.9246142,1.2,0.0,0.03,1.23,0.0,0.1,0.0,0.0,0.0,-5.722804286936366e-42,-0.0002868382536008021,-0.00015735604093144987
1770702958.3745918,1.2,0.0,0.03,1.23,0.0,0.1,0.0,0.0,0.0,-4.191277768980316e-42,-0.00013881154010970191,-8.420844140396098e-05
1770702958.8205028,1.2,0.0,0.03,1.23,0.0,0.1,0.0,0.0,0.0,-3.4077589825780444e-42,-0.00010541078602911366,-5.6045468422615654e-05
1770702959.2478123,1.2,0.0,0.03,1.23,0.0,0.1,0.0,0.0,0.0,-2.351684973786005e-42,-1.2201038232667998e-05,-1.5421493895978565e-05
1770702959.6722808,1.2,0.0,0.03,1.23,0.0,0.1,0.0,0.0,0.0,-2.2655824687697678e-42,2.854125815069505e-05,-1.834485871368383e-05
1770702960.1003103,1.2,0.0,0.03,1.23,0.0,0.1,0.0,0.0,0.0,-1.513269103231268e-42,-7.03313879089074e-05,-4.505295856041395e-05
1770702960.529739,1.2,0.0,0.03,1.23,0.0,0.1,0.0,0.0,0.0,-1.0279085884319062e-42,-0.00016875176533229656,-9.42179204084872e-05
1770702960.9433196,1.2,0.0,0.03,1.23,0.0,0.1,0.0,0.0,0.0,-7.947909293875776e-43,-0.00015685035488267223,-7.961531848629855e-05
1770702961.3588228,1.2,0.0,0.03,1.23,0.0,0.1,0.0,0.0,0.0,-6.198841401280349e-43,-0.00034065597989729605,-0.0001887085524501104
1770702961.786649,1.2,0.0,0.03,1.23,0.0,0.1,0.0,0.0,0.0,-5.152150559829122e-43,-0.0003443851607192463,-0.00017256549844181816
1770702962.1968634,1.2,0.0,0.03,1.23,0.0,0.1,0.0,0.0,0.0,-4.002009168621147e-43,-0.0005373353812121697,-0.0002879627126553772
1770702962.6090748,1.2,0.0,0.03,1.23,0.0,0.1,0.0,0.0,0.0,-3.091120666598623e-43,-0.0003189877947354532,-0.00018132865601539825
1770702963.0229886,1.2,0.0,0.03,1.23,0.0,0.1,0.0,0.0,0.0,-2.4080942872663802e-43,-0.0003107687947189801,-0.00015620629736113736
1770702963.446642,1.2,0.0,0.03,1.23,0.0,0.1,0.0,0.0,0.0,-1.604133515839841e-43,-0.00016487465353011438,-9.702674088394376e-05
1770702963.861463,1.2,0.0,0.03,1.23,0.0,0.1,0.0,0.0,0.0,-1.2693224824612855e-43,-9.581031068677391e-05,-5.4811589627721e-05
1770702964.2789986,1.2,0.0,0.03,1.23,0.0,0.1,0.0,0.0,0.0,-9.836452109363265e-44,-0.00014573426751414193,-7.785952943980776e-05
1770702964.7126284,1.2,0.0,0.03,1.23,0.0,0.1,0.0,0.0,0.0,-8.304054936570213e-44,-0.0001051588893955654,-5.6636982509640355e-05
1770702965.1598125,1.2,0.0,0.03,1.23,0.0,0.1,0.0,0.0,0.0,-5.585686833913579e-44,-7.398734441304658e-05,-4.011082670477517e-05
1770702965.5711703,1.2,0.0,0.03,1.23,0.0,0.1,0.0,0.0,0.0,-4.3241244807925343e-44,6.680666911120477e-05,-4.748273590802752e-05
1770702965.9882698,1.2,0.0,0.03,1.23,0.0,0.1,0.0,0.0,0.0,-3.4513470795188066e-44,-0.00011823372160241884,-7.762089987257178e-05
1770702966.3972483,1.2,0.0,0.03,1.23,0.0,0.1,0.0,0.0,0.0,-2.8387799011173324e-44,-7.174779958662107e-05,-4.052249199489031e-05
1770702966.8169043,1.2,0.0,0.03,1.23,0.0,0.1,0.0,0.0,0.0,-2.198348501892558e-44,-0.00019859753427491235,-0.0001119837406062853
1770702967.2364945,1.2,0.0,0.03,1.23,0.0,0.1,0.0,0.0,0.0,-1.720143551073376e-44,-0.0002468546564788308,-0.00012825304045980724
1770702967.6559856,1.2,0.0,0.03,1.23,0.0,0.1,0.0,0.0,0.0,-1.1317550299832528e-44,-0.0002253012343717795,-0.00011480595939659488
1770702968.0698667,1.2,0.0,0.03,1.23,0.0,0.1,0.0,0.0,0.0,-8.877848914202255e-45,-0.00020726872376112534,-0.00010543761294162809
1770702968.4788826,1.2,0.0,0.03,1.23,0.0,0.1,0.0,0.0,0.0,-7.587481882153198e-45,-0.00031824547453660894,-0.00017022041234585284
1770702968.888476,1.2,0.0,0.03,1.23,0.0,0.1,0.0,0.0,0.0,-5.886876558453411e-45,-0.0002771463342508991,-0.00014268308115402052
1770702969.303016,1.2,0.0,0.03,1.23,0.0,0.1,0.0,0.0,0.0,-4.496589663385563e-45,-0.0001575601116066398,-9.073867806774583e-05
1770702969.7140028,1.2,0.0,0.03,1.23,0.0,0.1,0.0,0.0,0.0,-3.512790116383367e-45,-0.00015186792971477072,-7.650318304657227e-05
1770702970.1304817,1.2,0.0,0.03,1.23,0.0,0.1,0.0,0.0,0.0,-2.34319129619243e-45,-1.5628243145457785e-06,-1.5811922697295385e-05
1770702970.5387561,1.2,0.0,0.03,1.23,0.0,0.1,0.0,0.0,0.0,-1.7924129169661696e-45,-0.00013455214956694904,-8.057500730871485e-05
1770702970.9552865,1.2,0.0,0.03,1.23,0.0,0.1,0.0,0.0,0.0,-1.4200282282402488e-45,-0.00011422203544738425,-5.914402913564861e-05
1770702971.385984,1.2,0.0,0.03,1.23,0.0,0.1,0.0,0.0,0.0,-1.3240232226729267e-45,-0.00018124497043191706,-9.73247787144118e-05
1770702971.809131,1.2,0.0,0.03,1.23,0.0,0.1,0.0,0.0,0.0,-9.376726421459128e-46,-0.0001643337704645717,-8.385800522902039e-05
1770702972.2338073,1.2,0.0,0.03,1.23,0.0,0.1,0.0,0.0,0.0,-6.190195011210557e-46,-0.00020061479335912883,-0.00010393549896902013
1770702972.664997,1.2,0.0,0.03,1.23,0.0,0.1,0.0,0.0,0.0,-4.791478420443476e-46,-0.00025853454898770565,-0.0001350592500567105
1770702973.0803366,1.2,0.0,0.03,1.23,0.0,0.1,0.0,0.0,0.0,-4.1194182663349664e-46,-0.00013485126298700475,-7.979396009357246e-05
1770702973.500247,1.2,0.0,0.03,1.23,0.0,0.1,0.0,0.0,0.0,-3.193118481479491e-46,-0.00016979855419766758,-8.839400621990008e-05
1770702973.928815,1.2,0.0,0.03,1.23,0.0,0.1,0.0,0.0,0.0,-2.353091405378301e-46,-5.5222988065747955e-05,-3.906905064606594e-05
1770702974.351715,1.2,0.0,0.03,1.23,0.0,0.1,0.0,0.0,0.0,-1.6377989111984895e-46,1.1708764209436164e-05,-1.2547557332236494e-05
1770702974.7689278,1.2,0.0,0.03,1.23,0.0,0.1,0.0,0.0,0.0,-1.3026170473252582e-46,0.00012942236689037422,-7.648254371328092e-05
1770702975.1825223,1.2,0.0,0.03,1.23,0.0,0.1,0.0,0.0,0.0,-1.1057391253548445e-46,0.00013162023905932818,-6.602990674655948e-05
1770702975.6083283,1.2,0.0,0.03,1.23,0.0,0.1,0.0,0.0,0.0,-8.072819335398035e-47,0.00011576018693740516,-5.946609868089488e-05
1770702976.0200772,1.2,0.0,0.03,1.23,0.0,0.1,0.0,0.0,0.0,-6.296086606162909e-47,2.3665848055341115e-05,-2.1042357915876962e-05
1770702976.442625,1.2,0.0,0.03,1.23,0.0,0.1,0.0,0.0,0.0,-4.427944994757844e-47,-8.304276946023574e-05,-5.2192246481675556e-05
1770702976.8542268,1.2,0.0,0.03,1.23,0.0,0.1,0.0,0.0,0.0,-3.446770102080913e-47,-8.975656206769165e-05,-4.554966029459142e-05
1770702977.264264,1.2,0.0,0.03,1.23,0.0,0.1,0.0,0.0,0.0,-2.602718347968734e-47,-0.000149876184870106,-8.095005471529443e-05
1770702977.6772084,1.2,0.0,0.03,1.23,0.0,0.1,0.0,0.0,0.0,-2.1512854808400894e-47,-0.00027140767491377606,-0.00014785698646125502
1770702978.0934045,1.2,0.0,0.03,1.23,0.0,0.1,0.0,0.0,0.0,-1.6785142510445379e-47,-0.0003954855124220246,-0.00021015053996183716
1770702978.5045915,1.2,0.0,0.03,1.23,0.0,0.1,0.0,0.0,0.0,-1.3092302866034232e-47,-0.00028240381196486327,-0.00015251007602814777
1770702978.9147882,1.2,0.0,0.03,1.23,0.0,0.1,0.0,0.0,0.0,-1.018566004090997e-47,-0.00034670364536400715,-0.00017978180602191797
1770702979.3237875,1.2,0.0,0.03,1.23,0.0,0.1,0.0,0.0,0.0,-7.908663672298639e-48,-0.00028414933156113036,-0.00014833009716085286
1770702979.7377377,1.2,0.0,0.03,1.23,0.0,0.1,0.0,0.0,0.0,-5.3447322874873404e-48,-0.0002630146113670676,-0.00013362077770294006
1770702980.1449509,1.2,0.0,0.03,1.23,0.0,0.1,0.0,0.0,0.0,-5.1704803631782987e-48,-0.00017308062220002318,-9.553371001671603e-05
1770702980.5517957,1.2,0.0,0.03,1.23,0.0,0.1,0.0,0.0,0.0,-3.229276243119624e-48,-0.00023966680262262128,-0.00012649201935357044
1770702980.972491,1.2,0.0,0.03,1.23,0.0,0.1,0.0,0.0,0.0,-2.5041015265337433e-48,-0.00019851702252958133,-0.00010337348927409466
1770702981.4001667,1.2,0.0,0.03,1.23,0.0,0.1,0.0,0.0,0.0,-2.0806712938206684e-48,-0.0001475131235226269,-7.88569516620089e-05
1770702981.8244803,1.2,0.0,0.03,1.23,0.0,0.1,0.0,0.0,0.0,-1.6220552137450158e-48,-0.00028771864358272597,-0.0001578798737973729
1770702982.253982,1.2,0.0,0.03,1.23,0.0,0.1,0.0,0.0,0.0,-1.0958873230427495e-48,-0.00030805417965052687,-0.00015606064343204353
1770702982.697381,1.2,0.0,0.03,1.23,0.0,0.1,0.0,0.0,0.0,-9.163589482759972e-49,-0.0003048973089615492,-0.00015276434154967236
1770702983.1114156,1.2,0.0,0.03,1.23,0.0,0.1,0.0,0.0,0.0,-7.11516313182512e-49,-0.00022844706271073662,-0.00012186855598044957
1770702983.521891,1.2,0.0,0.03,1.23,0.0,0.1,0.0,0.0,0.0,-5.5300408509542675e-49,-0.00025251074314821994,-0.0001286617396178583
1770702983.9309697,1.2,0.0,0.03,1.23,0.0,0.1,0.0,0.0,0.0,-3.744517611458984e-49,-0.00019633168652170567,-0.00010378374892350426
1770702984.3434248,1.2,0.0,0.03,1.23,0.0,0.1,0.0,0.0,0.0,-2.8821985478651088e-49,-0.00029135881450567127,-0.00015518212005123219
1770702984.7618592,1.2,0.0,0.03,1.23,0.0,0.1,0.0,0.0,0.0,-2.805552000526876e-49,-0.00034043699814161076,-0.00017512631743439933
1770702985.2090466,1.2,0.0,0.03,1.23,0.0,0.1,0.0,0.0,0.0,-2.0497734491068587e-49,-0.00015080161240247467,-9.436434477515094e-05
1770702985.6913087,1.2,0.0,0.03,1.23,0.0,0.1,0.0,0.0,0.0,-1.3735217963247883e-49,-0.00015802683685784037,-7.973594087445675e-05
1770702986.1046758,1.2,0.0,0.03,1.23,0.0,0.1,0.0,0.0,0.0,-9.536605346342208e-50,3.5979071249836233e-05,-3.739012643568578e-05
1770702986.514833,1.2,0.0,0.03,1.23,0.0,0.1,0.0,0.0,0.0,-7.802341789770298e-50,-4.022375086730474e-05,-2.773215764536647e-05
1770702986.9246638,1.2,0.0,0.03,1.23,0.0,0.1,0.0,0.0,0.0,-6.046144905888168e-50,-4.6023448974892586e-05,-2.3591694298205078e-05
1770702987.3483748,1.2,0.0,0.03,1.23,0.0,0.1,0.0,0.0,0.0,-4.3340929580168055e-50,-1.7740171304024083e-05,-1.1698413419098892e-05
1770702987.7727313,1.2,0.0,0.03,1.23,0.0,0.1,0.0,0.0,0.0,-3.37471774250409e-50,-0.00014088173742393022,-8.275502532395573e-05
1770702988.1864061,1.2,0.0,0.03,1.23,0.0,0.1,0.0,0.0,0.0,-2.8134719030861815e-50,-0.00013288994329345213,-6.724415105977387e-05
1770702988.6057212,1.2,0.0,0.03,1.23,0.0,0.1,0.0,0.0,0.0,-2.1807985539673855e-50,-0.0002792374044054207,-0.0001542534483139072
1770702989.0234776,1.2,0.0,0.03,1.23,0.0,0.1,0.0,0.0,0.0,-1.6935749447231879e-50,-0.00018641040937266586,-0.00010248790418960842
1770702989.451918,1.2,0.0,0.03,1.23,0.0,0.1,0.0,0.0,0.0,-1.1474251366427617e-50,-0.00015464017029175997,-8.049710905397058e-05
1770702989.8635492,1.2,0.0,0.03,1.23,0.0,0.1,0.0,0.0,0.0,-1.0516920006984067e-50,-0.00011836946745427153,-6.281180401088461e-05
1770702990.2722476,1.2,0.0,0.03,1.23,0.0,0.1,0.0,0.0,0.0,-6.916836869097127e-51,8.37160190443364e-05,-6.2066558172029e-05
1770702990.688436,1.2,0.0,0.03,1.23,0.0,0.1,0.0,0.0,0.0,-5.375588428601963e-51,0.00021360162216414993,-0.00011978937139405632
1770702991.1103973,1.2,0.0,0.03,1.23,0.0,0.1,0.0,0.0,0.0,-4.061557454149155e-51,-2.0380196986455906e-05,-3.358828040828854e-05
1770702991.5204523,1.2,0.0,0.03,1.23,0.0,0.1,0.0,0.0,0.0,-3.5014409316281237e-51,2.8798337179504228e-05,-1.9317022006348127e-05
1770702991.9353719,1.2,0.0,0.03,1.23,0.0,0.1,0.0,0.0,0.0,-2.5831527169813033e-51,-2.146013995273219e-05,-1.575591768958974e-05
1770702992.358721,1.2,0.0,0.03,1.23,0.0,0.1,0.0,0.0,0.0,-1.830966568717559e-51,-0.00013999519317497606,-8.185110190971241e-05
1770702992.7744153,1.2,0.0,0.03,1.23,0.0,0.1,0.0,0.0,0.0,-1.4207886289456143e-51,-0.00015889401669036917,-8.133689069672389e-05
1770702993.182749,1.2,0.0,0.03,1.23,0.0,0.1,0.0,0.0,0.0,-1.1927278607207334e-51,-0.00028356849518840346,-0.00015425169544400517
1770702993.5896816,1.2,0.0,0.03,1.23,0.0,0.1,0.0,0.0,0.0,-9.09390844147979e-52,-0.0002599568545078946,-0.00013233959132199818
1770702994.0002284,1.2,0.0,0.03,1.23,0.0,0.1,0.0,0.0,0.0,-7.235027161598914e-52,-0.00042692105061742516,-0.00023015694491966562
1770702994.4162796,1.2,0.0,0.03,1.23,0.0,0.1,0.0,0.0,0.0,-5.3283505735747425e-52,-0.00018817232750495904,-0.00011796103606372613
1770702994.8299978,1.2,0.0,0.03,1.23,0.0,0.1,0.0,0.0,0.0,-3.765229971422604e-52,-0.00012683859456979996,-6.955267057841589e-05
1770702995.247723,1.2,0.0,0.03,1.23,0.0,0.1,0.0,0.0,0.0,-2.9352040525390154e-52,-0.0001459439080387055,-7.488248536624331e-05
1770702995.6564946,1.2,0.0,0.03,1.23,0.0,0.1,0.0,0.0,0.0,-2.2460951073659217e-52,4.4461912891685395e-05,-4.127153853888179e-05
1770702996.0657318,1.2,0.0,0.03,1.23,0.0,0.1,0.0,0.0,0.0,-1.7793089251794144e-52,-7.731979392306735e-05,-5.0838067643008955e-05
1770702996.4787633,1.2,0.0,0.03,1.23,0.0,0.1,0.0,0.0,0.0,-1.429252492339044e-52,-0.00011043131270056805,-5.8526808228034096e-05
1770702996.8894856,1.2,0.0,0.03,1.23,0.0,0.1,0.0,0.0,0.0,-1.1091237817045017e-52,-0.0001497179798029956,-7.878765661174055e-05
1770702997.3029125,1.2,0.0,0.03,1.23,0.0,0.1,0.0,0.0,0.0,-9.11916751871312e-53,-0.00011787797924182582,-6.212298967702989e-05
1770702997.7201645,1.2,0.0,0.03,1.23,0.0,0.1,0.0,0.0,0.0,-7.08089324256389e-53,-0.00033986854720096526,-0.0001921333303963966
1770702998.1299012,1.2,0.0,0.03,1.23,0.0,0.1,0.0,0.0,0.0,-4.7038112559598315e-53,-0.0003678218159484268,-0.00018670623484895956
1770702998.5747545,1.2,0.0,0.03,1.23,0.0,0.1,0.0,0.0,0.0,-3.63689038771913e-53,-0.0003045840014554603,-0.00015861578217702681
1770702999.0003064,1.2,0.0,0.03,1.23,0.0,0.1,0.0,0.0,0.0,-3.1078469091684274e-53,-0.00030723718536544253,-0.00015388391107371948
1770702999.4183002,1.2,0.0,0.03,1.23,0.0,0.1,0.0,0.0,0.0,-2.4137483185946145e-53,-0.0002174032631038437,-0.00011768502377808173
1770702999.831378,1.2,0.0,0.03,1.23,0.0,0.1,0.0,0.0,0.0,-1.5823834203100734e-53,-0.000180931312614663,-9.411285135624957e-05
1770703000.2659302,1.2,0.0,0.03,1.23,0.0,0.1,0.0,0.0,0.0,-1.2451845721284706e-53,-0.00018494826609154582,-9.287582839346119e-05
1770703000.6874762,1.2,0.0,0.03,1.23,0.0,0.1,0.0,0.0,0.0,-1.0600881925924973e-53,-2.503393785692094e-05,-2.850840175192296e-05
1770703001.1131601,1.2,0.0,0.03,1.23,0.0,0.1,0.0,0.0,0.0,-7.323846996346782e-54,-5.696060665979032e-05,-3.1672970210182096e-05
1770703001.5357442,1.2,0.0,0.03,1.23,0.0,0.1,0.0,0.0,0.0,-5.361723245094523e-54,3.015553525980425e-05,-2.3789381821861582e-05
1770703001.9579606,1.2,0.0,0.03,1.23,0.0,0.1,0.0,0.0,0.0,-4.1977618167561114e-54,-1.3747015047840502e-05,-1.1263762554684726e-05
1770703002.3792124,1.2,0.0,0.03,1.23,0.0,0.1,0.0,0.0,0.0,-3.4172906248994057e-54,-0.00021471733124506817,-0.00012745569724225686
1770703002.7942886,1.2,0.0,0.03,1.23,0.0,0.1,0.0,0.0,0.0,-2.6511931368584827e-54,-0.00027673933601760336,-0.0001445718684860552
1770703003.2296813,1.2,0.0,0.03,1.23,0.0,0.1,0.0,0.0,0.0,-1.8276843868344988e-54,-0.00025555394375791985,-0.00012989551110492828
1770703003.641376,1.2,0.0,0.03,1.23,0.0,0.1,0.0,0.0,0.0,-1.4220065323689056e-54,-0.00026107267964481064,-0.0001310882134110944
1770703004.0515506,1.2,0.0,0.03,1.23,0.0,0.1,0.0,0.0,0.0,-1.104586139775217e-54,-0.00021843111359880828,-0.00011347971340400437
1770703004.4585986,1.2,0.0,0.03,1.23,0.0,0.1,0.0,0.0,0.0,-8.571090251057074e-55,-0.00026242936266369,-0.00013561450623833317
1770703004.8719954,1.2,0.0,0.03,1.23,0.0,0.1,0.0,0.0,0.0,-6.648662652987292e-55,-0.000211609214011798,-0.0001108866218710882
1770703005.3016233,1.2,0.0,0.03,1.23,0.0,0.1,0.0,0.0,0.0,-5.4477550231877374e-55,-0.00026761606999472473,-0.00013940872059565505
1770703005.720286,1.2,0.0,0.03,1.23,0.0,0.1,0.0,0.0,0.0,-4.192844521550428e-55,-0.0001421825027094779,-8.363460808326363e-05
1770703006.136656,1.2,0.0,0.03,1.23,0.0,0.1,0.0,0.0,0.0,-2.9257863085529447e-55,-0.0001838268389381724,-9.607785309195565e-05
1770703006.5476315,1.2,0.0,0.03,1.23,0.0,0.1,0.0,0.0,0.0,-2.315504512855511e-55,-6.445878430520405e-05,-4.416619761589886e-05
1770703006.963294,1.2,0.0,0.03,1.23,0.0,0.1,0.0,0.0,0.0,-1.762181813520226e-55,-4.8026676498841196e-05,-2.5656549030056884e-05
1770703007.3750992,1.2,0.0,0.03,1.23,0.0,0.1,0.0,0.0,0.0,-1.3676522487820525e-55,4.4783125613192924e-05,-3.167254301779987e-05
1770703007.7916732,1.2,0.0,0.03,1.23,0.0,0.1,0.0,0.0,0.0,-1.1236807218331324e-55,2.460745757130023e-05,-1.4321295589839385e-05
1770703008.2041976,1.2,0.0,0.03,1.23,0.0,0.1,0.0,0.0,0.0,-8.732845031479777e-56,-5.0053870752060784e-05,-3.2493068208366495e-05
1770703008.6192462,1.2,0.0,0.03,1.23,0.0,0.1,0.0,0.0,0.0,-6.686736843410431e-56,-1.1757911364897228e-05,-9.708551621164971e-06
1770703009.038419,1.2,0.0,0.03,1.23,0.0,0.1,0.0,0.0,0.0,-4.650301928372699e-56,-0.0001647879588829099,-9.769698419325622e-05
1770703009.4507642,1.2,0.0,0.03,1.23,0.0,0.1,0.0,0.0,0.0,-3.6097399348238674e-56,-0.00020460470527708407,-0.00010628402727795945
1770703009.8645275,1.2,0.0,0.03,1.23,0.0,0.1,0.0,0.0,0.0,-2.8040207908310904e-56,-0.00032565477535540877,-0.00017493239468553684
1770703010.2784073,1.2,0.0,0.03,1.23,0.0,0.1,0.0,0.0,0.0,-2.173877055477975e-56,-0.00020867955792295602,-0.00011603730070472329
1770703010.6890721,1.2,0.0,0.03,1.23,0.0,0.1,0.0,0.0,0.0,-1.8014254420433993e-56,-0.00025237055166809047,-0.00013055437520855868
1770703011.09964,1.2,0.0,0.03,1.23,0.0,0.1,0.0,0.0,0.0,-1.4020200429669168e-56,-0.000168111081123181,-9.248148761608145e-05
1770703011.5163183,1.2,0.0,0.03,1.23,0.0,0.1,0.0,0.0,0.0,-1.0844930658292204e-56,-0.00016021425510189286,-8.089681015307525e-05
1770703011.9298081,1.2,0.0,0.03,1.23,0.0,0.1,0.0,0.0,0.0,-7.41760562957472e-57,-0.000103691446757475,-5.749800421317929e-05
1770703012.3439796,1.2,0.0,0.03,1.23,0.0,0.1,0.0,0.0,0.0,-5.776156552717236e-57,-0.00016318459626570188,-8.754161308367363e-05
1770703012.7671385,1.2,0.0,0.03,1.23,0.0,0.1,0.0,0.0,0.0,-4.477082539238456e-57,-0.00016692737734988423,-8.383796678336035e-05
1770703013.1856666,1.2,0.0,0.03,1.23,0.0,0.1,0.0,0.0,0.0,-3.7261966882045394e-57,-9.025229192674797e-06,-2.0302829412058345e-05
1770703013.592943,1.2,0.0,0.03,1.23,0.0,0.1,0.0,0.0,0.0,-2.8967884946318304e-57,-0.00011983117067852517,-7.099617948784762e-05
1770703014.0036554,1.2,0.0,0.03,1.23,0.0,0.1,0.0,0.0,0.0,-2.253749635352243e-57,-3.761900328376397e-05,-2.7030718381358107e-05
1770703014.4114635,1.2,0.0,0.03,1.23,0.0,0.1,0.0,0.0,0.0,-1.7533881951394394e-57,-0.00011132854512776793,-6.303522674828437e-05
1770703014.8303344,1.2,0.0,0.03,1.23,0.0,0.1,0.0,0.0,0.0,-1.1744580972853805e-57,-0.000152675062848768,-8.047218319648401e-05
1770703015.2480147,1.2,0.0,0.03,1.23,0.0,0.1,0.0,0.0,0.0,-9.236641339153107e-58,-0.0002151783915226778,-0.00011383952862872988
1770703015.6569092,1.2,0.0,0.03,1.23,0.0,0.1,0.0,0.0,0.0,-8.472506376103298e-58,-0.00020150137701273424,-0.00010211838995736147
1770703016.072286,1.2,0.0,0.03,1.23,0.0,0.1,0.0,0.0,0.0,-6.580683240338768e-58,-9.387913631960973e-05,-5.770179222911732e-05
1770703016.4820685,1.2,0.0,0.03,1.23,0.0,0.1,0.0,0.0,0.0,-4.660549577767231e-58,-0.00010550768107356459,-5.391669501217778e-05
1770703016.8913114,1.2,0.0,0.03,1.23,0.0,0.1,0.0,0.0,0.0,-3.412741973452175e-58,-7.796992592044707e-05,-4.1738738475535286e-05
1770703017.3021145,1.2,0.0,0.03,1.23,0.0,0.1,0.0,0.0,0.0,-2.778203145543531e-58,-6.986939918647725e-06,-1.0591768559503797e-05
1770703017.714477,1.2,0.0,0.03,1.23,0.0,0.1,0.0,0.0,0.0,-2.1450447976347902e-58,-5.615706791814306e-06,-2.944976708590495e-06
1770703018.1323433,1.2,0.0,0.03,1.23,0.0,0.1,0.0,0.0,0.0,-1.4535818660915685e-58,9.11476585711269e-05,-5.525016582185757e-05
1770703018.5412576,1.2,0.0,0.03,1.23,0.0,0.1,0.0,0.0,0.0,-1.1324434029737433e-58,7.424542042008444e-05,-3.8812934025146465e-05
1770703018.9659886,1.2,0.0,0.03,1.23,0.0,0.1,0.0,0.0,0.0,-8.806067006836658e-59,-7.148293606057953e-05,-5.031430367835616e-05
1770703019.3902855,1.2,0.0,0.03,1.23,0.0,0.1,0.0,0.0,0.0,-7.007522129838638e-59,-0.0002110996524699397,-0.00011951149787590587
1770703019.805145,1.2,0.0,0.03,1.23,0.0,0.1,0.0,0.0,0.0,-5.708529655385256e-59,-0.000284923343249254,-0.00014984404070255845
1770703020.2202904,1.2,0.0,0.03,1.23,0.0,0.1,0.0,0.0,0.0,-4.225683434881305e-59,-0.0002299174784546453,-0.00012045932570678352
1770703020.6304197,1.2,0.0,0.03,1.23,0.0,0.1,0.0,0.0,0.0,-3.4891478161231576e-59,-0.00031774505186383606,-0.0001676552832728371
1770703021.0508149,1.2,0.0,0.03,1.23,0.0,0.1,0.0,0.0,0.0,-2.31735735180284e-59,-0.00026141948389031414,-0.00013634229874250926
1770703021.4618275,1.2,0.0,0.03,1.23,0.0,0.1,0.0,0.0,0.0,-1.8066236862442895e-59,-0.00022935646380160265,-0.00011788453390967248
1770703021.879501,1.2,0.0,0.03,1.23,0.0,0.1,0.0,0.0,0.0,-1.4306436746693926e-59,-0.0001310543353516242,-7.535738052080995e-05
1770703022.2967296,1.2,0.0,0.03,1.23,0.0,0.1,0.0,0.0,0.0,-1.1846554698337912e-59,-0.00015385135831074743,-7.920538145128604e-05
1770703022.705899,1.2,0.0,0.03,1.23,0.0,0.1,0.0,0.0,0.0,-8.23603379926024e-60,-0.0001260841440614442,-6.581879345565242e-05
1770703023.119453,1.2,0.0,0.03,1.23,0.0,0.1,0.0,0.0,0.0,-7.200772536026856e-60,-2.6232679555832557e-05,-2.3101486228477445e-05
1770703023.5371192,1.2,0.0,0.03,1.23,0.0,0.1,0.0,0.0,0.0,-4.8087400483817e-60,-9.688679784677321e-05,-5.5508810752480665e-05
1770703023.946751,1.2,0.0,0.03,1.23,0.0,0.1,0.0,0.0,0.0,-3.6748931322212637e-60,-6.186754704897956e-05,-3.4435698604269145e-05
1770703024.3554602,1.2,0.0,0.03,1.23,0.0,0.1,0.0,0.0,0.0,-2.891370660487259e-60,-3.8827454346816896e-05,-2.1717736443624713e-05
1770703024.7664573,1.2,0.0,0.03,1.23,0.0,0.1,0.0,0.0,0.0,-2.5573979536896976e-60,-0.00015357747447562162,-8.826373925069128e-05
1770703025.1770573,1.2,0.0,0.03,1.23,0.0,0.1,0.0,0.0,0.0,-1.743069568225953e-60,-0.00021873294883952674,-0.00011588202185615389
1770703025.599739,1.2,0.0,0.03,1.23,0.0,0.1,0.0,0.0,0.0,-1.4036656259556812e-60,-0.00021914694636152748,-0.00010961487293296381
1770703026.00825,1.2,0.0,0.03,1.23,0.0,0.1,0.0,0.0,0.0,-1.1528762047027554e-60,-0.00023262964914755026,-0.0001176630948523774
1770703026.420286,1.2,0.0,0.03,1.23,0.0,0.1,0.0,0.0,0.0,-8.965754484429309e-61,-0.00025395662297841295,-0.00012911100887229274
1770703026.8325596,1.2,0.0,0.03,1.23,0.0,0.1,0.0,0.0,0.0,-5.9627298905026145e-61,-9.074764387976445e-05,-6.169471984974708e-05
1770703027.2542984,1.2,0.0,0.03,1.23,0.0,0.1,0.0,0.0,0.0,-4.57439685631881e-61,-0.00012248170068308422,-6.441425602187408e-05
1770703027.6663158,1.2,0.0,0.03,1.23,0.0,0.1,0.0,0.0,0.0,-3.552548827883727e-61,-9.611929577815921e-05,-5.069588837957211e-05
1770703028.0824742,1.2,0.0,0.03,1.23,0.0,0.1,0.0,0.0,0.0,-2.709684388075981e-61,-9.812138083595846e-05,-4.926089892375916e-05
1770703028.5036335,1.2,0.0,0.03,1.23,0.0,0.1,0.0,0.0,0.0,-2.3656010410094102e-61,2.7404868171258906e-05,-2.625505898635119e-05
1770703028.9225798,1.2,0.0,0.03,1.23,0.0,0.1,0.0,0.0,0.0,-1.7367277287755752e-61,-2.1804646916591622e-05,-1.5823274967080864e-05
1770703029.337058,1.2,0.0,0.03,1.23,0.0,0.1,0.0,0.0,0.0,-1.2276279511643864e-61,-7.472315228249458e-05,-4.2653426677837586e-05
1770703029.7475917,1.2,0.0,0.03,1.23,0.0,0.1,0.0,0.0,0.0,-1.1394605362952326e-61,-0.00021019211599891864,-0.00011864295437110173
1770703030.159204,1.2,0.0,0.03,1.23,0.0,0.1,0.0,0.0,0.0,-7.41121229525085e-62,-9.422405208565531e-05,-5.870883243415399e-05
1770703030.5797818,1.2,0.0,0.03,1.23,0.0,0.1,0.0,0.0,0.0,-5.967212553784359e-62,-0.00017607820910572447,-9.622452025486915e-05
1770703031.0096564,1.2,0.0,0.03,1.23,0.0,0.1,0.0,0.0,0.0,-4.361624963906074e-62,-9.875526648554179e-05,-5.7109927504789164e-05
1770703031.418286,1.2,0.0,0.03,1.23,0.0,0.1,0.0,0.0,0.0,-3.601779544633785e-62,-0.00010775141956012482,-5.4775325087520715e-05
1770703031.834178,1.2,0.0,0.03,1.23,0.0,0.1,0.0,0.0,0.0,-2.4868813059230065e-62,-0.00013293167855455093,-6.898386517671808e-05
1770703032.2450213,1.2,0.0,0.03,1.23,0.0,0.1,0.0,0.0,0.0,-1.930352976758535e-62,-1.1302109823122011e-05,-1.78140117847039e-05
1770703032.6587062,1.2,0.0,0.03,1.23,0.0,0.1,0.0,0.0,0.0,-1.482580162718724e-62,-1.7905578909853193e-05,-9.613136363599714e-06
1770703033.069186,1.2,0.0,0.03,1.23,0.0,0.1,0.0,0.0,0.0,-1.1622041179362686e-62,0.00011141036899292585,-6.863677928674083e-05
1770703033.486306,1.2,0.0,0.03,1.23,0.0,0.1,0.0,0.0,0.0,-9.557822315345736e-63,1.2700534536256303e-05,-1.622125071379511e-05
1770703033.8966873,1.2,0.0,0.03,1.23,0.0,0.1,0.0,0.0,0.0,-7.407330372031348e-63,-5.601803873640191e-05,-3.488087669546678e-05
1770703034.3112044,1.2,0.0,0.03,1.23,0.0,0.1,0.0,0.0,0.0,-5.436475490714901e-63,-8.071195856655536e-05,-4.282537126629303e-05
1770703034.7384164,1.2,0.0,0.03,1.23,0.0,0.1,0.0,0.0,0.0,-3.9618128479151695e-63,-0.00022681162425597256,-0.000128015778696928
1770703035.153045,1.2,0.0,0.03,1.23,0.0,0.1,0.0,0.0,0.0,-3.073383244500646e-63,-0.00031739106438985893,-0.0001677534762083181
1770703035.5687523,1.2,0.0,0.03,1.23,0.0,0.1,0.0,0.0,0.0,-2.3871893569573333e-63,-0.0002602374644592942,-0.00013583409222270356
1770703035.984216,1.2,0.0,0.03,1.23,0.0,0.1,0.0,0.0,0.0,-1.9778430852740887e-63,-0.000262009070812484,-0.00013118169604156097
1770703036.3942714,1.2,0.0,0.03,1.23,0.0,0.1,0.0,0.0,0.0,-1.533738338018012e-63,-0.0004106395580785885,-0.0002201828277659047
1770703036.8033412,1.2,0.0,0.03,1.23,0.0,0.1,0.0,0.0,0.0,-1.1918895644338001e-63,-0.000367932517668013,-0.00018823696287506407
1770703037.2129686,1.2,0.0,0.03,1.23,0.0,0.1,0.0,0.0,0.0,-9.251766343525905e-64,-0.0003310852731098093,-0.00016922736101072501
1770703037.6261277,1.2,0.0,0.03,1.23,0.0,0.1,0.0,0.0,0.0,-7.172942561203585e-64,-0.00024079366010996536,-0.00012942599135496707
1770703038.0355446,1.2,0.0,0.03,1.23,0.0,0.1,0.0,0.0,0.0,-4.897173418144526e-64,-0.00010264388773336005,-6.513692110434055e-05
1770703038.449993,1.2,0.0,0.03,1.23,0.0,0.1,0.0,0.0,0.0,-3.801519577541388e-64,-2.7658507449057304e-05,-2.1327791752958925e-05
1770703038.8584273,1.2,0.0,0.03,1.23,0.0,0.1,0.0,0.0,0.0,-2.944926019763077e-64,6.418199894086285e-05,-4.127505010942344e-05
1770703039.2717693,1.2,0.0,0.03,1.23,0.0,0.1,0.0,0.0,0.0,-2.2938158265054172e-64,-3.538616937819789e-05,-2.7649901521005023e-05
1770703039.68376,1.2,0.0,0.03,1.23,0.0,0.1,0.0,0.0,0.0,-1.9091062225237623e-64,-1.8699057489267793e-05,-1.1018239933526906e-05
1770703040.0923412,1.2,0.0,0.03,1.23,0.0,0.1,0.0,0.0,0.0,-1.4702573460868317e-64,-0.00018725178139823403,-0.00011048116309001364
1770703040.5050519,1.2,0.0,0.03,1.23,0.0,0.1,0.0,0.0,0.0,-1.149857875315386e-64,-0.0002666979298835113,-0.0001412935797902834
1770703040.9155185,1.2,0.0,0.03,1.23,0.0,0.1,0.0,0.0,0.0,-8.938080978998988e-65,-0.00038063696547420254,-0.0002017123862961704
1770703041.3353512,1.2,0.0,0.03,1.23,0.0,0.1,0.0,0.0,0.0,-6.054187294339968e-65,-0.00037787036103575233,-0.0001892118409617212
1770703041.7579055,1.2,0.0,0.03,1.23,0.0,0.1,0.0,0.0,0.0,-4.698543886036422e-65,-0.0003808401569600385,-0.0001907170580724479
1770703042.1847355,1.2,0.0,0.03,1.23,0.0,0.1,0.0,0.0,0.0,-3.938685530241627e-65,-0.00030055655004710725,-0.00015830663571484674
1770703042.6030116,1.2,0.0,0.03,1.23,0.0,0.1,0.0,0.0,0.0,-3.062331104405437e-65,-0.000208867068031945,-0.00011360248221748872
1770703043.0309365,1.2,0.0,0.03,1.23,0.0,0.1,0.0,0.0,0.0,-2.0627347616999697e-65,-0.00011898343746095926,-6.84800817875782e-05
1770703043.4536664,1.2,0.0,0.03,1.23,0.0,0.1,0.0,0.0,0.0,-1.600805485093298e-65,-8.528327774895098e-05,-4.601165484567632e-05
1770703043.8788154,1.2,0.0,0.03,1.23,0.0,0.1,0.0,0.0,0.0,-1.2401484365826638e-65,-2.9871566779154923e-05,-2.0476954486557068e-05
1770703044.2956991,1.2,0.0,0.03,1.23,0.0,0.1,0.0,0.0,0.0,-9.918893845709274e-66,-2.8680850810069465e-05,-1.4459497001943278e-05
1770703044.7087798,1.2,0.0,0.03,1.23,0.0,0.1,0.0,0.0,0.0,-7.672293743681692e-66,-0.00013861063798603645,-8.029829771061492e-05
1770703045.1267076,1.2,0.0,0.03,1.23,0.0,0.1,0.0,0.0,0.0,-6.343069431173583e-66,-9.472439798376896e-05,-5.1750822992111225e-05
1770703045.5408647,1.2,0.0,0.03,1.23,0.0,0.1,0.0,0.0,0.0,-4.234029450614637e-66,-8.95264527712531e-05,-4.528302090687814e-05
1770703045.952445,1.2,0.0,0.03,1.23,0.0,0.1,0.0,0.0,0.0,-3.2850929801216973e-66,-8.988647662283934e-05,-4.4979240696578294e-05
1770703046.3624659,1.2,0.0,0.03,1.23,0.0,0.1,0.0,0.0,0.0,-2.570719610805478e-66,-9.683778726075285e-05,-4.9114024694167776e-05
1770703046.774362,1.2,0.0,0.03,1.23,0.0,0.1,0.0,0.0,0.0,-1.977461076681909e-66,-6.027953120438042e-05,-3.3795591207827456e-05
1770703047.1839695,1.2,0.0,0.03,1.23,0.0,0.1,0.0,0.0,0.0,-1.683711567937948e-66,-0.00014132680674084925,-7.876813092407151e-05
1770703047.5996714,1.2,0.0,0.03,1.23,0.0,0.1,0.0,0.0,0.0,-1.3078282424574948e-66,-0.00019174263423476367,-0.00010091289986677329
1770703048.0126674,1.2,0.0,0.03,1.23,0.0,0.1,0.0,0.0,0.0,-1.0160732189608943e-66,-1.0633508488200962e-05,-2.342766681875675e-05
1770703048.417428,1.2,0.0,0.03,1.23,0.0,0.1,0.0,0.0,0.0,-7.46547596743174e-67,-0.00013038886615090312,-7.716996884172178e-05
1770703048.8321457,1.2,0.0,0.03,1.23,0.0,0.1,0.0,0.0,0.0,-5.2381849872752257e-67,-6.922186418353694e-05,-4.072763228850509e-05
1770703049.2508905,1.2,0.0,0.03,1.23,0.0,0.1,0.0,0.0,0.0,-4.062713875096693e-67,-7.085016525416459e-05,-3.5587912734145056e-05
1770703049.6635103,1.2,0.0,0.03,1.23,0.0,0.1,0.0,0.0,0.0,-3.952079799389007e-67,6.321517531058404e-05,-4.5014121711766885e-05
1770703050.0823736,1.2,0.0,0.03,1.23,0.0,0.1,0.0,0.0,0.0,-2.699707581076387e-67,1.3811021865496256e-05,-1.1845926277256907e-05
1770703050.5002506,1.2,0.0,0.03,1.23,0.0,0.1,0.0,0.0,0.0,-2.097332049134404e-67,-4.767423051292442e-05,-2.998564049430428e-05
1770703050.9153705,1.2,0.0,0.03,1.23,0.0,0.1,0.0,0.0,0.0,-1.6276837411311566e-67,-9.066385463946816e-05,-4.963088973238846e-05
1770703051.3279948,1.2,0.0,0.03,1.23,0.0,0.1,0.0,0.0,0.0,-1.0869804402707282e-67,-0.00022512035454943073,-0.00012600582726571163
1770703051.7762759,1.2,0.0,0.03,1.23,0.0,0.1,0.0,0.0,0.0,-8.443544378427332e-68,-0.00025353309528145255,-0.00012960782171392846
1770703052.1930635,1.2,0.0,0.03,1.23,0.0,0.1,0.0,0.0,0.0,-7.1928864146919305e-68,-0.00035444688667045994,-0.00018731482247413072
1770703052.6075807,1.2,0.0,0.03,1.23,0.0,0.1,0.0,0.0,0.0,-4.896818109857285e-68,-0.00028973078185560216,-0.00015133700140928686
1770703053.0220702,1.2,0.0,0.03,1.23,0.0,0.1,0.0,0.0,0.0,-4.114582920575341e-68,-0.00024928100030226815,-0.00012868547830646748
1770703053.4383063,1.2,0.0,0.03,1.23,0.0,0.1,0.0,0.0,0.0,-2.892572993487857e-68,-0.00011431927139301982,-7.065580858743474e-05
1770703053.8590539,1.2,0.0,0.03,1.23,0.0,0.1,0.0,0.0,0.0,-2.5580911114206822e-68,-0.0001854215104858473,-9.98209791522064e-05
1770703054.2707453,1.2,0.0,0.03,1.23,0.0,0.1,0.0,0.0,0.0,-1.7452281015338942e-68,-0.0001421421470601348,-7.539900987263865e-05
1770703054.6827924,1.2,0.0,0.03,1.23,0.0,0.1,0.0,0.0,0.0,-1.6253105959518078e-68,-0.00010891722687137709,-5.778110545456431e-05
1770703055.0965414,1.2,0.0,0.03,1.23,0.0,0.1,0.0,0.0,0.0,-1.0243804578922138e-68,-0.00014990034355857036,-7.904848344800451e-05
1770703055.5194652,1.2,0.0,0.03,1.23,0.0,0.1,0.0,0.0,0.0,-8.454155183934854e-69,-0.00013395353988086448,-6.857145030820283e-05
1770703055.9534912,1.2,0.0,0.03,1.23,0.0,0.1,0.0,0.0,0.0,-7.139655422726698e-69,-0.00035356278911392224,-0.0001987423194802669
1770703056.3680723,1.2,0.0,0.03,1.23,0.0,0.1,0.0,0.0,0.0,-4.987009002494188e-69,-0.0002897613800315125,-0.0001512608309239972
1770703056.7895513,1.2,0.0,0.03,1.23,0.0,0.1,0.0,0.0,0.0,-3.7384627295002824e-69,-0.0003452801291875792,-0.00017819193950939627
1770703057.1998203,1.2,0.0,0.03,1.23,0.0,0.1,0.0,0.0,0.0,-2.7237017154710636e-69,-0.0003344464339899377,-0.000168306586514733
1770703057.6186721,1.2,0.0,0.03,1.23,0.0,0.1,0.0,0.0,0.0,-2.1209045765902179e-69,-0.00039064313576262237,-0.00020094123805857966
1770703058.0664582,1.2,0.0,0.03,1.23,0.0,0.1,0.0,0.0,0.0,-1.5422067265776231e-69,-0.000328886693825053,-0.00017061899110628343
1770703058.4805012,1.2,0.0,0.03,1.23,0.0,0.1,0.0,0.0,0.0,-1.2005115456149064e-69,-0.00023456732671073085,-0.00012671560006679764
1770703058.8968558,1.2,0.0,0.03,1.23,0.0,0.1,0.0,0.0,0.0,-9.910449494762492e-70,-0.0001650689002146687,-8.948429275694056e-05
1770703059.309558,1.2,0.0,0.03,1.23,0.0,0.1,0.0,0.0,0.0,-7.686881228741372e-70,-2.6989628463599933e-05,-2.7302741406906846e-05
1770703059.7155678,1.2,0.0,0.03,1.23,0.0,0.1,0.0,0.0,0.0,-5.973902625902947e-70,-0.00010289810325357327,-5.903989910578397e-05
1770703060.1297674,1.2,0.0,0.03,1.23,0.0,0.1,0.0,0.0,0.0,-4.076539042495194e-70,-1.0787389333702144e-06,-1.0721305898705413e-05
1770703060.5428393,1.2,0.0,0.03,1.23,0.0,0.1,0.0,0.0,0.0,-3.160005011378214e-70,1.54451085990187e-05,-9.37493905274824e-06
1770703060.9521575,1.2,0.0,0.03,1.23,0.0,0.1,0.0,0.0,0.0,-2.454330700053688e-70,-0.00012628837502217123,-7.731753587320461e-05
1770703061.3624673,1.2,0.0,0.03,1.23,0.0,0.1,0.0,0.0,0.0,-1.9051209516382595e-70,-0.00018693613641741124,-9.953284434822962e-05
1770703061.7795024,1.2,0.0,0.03,1.23,0.0,0.1,0.0,0.0,0.0,-1.4778697616871553e-70,-0.0002764698347611057,-0.0001471882872149223
1770703062.195998,1.2,0.0,0.03,1.23,0.0,0.1,0.0,0.0,0.0,-1.2236306904764836e-70,-0.0002675137927171965,-0.00013465250056298917
1770703062.605212,1.2,0.0,0.03,1.23,0.0,0.1,0.0,0.0,0.0,-9.517242829040199e-71,-0.0003194133051873003,-0.0001648966038406605
1770703063.0175972,1.2,0.0,0.03,1.23,0.0,0.1,0.0,0.0,0.0,-7.395608457715762e-71,-0.00030328812525210114,-0.0001532565806195705
1770703063.4293644,1.2,0.0,0.03,1.23,0.0,0.1,0.0,0.0,0.0,-5.371803675737327e-71,-0.00034423478035775575,-0.00017621205568944334
1770703063.8463328,1.2,0.0,0.03,1.23,0.0,0.1,0.0,0.0,0.0,-3.8518054765899005e-71,-0.00024737260617430594,-0.00013337252050549795
1770703064.2523615,1.2,0.0,0.03,1.23,0.0,0.1,0.0,0.0,0.0,-3.0310105105663798e-71,-0.00017612620067580535,-9.518774088775273e-05
1770703064.6588404,1.2,0.0,0.03,1.23,0.0,0.1,0.0,0.0,0.0,-2.3548290362735863e-71,-0.00014383499512957934,-7.514661811941228e-05
1770703065.077577,1.2,0.0,0.03,1.23,0.0,0.1,0.0,0.0,0.0,-1.8278869391893616e-71,-0.00011244037649804059,-5.935965011217417e-05
1770703065.490753,1.2,0.0,0.03,1.23,0.0,0.1,0.0,0.0,0.0,-1.5222100613297856e-71,-4.594740737269058e-05,-2.962300059888029e-05
1770703065.9038951,1.2,0.0,0.03,1.23,0.0,0.1,0.0,0.0,0.0,-1.18119349694637e-71,-0.00013113895254495645,-7.408863078970481e-05
1770703066.312234,1.2,0.0,0.03,1.23,0.0,0.1,0.0,0.0,0.0,-9.134631235357218e-72,-0.0001591791367117008,-8.239358677252484e-05
1770703066.7246232,1.2,0.0,0.03,1.23,0.0,0.1,0.0,0.0,0.0,-7.132782644019958e-72,-0.00019123487238398407,-9.882300975922035e-05
1770703067.1416783,1.2,0.0,0.03,1.23,0.0,0.1,0.0,0.0,0.0,-4.836660113369178e-72,-0.0001692617643545769,-8.682819298022917e-05
1770703067.5615234,1.2,0.0,0.03,1.23,0.0,0.1,0.0,0.0,0.0,-3.7578999557694526e-72,-0.00012861970164082428,-6.83740570917874e-05
1770703067.9724104,1.2,0.0,0.03,1.23,0.0,0.1,0.0,0.0,0.0,-2.9056488659324404e-72,-0.00015427450192033448,-7.970273098811827e-05
1770703068.3811707,1.2,0.0,0.03,1.23,0.0,0.1,0.0,0.0,0.0,-2.439493500492584e-72,-0.0001796467920368727,-9.236062503009016e-05
1770703068.824405,1.2,0.0,0.03,1.23,0.0,0.1,0.0,0.0,0.0,-1.8895573447923267e-72,-0.00021093249581136494,-0.0001085948182831317
1770703069.2456994,1.2,0.0,0.03,1.23,0.0,0.1,0.0,0.0,0.0,-1.2777578825788765e-72,-8.881859525934583e-05,-5.662068768487483e-05
1770703069.664497,1.2,0.0,0.03,1.23,0.0,0.1,0.0,0.0,0.0,-9.917336297748749e-73,-4.322548905815014e-05,-2.617205514919464e-05
1770703070.08663,1.2,0.0,0.03,1.23,0.0,0.1,0.0,0.0,0.0,-8.349120408071597e-73,-0.0001319756770228599,-7.486285730790091e-05
1770703070.4957547,1.2,0.0,0.03,1.23,0.0,0.1,0.0,0.0,0.0,-5.828409479502336e-73,-5.898938829596051e-05,-3.6793323020670194e-05
1770703070.9053566,1.2,0.0,0.03,1.23,0.0,0.1,0.0,0.0,0.0,-5.020043303253738e-73,-0.0001590328403332649,-8.952076537036288e-05
1770703071.3134773,1.2,0.0,0.03,1.23,0.0,0.1,0.0,0.0,0.0,-3.899644059220775e-73,-0.00015874808177024455,-7.94025167414243e-05
1770703071.7312183,1.2,0.0,0.03,1.23,0.0,0.1,0.0,0.0,0.0,-3.026789176137893e-73,-0.00026360966929452734,-0.00014229099339969196
1770703072.1521008,1.2,0.0,0.03,1.23,0.0,0.1,0.0,0.0,0.0,-2.0345065103896178e-73,-0.000278432495771431,-0.0001406985305334059
1770703072.5749874,1.2,0.0,0.03,1.23,0.0,0.1,0.0,0.0,0.0,-1.5839606117248594e-73,-0.0002197522212390711,-0.00011574413807277154
1770703072.99198,1.2,0.0,0.03,1.23,0.0,0.1,0.0,0.0,0.0,-1.3317992196397734e-73,-0.00016699478767083059,-8.877313719223934e-05
1770703073.415058,1.2,0.0,0.03,1.23,0.0,0.1,0.0,0.0,0.0,-1.0395087887704486e-73,-0.0002487426872468057,-0.0001325461335810004
1770703073.8298967,1.2,0.0,0.03,1.23,0.0,0.1,0.0,0.0,0.0,-6.929595933168325e-74,-0.00030393308934747976,-0.00015748558488380728
1770703074.2395668,1.2,0.0,0.03,1.23,0.0,0.1,0.0,0.0,0.0,-5.413459341855625e-74,-0.00028505260554958416,-0.00014441435115458164
1770703074.6507266,1.2,0.0,0.03,1.23,0.0,0.1,0.0,0.0,0.0,-4.176039784526079e-74,-0.0002632913849489927,-0.00013382181453455548
1770703075.058394,1.2,0.0,0.03,1.23,0.0,0.1,0.0,0.0,0.0,-3.2577690378323914e-74,-0.00023216975649661064,-0.00011919704109354353
1770703075.4712813,1.2,0.0,0.03,1.23,0.0,0.1,0.0,0.0,0.0,-2.5138378544161807e-74,-0.00021103180843227512,-0.00010762969902257112
1770703075.888228,1.2,0.0,0.03,1.23,0.0,0.1,0.0,0.0,0.0,-2.1411429360320375e-74,-0.00020990879141393967,-0.00010506669740880338
1770703076.3075972,1.2,0.0,0.03,1.23,0.0,0.1,0.0,0.0,0.0,-1.6641789336236623e-74,-0.0002554447974650727,-0.00013227599933764966
1770703076.7202551,1.2,0.0,0.03,1.23,0.0,0.1,0.0,0.0,0.0,-1.2167915927377116e-74,-0.00013678063617605886,-8.025673421693081e-05
1770703077.139398,1.2,0.0,0.03,1.23,0.0,0.1,0.0,0.0,0.0,-8.574193470116624e-75,-0.0002171530628754986,-0.00011661377410769327
1770703077.5499885,1.2,0.0,0.03,1.23,0.0,0.1,0.0,0.0,0.0,-7.574518297735424e-75,-0.00025725057935727807,-0.00013263504132681698
1770703077.9635878,1.2,0.0,0.03,1.23,0.0,0.1,0.0,0.0,0.0,-5.866543138203204e-75,-0.00030855383495792147,-0.00015940724303902508
1770703078.37771,1.2,0.0,0.03,1.23,0.0,0.1,0.0,0.0,0.0,-4.1494567419235543e-75,-0.00023423947852174628,-0.00012455117490449066
1770703078.7922745,1.2,0.0,0.03,1.23,0.0,0.1,0.0,0.0,0.0,-3.4471806092146774e-75,-0.00027656921155585975,-0.00014251757908134122
1770703079.2018635,1.2,0.0,0.03,1.23,0.0,0.1,0.0,0.0,0.0,-2.69664046772111e-75,-0.00026047107725638225,-0.00013184535205813886
1770703079.6096282,1.2,0.0,0.03,1.23,0.0,0.1,0.0,0.0,0.0,-2.0097461217003069e-75,-0.00013654103264089162,-8.066352078199488e-05
1770703080.016063,1.2,0.0,0.03,1.23,0.0,0.1,0.0,0.0,0.0,-1.5764274720888692e-75,-0.0002221414452223418,-0.00011963076386931591
1770703080.4253392,1.2,0.0,0.03,1.23,0.0,0.1,0.0,0.0,0.0,-1.2250891921516425e-75,-8.854381498066878e-05,-5.7631670514501694e-05
1770703080.8417616,1.2,0.0,0.03,1.23,0.0,0.1,0.0,0.0,0.0,-8.201707294482473e-76,-7.396605587660844e-05,-3.844080384871025e-05
1770703081.2642565,1.2,0.0,0.03,1.23,0.0,0.1,0.0,0.0,0.0,-6.353903681021251e-76,-1.8367082304073434e-05,-1.4743438509290217e-05
1770703081.6826477,1.2,0.0,0.03,1.23,0.0,0.1,0.0,0.0,0.0,-5.36476926468675e-76,2.4079338266842598e-05,-1.62843111905129e-05
1770703082.0937605,1.2,0.0,0.03,1.23,0.0,0.1,0.0,0.0,0.0,-3.9335020452067397e-76,-3.725645361214086e-05,-2.4761805993968777e-05
1770703082.5053234,1.2,0.0,0.03,1.23,0.0,0.1,0.0,0.0,0.0,-3.235440889916264e-76,-0.0001233347333911402,-7.027519467347004e-05
1770703082.912704,1.2,0.0,0.03,1.23,0.0,0.1,0.0,0.0,0.0,-2.5102842430845257e-76,-0.00011063892626812701,-5.658904384636482e-05
1770703083.3235445,1.2,0.0,0.03,1.23,0.0,0.1,0.0,0.0,0.0,-1.9437725565548597e-76,-0.00016350674079333483,-8.704015184918819e-05
1770703083.7329,1.2,0.0,0.03,1.23,0.0,0.1,0.0,0.0,0.0,-1.261851157928391e-76,-7.998161145464777e-05,-4.834331866119259e-05
1770703084.1528978,1.2,0.0,0.03,1.23,0.0,0.1,0.0,0.0,0.0,-1.0161307460619402e-76,-0.00026539626391725864,-0.00015123959720489042
1770703084.562103,1.2,0.0,0.03,1.23,0.0,0.1,0.0,0.0,0.0,-7.892455705310004e-77,-0.0001573776445344866,-8.94906842055205e-05
1770703084.9673314,1.2,0.0,0.03,1.23,0.0,0.1,0.0,0.0,0.0,-6.127030120828494e-77,-0.00011662631164207732,-6.238828911027958e-05
1770703085.376296,1.2,0.0,0.03,1.23,0.0,0.1,0.0,0.0,0.0,-4.749533270908389e-77,-0.00010024951705624323,-5.176243798670503e-05
1770703085.7905664,1.2,0.0,0.03,1.23,0.0,0.1,0.0,0.0,0.0,-3.970588206992603e-77,8.067619062062941e-05,-5.8430666078001966e-05
1770703086.2077358,1.2,0.0,0.03,1.23,0.0,0.1,0.0,0.0,0.0,-3.0839975343852557e-77,-1.1763365757391922e-05,-1.5125638516498094e-05
1770703086.6211488,1.2,0.0,0.03,1.23,0.0,0.1,0.0,0.0,0.0,-2.387150511764917e-77,4.169071014851211e-05,-2.6190762664846456e-05
1770703087.0566237,1.2,0.0,0.03,1.23,0.0,0.1,0.0,0.0,0.0,-1.8076439915313612e-77,-6.706376279913822e-05,-4.4407328694334144e-05
1770703087.4659238,1.2,0.0,0.03,1.23,0.0,0.1,0.0,0.0,0.0,-1.2551671212881004e-77,-6.575014037528575e-05,-3.300643243002812e-05
1770703087.892659,1.2,0.0,0.03,1.23,0.0,0.1,0.0,0.0,0.0,-1.041998507948182e-77,-0.00027958413493796107,-0.00016117546692524806
1770703088.302891,1.2,0.0,0.03,1.23,0.0,0.1,0.0,0.0,0.0,-8.114041307632156e-78,-0.00016499574125379207,-9.395670999531294e-05
1770703088.7086594,1.2,0.0,0.03,1.23,0.0,0.1,0.0,0.0,0.0,-6.29305749849436e-78,-0.00025586885154178795,-0.00013702173679969355
1770703089.1243665,1.2,0.0,0.03,1.23,0.0,0.1,0.0,0.0,0.0,-4.868565949772806e-78,-0.00015741035021045485,-8.855102523836073e-05
1770703089.5361042,1.2,0.0,0.03,1.23,0.0,0.1,0.0,0.0,0.0,-3.322553302142195e-78,-9.894740717572067e-05,-5.531999789133375e-05
1770703089.9528966,1.2,0.0,0.03,1.23,0.0,0.1,0.0,0.0,0.0,-2.5758367528937e-78,-0.0001127606642786938,-5.7761657849644216e-05
1770703090.3660684,1.2,0.0,0.03,1.23,0.0,0.1,0.0,0.0,0.0,-2.0011237543684236e-78,1.8900408431253464e-05,-2.2616311486621457e-05
1770703090.7781157,1.2,0.0,0.03,1.23,0.0,0.1,0.0,0.0,0.0,-1.5631241013130293e-78,3.942213289529857e-05,-2.1763238894053795e-05
1770703091.1907635,1.2,0.0,0.03,1.23,0.0,0.1,0.0,0.0,0.0,-1.2856436982329637e-78,-6.505457899164494e-05,-4.297496068451683e-05
1770703091.6156425,1.2,0.0,0.03,1.23,0.0,0.1,0.0,0.0,0.0,-9.96968336093933e-79,-4.735539700373641e-05,-2.5447616700659058e-05
1770703092.0515022,1.2,0.0,0.03,1.23,0.0,0.1,0.0,0.0,0.0,-6.819944655937213e-79,-3.234213668812145e-05,-1.767239437562222e-05
1770703092.4636445,1.2,0.0,0.03,1.23,0.0,0.1,0.0,0.0,0.0,-5.2827954218633317e-79,-0.00018182102191238971,-0.00010585839947862169
1770703092.8935661,1.2,0.0,0.03,1.23,0.0,0.1,0.0,0.0,0.0,-4.358902511573088e-79,-0.00019950085601942426,-0.00010151841142041558
1770703093.3057015,1.2,0.0,0.03,1.23,0.0,0.1,0.0,0.0,0.0,-3.1826617247182287e-79,-0.00019283723364561253,-9.708497906018744e-05
1770703093.718379,1.2,0.0,0.03,1.23,0.0,0.1,0.0,0.0,0.0,-2.6303715331842982e-79,-0.00020696220763894587,-0.00010489360121880627
1770703094.1281338,1.2,0.0,0.03,1.23,0.0,0.1,0.0,0.0,0.0,-1.7747698961274016e-79,-0.00019913009298549653,-0.0001003482579580932
1770703094.5390666,1.2,0.0,0.03,1.23,0.0,0.1,0.0,0.0,0.0,-1.3957427495502447e-79,-0.000319077778467987,-0.00017153365778224255
1770703094.952683,1.2,0.0,0.03,1.23,0.0,0.1,0.0,0.0,0.0,-1.0858103054274102e-79,-0.0002128344008171724,-0.00011704153817366766
1770703095.3917804,1.2,0.0,0.03,1.23,0.0,0.1,0.0,0.0,0.0,-9.049825558420034e-80,-0.00033234414360970826,-0.00017812304608410772
1770703095.8012645,1.2,0.0,0.03,1.23,0.0,0.1,0.0,0.0,0.0,-6.646398138217027e-80,-0.0002838752475293806,-0.00014678451337272309
1770703096.2162695,1.2,0.0,0.03,1.23,0.0,0.1,0.0,0.0,0.0,-5.5089440293438775e-80,-0.00024018359759338695,-0.00012446096379029284
1770703096.6355345,1.2,0.0,0.03,1.23,0.0,0.1,0.0,0.0,0.0,-4.173768962159208e-80,-5.298463713874674e-05,-4.521221461483739e-05
1770703097.0539544,1.2,0.0,0.03,1.23,0.0,0.1,0.0,0.0,0.0,-2.885759679981945e-80,-7.692182161180561e-05,-4.0854629253208695e-05
1770703097.462846,1.2,0.0,0.03,1.23,0.0,0.1,0.0,0.0,0.0,-2.2144953297531996e-80,-1.5865656774655597e-05,-1.40384448710428e-05
1770703097.8715858,1.2,0.0,0.03,1.23,0.0,0.1,0.0,0.0,0.0,-1.744744445055761e-80,-0.00014705548959141032,-8.664672807738064e-05
1770703098.283852,1.2,0.0,0.03,1.23,0.0,0.1,0.0,0.0,0.0,-1.4634967320109588e-80,-0.00016220942572154826,-8.262010647378792e-05
1770703098.6925862,1.2,0.0,0.03,1.23,0.0,0.1,0.0,0.0,0.0,-1.1367175100958293e-80,-0.00012521531049692795,-6.6307066770926e-05
1770703099.1046534,1.2,0.0,0.03,1.23,0.0,0.1,0.0,0.0,0.0,-8.842870989603445e-81,-0.00021102955218167463,-0.00011409620025931198
1770703099.5136263,1.2,0.0,0.03,1.23,0.0,0.1,0.0,0.0,0.0,-6.8521653340062e-81,-0.00014236250521067805,-7.804795730243869e-05
1770703099.9210732,1.2,0.0,0.03,1.23,0.0,0.1,0.0,0.0,0.0,-5.041715739946136e-81,-0.0002582889323918647,-0.000140737108914051
1770703100.3341968,1.2,0.0,0.03,1.23,0.0,0.1,0.0,0.0,0.0,-3.5551868062106433e-81,-0.00010700916589026621,-6.863255959529296e-05
1770703100.745169,1.2,0.0,0.03,1.23,0.0,0.1,0.0,0.0,0.0,-2.7841592119155e-81,3.872570820189483e-05,-3.393634151016352e-05
1770703101.154243,1.2,0.0,0.03,1.23,0.0,0.1,0.0,0.0,0.0,-2.143309752118095e-81,5.9594756623602183e-05,-3.188428315397183e-05
1770703101.5676196,1.2,0.0,0.03,1.23,0.0,0.1,0.0,0.0,0.0,-1.6563995831597823e-81,1.7624626448171395e-05,-1.3009326241628776e-05
1770703101.9779232,1.2,0.0,0.03,1.23,0.0,0.1,0.0,0.0,0.0,-1.413835180344942e-81,0.00016127034443172363,-9.499974401421703e-05
1770703102.3973072,1.2,0.0,0.03,1.23,0.0,0.1,0.0,0.0,0.0,-1.0970988728584345e-81,0.0001511093707232885,-7.657078273248777e-05
1770703102.808293,1.2,0.0,0.03,1.23,0.0,0.1,0.0,0.0,0.0,-8.522440685322462e-82,0.00011151345896944844,-5.971632066010823e-05
1770703103.2215405,1.2,0.0,0.03,1.23,0.0,0.1,0.0,0.0,0.0,-6.179472131154185e-82,8.072292651775167e-05,-4.344051650404551e-05
1770703103.6358893,1.2,0.0,0.03,1.23,0.0,0.1,0.0,0.0,0.0,-4.3895965697087904e-82,-6.715430623536581e-06,-1.2101551025897116e-05
1770703104.0462034,1.2,0.0,0.03,1.23,0.0,0.1,0.0,0.0,0.0,-3.414339446911023e-82,-6.923295023195053e-05,-4.086822707681666e-05
1770703104.4653766,1.2,0.0,0.03,1.23,0.0,0.1,0.0,0.0,0.0,-2.642610328612902e-82,-0.00013978631237173626,-7.69484923998467e-05
1770703104.8787856,1.2,0.0,0.03,1.23,0.0,0.1,0.0,0.0,0.0,-2.066946215087233e-82,-0.00021807021689885866,-0.00011686349890214157
1770703105.2911797,1.2,0.0,0.03,1.23,0.0,0.1,0.0,0.0,0.0,-1.7539930392735416e-82,-0.00020999513799679304,-0.00010580507688860308
1770703105.7098458,1.2,0.0,0.03,1.23,0.0,0.1,0.0,0.0,0.0,-1.211795612225553e-82,-0.0001215471749868437,-6.961838379441678e-05
1770703106.1247082,1.2,0.0,0.03,1.23,0.0,0.1,0.0,0.0,0.0,-1.0034916632547437e-82,-0.00011432985048890463,-5.788665769424622e-05
1770703106.5435452,1.2,0.0,0.03,1.23,0.0,0.1,0.0,0.0,0.0,-8.467778876140997e-83,-0.00010982323841542611,-5.5362280415060905e-05
1770703106.9550188,1.2,0.0,0.03,1.23,0.0,0.1,0.0,0.0,0.0,-5.4911019440834205e-83,-6.68905360577725e-05,-3.773853826465161e-05
1770703107.379772,1.2,0.0,0.03,1.23,0.0,0.1,0.0,0.0,0.0,-4.212979229236408e-83,5.625410073174828e-05,-4.0441514044826224e-05
1770703107.799038,1.2,0.0,0.03,1.23,0.0,0.1,0.0,0.0,0.0,-3.426584701321359e-83,4.832257691743809e-05,-2.495444084015006e-05
1770703108.2098677,1.2,0.0,0.03,1.23,0.0,0.1,0.0,0.0,0.0,-2.5109196695280733e-83,-3.0494912691942127e-05,-2.3129205306909082e-05
1770703108.6189778,1.2,0.0,0.03,1.23,0.0,0.1,0.0,0.0,0.0,-1.9442290306749363e-83,-8.37333424786103e-05,-4.719051421797197e-05
1770703109.0338695,1.2,0.0,0.03,1.23,0.0,0.1,0.0,0.0,0.0,-1.437783041865617e-83,-0.00023342875497398306,-0.0001316839187365288
1770703109.4478855,1.2,0.0,0.03,1.23,0.0,0.1,0.0,0.0,0.0,-1.359387569808165e-83,-0.00022337208943198593,-0.00011269171127019268
1770703109.8572023,1.2,0.0,0.03,1.23,0.0,0.1,0.0,0.0,0.0,-8.644262277144723e-84,-0.0002949008771545639,-0.00015460331734953975
1770703110.2748134,1.2,0.0,0.03,1.23,0.0,0.1,0.0,0.0,0.0,-6.707146654198117e-84,-0.0002838306075152296,-0.0001430223307215482
1770703110.6893559,1.2,0.0,0.03,1.23,0.0,0.1,0.0,0.0,0.0,-5.50094006686536e-84,-0.00022842485342715435,-0.0001197530021223847
1770703111.0966244,1.2,0.0,0.03,1.23,0.0,0.1,0.0,0.0,0.0,-4.279464740393128e-84,-0.00025983486666075544,-0.00013305843465373783
1770703111.5122802,1.2,0.0,0.03,1.23,0.0,0.1,0.0,0.0,0.0,-3.3331180822083096e-84,-0.00026626095337738104,-0.00013377308536035307
1770703111.9221773,1.2,0.0,0.03,1.23,0.0,0.1,0.0,0.0,0.0,-2.5859092240398286e-84,-0.00020950539928868463,-0.00011042825505321196
1770703112.3474407,1.2,0.0,0.03,1.23,0.0,0.1,0.0,0.0,0.0,-1.7738639480356153e-84,-0.0001231674491727394,-7.021751959796422e-05
1770703112.7574508,1.2,0.0,0.03,1.23,0.0,0.1,0.0,0.0,0.0,-1.3733633986071949e-84,-0.0001584896846487454,-8.27770658719733e-05
1770703113.1664793,1.2,0.0,0.03,1.23,0.0,0.1,0.0,0.0,0.0,-1.0730929022587913e-84,-0.00011305106906754259,-6.106939609189158e-05
1770703113.5810685,1.2,0.0,0.03,1.23,0.0,0.1,0.0,0.0,0.0,-8.604459406518945e-85,-0.00027209068641775814,-0.00015194930494390063
1770703113.99249,1.2,0.0,0.03,1.23,0.0,0.1,0.0,0.0,0.0,-6.873585039209087e-85,-0.0002623825599057592,-0.0001321620926040795
1770703114.4021988,1.2,0.0,0.03,1.23,0.0,0.1,0.0,0.0,0.0,-5.34076467853077e-85,-0.0003167032729035377,-0.00016378370775154671
1770703114.8111753,1.2,0.0,0.03,1.23,0.0,0.1,0.0,0.0,0.0,-4.1356628235157384e-85,-0.0001796131320375142,-0.00010351558010535946
1770703115.2271278,1.2,0.0,0.03,1.23,0.0,0.1,0.0,0.0,0.0,-2.853439210052716e-85,-0.0002871737128995023,-0.00015434291453594995
1770703115.6483886,1.2,0.0,0.03,1.23,0.0,0.1,0.0,0.0,0.0,-2.1934314774968453e-85,-0.00023375889128019175,-0.00012222092780202692
1770703116.062753,1.2,0.0,0.03,1.23,0.0,0.1,0.0,0.0,0.0,-1.698126231088414e-85,-0.0002945661832584174,-0.00015336382082703127
1770703116.468928,1.2,0.0,0.03,1.23,0.0,0.1,0.0,0.0,0.0,-1.3213792211388485e-85,-0.0004043186884041468,-0.00021313459471664634
1770703116.879196,1.2,0.0,0.03,1.23,0.0,0.1,0.0,0.0,0.0,-1.0996633513050882e-85,-0.0003251339300351853,-0.0001704854408544888
1770703117.2947195,1.2,0.0,0.03,1.23,0.0,0.1,0.0,0.0,0.0,-8.505977697959729e-86,-0.00030868882377295024,-0.00015598892251269863
1770703117.7057803,1.2,0.0,0.03,1.23,0.0,0.1,0.0,0.0,0.0,-6.638908513402665e-86,-0.00011691540628321986,-7.763504489058298e-05
1770703118.129479,1.2,0.0,0.03,1.23,0.0,0.1,0.0,0.0,0.0,-4.482249149220933e-86,-0.0001992112619325606,-0.00010783521653121437
1770703118.5442083,1.2,0.0,0.03,1.23,0.0,0.1,0.0,0.0,0.0,-3.493082845226063e-86,-0.0001394999346496799,-7.572110005312802e-05
1770703118.9581795,1.2,0.0,0.03,1.23,0.0,0.1,0.0,0.0,0.0,-2.7112818398289815e-86,-6.53253247313813e-05,-4.008012335752051e-05
1770703119.364393,1.2,0.0,0.03,1.23,0.0,0.1,0.0,0.0,0.0,-2.113461927054525e-86,-0.00018154317388091763,-0.00010239337185541245
1770703119.7693589,1.2,0.0,0.03,1.23,0.0,0.1,0.0,0.0,0.0,-2.0325739902056602e-86,-0.00018100914108813677,-9.055797382334647e-05
1770703120.1809373,1.2,0.0,0.03,1.23,0.0,0.1,0.0,0.0,0.0,-1.3662276395771583e-86,-0.00018390543695346676,-9.224234806326638e-05
1770703120.5904255,1.2,0.0,0.03,1.23,0.0,0.1,0.0,0.0,0.0,-1.049106619724188e-86,-0.0002840310819903998,-0.0001520281054988932
1770703121.0027914,1.2,0.0,0.03,1.23,0.0,0.1,0.0,0.0,0.0,-8.240665873229491e-87,-0.00029565841934382455,-0.00014899194340725475
1770703121.4391582,1.2,0.0,0.03,1.23,0.0,0.1,0.0,0.0,0.0,-5.563440090635425e-87,-0.00015317438090967016,-9.083559429825052e-05
1770703121.8480432,1.2,0.0,0.03,1.23,0.0,0.1,0.0,0.0,0.0,-4.318395149632683e-87,-0.00013131613571974472,-6.78438923788649e-05
1770703122.2633226,1.2,0.0,0.03,1.23,0.0,0.1,0.0,0.0,0.0,-3.3504161160666026e-87,-9.14495439841224e-05,-4.9711431165623426e-05
1770703122.67254,1.2,0.0,0.03,1.23,0.0,0.1,0.0,0.0,0.0,-2.601424153245025e-87,-0.00010106169762667727,-5.149206417759412e-05
1770703123.081467,1.2,0.0,0.03,1.23,0.0,0.1,0.0,0.0,0.0,-2.1857045667026375e-87,-0.00018668608801867523,-0.00010190548304853742
1770703123.4910865,1.2,0.0,0.03,1.23,0.0,0.1,0.0,0.0,0.0,-1.698290089846606e-87,-0.0002110132542833218,-0.00010793934376812555
1770703123.91115,1.2,0.0,0.03,1.23,0.0,0.1,0.0,0.0,0.0,-1.2459642871776088e-87,-8.285001458293323e-05,-5.4241331261505475e-05
1770703124.3198662,1.2,0.0,0.03,1.23,0.0,0.1,0.0,0.0,0.0,-1.0244612616066043e-87,-0.00013134373054126433,-7.052123686646527e-05
1770703124.7292857,1.2,0.0,0.03,1.23,0.0,0.1,0.0,0.0,0.0,-6.887190055200382e-88,-0.00024814381414430144,-0.00013575191543245443
1770703125.1464684,1.2,0.0,0.03,1.23,0.0,0.1,0.0,0.0,0.0,-5.33593326215068e-88,-0.00029387238127918626,-0.0001515090473530816
1770703125.556154,1.2,0.0,0.03,1.23,0.0,0.1,0.0,0.0,0.0,-4.144210437838313e-88,-0.0002759939036803581,-0.00013978479960006186
1770703125.9748228,1.2,0.0,0.03,1.23,0.0,0.1,0.0,0.0,0.0,-3.2337153760322883e-88,-0.00019978006242889947,-0.0001075114153395956
1770703126.3894582,1.2,0.0,0.03,1.23,0.0,0.1,0.0,0.0,0.0,-2.727674158905944e-88,-0.0003007975912426846,-0.0001605005485027208
1770703126.8136733,1.2,0.0,0.03,1.23,0.0,0.1,0.0,0.0,0.0,-2.119466085501152e-88,-0.0001769761798209626,-0.0001008702310526535
1770703127.2258666,1.2,0.0,0.03,1.23,0.0,0.1,0.0,0.0,0.0,-1.653767528510657e-88,-0.00016390811755437839,-8.326086500384762e-05
1770703127.6324313,1.2,0.0,0.03,1.23,0.0,0.1,0.0,0.0,0.0,-1.094586090241895e-88,-0.00017148968915614392,-8.650300173824851e-05
1770703128.0468028,1.2,0.0,0.03,1.23,0.0,0.1,0.0,0.0,0.0,-1.0269524580723863e-88,-0.00016514745529020764,-8.320795103169745e-05
1770703128.4656038,1.2,0.0,0.03,1.23,0.0,0.1,0.0,0.0,0.0,-6.63722861832533e-89,-0.0001176116751319725,-6.355941558180976e-05
1770703128.8792398,1.2,0.0,0.03,1.23,0.0,0.1,0.0,0.0,0.0,-5.138707391276094e-89,-0.00016390980557091526,-8.658471582935191e-05
1770703129.3031614,1.2,0.0,0.03,1.23,0.0,0.1,0.0,0.0,0.0,-4.39431121120466e-89,-8.741488545080034e-05,-5.135693473741166e-05
1770703129.7171533,1.2,0.0,0.03,1.23,0.0,0.1,0.0,0.0,0.0,-3.4015053253304074e-89,2.8802521324593608e-05,-2.60230013398362e-05
1770703130.1333172,1.2,0.0,0.03,1.23,0.0,0.1,0.0,0.0,0.0,-2.2745502646853583e-89,-0.0001750030468444253,-0.00010788208023911454
1770703130.5460372,1.2,0.0,0.03,1.23,0.0,0.1,0.0,0.0,0.0,-1.7257375172713573e-89,-0.0001721779231860429,-8.63714739588597e-05
1770703130.9541624,1.2,0.0,0.03,1.23,0.0,0.1,0.0,0.0,0.0,-1.3534825621157916e-89,-0.00021597020457249014,-0.0001123643304248898
1770703131.3627026,1.2,0.0,0.03,1.23,0.0,0.1,0.0,0.0,0.0,-1.0513394079307455e-89,-0.00026563370469118104,-0.0001377832023574596
1770703131.7744603,1.2,0.0,0.03,1.23,0.0,0.1,0.0,0.0,0.0,-7.96086210265622e-90,-0.0002544014179782975,-0.0001283239376604371
1770703132.1919572,1.2,0.0,0.03,1.23,0.0,0.1,0.0,0.0,0.0,-7.043860193850624e-90,-0.0001608168264399213,-8.976687237379828e-05
1770703132.639825,1.2,0.0,0.03,1.23,0.0,0.1,0.0,0.0,0.0,-5.1664954287059075e-90,-7.068755206581136e-05,-4.4356703470316674e-05
1770703133.0673785,1.2,0.0,0.03,1.23,0.0,0.1,0.0,0.0,0.0,-3.646131667077354e-90,-3.829001478239867e-05,-2.2384761119540604e-05
1770703133.480108,1.2,0.0,0.03,1.23,0.0,0.1,0.0,0.0,0.0,-3.119720240136184e-90,-2.8965897479543517e-05,-1.5415360470057274e-05
1770703133.9002347,1.2,0.0,0.03,1.23,0.0,0.1,0.0,0.0,0.0,-2.3043080935988584e-90,-4.1686953691651835e-05,-2.2115582467036748e-05
1770703134.3076634,1.2,0.0,0.03,1.23,0.0,0.1,0.0,0.0,0.0,-1.6838538833810282e-90,-3.6468017023423894e-05,-1.875590217853474e-05
1770703134.7154522,1.2,0.0,0.03,1.23,0.0,0.1,0.0,0.0,0.0,-1.3813576086062087e-90,-4.4617048947823865e-05,-2.312342766635193e-05
1770703135.124033,1.2,0.0,0.03,1.23,0.0,0.1,0.0,0.0,0.0,-1.0790968594144124e-90,-7.764311116599803e-05,-4.212416180481643e-05
1770703135.5315502,1.2,0.0,0.03,1.23,0.0,0.1,0.0,0.0,0.0,-7.338027026472898e-91,-0.00019919248505404234,-0.0001117511799158256
1770703135.9473152,1.2,0.0,0.03,1.23,0.0,0.1,0.0,0.0,0.0,-5.752279622764061e-91,-4.827935534571699e-05,-3.923099064369103e-05
1770703136.3636014,1.2,0.0,0.03,1.23,0.0,0.1,0.0,0.0,0.0,-5.475808348106557e-91,-0.000128218803178735,-7.210334637266931e-05
1770703136.7827556,1.2,0.0,0.03,1.23,0.0,0.1,0.0,0.0,0.0,-3.672556298266477e-91,-0.00018028275036414997,-9.534776990061648e-05
1770703137.192227,1.2,0.0,0.03,1.23,0.0,0.1,0.0,0.0,0.0,-2.6738199623243753e-91,-0.0001937558957793285,-9.822526243118211e-05
1770703137.60862,1.2,0.0,0.03,1.23,0.0,0.1,0.0,0.0,0.0,-2.1885960671859582e-91,-0.00026071539787212035,-0.00013705364914533936
1770703138.0195951,1.2,0.0,0.03,1.23,0.0,0.1,0.0,0.0,0.0,-1.7028078318809077e-91,-0.00013991956856577675,-8.203936721352274e-05
1770703138.4248216,1.2,0.0,0.03,1.23,0.0,0.1,0.0,0.0,0.0,-1.326280412483408e-91,-0.0001424210067945957,-7.146064722017975e-05
1770703138.8332307,1.2,0.0,0.03,1.23,0.0,0.1,0.0,0.0,0.0,-1.120276816791181e-91,-0.00028000953159059273,-0.00015376361827489608
1770703139.253293,1.2,0.0,0.03,1.23,0.0,0.1,0.0,0.0,0.0,-7.052571049181704e-92,-8.320111870675842e-05,-6.128140064176264e-05
1770703139.661888,1.2,0.0,0.03,1.23,0.0,0.1,0.0,0.0,0.0,-5.474400980342813e-92,5.219847512918925e-05,-3.96391969481894e-05
1770703140.0717268,1.2,0.0,0.03,1.23,0.0,0.1,0.0,0.0,0.0,-4.246274241351377e-92,-2.0487709623497824e-05,-1.751247328701762e-05
1770703140.4815917,1.2,0.0,0.03,1.23,0.0,0.1,0.0,0.0,0.0,-3.515658890309638e-92,-2.9953788008339153e-05,-1.592350184265371e-05
1770703140.8909554,1.2,0.0,0.03,1.23,0.0,0.1,0.0,0.0,0.0,-2.72806891599321e-92,-5.049320626148515e-05,-2.7300544956057175e-05
1770703141.2980082,1.2,0.0,0.03,1.23,0.0,0.1,0.0,0.0,0.0,-2.0997305927897503e-92,-0.00013321355863406197,-7.487881455428867e-05
1770703141.7032576,1.2,0.0,0.03,1.23,0.0,0.1,0.0,0.0,0.0,-1.643188131173694e-92,-0.00023188057110580223,-0.00012580698680007515
1770703142.113127,1.2,0.0,0.03,1.23,0.0,0.1,0.0,0.0,0.0,-1.2022466833209787e-92,-0.00019016389935459343,-9.92536168524176e-05
1770703142.5238543,1.2,0.0,0.03,1.23,0.0,0.1,0.0,0.0,0.0,-9.908390011618742e-93,-0.00022729861206485127,-0.00011736277730345141
1770703142.953939,1.2,0.0,0.03,1.23,0.0,0.1,0.0,0.0,0.0,-6.741305870294636e-93,-0.00024395389581980575,-0.0001236424762853983
1770703143.3619778,1.2,0.0,0.03,1.23,0.0,0.1,0.0,0.0,0.0,-5.251223779133158e-93,-7.137305839120854e-05,-5.2944612938463995e-05
1770703143.7726452,1.2,0.0,0.03,1.23,0.0,0.1,0.0,0.0,0.0,-4.0701475035148895e-93,-0.00011337779085791031,-6.088936867562533e-05
1770703144.179983,1.2,0.0,0.03,1.23,0.0,0.1,0.0,0.0,0.0,-3.3826972826020556e-93,-5.8046152893097535e-05,-3.4556240243030045e-05
1770703144.5946128,1.2,0.0,0.03,1.23,0.0,0.1,0.0,0.0,0.0,-2.6245267707953787e-93,-8.21945628799303e-05,-4.3512122438648426e-05
1770703145.007736,1.2,0.0,0.03,1.23,0.0,0.1,0.0,0.0,0.0,-2.03902750317884e-93,-3.693155832872362e-05,-2.2992079619482478e-05
1770703145.416582,1.2,0.0,0.03,1.23,0.0,0.1,0.0,0.0,0.0,-1.5813081642517984e-93,-0.00018799396434609244,-0.0001091032227747831
1770703145.840135,1.2,0.0,0.03,1.23,0.0,0.1,0.0,0.0,0.0,-1.0762033904496617e-93,-0.0002066512753373828,-0.00010519136876782044
1770703146.249391,1.2,0.0,0.03,1.23,0.0,0.1,0.0,0.0,0.0,-8.365978343225465e-94,-0.0001905838196419633,-9.68986553905236e-05
1770703146.6556716,1.2,0.0,0.03,1.23,0.0,0.1,0.0,0.0,0.0,-6.493011569655399e-94,-0.0003435941746484398,-0.00018709812282486756
1770703147.072899,1.2,0.0,0.03,1.23,0.0,0.1,0.0,0.0,0.0,-5.040284109846455e-94,-0.000346552889119744,-0.00017357231600700242
1770703147.4842212,1.2,0.0,0.03,1.23,0.0,0.1,0.0,0.0,0.0,-4.1933428999518533e-94,-0.00039625838446767035,-0.00020309974176862782
1770703147.8950615,1.2,0.0,0.03,1.23,0.0,0.1,0.0,0.0,0.0,-3.058792640789462e-94,-0.000417703018606342,-0.00021099597271703816
1770703148.3042758,1.2,0.0,0.03,1.23,0.0,0.1,0.0,0.0,0.0,-2.3566805143270258e-94,-0.0003530104826543327,-0.00018297449492236728
1770703148.7229717,1.2,0.0,0.03,1.23,0.0,0.1,0.0,0.0,0.0,-1.8336325879351577e-94,-0.00020632103837253728,-0.00011782946361444818
1770703149.1332107,1.2,0.0,0.03,1.23,0.0,0.1,0.0,0.0,0.0,-1.332107108684838e-94,-0.000289047458276101,-0.00015279637112840686
1770703149.5441227,1.2,0.0,0.03,1.23,0.0,0.1,0.0,0.0,0.0,-1.0344808919116867e-94,-0.00014573182603465067,-8.719747624147037e-05
1770703149.9567974,1.2,0.0,0.03,1.23,0.0,0.1,0.0,0.0,0.0,-8.027312001339933e-95,-0.00013800340861940135,-6.977454605122561e-05
1770703150.365599,1.2,0.0,0.03,1.23,0.0,0.1,0.0,0.0,0.0,-6.19836977872059e-95,-7.661563691215988e-05,-4.4446595626804085e-05
1770703150.7752266,1.2,0.0,0.03,1.23,0.0,0.1,0.0,0.0,0.0,-5.517139706947803e-95,-5.6192273665596024e-05,-3.0138473157454398e-05
1770703151.1867917,1.2,0.0,0.03,1.23,0.0,0.1,0.0,0.0,0.0,-4.1267941913261966e-95,-7.032470810871161e-05,-3.6575597498667366e-05
1770703151.5940504,1.2,0.0,0.03,1.23,0.0,0.1,0.0,0.0,0.0,-3.021091311841047e-95,-0.00013357236272319836,-7.311094682304786e-05
1770703152.009492,1.2,0.0,0.03,1.23,0.0,0.1,0.0,0.0,0.0,-2.490111740825274e-95,-0.00022197699255629912,-0.00011982895926145963
1770703152.420533,1.2,0.0,0.03,1.23,0.0,0.1,0.0,0.0,0.0,-1.9333866583056503e-95,-0.0001923406019335514,-9.913394002905046e-05
1770703152.8314185,1.2,0.0,0.03,1.23,0.0,0.1,0.0,0.0,0.0,-1.2854717395449755e-95,-0.00026496422251546864,-0.00013974447331592605
1770703153.2416003,1.2,0.0,0.03,1.23,0.0,0.1,0.0,0.0,0.0,-9.987613288394765e-96,-0.00012399605227532884,-7.60948431616784e-05
1770703153.647016,1.2,0.0,0.03,1.23,0.0,0.1,0.0,0.0,0.0,-7.748299441665452e-96,-0.00023841117214420412,-0.0001306470980589896
1770703154.0585928,1.2,0.0,0.03,1.23,0.0,0.1,0.0,0.0,0.0,-6.035307972714075e-96,-0.00027110768811176763,-0.00013882349565264016
1770703154.4675586,1.2,0.0,0.03,1.23,0.0,0.1,0.0,0.0,0.0,-4.6590279700144226e-96,-7.588860695695314e-05,-5.746621159395802e-05
1770703154.8802283,1.2,0.0,0.03,1.23,0.0,0.1,0.0,0.0,0.0,-3.765577689681263e-96,-4.0817372541049535e-05,-2.3915809712115127e-05
1770703155.290641,1.2,0.0,0.03,1.23,0.0,0.1,0.0,0.0,0.0,-3.093670149165644e-96,2.18084525169099e-05,-1.7166808764250894e-05
1770703155.7012024,1.2,0.0,0.03,1.23,0.0,0.1,0.0,0.0,0.0,-2.4026733820403736e-96,-3.623424926737255e-05,-2.392139481211452e-05
1770703156.1095064,1.2,0.0,0.03,1.23,0.0,0.1,0.0,0.0,0.0,-1.7519605390104698e-96,2.8196186424190367e-05,-2.0541136781251475e-05
1770703156.52111,1.2,0.0,0.03,1.23,0.0,0.1,0.0,0.0,0.0,-1.4408210694045346e-96,-6.824196282431726e-05,-4.376479633700939e-05
1770703156.9287815,1.2,0.0,0.03,1.23,0.0,0.1,0.0,0.0,0.0,-9.631843593842011e-97,-3.8196436277558335e-05,-2.210277079345506e-05
1770703157.3483171,1.2,0.0,0.03,1.23,0.0,0.1,0.0,0.0,0.0,-8.666623589572927e-97,-0.00012900311407579415,-7.358222481772066e-05
1770703157.7669215,1.2,0.0,0.03,1.23,0.0,0.1,0.0,0.0,0.0,-5.80306411375128e-97,-0.0002125350639583475,-0.0001146207269674291
1770703158.1768174,1.2,0.0,0.03,1.23,0.0,0.1,0.0,0.0,0.0,-4.935679969326063e-97,-0.0003035355191885126,-0.00016086780511727282
1770703158.6427164,1.2,0.0,0.03,1.23,0.0,0.1,0.0,0.0,0.0,-3.6320702178853255e-97,-0.0003068729084184777,-0.00015377019313223534
1770703159.0591612,1.2,0.0,0.03,1.23,0.0,0.1,0.0,0.0,0.0,-2.5183969887934883e-97,-0.0002879376900075351,-0.0001458623668448618
1770703159.4656692,1.2,0.0,0.03,1.23,0.0,0.1,0.0,0.0,0.0,-1.9850093472277625e-97,-0.0001899076677852699,-0.00010475683611486147
1770703159.873068,1.2,0.0,0.03,1.23,0.0,0.1,0.0,0.0,0.0,-1.5433929930279513e-97,-0.00019883809353188968,-0.00010031208934060682
1770703160.306915,1.2,0.0,0.03,1.23,0.0,0.1,0.0,0.0,0.0,-1.3120350949106496e-97,-0.00012513766686201235,-6.993887609799391e-05
1770703160.7293797,1.2,0.0,0.03,1.23,0.0,0.1,0.0,0.0,0.0,-8.562997141606219e-98,-8.631315659488436e-05,-4.7039029324154976e-05
1770703161.136269,1.2,0.0,0.03,1.23,0.0,0.1,0.0,0.0,0.0,-6.775086030935932e-98,-2.3957158587329285e-05,-1.821417909442015e-05
1770703161.5511897,1.2,0.0,0.03,1.23,0.0,0.1,0.0,0.0,0.0,-5.259910216702239e-98,-2.3847391390935938e-06,-3.3496115143703657e-06
1770703161.9644396,1.2,0.0,0.03,1.23,0.0,0.1,0.0,0.0,0.0,-4.086773780871721e-98,-0.00013119437132377496,-7.847814888035561e-05
1770703162.3788323,1.2,0.0,0.03,1.23,0.0,0.1,0.0,0.0,0.0,-3.279789250216404e-98,-0.00011908488408491561,-6.075339076634374e-05
1770703162.7886844,1.2,0.0,0.03,1.23,0.0,0.1,0.0,0.0,0.0,-2.5467913027997163e-98,-0.00014342556011531687,-7.414684766069855e-05
1770703163.2103035,1.2,0.0,0.03,1.23,0.0,0.1,0.0,0.0,0.0,-2.0871688044134995e-98,-0.0001449435892829884,-7.262359755826135e-05
1770703163.6298687,1.2,0.0,0.03,1.23,0.0,0.1,0.0,0.0,0.0,-1.3663061358899324e-98,-0.000135333116607571,-6.862760557132723e-05
1770703164.0382192,1.2,0.0,0.03,1.23,0.0,0.1,0.0,0.0,0.0,-1.0604726047775631e-98,-0.0002429351766627628,-0.00013222779433690057
1770703164.4483335,1.2,0.0,0.03,1.23,0.0,0.1,0.0,0.0,0.0,-8.280894440771683e-99,-0.00023806240111604157,-0.00011951847811269291
1770703164.860623,1.2,0.0,0.03,1.23,0.0,0.1,0.0,0.0,0.0,-6.383083928804663e-99,-0.0002599577796804779,-0.0001321684276966826
1770703165.2689352,1.2,0.0,0.03,1.23,0.0,0.1,0.0,0.0,0.0,-4.958412004431927e-99,-0.0002309050005727355,-0.00011835777819714199
1770703165.679161,1.2,0.0,0.03,1.23,0.0,0.1,0.0,0.0,0.0,-4.071526847589552e-99,-0.0001784359455918658,-9.446487829401986e-05
1770703166.090931,1.2,0.0,0.03,1.23,0.0,0.1,0.0,0.0,0.0,-3.1699481492510176e-99,-6.754332655899449e-05,-4.4860925182784375e-05
1770703166.4993215,1.2,0.0,0.03,1.23,0.0,0.1,0.0,0.0,0.0,-2.461723439341603e-99,-3.397489638984083e-05,-2.034429121183578e-05
1770703166.9102232,1.2,0.0,0.03,1.23,0.0,0.1,0.0,0.0,0.0,-1.9108396789315343e-99,-3.074031009815162e-05,-1.569361367824473e-05
1770703167.3155866,1.2,0.0,0.03,1.23,0.0,0.1,0.0,0.0,0.0,-1.4791137179266375e-99,-0.00020135715259071262,-0.00011774026054461241
1770703167.722668,1.2,0.0,0.03,1.23,0.0,0.1,0.0,0.0,0.0,-1.1526275930041272e-99,-0.0002596837649735595,-0.00013567454372506445
1770703168.1418626,1.2,0.0,0.03,1.23,0.0,0.1,0.0,0.0,0.0,-7.880903985844374e-100,-0.0002634395597042372,-0.00013209535932518637
1770703168.5528464,1.2,0.0,0.03,1.23,0.0,0.1,0.0,0.0,0.0,-6.130035305173413e-100,-0.0003747034170374617,-0.0001984780942520533
1770703168.964723,1.2,0.0,0.03,1.23,0.0,0.1,0.0,0.0,0.0,-4.757280909665149e-100,-0.0003363565178718442,-0.00017201294885248384
1770703169.3713882,1.2,0.0,0.03,1.23,0.0,0.1,0.0,0.0,0.0,-4.3129458386946717e-100,-0.00037070393072912875,-0.00018878670665029284
1770703169.7831683,1.2,0.0,0.03,1.23,0.0,0.1,0.0,0.0,0.0,-2.795005903366147e-100,-0.00038113857717650624,-0.00019161275323299087
1770703170.2025583,1.2,0.0,0.03,1.23,0.0,0.1,0.0,0.0,0.0,-2.3763357401109004e-100,-0.0003997972917023964,-0.00020176451730378724
1770703170.6136613,1.2,0.0,0.03,1.23,0.0,0.1,0.0,0.0,0.0,-1.8451047682599074e-100,-0.0002689868296395775,-0.00014757446102607065
1770703171.0340948,1.2,0.0,0.03,1.23,0.0,0.1,0.0,0.0,0.0,-1.2666051540905181e-100,-8.917637488695725e-05,-6.256923291874065e-05
1770703171.4469702,1.2,0.0,0.03,1.23,0.0,0.1,0.0,0.0,0.0,-9.671905708386335e-101,-0.00011293357726027694,-5.884250886747044e-05
1770703171.8562412,1.2,0.0,0.03,1.23,0.0,0.1,0.0,0.0,0.0,-7.557998808297127e-101,-0.0001110827523937722,-5.5726458683536575e-05
1770703172.2614646,1.2,0.0,0.03,1.23,0.0,0.1,0.0,0.0,0.0,-5.885782328494698e-101,-1.4231251449669207e-05,-1.68007758192449e-05
1770703172.6895795,1.2,0.0,0.03,1.23,0.0,0.1,0.0,0.0,0.0,-4.8975366283122176e-101,-1.2475119451612837e-05,-6.413172925612056e-06
1770703173.1050196,1.2,0.0,0.03,1.23,0.0,0.1,0.0,0.0,0.0,-3.800254971759816e-101,-0.00010204907941544254,-5.998193570410424e-05
1770703173.510548,1.2,0.0,0.03,1.23,0.0,0.1,0.0,0.0,0.0,-2.9536677976758975e-101,-0.00017373521406751475,-9.403622049896459e-05
1770703173.9171567,1.2,0.0,0.03,1.23,0.0,0.1,0.0,0.0,0.0,-2.2939251609243388e-101,-0.00021293837862669567,-0.00011038950576926592
1770703174.3244388,1.2,0.0,0.03,1.23,0.0,0.1,0.0,0.0,0.0,-1.7821783048772424e-101,-0.0002480994502950221,-0.00012756583231434367
1770703174.7355428,1.2,0.0,0.03,1.23,0.0,0.1,0.0,0.0,0.0,-1.206220759604484e-101,-0.0002550745911108741,-0.00012823480963702227
1770703175.1458607,1.2,0.0,0.03,1.23,0.0,0.1,0.0,0.0,0.0,-9.350123162225532e-102,-0.000138006859424915,-8.07102028810534e-05
1770703175.554706,1.2,0.0,0.03,1.23,0.0,0.1,0.0,0.0,0.0,-7.693866808005714e-102,-7.268677927314794e-05,-4.287539765175068e-05
1770703175.9722729,1.2,0.0,0.03,1.23,0.0,0.1,0.0,0.0,0.0,-5.644749062785961e-102,-3.8353363085082525e-05,-2.2610023161347804e-05
1770703176.3846514,1.2,0.0,0.03,1.23,0.0,0.1,0.0,0.0,0.0,-4.744171579428882e-102,4.7365828957791195e-07,-4.119531282255e-06
1770703176.7917013,1.2,0.0,0.03,1.23,0.0,0.1,0.0,0.0,0.0,-3.479584335775065e-102,3.024664908894562e-05,-1.810062362440958e-05
1770703177.209056,1.2,0.0,0.03,1.23,0.0,0.1,0.0,0.0,0.0,-2.8647363178210186e-102,3.6504456318348465e-05,-1.8878008882114517e-05
1770703177.6149945,1.2,0.0,0.03,1.23,0.0,0.1,0.0,0.0,0.0,-2.2064547990520732e-102,7.264835439386711e-06,-6.556379807589531e-06
1770703178.0261412,1.2,0.0,0.03,1.23,0.0,0.1,0.0,0.0,0.0,-1.6328003327210574e-102,4.261568997460431e-05,-2.4842930440823916e-05
1770703178.439943,1.2,0.0,0.03,1.23,0.0,0.1,0.0,0.0,0.0,-1.158270927201304e-102,-7.275916534192518e-05,-4.791706820261554e-05
1770703178.8499205,1.2,0.0,0.03,1.23,0.0,0.1,0.0,0.0,0.0,-8.991035269485736e-103,-6.790283842956051e-05,-3.443705190601672e-05
1770703179.2806685,1.2,0.0,0.03,1.23,0.0,0.1,0.0,0.0,0.0,-7.602128510613353e-103,-9.040694499090583e-05,-4.7453883151587445e-05
1770703179.7043138,1.2,0.0,0.03,1.23,0.0,0.1,0.0,0.0,0.0,-5.918119444228566e-103,3.263513047332732e-06,-1.0998802327490223e-05
1770703180.127718,1.2,0.0,0.03,1.23,0.0,0.1,0.0,0.0,0.0,-3.955186400936141e-103,-3.987659602122294e-05,-2.4252308917467037e-05
1770703180.537875,1.2,0.0,0.03,1.23,0.0,0.1,0.0,0.0,0.0,-3.061616692231736e-103,-2.9900300693824998e-05,-1.5947779879652294e-05
1770703180.952283,1.2,0.0,0.03,1.23,0.0,0.1,0.0,0.0,0.0,-2.378928109445178e-103,-1.7850668147097128e-05,-1.013029732822135e-05
1770703181.3582597,1.2,0.0,0.03,1.23,0.0,0.1,0.0,0.0,0.0,-1.8456323887109758e-103,7.013349811403068e-05,-4.386516568312812e-05
1770703181.772118,1.2,0.0,0.03,1.23,0.0,0.1,0.0,0.0,0.0,-1.4338979453242817e-103,4.2151232906633605e-05,-2.3873842974056512e-05
1770703182.1816034,1.2,0.0,0.03,1.23,0.0,0.1,0.0,0.0,0.0,-1.1541995941807769e-103,-2.3646329629168515e-05,-1.8402921068164472e-05
1770703182.59044,1.2,0.0,0.03,1.23,0.0,0.1,0.0,0.0,0.0,-9.491065360738611e-104,-6.870908772812049e-05,-3.8860819673955437e-05
1770703183.013178,1.2,0.0,0.03,1.23,0.0,0.1,0.0,0.0,0.0,-6.96510752047407e-104,-9.555098265807665e-05,-5.045968082203394e-05
1770703183.4339442,1.2,0.0,0.03,1.23,0.0,0.1,0.0,0.0,0.0,-4.903308897429671e-104,-0.00011766091541491873,-6.104145098314357e-05
1770703183.8467646,1.2,0.0,0.03,1.23,0.0,0.1,0.0,0.0,0.0,-3.8137408058938065e-104,-0.00010832115982405543,-5.509455547111405e-05
1770703184.2591312,1.2,0.0,0.03,1.23,0.0,0.1,0.0,0.0,0.0,-2.9387890759893825e-104,-0.00013684723913425537,-7.127622749814768e-05
1770703184.6703458,1.2,0.0,0.03,1.23,0.0,0.1,0.0,0.0,0.0,-2.302650836356659e-104,-0.00014798785278335636,-7.510798775658828e-05
1770703185.0797799,1.2,0.0,0.03,1.23,0.0,0.1,0.0,0.0,0.0,-1.9583525141817176e-104,-0.00018445843635692748,-9.587627653582086e-05
1770703185.487882,1.2,0.0,0.03,1.23,0.0,0.1,0.0,0.0,0.0,-1.439521420539382e-104,-0.00012610798557680266,-6.88890378664138e-05
1770703185.8958404,1.2,0.0,0.03,1.23,0.0,0.1,0.0,0.0,0.0,-1.1829763520110754e-104,-1.6976692084693443e-06,-1.3289866241068004e-05
1770703186.3135445,1.2,0.0,0.03,1.23,0.0,0.1,0.0,0.0,0.0,-9.173933133092482e-105,-6.131871855007687e-05,-3.662146420919919e-05
1770703186.740396,1.2,0.0,0.03,1.23,0.0,0.1,0.0,0.0,0.0,-6.035950919044433e-105,3.414680726598221e-05,-2.6619956214597016e-05
1770703187.1517625,1.2,0.0,0.03,1.23,0.0,0.1,0.0,0.0,0.0,-4.786849237237672e-105,-2.600763857049704e-05,-1.9019263868896448e-05
1770703187.5605962,1.2,0.0,0.03,1.23,0.0,0.1,0.0,0.0,0.0,-3.722566249012889e-105,-1.1149410021470577e-05,-7.0605278656379346e-06
1770703187.9681385,1.2,0.0,0.03,1.23,0.0,0.1,0.0,0.0,0.0,-2.8165704110264912e-105,-2.4194062335455647e-05,-1.340149639912633e-05
1770703188.3850427,1.2,0.0,0.03,1.23,0.0,0.1,0.0,0.0,0.0,-2.3308831756269446e-105,-0.0001745110820006002,-0.00010228724296681456
1770703188.799292,1.2,0.0,0.03,1.23,0.0,0.1,0.0,0.0,0.0,-1.8078975722728876e-105,-0.0001748058846241481,-8.743242257442883e-05
1770703189.2091374,1.2,0.0,0.03,1.23,0.0,0.1,0.0,0.0,0.0,-1.4036643480288775e-105,-0.0001763271027455506,-8.831567318491554e-05
1770703189.6389139,1.2,0.0,0.03,1.23,0.0,0.1,0.0,0.0,0.0,-9.600447595157518e-106,-0.0001645841384127977,-8.346636563967414e-05
1770703190.0568044,1.2,0.0,0.03,1.23,0.0,0.1,0.0,0.0,0.0,-7.486899423821946e-106,-0.0002419568147612817,-0.00012871567501548925
1770703190.4653165,1.2,0.0,0.03,1.23,0.0,0.1,0.0,0.0,0.0,-5.966161938117899e-106,-0.00017523835139116145,-9.429102203259275e-05
1770703190.8745923,1.2,0.0,0.03,1.23,0.0,0.1,0.0,0.0,0.0,-5.511304361157957e-106,-8.19582424198824e-05,-5.0307132107069104e-05
1770703191.281828,1.2,0.0,0.03,1.23,0.0,0.1,0.0,0.0,0.0,-3.7171233022551744e-106,-5.895580295476859e-05,-3.1778145423895676e-05
1770703191.6980927,1.2,0.0,0.03,1.23,0.0,0.1,0.0,0.0,0.0,-2.884596931470589e-106,3.478344362996387e-05,-2.676564647345518e-05
1770703192.1151984,1.2,0.0,0.03,1.23,0.0,0.1,0.0,0.0,0.0,-2.112524159617625e-106,5.028104110399165e-05,-2.6690280299398604e-05
1770703192.5304687,1.2,0.0,0.03,1.23,0.0,0.1,0.0,0.0,0.0,-1.5384644982787644e-106,4.714351783878769e-05,-2.388551124591424e-05
1770703192.9566343,1.2,0.0,0.03,1.23,0.0,0.1,0.0,0.0,0.0,-1.1873005709848134e-106,-6.612252027890437e-05,-4.438786395122139e-05
1770703193.3669705,1.2,0.0,0.03,1.23,0.0,0.1,0.0,0.0,0.0,-9.218068627906569e-107,1.9212100058526533e-05,-1.8139512063006357e-05
1770703193.7811472,1.2,0.0,0.03,1.23,0.0,0.1,0.0,0.0,0.0,-7.61842196600078e-107,-7.479041363784576e-05,-4.6795458188560106e-05
1770703194.1925986,1.2,0.0,0.03,1.23,0.0,0.1,0.0,0.0,0.0,-5.914220160660662e-107,-6.206891548876476e-05,-3.230660755929048e-05
1770703194.603292,1.2,0.0,0.03,1.23,0.0,0.1,0.0,0.0,0.0,-4.601673153561912e-107,-9.812888101326011e-05,-5.267043705907959e-05
1770703195.0126212,1.2,0.0,0.03,1.23,0.0,0.1,0.0,0.0,0.0,-3.5686624544859873e-107,-1.5185219599930116e-05,-1.588697594129806e-05
1770703195.4289274,1.2,0.0,0.03,1.23,0.0,0.1,0.0,0.0,0.0,-2.4328620357790507e-107,-0.000165604222487138,-9.784401153228979e-05
1770703195.8719265,1.2,0.0,0.03,1.23,0.0,0.1,0.0,0.0,0.0,-1.8899602533525745e-107,-0.0001573239434545208,-7.948999963052211e-05
1770703196.2824736,1.2,0.0,0.03,1.23,0.0,0.1,0.0,0.0,0.0,-1.4319208999443916e-107,-0.00016276760357094815,-8.192816779711681e-05
1770703196.6970823,1.2,0.0,0.03,1.23,0.0,0.1,0.0,0.0,0.0,-1.2002340703812896e-107,-7.504379622489764e-05,-4.6294278847053874e-05
1770703197.1096609,1.2,0.0,0.03,1.23,0.0,0.1,0.0,0.0,0.0,-9.471623466725763e-108,-9.42048656868609e-06,-1.12725742499642e-05
1770703197.5194247,1.2,0.0,0.03,1.23,0.0,0.1,0.0,0.0,0.0,-7.358293343362219e-108,-3.5770386771086124e-05,-2.0520183405783067e-05
1770703197.9320092,1.2,0.0,0.03,1.23,0.0,0.1,0.0,0.0,0.0,-4.999698543100009e-108,5.7063886116574986e-05,-3.7815370347053605e-05
1770703198.355631,1.2,0.0,0.03,1.23,0.0,0.1,0.0,0.0,0.0,-3.881539537945666e-108,-1.2962303366702733e-05,-1.348377063167914e-05
1770703198.7714365,1.2,0.0,0.03,1.23,0.0,0.1,0.0,0.0,0.0,-3.0082213624663548e-108,-6.412856277255091e-05,-3.718090732686027e-05
1770703199.1809263,1.2,0.0,0.03,1.23,0.0,0.1,0.0,0.0,0.0,-2.5218084024186303e-108,-9.146497014906311e-05,-4.8466125812182775e-05
1770703199.600581,1.2,0.0,0.03,1.23,0.0,0.1,0.0,0.0,0.0,-1.9569749052454517e-108,-0.0001216789851508204,-6.386089407558593e-05
1770703200.0128655,1.2,0.0,0.03,1.23,0.0,0.1,0.0,0.0,0.0,-1.5206083900814098e-108,-0.00013474881421718775,-6.86813900152306e-05
1770703200.4298506,1.2,0.0,0.03,1.23,0.0,0.1,0.0,0.0,0.0,-1.025215690135986e-108,-0.00024156161828089108,-0.00013146208954681587
1770703200.847475,1.2,0.0,0.03,1.23,0.0,0.1,0.0,0.0,0.0,-8.009944793562014e-109,-0.00023072421300067528,-0.00011644584702835922
1770703201.2579098,1.2,0.0,0.03,1.23,0.0,0.1,0.0,0.0,0.0,-6.194205186844548e-109,-0.00022553584304259536,-0.00011328675851710567
1770703201.684722,1.2,0.0,0.03,1.23,0.0,0.1,0.0,0.0,0.0,-5.1815859167493245e-109,-0.0001381753623543356,-7.782372924599377e-05
1770703202.0958912,1.2,0.0,0.03,1.23,0.0,0.1,0.0,0.0,0.0,-4.000884172307942e-109,-9.088795908989064e-05,-5.0172719871389814e-05
1770703202.5043569,1.2,0.0,0.03,1.23,0.0,0.1,0.0,0.0,0.0,-2.9463661575996006e-109,-3.257325228002017e-05,-2.2118096820997133e-05
1770703202.920888,1.2,0.0,0.03,1.23,0.0,0.1,0.0,0.0,0.0,-2.4277146214476428e-109,-1.688275267980469e-05,-1.0010426299923893e-05
1770703203.3369236,1.2,0.0,0.03,1.23,0.0,0.1,0.0,0.0,0.0,-1.6340052583629693e-109,2.876074340752515e-06,-3.413919872431978e-06
1770703203.7482574,1.2,0.0,0.03,1.23,0.0,0.1,0.0,0.0,0.0,-1.2760364204673828e-109,2.325605373180984e-05,-1.3666024805010653e-05
1770703204.1548975,1.2,0.0,0.03,1.23,0.0,0.1,0.0,0.0,0.0,-9.827154050548245e-110,-6.376987929786612e-05,-4.058753295190065e-05
1770703204.5676448,1.2,0.0,0.03,1.23,0.0,0.1,0.0,0.0,0.0,-7.651212399334039e-110,-0.00012920046746301922,-7.114329254802491e-05
1770703204.990394,1.2,0.0,0.03,1.23,0.0,0.1,0.0,0.0,0.0,-6.459516024767737e-110,-0.00020776417183111456,-0.00011173845635236682
1770703205.4092405,1.2,0.0,0.03,1.23,0.0,0.1,0.0,0.0,0.0,-5.0250223433802963e-110,-0.0002680295144492001,-0.00014004129148640861
1770703205.818695,1.2,0.0,0.03,1.23,0.0,0.1,0.0,0.0,0.0,-3.6790751259036485e-110,-0.00040022063696992306,-0.00021332943073703383
1770703206.2302904,1.2,0.0,0.03,1.23,0.0,0.1,0.0,0.0,0.0,-2.607294810255568e-110,-0.00029413535938461826,-0.00015767620745083961
1770703206.6453378,1.2,0.0,0.03,1.23,0.0,0.1,0.0,0.0,0.0,-2.0228882132906818e-110,-0.0002864912651903028,-0.00014401004201458295
1770703207.0733097,1.2,0.0,0.03,1.23,0.0,0.1,0.0,0.0,0.0,-1.575314222905295e-110,-0.00019845282003042847,-0.00010803025453120167
1770703207.4898386,1.2,0.0,0.03,1.23,0.0,0.1,0.0,0.0,0.0,-1.2573309143669366e-110,-8.87107386229352e-05,-5.532957745221693e-05
1770703207.89762,1.2,0.0,0.03,1.23,0.0,0.1,0.0,0.0,0.0,-9.76870289665889e-111,-1.9073894856946747e-05,-1.650063180507222e-05
1770703208.3044095,1.2,0.0,0.03,1.23,0.0,0.1,0.0,0.0,0.0,-7.125624601672808e-111,-2.7964464674360217e-05,-1.4871289318921455e-05
1770703208.710502,1.2,0.0,0.03,1.23,0.0,0.1,0.0,0.0,0.0,-5.871419477445623e-111,-7.985187747627654e-05,-4.5114680018329904e-05
1770703209.1180375,1.2,0.0,0.03,1.23,0.0,0.1,0.0,0.0,0.0,-4.3185835216559646e-111,-5.142562945181915e-05,-2.8555439528355315e-05
1770703209.5305998,1.2,0.0,0.03,1.23,0.0,0.1,0.0,0.0,0.0,-3.219252569193845e-111,-0.0001604074541411977,-9.110190953953671e-05
1770703209.9442916,1.2,0.0,0.03,1.23,0.0,0.1,0.0,0.0,0.0,-2.5035953975672876e-111,-0.00014041558577903478,-7.220697972573368e-05
1770703210.3553321,1.2,0.0,0.03,1.23,0.0,0.1,0.0,0.0,0.0,-1.9391940865338983e-111,-0.00014015069373717759,-7.010183607277451e-05
1770703210.762975,1.2,0.0,0.03,1.23,0.0,0.1,0.0,0.0,0.0,-1.508603767472745e-111,-0.00023803236560693644,-0.0001288043499904441
1770703211.1727855,1.2,0.0,0.03,1.23,0.0,0.1,0.0,0.0,0.0,-1.1862153271910686e-111,-0.00032601164358322384,-0.00017180374958924066
1770703211.5840712,1.2,0.0,0.03,1.23,0.0,0.1,0.0,0.0,0.0,-9.973531979220336e-112,-0.00020846724609831699,-0.00011598806279764918
1770703212.0024269,1.2,0.0,0.03,1.23,0.0,0.1,0.0,0.0,0.0,-7.161866993180056e-112,-0.00017150694889528576,-8.9449504167946e-05
1770703212.4154582,1.2,0.0,0.03,1.23,0.0,0.1,0.0,0.0,0.0,-6.0096784099087225e-112,-0.00025981437437934364,-0.0001387379297380776
1770703212.8326364,1.2,0.0,0.03,1.23,0.0,0.1,0.0,0.0,0.0,-4.679707141966674e-112,-0.00014777900416671478,-8.509303910462028e-05
1770703213.2587776,1.2,0.0,0.03,1.23,0.0,0.1,0.0,0.0,0.0,-3.1174154573094123e-112,-0.00011466409092464131,-6.0643536786528e-05
1770703213.6776338,1.2,0.0,0.03,1.23,0.0,0.1,0.0,0.0,0.0,-2.75015817357763e-112,-7.598857096388002e-05,-4.186183747801614e-05
1770703214.1004953,1.2,0.0,0.03,1.23,0.0,0.1,0.0,0.0,0.0,-1.9517982380431016e-112,-0.0001815424608248699,-0.00010132661939853395
1770703214.5157082,1.2,0.0,0.03,1.23,0.0,0.1,0.0,0.0,0.0,-1.5154658257115347e-112,-0.0001237320583633714,-6.764706942783555e-05
1770703214.9311116,1.2,0.0,0.03,1.23,0.0,0.1,0.0,0.0,0.0,-1.0639009308213216e-112,-0.00023117896700491973,-0.0001263341743666147
1770703215.3531086,1.2,0.0,0.03,1.23,0.0,0.1,0.0,0.0,0.0,-8.212488074918745e-113,-0.00025328364601023763,-0.0001288522909056506
1770703215.761724,1.2,0.0,0.03,1.23,0.0,0.1,0.0,0.0,0.0,-6.450627942047905e-113,-0.00027224544812522156,-0.00013801890427410918
1770703216.1707976,1.2,0.0,0.03,1.23,0.0,0.1,0.0,0.0,0.0,-4.918750811224998e-113,-0.00028683311493520286,-0.00014487532414859955
1770703216.5782893,1.2,0.0,0.03,1.23,0.0,0.1,0.0,0.0,0.0,-3.8328269630399906e-113,-0.0003508052527786757,-0.00018179984017368514
1770703216.9972432,1.2,0.0,0.03,1.23,0.0,0.1,0.0,0.0,0.0,-3.1241111006388024e-113,-0.0002731416696163126,-0.00014433719312439261
1770703217.408506,1.2,0.0,0.03,1.23,0.0,0.1,0.0,0.0,0.0,-2.430419558656336e-113,-0.00017661318882687297,-9.795944249238045e-05
1770703217.8265672,1.2,0.0,0.03,1.23,0.0,0.1,0.0,0.0,0.0,-1.8792346586194023e-113,-6.227088039577985e-05,-4.2569671040999235e-05
1770703218.2396975,1.2,0.0,0.03,1.23,0.0,0.1,0.0,0.0,0.0,-1.3007249843399718e-113,2.144127763053528e-05,-1.909185461789915e-05
1770703218.646879,1.2,0.0,0.03,1.23,0.0,0.1,0.0,0.0,0.0,-1.0094660544583073e-113,-3.360962547242209e-05,-2.230990304650678e-05
1770703219.0541842,1.2,0.0,0.03,1.23,0.0,0.1,0.0,0.0,0.0,-7.82934388481429e-114,1.7272629118803215e-06,-4.397320294370402e-06
1770703219.4657712,1.2,0.0,0.03,1.23,0.0,0.1,0.0,0.0,0.0,-6.082069450516599e-114,-5.0462142605771056e-05,-3.0450011854650665e-05
1770703219.893924,1.2,0.0,0.03,1.23,0.0,0.1,0.0,0.0,0.0,-5.0105391937757814e-114,-4.7577340237293155e-05,-2.407715035549437e-05
1770703220.307636,1.2,0.0,0.03,1.23,0.0,0.1,0.0,0.0,0.0,-3.894457625340976e-114,-0.00010040248615495907,-5.548375766924613e-05
1770703220.7159114,1.2,0.0,0.03,1.23,0.0,0.1,0.0,0.0,0.0,-3.025521858242387e-114,-0.00011377875475356303,-5.822700423664191e-05
1770703221.1301174,1.2,0.0,0.03,1.23,0.0,0.1,0.0,0.0,0.0,-2.0668011325400283e-114,-0.00023858701541524136,-0.0001317743337737885
1770703221.540078,1.2,0.0,0.03,1.23,0.0,0.1,0.0,0.0,0.0,-1.6203181118308905e-114,-0.00026211412116648573,-0.0001334097711583673
1770703221.949354,1.2,0.0,0.03,1.23,0.0,0.1,0.0,0.0,0.0,-1.2489968810125448e-114,-0.00019808404170660834,-0.00010544502879929191
1770703222.361579,1.2,0.0,0.03,1.23,0.0,0.1,0.0,0.0,0.0,-9.733738707966186e-115,-0.00020822488797495145,-0.00010512652861431004
1770703222.767051,1.2,0.0,0.03,1.23,0.0,0.1,0.0,0.0,0.0,-7.514010619704381e-115,-2.5079420616534395e-08,-2.083252056574176e-05
1770703223.1841657,1.2,0.0,0.03,1.23,0.0,0.1,0.0,0.0,0.0,-6.2309607023799865e-115,-6.51199388364034e-05,-3.906945535978039e-05
1770703223.5941029,1.2,0.0,0.03,1.23,0.0,0.1,0.0,0.0,0.0,-4.8283548310088845e-115,-8.668495762853489e-05,-4.549898069348059e-05
1770703224.006347,1.2,0.0,0.03,1.23,0.0,0.1,0.0,0.0,0.0,-3.7499125040240616e-115,9.621996916850122e-06,-1.4441693912963563e-05
1770703224.4150164,1.2,0.0,0.03,1.23,0.0,0.1,0.0,0.0,0.0,-2.920364493446875e-115,6.501875179647343e-05,-3.804905138619905e-05
1770703224.840369,1.2,0.0,0.03,1.23,0.0,0.1,0.0,0.0,0.0,-1.9879113611052793e-115,-0.0001012509088842522,-6.725242051019867e-05
1770703225.2502997,1.2,0.0,0.03,1.23,0.0,0.1,0.0,0.0,0.0,-1.7092947072026482e-115,-4.4496145082292956e-05,-2.79235489213424e-05
1770703225.6842399,1.2,0.0,0.03,1.23,0.0,0.1,0.0,0.0,0.0,-1.2098129954324332e-115,-0.00013556214731437293,-7.688767388039446e-05
1770703226.0971186,1.2,0.0,0.03,1.23,0.0,0.1,0.0,0.0,0.0,-1.0002047901297971e-115,-0.0002101391216508551,-0.00011252725825907578
1770703226.5054038,1.2,0.0,0.03,1.23,0.0,0.1,0.0,0.0,0.0,-7.769000554483049e-116,-0.000288640768016879,-0.0001521705486450419
1770703226.913288,1.2,0.0,0.03,1.23,0.0,0.1,0.0,0.0,0.0,-6.021283548094641e-116,-0.00034408751142958437,-0.0001775884300560627
1770703227.3227937,1.2,0.0,0.03,1.23,0.0,0.1,0.0,0.0,0.0,-4.4265457922747634e-116,-0.0003428653267833007,-0.0001715548818562787
1770703227.7401204,1.2,0.0,0.03,1.23,0.0,0.1,0.0,0.0,0.0,-3.162253114001922e-116,-0.0003090296233527483,-0.0001578983820194294
1770703228.1500454,1.2,0.0,0.03,1.23,0.0,0.1,0.0,0.0,0.0,-2.4545729804142184e-116,-0.00019287689114229863,-0.00010805371879219428
1770703228.5586028,1.2,0.0,0.03,1.23,0.0,0.1,0.0,0.0,0.0,-1.9054731385660127e-116,-7.914278572454334e-05,-5.09448034040472e-05
1770703228.9742198,1.2,0.0,0.03,1.23,0.0,0.1,0.0,0.0,0.0,-1.481184938506389e-116,5.462695196630567e-05,-4.0690449752237736e-05
1770703229.3858309,1.2,0.0,0.03,1.23,0.0,0.1,0.0,0.0,0.0,-1.2508052103145183e-116,1.6621096816797644e-05,-1.2111133923349625e-05
1770703229.795169,1.2,0.0,0.03,1.23,0.0,0.1,0.0,0.0,0.0,-9.704346281347323e-117,7.134008678738925e-05,-4.114194239075379e-05
1770703230.2060032,1.2,0.0,0.03,1.23,0.0,0.1,0.0,0.0,0.0,-7.549963767321279e-117,-5.768045662872749e-05,-4.1742282655975416e-05
1770703230.616851,1.2,0.0,0.03,1.23,0.0,0.1,0.0,0.0,0.0,-5.840351319425311e-117,-6.603981027331169e-05,-3.3855840501114265e-05
1770703231.0380719,1.2,0.0,0.03,1.23,0.0,0.1,0.0,0.0,0.0,-3.906795160761089e-117,-0.00011459477479067089,-6.215288384707136e-05
1770703231.459451,1.2,0.0,0.03,1.23,0.0,0.1,0.0,0.0,0.0,-3.6480854113858855e-117,-0.00014373156707186174,-7.477946276404995e-05
1770703231.8671477,1.2,0.0,0.03,1.23,0.0,0.1,0.0,0.0,0.0,-2.8333256440233314e-117,-0.00014247211446367304,-7.136200249265539e-05
1770703232.302499,1.2,0.0,0.03,1.23,0.0,0.1,0.0,0.0,0.0,-1.8925126173137034e-117,-0.0003876929975665011,-0.00021836858709353336
1770703232.7200408,1.2,0.0,0.03,1.23,0.0,0.1,0.0,0.0,0.0,-1.3841787079946743e-117,-0.00025960387963511026,-0.00014261085161069423
1770703233.1348252,1.2,0.0,0.03,1.23,0.0,0.1,0.0,0.0,0.0,-1.03168535812534e-117,-0.0003278702446651207,-0.0001707617588355614
1770703233.5436525,1.2,0.0,0.03,1.23,0.0,0.1,0.0,0.0,0.0,-8.038924370690486e-118,-0.00023843291839278024,-0.00012816019182362417
1770703233.9528253,1.2,0.0,0.03,1.23,0.0,0.1,0.0,0.0,0.0,-6.237041940307265e-118,-0.0002192571029795892,-0.0001115461330311137
1770703234.3594325,1.2,0.0,0.03,1.23,0.0,0.1,0.0,0.0,0.0,-4.847282441318552e-118,-0.00012737129867160956,-7.287422976660275e-05
1770703234.765581,1.2,0.0,0.03,1.23,0.0,0.1,0.0,0.0,0.0,-3.806795803828657e-118,-0.00017165754575517274,-9.025739758594268e-05
1770703235.1713428,1.2,0.0,0.03,1.23,0.0,0.1,0.0,0.0,0.0,-2.975449115449056e-118,-9.285209408204075e-05,-5.430659220833358e-05
1770703235.578407,1.2,0.0,0.03,1.23,0.0,0.1,0.0,0.0,0.0,-2.540697474821354e-118,-7.420923359621309e-05,-3.896890284668931e-05
1770703235.9869025,1.2,0.0,0.03,1.23,0.0,0.1,0.0,0.0,0.0,-1.8609002796021759e-118,-0.00014099561893593038,-7.717644800193692e-05
1770703236.3968227,1.2,0.0,0.03,1.23,0.0,0.1,0.0,0.0,0.0,-1.5226512890491282e-118,-7.378247189157274e-05,-4.361255065022213e-05
1770703236.8092942,1.2,0.0,0.03,1.23,0.0,0.1,0.0,0.0,0.0,-1.0589094804751164e-118,-0.00015995777701579262,-8.85964190203183e-05
1770703237.2333424,1.2,0.0,0.03,1.23,0.0,0.1,0.0,0.0,0.0,-7.67513505932922e-119,-0.00021051401150248508,-0.00011031262919991179
1770703237.6492634,1.2,0.0,0.03,1.23,0.0,0.1,0.0,0.0,0.0,-5.98075212509136e-119,-0.00038093645121159794,-0.00020751046957671025
1770703238.0576153,1.2,0.0,0.03,1.23,0.0,0.1,0.0,0.0,0.0,-4.638867231121514e-119,-0.00019804036253168373,-0.00011730979013383329
1770703238.465801,1.2,0.0,0.03,1.23,0.0,0.1,0.0,0.0,0.0,-3.605077062909162e-119,-3.931588694816301e-05,-3.553039103243357e-05
1770703238.879345,1.2,0.0,0.03,1.23,0.0,0.1,0.0,0.0,0.0,-3.1367170011525743e-119,-6.912126359680231e-05,-3.754116946326508e-05
1770703239.2894952,1.2,0.0,0.03,1.23,0.0,0.1,0.0,0.0,0.0,-2.2913375424363362e-119,-3.542139549720974e-05,-2.1080684558564126e-05
1770703239.6972418,1.2,0.0,0.03,1.23,0.0,0.1,0.0,0.0,0.0,-1.888567632055572e-119,-3.264629144123193e-05,-1.660065612621375e-05
1770703240.1134377,1.2,0.0,0.03,1.23,0.0,0.1,0.0,0.0,0.0,-1.4594569912826137e-119,5.552744950095196e-05,-3.658109884469437e-05
1770703240.5328507,1.2,0.0,0.03,1.23,0.0,0.1,0.0,0.0,0.0,-9.502895909180064e-120,1.053484080714236e-05,-9.76668127295214e-06
1770703240.9497468,1.2,0.0,0.03,1.23,0.0,0.1,0.0,0.0,0.0,-7.555314925507342e-120,0.0001603185128475658,-9.513762362782524e-05
1770703241.3866043,1.2,0.0,0.03,1.23,0.0,0.1,0.0,0.0,0.0,-6.065685480840683e-120,-5.16497012438983e-05,-4.702167203109556e-05
1770703241.7954862,1.2,0.0,0.03,1.23,0.0,0.1,0.0,0.0,0.0,-4.9792868863746217e-120,-9.265273421141333e-05,-5.0426670402458165e-05
1770703242.2052264,1.2,0.0,0.03,1.23,0.0,0.1,0.0,0.0,0.0,-3.6584750565124934e-120,-6.82113409976827e-06,-1.199372706104864e-05
1770703242.6218584,1.2,0.0,0.03,1.23,0.0,0.1,0.0,0.0,0.0,-3.0019324115806196e-120,-6.846973818971984e-05,-4.0399729503855073e-05
1770703243.0391493,1.2,0.0,0.03,1.23,0.0,0.1,0.0,0.0,0.0,-1.9646150522596967e-120,-0.00021383923568299144,-0.00012145656759082288
1770703243.4540431,1.2,0.0,0.03,1.23,0.0,0.1,0.0,0.0,0.0,-1.5181140982454813e-120,-0.00020443833644651126,-0.00010315925814690365
1770703243.8634841,1.2,0.0,0.03,1.23,0.0,0.1,0.0,0.0,0.0,-1.1398295835812282e-120,-0.0001120164492850836,-6.525041335868456e-05
1770703244.2739837,1.2,0.0,0.03,1.23,0.0,0.1,0.0,0.0,0.0,-9.25892044884337e-121,-2.456129023580163e-05,-2.1026161022829014e-05
1770703244.6963234,1.2,0.0,0.03,1.23,0.0,0.1,0.0,0.0,0.0,-7.625544639464502e-121,-0.00015828293930683133,-9.251363456051863e-05
1770703245.1102397,1.2,0.0,0.03,1.23,0.0,0.1,0.0,0.0,0.0,-5.920781790621612e-121,-0.00014182050003670987,-7.255649394536709e-05
1770703245.5170739,1.2,0.0,0.03,1.23,0.0,0.1,0.0,0.0,0.0,-4.592003816401327e-121,-0.00014179770930016294,-7.090113372373616e-05
1770703245.9372263,1.2,0.0,0.03,1.23,0.0,0.1,0.0,0.0,0.0,-3.459253566436465e-121,-0.0001750324147718547,-9.083967793309653e-05
1770703246.3555508,1.2,0.0,0.03,1.23,0.0,0.1,0.0,0.0,0.0,-2.401450818139659e-121,-0.00012611595770282446,-6.794962455831526e-05
1770703246.7661405,1.2,0.0,0.03,1.23,0.0,0.1,0.0,0.0,0.0,-1.8735775795878181e-121,-0.00016000671568205369,-8.339243363894977e-05
1770703247.1804397,1.2,0.0,0.03,1.23,0.0,0.1,0.0,0.0,0.0,-1.5530656123768365e-121,-0.00019030267812882926,-9.818093530909219e-05
1770703247.5903835,1.2,0.0,0.03,1.23,0.0,0.1,0.0,0.0,0.0,-1.2000690404141227e-121,-0.0002405572647169924,-0.00012530409101731252
1770703247.9975538,1.2,0.0,0.03,1.23,0.0,0.1,0.0,0.0,0.0,-9.388746345985851e-122,-0.00025212374384531107,-0.0001272185198354874
1770703248.404094,1.2,0.0,0.03,1.23,0.0,0.1,0.0,0.0,0.0,-6.613895569074322e-122,-0.0002790882511309357,-0.0001422405762940303
1770703248.827188,1.2,0.0,0.03,1.23,0.0,0.1,0.0,0.0,0.0,-4.945593299803365e-122,-0.00025959381197584417,-0.00013174634990343123
1770703249.239257,1.2,0.0,0.03,1.23,0.0,0.1,0.0,0.0,0.0,-4.5112257724621407e-122,-0.00018385301094520884,-9.950058557566796e-05
1770703249.645802,1.2,0.0,0.03,1.23,0.0,0.1,0.0,0.0,0.0,-2.988845798236865e-122,-0.00018018821154397666,-9.046058571211155e-05
1770703250.055699,1.2,0.0,0.03,1.23,0.0,0.1,0.0,0.0,0.0,-2.3121162607767847e-122,-0.00011153559928742412,-6.263306086936732e-05
1770703250.4629753,1.2,0.0,0.03,1.23,0.0,0.1,0.0,0.0,0.0,-1.8011778494586503e-122,-1.7470912113355023e-06,-1.1852396413276615e-05
1770703250.8779702,1.2,0.0,0.03,1.23,0.0,0.1,0.0,0.0,0.0,-1.496873088582785e-122,-2.9056342848550522e-05,-1.725909658799676e-05
1770703251.2900712,1.2,0.0,0.03,1.23,0.0,0.1,0.0,0.0,0.0,-1.1659154759172276e-122,-9.790408926815112e-05,-5.5836819276035616e-05
1770703251.6993835,1.2,0.0,0.03,1.23,0.0,0.1,0.0,0.0,0.0,-9.058515097093373e-123,-6.679332413275445e-05,-3.650773857991689e-05
1770703252.1097026,1.2,0.0,0.03,1.23,0.0,0.1,0.0,0.0,0.0,-6.974912870000139e-123,-0.000158543222342112,-8.844660099199177e-05
1770703252.5237007,1.2,0.0,0.03,1.23,0.0,0.1,0.0,0.0,0.0,-5.408018562946651e-123,-0.00022129675198559551,-0.0001169237289571461
1770703252.9456484,1.2,0.0,0.03,1.23,0.0,0.1,0.0,0.0,0.0,-3.679068788265128e-123,-0.00038111041776259626,-0.00020653657545899822
1770703253.3598943,1.2,0.0,0.03,1.23,0.0,0.1,0.0,0.0,0.0,-2.8603209863440176e-123,-0.00027930819607864673,-0.0001498343202077183
1770703253.772564,1.2,0.0,0.03,1.23,0.0,0.1,0.0,0.0,0.0,-2.223523189917753e-123,-0.0002774626000659624,-0.00013891585963424961
1770703254.1931343,1.2,0.0,0.03,1.23,0.0,0.1,0.0,0.0,0.0,-1.8546729265920967e-123,-0.0004585949254467447,-0.00024741069526145056
1770703254.6042562,1.2,0.0,0.03,1.23,0.0,0.1,0.0,0.0,0.0,-1.443825325162453e-123,-0.0003523178014206949,-0.00018678661311295243
1770703255.0183833,1.2,0.0,0.03,1.23,0.0,0.1,0.0,0.0,0.0,-1.1199225920518483e-123,-0.00021900590053374074,-0.0001228341403555658
1770703255.4457333,1.2,0.0,0.03,1.23,0.0,0.1,0.0,0.0,0.0,-7.575734981846606e-124,-0.00014086783727186567,-7.824772496212034e-05
1770703255.852646,1.2,0.0,0.03,1.23,0.0,0.1,0.0,0.0,0.0,-5.884627279189891e-124,-0.0002249119368537354,-0.00012086037838505467
1770703256.2585278,1.2,0.0,0.03,1.23,0.0,0.1,0.0,0.0,0.0,-4.562413961418064e-124,-0.00022161780259303111,-0.00011113831472258598
1770703256.6665037,1.2,0.0,0.03,1.23,0.0,0.1,0.0,0.0,0.0,-3.5462042640140242e-124,-0.0002559538377833946,-0.00013141052241073364
1770703257.0860808,1.2,0.0,0.03,1.23,0.0,0.1,0.0,0.0,0.0,-2.968408784941422e-124,-0.00028199086419062317,-0.00014359913473603445
1770703257.494539,1.2,0.0,0.03,1.23,0.0,0.1,0.0,0.0,0.0,-2.302786909739803e-124,-0.0003079503928074023,-0.00015657114926537907
1770703257.906499,1.2,0.0,0.03,1.23,0.0,0.1,0.0,0.0,0.0,-1.7855166443633448e-124,-0.00037063004558589394,-0.00019158298807079614
1770703258.3217738,1.2,0.0,0.03,1.23,0.0,0.1,0.0,0.0,0.0,-1.3896549828690356e-124,-0.00041348722336946787,-0.00021102932946309133
1770703258.7327085,1.2,0.0,0.03,1.23,0.0,0.1,0.0,0.0,0.0,-9.375081912238654e-125,-0.0003612620705212652,-0.00018585355054545288
1770703259.154382,1.2,0.0,0.03,1.23,0.0,0.1,0.0,0.0,0.0,-7.271064953328681e-125,-0.00027680135572487655,-0.00014684674934207714
1770703259.564542,1.2,0.0,0.03,1.23,0.0,0.1,0.0,0.0,0.0,-5.614278120426497e-125,-0.0002379001223131507,-0.00012284018449774793
1770703259.9774075,1.2,0.0,0.03,1.23,0.0,0.1,0.0,0.0,0.0,-4.370575561570505e-125,-0.00028651809270998973,-0.00014812084339467876
1770703260.3930144,1.2,0.0,0.03,1.23,0.0,0.1,0.0,0.0,0.0,-3.490884040911757e-125,-0.00016586139476701856,-9.49963671778064e-05
1770703260.7999756,1.2,0.0,0.03,1.23,0.0,0.1,0.0,0.0,0.0,-2.885843095439949e-125,-0.00024803639056663023,-0.0001322356948632763
1770703261.2116525,1.2,0.0,0.03,1.23,0.0,0.1,0.0,0.0,0.0,-2.1191686351507963e-125,-0.00024875815069103974,-0.00012445125135796082
1770703261.6166506,1.2,0.0,0.03,1.23,0.0,0.1,0.0,0.0,0.0,-1.5459841630621965e-125,-0.00012686518518320366,-7.562188914238544e-05
1770703262.0469892,1.2,0.0,0.03,1.23,0.0,0.1,0.0,0.0,0.0,-1.1586541886312933e-125,-0.00014882713841786414,-7.660976453239812e-05
1770703262.4538066,1.2,0.0,0.03,1.23,0.0,0.1,0.0,0.0,0.0,-9.012569039972501e-126,-0.00020892205537996795,-0.00011047051938619435
1770703262.8668005,1.2,0.0,0.03,1.23,0.0,0.1,0.0,0.0,0.0,-7.009983455513542e-126,-0.0003270430427373912,-0.00017533362010443794
1770703263.28922,1.2,0.0,0.03,1.23,0.0,0.1,0.0,0.0,0.0,-5.975768072343754e-126,-0.0003163169596454942,-0.0001592310881319368
1770703263.700687,1.2,0.0,0.03,1.23,0.0,0.1,0.0,0.0,0.0,-4.638904439371401e-126,-0.0004713411002211781,-0.00025117296416815745
1770703264.1093686,1.2,0.0,0.03,1.23,0.0,0.1,0.0,0.0,0.0,-3.604279894559791e-126,-0.0004423382177603646,-0.00022406939712626365
1770703264.51701,1.2,0.0,0.03,1.23,0.0,0.1,0.0,0.0,0.0,-2.8071007176957855e-126,-0.0002796056344002831,-0.0001560760755361497
1770703264.927847,1.2,0.0,0.03,1.23,0.0,0.1,0.0,0.0,0.0,-1.8768835609043375e-126,-0.00032726947824396124,-0.00016840112350634842
1770703265.3631244,1.2,0.0,0.03,1.23,0.0,0.1,0.0,0.0,0.0,-1.4000750344666716e-126,-0.0003314460867499376,-0.00016614070422556643
1770703265.7788103,1.2,0.0,0.03,1.23,0.0,0.1,0.0,0.0,0.0,-1.1351423329278492e-126,-0.00022376244011212935,-0.0001226495847198455
1770703266.189906,1.2,0.0,0.03,1.23,0.0,0.1,0.0,0.0,0.0,-9.121646198957098e-127,-0.0001724858920509495,-9.137060083159273e-05
1770703266.6064196,1.2,0.0,0.03,1.23,0.0,0.1,0.0,0.0,0.0,-7.479900561225146e-127,-0.00015087937568373656,-7.760033947858957e-05
1770703267.0125628,1.2,0.0,0.03,1.23,0.0,0.1,0.0,0.0,0.0,-5.449896202898364e-127,-7.245357569414286e-05,-4.4069367846030804e-05
1770703267.4182453,1.2,0.0,0.03,1.23,0.0,0.1,0.0,0.0,0.0,-4.2713855834363686e-127,-5.4165019128604876e-05,-2.8911365220856238e-05
1770703267.8298643,1.2,0.0,0.03,1.23,0.0,0.1,0.0,0.0,0.0,-3.003099883999613e-127,-0.00016629761982842422,-9.436206998419405e-05
1770703268.2371302,1.2,0.0,0.03,1.23,0.0,0.1,0.0,0.0,0.0,-2.33505856204559e-127,-8.463773749424547e-05,-5.048485698054061e-05
1770703268.6467931,1.2,0.0,0.03,1.23,0.0,0.1,0.0,0.0,0.0,-1.7670373602677176e-127,-7.503721497892646e-05,-3.847865974099513e-05
1770703269.0585823,1.2,0.0,0.03,1.23,0.0,0.1,0.0,0.0,0.0,-1.3751602874557507e-127,-1.6598840521777253e-05,-1.4143257706603548e-05
1770703269.4677918,1.2,0.0,0.03,1.23,0.0,0.1,0.0,0.0,0.0,-1.0916751509707276e-127,-9.763842996143827e-05,-5.692317392468524e-05
1770703269.8737488,1.2,0.0,0.03,1.23,0.0,0.1,0.0,0.0,0.0,-8.475182753343781e-128,2.2772409241583172e-05,-2.3427288541093733e-05
1770703270.2845051,1.2,0.0,0.03,1.23,0.0,0.1,0.0,0.0,0.0,-7.14759175379027e-128,-9.320284790979088e-07,-2.8364580116170628e-06
1770703270.6950483,1.2,0.0,0.03,1.23,0.0,0.1,0.0,0.0,0.0,-5.587134959052562e-128,1.0536667263021348e-05,-6.4152032057226e-06
1770703271.101819,1.2,0.0,0.03,1.23,0.0,0.1,0.0,0.0,0.0,-4.109382506326767e-128,6.917406223251494e-06,-3.820629215602733e-06
1770703271.5104263,1.2,0.0,0.03,1.23,0.0,0.1,0.0,0.0,0.0,-3.357133160377848e-128,-3.028067199235004e-05,-1.8860143817735172e-05
1770703271.924003,1.2,0.0,0.03,1.23,0.0,0.1,0.0,0.0,0.0,-2.4750174538281093e-128,-7.450015111582552e-05,-4.167202347026031e-05
1770703272.332573,1.2,0.0,0.03,1.23,0.0,0.1,0.0,0.0,0.0,-1.7477392575843814e-128,-0.00014381812947390223,-7.884086257275878e-05
1770703272.7441032,1.2,0.0,0.03,1.23,0.0,0.1,0.0,0.0,0.0,-1.319403215001908e-128,-0.00026698485441495085,-0.0001458090997015803
1770703273.1547577,1.2,0.0,0.03,1.23,0.0,0.1,0.0,0.0,0.0,-1.0232797250866869e-128,-0.0003356739619058757,-0.00017470589170203032
1770703273.5605478,1.2,0.0,0.03,1.23,0.0,0.1,0.0,0.0,0.0,-7.942269906687059e-129,-0.0003870638100712274,-0.00019867088985214888
1770703273.9718118,1.2,0.0,0.03,1.23,0.0,0.1,0.0,0.0,0.0,-6.168308159165443e-129,-0.00044428086382942457,-0.000227862137290532
1770703274.3806856,1.2,0.0,0.03,1.23,0.0,0.1,0.0,0.0,0.0,-4.9692160156252496e-129,-0.00047585046298697113,-0.00024108219140924023
1770703274.7913556,1.2,0.0,0.03,1.23,0.0,0.1,0.0,0.0,0.0,-3.949614496131505e-129,-0.0004250822309713306,-0.00021761793868722937
1770703275.2079694,1.2,0.0,0.03,1.23,0.0,0.1,0.0,0.0,0.0,-3.0608005523022925e-129,-0.0003903342762543338,-0.0001986419335988666
1770703275.613674,1.2,0.0,0.03,1.23,0.0,0.1,0.0,0.0,0.0,-2.3819602843454647e-129,-0.0003893965570663719,-0.00019479205045198214
1770703276.0198133,1.2,0.0,0.03,1.23,0.0,0.1,0.0,0.0,0.0,-1.8502634663688157e-129,-0.0003703868964920928,-0.00018709441430347432
1770703276.4281287,1.2,0.0,0.03,1.23,0.0,0.1,0.0,0.0,0.0,-1.468032236840792e-129,-0.00030323676909259015,-0.00015833339728624533
1770703276.8398995,1.2,0.0,0.03,1.23,0.0,0.1,0.0,0.0,0.0,-9.828121269680268e-130,-0.00014183964556258743,-8.705953513429398e-05
1770703277.2523265,1.2,0.0,0.03,1.23,0.0,0.1,0.0,0.0,0.0,-8.931191906726391e-130,-0.0001288896732524693,-6.573983385724646e-05
1770703277.6663716,1.2,0.0,0.03,1.23,0.0,0.1,0.0,0.0,0.0,-5.908708470169861e-130,-0.0001903840469669248,-0.00010134146085490795
1770703278.076234,1.2,0.0,0.03,1.23,0.0,0.1,0.0,0.0,0.0,-4.595458077029912e-130,-0.0001841405223397428,-9.269461363258961e-05
1770703278.4873502,1.2,0.0,0.03,1.23,0.0,0.1,0.0,0.0,0.0,-3.875062282707738e-130,-0.0002990609541520637,-0.00016102252025726395
1770703278.8976095,1.2,0.0,0.03,1.23,0.0,0.1,0.0,0.0,0.0,-3.02304844945355e-130,-0.00027895982855392275,-0.00014149002683677548
1770703279.3107224,1.2,0.0,0.03,1.23,0.0,0.1,0.0,0.0,0.0,-2.346428132496476e-130,-0.0002853668929773506,-0.0001433241529310181
1770703279.7278643,1.2,0.0,0.03,1.23,0.0,0.1,0.0,0.0,0.0,-1.816671791729877e-130,-0.0001881322627240644,-0.00010378959438736083
1770703280.1393306,1.2,0.0,0.03,1.23,0.0,0.1,0.0,0.0,0.0,-1.2105531577018514e-130,-0.0002720507225766808,-0.00014441720727360205
1770703280.5536342,1.2,0.0,0.03,1.23,0.0,0.1,0.0,0.0,0.0,-9.429506899255823e-131,-0.00026698836846646753,-0.0001340004196442551
1770703280.9588134,1.2,0.0,0.03,1.23,0.0,0.1,0.0,0.0,0.0,-9.267351047452193e-131,-0.00012740582824328077,-7.766116814395906e-05
1770703281.3844593,1.2,0.0,0.03,1.23,0.0,0.1,0.0,0.0,0.0,-6.237384267388466e-131,-0.00015309897368902335,-7.911880138908593e-05
1770703281.815698,1.2,0.0,0.03,1.23,0.0,0.1,0.0,0.0,0.0,-4.842177258657883e-131,-6.053192039571122e-05,-3.952266552718682e-05
1770703282.230025,1.2,0.0,0.03,1.23,0.0,0.1,0.0,0.0,0.0,-3.204013943132161e-131,-0.00011374810165875171,-6.219566895567991e-05
1770703282.6393545,1.2,0.0,0.03,1.23,0.0,0.1,0.0,0.0,0.0,-2.494324140818213e-131,-9.762975562386712e-05,-5.042671241542202e-05
1770703283.049217,1.2,0.0,0.03,1.23,0.0,0.1,0.0,0.0,0.0,-1.9416915200446007e-131,-0.00018911716599979338,-0.00010370732403748932
1770703283.4658852,1.2,0.0,0.03,1.23,0.0,0.1,0.0,0.0,0.0,-1.5082632495240475e-131,-0.00010431130709953016,-6.06362394397914e-05
1770703283.8821197,1.2,0.0,0.03,1.23,0.0,0.1,0.0,0.0,0.0,-1.280118225675607e-131,-0.00029191993312507295,-0.00016472082916509076
1770703284.2936115,1.2,0.0,0.03,1.23,0.0,0.1,0.0,0.0,0.0,-9.222537606068343e-132,-0.00015328840072491122,-9.050735360247179e-05
1770703284.7117174,1.2,0.0,0.03,1.23,0.0,0.1,0.0,0.0,0.0,-7.725513387647519e-132,-0.00020367955398443196,-0.00010687889231816806
1770703285.1250439,1.2,0.0,0.03,1.23,0.0,0.1,0.0,0.0,0.0,-5.654537079272205e-132,-0.0002667862440314657,-0.00013970379102043622
1770703285.545839,1.2,0.0,0.03,1.23,0.0,0.1,0.0,0.0,0.0,-4.659541563866556e-132,-0.00023039004109418588,-0.00011883464084082093
1770703285.959336,1.2,0.0,0.03,1.23,0.0,0.1,0.0,0.0,0.0,-3.7134748308542057e-132,-0.0002506858249636569,-0.00012737249086877556
1770703286.3711803,1.2,0.0,0.03,1.23,0.0,0.1,0.0,0.0,0.0,-2.393324596960122e-132,-0.0002484157352091572,-0.00012443487658002857
1770703286.807567,1.2,0.0,0.03,1.23,0.0,0.1,0.0,0.0,0.0,-2.0441337095300732e-132,-0.00017224653423464586,-9.374018721477407e-05
1770703287.2273667,1.2,0.0,0.03,1.23,0.0,0.1,0.0,0.0,0.0,-1.5992240187015798e-132,-0.00013983891787213828,-7.31602205723199e-05
1770703287.63938,1.2,0.0,0.03,1.23,0.0,0.1,0.0,0.0,0.0,-1.0663378020345069e-132,-0.00011736068298003803,-6.092816497922904e-05
1770703288.0478723,1.2,0.0,0.03,1.23,0.0,0.1,0.0,0.0,0.0,-8.269797587484817e-133,-6.931254447054688e-05,-3.9461086086222556e-05
1770703288.4697354,1.2,0.0,0.03,1.23,0.0,0.1,0.0,0.0,0.0,-6.320474376526133e-133,-0.00015130203662406744,-8.384996752738577e-05
1770703288.88296,1.2,0.0,0.03,1.23,0.0,0.1,0.0,0.0,0.0,-5.04974128291827e-133,-0.00023907435624090785,-0.00012831441008213796
1770703289.2914417,1.2,0.0,0.03,1.23,0.0,0.1,0.0,0.0,0.0,-4.243223743403287e-133,-0.0002151280895364403,-0.00010995867143866691
1770703289.7002501,1.2,0.0,0.03,1.23,0.0,0.1,0.0,0.0,0.0,-3.289219865042733e-133,-0.00023641748776663212,-0.00012033768370633524
1770703290.1155088,1.2,0.0,0.03,1.23,0.0,0.1,0.0,0.0,0.0,-2.5238135060643794e-133,-0.00038319928517715134,-0.0002062778223296276
1770703290.53027,1.2,0.0,0.03,1.23,0.0,0.1,0.0,0.0,0.0,-2.033739898538358e-133,-0.00042574161019727697,-0.00021712503760065106
1770703290.9433115,1.2,0.0,0.03,1.23,0.0,0.1,0.0,0.0,0.0,-1.2906794073021494e-133,-0.00036853611764779855,-0.0001899886080788471
1770703291.3562975,1.2,0.0,0.03,1.23,0.0,0.1,0.0,0.0,0.0,-1.0158202260632052e-133,-0.00037605440502906906,-0.00018877903125266157
1770703291.7677639,1.2,0.0,0.03,1.23,0.0,0.1,0.0,0.0,0.0,-7.883965265905823e-134,-0.00016281385631691065,-0.00010273098302967116
1770703292.1732538,1.2,0.0,0.03,1.23,0.0,0.1,0.0,0.0,0.0,-6.11996173923121e-134,-6.073407038256228e-05,-4.0575013784715974e-05
1770703292.5797682,1.2,0.0,0.03,1.23,0.0,0.1,0.0,0.0,0.0,-5.200818891344928e-134,-0.00010331651267249034,-5.591650056523798e-05
1770703293.0028026,1.2,0.0,0.03,1.23,0.0,0.1,0.0,0.0,0.0,-4.031789373001044e-134,-0.00015725912794093666,-8.402382549731297e-05
1770703293.414676,1.2,0.0,0.03,1.23,0.0,0.1,0.0,0.0,0.0,-2.953146437699468e-134,-8.019524664890322e-05,-4.780401145365495e-05
1770703293.8275223,1.2,0.0,0.03,1.23,0.0,0.1,0.0,0.0,0.0,-2.0888571656005162e-134,-0.00011939645126639968,-6.361834609494948e-05
1770703294.2376914,1.2,0.0,0.03,1.23,0.0,0.1,0.0,0.0,0.0,-1.6296696814201342e-134,-0.00018330605624800023,-9.804398862216017e-05
1770703294.6493952,1.2,0.0,0.03,1.23,0.0,0.1,0.0,0.0,0.0,-1.2301586686447953e-134,-0.00028632899858675986,-0.0001534667935272559
1770703295.0633292,1.2,0.0,0.03,1.23,0.0,0.1,0.0,0.0,0.0,-9.630743483641265e-135,-0.00022392489663985407,-0.00011820285851461761
1770703295.4804265,1.2,0.0,0.03,1.23,0.0,0.1,0.0,0.0,0.0,-7.783266097962882e-135,-0.00021116386057794533,-0.00010685803389516354
1770703295.9068196,1.2,0.0,0.03,1.23,0.0,0.1,0.0,0.0,0.0,-6.105319312500679e-135,-0.0003198818011816909,-0.00017081269465122
1770703296.3147702,1.2,0.0,0.03,1.23,0.0,0.1,0.0,0.0,0.0,-4.468048015758647e-135,-0.00031033532774327383,-0.00015612231121547862
1770703296.7230804,1.2,0.0,0.03,1.23,0.0,0.1,0.0,0.0,0.0,-3.6927548766781054e-135,-0.00031791573240952874,-0.00015971590667138987
1770703297.13792,1.2,0.0,0.03,1.23,0.0,0.1,0.0,0.0,0.0,-2.6008745019551174e-135,-0.00030999257995330146,-0.00015578860522227347
1770703297.554287,1.2,0.0,0.03,1.23,0.0,0.1,0.0,0.0,0.0,-1.97075648147784e-135,-0.0002163994290261362,-0.00011755902960578462
1770703297.965173,1.2,0.0,0.03,1.23,0.0,0.1,0.0,0.0,0.0,-1.5393626009938467e-135,-0.00010080857748839764,-6.196337389797267e-05
1770703298.3737464,1.2,0.0,0.03,1.23,0.0,0.1,0.0,0.0,0.0,-1.195058028066408e-135,-5.251022640597463e-05,-3.108494831122962e-05
1770703298.7809277,1.2,0.0,0.03,1.23,0.0,0.1,0.0,0.0,0.0,-1.0340292209880424e-135,-0.00014880356015791412,-8.4031113454151e-05
1770703299.1986334,1.2,0.0,0.03,1.23,0.0,0.1,0.0,0.0,0.0,-0.028076151046281323,0.0007194082504725186,-0.028522676352580625
1770703299.6127307,1.2,0.0,0.03,1.23,0.0,0.1,0.0,0.0,0.0,-0.21396598232115732,0.022601889068857118,-0.22745517493742434
1770703300.0192156,1.2,0.0,0.03,1.23,0.0,0.1,0.0,0.0,0.0,-0.23364773837121164,0.06021517969287318,-0.26751665728004986
1770703300.4290156,1.2,0.0,0.03,1.23,0.0,0.1,0.0,0.0,0.0,-0.3018390374161675,0.0485089347126495,-0.3272641292705146
1770703300.8414702,1.2,0.0,0.03,1.23,0.0,0.1,0.0,0.0,0.0,-0.31679225649754256,0.06533754523392263,-0.3511438901666312
1770703301.2544315,1.2,0.0,0.03,1.23,0.0,0.1,0.0,0.0,0.0,-0.3448577806790099,0.12653474435050344,-0.41424487276591976
1770703301.6632574,1.2,0.0,0.03,1.23,0.0,0.1,0.0,0.0,0.0,-0.2598468514716686,0.11645262788091698,-0.3190813770590857
1770703302.0867946,1.2,0.0,0.03,1.23,0.0,0.1,0.0,0.0,0.0,-0.2680916005169126,0.08458517975811722,-0.3135709352082512
1770703302.495316,1.2,0.0,0.03,1.23,0.0,0.1,0.0,0.0,0.0,-0.1783642693114832,0.06844907992146883,-0.21420241925588243
1770703302.9026127,1.2,0.0,0.03,1.23,0.0,0.1,0.0,0.0,0.0,-0.18110115010228375,0.05379185127082281,-0.20946279860275976
1770703303.3075998,1.2,0.0,0.03,1.23,0.0,0.1,0.0,0.0,0.0,-0.16910646370181714,0.04220688312490826,-0.19136840207886274
1770703303.7156684,1.2,0.0,0.03,1.23,0.0,0.1,0.0,0.0,0.0,-0.22124451054910116,0.033696732483657794,-0.2389438918550551
1770703304.128378,1.2,0.0,0.03,1.23,0.0,0.1,0.0,0.0,0.0,-0.2543187993061029,0.025851425034047786,-0.2680290425680878
1770703304.5391574,1.2,0.0,0.03,1.23,0.0,0.1,0.0,0.0,0.0,-0.32286991251946034,0.018337520973189952,-0.3327900634121411
1770703304.9514463,1.2,0.0,0.03,1.23,0.0,0.1,0.0,0.0,0.0,-0.28870242555539843,-0.016270067897859754,-0.3002982183914333
1770703305.3582897,1.2,0.0,0.03,1.23,0.0,0.1,0.0,0.0,0.0,-0.27168801371494017,-0.08022896115581918,-0.3181983836186457
1770703305.769061,1.2,0.0,0.03,1.23,0.0,0.1,0.0,0.0,0.0,-0.17897868374088916,-0.14426163464317798,-0.257512768411214
1770703306.1924994,1.2,0.0,0.03,1.23,0.0,0.1,0.0,0.0,0.0,0.001893724246279177,-0.2750096717099519,-0.1524733638079325
1770703306.600474,1.2,0.0,0.03,1.23,0.0,0.1,0.0,0.0,0.0,0.0101988375950192,-0.4129852242922781,-0.23048900499939085
1770703307.0363002,1.2,0.0,0.03,1.23,0.0,0.1,0.0,0.0,0.0,0.006040500972330044,-0.5222058293677101,-0.2780654761637283
1770703307.4646246,1.2,0.0,0.03,1.23,0.0,0.1,0.0,0.0,0.0,0.007493241072594129,-0.5682536720706408,-0.29622486137820764
1770703307.8884933,1.2,0.0,0.03,1.23,0.0,0.1,0.0,0.0,0.0,0.003320853326820991,-0.472360515013635,-0.24909042653933908
1770703308.2991114,1.2,0.0,0.03,1.23,0.0,0.1,0.0,0.0,0.0,0.003407391169397793,-0.37388980654274456,-0.20019936528785912
1770703308.7113805,1.2,0.0,0.03,1.23,0.0,0.1,0.0,0.0,0.0,0.0023775616527967804,-0.29679508221389167,-0.1584845751926279
1770703309.1248665,1.2,0.0,0.03,1.23,0.0,0.1,0.0,0.0,0.0,0.0018467502741471924,-0.23553758471706907,-0.12574129238236398
1770703309.5528376,1.2,0.0,0.03,1.23,0.0,0.1,0.0,0.0,0.0,0.0012297794365852088,-0.1832569919150522,-0.098086334674313
1770703309.966678,1.2,0.0,0.03,1.23,0.0,0.1,0.0,0.0,0.0,0.0009626578254148408,-0.14425871645071267,-0.07699184359720512
1770703310.394973,1.2,0.0,0.03,1.23,0.0,0.1,0.0,0.0,0.0,0.0008145178776375021,-0.11123668976470376,-0.05973506542859028
1770703310.8043835,1.2,0.0,0.03,1.23,0.0,0.1,0.0,0.0,0.0,0.0006322113051853331,-0.0883757051082809,-0.04710616232496807
1770703311.2170968,1.2,0.0,0.03,1.23,0.0,0.1,0.0,0.0,0.0,0.00045935711812929956,-0.07043134650087536,-0.03746946622930753
1770703311.633394,1.2,0.0,0.03,1.23,0.0,0.1,0.0,0.0,0.0,0.0003269987224695027,-0.054299295565953885,-0.029089851598938593
1770703312.051016,1.2,0.0,0.03,1.23,0.0,0.1,0.0,0.0,0.0,0.00025366090721651383,-0.043222065938108595,-0.022972416839055338
1770703312.4676583,1.2,0.0,0.03,1.23,0.0,0.1,0.0,0.0,0.0,0.00019698405392489706,-0.034334996831451386,-0.01825318938031631
1770703312.917312,1.2,0.0,0.03,1.23,0.0,0.1,0.0,0.0,0.0,0.00016744583911512329,-0.02639042537363001,-0.014157115671712267
1770703313.32183,1.2,0.0,0.03,1.23,0.0,0.1,0.0,0.0,0.0,0.0001228427009135867,-0.021053698772801534,-0.011183364747397203
1770703313.735539,1.2,0.0,0.03,1.23,0.0,0.1,0.0,0.0,0.0,8.64747741712523e-05,-0.016250874603349525,-0.008692194492791216
1770703314.1539924,1.2,0.0,0.03,1.23,0.0,0.1,0.0,0.0,0.0,6.710521715110445e-05,-0.012850313001709548,-0.006832317878169876
1770703314.5649536,1.2,0.0,0.03,1.23,0.0,0.1,0.0,0.0,0.0,5.205718161070666e-05,-0.010211530137200471,-0.00542170053666185
1770703314.9802845,1.2,0.0,0.03,1.23,0.0,0.1,0.0,0.0,0.0,4.410172945628913e-05,-0.008014217813415197,-0.004270941868542415
1770703315.3918993,1.2,0.0,0.03,1.23,0.0,0.1,0.0,0.0,0.0,3.436448293367696e-05,-0.006445699834807675,-0.0034140661981982667
1770703315.7990346,1.2,0.0,0.03,1.23,0.0,0.1,0.0,0.0,0.0,2.6721855637446726e-05,-0.005268590965389537,-0.002778728225274029
1770703316.2130525,1.2,0.0,0.03,1.23,0.0,0.1,0.0,0.0,0.0,1.9493460523381664e-05,-0.004401130201713618,-0.0023068046377477825
1770703316.6292667,1.2,0.0,0.03,1.23,0.0,0.1,0.0,0.0,0.0,1.377242540833515e-05,-0.003495402072976818,-0.001852046274770424
1770703317.0486164,1.2,0.0,0.03,1.23,0.0,0.1,0.0,0.0,0.0,1.0693417638956805e-05,-0.002884113500200778,-0.00151387902501695
1770703317.4583564,1.2,0.0,0.03,1.23,0.0,0.1,0.0,0.0,0.0,9.394022140853717e-06,-0.0022400394601247474,-0.0011938211562108304
1770703317.870087,1.2,0.0,0.03,1.23,0.0,0.1,0.0,0.0,0.0,6.4406702958505426e-06,-0.0018612157521858755,-0.0009749309171826754
1770703318.281129,1.2,0.0,0.03,1.23,0.0,0.1,0.0,0.0,0.0,5.436072261856338e-06,-0.0013590602103445521,-0.0007351817316182648
1770703318.6972544,1.2,0.0,0.03,1.23,0.0,0.1,0.0,0.0,0.0,4.268575293396277e-06,-0.001034631772824892,-0.0005540273054578083
1770703319.1129186,1.2,0.0,0.03,1.23,0.0,0.1,0.0,0.0,0.0,3.1336944422145243e-06,-0.0008436896602637023,-0.00044407273583018465
1770703319.5221133,1.2,0.0,0.03,1.23,0.0,0.1,0.0,0.0,0.0,2.416664329838337e-06,-0.0006733758855302087,-0.00035613598456829207
1770703319.9318225,1.2,0.0,0.03,1.23,0.0,0.1,0.0,0.0,0.0,1.715176787120452e-06,-0.0006300054692418474,-0.00032105495303688024
1770703320.33895,1.2,0.0,0.03,1.23,0.0,0.1,0.0,0.0,0.0,1.3336631366175672e-06,-0.00043699973783774585,-0.00023913410519590066
1770703320.7610588,1.2,0.0,0.03,1.23,0.0,0.1,0.0,0.0,0.0,1.0372128993461143e-06,-0.000444709026260712,-0.00022416265487199872
1770703321.1728187,1.2,0.0,0.03,1.23,0.0,0.1,0.0,0.0,0.0,8.06590523311022e-07,-0.00042982395959697406,-0.00021720707698817186
1770703321.5874212,1.2,0.0,0.03,1.23,0.0,0.1,0.0,0.0,0.0,6.83539825851749e-07,-0.0003678915147098029,-0.00019082254166947031
1770703321.9957983,1.2,0.0,0.03,1.23,0.0,0.1,0.0,0.0,0.0,5.330525175901293e-07,-0.0003262879204106882,-0.00016783737215284568
1770703322.4049978,1.2,0.0,0.03,1.23,0.0,0.1,0.0,0.0,0.0,4.1418109808046186e-07,-0.0002118693090394089,-0.00011779069675491283
1770703322.815858,1.2,0.0,0.03,1.23,0.0,0.1,0.0,0.0,0.0,3.213932669454315e-07,-1.7094104468101436e-05,-2.8345965958126895e-05
1770703323.2333126,1.2,0.0,0.03,1.23,0.0,0.1,0.0,0.0,0.0,2.1291549213476433e-07,-5.107365095905153e-05,-2.914769562075554e-05
1770703323.650894,1.2,0.0,0.03,1.23,0.0,0.1,0.0,0.0,0.0,1.633881248562023e-07,-8.280632963626271e-05,-4.4739820810708674e-05
1770703324.0615907,1.2,0.0,0.03,1.23,0.0,0.1,0.0,0.0,0.0,1.2652156712187853e-07,-6.655244658101088e-05,-3.5028133163152506e-05
1770703324.482181,1.2,0.0,0.03,1.23,0.0,0.1,0.0,0.0,0.0,1.0375415700992822e-07,-2.133881317095994e-06,-7.612551341949415e-06
1770703324.8962867,1.2,0.0,0.03,1.23,0.0,0.1,0.0,0.0,0.0,8.50281385960572e-08,6.834865949234104e-06,-4.3993358398461195e-06
1770703325.313086,1.2,0.0,0.03,1.23,0.0,0.1,0.0,0.0,0.0,5.779848408457319e-08,2.5508490044301572e-05,-1.4679405915742106e-05
1770703325.7229462,1.2,0.0,0.03,1.23,0.0,0.1,0.0,0.0,0.0,4.859886822977588e-08,-2.770154017035213e-05,-1.9220371974871212e-05
1770703326.1321516,1.2,0.0,0.03,1.23,0.0,0.1,0.0,0.0,0.0,3.773869121641705e-08,-0.00013506654737060353,-7.830751309654332e-05
1770703326.5528073,1.2,0.0,0.03,1.23,0.0,0.1,0.0,0.0,0.0,2.6007121803530627e-08,-0.00019964361453603678,-0.00010630552110636525
1770703326.964585,1.2,0.0,0.03,1.23,0.0,0.1,0.0,0.0,0.0,2.0158701292261644e-08,-0.00017569389232788166,-9.02620770860486e-05
1770703327.3800318,1.2,0.0,0.03,1.23,0.0,0.1,0.0,0.0,0.0,1.6644823549356732e-08,-0.0002436456694494422,-0.0001286346572604265
1770703327.7922294,1.2,0.0,0.03,1.23,0.0,0.1,0.0,0.0,0.0,1.2175095962938627e-08,-0.0003190923747616503,-0.00016710303300800889
1770703328.2077563,1.2,0.0,0.03,1.23,0.0,0.1,0.0,0.0,0.0,1.0044310215406057e-08,-0.00026002543437533853,-0.00013592945553651584
