t,kp_lin,ki_lin,kd_lin,kp_ang,ki_ang,kd_ang,v_ref,w_ref_raw,w_ref,v_meas,w_meas,reward
1770339092.1710622,1.2,0.0,0.03,1.23,0.0,0.1,0.0,0.0,0.0,0.0,0.0003269336812153878,-0.0001961602087292327
1770339092.5777307,1.2,0.0,0.03,1.23,0.0,0.1,0.0,0.0,0.0,0.0,0.0005480619004856389,-0.00029614377216984457
1770339092.9843948,1.2,0.0,0.03,1.23,0.0,0.1,0.0,0.0,0.0,0.0,-3.2136467118638304e-05,-7.408807031974686e-05
1770339093.3922591,1.2,0.0,0.03,1.23,0.0,0.1,0.0,0.0,0.0,0.0,0.00011424936726913884,-7.176326707334713e-05
1770339093.7992713,1.2,0.0,0.03,1.23,0.0,0.1,0.0,0.0,0.0,0.0,-0.0002439956512486087,-0.0001578223274760791
1770339094.206753,1.2,0.0,0.03,1.23,0.0,0.1,0.0,0.0,0.0,0.0,-0.0005627769398758621,-0.0003132665988006564
1770339094.6145806,1.2,0.0,0.03,1.23,0.0,0.1,0.0,0.0,0.0,0.0,-0.0006016811268490815,-0.0003047309821218627
1770339095.0257866,1.2,0.0,0.03,1.23,0.0,0.1,0.0,0.0,0.0,0.0,-0.00014553138694002504,-0.00011838066746091818
1770339095.434734,1.2,0.0,0.03,1.23,0.0,0.1,0.0,0.0,0.0,0.0,0.0005135515688859341,-0.000322684080025563
1770339095.8529723,1.2,0.0,0.03,1.23,0.0,0.1,0.0,0.0,0.0,0.0,0.003299340330003646,-0.0019282490411135942
1770339096.2600403,1.2,0.0,0.03,1.23,0.0,0.1,0.0,0.0,0.0,0.0,-0.0006203042020446353,-0.0007021165542271458
1770339096.6750143,1.2,0.0,0.03,1.23,0.0,0.1,0.0,0.0,0.0,0.0,-0.000619890393785696,-0.00030998657771874193
1770339097.1082654,1.2,0.0,0.03,1.23,0.0,0.1,0.0,0.0,0.0,0.0,-0.0012838684886689199,-0.0007083320538227823
1770339097.539839,1.2,0.0,0.03,1.23,0.0,0.1,0.0,0.0,0.0,0.0,-0.0007175280330847775,-0.000415398062100803
1770339097.948639,1.2,0.0,0.03,1.23,0.0,0.1,0.0,0.0,0.0,0.0,-0.0005322399471296081,-0.000284648782160321
1770339098.3603444,1.2,0.0,0.03,1.23,0.0,0.1,0.0,0.0,0.0,0.0,-0.0002545823002070026,-0.00015505691479576186
1770339098.7803075,1.2,0.0,0.03,1.23,0.0,0.1,0.0,0.0,0.0,0.0,6.157280956184906e-05,-6.24019157578097e-05
1770339099.197063,1.2,0.0,0.03,1.23,0.0,0.1,0.0,0.0,0.0,0.0,0.0002583706654217601,-0.00014886511829687114
1770339099.6100295,1.2,0.0,0.03,1.23,0.0,0.1,0.0,0.0,0.0,0.0,5.460841631390706e-05,-4.768043306773883e-05
1770339100.0206735,1.2,0.0,0.03,1.23,0.0,0.1,0.0,0.0,0.0,0.0,-0.000819365851625989,-0.0004970803526069841
1770339100.4341514,1.2,0.0,0.03,1.23,0.0,0.1,0.0,0.0,0.0,0.0,-0.0003662974733301385,-0.0002284555744946543
1770339100.8410552,1.2,0.0,0.03,1.23,0.0,0.1,0.0,0.0,0.0,0.0,-0.0005978306774126216,-0.0003220686591145591
1770339101.2565496,1.2,0.0,0.03,1.23,0.0,0.1,0.0,0.0,0.0,0.0,-0.00024308232832346118,-0.00015701599907064662
1770339101.663613,1.2,0.0,0.03,1.23,0.0,0.1,0.0,0.0,0.0,0.0,0.0009182609188113095,-0.0005752647841191318
1770339102.0707693,1.2,0.0,0.03,1.23,0.0,0.1,0.0,0.0,0.0,0.0,0.00018211801538722393,-0.00016467329803602053
1770339102.4764569,1.2,0.0,0.03,1.23,0.0,0.1,0.0,0.0,0.0,0.0,0.0004192898573828358,-0.00023336211289097907
1770339102.883126,1.2,0.0,0.03,1.23,0.0,0.1,0.0,0.0,0.0,0.0,-0.00046416059505626075,-0.00032042534277204
1770339103.2913227,1.2,0.0,0.03,1.23,0.0,0.1,0.0,0.0,0.0,0.0,-0.001334948823727086,-0.0007545532347306255
1770339103.7009947,1.2,0.0,0.03,1.23,0.0,0.1,0.0,0.0,0.0,0.0,-0.0010773899987341548,-0.0005644508818663705
1770339104.1137471,1.2,0.0,0.03,1.23,0.0,0.1,0.0,0.0,0.0,0.0,-0.00046458340071143194,-0.00029357236015798826
1770339104.5249975,1.2,0.0,0.03,1.23,0.0,0.1,0.0,0.0,0.0,0.0,-0.00037358375973706946,-0.000195891843965971
1770339104.9457695,1.2,0.0,0.03,1.23,0.0,0.1,0.0,0.0,0.0,0.0,-0.0001223365887312021,-8.629301146618779e-05
1770339105.367495,1.2,0.0,0.03,1.23,0.0,0.1,0.0,0.0,0.0,0.0,-0.0005391187088684314,-0.00031123756644793865
1770339105.7734933,1.2,0.0,0.03,1.23,0.0,0.1,0.0,0.0,0.0,0.0,-0.0029449692113843275,-0.0017130696559437535
1770339106.1792743,1.2,0.0,0.03,1.23,0.0,0.1,0.0,0.0,0.0,0.0,-0.002479405854206941,-0.0012862592628212091
1770339106.59746,1.2,0.0,0.03,1.23,0.0,0.1,0.0,0.0,0.0,0.0,-0.00023149229032514497,-0.0003405375015507521
1770339107.0360208,1.2,0.0,0.03,1.23,0.0,0.1,0.0,0.0,0.0,0.0,-0.0007722448112017074,-0.00044019765768850996
1770339107.4475336,1.2,0.0,0.03,1.23,0.0,0.1,0.0,0.0,0.0,0.0,-8.759564610374539e-05,-0.00011226273956166891
1770339107.8585935,1.2,0.0,0.03,1.23,0.0,0.1,0.0,0.0,0.0,0.0,0.0004950071190246836,-0.00030576383602518465
1770339108.2855325,1.2,0.0,0.03,1.23,0.0,0.1,0.0,0.0,0.0,0.0,0.0010474605679701504,-0.0005789756288796219
1770339108.7100775,1.2,0.0,0.03,1.23,0.0,0.1,0.0,0.0,0.0,0.0,-0.00029197634834833455,-0.0002799318658060158
1770339109.142306,1.2,0.0,0.03,1.23,0.0,0.1,0.0,0.0,0.0,0.0,-0.0005049873056646808,-0.000273794748563975
1770339109.5526335,1.2,0.0,0.03,1.23,0.0,0.1,0.0,0.0,0.0,0.0,-0.0005272106992097286,-0.0002658276889593691
1770339109.984093,1.2,0.0,0.03,1.23,0.0,0.1,0.0,0.0,0.0,0.0,-0.0004874068478908143,-0.0002476838090772986
1770339110.4117203,1.2,0.0,0.03,1.23,0.0,0.1,0.0,0.0,0.0,0.0,-0.0008363549173367777,-0.00045307226561298517
1770339110.8296242,1.2,0.0,0.03,1.23,0.0,0.1,0.0,0.0,0.0,0.0,-0.00037780945875738907,-0.0002347592752366334
1770339111.2477446,1.2,0.0,0.03,1.23,0.0,0.1,0.0,0.0,0.0,0.0,-0.0002445420894292529,-0.00013559778164744007
1770339111.6654227,1.2,0.0,0.03,1.23,0.0,0.1,0.0,0.0,0.0,0.0,0.00013220313443072836,-0.0001037760896013623
1770339112.0825963,1.2,0.0,0.03,1.23,0.0,0.1,0.0,0.0,0.0,0.0,0.0005192845000622684,-0.00029835038659428817
1770339112.4909601,1.2,0.0,0.03,1.23,0.0,0.1,0.0,0.0,0.0,0.0,0.0003384598711328999,-0.0001873123984593868
1770339112.9139755,1.2,0.0,0.03,1.23,0.0,0.1,0.0,0.0,0.0,0.0,0.00020683560438418842,-0.00011658022886696536
1770339113.3324227,1.2,0.0,0.03,1.23,0.0,0.1,0.0,0.0,0.0,0.0,0.00013336192281769457,-7.402832956549667e-05
1770339113.7521386,1.2,0.0,0.03,1.23,0.0,0.1,0.0,0.0,0.0,0.0,-0.0003912701646507484,-0.0002480982910722185
1770339114.1692038,1.2,0.0,0.03,1.23,0.0,0.1,0.0,0.0,0.0,0.0,-0.0008015052847687445,-0.00044177615439617185
1770339114.5925817,1.2,0.0,0.03,1.23,0.0,0.1,0.0,0.0,0.0,0.0,-0.000466666762380544,-0.00026681723342909206
1770339115.004778,1.2,0.0,0.03,1.23,0.0,0.1,0.0,0.0,0.0,0.0,-0.0005092161382897462,-0.00025886300673579337
1770339115.41661,1.2,0.0,0.03,1.23,0.0,0.1,0.0,0.0,0.0,0.0,0.0003998369910781701,-0.0002908238084758767
1770339115.8317177,1.2,0.0,0.03,1.23,0.0,0.1,0.0,0.0,0.0,0.0,-0.00022237478932049363,-0.0001734085727001132
1770339116.2501054,1.2,0.0,0.03,1.23,0.0,0.1,0.0,0.0,0.0,0.0,-0.00025370911999095594,-0.0001299879930625242
1770339116.6598575,1.2,0.0,0.03,1.23,0.0,0.1,0.0,0.0,0.0,0.0,0.0002398239745209259,-0.00016926529671165114
1770339117.0815892,1.2,0.0,0.03,1.23,0.0,0.1,0.0,0.0,0.0,0.0,-0.0009013079568453587,-0.0005647671715593078
1770339117.4925036,1.2,0.0,0.03,1.23,0.0,0.1,0.0,0.0,0.0,0.0,3.2017128292808264e-05,-0.00010934107266022083
1770339117.9060216,1.2,0.0,0.03,1.23,0.0,0.1,0.0,0.0,0.0,0.0,-0.0004359108009584164,-0.00026474819340433067
1770339118.3204546,1.2,0.0,0.03,1.23,0.0,0.1,0.0,0.0,0.0,0.0,0.0003890102623550411,-0.00027699723750886627
1770339118.7357616,1.2,0.0,0.03,1.23,0.0,0.1,0.0,0.0,0.0,0.0,0.0007040145821490711,-0.00038350772305393855
1770339119.146402,1.2,0.0,0.03,1.23,0.0,0.1,0.0,0.5,0.21875,0.0,0.0019318674550300543,-0.10853185155977307
1770339119.5590208,1.2,0.0,0.03,1.23,0.0,0.09993212684571744,0.0,0.5,0.4110107421875,0.00029108567993867216,0.0696846891560497,-0.1777293943657658
1770339119.9808311,1.2,0.0,0.03,1.230185002577305,0.0,0.09982906001389028,0.0,0.5,0.45,-0.004273109880772891,0.12719982268001978,-0.17142471189316003
1770339120.424363,1.2,0.0,0.03,1.2303749479508401,0.0,0.09972513940274716,0.25,0.13139595749522598,0.24088941750953152,0.15402820441531243,0.13603110786719902,-0.14928407892457174
1770339120.8460767,1.200233846182823,0.0,0.029916495602130888,1.2305720591139795,0.0,0.09963758000373842,0.25,0.13904005073792605,0.16062213691516597,0.25320335304885194,0.12350532685640231,-0.023014336179313442
1770339121.2617083,1.2005483411335944,0.0,0.029916495602130888,1.2305720591139795,0.0,0.09956898225069047,0.0,0.5,0.3550351559657604,0.2030684213049184,0.12316670859308901,-0.3190365068175854
1770339121.6721191,1.2005483411335944,0.0,0.029916495602130888,1.2305720591139795,0.0,0.09948987138092519,0.25,0.184079261227799,0.3170612310708758,0.025829565022018067,0.1513273890220013,-0.30985342404531047
1770339122.0857012,1.2005483411335944,0.0,0.029794063671827315,1.2309505042147637,0.0,0.09938833765685559,0.25,0.18630707850115363,0.22627762001034796,0.21368084067802504,0.1378983643742893,-0.0818516896047755
1770339122.5258799,1.2008572306430338,0.0,0.029729171063303948,1.2309505042147637,0.0,0.099304880181551,0.0,0.5,0.37796508703780185,0.22206997090201475,0.1427634835642567,-0.34015728455778405
1770339122.9525588,1.2008572306430338,0.0,0.029729171063303948,1.2309505042147637,0.0,0.0992240510994196,0.25,0.12691404033811984,0.299190063110848,0.01506437722034262,0.15930508233864707,-0.3065322730431969
1770339123.3672998,1.2008572306430338,0.0,0.029612724278569223,1.2313384738612176,0.0,0.09912822480499746,0.25,0.13816666026189411,0.18373062534090284,0.23039333162762798,0.15648435742566189,-0.03351187482129101
1770339123.7961206,1.2011099294936656,0.0,0.029612724278569223,1.2313384738612176,0.0,0.0990587226432562,0.0,0.5,0.3621491220453943,0.16318827783395362,0.16063392911615545,-0.2643608314676224
1770339124.2122855,1.2011099294936656,0.0,0.029612724278569223,1.2313384738612176,0.0,0.09898187389492989,0.25,0.13915792507564728,0.36617260191608736,0.006777108490800241,0.1992914845797625,-0.3305292057237229
1770339124.6339412,1.2011099294936656,0.0,0.029495897296071053,1.2317407727694514,0.0,0.09887673247098923,0.25,0.13087455802870757,0.1838572126268176,0.22014764854674973,0.19017258530023584,-0.03392192771791206
1770339125.0493214,1.201290305228233,0.0,0.029495897296071053,1.2317407727694514,0.0,0.09881273870289325,0.0,0.5,0.39997044618270405,0.13610874130892864,0.20777016427505768,-0.233968640160234
1770339125.4707081,1.201290305228233,0.0,0.029495897296071053,1.2317407727694514,0.0,0.09873319305777549,0.25,0.12918807531984008,0.30655000682856615,0.005293180145766749,0.22677285391890198,-0.2864956652734498
1770339125.8844812,1.201290305228233,0.0,0.02940609391272068,1.2321312764811518,0.0,0.09864648812472819,0.25,0.12479763081106299,0.18317976806784686,0.22607064560789297,0.2692730142544629,-0.07122599351897112
1770339126.3002563,1.201290305228233,0.0,0.02940609391272068,1.2321312764811518,0.0,0.09859635897934435,0.25,0.12479763081106299,0.18317976806784686,0.04254302133976838,0.1987438565093118,-0.2222919386554792
1770339126.720538,1.201290305228233,0.0,0.029344514803290367,1.2324535204410556,0.0,0.09853581076622007,0.25,0.12479763081106299,0.18317976806784686,-0.0030335615237969,0.15708408187471326,-0.2702473820838236
1770339127.1595268,1.2011544536375998,0.0,0.02925417392671108,1.2328437582063678,0.0,0.09846938103199003,0.25,0.12479763081106299,0.18317976806784686,-0.004843578337795758,0.12321432033488738,-0.2882132783582581
1770339127.5813046,1.2011544536375998,0.0,0.029147924718260762,1.2332421258544926,0.0,0.09839740146934985,0.25,0.12479763081106299,0.18317976806784686,-0.003052101710432098,0.09951770077387682,-0.29725279731351817
1770339128.002592,1.2011544536375998,0.0,0.029031269944310184,1.2336418227195742,0.0,0.09832153440415857,0.25,0.12479763081106299,0.18317976806784686,-0.0023277955656476994,0.07665319089560375,-0.3078775351395966
1770339128.4164853,1.2011544536375998,0.0,0.028904531502127642,1.234043695778847,0.0,0.09824202784419057,0.25,0.12479763081106299,0.18317976806784686,-0.0018065128379185621,0.061237124704918176,-0.31431944113845145
1770339128.82752,1.2011544536375998,0.0,0.028771086078286167,1.2344467881059649,0.0,0.0981601133096218,0.25,0.12479763081106299,0.18317976806784686,-0.001400921323641527,0.04851918460730401,-0.32000300706367435
1770339129.2503116,1.2011544536375998,0.0,0.028632159270644185,1.2348507920837404,0.0,0.09807624291360377,0.25,0.12479763081106299,0.18317976806784686,-0.0010591911206184555,0.037677348474651526,-0.32489458453048137
1770339129.669098,1.2011544536375998,0.0,0.02848860097467899,1.2352554901313784,0.0,0.09799072733104228,0.25,0.12479763081106299,0.18317976806784686,-0.0008068595490110603,0.03050002996697084,-0.3278644604502171
1770339130.0820138,1.2011544536375998,0.0,0.02834200300633907,1.2356605709409716,0.0,0.09790413319468497,0.25,0.12479763081106299,0.18317976806784686,-0.0006122696547405514,0.023344191295979998,-0.33124564190777306
1770339130.5015874,1.2011544536375998,0.0,0.028192382928729054,1.2360660688447955,0.0,0.09781647481679914,0.25,0.12479763081106299,0.18317976806784686,-0.000487786025879211,0.01833993282527496,-0.33340812949423565
1770339130.913708,1.2011544536375998,0.0,0.028040658389925952,1.2364718519210818,0.0,0.09772807808041571,0.25,0.12479763081106299,0.18317976806784686,-0.00035872428180942046,0.01417197885475752,-0.33527941428540586
1770339131.3242888,1.2011544536375998,0.0,0.027887192228436466,1.2368778284168245,0.0,0.09763906908690928,0.25,0.12479763081106299,0.18317976806784686,-0.0002866487390720755,0.010585565357157546,-0.33694239144417676
1770339131.7390585,1.2011544536375998,0.0,0.02773222622931003,1.2372840097475053,0.0,0.09754953709483145,0.25,0.12479763081106299,0.18317976806784686,-0.0002227692175141895,0.008622229037625329,-0.33769787236457816
1770339132.164275,1.2011544536375998,0.0,0.02757644511759281,1.2376902696132661,0.0,0.09745971901297568,0.25,0.12479763081106299,0.18317976806784686,-0.00016344940581737046,0.006530641488048452,-0.3386971714506743
1770339132.6195762,1.2011544536375998,0.0,0.027419795849919316,1.2380966210174562,0.0,0.09736959726214407,0.25,0.12479763081106299,0.18317976806784686,-0.00012376095058801872,0.005044913154312702,-0.3393397612407286
1770339133.0359762,1.2011544536375998,0.0,0.027262530478835104,1.2385030386400224,0.0,0.09727926034450529,0.25,0.12479763081106299,0.18317976806784686,-9.901258066835982e-05,0.0041015109239618255,-0.33973248137564593
1770339133.4493835,1.2011544536375998,0.0,0.02710487430989742,1.2389094982337954,0.0,0.09718878704190252,0.25,0.12479763081106299,0.18317976806784686,-7.51970594024897e-05,0.00368840422856095,-0.33986218964858556
1770339133.858834,1.2011544536375998,0.0,0.026947049183249472,1.2393159598445895,0.0,0.09709825365781782,0.25,0.12479763081106299,0.18317976806784686,-5.8368442692167606e-05,0.0028999841310141518,-0.34027710242086323
1770339134.276378,1.2011544536375998,0.0,0.026788897181153296,1.2397224605512622,0.0,0.09700760662317275,0.25,0.12479763081106299,0.18317976806784686,-4.526995871606231e-05,0.002309390826356566,-0.3405395179099269
1770339134.693653,1.2011544536375998,0.0,0.02663050059378147,1.2401289896249774,0.0,0.09691687450885772,0.25,0.12479763081106299,0.18317976806784686,-3.426206391175483e-05,0.0010302574442708704,-0.3412369307139083
1770339135.1188877,1.2011544536375998,0.0,0.026471571813225746,1.2405356004953387,0.0,0.0968259589099884,0.25,0.12479763081106299,0.18317976806784686,-2.5874829247180177e-05,0.00036438476180183433,-0.3415001537505166
1770339135.536293,1.2011544536375998,0.0,0.02631236670076847,1.240942250247002,0.0,0.0967349478137493,0.25,0.12479763081106299,0.18317976806784686,-2.0046187072438514e-05,0.0007554934160353763,-0.3412712943784016
1770339135.960673,1.2011544536375998,0.0,0.0261533255892992,1.241348863949776,0.0,0.09664399245381354,0.25,0.12479763081106299,0.18317976806784686,-1.5195854812417677e-05,0.00045499196199581685,-0.3414076340531419
1770339136.380476,1.2011544536375998,0.0,0.02599415993750095,1.241755493960381,0.0,0.09655299395322799,0.25,0.12479763081106299,0.18317976806784686,-1.186104881457949e-05,-6.174741801544069e-05,-0.3416842927297469
1770339136.800999,1.2011544536375998,0.0,0.02583477941930294,1.2421621577453617,0.0,0.09646192153096197,0.25,0.12479763081106299,0.18317976806784686,-8.995296802923328e-06,0.0008190772644615655,-0.3412774231667433
1770339137.2141078,1.2011544536375998,0.0,0.025675766631960868,1.2425687533378604,0.0,0.09637097488284109,0.25,0.12479763081106299,0.18317976806784686,-6.977806441764376e-06,0.0005452269415856361,-0.34135163340186
1770339137.6336763,1.2011544536375998,0.0,0.025516639947295187,1.2429753666543963,0.0,0.09627998903155324,0.25,0.12479763081106299,0.18317976806784686,-5.200037832200687e-06,-0.0003216219426570954,-0.34184257993150846
1770339138.0518434,1.2011544536375998,0.0,0.025357152248024938,1.2433820414686205,0.0,0.09618887925148008,0.25,0.12479763081106299,0.18317976806784686,-3.9449918884005514e-06,0.0005608487239762249,-0.34140165173048703
1770339138.4713347,1.2011544536375998,0.0,0.025198032580018043,1.243788649978638,0.0,0.09609789552450178,0.25,0.12479763081106299,0.18317976806784686,-3.795331004416765e-06,-0.0006781146271981212,-0.34205663301364436
1770339138.8819215,1.2011544536375998,0.0,0.025038396618962285,1.2441953490400317,0.0,0.09600673482537267,0.25,0.12479763081106299,0.18317976806784686,-2.3155880934883893e-06,3.0640842485626745e-05,-0.3416477547477425
1770339139.292329,1.2011544536375998,0.0,0.02487905616223812,1.2446019943714144,0.0,0.09591567527770993,0.25,0.12479763081106299,0.18317976806784686,-1.797376102801391e-06,6.097192665895738e-05,-0.34156422855511404
1770339139.709317,1.2011544536375998,0.0,0.02471972845137119,1.2450086369132998,0.0,0.09582462003231046,0.25,0.12479763081106299,0.18317976806784686,-1.3955848026759985e-06,0.00032848867678840206,-0.34145378695534484
1770339140.1270537,1.2011544536375998,0.0,0.024560512320399283,1.2454152593278887,0.0,0.09573360301375386,0.25,0.12479763081106299,0.18317976806784686,-1.0552485731628056e-06,0.00043020936757449707,-0.34138600666778796
1770339140.5483491,1.2011544536375998,0.0,0.024401338654160498,1.245821873931885,0.0,0.0956426005220413,0.25,0.12479763081106299,0.18317976806784686,-8.187000773889746e-07,0.0001550977806128987,-0.34154066500239055
1770339140.9736636,1.2011544536375998,0.0,0.024242050307393074,1.246228508319855,0.0,0.09555155870914456,0.25,0.12479763081106299,0.18317976806784686,-6.190200765719277e-07,8.87302703326917e-05,-0.3415527746698617
1770339141.3891363,1.2011544536375998,0.0,0.024082734366059302,1.2466351475143436,0.0,0.09546050739049908,0.25,0.12479763081106299,0.18317976806784686,-4.816854560281794e-07,-0.0006225929772893763,-0.34197279453278634
1770339141.815657,1.2011544536375998,0.0,0.023923122072815894,1.2470418385076525,0.0,0.09536935451269146,0.25,0.12479763081106299,0.18317976806784686,-3.6471467674990607e-07,-0.0006278652076363526,-0.341904708575453
1770339142.2365112,1.2011544536375998,0.0,0.023763507612347603,1.2474485298013689,0.0,0.09527820088386532,0.25,0.12479763081106299,0.18317976806784686,-2.753691831326812e-07,-0.000327852877477012,-0.341784087074861
1770339142.6569257,1.2011544536375998,0.0,0.02360401813209057,1.2478551990365985,0.0,0.0951870900738239,0.25,0.12479763081106299,0.18317976806784686,-2.1391569191206828e-07,-0.00019908593822479044,-0.341702517612653
1770339143.0693274,1.2011544536375998,0.0,0.02344458232820034,1.248261858787537,0.0,0.09509599765300747,0.25,0.12479763081106299,0.18317976806784686,-2.1022307553695004e-07,-0.00023337782004446812,-0.34171021235520316
1770339143.4858167,1.2011544536375998,0.0,0.023285132158398628,1.24866852098465,0.0,0.09500490031838413,0.25,0.12479763081106299,0.18317976806784686,-1.2871760249040104e-07,-0.00044437736195727094,-0.3418333013866958
1770339143.9089866,1.2011544536375998,0.0,0.02312559414088726,1.2490751985454562,0.0,0.09491377288937565,0.25,0.12479763081106299,0.18317976806784686,-9.760788224421177e-08,-0.0005893236732905222,-0.3418991381095843
1770339144.3257658,1.2011544536375998,0.0,0.022965995752215383,1.249481886620522,0.0,0.0948226247322559,0.25,0.12479763081106299,0.18317976806784686,-7.389297872929997e-08,-0.0002604429343502785,-0.3417530674679713
1770339144.7371945,1.2011544536375998,0.0,0.022806534392237662,1.2498885507488255,0.0,0.09473152353525159,0.25,0.12479763081106299,0.18317976806784686,-5.7295506661379856e-08,-0.00013258970229860107,-0.34166902150378453
1770339145.163125,1.2011544536375998,0.0,0.022647126258015633,1.250295205392838,0.0,0.09464044060945508,0.25,0.12479763081106299,0.18317976806784686,-4.336870338212391e-08,-1.1042814962650214e-05,-0.3416076034988418
1770339145.5977075,1.2011544536375998,0.0,0.022487768806815148,1.2507018511962895,0.0,0.09454937505364415,0.25,0.12479763081106299,0.18317976806784686,-3.277037297789042e-08,-9.746105773199244e-05,-0.34164728915743936
1770339146.0083532,1.2011544536375998,0.0,0.02232837533891201,1.2511085033082967,0.0,0.09445829714894291,0.25,0.12479763081106299,0.18317976806784686,-2.5469224675608245e-08,0.0003198052946040236,-0.34147173349107973
1770339146.4220495,1.2011544536375998,0.0,0.022169155796170237,1.2515151248645788,0.0,0.09436727884292599,0.25,0.12479763081106299,0.18317976806784686,-1.9761486039270793e-08,-0.00032361198429966246,-0.3418160515154497
1770339146.8406494,1.2011544536375998,0.0,0.022009668096899988,1.2519217934131628,0.0,0.09427616863369938,0.25,0.12479763081106299,0.18317976806784686,-1.4953311253297353e-08,-0.0004502101589910878,-0.34182766388419933
1770339147.2548087,1.2011544536375998,0.0,0.021850127665400506,1.252328471231461,0.0,0.09418504033565517,0.25,0.12479763081106299,0.18317976806784686,-1.1615341256149994e-08,-0.0009937663634826523,-0.34214113445145516
1770339147.6812353,1.2011544536375998,0.0,0.021690360866189005,1.2527351885747915,0.0,0.09409383445739741,0.25,0.12479763081106299,0.18317976806784686,-9.013653999535703e-09,-0.0008113943981220978,-0.34201382744317455
1770339148.1344357,1.2011544536375998,0.0,0.021530669952034953,1.2531418927001958,0.0,0.09400265460729594,0.25,0.12479763081106299,0.18317976806784686,-6.771442231115009e-09,-0.0006589128608548105,-0.3419345953895198
1770339148.5468543,1.2011544536375998,0.0,0.021371042552590373,1.253548585710526,0.0,0.09391149653673167,0.25,0.12479763081106299,0.18317976806784686,-5.159294573785079e-09,-0.0003949565497855372,-0.3418137630992176
1770339148.9656806,1.2011544536375998,0.0,0.02121152513444424,1.2539552595376973,0.0,0.09382037612438197,0.25,0.12479763081106299,0.18317976806784686,-3.911061007501846e-09,0.00021986107142285023,-0.3415414391713939
1770339149.3978772,1.2011544536375998,0.0,0.021052263899445537,1.2543618884325032,0.0,0.09372934354901309,0.25,0.12479763081106299,0.18317976806784686,-2.9189384109890876e-09,-0.0002889136457147632,-0.341785221247433
1770339149.8159742,1.2011544536375998,0.0,0.020892790641188624,1.2547685544061664,0.0,0.09363823829650875,0.25,0.12479763081106299,0.18317976806784686,-2.293031233051676e-09,0.00016794862856397036,-0.34155159824010056
1770339150.2387822,1.2011544536375998,0.0,0.020733507776856425,1.2551751869487766,0.0,0.09354719830751415,0.25,0.12479763081106299,0.18317976806784686,-2.0874381362180454e-09,0.0002461419611431213,-0.3414746344740479
1770339150.6625688,1.2011544536375998,0.0,0.020601476377022268,1.255581813783646,0.0,0.09345616947650906,0.25,0.12479763081106299,0.18317976806784686,-1.6205550998117593e-09,0.0006587033805289199,-0.34130179010615264
1770339151.080112,1.2011544536375998,0.0,0.02049321062915826,1.255988410277367,0.0,0.09336519961118694,0.25,0.12479763081106299,0.18317976806784686,-1.0194640049082713e-09,2.2156237089922845e-05,-0.3416424616491864
1770339151.521283,1.2011544536375998,0.0,0.020404432715909776,1.2563950535058979,0.0,0.09327413877606389,0.25,0.12479763081106299,0.18317976806784686,-7.925651456590998e-10,-0.00020192205985723703,-0.3417132536861119
1770339151.9352922,1.2011544536375998,0.0,0.020331634827046016,1.2568017131710056,0.0,0.09318304593682286,0.25,0.12479763081106299,0.18317976806784686,-5.979957979782983e-10,0.00024874294921113,-0.3415105796582205
1770339152.3464305,1.2011544536375998,0.0,0.020271940558177732,1.2572083398342138,0.0,0.09309201748132703,0.25,0.12479763081106299,0.18317976806784686,-4.649144317131107e-10,-0.0003046019287298472,-0.3417975199509969
1770339152.7774343,1.2011544536375998,0.0,0.02022299125770574,1.2576150070095067,0.0,0.09300090998649595,0.25,0.12479763081106299,0.18317976806784686,-3.517585701992386e-10,-0.0009850893470296973,-0.3421504778010268
1770339153.1975112,1.2011544536375998,0.0,0.02018285283131871,1.258021723709107,0.0,0.09290970535278317,0.25,0.12479763081106299,0.18317976806784686,-2.66324549899219e-10,-0.0007459920870397842,-0.34198679006976684
1770339153.610063,1.2011544536375998,0.0,0.020149939321681343,1.2584284231138234,0.0,0.09281853484749791,0.25,0.12479763081106299,0.18317976806784686,-2.066628240542783e-10,-0.0008073088492607468,-0.3419996703414387
1770339154.0464723,1.2011544536375998,0.0,0.020122950243778703,1.2588351269817357,0.0,0.09272735557675359,0.25,0.12479763081106299,0.18317976806784686,-1.8786899230765608e-10,-0.0006367348651667314,-0.3419253090527852
1770339154.4629486,1.2011544536375998,0.0,0.020100819199898538,1.2592418184041982,0.0,0.09263620064973828,0.25,0.12479763081106299,0.18317976806784686,-1.2164184553522727e-10,-0.00031907777854901754,-0.34178118875350155
1770339154.8806255,1.2011544536375998,0.0,0.0200826717439168,1.2596484866094595,0.0,0.09254509108424183,0.25,0.12479763081106299,0.18317976806784686,-9.186662874337324e-11,-0.00044442766896061656,-0.3418246329493115
1770339155.304797,1.2011544536375998,0.0,0.020067790830011777,1.2600551640415196,0.0,0.092453963612318,0.25,0.12479763081106299,0.18317976806784686,-8.577723219978412e-11,1.6922576265374285e-05,-0.34162755785609056
1770339155.7182221,1.2011544536375998,0.0,0.020055588480609655,1.260461807699204,0.0,0.09236290204763409,0.25,0.12479763081106299,0.18317976806784686,-5.406131978886511e-11,-0.00015911552603316167,-0.3416870456612312
1770339156.1460726,1.2011544536375998,0.0,0.020045582554099918,1.260868464274407,0.0,0.09227181531310077,0.25,0.12479763081106299,0.18317976806784686,-4.206142887484999e-11,-0.00036243816729451654,-0.3417914354237582
1770339156.5624192,1.2011544536375998,0.0,0.02003737769436193,1.2612751356983192,0.0,0.09218069955706593,0.25,0.12479763081106299,0.18317976806784686,-3.2478388616797874e-11,0.00026403093386918533,-0.3415205155095836
1770339156.9811757,1.2011544536375998,0.0,0.020030649709376784,1.2616817612886435,0.0,0.09208967327952382,0.25,0.12479763081106299,0.18317976806784686,-2.482116099406852e-11,0.0001745887289651423,-0.3415115339147524
1770339157.397735,1.2011544536375998,0.0,0.020025132761688963,1.2620883933591849,0.0,0.09199863422393796,0.25,0.12479763081106299,0.18317976806784686,-1.8551369176730927e-11,-0.0001676128271310178,-0.34170791062164996
1770339157.8256934,1.2011544536375998,0.0,0.02002060886458495,1.262495050578118,0.0,0.09190754629850385,0.25,0.12479763081106299,0.18317976806784686,-1.4436923442882673e-11,0.00016915715021020709,-0.3415389824709893
1770339158.2401218,1.2011544536375998,0.0,0.02001689926895966,1.2629016830348976,0.0,0.09181650645971295,0.25,0.12479763081106299,0.18317976806784686,-1.094485504787699e-11,-0.0003976247752991314,-0.3418453746250688
1770339158.6586633,1.2011544536375998,0.0,0.02001385740054692,1.263308357119561,0.0,0.091725385671854,0.25,0.12479763081106299,0.18317976806784686,-8.483915481042973e-12,0.00033557369612630523,-0.3414954170414868
1770339159.08775,1.2011544536375998,0.0,0.020011363068448477,1.263714977431298,0.0,0.09163436962962149,0.25,0.12479763081106299,0.18317976806784686,-6.522290257438459e-12,0.0006399928792276779,-0.341300329519142
1770339159.5041246,1.2011544536375998,0.0,0.02000931771612775,1.2641215752553947,0.0,0.09154339710354803,0.25,0.12479763081106299,0.18317976806784686,-4.983739599097126e-12,0.00016587104416488553,-0.341554360700331
1770339159.9176912,1.2011544536375998,0.0,0.020007640527224754,1.2645282079267508,0.0,0.09145235680341719,0.25,0.12479763081106299,0.18317976806784686,-3.832565842495086e-12,0.0005493752384446438,-0.3413535468379616
1770339160.350646,1.2011544536375998,0.0,0.020006265232324297,1.2649348124027258,0.0,0.09136137131690977,0.25,0.12479763081106299,0.18317976806784686,-2.963070328804329e-12,-0.00017377049826438804,-0.3417490838596896
1770339160.7758615,1.2011544536375998,0.0,0.020005137490505923,1.2653414699649816,0.0,0.09127028252243993,0.25,0.12479763081106299,0.18317976806784686,-2.25538222850787e-12,0.00037335157926906843,-0.34145792045429757
1770339161.1994987,1.2011544536375998,0.0,0.020004212742214856,1.2657480874013907,0.0,0.09117927186608313,0.25,0.12479763081106299,0.18317976806784686,-1.6760513288859106e-12,0.0001026805728236826,-0.34156561084983217
1770339161.6139617,1.2011544536375998,0.0,0.020003454448616183,1.2661547247505194,0.0,0.09108822254300115,0.25,0.12479763081106299,0.18317976806784686,-1.3253707735988864e-12,-0.000324995730115433,-0.3417951495306005
1770339162.0282338,1.2011544536375998,0.0,0.02000283264786527,1.2665613932991033,0.0,0.09099711211919782,0.25,0.12479763081106299,0.18317976806784686,-1.0295457255943625e-12,0.00037068484551158504,-0.3414741096697599
1770339162.4491665,1.2011544536375998,0.0,0.020002322771249522,1.2669680110359198,0.0,0.09090610108733174,0.25,0.12479763081106299,0.18317976806784686,-7.796337928814502e-13,-0.0006607331490298659,-0.3420233924086722
1770339162.860718,1.2011544536375998,0.0,0.020001904672424606,1.267374704303742,0.0,0.09081494273781773,0.25,0.12479763081106299,0.18317976806784686,-6.055257330794678e-13,-8.347414510828882e-05,-0.3416893470074753
1770339163.283214,1.2011544536375998,0.0,0.020001561831388178,1.2677813552141195,0.0,0.09072386680722233,0.25,0.12479763081106299,0.18317976806784686,-4.584572469536554e-13,0.00044383628925003774,-0.3414206969331927
1770339163.6986413,1.2011544536375998,0.0,0.020001280701738306,1.2681879674577718,0.0,0.09063286621451375,0.25,0.12479763081106299,0.18317976806784686,-3.5372479497899594e-13,0.00025609901842053244,-0.3414806082521499
1770339164.1191213,1.2011544536375998,0.0,0.02000105017542541,1.2685945935630805,0.0,0.09054183882117268,0.25,0.12479763081106299,0.18317976806784686,-2.643829663237929e-13,-0.00027049644540690234,-0.341777791803274
1770339164.5456154,1.2011544536375998,0.0,0.020000861143848837,1.269001258206368,0.0,0.09045073621869085,0.25,0.12479763081106299,0.18317976806784686,-2.092123424668211e-13,-0.000381540427353707,-0.3417917586460042
1770339164.961651,1.2011544536375998,0.0,0.020000706137956046,1.269407931003571,0.0,0.0903596177589893,0.25,0.12479763081106299,0.18317976806784686,-1.5768126007387827e-13,-0.000928401518702225,-0.3421087709025671
1770339165.3873901,1.2011544536375998,0.0,0.02000057903312396,1.2698146436262137,0.0,0.09026842122554776,0.25,0.12479763081106299,0.18317976806784686,-1.2331858945512525e-13,-0.0006300361845657714,-0.34193473865974333
1770339165.8115742,1.2011544536375998,0.0,0.020000474807161647,1.2702213345766074,0.0,0.0901772672641277,0.25,0.12479763081106299,0.18317976806784686,-9.35297886375071e-14,-0.00032015665859001124,-0.34178095031590955
1770339166.2308557,1.2011544536375998,0.0,0.02000038934187255,1.2706280028247838,0.0,0.09008615754842755,0.25,0.12479763081106299,0.18317976806784686,-7.058394108156998e-14,0.00043920744666814133,-0.3414462167211858
1770339166.6445975,1.2011544536375998,0.0,0.020000319260335492,1.2710346154975896,0.0,0.0899951563119888,0.25,0.12479763081106299,0.18317976806784686,-5.33592238709389e-14,-0.0006502274446907753,-0.34202394124545804
1770339167.0726469,1.2011544536375998,0.0,0.020000261793475103,1.2714413079500202,0.0,0.08990399947524068,0.25,0.12479763081106299,0.18317976806784686,-4.278715630518724e-14,-0.0003385440621883665,-0.34179032440331064
1770339167.4853604,1.2011544536375998,0.0,0.020000214670649583,1.2718479777002338,0.0,0.08981288712024686,0.25,0.12479763081106299,0.18317976806784686,-3.131360042612671e-14,-0.00034477261896713983,-0.3417628931991162
1770339167.9048522,1.2011544536375998,0.0,0.02000017602993266,1.2722546478796009,0.0,0.08972177387475964,0.25,0.12479763081106299,0.18317976806784686,-2.43305663663381e-14,8.551718148496525e-05,-0.34159015442325047
1770339168.3268583,1.2011544536375998,0.0,0.02000014434454478,1.27266128651619,0.0,0.08963072208404538,0.25,0.12479763081106299,0.18317976806784686,-1.9185864357283653e-14,-0.00011909708044501629,-0.34166989400035813
1770339168.7468438,1.2011544536375998,0.0,0.020000118362526718,1.2730679401731495,0.0,0.08953964108943936,0.25,0.12479763081106299,0.18317976806784686,-1.438011673030829e-14,-0.0006341378710856509,-0.3419584570485447
1770339169.1608226,1.2011544536375998,0.0,0.020000097057271907,1.2734746313810352,0.0,0.08944848652720448,0.25,0.12479763081106299,0.18317976806784686,-1.1291222647373528e-14,-0.00036157544591181577,-0.34179792799940795
1770339169.6035676,1.2011544536375998,0.0,0.020000079586962965,1.2738813027191165,0.0,0.08935737088918683,0.25,0.12479763081106299,0.18317976806784686,-8.448842948055085e-15,-0.000448602141549712,-0.3418228877742705
1770339170.021015,1.2011544536375998,0.0,0.02000006526130963,1.2742879804944995,0.0,0.08926624281644818,0.25,0.12479763081106299,0.18317976806784686,-6.364912895826661e-15,-0.000460551290582416,-0.34182135459412427
1770339170.4486103,1.2011544536375998,0.0,0.020000053514273898,1.2746946591281894,0.0,0.08917511302709577,0.25,0.12479763081106299,0.18317976806784686,-4.8037457075901475e-15,-9.993416069818438e-05,-0.3416759128272658
1770339170.858329,1.2011544536375998,0.0,0.020000043881704597,1.2751013112831118,0.0,0.08908403477907179,0.25,0.12479763081106299,0.18317976806784686,-3.738067312613247e-15,-0.00010169891209173225,-0.34164090996511237
1770339171.2738583,1.2011544536375998,0.0,0.02000003598299777,1.2755079635667803,0.0,0.08899295627355573,0.25,0.12479763081106299,0.18317976806784686,-2.8280522855363795e-15,2.426330645156666e-05,-0.3415903486025548
1770339171.6886795,1.2011544536375998,0.0,0.02000002950605817,1.2759146067523959,0.0,0.08890189576029775,0.25,0.12479763081106299,0.18317976806784686,-2.194224006201229e-15,0.0005984866528326758,-0.34134806304214743
1770339172.1113756,1.2011544536375998,0.0,0.0200000241949677,1.2763212075805666,0.0,0.08881091730117795,0.25,0.12479763081106299,0.18317976806784686,-1.7019462057225154e-15,0.00023116476460382097,-0.3415110338404461
1770339172.5275664,1.2011544536375998,0.0,0.020000019839873515,1.2767278354883196,0.0,0.08871988632440564,0.25,0.12479763081106299,0.18317976806784686,-1.2891788436814722e-15,-0.00023645581589051167,-0.3417548739999194
1770339172.9443781,1.2011544536375998,0.0,0.020000016268696283,1.2771344976854326,0.0,0.0886287885713577,0.25,0.12479763081106299,0.18317976806784686,-9.998579040511534e-16,-0.0010621474484346733,-0.3422035269213962
1770339173.3584008,1.2011544536375998,0.0,0.02000001334033095,1.2775412201786043,0.0,0.08853757294058796,0.25,0.12479763081106299,0.18317976806784686,-7.546597100522812e-16,-0.0011244145567815226,-0.3421583180231496
1770339173.7852209,1.2011544536375998,0.0,0.020000010939071382,1.277947947049141,0.0,0.08844634842634198,0.25,0.12479763081106299,0.18317976806784686,-5.881277052591146e-16,-0.0011437975927374496,-0.3421637211338883
1770339174.216821,1.2011544536375998,0.0,0.020000008970038532,1.2783546753787995,0.0,0.08835512116551397,0.25,0.12479763081106299,0.18317976806784686,-4.443300133453097e-16,-0.0005382606844982203,-0.3419195680669969
1770339174.626741,1.2011544536375998,0.0,0.020000007355431598,1.2787613596343994,0.0,0.08826398029327391,0.25,0.12479763081106299,0.18317976806784686,-3.450643767158702e-16,-0.0007807582313376408,-0.3420045129042765
1770339175.046902,1.2011544536375998,0.0,0.02000000603145391,1.2791680615711212,0.0,0.08817280482053755,0.25,0.12479763081106299,0.18317976806784686,-2.6090994393499463e-16,-0.00019984956886349777,-0.34174789968460284
1770339175.4714139,1.2011544536375998,0.0,0.020000004945792207,1.2795747210645676,0.0,0.0880817122709751,0.25,0.12479763081106299,0.18317976806784686,-2.0202725986772102e-16,-8.260484880137964e-05,-0.34164291093033056
1770339175.8837726,1.2011544536375998,0.0,0.02000000405554961,1.2799813720178606,0.0,0.08799063647985457,0.25,0.12479763081106299,0.18317976806784686,-1.5335172618209335e-16,0.0007659031968870056,-0.3412917832400489
1770339176.3080418,1.2011544536375998,0.0,0.02000000332555068,1.2803879606151582,0.0,0.08789968194603918,0.25,0.12479763081106299,0.18317976806784686,-1.1882884374114697e-16,6.749445398637245e-05,-0.34162597768122044
1770339176.7202783,1.2011544536375998,0.0,0.020000002726951557,1.2807946005392077,0.0,0.08780862761259077,0.25,0.12479763081106299,0.18317976806784686,-9.03010598304993e-17,0.0011300760091303439,-0.34113110418487275
1770339177.1382551,1.2011544536375998,0.0,0.020000002236100278,1.2812011621856692,0.0,0.08771772518873212,0.25,0.12479763081106299,0.18317976806784686,-6.998770455240795e-17,-0.00022265529421509024,-0.3418364848113656
1770339177.5821242,1.2011544536375998,0.0,0.02000000183360223,1.2816078233957293,0.0,0.08762662938833235,0.25,0.12479763081106299,0.18317976806784686,-5.2823492111842176e-17,-0.0004972987334983376,-0.34186599774460097
1770339178.0136464,1.2011544536375998,0.0,0.020000001503553827,1.2820145047760012,0.0,0.08753549438476561,0.25,0.12479763081106299,0.18317976806784686,-4.005327881768757e-17,-0.0006034057863365091,-0.34190219763237556
1770339178.4290597,1.2011544536375998,0.0,0.02000000123291414,1.2824211938381198,0.0,0.08744434423208236,0.25,0.12479763081106299,0.18317976806784686,-3.107771258042365e-17,-0.0009729116899148734,-0.3421132904692388
1770339178.8429546,1.2011544536375998,0.0,0.020000001010989595,1.2828279097223285,0.0,0.0873531413257122,0.25,0.12479763081106299,0.18317976806784686,-2.3586280123457307e-17,-0.0008493526225458952,-0.34202691625193327
1770339179.2609034,1.2011544536375998,0.0,0.020000000829011468,1.283234616594315,0.0,0.08726195605754852,0.25,0.12479763081106299,0.18317976806784686,-1.8348301117672478e-17,-0.0008416106029763696,-0.34201146353736855
1770339179.7009194,1.2011544536375998,0.0,0.020000000679789402,1.2836413228225712,0.0,0.08717077189445496,0.25,0.12479763081106299,0.18317976806784686,-1.380316963607441e-17,-0.0005451277492323316,-0.341892096193914
1770339180.1269882,1.2011544536375998,0.0,0.02000000055742731,1.2840480075502398,0.0,0.08707963005661964,0.25,0.12479763081106299,0.18317976806784686,-1.0507467658930129e-17,5.528912639745997e-05,-0.3416222811582877
1770339180.5411074,1.2011544536375998,0.0,0.020000000457090394,1.284454648332596,0.0,0.08698857396364212,0.25,0.12479763081106299,0.18317976806784686,-8.155111332959881e-18,-0.0006574937494118927,-0.3419899091962103
1770339180.9616482,1.2011544536375998,0.0,0.020000000374814125,1.2848613412141803,0.0,0.0868974160540104,0.25,0.12479763081106299,0.18317976806784686,-6.1441024783845454e-18,-0.0006349681864513463,-0.34190962068344516
1770339181.3799334,1.2011544536375998,0.0,0.020000000307347582,1.2852680325078967,0.0,0.08680626138448716,0.25,0.12479763081106299,0.18317976806784686,-4.7797608603538985e-18,-5.791152753238332e-05,-0.3416765454635815
1770339181.8041797,1.2011544536375998,0.0,0.020000000252025016,1.2856746816158298,0.0,0.08671518911242486,0.25,0.12479763081106299,0.18317976806784686,-3.601155848723371e-18,-0.0008230487879278244,-0.3420779221539269
1770339182.216882,1.2011544536375998,0.0,0.020000000206660512,1.2860813866424563,0.0,0.08662400758862496,0.25,0.12479763081106299,0.18317976806784686,-2.810872999385878e-18,-0.0004375457304806659,-0.34184720720490847
1770339182.6500044,1.2011544536375998,0.0,0.02000000016946162,1.2864880635166172,0.0,0.08653288111448289,0.25,0.12479763081106299,0.18317976806784686,-2.129971832807275e-18,-0.00021043263368945207,-0.3417178116604473
1770339183.0614948,1.2011544536375998,0.0,0.02000000013895853,1.2868947238683703,0.0,0.08644178707361222,0.25,0.12479763081106299,0.18317976806784686,-1.6527784812418384e-18,-0.0006504232490790507,-0.3419590947200019
1770339183.5004034,1.2011544536375998,0.0,0.020000000113945995,1.287301416320801,0.0,0.08635063021540643,0.25,0.12479763081106299,0.18317976806784686,-1.2477535946702628e-18,-0.00037691814445793814,-0.3418056936166145
1770339183.9425147,1.2011544536375998,0.0,0.020000000093435718,1.2877080887746812,0.0,0.08625951238870622,0.25,0.12479763081106299,0.18317976806784686,-1.0678986045851387e-18,-4.614791893446237e-05,-0.341646035015943
1770339184.3774428,1.2011544536375998,0.0,0.02000000007661729,1.2881147370672228,0.0,0.08616844181180001,0.25,0.12479763081106299,0.18317976806784686,-7.141814027373674e-19,-6.921245148158863e-05,-0.34162679671291896
1770339184.7978034,1.2011544536375998,0.0,0.02000000006282618,1.2885213869905474,0.0,0.08607736795186997,0.25,0.12479763081106299,0.18317976806784686,-5.565564112597269e-19,-0.00036927645481431705,-0.3418045286616639
1770339185.215779,1.2011544536375998,0.0,0.020000000051517468,1.2889280589723588,0.0,0.0859862512087822,0.25,0.12479763081106299,0.18317976806784686,-4.2057274196719736e-19,-0.000100280856275846,-0.3416669240219152
1770339185.656579,1.2011544536375998,0.0,0.020000000042244323,1.289334711213112,0.0,0.08589517291784286,0.25,0.12479763081106299,0.18317976806784686,-3.1874130213710396e-19,-0.0008689126425616065,-0.34210120353383283
1770339186.0780048,1.2011544536375998,0.0,0.020000000034640347,1.28974141954422,0.0,0.08580398487091065,0.25,0.12479763081106299,0.18317976806784686,-2.484663840209166e-19,-0.0005485415924076182,-0.34189619193514265
1770339186.4964933,1.2011544536375998,0.0,0.020000000028405084,1.2901481044864656,0.0,0.08571284253954888,0.25,0.12479763081106299,0.18317976806784686,-1.8917798100221734e-19,-0.00027097313102772153,-0.3417531274455753
1770339186.9258754,1.2011544536375998,0.0,0.02000000002329217,1.2905547691297532,0.0,0.08562173982977868,0.25,0.12479763081106299,0.18317976806784686,-1.4299919375144415e-19,-3.0939593671530674e-05,-0.34162935718449483
1770339187.345168,1.2011544536375998,0.0,0.02000000001909958,1.2909614163064957,0.0,0.0855306714308262,0.25,0.12479763081106299,0.18317976806784686,-1.111389305493431e-19,-0.0003237364012985517,-0.34178103191533543
1770339187.7860577,1.2011544536375998,0.0,0.020000000015661656,1.2913680848121645,0.0,0.08543956121087075,0.25,0.12479763081106299,0.18317976806784686,-8.398882322209064e-20,0.0002611357400938433,-0.34151780337801574
1770339188.204483,1.2011544536375998,0.0,0.020000000012842557,1.2917747105741502,0.0,0.08534853452563286,0.25,0.12479763081106299,0.18317976806784686,-6.312483050364567e-20,-0.00045534595685395985,-0.3418892051820452
1770339188.6264558,1.2011544536375998,0.0,0.020000000010530896,1.292181388821602,0.0,0.08525740549802781,0.25,0.12479763081106299,0.18317976806784686,-4.934978779277576e-20,0.0005626222977216215,-0.3414103697105202
1770339189.046071,1.2011544536375998,0.0,0.020000000008635336,1.2925879923534396,0.0,0.08516642189979554,0.25,0.12479763081106299,0.18317976806784686,-4.4736043295688627e-20,-0.0003433454493173945,-0.341852153533286
1770339189.4650354,1.2011544536375998,0.0,0.020000000007080975,1.2929946624040607,0.0,0.08507530886888505,0.25,0.12479763081106299,0.18317976806784686,-2.895707450279767e-20,-0.00020231319150898692,-0.34170514385545875
1770339189.899452,1.2011544536375998,0.0,0.0200000000058064,1.2934013221549991,0.0,0.08498421597599984,0.25,0.12479763081106299,0.18317976806784686,-2.1858063873006577e-20,-0.0006710020872314405,-0.3419722539671114
1770339190.325745,1.2011544536375998,0.0,0.020000000004761247,1.293808016109467,0.0,0.08489305616736413,0.25,0.12479763081106299,0.18317976806784686,-1.6576140512253767e-20,-0.0003156880298621292,-0.3417832594545914
1770339190.7491033,1.2011544536375998,0.0,0.020000000003904225,1.2942146841001514,0.0,0.0848019470846653,0.25,0.12479763081106299,0.18317976806784686,-1.2803086085798114e-20,-0.00038935682932268484,-0.34179192932853086
1770339191.1664991,1.2011544536375998,0.0,0.020000000003201464,1.2946213575410845,0.0,0.08471082748770714,0.25,0.12479763081106299,0.18317976806784686,-9.30698830952104e-21,-0.0005896114059958662,-0.3419047151945887
1770339191.578819,1.2011544536375998,0.0,0.0200000000026252,1.2950280454444887,0.0,0.08461967928767204,0.25,0.12479763081106299,0.18317976806784686,-7.542776621543294e-21,-0.0005825006924506427,-0.3418818454515033
1770339191.9890826,1.2011544536375998,0.0,0.020000000002152664,1.295434732961655,0.0,0.0845285321176052,0.25,0.12479763081106299,0.18317976806784686,-5.8330310930393806e-21,0.00033720990038726343,-0.34151325014301354
1770339192.4069402,1.2011544536375998,0.0,0.020000000001765186,1.2958413531875612,0.0,0.08443751631140708,0.25,0.12479763081106299,0.18317976806784686,-4.380872394187554e-21,0.00016458305687470578,-0.34152485518983733
1770339192.8492324,1.2011544536375998,0.0,0.020000000001447454,1.2962479859876634,0.0,0.08434647582888603,0.25,0.12479763081106299,0.18317976806784686,-3.3443600018260643e-21,0.00010618175115254799,-0.3415426332889194
1770339193.2664015,1.2011544536375998,0.0,0.020000000001186912,1.2966546231222154,0.0,0.08425542698860168,0.25,0.12479763081106299,0.18317976806784686,-2.6001357048941376e-21,0.0001211191902622518,-0.34153081818270326
1770339193.6867073,1.2011544536375998,0.0,0.020000000000973267,1.297061259098053,0.0,0.08416438030481338,0.25,0.12479763081106299,0.18317976806784686,-1.9427690610632104e-21,-0.0003364781885282613,-0.3418038828660666
1770339194.106117,1.2011544536375998,0.0,0.02000000000079808,1.2974679286336899,0.0,0.08407326825022697,0.25,0.12479763081106299,0.18317976806784686,-1.5288071324814177e-21,-0.00046112380283567687,-0.341832910496772
1770339194.5176644,1.2011544536375998,0.0,0.020000000000654425,1.297874607181549,0.0,0.0839821383857727,0.25,0.12479763081106299,0.18317976806784686,-1.1590883631657996e-21,-0.0010969078364474762,-0.34220191635550834
1770339194.9298005,1.2011544536375998,0.0,0.02000000000053663,1.29828133207798,0.0,0.08389091781973838,0.25,0.12479763081106299,0.18317976806784686,-8.989483862870281e-22,-0.0009184501333906012,-0.34206695487092437
1770339195.3440964,1.2011544536375998,0.0,0.020000000000440037,1.2986880440568924,0.0,0.08379972269177437,0.25,0.12479763081106299,0.18317976806784686,-7.007617465182916e-22,-0.00043633318380815035,-0.34185626232078575
1770339195.7618442,1.2011544536375998,0.0,0.02000000000036083,1.2990947208881378,0.0,0.08370859638929366,0.25,0.12479763081106299,0.18317976806784686,-5.298014605126126e-22,-0.00032396517314543555,-0.34176310342156246
1770339196.1758394,1.2011544536375998,0.0,0.020000000000295882,1.2995013895225525,0.0,0.08361748613715171,0.25,0.12479763081106299,0.18317976806784686,-4.123276112407878e-22,-0.0005052640059993509,-0.3418606459202085
1770339196.6018069,1.2011544536375998,0.0,0.020000000000242622,1.2999080714178084,0.0,0.08352634999632835,0.25,0.12479763081106299,0.18317976806784686,-3.1222647139072456e-22,-0.00013914197007621463,-0.34169606722255386
1770339197.018541,1.2011544536375998,0.0,0.02000000000019895,1.300314726576805,0.0,0.08343526612639426,0.25,0.12479763081106299,0.18317976806784686,-2.3695774149040383e-22,0.0006262510045842531,-0.34135329782909735
1770339197.4439917,1.2011544536375998,0.0,0.020000000000163137,1.3007213253450391,0.0,0.08334429162621497,0.25,0.12479763081106299,0.18317976806784686,-1.7920554144751662e-22,0.0004926302069767506,-0.3413569310101958
1770339197.8800921,1.2011544536375998,0.0,0.020000000000133772,1.3011279341125486,0.0,0.08325329803943633,0.25,0.12479763081106299,0.18317976806784686,-1.3912834829349891e-22,0.0002968613746628087,-0.34146103022982344
1770339198.2959604,1.2011544536375998,0.0,0.020000000000109694,1.3015345571708676,0.0,0.08316227646112441,0.25,0.12479763081106299,0.18317976806784686,-1.0529278761375886e-22,-6.30705376812438e-05,-0.34165741249399845
1770339198.71138,1.2011544536375998,0.0,0.02000000000008995,1.301941206707954,0.0,0.08307120344877242,0.25,0.12479763081106299,0.18317976806784686,-8.410811582115099e-23,-0.0002610530925247676,-0.3417402088356702
1770339199.1250277,1.2011544536375998,0.0,0.020000000000073757,1.302347870750427,0.0,0.08298010217666625,0.25,0.12479763081106299,0.18317976806784686,-6.352367019671629e-23,-0.0007676483030733635,-0.342024367706515
1770339199.5446937,1.2011544536375998,0.0,0.02000000000006048,1.3027545716142652,0.0,0.0828889285814762,0.25,0.12479763081106299,0.18317976806784686,-4.8887088029259595e-23,-0.0005912678049433371,-0.34190315598620813
1770339199.9783294,1.2011544536375998,0.0,0.020000000000049593,1.303161259689331,0.0,0.08279778016686438,0.25,0.12479763081106299,0.18317976806784686,-3.637804823777556e-23,-0.0005883981292476643,-0.34188437006611677
1770339200.3957207,1.2011544536375998,0.0,0.020000000000040666,1.3035679476785658,0.0,0.0827066321492195,0.25,0.12479763081106299,0.18317976806784686,-2.751789910891516e-23,4.542428745469369e-05,-0.3416305541318663
1770339200.8119078,1.2011544536375998,0.0,0.020000000000033345,1.3039745891904828,0.0,0.08261557465076445,0.25,0.12479763081106299,0.18317976806784686,-2.205388794234957e-23,0.00026583385612171837,-0.3414790080627293
1770339201.2279148,1.2011544536375998,0.0,0.020000000000027343,1.3043812146520612,0.0,0.0825245486307144,0.25,0.12479763081106299,0.18317976806784686,-1.7121678053981414e-23,-0.001204263978996176,-0.3423390258069333
1770339201.6503804,1.2011544536375998,0.0,0.02000000000002242,1.3047879473590849,0.0,0.08243331273317335,0.25,0.12479763081106299,0.18317976806784686,-1.2526250821873302e-23,0.00019883738678545788,-0.3416307754771089
1770339202.0848532,1.2011544536375998,0.0,0.020000000000018385,1.3051945776271818,0.0,0.08234227715373037,0.25,0.12479763081106299,0.18317976806784686,-9.496396198627329e-24,8.100315132551032e-05,-0.3415611658818067
1770339202.4978914,1.2011544536375998,0.0,0.020000000000015075,1.3056012165641784,0.0,0.08225122474074362,0.25,0.12479763081106299,0.18317976806784686,-7.370063395318261e-24,0.00012893436557193458,-0.3415302099725621
1770339202.907348,1.2011544536375998,0.0,0.020000000000012362,1.306007852025032,0.0,0.08216017917275427,0.25,0.12479763081106299,0.18317976806784686,-5.637728033017714e-24,-0.000702622970667496,-0.3420243512528811
1770339203.3280158,1.2011544536375998,0.0,0.020000000000010138,1.3064145481681824,0.0,0.08206901484727858,0.25,0.12479763081106299,0.18317976806784686,-4.28748705902462e-24,-0.0005657441595579312,-0.3418864439948133
1770339203.754179,1.2011544536375998,0.0,0.020000000000008313,1.3068212343978882,0.0,0.08197787006974218,0.25,0.12479763081106299,0.18317976806784686,-3.479381538969059e-24,2.155626409462225e-05,-0.34163783594424135
1770339204.1728806,1.2011544536375998,0.0,0.020000000000006818,1.3072278776693345,0.0,0.08188680914878843,0.25,0.12479763081106299,0.18317976806784686,-2.5447970365358222e-24,-0.00037589480050309436,-0.3418175765406347
1770339204.5812454,1.2011544536375998,0.0,0.02000000000000559,1.3076345501232147,0.0,0.08179569146156308,0.25,0.12479763081106299,0.18317976806784686,-1.97206943140211e-24,-0.00023700739042111594,-0.3417222764701422
1770339205.0188797,1.2011544536375998,0.0,0.020000000000004584,1.3080412123203278,0.0,0.08170459361195562,0.25,0.12479763081106299,0.18317976806784686,-1.4925610999202548e-24,-0.0005410901497198944,-0.34189083738471326
1770339205.434258,1.2011544536375998,0.0,0.020000000000003758,1.3084478967475892,0.0,0.08161345235347746,0.25,0.12479763081106299,0.18317976806784686,-1.159086710851082e-24,0.00024150335499733197,-0.34154739170689646
1770339205.848258,1.2011544536375998,0.0,0.02000000000000308,1.3088545239686966,0.0,0.08152242286801337,0.25,0.12479763081106299,0.18317976806784686,-8.65941162274364e-25,-0.00029217713718984885,-0.3417893406517371
1770339206.271032,1.2011544536375998,0.0,0.020000000000002526,1.309261190328598,0.0,0.08143131715416907,0.25,0.12479763081106299,0.18317976806784686,-6.802042248534351e-25,-0.00029462339639859173,-0.3417374403580436
1770339206.6885371,1.2011544536375998,0.0,0.02000000000000207,1.3096678568172455,0.0,0.08134021107554434,0.25,0.12479763081106299,0.18317976806784686,-5.166056307365899e-25,-0.0008832910760595995,-0.3420903963399194
1770339207.1105437,1.2011544536375998,0.0,0.0200000000000017,1.3100745662641526,0.0,0.08124902095794677,0.25,0.12479763081106299,0.18317976806784686,-4.782382577142326e-25,-0.0014602904228449493,-0.3423777291800244
1770339207.5652413,1.2011544536375998,0.0,0.020000000000001395,1.310481317510605,0.0,0.08115774855017661,0.25,0.12479763081106299,0.18317976806784686,-2.9505106168432563e-25,-1.2600894315861419e-05,-0.3417409534339343
1770339207.9791546,1.2011544536375998,0.0,0.020000000000001145,1.3108879633140564,0.0,0.08106668275833129,0.25,0.12479763081106299,0.18317976806784686,-2.290027594463468e-25,-0.0004643039747846635,-0.3418672063293627
1770339208.3913558,1.2011544536375998,0.0,0.02000000000000094,1.311294642162323,0.0,0.0809755524754524,0.25,0.12479763081106299,0.18317976806784686,-1.7798834569606722e-25,-0.0004659941909277913,-0.3418230501510016
1770339208.812344,1.2011544536375998,0.0,0.02000000000000077,1.3117013211393358,0.0,0.0808844219458103,0.25,0.12479763081106299,0.18317976806784686,-1.3475570876825986e-25,-0.00026453605895408267,-0.3417422978765978
1770339209.223267,1.2011544536375998,0.0,0.020000000000000632,1.3121079853963853,0.0,0.08079332016944883,0.25,0.12479763081106299,0.18317976806784686,-1.0584243278452194e-25,-0.0005641913088468545,-0.34190194521333617
1770339209.6405532,1.2011544536375998,0.0,0.020000000000000517,1.312514671497345,0.0,0.08070217560648917,0.25,0.12479763081106299,0.18317976806784686,-8.088942323256091e-26,-0.0001371529790752996,-0.3417011643564382
1770339210.0528607,1.2011544536375998,0.0,0.020000000000000424,1.312921326441765,0.0,0.08061109201550481,0.25,0.12479763081106299,0.18317976806784686,-6.289268521584876e-26,-0.00044478676938453673,-0.3418430407976466
1770339210.466517,1.2011544536375998,0.0,0.020000000000000347,1.313328003959656,0.0,0.08051996448993681,0.25,0.12479763081106299,0.18317976806784686,-4.8739967327847645e-26,-0.00020943836865601397,-0.34171813805832424
1770339210.885191,1.2011544536375998,0.0,0.020000000000000285,1.3137346641397478,0.0,0.08042887058854102,0.25,0.12479763081106299,0.18317976806784686,-3.679105075232285e-26,-0.0009831553793491676,-0.3421588334246673
1770339211.3112864,1.2011544536375998,0.0,0.020000000000000233,1.314141380839348,0.0,0.08033766623377799,0.25,0.12479763081106299,0.18317976806784686,-2.8585439485874907e-26,-0.0006956749190507269,-0.3419664695394787
1770339211.7339122,1.2011544536375998,0.0,0.02000000000000019,1.3145480765962603,0.0,0.08024650291681289,0.25,0.12479763081106299,0.18317976806784686,-2.1593176549672779e-26,-0.001209054764448598,-0.34224574940068747
1770339212.1494315,1.2011544536375998,0.0,0.020000000000000157,1.3149548096036914,0.0,0.08015526633262633,0.25,0.12479763081106299,0.18317976806784686,-1.674134173037839e-26,0.00036981099092012415,-0.34156286511400025
1770339212.5732112,1.2011544536375998,0.0,0.02000000000000013,1.3153614274263385,0.0,0.08006425517201422,0.25,0.12479763081106299,0.18317976806784686,-1.2637472048926728e-26,2.0248629794687105e-05,-0.34161471595513865
1770339212.9935534,1.2011544536375998,0.0,0.020000000000000104,1.3157680707407,0.0,0.07997319405794143,0.25,0.12479763081106299,0.18317976806784686,-9.785356578450756e-27,-7.437698741121873e-05,-0.3416365350893496
1770339213.4094183,1.2011544536375998,0.0,0.020000000000000087,1.3161747210073473,0.0,0.07988211944699286,0.25,0.12479763081106299,0.18317976806784686,-7.296514491227054e-27,-0.0002025396766200484,-0.34170397014115433
1770339213.8322496,1.2011544536375998,0.0,0.020000000000000073,1.316581380801201,0.0,0.07979102652192115,0.25,0.12479763081106299,0.18317976806784686,-5.7452229874334815e-27,0.000348616715437875,-0.3414706913154103
1770339214.2554026,1.2011544536375998,0.0,0.02000000000000006,1.3169880001258851,0.0,0.07970001233577727,0.25,0.12479763081106299,0.18317976806784686,-4.3733132015458445e-27,0.0007016913967122651,-0.34127434580369476
1770339214.6716547,1.2011544536375998,0.0,0.02000000000000005,1.3173945934438707,0.0,0.07960904862880705,0.25,0.12479763081106299,0.18317976806784686,-3.384139063676207e-27,-0.00012492155285402992,-0.3417350061053071
1770339215.0827694,1.2011544536375998,0.0,0.02000000000000004,1.3178012475299836,0.0,0.07951796679735182,0.25,0.12479763081106299,0.18317976806784686,-2.5694087638117753e-27,-0.00011210899230407065,-0.34164721978613044
1770339215.5081673,1.2011544536375998,0.0,0.02000000000000003,1.3182079005861282,0.0,0.07942688676834105,0.25,0.12479763081106299,0.18317976806784686,-1.9930567468052327e-27,-0.0004515654349636151,-0.3418496123956712
1770339215.9255755,1.2011544536375998,0.0,0.020000000000000025,1.3186145786190033,0.0,0.07933575827717779,0.25,0.12479763081106299,0.18317976806784686,-1.4963905028255288e-27,-0.0010294946869774059,-0.3421624243026135
1770339216.35295,1.2011544536375998,0.0,0.02000000000000002,1.3190212986230851,0.0,0.07924454732418058,0.25,0.12479763081106299,0.18317976806784686,-1.1673153934519432e-27,-0.0006705375303425445,-0.34196104851475817
1770339216.7800102,1.2011544536375998,0.0,0.020000000000000018,1.3194279925346375,0.0,0.07915338757991788,0.25,0.12479763081106299,0.18317976806784686,-8.822118998721999e-28,-0.0007236061248185754,-0.34195699395578033
1770339217.1926606,1.2011544536375998,0.0,0.020000000000000014,1.319834690308571,0.0,0.07906222025036809,0.25,0.12479763081106299,0.18317976806784686,-6.742486610860144e-28,-0.0004163970654953703,-0.3418288034726034
1770339217.6160862,1.2011544536375998,0.0,0.02000000000000001,1.3202413656377794,0.0,0.07897109679102896,0.25,0.12479763081106299,0.18317976806784686,-5.125945501514565e-28,-0.0003834840903797983,-0.34178491737662486
1770339218.04401,1.2011544536375998,0.0,0.020000000000000007,1.3206480387353898,0.0,0.07887997802019117,0.25,0.12479763081106299,0.18317976806784686,-4.0159721472121437e-28,-0.0005079162307571141,-0.3418562853633397
1770339218.460909,1.2011544536375998,0.0,0.020000000000000007,1.321054720759392,0.0,0.0787888414931297,0.25,0.12479763081106299,0.18317976806784686,-2.995929101785341e-28,0.00032017381540455197,-0.3415126061308373
1770339218.8758454,1.2011544536375998,0.0,0.020000000000000007,1.3214613422298433,0.0,0.07869782323002812,0.25,0.12479763081106299,0.18317976806784686,-2.2897247405836316e-28,-2.495029092027852e-05,-0.34163687159001604
1770339219.3121188,1.2011544536375998,0.0,0.020000000000000007,1.3218679888916018,0.0,0.07860675563573834,0.25,0.12479763081106299,0.18317976806784686,-1.7801750769256093e-28,-0.00018170052576236536,-0.34169640932028883
1770339219.7385013,1.2011544536375998,0.0,0.020000000000000007,1.322274647097588,0.0,0.07851566569328304,0.25,0.12479763081106299,0.18317976806784686,-1.3462699819880251e-28,-0.0005607762472700007,-0.3419081797297092
1770339220.1491413,1.2011544536375998,0.0,0.020000000000000007,1.322681332983971,0.0,0.07842452162384983,0.25,0.12479763081106299,0.18317976806784686,-1.0508638590295231e-28,-0.0008790975496065657,-0.3420612649389604
1770339220.5634556,1.2011544536375998,0.0,0.020000000000000007,1.3230880421304707,0.0,0.0783333321177959,0.25,0.12479763081106299,0.18317976806784686,-8.694936869020786e-29,-0.0004481764620968327,-0.3418570643737228
1770339220.9757035,1.2011544536375998,0.0,0.020000000000000007,1.323494719820023,0.0,0.07824220413088795,0.25,0.12479763081106299,0.18317976806784686,-6.223335141553689e-29,-0.00036382612223162525,-0.34178023212902575
1770339221.3874586,1.2011544536375998,0.0,0.020000000000000007,1.3239013912439352,0.0,0.07815108817100522,0.25,0.12479763081106299,0.18317976806784686,-5.767189844028128e-29,8.833394715979218e-05,-0.34159093306728266
1770339221.811008,1.2011544536375998,0.0,0.020000000000000007,1.324308029708863,0.0,0.07806003678798672,0.25,0.12479763081106299,0.18317976806784686,-3.5681230859638776e-29,-8.526368376553131e-06,-0.34160383324966537
1770339222.2306545,1.2011544536375998,0.0,0.020000000000000007,1.3247146752548224,0.0,0.07796897157549855,0.25,0.12479763081106299,0.18317976806784686,-2.8246949579575374e-29,-0.0003932628377851192,-0.3418249890997569
1770339222.6528685,1.2011544536375998,0.0,0.020000000000000007,1.3251213489532478,0.0,0.07787785139918324,0.25,0.12479763081106299,0.18317976806784686,-2.0733939185725404e-29,7.782777321523862e-05,-0.3415980792084159
1770339223.0900204,1.2011544536375998,0.0,0.020000000000000007,1.3255279881906517,0.0,0.0777867985141277,0.25,0.12479763081106299,0.18317976806784686,-1.615483529429654e-29,0.0010919795352537665,-0.34114530944250043
1770339223.5046544,1.2011544536375998,0.0,0.020000000000000007,1.3259345526695259,0.0,0.07769589062929151,0.25,0.12479763081106299,0.18317976806784686,-1.2540175088349864e-29,0.0001531474892962207,-0.3416071934938711
1770339223.9323134,1.2011544536375998,0.0,0.020000000000000007,1.3263411862850196,0.0,0.07760484851598737,0.25,0.12479763081106299,0.18317976806784686,-9.446966385092353e-30,0.00038526235062724917,-0.3414204643447429
1770339224.3496041,1.2011544536375998,0.0,0.020000000000000007,1.3267478028202064,0.0,0.07751383958697317,0.25,0.12479763081106299,0.18317976806784686,-7.306829198506284e-30,7.235552251601464e-05,-0.3415849969554765
1770339224.761149,1.2011544536375998,0.0,0.020000000000000007,1.327154442529679,0.0,0.07742278596162794,0.25,0.12479763081106299,0.18317976806784686,-5.5504507641217e-30,-0.0006355404098965299,-0.34197844383211295
1770339225.1777124,1.2011544536375998,0.0,0.020000000000000007,1.3275611339521416,0.0,0.07733163120627401,0.25,0.12479763081106299,0.18317976806784686,-4.338442597179784e-30,-0.0010066208042435116,-0.3421303024754799
1770339225.5877302,1.2011544536375998,0.0,0.020000000000000007,1.3279678523254401,0.0,0.07724042350411413,0.25,0.12479763081106299,0.18317976806784686,-3.2940341658829006e-30,-0.0006380020110175453,-0.3419457469187548
1770339226.0072687,1.2011544536375998,0.0,0.020000000000000007,1.3283745438766486,0.0,0.07714926840543744,0.25,0.12479763081106299,0.18317976806784686,-2.5697883293164783e-30,-0.00018844151493959617,-0.341729060841001
1770339226.4208622,1.2011544536375998,0.0,0.020000000000000007,1.3287812025547034,0.0,0.0770581774973869,0.25,0.12479763081106299,0.18317976806784686,-1.9954397734340642e-30,-0.00026311443161866925,-0.34172890854140064
1770339226.8446405,1.2011544536375998,0.0,0.020000000000000007,1.3291878667688377,0.0,0.07696707591414448,0.25,0.12479763081106299,0.18317976806784686,-1.804141202341505e-30,-0.0004729525620672348,-0.34184734412800194
1770339227.2571373,1.2011544536375998,0.0,0.020000000000000007,1.3295945463037497,0.0,0.07687594437599178,0.25,0.12479763081106299,0.18317976806784686,-1.1351884176304923e-30,-0.00017667316919540456,-0.34170784855780834
1770339227.6742532,1.2011544536375998,0.0,0.020000000000000007,1.3300012042093283,0.0,0.0767848551523685,0.25,0.12479763081106299,0.18317976806784686,-9.044399567452414e-31,0.00028939815601001915,-0.34149179208843894
1770339228.0886028,1.2011544536375998,0.0,0.020000000000000007,1.3304078277826314,0.0,0.07669383250117298,0.25,0.12479763081106299,0.18317976806784686,-6.881306843962196e-31,-0.0003464472812016939,-0.34182669221824546
1770339228.5206687,1.2011544536375998,0.0,0.020000000000000007,1.3308144980478291,0.0,0.07660271901965138,0.25,0.12479763081106299,0.18317976806784686,-5.046967132062082e-31,-0.00019151215514474164,-0.34170113362410154
1770339228.9321816,1.2011544536375998,0.0,0.020000000000000007,1.331221156983376,0.0,0.07651162766098972,0.25,0.12479763081106299,0.18317976806784686,-3.921900812308992e-31,-6.125476263091817e-06,-0.34161148543994313
1770339229.349257,1.2011544536375998,0.0,0.020000000000000007,1.3316278024435049,0.0,0.07642056278109546,0.25,0.12479763081106299,0.18317976806784686,-3.1381982722929207e-31,3.6233518340879906e-05,-0.34157600317421344
1770339229.7622242,1.2011544536375998,0.0,0.020000000000000007,1.332034444599152,0.0,0.07632950396299358,0.25,0.12479763081106299,0.18317976806784686,-2.4356588678781583e-31,-0.00045857588169364953,-0.3418686529147737
1770339230.1868289,1.2011544536375998,0.0,0.020000000000000007,1.3324411231470112,0.0,0.07623837450623508,0.25,0.12479763081106299,0.18317976806784686,-2.0934476174674136e-31,0.00022296589413270165,-0.3415465552644397
1770339230.613179,1.2011544536375998,0.0,0.020000000000000007,1.3328477516984945,0.0,0.07614734236001965,0.25,0.12479763081106299,0.18317976806784686,-1.3537946158880752e-31,0.00015442903493407558,-0.3415195232023763
1770339231.046289,1.2011544536375998,0.0,0.020000000000000007,1.3332543851852423,0.0,0.07605630043983455,0.25,0.12479763081106299,0.18317976806784686,-1.05497700661664e-31,0.0001594628218953522,-0.34151065600167185
1770339231.4588778,1.2011544536375998,0.0,0.020000000000000007,1.3336610183286672,0.0,0.07596525920629497,0.25,0.12479763081106299,0.18317976806784686,-7.946724411471048e-32,0.00014825134480268615,-0.3415168795092314
1770339231.8748326,1.2011544536375998,0.0,0.020000000000000007,1.3340676523733144,0.0,0.07587421638488766,0.25,0.12479763081106299,0.18317976806784686,-6.172210305850764e-32,-0.0008078132178118073,-0.34208939709909075
1770339232.300465,1.2011544536375998,0.0,0.020000000000000007,1.3344743562841421,0.0,0.07578303703904148,0.25,0.12479763081106299,0.18317976806784686,-4.8219024166402764e-32,6.169910342863265e-05,-0.3416459857143332
1770339232.7303195,1.2011544536375998,0.0,0.020000000000000007,1.3348809966802604,0.0,0.07569198185801501,0.25,0.12479763081106299,0.18317976806784686,-3.497666546385585e-32,-0.00031386158704799184,-0.34178437089649505
1770339233.1527722,1.2011544536375998,0.0,0.020000000000000007,1.3352876645851142,0.0,0.07560087304353709,0.25,0.12479763081106299,0.18317976806784686,-2.8119363202716525e-32,-0.0006125920170450825,-0.3419260530854457
1770339233.5694928,1.2011544536375998,0.0,0.020000000000000007,1.335694354205132,0.0,0.075509721571207,0.25,0.12479763081106299,0.18317976806784686,-2.0723687085382328e-32,-0.0007017709181890301,-0.3419496873831323
1770339233.9833508,1.2011544536375998,0.0,0.020000000000000007,1.3361010505199438,0.0,0.0754185573637485,0.25,0.12479763081106299,0.18317976806784686,-1.6097310001898595e-32,-0.0008330951688027316,-0.3420195640433861
1770339234.4081151,1.2011544536375998,0.0,0.020000000000000007,1.3365077561903005,0.0,0.07532737440228457,0.25,0.12479763081106299,0.18317976806784686,-1.2190637414298096e-32,-0.0009226847972477088,-0.34206018539539174
1770339234.8184154,1.2011544536375998,0.0,0.020000000000000007,1.336914468426705,0.0,0.07523617867350572,0.25,0.12479763081106299,0.18317976806784686,-9.446349275697142e-33,-0.0001420372445201894,-0.3417389674114563
1770339235.2274678,1.2011544536375998,0.0,0.020000000000000007,1.3373211236286169,0.0,0.07514509438514703,0.25,0.12479763081106299,0.18317976806784686,-7.33140626656926e-33,-0.0005164652387340297,-0.3418855594527118
1770339235.6433878,1.2011544536375998,0.0,0.020000000000000007,1.3377278062534337,0.0,0.0750539566457271,0.25,0.12479763081106299,0.18317976806784686,-5.55542909022977e-33,-0.0003321597273885953,-0.3417743944487523
1770339236.0572155,1.2011544536375998,0.0,0.020000000000000007,1.3381344755315785,0.0,0.07496284521341318,0.25,0.12479763081106299,0.18317976806784686,-4.310974784896866e-33,0.000984683587086354,-0.34122922657182775
1770339236.4722798,1.2011544536375998,0.0,0.020000000000000007,1.3385410478639608,0.0,0.07487192197561258,0.25,0.12479763081106299,0.18317976806784686,-3.3413308014869996e-33,-0.00030726792647027947,-0.34187271314851425
1770339236.8886523,1.2011544536375998,0.0,0.020000000000000007,1.3389477152538305,0.0,0.07478081410527224,0.25,0.12479763081106299,0.18317976806784686,-2.5120371676460446e-33,-0.0005452869115025977,-0.3418863293881779
1770339237.307345,1.2011544536375998,0.0,0.020000000000000007,1.3393543999814992,0.0,0.07468967225670808,0.25,0.12479763081106299,0.18317976806784686,-1.9657060530941377e-33,-0.00012217651107549843,-0.3416932833295039
1770339237.727069,1.2011544536375998,0.0,0.020000000000000007,1.3397610538101201,0.0,0.07459859079003328,0.25,0.12479763081106299,0.18317976806784686,-1.4871310860232767e-33,-0.000607220871845185,-0.341941998905923
1770339238.1383529,1.2011544536375998,0.0,0.020000000000000007,1.3401677430009846,0.0,0.07450744009017939,0.25,0.12479763081106299,0.18317976806784686,-1.1539906616676426e-33,-0.0004878131423863992,-0.3418457313780625
1770339238.555291,1.2011544536375998,0.0,0.020000000000000007,1.3405744236087804,0.0,0.07441630641698832,0.25,0.12479763081106299,0.18317976806784686,-8.732492833275099e-34,-0.0007488682497476995,-0.3419904236695334
1770339238.9693522,1.2011544536375998,0.0,0.020000000000000007,1.340981123270989,0.0,0.07432513549327845,0.25,0.12479763081106299,0.18317976806784686,-6.7808159488363445e-34,-0.0008985001439004722,-0.34205409729528896
1770339239.4001849,1.2011544536375998,0.0,0.020000000000000007,1.341387833704949,0.0,0.07423394321918482,0.25,0.12479763081106299,0.18317976806784686,-5.25679636173384e-34,-0.0001810087788622204,-0.34175213755985834
1770339239.8379943,1.2011544536375998,0.0,0.020000000000000007,1.3417944918680196,0.0,0.07414285336256021,0.25,0.12479763081106299,0.18317976806784686,-3.984871637081961e-34,-0.0008802870818664988,-0.3420999554051571
1770339240.2559946,1.2011544536375998,0.0,0.020000000000000007,1.3422012010574345,0.0,0.0740516636848449,0.25,0.12479763081106299,0.18317976806784686,-3.0051303725063403e-34,-0.0006576308726190265,-0.3419409650911577
1770339240.6679423,1.2011544536375998,0.0,0.020000000000000007,1.3426078939390187,0.0,0.07396050575375551,0.25,0.12479763081106299,0.18317976806784686,-2.2916960480406503e-34,-0.00016267911230520996,-0.34172071876610743
1770339241.081387,1.2011544536375998,0.0,0.020000000000000007,1.3430145507717137,0.0,0.07386941850423807,0.25,0.12479763081106299,0.18317976806784686,-1.7683173402917125e-34,-0.0005198062547112419,-0.34188549987551964
1770339241.4951715,1.2011544536375998,0.0,0.020000000000000007,1.3434212335681919,0.0,0.07377828028202052,0.25,0.12479763081106299,0.18317976806784686,-1.3741535810318048e-34,-0.0002711347346093725,-0.3417503185532383
1770339241.9108694,1.2011544536375998,0.0,0.020000000000000007,1.343827898254395,0.0,0.07368717755079264,0.25,0.12479763081106299,0.18317976806784686,-1.0665590650419252e-34,-0.0002304698421448446,-0.3417091854442423
1770339242.3272505,1.2011544536375998,0.0,0.020000000000000007,1.3442345599794392,0.0,0.07359608062386508,0.25,0.12479763081106299,0.18317976806784686,-8.071778827415078e-35,-0.0006835149496676824,-0.34197694601950956
1770339242.7402563,1.2011544536375998,0.0,0.020000000000000007,1.3446412547492985,0.0,0.07350491904497142,0.25,0.12479763081106299,0.18317976806784686,-6.261906515522294e-35,-0.00033533517637858207,-0.34179236959944165
1770339243.1600473,1.2011544536375998,0.0,0.020000000000000007,1.3450479241991047,0.0,0.0734138071405887,0.25,0.12479763081106299,0.18317976806784686,-4.740521824208285e-35,0.0006348064093827448,-0.3413694949878082
1770339243.5794003,1.2011544536375998,0.0,0.020000000000000007,1.3454545223665242,0.0,0.07332283387422556,0.25,0.12479763081106299,0.18317976806784686,-3.679424814143088e-35,0.00038914740734784074,-0.341419876230453
1770339243.9994917,1.2011544536375998,0.0,0.020000000000000007,1.3458611386871342,0.0,0.073231825492382,0.25,0.12479763081106299,0.18317976806784686,-2.791323986451143e-35,0.00016037399721999663,-0.3415325743763262
1770339244.410557,1.2011544536375998,0.0,0.020000000000000007,1.3462677717018132,0.0,0.07314078441977495,0.25,0.12479763081106299,0.18317976806784686,-2.1602835939398908e-35,0.0001752904423141652,-0.3415037304572758
1770339244.8380964,1.2011544536375998,0.0,0.020000000000000007,1.34667440381527,0.0,0.07304974546074862,0.25,0.12479763081106299,0.18317976806784686,-1.6351922499745545e-35,-0.0004789172600684293,-0.3418947634341959
1770339245.2669175,1.2011544536375998,0.0,0.020000000000000007,1.3470810837364202,0.0,0.0729586130857467,0.25,0.12479763081106299,0.18317976806784686,-1.282958481940554e-35,-5.993719118972446e-05,-0.34166175063640614
1770339245.6868253,1.2011544536375998,0.0,0.020000000000000007,1.3474877329730992,0.0,0.0728675405454635,0.25,0.12479763081106299,0.18317976806784686,-9.608166529108863e-36,0.0003355320977989287,-0.3414616649139228
1770339246.1095233,1.2011544536375998,0.0,0.020000000000000007,1.3478943532848362,0.0,0.072776524503231,0.25,0.12479763081106299,0.18317976806784686,-7.459543150091584e-36,-0.00023793793798785787,-0.34176620000649605
1770339246.560263,1.2011544536375998,0.0,0.020000000000000007,1.3482733696935656,0.0,0.07268542649269098,0.25,0.12479763081106299,0.18317976806784686,-5.460142845974348e-36,-0.00039146112376966234,-0.34180096691438644
1770339246.9739947,1.2011544536375998,0.0,0.020000000000000007,1.3485841631487239,0.0,0.07259430659532541,0.25,0.12479763081106299,0.18317976806784686,-4.2690731546245707e-36,-0.00010322493017055821,-0.3416703201183686
1770339247.3960633,1.2011544536375998,0.0,0.020000000000000007,1.3488390137819537,0.0,0.07250322783231729,0.25,0.12479763081106299,0.18317976806784686,-3.2342657007947786e-36,-0.0002747371154352278,-0.3417444038101675
1770339247.8188553,1.2011544536375998,0.0,0.020000000000000007,1.3490479913012021,0.0,0.07241212459683412,0.25,0.12479763081106299,0.18317976806784686,-2.5095935841093856e-36,-5.914304624223075e-06,-0.34161972346731667
1770339248.2521985,1.2011544536375998,0.0,0.020000000000000007,1.3492193528669858,0.0,0.0723210597598552,0.25,0.12479763081106299,0.18317976806784686,-1.9123494662768276e-36,0.00040673056584729925,-0.34142778323804696
1770339248.6673114,1.2011544536375998,0.0,0.020000000000000007,1.3493598693509283,0.0,0.0722300538671016,0.25,0.12479763081106299,0.18317976806784686,-1.4939740638008641e-36,0.00014776020511724316,-0.34154190096743786
1770339249.0854065,1.2011544536375998,0.0,0.020000000000000007,1.3494750928677612,0.0,0.0721390109598636,0.25,0.12479763081106299,0.18317976806784686,-1.1263792867441295e-36,0.000234040472387502,-0.3414814918244567
1770339249.500266,1.2011544536375998,0.0,0.020000000000000007,1.3495695761515643,0.0,0.07204798039078705,0.25,0.12479763081106299,0.18317976806784686,-8.781065334360531e-37,-0.001100856576353608,-0.3422738020269743
1770339249.9155514,1.2011544536375998,0.0,0.020000000000000007,1.3496470524442827,0.0,0.07195675925612442,0.25,0.12479763081106299,0.18317976806784686,-6.6501727179360595e-37,-0.00038171302487546106,-0.34185265490150896
1770339250.3336296,1.2011544536375998,0.0,0.020000000000000007,1.349710583004312,0.0,0.07186564077496521,0.25,0.12479763081106299,0.18317976806784686,-5.166318284929705e-37,-0.00030168169884015424,-0.341748728015947
1770339250.7556133,1.2011544536375998,0.0,0.020000000000000007,1.3497626780635357,0.0,0.07177453368782989,0.25,0.12479763081106299,0.18317976806784686,-3.907308365393923e-37,0.0003278992949473032,-0.3414888924858285
1770339251.1907272,1.2011544536375998,0.0,0.020000000000000007,1.3498053960120993,0.0,0.07168351654052726,0.25,0.12479763081106299,0.18317976806784686,-3.036684568446139e-37,-0.000546103688067438,-0.3419503361762586
1770339251.609663,1.2011544536375998,0.0,0.020000000000000007,1.3498404247299214,0.0,0.07159237455248825,0.25,0.12479763081106299,0.18317976806784686,-2.2932594333658334e-37,-0.0003793382586432374,-0.34179622970618745
1770339252.0236862,1.2011544536375998,0.0,0.020000000000000007,1.3498691482785357,0.0,0.07150125637173645,0.25,0.12479763081106299,0.18317976806784686,-1.7528763288080517e-37,-0.00020314044529179268,-0.34170907403790446
1770339252.438727,1.2011544536375998,0.0,0.020000000000000007,1.3498927015883992,0.0,0.07141016336083404,0.25,0.12479763081106299,0.18317976806784686,-1.3513611154829266e-37,-0.000665934463489722,-0.3419691306674881
1770339252.8622544,1.2011544536375998,0.0,0.020000000000000007,1.3499120153024875,0.0,0.07131900427103034,0.25,0.12479763081106299,0.18317976806784686,-1.0295060093723802e-37,0.00010237886189400715,-0.3416155259355148
1770339253.2757297,1.2011544536375998,0.0,0.020000000000000007,1.3499278525480398,0.0,0.07122795490503303,0.25,0.12479763081106299,0.18317976806784686,-7.959725993675797e-38,0.00038669677332888906,-0.34142496743840245
1770339253.6917715,1.2011544536375998,0.0,0.020000000000000007,1.3499408390893928,0.0,0.07113694615840904,0.25,0.12479763081106299,0.18317976806784686,-6.028300526348156e-38,9.100809943539374e-05,-0.3415739488515951
1770339254.1240702,1.2011544536375998,0.0,0.020000000000000007,1.3499514880533021,0.0,0.07104589517235749,0.25,0.12479763081106299,0.18317976806784686,-4.6823421403226954e-38,-2.9847864688793658e-05,-0.3416168935626802
1770339254.5368786,1.2011544536375998,0.0,0.020000000000000007,1.3499602202037078,0.0,0.07095482691287987,0.25,0.12479763081106299,0.18317976806784686,-3.62206124649873e-38,-0.00015912887322921734,-0.34168237657139205
1770339254.9487553,1.2011544536375998,0.0,0.020000000000000007,1.3499673805670405,0.0,0.07086374017834655,0.25,0.12479763081106299,0.18317976806784686,-2.815073257928179e-38,-0.0006093236785324168,-0.34193956535371994
1770339255.3632257,1.2011544536375998,0.0,0.020000000000000007,1.3499732520649732,0.0,0.07077258915662757,0.25,0.12479763081106299,0.18317976806784686,-2.1354078630905806e-38,-0.00045273520070183634,-0.34183191048205736
1770339255.7797897,1.2011544536375998,0.0,0.020000000000000007,1.3499780666932781,0.0,0.07068146050453178,0.25,0.12479763081106299,0.18317976806784686,-1.6580745273497201e-38,-0.00078950891052046,-0.3420183158601655
1770339256.2476814,1.2011544536375998,0.0,0.020000000000000007,1.349982014688488,0.0,0.0705902837765216,0.25,0.12479763081106299,0.18317976806784686,-1.2234468798597486e-38,-0.0005894317188256217,-0.34190460761250574
1770339256.6657994,1.2011544536375998,0.0,0.020000000000000007,1.34998525204456,0.0,0.07049913559794418,0.25,0.12479763081106299,0.18317976806784686,-9.254898414440532e-39,2.788826443437056e-06,-0.3416477116752286
1770339257.09623,1.2011544536375998,0.0,0.020000000000000007,1.3499879066765392,0.0,0.07040929119031424,0.25,0.12479763081106299,0.18317976806784686,-7.178805939616828e-39,-0.000402862646202346,-0.3418318805042892
1770339257.5081728,1.2011544536375998,0.0,0.020000000000000007,1.3499900834747622,0.0,0.07033561877605768,0.25,0.12479763081106299,0.18317976806784686,-5.5694571864950766e-39,-0.0009809393923346102,-0.34213816140470393
1770339257.9270618,1.2011544536375998,0.0,0.020000000000000007,1.349991868449305,0.0,0.07027520739636729,0.25,0.12479763081106299,0.18317976806784686,-4.228703197844819e-39,-0.00017194629616782052,-0.341756756491624
1770339258.343588,1.2011544536375998,0.0,0.020000000000000007,1.34999333212843,0.0,0.07022567006502119,0.25,0.12479763081106299,0.18317976806784686,-3.2876511145138364e-39,-0.00036380682730277484,-0.3417909735006883
1770339258.7680128,1.2011544536375998,0.0,0.020000000000000007,1.3499945323453126,0.0,0.07018504945331737,0.25,0.12479763081106299,0.18317976806784686,-2.492273866891141e-39,-0.0001662467055104292,-0.3416927633988579
1770339259.1849592,1.2011544536375998,0.0,0.020000000000000007,1.3499955165231563,0.0,0.07015174055172024,0.25,0.12479763081106299,0.18317976806784686,-1.9361087809782158e-39,-0.0008796815760341053,-0.34210106830899284
1770339259.599384,1.2011544536375998,0.0,0.020000000000000007,1.3499963235489882,0.0,0.0701244272524106,0.25,0.12479763081106299,0.18317976806784686,-1.4214797681745044e-39,-0.0008277173912923061,-0.34200893914804376
1770339260.020302,1.2011544536375998,0.0,0.020000000000000007,1.3499969853101703,0.0,0.0701020303469767,0.25,0.12479763081106299,0.18317976806784686,-1.1035255741077587e-39,-0.0007245462918889135,-0.3419624742898082
1770339260.4487956,1.2011544536375998,0.0,0.020000000000000007,1.3499975279543397,0.0,0.07008366488452089,0.25,0.12479763081106299,0.18317976806784686,-8.617946422644719e-40,-0.00048583132178653713,-0.34185667119182694
1770339260.8689308,1.2011544536375998,0.0,0.020000000000000007,1.3499979729225586,0.0,0.07006860520530714,0.25,0.12479763081106299,0.18317976806784686,-6.483321793417106e-40,-0.0006928949786578602,-0.3419570378889395
1770339261.2830052,1.2011544536375998,0.0,0.020000000000000007,1.3499983377964981,0.0,0.07005625626835185,0.25,0.12479763081106299,0.18317976806784686,-5.0376320001672195e-40,-0.0002952803055190689,-0.34177728565399684
1770339261.695537,1.2011544536375998,0.0,0.020000000000000007,1.3499986369931285,0.0,0.07004613014004853,0.25,0.12479763081106299,0.18317976806784686,-3.932037609147494e-40,-0.00017927848400083252,-0.34169112345807573
1770339262.1167743,1.2011544536375998,0.0,0.020000000000000007,1.3499988823343654,0.0,0.0700378267148398,0.25,0.12479763081106299,0.18317976806784686,-3.0314027974310338e-40,-0.00040329475801687,-0.3418139330403334
1770339262.5519416,1.2011544536375998,0.0,0.020000000000000007,1.3499990835141795,0.0,0.07003101790616863,0.25,0.12479763081106299,0.18317976806784686,-2.2363775391818033e-40,-0.0003285557635555943,-0.34176163581514735
1770339262.9664865,1.2011544536375998,0.0,0.020000000000000007,1.3499992484816272,0.0,0.07002543468305827,0.25,0.12479763081106299,0.18317976806784686,-1.6924453817517862e-40,0.0004162725182027755,-0.3414562306029979
1770339263.3772597,1.2011544536375998,0.0,0.020000000000000007,1.3499993837549344,0.0,0.07002085644010779,0.25,0.12479763081106299,0.18317976806784686,-1.3597073177081556e-40,0.00013962107161559392,-0.3415477386427744
1770339263.7934017,1.2011544536375998,0.0,0.020000000000000007,1.3499994946790463,0.0,0.0700171022808884,0.25,0.12479763081106299,0.18317976806784686,-1.0570120996896619e-40,-0.00047210125047114003,-0.3418871068913677
1770339264.2165706,1.2011544536375998,0.0,0.020000000000000007,1.349999585636818,0.0,0.07001402387032848,0.25,0.12479763081106299,0.18317976806784686,-7.732131037830293e-41,-0.0006313679665209378,-0.3419214946887889
1770339264.6404839,1.2011544536375998,0.0,0.020000000000000007,1.3499996602221909,0.0,0.07001149957366935,0.25,0.12479763081106299,0.18317976806784686,-5.838661290056789e-41,-0.00024081951399331061,-0.34174934863617284
1770339265.0643208,1.2011544536375998,0.0,0.020000000000000007,1.3499997213821966,0.0,0.07000942965040888,0.25,0.12479763081106299,0.18317976806784686,-4.559549207328224e-41,-0.0008258222744707398,-0.34206129544720654
1770339265.4879787,1.2011544536375998,0.0,0.020000000000000007,1.3499997715334011,0.0,0.07000773231333528,0.25,0.12479763081106299,0.18317976806784686,-3.4285209368052416e-41,-0.0006184011009975337,-0.3419198267017695
1770339265.914414,1.2011544536375998,0.0,0.020000000000000007,1.3499998126573889,0.0,0.07000634049693492,0.25,0.12479763081106299,0.18317976806784686,-2.6628323673711976e-41,6.869215165166613e-06,-0.3416489764579571
1770339266.341073,1.2011544536375998,0.0,0.020000000000000007,1.349999846379059,0.0,0.07000519920748664,0.25,0.12479763081106299,0.18317976806784686,-2.1067740942046825e-41,-0.00022142106248726145,-0.3417234235929323
1770339266.7553437,1.2011544536375998,0.0,0.020000000000000007,1.3499998740308283,0.0,0.07000426335013905,0.25,0.12479763081106299,0.18317976806784686,-1.4945692306388476e-41,-0.0007073960135971574,-0.341992179535833
1770339267.1621807,1.2011544536375998,0.0,0.020000000000000007,1.3499998967052793,0.0,0.07000349594711403,0.25,0.12479763081106299,0.18317976806784686,-1.185383268393412e-41,-0.0001532805343824631,-0.34172193584903615
1770339267.5770729,1.2011544536375998,0.0,0.020000000000000007,1.349999915298329,0.0,0.0700028666766335,0.25,0.12479763081106299,0.18317976806784686,-9.174612072508975e-42,-0.0003494125079715848,-0.34178420348526817
1770339268.0017614,1.2011544536375998,0.0,0.020000000000000007,1.34999993054463,0.0,0.07000235067483947,0.25,0.12479763081106299,0.18317976806784686,-6.95606751318016e-42,0.00037157204035866533,-0.34147619646857713
1770339268.415275,1.2011544536375998,0.0,0.020000000000000007,1.3499999430465965,0.0,0.07000192755336837,0.25,0.12479763081106299,0.18317976806784686,-6.733776314794318e-42,-0.0006662987780201447,-0.3420268205047714
1770339268.827154,1.2011544536375998,0.0,0.020000000000000007,1.3499999532982092,0.0,0.07000158059376206,0.25,0.12479763081106299,0.18317976806784686,-4.1870740008245406e-42,-0.0006061031901722011,-0.34189895518779434
1770339269.2462978,1.2011544536375998,0.0,0.020000000000000007,1.3499999617045315,0.0,0.07000129608688489,0.25,0.12479763081106299,0.18317976806784686,-3.1655239825575554e-42,-0.0006491439156072151,-0.3419187600642705
1770339269.6648986,1.2011544536375998,0.0,0.020000000000000007,1.3499999685977158,0.0,0.07000106279124561,0.25,0.12479763081106299,0.18317976806784686,-2.4555888090533847e-42,-0.0004533626895393644,-0.34183614350129987
1770339270.0746121,1.2011544536375998,0.0,0.020000000000000007,1.349999974250127,0.0,0.0700008714888214,0.25,0.12479763081106299,0.18317976806784686,-1.858094333627666e-42,-0.0009363476515911078,-0.3421063563559242
1770339270.5019453,1.2011544536375998,0.0,0.020000000000000007,1.349999978885104,0.0,0.07000071462083356,0.25,0.12479763081106299,0.18317976806784686,-1.446389168336703e-42,-0.00023841041502982191,-0.34177888296509445
1770339270.9130547,1.2011544536375998,0.0,0.020000000000000007,1.3499999826857854,0.0,0.07000058598908351,0.25,0.12479763081106299,0.18317976806784686,-1.1149364625414371e-42,-0.0007198058678496849,-0.34199792651313027
1770339271.3572838,1.2011544536375998,0.0,0.020000000000000007,1.349999985802344,0.0,0.07000048051104849,0.25,0.12479763081106299,0.18317976806784686,-8.261378614507494e-43,-0.0008962951831026653,-0.34205568055700003
1770339271.7913258,1.2011544536375998,0.0,0.020000000000000007,1.3499999883579221,0.0,0.07000039401905976,0.25,0.12479763081106299,0.18317976806784686,-6.3893701582663625e-43,-0.0005492723080226353,-0.34189922247544274
1770339272.2216861,1.2011544536375998,0.0,0.020000000000000007,1.349999990453496,0.0,0.07000032309562901,0.25,0.12479763081106299,0.18317976806784686,-4.886616986551691e-43,4.036400382278777e-06,-0.34164319670457277
1770339272.6426737,1.2011544536375998,0.0,0.020000000000000007,1.3499999921718668,0.0,0.07000026493841578,0.25,0.12479763081106299,0.18317976806784686,-3.67633525201942e-43,-0.0003020443223821812,-0.341771514267391
1770339273.0548115,1.2011544536375998,0.0,0.020000000000000007,1.3499999935809308,0.0,0.07000021724950094,0.25,0.12479763081106299,0.18317976806784686,-3.420146018478587e-43,-0.00027306021706662833,-0.34172931255298833
1770339273.472779,1.2011544536375998,0.0,0.020000000000000007,1.3499999947363632,0.0,0.07000017814459077,0.25,0.12479763081106299,0.18317976806784686,-2.2149072944129155e-43,-0.00013027629598422403,-0.3416693005740238
1770339273.8898187,1.2011544536375998,0.0,0.020000000000000007,1.3499999956838178,0.0,0.07000014607856443,0.25,0.12479763081106299,0.18317976806784686,-1.6762745436430639e-43,7.069695473674534e-05,-0.34157463288162715
1770339274.2997572,1.2011544536375998,0.0,0.020000000000000007,1.3499999964607305,0.0,0.07000011978442283,0.25,0.12479763081106299,0.18317976806784686,-1.300866084296679e-43,-0.00016270078936235206,-0.3416945742030145
1770339274.711525,1.2011544536375998,0.0,0.020000000000000007,1.3499999970977992,0.0,0.07000009822322673,0.25,0.12479763081106299,0.18317976806784686,-1.0097910305667757e-43,-0.0005936812419873358,-0.3419298227001796
1770339275.1227567,1.2011544536375998,0.0,0.020000000000000007,1.3499999976201953,0.0,0.07000008054304592,0.25,0.12479763081106299,0.18317976806784686,-7.643440861268175e-44,-0.0007509074735445769,-0.34198106039385145
1770339275.5428123,1.2011544536375998,0.0,0.020000000000000007,1.3499999980485602,0.0,0.07000006604529765,0.25,0.12479763081106299,0.18317976806784686,-5.932869654190832e-44,-0.00034635239829567354,-0.34180351574059614
1770339275.9778936,1.2011544536375998,0.0,0.020000000000000007,1.3499999983998194,0.0,0.07000005415714408,0.25,0.12479763081106299,0.18317976806784686,-4.487583578753634e-44,-0.0003515401806838741,-0.34176617290250416
1770339276.390828,1.2011544536375998,0.0,0.020000000000000007,1.349999998687852,0.0,0.07000004440885815,0.25,0.12479763081106299,0.18317976806784686,-3.487708226661448e-44,-0.000631076708898536,-0.34193337604119417
1770339276.808272,1.2011544536375998,0.0,0.020000000000000007,1.3499999989240385,0.0,0.07000003641526369,0.25,0.12479763081106299,0.18317976806784686,-2.6396128703806143e-44,-7.657232392191155e-05,-0.341683620634382
1770339277.2233033,1.2011544536375998,0.0,0.020000000000000007,1.3499999991177116,0.0,0.07000002986051622,0.25,0.12479763081106299,0.18317976806784686,-2.0357329006116732e-44,-0.00019028442170972593,-0.3416963974545571
1770339277.6413,1.2011544536375998,0.0,0.020000000000000007,1.3499999992765235,0.0,0.0700000244856233,0.25,0.12479763081106299,0.18317976806784686,-1.5462652889175465e-44,0.0003056284165486355,-0.34148666110947495
1770339278.054934,1.2011544536375998,0.0,0.020000000000000007,1.3499999994067493,0.0,0.0700000200782111,0.25,0.12479763081106299,0.18317976806784686,-1.204232620543666e-44,0.00016403631830234797,-0.3415220250845969
1770339278.4850345,1.2011544536375998,0.0,0.020000000000000007,1.3499999995135346,0.0,0.0700000164641331,0.25,0.12479763081106299,0.18317976806784686,-9.112652760741195e-45,-0.0005380615159586118,-0.3419291245753288
1770339278.909439,1.2011544536375998,0.0,0.020000000000000007,1.3499999996010983,0.0,0.07000001350058915,0.25,0.12479763081106299,0.18317976806784686,-7.076251165108573e-45,-0.0001671384059562274,-0.3417105455479018
1770339279.3243616,1.2011544536375998,0.0,0.020000000000000007,1.3499999996729006,0.0,0.0700000110704831,0.25,0.12479763081106299,0.18317976806784686,-5.36011629900213e-45,-0.000811024691065531,-0.34205978500796713
1770339279.771615,1.2011544536375998,0.0,0.020000000000000007,1.3499999997317786,0.0,0.07000000907779615,0.25,0.12479763081106299,0.18317976806784686,-4.042480240022577e-45,-0.00036497270313064906,-0.34181697558428226
1770339280.1847878,1.2011544536375998,0.0,0.020000000000000007,1.3499999997800585,0.0,0.07000000744379284,0.25,0.12479763081106299,0.18317976806784686,-3.195322698880007e-45,-0.0010281475979456345,-0.34217027532237776
1770339280.611456,1.2011544536375998,0.0,0.020000000000000007,1.349999999819648,0.0,0.07000000610391013,0.25,0.12479763081106299,0.18317976806784686,-2.3853505746741042e-45,-0.0005739607386803291,-0.34192228308919015
1770339281.0304408,1.2011544536375998,0.0,0.020000000000000007,1.3499999998521113,0.0,0.07000000500520631,0.25,0.12479763081106299,0.18317976806784686,-1.8520004405587674e-45,-0.00042218835232643966,-0.341816155448722
1770339281.4471374,1.2011544536375998,0.0,0.020000000000000007,1.3499999998787313,0.0,0.07000000410426918,0.25,0.12479763081106299,0.18317976806784686,-1.4005907513050004e-45,-0.0008572964421611659,-0.34206204306398746
1770339281.8586829,1.2011544536375998,0.0,0.020000000000000007,1.3499999999005596,0.0,0.07000000336550073,0.25,0.12479763081106299,0.18317976806784686,-1.0881063784294718e-45,-0.0004434897211361461,-0.34185300956659403
1770339282.2743368,1.2011544536375998,0.0,0.020000000000000007,1.3499999999184589,0.0,0.0700000027597106,0.25,0.12479763081106299,0.18317976806784686,-8.192485974862546e-46,-0.0005906395502107673,-0.34189991879193626
1770339282.68861,1.2011544536375998,0.0,0.020000000000000007,1.3499999999331362,0.0,0.0700000022629627,0.25,0.12479763081106299,0.18317976806784686,-7.699838351828244e-46,-0.0001594777359844163,-0.3417127390833382
1770339283.1098833,1.2011544536375998,0.0,0.020000000000000007,1.3499999999451717,0.0,0.07000000185562942,0.25,0.12479763081106299,0.18317976806784686,-4.9796329777358095e-46,2.57880251531488e-05,-0.34159551659746057
1770339283.524915,1.2011544536375998,0.0,0.020000000000000007,1.349999999955041,0.0,0.07000000152161613,0.25,0.12479763081106299,0.18317976806784686,-3.7324223489359985e-46,0.0003676092696265692,-0.3414402615235575
1770339283.9356556,1.2011544536375998,0.0,0.020000000000000007,1.3499999999631336,0.0,0.07000000124772524,0.25,0.12479763081106299,0.18317976806784686,-2.9288636691368204e-46,-9.344466137277798e-05,-0.34168271175770976
1770339284.3491933,1.2011544536375998,0.0,0.020000000000000007,1.3499999999697696,0.0,0.0700000010231347,0.25,0.12479763081106299,0.18317976806784686,-2.27707875168723e-46,-0.0006126272843092438,-0.3419481159383717
1770339284.7685187,1.2011544536375998,0.0,0.020000000000000007,1.349999999975211,0.0,0.07000000083897046,0.25,0.12479763081106299,0.18317976806784686,-1.7246773290949643e-46,-0.0010665689680706596,-0.3421685626863349
1770339285.1814315,1.2011544536375998,0.0,0.020000000000000007,1.349999999979673,0.0,0.07000000068795577,0.25,0.12479763081106299,0.18317976806784686,-1.3419281358631943e-46,-0.00029062055779054705,-0.3418127891538467
1770339285.5996869,1.2011544536375998,0.0,0.020000000000000007,1.3499999999833319,0.0,0.07000000056412373,0.25,0.12479763081106299,0.18317976806784686,-1.0170268362853089e-46,-0.00020519648144259634,-0.34170102468227953
1770339286.0193706,1.2011544536375998,0.0,0.020000000000000007,1.3499999999863321,0.0,0.07000000046258145,0.25,0.12479763081106299,0.18317976806784686,-7.834288834025439e-47,-4.217079540058178e-07,-0.3416105723652493
1770339286.4382067,1.2011544536375998,0.0,0.020000000000000007,1.3499999999887924,0.0,0.07000000037931679,0.25,0.12479763081106299,0.18317976806784686,-5.988053296322726e-47,6.66224624443391e-05,-0.34156327721974106
1770339286.8570197,1.2011544536375998,0.0,0.020000000000000007,1.3499999999908097,0.0,0.07000000031103977,0.25,0.12479763081106299,0.18317976806784686,-4.554001597144404e-47,-0.00026528523445152593,-0.3417557174208388
1770339287.2717245,1.2011544536375998,0.0,0.020000000000000007,1.349999999992464,0.0,0.07000000025505261,0.25,0.12479763081106299,0.18317976806784686,-3.5377459115611175e-47,-0.00018735555216683883,-0.3416913547782353
1770339287.6842515,1.2011544536375998,0.0,0.020000000000000007,1.3499999999938204,0.0,0.07000000020914314,0.25,0.12479763081106299,0.18317976806784686,-2.676270859610204e-47,0.0005716694383122757,-0.34137995181381525
1770339288.0999546,1.2011544536375998,0.0,0.020000000000000007,1.3499999999949328,0.0,0.07000000017149738,0.25,0.12479763081106299,0.18317976806784686,-2.1291711129431186e-47,-0.0001075574228149348,-0.3417115854314436
1770339288.5101235,1.2011544536375998,0.0,0.020000000000000007,1.349999999995845,0.0,0.07000000014062785,0.25,0.12479763081106299,0.18317976806784686,-1.6594284518788156e-47,-0.0002573282034910143,-0.34173352521373657
1770339288.9259264,1.2011544536375998,0.0,0.020000000000000007,1.3499999999965928,0.0,0.07000000011531483,0.25,0.12479763081106299,0.18317976806784686,-1.2580135547240396e-47,-0.0005068654527844403,-0.341868270485245
1770339289.3466754,1.2011544536375998,0.0,0.020000000000000007,1.349999999997206,0.0,0.07000000009455816,0.25,0.12479763081106299,0.18317976806784686,-9.47345039039122e-48,-0.0005950903496340248,-0.3418962516984254
1770339289.7682095,1.2011544536375998,0.0,0.020000000000000007,1.349999999997709,0.0,0.07000000007753769,0.25,0.12479763081106299,0.18317976806784686,-7.403797234579386e-48,-0.000618031266530331,-0.34190119375887823
1770339290.2007043,1.2011544536375998,0.0,0.020000000000000007,1.3499999999981214,0.0,0.07000000006358091,0.25,0.12479763081106299,0.18317976806784686,-5.424770625072621e-48,-0.0004029141184675285,-0.3418128528079635
1770339290.6148293,1.2011544536375998,0.0,0.020000000000000007,1.3499999999984595,0.0,0.07000000005213634,0.25,0.12479763081106299,0.18317976806784686,-4.3598446802226635e-48,-0.00045270604573585666,-0.3418212162495182
1770339291.028248,1.2011544536375998,0.0,0.020000000000000007,1.3499999999987369,0.0,0.07000000004275181,0.25,0.12479763081106299,0.18317976806784686,-3.267560720993823e-48,-5.7768393884892374e-05,-0.341658261996051
1770339291.4438646,1.2011544536375998,0.0,0.020000000000000007,1.3499999999989643,0.0,0.07000000003505648,0.25,0.12479763081106299,0.18317976806784686,-2.4678968968447956e-48,0.00021936122403195797,-0.3415079163836991
1770339291.8608873,1.2011544536375998,0.0,0.020000000000000007,1.3499999999991508,0.0,0.07000000002874632,0.25,0.12479763081106299,0.18317976806784686,-1.9197285935741068e-48,0.0007125062042335131,-0.34128294542982685
1770339292.3014743,1.2011544536375998,0.0,0.020000000000000007,1.3499999999993038,0.0,0.07000000002357198,0.25,0.12479763081106299,0.18317976806784686,-1.4523599869734373e-48,-0.0007092183913687212,-0.342086665689168
1770339292.7214906,1.2011544536375998,0.0,0.020000000000000007,1.349999999999429,0.0,0.07000000001932903,0.25,0.12479763081106299,0.18317976806784686,-1.1274728991622778e-48,-8.649246770898715e-05,-0.3416954028601439
1770339293.1367984,1.2011544536375998,0.0,0.020000000000000007,1.3499999999995318,0.0,0.0700000000158498,0.25,0.12479763081106299,0.18317976806784686,-8.528001960044685e-49,0.00033137840491805905,-0.3414659819187271
1770339293.55225,1.2011544536375998,0.0,0.020000000000000007,1.3499999999996162,0.0,0.07000000001299683,0.25,0.12479763081106299,0.18317976806784686,-6.622773567029781e-49,0.0006177017378442143,-0.34130966549829395
1770339293.9721463,1.2011544536375998,0.0,0.020000000000000007,1.3499999999996852,0.0,0.0700000000106574,0.25,0.12479763081106299,0.18317976806784686,-5.010954843617234e-49,-0.0004210199829797986,-0.34190426619749575
1770339294.3839612,1.2011544536375998,0.0,0.020000000000000007,1.3499999999997419,0.0,0.07000000000873907,0.25,0.12479763081106299,0.18317976806784686,-3.880258852625702e-49,-0.00043114616397246634,-0.3418064697340089
1770339294.799983,1.2011544536375998,0.0,0.020000000000000007,1.3499999999997883,0.0,0.07000000000716604,0.25,0.12479763081106299,0.18317976806784686,-2.943141661539367e-49,-0.00047946434307839325,-0.3418344480233732
1770339295.2179196,1.2011544536375998,0.0,0.020000000000000007,1.3499999999998264,0.0,0.07000000000587615,0.25,0.12479763081106299,0.18317976806784686,-2.2862078749884404e-49,-0.0007445356959023867,-0.341988659017157
1770339295.651964,1.2011544536375998,0.0,0.020000000000000007,1.3499999999998578,0.0,0.07000000000481844,0.25,0.12479763081106299,0.18317976806784686,-1.7286854759359545e-49,-0.0008946365429331578,-0.3420522123900931
1770339296.0639572,1.2011544536375998,0.0,0.020000000000000007,1.3499999999998833,0.0,0.07000000000395112,0.25,0.12479763081106299,0.18317976806784686,-1.3423483030754235e-49,-0.00019361476614867905,-0.3417567935946762
1770339296.4834242,1.2011544536375998,0.0,0.020000000000000007,1.3499999999999044,0.0,0.07000000000323993,0.25,0.12479763081106299,0.18317976806784686,-1.0155109152091833e-49,-0.0002762195130904913,-0.34173625426516285
1770339296.9020464,1.2011544536375998,0.0,0.020000000000000007,1.3499999999999217,0.0,0.07000000000265674,0.25,0.12479763081106299,0.18317976806784686,-7.879466242141067e-50,-1.9381433828470282e-05,-0.3416252585587639
1770339297.3181314,1.2011544536375998,0.0,0.020000000000000007,1.349999999999936,0.0,0.07000000000217853,0.25,0.12479763081106299,0.18317976806784686,-5.929262577340999e-50,-0.00016658640022207622,-0.3416878977306738
1770339297.7380865,1.2011544536375998,0.0,0.020000000000000007,1.3499999999999475,0.0,0.0700000000017864,0.25,0.12479763081106299,0.18317976806784686,-4.648640028055256e-50,0.0008037485427307275,-0.3412850432568534
1770339298.161388,1.2011544536375998,0.0,0.020000000000000007,1.349999999999957,0.0,0.07000000000146485,0.25,0.12479763081106299,0.18317976806784686,-3.490333315694074e-50,0.0006786685063475387,-0.341263057784388
1770339298.5729659,1.2011544536375998,0.0,0.020000000000000007,1.3499999999999648,0.0,0.07000000000120117,0.25,0.12479763081106299,0.18317976806784686,-2.7171682808719527e-50,0.0009766215424011505,-0.3411313685663282
1770339298.9835274,1.2011544536375998,0.0,0.020000000000000007,1.3499999999999712,0.0,0.07000000000098495,0.25,0.12479763081106299,0.18317976806784686,-2.1098217549940012e-50,-0.0005312865995066285,-0.3420063181478675
1770339299.4096766,1.2011544536375998,0.0,0.020000000000000007,1.3499999999999763,0.0,0.07000000000080767,0.25,0.12479763081106299,0.18317976806784686,-1.5944549507793277e-50,0.0002378389595545335,-0.3415478771100523
1770339299.8449671,1.2011544536375998,0.0,0.020000000000000007,1.3499999999999805,0.0,0.07000000000066228,0.25,0.12479763081106299,0.18317976806784686,-1.2084820198830188e-50,-0.0005593293754381737,-0.3419492655551418
1770339300.267488,1.2011544536375998,0.0,0.020000000000000007,1.349999999999984,0.0,0.07000000000054307,0.25,0.12479763081106299,0.18317976806784686,-9.379740976486224e-51,-0.00018790242644375514,-0.34172097794204476
1770339300.6871922,1.2011544536375998,0.0,0.020000000000000007,1.349999999999987,0.0,0.07000000000044532,0.25,0.12479763081106299,0.18317976806784686,-7.076421922378095e-51,-0.000944065418084063,-0.3421375330421295
1770339301.1239598,1.2011544536375998,0.0,0.020000000000000007,1.3499999999999894,0.0,0.07000000000036516,0.25,0.12479763081106299,0.18317976806784686,-5.334471463375531e-51,-0.0006404599348377915,-0.3419404745496669
1770339301.5339036,1.2011544536375998,0.0,0.020000000000000007,1.3499999999999914,0.0,0.07000000000029943,0.25,0.12479763081106299,0.18317976806784686,-4.169481120427192e-51,-0.0001334092322068079,-0.34170729372028996
1770339301.9537961,1.2011544536375998,0.0,0.020000000000000007,1.349999999999993,0.0,0.07000000000024553,0.25,0.12479763081106299,0.18317976806784686,-3.1548856690434163e-51,-0.0007961534842534522,-0.34205423520125483
1770339302.3675966,1.2011544536375998,0.0,0.020000000000000007,1.3499999999999943,0.0,0.07000000000020133,0.25,0.12479763081106299,0.18317976806784686,-2.4474943147762246e-51,-0.0002932963924071648,-0.34178681793931165
1770339302.779811,1.2011544536375998,0.0,0.020000000000000007,1.3499999999999954,0.0,0.0700000000001651,0.25,0.12479763081106299,0.18317976806784686,-1.9001408024569313e-51,0.0002855111207676961,-0.34150500922485705
1770339303.2052422,1.2011544536375998,0.0,0.020000000000000007,1.3499999999999963,0.0,0.07000000000013538,0.25,0.12479763081106299,0.18317976806784686,-1.437913863535896e-51,0.0001759357322045219,-0.3415128737066775
1770339303.640007,1.2011544536375998,0.0,0.020000000000000007,1.349999999999997,0.0,0.07000000000011102,0.25,0.12479763081106299,0.18317976806784686,-1.0891676632467944e-51,2.7716085772858058e-05,-0.3415908479556801
1770339304.0604808,1.2011544536375998,0.0,0.020000000000000007,1.3499999999999976,0.0,0.07000000000009103,0.25,0.12479763081106299,0.18317976806784686,-8.472856554486515e-52,-0.00034791881841815,-0.3418014069335516
1770339304.4824266,1.2011544536375998,0.0,0.020000000000000007,1.349999999999998,0.0,0.07000000000007464,0.25,0.12479763081106299,0.18317976806784686,-6.3855848939742696e-52,-0.0004000941923504439,-0.3417951486674919
1770339304.8991766,1.2011544536375998,0.0,0.020000000000000007,1.3499999999999985,0.0,0.07000000000006121,0.25,0.12479763081106299,0.18317976806784686,-4.962418752525936e-52,-0.0002780112278900241,-0.3417410979443145
1770339305.3102102,1.2011544536375998,0.0,0.020000000000000007,1.3499999999999988,0.0,0.07000000000005019,0.25,0.12479763081106299,0.18317976806784686,-3.822376794244386e-52,-0.0008692590976711416,-0.3420836383697371
1770339305.7206287,1.2011544536375998,0.0,0.020000000000000007,1.349999999999999,0.0,0.07000000000004115,0.25,0.12479763081106299,0.18317976806784686,-2.909057653689e-52,-0.0005521627479414795,-0.3418976750428671
1770339306.1550279,1.2011544536375998,0.0,0.020000000000000007,1.3499999999999992,0.0,0.07000000000003374,0.25,0.12479763081106299,0.18317976806784686,-2.2624899149509014e-52,-0.00018795089884659092,-0.3417202806682562
1770339306.58554,1.2011544536375998,0.0,0.020000000000000007,1.3499999999999994,0.0,0.07000000000002767,0.25,0.12479763081106299,0.18317976806784686,-1.711919911595372e-52,-0.00018534182120305765,-0.34168281585228927
1770339307.0031323,1.2011544536375998,0.0,0.020000000000000007,1.3499999999999996,0.0,0.07000000000002268,0.25,0.12479763081106299,0.18317976806784686,-1.295448455318315e-52,-0.0009727294114795303,-0.34215498749869083
1770339307.4170527,1.2011544536375998,0.0,0.020000000000000007,1.3499999999999996,0.0,0.0700000000000186,0.25,0.12479763081106299,0.18317976806784686,-1.006835343571609e-52,-3.8132487351105645e-05,-0.34170240997001183
1770339307.836941,1.2011544536375998,0.0,0.020000000000000007,1.3499999999999996,0.0,0.07000000000001526,0.25,0.12479763081106299,0.18317976806784686,-7.659137312606516e-53,-7.562470836826508e-05,-0.3416314456102093
1770339308.2568908,1.2011544536375998,0.0,0.020000000000000007,1.3499999999999996,0.0,0.07000000000001251,0.25,0.12479763081106299,0.18317976806784686,-5.949136645734343e-53,0.00029745435785782763,-0.34147846476161714
1770339308.682552,1.2011544536375998,0.0,0.020000000000000007,1.3499999999999996,0.0,0.07000000000001026,0.25,0.12479763081106299,0.18317976806784686,-4.506608353254975e-53,-7.364084497561273e-05,-0.3416638139766946
1770339309.0951622,1.2011544536375998,0.0,0.020000000000000007,1.3499999999999996,0.0,0.07000000000000842,0.25,0.12479763081106299,0.18317976806784686,-3.497939769276157e-53,-0.0003849025813700211,-0.3418134614982479
1770339309.5191762,1.2011544536375998,0.0,0.020000000000000007,1.3499999999999996,0.0,0.0700000000000069,0.25,0.12479763081106299,0.18317976806784686,-2.6493536502374566e-53,0.00012276019204577557,-0.34157927021524215
1770339309.9316447,1.2011544536375998,0.0,0.020000000000000007,1.3499999999999996,0.0,0.07000000000000567,0.25,0.12479763081106299,0.18317976806784686,-2.033955331544759e-53,-0.000967170137395056,-0.342182462135565
1770339310.3509119,1.2011544536375998,0.0,0.020000000000000007,1.3499999999999996,0.0,0.07000000000000466,0.25,0.12479763081106299,0.18317976806784686,-1.596267194508881e-53,-0.0004791142115283845,-0.3418782467322743
1770339310.7680922,1.2011544536375998,0.0,0.020000000000000007,1.3499999999999996,0.0,0.07000000000000382,0.25,0.12479763081106299,0.18317976806784686,-1.2102163005738481e-53,-0.0008369752305478599,-0.3420441577510993
1770339311.1818564,1.2011544536375998,0.0,0.020000000000000007,1.3499999999999996,0.0,0.07000000000000314,0.25,0.12479763081106299,0.18317976806784686,-9.393405918728243e-54,-0.0004868789090531155,-0.34186833312059944
1770339311.5974638,1.2011544536375998,0.0,0.020000000000000007,1.3499999999999996,0.0,0.07000000000000257,0.25,0.12479763081106299,0.18317976806784686,-7.111650902883348e-54,-0.000461487161072347,-0.3418231667892577
1770339312.010093,1.2011544536375998,0.0,0.020000000000000007,1.3499999999999996,0.0,0.07000000000000212,0.25,0.12479763081106299,0.18317976806784686,-5.518317656588922e-54,-0.0003157152552540926,-0.3417623188521323
1770339312.4274397,1.2011544536375998,0.0,0.020000000000000007,1.3499999999999996,0.0,0.07000000000000174,0.25,0.12479763081106299,0.18317976806784686,-4.286414265506415e-54,-0.0006112188416523416,-0.3419250438133894
1770339312.843169,1.2011544536375998,0.0,0.020000000000000007,1.3499999999999996,0.0,0.07000000000000142,0.25,0.12479763081106299,0.18317976806784686,-3.2116363120898516e-54,5.220153784967152e-05,-0.3416301253029488
1770339313.267867,1.2011544536375998,0.0,0.020000000000000007,1.3499999999999996,0.0,0.07000000000000117,0.25,0.12479763081106299,0.18317976806784686,-2.4875394129437106e-54,9.604662768775867e-06,-0.34158934139004715
1770339313.6829934,1.2011544536375998,0.0,0.020000000000000007,1.3499999999999996,0.0,0.07000000000000096,0.25,0.12479763081106299,0.18317976806784686,-1.907484064919056e-54,0.000834528770699978,-0.34125511205936654
1770339314.1059148,1.2011544536375998,0.0,0.020000000000000007,1.3499999999999996,0.0,0.0700000000000008,0.25,0.12479763081106299,0.18317976806784686,-1.4808478976930163e-54,0.000722398755957193,-0.3412398976574191
1770339314.523629,1.2011544536375998,0.0,0.020000000000000007,1.3499999999999996,0.0,0.07000000000000066,0.25,0.12479763081106299,0.18317976806784686,-1.1211182901463925e-54,0.0001695098356316571,-0.34156041800814013
1770339314.9423194,1.2011544536375998,0.0,0.020000000000000007,1.3499999999999996,0.0,0.07000000000000055,0.25,0.12479763081106299,0.18317976806784686,-8.701896658039282e-55,1.226051745369653e-05,-0.34159947870701435
1770339315.3763978,1.2011544536375998,0.0,0.020000000000000007,1.3499999999999996,0.0,0.07000000000000045,0.25,0.12479763081106299,0.18317976806784686,-6.593445710687054e-55,-0.0008632700434532338,-0.34210907211174074
1770339315.787239,1.2011544536375998,0.0,0.020000000000000007,1.3499999999999996,0.0,0.07000000000000037,0.25,0.12479763081106299,0.18317976806784686,-5.1034610865425325e-55,-0.0008201592522962548,-0.34200427473918726
1770339316.232374,1.2011544536375998,0.0,0.020000000000000007,1.3499999999999996,0.0,0.0700000000000003,0.25,0.12479763081106299,0.18317976806784686,-3.8101287491959e-55,-0.0008810945333611737,-0.3420365248287105
1770339316.6465309,1.2011544536375998,0.0,0.020000000000000007,1.3499999999999996,0.0,0.07000000000000024,0.25,0.12479763081106299,0.18317976806784686,-3.5154409081626954e-55,-6.565530513214456e-05,-0.3417042556093124
1770339317.064106,1.2011544536375998,0.0,0.020000000000000007,1.3499999999999996,0.0,0.0700000000000002,0.25,0.12479763081106299,0.18317976806784686,-2.2411433745858705e-55,-0.0007888421104626952,-0.3420566237696878
1770339317.4839678,1.2011544536375998,0.0,0.020000000000000007,1.3499999999999996,0.0,0.07000000000000016,0.25,0.12479763081106299,0.18317976806784686,-1.724800477839047e-55,-0.00044960742638253045,-0.34184861121552274
1770339317.8926716,1.2011544536375998,0.0,0.020000000000000007,1.3499999999999996,0.0,0.07000000000000013,0.25,0.12479763081106299,0.18317976806784686,-1.3390067605080025e-55,-0.0006674619020018009,-0.3419454004324863
1770339318.3141475,1.2011544536375998,0.0,0.020000000000000007,1.3499999999999996,0.0,0.0700000000000001,0.25,0.12479763081106299,0.18317976806784686,-9.958079236315162e-56,0.00013889875463678488,-0.3416010707222689
1770339318.7400014,1.2011544536375998,0.0,0.020000000000000007,1.3499999999999996,0.0,0.07000000000000009,0.25,0.12479763081106299,0.18317976806784686,-7.878925929168492e-56,0.001068308510810763,-0.34114867075413546
1770339319.161288,1.2011544536375998,0.0,0.020000000000000007,1.3499999999999996,0.0,0.07000000000000008,0.25,0.12479763081106299,0.18317976806784686,-5.97472622046387e-56,0.0004283882252895894,-0.34143968194983076
1770339319.5760157,1.2011544536375998,0.0,0.020000000000000007,1.3499999999999996,0.0,0.07000000000000006,0.25,0.12479763081106299,0.18317976806784686,-4.644257134003954e-56,-6.145900637318874e-05,-0.3416695982602763
1770339319.9898422,1.2011544536375998,0.0,0.020000000000000007,1.3499999999999996,0.0,0.07000000000000005,0.25,0.12479763081106299,0.18317976806784686,-3.6127156585572373e-56,2.941184099932901e-06,-0.3415948534609208
1770339320.4035256,1.2011544536375998,0.0,0.020000000000000007,1.3499999999999996,0.0,0.07000000000000003,0.25,0.12479763081106299,0.18317976806784686,-2.729506307533229e-56,-0.0010499328305009666,-0.342220137850634
1770339320.827306,1.2011544536375998,0.0,0.020000000000000007,1.3499999999999996,0.0,0.07000000000000003,0.25,0.12479763081106299,0.18317976806784686,-2.0685374832615324e-56,-0.00041068180327736735,-0.3418591500382845
1770339321.2591097,1.2011544536375998,0.0,0.020000000000000007,1.3499999999999996,0.0,0.07000000000000003,0.25,0.12479763081106299,0.18317976806784686,-1.5655162561393471e-56,-0.00010542652579993071,-0.34167312282457113
1770339321.6717408,1.2011544536375998,0.0,0.020000000000000007,1.3499999999999996,0.0,0.07000000000000003,0.25,0.12479763081106299,0.18317976806784686,-1.2299835108035158e-56,-0.001028913022223489,-0.34219668919467755
1770339322.0873678,1.2011544536375998,0.0,0.020000000000000007,1.3499999999999996,0.0,0.07000000000000003,0.25,0.12479763081106299,0.18317976806784686,-9.539375059247901e-57,-0.0008403804830378619,-0.3420289275293609
1770339322.5027907,1.2011544536375998,0.0,0.020000000000000007,1.3499999999999996,0.0,0.07000000000000003,0.25,0.12479763081106299,0.18317976806784686,-7.400737466189002e-57,-9.807065266287095e-05,-0.34171315034329236
1770339322.9137828,1.2011544536375998,0.0,0.020000000000000007,1.3499999999999996,0.0,0.07000000000000003,0.25,0.12479763081106299,0.18317976806784686,-5.400675874408044e-57,-0.0005359821100973068,-0.3419016662347155
1770339323.3319936,1.2011544536375998,0.0,0.020000000000000007,1.3499999999999996,0.0,0.07000000000000003,0.25,0.12479763081106299,0.18317976806784686,-4.192249021983236e-57,-0.0002856699726734902,-0.3417577502340025
1770339323.7498462,1.2011544536375998,0.0,0.020000000000000007,1.3499999999999996,0.0,0.07000000000000003,0.25,0.12479763081106299,0.18317976806784686,-3.2312008403369466e-57,0.00019410225576092793,-0.3415408101288864
1770339324.1640205,1.2011544536375998,0.0,0.020000000000000007,1.3499999999999996,0.0,0.07000000000000003,0.25,0.12479763081106299,0.18317976806784686,-2.544509274703445e-57,-0.0002366707339251663,-0.34175129669985466
1770339324.581845,1.2011544536375998,0.0,0.020000000000000007,1.3499999999999996,0.0,0.07000000000000003,0.25,0.12479763081106299,0.18317976806784686,-1.9939870675374505e-57,0.00037531437538884817,-0.3414634253571604
1770339324.9933648,1.2011544536375998,0.0,0.020000000000000007,1.3499999999999996,0.0,0.07000000000000003,0.25,0.12479763081106299,0.18317976806784686,-1.5465651351938203e-57,-0.00025552929231704074,-0.3417807330468525
1770339325.4157603,1.2011544536375998,0.0,0.020000000000000007,1.3499999999999996,0.0,0.07000000000000003,0.25,0.12479763081106299,0.18317976806784686,-1.1224782112898873e-57,-0.00010854182311394509,-0.3416588536924007
1770339325.8509593,1.2011544536375998,0.0,0.020000000000000007,1.3499999999999996,0.0,0.07000000000000003,0.25,0.12479763081106299,0.18317976806784686,-8.507508265612922e-58,0.0008700073276609172,-0.34125273528517047
1770339326.2662327,1.2011544536375998,0.0,0.020000000000000007,1.3499999999999996,0.0,0.07000000000000003,0.25,0.12479763081106299,0.18317976806784686,-6.571025411123708e-58,0.0003138784168569412,-0.3414885577165754
1770339326.6823602,1.2011544536375998,0.0,0.020000000000000007,1.3499999999999996,0.0,0.07000000000000003,0.25,0.12479763081106299,0.18317976806784686,-5.2093533132694265e-58,-0.0005659266188875525,-0.34196082784694165
1770339327.1331217,1.2011544536375998,0.0,0.020000000000000007,1.3499999999999996,0.0,0.07000000000000003,0.25,0.12479763081106299,0.18317976806784686,-3.7717725920536564e-58,-0.0008576065383570609,-0.34204785529504894
1770339327.5481565,1.2011544536375998,0.0,0.020000000000000007,1.3499999999999996,0.0,0.07000000000000003,0.25,0.12479763081106299,0.18317976806784686,-2.930601745684806e-58,-0.0005995134011610157,-0.34191545004822355
1770339327.961508,1.2011544536375998,0.0,0.020000000000000007,1.3499999999999996,0.0,0.07000000000000003,0.25,0.12479763081106299,0.18317976806784686,-2.214010130139124e-58,0.0001126251393214535,-0.34160478531831096
1770339328.373898,1.2011544536375998,0.0,0.020000000000000007,1.3499999999999996,0.0,0.07000000000000003,0.25,0.12479763081106299,0.18317976806784686,-1.715717479776991e-58,-0.0007203273530693925,-0.3420333429596972
1770339328.7984738,1.2011544536375998,0.0,0.020000000000000007,1.3499999999999996,0.0,0.07000000000000003,0.25,0.12479763081106299,0.18317976806784686,-1.286287036018487e-58,-0.0004148146325589804,-0.34182784262225396
1770339329.2173855,1.2011544536375998,0.0,0.020000000000000007,1.3499999999999996,0.0,0.07000000000000003,0.25,0.12479763081106299,0.18317976806784686,-1.0217485849715522e-58,-0.0003050678028503524,-0.34175339261831944
1770339329.627997,1.2011544536375998,0.0,0.020000000000000007,1.3499999999999996,0.0,0.07000000000000003,0.25,0.12479763081106299,0.18317976806784686,-7.847895716503494e-59,3.2832325607449206e-05,-0.34160725788396545
1770339330.038026,1.2011544536375998,0.0,0.020000000000000007,1.3499999999999996,0.0,0.07000000000000003,0.25,0.12479763081106299,0.18317976806784686,-5.986721704455225e-59,8.747163845701056e-05,-0.3415516121459799
1770339330.4593449,1.2011544536375998,0.0,0.020000000000000007,1.3499999999999996,0.0,0.07000000000000003,0.25,0.12479763081106299,0.18317976806784686,-5.777531665718174e-59,-0.0008184160157575322,-0.34208968080722363
1770339330.8774195,1.2011544536375998,0.0,0.020000000000000007,1.3499999999999996,0.0,0.07000000000000003,0.25,0.12479763081106299,0.18317976806784686,-3.491551048960202e-59,-3.6691480979358384e-05,-0.3416864022278909
1770339331.2919278,1.2011544536375998,0.0,0.020000000000000007,1.3499999999999996,0.0,0.07000000000000003,0.25,0.12479763081106299,0.18317976806784686,-2.707116168637711e-59,0.0007184123791156357,-0.3413061882303751
1770339331.7172468,1.2011544536375998,0.0,0.020000000000000007,1.3499999999999996,0.0,0.07000000000000003,0.25,0.12479763081106299,0.18317976806784686,-2.049215913469751e-59,-0.000168251500045123,-0.3417626761718621
1770339332.1317399,1.2011544536375998,0.0,0.020000000000000007,1.3499999999999996,0.0,0.07000000000000003,0.25,0.12479763081106299,0.18317976806784686,-1.583798886229423e-59,-0.00044900203040241436,-0.34184246010216035
1770339332.5462053,1.2011544536375998,0.0,0.020000000000000007,1.3499999999999996,0.0,0.07000000000000003,0.25,0.12479763081106299,0.18317976806784686,-1.2341175339002949e-59,0.0006779725585473863,-0.3413635952135447
1770339332.9612887,1.2011544536375998,0.0,0.020000000000000007,1.3499999999999996,0.0,0.07000000000000003,0.25,0.12479763081106299,0.18317976806784686,-9.351914867127592e-60,-8.365092300915197e-05,-0.34170787184358364
1770339333.3858082,1.2011544536375998,0.0,0.020000000000000007,1.3499999999999996,0.0,0.07000000000000003,0.25,0.12479763081106299,0.18317976806784686,-7.2610128942372e-60,0.0005837979013810256,-0.34136472996567196
1770339333.8010209,1.2011544536375998,0.0,0.020000000000000007,1.3499999999999996,0.0,0.07000000000000003,0.25,0.12479763081106299,0.18317976806784686,-5.483003385629543e-60,-1.4999364207490254e-05,-0.341657263442586
1770339334.2135708,1.2011544536375998,0.0,0.020000000000000007,1.3499999999999996,0.0,0.07000000000000003,0.25,0.12479763081106299,0.18317976806784686,-4.257182798689814e-60,0.0003806769250628733,-0.341439113200319
1770339334.630054,1.2011544536375998,0.0,0.020000000000000007,1.3499999999999996,0.0,0.07000000000000003,0.25,0.12479763081106299,0.18317976806784686,-3.305310322381136e-60,-0.00020370891167641048,-0.3417501770734356
1770339335.0509615,1.2011544536375998,0.0,0.020000000000000007,1.3499999999999996,0.0,0.07000000000000003,0.25,0.12479763081106299,0.18317976806784686,-2.489293137971317e-60,-0.00048405513057473706,-0.3418599462211006
1770339335.4645991,1.2011544536375998,0.0,0.020000000000000007,1.3499999999999996,0.0,0.07000000000000003,0.25,0.12479763081106299,0.18317976806784686,-1.9484337965562907e-60,-0.0002526007648215641,-0.34173932985290956
1770339335.8861089,1.2011544536375998,0.0,0.020000000000000007,1.3499999999999996,0.0,0.07000000000000003,0.25,0.12479763081106299,0.18317976806784686,-1.4685717951073409e-60,-0.0006302748957790742,-0.3419427888949087
1770339336.3070652,1.2011544536375998,0.0,0.020000000000000007,1.3499999999999996,0.0,0.07000000000000003,0.25,0.12479763081106299,0.18317976806784686,-1.1429755984353157e-60,-0.00016461276006857515,-0.34171875662752876
1770339336.7383745,1.2011544536375998,0.0,0.020000000000000007,1.3499999999999996,0.0,0.07000000000000003,0.25,0.12479763081106299,0.18317976806784686,-8.627158053618037e-61,-0.0005906073319905565,-0.3419277871571109
1770339337.1498296,1.2011544536375998,0.0,0.020000000000000007,1.3499999999999996,0.0,0.07000000000000003,0.25,0.12479763081106299,0.18317976806784686,-6.709647787849038e-61,-0.0007313194592867407,-0.3419696149762964
1770339337.5619738,1.2011544536375998,0.0,0.020000000000000007,1.3499999999999996,0.0,0.07000000000000003,0.25,0.12479763081106299,0.18317976806784686,-5.086484196449136e-61,-0.0002835385905572867,-0.341776431416075
1770339337.9779935,1.2011544536375998,0.0,0.020000000000000007,1.3499999999999996,0.0,0.07000000000000003,0.25,0.12479763081106299,0.18317976806784686,-3.953113762850332e-61,-0.000499906462775196,-0.3418614740525328
1770339338.4012194,1.2011544536375998,0.0,0.020000000000000007,1.3499999999999996,0.0,0.07000000000000003,0.25,0.12479763081106299,0.18317976806784686,-2.9837863646796953e-61,0.00020403078148860165,-0.3415582623676055
1770339338.8263984,1.2011544536375998,0.0,0.020000000000000007,1.3499999999999996,0.0,0.07000000000000003,0.25,0.12479763081106299,0.18317976806784686,-2.3233122011562737e-61,0.0006236908725246704,-0.3413200046067647
1770339339.261677,1.2011544536375998,0.0,0.020000000000000007,1.3499999999999996,0.0,0.07000000000000003,0.25,0.12479763081106299,0.18317976806784686,-1.759457573002777e-61,-0.00043935955953985727,-0.34191586885689984
1770339339.6764197,1.2011544536375998,0.0,0.020000000000000007,1.3499999999999996,0.0,0.07000000000000003,0.25,0.12479763081106299,0.18317976806784686,-1.33235899142293e-61,9.67132827348182e-05,-0.34159513467678354
1770339340.102947,1.2011544536375998,0.0,0.020000000000000007,1.3499999999999996,0.0,0.07000000000000003,0.25,0.12479763081106299,0.18317976806784686,-1.0344726109471212e-61,-0.00035083008184309545,-0.34181005341130277
1770339340.5363874,1.2011544536375998,0.0,0.020000000000000007,1.3499999999999996,0.0,0.07000000000000003,0.25,0.12479763081106299,0.18317976806784686,-7.833670018404645e-62,-4.06293361764729e-05,-0.3416412187765783
1770339340.9499774,1.2011544536375998,0.0,0.020000000000000007,1.3499999999999996,0.0,0.07000000000000003,0.25,0.12479763081106299,0.18317976806784686,-6.081554224503697e-62,-0.0006348045773662282,-0.3419667038467255
1770339341.3614197,1.2011544536375998,0.0,0.020000000000000007,1.3499999999999996,0.0,0.07000000000000003,0.25,0.12479763081106299,0.18317976806784686,-4.607573197156047e-62,-0.0007699245667018077,-0.3419883583162079
1770339341.7741158,1.2011544536375998,0.0,0.020000000000000007,1.3499999999999996,0.0,0.07000000000000003,0.25,0.12479763081106299,0.18317976806784686,-3.594297165036253e-62,-0.000722466121538887,-0.3419558629392092
1770339342.2157922,1.2011544536375998,0.0,0.020000000000000007,1.3499999999999996,0.0,0.07000000000000003,0.25,0.12479763081106299,0.18317976806784686,-2.6842021396991375e-62,-0.0009058768651016272,-0.3420611635408305
1770339342.629127,1.2011544536375998,0.0,0.020000000000000007,1.3499999999999996,0.0,0.07000000000000003,0.25,0.12479763081106299,0.18317976806784686,-2.1330802949514008e-62,-0.00022550881635180757,-0.34177067524697435
1770339343.0464246,1.2011544536375998,0.0,0.020000000000000007,1.3499999999999996,0.0,0.07000000000000003,0.25,0.12479763081106299,0.18317976806784686,-1.5755846551455365e-62,-0.0009524668351852551,-0.3421388132533994
1770339343.47959,1.2011544536375998,0.0,0.020000000000000007,1.3499999999999996,0.0,0.07000000000000003,0.25,0.12479763081106299,0.18317976806784686,-1.1872616513770089e-62,-0.001147325559808516,-0.34218303268628997
1770339343.904444,1.2011544536375998,0.0,0.020000000000000007,1.3499999999999996,0.0,0.07000000000000003,0.25,0.12479763081106299,0.18317976806784686,-9.504591737854584e-63,-0.00023496178953814645,-0.3417986013057195
1770339344.3230257,1.2011544536375998,0.0,0.020000000000000007,1.3499999999999996,0.0,0.07000000000000003,0.25,0.12479763081106299,0.18317976806784686,-7.241768458805963e-63,-0.00011412873358436379,-0.341659031706311
1770339344.738361,1.2011544536375998,0.0,0.020000000000000007,1.3499999999999996,0.0,0.07000000000000003,0.25,0.12479763081106299,0.18317976806784686,-5.61477729976086e-63,-0.00020757612562510744,-0.34170301683594
1770339345.1487017,1.2011544536375998,0.0,0.020000000000000007,1.3499999999999996,0.0,0.07000000000000003,0.25,0.12479763081106299,0.18317976806784686,-4.363555548304529e-63,0.0009068546367058503,-0.34124789979180364
1770339345.5806413,1.2011544536375998,0.0,0.020000000000000007,1.3499999999999996,0.0,0.07000000000000003,0.25,0.12479763081106299,0.18317976806784686,-3.2962700636333615e-63,0.0005273317539699369,-0.34136417044521206
1770339346.0099204,1.2011544536375998,0.0,0.020000000000000007,1.3499999999999996,0.0,0.07000000000000003,0.25,0.12479763081106299,0.18317976806784686,-2.4935962798284246e-63,2.814297449363313e-05,-0.34162573142462427
1770339346.4557002,1.2011544536375998,0.0,0.020000000000000007,1.3499999999999996,0.0,0.07000000000000003,0.25,0.12479763081106299,0.18317976806784686,-1.828005403279918e-63,-0.00012981892094488786,-0.3416705896839397
1770339346.873983,1.2011544536375998,0.0,0.020000000000000007,1.3499999999999996,0.0,0.07000000000000003,0.25,0.12479763081106299,0.18317976806784686,-1.423725665602663e-63,0.00018184456014479298,-0.34153012810196
1770339347.285444,1.2011544536375998,0.0,0.020000000000000007,1.3499999999999996,0.0,0.07000000000000003,0.25,0.12479763081106299,0.18317976806784686,-1.1023538274858233e-63,-2.0280753418807447e-05,-0.34162023694198923
1770339347.6971805,1.2011544536375998,0.0,0.020000000000000007,1.3499999999999996,0.0,0.07000000000000003,0.25,0.12479763081106299,0.18317976806784686,-8.595905248771688e-64,-0.001001628365500116,-0.3421888329778816
1770339348.1150944,1.2011544536375998,0.0,0.020000000000000007,1.3499999999999996,0.0,0.07000000000000003,0.25,0.12479763081106299,0.18317976806784686,-6.500636783815477e-64,-0.0014740784245888998,-0.34237416825212674
1770339348.562224,1.2011544536375998,0.0,0.020000000000000007,1.3499999999999996,0.0,0.07000000000000003,0.25,0.12479763081106299,0.18317976806784686,-4.7709351931180274e-64,-0.0006632462736524815,-0.3420025903858433
1770339348.977221,1.2011544536375998,0.0,0.020000000000000007,1.3499999999999996,0.0,0.07000000000000003,0.25,0.12479763081106299,0.18317976806784686,-3.8139762670117646e-64,-0.0009111966001441555,-0.3420702773666447
1770339349.4197917,1.2011544536375998,0.0,0.020000000000000007,1.3499999999999996,0.0,0.07000000000000003,0.25,0.12479763081106299,0.18317976806784686,-2.8948111723449976e-64,-0.0010265804400689251,-0.34211471263795035
1770339349.8546517,1.2011544536375998,0.0,0.020000000000000007,1.3499999999999996,0.0,0.07000000000000003,0.25,0.12479763081106299,0.18317976806784686,-2.1949709097939868e-64,-0.0007643913188265,-0.3419982986054609
1770339350.276505,1.2011544536375998,0.0,0.020000000000000007,1.3499999999999996,0.0,0.07000000000000003,0.25,0.12479763081106299,0.18317976806784686,-1.659988953526018e-64,-0.0008861389010036129,-0.34204512824264294
1770339350.6947007,1.2011544536375998,0.0,0.020000000000000007,1.3499999999999996,0.0,0.07000000000000003,0.25,0.12479763081106299,0.18317976806784686,-1.3182571986544742e-64,-9.945726967306535e-05,-0.34171828083189304
1770339351.133908,1.2011544536375998,0.0,0.020000000000000007,1.3499999999999996,0.0,0.07000000000000003,0.25,0.12479763081106299,0.18317976806784686,-9.425487858050074e-65,-0.00043346600591600225,-0.3418400179105057
1770339351.547919,1.2011544536375998,0.0,0.020000000000000007,1.3499999999999996,0.0,0.07000000000000003,0.25,0.12479763081106299,0.18317976806784686,-7.310473537008275e-65,-0.0004079182574211796,-0.3417963979374835
1770339351.9687023,1.2011544536375998,0.0,0.020000000000000007,1.3499999999999996,0.0,0.07000000000000003,0.25,0.12479763081106299,0.18317976806784686,-5.536718518772872e-65,-0.00010499492846735806,-0.3416726738310525
1770339352.3869631,1.2011544536375998,0.0,0.020000000000000007,1.3499999999999996,0.0,0.07000000000000003,0.25,0.12479763081106299,0.18317976806784686,-4.285065361081532e-65,0.00022656010287423493,-0.34150975948562046
1770339352.8009148,1.2011544536375998,0.0,0.020000000000000007,1.3499999999999996,0.0,0.07000000000000003,0.25,0.12479763081106299,0.18317976806784686,-3.2509477222084557e-65,0.00031161021286566626,-0.34144258393848975
1770339353.2168226,1.2011544536375998,0.0,0.020000000000000007,1.3499999999999996,0.0,0.07000000000000003,0.25,0.12479763081106299,0.18317976806784686,-2.6038296024113983e-65,0.0006452362485779561,-0.3413006285132057
1770339353.6394417,1.2011544536375998,0.0,0.020000000000000007,1.3499999999999996,0.0,0.07000000000000003,0.25,0.12479763081106299,0.18317976806784686,-1.9033759548298708e-65,-7.545080020534119e-05,-0.3416996781389044
1770339354.063316,1.2011544536375998,0.0,0.020000000000000007,1.3499999999999996,0.0,0.07000000000000003,0.25,0.12479763081106299,0.18317976806784686,-1.5271322881820402e-65,-0.00011590597955177657,-0.341651882541634
1770339354.4900782,1.2011544536375998,0.0,0.020000000000000007,1.3499999999999996,0.0,0.07000000000000003,0.25,0.12479763081106299,0.18317976806784686,-1.1111800721765112e-65,0.0002202534514242655,-0.34151337325130887
1770339354.9070046,1.2011544536375998,0.0,0.020000000000000007,1.3499999999999996,0.0,0.07000000000000003,0.25,0.12479763081106299,0.18317976806784686,-8.990228094615943e-66,-0.0003963928814262716,-0.3418497451079216
1770339355.3259826,1.2011544536375998,0.0,0.020000000000000007,1.3499999999999996,0.0,0.07000000000000003,0.25,0.12479763081106299,0.18317976806784686,-6.577197649768637e-66,-0.00022334048330625237,-0.3417188595153886
1770339355.7452385,1.2011544536375998,0.0,0.020000000000000007,1.3499999999999996,0.0,0.07000000000000003,0.25,0.12479763081106299,0.18317976806784686,-5.086627547134226e-66,-0.0004907477074530346,-0.3418619986100646
1770339356.1740425,1.2011544536375998,0.0,0.020000000000000007,1.3499999999999996,0.0,0.07000000000000003,0.25,0.12479763081106299,0.18317976806784686,-3.8690507211756366e-66,-0.0004179246460830568,-0.34180612866310195
1770339356.5859165,1.2011544536375998,0.0,0.020000000000000007,1.3499999999999996,0.0,0.07000000000000003,0.25,0.12479763081106299,0.18317976806784686,-3.003674532325918e-66,6.018969819061848e-05,-0.3416076006192555
1770339357.0240831,1.2011544536375998,0.0,0.020000000000000007,1.3499999999999996,0.0,0.07000000000000003,0.25,0.12479763081106299,0.18317976806784686,-2.3148266566227058e-66,-0.0005168423518260479,-0.3419060084148381
1770339357.4430041,1.2011544536375998,0.0,0.020000000000000007,1.3499999999999996,0.0,0.07000000000000003,0.25,0.12479763081106299,0.18317976806784686,-1.7176381589083638e-66,-0.0006445428024009227,-0.3419249254801814
1770339357.8620675,1.2011544536375998,0.0,0.020000000000000007,1.3499999999999996,0.0,0.07000000000000003,0.25,0.12479763081106299,0.18317976806784686,-1.3363440117618248e-66,-0.00027261232660211654,-0.3417633832448044
1770339358.2998142,1.2011544536375998,0.0,0.020000000000000007,1.3499999999999996,0.0,0.07000000000000003,0.25,0.12479763081106299,0.18317976806784686,-1.0111781092328472e-66,-0.0003616929497373414,-0.3417796385711056
1770339358.7277057,1.2011544536375998,0.0,0.020000000000000007,1.3499999999999996,0.0,0.07000000000000003,0.25,0.12479763081106299,0.18317976806784686,-7.631898998053274e-67,-0.0005388086459258803,-0.3418769999265052
1770339359.1847224,1.2011544536375998,0.0,0.020000000000000007,1.3499999999999996,0.0,0.07000000000000003,0.25,0.12479763081106299,0.18317976806784686,-5.8037974434386716e-67,-0.0001307874846090051,-0.3416960798923596
1770339359.6150858,1.2011544536375998,0.0,0.020000000000000007,1.3499999999999996,0.0,0.07000000000000003,0.25,0.12479763081106299,0.18317976806784686,-4.409662228501975e-67,-0.00032499859856970103,-0.34177180444460437
1770339360.028533,1.2011544536375998,0.0,0.020000000000000007,1.3499999999999996,0.0,0.07000000000000003,0.25,0.12479763081106299,0.18317976806784686,-3.426303679970946e-67,2.9442906626292914e-05,-0.34161060673112986
1770339360.4527845,1.2011544536375998,0.0,0.020000000000000007,1.3499999999999996,0.0,0.07000000000000003,0.25,0.12479763081106299,0.18317976806784686,-2.6206164861203538e-67,-0.00030856765521591,-0.3417779689177156
1770339360.8775272,1.2011544536375998,0.0,0.020000000000000007,1.3499999999999996,0.0,0.07000000000000003,0.25,0.12479763081106299,0.18317976806784686,-1.988830927771628e-67,0.00047467347137141006,-0.34143087141089645
1770339361.3047743,1.2011544536375998,0.0,0.020000000000000007,1.3499999999999996,0.0,0.07000000000000003,0.25,0.12479763081106299,0.18317976806784686,-1.5620693154213642e-67,0.00036531706717604114,-0.34141816114075496
1770339361.7224994,1.2011544536375998,0.0,0.020000000000000007,1.3499999999999996,0.0,0.07000000000000003,0.25,0.12479763081106299,0.18317976806784686,-1.1820128656924515e-67,7.359102369389469e-05,-0.3415822611264247
1770339362.1438036,1.2011544536375998,0.0,0.020000000000000007,1.3499999999999996,0.0,0.07000000000000003,0.25,0.12479763081106299,0.18317976806784686,-9.07279041610684e-68,-0.0003822532082015385,-0.3418265950612137
1770339362.5579615,1.2011544536375998,0.0,0.020000000000000007,1.3499999999999996,0.0,0.07000000000000003,0.25,0.12479763081106299,0.18317976806784686,-6.713452069162977e-68,-7.313867156095197e-06,-0.34163103490160607
1770339362.9839985,1.2011544536375998,0.0,0.020000000000000007,1.3499999999999996,0.0,0.07000000000000003,0.25,0.12479763081106299,0.18317976806784686,-5.3623237491350144e-68,-0.0006118539869711514,-0.34195626503939053
1770339363.4002821,1.2011544536375998,0.0,0.020000000000000007,1.3499999999999996,0.0,0.07000000000000003,0.25,0.12479763081106299,0.18317976806784686,-4.0519945057693975e-68,-0.00025208466248614127,-0.341751903297615
1770339363.8172765,1.2011544536375998,0.0,0.020000000000000007,1.3499999999999996,0.0,0.07000000000000003,0.25,0.12479763081106299,0.18317976806784686,-3.132556540671137e-68,-0.0007553106292151466,-0.3420178619452039
1770339364.2277083,1.2011544536375998,0.0,0.020000000000000007,1.3499999999999996,0.0,0.07000000000000003,0.25,0.12479763081106299,0.18317976806784686,-2.431901785235089e-68,-0.0006549298093650726,-0.341927387020591
1770339364.6442642,1.2011544536375998,0.0,0.020000000000000007,1.3499999999999996,0.0,0.07000000000000003,0.25,0.12479763081106299,0.18317976806784686,-1.8383048311819089e-68,-0.0006707784268499961,-0.34192685810909695
1770339365.0648284,1.2011544536375998,0.0,0.020000000000000007,1.3499999999999996,0.0,0.07000000000000003,0.25,0.12479763081106299,0.18317976806784686,-1.4243314113131836e-68,-0.0009428891327512276,-0.34208853967088915
1770339365.486495,1.2011544536375998,0.0,0.020000000000000007,1.3499999999999996,0.0,0.07000000000000003,0.25,0.12479763081106299,0.18317976806784686,-1.0774877124036024e-68,-0.00018226503981439297,-0.34175707896312435
1770339365.903225,1.2011544536375998,0.0,0.020000000000000007,1.3499999999999996,0.0,0.07000000000000003,0.25,0.12479763081106299,0.18317976806784686,-8.363310141438589e-69,-0.0004521282591561759,-0.3418429344854357
1770339366.320912,1.2011544536375998,0.0,0.020000000000000007,1.3499999999999996,0.0,0.07000000000000003,0.25,0.12479763081106299,0.18317976806784686,-6.465957513582018e-69,0.0009764715775165246,-0.34124450822883245
1770339366.7358098,1.2011544536375998,0.0,0.020000000000000007,1.3499999999999996,0.0,0.07000000000000003,0.25,0.12479763081106299,0.18317976806784686,-4.898271335233118e-69,0.0010120126798895028,-0.34108743180421597
1770339367.149417,1.2011544536375998,0.0,0.020000000000000007,1.3499999999999996,0.0,0.07000000000000003,0.25,0.12479763081106299,0.18317976806784686,-3.7809767714428963e-69,0.0001063160625151039,-0.3416272956644033
1770339367.564118,1.2011544536375998,0.0,0.020000000000000007,1.3499999999999996,0.0,0.07000000000000003,0.25,0.12479763081106299,0.18317976806784686,-2.868661520208428e-69,0.00026995179006023023,-0.3414712717116479
1770339367.9806933,1.2011544536375998,0.0,0.020000000000000007,1.3499999999999996,0.0,0.07000000000000003,0.25,0.12479763081106299,0.18317976806784686,-2.2215473942740368e-69,0.0006980733541826983,-0.3412836595132443
1770339368.3996985,1.2011544536375998,0.0,0.020000000000000007,1.3499999999999996,0.0,0.07000000000000003,0.25,0.12479763081106299,0.18317976806784686,-1.728910216409846e-69,-0.0007782197814659344,-0.3421266232382213
1770339368.8399947,1.2011544536375998,0.0,0.020000000000000007,1.3499999999999996,0.0,0.07000000000000003,0.25,0.12479763081106299,0.18317976806784686,-1.2797727840823662e-69,-7.267142322720691e-05,-0.3416967745813609
1770339369.253914,1.2011544536375998,0.0,0.020000000000000007,1.3499999999999996,0.0,0.07000000000000003,0.25,0.12479763081106299,0.18317976806784686,-9.631952447727877e-70,-0.00018743956238021395,-0.3416950806290288
1770339369.6754036,1.2011544536375998,0.0,0.020000000000000007,1.3499999999999996,0.0,0.07000000000000003,0.25,0.12479763081106299,0.18317976806784686,-7.443013091744588e-70,-0.00036358722833411595,-0.34178929241468586
1770339370.0973306,1.2011544536375998,0.0,0.020000000000000007,1.3499999999999996,0.0,0.07000000000000003,0.25,0.12479763081106299,0.18317976806784686,-5.804412136229787e-70,-0.0012248947773402924,-0.3422884621774942
1770339370.5226645,1.2011544536375998,0.0,0.020000000000000007,1.3499999999999996,0.0,0.07000000000000003,0.25,0.12479763081106299,0.18317976806784686,-4.4032637149577825e-70,6.423210036371723e-05,-0.341686680671512
1770339370.937575,1.2011544536375998,0.0,0.020000000000000007,1.3499999999999996,0.0,0.07000000000000003,0.25,0.12479763081106299,0.18317976806784686,-3.363717895864998e-70,-0.0005926401800822971,-0.3419518913520092
1770339371.354962,1.2011544536375998,0.0,0.020000000000000007,1.3499999999999996,0.0,0.07000000000000003,0.25,0.12479763081106299,0.18317976806784686,-2.6407493951909645e-70,-0.0003381331078628478,-0.3417844012950768
1770339371.7795198,1.2011544536375998,0.0,0.020000000000000007,1.3499999999999996,0.0,0.07000000000000003,0.25,0.12479763081106299,0.18317976806784686,-2.0021250829035363e-70,-0.00018818176849123071,-0.3416989700521062
1770339372.198275,1.2011544536375998,0.0,0.020000000000000007,1.3499999999999996,0.0,0.07000000000000003,0.25,0.12479763081106299,0.18317976806784686,-1.5128520139487287e-70,-0.00017188720167359787,-0.341677457091442
1770339372.6107798,1.2011544536375998,0.0,0.020000000000000007,1.3499999999999996,0.0,0.07000000000000003,0.25,0.12479763081106299,0.18317976806784686,-1.1721539941218492e-70,0.0003750525358586663,-0.34145705173974733
1770339373.0297835,1.2011544536375998,0.0,0.020000000000000007,1.3499999999999996,0.0,0.07000000000000003,0.25,0.12479763081106299,0.18317976806784686,-9.06737817578615e-71,0.0014500094404211543,-0.3409723750041691
1770339373.4510195,1.2011544536375998,0.0,0.020000000000000007,1.3499999999999996,0.0,0.07000000000000003,0.25,0.12479763081106299,0.18317976806784686,-8.254796757562329e-71,0.0001007319278658413,-0.341674445821246
1770339373.8787045,1.2011544536375998,0.0,0.020000000000000007,1.3499999999999996,0.0,0.07000000000000003,0.25,0.12479763081106299,0.18317976806784686,-5.191671563434048e-71,0.0005414885701394588,-0.34136321541308107
1770339374.303186,1.2011544536375998,0.0,0.020000000000000007,1.3499999999999996,0.0,0.07000000000000003,0.25,0.12479763081106299,0.18317976806784686,-4.007501060009907e-71,-0.00024095038242160296,-0.3417886031203904
1770339374.7161076,1.2011544536375998,0.0,0.020000000000000007,1.3499999999999996,0.0,0.07000000000000003,0.25,0.12479763081106299,0.18317976806784686,-3.084721426749036e-71,-0.00019425078271011399,-0.3416916793852497
1770339375.1253588,1.2011544536375998,0.0,0.020000000000000007,1.3499999999999996,0.0,0.07000000000000003,0.25,0.12479763081106299,0.18317976806784686,-2.352182297010016e-71,-0.0006033383380842151,-0.34193246195850296
1770339375.5472972,1.2011544536375998,0.0,0.020000000000000007,1.3499999999999996,0.0,0.07000000000000003,0.25,0.12479763081106299,0.18317976806784686,-1.8667654336129645e-71,-0.00048041018361037264,-0.341842381941176
1770339375.9650927,1.2011544536375998,0.0,0.020000000000000007,1.3499999999999996,0.0,0.07000000000000003,0.25,0.12479763081106299,0.18317976806784686,-1.405570361870463e-71,-0.0006710421246726376,-0.34194446829036595
1770339376.3782876,1.2011544536375998,0.0,0.020000000000000007,1.3499999999999996,0.0,0.07000000000000003,0.25,0.12479763081106299,0.18317976806784686,-1.074152028616064e-71,-0.00023465094292583305,-0.34175084862356103
1770339376.7907119,1.2011544536375998,0.0,0.020000000000000007,1.3499999999999996,0.0,0.07000000000000003,0.25,0.12479763081106299,0.18317976806784686,-1.0781175892798245e-71,-0.0005002152109909121,-0.3418665480662254
1770339377.206988,1.2011544536375998,0.0,0.020000000000000007,1.3499999999999996,0.0,0.07000000000000003,0.25,0.12479763081106299,0.18317976806784686,-6.480976706900465e-72,-0.000447040094581029,-0.341818721592855
1770339377.6377444,1.2011544536375998,0.0,0.020000000000000007,1.3499999999999996,0.0,0.07000000000000003,0.25,0.12479763081106299,0.18317976806784686,-4.764718940160602e-72,-0.00032896078938259336,-0.3417661723591346
1770339378.054051,1.2011544536375998,0.0,0.020000000000000007,1.3499999999999996,0.0,0.07000000000000003,0.25,0.12479763081106299,0.18317976806784686,-3.703853783335921e-72,-0.00036326102954008525,-0.34177494457270924
1770339378.4652712,1.2011544536375998,0.0,0.020000000000000007,1.3499999999999996,0.0,0.07000000000000003,0.25,0.12479763081106299,0.18317976806784686,-2.871788433667348e-72,5.818756104294035e-05,-0.34160293511246026
1770339378.8778903,1.2011544536375998,0.0,0.020000000000000007,1.3499999999999996,0.0,0.07000000000000003,0.25,0.12479763081106299,0.18317976806784686,-2.2467375789877649e-72,-0.0004862054903842052,-0.34188742608425826
1770339379.297952,1.2011544536375998,0.0,0.020000000000000007,1.3499999999999996,0.0,0.07000000000000003,0.25,0.12479763081106299,0.18317976806784686,-1.7440787340792754e-72,0.000803487101399695,-0.341317109742402
1770339379.716516,1.2011544536375998,0.0,0.020000000000000007,1.3499999999999996,0.0,0.07000000000000003,0.25,0.12479763081106299,0.18317976806784686,-1.319433742444826e-72,4.609819422368754e-05,-0.3416425738275292
1770339380.1281862,1.2011544536375998,0.0,0.020000000000000007,1.3499999999999996,0.0,0.07000000000000003,0.25,0.12479763081106299,0.18317976806784686,-1.0214186576964312e-72,0.00018089402216444906,-0.34151291660563526
1770339380.5486014,1.2011544536375998,0.0,0.020000000000000007,1.3499999999999996,0.0,0.07000000000000003,0.25,0.12479763081106299,0.18317976806784686,-7.943331029082095e-73,0.00023390348252786975,-0.34147823323869586
1770339380.9601352,1.2011544536375998,0.0,0.020000000000000007,1.3499999999999996,0.0,0.07000000000000003,0.25,0.12479763081106299,0.18317976806784686,-6.010401250364198e-73,0.0003487144942569173,-0.34142700788796787
1770339381.3725111,1.2011544536375998,0.0,0.020000000000000007,1.3499999999999996,0.0,0.07000000000000003,0.25,0.12479763081106299,0.18317976806784686,-4.5184957380854754e-73,1.0038982955680746e-05,-0.3416187320935757
1770339381.7907436,1.2011544536375998,0.0,0.020000000000000007,1.3499999999999996,0.0,0.07000000000000003,0.25,0.12479763081106299,0.18317976806784686,-3.504316429174134e-73,3.1648639177144e-05,-0.341576220679957
1770339382.209244,1.2011544536375998,0.0,0.020000000000000007,1.3499999999999996,0.0,0.07000000000000003,0.25,0.12479763081106299,0.18317976806784686,-2.706613578742654e-73,-0.0003895431367527582,-0.3418267747798928
1770339382.6252284,1.2011544536375998,0.0,0.020000000000000007,1.3499999999999996,0.0,0.07000000000000003,0.25,0.12479763081106299,0.18317976806784686,-2.0558219073648098e-73,-0.000312977646947161,-0.34175402940637756
1770339383.0510516,1.2011544536375998,0.0,0.020000000000000007,1.3499999999999996,0.0,0.07000000000000003,0.25,0.12479763081106299,0.18317976806784686,-1.5579402488534166e-73,-4.6837798729173336e-05,-0.3416399169181098
1770339383.46693,1.2011544536375998,0.0,0.020000000000000007,1.3499999999999996,0.0,0.07000000000000003,0.25,0.12479763081106299,0.18317976806784686,-1.2428159375024844e-73,-0.0007106992563620726,-0.34201161980786776
1770339383.8796895,1.2011544536375998,0.0,0.020000000000000007,1.3499999999999996,0.0,0.07000000000000003,0.25,0.12479763081106299,0.18317976806784686,-9.380295693730092e-74,-0.0003373088670122862,-0.34179587750636453
1770339384.301794,1.2011544536375998,0.0,0.020000000000000007,1.3499999999999996,0.0,0.07000000000000003,0.25,0.12479763081106299,0.18317976806784686,-7.360427539319507e-74,-0.0003690120114470238,-0.3417775603540904
1770339384.7146022,1.2011544536375998,0.0,0.020000000000000007,1.3499999999999996,0.0,0.07000000000000003,0.25,0.12479763081106299,0.18317976806784686,-5.245805265210742e-74,-0.0008037652909279168,-0.3420352420073354
1770339385.1303108,1.2011544536375998,0.0,0.020000000000000007,1.3499999999999996,0.0,0.07000000000000003,0.25,0.12479763081106299,0.18317976806784686,-4.169501723821562e-74,-0.0003703700624893313,-0.34181840858801193
1770339385.5498374,1.2011544536375998,0.0,0.020000000000000007,1.3499999999999996,0.0,0.07000000000000003,0.25,0.12479763081106299,0.18317976806784686,-3.23406240429933e-74,-0.00020959475571623795,-0.34171075894245884
1770339385.9759831,1.2011544536375998,0.0,0.020000000000000007,1.3499999999999996,0.0,0.07000000000000003,0.25,0.12479763081106299,0.18317976806784686,-2.4528551133220102e-74,0.0002441947435517008,-0.3415131656120744
1770339386.3894498,1.2011544536375998,0.0,0.020000000000000007,1.3499999999999996,0.0,0.07000000000000003,0.25,0.12479763081106299,0.18317976806784686,-1.902235497410634e-74,-0.0005307114270781115,-0.34193273036452543
1770339386.8028529,1.2011544536375998,0.0,0.020000000000000007,1.3499999999999996,0.0,0.07000000000000003,0.25,0.12479763081106299,0.18317976806784686,-1.439325677490335e-74,-0.0004258019864848727,-0.3418132759712252
1770339387.2140079,1.2011544536375998,0.0,0.020000000000000007,1.3499999999999996,0.0,0.07000000000000003,0.25,0.12479763081106299,0.18317976806784686,-1.1166219324062834e-74,-0.0008289712393507607,-0.3420446865788854
1770339387.6262743,1.2011544536375998,0.0,0.020000000000000007,1.3499999999999996,0.0,0.07000000000000003,0.25,0.12479763081106299,0.18317976806784686,-1.0840461437134236e-74,-0.0002880024006126279,-0.3417879821181036
1770339388.049431,1.2011544536375998,0.0,0.020000000000000007,1.3499999999999996,0.0,0.07000000000000003,0.25,0.12479763081106299,0.18317976806784686,-6.562175016384386e-75,-0.00019797619752164963,-0.3416978747529934
1770339388.4688244,1.2011544536375998,0.0,0.020000000000000007,1.3499999999999996,0.0,0.07000000000000003,0.25,0.12479763081106299,0.18317976806784686,-5.090417640992156e-75,-0.0004401695483337963,-0.34183418814317157
1770339388.8842359,1.2011544536375998,0.0,0.020000000000000007,1.3499999999999996,0.0,0.07000000000000003,0.25,0.12479763081106299,0.18317976806784686,-3.8532340460580446e-75,-0.0004431364667338909,-0.34181174895913036
1770339389.294843,1.2011544536375998,0.0,0.020000000000000007,1.3499999999999996,0.0,0.07000000000000003,0.25,0.12479763081106299,0.18317976806784686,-2.9769969397911713e-75,-0.0007547370789093262,-0.3419984126345957
1770339389.7041864,1.2011544536375998,0.0,0.020000000000000007,1.3499999999999996,0.0,0.07000000000000003,0.25,0.12479763081106299,0.18317976806784686,-2.319806568705102e-75,-0.0008898801471730212,-0.34204833841433635
1770339390.1182976,1.2011544536375998,0.0,0.020000000000000007,1.3499999999999996,0.0,0.07000000000000003,0.25,0.12479763081106299,0.18317976806784686,-1.7571879750083604e-75,-0.00024508586629663407,-0.34177690639515934
1770339390.532544,1.2011544536375998,0.0,0.020000000000000007,1.3499999999999996,0.0,0.07000000000000003,0.25,0.12479763081106299,0.18317976806784686,-1.363415291957871e-75,-0.00040799161796659263,-0.3418101704180737
1770339390.9513726,1.2011544536375998,0.0,0.020000000000000007,1.3499999999999996,0.0,0.07000000000000003,0.25,0.12479763081106299,0.18317976806784686,-1.0587975845253237e-75,-3.422955753338392e-06,-0.3416320523780214
1770339391.3656194,1.2011544536375998,0.0,0.020000000000000007,1.3499999999999996,0.0,0.07000000000000003,0.25,0.12479763081106299,0.18317976806784686,-8.214350707929365e-76,-1.866848704779018e-05,-0.3416007428305768
1770339391.787336,1.2011544536375998,0.0,0.020000000000000007,1.3499999999999996,0.0,0.07000000000000003,0.25,0.12479763081106299,0.18317976806784686,-6.106956831699835e-76,-0.00018446671397073046,-0.34169869721360113
1770339392.1961336,1.2011544536375998,0.0,0.020000000000000007,1.3499999999999996,0.0,0.07000000000000003,0.0,0.5,0.3663414646536229,-0.0001800596960309605,0.028456419141480213,-0.1719866710376474
1770339392.6128128,1.2011544536375998,0.0,0.020000000000000007,1.3499999999999996,0.0,0.07000000000000003,0.0,0.5,0.45,0.0008013699554723551,0.1507976625515271,-0.1626366630207135
1770339393.0442276,1.2011544536375998,0.0,0.020000000000000007,1.3499999999999996,0.0,0.07000000000000003,0.0,0.5,0.45,-0.0032755931533676444,0.2853756550458933,-0.09904556487985762
1770339393.46648,1.2011544536375998,0.0,0.020000000000000007,1.3499999999999996,0.0,0.07000000000000003,0.0,0.5,0.45,-0.0022198941029672927,0.3749089917359188,-0.04871873190401045
1770339393.883658,1.2011544536375998,0.0,0.020000000000000007,1.3499999999999996,0.0,0.07000000000000003,0.25,0.1673103570423224,0.3082396333295647,0.052908345484036966,0.37483492098399845,-0.23039670541837193
1770339394.2968938,1.200922515261769,0.0,0.020000000000000007,1.3499999999999996,0.0,0.07000000000000003,0.25,0.15944250398683946,0.20951248340931106,0.2509618905296076,0.34652744427058196,-0.0723001186315847
1770339394.730495,1.200922515261769,0.0,0.020048857252597817,1.3499999999999996,0.0,0.07000000000000003,0.25,0.10193063787866881,0.16149380269834007,0.25651681355253425,0.3068179775271424,-0.08314984764127938
1770339395.144672,1.200922515261769,0.0,0.020094527053833015,1.3499999999999996,0.0,0.07000000000000003,0.25,0.15591263071555123,0.14485844873342446,0.26340460897151546,0.273089414723467,-0.08089294824690427
1770339395.5572526,1.200922515261769,0.0,0.020094527053833015,1.3499999999999996,0.0,0.07000000000000003,0.23958333333333343,0.15023484036360713,0.150881434058496,0.2529016516836423,0.25590154512611446,-0.06754716084385337
1770339395.9711454,1.200922515261769,0.0,0.020094527053833015,1.3499999999999996,0.0,0.07000000000000003,0.22916666666666674,0.14264399106027384,0.14667144963527054,0.23127628127993327,0.23795880071464165,-0.04954756459409937
1770339396.3832965,1.200922515261769,0.0,0.020094527053833015,1.3499999999999996,0.0,0.07000000000000003,0.22916666666666674,0.09394567230873635,0.11619259336503734,0.23166287609131067,0.21438865720267633,-0.05395125569465996
1770339396.802731,1.200922515261769,0.0,0.020094527053833015,1.3499999999999996,0.0,0.07000000000000003,0.22916666666666674,0.0881186711139876,0.09830514553142197,0.22251149630930703,0.18884604442654984,-0.0544798810825363
1770339397.2138326,1.200922515261769,0.0,0.020094527053833015,1.3499999999999996,0.0,0.07000000000000003,0.22916666666666674,0.0838615163272601,0.0887001421501258,0.2280075487781637,0.1628945101518065,-0.04085145531681773
1770339397.644266,1.200922515261769,0.0,0.020094527053833015,1.3499999999999996,0.0,0.07000000000000003,0.22916666666666674,0.08081476458600707,0.08314295995182731,0.2496422728616594,0.15063329776879242,-0.05544689634177663
1770339398.056598,1.20109484277606,0.0,0.020094527053833015,1.3499999999999996,0.0,0.07000000000000003,0.25,0.07827884184916215,0.07959706646321202,0.24448394505155566,0.1333764023152304,-0.034131412419809735
1770339398.4772465,1.2012740361231564,0.0,0.020094527053833015,1.3499999999999996,0.0,0.07000000000000003,0.25,0.07710877951854893,0.07791986585921568,0.2523983499753626,0.12354184103022181,-0.026192793689366518
1770339398.8956213,1.2014808576607703,0.0,0.020094527053833015,1.3499999999999996,0.0,0.07000000000000003,0.25,0.07627479071097233,0.07698253482689246,0.24979711617105219,0.11316816268548265,-0.019333065592716824
1770339399.3172314,1.2016995604616403,0.0,0.020094527053833015,1.3499999999999996,0.0,0.07000000000000003,0.25,0.0761162048603994,0.07648771921143388,0.24889140272825974,0.10325375033206043,-0.015483054067395753
1770339399.735985,1.2019327525663375,0.0,0.020094527053833015,1.3499999999999996,0.0,0.07000000000000003,0.25,0.07788928677682799,0.07702441892625672,0.25229612021271386,0.09666378395763513,-0.012774799365845592
1770339400.167317,1.2021833367633818,0.0,0.020094527053833015,1.3499999999999996,0.0,0.07000000000000003,0.25,0.08069004089801447,0.07895579767261361,0.24928322248793852,0.09186001441804281,-0.00764926283873531
1770339400.5829833,1.2024394682085513,0.0,0.020094527053833015,1.3499999999999996,0.0,0.07000000000000003,0.25,0.08827856303253531,0.0841289102463168,0.248141252819319,0.08806864189263185,-0.004207750256379611
1770339400.9985135,1.2027067502510547,0.0,0.020094527053833015,1.3499999999999996,0.0,0.07000000000000003,0.25,0.09931014974142151,0.09077723716850317,0.20745214163081827,0.08838612385424838,-0.043775163222470784
1770339401.4154842,1.2029144234597682,0.0,0.02007751218414307,1.3499999999999996,0.0,0.07000000000000003,0.25,0.11409683930372896,0.10365731493424736,0.1934776027003913,0.08694904500478019,-0.0650202401492891
1770339401.8430002,1.2031180327355862,0.0,0.020063559990997317,1.3499999999999996,0.0,0.07000000000000003,0.25,0.1411938656029277,0.12000249290758691,0.22516960884280665,0.08949357036319992,-0.04033930496522881
1770339402.2754784,1.203391322454214,0.0,0.0200521191926178,1.3499999999999996,0.0,0.07000000000000003,0.25,0.1411938656029277,0.12000249290758691,0.00048478847328411935,0.07232992229625623,-0.2750678616390756
1770339402.6994033,1.203391322454214,0.0,0.020042737737946598,1.3499999999999996,0.0,0.07000000000000003,0.25,0.1411938656029277,0.12000249290758691,-0.007917232588516216,0.05147999724867265,-0.2942634729227317
1770339403.1149168,1.203391322454214,0.0,0.02003504494511621,1.3499999999999996,0.0,0.07000000000000003,0.25,0.1411938656029277,0.12000249290758691,-0.006047106751319281,0.04046902007127446,-0.29691494088721526
1770339403.5265088,1.203391322454214,0.0,0.02002873685499529,1.3499999999999996,0.0,0.07000000000000003,0.25,0.1411938656029277,0.12000249290758691,-0.004665907124097408,0.0314453125596383,-0.2998468680492353
1770339403.9410467,1.203391322454214,0.0,0.02002356422109614,1.3499999999999996,0.0,0.07000000000000003,0.25,0.1411938656029277,0.12000249290758691,-0.0036494105443816744,0.02450627469157099,-0.30209142343919637
1770339404.3645873,1.203391322454214,0.0,0.020019322661298834,1.3499999999999996,0.0,0.07000000000000003,0.25,0.1411938656029277,0.12000249290758691,-0.0027585722860518987,0.01957603636159754,-0.3034648243920439
1770339404.8186805,1.203391322454214,0.0,0.020015844582265043,1.3499999999999996,0.0,0.07000000000000003,0.25,0.1411938656029277,0.12000249290758691,-0.0020912159846024465,0.01482849473056718,-0.3051529692362154
1770339405.2710574,1.203391322454214,0.0,0.020012992557457334,1.3499999999999996,0.0,0.07000000000000003,0.25,0.1411938656029277,0.12000249290758691,-0.0015573462080559902,0.011891783610898892,-0.3059063719683668
1770339405.6839876,1.203391322454214,0.0,0.020010653897115014,1.3499999999999996,0.0,0.07000000000000003,0.25,0.1411938656029277,0.12000249290758691,-0.0013529685210066369,0.009170657229209777,-0.3070409989983641
1770339406.0990598,1.203391322454214,0.0,0.02000873619563431,1.3499999999999996,0.0,0.07000000000000003,0.25,0.1411938656029277,0.12000249290758691,-0.0009293733571673715,0.006940226313066649,-0.3076835497460418
1770339406.514333,1.203391322454214,0.0,0.020007163680420135,1.3499999999999996,0.0,0.07000000000000003,0.25,0.1411938656029277,0.12000249290758691,-0.0007049499194509877,0.005269367933204785,-0.30823859824462824
1770339406.9377847,1.203391322454214,0.0,0.02000587421794451,1.3499999999999996,0.0,0.07000000000000003,0.25,0.1411938656029277,0.12000249290758691,-0.0005489428769219093,0.004667460904238182,-0.3082766495814929
1770339407.3553574,1.203391322454214,0.0,0.020004816858714497,1.3499999999999996,0.0,0.07000000000000003,0.25,0.1411938656029277,0.12000249290758691,-0.00041563324611630816,0.0037568851855615103,-0.3086294946789967
1770339407.7669022,1.203391322454214,0.0,0.020003949824145887,1.3499999999999996,0.0,0.07000000000000003,0.25,0.1411938656029277,0.12000249290758691,-0.00032258298974425077,0.0025220536951537477,-0.30918628574500157
1770339408.1946764,1.203391322454214,0.0,0.02000323885579963,1.3499999999999996,0.0,0.07000000000000003,0.25,0.1411938656029277,0.12000249290758691,-0.00024537788258296235,0.0019083382174791066,-0.3093538267754043
1770339408.616771,1.203391322454214,0.0,0.020002655861755696,1.3499999999999996,0.0,0.07000000000000003,0.25,0.1411938656029277,0.12000249290758691,-0.00018538338940205065,0.0019003026909756625,-0.30923728205035805
1770339409.0286882,1.203391322454214,0.0,0.02000217780663967,1.3499999999999996,0.0,0.07000000000000003,0.25,0.1411938656029277,0.12000249290758691,-0.00014388097945404834,0.0012600603557617544,-0.309579121488888
1770339409.4576313,1.203391322454214,0.0,0.02000178580144453,1.3499999999999996,0.0,0.07000000000000003,0.25,0.1411938656029277,0.12000249290758691,-0.00012731145792588855,0.0008300095369358573,-0.309756558225134
1770339409.881633,1.203391322454214,0.0,0.020001464357184515,1.3499999999999996,0.0,0.07000000000000003,0.25,0.1411938656029277,0.12000249290758691,-8.237623760034149e-05,0.0005612434893507513,-0.30982987755147695
1770339410.2931528,1.203391322454214,0.0,0.020001200772891303,1.3499999999999996,0.0,0.07000000000000003,0.25,0.1411938656029277,0.12000249290758691,-6.647209874333164e-05,0.0003150492438356297,-0.3099348133551705
1770339410.7107413,1.203391322454214,0.0,0.02000098463377087,1.3499999999999996,0.0,0.07000000000000003,0.25,0.1411938656029277,0.12000249290758691,-5.1616486656144773e-05,0.00030215398772099575,-0.30990307547220053
1770339411.1351168,1.203391322454214,0.0,0.02000080739969211,1.3499999999999996,0.0,0.07000000000000003,0.25,0.1411938656029277,0.12000249290758691,-3.755196584776031e-05,0.000299994109189188,-0.30988901735289975
1770339411.5561562,1.203391322454214,0.0,0.020000662067747532,1.3499999999999996,0.0,0.07000000000000003,0.25,0.1411938656029277,0.12000249290758691,-2.8787982301624794e-05,0.0002075702597725572,-0.3099354916911504
1770339411.968373,1.203391322454214,0.0,0.020000542895552975,1.3499999999999996,0.0,0.07000000000000003,0.25,0.1411938656029277,0.12000249290758691,-2.20328664525356e-05,-0.0001775040000895772,-0.31015053874627696
1770339412.3885906,1.203391322454214,0.0,0.02000044517435344,1.3499999999999996,0.0,0.07000000000000003,0.25,0.1411938656029277,0.12000249290758691,-1.7878568008034752e-05,-0.0001225585709429092,-0.3100858988501876
1770339412.8072417,1.203391322454214,0.0,0.02000036504296982,1.3499999999999996,0.0,0.07000000000000003,0.25,0.1411938656029277,0.12000249290758691,-1.295244612832306e-05,-9.476046409526148e-05,-0.31006435894265416
1770339413.228935,1.203391322454214,0.0,0.020000299335235252,1.3499999999999996,0.0,0.07000000000000003,0.25,0.1411938656029277,0.12000249290758691,-1.0060559530380169e-05,-0.0001599169984705099,-0.3100977811659966
1770339413.655269,1.203391322454214,0.0,0.020000245454892908,1.3499999999999996,0.0,0.07000000000000003,0.25,0.1411938656029277,0.12000249290758691,-9.01054806941447e-06,-0.0001113498621229194,-0.31007078864655907
1770339414.0642414,1.203391322454214,0.0,0.020000201273012184,1.3499999999999996,0.0,0.07000000000000003,0.25,0.1411938656029277,0.12000249290758691,-6.619373706327547e-06,0.0003236015433189035,-0.30988956019638453
1770339414.4832788,1.203391322454214,0.0,0.02000016504386999,1.3499999999999996,0.0,0.07000000000000003,0.25,0.1411938656029277,0.12000249290758691,-4.6693081717243136e-06,0.0005072974155140709,-0.3097706366414277
1770339414.9003782,1.203391322454214,0.0,0.020000135335973394,1.3499999999999996,0.0,0.07000000000000003,0.25,0.1411938656029277,0.12000249290758691,-3.461592344220117e-06,-7.47667113252307e-05,-0.3101002978144842
1770339415.3202167,1.203391322454214,0.0,0.020000110975498184,1.3499999999999996,0.0,0.07000000000000003,0.25,0.1411938656029277,0.12000249290758691,-2.6191704525939067e-06,-0.0006911620802853389,-0.3104110862012847
1770339415.7414458,1.203391322454214,0.0,0.020000090999908512,1.3499999999999996,0.0,0.07000000000000003,0.25,0.1411938656029277,0.12000249290758691,-2.0383599905824992e-06,0.00029369881885745364,-0.3099549214942696
1770339416.165574,1.203391322454214,0.0,0.02000007461992498,1.3499999999999996,0.0,0.07000000000000003,0.25,0.1411938656029277,0.12000249290758691,-1.5411226432755451e-06,-0.00043757366174383537,-0.31029470165536877
1770339416.5830493,1.203391322454214,0.0,0.020000061188338483,1.3499999999999996,0.0,0.07000000000000003,0.25,0.1411938656029277,0.12000249290758691,-1.1915692467348765e-06,-0.0006800120198288855,-0.31036668786876315
1770339416.9977827,1.203391322454214,0.0,0.020000050174437557,1.3499999999999996,0.0,0.07000000000000003,0.25,0.1411938656029277,0.12000249290758691,-9.281114907783262e-07,-0.00025781748760930344,-0.31017330276231087
1770339417.4100335,1.203391322454214,0.0,0.020000041143038796,1.3499999999999996,0.0,0.07000000000000003,0.25,0.1411938656029277,0.12000249290758691,-7.019114007399961e-07,-0.00029733424488848743,-0.31015456716336637
1770339417.825204,1.203391322454214,0.0,0.02000003373729181,1.3499999999999996,0.0,0.07000000000000003,0.25,0.1411938656029277,0.12000249290758691,-5.456678165186192e-07,-0.00017159973946623066,-0.31010016544188534
1770339418.25382,1.203391322454214,0.0,0.020000027664579284,1.3499999999999996,0.0,0.07000000000000003,0.25,0.1411938656029277,0.12000249290758691,-5.22131202649276e-07,-0.00040108041402090507,-0.310225256859462
1770339418.674372,1.203391322454214,0.0,0.020000022684955012,1.3499999999999996,0.0,0.07000000000000003,0.25,0.1411938656029277,0.12000249290758691,-3.124999779507428e-07,-0.0004422140969560976,-0.310226779370543
1770339419.0864017,1.203391322454214,0.0,0.02000001860166311,1.3499999999999996,0.0,0.07000000000000003,0.25,0.1411938656029277,0.12000249290758691,-2.418556063531566e-07,-0.00045471601244690345,-0.31023009650717237
1770339419.50534,1.203391322454214,0.0,0.02000001525336375,1.3499999999999996,0.0,0.07000000000000003,0.25,0.1411938656029277,0.12000249290758691,-1.8824380999756647e-07,4.250654370876512e-05,-0.3100299036813646
1770339419.929205,1.203391322454214,0.0,0.020000012507758274,1.3499999999999996,0.0,0.07000000000000003,0.25,0.1411938656029277,0.12000249290758691,-1.426143272224175e-07,5.043872445614414e-05,-0.3099769629239673
1770339420.3498893,1.203391322454214,0.0,0.020000010256361785,1.3499999999999996,0.0,0.07000000000000003,0.25,0.1411938656029277,0.12000249290758691,-1.106016717829525e-07,-2.732366196276032e-05,-0.3100227951250885
1770339420.7656484,1.203391322454214,0.0,0.020000008410216662,1.3499999999999996,0.0,0.07000000000000003,0.0,0.5,0.4098248103286559,0.0013246938051534951,0.034769442783776104,-0.1923320542221673
1770339421.1757689,1.203391322454214,0.0,0.020000008410216662,1.3499999999999996,0.0,0.07000000000000003,0.0,0.5,0.45,-0.0015226977912873095,0.09192436142954258,-0.18627600894109267
1770339421.5981302,1.203391322454214,0.0,0.020000008410216662,1.3499999999999996,0.0,0.07000000000000003,0.0,0.5,0.45,0.0007752473130239069,0.1404399589895626,-0.16040682757424463
1770339422.0195582,1.203391322454214,0.0,0.020000008410216662,1.3499999999999996,0.0,0.07000000000000003,0.0,0.5,0.45,-0.002944964316750163,0.18421965159001874,-0.14021310778178642
1770339422.4434943,1.203391322454214,0.0,0.020000008410216662,1.3499999999999996,0.0,0.07000000000000003,0.0,0.5,0.45,-0.0015079769983677867,0.23891921906940353,-0.1125183242116045
1770339422.8877444,1.203391322454214,0.0,0.020000008410216662,1.3499999999999996,0.0,0.07000000000000003,0.0,0.5,0.45,-0.00127412555605717,0.29387783882872404,-0.08483106811762721
1770339423.311318,1.203391322454214,0.0,0.020000008410216662,1.3499999999999996,0.0,0.07000000000000003,0.0,0.5,0.45,0.001720926816598586,0.35138647532266837,-0.05677855280465884
1770339423.7322304,1.203391322454214,0.0,0.020000008410216662,1.3499999999999996,0.0,0.07000000000000003,0.0,0.5,0.45,0.000710423252453135,0.4084567278149035,-0.027189084594224908
1770339424.1479769,1.203391322454214,0.0,0.020000008410216662,1.3499999999999996,0.0,0.07000000000000003,0.25,0.1427383903802033,0.2603633936607458,0.133177500894738,0.4031805482029408,-0.18875869433755577
1770339424.5576177,1.203178626138568,0.0,0.020000008410216662,1.3499999999999996,0.0,0.07000000000000003,0.25,0.11986682311023358,0.157246285870937,0.25190137030961934,0.36708676709430044,-0.1104309890321651
1770339424.985363,1.203178626138568,0.0,0.020074099600912425,1.3499999999999996,0.0,0.07000000000000003,0.25,0.11809865032144215,0.13082237657215706,0.2568770060016403,0.3191184344994523,-0.10582186822477276
1770339425.4069476,1.203178626138568,0.0,0.02013480096817145,1.3499999999999996,0.0,0.07000000000000003,0.25,0.1120709626813459,0.11901613723709394,0.2536865506681405,0.28158047582161627,-0.08872251582818527
1770339425.8195813,1.203178626138568,0.0,0.02018055761933455,1.3499999999999996,0.0,0.07000000000000003,0.25,0.10834532303331877,0.11278879448632854,0.25459974324146084,0.25347199290233224,-0.07775219074139109
1770339426.2345107,1.203178626138568,0.0,0.02018055761933455,1.3499999999999996,0.0,0.07000000000000003,0.25,0.1101046886074869,0.11101679174043047,0.25133701201045283,0.22727923457428545,-0.062087509260185
1770339426.6488814,1.203178626138568,0.0,0.02018055761933455,1.3499999999999996,0.0,0.07000000000000003,0.25,0.11602346465092522,0.11335045019557796,0.251465112604549,0.20887184567465417,-0.05106654923405024
1770339427.0662692,1.203178626138568,0.0,0.02018055761933455,1.3499999999999996,0.0,0.07000000000000003,0.25,0.12976222802686727,0.1226905826457434,0.24863570081916814,0.1983271314069301,-0.04023704498819762
1770339427.484015,1.203178626138568,0.0,0.02018055761933455,1.3499999999999996,0.0,0.07000000000000003,0.25,0.1473739437664438,0.135115120867231,0.24901395247707647,0.19510337316575044,-0.03130254949630122
1770339427.8995605,1.203334822740555,0.0,0.02018055761933455,1.3499999999999996,0.0,0.07000000000000003,0.0,0.5,0.3845481437118973,0.14505844118496605,0.24225851035832072,-0.22091877158101134
1770339428.3142183,1.203334822740555,0.0,0.02018055761933455,1.3499999999999996,0.0,0.07000000000000003,0.25,0.12876102335175424,0.25123075880413265,0.0585207609676159,0.24963431123368962,-0.1930150429051425
1770339428.7380364,1.203334822740555,0.0,0.02014805724785433,1.3499999999999996,0.0,0.07000000000000003,0.0,0.5,0.26110270067010094,0.24217102152470002,0.24837159787732999,-0.24866284425672147
1770339429.1559336,1.203334822740555,0.0,0.02014805724785433,1.3497711224913593,0.0,0.07000000000000003,0.0,0.5,0.42441140138389916,0.027981517613936958,0.2732661288294192,-0.10604360698638586
1770339429.576472,1.203334822740555,0.0,0.02014805724785433,1.3497711224913593,0.0,0.07000000000000003,0.0,0.5,0.45,-0.002866225105191281,0.29701366506703947,-0.08173414619543358
1770339429.9926054,1.203334822740555,0.0,0.02014805724785433,1.3497711224913593,0.0,0.07000000000000003,0.0,0.5,0.45,-0.0030751590759553454,0.27523479372240384,-0.092635649349217
1770339430.4045217,1.203334822740555,0.0,0.02014805724785433,1.3497711224913593,0.0,0.07000000000000003,0.0,0.5,0.45,-0.004153909292278605,0.21387664264095213,-0.12835140307994772
1770339430.816238,1.203334822740555,0.0,0.02014805724785433,1.3497711224913593,0.0,0.07000000000000003,0.0,0.5,0.45,-0.0031887490162000676,0.17073842699121136,-0.14713335708556846
1770339431.228484,1.203334822740555,0.0,0.02014805724785433,1.3498123204429147,0.0,0.07000000000000003,0.0,0.5,0.45,-0.0024778360627668488,0.13458764651652472,-0.16379909085197317
1770339431.6375544,1.203334822740555,0.0,0.02014805724785433,1.34984610276319,0.0,0.07000000000000003,0.0,0.5,0.45,-0.0018590709270808513,0.10480739760106542,-0.17743339701809407
1770339432.050983,1.203334822740555,0.0,0.02014805724785433,1.3498738042658158,0.0,0.07000000000000003,0.0,0.5,0.45,-0.0014566713997681674,0.08303862046136985,-0.18711423888305279
1770339432.4648788,1.203334822740555,0.0,0.02014805724785433,1.349896519497969,0.0,0.07000000000000003,0.0,0.5,0.45,-0.0011315728638698515,0.06502478632648098,-0.1954205631141183
1770339432.8879702,1.203334822740555,0.0,0.02014805724785433,1.3499151459883347,0.0,0.07000000000000003,0.0,0.5,0.45,-0.000880413103138551,0.05149414965305533,-0.20148640194395345
1770339433.3012512,1.203334822740555,0.0,0.02014805724785433,1.3499304197104345,0.0,0.07000000000000003,0.0,0.5,0.45,-0.0006641921552045891,0.03970207322586961,-0.20699236318498834
1770339433.7130077,1.203334822740555,0.0,0.02014805724785433,1.3499429441625563,0.0,0.07000000000000003,0.0,0.5,0.45,-0.0005182832380459288,0.03216486064560224,-0.21018957417327153
1770339434.1443079,1.203334822740555,0.0,0.02014805724785433,1.3499532142132962,0.0,0.07000000000000003,0.0,0.5,0.45,-0.00038949138547035805,0.024719675954960173,-0.2137741718770545
1770339434.577072,1.203334822740555,0.0,0.02014805724785433,1.349961635654903,0.0,0.07000000000000003,0.0,0.5,0.45,-0.0002972391476698034,0.019390557362597774,-0.21613487232560716
1770339434.9909034,1.203334822740555,0.0,0.02014805724785433,1.3499685412370204,0.0,0.07000000000000003,0.0,0.5,0.45,-0.00023108660101370325,0.015849291186465737,-0.21766056762539404
1770339435.4057043,1.203334822740555,0.0,0.02014805724785433,1.3499742038143567,0.0,0.07000000000000003,0.0,0.5,0.45,-0.00017507824222754388,0.012588949874714697,-0.2192066374360453
1770339435.823037,1.203334822740555,0.0,0.02014805724785433,1.3499788471277725,0.0,0.07000000000000003,0.0,0.5,0.45,-0.00013339639111334563,0.009673562793792521,-0.2205881537023093
1770339436.2383578,1.203334822740555,0.0,0.02014805724785433,1.3499826546447735,0.0,0.07000000000000003,0.0,0.5,0.45,-0.00010297529458893065,0.007535190295063802,-0.22154921739692993
1770339436.6527615,1.203334822740555,0.0,0.02014805724785433,1.3499857768087142,0.0,0.07000000000000003,0.0,0.5,0.45,-7.979844175620159e-05,0.005025888770653352,-0.22281778420887058
1770339437.0651119,1.203334822740555,0.0,0.02014805724785433,1.3499883369831456,0.0,0.07000000000000003,0.0,0.5,0.45,-6.210502826231988e-05,0.003902708582771332,-0.22322306875566486
1770339437.4775343,1.203334822740555,0.0,0.02014805724785433,1.3499904363261794,0.0,0.07000000000000003,0.0,0.5,0.45,-0.0006640852348137724,0.04268774642900032,-0.2081987158049365
1770339437.892764,1.203334822740555,0.0,0.02014805724785433,1.3499921577874672,0.0,0.07000000000000003,0.0,0.5,0.45,0.0009462932675613524,0.09946010170846808,-0.18189347794127408
1770339438.3067703,1.203334822740555,0.0,0.02014805724785433,1.349993569385723,0.0,0.07000000000000003,0.0,0.5,0.45,-0.00039152855807232043,0.1495109819354833,-0.1556411256130322
1770339438.7214472,1.203334822740555,0.0,0.02014805724785433,1.3499947268962929,0.0,0.07000000000000003,0.0,0.5,0.45,-4.7901487165829074e-05,0.1806699525768845,-0.1378288222628637
1770339439.1686213,1.203334822740555,0.0,0.02014805724785433,1.3499947268962929,0.0,0.07000000000000003,0.0,0.5,0.45,0.00016888665378706359,0.2010695554333613,-0.1266740692227541
1770339439.5833976,1.203334822740555,0.0,0.02014805724785433,1.3499947268962929,0.0,0.07000000000000003,0.0,0.5,0.45,-0.0014221164861499612,0.22490609749025578,-0.11635272194671152
1770339440.0047083,1.203334822740555,0.0,0.02014805724785433,1.3499947268962929,0.0,0.07000000000000003,0.0,0.5,0.45,0.002638214672760514,0.2485003734997066,-0.1057474555238523
1770339440.4289398,1.203334822740555,0.0,0.02014805724785433,1.3499947268962929,0.0,0.07000000000000003,0.0,0.5,0.45,0.0010970168369480165,0.29063683450455463,-0.08499224568515551
1770339440.844428,1.203334822740555,0.0,0.02014805724785433,1.3499947268962929,0.0,0.07000000000000003,0.0,0.5,0.45,0.0008082923489942273,0.35159929710173604,-0.05610489005784435
1770339441.2712162,1.203334822740555,0.0,0.02014805724785433,1.3499947268962929,0.0,0.07000000000000003,0.0,0.5,0.45,-0.0035654384647093402,0.3951696607147022,-0.03533764446865485
1770339441.6869314,1.203334822740555,0.0,0.02014805724785433,1.3499947268962929,0.0,0.07000000000000003,0.0,0.5,0.45,0.0013723129756720595,0.4578791942002849,-0.011582863424372765
1770339442.1082516,1.203334822740555,0.0,0.02014805724785433,1.3499947268962929,0.0,0.07000000000000003,0.25,0.10103830367319754,0.2729321450749027,0.052421702637890547,0.4723485224235064,-0.29873341885873345
1770339442.5248816,1.202905631747246,0.0,0.02014805724785433,1.34999567605496,0.0,0.07000000000000003,0.25,0.08071715821070888,0.14496079591240024,0.2548307780072558,0.42986351127360156,-0.15153063680284692
1770339442.9475696,1.2026948080104591,0.0,0.020254390237785438,1.34999567605496,0.0,0.07000000000000003,0.25,0.07640079650540042,0.09853887618402707,0.25583517730442906,0.35864229427118816,-0.14300900804825095
1770339443.3764148,1.2025391011583806,0.0,0.02034254964695082,1.34999567605496,0.0,0.07000000000000003,0.25,0.06525873070982993,0.07497535496472614,0.25601313320331537,0.3021046887354451,-0.12523156064224916
1770339443.7944145,1.2025391011583806,0.0,0.020411626351333718,1.34999567605496,0.0,0.07000000000000003,0.25,0.06377470033829989,0.0675554146521549,0.2509803324116308,0.25593499909456974,-0.09978709359692577
1770339444.2139468,1.2025391011583806,0.0,0.02045996384546862,1.34999567605496,0.0,0.07000000000000003,0.25,0.06142683284881916,0.06361677390079017,0.24886254525515364,0.2231320798685126,-0.0841753996513133
1770339444.639165,1.2025391011583806,0.0,0.02045996384546862,1.34999567605496,0.0,0.07000000000000003,0.25,0.059808990528749176,0.061147072956133953,0.25069861954255324,0.19208413579117928,-0.06927194536780923
1770339445.051626,1.2025391011583806,0.0,0.02045996384546862,1.34999567605496,0.0,0.07000000000000003,0.22916666666666674,0.06176681297533837,0.061225424962131916,0.2331583090790347,0.16641754400139908,-0.05915436111097956
1770339445.4666233,1.2025391011583806,0.0,0.02045996384546862,1.34999567605496,0.0,0.07000000000000003,0.2083333333333334,0.06306139422679999,0.06243579369007995,0.2051658208176076,0.14708664531222082,-0.047426028195714065
1770339445.88823,1.2025391011583806,0.0,0.02045996384546862,1.34999567605496,0.0,0.07000000000000003,0.19791666666666674,0.06378379681073636,0.0631251960618781,0.20005289349912006,0.1331934202752313,-0.03855966144282887
1770339446.3025255,1.2025391011583806,0.0,0.02045996384546862,1.34999567605496,0.0,0.07000000000000003,0.18750000000000006,0.06439473836525812,0.06375487097119288,0.19430917546387205,0.12489480245165596,-0.03820900298646107
1770339446.7180455,1.2025391011583806,0.0,0.02045996384546862,1.34999567605496,0.0,0.07000000000000003,0.17708333333333337,0.06704389345464759,0.0655394130658746,0.17440783508081123,0.11400152629642839,-0.027995882483321792
1770339447.1369212,1.2025391011583806,0.0,0.02045996384546862,1.34999567605496,0.0,0.07000000000000003,0.1666666666666667,0.0684008383604116,0.06718635388884497,0.17067188880499198,0.11209327832636415,-0.026649509154091283
1770339447.5510328,1.2025391011583806,0.0,0.02045996384546862,1.34999567605496,0.0,0.07000000000000003,0.1666666666666667,0.07169742970805855,0.06956716940554915,0.15592603340822891,0.11022470513463883,-0.031256258442155176
1770339447.9724576,1.2025391011583806,0.0,0.02045996384546862,1.34999567605496,0.0,0.07000000000000003,0.25,0.08152068287690394,0.07559413055248326,0.23866289916443492,0.10560744626703208,-0.026805484579600164
1770339448.382837,1.202750087646246,0.0,0.02045996384546862,1.34999567605496,0.0,0.07000000000000003,0.25,0.10587048449465547,0.09105809577535112,0.24726256060478635,0.10445772007685007,-0.009552224164981324
1770339448.8039572,1.2029976092004777,0.0,0.02045996384546862,1.34999567605496,0.0,0.07000000000000003,0.25,0.11714451587304155,0.09757970079977372,0.12075591684786416,0.10051778733184948,-0.1311071196926738
1770339449.2132962,1.2029976092004777,0.0,0.020392816673971276,1.34999567605496,0.0,0.07000000000000003,0.25,0.11714451587304155,0.09757970079977372,-0.006608215029102297,0.07608032246997105,-0.26980165068019146
1770339449.6399736,1.2029976092004777,0.0,0.020322109672656446,1.34999567605496,0.0,0.07000000000000003,0.25,0.11714451587304155,0.09757970079977372,-0.0065466623097852165,0.05943199583581989,-0.27728534745517724
1770339450.0999846,1.2029976092004777,0.0,0.020264129931578286,1.34999567605496,0.0,0.07000000000000003,0.25,0.11714451587304155,0.09757970079977372,-0.0048231785206437295,0.0454127879126739,-0.28230855575650826
1770339450.5206974,1.2029976092004777,0.0,0.020216586543894195,1.34999567605496,0.0,0.07000000000000003,0.25,0.11714451587304155,0.09757970079977372,-0.003665799870208876,0.03519927229383185,-0.285877365685064
1770339450.944218,1.2029976092004777,0.0,0.02017760096599324,1.34999567605496,0.0,0.07000000000000003,0.25,0.11714451587304155,0.09757970079977372,-0.0028466375261623645,0.027368571496137778,-0.28873527225774975
1770339451.3559303,1.2029976092004777,0.0,0.020145632792114457,1.34999567605496,0.0,0.07000000000000003,0.25,0.11714451587304155,0.09757970079977372,-0.0021538802712888164,0.021049828500519643,-0.2910506907204777
1770339451.7752554,1.2029976092004777,0.0,0.020119418889533856,1.34999567605496,0.0,0.07000000000000003,0.25,0.11714451587304155,0.09757970079977372,-0.0016730243598290359,0.016093108596830236,-0.2929119924516697
1770339452.1903436,1.2029976092004777,0.0,0.020097923489417763,1.34999567605496,0.0,0.07000000000000003,0.25,0.11714451587304155,0.09757970079977372,-0.0012990588242946287,0.013243204199134915,-0.2937522975643836
1770339452.6030316,1.2029976092004777,0.0,0.020080297261322565,1.34999567605496,0.0,0.07000000000000003,0.25,0.11714451587304155,0.09757970079977372,-0.0009839719928265104,0.010720743270015943,-0.29466569685061733
1770339453.026052,1.2029976092004777,0.0,0.020065843754284503,1.34999567605496,0.0,0.07000000000000003,0.25,0.11714451587304155,0.09757970079977372,-0.0007618794770241498,0.007788107881026063,-0.295950939475297
1770339453.444201,1.2029976092004777,0.0,0.020053991878513294,1.34999567605496,0.0,0.07000000000000003,0.25,0.11714451587304155,0.09757970079977372,-0.0005801591352959518,0.006840841241463189,-0.2960443155784075
1770339453.8537433,1.2029976092004777,0.0,0.020044273340380902,1.34999567605496,0.0,0.07000000000000003,0.25,0.11714451587304155,0.09757970079977372,-0.0004405621648695978,0.004464974648191539,-0.29723551189998787
1770339454.2777061,1.2029976092004777,0.0,0.02003630413911234,1.34999567605496,0.0,0.07000000000000003,0.25,0.11714451587304155,0.09757970079977372,-0.0003383692038610074,0.004024848875422591,-0.2971598077433134
1770339454.700564,1.2029976092004777,0.0,0.020029769394072118,1.34999567605496,0.0,0.07000000000000003,0.25,0.11714451587304155,0.09757970079977372,-0.00026250214611509394,0.0033020569192076608,-0.2974736032820196
1770339455.1171556,1.2029976092004777,0.0,0.020024410903139136,1.34999567605496,0.0,0.07000000000000003,0.25,0.11714451587304155,0.09757970079977372,-0.000199033685742189,0.0027640281811975977,-0.2976606728688313
1770339455.5347338,1.2029976092004777,0.0,0.020020016940574092,1.34999567605496,0.0,0.07000000000000003,0.25,0.11714451587304155,0.09757970079977372,-0.00015444806955187344,0.002397890846013093,-0.29778196677995067
1770339455.950627,1.2029976092004777,0.0,0.020016413891270755,1.34999567605496,0.0,0.07000000000000003,0.25,0.11714451587304155,0.09757970079977372,-0.0001200087851311121,0.0010789261705950604,-0.2985022925672623
1770339456.3734195,1.2029976092004777,0.0,0.02001345939084202,1.34999567605496,0.0,0.07000000000000003,0.25,0.11714451587304155,0.09757970079977372,-9.096037447160314e-05,0.0018379625329982595,-0.29803773314409965
1770339456.8042672,1.2029976092004777,0.0,0.020011036700490457,1.34999567605496,0.0,0.07000000000000003,0.25,0.11714451587304155,0.09757970079977372,-7.065918394657526e-05,0.0012715221565615866,-0.2982813925431963
1770339457.2214196,1.2029976092004777,0.0,0.020009050094402174,1.34999567605496,0.0,0.07000000000000003,0.25,0.11714451587304155,0.09757970079977372,-5.35031751063795e-05,0.0013198474624755488,-0.29818826237434687
1770339457.6355243,1.2029976092004777,0.0,0.020007421077409784,1.34999567605496,0.0,0.07000000000000003,0.25,0.11714451587304155,0.09757970079977372,-4.0608654204494364e-05,0.0008636920308879513,-0.29844422858180614
1770339458.0545309,1.2029976092004777,0.0,0.020006085283476024,1.34999567605496,0.0,0.07000000000000003,0.0,-0.5,-0.24789606372509548,0.0023291835595903917,-0.028319892140941636,-0.11503562776885028
1770339458.4698756,1.2029976092004777,0.0,0.020006085283476024,1.34999567605496,0.0,0.07005703913271431,0.0,-0.5,-0.4202327389130185,0.005161143507912346,-0.18353056145179733,-0.1390332991696085
1770339458.893263,1.2029976092004777,0.0,0.020006085283476024,1.34999567605496,0.0,0.07013327217996125,0.0,-0.5,-0.45,0.0003555191981737094,-0.3075040761037162,-0.0840008326115075
1770339459.323399,1.2029976092004777,0.0,0.020006085283476024,1.34999567605496,0.0,0.07019718434453015,0.0,-0.5,-0.45,-0.0010469465904563327,-0.39837910519156045,-0.03594489690346054
1770339459.7420845,1.2029976092004777,0.0,0.020006085283476024,1.34999567605496,0.0,0.0702458578819037,0.0,-0.5,-0.45,-0.0004778362403946398,-0.4477375867458885,-0.006544891022883208
1770339460.1823132,1.2029976092004777,0.0,0.020006085283476024,1.34999567605496,0.0,0.0702458578819037,0.0,-0.5,-0.45,-0.000803108703680276,-0.4709066197894207,-0.013573321902743855
1770339460.5928195,1.2029976092004777,0.0,0.020006085283476024,1.34999567605496,0.0,0.0702458578819037,0.0,-0.5,-0.45,-0.0005161554975004673,-0.453679811534016,-0.004078742090048928
1770339461.0093734,1.2029976092004777,0.0,0.020006085283476024,1.34999567605496,0.0,0.0702458578819037,0.0,-0.5,-0.45,0.0014925238210884654,-0.42622896897777507,-0.016123123587825028
1770339461.4585612,1.2029976092004777,0.0,0.020006085283476024,1.34999567605496,0.0,0.0702458578819037,0.0,-0.5,-0.45,-7.81449994363124e-05,-0.3978128309168595,-0.029013343347098135
1770339461.8725657,1.2029976092004777,0.0,0.020006085283476024,1.34999567605496,0.0,0.07029462624609475,0.0,-0.5,-0.45,-0.0005305422307944432,-0.36319126470181484,-0.04739706650139149
1770339462.2900567,1.2029976092004777,0.0,0.020006085283476024,1.34999567605496,0.0,0.07034927666783337,0.0,-0.5,-0.45,0.006861194466994172,-0.33182384145575944,-0.06908601606371999
1770339462.7054439,1.2029976092004777,0.0,0.020006085283476024,1.34999567605496,0.0,0.07040919903576379,0.125,-0.17914331824879487,-0.281218069357717,0.09622080643348083,-0.281924543987228,-0.034122360628127825
1770339463.1189694,1.2031916782665253,0.0,0.02000498993245034,1.34999567605496,0.0,0.07040919903576379,0.11458333333333333,-0.1721227990879819,-0.19884966799725287,0.11269694796321429,-0.2422479960503815,-0.027553204190368
1770339463.5407832,1.203464058201313,0.0,0.02000409174460928,1.34999567605496,0.0,0.07040919903576379,0.11458333333333333,-0.16917402076721327,-0.17918694788443384,0.10375807893147906,-0.21155847414047024,-0.03007996972086359
1770339463.9703865,1.2036971523785591,0.0,0.020003355230579608,1.34999567605496,0.0,0.07040919903576379,0.09375,-0.16351353289297227,-0.1688180679957549,0.11256873347349845,-0.18731755603048936,-0.030492569301863764
1770339464.3962553,1.2039280211645365,0.0,0.02000275128907528,1.34999567605496,0.0,0.07040919903576379,0.10416666666666666,-0.15972707717529236,-0.1629369878424694,0.10403474962125292,-0.1656532141005484,-0.003656464367447329
1770339464.8186922,1.204111318999529,0.0,0.02000225605704173,1.34999567605496,0.0,0.07040919903576379,0.09375,-0.16126634681869717,-0.15777726883816917,0.09139199562702219,-0.15260052878691088,-0.006251642929970708
1770339465.2351143,1.2042624640899897,0.0,0.02000184996677422,1.34999567605496,0.0,0.07040919903576379,0.10416666666666666,-0.15720983548902595,-0.1581733262308827,0.10076884095476217,-0.14062210191272737,-0.01337128055840051
1770339465.6640615,1.2044042073887586,0.0,0.02000151697275486,1.34999567605496,0.0,0.07040919903576379,0.09375,-0.1551487739213821,-0.15647071099008777,0.09165047316999174,-0.12820904716271794,-0.01747166421869412
1770339466.082427,1.2044042073887586,0.0,0.020001243917658985,1.34999567605496,0.0,0.07040919903576379,0.10416666666666666,-0.1538402783542575,-0.15558442969911834,0.09063654602310148,-0.11895838706999026,-0.032768207967401985
1770339466.4949577,1.2044042073887586,0.0,0.02000102001248037,1.34999567605496,0.0,0.07040919903576379,0.11458333333333333,-0.15014632749838708,-0.15211656389916822,0.10239686967439329,-0.11023128842081345,-0.0340018112630351
1770339466.9065335,1.2044042073887586,0.0,0.020000836410233903,1.34999567605496,0.0,0.07040919903576379,0.09375,-0.14493674903638065,-0.1481848044931841,0.09031790790403582,-0.10680650052120917,-0.024463722871912074
1770339467.3293014,1.2044042073887586,0.0,0.020000836410233903,1.34999567605496,0.0,0.07040919903576379,0.11458333333333333,-0.13565106305043298,-0.1400026977321199,0.1051356885667937,-0.10416788579309774,-0.02762891220886185
1770339467.741397,1.2044042073887586,0.0,0.020000685856391802,1.34999567605496,0.0,0.07040919903576379,0.11458333333333333,-0.1295893876911372,-0.1351046244099381,0.11328605476469376,-0.09972487037407732,-0.019431457128471993
1770339468.16496,1.2044042073887586,0.0,0.020000685856391802,1.34999567605496,0.0,0.07040919903576379,0.125,-0.12434098762237669,-0.12873979181320794,0.11703038523970014,-0.09685027520286511,-0.024201832582592498
1770339468.5821354,1.2044042073887586,0.0,0.020000562402241278,1.34999567605496,0.0,0.07040919903576379,0.13541666666666669,-0.1168430029418049,-0.1212098916014404,0.13438177451891656,-0.09553162578043156,-0.0140058900004979
1770339469.0018518,1.204563828345537,0.0,0.02000046116983785,1.34999567605496,0.0,0.07040919903576379,0.14583333333333334,-0.11402141943964138,-0.11696789472031698,0.12321423895829607,-0.09278112995001249,-0.03498752634323142
1770339469.4186673,1.2047006931513546,0.0,0.020000378159267036,1.34999567605496,0.0,0.07040919903576379,0.25,-0.1067853800466309,-0.11083832669692864,0.14078803251300528,-0.0937341999143317,-0.1178593378747251
1770339469.8307807,1.2047006931513546,0.0,0.02000031009059897,1.34999567605496,0.0,0.07040919903576379,0.25,-0.10183817065422016,-0.1057096182918838,0.2459148544103906,-0.09208209144022717,-0.011064119862848172
1770339470.2508771,1.2050142924159764,0.0,0.020000254274291154,1.34999567605496,0.0,0.07040919903576379,0.25,-0.09208084126195411,-0.09890770672492052,0.2535354875864135,-0.09093979813004299,-0.00763367121487066
1770339470.6693413,1.205347686383128,0.0,0.020000208504918748,1.34999567605496,0.0,0.07040919903576379,0.25,-0.08237230617368857,-0.09022540731637158,0.25185835378847854,-0.0912696607550564,-0.0024134667703222894
1770339471.0933478,1.205690262903571,0.0,0.020000170974033372,1.34999567605496,0.0,0.07040919903576379,0.25,-0.0742989375743705,-0.08064370942175941,0.24913553012762416,-0.0902499817648583,-0.005769573942945095
1770339471.5166101,1.2060392200130223,0.0,0.020000140198707366,1.34999567605496,0.0,0.07040919903576379,0.25,-0.04116903108468632,-0.05487141016747108,0.25044327800066357,-0.08434724656410289,-0.015771469719055017
1770339471.92669,1.2064141888743638,0.0,0.02000011496294004,1.34999567605496,0.0,0.07040919903576379,0.25,-0.02771176052981205,-0.030509545791458433,0.24734691583605398,-0.07435314091189908,-0.02557429228938673
1770339472.3383055,1.2067992070072888,0.0,0.020000094269610833,1.34999567605496,0.0,0.07040919903576379,0.25,-0.017318785511572517,-0.009653410973078645,0.24886388892449818,-0.07051797981277973,-0.031951911605264297
1770339472.7554727,1.2072069728904962,0.0,0.020000077301080884,1.34999567605496,0.0,0.07040919903576379,0.25,-0.01278315023839227,-0.003054399565700665,0.25160941487481886,-0.06130599653973977,-0.031656411689142405
1770339473.179153,1.207612754829526,0.0,0.020000063386886324,1.34999567605496,0.0,0.07040919903576379,0.25,-0.009643795360077291,-0.0009664311125849761,0.2471133551447632,-0.04847019594533634,-0.02792210733105282
1770339473.6151457,1.2079932639545201,0.0,0.020000051977246785,1.34999567605496,0.0,0.07040919903576379,0.25,-0.005325485180358573,-0.00022933863316225504,0.2480535411977663,-0.04495069454095915,-0.024659086896569874
1770339474.0335584,1.2083705552333592,0.0,0.020000042621342362,1.34999567605496,0.0,0.07040919903576379,0.25,0.0020484927587981552,-7.256417689899475e-05,0.2488603080938631,-0.03276624492919484,-0.01870497724346127
1770339474.4591804,1.2087295954424142,0.0,0.02000003494950074,1.34999567605496,0.0,0.07040919903576379,0.25,0.004704914903653198,-2.295975909694756e-05,0.2483503637692688,-0.022484390114037515,-0.01390853688971721
1770339474.87216,1.2090710694140194,0.0,0.020000028658590605,1.34999567605496,0.0,0.07040919903576379,0.25,0.006219217635881132,-7.264611276768563e-06,0.2480035716973201,-0.01535415878835519,-0.010382898523787347
1770339475.3038976,1.2094002867311238,0.0,0.020000023500044296,1.34999567605496,0.0,0.07040919903576379,0.25,0.009507114844024623,-2.298568411790053e-06,0.24900260551252495,-0.010738320573435952,-0.00682698931147905
1770339475.73747,1.2097235588783024,0.0,0.020000019270036324,1.34999567605496,0.0,0.07040919903576379,0.25,0.011309477689622292,-5.454610586572098e-07,0.24913011197162202,-0.0038626649590777266,-0.003488513338823337
1770339476.1582234,1.210035690180659,0.0,0.020000015801429787,1.34999567605496,0.0,0.07040919903576379,0.25,0.013504863718928933,-1.7258728809075778e-07,0.24768171979071932,-0.0006814238298240907,-0.0029770299434740454
1770339476.5958612,1.2103401523071524,0.0,0.020000012957172426,1.34999567605496,0.0,0.07040919903576379,0.22916666666666674,0.024556489098833793,-5.460769662246633e-08,0.22811068260292264,0.0004097597249994422,-0.0013700095855744888
1770339477.0116632,1.2106192894774672,0.0,0.02000001062488139,1.34999567605496,0.0,0.07040919903576379,0.21875000000000006,0.026353433779433753,-1.7278216509452235e-08,0.21836539306285394,0.005571536897722749,-0.00368656174238808
1770339477.4228473,1.2108780015724894,0.0,0.020000008712402737,1.34999567605496,0.0,0.07040919903576379,0.19791666666666674,0.02918431240109169,-4.100201769332904e-09,0.19776379783497455,0.014605449963294808,-0.008358987169997683
1770339477.8419867,1.211095816556811,0.0,0.020000008712402737,1.34999567605496,0.0,0.07040919903576379,0.17708333333333337,0.032993816853220406,0.021753379341021287,0.18341172214319662,0.017989573953099074,-0.008548703902804784
1770339478.2566974,1.211321851814389,0.0,0.020000008712402737,1.34999567605496,0.0,0.07040919903576379,0.15625000000000003,0.03960524072427012,0.032551239566650306,0.1625638292554186,0.01920372303182541,-0.01310900243070365
1770339478.6701303,1.2115340589594839,0.0,0.020000008712402737,1.34999567605496,0.0,0.07040919903576379,0.14583333333333334,0.04795530487432959,0.04138968483507402,0.15456326446739022,0.024502804283895768,-0.017703279534853032
1770339479.0910962,1.2117400987190006,0.0,0.020000008712402737,1.34999567605496,0.0,0.07040919903576379,0.13541666666666669,0.06273285985410386,0.05258154298550171,0.13755337684564203,0.027890383076439706,-0.014821048012760744
1770339479.5210552,1.2119310299706456,0.0,0.020000008712402737,1.34999567605496,0.0,0.07040919903576379,0.11458333333333333,0.09485014291194947,0.0766698414404964,0.11772732876610185,0.03873743507186403,-0.023194903816627147
1770339479.9777336,1.2121112165290113,0.0,0.020000008712402737,1.34999567605496,0.0,0.07040919903576379,0.0,0.5,0.27133187603779907,0.12030137820975548,0.056184364756688,-0.2296198268187934
1770339480.3913684,1.2121112165290113,0.0,0.020000008712402737,1.34999567605496,0.0,0.0703377292323113,0.0,0.5,0.42764797640258484,0.0018867090207634,0.11787961021099491,-0.16294041666198905
1770339480.8158329,1.2121112165290113,0.0,0.020000008712402737,1.34999567605496,0.0,0.07027693797049527,0.0,0.5,0.45,-0.009850751875387104,0.1709035858528184,-0.15470135651316028
1770339481.2470894,1.2121112165290113,0.0,0.020000008712402737,1.3499964543650673,0.0,0.07022708913580612,0.125,0.12048843518952077,0.27601819494977675,0.03973334783306974,0.19735546708082866,-0.12724320422420532
1770339481.6646423,1.2121112165290113,0.0,0.020000008712402737,1.3499970925793552,0.0,0.07018621309136103,0.0,0.5,0.3904240382213612,0.07541696787525091,0.18971049274892457,-0.17653823804465962
1770339482.0860674,1.2121112165290113,0.0,0.020000008712402737,1.3499970925793552,0.0,0.07015269473491605,0.0,0.5,0.45,-0.003267477671567902,0.2189964309532342,-0.12169785601538177
1770339482.5162144,1.2121112165290113,0.0,0.020000008712402737,1.3499970925793552,0.0,0.07012520968263115,0.0,0.5,0.45,-0.00744731958175618,0.23670374433479546,-0.11586617875251458
1770339482.9497066,1.2121112165290113,0.0,0.020000008712402737,1.3499970925793552,0.0,0.07010267193975754,0.0,0.5,0.45,-0.003661600239811909,0.2388300361347872,-0.10945921135241748
1770339483.372545,1.2121112165290113,0.0,0.020000008712402737,1.3499970925793552,0.0,0.07008419099060119,0.0,0.5,0.45,-0.004549682380584043,0.2784899779055245,-0.09427068760489553
1770339483.8173301,1.2121112165290113,0.0,0.020000008712402737,1.3499970925793552,0.0,0.07006903661229298,0.0,0.5,0.45,-0.004136664852317365,0.3164970385649804,-0.07468885163577277
1770339484.2319942,1.2121112165290113,0.0,0.020000008712402737,1.3499970925793552,0.0,0.07005661002208025,0.0,0.5,0.45,-0.0007982422950810776,0.35051196084566877,-0.05394375410031553
1770339484.6543229,1.2121112165290113,0.0,0.020000008712402737,1.3499970925793552,0.0,0.07004642021810581,0.0,0.5,0.45,0.001808428442150504,0.39865751436883434,-0.032294226610049895
1770339485.0750945,1.2121112165290113,0.0,0.020000008712402737,1.3499970925793552,0.0,0.07003806457884676,0.0,0.5,0.45,-0.0025863865814008844,0.45523706034332734,-0.010862871350513847
1770339485.4955544,1.2121112165290113,0.0,0.020000008712402737,1.3499970925793552,0.0,0.07003121295465434,0.0,0.5,0.45,-0.0014784712655385632,0.4874044587313514,-0.02339744047001667
1770339485.91648,1.2121112165290113,0.0,0.020000008712402737,1.3499970925793552,0.0,0.07002559462281656,0.0,0.5,0.45,0.0004944359262607578,0.5238040868968477,-0.0410364421912342
1770339486.3456376,1.2121112165290113,0.0,0.020000008712402737,1.3499970925793552,0.0,0.07002559462281656,0.0,0.5,0.3263966535147739,0.028950620711416533,0.5247453721764826,-0.1282191085702344
1770339486.7616029,1.2121112165290113,0.0,0.020000008712402737,1.3499970925793552,0.0,0.07002559462281656,0.0,0.5,0.26109070574712934,0.03232221343153946,0.4189219392990855,-0.12182017349525726
1770339487.1800237,1.2121112165290113,0.0,0.020000008712402737,1.3499970925793552,0.0,0.07002559462281656,0.0,0.5,0.4244076061153026,0.0014946910866985303,0.4419975328864609,-0.012597213831015208
1770339487.595392,1.2121112165290113,0.0,0.020000008712402737,1.3499970925793552,0.0,0.07002098759070959,0.0,0.5,0.45,0.005989301689181841,0.4530067875482704,-0.008593620929497985
1770339488.0080116,1.2121112165290113,0.0,0.020000008712402737,1.3499970925793552,0.0,0.07001720982438187,0.0,0.5,0.45,-0.0028740134128061407,0.45136381413249105,-0.003720217820629594
1770339488.4222834,1.2121112165290113,0.0,0.020000008712402737,1.3499970925793552,0.0,0.07001411205599313,0.0,0.5,0.45,-0.003063127261974376,0.4439873362257221,-0.0068071069397902155
1770339488.8368862,1.2121112165290113,0.0,0.020000008712402737,1.3499970925793552,0.0,0.07001157188591436,0.25,-0.07312435241086362,0.26240068789259136,0.006123246899377614,0.4100616488513391,-0.32109980231743457
1770339489.2651598,1.2116918357580897,0.0,0.020000008712402737,1.3499976159150713,0.0,0.07001157188591436,0.0,-0.5,-0.15330290734648475,0.04291821156884109,0.30478196851504846,-0.28248861753323673
1770339489.679021,1.2111518357580897,0.0,0.020172353054872905,1.3499976159150713,0.0,0.0700923447489448,0.0,-0.5,-0.3903028730275987,0.01871264535803646,0.1719126657856401,-0.3131073450375967
1770339490.096982,1.2111518357580897,0.0,0.020172353054872905,1.3499976159150713,0.0,0.07020597454902605,0.0,-0.5,-0.45,-0.004576601655074451,0.05751085829260013,-0.2697722115506785
1770339490.520323,1.2111518357580897,0.0,0.020172353054872905,1.3499976159150713,0.0,0.07031883594986872,0.0,-0.5,-0.45,0.00031274322232901683,-0.046156526594436524,-0.21260121841381444
1770339490.9442775,1.2111518357580897,0.0,0.020172353054872905,1.3499976159150713,0.0,0.07042040918824152,0.0,-0.5,-0.45,0.0032087226795134904,-0.13230365804099734,-0.1706716068036709
1770339491.3565366,1.2111518357580897,0.0,0.020172353054872905,1.3499976159150713,0.0,0.07051091590043979,0.0,-0.5,-0.45,-0.003917720127623102,-0.24905417930589,-0.11606568260116738
1770339491.7725322,1.2111518357580897,0.0,0.020172353054872905,1.3499976159150713,0.0,0.07058414075908141,0.0,-0.5,-0.45,-0.00367125936925635,-0.34629496294070583,-0.06524785626238502
1770339492.1879861,1.2111518357580897,0.0,0.020172353054872905,1.3499976159150713,0.0,0.07064162182328182,0.0,-0.5,-0.45,-0.0015306191055687599,-0.4278442109800948,-0.020763438419460267
1770339492.6028998,1.2111518357580897,0.0,0.020172353054872905,1.3499976159150713,0.0,0.07064162182328182,0.0,-0.5,-0.45,0.0023889659215243384,-0.4847580039890979,-0.0254593472169736
1770339493.0233805,1.2111518357580897,0.0,0.020172353054872905,1.3499976159150713,0.0,0.07064162182328182,0.0,-0.5,-0.45,0.002183851047589226,-0.515671906225481,-0.03811119438396802
1770339493.4476016,1.2111518357580897,0.0,0.020172353054872905,1.3499976159150713,0.0,0.07064162182328182,0.0,-0.5,-0.45,-0.00093308224214195,-0.5176229870395047,-0.03493968384329667
1770339493.8731394,1.2111518357580897,0.0,0.020172353054872905,1.3499976159150713,0.0,0.07064162182328182,0.15625000000000003,-0.10369258696095475,-0.4009225262023328,0.0017294229750498683,-0.500140073296643,-0.20587764194639144
1770339494.2862592,1.2113666887950894,0.0,0.02014132950499578,1.3499980450503584,0.0,0.07064162182328182,0.0,-0.5,-0.36991414564957636,0.13596298512382196,-0.4455514199888413,-0.17924048762423458
1770339494.706516,1.2113666887950894,0.0,0.02014132950499578,1.3499980450503584,0.0,0.07064162182328182,0.0,-0.5,-0.45,0.005403924086801626,-0.4327792514437992,-0.015291515219406243
1770339495.1288064,1.2113666887950894,0.0,0.02014132950499578,1.3499980450503584,0.0,0.07064162182328182,0.0,-0.5,-0.41992004443672415,0.02108842214913658,-0.38933475415322594,-0.040725517019943015
1770339495.5485048,1.2113666887950894,0.0,0.02014132950499578,1.3499980450503584,0.0,0.07064162182328182,0.0,-0.5,-0.45,-0.00365113614960876,-0.36409592010798775,-0.049127059500138716
1770339495.9769502,1.2113666887950894,0.0,0.02014132950499578,1.3499980450503584,0.0,0.07069611655888039,0.0,-0.5,-0.45,0.015071649455284728,-0.3400023782985502,-0.07247981448695341
1770339496.3882298,1.2113666887950894,0.0,0.02014132950499578,1.3499980450503584,0.0,0.07075468389627415,0.0,-0.5,-0.45,-0.009514243129694386,-0.3377402611946493,-0.06587032424275983
1770339496.8134408,1.2113666887950894,0.0,0.02014132950499578,1.3499980450503584,0.0,0.07081356838879067,0.0,-0.5,-0.45,-0.003975067708864555,-0.34430951185814884,-0.057477236846140096
1770339497.2476974,1.2113666887950894,0.0,0.02014132950499578,1.3499980450503584,0.0,0.07087138001915891,0.0,-0.5,-0.45,0.001115612511888633,-0.3539884694770826,-0.0500892735352407
1770339497.663469,1.2113666887950894,0.0,0.02014132950499578,1.3499980450503584,0.0,0.07092758185741384,0.0,-0.5,-0.45,0.002053600146569073,-0.3774847319659149,-0.040660860412494844
1770339498.0884182,1.2113666887950894,0.0,0.02014132950499578,1.3499980450503584,0.0,0.07097981271740873,0.0,-0.5,-0.45,0.0006218160872671454,-0.4271309162312767,-0.017020976398164984
1770339498.5328515,1.2113666887950894,0.0,0.02014132950499578,1.3499980450503584,0.0,0.07097981271740873,0.125,-0.00629353208463581,-0.3749954751229943,-0.003913742453467063,-0.45875971740907956,-0.17395874371429
1770339498.9636035,1.211555061010122,0.0,0.020115890194096542,1.3499983969412939,0.0,0.07097981271740873,0.0,-0.5,-0.45,0.0018708296940239777,-0.43542380902497835,-0.01149251601994493
1770339499.3852344,1.211555061010122,0.0,0.020115890194096542,1.3499983969412939,0.0,0.07097981271740873,0.0,-0.5,-0.45,-0.0034969668715864053,-0.45553189487548246,-0.00827372289437804
1770339499.8009644,1.211555061010122,0.0,0.020115890194096542,1.3499983969412939,0.0,0.07097981271740873,0.0,-0.5,-0.45,-0.00047644834368213514,-0.3857609378349049,-0.039573075130287454
1770339500.216184,1.211555061010122,0.0,0.020115890194096542,1.3499983969412939,0.0,0.07103063804087122,0.0,-0.5,-0.45,-0.00011833418210799185,-0.30612304734062934,-0.08002059956122089
1770339500.6376708,1.211555061010122,0.0,0.020115890194096542,1.3499983969412939,0.0,0.07109477340278109,0.0,-0.5,-0.45,-8.66810969348017e-05,-0.2375755170002626,-0.11315367563084017
1770339501.0566018,1.211555061010122,0.0,0.020115890194096542,1.3499983969412939,0.0,0.07116982254979093,0.0,-0.5,-0.45,-6.744269723403103e-05,-0.18872740440973368,-0.1355885517514201
1770339501.4686246,1.211555061010122,0.0,0.020115890194096542,1.3499983969412939,0.0,0.07125224520203549,0.0,-0.5,-0.45,-5.18667034302372e-05,-0.14997954336981661,-0.15393688112251364
1770339501.891453,1.211555061010122,0.0,0.020115890194096542,1.3499983969412939,0.0,0.07134023961243112,0.0,-0.5,-0.45,-3.950160403145428e-05,-0.1163720796896508,-0.17021420812722265
1770339502.3180506,1.211555061010122,0.0,0.020115890194096542,1.3499983969412939,0.0,0.07143285089311083,0.0,-0.5,-0.45,-2.9925583751328037e-05,-0.09054821253618642,-0.18233820603100456
1770339502.7390916,1.211555061010122,0.0,0.020115890194096542,1.3499983969412939,0.0,0.07152886658367594,0.0,-0.5,-0.45,-2.3179222239748126e-05,-0.07215273909964587,-0.19078635701607086
1770339503.1563952,1.211555061010122,0.0,0.020115890194096542,1.3499983969412939,0.0,0.07162722914275606,0.0,-0.5,-0.45,-1.7562492673287314e-05,-0.056007022845236405,-0.19862862269549605
1770339503.5699809,1.211555061010122,0.0,0.020115890194096542,1.3499983969412939,0.0,0.07172759689983804,0.0,-0.5,-0.45,-1.3639003221107635e-05,-0.04424927957497942,-0.2040647735427571
1770339503.992699,1.211555061010122,0.0,0.020115890194096542,1.3499983969412939,0.0,0.0718293923538633,0.0,-0.5,-0.45,-1.0590957105589538e-05,-0.03518668527228383,-0.20832350775123326
1770339504.4291613,1.211555061010122,0.0,0.020115890194096542,1.3499983969412939,0.0,0.07193226944622476,0.0,-0.5,-0.45,-8.008592767287117e-06,-0.02740757716558434,-0.21208213082064506
1770339504.842438,1.211555061010122,0.0,0.020115890194096542,1.3499983969412939,0.0,0.07203606185850579,0.0,-0.5,-0.45,-6.054877830945237e-06,-0.02134941478123346,-0.2149371637256493
1770339505.2598622,1.211555061010122,0.0,0.020115890194096542,1.3499983969412939,0.0,0.07214055862960297,0.0,-0.5,-0.45,-5.579013637265468e-06,-0.017073109714528033,-0.2168966546630438
1770339505.674165,1.211555061010122,0.0,0.020115890194096542,1.3499983969412939,0.0,0.07224554812249619,0.0,-0.5,-0.45,-4.568801006820658e-06,-0.013506231128194154,-0.21860814109554313
1770339506.0890925,1.211555061010122,0.0,0.020115890194096542,1.3499983969412939,0.0,0.07235094580468612,0.0,-0.5,-0.45,-2.7635578782303214e-06,-0.010550197832464735,-0.2200232679712188
1770339506.5115423,1.211555061010122,0.0,0.020115890194096542,1.3499983969412939,0.0,0.07245667981442885,0.0,-0.5,-0.45,-2.148924220643624e-06,-0.008332318542986676,-0.22105777758167514
1770339506.9309564,1.211555061010122,0.0,0.020115890194096542,1.3499983969412939,0.0,0.07256266500768142,0.0,-0.5,-0.45,-1.622454958160411e-06,-0.0064316191262482995,-0.22197588283350786
1770339507.3590875,1.211555061010122,0.0,0.020115890194096542,1.3499983969412939,0.0,0.07266886464890915,0.0,-0.5,-0.45,-1.2425985282083404e-06,-0.00505393860301973,-0.2226120413493412
1770339507.7708743,1.211555061010122,0.0,0.020115890194096542,1.3499983969412939,0.0,0.07277521932181794,0.0,-0.5,-0.45,-9.535229350478415e-07,-0.004249428764033908,-0.2229566901248167
1770339508.1841743,1.211555061010122,0.0,0.020115890194096542,1.3499983969412939,0.0,0.07288166427788216,0.0,-0.5,-0.45,-7.382106672923327e-07,-0.0033536570423980078,-0.2234134868616319
1770339508.5937057,1.211555061010122,0.0,0.020115890194096542,1.3499983969412939,0.0,0.07298820969876725,0.0,-0.5,-0.45,-5.70503688823712e-07,-0.0026185226997895573,-0.22376482258805488
1770339509.0097058,1.211555061010122,0.0,0.020115890194096542,1.3499983969412939,0.0,0.07309483742055375,0.0,-0.5,-0.45,-4.428404054676239e-07,-0.0022085670378823303,-0.22393715488765503
1770339509.4279664,1.211555061010122,0.0,0.020115890194096542,1.3499983969412939,0.0,0.07320151098665674,0.0,-0.5,-0.45,-3.440422803627577e-07,-0.0016043498166001284,-0.22425859085610853
1770339509.847894,1.211555061010122,0.0,0.020115890194096542,1.3499983969412939,0.0,0.07330825205859622,0.019999999999999993,-1.0,-0.45,-0.0008410605796453374,-0.003389192230311936,-0.24432494870586055
1770339510.2620056,1.211555061010122,0.0,0.020115890194096542,1.3499983969412939,0.0,0.07341204314050158,0.09375,-0.056856592359290345,-0.4994072938943409,0.019239983565780754,-0.18139179783931889,-0.2513180250226309
1770339510.6813145,1.2112000198137758,0.0,0.020115890194096542,1.3499983969412939,0.0,0.0734935886889406,0.125,-0.05146534450908895,-0.19603034727549457,0.10782017293353767,-0.15746623886675024,-0.03885443716809136
1770339511.1307929,1.2112000198137758,0.0,0.020095029959159166,1.3499983969412939,0.0,0.0734935886889406,0.125,-0.0477161735075573,-0.09504419600309508,0.11363536413047955,-0.13918378453939026,-0.035262675570404044
1770339511.5506356,1.2114382765299079,0.0,0.020077924566510516,1.3499983969412939,0.0,0.0734935886889406,0.13541666666666669,-0.043583356531520415,-0.06072883280919898,0.12535820663851716,-0.1173699079375614,-0.040560385252513625
1770339511.9751205,1.2117015045207735,0.0,0.020063898144538624,1.3499983969412939,0.0,0.0734935886889406,0.125,-0.042304478364006554,-0.046719845520046044,0.13630104256679235,-0.10159598413887998,-0.040316504256077454
1770339512.4181185,1.211980262662768,0.0,0.02005239647852167,1.3499983969412939,0.0,0.0734935886889406,0.13541666666666669,-0.03895236434113162,-0.04218797348021289,0.1294739082473851,-0.0892055476791332,-0.03069058916471641
1770339512.8448937,1.2122281681698557,0.0,0.02004296511238777,1.3499983969412939,0.0,0.0734935886889406,0.125,-0.036925708181964806,-0.0391687797286986,0.12648196320735644,-0.08008060848919044,-0.022850371506596634
1770339513.2600098,1.212464294992089,0.0,0.02003523139215797,1.3499983969412939,0.0,0.0734935886889406,0.13541666666666669,-0.03297878998399919,-0.03488423399216089,0.11767352656116725,-0.07056035849289306,-0.03653322735549526
1770339513.6795983,1.2126704437512157,0.0,0.020028889741569536,1.3499983969412939,0.0,0.0734935886889406,0.125,-0.028651240880172686,-0.02463156487437381,0.12227221010644364,-0.0651849668473418,-0.023542030044595486
1770339514.0966876,1.2128938254243133,0.0,0.02002368958808702,1.3499983969412939,0.0,0.0734935886889406,0.125,-0.025416933898203084,-0.007793581073532337,0.12610176325459446,-0.059819018548789196,-0.027651076822078152
1770339514.5100007,1.2131372935545441,0.0,0.020019425462231358,1.3499983969412939,0.0,0.0734935886889406,0.11458333333333333,-0.021682495353593317,-0.0024659377615473413,0.10668350395802885,-0.05238237015360921,-0.033601710410853414
1770339514.9262297,1.2133468602311608,0.0,0.020015928879029712,1.3499983969412939,0.0,0.0734935886889406,0.11458333333333333,-0.018139067013181197,-0.0007802381198645884,0.11826029757909938,-0.04594033955063417,-0.026901218021448348
1770339515.3489597,1.2135675641316173,0.0,0.020013061680804363,1.3499983969412939,0.0,0.0734935886889406,0.125,-0.019416110010963453,-0.0002468722176134049,0.11851357691769318,-0.04003038789666185,-0.026969176087228274
1770339515.7696617,1.213774805767536,0.0,0.020010710578259577,1.3499983969412939,0.0,0.0734935886889406,0.125,-0.01911193401224914,-5.858393445318105e-05,0.10277359538363025,-0.033469654297762524,-0.039588013157914353
1770339516.1848588,1.2139441585564612,0.0,0.020008782674172852,1.3499983969412939,0.0,0.0734935886889406,0.11458333333333333,-0.016396011434791104,-1.8536323010576816e-05,0.10964072003346483,-0.027376004091729553,-0.019230712204831288
1770339516.5999389,1.214119589139819,0.0,0.020007201792821738,1.3499983969412939,0.0,0.0734935886889406,0.11458333333333333,-0.016699121781305275,-5.86500845256532e-06,0.0850336580840256,-0.025988474457044157,-0.042679732937072064
1770339517.012837,1.214119589139819,0.0,0.020005905470113824,1.3499983969412939,0.0,0.0734935886889406,0.09375,-0.008559379510780942,-1.8557253306944957e-06,0.11071762118792804,-0.022591542495368017,-0.028602157769114313
1770339517.4414873,1.2142979260843991,0.0,0.020005905470113824,1.3499983969412939,0.0,0.0734935886889406,0.10416666666666666,-0.007991205824841939,-5.871630929150553e-07,0.10322581094173611,-0.018825800446489183,-0.010730036571516569
1770339517.8737612,1.2144523424023388,0.0,0.020005905470113824,1.3499983969412939,0.0,0.0734935886889406,0.019999999999999993,-1.0,-0.45,0.08812872894932319,-0.04094620553988339,-0.274867666688721
1770339518.3014247,1.2144523424023388,0.0,0.020005905470113824,1.3499983969412939,0.0,0.07359443302092035,0.125,0.032743214323814815,-0.16475228088515154,0.1193583589113771,-0.11480862952791421,-0.03799970916604465
1770339518.7115984,1.2144523424023388,0.0,0.020004842485493335,1.3499983969412939,0.0,0.07359443302092035,0.15625000000000003,0.03688307432532785,-0.0274495901470453,0.12096071841092634,-0.08535197023616391,-0.06718613756280802
1770339519.1222966,1.2146897869884965,0.0,0.020003970838104533,1.3499983969412939,0.0,0.07359443302092035,0.14583333333333334,0.035977125269661916,0.01666203184578972,0.11173807331518412,-0.059780094074250674,-0.07487351059436075
1770339519.5357075,1.2149321796709296,0.0,0.020003256087245718,1.3499983969412939,0.0,0.07359443302092035,0.13541666666666669,0.018475418103650016,0.022861517484956198,0.12268896527140252,-0.042224906327775626,-0.04702643207627758
1770339519.9532301,1.2151765776371952,0.0,0.02000266999154149,1.3499983969412939,0.0,0.07359443302092035,0.125,0.020142800066150986,0.007233527016724422,0.13569156660512957,-0.030563500170787655,-0.030756220814584408
1770339520.3693953,1.2154071396213766,0.0,0.020002189393064022,1.3499983969412939,0.0,0.07359443302092035,0.13541666666666669,0.018795860490701963,0.001716549868226596,0.1333341299576738,-0.022921052933749703,-0.015165582833684833
1770339520.783917,1.2156087233197685,0.0,0.020001795302312497,1.3499983969412939,0.0,0.07359443302092035,0.125,0.01554209406305709,0.0005431271067435714,0.13412961997628195,-0.014943897789145934,-0.01767084793868708
1770339521.1929634,1.2158011078727242,0.0,0.020001795302312497,1.3499983969412939,0.0,0.07359443302092035,0.14583333333333334,0.016851339445208287,0.0001718488111180831,0.1374072390013926,-0.00844174348351004,-0.013383105909818399
1770339521.6215322,1.215978322843909,0.0,0.020001472147896247,1.3499983969412939,0.0,0.07359443302092035,0.14583333333333334,0.020082134028946985,5.437403789283098e-05,0.1319324572737448,-0.0033145151037020783,-0.016098043468366786
1770339522.037698,1.2161372214227912,0.0,0.020001207161274924,1.3499983969412939,0.0,0.07359443302092035,0.14583333333333334,0.0201415386800336,1.7204285427028553e-05,0.13356832251079773,0.0017613497183297908,-0.013644670021190183
1770339522.4713333,1.216290196815133,0.0,0.020001207161274924,1.3499983969412939,0.0,0.07359443302092035,0.14583333333333334,0.021107470731643554,4.082657576921815e-06,0.13870899086606794,0.007727606522805102,-0.01158273008032702
1770339522.9022994,1.2164417778396606,0.0,0.020001207161274924,1.3499983969412939,0.0,0.07359443302092035,0.13541666666666669,0.02471458380947706,1.291778373947918e-06,0.13198773788227403,0.009592209372778484,-0.008410847866592266
1770339523.3185549,1.2165831967145204,0.0,0.020001207161274924,1.3499983969412939,0.0,0.07359443302092035,0.125,0.027039214204843773,4.087267511319584e-07,0.13409345612686493,0.012935078892360412,-0.015895078161627767
1770339523.7461023,1.2167271025443076,0.0,0.020001207161274924,1.3499983969412939,0.0,0.07359443302092035,0.125,0.02035815545743655,0.00514460201359647,0.1330059332064726,0.015078133850831397,-0.013187004620937172
1770339524.1576915,1.216872480263114,0.0,0.020001207161274924,1.3499983969412939,0.0,0.07359443302092035,0.18750000000000006,0.02063150129417116,0.007093604034333841,0.1486746177605498,0.016746504617955158,-0.04381866960797329
1770339524.5805328,1.2170169742208718,0.0,0.02000098987224544,1.3499983969412939,0.0,0.07359443302092035,0.13541666666666669,0.03300595973406489,0.013034494896716887,0.13032143372308055,0.0218654502093555,-0.01002260515904547
1770339524.9911692,1.21715225417912,0.0,0.02000098987224544,1.3499983969412939,0.0,0.07359443302092035,0.125,0.038813633903363086,0.02457944427210865,0.1360727209601978,0.020505434905105254,-0.013245727174124514
1770339525.4125757,1.2173200351399183,0.0,0.02000098987224544,1.3499983969412939,0.0,0.07359443302092035,0.13541666666666669,0.037318875352551475,0.033676050651610084,0.12934402589805705,0.025168995174356213,-0.01079252453416167
1770339525.8297086,1.2174760599303245,0.0,0.02000098987224544,1.3499983969412939,0.0,0.07359443302092035,0.125,0.033876493353165164,0.03472212837990048,0.13509478167933114,0.0232589712815674,-0.016017362617776566
1770339526.2621558,1.2176511943173407,0.0,0.02000098987224544,1.3499983969412939,0.0,0.07359443302092035,0.11458333333333333,0.05258031464612584,0.04364193499914617,0.1141361001736603,0.02935549654475335,-0.008200104913188035
1770339526.6909473,1.2177966614341735,0.0,0.02000098987224544,1.3499983969412939,0.0,0.07359443302092035,0.11458333333333333,0.0511464072752114,0.0484526822012305,0.1111769175686704,0.033502846441253814,-0.011296068634301316
1770339527.1138523,1.2179364810740947,0.0,0.02000098987224544,1.3499983969412939,0.0,0.07359443302092035,0.11458333333333333,0.048266336507267964,0.04772970327036026,0.10685462698179893,0.03706292603532003,-0.013418102928461139
1770339527.537415,1.2179364810740947,0.0,0.02000098987224544,1.3499983969412939,0.0,0.07359443302092035,0.10416666666666666,0.045849804851071034,0.04672354783409742,0.09978379528943417,0.038025641930119695,-0.008828095918701321
1770339527.9664476,1.2179364810740947,0.0,0.02000098987224544,1.3499983969412939,0.0,0.07359443302092035,0.10416666666666666,-0.06521656619974207,0.0188256281919744,0.10854383371793783,0.03891707271528472,-0.01451203239144283
1770339528.3724837,1.2179364810740947,0.0,0.02000098987224544,1.3499983969412939,0.0,0.07359443302092035,0.11458333333333333,-0.07243117889412493,-0.04522254164655021,0.10259588638642621,0.0196796460437566,-0.04636228345921334
1770339528.7834158,1.2179364810740947,0.0,0.02000098987224544,1.3499983969412939,0.0,0.07359443302092035,0.11458333333333333,-0.07005796112121904,-0.061967987201008344,0.10919873455008755,0.0001766230479255872,-0.038407206207295846
1770339529.2070312,1.2179364810740947,0.0,0.02000098987224544,1.3499983969412939,0.0,0.07359443302092035,0.09375,-0.06746657134493529,-0.06602862497662844,0.10422062272954079,-0.012696332477406641,-0.03842406453168491
1770339529.6260343,1.2179364810740947,0.0,0.02000098987224544,1.3499983969412939,0.0,0.07359443302092035,0.10416666666666666,-0.06934226556616345,-0.066027855529023,0.09061830541255748,-0.023964683785774564,-0.03570678225657019
1770339530.0483403,1.2179364810740947,0.0,0.02000098987224544,1.3499983969412939,0.0,0.07359443302092035,0.09375,-0.06456993531962134,-0.06482433869440485,0.10781070486107518,-0.03315331781905895,-0.030815078702076566
1770339530.4675333,1.2179364810740947,0.0,0.02000098987224544,1.3499983969412939,0.0,0.07359443302092035,0.09375,-0.04632486637802429,-0.05015950400721825,0.09113093071772711,-0.0335448765277088,-0.010965538892892595
1770339530.8953416,1.2179364810740947,0.0,0.02000098987224544,1.3499983969412939,0.0,0.07359443302092035,0.09375,-0.05096800056030017,-0.05119243699094728,0.09184519827214642,-0.03297864678818726,-0.011068319803185747
1770339531.3058345,1.2179364810740947,0.0,0.02000098987224544,1.3499983969412939,0.0,0.07359443302092035,0.09375,-0.04066295015953214,-0.044432839005374106,0.12727966078369984,-0.03804965618160787,-0.03722835313492502
1770339531.7216034,1.2181091582304238,0.0,0.02000098987224544,1.3499983969412939,0.0,0.07359443302092035,0.09375,-0.04219243907054557,-0.04141411669842275,0.09220364133854636,-0.03307077440690097,-0.006215917984685221
1770339532.1577594,1.2181091582304238,0.0,0.02000098987224544,1.3499983969412939,0.0,0.07359443302092035,0.013333333333333329,-1.0,-0.45,0.0429832741092136,-0.05708546449538949,-0.22850867753703438
1770339532.5735507,1.2181091582304238,0.0,0.02000098987224544,1.3499983969412939,0.0,0.07369365016397912,0.11458333333333333,-0.0051629464304047,-0.21232421151058578,0.07272149311497338,-0.07976709277615253,-0.11040856241365289
1770339532.9919138,1.2181091582304238,0.0,0.02000098987224544,1.3499983969412939,0.0,0.07369365016397912,0.09375,-0.008853178794200037,-0.06718070754827128,0.15631228784236093,-0.07306886320760483,-0.06617618862888247
1770339533.4068139,1.2183600353246926,0.0,0.02000098987224544,1.3499983969412939,0.0,0.07369365016397912,0.1666666666666667,-0.00801054343376557,-0.02125639574769521,0.17638693588596796,-0.05675026102180708,-0.029099062074936958
1770339533.8241918,1.2186471050852536,0.0,0.02000081169524126,1.3499983969412939,0.0,0.07369365016397912,0.15625000000000003,0.005857014696112439,-0.006725656467044188,0.16090999305521617,-0.04088789150188261,-0.023327347524627798
1770339534.2387762,1.218905421785116,0.0,0.020000665590097833,1.3499983969412939,0.0,0.07369365016397912,0.15625000000000003,0.009781416341687424,-0.0021280397415257,0.1554414854410542,-0.03220850987100759,-0.01671668778677426
1770339534.6556802,1.2191460149681568,0.0,0.020000545783880223,1.3499983969412939,0.0,0.07369365016397912,0.14583333333333334,0.013797437474215682,-0.0006733250744671161,0.14426403173945934,-0.026001506035583665,-0.014854092457974668
1770339535.0677145,1.219363659991622,0.0,0.020000447542781782,1.3499983969412939,0.0,0.07369365016397912,0.15625000000000003,0.004073879115246546,-0.00015978319638233318,0.1555271794734696,-0.018980507201332573,-0.010835282412430643
1770339535.4806168,1.2195846968454123,0.0,0.02000036698508106,1.3499983969412939,0.0,0.07369365016397912,0.17708333333333337,0.006751618148534359,-5.055640198034761e-05,0.14970415843446844,-0.013249734159500991,-0.034551841081808414
1770339535.9197917,1.2197770169126987,0.0,0.02000030092776647,1.3499983969412939,0.0,0.07369365016397912,0.17708333333333337,0.02176030470111004,-1.599636156409436e-05,0.17942969736028158,-0.006947526681813369,-0.00644234993484161
1770339536.34008,1.2200093328684567,0.0,0.020000246760768507,1.3499983969412939,0.0,0.07369365016397912,0.19791666666666674,0.025188380939137844,-5.061348776139231e-06,0.18502709299741743,-0.005262579925582293,-0.015686827633275495
1770339536.7573802,1.2202391360878944,0.0,0.020000202343830174,1.3499983969412939,0.0,0.07369365016397912,0.19791666666666674,0.029373916008075013,-1.6014423862003036e-06,0.2055012355722771,-0.0011782653107819748,-0.00858133230128827
1770339537.210297,1.2204966620135307,0.0,0.020000165921940743,1.3499983969412939,0.0,0.07369365016397912,0.2083333333333334,0.02282835874465662,0.005974574205978386,0.2179101027818492,0.004835723821650967,-0.010747593553922798
1770339537.6437805,1.2207683095121382,0.0,0.020000136055991408,1.3499983969412939,0.0,0.07369365016397912,0.22916666666666674,0.025415681653858917,0.010132109567023546,0.230042973323234,0.006669828573280554,-0.002790857628601721
1770339538.0581186,1.2210535663354396,0.0,0.020000111565912953,1.3499983969412939,0.0,0.07369365016397912,0.23958333333333343,0.0386926235657682,0.022030560438351367,0.22941340503455185,0.008201010920963283,-0.017237821292243893
1770339538.477922,1.2213462628126144,0.0,0.02000009148404862,1.3499983969412939,0.0,0.07369365016397912,0.25,0.04280270273214083,0.03690827474303761,0.23030865417803012,0.014284980893641221,-0.03161138974393587
1770339538.9022343,1.2216451814889906,0.0,0.02000007501691987,1.3499983969412939,0.0,0.07369365016397912,0.25,0.0335176159650663,0.03774122804872749,0.24969635088208197,0.01865287875562843,-0.010284613550666276
1770339539.314125,1.2219699823021886,0.0,0.020000061513874293,1.3499983969412939,0.0,0.07369365016397912,0.25,0.022115415472559907,0.011941560437292685,0.2510971499269315,0.02208000979718767,-0.006509087711034913
1770339539.7310226,1.2222579242527483,0.0,0.02000005044137692,1.3499983969412939,0.0,0.07369365016397912,0.25,0.025543706959386243,0.0037783843571121386,0.24894809349995875,0.024191429182865733,-0.011469570851485854
1770339540.14435,1.2225280250930783,0.0,0.020000041361929073,1.3499983969412939,0.0,0.07369365016397912,0.25,0.030311379438731793,0.008773349285175461,0.2501770581960218,0.023394390119599213,-0.007567282519560346
1770339540.5631974,1.2228080866277216,0.0,0.02000003391678184,1.3499983969412939,0.0,0.07369365016397912,0.25,0.02774096354407677,0.010929634911888125,0.2503396329836213,0.024938762784543312,-0.007498634186443278
1770339540.987218,1.2230886753129957,0.0,0.020000027811761106,1.3499983969412939,0.0,0.07369365016397912,0.25,0.04582717769445217,0.03264669378573764,0.24863085685414277,0.026010815773221202,-0.00479428745098324
1770339541.4037652,1.2233929996812343,0.0,0.020000022805644106,1.3499983969412939,0.0,0.07369365016397912,0.25,0.05588294303985623,0.046295489845785354,0.24731852321440498,0.033440798763322725,-0.009851820625836488
1770339541.8211792,1.2237005390954017,0.0,0.020000018700628168,1.3499983969412939,0.0,0.07369365016397912,0.23958333333333343,0.06302398307579948,0.05574356683294484,0.247082247815965,0.03820140676654734,-0.01674605531615278
1770339542.2373133,1.2240165061604975,0.0,0.0200000153345151,1.3499983969412939,0.0,0.07369365016397912,0.25,0.08164403195690512,0.06995744127509886,0.25160380570169544,0.041164136903440805,-0.01629673090121381
1770339542.6499074,1.2243487003433702,0.0,0.02000001257430238,1.3499983969412939,0.0,0.07369365016397912,0.22916666666666674,0.09595966406723642,0.08370994016593465,0.22921696015829973,0.04954972125535558,-0.017968961382114002
1770339543.060132,1.2246569958829878,0.0,0.020000010310927952,1.3499983969412939,0.0,0.07369365016397912,0.21875000000000006,0.12070712430136019,0.10582551120445292,0.22706111995153638,0.061457040033771754,-0.03168608741471853
1770339543.4747055,1.22497484965682,0.0,0.02000000845496092,1.3499983969412939,0.0,0.07369365016397912,0.0,0.5,0.33618312847131304,0.15693249694537276,0.11627890478348665,-0.27236679526425744
1770339543.8937347,1.22497484965682,0.0,0.02000000845496092,1.3499983969412939,0.0,0.07361637168285329,0.0,0.5,0.33618312847131304,-0.0059151745082753684,0.12309983892671772,-0.11313891269489613
1770339544.3261194,1.22497484965682,0.0,0.02000000845496092,1.3499983969412939,0.0,0.07353767642137486,0.0,0.5,0.33618312847131304,-0.008941674686482574,0.09236504753830878,-0.13392419429182562
1770339544.737009,1.22497484965682,0.0,0.02000000845496092,1.3499983969412939,0.0,0.07345440569219071,0.0,0.5,0.33618312847131304,-0.005812405088388777,0.07298108998941835,-0.1393518200842252
1770339545.1668513,1.22497484965682,0.0,0.02000000845496092,1.3499983969412939,0.0,0.07336834243473489,0.0,0.5,0.33618312847131304,-0.0044018553538912415,0.05714175608350139,-0.14550647493838878
1770339545.579914,1.22497484965682,0.0,0.02000000845496092,1.3499983969412939,0.0,0.07328005026695211,0.0,0.5,0.33618312847131304,-0.003407567062127314,0.04511096984079073,-0.15014672500165954
1770339545.9902463,1.22497484965682,0.0,0.02000000845496092,1.3499983969412939,0.0,0.07319009814974745,0.0,0.5,0.33618312847131304,-0.002615401404957988,0.035835680736267354,-0.15371665418293318
1770339546.423936,1.22497484965682,0.0,0.02000000845496092,1.3499983969412939,0.0,0.07309888628479917,0.0,0.5,0.33618312847131304,-0.0020120680067698,0.027282338416174733,-0.15731779726634823
1770339546.853047,1.22497484965682,0.0,0.02000000845496092,1.3499983969412939,0.0,0.07300652758237798,0.0,0.5,0.33618312847131304,-0.0014970093176011497,0.02084796310181188,-0.15980802953378803
1770339547.2634022,1.22497484965682,0.0,0.02000000845496092,1.3499983969412939,0.0,0.07291331630227048,0.0,0.5,0.33618312847131304,-0.0011611933094227206,0.016669921744241024,-0.1613356008087158
1770339547.6772976,1.22497484965682,0.0,0.02000000845496092,1.3499983969412939,0.0,0.07281955598470646,0.0,0.5,0.33618312847131304,-0.000887616435744948,0.01283969101905432,-0.162942358234393
1770339548.088142,1.22497484965682,0.0,0.02000000845496092,1.3499983969412939,0.0,0.07272529528495747,0.0,0.5,0.33618312847131304,-0.0006800678155399896,0.010665658286694645,-0.16365620618108517
1770339548.4989955,1.22497484965682,0.0,0.02000000845496092,1.3499983969412939,0.0,0.0726307522666164,0.0,0.5,0.33618312847131304,-0.0005405088098875329,0.007668026064519067,-0.1650978232355021
1770339548.9174926,1.22497484965682,0.0,0.02000000845496092,1.3499983969412939,0.0,0.07253582060691792,0.0,0.5,0.33618312847131304,-0.00040727983706568817,0.005537155528141432,-0.16594335336228924
1770339549.3359582,1.22497484965682,0.0,0.02000000845496092,1.3499983969412939,0.0,0.07244061405298191,0.0,0.5,0.33618312847131304,-0.0003172935568858596,0.004665997491459011,-0.16616297485048112
1770339549.7487888,1.22497484965682,0.0,0.02000000845496092,1.3499983969412939,0.0,0.07234529560801464,0.0,0.5,0.33618312847131304,-0.0002467147385297093,0.004139407420163679,-0.16632123427123394
1770339550.1856263,1.22497484965682,0.0,0.02000000845496092,1.3499983969412939,0.0,0.0722499097215839,0.0,0.5,0.33618312847131304,-0.0001868244306584353,0.0028077389130848488,-0.16700768606048041
1770339550.6020942,1.22497484965682,0.0,0.02000000845496092,1.3499983969412939,0.0,0.07215435272094685,0.0,0.5,0.33618312847131304,-0.00013839214985990794,0.0022842968151635923,-0.1671401521877268
1770339551.0189319,1.22497484965682,0.0,0.02000000845496092,1.3499983969412939,0.0,0.07205872872945744,0.0,0.5,0.33618312847131304,-0.00010971893591344079,0.001501749385572764,-0.16752866322174267
1770339551.4365249,1.22497484965682,0.0,0.02000000845496092,1.3499983969412939,0.0,0.07196300442335088,0.0,0.5,0.33618312847131304,-8.13075936322885e-05,0.0010492673550898547,-0.16769348635479217
1770339551.853556,1.22497484965682,0.0,0.02000000845496092,1.3499983969412939,0.0,0.07186722225663145,0.0,0.5,0.33618312847131304,-6.295165621374023e-05,0.0015870226632059572,-0.16741478009107888
1770339552.2687442,1.22497484965682,0.0,0.02000000845496092,1.3499983969412939,0.0,0.07177150921580275,0.0,0.5,0.33618312847131304,-4.973142708006843e-05,0.001117574362014842,-0.16762945331184828
1770339552.682664,1.22497484965682,0.0,0.02000000845496092,1.3499983969412939,0.0,0.07167573602911909,0.0,0.5,0.33618312847131304,-3.7888349680768364e-05,0.0008479052036804135,-0.16773246689933055
1770339553.09685,1.22497484965682,0.0,0.02000000845496092,1.3499983969412939,0.0,0.07157992828485449,0.0,0.5,0.33618312847131304,-2.9497885939290207e-05,2.468755848620562e-05,-0.1681910401068721
1770339553.5117972,1.22497484965682,0.0,0.02000000845496092,1.3499983969412939,0.0,0.07148401510831792,0.0,0.5,0.33618312847131304,-2.2721547564697094e-05,0.00013399787905265644,-0.16805821787575154
1770339553.929646,1.22497484965682,0.0,0.02000000845496092,1.3499983969412939,0.0,0.0713881159865566,0.0,0.5,0.33618312847131304,-1.688069229257396e-05,0.0002797760075579689,-0.16798313473702065
1770339554.3404186,1.22497484965682,0.0,0.02000000845496092,1.3499983969412939,0.0,0.07129223559734305,0.0,0.5,0.33618312847131304,-1.3472671980203658e-05,-0.0004926437788233907,-0.16842860077568658
1770339554.7525403,1.22497484965682,0.0,0.02000000845496092,1.3499983969412939,0.0,0.07119625630971868,0.0,0.5,0.33618312847131304,-1.0498080507358823e-05,-0.00028768815890910454,-0.16826640195760986
1770339555.1669862,1.22497484965682,0.0,0.02000000845496092,1.3499983969412939,0.0,0.07110030327555616,0.0,0.5,0.33618312847131304,-8.091095653542828e-06,-0.00027670406924775023,-0.1682391057749001
1770339555.584424,1.22497484965682,0.0,0.02000000845496092,1.3499983969412939,0.0,0.07100435164687116,0.0,0.5,0.33618312847131304,-5.992833351362805e-06,-0.00030838269092590113,-0.16825491627663866
1770339555.9941132,1.22497484965682,0.0,0.02000000845496092,1.3499983969412939,0.0,0.07090839597341497,0.0,0.5,0.33618312847131304,-4.554347110241947e-06,-7.902196084089958e-05,-0.16815856563619572
1770339556.407395,1.22497484965682,0.0,0.02000000845496092,1.3499983969412939,0.0,0.07081246968624075,0.0,0.5,0.33618312847131304,-3.5202813142000054e-06,8.52725895595947e-05,-0.16806887767723097
1770339556.8241878,1.22497484965682,0.0,0.02000000845496092,1.3499983969412939,0.0,0.07071656443831403,0.0,0.5,0.33618312847131304,-2.745099892851709e-06,-0.0006884575396902144,-0.16851591111831946
1770339557.2479162,1.22497484965682,0.0,0.02000000845496092,1.3499983969412939,0.0,0.0706205601632305,0.0,0.5,0.33618312847131304,-2.070246937912319e-06,-0.0006439576584591185,-0.16842006329994708
1770339557.6779113,1.22497484965682,0.0,0.02000000845496092,1.3499983969412939,0.0,0.07052456157443007,0.0,0.5,0.33618312847131304,-1.5709751893167452e-06,-0.00013342577095556897,-0.16821090128507396
1770339558.1173522,1.22497484965682,0.0,0.02000000845496092,1.3499983969412939,0.0,0.07043014049103266,0.0,0.5,0.33618312847131304,-1.1914364154721334e-06,0.0005062088950730964,-0.16790361469113832
1770339558.5332375,1.22497484965682,0.0,0.02000000845496092,1.3499983969412939,0.0,0.07035271520264678,0.0,0.5,0.33618312847131304,-9.222108671155446e-07,-7.520125508712021e-05,-0.16818822808908324
1770339558.9440877,1.22497484965682,0.0,0.02000000845496092,1.3499983969412939,0.0,0.07028922646617036,0.0,0.5,0.33618312847131304,-7.171470677847333e-07,-0.00025719711595176666,-0.16823907952678666
1770339559.3582335,1.22497484965682,0.0,0.02000000845496092,1.3499983969412939,0.0,0.0702371657022597,0.0,0.5,0.33618312847131304,-5.402790566765422e-07,0.0003491484075497399,-0.16797816486328848
1770339559.771188,1.22497484965682,0.0,0.02000000845496092,1.3499983969412939,0.0,0.07019447587585295,0.0,0.5,0.33618312847131304,-4.193165995804686e-07,-0.0003576262968307853,-0.16834147417110953
1770339560.185102,1.22497484965682,0.0,0.02000000845496092,1.3499983969412939,0.0,0.07015947021819942,0.0,0.5,0.33618312847131304,-3.2480199998375417e-07,0.00026494214606871225,-0.1680216748089121
1770339560.6116607,1.22497484965682,0.0,0.02000000845496092,1.3499983969412939,0.0,0.07013076557892352,0.0,0.5,0.33618312847131304,-2.4601890325963245e-07,-0.00015713492860025048,-0.1682125854263268
1770339561.0387685,1.22497484965682,0.0,0.02000000845496092,1.3499983969412939,0.0,0.07010722777471728,0.0,0.5,0.33618312847131304,-1.8559309757626936e-07,0.0007842074571415754,-0.1677937803387575
1770339561.4540265,1.22497484965682,0.0,0.02000000845496092,1.3499983969412939,0.0,0.07008792677526818,0.0,0.5,0.33618312847131304,-1.441254642087839e-07,-0.00016201748961117493,-0.16826733960060158
1770339561.8707688,1.22497484965682,0.0,0.02000000845496092,1.3499983969412939,0.0,0.0700720999557199,0.0,0.5,0.33618312847131304,-1.1184871048558725e-07,0.0007494936087733568,-0.1678080803898188
1770339562.281738,1.22497484965682,0.0,0.02000000845496092,1.3499983969412939,0.0,0.07005912196369032,0.0,0.5,0.33618312847131304,-8.472841371847667e-08,5.46797734761498e-05,-0.16813379046086188
1770339562.7091315,1.22497484965682,0.0,0.02000000845496092,1.3499983969412939,0.0,0.07004848001022607,0.0,0.5,0.33618312847131304,-6.560697451011217e-08,-0.00010932618226025946,-0.16816269352933483
1770339563.1190155,1.22497484965682,0.0,0.02000000845496092,1.3499983969412939,0.0,0.07003975360838538,0.0,0.5,0.33618312847131304,-4.970494710576255e-08,-0.000271212181101844,-0.1682434086310387
1770339563.5421226,1.22497484965682,0.0,0.02000000845496092,1.3499983969412939,0.0,0.07003259795887601,0.0,0.5,0.33618312847131304,-3.86789134531694e-08,0.00022182384635845487,-0.16802999459413678
1770339563.9548712,1.22497484965682,0.0,0.02000000845496092,1.3499983969412939,0.0,0.07002673032627833,0.0,0.5,0.33618312847131304,-2.9210341810231524e-08,0.00014947504259311508,-0.16802409080507832
1770339564.364536,1.22497484965682,0.0,0.02000000845496092,1.3499983969412939,0.0,0.07002191886754823,0.0,0.5,0.33618312847131304,-2.2654871673972964e-08,1.5193096637782156e-05,-0.16809741853680485
1770339564.7765756,1.22497484965682,0.0,0.02000000845496092,1.3499983969412939,0.0,0.07001797347138955,0.0,0.5,0.33618312847131304,-1.7564389022355363e-08,-5.8903240705407254e-05,-0.16812844305413258
1770339565.2014964,1.22497484965682,0.0,0.02000000845496092,1.3499983969412939,0.0,0.07001473824653943,0.0,0.5,0.33618312847131304,-1.3275758534291183e-08,-0.00024326843127770578,-0.16823164824611114
1770339565.611061,1.22497484965682,0.0,0.02000000845496092,1.3499983969412939,0.0,0.07001208536216234,0.0,0.5,0.33618312847131304,-1.0337628705631779e-08,-0.00011174490764045554,-0.16816059937946917
1770339566.0245664,1.22497484965682,0.0,0.02000000845496092,1.3499983969412939,0.0,0.07000990999697312,0.0,0.5,0.33618312847131304,-7.949198902912347e-09,-7.91633749232897e-05,-0.1681344120255888
1770339566.45689,1.22497484965682,0.0,0.02000000845496092,1.3499983969412939,0.0,0.07000812619751796,0.0,0.5,0.33618312847131304,-6.0638560600424096e-09,-0.00048388499521531117,-0.16837398495914943
1770339566.868882,1.22497484965682,0.0,0.02000000845496092,1.3499983969412939,0.0,0.07000666348196473,0.0,0.5,0.33618312847131304,-4.7096890987328385e-09,-0.00022000699787824054,-0.16822796024401845
1770339567.290133,1.22497484965682,0.0,0.02000000845496092,1.3499983969412939,0.0,0.07000546405521108,0.0,0.5,0.33618312847131304,-3.565452527651083e-09,-0.00018859589897722492,-0.16818900686048777
1770339567.7071214,1.22497484965682,0.0,0.02000000845496092,1.3499983969412939,0.0,0.07000448052527308,0.0,0.5,0.33618312847131304,-2.7672567091821205e-09,9.104842673077188e-05,-0.16807400722211865
1770339568.1387239,1.22497484965682,0.0,0.02000000845496092,1.3499983969412939,0.0,0.07000367403072393,0.0,0.5,0.33618312847131304,-2.094517093866802e-09,3.716177734604739e-05,-0.16807837410643905
1770339568.5597456,1.22497484965682,0.0,0.02000000845496092,1.3499983969412939,0.0,0.07000301270519362,0.0,0.5,0.33618312847131304,-1.5851960992050625e-09,-0.0004935423533597636,-0.16839140741060307
1770339568.9773836,1.22497484965682,0.0,0.02000000845496092,1.3499983969412939,0.0,0.07000247041825877,0.0,0.5,0.33618312847131304,-1.2303200420220996e-09,-0.0006185961045401004,-0.16841336889336467
1770339569.3911047,1.22497484965682,0.0,0.02000000845496092,1.3499983969412939,0.0,0.0700020257429722,0.0,0.5,0.33618312847131304,-9.549499940652925e-10,-2.558930086429695e-05,-0.16816366052140622
1770339569.8143835,1.22497484965682,0.0,0.02000000845496092,1.3499983969412939,0.0,0.0700016611092372,0.0,0.5,0.33618312847131304,-7.226759137561361e-10,-0.0002853253048639049,-0.16826020121116436
1770339570.2338567,1.22497484965682,0.0,0.02000000845496092,1.3499983969412939,0.0,0.0700013621095745,0.0,0.5,0.33618312847131304,-5.469126256306822e-10,9.342613193429159e-06,-0.16811636026777818
1770339570.6572132,1.22497484965682,0.0,0.02000000845496092,1.3499983969412939,0.0,0.07000111692985109,0.0,0.5,0.33618312847131304,-4.2443008347467954e-10,-0.000674808426796491,-0.16849738397748384
1770339571.0779274,1.22497484965682,0.0,0.02000000845496092,1.3499983969412939,0.0,0.0700009158824779,0.0,0.5,0.33618312847131304,-3.204765797038772e-10,-0.0005346361006243891,-0.1683728998390625
1770339571.5113764,1.22497484965682,0.0,0.02000000845496092,1.3499983969412939,0.0,0.07000075102363187,0.0,0.5,0.33618312847131304,-2.5028414626917345e-10,-0.0003024194003274712,-0.1682659958561341
1770339571.9284437,1.22497484965682,0.0,0.02000000845496092,1.3499983969412939,0.0,0.07000061583937814,0.0,0.5,0.33618312847131304,-1.9116829891574323e-10,-0.0001011683290834831,-0.16816227369849096
1770339572.3540719,1.22497484965682,0.0,0.02000000845496092,1.3499983969412939,0.0,0.07000050498829008,0.0,0.5,0.33618312847131304,-1.4258910014678218e-10,0.0005274218916423374,-0.16789071245449705
1770339572.7736807,1.22497484965682,0.0,0.02000000845496092,1.3499983969412939,0.0,0.07000041409039787,0.0,0.5,0.33618312847131304,-1.1200852581879872e-10,4.210668899376236e-05,-0.16811904252343302
1770339573.1909282,1.22497484965682,0.0,0.02000000845496092,1.3499983969412939,0.0,0.07000033955412625,0.0,0.5,0.33618312847131304,-8.649505747382606e-11,-0.0002034692290351837,-0.16821785652847207
1770339573.6012971,1.22497484965682,0.0,0.02000000845496092,1.3499983969412939,0.0,0.07000027843438353,0.0,0.5,0.33618312847131304,-6.517497573673844e-11,-7.60559763474675e-05,-0.168142333614274
1770339574.012179,1.22497484965682,0.0,0.02000000845496092,1.3499983969412939,0.0,0.0700002283161945,0.0,0.5,0.33618312847131304,-5.11659644957719e-11,-6.764286307283821e-05,-0.16812622702968635
1770339574.4291356,1.22497484965682,0.0,0.02000000845496092,1.3499983969412939,0.0,0.07000018721927949,0.0,0.5,0.33618312847131304,-3.960503398455187e-11,3.734350190685035e-05,-0.1680833911608061
1770339574.8486109,1.22497484965682,0.0,0.02000000845496092,1.3499983969412939,0.0,0.07000015351980918,0.0,0.5,0.33618312847131304,-3.009106351255905e-11,8.385707802934311e-05,-0.16805428708434517
1770339575.26601,1.22497484965682,0.0,0.02000000845496092,1.3499983969412939,0.0,0.07000012588624353,0.0,0.5,0.33618312847131304,-2.3364581145077416e-11,9.994202893430889e-05,-0.16804320173964446
1770339575.6801982,1.22497484965682,0.0,0.02000000845496092,1.3499983969412939,0.0,0.07000010322671969,0.0,0.5,0.33618312847131304,-1.766670524651794e-11,0.00016623365293178292,-0.16801507658925707
1770339576.0895777,1.22497484965682,0.0,0.02000000845496092,1.3499983969412939,0.0,0.07000008464591015,0.0,0.5,0.33618312847131304,-1.3514318325068386e-11,0.0001350391786528082,-0.16802716410727234
1770339576.4985936,1.22497484965682,0.0,0.02000000845496092,1.3499983969412939,0.0,0.07000006940964633,0.0,0.5,0.33618312847131304,-1.0806194949495095e-11,-5.9472619690459756e-05,-0.16814075173614226
1770339576.91419,1.22497484965682,0.0,0.02000000845496092,1.3499983969412939,0.0,0.07000005691590999,0.0,0.5,0.33618312847131304,-8.205809227594198e-12,-0.00011763068217716084,-0.16815619539119958
1770339577.3344033,1.22497484965682,0.0,0.02000000845496092,1.3499983969412939,0.0,0.0700000466710462,0.0,0.5,0.33618312847131304,-6.372319621866545e-12,-0.0004376295408630599,-0.16834237889832895
1770339577.7452965,1.22497484965682,0.0,0.02000000845496092,1.3499983969412939,0.0,0.07000003827025789,0.0,0.5,0.33618312847131304,-4.945053841203876e-12,0.0001748312221330875,-0.16806539470583465
1770339578.1627944,1.22497484965682,0.0,0.02000000845496092,1.3499983969412939,0.0,0.07000003138161147,0.0,0.5,0.33618312847131304,-3.730074374020264e-12,0.00024280979360468213,-0.1679769571997314
1770339578.5770857,1.22497484965682,0.0,0.02000000845496092,1.3499983969412939,0.0,0.07000002573292141,0.0,0.5,0.33618312847131304,-2.8960178082946396e-12,0.0001398194802672621,-0.16803195352975264
1770339578.9878225,1.22497484965682,0.0,0.02000000845496092,1.3499983969412939,0.0,0.07000002110099555,0.0,0.5,0.33618312847131304,-2.2509967223164845e-12,0.0001940636687915706,-0.16799995682236418
1770339579.4090533,1.22497484965682,0.0,0.02000000845496092,1.3499983969412939,0.0,0.07000001730281635,0.0,0.5,0.33618312847131304,-1.7049044598573578e-12,-1.8513516773721773e-05,-0.16812207871430482
1770339579.8274825,1.22497484965682,0.0,0.02000000845496092,1.3499983969412939,0.0,0.07000001418830941,0.0,0.5,0.40785300976511357,-0.0034030022799929824,0.006293441947372194,-0.20481398173527826
1770339580.2526348,1.22497484965682,0.0,0.02000000845496092,1.349998685491861,0.0,0.07000001163441372,0.0,0.5,0.45,-0.0008125836594084661,0.13659646402110243,-0.1705446538562303
1770339580.6708827,1.22497484965682,0.0,0.02000000845496092,1.3499989221033262,0.0,0.07000000954021925,0.0,0.5,0.45,-0.0025249301197001754,0.25759794493341365,-0.11082610574422448
1770339581.0920153,1.22497484965682,0.0,0.02000000845496092,1.3499989221033262,0.0,0.07000000782297978,0.0,0.5,0.45,-0.0032948296718279435,0.3544870299704207,-0.06074022319031831
1770339581.5062182,1.22497484965682,0.0,0.02000000845496092,1.3499989221033262,0.0,0.07000000641484343,0.0,0.5,0.45,-0.0023101342060353543,0.41343125411056353,-0.02648892956476788
1770339581.924503,1.22497484965682,0.0,0.02000000845496092,1.3499989221033262,0.0,0.07000000526017161,0.0,0.5,0.45,0.0017368542617466362,0.4407275491722121,-0.00910270918180546
1770339582.337222,1.22497484965682,0.0,0.02000000845496092,1.3499989221033262,0.0,0.07000000431334072,0.0,0.5,0.45,0.00040437407165314597,0.43616162457659646,-0.007780154242916481
1770339582.7586002,1.22497484965682,0.0,0.02000000845496092,1.3499989221033262,0.0,0.07000000353693939,0.0,0.5,0.45,0.0010436522323632005,0.4183870757598382,-0.01862756923411994
1770339583.1726756,1.22497484965682,0.0,0.02000000845496092,1.3499989221033262,0.0,0.07000000290029029,0.0,0.5,0.45,0.0019765855415186393,0.39197945651668775,-0.033627619207489814
1770339583.583636,1.22497484965682,0.0,0.02000000845496092,1.3499989221033262,0.0,0.07000000237823804,0.0,0.5,0.45,-0.001151841240665588,0.3667770286822802,-0.045283569682966256
1770339584.0008426,1.22497484965682,0.0,0.02000000845496092,1.3499989221033262,0.0,0.0700000019501552,0.0,0.5,0.45,-0.0017442321293390127,0.34338889366968306,-0.057388598795757195
1770339584.4131556,1.22497484965682,0.0,0.02000000845496092,1.3499989221033262,0.0,0.07000000159912727,0.0,0.5,0.45,0.003636619721250811,0.32382201493763035,-0.06868230012564092
1770339584.8359878,1.22497484965682,0.0,0.02000000845496092,1.3499989221033262,0.0,0.07000000131128437,0.17708333333333337,0.12742769089376632,0.2856646454002988,0.04619716149279654,0.2969831979233362,-0.13922932980348496
1770339585.2700305,1.22497484965682,0.0,0.02000000845496092,1.3499991161247276,0.0,0.07000000107525318,0.1666666666666667,0.127489239738638,0.17730697962364994,0.17544494534745933,0.24959603958442153,-0.04966152449506988
1770339585.7008595,1.22497484965682,0.0,0.02000000845496092,1.3499991161247276,0.0,0.07000000107525318,0.15625000000000003,0.1312384637709435,0.14352708417229212,0.1378453538923889,0.20565809289053028,-0.05386394513611934
1770339586.1112542,1.22497484965682,0.0,0.02000000845496092,1.3499991161247276,0.0,0.07000000107525318,0.14583333333333334,0.13092053072450077,0.13501150242591778,0.15008155896047462,0.17871547514302638,-0.028794473760445968
1770339586.5227985,1.22497484965682,0.0,0.02000000845496092,1.3499991161247276,0.0,0.07000000107525318,0.125,0.133027193767764,0.13455073101684,0.12878800224761489,0.15058251899341946,-0.014617191850865302
1770339586.954561,1.22497484965682,0.0,0.02000000845496092,1.3499991161247276,0.0,0.07000000107525318,0.11458333333333333,0.14123928274340627,0.13553565751458388,0.12401605237220852,0.13537335334799852,-0.01103478768670996
1770339587.385334,1.22497484965682,0.0,0.02000000845496092,1.3499991161247276,0.0,0.07000000107525318,0.11458333333333333,0.14106876497638432,0.13771299416415989,0.1088971517372691,0.12556745810078515,-0.012739539152472928
1770339587.8159068,1.22497484965682,0.0,0.02000000845496092,1.3499991161247276,0.0,0.07000000107525318,0.10416666666666666,0.13772709819989795,0.13907605294132594,0.11052344349730171,0.12169650638043927,-0.015433645283112977
1770339588.2498372,1.22497484965682,0.0,0.02000000845496092,1.3499991161247276,0.0,0.07000000107525318,0.09375,0.13352011577228487,0.13653819255171676,0.08968923396527818,0.1172625043990173,-0.014142010309213745
1770339588.667338,1.22497484965682,0.0,0.02000000845496092,1.3499991161247276,0.0,0.07000000107525318,0.09375,0.13102332383648954,0.13344794657791273,0.09716199269535863,0.11578104696917212,-0.01239358824271346
1770339589.092388,1.22497484965682,0.0,0.02000000845496092,1.3499991161247276,0.0,0.07000000107525318,0.019999999999999993,1.0,0.45,0.04331772656256873,0.19635209417448918,-0.15819878419585584
1770339589.506252,1.22497484965682,0.0,0.02000000845496092,1.3499991161247276,0.0,0.07000000088170762,0.019999999999999993,1.0,0.45,0.08627133339642282,0.17155738031413495,-0.20797211462539078
1770339589.9217136,1.22497484965682,0.0,0.02000000845496092,1.3499991161247276,0.0,0.07000000072300025,0.019999999999999993,1.0,0.45,0.11723422984611442,0.15436673921289337,-0.2467699243497919
1770339590.340897,1.22497484965682,0.0,0.02000000845496092,1.3499991161247276,0.0,0.07000000059286021,0.11458333333333333,0.06180153757829711,0.23932783463235527,0.09725419896578849,0.18418216922852954,-0.04788351007102132
1770339590.754615,1.22497484965682,0.0,0.02000000845496092,1.3499991161247276,0.0,0.07000000048614538,0.10416666666666666,0.05521011310494807,0.11452825014772028,0.09657107603163767,0.17052772714797673,-0.036960773343212495
1770339591.173919,1.22497484965682,0.0,0.02000000845496092,1.3499991161247276,0.0,0.07000000048614538,0.09375,0.05082909166494562,0.07157238493079698,0.09527856076201749,0.14519007808423912,-0.04087117224511232
1770339591.597615,1.22497484965682,0.0,0.02000000845496092,1.3499991161247276,0.0,0.07000000048614538,0.09375,0.04213300751846763,0.1256969948693708,0.10602457052887077,0.13344576025101548,-0.017323385003015467
1770339592.0151427,1.22497484965682,0.0,0.02000000845496092,1.3499991161247276,0.0,0.07000000048614538,0.09375,0.03999793779916669,0.06697468229846268,0.09488209570966363,0.11440653147688172,-0.02675194317628653
1770339592.433267,1.22497484965682,0.0,0.02000000845496092,1.3499991161247276,0.0,0.07000000048614538,0.11458333333333333,0.031173777641847977,0.3612328788806371,0.05219485011061514,0.13804486835088656,-0.17634632217499394
1770339592.8536756,1.2252458649802205,0.0,0.020000006933067953,1.3499992752222767,0.0,0.07000000039863921,0.15625000000000003,-0.0033907877737799873,0.2197650905833266,0.0730724994790144,0.1735930615284617,-0.1098183343661756
1770339593.2645648,1.2252458649802205,0.0,0.020000006933067953,1.3499994056822668,0.0,0.07000000032688415,0.21875000000000006,-0.010026074231103719,0.06953504819238068,0.2059056040231912,0.1437817124480427,-0.05294886301268177
1770339593.6885147,1.2252458649802205,0.0,0.020000006933067953,1.3499994056822668,0.0,0.07000000032688415,0.19791666666666674,-0.007837579399032768,0.02200132384212045,0.21190027818507126,0.09950848233346858,-0.057164513775536
1770339594.1135833,1.2252458649802205,0.0,0.020000006933067953,1.3499994056822668,0.0,0.07000000032688415,0.2083333333333334,-0.010907089195002809,0.005221017278940693,0.20339466245193347,0.07788943506677655,-0.04343478450198706
1770339594.5241482,1.2252458649802205,0.0,0.020000006933067953,1.3499994056822668,0.0,0.07000000032688415,0.19791666666666674,-0.011982063957878162,0.001651962498414829,0.19622546713406977,0.05697181165655164,-0.03144288645268786
1770339594.9391935,1.2253910686182972,0.0,0.020000006933067953,1.3499994056822668,0.0,0.07000000032688415,0.18750000000000006,-0.013489695059864063,0.0005226912592640671,0.17976561231424137,0.03889290586174481,-0.028727385566479736
1770339595.3588762,1.2255420853006835,0.0,0.020000006933067953,1.3499994056822668,0.0,0.07000000032688415,0.17708333333333337,-0.01498455506282336,0.00016538278125152124,0.17875854006155656,0.02414684218537947,-0.015140542797923697
1770339595.7806745,1.2257206906485554,0.0,0.020000006933067953,1.3499994056822668,0.0,0.07000000032688415,0.1666666666666667,-0.024844075809059327,3.9246109222773116e-05,0.1661105622009828,0.012219247665135942,-0.007838864695664848
1770339596.1970246,1.2259024405056234,0.0,0.020000006933067953,1.3499994056822668,0.0,0.07000000032688415,0.15625000000000003,-0.026458348798593632,1.2417714246268058e-05,0.1656124740267259,0.0020391239369093018,-0.011393839510880062
1770339596.639909,1.2261052268207069,0.0,0.020000006933067953,1.3499994056822668,0.0,0.07000000032688415,0.15625000000000003,-0.028872606871951433,3.929042398233252e-06,0.15570021159338543,-0.0070694674923923685,-0.004997345816940066
1770339597.0874581,1.2263065763300653,0.0,0.020000005685115722,1.3499994056822668,0.0,0.07000000032688415,0.14583333333333334,-0.03156155763314547,-0.013724522017107062,0.1441711183769578,-0.01698573077141042,-0.0042844456614290136
1770339597.5038247,1.2264911077129836,0.0,0.02000000466179489,1.3499994056822668,0.0,0.07000000032688415,0.14583333333333334,-0.033281829451871775,-0.018613848875798242,0.07157170389858565,-0.02402874072379145,-0.0776733763539824
1770339597.9179952,1.2264911077129836,0.0,0.02000000382267181,1.3499994056822668,0.0,0.07000000032688415,0.14583333333333334,-0.033281829451871775,-0.018613848875798242,-0.005397832188517845,-0.015209982508906999,-0.15381497452678522
1770339598.333134,1.2264911077129836,0.0,0.020000003134590886,1.3499994056822668,0.0,0.07000000032688415,0.14583333333333334,-0.033281829451871775,-0.018613848875798242,-0.004783328478956999,-0.011890233229253906,-0.1543104445635278
1770339598.746454,1.2264911077129836,0.0,0.020000002570364526,1.3499994056822668,0.0,0.07000000032688415,0.14583333333333334,-0.033281829451871775,-0.018613848875798242,-0.00375218994807355,-0.009738697170863108,-0.15423825273971353
1770339599.1576464,1.2264911077129836,0.0,0.02000000210769891,1.3499994056822668,0.0,0.07000000032688415,0.14583333333333334,-0.033281829451871775,-0.018613848875798242,-0.0027849745788936127,-0.007642175646053477,-0.15431379667958028
1770339599.575258,1.2264911077129836,0.0,0.020000001728313108,1.3499994056822668,0.0,0.07000000032688415,0.14583333333333334,-0.033281829451871775,-0.018613848875798242,-0.002207738274836629,-0.006210674408849369,-0.15438580896536483
1770339599.9859464,1.2264911077129836,0.0,0.020000001417216747,1.3499994056822668,0.0,0.07000000032688415,0.14583333333333334,-0.033281829451871775,-0.018613848875798242,-0.0016969679645542318,-0.003767299726808578,-0.15519791334058647
1770339600.3989646,1.2264911077129836,0.0,0.020000001162117732,1.3499994056822668,0.0,0.07000000032688415,0.14583333333333334,-0.033281829451871775,-0.018613848875798242,-0.0012954802582637163,-0.003114277392039469,-0.15494390156695334
1770339600.8138163,1.2264911077129836,0.0,0.02000000095293654,1.3499994056822668,0.0,0.07000000032688415,0.14583333333333334,-0.033281829451871775,-0.018613848875798242,-0.001003020404313635,-0.002740550874352739,-0.1548103753901384
1770339601.224946,1.2264911077129836,0.0,0.020000000781407963,1.3499994056822668,0.0,0.07000000032688415,0.14583333333333334,-0.033281829451871775,-0.018613848875798242,-0.0007826990439697397,-0.0018434156410939962,-0.15509096251798107
1770339601.6559303,1.2264911077129836,0.0,0.02000000064075453,1.3499994056822668,0.0,0.07000000032688415,0.14583333333333334,-0.033281829451871775,-0.018613848875798242,-0.0005920485396232036,-0.0005767317725575013,-0.15557060881143056
1770339602.070267,1.2264911077129836,0.0,0.020000000525418716,1.3499994056822668,0.0,0.07000000032688415,0.13541666666666669,-0.08818162549464882,-0.05860269202611454,0.019073686580693448,0.00011265840751549446,-0.14576959432079556
1770339602.4809191,1.2264911077129836,0.0,0.020000000430843348,1.3499994056822668,0.0,0.07000000032688415,0.15625000000000003,-0.08487782582399206,-0.07654925903610024,0.13747364049533745,-0.020151815348070097,-0.049001528724236215
1770339602.9099104,1.2264911077129836,0.0,0.020000000430843348,1.3499994056822668,0.0,0.07000000032688415,0.14583333333333334,-0.07628393934536372,-0.07933210258830892,0.14386745605482903,-0.03855111647084446,-0.024196300449513975
1770339603.354315,1.2264911077129836,0.0,0.020000000430843348,1.3499994056822668,0.0,0.07000000032688415,0.13541666666666669,-0.07383994389445811,-0.0764003520799294,0.1488423585121258,-0.052638998149907607,-0.02671515697837632
1770339603.7786722,1.2266637309408184,0.0,0.020000000430843348,1.3499994056822668,0.0,0.07000000032688415,0.14583333333333334,-0.06824716758226922,-0.07135775135424119,0.1390202135782975,-0.06135622075276366,-0.012685607316060216
1770339604.192533,1.2268366365408894,0.0,0.020000000353291546,1.3499994056822668,0.0,0.07000000032688415,0.13541666666666669,-0.05592056297287455,-0.06365365132448535,0.13229160007471594,-0.061831439102995746,-0.004083694537718757
1770339604.6105866,1.2270139240765567,0.0,0.020000000289699067,1.3499994056822668,0.0,0.07000000032688415,0.13541666666666669,-0.05350777807014064,-0.05699825180317914,0.1443184925216302,-0.061234652242129664,-0.011079704760525388
1770339605.0322304,1.2272198959386345,0.0,0.020000000237553234,1.3499994056822668,0.0,0.07000000032688415,0.14583333333333334,-0.04908479805079523,-0.052707292745874955,0.14708501595708345,-0.06318435170485384,-0.006685182049511972
1770339605.4589338,1.22743512348175,0.0,0.020000000194793654,1.3499994056822668,0.0,0.07000000032688415,0.13541666666666669,-0.04762204744091684,-0.049262220113214274,0.1330930871880628,-0.05787176999211004,-0.0071596125893261635
1770339605.8722606,1.227626651245951,0.0,0.020000000159730795,1.3499994056822668,0.0,0.07000000032688415,0.14583333333333334,-0.03575206515046857,-0.04123818929657805,0.14177810050580109,-0.05758445071582005,-0.012257095464782257
1770339606.2922652,1.2278388407689327,0.0,0.020000000130979252,1.3499994056822668,0.0,0.07000000032688415,0.14583333333333334,-0.03267450123232052,-0.03585252043827394,0.13517197033940165,-0.054377472690371804,-0.020244536922525452
1770339606.7100952,1.2280415768730635,0.0,0.020000000107402986,1.3499994056822668,0.0,0.07000000032688415,0.14583333333333334,-0.029997912547417103,-0.01929402452871005,0.14517202281656968,-0.046797870060234545,-0.01517119354553963
1770339607.1309977,1.2282709063071007,0.0,0.020000000088070447,1.3499994056822668,0.0,0.07000000032688415,0.15625000000000003,-0.025772262984579446,-0.006104749948537165,0.1508321885862451,-0.04143064409654759,-0.02361748108412885
1770339607.5629563,1.2285138916236156,0.0,0.020000000072217767,1.3499994056822668,0.0,0.07000000032688415,0.15625000000000003,-0.025418043946289454,-0.0019315810384043374,0.15663347161033167,-0.03870293485839235,-0.019041919444141173
1770339607.9821887,1.2287676922827953,0.0,0.020000000059218568,1.3499994056822668,0.0,0.07000000032688415,0.15625000000000003,-0.016290748702650033,-0.0004583732346994669,0.15615016477105806,-0.03397758132305856,-0.017331974626654895
1770339608.4013038,1.2290146959722035,0.0,0.020000000048559227,1.3499994056822668,0.0,0.07000000032688415,0.14583333333333334,-0.014168875207506856,-0.0001450321562916282,0.13699784538073953,-0.033259808924624996,-0.025464653576603852
1770339608.8224685,1.2292329505437605,0.0,0.020000000039818566,1.3499994056822668,0.0,0.07000000032688415,0.14583333333333334,-0.0089909884274176,-4.5889080701647995e-05,0.1457340545828065,-0.02736524848324796,-0.014348414495937704
1770339609.257595,1.2294562508976452,0.0,0.020000000032651222,1.3499994056822668,0.0,0.07000000032688415,0.14583333333333334,-0.0034934943194331936,-1.4519591940755809e-05,0.1504169971276167,-0.02458408388358694,-0.01714656240007254
1770339609.680423,1.2296828581577532,0.0,0.020000000026774004,1.3499994056822668,0.0,0.07000000032688415,0.25,0.0652423451591142,0.01630714072255042,0.14159505812987236,-0.020304470638494374,-0.1271387088751593
1770339610.1047394,1.2298629050266736,0.0,0.02000000002195468,1.3499994056822668,0.0,0.07000000032688415,0.25,0.06373853748411382,0.049314624152925514,0.24183637268913535,-0.003632644733149745,-0.03630444434443674
1770339610.534716,1.2302259892773622,0.0,0.02000000001800284,1.3499994056822668,0.0,0.07000000032688415,0.25,0.06138852978651896,0.05828813274968962,0.24902558738414074,0.011154980353064699,-0.026019751322793168
1770339610.947074,1.2305881058084958,0.0,0.020000000014762327,1.3499994056822668,0.0,0.07000000032688415,0.25,0.0612681052498574,0.06007247986707767,0.2535140240210063,0.022920733085327098,-0.02326647268510784
1770339611.3657653,1.2309406495892994,0.0,0.02000000001210511,1.3499994056822668,0.0,0.07000000032688415,0.25,0.059096687011697215,0.05941953108754644,0.250134205249376,0.032041082773229944,-0.014735464375324551
1770339611.7791603,1.231271961604356,0.0,0.02000000000992619,1.3499994056822668,0.0,0.07000000032688415,0.25,0.05576850790944016,0.05629451414364474,0.2492168230695342,0.03636378289758117,-0.011180812565932717
1770339612.19801,1.2315906756913653,0.0,0.020000000008139476,1.3499994056822668,0.0,0.07000000032688415,0.25,0.04901914684153605,0.05287248070312461,0.2481002395514041,0.04268071355158896,-0.007627337089764514
1770339612.6117094,1.2318927282071104,0.0,0.02000000000667437,1.3499994056822668,0.0,0.07000000032688415,0.25,0.048576325790110994,0.05077638193750027,0.2507183131293958,0.049085638007765046,-0.0022041775398810174
1770339613.0262601,1.232185781632661,0.0,0.020000000005472984,1.3499994056822668,0.0,0.07000000032688415,0.25,0.042517220172806805,0.04689171752857406,0.2482608135110672,0.04839848670236113,-0.002561286206366715
1770339613.4387038,1.2324708659362784,0.0,0.020000000004487848,1.3499994056822668,0.0,0.07000000032688415,0.25,0.03505741363602122,0.04048477026148541,0.2502604921371388,0.04841995609731232,-0.0042302319945473725
1770339613.8586195,1.232750879802703,0.0,0.020000000003680036,1.3499994056822668,0.0,0.07000000032688415,0.25,-0.012590030248442692,0.01280963434054812,0.25033634691206297,0.03529231205708511,-0.012890450174354183
1770339614.274192,1.2330166309583177,0.0,0.020000000003680036,1.3499994056822668,0.0,0.07000000032688415,0.25,-0.016419912026508734,0.00303978627417304,0.2502530267768095,0.024095241255867948,-0.011900461347778665
1770339614.694035,1.233288097922801,0.0,0.020000000003017628,1.3499994056822668,0.0,0.07000000032688415,0.25,-0.02269165765413455,0.0009618073758125634,0.24859639856797822,0.012648564152883832,-0.00839164753085583
1770339615.1103797,1.2335731815505018,0.0,0.020000000002474455,1.3499994056822668,0.0,0.07000000032688415,0.25,-0.029964307432547112,0.00030432186500319383,0.24875151740126936,0.0038312273332885864,-0.0038936690148328643
1770339615.5298986,1.2338723311972608,0.0,0.020000000002029054,1.3499994056822668,0.0,0.07000000032688415,0.25,-0.03530317358942754,-0.023392799251076415,0.24820300259565897,-0.0059976663243588085,-0.01147745323346457
1770339615.9535398,1.234155763592719,0.0,0.020000000001663826,1.3499994056822668,0.0,0.07000000032688415,0.25,-0.034279853704238014,-0.0311019974558337,0.24895693878233718,-0.013228123428308033,-0.010703043941820572
1770339616.3687823,1.2344423311793793,0.0,0.020000000001364336,1.3499994056822668,0.0,0.07000000032688415,0.25,-0.051141866351575624,-0.04161319687702232,0.24974534675488064,-0.020006131843227748,-0.01173598660350862
1770339616.7988915,1.2347276148140418,0.0,0.020000000001118755,1.3499994056822668,0.0,0.07000000032688415,0.25,-0.08149870585110354,-0.06400015469806006,0.24908186054740794,-0.02834018568987379,-0.0195815293413498
1770339617.2182207,1.2349959436422575,0.0,0.020000000000917378,1.3499994056822668,0.0,0.07000000032688415,0.0,-0.5,-0.18937893851392476,0.24730240371104423,-0.04053036078155491,-0.3229457100863972
1770339617.6344934,1.235215822586416,0.0,0.020073478564345302,1.3496864769484411,0.0,0.07000000032688415,0.0,-0.5,-0.18937893851392476,0.054160869546813296,-0.06776867100385091,-0.11768983432407983
1770339618.0525696,1.235215822586416,0.0,0.020073478564345302,1.3496864769484411,0.0,0.07000000032688415,0.0,-0.5,-0.18937893851392476,-0.00845530734579347,-0.0467569821916219,-0.0818674543881678
1770339618.4703767,1.23501336172521,0.0,0.020073478564345302,1.3496864769484411,0.0,0.07000000032688415,0.0,-0.5,-0.18937893851392476,-0.006803786258202726,-0.03463944381179643,-0.08538528744724944
1770339618.8845475,1.234793374006747,0.0,0.020073478564345302,1.3496864769484411,0.0,0.07000000032688415,0.0,-0.5,-0.18937893851392476,-0.005344806969130688,-0.026490134908773312,-0.08760413966200872
1770339619.2975965,1.2345622224140154,0.0,0.020073478564345302,1.3496864769484411,0.0,0.07000000032688415,0.0,-0.5,-0.18937893851392476,-0.004158399051035002,-0.02033150268149356,-0.08929798018997857
1770339619.7153783,1.2343227961528287,0.0,0.020073478564345302,1.3496864769484411,0.0,0.07000000032688415,0.0,-0.5,-0.18937893851392476,-0.0031425487808050753,-0.01630691772001154,-0.09008101767390989
1770339620.132214,1.2340783732742058,0.0,0.020073478564345302,1.3496864769484411,0.0,0.07000000032688415,0.0,-0.5,-0.18937893851392476,-0.0024395072011625593,-0.01352612092834104,-0.09064399567312147
1770339620.5587454,1.2338305045080171,0.0,0.020073478564345302,1.3496864769484411,0.0,0.07000000032688415,0.0,-0.5,-0.18937893851392476,-0.001846614628030934,-0.010761160691040213,-0.09143199956320329
1770339620.9721203,1.2335790370970952,0.0,0.020073478564345302,1.3496864769484411,0.0,0.07000000032688415,0.0,-0.5,-0.18937893851392476,-0.0014322131145734433,-0.007537839468846658,-0.09267509475933186
1770339621.3835278,1.23332292036116,0.0,0.020073478564345302,1.3496864769484411,0.0,0.07000000032688415,0.0,-0.5,-0.18937893851392476,-0.0011122474338923912,-0.005275565106585763,-0.09339016157378799
1770339621.809079,1.2330635928279148,0.0,0.020073478564345302,1.3496864769484411,0.0,0.07004518699253834,0.0,-0.5,-0.18937893851392476,-0.0008418018913357844,-0.004614068777096523,-0.09329038639269883
1770339622.2440042,1.232803620293139,0.0,0.020073478564345302,1.3496864769484411,0.0,0.07009048389161862,0.0,-0.5,-0.18937893851392476,-0.0006374780456520126,-0.004386929454074538,-0.09315619650787932
1770339622.6595075,1.232543611065744,0.0,0.020073478564345302,1.3496864769484411,0.0,0.07013581936622895,0.0,-0.5,-0.18937893851392476,-0.0004936146768194992,-0.0037214009445156603,-0.09338893631247992
1770339623.0785036,1.2322827405756698,0.0,0.020073478564345302,1.3496864769484411,0.0,0.07018126483286656,0.0,-0.5,-0.18937893851392476,-0.00037508153690298006,-0.0013580042946504576,-0.09462188831152665
1770339623.492219,1.2320181637287126,0.0,0.020073478564345302,1.3496864769484411,0.0,0.07022709788943567,0.0,-0.5,-0.18937893851392476,-0.00029000408637869257,-0.001698717854890725,-0.09416418577191973
1770339623.9202728,1.231754290221332,0.0,0.020073478564345302,1.3496864769484411,0.0,0.07027287578905858,0.0,-0.5,-0.18937893851392476,-0.00022118765664921913,-0.0011303547228235877,-0.09440231586540652
1770339624.3409007,1.2314895925462233,0.0,0.020073478564345302,1.3496864769484411,0.0,0.07031874709392823,0.0,-0.5,-0.18937893851392476,-0.00016998267831404876,-0.0015927212629843058,-0.09410932795780035
1770339624.7634568,1.2312257428407656,0.0,0.020073478564345302,1.3496864769484411,0.0,0.07036454312528409,0.0,-0.5,-0.18937893851392476,-0.0001290183066004532,-0.0005376044324321651,-0.09465519703040196
1770339625.1813195,1.2309602196943747,0.0,0.020073478564345302,1.3496864769484411,0.0,0.0704105119177226,0.0,-0.5,-0.18937893851392476,-0.00010044330746055554,-0.0011512898948745625,-0.09427563616322988
1770339625.606287,1.2306957565140713,0.0,0.020073478564345302,1.3496864769484411,0.0,0.07045638059402742,0.0,-0.5,-0.18937893851392476,-7.611979479360144e-05,-0.0002834553642839463,-0.09471064482267307
1770339626.02473,1.2304299016052473,0.0,0.020073478564345302,1.3496864769484411,0.0,0.07050239128257074,0.0,-0.5,-0.18937893851392476,-7.461532366906146e-05,-8.185917963454995e-05,-0.09474331460927911
1770339626.4438694,1.230163716623782,0.0,0.020073478564345302,1.3496864769484411,0.0,0.07054843491400518,0.0,-0.5,-0.18937893851392476,-4.4621490845713906e-05,0.00029110167169869286,-0.09491693766879077
1770339626.8686903,1.2298969661736476,0.0,0.020073478564345302,1.3496864769484411,0.0,0.07059453966225424,0.0,-0.5,-0.18937893851392476,-3.439100136335971e-05,6.441082986120736e-05,-0.09477873475744009
1770339627.2857084,1.2296306065642821,0.0,0.020073478564345302,1.3496864769484411,0.0,0.07064060744429865,0.0,-0.5,-0.18937893851392476,-2.6112302021249508e-05,-0.0013070864478628096,-0.09419918806282462
1770339627.70342,1.2293665236997593,0.0,0.020073478564345302,1.3496864769484411,0.0,0.07068645114387312,0.0,-0.5,-0.18937893851392476,-2.0169756838864694e-05,-0.0010919880811208794,-0.094185154809915
1770339628.122527,1.2291020955866565,0.0,0.020073478564345302,1.3496864769484411,0.0,0.0707323300447587,0.0,-0.5,-0.18937893851392476,-1.534999334632549e-05,-0.0009376556407800953,-0.09425142467395273
1770339628.5426323,1.228837420796155,0.0,0.020073478564345302,1.3496864769484411,0.0,0.07077823420668879,0.0,-0.5,-0.18937893851392476,-1.2056028818746015e-05,-0.0002835524714849393,-0.09462515936696818
1770339628.9567268,1.2285716721349944,0.0,0.020073478564345302,1.3496864769484411,0.0,0.07082424530829229,0.0,-0.5,-0.18937893851392476,-9.190898467411534e-06,-0.0011728098206574239,-0.09420118098001833
1770339629.3766172,1.2283073956847181,0.0,0.020073478564345302,1.3496864769484411,0.0,0.07087011107708253,0.0,-0.5,-0.18937893851392476,-6.980080422281173e-06,-0.0005498370917197222,-0.09448382806441857
1770339629.809025,1.2280420947539796,0.0,0.020073478564345302,1.3496864769484411,0.0,0.07091607869471349,0.0,-0.5,-0.18937893851392476,-5.3961914306434525e-06,-0.0014417656397534369,-0.09406317548331967
1770339630.228022,1.2277782684963932,0.0,0.020073478564345302,1.3496864769484411,0.0,0.0709619005074624,0.0,-0.5,-0.18937893851392476,-4.196746518392999e-06,-0.000571171228520678,-0.0944951398303437
1770339630.6442757,1.2275130073964586,0.0,0.020073478564345302,1.3496864769484411,0.0,0.07100786465967932,0.0,-0.5,-0.18937893851392476,-3.17676932753353e-06,-0.001246401413887894,-0.0941369683378827
1770339631.0557523,1.227248862299322,0.0,0.020073478564345302,1.3496864769484411,0.0,0.07105371843899526,0.0,-0.5,-0.18937893851392476,-2.4650614057350683e-06,-0.0002066380381976327,-0.09469259163683832
1770339631.4678056,1.2269830026590813,0.0,0.020073478564345302,1.3496864769484411,0.0,0.07109974217916765,0.0,-0.5,-0.18937893851392476,-1.8744416354868522e-06,0.00015506522173112746,-0.0948050466354563
1770339631.8831942,1.226716547359227,0.0,0.020073478564345302,1.3496864769484411,0.0,0.07114582498694696,0.0,-0.5,-0.18937893851392476,-1.4470853060418724e-06,-0.0002843074230785031,-0.09459269989521013
1770339632.3119678,1.2264508175271738,0.0,0.020073478564345302,1.3496864769484411,0.0,0.07119183604563513,0.0,-0.5,-0.18937893851392476,-1.120224533816685e-06,-0.0007569831709160265,-0.09435936547082194
1770339632.7417173,1.226185868105291,0.0,0.020073478564345302,1.3496864769484411,0.0,0.07123776984061041,0.0,-0.5,-0.18937893851392476,-8.48971688433163e-07,0.0002224337939887199,-0.09489947682213566
1770339633.1563654,1.2259193032747495,0.0,0.020073478564345302,1.3496864769484411,0.0,0.07128386365617552,0.0,-0.5,-0.18937893851392476,-6.440065593704681e-07,1.678810695375922e-06,-0.09471302816719877
1770339633.5727508,1.225653103020786,0.0,0.020073478564345302,1.3496864769484411,0.0,0.07132992142285147,0.0,-0.5,-0.18937893851392476,-5.004593218837567e-07,0.00029195086038707086,-0.09486497235144697
1770339633.980732,1.225386424217819,0.0,0.020073478564345302,1.3496864769484411,0.0,0.07137602660025397,0.0,-0.5,-0.18937893851392476,-3.887470733909801e-07,-0.0005236760178423409,-0.09450958268293755
1770339634.4059374,1.2251210911166657,0.0,0.020073478564345302,1.3496864769484411,0.0,0.0714219985255126,0.0,-0.5,-0.18937893851392476,-2.941340489571453e-07,9.358918446591058e-05,-0.09479828450347512
1770339634.8576725,1.2248547398114193,0.0,0.020073478564345302,1.3496864769484411,0.0,0.07146807131255904,0.0,-0.5,-0.18937893851392476,-2.17585185599205e-07,0.00014468100459928853,-0.09476713652646097
1770339635.2813556,1.2245883043384542,0.0,0.020073478564345302,1.3496864769484411,0.0,0.07151415245200435,0.0,-0.5,-0.18937893851392476,-1.6740706371105666e-07,0.00011253746571320457,-0.09474911975077131
1770339635.6955826,1.2243219219571342,0.0,0.020073478564345302,1.3496864769484411,0.0,0.07156022832895556,0.0,-0.5,-0.18937893851392476,-1.3077239095265048e-07,-0.0002387295176514075,-0.09460536196886409
1770339636.122886,1.2240561191260804,0.0,0.020073478564345302,1.3496864769484411,0.0,0.07160624683345596,0.0,-0.5,-0.18937893851392476,-9.900180188314546e-08,-0.0002187314489711213,-0.09458220234114674
1770339636.535492,1.2237902833038559,0.0,0.020073478564345302,1.3496864769484411,0.0,0.07165226860488692,0.0,-0.5,-0.18937893851392476,-7.507687759815292e-08,1.2959891600694963e-05,-0.09471919341369751
1770339636.9588792,1.2235240653794994,0.0,0.020073478564345302,1.3496864769484411,0.0,0.0716983282222871,0.0,-0.5,-0.18937893851392476,-5.668664142825662e-08,-0.0003642767643187148,-0.09454511122703639
1770339637.3745492,1.2232584698134652,0.0,0.020073478564345302,1.3496864769484411,0.0,0.07174432621861736,0.0,-0.5,-0.18937893851392476,-4.514692651652329e-08,-0.0002478673156015426,-0.09457722169095985
1770339637.7971768,1.22299268220663,0.0,0.020073478564345302,1.3496864769484411,0.0,0.07179034322644512,0.0,-0.5,-0.18937893851392476,-3.4952327917469146e-08,-0.0007070418612801674,-0.09438190073321807
1770339638.2232747,1.2227276521897308,0.0,0.020073478564345302,1.3496864769484411,0.0,0.07183628520752232,0.0,-0.5,-0.18937893851392476,-2.5868356398009504e-08,-0.0003840728531928349,-0.0945297555995311
1770339638.6359835,1.2224620893090956,0.0,0.020073478564345302,1.3496864769484411,0.0,0.07188227994765084,0.0,-0.5,-0.18937893851392476,-2.007449387398006e-08,-9.84892101023279e-05,-0.09466880309071414
1770339639.0515747,1.2221960552501672,0.0,0.020073478564345302,1.3496864769484411,0.0,0.07192832136894504,0.0,-0.5,-0.18937893851392476,-1.520809456167533e-08,-0.0008455252512535448,-0.0943414254435453
1770339639.4689097,1.2219312538218492,0.0,0.020073478564345302,1.3496864769484411,0.0,0.07197424069608489,0.0,-0.5,-0.18937893851392476,-1.1805743231422149e-08,-6.237175395236978e-05,-0.09473661053545954
1770339639.8925347,1.2216651602339739,0.0,0.020073478564345302,1.3496864769484411,0.0,0.07202028800214569,0.0,-0.5,-0.18937893851392476,-9.215267967438473e-09,-0.00023545306019129864,-0.0945890600727586
1770339640.3204527,1.2213993521887059,0.0,0.020073478564345302,1.3496864769484411,0.0,0.07206630703235904,0.0,-0.5,-0.18937893851392476,-8.354573821059278e-09,-0.00039217356238206225,-0.09450906288056425
1770339640.7482462,1.2211338027137513,0.0,0.020073478564345302,1.3496864769484411,0.0,0.07211230045820514,0.0,-0.5,-0.18937893851392476,-5.2478676761448855e-09,0.0001715912401946899,-0.09483164660518509
1770339641.1639767,1.220867323225736,0.0,0.020073478564345302,1.3496864769484411,0.0,0.0721583859857444,0.0,-0.5,-0.18937893851392476,-4.923637177415314e-09,-0.00011098064555227594,-0.09466224104639812
1770339641.5803258,1.220601309846639,0.0,0.020073478564345302,1.3496864769484411,0.0,0.07220442536319534,0.0,-0.5,-0.18937893851392476,-3.0830804950649435e-09,-1.825757133030556e-05,-0.09468961586179993
1770339642.0060222,1.220335143501162,0.0,0.020073478564345302,1.3496864769484411,0.0,0.07225047987903396,0.0,-0.5,-0.18937893851392476,-2.3304839726899625e-09,-0.0004778909187802346,-0.09449648946280123
1770339642.4337656,1.220069735437631,0.0,0.020073478564345302,1.3496864769484411,0.0,0.072296459303749,0.0,-0.5,-0.18937893851392476,-1.7989868369857942e-09,-0.0004916566392242634,-0.09444501930838149
1770339642.860016,1.2198043501138682,0.0,0.020073478564345302,1.3496864769484411,0.0,0.07234243648077289,0.0,-0.5,-0.18937893851392476,-1.369183136008774e-09,9.790291914184187e-05,-0.09479737804155304
1770339643.2924907,1.2195379921299214,0.0,0.020073478564345302,1.3496864769484411,0.0,0.0723885099759225,0.0,-0.5,-0.18937893851392476,-1.0372030374245144e-09,-0.0009873428391470034,-0.0943043234504208
1770339643.725953,1.2192734247940773,0.0,0.020073478564345302,1.3496864769484411,0.0,0.07243440612877647,0.0,-0.5,-0.18937893851392476,-7.813999642483604e-10,0.00024061094310956748,-0.09493257088814278
1770339644.1389701,1.219006831414103,0.0,0.020073478564345302,1.3496864769484411,0.0,0.07248050293768683,0.0,-0.5,-0.18937893851392476,-6.050495188346418e-10,0.00022896011313030688,-0.09480511500157499
1770339644.5542352,1.2187402572977537,0.0,0.020073478564345302,1.3496864769484411,0.0,0.07252659785832205,0.0,-0.5,-0.18937893851392476,-4.606867011239638e-10,0.00038975871567763985,-0.09490042893574263
1770339644.9662628,1.2184734179806704,0.0,0.020073478564345302,1.3496864769484411,0.0,0.07257271902169028,0.0,-0.5,-0.18937893851392476,-3.5769500778030567e-10,0.000213668139161329,-0.09481391274188969
1770339645.3834133,1.2182068690985437,0.0,0.020073478564345302,1.3496864769484411,0.0,0.07261881142104903,0.0,-0.5,-0.18937893851392476,-2.776378423015982e-10,-0.00032309938145766117,-0.09458159659593329
1770339645.800478,1.2179412056350705,0.0,0.020073478564345302,1.3496864769484411,0.0,0.0726648161443595,0.0,-0.5,-0.18937893851392476,-2.0973099252591284e-10,-0.0004008510171157485,-0.09449681912170131
1770339646.2205694,1.2176756704509255,0.0,0.020073478564345302,1.3496864769484411,0.0,0.07271080815936366,0.0,-0.5,-0.18937893851392476,-1.6303897861651165e-10,0.0007077355686386814,-0.09515419586289615
1770339646.6466713,1.2174083067834374,0.0,0.020073478564345302,1.3496864769484411,0.0,0.07275698122884075,0.0,-0.5,-0.18937893851392476,-1.23640024121135e-10,0.0007906548259000341,-0.09509308871927857
1770339647.0628173,1.217140806355476,0.0,0.020073478564345302,1.3496864769484411,0.0,0.07280316784347336,0.0,-0.5,-0.18937893851392476,-9.654030401799467e-11,0.0004697837214685309,-0.0949564483246801
1770339647.4763663,1.2168738350898025,0.0,0.020073478564345302,1.3496864769484411,0.0,0.07284930206383507,0.0,-0.5,-0.18937893851392476,-7.30853046005465e-11,-0.0007803895092705878,-0.09442429189848629
1770339647.890308,1.2166089261746404,0.0,0.020073478564345302,1.3496864769484411,0.0,0.07289523203934471,0.0,-0.5,-0.18937893851392476,-5.6761441055147444e-11,0.0011106545822486733,-0.0954339010140001
1770339648.3139148,1.216340898145437,0.0,0.020073478564345302,1.3496864769484411,0.0,0.07294147088731567,0.0,-0.5,-0.18937893851392476,-4.4095896362826824e-11,0.00015102104344033465,-0.09486094317665927
1770339648.7312493,1.2160744525659082,0.0,0.020073478564345302,1.3496864769484411,0.0,0.07298755305136483,0.0,-0.5,-0.18937893851392476,-3.330963415487408e-11,0.0011314124605282636,-0.09535321466224493
1770339649.1562717,1.2158063903385399,0.0,0.020073478564345302,1.3496864769484411,0.0,0.07303379528428357,0.0,-0.5,-0.18937893851392476,-2.5229050395337494e-11,0.0003152363471782042,-0.09492870506711554
1770339649.5763102,1.215539673925638,0.0,0.020073478564345302,1.3496864769484411,0.0,0.0730799042811517,0.0,-0.5,-0.18937893851392476,-1.9527157931310683e-11,0.00036313442052891083,-0.09487582629408906
1770339649.9919868,1.2152728785431384,0.0,0.020073478564345302,1.3496864769484411,0.0,0.07312602110470574,0.0,-0.5,-0.18937893851392476,-1.5360482357145175e-11,-1.536296502337834e-05,-0.09471963752836639
1770339650.4066334,1.2150067074662445,0.0,0.020073478564345302,1.3496864769484411,0.0,0.07317207608724874,0.0,-0.5,-0.18937893851392476,-1.151118756113418e-11,7.100032709965378e-05,-0.09473360576123568
1770339650.8240745,1.214740393899679,0.0,0.020073478564345302,1.3496864769484411,0.0,0.0732181451943044,0.0,-0.5,-0.18937893851392476,-8.930726837563216e-12,6.410276834380808e-05,-0.0947222104059406
1770339651.2393813,1.2144740917110441,0.0,0.020073478564345302,1.3496864769484411,0.0,0.07326421316410345,0.0,-0.5,-0.18937893851392476,-6.756102544791002e-12,0.00010424290319286213,-0.09474560472879981
1770339651.6560726,1.214207723314762,0.0,0.020073478564345302,1.3496864769484411,0.0,0.07331028769458574,0.0,-0.5,-0.18937893851392476,-5.166945871921636e-12,0.0005070123563014177,-0.09498325238559088
1770339652.075095,1.2139406906372308,0.0,0.020073478564345302,1.3496864769484411,0.0,0.07335642800356192,0.0,-0.5,-0.18937893851392476,-4.512829889249041e-12,-8.46246253356357e-05,-0.09470632064697111
1770339652.4999776,1.2136746338385342,0.0,0.020073478564345302,1.3496864769484411,0.0,0.07340247168864053,0.0,-0.5,-0.18937893851392476,-3.082128620332695e-12,-0.0002524916606604118,-0.09458001013324678
1770339652.9126463,1.2134088539242742,0.0,0.020073478564345302,1.3496864769484411,0.0,0.07344848793472093,0.0,-0.5,-0.18937893851392476,-2.3903133022942707e-12,0.0007582941851958724,-0.09516969493653626
1770339653.3346734,1.2131414068454502,0.0,0.020073478564345302,1.3496864769484411,0.0,0.07349466926003737,0.0,-0.5,-0.18937893851392476,-1.8182685425185505e-12,4.306566737478408e-05,-0.09478252494425014
1770339653.7528791,1.2128751393699644,0.0,0.020073478564345302,1.3496864769484411,0.0,0.07354073380733771,0.0,-0.5,-0.18937893851392476,-1.416323562988665e-12,-0.00044582363313183654,-0.09451544637186345
1770339654.1739051,1.212609678456187,0.0,0.020073478564345302,1.3496864769484411,0.0,0.07358671846772474,0.0,-0.5,-0.18937893851392476,-1.0775911503759668e-12,-0.00043340091784689123,-0.09447401107064503
1770339654.5882962,1.2123441970074174,0.0,0.020073478564345302,1.3496864769484411,0.0,0.07363270516659064,0.0,-0.5,-0.18937893851392476,-8.460436442705252e-13,-0.0012748594525884174,-0.09413618538498836
1770339655.0199049,1.2120801041650768,0.0,0.020073478564345302,1.3496864769484411,0.0,0.0736785543110494,0.0,-0.5,-0.18937893851392476,-6.180380096365941e-13,-0.0011251455956117545,-0.09414186784547221
1770339655.4479809,1.2118157642269132,0.0,0.020073478564345302,1.3496864769484411,0.0,0.07372442794407648,0.0,-0.5,-0.18937893851392476,-4.881007493344327e-13,-0.00036975742676463065,-0.09458012936095288
1770339655.8607643,1.2115501778018472,0.0,0.020073478564345302,1.3496864769484411,0.0,0.07377042503382009,0.0,-0.5,-0.18937893851392476,-3.779878707205133e-13,-0.00017749416305305122,-0.09461994850218501
1770339656.2780163,1.2112842741626497,0.0,0.020073478564345302,1.3496864769484411,0.0,0.07381645353759568,0.0,-0.5,-0.18937893851392476,-2.8584756394681527e-13,-0.0004860208189045949,-0.09447731151338108
1770339656.7007506,1.2110188795691725,0.0,0.020073478564345302,1.3496864769484411,0.0,0.07386243163193505,0.0,-0.5,-0.18937893851392476,-2.2151118964082394e-13,-0.0008396462928836502,-0.09430500865813997
1770339657.1143153,1.2107540684688087,0.0,0.020073478564345302,1.3496864769484411,0.0,0.07390835193003457,0.0,-0.5,-0.18937893851392476,-1.6739698533860988e-13,-0.0007810101073700819,-0.09430482782199609
1770339657.5302541,1.2104891605997081,0.0,0.020073478564345302,1.3496864769484411,0.0,0.07395428181434911,0.0,-0.5,-0.18937893851392476,-1.299582969114317e-13,-0.0007042223418482326,-0.0943450368627204
1770339657.9444418,1.2102241259962316,0.0,0.020073478564345302,1.3496864769484411,0.0,0.07400022424603742,0.0,-0.5,-0.18937893851392476,-1.0083783972780662e-13,7.513081396310077e-05,-0.0948049699796259
1770339658.3662214,1.2099578056544062,0.0,0.020073478564345302,1.3496864769484411,0.0,0.07404629400755208,0.0,-0.5,-0.18937893851392476,-7.611316859472074e-14,-0.00022957491814553114,-0.09460515237117659
1770339658.7820117,1.209691987904906,0.0,0.020073478564345302,1.3496864769484411,0.0,0.0740923140087251,0.0,-0.5,-0.18937893851392476,-5.715259766713181e-14,-0.00013754413941077003,-0.09462990026518761
1770339659.1963253,1.209426018363833,0.0,0.020073478564345302,1.3496864769484411,0.0,0.07413834904099743,0.0,-0.5,-0.18937893851392476,-4.322353439774991e-14,-0.0003183839407021229,-0.09454836126678368
1770339659.6140819,1.2091603471755976,0.0,0.020073478564345302,1.3496864769484411,0.0,0.07418435452605526,0.0,-0.5,-0.18937893851392476,-3.347647696436756e-14,-0.0005178575821033029,-0.09445048783008432
1770339660.027756,1.2088950051105016,0.0,0.020073478564345302,1.3496864769484411,0.0,0.07423032741154473,0.0,-0.5,-0.18937893851392476,-2.683747714196356e-14,-0.0005351626203859617,-0.0944236184506245
1770339660.4392495,1.2086296915948385,0.0,0.020073478564345302,1.3496864769484411,0.0,0.07427629746998589,0.0,-0.5,-0.18937893851392476,-2.0271805453380913e-14,0.0001402547402237273,-0.09482713836315548
1770339660.863681,1.2083632637983555,0.0,0.020073478564345302,1.3496864769484411,0.0,0.07432237787450592,0.0,-0.5,-0.18937893851392476,-1.5671263874504284e-14,-0.0006801561779721819,-0.09443143225981154
1770339661.2899728,1.2080981895089145,0.0,0.020073478564345302,1.3496864769484411,0.0,0.07436832422758381,0.0,-0.5,-0.18937893851392476,-1.1568330009602024e-14,0.0003368014399076132,-0.09495956573871574
1770339661.7003329,1.2078314375138277,0.0,0.020073478564345302,1.3496864769484411,0.0,0.07441443673278134,0.0,-0.5,-0.18937893851392476,-8.984253894376751e-15,0.00021227688850919613,-0.0948080601563658
1770339662.1286545,1.20756489085257,0.0,0.020073478564345302,1.3496864769484411,0.0,0.07446052889610569,0.0,-0.5,-0.18937893851392476,-7.011703797820163e-15,0.0008572249896273846,-0.09518257656189491
1770339662.575983,1.2072972806042428,0.0,0.020073478564345302,1.3496864769484411,0.0,0.07450672638441364,0.0,-0.5,-0.18937893851392476,-5.3117489118344895e-15,-0.00016011726202979655,-0.0947111448511185
1770339662.9895923,1.2070313482385868,0.0,0.020073478564345302,1.3496864769484411,0.0,0.07455275773133078,0.0,-0.5,-0.18937893851392476,-4.12547083542919e-15,0.0015280853719244643,-0.09562233220632417
1770339663.4034688,1.206762632029652,0.0,0.020073478564345302,1.3496864769484411,0.0,0.07459906469668189,0.0,-0.5,-0.18937893851392476,-3.128151068757655e-15,0.0002603803249988575,-0.0949464299241575
1770339663.8161879,1.2064960060769314,0.0,0.020073478564345302,1.3496864769484411,0.0,0.0746451647296075,0.0,-0.5,-0.18937893851392476,-2.3442414519196734e-15,0.0003775876218063529,-0.09488998379754865
1770339664.2439728,1.2062291868764157,0.0,0.020073478564345302,1.3496864769484411,0.0,0.07469128391350548,0.0,-0.5,-0.18937893851392476,-1.8794551862595963e-15,0.0003851355716140106,-0.09488279183775203
1770339664.6721659,1.2059623551553482,0.0,0.020073478564345302,1.3496864769484411,0.0,0.07473740430976192,0.0,-0.5,-0.18937893851392476,-1.376964076269686e-15,-0.00016366612957592112,-0.0946625163622948
1770339665.0813138,1.2056964286959166,0.0,0.020073478564345302,1.3496864769484411,0.0,0.0747834350719575,0.0,-0.5,-0.18937893851392476,-1.0423650580526703e-15,-0.0005876543347071528,-0.09443804091012298
1770339665.507279,1.2054312017458673,0.0,0.020073478564345302,1.3496864769484411,0.0,0.07482939655805866,0.0,-0.5,-0.18937893851392476,-8.336664427413745e-16,-0.0006292882391784125,-0.09437898852782113
1770339665.922951,1.2051660435140128,0.0,0.020073478564345302,1.3496864769484411,0.0,0.07487535124207775,0.0,-0.5,-0.18937893851392476,-6.283978710395127e-16,6.793331075618473e-06,-0.09475647407952621
1770339666.34562,1.2048998358571523,0.0,0.020073478564345302,1.3496864769484411,0.0,0.07492140985096733,0.0,-0.5,-0.18937893851392476,-4.75383412521085e-16,-0.0010346750258103516,-0.09427627857974628
1770339666.7658849,1.2046353465735906,0.0,0.020073478564345302,1.3496864769484411,0.0,0.07496729826296608,0.0,-0.5,-0.18937893851392476,-3.5895120117253605e-16,-0.0010464265783158649,-0.09416743112305537
1770339667.1855614,1.2043708767306798,0.0,0.020073478564345302,1.3496864769484411,0.0,0.07501318474913876,0.0,-0.5,-0.18937893851392476,-2.8631125360526915e-16,-0.0005476418082623921,-0.09446552682983682
1770339667.5996392,1.2041055837500088,0.0,0.020073478564345302,1.3496864769484411,0.0,0.07505915276910108,0.0,-0.5,-0.18937893851392476,-2.1128699819646215e-16,-0.0002213553985036756,-0.09461142019868662
1770339668.0186095,1.2038397524338953,0.0,0.020073478564345302,1.3496864769484411,0.0,0.07510517411137861,0.0,-0.5,-0.18937893851392476,-1.6380129819377988e-16,-0.00018202265560714724,-0.09460239120344863
1770339668.433377,1.2035738561975948,0.0,0.020073478564345302,1.3496864769484411,0.0,0.07515120187486451,0.0,-0.5,-0.18937893851392476,-1.2635314353463074e-16,-0.0002045819488142586,-0.09458943421187609
1770339668.860301,1.2033079972654575,0.0,0.020073478564345302,1.3496864769484411,0.0,0.07519722595299523,0.0,-0.5,-0.18937893851392476,-9.603949288983499e-17,0.00026804689337990177,-0.09487075558787184
1770339669.2898629,1.2030413586473458,0.0,0.020073478564345302,1.3496864769484411,0.0,0.07524332723583024,0.0,-0.5,-0.18937893851392476,-7.328981549084714e-17,-0.0005332411742860078,-0.09450297747658604
1770339669.7012796,1.2027760419291251,0.0,0.020073478564345302,1.3496864769484411,0.0,0.07528929761077206,0.0,-0.5,-0.18937893851392476,-6.590105855041336e-17,0.00018980467199870317,-0.09485667617759026
1770339670.1206813,1.202509532411098,0.0,0.020073478564345302,1.3496864769484411,0.0,0.07533538611556333,0.0,-0.5,-0.18937893851392476,-4.256026388082005e-17,-0.0002396680748273273,-0.09461258249423135
1770339670.533337,1.202243731285929,0.0,0.020073478564345302,1.3496864769484411,0.0,0.0753814044644956,0.0,-0.5,-0.18937893851392476,-3.322341621585815e-17,-6.895658443333062e-05,-0.09467206211378514
1770339670.9586546,1.2019776485770934,0.0,0.020073478564345302,1.3496864769484411,0.0,0.07542745069767277,0.0,-0.5,-0.18937893851392476,-2.5140021670899195e-17,-8.691204642409587e-05,-0.09464780877994942
1770339671.3841355,1.2017115955120319,0.0,0.020073478564345302,1.3496864769484411,0.0,0.07547349399114887,0.0,-0.5,-0.18937893851392476,-1.9463771145522206e-17,0.0003339899502349125,-0.09489855443174576
1770339671.7947848,1.2014448481839888,0.0,0.020073478564345302,1.3496864769484411,0.0,0.0755196060510997,0.0,-0.5,-0.18937893851392476,-1.4692616639432783e-17,-0.0006119945784618301,-0.09447807042060115
1770339672.2031202,1.201179661370515,0.0,0.020073478564345302,1.3496864769484411,0.0,0.07556556356216709,0.0,-0.5,-0.18937893851392476,-1.145683345000099e-17,0.00013232882678400294,-0.09483006601087897
1770339672.6157174,1.2009132466739407,0.0,0.020073478564345302,1.3496864769484411,0.0,0.07561164266849797,0.0,-0.5,-0.18937893851392476,-8.89326783853628e-18,-1.030625568052549e-05,-0.0946985796373686
1770339673.026601,1.2006470672285547,0.0,0.020073478564345302,1.3496864769484411,0.0,0.07565769847716133,0.0,-0.5,-0.18937893851392476,-6.902976091372352e-18,0.0008733922843184653,-0.09521453525312151
1770339673.442789,1.2003794303780784,0.0,0.020073478564345302,1.3496864769484411,0.0,0.07570389860476295,0.0,-0.5,-0.18937893851392476,-5.215520260013798e-18,0.00011244198273824963,-0.09482178527848953
1770339673.8633976,1.2001130484473694,0.0,0.020073478564345302,1.3496864769484411,0.0,0.07574997446562091,0.0,-0.5,-0.18937893851392476,-4.049262665908348e-18,-0.0005242814122826606,-0.09449100089032314
1770339674.279544,1.1998477169394481,0.0,0.020073478564345302,1.3496864769484411,0.0,0.07579594632114212,0.0,-0.5,-0.18937893851392476,-3.07182115172288e-18,-0.00037571063117462604,-0.09451647101948588
1770339674.7011027,1.1995821403312672,0.0,0.020073478564345302,1.3496864769484411,0.0,0.07584194243456165,0.0,-0.5,-0.18937893851392476,-2.3832885379445725e-18,-0.00044767666495612655,-0.09447282752786247
1770339675.118874,1.1993166823947419,0.0,0.020073478564345302,1.3496864769484411,0.0,0.07588792678917686,0.0,-0.5,-0.18937893851392476,-1.8063299987376906e-18,-0.0004533918565362736,-0.09446334484785225
1770339675.5371747,1.1990512339371433,0.0,0.020073478564345302,1.3496864769484411,0.0,0.07593391022111216,0.0,-0.5,-0.18937893851392476,-1.4005211639277368e-18,-4.524486646811327e-05,-0.09470766152273513
1770339675.9562333,1.1987851120734205,0.0,0.020073478564345302,1.3496864769484411,0.0,0.07597996033276358,0.0,-0.5,-0.18937893851392476,-1.0586226891051722e-18,-0.0001516215643621575,-0.0946242961445707
1770339676.3669014,1.1985191657388201,0.0,0.020073478564345302,1.3496864769484411,0.0,0.07602599306370059,0.0,-0.5,-0.18937893851392476,-1.0418186882263244e-18,7.353611826954823e-05,-0.09474875308436033
1770339676.7831838,1.1982528479719152,0.0,0.020073478564345302,1.3496864769484411,0.0,0.0760720625730876,0.0,-0.5,-0.18937893851392476,-6.37845375977535e-19,-0.0011818659688973946,-0.09422407648123038
1770339677.2093797,1.197988601680397,0.0,0.020073478564345302,1.3496864769484411,0.0,0.07611792692567149,0.0,-0.5,-0.18937893851392476,-4.8384641245267935e-19,-0.0005514077530173469,-0.09447681120204171
1770339677.6357994,1.197723314976095,0.0,0.020073478564345302,1.3496864769484411,0.0,0.07616389432872572,0.0,-0.5,-0.18937893851392476,-3.6672043870156244e-19,0.00021917708270237512,-0.09487611628188555
1770339678.0593576,1.1974567569851864,0.0,0.020073478564345302,1.3496864769484411,0.0,0.0762099876293067,0.0,-0.5,-0.18937893851392476,-2.849864397347212e-19,-0.0005420625519757809,-0.0944945619444423
1770339678.489827,1.1971914548474538,0.0,0.020073478564345302,1.3496864769484411,0.0,0.07625595655585565,0.0,-0.5,-0.18937893851392476,-2.153220207675801e-19,-2.8858578957816463e-05,-0.09472636036478527
1770339678.9096634,1.1969253059792506,0.0,0.020073478564345302,1.3496864769484411,0.0,0.07630200933898726,0.0,-0.5,-0.18937893851392476,-1.6677760337133491e-19,-0.00041680807184185263,-0.09451986017032986
1770339679.334511,1.196659797171949,0.0,0.020073478564345302,1.3496864769484411,0.0,0.07634799874688425,0.0,-0.5,-0.18937893851392476,-1.2672816872874724e-19,-0.0010052333783468433,-0.09424569509843946
1770339679.743458,1.1963952593672262,0.0,0.020073478564345302,1.3496864769484411,0.0,0.07639389196540156,0.0,-0.5,-0.18937893851392476,-9.822954438349364e-20,-0.000244320534011808,-0.09464340027438999
1770339680.1545799,1.1961294659346329,0.0,0.020073478564345302,1.3496864769484411,0.0,0.07643990955258646,0.0,-0.5,-0.18937893851392476,-7.654796444153293e-20,-0.00024920433467663417,-0.09456535546969055
1770339680.5641198,1.1958636805325733,0.0,0.020073478564345302,1.3496864769484411,0.0,0.0764859263458375,0.0,-0.5,-0.18937893851392476,-5.793604463835202e-20,-0.0008172126694649072,-0.09433766375570875
1770339680.9743109,1.1955988323855387,0.0,0.020073478564345302,1.3496864769484411,0.0,0.07653185030783452,0.0,-0.5,-0.18937893851392476,-4.497464846537334e-20,0.00026249518533809883,-0.09492868763511174
1770339681.3830807,1.195332202956675,0.0,0.020073478564345302,1.3496864769484411,0.0,0.07657795067871846,0.0,-0.5,-0.18937893851392476,-3.461911644796466e-20,-6.855523972223323e-05,-0.09468829667960729
1770339681.8052316,1.1950661196202026,0.0,0.020073478564345302,1.3496864769484411,0.0,0.0766239969869975,0.0,-0.5,-0.18937893851392476,-2.7111426790893554e-20,0.0001255967850819605,-0.09477168285198377
1770339682.245845,1.1947997159957873,0.0,0.020073478564345302,1.3496864769484411,0.0,0.07667007500435151,0.0,-0.5,-0.18937893851392476,-1.9822357321979768e-20,-0.00033458573683383845,-0.09456819464073704
1770339682.667973,1.1945340715223538,0.0,0.020073478564345302,1.3496864769484411,0.0,0.07671607783938683,0.0,-0.5,-0.18937893851392476,-1.5386595089257657e-20,-0.00044670932758655467,-0.09447732695224437
1770339683.0853527,1.1942686119925963,0.0,0.020073478564345302,1.3496864769484411,0.0,0.076762062360299,0.0,-0.5,-0.18937893851392476,-1.174647497676479e-20,-0.00040877044486738607,-0.0944888779228006
1770339683.5182,1.1940030898922669,0.0,0.020073478564345302,1.3496864769484411,0.0,0.07680805306638516,0.0,-0.5,-0.18937893851392476,-8.875803349892605e-21,-0.00031884597130376604,-0.09453903871866685
1770339683.9487946,1.1937374194121348,0.0,0.020073478564345302,1.3496864769484411,0.0,0.07685405848706997,0.0,-0.5,-0.18937893851392476,-6.943222356523131e-21,-0.00040500296164819874,-0.09449558347517273
1770339684.3630817,1.193471891148089,0.0,0.020073478564345302,1.3496864769484411,0.0,0.07690004981006421,0.0,-0.5,-0.18937893851392476,-5.248106882450801e-21,6.276685936691545e-05,-0.09476762966874734
1770339684.7805629,1.1932055911320436,0.0,0.020073478564345302,1.3496864769484411,0.0,0.07694611757065095,0.0,-0.5,-0.18937893851392476,-4.078969293560134e-21,-0.0001568278395278833,-0.09463301480708791
1770339685.1922517,1.1929396533912409,0.0,0.020073478564345302,1.3496864769484411,0.0,0.07699214944328107,0.0,-0.5,-0.18937893851392476,-3.161797959076024e-21,6.712529647767918e-05,-0.09474542721880178
1770339685.6044142,1.1926733462136971,0.0,0.020073478564345302,1.3496864769484411,0.0,0.07703821791197099,0.0,-0.5,-0.18937893851392476,-2.3968876400768578e-21,-0.00018625627605606157,-0.09462167927618773
1770339686.022709,1.1924074569940555,0.0,0.020073478564345302,1.3496864769484411,0.0,0.07708424497808256,0.0,-0.5,-0.18937893851392476,-1.8606541665676252e-21,-0.00035704806587555685,-0.09452802440300655
1770339686.453973,1.1921418495511997,0.0,0.020073478564345302,1.3496864769484411,0.0,0.07713024414922037,0.0,-0.5,-0.18937893851392476,-1.3858374966020264e-21,0.0007159809127199288,-0.0951547626111819
1770339686.8673706,1.191874472284912,0.0,0.020073478564345302,1.3496864769484411,0.0,0.07717641858662405,0.0,-0.5,-0.18937893851392476,-1.0985373259159352e-21,0.000518331964226441,-0.09496840013392495
1770339687.28427,1.1916074209552991,0.0,0.020073478564345302,1.3496864769484411,0.0,0.07722256073559561,0.0,-0.5,-0.18937893851392476,-8.302884882878099e-22,-0.0005176674951129545,-0.09453423545533984
1770339687.714679,1.1913420785039652,0.0,0.020073478564345302,1.3496864769484411,0.0,0.077268533658636,0.0,-0.5,-0.18937893851392476,-6.278617816577703e-22,-0.00015276255426415126,-0.09464957847391518
1770339688.1313615,1.1910761340522755,0.0,0.020073478564345302,1.3496864769484411,0.0,0.07731456619645395,0.0,-0.5,-0.18937893851392476,-4.866641975028568e-22,0.0010570317108662339,-0.09533896453890854
1770339688.5498414,1.1908081944233169,0.0,0.020073478564345302,1.3496864769484411,0.0,0.0773607962896947,0.0,-0.5,-0.18937893851392476,-3.7082660096372086e-22,1.2011067619887314e-05,-0.09479997685509696
1770339688.9709609,1.1905419782048454,0.0,0.020073478564345302,1.3496864769484411,0.0,0.07740685574616232,0.0,-0.5,-0.18937893851392476,-2.80768185458763e-22,0.0002234200829784918,-0.09482232019998749
1770339689.3951538,1.1902754132294646,0.0,0.020073478564345302,1.3496864769484411,0.0,0.07745294973875323,0.0,-0.5,-0.18937893851392476,-2.1635405825232804e-22,0.0002518144377651122,-0.0948182159113236
1770339689.8086758,1.190008801470994,0.0,0.020073478564345302,1.3496864769484411,0.0,0.07749904836620132,0.0,-0.5,-0.18937893851392476,-1.6755419599841433e-22,0.0006796374986603267,-0.09507207031238206
1770339690.2177002,1.1897414841037979,0.0,0.020073478564345302,1.3496864769484411,0.0,0.07754521684373657,0.0,-0.5,-0.18937893851392476,-1.3091777231008458e-22,0.00047025566081474764,-0.0949455352711543
1770339690.630155,1.1894745120334616,0.0,0.020073478564345302,1.3496864769484411,0.0,0.07759135114992896,0.0,-0.5,-0.18937893851392476,-9.93265269907285e-23,0.00015610541049199426,-0.09479893698724065
1770339691.0560465,1.1892080581015338,0.0,0.020073478564345302,1.3496864769484411,0.0,0.0776374341454629,0.0,-0.5,-0.18937893851392476,-7.715909043255621e-23,-0.00013129423569241064,-0.09465256210373461
1770339691.4652376,1.188942078292965,0.0,0.020073478564345302,1.3496864769484411,0.0,0.07768347019161025,0.0,-0.5,-0.18937893851392476,-6.027840119804524e-23,-0.0011019705110694303,-0.09423555162896538
1770339691.8741944,1.1886777001011362,0.0,0.020073478564345302,1.3496864769484411,0.0,0.07772934760118762,0.0,-0.5,-0.18937893851392476,-4.562569528352272e-23,0.00034853280989974035,-0.09500878599400917
1770339692.283964,1.1884109287780513,0.0,0.020073478564345302,1.3496864769484411,0.0,0.07777546203221121,0.0,-0.5,-0.18937893851392476,-3.535390461593162e-23,-0.00030075130206529653,-0.09460402201712623
1770339692.6968296,1.188145228461026,0.0,0.020073478564345302,1.3496864769484411,0.0,0.07782147039259711,0.0,-0.5,-0.18937893851392476,-2.747527554056302e-23,-0.000319151262698503,-0.09453173362167645
1770339693.107491,1.1878795584636916,0.0,0.020073478564345302,1.3496864769484411,0.0,0.07786747575427333,0.0,-0.5,-0.18937893851392476,-2.063424159282611e-23,-0.0006936304519817299,-0.09438010194989983
1770339693.5319624,1.187614506366848,0.0,0.020073478564345302,1.3496864769484411,0.0,0.07791341992403308,0.0,-0.5,-0.18937893851392476,-1.6094672191711792e-23,-0.0003739259835194975,-0.09453447671204886
1770339693.9536524,1.187348926781415,0.0,0.020073478564345302,1.3496864769484411,0.0,0.07795941634322444,0.0,-0.5,-0.18937893851392476,-1.2189536910249825e-23,9.366408562310282e-05,-0.09478306030668819
1770339694.3673694,1.1870825758463135,0.0,0.020073478564345302,1.3496864769484411,0.0,0.07800548915172854,0.0,-0.5,-0.18937893851392476,-9.477403968361655e-24,-0.0007041643357086293,-0.09441716993124123
1770339694.7790554,1.1868175411623707,0.0,0.020073478564345302,1.3496864769484411,0.0,0.07805143158878128,0.0,-0.5,-0.18937893851392476,-7.367188425876407e-24,-0.0009952748437348116,-0.0942209428858976
1770339695.1902907,1.1865529868459692,0.0,0.020073478564345302,1.3496864769484411,0.0,0.07809732644344608,0.0,-0.5,-0.18937893851392476,-5.718248480637686e-24,-0.00028403724553525305,-0.0946185743940147
1770339695.605714,1.1862872589451066,0.0,0.020073478564345302,1.3496864769484411,0.0,0.07814333754504958,0.0,-0.5,-0.18937893851392476,-4.184486531468201e-24,-0.00012837253571264118,-0.09464084946008833
1770339696.019298,1.1860212742441885,0.0,0.020073478564345302,1.3496864769484411,0.0,0.07818937407399455,0.0,-0.5,-0.18937893851392476,-3.366549007343234e-24,5.200077799323631e-05,-0.09473350697732959
1770339696.456646,1.1857549920594683,0.0,0.020073478564345302,1.3496864769484411,0.0,0.07823544006432334,0.0,-0.5,-0.18937893851392476,-2.457652238222215e-24,0.0003925506540879554,-0.09491979957161582
1770339696.8850894,1.1854881481558075,0.0,0.020073478564345302,1.3496864769484411,0.0,0.0782815616836671,0.0,-0.5,-0.18937893851392476,-1.916711168828019e-24,-0.0010442663320882478,-0.09431101778953588
1770339697.2957292,1.1852236747884741,0.0,0.020073478564345302,1.3496864769484411,0.0,0.0783274485346202,0.0,-0.5,-0.18937893851392476,-1.439161617443449e-24,-0.00039298606558320424,-0.09455810425082127
1770339697.7196274,1.1849581266653528,0.0,0.020073478564345302,1.3496864769484411,0.0,0.07837344183172026,0.0,-0.5,-0.18937893851392476,-1.3549369422245348e-24,-9.514449458125455e-05,-0.09467168116677195
1770339698.1564422,1.1846920871669044,0.0,0.020073478564345302,1.3496864769484411,0.0,0.07841948378409186,0.0,-0.5,-0.18937893851392476,-8.473452827907962e-25,-0.0005945112257960428,-0.09444215031718584
1770339698.5776339,1.1844268715465058,0.0,0.020073478564345302,1.3496864769484411,0.0,0.07846544414366523,0.0,-0.5,-0.18937893851392476,-6.409737488879067e-25,-0.000528521182463591,-0.09443180767006383
1770339699.012395,1.1841615470552433,0.0,0.020073478564345302,1.3496864769484411,0.0,0.07851141529108326,0.0,-0.5,-0.18937893851392476,-4.855004853670874e-25,-0.0005697860242031486,-0.09440870272903476
1770339699.4439743,1.1838962906223525,0.0,0.020073478564345302,1.3496864769484411,0.0,0.07855737969542781,0.0,-0.5,-0.18937893851392476,-3.670907124601467e-25,-3.541015021964991e-05,-0.09472520176925091
1770339699.8577216,1.183630152568816,0.0,0.020073478564345302,1.3496864769484411,0.0,0.0786034314056758,0.0,-0.5,-0.18937893851392476,-2.854280574147597e-25,-0.00038491165285071884,-0.09453196358080014
1770339700.2692535,1.1833645910882937,0.0,0.020073478564345302,1.3496864769484411,0.0,0.07864942601705828,0.0,-0.5,-0.18937893851392476,-2.197460591703697e-25,-0.00013176592762068463,-0.09464890086567504
1770339700.681378,1.1830986120200144,0.0,0.020073478564345302,1.3496864769484411,0.0,0.07869546199883261,0.0,-0.5,-0.18937893851392476,-1.6739702573716591e-25,-0.0006130785738654838,-0.09443106123465413
1770339701.09644,1.1828334270411718,0.0,0.020073478564345302,1.3496864769484411,0.0,0.07874141932750979,0.0,-0.5,-0.18937893851392476,-1.300639875366145e-25,0.0005441259955303974,-0.09507725271166716
1770339701.5141785,1.1825663331931817,0.0,0.020073478564345302,1.3496864769484411,0.0,0.07878756570364276,0.0,-0.5,-0.18937893851392476,-1.0030070385014033e-25,0.0007149731454607607,-0.0950640405446858
1770339701.9299457,1.1822989575684058,0.0,0.020073478564345302,1.3496864769484411,0.0,0.07883373995865622,0.0,-0.5,-0.18937893851392476,-7.632111408561536e-26,-0.00023088200696445198,-0.09466861376872268
1770339702.3583117,1.1820331420236814,0.0,0.020073478564345302,1.3496864769484411,0.0,0.07887975974525252,0.0,-0.5,-0.18937893851392476,-5.81517859779453e-26,-0.0010693083069928653,-0.09423865773346879
1770339702.7726414,1.181768709887265,0.0,0.020073478564345302,1.3496864769484411,0.0,0.07892564249779024,0.0,-0.5,-0.18937893851392476,-4.468081577681374e-26,0.00047171460730547916,-0.09507942885204494
1770339703.1820028,1.181501735370754,0.0,0.020073478564345302,1.3496864769484411,0.0,0.07897177704001704,0.0,-0.5,-0.18937893851392476,-3.481007690134558e-26,0.00025412005959129743,-0.09483828874152946
1770339703.617137,1.181235119782089,0.0,0.020073478564345302,1.3496864769484411,0.0,0.0790178760483388,0.0,-0.5,-0.18937893851392476,-2.63154070522898e-26,-0.0004326111994246471,-0.09454183678315166
1770339704.0384371,1.1809696370297658,0.0,0.020073478564345302,1.3496864769484411,0.0,0.07906386285985748,0.0,-0.5,-0.18937893851392476,-1.9908731508981275e-26,-0.0004266725463622501,-0.09447672684908749
1770339704.4580746,1.1807041444766508,0.0,0.020073478564345302,1.3496864769484411,0.0,0.07910985064770022,0.0,-0.5,-0.18937893851392476,-1.546845594051275e-26,0.00011142049579874618,-0.09479898880907785
1770339704.8745303,1.1804377642357335,0.0,0.020073478564345302,1.3496864769484411,0.0,0.07915592635299007,0.0,-0.5,-0.18937893851392476,-1.1990706758967235e-26,-0.0005125048197728271,-0.09449560937863312
1770339705.2856133,1.1801724133032547,0.0,0.020073478564345302,1.3496864769484411,0.0,0.07920190011824409,0.0,-0.5,-0.18937893851392476,-9.09552233777975e-27,0.0003005807509307207,-0.0949210681894981
1770339705.7013733,1.1799057210463273,0.0,0.020073478564345302,1.3496864769484411,0.0,0.07924800672258178,0.0,-0.5,-0.18937893851392476,-7.047547986857892e-27,0.0006105420224092451,-0.09502573639531485
1770339706.1143486,1.1796385176032769,0.0,0.020073478564345302,1.3496864769484411,0.0,0.07929416394020358,0.0,-0.5,-0.18937893851392476,-5.428957672311706e-27,-0.00030730812438209176,-0.09462760020945046
1770339706.5432498,1.1793728281652913,0.0,0.020073478564345302,1.3496864769484411,0.0,0.0793401712384347,0.0,-0.5,-0.18937893851392476,-4.14075857210512e-27,-0.0007215547897331301,-0.09437011652863092
1770339706.9570107,1.1791078221756206,0.0,0.020073478564345302,1.3496864769484411,0.0,0.0793861108430747,0.0,-0.5,-0.18937893851392476,-3.1372834959543438e-27,-0.0012360438825560214,-0.09412289622496665
1770339707.376384,1.178843665233849,0.0,0.020073478564345302,1.3496864769484411,0.0,0.07943196633364,0.0,-0.5,-0.18937893851392476,-2.432162677543241e-27,-0.0006744677183675522,-0.09440839301419746
1770339707.7995691,1.178578581578134,0.0,0.020073478564345302,1.3496864769484411,0.0,0.07947791362549105,0.0,-0.5,-0.18937893851392476,-1.847922480341266e-27,-0.00014249047968254905,-0.09467142174098961
1770339708.2204564,1.1783126201641545,0.0,0.020073478564345302,1.3496864769484411,0.0,0.07952394784237184,0.0,-0.5,-0.18937893851392476,-1.4376099845894432e-27,-9.678205771473318e-06,-0.09469791138146776
1770339708.654923,1.1780464396405206,0.0,0.020073478564345302,1.3496864769484411,0.0,0.07957000375295915,0.0,-0.5,-0.18937893851392476,-1.079661831555969e-27,-0.00037517095555618445,-0.09453843305416275
1770339709.072521,1.1777808621311174,0.0,0.020073478564345302,1.3496864769484411,0.0,0.07961599995757379,0.0,-0.5,-0.18937893851392476,-8.139598188752239e-28,-0.0005749527507889598,-0.09442197106109118
1770339709.4871547,1.1775156142598378,0.0,0.020073478564345302,1.3496864769484411,0.0,0.07966196350361146,0.0,-0.5,-0.18937893851392476,-6.346082565444453e-28,-0.00043053903721433087,-0.09448864110971268
1770339709.9022424,1.1772501280957448,0.0,0.020073478564345302,1.3496864769484411,0.0,0.07970795065845289,0.0,-0.5,-0.18937893851392476,-4.9807926158473575e-28,-9.691873713777981e-05,-0.09467437191840115
1770339710.3255978,1.1769840915584553,0.0,0.020073478564345302,1.3496864769484411,0.0,0.07975399232651033,0.0,-0.5,-0.18937893851392476,-3.769230274986484e-28,-5.1692936642440846e-05,-0.09466814536869068
1770339710.740351,1.1767179804128398,0.0,0.020073478564345302,1.3496864769484411,0.0,0.0798000413813714,0.0,-0.5,-0.18937893851392476,-2.940088208900248e-28,-0.00045371256526367256,-0.09450281493719268
1770339711.1520317,1.1764525324863184,0.0,0.020073478564345302,1.3496864769484411,0.0,0.07984602475429811,0.0,-0.5,-0.18937893851392476,-2.283943799355241e-28,-0.0004542716618305281,-0.09446238933570379
1770339711.5714514,1.1761870854449261,0.0,0.020073478564345302,1.3496864769484411,0.0,0.07989200804139414,0.0,-0.5,-0.18937893851392476,-1.7323065193098332e-28,-0.0006034701634894793,-0.09440265402538355
1770339711.9863071,1.175921884598135,0.0,0.020073478564345302,1.3496864769484411,0.0,0.07993796694721021,0.0,-0.5,-0.18937893851392476,-1.6096395204159495e-28,0.00036301257731007313,-0.09496762381969738
1770339712.4040685,1.1756550893604745,0.0,0.020073478564345302,1.3496864769484411,0.0,0.07998408374394217,0.0,-0.5,-0.18937893851392476,-1.0172388624120598e-28,-0.0003431292711139728,-0.0945885188062478
1770339712.8128552,1.175389458952545,0.0,0.020073478564345302,1.3496864769484411,0.0,0.0800300851842288,0.0,-0.5,-0.18937893851392476,-7.908336342735624e-29,0.0004105879360483593,-0.09497013494570279
1770339713.2234776,1.175122585260271,0.0,0.020073478564345302,1.3496864769484411,0.0,0.08007620973790922,0.0,-0.5,-0.18937893851392476,-6.011582638297745e-29,0.00014828732246221382,-0.0947898429795521
1770339713.6400125,1.1748561441868532,0.0,0.020073478564345302,1.3496864769484411,0.0,0.08012229145671167,0.0,-0.5,-0.18937893851392476,-4.5557644901635147e-29,-0.0002689375950568376,-0.09459672295118587
1770339714.0506723,1.1745903913736333,0.0,0.020073478564345302,1.3496864769484411,0.0,0.08016830502058304,0.0,-0.5,-0.18937893851392476,-3.6050351667332525e-29,-0.00025357019737316344,-0.09456422089804417
1770339714.4760313,1.174324613261818,0.0,0.020073478564345302,1.3496864769484411,0.0,0.08021432110036648,0.0,-0.5,-0.18937893851392476,-2.730121337044733e-29,-0.0001663982547664197,-0.09461498732383984
1770339714.8965728,1.1740586913406839,0.0,0.020073478564345302,1.3496864769484411,0.0,0.08026035141195095,0.0,-0.5,-0.18937893851392476,-2.116485936097409e-29,-0.00015770672673988932,-0.09461148504639508
1770339715.315222,1.1737927550482739,0.0,0.020073478564345302,1.3496864769484411,0.0,0.08030638315583503,0.0,-0.5,-0.18937893851392476,-1.6043551887446522e-29,-0.0008066782216001964,-0.09435102729564832
1770339715.7353745,1.1735278895044314,0.0,0.020073478564345302,1.3496864769484411,0.0,0.08035230884517468,0.0,-0.5,-0.18937893851392476,-1.245280566159975e-29,0.0001590677295481919,-0.09486557771685131
1770339716.1534576,1.173261430647968,0.0,0.020073478564345302,1.3496864769484411,0.0,0.08039839232350625,0.0,-0.5,-0.18937893851392476,-9.334035940083186e-30,0.00022242011617711142,-0.09480701455371383
1770339716.562308,1.1729948673301924,0.0,0.020073478564345302,1.3496864769484411,0.0,0.08044448616052903,0.0,-0.5,-0.18937893851392476,-7.318667866865074e-30,0.001105377314878761,-0.09533045363427192
1770339716.9750173,1.172726847975253,0.0,0.020073478564345302,1.3496864769484411,0.0,0.08049072415555752,0.0,-0.5,-0.18937893851392476,-5.679719769332536e-30,-0.0004276964386905656,-0.09462892841297403
1770339717.4048636,1.1724613571119298,0.0,0.020073478564345302,1.3496864769484411,0.0,0.08053671177173889,0.0,-0.5,-0.18937893851392476,-4.208497869965873e-30,-0.0007149609090905838,-0.09436071524945708
1770339717.8174558,1.172196340291499,0.0,0.020073478564345302,1.3496864769484411,0.0,0.0805826524492625,0.0,-0.5,-0.18937893851392476,-3.339824823854631e-30,-0.0008781476021756875,-0.09426671412518305
1770339718.2381914,1.1719315926790226,0.0,0.020073478564345302,1.3496864769484411,0.0,0.08062856644953525,0.0,-0.5,-0.18937893851392476,-2.527942312223088e-30,0.0008090189065375019,-0.09526269536110245
1770339718.6693587,1.17166406202793,0.0,0.020073478564345302,1.3496864769484411,0.0,0.08067475605751312,0.0,-0.5,-0.18937893851392476,-1.963115843589207e-30,-0.0006112703548414313,-0.09452586300567956
1770339719.0891712,1.1713988740879284,0.0,0.020073478564345302,1.3496864769484411,0.0,0.08072071368123329,0.0,-0.5,-0.18937893851392476,-1.4506997216788254e-30,-0.0010474816799440879,-0.0942093495495006
1770339719.5080035,1.171134405966996,0.0,0.020073478564345302,1.3496864769484411,0.0,0.08076660000647343,0.0,-0.5,-0.18937893851392476,-1.1522115398490605e-30,-0.0005165466282523584,-0.09448428944800538
1770339719.941797,1.1708690616971242,0.0,0.020073478564345302,1.3496864769484411,0.0,0.08081257310653961,0.0,-0.5,-0.18937893851392476,-8.745350345051004e-31,-0.0002389670720114751,-0.09459774367658072
1770339720.3584337,1.1706032595098006,0.0,0.020073478564345302,1.3496864769484411,0.0,0.08085859156276023,0.0,-0.5,-0.18937893851392476,-6.5536584313885206e-31,-0.0005150928657932022,-0.09445953540344394
1770339720.7826421,1.1703379128098474,0.0,0.020073478564345302,1.3496864769484411,0.0,0.08090456489886082,0.0,-0.5,-0.18937893851392476,-5.145031728823427e-31,-0.000921773441780676,-0.09426925059367079
1770339721.2120988,1.1700732371664033,0.0,0.020073478564345302,1.3496864769484411,0.0,0.08095047177518643,0.0,-0.5,-0.18937893851392476,-3.8937124789492484e-31,0.0006846966570058205,-0.09519246459534395
1770339721.6285417,1.169805911430715,0.0,0.020073478564345302,1.3496864769484411,0.0,0.08099664108957089,0.0,-0.5,-0.18937893851392476,-2.9386737113906885e-31,-0.0002616621644742876,-0.09465327405687325
1770339722.065091,1.1695401465958342,0.0,0.020073478564345302,1.3496864769484411,0.0,0.08104265584970749,0.0,-0.5,-0.18937893851392476,-2.2255237607462554e-31,-0.0009355047967133693,-0.0942891011218296
1770339722.4818351,1.1692754936277852,0.0,0.020073478564345302,1.3496864769484411,0.0,0.08108856047834194,0.0,-0.5,-0.18937893851392476,-1.678865340413644e-31,-0.0005970017766942262,-0.09442481867061718
1770339722.8985505,1.1690102821755395,0.0,0.020073478564345302,1.3496864769484411,0.0,0.08113452042485511,0.0,-0.5,-0.18937893851392476,-1.3108323451015366e-31,-0.0011869022211955715,-0.09415500819081472
1770339723.3108826,1.1687460441559538,0.0,0.020073478564345302,1.3496864769484411,0.0,0.08118038395668303,0.0,-0.5,-0.18937893851392476,-1.011900402686773e-31,-0.0006233407634929666,-0.09443415502098616
1770339723.7338717,1.1684808761233076,0.0,0.020073478564345302,1.3496864769484411,0.0,0.08122633960629737,0.0,-0.5,-0.18937893851392476,-9.502627224574219e-32,0.00018284555093613157,-0.09486151066387337
1770339724.1631973,1.1682143780797705,0.0,0.020073478564345302,1.3496864769484411,0.0,0.08127242697383201,0.0,-0.5,-0.18937893851392476,-5.809073839054538e-32,-0.000895779128535405,-0.09434944216064182
1770339724.586531,1.1679496595799908,0.0,0.020073478564345302,1.3496864769484411,0.0,0.08131833808804786,0.0,-0.5,-0.18937893851392476,-4.5087638106613504e-32,-6.215574491523783e-05,-0.09474175372286678
1770339724.9999144,1.167683565654157,0.0,0.020073478564345302,1.3496864769484411,0.0,0.08136438543165958,0.0,-0.5,-0.18937893851392476,-3.548450437441581e-32,-0.0006550711211366036,-0.0944212252340162
1770339725.4144626,1.1674184499567732,0.0,0.020073478564345302,1.3496864769484411,0.0,0.0814103358992461,0.0,-0.5,-0.18937893851392476,-2.647776498851418e-32,-0.00022804119670568332,-0.09461815165105263
1770339725.8430202,1.1671526297128185,0.0,0.020073478564345302,1.3496864769484411,0.0,0.08145635614718234,0.0,-0.5,-0.18937893851392476,-2.0562122366850846e-32,-0.0002791532866789015,-0.09455500382262025
1770339726.2803721,1.1668868937170491,0.0,0.020073478564345302,1.3496864769484411,0.0,0.08150236804271972,0.0,-0.5,-0.18937893851392476,-1.555721968286566e-32,-0.00011947637760737791,-0.09464569875906585
1770339726.6940017,1.1666208943551764,0.0,0.020073478564345302,1.3496864769484411,0.0,0.08154840603078639,0.0,-0.5,-0.18937893851392476,-1.1790378259123106e-32,-0.00014461821988385375,-0.0946196743312481
1770339727.1062613,1.166354936562179,0.0,0.020073478564345302,1.3496864769484411,0.0,0.08159443990970885,0.0,-0.5,-0.18937893851392476,-9.125293085057271e-33,-0.0001004663604020859,-0.09464365126270952
1770339727.5228484,1.166088905834554,0.0,0.020073478564345302,1.3496864769484411,0.0,0.08164048100377357,0.0,-0.5,-0.18937893851392476,-6.917638037555826e-33,0.00022123850657953284,-0.09483225899695032
1770339727.9429443,1.1658223444479687,0.0,0.020073478564345302,1.3496864769484411,0.0,0.08168657464231288,0.0,-0.5,-0.18937893851392476,-5.367195832011976e-33,-0.0009165156215947537,-0.09434498685898243
1770339728.3556178,1.1655576601946338,0.0,0.020073478564345302,1.3496864769484411,0.0,0.08173248236621654,0.0,-0.5,-0.18937893851392476,-4.0628538464515855e-33,-0.000691615083286882,-0.09436615176914973
1770339728.7719452,1.1652926047825798,0.0,0.020073478564345302,1.3496864769484411,0.0,0.08177842686320579,0.0,-0.5,-0.18937893851392476,-3.143395996201357e-33,0.00013009306910228305,-0.09483668660675243
1770339729.195504,1.1650261936908946,0.0,0.020073478564345302,1.3496864769484411,0.0,0.08182450561548507,0.0,-0.5,-0.18937893851392476,-2.4454528405113182e-33,0.0009075863834634975,-0.09522101178013025
1770339729.608278,1.1647585004174694,0.0,0.020073478564345302,1.3496864769484411,0.0,0.08187071132208144,0.0,-0.5,-0.18937893851392476,-1.8523211393990225e-33,0.00030409111683590774,-0.09490186434204309
1770339730.0247078,1.1644918023669706,0.0,0.020073478564345302,1.3496864769484411,0.0,0.0819168184789542,0.0,-0.5,-0.18937893851392476,-1.4339466909037122e-33,-0.0005538145207053852,-0.09449835256036382
1770339730.4413326,1.1642265195894228,0.0,0.020073478564345302,1.3496864769484411,0.0,0.08196278549577034,0.0,-0.5,-0.18937893851392476,-1.0878239624047119e-33,6.540934376315314e-05,-0.0947840963152908
1770339730.876411,1.1639602152603852,0.0,0.020073478564345302,1.3496864769484411,0.0,0.0820088536801461,0.0,-0.5,-0.18937893851392476,-8.232743346891243e-34,-9.927192090207525e-06,-0.09469203931450262
1770339731.290428,1.1636940351873624,0.0,0.020073478564345302,1.3496864769484411,0.0,0.0820549095585469,0.0,-0.5,-0.18937893851392476,-6.388133759248348e-34,-8.941983447899408e-05,-0.09465270860396176
1770339731.7116132,1.1634279861778007,0.0,0.020073478564345302,1.3496864769484411,0.0,0.08210095244969165,0.0,-0.5,-0.18937893851392476,-4.966384350503662e-34,0.0003644755023826313,-0.09491709654183986
1770339732.1318657,1.163161188510059,0.0,0.020073478564345302,1.3496864769484411,0.0,0.082147069482458,0.0,-0.5,-0.18937893851392476,-3.7527056231601757e-34,-0.00014835987190005908,-0.09466657285844061
1770339732.5545225,1.1628952368003116,0.0,0.020073478564345302,1.3496864769484411,0.0,0.08219310274447238,0.0,-0.5,-0.18937893851392476,-2.8787837655414547e-34,0.0005235001700155447,-0.09501840534616171
1770339732.9691956,1.162628176925181,0.0,0.020073478564345302,1.3496864769484411,0.0,0.08223924575175082,0.0,-0.5,-0.18937893851392476,-2.2068158211425066e-34,0.00024405006561604807,-0.09483943930021035
1770339733.391492,1.1623615778964744,0.0,0.020073478564345302,1.3496864769484411,0.0,0.08228534311319624,0.0,-0.5,-0.18937893851392476,-1.7105458693864942e-34,0.00047103934959058286,-0.09494768786015513
1770339733.8216674,1.1620946045225846,0.0,0.020073478564345302,1.3496864769484411,0.0,0.0823314775534991,0.0,-0.5,-0.18937893851392476,-1.2974811835490423e-34,0.0007089055080621391,-0.0950677086268406
1770339734.2408237,1.1618272389399993,0.0,0.020073478564345302,1.3496864769484411,0.0,0.08237765082682406,0.0,-0.5,-0.18937893851392476,-9.824793887922128e-35,-0.0007605456905401142,-0.09445614153155255
1770339734.655228,1.1615622973233448,0.0,0.020073478564345302,1.3496864769484411,0.0,0.08242358404780661,0.0,-0.5,-0.18937893851392476,-7.614671243406953e-35,-0.00010789877738623209,-0.09470078455958465
1770339735.076843,1.1612962789070593,0.0,0.020073478564345302,1.3496864769484411,0.0,0.08246962392951285,0.0,-0.5,-0.18937893851392476,-5.752642286214988e-35,0.00023444730392291053,-0.09484092751705475
1770339735.4996626,1.1610296957945812,0.0,0.020073478564345302,1.3496864769484411,0.0,0.08251571972454821,0.0,-0.5,-0.18937893851392476,-4.482259821540104e-35,-0.00041108763166346256,-0.09454847893468928
1770339735.9272852,1.1607641775566326,0.0,0.020073478564345302,1.3496864769484411,0.0,0.08256171005512511,0.0,-0.5,-0.18937893851392476,-3.39164917565937e-35,-0.0004911594176125359,-0.09445189672675101
1770339736.3645258,1.1604987913799274,0.0,0.020073478564345302,1.3496864769484411,0.0,0.08260768730188643,0.0,-0.5,-0.18937893851392476,-2.5704711061921384e-35,0.00012958278504454258,-0.09481633486975036
1770339736.7785666,1.1602323812055575,0.0,0.020073478564345302,1.3496864769484411,0.0,0.08265376597369944,0.0,-0.5,-0.18937893851392476,-1.9546870108139198e-35,0.0011228041204181627,-0.09535019345070882
1770339737.192486,1.1599643331885325,0.0,0.020073478564345302,1.3496864769484411,0.0,0.08270000680650508,0.0,-0.5,-0.18937893851392476,-1.5454611179486796e-35,5.968972559413976e-05,-0.09482562555924186
1770339737.6116638,1.1596980382579554,0.0,0.020073478564345302,1.3496864769484411,0.0,0.08274607406283652,0.0,-0.5,-0.18937893851392476,-1.1739603227954803e-35,0.00035317623539675154,-0.094895406025641
1770339738.0423095,1.1594312592583884,0.0,0.020073478564345302,1.3496864769484411,0.0,0.08279218925560748,0.0,-0.5,-0.18937893851392476,-8.894068969893013e-36,0.00092254963766038,-0.09520768141601894
1770339738.460837,1.1591635413461914,0.0,0.020073478564345302,1.3496864769484411,0.0,0.08283839740837848,0.0,-0.5,-0.18937893851392476,-6.902657738206468e-36,0.0007249582714356011,-0.09507170752930265
1770339738.874373,1.15889614922583,0.0,0.020073478564345302,1.3496864769484411,0.0,0.08288457329953944,0.0,-0.5,-0.18937893851392476,-5.176509612706599e-36,0.0009706668822617457,-0.09519937355917586
1770339739.3096907,1.1586283519738902,0.0,0.020073478564345302,1.3496864769484411,0.0,0.0829307892950896,0.0,-0.5,-0.18937893851392476,-4.047257953445114e-36,-0.00021945090397669704,-0.09469875558359787
1770339739.7267337,1.1583625175517787,0.0,0.020073478564345302,1.3496864769484411,0.0,0.08297681094850337,0.0,-0.5,-0.18937893851392476,-3.070978313076135e-36,-0.00036179453254681863,-0.09452280635354599
1770339740.1472065,1.1580969179946172,0.0,0.020073478564345302,1.3496864769484411,0.0,0.08302280933107173,0.0,-0.5,-0.18937893851392476,-2.3980514131188437e-36,-7.777734769318112e-05,-0.09467898230160116
1770339740.5839982,1.1578308498340832,0.0,0.020073478564345302,1.3496864769484411,0.0,0.0830688541319493,0.0,-0.5,-0.18937893851392476,-1.813034780235652e-36,-0.0002743622461854122,-0.0945719466237189
1770339741.0058365,1.1575651059687124,0.0,0.020073478564345302,1.3496864769484411,0.0,0.0831148668106917,0.0,-0.5,-0.18937893851392476,-1.3436865822894291e-36,0.0007727280085531726,-0.09518054228671283
1770339741.4219298,1.1572976350879656,0.0,0.020073478564345302,1.3496864769484411,0.0,0.08316105050171649,0.0,-0.5,-0.18937893851392476,-1.0672668586543007e-36,0.000669982411321718,-0.09503473502234638
1770339741.858466,1.157030333653091,0.0,0.020073478564345302,1.3496864769484411,0.0,0.08320721741284168,0.0,-0.5,-0.18937893851392476,-8.077425021472796e-37,0.0010066971397274024,-0.09522648929966665
1770339742.2836437,1.1567624770331368,0.0,0.020073478564345302,1.3496864769484411,0.0,0.08325343929315841,0.0,-0.5,-0.18937893851392476,-6.133335796462369e-37,-0.0006521403509305468,-0.0945292828305629
1770339742.705245,1.1564973565560566,0.0,0.020073478564345302,1.3496864769484411,0.0,0.08329939024890697,0.0,-0.5,-0.18937893851392476,-4.7113141239852555e-37,0.0002792555791973505,-0.09492223663957385
1770339743.1180222,1.1562306994628893,0.0,0.020073478564345302,1.3496864769484411,0.0,0.08334549336100852,0.0,-0.5,-0.18937893851392476,-3.608174444481057e-37,-0.0003888196642265377,-0.0945618669491915
1770339743.5388858,1.1559651444840418,0.0,0.020073478564345302,1.3496864769484411,0.0,0.08339148733402527,0.0,-0.5,-0.18937893851392476,-2.8107901774541263e-37,0.0002188154907224269,-0.09485964051781849
1770339743.9595325,1.1556985871046768,0.0,0.020073478564345302,1.3496864769484411,0.0,0.08343758057023323,0.0,-0.5,-0.18937893851392476,-2.1308893453839473e-37,0.00019662381116499356,-0.09479000033050063
1770339744.3845534,1.1554320663374649,0.0,0.020073478564345302,1.3496864769484411,0.0,0.08348367019618785,0.0,-0.5,-0.18937893851392476,-1.651005196237471e-37,-0.0004633238729491478,-0.09452380208889923
1770339744.8161933,1.1551666342467055,0.0,0.020073478564345302,1.3496864769484411,0.0,0.08352965199197566,0.0,-0.5,-0.18937893851392476,-1.2568620442257498e-37,0.0006686208367015165,-0.09513697414627821
1770339745.2303932,1.1548993350809797,0.0,0.020073478564345302,1.3496864769484411,0.0,0.08357581868852412,0.0,-0.5,-0.18937893851392476,-9.747761613121914e-38,-0.00110194909408512,-0.09431555170299849
1770339745.6496108,1.1546349568730578,0.0,0.020073478564345302,1.3496864769484411,0.0,0.08362169610346591,0.0,-0.5,-0.18937893851392476,-7.36623721377154e-38,-0.0006403248589986082,-0.09441546925097172
1770339746.0597165,1.1543698168265806,0.0,0.020073478564345302,1.3496864769484411,0.0,0.08366764898504055,0.0,-0.5,-0.18937893851392476,-5.72535233954096e-38,-0.0009846940475526991,-0.09423155915204144
1770339746.4736443,1.1541052450811848,0.0,0.020073478564345302,1.3496864769484411,0.0,0.08371354557241237,0.0,-0.5,-0.18937893851392476,-4.42373497562786e-38,-1.7340625513545386e-05,-0.09477753428640953
1770339746.8999586,1.1538390772551284,0.0,0.020073478564345302,1.3496864769484411,0.0,0.08375960024381911,0.0,-0.5,-0.18937893851392476,-3.262111780785527e-38,-0.0004204628702440165,-0.09451955004631342
1770339747.313504,1.1535735744184241,0.0,0.020073478564345302,1.3496864769484411,0.0,0.08380558904017245,0.0,-0.5,-0.18937893851392476,-2.5489669928033567e-38,-0.0008713727246048576,-0.09429887388009603
1770339747.7213528,1.1533088156855091,0.0,0.020073478564345302,1.3496864769484411,0.0,0.08385150415087973,0.0,-0.5,-0.18937893851392476,-1.9753219871658967e-38,-0.0001401278357658199,-0.09469252982796338
1770339748.133476,1.153042850376962,0.0,0.020073478564345302,1.3496864769484411,0.0,0.08389753876472747,0.0,-0.5,-0.18937893851392476,-1.4848860755341756e-38,-9.314443307783193e-05,-0.09464759538069226
1770339748.5479362,1.1527768075954898,0.0,0.020073478564345302,1.3496864769484411,0.0,0.08394358104969299,0.0,-0.5,-0.18937893851392476,-1.19499893887928e-38,-0.00014188342825372535,-0.09462340144235311
1770339748.9625523,1.1525108451837285,0.0,0.020073478564345302,1.3496864769484411,0.0,0.08398961537386215,0.0,-0.5,-0.18937893851392476,-9.02489410344979e-39,-0.0006553659373682763,-0.09441313453918969
1770339749.3832893,1.1522457299369557,0.0,0.020073478564345302,1.3496864769484411,0.0,0.08403556580389775,0.0,-0.5,-0.18937893851392476,-7.0234874838668e-39,-0.00038815511913792305,-0.09452211277921646
1770339749.8171635,1.1519801738476736,0.0,0.020073478564345302,1.3496864769484411,0.0,0.08408155988956727,0.0,-0.5,-0.18937893851392476,-5.3184412296372784e-39,-0.00042357041605960545,-0.09448122557862475
1770339750.2286053,1.1517146762251838,0.0,0.020073478564345302,1.3496864769484411,0.0,0.08412754819239415,0.0,-0.5,-0.18937893851392476,-3.984041966756315e-39,-7.932438307403856e-05,-0.09468423166872392
1770339750.6656468,1.151448610671757,0.0,0.020073478564345302,1.3496864769484411,0.0,0.08417359272505082,0.0,-0.5,-0.18937893851392476,-3.125628586224867e-39,-0.00029345254572634056,-0.09456415580036444
1770339751.0802917,1.151182898333071,0.0,0.020073478564345302,1.3496864769484411,0.0,0.08421960227633751,0.0,-0.5,-0.18937893851392476,-2.268790751773642e-39,-0.00021836628033231655,-0.09458779474333563
1770339751.5119634,1.1509170621407014,0.0,0.020073478564345302,1.3496864769484411,0.0,0.08426562410677708,0.0,-0.5,-0.18937893851392476,-1.76796057109093e-39,0.00028348196982013894,-0.0948813950668877
1770339751.9264083,1.150650398127435,0.0,0.020073478564345302,1.3496864769484411,0.0,0.08431172791625298,0.0,-0.5,-0.18937893851392476,-1.3885074451098454e-39,-6.333385122843686e-05,-0.09469248391345302
1770339752.3371832,1.150384306148885,0.0,0.020073478564345302,1.3496864769484411,0.0,0.08435777507211006,0.0,-0.5,-0.18937893851392476,-1.0387923185703634e-39,-0.0014154795606305067,-0.09411694404758733
1770339752.7565777,1.1501204454195482,0.0,0.020073478564345302,1.3496864769484411,0.0,0.08440360121930875,0.0,-0.5,-0.18937893851392476,-7.866855040232515e-40,-0.0007900614487019199,-0.09435698034380428
1770339753.173349,1.1498555524849874,0.0,0.020073478564345302,1.3496864769484411,0.0,0.0844495296230439,0.0,-0.5,-0.18937893851392476,-6.11648190684282e-40,0.0002917900219093394,-0.09494354941497818
1770339753.5865874,1.1495888747602683,0.0,0.020073478564345302,1.3496864769484411,0.0,0.08449563478435315,0.0,-0.5,-0.18937893851392476,-4.748980445011443e-40,0.00035516292513377553,-0.0948733880098517
1770339754.0066998,1.1493220924937706,0.0,0.020073478564345302,1.3496864769484411,0.0,0.0845417502989892,0.0,-0.5,-0.18937893851392476,-3.584768107090621e-40,0.00037640688843081424,-0.09487979709750749
1770339754.421171,1.149055275192259,0.0,0.020073478564345302,1.3496864769484411,0.0,0.0845878692844037,0.0,-0.5,-0.18937893851392476,-2.7842452232466187e-40,0.00010423025392797204,-0.09476880204737666
1770339754.8480241,1.1487889068442565,0.0,0.020073478564345302,1.3496864769484411,0.0,0.084633943814886,0.0,-0.5,-0.18937893851392476,-2.103519492294157e-40,0.00021627249072508155,-0.09480880972600464
1770339755.2636404,1.148522353616951,0.0,0.020073478564345302,1.3496864769484411,0.0,0.0846800366487626,0.0,-0.5,-0.18937893851392476,-1.6352893934041514e-40,0.0004535130386828518,-0.09493994983109959
1770339755.684212,1.1482554091626387,0.0,0.020073478564345302,1.3496864769484411,0.0,0.08472616822446621,0.0,-0.5,-0.18937893851392476,-1.2359870333899678e-40,5.010456560660553e-05,-0.09475486238707331
1770339756.101745,1.1479891300356369,0.0,0.020073478564345302,1.3496864769484411,0.0,0.0847722339143876,0.0,-0.5,-0.18937893851392476,-9.603841579463194e-41,-0.000418532354915819,-0.09452706677155671
1770339756.5225754,1.147723624060748,0.0,0.020073478564345302,1.3496864769484411,0.0,0.0848182230272416,0.0,-0.5,-0.18937893851392476,-7.184463524905692e-41,0.000978414788173993,-0.09531837136535835
1770339756.9396417,1.147455813998578,0.0,0.020073478564345302,1.3496864769484411,0.0,0.08486444029415882,0.0,-0.5,-0.18937893851392476,-5.637593988617602e-41,3.294261698713797e-05,-0.09480048778257463
1770339757.3548186,1.1471895631957034,0.0,0.020073478564345302,1.3496864769484411,0.0,0.08491050317312515,0.0,-0.5,-0.18937893851392476,-4.268272669062159e-41,-0.0009184267360371351,-0.09432539282424623
1770339757.7757168,1.1469248820483664,0.0,0.020073478564345302,1.3496864769484411,0.0,0.08495641059125698,0.0,-0.5,-0.18937893851392476,-3.3148724216358653e-41,5.495021036661804e-05,-0.09481428205678606
1770339758.195192,1.1466585949873904,0.0,0.020073478564345302,1.3496864769484411,0.0,0.0850024770643834,0.0,-0.5,-0.18937893851392476,-2.5058901625075357e-41,0.0004816385857378481,-0.09497295738736843
1770339758.6074252,1.1463916041362265,0.0,0.020073478564345302,1.3496864769484411,0.0,0.08504861322666443,0.0,-0.5,-0.18937893851392476,0.00034206947695077127,-0.00031601838179556196,-0.09495329523976871
1770339759.0403821,1.1461264954715946,0.0,0.020073478564345302,1.3496864769484411,0.0,0.08509462138320244,0.0,-0.5,-0.18937893851392476,-5.1295727073133134e-06,0.0004166309261555596,-0.0949761792235426
1770339759.460069,1.1458596033525446,0.0,0.020073478564345302,1.3496864769484411,0.0,0.08514074689711369,0.0,-0.5,-0.18937893851392476,-0.0008403966235560709,-0.0007264323448296918,-0.09528095603520213
1770339759.876491,1.1455932138901928,0.0,0.020073478564345302,1.3496864769484411,0.0,0.08518668005908764,0.0,-0.5,-0.18937893851392476,1.0722474150819816e-06,-0.00021827436195566847,-0.09463222012168702
1770339760.2923708,1.1453273793071488,0.0,0.020073478564345302,1.3496864769484411,0.0,0.08523270189489163,0.0,-0.5,-0.18937893851392476,0.0006816216848283766,0.0001379415623870873,-0.09547568331541859
1770339760.7106032,1.1450620839768628,0.0,0.020073478564345302,1.3496864769484411,0.0,0.08527878646756447,0.0,-0.5,-0.18937893851392476,-6.5827969802788885e-06,0.0008439892049482891,-0.09518865142067293
1770339761.1171598,1.144794484720228,0.0,0.020073478564345302,1.3496864769484411,0.0,0.08532498175109661,0.0,-0.5,-0.18937893851392476,-4.099800760472012e-05,-0.00014641705304096808,-0.09475629936384554
1770339761.5290527,1.144528461894391,0.0,0.020073478564345302,1.3496864769484411,0.0,0.08537101506139076,0.0,-0.5,-0.18937893851392476,0.0014777118771090738,-0.00013299420583086092,-0.09610202631587704
1770339761.9564204,1.144264932476876,0.0,0.020073478564345302,1.3496864769484411,0.0,0.08541706057573593,0.0,-0.5,-0.18937893851392476,-5.173954734536418e-06,-0.0012109488792146855,-0.09419696423942796
1770339762.3763387,1.1440007255977371,0.0,0.020073478564345302,1.3496864769484411,0.0,0.08546292013789451,0.0,-0.5,-0.18937893851392476,1.065543007799816e-06,-0.0007667862263518828,-0.09435155795208053
1770339762.7875483,1.1437357960027434,0.0,0.020073478564345302,1.3496864769484411,0.0,0.08550885235036647,0.0,-0.5,-0.18937893851392476,8.634150820170128e-07,-0.000977717467628533,-0.09422256706235779
1770339763.2073781,1.1434712141829708,0.0,0.020073478564345302,1.3496864769484411,0.0,0.08555475007499491,0.0,-0.5,-0.18937893851392476,6.553368722279046e-07,1.6846364553642097e-05,-0.09479800415932965
1770339763.6281147,1.1432049910444,0.0,0.020073478564345302,1.3496864769484411,0.0,0.08560081033076083,0.0,-0.5,-0.18937893851392476,5.015497655439349e-07,-0.0008313743612723763,-0.09435910569867434
1770339764.0522532,1.1429401670372465,0.0,0.020073478564345302,1.3496864769484411,0.0,0.08564673198605811,0.0,-0.5,-0.18937893851392476,3.861333755216726e-07,-0.00038151196703927387,-0.09454408564624157
1770339764.4776473,1.1426746005839088,0.0,0.020073478564345302,1.3496864769484411,0.0,0.0856927271660689,0.0,-0.5,-0.18937893851392476,2.917784281456712e-07,-0.000320237276581358,-0.09453576986614563
1770339764.902859,1.1424089329361895,0.0,0.020073478564345302,1.3496864769484411,0.0,0.08573873234535491,0.0,-0.5,-0.18937893851392476,2.2695340410033358e-07,-0.0009346096881838006,-0.09428382860743482
1770339765.3255835,1.142144278922079,0.0,0.020073478564345302,1.3496864769484411,0.0,0.08578463712419307,0.0,-0.5,-0.18937893851392476,1.718027079413546e-07,-0.001693821216338299,-0.09391865160431662
1770339765.7506413,1.141880877993105,0.0,0.020073478564345302,1.3496864769484411,0.0,0.08583041774357593,0.0,-0.5,-0.18937893851392476,1.3353697380362515e-07,-0.0010801802843600347,-0.094210876744954
1770339766.1759815,1.141616464122532,0.0,0.020073478564345302,1.3496864769484411,0.0,0.08587629871512686,0.0,-0.5,-0.18937893851392476,1.007878305394393e-07,-0.00040714569608044234,-0.09455330065558065
1770339766.5964646,1.1413509394794683,0.0,0.020073478564345302,1.3496864769484411,0.0,0.08592228969479834,0.0,-0.5,-0.18937893851392476,7.659692777465521e-08,-3.317075841296948e-05,-0.09471035796845041
1770339767.0092518,1.1410847978693228,0.0,0.020073478564345302,1.3496864769484411,0.0,0.08596834177519118,0.0,-0.5,-0.18937893851392476,5.955264900224196e-08,-0.0004983185281636135,-0.09448688432250464
1770339767.4292772,1.1408194235855322,0.0,0.020073478564345302,1.3496864769484411,0.0,0.08601431785250938,0.0,-0.5,-0.18937893851392476,4.629871773032003e-08,-0.00029839206661551754,-0.09456031216852716
1770339767.8425832,1.140553719470499,0.0,0.020073478564345302,1.3496864769484411,0.0,0.08606032661522663,0.0,-0.5,-0.18937893851392476,3.4606771301781444e-08,-6.128763010666168e-05,-0.09468257049233124
1770339768.2648108,1.1402876242089253,0.0,0.020073478564345302,1.3496864769484411,0.0,0.08610637410904205,0.0,-0.5,-0.18937893851392476,2.7136697472015363e-08,-0.0005544766576696428,-0.09446157696758133
1770339768.6764536,1.1400223425900917,0.0,0.020073478564345302,1.3496864769484411,0.0,0.086152341007841,0.0,-0.5,-0.18937893851392476,2.0684320360539142e-08,0.00015894834629250727,-0.0948403066148252
1770339769.1022127,1.1397558840233069,0.0,0.020073478564345302,1.3496864769484411,0.0,0.08619842445935047,0.0,-0.5,-0.18937893851392476,1.6108282590676647e-08,-0.00044333229254573336,-0.09452804728285594
1770339769.516837,1.1394904189735633,0.0,0.020073478564345302,1.3496864769484411,0.0,0.08624440951670444,0.0,-0.5,-0.18937893851392476,1.2204002906646987e-08,-0.00022753088529987517,-0.09459729615903995
1770339769.9267287,1.1392245978766662,0.0,0.020073478564345302,1.3496864769484411,0.0,0.08629042984510696,0.0,-0.5,-0.18937893851392476,9.47847553848004e-09,-0.0004240341930182374,-0.09449711196970063
1770339770.3414092,1.1389591009461861,0.0,0.020073478564345302,1.3496864769484411,0.0,0.08633641806746757,0.0,-0.5,-0.18937893851392476,7.354478274743977e-09,-0.0006917480129965863,-0.09437037398694019
1770339770.771611,1.1386940458238106,0.0,0.020073478564345302,1.3496864769484411,0.0,0.08638236254299915,0.0,-0.5,-0.18937893851392476,5.714594554363722e-09,3.2207697686343186e-05,-0.09477797439146839
1770339771.1892989,1.1384277962440235,0.0,0.020073478564345302,1.3496864769484411,0.0,0.08642842529858387,0.0,-0.5,-0.18937893851392476,4.324442084106277e-09,0.00027592599723802566,-0.09485180840997864
1770339771.6007416,1.1381611446708424,0.0,0.020073478564345302,1.3496864769484411,0.0,0.08647452787424362,0.0,-0.5,-0.18937893851392476,3.3601376944607114e-09,-0.0006921822693785872,-0.09444019230907244
1770339772.0125108,1.1378960902082904,0.0,0.020073478564345302,1.3496864769484411,0.0,0.08652047226930892,0.0,-0.5,-0.18937893851392476,2.484052849427526e-09,7.502981742889346e-06,-0.09476319175699884
1770339772.4342084,1.137629881344436,0.0,0.020073478564345302,1.3496864769484411,0.0,0.08656653098548686,0.0,-0.5,-0.18937893851392476,1.9737256302925028e-09,0.00036413762975695486,-0.0949072035103679
1770339772.8703272,1.137363084288238,0.0,0.020073478564345302,1.3496864769484411,0.0,0.08661264796460902,0.0,-0.5,-0.18937893851392476,1.459186768881179e-09,-0.000947279428019274,-0.09434697270791713
1770339773.3017764,1.1370984507769333,0.0,0.020073478564345302,1.3496864769484411,0.0,0.08665855067814623,0.0,-0.5,-0.18937893851392476,1.132750169170733e-09,-0.0007239931035446021,-0.09434980247038773
1770339773.7094953,1.1368334487622962,0.0,0.020073478564345302,1.3496864769484411,0.0,0.08670448987509047,0.0,-0.5,-0.18937893851392476,8.534095490607291e-10,0.00045782860871431964,-0.09503656658595498
1770339774.133624,1.136566497162579,0.0,0.020073478564345302,1.3496864769484411,0.0,0.08675062215353285,0.0,-0.5,-0.18937893851392476,6.65281179397369e-10,0.00031565867554880214,-0.09486151625333451
1770339774.5650775,1.1362997801059471,0.0,0.020073478564345302,1.3496864769484411,0.0,0.086796731214774,0.0,-0.5,-0.18937893851392476,5.038392937826183e-10,0.00010438788558664533,-0.09476279078259121
1770339774.9827025,1.1360334115004527,0.0,0.020073478564345302,1.3496864769484411,0.0,0.08684280576134955,0.0,-0.5,-0.18937893851392476,3.8169574097695384e-10,0.0002513001301908067,-0.09482981092821395
1770339775.3970046,1.1357668004822719,0.0,0.020073478564345302,1.3496864769484411,0.0,0.08688890431369578,0.0,-0.5,-0.18937893851392476,2.966041126558214e-10,6.837611668582651e-05,-0.09474195001325991
1770339775.8058512,1.1355004912286983,0.0,0.020073478564345302,1.3496864769484411,0.0,0.08693497298086916,0.0,-0.5,-0.18937893851392476,2.2375198122979577e-10,0.0006290868573902978,-0.09506008398347995
1770339776.2287178,1.135233257192372,0.0,0.020073478564345302,1.3496864769484411,0.0,0.08698113321865832,0.0,-0.5,-0.18937893851392476,1.7861781050612443e-10,-2.6558155503729236e-05,-0.09474175485911773
1770339776.6462176,1.134967104526161,0.0,0.020073478564345302,1.3496864769484411,0.0,0.0870271863826636,0.0,-0.5,-0.18937893851392476,1.3178537554869668e-10,0.0004930173264841892,-0.09498793560018864
1770339777.0590985,1.1347000949424493,0.0,0.020073478564345302,1.3496864769484411,0.0,0.08707332440103327,0.0,-0.5,-0.18937893851392476,1.0519398206110378e-10,0.0008526446666805181,-0.09515175442951626
1770339777.4753933,1.1344324923223243,0.0,0.020073478564345302,1.3496864769484411,0.0,0.08711952111686502,0.0,-0.5,-0.18937893851392476,7.963593714858956e-11,-0.0010247279610563578,-0.09436484261884383
1770339777.8887174,1.1341679867041097,0.0,0.020073478564345302,1.3496864769484411,0.0,0.08716541116501127,0.0,-0.5,-0.18937893851392476,5.931622762558122e-11,-0.00023603055637414034,-0.09465032377855977
1770339778.3012037,1.1339021795922504,0.0,0.020073478564345302,1.3496864769484411,0.0,0.08721143010402951,0.0,-0.5,-0.18937893851392476,4.808689322718429e-11,-0.0004412617605926511,-0.0944893615451748
1770339778.7334945,1.1336367111468302,0.0,0.020073478564345302,1.3496864769484411,0.0,0.08725741552079949,0.0,-0.5,-0.18937893851392476,3.516742899602733e-11,-0.0003907777202815575,-0.09449912883602013
1770339779.1462471,1.1333711593866336,0.0,0.020073478564345302,1.3496864769484411,0.0,0.08730340917195115,0.0,-0.5,-0.18937893851392476,2.730960690998773e-11,0.0003863923048590678,-0.09496038243921559
1770339779.5763788,1.1331043256056297,0.0,0.020073478564345302,1.3496864769484411,0.0,0.08734952978814874,0.0,-0.5,-0.18937893851392476,2.065681067366039e-11,0.0008667346980171571,-0.09517087086594357
1770339779.9982064,1.1328366996502865,0.0,0.020073478564345302,1.3496864769484411,0.0,0.08739572881604467,0.0,-0.5,-0.18937893851392476,1.564232648880108e-11,-0.00027374331063958324,-0.09466664541815058
1770339780.415949,1.1325709547710407,0.0,0.020073478564345302,1.3496864769484411,0.0,0.08744174159671102,0.0,-0.5,-0.18937893851392476,1.214299944977354e-11,-0.0001694205156080699,-0.09461519129080449
1770339780.8491251,1.1323050377583492,0.0,0.020073478564345302,1.3496864769484411,0.0,0.08748777142549787,0.0,-0.5,-0.18937893851392476,9.728350163301598e-12,-0.00026166318817307535,-0.09456786193986069
1770339781.2754278,1.1320392729395616,0.0,0.020073478564345302,1.3496864769484411,0.0,0.08753378618563447,0.0,-0.5,-0.18937893851392476,7.212134921804169e-12,0.00021337082479147812,-0.09484365807786671
1770339781.7024698,1.131772724572419,0.0,0.020073478564345302,1.3496864769484411,0.0,0.08757987854207787,0.0,-0.5,-0.18937893851392476,5.396620908675681e-12,0.0003882022405173811,-0.09490105352419029
1770339782.1162698,1.131505887814163,0.0,0.020073478564345302,1.3496864769484411,0.0,0.08762599944258961,0.0,-0.5,-0.18937893851392476,4.175305896878111e-12,0.0008046155938553669,-0.09513341839339916
1770339782.5297658,1.1312383643406618,0.0,0.020073478564345302,1.3496864769484411,0.0,0.0876721883424643,0.0,-0.5,-0.18937893851392476,3.737243087696098e-12,0.0002999849748734431,-0.09488992481003454
1770339782.9424772,1.1309716730493296,0.0,0.020073478564345302,1.3496864769484411,0.0,0.08771829484487806,0.0,-0.5,-0.18937893851392476,2.4596717446671855e-12,-0.00013584441864582518,-0.09466512998945106
1770339783.3524787,1.130705700675844,0.0,0.020073478564345302,1.3496864769484411,0.0,0.08776433015610013,0.0,-0.5,-0.18937893851392476,1.9098404234927438e-12,-0.00034817134976013983,-0.09453661627710358
1770339783.7648242,1.1304400786525,0.0,0.020073478564345302,1.3496864769484411,0.0,0.08781033078099523,0.0,-0.5,-0.18937893851392476,1.4366451197130337e-12,0.0007779656761483795,-0.09519106579906407
1770339784.177668,1.130172599161862,0.0,0.020073478564345302,1.3496864769484411,0.0,0.08785651532496248,0.0,-0.5,-0.18937893851392476,1.1216949341433989e-12,0.00045828923581486434,-0.09495058152002486
1770339784.5905406,1.1299056467896686,0.0,0.020073478564345302,1.3496864769484411,0.0,0.08790264768387114,0.0,-0.5,-0.18937893851392476,8.705471223736762e-13,-0.0003460844665375552,-0.0945968643947994
1770339785.016585,1.1296400212579951,0.0,0.020073478564345302,1.3496864769484411,0.0,0.08794864864672457,0.0,-0.5,-0.18937893851392476,6.603996920844528e-13,-0.0001544037349294631,-0.09463143546331886
1770339785.4272218,1.1293740794777856,0.0,0.020073478564345302,1.3496864769484411,0.0,0.08799468092168604,0.0,-0.5,-0.18937893851392476,6.067178575174237e-13,0.00019624492366693852,-0.0948226565852622
1770339785.839288,1.1291075593221174,0.0,0.020073478564345302,1.3496864769484411,0.0,0.08804077047253882,0.0,-0.5,-0.18937893851392476,3.865498006491782e-13,-0.0004859679253222971,-0.0945147065795867
1770339786.287078,1.1288421646481739,0.0,0.020073478564345302,1.3496864769484411,0.0,0.08808674857760702,0.0,-0.5,-0.18937893851392476,2.928954469332115e-13,7.52453980296258e-05,-0.09478321328860528
1770339786.712909,1.128575844081043,0.0,0.020073478564345302,1.3496864769484411,0.0,0.08813281836594378,0.0,-0.5,-0.18937893851392476,2.2727310850742754e-13,0.000566051175899442,-0.09502157542292636
1770339787.1483603,1.128308714071511,0.0,0.020073478564345302,1.3496864769484411,0.0,0.08817896831477914,0.0,-0.5,-0.18937893851392476,1.7200922339170954e-13,0.0007384411774132669,-0.0950759288459924
1770339787.566776,1.1280412997102724,0.0,0.020073478564345302,1.3496864769484411,0.0,0.0882251464053515,0.0,-0.5,-0.18937893851392476,1.3015810612815412e-13,0.0002586433869511459,-0.09486677072961432
1770339787.998343,1.127774676622151,0.0,0.020073478564345302,1.3496864769484411,0.0,0.08827124614859853,0.0,-0.5,-0.18937893851392476,9.890096479656177e-14,0.0004831538980837205,-0.09495349725721641
1770339788.409478,1.1275076832604396,0.0,0.020073478564345302,1.3496864769484411,0.0,0.08831738256300722,0.0,-0.5,-0.18937893851392476,7.62385330248686e-14,-9.587967354334479e-05,-0.09469943277742965
1770339788.832212,1.1272416450011717,0.0,0.020073478564345302,1.3496864769484411,0.0,0.08836342440809046,0.0,-0.5,-0.18937893851392476,5.935064237182919e-14,-6.989228039374327e-06,-0.09469486368755245
1770339789.2502575,1.1269754600840793,0.0,0.020073478564345302,1.3496864769484411,0.0,0.08840948076392446,0.0,-0.5,-0.18937893851392476,4.486278701629386e-14,-0.0003507177254496101,-0.09454848324402346
1770339789.6742787,1.1267098422127948,0.0,0.020073478564345302,1.3496864769484411,0.0,0.08845548097575938,0.0,-0.5,-0.18937893851392476,3.3983863564574556e-14,-0.00012453672134455772,-0.0946498189967346
1770339790.0892353,1.126443851203321,0.0,0.020073478564345302,1.3496864769484411,0.0,0.08850151813234125,0.0,-0.5,-0.18937893851392476,2.6348562201696334e-14,0.0006820790108583718,-0.0951111703356382
1770339790.5007339,1.1261765298289046,0.0,0.020073478564345302,1.3496864769484411,0.0,0.08854768701757226,0.0,-0.5,-0.18937893851392476,2.049369286220159e-14,-0.00010446356154578411,-0.09471589173345041
1770339790.9132607,1.125910505763887,0.0,0.020073478564345302,1.3496864769484411,0.0,0.08859372746254239,0.0,-0.5,-0.18937893851392476,1.5940166537929935e-14,-0.00034686282012256066,-0.09454027777277473
1770339791.3367002,1.1256448815679536,0.0,0.020073478564345302,1.3496864769484411,0.0,0.08863972829128537,0.0,-0.5,-0.18937893851392476,1.1891037082371724e-14,0.0001398531623935494,-0.09480806743642266
1770339791.7497566,1.1253784544634804,0.0,0.020073478564345302,1.3496864769484411,0.0,0.0886858086314324,0.0,-0.5,-0.18937893851392476,9.394781134863162e-15,-0.00022875031331060343,-0.09461195444788689
1770339792.1620715,1.1251126353460534,0.0,0.020073478564345302,1.3496864769484411,0.0,0.08873182876135145,0.0,-0.5,-0.18937893851392476,7.0773613779154674e-15,0.00019698557462588566,-0.09483053563307604
1770339792.575391,1.1248461139512047,0.0,0.020073478564345302,1.3496864769484411,0.0,0.08877791844095026,0.0,-0.5,-0.18937893851392476,5.523243596010457e-15,-0.0004321032077801853,-0.09453632653131841
1770339792.9956012,1.1245806303620323,0.0,0.020073478564345302,1.3496864769484411,0.0,0.08882390534902845,0.0,-0.5,-0.18937893851392476,4.1900794902422905e-15,-0.00040102690626234156,-0.09449206343398718
1770339793.4188368,1.124315095531939,0.0,0.020073478564345302,1.3496864769484411,0.0,0.0888698973318461,0.0,-0.5,-0.18937893851392476,3.25646129646743e-15,0.00015989463485589772,-0.09482550872850543
1770339793.8386457,1.1240486353558288,0.0,0.020073478564345302,1.3496864769484411,0.0,0.08891598094965253,0.0,-0.5,-0.18937893851392476,2.4621917745992444e-15,-0.0006959528988717742,-0.09442707756090171
1770339794.259355,1.1237835871052728,0.0,0.020073478564345302,1.3496864769484411,0.0,0.0889619247385386,0.0,-0.5,-0.18937893851392476,1.89009799422815e-15,-0.0003021590277580595,-0.09457776913019661
1770339794.6805437,1.123517889089583,0.0,0.020073478564345302,1.3496864769484411,0.0,0.08900793287361894,0.0,-0.5,-0.18937893851392476,1.4312314405976932e-15,-0.0007132672431489537,-0.09437394645692841
1770339795.095523,1.1232528694206463,0.0,0.020073478564345302,1.3496864769484411,0.0,0.08905387381936346,0.0,-0.5,-0.18937893851392476,1.1277598044841414e-15,-0.001657785087205783,-0.0939550284977663
1770339795.5094664,1.1229894087213264,0.0,0.020073478564345302,1.3496864769484411,0.0,0.08909966034497056,0.0,-0.5,-0.18937893851392476,8.766260044614521e-16,-0.0007866927771824303,-0.09438323209937437
1770339795.9400046,1.1227245102506862,0.0,0.020073478564345302,1.3496864769484411,0.0,0.08914558929587636,0.0,-0.5,-0.18937893851392476,6.635945581234705e-16,-0.0006065917601064013,-0.09440418347861744
1770339796.3561053,1.1224593145698296,0.0,0.020073478564345302,1.3496864769484411,0.0,0.0891915476813439,0.0,-0.5,-0.18937893851392476,5.11667116438321e-16,-0.0005836615323020749,-0.09439993151359229
1770339796.7686994,1.122194081021546,0.0,0.020073478564345302,1.3496864769484411,0.0,0.08923750982190405,0.0,-0.5,-0.18937893851392476,3.8988631762224897e-16,-0.00016111204489051376,-0.09465116818325867
1770339797.1828916,1.1219281503778684,0.0,0.020073478564345302,1.3496864769484411,0.0,0.08928354099715982,0.0,-0.5,-0.18937893851392476,3.0273859324955307e-16,-0.0006799790979991307,-0.09440136641327398
1770339797.6051083,1.1216630757987487,0.0,0.020073478564345302,1.3496864769484411,0.0,0.0893294873770598,0.0,-0.5,-0.18937893851392476,2.2928145159334957e-16,6.436972111495564e-05,-0.0947960889994315
1770339798.0220325,1.1213967731916892,0.0,0.020073478564345302,1.3496864769484411,0.0,0.08937555538440976,0.0,-0.5,-0.18937893851392476,1.7827351033386136e-16,-0.00031812282694218563,-0.09456865709829718
1770339798.4544747,1.1211311015206562,0.0,0.020073478564345302,1.3496864769484411,0.0,0.08942156091774736,0.0,-0.5,-0.18937893851392476,1.354427156303254e-16,-0.0009543678677989163,-0.09427590982714873
1770339798.8709235,1.1208664797252403,0.0,0.020073478564345302,1.3496864769484411,0.0,0.08946746245647703,0.0,-0.5,-0.18937893851392476,1.0259644500775251e-16,0.00024588582621906224,-0.09493243753947381
1770339799.2818766,1.1205998776549089,0.0,0.020073478564345302,1.3496864769484411,0.0,0.08951356011832987,0.0,-0.5,-0.18937893851392476,7.959638476665536e-17,-0.0001256344941617102,-0.0946638040419197
1770339799.6994588,1.120333888415693,0.0,0.020073478564345302,1.3496864769484411,0.0,0.08955959710861479,0.0,-0.5,-0.18937893851392476,6.031800258536191e-17,-0.0008060954695736956,-0.09435446761971679
1770339800.1153212,1.1200690219223488,0.0,0.020073478564345302,1.3496864769484411,0.0,0.08960552288378512,0.0,-0.5,-0.18937893851392476,4.5427811514489604e-17,-0.0005025104565106564,-0.09446857253001341
1770339800.5393233,1.1198036544781913,0.0,0.020073478564345302,1.3496864769484411,0.0,0.08965149829055107,0.0,-0.5,-0.18937893851392476,3.537364795135325e-17,0.00026086711523671434,-0.09489624057175551
1770339800.95126,1.119537027785181,0.0,0.020073478564345302,1.3496864769484411,0.0,0.08969759839857852,0.0,-0.5,-0.18937893851392476,2.7485383558752747e-17,-0.0003882837435291634,-0.0945602424710744
1770339801.3691008,1.1192714718568315,0.0,0.020073478564345302,1.3496864769484411,0.0,0.08974359246279037,0.0,-0.5,-0.18937893851392476,2.078868321441221e-17,-0.0005789906503433443,-0.09441904462247215
1770339801.7899463,1.1190062306320658,0.0,0.020073478564345302,1.3496864769484411,0.0,0.08978955536509789,0.0,-0.5,-0.18937893851392476,1.6605921832986283e-17,-0.00014883156785576053,-0.09465806938128328
1770339802.2409852,1.118740279710888,0.0,0.020073478564345302,1.3496864769484411,0.0,0.08983558855201043,0.0,-0.5,-0.18937893851392476,1.1896249530026468e-17,-0.0005668147685250267,-0.09444786019276681
1770339802.6599853,1.1184750184017411,0.0,0.020073478564345302,1.3496864769484411,0.0,0.08988155342842377,0.0,-0.5,-0.18937893851392476,1.138672721643318e-17,-0.000411954771717474,-0.0944989778707844
1770339803.0758262,1.118209501579999,0.0,0.020073478564345302,1.3496864769484411,0.0,0.08992754363025464,0.0,-0.5,-0.18937893851392476,6.98683220085784e-18,0.00033049873640910674,-0.09492896397597961
1770339803.487189,1.1179427599972478,0.0,0.020073478564345302,1.3496864769484411,0.0,0.0899736551054839,0.0,-0.5,-0.18937893851392476,5.428338646074521e-18,-0.0007788391045267493,-0.0944109834887926
1770339803.9156868,1.1176778485393515,0.0,0.020073478564345302,1.3496864769484411,0.0,0.09001958533848561,0.0,-0.5,-0.18937893851392476,4.2438107349714096e-18,-0.000943284482072303,-0.09423427155368078
1770339804.3345957,1.1174132084780921,0.0,0.020073478564345302,1.3496864769484411,0.0,0.09006548870111741,0.0,-0.5,-0.18937893851392476,3.292377968834138e-18,0.0001231775912206457,-0.094857704259902
1770339804.7499897,1.1171468088287104,0.0,0.020073478564345302,1.3496864769484411,0.0,0.09011156634296216,0.0,-0.5,-0.18937893851392476,2.5544676847163934e-18,-0.000507240861397413,-0.09449889067152548
1770339805.160736,1.1168814491736878,0.0,0.020073478564345302,1.3496864769484411,0.0,0.09015754095579423,0.0,-0.5,-0.18937893851392476,1.872540394896494e-18,-0.00027772134262094966,-0.09457356053752955
1770339805.5700254,1.1166157108283032,0.0,0.020073478564345302,1.3496864769484411,0.0,0.09020355308200158,0.0,-0.5,-0.18937893851392476,1.5080292733906897e-18,0.000564265042889568,-0.09505580041695821
1770339805.9950225,1.116348583715557,0.0,0.020073478564345302,1.3496864769484411,0.0,0.09024970274115837,0.0,-0.5,-0.18937893851392476,1.123426331557467e-18,-0.0006886187052456528,-0.09447044827915309
1770339806.4250584,1.1160835233628739,0.0,0.020073478564345302,1.3496864769484411,0.0,0.09029564773167408,0.0,-0.5,-0.18937893851392476,8.553600234549254e-19,-8.056529503415482e-05,-0.09470999195046645
1770339806.8432286,1.115817459821104,0.0,0.020073478564345302,1.3496864769484411,0.0,0.09034169207121169,0.0,-0.5,-0.18937893851392476,6.726612606198988e-19,0.0002156991896150587,-0.09482694530023483
1770339807.2598171,1.1155509076076735,0.0,0.020073478564345302,1.3496864769484411,0.0,0.09038778480316435,0.0,-0.5,-0.18937893851392476,5.049721963754036e-19,-9.11145858537554e-05,-0.09467459334158239
1770339807.6754353,1.1152848614788045,0.0,0.020073478564345302,1.3496864769484411,0.0,0.09043382741535937,0.0,-0.5,-0.18937893851392476,3.9584466192239337e-19,-0.0003445967845700353,-0.094542519084549
1770339808.0951052,1.115019233533143,0.0,0.020073478564345302,1.3496864769484411,0.0,0.09047982861424719,0.0,-0.5,-0.18937893851392476,2.9538665706727713e-19,-0.0002761173812663605,-0.09455825850665957
1770339808.507342,1.1147534925967446,0.0,0.020073478564345302,1.3496864769484411,0.0,0.09052584099794661,0.0,-0.5,-0.18937893851392476,2.2762176633826915e-19,0.00035420154381248095,-0.0949296019213765
1770339808.923528,1.114486711971759,0.0,0.020073478564345302,1.3496864769484411,0.0,0.09057195634628569,0.0,-0.5,-0.18937893851392476,1.729138528137057e-19,-0.00016818739176619767,-0.09465761445463715
1770339809.3360355,1.114220792963504,0.0,0.020073478564345302,1.3496864769484411,0.0,0.090617986373556,0.0,-0.5,-0.18937893851392476,1.3405113121104978e-19,0.0011309392909207743,-0.09538485157069147
1770339809.7455578,1.1139527315407982,0.0,0.020073478564345302,1.3496864769484411,0.0,0.09066422853137289,0.0,-0.5,-0.18937893851392476,1.0413384065500292e-19,-0.0009716862897794457,-0.09441388867014268
1770339810.1644752,1.1136881383270016,0.0,0.020073478564345302,1.3496864769484411,0.0,0.09071012723768984,0.0,-0.5,-0.18937893851392476,7.87617527053037e-20,-9.555166534050657e-05,-0.09472930688673602
1770339810.582665,1.1134220994722834,0.0,0.020073478564345302,1.3496864769484411,0.0,0.09075616913105283,0.0,-0.5,-0.18937893851392476,6.114485313454243e-20,2.8264632811672162e-06,-0.09470072030146513
1770339811.0057838,1.1131558983814707,0.0,0.020073478564345302,1.3496864769484411,0.0,0.09080222709621225,0.0,-0.5,-0.18937893851392476,4.644695296587282e-20,-0.00045688624229369074,-0.09450699740637301
1770339811.4185164,1.112890455685257,0.0,0.020073478564345302,1.3496864769484411,0.0,0.0908482099487904,0.0,-0.5,-0.18937893851392476,3.6022327357500345e-20,-0.00020540305038623468,-0.09461191605096
1770339811.8479662,1.112624598104953,0.0,0.020073478564345302,1.3496864769484411,0.0,0.09089423389281068,0.0,-0.5,-0.18937893851392476,2.788605935955178e-20,0.0006331808604904431,-0.09508991807829527
1770339812.2799466,1.1123573573899261,0.0,0.020073478564345302,1.3496864769484411,0.0,0.09094039479578767,0.0,-0.5,-0.18937893851392476,2.0589204341793517e-20,0.0014156439582135,-0.09547553754584144
1770339812.6967428,1.1120888265752784,0.0,0.020073478564345302,1.3496864769484411,0.0,0.09098668342019353,0.0,-0.5,-0.18937893851392476,1.6004089258450017e-20,0.00010691873435219983,-0.0948738011465246
1770339813.1171994,1.111822453737258,0.0,0.020073478564345302,1.3496864769484411,0.0,0.09103275837982927,0.0,-0.5,-0.18937893851392476,1.2091897491122812e-20,-0.0003288005595527034,-0.09456864090657652
1770339813.5347543,1.1115567996883384,0.0,0.020073478564345302,1.3496864769484411,0.0,0.09107876216436658,0.0,-0.5,-0.18937893851392476,9.36476131160013e-21,0.0003221123411604961,-0.09491561671761395
1770339813.9673333,1.1112900719457857,0.0,0.020073478564345302,1.3496864769484411,0.0,0.09112487227703367,0.0,-0.5,-0.18937893851392476,7.101409973515421e-21,0.00023924317198053792,-0.09481737775987065
1770339814.3786101,1.11102348088324,0.0,0.020073478564345302,1.3496864769484411,0.0,0.09117096886063848,0.0,-0.5,-0.18937893851392476,5.512754020701239e-21,-0.0001749922814808307,-0.09464339666156811
1770339814.785928,1.1107575731080763,0.0,0.020073478564345302,1.3496864769484411,0.0,0.09121699777747427,0.0,-0.5,-0.18937893851392476,4.273111854023567e-21,8.530995327741197e-05,-0.0947581544570769
1770339815.2058642,1.110491235932707,0.0,0.020073478564345302,1.3496864769484411,0.0,0.09126306920732294,0.0,-0.5,-0.18937893851392476,3.2372849401103508e-21,-4.4792096416180514e-05,-0.09468008341372365
1770339815.6145117,1.1102251133608811,0.0,0.020073478564345302,1.3496864769484411,0.0,0.09130911939407621,0.0,-0.5,-0.18937893851392476,2.5098313465511246e-21,-0.0007252083329385934,-0.09439490671414533
1770339816.0249116,1.1099601133739943,0.0,0.020073478564345302,1.3496864769484411,0.0,0.0913550583979014,0.0,-0.5,-0.18937893851392476,1.9507871869907774e-21,0.0004098009359487207,-0.09500787065182548
1770339816.438271,1.1096932409691804,0.0,0.020073478564345302,1.3496864769484411,0.0,0.0914011828282002,0.0,-0.5,-0.18937893851392476,1.476580093441766e-21,0.00031263561034664103,-0.09485550359469591
1770339816.8686762,1.1094265289175504,0.0,0.020073478564345302,1.3496864769484411,0.0,0.09144729139591488,0.0,-0.5,-0.18937893851392476,1.1451703117244105e-21,0.0003299824259263342,-0.09485619515148351
1770339817.2924223,1.1091597882199282,0.0,0.020073478564345302,1.3496864769484411,0.0,0.09149340279604229,0.0,-0.5,-0.18937893851392476,8.656644293634135e-22,4.907319886652699e-05,-0.09474209677910161
1770339817.709601,1.1088935108149047,0.0,0.020073478564345302,1.3496864769484411,0.0,0.09153946831966671,0.0,-0.5,-0.18937893851392476,6.745573612212387e-22,8.20894440796836e-05,-0.09473381560352355
1770339818.1329556,1.1086271789664026,0.0,0.020073478564345302,1.3496864769484411,0.0,0.09158553923989567,0.0,-0.5,-0.18937893851392476,5.13034521118213e-22,-0.0006890033234189341,-0.09442207687200278
1770339818.5467792,1.1083621192574498,0.0,0.020073478564345302,1.3496864769484411,0.0,0.09163148417140278,0.0,-0.5,-0.18937893851392476,3.9944644765002398e-22,-0.0005672066451723732,-0.09441804560220085
1770339818.959596,1.1080968586081263,0.0,0.020073478564345302,1.3496864769484411,0.0,0.09167744899417195,0.0,-0.5,-0.18937893851392476,3.0004059269745754e-22,-6.15244051237802e-05,-0.09470927527840535
1770339819.3803742,1.1078307636523244,0.0,0.020073478564345302,1.3496864769484411,0.0,0.09172349644507202,0.0,-0.5,-0.18937893851392476,2.3579887471049725e-22,-0.00018835910911385153,-0.09460797317280446
1770339819.7964942,1.1075648779088256,0.0,0.020073478564345302,1.3496864769484411,0.0,0.09176952317858966,0.0,-0.5,-0.18937893851392476,1.8014066550244813e-22,-0.00017090552536778295,-0.0946057618526531
1770339820.206799,1.107298963422775,0.0,0.020073478564345302,1.3496864769484411,0.0,0.09181555276061329,0.0,-0.5,-0.18937893851392476,1.3797790899419033e-22,-0.000364574492086272,-0.0945265489075911
1770339820.621842,1.1070333684843776,0.0,0.020073478564345302,1.3496864769484411,0.0,0.09186155068720611,0.0,-0.5,-0.18937893851392476,1.0775509153020827e-22,-0.00041575037234683153,-0.09448671165881502
1770339821.0553777,1.106767857906818,0.0,0.020073478564345302,1.3496864769484411,0.0,0.09190754025603565,0.0,-0.5,-0.18937893851392476,8.145463811858376e-23,-0.00045404199612491923,-0.09446627742127772
1770339821.4702523,1.106502410511374,0.0,0.020073478564345302,1.3496864769484411,0.0,0.09195352357531818,0.0,-0.5,-0.18937893851392476,6.32670510995893e-23,-0.0008612373890160647,-0.09429957010174346
1770339821.8845522,1.1062376350253817,0.0,0.020073478564345302,1.3496864769484411,0.0,0.09199944033290179,0.0,-0.5,-0.18937893851392476,4.7933661817064065e-23,-0.0006085719153515627,-0.09441044984665305
1770339822.30377,1.1059724426597355,0.0,0.020073478564345302,1.3496864769484411,0.0,0.0920453983857754,0.0,-0.5,-0.18937893851392476,3.64206594850558e-23,0.0005648394525557791,-0.09508923012003101
1770339822.7121463,1.1057053145974873,0.0,0.020073478564345302,1.3496864769484411,0.0,0.09209154813076288,0.0,-0.5,-0.18937893851392476,2.824313793015797e-23,0.0010001184960150612,-0.09523305640931584
1770339823.1247878,1.1054374688404798,0.0,0.020073478564345302,1.3496864769484411,0.0,0.09213776893819602,0.0,-0.5,-0.18937893851392476,2.1880060556236002e-23,-0.0005816175269816441,-0.09455683409577123
1770339823.5424697,1.1051722319447994,0.0,0.020073478564345302,1.3496864769484411,0.0,0.0921837314167145,0.0,-0.5,-0.18937893851392476,1.697240903148216e-23,-0.00021128545045960258,-0.09462085973938479
1770339823.9765701,1.1049063840204476,0.0,0.020073478564345302,1.3496864769484411,0.0,0.09222975440050395,0.0,-0.5,-0.18937893851392476,1.2833084747262906e-23,-0.0007576064092770301,-0.09436529814820561
1770339824.4030533,1.1046414375436304,0.0,0.020073478564345302,1.3496864769484411,0.0,0.09227568810428412,0.0,-0.5,-0.18937893851392476,9.695499334822796e-24,-0.0006047967488289686,-0.0944023518485927
1770339824.8185062,1.104376238901615,0.0,0.020073478564345302,1.3496864769484411,0.0,0.09232164677943022,0.0,-0.5,-0.18937893851392476,7.54199373317127e-24,-0.0005773633447841046,-0.0944035309249748
1770339825.2506294,1.1041109949892758,0.0,0.020073478564345302,1.3496864769484411,0.0,0.09236760994459421,0.0,-0.5,-0.18937893851392476,5.705824546497743e-24,-0.0001107628384143311,-0.09468074788839219
1770339825.6938262,1.1038449812561273,0.0,0.020073478564345302,1.3496864769484411,0.0,0.09241364934350282,0.0,-0.5,-0.18937893851392476,4.317826103262377e-24,-0.00045125612781749935,-0.09449789052199395
1770339826.110205,1.1035795292419195,0.0,0.020073478564345302,1.3496864769484411,0.0,0.09245963311876089,0.0,-0.5,-0.18937893851392476,3.358144361628712e-24,-0.00015663522931379752,-0.09464061373215585
1770339826.5475457,1.103313591195345,0.0,0.020073478564345302,1.3496864769484411,0.0,0.09250566502357752,0.0,-0.5,-0.18937893851392476,2.5567124320185344e-24,-7.635197075361995e-05,-0.09465932159744159
1770339826.96534,1.1030475206691026,0.0,0.020073478564345302,1.3496864769484411,0.0,0.09255171004976065,0.0,-0.5,-0.18937893851392476,1.8831399552178322e-24,-0.00019063803616399652,-0.09460557884542141
1770339827.3787837,1.1027816387075184,0.0,0.020073478564345302,1.3496864769484411,0.0,0.09259773640240461,0.0,-0.5,-0.18937893851392476,1.4616943826271795e-24,1.6578354971160053e-06,-0.09470952776187705
1770339827.7912657,1.1025154394835233,0.0,0.020073478564345302,1.3496864769484411,0.0,0.09264379417444497,0.0,-0.5,-0.18937893851392476,1.13435363201054e-24,4.736409614396843e-05,-0.09471772193109905
1770339828.2018301,1.1022491648626327,0.0,0.020073478564345302,1.3496864769484411,0.0,0.09268985941375524,0.0,-0.5,-0.18937893851392476,8.585697999175703e-25,-0.00029620275896028114,-0.09457572456299267
1770339828.6223269,1.1019834570300577,0.0,0.020073478564345302,1.3496864769484411,0.0,0.09273586852515966,0.0,-0.5,-0.18937893851392476,6.66303362038137e-25,-0.0009751052675406921,-0.09426980687405008
1770339829.0440373,1.1017188694810867,0.0,0.020073478564345302,1.3496864769484411,0.0,0.09278176667357714,0.0,-0.5,-0.18937893851392476,5.0363736939444085e-25,-0.0004624975320088309,-0.09450948126451116
1770339829.4570596,1.1014534360063075,0.0,0.020073478564345302,1.3496864769484411,0.0,0.09282774861420423,0.0,-0.5,-0.18937893851392476,3.9122653024421554e-25,-0.001051913965457525,-0.09422245391757848
1770339829.8810263,1.1011889752238988,0.0,0.020073478564345302,1.3496864769484411,0.0,0.09287363420988351,0.0,-0.5,-0.18937893851392476,2.962595474520437e-25,-0.0007693548550331316,-0.09433304774048826
1770339830.3026147,1.100924048091173,0.0,0.020073478564345302,1.3496864769484411,0.0,0.09291956600393086,0.0,-0.5,-0.18937893851392476,2.8869012763394444e-25,-0.001016740452603851,-0.09420583759041752
1770339830.7307966,1.100659529212117,0.0,0.020073478564345302,1.3496864769484411,0.0,0.09296545735026628,0.0,-0.5,-0.18937893851392476,1.739250668739529e-25,-0.00017153691402157503,-0.09468822115380982
1770339831.1497855,1.1003936157238483,0.0,0.020073478564345302,1.3496864769484411,0.0,0.09301148682500153,0.0,-0.5,-0.18937893851392476,1.3503242471951315e-25,-0.0004646003611952705,-0.09448647542108211
1770339831.5627518,1.100128185773492,0.0,0.020073478564345302,1.3496864769484411,0.0,0.09305746841157704,0.0,-0.5,-0.18937893851392476,1.0219917534089592e-25,-0.00027632287516330236,-0.09457013556798392
1770339831.9777577,1.0998624451750518,0.0,0.020073478564345302,1.3496864769484411,0.0,0.0931034807791832,0.0,-0.5,-0.18937893851392476,8.323649735500871e-26,-0.0010984437010664952,-0.09422245948901946
1770339832.4008598,1.0995980611413718,0.0,0.020073478564345302,1.3496864769484411,0.0,0.09314935875738889,0.0,-0.5,-0.18937893851392476,6.300683701260411e-26,-0.00023713332618173908,-0.09465703363135998
1770339832.8181026,1.099332255831957,0.0,0.020073478564345302,1.3496864769484411,0.0,0.09319537751938134,0.0,-0.5,-0.18937893851392476,4.658376192992013e-26,-0.00032372798420259735,-0.09453626473066316
1770339833.248172,1.0990665934145452,0.0,0.020073478564345302,1.3496864769484411,0.0,0.09324138212467462,0.0,-0.5,-0.18937893851392476,3.522109139115631e-26,-0.0005380240895983719,-0.09444188682270277
1770339833.6645827,1.098801284517646,0.0,0.020073478564345302,1.3496864769484411,0.0,0.09328735171104699,0.0,-0.5,-0.18937893851392476,2.736013179041427e-26,-0.0005758540952914232,-0.09440532520988597
1770339834.08078,1.0985360380625726,0.0,0.020073478564345302,1.3496864769484411,0.0,0.09333331512833863,0.0,-0.5,-0.18937893851392476,2.072278962474122e-26,-0.00028318433440894446,-0.09457714406584616
1770339834.4951591,1.0982703087615968,0.0,0.020073478564345302,1.3496864769484411,0.0,0.09337932635868817,0.0,-0.5,-0.18937893851392476,1.6043236696031488e-26,2.5378171921892944e-05,-0.0947330145935564
1770339834.9140851,1.0980040704470875,0.0,0.020073478564345302,1.3496864769484411,0.0,0.09342538801456719,0.0,-0.5,-0.18937893851392476,1.24520837990073e-26,-0.001124848373000907,-0.0942420677249542
1770339835.331962,1.0977397299778464,0.0,0.020073478564345302,1.3496864769484411,0.0,0.09347126167978077,0.0,-0.5,-0.18937893851392476,9.429068175400779e-27,-0.0006615065700659062,-0.09440505015222292
1770339835.7476823,1.097474624885917,0.0,0.020073478564345302,1.3496864769484411,0.0,0.09351721108521252,0.0,-0.5,-0.18937893851392476,7.316290445400839e-27,-0.0012739360254352017,-0.0941137441897817
1770339836.167871,1.0972105305308106,0.0,0.020073478564345302,1.3496864769484411,0.0,0.09356306037451058,0.0,-0.5,-0.18937893851392476,5.546252786532692e-27,-0.000668862793404573,-0.09441554518346315
1770339836.5827296,1.0969454375571015,0.0,0.020073478564345302,1.3496864769484411,0.0,0.0936090085836771,0.0,-0.5,-0.18937893851392476,4.297581024619762e-27,-0.0013412705699646153,-0.09408607474963608
1770339836.9974,1.0966814543098213,0.0,0.020073478564345302,1.3496864769484411,0.0,0.09365484686518936,0.0,-0.5,-0.18937893851392476,3.2569105253721e-27,-0.0002785436522891731,-0.09465647012258535
1770339837.421633,1.0964157173484566,0.0,0.020073478564345302,1.3496864769484411,0.0,0.0937008588680151,0.0,-0.5,-0.18937893851392476,2.5278786337862947e-27,-0.0010323847001135447,-0.09424866101168804
1770339837.836412,1.0961512243473532,0.0,0.020073478564345302,1.3496864769484411,0.0,0.09374674765552311,0.0,-0.5,-0.18937893851392476,1.9613737245395447e-27,-0.00019730994447617886,-0.09467432176028803
1770339838.2659063,1.0958853533613684,0.0,0.020073478564345302,1.3496864769484411,0.0,0.09379277291919022,0.0,-0.5,-0.18937893851392476,1.4836149541145664e-27,-0.000348011065482987,-0.09453053383632157
1770339838.6834288,1.0956197310161593,0.0,0.020073478564345302,1.3496864769484411,0.0,0.09383877356017857,0.0,-0.5,-0.18937893851392476,1.1232908132234949e-27,-0.00038293805009888894,-0.09450149293037452
1770339839.1055505,1.0953541663169863,0.0,0.020073478564345302,1.3496864769484411,0.0,0.09388476849879056,0.0,-0.5,-0.18937893851392476,8.720703985823353e-28,-0.0005771409375586983,-0.09442031907692901
1770339839.535664,1.095088922002316,0.0,0.020073478564345302,1.3496864769484411,0.0,0.0939307317068699,0.0,-0.5,-0.18937893851392476,6.884840198359602e-28,-0.0002984781387995766,-0.09456809646743851
1770339839.9552743,1.0948232179516557,0.0,0.020073478564345302,1.3496864769484411,0.0,0.09397674045349388,0.0,-0.5,-0.18937893851392476,4.911551714546069e-28,-0.0006231765357801203,-0.09441035082877038
1770339840.3740764,1.094558049629331,0.0,0.020073478564345302,1.3496864769484411,0.0,0.0940226961299303,0.0,-0.5,-0.18937893851392476,3.87622332778469e-28,-0.00033251695649535497,-0.09455227673664318
1770339840.8160193,1.094292401711941,0.0,0.020073478564345302,1.3496864769484411,0.0,0.09406869930292397,0.0,-0.5,-0.18937893851392476,2.9161354606625797e-28,-0.0006301306910457944,-0.09440416528489454
1770339841.250922,1.0940272448801998,0.0,0.020073478564345302,1.3496864769484411,0.0,0.0941146538528326,0.0,-0.5,-0.18937893851392476,2.219084478158429e-28,-3.029453014059396e-05,-0.09473430560798261
1770339841.6766815,1.0937610983937982,0.0,0.020073478564345302,1.3496864769484411,0.0,0.09416070641065864,0.0,-0.5,-0.18937893851392476,1.6835097408822202e-28,-0.0006767442973308886,-0.09441574208501596
1770339842.1141984,1.0934960184878113,0.0,0.020073478564345302,1.3496864769484411,0.0,0.09420665333236485,0.0,-0.5,-0.18937893851392476,1.3031294021240572e-28,-0.0009712266261297426,-0.09423330417677739
1770339842.52999,1.0932314245015384,0.0,0.020073478564345302,1.3496864769484411,0.0,0.0942525521030548,0.0,-0.5,-0.18937893851392476,9.856712573823206e-29,-0.0003788720201443492,-0.09455926870748874
1770339842.9484992,1.092965853059292,0.0,0.020073478564345302,1.3496864769484411,0.0,0.09429854770685463,0.0,-0.5,-0.18937893851392476,7.652892988120773e-29,-6.90639537463657e-05,-0.09468591808672899
1770339843.379966,1.0926997704631092,0.0,0.020073478564345302,1.3496864769484411,0.0,0.09434459392393856,0.0,-0.5,-0.18937893851392476,5.784050951045098e-29,-0.00036982597061558704,-0.09453463247334151
1770339843.7925143,1.0924341841185095,0.0,0.020073478564345302,1.3496864769484411,0.0,0.09439059100831775,0.0,-0.5,-0.18937893851392476,5.684939807975466e-29,0.00010471761089381082,-0.09478928242056023
1770339844.2260964,1.0921678149336578,0.0,0.020073478564345302,1.3496864769484411,0.0,0.09443666561926631,0.0,-0.5,-0.18937893851392476,3.405000738815128e-29,-4.052341085450042e-05,-0.09468373165370995
1770339844.6514263,1.0919016852808,0.0,0.020073478564345302,1.3496864769484411,0.0,0.09448271651412277,0.0,-0.5,-0.18937893851392476,2.575266641321351e-29,0.00025910060385128696,-0.0948489819603586
1770339845.0663767,1.0916350614523889,0.0,0.020073478564345302,1.3496864769484411,0.0,0.09452881633247165,0.0,-0.5,-0.18937893851392476,2.0207989173119707e-29,-0.00017118082613481932,-0.09464690698689358
1770339845.4833949,1.0913691474330427,0.0,0.020073478564345302,1.3496864769484411,0.0,0.09457484587694434,0.0,-0.5,-0.18937893851392476,1.5140951727260184e-29,-0.00028235847432390895,-0.09455940778461934
1770339845.8967092,1.0911034167963267,0.0,0.020073478564345302,1.3496864769484411,0.0,0.09462085725213316,0.0,-0.5,-0.18937893851392476,1.1766234178212996e-29,-0.0009880762949459575,-0.0942660028915516
1770339846.3154852,1.090838850619197,0.0,0.020073478564345302,1.3496864769484411,0.0,0.09466675328696993,0.0,-0.5,-0.18937893851392476,8.919174859217506e-30,-0.0007137692655743162,-0.09436001532711238
1770339846.7328258,1.0905738317871096,0.0,0.020073478564345302,1.3496864769484411,0.0,0.09471269415761259,0.0,-0.5,-0.18937893851392476,6.932454954194131e-30,-0.0004520256006586133,-0.09448963082312466
1770339847.147299,1.0903083810603622,0.0,0.020073478564345302,1.3496864769484411,0.0,0.09475867780948904,0.0,-0.5,-0.18937893851392476,5.3821257266487155e-30,0.00021431037110431086,-0.09486325803969083
1770339847.5593505,1.0900418310838942,0.0,0.020073478564345302,1.3496864769484411,0.0,0.09480477031613616,0.0,-0.5,-0.18937893851392476,4.0507984758942555e-30,0.00022715117958116676,-0.09480432892760064
1770339847.9716744,1.0897752599608903,0.0,0.020073478564345302,1.3496864769484411,0.0,0.09485086492563513,0.0,-0.5,-0.18937893851392476,3.1439543731666895e-30,-0.00026136558036228677,-0.09460763814277558
1770339848.405257,1.0895094946753983,0.0,0.020073478564345302,1.3496864769484411,0.0,0.09489687972332266,0.0,-0.5,-0.18937893851392476,2.4049107447490765e-30,0.0002050648450006111,-0.09483864472199897
1770339848.826066,1.0892429599714284,0.0,0.020073478564345302,1.3496864769484411,0.0,0.09494297071720388,0.0,-0.5,-0.18937893851392476,1.8687203975363807e-30,0.0004038476783897132,-0.09491127137949615
1770339849.244543,1.0889760973513132,0.0,0.020073478564345302,1.3496864769484411,0.0,0.09498909417117861,0.0,-0.5,-0.18937893851392476,1.4192462617207915e-30,0.0009319420677000648,-0.09520824972974344
1770339849.6592026,1.088708363909126,0.0,0.020073478564345302,1.3496864769484411,0.0,0.09503530385280874,0.0,-0.5,-0.18937893851392476,1.080993239811489e-30,-0.0001649038236340885,-0.09471670193427875
1770339850.0764313,1.0884424394774443,0.0,0.020073478564345302,1.3496864769484411,0.0,0.09508133441652086,0.0,-0.5,-0.18937893851392476,8.31872705257439e-31,0.00031837814947761856,-0.09489698652901235
1770339850.494134,1.0881757179147011,0.0,0.020073478564345302,1.3496864769484411,0.0,0.09512744391227987,0.0,-0.5,-0.18937893851392476,6.480313921668745e-31,-0.0004957758170456098,-0.0945229967450919
1770339850.9075918,1.087910339414478,0.0,0.020073478564345302,1.3496864769484411,0.0,0.09517342041338708,0.0,-0.5,-0.18937893851392476,5.031650150624007e-31,-0.0004680931447732184,-0.09445819095180301
1770339851.3210797,1.0876449152415997,0.0,0.020073478564345302,1.3496864769484411,0.0,0.09521940143133428,0.0,-0.5,-0.18937893851392476,3.772042156773032e-31,-2.9362084197098357e-05,-0.09471866132092144
1770339851.7534096,1.0873787672102457,0.0,0.020073478564345302,1.3496864769484411,0.0,0.09526545413399962,0.0,-0.5,-0.18937893851392476,2.956390352932347e-31,-0.0003328093464731093,-0.09455340930995343
1770339852.1646488,1.08711311980784,0.0,0.020073478564345302,1.3496864769484411,0.0,0.09531145725871351,0.0,-0.5,-0.18937893851392476,2.233821223657574e-31,8.363227909706668e-05,-0.09477292955906794
1770339852.5798702,1.0868467853522308,0.0,0.020073478564345302,1.3496864769484411,0.0,0.0953575284257057,0.0,-0.5,-0.18937893851392476,1.7302719420294703e-31,-0.0003004172418922698,-0.09457766558811517
1770339852.998118,1.0865810844719417,0.0,0.020073478564345302,1.3496864769484411,0.0,0.09540353683973578,0.0,-0.5,-0.18937893851392476,1.3157038918985027e-31,-0.0002666079190010686,-0.09455954622975096
1770339853.4207747,1.0863153278285271,0.0,0.020073478564345302,1.3496864769484411,0.0,0.09544955078984527,0.0,-0.5,-0.18937893851392476,1.0214751076218027e-31,-0.0005760777848112317,-0.09443237735113778
1770339853.8389554,1.0860500818240648,0.0,0.020073478564345302,1.3496864769484411,0.0,0.09549551415885714,0.0,-0.5,-0.18937893851392476,7.786831981848405e-32,0.0006569745745581071,-0.09514126178017837
1770339854.2568676,1.085782801841498,0.0,0.020073478564345302,1.3496864769484411,0.0,0.09554167895640162,0.0,-0.5,-0.18937893851392476,5.881965486144135e-32,0.0001538194508481884,-0.09481669449475746
1770339854.6721427,1.0855163516753916,0.0,0.020073478564345302,1.3496864769484411,0.0,0.09558776158715514,0.0,-0.5,-0.18937893851392476,4.568270257537168e-32,-0.0008947895413442379,-0.0943469353855095
1770339855.0846417,1.0852516315662866,0.0,0.020073478564345302,1.3496864769484411,0.0,0.0956336728569391,0.0,-0.5,-0.18937893851392476,3.599674893408574e-32,-0.00031528389567395387,-0.09458977787369244
1770339855.516699,1.0849859552443033,0.0,0.020073478564345302,1.3496864769484411,0.0,0.09567967884625223,0.0,-0.5,-0.18937893851392476,2.728706552255605e-32,-0.00012202404311704502,-0.09464778322065956
1770339855.9294484,1.0847199601149564,0.0,0.020073478564345302,1.3496864769484411,0.0,0.0957257164158943,0.0,-0.5,-0.18937893851392476,2.0290879585677802e-32,0.00040664424478027554,-0.09494565820814224
1770339856.3407762,1.0844530930048233,0.0,0.020073478564345302,1.3496864769484411,0.0,0.09577184032048013,0.0,-0.5,-0.18937893851392476,1.6407238088837754e-32,-0.00014492967101618724,-0.09467216181303394
1770339856.7637398,1.0841871356463437,0.0,0.020073478564345302,1.3496864769484411,0.0,0.09581787415112283,0.0,-0.5,-0.18937893851392476,1.2006110242612519e-32,-7.282693684330547e-05,-0.09466026606195801
1770339857.1790617,1.0839210593748099,0.0,0.020073478564345302,1.3496864769484411,0.0,0.09586391974593428,0.0,-0.5,-0.18937893851392476,9.603072207551012e-33,3.722786404520672e-05,-0.09471908866907383
1770339857.5914514,1.08365480152309,0.0,0.020073478564345302,1.3496864769484411,0.0,0.09590998332763936,0.0,-0.5,-0.18937893851392476,7.478463459140067e-33,-0.00030636052041812747,-0.09457064783519965
1770339858.0067012,1.0833891104918725,0.0,0.020073478564345302,1.3496864769484411,0.0,0.0959559907760742,0.0,-0.5,-0.18937893851392476,5.6644057975897304e-33,-0.0009554773045341256,-0.09427664228310692
1770339858.4233012,1.0831244905310875,0.0,0.020073478564345302,1.3496864769484411,0.0,0.09600189213777807,0.0,-0.5,-0.18937893851392476,4.2185163834240116e-33,-0.0003229241462933128,-0.09459126249963981
1770339858.8431568,1.082858826794029,0.0,0.020073478564345302,1.3496864769484411,0.0,0.09604789688791063,0.0,-0.5,-0.18937893851392476,3.1888827753904564e-33,-0.00027289565309180546,-0.09455802427973663
1770339859.2582386,1.0825930805307633,0.0,0.020073478564345302,1.3496864769484411,0.0,0.09609390980805185,0.0,-0.5,-0.18937893851392476,2.477959476486823e-33,-5.3208203695847634e-05,-0.09468483390005406
1770339859.6692092,1.0823269718474156,0.0,0.020073478564345302,1.3496864769484411,0.0,0.09613995862151412,0.0,-0.5,-0.18937893851392476,1.9234403959802893e-33,-0.00017613073928342157,-0.09461369614087943
1770339860.0847042,1.0820610659551626,0.0,0.020073478564345302,1.3496864769484411,0.0,0.09618598734523086,0.0,-0.5,-0.18937893851392476,1.4552515862500118e-33,-0.000328975935188407,-0.09454026580895868
1770339860.5004928,1.0817954122442013,0.0,0.020073478564345302,1.3496864769484411,0.0,0.09623199109221725,0.0,-0.5,-0.18937893851392476,1.133088909846979e-33,4.2180841729335815e-05,-0.09474767535551881
1770339860.9151866,1.0815291461688286,0.0,0.020073478564345302,1.3496864769484411,0.0,0.09627805548931388,0.0,-0.5,-0.18937893851392476,8.628232096118345e-34,-0.0004293315089708102,-0.09452195473754699
1770339861.3280494,1.0812636579930788,0.0,0.020073478564345302,1.3496864769484411,0.0,0.09632404284263878,0.0,-0.5,-0.18937893851392476,6.747326548149456e-34,-0.0005642937414737318,-0.0944208186094758
1770339861.7551808,1.0809983924996858,0.0,0.020073478564345302,1.3496864769484411,0.0,0.09637000814284115,0.0,-0.5,-0.18937893851392476,5.10015249049405e-34,-0.0002542832522883302,-0.09459332867973676
1770339862.1790795,1.0807326154822117,0.0,0.020073478564345302,1.3496864769484411,0.0,0.0964160241046074,0.0,-0.5,-0.18937893851392476,3.953775046179715e-34,-0.00028474031913779195,-0.09455014480407842
1770339862.6171703,1.0804668887400632,0.0,0.020073478564345302,1.3496864769484411,0.0,0.0964620350881937,0.0,-0.5,-0.18937893851392476,2.9883598332363272e-34,-0.000748537007342645,-0.09436158042211154
1770339863.041146,1.0802019272804266,0.0,0.020073478564345302,1.3496864769484411,0.0,0.09650797027791767,0.0,-0.5,-0.18937893851392476,2.257084816672375e-34,-0.0005238156061998381,-0.09445003359397673
1770339863.4781957,1.0799365950322157,0.0,0.020073478564345302,1.3496864769484411,0.0,0.0965539421978119,0.0,-0.5,-0.18937893851392476,1.706682903310587e-34,-0.00026088535462257407,-0.09458531960480882
1770339863.8961928,1.0796708289098746,0.0,0.020073478564345302,1.3496864769484411,0.0,0.09659995708133011,0.0,-0.5,-0.18937893851392476,1.324412140369138e-34,-0.0005823077554973014,-0.0944304576193012
1770339864.3363848,1.079405593140722,0.0,0.020073478564345302,1.3496864769484411,0.0,0.09664591943646698,0.0,-0.5,-0.18937893851392476,9.994447394316476e-35,-0.000708502050827656,-0.0943478376610816
1770339864.7701552,1.0791405656182773,0.0,0.020073478564345302,1.3496864769484411,0.0,0.09669186117078095,0.0,-0.5,-0.18937893851392476,7.4973448061285e-35,0.00014813389845322474,-0.09484919980111708
1770339865.187606,1.0788741247701652,0.0,0.020073478564345302,1.3496864769484411,0.0,0.09673794287349015,0.0,-0.5,-0.18937893851392476,5.862583046546505e-35,-0.0005931357182157974,-0.0944670283595214
1770339865.6145663,1.078608906880618,0.0,0.020073478564345302,1.3496864769484411,0.0,0.09678390345836907,0.0,-0.5,-0.18937893851392476,4.4350354772788267e-35,-0.0007815351260646649,-0.09431754163471494
1770339866.038943,1.07834399986446,0.0,0.020073478564345302,1.3496864769484411,0.0,0.09682983325685292,0.0,-0.5,-0.18937893851392476,3.4338829536632817e-35,-0.0004136990198126087,-0.09451940335768128
1770339866.463566,1.0780784858912238,0.0,0.020073478564345302,1.3496864769484411,0.0,0.09687582315827638,0.0,-0.5,-0.18937893851392476,2.593001205303837e-35,-0.0005578448007768519,-0.09442496143467037
1770339866.8838437,1.0778132097601898,0.0,0.020073478564345302,1.3496864769484411,0.0,0.0969217895152691,0.0,-0.5,-0.18937893851392476,1.9600045781921123e-35,-7.949002339274919e-05,-0.09469755972300442
1770339867.3037252,1.0775471444964417,0.0,0.020073478564345302,1.3496864769484411,0.0,0.0969678340264681,0.0,-0.5,-0.18937893851392476,1.5185932847049064e-35,-0.0007343599019741587,-0.09438777629383345
1770339867.7174065,1.077282159605027,0.0,0.020073478564345302,1.3496864769484411,0.0,0.09701377153362065,0.0,-0.5,-0.18937893851392476,1.1516067943869172e-35,9.91443676244798e-05,-0.09482239186773449
1770339868.1312535,1.0770157996094234,0.0,0.020073478564345302,1.3496864769484411,0.0,0.09705984522725372,0.0,-0.5,-0.18937893851392476,8.93608595752779e-36,-0.0007866271113086648,-0.09438473284920136
1770339868.5520372,1.0767509009778506,0.0,0.020073478564345302,1.3496864769484411,0.0,0.09710577418888836,0.0,-0.5,-0.18937893851392476,6.928659107328013e-36,-0.0001890901348617646,-0.09465467788717619
1770339868.9738717,1.0764850164735325,0.0,0.020073478564345302,1.3496864769484411,0.0,0.09715180079902438,0.0,-0.5,-0.18937893851392476,5.243788030905935e-36,0.00020205556438268656,-0.09482961160907817
1770339869.397546,1.0762184867745646,0.0,0.020073478564345302,1.3496864769484411,0.0,0.09719789130474357,0.0,-0.5,-0.18937893851392476,3.947832132710695e-36,-0.0008550217569491712,-0.09436766611062097
1770339869.8122995,1.0759537010693558,0.0,0.020073478564345302,1.3496864769484411,0.0,0.09724380909229545,0.0,-0.5,-0.18937893851392476,3.0831804328359546e-36,-0.0005068427208316717,-0.09447086580015829
1770339870.2229598,1.0756883407223232,0.0,0.020073478564345302,1.3496864769484411,0.0,0.09728978378559379,0.0,-0.5,-0.18937893851392476,2.3785894457878784e-36,0.0002543612834235015,-0.09489277029909965
1770339870.6558547,1.075421724731327,0.0,0.020073478564345302,1.3496864769484411,0.0,0.09733588283146648,0.0,-0.5,-0.18937893851392476,1.8059079757679363e-36,-0.0003915875632849057,-0.09455827035999076
1770339871.0727153,1.0751561742907771,0.0,0.020073478564345302,1.3496864769484411,0.0,0.09738187635923652,0.0,-0.5,-0.18937893851392476,1.4120139851645236e-36,-0.00036907175560033133,-0.09450718495993067
1770339871.5008972,1.07489058672309,0.0,0.020073478564345302,1.3496864769484411,0.0,0.09742787356699734,0.0,-0.5,-0.18937893851392476,1.063574495690007e-36,-0.000633950042626687,-0.09439898206435168
1770339871.919138,1.0746254361355312,0.0,0.020073478564345302,1.3496864769484411,0.0,0.09747382748926907,0.0,-0.5,-0.18937893851392476,8.049655721048243e-37,0.0002215205180480841,-0.0948857765720539
1770339872.339028,1.0743588742983348,0.0,0.020073478564345302,1.3496864769484411,0.0,0.09751992117072372,0.0,-0.5,-0.18937893851392476,6.250880633380574e-37,1.5041573222641534e-05,-0.09471763793805624
1770339872.7802672,1.0740926530426746,0.0,0.020073478564345302,1.3496864769484411,0.0,0.09756598112608222,0.0,-0.5,-0.18937893851392476,4.724463511091278e-37,-0.00010281539861258215,-0.0946498472548396
1770339873.1974316,1.0738266261774307,0.0,0.020073478564345302,1.3496864769484411,0.0,0.09761202182854442,0.0,-0.5,-0.18937893851392476,3.667741111984547e-37,-0.000673002133000007,-0.09440998686390112
1770339873.6298106,1.0735615400433547,0.0,0.020073478564345302,1.3496864769484411,0.0,0.09765796936179427,0.0,-0.5,-0.18937893851392476,2.774467192229829e-37,-0.0001696140635212515,-0.09465500103214963
1770339874.0500908,1.0732956234329945,0.0,0.020073478564345302,1.3496864769484411,0.0,0.09770399915839462,0.0,-0.5,-0.18937893851392476,2.0999375715048547e-37,-0.0006127367798764084,-0.09442741313865968
1770339874.4659986,1.0730304378747946,0.0,0.020073478564345302,1.3496864769484411,0.0,0.0977499565514448,0.0,-0.5,-0.18937893851392476,1.6298159818609341e-37,0.0005501817709736585,-0.09508085199753422
1770339874.884939,1.072763333984614,0.0,0.020073478564345302,1.3496864769484411,0.0,0.09779610390390185,0.0,-0.5,-0.18937893851392476,1.2337891888298448e-37,-0.00026935139323657636,-0.09463674687676511
1770339875.3152661,1.072497581927777,0.0,0.020073478564345302,1.3496864769484411,0.0,0.09784211741412906,0.0,-0.5,-0.18937893851392476,1.1171581524616254e-37,6.202065905139167e-06,-0.09472012563582911
1770339875.730371,1.0722313752043255,0.0,0.020073478564345302,1.3496864769484411,0.0,0.09788817593718795,0.0,-0.5,-0.18937893851392476,7.249358358942741e-38,0.0007819174637221605,-0.09515799952860517
1770339876.1456916,1.0719638892441996,0.0,0.020073478564345302,1.3496864769484411,0.0,0.09793436113024978,0.0,-0.5,-0.18937893851392476,6.754883064025875e-38,-0.0004453097682939929,-0.094589537096017
1770339876.564492,1.0716984273970136,0.0,0.020073478564345302,1.3496864769484411,0.0,0.09798034587110309,0.0,-0.5,-0.18937893851392476,4.2845878342100216e-38,0.0012452941848272933,-0.09548117674468816
1770339876.983067,1.0714301774096497,0.0,0.020073478564345302,1.3496864769484411,0.0,0.09802660668100147,0.0,-0.5,-0.18937893851392476,3.3355545984440305e-38,0.0004957066967118314,-0.09501228135412984
1770339877.3955655,1.0711631633520136,0.0,0.020073478564345302,1.3496864769484411,0.0,0.09807274513925342,0.0,-0.5,-0.18937893851392476,2.603539293288399e-38,2.8292684026225276e-05,-0.09475035700024406
1770339877.8077984,1.0708969202417145,0.0,0.020073478564345302,1.3496864769484411,0.0,0.0981188072618368,0.0,-0.5,-0.18937893851392476,1.9494166768056796e-38,-2.1469729218462612e-05,-0.09468371063367761
1770339878.2194946,1.0706307592231044,0.0,0.020073478564345302,1.3496864769484411,0.0,0.09816486125732687,0.0,-0.5,-0.18937893851392476,1.533014631620734e-38,-0.00012079876069460424,-0.0946390027797627
1770339878.6336367,1.0703647620660075,0.0,0.020073478564345302,1.3496864769484411,0.0,0.09821089902008799,0.0,-0.5,-0.18937893851392476,1.1904895818472562e-38,0.0001456866598290814,-0.09478896112892929
1770339879.0724552,1.0700983253216751,0.0,0.020073478564345302,1.3496864769484411,0.0,0.09825698031510142,0.0,-0.5,-0.18937893851392476,9.017598458206614e-39,5.268660272957391e-05,-0.09472511256403712
1770339879.4887545,1.0698320419138678,0.0,0.020073478564345302,1.3496864769484411,0.0,0.09830304641808299,0.0,-0.5,-0.18937893851392476,6.829937860053188e-39,-6.592644955091099e-05,-0.09466836733741497
1770339879.900225,1.06956595424831,0.0,0.020073478564345302,1.3496864769484411,0.0,0.09834909315551547,0.0,-0.5,-0.18937893851392476,5.302151341096726e-39,-0.00021725438951871002,-0.0945959748561998
1770339880.312275,1.0693001161569367,0.0,0.020073478564345302,1.3496864769484411,0.0,0.09839511516298084,0.0,-0.5,-0.18937893851392476,4.111032775668251e-39,-0.00038999339631569043,-0.09451174645948424
1770339880.72446,1.0690345630931863,0.0,0.020073478564345302,1.3496864769484411,0.0,0.09844110893214969,0.0,-0.5,-0.18937893851392476,3.120297620838045e-39,3.682605387258218e-05,-0.0947505642289175
1770339881.1453285,1.0687683058691033,0.0,0.020073478564345302,1.3496864769484411,0.0,0.09848717244948177,0.0,-0.5,-0.18937893851392476,2.420455530517431e-39,-0.0007664497323749723,-0.09438657196939965
1770339881.5675802,1.0685033739727745,0.0,0.020073478564345302,1.3496864769484411,0.0,0.09853310470486908,0.0,-0.5,-0.18937893851392476,1.8315423614462975e-39,-0.00018093908534174314,-0.09465755077899482
1770339881.982004,1.068237476030589,0.0,0.020073478564345302,1.3496864769484411,0.0,0.0985791326507452,0.0,-0.5,-0.18937893851392476,1.4247979739226491e-39,-0.0005613578762521316,-0.09444683219792735
1770339882.40803,1.0679722056770333,0.0,0.020073478564345302,1.3496864769484411,0.0,0.0986250984391096,0.0,-0.5,-0.18937893851392476,1.087390637616647e-39,-0.0006905168554679702,-0.09435712672714998
1770339882.8188913,1.067707148478628,0.0,0.020073478564345302,1.3496864769484411,0.0,0.09867104311312465,0.0,-0.5,-0.18937893851392476,8.174393203594326e-40,-0.001294555017875015,-0.09410259556426558
1770339883.2373421,1.0674430881607542,0.0,0.020073478564345302,1.3496864769484411,0.0,0.09871688903356818,0.0,-0.5,-0.18937893851392476,6.364356305925728e-40,-0.000618952486901761,-0.09444755326660882
1770339883.6628315,1.0671779128217707,0.0,0.020073478564345302,1.3496864769484411,0.0,0.09876284539665012,0.0,-0.5,-0.18937893851392476,4.797922223931168e-40,-0.0005538404783141992,-0.09441906021866404
1770339884.1112113,1.0669126301085958,0.0,0.020073478564345302,1.3496864769484411,0.0,0.09880881240273742,0.0,-0.5,-0.18937893851392476,3.750787084317192e-40,0.000549820463990315,-0.095074745583188
1770339884.5267975,1.0666455268460522,0.0,0.020073478564345302,1.3496864769484411,0.0,0.09885495970691471,0.0,-0.5,-0.18937893851392476,2.8366449958921215e-40,0.000612327591958374,-0.09500188376573837
1770339884.9465425,1.0663783204901227,0.0,0.020073478564345302,1.3496864769484411,0.0,0.09890111720885067,0.0,-0.5,-0.18937893851392476,2.2034421246767154e-40,-0.0006156248923652989,-0.0945044520592121
1770339885.3714082,1.0661131396794328,0.0,0.020073478564345302,1.3496864769484411,0.0,0.09894707411910324,0.0,-0.5,-0.18937893851392476,1.6324424072724453e-40,-0.0005023605735197496,-0.09444961540208707
1770339885.780132,1.0658477720421562,0.0,0.020073478564345302,1.3496864769484411,0.0,0.09899304954732685,0.0,-0.5,-0.18937893851392476,1.4532419094616484e-40,-0.0007205655915991014,-0.09435100696297076
1770339886.1903746,1.0655827644109734,0.0,0.020073478564345302,1.3496864769484411,0.0,0.09903898929680614,0.0,-0.5,-0.18937893851392476,1.2054713499750317e-40,-0.000535912947373078,-0.09443997804769845
1770339886.6044598,1.0653174521023043,0.0,0.020073478564345302,1.3496864769484411,0.0,0.0990849592318657,0.0,-0.5,-0.18937893851392476,7.362256075344119e-41,0.00021178889689718377,-0.094870133889838
1770339887.0155253,1.065050906293989,0.0,0.020073478564345302,1.3496864769484411,0.0,0.09913105133081704,0.0,-0.5,-0.18937893851392476,5.94125766408747e-41,-4.312755634770294e-05,-0.09469339712411302
1770339887.4271448,1.0647847809541233,0.0,0.020073478564345302,1.3496864769484411,0.0,0.09917710178579121,0.0,-0.5,-0.18937893851392476,4.434101692181428e-41,-0.00038278116614704285,-0.0945320440348688
1770339887.8499577,1.0645192159974584,0.0,0.020073478564345302,1.3496864769484411,0.0,0.09922309675122529,0.0,-0.5,-0.18937893851392476,3.356794930123423e-41,-0.0005288866823471241,-0.09443963646740883
1770339888.2733617,1.0642538921177396,0.0,0.020073478564345302,1.3496864769484411,0.0,0.09926906783963471,0.0,-0.5,-0.18937893851392476,3.156555236430744e-41,-0.0003899925108062723,-0.09450836241871334
1770339888.6818488,1.0639883390539893,0.0,0.020073478564345302,1.3496864769484411,0.0,0.09931506160880356,0.0,-0.5,-0.18937893851392476,1.967917402123565e-41,-0.00010880239573898107,-0.09466318707059962
1770339889.1027784,1.0637223220860967,0.0,0.020073478564345302,1.3496864769484411,0.0,0.09936110134567051,0.0,-0.5,-0.18937893851392476,1.5280587254235604e-41,-0.000710493316505866,-0.09439439169078614
1770339889.5213776,1.063457297862769,0.0,0.020073478564345302,1.3496864769484411,0.0,0.0994070427581194,0.0,-0.5,-0.18937893851392476,1.2072375686663555e-41,1.664240725708451e-05,-0.09477050403296722
1770339889.9352512,1.0631910740000017,0.0,0.020073478564345302,1.3496864769484411,0.0,0.09945310298169881,0.0,-0.5,-0.18937893851392476,8.981894759726273e-42,5.2481174411040624e-05,-0.0947192937208833
1770339890.3606422,1.0629247909784325,0.0,0.020073478564345302,1.3496864769484411,0.0,0.09949916905249387,0.0,-0.5,-0.18937893851392476,6.951827731579136e-42,-0.00055766661903033,-0.09447165072679135
1770339890.7801793,1.0626595145738134,0.0,0.020073478564345302,1.3496864769484411,0.0,0.09954513543094426,0.0,-0.5,-0.18937893851392476,5.2779531020453733e-42,-5.270772927531861e-05,-0.09471361128130022
1770339891.1976352,1.0623934051018962,0.0,0.020073478564345302,1.3496864769484411,0.0,0.09959118430877953,0.0,-0.5,-0.18937893851392476,3.987542198658734e-42,0.00021846286105783766,-0.09482581774652461
1770339891.622997,1.0621268483179815,0.0,0.020073478564345302,1.3496864769484411,0.0,0.09963727748061448,0.0,-0.5,-0.18937893851392476,3.099694161372434e-42,-0.00022398194703216254,-0.0946217227642553
1770339892.0492022,1.0618610213470467,0.0,0.020073478564345302,1.3496864769484411,0.0,0.09968329839373856,0.0,-0.5,-0.18937893851392476,2.3409609165811845e-42,0.0006406498698204044,-0.09509625737355784
1770339892.4795585,1.0615937682724008,0.0,0.020073478564345302,1.3496864769484411,0.0,0.09972946050907402,0.0,-0.5,-0.18937893851392476,1.7768004018897526e-42,0.00022142047833427549,-0.09484210243527814
1770339892.8980334,1.0613272066122303,0.0,0.020073478564345302,1.3496864769484411,0.0,0.09977555418516426,0.0,-0.5,-0.18937893851392476,1.3883350519848114e-42,0.00012690327626549433,-0.094762372615302
1770339893.3139627,1.061060800831319,0.0,0.020073478564345302,1.3496864769484411,0.0,0.09982163241709499,0.0,-0.5,-0.18937893851392476,1.0678166571908247e-42,8.847839914388311e-05,-0.09473755094424649
1770339893.7317472,1.0607944583934557,0.0,0.020073478564345302,1.3496864769484411,0.0,0.09986770436729221,0.0,-0.5,-0.18937893851392476,8.10237921495708e-43,-0.00033673318714863044,-0.09456362382201731
1770339894.1544816,1.0605288174122582,0.0,0.020073478564345302,1.3496864769484411,0.0,0.09991370685364036,0.0,-0.5,-0.18937893851392476,6.290067267532178e-43,-0.0005433318055722624,-0.09443846321601862
1770339894.580015,1.0602635173505555,0.0,0.020073478564345302,1.3496864769484411,0.0,0.09995967558707027,0.0,-0.5,-0.18937893851392476,4.753310516190996e-43,-0.00048133584774080675,-0.09445500092887513
1770339894.9951878,1.0599981149840365,0.0,0.020073478564345302,1.3496864769484411,0.0,0.10000565445388583,0.0,-0.5,-0.18937893851392476,3.688881983840093e-43,5.210708470005946e-05,-0.0947688670925565
1770339895.4091709,1.0597318325901042,0.0,0.020073478564345302,1.3496864769484411,0.0,0.10005172046567229,0.0,-0.5,-0.18937893851392476,2.7936690032685135e-43,-0.000211494937250611,-0.09461008199053214
1770339895.8215582,1.0594659850519905,0.0,0.020073478564345302,1.3496864769484411,0.0,0.10009774342263965,0.0,-0.5,-0.18937893851392476,2.16077218697182e-43,0.0009506927600109211,-0.095281034406694
1770339896.2413292,1.0591982207751283,0.0,0.020073478564345302,1.3496864769484411,0.0,0.10014395616198805,0.0,-0.5,-0.18937893851392476,1.6403159286404267e-43,0.0009063276757928164,-0.0951470696032806
1770339896.654598,1.0589305296260128,0.0,0.020073478564345302,1.3496864769484411,0.0,0.10019016165937213,0.0,-0.5,-0.18937893851392476,1.2687240208815337e-43,0.00023716426653967206,-0.09487496773115753
1770339897.0751536,1.0586639419913302,0.0,0.020073478564345302,1.3496864769484411,0.0,0.10023625789428976,0.0,-0.5,-0.18937893851392476,9.873083065859708e-44,-0.0002951888533451988,-0.09459511014227827
1770339897.4947505,1.058398232485057,0.0,0.020073478564345302,1.3496864769484411,0.0,0.10028226717199114,0.0,-0.5,-0.18937893851392476,7.472431068574535e-44,0.0007051761947597594,-0.09514209385915276
1770339897.9042985,1.0581308730018149,0.0,0.020073478564345302,1.3496864769484411,0.0,0.10032843982840803,0.0,-0.5,-0.18937893851392476,5.758518355264285e-44,-0.0004043481945778602,-0.09459824759860722
1770339898.32045,1.0578653436434278,0.0,0.020073478564345302,1.3496864769484411,0.0,0.10037443125869062,0.0,-0.5,-0.18937893851392476,4.386015404485191e-44,0.00020708295171089665,-0.0948541538474467
1770339898.7383401,1.0575988055920609,0.0,0.020073478564345302,1.3496864769484411,0.0,0.10042052259589461,0.0,-0.5,-0.18937893851392476,3.417495619546183e-44,-0.0012047646781024953,-0.09422827168089247
1770339899.1601229,1.05733459707141,0.0,0.020073478564345302,1.3496864769484411,0.0,0.10046638319875029,0.0,-0.5,-0.18937893851392476,2.5808586447789313e-44,-0.0006772276290256662,-0.09440360914735722
1770339899.5809278,1.0570695179539928,0.0,0.020073478564345302,1.3496864769484411,0.0,0.10051233003999022,0.0,-0.5,-0.18937893851392476,2.0160202623442495e-44,-0.0002801962416936962,-0.09458907427484872
1770339899.9991915,1.0568037837928543,0.0,0.020073478564345302,1.3496864769484411,0.0,0.10055834177459505,0.0,-0.5,-0.18937893851392476,1.5264298375673107e-44,-0.00024638113186523336,-0.09456966020201261
1770339900.4209201,1.056537993788124,0.0,0.020073478564345302,1.3496864769484411,0.0,0.10060435902382162,0.0,-0.5,-0.18937893851392476,1.1861871505296648e-44,-0.0008406579767706696,-0.0943285679530676
1770339900.8311598,1.0562731843614588,0.0,0.020073478564345302,1.3496864769484411,0.0,0.10065027916098859,0.0,-0.5,-0.18937893851392476,9.205671441299299e-45,-0.0006442373034240788,-0.094386992672585
1770339901.246442,1.0560080507361898,0.0,0.020073478564345302,1.3496864769484411,0.0,0.10069623139883306,0.0,-0.5,-0.18937893851392476,6.909231753898526e-45,-0.00037261878120217127,-0.09453032171858348
1770339901.6597984,1.0557424689942607,0.0,0.020073478564345302,1.3496864769484411,0.0,0.10074222802723673,0.0,-0.5,-0.18937893851392476,5.4225479167688476e-45,-0.000658859173091021,-0.09438866370960575
1770339902.0950675,1.0554773595249662,0.0,0.020073478564345302,1.3496864769484411,0.0,0.10078817787255076,0.0,-0.5,-0.18937893851392476,4.11917010952925e-45,-0.000385766741888088,-0.09452389512913863
1770339902.5079122,1.0552117994606505,0.0,0.020073478564345302,1.3496864769484411,0.0,0.1008341723498228,0.0,-0.5,-0.18937893851392476,3.200431323867937e-45,-0.000730157324075488,-0.09435882965314338
1770339902.9242456,1.0549468076974162,0.0,0.020073478564345302,1.3496864769484411,0.0,0.10088011053825645,0.0,-0.5,-0.18937893851392476,2.429145433588526e-45,-0.000557916472611144,-0.09442773510580324
1770339903.3569689,1.0546815316629419,0.0,0.020073478564345302,1.3496864769484411,0.0,0.10092607688452034,0.0,-0.5,-0.18937893851392476,1.8360220474425787e-45,-0.000721257656459475,-0.09434517454711748
1770339903.7745478,1.05441652522266,0.0,0.020073478564345302,1.3496864769484411,0.0,0.10097201653207569,0.0,-0.5,-0.18937893851392476,1.4264993197575672e-45,-0.0001344867545825185,-0.09468090296985882
1770339904.1824865,1.0541505506283053,0.0,0.020073478564345302,1.3496864769484411,0.0,0.1010180520632389,0.0,-0.5,-0.18937893851392476,1.1084220476586479e-45,0.0002570661819002629,-0.09485715764156079
1770339904.601369,1.053883930147291,0.0,0.020073478564345302,1.3496864769484411,0.0,0.1010641515597227,0.0,-0.5,-0.18937893851392476,8.388261161330508e-46,0.00031609829809978933,-0.09485342161763223
1770339905.0158086,1.0536172123020895,0.0,0.020073478564345302,1.3496864769484411,0.0,0.10111026067997245,0.0,-0.5,-0.18937893851392476,6.500287578475163e-46,-2.0249775458800812e-05,-0.09471297917658883
1770339905.4326565,1.053351049287916,0.0,0.020073478564345302,1.3496864769484411,0.0,0.10115631487394598,0.0,-0.5,-0.18937893851392476,4.922593447200454e-46,0.00048101850006244896,-0.09498010533454572
1770339905.8536842,1.053084059450627,0.0,0.020073478564345302,1.3496864769484411,0.0,0.1012024509396675,0.0,-0.5,-0.18937893851392476,4.3461322130833605e-46,0.0005476631473552297,-0.09496996529536927
1770339906.2812276,1.0528169597285992,0.0,0.020073478564345302,1.3496864769484411,0.0,0.10124859788442878,0.0,-0.5,-0.18937893851392476,2.888640119655553e-46,0.0010535478904232613,-0.09526683167648081
1770339906.6978161,1.0525490258449322,0.0,0.020073478564345302,1.3496864769484411,0.0,0.10129482741440562,0.0,-0.5,-0.18937893851392476,2.201376512510865e-46,-0.00040448651345678644,-0.09463302944062199
1770339907.1095314,1.0522834967118506,0.0,0.020073478564345302,1.3496864769484411,0.0,0.10134081881786614,0.0,-0.5,-0.18937893851392476,1.7140826146242628e-46,-0.0002243964473487946,-0.09459528003989878
1770339907.5203025,1.0520176704329256,0.0,0.020073478564345302,1.3496864769484411,0.0,0.10138683965588836,0.0,-0.5,-0.18937893851392476,1.3270387032131833e-46,0.00025333706082676904,-0.09486391113819333
1770339907.9411645,1.051751056131721,0.0,0.020073478564345302,1.3496864769484411,0.0,0.10143293854082851,0.0,-0.5,-0.18937893851392476,1.0297411572597972e-46,-2.1838722018733907e-05,-0.09470606747423756
1770339908.367034,1.051484895692468,0.0,0.020073478564345302,1.3496864769484411,0.0,0.1014789924826744,0.0,-0.5,-0.18937893851392476,7.804166925431318e-47,-0.0001763402377176523,-0.09461674928967345
1770339908.782612,1.05121899017036,0.0,0.020073478564345302,1.3496864769484411,0.0,0.10152502117420463,0.0,-0.5,-0.18937893851392476,6.05783490026793e-47,-0.00025863722675905856,-0.09456838034248699
1770339909.20285,1.0509995719396952,0.0,0.020073478564345302,1.3496864769484411,0.0,0.10157103642250327,0.0,-0.5,-0.18937893851392476,5.481082206418262e-47,-0.0002959868366234704,-0.09454521079963708
1770339909.619178,1.0508196489905501,0.0,0.020073478564345302,1.3496864769484411,0.0,0.10161704556072979,0.0,-0.5,-0.18937893851392476,3.557487662926393e-47,-0.0005528543053886677,-0.09443872885114456
1770339910.0336452,1.050672112172251,0.0,0.020073478564345302,1.3496864769484411,0.0,0.10166301272774964,0.0,-0.5,-0.18937893851392476,2.69731656120433e-47,-0.00047363877553115673,-0.09446057142218255
1770339910.4634569,1.050551131981246,0.0,0.020073478564345302,1.3496864769484411,0.0,0.10170899283911018,0.0,-0.5,-0.18937893851392476,2.0277978389410206e-47,-0.0006610325157334425,-0.0943776923731159
1770339910.893863,1.0504519282246216,0.0,0.020073478564345302,1.3496864769484411,0.0,0.1017549423250082,0.0,-0.5,-0.18937893851392476,1.5827372308899372e-47,-0.0007114616841718883,-0.09433878133172029
1770339911.3161428,1.0503705811441897,0.0,0.020073478564345302,1.3496864769484411,0.0,0.10180088357652455,0.0,-0.5,-0.18937893851392476,1.193156151051187e-47,3.4154932876418094e-05,-0.09478110838510542
1770339911.739489,1.0503038765382355,0.0,0.020073478564345302,1.3496864769484411,0.0,0.10184694665933876,0.0,-0.5,-0.18937893851392476,9.257954151274815e-48,-0.0001352509298719199,-0.09463878437830124
1770339912.1810765,1.050249178761353,0.0,0.020073478564345302,1.3496864769484411,0.0,0.10189298207784919,0.0,-0.5,-0.18937893851392476,7.048865330710473e-48,-0.0009564547246500426,-0.09429336227411518
1770339912.6111057,1.0502043265843095,0.0,0.020073478564345302,1.3496864769484411,0.0,0.10193888328398494,0.0,-0.5,-0.18937893851392476,5.1810385092526955e-48,-0.0006022865725946861,-0.09442374278587058
1770339913.0397837,1.050167547799134,0.0,0.020073478564345302,1.3496864769484411,0.0,0.10198484238292006,0.0,-0.5,-0.18937893851392476,3.891422771650589e-48,-0.0003076153080124603,-0.09456512872941437
1770339913.452074,1.0501373891952899,0.0,0.020073478564345302,1.3496864769484411,0.0,0.10203084963287143,0.0,-0.5,-0.18937893851392476,3.055396213978341e-48,3.980123969081045e-05,-0.0947441115315781
1770339913.868577,1.0501126591401377,0.0,0.020073478564345302,1.3496864769484411,0.0,0.10207691363300113,0.0,-0.5,-0.18937893851392476,2.3596677042056873e-48,-0.0007062595148882848,-0.09441094557497615
1770339914.2890766,1.050092380494913,0.0,0.020073478564345302,1.3496864769484411,0.0,0.10212285573209552,0.0,-0.5,-0.18937893851392476,1.859093311216575e-48,-0.0008692689908627565,-0.09427113570912844
1770339914.7032506,1.0500757520058286,0.0,0.020073478564345302,1.3496864769484411,0.0,0.10216877118076113,0.0,-0.5,-0.18937893851392476,1.4512693384544313e-48,-0.0010378875453415383,-0.09418738733973948
1770339915.1165419,1.0500621166447794,0.0,0.020073478564345302,1.3496864769484411,0.0,0.10221465906704691,0.0,-0.5,-0.18937893851392476,1.0969498275356598e-48,-0.0010402602205195842,-0.09416957641422039
1770339915.5333378,1.050050935648719,0.0,0.020073478564345302,1.3496864769484411,0.0,0.10226054656173017,0.0,-0.5,-0.18937893851392476,8.140821828532614e-49,-0.0003215325494200134,-0.09460057574936233
1770339915.9555235,1.0500417672319498,0.0,0.020073478564345302,1.3496864769484411,0.0,0.10230655153180387,0.0,-0.5,-0.18937893851392476,7.69809694594599e-49,-0.0005158166438031193,-0.09445098934449912
1770339916.3695068,1.0500342491301988,0.0,0.020073478564345302,1.3496864769484411,0.0,0.10235252475525167,0.0,-0.5,-0.18937893851392476,4.779341109076722e-49,-0.0008850881049035047,-0.09428385235062066
1770339916.7879767,1.050028084286763,0.0,0.020073478564345302,1.3496864769484411,0.0,0.10239843761826779,0.0,-0.5,-0.18937893851392476,3.7111980766587666e-49,0.00018935211355524924,-0.09489158933558588
1770339917.2159421,1.0500230291151458,0.0,0.020073478564345302,1.3496864769484411,0.0,0.1024445260479572,0.0,-0.5,-0.18937893851392476,2.8023801297893974e-49,-0.00045771482763450717,-0.0945253185372641
1770339917.6284728,1.0500188838744196,0.0,0.020073478564345302,1.3496864769484411,0.0,0.1024905087610605,0.0,-0.5,-0.18937893851392476,2.1791636417034943e-49,8.838866827011083e-05,-0.0947882739406879
1770339918.0634387,1.050015484777024,0.0,0.020073478564345302,1.3496864769484411,0.0,0.10253658070052889,0.0,-0.5,-0.18937893851392476,1.64907056802702e-49,7.719213876591372e-05,-0.09472918497929576
1770339918.4957168,1.0500126975171598,0.0,0.020073478564345302,1.3496864769484411,0.0,0.1025826508053663,0.0,-0.5,-0.18937893851392476,1.248840439687498e-49,-0.0005311466765024871,-0.09448472980023798
1770339918.90927,1.050010411964071,0.0,0.020073478564345302,1.3496864769484411,0.0,0.10262862152363088,0.0,-0.5,-0.18937893851392476,9.67792597322043e-50,0.00013314852545119767,-0.09482247303988335
1770339919.3381994,1.0500085378105382,0.0,0.020073478564345302,1.3496864769484411,0.0,0.10267470077480104,0.0,-0.5,-0.18937893851392476,8.677409870109257e-50,0.0003183031435462943,-0.09486713629054504
1770339919.7680147,1.0500070010046414,0.0,0.020073478564345302,1.3496864769484411,0.0,0.10272081025446679,0.0,-0.5,-0.18937893851392476,6.63266050622681e-50,-5.4175627169490904e-05,-0.0946996293204492
1770339920.1932316,1.050005740823806,0.0,0.020073478564345302,1.3496864769484411,0.0,0.10276685890163209,0.0,-0.5,-0.18937893851392476,5.150031798251588e-50,-0.00020666204621671387,-0.09460138687575874
1770339920.6050198,1.0500047074755208,0.0,0.020073478564345302,1.3496864769484411,0.0,0.10281288265253331,0.0,-0.5,-0.18937893851392476,3.258137653754394e-50,-0.0004042036999356465,-0.09450712157236645
1770339921.0227306,1.050003860129927,0.0,0.020073478564345302,1.3496864769484411,0.0,0.10285887412036683,0.0,-0.5,-0.18937893851392476,2.5348438629938705e-50,-0.00016739688025169754,-0.09462945149880493
1770339921.4396114,1.0500031653065403,0.0,0.020073478564345302,1.3496864769484411,0.0,0.10290490427101877,0.0,-0.5,-0.18937893851392476,1.903903911737077e-50,-0.00037129264853628794,-0.0945242125095227
1770339921.8714645,1.050002595551363,0.0,0.020073478564345302,1.3496864769484411,0.0,0.10295090110327032,0.0,-0.5,-0.18937893851392476,1.485940463972202e-50,-8.64750754859949e-05,-0.09467471347652442
1770339922.2843688,1.0500021283521177,0.0,0.020073478564345302,1.3496864769484411,0.0,0.10299694447721269,0.0,-0.5,-0.18937893851392476,1.1241462647100953e-50,0.0002471621441851533,-0.09484641405102208
1770339922.717368,1.0500017452487365,0.0,0.020073478564345302,1.3496864769484411,0.0,0.10304304235900667,0.0,-0.5,-0.18937893851392476,8.718058039672212e-51,4.207741358524679e-05,-0.094731016436815
1770339923.1667736,1.0500014311039638,0.0,0.020073478564345302,1.3496864769484411,0.0,0.10308910673464564,0.0,-0.5,-0.18937893851392476,6.428507889923274e-51,-1.1909930490621942e-05,-0.09468891302612464
1770339923.5858152,1.0500011735052504,0.0,0.020073478564345302,1.3496864769484411,0.0,0.10313516229118136,0.0,-0.5,-0.18937893851392476,4.9992072171282946e-51,3.736886459650412e-05,-0.09471308156876936
1770339924.0013902,1.0500009622743054,0.0,0.020073478564345302,1.3496864769484411,0.0,0.10318122589970855,0.0,-0.5,-0.18937893851392476,3.788706406162236e-51,-0.0006306016214925191,-0.09444096549482502
1770339924.4221294,1.0500007890649303,0.0,0.020073478564345302,1.3496864769484411,0.0,0.1032271803691509,0.0,-0.5,-0.18937893851392476,2.9518836349114397e-51,2.2783079242685563e-05,-0.09476619926665725
1770339924.8517299,1.0500006470332428,0.0,0.020073478564345302,1.3496864769484411,0.0,0.10327324158514765,0.0,-0.5,-0.18937893851392476,2.236475402992835e-51,-0.00020996666519574805,-0.09460776089880836
1770339925.2814898,1.050000530567259,0.0,0.020073478564345302,1.3496864769484411,0.0,0.1033192647781494,0.0,-0.5,-0.18937893851392476,1.6923100165173637e-51,0.00031431372509985867,-0.09489905415854187
1770339925.702788,1.0500004350651524,0.0,0.020073478564345302,1.3496864769484411,0.0,0.10336537363017825,0.0,-0.5,-0.18937893851392476,1.300759126865308e-51,-0.0005182088388289762,-0.09451361709394078
1770339926.1260226,1.050000356753425,0.0,0.020073478564345302,1.3496864769484411,0.0,0.10341134646202353,0.0,-0.5,-0.18937893851392476,9.859806896232887e-52,-0.0011645304224144042,-0.09417183620411372
1770339926.5555406,1.0500002925378085,0.0,0.020073478564345302,1.3496864769484411,0.0,0.10345721364702014,0.0,-0.5,-0.18937893851392476,7.591471404660787e-52,-0.0002622193681431886,-0.0946485906783179
1770339926.9826374,1.0500002398810029,0.0,0.020073478564345302,1.3496864769484411,0.0,0.1035032283052328,0.0,-0.5,-0.18937893851392476,5.828756276675804e-52,-0.00016836235491921698,-0.09461467378082518
1770339927.397833,1.0500001967024224,0.0,0.020073478564345302,1.3496864769484411,0.0,0.10354925831104544,0.0,-0.5,-0.18937893851392476,4.376414499160304e-52,-0.000763169719368829,-0.09436736513372293
1770339927.8132818,1.0500001612959864,0.0,0.020073478564345302,1.3496864769484411,0.0,0.10359519110287456,0.0,-0.5,-0.18937893851392476,3.4470511322468996e-52,0.00014187049888018266,-0.09485090852822736
1770339928.2406154,1.0500001322627088,0.0,0.020073478564345302,1.3496864769484411,0.0,0.1036412717756155,0.0,-0.5,-0.18937893851392476,2.6149890608251402e-52,-0.00020179843013132636,-0.09462293693479787
1770339928.6517642,1.0500001084554214,0.0,0.020073478564345302,1.3496864769484411,0.0,0.10368729631508616,0.0,-0.5,-0.18937893851392476,2.0406603227549892e-52,-0.00028470655049586284,-0.0945554067937509
1770339929.0653872,1.0500000889334455,0.0,0.020073478564345302,1.3496864769484411,0.0,0.10373330729867247,0.0,-0.5,-0.18937893851392476,1.554344135830075e-52,-0.00058492375428179,-0.09442702910020008
1770339929.4844882,1.0500000729254253,0.0,0.020073478564345302,1.3496864769484411,0.0,0.10377926923002032,0.0,-0.5,-0.18937893851392476,1.2035445905880444e-52,0.00021544081104049487,-0.09487722611901486
1770339929.907816,1.0500000597988488,0.0,0.020073478564345302,1.3496864769484411,0.0,0.10382536192442206,0.0,-0.5,-0.18937893851392476,9.599127712762183e-53,0.0003889423451492838,-0.0949012905829479
1770339930.3560455,1.050000049035056,0.0,0.020073478564345302,1.3496864769484411,0.0,0.103871482942951,0.0,-0.5,-0.18937893851392476,7.093435837957422e-53,1.077824419913983e-05,-0.09473267478915696
1770339930.775935,1.050000040208746,0.0,0.020073478564345302,1.3496864769484411,0.0,0.10391754220629958,0.0,-0.5,-0.18937893851392476,5.211070638337062e-53,-9.809858562053538e-05,-0.09465130764713407
1770339931.2027903,1.0500000329711716,0.0,0.020073478564345302,1.3496864769484411,0.0,0.10396358368123797,0.0,-0.5,-0.18937893851392476,3.9525012528123734e-53,-0.0004136713961720961,-0.09451419083993148
1770339931.6313736,1.0500000270363608,0.0,0.020073478564345302,1.3496864769484411,0.0,0.10400957358802584,0.0,-0.5,-0.18937893851392476,3.160583989924651e-53,-0.0001478254045482272,-0.09464214115385065
1770339932.0668862,1.0500000221698158,0.0,0.020073478564345302,1.3496864769484411,0.0,0.10405560694123533,0.0,-0.5,-0.18937893851392476,2.4514484883888356e-53,0.00026877394470643367,-0.09486551616424106
1770339932.5034173,1.050000018179249,0.0,0.020073478564345302,1.3496864769484411,0.0,0.10410170835281637,0.0,-0.5,-0.18937893851392476,1.8079789740104951e-53,-0.00016672861645512625,-0.09464965520485098
1770339932.9172893,1.0500000149069841,0.0,0.020073478564345302,1.3496864769484411,0.0,0.10414773861612109,0.0,-0.5,-0.18937893851392476,1.3671034605844962e-53,-8.626888528315412e-05,-0.094654380787438
1770339933.347132,1.050000012223727,0.0,0.020073478564345302,1.3496864769484411,0.0,0.10419378201688556,0.0,-0.5,-0.18937893851392476,1.0605929446475758e-53,-0.0001290589916520404,-0.09462921877177324
1770339933.768327,1.050000010023456,0.0,0.020073478564345302,1.3496864769484411,0.0,0.10423981843854217,0.0,-0.5,-0.18937893851392476,7.794596878348124e-54,-0.0008303242885816894,-0.0943444336423645
1770339934.1787422,1.050000008219234,0.0,0.020073478564345302,1.3496864769484411,0.0,0.10428574026013641,0.0,-0.5,-0.18937893851392476,6.226459909245094e-54,-0.0006280438743545511,-0.09439567536120781
1770339934.5898986,1.050000006739772,0.0,0.020073478564345302,1.3496864769484411,0.0,0.10433169514263897,0.0,-0.5,-0.18937893851392476,4.837817565975457e-54,-0.00024094415035719261,-0.09460770715418353
1770339935.000118,1.050000005526613,0.0,0.020073478564345302,1.3496864769484411,0.0,0.10437771327699452,0.0,-0.5,-0.18937893851392476,3.5569767437325966e-54,-5.5442957499206186e-05,-0.09468029789749857
1770339935.4127386,1.0500000045318227,0.0,0.020073478564345302,1.3496864769484411,0.0,0.10442376171494752,0.0,-0.5,-0.18937893851392476,2.8425121898436325e-54,-0.0007601434962081145,-0.09437986756272922
1770339935.8342009,1.0500000037160946,0.0,0.020073478564345302,1.3496864769484411,0.0,0.10446969500030309,0.0,-0.5,-0.18937893851392476,2.1446053828081732e-54,-0.00013079680824166007,-0.0946870055216382
1770339936.2523103,1.0500000030471976,0.0,0.020073478564345302,1.3496864769484411,0.0,0.10451573113228113,0.0,-0.5,-0.18937893851392476,1.6664458466383537e-54,-0.0003611694285764707,-0.09453192180470762
1770339936.6681721,1.0500000024987022,0.0,0.020073478564345302,1.3496864769484411,0.0,0.1045617296382311,0.0,-0.5,-0.18937893851392476,1.2591098399557296e-54,-0.00044480181253777994,-0.09447543158908962
1770339937.0830584,1.0500000020489357,0.0,0.020073478564345302,1.3496864769484411,0.0,0.10460771447564393,0.0,-0.5,-0.18937893851392476,9.524651209713592e-55,-0.0006574790373663716,-0.09438199746076205
1770339937.5070016,1.0500000016801274,0.0,0.020073478564345302,1.3496864769484411,0.0,0.10465366454626351,0.0,-0.5,-0.18937893851392476,7.483287522473451e-55,-0.0003222767113074692,-0.09456185113391453
1770339937.941297,1.0500000013777044,0.0,0.020073478564345302,1.3496864769484411,0.0,0.1046996693929556,0.0,-0.5,-0.18937893851392476,5.745306783613631e-55,-0.0004893082762774168,-0.09446151827532066
1770339938.3542333,1.0500000011297177,0.0,0.020073478564345302,1.3496864769484411,0.0,0.10474564694548874,0.0,-0.5,-0.18937893851392476,4.3602156646084254e-55,0.0001350215305941349,-0.0948194130029466
1770339938.7799652,1.0500000009263686,0.0,0.020073478564345302,1.3496864769484411,0.0,0.10479172650779514,0.0,-0.5,-0.18937893851392476,3.387660486464359e-55,0.0005726982840284191,-0.09501958607432003
1770339939.2039618,1.0500000007596222,0.0,0.020073478564345302,1.3496864769484411,0.0,0.10483787754560737,0.0,-0.5,-0.18937893851392476,2.562840143897801e-55,-0.0004848969389306851,-0.09455278030979294
1770339939.6218898,1.0500000006228902,0.0,0.020073478564345302,1.3496864769484411,0.0,0.10488385582770138,0.0,-0.5,-0.18937893851392476,1.9313232567500248e-55,-0.00017776245140367847,-0.09463130148001324
1770339940.0582058,1.05000000051077,0.0,0.020073478564345302,1.3496864769484411,0.0,0.10492988429929047,0.0,-0.5,-0.18937893851392476,1.5054215475118081e-55,0.0006655712867275607,-0.09510658827413929
1770339940.4832382,1.0500000004188312,0.0,0.020073478564345302,1.3496864769484411,0.0,0.10497605049158364,0.0,-0.5,-0.18937893851392476,1.105037412682311e-55,0.0009785087568513538,-0.09521001738240044
1770339940.9003987,1.0500000003434415,0.0,0.020073478564345302,1.3496864769484411,0.0,0.10502226777459411,0.0,-0.5,-0.18937893851392476,8.579825919233261e-56,0.0004336118782916459,-0.09496076488396417
1770339941.3248684,1.050000000281622,0.0,0.020073478564345302,1.3496864769484411,0.0,0.10506839609409599,0.0,-0.5,-0.18937893851392476,6.49576674858524e-56,0.0005135330427336633,-0.09495422789477341
1770339941.7377229,1.0500000002309302,0.0,0.020073478564345302,1.3496864769484411,0.0,0.10511453747059135,0.0,-0.5,-0.18937893851392476,5.042297160336065e-56,0.0002421259247134596,-0.09483767293112112
1770339942.1551888,1.0500000001893628,0.0,0.020073478564345302,1.3496864769484411,0.0,0.10516063451553612,0.0,-0.5,-0.18937893851392476,3.7548618751927083e-56,0.00039768397755305177,-0.09490386705102287
1770339942.5778458,1.0500000001552774,0.0,0.020073478564345302,1.3496864769484411,0.0,0.10520675696636467,0.0,-0.5,-0.18937893851392476,2.9607447735225606e-56,0.00046398507685415367,-0.09492809190531958
1770339942.9897873,1.0500000001273275,0.0,0.020073478564345302,1.3496864769484411,0.0,0.10525289025331763,0.0,-0.5,-0.18937893851392476,2.8445742804835237e-56,-4.101814558512282e-05,-0.09471946050641374
1770339943.4127836,1.0500000001044085,0.0,0.020073478564345302,1.3496864769484411,0.0,0.10529894104625015,0.0,-0.5,-0.18937893851392476,1.7397432872978171e-56,0.00032200084425162474,-0.09488677157807188
1770339943.829509,1.050000000085615,0.0,0.020073478564345302,1.3496864769484411,0.0,0.10534505114282398,0.0,-0.5,-0.18937893851392476,1.3544219485723892e-56,5.079312341778059e-05,-0.09474198659075465
1770339944.2560935,1.050000000070204,0.0,0.020073478564345302,1.3496864769484411,0.0,0.10539111694003372,0.0,-0.5,-0.18937893851392476,1.0186918527895246e-56,0.0001233561406908171,-0.09475840362903509
1770339944.669968,1.0500000000575673,0.0,0.020073478564345302,1.3496864769484411,0.0,0.10543719459797173,0.0,-0.5,-0.18937893851392476,7.933291688574049e-57,-0.0007917347098587589,-0.09438511098708795
1770339945.0833826,1.0500000000472052,0.0,0.020073478564345302,1.3496864769484411,0.0,0.10548312272812156,0.0,-0.5,-0.18937893851392476,6.046063424762145e-57,5.831364309118501e-05,-0.09480363091380298
1770339945.5229914,1.0500000000387082,0.0,0.020073478564345302,1.3496864769484411,0.0,0.10552918976451187,0.0,-0.5,-0.18937893851392476,4.5373682998639924e-57,0.0008844968124356324,-0.09521433598011464
1770339945.9380236,1.0500000000317407,0.0,0.020073478564345302,1.3496864769484411,0.0,0.10557539168919353,0.0,-0.5,-0.18937893851392476,3.519275961177015e-57,-0.000267641523362207,-0.09467086232886106
1770339946.3558311,1.0500000000260274,0.0,0.020073478564345302,1.3496864769484411,0.0,0.10562140546227722,0.0,-0.5,-0.18937893851392476,2.6672522894540694e-57,5.049999414121772e-05,-0.09474653340578333
1770339946.7704122,1.0500000000213425,0.0,0.020073478564345302,1.3496864769484411,0.0,0.10566747121657162,0.0,-0.5,-0.18937893851392476,2.0662326602988383e-57,-0.00027374612060641483,-0.09458502080813394
1770339947.1869154,1.050000000017501,0.0,0.020073478564345302,1.3496864769484411,0.0,0.10571348399723797,0.0,-0.5,-0.18937893851392476,1.6083059105382136e-57,-0.0006175332771422874,-0.09441508133404483
1770339947.6093931,1.0500000000143508,0.0,0.020073478564345302,1.3496864769484411,0.0,0.10575944059098988,0.0,-0.5,-0.18937893851392476,1.2299362734135613e-57,0.00042073631043278127,-0.09500366437093627
1770339948.0191352,1.0500000000117677,0.0,0.020073478564345302,1.3496864769484411,0.0,0.1058055668130043,0.0,-0.5,-0.18937893851392476,9.475483486780038e-58,0.00046627372247577475,-0.09492715985940456
1770339948.4326007,1.0500000000096497,0.0,0.020073478564345302,1.3496864769484411,0.0,0.10585170045937328,0.0,-0.5,-0.18937893851392476,7.451149406446015e-58,-0.0009589473005028478,-0.0943525177090088
1770339948.8531568,1.0500000000079128,0.0,0.020073478564345302,1.3496864769484411,0.0,0.10589760125244885,0.0,-0.5,-0.18937893851392476,5.6379286564300704e-58,0.00024481822398751473,-0.09493225492140517
1770339949.2642374,1.0500000000064886,0.0,0.020073478564345302,1.3496864769484411,0.0,0.1059436987372759,0.0,-0.5,-0.18937893851392476,4.370199703373015e-58,-0.00019160412836098412,-0.09463730942801675
1770339949.6803732,1.0500000000053207,0.0,0.020073478564345302,1.3496864769484411,0.0,0.10598972493435174,0.0,-0.5,-0.18937893851392476,3.309594476272741e-58,0.0010837149735882152,-0.09535885865395141
1770339950.0930963,1.050000000004363,0.0,0.020073478564345302,1.3496864769484411,0.0,0.10603595937813551,0.0,-0.5,-0.18937893851392476,2.5674229139786265e-58,-0.0002934747959155715,-0.09468045083595497
1770339950.5191112,1.0500000000035776,0.0,0.020073478564345302,1.3496864769484411,0.0,0.10608196893478662,0.0,-0.5,-0.18937893851392476,1.9127467689673736e-58,-0.0008605932845597246,-0.09431588446354693
1770339950.935076,1.0500000000029337,0.0,0.020073478564345302,1.3496864769484411,0.0,0.10612788579429418,0.0,-0.5,-0.18937893851392476,1.5084238005650809e-58,-0.0008273624721697373,-0.09427911110211651
1770339951.3848908,1.0500000000024057,0.0,0.020073478564345302,1.3496864769484411,0.0,0.10617380809868604,0.0,-0.5,-0.18937893851392476,1.1701473205400503e-58,0.00010829169521260534,-0.09483718052130691
1770339951.8092258,1.0500000000019727,0.0,0.020073478564345302,1.3496864769484411,0.0,0.10621988328362733,0.0,-0.5,-0.18937893851392476,8.62774983466187e-59,-0.0004123986876741527,-0.09453533895141399
1770339952.2272122,1.0500000000016176,0.0,0.020073478564345302,1.3496864769484411,0.0,0.10626587340499193,0.0,-0.5,-0.18937893851392476,6.5928301470764575e-59,-0.0006084783346282394,-0.09440483805434367
1770339952.6526535,1.0500000000013265,0.0,0.020073478564345302,1.3496864769484411,0.0,0.1063118314793232,0.0,-0.5,-0.18937893851392476,5.056188004434911e-59,-0.0009498899110658035,-0.09424866545907323
1770339953.0709665,1.0500000000010878,0.0,0.020073478564345302,1.3496864769484411,0.0,0.10635773374761372,0.0,-0.5,-0.18937893851392476,3.937991116717464e-59,-0.0011336943442004648,-0.09414100252817562
1770339953.4852948,1.050000000000892,0.0,0.020073478564345302,1.3496864769484411,0.0,0.10640360596979885,0.0,-0.5,-0.18937893851392476,2.9820100055512843e-59,-0.00029026552432603425,-0.0946286793767868
1770339953.8986442,1.0500000000007315,0.0,0.020073478564345302,1.3496864769484411,0.0,0.10644961605216294,0.0,-0.5,-0.18937893851392476,2.3156232900296225e-59,-0.0006326089252740984,-0.09440739913442014
1770339954.3115678,1.0500000000005998,0.0,0.020073478564345302,1.3496864769484411,0.0,0.1064955701943758,0.0,-0.5,-0.18937893851392476,1.7955136739581592e-59,-0.0003164564074055597,-0.09456285630504646
1770339954.734538,1.0500000000004919,0.0,0.020073478564345302,1.3496864769484411,0.0,0.10654157599056988,0.0,-0.5,-0.18937893851392476,1.359004221172055e-59,-0.0004107932871799843,-0.09449350630134982
1770339955.1650524,1.0500000000004033,0.0,0.020073478564345302,1.3496864769484411,0.0,0.10658756639088421,0.0,-0.5,-0.18937893851392476,1.028122840328648e-59,-0.0006994007488125319,-0.09436862962871936
1770339955.6066225,1.0500000000003307,0.0,0.020073478564345302,1.3496864769484411,0.0,0.10663350960577755,0.0,-0.5,-0.18937893851392476,7.758859437825116e-60,-0.00021806313855107047,-0.09462857144871299
1770339956.01994,1.0500000000002712,0.0,0.020073478564345302,1.3496864769484411,0.0,0.10667953148449688,0.0,-0.5,-0.18937893851392476,6.048205321272472e-60,4.062259246225556e-05,-0.09473564912629484
1770339956.4560683,1.0500000000002223,0.0,0.020073478564345302,1.3496864769484411,0.0,0.10672559562410144,0.0,-0.5,-0.18937893851392476,4.4974159645651464e-60,7.035953701061543e-05,-0.09472762271992252
1770339956.8664749,1.0500000000001823,0.0,0.020073478564345302,1.3496864769484411,0.0,0.10677166461850433,0.0,-0.5,-0.18937893851392476,3.562834364403195e-60,-0.00027398612694728243,-0.09458691075988453
1770339957.2807665,1.0500000000001495,0.0,0.020073478564345302,1.3496864769484411,0.0,0.10681767735089093,0.0,-0.5,-0.18937893851392476,2.70054786512831e-60,-0.0007968238027259672,-0.09434334112317726
1770339957.690128,1.0500000000001226,0.0,0.020073478564345302,1.3496864769484411,0.0,0.10686360464419156,0.0,-0.5,-0.18937893851392476,2.0986942970381477e-60,3.4499946192789114e-05,-0.09478985160495065
1770339958.1060967,1.0500000000001006,0.0,0.020073478564345302,1.3496864769484411,0.0,0.10690966778064996,0.0,-0.5,-0.18937893851392476,1.6310379289723498e-60,0.001316605561868154,-0.095475982599464
1770339958.525101,1.0500000000000824,0.0,0.020073478564345302,1.3496864769484411,0.0,0.10695594023133546,0.0,-0.5,-0.18937893851392476,1.2330909137893878e-60,0.0005901713872759516,-0.09505719836805958
1770339958.944132,1.0500000000000675,0.0,0.020073478564345302,1.3496864769484411,0.0,0.1070020941283825,0.0,-0.5,-0.18937893851392476,9.560973521315809e-61,-0.00015811841875131065,-0.09468523902818944
1770339959.3555825,1.0500000000000553,0.0,0.020073478564345302,1.3496864769484411,0.0,0.10704812579180033,0.0,-0.5,-0.18937893851392476,7.204085716671331e-61,-0.00014658351295390514,-0.09461733099106517
1770339959.7719684,1.0500000000000453,0.0,0.020073478564345302,1.3496864769484411,0.0,0.10709415934349328,0.0,-0.5,-0.18937893851392476,5.488517412829967e-61,7.015697433813956e-05,-0.09474622179286064
1770339960.1876514,1.0500000000000371,0.0,0.020073478564345302,1.3496864769484411,0.0,0.10714022830570966,0.0,-0.5,-0.18937893851392476,4.3186278479139015e-61,0.0006419945224758219,-0.09506765027301406
1770339960.6054397,1.0500000000000305,0.0,0.020073478564345302,1.3496864769484411,0.0,0.10718639065171509,0.0,-0.5,-0.18937893851392476,3.288855520335776e-61,0.00031467108088889306,-0.09487953714156552
1770339961.0251415,1.050000000000025,0.0,0.020073478564345302,1.3496864769484411,0.0,0.10723249955738812,0.0,-0.5,-0.18937893851392476,2.54983148857712e-61,-8.121489528433053e-05,-0.09468845040693753
1770339961.4380019,1.0500000000000205,0.0,0.020073478564345302,1.3496864769484411,0.0,0.10727854378963737,0.0,-0.5,-0.18937893851392476,1.927576220114687e-61,-0.0008828576350298086,-0.09432820471342201
1770339961.8552575,1.0500000000000167,0.0,0.020073478564345302,1.3496864769484411,0.0,0.10732445702816276,0.0,-0.5,-0.18937893851392476,1.4699979596135791e-61,-0.0010891032668194354,-0.09416554218673162
1770339962.2753582,1.0500000000000136,0.0,0.020073478564345302,1.3496864769484411,0.0,0.10737033654595642,0.0,-0.5,-0.18937893851392476,1.1384464675403177e-61,-0.0006711674584829292,-0.09439567910855458
1770339962.703832,1.0500000000000111,0.0,0.020073478564345302,1.3496864769484411,0.0,0.10741628437961367,0.0,-0.5,-0.18937893851392476,8.874173251046729e-62,-0.0005730532106513234,-0.09441275407641989
1770339963.1617887,1.0500000000000091,0.0,0.020073478564345302,1.3496864769484411,0.0,0.10746224825288085,0.0,-0.5,-0.18937893851392476,6.5744749987772334e-62,0.0007859262188665618,-0.09521833030934744
1770339963.586046,1.0500000000000076,0.0,0.020073478564345302,1.3496864769484411,0.0,0.10750843409503726,0.0,-0.5,-0.18937893851392476,6.121644902391379e-62,-3.8503450934857116e-05,-0.09475266049847508
1770339964.010084,1.0500000000000063,0.0,0.020073478564345302,1.3496864769484411,0.0,0.10755448530102996,0.0,-0.5,-0.18937893851392476,3.8886431158976013e-62,-0.0005644265849343215,-0.09445984827789516
1770339964.4355226,1.0500000000000052,0.0,0.020073478564345302,1.3496864769484411,0.0,0.10760045058513908,0.0,-0.5,-0.18937893851392476,2.9043190823560144e-62,-7.972105460706333e-05,-0.09469807928269157
1770339964.850352,1.0500000000000043,0.0,0.020073478564345302,1.3496864769484411,0.0,0.10764649506415157,0.0,-0.5,-0.18937893851392476,2.196754289847939e-62,0.000138373737655038,-0.09478046560501611
1770339965.2687597,1.0500000000000036,0.0,0.020073478564345302,1.3496864769484411,0.0,0.10769257516826419,0.0,-0.5,-0.18937893851392476,1.7059480956879683e-62,-8.996510653007741e-05,-0.09466732058811585
1770339965.6858468,1.050000000000003,0.0,0.020073478564345302,1.3496864769484411,0.0,0.10773861797894267,0.0,-0.5,-0.18937893851392476,1.290908097579688e-62,-0.0004950875749165529,-0.09448243771634275
1770339966.1081212,1.0500000000000025,0.0,0.020073478564345302,1.3496864769484411,0.0,0.10778459458197383,0.0,-0.5,-0.18937893851392476,1.000945673195859e-62,-0.0004155379968076997,-0.09448965521636941
1770339966.5262136,1.050000000000002,0.0,0.020073478564345302,1.3496864769484411,0.0,0.10783058418835428,0.0,-0.5,-0.18937893851392476,7.578213624286092e-63,-0.0007461128308822843,-0.0943494703249287
1770339966.941045,1.0500000000000016,0.0,0.020073478564345302,1.3496864769484411,0.0,0.10787651976968077,0.0,-0.5,-0.18937893851392476,5.892652096622464e-63,-0.0013233608580979109,-0.09408551363063498
1770339967.359168,1.0500000000000014,0.0,0.020073478564345302,1.3496864769484411,0.0,0.1079223609855297,0.0,-0.5,-0.18937893851392476,4.449265267830859e-63,-0.0005546409657596658,-0.09448902076331638
1770339967.7749364,1.0500000000000012,0.0,0.020073478564345302,1.3496864769484411,0.0,0.10796832786287097,0.0,-0.5,-0.18937893851392476,3.45582074273878e-63,-0.0010172255193975892,-0.09422711495262738
1770339968.2025642,1.050000000000001,0.0,0.020073478564345302,1.3496864769484411,0.0,0.10801421912874011,0.0,-0.5,-0.18937893851392476,2.6377910484015673e-63,-0.0014139937043659043,-0.09402214922327626
1770339968.6244602,1.0500000000000007,0.0,0.020073478564345302,1.3496864769484411,0.0,0.10806004552270201,0.0,-0.5,-0.18937893851392476,2.0340146816159522e-63,-0.0004342524888654387,-0.0945703171340797
1770339969.038219,1.0500000000000005,0.0,0.020073478564345302,1.3496864769484411,0.0,0.10810603207672861,0.0,-0.5,-0.18937893851392476,1.4891267765126465e-63,-0.0006737796389948181,-0.0943765321524779
1770339969.4557607,1.0500000000000005,0.0,0.020073478564345302,1.3496864769484411,0.0,0.10815197949196127,0.0,-0.5,-0.18937893851392476,1.1934848046436365e-63,-0.0005554996762321945,-0.09442354741512254
1770339969.8710165,1.0500000000000005,0.0,0.020073478564345302,1.3496864769484411,0.0,0.10819794622446326,0.0,-0.5,-0.18937893851392476,9.246001145935516e-64,-0.000521717876292426,-0.09443198849881014
1770339970.2858772,1.0500000000000005,0.0,0.020073478564345302,1.3496864769484411,0.0,0.10824391848768022,0.0,-0.5,-0.18937893851392476,7.002914555517913e-64,-0.0004099798717227673,-0.09449565312155797
1770339970.7125301,1.0500000000000005,0.0,0.020073478564345302,1.3496864769484411,0.0,0.10828990901674058,0.0,-0.5,-0.18937893851392476,5.433621245484937e-64,-0.0006876161846442094,-0.09437342479593241
1770339971.1433403,1.0500000000000005,0.0,0.020073478564345302,1.3496864769484411,0.0,0.10833585416282442,0.0,-0.5,-0.18937893851392476,4.114049023833425e-64,0.00015519123600167648,-0.09485134561702781
1770339971.557596,1.0500000000000005,0.0,0.020073478564345302,1.3496864769484411,0.0,0.10838193700815466,0.0,-0.5,-0.18937893851392476,3.11337107687926e-64,0.0003097852885876849,-0.09485982130651482
1770339971.9975684,1.0500000000000005,0.0,0.020073478564345302,1.3496864769484411,0.0,0.10842804510916498,0.0,-0.5,-0.18937893851392476,2.4156787988343125e-64,-0.0004346785188744456,-0.09454657637827138
1770339972.4263308,1.0500000000000005,0.0,0.020073478564345302,1.3496864769484411,0.0,0.10847403159345415,0.0,-0.5,-0.18937893851392476,1.8270373527432906e-64,-7.674104608653247e-05,-0.0946868924811979
1770339972.8537982,1.0500000000000005,0.0,0.020073478564345302,1.3496864769484411,0.0,0.10852007654989984,0.0,-0.5,-0.18937893851392476,1.3838197884513648e-64,-0.000145360191900244,-0.09462365107559362
1770339973.3058105,1.0500000000000005,0.0,0.020073478564345302,1.3496864769484411,0.0,0.10856611030007628,0.0,-0.5,-0.18937893851392476,1.0471820607674732e-64,-0.0005995081768024767,-0.09443512996705136
1770339973.7325459,1.0500000000000005,0.0,0.020073478564345302,1.3496864769484411,0.0,0.10861206984962252,0.0,-0.5,-0.18937893851392476,7.73024441881677e-65,-0.0004958441226581463,-0.09445191360104774
1770339974.154159,1.0500000000000005,0.0,0.020073478564345302,1.3496864769484411,0.0,0.1086580463400009,0.0,-0.5,-0.18937893851392476,5.9829364403919895e-65,-0.000606612837940631,-0.09439723970952031
1770339974.5752037,1.0500000000000005,0.0,0.020073478564345302,1.3496864769484411,0.0,0.10870400472010401,0.0,-0.5,-0.18937893851392476,4.651679926463045e-65,-0.000936868999834807,-0.09425406037323439
1770339974.9870045,1.0500000000000005,0.0,0.020073478564345302,1.3496864769484411,0.0,0.10874990912879733,0.0,-0.5,-0.18937893851392476,3.610106924065382e-65,-0.0007489852099044077,-0.09433376503100321
1770339975.4039714,1.0500000000000005,0.0,0.020073478564345302,1.3496864769484411,0.0,0.10879584424878386,0.0,-0.5,-0.18937893851392476,2.7335320121917678e-65,-0.0009263106863310974,-0.09424404646143951
1770339975.8268628,1.0500000000000005,0.0,0.020073478564345302,1.3496864769484411,0.0,0.10884175037945536,0.0,-0.5,-0.18937893851392476,2.119606954806945e-65,2.6645781280256717e-05,-0.09479808779436365
1770339976.2535832,1.0500000000000005,0.0,0.020073478564345302,1.3496864769484411,0.0,0.10888781223381784,0.0,-0.5,-0.18937893851392476,1.6053969284571909e-65,-2.545246717534851e-05,-0.09468195284822027
1770339976.675077,1.0500000000000005,0.0,0.020073478564345302,1.3496864769484411,0.0,0.10893386557484891,0.0,-0.5,-0.18937893851392476,1.2105345793656001e-65,-0.0013473928846077894,-0.09414796685640174
1770339977.0906386,1.0500000000000005,0.0,0.020073478564345302,1.3496864769484411,0.0,0.10897970285857941,0.0,-0.5,-0.18937893851392476,9.430230783087125e-66,-0.00018808615818013394,-0.09471135685051507
1770339977.5076778,1.0500000000000005,0.0,0.020073478564345302,1.3496864769484411,0.0,0.10902572964037682,0.0,-0.5,-0.18937893851392476,7.32023007107091e-66,-0.0005382607889118393,-0.09445535632557964
1770339977.9209857,1.0500000000000005,0.0,0.020073478564345302,1.3496864769484411,0.0,0.10907169918919828,0.0,-0.5,-0.18937893851392476,5.539752887210994e-66,-0.00108986183466462,-0.09419969844420535
1770339978.3430455,1.0500000000000005,0.0,0.020073478564345302,1.3496864769484411,0.0,0.10911757857288149,0.0,-0.5,-0.18937893851392476,4.3423566466869103e-66,-0.00033081048854746665,-0.09459996914730036
1770339978.7692652,1.0500000000000005,0.0,0.020073478564345302,1.3496864769484411,0.0,0.10916358203555372,0.0,-0.5,-0.18937893851392476,3.323019051826643e-66,-0.0007756342426444398,-0.09434613451104987
1770339979.2025886,1.0500000000000005,0.0,0.020073478564345302,1.3496864769484411,0.0,0.1092095127942684,0.0,-0.5,-0.18937893851392476,2.5835173673359183e-66,-0.0006842786279086246,-0.09435646550448165
1770339979.6156914,1.0500000000000005,0.0,0.020073478564345302,1.3496864769484411,0.0,0.10925545848215845,0.0,-0.5,-0.18937893851392476,1.961144192140353e-66,-0.0002075781164961215,-0.09463335024985556
1770339980.0410724,1.0500000000000005,0.0,0.020073478564345302,1.3496864769484411,0.0,0.10930148207212713,0.0,-0.5,-0.18937893851392476,1.483840497232696e-66,0.0010019626790186413,-0.09531140467602318
1770339980.4573157,1.0500000000000005,0.0,0.020073478564345302,1.3496864769484411,0.0,0.10934770317996767,0.0,-0.5,-0.18937893851392476,1.1364008479569479e-66,-4.2043151296776584e-05,-0.09477284826434554
1770339980.8925245,1.0500000000000005,0.0,0.020073478564345302,1.3496864769484411,0.0,0.10939375381196764,0.0,-0.5,-0.18937893851392476,8.653478204912313e-67,-0.00023613634799854054,-0.09459081040263329
1770339981.3038635,1.0500000000000005,0.0,0.020073478564345302,1.3496864769484411,0.0,0.10943977273489264,0.0,-0.5,-0.18937893851392476,6.757470804347696e-67,5.550892179761915e-05,-0.0947463882448408
1770339981.735752,1.0500000000000005,0.0,0.020073478564345302,1.3496864769484411,0.0,0.10948583929384974,0.0,-0.5,-0.18937893851392476,5.110878680429688e-67,-0.0002927658884923495,-0.09457791379374521
1770339982.1731584,1.0500000000000005,0.0,0.020073478564345302,1.3496864769484411,0.0,0.10953184897388246,0.0,-0.5,-0.18937893851392476,3.866823285699966e-67,-0.00020737638285849223,-0.09459432001609651
1770339982.59327,1.0500000000000005,0.0,0.020073478564345302,1.3496864769484411,0.0,0.10957787260676649,0.0,-0.5,-0.18937893851392476,3.019263305510726e-67,0.0001079008321992299,-0.09477494739456777
1770339983.0113657,1.0500000000000005,0.0,0.020073478564345302,1.3496864769484411,0.0,0.10962394772733476,0.0,-0.5,-0.18937893851392476,2.287940587180191e-67,-0.000766494361609029,-0.09439366159553869
1770339983.4300735,1.0500000000000005,0.0,0.020073478564345302,1.3496864769484411,0.0,0.10966987997735765,0.0,-0.5,-0.18937893851392476,1.7223342678175184e-67,-0.00020677789380315817,-0.09464205195684139
1770339983.8514192,1.0500000000000005,0.0,0.020073478564345302,1.3496864769484411,0.0,0.10971590370143679,0.0,-0.5,-0.18937893851392476,1.3413788847017331e-67,-0.00032026193055574207,-0.09454068669535977
1770339984.2798424,1.0500000000000005,0.0,0.020073478564345302,1.3496864769484411,0.0,0.10976190888072279,0.0,-0.5,-0.18937893851392476,1.0148293350494059e-67,-7.93101955169251e-05,-0.09467390933270779
1770339984.6989753,1.0500000000000005,0.0,0.020073478564345302,1.3496864769484411,0.0,0.1098079534241083,0.0,-0.5,-0.18937893851392476,7.872526583140129e-68,-0.00036436156956786336,-0.09453579360958354
1770339985.1204658,1.0500000000000005,0.0,0.020073478564345302,1.3496864769484411,0.0,0.10985395140434531,0.0,-0.5,-0.18937893851392476,5.781554521663026e-68,-0.0012022200453331872,-0.09417214508187231
1770339985.5495088,1.0500000000000005,0.0,0.020073478564345302,1.3496864769484411,0.0,0.10989981242026119,0.0,-0.5,-0.18937893851392476,4.4751942933714714e-68,0.0005142343645133775,-0.09511823188020371
1770339985.9719658,1.0500000000000005,0.0,0.020073478564345302,1.3496864769484411,0.0,0.10994595390404491,0.0,-0.5,-0.18937893851392476,3.4006286274835813e-68,0.0005348213883408341,-0.09495893865351554
1770339986.4039376,1.0500000000000005,0.0,0.020073478564345302,1.3496864769484411,0.0,0.10999209874595431,0.0,-0.5,-0.18937893851392476,2.707053921683049e-68,8.456377457323645e-05,-0.09477677690562576
1770339986.8255486,1.0500000000000005,0.0,0.020073478564345302,1.3496864769484411,0.0,0.11003817006851462,0.0,-0.5,-0.18937893851392476,2.0505667152554486e-68,-0.00026529807014618966,-0.09459180640636122
1770339987.2485287,1.0500000000000005,0.0,0.020073478564345302,1.3496864769484411,0.0,0.1100841842278364,0.0,-0.5,-0.18937893851392476,1.5505600213633597e-68,0.00045652914115386996,-0.09498991654866933
1770339987.663608,1.0500000000000005,0.0,0.020073478564345302,1.3496864769484411,0.0,0.11013031629170207,0.0,-0.5,-0.18937893851392476,1.203506062298189e-68,-0.0005068206521513178,-0.09453239391021724
1770339988.0838604,1.0500000000000005,0.0,0.020073478564345302,1.3496864769484411,0.0,0.11017629099036483,0.0,-0.5,-0.18937893851392476,8.877076200087396e-69,-0.00024942545853825126,-0.09459049604705455
1770339988.5060709,1.0500000000000005,0.0,0.020073478564345302,1.3496864769484411,0.0,0.11022230775679377,0.0,-0.5,-0.18937893851392476,6.890321323934993e-69,0.00045861073663877654,-0.09498957824479948
1770339988.9181466,1.0500000000000005,0.0,0.020073478564345302,1.3496864769484411,0.0,0.11026844015861777,0.0,-0.5,-0.18937893851392476,5.336059739943484e-69,-0.000424699229449056,-0.09456545063884664
1770339989.3379228,1.0500000000000005,0.0,0.020073478564345302,1.3496864769484411,0.0,0.11031442825759677,0.0,-0.5,-0.18937893851392476,4.038848501775553e-69,8.657225272340051e-05,-0.09478388253154132
1770339989.7526734,1.0500000000000005,0.0,0.020073478564345302,1.3496864769484411,0.0,0.11036049990738658,0.0,-0.5,-0.18937893851392476,3.21477944516053e-69,0.00030137111528702584,-0.09486163470086226
1770339990.1708388,1.0500000000000005,0.0,0.020073478564345302,1.3496864769484411,0.0,0.11040660662974147,0.0,-0.5,-0.18937893851392476,2.3780407243907487e-69,-0.0012269787248344116,-0.09422881487855732
1770339990.5976846,1.0500000000000005,0.0,0.020073478564345302,1.3496864769484411,0.0,0.11045246359552173,0.0,-0.5,-0.18937893851392476,1.8010051902827195e-69,0.0005447180748052336,-0.09513899797432897
1770339991.0100687,1.0500000000000005,0.0,0.020073478564345302,1.3496864769484411,0.0,0.11049861005748539,0.0,-0.5,-0.18937893851392476,1.3958517069868647e-69,0.00022152899941939698,-0.09483255266421067
1770339991.4405107,1.0500000000000005,0.0,0.020073478564345302,1.3496864769484411,0.0,0.11054470373894004,0.0,-0.5,-0.18937893851392476,1.078462520489473e-69,9.459587391402529e-05,-0.09474946050646993
1770339991.8537679,1.0500000000000005,0.0,0.020073478564345302,1.3496864769484411,0.0,0.11059077670301228,0.0,-0.5,-0.18937893851392476,8.368498284494747e-70,-0.00010615722362451036,-0.09465646595490398
1770339992.2686393,1.0500000000000005,0.0,0.020073478564345302,1.3496864769484411,0.0,0.11063681686903266,0.0,-0.5,-0.18937893851392476,6.495276974577211e-70,-0.0002495373960252525,-0.09457903857618982
1770339992.690221,1.0500000000000005,0.0,0.020073478564345302,1.3496864769484411,0.0,0.11068283361400394,0.0,-0.5,-0.18937893851392476,4.7883385540950686e-70,-0.0005688623367445661,-0.09443697058266204
1770339993.1175845,1.0500000000000005,0.0,0.020073478564345302,1.3496864769484411,0.0,0.1107287981685522,0.0,-0.5,-0.18937893851392476,3.7213942042474694e-70,-0.00022103885560660727,-0.09461373217727287
1770339993.5327728,1.0500000000000005,0.0,0.020073478564345302,1.3496864769484411,0.0,0.11077481955910949,0.0,-0.5,-0.18937893851392476,2.8876182120138036e-70,-0.0001470084364128673,-0.09462336808067533
1770339993.951683,1.0500000000000005,0.0,0.020073478564345302,1.3496864769484411,0.0,0.11082085305179386,0.0,-0.5,-0.18937893851392476,2.1864795706227214e-70,-0.000751495725134165,-0.09437417012326743
1770339994.372611,1.0500000000000005,0.0,0.020073478564345302,1.3496864769484411,0.0,0.11086678775335579,0.0,-0.5,-0.18937893851392476,1.6619119690483612e-70,-0.0004582920838639632,-0.09448964357915741
1770339994.8074381,1.0500000000000005,0.0,0.020073478564345302,1.3496864769484411,0.0,0.11091277037526398,0.0,-0.5,-0.18937893851392476,1.2573262038310663e-70,-0.0006710824371524189,-0.09437520707371502
1770339995.223249,1.0500000000000005,0.0,0.020073478564345302,1.3496864769484411,0.0,0.1109587182250145,0.0,-0.5,-0.18937893851392476,1.0104207169504845e-70,-0.0009998856531670932,-0.0942224067519803
1770339995.651188,1.0500000000000005,0.0,0.020073478564345302,1.3496864769484411,0.0,0.11100461231793195,0.0,-0.5,-0.18937893851392476,7.570620512864815e-71,-0.001687573294305279,-0.09391445137392357
1770339996.064091,1.0500000000000005,0.0,0.020073478564345302,1.3496864769484411,0.0,0.11105039396191865,0.0,-0.5,-0.18937893851392476,5.733027360586277e-71,-0.00041107604412017395,-0.09461158095992081
1770339996.5032701,1.0500000000000005,0.0,0.020073478564345302,1.3496864769484411,0.0,0.11109638429785997,0.0,-0.5,-0.18937893851392476,4.311116074348051e-71,0.00022693210939117486,-0.0948667361270091
1770339996.9218466,1.0500000000000005,0.0,0.020073478564345302,1.3496864769484411,0.0,0.1111424788644436,0.0,-0.5,-0.18937893851392476,3.8655485582912925e-71,-3.599105245406293e-06,-0.09471072282580333
1770339997.3466315,1.0500000000000005,0.0,0.020073478564345302,1.3496864769484411,0.0,0.11118853577817708,0.0,-0.5,-0.18937893851392476,2.548253201930687e-71,0.0006655991867434505,-0.09508918867953299
1770339997.7715762,1.0500000000000005,0.0,0.020073478564345302,1.3496864769484411,0.0,0.11123470197047025,0.0,-0.5,-0.18937893851392476,2.2502175211186946e-71,0.00021819028014279405,-0.09484330528769384
1770339998.183232,1.0500000000000005,0.0,0.020073478564345302,1.3496864769484411,0.0,0.1112807951101187,0.0,-0.5,-0.18937893851392476,1.4968313435928606e-71,-8.971665980857707e-06,-0.09470769961858432
1770339998.5963776,1.0500000000000005,0.0,0.020073478564345302,1.3496864769484411,0.0,0.11132685114408762,0.0,-0.5,-0.18937893851392476,1.1222124808646192e-71,-0.000618567839498711,-0.0944411449545648
1770339999.0136566,1.0500000000000005,0.0,0.020073478564345302,1.3496864769484411,0.0,0.11137280757154257,0.0,-0.5,-0.18937893851392476,8.78531018776329e-72,-0.0006397843924201782,-0.09437169871604444
1770339999.4347837,1.0500000000000005,0.0,0.020073478564345302,1.3496864769484411,0.0,0.11141876054431231,0.0,-0.5,-0.18937893851392476,6.81982284406941e-72,-0.00026351731504202475,-0.09459533730717919
1770339999.8553712,1.0500000000000005,0.0,0.020073478564345302,1.3496864769484411,0.0,0.11146477499331267,0.0,-0.5,-0.18937893851392476,5.161706148794027e-72,5.271035161426014e-07,-0.09471613725057627
1770340000.2744153,1.0500000000000005,0.0,0.020073478564345302,1.3496864769484411,0.0,0.1115108325775984,0.0,-0.5,-0.18937893851392476,4.0078836908184435e-72,0.00010159002560266884,-0.09475037056197237
1770340000.6876519,1.0500000000000005,0.0,0.020073478564345302,1.3496864769484411,0.0,0.11155690667356283,0.0,-0.5,-0.18937893851392476,3.025631481015859e-72,2.0036410925060766e-05,-0.09470764282389267
1770340001.0995617,1.0500000000000005,0.0,0.020073478564345302,1.3496864769484411,0.0,0.11160296745504171,0.0,-0.5,-0.18937893851392476,2.352281325823011e-72,0.0005124423296013216,-0.09499493101363067
1770340001.5201118,1.0500000000000005,0.0,0.020073478564345302,1.3496864769484411,0.0,0.11164910865451128,0.0,-0.5,-0.18937893851392476,1.7843546731112875e-72,0.0003234306189892219,-0.0948700857375182
1770340001.9406333,1.0500000000000005,0.0,0.020073478564345302,1.3496864769484411,0.0,0.11169521897639066,0.0,-0.5,-0.18937893851392476,1.3825725309932062e-72,0.00044771090284505873,-0.0949257527367705
1770340002.3688734,1.0500000000000005,0.0,0.020073478564345302,1.3496864769484411,0.0,0.11174134960259229,0.0,-0.5,-0.18937893851392476,1.0475145810765517e-72,0.00013038685333403014,-0.0947863950885805
1770340002.8065329,1.0500000000000005,0.0,0.020073478564345302,1.3496864769484411,0.0,0.11178742840315133,0.0,-0.5,-0.18937893851392476,7.937731995065546e-73,0.00035386546690503495,-0.094888749851772
1770340003.236247,1.0500000000000005,0.0,0.020073478564345302,1.3496864769484411,0.0,0.11183354370857507,0.0,-0.5,-0.18937893851392476,6.000494134178859e-73,0.00030571122262194146,-0.09484714029270165
1770340003.6512153,1.0500000000000005,0.0,0.020073478564345302,1.3496864769484411,0.0,0.11187965113903314,0.0,-0.5,-0.18937893851392476,4.6480555367631054e-73,-0.00016178777964895877,-0.09465532526736499
1770340004.069133,1.0500000000000005,0.0,0.020073478564345302,1.3496864769484411,0.0,0.11192568221236497,0.0,-0.5,-0.18937893851392476,3.6190290839959226e-73,-0.0003797734074041427,-0.09452138111603584
1770340004.4936893,1.0500000000000005,0.0,0.020073478564345302,1.3496864769484411,0.0,0.1119716776713255,0.0,-0.5,-0.18937893851392476,2.7392745339185116e-73,5.949437703666228e-05,-0.0947631432239248
1770340004.9057634,1.0500000000000005,0.0,0.020073478564345302,1.3496864769484411,0.0,0.11201774489547044,0.0,-0.5,-0.18937893851392476,2.1268861571858698e-73,0.00021548545902101089,-0.09481281109467132
1770340005.3151598,1.0500000000000005,0.0,0.020073478564345302,1.3496864769484411,0.0,0.11206383760060101,0.0,-0.5,-0.18937893851392476,1.582477907783827e-73,0.0005704696359606274,-0.09501020249263666
1770340005.7274547,1.0500000000000005,0.0,0.020073478564345302,1.3496864769484411,0.0,0.11210998826290398,0.0,-0.5,-0.18937893851392476,1.2498639697283595e-73,-0.0005362398806241474,-0.09453202026830879
1770340006.1398475,1.0500000000000005,0.0,0.020073478564345302,1.3496864769484411,0.0,0.11215595814968377,0.0,-0.5,-0.18937893851392476,9.709625144107382e-74,-0.0008480030188703967,-0.09429664406135181
1770340006.557215,1.0500000000000005,0.0,0.020073478564345302,1.3496864769484411,0.0,0.11220187707449226,0.0,-0.5,-0.18937893851392476,7.302672349840148e-74,7.31461869025927e-05,-0.09481815727099098
1770340006.9720225,1.0500000000000005,0.0,0.020073478564345302,1.3496864769484411,0.0,0.11224794652487068,0.0,-0.5,-0.18937893851392476,5.723901960320127e-74,-0.0005527478972810484,-0.09447568471674023
1770340007.3923478,1.0500000000000005,0.0,0.020073478564345302,1.3496864769484411,0.0,0.11229391370798378,0.0,-0.5,-0.18937893851392476,4.4301296846595385e-74,0.00012131733452073364,-0.09481753444740292
1770340007.8408532,1.0500000000000005,0.0,0.020073478564345302,1.3496864769484411,0.0,0.11233999102796345,0.0,-0.5,-0.18937893851392476,3.2514976209980237e-74,0.0004010798270795219,-0.09491798541975802
1770340008.2563097,1.0500000000000005,0.0,0.020073478564345302,1.3496864769484411,0.0,0.11238611403132706,0.0,-0.5,-0.18937893851392476,2.522200947661649e-74,0.0007273022270940152,-0.09508574261051084
1770340008.6760306,1.0500000000000005,0.0,0.020073478564345302,1.3496864769484411,0.0,0.1124322903033617,0.0,-0.5,-0.18937893851392476,1.930362465394274e-74,-0.00030512190297379686,-0.09464015071848227
1770340009.100058,1.0500000000000005,0.0,0.020073478564345302,1.3496864769484411,0.0,0.11247829794491558,0.0,-0.5,-0.18937893851392476,1.4990059469618481e-74,-0.0009502256571018569,-0.09427886680382426
1770340009.520552,1.0500000000000005,0.0,0.020073478564345302,1.3496864769484411,0.0,0.11252420017029076,0.0,-0.5,-0.18937893851392476,1.1369188771323226e-74,-0.0005765010827580581,-0.09443859117301773
1770340009.9355254,1.0500000000000005,0.0,0.020073478564345302,1.3496864769484411,0.0,0.11257016347492962,0.0,-0.5,-0.18937893851392476,8.828771942932872e-75,6.911454716549965e-07,-0.09474753405252118
1770340010.3518152,1.0500000000000005,0.0,0.020073478564345302,1.3496864769484411,0.0,0.11261622109676629,0.0,-0.5,-0.18937893851392476,6.806309824973057e-75,1.700377526024497e-05,-0.09469960240757136
1770340010.7655983,1.0500000000000005,0.0,0.020073478564345302,1.3496864769484411,0.0,0.11266228137398988,0.0,-0.5,-0.18937893851392476,5.187639959672278e-75,-0.0012253985322524983,-0.0942010102215874
1770340011.1882832,1.0500000000000005,0.0,0.020073478564345302,1.3496864769484411,0.0,0.11270813860262663,0.0,-0.5,-0.18937893851392476,3.968818210061356e-75,-0.00013188731329890827,-0.09473287672220829
1770340011.6212287,1.0500000000000005,0.0,0.020073478564345302,1.3496864769484411,0.0,0.11275417455757887,0.0,-0.5,-0.18937893851392476,3.001102982320251e-75,-0.0011114111758152765,-0.09423171605530638
1770340012.049033,1.0500000000000005,0.0,0.020073478564345302,1.3496864769484411,0.0,0.11280005042220385,0.0,-0.5,-0.18937893851392476,2.269544994339516e-75,-8.481023830350242e-05,-0.0947497242315618
1770340012.4679344,1.0500000000000005,0.0,0.020073478564345302,1.3496864769484411,0.0,0.11284609406973155,0.0,-0.5,-0.18937893851392476,1.762565690821061e-75,-0.0012689039186837392,-0.09417342666565855
1770340012.8819003,1.0500000000000005,0.0,0.020073478564345302,1.3496864769484411,0.0,0.11289194418514999,0.0,-0.5,-0.18937893851392476,1.3547633183317947e-75,0.00020872625427860084,-0.0949415954013979
1770340013.2919188,1.0500000000000005,0.0,0.020073478564345302,1.3496864769484411,0.0,0.11293803577984603,0.0,-0.5,-0.18937893851392476,1.0496773034008646e-75,-5.787417215024764e-05,-0.09468719221353014
1770340013.7089124,1.0500000000000005,0.0,0.020073478564345302,1.3496864769484411,0.0,0.11298408383156092,0.0,-0.5,-0.18937893851392476,8.16514350093849e-76,-0.0006465788330586123,-0.09442505030652391
1770340014.1402037,1.0500000000000005,0.0,0.020073478564345302,1.3496864769484411,0.0,0.11303003567780287,0.0,-0.5,-0.18937893851392476,6.173331133045449e-76,0.00010013203906929218,-0.09481420636370981
1770340014.5794203,1.0500000000000005,0.0,0.020073478564345302,1.3496864769484411,0.0,0.11307610954309733,0.0,-0.5,-0.18937893851392476,5.9412239517709e-76,-0.0003243869188515127,-0.0945697276933287
1770340014.9948835,1.0500000000000005,0.0,0.020073478564345302,1.3496864769484411,0.0,0.11312211404110224,0.0,-0.5,-0.18937893851392476,3.574717332451374e-76,-0.000882454040101811,-0.0943040489490365
1770340015.416115,1.0500000000000005,0.0,0.020073478564345302,1.3496864769484411,0.0,0.11316802733863623,0.0,-0.5,-0.18937893851392476,2.7005442993763555e-76,-0.0008774372296190619,-0.09425125232320113
1770340015.8399687,1.0500000000000005,0.0,0.020073478564345302,1.3496864769484411,0.0,0.1132139414622906,0.0,-0.5,-0.18937893851392476,2.517406867805507e-76,-0.0013829937348592972,-0.09404852804005676
1770340016.26536,1.0500000000000005,0.0,0.020073478564345302,1.3496864769484411,0.0,0.11325977293099196,0.0,-0.5,-0.18937893851392476,1.6363271120037165e-76,-0.0012250899243361093,-0.09409271467584664
1770340016.6829433,1.0500000000000005,0.0,0.020073478564345302,1.3496864769484411,0.0,0.1133056302186373,0.0,-0.5,-0.18937893851392476,1.2431556480157767e-76,-0.0003829921965771655,-0.0945821829314497
1770340017.1070256,1.0500000000000005,0.0,0.020073478564345302,1.3496864769484411,0.0,0.11335162514652045,0.0,-0.5,-0.18937893851392476,9.641382483368924e-77,-0.00043116781849909856,-0.09447870290990502
1770340017.543525,1.0500000000000005,0.0,0.020073478564345302,1.3496864769484411,0.0,0.11339761220480235,0.0,-0.5,-0.18937893851392476,7.30474898831556e-77,-2.425156659917934e-05,-0.09471803509885278
1770340017.972061,1.0500000000000005,0.0,0.020073478564345302,1.3496864769484411,0.0,0.11344366574431688,0.0,-0.5,-0.18937893851392476,5.343529195187209e-77,-0.0004860819870334782,-0.09449261130548907
1770340018.395015,1.0500000000000005,0.0,0.020073478564345302,1.3496864769484411,0.0,0.11348964382792742,0.0,-0.5,-0.18937893851392476,4.043884019735247e-77,-0.001147920584825384,-0.09418169282432888
1770340018.8069057,1.0500000000000005,0.0,0.020073478564345302,1.3496864769484411,0.0,0.11353551373804839,0.0,-0.5,-0.18937893851392476,3.14249881873015e-77,-0.0010234586798840326,-0.09419018610751449
1770340019.2239356,1.0500000000000005,0.0,0.020073478564345302,1.3496864769484411,0.0,0.11358140399004252,0.0,-0.5,-0.18937893851392476,2.4347170314422447e-77,-0.00023936418772336083,-0.09464819661231677
1770340019.6421201,1.0500000000000005,0.0,0.020073478564345302,1.3496864769484411,0.0,0.11362742238189012,0.0,-0.5,-0.18937893851392476,1.969630485873521e-77,0.000254093288992625,-0.09486586164913029
1770340020.0714896,1.0500000000000005,0.0,0.020073478564345302,1.3496864769484411,0.0,0.11367352139021189,0.0,-0.5,-0.18937893851392476,1.4939176260775513e-77,-0.0007547187629184224,-0.09441299108069429
1770340020.5032558,1.0500000000000005,0.0,0.020073478564345302,1.3496864769484411,0.0,0.11371945555533201,0.0,-0.5,-0.18937893851392476,1.0826491935647344e-77,-7.351641535174709e-05,-0.09472083128404317
1770340020.9199364,1.0500000000000005,0.0,0.020073478564345302,1.3496864769484411,0.0,0.1137655010482195,0.0,-0.5,-0.18937893851392476,8.197516579273299e-78,-0.001630516644369439,-0.09402991095767943
1770340021.3317828,1.0500000000000005,0.0,0.020073478564345302,1.3496864769484411,0.0,0.11381129202629357,0.0,-0.5,-0.18937893851392476,6.358360257730415e-78,-0.0005432460956884155,-0.09452657326398627
1770340021.7680678,1.0500000000000005,0.0,0.020073478564345302,1.3496864769484411,0.0,0.1138572607650879,0.0,-0.5,-0.18937893851392476,6.00342604010621e-78,-0.0009322262825206477,-0.09426225413438527
1770340022.1905565,1.0500000000000005,0.0,0.020073478564345302,1.3496864769484411,0.0,0.1139031659140709,0.0,-0.5,-0.18937893851392476,3.724060144463127e-78,-0.0011552345305303126,-0.09413415281649819
1770340022.6324072,1.0500000000000005,0.0,0.020073478564345302,1.3496864769484411,0.0,0.11394903461719781,0.0,-0.5,-0.18937893851392476,2.826671111172763e-78,-0.0013251659645505424,-0.09404387941808913
1770340023.0616415,1.0500000000000005,0.0,0.020073478564345302,1.3496864769484411,0.0,0.11399487552727491,0.0,-0.5,-0.18937893851392476,2.1392756345768079e-78,0.00019969769663065744,-0.09494180447139583
1770340023.491846,1.0500000000000005,0.0,0.020073478564345302,1.3496864769484411,0.0,0.11404096565212042,0.0,-0.5,-0.18937893851392476,1.618063819588818e-78,0.00017317223079470613,-0.09477870791894333
1770340023.9163365,1.0500000000000005,0.0,0.020073478564345302,1.3496864769484411,0.0,0.11408705144251616,0.0,-0.5,-0.18937893851392476,1.2249594044556685e-78,-0.000894256363253441,-0.09434908393474048
1770340024.3467734,1.0500000000000005,0.0,0.020073478564345302,1.3496864769484411,0.0,0.11413296280885965,0.0,-0.5,-0.18937893851392476,9.559379431496884e-79,-1.4169606323255078e-05,-0.09477039312949377
1770340024.7787266,1.0500000000000005,0.0,0.020073478564345302,1.3496864769484411,0.0,0.11417901798988611,0.0,-0.5,-0.18937893851392476,7.18440481462727e-79,-0.00031907852543566263,-0.0945604208861558
1770340025.1944396,1.0500000000000005,0.0,0.020073478564345302,1.3496864769484411,0.0,0.11422502335692675,0.0,-0.5,-0.18937893851392476,5.584098118293071e-79,-0.0004816528309356008,-0.09446490027204457
1770340025.606271,1.0500000000000005,0.0,0.020073478564345302,1.3496864769484411,0.0,0.11427100215936929,0.0,-0.5,-0.18937893851392476,4.2270224157822486e-79,-0.0009975137632959239,-0.09424229846855045
1770340026.040052,1.0500000000000005,0.0,0.020073478564345302,1.3496864769484411,0.0,0.11431689664925367,0.0,-0.5,-0.18937893851392476,3.1990442060299463e-79,-9.913915202116767e-05,-0.09472973714207927
1770340026.4553232,1.0500000000000005,0.0,0.020073478564345302,1.3496864769484411,0.0,0.11436293796325953,0.0,-0.5,-0.18937893851392476,2.5018119130495537e-79,-0.0009189403975063911,-0.0943119791827577
1770340026.8690944,1.0500000000000005,0.0,0.020073478564345302,1.3496864769484411,0.0,0.11440884530092509,0.0,-0.5,-0.18937893851392476,1.9262210214550455e-79,-0.0008536199863369573,-0.09426919130491085
1770340027.3012488,1.0500000000000005,0.0,0.020073478564345302,1.3496864769484411,0.0,0.11445476330841811,0.0,-0.5,-0.18937893851392476,1.458090432592474e-79,-0.00018128172676837426,-0.09466606221953505
1770340027.7153714,1.0500000000000005,0.0,0.020073478564345302,1.3496864769484411,0.0,0.11450079119528564,0.0,-0.5,-0.18937893851392476,1.1031909334894865e-79,-0.0005606683323069795,-0.09444707375136276
1770340028.1418197,1.0500000000000005,0.0,0.020073478564345302,1.3496864769484411,0.0,0.11454675709093841,0.0,-0.5,-0.18937893851392476,8.562107666875043e-80,-0.0007338291005405536,-0.09433987078351545
1770340028.576481,1.0500000000000005,0.0,0.020073478564345302,1.3496864769484411,0.0,0.11459269468928607,0.0,-0.5,-0.18937893851392476,6.476990084046368e-80,-0.0010519782110583738,-0.09419529506248497
1770340028.9937923,1.0500000000000005,0.0,0.020073478564345302,1.3496864769484411,0.0,0.11463858027423651,0.0,-0.5,-0.18937893851392476,4.895908256859564e-80,-0.00026073881815070446,-0.0946382237871778
1770340029.4086905,1.0500000000000005,0.0,0.020073478564345302,1.3496864769484411,0.0,0.11468459517921241,0.0,-0.5,-0.18937893851392476,3.806507193872929e-80,-0.0004737795239999363,-0.09447388356554734
1770340029.8302362,1.0500000000000005,0.0,0.020073478564345302,1.3496864769484411,0.0,0.1147305752744797,0.0,-0.5,-0.18937893851392476,2.9535045057323895e-80,0.0005824238890014116,-0.09508630154276322
1770340030.2495944,1.0500000000000005,0.0,0.020073478564345302,1.3496864769484411,0.0,0.11477672789479526,0.0,-0.5,-0.18937893851392476,2.246710887111891e-80,-0.0003261771203884925,-0.09461724079770713
1770340030.6628125,1.0500000000000005,0.0,0.020073478564345302,1.3496864769484411,0.0,0.11482273210848602,0.0,-0.5,-0.18937893851392476,1.7408749830472447e-80,9.916393659425009e-05,-0.09478158533095779
1770340031.0809016,1.0500000000000005,0.0,0.020073478564345302,1.3496864769484411,0.0,0.11486880581284793,0.0,-0.5,-0.18937893851392476,1.3122583013346654e-80,0.00014634965920005114,-0.09476736265882299
1770340031.4987993,1.0500000000000005,0.0,0.020073478564345302,1.3496864769484411,0.0,0.11491488721514972,0.0,-0.5,-0.18937893851392476,1.019747710304848e-80,3.364248327965692e-05,-0.09471756121619425
1770340031.9219587,1.0500000000000005,0.0,0.020073478564345302,1.3496864769484411,0.0,0.11496095021749766,0.0,-0.5,-0.18937893851392476,7.722159533997613e-81,-0.0006938470430970349,-0.09441529468805154
1770340032.3487244,1.0500000000000005,0.0,0.020073478564345302,1.3496864769484411,0.0,0.11500689434970648,0.0,-0.5,-0.18937893851392476,5.994261497983184e-81,-0.0006301703085096508,-0.0943807517761663
1770340032.7625093,1.0500000000000005,0.0,0.020073478564345302,1.3496864769484411,0.0,0.11505284888888628,0.0,-0.5,-0.18937893851392476,4.534181127547239e-81,-0.0004435818895457269,-0.09448633715408591
1770340033.1711042,1.0500000000000005,0.0,0.020073478564345302,1.3496864769484411,0.0,0.11509883391405375,0.0,-0.5,-0.18937893851392476,3.5207852824854386e-81,-0.00030977406054811016,-0.09454796300958809
1770340033.5877812,1.0500000000000005,0.0,0.020073478564345302,1.3496864769484411,0.0,0.11514484079922468,0.0,-0.5,-0.18937893851392476,2.7337286673259052e-81,0.0012275295278179991,-0.09545696437970799
1770340034.0066426,1.0500000000000005,0.0,0.020073478564345302,1.3496864769484411,0.0,0.11519109872306615,0.0,-0.5,-0.18937893851392476,2.068388186877867e-81,0.000208795667675311,-0.0948957404768143
1770340034.425718,1.0500000000000005,0.0,0.020073478564345302,1.3496864769484411,0.0,0.11523719033385545,0.0,-0.5,-0.18937893851392476,1.6018962490810927e-81,-0.0006548229646148188,-0.09444841963788397
1770340034.8396516,1.0500000000000005,0.0,0.020073478564345302,1.3496864769484411,0.0,0.11528314084972173,0.0,-0.5,-0.18937893851392476,1.215766990112215e-81,0.0005305591303087056,-0.09507328703160908
1770340035.2640166,1.0500000000000005,0.0,0.020073478564345302,1.3496864769484411,0.0,0.11532928499962121,0.0,-0.5,-0.18937893851392476,9.447691987853277e-82,0.00012640247087415695,-0.09479308615834292
1770340035.6841633,1.0500000000000005,0.0,0.020073478564345302,1.3496864769484411,0.0,0.11537536314572125,0.0,-0.5,-0.18937893851392476,7.14936733681013e-82,0.0008686980688598208,-0.09519804785119085
1770340036.1061604,1.0500000000000005,0.0,0.020073478564345302,1.3496864769484411,0.0,0.11542156249548226,0.0,-0.5,-0.18937893851392476,5.558528617139627e-82,-1.0419049985779984e-05,-0.09477217144385405
1770340036.5179334,1.0500000000000005,0.0,0.020073478564345302,1.3496864769484411,0.0,0.11546761829341678,0.0,-0.5,-0.18937893851392476,4.3262569980573595e-82,0.00048397301428348695,-0.09498089497053105
1770340036.9470334,1.0500000000000005,0.0,0.020073478564345302,1.3496864769484411,0.0,0.11551375484193592,0.0,-0.5,-0.18937893851392476,3.2842426709060773e-82,0.00031502241319490053,-0.09486387552366869
1770340037.3682964,1.0500000000000005,0.0,0.020073478564345302,1.3496864769484411,0.0,0.11555986380125313,0.0,-0.5,-0.18937893851392476,2.991816330719204e-82,-0.001047779454357839,-0.09430185971653875
1770340037.7960222,1.0500000000000005,0.0,0.020073478564345302,1.3496864769484411,0.0,0.11560575007284908,0.0,-0.5,-0.18937893851392476,1.9434117327442103e-82,-0.0008244680043215009,-0.09429956639980526
1770340038.2178488,1.0500000000000005,0.0,0.020073478564345302,1.3496864769484411,0.0,0.1156516728385809,0.0,-0.5,-0.18937893851392476,1.4723454424165505e-82,0.0004745571083659251,-0.09505665032241407
1770340038.6536925,1.0500000000000005,0.0,0.020073478564345302,1.3496864769484411,0.0,0.11569780784214764,0.0,-0.5,-0.18937893851392476,1.110094004654103e-82,0.0002741140775290278,-0.09484657059881059
1770340039.064724,1.0500000000000005,0.0,0.020073478564345302,1.3496864769484411,0.0,0.1157439101227644,0.0,-0.5,-0.18937893851392476,8.503827338346353e-83,-0.00027670259915022545,-0.09460619962505519
1770340039.4771717,1.0500000000000005,0.0,0.020073478564345302,1.3496864769484411,0.0,0.11578992242063313,0.0,-0.5,-0.18937893851392476,6.598090312220754e-83,-6.697348510675545e-05,-0.09467695542581335
1770340039.8926744,1.0500000000000005,0.0,0.020073478564345302,1.3496864769484411,0.0,0.11583596898103982,0.0,-0.5,-0.18937893851392476,4.98163550424851e-83,-0.0001659455260691626,-0.09461639369802403
1770340040.3174994,1.0500000000000005,0.0,0.020073478564345302,1.3496864769484411,0.0,0.11588199937309056,0.0,-0.5,-0.18937893851392476,3.860423887834162e-83,-0.00013438477100213646,-0.09462543294696801
1770340040.731716,1.0500000000000005,0.0,0.020073478564345302,1.3496864769484411,0.0,0.1159280349096182,0.0,-0.5,-0.18937893851392476,3.0003111583476733e-83,0.00033479612196141216,-0.09490378540723944
1770340041.1524272,1.0500000000000005,0.0,0.020073478564345302,1.3496864769484411,0.0,0.11597414709831506,0.0,-0.5,-0.18937893851392476,2.269673522985968e-83,-3.2857716666722726e-05,-0.09470980578249183
1770340041.576037,1.0500000000000005,0.0,0.020073478564345302,1.3496864769484411,0.0,0.1160201992377165,0.0,-0.5,-0.18937893851392476,1.755885216429482e-83,5.163396565807427e-05,-0.0947237354080239
1770340041.9881084,1.0500000000000005,0.0,0.020073478564345302,1.3496864769484411,0.0,0.11606626516903669,0.0,-0.5,-0.18937893851392476,1.333088558523148e-83,-0.0001500026656614334,-0.09463463158726362
1770340042.4098215,1.0500000000000005,0.0,0.020073478564345302,1.3496864769484411,0.0,0.1161122981681946,0.0,-0.5,-0.18937893851392476,1.2382996642629379e-83,-0.00013507619270461657,-0.09462342380790575
1770340042.826764,1.0500000000000005,0.0,0.020073478564345302,1.3496864769484411,0.0,0.11615833359743387,0.0,-0.5,-0.18937893851392476,7.833503463936714e-84,0.0002487862229663713,-0.09485224861001267
1770340043.2439785,1.0500000000000005,0.0,0.020073478564345302,1.3496864769484411,0.0,0.11620443174208432,0.0,-0.5,-0.18937893851392476,6.103144409585288e-84,0.000303109015864007,-0.09484645604418414
1770340043.6675246,1.0500000000000005,0.0,0.020073478564345302,1.3496864769484411,0.0,0.11625053874875337,0.0,-0.5,-0.18937893851392476,4.725713145714052e-84,-0.00028580227643249136,-0.09460545924797578
1770340044.0984228,1.0500000000000005,0.0,0.020073478564345302,1.3496864769484411,0.0,0.1162965495606783,0.0,-0.5,-0.18937893851392476,3.5905446453862135e-84,-0.000413480763011582,-0.09449549672411449
1770340044.5147922,1.0500000000000005,0.0,0.020073478564345302,1.3496864769484411,0.0,0.11634253950501709,0.0,-0.5,-0.18937893851392476,2.7259530912074144e-84,-0.0002481775986459859,-0.09458191077407595
1770340044.9287677,1.0500000000000005,0.0,0.020073478564345302,1.3496864769484411,0.0,0.1163885564699295,0.0,-0.5,-0.18937893851392476,2.1193908744605846e-84,0.00022835646608345355,-0.09485130089647706
1770340045.3421707,1.0500000000000005,0.0,0.020073478564345302,1.3496864769484411,0.0,0.11643465126718311,0.0,-0.5,-0.18937893851392476,1.6489328427693637e-84,0.0006215162569720024,-0.09503954336453724
1770340045.7644303,1.0500000000000005,0.0,0.020073478564345302,1.3496864769484411,0.0,0.1164808102657917,0.0,-0.5,-0.18937893851392476,1.2479401567121744e-84,-7.437288614464788e-05,-0.09472187172820172
1770340046.1835709,1.0500000000000005,0.0,0.020073478564345302,1.3496864769484411,0.0,0.11652685561920433,0.0,-0.5,-0.18937893851392476,9.687642956688358e-85,-0.0009431688773254994,-0.09430476441741771
1770340046.595471,1.0500000000000005,0.0,0.020073478564345302,1.3496864769484411,0.0,0.11657275899792938,0.0,-0.5,-0.18937893851392476,7.055893128191077e-85,0.0005120072850400312,-0.09509099051571895
1770340047.0278351,1.0500000000000005,0.0,0.020073478564345302,1.3496864769484411,0.0,0.11661890011693267,0.0,-0.5,-0.18937893851392476,5.463964522270008e-85,0.0004005526191871231,-0.09490089103314123
1770340047.444412,1.0500000000000005,0.0,0.020073478564345302,1.3496864769484411,0.0,0.11666502304519442,0.0,-0.5,-0.18937893851392476,4.3099926478247233e-85,0.0002251091622687989,-0.09481956818378862
1770340047.8616865,1.0500000000000005,0.0,0.020073478564345302,1.3496864769484411,0.0,0.11671111730600622,0.0,-0.5,-0.18937893851392476,3.2128735077403204e-85,0.00014996247871772506,-0.09477196516467636
1770340048.2778816,1.0500000000000005,0.0,0.020073478564345302,1.3496864769484411,0.0,0.11675719930375841,0.0,-0.5,-0.18937893851392476,2.406511738001644e-85,0.0009155126995205947,-0.09522378062880296
1770340048.6926732,1.0500000000000005,0.0,0.020073478564345302,1.3496864769484411,0.0,0.11680340629781512,0.0,-0.5,-0.18937893851392476,1.899765720697227e-85,0.0005131595437789392,-0.09498628434442602
1770340049.1035435,1.0500000000000005,0.0,0.020073478564345302,1.3496864769484411,0.0,0.11684954760993746,0.0,-0.5,-0.18937893851392476,1.466536594867611e-85,-0.0007253632883314761,-0.09445063989600769
1770340049.5153308,1.0500000000000005,0.0,0.020073478564345302,1.3496864769484411,0.0,0.11689548658694056,0.0,-0.5,-0.18937893851392476,1.1096792057187447e-85,0.0002526220488517334,-0.09491357881510656
1770340049.964806,1.0500000000000005,0.0,0.020073478564345302,1.3496864769484411,0.0,0.11694158535922793,0.0,-0.5,-0.18937893851392476,8.397432965609699e-86,0.0005066658777488108,-0.0949682065787265
1770340050.3935714,1.0500000000000005,0.0,0.020073478564345302,1.3496864769484411,0.0,0.1169877256091955,0.0,-0.5,-0.18937893851392476,6.518014320947728e-86,0.0006190323230283411,-0.09501022206300451
1770340050.80647,1.0500000000000005,0.0,0.020073478564345302,1.3496864769484411,0.0,0.11703388421083716,0.0,-0.5,-0.18937893851392476,4.930959716204384e-86,-0.0002678909377250015,-0.09464421611417521
1770340051.221932,1.0500000000000005,0.0,0.020073478564345302,1.3496864769484411,0.0,0.11707989794636992,0.0,-0.5,-0.18937893851392476,3.8279520607308375e-86,0.00033581696876715353,-0.09491774853199518
1770340051.6461315,1.0500000000000005,0.0,0.020073478564345302,1.3496864769484411,0.0,0.11712601030136374,0.0,-0.5,-0.18937893851392476,2.8967009860205125e-86,-0.00048817625410886627,-0.09452778045219554
1770340052.065952,1.0500000000000005,0.0,0.020073478564345302,1.3496864769484411,0.0,0.11717198804701594,0.0,-0.5,-0.18937893851392476,2.2494628307425454e-86,-0.00030499788799163833,-0.0945552881495783
1770340052.4992628,1.0500000000000005,0.0,0.020073478564345302,1.3496864769484411,0.0,0.11721799571002749,0.0,-0.5,-0.18937893851392476,1.8647698464565256e-86,-0.0008775402789666008,-0.09430795335657657
1770340052.923947,1.0500000000000005,0.0,0.020073478564345302,1.3496864769484411,0.0,0.1172639098175886,0.0,-0.5,-0.18937893851392476,1.2807414320682847e-86,-4.5016210419002417e-05,-0.09475021355860765
1770340053.3388278,1.0500000000000005,0.0,0.020073478564345302,1.3496864769484411,0.0,0.11730995996142653,0.0,-0.5,-0.18937893851392476,9.995226500744665e-87,8.321566885703788e-05,-0.0947439002793185
1770340053.7697828,1.0500000000000005,0.0,0.020073478564345302,1.3496864769484411,0.0,0.11735603105868128,0.0,-0.5,-0.18937893851392476,7.712749963112615e-87,-0.0005928775143888328,-0.09446063981809255
1770340054.1844187,1.0500000000000005,0.0,0.020073478564345302,1.3496864769484411,0.0,0.11740199168647555,0.0,-0.5,-0.18937893851392476,5.870300943135559e-87,0.00024370928005559253,-0.09489498257643462
1770340054.6081202,1.0500000000000005,0.0,0.020073478564345302,1.3496864769484411,0.0,0.1174480889942768,0.0,-0.5,-0.18937893851392476,4.4425297771085235e-87,-6.47311678115242e-05,-0.09468794771784333
1770340055.0200174,1.0500000000000005,0.0,0.020073478564345302,1.3496864769484411,0.0,0.11749413591946392,0.0,-0.5,-0.18937893851392476,3.4481189075517995e-87,0.0007957707190899335,-0.0951734048051975
1770340055.4386163,1.0500000000000005,0.0,0.020073478564345302,1.3496864769484411,0.0,0.11754032337631015,0.0,-0.5,-0.18937893851392476,2.613379622497075e-87,0.0005390077352304792,-0.09498464942296356
1770340055.8605525,1.0500000000000005,0.0,0.020073478564345302,1.3496864769484411,0.0,0.11758646891022949,0.0,-0.5,-0.18937893851392476,2.0300905028817317e-87,6.242487806660624e-06,-0.0947458670256081
1770340056.2770865,1.0500000000000005,0.0,0.020073478564345302,1.3496864769484411,0.0,0.11763252743328838,0.0,-0.5,-0.18937893851392476,1.5397322317485856e-87,0.00031701968958587227,-0.09487905682193323
1770340056.6932542,1.0500000000000005,0.0,0.020073478564345302,1.3496864769484411,0.0,0.11767863671447067,0.0,-0.5,-0.18937893851392476,1.1887913267611586e-87,0.00022695697883912586,-0.09481195401745661
1770340057.1064653,1.0500000000000005,0.0,0.020073478564345302,1.3496864769484411,0.0,0.11772473127568989,0.0,-0.5,-0.18937893851392476,9.230308124538369e-88,-0.00013995633552565535,-0.09465618242063603
1770340057.5254896,1.0500000000000005,0.0,0.020073478564345302,1.3496864769484411,0.0,0.11777076591635971,0.0,-0.5,-0.18937893851392476,6.98686367493957e-88,-0.00023227766300521125,-0.09458256255820773
1770340057.941555,1.0500000000000005,0.0,0.020073478564345302,1.3496864769484411,0.0,0.1178167854937437,0.0,-0.5,-0.18937893851392476,5.418920588256634e-88,-6.715446349449538e-05,-0.0946724043451662
1770340058.3667064,1.0500000000000005,0.0,0.020073478564345302,1.3496864769484411,0.0,0.11786283202732831,0.0,-0.5,-0.18937893851392476,4.104582165053038e-88,0.00016804986372260475,-0.09479701462154538
1770340058.8025508,1.0500000000000005,0.0,0.020073478564345302,1.3496864769484411,0.0,0.11790891698623925,0.0,-0.5,-0.18937893851392476,3.1047253562221207e-88,-0.00015813998360823865,-0.09464301824989134
1770340059.2394576,1.0500000000000005,0.0,0.020073478564345302,1.3496864769484411,0.0,0.11795494864965707,0.0,-0.5,-0.18937893851392476,2.348535450252948e-88,0.00023986059887808075,-0.09484919961465006
1770340059.6685095,1.0500000000000005,0.0,0.020073478564345302,1.3496864769484411,0.0,0.11800104532445699,0.0,-0.5,-0.18937893851392476,1.8242889534632508e-88,-0.0006837156399437323,-0.0944399690608727
1770340060.0821352,1.0500000000000005,0.0,0.020073478564345302,1.3496864769484411,0.0,0.1180469911196354,0.0,-0.5,-0.18937893851392476,1.3801929565056437e-88,0.0008382460061780153,-0.09526078842466357
1770340060.5033696,1.0500000000000005,0.0,0.020073478564345302,1.3496864769484411,0.0,0.11809318551267416,0.0,-0.5,-0.18937893851392476,1.072908444327599e-88,0.0010185192828902352,-0.09521675622607872
1770340060.915359,1.0500000000000005,0.0,0.020073478564345302,1.3496864769484411,0.0,0.11813940932418138,0.0,-0.5,-0.18937893851392476,8.136208369447283e-89,0.0006046577967295869,-0.09503318430394324
1770340061.3292882,1.0500000000000005,0.0,0.020073478564345302,1.3496864769484411,0.0,0.11818556557084352,0.0,-0.5,-0.18937893851392476,6.319326698565528e-89,-0.0003198117555510272,-0.09462201033441493
1770340061.7711742,1.0500000000000005,0.0,0.020073478564345302,1.3496864769484411,0.0,0.11823157081450254,0.0,-0.5,-0.18937893851392476,4.785987899555816e-89,0.00011014800155776007,-0.09478753923345214
1770340062.1836045,1.0500000000000005,0.0,0.020073478564345302,1.3496864769484411,0.0,0.11827764631594449,0.0,-0.5,-0.18937893851392476,3.718781759071477e-89,0.00013979670201410183,-0.09476233247801508
1770340062.6132774,1.0500000000000005,0.0,0.020073478564345302,1.3496864769484411,0.0,0.11832372665072709,0.0,-0.5,-0.18937893851392476,2.7938203257483792e-89,-0.0002705811343474272,-0.09459521647342482
1770340063.0391552,1.0500000000000005,0.0,0.020073478564345302,1.3496864769484411,0.0,0.11836973995174199,0.0,-0.5,-0.18937893851392476,2.5624292426161444e-89,-0.00034513650503072466,-0.09452435654151534
1770340063.451453,1.0500000000000005,0.0,0.020073478564345302,1.3496864769484411,0.0,0.11841574105943471,0.0,-0.5,-0.18937893851392476,1.6568840254731103e-89,-0.0003571050939361658,-0.09451211356888485
1770340063.890808,1.0500000000000005,0.0,0.020073478564345302,1.3496864769484411,0.0,0.11846174021984368,0.0,-0.5,-0.18937893851392476,1.2561960614337423e-89,-7.971434530495739e-05,-0.09467735115917301
1770340064.3036196,1.0500000000000005,0.0,0.020073478564345302,1.3496864769484411,0.0,0.11850778469885617,0.0,-0.5,-0.18937893851392476,9.737983514872642e-90,-0.0006039044616778216,-0.09443993603776075
1770340064.714777,1.0500000000000005,0.0,0.020073478564345302,1.3496864769484411,0.0,0.1185537435295704,0.0,-0.5,-0.18937893851392476,7.391800512318846e-90,-0.0005894113966174024,-0.09439621286515973
1770340065.138164,1.0500000000000005,0.0,0.020073478564345302,1.3496864769484411,0.0,0.1185997047313574,0.0,-0.5,-0.18937893851392476,5.728091469991291e-90,0.0005297893261946244,-0.09506628399234089
1770340065.5634956,1.0500000000000005,0.0,0.020073478564345302,1.3496864769484411,0.0,0.11864584876323969,0.0,-0.5,-0.18937893851392476,4.349989326444836e-90,0.0003253232349870982,-0.09487257748357668
1770340065.9765172,1.0500000000000005,0.0,0.020073478564345302,1.3496864769484411,0.0,0.11869195939625532,0.0,-0.5,-0.18937893851392476,3.3296703193431866e-90,-0.0002028123891435411,-0.09464087662480367
1770340066.39179,1.0500000000000005,0.0,0.020073478564345302,1.3496864769484411,0.0,0.11873798376406461,0.0,-0.5,-0.18937893851392476,2.622014960220472e-90,3.702900992848989e-05,-0.09473196790183383
1770340066.8359904,1.0500000000000005,0.0,0.020073478564345302,1.3496864769484411,0.0,0.11878404730821877,0.0,-0.5,-0.18937893851392476,1.988805586520134e-90,0.0004851214342334708,-0.09497683921650961
1770340067.2611735,1.0500000000000005,0.0,0.020073478564345302,1.3496864769484411,0.0,0.11883018402839929,0.0,-0.5,-0.18937893851392476,1.479560270215915e-90,-0.0001510133376706928,-0.09467757606531745
1770340067.688229,1.0500000000000005,0.0,0.020073478564345302,1.3496864769484411,0.0,0.11887621685589582,0.0,-0.5,-0.18937893851392476,1.1381323474753797e-90,-0.00017648754614777833,-0.0946037729047362
1770340068.1112509,1.0500000000000005,0.0,0.020073478564345302,1.3496864769484411,0.0,0.11892224552060396,0.0,-0.5,-0.18937893851392476,8.864408577423403e-91,0.0008274399103675319,-0.09520358195779768
1770340068.5393126,1.0500000000000005,0.0,0.020073478564345302,1.3496864769484411,0.0,0.11896843813265592,0.0,-0.5,-0.18937893851392476,6.888146917643609e-91,-0.00042634713684593475,-0.09460167439326075
1770340068.9695892,1.0500000000000005,0.0,0.020073478564345302,1.3496864769484411,0.0,0.11901442597414286,0.0,-0.5,-0.18937893851392476,5.09423244317721e-91,6.612005869407296e-05,-0.09477177600586342
1770340069.3853498,1.0500000000000005,0.0,0.020073478564345302,1.3496864769484411,0.0,0.11906049428190023,0.0,-0.5,-0.18937893851392476,3.954520798578218e-91,-6.072754710343222e-05,-0.09467179024399042
1770340069.8136535,1.0500000000000005,0.0,0.020073478564345302,1.3496864769484411,0.0,0.11910654186154634,0.0,-0.5,-0.18937893851392476,2.995668156594503e-91,-6.747683512697058e-05,-0.09465640576820125
1770340070.2401555,1.0500000000000005,0.0,0.020073478564345302,1.3496864769484411,0.0,0.11915258833075792,0.0,-0.5,-0.18937893851392476,2.2581192214594753e-91,4.0987276753194776e-05,-0.094720809306527
1770340070.6550465,1.0500000000000005,0.0,0.020073478564345302,1.3496864769484411,0.0,0.11919865252937109,0.0,-0.5,-0.18937893851392476,1.7165548446052805e-91,0.0003060289231774641,-0.09486898788319353
1770340071.08159,1.0500000000000005,0.0,0.020073478564345302,1.3496864769484411,0.0,0.11924476000810892,0.0,-0.5,-0.18937893851392476,1.3227513376730463e-91,-0.0006738515923234254,-0.09445053151235076
1770340071.4999268,1.0500000000000005,0.0,0.020073478564345302,1.3496864769484411,0.0,0.11929070740724833,0.0,-0.5,-0.18937893851392476,1.3085159510120502e-91,0.000412245089866645,-0.09500420147011471
1770340071.9168143,1.0500000000000005,0.0,0.020073478564345302,1.3496864769484411,0.0,0.11933683223451406,0.0,-0.5,-0.18937893851392476,7.86397867378362e-92,0.0003110386249364846,-0.09485510921592363
1770340072.3302171,1.0500000000000005,0.0,0.020073478564345302,1.3496864769484411,0.0,0.1193829405447367,0.0,-0.5,-0.18937893851392476,6.121376091048697e-92,0.00024619823306185344,-0.09481905241268077
1770340072.746668,1.0500000000000005,0.0,0.020073478564345302,1.3496864769484411,0.0,0.11942903824950488,0.0,-0.5,-0.18937893851392476,4.758579210502199e-92,-0.00020212652538868027,-0.0946332384701131
1770340073.1637053,1.0500000000000005,0.0,0.020073478564345302,1.3496864769484411,0.0,0.11947506272460254,0.0,-0.5,-0.18937893851392476,3.462621612233421e-92,-0.0003038289342384308,-0.09454772503072813
1770340073.5789208,1.0500000000000005,0.0,0.020073478564345302,1.3496864769484411,0.0,0.11952107059146197,0.0,-0.5,-0.18937893851392476,2.8295736019981265e-92,-0.00039663653982644354,-0.09450043174760796
1770340074.001967,1.0500000000000005,0.0,0.020073478564345302,1.3496864769484411,0.0,0.11956706328774722,0.0,-0.5,-0.18937893851392476,2.0454048848019203e-92,-0.0008088646866804074,-0.09432625972830758
1770340074.4226365,1.0500000000000005,0.0,0.020073478564345302,1.3496864769484411,0.0,0.11961298861767085,0.0,-0.5,-0.18937893851392476,1.5837478961638176e-92,0.00026833563044995784,-0.0949313571039004
1770340074.8497863,1.0500000000000005,0.0,0.020073478564345302,1.3496864769484411,0.0,0.11965908994878562,0.0,-0.5,-0.18937893851392476,1.5016902168230715e-92,0.00012968510944081415,-0.09476817686378369
1770340075.262721,1.0500000000000005,0.0,0.020073478564345302,1.3496864769484411,0.0,0.11970516863669188,0.0,-0.5,-0.18937893851392476,9.367990837479388e-93,-0.00038021612210690245,-0.0945503513190637
1770340075.6912482,1.0500000000000005,0.0,0.020073478564345302,1.3496864769484411,0.0,0.11975116401518614,0.0,-0.5,-0.18937893851392476,7.048274926177109e-93,-0.00013858924802959724,-0.09464433732035532
1770340076.1102645,1.0500000000000005,0.0,0.020073478564345302,1.3496864769484411,0.0,0.1197971988757971,0.0,-0.5,-0.18937893851392476,5.460256098412063e-93,8.936156881136822e-05,-0.09475694512305216
1770340076.5195858,1.0500000000000005,0.0,0.020073478564345302,1.3496864769484411,0.0,0.11984327098156244,0.0,-0.5,-0.18937893851392476,4.140611570421591e-93,0.0006950980068812353,-0.09509759190420998
1770340076.9291668,1.0500000000000005,0.0,0.020073478564345302,1.3496864769484411,0.0,0.11988944199646742,0.0,-0.5,-0.18937893851392476,3.2088932750536796e-93,-0.00027824175906063296,-0.09464768235402625
1770340077.3696377,1.0500000000000005,0.0,0.020073478564345302,1.3496864769484411,0.0,0.11993545403684408,0.0,-0.5,-0.18937893851392476,2.432359366052834e-93,0.0007876369740385991,-0.09518987561729161
1770340077.7959487,1.0500000000000005,0.0,0.020073478564345302,1.3496864769484411,0.0,0.11998164016331464,0.0,-0.5,-0.18937893851392476,1.8874068498748046e-93,0.0006832395423631217,-0.09504152877131149
1770340078.210447,1.0500000000000005,0.0,0.020073478564345302,1.3496864769484411,0.0,0.12002780923630028,0.0,-0.5,-0.18937893851392476,1.4280278119489667e-93,0.0005847428615783333,-0.09499169035583002
1770340078.6303146,1.0500000000000005,0.0,0.020073478564345302,1.3496864769484411,0.0,0.12007396222676069,0.0,-0.5,-0.18937893851392476,1.0749425328232736e-93,5.180531506539601e-06,-0.09475001575572282
1770340079.0509827,1.0500000000000005,0.0,0.020073478564345302,1.3496864769484411,0.0,0.1201200205781582,0.0,-0.5,-0.18937893851392476,8.438512495955551e-94,-5.608969690208771e-05,-0.09466755143135219
1770340079.4660964,1.0500000000000005,0.0,0.020073478564345302,1.3496864769484411,0.0,0.12016606891955167,0.0,-0.5,-0.18937893851392476,6.52082044366235e-94,-0.0001378041213066411,-0.09462873863874952
1770340079.8877923,1.0500000000000005,0.0,0.020073478564345302,1.3496864769484411,0.0,0.12021210390890867,0.0,-0.5,-0.18937893851392476,4.913387448984658e-94,-0.00022699631596711747,-0.09458489031844487
1770340080.3056152,1.0500000000000005,0.0,0.020073478564345302,1.3496864769484411,0.0,0.12025812433387072,0.0,-0.5,-0.18937893851392476,3.821654177709827e-94,0.0007857247677326928,-0.09518360374919871
1770340080.7186646,1.0500000000000005,0.0,0.020073478564345302,1.3496864769484411,0.0,0.12030431014920503,0.0,-0.5,-0.18937893851392476,2.900116682185867e-94,0.0007784206668249237,-0.09507941000046562
1770340081.129518,1.0500000000000005,0.0,0.020073478564345302,1.3496864769484411,0.0,0.12035049477363856,0.0,-0.5,-0.18937893851392476,2.243393104343243e-94,0.000308335083701774,-0.09489064535712557
1770340081.5573502,1.0500000000000005,0.0,0.020073478564345302,1.3496864769484411,0.0,0.12039660262788565,0.0,-0.5,-0.18937893851392476,1.699159565050066e-94,-0.00027198680134216834,-0.09461150804479569
1770340081.9712234,1.0500000000000005,0.0,0.020073478564345302,1.3496864769484411,0.0,0.12044261569823057,0.0,-0.5,-0.18937893851392476,1.3174957060343248e-94,0.0002915549219491379,-0.09489160089026608
1770340082.3880572,1.0500000000000005,0.0,0.020073478564345302,1.3496864769484411,0.0,0.12048872083271772,0.0,-0.5,-0.18937893851392476,1.0253865108495876e-94,0.0007639077005955991,-0.09511865838512482
1770340082.8040462,1.0500000000000005,0.0,0.020073478564345302,1.3496864769484411,0.0,0.12053490308071406,0.0,-0.5,-0.18937893851392476,7.98237407866151e-95,-0.00017967882585482892,-0.09469398849668001
1770340083.219543,1.0500000000000005,0.0,0.020073478564345302,1.3496864769484411,0.0,0.12058093122507364,0.0,-0.5,-0.18937893851392476,6.016361017809701e-95,-0.0003896874552374157,-0.09451562639228193
1770340083.6323364,1.0500000000000005,0.0,0.020073478564345302,1.3496864769484411,0.0,0.12062692504788668,0.0,-0.5,-0.18937893851392476,4.6535751895889064e-95,-7.917431665269273e-05,-0.0946809334124945
1770340084.0451992,1.0500000000000005,0.0,0.020073478564345302,1.3496864769484411,0.0,0.12067296961809428,0.0,-0.5,-0.18937893851392476,3.534049136493161e-95,-3.062973945731761e-05,-0.09467900884495327
1770340084.4551244,1.0500000000000005,0.0,0.020073478564345302,1.3496864769484411,0.0,0.1207190221115473,0.0,-0.5,-0.18937893851392476,2.7415024079591206e-95,5.349646349953394e-05,-0.09472463010900783
1770340084.8772607,1.0500000000000005,0.0,0.020073478564345302,1.3496864769484411,0.0,0.12076508834863932,0.0,-0.5,-0.18937893851392476,2.0741497638753563e-95,-0.0006319327477615841,-0.0944420458042077
1770340085.307558,1.0500000000000005,0.0,0.020073478564345302,1.3496864769484411,0.0,0.12081104260350496,0.0,-0.5,-0.18937893851392476,1.6111840446299708e-95,0.0003774601243468604,-0.09497913860634666
1770340085.7185388,1.0500000000000005,0.0,0.020073478564345302,1.3496864769484411,0.0,0.12085716175521642,0.0,-0.5,-0.18937893851392476,1.2197237662276178e-95,9.190496195722326e-05,-0.09476397725417995
1770340086.1412344,1.0500000000000005,0.0,0.020073478564345302,1.3496864769484411,0.0,0.12090323426867754,0.0,-0.5,-0.18937893851392476,9.498222580222909e-96,-0.000528544776906453,-0.09448724184239553
1770340086.5515125,1.0500000000000005,0.0,0.020073478564345302,1.3496864769484411,0.0,0.12094920541609556,0.0,-0.5,-0.18937893851392476,7.292941088458484e-96,-5.371586223932979e-05,-0.09471009421730943
1770340086.970269,1.0500000000000005,0.0,0.020073478564345302,1.3496864769484411,0.0,0.12099525414909156,0.0,-0.5,-0.18937893851392476,5.556487832886761e-96,-0.00045127040716923234,-0.09450358950787076
1770340087.387343,1.0500000000000005,0.0,0.020073478564345302,1.3496864769484411,0.0,0.1210412379189852,0.0,-0.5,-0.18937893851392476,4.313846371657088e-96,-0.0007668098173580704,-0.09433761828930222
1770340087.808445,1.0500000000000005,0.0,0.020073478564345302,1.3496864769484411,0.0,0.1210871701153639,0.0,-0.5,-0.18937893851392476,3.2688200924458698e-96,-8.994075696529507e-05,-0.09471218578451901
1770340088.2298062,1.0500000000000005,0.0,0.020073478564345302,1.3496864769484411,0.0,0.12113321292604239,0.0,-0.5,-0.18937893851392476,2.5132496495155037e-96,-0.0006483581322199346,-0.09442113192837787
1770340088.6509707,1.0500000000000005,0.0,0.020073478564345302,1.3496864769484411,0.0,0.1211791644933346,0.0,-0.5,-0.18937893851392476,1.92119190137288e-96,-0.000409378170768954,-0.094508678167723
1770340089.0695035,1.0500000000000005,0.0,0.020073478564345302,1.3496864769484411,0.0,0.12122515510822565,0.0,-0.5,-0.18937893851392476,1.488225815335569e-96,-0.000320049694491724,-0.09453837725734424
1770340089.489684,1.0500000000000005,0.0,0.020073478564345302,1.3496864769484411,0.0,0.12127116031969816,0.0,-0.5,-0.18937893851392476,1.1240771153046524e-96,-0.0009590037860008944,-0.09427386277311285
1770340089.9143806,1.0500000000000005,0.0,0.020073478564345302,1.3496864769484411,0.0,0.12131706110204489,0.0,-0.5,-0.18937893851392476,8.58351398708563e-97,-0.0010183128836223545,-0.09418624372491334
1770340090.34338,1.0500000000000005,0.0,0.020073478564345302,1.3496864769484411,0.0,0.12136295218552381,0.0,-0.5,-0.18937893851392476,6.671434665895936e-97,-0.0003889563474178439,-0.09455792673687391
1770340090.759808,1.0500000000000005,0.0,0.020073478564345302,1.3496864769484411,0.0,0.1214089461424473,0.0,-0.5,-0.18937893851392476,5.071021626938575e-97,-3.960051542826684e-05,-0.09470460458244721
1770340091.176873,1.0500000000000005,0.0,0.020073478564345302,1.3496864769484411,0.0,0.12145499717677861,0.0,-0.5,-0.18937893851392476,3.938072976539773e-97,-0.0007271167275837728,-0.09439466251438605
1770340091.5980964,1.0500000000000005,0.0,0.020073478564345302,1.3496864769484411,0.0,0.12150093588019639,0.0,-0.5,-0.18937893851392476,3.060169813308647e-97,0.00017164471801351782,-0.09486516776052886
1770340092.0143783,1.0500000000000005,0.0,0.020073478564345302,1.3496864769484411,0.0,0.12154702141310006,0.0,-0.5,-0.18937893851392476,2.319598664510712e-97,-0.0004213141654568356,-0.09453810806258099
1770340092.4479694,1.0500000000000005,0.0,0.020073478564345302,1.3496864769484411,0.0,0.12159301008607179,0.0,-0.5,-0.18937893851392476,1.7578600894625301e-97,-0.0005844229567672414,-0.09441356865770979
1770340092.8650284,1.0500000000000005,0.0,0.020073478564345302,1.3496864769484411,0.0,0.1216389720978859,0.0,-0.5,-0.18937893851392476,1.3646370726790957e-97,0.0001223902400829274,-0.09482134569668886
1770340093.286917,1.0500000000000005,0.0,0.020073478564345302,1.3496864769484411,0.0,0.12168504960025579,0.0,-0.5,-0.18937893851392476,1.0349670443852232e-97,0.00046099433650604145,-0.09495382683485772
1770340093.709807,1.0500000000000005,0.0,0.020073478564345302,1.3496864769484411,0.0,0.12173118239904672,0.0,-0.5,-0.18937893851392476,8.03347366847474e-98,-0.0007036299280764621,-0.0944541167193824
1770340094.1353967,1.0500000000000005,0.0,0.020073478564345302,1.3496864769484411,0.0,0.12177712492193013,0.0,-0.5,-0.18937893851392476,6.094128566549672e-98,-0.00040997048226688675,-0.0945138499604099
1770340094.5535524,1.0500000000000005,0.0,0.020073478564345302,1.3496864769484411,0.0,0.12182311544562607,0.0,-0.5,-0.18937893851392476,4.623674011804311e-98,9.255436762741452e-05,-0.09478599892576552
1770340094.971638,1.0500000000000005,0.0,0.020073478564345302,1.3496864769484411,0.0,0.12186918807173996,0.0,-0.5,-0.18937893851392476,3.613292902253005e-98,-0.00023262779168687652,-0.09460567357705038
1770340095.3833647,1.0500000000000005,0.0,0.020073478564345302,1.3496864769484411,0.0,0.1219152075740221,0.0,-0.5,-0.18937893851392476,2.817216499955077e-98,-0.0007897991288742701,-0.09435028682624398
1770340095.7982354,1.0500000000000005,0.0,0.020073478564345302,1.3496864769484411,0.0,0.1219611360153082,0.0,-0.5,-0.18937893851392476,2.05682175456698e-98,-0.00033092256439752295,-0.09456989563121129
1770340096.2235038,1.0500000000000005,0.0,0.020073478564345302,1.3496864769484411,0.0,0.12200713945652276,0.0,-0.5,-0.18937893851392476,1.6718089337310514e-98,-0.00043363600284080804,-0.09448292259938632
1770340096.6435704,1.0500000000000005,0.0,0.020073478564345302,1.3496864769484411,0.0,0.12205312610174447,0.0,-0.5,-0.18937893851392476,1.2129634660459502e-98,-0.0001989167195700312,-0.09461348282550444
1770340097.0633154,1.0500000000000005,0.0,0.020073478564345302,1.3496864769484411,0.0,0.12209915110791951,0.0,-0.5,-0.18937893851392476,9.421427942181403e-99,0.0003492912464210592,-0.09491893567677201
1770340097.4775002,1.0500000000000005,0.0,0.020073478564345302,1.3496864769484411,0.0,0.12214526566232473,0.0,-0.5,-0.18937893851392476,7.200276727593001e-99,-5.915015488416078e-05,-0.09470073831965081
1770340097.8969364,1.0500000000000005,0.0,0.020073478564345302,1.3496864769484411,0.0,0.12219131350482731,0.0,-0.5,-0.18937893851392476,5.535082114253539e-99,0.0003927474804308196,-0.0949310327607093
1770340098.3154547,1.0500000000000005,0.0,0.020073478564345302,1.3496864769484411,0.0,0.12223743514562875,0.0,-0.5,-0.18937893851392476,4.288759148372751e-99,-3.7899028487880008e-06,-0.09472722804386594
1770340098.7361822,1.0500000000000005,0.0,0.020073478564345302,1.3496864769484411,0.0,0.12228349203790456,0.0,-0.5,-0.18937893851392476,4.110975170805438e-99,0.0004712388870562615,-0.09497259157948103
1770340099.1537433,1.0500000000000005,0.0,0.020073478564345302,1.3496864769484411,0.0,0.12232962651039392,0.0,-0.5,-0.18937893851392476,2.450553896635154e-99,0.0004994054376835897,-0.0949419886308669
1770340099.5643203,1.0500000000000005,0.0,0.020073478564345302,1.3496864769484411,0.0,0.1223757655748251,0.0,-0.5,-0.18937893851392476,1.9080407452989756e-99,0.0010048927629581522,-0.09524246437096891
1770340099.9781184,1.0500000000000005,0.0,0.020073478564345302,1.3496864769484411,0.0,0.12242198716546326,0.0,-0.5,-0.18937893851392476,1.4781078970716247e-99,-0.000326258518147946,-0.09465945512599902
1770340100.4010952,1.0500000000000005,0.0,0.020073478564345302,1.3496864769484411,0.0,0.12246799137378961,0.0,-0.5,-0.18937893851392476,1.1177886509517713e-99,-0.00047886862315838115,-0.09446529595588424
1770340100.8140476,1.0500000000000005,0.0,0.020073478564345302,1.3496864769484411,0.0,0.12251397063220769,0.0,-0.5,-0.18937893851392476,1.0402371757416546e-99,-0.0001779054584526893,-0.0946306128442066
1770340101.2253652,1.0500000000000005,0.0,0.020073478564345302,1.3496864769484411,0.0,0.12255999906088143,0.0,-0.5,-0.18937893851392476,6.722291952573881e-100,0.0006070444449803821,-0.09507148646979588
1770340101.6469011,1.0500000000000005,0.0,0.020073478564345302,1.3496864769484411,0.0,0.12260615570987492,0.0,-0.5,-0.18937893851392476,5.075982916407827e-100,0.00020582643543609597,-0.09483250427563486
1770340102.0639553,1.0500000000000005,0.0,0.020073478564345302,1.3496864769484411,0.0,0.12265224683786659,0.0,-0.5,-0.18937893851392476,3.943477195851355e-100,-0.00037050336286078547,-0.09456185055536168
1770340102.484301,1.0500000000000005,0.0,0.020073478564345302,1.3496864769484411,0.0,0.122698243809593,0.0,-0.5,-0.18937893851392476,2.9883181969791823e-100,0.0003136366874228313,-0.09491470160570215
1770340102.902679,1.0500000000000005,0.0,0.020073478564345302,1.3496864769484411,0.0,0.12274435253824023,0.0,-0.5,-0.18937893851392476,2.317381549144416e-100,0.0001225155183584999,-0.09476983913304807
1770340103.3146641,1.0500000000000005,0.0,0.020073478564345302,1.3496864769484411,0.0,0.12279043005670337,0.0,-0.5,-0.18937893851392476,1.7551256131947597e-100,2.5268061160761788e-05,-0.09471182803326254
1770340103.7296886,1.0500000000000005,0.0,0.020073478564345302,1.3496864769484411,0.0,0.12283649166966705,0.0,-0.5,-0.18937893851392476,1.3614465845796282e-100,-0.00020055064456029294,-0.09461177580525434
1770340104.1483583,1.0500000000000005,0.0,0.020073478564345302,1.3496864769484411,0.0,0.12288251641298562,0.0,-0.5,-0.18937893851392476,1.056945399302248e-100,3.248260462144963e-05,-0.09472901388419128
1770340104.5695431,1.0500000000000005,0.0,0.020073478564345302,1.3496864769484411,0.0,0.12292857920612126,0.0,-0.5,-0.18937893851392476,7.99402351843205e-101,0.000504374550083446,-0.09498884572655031
1770340104.9917574,1.0500000000000005,0.0,0.020073478564345302,1.3496864769484411,0.0,0.12297471908594398,0.0,-0.5,-0.18937893851392476,6.243897007959657e-101,8.493012429135229e-05,-0.09477387876168727
1770340105.407358,1.0500000000000005,0.0,0.020073478564345302,1.3496864769484411,0.0,0.1230207904675129,0.0,-0.5,-0.18937893851392476,4.7295837167318605e-101,-0.0008882412765238606,-0.09434266575878196
1770340105.8240898,1.0500000000000005,0.0,0.020073478564345302,1.3496864769484411,0.0,0.12306670282090931,0.0,-0.5,-0.18937893851392476,3.6651416571476015e-101,-0.00013841485605639142,-0.09469524447098093
1770340106.252467,1.0500000000000005,0.0,0.020073478564345302,1.3496864769484411,0.0,0.12311273771370679,0.0,-0.5,-0.18937893851392476,2.7718522565836567e-101,0.00043097508226224644,-0.09496189579192538
1770340106.6748216,1.0500000000000005,0.0,0.020073478564345302,1.3496864769484411,0.0,0.12315886560405523,0.0,-0.5,-0.18937893851392476,2.093973295122989e-101,-4.880187299028792e-06,-0.094730614690269
1770340107.091037,1.0500000000000005,0.0,0.020073478564345302,1.3496864769484411,0.0,0.12320492229248316,0.0,-0.5,-0.18937893851392476,1.628425631148472e-101,0.0003490902961820992,-0.09489941145340154
1770340107.5064182,1.0500000000000005,0.0,0.020073478564345302,1.3496864769484411,0.0,0.12325103680397302,0.0,-0.5,-0.18937893851392476,1.2744483831922804e-101,0.0007905821025119093,-0.0951289094888513
1770340107.9218695,1.0500000000000005,0.0,0.020073478564345302,1.3496864769484411,0.0,0.12329722340251237,0.0,-0.5,-0.18937893851392476,9.543149489154776e-102,0.000360985044292661,-0.09491292148493063
1770340108.3407562,1.0500000000000005,0.0,0.020073478564345302,1.3496864769484411,0.0,0.1233433398666504,0.0,-0.5,-0.18937893851392476,7.395064943860915e-102,8.787115654234934e-05,-0.09476071622400858
1770340108.7538269,1.0500000000000005,0.0,0.020073478564345302,1.3496864769484411,0.0,0.12338941171492368,0.0,-0.5,-0.18937893851392476,5.569996278383254e-102,0.00048772283325390983,-0.0949733158412605
1770340109.1661396,1.0500000000000005,0.0,0.020073478564345302,1.3496864769484411,0.0,0.12343554886962205,0.0,-0.5,-0.18937893851392476,4.3366215200827745e-102,0.0004844360512714399,-0.09493201596079634
1770340109.5829842,1.0500000000000005,0.0,0.020073478564345302,1.3496864769484411,0.0,0.12348168549324304,0.0,-0.5,-0.18937893851392476,3.3672515051518436e-102,0.0004992802341028937,-0.09494059379229697
1770340110.002183,1.0500000000000005,0.0,0.020073478564345302,1.3496864769484411,0.0,0.12352782453085213,0.0,-0.5,-0.18937893851392476,2.5480809121562307e-102,0.0003847870274248788,-0.09489331209134261
1770340110.420967,1.0500000000000005,0.0,0.020073478564345302,1.3496864769484411,0.0,0.12357394488419324,0.0,-0.5,-0.18937893851392476,1.9692380291088144e-102,0.0002548200461519633,-0.09482987597816565
1770340110.8348436,1.0500000000000005,0.0,0.020073478564345302,1.3496864769484411,0.0,0.12362004400516778,0.0,-0.5,-0.18937893851392476,1.4967687692887083e-102,0.0006185717854211097,-0.09503513032359985
1770340111.2631478,1.0500000000000005,0.0,0.020073478564345302,1.3496864769484411,0.0,0.12366620252634317,0.0,-0.5,-0.18937893851392476,1.1666005011139295e-102,0.0003778023414246899,-0.09490244737207436
1770340111.680272,1.0500000000000005,0.0,0.020073478564345302,1.3496864769484411,0.0,0.12371232173706323,0.0,-0.5,-0.18937893851392476,8.788541263975249e-103,0.0004112840658805945,-0.09489845946234826
1770340112.0995462,1.0500000000000005,0.0,0.020073478564345302,1.3496864769484411,0.0,0.12375844641412527,0.0,-0.5,-0.18937893851392476,6.811548874558033e-103,0.00033992639850555624,-0.09486656822295265
1770340112.5362384,1.0500000000000005,0.0,0.020073478564345302,1.3496864769484411,0.0,0.12380455942894251,0.0,-0.5,-0.18937893851392476,5.157609281893271e-103,-0.0003364026266305884,-0.0945889008461607
1770340112.954155,1.0500000000000005,0.0,0.020073478564345302,1.3496864769484411,0.0,0.12385056196893485,0.0,-0.5,-0.18937893851392476,4.0449232665537673e-103,0.00034951810707600333,-0.09493282038387105
1770340113.3726833,1.0500000000000005,0.0,0.020073478564345302,1.3496864769484411,0.0,0.12389667655016215,0.0,-0.5,-0.18937893851392476,3.028292336607997e-103,-0.00013489604610476483,-0.09467046264922808
1770340113.7936232,1.0500000000000005,0.0,0.020073478564345302,1.3496864769484411,0.0,0.12394271201695235,0.0,-0.5,-0.18937893851392476,2.3353310768895953e-103,-0.0006802691859442934,-0.09440387197797419
1770340114.2389445,1.0500000000000005,0.0,0.020073478564345302,1.3496864769484411,0.0,0.12398865835393699,0.0,-0.5,-0.18937893851392476,1.7745004576925293e-103,-0.0002741642669050688,-0.09459299761541376
1770340114.6578083,1.0500000000000005,0.0,0.020073478564345302,1.3496864769484411,0.0,0.1240346710648659,0.0,-0.5,-0.18937893851392476,1.3715147451536816e-103,0.0005889348429450462,-0.09507024658941991
1770340115.0743153,1.0500000000000005,0.0,0.020073478564345302,1.3496864769484411,0.0,0.12408082475270064,0.0,-0.5,-0.18937893851392476,1.0595162062807908e-103,0.0012388324062825497,-0.0953738752164374
1770340115.4917722,1.0500000000000005,0.0,0.020073478564345302,1.3496864769484411,0.0,0.12412708452190192,0.0,-0.5,-0.18937893851392476,8.045463065446653e-104,0.0003246251685599915,-0.09494320256501464
1770340115.909391,1.0500000000000005,0.0,0.020073478564345302,1.3496864769484411,0.0,0.12417319504762919,0.0,-0.5,-0.18937893851392476,6.241812875233364e-104,-0.0002492320049976143,-0.09462223897181934
1770340116.325276,1.0500000000000005,0.0,0.020073478564345302,1.3496864769484411,0.0,0.12421921182478697,0.0,-0.5,-0.18937893851392476,4.7134699827195864e-104,0.0004881321865550115,-0.09500727176939515
1770340116.7576888,1.0500000000000005,0.0,0.020073478564345302,1.3496864769484411,0.0,0.12426534904385836,0.0,-0.5,-0.18937893851392476,3.5188823939878486e-104,-0.0001615571917594365,-0.0946736595989141
1770340117.176671,1.0500000000000005,0.0,0.020073478564345302,1.3496864769484411,0.0,0.1243113801493767,0.0,-0.5,-0.18937893851392476,3.318659555245042e-104,2.1484940822949928e-05,-0.0947185159406321
1770340117.6117027,1.0500000000000005,0.0,0.020073478564345302,1.3496864769484411,0.0,0.12435744115079672,0.0,-0.5,-0.18937893851392476,2.070830385341507e-104,0.000285655526035599,-0.09485871407850144
1770340118.029981,1.0500000000000005,0.0,0.020073478564345302,1.3496864769484411,0.0,0.12440354531968863,0.0,-0.5,-0.18937893851392476,1.6219670365979934e-104,0.0001428197629351354,-0.09477516271474
1770340118.464858,1.0500000000000005,0.0,0.020073478564345302,1.3496864769484411,0.0,0.12444962614263327,0.0,-0.5,-0.18937893851392476,1.2278147641020355e-104,0.00054913375115175,-0.09500466753135992
1770340118.8909204,1.0500000000000005,0.0,0.020073478564345302,1.3496864769484411,0.0,0.12449577333415777,0.0,-0.5,-0.18937893851392476,9.293546968023334e-105,0.00020809128427021922,-0.09482761914578564
1770340119.3051867,1.0500000000000005,0.0,0.020073478564345302,1.3496864769484411,0.0,0.12454186483229429,0.0,-0.5,-0.18937893851392476,7.207456868453363e-105,0.0003205082671427151,-0.094860965088821
1770340119.7289324,1.0500000000000005,0.0,0.020073478564345302,1.3496864769484411,0.0,0.12458797469283373,0.0,-0.5,-0.18937893851392476,5.446545384607331e-105,0.001015962338912735,-0.09526699583359576
1770340120.1498015,1.0500000000000005,0.0,0.020073478564345302,1.3496864769484411,0.0,0.12463419809128076,0.0,-0.5,-0.18937893851392476,4.1883543746904296e-105,0.001088940571599783,-0.09524123736603098
1770340120.568127,1.0500000000000005,0.0,0.020073478564345302,1.3496864769484411,0.0,0.12468043339873583,0.0,-0.5,-0.18937893851392476,3.211057718845315e-105,-8.672666583760399e-06,-0.09479489424748887
1770340120.990148,1.0500000000000005,0.0,0.020073478564345302,1.3496864769484411,0.0,0.12472648948634893,0.0,-0.5,-0.18937893851392476,2.5039768037570665e-105,-0.00030539683280760645,-0.09456644325718096
1770340121.41511,1.0500000000000005,0.0,0.020073478564345302,1.3496864769484411,0.0,0.12477249710108072,0.0,-0.5,-0.18937893851392476,1.8897605474152856e-105,0.0010430707921263956,-0.09534585141551898
1770340121.836096,1.0500000000000005,0.0,0.020073478564345302,1.3496864769484411,0.0,0.12481872491444379,0.0,-0.5,-0.18937893851392476,1.4450664796130649e-105,0.0012706791007443706,-0.09534756963819636
1770340122.2487686,1.0500000000000005,0.0,0.020073478564345302,1.3496864769484411,0.0,0.12486498988176614,0.0,-0.5,-0.18937893851392476,1.116908903351204e-105,-0.0005390441143671731,-0.09460091952128995
1770340122.6688724,1.0500000000000005,0.0,0.020073478564345302,1.3496864769484411,0.0,0.12491095931257039,0.0,-0.5,-0.18937893851392476,8.678655907206453e-106,0.0006181853616074855,-0.0951142848853636
1770340123.0933259,1.0500000000000005,0.0,0.020073478564345302,1.3496864769484411,0.0,0.12495711776937275,0.0,-0.5,-0.18937893851392476,6.43108021175745e-106,0.0003983237983672669,-0.09491061731247004
1770340123.5093503,1.0500000000000005,0.0,0.020073478564345302,1.3496864769484411,0.0,0.1250032403328541,0.0,-0.5,-0.18937893851392476,6.430983411062831e-106,-0.0001278304429836663,-0.09467816945960564
1770340123.9241288,1.0500000000000005,0.0,0.020073478564345302,1.3496864769484411,0.0,0.12504927695299417,0.0,-0.5,-0.18937893851392476,3.8755052087491357e-106,0.00015773445006778011,-0.09479689297130142
1770340124.335535,1.0500000000000005,0.0,0.020073478564345302,1.3496864769484411,0.0,0.1250953602113846,0.0,-0.5,-0.18937893851392476,2.9279737948760226e-106,0.0012533723802397878,-0.09542571924009947
1770340124.7534041,1.0500000000000005,0.0,0.020073478564345302,1.3496864769484411,0.0,0.12514162234629422,0.0,-0.5,-0.18937893851392476,2.293032862517723e-106,0.000473461481077403,-0.09500419108741733
1770340125.1674647,1.0500000000000005,0.0,0.020073478564345302,1.3496864769484411,0.0,0.12518775716747074,0.0,-0.5,-0.18937893851392476,1.7150456434817591e-106,0.0002134038755034933,-0.09482217695527152
1770340125.576952,1.0500000000000005,0.0,0.020073478564345302,1.3496864769484411,0.0,0.12523384952391414,0.0,-0.5,-0.18937893851392476,1.3882034982272495e-106,-0.0013047669714634305,-0.09418890285592736
1770340126.003044,1.0500000000000005,0.0,0.020073478564345302,1.3496864769484411,0.0,0.12527969377602366,0.0,-0.5,-0.18937893851392476,1.2550572930143807e-106,-0.0005215704926422939,-0.09450700365852335
1770340126.4175212,1.0500000000000005,0.0,0.020073478564345302,1.3496864769484411,0.0,0.1253256660606983,0.0,-0.5,-0.18937893851392476,7.836446572139487e-107,-0.00016316380940164165,-0.09464372802058563
1770340126.8347726,1.0500000000000005,0.0,0.020073478564345302,1.3496864769484411,0.0,0.12537169691945343,0.0,-0.5,-0.18937893851392476,5.931884947890452e-107,-0.0003521508994338292,-0.09453229251624869
1770340127.2525902,1.0500000000000005,0.0,0.020073478564345302,1.3496864769484411,0.0,0.12541769688452511,0.0,-0.5,-0.18937893851392476,4.787637519579391e-107,-0.0003820195991738047,-0.09450144632734947
1770340127.6805885,1.0500000000000005,0.0,0.020073478564345302,1.3496864769484411,0.0,0.12546369197870522,0.0,-0.5,-0.18937893851392476,3.470151896199054e-107,-0.0010386570841409545,-0.09423580446338863
1770340128.0960119,1.0500000000000005,0.0,0.020073478564345302,1.3496864769484411,0.0,0.1255095797416094,0.0,-0.5,-0.18937893851392476,2.70230058802851e-107,-0.0005230716203214849,-0.09447949199318359
1770340128.5186834,1.0500000000000005,0.0,0.020073478564345302,1.3496864769484411,0.0,0.12555555177952082,0.0,-0.5,-0.18937893851392476,2.1289301017274307e-107,-0.0011910387794199875,-0.09416074658316224
1770340128.9391336,1.0500000000000005,0.0,0.020073478564345302,1.3496864769484411,0.0,0.1256014146354321,0.0,-0.5,-0.18937893851392476,1.5859852581233088e-107,-0.0007971388679067717,-0.09433028981416032
1770340129.371109,1.0500000000000005,0.0,0.020073478564345302,1.3496864769484411,0.0,0.12564734186972412,0.0,-0.5,-0.18937893851392476,1.2032749585843446e-107,-0.00023206787187974687,-0.09462994242062521
1770340129.7880151,1.0500000000000005,0.0,0.020073478564345302,1.3496864769484411,0.0,0.12569336146320137,0.0,-0.5,-0.18937893851392476,9.355290823598237e-108,-0.0006296607754033565,-0.09441439815961307
1770340130.2093694,1.0500000000000005,0.0,0.020073478564345302,1.3496864769484411,0.0,0.12573931608284744,0.0,-0.5,-0.18937893851392476,7.061623768575092e-108,-0.00010799317464612679,-0.09468763942971503
1770340130.6243868,1.0500000000000005,0.0,0.020073478564345302,1.3496864769484411,0.0,0.12578535594846044,0.0,-0.5,-0.18937893851392476,5.4788717542107566e-108,0.000357320543725709,-0.09491466090066242
1770340131.040771,1.0500000000000005,0.0,0.020073478564345302,1.3496864769484411,0.0,0.12583147181714807,0.0,-0.5,-0.18937893851392476,4.1492170294965926e-108,-0.0005092031197643476,-0.0945215200634292
1770340131.4696486,1.0500000000000005,0.0,0.020073478564345302,1.3496864769484411,0.0,0.12587744611884388,0.0,-0.5,-0.18937893851392476,3.2234348453404903e-108,0.0002789879428952388,-0.09490778233467596
1770340131.8909886,1.0500000000000005,0.0,0.020073478564345302,1.3496864769484411,0.0,0.12592354919875892,0.0,-0.5,-0.18937893851392476,2.4379236043673174e-108,7.678452112351672e-05,-0.09474808185970132
1770340132.3079453,1.0500000000000005,0.0,0.020073478564345302,1.3496864769484411,0.0,0.1259696192392233,0.0,-0.5,-0.18937893851392476,1.8729007436089898e-108,-0.0005622389605762848,-0.09447225212484422
1770340132.73219,1.0500000000000005,0.0,0.020073478564345302,1.3496864769484411,0.0,0.126015584877384,0.0,-0.5,-0.18937893851392476,1.4656533669752475e-108,1.3085708735719771e-05,-0.09475354457826145
1770340133.1551147,1.0500000000000005,0.0,0.020073478564345302,1.3496864769484411,0.0,0.12606164451624186,0.0,-0.5,-0.18937893851392476,1.0825613188493297e-108,9.814952658410999e-05,-0.09474705040203928
1770340133.5891588,1.0500000000000005,0.0,0.020073478564345302,1.3496864769484411,0.0,0.12610771804357798,0.0,-0.5,-0.18937893851392476,8.396305885047811e-109,-0.0002275705535526588,-0.09460825598819973
1770340134.0166829,1.0500000000000005,0.0,0.020073478564345302,1.3496864769484411,0.0,0.12615373836125165,0.0,-0.5,-0.18937893851392476,6.355473916257461e-109,0.0002322986174136587,-0.09485160548276585
1770340134.4392087,1.0500000000000005,0.0,0.020073478564345302,1.3496864769484411,0.0,0.12619983380759986,0.0,-0.5,-0.18937893851392476,4.802435839226262e-109,0.000565609642133016,-0.09500560518050082
1770340134.8540485,1.0500000000000005,0.0,0.020073478564345302,1.3496864769484411,0.0,0.12624598367596895,0.0,-0.5,-0.18937893851392476,3.7318845741131474e-109,0.00010102874200176892,-0.09478644171797639
1770340135.2725995,1.0500000000000005,0.0,0.020073478564345302,1.3496864769484411,0.0,0.1262920576861027,0.0,-0.5,-0.18937893851392476,2.8993916352867736e-109,-0.00024216009657756653,-0.09460270809253153
1770340135.6860845,1.0500000000000005,0.0,0.020073478564345302,1.3496864769484411,0.0,0.12633807562197477,0.0,-0.5,-0.18937893851392476,2.1935839481932795e-109,0.00022669427000865725,-0.09484970182862533
1770340136.1006625,1.0500000000000005,0.0,0.020073478564345302,1.3496864769484411,0.0,0.12638417015100747,0.0,-0.5,-0.18937893851392476,1.7021308169811641e-109,0.0004679250716840619,-0.09494755487297195
1770340136.5123343,1.0500000000000005,0.0,0.020073478564345302,1.3496864769484411,0.0,0.1264303040763262,0.0,-0.5,-0.18937893851392476,1.3216099300377774e-109,0.0005411675681309806,-0.09496737729067256
1770340136.9277399,1.0500000000000005,0.0,0.020073478564345302,1.3496864769484411,0.0,0.1264764499589327,0.0,-0.5,-0.18937893851392476,9.983125512030989e-110,8.714556408455604e-06,-0.09474707183633886
1770340137.3461523,1.0500000000000005,0.0,0.020073478564345302,1.3496864769484411,0.0,0.12652250887895852,0.0,-0.5,-0.18937893851392476,7.755262031896278e-110,-8.482424591621187e-05,-0.09465641101423673
1770340137.7837884,1.0500000000000005,0.0,0.020073478564345302,1.3496864769484411,0.0,0.12656855252648622,0.0,-0.5,-0.18937893851392476,5.769603714222874e-110,7.55039009155417e-05,-0.09474325402210333
1770340138.2047346,1.0500000000000005,0.0,0.020073478564345302,1.3496864769484411,0.0,0.12661462236310272,0.0,-0.5,-0.18937893851392476,4.440192472204001e-110,0.00047783962091765,-0.09496862263942142
1770340138.6288009,1.0500000000000005,0.0,0.020073478564345302,1.3496864769484411,0.0,0.1266607579084757,0.0,-0.5,-0.18937893851392476,3.451319959840584e-110,-0.0008481485754477534,-0.09439799378887503
1770340139.0404232,1.0500000000000005,0.0,0.020073478564345302,1.3496864769484411,0.0,0.1267066768064621,0.0,-0.5,-0.18937893851392476,2.6272585421604623e-110,0.0007611689948638901,-0.09523098551142549
1770340139.453553,1.0500000000000005,0.0,0.020073478564345302,1.3496864769484411,0.0,0.12675285861457616,0.0,-0.5,-0.18937893851392476,2.0269591155220354e-110,0.00028098246483113597,-0.09487797914238122
1770340139.8777652,1.0500000000000005,0.0,0.020073478564345302,1.3496864769484411,0.0,0.1267989620163563,0.0,-0.5,-0.18937893851392476,1.8343591475259988e-110,0.0010672496545376857,-0.09530172080320189
1770340140.298062,1.0500000000000005,0.0,0.020073478564345302,1.3496864769484411,0.0,0.12684519378329545,0.0,-0.5,-0.18937893851392476,1.1907426905432876e-110,0.00029916843590011314,-0.09491586159677619
1770340140.7106035,1.0500000000000005,0.0,0.020073478564345302,1.3496864769484411,0.0,0.1268913001408699,0.0,-0.5,-0.18937893851392476,9.23880104548517e-111,-0.00038507995181626093,-0.09456535411982589
1770340141.1545126,1.0500000000000005,0.0,0.020073478564345302,1.3496864769484411,0.0,0.1269372947254303,0.0,-0.5,-0.18937893851392476,6.845401967311541e-111,0.0003955788867584943,-0.09496532458419911
1770340141.574671,1.0500000000000005,0.0,0.020073478564345302,1.3496864769484411,0.0,0.12698341683830053,0.0,-0.5,-0.18937893851392476,5.32021101464146e-111,0.00031429184317995025,-0.09485474388291021
1770340141.9991183,1.0500000000000005,0.0,0.020073478564345302,1.3496864769484411,0.0,0.12702952568496495,0.0,-0.5,-0.18937893851392476,4.0286945178371605e-111,-0.00039426159946856384,-0.09456319380149295
1770340142.4133554,1.0500000000000005,0.0,0.020073478564345302,1.3496864769484411,0.0,0.1270755187674883,0.0,-0.5,-0.18937893851392476,3.1322949996289596e-111,-0.0009014097829673075,-0.09428947918382861
1770340142.8420265,1.0500000000000005,0.0,0.020073478564345302,1.3496864769484411,0.0,0.1271214289751175,0.0,-0.5,-0.18937893851392476,2.3653803431866795e-111,-0.00030326225009902775,-0.0945976528851997
1770340143.2580101,1.0500000000000005,0.0,0.020073478564345302,1.3496864769484411,0.0,0.12716743692780763,0.0,-0.5,-0.18937893851392476,1.8276278355729467e-111,-0.0006552152322897775,-0.09439705693903656
1770340143.6746395,1.0500000000000005,0.0,0.020073478564345302,1.3496864769484411,0.0,0.12721338736857205,0.0,-0.5,-0.18937893851392476,1.4407345452029103e-111,-0.00045849899576541793,-0.0944798913827321
1770340144.0917351,1.0500000000000005,0.0,0.020073478564345302,1.3496864769484411,0.0,0.12725936995829373,0.0,-0.5,-0.18937893851392476,1.0980426430501139e-111,-0.00027808664338652633,-0.09456846717050701
1770340144.5051086,1.0500000000000005,0.0,0.020073478564345302,1.3496864769484411,0.0,0.12730538201476366,0.0,-0.5,-0.18937893851392476,8.527365189596852e-112,-0.0009522509460488597,-0.09428076021420419
1770340144.9171991,1.0500000000000005,0.0,0.020073478564345302,1.3496864769484411,0.0,0.1273512839021805,0.0,-0.5,-0.18937893851392476,6.450062696966419e-112,-0.00042524398377951234,-0.09452954796129956
1770340145.3342042,1.0500000000000005,0.0,0.020073478564345302,1.3496864769484411,0.0,0.1273972719367865,0.0,-0.5,-0.18937893851392476,6.000085233308252e-112,-0.0008288260700864232,-0.09431541443054986
1770340145.7497678,1.0500000000000005,0.0,0.020073478564345302,1.3496864769484411,0.0,0.12744319400514395,0.0,-0.5,-0.18937893851392476,3.8891240468369136e-112,-0.0006589719271103684,-0.0943769687077048
1770340146.1642497,1.0500000000000005,0.0,0.020073478564345302,1.3496864769484411,0.0,0.12748914383436472,0.0,-0.5,-0.18937893851392476,2.868441419511891e-112,-0.00042865302236723174,-0.09449817463625308
1770340146.579783,1.0500000000000005,0.0,0.020073478564345302,1.3496864769484411,0.0,0.12753513129497795,0.0,-0.5,-0.18937893851392476,2.2379937810469305e-112,-0.0004665204345678734,-0.0944599957808985
1770340146.9958596,1.0500000000000005,0.0,0.020073478564345302,1.3496864769484411,0.0,0.1275811125650528,0.0,-0.5,-0.18937893851392476,1.7412736924721197e-112,-0.0007001043252985347,-0.09436277548338617
1770340147.414092,1.0500000000000005,0.0,0.020073478564345302,1.3496864769484411,0.0,0.12762705566192895,0.0,-0.5,-0.18937893851392476,1.3072792458059339e-112,-0.00011378033406396823,-0.09469121148905385
1770340147.825261,1.0500000000000005,0.0,0.020073478564345302,1.3496864769484411,0.0,0.1276730945673111,0.0,-0.5,-0.18937893851392476,1.015280011771766e-112,-0.0007085768846780238,-0.09439466046968478
1770340148.2460248,1.0500000000000005,0.0,0.020073478564345302,1.3496864769484411,0.0,0.1277190362855318,0.0,-0.5,-0.18937893851392476,7.936041324935244e-113,-0.0011288275419290132,-0.09416708055172297
1770340148.6661084,1.0500000000000005,0.0,0.020073478564345302,1.3496864769484411,0.0,0.12776490931237963,0.0,-0.5,-0.18937893851392476,5.966876745359056e-113,-7.691774270863469e-05,-0.0947562013655301
1770340149.082474,1.0500000000000005,0.0,0.020073478564345302,1.3496864769484411,0.0,0.12781095424200323,0.0,-0.5,-0.18937893851392476,4.6630714177537455e-113,-0.00029349796360218913,-0.09456437829725063
1770340149.5018215,1.0500000000000005,0.0,0.020073478564345302,1.3496864769484411,0.0,0.12785696379328992,0.0,-0.5,-0.18937893851392476,4.108587030595581e-113,-0.0002991101534810288,-0.09454047539920975
1770340149.9215345,1.0500000000000005,0.0,0.020073478564345302,1.3496864769484411,0.0,0.12790297242726115,0.0,-0.5,-0.18937893851392476,2.7395306727911964e-113,-0.0004291981060717176,-0.09448787899918559
1770340150.3571243,1.0500000000000005,0.0,0.020073478564345302,1.3496864769484411,0.0,0.1279489598020437,0.0,-0.5,-0.18937893851392476,2.0053234698155468e-113,-0.0005670403683935811,-0.09441973329899778
1770340150.7712922,1.0500000000000005,0.0,0.020073478564345302,1.3496864769484411,0.0,0.12799492465699938,0.0,-0.5,-0.18937893851392476,1.6069119073502206e-113,-0.0004521070743830784,-0.09447490904917188
1770340151.1817708,1.0500000000000005,0.0,0.020073478564345302,1.3496864769484411,0.0,0.12804090828205375,0.0,-0.5,-0.18937893851392476,1.2150178802946247e-113,-0.00018774433015454435,-0.09462203336630796
1770340151.5916936,1.0500000000000005,0.0,0.020073478564345302,1.3496864769484411,0.0,0.12808693511749533,0.0,-0.5,-0.18937893851392476,1.039251102649261e-113,0.00025970968058771206,-0.09486406949833047
1770340152.0237353,1.0500000000000005,0.0,0.020073478564345302,1.3496864769484411,0.0,0.1281330350431326,0.0,-0.5,-0.18937893851392476,7.102842315268054e-114,-0.0002793312364497789,-0.09460370773044124
1770340152.4406366,1.0500000000000005,0.0,0.020073478564345302,1.3496864769484411,0.0,0.12817904690648346,0.0,-0.5,-0.18937893851392476,5.37365125900652e-114,3.724298539246819e-05,-0.09473974817184283
1770340152.8555603,1.0500000000000005,0.0,0.020073478564345302,1.3496864769484411,0.0,0.12822511049355298,0.0,-0.5,-0.18937893851392476,4.318755748678426e-114,7.003770151210059e-05,-0.0947277675793304
1770340153.2708135,1.0500000000000005,0.0,0.020073478564345302,1.3496864769484411,0.0,0.12827117943431168,0.0,-0.5,-0.18937893851392476,4.011316432534481e-114,-0.00020771950779937973,-0.09461338522399383
1770340153.6902726,1.0500000000000005,0.0,0.020073478564345302,1.3496864769484411,0.0,0.1283172030028227,0.0,-0.5,-0.18937893851392476,2.4482277921133283e-114,5.941490128273067e-06,-0.09471380610181929
1770340154.1079478,1.0500000000000005,0.0,0.020073478564345302,1.3496864769484411,0.0,0.12836326147760183,0.0,-0.5,-0.18937893851392476,1.900698266664333e-114,0.0006410131672527617,-0.09507348300830121
1770340154.5261798,1.0500000000000005,0.0,0.020073478564345302,1.3496864769484411,0.0,0.12840942365194588,0.0,-0.5,-0.18937893851392476,1.4370397024743833e-114,-0.0004682628796242541,-0.09456626542183795
1770340154.9467983,1.0500000000000005,0.0,0.020073478564345302,1.3496864769484411,0.0,0.12845540464307098,0.0,-0.5,-0.18937893851392476,1.159213733114112e-114,-0.0005072601447738981,-0.09443973891109039
1770340155.3670592,1.0500000000000005,0.0,0.020073478564345302,1.3496864769484411,0.0,0.12850137925590305,0.0,-0.5,-0.18937893851392476,1.049167709293545e-114,-0.00012787655832382898,-0.09466346933644547
1770340155.7799342,1.0500000000000005,0.0,0.020073478564345302,1.3496864769484411,0.0,0.1285474158706787,0.0,-0.5,-0.18937893851392476,6.551520413678653e-115,0.0005261004898562329,-0.0950179172067085
1770340156.1914983,1.0500000000000005,0.0,0.020073478564345302,1.3496864769484411,0.0,0.12859355929638175,0.0,-0.5,-0.18937893851392476,5.085095107813918e-115,0.00037412632094411684,-0.09489172983432564
1770340156.6131399,1.0500000000000005,0.0,0.020073478564345302,1.3496864769484411,0.0,0.128639677906287,0.0,-0.5,-0.18937893851392476,3.8638398304001536e-115,0.00011136636340523673,-0.09477142843441888
1770340157.0247881,1.0500000000000005,0.0,0.020073478564345302,1.3496864769484411,0.0,0.1286857535954836,0.0,-0.5,-0.18937893851392476,2.985615065800106e-115,-0.000682560731486067,-0.09442758160070848
1770340157.4453237,1.0500000000000005,0.0,0.020073478564345302,1.3496864769484411,0.0,0.1287316995676878,0.0,-0.5,-0.18937893851392476,2.378709492853108e-115,-0.00027908195288245884,-0.09459027615838152
1770340157.8721592,1.0500000000000005,0.0,0.020073478564345302,1.3496864769484411,0.0,0.128777711473954,0.0,-0.5,-0.18937893851392476,1.7563540814477116e-115,-0.00018924573938957305,-0.09460383000861687
1770340158.2912254,1.0500000000000005,0.0,0.020073478564345302,1.3496864769484411,0.0,0.12882373805726793,0.0,-0.5,-0.18937893851392476,1.3285658730476498e-115,-0.00042126429111070864,-0.09450203896657915
1770340158.7185283,1.0500000000000005,0.0,0.020073478564345302,1.3496864769484411,0.0,0.12886972673023966,0.0,-0.5,-0.18937893851392476,1.0041995256373776e-115,0.0005612152149756013,-0.09506832481505881
1770340159.1279397,1.0500000000000005,0.0,0.020073478564345302,1.3496864769484411,0.0,0.12891587587977676,0.0,-0.5,-0.18937893851392476,7.798768615129006e-116,0.00023495648430308766,-0.09483957337218117
1770340159.5439615,1.0500000000000005,0.0,0.020073478564345302,1.3496864769484411,0.0,0.1289619717606428,0.0,-0.5,-0.18937893851392476,6.06052858166144e-116,-0.0007517264926939074,-0.09441227430831513
1770340159.9646072,1.0500000000000005,0.0,0.020073478564345302,1.3496864769484411,0.0,0.1290079064192894,0.0,-0.5,-0.18937893851392476,4.5864681609414865e-116,-0.001549828193410709,-0.0939943653303287
1770340160.3783145,1.0500000000000005,0.0,0.020073478564345302,1.3496864769484411,0.0,0.1290537105938318,0.0,-0.5,-0.18937893851392476,3.5650566617876136e-116,-0.0009928086612792837,-0.09424876687953587
1770340160.7873304,1.0500000000000005,0.0,0.020073478564345302,1.3496864769484411,0.0,0.12909960585619237,0.0,-0.5,-0.18937893851392476,3.300756924551573e-116,-0.0009937815656710894,-0.09419267576456601
1770340161.1986787,1.0500000000000005,0.0,0.020073478564345302,1.3496864769484411,0.0,0.129145500952256,0.0,-0.5,-0.18937893851392476,2.068408336000601e-116,-0.0001849541182316522,-0.09467787494259049
1770340161.610382,1.0500000000000005,0.0,0.020073478564345302,1.3496864769484411,0.0,0.1291915282436731,0.0,-0.5,-0.18937893851392476,1.6267908887292578e-116,-0.00038988246299850236,-0.0945150208599398
1770340162.0241597,1.0500000000000005,0.0,0.020073478564345302,1.3496864769484411,0.0,0.12923752203429964,0.0,-0.5,-0.18937893851392476,1.2681793361686374e-116,-0.0010299720065545964,-0.09423849220804069
1770340162.4354806,1.0500000000000005,0.0,0.020073478564345302,1.3496864769484411,0.0,0.129283411224139,0.0,-0.5,-0.18937893851392476,9.627557503162775e-117,-0.00019720779267903794,-0.09467414178201042
1770340162.8587205,1.0500000000000005,0.0,0.020073478564345302,1.3496864769484411,0.0,0.12932943650389936,0.0,-0.5,-0.18937893851392476,7.502160612682095e-117,-0.0002829813380191007,-0.09455655594248684
1770340163.276547,1.0500000000000005,0.0,0.020073478564345302,1.3496864769484411,0.0,0.12937544777179982,0.0,-0.5,-0.18937893851392476,5.69909292919399e-117,-0.0007826064473801615,-0.0943481285442084
1770340163.6932483,1.0500000000000005,0.0,0.020073478564345302,1.3496864769484411,0.0,0.12942137738789344,0.0,-0.5,-0.18937893851392476,4.4286928805175384e-117,-0.00015535174690690554,-0.09467451885355625
1770340164.1160889,1.0500000000000005,0.0,0.020073478564345302,1.3496864769484411,0.0,0.1294674095072868,0.0,-0.5,-0.18937893851392476,3.350506321664137e-117,-0.0004689190811103392,-0.09448636644982755
1770340164.5354538,1.0500000000000005,0.0,0.020073478564345302,1.3496864769484411,0.0,0.12951339039112356,0.0,-0.5,-0.18937893851392476,2.598807482583679e-117,-0.0006736597799099083,-0.09437311343688738
1770340164.9523633,1.0500000000000005,0.0,0.020073478564345302,1.3496864769484411,0.0,0.12955933781708506,0.0,-0.5,-0.18937893851392476,2.0182703014834814e-117,-0.000267001278088582,-0.09459663446810022
1770340165.366924,1.0500000000000005,0.0,0.020073478564345302,1.3496864769484411,0.0,0.1296053516974571,0.0,-0.5,-0.18937893851392476,1.5276771808989014e-117,-0.0008093939817714976,-0.09433901153644493
1770340165.7857244,1.0500000000000005,0.0,0.020073478564345302,1.3496864769484411,0.0,0.1296512769308212,0.0,-0.5,-0.18937893851392476,1.3358611031182028e-117,-0.00041328733938504625,-0.0945224362515085
1770340166.2010984,1.0500000000000005,0.0,0.020073478564345302,1.3496864769484411,0.0,0.1296972669073465,0.0,-0.5,-0.18937893851392476,9.043732578167725e-118,0.00036937605480092815,-0.09495242362378144
1770340166.6125784,1.0500000000000005,0.0,0.020073478564345302,1.3496864769484411,0.0,0.12974338473404673,0.0,-0.5,-0.18937893851392476,7.029109281819662e-118,6.821999042990114e-06,-0.09472913566205966
1770340167.0226638,1.0500000000000005,0.0,0.020073478564345302,1.3496864769484411,0.0,0.12978944335366516,0.0,-0.5,-0.18937893851392476,5.440276741846133e-118,0.0002472903277887153,-0.09483716125373132
1770340167.4497485,1.0500000000000005,0.0,0.020073478564345302,1.3496864769484411,0.0,0.1298355412569168,0.0,-0.5,-0.18937893851392476,4.230043408337467e-118,0.00016511770625122195,-0.09478024537224174
1770340167.8880591,1.0500000000000005,0.0,0.020073478564345302,1.3496864769484411,0.0,0.1298816257330301,0.0,-0.5,-0.18937893851392476,3.1191552690021627e-118,5.664251146318309e-05,-0.09472863803217277
1770340168.3319323,1.0500000000000005,0.0,0.020073478564345302,1.3496864769484411,0.0,0.12992769249047068,0.0,-0.5,-0.18937893851392476,2.3589310973959137e-118,-0.0006233867295179808,-0.0944457788163015
1770340168.7478604,1.0500000000000005,0.0,0.020073478564345302,1.3496864769484411,0.0,0.1299736481347206,0.0,-0.5,-0.18937893851392476,1.8267496225936995e-118,-0.00015672224433629163,-0.0946577745833124
1770340169.1828024,1.0500000000000005,0.0,0.020073478564345302,1.3496864769484411,0.0,0.1300196800288084,0.0,-0.5,-0.18937893851392476,1.3465277436133851e-118,0.0010129500749860472,-0.09531291152638764
1770340169.5981145,1.0500000000000005,0.0,0.020073478564345302,1.3496864769484411,0.0,0.13006590292836456,0.0,-0.5,-0.18937893851392476,1.0742761536053788e-118,-0.00021005243116074265,-0.09470674329199669
1770340170.015239,1.0500000000000005,0.0,0.020073478564345302,1.3496864769484411,0.0,0.1301119261106375,0.0,-0.5,-0.18937893851392476,8.111078947691433e-119,-0.00021874239526079113,-0.094580967055742
1770340170.4300652,1.0500000000000005,0.0,0.020073478564345302,1.3496864769484411,0.0,0.13015794787670404,0.0,-0.5,-0.18937893851392476,6.29055690492827e-119,0.00037043546988467475,-0.09493360477841926
1770340170.8420298,1.0500000000000005,0.0,0.020073478564345302,1.3496864769484411,0.0,0.13020406587506564,0.0,-0.5,-0.18937893851392476,4.771810142728792e-119,0.00033132155612826245,-0.09485904142640214
1770340171.254954,1.0500000000000005,0.0,0.020073478564345302,1.3496864769484411,0.0,0.13025017748976978,0.0,-0.5,-0.18937893851392476,3.612165222179745e-119,-0.0004930085062466484,-0.09452539801007655
1770340171.6698565,1.0500000000000005,0.0,0.020073478564345302,1.3496864769484411,0.0,0.1302961544414881,0.0,-0.5,-0.18937893851392476,2.873875445394182e-119,-0.00026534919405292755,-0.09457956059115528
1770340172.0934536,1.0500000000000005,0.0,0.020073478564345302,1.3496864769484411,0.0,0.13034216859008105,0.0,-0.5,-0.18937893851392476,2.4686544583794618e-119,0.0003397762264286879,-0.09491986991222488
1770340172.5058887,1.0500000000000005,0.0,0.020073478564345302,1.3496864769484411,0.0,0.13038828158880503,0.0,-0.5,-0.18937893851392476,1.6867092552265203e-119,-6.996017933968491e-06,-0.09472064847243167
1770340172.9181921,1.0500000000000005,0.0,0.020073478564345302,1.3496864769484411,0.0,0.13043433794463904,0.0,-0.5,-0.18937893851392476,1.2641725478969826e-119,-0.0002484427684031764,-0.09458939254780771
1770340173.3378491,1.0500000000000005,0.0,0.020073478564345302,1.3496864769484411,0.0,0.13048035485590728,0.0,-0.5,-0.18937893851392476,9.895605259665802e-120,-0.0006028848779131139,-0.09442347102895682
1770340173.7489266,1.0500000000000005,0.0,0.020073478564345302,1.3496864769484411,0.0,0.13052631385291846,0.0,-0.5,-0.18937893851392476,7.515780878632437e-120,-0.00044268967750448455,-0.094484143938251
1770340174.167971,1.0500000000000005,0.0,0.020073478564345302,1.3496864769484411,0.0,0.13057229902828962,0.0,-0.5,-0.18937893851392476,5.731487938507913e-120,-0.0005202046964323188,-0.094437118410639
1770340174.5831156,1.0500000000000005,0.0,0.020073478564345302,1.3496864769484411,0.0,0.1306182715329054,0.0,-0.5,-0.18937893851392476,4.507527493213726e-120,-0.0011182754136201327,-0.09419013862187109
1770340175.0120504,1.0500000000000005,0.0,0.020073478564345302,1.3496864769484411,0.0,0.130664146276367,0.0,-0.5,-0.18937893851392476,3.400185616009095e-120,-0.00039194515664048134,-0.0945661297043401
1770340175.4385622,1.0500000000000005,0.0,0.020073478564345302,1.3496864769484411,0.0,0.13071013974512843,0.0,-0.5,-0.18937893851392476,2.642417605506112e-120,-0.0005329262804393475,-0.09443710422912259
1770340175.8713448,1.0500000000000005,0.0,0.020073478564345302,1.3496864769484411,0.0,0.1307561101629856,0.0,-0.5,-0.18937893851392476,2.003781101053939e-120,-0.000657295510862808,-0.09437325842457332
1770340176.285162,1.0500000000000005,0.0,0.020073478564345302,1.3496864769484411,0.0,0.13080206025506286,0.0,-0.5,-0.18937893851392476,1.5167396232190402e-120,4.451344613988809e-06,-0.09475786961481705
1770340176.6979358,1.0500000000000005,0.0,0.020073478564345302,1.3496864769484411,0.0,0.13084811847771433,0.0,-0.5,-0.18937893851392476,1.1709352459204679e-120,-0.00024276480075502242,-0.09459280847112177
1770340177.1168518,1.0500000000000005,0.0,0.020073478564345302,1.3496864769484411,0.0,0.1308941363223913,0.0,-0.5,-0.18937893851392476,8.906997831767318e-121,-0.0001271648045693999,-0.09463744685429624
1770340177.5399354,1.0500000000000005,0.0,0.020073478564345302,1.3496864769484411,0.0,0.130940173065913,0.0,-0.5,-0.18937893851392476,6.9286841780728634e-121,-0.0004941977274569155,-0.09447907368552268
1770340177.9571183,1.0500000000000005,0.0,0.020073478564345302,1.3496864769484411,0.0,0.13098614981914786,0.0,-0.5,-0.18937893851392476,5.117978208537647e-121,-9.316769044472065e-05,-0.09468298841544123
1770340178.3881369,1.0500000000000005,0.0,0.020073478564345302,1.3496864769484411,0.0,0.13103219210411338,0.0,-0.5,-0.18937893851392476,3.972559732635097e-121,-0.00016874986957444163,-0.09461265254008813
1770340178.8104177,1.0500000000000005,0.0,0.020073478564345302,1.3496864769484411,0.0,0.1310782220401886,0.0,-0.5,-0.18937893851392476,3.084208541745225e-121,-0.0006973845388595391,-0.09439364045446112
1770340179.2292876,1.0500000000000005,0.0,0.020073478564345302,1.3496864769484411,0.0,0.13112416558231144,0.0,-0.5,-0.18937893851392476,2.3342480402227246e-121,-5.556341187137561e-05,-0.09472586966372551
1770340179.645803,1.0500000000000005,0.0,0.020073478564345302,1.3496864769484411,0.0,0.13117021399880677,0.0,-0.5,-0.18937893851392476,1.76377744355107e-121,9.934725976653765e-05,-0.09475463395400945
1770340180.0574756,1.0500000000000005,0.0,0.020073478564345302,1.3496864769484411,0.0,0.13121628772462635,0.0,-0.5,-0.18937893851392476,1.3698535096657348e-121,-0.0008100275877866762,-0.09437539294782436
1770340180.4715483,1.0500000000000005,0.0,0.020073478564345302,1.3496864769484411,0.0,0.13126221286143092,0.0,-0.5,-0.18937893851392476,1.3144231438478312e-121,-0.0003590662601092564,-0.09455503225967549
1770340180.882183,1.0500000000000005,0.0,0.020073478564345302,1.3496864769484411,0.0,0.1313082116999748,0.0,-0.5,-0.18937893851392476,8.327219637480005e-122,0.00041830421207531324,-0.0949763584102185
1770340181.3019354,1.0500000000000005,0.0,0.020073478564345302,1.3496864769484411,0.0,0.1313543375250223,0.0,-0.5,-0.18937893851392476,6.45664317620533e-122,0.000570692108907824,-0.09499005410109954
1770340181.7160199,1.0500000000000005,0.0,0.020073478564345302,1.3496864769484411,0.0,0.13140048822487618,0.0,-0.5,-0.18937893851392476,4.84742107335987e-122,0.0001791101437755242,-0.09481818252536338
1770340182.137529,1.0500000000000005,0.0,0.020073478564345302,1.3496864769484411,0.0,0.131446574991596,0.0,-0.5,-0.18937893851392476,3.6590135114246957e-122,0.0008710805047914494,-0.0951942065454597
1770340182.5580163,1.0500000000000005,0.0,0.020073478564345302,1.3496864769484411,0.0,0.13149277473832396,0.0,-0.5,-0.18937893851392476,2.7681690715654937e-122,1.6025110134995494e-05,-0.09478298735149553
1770340182.9970384,1.0500000000000005,0.0,0.020073478564345302,1.3496864769484411,0.0,0.13153883484925058,0.0,-0.5,-0.18937893851392476,2.1015269218982174e-122,9.095680670401614e-05,-0.09474244082997128
1770340183.4229896,1.0500000000000005,0.0,0.020073478564345302,1.3496864769484411,0.0,0.13158490721250798,0.0,-0.5,-0.18937893851392476,1.6281509895357108e-122,7.259698320917238e-05,-0.09472760373091645
1770340183.8335202,1.0500000000000005,0.0,0.020073478564345302,1.3496864769484411,0.0,0.1316309765716913,0.0,-0.5,-0.18937893851392476,1.2664427636081744e-122,0.00023265514300330284,-0.09482180264444344
1770340184.268358,1.0500000000000005,0.0,0.020073478564345302,1.3496864769484411,0.0,0.13167707207168367,0.0,-0.5,-0.18937893851392476,9.579559479878591e-123,0.0007764821126991444,-0.09513209301028154
1770340184.682363,1.0500000000000005,0.0,0.020073478564345302,1.3496864769484411,0.0,0.13172325637961652,0.0,-0.5,-0.18937893851392476,7.264745464847483e-123,-0.0006477669260373643,-0.09450801069781735
1770340185.1035943,1.0500000000000005,0.0,0.020073478564345302,1.3496864769484411,0.0,0.13176920804346826,0.0,-0.5,-0.18937893851392476,5.631035757189443e-123,-0.0011197846542310209,-0.09417677870266623
1770340185.5342588,1.0500000000000005,0.0,0.020073478564345302,1.3496864769484411,0.0,0.13181508254016663,0.0,-0.5,-0.18937893851392476,4.26055799532097e-123,-7.548338999080722e-06,-0.09479691871898603
1770340185.9513626,1.0500000000000005,0.0,0.020073478564345302,1.3496864769484411,0.0,0.1318611387994411,0.0,-0.5,-0.18937893851392476,3.309218709565787e-123,-4.8905500180117614e-05,-0.09466915222299042
1770340186.3736236,1.0500000000000005,0.0,0.020073478564345302,1.3496864769484411,0.0,0.13190718831027773,0.0,-0.5,-0.18937893851392476,2.453020565440386e-123,-0.0001279039779621574,-0.0946334171157595
1770340186.784624,1.0500000000000005,0.0,0.020073478564345302,1.3496864769484411,0.0,0.13195322492505338,0.0,-0.5,-0.18937893851392476,1.942929999294827e-123,-0.0007031703419722668,-0.09439541072237727
1770340187.2034712,1.0500000000000005,0.0,0.020073478564345302,1.3496864769484411,0.0,0.13199916753376748,0.0,-0.5,-0.18937893851392476,1.4643154507453969e-123,-0.0007336021186033898,-0.0943257113753238
1770340187.617054,1.0500000000000005,0.0,0.020073478564345302,1.3496864769484411,0.0,0.13204510516430165,0.0,-0.5,-0.18937893851392476,1.1419673151342602e-123,-0.0009468012732830286,-0.09423738853578882
1770340188.031782,1.0500000000000005,0.0,0.020073478564345302,1.3496864769484411,0.0,0.1320910079475763,0.0,-0.5,-0.18937893851392476,8.876049125873652e-124,8.309914608018682e-05,-0.0948340088719388
1770340188.4576855,1.0500000000000005,0.0,0.020073478564345302,1.3496864769484411,0.0,0.13213707901800897,0.0,-0.5,-0.18937893851392476,6.724405951819081e-124,-0.0004062133803315243,-0.09453529381943779
1770340188.8763692,1.0500000000000005,0.0,0.020073478564345302,1.3496864769484411,0.0,0.13218307015324857,0.0,-0.5,-0.18937893851392476,5.101648941661348e-124,0.00013675991580933692,-0.09481214654448113
1770340189.2976978,1.0500000000000005,0.0,0.020073478564345302,1.3496864769484411,0.0,0.13222914999450472,0.0,-0.5,-0.18937893851392476,3.971430935551517e-124,-0.0002727448128655682,-0.09459404732339709
1770340189.709616,1.0500000000000005,0.0,0.020073478564345302,1.3496864769484411,0.0,0.1322751629361036,0.0,-0.5,-0.18937893851392476,3.0854262527915804e-124,0.0003516109033940681,-0.09492771028028538
1770340190.1356275,1.0500000000000005,0.0,0.020073478564345302,1.3496864769484411,0.0,0.13232127786065367,0.0,-0.5,-0.18937893851392476,2.3120110087146244e-124,-0.0006651415442689881,-0.09445857372959418
1770340190.5562541,1.0500000000000005,0.0,0.020073478564345302,1.3496864769484411,0.0,0.13236722668672826,0.0,-0.5,-0.18937893851392476,1.8039871667793089e-124,-0.0004891729625975149,-0.09446247963383077
1770340190.9694211,1.0500000000000005,0.0,0.020073478564345302,1.3496864769484411,0.0,0.13241320425535466,0.0,-0.5,-0.18937893851392476,1.3708583251317872e-124,-2.565565120972972e-05,-0.09472299316249629
1770340191.3842125,1.0500000000000005,0.0,0.020073478564345302,1.3496864769484411,0.0,0.13245925756956364,0.0,-0.5,-0.18937893851392476,1.0651484076226642e-124,0.00024992315685977103,-0.09484198871619921
1770340191.7983584,1.0500000000000005,0.0,0.020073478564345302,1.3496864769484411,0.0,0.13250535588587548,0.0,-0.5,-0.18937893851392476,8.134237957204752e-125,-1.3874841061705453e-05,-0.09470891163622366
1770340192.2183905,1.0500000000000005,0.0,0.020073478564345302,1.3496864769484411,0.0,0.13255141112591054,0.0,-0.5,-0.18937893851392476,6.379092315523721e-125,-0.0006070796524848852,-0.09444524991186226
1770340192.6445053,1.0500000000000005,0.0,0.020073478564345302,1.3496864769484411,0.0,0.1325973694309118,0.0,-0.5,-0.18937893851392476,4.850786052867145e-125,0.0002249923510704817,-0.09488517263285316
1770340193.0629852,1.0500000000000005,0.0,0.020073478564345302,1.3496864769484411,0.0,0.13264346368099478,0.0,-0.5,-0.18937893851392476,4.495744884271363e-125,0.0006809425269157278,-0.09507553553800477
1770340193.4886737,1.0500000000000005,0.0,0.020073478564345302,1.3496864769484411,0.0,0.13268963238383558,0.0,-0.5,-0.18937893851392476,2.8034411253944654e-125,0.0002573587125951966,-0.09486050699469203
1770340193.899119,1.0500000000000005,0.0,0.020073478564345302,1.3496864769484411,0.0,0.1327357319178703,0.0,-0.5,-0.18937893851392476,2.1346002948824433e-125,-0.0013984202844945488,-0.09415583701442408
1770340194.3327255,1.0500000000000005,0.0,0.020073478564345302,1.3496864769484411,0.0,0.13278156085456636,0.0,-0.5,-0.18937893851392476,1.7062421756590903e-125,-7.98448745725076e-05,-0.09478140436066833
1770340194.7574868,1.0500000000000005,0.0,0.020073478564345302,1.3496864769484411,0.0,0.13282760531748558,0.0,-0.5,-0.18937893851392476,1.260928245291183e-125,-0.0002827788024598629,-0.09456837324852119
1770340195.1736057,1.0500000000000005,0.0,0.020073478564345302,1.3496864769484411,0.0,0.13287361661757255,0.0,-0.5,-0.18937893851392476,9.76996138314549e-126,-0.0010741754521586748,-0.09423152119585292
1770340195.6019447,1.0500000000000005,0.0,0.020073478564345302,1.3496864769484411,0.0,0.1329194985761764,0.0,-0.5,-0.18937893851392476,7.391728211515518e-126,-0.0011346358162865361,-0.0941281973852319
1770340196.0246623,1.0500000000000005,0.0,0.020073478564345302,1.3496864769484411,0.0,0.13296537064815783,0.0,-0.5,-0.18937893851392476,5.735017796785964e-126,-0.00021835993582513023,-0.09467191687709595
1770340196.4452693,1.0500000000000005,0.0,0.020073478564345302,1.3496864769484411,0.0,0.1330113924785974,0.0,-0.5,-0.18937893851392476,4.4484395933307604e-126,-0.0004440573312335623,-0.09449001033088644
1770340196.864161,1.0500000000000005,0.0,0.020073478564345302,1.3496864769484411,0.0,0.13305737743402743,0.0,-0.5,-0.18937893851392476,3.272789210770281e-126,-0.0005935719177789574,-0.09440763475672745
1770340197.3066564,1.0500000000000005,0.0,0.020073478564345302,1.3496864769484411,0.0,0.1331033379438045,0.0,-0.5,-0.18937893851392476,2.5427564757529632e-126,-0.0004154682667522589,-0.09449954548868891
1770340197.72162,1.0500000000000005,0.0,0.020073478564345302,1.3496864769484411,0.0,0.13314932755018496,0.0,-0.5,-0.18937893851392476,1.8736320842172012e-126,-0.000351963073988174,-0.09451983823924469
1770340198.1317081,1.0500000000000005,0.0,0.020073478564345302,1.3496864769484411,0.0,0.13319532754744315,0.0,-0.5,-0.18937893851392476,1.4914615904630232e-126,0.00023645031773440639,-0.09486653575500184
1770340198.5497067,1.0500000000000005,0.0,0.020073478564345302,1.3496864769484411,0.0,0.13324142367507244,0.0,-0.5,-0.18937893851392476,1.1566255888317188e-126,-0.0006506407518655804,-0.0944528579879896
1770340198.992845,1.0500000000000005,0.0,0.020073478564345302,1.3496864769484411,0.0,0.1332873748722198,0.0,-0.5,-0.18937893851392476,8.747898873989667e-127,-0.00037937356963735705,-0.09452690919036652
1770340199.4205227,1.0500000000000005,0.0,0.020073478564345302,1.3496864769484411,0.0,0.13333337039555335,0.0,-0.5,-0.18937893851392476,6.6101614056233236e-127,0.0001916624511482402,-0.09484240408461506
1770340199.8364072,1.0500000000000005,0.0,0.020073478564345302,1.3496864769484411,0.0,0.13337945920611644,0.0,-0.5,-0.18937893851392476,5.003562476650965e-127,0.00023547982434121278,-0.09481159090645229
1770340200.2561798,1.0500000000000005,0.0,0.020073478564345302,1.3496864769484411,0.0,0.13342555516744875,0.0,-0.5,-0.18937893851392476,3.879832687935165e-127,0.00100289771935245,-0.09526765990613972
1770340200.6713767,1.0500000000000005,0.0,0.020073478564345302,1.3496864769484411,0.0,0.133471776425493,0.0,-0.5,-0.18937893851392476,2.9236191094610353e-127,-3.549989276006003e-05,-0.09477555907179361
1770340201.0810063,1.0500000000000005,0.0,0.020073478564345302,1.3496864769484411,0.0,0.13351782812501214,0.0,-0.5,-0.18937893851392476,2.6953018679305582e-127,-0.0008119396332723085,-0.09436114341437746
1770340201.5027704,1.0500000000000005,0.0,0.020073478564345302,1.3496864769484411,0.0,0.13356375294531606,0.0,-0.5,-0.18937893851392476,1.7356679080766653e-127,0.00013399343589961827,-0.09485105928182938
1770340201.9168248,1.0500000000000005,0.0,0.020073478564345302,1.3496864769484411,0.0,0.13360983233596108,0.0,-0.5,-0.18937893851392476,1.3095219856822233e-127,0.00046004201174454693,-0.09495209512041915
1770340202.3403463,1.0500000000000005,0.0,0.020073478564345302,1.3496864769484411,0.0,0.13365596496845505,0.0,-0.5,-0.18937893851392476,1.0350492643080472e-127,-0.0002511300723348951,-0.09463502142920287
1770340202.7601998,1.0500000000000005,0.0,0.020073478564345302,1.3496864769484411,0.0,0.13370198144520543,0.0,-0.5,-0.18937893851392476,7.839836433846256e-128,-0.0007473596372480786,-0.09436541239482965
1770340203.1897306,1.0500000000000005,0.0,0.020073478564345302,1.3496864769484411,0.0,0.13374791682268403,0.0,-0.5,-0.18937893851392476,6.097457223384076e-128,-0.00038685748828176794,-0.09453209072771813
1770340203.6094613,1.0500000000000005,0.0,0.020073478564345302,1.3496864769484411,0.0,0.13379391111220143,0.0,-0.5,-0.18937893851392476,4.5199719075418835e-128,-0.00045859925125188905,-0.09446734380763346
1770340204.0232625,1.0500000000000005,0.0,0.020073478564345302,1.3496864769484411,0.0,0.13383989368582985,0.0,-0.5,-0.18937893851392476,3.6117536426996713e-128,-0.0005057947499841856,-0.09444129143184352
1770340204.434549,1.0500000000000005,0.0,0.020073478564345302,1.3496864769484411,0.0,0.13388586854006074,0.0,-0.5,-0.18937893851392476,2.8175198769827396e-128,-0.0003914195193300631,-0.09450519702036277
1770340204.8455212,1.0500000000000005,0.0,0.020073478564345302,1.3496864769484411,0.0,0.13393186208392405,0.0,-0.5,-0.18937893851392476,2.05907530611508e-128,-0.00020649516720921317,-0.09460471410856985
1770340205.2558663,1.0500000000000005,0.0,0.020073478564345302,1.3496864769484411,0.0,0.13397788585628295,0.0,-0.5,-0.18937893851392476,1.61020261489025e-128,-0.000672008814308278,-0.09440001621451814
1770340205.6702523,1.0500000000000005,0.0,0.020073478564345302,1.3496864769484411,0.0,0.13402383354510092,0.0,-0.5,-0.18937893851392476,1.2389415578690685e-128,-0.00025587383264217135,-0.09460314583880791
1770340206.0861228,1.0500000000000005,0.0,0.020073478564345302,1.3496864769484411,0.0,0.13406984925473953,0.0,-0.5,-0.18937893851392476,9.392013008847323e-129,-0.00010200476586635221,-0.09465385378070679
1770340206.499824,1.0500000000000005,0.0,0.020073478564345302,1.3496864769484411,0.0,0.1341158900966766,0.0,-0.5,-0.18937893851392476,7.537287806494916e-129,-9.537296462804805e-05,-0.09464244595477218
1770340206.915355,1.0500000000000005,0.0,0.020073478564345302,1.3496864769484411,0.0,0.13416193201149726,0.0,-0.5,-0.18937893851392476,5.5203916507159896e-129,0.00014922042730895275,-0.09478853880981056
1770340207.335433,1.0500000000000005,0.0,0.020073478564345302,1.3496864769484411,0.0,0.13420801388586784,0.0,-0.5,-0.18937893851392476,4.4240644122877514e-129,0.00034270423268348136,-0.09488016975384157
1770340207.7668014,1.0500000000000005,0.0,0.020073478564345302,1.3496864769484411,0.0,0.13425412736202502,0.0,-0.5,-0.18937893851392476,3.240851043236542e-129,0.00017323335857602522,-0.09479303302366114
1770340208.1842275,1.0500000000000005,0.0,0.020073478564345302,1.3496864769484411,0.0,0.1343002131631496,0.0,-0.5,-0.18937893851392476,2.5150683065528532e-129,-0.00012161043747988719,-0.09465814841782803
1770340208.597365,1.0500000000000005,0.0,0.020073478564345302,1.3496864769484411,0.0,0.1343462508025291,0.0,-0.5,-0.18937893851392476,1.9042812827193292e-129,0.0007604978239803726,-0.0951579289950986
1770340209.0124846,1.0500000000000005,0.0,0.020073478564345302,1.3496864769484411,0.0,0.13439243250335478,0.0,-0.5,-0.18937893851392476,1.4618977037607118e-129,-0.0009260664828184204,-0.09439509244623305
1770340209.4286692,1.0500000000000005,0.0,0.020073478564345302,1.3496864769484411,0.0,0.13443833867694163,0.0,-0.5,-0.18937893851392476,1.1474572331008356e-129,-0.0005414216567887484,-0.09445722291117098
1770340209.8522282,1.0500000000000005,0.0,0.020073478564345302,1.3496864769484411,0.0,0.1344843077268722,0.0,-0.5,-0.18937893851392476,8.67866191140754e-130,-0.0008892660037788882,-0.09427962068977194
1770340210.270634,1.0500000000000005,0.0,0.020073478564345302,1.3496864769484411,0.0,0.13453021990324282,0.0,-0.5,-0.18937893851392476,6.740223847446303e-130,-0.0005376129826951646,-0.09445582806772317
1770340210.685122,1.0500000000000005,0.0,0.020073478564345302,1.3496864769484411,0.0,0.1345761895539882,0.0,-0.5,-0.18937893851392476,5.109507436588834e-130,-0.0011693301503959293,-0.09416797589853448
1770340211.1021922,1.0500000000000005,0.0,0.020073478564345302,1.3496864769484411,0.0,0.13462205595041535,0.0,-0.5,-0.18937893851392476,3.963101809726351e-130,-0.0005061647099837595,-0.09450270344601171
1770340211.5261383,1.0500000000000005,0.0,0.020073478564345302,1.3496864769484411,0.0,0.1346680307617309,0.0,-0.5,-0.18937893851392476,2.9986210296341838e-130,-0.00022832538298026716,-0.0946030904981726
1770340211.946176,1.0500000000000005,0.0,0.020073478564345302,1.3496864769484411,0.0,0.13471405095602296,0.0,-0.5,-0.18937893851392476,2.324323849844157e-130,-0.0004941974215344662,-0.09446895775005056
1770340212.3618376,1.0500000000000005,0.0,0.020073478564345302,1.3496864769484411,0.0,0.13476002770925782,0.0,-0.5,-0.18937893851392476,1.7592379879238638e-130,-0.00020823390292917354,-0.09461394865735832
1770340212.8036761,1.0500000000000005,0.0,0.020073478564345302,1.3496864769484411,0.0,0.13480605119730257,0.0,-0.5,-0.18937893851392476,1.3313204781359366e-130,-0.0005038005844492808,-0.09446712563288974
1770340213.2143953,1.0500000000000005,0.0,0.020073478564345302,1.3496864769484411,0.0,0.13485202638412738,0.0,-0.5,-0.18937893851392476,1.034317047141463e-130,-0.0007629150536937858,-0.09433392317703994
1770340213.6258118,1.0500000000000005,0.0,0.020073478564345302,1.3496864769484411,0.0,0.13489795921887185,0.0,-0.5,-0.18937893851392476,8.018553655603387e-131,0.0004388417556908229,-0.09502906581574624
1770340214.0424845,1.0500000000000005,0.0,0.020073478564345302,1.3496864769484411,0.0,0.13494408839668062,0.0,-0.5,-0.18937893851392476,6.057906472298529e-131,-0.00017519134228436345,-0.09466327689561772
1770340214.4596207,1.0500000000000005,0.0,0.020073478564345302,1.3496864769484411,0.0,0.13499011727060106,0.0,-0.5,-0.18937893851392476,4.709957012993764e-131,-0.0002768015302698549,-0.09456122951062601
1770340214.8776004,1.0500000000000005,0.0,0.020073478564345302,1.3496864769484411,0.0,0.13503612955774094,0.0,-0.5,-0.18937893851392476,3.6566772767167387e-131,3.939068274812675e-05,-0.09474078381963824
1770340215.2994509,1.0500000000000005,0.0,0.020073478564345302,1.3496864769484411,0.0,0.13508219349886205,0.0,-0.5,-0.18937893851392476,2.767244766863276e-131,0.0005697773710772713,-0.09502739661133393
1770340215.7112026,1.0500000000000005,0.0,0.020073478564345302,1.3496864769484411,0.0,0.13512834404851223,0.0,-0.5,-0.18937893851392476,2.1479658429738245e-131,0.0007005288959299462,-0.09505280885741262
1770340216.1416428,1.0500000000000005,0.0,0.020073478564345302,1.3496864769484411,0.0,0.1351745159539106,0.0,-0.5,-0.18937893851392476,1.9473699464010563e-131,-0.0005394221067705179,-0.09454375330384716
1770340216.5592237,1.0500000000000005,0.0,0.020073478564345302,1.3496864769484411,0.0,0.13522048532034184,0.0,-0.5,-0.18937893851392476,1.261638773619636e-131,-0.00040820516919802655,-0.09449848836612061
1770340216.9749305,1.0500000000000005,0.0,0.020073478564345302,1.3496864769484411,0.0,0.13526647612298753,0.0,-0.5,-0.18937893851392476,9.547608573583009e-132,0.00021568679808163488,-0.09485970185273115
1770340217.4018915,1.0500000000000005,0.0,0.020073478564345302,1.3496864769484411,0.0,0.1353125688549402,0.0,-0.5,-0.18937893851392476,7.216161241936584e-132,0.0005033368056695076,-0.09496990266055591
1770340217.8373694,1.0500000000000005,0.0,0.020073478564345302,1.3496864769484411,0.0,0.13535870856310156,0.0,-0.5,-0.18937893851392476,5.4610326470066653e-132,0.0006538826616355271,-0.09503146517337674
1770340218.25186,1.0500000000000005,0.0,0.020073478564345302,1.3496864769484411,0.0,0.13540487285639075,0.0,-0.5,-0.18937893851392476,4.241024466112262e-132,0.00041918543506493463,-0.09492253169715191
1770340218.669829,1.0500000000000005,0.0,0.020073478564345302,1.3496864769484411,0.0,0.1354509988155487,0.0,-0.5,-0.18937893851392476,3.2865113181952615e-132,0.00017352582648236267,-0.09480079813106182
1770340219.094686,1.0500000000000005,0.0,0.020073478564345302,1.3496864769484411,0.0,0.13549708467031746,0.0,-0.5,-0.18937893851392476,2.4926643645861853e-132,-0.0005065236925005228,-0.09450421236261042
1770340219.5102055,1.0500000000000005,0.0,0.020073478564345302,1.3496864769484411,0.0,0.1355430594279888,0.0,-0.5,-0.18937893851392476,1.9345890624036683e-132,-0.0008274724494034119,-0.09430782790795098
1770340219.9238951,1.0500000000000005,0.0,0.020073478564345302,1.3496864769484411,0.0,0.13558898172701625,0.0,-0.5,-0.18937893851392476,1.4699832557073753e-132,-0.0005957449395352321,-0.09441476953818158
1770340220.356658,1.0500000000000005,0.0,0.020073478564345302,1.3496864769484411,0.0,0.13563494188810615,0.0,-0.5,-0.18937893851392476,1.1166109961394453e-132,-0.0004531628418459245,-0.09447714604580834
1770340220.774584,1.0500000000000005,0.0,0.020073478564345302,1.3496864769484411,0.0,0.13568092534686355,0.0,-0.5,-0.18937893851392476,8.675579392212245e-133,-0.0012971514379541778,-0.09412529239759612
1770340221.196122,1.0500000000000005,0.0,0.020073478564345302,1.3496864769484411,0.0,0.13572677084351806,0.0,-0.5,-0.18937893851392476,6.56325532874373e-133,-0.0005888377654700129,-0.0944658817414758
1770340221.6230683,1.0500000000000005,0.0,0.020073478564345302,1.3496864769484411,0.0,0.13577273213650015,0.0,-0.5,-0.18937893851392476,5.106608271357281e-133,-0.00052256843763606,-0.09443481197092775
1770340222.0396087,1.0500000000000005,0.0,0.020073478564345302,1.3496864769484411,0.0,0.13581870426024226,0.0,-0.5,-0.18937893851392476,3.870621440297394e-133,-0.00022038500169270617,-0.09460949509971035
1770340222.4618483,1.0500000000000005,0.0,0.020073478564345302,1.3496864769484411,0.0,0.13586472575808792,0.0,-0.5,-0.18937893851392476,3.0084733003609954e-133,6.8784484733567695e-06,-0.09471563482621567
1770340222.881115,1.0500000000000005,0.0,0.020073478564345302,1.3496864769484411,0.0,0.13591078438307075,0.0,-0.5,-0.18937893851392476,2.279535111493537e-133,-0.0004015684078465661,-0.0945295297386711
1770340223.2924008,1.0500000000000005,0.0,0.020073478564345302,1.3496864769484411,0.0,0.13595677629078654,0.0,-0.5,-0.18937893851392476,1.7700125451453667e-133,-0.000861882730903089,-0.09430455932381648
1770340223.707963,1.0500000000000005,0.0,0.020073478564345302,1.3496864769484411,0.0,0.1360026929464462,0.0,-0.5,-0.18937893851392476,1.3741006676422695e-133,-0.00034581516139195516,-0.09456816843321751
1770340224.1231682,1.0500000000000005,0.0,0.020073478564345302,1.3496864769484411,0.0,0.13604869395221497,0.0,-0.5,-0.18937893851392476,1.0205985263791652e-133,-0.00012064907160349127,-0.09465166133013947
1770340224.5840197,1.0500000000000005,0.0,0.020073478564345302,1.3496864769484411,0.0,0.1360947317471626,0.0,-0.5,-0.18937893851392476,7.833992315748429e-134,-0.0003391538435901504,-0.09454174281236596
1770340225.0153701,1.0500000000000005,0.0,0.020073478564345302,1.3496864769484411,0.0,0.13614073383117942,0.0,-0.5,-0.18937893851392476,5.859792596706638e-134,-0.0006962851512564482,-0.09437703981210079
1770340225.4509914,1.0500000000000005,0.0,0.020073478564345302,1.3496864769484411,0.0,0.13618667756105687,0.0,-0.5,-0.18937893851392476,4.517113826534267e-134,5.409711240183016e-05,-0.09479155603952913
1770340225.8657079,1.0500000000000005,0.0,0.020073478564345302,1.3496864769484411,0.0,0.13623274390543724,0.0,-0.5,-0.18937893851392476,3.4392369290944775e-134,0.0003579384539631721,-0.0948988226181001
1770340226.2773051,1.0500000000000005,0.0,0.020073478564345302,1.3496864769484411,0.0,0.13627885987604882,0.0,-0.5,-0.18937893851392476,2.644520136958538e-134,-0.0005476067956882872,-0.09450622038408338
1770340226.7196543,1.0500000000000005,0.0,0.020073478564345302,1.3496864769484411,0.0,0.13632482790137554,0.0,-0.5,-0.18937893851392476,1.970054811369259e-134,-0.00018999874873115648,-0.09463023068729251
1770340227.130745,1.0500000000000005,0.0,0.020073478564345302,1.3496864769484411,0.0,0.13637085436130786,0.0,-0.5,-0.18937893851392476,1.5624691812568197e-134,-0.0003395343539001798,-0.0945346556405292
1770340227.5544329,1.0500000000000005,0.0,0.020073478564345302,1.3496864769484411,0.0,0.13641685639168047,0.0,-0.5,-0.18937893851392476,1.1783204860442023e-134,-0.0004590048151538245,-0.09447191389551084
1770340227.9734786,1.0500000000000005,0.0,0.020073478564345302,1.3496864769484411,0.0,0.13646283890093588,0.0,-0.5,-0.18937893851392476,9.179864100650649e-135,0.000758425850583321,-0.09519042524882776
1770340228.389466,1.0500000000000005,0.0,0.020073478564345302,1.3496864769484411,0.0,0.13650902025843883,0.0,-0.5,-0.18937893851392476,6.949903613309789e-135,0.00015002946224955426,-0.09482532362692055
1770340228.818668,1.0500000000000005,0.0,0.020073478564345302,1.3496864769484411,0.0,0.13655510226691986,0.0,-0.5,-0.18937893851392476,5.253928222341377e-135,0.00048743570172333134,-0.09496692773177143
1770340229.2415557,1.0500000000000005,0.0,0.020073478564345302,1.3496864769484411,0.0,0.13660123937333846,0.0,-0.5,-0.18937893851392476,3.994284187322816e-135,0.0002572931682626963,-0.0948411300944398
1770340229.657521,1.0500000000000005,0.0,0.020073478564345302,1.3496864769484411,0.0,0.13664733889664435,0.0,-0.5,-0.18937893851392476,3.1652122120373625e-135,8.537006975097505e-05,-0.09474934660168904
1770340230.0924969,1.0500000000000005,0.0,0.020073478564345302,1.3496864769484411,0.0,0.13669341034258628,0.0,-0.5,-0.18937893851392476,2.4053810591225948e-135,-0.0001496616825916453,-0.09463814159090082
1770340230.5166395,1.0500000000000005,0.0,0.020073478564345302,1.3496864769484411,0.0,0.13673944341148161,0.0,-0.5,-0.18937893851392476,1.8222250871205777e-135,-0.0001794249720188101,-0.0946027330998957
1770340230.937803,1.0500000000000005,0.0,0.020073478564345302,1.3496864769484411,0.0,0.13678547160412097,0.0,-0.5,-0.18937893851392476,1.3766305761855187e-135,0.000674191830431788,-0.09511192685242334
1770340231.383362,1.0500000000000005,0.0,0.020073478564345302,1.3496864769484411,0.0,0.13683163920189165,0.0,-0.5,-0.18937893851392476,1.04274012426872e-135,0.0011155503302189688,-0.09529138027205057
1770340231.8012228,1.0500000000000005,0.0,0.020073478564345302,1.3496864769484411,0.0,0.13687787884379649,0.0,-0.5,-0.18937893851392476,7.801601767773243e-136,-3.161644471913374e-05,-0.09478837771209662
1770340232.221788,1.0500000000000005,0.0,0.020073478564345302,1.3496864769484411,0.0,0.1369239311870458,0.0,-0.5,-0.18937893851392476,6.124921749516042e-136,7.123444382011937e-05,-0.09473537156772636
1770340232.6386797,1.0500000000000005,0.0,0.020073478564345302,1.3496864769484411,0.0,0.13697000033165238,0.0,-0.5,-0.18937893851392476,4.6448963889132706e-136,0.0008330705750579943,-0.09518218815761516
1770340233.0561514,1.0500000000000005,0.0,0.020073478564345302,1.3496864769484411,0.0,0.13701619387174865,0.0,-0.5,-0.18937893851392476,3.58682115480189e-136,-0.0002506597839936182,-0.09467251240087074
1770340233.4782796,1.0500000000000005,0.0,0.020073478564345302,1.3496864769484411,0.0,0.1370622104289653,0.0,-0.5,-0.18937893851392476,2.819738777619554e-136,0.000205048964627234,-0.09483756461413807
1770340233.895581,1.0500000000000005,0.0,0.020073478564345302,1.3496864769484411,0.0,0.13710830142284652,0.0,-0.5,-0.18937893851392476,2.1866430239464415e-136,0.0004897501492822506,-0.09496281445006902
1770340234.3138506,1.0500000000000005,0.0,0.020073478564345302,1.3496864769484411,0.0,0.13715443891013882,0.0,-0.5,-0.18937893851392476,1.5901019534812092e-136,-0.00045920804102136427,-0.09455476105548205
1770340234.7338004,1.0500000000000005,0.0,0.020073478564345302,1.3496864769484411,0.0,0.13720042137647886,0.0,-0.5,-0.18937893851392476,1.3834359742324097e-136,-0.00013268985686545128,-0.09465577614694524
1770340235.1515934,1.0500000000000005,0.0,0.020073478564345302,1.3496864769484411,0.0,0.13724645719195624,0.0,-0.5,-0.18937893851392476,9.615879794571302e-137,-0.0003570467722404197,-0.09453338156237967
1770340235.5777946,1.0500000000000005,0.0,0.020073478564345302,1.3496864769484411,0.0,0.13729245636309406,0.0,-0.5,-0.18937893851392476,7.286231311849011e-137,-0.0005620349227839226,-0.09442895061062477
1770340235.999129,1.0500000000000005,0.0,0.020073478564345302,1.3496864769484411,0.0,0.13733842203344127,0.0,-0.5,-0.18937893851392476,5.515034623202013e-137,0.0004359844790991451,-0.09500726343670027
1770340236.4184496,1.0500000000000005,0.0,0.020073478564345302,1.3496864769484411,0.0,0.13738455074454567,0.0,-0.5,-0.18937893851392476,4.2807423357322573e-137,-0.0006401752969859115,-0.09447699758607793
1770340236.855303,1.0500000000000005,0.0,0.020073478564345302,1.3496864769484411,0.0,0.13743050364221357,0.0,-0.5,-0.18937893851392476,3.832921812363788e-137,-0.0003849664210001977,-0.09452250693406085
1770340237.2657797,1.0500000000000005,0.0,0.020073478564345302,1.3496864769484411,0.0,0.13747649825359606,0.0,-0.5,-0.18937893851392476,2.512178325513727e-137,-0.0005745243822400205,-0.09442116286196636
1770340237.6808028,1.0500000000000005,0.0,0.020073478564345302,1.3496864769484411,0.0,0.13752246188546444,0.0,-0.5,-0.18937893851392476,1.9029141574300301e-137,-0.000307069002251005,-0.09456268029383579
1770340238.1137915,1.0500000000000005,0.0,0.020073478564345302,1.3496864769484411,0.0,0.13756846921588206,0.0,-0.5,-0.18937893851392476,1.4411206555143355e-137,-0.0006641902481926513,-0.09439308625746022
1770340238.5356884,1.0500000000000005,0.0,0.020073478564345302,1.3496864769484411,0.0,0.13761441819216036,0.0,-0.5,-0.18937893851392476,1.1152144071042114e-137,-0.0004096966063740458,-0.09451007031795722
1770340238.9706163,1.0500000000000005,0.0,0.020073478564345302,1.3496864769484411,0.0,0.13766040875340724,0.0,-0.5,-0.18937893851392476,8.657976835081195e-138,-0.00012248017366180814,-0.0946569508134027
1770340239.4047656,1.0500000000000005,0.0,0.020073478564345302,1.3496864769484411,0.0,0.13770644625331188,0.0,-0.5,-0.18937893851392476,6.39316345634393e-138,-0.0008223595528149935,-0.09434827741847021
1770340239.8216856,1.0500000000000005,0.0,0.020073478564345302,1.3496864769484411,0.0,0.13775236938918853,0.0,-0.5,-0.18937893851392476,5.003653593521567e-138,-0.0014474278211322113,-0.09402826217322799
1770340240.240294,1.0500000000000005,0.0,0.020073478564345302,1.3496864769484411,0.0,0.13779819031144405,0.0,-0.5,-0.18937893851392476,3.7810966824355693e-138,-0.0007696999105609518,-0.09437239209273904
1770340240.656165,1.0500000000000005,0.0,0.020073478564345302,1.3496864769484411,0.0,0.1378441220411184,0.0,-0.5,-0.18937893851392476,2.9453172858394213e-138,-1.4356428683847205e-05,-0.09475782539080817
1770340241.0741553,1.0500000000000005,0.0,0.020073478564345302,1.3496864769484411,0.0,0.13789017718459393,0.0,-0.5,-0.18937893851392476,2.225762974980621e-138,-0.00012105748252577215,-0.09463961062108368
1770340241.4940221,1.0500000000000005,0.0,0.020073478564345302,1.3496864769484411,0.0,0.13793621490980412,0.0,-0.5,-0.18937893851392476,1.7140614428845485e-138,-0.0005610876203425273,-0.0944529284605728
1770340241.922416,1.0500000000000005,0.0,0.020073478564345302,1.3496864769484411,0.0,0.13798218073035504,0.0,-0.5,-0.18937893851392476,1.3098825798348828e-138,-0.0007140539309328463,-0.09434773892255499
1770340242.3346894,1.0500000000000005,0.0,0.020073478564345302,1.3496864769484411,0.0,0.13802812155808236,0.0,-0.5,-0.18937893851392476,1.0126857042123318e-138,-0.000439864873778095,-0.09449695572578881
1770340242.7710695,1.0500000000000005,0.0,0.020073478564345302,1.3496864769484411,0.0,0.13807410718942906,0.0,-0.5,-0.18937893851392476,7.704143195671203e-139,0.0008077210941775092,-0.0952180884008467
1770340243.1881523,1.0500000000000005,0.0,0.020073478564345302,1.3496864769484411,0.0,0.1381202965881946,0.0,-0.5,-0.18937893851392476,5.98586187728953e-139,-0.00044027887662460196,-0.09459412981573029
1770340243.6008158,1.0500000000000005,0.0,0.020073478564345302,1.3496864769484411,0.0,0.1381662821551683,0.0,-0.5,-0.18937893851392476,4.538103134781404e-139,-9.070048965360779e-05,-0.09467907685083268
1770340244.015216,1.0500000000000005,0.0,0.020073478564345302,1.3496864769484411,0.0,0.13821232483173632,0.0,-0.5,-0.18937893851392476,3.471714854199712e-139,-0.00019746041053191093,-0.09460141504378425
1770340244.4233584,1.0500000000000005,0.0,0.020073478564345302,1.3496864769484411,0.0,0.13825835008467457,0.0,-0.5,-0.18937893851392476,2.6958551056750482e-139,-0.00017478971703964902,-0.09460434146779177
1770340244.8469987,1.0500000000000005,0.0,0.020073478564345302,1.3496864769484411,0.0,0.13830437902833245,0.0,-0.5,-0.18937893851392476,2.078013855024629e-139,-0.0003938846854270534,-0.09451443641108759
1770340245.2565188,1.0500000000000005,0.0,0.020073478564345302,1.3496864769484411,0.0,0.1383503721752288,0.0,-0.5,-0.18937893851392476,1.565612939195051e-139,-0.00022129657913888968,-0.09459607977802176
1770340245.6818826,1.0500000000000005,0.0,0.020073478564345302,1.3496864769484411,0.0,0.13839639352287075,0.0,-0.5,-0.18937893851392476,1.2216450862500911e-139,-0.00022082036653465732,-0.09457910669495548
1770340246.1017418,1.0500000000000005,0.0,0.020073478564345302,1.3496864769484411,0.0,0.13844241495097898,0.0,-0.5,-0.18937893851392476,9.293477171684734e-140,0.0002643621448603361,-0.09487016858053204
1770340246.5200832,1.0500000000000005,0.0,0.020073478564345302,1.3496864769484411,0.0,0.13848851562763476,0.0,-0.5,-0.18937893851392476,7.038627577440953e-140,0.0005948770501295638,-0.09501995927255408
1770340246.93441,1.0500000000000005,0.0,0.020073478564345302,1.3496864769484411,0.0,0.13853467028642916,0.0,-0.5,-0.18937893851392476,5.5650751050368745e-140,0.0005890767150103296,-0.09498458764797947
1770340247.3502777,1.0500000000000005,0.0,0.020073478564345302,1.3496864769484411,0.0,0.13858082399035715,0.0,-0.5,-0.18937893851392476,4.287233013262088e-140,9.201962893785345e-06,-0.09475205771362093
1770340247.7654145,1.0500000000000005,0.0,0.020073478564345302,1.3496864769484411,0.0,0.13862688299621367,0.0,-0.5,-0.18937893851392476,3.265718996503256e-140,-8.06257978912261e-05,-0.09465813913409526
1770340248.18713,1.0500000000000005,0.0,0.020073478564345302,1.3496864769484411,0.0,0.13867292733038689,0.0,-0.5,-0.18937893851392476,2.5330083554577615e-140,0.0002132368974828626,-0.09482547397524123
1770340248.6072311,1.0500000000000005,0.0,0.020073478564345302,1.3496864769484411,0.0,0.13871901966537262,0.0,-0.5,-0.18937893851392476,1.9176132228470196e-140,-0.0004987453998565867,-0.09451129478676804
1770340249.0168219,1.0500000000000005,0.0,0.020073478564345302,1.3496864769484411,0.0,0.13876499567295336,0.0,-0.5,-0.18937893851392476,1.4899260241375938e-140,0.00048747207421837,-0.09503182704147906
1770340249.4407501,1.0500000000000005,0.0,0.020073478564345302,1.3496864769484411,0.0,0.1388111327847364,0.0,-0.5,-0.18937893851392476,1.3532454420767708e-140,0.000911082935187961,-0.09518737181065332
1770340249.857425,1.0500000000000005,0.0,0.020073478564345302,1.3496864769484411,0.0,0.13885733905459666,0.0,-0.5,-0.18937893851392476,8.761576214602634e-141,0.0007650993336805027,-0.09508661728395337
1770340250.275731,1.0500000000000005,0.0,0.020073478564345302,1.3496864769484411,0.0,0.13890352149034763,0.0,-0.5,-0.18937893851392476,6.627573883073666e-141,-0.0008282114910124048,-0.09443469459392548
1770340250.69366,1.0500000000000005,0.0,0.020073478564345302,1.3496864769484411,0.0,0.1389494436499002,0.0,-0.5,-0.18937893851392476,5.133371242652107e-141,-0.00025931413582483084,-0.09461670192456872
1770340251.1109211,1.0500000000000005,0.0,0.020073478564345302,1.3496864769484411,0.0,0.13899545879091046,0.0,-0.5,-0.18937893851392476,3.993196616114796e-141,-0.0006254633813553998,-0.09441335249083774
1770340251.5265446,1.0500000000000005,0.0,0.020073478564345302,1.3496864769484411,0.0,0.13904141409720205,0.0,-0.5,-0.18937893851392476,3.0193870209746364e-141,0.00033471659650817124,-0.09495284555300282
1770340251.962493,1.0500000000000005,0.0,0.020073478564345302,1.3496864769484411,0.0,0.13908752626444124,0.0,-0.5,-0.18937893851392476,2.2842621226066292e-141,9.855097419995447e-05,-0.09476236130629317
1770340252.4155922,1.0500000000000005,0.0,0.020073478564345302,1.3496864769484411,0.0,0.13913359985615037,0.0,-0.5,-0.18937893851392476,1.6973219995302395e-141,0.0008739897201638433,-0.0952040079916407
1770340252.8335645,1.0500000000000005,0.0,0.020073478564345302,1.3496864769484411,0.0,0.13917980008031153,0.0,-0.5,-0.18937893851392476,1.3171793996702128e-141,0.0008523451920260086,-0.09511780630578917
1770340253.2537622,1.0500000000000005,0.0,0.020073478564345302,1.3496864769484411,0.0,0.13922599676395678,0.0,-0.5,-0.18937893851392476,9.956589953358294e-142,-0.00031174624671301244,-0.09465000527747977
1770340253.6709468,1.0500000000000005,0.0,0.020073478564345302,1.3496864769484411,0.0,0.13927200333799147,0.0,-0.5,-0.18937893851392476,7.910234606059593e-142,-0.000308248056237832,-0.09453569504789099
1770340254.0821335,1.0500000000000005,0.0,0.020073478564345302,1.3496864769484411,0.0,0.13931801047529005,0.0,-0.5,-0.18937893851392476,5.984424639129531e-142,-6.842045113873669e-05,-0.09467924179190293
1770340254.4952254,1.0500000000000005,0.0,0.020073478564345302,1.3496864769484411,0.0,0.13936405679966235,0.0,-0.5,-0.18937893851392476,4.636255818816149e-142,-0.00048283149931413336,-0.09448949461212285
1770340254.9057956,1.0500000000000005,0.0,0.020073478564345302,1.3496864769484411,0.0,0.1394100354250791,0.0,-0.5,-0.18937893851392476,3.517173557609076e-142,0.000600155716398983,-0.09509784583673318
1770340255.3224154,1.0500000000000005,0.0,0.020073478564345302,1.3496864769484411,0.0,0.1394561909421804,0.0,-0.5,-0.18937893851392476,2.743599501854679e-142,-0.0007911250483761604,-0.09443303480925182
1770340255.7641726,1.0500000000000005,0.0,0.020073478564345302,1.3496864769484411,0.0,0.13950211916888977,0.0,-0.5,-0.18937893851392476,2.0691911254113717e-142,-0.00018248507141821967,-0.09465909071894907
1770340256.179456,1.0500000000000005,0.0,0.020073478564345302,1.3496864769484411,0.0,0.13954814685727382,0.0,-0.5,-0.18937893851392476,1.6131806115146827e-142,4.3338845817771044e-05,-0.09473372107159488
1770340256.6034229,1.0500000000000005,0.0,0.020073478564345302,1.3496864769484411,0.0,0.1395942114474895,0.0,-0.5,-0.18937893851392476,1.1864059271975636e-142,0.0008353722318775683,-0.09518635871150714
1770340257.021908,1.0500000000000005,0.0,0.020073478564345302,1.3496864769484411,0.0,0.13964040536309505,0.0,-0.5,-0.18937893851392476,1.1962356553306525e-142,0.0007284332605895846,-0.09506437978438596
1770340257.4474902,1.0500000000000005,0.0,0.020073478564345302,1.3496864769484411,0.0,0.13968658182824875,0.0,-0.5,-0.18937893851392476,6.964633965322934e-143,0.0003465209361356665,-0.0949009209574756
1770340257.8732083,1.0500000000000005,0.0,0.020073478564345302,1.3496864769484411,0.0,0.13973269592667842,0.0,-0.5,-0.18937893851392476,5.409288779740681e-143,0.0006847318530384635,-0.0950656562751719
1770340258.285184,1.0500000000000005,0.0,0.020073478564345302,1.3496864769484411,0.0,0.13977886524106287,0.0,-0.5,-0.18937893851392476,4.246624366847823e-143,-0.00030431318056216197,-0.09463621717004136
1770340258.7009382,1.0500000000000005,0.0,0.020073478564345302,1.3496864769484411,0.0,0.13981866949767155,0.0,-0.5,-0.18937893851392476,3.1775525450979656e-143,-0.00012503770858163514,-0.09464487794986962
1770340259.116065,1.0500000000000005,0.0,0.020073478564345302,1.3496864769484411,0.0,0.13985130898809067,0.0,-0.5,-0.18937893851392476,2.5088638951996432e-143,0.0002199508069047733,-0.0948339435119634
1770340259.5593164,1.0500000000000005,0.0,0.020073478564345302,1.3496864769484411,0.0,0.13987807337023436,0.0,-0.5,-0.18937893851392476,1.8215488890253218e-143,0.0007004161613014986,-0.09508772387305281
1770340259.9721293,1.0500000000000005,0.0,0.020073478564345302,1.3496864769484411,0.0,0.13990002016359218,0.0,-0.5,-0.18937893851392476,1.399607366338851e-143,-0.0004864091346274116,-0.09456494721924157
1770340260.3945081,1.0500000000000005,0.0,0.020073478564345302,1.3496864769484411,0.0,0.1399180165341456,0.0,-0.5,-0.18937893851392476,1.0664460820005073e-143,-0.0004054978695883679,-0.0944948114486721
1770340260.8097603,1.0500000000000005,0.0,0.020073478564345302,1.3496864769484411,0.0,0.13993277355799938,0.0,-0.5,-0.18937893851392476,8.239919985714035e-144,-0.000817127678449334,-0.09432206839862381
1770340261.2227173,1.0500000000000005,0.0,0.020073478564345302,1.3496864769484411,0.0,0.1399448743175595,0.0,-0.5,-0.18937893851392476,6.405356158368453e-144,-6.049758808502438e-06,-0.09476755216952222
1770340261.638537,1.0500000000000005,0.0,0.020073478564345302,1.3496864769484411,0.0,0.1399547969403988,0.0,-0.5,-0.18937893851392476,4.8664482394841895e-144,0.0002355675485552094,-0.09483141476197636
1770340262.0488646,1.0500000000000005,0.0,0.020073478564345302,1.3496864769484411,0.0,0.139962933491127,0.0,-0.5,-0.18937893851392476,3.7852225133479463e-144,-0.00014980150146371167,-0.09465310541123242
1770340262.4687648,1.0500000000000005,0.0,0.020073478564345302,1.3496864769484411,0.0,0.13996960546272416,0.0,-0.5,-0.18937893851392476,2.9350228731150547e-144,-0.0003136551914955262,-0.0945490270302178
1770340262.8841012,1.0500000000000005,0.0,0.020073478564345302,1.3496864769484411,0.0,0.1399750764794338,0.0,-0.5,-0.18937893851392476,2.248683703414285e-144,-2.648771975481977e-05,-0.09470494214425904
1770340263.3088496,1.0500000000000005,0.0,0.020073478564345302,1.3496864769484411,0.0,0.13997956271313572,0.0,-0.5,-0.18937893851392476,1.728400261682136e-144,-0.0007076495808987873,-0.09440376065262739
1770340263.721339,1.0500000000000005,0.0,0.020073478564345302,1.3496864769484411,0.0,0.13998324142477128,0.0,-0.5,-0.18937893851392476,1.3076429057098365e-144,-0.0003034882676775902,-0.0945781412544457
1770340264.1348467,1.0500000000000005,0.0,0.020073478564345302,1.3496864769484411,0.0,0.13998625796831246,0.0,-0.5,-0.18937893851392476,1.002451699925994e-144,-0.00040076453639225864,-0.09449881461563772
1770340264.5478601,1.0500000000000005,0.0,0.020073478564345302,1.3496864769484411,0.0,0.13998873153401623,0.0,-0.5,-0.18937893851392476,7.834153434193626e-145,-0.00030053949733581435,-0.0945492220122001
1770340264.9712272,1.0500000000000005,0.0,0.020073478564345302,1.3496864769484411,0.0,0.1399907598578933,0.0,-0.5,-0.18937893851392476,5.959484691549977e-145,9.308849676729772e-05,-0.09477537630475634
1770340265.3843634,1.0500000000000005,0.0,0.020073478564345302,1.3496864769484411,0.0,0.1399924230834725,0.0,-0.5,-0.18937893851392476,4.61515658875223e-145,-0.0006465007021647668,-0.0944401778257732
1770340265.8056693,1.0500000000000005,0.0,0.020073478564345302,1.3496864769484411,0.0,0.13999378692844747,0.0,-0.5,-0.18937893851392476,3.492670767516255e-145,-0.0010898202036592123,-0.09418889110528221
1770340266.2345707,1.0500000000000005,0.0,0.020073478564345302,1.3496864769484411,0.0,0.13999490528132694,0.0,-0.5,-0.18937893851392476,2.640926523649046e-145,-0.0007502896731943086,-0.0943482774734117
1770340266.6485553,1.0500000000000005,0.0,0.020073478564345302,1.3496864769484411,0.0,0.13999582233068808,0.0,-0.5,-0.18937893851392476,2.0500914131384276e-145,0.00046713363451490806,-0.09504477840499076
1770340267.0615563,1.0500000000000005,0.0,0.020073478564345302,1.3496864769484411,0.0,0.13999657431116422,0.0,-0.5,-0.18937893851392476,1.5909720067015444e-145,2.4258723727458114e-05,-0.09474588610990486
1770340267.475513,1.0500000000000005,0.0,0.020073478564345302,1.3496864769484411,0.0,0.13999719093515467,0.0,-0.5,-0.18937893851392476,1.204595070961578e-145,0.0003910165677686409,-0.09492165332525082
1770340267.8857055,1.0500000000000005,0.0,0.020073478564345302,1.3496864769484411,0.0,0.13999769656682684,0.0,-0.5,-0.18937893851392476,9.294134040007648e-146,-0.00021128067978746324,-0.09464405864182426
1770340268.3165824,1.0500000000000005,0.0,0.020073478564345302,1.3496864769484411,0.0,0.13999811118479802,0.0,-0.5,-0.18937893851392476,7.270327850307797e-146,-0.000509785621235941,-0.09446442694048926
1770340268.7354057,1.0500000000000005,0.0,0.020073478564345302,1.3496864769484411,0.0,0.13999845117153437,0.0,-0.5,-0.18937893851392476,5.49320736470431e-146,-0.0005983033422004664,-0.0943991693579586
1770340269.1467133,1.0500000000000005,0.0,0.020073478564345302,1.3496864769484411,0.0,0.13999872996065818,0.0,-0.5,-0.18937893851392476,4.264307467511412e-146,6.899950592661353e-05,-0.09479069929473839
1770340269.577671,1.0500000000000005,0.0,0.020073478564345302,1.3496864769484411,0.0,0.13999895856773972,0.0,-0.5,-0.18937893851392476,3.222972059273324e-146,-0.00024150769897494896,-0.09459976612796507
1770340269.9878314,1.0500000000000005,0.0,0.020073478564345302,1.3496864769484411,0.0,0.13999914602554658,0.0,-0.5,-0.18937893851392476,2.4638543163797575e-146,-0.00013892162005536298,-0.09463026705482666
1770340270.413867,1.0500000000000005,0.0,0.020073478564345302,1.3496864769484411,0.0,0.1399992997409482,0.0,-0.5,-0.18937893851392476,1.8925142444912864e-146,0.0005068228070700332,-0.09500745510320995
1770340270.8277476,1.0500000000000005,0.0,0.020073478564345302,1.3496864769484411,0.0,0.13999942578757754,0.0,-0.5,-0.18937893851392476,1.4710338929042235e-146,-0.00014817910206431785,-0.09468087989684365
1770340271.2446418,1.0500000000000005,0.0,0.020073478564345302,1.3496864769484411,0.0,0.1399995291458136,0.0,-0.5,-0.18937893851392476,1.1132988026479718e-146,0.0003512217361154049,-0.09491502020883806
1770340271.678037,1.0500000000000005,0.0,0.020073478564345302,1.3496864769484411,0.0,0.13999961389956714,0.0,-0.5,-0.18937893851392476,8.434267559390227e-147,-0.00016791010054004494,-0.0946574273903579
1770340272.1082475,1.0500000000000005,0.0,0.020073478564345302,1.3496864769484411,0.0,0.13999968339764507,0.0,-0.5,-0.18937893851392476,6.555255347862244e-147,-2.4975615285011563e-05,-0.09469127489784539
1770340272.5224667,1.0500000000000005,0.0,0.020073478564345302,1.3496864769484411,0.0,0.13999974038606897,0.0,-0.5,-0.18937893851392476,4.977622147840202e-147,-0.0005594007943738997,-0.09446321137768432
1770340272.9404583,1.0500000000000005,0.0,0.020073478564345302,1.3496864769484411,0.0,0.13999978711657657,0.0,-0.5,-0.18937893851392476,3.9023316326040026e-147,7.979360477823345e-06,-0.09475019695268647
1770340273.356424,1.0500000000000005,0.0,0.020073478564345302,1.3496864769484411,0.0,0.13999982543559278,0.0,-0.5,-0.18937893851392476,2.9968597682599365e-147,7.710326953640017e-05,-0.09473493328263644
1770340273.7777467,1.0500000000000005,0.0,0.020073478564345302,1.3496864769484411,0.0,0.13999985685718608,0.0,-0.5,-0.18937893851392476,2.354592700412786e-147,-0.0002543676731358977,-0.09459543251466167
1770340274.2017024,1.0500000000000005,0.0,0.020073478564345302,1.3496864769484411,0.0,0.1399998826228926,0.0,-0.5,-0.18937893851392476,1.815653978436281e-147,0.00018810370534447048,-0.09482776824748265
1770340274.6252308,1.0500000000000005,0.0,0.020073478564345302,1.3496864769484411,0.0,0.13999990375077193,0.0,-0.5,-0.18937893851392476,1.3819335827038282e-147,0.0003520969328955161,-0.09488191704616523
1770340275.0386658,1.0500000000000005,0.0,0.020073478564345302,1.3496864769484411,0.0,0.13999992107563297,0.0,-0.5,-0.18937893851392476,1.2496880626184448e-147,-0.00021256360761094385,-0.09463965350720756
1770340275.4523742,1.0500000000000005,0.0,0.020073478564345302,1.3496864769484411,0.0,0.13999993528201904,0.0,-0.5,-0.18937893851392476,8.015736553870721e-148,-0.00036307568760604765,-0.09452298262115887
1770340275.863671,1.0500000000000005,0.0,0.020073478564345302,1.3496864769484411,0.0,0.13999994693125561,0.0,-0.5,-0.18937893851392476,6.289896164749645e-148,0.00032453265013345764,-0.09492049641580307
1770340276.2920244,1.0500000000000005,0.0,0.020073478564345302,1.3496864769484411,0.0,0.13999995648362962,0.0,-0.5,-0.18937893851392476,4.7456550883142445e-148,0.00011223993837620007,-0.09476681849732621
1770340276.704211,1.0500000000000005,0.0,0.020073478564345302,1.3496864769484411,0.0,0.1399999643165763,0.0,-0.5,-0.18937893851392476,3.6914211440993784e-148,0.0008316943547887448,-0.09517726187599801
1770340277.116759,1.0500000000000005,0.0,0.020073478564345302,1.3496864769484411,0.0,0.13999997073959256,0.0,-0.5,-0.18937893851392476,2.680497338667799e-148,0.0001012698757319233,-0.09481314664273402
1770340277.5358737,1.0500000000000005,0.0,0.020073478564345302,1.3496864769484411,0.0,0.1399999760064659,0.0,-0.5,-0.18937893851392476,2.079637756687009e-148,0.00033096518497572643,-0.09487792138037462
1770340277.946934,1.0500000000000005,0.0,0.020073478564345302,1.3496864769484411,0.0,0.13999998032530206,0.0,-0.5,-0.18937893851392476,1.6204877675688982e-148,0.0006021535539930327,-0.09501766487086064
1770340278.3677597,1.0500000000000005,0.0,0.020073478564345302,1.3496864769484411,0.0,0.1399999838667477,0.0,-0.5,-0.18937893851392476,1.2276249281649619e-148,0.0007103113604022574,-0.09505544071780443
1770340278.7789845,1.0500000000000005,0.0,0.020073478564345302,1.3496864769484411,0.0,0.1399999867707331,0.0,-0.5,-0.18937893851392476,9.523910205392283e-149,0.0004481787403465207,-0.09493977188914121
1770340279.223996,1.0500000000000005,0.0,0.020073478564345302,1.3496864769484411,0.0,0.13999998915200115,0.0,-0.5,-0.18937893851392476,7.192633374875488e-149,0.0004572538399141156,-0.09491900368687621
1770340279.6482546,1.0500000000000005,0.0,0.020073478564345302,1.3496864769484411,0.0,0.13999999110464095,0.0,-0.5,-0.18937893851392476,5.4323216107371e-149,0.00036390626487228746,-0.09488075714690271
1770340280.064069,1.0500000000000005,0.0,0.020073478564345302,1.3496864769484411,0.0,0.13999999270580557,0.0,-0.5,-0.18937893851392476,4.2216195791753655e-149,0.0006781644366233145,-0.09505997729244914
1770340280.4970655,1.0500000000000005,0.0,0.020073478564345302,1.3496864769484411,0.0,0.13999999401876057,0.0,-0.5,-0.18937893851392476,4.020031211424567e-149,-0.000658584400172884,-0.09449385194055555
1770340280.9079714,1.0500000000000005,0.0,0.020073478564345302,1.3496864769484411,0.0,0.13999999509538366,0.0,-0.5,-0.18937893851392476,2.4791733234721725e-149,-0.00011023085073127829,-0.0946891891865409
1770340281.3188329,1.0500000000000005,0.0,0.020073478564345302,1.3496864769484411,0.0,0.1399999959782146,0.0,-0.5,-0.18937893851392476,1.8769739031108791e-149,-0.0007797079334128245,-0.09436656299852411
1770340281.7399783,1.0500000000000005,0.0,0.020073478564345302,1.3496864769484411,0.0,0.13999999670213598,0.0,-0.5,-0.18937893851392476,1.5324436188543484e-149,0.0002441135803165007,-0.09491390819849356
1770340282.1719499,1.0500000000000005,0.0,0.020073478564345302,1.3496864769484411,0.0,0.1399999972957515,0.0,-0.5,-0.18937893851392476,1.1024415677374894e-149,4.235170053889012e-05,-0.09473082129520959
1770340282.5956805,1.0500000000000005,0.0,0.020073478564345302,1.3496864769484411,0.0,0.13999999778251623,0.0,-0.5,-0.18937893851392476,8.544559874137288e-150,0.0004083652474023725,-0.09493025323534991
1770340283.0126905,1.0500000000000005,0.0,0.020073478564345302,1.3496864769484411,0.0,0.1399999981816633,0.0,-0.5,-0.18937893851392476,6.491393763740999e-150,-0.0002578909153480909,-0.09462714941556338
1770340283.4310918,1.0500000000000005,0.0,0.020073478564345302,1.3496864769484411,0.0,0.1399999985089639,0.0,-0.5,-0.18937893851392476,5.247090323771556e-150,0.00017536159225669103,-0.09482047530385121
1770340283.845852,1.0500000000000005,0.0,0.020073478564345302,1.3496864769484411,0.0,0.13999999877735042,0.0,-0.5,-0.18937893851392476,3.8031121187299673e-150,-0.00025569247109112983,-0.0946047284277516
1770340284.264872,1.0500000000000005,0.0,0.020073478564345302,1.3496864769484411,0.0,0.13999999899742735,0.0,-0.5,-0.18937893851392476,2.9504218504135287e-150,0.0010583067030422648,-0.09535002252589686
1770340284.6768281,1.0500000000000005,0.0,0.020073478564345302,1.3496864769484411,0.0,0.13999999917789044,0.0,-0.5,-0.18937893851392476,2.2336801410460927e-150,0.0003926216882737353,-0.09495234860257609
1770340285.0891411,1.0500000000000005,0.0,0.020073478564345302,1.3496864769484411,0.0,0.13999999932587015,0.0,-0.5,-0.18937893851392476,1.7987219503539834e-150,-6.152346442016141e-05,-0.0947041220400217
1770340285.5039988,1.0500000000000005,0.0,0.020073478564345302,1.3496864769484411,0.0,0.13999999944721353,0.0,-0.5,-0.18937893851392476,1.3438487301740257e-150,-0.0002920348478434005,-0.094566502971383
1770340285.9145432,1.0500000000000005,0.0,0.020073478564345302,1.3496864769484411,0.0,0.1399999995467151,0.0,-0.5,-0.18937893851392476,1.0139797091437891e-150,-0.001508471629043117,-0.0940568771205608
1770340286.3309996,1.0500000000000005,0.0,0.020073478564345302,1.3496864769484411,0.0,0.1399999996283064,0.0,-0.5,-0.18937893851392476,8.112958046079844e-151,-0.0010164911022170703,-0.09423042175853645
1770340286.7516243,1.0500000000000005,0.0,0.020073478564345302,1.3496864769484411,0.0,0.13999999969521124,0.0,-0.5,-0.18937893851392476,6.12552341249799e-151,-0.00030131028108495674,-0.09461033219853311
1770340287.1705294,1.0500000000000005,0.0,0.020073478564345302,1.3496864769484411,0.0,0.1399999997500732,0.0,-0.5,-0.18937893851392476,4.595016432910058e-151,-0.00019832541342249568,-0.09460060503701738
1770340287.5844648,1.0500000000000005,0.0,0.020073478564345302,1.3496864769484411,0.0,0.13999999979506003,0.0,-0.5,-0.18937893851392476,3.598404519571893e-151,-0.0006170279171302515,-0.09442282554876803
1770340287.9965904,1.0500000000000005,0.0,0.020073478564345302,1.3496864769484411,0.0,0.13999999983194922,0.0,-0.5,-0.18937893851392476,2.7229819492107203e-151,-0.0006001497621184477,-0.09439108219140434
1770340288.4138267,1.0500000000000005,0.0,0.020073478564345302,1.3496864769484411,0.0,0.13999999986219835,0.0,-0.5,-0.18937893851392476,2.109308524270333e-151,0.0001765151836876694,-0.09485539334338683
1770340288.8282716,1.0500000000000005,0.0,0.020073478564345302,1.3496864769484411,0.0,0.13999999988700265,0.0,-0.5,-0.18937893851392476,1.6375392904255288e-151,8.415969500938418e-05,-0.0947407846533349
1770340289.2536232,1.0500000000000005,0.0,0.020073478564345302,1.3496864769484411,0.0,0.1399999999073422,0.0,-0.5,-0.18937893851392476,1.254754147044101e-151,0.00024414172480437106,-0.09482753832234406
1770340289.6828327,1.0500000000000005,0.0,0.020073478564345302,1.3496864769484411,0.0,0.1399999999240206,0.0,-0.5,-0.18937893851392476,9.39728020541112e-152,-0.0007104648129019464,-0.09442969750428204
1770340290.10508,1.0500000000000005,0.0,0.020073478564345302,1.3496864769484411,0.0,0.13999999993769688,0.0,-0.5,-0.18937893851392476,7.2996704041449395e-152,-0.00021893090415105887,-0.09462915719576194
1770340290.5155344,1.0500000000000005,0.0,0.020073478564345302,1.3496864769484411,0.0,0.13999999994891144,0.0,-0.5,-0.18937893851392476,5.525942504925443e-152,-3.30587996428414e-05,-0.09469152706759178
1770340290.9275281,1.0500000000000005,0.0,0.020073478564345302,1.3496864769484411,0.0,0.13999999995810739,0.0,-0.5,-0.18937893851392476,4.2815410479325025e-152,0.0006652024140519754,-0.09509189658535784
1770340291.3489325,1.0500000000000005,0.0,0.020073478564345302,1.3496864769484411,0.0,0.13999999996564805,0.0,-0.5,-0.18937893851392476,3.3264789704058247e-152,-0.0007262286772820668,-0.09446549802745476
1770340291.7821217,1.0500000000000005,0.0,0.020073478564345302,1.3496864769484411,0.0,0.1399999999718314,0.0,-0.5,-0.18937893851392476,2.518461521961353e-152,0.0005386656678666897,-0.0950852915254106
1770340292.1949472,1.0500000000000005,0.0,0.020073478564345302,1.3496864769484411,0.0,0.13999999997690177,0.0,-0.5,-0.18937893851392476,1.9139467458939175e-152,4.611708227812261e-05,-0.0947617826566603
1770340292.6069837,1.0500000000000005,0.0,0.020073478564345302,1.3496864769484411,0.0,0.13999999998105944,0.0,-0.5,-0.18937893851392476,1.5167742890087355e-152,-0.0005377913525539401,-0.09447896442416862
1770340293.018691,1.0500000000000005,0.0,0.020073478564345302,1.3496864769484411,0.0,0.13999999998446874,0.0,-0.5,-0.18937893851392476,1.1493288033147801e-152,-0.00032444313916001754,-0.09454858250872177
1770340293.432191,1.0500000000000005,0.0,0.020073478564345302,1.3496864769484411,0.0,0.13999999998726437,0.0,-0.5,-0.18937893851392476,8.893093857099544e-153,2.8678002053586222e-05,-0.09473912037211053
1770340293.8566482,1.0500000000000005,0.0,0.020073478564345302,1.3496864769484411,0.0,0.13999999998955678,0.0,-0.5,-0.18937893851392476,6.73410396816213e-153,-0.00021782247031028513,-0.09460520806904361
1770340294.276051,1.0500000000000005,0.0,0.020073478564345302,1.3496864769484411,0.0,0.13999999999143656,0.0,-0.5,-0.18937893851392476,5.240276378772797e-153,-0.00036052364675955966,-0.09452347755122753
1770340294.6881049,1.0500000000000005,0.0,0.020073478564345302,1.3496864769484411,0.0,0.139999999992978,0.0,-0.5,-0.18937893851392476,3.9607063452623025e-153,-9.065714413549196e-05,-0.09467112733515703
1770340295.124622,1.0500000000000005,0.0,0.020073478564345302,1.3496864769484411,0.0,0.13999999999424195,0.0,-0.5,-0.18937893851392476,2.9920853501406606e-153,3.4830336741730166e-05,-0.09471943317342096
1770340295.544182,1.0500000000000005,0.0,0.020073478564345302,1.3496864769484411,0.0,0.1399999999952784,0.0,-0.5,-0.18937893851392476,2.3323304818592778e-153,0.00019997625873726196,-0.09480597197853056
1770340295.962924,1.0500000000000005,0.0,0.020073478564345302,1.3496864769484411,0.0,0.1399999999961283,0.0,-0.5,-0.18937893851392476,1.765813479498402e-153,-0.0005331840305993955,-0.09449619327059634
1770340296.3814957,1.0500000000000005,0.0,0.020073478564345302,1.3496864769484411,0.0,0.13999999999682522,0.0,-0.5,-0.18937893851392476,1.3848633879732618e-153,-0.0005278456754235095,-0.0944260802547682
1770340296.8012168,1.0500000000000005,0.0,0.020073478564345302,1.3496864769484411,0.0,0.13999999999739668,0.0,-0.5,-0.18937893851392476,1.0499609315130016e-153,-0.0013245601264976223,-0.09410686063882098
1770340297.215541,1.0500000000000005,0.0,0.020073478564345302,1.3496864769484411,0.0,0.13999999999786528,0.0,-0.5,-0.18937893851392476,8.15783848316192e-154,-0.0002099183521070794,-0.0946959742583479
1770340297.6384313,1.0500000000000005,0.0,0.020073478564345302,1.3496864769484411,0.0,0.13999999999824952,0.0,-0.5,-0.18937893851392476,6.171212043764715e-154,-0.0010189666217679937,-0.09426089077304448
1770340298.0609622,1.0500000000000005,0.0,0.020073478564345302,1.3496864769484411,0.0,0.1399999999985646,0.0,-0.5,-0.18937893851392476,4.797912219544372e-154,-0.0003585471996761709,-0.09457623759933348
1770340298.4778275,1.0500000000000005,0.0,0.020073478564345302,1.3496864769484411,0.0,0.13999999999882298,0.0,-0.5,-0.18937893851392476,3.6382040049172784e-154,-0.0004402123079745682,-0.09447752961380494
1770340298.9007363,1.0500000000000005,0.0,0.020073478564345302,1.3496864769484411,0.0,0.13999999999903484,0.0,-0.5,-0.18937893851392476,2.824995834904762e-154,-0.0008762213558608537,-0.09429495948382058
1770340299.3114216,1.0500000000000005,0.0,0.020073478564345302,1.3496864769484411,0.0,0.13999999999920856,0.0,-0.5,-0.18937893851392476,2.192283502669439e-154,-0.000860174529686335,-0.09426098667473666
1770340299.7246926,1.0500000000000005,0.0,0.020073478564345302,1.3496864769484411,0.0,0.13999999999935103,0.0,-0.5,-0.18937893851392476,1.6589000646251294e-154,-0.000836123355714278,-0.09427381269650244
1770340300.1430986,1.0500000000000005,0.0,0.020073478564345302,1.3496864769484411,0.0,0.13999999999946786,0.0,-0.5,-0.18937893851392476,1.2858602357327322e-154,-0.0009757333107460375,-0.09421556359709253
1770340300.586279,1.0500000000000005,0.0,0.020073478564345302,1.3496864769484411,0.0,0.13999999999956364,0.0,-0.5,-0.18937893851392476,9.467699204985362e-155,-0.0006911729028771425,-0.09437233884631069
1770340301.0068543,1.0500000000000005,0.0,0.020073478564345302,1.3496864769484411,0.0,0.1399999999996422,0.0,-0.5,-0.18937893851392476,7.374807631598911e-155,-0.0004995599718706081,-0.09445885056412774
1770340301.4186304,1.0500000000000005,0.0,0.020073478564345302,1.3496864769484411,0.0,0.1399999999997066,0.0,-0.5,-0.18937893851392476,5.727420175298586e-155,-0.0005317854174337502,-0.09442679909280181
1770340301.835908,1.0500000000000005,0.0,0.020073478564345302,1.3496864769484411,0.0,0.13999999999975943,0.0,-0.5,-0.18937893851392476,4.3239462584633035e-155,-0.0007296196596887849,-0.09434444285134348
1770340302.2569857,1.0500000000000005,0.0,0.020073478564345302,1.3496864769484411,0.0,0.13999999999980273,0.0,-0.5,-0.18937893851392476,3.3629506613711563e-155,-0.000247294720376651,-0.09461405439070526
1770340302.6693568,1.0500000000000005,0.0,0.020073478564345302,1.3496864769484411,0.0,0.13999999999983823,0.0,-0.5,-0.18937893851392476,2.593834387844226e-155,0.00012419081658311798,-0.09478871321894992
1770340303.0879726,1.0500000000000005,0.0,0.020073478564345302,1.3496864769484411,0.0,0.13999999999986734,0.0,-0.5,-0.18937893851392476,1.9768598503254454e-155,0.00031067391208849834,-0.09486345452255716
1770340303.5050523,1.0500000000000005,0.0,0.020073478564345302,1.3496864769484411,0.0,0.1399999999998912,0.0,-0.5,-0.18937893851392476,1.5329963887200833e-155,-0.00011101690978370743,-0.09467612988425775
1770340303.9183824,1.0500000000000005,0.0,0.020073478564345302,1.3496864769484411,0.0,0.1399999999999108,0.0,-0.5,-0.18937893851392476,1.1590355336923748e-155,-2.3612278562783792e-05,-0.09468640358080307
1770340304.345676,1.0500000000000005,0.0,0.020073478564345302,1.3496864769484411,0.0,0.13999999999992688,0.0,-0.5,-0.18937893851392476,9.631244486502888e-156,0.0005527805293477912,-0.09502349880242733
1770340304.7585912,1.0500000000000005,0.0,0.020073478564345302,1.3496864769484411,0.0,0.13999999999994003,0.0,-0.5,-0.18937893851392476,6.827563148549931e-156,0.0002807311611920661,-0.09485703977437399
1770340305.1811602,1.0500000000000005,0.0,0.020073478564345302,1.3496864769484411,0.0,0.13999999999995083,0.0,-0.5,-0.18937893851392476,5.183029969816187e-156,0.00015906712895185515,-0.09478116922466233
1770340305.606595,1.0500000000000005,0.0,0.020073478564345302,1.3496864769484411,0.0,0.13999999999995968,0.0,-0.5,-0.18937893851392476,4.0307848959751367e-156,0.00030659428300802965,-0.09485751911387201
1770340306.0178356,1.0500000000000005,0.0,0.020073478564345302,1.3496864769484411,0.0,0.13999999999996696,0.0,-0.5,-0.18937893851392476,3.1254618514387404e-156,0.0006508294075147427,-0.09504930747317042
1770340306.4299362,1.0500000000000005,0.0,0.020073478564345302,1.3496864769484411,0.0,0.1399999999999729,0.0,-0.5,-0.18937893851392476,2.4257268502885813e-156,0.0004013842362142814,-0.09491510589219956
1770340306.8391423,1.0500000000000005,0.0,0.020073478564345302,1.3496864769484411,0.0,0.13999999999997778,0.0,-0.5,-0.18937893851392476,1.8391336959714366e-156,-0.0006527465807232935,-0.0944685090482945
1770340307.2525465,1.0500000000000005,0.0,0.020073478564345302,1.3496864769484411,0.0,0.13999999999998178,0.0,-0.5,-0.18937893851392476,1.3877285600428292e-156,-0.0007641411101521299,-0.0943185381548292
1770340307.6629026,1.0500000000000005,0.0,0.020073478564345302,1.3496864769484411,0.0,0.13999999999998505,0.0,-0.5,-0.18937893851392476,1.1117103177339411e-156,-0.0003390554130085037,-0.0945624501201725
1770340308.0820813,1.0500000000000005,0.0,0.020073478564345302,1.3496864769484411,0.0,0.13999999999998775,0.0,-0.5,-0.18937893851392476,8.41081032888313e-157,0.0005259251970075397,-0.09503892991646776
1770340308.4951403,1.0500000000000005,0.0,0.020073478564345302,1.3496864769484411,0.0,0.13999999999998997,0.0,-0.5,-0.18937893851392476,6.327053373214977e-157,-4.821432419219819e-05,-0.09472277604698626
1770340308.9077485,1.0500000000000005,0.0,0.020073478564345302,1.3496864769484411,0.0,0.13999999999999177,0.0,-0.5,-0.18937893851392476,5.06284172166304e-157,6.452919160446267e-05,-0.09473300820434427
1770340309.3210657,1.0500000000000005,0.0,0.020073478564345302,1.3496864769484411,0.0,0.13999999999999324,0.0,-0.5,-0.18937893851392476,3.715504641333847e-157,0.0003646178097179223,-0.09490178702363268
1770340309.746917,1.0500000000000005,0.0,0.020073478564345302,1.3496864769484411,0.0,0.13999999999999446,0.0,-0.5,-0.18937893851392476,2.983856236240824e-157,0.0004333010826295453,-0.09491298812556831
1770340310.1614978,1.0500000000000005,0.0,0.020073478564345302,1.3496864769484411,0.0,0.13999999999999546,0.0,-0.5,-0.18937893851392476,2.2578470154733042e-157,0.00046561641457708606,-0.09492550899744569
1770340310.57835,1.0500000000000005,0.0,0.020073478564345302,1.3496864769484411,0.0,0.1399999999999963,0.0,-0.5,-0.18937893851392476,1.7525288015697533e-157,-0.00016577151915696787,-0.09466972229075729
1770340311.0012114,1.0500000000000005,0.0,0.020073478564345302,1.3496864769484411,0.0,0.13999999999999696,0.0,-0.5,-0.18937893851392476,1.3257806475132124e-157,-0.0008614369283238251,-0.09432831733371715
1770340311.4268198,1.0500000000000005,0.0,0.020073478564345302,1.3496864769484411,0.0,0.13999999999999752,0.0,-0.5,-0.18937893851392476,9.957391570756642e-158,0.0005129549854974869,-0.09508338594109327
1770340311.840186,1.0500000000000005,0.0,0.020073478564345302,1.3496864769484411,0.0,0.13999999999999796,0.0,-0.5,-0.18937893851392476,7.594978041926316e-158,-3.2216868955348274e-05,-0.09472787800792999
1770340312.271221,1.0500000000000005,0.0,0.020073478564345302,1.3496864769484411,0.0,0.13999999999999832,0.0,-0.5,-0.18937893851392476,7.249658274380608e-158,0.0004980671076347767,-0.09499153120843878
1770340312.687254,1.0500000000000005,0.0,0.020073478564345302,1.3496864769484411,0.0,0.13999999999999863,0.0,-0.5,-0.18937893851392476,4.416686346078487e-158,6.374481400522911e-05,-0.09476477389332795
1770340313.1082919,1.0500000000000005,0.0,0.020073478564345302,1.3496864769484411,0.0,0.13999999999999888,0.0,-0.5,-0.18937893851392476,3.428915813537857e-158,-0.0005473973025695792,-0.09447688481733507
1770340313.5359929,1.0500000000000005,0.0,0.020073478564345302,1.3496864769484411,0.0,0.13999999999999907,0.0,-0.5,-0.18937893851392476,2.5981849949200766e-158,-0.0007048470820603552,-0.09435279069388128
1770340313.9592268,1.0500000000000005,0.0,0.020073478564345302,1.3496864769484411,0.0,0.13999999999999924,0.0,-0.5,-0.18937893851392476,1.9646587252845438e-158,-5.6561723025402844e-05,-0.09472601693135317
1770340314.382106,1.0500000000000005,0.0,0.020073478564345302,1.3496864769484411,0.0,0.13999999999999937,0.0,-0.5,-0.18937893851392476,1.5253248694247182e-158,-0.00040501363292088255,-0.09452180763149148
1770340314.7958996,1.0500000000000005,0.0,0.020073478564345302,1.3496864769484411,0.0,0.13999999999999949,0.0,-0.5,-0.18937893851392476,1.157514059916854e-158,-0.00032121163236836753,-0.09453724364083345
1770340315.2040622,1.0500000000000005,0.0,0.020073478564345302,1.3496864769484411,0.0,0.13999999999999957,0.0,-0.5,-0.18937893851392476,8.980438834932441e-159,0.0002902095438601524,-0.09489571614651532
1770340315.6305666,1.0500000000000005,0.0,0.020073478564345302,1.3496864769484411,0.0,0.13999999999999965,0.0,-0.5,-0.18937893851392476,6.973060590895413e-159,0.0002933266856934711,-0.09483644431399245
1770340316.0563014,1.0500000000000005,0.0,0.020073478564345302,1.3496864769484411,0.0,0.1399999999999997,0.0,-0.5,-0.18937893851392476,5.263456551621496e-159,-0.0001883793096221984,-0.09464345020168284
1770340316.483132,1.0500000000000005,0.0,0.020073478564345302,1.3496864769484411,0.0,0.13999999999999976,0.0,-0.5,-0.18937893851392476,3.9920230423078466e-159,-0.0003717218809543954,-0.09452194257361841
1770340316.9022906,1.0500000000000005,0.0,0.020073478564345302,1.3496864769484411,0.0,0.13999999999999982,0.0,-0.5,-0.18937893851392476,3.0983780054472825e-159,0.00019651603080360862,-0.09484455106353999
1770340317.3147156,1.0500000000000005,0.0,0.020073478564345302,1.3496864769484411,0.0,0.13999999999999985,0.0,-0.5,-0.18937893851392476,2.349150151476936e-159,6.0304086778695894e-05,-0.09473324249475422
1770340317.7344844,1.0500000000000005,0.0,0.020073478564345302,1.3496864769484411,0.0,0.13999999999999987,0.0,-0.5,-0.18937893851392476,1.819854078928515e-159,-8.683499791671117e-05,-0.09466076566647356
1770340318.1492991,1.0500000000000005,0.0,0.020073478564345302,1.3496864769484411,0.0,0.1399999999999999,0.0,-0.5,-0.18937893851392476,1.39993114450415e-159,0.0002532332147079659,-0.09485009268557883
1770340318.5678573,1.0500000000000005,0.0,0.020073478564345302,1.3496864769484411,0.0,0.13999999999999993,0.0,-0.5,-0.18937893851392476,1.0699465464676247e-159,-7.628807703037002e-05,-0.09468427734762103
1770340318.9905589,1.0500000000000005,0.0,0.020073478564345302,1.3496864769484411,0.0,0.13999999999999996,0.0,-0.5,-0.18937893851392476,8.30743659748695e-160,0.0006253708901165626,-0.09507232059873535
1770340319.405032,1.0500000000000005,0.0,0.020073478564345302,1.3496864769484411,0.0,0.13999999999999996,0.0,-0.5,-0.18937893851392476,6.291529131144782e-160,0.00042432769316060547,-0.09492173742323828
1770340319.8201818,1.0500000000000005,0.0,0.020073478564345302,1.3496864769484411,0.0,0.13999999999999996,0.0,-0.5,-0.18937893851392476,4.877471892683763e-160,0.0010842152668961082,-0.095297565647784
1770340320.2375424,1.0500000000000005,0.0,0.020073478564345302,1.3496864769484411,0.0,0.13999999999999996,0.0,-0.5,-0.18937893851392476,3.690539170552126e-160,0.0005455753551073643,-0.09501612092569493
1770340320.6560032,1.0500000000000005,0.0,0.020073478564345302,1.3496864769484411,0.0,0.13999999999999996,0.0,-0.5,-0.18937893851392476,2.862020048663765e-160,0.0001826706536987587,-0.09481709505395262
1770340321.077834,1.0500000000000005,0.0,0.020073478564345302,1.3496864769484411,0.0,0.13999999999999996,0.0,-0.5,-0.18937893851392476,2.1513633977812862e-160,-0.0005388629593377781,-0.09449219113859715
1770340321.5019152,1.0500000000000005,0.0,0.020073478564345302,1.3496864769484411,0.0,0.13999999999999996,0.0,-0.5,-0.18937893851392476,1.6672471096097414e-160,0.0005213313558162926,-0.09505615436638593
1770340321.9125733,1.0500000000000005,0.0,0.020073478564345302,1.3496864769484411,0.0,0.13999999999999996,0.0,-0.5,-0.18937893851392476,1.3109050435455853e-160,-0.00026210348680926176,-0.0946367609978203
1770340322.3261497,1.0500000000000005,0.0,0.020073478564345302,1.3496864769484411,0.0,0.13999999999999996,0.0,-0.5,-0.18937893851392476,9.916989461738513e-161,-0.0006335278948942627,-0.09440984775032375
1770340322.750555,1.0500000000000005,0.0,0.020073478564345302,1.3496864769484411,0.0,0.13999999999999996,0.0,-0.5,-0.18937893851392476,7.650281303830467e-161,-0.0005561535187516317,-0.09441912993520082
1770340323.1776404,1.0500000000000005,0.0,0.020073478564345302,1.3496864769484411,0.0,0.13999999999999996,0.0,-0.5,-0.18937893851392476,5.829219993339027e-161,-0.00028365101660609356,-0.09457489399887388
1770340323.5900342,1.0500000000000005,0.0,0.020073478564345302,1.3496864769484411,0.0,0.13999999999999996,0.0,-0.5,-0.18937893851392476,4.505677236665657e-161,-0.0005197090355894484,-0.09445322054106599
1770340324.0050921,1.0500000000000005,0.0,0.020073478564345302,1.3496864769484411,0.0,0.13999999999999996,0.0,-0.5,-0.18937893851392476,3.4319496358932405e-161,-0.0010193604952623255,-0.09422975415529851
1770340324.4205222,1.0500000000000005,0.0,0.020073478564345302,1.3496864769484411,0.0,0.13999999999999996,0.0,-0.5,-0.18937893851392476,2.6812745875094705e-161,-0.00043121715137117744,-0.09453267501566591
1770340324.8379536,1.0500000000000005,0.0,0.020073478564345302,1.3496864769484411,0.0,0.13999999999999996,0.0,-0.5,-0.18937893851392476,1.9955191316803808e-161,-0.00010007949360014962,-0.09467254327593942
1770340325.2578974,1.0500000000000005,0.0,0.020073478564345302,1.3496864769484411,0.0,0.13999999999999996,0.0,-0.5,-0.18937893851392476,1.894156395863964e-161,-0.0003254234283768811,-0.09454929193625161
1770340325.6701634,1.0500000000000005,0.0,0.020073478564345302,1.3496864769484411,0.0,0.13999999999999996,0.0,-0.5,-0.18937893851392476,1.2241460932878592e-161,-0.00030388760361695793,-0.09453967903762989
1770340326.0989425,1.0500000000000005,0.0,0.020073478564345302,1.3496864769484411,0.0,0.13999999999999996,0.0,-0.5,-0.18937893851392476,9.235536563448983e-162,-2.4128710383897482e-05,-0.09470538079109374
1770340326.5150964,1.0500000000000005,0.0,0.020073478564345302,1.3496864769484411,0.0,0.13999999999999996,0.0,-0.5,-0.18937893851392476,7.006508951840205e-162,-0.0002789829853585451,-0.09457546319178056
1770340326.9294503,1.0500000000000005,0.0,0.020073478564345302,1.3496864769484411,0.0,0.13999999999999996,0.0,-0.5,-0.18937893851392476,5.433332482946406e-162,-0.00035714071725723905,-0.09451871467152363
1770340327.3499713,1.0500000000000005,0.0,0.020073478564345302,1.3496864769484411,0.0,0.13999999999999996,0.0,-0.5,-0.18937893851392476,4.208842126702926e-162,-0.0001932491146599017,-0.09460923385989216
1770340327.777403,1.0500000000000005,0.0,0.020073478564345302,1.3496864769484411,0.0,0.13999999999999996,0.0,-0.5,-0.18937893851392476,3.1857474058850237e-162,-0.00038819735807490703,-0.09451486540226643
1770340328.1910634,1.0500000000000005,0.0,0.020073478564345302,1.3496864769484411,0.0,0.13999999999999996,0.0,-0.5,-0.18937893851392476,2.469382163626192e-162,-0.00045021472625614083,-0.09447056363065243
1770340328.6111255,1.0500000000000005,0.0,0.020073478564345302,1.3496864769484411,0.0,0.13999999999999996,0.0,-0.5,-0.18937893851392476,1.8457107019554821e-162,-0.0004695824889166969,-0.09445661478877009
1770340329.0239294,1.0500000000000005,0.0,0.020073478564345302,1.3496864769484411,0.0,0.13999999999999996,0.0,-0.5,-0.18937893851392476,1.448146486994807e-162,0.0003987149397110051,-0.09497565646968065
1770340329.449103,1.0500000000000005,0.0,0.020073478564345302,1.3496864769484411,0.0,0.13999999999999996,0.0,-0.5,-0.18937893851392476,1.0955143685356085e-162,-0.00020050667668477666,-0.09464913808025957
1770340329.864259,1.0500000000000005,0.0,0.020073478564345302,1.3496864769484411,0.0,0.13999999999999996,0.0,-0.5,-0.18937893851392476,8.411398535832021e-163,0.0007356477347526498,-0.09515090856548244
1770340330.2767532,1.0500000000000005,0.0,0.020073478564345302,1.3496864769484411,0.0,0.13999999999999996,0.0,-0.5,-0.18937893851392476,6.466777044493e-163,0.0002164767285322909,-0.09484962472185056
1770340330.707988,1.0500000000000005,0.0,0.020073478564345302,1.3496864769484411,0.0,0.13999999999999996,0.0,-0.5,-0.18937893851392476,5.034870065597311e-163,0.0009571306026962883,-0.09524209994572692
1770340331.1258707,1.0500000000000005,0.0,0.020073478564345302,1.3496864769484411,0.0,0.13999999999999996,0.0,-0.5,-0.18937893851392476,3.7415772678362635e-163,-8.599303796619098e-05,-0.09475078510204553
1770340331.5444036,1.0500000000000005,0.0,0.020073478564345302,1.3496864769484411,0.0,0.13999999999999996,0.0,-0.5,-0.18937893851392476,2.964551079384518e-163,-0.0005141205253084367,-0.09447522174304239
1770340331.972238,1.0500000000000005,0.0,0.020073478564345302,1.3496864769484411,0.0,0.13999999999999996,0.0,-0.5,-0.18937893851392476,2.2428567344163288e-163,0.0001058661734244936,-0.09480440101354792
1770340332.398189,1.0500000000000005,0.0,0.020073478564345302,1.3496864769484411,0.0,0.13999999999999996,0.0,-0.5,-0.18937893851392476,1.6605575917570575e-163,-0.0003088751778454922,-0.09457650580316662
1770340332.8269289,1.0500000000000005,0.0,0.020073478564345302,1.3496864769484411,0.0,0.13999999999999996,0.0,-0.5,-0.18937893851392476,1.3125321610887547e-163,-7.40745837693821e-05,-0.0946759120244853
1770340333.2611809,1.0500000000000005,0.0,0.020073478564345302,1.3496864769484411,0.0,0.13999999999999996,0.0,-0.5,-0.18937893851392476,9.993316352603023e-164,-0.0010215431834567864,-0.09427344452520273
1770340333.6707315,1.0500000000000005,0.0,0.020073478564345302,1.3496864769484411,0.0,0.13999999999999996,0.0,-0.5,-0.18937893851392476,7.552277900365026e-164,-0.0007336892498769709,-0.09435141002538189
1770340334.0812354,1.0500000000000005,0.0,0.020073478564345302,1.3496864769484411,0.0,0.13999999999999996,0.0,-0.5,-0.18937893851392476,5.731697959034207e-164,-0.0011968041131967737,-0.09413737868669597
1770340334.5243971,1.0500000000000005,0.0,0.020073478564345302,1.3496864769484411,0.0,0.13999999999999996,0.0,-0.5,-0.18937893851392476,4.4495657301431244e-164,-0.0002508233761387148,-0.09465865564259883
1770340334.949613,1.0500000000000005,0.0,0.020073478564345302,1.3496864769484411,0.0,0.13999999999999996,0.0,-0.5,-0.18937893851392476,3.367016678874035e-164,-0.001229087785466156,-0.09417275180516205
1770340335.3728542,1.0500000000000005,0.0,0.020073478564345302,1.3496864769484411,0.0,0.13999999999999996,0.0,-0.5,-0.18937893851392476,2.61647564057193e-164,-0.0001387983538299228,-0.09472909902321104
1770340335.7866442,1.0500000000000005,0.0,0.020073478564345302,1.3496864769484411,0.0,0.13999999999999996,0.0,-0.5,-0.18937893851392476,1.9774739079632405e-164,0.00016176448315045867,-0.09480040778223564
1770340336.2060597,1.0500000000000005,0.0,0.020073478564345302,1.3496864769484411,0.0,0.13999999999999996,0.0,-0.5,-0.18937893851392476,1.5372799213065205e-164,-0.0003035197934075516,-0.0945842377879144
1770340336.6434734,1.0500000000000005,0.0,0.020073478564345302,1.3496864769484411,0.0,0.13999999999999996,0.0,-0.5,-0.18937893851392476,1.1653081630225533e-164,0.0006974658053095589,-0.09513830071948887
1770340337.0716124,1.0500000000000005,0.0,0.020073478564345302,1.3496864769484411,0.0,0.13999999999999996,0.0,-0.5,-0.18937893851392476,8.79412782721383e-165,0.0005557232213039363,-0.0949815051260149
1770340337.4844673,1.0500000000000005,0.0,0.020073478564345302,1.3496864769484411,0.0,0.13999999999999996,0.0,-0.5,-0.18937893851392476,6.861467832470022e-165,0.00044546305533808606,-0.094923226801228
1770340337.9082017,1.0500000000000005,0.0,0.020073478564345302,1.3496864769484411,0.0,0.13999999999999996,0.0,-0.5,-0.18937893851392476,5.178887854955281e-165,-0.00042421838677597125,-0.09456432820778579
1770340338.3251302,1.0500000000000005,0.0,0.020073478564345302,1.3496864769484411,0.0,0.13999999999999996,0.0,-0.5,-0.18937893851392476,3.85660207654945e-165,0.00048602803482162725,-0.09502350791653295
1770340338.7403576,1.0500000000000005,0.0,0.020073478564345302,1.3496864769484411,0.0,0.13999999999999996,0.0,-0.5,-0.18937893851392476,3.0296463809533544e-165,0.0004590598917954087,-0.0949216960171627
1770340339.1512194,1.0500000000000005,0.0,0.020073478564345302,1.3496864769484411,0.0,0.13999999999999996,0.0,-0.5,-0.18937893851392476,2.352865640233782e-165,-0.0005025517765511334,-0.09453435453552146
1770340339.5640237,1.0500000000000005,0.0,0.020073478564345302,1.3496864769484411,0.0,0.13999999999999996,0.0,-0.5,-0.18937893851392476,1.78068124489836e-165,0.000644107191698732,-0.09512618874963674
1770340339.9754179,1.0500000000000005,0.0,0.020073478564345302,1.3496864769484411,0.0,0.13999999999999996,0.0,-0.5,-0.18937893851392476,1.3841469786702199e-165,0.0001679138596857132,-0.09482104552000653
1770340340.4065964,1.0500000000000005,0.0,0.020073478564345302,1.3496864769484411,0.0,0.13999999999999996,0.0,-0.5,-0.18937893851392476,1.0459090020051766e-165,0.00010912461943888912,-0.0947499104907065
1770340340.8219793,1.0500000000000005,0.0,0.020073478564345302,1.3496864769484411,0.0,0.13999999999999996,0.0,-0.5,-0.18937893851392476,8.119257167368102e-166,0.0005223132513395433,-0.09499194474582222
1770340341.229979,1.0500000000000005,0.0,0.020073478564345302,1.3496864769484411,0.0,0.13999999999999996,0.0,-0.5,-0.18937893851392476,6.299983748596719e-166,0.00035583230583351855,-0.09488403350442974
1770340341.6644187,1.0500000000000005,0.0,0.020073478564345302,1.3496864769484411,0.0,0.13999999999999996,0.0,-0.5,-0.18937893851392476,4.7666790571376667e-166,-6.758394020560529e-05,-0.09469801891146348
1770340342.0847714,1.0500000000000005,0.0,0.020073478564345302,1.3496864769484411,0.0,0.13999999999999996,0.0,-0.5,-0.18937893851392476,3.619571883906755e-166,-0.00023902082110119252,-0.09458710253450134
1770340342.4992883,1.0500000000000005,0.0,0.020073478564345302,1.3496864769484411,0.0,0.13999999999999996,0.0,-0.5,-0.18937893851392476,2.799046993791444e-166,-0.0009898800821852914,-0.09426961514197815
1770340342.9231112,1.0500000000000005,0.0,0.020073478564345302,1.3496864769484411,0.0,0.13999999999999996,0.0,-0.5,-0.18937893851392476,2.119394190416904e-166,-0.0006923873637303664,-0.09437302484694268
1770340343.3438106,1.0500000000000005,0.0,0.020073478564345302,1.3496864769484411,0.0,0.13999999999999996,0.0,-0.5,-0.18937893851392476,1.6450583441283347e-166,-0.001063808568269352,-0.09419470709328161
1770340343.7579818,1.0500000000000005,0.0,0.020073478564345302,1.3496864769484411,0.0,0.13999999999999996,0.0,-0.5,-0.18937893851392476,1.2446185361106928e-166,-7.98813065036763e-05,-0.0947479213298871
1770340344.1694622,1.0500000000000005,0.0,0.020073478564345302,1.3496864769484411,0.0,0.13999999999999996,0.0,-0.5,-0.18937893851392476,9.659189957672814e-167,-0.0007077480008576311,-0.09439838192596896
1770340344.5778098,1.0500000000000005,0.0,0.020073478564345302,1.3496864769484411,0.0,0.13999999999999996,0.0,-0.5,-0.18937893851392476,7.48950263286796e-167,0.0001117493558446843,-0.09482729367055495
1770340344.9912245,1.0500000000000005,0.0,0.020073478564345302,1.3496864769484411,0.0,0.13999999999999996,0.0,-0.5,-0.18937893851392476,5.7848784506071515e-167,-0.00047414866292304,-0.09451098472737764
1770340345.4088836,1.0500000000000005,0.0,0.020073478564345302,1.3496864769484411,0.0,0.13999999999999996,0.0,-0.5,-0.18937893851392476,5.2455087733607055e-167,-0.000385959072625222,-0.09450530867967954
1770340345.8257315,1.0500000000000005,0.0,0.020073478564345302,1.3496864769484411,0.0,0.13999999999999996,0.0,-0.5,-0.18937893851392476,3.414028673188941e-167,-0.00013899393821256603,-0.09464466880129736
1770340346.2490222,1.0500000000000005,0.0,0.020073478564345302,1.3496864769484411,0.0,0.13999999999999996,0.0,-0.5,-0.18937893851392476,2.5842547269034925e-167,5.176774950672167e-05,-0.09473442930048767
1770340346.6815274,1.0500000000000005,0.0,0.020073478564345302,1.3496864769484411,0.0,0.13999999999999996,0.0,-0.5,-0.18937893851392476,1.9568999001140588e-167,-0.0002618219849255581,-0.09458991723794283
1770340347.0913894,1.0500000000000005,0.0,0.020073478564345302,1.3496864769484411,0.0,0.13999999999999996,0.0,-0.5,-0.18937893851392476,1.5385265189589608e-167,-0.0001976155719173671,-0.09459708211230453
1770340347.5189445,1.0500000000000005,0.0,0.020073478564345302,1.3496864769484411,0.0,0.13999999999999996,0.0,-0.5,-0.18937893851392476,1.1501610026383737e-167,0.0003783901069317124,-0.09493626487831315
1770340347.9360793,1.0500000000000005,0.0,0.020073478564345302,1.3496864769484411,0.0,0.13999999999999996,0.0,-0.5,-0.18937893851392476,8.935745159007832e-168,-0.0006422580735719903,-0.09447040503822676
1770340348.3519797,1.0500000000000005,0.0,0.020073478564345302,1.3496864769484411,0.0,0.13999999999999996,0.0,-0.5,-0.18937893851392476,6.939637278470418e-168,0.0004737562612049783,-0.09503794882104256
1770340348.779559,1.0500000000000005,0.0,0.020073478564345302,1.3496864769484411,0.0,0.13999999999999996,0.0,-0.5,-0.18937893851392476,6.303175992429696e-168,-0.00021449534541809475,-0.09465104674491565
1770340349.2146435,1.0500000000000005,0.0,0.020073478564345302,1.3496864769484411,0.0,0.13999999999999996,0.0,-0.5,-0.18937893851392476,3.9787305612985105e-168,0.0003597362352265857,-0.09492676053264014
1770340349.6391628,1.0500000000000005,0.0,0.020073478564345302,1.3496864769484411,0.0,0.13999999999999996,0.0,-0.5,-0.18937893851392476,3.8117472817575145e-168,-0.0008362913510362915,-0.09439092634007051
1770340350.0567822,1.0500000000000005,0.0,0.020073478564345302,1.3496864769484411,0.0,0.13999999999999996,0.0,-0.5,-0.18937893851392476,2.3169800638256304e-168,-0.00018493963710094994,-0.09466213460980544
1770340350.4841094,1.0500000000000005,0.0,0.020073478564345302,1.3496864769484411,0.0,0.13999999999999996,0.0,-0.5,-0.18937893851392476,1.7744358120373541e-168,-0.00021448015191792325,-0.09458518323248512
1770340350.901418,1.0500000000000005,0.0,0.020073478564345302,1.3496864769484411,0.0,0.13999999999999996,0.0,-0.5,-0.18937893851392476,1.352827527728684e-168,-0.0009794807066111316,-0.09427622895912613
1770340351.3294547,1.0500000000000005,0.0,0.020073478564345302,1.3496864769484411,0.0,0.13999999999999996,0.0,-0.5,-0.18937893851392476,1.0457820777952036e-168,0.0002814028256205172,-0.09495625902299581
1770340351.7595491,1.0500000000000005,0.0,0.020073478564345302,1.3496864769484411,0.0,0.13999999999999996,0.0,-0.5,-0.18937893851392476,9.514048324897144e-169,-2.178900634337074e-05,-0.09470889393698709
1770340352.1751604,1.0500000000000005,0.0,0.020073478564345302,1.3496864769484411,0.0,0.13999999999999996,0.0,-0.5,-0.18937893851392476,6.185331575812976e-169,-1.071040948666651e-05,-0.09468522191190472
1770340352.606855,1.0500000000000005,0.0,0.020073478564345302,1.3496864769484411,0.0,0.13999999999999996,0.0,-0.5,-0.18937893851392476,4.711069090133988e-169,-0.0003344299578794167,-0.09455462623286195
1770340353.0399952,1.0500000000000005,0.0,0.020073478564345302,1.3496864769484411,0.0,0.13999999999999996,0.0,-0.5,-0.18937893851392476,3.6666850307240245e-169,-0.000335870777734755,-0.09452167795008054
1770340353.456186,1.0500000000000005,0.0,0.020073478564345302,1.3496864769484411,0.0,0.13999999999999996,0.0,-0.5,-0.18937893851392476,2.704600177706744e-169,0.0005988379531855758,-0.0950823591066472
1770340353.8774467,1.0500000000000005,0.0,0.020073478564345302,1.3496864769484411,0.0,0.13999999999999996,0.0,-0.5,-0.18937893851392476,2.0999105210173744e-169,9.881381074955002e-05,-0.09478887857658076
1770340354.2937584,1.0500000000000005,0.0,0.020073478564345302,1.3496864769484411,0.0,0.13999999999999996,0.0,-0.5,-0.18937893851392476,1.6302597847191827e-169,-0.0005030551794771485,-0.09449812856624647
1770340354.720221,1.0500000000000005,0.0,0.020073478564345302,1.3496864769484411,0.0,0.13999999999999996,0.0,-0.5,-0.18937893851392476,1.2350670686297756e-169,0.0007631577418921198,-0.09519766942004537
1770340355.1481645,1.0500000000000005,0.0,0.020073478564345302,1.3496864769484411,0.0,0.13999999999999996,0.0,-0.5,-0.18937893851392476,9.587597741721628e-170,-0.0001631950064100646,-0.09470050702858757
1770340355.570121,1.0500000000000005,0.0,0.020073478564345302,1.3496864769484411,0.0,0.13999999999999996,0.0,-0.5,-0.18937893851392476,7.240565017321171e-170,6.396249888723379e-05,-0.09474416625693573
1770340355.9893005,1.0500000000000005,0.0,0.020073478564345302,1.3496864769484411,0.0,0.13999999999999996,0.0,-0.5,-0.18937893851392476,5.4597740515267654e-170,-0.0010719192889871354,-0.09426709779125625
1770340356.4289634,1.0500000000000005,0.0,0.020073478564345302,1.3496864769484411,0.0,0.13999999999999996,0.0,-0.5,-0.18937893851392476,4.146290789216888e-170,-8.623527587778182e-06,-0.09479148706930843
1770340356.8497827,1.0500000000000005,0.0,0.020073478564345302,1.3496864769484411,0.0,0.13999999999999996,0.0,-0.5,-0.18937893851392476,3.137968697773298e-170,8.773446543857024e-05,-0.0947429722889843
1770340357.2765274,1.0500000000000005,0.0,0.020073478564345302,1.3496864769484411,0.0,0.13999999999999996,0.0,-0.5,-0.18937893851392476,2.3716187480157272e-170,0.0010236809229175886,-0.09529490436416907
1770340357.699612,1.0500000000000005,0.0,0.020073478564345302,1.3496864769484411,0.0,0.13999999999999996,0.0,-0.5,-0.18937893851392476,1.9221297149100727e-170,0.00011573933383389614,-0.0948381330827877
1770340358.11169,1.0500000000000005,0.0,0.020073478564345302,1.3496864769484411,0.0,0.13999999999999996,0.0,-0.5,-0.18937893851392476,1.419174092590783e-170,-4.0633527084481206e-05,-0.09468478977951199
1770340358.541306,1.0500000000000005,0.0,0.020073478564345302,1.3496864769484411,0.0,0.13999999999999996,0.0,-0.5,-0.18937893851392476,1.1210982173522254e-170,0.00040771841097642336,-0.09493816365625668
1770340358.9613712,1.0500000000000005,0.0,0.020073478564345302,1.3496864769484411,0.0,0.13999999999999996,0.0,-0.5,-0.18937893851392476,8.532506733987261e-171,0.0002861027803907621,-0.09484468221021633
1770340359.382549,1.0500000000000005,0.0,0.020073478564345302,1.3496864769484411,0.0,0.13999999999999996,0.0,-0.5,-0.18937893851392476,6.359481084470253e-171,-0.00010646847610926033,-0.09467549214455775
1770340359.7972965,1.0500000000000005,0.0,0.020073478564345302,1.3496864769484411,0.0,0.13999999999999996,0.0,-0.5,-0.18937893851392476,4.81142805932684e-171,0.0002870068457987862,-0.09487232021205258
1770340360.2126954,1.0500000000000005,0.0,0.020073478564345302,1.3496864769484411,0.0,0.13999999999999996,0.0,-0.5,-0.18937893851392476,3.7481241213614136e-171,-0.00021837608841847106,-0.09463081950617487
1770340360.6342525,1.0500000000000005,0.0,0.020073478564345302,1.3496864769484411,0.0,0.13999999999999996,0.0,-0.5,-0.18937893851392476,2.8337259422058472e-171,8.259501423845035e-06,-0.09471626256665854
1770340361.050818,1.0500000000000005,0.0,0.020073478564345302,1.3496864769484411,0.0,0.13999999999999996,0.0,-0.5,-0.18937893851392476,2.2869892320695966e-171,-0.0004489537023941035,-0.09451071372614711
1770340361.4918149,1.0500000000000005,0.0,0.020073478564345302,1.3496864769484411,0.0,0.13999999999999996,0.0,-0.5,-0.18937893851392476,1.659964302893762e-171,-0.000216989989904689,-0.09460417063325897
1770340361.9010358,1.0500000000000005,0.0,0.020073478564345302,1.3496864769484411,0.0,0.13999999999999996,0.0,-0.5,-0.18937893851392476,1.2888144298088026e-171,-0.0002823755983101275,-0.09455482001864786
1770340362.3215196,1.0500000000000005,0.0,0.020073478564345302,1.3496864769484411,0.0,0.13999999999999996,0.0,-0.5,-0.18937893851392476,1.0092227203070617e-171,-0.00019694392296792687,-0.09459954046301264
1770340362.746054,1.0500000000000005,0.0,0.020073478564345302,1.3496864769484411,0.0,0.13999999999999996,0.0,-0.5,-0.18937893851392476,8.937437063498942e-172,0.000503604230718101,-0.09501132618769004
1770340363.159478,1.0500000000000005,0.0,0.020073478564345302,1.3496864769484411,0.0,0.13999999999999996,0.0,-0.5,-0.18937893851392476,5.955771988971474e-172,-0.0008153731461978932,-0.09441368042155503
1770340363.5732784,1.0500000000000005,0.0,0.020073478564345302,1.3496864769484411,0.0,0.13999999999999996,0.0,-0.5,-0.18937893851392476,4.395527654584815e-172,-9.678278271200497e-05,-0.09471293690195497
1770340363.985563,1.0500000000000005,0.0,0.020073478564345302,1.3496864769484411,0.0,0.13999999999999996,0.0,-0.5,-0.18937893851392476,3.4488674091118334e-172,-0.00042034865907353313,-0.09451165151506177
1770340364.411706,1.0500000000000005,0.0,0.020073478564345302,1.3496864769484411,0.0,0.13999999999999996,0.0,-0.5,-0.18937893851392476,2.6006205089834093e-172,-0.0010820023003170942,-0.09421463347092819
1770340364.8258908,1.0500000000000005,0.0,0.020073478564345302,1.3496864769484411,0.0,0.13999999999999996,0.0,-0.5,-0.18937893851392476,2.0260217680346562e-172,-5.374952399467472e-05,-0.09476541977259728
1770340365.238146,1.0500000000000005,0.0,0.020073478564345302,1.3496864769484411,0.0,0.13999999999999996,0.0,-0.5,-0.18937893851392476,1.899608492340234e-172,-0.0007019857901809124,-0.09440329998849055
1770340365.6557894,1.0500000000000005,0.0,0.020073478564345302,1.3496864769484411,0.0,0.13999999999999996,0.0,-0.5,-0.18937893851392476,1.1957267647884958e-172,-0.00020915632685199211,-0.09463417403986928
1770340366.0726814,1.0500000000000005,0.0,0.020073478564345302,1.3496864769484411,0.0,0.13999999999999996,0.0,-0.5,-0.18937893851392476,9.239074023000038e-173,-0.0005875366678241177,-0.09443353895714753
1770340366.5053453,1.0500000000000005,0.0,0.020073478564345302,1.3496864769484411,0.0,0.13999999999999996,0.0,-0.5,-0.18937893851392476,6.992327139236822e-173,-0.0006117382820011242,-0.09438602027737952
1770340366.9231625,1.0500000000000005,0.0,0.020073478564345302,1.3496864769484411,0.0,0.13999999999999996,0.0,-0.5,-0.18937893851392476,5.287751637470558e-173,1.8944263731559175e-06,-0.09475177974098639
1770340367.3364704,1.0500000000000005,0.0,0.020073478564345302,1.3496864769484411,0.0,0.13999999999999996,0.0,-0.5,-0.18937893851392476,4.101684728886988e-173,-0.00042802380184713196,-0.09451844917886083
1770340367.7588067,1.0500000000000005,0.0,0.020073478564345302,1.3496864769484411,0.0,0.13999999999999996,0.0,-0.5,-0.18937893851392476,3.0870770990458342e-173,-0.0002185626762769512,-0.09460113403138092
1770340368.208123,1.0500000000000005,0.0,0.020073478564345302,1.3496864769484411,0.0,0.13999999999999996,0.0,-0.5,-0.18937893851392476,2.3515354083217123e-173,-0.00029167734531119224,-0.09455094205121022
1770340368.6193056,1.0500000000000005,0.0,0.020073478564345302,1.3496864769484411,0.0,0.13999999999999996,0.0,-0.5,-0.18937893851392476,1.82286992675426e-173,0.0003075232814249535,-0.09490315096034847
1770340369.046289,1.0500000000000005,0.0,0.020073478564345302,1.3496864769484411,0.0,0.13999999999999996,0.0,-0.5,-0.18937893851392476,1.3812803665110887e-173,1.4544352386935727e-05,-0.09472603932605965
1770340369.465495,1.0500000000000005,0.0,0.020073478564345302,1.3496864769484411,0.0,0.13999999999999996,0.0,-0.5,-0.18937893851392476,1.0731991426421847e-173,1.5203130592626485e-05,-0.09469713670007927
1770340369.885818,1.0500000000000005,0.0,0.020073478564345302,1.3496864769484411,0.0,0.13999999999999996,0.0,-0.5,-0.18937893851392476,8.232694866009892e-174,-0.00031630053192870116,-0.09456446935725016
1770340370.298181,1.0500000000000005,0.0,0.020073478564345302,1.3496864769484411,0.0,0.13999999999999996,0.0,-0.5,-0.18937893851392476,6.288230199410722e-174,-0.0008725525148892018,-0.09430881819781382
1770340370.7087991,1.0500000000000005,0.0,0.020073478564345302,1.3496864769484411,0.0,0.13999999999999996,0.0,-0.5,-0.18937893851392476,4.886373336414221e-174,0.0005920383925107718,-0.09513194754395776
1770340371.129437,1.0500000000000005,0.0,0.020073478564345302,1.3496864769484411,0.0,0.13999999999999996,0.0,-0.5,-0.18937893851392476,3.699955977908489e-174,0.0003586631116880108,-0.09489213834088865
1770340371.549181,1.0500000000000005,0.0,0.020073478564345302,1.3496864769484411,0.0,0.13999999999999996,0.0,-0.5,-0.18937893851392476,2.8708073802174153e-174,-2.6599059110336343e-05,-0.09471469594448705
1770340371.9685044,1.0500000000000005,0.0,0.020073478564345302,1.3496864769484411,0.0,0.13999999999999996,0.0,-0.5,-0.18937893851392476,2.171739912064412e-174,-0.0003088706345389066,-0.09456326109723578
1770340372.3791203,1.0500000000000005,0.0,0.020073478564345302,1.3496864769484411,0.0,0.13999999999999996,0.0,-0.5,-0.18937893851392476,1.6859983574978922e-174,0.00023859736298745827,-0.09486351473820874
1770340372.795994,1.0500000000000005,0.0,0.020073478564345302,1.3496864769484411,0.0,0.13999999999999996,0.0,-0.5,-0.18937893851392476,1.3083624842381795e-174,0.00039260720355351183,-0.09490117384279574
1770340373.2189813,1.0500000000000005,0.0,0.020073478564345302,1.3496864769484411,0.0,0.13999999999999996,0.0,-0.5,-0.18937893851392476,9.914406419683452e-175,-0.0001998063916500549,-0.09464880742065772
1770340373.630919,1.0500000000000005,0.0,0.020073478564345302,1.3496864769484411,0.0,0.13999999999999996,0.0,-0.5,-0.18937893851392476,7.690290010303658e-175,-0.0004233073774913467,-0.09450016566680083
1770340374.0506973,1.0500000000000005,0.0,0.020073478564345302,1.3496864769484411,0.0,0.13999999999999996,0.0,-0.5,-0.18937893851392476,5.82311661587638e-175,-8.68310988348646e-05,-0.0946797013354106
1770340374.4644542,1.0500000000000005,0.0,0.020073478564345302,1.3496864769484411,0.0,0.13999999999999996,0.0,-0.5,-0.18937893851392476,4.521627021297922e-175,7.509305807023068e-05,-0.09474320820168801
1770340374.8829603,1.0500000000000005,0.0,0.020073478564345302,1.3496864769484411,0.0,0.13999999999999996,0.0,-0.5,-0.18937893851392476,3.4233863367350276e-175,-0.0002196351332590462,-0.09460912450946579
1770340375.3022559,1.0500000000000005,0.0,0.020073478564345302,1.3496864769484411,0.0,0.13999999999999996,0.0,-0.5,-0.18937893851392476,2.653487395071682e-175,-0.0005426398462765229,-0.09445044980512586
1770340375.7227335,1.0500000000000005,0.0,0.020073478564345302,1.3496864769484411,0.0,0.13999999999999996,0.0,-0.5,-0.18937893851392476,2.0142934498629014e-175,0.0003794538415991582,-0.09497140554654952
1770340376.1439316,1.0500000000000005,0.0,0.020073478564345302,1.3496864769484411,0.0,0.13999999999999996,0.0,-0.5,-0.18937893851392476,1.5650248065759416e-175,0.000702900157523803,-0.09507326396731675
1770340376.5604107,1.0500000000000005,0.0,0.020073478564345302,1.3496864769484411,0.0,0.13999999999999996,0.0,-0.5,-0.18937893851392476,1.185198496624306e-175,-0.0004201010671378499,-0.09459171884585962
1770340376.9901307,1.0500000000000005,0.0,0.020073478564345302,1.3496864769484411,0.0,0.13999999999999996,0.0,-0.5,-0.18937893851392476,9.175288223365983e-176,-0.0010293837651732614,-0.0942357056441793
1770340377.4038448,1.0500000000000005,0.0,0.020073478564345302,1.3496864769484411,0.0,0.13999999999999996,0.0,-0.5,-0.18937893851392476,7.089720738001357e-176,-0.00027223112613189904,-0.09462906895780057
1770340377.8261235,1.0500000000000005,0.0,0.020073478564345302,1.3496864769484411,0.0,0.13999999999999996,0.0,-0.5,-0.18937893851392476,5.579931168192193e-176,-0.0004370756643437149,-0.0944874158786117
1770340378.242426,1.0500000000000005,0.0,0.020073478564345302,1.3496864769484411,0.0,0.13999999999999996,0.0,-0.5,-0.18937893851392476,4.20534595688371e-176,-0.00022702303596090588,-0.09459696300182022
1770340378.671354,1.0500000000000005,0.0,0.020073478564345302,1.3496864769484411,0.0,0.13999999999999996,0.0,-0.5,-0.18937893851392476,3.1514813232052273e-176,-0.0003227450830954801,-0.09453766892012809
1770340379.078312,1.0500000000000005,0.0,0.020073478564345302,1.3496864769484411,0.0,0.13999999999999996,0.0,-0.5,-0.18937893851392476,2.4797520825784066e-176,-0.00040134222555991337,-0.09449665785842887
1770340379.5144901,1.0500000000000005,0.0,0.020073478564345302,1.3496864769484411,0.0,0.13999999999999996,0.0,-0.5,-0.18937893851392476,1.8655069168478747e-176,-0.0005018798465198622,-0.09444858309579844
1770340379.9272022,1.0500000000000005,0.0,0.020073478564345302,1.3496864769484411,0.0,0.13999999999999996,0.0,-0.5,-0.18937893851392476,1.45431172885978e-176,-0.00020157713796155498,-0.09461871095883742
1770340380.3555787,1.0500000000000005,0.0,0.020073478564345302,1.3496864769484411,0.0,0.13999999999999996,0.0,-0.5,-0.18937893851392476,1.061699915007409e-176,-0.00044720236054075145,-0.09449043059894993
1770340380.7757077,1.0500000000000005,0.0,0.020073478564345302,1.3496864769484411,0.0,0.13999999999999996,0.0,-0.5,-0.18937893851392476,8.237262030152778e-177,-0.0002523240791592031,-0.09458279504552093
1770340381.193286,1.0500000000000005,0.0,0.020073478564345302,1.3496864769484411,0.0,0.13999999999999996,0.0,-0.5,-0.18937893851392476,6.471170386411287e-177,-0.0004944854660105199,-0.09446644266264224
1770340381.6200752,1.0500000000000005,0.0,0.020073478564345302,1.3496864769484411,0.0,0.13999999999999996,0.0,-0.5,-0.18937893851392476,5.016987993822755e-177,-0.00036339858177625837,-0.09452087865449768
1770340382.042498,1.0500000000000005,0.0,0.020073478564345302,1.3496864769484411,0.0,0.13999999999999996,0.0,-0.5,-0.18937893851392476,3.788971650740392e-177,-0.0008478607829539503,-0.09431398508560317
1770340382.4567602,1.0500000000000005,0.0,0.020073478564345302,1.3496864769484411,0.0,0.13999999999999996,0.0,-0.5,-0.18937893851392476,2.9319214914083535e-177,-0.00040366018374027123,-0.0945320592250136
1770340382.869707,1.0500000000000005,0.0,0.020073478564345302,1.3496864769484411,0.0,0.13999999999999996,0.0,-0.5,-0.18937893851392476,2.204691059922196e-177,-0.00038114872248214355,-0.09450114604184712
1770340383.2827868,1.0500000000000005,0.0,0.020073478564345302,1.3496864769484411,0.0,0.13999999999999996,0.0,-0.5,-0.18937893851392476,1.6651623037232175e-177,0.0002718119829149284,-0.09489067131895955
1770340383.7060695,1.0500000000000005,0.0,0.020073478564345302,1.3496864769484411,0.0,0.13999999999999996,0.0,-0.5,-0.18937893851392476,1.3432856139227872e-177,-3.7871220212653644e-05,-0.09470150196716881
1770340384.1275377,1.0500000000000005,0.0,0.020073478564345302,1.3496864769484411,0.0,0.13999999999999996,0.0,-0.5,-0.18937893851392476,1.0164794190987009e-177,2.1407744146869393e-05,-0.09470610102547176
1770340384.5439165,1.0500000000000005,0.0,0.020073478564345302,1.3496864769484411,0.0,0.13999999999999996,0.0,-0.5,-0.18937893851392476,7.890723874145722e-178,0.0002594154982695764,-0.09484297778150944
1770340384.9675994,1.0500000000000005,0.0,0.020073478564345302,1.3496864769484411,0.0,0.13999999999999996,0.0,-0.5,-0.18937893851392476,5.760486440553412e-178,0.0005126081020592227,-0.09497109256837095
1770340385.3812144,1.0500000000000005,0.0,0.020073478564345302,1.3496864769484411,0.0,0.13999999999999996,0.0,-0.5,-0.18937893851392476,4.6316360090774313e-178,2.3750349820473974e-05,-0.09475023020709648
1770340385.800177,1.0500000000000005,0.0,0.020073478564345302,1.3496864769484411,0.0,0.13999999999999996,0.0,-0.5,-0.18937893851392476,3.4438465334259314e-178,0.00023558528839643137,-0.0948284453950182
1770340386.2189348,1.0500000000000005,0.0,0.020073478564345302,1.3496864769484411,0.0,0.13999999999999996,0.0,-0.5,-0.18937893851392476,2.7242545908332146e-178,0.0009435370275921347,-0.09523203294467802
1770340386.6438022,1.0500000000000005,0.0,0.020073478564345302,1.3496864769484411,0.0,0.13999999999999996,0.0,-0.5,-0.18937893851392476,1.9863599682034064e-178,0.0011761360247902399,-0.09530079716907731
1770340387.0592077,1.0500000000000005,0.0,0.020073478564345302,1.3496864769484411,0.0,0.13999999999999996,0.0,-0.5,-0.18937893851392476,1.5419487118666523e-178,-0.00016851055896714056,-0.09473967863585456
1770340387.4859412,1.0500000000000005,0.0,0.020073478564345302,1.3496864769484411,0.0,0.13999999999999996,0.0,-0.5,-0.18937893851392476,1.2159760866042218e-178,-0.0008440681199486009,-0.09433499095308621
1770340387.9028497,1.0500000000000005,0.0,0.020073478564345302,1.3496864769484411,0.0,0.13999999999999996,0.0,-0.5,-0.18937893851392476,9.428202574340605e-179,-0.00035957248477323133,-0.0945581325780933
1770340388.3164625,1.0500000000000005,0.0,0.020073478564345302,1.3496864769484411,0.0,0.13999999999999996,0.0,-0.5,-0.18937893851392476,7.13039148654879e-179,-0.00064492234931613,-0.09439554306875861
1770340388.730097,1.0500000000000005,0.0,0.020073478564345302,1.3496864769484411,0.0,0.13999999999999996,0.0,-0.5,-0.18937893851392476,5.284902387845415e-179,-0.0005733516350939546,-0.09440995051083763
1770340389.1448274,1.0500000000000005,0.0,0.020073478564345302,1.3496864769484411,0.0,0.13999999999999996,0.0,-0.5,-0.18937893851392476,4.280207556058537e-179,-0.000771635037031172,-0.09432348007864051
1770340389.5610263,1.0500000000000005,0.0,0.020073478564345302,1.3496864769484411,0.0,0.13999999999999996,0.0,-0.5,-0.18937893851392476,3.122493464387077e-179,-0.0009697017019140321,-0.09422442507249365
1770340389.9823663,1.0500000000000005,0.0,0.020073478564345302,1.3496864769484411,0.0,0.13999999999999996,0.0,-0.5,-0.18937893851392476,2.4361354714811468e-179,-0.0010614408079933912,-0.09416792276357362
1770340390.435946,1.0500000000000005,0.0,0.020073478564345302,1.3496864769484411,0.0,0.13999999999999996,0.0,-0.5,-0.18937893851392476,1.7876937683550134e-179,-7.462741128915363e-06,-0.09479113569308437
1770340390.8691745,1.0500000000000005,0.0,0.020073478564345302,1.3496864769484411,0.0,0.13999999999999996,0.0,-0.5,-0.18937893851392476,1.3891315926431995e-179,-0.0003730661750111119,-0.09453949651284504
1770340391.2875733,1.0500000000000005,0.0,0.020073478564345302,1.3496864769484411,0.0,0.13999999999999996,0.0,-0.5,-0.18937893851392476,1.0512577091538765e-179,-0.0001655377794512072,-0.09462745320679276
1770340391.7236922,1.0500000000000005,0.0,0.020073478564345302,1.3496864769484411,0.0,0.13999999999999996,0.0,-0.5,-0.18937893851392476,7.951712481730932e-180,-0.0006365952343681355,-0.09441827738527
1770340392.156388,1.0500000000000005,0.0,0.020073478564345302,1.3496864769484411,0.0,0.13999999999999996,0.0,-0.5,-0.18937893851392476,6.012549867746674e-180,-0.0010796733869502262,-0.09419394037874548
1770340392.5785406,1.0500000000000005,0.0,0.020073478564345302,1.3496864769484411,0.0,0.13999999999999996,0.0,-0.5,-0.18937893851392476,4.6705460744776135e-180,-0.0007504533387695718,-0.09434716459239566
1770340392.994666,1.0500000000000005,0.0,0.020073478564345302,1.3496864769484411,0.0,0.13999999999999996,0.0,-0.5,-0.18937893851392476,3.535743278896634e-180,0.0002148682661745793,-0.0948934355505441
1770340393.402858,1.0500000000000005,0.0,0.020073478564345302,1.3496864769484411,0.0,0.13999999999999996,0.0,-0.5,-0.18937893851392476,2.743620279052006e-180,-0.0004003192413774728,-0.09455082838702884
1770340393.8157115,1.0500000000000005,0.0,0.020073478564345302,1.3496864769484411,0.0,0.13999999999999996,0.0,-0.5,-0.18937893851392476,2.141582377822712e-180,-1.8659807759631615e-05,-0.09471830529644434
1770340394.2272315,1.0500000000000005,0.0,0.020073478564345302,1.3496864769484411,0.0,0.13999999999999996,0.0,-0.5,-0.18937893851392476,1.8969542243392905e-180,0.000740952056892541,-0.09513590647187387
1770340394.6427925,1.0500000000000005,0.0,0.020073478564345302,1.3496864769484411,0.0,0.13999999999999996,0.0,-0.5,-0.18937893851392476,1.2642923153586425e-180,-0.00023869107684354522,-0.09466808803191422
1770340395.05768,1.0500000000000005,0.0,0.020073478564345302,1.3496864769484411,0.0,0.13999999999999996,0.0,-0.5,-0.18937893851392476,9.825337650089588e-181,0.00010205473554117877,-0.09477457120597144
1770340395.4938033,1.0500000000000005,0.0,0.020073478564345302,1.3496864769484411,0.0,0.13999999999999996,0.0,-0.5,-0.18937893851392476,7.423720846907014e-181,0.00013511396368685462,-0.09476033216162037
1770340395.910281,1.0500000000000005,0.0,0.020073478564345302,1.3496864769484411,0.0,0.13999999999999996,0.0,-0.5,-0.18937893851392476,5.738023975833967e-181,-0.0005971528794733805,-0.09446411950154172
1770340396.3352628,1.0500000000000005,0.0,0.020073478564345302,1.3496864769484411,0.0,0.13999999999999996,0.0,-0.5,-0.18937893851392476,4.3501570791596465e-181,0.0017483153411978754,-0.09579817374962844
1770340396.7559965,1.0500000000000005,0.0,0.020073478564345302,1.3496864769484411,0.0,0.13999999999999996,0.0,-0.5,-0.18937893851392476,3.289406062721555e-181,0.0004655448232052646,-0.09505051872036427
1770340397.1760108,1.0500000000000005,0.0,0.020073478564345302,1.3496864769484411,0.0,0.13999999999999996,0.0,-0.5,-0.18937893851392476,2.5527423293020983e-181,-0.00041669870192820194,-0.09456934425851163
1770340397.5912964,1.0500000000000005,0.0,0.020073478564345302,1.3496864769484411,0.0,0.13999999999999996,0.0,-0.5,-0.18937893851392476,1.979613803299922e-181,-0.0014756914331131563,-0.0940575228135243
1770340398.022231,1.0500000000000005,0.0,0.020073478564345302,1.3496864769484411,0.0,0.13999999999999996,0.0,-0.5,-0.18937893851392476,1.495473966051338e-181,-0.00048602732521896047,-0.09454542200514232
1770340398.4411094,1.0500000000000005,0.0,0.020073478564345302,1.3496864769484411,0.0,0.13999999999999996,0.0,-0.5,-0.18937893851392476,1.1304299547552447e-181,-0.00013342238712668662,-0.09465801855720826
1770340398.8515482,1.0500000000000005,0.0,0.020073478564345302,1.3496864769484411,0.0,0.13999999999999996,0.0,-0.5,-0.18937893851392476,1.0520305537071394e-181,-0.0005404327359772388,-0.09445995392385882
1770340399.2722669,1.0500000000000005,0.0,0.020073478564345302,1.3496864769484411,0.0,0.13999999999999996,0.0,-0.5,-0.18937893851392476,6.809269601008973e-182,-0.000496820293920125,-0.09444542035420803
1770340399.6880195,1.0500000000000005,0.0,0.020073478564345302,1.3496864769484411,0.0,0.13999999999999996,0.0,-0.5,-0.18937893851392476,5.145807230491987e-182,-0.0008239783813250639,-0.09431019587504035
1770340400.1067853,1.0500000000000005,0.0,0.020073478564345302,1.3496864769484411,0.0,0.13999999999999996,0.0,-0.5,-0.18937893851392476,3.992331340608394e-182,-0.0005747355195057823,-0.09442702578339142
1770340400.5256522,1.0500000000000005,0.0,0.020073478564345302,1.3496864769484411,0.0,0.13999999999999996,0.0,-0.5,-0.18937893851392476,3.0115566395583104e-182,-0.0003930741989199609,-0.09451109828956099
1770340400.9364355,1.0500000000000005,0.0,0.020073478564345302,1.3496864769484411,0.0,0.13999999999999996,0.0,-0.5,-0.18937893851392476,2.342099374010588e-182,-0.0006067384524235407,-0.09440746645610097
1770340401.3476653,1.0500000000000005,0.0,0.020073478564345302,1.3496864769484411,0.0,0.13999999999999996,0.0,-0.5,-0.18937893851392476,1.818121842817984e-182,-0.00042552716255101093,-0.09449482680467412
1770340401.7687027,1.0500000000000005,0.0,0.020073478564345302,1.3496864769484411,0.0,0.13999999999999996,0.0,-0.5,-0.18937893851392476,1.3747819894277213e-182,0.00019306187539778861,-0.09484785909845615
1770340402.179463,1.0500000000000005,0.0,0.020073478564345302,1.3496864769484411,0.0,0.13999999999999996,0.0,-0.5,-0.18937893851392476,1.068449891283301e-182,0.0005964410924238427,-0.09502802772487691
1770340402.6039588,1.0500000000000005,0.0,0.020073478564345302,1.3496864769484411,0.0,0.13999999999999996,0.0,-0.5,-0.18937893851392476,8.085028089037222e-183,-0.0003586335278598366,-0.09460565995506083
1770340403.0151777,1.0500000000000005,0.0,0.020073478564345302,1.3496864769484411,0.0,0.13999999999999996,0.0,-0.5,-0.18937893851392476,6.282633117244448e-183,-0.00018206851429793542,-0.09461609150116959
1770340403.42475,1.0500000000000005,0.0,0.020073478564345302,1.3496864769484411,0.0,0.13999999999999996,0.0,-0.5,-0.18937893851392476,4.86647074385284e-183,0.0001755732852000772,-0.09481302007951221
1770340403.844668,1.0500000000000005,0.0,0.020073478564345302,1.3496864769484411,0.0,0.13999999999999996,0.0,-0.5,-0.18937893851392476,3.70210995629819e-183,-0.00019661651582973108,-0.0946283799791505
1770340404.266624,1.0500000000000005,0.0,0.020073478564345302,1.3496864769484411,0.0,0.13999999999999996,0.0,-0.5,-0.18937893851392476,2.877512628839759e-183,0.0004426970469377722,-0.09497474913670802
1770340404.6956637,1.0500000000000005,0.0,0.020073478564345302,1.3496864769484411,0.0,0.13999999999999996,0.0,-0.5,-0.18937893851392476,2.183232859252829e-183,-0.0002904764055951859,-0.09461754839941809
1770340405.1072812,1.0500000000000005,0.0,0.020073478564345302,1.3496864769484411,0.0,0.13999999999999996,0.0,-0.5,-0.18937893851392476,1.6928883943893927e-183,0.00021639662943765948,-0.09484835487518449
1770340405.5403547,1.0500000000000005,0.0,0.020073478564345302,1.3496864769484411,0.0,0.13999999999999996,0.0,-0.5,-0.18937893851392476,1.2758241619903749e-183,0.0003350599343521118,-0.09486886555462988
1770340405.9755442,1.0500000000000005,0.0,0.020073478564345302,1.3496864769484411,0.0,0.13999999999999996,0.0,-0.5,-0.18937893851392476,9.938386808187897e-184,-0.000776620814725126,-0.09441232692450754
1770340406.415018,1.0500000000000005,0.0,0.020073478564345302,1.3496864769484411,0.0,0.13999999999999996,0.0,-0.5,-0.18937893851392476,7.368176311718069e-184,-0.0002712292677343237,-0.0946043937777943
1770340406.8255022,1.0500000000000005,0.0,0.020073478564345302,1.3496864769484411,0.0,0.13999999999999996,0.0,-0.5,-0.18937893851392476,5.740560349138728e-184,0.00031919118039550336,-0.09490810689197311
1770340407.2571075,1.0500000000000005,0.0,0.020073478564345302,1.3496864769484411,0.0,0.13999999999999996,0.0,-0.5,-0.18937893851392476,4.27277368963901e-184,0.0014086314603320104,-0.09550272901512204
1770340407.6826074,1.0500000000000005,0.0,0.020073478564345302,1.3496864769484411,0.0,0.13999999999999996,0.0,-0.5,-0.18937893851392476,3.764463921169174e-184,0.000773136853216386,-0.09513958714428214
1770340408.1016974,1.0500000000000005,0.0,0.020073478564345302,1.3496864769484411,0.0,0.13999999999999996,0.0,-0.5,-0.18937893851392476,2.577413274829348e-184,0.00045218209058344995,-0.0949476557785174
1770340408.5281227,1.0500000000000005,0.0,0.020073478564345302,1.3496864769484411,0.0,0.13999999999999996,0.0,-0.5,-0.18937893851392476,2.001018038411094e-184,6.815707794851478e-05,-0.09476195029720014
1770340408.9577765,1.0500000000000005,0.0,0.020073478564345302,1.3496864769484411,0.0,0.13999999999999996,0.0,-0.5,-0.18937893851392476,1.4718455144049267e-184,-0.00047141012923364333,-0.09450772091306377
1770340409.3759325,1.0500000000000005,0.0,0.020073478564345302,1.3496864769484411,0.0,0.13999999999999996,0.0,-0.5,-0.18937893851392476,1.1462977881105346e-184,-0.0005899606528106126,-0.09440634398291477
1770340409.793599,1.0500000000000005,0.0,0.020073478564345302,1.3496864769484411,0.0,0.13999999999999996,0.0,-0.5,-0.18937893851392476,8.547639319171337e-185,0.0005038873871425101,-0.09505079775452896
1770340410.206401,1.0500000000000005,0.0,0.020073478564345302,1.3496864769484411,0.0,0.13999999999999996,0.0,-0.5,-0.18937893851392476,6.543977214577978e-185,-0.00031224424687462625,-0.09461496029692679
1770340410.6238027,1.0500000000000005,0.0,0.020073478564345302,1.3496864769484411,0.0,0.13999999999999996,0.0,-0.5,-0.18937893851392476,5.038440522593421e-185,-0.00044577147437576607,-0.09447993624252461
1770340411.038629,1.0500000000000005,0.0,0.020073478564345302,1.3496864769484411,0.0,0.13999999999999996,0.0,-0.5,-0.18937893851392476,3.848286075203788e-185,-2.3526466248394715e-05,-0.09471993052465091
1770340411.4561868,1.0500000000000005,0.0,0.020073478564345302,1.3496864769484411,0.0,0.13999999999999996,0.0,-0.5,-0.18937893851392476,3.085433272322401e-185,-0.0004345716369367188,-0.09451328795556285
1770340411.8791316,1.0500000000000005,0.0,0.020073478564345302,1.3496864769484411,0.0,0.13999999999999996,0.0,-0.5,-0.18937893851392476,2.2404519785431505e-185,-0.0007196781952175415,-0.09435814081518169
1770340412.3055024,1.0500000000000005,0.0,0.020073478564345302,1.3496864769484411,0.0,0.13999999999999996,0.0,-0.5,-0.18937893851392476,1.7543197051014988e-185,-0.0008051223014011714,-0.09429545251688015
1770340412.7178173,1.0500000000000005,0.0,0.020073478564345302,1.3496864769484411,0.0,0.13999999999999996,0.0,-0.5,-0.18937893851392476,1.328628106444116e-185,-0.00027859364508711924,-0.09460282530005022
1770340413.1308415,1.0500000000000005,0.0,0.020073478564345302,1.3496864769484411,0.0,0.13999999999999996,0.0,-0.5,-0.18937893851392476,1.0641900281056844e-185,-0.0001462767710288909,-0.09462956255885377
1770340413.5536413,1.0500000000000005,0.0,0.020073478564345302,1.3496864769484411,0.0,0.13999999999999996,0.0,-0.5,-0.18937893851392476,7.79968608007815e-186,-0.00010160970841770927,-0.09464313110901464
1770340413.9722908,1.0500000000000005,0.0,0.020073478564345302,1.3496864769484411,0.0,0.13999999999999996,0.0,-0.5,-0.18937893851392476,6.053771864001792e-186,-0.00011098962460754676,-0.0946349124362776
1770340414.3820024,1.0500000000000005,0.0,0.020073478564345302,1.3496864769484411,0.0,0.13999999999999996,0.0,-0.5,-0.18937893851392476,4.8114814715339756e-186,0.00024905455497933014,-0.09485000095241074
1770340414.8079598,1.0500000000000005,0.0,0.020073478564345302,1.3496864769484411,0.0,0.13999999999999996,0.0,-0.5,-0.18937893851392476,3.5562366350940837e-186,-0.00023358142541534354,-0.09462094214229418
1770340415.221141,1.0500000000000005,0.0,0.020073478564345302,1.3496864769484411,0.0,0.13999999999999996,0.0,-0.5,-0.18937893851392476,2.7605517487901528e-186,-0.0007963603380270334,-0.09434756697921003
1770340415.6640356,1.0500000000000005,0.0,0.020073478564345302,1.3496864769484411,0.0,0.13999999999999996,0.0,-0.5,-0.18937893851392476,2.088566926657329e-186,0.0002335778201687489,-0.09490925198286633
1770340416.087307,1.0500000000000005,0.0,0.020073478564345302,1.3496864769484411,0.0,0.13999999999999996,0.0,-0.5,-0.18937893851392476,1.6425730989967526e-186,0.0010777891626962783,-0.09531278497256326
1770340416.5182176,1.0500000000000005,0.0,0.020073478564345302,1.3496864769484411,0.0,0.13999999999999996,0.0,-0.5,-0.18937893851392476,1.2427555850340185e-186,-2.2255166301368885e-05,-0.09478834610671147
1770340416.940851,1.0500000000000005,0.0,0.020073478564345302,1.3496864769484411,0.0,0.13999999999999996,0.0,-0.5,-0.18937893851392476,9.300151565014794e-187,-0.0004702162029835814,-0.09449915725913882
1770340417.3536842,1.0500000000000005,0.0,0.020073478564345302,1.3496864769484411,0.0,0.13999999999999996,0.0,-0.5,-0.18937893851392476,7.021951246647131e-187,2.424170395548053e-05,-0.09475103589963403
1770340417.7641315,1.0500000000000005,0.0,0.020073478564345302,1.3496864769484411,0.0,0.13999999999999996,0.0,-0.5,-0.18937893851392476,5.453517518473841e-187,0.0011252449479776272,-0.09536219205535341
1770340418.175319,1.0500000000000005,0.0,0.020073478564345302,1.3496864769484411,0.0,0.13999999999999996,0.0,-0.5,-0.18937893851392476,4.231461455157951e-187,0.0002609089145128006,-0.09490635731756526
1770340418.594013,1.0500000000000005,0.0,0.020073478564345302,1.3496864769484411,0.0,0.13999999999999996,0.0,-0.5,-0.18937893851392476,3.2843611842966954e-187,0.0003272919792724266,-0.09485975355307455
1770340419.007749,1.0500000000000005,0.0,0.020073478564345302,1.3496864769484411,0.0,0.13999999999999996,0.0,-0.5,-0.18937893851392476,2.483662782973469e-187,-1.9470084280849337e-05,-0.09471441042117729
1770340419.4186618,1.0500000000000005,0.0,0.020073478564345302,1.3496864769484411,0.0,0.13999999999999996,0.0,-0.5,-0.18937893851392476,1.9323015043097023e-187,0.00045887670490786514,-0.0949667422883352
1770340419.8351357,1.0500000000000005,0.0,0.020073478564345302,1.3496864769484411,0.0,0.13999999999999996,0.0,-0.5,-0.18937893851392476,1.5232589438459927e-187,-0.0006898582873685659,-0.09445941361250575
1770340420.2560701,1.0500000000000005,0.0,0.020073478564345302,1.3496864769484411,0.0,0.13999999999999996,0.0,-0.5,-0.18937893851392476,1.1332254479989862e-187,-0.0004000314484253894,-0.09451843621664399
1770340420.6662703,1.0500000000000005,0.0,0.020073478564345302,1.3496864769484411,0.0,0.13999999999999996,0.0,-0.5,-0.18937893851392476,1.0026344719882193e-187,-0.0002677007707366299,-0.09456885193936294
1770340421.0915596,1.0500000000000005,0.0,0.020073478564345302,1.3496864769484411,0.0,0.13999999999999996,0.0,-0.5,-0.18937893851392476,6.671788803097856e-188,-0.00044396229746021835,-0.09448511426090463
1770340421.5018966,1.0500000000000005,0.0,0.020073478564345302,1.3496864769484411,0.0,0.13999999999999996,0.0,-0.5,-0.18937893851392476,5.168015628969238e-188,-0.0002023939566417872,-0.09461242911272333
1770340421.925059,1.0500000000000005,0.0,0.020073478564345302,1.3496864769484411,0.0,0.13999999999999996,0.0,-0.5,-0.18937893851392476,3.914089034007947e-188,-0.00047670621746506074,-0.09447854737431217
1770340422.3840024,1.0500000000000005,0.0,0.020073478564345302,1.3496864769484411,0.0,0.13999999999999996,0.0,-0.5,-0.18937893851392476,2.967428943552476e-188,-0.00044776426927767125,-0.09446848131714228
1770340422.798592,1.0500000000000005,0.0,0.020073478564345302,1.3496864769484411,0.0,0.13999999999999996,0.0,-0.5,-0.18937893851392476,2.2531679860072116e-188,0.00028809562826941624,-0.0949071030608518
1770340423.2150037,1.0500000000000005,0.0,0.020073478564345302,1.3496864769484411,0.0,0.13999999999999996,0.0,-0.5,-0.18937893851392476,1.7513112511568857e-188,-0.0006050541175999455,-0.09447625717274934
1770340423.634221,1.0500000000000005,0.0,0.020073478564345302,1.3496864769484411,0.0,0.13999999999999996,0.0,-0.5,-0.18937893851392476,1.3273145853797918e-188,-0.0004400982599647054,-0.09448591571274355
1770340424.0545206,1.0500000000000005,0.0,0.020073478564345302,1.3496864769484411,0.0,0.13999999999999996,0.0,-0.5,-0.18937893851392476,1.031844185877083e-188,-0.0008677030024008803,-0.09429837823000556
1770340424.4775681,1.0500000000000005,0.0,0.020073478564345302,1.3496864769484411,0.0,0.13999999999999996,0.0,-0.5,-0.18937893851392476,7.730588957222534e-189,-0.0014356978202733086,-0.09402841982861297
1770340424.8947823,1.0500000000000005,0.0,0.020073478564345302,1.3496864769484411,0.0,0.13999999999999996,0.0,-0.5,-0.18937893851392476,6.102512987189817e-189,0.00024954941116422973,-0.09498276868568825
1770340425.31572,1.0500000000000005,0.0,0.020073478564345302,1.3496864769484411,0.0,0.13999999999999996,0.0,-0.5,-0.18937893851392476,4.625839112771364e-189,-0.0002833041852639645,-0.09460110252397322
1770340425.743985,1.0500000000000005,0.0,0.020073478564345302,1.3496864769484411,0.0,0.13999999999999996,0.0,-0.5,-0.18937893851392476,3.5732282989917856e-189,-9.792586096167983e-05,-0.09465904415891177
1770340426.1550043,1.0500000000000005,0.0,0.020073478564345302,1.3496864769484411,0.0,0.13999999999999996,0.0,-0.5,-0.18937893851392476,2.710607128033872e-189,-0.00030426026687076116,-0.09455797256411791
1770340426.5806234,1.0500000000000005,0.0,0.020073478564345302,1.3496864769484411,0.0,0.13999999999999996,0.0,-0.5,-0.18937893851392476,2.1077822218581348e-189,0.0006416563392804002,-0.09510488908721769
1770340427.008002,1.0500000000000005,0.0,0.020073478564345302,1.3496864769484411,0.0,0.13999999999999996,0.0,-0.5,-0.18937893851392476,1.5927086438337022e-189,-0.0001681199472963192,-0.0946863869119719
1770340427.4199793,1.0500000000000005,0.0,0.020073478564345302,1.3496864769484411,0.0,0.13999999999999996,0.0,-0.5,-0.18937893851392476,1.2356636958286429e-189,-0.00037203209216805564,-0.09452384442536553
1770340427.8310208,1.0500000000000005,0.0,0.020073478564345302,1.3496864769484411,0.0,0.13999999999999996,0.0,-0.5,-0.18937893851392476,9.587139067061334e-190,-0.000316049066217421,-0.09453704302644873
1770340428.2742517,1.0500000000000005,0.0,0.020073478564345302,1.3496864769484411,0.0,0.13999999999999996,0.0,-0.5,-0.18937893851392476,7.248234546211153e-190,0.00024066491905221706,-0.09486547311501546
1770340428.697441,1.0500000000000005,0.0,0.020073478564345302,1.3496864769484411,0.0,0.13999999999999996,0.0,-0.5,-0.18937893851392476,5.479742187335098e-190,0.0008067909165966558,-0.09514947731501515
1770340429.111855,1.0500000000000005,0.0,0.020073478564345302,1.3496864769484411,0.0,0.13999999999999996,0.0,-0.5,-0.18937893851392476,4.255508684659555e-190,-0.00023881999635788105,-0.0946746203500789
1770340429.52702,1.0500000000000005,0.0,0.020073478564345302,1.3496864769484411,0.0,0.13999999999999996,0.0,-0.5,-0.18937893851392476,3.2457771971138995e-190,0.00016490237872015645,-0.09481229268383026
1770340429.9474058,1.0500000000000005,0.0,0.020073478564345302,1.3496864769484411,0.0,0.13999999999999996,0.0,-0.5,-0.18937893851392476,2.5422701801831577e-190,4.249702364656757e-05,-0.09472295830429302
1770340430.361933,1.0500000000000005,0.0,0.020073478564345302,1.3496864769484411,0.0,0.13999999999999996,0.0,-0.5,-0.18937893851392476,1.9214827939057608e-190,-0.0003438369199335163,-0.09455618419135364
1770340430.7764452,1.0500000000000005,0.0,0.020073478564345302,1.3496864769484411,0.0,0.13999999999999996,0.0,-0.5,-0.18937893851392476,1.4860393371552007e-190,0.0006447324302419474,-0.09511069240710089
1770340431.1880531,1.0500000000000005,0.0,0.020073478564345302,1.3496864769484411,0.0,0.13999999999999996,0.0,-0.5,-0.18937893851392476,1.1218760926154148e-190,0.0003901179203965718,-0.09490998966814519
1770340431.599776,1.0500000000000005,0.0,0.020073478564345302,1.3496864769484411,0.0,0.13999999999999996,0.0,-0.5,-0.18937893851392476,8.780392027078675e-191,0.0013185121716234659,-0.0954415647678968
1770340432.0160117,1.0500000000000005,0.0,0.020073478564345302,1.3496864769484411,0.0,0.13999999999999996,0.0,-0.5,-0.18937893851392476,6.797927415041017e-191,0.0008276657898148888,-0.09515238679005068
1770340432.4305995,1.0500000000000005,0.0,0.020073478564345302,1.3496864769484411,0.0,0.13999999999999996,0.0,-0.5,-0.18937893851392476,5.263913298826941e-191,-0.0007819793886233167,-0.09445944408049455
1770340432.8490326,1.0500000000000005,0.0,0.020073478564345302,1.3496864769484411,0.0,0.13999999999999996,0.0,-0.5,-0.18937893851392476,3.872092252732229e-191,0.0005903602745431978,-0.09512188336055064
1770340433.2783868,1.0500000000000005,0.0,0.020073478564345302,1.3496864769484411,0.0,0.13999999999999996,0.0,-0.5,-0.18937893851392476,3.005015347090733e-191,0.001140933849220869,-0.09531499353904058
1770340433.6906688,1.0500000000000005,0.0,0.020073478564345302,1.3496864769484411,0.0,0.13999999999999996,0.0,-0.5,-0.18937893851392476,2.335681558138627e-191,6.654597200803384e-05,-0.09483018103068767
1770340434.1187665,1.0500000000000005,0.0,0.020073478564345302,1.3496864769484411,0.0,0.13999999999999996,0.0,-0.5,-0.18937893851392476,1.758504428800121e-191,0.0002517931236926135,-0.09483389053397714
1770340434.5405107,1.0500000000000005,0.0,0.020073478564345302,1.3496864769484411,0.0,0.13999999999999996,0.0,-0.5,-0.18937893851392476,1.3710239510918446e-191,0.0003799427475338921,-0.09489225559311346
1770340434.964081,1.0500000000000005,0.0,0.020073478564345302,1.3496864769484411,0.0,0.13999999999999996,0.0,-0.5,-0.18937893851392476,1.0333699197707042e-191,-0.00020801688442432912,-0.09464425677794605
1770340435.3870254,1.0500000000000005,0.0,0.020073478564345302,1.3496864769484411,0.0,0.13999999999999996,0.0,-0.5,-0.18937893851392476,8.016303500286206e-192,-0.0006315352097275401,-0.09441605348462893
1770340435.8270795,1.0500000000000005,0.0,0.020073478564345302,1.3496864769484411,0.0,0.13999999999999996,0.0,-0.5,-0.18937893851392476,6.099727652270625e-192,0.00015093087496787476,-0.09484318130291586
1770340436.2623851,1.0500000000000005,0.0,0.020073478564345302,1.3496864769484411,0.0,0.13999999999999996,0.0,-0.5,-0.18937893851392476,4.624983971714118e-192,0.0005423073201460963,-0.09499976056155325
1770340436.6741972,1.0500000000000005,0.0,0.020073478564345302,1.3496864769484411,0.0,0.13999999999999996,0.0,-0.5,-0.18937893851392476,3.4695246242198857e-192,0.0012984414865348532,-0.09541430341686868
1770340437.0922384,1.0500000000000005,0.0,0.020073478564345302,1.3496864769484411,0.0,0.13999999999999996,0.0,-0.5,-0.18937893851392476,2.612564757604606e-192,-0.0005617017536892243,-0.09459463270414017
1770340437.5079768,1.0500000000000005,0.0,0.020073478564345302,1.3496864769484411,0.0,0.13999999999999996,0.0,-0.5,-0.18937893851392476,2.107072529093384e-192,-0.0003186561617351093,-0.09455444573529025
1770340437.9198623,1.0500000000000005,0.0,0.020073478564345302,1.3496864769484411,0.0,0.13999999999999996,0.0,-0.5,-0.18937893851392476,1.5430208121965097e-192,0.0005599858950387777,-0.09505732641015915
1770340438.345217,1.0500000000000005,0.0,0.020073478564345302,1.3496864769484411,0.0,0.13999999999999996,0.0,-0.5,-0.18937893851392476,1.2355543558796725e-192,-1.0319445754230952e-05,-0.09474134006816456
1770340438.7586365,1.0500000000000005,0.0,0.020073478564345302,1.3496864769484411,0.0,0.13999999999999996,0.0,-0.5,-0.18937893851392476,9.104340560447673e-193,0.0005821719240864107,-0.09503980435598965
1770340439.173938,1.0500000000000005,0.0,0.020073478564345302,1.3496864769484411,0.0,0.13999999999999996,0.0,-0.5,-0.18937893851392476,7.257439451275999e-193,0.00012173390537865243,-0.09479638001152248
1770340439.5927122,1.0500000000000005,0.0,0.020073478564345302,1.3496864769484411,0.0,0.13999999999999996,0.0,-0.5,-0.18937893851392476,5.545272054493654e-193,0.00030701438517933844,-0.09486150449753211
1770340440.0084956,1.0500000000000005,0.0,0.020073478564345302,1.3496864769484411,0.0,0.13999999999999996,0.0,-0.5,-0.18937893851392476,4.1507858005314965e-193,0.0006702985587665936,-0.0950609469537044
1770340440.421775,1.0500000000000005,0.0,0.020073478564345302,1.3496864769484411,0.0,0.13999999999999996,0.0,-0.5,-0.18937893851392476,3.219830428478215e-193,0.00025686494853679033,-0.09485924509225376
1770340440.8475292,1.0500000000000005,0.0,0.020073478564345302,1.3496864769484411,0.0,0.13999999999999996,0.0,-0.5,-0.18937893851392476,2.5049610111169474e-193,-0.0002264053630004775,-0.09462459360661588
1770340441.288074,1.0500000000000005,0.0,0.020073478564345302,1.3496864769484411,0.0,0.13999999999999996,0.0,-0.5,-0.18937893851392476,1.8904634121962723e-193,0.00043422058337821897,-0.09497264214328936
1770340441.7079346,1.0500000000000005,0.0,0.020073478564345302,1.3496864769484411,0.0,0.13999999999999996,0.0,-0.5,-0.18937893851392476,1.4628948495227277e-193,0.0006902232955259579,-0.09506018117594013
1770340442.1202264,1.0500000000000005,0.0,0.020073478564345302,1.3496864769484411,0.0,0.13999999999999996,0.0,-0.5,-0.18937893851392476,1.0816098289332919e-193,6.488361421630803e-05,-0.0947844450322015
1770340442.5319479,1.0500000000000005,0.0,0.020073478564345302,1.3496864769484411,0.0,0.13999999999999996,0.0,-0.5,-0.18937893851392476,9.839829418666766e-194,-0.00024025326576635614,-0.09459985631207747
1770340442.948768,1.0500000000000005,0.0,0.020073478564345302,1.3496864769484411,0.0,0.13999999999999996,0.0,-0.5,-0.18937893851392476,6.52561799704949e-194,-9.438328545572044e-05,-0.09465686461226558
1770340443.3634472,1.0500000000000005,0.0,0.020073478564345302,1.3496864769484411,0.0,0.13999999999999996,0.0,-0.5,-0.18937893851392476,4.93910828812152e-194,-0.0002551723418581544,-0.09457796199167355
1770340443.7825952,1.0500000000000005,0.0,0.020073478564345302,1.3496864769484411,0.0,0.13999999999999996,0.0,-0.5,-0.18937893851392476,3.852432517387714e-194,-8.52655781507578e-06,-0.09470987055645914
1770340444.2058935,1.0500000000000005,0.0,0.020073478564345302,1.3496864769484411,0.0,0.13999999999999996,0.0,-0.5,-0.18937893851392476,2.899232919433477e-194,-0.00032982391508999643,-0.09455668703514489
1770340444.6170352,1.0500000000000005,0.0,0.020073478564345302,1.3496864769484411,0.0,0.13999999999999996,0.0,-0.5,-0.18937893851392476,2.250563187640513e-194,-0.0005135062776463935,-0.09445108435439482
1770340445.0404747,1.0500000000000005,0.0,0.020073478564345302,1.3496864769484411,0.0,0.13999999999999996,0.0,-0.5,-0.18937893851392476,1.7039515292874516e-194,-0.0002617618008849769,-0.09458376280419603
1770340445.4580405,1.0500000000000005,0.0,0.020073478564345302,1.3496864769484411,0.0,0.13999999999999996,0.0,-0.5,-0.18937893851392476,1.3285275555173248e-194,-0.0007752158767763194,-0.09435320672616336
1770340445.8858802,1.0500000000000005,0.0,0.020073478564345302,1.3496864769484411,0.0,0.13999999999999996,0.0,-0.5,-0.18937893851392476,1.0004429743810029e-194,-0.0005673592884599653,-0.09442657527156403
1770340446.308448,1.0500000000000005,0.0,0.020073478564345302,1.3496864769484411,0.0,0.13999999999999996,0.0,-0.5,-0.18937893851392476,7.766979008059262e-195,-0.0007987416207560273,-0.09431323667981398
1770340446.7431705,1.0500000000000005,0.0,0.020073478564345302,1.3496864769484411,0.0,0.13999999999999996,0.0,-0.5,-0.18937893851392476,5.876518247679874e-195,0.00027323546579956156,-0.09493328469851771
1770340447.1753407,1.0500000000000005,0.0,0.020073478564345302,1.3496864769484411,0.0,0.13999999999999996,0.0,-0.5,-0.18937893851392476,4.444011997725351e-195,-0.0002161565951164415,-0.09463033016549575
1770340447.6042812,1.0500000000000005,0.0,0.020073478564345302,1.3496864769484411,0.0,0.13999999999999996,0.0,-0.5,-0.18937893851392476,3.3662901861167696e-195,-0.0009321167417719329,-0.09429500690074197
1770340448.026381,1.0500000000000005,0.0,0.020073478564345302,1.3496864769484411,0.0,0.13999999999999996,0.0,-0.5,-0.18937893851392476,2.6106140884995637e-195,-0.0002955838147741731,-0.09460533064227507
1770340448.452393,1.0500000000000005,0.0,0.020073478564345302,1.3496864769484411,0.0,0.13999999999999996,0.0,-0.5,-0.18937893851392476,1.9765482939284015e-195,-0.0004655250602609097,-0.0944737008513806
1770340448.862487,1.0500000000000005,0.0,0.020073478564345302,1.3496864769484411,0.0,0.13999999999999996,0.0,-0.5,-0.18937893851392476,1.5293562735100793e-195,-0.0002203850423304283,-0.09460379073759022
1770340449.2741733,1.0500000000000005,0.0,0.020073478564345302,1.3496864769484411,0.0,0.13999999999999996,0.0,-0.5,-0.18937893851392476,1.191002132090103e-195,-0.00020461590838693038,-0.09458873821616326
1770340449.709717,1.0500000000000005,0.0,0.020073478564345302,1.3496864769484411,0.0,0.13999999999999996,0.0,-0.5,-0.18937893851392476,9.144266698157241e-196,-0.0003133415098221174,-0.09454367106219484
1770340450.1188676,1.0500000000000005,0.0,0.020073478564345302,1.3496864769484411,0.0,0.13999999999999996,0.0,-0.5,-0.18937893851392476,6.821693987961134e-196,-0.0003552474797476122,-0.09451603611408113
1770340450.534364,1.0500000000000005,0.0,0.020073478564345302,1.3496864769484411,0.0,0.13999999999999996,0.0,-0.5,-0.18937893851392476,5.294309581390866e-196,1.7067289478514406e-05,-0.09473523437862424
1770340450.9489286,1.0500000000000005,0.0,0.020073478564345302,1.3496864769484411,0.0,0.13999999999999996,0.0,-0.5,-0.18937893851392476,4.110033792446398e-196,-0.00046075114737482287,-0.09450687552696031
1770340451.3635218,1.0500000000000005,0.0,0.020073478564345302,1.3496864769484411,0.0,0.13999999999999996,0.0,-0.5,-0.18937893851392476,3.1003438693464763e-196,-0.0010634583896481436,-0.09421801078636564
1770340451.7816858,1.0500000000000005,0.0,0.020073478564345302,1.3496864769484411,0.0,0.13999999999999996,0.0,-0.5,-0.18937893851392476,2.4142204539742395e-196,0.0006012936448797438,-0.09515659128285504
1770340452.1960037,1.0500000000000005,0.0,0.020073478564345302,1.3496864769484411,0.0,0.13999999999999996,0.0,-0.5,-0.18937893851392476,1.8294057962629336e-196,0.0001815270115649781,-0.09482220942607635
1770340452.604822,1.0500000000000005,0.0,0.020073478564345302,1.3496864769484411,0.0,0.13999999999999996,0.0,-0.5,-0.18937893851392476,1.4176472250471233e-196,0.00016345514894544356,-0.09477300401769706
1770340453.0204778,1.0500000000000005,0.0,0.020073478564345302,1.3496864769484411,0.0,0.13999999999999996,0.0,-0.5,-0.18937893851392476,1.105626721118982e-196,-0.0006367368521550997,-0.09445112003099489
1770340453.4427576,1.0500000000000005,0.0,0.020073478564345302,1.3496864769484411,0.0,0.13999999999999996,0.0,-0.5,-0.18937893851392476,8.326017592308337e-197,-0.0004417891571606517,-0.0944880694478815
1770340453.867983,1.0500000000000005,0.0,0.020073478564345302,1.3496864769484411,0.0,0.13999999999999996,0.0,-0.5,-0.18937893851392476,6.461641871943825e-197,0.00029206243087295363,-0.09490888563120221
1770340454.28989,1.0500000000000005,0.0,0.020073478564345302,1.3496864769484411,0.0,0.13999999999999996,0.0,-0.5,-0.18937893851392476,4.885650610675419e-197,-1.2506187697318563e-05,-0.09471367302497075
1770340454.7144914,1.0500000000000005,0.0,0.020073478564345302,1.3496864769484411,0.0,0.13999999999999996,0.0,-0.5,-0.18937893851392476,3.803837934645899e-197,-0.00026862245118590113,-0.09458076965771829
1770340455.127395,1.0500000000000005,0.0,0.020073478564345302,1.3496864769484411,0.0,0.13999999999999996,0.0,-0.5,-0.18937893851392476,2.8770323428538435e-197,0.0008256887495999268,-0.09521174475184092
1770340455.5412967,1.0500000000000005,0.0,0.020073478564345302,1.3496864769484411,0.0,0.13999999999999996,0.0,-0.5,-0.18937893851392476,2.2350957783539126e-197,0.0006052804361771372,-0.09501415030639322
1770340455.9556181,1.0500000000000005,0.0,0.020073478564345302,1.3496864769484411,0.0,0.13999999999999996,0.0,-0.5,-0.18937893851392476,1.6942506655708324e-197,1.886154196245257e-05,-0.09475754191736507
1770340456.3739192,1.0500000000000005,0.0,0.020073478564345302,1.3496864769484411,0.0,0.13999999999999996,0.0,-0.5,-0.18937893851392476,1.315699168448621e-197,8.82217890552353e-05,-0.09474051617619927
1770340456.7858274,1.0500000000000005,0.0,0.020073478564345302,1.3496864769484411,0.0,0.13999999999999996,0.0,-0.5,-0.18937893851392476,1.0166762260537701e-197,-2.282185621239587e-05,-0.09468916269338296
1770340457.199162,1.0500000000000005,0.0,0.020073478564345302,1.3496864769484411,0.0,0.13999999999999996,0.0,-0.5,-0.18937893851392476,7.750844147527216e-198,0.0014948397652992417,-0.09558865530176316
1770340457.6085143,1.0500000000000005,0.0,0.020073478564345302,1.3496864769484411,0.0,0.13999999999999996,0.0,-0.5,-0.18937893851392476,6.017876285284198e-198,-0.00014837097196117153,-0.09477960484470785
1770340458.0272803,1.0500000000000005,0.0,0.020073478564345302,1.3496864769484411,0.0,0.13999999999999996,0.0,-0.5,-0.18937893851392476,4.660260386314447e-198,-0.0011978978009331179,-0.094195473039393
1770340458.4490333,1.0500000000000005,0.0,0.020073478564345302,1.3496864769484411,0.0,0.13999999999999996,0.0,-0.5,-0.18937893851392476,3.507053023940048e-198,-0.0005292256355977433,-0.09449172365569705
1770340458.8641806,1.0500000000000005,0.0,0.020073478564345302,1.3496864769484411,0.0,0.13999999999999996,0.0,-0.5,-0.18937893851392476,2.7246061282918812e-198,-0.0005269846502521513,-0.09442620103037087
1770340459.2816103,1.0500000000000005,0.0,0.020073478564345302,1.3496864769484411,0.0,0.13999999999999996,0.0,-0.5,-0.18937893851392476,2.0847065455244947e-198,0.00011694551573401498,-0.09481233503142801
1770340459.6949503,1.0500000000000005,0.0,0.020073478564345302,1.3496864769484411,0.0,0.13999999999999996,0.0,-0.5,-0.18937893851392476,1.619812269421575e-198,-0.0006887308549692901,-0.09442567146654807
1770340460.114149,1.0500000000000005,0.0,0.020073478564345302,1.3496864769484411,0.0,0.13999999999999996,0.0,-0.5,-0.18937893851392476,1.2184055392306514e-198,-0.000361226947775307,-0.09454160617379413
1770340460.5294466,1.0500000000000005,0.0,0.020073478564345302,1.3496864769484411,0.0,0.13999999999999996,0.0,-0.5,-0.18937893851392476,9.529126775881104e-199,-0.000262414895139287,-0.09456814301465634
1770340460.9445806,1.0500000000000005,0.0,0.020073478564345302,1.3496864769484411,0.0,0.13999999999999996,0.0,-0.5,-0.18937893851392476,7.4118218959283635e-199,-0.0007417078813421753,-0.09436654461491158
1770340461.3712323,1.0500000000000005,0.0,0.020073478564345302,1.3496864769484411,0.0,0.13999999999999996,0.0,-0.5,-0.18937893851392476,5.591534751167965e-199,8.036231509157387e-06,-0.0947684617840021
1770340461.7816846,1.0500000000000005,0.0,0.020073478564345302,1.3496864769484411,0.0,0.13999999999999996,0.0,-0.5,-0.18937893851392476,4.36312403315917e-199,-0.0008286035385459382,-0.09435883146469493
1770340462.1952617,1.0500000000000005,0.0,0.020073478564345302,1.3496864769484411,0.0,0.13999999999999996,0.0,-0.5,-0.18937893851392476,3.3070600222253e-199,-0.0007477029265852336,-0.09432370785486582
1770340462.6123912,1.0500000000000005,0.0,0.020073478564345302,1.3496864769484411,0.0,0.13999999999999996,0.0,-0.5,-0.18937893851392476,2.5151150148528463e-199,0.0006772568614609436,-0.09517059366649747
1770340463.0487823,1.0500000000000005,0.0,0.020073478564345302,1.3496864769484411,0.0,0.13999999999999996,0.0,-0.5,-0.18937893851392476,2.4536322626356877e-199,0.00036950214941759875,-0.09490499580287552
1770340463.4827135,1.0500000000000005,0.0,0.020073478564345302,1.3496864769484411,0.0,0.13999999999999996,0.0,-0.5,-0.18937893851392476,1.4399121534063472e-199,-0.0003872674830969251,-0.09457151247866537
1770340463.90114,1.0500000000000005,0.0,0.020073478564345302,1.3496864769484411,0.0,0.13999999999999996,0.0,-0.5,-0.18937893851392476,1.144595643491988e-199,0.00031918086100736113,-0.09491970452187648
1770340464.3128796,1.0500000000000005,0.0,0.020073478564345302,1.3496864769484411,0.0,0.13999999999999996,0.0,-0.5,-0.18937893851392476,8.912329090294366e-200,0.0005747871947196423,-0.09500242348769343
1770340464.7363505,1.0500000000000005,0.0,0.020073478564345302,1.3496864769484411,0.0,0.13999999999999996,0.0,-0.5,-0.18937893851392476,6.755870752067092e-200,0.0005049453495120457,-0.09494892611623916
1770340465.154449,1.0500000000000005,0.0,0.020073478564345302,1.3496864769484411,0.0,0.13999999999999996,0.0,-0.5,-0.18937893851392476,5.117158926429121e-200,-0.00011967569314048248,-0.09469209351465739
1770340465.5679054,1.0500000000000005,0.0,0.020073478564345302,1.3496864769484411,0.0,0.13999999999999996,0.0,-0.5,-0.18937893851392476,3.855224312663539e-200,-9.87972290799542e-05,-0.09464215848882845
1770340466.007984,1.0500000000000005,0.0,0.020073478564345302,1.3496864769484411,0.0,0.13999999999999996,0.0,-0.5,-0.18937893851392476,3.068331170684489e-200,-0.00019545692799041443,-0.09460140676285822
1770340466.4278276,1.0500000000000005,0.0,0.020073478564345302,1.3496864769484411,0.0,0.13999999999999996,0.0,-0.5,-0.18937893851392476,2.3536620665511215e-200,-0.00021152844468960073,-0.09458531218628749
1770340466.8526013,1.0500000000000005,0.0,0.020073478564345302,1.3496864769484411,0.0,0.13999999999999996,0.0,-0.5,-0.18937893851392476,1.713254008212619e-200,0.00032644194318347887,-0.09490648726734144
1770340467.2743123,1.0500000000000005,0.0,0.020073478564345302,1.3496864769484411,0.0,0.13999999999999996,0.0,-0.5,-0.18937893851392476,1.2960234150569287e-200,0.00012184900315997645,-0.09477085305254472
1770340467.6902823,1.0500000000000005,0.0,0.020073478564345302,1.3496864769484411,0.0,0.13999999999999996,0.0,-0.5,-0.18937893851392476,1.0066029478760474e-200,0.0009618976065030714,-0.09525442292054823
1770340468.1035576,1.0500000000000005,0.0,0.020073478564345302,1.3496864769484411,0.0,0.13999999999999996,0.0,-0.5,-0.18937893851392476,7.812954322192765e-201,-0.0006351531913218519,-0.09453159774108395
1770340468.5211833,1.0500000000000005,0.0,0.020073478564345302,1.3496864769484411,0.0,0.13999999999999996,0.0,-0.5,-0.18937893851392476,5.89889538260841e-201,-8.653639198343409e-05,-0.0947010627409045
1770340468.9429877,1.0500000000000005,0.0,0.020073478564345302,1.3496864769484411,0.0,0.13999999999999996,0.0,-0.5,-0.18937893851392476,4.5888655043463725e-201,-0.0005430947689587014,-0.09446357771018056
1770340469.3725562,1.0500000000000005,0.0,0.020073478564345302,1.3496864769484411,0.0,0.13999999999999996,0.0,-0.5,-0.18937893851392476,3.4631037786764614e-201,0.0002922899014982859,-0.09491915267475723
1770340469.78891,1.0500000000000005,0.0,0.020073478564345302,1.3496864769484411,0.0,0.13999999999999996,0.0,-0.5,-0.18937893851392476,2.6952870371102662e-201,-0.0007747670083395366,-0.0944087914437764
1770340470.2059395,1.0500000000000005,0.0,0.020073478564345302,1.3496864769484411,0.0,0.13999999999999996,0.0,-0.5,-0.18937893851392476,2.5618713591880935e-201,-0.00010045803406764156,-0.09470667113735576
1770340470.6199286,1.0500000000000005,0.0,0.020073478564345302,1.3496864769484411,0.0,0.13999999999999996,0.0,-0.5,-0.18937893851392476,1.5842608217842992e-201,-0.0005209426582079952,-0.09447104639027243
1770340471.033664,1.0500000000000005,0.0,0.020073478564345302,1.3496864769484411,0.0,0.13999999999999996,0.0,-0.5,-0.18937893851392476,1.2283713745001173e-201,-0.00019697899735811818,-0.0946233761243683
1770340471.4468777,1.0500000000000005,0.0,0.020073478564345302,1.3496864769484411,0.0,0.13999999999999996,0.0,-0.5,-0.18937893851392476,9.258022237191585e-202,-8.929380408567538e-05,-0.09465559087424678
1770340471.8618288,1.0500000000000005,0.0,0.020073478564345302,1.3496864769484411,0.0,0.13999999999999996,0.0,-0.5,-0.18937893851392476,8.606977512723546e-202,-0.0009199108632665618,-0.09431257553124718
1770340472.2797048,1.0500000000000005,0.0,0.020073478564345302,1.3496864769484411,0.0,0.13999999999999996,0.0,-0.5,-0.18937893851392476,5.457560917045638e-202,1.7042796284380925e-05,-0.09479168602105967
1770340472.6923704,1.0500000000000005,0.0,0.020073478564345302,1.3496864769484411,0.0,0.13999999999999996,0.0,-0.5,-0.18937893851392476,4.239972611599071e-202,0.00018030760382318074,-0.09479594953962785
1770340473.11994,1.0500000000000005,0.0,0.020073478564345302,1.3496864769484411,0.0,0.13999999999999996,0.0,-0.5,-0.18937893851392476,3.202107113785605e-202,-5.290959879007402e-05,-0.09468633617782868
1770340473.5351613,1.0500000000000005,0.0,0.020073478564345302,1.3496864769484411,0.0,0.13999999999999996,0.0,-0.5,-0.18937893851392476,2.4880085994763227e-202,-0.000490280921015646,-0.09448806592867712
1770340473.950694,1.0500000000000005,0.0,0.020073478564345302,1.3496864769484411,0.0,0.13999999999999996,0.0,-0.5,-0.18937893851392476,1.931738243919812e-202,-0.0005993002157514183,-0.09440072107856025
1770340474.3699467,1.0500000000000005,0.0,0.020073478564345302,1.3496864769484411,0.0,0.13999999999999996,0.0,-0.5,-0.18937893851392476,1.462227514723227e-202,-0.0005273824842401686,-0.09443296978799343
1770340474.7805495,1.0500000000000005,0.0,0.020073478564345302,1.3496864769484411,0.0,0.13999999999999996,0.0,-0.5,-0.18937893851392476,1.134276636886703e-202,-0.0003364349789381044,-0.09454034651802354
1770340475.2029545,1.0500000000000005,0.0,0.020073478564345302,1.3496864769484411,0.0,0.13999999999999996,0.0,-0.5,-0.18937893851392476,8.584588635595177e-203,-0.0005142499909189306,-0.094450125762701
1770340475.6168332,1.0500000000000005,0.0,0.020073478564345302,1.3496864769484411,0.0,0.13999999999999996,0.0,-0.5,-0.18937893851392476,6.673980485391323e-203,0.00011940589161250843,-0.09481253779102178
1770340476.044264,1.0500000000000005,0.0,0.020073478564345302,1.3496864769484411,0.0,0.13999999999999996,0.0,-0.5,-0.18937893851392476,5.042171356645629e-203,-0.0003492501937763705,-0.09456170976861308
1770340476.4637764,1.0500000000000005,0.0,0.020073478564345302,1.3496864769484411,0.0,0.13999999999999996,0.0,-0.5,-0.18937893851392476,3.91294892340813e-203,-0.00029137507478834183,-0.09454956923146701
1770340476.8834777,1.0500000000000005,0.0,0.020073478564345302,1.3496864769484411,0.0,0.13999999999999996,0.0,-0.5,-0.18937893851392476,2.9656347327043706e-203,0.0005457710259186496,-0.09504606937999241
1770340477.3095849,1.0500000000000005,0.0,0.020073478564345302,1.3496864769484411,0.0,0.13999999999999996,0.0,-0.5,-0.18937893851392476,2.2995634400344176e-203,-2.51935220362849e-05,-0.09473396895073974
1770340477.7246432,1.0500000000000005,0.0,0.020073478564345302,1.3496864769484411,0.0,0.13999999999999996,0.0,-0.5,-0.18937893851392476,1.74051977647104e-203,-0.000402361780188845,-0.09452600519268321
1770340478.1477385,1.0500000000000005,0.0,0.020073478564345302,1.3496864769484411,0.0,0.13999999999999996,0.0,-0.5,-0.18937893851392476,1.349877554443626e-203,5.2779734352165534e-05,-0.09476137327559256
1770340478.5704143,1.0500000000000005,0.0,0.020073478564345302,1.3496864769484411,0.0,0.13999999999999996,0.0,-0.5,-0.18937893851392476,1.0225599700688509e-203,0.0003407505144619886,-0.09488864159220436
1770340478.990769,1.0500000000000005,0.0,0.020073478564345302,1.3496864769484411,0.0,0.13999999999999996,0.0,-0.5,-0.18937893851392476,7.934519414846564e-204,0.000301692906666504,-0.09484422147107519
1770340479.4103212,1.0500000000000005,0.0,0.020073478564345302,1.3496864769484411,0.0,0.13999999999999996,0.0,-0.5,-0.18937893851392476,6.000462086805541e-204,-0.0005596935607698088,-0.0944957611233211
1770340479.8543193,1.0500000000000005,0.0,0.020073478564345302,1.3496864769484411,0.0,0.13999999999999996,0.0,-0.5,-0.18937893851392476,4.544967883701083e-204,0.0004089179354492998,-0.09499078937430895
1770340480.2702794,1.0500000000000005,0.0,0.020073478564345302,1.3496864769484411,0.0,0.13999999999999996,0.0,-0.5,-0.18937893851392476,3.5469935947717795e-204,-0.00022688137997935794,-0.09463960849851556
1770340480.6821656,1.0500000000000005,0.0,0.020073478564345302,1.3496864769484411,0.0,0.13999999999999996,0.0,-0.5,-0.18937893851392476,2.6690755013576565e-204,-9.432816524288513e-05,-0.09465556049581458
1770340481.1156704,1.0500000000000005,0.0,0.020073478564345302,1.3496864769484411,0.0,0.13999999999999996,0.0,-0.5,-0.18937893851392476,2.0212601253812603e-204,0.00022414996799850724,-0.09483339205428577
1770340481.552226,1.0500000000000005,0.0,0.020073478564345302,1.3496864769484411,0.0,0.13999999999999996,0.0,-0.5,-0.18937893851392476,1.5688063265150995e-204,-3.208388724081253e-05,-0.0946990506988659
1770340481.9835432,1.0500000000000005,0.0,0.020073478564345302,1.3496864769484411,0.0,0.13999999999999996,0.0,-0.5,-0.18937893851392476,1.1890221827806924e-204,-0.00041588353655344434,-0.09451990745361692
1770340482.4269843,1.0500000000000005,0.0,0.020073478564345302,1.3496864769484411,0.0,0.13999999999999996,0.0,-0.5,-0.18937893851392476,9.015115214114803e-205,0.00011424209056541608,-0.09479960286495696
1770340482.8510451,1.0500000000000005,0.0,0.020073478564345302,1.3496864769484411,0.0,0.13999999999999996,0.0,-0.5,-0.18937893851392476,6.812632272441089e-205,0.00044799717274255366,-0.09494684335155137
1770340483.2789593,1.0500000000000005,0.0,0.020073478564345302,1.3496864769484411,0.0,0.13999999999999996,0.0,-0.5,-0.18937893851392476,5.142822461790886e-205,0.0008473237038562105,-0.09515306376200185
1770340483.6912856,1.0500000000000005,0.0,0.020073478564345302,1.3496864769484411,0.0,0.13999999999999996,0.0,-0.5,-0.18937893851392476,4.040002120207617e-205,0.0008986349254049227,-0.09514391784181972
1770340484.1041024,1.0500000000000005,0.0,0.020073478564345302,1.3496864769484411,0.0,0.13999999999999996,0.0,-0.5,-0.18937893851392476,3.13297398794818e-205,0.0005838554719660175,-0.09501287493828928
1770340484.521984,1.0500000000000005,0.0,0.020073478564345302,1.3496864769484411,0.0,0.13999999999999996,0.0,-0.5,-0.18937893851392476,2.378843508174877e-205,0.0005491765976151295,-0.09496752544320504
1770340484.9627461,1.0500000000000005,0.0,0.020073478564345302,1.3496864769484411,0.0,0.13999999999999996,0.0,-0.5,-0.18937893851392476,1.8091728484036977e-205,0.00021089762543289215,-0.09482874596689705
1770340485.3792007,1.0500000000000005,0.0,0.020073478564345302,1.3496864769484411,0.0,0.13999999999999996,0.0,-0.5,-0.18937893851392476,1.4069390739948748e-205,0.0006601526783098692,-0.09506447110140502
1770340485.8104994,1.0500000000000005,0.0,0.020073478564345302,1.3496864769484411,0.0,0.13999999999999996,0.0,-0.5,-0.18937893851392476,1.0418070805111787e-205,-0.0003064345012653772,-0.09463291072428721
1770340486.2543075,1.0500000000000005,0.0,0.020073478564345302,1.3496864769484411,0.0,0.13999999999999996,0.0,-0.5,-0.18937893851392476,9.652137853276356e-206,0.000957547252217539,-0.09529464105841944
1770340486.6673794,1.0500000000000005,0.0,0.020073478564345302,1.3496864769484411,0.0,0.13999999999999996,0.0,-0.5,-0.18937893851392476,6.253408276474161e-206,0.0014001561968604562,-0.09543380824985691
1770340487.0847404,1.0500000000000005,0.0,0.020073478564345302,1.3496864769484411,0.0,0.13999999999999996,0.0,-0.5,-0.18937893851392476,4.7363579411184126e-206,0.0006351604628341727,-0.0950835490617821
1770340487.496554,1.0500000000000005,0.0,0.020073478564345302,1.3496864769484411,0.0,0.13999999999999996,0.0,-0.5,-0.18937893851392476,3.6790689745047365e-206,-0.000503411060393777,-0.09455162087908828
1770340487.9146748,1.0500000000000005,0.0,0.020073478564345302,1.3496864769484411,0.0,0.13999999999999996,0.0,-0.5,-0.18937893851392476,2.776506689041025e-206,-0.00021851121338754815,-0.09460870363496923
1770340488.332153,1.0500000000000005,0.0,0.020073478564345302,1.3496864769484411,0.0,0.13999999999999996,0.0,-0.5,-0.18937893851392476,2.164734267917462e-206,0.0004789433684389875,-0.09499868639936453
1770340488.7523916,1.0500000000000005,0.0,0.020073478564345302,1.3496864769484411,0.0,0.13999999999999996,0.0,-0.5,-0.18937893851392476,1.6835171039394837e-206,0.0005394733909680155,-0.09496525895469929
1770340489.1653163,1.0500000000000005,0.0,0.020073478564345302,1.3496864769484411,0.0,0.13999999999999996,0.0,-0.5,-0.18937893851392476,1.2398056772803356e-206,-8.91169806033344e-05,-0.09470776980381786
1770340489.5800674,1.0500000000000005,0.0,0.020073478564345302,1.3496864769484411,0.0,0.13999999999999996,0.0,-0.5,-0.18937893851392476,9.909516896315747e-207,-0.00017860792063175644,-0.09460911439064934
1770340489.999161,1.0500000000000005,0.0,0.020073478564345302,1.3496864769484411,0.0,0.13999999999999996,0.0,-0.5,-0.18937893851392476,7.274877272278231e-207,-0.0006227244133563741,-0.09442251869955666
1770340490.4181483,1.0500000000000005,0.0,0.020073478564345302,1.3496864769484411,0.0,0.13999999999999996,0.0,-0.5,-0.18937893851392476,5.828527604355906e-207,-0.0007164280494023508,-0.0943406255958658
1770340490.8253412,1.0500000000000005,0.0,0.020073478564345302,1.3496864769484411,0.0,0.13999999999999996,0.0,-0.5,-0.18937893851392476,4.3874019548906124e-207,0.00041760287766830196,-0.09501167378850359
1770340491.2559924,1.0500000000000005,0.0,0.020073478564345302,1.3496864769484411,0.0,0.13999999999999996,0.0,-0.5,-0.18937893851392476,3.319846934208079e-207,-0.0010799572700709444,-0.09429924663670082
1770340491.67172,1.0500000000000005,0.0,0.020073478564345302,1.3496864769484411,0.0,0.13999999999999996,0.0,-0.5,-0.18937893851392476,2.6626025017666875e-207,-0.00039934036789191006,-0.09455786076323433
1770340492.0929506,1.0500000000000005,0.0,0.020073478564345302,1.3496864769484411,0.0,0.13999999999999996,0.0,-0.5,-0.18937893851392476,2.0150171177167518e-207,-0.000610055029006945,-0.09440551320857042
1770340492.5095904,1.0500000000000005,0.0,0.020073478564345302,1.3496864769484411,0.0,0.13999999999999996,0.0,-0.5,-0.18937893851392476,1.5588365924147358e-207,-0.0006707321010111483,-0.09436017091365723
1770340492.9375966,1.0500000000000005,0.0,0.020073478564345302,1.3496864769484411,0.0,0.13999999999999996,0.0,-0.5,-0.18937893851392476,1.1855894847642655e-207,-0.0007683250633350807,-0.09431506602152724
1770340493.3597336,1.0500000000000005,0.0,0.020073478564345302,1.3496864769484411,0.0,0.13999999999999996,0.0,-0.5,-0.18937893851392476,8.876925030541113e-208,-0.00033772540428872835,-0.09456366652072265
1770340493.782627,1.0500000000000005,0.0,0.020073478564345302,1.3496864769484411,0.0,0.13999999999999996,0.0,-0.5,-0.18937893851392476,6.967409096186344e-208,-0.0010592433957776288,-0.09423199935822246
1770340494.1981745,1.0500000000000005,0.0,0.020073478564345302,1.3496864769484411,0.0,0.13999999999999996,0.0,-0.5,-0.18937893851392476,5.091420428970206e-208,0.00012451035692744912,-0.09487009981069662
1770340494.6154041,1.0500000000000005,0.0,0.020073478564345302,1.3496864769484411,0.0,0.13999999999999996,0.0,-0.5,-0.18937893851392476,3.936935767544245e-208,-0.001306559373247606,-0.09417929654335608
1770340495.031892,1.0500000000000005,0.0,0.020073478564345302,1.3496864769484411,0.0,0.13999999999999996,0.0,-0.5,-0.18937893851392476,3.1788135157195757e-208,-0.0006627823786684243,-0.09442245576708608
1770340495.4484751,1.0500000000000005,0.0,0.020073478564345302,1.3496864769484411,0.0,0.13999999999999996,0.0,-0.5,-0.18937893851392476,2.319714085337221e-208,-0.0006930769514036836,-0.09434596023853406
1770340495.8697572,1.0500000000000005,0.0,0.020073478564345302,1.3496864769484411,0.0,0.13999999999999996,0.0,-0.5,-0.18937893851392476,1.8044922728455915e-208,-0.0001497356458948526,-0.09466893556456583
1770340496.282729,1.0500000000000005,0.0,0.020073478564345302,1.3496864769484411,0.0,0.13999999999999996,0.0,-0.5,-0.18937893851392476,1.362273230004513e-208,-0.0002993667846642586,-0.0945547489785072
1770340496.7057676,1.0500000000000005,0.0,0.020073478564345302,1.3496864769484411,0.0,0.13999999999999996,0.0,-0.5,-0.18937893851392476,1.051493958698752e-208,-0.0004666139578297003,-0.09447288699536407
1770340497.1270587,1.0500000000000005,0.0,0.020073478564345302,1.3496864769484411,0.0,0.13999999999999996,0.0,-0.5,-0.18937893851392476,8.002173766008048e-209,-0.0005017448698783235,-0.09444210991322807
1770340497.5412493,1.0500000000000005,0.0,0.020073478564345302,1.3496864769484411,0.0,0.13999999999999996,0.0,-0.5,-0.18937893851392476,6.215035124031737e-209,-0.000950275671688482,-0.09425918450129915
1770340497.952161,1.0500000000000005,0.0,0.020073478564345302,1.3496864769484411,0.0,0.13999999999999996,0.0,-0.5,-0.18937893851392476,4.818029858449967e-209,-0.0005632516090591211,-0.09444654585869576
1770340498.3631806,1.0500000000000005,0.0,0.020073478564345302,1.3496864769484411,0.0,0.13999999999999996,0.0,-0.5,-0.18937893851392476,3.650498167465726e-209,-0.0006866154121851185,-0.09435849793118242
1770340498.7779708,1.0500000000000005,0.0,0.020073478564345302,1.3496864769484411,0.0,0.13999999999999996,0.0,-0.5,-0.18937893851392476,2.8312781985150575e-209,-0.00018363290477259976,-0.09464795105531733
1770340499.1922812,1.0500000000000005,0.0,0.020073478564345302,1.3496864769484411,0.0,0.13999999999999996,0.0,-0.5,-0.18937893851392476,2.1984364439606586e-209,-0.0010462956012249512,-0.09425258772599514
1770340499.6054213,1.0500000000000005,0.0,0.020073478564345302,1.3496864769484411,0.0,0.13999999999999996,0.0,-0.5,-0.18937893851392476,1.6662738587250113e-209,0.00026337413196864107,-0.09495212329626607
1770340500.021944,1.0500000000000005,0.0,0.020073478564345302,1.3496864769484411,0.0,0.13999999999999996,0.0,-0.5,-0.18937893851392476,1.2950167190327245e-209,-0.00012667674145646262,-0.09466513597357666
1770340500.4336855,1.0500000000000005,0.0,0.020073478564345302,1.3496864769484411,0.0,0.13999999999999996,0.0,-0.5,-0.18937893851392476,9.774424350363055e-210,-0.0001275491644302394,-0.09462578191704463
1770340500.8534307,1.0500000000000005,0.0,0.020073478564345302,1.3496864769484411,0.0,0.13999999999999996,0.0,-0.5,-0.18937893851392476,9.51225381863487e-210,-0.00032350673752174007,-0.09454731164551065
1770340501.2790022,1.0500000000000005,0.0,0.020073478564345302,1.3496864769484411,0.0,0.13999999999999996,0.0,-0.5,-0.18937893851392476,5.7406144770119884e-210,-0.00015728156155318606,-0.09462745099378266
1770340501.6928914,1.0500000000000005,0.0,0.020073478564345302,1.3496864769484411,0.0,0.13999999999999996,0.0,-0.5,-0.18937893851392476,4.456526387386141e-210,-0.0003549723647538103,-0.09453175215490553
1770340502.108211,1.0500000000000005,0.0,0.020073478564345302,1.3496864769484411,0.0,0.13999999999999996,0.0,-0.5,-0.18937893851392476,3.494004614911013e-210,0.0005590609900937723,-0.09506040308749403
1770340502.5262263,1.0500000000000005,0.0,0.020073478564345302,1.3496864769484411,0.0,0.13999999999999996,0.0,-0.5,-0.18937893851392476,2.653342499297838e-210,0.0009486137575806309,-0.09520273141250138
1770340502.9524696,1.0500000000000005,0.0,0.020073478564345302,1.3496864769484411,0.0,0.13999999999999996,0.0,-0.5,-0.18937893851392476,2.051914071604418e-210,5.107436687517674e-05,-0.09480476037947051
1770340503.36348,1.0500000000000005,0.0,0.020073478564345302,1.3496864769484411,0.0,0.13999999999999996,0.0,-0.5,-0.18937893851392476,1.5531241201784768e-210,-0.0002985103363956511,-0.09457517255909163
1770340503.7850118,1.0500000000000005,0.0,0.020073478564345302,1.3496864769484411,0.0,0.13999999999999996,0.0,-0.5,-0.18937893851392476,1.2086748565082611e-210,0.00028597064777497795,-0.09489090267926693
1770340504.2035875,1.0500000000000005,0.0,0.020073478564345302,1.3496864769484411,0.0,0.13999999999999996,0.0,-0.5,-0.18937893851392476,9.15989436869421e-211,0.00014727675465988472,-0.09477697702360384
1770340504.6161895,1.0500000000000005,0.0,0.020073478564345302,1.3496864769484411,0.0,0.13999999999999996,0.0,-0.5,-0.18937893851392476,7.122383881914371e-211,0.00015701650494006361,-0.09476895148446043
1770340505.0246286,1.0500000000000005,0.0,0.020073478564345302,1.3496864769484411,0.0,0.13999999999999996,0.0,-0.5,-0.18937893851392476,5.507393195626056e-211,7.107953861060462e-06,-0.0947080140890008
1770340505.4369152,1.0500000000000005,0.0,0.020073478564345302,1.3496864769484411,0.0,0.13999999999999996,0.0,-0.5,-0.18937893851392476,4.189446018325516e-211,-0.0005230539353264976,-0.09448095847821789
1770340505.8497782,1.0500000000000005,0.0,0.020073478564345302,1.3496864769484411,0.0,0.13999999999999996,0.0,-0.5,-0.18937893851392476,3.1816812347664197e-211,0.00012705606628207047,-0.09481800829026428
1770340506.2737727,1.0500000000000005,0.0,0.020073478564345302,1.3496864769484411,0.0,0.13999999999999996,0.0,-0.5,-0.18937893851392476,2.52030788529556e-211,-0.0003381277461562545,-0.0945669237651281
1770340506.6894119,1.0500000000000005,0.0,0.020073478564345302,1.3496864769484411,0.0,0.13999999999999996,0.0,-0.5,-0.18937893851392476,1.876267576219539e-211,-0.0002656964747079192,-0.09456386414675326
1770340507.1119907,1.0500000000000005,0.0,0.020073478564345302,1.3496864769484411,0.0,0.13999999999999996,0.0,-0.5,-0.18937893851392476,1.4716406857291076e-211,-0.00037932521221833326,-0.09451116952460425
1770340507.5249565,1.0500000000000005,0.0,0.020073478564345302,1.3496864769484411,0.0,0.13999999999999996,0.0,-0.5,-0.18937893851392476,1.12042626046964e-211,-0.00011610739838775534,-0.09465773733915156
1770340507.9582515,1.0500000000000005,0.0,0.020073478564345302,1.3496864769484411,0.0,0.13999999999999996,0.0,-0.5,-0.18937893851392476,1.0161268885591824e-211,-0.0009012163701153061,-0.09431737196907748
1770340508.3959312,1.0500000000000005,0.0,0.020073478564345302,1.3496864769484411,0.0,0.13999999999999996,0.0,-0.5,-0.18937893851392476,6.406886597215724e-212,-0.001057433610019616,-0.094176374175943
1770340508.823966,1.0500000000000005,0.0,0.020073478564345302,1.3496864769484411,0.0,0.13999999999999996,0.0,-0.5,-0.18937893851392476,4.96571726851665e-212,-0.0010664724827526492,-0.09415713690285936
1770340509.254445,1.0500000000000005,0.0,0.020073478564345302,1.3496864769484411,0.0,0.13999999999999996,0.0,-0.5,-0.18937893851392476,3.726366428610867e-212,-0.0011364453914942728,-0.09412824385208941
1770340509.6837707,1.0500000000000005,0.0,0.020073478564345302,1.3496864769484411,0.0,0.13999999999999996,0.0,-0.5,-0.18937893851392476,2.8487864990678057e-212,-5.828626937352738e-05,-0.0947681420344877
1770340510.1058965,1.0500000000000005,0.0,0.020073478564345302,1.3496864769484411,0.0,0.13999999999999996,0.0,-0.5,-0.18937893851392476,2.2078548533615406e-212,-0.00013340240635814,-0.09463027966748176
1770340510.5260866,1.0500000000000005,0.0,0.020073478564345302,1.3496864769484411,0.0,0.13999999999999996,0.0,-0.5,-0.18937893851392476,1.6707594566914275e-212,-0.0004583753779586531,-0.09449277886514311
1770340510.9486976,1.0500000000000005,0.0,0.020073478564345302,1.3496864769484411,0.0,0.13999999999999996,0.0,-0.5,-0.18937893851392476,1.2923895637504288e-212,0.0004175422141005254,-0.09498583212321857
1770340511.36553,1.0500000000000005,0.0,0.020073478564345302,1.3496864769484411,0.0,0.13999999999999996,0.0,-0.5,-0.18937893851392476,9.675733110406908e-213,-0.00038628536434260447,-0.0945767093326354
1770340511.780385,1.0500000000000005,0.0,0.020073478564345302,1.3496864769484411,0.0,0.13999999999999996,0.0,-0.5,-0.18937893851392476,7.648327527913799e-213,-0.00047844278299308165,-0.09445946360733089
1770340512.193256,1.0500000000000005,0.0,0.020073478564345302,1.3496864769484411,0.0,0.13999999999999996,0.0,-0.5,-0.18937893851392476,5.945169418893056e-213,-0.00012976410841511002,-0.09465945507021262
1770340512.6026921,1.0500000000000005,0.0,0.020073478564345302,1.3496864769484411,0.0,0.13999999999999996,0.0,-0.5,-0.18937893851392476,4.4127981914593905e-213,-0.0003824886963963505,-0.09452349736756233
1770340513.0200016,1.0500000000000005,0.0,0.020073478564345302,1.3496864769484411,0.0,0.13999999999999996,0.0,-0.5,-0.18937893851392476,3.423176839637954e-213,3.379881308675147e-05,-0.09474799741445405
1770340513.4445517,1.0500000000000005,0.0,0.020073478564345302,1.3496864769484411,0.0,0.13999999999999996,0.0,-0.5,-0.18937893851392476,2.5744738401367573e-213,-0.0003111769839758042,-0.09456837834468072
1770340513.8555772,1.0500000000000005,0.0,0.020073478564345302,1.3496864769484411,0.0,0.13999999999999996,0.0,-0.5,-0.18937893851392476,2.048298153254596e-213,0.00045055189856105736,-0.0949909180944966
1770340514.2786915,1.0500000000000005,0.0,0.020073478564345302,1.3496864769484411,0.0,0.13999999999999996,0.0,-0.5,-0.18937893851392476,1.5477835048967285e-213,-5.63080942061015e-05,-0.09471200120913605
1770340514.694277,1.0500000000000005,0.0,0.020073478564345302,1.3496864769484411,0.0,0.13999999999999996,0.0,-0.5,-0.18937893851392476,1.1990200506171112e-213,0.000455359285064466,-0.09496831563742167
1770340515.104281,1.0500000000000005,0.0,0.020073478564345302,1.3496864769484411,0.0,0.13999999999999996,0.0,-0.5,-0.18937893851392476,9.322206632352207e-214,0.0002421055389720185,-0.09483184740105764
1770340515.5194316,1.0500000000000005,0.0,0.020073478564345302,1.3496864769484411,0.0,0.13999999999999996,0.0,-0.5,-0.18937893851392476,7.046099462196652e-214,0.0005661410470125956,-0.09500494333127274
1770340515.9332488,1.0500000000000005,0.0,0.020073478564345302,1.3496864769484411,0.0,0.13999999999999996,0.0,-0.5,-0.18937893851392476,5.471069079558832e-214,-0.00019381910935926445,-0.09466855571791993
1770340516.3661132,1.0500000000000005,0.0,0.020073478564345302,1.3496864769484411,0.0,0.13999999999999996,0.0,-0.5,-0.18937893851392476,4.139173367106442e-214,-0.00021280554172589206,-0.09458496512933609
1770340516.7797046,1.0500000000000005,0.0,0.020073478564345302,1.3496864769484411,0.0,0.13999999999999996,0.0,-0.5,-0.18937893851392476,3.1639736445478698e-214,0.00034729202244193483,-0.09491912502460013
1770340517.1976044,1.0500000000000005,0.0,0.020073478564345302,1.3496864769484411,0.0,0.13999999999999996,0.0,-0.5,-0.18937893851392476,2.38999506409193e-214,0.0007239451293575501,-0.09508910713233272
1770340517.6064315,1.0500000000000005,0.0,0.020073478564345302,1.3496864769484411,0.0,0.13999999999999996,0.0,-0.5,-0.18937893851392476,1.9007967147388616e-214,0.0002946874889839911,-0.09487973876549173
1770340518.0183103,1.0500000000000005,0.0,0.020073478564345302,1.3496864769484411,0.0,0.13999999999999996,0.0,-0.5,-0.18937893851392476,1.4396435420309581e-214,-0.0007840957182361096,-0.09440529971856633
1770340518.432139,1.0500000000000005,0.0,0.020073478564345302,1.3496864769484411,0.0,0.13999999999999996,0.0,-0.5,-0.18937893851392476,1.1188184859783373e-214,-0.00028096048825874937,-0.09459930253583075
1770340518.8549504,1.0500000000000005,0.0,0.020073478564345302,1.3496864769484411,0.0,0.13999999999999996,0.0,-0.5,-0.18937893851392476,8.773076536438478e-215,0.00025102505834833017,-0.09486818034079726
1770340519.2750828,1.0500000000000005,0.0,0.020073478564345302,1.3496864769484411,0.0,0.13999999999999996,0.0,-0.5,-0.18937893851392476,6.420009391946233e-215,0.0005781873029194241,-0.0950112791328792
1770340519.6988575,1.0500000000000005,0.0,0.020073478564345302,1.3496864769484411,0.0,0.13999999999999996,0.0,-0.5,-0.18937893851392476,4.976025754060664e-215,-0.0004974723042170384,-0.09454829906556751
1770340520.1170754,1.0500000000000005,0.0,0.020073478564345302,1.3496864769484411,0.0,0.13999999999999996,0.0,-0.5,-0.18937893851392476,3.9093351042772477e-215,0.00037916369690714957,-0.09496671470552838
1770340520.533042,1.0500000000000005,0.0,0.020073478564345302,1.3496864769484411,0.0,0.13999999999999996,0.0,-0.5,-0.18937893851392476,2.920609196285803e-215,0.00046245396632320514,-0.09492902526706559
1770340520.94664,1.0500000000000005,0.0,0.020073478564345302,1.3496864769484411,0.0,0.13999999999999996,0.0,-0.5,-0.18937893851392476,2.2402056311792683e-215,-0.0008075732062712747,-0.09441268537108619
1770340521.360863,1.0500000000000005,0.0,0.020073478564345302,1.3496864769484411,0.0,0.13999999999999996,0.0,-0.5,-0.18937893851392476,1.7174721153072e-215,0.0011745819850656732,-0.09547497576862891
1770340521.7777157,1.0500000000000005,0.0,0.020073478564345302,1.3496864769484411,0.0,0.13999999999999996,0.0,-0.5,-0.18937893851392476,1.33086043390606e-215,-7.692961794255405e-05,-0.09477615560829192
1770340522.1905289,1.0500000000000005,0.0,0.020073478564345302,1.3496864769484411,0.0,0.13999999999999996,0.0,-0.5,-0.18937893851392476,1.0262447797738556e-215,-0.000521677112637528,-0.09447310545011312
1770340522.6247153,1.0500000000000005,0.0,0.020073478564345302,1.3496864769484411,0.0,0.13999999999999996,0.0,-0.5,-0.18937893851392476,7.793560124628929e-216,-0.0001350634947886303,-0.09466059887135296
1770340523.0585067,1.0500000000000005,0.0,0.020073478564345302,1.3496864769484411,0.0,0.13999999999999996,0.0,-0.5,-0.18937893851392476,5.918897286497571e-216,-0.0007073956937742366,-0.09439300462997383
1770340523.482271,1.0500000000000005,0.0,0.020073478564345302,1.3496864769484411,0.0,0.13999999999999996,0.0,-0.5,-0.18937893851392476,4.495352535234306e-216,-0.00029612421055996783,-0.09458253430000382
1770340523.89934,1.0500000000000005,0.0,0.020073478564345302,1.3496864769484411,0.0,0.13999999999999996,0.0,-0.5,-0.18937893851392476,3.477616167861745e-216,-0.0008181244049716632,-0.09433260707391772
1770340524.3192575,1.0500000000000005,0.0,0.020073478564345302,1.3496864769484411,0.0,0.13999999999999996,0.0,-0.5,-0.18937893851392476,2.6290909880341883e-216,-0.0007461739402255239,-0.09432357733332423
1770340524.7448976,1.0500000000000005,0.0,0.020073478564345302,1.3496864769484411,0.0,0.13999999999999996,0.0,-0.5,-0.18937893851392476,2.0282213850654126e-216,-0.0010461614966204122,-0.09419638726429166
1770340525.181214,1.0500000000000005,0.0,0.020073478564345302,1.3496864769484411,0.0,0.13999999999999996,0.0,-0.5,-0.18937893851392476,1.541379754777517e-216,-0.0006613900959437969,-0.09439725134905814
1770340525.594914,1.0500000000000005,0.0,0.020073478564345302,1.3496864769484411,0.0,0.13999999999999996,0.0,-0.5,-0.18937893851392476,1.1697308245955225e-216,-0.000539764646520735,-0.09443174947864433
1770340526.0069659,1.0500000000000005,0.0,0.020073478564345302,1.3496864769484411,0.0,0.13999999999999996,0.0,-0.5,-0.18937893851392476,9.084926644613264e-217,-8.958846646079226e-05,-0.09468969264173797
1770340526.422195,1.0500000000000005,0.0,0.020073478564345302,1.3496864769484411,0.0,0.13999999999999996,0.0,-0.5,-0.18937893851392476,7.048664088306158e-217,-0.00023914989079983217,-0.09458485045399637
1770340526.8413384,1.0500000000000005,0.0,0.020073478564345302,1.3496864769484411,0.0,0.13999999999999996,0.0,-0.5,-0.18937893851392476,5.469418409305963e-217,3.245408142406673e-05,-0.09473285669489681
1770340527.2515001,1.0500000000000005,0.0,0.020073478564345302,1.3496864769484411,0.0,0.13999999999999996,0.0,-0.5,-0.18937893851392476,4.136032706973902e-217,-0.0002645357056665537,-0.09458690038283817
1770340527.6686616,1.0500000000000005,0.0,0.020073478564345302,1.3496864769484411,0.0,0.13999999999999996,0.0,-0.5,-0.18937893851392476,3.212055769225747e-217,-0.00040762179814232387,-0.09449996696713879
1770340528.0999649,1.0500000000000005,0.0,0.020073478564345302,1.3496864769484411,0.0,0.13999999999999996,0.0,-0.5,-0.18937893851392476,2.4481028424614587e-217,-0.00027377707867545873,-0.09456596518957133
1770340528.5187628,1.0500000000000005,0.0,0.020073478564345302,1.3496864769484411,0.0,0.13999999999999996,0.0,-0.5,-0.18937893851392476,1.8397210211496086e-217,-0.000518341597153117,-0.09445475491023358
1770340528.9360685,1.0500000000000005,0.0,0.020073478564345302,1.3496864769484411,0.0,0.13999999999999996,0.0,-0.5,-0.18937893851392476,1.4225739159783564e-217,-0.0007949554436332588,-0.09431965291979377
1770340529.3797894,1.0500000000000005,0.0,0.020073478564345302,1.3496864769484411,0.0,0.13999999999999996,0.0,-0.5,-0.18937893851392476,1.0858193301448025e-217,-0.00047140299494671816,-0.09448612300435767
1770340529.7890995,1.0500000000000005,0.0,0.020073478564345302,1.3496864769484411,0.0,0.13999999999999996,0.0,-0.5,-0.18937893851392476,1.0580605147257735e-217,-0.0005740990824608899,-0.09441268932448335
1770340530.2016919,1.0500000000000005,0.0,0.020073478564345302,1.3496864769484411,0.0,0.13999999999999996,0.0,-0.5,-0.18937893851392476,6.381114696275594e-218,-0.0005871527921066304,-0.09439719823187363
1770340530.6160846,1.0500000000000005,0.0,0.020073478564345302,1.3496864769484411,0.0,0.13999999999999996,0.0,-0.5,-0.18937893851392476,4.915158721552696e-218,-0.000440605973350406,-0.0944838209521628
1770340531.0245602,1.0500000000000005,0.0,0.020073478564345302,1.3496864769484411,0.0,0.13999999999999996,0.0,-0.5,-0.18937893851392476,3.8247887961807185e-218,-0.0008357560281014136,-0.09431110624838678
1770340531.4338646,1.0500000000000005,0.0,0.020073478564345302,1.3496864769484411,0.0,0.13999999999999996,0.0,-0.5,-0.18937893851392476,2.916133065428196e-218,-7.442847035562367e-05,-0.09472838777755914
1770340531.8559287,1.0500000000000005,0.0,0.020073478564345302,1.3496864769484411,0.0,0.13999999999999996,0.0,-0.5,-0.18937893851392476,2.2460572241267986e-218,0.0002796749463426827,-0.09486471707180355
1770340532.2792528,1.0500000000000005,0.0,0.020073478564345302,1.3496864769484411,0.0,0.13999999999999996,0.0,-0.5,-0.18937893851392476,1.7025430400206394e-218,0.0009257914706307572,-0.09521697664470657
1770340532.6965883,1.0500000000000005,0.0,0.020073478564345302,1.3496864769484411,0.0,0.13999999999999996,0.0,-0.5,-0.18937893851392476,1.3195437029273852e-218,-9.342002575422339e-05,-0.09474468039372377
1770340533.1076972,1.0500000000000005,0.0,0.020073478564345302,1.3496864769484411,0.0,0.13999999999999996,0.0,-0.5,-0.18937893851392476,1.0224874702567526e-218,-0.0006068440054775202,-0.09443738965219595
1770340533.5241022,1.0500000000000005,0.0,0.020073478564345302,1.3496864769484411,0.0,0.13999999999999996,0.0,-0.5,-0.18937893851392476,7.732791509511214e-219,0.0008604865351723664,-0.09526644557861355
1770340533.949084,1.0500000000000005,0.0,0.020073478564345302,1.3496864769484411,0.0,0.13999999999999996,0.0,-0.5,-0.18937893851392476,6.012255342349547e-219,-0.00010521467912612948,-0.09473343203882917
1770340534.372665,1.0500000000000005,0.0,0.020073478564345302,1.3496864769484411,0.0,0.13999999999999996,0.0,-0.5,-0.18937893851392476,4.571626078967178e-219,-0.00015644187360452406,-0.09461637103960796
1770340534.7914863,1.0500000000000005,0.0,0.020073478564345302,1.3496864769484411,0.0,0.13999999999999996,0.0,-0.5,-0.18937893851392476,3.551681861805747e-219,-0.0010619220797934744,-0.09424905623768454
1770340535.2364738,1.0500000000000005,0.0,0.020073478564345302,1.3496864769484411,0.0,0.13999999999999996,0.0,-0.5,-0.18937893851392476,2.624810963539724e-219,0.00030199910124772945,-0.09497686092569037
1770340535.6492474,1.0500000000000005,0.0,0.020073478564345302,1.3496864769484411,0.0,0.13999999999999996,0.0,-0.5,-0.18937893851392476,2.0269784460965742e-219,-0.0007769221830701454,-0.0944089002938591
1770340536.063822,1.0500000000000005,0.0,0.020073478564345302,1.3496864769484411,0.0,0.13999999999999996,0.0,-0.5,-0.18937893851392476,1.6047108937769207e-219,-0.00016404702987392013,-0.09466873325734505
1770340536.487367,1.0500000000000005,0.0,0.020073478564345302,1.3496864769484411,0.0,0.13999999999999996,0.0,-0.5,-0.18937893851392476,1.2007785786199033e-219,-0.000690943755020931,-0.09439668705196662
1770340536.8973587,1.0500000000000005,0.0,0.020073478564345302,1.3496864769484411,0.0,0.13999999999999996,0.0,-0.5,-0.18937893851392476,9.21027986976612e-220,-0.0007737185617403988,-0.09431088745676412
1770340537.3079913,1.0500000000000005,0.0,0.020073478564345302,1.3496864769484411,0.0,0.13999999999999996,0.0,-0.5,-0.18937893851392476,8.689842178192779e-220,-0.0013288967851993348,-0.0940805386867086
1770340537.727909,1.0500000000000005,0.0,0.020073478564345302,1.3496864769484411,0.0,0.13999999999999996,0.0,-0.5,-0.18937893851392476,5.491073206826315e-220,-0.0007467858264346991,-0.0943742874396215
1770340538.1540754,1.0500000000000005,0.0,0.020073478564345302,1.3496864769484411,0.0,0.13999999999999996,0.0,-0.5,-0.18937893851392476,4.2618779134195154e-220,-0.0001987429737569787,-0.09464490205535167
1770340538.576535,1.0500000000000005,0.0,0.020073478564345302,1.3496864769484411,0.0,0.13999999999999996,0.0,-0.5,-0.18937893851392476,3.219758798300978e-220,9.362621965770769e-05,-0.0947655192861327
1770340538.991224,1.0500000000000005,0.0,0.020073478564345302,1.3496864769484411,0.0,0.13999999999999996,0.0,-0.5,-0.18937893851392476,2.512019184012559e-220,-0.00035743099176317164,-0.09455585948222289
1770340539.4126594,1.0500000000000005,0.0,0.020073478564345302,1.3496864769484411,0.0,0.13999999999999996,0.0,-0.5,-0.18937893851392476,1.9011477849916403e-220,-0.0009597904961716392,-0.0942698099593174
1770340539.8364487,1.0500000000000005,0.0,0.020073478564345302,1.3496864769484411,0.0,0.13999999999999996,0.0,-0.5,-0.18937893851392476,1.4142895462623146e-220,-0.0010261092824722464,-0.09418304649435633
1770340540.263834,1.0500000000000005,0.0,0.020073478564345302,1.3496864769484411,0.0,0.13999999999999996,0.0,-0.5,-0.18937893851392476,1.1174458659831215e-220,-0.0007343062754257403,-0.09435149641995416
1770340540.6989374,1.0500000000000005,0.0,0.020073478564345302,1.3496864769484411,0.0,0.13999999999999996,0.0,-0.5,-0.18937893851392476,8.458458537693492e-221,-0.0004783577153231053,-0.09447588525531109
1770340541.110814,1.0500000000000005,0.0,0.020073478564345302,1.3496864769484411,0.0,0.13999999999999996,0.0,-0.5,-0.18937893851392476,6.447481095612281e-221,0.00043767303542112813,-0.09499990884974738
1770340541.5211995,1.0500000000000005,0.0,0.020073478564345302,1.3496864769484411,0.0,0.13999999999999996,0.0,-0.5,-0.18937893851392476,4.878823652151181e-221,0.0004951854609884919,-0.09494281323001336
1770340541.9394097,1.0500000000000005,0.0,0.020073478564345302,1.3496864769484411,0.0,0.13999999999999996,0.0,-0.5,-0.18937893851392476,3.884103149950329e-221,0.0007199858371057929,-0.095071942213127
1770340542.3511472,1.0500000000000005,0.0,0.020073478564345302,1.3496864769484411,0.0,0.13999999999999996,0.0,-0.5,-0.18937893851392476,2.9386108113695546e-221,0.0002753085922679045,-0.09487159127758012
1770340542.7730417,1.0500000000000005,0.0,0.020073478564345302,1.3496864769484411,0.0,0.13999999999999996,0.0,-0.5,-0.18937893851392476,2.2223233760703936e-221,0.00019179364946135899,-0.09479371757597371
1770340543.2053566,1.0500000000000005,0.0,0.020073478564345302,1.3496864769484411,0.0,0.13999999999999996,0.0,-0.5,-0.18937893851392476,1.7378582599572414e-221,0.0002993286161238405,-0.09484988706169055
1770340543.62154,1.0500000000000005,0.0,0.020073478564345302,1.3496864769484411,0.0,0.13999999999999996,0.0,-0.5,-0.18937893851392476,1.3484987672340918e-221,0.0010602332032891237,-0.09529567631732347
1770340544.036249,1.0500000000000005,0.0,0.020073478564345302,1.3496864769484411,0.0,0.13999999999999996,0.0,-0.5,-0.18937893851392476,1.02204646380822e-221,0.0004251050164585934,-0.09496553458387473
1770340544.4523427,1.0500000000000005,0.0,0.020073478564345302,1.3496864769484411,0.0,0.13999999999999996,0.0,-0.5,-0.18937893851392476,7.641828400741377e-222,-0.000319420533543725,-0.09460421154519075
1770340544.864752,1.0500000000000005,0.0,0.020073478564345302,1.3496864769484411,0.0,0.13999999999999996,0.0,-0.5,-0.18937893851392476,5.953370069632134e-222,-0.0006280902150741549,-0.09440629111757835
1770340545.2792993,1.0500000000000005,0.0,0.020073478564345302,1.3496864769484411,0.0,0.13999999999999996,0.0,-0.5,-0.18937893851392476,4.5109163780222705e-222,-0.0008592079448254866,-0.09428297705752477
1770340545.6937864,1.0500000000000005,0.0,0.020073478564345302,1.3496864769484411,0.0,0.13999999999999996,0.0,-0.5,-0.18937893851392476,3.6185202526176437e-222,-0.0012903975298631618,-0.09408738945053458
1770340546.112021,1.0500000000000005,0.0,0.020073478564345302,1.3496864769484411,0.0,0.13999999999999996,0.0,-0.5,-0.18937893851392476,2.7117607905551726e-222,-0.0005252948520507066,-0.09450333209871827
1770340546.5257308,1.0500000000000005,0.0,0.020073478564345302,1.3496864769484411,0.0,0.13999999999999996,0.0,-0.5,-0.18937893851392476,2.1304151885032318e-222,-0.0004845367345972374,-0.09445127670140911
1770340546.948757,1.0500000000000005,0.0,0.020073478564345302,1.3496864769484411,0.0,0.13999999999999996,0.0,-0.5,-0.18937893851392476,1.654045051439401e-222,-0.0009795683341679825,-0.09424918824983546
1770340547.361577,1.0500000000000005,0.0,0.020073478564345302,1.3496864769484411,0.0,0.13999999999999996,0.0,-0.5,-0.18937893851392476,1.4971688735976813e-222,-0.0007870764534011293,-0.09431518021833851
1770340547.77741,1.0500000000000005,0.0,0.020073478564345302,1.3496864769484411,0.0,0.13999999999999996,0.0,-0.5,-0.18937893851392476,9.366435946397042e-223,-0.0004263216521246954,-0.09451238391102768
1770340548.1895673,1.0500000000000005,0.0,0.020073478564345302,1.3496864769484411,0.0,0.13999999999999996,0.0,-0.5,-0.18937893851392476,7.554764098052707e-223,-0.0005653266435733835,-0.09442070643432056
1770340548.6112876,1.0500000000000005,0.0,0.020073478564345302,1.3496864769484411,0.0,0.13999999999999996,0.0,-0.5,-0.18937893851392476,5.502493246391872e-223,-9.835575512035974e-05,-0.09468698846824751
1770340549.0279772,1.0500000000000005,0.0,0.020073478564345302,1.3496864769484411,0.0,0.13999999999999996,0.0,-0.5,-0.18937893851392476,4.265704124937745e-223,0.00038417734381414635,-0.09492981123876292
1770340549.4517548,1.0500000000000005,0.0,0.020073478564345302,1.3496864769484411,0.0,0.13999999999999996,0.0,-0.5,-0.18937893851392476,3.173229871079228e-223,-0.0004648529081322634,-0.09454194582809089
1770340549.869182,1.0500000000000005,0.0,0.020073478564345302,1.3496864769484411,0.0,0.13999999999999996,0.0,-0.5,-0.18937893851392476,2.5084153563512385e-223,-0.0007369122026497692,-0.09434821908508925
1770340550.300057,1.0500000000000005,0.0,0.020073478564345302,1.3496864769484411,0.0,0.13999999999999996,0.0,-0.5,-0.18937893851392476,1.894882261097774e-223,-0.000489283775078434,-0.09446959021218031
1770340550.7168643,1.0500000000000005,0.0,0.020073478564345302,1.3496864769484411,0.0,0.13999999999999996,0.0,-0.5,-0.18937893851392476,1.436525035409377e-223,-1.7281880213295846e-05,-0.09472802850634224
1770340551.1408565,1.0500000000000005,0.0,0.020073478564345302,1.3496864769484411,0.0,0.13999999999999996,0.0,-0.5,-0.18937893851392476,1.1136924352463069e-223,-0.0005355210079244231,-0.09447353266577128
1770340551.558853,1.0500000000000005,0.0,0.020073478564345302,1.3496864769484411,0.0,0.13999999999999996,0.0,-0.5,-0.18937893851392476,8.448973684863679e-224,-0.00030543402024580535,-0.09455976094560735
1770340551.9847732,1.0500000000000005,0.0,0.020073478564345302,1.3496864769484411,0.0,0.13999999999999996,0.0,-0.5,-0.18937893851392476,6.4129370807957125e-224,-0.00015973820805283975,-0.09462416973415526
1770340552.4036887,1.0500000000000005,0.0,0.020073478564345302,1.3496864769484411,0.0,0.13999999999999996,0.0,-0.5,-0.18937893851392476,4.986228572065123e-224,0.00042201545751430094,-0.09495865235227624
1770340552.8444378,1.0500000000000005,0.0,0.020073478564345302,1.3496864769484411,0.0,0.13999999999999996,0.0,-0.5,-0.18937893851392476,3.838861070396729e-224,0.00023188337745629935,-0.09482442415369634
1770340553.2560215,1.0500000000000005,0.0,0.020073478564345302,1.3496864769484411,0.0,0.13999999999999996,0.0,-0.5,-0.18937893851392476,2.9104292523827754e-224,-0.00048096442684225367,-0.0945202718239711
1770340553.6724987,1.0500000000000005,0.0,0.020073478564345302,1.3496864769484411,0.0,0.13999999999999996,0.0,-0.5,-0.18937893851392476,2.259498189997877e-224,-0.0001117379276101808,-0.0946705229430805
1770340554.0862963,1.0500000000000005,0.0,0.020073478564345302,1.3496864769484411,0.0,0.13999999999999996,0.0,-0.5,-0.18937893851392476,1.7052574289049872e-224,0.0009655623991648022,-0.09527998048922229
1770340554.5045786,1.0500000000000005,0.0,0.020073478564345302,1.3496864769484411,0.0,0.13999999999999996,0.0,-0.5,-0.18937893851392476,1.3270159485970195e-224,0.0005087635169148661,-0.09498953090364481
1770340554.917576,1.0500000000000005,0.0,0.020073478564345302,1.3496864769484411,0.0,0.13999999999999996,0.0,-0.5,-0.18937893851392476,1.004129007572148e-224,7.802570842298061e-05,-0.09477155589202306
1770340555.335142,1.0500000000000005,0.0,0.020073478564345302,1.3496864769484411,0.0,0.13999999999999996,0.0,-0.5,-0.18937893851392476,9.301386906419424e-225,0.00048289875690738746,-0.09497140594026451
1770340555.7521954,1.0500000000000005,0.0,0.020073478564345302,1.3496864769484411,0.0,0.13999999999999996,0.0,-0.5,-0.18937893851392476,6.063348316230271e-225,0.0005990134762047376,-0.09500058746699448
1770340556.1720138,1.0500000000000005,0.0,0.020073478564345302,1.3496864769484411,0.0,0.13999999999999996,0.0,-0.5,-0.18937893851392476,4.552729410981826e-225,0.0006255534394954316,-0.09500489997303917
1770340556.5894375,1.0500000000000005,0.0,0.020073478564345302,1.3496864769484411,0.0,0.13999999999999996,0.0,-0.5,-0.18937893851392476,3.5489663346659485e-225,0.0003645950214373328,-0.09489786260948685
1770340557.0086863,1.0500000000000005,0.0,0.020073478564345302,1.3496864769484411,0.0,0.13999999999999996,0.0,-0.5,-0.18937893851392476,2.6937773960277206e-225,2.3469045449293148e-05,-0.09473531637728583
1770340557.4218583,1.0500000000000005,0.0,0.020073478564345302,1.3496864769484411,0.0,0.13999999999999996,0.0,-0.5,-0.18937893851392476,2.0882382352983574e-225,-0.0006045848632433537,-0.09444998221620997
1770340557.8554688,1.0500000000000005,0.0,0.020073478564345302,1.3496864769484411,0.0,0.13999999999999996,0.0,-0.5,-0.18937893851392476,1.5741481816104664e-225,-0.0008814083868030569,-0.09427644741591681
1770340558.2673705,1.0500000000000005,0.0,0.020073478564345302,1.3496864769484411,0.0,0.13999999999999996,0.0,-0.5,-0.18937893851392476,1.3217508663370429e-225,-0.0008737808381483529,-0.09425334159275368
1770340558.6809607,1.0500000000000005,0.0,0.020073478564345302,1.3496864769484411,0.0,0.13999999999999996,0.0,-0.5,-0.18937893851392476,9.313711653436478e-226,0.00040681411236295274,-0.09502093580819498
1770340559.103164,1.0500000000000005,0.0,0.020073478564345302,1.3496864769484411,0.0,0.13999999999999996,0.0,-0.5,-0.18937893851392476,7.19529715446415e-226,3.0540865111984615e-05,-0.09474236701424346
1770340559.5356047,1.0500000000000005,0.0,0.020073478564345302,1.3496864769484411,0.0,0.13999999999999996,0.0,-0.5,-0.18937893851392476,5.48766011326187e-226,-0.000523442745327602,-0.09448314624534254
1770340559.9455523,1.0500000000000005,0.0,0.020073478564345302,1.3496864769484411,0.0,0.13999999999999996,0.0,-0.5,-0.18937893851392476,5.377799961050615e-226,-0.00021168950585102154,-0.09461479982798453
1770340560.361623,1.0500000000000005,0.0,0.020073478564345302,1.3496864769484411,0.0,0.13999999999999996,0.0,-0.5,-0.18937893851392476,3.217625605028248e-226,-0.0004849116943565232,-0.09447433562863466
1770340560.7813628,1.0500000000000005,0.0,0.020073478564345302,1.3496864769484411,0.0,0.13999999999999996,0.0,-0.5,-0.18937893851392476,2.498922747161933e-226,2.9752030329190516e-05,-0.09475581164459554
1770340561.2159626,1.0500000000000005,0.0,0.020073478564345302,1.3496864769484411,0.0,0.13999999999999996,0.0,-0.5,-0.18937893851392476,1.8982038710696284e-226,-0.0008526259546344977,-0.0943513940781415
1770340561.639436,1.0500000000000005,0.0,0.020073478564345302,1.3496864769484411,0.0,0.13999999999999996,0.0,-0.5,-0.18937893851392476,1.4224999945575082e-226,-0.0009646695179275724,-0.09421833885432791
1770340562.0530572,1.0500000000000005,0.0,0.020073478564345302,1.3496864769484411,0.0,0.13999999999999996,0.0,-0.5,-0.18937893851392476,1.3435794247793079e-226,-0.0007558897351446349,-0.09433240236766836
1770340562.4705117,1.0500000000000005,0.0,0.020073478564345302,1.3496864769484411,0.0,0.13999999999999996,0.0,-0.5,-0.18937893851392476,8.581730856839427e-227,-0.00013231440969446642,-0.09468566958466017
1770340562.8863602,1.0500000000000005,0.0,0.020073478564345302,1.3496864769484411,0.0,0.13999999999999996,0.0,-0.5,-0.18937893851392476,6.592138036718756e-227,-0.0011714791771510326,-0.09420764614513252
1770340563.2972775,1.0500000000000005,0.0,0.020073478564345302,1.3496864769484411,0.0,0.13999999999999996,0.0,-0.5,-0.18937893851392476,5.116259011486614e-227,-0.0004484520267933062,-0.0945375459586015
1770340563.7091646,1.0500000000000005,0.0,0.020073478564345302,1.3496864769484411,0.0,0.13999999999999996,0.0,-0.5,-0.18937893851392476,3.9687706655370486e-227,-0.0005982876381024978,-0.09440530899904205
1770340564.1207507,1.0500000000000005,0.0,0.020073478564345302,1.3496864769484411,0.0,0.13999999999999996,0.0,-0.5,-0.18937893851392476,3.0865270922154533e-227,-0.0005335868624008901,-0.0944291459033321
1770340564.5381465,1.0500000000000005,0.0,0.020073478564345302,1.3496864769484411,0.0,0.13999999999999996,0.0,-0.5,-0.18937893851392476,2.335315733283294e-227,-0.0007103200002621397,-0.09435198257061744
1770340564.9500318,1.0500000000000005,0.0,0.020073478564345302,1.3496864769484411,0.0,0.13999999999999996,0.0,-0.5,-0.18937893851392476,1.8157720605556528e-227,-0.00037242607466341394,-0.09453704561219053
1770340565.3577244,1.0500000000000005,0.0,0.020073478564345302,1.3496864769484411,0.0,0.13999999999999996,0.0,-0.5,-0.18937893851392476,1.3706377348049532e-227,7.735541861071172e-05,-0.09477312511559514
1770340565.780825,1.0500000000000005,0.0,0.020073478564345302,1.3496864769484411,0.0,0.13999999999999996,0.0,-0.5,-0.18937893851392476,1.0660262969697632e-227,-0.00034103152725698264,-0.09456079218792066
1770340566.1979177,1.0500000000000005,0.0,0.020073478564345302,1.3496864769484411,0.0,0.13999999999999996,0.0,-0.5,-0.18937893851392476,8.085687011107409e-228,0.00022772845642803175,-0.0948602094835449
1770340566.6152408,1.0500000000000005,0.0,0.020073478564345302,1.3496864769484411,0.0,0.13999999999999996,0.0,-0.5,-0.18937893851392476,6.286254314097512e-228,4.038945552556258e-05,-0.09472839788481541
1770340567.0317886,1.0500000000000005,0.0,0.020073478564345302,1.3496864769484411,0.0,0.13999999999999996,0.0,-0.5,-0.18937893851392476,4.6847375789697106e-228,8.106578710042142e-05,-0.09473406978367008
1770340567.4488254,1.0500000000000005,0.0,0.020073478564345302,1.3496864769484411,0.0,0.13999999999999996,0.0,-0.5,-0.18937893851392476,3.699744081423613e-228,-0.00010206944578851265,-0.09465674805735702
1770340567.865382,1.0500000000000005,0.0,0.020073478564345302,1.3496864769484411,0.0,0.13999999999999996,0.0,-0.5,-0.18937893851392476,2.8723804884630556e-228,0.00048481008177754536,-0.09499056225060777
1770340568.2835932,1.0500000000000005,0.0,0.020073478564345302,1.3496864769484411,0.0,0.13999999999999996,0.0,-0.5,-0.18937893851392476,2.1181437349356386e-228,0.0008679830966878165,-0.09516177810679731
1770340568.7049065,1.0500000000000005,0.0,0.020073478564345302,1.3496864769484411,0.0,0.13999999999999996,0.0,-0.5,-0.18937893851392476,1.7022731149747544e-228,0.00032736413008160913,-0.0949072132186638
1770340569.1284132,1.0500000000000005,0.0,0.020073478564345302,1.3496864769484411,0.0,0.13999999999999996,0.0,-0.5,-0.18937893851392476,1.2450782429028476e-228,0.0006730549846697439,-0.09506056583475607
1770340569.576995,1.0500000000000005,0.0,0.020073478564345302,1.3496864769484411,0.0,0.13999999999999996,0.0,-0.5,-0.18937893851392476,9.750184832394669e-229,-8.704769023405268e-05,-0.09472195567933574
1770340569.9878602,1.0500000000000005,0.0,0.020073478564345302,1.3496864769484411,0.0,0.13999999999999996,0.0,-0.5,-0.18937893851392476,7.565596242723201e-229,-0.00026699461848918505,-0.0945739666405433
1770340570.412499,1.0500000000000005,0.0,0.020073478564345302,1.3496864769484411,0.0,0.13999999999999996,0.0,-0.5,-0.18937893851392476,5.5334137752322835e-229,0.0012283123037345992,-0.09545315610105205
1770340570.82766,1.0500000000000005,0.0,0.020073478564345302,1.3496864769484411,0.0,0.13999999999999996,0.0,-0.5,-0.18937893851392476,4.428679321286772e-229,0.0005918802689496447,-0.09504905259491571
1770340571.2457683,1.0500000000000005,0.0,0.020073478564345302,1.3496864769484411,0.0,0.13999999999999996,0.0,-0.5,-0.18937893851392476,3.2480591525350352e-229,0.0003397757507004176,-0.0948845675841375
1770340571.6659205,1.0500000000000005,0.0,0.020073478564345302,1.3496864769484411,0.0,0.13999999999999996,0.0,-0.5,-0.18937893851392476,2.524166714612606e-229,-0.0005111459693160886,-0.09451898844430598
1770340572.0751903,1.0500000000000005,0.0,0.020073478564345302,1.3496864769484411,0.0,0.13999999999999996,0.0,-0.5,-0.18937893851392476,1.9802430383417783e-229,0.00015271331386040046,-0.09483221184221023
1770340572.4831479,1.0500000000000005,0.0,0.020073478564345302,1.3496864769484411,0.0,0.13999999999999996,0.0,-0.5,-0.18937893851392476,1.481851483128267e-229,-0.00037254380000384033,-0.09455572306834688
1770340572.9176981,1.0500000000000005,0.0,0.020073478564345302,1.3496864769484411,0.0,0.13999999999999996,0.0,-0.5,-0.18937893851392476,1.194919031892561e-229,-0.00023944151832525225,-0.09458305872596762
1770340573.3437967,1.0500000000000005,0.0,0.020073478564345302,1.3496864769484411,0.0,0.13999999999999996,0.0,-0.5,-0.18937893851392476,8.702637121157842e-230,-4.1029157598822545e-05,-0.09468879591423561
1770340573.7588737,1.0500000000000005,0.0,0.020073478564345302,1.3496864769484411,0.0,0.13999999999999996,0.0,-0.5,-0.18937893851392476,6.594642924368326e-230,-0.0007795091107451653,-0.09437356269690443
1770340574.1747403,1.0500000000000005,0.0,0.020073478564345302,1.3496864769484411,0.0,0.13999999999999996,0.0,-0.5,-0.18937893851392476,5.11112444006341e-230,-0.00024069277371440145,-0.09462300450380826
1770340574.595812,1.0500000000000005,0.0,0.020073478564345302,1.3496864769484411,0.0,0.13999999999999996,0.0,-0.5,-0.18937893851392476,3.960234338668763e-230,3.7064817250706165e-05,-0.09473577742468425
1770340575.015006,1.0500000000000005,0.0,0.020073478564345302,1.3496864769484411,0.0,0.13999999999999996,0.0,-0.5,-0.18937893851392476,3.00029368020476e-230,0.0005408171279334674,-0.0950102530519974
1770340575.4262013,1.0500000000000005,0.0,0.020073478564345302,1.3496864769484411,0.0,0.13999999999999996,0.0,-0.5,-0.18937893851392476,2.7554185743289017e-230,-0.00029389227374783166,-0.0946259940602566
1770340575.8441093,1.0500000000000005,0.0,0.020073478564345302,1.3496864769484411,0.0,0.13999999999999996,0.0,-0.5,-0.18937893851392476,1.7628959993173936e-230,0.0001694729979581181,-0.09482054228311203
1770340576.2747726,1.0500000000000005,0.0,0.020073478564345302,1.3496864769484411,0.0,0.13999999999999996,0.0,-0.5,-0.18937893851392476,1.3341013243356943e-230,-0.0005994565833534094,-0.09446663392341682
1770340576.6885014,1.0500000000000005,0.0,0.020073478564345302,1.3496864769484411,0.0,0.13999999999999996,0.0,-0.5,-0.18937893851392476,1.0345248880740447e-230,-0.00025691429246868275,-0.0945952663398165
1770340577.1009254,1.0500000000000005,0.0,0.020073478564345302,1.3496864769484411,0.0,0.13999999999999996,0.0,-0.5,-0.18937893851392476,8.038633566644744e-231,-0.0008522742097247386,-0.09432286814382561
1770340577.5168467,1.0500000000000005,0.0,0.020073478564345302,1.3496864769484411,0.0,0.13999999999999996,0.0,-0.5,-0.18937893851392476,6.083660585039891e-231,-0.00030596501930929836,-0.09459111766634927
1770340577.933328,1.0500000000000005,0.0,0.020073478564345302,1.3496864769484411,0.0,0.13999999999999996,0.0,-0.5,-0.18937893851392476,4.7215746779417454e-231,4.694260259758599e-05,-0.09474823132045186
1770340578.3448606,1.0500000000000005,0.0,0.020073478564345302,1.3496864769484411,0.0,0.13999999999999996,0.0,-0.5,-0.18937893851392476,3.663729808449418e-231,3.241748083843111e-05,-0.09470713050955751
1770340578.756774,1.0500000000000005,0.0,0.020073478564345302,1.3496864769484411,0.0,0.13999999999999996,0.0,-0.5,-0.18937893851392476,2.773803295457086e-231,-0.0008274162356385986,-0.09436174451079078
1770340579.1813135,1.0500000000000005,0.0,0.020073478564345302,1.3496864769484411,0.0,0.13999999999999996,0.0,-0.5,-0.18937893851392476,2.1518596522080832e-231,-0.000570308106138894,-0.0944300260168429
1770340579.600177,1.0500000000000005,0.0,0.020073478564345302,1.3496864769484411,0.0,0.13999999999999996,0.0,-0.5,-0.18937893851392476,1.6290744301413493e-231,-0.0010665002987110097,-0.09420583832686409
1770340580.01187,1.0500000000000005,0.0,0.020073478564345302,1.3496864769484411,0.0,0.13999999999999996,0.0,-0.5,-0.18937893851392476,1.2647057044896876e-231,-0.00015538185352569113,-0.09470289017471806
1770340580.4261107,1.0500000000000005,0.0,0.020073478564345302,1.3496864769484411,0.0,0.13999999999999996,0.0,-0.5,-0.18937893851392476,9.810909278135171e-232,-0.0010110917915289147,-0.09426949435499825
1770340580.8528068,1.0500000000000005,0.0,0.020073478564345302,1.3496864769484411,0.0,0.13999999999999996,0.0,-0.5,-0.18937893851392476,7.410694119181492e-232,-0.0004906174434762618,-0.09449620797002951
1770340581.2684839,1.0500000000000005,0.0,0.020073478564345302,1.3496864769484411,0.0,0.13999999999999996,0.0,-0.5,-0.18937893851392476,5.762956884910824e-232,-0.00043668428866772493,-0.09447652042810938
1770340581.6855826,1.0500000000000005,0.0,0.020073478564345302,1.3496864769484411,0.0,0.13999999999999996,0.0,-0.5,-0.18937893851392476,4.36051453549847e-232,-0.00040713435219699284,-0.09448885707451095
1770340582.100911,1.0500000000000005,0.0,0.020073478564345302,1.3496864769484411,0.0,0.13999999999999996,0.0,-0.5,-0.18937893851392476,3.376604182511319e-232,-0.0003634212127947589,-0.09451212996450523
1770340582.5161312,1.0500000000000005,0.0,0.020073478564345302,1.3496864769484411,0.0,0.13999999999999996,0.0,-0.5,-0.18937893851392476,2.5602881737060923e-232,-0.0007707158576554793,-0.09434484079262072
1770340582.9338279,1.0500000000000005,0.0,0.020073478564345302,1.3496864769484411,0.0,0.13999999999999996,0.0,-0.5,-0.18937893851392476,1.9893345955232763e-232,-0.0003745020057582333,-0.094541839639273
1770340583.3610692,1.0500000000000005,0.0,0.020073478564345302,1.3496864769484411,0.0,0.13999999999999996,0.0,-0.5,-0.18937893851392476,1.5058530993918374e-232,-0.00018918991456438848,-0.09461340550879958
1770340583.7780068,1.0500000000000005,0.0,0.020073478564345302,1.3496864769484411,0.0,0.13999999999999996,0.0,-0.5,-0.18937893851392476,1.167962754517807e-232,-0.00023487614375741262,-0.09457659980800297
1770340584.1916077,1.0500000000000005,0.0,0.020073478564345302,1.3496864769484411,0.0,0.13999999999999996,0.0,-0.5,-0.18937893851392476,9.01189514032736e-233,-0.00022802163460211182,-0.09457614389057685
1770340584.6134574,1.0500000000000005,0.0,0.020073478564345302,1.3496864769484411,0.0,0.13999999999999996,0.0,-0.5,-0.18937893851392476,6.8929795474220465e-233,-0.0005556446880760626,-0.09444440921827174
1770340585.0244648,1.0500000000000005,0.0,0.020073478564345302,1.3496864769484411,0.0,0.13999999999999996,0.0,-0.5,-0.18937893851392476,5.33289046871841e-233,-0.0004477712637072982,-0.09447637096754562
1770340585.4367526,1.0500000000000005,0.0,0.020073478564345302,1.3496864769484411,0.0,0.13999999999999996,0.0,-0.5,-0.18937893851392476,4.059941744176948e-233,-0.00011191567880755959,-0.09466709697604858
1770340585.8764517,1.0500000000000005,0.0,0.020073478564345302,1.3496864769484411,0.0,0.13999999999999996,0.0,-0.5,-0.18937893851392476,3.137550113589852e-233,-0.0004063607561853237,-0.09451573338660749
1770340586.306554,1.0500000000000005,0.0,0.020073478564345302,1.3496864769484411,0.0,0.13999999999999996,0.0,-0.5,-0.18937893851392476,2.377104338295834e-233,-0.00017831960276932862,-0.09462311357091932
1770340586.7273195,1.0500000000000005,0.0,0.020073478564345302,1.3496864769484411,0.0,0.13999999999999996,0.0,-0.5,-0.18937893851392476,1.791100795275374e-233,0.00027883486919145643,-0.09487460213875418
1770340587.1433818,1.0500000000000005,0.0,0.020073478564345302,1.3496864769484411,0.0,0.13999999999999996,0.0,-0.5,-0.18937893851392476,1.4221864131407695e-233,-0.0008651884738335695,-0.0943712773543481
1770340587.561361,1.0500000000000005,0.0,0.020073478564345302,1.3496864769484411,0.0,0.13999999999999996,0.0,-0.5,-0.18937893851392476,1.0623847571097543e-233,-4.6246075451472765e-05,-0.09474824045907485
1770340587.982049,1.0500000000000005,0.0,0.020073478564345302,1.3496864769484411,0.0,0.13999999999999996,0.0,-0.5,-0.18937893851392476,8.253506371055924e-234,-2.2054287855077423e-05,-0.09468086129179448
1770340588.4030104,1.0500000000000005,0.0,0.020073478564345302,1.3496864769484411,0.0,0.13999999999999996,0.0,-0.5,-0.18937893851392476,6.410597500626025e-234,0.0004856611497850322,-0.09498307137561891
1770340588.826626,1.0500000000000005,0.0,0.020073478564345302,1.3496864769484411,0.0,0.13999999999999996,0.0,-0.5,-0.18937893851392476,5.825073155288315e-234,1.4594625417746986e-05,-0.09474387322210799
1770340589.2487228,1.0500000000000005,0.0,0.020073478564345302,1.3496864769484411,0.0,0.13999999999999996,0.0,-0.5,-0.18937893851392476,3.6740235593237937e-234,-0.0009069809174130603,-0.09432813635253894
1770340589.6659772,1.0500000000000005,0.0,0.020073478564345302,1.3496864769484411,0.0,0.13999999999999996,0.0,-0.5,-0.18937893851392476,2.859363109124273e-234,-8.763946938684296e-06,-0.09477490898054047
1770340590.082349,1.0500000000000005,0.0,0.020073478564345302,1.3496864769484411,0.0,0.13999999999999996,0.0,-0.5,-0.18937893851392476,2.109776574581773e-234,0.0003222016528132019,-0.09488366664334417
1770340590.4951265,1.0500000000000005,0.0,0.020073478564345302,1.3496864769484411,0.0,0.13999999999999996,0.0,-0.5,-0.18937893851392476,1.6885935219945706e-234,-0.0005513462582343561,-0.09450115091894995
1770340590.9080348,1.0500000000000005,0.0,0.020073478564345302,1.3496864769484411,0.0,0.13999999999999996,0.0,-0.5,-0.18937893851392476,1.3121623420517642e-234,-0.0004593783564246884,-0.094468976868931
1770340591.322678,1.0500000000000005,0.0,0.020073478564345302,1.3496864769484411,0.0,0.13999999999999996,0.0,-0.5,-0.18937893851392476,9.949627522870943e-235,-0.0004981876354107583,-0.0944442563671556
1770340591.7358088,1.0500000000000005,0.0,0.020073478564345302,1.3496864769484411,0.0,0.13999999999999996,0.0,-0.5,-0.18937893851392476,9.249378350600155e-235,-0.000772802864109062,-0.09433052934777769
1770340592.1699076,1.0500000000000005,0.0,0.020073478564345302,1.3496864769484411,0.0,0.13999999999999996,0.0,-0.5,-0.18937893851392476,5.862282972706232e-235,-0.0003363557435152821,-0.09456493609726412
1770340592.5896823,1.0500000000000005,0.0,0.020073478564345302,1.3496864769484411,0.0,0.13999999999999996,0.0,-0.5,-0.18937893851392476,4.556261832090288e-235,-0.0011654602206946103,-0.09418964959433301
1770340593.004748,1.0500000000000005,0.0,0.020073478564345302,1.3496864769484411,0.0,0.13999999999999996,0.0,-0.5,-0.18937893851392476,3.3490039687742086e-235,-0.0002705631438404663,-0.09464367739272755
1770340593.4154701,1.0500000000000005,0.0,0.020073478564345302,1.3496864769484411,0.0,0.13999999999999996,0.0,-0.5,-0.18937893851392476,2.667502527834694e-235,-0.00015248847395686485,-0.09462503248697231
1770340593.8324397,1.0500000000000005,0.0,0.020073478564345302,1.3496864769484411,0.0,0.13999999999999996,0.0,-0.5,-0.18937893851392476,2.0819922910410885e-235,0.00018998565176981796,-0.09481870949541996
1770340594.2467427,1.0500000000000005,0.0,0.020073478564345302,1.3496864769484411,0.0,0.13999999999999996,0.0,-0.5,-0.18937893851392476,1.5670626845946968e-235,-0.000679133091059183,-0.09443681458571569
1770340594.662767,1.0500000000000005,0.0,0.020073478564345302,1.3496864769484411,0.0,0.13999999999999996,0.0,-0.5,-0.18937893851392476,1.225583003763797e-235,0.0003966031674623194,-0.09499534446654569
1770340595.08615,1.0500000000000005,0.0,0.020073478564345302,1.3496864769484411,0.0,0.13999999999999996,0.0,-0.5,-0.18937893851392476,9.279898949268697e-236,0.00022793618764150686,-0.09482030404876521
1770340595.5053577,1.0500000000000005,0.0,0.020073478564345302,1.3496864769484411,0.0,0.13999999999999996,0.0,-0.5,-0.18937893851392476,6.969093337610715e-236,-0.00014148434070662385,-0.09465566913944388
1770340595.9356012,1.0500000000000005,0.0,0.020073478564345302,1.3496864769484411,0.0,0.13999999999999996,0.0,-0.5,-0.18937893851392476,5.453432145634275e-236,-0.0010150002284420052,-0.09426932073151492
1770340596.372659,1.0500000000000005,0.0,0.020073478564345302,1.3496864769484411,0.0,0.13999999999999996,0.0,-0.5,-0.18937893851392476,4.102984270563688e-236,-0.00041943940664271133,-0.09453930563582096
1770340596.8042753,1.0500000000000005,0.0,0.020073478564345302,1.3496864769484411,0.0,0.13999999999999996,0.0,-0.5,-0.18937893851392476,3.1183612320363013e-236,0.00022493569815213978,-0.09486637461651792
1770340597.2296517,1.0500000000000005,0.0,0.020073478564345302,1.3496864769484411,0.0,0.13999999999999996,0.0,-0.5,-0.18937893851392476,2.344627201989881e-236,0.00034639758198686107,-0.09487481423633928
1770340597.6526082,1.0500000000000005,0.0,0.020073478564345302,1.3496864769484411,0.0,0.13999999999999996,0.0,-0.5,-0.18937893851392476,1.7733877016579587e-236,-0.0004506684679049138,-0.0945438416279991
1770340598.0729368,1.0500000000000005,0.0,0.020073478564345302,1.3496864769484411,0.0,0.13999999999999996,0.0,-0.5,-0.18937893851392476,1.4265014886548232e-236,-0.00018972550355901845,-0.09462070080161746
1770340598.4884539,1.0500000000000005,0.0,0.020073478564345302,1.3496864769484411,0.0,0.13999999999999996,0.0,-0.5,-0.18937893851392476,1.0421287446134046e-236,-0.00046867346939054603,-0.09448302731885025
1770340598.9203265,1.0500000000000005,0.0,0.020073478564345302,1.3496864769484411,0.0,0.13999999999999996,0.0,-0.5,-0.18937893851392476,7.886636055874454e-237,0.0005559648765491033,-0.09506991552983089
1770340599.3450136,1.0500000000000005,0.0,0.020073478564345302,1.3496864769484411,0.0,0.13999999999999996,0.0,-0.5,-0.18937893851392476,6.347572388215729e-237,0.0009546372016625913,-0.09520665509030501
1770340599.7724662,1.0500000000000005,0.0,0.020073478564345302,1.3496864769484411,0.0,0.13999999999999996,0.0,-0.5,-0.18937893851392476,4.6310541154488306e-237,-0.0002553416922063509,-0.0946827963002461
1770340600.2055707,1.0500000000000005,0.0,0.020073478564345302,1.3496864769484411,0.0,0.13999999999999996,0.0,-0.5,-0.18937893851392476,3.503206665520426e-237,-0.00015211544089450507,-0.09462373416164632
1770340600.6225345,1.0500000000000005,0.0,0.020073478564345302,1.3496864769484411,0.0,0.13999999999999996,0.0,-0.5,-0.18937893851392476,2.721421078568578e-237,-6.2579695875877536e-06,-0.09470092601929928
1770340601.0363984,1.0500000000000005,0.0,0.020073478564345302,1.3496864769484411,0.0,0.13999999999999996,0.0,-0.5,-0.18937893851392476,2.0586677336595707e-237,0.0012819623718680058,-0.09545927247704195
1770340601.4547482,1.0500000000000005,0.0,0.020073478564345302,1.3496864769484411,0.0,0.13999999999999996,0.0,-0.5,-0.18937893851392476,1.5975507518404814e-237,0.0004447155817200112,-0.09499555172683719
1770340601.8761277,1.0500000000000005,0.0,0.020073478564345302,1.3496864769484411,0.0,0.13999999999999996,0.0,-0.5,-0.18937893851392476,1.227480187480838e-237,0.00019372680138192888,-0.09481143153568716
1770340602.3206394,1.0500000000000005,0.0,0.020073478564345302,1.3496864769484411,0.0,0.13999999999999996,0.0,-0.5,-0.18937893851392476,9.067603126673392e-238,-6.757307433216664e-06,-0.09470613901412729
1770340602.7328749,1.0500000000000005,0.0,0.020073478564345302,1.3496864769484411,0.0,0.13999999999999996,0.0,-0.5,-0.18937893851392476,7.098723292375757e-238,0.0004618831946695451,-0.09496727490450743
1770340603.1489027,1.0500000000000005,0.0,0.020073478564345302,1.3496864769484411,0.0,0.13999999999999996,0.0,-0.5,-0.18937893851392476,5.507364113509812e-238,-0.0005599721794085209,-0.09451166870466593
1770340603.5788085,1.0500000000000005,0.0,0.020073478564345302,1.3496864769484411,0.0,0.13999999999999996,0.0,-0.5,-0.18937893851392476,4.169909809440814e-238,-0.0009868280497325522,-0.09423874081912852
1770340604.0034964,1.0500000000000005,0.0,0.020073478564345302,1.3496864769484411,0.0,0.13999999999999996,0.0,-0.5,-0.18937893851392476,3.155122044738016e-238,2.0825275313924305e-05,-0.09480064722712399
1770340604.4204998,1.0500000000000005,0.0,0.020073478564345302,1.3496864769484411,0.0,0.13999999999999996,0.0,-0.5,-0.18937893851392476,2.4486958482017793e-238,1.500736418110659e-05,-0.09469755473016622
1770340604.8394039,1.0500000000000005,0.0,0.020073478564345302,1.3496864769484411,0.0,0.13999999999999996,0.0,-0.5,-0.18937893851392476,1.8529385808763333e-238,4.459771443698153e-05,-0.09471472714920647
1770340605.2565582,1.0500000000000005,0.0,0.020073478564345302,1.3496864769484411,0.0,0.13999999999999996,0.0,-0.5,-0.18937893851392476,1.4379917285511046e-238,-0.00014830537603301841,-0.09463460687799287
1770340605.6783524,1.0500000000000005,0.0,0.020073478564345302,1.3496864769484411,0.0,0.13999999999999996,0.0,-0.5,-0.18937893851392476,1.0846368115140764e-238,-0.00018074478942890657,-0.09460234080358752
1770340606.0881581,1.0500000000000005,0.0,0.020073478564345302,1.3496864769484411,0.0,0.13999999999999996,0.0,-0.5,-0.18937893851392476,8.674761732119967e-239,0.0004443531082814538,-0.09497415560087415
1770340606.5001066,1.0500000000000005,0.0,0.020073478564345302,1.3496864769484411,0.0,0.13999999999999996,0.0,-0.5,-0.18937893851392476,6.527394871958484e-239,-0.00020824085174700983,-0.09465060822709172
1770340606.913618,1.0500000000000005,0.0,0.020073478564345302,1.3496864769484411,0.0,0.13999999999999996,0.0,-0.5,-0.18937893851392476,6.067711338164515e-239,0.00011194482565691813,-0.09477746023753122
1770340607.3253632,1.0500000000000005,0.0,0.020073478564345302,1.3496864769484411,0.0,0.13999999999999996,0.0,-0.5,-0.18937893851392476,3.848445095016697e-239,0.0011353379203523275,-0.09535947752660809
1770340607.7470984,1.0500000000000005,0.0,0.020073478564345302,1.3496864769484411,0.0,0.13999999999999996,0.0,-0.5,-0.18937893851392476,2.990610239679961e-239,-0.00013467576937176666,-0.09474913274124891
1770340608.1679623,1.0500000000000005,0.0,0.020073478564345302,1.3496864769484411,0.0,0.13999999999999996,0.0,-0.5,-0.18937893851392476,2.258108963753217e-239,0.0007167169449496705,-0.09513296700086936
1770340608.581812,1.0500000000000005,0.0,0.020073478564345302,1.3496864769484411,0.0,0.13999999999999996,0.0,-0.5,-0.18937893851392476,1.7561358335516607e-239,-0.0011176090727157992,-0.09431409732237103
1770340608.9938924,1.0500000000000005,0.0,0.020073478564345302,1.3496864769484411,0.0,0.13999999999999996,0.0,-0.5,-0.18937893851392476,1.3658384411158663e-239,-3.642373331015365e-05,-0.09477937592424787
1770340609.4074786,1.0500000000000005,0.0,0.020073478564345302,1.3496864769484411,0.0,0.13999999999999996,0.0,-0.5,-0.18937893851392476,1.0315478493002174e-239,0.0008332838119309825,-0.09519308191745199
1770340609.8219323,1.0500000000000005,0.0,0.020073478564345302,1.3496864769484411,0.0,0.13999999999999996,0.0,-0.5,-0.18937893851392476,8.015256348967294e-240,-0.0004412327745685128,-0.09459630452832808
1770340610.2394407,1.0500000000000005,0.0,0.020073478564345302,1.3496864769484411,0.0,0.13999999999999996,0.0,-0.5,-0.18937893851392476,6.217745353670564e-240,-0.0006900993118477516,-0.09436930625476643
1770340610.656218,1.0500000000000005,0.0,0.020073478564345302,1.3496864769484411,0.0,0.13999999999999996,0.0,-0.5,-0.18937893851392476,4.712303371158593e-240,-1.9311328247432536e-05,-0.0947468923911987
1770340611.0685024,1.0500000000000005,0.0,0.020073478564345302,1.3496864769484411,0.0,0.13999999999999996,0.0,-0.5,-0.18937893851392476,3.6613714918761793e-240,-0.0007110570296849775,-0.09440311531226366
1770340611.484662,1.0500000000000005,0.0,0.020073478564345302,1.3496864769484411,0.0,0.13999999999999996,0.0,-0.5,-0.18937893851392476,2.7713418165595327e-240,0.0005150679850311825,-0.09506961575094959
1770340611.909437,1.0500000000000005,0.0,0.020073478564345302,1.3496864769484411,0.0,0.13999999999999996,0.0,-0.5,-0.18937893851392476,2.153438183903805e-240,-4.060167277857951e-05,-0.09472473538635406
1770340612.3258948,1.0500000000000005,0.0,0.020073478564345302,1.3496864769484411,0.0,0.13999999999999996,0.0,-0.5,-0.18937893851392476,1.6277536051962973e-240,-0.0002623133501072128,-0.09458048374964163
1770340612.751013,1.0500000000000005,0.0,0.020073478564345302,1.3496864769484411,0.0,0.13999999999999996,0.0,-0.5,-0.18937893851392476,1.2591059113274402e-240,-0.0007350746807021148,-0.09436920804967082
1770340613.1700714,1.0500000000000005,0.0,0.020073478564345302,1.3496864769484411,0.0,0.13999999999999996,0.0,-0.5,-0.18937893851392476,9.556774547517776e-241,-0.0003850886324108252,-0.0945319235455861
1770340613.5898106,1.0500000000000005,0.0,0.020073478564345302,1.3496864769484411,0.0,0.13999999999999996,0.0,-0.5,-0.18937893851392476,7.44429428566393e-241,-0.00039037754636724015,-0.0944948093751744
1770340614.0196667,1.0500000000000005,0.0,0.020073478564345302,1.3496864769484411,0.0,0.13999999999999996,0.0,-0.5,-0.18937893851392476,5.634339521338994e-241,-0.00029539546332298073,-0.09455126973360532
1770340614.446942,1.0500000000000005,0.0,0.020073478564345302,1.3496864769484411,0.0,0.13999999999999996,0.0,-0.5,-0.18937893851392476,5.112438520355111e-241,0.00022019927143954957,-0.0948511283661584
1770340614.8616483,1.0500000000000005,0.0,0.020073478564345302,1.3496864769484411,0.0,0.13999999999999996,0.0,-0.5,-0.18937893851392476,3.3156803784211706e-241,-0.00035306888952270094,-0.09457026162829726
1770340615.299859,1.0500000000000005,0.0,0.020073478564345302,1.3496864769484411,0.0,0.13999999999999996,0.0,-0.5,-0.18937893851392476,2.482682100571366e-241,-0.001279581919298885,-0.09414232960029055
1770340615.7171223,1.0500000000000005,0.0,0.020073478564345302,1.3496864769484411,0.0,0.13999999999999996,0.0,-0.5,-0.18937893851392476,1.903649510370701e-241,-0.0003080232468221495,-0.09463261350079899
1770340616.1479645,1.0500000000000005,0.0,0.020073478564345302,1.3496864769484411,0.0,0.13999999999999996,0.0,-0.5,-0.18937893851392476,1.4771348268016106e-241,-0.0011755282979478802,-0.09418845561310102
1770340616.5723755,1.0500000000000005,0.0,0.020073478564345302,1.3496864769484411,0.0,0.13999999999999996,0.0,-0.5,-0.18937893851392476,1.1222705145992663e-241,-0.0007875709162497398,-0.09433447953700733
1770340616.990817,1.0500000000000005,0.0,0.020073478564345302,1.3496864769484411,0.0,0.13999999999999996,0.0,-0.5,-0.18937893851392476,8.721186414273289e-242,-0.0006593053910769855,-0.09437264311394117
1770340617.4103913,1.0500000000000005,0.0,0.020073478564345302,1.3496864769484411,0.0,0.13999999999999996,0.0,-0.5,-0.18937893851392476,6.493113697735434e-242,0.00022330621424229794,-0.09488938352461546
1770340617.8268073,1.0500000000000005,0.0,0.020073478564345302,1.3496864769484411,0.0,0.13999999999999996,0.0,-0.5,-0.18937893851392476,5.123666616619261e-242,2.9589488874778337e-05,-0.09472363567393652
1770340618.2424734,1.0500000000000005,0.0,0.020073478564345302,1.3496864769484411,0.0,0.13999999999999996,0.0,-0.5,-0.18937893851392476,3.884356009786089e-242,-0.000248350410011632,-0.0945930880418452
1770340618.6564052,1.0500000000000005,0.0,0.020073478564345302,1.3496864769484411,0.0,0.13999999999999996,0.0,-0.5,-0.18937893851392476,2.961146498836562e-242,-0.000569644593105068,-0.09443677637871918
1770340619.0883691,1.0500000000000005,0.0,0.020073478564345302,1.3496864769484411,0.0,0.13999999999999996,0.0,-0.5,-0.18937893851392476,2.2852950425421337e-242,-0.0004585762883878855,-0.09447128794324015
1770340619.515565,1.0500000000000005,0.0,0.020073478564345302,1.3496864769484411,0.0,0.13999999999999996,0.0,-0.5,-0.18937893851392476,1.7386706367816606e-242,-0.00014979247694724116,-0.09464545139963282
1770340619.9443538,1.0500000000000005,0.0,0.020073478564345302,1.3496864769484411,0.0,0.13999999999999996,0.0,-0.5,-0.18937893851392476,1.3444972826136896e-242,-0.0005625525407607188,-0.09444946899296337
1770340620.3643055,1.0500000000000005,0.0,0.020073478564345302,1.3496864769484411,0.0,0.13999999999999996,0.0,-0.5,-0.18937893851392476,9.95426578113835e-243,-0.0007590606750794833,-0.09432958973285452
1770340620.777413,1.0500000000000005,0.0,0.020073478564345302,1.3496864769484411,0.0,0.13999999999999996,0.0,-0.5,-0.18937893851392476,7.900562062368602e-243,-0.0004401705579793553,-0.09450127298968272
1770340621.1918232,1.0500000000000005,0.0,0.020073478564345302,1.3496864769484411,0.0,0.13999999999999996,0.0,-0.5,-0.18937893851392476,6.146586601576556e-243,-0.0002533814393295638,-0.09458145744916258
1770340621.6071973,1.0500000000000005,0.0,0.020073478564345302,1.3496864769484411,0.0,0.13999999999999996,0.0,-0.5,-0.18937893851392476,4.540647771426651e-243,-0.0008620923629734479,-0.09431929416784005
1770340622.0415418,1.0500000000000005,0.0,0.020073478564345302,1.3496864769484411,0.0,0.13999999999999996,0.0,-0.5,-0.18937893851392476,3.4358728965117714e-243,-0.0006940635567068294,-0.09435924035923562
1770340622.4524581,1.0500000000000005,0.0,0.020073478564345302,1.3496864769484411,0.0,0.13999999999999996,0.0,-0.5,-0.18937893851392476,2.664853509664213e-243,-0.0002936871168596496,-0.09458266334251728
1770340622.866282,1.0500000000000005,0.0,0.020073478564345302,1.3496864769484411,0.0,0.13999999999999996,0.0,-0.5,-0.18937893851392476,2.1339462656720396e-243,-0.00040010110176830015,-0.0945000601045691
1770340623.2862704,1.0500000000000005,0.0,0.020073478564345302,1.3496864769484411,0.0,0.13999999999999996,0.0,-0.5,-0.18937893851392476,1.566380390687996e-243,-0.0006966833709174161,-0.09437078579841858
1770340623.7074716,1.0500000000000005,0.0,0.020073478564345302,1.3496864769484411,0.0,0.13999999999999996,0.0,-0.5,-0.18937893851392476,1.213601589084718e-243,-0.0001894494402933572,-0.0946454679298781
1770340624.1298685,1.0500000000000005,0.0,0.020073478564345302,1.3496864769484411,0.0,0.13999999999999996,0.0,-0.5,-0.18937893851392476,9.197950706393448e-244,-0.0008182900956854079,-0.09434320827465888
1770340624.5458934,1.0500000000000005,0.0,0.020073478564345302,1.3496864769484411,0.0,0.13999999999999996,0.0,-0.5,-0.18937893851392476,7.389361130692105e-244,-0.0005485041545845853,-0.09444219577378017
1770340624.965461,1.0500000000000005,0.0,0.020073478564345302,1.3496864769484411,0.0,0.13999999999999996,0.0,-0.5,-0.18937893851392476,5.482370906218916e-244,-0.0005466247779574115,-0.0944163448056464
1770340625.3831291,1.0500000000000005,0.0,0.020073478564345302,1.3496864769484411,0.0,0.13999999999999996,0.0,-0.5,-0.18937893851392476,4.177730235087048e-244,-0.0009156529601176504,-0.09426854559511959
1770340625.804199,1.0500000000000005,0.0,0.020073478564345302,1.3496864769484411,0.0,0.13999999999999996,0.0,-0.5,-0.18937893851392476,3.174155077517682e-244,-0.0006124314367770081,-0.09441357569090794
1770340626.218946,1.0500000000000005,0.0,0.020073478564345302,1.3496864769484411,0.0,0.13999999999999996,0.0,-0.5,-0.18937893851392476,2.463252410576108e-244,-0.00017897942534859164,-0.09464332474543093
1770340626.6339405,1.0500000000000005,0.0,0.020073478564345302,1.3496864769484411,0.0,0.13999999999999996,0.0,-0.5,-0.18937893851392476,1.861195063993738e-244,0.00034737338871335317,-0.09491579123272526
1770340627.0587938,1.0500000000000005,0.0,0.020073478564345302,1.3496864769484411,0.0,0.13999999999999996,0.0,-0.5,-0.18937893851392476,1.4469610897309025e-244,-0.0004280121982342734,-0.09455300171654
1770340627.474123,1.0500000000000005,0.0,0.020073478564345302,1.3496864769484411,0.0,0.13999999999999996,0.0,-0.5,-0.18937893851392476,1.0933050600092333e-244,2.0630758765767824e-05,-0.09474464893204526
1770340627.8876457,1.0500000000000005,0.0,0.020073478564345302,1.3496864769484411,0.0,0.13999999999999996,0.0,-0.5,-0.18937893851392476,8.496889687041647e-245,-6.713208121436362e-05,-0.0946646795003532
1770340628.3096292,1.0500000000000005,0.0,0.020073478564345302,1.3496864769484411,0.0,0.13999999999999996,0.0,-0.5,-0.18937893851392476,6.594547837984769e-245,-0.00030986240116840616,-0.09455881108837358
1770340628.7336736,1.0500000000000005,0.0,0.020073478564345302,1.3496864769484411,0.0,0.13999999999999996,0.0,-0.5,-0.18937893851392476,4.9926130426024164e-245,-0.00018526095674278135,-0.09460929892303355
1770340629.1566513,1.0500000000000005,0.0,0.020073478564345302,1.3496864769484411,0.0,0.13999999999999996,0.0,-0.5,-0.18937893851392476,3.778476033509596e-245,-0.00027593101430242625,-0.09456057075556713
1770340629.57849,1.0500000000000005,0.0,0.020073478564345302,1.3496864769484411,0.0,0.13999999999999996,0.0,-0.5,-0.18937893851392476,2.9361875259298673e-245,-0.0002804294828567281,-0.09454970436238945
1770340630.0024393,1.0500000000000005,0.0,0.020073478564345302,1.3496864769484411,0.0,0.13999999999999996,0.0,-0.5,-0.18937893851392476,2.20734188815707e-245,-0.00011980501833991071,-0.0946456291942441
1770340630.4270456,1.0500000000000005,0.0,0.020073478564345302,1.3496864769484411,0.0,0.13999999999999996,0.0,-0.5,-0.18937893851392476,1.7227361198284272e-245,0.0009044630598138761,-0.09524412759468469
1770340630.856521,1.0500000000000005,0.0,0.020073478564345302,1.3496864769484411,0.0,0.13999999999999996,0.0,-0.5,-0.18937893851392476,1.2988940842013016e-245,-0.00010295375678248534,-0.09473873406023077
1770340631.3007505,1.0500000000000005,0.0,0.020073478564345302,1.3496864769484411,0.0,0.13999999999999996,0.0,-0.5,-0.18937893851392476,9.860992069786532e-246,-0.0009048271964336714,-0.09431724300271066
1770340631.715419,1.0500000000000005,0.0,0.020073478564345302,1.3496864769484411,0.0,0.13999999999999996,0.0,-0.5,-0.18937893851392476,7.462392329509846e-246,-0.00023831214488847518,-0.09463696468967266
1770340632.1439645,1.0500000000000005,0.0,0.020073478564345302,1.3496864769484411,0.0,0.13999999999999996,0.0,-0.5,-0.18937893851392476,5.792474834000945e-246,7.743077169380789e-05,-0.09475975893446752
1770340632.5673373,1.0500000000000005,0.0,0.020073478564345302,1.3496864769484411,0.0,0.13999999999999996,0.0,-0.5,-0.18937893851392476,4.3805570589405574e-246,-0.0005506067845942457,-0.09447696962029407
1770340632.9859495,1.0500000000000005,0.0,0.020073478564345302,1.3496864769484411,0.0,0.13999999999999996,0.0,-0.5,-0.18937893851392476,3.412525015798839e-246,6.9162126611067e-05,-0.09478602721138844
1770340633.405486,1.0500000000000005,0.0,0.020073478564345302,1.3496864769484411,0.0,0.13999999999999996,0.0,-0.5,-0.18937893851392476,2.610613105578959e-246,-0.00041845314458154915,-0.09452900421179086
1770340633.8167934,1.0500000000000005,0.0,0.020073478564345302,1.3496864769484411,0.0,0.13999999999999996,0.0,-0.5,-0.18937893851392476,2.0292419640244612e-246,0.0005586587744121145,-0.0950665098360678
1770340634.228066,1.0500000000000005,0.0,0.020073478564345302,1.3496864769484411,0.0,0.13999999999999996,0.0,-0.5,-0.18937893851392476,1.5761575144961345e-246,0.00046552208792133195,-0.09493154396957212
1770340634.6479936,1.0500000000000005,0.0,0.020073478564345302,1.3496864769484411,0.0,0.13999999999999996,0.0,-0.5,-0.18937893851392476,1.184643293106017e-246,-0.0005414429902549046,-0.09451944426965254
1770340635.0599272,1.0500000000000005,0.0,0.020073478564345302,1.3496864769484411,0.0,0.13999999999999996,0.0,-0.5,-0.18937893851392476,9.257720664353925e-247,-0.0008269732887388816,-0.09430453564244135
1770340635.4790177,1.0500000000000005,0.0,0.020073478564345302,1.3496864769484411,0.0,0.13999999999999996,0.0,-0.5,-0.18937893851392476,6.995188009079151e-247,0.00029716080272989566,-0.0949504630674742
1770340635.8918278,1.0500000000000005,0.0,0.020073478564345302,1.3496864769484411,0.0,0.13999999999999996,0.0,-0.5,-0.18937893851392476,5.395801587446706e-247,0.00047027417981688834,-0.09494191768457952
1770340636.317187,1.0500000000000005,0.0,0.020073478564345302,1.3496864769484411,0.0,0.13999999999999996,0.0,-0.5,-0.18937893851392476,4.114534662258854e-247,-0.00045216910150465016,-0.09455562903434221
1770340636.7275596,1.0500000000000005,0.0,0.020073478564345302,1.3496864769484411,0.0,0.13999999999999996,0.0,-0.5,-0.18937893851392476,3.19057759465111e-247,-0.00044668700718836934,-0.09446667396279983
1770340637.1486876,1.0500000000000005,0.0,0.020073478564345302,1.3496864769484411,0.0,0.13999999999999996,0.0,-0.5,-0.18937893851392476,2.9714945139378916e-247,-6.141021009346424e-06,-0.09473045334507561
1770340637.5584917,1.0500000000000005,0.0,0.020073478564345302,1.3496864769484411,0.0,0.13999999999999996,0.0,-0.5,-0.18937893851392476,1.8707238711842305e-247,-0.00040165751224813056,-0.09452819214996219
1770340637.9720364,1.0500000000000005,0.0,0.020073478564345302,1.3496864769484411,0.0,0.13999999999999996,0.0,-0.5,-0.18937893851392476,1.743468446747871e-247,0.0003172520883779107,-0.09491998626121394
1770340638.4024734,1.0500000000000005,0.0,0.020073478564345302,1.3496864769484411,0.0,0.13999999999999996,0.0,-0.5,-0.18937893851392476,1.0846973494244146e-247,0.0006503503752961911,-0.09504795427330232
1770340638.8227248,1.0500000000000005,0.0,0.020073478564345302,1.3496864769484411,0.0,0.13999999999999996,0.0,-0.5,-0.18937893851392476,8.53409189976532e-248,0.00021034538684531296,-0.09483864244923013
1770340639.259251,1.0500000000000005,0.0,0.020073478564345302,1.3496864769484411,0.0,0.13999999999999996,0.0,-0.5,-0.18937893851392476,6.481809093031915e-248,-0.00015544610566004967,-0.0946483253533829
1770340639.6709225,1.0500000000000005,0.0,0.020073478564345302,1.3496864769484411,0.0,0.13999999999999996,0.0,-0.5,-0.18937893851392476,4.9427698981846406e-248,-1.8502373897846488e-05,-0.09469391244318968
1770340640.0871577,1.0500000000000005,0.0,0.020073478564345302,1.3496864769484411,0.0,0.13999999999999996,0.0,-0.5,-0.18937893851392476,3.815784566846839e-248,0.0012229123663114584,-0.09542506691413903
1770340640.501068,1.0500000000000005,0.0,0.020073478564345302,1.3496864769484411,0.0,0.13999999999999996,0.0,-0.5,-0.18937893851392476,2.965855927171761e-248,0.00016606601571221547,-0.09487818689987841
1770340640.948054,1.0500000000000005,0.0,0.020073478564345302,1.3496864769484411,0.0,0.13999999999999996,0.0,-0.5,-0.18937893851392476,2.197575582893369e-248,0.0001123047891755291,-0.09475099777420382
1770340641.3706112,1.0500000000000005,0.0,0.020073478564345302,1.3496864769484411,0.0,0.13999999999999996,0.0,-0.5,-0.18937893851392476,1.7249671775588274e-248,0.0004151400549734692,-0.09492732281102892
1770340641.7855873,1.0500000000000005,0.0,0.020073478564345302,1.3496864769484411,0.0,0.13999999999999996,0.0,-0.5,-0.18937893851392476,1.2900674115465026e-248,0.000853857857509781,-0.09516026996597089
1770340642.2018826,1.0500000000000005,0.0,0.020073478564345302,1.3496864769484411,0.0,0.13999999999999996,0.0,-0.5,-0.18937893851392476,1.0191399514415083e-248,-4.970257950410382e-05,-0.09475497401091172
1770340642.6163046,1.0500000000000005,0.0,0.020073478564345302,1.3496864769484411,0.0,0.13999999999999996,0.0,-0.5,-0.18937893851392476,7.633824176939088e-249,0.00046124173638209943,-0.09497118455674204
1770340643.0252583,1.0500000000000005,0.0,0.020073478564345302,1.3496864769484411,0.0,0.13999999999999996,0.0,-0.5,-0.18937893851392476,6.151604248343427e-249,0.0009649757328550685,-0.0952223305230372
1770340643.4545226,1.0500000000000005,0.0,0.020073478564345302,1.3496864769484411,0.0,0.13999999999999996,0.0,-0.5,-0.18937893851392476,4.655717260678163e-249,0.0009095269368814477,-0.09514977760500047
1770340643.8740137,1.0500000000000005,0.0,0.020073478564345302,1.3496864769484411,0.0,0.13999999999999996,0.0,-0.5,-0.18937893851392476,3.520071609716271e-249,-0.00046586052028342985,-0.09459407774253714
1770340644.2863202,1.0500000000000005,0.0,0.020073478564345302,1.3496864769484411,0.0,0.13999999999999996,0.0,-0.5,-0.18937893851392476,2.7288609610138897e-249,-0.00041036340553142025,-0.09448983726567188
1770340644.711814,1.0500000000000005,0.0,0.020073478564345302,1.3496864769484411,0.0,0.13999999999999996,0.0,-0.5,-0.18937893851392476,2.1149382961288337e-249,0.0004413965473235405,-0.09499534352590965
1770340645.1409688,1.0500000000000005,0.0,0.020073478564345302,1.3496864769484411,0.0,0.13999999999999996,0.0,-0.5,-0.18937893851392476,1.5931914172726575e-249,0.0007036244007519118,-0.09506750424268118
1770340645.56655,1.0500000000000005,0.0,0.020073478564345302,1.3496864769484411,0.0,0.13999999999999996,0.0,-0.5,-0.18937893851392476,1.2068542913965408e-249,0.00015627492140253823,-0.0948223416655986
1770340645.9871829,1.0500000000000005,0.0,0.020073478564345302,1.3496864769484411,0.0,0.13999999999999996,0.0,-0.5,-0.18937893851392476,9.35234300771525e-250,0.00021557800389534776,-0.09480318856715933
1770340646.4024765,1.0500000000000005,0.0,0.020073478564345302,1.3496864769484411,0.0,0.13999999999999996,0.0,-0.5,-0.18937893851392476,6.826141606162759e-250,0.0003313463016553436,-0.09486671923756605
1770340646.8188713,1.0500000000000005,0.0,0.020073478564345302,1.3496864769484411,0.0,0.13999999999999996,0.0,-0.5,-0.18937893851392476,5.4805591716202527e-250,0.000761037181945153,-0.09511295693596393
1770340647.2323525,1.0500000000000005,0.0,0.020073478564345302,1.3496864769484411,0.0,0.13999999999999996,0.0,-0.5,-0.18937893851392476,4.228485318844724e-250,-0.0004917369404160299,-0.09456887819899047
1770340647.6679094,1.0500000000000005,0.0,0.020073478564345302,1.3496864769484411,0.0,0.13999999999999996,0.0,-0.5,-0.18937893851392476,3.223078656293418e-250,0.0004114330939833811,-0.09498550280739401
1770340648.0781567,1.0500000000000005,0.0,0.020073478564345302,1.3496864769484411,0.0,0.13999999999999996,0.0,-0.5,-0.18937893851392476,2.4461853350169697e-250,0.0007448554227351374,-0.09509523920120512
1770340648.4953024,1.0500000000000005,0.0,0.020073478564345302,1.3496864769484411,0.0,0.13999999999999996,0.0,-0.5,-0.18937893851392476,1.8932689269195776e-250,0.0003503247121559102,-0.09490408468409825
1770340648.9161994,1.0500000000000005,0.0,0.020073478564345302,1.3496864769484411,0.0,0.13999999999999996,0.0,-0.5,-0.18937893851392476,1.438821147745783e-250,-0.0005756295779577876,-0.09449424989699486
1770340649.3447828,1.0500000000000005,0.0,0.020073478564345302,1.3496864769484411,0.0,0.13999999999999996,0.0,-0.5,-0.18937893851392476,1.106478588382044e-250,0.00035058135189677044,-0.09495738102589622
1770340649.7571998,1.0500000000000005,0.0,0.020073478564345302,1.3496864769484411,0.0,0.13999999999999996,0.0,-0.5,-0.18937893851392476,8.507543110748375e-251,0.00039979536015674404,-0.09489428833786676
1770340650.1681826,1.0500000000000005,0.0,0.020073478564345302,1.3496864769484411,0.0,0.13999999999999996,0.0,-0.5,-0.18937893851392476,6.306173330072808e-251,0.00046943461336661067,-0.09493115048896666
1770340650.587799,1.0500000000000005,0.0,0.020073478564345302,1.3496864769484411,0.0,0.13999999999999996,0.0,-0.5,-0.18937893851392476,5.128503729534223e-251,0.0009326163590069343,-0.09520209561102988
1770340651.01334,1.0500000000000005,0.0,0.020073478564345302,1.3496864769484411,0.0,0.13999999999999996,0.0,-0.5,-0.18937893851392476,3.7095024617433035e-251,-0.00015794185139369788,-0.0947195541523056
1770340651.4401512,1.0500000000000005,0.0,0.020073478564345302,1.3496864769484411,0.0,0.13999999999999996,0.0,-0.5,-0.18937893851392476,2.802589479993597e-251,-8.723672808477224e-05,-0.09465292140525089
1770340651.8606243,1.0500000000000005,0.0,0.020073478564345302,1.3496864769484411,0.0,0.13999999999999996,0.0,-0.5,-0.18937893851392476,2.26655994392929e-251,0.0009540439918661033,-0.09527061932489052
1770340652.2855525,1.0500000000000005,0.0,0.020073478564345302,1.3496864769484411,0.0,0.13999999999999996,0.0,-0.5,-0.18937893851392476,1.6501168332995626e-251,0.00038002052080450083,-0.09493688186447079
1770340652.7244823,1.0500000000000005,0.0,0.020073478564345302,1.3496864769484411,0.0,0.13999999999999996,0.0,-0.5,-0.18937893851392476,1.2456270455214762e-251,0.001023739419756728,-0.09526571085673596
1770340653.1498196,1.0500000000000005,0.0,0.020073478564345302,1.3496864769484411,0.0,0.13999999999999996,0.0,-0.5,-0.18937893851392476,9.62507235033749e-252,0.00040558314670090256,-0.09495407645761843
1770340653.5638986,1.0500000000000005,0.0,0.020073478564345302,1.3496864769484411,0.0,0.13999999999999996,0.0,-0.5,-0.18937893851392476,7.308023502950562e-252,-5.847770477659134e-05,-0.09470663648972183
1770340653.9854388,1.0500000000000005,0.0,0.020073478564345302,1.3496864769484411,0.0,0.13999999999999996,0.0,-0.5,-0.18937893851392476,5.675616270664814e-252,0.0005014395382926364,-0.09499618075041562
1770340654.4105458,1.0500000000000005,0.0,0.020073478564345302,1.3496864769484411,0.0,0.13999999999999996,0.0,-0.5,-0.18937893851392476,4.2969092496942813e-252,-8.280457737982263e-05,-0.0947064913798397
1770340654.8335617,1.0500000000000005,0.0,0.020073478564345302,1.3496864769484411,0.0,0.13999999999999996,0.0,-0.5,-0.18937893851392476,3.925396205153262e-252,0.0005744369290233048,-0.09504241187211435
1770340655.2583902,1.0500000000000005,0.0,0.020073478564345302,1.3496864769484411,0.0,0.13999999999999996,0.0,-0.5,-0.18937893851392476,2.5231844786867696e-252,0.00034330797461071955,-0.09488423613970899
1770340655.6806211,1.0500000000000005,0.0,0.020073478564345302,1.3496864769484411,0.0,0.13999999999999996,0.0,-0.5,-0.18937893851392476,2.124633602031673e-252,-0.00022989398442867167,-0.094631842460652
1770340656.0926492,1.0500000000000005,0.0,0.020073478564345302,1.3496864769484411,0.0,0.13999999999999996,0.0,-0.5,-0.18937893851392476,1.4860703753928568e-252,-0.0002963375731121212,-0.09454794482927467
1770340656.5102367,1.0500000000000005,0.0,0.020073478564345302,1.3496864769484411,0.0,0.13999999999999996,0.0,-0.5,-0.18937893851392476,1.1487774544474267e-252,0.0008208179697128471,-0.0952115937961013
1770340656.9243753,1.0500000000000005,0.0,0.020073478564345302,1.3496864769484411,0.0,0.13999999999999996,0.0,-0.5,-0.18937893851392476,8.708406046474797e-253,-6.501321036385719e-05,-0.09474554576978812
1770340657.3640013,1.0500000000000005,0.0,0.020073478564345302,1.3496864769484411,0.0,0.13999999999999996,0.0,-0.5,-0.18937893851392476,6.759052469277308e-253,0.000534512023936696,-0.09501667779236078
1770340657.7821555,1.0500000000000005,0.0,0.020073478564345302,1.3496864769484411,0.0,0.13999999999999996,0.0,-0.5,-0.18937893851392476,5.1132715258324654e-253,0.0005709248128380356,-0.09497857294227154
1770340658.199752,1.0500000000000005,0.0,0.020073478564345302,1.3496864769484411,0.0,0.13999999999999996,0.0,-0.5,-0.18937893851392476,3.856294272755819e-253,-0.0005297615755935466,-0.09453465710800878
1770340658.6241565,1.0500000000000005,0.0,0.020073478564345302,1.3496864769484411,0.0,0.13999999999999996,0.0,-0.5,-0.18937893851392476,2.997399473704492e-253,-0.0006183326387266847,-0.09438916004391236
1770340659.0416677,1.0500000000000005,0.0,0.020073478564345302,1.3496864769484411,0.0,0.13999999999999996,0.0,-0.5,-0.18937893851392476,2.27365915713501e-253,-0.0003110242809488191,-0.09456468795226576
1770340659.456304,1.0500000000000005,0.0,0.020073478564345302,1.3496864769484411,0.0,0.13999999999999996,0.0,-0.5,-0.18937893851392476,1.7704967834435892e-253,0.0009355875568954042,-0.0952819242191945
1770340659.8710012,1.0500000000000005,0.0,0.020073478564345302,1.3496864769484411,0.0,0.13999999999999996,0.0,-0.5,-0.18937893851392476,1.367712804258241e-253,0.000429345902928819,-0.09495476637382344
1770340660.2842965,1.0500000000000005,0.0,0.020073478564345302,1.3496864769484411,0.0,0.13999999999999996,0.0,-0.5,-0.18937893851392476,1.0328322137758076e-253,-0.0004066462412972108,-0.09456974535073638
1770340660.7094786,1.0500000000000005,0.0,0.020073478564345302,1.3496864769484411,0.0,0.13999999999999996,0.0,-0.5,-0.18937893851392476,8.056585408616334e-254,-4.11103218553081e-05,-0.09470546768797893
1770340661.1359026,1.0500000000000005,0.0,0.020073478564345302,1.3496864769484411,0.0,0.13999999999999996,0.0,-0.5,-0.18937893851392476,7.628806983832803e-254,-0.00013656736249020754,-0.09463073127978076
1770340661.553086,1.0500000000000005,0.0,0.020073478564345302,1.3496864769484411,0.0,0.13999999999999996,0.0,-0.5,-0.18937893851392476,4.726136045261079e-254,-0.00026155653280986765,-0.0945711899075894
1770340661.9704807,1.0500000000000005,0.0,0.020073478564345302,1.3496864769484411,0.0,0.13999999999999996,0.0,-0.5,-0.18937893851392476,4.4807723121542845e-254,0.00011160539877334868,-0.09478258814950738
1770340662.4113328,1.0500000000000005,0.0,0.020073478564345302,1.3496864769484411,0.0,0.13999999999999996,0.0,-0.5,-0.18937893851392476,2.705020047943699e-254,-0.00010782377089027523,-0.0946575002884836
1770340662.8200266,1.0500000000000005,0.0,0.020073478564345302,1.3496864769484411,0.0,0.13999999999999996,0.0,-0.5,-0.18937893851392476,2.099481862123726e-254,-4.097912767465549e-05,-0.09467566415744662
1770340663.231673,1.0500000000000005,0.0,0.020073478564345302,1.3496864769484411,0.0,0.13999999999999996,0.0,-0.5,-0.18937893851392476,1.6303738751846495e-254,-0.0003750151369543463,-0.09453536528941318
1770340663.6526062,1.0500000000000005,0.0,0.020073478564345302,1.3496864769484411,0.0,0.13999999999999996,0.0,-0.5,-0.18937893851392476,1.2357843423130542e-254,-0.0001259024191580532,-0.09465142931916298
1770340664.0719569,1.0500000000000005,0.0,0.020073478564345302,1.3496864769484411,0.0,0.13999999999999996,0.0,-0.5,-0.18937893851392476,1.1538413548136778e-254,0.0015605690200405065,-0.09563840091090249
1770340664.4830422,1.0500000000000005,0.0,0.020073478564345302,1.3496864769484411,0.0,0.13999999999999996,0.0,-0.5,-0.18937893851392476,7.297455047412071e-255,9.689742159918729e-05,-0.0948842851276061
1770340664.8992684,1.0500000000000005,0.0,0.020073478564345302,1.3496864769484411,0.0,0.13999999999999996,0.0,-0.5,-0.18937893851392476,5.653196767478975e-255,0.0001375045066192377,-0.094762282218774
1770340665.3139327,1.0500000000000005,0.0,0.020073478564345302,1.3496864769484411,0.0,0.13999999999999996,0.0,-0.5,-0.18937893851392476,4.392400176334453e-255,-0.0003229179359158117,-0.09457405253325797
1770340665.7475607,1.0500000000000005,0.0,0.020073478564345302,1.3496864769484411,0.0,0.13999999999999996,0.0,-0.5,-0.18937893851392476,3.3281626681022603e-255,-0.00018098916601472096,-0.09461316755094513
1770340666.1646354,1.0500000000000005,0.0,0.020073478564345302,1.3496864769484411,0.0,0.13999999999999996,0.0,-0.5,-0.18937893851392476,2.5243728851004736e-255,2.176381955081118e-05,-0.09472062646529435
1770340666.5751846,1.0500000000000005,0.0,0.020073478564345302,1.3496864769484411,0.0,0.13999999999999996,0.0,-0.5,-0.18937893851392476,1.959847514249171e-255,-0.0005609895641192346,-0.09446724981326977
1770340666.9917173,1.0500000000000005,0.0,0.020073478564345302,1.3496864769484411,0.0,0.13999999999999996,0.0,-0.5,-0.18937893851392476,1.5252544478978448e-255,-0.0005426587435870837,-0.09441997296722206
1770340667.4095051,1.0500000000000005,0.0,0.020073478564345302,1.3496864769484411,0.0,0.13999999999999996,0.0,-0.5,-0.18937893851392476,1.1550864061384002e-255,-0.0009050320759785104,-0.09427319055221227
1770340667.8203845,1.0500000000000005,0.0,0.020073478564345302,1.3496864769484411,0.0,0.13999999999999996,0.0,-0.5,-0.18937893851392476,1.0784509634973032e-255,-0.001069670041584922,-0.09417109803273056
1770340668.2305405,1.0500000000000005,0.0,0.020073478564345302,1.3496864769484411,0.0,0.13999999999999996,0.0,-0.5,-0.18937893851392476,8.391293448955294e-256,-0.0009273968564234129,-0.09423999814726683
1770340668.6411197,1.0500000000000005,0.0,0.020073478564345302,1.3496864769484411,0.0,0.13999999999999996,0.0,-0.5,-0.18937893851392476,5.2973421157230747e-256,5.838351215977581e-05,-0.0948172390499006
1770340669.0499678,1.0500000000000005,0.0,0.020073478564345302,1.3496864769484411,0.0,0.13999999999999996,0.0,-0.5,-0.18937893851392476,4.1218570941093376e-256,-0.0010069026067324044,-0.0942925465654854
1770340669.4673502,1.0500000000000005,0.0,0.020073478564345302,1.3496864769484411,0.0,0.13999999999999996,0.0,-0.5,-0.18937893851392476,3.195843244251033e-256,-0.001193536904064067,-0.09411136423466351
1770340669.9068449,1.0500000000000005,0.0,0.020073478564345302,1.3496864769484411,0.0,0.13999999999999996,0.0,-0.5,-0.18937893851392476,2.368519361030574e-256,-0.0009026021825132894,-0.09426726163786081
1770340670.323659,1.0500000000000005,0.0,0.020073478564345302,1.3496864769484411,0.0,0.13999999999999996,0.0,-0.5,-0.18937893851392476,1.8387858502298998e-256,-6.60428058910673e-05,-0.09474010379167908
1770340670.7420104,1.0500000000000005,0.0,0.020073478564345302,1.3496864769484411,0.0,0.13999999999999996,0.0,-0.5,-0.18937893851392476,1.4160114496222067e-256,-0.0001588945683406343,-0.09461930714903702
1770340671.1591573,1.0500000000000005,0.0,0.020073478564345302,1.3496864769484411,0.0,0.13999999999999996,0.0,-0.5,-0.18937893851392476,1.082301978984009e-256,-0.00014823807094730603,-0.09461641587122806
1770340671.5769172,1.0500000000000005,0.0,0.020073478564345302,1.3496864769484411,0.0,0.13999999999999996,0.0,-0.5,-0.18937893851392476,8.128922793592269e-257,-0.00027083637011891815,-0.09456631090182009
1770340671.9871042,1.0500000000000005,0.0,0.020073478564345302,1.3496864769484411,0.0,0.13999999999999996,0.0,-0.5,-0.18937893851392476,6.4396112214878565e-257,-0.0006462595911847085,-0.0944038817834766
1770340672.4019232,1.0500000000000005,0.0,0.020073478564345302,1.3496864769484411,0.0,0.13999999999999996,0.0,-0.5,-0.18937893851392476,4.934964402339755e-257,-0.00018595789797247307,-0.09464252047729738
1770340672.8246164,1.0500000000000005,0.0,0.020073478564345302,1.3496864769484411,0.0,0.13999999999999996,0.0,-0.5,-0.18937893851392476,3.722183266516244e-257,-0.00019618315772727308,-0.09459240020407422
1770340673.239696,1.0500000000000005,0.0,0.020073478564345302,1.3496864769484411,0.0,0.13999999999999996,0.0,-0.5,-0.18937893851392476,2.8188330901319265e-257,-7.179420606429857e-05,-0.09466601104909653
1770340673.6591868,1.0500000000000005,0.0,0.020073478564345302,1.3496864769484411,0.0,0.13999999999999996,0.0,-0.5,-0.18937893851392476,2.2294175706106655e-257,-0.00010130784120024306,-0.09464176669987585
1770340674.073119,1.0500000000000005,0.0,0.020073478564345302,1.3496864769484411,0.0,0.13999999999999996,0.0,-0.5,-0.18937893851392476,1.7536276578091138e-257,-0.00016369821551849939,-0.09461385918663495
1770340674.486316,1.0500000000000005,0.0,0.020073478564345302,1.3496864769484411,0.0,0.13999999999999996,0.0,-0.5,-0.18937893851392476,1.2850839303404428e-257,1.6694877552243586e-05,-0.09471585600504558
1770340674.9011283,1.0500000000000005,0.0,0.020073478564345302,1.3496864769484411,0.0,0.13999999999999996,0.0,-0.5,-0.18937893851392476,9.975287202148084e-258,1.821330330857732e-05,-0.09469872775119231
1770340675.310664,1.0500000000000005,0.0,0.020073478564345302,1.3496864769484411,0.0,0.13999999999999996,0.0,-0.5,-0.18937893851392476,7.732064031775011e-258,-0.0005726826773555672,-0.094462217516351
1770340675.722572,1.0500000000000005,0.0,0.020073478564345302,1.3496864769484411,0.0,0.13999999999999996,0.0,-0.5,-0.18937893851392476,6.011356559052022e-258,0.00019100463085205694,-0.09486134030320917
1770340676.1420188,1.0500000000000005,0.0,0.020073478564345302,1.3496864769484411,0.0,0.13999999999999996,0.0,-0.5,-0.18937893851392476,4.694759136083872e-258,0.0006308384322519487,-0.09504887185322834
1770340676.5582767,1.0500000000000005,0.0,0.020073478564345302,1.3496864769484411,0.0,0.13999999999999996,0.0,-0.5,-0.18937893851392476,3.566966471272773e-258,6.732604722365574e-05,-0.09477948351907703
1770340676.974711,1.0500000000000005,0.0,0.020073478564345302,1.3496864769484411,0.0,0.13999999999999996,0.0,-0.5,-0.18937893851392476,2.671363011854415e-258,-4.624800290791079e-05,-0.09467770266052157
1770340677.404323,1.0500000000000005,0.0,0.020073478564345302,1.3496864769484411,0.0,0.13999999999999996,0.0,-0.5,-0.18937893851392476,2.0720757798969289e-258,0.0005494881051854071,-0.09502378692036441
1770340677.8303385,1.0500000000000005,0.0,0.020073478564345302,1.3496864769484411,0.0,0.13999999999999996,0.0,-0.5,-0.18937893851392476,1.5605279261379016e-258,0.0006728559568175085,-0.09503823402053435
1770340678.274209,1.0500000000000005,0.0,0.020073478564345302,1.3496864769484411,0.0,0.13999999999999996,0.0,-0.5,-0.18937893851392476,1.1557278795141537e-258,-0.0013369297412482032,-0.09422198295614484
1770340678.6925368,1.0500000000000005,0.0,0.020073478564345302,1.3496864769484411,0.0,0.13999999999999996,0.0,-0.5,-0.18937893851392476,8.959852821700941e-259,-0.0007110639408283545,-0.0943965238665902
1770340679.1077704,1.0500000000000005,0.0,0.020073478564345302,1.3496864769484411,0.0,0.13999999999999996,0.0,-0.5,-0.18937893851392476,6.973558102591466e-259,2.7976839544126308e-05,-0.09477736175477168
1770340679.5227904,1.0500000000000005,0.0,0.020073478564345302,1.3496864769484411,0.0,0.13999999999999996,0.0,-0.5,-0.18937893851392476,5.477737494286668e-259,0.0007109263439290557,-0.0951132273793654
1770340679.9503903,1.0500000000000005,0.0,0.020073478564345302,1.3496864769484411,0.0,0.13999999999999996,0.0,-0.5,-0.18937893851392476,4.086843694695063e-259,-0.0001385432555184394,-0.09470514458914792
1770340680.370502,1.0500000000000005,0.0,0.020073478564345302,1.3496864769484411,0.0,0.13999999999999996,0.0,-0.5,-0.18937893851392476,3.096661654032806e-259,0.0007912749754831539,-0.09517808856780412
1770340680.7938652,1.0500000000000005,0.0,0.020073478564345302,1.3496864769484411,0.0,0.13999999999999996,0.0,-0.5,-0.18937893851392476,2.3427153153360238e-259,-0.00028308714313542626,-0.09465536189725653
1770340681.220592,1.0500000000000005,0.0,0.020073478564345302,1.3496864769484411,0.0,0.13999999999999996,0.0,-0.5,-0.18937893851392476,1.8183561554983488e-259,0.0009764270119472639,-0.09530363417844427
1770340681.6360486,1.0500000000000005,0.0,0.020073478564345302,1.3496864769484411,0.0,0.13999999999999996,0.0,-0.5,-0.18937893851392476,1.3900670523625142e-259,0.0005935424258236108,-0.09502452892848655
1770340682.048176,1.0500000000000005,0.0,0.020073478564345302,1.3496864769484411,0.0,0.13999999999999996,0.0,-0.5,-0.18937893851392476,1.0688776225733304e-259,0.00020910187544636417,-0.09483246424972329
1770340682.4625294,1.0500000000000005,0.0,0.020073478564345302,1.3496864769484411,0.0,0.13999999999999996,0.0,-0.5,-0.18937893851392476,8.291720759061572e-260,0.0003927867397533456,-0.09490423111326975
1770340682.8803673,1.0500000000000005,0.0,0.020073478564345302,1.3496864769484411,0.0,0.13999999999999996,0.0,-0.5,-0.18937893851392476,6.269019013991818e-260,-0.0005687681244453224,-0.09450124068115959
1770340683.293469,1.0500000000000005,0.0,0.020073478564345302,1.3496864769484411,0.0,0.13999999999999996,0.0,-0.5,-0.18937893851392476,4.862331243697451e-260,-0.0003177509135745799,-0.09455569552126217
1770340683.7215517,1.0500000000000005,0.0,0.020073478564345302,1.3496864769484411,0.0,0.13999999999999996,0.0,-0.5,-0.18937893851392476,3.688056712486737e-260,0.0013180487276219972,-0.09551207358489304
1770340684.135824,1.0500000000000005,0.0,0.020073478564345302,1.3496864769484411,0.0,0.13999999999999996,0.0,-0.5,-0.18937893851392476,2.8530644844361703e-260,-0.00024592323640225833,-0.09472290483516367
1770340684.5498655,1.0500000000000005,0.0,0.020073478564345302,1.3496864769484411,0.0,0.13999999999999996,0.0,-0.5,-0.18937893851392476,2.2216094685263296e-260,-0.00016876758818795608,-0.09461280102768983
1770340684.9742024,1.0500000000000005,0.0,0.020073478564345302,1.3496864769484411,0.0,0.13999999999999996,0.0,-0.5,-0.18937893851392476,1.676014175512369e-260,-0.00027715552053213813,-0.09456173028993073
1770340685.405129,1.0500000000000005,0.0,0.020073478564345302,1.3496864769484411,0.0,0.13999999999999996,0.0,-0.5,-0.18937893851392476,1.2742957030604145e-260,0.0005697677479688801,-0.09505904545779692
1770340685.8210852,1.0500000000000005,0.0,0.020073478564345302,1.3496864769484411,0.0,0.13999999999999996,0.0,-0.5,-0.18937893851392476,9.853124567428829e-261,0.00021773329276535196,-0.09483353934886542
1770340686.2416258,1.0500000000000005,0.0,0.020073478564345302,1.3496864769484411,0.0,0.13999999999999996,0.0,-0.5,-0.18937893851392476,7.485282739909976e-261,0.00024125329397250707,-0.09481244790406936
1770340686.6559737,1.0500000000000005,0.0,0.020073478564345302,1.3496864769484411,0.0,0.13999999999999996,0.0,-0.5,-0.18937893851392476,5.822959481355603e-261,0.00010991731295640809,-0.09475756151154219
1770340687.071967,1.0500000000000005,0.0,0.020073478564345302,1.3496864769484411,0.0,0.13999999999999996,0.0,-0.5,-0.18937893851392476,4.525944354447738e-261,0.0006248982195970772,-0.09505341645742499
1770340687.502093,1.0500000000000005,0.0,0.020073478564345302,1.3496864769484411,0.0,0.13999999999999996,0.0,-0.5,-0.18937893851392476,3.4101405563219743e-261,0.00023510103336198764,-0.09484599949226688
1770340687.915832,1.0500000000000005,0.0,0.020073478564345302,1.3496864769484411,0.0,0.13999999999999996,0.0,-0.5,-0.18937893851392476,2.5722632666156105e-261,0.0009127697143188339,-0.09521362098221749
1770340688.3255675,1.0500000000000005,0.0,0.020073478564345302,1.3496864769484411,0.0,0.13999999999999996,0.0,-0.5,-0.18937893851392476,2.003908569527854e-261,0.0008103030716179482,-0.09510486745704144
1770340688.738003,1.0500000000000005,0.0,0.020073478564345302,1.3496864769484411,0.0,0.13999999999999996,0.0,-0.5,-0.18937893851392476,1.5762471318277611e-261,-0.0003113877516941635,-0.0946459444634465
1770340689.1651967,1.0500000000000005,0.0,0.020073478564345302,1.3496864769484411,0.0,0.13999999999999996,0.0,-0.5,-0.18937893851392476,1.178652807154899e-261,0.0013880875838831,-0.09555346058246166
1770340689.583242,1.0500000000000005,0.0,0.020073478564345302,1.3496864769484411,0.0,0.13999999999999996,0.0,-0.5,-0.18937893851392476,9.159085126082574e-262,-0.00026290336202254734,-0.09472311667054166
1770340690.0004382,1.0500000000000005,0.0,0.020073478564345302,1.3496864769484411,0.0,0.13999999999999996,0.0,-0.5,-0.18937893851392476,6.939818398979235e-262,-0.000894101157129091,-0.09430553845790848
1770340690.4341238,1.0500000000000005,0.0,0.020073478564345302,1.3496864769484411,0.0,0.13999999999999996,0.0,-0.5,-0.18937893851392476,5.389865045484745e-262,-0.00039587280532115717,-0.09454135568948259
1770340690.8498857,1.0500000000000005,0.0,0.020073478564345302,1.3496864769484411,0.0,0.13999999999999996,0.0,-0.5,-0.18937893851392476,4.0798561592348846e-262,0.0005858606901580023,-0.0950805729515893
1770340691.2723927,1.0500000000000005,0.0,0.020073478564345302,1.3496864769484411,0.0,0.13999999999999996,0.0,-0.5,-0.18937893851392476,3.1487978228494606e-262,-3.5916749124428003e-05,-0.09473368862632842
1770340691.6870162,1.0500000000000005,0.0,0.020073478564345302,1.3496864769484411,0.0,0.13999999999999996,0.0,-0.5,-0.18937893851392476,2.4001439814152115e-262,0.0001479469595606533,-0.09478182910761122
1770340692.1098087,1.0500000000000005,0.0,0.020073478564345302,1.3496864769484411,0.0,0.13999999999999996,0.0,-0.5,-0.18937893851392476,1.8698322376781948e-262,0.0006127985299408585,-0.09504235367897083
1770340692.5470357,1.0500000000000005,0.0,0.020073478564345302,1.3496864769484411,0.0,0.13999999999999996,0.0,-0.5,-0.18937893851392476,1.4156546331226703e-262,3.219864666158061e-05,-0.0947636285686211
1770340692.9676616,1.0500000000000005,0.0,0.020073478564345302,1.3496864769484411,0.0,0.13999999999999996,0.0,-0.5,-0.18937893851392476,1.0710071698272993e-262,-0.0003506704824100241,-0.09455242092866453
1770340693.3887317,1.0500000000000005,0.0,0.020073478564345302,1.3496864769484411,0.0,0.13999999999999996,0.0,-0.5,-0.18937893851392476,8.221041004630909e-263,-0.0007226881794995096,-0.09436532693692158
1770340693.8104699,1.0500000000000005,0.0,0.020073478564345302,1.3496864769484411,0.0,0.13999999999999996,0.0,-0.5,-0.18937893851392476,6.2918664814683485e-263,0.0005923555243160894,-0.09511715138950198
1770340694.2210035,1.0500000000000005,0.0,0.020073478564345302,1.3496864769484411,0.0,0.13999999999999996,0.0,-0.5,-0.18937893851392476,4.8236191986440736e-263,-0.00026934880475429216,-0.09464096528749227
1770340694.653954,1.0500000000000005,0.0,0.020073478564345302,1.3496864769484411,0.0,0.13999999999999996,0.0,-0.5,-0.18937893851392476,3.65280832077569e-263,0.0004903318352996248,-0.09501060323861758
1770340695.0782456,1.0500000000000005,0.0,0.020073478564345302,1.3496864769484411,0.0,0.13999999999999996,0.0,-0.5,-0.18937893851392476,2.7918395379957512e-263,-0.0005853149312165557,-0.09450437646800572
1770340695.4914925,1.0500000000000005,0.0,0.020073478564345302,1.3496864769484411,0.0,0.13999999999999996,0.0,-0.5,-0.18937893851392476,2.1727364928156686e-263,0.0004020514832192786,-0.0949892316400156
1770340695.9082677,1.0500000000000005,0.0,0.020073478564345302,1.3496864769484411,0.0,0.13999999999999996,0.0,-0.5,-0.18937893851392476,1.6833634345898602e-263,0.0007225477174100525,-0.09508279273908649
1770340696.331375,1.0500000000000005,0.0,0.020073478564345302,1.3496864769484411,0.0,0.13999999999999996,0.0,-0.5,-0.18937893851392476,1.277583704697445e-263,0.0007300367622698309,-0.09505523654258327
1770340696.7651832,1.0500000000000005,0.0,0.020073478564345302,1.3496864769484411,0.0,0.13999999999999996,0.0,-0.5,-0.18937893851392476,9.639292840440105e-264,0.0003928945927874787,-0.09491963077030437
1770340697.2036366,1.0500000000000005,0.0,0.020073478564345302,1.3496864769484411,0.0,0.13999999999999996,0.0,-0.5,-0.18937893851392476,7.2269405247106795e-264,2.78374524024727e-05,-0.09473989369720212
1770340697.6224124,1.0500000000000005,0.0,0.020073478564345302,1.3496864769484411,0.0,0.13999999999999996,0.0,-0.5,-0.18937893851392476,5.675514809803554e-264,-0.0002981894576169857,-0.09457297721915583
1770340698.0363584,1.0500000000000005,0.0,0.020073478564345302,1.3496864769484411,0.0,0.13999999999999996,0.0,-0.5,-0.18937893851392476,4.229696291744464e-264,0.00021823837551085266,-0.09485023122803059
1770340698.456293,1.0500000000000005,0.0,0.020073478564345302,1.3496864769484411,0.0,0.13999999999999996,0.0,-0.5,-0.18937893851392476,3.3523686894830103e-264,0.00039187372105852343,-0.09490276965204641
1770340698.8633704,1.0500000000000005,0.0,0.020073478564345302,1.3496864769484411,0.0,0.13999999999999996,0.0,-0.5,-0.18937893851392476,2.5542052640225297e-264,-0.0006716967791184909,-0.09445997791742083
1770340699.276868,1.0500000000000005,0.0,0.020073478564345302,1.3496864769484411,0.0,0.13999999999999996,0.0,-0.5,-0.18937893851392476,1.9690790763703268e-264,0.0004337171307966932,-0.09501686921335226
1770340699.705452,1.0500000000000005,0.0,0.020073478564345302,1.3496864769484411,0.0,0.13999999999999996,0.0,-0.5,-0.18937893851392476,1.5324918585236352e-264,-0.00021677139023013617,-0.09464613241395
1770340700.1239636,1.0500000000000005,0.0,0.020073478564345302,1.3496864769484411,0.0,0.13999999999999996,0.0,-0.5,-0.18937893851392476,1.3916512794907468e-264,-0.0007720331913692908,-0.09435897884139165
1770340700.5399342,1.0500000000000005,0.0,0.020073478564345302,1.3496864769484411,0.0,0.13999999999999996,0.0,-0.5,-0.18937893851392476,9.026957980486626e-265,-0.0005468548953700303,-0.09443855963887729
1770340700.953038,1.0500000000000005,0.0,0.020073478564345302,1.3496864769484411,0.0,0.13999999999999996,0.0,-0.5,-0.18937893851392476,7.015174868815844e-265,0.00023970630623325865,-0.09488797853023934
1770340701.3919952,1.0500000000000005,0.0,0.020073478564345302,1.3496864769484411,0.0,0.13999999999999996,0.0,-0.5,-0.18937893851392476,5.105509528660147e-265,0.0005788268850834987,-0.09501279475738916
1770340701.8113399,1.0500000000000005,0.0,0.020073478564345302,1.3496864769484411,0.0,0.13999999999999996,0.0,-0.5,-0.18937893851392476,3.9065203964596906e-265,0.0004902366266096019,-0.09494344659611458
1770340702.2315176,1.0500000000000005,0.0,0.020073478564345302,1.3496864769484411,0.0,0.13999999999999996,0.0,-0.5,-0.18937893851392476,3.0445026154975273e-265,0.0007225676785885707,-0.09507398620145457
1770340702.6463013,1.0500000000000005,0.0,0.020073478564345302,1.3496864769484411,0.0,0.13999999999999996,0.0,-0.5,-0.18937893851392476,2.3001702770882486e-265,0.0003939791024579751,-0.09491931766580443
1770340703.0573578,1.0500000000000005,0.0,0.020073478564345302,1.3496864769484411,0.0,0.13999999999999996,0.0,-0.5,-0.18937893851392476,1.779229594455603e-265,-0.00038315354143419626,-0.09457560575063449
1770340703.4807696,1.0500000000000005,0.0,0.020073478564345302,1.3496864769484411,0.0,0.13999999999999996,0.0,-0.5,-0.18937893851392476,1.3858450053893126e-265,-0.0006073317490069734,-0.09440822120321617
1770340703.9163127,1.0500000000000005,0.0,0.020073478564345302,1.3496864769484411,0.0,0.13999999999999996,0.0,-0.5,-0.18937893851392476,1.0223308577891988e-265,0.00047369886806926745,-0.09503442175270464
1770340704.341559,1.0500000000000005,0.0,0.020073478564345302,1.3496864769484411,0.0,0.13999999999999996,0.0,-0.5,-0.18937893851392476,8.199116073673683e-266,0.0006980474948981874,-0.09506092786709436
1770340704.7668653,1.0500000000000005,0.0,0.020073478564345302,1.3496864769484411,0.0,0.13999999999999996,0.0,-0.5,-0.18937893851392476,6.0005265020890964e-266,-0.000434127862934782,-0.09458562286127828
1770340705.1841822,1.0500000000000005,0.0,0.020073478564345302,1.3496864769484411,0.0,0.13999999999999996,0.0,-0.5,-0.18937893851392476,5.4264656548390014e-266,-0.00045118008206430704,-0.09446558443784318
1770340705.6112962,1.0500000000000005,0.0,0.020073478564345302,1.3496864769484411,0.0,0.13999999999999996,0.0,-0.5,-0.18937893851392476,3.525697717532955e-266,0.0009368307363132645,-0.09529668570695676
1770340706.0237162,1.0500000000000005,0.0,0.020073478564345302,1.3496864769484411,0.0,0.13999999999999996,0.0,-0.5,-0.18937893851392476,2.738181773729285e-266,0.00030902014256071797,-0.09490676038761799
1770340706.45488,1.0500000000000005,0.0,0.020073478564345302,1.3496864769484411,0.0,0.13999999999999996,0.0,-0.5,-0.18937893851392476,2.075796061434223e-266,0.001046922967018222,-0.09528672102291724
1770340706.8644164,1.0500000000000005,0.0,0.020073478564345302,1.3496864769484411,0.0,0.13999999999999996,0.0,-0.5,-0.18937893851392476,1.614165395696248e-266,-0.0005678546177655893,-0.09456701970655797
1770340707.2774088,1.0500000000000005,0.0,0.020073478564345302,1.3496864769484411,0.0,0.13999999999999996,0.0,-0.5,-0.18937893851392476,1.2030122831129185e-266,0.0006887702975664771,-0.09515951689727882
1770340707.701812,1.0500000000000005,0.0,0.020073478564345302,1.3496864769484411,0.0,0.13999999999999996,0.0,-0.5,-0.18937893851392476,9.408656357435376e-267,0.0002367829467195298,-0.09485305946540684
1770340708.1159604,1.0500000000000005,0.0,0.020073478564345302,1.3496864769484411,0.0,0.13999999999999996,0.0,-0.5,-0.18937893851392476,7.14916662036236e-267,-0.0006955499031294475,-0.09443492759038255
1770340708.5358484,1.0500000000000005,0.0,0.020073478564345302,1.3496864769484411,0.0,0.13999999999999996,0.0,-0.5,-0.18937893851392476,5.5534512340219196e-267,0.0008264635906982855,-0.0952549024016943
1770340708.9611845,1.0500000000000005,0.0,0.020073478564345302,1.3496864769484411,0.0,0.13999999999999996,0.0,-0.5,-0.18937893851392476,4.302035700375605e-267,0.0005391552824003036,-0.09498777772899233
1770340709.3837204,1.0500000000000005,0.0,0.020073478564345302,1.3496864769484411,0.0,0.13999999999999996,0.0,-0.5,-0.18937893851392476,3.2654155669714936e-267,0.00015145004667842552,-0.09480396480387379
1770340709.8193896,1.0500000000000005,0.0,0.020073478564345302,1.3496864769484411,0.0,0.13999999999999996,0.0,-0.5,-0.18937893851392476,2.50462849292046e-267,-0.00036170808264455686,-0.09455993102857241
1770340710.2305233,1.0500000000000005,0.0,0.020073478564345302,1.3496864769484411,0.0,0.13999999999999996,0.0,-0.5,-0.18937893851392476,1.91309303049271e-267,-0.0003561914561178718,-0.09451192519155611
1770340710.6441548,1.0500000000000005,0.0,0.020073478564345302,1.3496864769484411,0.0,0.13999999999999996,0.0,-0.5,-0.18937893851392476,1.4482580261920356e-267,-0.00016518813332054474,-0.09462597552258185
1770340711.0626855,1.0500000000000005,0.0,0.020073478564345302,1.3496864769484411,0.0,0.13999999999999996,0.0,-0.5,-0.18937893851392476,1.1242249148511752e-267,-0.0005005043895522056,-0.09447274868780944
1770340711.5058727,1.0500000000000005,0.0,0.020073478564345302,1.3496864769484411,0.0,0.13999999999999996,0.0,-0.5,-0.18937893851392476,8.510881092254361e-268,0.00011433827231045502,-0.09480812265930387
1770340711.9201987,1.0500000000000005,0.0,0.020073478564345302,1.3496864769484411,0.0,0.13999999999999996,0.0,-0.5,-0.18937893851392476,6.482919808830043e-268,-0.00041629335027946514,-0.09453438574408164
1770340712.348238,1.0500000000000005,0.0,0.020073478564345302,1.3496864769484411,0.0,0.13999999999999996,0.0,-0.5,-0.18937893851392476,4.983423112127e-268,0.00038501897142787715,-0.09496210997484705
1770340712.7819114,1.0500000000000005,0.0,0.020073478564345302,1.3496864769484411,0.0,0.13999999999999996,0.0,-0.5,-0.18937893851392476,3.7785887798756773e-268,0.0002205821309592712,-0.09481620400648888
1770340713.2043788,1.0500000000000005,0.0,0.020073478564345302,1.3496864769484411,0.0,0.13999999999999996,0.0,-0.5,-0.18937893851392476,2.8466655360343544e-268,0.00017487129441665566,-0.09478147598782496
1770340713.6191208,1.0500000000000005,0.0,0.020073478564345302,1.3496864769484411,0.0,0.13999999999999996,0.0,-0.5,-0.18937893851392476,2.2196468945382194e-268,-0.00013394964941165625,-0.09465337652663938
1770340714.0577934,1.0500000000000005,0.0,0.020073478564345302,1.3496864769484411,0.0,0.13999999999999996,0.0,-0.5,-0.18937893851392476,1.6921297872690835e-268,0.00047708780821424716,-0.0949891169068321
1770340714.480084,1.0500000000000005,0.0,0.020073478564345302,1.3496864769484411,0.0,0.13999999999999996,0.0,-0.5,-0.18937893851392476,1.2683732714420358e-268,-7.888342579993077e-06,-0.0947340227007518
1770340714.9007902,1.0500000000000005,0.0,0.020073478564345302,1.3496864769484411,0.0,0.13999999999999996,0.0,-0.5,-0.18937893851392476,9.852505281299392e-269,-0.001074097645360251,-0.09425904136456027
1770340715.340014,1.0500000000000005,0.0,0.020073478564345302,1.3496864769484411,0.0,0.13999999999999996,0.0,-0.5,-0.18937893851392476,7.485862398971794e-269,0.00011869198184450276,-0.0948680942106051
1770340715.7551303,1.0500000000000005,0.0,0.020073478564345302,1.3496864769484411,0.0,0.13999999999999996,0.0,-0.5,-0.18937893851392476,5.66640727394718e-269,-6.013632733183164e-05,-0.0946772839242141
1770340716.1713321,1.0500000000000005,0.0,0.020073478564345302,1.3496864769484411,0.0,0.13999999999999996,0.0,-0.5,-0.18937893851392476,4.382871799379329e-269,-6.600868159453493e-05,-0.09465705215159138
1770340716.5820346,1.0500000000000005,0.0,0.020073478564345302,1.3496864769484411,0.0,0.13999999999999996,0.0,-0.5,-0.18937893851392476,3.422957937639192e-269,3.569601822437171e-05,-0.09471748773605645
1770340717.004275,1.0500000000000005,0.0,0.020073478564345302,1.3496864769484411,0.0,0.13999999999999996,0.0,-0.5,-0.18937893851392476,2.5903693045593137e-269,-6.262055602410766e-05,-0.09466799063637518
1770340717.4176993,1.0500000000000005,0.0,0.020073478564345302,1.3496864769484411,0.0,0.13999999999999996,0.0,-0.5,-0.18937893851392476,2.5470209889052788e-269,-0.0005636953202714876,-0.09445772907325138
1770340717.8417175,1.0500000000000005,0.0,0.020073478564345302,1.3496864769484411,0.0,0.13999999999999996,0.0,-0.5,-0.18937893851392476,1.523364203462184e-269,7.18804732091087e-05,-0.094788967072915
1770340718.2597623,1.0500000000000005,0.0,0.020073478564345302,1.3496864769484411,0.0,0.13999999999999996,0.0,-0.5,-0.18937893851392476,1.1846291931370953e-269,1.619335176792459e-05,-0.09470313464499046
1770340718.67729,1.0500000000000005,0.0,0.020073478564345302,1.3496864769484411,0.0,0.13999999999999996,0.0,-0.5,-0.18937893851392476,8.967738079881696e-270,4.18672135350976e-05,-0.09471297024990664
1770340719.0894415,1.0500000000000005,0.0,0.020073478564345302,1.3496864769484411,0.0,0.13999999999999996,0.0,-0.5,-0.18937893851392476,6.941723022916609e-270,-0.0006421798691993744,-0.09443678403063614
1770340719.510783,1.0500000000000005,0.0,0.020073478564345302,1.3496864769484411,0.0,0.13999999999999996,0.0,-0.5,-0.18937893851392476,5.413305669811591e-270,-0.0007522184473170644,-0.09432436389111562
1770340719.925338,1.0500000000000005,0.0,0.020073478564345302,1.3496864769484411,0.0,0.13999999999999996,0.0,-0.5,-0.18937893851392476,4.0980772294850686e-270,-0.0011021302584275198,-0.09417339530885967
1770340720.3385518,1.0500000000000005,0.0,0.020073478564345302,1.3496864769484411,0.0,0.13999999999999996,0.0,-0.5,-0.18937893851392476,3.181955402461405e-270,-0.0007444768336203863,-0.0943529961826329
1770340720.766202,1.0500000000000005,0.0,0.020073478564345302,1.3496864769484411,0.0,0.13999999999999996,0.0,-0.5,-0.18937893851392476,2.408164358905774e-270,-0.0006812672493968911,-0.09435515659068629
1770340721.1853724,1.0500000000000005,0.0,0.020073478564345302,1.3496864769484411,0.0,0.13999999999999996,0.0,-0.5,-0.18937893851392476,1.8701081488649764e-270,-0.0008601638890525544,-0.09427727697640167
1770340721.6164553,1.0500000000000005,0.0,0.020073478564345302,1.3496864769484411,0.0,0.13999999999999996,0.0,-0.5,-0.18937893851392476,1.4148796501939135e-270,-0.0005669439350478298,-0.09443531928483893
1770340722.0314927,1.0500000000000005,0.0,0.020073478564345302,1.3496864769484411,0.0,0.13999999999999996,0.0,-0.5,-0.18937893851392476,1.0956730780573636e-270,-0.0007044180307408458,-0.09435100765116126
1770340722.4669776,1.0500000000000005,0.0,0.020073478564345302,1.3496864769484411,0.0,0.13999999999999996,0.0,-0.5,-0.18937893851392476,8.331895237021755e-271,-0.0001767809471280068,-0.09465384249175966
1770340722.883511,1.0500000000000005,0.0,0.020073478564345302,1.3496864769484411,0.0,0.13999999999999996,0.0,-0.5,-0.18937893851392476,6.30613565576119e-271,-0.0008059125932113719,-0.09434942612496504
1770340723.2995434,1.0500000000000005,0.0,0.020073478564345302,1.3496864769484411,0.0,0.13999999999999996,0.0,-0.5,-0.18937893851392476,4.905763871782669e-271,-6.354077265301856e-05,-0.0947319360526917
1770340723.7296934,1.0500000000000005,0.0,0.020073478564345302,1.3496864769484411,0.0,0.13999999999999996,0.0,-0.5,-0.18937893851392476,3.681498109852458e-271,-0.0003549046960295359,-0.09454115330128526
1770340724.1607687,1.0500000000000005,0.0,0.020073478564345302,1.3496864769484411,0.0,0.13999999999999996,0.0,-0.5,-0.18937893851392476,2.8191230308891905e-271,-0.0009645099878094134,-0.09426817479223566
1770340724.5724096,1.0500000000000005,0.0,0.020073478564345302,1.3496864769484411,0.0,0.13999999999999996,0.0,-0.5,-0.18937893851392476,2.1435342821986506e-271,-0.000492172664601891,-0.09449061665698219
1770340725.0024827,1.0500000000000005,0.0,0.020073478564345302,1.3496864769484411,0.0,0.13999999999999996,0.0,-0.5,-0.18937893851392476,1.6599057836582015e-271,0.00012428638597667343,-0.09481325835500858
1770340725.4357877,1.0500000000000005,0.0,0.020073478564345302,1.3496864769484411,0.0,0.13999999999999996,0.0,-0.5,-0.18937893851392476,1.2276821190693015e-271,-0.0004543978308871628,-0.09452013876320518
1770340725.8570619,1.0500000000000005,0.0,0.020073478564345302,1.3496864769484411,0.0,0.13999999999999996,0.0,-0.5,-0.18937893851392476,9.529627962432153e-272,-0.0006733664844275305,-0.09437468288010264
1770340726.2734911,1.0500000000000005,0.0,0.020073478564345302,1.3496864769484411,0.0,0.13999999999999996,0.0,-0.5,-0.18937893851392476,7.56189629212374e-272,-0.0006258515199846199,-0.09438129499341436
1770340726.6832032,1.0500000000000005,0.0,0.020073478564345302,1.3496864769484411,0.0,0.13999999999999996,0.0,-0.5,-0.18937893851392476,5.749112949874606e-272,-0.00018867331184817002,-0.09463885042185195
1770340727.0963633,1.0500000000000005,0.0,0.020073478564345302,1.3496864769484411,0.0,0.13999999999999996,0.0,-0.5,-0.18937893851392476,4.4324730700684917e-272,0.0002815752809719561,-0.09487728175673037
1770340727.508046,1.0500000000000005,0.0,0.020073478564345302,1.3496864769484411,0.0,0.13999999999999996,0.0,-0.5,-0.18937893851392476,3.471213848400734e-272,0.0004900576102625888,-0.09495534629502274
1770340727.9502494,1.0500000000000005,0.0,0.020073478564345302,1.3496864769484411,0.0,0.13999999999999996,0.0,-0.5,-0.18937893851392476,2.5516075916580854e-272,0.0006258160155430774,-0.09501595310526197
1770340728.3850296,1.0500000000000005,0.0,0.020073478564345302,1.3496864769484411,0.0,0.13999999999999996,0.0,-0.5,-0.18937893851392476,1.9204701619446585e-272,0.00029639103757413463,-0.09487060727354635
1770340728.8086205,1.0500000000000005,0.0,0.020073478564345302,1.3496864769484411,0.0,0.13999999999999996,0.0,-0.5,-0.18937893851392476,1.462053709976823e-272,0.0005166183030923204,-0.09496980113506036
1770340729.2203665,1.0500000000000005,0.0,0.020073478564345302,1.3496864769484411,0.0,0.13999999999999996,0.0,-0.5,-0.18937893851392476,1.1340826779160064e-272,-0.0003115532806421866,-0.09461650977501473
1770340729.6308503,1.0500000000000005,0.0,0.020073478564345302,1.3496864769484411,0.0,0.13999999999999996,0.0,-0.5,-0.18937893851392476,8.802315734867011e-273,-0.0009068987650568059,-0.09429555442287543
1770340730.0621831,1.0500000000000005,0.0,0.020073478564345302,1.3496864769484411,0.0,0.13999999999999996,0.0,-0.5,-0.18937893851392476,6.6192283304233435e-273,0.00033127416969454455,-0.09497892363528479
1770340730.4816096,1.0500000000000005,0.0,0.020073478564345302,1.3496864769484411,0.0,0.13999999999999996,0.0,-0.5,-0.18937893851392476,5.2197525583367154e-273,0.0007303603045450285,-0.09509455802271995
1770340730.9055104,1.0500000000000005,0.0,0.020073478564345302,1.3496864769484411,0.0,0.13999999999999996,0.0,-0.5,-0.18937893851392476,4.069304220378322e-273,0.0001156823962039275,-0.09480877824589846
1770340731.3197324,1.0500000000000005,0.0,0.020073478564345302,1.3496864769484411,0.0,0.13999999999999996,0.0,-0.5,-0.18937893851392476,3.6845422212363507e-273,-0.0005290046754630876,-0.09448943562639754
1770340731.7356966,1.0500000000000005,0.0,0.020073478564345302,1.3496864769484411,0.0,0.13999999999999996,0.0,-0.5,-0.18937893851392476,2.2969498351893136e-273,-0.000495706386017174,-0.09444494589289838
1770340732.1480703,1.0500000000000005,0.0,0.020073478564345302,1.3496864769484411,0.0,0.13999999999999996,0.0,-0.5,-0.18937893851392476,1.7795750611370583e-273,-3.948752556085362e-05,-0.09471534738022759
1770340732.5719614,1.0500000000000005,0.0,0.020073478564345302,1.3496864769484411,0.0,0.13999999999999996,0.0,-0.5,-0.18937893851392476,1.3458324189312954e-273,-0.00024145386965385607,-0.09458893895654476
1770340732.9804213,1.0500000000000005,0.0,0.020073478564345302,1.3496864769484411,0.0,0.13999999999999996,0.0,-0.5,-0.18937893851392476,1.047396981844491e-273,0.0006717442168151707,-0.09511666117401688
1770340733.3939223,1.0500000000000005,0.0,0.020073478564345302,1.3496864769484411,0.0,0.13999999999999996,0.0,-0.5,-0.18937893851392476,8.048058294413558e-274,-0.0004609265591075891,-0.09457227305500086
1770340733.8160691,1.0500000000000005,0.0,0.020073478564345302,1.3496864769484411,0.0,0.13999999999999996,0.0,-0.5,-0.18937893851392476,6.155761013141066e-274,-0.0010309911724691381,-0.09423098013206396
1770340734.2416172,1.0500000000000005,0.0,0.020073478564345302,1.3496864769484411,0.0,0.13999999999999996,0.0,-0.5,-0.18937893851392476,4.5727762281107797e-274,-0.0006796456171047763,-0.09438478100394644
1770340734.6728828,1.0500000000000005,0.0,0.020073478564345302,1.3496864769484411,0.0,0.13999999999999996,0.0,-0.5,-0.18937893851392476,3.613280351516493e-274,-0.0005631485516158813,-0.09441954468770333
1770340735.1039865,1.0500000000000005,0.0,0.020073478564345302,1.3496864769484411,0.0,0.13999999999999996,0.0,-0.5,-0.18937893851392476,3.254790038139029e-274,-0.0004888388104354952,-0.09445248082586268
1770340735.5238101,1.0500000000000005,0.0,0.020073478564345302,1.3496864769484411,0.0,0.13999999999999996,0.0,-0.5,-0.18937893851392476,2.0723310444444315e-274,-0.0004394217839448517,-0.09447470006763901
1770340735.9514408,1.0500000000000005,0.0,0.020073478564345302,1.3496864769484411,0.0,0.13999999999999996,0.0,-0.5,-0.18937893851392476,1.605518980495399e-274,-0.0005874783968573228,-0.09441053571982497
1770340736.3672597,1.0500000000000005,0.0,0.020073478564345302,1.3496864769484411,0.0,0.13999999999999996,0.0,-0.5,-0.18937893851392476,1.215716953637149e-274,-0.00130179136568669,-0.09411000487100196
1770340736.7953997,1.0500000000000005,0.0,0.020073478564345302,1.3496864769484411,0.0,0.13999999999999996,0.0,-0.5,-0.18937893851392476,9.200942593893808e-275,-0.0006786655189841625,-0.09441244908214055
1770340737.2065718,1.0500000000000005,0.0,0.020073478564345302,1.3496864769484411,0.0,0.13999999999999996,0.0,-0.5,-0.18937893851392476,7.138513656926329e-275,-0.0003290729579046108,-0.09455989203411803
1770340737.6213472,1.0500000000000005,0.0,0.020073478564345302,1.3496864769484411,0.0,0.13999999999999996,0.0,-0.5,-0.18937893851392476,5.5466532321237644e-275,-0.0007242755194726676,-0.09436685175338286
1770340738.053255,1.0500000000000005,0.0,0.020073478564345302,1.3496864769484411,0.0,0.13999999999999996,0.0,-0.5,-0.18937893851392476,4.191689396006724e-275,-0.00025256546853636103,-0.09461035752778783
1770340738.4758365,1.0500000000000005,0.0,0.020073478564345302,1.3496864769484411,0.0,0.13999999999999996,0.0,-0.5,-0.18937893851392476,3.175847685460074e-275,-4.448731443395588e-05,-0.09468803341515564
1770340738.9010801,1.0500000000000005,0.0,0.020073478564345302,1.3496864769484411,0.0,0.13999999999999996,0.0,-0.5,-0.18937893851392476,2.4751270365185884e-275,7.000715901403363e-05,-0.0947359222838142
1770340739.3454766,1.0500000000000005,0.0,0.020073478564345302,1.3496864769484411,0.0,0.13999999999999996,0.0,-0.5,-0.18937893851392476,1.862609827426112e-275,-0.0002807162748948763,-0.09458418346290584
1770340739.7689207,1.0500000000000005,0.0,0.020073478564345302,1.3496864769484411,0.0,0.13999999999999996,0.0,-0.5,-0.18937893851392476,1.407729915899931e-275,0.0007910886254513959,-0.0951921940597227
1770340740.2093494,1.0500000000000005,0.0,0.020073478564345302,1.3496864769484411,0.0,0.13999999999999996,0.0,-0.5,-0.18937893851392476,1.0666872797045571e-275,0.0014419648537477097,-0.09547553930666586
1770340740.6340237,1.0500000000000005,0.0,0.020073478564345302,1.3496864769484411,0.0,0.13999999999999996,0.0,-0.5,-0.18937893851392476,8.006360067890065e-276,-0.00011000459654219983,-0.09478966390372028
1770340741.050026,1.0500000000000005,0.0,0.020073478564345302,1.3496864769484411,0.0,0.13999999999999996,0.0,-0.5,-0.18937893851392476,6.271458980413866e-276,-0.0002729907081033131,-0.09456927251406683
1770340741.4675188,1.0500000000000005,0.0,0.020073478564345302,1.3496864769484411,0.0,0.13999999999999996,0.0,-0.5,-0.18937893851392476,4.870172777723594e-276,0.00042733172564754404,-0.09497316736316123
1770340741.8919573,1.0500000000000005,0.0,0.020073478564345302,1.3496864769484411,0.0,0.13999999999999996,0.0,-0.5,-0.18937893851392476,3.688032512702241e-276,0.0003449659982008417,-0.09487018882880746
1770340742.307174,1.0500000000000005,0.0,0.020073478564345302,1.3496864769484411,0.0,0.13999999999999996,0.0,-0.5,-0.18937893851392476,2.8631763517456484e-276,0.0012318446779876406,-0.09539407946393488
1770340742.7244356,1.0500000000000005,0.0,0.020073478564345302,1.3496864769484411,0.0,0.13999999999999996,0.0,-0.5,-0.18937893851392476,2.749128670577451e-276,-0.00015148072075561313,-0.09475206143645891
1770340743.1623762,1.0500000000000005,0.0,0.020073478564345302,1.3496864769484411,0.0,0.13999999999999996,0.0,-0.5,-0.18937893851392476,1.6493308857469649e-276,-0.00012770700211447918,-0.09462799312776925
1770340743.578889,1.0500000000000005,0.0,0.020073478564345302,1.3496864769484411,0.0,0.13999999999999996,0.0,-0.5,-0.18937893851392476,1.2902042907837812e-276,-0.0008754125874415054,-0.09432653352177434
1770340744.005399,1.0500000000000005,0.0,0.020073478564345302,1.3496864769484411,0.0,0.13999999999999996,0.0,-0.5,-0.18937893851392476,9.720711324586273e-277,-0.0003526100669226759,-0.09456544447555293
1770340744.435418,1.0500000000000005,0.0,0.020073478564345302,1.3496864769484411,0.0,0.13999999999999996,0.0,-0.5,-0.18937893851392476,7.306787537616039e-277,0.0002824035569776662,-0.09489417239784124
1770340744.8488472,1.0500000000000005,0.0,0.020073478564345302,1.3496864769484411,0.0,0.13999999999999996,0.0,-0.5,-0.18937893851392476,5.768432481199176e-277,0.0006030469672436087,-0.09502305708161078
1770340745.2588115,1.0500000000000005,0.0,0.020073478564345302,1.3496864769484411,0.0,0.13999999999999996,0.0,-0.5,-0.18937893851392476,4.431800289949141e-277,7.3786216398455525e-06,-0.09475272540234268
1770340745.6806622,1.0500000000000005,0.0,0.020073478564345302,1.3496864769484411,0.0,0.13999999999999996,0.0,-0.5,-0.18937893851392476,3.310504212045292e-277,-0.0003807653947097006,-0.0945379009612425
1770340746.0928838,1.0500000000000005,0.0,0.020073478564345302,1.3496864769484411,0.0,0.13999999999999996,0.0,-0.5,-0.18937893851392476,2.555371804066141e-277,-0.0009512989951932502,-0.09427087311941411
1770340746.5061285,1.0500000000000005,0.0,0.020073478564345302,1.3496864769484411,0.0,0.13999999999999996,0.0,-0.5,-0.18937893851392476,2.0429633704557645e-277,-0.00047745150606810495,-0.09449812825284085
1770340746.9494112,1.0500000000000005,0.0,0.020073478564345302,1.3496864769484411,0.0,0.13999999999999996,0.0,-0.5,-0.18937893851392476,1.548327669964663e-277,-0.0001190922265744968,-0.09466575907162449
1770340747.3687315,1.0500000000000005,0.0,0.020073478564345302,1.3496864769484411,0.0,0.13999999999999996,0.0,-0.5,-0.18937893851392476,1.199658011065274e-277,-0.0009745840978586163,-0.09428772639516149
1770340747.799362,1.0500000000000005,0.0,0.020073478564345302,1.3496864769484411,0.0,0.13999999999999996,0.0,-0.5,-0.18937893851392476,8.882435012307659e-278,5.371011852666418e-06,-0.09479015027385984
1770340748.2229474,1.0500000000000005,0.0,0.020073478564345302,1.3496864769484411,0.0,0.13999999999999996,0.0,-0.5,-0.18937893851392476,6.876183617890649e-278,-0.0004253629723983091,-0.09451986116918833
1770340748.6452076,1.0500000000000005,0.0,0.020073478564345302,1.3496864769484411,0.0,0.13999999999999996,0.0,-0.5,-0.18937893851392476,6.243804409979819e-278,-0.0005656424027239462,-0.09442067599863298
1770340749.0773647,1.0500000000000005,0.0,0.020073478564345302,1.3496864769484411,0.0,0.13999999999999996,0.0,-0.5,-0.18937893851392476,3.9515859100197455e-278,-0.00019715142550842983,-0.09462774264192972
1770340749.499294,1.0500000000000005,0.0,0.020073478564345302,1.3496864769484411,0.0,0.13999999999999996,0.0,-0.5,-0.18937893851392476,3.066236924735101e-278,-0.0002530183580321773,-0.09456854677119866
1770340749.9209292,1.0500000000000005,0.0,0.020073478564345302,1.3496864769484411,0.0,0.13999999999999996,0.0,-0.5,-0.18937893851392476,2.6446690018024304e-278,0.00012898749349585616,-0.09479216358886311
1770340750.3443286,1.0500000000000005,0.0,0.020073478564345302,1.3496864769484411,0.0,0.13999999999999996,0.0,-0.5,-0.18937893851392476,1.7513438951812385e-278,-0.0006098456207919826,-0.09445842975799518
1770340750.7796564,1.0500000000000005,0.0,0.020073478564345302,1.3496864769484411,0.0,0.13999999999999996,0.0,-0.5,-0.18937893851392476,1.3700889778143155e-278,-0.00016967252390865642,-0.0946486503046964
1770340751.1901698,1.0500000000000005,0.0,0.020073478564345302,1.3496864769484411,0.0,0.13999999999999996,0.0,-0.5,-0.18937893851392476,1.0638513667860813e-278,-0.00022476656980212388,-0.09458259537665066
1770340751.6010115,1.0500000000000005,0.0,0.020073478564345302,1.3496864769484411,0.0,0.13999999999999996,0.0,-0.5,-0.18937893851392476,7.793505626882682e-279,-0.00022140458698600182,-0.094579103161751
1770340752.015332,1.0500000000000005,0.0,0.020073478564345302,1.3496864769484411,0.0,0.13999999999999996,0.0,-0.5,-0.18937893851392476,6.247482114044255e-279,-0.00031610698252857296,-0.09454088600525236
1770340752.4299095,1.0500000000000005,0.0,0.020073478564345302,1.3496864769484411,0.0,0.13999999999999996,0.0,-0.5,-0.18937893851392476,4.6763773591522926e-279,-0.0003983237499284256,-0.09449852905873815
1770340752.870226,1.0500000000000005,0.0,0.020073478564345302,1.3496864769484411,0.0,0.13999999999999996,0.0,-0.5,-0.18937893851392476,3.676236675937213e-279,-0.0003554005195454894,-0.09451606132022793
1770340753.2911363,1.0500000000000005,0.0,0.020073478564345302,1.3496864769484411,0.0,0.13999999999999996,0.0,-0.5,-0.18937893851392476,2.689057683500918e-279,-6.694346479146505e-05,-0.09468484323004205
1770340753.7188473,1.0500000000000005,0.0,0.020073478564345302,1.3496864769484411,0.0,0.13999999999999996,0.0,-0.5,-0.18937893851392476,2.1030990747939354e-279,-0.0001141805785317934,-0.09463710267907051
1770340754.1439083,1.0500000000000005,0.0,0.020073478564345302,1.3496864769484411,0.0,0.13999999999999996,0.0,-0.5,-0.18937893851392476,1.6339361308821444e-279,0.0006653952025791462,-0.09510012443636304
1770340754.5570207,1.0500000000000005,0.0,0.020073478564345302,1.3496864769484411,0.0,0.13999999999999996,0.0,-0.5,-0.18937893851392476,1.234660128933222e-279,0.0008147844871523517,-0.09511180042899588
1770340754.972329,1.0500000000000005,0.0,0.020073478564345302,1.3496864769484411,0.0,0.13999999999999996,0.0,-0.5,-0.18937893851392476,9.283818581201092e-280,-0.0003595477510541379,-0.09462712860525595
1770340755.3859596,1.0500000000000005,0.0,0.020073478564345302,1.3496864769484411,0.0,0.13999999999999996,0.0,-0.5,-0.18937893851392476,7.44975443282567e-280,-0.00019356818913178107,-0.09460928311858872
1770340755.803134,1.0500000000000005,0.0,0.020073478564345302,1.3496864769484411,0.0,0.13999999999999996,0.0,-0.5,-0.18937893851392476,5.451830993261844e-280,0.0007536496901111375,-0.09516101588994223
1770340756.2154818,1.0500000000000005,0.0,0.020073478564345302,1.3496864769484411,0.0,0.13999999999999996,0.0,-0.5,-0.18937893851392476,4.223898981123548e-280,-0.00014045859680202408,-0.09470865078725269
1770340756.6354434,1.0500000000000005,0.0,0.020073478564345302,1.3496864769484411,0.0,0.13999999999999996,0.0,-0.5,-0.18937893851392476,3.201926998351174e-280,-0.0005154415180484528,-0.0944692467900628
1770340757.0493107,1.0500000000000005,0.0,0.020073478564345302,1.3496864769484411,0.0,0.13999999999999996,0.0,-0.5,-0.18937893851392476,2.4832646340723384e-280,0.00026472946498962624,-0.094899851087761
1770340757.4613748,1.0500000000000005,0.0,0.020073478564345302,1.3496864769484411,0.0,0.13999999999999996,0.0,-0.5,-0.18937893851392476,2.395235220800286e-280,-0.000599951940641839,-0.09447596142720462
1770340757.8717666,1.0500000000000005,0.0,0.020073478564345302,1.3496864769484411,0.0,0.13999999999999996,0.0,-0.5,-0.18937893851392476,1.4943874564753335e-280,-0.0009250478910718526,-0.09425945490646946
1770340758.2891989,1.0500000000000005,0.0,0.020073478564345302,1.3496864769484411,0.0,0.13999999999999996,0.0,-0.5,-0.18937893851392476,1.1467631693363286e-280,-0.0007407210912393851,-0.09433754139132594
1770340758.708204,1.0500000000000005,0.0,0.020073478564345302,1.3496864769484411,0.0,0.13999999999999996,0.0,-0.5,-0.18937893851392476,8.795430181102027e-281,9.306862267183827e-05,-0.09481938253968943
1770340759.1557558,1.0500000000000005,0.0,0.020073478564345302,1.3496864769484411,0.0,0.13999999999999996,0.0,-0.5,-0.18937893851392476,6.499442914667181e-281,-0.0003385974371630326,-0.09456333714436435
1770340759.5704737,1.0500000000000005,0.0,0.020073478564345302,1.3496864769484411,0.0,0.13999999999999996,0.0,-0.5,-0.18937893851392476,5.0064847009445476e-281,-0.0003484303197511733,-0.0945162373853456
1770340759.9840713,1.0500000000000005,0.0,0.020073478564345302,1.3496864769484411,0.0,0.13999999999999996,0.0,-0.5,-0.18937893851392476,3.906404592745714e-281,-0.0003788758180038844,-0.09450307589778571
1770340760.4066741,1.0500000000000005,0.0,0.020073478564345302,1.3496864769484411,0.0,0.13999999999999996,0.0,-0.5,-0.18937893851392476,2.957258448212905e-281,-0.0007788025864928577,-0.09434006064056485
1770340760.8421383,1.0500000000000005,0.0,0.020073478564345302,1.3496864769484411,0.0,0.13999999999999996,0.0,-0.5,-0.18937893851392476,2.2942672681429405e-281,-0.00020520681712346962,-0.09464422542533758
1770340761.2598042,1.0500000000000005,0.0,0.020073478564345302,1.3496864769484411,0.0,0.13999999999999996,0.0,-0.5,-0.18937893851392476,1.737415522591708e-281,0.0005752490089866434,-0.09505513934406672
1770340761.6761687,1.0500000000000005,0.0,0.020073478564345302,1.3496864769484411,0.0,0.13999999999999996,0.0,-0.5,-0.18937893851392476,1.3147916695992934e-281,-0.00010624133023935323,-0.09470449762576531
1770340762.0947475,1.0500000000000005,0.0,0.020073478564345302,1.3496864769484411,0.0,0.13999999999999996,0.0,-0.5,-0.18937893851392476,1.0203832968820106e-281,-0.0003610061314324529,-0.09453444267136547
1770340762.5096483,1.0500000000000005,0.0,0.020073478564345302,1.3496864769484411,0.0,0.13999999999999996,0.0,-0.5,-0.18937893851392476,7.919647293315102e-282,0.00037457718053382656,-0.09495031617842592
1770340762.9439836,1.0500000000000005,0.0,0.020073478564345302,1.3496864769484411,0.0,0.13999999999999996,0.0,-0.5,-0.18937893851392476,5.991080245893403e-282,0.0007273532632464845,-0.0950884234968569
1770340763.3544405,1.0500000000000005,0.0,0.020073478564345302,1.3496864769484411,0.0,0.13999999999999996,0.0,-0.5,-0.18937893851392476,4.535125064533753e-282,-0.00019422340746835088,-0.09468451522029968
1770340763.7916672,1.0500000000000005,0.0,0.020073478564345302,1.3496864769484411,0.0,0.13999999999999996,0.0,-0.5,-0.18937893851392476,3.520277720110481e-282,0.0011174655104891802,-0.09537937090400272
1770340764.2269025,1.0500000000000005,0.0,0.020073478564345302,1.3496864769484411,0.0,0.13999999999999996,0.0,-0.5,-0.18937893851392476,2.6169356018306628e-282,0.0005544957236836305,-0.09502301409748475
1770340764.6489236,1.0500000000000005,0.0,0.020073478564345302,1.3496864769484411,0.0,0.13999999999999996,0.0,-0.5,-0.18937893851392476,2.015213534962704e-282,-0.00016152116148487877,-0.09468031036473679
1770340765.0746899,1.0500000000000005,0.0,0.020073478564345302,1.3496864769484411,0.0,0.13999999999999996,0.0,-0.5,-0.18937893851392476,1.5250829219265807e-282,-0.00011753945368859193,-0.09463509770089772
1770340765.5140698,1.0500000000000005,0.0,0.020073478564345302,1.3496864769484411,0.0,0.13999999999999996,0.0,-0.5,-0.18937893851392476,1.183721857671998e-282,-0.00027662116305521035,-0.09456706684637144
1770340765.9381337,1.0500000000000005,0.0,0.020073478564345302,1.3496864769484411,0.0,0.13999999999999996,0.0,-0.5,-0.18937893851392476,8.967104321448585e-283,-0.0003506976531912247,-0.09452152807938037
1770340766.36713,1.0500000000000005,0.0,0.020073478564345302,1.3496864769484411,0.0,0.13999999999999996,0.0,-0.5,-0.18937893851392476,7.732933189552528e-283,-6.019214967326015e-05,-0.09468842373247754
1770340766.7959535,1.0500000000000005,0.0,0.020073478564345302,1.3496864769484411,0.0,0.13999999999999996,0.0,-0.5,-0.18937893851392476,5.135180752488178e-283,-0.0007316329361256992,-0.09439079686754479
1770340767.2145395,1.0500000000000005,0.0,0.020073478564345302,1.3496864769484411,0.0,0.13999999999999996,0.0,-0.5,-0.18937893851392476,3.983240610952462e-283,-0.00011337091897518269,-0.09469460999918984
1770340767.6378365,1.0500000000000005,0.0,0.020073478564345302,1.3496864769484411,0.0,0.13999999999999996,0.0,-0.5,-0.18937893851392476,3.020216305774343e-283,-0.0002844833613225499,-0.09456433882053583
1770340768.052402,1.0500000000000005,0.0,0.020073478564345302,1.3496864769484411,0.0,0.13999999999999996,0.0,-0.5,-0.18937893851392476,2.345607831195183e-283,-0.00014691169594193153,-0.09462977057552947
1770340768.4696176,1.0500000000000005,0.0,0.020073478564345302,1.3496864769484411,0.0,0.13999999999999996,0.0,-0.5,-0.18937893851392476,1.8203918798153254e-283,-7.462929943775651e-05,-0.09465938284689393
1770340768.8854175,1.0500000000000005,0.0,0.020073478564345302,1.3496864769484411,0.0,0.13999999999999996,0.0,-0.5,-0.18937893851392476,1.3564230403936546e-283,1.795658801833414e-05,-0.09470770613971716
1770340769.2972336,1.0500000000000005,0.0,0.020073478564345302,1.3496864769484411,0.0,0.13999999999999996,0.0,-0.5,-0.18937893851392476,1.0698077612990739e-283,-0.0002295250614313469,-0.09459945489119168
1770340769.7060237,1.0500000000000005,0.0,0.020073478564345302,1.3496864769484411,0.0,0.13999999999999996,0.0,-0.5,-0.18937893851392476,8.17384025516684e-284,-0.00042777350207975445,-0.09449540734998735
1770340770.1270823,1.0500000000000005,0.0,0.020073478564345302,1.3496864769484411,0.0,0.13999999999999996,0.0,-0.5,-0.18937893851392476,6.301810701840135e-284,4.574756607138384e-05,-0.09475969514681319
1770340770.5404267,1.0500000000000005,0.0,0.020073478564345302,1.3496864769484411,0.0,0.13999999999999996,0.0,-0.5,-0.18937893851392476,4.894094865636559e-284,0.000687278083149724,-0.09509726135024507
1770340770.9510882,1.0500000000000005,0.0,0.020073478564345302,1.3496864769484411,0.0,0.13999999999999996,0.0,-0.5,-0.18937893851392476,3.776110245007785e-284,0.00022981808676444596,-0.09485012429998313
1770340771.365356,1.0500000000000005,0.0,0.020073478564345302,1.3496864769484411,0.0,0.13999999999999996,0.0,-0.5,-0.18937893851392476,2.894011622335934e-284,2.3377651027623998e-05,-0.09472180212604987
1770340771.7767649,1.0500000000000005,0.0,0.020073478564345302,1.3496864769484411,0.0,0.13999999999999996,0.0,-0.5,-0.18937893851392476,2.2090007399989653e-284,-0.0002056050185131113,-0.0946095650146599
1770340772.189533,1.0500000000000005,0.0,0.020073478564345302,1.3496864769484411,0.0,0.13999999999999996,0.0,-0.5,-0.18937893851392476,1.7373325318123174e-284,0.00018775835157589898,-0.09482268476975923
1770340772.6181695,1.0500000000000005,0.0,0.020073478564345302,1.3496864769484411,0.0,0.13999999999999996,0.0,-0.5,-0.18937893851392476,1.3095617738064322e-284,-0.0004704305050341601,-0.09452007289010632
1770340773.0371516,1.0500000000000005,0.0,0.020073478564345302,1.3496864769484411,0.0,0.13999999999999996,0.0,-0.5,-0.18937893851392476,1.196127759608863e-284,0.0002990805702022911,-0.09491596064958717
1770340773.4486406,1.0500000000000005,0.0,0.020073478564345302,1.3496864769484411,0.0,0.13999999999999996,0.0,-0.5,-0.18937893851392476,7.746808078372923e-285,-0.00026517596702414835,-0.09461330692717294
1770340773.868271,1.0500000000000005,0.0,0.020073478564345302,1.3496864769484411,0.0,0.13999999999999996,0.0,-0.5,-0.18937893851392476,5.944992669578832e-285,-0.000832460036113087,-0.09432996764581472
1770340774.2841291,1.0500000000000005,0.0,0.020073478564345302,1.3496864769484411,0.0,0.13999999999999996,0.0,-0.5,-0.18937893851392476,4.565222023243792e-285,-0.00013845558438470984,-0.09468964190994286
1770340774.7076278,1.0500000000000005,0.0,0.020073478564345302,1.3496864769484411,0.0,0.13999999999999996,0.0,-0.5,-0.18937893851392476,3.5458566671624516e-285,0.0001930968554963956,-0.0948191729286987
1770340775.1331763,1.0500000000000005,0.0,0.020073478564345302,1.3496864769484411,0.0,0.13999999999999996,0.0,-0.5,-0.18937893851392476,2.6870882289619686e-285,-8.584768021256694e-05,-0.09467443987042698
1770340775.555789,1.0500000000000005,0.0,0.020073478564345302,1.3496864769484411,0.0,0.13999999999999996,0.0,-0.5,-0.18937893851392476,2.0331231252143038e-285,-0.0007499667668462535,-0.09438089778220263
1770340775.9688926,1.0500000000000005,0.0,0.020073478564345302,1.3496864769484411,0.0,0.13999999999999996,0.0,-0.5,-0.18937893851392476,1.5819662992139877e-285,-0.0002799468168044067,-0.09459649784356436
1770340776.4093995,1.0500000000000005,0.0,0.020073478564345302,1.3496864769484411,0.0,0.13999999999999996,0.0,-0.5,-0.18937893851392476,1.1903762810823374e-285,-0.0011499291437200789,-0.0942015029177939
1770340776.822038,1.0500000000000005,0.0,0.020073478564345302,1.3496864769484411,0.0,0.13999999999999996,0.0,-0.5,-0.18937893851392476,9.30666239293547e-286,-0.00023192608158900587,-0.09466530652238099
1770340777.2423048,1.0500000000000005,0.0,0.020073478564345302,1.3496864769484411,0.0,0.13999999999999996,0.0,-0.5,-0.18937893851392476,7.04282700287247e-286,-0.00029316625973014996,-0.09454901014491142
1770340777.6685154,1.0500000000000005,0.0,0.020073478564345302,1.3496864769484411,0.0,0.13999999999999996,0.0,-0.5,-0.18937893851392476,5.345699318781691e-286,-0.00020586767998936406,-0.09459526527494178
1770340778.0910275,1.0500000000000005,0.0,0.020073478564345302,1.3496864769484411,0.0,0.13999999999999996,0.0,-0.5,-0.18937893851392476,4.151853805535722e-286,-0.00031967391319759233,-0.0945410129236844
1770340778.507697,1.0500000000000005,0.0,0.020073478564345302,1.3496864769484411,0.0,0.13999999999999996,0.0,-0.5,-0.18937893851392476,3.1363456326644386e-286,0.00017141044441667825,-0.09482428291493215
1770340778.9224722,1.0500000000000005,0.0,0.020073478564345302,1.3496864769484411,0.0,0.13999999999999996,0.0,-0.5,-0.18937893851392476,2.4462201172831257e-286,-0.0004823628189078148,-0.09451366517384092
1770340779.3494246,1.0500000000000005,0.0,0.020073478564345302,1.3496864769484411,0.0,0.13999999999999996,0.0,-0.5,-0.18937893851392476,1.8891105486871245e-286,-0.00038957285671636064,-0.09450396182482335
1770340779.776833,1.0500000000000005,0.0,0.020073478564345302,1.3496864769484411,0.0,0.13999999999999996,0.0,-0.5,-0.18937893851392476,1.4407190974207036e-286,4.80259520540718e-05,-0.09475724211386646
1770340780.1898384,1.0500000000000005,0.0,0.020073478564345302,1.3496864769484411,0.0,0.13999999999999996,0.0,-0.5,-0.18937893851392476,1.116710055625434e-286,0.00018160080496803819,-0.0947936271447378
1770340780.607191,1.0500000000000005,0.0,0.020073478564345302,1.3496864769484411,0.0,0.13999999999999996,0.0,-0.5,-0.18937893851392476,8.197331181209432e-287,0.0002155593161724805,-0.09480064476616906
1770340781.0299537,1.0500000000000005,0.0,0.020073478564345302,1.3496864769484411,0.0,0.13999999999999996,0.0,-0.5,-0.18937893851392476,6.376193215366166e-287,0.0001622316410446427,-0.09477591784499749
1770340781.4591875,1.0500000000000005,0.0,0.020073478564345302,1.3496864769484411,0.0,0.13999999999999996,0.0,-0.5,-0.18937893851392476,4.9880367222173733e-287,0.0009542802965898909,-0.09524581427081186
1770340781.873011,1.0500000000000005,0.0,0.020073478564345302,1.3496864769484411,0.0,0.13999999999999996,0.0,-0.5,-0.18937893851392476,3.7360266856949606e-287,0.0009145615025223943,-0.09515072188763032
1770340782.2954085,1.0500000000000005,0.0,0.020073478564345302,1.3496864769484411,0.0,0.13999999999999996,0.0,-0.5,-0.18937893851392476,2.8275054796415403e-287,1.607958621389373e-05,-0.09478735724170018
1770340782.708756,1.0500000000000005,0.0,0.020073478564345302,1.3496864769484411,0.0,0.13999999999999996,0.0,-0.5,-0.18937893851392476,2.1916324071292597e-287,0.0003793548267704122,-0.09491547419440323
1770340783.1398416,1.0500000000000005,0.0,0.020073478564345302,1.3496864769484411,0.0,0.13999999999999996,0.0,-0.5,-0.18937893851392476,1.646571813540559e-287,5.156673445801151e-05,-0.09474803143342263
1770340783.5514493,1.0500000000000005,0.0,0.020073478564345302,1.3496864769484411,0.0,0.13999999999999996,0.0,-0.5,-0.18937893851392476,1.2891947972953227e-287,0.00014600026802886071,-0.0947719127443339
1770340783.9664052,1.0500000000000005,0.0,0.020073478564345302,1.3496864769484411,0.0,0.13999999999999996,0.0,-0.5,-0.18937893851392476,9.757071518991698e-288,3.608309161280752e-05,-0.09471850252041039
1770340784.377979,1.0500000000000005,0.0,0.020073478564345302,1.3496864769484411,0.0,0.13999999999999996,0.0,-0.5,-0.18937893851392476,7.571697065150709e-288,-0.0002949602308288145,-0.09457509347379214
1770340784.79522,1.0500000000000005,0.0,0.020073478564345302,1.3496864769484411,0.0,0.13999999999999996,0.0,-0.5,-0.18937893851392476,5.7322813407143415e-288,0.0013926351348363133,-0.09555454636094705
1770340785.20993,1.0500000000000005,0.0,0.020073478564345302,1.3496864769484411,0.0,0.13999999999999996,0.0,-0.5,-0.18937893851392476,4.443939972067435e-288,-9.603548911042877e-06,-0.0948248913508816
1770340785.6377685,1.0500000000000005,0.0,0.020073478564345302,1.3496864769484411,0.0,0.13999999999999996,0.0,-0.5,-0.18937893851392476,3.364666031184472e-288,-0.00047530779309061673,-0.09449838578483502
1770340786.0579507,1.0500000000000005,0.0,0.020073478564345302,1.3496864769484411,0.0,0.13999999999999996,0.0,-0.5,-0.18937893851392476,3.2576818734482384e-288,-0.0004274066649106764,-0.09448055603732504
1770340786.485505,1.0500000000000005,0.0,0.020073478564345302,1.3496864769484411,0.0,0.13999999999999996,0.0,-0.5,-0.18937893851392476,1.963795417107557e-288,0.000810129111823329,-0.09521828739054744
1770340786.9068134,1.0500000000000005,0.0,0.020073478564345302,1.3496864769484411,0.0,0.13999999999999996,0.0,-0.5,-0.18937893851392476,1.529686152054983e-288,0.0003907699296907466,-0.09492679014002102
1770340787.3304768,1.0500000000000005,0.0,0.020073478564345302,1.3496864769484411,0.0,0.13999999999999996,0.0,-0.5,-0.18937893851392476,1.3734465624144724e-288,0.0004149845886864602,-0.09489938301720519
1770340787.7458107,1.0500000000000005,0.0,0.020073478564345302,1.3496864769484411,0.0,0.13999999999999996,0.0,-0.5,-0.18937893851392476,8.995749892583659e-289,-0.0003466504085986662,-0.09459230755239156
1770340788.1566625,1.0500000000000005,0.0,0.020073478564345302,1.3496864769484411,0.0,0.13999999999999996,0.0,-0.5,-0.18937893851392476,6.8209556747304725e-289,0.00014350313439548607,-0.09481023617845953
1770340788.5702276,1.0500000000000005,0.0,0.020073478564345302,1.3496864769484411,0.0,0.13999999999999996,0.0,-0.5,-0.18937893851392476,5.298838116110547e-289,9.146729333870898e-05,-0.0947404064877374
1770340788.9877186,1.0500000000000005,0.0,0.020073478564345302,1.3496864769484411,0.0,0.13999999999999996,0.0,-0.5,-0.18937893851392476,4.109127086654992e-289,-0.00014646147651699168,-0.09464003139568947
1770340789.4167573,1.0500000000000005,0.0,0.020073478564345302,1.3496864769484411,0.0,0.13999999999999996,0.0,-0.5,-0.18937893851392476,3.10946457600494e-289,-0.000648613646967383,-0.09441537765052373
1770340789.8333874,1.0500000000000005,0.0,0.020073478564345302,1.3496864769484411,0.0,0.13999999999999996,0.0,-0.5,-0.18937893851392476,2.4131083551076493e-289,0.00014783058593522558,-0.09484302897322026
1770340790.2581525,1.0500000000000005,0.0,0.020073478564345302,1.3496864769484411,0.0,0.13999999999999996,0.0,-0.5,-0.18937893851392476,1.8265431236958563e-289,-0.0009950692806656876,-0.09430622460328962
1770340790.6913323,1.0500000000000005,0.0,0.020073478564345302,1.3496864769484411,0.0,0.13999999999999996,0.0,-0.5,-0.18937893851392476,1.381152033659591e-289,-0.0002768832261351202,-0.09462284624934787
1770340791.1182368,1.0500000000000005,0.0,0.020073478564345302,1.3496864769484411,0.0,0.13999999999999996,0.0,-0.5,-0.18937893851392476,1.0435853240524355e-289,-0.0006216050462059669,-0.09441313891586647
1770340791.5430129,1.0500000000000005,0.0,0.020073478564345302,1.3496864769484411,0.0,0.13999999999999996,0.0,-0.5,-0.18937893851392476,8.109426045204494e-290,-0.00039464964875770734,-0.09451483997232835
1770340791.9731612,1.0500000000000005,0.0,0.020073478564345302,1.3496864769484411,0.0,0.13999999999999996,0.0,-0.5,-0.18937893851392476,6.144024604476769e-290,0.0001383737647644219,-0.0948119584806968
1770340792.3873513,1.0500000000000005,0.0,0.020073478564345302,1.3496864769484411,0.0,0.13999999999999996,0.0,-0.5,-0.18937893851392476,4.768213148142061e-290,-0.0004467356877382699,-0.09452461235834352
1770340792.8029218,1.0500000000000005,0.0,0.020073478564345302,1.3496864769484411,0.0,0.13999999999999996,0.0,-0.5,-0.18937893851392476,3.665945830528153e-290,-0.0008247347810736918,-0.09431490177575907
1770340793.2143743,1.0500000000000005,0.0,0.020073478564345302,1.3496864769484411,0.0,0.13999999999999996,0.0,-0.5,-0.18937893851392476,2.807406781345769e-290,-0.0003270183292984447,-0.09457573173749069
1770340793.6244216,1.0500000000000005,0.0,0.020073478564345302,1.3496864769484411,0.0,0.13999999999999996,0.0,-0.5,-0.18937893851392476,2.1820245772269464e-290,-0.00048394921298199447,-0.09446318773883973
1770340794.0345898,1.0500000000000005,0.0,0.020073478564345302,1.3496864769484411,0.0,0.13999999999999996,0.0,-0.5,-0.18937893851392476,1.65445349079243e-290,-9.877738289236406e-05,-0.09467859774852516
1770340794.4505222,1.0500000000000005,0.0,0.020073478564345302,1.3496864769484411,0.0,0.13999999999999996,0.0,-0.5,-0.18937893851392476,1.2766642291287994e-290,-0.0003388190737358893,-0.09454406388917878
1770340794.8805792,1.0500000000000005,0.0,0.020073478564345302,1.3496864769484411,0.0,0.13999999999999996,0.0,-0.5,-0.18937893851392476,9.733816587827789e-291,-0.0006106674011252961,-0.09441132038913867
1770340795.295936,1.0500000000000005,0.0,0.020073478564345302,1.3496864769484411,0.0,0.13999999999999996,0.0,-0.5,-0.18937893851392476,7.558479603538192e-291,-0.00010696836372699393,-0.0946863549788387
1770340795.7059946,1.0500000000000005,0.0,0.020073478564345302,1.3496864769484411,0.0,0.13999999999999996,0.0,-0.5,-0.18937893851392476,5.871985261015345e-291,-0.00011499996789712108,-0.09463277243343082
1770340796.1181972,1.0500000000000005,0.0,0.020073478564345302,1.3496864769484411,0.0,0.13999999999999996,0.0,-0.5,-0.18937893851392476,4.4430411807524025e-291,-0.000566679776542936,-0.0944512973495555
1770340796.560978,1.0500000000000005,0.0,0.020073478564345302,1.3496864769484411,0.0,0.13999999999999996,0.0,-0.5,-0.18937893851392476,3.435047181274411e-291,0.00012799498136326185,-0.09482293422343463
1770340796.9903636,1.0500000000000005,0.0,0.020073478564345302,1.3496864769484411,0.0,0.13999999999999996,0.0,-0.5,-0.18937893851392476,2.6076457456887354e-291,-0.0001014759599773209,-0.09466167837110778
1770340797.4079876,1.0500000000000005,0.0,0.020073478564345302,1.3496864769484411,0.0,0.13999999999999996,0.0,-0.5,-0.18937893851392476,1.978833237384383e-291,-0.0005960751588956636,-0.09444089159740637
1770340797.8382208,1.0500000000000005,0.0,0.020073478564345302,1.3496864769484411,0.0,0.13999999999999996,0.0,-0.5,-0.18937893851392476,1.4970425485758395e-291,-0.0004249319936198651,-0.09449411757668003
1770340798.2510452,1.0500000000000005,0.0,0.020073478564345302,1.3496864769484411,0.0,0.13999999999999996,0.0,-0.5,-0.18937893851392476,1.1636552633868644e-291,-6.435602771984712e-05,-0.09469334883969246
1770340798.6831465,1.0500000000000005,0.0,0.020073478564345302,1.3496864769484411,0.0,0.13999999999999996,0.0,-0.5,-0.18937893851392476,9.046011932325313e-292,-0.0002898654233983557,-0.09456708748483106
1770340799.1157415,1.0500000000000005,0.0,0.020073478564345302,1.3496864769484411,0.0,0.13999999999999996,0.0,-0.5,-0.18937893851392476,6.667263895792065e-292,6.350520601335294e-05,-0.09475655892291024
1770340799.5350752,1.0500000000000005,0.0,0.020073478564345302,1.3496864769484411,0.0,0.13999999999999996,0.0,-0.5,-0.18937893851392476,5.186191735803508e-292,-0.0005283947245690292,-0.0944844618877361
1770340799.9522033,1.0500000000000005,0.0,0.020073478564345302,1.3496864769484411,0.0,0.13999999999999996,0.0,-0.5,-0.18937893851392476,4.025185061128352e-292,-9.128246796975679e-05,-0.09468753924863743
1770340800.3853016,1.0500000000000005,0.0,0.020073478564345302,1.3496864769484411,0.0,0.13999999999999996,0.0,-0.5,-0.18937893851392476,3.0007895482963705e-292,0.0001603459659597556,-0.09479480508333521
1770340800.810337,1.0500000000000005,0.0,0.020073478564345302,1.3496864769484411,0.0,0.13999999999999996,0.0,-0.5,-0.18937893851392476,2.2710136300481984e-292,-0.00019345139549792643,-0.09462812329535919
1770340801.2303734,1.0500000000000005,0.0,0.020073478564345302,1.3496864769484411,0.0,0.13999999999999996,0.0,-0.5,-0.18937893851392476,1.7493576286032712e-292,-0.0007258599652358176,-0.09437978013131826
1770340801.654973,1.0500000000000005,0.0,0.020073478564345302,1.3496864769484411,0.0,0.13999999999999996,0.0,-0.5,-0.18937893851392476,1.3343693619729066e-292,-0.0001377435020239535,-0.09467940915227159
1770340802.0781548,1.0500000000000005,0.0,0.020073478564345302,1.3496864769484411,0.0,0.13999999999999996,0.0,-0.5,-0.18937893851392476,1.0098415228638195e-292,0.0003591120588363422,-0.09491871084246659
1770340802.5188363,1.0500000000000005,0.0,0.020073478564345302,1.3496864769484411,0.0,0.13999999999999996,0.0,-0.5,-0.18937893851392476,7.619311147501942e-293,-0.00011619740096401832,-0.0946789015024604
1770340802.9371357,1.0500000000000005,0.0,0.020073478564345302,1.3496864769484411,0.0,0.13999999999999996,0.0,-0.5,-0.18937893851392476,5.93043849820257e-293,5.788984721509635e-06,-0.09470456238789168
1770340803.3580115,1.0500000000000005,0.0,0.020073478564345302,1.3496864769484411,0.0,0.13999999999999996,0.0,-0.5,-0.18937893851392476,4.4882533018651746e-293,0.0005164403355182531,-0.09499875455980118
1770340803.766945,1.0500000000000005,0.0,0.020073478564345302,1.3496864769484411,0.0,0.13999999999999996,0.0,-0.5,-0.18937893851392476,3.493934213622322e-293,0.00020322392880687287,-0.09482240286203696
1770340804.2020447,1.0500000000000005,0.0,0.020073478564345302,1.3496864769484411,0.0,0.13999999999999996,0.0,-0.5,-0.18937893851392476,2.635989551403196e-293,-0.00035152762410584835,-0.09456918060020073
1770340804.6141984,1.0500000000000005,0.0,0.020073478564345302,1.3496864769484411,0.0,0.13999999999999996,0.0,-0.5,-0.18937893851392476,2.60580062738176e-293,-0.0004157011116836388,-0.09448803604987835
1770340805.0282474,1.0500000000000005,0.0,0.020073478564345302,1.3496864769484411,0.0,0.13999999999999996,0.0,-0.5,-0.18937893851392476,1.617916082310906e-293,0.0010135224400977683,-0.09533915283218941
1770340805.4593902,1.0500000000000005,0.0,0.020073478564345302,1.3496864769484411,0.0,0.13999999999999996,0.0,-0.5,-0.18937893851392476,1.2026479095967698e-293,-8.42232391605631e-05,-0.09475713220530793
1770340805.876972,1.0500000000000005,0.0,0.020073478564345302,1.3496864769484411,0.0,0.13999999999999996,0.0,-0.5,-0.18937893851392476,9.21817146151561e-294,-0.0005103883305575155,-0.09447689160082332
1770340806.286943,1.0500000000000005,0.0,0.020073478564345302,1.3496864769484411,0.0,0.13999999999999996,0.0,-0.5,-0.18937893851392476,7.14707226833336e-294,-0.0007129165340145063,-0.09435326381030082
1770340806.7116735,1.0500000000000005,0.0,0.020073478564345302,1.3496864769484411,0.0,0.13999999999999996,0.0,-0.5,-0.18937893851392476,5.539803276903711e-294,0.00015120707938020162,-0.09485148515799195
1770340807.12975,1.0500000000000005,0.0,0.020073478564345302,1.3496864769484411,0.0,0.13999999999999996,0.0,-0.5,-0.18937893851392476,4.166526875949076e-294,0.0001818892448162387,-0.0947834820959141
1770340807.5508866,1.0500000000000005,0.0,0.020073478564345302,1.3496864769484411,0.0,0.13999999999999996,0.0,-0.5,-0.18937893851392476,3.242868028818086e-294,-8.75681504042953e-05,-0.0946726309212823
1770340807.9678636,1.0500000000000005,0.0,0.020073478564345302,1.3496864769484411,0.0,0.13999999999999996,0.0,-0.5,-0.18937893851392476,2.4468557618025514e-294,0.0003460127049356349,-0.09490583369496419
1770340808.400014,1.0500000000000005,0.0,0.020073478564345302,1.3496864769484411,0.0,0.13999999999999996,0.0,-0.5,-0.18937893851392476,1.897527263851403e-294,9.283646428988015e-05,-0.09476120511317189
1770340808.8173707,1.0500000000000005,0.0,0.020073478564345302,1.3496864769484411,0.0,0.13999999999999996,0.0,-0.5,-0.18937893851392476,1.4368365634091905e-294,0.0004174168635387292,-0.09493063572865662
1770340809.2255821,1.0500000000000005,0.0,0.020073478564345302,1.3496864769484411,0.0,0.13999999999999996,0.0,-0.5,-0.18937893851392476,1.1116472692666357e-294,-0.0005747413409682773,-0.09450131440692895
1770340809.6337566,1.0500000000000005,0.0,0.020073478564345302,1.3496864769484411,0.0,0.13999999999999996,0.0,-0.5,-0.18937893851392476,8.399384380225151e-295,9.804885635977405e-05,-0.09480577270487507
1770340810.05325,1.0500000000000005,0.0,0.020073478564345302,1.3496864769484411,0.0,0.13999999999999996,0.0,-0.5,-0.18937893851392476,6.520305421533758e-295,-0.00029419531591582494,-0.09458159601623203
1770340810.4670095,1.0500000000000005,0.0,0.020073478564345302,1.3496864769484411,0.0,0.13999999999999996,0.0,-0.5,-0.18937893851392476,5.053279442056043e-295,-0.00022692606815732924,-0.09458273314765957
1770340810.897905,1.0500000000000005,0.0,0.020073478564345302,1.3496864769484411,0.0,0.13999999999999996,0.0,-0.5,-0.18937893851392476,3.8267449545741806e-295,-0.000794287493645163,-0.09434906165268858
1770340811.3211563,1.0500000000000005,0.0,0.020073478564345302,1.3496864769484411,0.0,0.13999999999999996,0.0,-0.5,-0.18937893851392476,2.9644737074696097e-295,-0.0007214983849184483,-0.09433599897537583
1770340811.7404146,1.0500000000000005,0.0,0.020073478564345302,1.3496864769484411,0.0,0.13999999999999996,0.0,-0.5,-0.18937893851392476,2.24901444627176e-295,-0.0009681816306844252,-0.09423004676619676
1770340812.1622262,1.0500000000000005,0.0,0.020073478564345302,1.3496864769484411,0.0,0.13999999999999996,0.0,-0.5,-0.18937893851392476,1.7048204531499175e-295,-0.0007869960353797533,-0.09431408979880296
1770340812.5754364,1.0500000000000005,0.0,0.020073478564345302,1.3496864769484411,0.0,0.13999999999999996,0.0,-0.5,-0.18937893851392476,1.3241658101956109e-295,7.198174369331915e-05,-0.09481135790671635
1770340812.9940393,1.0500000000000005,0.0,0.020073478564345302,1.3496864769484411,0.0,0.13999999999999996,0.0,-0.5,-0.18937893851392476,1.0246677499557585e-295,0.0002929566114097321,-0.09485804504943889
1770340813.4072044,1.0500000000000005,0.0,0.020073478564345302,1.3496864769484411,0.0,0.13999999999999996,0.0,-0.5,-0.18937893851392476,7.769664167574803e-296,-0.0003815625040260342,-0.09456613991649293
1770340813.821274,1.0500000000000005,0.0,0.020073478564345302,1.3496864769484411,0.0,0.13999999999999996,0.0,-0.5,-0.18937893851392476,6.043888312402986e-296,-0.0006877564509418482,-0.09437621042618304
1770340814.238119,1.0500000000000005,0.0,0.020073478564345302,1.3496864769484411,0.0,0.13999999999999996,0.0,-0.5,-0.18937893851392476,4.553918825082789e-296,-0.00016646480904027475,-0.0946583660166324
1770340814.6637647,1.0500000000000005,0.0,0.020073478564345302,1.3496864769484411,0.0,0.13999999999999996,0.0,-0.5,-0.18937893851392476,3.5342630870613326e-296,-0.0006363248703562112,-0.09441829282791588
1770340815.1017873,1.0500000000000005,0.0,0.020073478564345302,1.3496864769484411,0.0,0.13999999999999996,0.0,-0.5,-0.18937893851392476,2.677378667845216e-296,0.000642493989503891,-0.09513859813770034
1770340815.5210292,1.0500000000000005,0.0,0.020073478564345302,1.3496864769484411,0.0,0.13999999999999996,0.0,-0.5,-0.18937893851392476,2.0219984446149024e-296,-0.00010253248401063904,-0.09471270566230852
1770340815.9598086,1.0500000000000005,0.0,0.020073478564345302,1.3496864769484411,0.0,0.13999999999999996,0.0,-0.5,-0.18937893851392476,1.5718460886055856e-296,-0.00020599829098244586,-0.09459681669216834
1770340816.4048784,1.0500000000000005,0.0,0.020073478564345302,1.3496864769484411,0.0,0.13999999999999996,0.0,-0.5,-0.18937893851392476,1.1593381517376717e-296,0.0006262973552630801,-0.09508584749921846
1770340816.824236,1.0500000000000005,0.0,0.020073478564345302,1.3496864769484411,0.0,0.13999999999999996,0.0,-0.5,-0.18937893851392476,9.006821715783815e-297,0.001279775779875829,-0.09539470498936158
1770340817.2427359,1.0500000000000005,0.0,0.020073478564345302,1.3496864769484411,0.0,0.13999999999999996,0.0,-0.5,-0.18937893851392476,6.813536436541614e-297,0.0011436400242387141,-0.09527490284464546
1770340817.666414,1.0500000000000005,0.0,0.020073478564345302,1.3496864769484411,0.0,0.13999999999999996,0.0,-0.5,-0.18937893851392476,5.2885520608031e-297,-0.0003014778254898988,-0.0946832421291903
1770340818.0915878,1.0500000000000005,0.0,0.020073478564345302,1.3496864769484411,0.0,0.13999999999999996,0.0,-0.5,-0.18937893851392476,3.970136451684951e-297,-0.00039777776473145924,-0.09450021036852081
1770340818.5067008,1.0500000000000005,0.0,0.020073478564345302,1.3496864769484411,0.0,0.13999999999999996,0.0,-0.5,-0.18937893851392476,3.098823892665314e-297,-0.0008842989135527099,-0.09429597191506815
1770340818.9190001,1.0500000000000005,0.0,0.020073478564345302,1.3496864769484411,0.0,0.13999999999999996,0.0,-0.5,-0.18937893851392476,2.3514065830088092e-297,-0.0001227388312560937,-0.09470425584956399
1770340819.3341026,1.0500000000000005,0.0,0.020073478564345302,1.3496864769484411,0.0,0.13999999999999996,0.0,-0.5,-0.18937893851392476,1.8244697236111803e-297,-9.201504139294173e-05,-0.09464653411525223
1770340819.7445145,1.0500000000000005,0.0,0.020073478564345302,1.3496864769484411,0.0,0.13999999999999996,0.0,-0.5,-0.18937893851392476,1.4156451696148226e-297,-0.0005018457326941833,-0.09447952945974541
1770340820.1572576,1.0500000000000005,0.0,0.020073478564345302,1.3496864769484411,0.0,0.13999999999999996,0.0,-0.5,-0.18937893851392476,1.0714439485812663e-297,-0.0005226416477721123,-0.09443022802458412
1770340820.5712612,1.0500000000000005,0.0,0.020073478564345302,1.3496864769484411,0.0,0.13999999999999996,0.0,-0.5,-0.18937893851392476,8.409454552453619e-298,9.432121591984875e-05,-0.0947983261512915
1770340821.0046623,1.0500000000000005,0.0,0.020073478564345302,1.3496864769484411,0.0,0.13999999999999996,0.0,-0.5,-0.18937893851392476,6.377453687310221e-298,-0.0002067147462481602,-0.0946162154800551
1770340821.443743,1.0500000000000005,0.0,0.020073478564345302,1.3496864769484411,0.0,0.13999999999999996,0.0,-0.5,-0.18937893851392476,4.826618933786402e-298,-0.0007153028541911717,-0.0943826766406611
1770340821.8606677,1.0500000000000005,0.0,0.020073478564345302,1.3496864769484411,0.0,0.13999999999999996,0.0,-0.5,-0.18937893851392476,3.7478254617138017e-298,-0.00036987455703509564,-0.09453907480816044
1770340822.2748399,1.0500000000000005,0.0,0.020073478564345302,1.3496864769484411,0.0,0.13999999999999996,0.0,-0.5,-0.18937893851392476,2.83481254600285e-298,0.0003926086333592265,-0.09496202189268142
1770340822.6990283,1.0500000000000005,0.0,0.020073478564345302,1.3496864769484411,0.0,0.13999999999999996,0.0,-0.5,-0.18937893851392476,2.201627701527202e-298,-0.00017365317196058793,-0.09465926885151407
1770340823.1119237,1.0500000000000005,0.0,0.020073478564345302,1.3496864769484411,0.0,0.13999999999999996,0.0,-0.5,-0.18937893851392476,1.6826162745096488e-298,0.0005404489950795708,-0.09503110397120618
1770340823.5335112,1.0500000000000005,0.0,0.020073478564345302,1.3496864769484411,0.0,0.13999999999999996,0.0,-0.5,-0.18937893851392476,1.294375665787886e-298,-0.0003502720752385516,-0.09460340532637491
1770340823.9439964,1.0500000000000005,0.0,0.020073478564345302,1.3496864769484411,0.0,0.13999999999999996,0.0,-0.5,-0.18937893851392476,1.0049088761943394e-298,0.0013033925103959165,-0.09550653197072378
1770340824.3627596,1.0500000000000005,0.0,0.020073478564345302,1.3496864769484411,0.0,0.13999999999999996,0.0,-0.5,-0.18937893851392476,7.612976176791765e-299,0.00015064516512140188,-0.09488006657405053
1770340824.7940254,1.0500000000000005,0.0,0.020073478564345302,1.3496864769484411,0.0,0.13999999999999996,0.0,-0.5,-0.18937893851392476,5.913563100609804e-299,0.0011272216318690663,-0.09535073771957168
1770340825.206802,1.0500000000000005,0.0,0.020073478564345302,1.3496864769484411,0.0,0.13999999999999996,0.0,-0.5,-0.18937893851392476,4.3997553997858766e-299,0.0012315475476857751,-0.09531567562238695
1770340825.6250913,1.0500000000000005,0.0,0.020073478564345302,1.3496864769484411,0.0,0.13999999999999996,0.0,-0.5,-0.18937893851392476,3.416139644507754e-299,-0.0002592157770375271,-0.09470893770091594
1770340826.0396287,1.0500000000000005,0.0,0.020073478564345302,1.3496864769484411,0.0,0.13999999999999996,0.0,-0.5,-0.18937893851392476,2.6313201799249636e-299,-0.00013376231733792067,-0.09463513344426339
1770340826.4515462,1.0500000000000005,0.0,0.020073478564345302,1.3496864769484411,0.0,0.13999999999999996,0.0,-0.5,-0.18937893851392476,2.03990412611272e-299,0.00033913202967457087,-0.09490632470650091
1770340826.8952827,1.0500000000000005,0.0,0.020073478564345302,1.3496864769484411,0.0,0.13999999999999996,0.0,-0.5,-0.18937893851392476,1.5861941617118646e-299,-0.000250062354772156,-0.09462335751802098
1770340827.314072,1.0500000000000005,0.0,0.020073478564345302,1.3496864769484411,0.0,0.13999999999999996,0.0,-0.5,-0.18937893851392476,1.1701161876234602e-299,0.00018049108511846476,-0.09482277014351068
1770340827.7280462,1.0500000000000005,0.0,0.020073478564345302,1.3496864769484411,0.0,0.13999999999999996,0.0,-0.5,-0.18937893851392476,9.080824179149802e-300,4.547864757468355e-05,-0.0947257098245041
1770340828.1407244,1.0500000000000005,0.0,0.020073478564345302,1.3496864769484411,0.0,0.13999999999999996,0.0,-0.5,-0.18937893851392476,7.058825709506047e-300,-0.0011079489736094234,-0.09425083753227609
1770340828.5593512,1.0500000000000005,0.0,0.020073478564345302,1.3496864769484411,0.0,0.13999999999999996,0.0,-0.5,-0.18937893851392476,5.337266437246108e-300,2.613893516377285e-06,-0.09480183249043315
1770340828.9871376,1.0500000000000005,0.0,0.020073478564345302,1.3496864769484411,0.0,0.13999999999999996,0.0,-0.5,-0.18937893851392476,4.079335137840297e-300,-0.0001152997335338113,-0.0946436107529005
1770340829.3983014,1.0500000000000005,0.0,0.020073478564345302,1.3496864769484411,0.0,0.13999999999999996,0.0,-0.5,-0.18937893851392476,3.1409519342306234e-300,-3.214546872489475e-05,-0.09468171194908082
1770340829.8168838,1.0500000000000005,0.0,0.020073478564345302,1.3496864769484411,0.0,0.13999999999999996,0.0,-0.5,-0.18937893851392476,2.3858417689329108e-300,0.00047825182096019106,-0.094979634896411
1770340830.2251623,1.0500000000000005,0.0,0.020073478564345302,1.3496864769484411,0.0,0.13999999999999996,0.0,-0.5,-0.18937893851392476,1.8443740968348924e-300,-0.00027586716701226215,-0.0946269475722535
1770340830.6401167,1.0500000000000005,0.0,0.020073478564345302,1.3496864769484411,0.0,0.13999999999999996,0.0,-0.5,-0.18937893851392476,1.43520956949942e-300,0.00028985426395231723,-0.09489096853203499
1770340831.050658,1.0500000000000005,0.0,0.020073478564345302,1.3496864769484411,0.0,0.13999999999999996,0.0,-0.5,-0.18937893851392476,1.088533696191615e-300,-0.00025686737490736853,-0.09461570773339466
1770340831.4635248,1.0500000000000005,0.0,0.020073478564345302,1.3496864769484411,0.0,0.13999999999999996,0.0,-0.5,-0.18937893851392476,8.445588883294949e-301,0.00044548508654289754,-0.09498244704637886
1770340831.87873,1.0500000000000005,0.0,0.020073478564345302,1.3496864769484411,0.0,0.13999999999999996,0.0,-0.5,-0.18937893851392476,6.395299280177323e-301,0.0014332675724607951,-0.09550488129178457
1770340832.300201,1.0500000000000005,0.0,0.020073478564345302,1.3496864769484411,0.0,0.13999999999999996,0.0,-0.5,-0.18937893851392476,4.9576615423855715e-301,0.0003262422228786419,-0.09496329290335992
1770340832.7126887,1.0500000000000005,0.0,0.020073478564345302,1.3496864769484411,0.0,0.13999999999999996,0.0,-0.5,-0.18937893851392476,4.74001095717551e-301,2.4248667087079358e-05,-0.09473179294608508
1770340833.1223311,1.0500000000000005,0.0,0.020073478564345302,1.3496864769484411,0.0,0.13999999999999996,0.0,-0.5,-0.18937893851392476,2.9683521898709493e-301,0.001174357473008122,-0.09539165887405854
1770340833.5338264,1.0500000000000005,0.0,0.020073478564345302,1.3496864769484411,0.0,0.13999999999999996,0.0,-0.5,-0.18937893851392476,2.2604633511698296e-301,7.705872710346849e-05,-0.09483772849510458
1770340833.9604125,1.0500000000000005,0.0,0.020073478564345302,1.3496864769484411,0.0,0.13999999999999996,0.0,-0.5,-0.18937893851392476,1.7118394228615484e-301,-3.6095797810286245e-05,-0.09468273681054862
1770340834.3753457,1.0500000000000005,0.0,0.020073478564345302,1.3496864769484411,0.0,0.13999999999999996,0.0,-0.5,-0.18937893851392476,1.3717114316254553e-301,-2.9099609368074352e-05,-0.09467561907112257
1770340834.7871473,1.0500000000000005,0.0,0.020073478564345302,1.3496864769484411,0.0,0.13999999999999996,0.0,-0.5,-0.18937893851392476,1.027334051356898e-301,0.0004081217104138602,-0.0949372522441475
1770340835.212097,1.0500000000000005,0.0,0.020073478564345302,1.3496864769484411,0.0,0.13999999999999996,0.0,-0.5,-0.18937893851392476,7.810318374742858e-302,-0.0002761193144527454,-0.09461983370222267
1770340835.64936,1.0500000000000005,0.0,0.020073478564345302,1.3496864769484411,0.0,0.13999999999999996,0.0,-0.5,-0.18937893851392476,5.898811882233889e-302,-0.0007908030159830771,-0.09434553611912387
1770340836.0685809,1.0500000000000005,0.0,0.020073478564345302,1.3496864769484411,0.0,0.13999999999999996,0.0,-0.5,-0.18937893851392476,4.5838052162054535e-302,-0.0002926234021155068,-0.09459297551729139
1770340836.5021954,1.0500000000000005,0.0,0.020073478564345302,1.3496864769484411,0.0,0.13999999999999996,0.0,-0.5,-0.18937893851392476,3.455495151624363e-302,-0.0005480216017756714,-0.09444099827604056
1770340836.9203238,1.0500000000000005,0.0,0.020073478564345302,1.3496864769484411,0.0,0.13999999999999996,0.0,-0.5,-0.18937893851392476,2.6217677431596045e-302,-0.0006357679061336795,-0.09438035993433135
1770340837.3492718,1.0500000000000005,0.0,0.020073478564345302,1.3496864769484411,0.0,0.13999999999999996,0.0,-0.5,-0.18937893851392476,2.037664006904319e-302,-0.0004555622701799025,-0.0944797086854678
1770340837.769146,1.0500000000000005,0.0,0.020073478564345302,1.3496864769484411,0.0,0.13999999999999996,0.0,-0.5,-0.18937893851392476,1.5413939542977723e-302,-0.00013687467804677253,-0.0946529006771523
1770340838.19161,1.0500000000000005,0.0,0.020073478564345302,1.3496864769484411,0.0,0.13999999999999996,0.0,-0.5,-0.18937893851392476,1.1950556412629523e-302,-0.0009239355100324275,-0.09430620758514474
1770340838.6079893,1.0500000000000005,0.0,0.020073478564345302,1.3496864769484411,0.0,0.13999999999999996,0.0,-0.5,-0.18937893851392476,9.03883032204004e-303,0.0006086761733479678,-0.09514706851197441
1770340839.0181031,1.0500000000000005,0.0,0.020073478564345302,1.3496864769484411,0.0,0.13999999999999996,0.0,-0.5,-0.18937893851392476,7.029122893262426e-303,0.0002393652610100758,-0.0948460829787012
1770340839.4373715,1.0500000000000005,0.0,0.020073478564345302,1.3496864769484411,0.0,0.13999999999999996,0.0,-0.5,-0.18937893851392476,5.461483016339577e-303,0.0001401809016730073,-0.09476947814373259
1770340839.8531861,1.0500000000000005,0.0,0.020073478564345302,1.3496864769484411,0.0,0.13999999999999996,0.0,-0.5,-0.18937893851392476,4.118000129587926e-303,0.0006956555929722519,-0.09509284452257842
1770340840.2645547,1.0500000000000005,0.0,0.020073478564345302,1.3496864769484411,0.0,0.13999999999999996,0.0,-0.5,-0.18937893851392476,3.203692944140477e-303,0.0014524832032542215,-0.09549139361961768
1770340840.687664,1.0500000000000005,0.0,0.020073478564345302,1.3496864769484411,0.0,0.13999999999999996,0.0,-0.5,-0.18937893851392476,2.4264742243742813e-303,-0.0004588988759415079,-0.09465115802691121
1770340841.1007512,1.0500000000000005,0.0,0.020073478564345302,1.3496864769484411,0.0,0.13999999999999996,0.0,-0.5,-0.18937893851392476,1.882560841417367e-303,0.00010795850478243787,-0.09480013424742599
1770340841.5109055,1.0500000000000005,0.0,0.020073478564345302,1.3496864769484411,0.0,0.13999999999999996,0.0,-0.5,-0.18937893851392476,1.4611637607719793e-303,-9.44916273358909e-05,-0.09466246845650628
1770340841.9273634,1.0500000000000005,0.0,0.020073478564345302,1.3496864769484411,0.0,0.13999999999999996,0.0,-0.5,-0.18937893851392476,1.1006850146262115e-303,3.242723033507894e-05,-0.09471837475789702
1770340842.3402107,1.0500000000000005,0.0,0.020073478564345302,1.3496864769484411,0.0,0.13999999999999996,0.0,-0.5,-0.18937893851392476,1.0279500534073835e-303,-0.0004427921019873086,-0.09451559513920096
1770340842.7679927,1.0500000000000005,0.0,0.020073478564345302,1.3496864769484411,0.0,0.13999999999999996,0.0,-0.5,-0.18937893851392476,6.652111332260196e-304,-0.0007020206207900377,-0.09436438179844764
1770340843.1869407,1.0500000000000005,0.0,0.020073478564345302,1.3496864769484411,0.0,0.13999999999999996,0.0,-0.5,-0.18937893851392476,5.0401363048077015e-304,-0.0010264411943164296,-0.0942086907171568
1770340843.6117,1.0500000000000005,0.0,0.020073478564345302,1.3496864769484411,0.0,0.13999999999999996,0.0,-0.5,-0.18937893851392476,3.814395804991046e-304,-0.0008883452557653387,-0.09425910622293482
1770340844.0393717,1.0500000000000005,0.0,0.020073478564345302,1.3496864769484411,0.0,0.13999999999999996,0.0,-0.5,-0.18937893851392476,2.886527401286214e-304,-0.00028168382629823873,-0.09460929348675998
1770340844.467772,1.0500000000000005,0.0,0.020073478564345302,1.3496864769484411,0.0,0.13999999999999996,0.0,-0.5,-0.18937893851392476,2.238773991780093e-304,-0.0003351584827987226,-0.09452723748121307
1770340844.8806105,1.0500000000000005,0.0,0.020073478564345302,1.3496864769484411,0.0,0.13999999999999996,0.0,-0.5,-0.18937893851392476,1.691609016399209e-304,-0.0003648978682497425,-0.09450999426138261
1770340845.2949085,1.0500000000000005,0.0,0.020073478564345302,1.3496864769484411,0.0,0.13999999999999996,0.0,-0.5,-0.18937893851392476,1.5824690067035625e-304,-0.0001397195529507786,-0.09464212731201689
1770340845.7096593,1.0500000000000005,0.0,0.020073478564345302,1.3496864769484411,0.0,0.13999999999999996,0.0,-0.5,-0.18937893851392476,1.1650901410801772e-304,-6.0604827096610186e-05,-0.09466707831599949
1770340846.1208184,1.0500000000000005,0.0,0.020073478564345302,1.3496864769484411,0.0,0.13999999999999996,0.0,-0.5,-0.18937893851392476,7.726738630810535e-305,-2.3329817675703073e-08,-0.09469551574178144
1770340846.5382557,1.0500000000000005,0.0,0.020073478564345302,1.3496864769484411,0.0,0.13999999999999996,0.0,-0.5,-0.18937893851392476,6.021822065441119e-305,-0.00032589090174019403,-0.09455911056328453
1770340846.9519293,1.0500000000000005,0.0,0.020073478564345302,1.3496864769484411,0.0,0.13999999999999996,0.0,-0.5,-0.18937893851392476,4.670009134127329e-305,0.0004322322326366401,-0.09498139768671839
1770340847.3642414,1.0500000000000005,0.0,0.020073478564345302,1.3496864769484411,0.0,0.13999999999999996,0.0,-0.5,-0.18937893851392476,3.5220412538996515e-305,0.0001320970943444127,-0.09478553131796381
1770340847.780773,1.0500000000000005,0.0,0.020073478564345302,1.3496864769484411,0.0,0.13999999999999996,0.0,-0.5,-0.18937893851392476,2.750729320000798e-305,0.000576109066777371,-0.09502192498759436
1770340848.1923437,1.0500000000000005,0.0,0.020073478564345302,1.3496864769484411,0.0,0.13999999999999996,0.0,-0.5,-0.18937893851392476,2.1376217881705105e-305,-5.97393450889907e-05,-0.09472318442560453
1770340848.6126027,1.0500000000000005,0.0,0.020073478564345302,1.3496864769484411,0.0,0.13999999999999996,0.0,-0.5,-0.18937893851392476,1.5911856898569467e-305,0.0006731264960039398,-0.09509931908907364
1770340849.030741,1.0500000000000005,0.0,0.020073478564345302,1.3496864769484411,0.0,0.13999999999999996,0.0,-0.5,-0.18937893851392476,1.258403892985011e-305,0.00045542759750487197,-0.09493895294556472
1770340849.4649327,1.0500000000000005,0.0,0.020073478564345302,1.3496864769484411,0.0,0.13999999999999996,0.0,-0.5,-0.18937893851392476,9.5075706259109e-306,0.0010167156624686666,-0.0952539558946931
1770340849.8873987,1.0500000000000005,0.0,0.020073478564345302,1.3496864769484411,0.0,0.13999999999999996,0.0,-0.5,-0.18937893851392476,7.319113139302068e-306,0.00019527048077127115,-0.09486924901551776
1770340850.3171647,1.0500000000000005,0.0,0.020073478564345302,1.3496864769484411,0.0,0.13999999999999996,0.0,-0.5,-0.18937893851392476,5.466256815961024e-306,4.5026566804094964e-05,-0.09472700693176116
1770340850.7478046,1.0500000000000005,0.0,0.020073478564345302,1.3496864769484411,0.0,0.13999999999999996,0.0,-0.5,-0.18937893851392476,4.822579825574155e-306,-0.0007184482425392244,-0.09440659261662711
1770340851.1715064,1.0500000000000005,0.0,0.020073478564345302,1.3496864769484411,0.0,0.13999999999999996,0.0,-0.5,-0.18937893851392476,3.2167313898242796e-306,0.0006174751263375363,-0.09513179915701882
1770340851.6020234,1.0500000000000005,0.0,0.020073478564345302,1.3496864769484411,0.0,0.13999999999999996,0.0,-0.5,-0.18937893851392476,2.4357963206367676e-306,-0.00021805338568558368,-0.0946639954153219
1770340852.0166304,1.0500000000000005,0.0,0.020073478564345302,1.3496864769484411,0.0,0.13999999999999996,0.0,-0.5,-0.18937893851392476,1.863911493423772e-306,-0.0005473485919097984,-0.0944487244816299
1770340852.429064,1.0500000000000005,0.0,0.020073478564345302,1.3496864769484411,0.0,0.13999999999999996,0.0,-0.5,-0.18937893851392476,1.4686904438254862e-306,-0.0006385567378416003,-0.09437931170263476
1770340852.859974,1.0500000000000005,0.0,0.020073478564345302,1.3496864769484411,0.0,0.13999999999999996,0.0,-0.5,-0.18937893851392476,1.1124367516885412e-306,-0.00033779460617127104,-0.09455064816704377
1770340853.2800126,1.0500000000000005,0.0,0.020073478564345302,1.3496864769484411,0.0,0.13999999999999996,0.0,-0.5,-0.18937893851392476,8.361591020734155e-307,-0.0008645614876074561,-0.09430986520130226
1770340853.6938975,1.0500000000000005,0.0,0.020073478564345302,1.3496864769484411,0.0,0.13999999999999996,0.0,-0.5,-0.18937893851392476,6.542854460214282e-307,0.0008064530877154989,-0.09525979725835242
1770340854.1064856,1.0500000000000005,0.0,0.020073478564345302,1.3496864769484411,0.0,0.13999999999999996,0.0,-0.5,-0.18937893851392476,4.9918143084999105e-307,-0.000228928137529363,-0.09467854331072219
1770340854.5210261,1.0500000000000005,0.0,0.020073478564345302,1.3496864769484411,0.0,0.13999999999999996,0.0,-0.5,-0.18937893851392476,4.855178448602923e-307,-0.00020611575292100878,-0.09458869261896272
1770340854.9385846,1.0500000000000005,0.0,0.020073478564345302,1.3496864769484411,0.0,0.13999999999999996,0.0,-0.5,-0.18937893851392476,2.9932050558336474e-307,5.589589277564744e-05,-0.09474361836791988
1770340855.3524644,1.0500000000000005,0.0,0.020073478564345302,1.3496864769484411,0.0,0.13999999999999996,0.0,-0.5,-0.18937893851392476,2.3180806753856496e-307,0.00028906972924244,-0.09485732150523028
1770340855.7842724,1.0500000000000005,0.0,0.020073478564345302,1.3496864769484411,0.0,0.13999999999999996,0.0,-0.5,-0.18937893851392476,2.108667516521104e-307,0.0006509744156618057,-0.09505114693343522
1770340856.1992364,1.0500000000000005,0.0,0.020073478564345302,1.3496864769484411,0.0,0.13999999999999996,0.0,-0.5,-0.18937893851392476,1.3025693344695754e-307,-0.0004666025746279495,-0.09456792566867739
1770340856.6076462,1.0500000000000005,0.0,0.020073478564345302,1.3496864769484411,0.0,0.13999999999999996,0.0,-0.5,-0.18937893851392476,1.0117682436690157e-307,-4.4083658167911005e-06,-0.0947334844949351
1770340857.0235128,1.0500000000000005,0.0,0.020073478564345302,1.3496864769484411,0.0,0.13999999999999996,0.0,-0.5,-0.18937893851392476,7.839185003039133e-308,-0.0004818188911783884,-0.09449630086390935
1770340857.4352832,1.0500000000000005,0.0,0.020073478564345302,1.3496864769484411,0.0,0.13999999999999996,0.0,-0.5,-0.18937893851392476,6.253481289187362e-308,-0.0005183705600954147,-0.09443393914380638
1770340857.853722,1.0500000000000005,0.0,0.020073478564345302,1.3496864769484411,0.0,0.13999999999999996,0.0,-0.5,-0.18937893851392476,4.626116970925622e-308,-0.0001871919714590592,-0.09462899113009648
1770340858.2756786,1.0500000000000005,0.0,0.020073478564345302,1.3496864769484411,0.0,0.13999999999999996,0.0,-0.5,-0.18937893851392476,3.4887136541095066e-308,-0.00022179863133332827,-0.09458203060728314
1770340858.6970103,1.0500000000000005,0.0,0.020073478564345302,1.3496864769484411,0.0,0.13999999999999996,0.0,-0.5,-0.18937893851392476,2.756776197824695e-308,-0.00044667678138045027,-0.09448861868127688
1770340859.1139028,1.0500000000000005,0.0,0.020073478564345302,1.3496864769484411,0.0,0.13999999999999996,0.0,-0.5,-0.18937893851392476,2.1126162749416484e-308,-0.0003770596498410275,-0.0945079011451958
1770340859.5365229,1.0500000000000005,0.0,0.020073478564345302,1.3496864769484411,0.0,0.13999999999999996,0.0,-0.5,-0.18937893851392476,1.642080829572074e-308,-0.0007645687673806774,-0.09434593578502601
1770340859.9512796,1.0500000000000005,0.0,0.020073478564345302,1.3496864769484411,0.0,0.13999999999999996,0.0,-0.5,-0.18937893851392476,1.2767949803305947e-308,-0.0003213015531550056,-0.09457314520180744
1770340860.3767965,1.0500000000000005,0.0,0.020073478564345302,1.3496864769484411,0.0,0.13999999999999996,0.0,-0.5,-0.18937893851392476,9.675648061876394e-309,-0.001113363375642765,-0.09421199375138976
1770340860.7972398,1.0500000000000005,0.0,0.020073478564345302,1.3496864769484411,0.0,0.13999999999999996,0.0,-0.5,-0.18937893851392476,7.247711860475067e-309,-0.0004678261555078602,-0.09452010990122194
1770340861.2084424,1.0500000000000005,0.0,0.020073478564345302,1.3496864769484411,0.0,0.13999999999999996,0.0,-0.5,-0.18937893851392476,5.47529333434374e-309,-0.00019222095343959624,-0.09462091930044941
1770340861.6203582,1.0500000000000005,0.0,0.020073478564345302,1.3496864769484411,0.0,0.13999999999999996,0.0,-0.5,-0.18937893851392476,4.258528982331935e-309,-0.0005025918512343347,-0.09446921042112469
1770340862.0485914,1.0500000000000005,0.0,0.020073478564345302,1.3496864769484411,0.0,0.13999999999999996,0.0,-0.5,-0.18937893851392476,3.219767317757917e-309,-0.0002196234207406626,-0.09460795438964141
1770340862.4812815,1.0500000000000005,0.0,0.020073478564345302,1.3496864769484411,0.0,0.13999999999999996,0.0,-0.5,-0.18937893851392476,2.49984285126144e-309,4.874950072816304e-05,-0.09474068129947334
1770340862.923974,1.0500000000000005,0.0,0.020073478564345302,1.3496864769484411,0.0,0.13999999999999996,0.0,-0.5,-0.18937893851392476,1.892175389167024e-309,-0.0003417856541622201,-0.09455762994537031
1770340863.3473167,1.0500000000000005,0.0,0.020073478564345302,1.3496864769484411,0.0,0.13999999999999996,0.0,-0.5,-0.18937893851392476,1.43247931527274e-309,-0.0006031503482309122,-0.0944140305522538
1770340863.7697527,1.0500000000000005,0.0,0.020073478564345302,1.3496864769484411,0.0,0.13999999999999996,0.0,-0.5,-0.18937893851392476,1.08414214126942e-309,0.0001743563407990111,-0.09485439809626488
                                                                                                                                                                                                                                                                                                                                                                                                                                                                                                                                                                                                                                                                                                                                                                                                                                                                                                                                                                                                         