t,kp_lin,ki_lin,kd_lin,kp_ang,ki_ang,kd_ang,v_ref,w_ref,v_meas,w_meas,reward
1770270924.3853662,1.2,0.0,0.03,1.23,0.0,0.1,0.0,0.0,0.0,-0.00048416648331916736,-0.0002904998899915004
1770270924.7897825,1.2,0.0,0.03,1.23,0.0,0.1,0.0,0.0,0.0,-0.0005092723929308102,-0.0002571467874265694
1770270925.1987395,1.2,0.0,0.03,1.23,0.0,0.1,0.0,0.0,0.0,-0.0003719888535798183,-0.00019972278072500835
1770270925.60836,1.2,0.0,0.03,1.23,0.0,0.1,0.0,0.0,0.0,-0.00040918007991102114,-0.00020830916258863085
1770270926.0159366,1.2,0.0,0.03,1.23,0.0,0.1,0.0,0.0,0.0,-0.0003855724532474452,-0.00019514698929008019
1770270926.4213202,1.2,0.0,0.03,1.23,0.0,0.1,0.0,0.0,0.0,-0.0003466140371639736,-0.00017720286019033395
1770270926.8298755,1.2,0.0,0.03,1.23,0.0,0.1,0.0,0.0,0.0,-0.00019160180624023363,-0.00011130212621249082
1770270927.2375112,1.2,0.0,0.03,1.23,0.0,0.1,0.0,0.0,0.0,-0.00031258197355167,-0.00016838900350697863
1770270927.6481621,1.2,0.0,0.03,1.23,0.0,0.1,0.0,0.0,0.0,-0.00031532857762337483,-0.0001579389492188579
1770270928.055014,1.2,0.0,0.03,1.23,0.0,0.1,0.0,0.0,0.0,-0.00029289612805364766,-0.00014869130898379656
1770270928.4657347,1.2,0.0,0.03,1.23,0.0,0.1,0.0,0.0,0.0,-0.00037477011162808434,-0.00019557245417148585
1770270928.8745363,1.2,0.0,0.03,1.23,0.0,0.1,0.0,0.0,0.0,-0.0003622145706174699,-0.0001823628394097964
1770270929.2818327,1.2,0.0,0.03,1.23,0.0,0.1,0.0,0.0,0.0,-0.00035024817183133356,-0.0001763207257942804
1770270929.6879218,1.2,0.0,0.03,1.23,0.0,0.1,0.0,0.0,0.0,-0.000331629656284206,-0.00016767667969681577
1770270930.0946987,1.2,0.0,0.03,1.23,0.0,0.1,0.0,0.0,0.0,-0.000327892510188844,-0.0001643199697039582
1770270930.5012116,1.2,0.0,0.03,1.23,0.0,0.1,0.0,0.0,0.0,-0.0002148274370675396,-0.00011872022584590025
1770270930.9106827,1.2,0.0,0.03,1.23,0.0,0.1,0.0,0.0,0.0,-0.00017274659833084417,-9.058138303909163e-05
1770270931.317603,1.2,0.0,0.03,1.23,0.0,0.1,0.0,0.0,0.0,-8.68817732789509e-05,-5.202736914466478e-05
1770270931.727714,1.2,0.0,0.03,1.23,0.0,0.1,0.0,0.0,0.0,-0.00026439228393449675,-0.00014994719303280295
1770270932.1336432,1.2,0.0,0.03,1.23,0.0,0.1,0.0,0.0,0.0,-0.00012968760296114292,-7.831426957790684e-05
1770270932.5433939,1.2,0.0,0.03,1.23,0.0,0.1,0.0,0.0,0.0,-0.0001949620055220913,-0.00010400844301714048
1770270932.9817097,1.2,0.0,0.03,1.23,0.0,0.1,0.0,0.0,0.0,-0.00020783464561045705,-0.0001052045868140651
1770270933.3905797,1.2,0.0,0.03,1.23,0.0,0.1,0.0,0.0,0.0,-0.00026990300505047945,-0.00014115833846924195
1770270933.799559,1.2,0.0,0.03,1.23,0.0,0.1,0.0,0.0,0.0,-0.00023659660800760156,-0.00012162894370808857
1770270934.212531,1.2,0.0,0.03,1.23,0.0,0.1,0.0,0.0,0.0,-0.0002722036129631925,-0.00013966250697715536
1770270934.621589,1.2,0.0,0.03,1.23,0.0,0.1,0.0,0.0,0.0,-0.0003022858668947698,-0.00015415115884054263
1770270935.029185,1.2,0.0,0.03,1.23,0.0,0.1,0.0,0.0,0.0,-0.00031218951213040985,-0.00015708512058876893
1770270935.4379082,1.2,0.0,0.03,1.23,0.0,0.1,0.0,0.0,0.0,-0.00023120596076887988,-0.00012370133552059293
1770270935.8503695,1.2,0.0,0.03,1.23,0.0,0.1,0.0,0.0,0.0,-0.00023884088421632975,-0.00012018393445290986
1770270936.2560124,1.2,0.0,0.03,1.23,0.0,0.1,0.0,0.0,0.0,-0.00018447119157522892,-9.767256505172455e-05
1770270936.6661057,1.2,0.0,0.03,1.23,0.0,0.1,0.0,0.0,0.0,-0.00011179784471151326,-6.31662570421282e-05
1770270937.077015,1.2,0.0,0.03,1.23,0.0,0.1,0.0,0.0,0.0,-7.720199151173762e-05,-4.2060581075846376e-05
1770270937.485348,1.2,0.0,0.03,1.23,0.0,0.1,0.0,0.0,0.0,-0.00010078304848237133,-5.274962993824904e-05
1770270937.8948867,1.2,0.0,0.03,1.23,0.0,0.1,0.0,0.0,0.0,-0.0002939346848167101,-0.00016628250604178892
1770270938.3015864,1.2,0.0,0.03,1.23,0.0,0.1,0.0,0.0,0.0,-0.0002461297754227021,-0.00012784537865075186
1770270938.717681,1.2,0.0,0.03,1.23,0.0,0.1,0.0,0.0,0.0,-0.000324984595984934,-0.00017037778004869018
1770270939.1395283,1.2,0.0,0.03,1.23,0.0,0.1,0.0,0.0,0.0,-0.0003619170524994987,-0.0001846517719012058
1770270939.5467312,1.2,0.0,0.03,1.23,0.0,0.1,0.0,0.0,0.0,-0.00033744965762760724,-0.00017117156830099276
1770270939.9630718,1.2,0.0,0.03,1.23,0.0,0.1,0.0,0.0,0.0,-0.00033022922264613094,-0.0001658366548212131
1770270940.3703527,1.2,0.0,0.03,1.23,0.0,0.1,0.0,0.0,0.0,-0.00027853202649896313,-0.00014443573286419836
1770270940.7800364,1.2,0.0,0.03,1.23,0.0,0.1,0.0,0.0,0.0,-0.00034510382075309714,-0.00017920908980196198
1770270941.2048202,1.2,0.0,0.03,1.23,0.0,0.1,0.0,0.0,0.0,-0.00029048296187339674,-0.00015070356682466842
1770270941.6142921,1.2,0.0,0.03,1.23,0.0,0.1,0.0,0.0,0.0,-0.00025947386728270136,-0.00013283784310042022
1770270942.0241508,1.2,0.0,0.03,1.23,0.0,0.1,0.0,0.0,0.0,-0.00015375792028943193,-8.74505548440429e-05
1770270942.4294024,1.2,0.0,0.03,1.23,0.0,0.1,0.0,0.0,0.0,-0.00021698312333276633,-0.00011481408197071661
1770270942.8360715,1.2,0.0,0.03,1.23,0.0,0.1,0.0,0.0,0.0,-0.0002971209489148251,-0.0001565742570156184
1770270943.2544997,1.2,0.0,0.03,1.23,0.0,0.1,0.0,0.0,0.0,-0.0003192717353528554,-0.00016185094632023073
1770270943.6763737,1.2,0.0,0.03,1.23,0.0,0.1,0.0,0.0,0.0,-0.0004405750185144365,-0.00023241783757337633
1770270944.1154118,1.2,0.0,0.03,1.23,0.0,0.1,0.0,0.0,0.0,-0.0005533095915399241,-0.0002879282530725108
1770270944.5280807,1.2,0.0,0.03,1.23,0.0,0.1,0.0,0.0,0.0,-0.0006564860508284291,-0.000338560671343065
1770270944.9393554,1.2,0.0,0.03,1.23,0.0,0.1,0.0,0.0,0.0,-0.0007378710659865082,-0.00037707403450906203
1770270945.351419,1.2,0.0,0.03,1.23,0.0,0.1,0.0,0.0,0.0,-0.0007531584540997684,-0.0003781079658612102
1770270945.772116,1.2,0.0,0.03,1.23,0.0,0.1,0.0,0.0,0.0,-0.0006156748222625425,-0.00032158577431499384
1770270946.194512,1.2,0.0,0.03,1.23,0.0,0.1,0.0,0.0,0.0,-0.0006822539157121777,-0.00034778486720105236
1770270946.605866,1.2,0.0,0.03,1.23,0.0,0.1,0.0,0.0,0.0,-0.0004760486071000625,-0.0002586448344112428
1770270947.0244594,1.2,0.0,0.03,1.23,0.0,0.1,0.0,0.0,0.0,-0.00047581604287142445,-0.00023793127785857603
1770270947.4330373,1.2,0.0,0.03,1.23,0.0,0.1,0.0,0.0,0.0,-0.00038520052851843186,-0.0002016618156945152
1770270947.8486671,1.2,0.0,0.03,1.23,0.0,0.1,0.0,0.0,0.0,-0.00035891196026722414,-0.00018208483695873284
1770270948.2622783,1.2,0.0,0.03,1.23,0.0,0.1,0.0,0.0,0.0,-0.0003609479666793123,-0.00018067758398086496
1770270948.6796446,1.2,0.0,0.03,1.23,0.0,0.1,0.25,0.004816357256573483,0.12196205112572228,-0.0007955806719528532,-0.13088738110906822
1770270949.0952542,1.2,0.0,0.029911481335759164,1.23,0.0,0.1,0.25,0.007745065096414427,0.25359892329787065,-0.005050975718083258,-0.010422483209732531
1770270949.5147913,1.2003315243816375,0.0,0.029850691219568255,1.23,0.0,0.1,0.25,0.00672463298337929,0.2573913138823145,-0.0006984536670589824,-0.011538109412636072
1770270949.9345055,1.2006608085823058,0.0,0.02979324024438858,1.23,0.0,0.1,0.25,0.0044462936637001006,0.25452887715277034,0.004106183399143264,-0.005179395991668981
1770270950.3539698,1.2009744843542576,0.0,0.029738110544085504,1.23,0.0,0.1,0.25,0.004005222670095958,0.2521508665294188,0.002291193218812942,-0.0031893802730933556
1770270950.772269,1.2012866551172734,0.0,0.029681650859713554,1.23,0.0,0.1,0.25,0.001696211750273623,0.25255011080792084,0.002545021278554073,-0.002999898378035174
1770270951.1926703,1.2015960572934152,0.0,0.02962610138297081,1.23,0.0,0.1,0.25,-5.171047789332351e-05,0.24997483234814957,0.0015019237596565127,-0.0009062945225151016
1770270951.6197853,1.2019006374156476,0.0,0.029569941076040267,1.23,0.0,0.1,0.25,0.006077117648150013,0.2526391995394442,0.0018267093355061768,-0.004796882253351077
1770270952.0300443,1.2022170795536042,0.0,0.029512755752205848,1.23,0.0,0.1,0.25,-0.004461189548520677,0.24869140050465793,6.131980394369166e-05,-0.003746393124730499
1770270952.4409451,1.202516149120331,0.0,0.029456901056170465,1.23,0.0,0.1,0.25,-0.00449281528525909,0.24525521057392657,-0.0002784588956429799,-0.006885945490840147
1770270952.8901963,1.2028100251042844,0.0,0.029400057826638223,1.23,0.0,0.1,0.25,-0.004910826533458273,0.24944366691644945,0.00016702549834124995,-0.0031398075388487322
1770270953.3066614,1.2031095804297924,0.0,0.0293445716714859,1.23,0.0,0.1,0.25,-0.005058396635839756,0.24720052699250553,-0.001251105271312039,-0.004844931766723661
1770270953.7229092,1.2034075684010983,0.0,0.029287894400954247,1.23,0.0,0.1,0.25,-0.00551347895856893,0.24748593409925296,-0.002578083677311498,-0.0041144613819757035
1770270954.1366053,1.2037076383244991,0.0,0.029230775483250617,1.23,0.0,0.1,0.25,-0.006102078712323425,0.24973442719623482,-0.0021250392296644537,-0.002299396989859375
1770270954.5540895,1.2040099217784404,0.0,0.029174598562717438,1.23,0.0,0.1,0.25,-0.007395519742114673,0.246195971217558,-0.0017066907832016672,-0.006690278106544769
1770270954.9688108,1.2043039290511608,0.0,0.02911815564215183,1.23,0.0,0.1,0.25,-0.008620340591508492,0.24917448944842613,-0.0029464430734051075,-0.003786434539645908
1770270955.385937,1.2046033460712433,0.0,0.029062196425795554,1.23,0.0,0.1,0.25,-0.009996177964836959,0.24386288655596783,-0.004723897027876167,-0.008950999307959673
1770270955.7991555,1.2048950675868988,0.0,0.029004496176838875,1.23,0.0,0.1,0.25,-0.009996177964836959,0.012363175215589047,-0.004922321187026232,-0.24019359558923134
1770270956.2477164,1.2048950675868988,0.0,0.028895899305939676,1.23,0.0,0.1,0.25,-0.009996177964836959,-0.011509569953619205,-0.003070500896080875,-0.26515759051709176
1770270956.7111354,1.2047517825222016,0.0,0.028783740332722664,1.23,0.0,0.1,0.25,-0.009996177964836959,-0.00654600123831583,-0.0024225254633005893,-0.2603976250323621
1770270957.1356635,1.2046155302578212,0.0,0.028672781326174734,1.23,0.0,0.1,0.25,-0.009996177964836959,-0.005608359332698464,-0.0017571175489519057,-0.2597944303320759
1770270957.5558422,1.20447969445467,0.0,0.02856229895889759,1.23,0.0,0.1,0.25,-0.009996177964836959,-0.004022749266014914,-0.001330402410342615,-0.25839830855712304
1770270957.9745107,1.20447969445467,0.0,0.028452303552031516,1.23,0.0,0.1,0.25,-0.009996177964836959,-0.003118394632913115,-0.001046155576826667,-0.2576218305102698
1770270958.390693,1.20447969445467,0.0,0.028342605183720587,1.23,0.0,0.1,0.0,-0.5,-0.001312710457168858,-0.001193427979442779,-0.2507307237077091
1770270958.808102,1.20447969445467,0.0,0.028342605183720587,1.23,0.0,0.10011606927990914,0.0,-0.5,-9.947951871611691e-05,-0.07676922341121743,-0.21927244735628484
1770270959.2305884,1.20447969445467,0.0,0.028342605183720587,1.23,0.0,0.10022396047234536,0.25,-0.1132567038338101,0.02463234284475214,-0.1723370544031313,-0.26446461553909983
1770270959.6544054,1.20447969445467,0.0,0.028190262749791143,1.23,0.0,0.10022396047234536,0.25,-0.10426281992534413,0.2501550297103615,-0.18223832588671632,-0.040132909839406115
1770270960.071683,1.2049465676414968,0.0,0.028077570381760595,1.23,0.0,0.10022396047234536,0.25,-0.0927355212713358,0.2535580975270055,-0.15900814992594364,-0.039017429450386665
1770270960.4955642,1.2053972137427331,0.0,0.027973054406046867,1.23,0.0,0.10022396047234536,0.25,-0.08756688539345235,0.25521129041068297,-0.14341807737440124,-0.03469589365631165
1770270960.916675,1.205832565587759,0.0,0.027874675067067145,1.23,0.0,0.10022396047234536,0.23958333333333343,-0.08727356126091416,0.2507081562285429,-0.1318759297486129,-0.034580221901637696
1770270961.3489847,1.2062472505080701,0.0,0.027784471701979636,1.23,0.0,0.10022396047234536,0.21875000000000006,-0.08476905501581423,0.2270258070318141,-0.11840832094715886,-0.026442200877631765
1770270961.7710292,1.2066138841259482,0.0,0.027702139735221863,1.23,0.0,0.10022396047234536,0.2083333333333334,-0.08155889720954639,0.20928339082531058,-0.11554226212876136,-0.01822834583342442
1770270962.1962466,1.2069552586734298,0.0,0.027619949190616607,1.23,0.0,0.10022396047234536,0.19791666666666674,-0.08136724667298253,0.21194313391803737,-0.10835629358166268,-0.028239587560420575
1770270962.6205866,1.2072940961515906,0.0,0.027545771868824957,1.23,0.0,0.10022396047234536,0.17708333333333337,-0.0847450952613281,0.18567571436963834,-0.09891921464508538,-0.016623148621841336
1770270963.0358288,1.2075780205500128,0.0,0.027478880408406257,1.23,0.0,0.10022396047234536,0.15625000000000003,-0.08068267412835538,0.1640688152296375,-0.09474834487962613,-0.015268737581818785
1770270963.452701,1.2078330505728725,0.0,0.02741566880464554,1.23,0.0,0.10022396047234536,0.15625000000000003,-0.07862537695720588,0.15262042983970128,-0.09076028965310867,-0.010095832030901888
1770270963.8886845,1.2080646671640876,0.0,0.027351052790880202,1.23,0.0,0.10022396047234536,0.14583333333333334,-0.07483228188911624,0.14439817504947516,-0.08967582911223616,-0.008965377949505391
1770270964.3059387,1.2082901709097627,0.0,0.027287884714007376,1.23,0.0,0.10022396047234536,0.13541666666666669,-0.07079856292933775,0.13622929744530923,-0.08699657914761084,-0.009179563884241624
1770270964.722656,1.208507265222073,0.0,0.027226886742711065,1.23,0.0,0.10022396047234536,0.13541666666666669,-0.07383977600089878,0.13346611732054142,-0.08560529240175008,-0.00797243622113699
1770270965.1435802,1.208713142552376,0.0,0.027166836529970168,1.23,0.0,0.10022396047234536,0.13541666666666669,-0.08181687424441418,0.12646624599645823,-0.08053618855764573,-0.01009767389800312
1770270965.560623,1.208887503320575,0.0,0.027110040174722672,1.23,0.0,0.10022396047234536,0.11458333333333333,-0.06675656857557027,0.12339587693685865,-0.07921187098685609,-0.01517262656624719
1770270965.9814441,1.2090841195786002,0.0,0.027056647076010704,1.23,0.0,0.10022396047234536,0.125,-0.054191261781261955,0.1227511729494242,-0.07514815729223408,-0.013133646175524065
1770270966.3956354,1.209285201762915,0.0,0.026997237750291826,1.23,0.0,0.10022396047234536,0.25,-0.052794446202830754,0.12331080840835229,-0.07094165255517561,-0.13618344524152598
1770270966.8101711,1.209426320562959,0.0,0.02689257208585739,1.23,0.0,0.10022396047234536,0.25,-0.05680544183160817,0.10623805749527523,-0.06758339440834539,-0.14948674460777642
1770270967.2389574,1.209426320562959,0.0,0.02678701490879059,1.23,0.0,0.10022396047234536,0.23958333333333343,-0.045049401594355366,0.23811482957847221,-0.0659980282986527,-0.012101353717979147
1770270967.659751,1.2097683928173784,0.0,0.02671270365357399,1.23,0.0,0.10022396047234536,0.22916666666666674,-0.04597651350314021,0.22855354478173878,-0.05967583130587215,-0.008095000485571987
1770270968.0756245,1.2100875569039586,0.0,0.026643417704701425,1.23,0.0,0.10022396047234536,0.19791666666666674,-0.045631982682700495,0.22120089239993238,-0.058702434931600794,-0.02991679149514292
1770270968.4907439,1.2104069778710607,0.0,0.02658480828881264,1.23,0.0,0.10022396047234536,0.19791666666666674,-0.04480105159059705,0.191721720827931,-0.05796969706225167,-0.012852542361497948
1770270968.9081795,1.2106768676644566,0.0,0.026519200345873833,1.23,0.0,0.10022396047234536,0.1666666666666667,-0.04505902582978757,0.17938329833164515,-0.05504319762696185,-0.018001367507094565
1770270969.3259292,1.2109344143021108,0.0,0.02646423892736435,1.23,0.0,0.10022396047234536,0.14583333333333334,-0.04492108798502923,0.16582420636262538,-0.05354356748549997,-0.02445207579367359
1770270969.73751,1.2111757800096274,0.0,0.02641481408715248,1.23,0.0,0.10022396047234536,0.14583333333333334,-0.044583763552500426,0.1423516444384559,-0.05197605045714361,-0.00733458405003466
1770270970.159707,1.2113748942625524,0.0,0.026360439707636834,1.23,0.0,0.10022396047234536,0.14583333333333334,-0.04559733961152044,0.14536054704543563,-0.04887892298974324,-0.0024232907237491446
1770270970.5757666,1.2115725200504066,0.0,0.02630861400604248,1.23,0.0,0.10022396047234536,0.13541666666666669,-0.044787609199666595,0.13149643427939564,-0.04866162482052655,-0.005878970014622691
1770270970.9957614,1.2117516999435427,0.0,0.02625739176928997,1.23,0.0,0.10022396047234536,0.13541666666666669,-0.04586620652083254,0.13273596679985555,-0.04644231517702738,-0.0031906851592584653
1770270971.4173896,1.2119277522253993,0.0,0.026207887358665465,1.23,0.0,0.10022396047234536,0.13541666666666669,-0.04689034249495608,0.13326950537330443,-0.047869618247356326,-0.0027795294765952786
1770270971.8386967,1.212105762010217,0.0,0.026158118879199027,1.23,0.0,0.10022396047234536,0.10416666666666666,-0.04899370207420407,0.12102588433421599,-0.04475348473606731,-0.019290939687746613
1770270972.2604625,1.2122683312028648,0.0,0.026158118879199027,1.23,0.0,0.10022396047234536,0.11458333333333333,-0.05061884782391636,0.11877517840276164,-0.043851891098450675,-0.007665482795922816
1770270972.6739886,1.212418640457988,0.0,0.026158118879199027,1.23,0.0,0.10022396047234536,0.10416666666666666,-0.05305402234892372,0.09780827287575239,-0.04208451504607739,-0.012019885047574765
1770270973.1151276,1.212418640457988,0.0,0.026158118879199027,1.23,0.0,0.10022396047234536,0.10416666666666666,-0.06425223762408583,0.10365660791036264,-0.04154520528393379,-0.011917505902594393
1770270973.5361168,1.212418640457988,0.0,0.026158118879199027,1.23,0.0,0.10022396047234536,0.10416666666666666,-0.06669932446301634,0.031347566846577433,-0.04187847873627065,-0.08526285002869576
1770270973.958544,1.212418640457988,0.0,0.026105573058128356,1.23,0.0,0.10022396047234536,0.10416666666666666,-0.06669932446301634,-0.00484749037295003,-0.0324670704870532,-0.12707142485252002
1770270974.3735695,1.212418640457988,0.0,0.026049419891238212,1.23,0.0,0.10022396047234536,0.10416666666666666,-0.06669932446301634,-0.003941608960857126,-0.025757181790950913,-0.12925033583316672
1770270974.7927775,1.212418640457988,0.0,0.025996750742197035,1.23,0.0,0.10022396047234536,0.10416666666666666,-0.06669932446301634,-0.0026799059926070385,-0.020171870134434215,-0.13066883098921642
1770270975.2077606,1.212418640457988,0.0,0.025947102795839307,1.23,0.0,0.10022396047234536,0.10416666666666666,-0.06669932446301634,-0.002075629654230866,-0.016017237944067887,-0.13199880279940837
1770270975.632717,1.212418640457988,0.0,0.025899630078077315,1.23,0.0,0.10022396047234536,0.10416666666666666,-0.06669932446301634,-0.001886706478814966,-0.012582143705846092,-0.13345547294788893
1770270976.058171,1.212418640457988,0.0,0.02585388715982437,1.23,0.0,0.10022396047234536,0.10416666666666666,-0.06669932446301634,-0.0012023386262224735,-0.009968719443121391,-0.13399565022910906
1770270976.4741607,1.212418640457988,0.0,0.02585388715982437,1.23,0.0,0.10022396047234536,0.10416666666666666,-0.06669932446301634,-0.0010453078437415726,-0.007992463910842854,-0.13476303033972284
1770270976.9070232,1.212282792005539,0.0,0.02585388715982437,1.23,0.0,0.10022396047234536,0.10416666666666666,-0.06669932446301634,-0.0007068192212557312,-0.0063578397711849715,-0.13520769064780386
1770270977.3224528,1.2121447217828036,0.0,0.02585388715982437,1.23,0.0,0.10022396047234536,0.10416666666666666,-0.06669932446301634,-0.0006344798099392498,-0.005052214771579397,-0.13575526382228492
1770270977.7407234,1.2120045412516596,0.0,0.02585388715982437,1.23,0.0,0.10022396047234536,0.10416666666666666,-0.06669932446301634,-0.0004952860039755796,-0.004058481220217496,-0.13608174764717784
1770270978.1569297,1.2118628976184131,0.0,0.02585388715982437,1.23,0.0,0.10022396047234536,0.10416666666666666,-0.06669932446301634,-0.0003546763880113607,-0.0031163971898082827,-0.13640701509432296
1770270978.5704658,1.2117198818582298,0.0,0.02585388715982437,1.23,0.0,0.10022396047234536,0.10416666666666666,-0.05933387393310409,-0.0002757848425826165,-0.002446216309488462,-0.13295329840908907
1770270978.9886355,1.2117198818582298,0.0,0.02585388715982437,1.23,0.0,0.10022396047234536,0.10416666666666666,-0.05672060051377226,0.09961772327330969,-0.012891379394413906,-0.02750807026152869
1770270979.4042456,1.2117198818582298,0.0,0.02585388715982437,1.23,0.0,0.10022396047234536,0.10416666666666666,-0.0544949494962531,0.10773909814071869,-0.021678325704479515,-0.02085943800094539
1770270979.819936,1.2117198818582298,0.0,0.02585388715982437,1.23,0.0,0.10022396047234536,0.10416666666666666,-0.052654860237606585,0.10395723804915097,-0.026850951982690854,-0.01362864537279469
1770270980.2500775,1.2117198818582298,0.0,0.02585388715982437,1.23,0.0,0.10022396047234536,0.10416666666666666,-0.04119979410207098,0.10272391570477908,-0.02991716762177832,-0.007390685765942653
1770270980.6747556,1.2117198818582298,0.0,0.02585388715982437,1.23,0.0,0.10022396047234536,0.09375,-0.03757791072410747,0.1467059927869376,-0.035661699424172556,-0.054488551617144484
1770270981.087126,1.2119310771238805,0.0,0.02585388715982437,1.23,0.0,0.10022396047234536,0.10416666666666666,-0.013567867628513326,0.04843700857532859,-0.10020704553564681,-0.10550378165605223
1770270981.518298,1.212111402309537,0.0,0.025761075818538665,1.23,0.0,0.10022396047234536,0.10416666666666666,-0.005568460008605925,0.09453823109794247,-0.0950451659998524,-0.05488297651792686
1770270981.9354472,1.2123725165641308,0.0,0.02567885652065277,1.23,0.0,0.10022396047234536,0.10416666666666666,-0.0011655880262671928,0.10259160126532925,-0.08208086859836464,-0.04332913542753491
1770270982.3543766,1.2126314739364386,0.0,0.02560343601644039,1.23,0.0,0.10022396047234536,0.09375,-0.002017986267535782,0.09237288169594013,-0.06286787489139371,-0.03372336198668593
1770270982.769585,1.212844148976803,0.0,0.025539165170788764,1.23,0.0,0.10022396047234536,0.09375,-0.003859055678930961,0.09139463226877004,-0.048445280665230114,-0.0260907396469959
1770270983.18725,1.2130281688839197,0.0,0.025482263807058335,1.23,0.0,0.10022396047234536,0.09375,-0.0035459505011761023,0.09098597561109281,-0.038543021975275225,-0.02125278599495224
1770270983.6005094,1.2131950210547446,0.0,0.025430033054351805,1.23,0.0,0.10022396047234536,0.09375,-0.0051454886283338296,0.09184440598275138,-0.031554628880173956,-0.015809003452678806
1770270984.0159318,1.213349220162034,0.0,0.02538193399786949,1.23,0.0,0.10022396047234536,0.09375,-0.004463429597278012,0.09304296593253686,-0.02581321533803161,-0.011956068292054174
1770270984.43116,1.2134965804731845,0.0,0.02533674599647522,1.23,0.0,0.10022396047234536,0.10416666666666666,-0.005610706822071867,0.09694174497919611,-0.021384160441064313,-0.015554553986663501
1770270984.8428717,1.2136368899595738,0.0,0.02529097131550312,1.23,0.0,0.10022396047234536,0.10416666666666666,-0.007103617213007911,0.10599130848854915,-0.01759561690238333,-0.007449496020438302
1770270985.2544122,1.213784270322919,0.0,0.02529097131550312,1.23,0.0,0.10022396047234536,0.10416666666666666,-0.006591928998230556,0.10368298618693854,-0.015166008557277162,-0.005013681093762038
1770270985.6750073,1.2139242006844282,0.0,0.02529097131550312,1.23,0.0,0.10022396047234536,0.10416666666666666,-0.008180961398100612,0.09905828541088992,-0.013398871005330637,-0.007894049814586407
1770270986.0984516,1.2139242006844282,0.0,0.02529097131550312,1.23,0.0,0.10022396047234536,0.10416666666666666,-0.006832439992851138,0.09887005459467352,-0.011958970403450096,-0.008003867337480673
1770270986.5199115,1.2139242006844282,0.0,0.02529097131550312,1.23,0.0,0.10022396047234536,0.09375,-0.007133468852589776,0.07015606190339017,-0.020859396564774677,-0.03134694456883473
1770270986.9349396,1.2139242006844282,0.0,0.025243637289404867,1.23,0.0,0.10022396047234536,0.125,0.012349260311012132,0.030360820013409832,-0.07956233809387535,-0.14646527334194398
1770270987.3477805,1.2140642999124527,0.0,0.02514146288216114,1.23,0.0,0.10022396047234536,0.125,0.020404481763890987,0.13147867243939884,-0.07106870162107337,-0.05306462777916122
1770270987.764785,1.2143728847444057,0.0,0.02506382496356964,1.23,0.0,0.10022396047234536,0.13541666666666669,0.017887426542373214,0.12463770598487722,-0.058933032831016426,-0.05040275724748997
1770270988.1898642,1.2146419441902638,0.0,0.02498716438293457,1.23,0.0,0.10022396047234536,0.13541666666666669,0.01779666041866749,0.13042217558515393,-0.039991945692937014,-0.03578290285112295
1770270988.6054227,1.214888965984583,0.0,0.024921050795316695,1.23,0.0,0.10022396047234536,0.13541666666666669,0.02190148422197735,0.14468218756150755,-0.024909800497601206,-0.03417937777416373
1770270989.0282626,1.2151402493047714,0.0,0.024864455117583274,1.23,0.0,0.10022396047234536,0.15625000000000003,0.00940616730993126,0.13609677729452618,-0.014577100604186115,-0.033178126651874036
1770270989.4411418,1.2153335461521149,0.0,0.02480657364785671,1.23,0.0,0.10022396047234536,0.15625000000000003,0.006338061049595561,0.13492064354788263,-0.010122049679812863,-0.030004916909258928
1770270989.8523934,1.2155131071817875,0.0,0.02475152574419975,1.23,0.0,0.10022396047234536,0.13541666666666669,0.007093664431986078,0.12939454638368442,-0.007624337706276808,-0.013630892549467317
1770270990.2680285,1.2156891781961918,0.0,0.024704243452548978,1.23,0.0,0.10022396047234536,0.14583333333333334,0.011297823177634727,0.1315855519438196,-0.005345894334578884,-0.02279748448279034
1770270990.6907964,1.2158662112492322,0.0,0.024653286169767377,1.23,0.0,0.10022396047234536,0.13541666666666669,6.099530158323874e-05,0.13438788213191594,-0.0030649762739675002,-0.0028198621285872565
1770270991.1242661,1.2160335168313978,0.0,0.024653286169767377,1.23,0.0,0.10022396047234536,0.13541666666666669,-0.0032705715862489963,0.14018680828915933,-0.0011526244830077155,-0.006020350353209265
1770270991.571298,1.2162029781371353,0.0,0.024653286169767377,1.23,0.0,0.10022396047234536,0.14583333333333334,-0.006185668599789728,0.14060346664809117,-0.0008857082679817195,-0.007906538472648774
1770270991.9902134,1.2163641313970086,0.0,0.024653286169767377,1.23,0.0,0.10022396047234536,0.15625000000000003,-0.005549525313924983,0.15153191948109204,-0.0020420324099541683,-0.006587459385090638
1770270992.4019313,1.2165422748363015,0.0,0.024653286169767377,1.23,0.0,0.10022396047234536,0.1666666666666667,0.0006514874287663568,0.14615412465145358,-0.00408332492404641,-0.02308407744302874
1770270992.8182883,1.2167184847193953,0.0,0.02460156241893768,1.23,0.0,0.10022396047234536,0.15625000000000003,-0.0015435152796573555,0.14093172169866436,-0.004161308040313848,-0.01663497299329066
1770270993.2343419,1.2168875045228,0.0,0.024553266397118564,1.23,0.0,0.10022396047234536,0.15625000000000003,-0.0038519669427375287,0.16221410778980172,-0.00424441153159251,-0.0061686404333570494
1770270993.6484385,1.2170899635815617,0.0,0.024553266397118564,1.23,0.0,0.10022396047234536,0.14583333333333334,-0.005661654501539714,0.15335559190316228,-0.0064476900211201315,-0.008135604178571908
1770270994.0680926,1.2172831838250158,0.0,0.024553266397118564,1.23,0.0,0.10022396047234536,0.15625000000000003,-0.005439072730241864,0.1525020615710549,-0.005352284733059313,-0.003900872956342493
1770270994.480417,1.2174687839287517,0.0,0.024553266397118564,1.23,0.0,0.10022396047234536,0.1666666666666667,-0.005355101963178068,0.15826151402763297,-0.005483205497910148,-0.008482296482884864
1770270994.894612,1.2176599731874462,0.0,0.024505561577081676,1.23,0.0,0.10022396047234536,0.19791666666666674,-0.004322010295206866,0.1910955487660249,-0.007868424795950266,-0.008832847080817566
1770270995.3167222,1.2178986817055937,0.0,0.024452094562053675,1.23,0.0,0.10022396047234536,0.18750000000000006,-0.004715030585872103,0.2424141449575101,-0.00640422908709218,-0.05590516377900589
1770270995.7336874,1.2182247037070986,0.0,0.024452094562053675,1.23,0.0,0.10022396047234536,0.17708333333333337,-0.004229348413651594,0.19241321868275277,-0.0076348942969245315,-0.0171557248120391
1770270996.156525,1.2184745135128494,0.0,0.024452094562053675,1.23,0.0,0.10022396047234536,0.25,-0.00457421817343758,0.23922473675792336,-0.006138007562940015,-0.011706846610226312
1770270996.5686471,1.2187679758036132,0.0,0.02439096261978149,1.23,0.0,0.10022396047234536,0.25,-0.004524114102096117,0.24825797318040868,-0.006090927570383711,-0.0025301415529907466
1770270996.9959872,1.2190764470815654,0.0,0.02433202397346496,1.23,0.0,0.10022396047234536,0.25,-0.005462456715712535,0.2516795504776101,-0.004117635763857938,-0.002549290134189968
1770270997.416373,1.2193860983812803,0.0,0.02427515644311904,1.23,0.0,0.10022396047234536,0.25,-0.005549644123617994,0.2521375340231151,-0.0052551782927620135,-0.002398521191433515
1770270997.835457,1.2196982782530779,0.0,0.024217872092127793,1.23,0.0,0.10022396047234536,0.25,-0.006798469650880282,0.251066162694623,-0.005916980198228699,-0.0015730876114954675
1770270998.2485507,1.2200081476163858,0.0,0.024160378641486163,1.23,0.0,0.10022396047234536,0.25,-0.006916671584099099,0.18475650342414798,-0.00789772169400129,-0.06593209578038037
1770270998.6607172,1.2202095958417647,0.0,0.024086145041584964,1.23,0.0,0.10022396047234536,0.25,-0.006916671584099099,-0.004246937956207166,-0.006661756602448871,-0.2544979919561875
1770270999.0836356,1.2202095958417647,0.0,0.023972801519036288,1.23,0.0,0.10022396047234536,0.25,-0.006916671584099099,-0.007240307039453517,-0.005400097562967539,-0.25812475995396744
1770270999.5175354,1.2202095958417647,0.0,0.023859489657282823,1.23,0.0,0.10022396047234536,0.25,-0.006916671584099099,-0.006334517281452456,-0.004326464950045061,-0.25773698385977173
1770270999.9326415,1.2202095958417647,0.0,0.02374683291971683,1.23,0.0,0.10022396047234536,0.25,-0.006916671584099099,-0.00518230975008947,-0.0034481547612847585,-0.2570043991803727
1770271000.3499067,1.2202095958417647,0.0,0.023634787994027132,1.23,0.0,0.10022396047234536,0.25,-0.006916671584099099,-0.0036939313376500586,-0.0026182858177097542,-0.2559261111152022
1770271000.7630906,1.2202095958417647,0.0,0.023523395381569858,1.23,0.0,0.10022396047234536,0.25,-0.006916671584099099,-0.0028887595771490775,-0.0021190855511309787,-0.255337472620291
1770271001.198502,1.2202095958417647,0.0,0.02341237936198711,1.23,0.0,0.10022396047234536,0.25,-0.006916671584099099,-0.0019504395850567296,-0.0016837785416939418,-0.25461041680720303
1770271001.6113536,1.2202095958417647,0.0,0.023301735590100285,1.23,0.0,0.10022396047234536,0.25,-0.006916671584099099,-0.001513241547360437,-0.0013818749264780084,-0.2543108302376926
1770271002.028299,1.2202095958417647,0.0,0.023191310858130452,1.23,0.0,0.10022396047234536,0.25,-0.006916671584099099,-0.0013734850540605072,-0.0010902192539727707,-0.2543158767863742
1770271002.448285,1.2202095958417647,0.0,0.023081045749783514,1.23,0.0,0.10022396047234536,0.25,-0.006916671584099099,-0.0009340105378260999,-0.0009615954619297323,-0.2539244109781151
1770271002.8733232,1.2202095958417647,0.0,0.022970920813679695,1.23,0.0,0.10022396047234536,0.25,-0.006916671584099099,-0.0007291811182922166,-0.0008404447011152536,-0.2537794096358656
1770271003.2872925,1.2202095958417647,0.0,0.02286088933646679,1.23,0.0,0.10022396047234536,0.25,-0.006916671584099099,-0.0005194587263767403,-0.0008053739248402481,-0.2535786146336337
1770271003.7140698,1.2202095958417647,0.0,0.02275091270506382,1.23,0.0,0.10022396047234536,0.25,0.04033562992683155,0.00039527644972459205,-1.962913570070043e-05,-0.2698609275604555
1770271004.1495738,1.2202095958417647,0.0,0.022628326697945598,1.23,0.0,0.10022396047234536,0.25,0.050160998096264224,0.23962974873689064,0.00817203760628003,-0.03218389818229954
1770271004.5637822,1.2205509584480516,0.0,0.022558044866323474,1.23,0.0,0.10022396047234536,0.25,0.04618699459857162,0.2559568101326832,0.01649770966920621,-0.021634019803658498
1770271004.9776208,1.2209003332418196,0.0,0.022496901959180835,1.23,0.0,0.10022396047234536,0.25,0.035966920342420834,0.25589984025625967,0.021192384418937813,-0.013756575692974341
1770271005.4190876,1.2212288611239188,0.0,0.022441038867831234,1.23,0.0,0.10022396047234536,0.25,0.023974900740763673,0.25153511033236825,0.02306734282968029,-0.002176385128984189
1770271005.8408914,1.221531598761677,0.0,0.02238859626889229,1.23,0.0,0.10022396047234536,0.25,0.018769912027624933,0.25284867872146194,0.023713185318136484,-0.005384899615563333
1770271006.2702904,1.2218286598902934,0.0,0.022338343452215196,1.23,0.0,0.10022396047234536,0.25,0.014990983587118539,0.25227041520727383,0.024194336541123077,-0.0069202068065747635
1770271006.68875,1.2221190244227642,0.0,0.022289317606687547,1.23,0.0,0.10022396047234536,0.25,0.007979417129580757,0.24780069488106396,0.022388351586561914,-0.009584370842882736
1770271007.1270726,1.2223957598680253,0.0,0.02224042971789837,1.23,0.0,0.10022396047234536,0.25,0.004635399024526377,0.250300595264706,0.01875458074834592,-0.007723563210437366
1770271007.5408301,1.2226783296650643,0.0,0.022191372672915457,1.23,0.0,0.10022396047234536,0.25,-0.0026766090137577097,0.25038174003737756,0.015423282066915737,-0.009764815445857307
1770271007.9562297,1.2229569710022206,0.0,0.022142902736663816,1.23,0.0,0.10022396047234536,0.25,-0.006079334553780742,0.24960954683346162,0.011951999880112077,-0.009753248602165155
1770271008.3817637,1.2232356358999008,0.0,0.0220935693436861,1.23,0.0,0.10022396047234536,0.25,-0.011798836595153728,0.24794674048726667,0.007454612154425932,-0.012129722660091775
1770271008.8204393,1.2235114880186313,0.0,0.022043352388143537,1.23,0.0,0.10022396047234536,0.25,-0.014325115740188046,0.2486931399071726,0.0022515028270579133,-0.010115480309187188
1770271009.2370396,1.2237939434891933,0.0,0.021991529084444045,1.23,0.0,0.10022396047234536,0.25,-0.01707287420184217,0.2481728398243406,-0.0010989616988068334,-0.01014916287976354
1770271009.6599698,1.224077495747208,0.0,0.021938767238259313,1.23,0.0,0.10022396047234536,0.25,-0.016751830441810684,0.24845761588195833,-0.005214104574912605,-0.007722761339101284
1770271010.0909789,1.2243688062733407,0.0,0.02188396630167961,1.23,0.0,0.10022396047234536,0.23958333333333343,0.059658162106340985,0.23539025723651225,-0.008175406832690597,-0.03840599079211477
1770271010.523569,1.2247462795025106,0.0,0.02180606359541416,1.23,0.0,0.10022396047234536,0.22916666666666674,-0.01855306078871429,0.23904382613715652,-0.007472252337405102,-0.015487879145672926
1770271010.9532933,1.2250323672205206,0.0,0.021756511119604107,1.23,0.0,0.10022396047234536,0.21875000000000006,-0.019290195999406123,0.2240530702703241,-0.009203039243058014,-0.01051972733906338
1770271011.3699303,1.2252998126739258,0.0,0.02170675508022308,1.23,0.0,0.10022396047234536,0.22916666666666674,-0.020779329759430996,0.23766297449377866,-0.010842307434314911,-0.013628745808795646
1770271011.7871513,1.2255862782937283,0.0,0.021655888493657106,1.23,0.0,0.10022396047234536,0.21875000000000006,-0.02208476984027825,0.2298654194952131,-0.013371370312154246,-0.01572502554705899
1770271012.2069721,1.2258667461186643,0.0,0.021606338716149323,1.23,0.0,0.10022396047234536,0.2083333333333334,-0.024019210289847336,0.2149184175479362,-0.014695335680707486,-0.011379418056028049
1770271012.6252751,1.22612631316781,0.0,0.021557162264585487,1.23,0.0,0.10022396047234536,0.19791666666666674,-0.003984774849425266,0.20795311885721493,-0.01873783881396041,-0.017817234486141052
1770271013.0604844,1.226412084846496,0.0,0.021502330605983725,1.23,0.0,0.10022396047234536,0.19791666666666674,-0.010226828723641994,0.1953494742674725,-0.01522452541860225,-0.005417372086210173
1770271013.4780402,1.2266624919694658,0.0,0.0214480596846342,1.23,0.0,0.10022396047234536,0.18750000000000006,-0.011629776714159781,0.030030045024019784,-0.012909799813860048,-0.15834143908630463
1770271013.8961957,1.2266624919694658,0.0,0.021361637209653846,1.23,0.0,0.10022396047234536,0.18750000000000006,-0.011629776714159781,-0.009476612129121254,-0.010595550574904487,-0.19772515012264452
1770271014.3125446,1.2266624919694658,0.0,0.02126819494843482,1.23,0.0,0.10022396047234536,0.18750000000000006,-0.011629776714159781,-0.007451326569843016,-0.008353962729151966,-0.19681339234692222
1770271014.7234309,1.2266624919694658,0.0,0.021176213804483406,1.23,0.0,0.10022396047234536,0.18750000000000006,-0.011629776714159781,-0.005724000642308015,-0.006652173660085096,-0.1958829810762521
1770271015.1366527,1.2266624919694658,0.0,0.02108538308143615,1.23,0.0,0.10022396047234536,0.18750000000000006,-0.011629776714159781,-0.004475908826593041,-0.005398991408110807,-0.19521661970481502
1770271015.5624087,1.2266624919694658,0.0,0.020995396374464025,1.23,0.0,0.10022396047234536,0.18750000000000006,-0.011629776714159781,-0.0030380218696707765,-0.004250738052538751,-0.19434236653603856
1770271015.9859946,1.2266624919694658,0.0,0.02090624406516551,1.23,0.0,0.10022396047234536,0.18750000000000006,-0.011629776714159781,-0.0025928559444457146,-0.0032012449513044734,-0.19441207113599684
1770271016.4067702,1.2266624919694658,0.0,0.020817678762674322,1.23,0.0,0.10022396047234536,0.18750000000000006,-0.011629776714159781,-0.0016547065993596324,-0.002578698745741074,-0.19374250020412537
1770271016.8235505,1.2266624919694658,0.0,0.020729599277973167,1.23,0.0,0.10022396047234536,0.18750000000000006,-0.011629776714159781,-0.0015165943105426177,-0.00205120448859466,-0.1938586298490399
1770271017.2402155,1.2266624919694658,0.0,0.02064179779350757,1.23,0.0,0.10022396047234536,0.18750000000000006,-0.011629776714159781,-0.001178616032599009,-0.001730646716050024,-0.1936602368089084
1770271017.67089,1.2266624919694658,0.0,0.020554217194318762,1.23,0.0,0.10022396047234536,0.18750000000000006,-0.011629776714159781,-0.0007963964452930419,-0.00141446826197321,-0.19343566851679406
1770271018.0837872,1.2266624919694658,0.0,0.020466864486336698,1.23,0.0,0.10022396047234536,0.18750000000000006,-0.011629776714159781,-0.0005707928699123403,-0.0011548384152512985,-0.19333422500403885
1770271018.5135474,1.2266624919694658,0.0,0.020382828878796094,1.23,0.0,0.10022396047234536,0.18750000000000006,-0.011629776714159781,-0.0004923049071761183,-0.0009906710262087414,-0.19332827449005593
1770271018.9239786,1.2266624919694658,0.0,0.0203139196806128,1.23,0.0,0.10022396047234536,0.18750000000000006,-0.011629776714159781,-0.0004040093943765015,-0.000978623330074302,-0.19323079085603273
1770271019.3438187,1.2266624919694658,0.0,0.020257414138102496,1.23,0.0,0.10022396047234536,0.18750000000000006,-0.011629776714159781,-0.00031352149057848445,-0.0007620128462124758,-0.19326906447293837
1770271019.7602844,1.2266624919694658,0.0,0.020211079593244047,1.23,0.0,0.10022396047234536,0.18750000000000006,-0.011629776714159781,-0.0002123801355368855,-0.0007548698423431265,-0.1931505478718322
1770271020.1720085,1.2266624919694658,0.0,0.020173085266460118,1.23,0.0,0.10022396047234536,0.18750000000000006,-0.011629776714159781,-0.00016516054488413577,-0.0006893557914608872,-0.19314192241132186
1770271020.6045246,1.2266624919694658,0.0,0.0201419299184973,1.23,0.0,0.10022396047234536,0.18750000000000006,-0.011629776714159781,-0.0001181624421139547,-0.0005666418027940262,-0.19316200129666358
1770271021.01831,1.2266624919694658,0.0,0.020116382533167786,1.23,0.0,0.10022396047234536,0.18750000000000006,-0.011629776714159781,-0.00010095731449891849,-0.00043484117707063804,-0.1932116051456159
1770271021.4438035,1.2266624919694658,0.0,0.020095433677197586,1.23,0.0,0.10022396047234536,0.18750000000000006,-0.011629776714159781,-7.804778381791009e-05,-0.00042358615787458086,-0.19318226856388016
1770271021.8644013,1.2266624919694658,0.0,0.02007825561530202,1.23,0.0,0.10022396047234536,0.18750000000000006,-0.011629776714159781,-5.573083062589898e-05,-0.00035072054366430753,-0.1932025454772947
1770271022.2823608,1.2266624919694658,0.0,0.020064169604547658,1.23,0.0,0.10022396047234536,0.18750000000000006,-0.011629776714159781,-4.016703535307638e-05,-0.00023397159307666308,-0.19324974449095347
1770271022.7068732,1.2266624919694658,0.0,0.02005261907572908,1.23,0.0,0.10022396047234536,0.18750000000000006,-0.011629776714159781,-2.9743553788311516e-05,-0.0003477888966066893,-0.19318211919291792
1770271023.1213408,1.2266624919694658,0.0,0.020043147642097844,1.23,0.0,0.10022396047234536,0.18750000000000006,-0.011629776714159781,-2.816485222276977e-05,-0.0002714314208553965,-0.19321497324645012
1770271023.534795,1.2266624919694658,0.0,0.02003538106652023,1.23,0.0,0.10022396047234536,0.18750000000000006,-0.011629776714159781,-2.1864230487760198e-05,-0.00029829769333004067,-0.19319029036815016
1770271023.9680626,1.2266624919694658,0.0,0.02002901247454659,1.23,0.0,0.10022396047234536,0.18750000000000006,-0.011629776714159781,-1.4798912791979918e-05,-0.0004052616781921319,-0.1931377528292621
1770271024.3882227,1.2266624919694658,0.0,0.020023790229128202,1.23,0.0,0.10022396047234536,0.18750000000000006,-0.011629776714159781,-1.0499088191549802e-05,-0.00045533556762612846,-0.19310272705040185
1770271024.806947,1.2266624919694658,0.0,0.020019507987885127,1.23,0.0,0.10022396047234536,0.18750000000000006,-0.011629776714159781,-8.170126277830043e-06,-0.0004851298326932139,-0.19308347299351786
1770271025.2440822,1.2266624919694658,0.0,0.020015996550065803,1.23,0.0,0.10022396047234536,0.18750000000000006,-0.011629776714159781,-7.412318907086702e-06,-0.0004142214011498094,-0.19312228081856647
1770271025.6725855,1.2266624919694658,0.0,0.02001311717105396,1.23,0.0,0.10022396047234536,0.18750000000000006,-0.011629776714159781,-4.978246377355989e-06,-0.0004236463070455888,-0.19310898594052409
1770271026.0971315,1.2266624919694658,0.0,0.020010756080264248,1.23,0.0,0.10022396047234536,0.0,-0.5,-0.000842238680324466,-0.0004936090725515129,-0.2506024304205993
1770271026.5189168,1.2266624919694658,0.0,0.020010756080264248,1.23,0.0,0.10034011358737946,0.0,-0.5,4.706210623844835e-05,-0.06598190289316345,-0.2236049400417179
1770271026.9442823,1.2266624919694658,0.0,0.020010756080264248,1.23,0.0,0.1004492506980896,0.0,-0.5,-0.0019257986676593328,-0.16254689359870877,-0.18030885093885946
1770271027.363283,1.2266624919694658,0.0,0.020010756080264248,1.23,0.0,0.10054641480326652,0.0,-0.5,-0.001962855185022607,-0.22620097337779413,-0.14522777647403406
1770271027.8037958,1.2266624919694658,0.0,0.020010756080264248,1.23,0.0,0.10063476693987847,0.0,-0.5,0.002834800492869745,-0.2695942289846682,-0.12237701156122303
1770271028.2305546,1.2266624919694658,0.0,0.020010756080264248,1.23,0.0,0.1007167802387476,0.0,-0.5,0.01160987665501473,-0.30212710263741915,-0.11379961270158025
1770271028.6492803,1.2266624919694658,0.0,0.020010756080264248,1.23,0.0,0.1007938731700182,0.0,-0.5,0.0005285483986656476,-0.3341729491318929,-0.08664665848216657
1770271029.0691538,1.2266624919694658,0.0,0.020010756080264248,1.23,0.0,0.10086581568598747,0.0,-0.5,0.0004448646057148754,-0.35544650519046583,-0.07484896761633925
1770271029.493835,1.2266624919694658,0.0,0.020010756080264248,1.23,0.0,0.10093433372914791,0.0,-0.5,-0.010692110329895095,-0.3648781833787738,-0.07919618645933899
1770271029.9057865,1.2266624919694658,0.0,0.020010756080264248,1.23,0.0,0.10100125919997692,0.0,-0.5,0.0025912155519595076,-0.33873116103292106,-0.08584033727008426
1770271030.3376985,1.2266624919694658,0.0,0.020010756080264248,1.23,0.0,0.10107248579680919,0.0,-0.5,-0.0037463067043465364,-0.37490757596117835,-0.06991016021658308
1770271030.758755,1.2266624919694658,0.0,0.020010756080264248,1.23,0.0,0.1011378121882677,0.0,-0.5,0.0046207533628148875,-0.40580721639101625,-0.054807109210290555
1770271031.178411,1.2266624919694658,0.0,0.020010756080264248,1.23,0.0,0.10119804137408733,0.0,-0.5,0.008528151110479498,-0.4044405462266396,-0.05644454501359736
1770271031.5939782,1.2266624919694658,0.0,0.020010756080264248,1.23,0.0,0.10125850013017654,0.125,-0.13395875453205172,0.011831944194030152,-0.40562404454478385,-0.2491190506441503
1770271032.0078993,1.2271040260058637,0.0,0.020008819985816682,1.2302374019765854,0.0,0.10120427587389945,0.125,-0.130375709312616,0.12339214391405907,-0.3359568466243952,-0.11136514453386938
1770271032.4289155,1.227624257921576,0.0,0.02000723238836968,1.2302374019765854,0.0,0.10115815274178981,0.10416666666666666,-0.12451023254194865,0.11425153004661623,-0.29214714865503116,-0.09828429123342723
1770271032.8507087,1.2280804953664535,0.0,0.02000593055846314,1.2302374019765854,0.0,0.10115815274178981,0.10416666666666666,-0.10765548258811448,0.10445703835376052,-0.2562294913354555,-0.07816914179272194
1770271033.269743,1.2284865514057868,0.0,0.020004863057939772,1.2302374019765854,0.0,0.10115815274178981,0.10416666666666666,-0.1042032776632384,0.10575434230200899,-0.22053765582145007,-0.0633240482658487
1770271033.6959534,1.2288424331206076,0.0,0.020003987707510613,1.2302374019765854,0.0,0.10115815274178981,0.10416666666666666,-0.09074762936571475,0.10425073382526623,-0.18921392319723546,-0.052449587336781386
1770271034.1133816,1.2291626829868547,0.0,0.020003269920158703,1.2302374019765854,0.0,0.10115815274178981,0.10416666666666666,-0.0873756473543256,0.10430231838748757,-0.16544096720563656,-0.04154560724563629
1770271034.534444,1.229448390453457,0.0,0.020002681334530138,1.2302374019765854,0.0,0.10115815274178981,0.019999999999999993,-1.0,0.0987173792312165,-0.14771957739133376,-0.5066297295169798
1770271034.9548757,1.229448390453457,0.0,0.020002681334530138,1.2300183782601357,0.0,0.10132885089457035,0.09375,-0.06389139562213739,0.08349253699200312,-0.16902792933364408,-0.06495656505798125
1770271035.3738408,1.2297407490688554,0.0,0.020002198694314712,1.2300183782601357,0.0,0.10132885089457035,0.09375,-0.05774953509616711,0.1223800911655334,-0.14784299304472243,-0.07579531376870322
1770271035.787183,1.2300716978269808,0.0,0.020001802929338064,1.2300183782601357,0.0,0.10132885089457035,0.09375,-0.05692507972761997,0.09327256312865138,-0.12442527373542843,-0.03656930580618225
1770271036.2047575,1.23031574373722,0.0,0.020001478402057214,1.2300183782601357,0.0,0.10132885089457035,0.09375,-0.047165456051280905,0.092456719291306,-0.1057081645596101,-0.032436345880440434
1770271036.6381493,1.2305400606697792,0.0,0.020001212289686914,1.2300183782601357,0.0,0.10132885089457035,0.019999999999999993,-1.0,0.041659824355563195,-0.11394526731581314,-0.4655109009732769
1770271037.0568821,1.2305400606697792,0.0,0.020001212289686914,1.2300183782601357,0.0,0.10149959170520305,0.09375,-0.01717980458565849,0.040665241203103435,-0.14190015096328765,-0.1182404203504586
1770271037.474292,1.2307769174659247,0.0,0.020000994077543268,1.2300183782601357,0.0,0.10149959170520305,0.10416666666666666,-0.007797141632584853,0.088786680915239,-0.1396040690696705,-0.08151305765933219
1770271037.8967507,1.231099039138555,0.0,0.02000081514358548,1.2300183782601357,0.0,0.10149959170520305,0.019999999999999993,-1.0,0.09164539011312588,-0.11585604775608485,-0.516092168366442
1770271038.31404,1.231099039138555,0.0,0.02000081514358548,1.2298036506485939,0.0,0.10167161862432957,0.11458333333333333,0.01569709776341443,0.08299699516473297,-0.14388565369083897,-0.11418067448920248
1770271038.731092,1.2314442059648032,0.0,0.020000668417740092,1.2298036506485939,0.0,0.10167161862432957,0.13541666666666669,0.02019141558359573,0.12374187337573858,-0.13909586807049304,-0.09179741368000709
1770271039.144752,1.2318453399467464,0.0,0.020000548102546874,1.2298036506485939,0.0,0.10167161862432957,0.13541666666666669,0.020619991731853422,0.14183785063672794,-0.10750870655968911,-0.0736442492669129
1770271039.5566883,1.2322261950767035,0.0,0.020000449444088436,1.2298036506485939,0.0,0.10167161862432957,0.14583333333333334,0.0197313912327286,0.13960972374153305,-0.07864908823757641,-0.05829981115916407
1770271039.9695828,1.2325508089184756,0.0,0.02000036854415252,1.2298036506485939,0.0,0.10167161862432957,0.13541666666666669,0.0181126058194237,0.1356746840584903,-0.05944008404336588,-0.04095526274263947
1770271040.3842742,1.2328395987582201,0.0,0.020000302206205064,1.2298036506485939,0.0,0.10167161862432957,0.14583333333333334,0.016202417372953026,0.13687764404034794,-0.04113974613833782,-0.03945680483913363
1770271040.7948961,1.2330927665823692,0.0,0.020000247809088153,1.2298036506485939,0.0,0.10167161862432957,0.13541666666666669,0.02461884432995157,0.13441503981531833,-0.03023283655107469,-0.0295181582505878
1770271041.205406,1.23333923364222,0.0,0.020000203203452284,1.2298036506485939,0.0,0.10167161862432957,0.13541666666666669,0.01365315781833376,0.12503894381986172,-0.02015431614481446,-0.028289311869005098
1770271041.6364105,1.2335380386471744,0.0,0.02000016662683087,1.2298036506485939,0.0,0.10167161862432957,0.13541666666666669,0.01303761559082262,0.1379326475660551,-0.01107071463251981,-0.015478506162289107
1770271042.0552597,1.2337426145482058,0.0,0.020000136634001315,1.2298036506485939,0.0,0.10167161862432957,0.14583333333333334,0.01093866896247359,0.1445425274210498,-0.005919696070604746,-0.010235090285014209
1770271042.4833586,1.2339423041993374,0.0,0.020000112039881078,1.2298036506485939,0.0,0.10167161862432957,0.13541666666666669,0.009133950517629266,0.14582569662933892,-0.0034346722760116278,-0.01694184373895199
1770271042.9026368,1.234142112489938,0.0,0.020000112039881078,1.2298036506485939,0.0,0.10167161862432957,0.14583333333333334,-0.002530884594865699,0.14036394073714556,-0.0017472702067295742,-0.00602993999718405
1770271043.339802,1.2343092996096605,0.0,0.020000112039881078,1.2298036506485939,0.0,0.10167161862432957,0.13541666666666669,-0.0006290874917262886,0.1361727665562932,-0.0015955517839070555,-0.0012545038779991566
1770271043.7560472,1.2344762193077796,0.0,0.020000112039881078,1.2298036506485939,0.0,0.10167161862432957,0.125,0.0009803609931880314,0.13080293771957174,-0.003299081644900092,-0.00811301202471511
1770271044.179318,1.2346436187779897,0.0,0.020000112039881078,1.2298036506485939,0.0,0.10167161862432957,0.14583333333333334,0.0028609290350021417,0.13100884525116094,-0.0024087085864910813,-0.01754834419875992
1770271044.60019,1.2348031987452501,0.0,0.020000091872702484,1.2298036506485939,0.0,0.10167161862432957,0.13541666666666669,0.0021415532177256995,0.1486477163956699,0.0011045020506240163,-0.014100896376265565
1770271045.019789,1.2349906458395714,0.0,0.020000091872702484,1.2298036506485939,0.0,0.10167161862432957,0.1666666666666667,0.0009312274497309467,0.1441655528411105,0.0009856637508991023,-0.022540215806112793
1770271045.441879,1.2351551767998927,0.0,0.020000075335616038,1.2298036506485939,0.0,0.10167161862432957,0.15625000000000003,0.002157557550954037,0.14855834236133394,0.001464779090180312,-0.008085958402981068
1770271045.8587646,1.235332693600058,0.0,0.020000075335616038,1.2298036506485939,0.0,0.10167161862432957,0.13541666666666669,0.0031778304931790596,0.14494415773865763,0.002007742152275738,-0.010166831548652144
1770271046.272561,1.235513665927648,0.0,0.020000075335616038,1.2298036506485939,0.0,0.10167161862432957,0.125,0.0045562374854282005,0.1404989978048553,0.0020999160072590808,-0.0167363759294382
1770271046.685447,1.2356933225190634,0.0,0.020000075335616038,1.2298036506485939,0.0,0.10167161862432957,0.13541666666666669,0.00597833070096266,0.1379241611209328,0.003551944859914348,-0.0038658902600558066
1770271047.1076171,1.2358634264284367,0.0,0.020000075335616038,1.2298036506485939,0.0,0.10167161862432957,0.13541666666666669,0.007688270706771565,0.14354953462235429,0.0030801550529808933,-0.010484104763276282
1770271047.5387914,1.2360462929803129,0.0,0.020000075335616038,1.2298036506485939,0.0,0.10167161862432957,0.13541666666666669,0.008622257351723332,0.14400955103362997,0.002970957715367733,-0.011429453918902403
1770271047.9645283,1.2362313973957295,0.0,0.020000075335616038,1.2298036506485939,0.0,0.10167161862432957,0.13541666666666669,0.010640792611384143,0.1367424848117773,0.005121133427924343,-0.004300665308096185
1770271048.3829591,1.2364031218153233,0.0,0.020000075335616038,1.2298036506485939,0.0,0.10167161862432957,0.13541666666666669,0.011414673098715663,0.1417493075729908,0.0042467622401162995,-0.010004033454404614
1770271048.805913,1.2365859630203242,0.0,0.020000075335616038,1.2298036506485939,0.0,0.10167161862432957,0.125,0.013506450763512793,0.13361201095166572,0.003910777867314374,-0.013443445837045124
1770271049.222372,1.2367628655248875,0.0,0.020000075335616038,1.2298036506485939,0.0,0.10167161862432957,0.125,0.014172699369506403,0.12499037246679211,0.004472379582459009,-0.004915947598246054
1770271049.6455255,1.2369249248671526,0.0,0.020000075335616038,1.2298036506485939,0.0,0.10167161862432957,0.13541666666666669,0.013491904966109575,0.13221623424506096,0.0071207788078500875,-0.006650835423274577
1770271050.0658937,1.237089338282346,0.0,0.020000075335616038,1.2298036506485939,0.0,0.10167161862432957,0.13541666666666669,0.012711317700441168,0.13302755830941404,0.009071016624896256,-0.004404282676729718
1770271050.4867432,1.237250749678015,0.0,0.020000075335616038,1.2298036506485939,0.0,0.10167161862432957,0.13541666666666669,0.011640793382178596,0.13333358898778333,0.01124512190338027,-0.0024983239461309195
1770271050.9157968,1.2374075119256966,0.0,0.020000075335616038,1.2298036506485939,0.0,0.10167161862432957,0.13541666666666669,0.010599942043223674,0.1340909551014481,0.012613632363302507,-0.002469407771250214
1770271051.3294857,1.2375618166047329,0.0,0.020000075335616038,1.2298036506485939,0.0,0.10167161862432957,0.125,0.01960696226027718,0.13282910301955314,0.010994017479376238,-0.012297536898396239
1770271051.748276,1.237733550809025,0.0,0.020000075335616038,1.2298036506485939,0.0,0.10167161862432957,0.11458333333333333,0.017805410471285615,0.11433666183003714,0.012741539169865774,-0.0029533593230550606
1770271052.1682231,1.2378726701027147,0.0,0.020000075335616038,1.2298036506485939,0.0,0.10167161862432957,0.10416666666666666,0.00714882276020495,0.11155272279466269,0.014176333955167724,-0.011043291204007615
1770271052.5946574,1.2378726701027147,0.0,0.020000075335616038,1.2298036506485939,0.0,0.10167161862432957,0.11458333333333333,0.006027094293797917,0.11080196667010915,0.015481343401689707,-0.008638992161822272
1770271053.0121758,1.2378726701027147,0.0,0.020000075335616038,1.2298036506485939,0.0,0.10167161862432957,0.10416666666666666,0.004818715744154744,0.10949324172085154,0.013310252898685608,-0.00978945268175072
1770271053.4242427,1.2378726701027147,0.0,0.020000075335616038,1.2298036506485939,0.0,0.10167161862432957,0.10416666666666666,0.0005482211723346342,0.10374533285875258,0.011362988378165588,-0.006023443862881558
1770271053.857231,1.2378726701027147,0.0,0.020000075335616038,1.2298036506485939,0.0,0.10167161862432957,0.10416666666666666,0.0006127086091258678,0.10411493315141575,0.009787980347613445,-0.004796870187549912
1770271054.279611,1.2378726701027147,0.0,0.020000075335616038,1.2298036506485939,0.0,0.10167161862432957,0.10416666666666666,0.0013321145189464888,0.12040201736292233,0.006144468652802526,-0.019005878932664783
1770271054.7046874,1.2380156675648681,0.0,0.020000075335616038,1.2298036506485939,0.0,0.10167161862432957,0.11458333333333333,0.0022152404197099077,0.11309718274317587,0.004554277998534164,-0.0028146884449964204
1770271055.1304395,1.2380156675648681,0.0,0.020000075335616038,1.2298036506485939,0.0,0.10167161862432957,0.11458333333333333,0.00225433436341344,0.11011847719008604,0.004288936565890722,-0.005508691387750277
1770271055.5621119,1.2380156675648681,0.0,0.020000075335616038,1.2298036506485939,0.0,0.10167161862432957,0.11458333333333333,0.0029726841584694734,0.11505537353369844,0.003093518424641583,-0.0006519991475760752
1770271055.983421,1.2381523328143351,0.0,0.020000075335616038,1.2298036506485939,0.0,0.10167161862432957,0.11458333333333333,0.00328323751162057,0.11160952569929687,0.003584389777842467,-0.003173470902467494
1770271056.397228,1.2381523328143351,0.0,0.020000075335616038,1.2298036506485939,0.0,0.10167161862432957,0.125,0.0034227146397569942,0.12506932559511136,0.0034841001726177863,-0.00011004732206422217
1770271056.8092237,1.2383015877038233,0.0,0.020000075335616038,1.2298036506485939,0.0,0.10167161862432957,0.125,0.0023846828788570418,0.12357200349667018,0.004916249961854186,-0.002836995023752035
1770271057.220183,1.2384443928837767,0.0,0.020000075335616038,1.2298036506485939,0.0,0.10167161862432957,0.125,0.0005115511245875927,0.12248310940703995,0.005466627084103084,-0.005049466284942686
1770271057.6363263,1.2385818193602554,0.0,0.020000075335616038,1.2298036506485939,0.0,0.10167161862432957,0.125,0.009914559086414547,0.12544027301474828,0.00433819837701709,-0.003341296240155605
1770271058.054712,1.2387390915548793,0.0,0.020000075335616038,1.2298036506485939,0.0,0.10167161862432957,0.11458333333333333,-0.002049208018756395,0.11383166359468504,0.004353159027808,-0.00395434932700958
1770271058.4729066,1.2387390915548793,0.0,0.020000075335616038,1.2298036506485939,0.0,0.10167161862432957,0.09375,-0.0033859197106877355,0.10838349292980815,0.0027504686175357073,-0.017861956134947093
1770271058.9013453,1.2387390915548793,0.0,0.020000075335616038,1.2298036506485939,0.0,0.10167161862432957,0.09375,-0.0022638487894558407,0.09589371096931879,8.870869592466313e-05,-0.0035861657041701416
1770271059.3150406,1.2387390915548793,0.0,0.020000075335616038,1.2298036506485939,0.0,0.10167161862432957,0.09375,-0.002205916416103024,0.0882384269216166,-0.0005988856100427074,-0.006383847912010298
1770271059.7246704,1.2387390915548793,0.0,0.020000075335616038,1.2298036506485939,0.0,0.10167161862432957,0.09375,-0.0025200265370493476,0.09016581292729521,0.001123304287010845,-0.00557807147444024
1770271060.158023,1.2387390915548793,0.0,0.020000075335616038,1.2298036506485939,0.0,0.10167161862432957,0.09375,-0.003248051397717609,0.09076197983020284,0.001132652420391182,-0.005179306892189585
1770271060.5824728,1.2387390915548793,0.0,0.020000075335616038,1.2298036506485939,0.0,0.10167161862432957,0.10416666666666666,-0.0030065524147288433,0.10162960075247748,0.00022672892630358737,-0.0042442989341141485
1770271061.0008206,1.2387390915548793,0.0,0.020000075335616038,1.2298036506485939,0.0,0.10167161862432957,0.10416666666666666,-0.002945373599757585,0.10306635093058439,-0.0009100959106234057,-0.0022316370643420576
1770271061.4227412,1.2387390915548793,0.0,0.020000075335616038,1.2298036506485939,0.0,0.10167161862432957,0.11458333333333333,-0.0015643230758852402,0.10324504001850586,-0.0031277709936562955,-0.012341784782016287
1770271061.843387,1.2387390915548793,0.0,0.020000075335616038,1.2298036506485939,0.0,0.10167161862432957,0.10416666666666666,-0.00043726149841966447,0.11324651240224487,-0.004333192494715211,-0.011148353383831876
1770271062.2665691,1.23888533080995,0.0,0.020000075335616038,1.2298036506485939,0.0,0.10167161862432957,0.11458333333333333,-0.0002565379366093884,0.10343318651114586,-0.0021446840094943315,-0.012313070707152029
1770271062.675822,1.23888533080995,0.0,0.020000075335616038,1.2298036506485939,0.0,0.10167161862432957,0.09375,1.0872723088875547e-05,0.09926257263172099,-0.0013892189434076122,-0.006288164971577904
1770271063.0999181,1.23888533080995,0.0,0.020000075335616038,1.2298036506485939,0.0,0.10167161862432957,0.09375,0.007898159634186398,0.07365559585188972,-0.020580868699022085,-0.03625308329027597
1770271063.515676,1.23888533080995,0.0,0.02000006177520515,1.2298036506485939,0.0,0.10167161862432957,0.10416666666666666,0.02219359620167489,0.09987411429399108,-0.031786190979314004,-0.032402978191199215
1770271063.9295964,1.2390861671859017,0.0,0.020000050655668223,1.2298036506485939,0.0,0.10167161862432957,0.11458333333333333,0.011718980402177321,0.10194506455303533,-0.01947551583411194,-0.029466584412962838
1770271064.3464663,1.239250826650857,0.0,0.020000041537647943,1.2298036506485939,0.0,0.10167161862432957,0.11458333333333333,0.009937918355979706,0.11350301177210202,-0.013201507085467372,-0.013277435156819303
1770271064.7644577,1.2394222120660534,0.0,0.020000034060871315,1.2298036506485939,0.0,0.10167161862432957,0.11458333333333333,0.0054128253377134315,0.11252196144293167,-0.005902829709052863,-0.00844906715142626
1770271065.1874945,1.2395732724255315,0.0,0.020000034060871315,1.2298036506485939,0.0,0.10167161862432957,0.125,0.004754287759608558,0.1168227762153075,-0.0030450166076007056,-0.01236265727844235
1770271065.6058774,1.239721336285471,0.0,0.020000034060871315,1.2298036506485939,0.0,0.10167161862432957,0.11458333333333333,0.004228722419849753,0.12641869300295672,-0.002869825741558829,-0.015402152836931868
1770271066.0234675,1.2398894847840063,0.0,0.020000034060871315,1.2298036506485939,0.0,0.10167161862432957,0.11458333333333333,0.0038680318524822576,0.1169856677321556,-0.0017264456661551114,-0.005313911165681329
1770271066.4386547,1.2400389667332163,0.0,0.020000034060871315,1.2298036506485939,0.0,0.10167161862432957,0.10416666666666666,0.004309146480229538,0.10414523075695137,-0.0009130974980365784,-0.002713892715660201
1770271066.8621893,1.2400389667332163,0.0,0.020000034060871315,1.2298036506485939,0.0,0.10167161862432957,0.09375,0.006816839358301069,0.09097302034193204,0.002584318579006678,-0.0052429816554194816
1770271067.2763038,1.2400389667332163,0.0,0.020000034060871315,1.2298036506485939,0.0,0.10167161862432957,0.09375,0.008913046010457207,0.09175782098360394,0.004241606272792028,-0.004493627654607186
1770271067.6955295,1.2400389667332163,0.0,0.020000034060871315,1.2298036506485939,0.0,0.10167161862432957,0.09375,0.01095610851421046,0.08108433542599428,0.0012211246895088613,-0.01783520464468484
1770271068.1125686,1.2400389667332163,0.0,0.020000034060871315,1.2298036506485939,0.0,0.10167161862432957,0.11458333333333333,0.022724034218641533,0.11139218495212062,-0.010003905746918711,-0.020677621407635582
1770271068.5250285,1.240218601807951,0.0,0.02000002792991448,1.2298036506485939,0.0,0.10167161862432957,0.11458333333333333,0.022438197465825642,0.11460397311354505,-0.0058120996374835966,-0.014564968942809847
1770271068.943869,1.2403962098407737,0.0,0.020000022902529873,1.2298036506485939,0.0,0.10167161862432957,0.11458333333333333,0.02807084527413955,0.11511522160030722,0.002115960446203777,-0.01430213668931052
1770271069.358228,1.2405687964081755,0.0,0.020000022902529873,1.2298036506485939,0.0,0.10167161862432957,0.11458333333333333,0.038550594300237266,0.1120424771514792,0.009208138515657953,-0.0179213018810892
1770271069.7811,1.240738198426365,0.0,0.020000022902529873,1.2298036506485939,0.0,0.10167161862432957,0.10416666666666666,0.02961481505469707,0.11371236070747877,0.016052436897422636,-0.017011312957625795
1770271070.1987638,1.2408912419092646,0.0,0.020000022902529873,1.2298036506485939,0.0,0.10167161862432957,0.10416666666666666,0.03522664211079876,0.10405637520915098,0.019839233164367198,-0.008182675557425915
1770271070.6117296,1.2410288314104072,0.0,0.020000022902529873,1.2298036506485939,0.0,0.10167161862432957,0.10416666666666666,0.030525215976175905,0.10222985581048372,0.023774689892430652,-0.005705619570861914
1770271071.0315273,1.2410288314104072,0.0,0.020000022902529873,1.2298036506485939,0.0,0.10167161862432957,0.09375,0.03147977175461982,0.1017107333703597,0.026372830332793088,-0.01077401812530931
1770271071.4607632,1.2410288314104072,0.0,0.020000022902529873,1.2298036506485939,0.0,0.10167161862432957,0.09375,0.029728671368006894,0.0906022340985111,0.02598563466035286,-0.005058003822559934
1770271071.8711445,1.2410288314104072,0.0,0.020000022902529873,1.2298036506485939,0.0,0.10167161862432957,0.09375,0.03246535037642715,0.09259913172166614,0.028385477611743534,-0.003430788955814731
1770271072.2993214,1.2410288314104072,0.0,0.020000022902529873,1.2298036506485939,0.0,0.10167161862432957,0.019999999999999993,-1.0,0.09891215065838468,0.027770592365081684,-0.5928589353655918
1770271072.711517,1.2410288314104072,0.0,0.020000022902529873,1.2295759822368622,0.0,0.10184876391708851,0.019999999999999993,-1.0,0.024000818312471296,-0.04580492877834163,-0.4884559060376428
1770271073.1389294,1.2410288314104072,0.0,0.020000022902529873,1.2295759822368622,0.0,0.10202150541961194,0.125,0.07204118302793756,0.09781310940646024,-0.058964378340899716,-0.09400561623421422
1770271073.5540724,1.241328235974311,0.0,0.020000018780074496,1.2295759822368622,0.0,0.10202150541961194,0.125,0.0785701778508803,0.13445956481488716,-0.05178013292342989,-0.07535314474378924
1770271073.9968753,1.2416849544739714,0.0,0.02000001539966109,1.2295759822368622,0.0,0.10202150541961194,0.11458333333333333,0.07665771905117327,0.11357811861229786,-0.01796926932842769,-0.05169979527033617
1770271074.4091222,1.2419535347592823,0.0,0.020000012627722094,1.2295759822368622,0.0,0.10202150541961194,0.10416666666666666,0.0718384629357889,0.12210319648011057,0.008028980929563364,-0.05244109584235579
1770271074.8238053,1.2421911712574951,0.0,0.020000010354732117,1.2295759822368622,0.0,0.10202150541961194,0.10416666666666666,0.06778622905981539,0.10607875442392845,0.022041641518701697,-0.02618564758673247
1770271075.2403586,1.242372511750459,0.0,0.020000010354732117,1.2295759822368622,0.0,0.10202150541961194,0.09375,0.06780009642685808,0.09946456113505599,0.028431302853994204,-0.02603792405501718
1770271075.6931188,1.2425362672412388,0.0,0.020000010354732117,1.2295759822368622,0.0,0.10202150541961194,0.09375,0.0685821444530633,0.09719912523226483,0.03631261613897688,-0.020372020717806312
1770271076.1116612,1.2426837502956383,0.0,0.020000010354732117,1.2295759822368622,0.0,0.10202150541961194,0.10416666666666666,0.07186259615453981,0.05656654388341534,0.002661331083150767,-0.08556588382452845
1770271076.5255194,1.2428187962096922,0.0,0.020000008490880336,1.2295759822368622,0.0,0.10202150541961194,0.23958333333333343,0.09662084408463378,0.04570951627048057,-0.04342491650479262,-0.26850532211636036
1770271076.9462776,1.2429865405583373,0.0,0.020000006962521875,1.2295759822368622,0.0,0.10202150541961194,0.21875000000000006,0.10131579084236965,0.24563643583256792,-0.0414494219948612,-0.09846659170217642
1770271077.3592496,1.2434913712620728,0.0,0.020000005709267937,1.2295759822368622,0.0,0.10202150541961194,0.2083333333333334,0.10002724649907724,0.21818135320425558,-0.007358161932224199,-0.0669498500928366
1770271077.7745173,1.2439031831824772,0.0,0.02000000468159971,1.2295759822368622,0.0,0.10202150541961194,0.19791666666666674,0.09646072308739158,0.2011116383981426,0.017569244392379776,-0.04513345171144217
1770271078.2002842,1.2442474740850917,0.0,0.020000003838911762,1.2295759822368622,0.0,0.10202150541961194,0.22916666666666674,0.1041633286784883,0.20929405433360262,0.040565806834152535,-0.053971029499409275
1770271078.6130419,1.2445638970077029,0.0,0.020000003147907643,1.2295759822368622,0.0,0.10202150541961194,0.25,0.17756079796329022,0.23952753782917877,0.07237336592648747,-0.0662469340984561
1770271079.0427153,1.2449592530930034,0.0,0.020000002581284267,1.2295759822368622,0.0,0.10194045063495637,0.25,0.16481451620529566,0.24867529170556202,0.0965771466377188,-0.03786377114934955
1770271079.4770453,1.2453151837956897,0.0,0.0200000021166531,1.2295759822368622,0.0,0.1018664434349537,0.25,0.15553229658583556,0.2542604964339554,0.1124301613087166,-0.027396865539614637
1770271079.8971117,1.2456430365014068,0.0,0.020000001735655543,1.2295759822368622,0.0,0.10179740598738195,0.25,0.1434108995813881,0.2505690046160138,0.11784569641455314,-0.01389315971001492
1770271080.329349,1.2459409518277638,0.0,0.020000001735655543,1.2295759822368622,0.0,0.10173237547039987,0.25,0.13526868200433456,0.2503438606611734,0.12348110634487816,-0.006801189483934125
1770271080.741622,1.246218926099538,0.0,0.020000001735655543,1.2295759822368622,0.0,0.10167042617321016,0.25,0.12792035179689928,0.2476624447843748,0.11954216684974493,-0.006920541638715702
1770271081.1560032,1.2464896406400197,0.0,0.020000001735655543,1.2295759822368622,0.0,0.10160976620852949,0.25,0.12287588240114433,0.2484112400075729,0.11812703369768804,-0.0041046976593609435
1770271081.5820432,1.2467574603098623,0.0,0.020000001735655543,1.2295759822368622,0.0,0.10155023166120054,0.25,0.11680554459604087,0.24741367658284416,0.11707418319554777,-0.0028259277671233178
1770271081.9957998,1.2470175842982523,0.0,0.020000001735655543,1.2295759822368622,0.0,0.10155023166120054,0.25,0.11098154962501794,0.2482203789708291,0.11422183575652725,-0.003684998838827605
1770271082.4097517,1.247276260955929,0.0,0.020000001735655543,1.2295759822368622,0.0,0.10155023166120054,0.25,0.10505017921924578,0.24898588004215108,0.1073608680013275,-0.0028555611244097555
1770271082.8337104,1.2475399366450302,0.0,0.020000001735655543,1.2295759822368622,0.0,0.10155023166120054,0.25,0.09807560254886405,0.25093554319826605,0.10829733434072293,-0.006140055728135037
1770271083.2494483,1.2477962478518478,0.0,0.020000001735655543,1.2295759822368622,0.0,0.10155023166120054,0.25,0.09090782702769687,0.24711767139672575,0.10474220826968504,-0.01015503183137213
1770271083.6644456,1.2480428587371104,0.0,0.020000001735655543,1.2295759822368622,0.0,0.10155023166120054,0.25,0.08810581286718805,0.2506990681639965,0.09913024915643946,-0.006772482219946772
1770271084.0791845,1.2483011123836034,0.0,0.020000001735655543,1.2295759822368622,0.0,0.10155023166120054,0.25,0.09018805886745662,0.25087576171390624,0.09672977987521421,-0.004386669145907561
1770271084.4948373,1.2485663547831767,0.0,0.020000001735655543,1.2295759822368622,0.0,0.10155023166120054,0.25,0.09410019551569052,0.2474000327207656,0.0973114088717523,-0.004263736856919094
1770271084.940581,1.2488299599999182,0.0,0.020000001735655543,1.2295759822368622,0.0,0.10155023166120054,0.25,0.10466680446310217,0.2497027946639895,0.09415483211999304,-0.0058688491827409844
1770271085.3639424,1.249116192750334,0.0,0.020000001735655543,1.2295759822368622,0.0,0.10155023166120054,0.25,0.1308413711175859,0.24730671748730615,0.09741427289475926,-0.019732775701583792
1770271085.7881608,1.2494264158111803,0.0,0.020000001423237546,1.2295759822368622,0.0,0.10148516577124597,0.0,0.5,0.21065814398887933,0.1296167863778736,-0.399070002148254
1770271086.2077465,1.2494264158111803,0.0,0.020000001423237546,1.2295759822368622,0.0,0.10137793386578561,0.0,0.5,0.00577983549786415,0.20802614638714131,-0.15960769830522026
1770271086.6310885,1.2494264158111803,0.0,0.020000001423237546,1.2295759822368622,0.0,0.1012742458343506,0.0,0.5,-0.011270460963690264,0.25990374975406483,-0.13650634642335022
1770271087.054732,1.2494264158111803,0.0,0.020000001423237546,1.2297612067723274,0.0,0.10117772586703302,0.0,0.5,-0.006909621656916138,0.1964774333784123,-0.16501353660527524
1770271087.4753418,1.2494264158111803,0.0,0.020000001423237546,1.2299532430458069,0.0,0.1010724280703068,0.0,0.5,-0.0051773750174285505,0.15581150547639483,-0.18133821506943287
1770271087.901697,1.2494264158111803,0.0,0.020000001423237546,1.2301503698086738,0.0,0.10096190531969072,0.0,0.5,-0.003714471823180395,0.1210038875249874,-0.1966932898558274
1770271088.344378,1.2494264158111803,0.0,0.020000001423237546,1.2303514415645598,0.0,0.10084717220902445,0.0,0.5,-0.0031896500313945302,0.0942730985276096,-0.20872617966732754
1770271088.7701118,1.2494264158111803,0.0,0.020000001423237546,1.2305560093760488,0.0,0.10072936686396601,0.0,0.5,-0.002279702518343338,0.07324824702226891,-0.21775806415774296
1770271089.196368,1.2494264158111803,0.0,0.020000001423237546,1.2307625312948225,0.0,0.1006092525982857,0.0,0.5,-0.0016379292907054163,0.05682391043300864,-0.2248684077331271
1770271089.6224644,1.2494264158111803,0.0,0.020000001423237546,1.2309705602288243,0.0,0.10048739710688594,0.0,0.5,-0.0014135679662385342,0.04429704746895123,-0.23051773052816865
1770271090.0418725,1.2494264158111803,0.0,0.020000001423237546,1.2311799980950353,0.0,0.10036424738526346,0.0,0.5,-0.0011572547218295368,0.03508112429234629,-0.2345382848933169
1770271090.4698212,1.2494264158111803,0.0,0.020000001423237546,1.2313903255748746,0.0,0.10024016706585887,0.0,0.5,-0.0007866710887662825,0.02734653392700578,-0.23788686316179747
1770271090.8857415,1.2494264158111803,0.0,0.020000001423237546,1.2316011899256702,0.0,0.10011532115817072,0.0,0.5,-0.0006057590740192004,0.02166339914370037,-0.24034237298049954
1770271091.301706,1.2494264158111803,0.0,0.020000001423237546,1.2318125457644458,0.0,0.09998991931438447,0.0,0.5,-0.0004362946169746204,0.016754428151362376,-0.24254997764052724
1770271091.7216756,1.2494264158111803,0.0,0.020000001423237546,1.2320243012738223,0.0,0.09986404267668725,0.0,0.5,-0.00039629108914752417,0.013019070798915849,-0.24426029142493424
1770271092.146703,1.2494264158111803,0.0,0.020000001423237546,1.2322364614534373,0.0,0.09973780678391457,0.0,0.5,-0.00030697669975347254,0.010128240971732838,-0.24553193919660535
1770271092.565056,1.2494264158111803,0.0,0.020000001423237546,1.2324488617873188,0.0,0.09961129562139512,0.0,0.5,-0.0001961141799534373,0.007778737520896564,-0.2465416957645888
1770271092.9922273,1.2494264158111803,0.0,0.020000001423237546,1.2326614097499844,0.0,0.09948456253290178,0.0,0.5,-0.00014853151122893584,0.005843851908208583,-0.24742009411839344
1770271093.4127085,1.2494264158111803,0.0,0.020000001423237546,1.2328741298031802,0.0,0.09935764689326287,0.0,0.5,-0.0001346290438692103,0.00439624450903126,-0.24808126752927132
1770271093.8293264,1.2494264158111803,0.0,0.020000001423237546,1.2330870034503931,0.0,0.09923059480428698,0.0,0.5,-0.00010390647126130361,0.003355860175420189,-0.2485300148169123
1770271094.2445943,1.2494264158111803,0.0,0.020000001423237546,1.2332999624562258,0.0,0.09910344524383546,0.0,0.5,-7.087548706256793e-05,0.0024893827359301194,-0.2489128318630465
1770271094.6721106,1.2494264158111803,0.0,0.020000001423237546,1.2335129834532732,0.0,0.09897621477723123,0.0,0.5,-5.4976123886657935e-05,0.0019239492762425543,-0.24914954483173413
1770271095.1057625,1.2494264158111803,0.0,0.020000001423237546,1.2337260515499109,0.0,0.09884893149256707,0.0,0.5,-3.878692692028849e-05,0.0014393173326177986,-0.24936759145497384
1770271095.5369782,1.2494264158111803,0.0,0.020000001423237546,1.2339391567039484,0.0,0.09872160308241845,0.0,0.5,-3.519833279664445e-05,0.0010222992353550622,-0.24956575052484536
1770271095.953525,1.2494264158111803,0.0,0.020000001423237546,1.2341523060607904,0.0,0.09859423570513726,0.0,0.5,-2.4114823223063417e-05,0.0007343464551867019,-0.24968573687364654
1770271096.3925424,1.2494264158111803,0.0,0.020000001423237546,1.234365475673675,0.0,0.0984668415272236,0.0,0.5,-1.7200347863143633e-05,0.0005215129054766424,-0.24977772725009584
1770271096.818378,1.2494264158111803,0.0,0.020000001423237546,1.2345786617660517,0.0,0.09833942756533624,0.0,0.5,-1.563580262454276e-05,0.00029976814248787096,-0.24988792620767947
1770271097.2377472,1.2494264158111803,0.0,0.020000001423237546,1.2347918716764443,0.0,0.09821199293971064,0.0,0.5,-1.2128351757306263e-05,0.0002229287290805085,-0.2499083479285578
1770271097.6581335,1.2494264158111803,0.0,0.020000001423237546,1.235005086371898,0.0,0.09808455116868021,0.0,0.5,-8.210212745630524e-06,0.0001079562736954738,-0.2499657293214364
1770271098.0806336,1.2494264158111803,0.0,0.020000001423237546,1.235218309671878,0.0,0.09795709874391559,0.0,0.5,-5.858992389266873e-06,2.1371281181530414e-05,-0.2500038318510499
1770271098.5037923,1.2494264158111803,0.0,0.020000001423237546,1.235431540246009,0.0,0.09782963828325275,0.0,0.5,-4.565400071008275e-06,-8.789209165046462e-05,-0.25005943778317946
1770271098.9301007,1.2494264158111803,0.0,0.020000001423237546,1.2356447819137564,0.0,0.09770216761946682,0.0,0.5,-3.9366295895792556e-06,-0.00019721971027584443,-0.25011347924659005
1770271099.3461156,1.2494264158111803,0.0,0.020000001423237546,1.2358580355119695,0.0,0.09757468674182895,0.0,0.5,-2.8213106426457007e-06,-0.0002027996610662668,-0.25010477913625484
1770271099.7606013,1.2494264158111803,0.0,0.020000001423237546,1.2360712883806217,0.0,0.0974472053921223,0.0,0.5,-2.1820738589993554e-06,-0.00020042699621707327,-0.2501026328384524
1770271100.2047536,1.2494264158111803,0.0,0.020000001423237546,1.2362845401978482,0.0,0.09731972425699237,0.0,0.5,-1.8308234104479207e-06,-9.652115464037056e-05,-0.2500604819848883
1770271100.6301258,1.2494264158111803,0.0,0.020000001423237546,1.23649777961254,0.0,0.09719225282073024,0.0,0.5,-1.4142743284273269e-06,-8.896784570425648e-05,-0.25004665352807415
1770271101.0658667,1.2494264158111803,0.0,0.020000001423237546,1.2367110176968563,0.0,0.09706478209257129,0.0,0.5,-9.603208990868565e-07,-3.47011089681712e-05,-0.25002373754905677
1770271101.4992182,1.2494264158111803,0.0,0.020000001423237546,1.2369242489576329,0.0,0.09693731646060946,0.0,0.5,-6.825809515078606e-07,-0.00011953306498558946,-0.25006893230904603
1770271101.9237528,1.2494264158111803,0.0,0.020000001423237546,1.2371374897670735,0.0,0.09680984288930895,0.0,0.5,-6.179152905983524e-07,-0.00010268510062132126,-0.25005364526203766
1770271102.3465917,1.2494264158111803,0.0,0.020000001423237546,1.2373507284522045,0.0,0.09668237089514735,0.0,0.5,-3.9711479522733233e-07,-1.6177248490357903e-05,-0.2500171365242535
1770271102.7698758,1.2494264158111803,0.0,0.020000001423237546,1.2375639569234835,0.0,0.09655490700125696,0.0,0.5,-3.199223237412653e-07,-0.00013567344880197649,-0.25008010626675586
1770271103.181283,1.2494264158111803,0.0,0.020000001423237546,1.2377771990847575,0.0,0.0964274319279194,0.0,0.5,-2.329627414183412e-07,-0.0001991581594554126,-0.25010616051353446
1770271103.6117733,1.2494264158111803,0.0,0.020000001423237546,1.237990448477267,0.0,0.09629995093226434,0.0,0.5,-2.117140242097189e-07,-0.0003120162092727485,-0.2501675056236423
1770271104.0425453,1.2494264158111803,0.0,0.020000001423237546,1.238203710916041,0.0,0.09617245940089228,0.0,0.5,-1.6437141468477185e-07,-0.00036424471658094037,-0.250187509580436
1770271104.4629076,1.2494264158111803,0.0,0.020000001423237546,1.2384169792771327,0.0,0.09604496299862864,0.0,0.5,-1.1156553401009128e-07,-0.00037685131201543404,-0.2501897978810852
1770271104.8914971,1.2494264158111803,0.0,0.020000001423237546,1.2386302490758883,0.0,0.09591746541619303,0.0,0.5,-7.953382193843653e-08,-0.0004399065249043596,-0.25022633831756297
1770271105.3289547,1.2494264158111803,0.0,0.020000001423237546,1.2388435261058794,0.0,0.09578996197581294,0.0,0.5,-7.219100292269367e-08,-0.00038132027519223254,-0.2501965909535702
1770271105.7587097,1.2494264158111803,0.0,0.020000001423237546,1.2390567963981616,0.0,0.0956624639964104,0.0,0.5,-4.894832170816546e-08,-0.00034766512712626637,-0.2501772470266915
1770271106.171223,1.2494264158111803,0.0,0.020000001423237546,1.2392700627207742,0.0,0.095534969149828,0.0,0.5,-3.7906524742050106e-08,-0.0002755066735592108,-0.25014500708866105
1770271106.583281,1.2494264158111803,0.0,0.020000001423237546,1.2394833207178102,0.0,0.09540748104095463,0.0,0.5,-2.9402438598630813e-08,-0.00024116368489952543,-0.25012404554375434
1770271107.0097268,1.2494264158111803,0.0,0.020000001423237546,1.2396965747666344,0.0,0.09527999616146092,0.0,0.5,-2.109933585151841e-08,-0.00012635383177738788,-0.25007467900053676
1770271107.4343324,1.2494264158111803,0.0,0.020000001423237546,1.2399098154902444,0.0,0.09515252195715909,0.0,0.5,-1.8009020077995984e-08,-0.0001734590925825607,-0.2500914580813919
1770271107.8497844,1.2494264158111803,0.0,0.020000001423237546,1.240123061664103,0.0,0.09502504338622098,0.0,0.5,-1.2984134678118443e-08,-0.0002647103234013967,-0.2501414932689172
1770271108.2633617,1.2494264158111803,0.0,0.020000001423237546,1.2403363183307634,0.0,0.09489755630731588,0.0,0.5,-1.0076774955999415e-08,-0.00016300430209418836,-0.25009168282995276
1770271108.680997,1.2494264158111803,0.0,0.020000001423237546,1.2405495633029924,0.0,0.09477007870197302,0.0,0.5,-7.0564706590421205e-09,-0.00028509678561495925,-0.25015476469763026
1770271109.0979471,1.2494264158111803,0.0,0.020000001423237546,1.2407628224158274,0.0,0.09464258971333508,0.0,0.5,-5.477984051070843e-09,-0.00034486811466289346,-0.2501784166682203
1770271109.516083,1.2494264158111803,0.0,0.020000001423237546,1.2409760883951173,0.0,0.09451509512424473,0.0,0.5,-4.798349376946857e-09,-0.0003808284831507195,-0.2501940150767735
1770271109.9320555,1.2494264158111803,0.0,0.020000001423237546,1.241189358580111,0.0,0.09438759716629987,0.0,0.5,-3.7229517607915033e-09,-0.0003556743607472836,-0.25018035631556573
1770271110.3490303,1.2494264158111803,0.0,0.020000001423237546,1.2414026258254036,0.0,0.09426010157942777,0.0,0.5,-2.6624929392427698e-09,-0.0003527851615307937,-0.25017668416318
1770271110.7781844,1.2494264158111803,0.0,0.020000001423237546,1.2416158927488312,0.0,0.09413260622859006,0.0,0.5,-2.062843414179561e-09,-0.00027708387176648286,-0.2501461141277031
1770271111.202258,1.2494264158111803,0.0,0.020000001423237546,1.2418291508960708,0.0,0.09400511794805531,0.0,0.5,-1.4731078885357664e-09,-0.00027665821794552073,-0.2501383731474628
1770271111.6259277,1.2494264158111803,0.0,0.020000001423237546,1.2420424089574797,0.0,0.09387762972116476,0.0,0.5,-1.267640747144967e-09,-0.00023453699746353314,-0.25012148188842076
1770271112.041142,1.2494264158111803,0.0,0.020000001423237546,1.2422556621265395,0.0,0.09375014544248586,0.0,0.5,-9.83855475982155e-10,-0.00028018816386535397,-0.25014466018242837
1770271112.4515789,1.2494264158111803,0.0,0.020000001423237546,1.2424689205956443,0.0,0.09362265690445905,0.0,0.5,-7.012454322096138e-10,-0.0002471354368061952,-0.2501268736923545
1770271112.8784895,1.2494264158111803,0.0,0.020000001423237546,1.2426821752667412,0.0,0.09349517145633703,0.0,0.5,-5.018768875313962e-10,-0.00022224109944655947,-0.25011361048533615
1770271113.2962317,1.2494264158111803,0.0,0.020000001423237546,1.2428954270839676,0.0,0.09336768831491475,0.0,0.5,-3.896100771214373e-10,-0.00028236640397001763,-0.25014719612204744
1770271113.7123997,1.2494264158111803,0.0,0.020000001423237546,1.2431086858534799,0.0,0.09324019955158239,0.0,0.5,-3.361540467519528e-10,-0.0002787500026087726,-0.25013973697759456
1770271114.1417005,1.2494264158111803,0.0,0.020000001423237546,1.243321944172381,0.0,0.09311271113157278,0.0,0.5,-2.7558321517088046e-10,-0.00028062734700951187,-0.250140501683528
1770271114.5724523,1.2494264158111803,0.0,0.020000001423237546,1.243535202684401,0.0,0.09298522252917295,0.0,0.5,-1.7671788797740792e-10,-0.00033769051567249724,-0.2501745517514204
1770271114.9962668,1.2494264158111803,0.0,0.020000001423237546,1.2437484678053843,0.0,0.09285772864818578,0.0,0.5,-1.4595475387650593e-10,-0.00042524910350536763,-0.25022138055649074
1770271115.4145336,1.2494264158111803,0.0,0.020000001423237546,1.2439617430114733,0.0,0.09273022659182553,0.0,0.5,-1.1545382627144206e-10,-0.0004642857620683718,-0.2502360466623443
1770271115.8343678,1.2494264158111803,0.0,0.020000001423237546,1.2441750227665889,0.0,0.09260272088766103,0.0,0.5,-8.975794217364481e-11,-0.0004367325902453057,-0.2502211217020629
1770271116.2561922,1.2494264158111803,0.0,0.020000001423237546,1.244388299345969,0.0,0.09247521777987484,0.0,0.5,-6.446632884754005e-11,-0.00042818126945576486,-0.2502149458312732
1770271116.6884232,1.2494264158111803,0.0,0.020000001423237546,1.2446015749382962,0.0,0.09234771541237835,0.0,0.5,-4.440326896282816e-11,-0.0003139655802132719,-0.25016840440343413
1770271117.107852,1.2494264158111803,0.0,0.020000001423237546,1.244814837334155,0.0,0.09222022369861607,0.0,0.5,-3.448330634271093e-11,-0.0003017661071617035,-0.25015210303536933
1770271117.5245237,1.2494264158111803,0.0,0.020000001423237546,1.2450280983138073,0.0,0.09209273314356808,0.0,0.5,-3.071091117440317e-11,-0.00020794945901477904,-0.250113356425033
1770271117.9362786,1.2494264158111803,0.0,0.020000001423237546,1.2452413484358777,0.0,0.09196525134325031,0.0,0.5,-2.3868378044312115e-11,-0.00024319730846397445,-0.2501251234630453
1770271118.3639987,1.2494264158111803,0.0,0.020000001423237546,1.2454546026349058,0.0,0.0918377662277222,0.0,0.5,-1.7209696672536813e-11,-0.00017178749267218166,-0.25009303474512495
1770271118.7904723,1.2494264158111803,0.0,0.020000001423237546,1.2456678486156454,0.0,0.09171028779625896,0.0,0.5,-1.1690863103621905e-11,-0.00023399048819231004,-0.250123215555339
1770271119.2053468,1.2494264158111803,0.0,0.020000001423237546,1.2458811017847051,0.0,0.09158280354976658,0.0,0.5,-9.493861146649956e-12,-0.0002647182093115254,-0.25013543188626153
1770271119.63514,1.2494264158111803,0.0,0.020000001423237546,1.2460943584513655,0.0,0.09145531647086148,0.0,0.5,-8.157372606833812e-12,-0.00029770523815736833,-0.25015215133012064
1770271120.0513375,1.2494264158111803,0.0,0.020000001423237546,1.2463076189804068,0.0,0.09132782630205159,0.0,0.5,-5.8426692674420166e-12,-0.00031749548540001835,-0.25016072677326695
1770271120.467391,1.2494264158111803,0.0,0.020000001423237546,1.2465208818268767,0.0,0.09120033424496655,0.0,0.5,-4.5233885181471226e-12,-0.0003131946948809211,-0.25015702743101575
1770271120.879472,1.2494264158111803,0.0,0.020000001423237546,1.24673414417982,0.0,0.09107284261703497,0.0,0.5,-3.09575413978532e-12,-0.00036514179984046896,-0.25018776561351197
1770271121.2969174,1.2494264158111803,0.0,0.020000001423237546,1.2469474124979965,0.0,0.09094534613966947,0.0,0.5,-2.9923872939685334e-12,-0.00019075646697046947,-0.2501128167697646
1770271121.7386994,1.2494264158111803,0.0,0.020000001423237546,1.2471606606888763,0.0,0.0908178659164906,0.0,0.5,-1.8552596130965124e-12,-0.00023052253558841792,-0.25011923787651125
1770271122.1522338,1.2494264158111803,0.0,0.020000001423237546,1.247373913407325,0.0,0.0906903819918633,0.0,0.5,-1.5352516065092436e-12,-0.00010582536177118271,-0.2500653823998026
1770271122.5800302,1.2494264158111803,0.0,0.020000001423237546,1.247587151770591,0.0,0.09056290970802312,0.0,0.5,-1.0437855763321964e-12,-0.00010330726725984107,-0.2500519054441248
1770271122.9890888,1.2494264158111803,0.0,0.020000001423237546,1.2478003898119918,0.0,0.09043543770313268,0.0,0.5,-8.238075590074147e-13,-3.180443387687072e-05,-0.2500230525011005
1770271123.4032893,1.2494264158111803,0.0,0.020000001423237546,1.2480136196136467,0.0,0.09030797233939176,0.0,0.5,-0.0014201024978599554,0.05737279139633333,-0.2284741663827143
1770271123.8402686,1.2494264158111803,0.0,0.020000001423237546,1.2482213076066964,0.0,0.09018617704749113,0.25,0.16634791816539152,0.03571236411500922,0.12327469451702455,-0.24241443802124338
1770271124.2547789,1.2494264158111803,0.0,0.020000001167054787,1.2485638621330255,0.0,0.09011745422303682,0.25,0.09332504704252549,0.2598286819430987,0.14911361926794103,-0.04030686053089814
1770271124.6687503,1.2496228929430238,0.0,0.020000001167054787,1.2485638621330255,0.0,0.09011745422303682,0.25,0.09692351299969348,0.2559957591098153,0.13332479730847385,-0.025775283460152214
1770271125.0882194,1.2498442570370427,0.0,0.020000001167054787,1.2485638621330255,0.0,0.09011745422303682,0.25,0.04387425364466568,0.25476461237134984,0.12933231757274508,-0.04789289230896242
1770271125.5176914,1.2499998583978407,0.0,0.020000001167054787,1.2485638621330255,0.0,0.09011745422303682,0.25,0.13417409951578352,0.2535021747578625,0.11917274086722349,-0.012018811752694694
1770271125.9328632,1.2502886779779188,0.0,0.020000001167054787,1.2485638621330255,0.0,0.0900551180440188,0.25,0.09984194191934441,0.2526227793757324,0.11942268244871364,-0.012438143798566038
1770271126.3559768,1.250531522768139,0.0,0.020000001167054787,1.2485638621330255,0.0,0.0900551180440188,0.25,0.1280745385732568,0.2514251763892473,0.12443937957070259,-0.003744425602723271
1770271126.7829213,1.2508004977565996,0.0,0.020000001167054787,1.2485638621330255,0.0,0.08999526106834417,0.25,0.1230615357849463,0.24930240668404108,0.1227170175592649,-0.001042088629943394
1770271127.203448,1.2510624164646855,0.0,0.020000001167054787,1.2485638621330255,0.0,0.08993644705891615,0.25,0.10747331727140594,0.2508062457317172,0.12155608544094275,-0.007963723028317845
1770271127.6348794,1.2513086146223535,0.0,0.020000001167054787,1.2485638621330255,0.0,0.08993644705891615,0.25,0.10394875208700027,0.24820972582104217,0.1189483694225157,-0.009550854448558247
1770271128.0554786,1.2515502939391125,0.0,0.020000001167054787,1.2485638621330255,0.0,0.08993644705891615,0.25,0.09330293064644435,0.25166128760198914,0.11448222427385434,-0.012697548930560267
1770271128.5057104,1.2517912833863487,0.0,0.020000001167054787,1.2485638621330255,0.0,0.08993644705891615,0.25,0.06604891169636237,0.25009529935048974,0.11298179428141707,-0.023711783642260814
1770271128.9229975,1.2519963524490585,0.0,0.020000001167054787,1.2485638621330255,0.0,0.08993644705891615,0.25,0.062463689628831934,0.2479620448862082,0.1114220520006017,-0.026673110527758212
1770271129.337585,1.2521957232284535,0.0,0.020000001167054787,1.2485638621330255,0.0,0.08993644705891615,0.25,0.08456141198428464,0.24245458227324926,0.1052792517345644,-0.01851861762849435
1770271129.7551556,1.2524253946280468,0.0,0.020000001167054787,1.2485638621330255,0.0,0.08993644705891615,0.25,0.059157214274481326,0.2456058175108335,0.10367428736525487,-0.026813215471484235
1770271130.1724465,1.2526295082664478,0.0,0.020000001167054787,1.2485638621330255,0.0,0.08993644705891615,0.25,0.07708403139026151,0.24769751460668799,0.09979690292527094,-0.01404665960481512
1770271130.5918467,1.2528672902154911,0.0,0.020000001167054787,1.2485638621330255,0.0,0.08993644705891615,0.25,0.05324512675507238,0.24786453467877043,0.09193886281321688,-0.022268137361507227
1770271131.0070748,1.2530871503788221,0.0,0.020000001167054787,1.2485638621330255,0.0,0.08993644705891615,0.25,0.05510908870639655,0.24749961890997507,0.08373520750675495,-0.01763380602085032
1770271131.4191585,1.2533226668804873,0.0,0.020000001167054787,1.2485638621330255,0.0,0.08993644705891615,0.25,0.05628953642262121,0.2501223330366163,0.0779661388639841,-0.011537541121574825
1770271131.8634229,1.2535737851965416,0.0,0.020000001167054787,1.2485638621330255,0.0,0.08993644705891615,0.25,0.06047456879454867,0.24631774856126565,0.0742811402935425,-0.010954037045275429
1770271132.2827055,1.2538302228158702,0.0,0.020000001167054787,1.2485638621330255,0.0,0.08993644705891615,0.22916666666666674,0.0659161084284523,0.22661567291357443,0.06919995910463705,-0.004701037210075233
1770271132.6953895,1.2540784974056471,0.0,0.020000001167054787,1.2485638621330255,0.0,0.08993644705891615,0.2083333333333334,0.0780066281862826,0.20255762682209422,0.06699050798286973,-0.011504711725122343
1770271133.1062307,1.2543151844018687,0.0,0.020000001167054787,1.2485638621330255,0.0,0.08993644705891615,0.18750000000000006,0.09561037083130654,0.19289003523018294,0.07091166300947654,-0.018131504643758567
1770271133.5207644,1.2545612480682125,0.0,0.020000001167054787,1.2485638621330255,0.0,0.08993644705891615,0.18750000000000006,0.12440910555706147,0.17895738488426086,0.07968758182215946,-0.0317809688644585
1770271133.932194,1.2548069697207203,0.0,0.020000000956984926,1.2485638621330255,0.0,0.0898789757096768,0.0,0.5,0.13868245228869103,0.122495308324593,-0.3317155707766379
1770271134.3617418,1.2548069697207203,0.0,0.020000000956984926,1.2485638621330255,0.0,0.08976781716823584,0.0,0.5,-0.0036390839625985434,0.1494367059359311,-0.1816148707557668
1770271134.7839537,1.2548069697207203,0.0,0.020000000956984926,1.2487601236796373,0.0,0.08965651439905173,0.0,0.5,-0.006405193580608077,0.11463602983994092,-0.20256724627023662
1770271135.205597,1.2548069697207203,0.0,0.020000000956984926,1.2489655850529664,0.0,0.0895410112047196,0.0,0.5,-0.005100834084334669,0.09094670415691637,-0.21199641457417895
1770271135.632313,1.2548069697207203,0.0,0.020000000956984926,1.249173022463321,0.0,0.08942281344175344,0.0,0.5,-0.004589879867728629,0.07062931775673319,-0.22130695962938035
1770271136.0463479,1.2548069697207203,0.0,0.020000000956984926,1.249382754878997,0.0,0.0893023905074597,0.0,0.5,-0.0031055852025336146,0.0548859105205199,-0.22723697066589502
1770271136.459535,1.2548069697207203,0.0,0.020000000956984926,1.249592836518287,0.0,0.08918031431317335,0.0,0.5,-0.0025493418280756737,0.04339262961092313,-0.2320023551135738
1770271136.8720906,1.2548069697207203,0.0,0.020000000956984926,1.2498037691259376,0.0,0.08905705758214003,0.0,0.5,-0.001976272746019834,0.034407904159623304,-0.23567079321133816
1770271137.303565,1.2548069697207203,0.0,0.020000000956984926,1.2500151701545708,0.0,0.08893289881348615,0.0,0.5,-0.0013485325623343778,0.026747811559196706,-0.2387406360427787
1770271137.7320843,1.2548069697207203,0.0,0.020000000956984926,1.250226784000396,0.0,0.08880798606514936,0.0,0.5,-0.0012067469693530317,0.020793486419753506,-0.2414054362734206
1770271138.1677344,1.2548069697207203,0.0,0.020000000956984926,1.2504389658951751,0.0,0.08868249086976057,0.2083333333333334,0.09684491352967844,-0.000863165039141313,0.016308622930703426,-0.2499131300208672
1770271138.5880122,1.2548069697207203,0.0,0.02000000078472764,1.2504389658951751,0.0,0.08868249086976057,0.22916666666666674,0.08550808306196414,0.22138570449536535,0.05759512775595128,-0.02586609030683261
1770271139.012517,1.255091389308571,0.0,0.020000000643476665,1.2504389658951751,0.0,0.08868249086976057,0.21875000000000006,0.08565732445956922,0.24049781572033802,0.05222887277712676,-0.03899866705944164
1770271139.4329162,1.2554206740564098,0.0,0.020000000527650864,1.2504389658951751,0.0,0.08868249086976057,0.23958333333333343,0.08593130509355179,0.24011426117511847,0.05842609745874747,-0.014903254127349278
1770271139.8513246,1.2557305948859443,0.0,0.02000000043267371,1.2504389658951751,0.0,0.08868249086976057,0.21875000000000006,0.08520329608560656,0.2328132911692399,0.06391446108726409,-0.025256545031262748
1770271140.279576,1.2560274827224005,0.0,0.02000000043267371,1.2504389658951751,0.0,0.08868249086976057,0.19791666666666674,0.07902801038886653,0.20871665650415022,0.06490672552534267,-0.01795985871305327
1770271140.6921306,1.2562837925451982,0.0,0.02000000043267371,1.2504389658951751,0.0,0.08868249086976057,0.18750000000000006,0.05337869735517476,0.18786241504458587,0.06658286671681489,-0.007132113844553098
1770271141.1280289,1.2564727829021203,0.0,0.02000000043267371,1.2504389658951751,0.0,0.08868249086976057,0.17708333333333337,0.04997984880036903,0.17575251555344487,0.06535906539980385,-0.009142806211307013
1770271141.5474324,1.2566432700079666,0.0,0.02000000043267371,1.2504389658951751,0.0,0.08868249086976057,0.1666666666666667,0.048831798611683866,0.16823812688555007,0.05805131547628062,-0.006911993643534052
1770271141.961201,1.256816422269343,0.0,0.02000000043267371,1.2504389658951751,0.0,0.08868249086976057,0.1666666666666667,0.047714906942898386,0.165823162484255,0.05446722840440782,-0.0045780736203537165
1770271142.3785503,1.2569900612229095,0.0,0.02000000043267371,1.2504389658951751,0.0,0.08868249086976057,0.1666666666666667,0.044274393698642514,0.1645312584476101,0.052462982142484016,-0.006430127067169743
1770271142.795989,1.2571602759826168,0.0,0.02000000043267371,1.2504389658951751,0.0,0.08868249086976057,0.18750000000000006,0.042814830715730584,0.1640282688375884,0.050343417153586374,-0.027447980880229324
1770271143.2168353,1.257322126579283,0.0,0.02000000043267371,1.2504389658951751,0.0,0.08868249086976057,0.17708333333333337,0.04019860925390308,0.19055969109130155,0.04857162606950439,-0.017840045274177034
1770271143.6301901,1.2575331427109226,0.0,0.02000000043267371,1.2504389658951751,0.0,0.08868249086976057,0.19791666666666674,0.03620740632378444,0.18516760243823666,0.045382788132617195,-0.01765563892653518
1770271144.054119,1.2577259669154868,0.0,0.02000000043267371,1.2504389658951751,0.0,0.08868249086976057,0.22916666666666674,0.03772261823958231,0.20052414168787758,0.04177913741335992,-0.031031149637603693
1770271144.4776087,1.2579392232441888,0.0,0.020000000354792442,1.2504389658951751,0.0,0.08868249086976057,0.22916666666666674,0.04706014243984716,0.217271189172852,0.04058105631628577,-0.015254828665302861
1770271144.8992286,1.258195029702185,0.0,0.0200000002909298,1.2504389658951751,0.0,0.08868249086976057,0.23958333333333343,0.04047662492066933,0.242255274213678,0.03903874912005125,-0.003545109500277077
1770271145.3267071,1.2584818820106969,0.0,0.020000000238562438,1.2504389658951751,0.0,0.08868249086976057,0.23958333333333343,0.03554882937570818,0.23835595681464644,0.03647798946480065,-0.0019480325287582819
1770271145.7383504,1.2587600864803776,0.0,0.0200000001956212,1.2504389658951751,0.0,0.08868249086976057,0.25,0.03612892993822509,0.2473582692502085,0.03403680586792517,-0.003931911144628995
1770271146.1850045,1.2590535267877563,0.0,0.020000000160409384,1.2504389658951751,0.0,0.08868249086976057,0.25,0.0428743990733326,0.2483506608708115,0.03551516070270243,-0.005476793797981303
1770271146.6016426,1.2593549143302425,0.0,0.020000000131535696,1.2504389658951751,0.0,0.08868249086976057,0.25,0.03802238553154719,0.25062507993362887,0.03377931854180336,-0.0029201976445906884
1770271147.0345275,1.2596566438865646,0.0,0.02000000010785927,1.2504389658951751,0.0,0.08868249086976057,0.25,0.030442752060187473,0.24958504312255536,0.03354996936629262,-0.0019915004480482866
1770271147.457032,1.2599471771085247,0.0,0.020000000088444603,1.2504389658951751,0.0,0.08868249086976057,0.25,0.0424192713279551,0.25082039527872796,0.033516465117470216,-0.005275148808852642
1770271147.8715887,1.2602553559398635,0.0,0.020000000072524574,1.2504389658951751,0.0,0.08868249086976057,0.25,0.03780767963862434,0.24990610342424127,0.03375080510196008,-0.0021457678425398433
1770271148.288585,1.260555666521786,0.0,0.02000000005947015,1.2504389658951751,0.0,0.08868249086976057,0.25,0.0461341528055327,0.24641825330698178,0.0322770763390953,-0.0106576578025234
1770271148.7060308,1.260863435361384,0.0,0.020000000048765523,1.2504389658951751,0.0,0.08868249086976057,0.25,0.048585092246866364,0.1368489746300685,0.030476735218260692,-0.12238523799631779
1770271149.132226,1.260863435361384,0.0,0.02000000003998773,1.2504389658951751,0.0,0.08868249086976057,0.25,0.048585092246866364,-0.007389306327107454,0.02399736037156486,-0.27033110974942776
1770271149.546844,1.260863435361384,0.0,0.020000000032789938,1.2504389658951751,0.0,0.08868249086976057,0.25,0.048585092246866364,-0.008204474072001523,0.01835614893881438,-0.2738830668693026
1770271149.9635563,1.260863435361384,0.0,0.02000000002688775,1.2504389658951751,0.0,0.08868249086976057,0.25,0.048585092246866364,-0.006407951421831865,0.01457072849643331,-0.2737936753412865
1770271150.3768306,1.260863435361384,0.0,0.020000000022047954,1.2504389658951751,0.0,0.08868249086976057,0.25,0.048585092246866364,-0.004286808261767421,0.011197946434462713,-0.2733176593741663
1770271150.798733,1.260863435361384,0.0,0.020000000018079323,1.2504389658951751,0.0,0.08868249086976057,0.25,0.048585092246866364,-0.0033354238864336462,0.008881002150934942,-0.2734191633627522
1770271151.211592,1.260863435361384,0.0,0.020000000014825044,1.2504389658951751,0.0,0.08868249086976057,0.25,0.048585092246866364,-0.0030432954000324986,0.006828006164031376,-0.2741271380401404
1770271151.639627,1.260863435361384,0.0,0.020000000012156537,1.2504389658951751,0.0,0.08868249086976057,0.25,0.048585092246866364,-0.0022373366931368968,0.00532525547274519,-0.2740175301493261
1770271152.0538888,1.260863435361384,0.0,0.02000000000996836,1.2504389658951751,0.0,0.08868249086976057,0.25,0.048585092246866364,-0.0015960794897400658,0.004066836929221432,-0.2739810490029149
1770271152.4702768,1.260863435361384,0.0,0.020000000008174056,1.2504389658951751,0.0,0.08868249086976057,0.25,0.048585092246866364,-0.0013008304608487415,0.003145410147633192,-0.27411281418862415
1770271152.878555,1.260863435361384,0.0,0.020000000006702726,1.2504389658951751,0.0,0.08868249086976057,0.25,0.048585092246866364,-0.0008835609816219075,0.0024671030106572338,-0.27401038631342406
1770271153.295195,1.260863435361384,0.0,0.020000000005496236,1.2504389658951751,0.0,0.08868249086976057,0.25,0.048585092246866364,-0.0006783240472982908,0.0018529672376222917,-0.2741058001292238
1770271153.7106445,1.260863435361384,0.0,0.020000000004506913,1.2504389658951751,0.0,0.08868249086976057,0.25,0.048585092246866364,-0.0006237290349416417,0.0014220493030569733,-0.2742483423003028
1770271154.1387343,1.260863435361384,0.0,0.02000000000369567,1.2504389658951751,0.0,0.08868249086976057,0.25,0.048585092246866364,-0.0004846702933465244,0.0011319528544398703,-0.27424024963442145
1770271154.5536997,1.260863435361384,0.0,0.020000000003030448,1.2504389658951751,0.0,0.08868249086976057,0.25,0.048585092246866364,-0.00032840311058693507,0.0008916506072107908,-0.2741991541551377
1770271154.9973376,1.260863435361384,0.0,0.020000000002484968,1.2504389658951751,0.0,0.08868249086976057,0.0,0.5,-0.0031919019375686725,0.035423564459102275,-0.23893331109320667
1770271155.4078546,1.260863435361384,0.0,0.020000000002484968,1.2506517026853554,0.0,0.08855841824293142,0.0,0.5,0.0033069096908374283,0.12047929763247589,-0.20157283419193686
1770271155.8207242,1.260863435361384,0.0,0.020000000002484968,1.2508440163207046,0.0,0.08844369143009191,0.0,0.5,0.0017254690047175058,0.18413660433338452,-0.1660228975081161
1770271156.2516541,1.260863435361384,0.0,0.020000000002484968,1.2510271858978264,0.0,0.08833682266354566,0.0,0.5,0.012452439225743774,0.2247943343806351,-0.15412104504015126
1770271156.6775243,1.260863435361384,0.0,0.020000000002484968,1.2510271858978264,0.0,0.08823545139551167,0.0,0.5,-0.006316640713258163,0.2722545662610481,-0.12493538077077541
1770271157.1003568,1.260863435361384,0.0,0.020000000002484968,1.2510271858978264,0.0,0.08814072622299199,0.0,0.5,-0.0023740181734066956,0.2984890978795766,-0.10575292239547124
1770271157.5254614,1.260863435361384,0.0,0.020000000002484968,1.2510271858978264,0.0,0.08804988743186001,0.0,0.5,0.0011370345040815077,0.33286633316492303,-0.08814159145015463
1770271157.9367843,1.260863435361384,0.0,0.020000000002484968,1.2510271858978264,0.0,0.08796429179072385,0.0,0.5,0.0017111029461776214,0.36164644364641824,-0.07376589217111804
1770271158.3522556,1.260863435361384,0.0,0.020000000002484968,1.2510271858978264,0.0,0.0878832127964497,0.0,0.5,-0.0007513860233751185,0.3871959619540762,-0.059708356877102825
1770271158.783445,1.260863435361384,0.0,0.020000000002484968,1.2510271858978264,0.0,0.08780624529063706,0.0,0.5,-0.0001651888582514579,0.40428716728606795,-0.04973072574841666
1770271159.1987112,1.260863435361384,0.0,0.020000000002484968,1.2510271858978264,0.0,0.08773206186413769,0.0,0.5,0.004033304386868322,0.41768247152644983,-0.046531599047681595
1770271159.61605,1.260863435361384,0.0,0.020000000002484968,1.2510271858978264,0.0,0.08766005812406544,0.2083333333333334,0.12356741857497598,0.0005135755918833163,0.4309048358970733,-0.36281070283956113
1770271160.033325,1.260323435361384,0.0,0.020071275136571576,1.25127622411251,0.0,0.08766005812406544,0.2083333333333334,0.10329536965092731,0.1846086658021281,0.37215285869220577,-0.1640286097723313
1770271160.4561303,1.2600514571142183,0.0,0.020164013339381864,1.25127622411251,0.0,0.08766005812406544,0.19791666666666674,0.09300434887623998,0.2014150761051157,0.30918790496357096,-0.11788668285497791
1770271160.8724415,1.2599007622325407,0.0,0.020238363915782622,1.25127622411251,0.0,0.08766005812406544,0.18750000000000006,0.08707252360001633,0.20136625686426868,0.2599755045064614,-0.10523898736320211
1770271161.2951734,1.2599007622325407,0.0,0.020295154997807197,1.25127622411251,0.0,0.08766005812406544,0.18750000000000006,0.09118298885725185,0.21260348916115082,0.22529317473392096,-0.09562681507673937
1770271161.7391205,1.2599007622325407,0.0,0.020295154997807197,1.25127622411251,0.0,0.08766005812406544,0.18750000000000006,0.10882075735656133,0.19624188725949415,0.2012159790559016,-0.05734721767696617
1770271162.161118,1.2599007622325407,0.0,0.020295154997807197,1.25127622411251,0.0,0.08766005812406544,0.25,0.10670412125744924,0.22462027005501875,0.18745098549768296,-0.06712966142091997
1770271162.60397,1.2599007622325407,0.0,0.020295154997807197,1.25127622411251,0.0,0.08766005812406544,0.25,0.09969022858237798,0.24928342473880113,0.1701135536440483,-0.03766198097739749
1770271163.0426729,1.2600526078945384,0.0,0.020295154997807197,1.25127622411251,0.0,0.08766005812406544,0.25,0.09330434590543356,0.2498584384408247,0.1492743705120737,-0.030210492175692834
1770271163.4576125,1.2602321443498121,0.0,0.020295154997807197,1.25127622411251,0.0,0.08766005812406544,0.25,0.11118942446636991,0.25203539494785276,0.142175182506019,-0.018238192768282774
1770271163.8887806,1.2604507725101697,0.0,0.020295154997807197,1.25127622411251,0.0,0.08766005812406544,0.25,0.10810178690536652,0.25186813626363747,0.1400974098932799,-0.018073725018868062
1770271164.3023262,1.2606685676836955,0.0,0.020295154997807197,1.25127622411251,0.0,0.08766005812406544,0.25,0.09488481011397928,0.24936342036813838,0.13652506473388046,-0.02181394145775215
1770271164.7263331,1.2608708479142177,0.0,0.020295154997807197,1.25127622411251,0.0,0.08766005812406544,0.25,0.07760793846905449,0.24835521771906213,0.12812533460287637,-0.027743453360949216
1770271165.1458757,1.2610627638316143,0.0,0.020295154997807197,1.25127622411251,0.0,0.08766005812406544,0.25,0.07065823583883428,0.24744374415962356,0.12125781917408678,-0.02854279905088165
1770271165.5566003,1.2612555293279875,0.0,0.020295154997807197,1.25127622411251,0.0,0.08766005812406544,0.25,0.06566608542754658,0.24888215698908342,0.11242004985651667,-0.025378602157158637
1770271165.9741018,1.2614590068322409,0.0,0.020295154997807197,1.25127622411251,0.0,0.08766005812406544,0.25,0.052338257693137435,0.24681109617229968,0.10030346693401315,-0.02838316674038853
1770271166.4001825,1.2616617782610644,0.0,0.020295154997807197,1.25127622411251,0.0,0.08766005812406544,0.25,0.04913646855681434,0.24888457455206847,0.09384101093196225,-0.024113942235710572
1770271166.8231928,1.2618746927529563,0.0,0.020295154997807197,1.25127622411251,0.0,0.08766005812406544,0.25,0.03911870677325048,0.24977372390175903,0.08610536048209716,-0.024493167997650816
1770271167.2392128,1.262088853586911,0.0,0.020295154997807197,1.25127622411251,0.0,0.08766005812406544,0.25,0.046420971273926005,0.2510979855769146,0.07642077079187513,-0.01706634430491136
1770271167.6548457,1.2623312128597486,0.0,0.020295154997807197,1.25127622411251,0.0,0.08766005812406544,0.25,0.04512305684669521,0.24793102554631918,0.06728845543710284,-0.01406490528436186
1770271168.0903468,1.2625819004398573,0.0,0.020295154997807197,1.25127622411251,0.0,0.08766005812406544,0.25,0.03622163908158523,0.24872040615665217,0.0598140620207257,-0.01382324465455578
1770271168.5112824,1.2628347190242994,0.0,0.020295154997807197,1.25127622411251,0.0,0.08766005812406544,0.25,0.034524706112992465,0.24860515330574998,0.052193604963134146,-0.01099134182508002
1770271168.9423313,1.2630978763335932,0.0,0.020295154997807197,1.25127622411251,0.0,0.08766005812406544,0.25,-0.004448013192990999,0.24962466647063447,0.0450850176272392,-0.025852707673070123
1770271169.356715,1.2633230297291267,0.0,0.020295154997807197,1.25127622411251,0.0,0.08766005812406544,0.25,-0.0063129034291094736,0.24852899124835154,0.03285458932071072,-0.022277797957211406
1770271169.7910135,1.2635644966471182,0.0,0.020295154997807197,1.25127622411251,0.0,0.08766005812406544,0.25,-0.010969997207426129,0.2506157518369282,0.0237311642270256,-0.018878675063522567
1770271170.2017376,1.2638186290204512,0.0,0.020295154997807197,1.25127622411251,0.0,0.08766005812406544,0.25,-0.013283828900399478,0.24772645298568816,0.016957566107662827,-0.018071604330279274
1770271170.6159465,1.2640762202042328,0.0,0.020249995910626106,1.25127622411251,0.0,0.08766005812406544,0.25,-0.01377955862319178,0.24603443336857725,0.01077063272042085,-0.016859355641953264
1770271171.0629036,1.2643406970316158,0.0,0.020204996646713408,1.25127622411251,0.0,0.08766005812406544,0.25,-0.012839365265396281,0.24809365395957658,0.007085480062785541,-0.01223728397027786
1770271171.476858,1.2646160369020687,0.0,0.020168097250304995,1.25127622411251,0.0,0.08766005812406544,0.25,-0.009192894075523225,0.24989336497556325,0.0012052570380459112,-0.005893732883695283
1770271171.8953342,1.2649089956027255,0.0,0.020137839745250095,1.25127622411251,0.0,0.08766005812406544,0.25,-0.006887858680750437,0.24797455164616058,-0.0006080053517374724,-0.005346701257324236
1770271172.3186836,1.2652048031955943,0.0,0.02011302859110508,1.25127622411251,0.0,0.08766005812406544,0.25,-0.002391412669455577,0.24979410792571483,-0.0018974433532926817,-0.000581820532522143
1770271172.7431202,1.265511661446689,0.0,0.020092683444706164,1.25127622411251,0.0,0.08766005812406544,0.25,0.0010480179016147412,0.2481889165531879,-0.003281744909584874,-0.004114395008041133
1770271173.1543539,1.2658226392811522,0.0,0.020076000424659055,1.25127622411251,0.0,0.08766005812406544,0.25,0.0056592717662402175,0.24797327331811336,-0.0033872704472848723,-0.006560550342419182
1770271173.5748048,1.2661394369512782,0.0,0.020062320348220426,1.25127622411251,0.0,0.08766005812406544,0.25,0.011568226839483673,0.247855965769695,-0.0004317267757610986,-0.00843956540507975
1770271174.0038114,1.2664588345187888,0.0,0.02005110268554075,1.25127622411251,0.0,0.08766005812406544,0.25,0.01840288418557151,0.2484886073145877,0.002709583383279377,-0.009672174102462424
1770271174.4195101,1.2667829478925452,0.0,0.020041904202143416,1.25127622411251,0.0,0.08766005812406544,0.25,0.020089852515926966,0.13121029717582944,0.0034888815424133244,-0.12716811812684078
1770271174.8384707,1.2667829478925452,0.0,0.0200343614457576,1.25127622411251,0.0,0.08766005812406544,0.25,0.020089852515926966,-0.00890033137029979,0.003059383192246574,-0.26745851586715663
1770271175.2692556,1.2667829478925452,0.0,0.020028176385521235,1.25127622411251,0.0,0.08766005812406544,0.25,0.020089852515926966,-0.008380974877045408,0.002464069359534309,-0.267253397838513
1770271175.6837363,1.2667829478925452,0.0,0.02002310463612741,1.25127622411251,0.0,0.08766005812406544,0.25,0.020089852515926966,-0.005875168544319371,0.0019239101876612223,-0.2650121556256395
1770271176.1026201,1.2667829478925452,0.0,0.02001894580162448,1.25127622411251,0.0,0.08766005812406544,0.25,0.020089852515926966,-0.004617168688173571,0.0014864176572589526,-0.2639626353705478
1770271176.5433044,1.2667829478925452,0.0,0.020015535557332074,1.25127622411251,0.0,0.08766005812406544,0.25,0.020089852515926966,-0.003969073210215208,0.0010996419005860924,-0.26350285609355295
1770271176.9646666,1.2667829478925452,0.0,0.0200127391570123,1.25127622411251,0.0,0.08766005812406544,0.25,0.020089852515926966,-0.0026811576583867006,0.0006480997419574309,-0.26244718826123437
1770271177.3893287,1.2667829478925452,0.0,0.020010446108750087,1.25127622411251,0.0,0.08766005812406544,0.25,0.020089852515926966,-0.0022055778349171955,0.0003364842646473946,-0.26211342350828803
1770271177.8092732,1.2667829478925452,0.0,0.02000856580917507,1.25127622411251,0.0,0.08766005812406544,0.25,0.020089852515926966,-0.001571010737518176,0.00011561492866560314,-0.26158021646474705
1770271178.2198834,1.2667829478925452,0.0,0.02000702396352356,1.25127622411251,0.0,0.08766005812406544,0.25,0.020089852515926966,-0.001342613493434181,4.8513336445232915e-05,-0.26136999324239707
1770271178.644524,1.2667829478925452,0.0,0.020005759650089317,1.25127622411251,0.0,0.08766005812406544,0.25,0.020089852515926966,-0.0009628603118090188,-9.256036721150336e-05,-0.26106817412374395
1770271179.0651531,1.2667829478925452,0.0,0.02000472291307324,1.25127622411251,0.0,0.08766005812406544,0.25,0.020089852515926966,-0.0007410443878068813,-7.901405119651784e-05,-0.2608268323029701
1770271179.488892,1.2667829478925452,0.0,0.020003872788720057,1.25127622411251,0.0,0.08766005812406544,0.25,0.020089852515926966,-0.0005326990296625531,-4.659457064236391e-05,-0.26060416452100266
1770271179.905458,1.2667829478925452,0.0,0.020003175686750446,1.25127622411251,0.0,0.08766005812406544,0.25,0.020089852515926966,-0.0004145082704902454,-0.0001205890106749433,-0.2605271284777944
1770271180.3248093,1.2667829478925452,0.0,0.020002604063135365,1.25127622411251,0.0,0.08766005812406544,0.25,0.020089852515926966,-0.0003753866782349902,-6.570018891691827e-05,-0.26045865191283274
1770271180.7540917,1.2667829478925452,0.0,0.020002135331771,1.25127622411251,0.0,0.08766005812406544,0.25,0.020089852515926966,-0.0002546751601062031,-0.00010297446140732646,-0.26035481607602234
1770271181.17015,1.2667829478925452,0.0,0.02000175097205222,1.25127622411251,0.0,0.08766005812406544,0.25,0.020089852515926966,-0.00019741871982239636,-0.00011179763052229071,-0.2602991261099585
1770271181.6066954,1.2667829478925452,0.0,0.020001435797082818,1.25127622411251,0.0,0.08766005812406544,0.25,0.020089852515926966,-0.00014102132156772011,-0.00019244212301540382,-0.26029023309028826
1770271182.0194042,1.2667829478925452,0.0,0.020001177353607912,1.25127622411251,0.0,0.08766005812406544,0.25,0.020089852515926966,-0.00012050856715549323,-0.00020158660860752206,-0.26026714257798195
1770271182.4404755,1.2667829478925452,0.0,0.020000965429958488,1.25127622411251,0.0,0.08766005812406544,0.25,0.020089852515926966,-8.329694093436825e-05,-0.00018376401981315025,-0.2602218874676838
1770271182.852313,1.2667829478925452,0.0,0.02000079165256596,1.25127622411251,0.0,0.08766005812406544,0.25,0.020089852515926966,-6.706187620904538e-05,-0.0002563770105471976,-0.2602474379385195
1770271183.2769125,1.2667829478925452,0.0,0.020000649155104088,1.25127622411251,0.0,0.08766005812406544,0.25,0.020089852515926966,-5.19560723547216e-05,-0.0002819160256054458,-0.26024039424462675
1770271183.6905131,1.2667829478925452,0.0,0.02000053230718535,1.25127622411251,0.0,0.08766005812406544,0.0,-0.5,-0.0018040228970386534,-0.048502611760414156,-0.23237478659031244
1770271184.1043427,1.2667829478925452,0.0,0.02000053230718535,1.25127622411251,0.0,0.08777111063241963,0.0,-0.5,0.0003067098209648277,-0.16114911566742093,-0.18099680237795504
1770271184.5174768,1.2667829478925452,0.0,0.02000053230718535,1.25127622411251,0.0,0.08786850475311284,0.0,-0.5,-0.0004940887696306436,-0.25688391712607134,-0.13162561035246
1770271184.94062,1.2667829478925452,0.0,0.02000053230718535,1.25127622411251,0.0,0.08795238380193715,0.25,-0.13306212345542112,0.014015690125305083,-0.32052571021607035,-0.33608028256401945
1770271185.3679047,1.2670427701646074,0.0,0.02000043649189199,1.2516289251136772,0.0,0.08789485687732701,0.25,-0.09832493505436192,0.2515299913762488,-0.3073072048061109,-0.10734297679311926
1770271185.8029244,1.2675827701646074,0.0,0.02000035792335143,1.2516289251136772,0.0,0.08789485687732701,0.25,-0.09859151076219544,0.25084063160432984,-0.2616539595104493,-0.08693718050802293
1770271186.2258084,1.2681227701646074,0.0,0.020000293497148172,1.2516289251136772,0.0,0.08789485687732701,0.25,-0.10123205259146917,0.25618477672637036,-0.22385423096063564,-0.07127583876593496
1770271186.6557827,1.2686627701646074,0.0,0.0200002406676615,1.2516289251136772,0.0,0.08789485687732701,0.25,-0.05557106425447212,0.25427619911789234,-0.1974785552396501,-0.0778675121825799
1770271187.0743709,1.2692027701646074,0.0,0.020000197347482433,1.2516289251136772,0.0,0.08789485687732701,0.25,-0.12029656326372296,0.25203851971874186,-0.17437689280327007,-0.03138885073215342
1770271187.4965541,1.2696401740926488,0.0,0.020000161824935594,1.2516289251136772,0.0,0.08789485687732701,0.25,-0.12765188189222695,0.2505486888056248,-0.16110217373202806,-0.018601306632649563
1770271187.9275162,1.27004474057257,0.0,0.02000013269644719,1.2516289251136772,0.0,0.08789485687732701,0.25,-0.13293354500652,0.25167314304350746,-0.1597172054432895,-0.015203470090766068
1770271188.3434935,1.2704420984011873,0.0,0.020000108811086693,1.2516289251136772,0.0,0.08789485687732701,0.0,-0.5,0.2524953381897624,-0.15500410907283893,-0.425464593290388
1770271188.7565453,1.2704420984011873,0.0,0.020000108811086693,1.2512733128213875,0.0,0.08799127495288854,0.25,-0.1230587299452813,0.07967020853825417,-0.19449363808497236,-0.20999619843280468
1770271189.1779804,1.2706211492425188,0.0,0.02000008922509109,1.2515362176489824,0.0,0.08799127495288854,0.25,-0.13143568867670447,0.23555514542966763,-0.1961212505139978,-0.04695039673188159
1770271189.5991619,1.2710518608874066,0.0,0.020000073164574694,1.2515362176489824,0.0,0.08799127495288854,0.0,-0.5,0.1372683835432444,-0.23663174666151826,-0.2730035598272373
1770271190.0202725,1.2710518608874066,0.0,0.020000073164574694,1.2513385926389688,0.0,0.0880783121579886,0.25,-0.1251305796541481,0.13486944682342622,-0.2286367990127693,-0.16768315762075928
1770271190.4425259,1.271376574121116,0.0,0.02000005999495125,1.2515306564211839,0.0,0.08803010097444063,0.0,-0.5,0.22574322318400442,-0.22965607416585168,-0.36101711361638683
1770271190.8727117,1.271376574121116,0.0,0.02000005999495125,1.2512182549452775,0.0,0.088116330652237,0.0,-0.5,0.00969145772175245,-0.26898923337009434,-0.12913015695712954
1770271191.2911294,1.271376574121116,0.0,0.02000005999495125,1.2512182549452775,0.0,0.08819851210415369,0.0,-0.5,-0.005198530360416376,-0.24899995407516334,-0.1326974812523278
1770271191.717377,1.271376574121116,0.0,0.02000005999495125,1.2512182549452775,0.0,0.08828349322974688,0.0,-0.5,-0.005762604885359822,-0.19437969892674117,-0.16403478093683144
1770271192.151155,1.271376574121116,0.0,0.02000005999495125,1.2512182549452775,0.0,0.08837626936972147,0.0,-0.5,-0.004488162344107821,-0.15443489105959346,-0.18126519760102586
1770271192.5827737,1.271376574121116,0.0,0.02000005999495125,1.2512182549452775,0.0,0.08847445033252245,0.0,-0.5,-0.002854920816768027,-0.11826956190039162,-0.1973366727824924
1770271193.0039525,1.271376574121116,0.0,0.02000005999495125,1.2512182549452775,0.0,0.08857728480994707,0.0,-0.5,-0.0022197909777072304,-0.09396803855030449,-0.20766592403756368
1770271193.418857,1.271376574121116,0.0,0.02000005999495125,1.2512182549452775,0.0,0.08868309674322611,0.0,-0.5,-0.0019719801871018413,-0.07325692123259961,-0.21741463130257252
1770271193.834566,1.271376574121116,0.0,0.02000005999495125,1.2512182549452775,0.0,0.08879134827435023,0.0,-0.5,-0.0015302714387319268,-0.058273985497650116,-0.22389157226340184
1770271194.2489083,1.271376574121116,0.0,0.02000005999495125,1.2512182549452775,0.0,0.08890131850063807,0.0,-0.5,-0.0011867582308313076,-0.046386190194210135,-0.22918244266407023
1770271194.676593,1.271376574121116,0.0,0.02000005999495125,1.2512182549452775,0.0,0.08901262063682085,0.0,-0.5,-0.0007544622891138227,-0.035520189895100425,-0.2340809673714746
1770271195.0877929,1.271376574121116,0.0,0.02000005999495125,1.2512182549452775,0.0,0.08912511884510523,0.0,-0.5,-0.0006019270395768713,-0.02820220735391783,-0.23723262161673622
1770271195.5113251,1.271376574121116,0.0,0.02000005999495125,1.2512182549452775,0.0,0.08923840566575533,0.0,-0.5,-0.0005185077230117209,-0.021842105670710123,-0.24023346505597742
1770271195.926396,1.271376574121116,0.0,0.02000005999495125,1.2512182549452775,0.0,0.08935236783444887,0.0,-0.5,-0.0004033266724905027,-0.01735303658485036,-0.24217571528865128
1770271196.3377423,1.271376574121116,0.0,0.02000005999495125,1.2512182549452775,0.0,0.0894668033701182,0.0,-0.5,-0.0003133271733093292,-0.013808685759498842,-0.24376341937609508
1770271196.7544944,1.271376574121116,0.0,0.02000005999495125,1.2512182549452775,0.0,0.08958160979092127,0.0,-0.5,-0.0002234617855069662,-0.010865887793444148,-0.24508479768539035
1770271197.1638553,1.271376574121116,0.0,0.02000005999495125,1.2512182549452775,0.0,0.08969672264873987,0.0,-0.5,-0.00017264068625959383,-0.008588494667524121,-0.24610613266508957
1770271197.576547,1.271376574121116,0.0,0.02000005999495125,1.2512182549452775,0.0,0.08981207097232348,0.0,-0.5,-0.00011991220300008201,-0.0068618409382919035,-0.24686165710677735
1770271197.9880333,1.271376574121116,0.0,0.02000005999495125,1.2512182549452775,0.0,0.08992759750187403,0.0,-0.5,-9.333710118068744e-05,-0.005552033302700197,-0.24744830121338973
1770271198.411776,1.271376574121116,0.0,0.02000005999495125,1.2512182549452775,0.0,0.09004325848519808,0.0,-0.5,-8.045870501524691e-05,-0.004433728883569762,-0.24797542470514342
1770271198.850958,1.271376574121116,0.0,0.02000005999495125,1.2512182549452775,0.0,0.09015903368771082,0.0,-0.5,-5.901481813274708e-05,-0.0035619087192047785,-0.24836524247496689
1770271199.2714217,1.271376574121116,0.0,0.02000005999495125,1.2512182549452775,0.0,0.09027489806830889,0.0,-0.5,-4.574788089316791e-05,-0.002864712155526531,-0.24868311145949773
1770271199.7023633,1.271376574121116,0.0,0.02000005999495125,1.2512182549452775,0.0,0.09039083358109004,0.0,-0.5,-3.143643499741806e-05,-0.0023366717367854714,-0.2489159046084788
1770271200.1172352,1.271376574121116,0.0,0.02000005999495125,1.2512182549452775,0.0,0.09050682301700122,0.0,-0.5,-2.7846615899484907e-05,-0.0018690511282277568,-0.24914008311264138
1770271200.5337062,1.271376574121116,0.0,0.02000005999495125,1.2512182549452775,0.0,0.09062285987436779,0.0,-0.5,-2.1719204711750155e-05,-0.0015538701872789742,-0.24927630220516714
1770271200.9738624,1.271376574121116,0.0,0.02000005999495125,1.2512182549452775,0.0,0.09073892876803882,0.0,-0.5,-1.5673119150764708e-05,-0.0013225307166304103,-0.2493775417079004
1770271201.386739,1.271376574121116,0.0,0.02000005999495125,1.2512182549452775,0.0,0.09085502123296268,0.0,-0.5,-1.0789535633481626e-05,-0.0009967606554909716,-0.24954498621400195
1770271201.8006835,1.271376574121116,0.0,0.02000005999495125,1.2512182549452775,0.0,0.09097114677488811,0.0,-0.5,-8.401514672493219e-06,-0.0007952094483946034,-0.2496309519111848
1770271202.2240074,1.271376574121116,0.0,0.02000005999495125,1.2512182549452775,0.0,0.09108729271233089,0.0,-0.5,-7.038035048752794e-06,-0.0007476838715986679,-0.249637948656929
1770271202.643502,1.271376574121116,0.0,0.02000005999495125,1.2512182549452775,0.0,0.09120344349920757,0.0,-0.5,-5.341491253113726e-06,-0.0005879991994125655,-0.24972731035876544
1770271203.077153,1.271376574121116,0.0,0.02000005999495125,1.2512182549452775,0.0,0.09131961044371135,0.0,-0.5,-4.163439516809321e-06,-0.0004390703899477416,-0.24979952112548942
1770271203.4906297,1.271376574121116,0.0,0.02000005999495125,1.2512182549452775,0.0,0.0914357924300433,0.25,-0.12337456615305131,-2.8606663560440304e-06,-0.0005382991495821587,-0.31143091704405407
1770271203.9049857,1.2710972085231527,0.0,0.020000049195860025,1.2515569973015779,0.0,0.0914357924300433,0.25,-0.11271237094798095,0.16958117985698112,-0.016150472918512796,-0.13026098653464602
1770271204.3195405,1.2710972085231527,0.0,0.02000004034060522,1.2515569973015779,0.0,0.0914357924300433,0.25,-0.11010769613243555,0.24936339549410141,-0.04189903219319945,-0.037315792402985305
1770271204.7437544,1.2713268095952257,0.0,0.02000004034060522,1.2515569973015779,0.0,0.0914357924300433,0.25,-0.0949368285476909,0.2510183095643707,-0.05090836745600721,-0.02393347363649333
1770271205.1708577,1.2715948191010937,0.0,0.020000033079296282,1.2515569973015779,0.0,0.0914357924300433,0.25,-0.08794064628853755,0.2538943475245311,-0.05842805184917731,-0.019402613183528237
1770271205.605951,1.2718895636057839,0.0,0.02000002712502295,1.2515569973015779,0.0,0.0914357924300433,0.25,-0.07957285654055707,0.25296669928414645,-0.0644550101841111,-0.011128318295862812
1770271206.0325549,1.2722038628625856,0.0,0.02000002224251882,1.2515569973015779,0.0,0.0914357924300433,0.23958333333333343,-0.07159965196321408,0.24077077815457393,-0.06813402590211526,-0.0032881594235903283
1770271206.4456046,1.2725190339553343,0.0,0.020000018238865432,1.2515569973015779,0.0,0.0914357924300433,0.22916666666666674,-0.06484237061834307,0.24079985629849107,-0.06860670782887235,-0.01356262642976468
1770271206.8638997,1.2728484959220874,0.0,0.020000014955869654,1.2515569973015779,0.0,0.0914357924300433,0.1666666666666667,-0.05991988015590389,0.1600790585425813,-0.06632538643933113,-0.010018493404753144
1770271207.2813535,1.273072246726154,0.0,0.020000012263813118,1.2515569973015779,0.0,0.0914357924300433,0.17708333333333337,-0.058514716903170776,0.16834414505093714,-0.06441000404675795,-0.011878370093447131
1770271207.713657,1.2733041339737163,0.0,0.020000010056326758,1.2515569973015779,0.0,0.0914357924300433,0.2083333333333334,-0.059498241994492156,0.20356307621301836,-0.06088048486283698,-0.005814330472879546
1770271208.1330357,1.2735746627658593,0.0,0.02000000824618794,1.2515569973015779,0.0,0.0914357924300433,0.19791666666666674,-0.06112068890514852,0.19827735266964155,-0.05865676379793584,-0.001815020663071265
1770271208.5583014,1.2738349603199945,0.0,0.020000006761874113,1.2515569973015779,0.0,0.0914357924300433,0.17708333333333337,-0.06250940086044898,0.24438030930583513,-0.05920137400008154,-0.06900545042290004
1770271208.996395,1.2741802920055376,0.0,0.020000006761874113,1.2515569973015779,0.0,0.0914357924300433,0.25,-0.06447733251757976,0.17400368878542413,-0.05902830336027424,-0.07873813285720936
1770271209.4098613,1.274372191057204,0.0,0.020000005544736774,1.2515569973015779,0.0,0.0914357924300433,0.25,-0.06426500187939575,0.2404816879432092,-0.06215373486294302,-0.01088648871528404
1770271209.8277876,1.2746820892596231,0.0,0.020000004546684155,1.2515569973015779,0.0,0.0914357924300433,0.25,-0.0659702352917217,0.2496653855211428,-0.0599575976858565,-0.0035605469994984423
1770271210.246683,1.2750014078736291,0.0,0.020000003728281007,1.2515569973015779,0.0,0.0914357924300433,0.25,-0.06735516133175436,0.248236003841649,-0.05939053718403619,-0.005803014282392103
1770271210.6729507,1.2753155846929536,0.0,0.020000003057190425,1.2515569973015779,0.0,0.0914357924300433,0.25,-0.06771661734579137,0.2502982619122805,-0.06183623734757952,-0.0034830219277407542
1770271211.0976331,1.2756367580866799,0.0,0.02000000250689615,1.2515569973015779,0.0,0.0914357924300433,0.23958333333333343,-0.06802329042485844,0.23867319537498558,-0.061316040853379765,-0.004315782393507164
1770271211.5148134,1.2759418660032733,0.0,0.02000000205565484,1.2515569973015779,0.0,0.0914357924300433,0.21875000000000006,-0.05764124856943555,0.22727696032340866,-0.05924596880413948,-0.009536327645684597
1770271211.932781,1.2762473787939532,0.0,0.02000000168563697,1.2515569973015779,0.0,0.0914357924300433,0.2083333333333334,-0.05762971073934765,0.20706514026643952,-0.058552654110590956,-0.0017989962218703838
1770271212.3652053,1.2765224136328681,0.0,0.020000001382222316,1.2515569973015779,0.0,0.0914357924300433,0.2083333333333334,-0.05626913819099278,0.20414655617388516,-0.05850272028800974,-0.005308561590214837
1770271212.7801685,1.2767942602372153,0.0,0.0200000011334223,1.2515569973015779,0.0,0.0914357924300433,0.18750000000000006,-0.05621100319162044,0.19709679829792648,-0.053143171453301594,-0.01166666905055666
1770271213.1921513,1.277054470034836,0.0,0.02000000092940629,1.2515569973015779,0.0,0.0914357924300433,0.18750000000000006,-0.045607594626297605,0.1839768157243962,-0.050716305091806635,-0.006320226144507868
1770271213.6312737,1.2773026049351677,0.0,0.020000000762113158,1.2515569973015779,0.0,0.0914357924300433,0.18750000000000006,-0.044673578361060895,0.18636589139771798,-0.05032650628639444,-0.003999552445490074
1770271214.0504673,1.2775553858292088,0.0,0.02000000062493279,1.2515569973015779,0.0,0.0914357924300433,0.18750000000000006,-0.04436089507929071,0.1851589294714824,-0.04818212703624495,-0.004466124432009716
1770271214.4681094,1.2778029324084506,0.0,0.02000000051244489,1.2515569973015779,0.0,0.0914357924300433,0.17708333333333337,-0.03757551529563378,0.17658165670216705,-0.04565376978264999,-0.0047936396000339224
1770271214.888044,1.2780453741753086,0.0,0.02000000042020481,1.2515569973015779,0.0,0.0914357924300433,0.1666666666666667,-0.038366605261647695,0.15661346933586268,-0.04523500726078809,-0.013529274582560426
1770271215.310253,1.2782566374832376,0.0,0.020000000344567944,1.2515569973015779,0.0,0.0914357924300433,0.1666666666666667,-0.04133326859990717,0.1625443165704193,-0.0450772068167873,-0.006010099249087566
1770271215.7272668,1.2784737509626134,0.0,0.020000000282545713,1.2515569973015779,0.0,0.0914357924300433,0.1666666666666667,-0.04020696459404669,0.16729967279184846,-0.0443550180879411,-0.0027792517450135703
1770271216.139108,1.2786992711234078,0.0,0.020000000231687486,1.2515569973015779,0.0,0.0914357924300433,0.1666666666666667,-0.041615429291856826,0.1664376633985535,-0.043733516200800744,-0.0013501969112991986
1770271216.5530384,1.2789203686809525,0.0,0.020000000189983737,1.2515569973015779,0.0,0.0914357924300433,0.15625000000000003,-0.04277818661689728,0.14144071606725986,-0.043119642804132906,-0.015041399366024766
1770271216.9833221,1.279100675504206,0.0,0.020000000155786665,1.2515569973015779,0.0,0.0914357924300433,0.14583333333333334,-0.04202967642760886,0.1403986875287513,-0.04214043017354643,-0.005587943940609487
1770271217.41433,1.2792831629312023,0.0,0.020000000127745065,1.2515569973015779,0.0,0.0914357924300433,0.14583333333333334,-0.040710739561551704,0.14411387025321715,-0.04148847669214303,-0.0021735269935521974
1770271217.8295527,1.2794727090847478,0.0,0.020000000104750955,1.2515569973015779,0.0,0.0914357924300433,0.14583333333333334,-0.040355950695658026,0.14301855435656516,-0.039445586824837536,-0.003474249898908978
1770271218.2491765,1.2796573763591037,0.0,0.020000000085895784,1.2515569973015779,0.0,0.0914357924300433,0.13541666666666669,-0.04046419541740964,0.1380621269710796,-0.037095866955475676,-0.004564596522316097
1770271218.6669943,1.2798339859020695,0.0,0.020000000070434544,1.2515569973015779,0.0,0.0914357924300433,0.13541666666666669,-0.03940679438041763,0.1361266347137349,-0.03840273636307522,-0.001342683996499374
1770271219.07976,1.2800109429788575,0.0,0.020000000057756324,1.2515569973015779,0.0,0.0914357924300433,0.14583333333333334,-0.03796873231503529,0.13622941004991626,-0.04083425369758235,-0.011279835708141324
1770271219.5049717,1.2801895695054517,0.0,0.020000000047360186,1.2515569973015779,0.0,0.0914357924300433,0.14583333333333334,-0.03773109709428194,0.14041492432900324,-0.039086878651627806,-0.006271037287598491
1770271219.9181237,1.2803727273130403,0.0,0.020000000038835352,1.2515569973015779,0.0,0.0914357924300433,0.125,-0.037535289250276785,0.12288687811762637,-0.03795335008116851,-0.0024355051548654214
1770271220.3297808,1.2805333047240959,0.0,0.02000000003184499,1.2515569973015779,0.0,0.0914357924300433,0.125,-0.037723488848510706,0.1246425629303791,-0.03696394250632872,-0.0008361509981958656
1770271220.7384033,1.2806949553781735,0.0,0.02000000002611289,1.2515569973015779,0.0,0.0914357924300433,0.13541666666666669,-0.037867865502927166,0.13760537116892707,-0.036484956521470775,-0.0029280575914743755
1770271221.1482315,1.2808732749903189,0.0,0.02000000002141257,1.2515569973015779,0.0,0.0914357924300433,0.13541666666666669,-0.038265692285963195,0.13532345473532578,-0.03666708730628806,-0.0009107274996601993
1770271221.5666912,1.281047442140578,0.0,0.020000000017558306,1.2515569973015779,0.0,0.0914357924300433,0.11458333333333333,-0.038283903094887314,0.12429547194447174,-0.03862407021225298,-0.01007792046041774
1770271221.98151,1.2812151821923243,0.0,0.020000000017558306,1.2515569973015779,0.0,0.0914357924300433,0.13541666666666669,-0.04689511076282905,0.12469581109368466,-0.03897680323988843,-0.014715282637215877
1770271222.3918204,1.2813632081043709,0.0,0.02000000001439781,1.2515569973015779,0.0,0.0914357924300433,0.13541666666666669,-0.04918580215631185,0.14168685912922005,-0.04021632118127298,-0.010878884744211255
1770271222.8058524,1.2815394832938898,0.0,0.02000000001439781,1.2515569973015779,0.0,0.0914357924300433,0.125,-0.042214962328872105,0.12615473168568125,-0.04002700285101053,-0.0022676432576382854
1770271223.2573295,1.2817028442424525,0.0,0.02000000001439781,1.2515569973015779,0.0,0.0914357924300433,0.14583333333333334,-0.046111915379638525,0.13250692579087903,-0.03725956838197732,-0.018029324488188243
1770271223.6725323,1.2818578441500652,0.0,0.020000000011806206,1.2515569973015779,0.0,0.0914357924300433,0.14583333333333334,-0.046111915379638525,0.01366250070385327,-0.032590846969859234,-0.1393982389755815
1770271224.0949304,1.2818578441500652,0.0,0.02000000000968109,1.2515569973015779,0.0,0.0914357924300433,0.14583333333333334,-0.046111915379638525,-0.005532775529100326,-0.02605454181083194,-0.1620484261627397
1770271224.5142076,1.2818578441500652,0.0,0.020000000007938494,1.2515569973015779,0.0,0.0914357924300433,0.14583333333333334,-0.046111915379638525,-0.004361199932745053,-0.020035995941095446,-0.1638343475723236
1770271224.9300861,1.2818578441500652,0.0,0.020000000006509564,1.2515569973015779,0.0,0.0914357924300433,0.14583333333333334,-0.046111915379638525,-0.003207979190846616,-0.016070469848861013,-0.16445858789879217
1770271225.3467846,1.2818578441500652,0.0,0.02000000000533784,1.2515569973015779,0.0,0.0914357924300433,0.14583333333333334,-0.046111915379638525,-0.002295113216751544,-0.012547900592916985,-0.16526271086904007
1770271225.7619684,1.2818578441500652,0.0,0.02000000000437703,1.2515569973015779,0.0,0.0914357924300433,0.14583333333333334,-0.046111915379638525,-0.001777430718157823,-0.010041452498312379,-0.16589664030161472
1770271226.1777537,1.2818578441500652,0.0,0.020000000003589164,1.2515569973015779,0.0,0.0914357924300433,0.14583333333333334,-0.046111915379638525,-0.0012606745852247344,-0.00798480430549116,-0.16636322827491387
1770271226.6217344,1.2818578441500652,0.0,0.020000000002943115,1.2515569973015779,0.0,0.0914357924300433,0.14583333333333334,-0.046111915379638525,-0.0011335853167832703,-0.006197106615756455,-0.1671030928010311
1770271227.0464363,1.2818578441500652,0.0,0.020000000002413355,1.2515569973015779,0.0,0.0914357924300433,0.14583333333333334,-0.046111915379638525,-0.000892863947049793,-0.004966258508735179,-0.16742211052653694
1770271227.4633374,1.2818578441500652,0.0,0.020000000001978952,1.2515569973015779,0.0,0.0914357924300433,0.14583333333333334,-0.046111915379638525,-0.0006064237737927603,-0.003961587135071201,-0.16761538836677614
1770271227.8779688,1.2818578441500652,0.0,0.02000000000162274,1.2515569973015779,0.0,0.0914357924300433,0.14583333333333334,-0.046111915379638525,-0.000432091076970532,-0.0029995055220114887,-0.16791783750042338
1770271228.2891672,1.2818578441500652,0.0,0.020000000001330648,1.2515569973015779,0.0,0.0914357924300433,0.14583333333333334,-0.046111915379638525,-0.000334084615650326,-0.002412487578245124,-0.168075833644057
1770271228.7060242,1.2818578441500652,0.0,0.02000000000109113,1.2515569973015779,0.0,0.0914357924300433,0.14583333333333334,-0.046111915379638525,-0.0002602243351405183,-0.0019748676988755945,-0.1682058434967923
1770271229.1216755,1.2818578441500652,0.0,0.02000000000089473,1.2515569973015779,0.0,0.0914357924300433,0.14583333333333334,-0.046111915379638525,-0.00023671150865532767,-0.001624785924818351,-0.1683486177468045
1770271229.5368345,1.2818578441500652,0.0,0.020000000000733677,1.2515569973015779,0.0,0.0914357924300433,0.14583333333333334,-0.046111915379638525,-0.00018156771704200015,-0.0013122358987583843,-0.16844599579342143
1770271229.949562,1.2817226883029926,0.0,0.020000000000601616,1.2515569973015779,0.0,0.0914357924300433,0.14583333333333334,-0.046111915379638525,-0.00012430416680747592,-0.001082725327905476,-0.16849518358309265
1770271230.3630285,1.2815872372090804,0.0,0.020000000000493325,1.2515569973015779,0.0,0.0914357924300433,0.14583333333333334,0.02581173351627825,-9.674011674445445e-05,-0.0007666351645400718,-0.1592508668068235
1770271230.7805462,1.2815872372090804,0.0,0.020000000000404528,1.2515569973015779,0.0,0.0914357924300433,0.13541666666666669,0.018026867200797665,0.13783848726526804,0.0005033953217394476,-0.011310559586758414
1770271231.1969364,1.2817787052834022,0.0,0.020000000000404528,1.2515569973015779,0.0,0.0914357924300433,0.14583333333333334,0.016164723511429287,0.1503362493873459,0.0035905982128075337,-0.011098698992430251
1770271231.6109614,1.2819791625988473,0.0,0.020000000000404528,1.2515569973015779,0.0,0.0914357924300433,0.13541666666666669,0.022096197382962736,0.1495931351352244,0.0065258415865558006,-0.02225517070413601
1770271232.034838,1.2821859253799905,0.0,0.020000000000404528,1.2515569973015779,0.0,0.0914357924300433,0.125,0.021930951079613317,0.1410902843832857,0.008256930161599053,-0.02310040369979715
1770271232.448555,1.2823795976507655,0.0,0.020000000000404528,1.2515569973015779,0.0,0.0914357924300433,0.125,0.021300729045951268,0.1261781683526566,0.011195248081381056,-0.006524740626919912
1770271232.866615,1.2825418808662883,0.0,0.020000000000404528,1.2515569973015779,0.0,0.0914357924300433,0.13541666666666669,0.018767593789660864,0.1338000576916061,0.013260304033920136,-0.004576759448184851
1770271233.2770617,1.2827056791973106,0.0,0.020000000000404528,1.2515569973015779,0.0,0.0914357924300433,0.13541666666666669,0.007896048407703126,0.13607886604804173,0.014277488371569664,-0.003954637797073266
1770271233.713439,1.2828568692040436,0.0,0.020000000000404528,1.2515569973015779,0.0,0.0914357924300433,0.14583333333333334,0.006453571346230407,0.13382869779882897,0.013443349430692624,-0.015582938470823184
1770271234.1340525,1.2829990518486494,0.0,0.020000000000404528,1.2515569973015779,0.0,0.0914357924300433,0.11458333333333333,0.0076591741165829026,0.13274494562181308,0.011490368463845468,-0.020272507558795744
1770271234.5606792,1.2831581474572413,0.0,0.020000000000404528,1.2515569973015779,0.0,0.0914357924300433,0.125,0.01714521288942707,0.12967138028192532,0.00986408211675541,-0.008474574302970155
1770271234.9864047,1.2833230591034883,0.0,0.020000000000404528,1.2515569973015779,0.0,0.0914357924300433,0.125,0.016841833435923263,0.11456657301069974,0.010405821597949628,-0.0137056068564065
1770271235.4002075,1.2834606641507142,0.0,0.020000000000404528,1.2515569973015779,0.0,0.0914357924300433,0.10416666666666666,0.015289754498583361,0.09879312020860465,0.011137971521223243,-0.007522652939069432
1770271235.8222897,1.2834606641507142,0.0,0.020000000000404528,1.2515569973015779,0.0,0.0914357924300433,0.10416666666666666,0.015425500234695293,0.10074226762022083,0.012205457926315463,-0.005141168841144965
1770271236.2353024,1.2834606641507142,0.0,0.020000000000404528,1.2515569973015779,0.0,0.0914357924300433,0.10416666666666666,0.006606340534467455,0.10256938862383433,0.013136287738054992,-0.00495533462580005
1770271236.664475,1.2834606641507142,0.0,0.020000000000404528,1.2515569973015779,0.0,0.0914357924300433,0.11458333333333333,0.0057457457258096745,0.10197744088062491,0.011401522864874721,-0.015607257509558969
1770271237.0782743,1.2834606641507142,0.0,0.020000000000404528,1.2515569973015779,0.0,0.0914357924300433,0.11458333333333333,0.005978299154105717,0.11233791292127467,0.010291327107097795,-0.004512953964332394
1770271237.4963722,1.2834606641507142,0.0,0.020000000000404528,1.2515569973015779,0.0,0.0914357924300433,0.11458333333333333,0.0057942931689009426,0.11530587857013114,0.00916716489103884,-0.002521397319472653
1770271237.9178677,1.2834606641507142,0.0,0.020000000000404528,1.2515569973015779,0.0,0.0914357924300433,0.11458333333333333,0.006513500636221607,0.11235048423542568,0.008046945672496142,-0.0031115935378991867
1770271238.334701,1.2834606641507142,0.0,0.020000000000404528,1.2515569973015779,0.0,0.0914357924300433,0.10416666666666666,0.005933296280120048,0.10691798085158433,0.007486271486009107,-0.003583869206510902
1770271238.761443,1.2834606641507142,0.0,0.020000000000404528,1.2515569973015779,0.0,0.0914357924300433,0.09375,0.004909351044379525,0.10158301990286175,0.006615863051038605,-0.008773316749688344
1770271239.1846404,1.2834606641507142,0.0,0.020000000000404528,1.2515569973015779,0.0,0.0914357924300433,0.09375,0.0058184527954432495,0.0941241253637234,0.006218108914150402,-0.0006137288367657982
1770271239.6002553,1.2834606641507142,0.0,0.020000000000404528,1.2515569973015779,0.0,0.0914357924300433,0.10416666666666666,0.014630464850643137,0.05519061202742501,-0.04841237978629249,-0.08596052582775375
1770271240.0256615,1.2836028185194723,0.0,0.020000000000331714,1.2515569973015779,0.0,0.0914357924300433,0.25,0.03766749184791326,0.19819669005163734,-0.06776561308214911,-0.1064551857429795
1770271240.4559727,1.2839833284169428,0.0,0.020000000000272005,1.2515569973015779,0.0,0.0914357924300433,0.25,0.05837466680162639,0.24954414376802284,-0.07138659442339063,-0.06569858497860982
1770271240.8715653,1.2844765101474516,0.0,0.020000000000223044,1.2515569973015779,0.0,0.0914357924300433,0.25,0.04036904800548211,0.2523438462662684,-0.04720548637475907,-0.048549224261252126
1770271241.28907,1.2849149655443421,0.0,0.020000000000182896,1.2515569973015779,0.0,0.0914357924300433,0.25,0.042081597055043704,0.25267530944345457,-0.028412519804878807,-0.03980166453040385
1770271241.714111,1.2853263090223066,0.0,0.020000000000149974,1.2515569973015779,0.0,0.0914357924300433,0.25,0.03779425808024922,0.25191212097464916,-0.01423198283578906,-0.02934329512957727
1770271242.1338406,1.2857083513194314,0.0,0.02000000000012298,1.2515569973015779,0.0,0.0914357924300433,0.22916666666666674,0.03290052634207833,0.23366092559338902,-0.004030400477388487,-0.023979880572295748
1770271242.541167,1.2860468514508,0.0,0.020000000000100843,1.2515569973015779,0.0,0.0914357924300433,0.21875000000000006,0.02716126255858093,0.227866521930449,0.002825349208336518,-0.021970053574143663
1770271242.954831,1.2863616330224268,0.0,0.02000000000008269,1.2515569973015779,0.0,0.0914357924300433,0.19791666666666674,0.02439544253703267,0.2214854002652518,0.006812574207947875,-0.03275889026308858
1770271243.3718405,1.2866646574097864,0.0,0.020000000000067807,1.2515569973015779,0.0,0.0914357924300433,0.18750000000000006,0.019826146450734054,0.19632847240418655,0.010476528351663805,-0.013869676868093211
1770271243.8034365,1.286918037632703,0.0,0.020000000000055602,1.2515569973015779,0.0,0.0914357924300433,0.1666666666666667,0.017026845799355577,0.17455975316094652,0.011001707179463237,-0.010958173687005917
1770271244.2227814,1.2871391355121127,0.0,0.020000000000055602,1.2515569973015779,0.0,0.0914357924300433,0.18750000000000006,0.01395320881921593,0.1744033091358995,0.011101405772516549,-0.014532562246755584
1770271244.6401844,1.2873465175777665,0.0,0.020000000000045592,1.2515569973015779,0.0,0.0914357924300433,0.1666666666666667,0.01124092313207628,0.17414077415182588,0.00999173832428875,-0.008209666633875717
1770271245.0550756,1.2875608552765838,0.0,0.020000000000045592,1.2515569973015779,0.0,0.0914357924300433,0.1666666666666667,0.0076795307483156095,0.1753110488023941,0.011494810881298754,-0.010702329457919952
1770271245.4730003,1.287769845058321,0.0,0.020000000000045592,1.2515569973015779,0.0,0.0914357924300433,0.18750000000000006,0.0065801763488010576,0.1575121644644692,0.012505723528575296,-0.033051700390145634
1770271245.8986511,1.2879360469168415,0.0,0.020000000000037387,1.2515569973015779,0.0,0.0914357924300433,0.1666666666666667,0.006921044598353833,0.1629227268835801,0.00956476399974732,-0.005359895436666166
1770271246.31869,1.2881261805063475,0.0,0.020000000000037387,1.2515569973015779,0.0,0.0914357924300433,0.17708333333333337,0.007318297129254522,0.17632477164925622,0.008386835189409799,-0.0014106235951885377
1770271246.7328773,1.288337105936407,0.0,0.020000000000037387,1.2515569973015779,0.0,0.0914357924300433,0.15625000000000003,0.0071093318688472615,0.16284063644507132,0.008499328738997966,-0.007296884235105465
1770271247.1482897,1.2885337528198948,0.0,0.020000000000037387,1.2515569973015779,0.0,0.0914357924300433,0.15625000000000003,0.006209741740275652,0.16895020858629528,0.00975819862331418,-0.01460032401624614
1770271247.5600562,1.2887374592828742,0.0,0.020000000000037387,1.2515569973015779,0.0,0.0914357924300433,0.15625000000000003,0.0070417264138638086,0.1706824362775363,0.007292807928387941,-0.014804516104290955
1770271247.9770484,1.2889494225025169,0.0,0.020000000000037387,1.2515569973015779,0.0,0.0914357924300433,0.15625000000000003,0.0077354002530370565,0.1511047924626073,0.005806806555900979,-0.0062581045232094614
1770271248.4185665,1.289131449710726,0.0,0.020000000000037387,1.2515569973015779,0.0,0.0914357924300433,0.1666666666666667,0.007830928721713634,0.16599380628636204,0.006203763584837806,-0.0015261386516362708
1770271248.8396058,1.289333765974044,0.0,0.020000000000037387,1.2515569973015779,0.0,0.0914357924300433,0.1666666666666667,0.008140011282248108,0.17477430753015724,0.006442265870560469,-0.008980363797906614
1770271249.2596188,1.28955103375554,0.0,0.020000000000037387,1.2515569973015779,0.0,0.0914357924300433,0.15625000000000003,0.008733016487991529,0.17007049860214224,0.006557049915164737,-0.014919960293016035
1770271249.6859906,1.289765479423999,0.0,0.020000000000037387,1.2515569973015779,0.0,0.0914357924300433,0.15625000000000003,0.00900505976525961,0.1553694652699354,0.008023121568669299,-0.001518110993710248
1770271250.1114373,1.2899527403193705,0.0,0.020000000000037387,1.2515569973015779,0.0,0.0914357924300433,0.15625000000000003,0.008949374371178242,0.14863584653349146,0.008974266219567375,-0.00772171385579294
1770271250.5355363,1.2901267826825373,0.0,0.020000000000037387,1.2515569973015779,0.0,0.0914357924300433,0.1666666666666667,0.010102562472263172,0.18007081094814514,0.007764739705177128,-0.014694008316460477
1770271250.95799,1.2903534292101853,0.0,0.020000000000037387,1.2515569973015779,0.0,0.0914357924300433,0.1666666666666667,0.010102562472263172,-0.002182957232085257,0.005446020820348569,-0.17140976661319213
1770271251.3701665,1.2903534292101853,0.0,0.020000000000030656,1.2515569973015779,0.0,0.0914357924300433,0.1666666666666667,0.010102562472263172,-0.005940551725633831,0.004159949213638755,-0.17570713218228373
1770271251.7827072,1.2903534292101853,0.0,0.02000000000002514,1.2515569973015779,0.0,0.0914357924300433,0.1666666666666667,0.010102562472263172,-0.004687892033202836,0.0031210534037248937,-0.17494920281513007
1770271252.2099113,1.2903534292101853,0.0,0.020000000000020616,1.2515569973015779,0.0,0.0914357924300433,0.1666666666666667,0.010102562472263172,-0.003350942206519616,0.0024063081385427678,-0.17393721056656472
1770271252.6268284,1.2903534292101853,0.0,0.020000000000016904,1.2515569973015779,0.0,0.0914357924300433,0.1666666666666667,0.010102562472263172,-0.0028811676634811685,0.001693443135796458,-0.17382368049865587
1770271253.0387678,1.2903534292101853,0.0,0.02000000000001386,1.2515569973015779,0.0,0.0914357924300433,0.1666666666666667,0.010102562472263172,-0.002188520823512706,0.00134367247203439,-0.17326960955667
1770271253.4646783,1.2903534292101853,0.0,0.020000000000011366,1.2515569973015779,0.0,0.0914357924300433,0.1666666666666667,0.010102562472263172,-0.0015077238346699509,0.0009547412754150914,-0.17278719421942265
1770271253.893432,1.2903534292101853,0.0,0.02000000000000932,1.2515569973015779,0.0,0.0914357924300433,0.1666666666666667,0.11100496289624047,-0.0011391815613119734,0.0006374164106440112,-0.22302135395725406
1770271254.337118,1.2903534292101853,0.0,0.020000000000007644,1.2515569973015779,0.0,0.0914357924300433,0.15625000000000003,0.11125255686240336,0.1657798248340448,0.008607488529599371,-0.0616493662123423
1770271254.7803118,1.2906911648476116,0.0,0.020000000000006266,1.2515569973015779,0.0,0.0914357924300433,0.15625000000000003,0.11226085600940133,0.15757678183677315,0.03361838036224887,-0.0431491088436143
1770271255.1954763,1.2909756397318832,0.0,0.02000000000000514,1.2515569973015779,0.0,0.0914357924300433,0.25,0.09945631411398528,0.1473317073121491,0.05040079381825191,-0.1288742941813179
1770271255.6291282,1.291157340230941,0.0,0.020000000000004212,1.2515569973015779,0.0,0.0914357924300433,0.25,0.10107142496358378,0.24948171666427107,0.06385501406892793,-0.02047191080812445
1770271256.0512698,1.2914883957839005,0.0,0.020000000000003453,1.2515569973015779,0.0,0.0914357924300433,0.25,0.09731814653705782,0.25419702942143324,0.06580826265202322,-0.02014729622226007
1770271256.4970295,1.291819180004596,0.0,0.02000000000000283,1.2515569973015779,0.0,0.0914357924300433,0.25,0.10079803383493494,0.2552570381578764,0.0722640846682587,-0.02016959494283809
1770271256.9153762,1.2921455291497699,0.0,0.02000000000000232,1.2515569973015779,0.0,0.0914357924300433,0.25,0.10740242373356235,0.25188079052815726,0.0785679075771227,-0.016928430897263484
1770271257.332541,1.2924644296610346,0.0,0.020000000000001905,1.2515569973015779,0.0,0.0914357924300433,0.25,0.10832110316515858,0.25462622986514505,0.08164347357453924,-0.01827260126019637
1770271257.749902,1.292783916771411,0.0,0.02000000000000156,1.2515569973015779,0.0,0.0914357924300433,0.25,0.10679369033348858,0.24945653090970835,0.09251023291360817,-0.008771873734138751
1770271258.1704798,1.2930751819145672,0.0,0.02000000000000156,1.2515569973015779,0.0,0.0914357924300433,0.25,0.16967485926319328,0.24937722414861657,0.09746135053580555,-0.03722464197729703
1770271258.6005926,1.2934367331862442,0.0,0.02000000000000128,1.2515569973015779,0.0,0.09136069469749936,0.23958333333333343,0.10873795876139473,0.2471083241642823,0.10836968239733397,-0.0087999621991321
1770271259.021474,1.293704852061867,0.0,0.02000000000000128,1.2515569973015779,0.0,0.09136069469749936,0.22916666666666674,0.10697173010800651,0.2293324095156508,0.1046279727244194,-0.001711792508069057
1770271259.4443614,1.2939520386350147,0.0,0.02000000000000128,1.2515569973015779,0.0,0.09136069469749936,0.21875000000000006,0.09082237284488558,0.21479601493227365,0.10468362893678695,-0.010890178734913845
1770271259.8664207,1.2941582388120882,0.0,0.02000000000000128,1.2515569973015779,0.0,0.09136069469749936,0.19791666666666674,0.08458122855587379,0.2067866285507102,0.10029595540900717,-0.01716609266338813
1770271260.2929611,1.2943591443085662,0.0,0.02000000000000128,1.2515569973015779,0.0,0.09136069469749936,0.18750000000000006,0.08429145185629741,0.1860780908454865,0.09607929046775532,-0.007737494954367706
1770271260.7095425,1.29453640887916,0.0,0.02000000000000128,1.2515569973015779,0.0,0.09136069469749936,0.1666666666666667,0.07975367357855126,0.1739124713408628,0.09710719280060255,-0.01602535451850645
1770271261.1259916,1.2946942936313144,0.0,0.02000000000000128,1.2515569973015779,0.0,0.09136069469749936,0.15625000000000003,0.07888058824404448,0.16182732250845347,0.0950845528307947,-0.013881568798809337
1770271261.5395856,1.294838435162901,0.0,0.02000000000000128,1.2515569973015779,0.0,0.09136069469749936,0.14583333333333334,0.07718272429579617,0.1522337872629305,0.08974658409409357,-0.013216180702415961
1770271261.9500759,1.294977586015462,0.0,0.02000000000000128,1.2515569973015779,0.0,0.09136069469749936,0.15625000000000003,0.0762169068810385,0.15441832866581584,0.08574408497496643,-0.006995510293060868
1770271262.3656292,1.295121442793011,0.0,0.02000000000000128,1.2515569973015779,0.0,0.09136069469749936,0.15625000000000003,0.07724540847318409,0.15569747756521551,0.08079390126736212,-0.0028217872026339587
1770271262.784014,1.295277302080392,0.0,0.02000000000000128,1.2515569973015779,0.0,0.09136069469749936,0.25,0.07942409442957113,0.22655054001857372,0.08681155558980069,-0.027744955993784917
1770271263.2106967,1.2955046544098845,0.0,0.02000000000000128,1.2515569973015779,0.0,0.09136069469749936,0.25,0.07889726720775503,0.14077840712979414,0.07819987223348764,-0.11043145869297087
1770271263.637801,1.2955046544098845,0.0,0.02000000000000105,1.2515569973015779,0.0,0.09136069469749936,0.25,0.07477542108472918,0.2423934735933731,0.08255935309983653,-0.011934440500815467
1770271264.0678964,1.2957594302719821,0.0,0.02000000000000105,1.2515569973015779,0.0,0.09136069469749936,0.25,0.07424883808347871,0.25192707168435363,0.07718286964311265,-0.00393173580984299
1770271264.4827552,1.2960382559090842,0.0,0.02000000000000105,1.2515569973015779,0.0,0.09136069469749936,0.25,0.07202196868997476,0.25030908967258453,0.07779975930463504,-0.003259673946066903
1770271264.904329,1.296310496250986,0.0,0.02000000000000105,1.2515569973015779,0.0,0.09136069469749936,0.25,0.044883873156467566,0.24576984627380954,0.07263243611670885,-0.018621167525103715
1770271265.332475,1.296548288950323,0.0,0.02000000000000105,1.2515569973015779,0.0,0.09136069469749936,0.25,0.04633889064642608,0.24865534350311705,0.06566794263850712,-0.011705631840743642
1770271265.750388,1.2968044964039316,0.0,0.02000000000000105,1.2515569973015779,0.0,0.09136069469749936,0.25,0.04797924650859269,0.25174161676781615,0.06166794623740143,-0.008985966272331085
1770271266.1643918,1.2970746705329408,0.0,0.02000000000000105,1.2515569973015779,0.0,0.09136069469749936,0.25,0.049636460254009133,0.24723691820428442,0.06130122858991764,-0.008632137728418211
1770271266.573258,1.2973401404589404,0.0,0.02000000000000105,1.2515569973015779,0.0,0.09136069469749936,0.25,0.054856640011487955,0.2480291661429602,0.055097644177077236,-0.0027116943811184868
1770271266.9863617,1.2976240636986485,0.0,0.02000000000000086,1.2515569973015779,0.0,0.09136069469749936,0.25,0.060842382288173465,0.24821495199014054,0.058946310039785677,-0.003117950720324196
1770271267.416933,1.2979096709364644,0.0,0.020000000000000705,1.2515569973015779,0.0,0.09136069469749936,0.25,0.0692243339088211,0.2512905079750544,0.061034732909064957,-0.005594150761860423
1770271267.8366027,1.2982077207380525,0.0,0.020000000000000576,1.2515569973015779,0.0,0.09136069469749936,0.23958333333333343,0.08291374637655827,0.2444073492307593,0.06591940481075206,-0.013809653870497682
1770271268.2523859,1.2985084682518235,0.0,0.020000000000000472,1.2515569973015779,0.0,0.09136069469749936,0.22916666666666674,0.10786328926341864,0.22003405511021337,0.06851668634188211,-0.029065641170334635
1770271268.6672213,1.2987769439664953,0.0,0.02000000000000039,1.2515569973015779,0.0,0.09136069469749936,0.0,0.5,0.19556423144417967,0.09977058074550886,-0.3988043305117879
1770271269.0863264,1.2987769439664953,0.0,0.02000000000000039,1.2515569973015779,0.0,0.09124955453455456,0.0,0.5,0.0017488776270921992,0.16396318375485985,-0.17618654605059736
1770271269.5165691,1.2987769439664953,0.0,0.02000000000000039,1.251743825132846,0.0,0.09114010511815557,0.18750000000000006,0.12490286314239571,0.08954051173160858,0.18826998780865792,-0.1320737310069024
1770271269.978556,1.2987769439664953,0.0,0.02000000000000039,1.251743825132846,0.0,0.09114010511815557,0.0,0.5,0.027765491054396275,0.18754314786829918,-0.18406660111428255
1770271270.3987145,1.2987769439664953,0.0,0.02000000000000039,1.251743825132846,0.0,0.0910339281040431,0.18750000000000006,0.1437901868892663,-0.0062607349104238895,0.24280525949621573,-0.2487944823766903
1770271270.8306963,1.2984647059980505,0.0,0.02000000000000039,1.2520427739572517,0.0,0.0910339281040431,0.0,0.5,0.14902337908530752,0.24180749843933178,-0.27821940597133005
1770271271.2491655,1.2984647059980505,0.0,0.02000000000000039,1.2520427739572517,0.0,0.09093755150616177,0.0,0.5,0.0062466280305778004,0.2711529834865443,-0.1236046847920269
1770271271.6685982,1.2984647059980505,0.0,0.02000000000000039,1.2520427739572517,0.0,0.09084268829643734,0.0,0.5,-0.004680776562720424,0.31498533576042176,-0.10157134390989729
1770271272.0878472,1.2984647059980505,0.0,0.02000000000000039,1.2520427739572517,0.0,0.09075434957623489,0.25,0.14648563378978355,-0.004245971703528187,0.3604459662543311,-0.3657722009851929
1770271272.5062397,1.297955460818159,0.0,0.02000000000000039,1.2523726504969588,0.0,0.09075434957623489,0.0,0.5,0.15642157327470024,0.3569062116217437,-0.22832244292708714
1770271272.9199314,1.297955460818159,0.0,0.02000000000000039,1.2523726504969588,0.0,0.0906740685766936,0.0,0.5,0.006065535396903049,0.3713179472374251,-0.07184773533975863
1770271273.3370273,1.297955460818159,0.0,0.02000000000000039,1.2523726504969588,0.0,0.09059451785147198,0.25,0.08783524126739634,-0.0069752966236895165,0.3846099151652736,-0.406691830365413
1770271273.7519114,1.297415460818159,0.0,0.02000000000000039,1.2523726504969588,0.0,0.09059451785147198,0.0,0.5,0.07269059341533247,0.3575578662876327,-0.14661686515928024
1770271274.186145,1.297415460818159,0.0,0.02000000000000039,1.2523726504969588,0.0,0.09051301930069931,0.0,0.5,-0.0025678084732033406,0.37479996961963374,-0.06689203399658658
1770271274.6110497,1.297415460818159,0.0,0.02000000000000039,1.2523726504969588,0.0,0.09043405894577511,0.0,0.5,0.003010010302893802,0.3950826725192369,-0.05749694433323567
1770271275.0237708,1.297415460818159,0.0,0.02000000000000039,1.2523726504969588,0.0,0.0903583544385434,0.0,0.5,-0.0017819801032211496,0.41070733186724384,-0.04799078010439992
1770271275.4405432,1.297415460818159,0.0,0.02000000000000039,1.2523726504969588,0.0,0.09028523639082917,0.0,0.5,-0.0018309944158001943,0.4190819661383415,-0.04312747477373922
1770271275.8737037,1.297415460818159,0.0,0.02000000000000039,1.2523726504969588,0.0,0.09021350211620338,0.0,0.5,-0.0013933797312968496,0.43427812654870535,-0.03577393249798056
1770271276.2903314,1.297415460818159,0.0,0.02000000000000039,1.2523726504969588,0.0,0.09014429224550731,0.0,0.5,-0.0023696733978078068,0.4435484591887882,-0.031522477067421985
1770271276.7267432,1.297415460818159,0.0,0.02000000000000039,1.2523726504969588,0.0,0.09007664274454123,0.0,0.5,-0.0017607378427234694,0.4486067090080717,-0.027963208320615968
1770271277.1569948,1.297415460818159,0.0,0.02000000000000039,1.2523726504969588,0.0,0.09000983827888973,0.25,0.12846909664375106,-0.0008062806927987687,0.45289231233357724,-0.4134464488702624
1770271277.5691175,1.296875460818159,0.0,0.020064081095457466,1.2526612968707076,0.0,0.09000983827888973,0.0,0.5,0.1682626502274589,0.4230092547808592,-0.2097463285923011
1770271277.9842799,1.296875460818159,0.0,0.020064081095457466,1.2526612968707076,0.0,0.0899395671600104,0.0,0.5,0.00505684086844572,0.4272520660849917,-0.041855088956363105
1770271278.3983927,1.296875460818159,0.0,0.020064081095457466,1.2526612968707076,0.0,0.08986914151906975,0.0,0.5,0.033106878533286935,0.3910724540445312,-0.09118861271506737
1770271278.8187492,1.296875460818159,0.0,0.020064081095457466,1.2526612968707076,0.0,0.08979271903812892,0.0,-0.5,0.06840409675036727,0.3767498693400486,-0.5082112898908399
1770271279.25517,1.296875460818159,0.0,0.020064081095457466,1.2526612968707076,0.0,0.08993589367091663,0.0,0.5,0.011165340968973678,0.22203436812945138,-0.1656197070253077
1770271279.6651788,1.296875460818159,0.0,0.020064081095457466,1.2526612968707076,0.0,0.08983413647592076,0.0,0.5,0.009663722311657267,0.21318580020825198,-0.15395567899965124
1770271280.1074288,1.296875460818159,0.0,0.020064081095457466,1.2526612968707076,0.0,0.08973116873562344,0.0,0.5,-0.005922335259447893,0.27891897825374695,-0.12303616393712391
1770271280.5304027,1.296875460818159,0.0,0.020064081095457466,1.2526612968707076,0.0,0.0896374208742381,0.0,0.5,-0.01183111680158883,0.3227247107815227,-0.10484933466360505
1770271280.945604,1.296875460818159,0.0,0.020064081095457466,1.2526612968707076,0.0,0.0895502876728774,0.0,0.5,-0.010023038905981453,0.3476292607112326,-0.08869886354333613
1770271281.373393,1.296875460818159,0.0,0.020064081095457466,1.2526612968707076,0.0,0.08946703302085408,0.0,0.5,-0.0036825233940608808,0.3612561506060436,-0.07441713708052017
1770271281.7840734,1.296875460818159,0.0,0.020064081095457466,1.2526612968707076,0.0,0.08938591092884549,0.0,0.5,-0.000784527997198726,0.28080443296223445,-0.1184274832804624
1770271282.204897,1.296875460818159,0.0,0.020064081095457466,1.2526612968707076,0.0,0.0892924440127612,0.0,0.5,-0.000253623581604286,0.22466640481665243,-0.14353422398783625
1770271282.618916,1.296875460818159,0.0,0.020064081095457466,1.2526612968707076,0.0,0.0891909832125903,0.0,0.5,-0.00022730101417096205,0.17323838844515477,-0.16875090842874335
1770271283.04216,1.296875460818159,0.0,0.020064081095457466,1.2528489896178236,0.0,0.08908269630849369,0.0,0.5,-0.0001761778583325016,0.13738238674106665,-0.185070584658208
1770271283.4562886,1.296875460818159,0.0,0.020064081095457466,1.2530428963565818,0.0,0.08896994937360295,0.0,0.5,-0.00012431382114393982,0.106812909754119,-0.19977480664277922
1770271283.880194,1.296875460818159,0.0,0.020064081095457466,1.2532417134904854,0.0,0.08885360037148007,0.0,0.5,-0.000529281187938536,0.08462910686261559,-0.21043310804578108
1770271284.2983367,1.296875460818159,0.0,0.020064081095457466,1.2534444197201722,0.0,0.08873474944770345,0.0,0.5,-6.698119089320878e-05,0.06589279448650777,-0.2189942151852501
1770271284.7255251,1.296875460818159,0.0,0.020064081095457466,1.253649267125129,0.0,0.0886138717395068,0.0,0.5,-5.803720676804024e-05,0.051238773917528735,-0.22590405230490157
1770271285.1647482,1.296875460818159,0.0,0.020064081095457466,1.2538561308860772,0.0,0.08849145413219936,0.0,0.5,-3.927449105947164e-05,0.03989633574009574,-0.2312253504387549
1770271285.583706,1.296875460818159,0.0,0.020064081095457466,1.2540644836163513,0.0,0.08836787446320064,0.0,0.5,-2.800469037190795e-05,0.030972059436120802,-0.23543440260270898
1770271286.003879,1.296875460818159,0.0,0.020064081095457466,1.2542739770364753,0.0,0.08824339865744121,0.0,0.5,-2.4753134213460527e-05,0.024783640122076667,-0.23825177500457953
1770271286.4172757,1.296875460818159,0.0,0.020064081095457466,1.2544842488121977,0.0,0.0881183107179404,0.0,-0.5,0.002348237410974921,0.011596927205434758,-0.25946537230535643
1770271286.8293965,1.296875460818159,0.0,0.020064081095457466,1.2544842488121977,0.0,0.08823575869619854,0.0,-0.5,-0.004442573380409696,-0.07896225213259009,-0.22401736524791713
1770271287.2409472,1.296875460818159,0.0,0.020064081095457466,1.2544842488121977,0.0,0.0883432862883807,0.0,-0.5,0.0029081591822063056,-0.155201204968868,-0.18293145198140007
1770271287.6598668,1.296875460818159,0.0,0.020064081095457466,1.2544842488121977,0.0,0.08844151755869396,0.25,-0.11971605875098759,0.14267864324806145,-0.15431837561382047,-0.12471079811885974
1770271288.0766582,1.297099244516837,0.0,0.020052546498275124,1.2544842488121977,0.0,0.08844151755869396,0.25,-0.11425830650904809,0.2572408431923616,-0.15000482788667982,-0.025545458653891556
1770271288.4917586,1.2975142674920435,0.0,0.0200430881285856,1.2544842488121977,0.0,0.08844151755869396,0.25,-0.10660742809939577,0.25379494704117916,-0.14624890762661627,-0.023991278830795767
1770271288.9195602,1.297927547696578,0.0,0.020035332265440194,1.2544842488121977,0.0,0.08844151755869396,0.25,-0.10408988708073809,0.2550781325641359,-0.1344096729201088,-0.021421948954472022
1770271289.3449416,1.2983005891111938,0.0,0.02002897245766096,1.2544842488121977,0.0,0.08844151755869396,0.25,-0.09889548243226895,0.25116581486904116,-0.12697387223320708,-0.015948589838200397
1770271289.770436,1.298606483071179,0.0,0.02002375741528199,1.2544842488121977,0.0,0.08844151755869396,0.25,-0.08798401499691154,0.2517293948142366,-0.11912638704987652,-0.018085329359052164
1770271290.1924102,1.2988573161183667,0.0,0.02001948108053123,1.2544842488121977,0.0,0.08844151755869396,0.25,-0.08453034948006412,0.2505487590354067,-0.11091892789613783,-0.014563794158817412
1770271290.6178107,1.2990629992170608,0.0,0.02001597448603561,1.2544842488121977,0.0,0.08844151755869396,0.25,-0.0709567808817316,0.2508953927809578,-0.10248601935076244,-0.017503302870010753
1770271291.035047,1.2992316593579898,0.0,0.0200130990785492,1.2544842488121977,0.0,0.08844151755869396,0.23958333333333343,-0.06459980331701738,0.24810918420708233,-0.09608204935478643,-0.02490737089223103
1770271291.4537401,1.2993699606735516,0.0,0.020010741244410345,1.2544842488121977,0.0,0.08844151755869396,0.22916666666666674,-0.06217647796316344,0.22912731134908143,-0.090819800727395,-0.014887241562440232
1770271291.8766956,1.2994833677523123,0.0,0.02000880782041648,1.2544842488121977,0.0,0.08844151755869396,0.22916666666666674,-0.05785340271998603,0.22692846237427136,-0.08369534916279092,-0.015871622670258233
1770271292.2956977,1.299576361556896,0.0,0.020007222412741516,1.2544842488121977,0.0,0.08844151755869396,0.22916666666666674,-0.05724095551699983,0.22430879825509514,-0.07894836710956761,-0.01618627241317782
1770271292.7125316,1.2996526164766549,0.0,0.020005922378448043,1.2544842488121977,0.0,0.08844151755869396,0.2083333333333334,-0.058460457833798815,0.23309557181039522,-0.07199909280495148,-0.032226483393099775
1770271293.1275046,1.299715145510857,0.0,0.020004856350327394,1.2544842488121977,0.0,0.08844151755869396,0.25,-0.058816416370801226,0.24154437745510765,-0.0689716346135381,-0.013835977485402124
1770271293.5862396,1.299766419318903,0.0,0.020003982207268463,1.2544842488121977,0.0,0.08844151755869396,0.25,-0.06160230854616434,0.24915738642105384,-0.06488434214881311,-0.002892359626743047
1770271294.0104795,1.2998084638415004,0.0,0.020003265409960138,1.2544842488121977,0.0,0.08844151755869396,0.25,-0.06344093665852521,0.2378770699331671,-0.06576803362698604,-0.01337484769888061
1770271294.4236853,1.2998429403500302,0.0,0.020002677636167313,1.2544842488121977,0.0,0.08844151755869396,0.23958333333333343,-0.07620933945902544,0.24997664550244597,-0.06299823763685639,-0.01727584267921004
1770271294.8513408,1.2998712110870247,0.0,0.020002195661657198,1.2544842488121977,0.0,0.08844151755869396,0.22916666666666674,-0.08213818282993207,0.22912501471128066,-0.06361647563252329,-0.00936432935365716
1770271295.271802,1.2998943930913602,0.0,0.020001800442558903,1.2544842488121977,0.0,0.08844151755869396,0.23958333333333343,-0.09535921683129937,0.23582411692200375,-0.06854919651826259,-0.017657498656421994
1770271295.6919131,1.2999134023349155,0.0,0.0200014763628983,1.2544842488121977,0.0,0.08844151755869396,0.22916666666666674,-0.09858379026840466,0.2183509376321274,-0.07312992698317487,-0.024000733723645463
1770271296.1199918,1.2999289899146307,0.0,0.020001210617576606,1.2544842488121977,0.0,0.08844151755869396,0.21875000000000006,-0.11402634870042688,0.21218948027962137,-0.07577407984789301,-0.025951069433117438
1770271296.5377986,1.2999417717299973,0.0,0.020000992706412816,1.2544842488121977,0.0,0.08844151755869396,0.21875000000000006,-0.13959358532812427,0.22757665242367595,-0.07986456351575177,-0.03910021169664801
1770271296.9543085,1.2999522528185978,0.0,0.02000081401925851,1.2544842488121977,0.0,0.08844151755869396,0.0,-0.5,0.05810570871923936,-0.12534653436727367,-0.24998063862075473
1770271297.3642936,1.2999522528185978,0.0,0.02000081401925851,1.2544842488121977,0.0,0.08854444858491428,0.2083333333333334,-0.12727420394593336,0.011671097347661436,-0.16411942493532955,-0.21896213553717564
1770271297.7905464,1.2999522528185978,0.0,0.020000667495791977,1.2547890835618962,0.0,0.08854444858491428,0.0,-0.5,0.20323957004218987,-0.17299634358896318,-0.3676290901130716
1770271298.2155588,1.2999522528185978,0.0,0.020000667495791977,1.2544957814955702,0.0,0.08863973422110089,0.0,-0.5,-0.00025208514392811507,-0.2186786163832476,-0.14548100423173274
1770271298.6443336,1.2999522528185978,0.0,0.020000667495791977,1.2544957814955702,0.0,0.08872919214665898,0.18750000000000006,-0.12091899807485267,0.029530914229075937,-0.24164720580449323,-0.22063004857786894
1770271299.0563338,1.2999608473112503,0.0,0.02000054734654942,1.2547648283457746,0.0,0.08872919214665898,0.0,-0.5,0.13493808569001928,-0.2590070550638284,-0.25717054308403864
1770271299.484399,1.2999608473112503,0.0,0.02000054734654942,1.2545748413872708,0.0,0.08881279074907311,0.0,-0.5,0.010861867669614663,-0.2913383852805474,-0.11842580805101287
1770271299.924063,1.2999608473112503,0.0,0.02000054734654942,1.2545748413872708,0.0,0.08889155763626107,0.19791666666666674,-0.11721426170487084,0.058192215737051245,-0.29457933368600897,-0.22873108176073073
1770271300.3409498,1.2999678947952253,0.0,0.020000448824170527,1.2545748413872708,0.0,0.08889155763626107,0.0,-0.5,0.12472458235664691,-0.3075805441887931,-0.22223443131252876
1770271300.758973,1.2999678947952253,0.0,0.020000448824170527,1.2545748413872708,0.0,0.08896750334382066,0.0,-0.5,0.014403323942262517,-0.33665560273591766,-0.09898302842901614
1770271301.1746712,1.2999678947952253,0.0,0.020000448824170527,1.2545748413872708,0.0,0.08903912813603887,0.0,-0.5,0.0030335653063902034,-0.35778954451312794,-0.07625218722754726
1770271301.5863743,1.2999678947952253,0.0,0.020000448824170527,1.2545748413872708,0.0,0.0891072785180808,0.0,-0.5,-0.005212306541774168,-0.3781800083067115,-0.06816134876777677
1770271302.0214689,1.2999678947952253,0.0,0.020000448824170527,1.2545748413872708,0.0,0.08917206252932558,0.2083333333333334,-0.1320188894881615,-0.0022891083871601522,-0.38506545442201345,-0.3378342687989497
1770271302.446404,1.2999736737320848,0.0,0.020000368035819834,1.2549083339095106,0.0,0.08911066083729277,0.0,-0.5,0.16581200513486052,-0.335431964626426,-0.2530593718012063
1770271302.874286,1.2999736737320848,0.0,0.020000368035819834,1.2546945361876478,0.0,0.08918131020128736,0.0,-0.5,-0.0027858897729419797,-0.33776938066442935,-0.08413494104452764
1770271303.2897453,1.2999736737320848,0.0,0.020000368035819834,1.2546945361876478,0.0,0.08925265443980702,0.0,-0.5,-0.00293346562361237,-0.3546630802084785,-0.07729129547377804
1770271303.7090862,1.2999736737320848,0.0,0.020000368035819834,1.2546945361876478,0.0,0.08932128068864355,0.2083333333333334,-0.02838132759387682,-0.002894075668925013,-0.3583646781252624,-0.3765892440596296
1770271304.132303,1.2999784124603095,0.0,0.020000301789372264,1.2546945361876478,0.0,0.08932128068864355,0.0,-0.5,0.015944740046128465,-0.3431155299084555,-0.09591188991358139
1770271304.5502734,1.2999784124603095,0.0,0.020000301789372264,1.2546945361876478,0.0,0.08939186824917802,0.0,-0.5,-0.009699834846985278,-0.356753074290952,-0.08268705213975894
1770271304.9794745,1.2999784124603095,0.0,0.020000301789372264,1.2546945361876478,0.0,0.08946011458992967,0.0,-0.5,-0.000145605017188562,-0.3511309622852004,-0.07514233507516352
1770271305.435094,1.2999784124603095,0.0,0.020000301789372264,1.2546945361876478,0.0,0.08952932800114163,0.0,-0.5,-0.0005666471467105463,-0.27668535560553,-0.1196685300119126
1770271305.855101,1.2999784124603095,0.0,0.020000301789372264,1.2546945361876478,0.0,0.0896102264022828,0.0,-0.5,-0.0007591450580120722,-0.21160897241158647,-0.1514622971716132
1770271306.2716982,1.2999784124603095,0.0,0.020000301789372264,1.2546945361876478,0.0,0.0897006811761857,0.0,-0.5,-0.0005580097941214758,-0.1685277302046988,-0.17060226891246086
1770271306.6818743,1.2999784124603095,0.0,0.020000301789372264,1.2546945361876478,0.0,0.0897970751440526,0.0,-0.5,-0.00040804778185374985,-0.13107520791777447,-0.18861569605165893
1770271307.1233652,1.2999784124603095,0.0,0.020000301789372264,1.2546945361876478,0.0,0.08989835639715203,0.0,-0.5,-0.00036410840242767964,-0.10200787015527825,-0.20226690710103817
1770271307.5823123,1.2999784124603095,0.0,0.020000301789372264,1.2546945361876478,0.0,0.09000324455618866,0.0,-0.5,-0.00023978843666794126,-0.07777818907919958,-0.213773662004676
1770271308.0030954,1.2999784124603095,0.0,0.020000301789372264,1.2546945361876478,0.0,0.09011101490974434,0.0,-0.5,-0.00018602988105665238,-0.06180725298944004,-0.2208794969953126
1770271308.4337184,1.2999784124603095,0.0,0.020000301789372264,1.2546945361876478,0.0,0.09022062068820007,0.0,-0.5,-0.00015997288854712187,-0.04826344303945683,-0.22738263236381703
1770271308.86078,1.2999784124603095,0.0,0.020000301789372264,1.2546945361876478,0.0,0.09033174249410636,0.0,-0.5,-0.0001143116358558715,-0.03754115798270785,-0.23241596115017685
1770271309.2765677,1.2999784124603095,0.0,0.020000301789372264,1.2546945361876478,0.0,0.09044403904318817,0.0,-0.5,-8.195188385438064e-05,-0.029324922763448922,-0.2362411140240558
1770271309.6907594,1.2999784124603095,0.0,0.020000301789372264,1.2546945361876478,0.0,0.0905572200989724,0.0,-0.5,-6.091575571455617e-05,-0.0233495579108766,-0.2389836732855335
1770271310.1106977,1.2999784124603095,0.0,0.020000301789372264,1.2546945361876478,0.0,0.0906710358405114,0.0,-0.5,-4.7105623406139865e-05,-0.018617528157020603,-0.24121154452028146
1770271310.5358722,1.2999784124603095,0.0,0.020000301789372264,1.2546945361876478,0.0,0.09078534901380546,0.0,-0.5,-4.234130075406248e-05,-0.014578112916261994,-0.24315722636669893
1770271310.9472125,1.2999784124603095,0.0,0.020000301789372264,1.2546945361876478,0.0,0.0909000830686093,0.25,0.04130175620188669,-2.8573660784926358e-05,-0.01095373130345684,-0.2765187555747372
1770271311.3700624,1.2999784124603095,0.0,0.020000247467285258,1.2546945361876478,0.0,0.0909000830686093,0.25,0.042850139292471015,0.23396842463309644,-0.00947265985380828,-0.04234108208500806
1770271311.7872338,1.2999822982174538,0.0,0.02000020292317391,1.2546945361876478,0.0,0.0909000830686093,0.25,0.05004588421663692,0.2530997910302631,-0.000968630091002903,-0.02945745116036354
1770271312.2235177,1.299985484538312,0.0,0.020000166397002608,1.2546945361876478,0.0,0.0909000830686093,0.22916666666666674,0.06967815797890498,0.24411888481194707,0.011552550941231995,-0.04526713976734031
1770271312.6363664,1.299988097321416,0.0,0.02000013644554214,1.2546945361876478,0.0,0.0909000830686093,0.25,0.09668493022351693,0.22520563175144784,0.022915161289052084,-0.0628155137505666
1770271313.0561438,1.299990239803561,0.0,0.020000111885344556,1.2546945361876478,0.0,0.0909000830686093,0.25,0.10516515279254375,0.23574395789832805,0.036711773848890066,-0.04986239282948259
1770271313.4700556,1.29999199663892,0.0,0.020000091745982537,1.2546945361876478,0.0,0.0909000830686093,0.0,0.5,0.12947035823350225,0.08846499657504801,-0.340413182218594
1770271313.8843684,1.29999199663892,0.0,0.020000091745982537,1.2546945361876478,0.0,0.09078489649295814,0.14583333333333334,0.11985832043011166,-0.014624083605108308,0.14159294830730812,-0.17663752605026586
1770271314.300019,1.2998168127007743,0.0,0.020000091745982537,1.2546945361876478,0.0,0.09078489649295814,0.15625000000000003,0.10643022649714422,0.15561878584137281,0.14150538178733385,-0.018177548455719457
1770271314.720721,1.2998168127007743,0.0,0.020000091745982537,1.2546945361876478,0.0,0.09078489649295814,0.13541666666666669,0.11259064458793742,0.14579145658134335,0.13080226810660636,-0.020550913042083882
1770271315.1295877,1.2998168127007743,0.0,0.020000091745982537,1.2546945361876478,0.0,0.09078489649295814,0.125,0.09400320443236153,0.00854606477391762,0.16600568025500398,-0.15597551435224338
1770271315.5506992,1.299612306354787,0.0,0.020000091745982537,1.2546945361876478,0.0,0.09078489649295814,0.0,0.5,0.11195194596234072,0.15330605182373755,-0.28656888289359855
1770271315.9617703,1.299612306354787,0.0,0.020000091745982537,1.2546945361876478,0.0,0.09067633822441108,0.11458333333333333,0.09422500706233258,0.016379162596228545,0.16464838812764632,-0.13455009490015252
1770271316.3836083,1.2994278121794722,0.0,0.020000091745982537,1.2546945361876478,0.0,0.09067633822441108,0.10416666666666666,0.07999070140690119,0.09436415770510967,0.15894358022936364,-0.04984942916261648
1770271316.798285,1.2994278121794722,0.0,0.020000091745982537,1.2546945361876478,0.0,0.09067633822441108,0.10416666666666666,0.08513652728495422,0.10525045239572894,0.14376754593296331,-0.03191689848270687
1770271317.2163563,1.2994278121794722,0.0,0.020000091745982537,1.2546945361876478,0.0,0.09067633822441108,0.09375,0.0912969769469657,0.09273274732882283,0.12954055714745394,-0.02156174164997222
1770271317.6454556,1.2994278121794722,0.0,0.020000091745982537,1.2546945361876478,0.0,0.09067633822441108,0.0,0.5,0.030108989485729945,0.053277785496970376,-0.2610963739022931
1770271318.0602894,1.2994278121794722,0.0,0.020000091745982537,1.2546945361876478,0.0,0.09055461890339858,0.09375,0.09688813005370098,0.01141252242199121,-0.02532599701008552,-0.15130491936060764
1770271318.4792466,1.2995308059871673,0.0,0.02000007523170568,1.2546945361876478,0.0,0.09055461890339858,0.0,0.5,0.009488250265730434,-0.02446091879870762,-0.271805217486222
1770271318.899202,1.2995308059871673,0.0,0.02000007523170568,1.2548994251990309,0.0,0.09042509348511703,0.019999999999999993,-1.0,0.013321622831991916,0.0013470620112008094,-0.5099327062545994
1770271319.321748,1.2995308059871673,0.0,0.02000007523170568,1.2548994251990309,0.0,0.0905988798689843,0.0,0.5,-0.010167494411071079,-0.07082266713208892,-0.30279580089144453
1770271319.7539208,1.2995308059871673,0.0,0.02000007523170568,1.2551313456630697,0.0,0.09046512802958495,0.0,0.5,0.01093489257653208,-0.003301978663285297,-0.26933795075505507
1770271320.1635723,1.2995308059871673,0.0,0.02000007523170568,1.2553320459866515,0.0,0.09033753737449653,0.019999999999999993,-1.0,0.013879882060576476,0.023522763355006186,-0.5205639738187556
1770271320.5795777,1.2995308059871673,0.0,0.02000007523170568,1.2553320459866515,0.0,0.09051192377924926,0.0,0.5,0.009548000171170138,-0.02064866199516328,-0.2742894737037687
1770271320.9968553,1.2995308059871673,0.0,0.02000007523170568,1.2555364308071129,0.0,0.09038273700594908,0.019999999999999993,-1.0,-0.003071460951128433,0.03133787643299957,-0.5439390530104445
1770271321.4281588,1.2995308059871673,0.0,0.02000007523170568,1.2555364308071129,0.0,0.09055666352987296,0.0,0.5,0.007843374851006784,-0.012887330937365774,-0.2687095610567262
1770271321.8711815,1.2995308059871673,0.0,0.02000007523170568,1.2557419149684899,0.0,0.09042814311385161,0.019999999999999993,-1.0,0.02546420642273708,0.019407313310696315,-0.5183973275028914
1770271322.324381,1.2995308059871673,0.0,0.02000007523170568,1.2557419149684899,0.0,0.09060284785389906,0.019999999999999993,-1.0,0.0008904522095699438,0.022287033241344126,-0.5305410364041668
1770271322.7441368,1.2995308059871673,0.0,0.02000007523170568,1.2557419149684899,0.0,0.09077670886754996,0.0,0.5,0.06634320465238198,0.010453867989267063,-0.31229958718295614
1770271323.1648657,1.2995308059871673,0.0,0.02000007523170568,1.2557419149684899,0.0,0.09065167352080351,0.0,0.5,-0.0008586999964478667,0.18995369830315217,-0.17383183387626028
1770271323.5840688,1.2995308059871673,0.0,0.02000007523170568,1.2559273390388481,0.0,0.09054554700732237,0.0,0.5,-0.0018499123111934408,0.35763048732558866,-0.08980234755064276
1770271324.004785,1.2995308059871673,0.0,0.02000007523170568,1.2559273390388481,0.0,0.09046384216248995,0.0,0.5,-0.0011837151848171534,0.47660503427004186,-0.02477865274424154
1770271324.4259574,1.2995308059871673,0.0,0.02000007523170568,1.2559273390388481,0.0,0.09040177359282976,0.0,0.5,0.0010846696302637007,0.5759705997485844,-0.04900652605241018
1770271324.8418727,1.2995308059871673,0.0,0.02000007523170568,1.2559273390388481,0.0,0.09040177359282976,0.0,0.5,2.8136162651941747e-05,0.5205876693444231,-0.01586026387527964
1770271325.2706149,1.2995308059871673,0.0,0.02000007523170568,1.2559273390388481,0.0,0.09034723676264292,0.0,0.5,0.00015643660390816586,0.4045536797492824,-0.05948299568878103
1770271325.6856432,1.2995308059871673,0.0,0.02000007523170568,1.2559273390388481,0.0,0.09027309516787535,0.0,0.5,-0.0002454104095690666,0.31547769883829246,-0.10141415908152182
1770271326.1076877,1.2995308059871673,0.0,0.02000007523170568,1.2559273390388481,0.0,0.09018482652843005,0.0,0.5,-0.00010969126860312468,0.25027494821947094,-0.1314924922207498
1770271326.526674,1.2995308059871673,0.0,0.02000007523170568,1.2559273390388481,0.0,0.09008694555461412,0.0,0.5,-9.674529177099815e-05,0.19472683533233617,-0.15828813891431642
1770271326.9501579,1.2995308059871673,0.0,0.02000007523170568,1.2561108776879304,0.0,0.089981451420188,0.0,0.5,-6.937424568574804e-05,0.15135147836987758,-0.17873117075699282
1770271327.3734205,1.2995308059871673,0.0,0.02000007523170568,1.2563022577214233,0.0,0.08987041322410111,0.0,0.5,-5.127038631445239e-05,0.12040164177274829,-0.19294543315965323
1770271327.8145614,1.2995308059871673,0.0,0.02000007523170568,1.2564988145685188,0.0,0.08975564337790017,0.0,0.5,-4.318976787457486e-05,0.09173084899096941,-0.20704484455056776
1770271328.236245,1.2995308059871673,0.0,0.02000007523170568,1.2566998547816268,0.0,0.08963758663475517,0.0,0.5,-3.359052058857751e-05,0.07279442014278849,-0.21553002333401242
1770271328.6682804,1.2995308059871673,0.0,0.02000007523170568,1.2569036774110787,0.0,0.08951744961321358,0.0,0.5,-2.3983998067284998e-05,0.0566753221745621,-0.22329823270760885
1770271329.095211,1.2995308059871673,0.0,0.02000007523170568,1.257109757215976,0.0,0.08939559872448448,0.0,0.5,-1.6214918122917032e-05,0.04415374875885685,-0.22919149788026502
1770271329.5073555,1.2995308059871673,0.0,0.02000007523170568,1.2573175204181664,0.0,0.08927245261847977,0.0,0.5,-1.2536989290626332e-05,0.03509505485177598,-0.2333708789541107
1770271329.9439704,1.2995308059871673,0.0,0.02000007523170568,1.257526465723514,0.0,0.0891483891218901,0.0,0.5,-1.0537568403396308e-05,0.02666999776094901,-0.23751804439701157
1770271330.3624127,1.2995308059871673,0.0,0.02000007523170568,1.2577364835262292,0.0,0.08902348718822006,0.0,0.5,-0.038099514706659704,0.021579041732981714,-0.27781908944296557
1770271330.7822843,1.2995308059871673,0.0,0.02000007523170568,1.2579925242161745,0.0,0.08889770600497726,0.0,0.5,-0.04996878950863616,0.019270646145794736,-0.29056430599445754
1770271331.2028704,1.2995308059871673,0.0,0.02000007523170568,1.258262818078994,0.0,0.08877164290010933,0.0,0.5,-0.050228241377118156,0.016549440297998205,-0.29222564181289873
1770271331.62033,1.2995308059871673,0.0,0.02000007523170568,1.258533657588958,0.0,0.08864530937492851,0.0,0.5,-0.0478364750147649,0.013466186534042844,-0.291411707124139
1770271332.0398395,1.2995308059871673,0.0,0.02000007523170568,1.2588019515323632,0.0,0.08851868082821372,0.0,0.5,-0.048961629767020766,0.009968672055556045,-0.2943270451870914
1770271332.4504964,1.2995308059871673,0.0,0.02000007523170568,1.2590718705296509,0.0,0.0883917060297728,0.0,0.5,-0.048459167531468214,0.007484980801348354,-0.2949650462562148
1770271332.86599,1.2995308059871673,0.0,0.02000007523170568,1.2593414113354675,0.0,0.08826449189245705,0.0,0.5,-0.04597882059443748,0.005258481514325593,-0.29357222976597697
1770271333.292606,1.2995308059871673,0.0,0.02000007523170568,1.2596082344627373,0.0,0.08813707341372971,0.0,0.5,-0.04759107467488035,0.0035153212290421733,-0.2960077300888876
1770271333.717664,1.2995308059871673,0.0,0.02000007523170568,1.2598770925498002,0.0,0.0880094799369574,0.0,0.5,-0.046777293555357785,0.002389229264607516,-0.29569528811949747
1770271334.1377664,1.2995308059871673,0.0,0.02000007523170568,1.2601450929307931,0.0,0.0878817820578814,0.0,0.5,-0.04814292144044831,0.0017567916482741975,-0.2973277693779446
1770271334.5599012,1.2995308059871673,0.0,0.02000007523170568,1.260414742162227,0.0,0.08775401750981812,0.0,0.5,-0.04874933986867263,0.0014970201924593676,-0.29802680691802447
1770271334.9830897,1.2995308059871673,0.0,0.02000007523170568,1.2606851212334627,0.0,0.08762622552812104,0.0,0.5,-0.04729697896337162,0.00127111040640301,-0.29668401473877576
1770271335.399351,1.2995308059871673,0.0,0.02000007523170568,1.2609538221430772,0.0,0.08749841830074791,0.0,0.5,-0.049366296695729416,0.000811348823536215,-0.299006598442248
1770271335.8360796,1.2995308059871673,0.0,0.02000007523170568,1.26122497755289,0.0,0.08737055811583999,0.0,0.5,-0.04616330137585145,0.0005819110338096673,-0.2958952896379193
1770271336.2537413,1.2995308059871673,0.0,0.02000007523170568,1.2614924110436432,0.0,0.08724269038856033,0.0,0.5,-0.0487152700960596,0.00043725049557047347,-0.2985111109020983
1770271336.667443,1.2995308059871673,0.0,0.02000007523170568,1.2617628368711464,0.0,0.08711479722321037,0.0,0.5,-0.04374776398232964,0.0004967047835970661,-0.2935053570193338
1770271337.0778189,1.2995308059871673,0.0,0.02000007523170568,1.2620274542570107,0.0,0.08698693369090561,0.0,-0.5,0.001942827320258594,-0.0010574810008205753,-0.25156950539829004
1770271337.4884703,1.2995308059871673,0.0,0.02000007523170568,1.2620274542570107,0.0,0.0871031069761515,0.0,-0.5,0.0013818210452258056,-0.05159263236841,-0.23063901999777975
1770271337.9058611,1.2995308059871673,0.0,0.02000007523170568,1.2620274542570107,0.0,0.08721389913856988,0.125,-0.10493900962278248,0.10727819353491383,-0.08182889533949225,-0.032300489903839505
1770271338.3536735,1.2995308059871673,0.0,0.02000006168999866,1.2620274542570107,0.0,0.08721389913856988,0.11458333333333333,-0.10029885664393484,0.1351674660832341,-0.09534462868765473,-0.024412820062857075
1770271338.771295,1.299615260909477,0.0,0.0200000505857989,1.2620274542570107,0.0,0.08721389913856988,0.10416666666666666,-0.10175836314086595,0.12299560419375574,-0.09329468027073488,-0.0232657738038466
1770271339.1865544,1.2996845139457713,0.0,0.0200000414803551,1.2620274542570107,0.0,0.08721389913856988,0.09375,-0.09033561552511297,0.10216774621999461,-0.08918792034631616,-0.00940226980183489
1770271339.6188283,1.2997413014355326,0.0,0.02000003401389118,1.2620274542570107,0.0,0.08721389913856988,0.09375,-0.10162936632667227,0.09550968759747232,-0.08640691623200915,-0.009649013056234581
1770271340.0376062,1.2997413014355326,0.0,0.02000003401389118,1.2620274542570107,0.0,0.08721389913856988,0.019999999999999993,1.0,0.026800177902502775,-0.02318630846570107,-0.5247153929119841
1770271340.4512975,1.2997413014355326,0.0,0.02000003401389118,1.2622940231966966,0.0,0.08703389913856988,0.0,-0.5,0.0011493870900008028,-0.01919845650724161,-0.24194894403222594
1770271340.8811305,1.2997413014355326,0.0,0.02000003401389118,1.2622940231966966,0.0,0.08714818378388886,0.0,-0.5,0.021909356387237913,0.00524643696487322,-0.276977064216886
1770271341.3069935,1.2997413014355326,0.0,0.02000003401389118,1.2622940231966966,0.0,0.08726549960434442,0.0,-0.5,0.004841750069283073,-0.004267093594498021,-0.2536595563279712
1770271341.752761,1.2997413014355326,0.0,0.02000003401389118,1.2622940231966966,0.0,0.08738142545044428,0.019999999999999993,1.0,0.012627658268054533,-0.005602866074904278,-0.5103073520174383
1770271342.196463,1.2997413014355326,0.0,0.02000003401389118,1.2625715974545473,0.0,0.08720142545044428,0.0,-0.5,-0.003449517640757297,-0.0009034231720374216,-0.2534677503450253
1770271342.61949,1.2997413014355326,0.0,0.02000003401389118,1.2625715974545473,0.0,0.087317463606,0.019999999999999993,1.0,0.02451175575732528,-0.012169316064397627,-0.5117230030787602
1770271343.0343938,1.2997413014355326,0.0,0.02000003401389118,1.26283970660448,0.0,0.087137463606,0.0,-0.5,0.00016246068645586948,0.004305363353335707,-0.2539626103048971
1770271343.4723735,1.2997413014355326,0.0,0.02000003401389118,1.26283970660448,0.0,0.08725412681281572,0.09375,-0.12130748014348895,-0.0044599410670064545,-0.003439801432168781,-0.15791829690121698
1770271343.8879297,1.299522833129468,0.0,0.02000003401389118,1.26283970660448,0.0,0.08725412681281572,0.019999999999999993,1.0,0.07275711465116327,-0.03504213406804193,-0.5734384149487716
1770271344.3023012,1.299522833129468,0.0,0.02000003401389118,1.2630698863363259,0.0,0.08707412681281572,0.0,-0.5,-0.006495783849865601,-0.010492692791117565,-0.25370438158199926
1770271344.7172632,1.299522833129468,0.0,0.02000003401389118,1.2630698863363259,0.0,0.08718910165488725,0.0,-0.5,0.008241251708645331,0.042469800997850325,-0.28477240158646727
1770271345.1307461,1.299522833129468,0.0,0.02000003401389118,1.2630698863363259,0.0,0.08730966390311723,0.0,-0.5,0.012369831765802078,-0.005110134577005727,-0.26457275803478486
1770271345.5483873,1.299522833129468,0.0,0.02000003401389118,1.2630698863363259,0.0,0.0874256981748343,0.0,-0.5,-0.002079434192121138,0.16952055534272156,-0.3543027808554547
1770271345.9639509,1.299522833129468,0.0,0.02000003401389118,1.2630698863363259,0.0,0.08755614466369156,0.0,-0.5,-0.006120657302228806,0.3226580625143286,-0.4327634392765538
1770271346.387681,1.299522833129468,0.0,0.02000003401389118,1.2630698863363259,0.0,0.08769500931918625,0.0,-0.5,0.0018439161347558243,0.41866743079711716,-0.47077856836159326
1770271346.8209922,1.299522833129468,0.0,0.02000003401389118,1.2630698863363259,0.0,0.08783779421627526,0.0,-0.5,1.8143140824295295e-05,0.34544514099790485,-0.430062942619698
1770271347.2424715,1.299522833129468,0.0,0.02000003401389118,1.2630698863363259,0.0,0.08797783777773385,0.0,-0.5,-0.0007953881053736223,0.26943168373068843,-0.3931125756974395
1770271347.657129,1.299522833129468,0.0,0.02000003401389118,1.2630698863363259,0.0,0.0881143210715056,0.0,-0.5,-0.0002685418551985667,0.21384444837888236,-0.3627494895798204
1770271348.0918565,1.299522833129468,0.0,0.02000003401389118,1.2630698863363259,0.0,0.08824768907606607,0.0,-0.5,-0.0001736115072040684,0.16624091297701596,-0.3380544215358987
1770271348.5187438,1.299522833129468,0.0,0.02000003401389118,1.2630698863363259,0.0,0.08837797156393534,0.0,-0.5,-0.00013442785846668755,0.13186417500135011,-0.3195041891567083
1770271348.935725,1.299522833129468,0.0,0.02000003401389118,1.2630698863363259,0.0,0.08850577696740633,0.0,-0.5,-0.00011986662077199782,0.1025726663862226,-0.3043353506753961
1770271349.3646007,1.299522833129468,0.0,0.02000003401389118,1.2630698863363259,0.0,0.08863129959642893,0.0,-0.5,-8.962952789425192e-05,0.08165407462202892,-0.29300852601532806
1770271349.7820003,1.299522833129468,0.0,0.02000003401389118,1.2630698863363259,0.0,0.08875509342372423,0.0,-0.5,-5.876549450245156e-05,0.062178321394061015,-0.2830955015143297
1770271350.2055595,1.299522833129468,0.0,0.02000003401389118,1.2630698863363259,0.0,0.0888772018152476,0.0,-0.5,-4.569663266682929e-05,0.04936007609990048,-0.2760075592120331
1770271350.6353128,1.299522833129468,0.0,0.02000003401389118,1.2630698863363259,0.0,0.08899816034376627,0.0,-0.5,-4.143452598761912e-05,0.038473383525584263,-0.27036679554621135
1770271351.0867171,1.299522833129468,0.0,0.02000003401389118,1.2630698863363259,0.0,0.08911811665952211,0.0,-0.5,-2.8023593112355727e-05,0.029810085741843875,-0.26579939624240834
1770271351.4993362,1.299522833129468,0.0,0.02000003401389118,1.2630698863363259,0.0,0.08923725895702844,0.0,-0.5,-1.9947224529295002e-05,0.023166934553218863,-0.2622677296200012
1770271351.9278786,1.299522833129468,0.0,0.02000003401389118,1.2630698863363259,0.0,0.08935576689064507,0.0,-0.5,-0.04751587443185318,0.019347233212955676,-0.30757146117235734
1770271352.3525054,1.299522833129468,0.0,0.02000003401389118,1.2630698863363259,0.0,0.0894723238819838,0.0,-0.5,-0.04863357634788065,0.01745982438625323,-0.3075522294236775
1770271352.7634678,1.299522833129468,0.0,0.02000003401389118,1.2630698863363259,0.0,0.0895886578637362,0.0,-0.5,-0.049161479460072606,0.014987369602223613,-0.3069024097395873
1770271353.1888545,1.299522833129468,0.0,0.02000003401389118,1.2630698863363259,0.0,0.089704734364152,0.0,-0.5,-0.04844601267758654,0.011259635520602966,-0.30444860384605005
1770271353.6172197,1.299522833129468,0.0,0.02000003401389118,1.2630698863363259,0.0,0.0898204779595137,0.0,-0.5,-0.05012281559555984,0.007449501585586071,-0.3042285797818546
1770271354.0505764,1.299522833129468,0.0,0.02000003401389118,1.2630698863363259,0.0,0.0899357871550322,0.0,-0.5,-0.04737799248732313,0.005031215650016705,-0.3001354289058884
1770271354.496414,1.299522833129468,0.0,0.02000003401389118,1.2630698863363259,0.0,0.09005096328079705,0.0,-0.5,-0.04837103772876121,0.003486248900013596,-0.30026865885376836
1770271354.9231539,1.299522833129468,0.0,0.02000003401389118,1.2630698863363259,0.0,0.09016595024645332,0.0,-0.5,-0.0467560463247328,0.0028368580130745695,-0.298239414419964
1770271355.3429544,1.299522833129468,0.0,0.02000003401389118,1.2630698863363259,0.0,0.09028093368232254,0.0,-0.5,-0.04671968418697318,0.0024249089723898374,-0.29797333357723654
1770271355.7560987,1.299522833129468,0.0,0.02000003401389118,1.2630698863363259,0.0,0.09039587785065178,0.0,-0.5,-0.04923334020072951,0.0018908975414426267,-0.30023219011454555
1770271356.168231,1.299522833129468,0.0,0.02000003401389118,1.2630698863363259,0.0,0.09051067496955399,0.0,-0.5,-0.04889767262823481,0.001582772232744147,-0.2997198712754767
1770271356.5900426,1.299522833129468,0.0,0.02000003401389118,1.2630698863363259,0.0,0.09062545430004601,0.0,-0.5,-0.021004926993824634,0.010498406495949249,-0.27714569366811975
1770271357.0260158,1.299522833129468,0.0,0.02000003401389118,1.2630698863363259,0.0,0.09074209039509301,0.0,-0.5,2.021968510859955e-05,0.17340701740768902,-0.35301458948012715
1770271357.4383762,1.299522833129468,0.0,0.02000003401389118,1.2630698863363259,0.0,0.09087286912381654,0.0,-0.5,0.0037458645728131136,0.3257725256932833,-0.43186867824801417
1770271357.8635495,1.299522833129468,0.0,0.02000003401389118,1.2630698863363259,0.0,0.09101219747960572,0.0,-0.5,0.003460451628872493,0.3682523142481359,-0.44183458760842576
1770271358.2910345,1.299522833129468,0.0,0.02000003401389118,1.2630698863363259,0.0,0.09115325941145425,0.0,-0.5,0.001090277238524387,0.2864300489625732,-0.40248752824836725
1770271358.7043843,1.299522833129468,0.0,0.02000003401389118,1.2630698863363259,0.0,0.09129066688716415,0.0,-0.5,0.0008242772814711348,0.22803783109953613,-0.37068241461754287
1770271359.126651,1.299522833129468,0.0,0.02000003401389118,1.2630698863363259,0.0,0.09142491738140587,0.0,-0.5,0.0005449612573531818,0.17729316377055426,-0.3442660098755285
1770271359.5475562,1.299522833129468,0.0,0.02000003401389118,1.2630698863363259,0.0,0.09155597488820558,0.0,-0.5,0.0003884132193039157,0.13792738142113628,-0.3232886821648139
1770271359.9773586,1.299522833129468,0.0,0.02000003401389118,1.2630698863363259,0.0,0.09168424942076212,0.0,-0.5,0.00027712521217020206,0.10727500218385494,-0.3069798642278258
1770271360.3898804,1.299522833129468,0.0,0.02000003401389118,1.2630698863363259,0.0,0.09181016173183923,0.0,-0.5,0.00021474189202741717,0.08515019849681522,-0.295002321509139
1770271360.814591,1.299522833129468,0.0,0.02000003401389118,1.2630698863363259,0.0,0.09193425972163682,0.0,-0.5,0.00018500808433801968,0.066433553630058,-0.2852734493860427
1770271361.2636747,1.299522833129468,0.0,0.02000003401389118,1.2630698863363259,0.0,0.09205675018846994,0.0,-0.5,0.00012479061743066413,0.05186873946632685,-0.2775156417669672
1770271361.6901255,1.299522833129468,0.0,0.02000003401389118,1.2630698863363259,0.0,0.09217794142544275,0.0,-0.5,9.445960156978299e-05,0.04008087478311839,-0.27131368346144985
1770271362.1223474,1.299522833129468,0.0,0.02000003401389118,1.2630698863363259,0.0,0.09229805119574075,0.0,-0.5,8.119400445175611e-05,0.03125673587001696,-0.26659197583077043
1770271362.5404134,1.299522833129468,0.0,0.02000003401389118,1.2630698863363259,0.0,0.09241733371913438,0.0,-0.5,6.64882195273064e-05,0.024659518237756976,-0.2630559691016318
1770271362.9623573,1.299522833129468,0.0,0.02000003401389118,1.2630698863363259,0.0,0.09253598750054841,0.0,-0.5,-0.0007969961646543423,0.018256980927251358,-0.2605657403593306
1770271363.3744962,1.299522833129468,0.0,0.02000003401389118,1.2630698863363259,0.0,0.09265399854958062,0.0,-0.5,-0.0024323754678270216,-0.05912950563731761,-0.2306062713056251
1770271363.78798,1.299522833129468,0.0,0.02000003401389118,1.2630698863363259,0.0,0.09276384921371941,0.0,-0.5,-0.0016750172612249694,-0.1288670615004171,-0.19421524209732635
1770271364.2168505,1.299522833129468,0.0,0.02000003401389118,1.2630698863363259,0.0,0.09286538228333001,0.0,-0.5,-0.0009944455696270927,-0.18563115851674528,-0.1638552760128873
1770271364.6346843,1.299522833129468,0.0,0.02000003401389118,1.2630698863363259,0.0,0.09295945128023629,0.0,-0.5,-3.1403950164094395e-05,-0.24443015352118505,-0.13369622669001557
1770271365.0479798,1.299522833129468,0.0,0.02000003401389118,1.2630698863363259,0.0,0.09304518006086354,0.0,-0.5,0.00016711714345172147,-0.2921575440680067,-0.10886108416413053
1770271365.4660032,1.299522833129468,0.0,0.02000003401389118,1.2630698863363259,0.0,0.09312371781229978,0.0,-0.5,0.001980616546189701,-0.34013794430747024,-0.08670968441640092
1770271365.885533,1.299522833129468,0.0,0.02000003401389118,1.2630698863363259,0.0,0.09319471479058271,0.0,-0.5,-0.006077511212405936,-0.35550789041634456,-0.07986056061512109
1770271366.307554,1.299522833129468,0.0,0.02000003401389118,1.2630698863363259,0.0,0.09326318551957613,0.0,-0.5,0.004030760267081266,-0.37307345268032555,-0.0692505901533166
1770271366.7248602,1.299522833129468,0.0,0.02000003401389118,1.2630698863363259,0.0,0.0933288416510821,0.0,-0.5,-0.0004062169010786823,-0.3996385844994257,-0.053243437833275856
1770271367.1376135,1.299522833129468,0.0,0.02000003401389118,1.2630698863363259,0.0,0.09339009482920176,0.0,-0.5,0.0019889405753314277,-0.41899379157883265,-0.0444275654938558
1770271367.5547035,1.299522833129468,0.0,0.02000003401389118,1.2630698863363259,0.0,0.09344811290919787,0.0,-0.5,0.0005114636112783989,-0.4417970962119287,-0.031893245968623654
1770271367.9715407,1.299522833129468,0.0,0.02000003401389118,1.2630698863363259,0.0,0.09350228405773646,0.0,-0.5,-0.04656710402035839,-0.3495906258344555,-0.13099243814087796
1770271368.3890398,1.299522833129468,0.0,0.02000003401389118,1.2630698863363259,0.0,0.09357131515383726,0.0,-0.5,-0.050594721649514826,-0.2754653546167701,-0.17027457146289832
1770271368.8311453,1.299522833129468,0.0,0.02000003401389118,1.2630698863363259,0.0,0.09365158534407622,0.0,-0.5,-0.049115826235777094,-0.21621199191397844,-0.19693516654906704
1770271369.2521138,1.299522833129468,0.0,0.02000003401389118,1.2630698863363259,0.0,0.09374037540495402,0.0,-0.5,-0.045768868028229694,-0.16808135635879035,-0.21654125340435332
1770271369.666013,1.299522833129468,0.0,0.02000003401389118,1.2630698863363259,0.0,0.0938357438999415,0.0,-0.5,-0.04897979981647841,-0.13219364593190996,-0.23647174789321146
1770271370.0933104,1.299522833129468,0.0,0.02000003401389118,1.2630698863363259,0.0,0.09393559239208703,0.0,-0.5,-0.04879550373838622,-0.10229310259874975,-0.25063900677232737
1770271370.5171065,1.299522833129468,0.0,0.02000003401389118,1.2630698863363259,0.0,0.09403907721936708,0.0,-0.5,-0.04896984925175425,-0.07832675365386099,-0.2622031073193126
1770271370.9432852,1.299522833129468,0.0,0.02000003401389118,1.2630698863363259,0.0,0.09414534554660325,0.0,-0.5,-0.050374633870740065,-0.05981258638835323,-0.2723197574031142
1770271371.367389,1.299522833129468,0.0,0.02000003401389118,1.2630698863363259,0.0,0.09425364434897905,0.0,-0.5,-0.04765062851872093,-0.046581225285352065,-0.27568315198634497
1770271371.7817688,1.299522833129468,0.0,0.02000003401389118,1.2630698863363259,0.0,0.09436348646223551,0.0,-0.5,-0.04983563862633113,-0.03580549463978465,-0.28301046437099553
1770271372.1949792,1.299522833129468,0.0,0.02000003401389118,1.2630698863363259,0.0,0.09447440322935587,0.0,-0.5,-0.04802265006895471,-0.02838339400172407,-0.28457316313189873
1770271372.6313407,1.299522833129468,0.0,0.02000003401389118,1.2630698863363259,0.0,0.09458616743505006,0.0,-0.5,-0.04866203057555774,-0.0220163519287777,-0.2882905588184635
1770271373.0648048,1.299522833129468,0.0,0.02000003401389118,1.2630698863363259,0.0,0.0946985702425242,0.0,-0.5,-0.04770696385914424,-0.01694461104402883,-0.2897418324256047
1770271373.47956,1.299522833129468,0.0,0.02000003401389118,1.2630698863363259,0.0,0.09481152998387819,0.0,-0.5,-0.048485795298144924,-0.013138921774425228,-0.2922969033378927
1770271373.8990235,1.299522833129468,0.0,0.02000003401389118,1.2630698863363259,0.0,0.09492484922707087,0.0,-0.5,-0.048247311255647615,-0.010463734566491132,-0.2932829626931954
1770271374.3165126,1.299522833129468,0.0,0.02000003401389118,1.2630698863363259,0.0,0.09503844858944421,0.15625000000000003,-0.12193715429092547,0.0007875358981343372,-0.007829655115742093,-0.21277962163453226
1770271374.7410975,1.2992942258319282,0.0,0.020000027891390767,1.2633049441695205,0.0,0.09503844858944421,0.14583333333333334,-0.11337261413706787,0.15582497661720096,-0.012060745462966893,-0.06107068665564058
1770271375.1684606,1.2992942258319282,0.0,0.020000027891390767,1.2633049441695205,0.0,0.09503844858944421,0.13541666666666669,-0.11596335690273814,0.13867161448824186,-0.03152775192282669,-0.04741945095751689
1770271375.599891,1.2992942258319282,0.0,0.020000027891390767,1.2633049441695205,0.0,0.09503844858944421,0.11458333333333333,-0.11978583407047497,0.12993280231171497,-0.05584462824349388,-0.04975175952393891
1770271376.020732,1.2992942258319282,0.0,0.020000027891390767,1.2633049441695205,0.0,0.09503844858944421,0.11458333333333333,-0.10608293978583691,0.11850141042333108,-0.0682573975610453,-0.024072125134148695
1770271376.4476357,1.2992942258319282,0.0,0.020000027891390767,1.2633049441695205,0.0,0.09503844858944421,0.10416666666666666,-0.10169614824776146,0.10829495795822792,-0.0777434279665718,-0.01705325447270875
1770271376.8797107,1.2992942258319282,0.0,0.020000027891390767,1.2633049441695205,0.0,0.09503844858944421,0.09375,-0.08531892256504905,0.09653309239462679,-0.08930979944783105,-0.005935167984143711
1770271377.2959409,1.299421265182181,0.0,0.02000002287094043,1.2633049441695205,0.0,0.09503844858944421,0.019999999999999993,-1.0,0.057325967875786824,-0.10461206095540353,-0.48655016354884234
1770271377.739969,1.299421265182181,0.0,0.02000002287094043,1.2631211026883118,0.0,0.0952100608927012,0.019999999999999993,-1.0,0.03513472093201643,-0.2256572251183821,-0.4144106247891232
1770271378.1559575,1.299421265182181,0.0,0.02000002287094043,1.2631211026883118,0.0,0.09537489585459238,0.019999999999999993,-1.0,0.006569159400801123,-0.2685878846005371,-0.38342996424714576
1770271378.5787218,1.299421265182181,0.0,0.02000002287094043,1.2631211026883118,0.0,0.09553611325681216,0.019999999999999993,-1.0,0.08731811628336802,-0.23367004298923116,-0.4539748789498831
1770271379.0138662,1.299421265182181,0.0,0.02000002287094043,1.2629210876584045,0.0,0.09570180126845844,0.25,0.05036161888698756,0.08800064864381658,-0.23847239605782256,-0.3068965941354476
1770271379.4284556,1.2995254374493885,0.0,0.020000018754171154,1.2629210876584045,0.0,0.09570180126845844,0.25,0.05036161888698756,0.005192061798780141,-0.20958284099441243,-0.37766912364826083
1770271379.8549914,1.2996108587084987,0.0,0.020000015378420347,1.2629210876584045,0.0,0.09570180126845844,0.25,0.05036161888698756,-0.004029220838654346,-0.1630594575974324,-0.3653920974205624
1770271380.2835748,1.299680904140969,0.0,0.020000012610304683,1.2629210876584045,0.0,0.09570180126845844,0.25,0.05036161888698756,-0.0016208243916313154,-0.12702008193611325,-0.3439156123693136
1770271380.6983101,1.2997383413955945,0.0,0.02000001034044984,1.2629210876584045,0.0,0.09570180126845844,0.25,0.05036161888698756,-0.0013377514981336405,-0.1011221246361629,-0.32966941898970387
1770271381.1227484,1.2997383413955945,0.0,0.02000000847916887,1.2629210876584045,0.0,0.09570180126845844,0.25,0.05036161888698756,-0.0012104142536811732,-0.07867838902211939,-0.317974791769639
1770271381.5437803,1.2997383413955945,0.0,0.020000006952918474,1.2629210876584045,0.0,0.09570180126845844,0.25,0.05036161888698756,-0.0008532752644228146,-0.06134289924976349,-0.30843908331003395
1770271381.972021,1.2997383413955945,0.0,0.02000000570139315,1.2629210876584045,0.0,0.09570180126845844,0.25,0.05036161888698756,-0.0006574391227740002,-0.0486217524079853,-0.3014212394544383
1770271382.3863442,1.2997383413955945,0.0,0.02000000467514238,1.2629210876584045,0.0,0.09570180126845844,0.25,0.05036161888698756,-0.0004708134834947746,-0.03785486346293724,-0.2956557435529619
1770271382.8018315,1.2997383413955945,0.0,0.020000003833616754,1.2629210876584045,0.0,0.09570180126845844,0.25,0.05036161888698756,-0.00035295931806794066,-0.030163410593183927,-0.29138461934512905
1770271383.2279656,1.2997383413955945,0.0,0.020000003143565738,1.2629210876584045,0.0,0.09570180126845844,0.25,0.05036161888698756,-0.0003148962632429583,-0.023511975919530324,-0.28791683713386723
1770271383.6458704,1.2997383413955945,0.0,0.020000002577723906,1.2629210876584045,0.0,0.09570180126845844,0.25,0.05036161888698756,-0.00022634002509111157,-0.018307397181477537,-0.2850813059331289
1770271384.06822,1.2997383413955945,0.0,0.020000002113733602,1.2629210876584045,0.0,0.09570180126845844,0.25,0.05036161888698756,-0.00015880153041593416,-0.01484403887335193,-0.2831079662413982
1770271384.4863431,1.2997383413955945,0.0,0.020000001733261552,1.2629210876584045,0.0,0.09570180126845844,0.25,0.05036161888698756,-0.00012036956854403417,-0.01141330023128081,-0.28135090299188537
1770271384.9099925,1.2997383413955945,0.0,0.020000001421274474,1.2629210876584045,0.0,0.09570180126845844,0.25,0.05036161888698756,-0.0001074169266589401,-0.009017921864637105,-0.28003672513913563
1770271385.3239183,1.2997383413955945,0.0,0.020000001165445067,1.2629210876584045,0.0,0.09570180126845844,0.25,0.05036161888698756,-8.27897301233525e-05,-0.007305127328117625,-0.2790874422913279
1770271385.743792,1.2997383413955945,0.0,0.020000000955664954,1.2629210876584045,0.0,0.09570180126845844,0.25,0.05036161888698756,-5.988547587876099e-05,-0.005692573630076432,-0.27824823710421487
1770271386.1683033,1.2997383413955945,0.0,0.020000000783645264,1.2629210876584045,0.0,0.09570180126845844,0.25,0.05036161888698756,-4.375901935995887e-05,-0.004403278999368519,-0.2775551374256088
1770271386.5887856,1.2997383413955945,0.0,0.020000000642589118,1.2629210876584045,0.0,0.09570180126845844,0.25,0.05036161888698756,-3.169343520574667e-05,-0.0035591624344372924,-0.27707649575241133
1770271387.0133615,1.2997383413955945,0.0,0.020000000526923075,1.2629210876584045,0.0,0.09570180126845844,0.25,0.05036161888698756,-2.849641822525464e-05,-0.002837920409664886,-0.27670039026902876
1770271387.4281867,1.2997383413955945,0.0,0.020000000432076923,1.2629210876584045,0.0,0.09570180126845844,0.25,0.05036161888698756,-2.213360831883925e-05,-0.0021839914807504314,-0.27636033168507923
1770271387.8370798,1.2997383413955945,0.0,0.020000000354303077,1.2629210876584045,0.0,0.09570180126845844,0.25,0.05036161888698756,-1.717972367783246e-05,-0.0016597472500227395,-0.27608028721525574
1770271388.251764,1.2997383413955945,0.0,0.020000000290528522,1.2629210876584045,0.0,0.09570180126845844,0.25,0.05036161888698756,-1.2311974306899038e-05,-0.001234508009439309,-0.2758528993465787
1770271388.6772935,1.2997383413955945,0.0,0.02000000023823339,1.2629210876584045,0.0,0.09570180126845844,0.25,0.05036161888698756,-8.350140252790897e-06,-0.0010957518669243377,-0.2757509111314602
1770271389.0950434,1.2997383413955945,0.0,0.020000000195351378,1.2629210876584045,0.0,0.09570180126845844,0.25,0.05036161888698756,-6.529874284249692e-06,-0.0008384040439272909,-0.2756322761220414
1770271389.5362504,1.2997383413955945,0.0,0.02000000016018813,1.2629210876584045,0.0,0.09570180126845844,0.25,0.05036161888698756,-5.85691754335764e-06,-0.0007989344168641669,-0.27559008053217554
1770271389.9560652,1.2997383413955945,0.0,0.020000000131354268,1.2629210876584045,0.0,0.09570180126845844,0.25,0.05036161888698756,-3.952570650319206e-06,-0.0007107070477467893,-0.2755489382749292
1770271390.3709514,1.2997383413955945,0.0,0.0200000001077105,1.2629210876584045,0.0,0.09570180126845844,0.25,0.07679326035371561,0.06863605368885764,0.002710461976029955,-0.21874746240236287
1770271390.7948327,1.2997383413955945,0.0,0.02000000008832261,1.2629210876584045,0.0,0.09570180126845844,0.25,0.08589349777949867,0.2489496234091911,0.010583554581653255,-0.039492657450293935
1770271391.2228546,1.2997854399443876,0.0,0.02000000007242454,1.2629210876584045,0.0,0.09570180126845844,0.25,0.09689745382970347,0.25721084727790733,0.02621557747306868,-0.04411498774536626
1770271391.646322,1.2998240607543978,0.0,0.020000000059388123,1.2629210876584045,0.0,0.09570180126845844,0.25,0.09737519899925373,0.25144315387846394,0.04488001452752159,-0.029557189819775304
1770271392.0779746,1.2998557298186062,0.0,0.02000000004869826,1.2629210876584045,0.0,0.09570180126845844,0.25,0.09737519899925373,0.0032068264224684685,0.06194383858985948,-0.26621523618846243
1770271392.4890707,1.2998557298186062,0.0,0.020000000039932575,1.2629210876584045,0.0,0.09570180126845844,0.25,0.09737519899925373,-0.004414843497727717,0.04953041356109742,-0.27957857871968206
1770271392.9054232,1.2998557298186062,0.0,0.02000000003274471,1.2629210876584045,0.0,0.09570180126845844,0.25,0.09737519899925373,-0.0026429677924816528,0.0395980715259855,-0.28252476573262697
1770271393.336857,1.2998557298186062,0.0,0.02000000002685066,1.2629210876584045,0.0,0.09570180126845844,0.25,0.09737519899925373,-0.003459301557983052,0.031063587293939435,-0.28746855583384484
1770271393.7637784,1.2998557298186062,0.0,0.02000000002201754,1.2629210876584045,0.0,0.09570180126845844,0.25,0.09737519899925373,-0.0024566354112297933,0.02418796906829576,-0.28973781219927314
1770271394.199346,1.2998557298186062,0.0,0.020000000018054385,1.2629210876584045,0.0,0.09570180126845844,0.25,0.09737519899925373,-0.001660953930726658,0.01881386723763647,-0.29147902999460124
1770271394.6364954,1.2998557298186062,0.0,0.020000000014804595,1.2629210876584045,0.0,0.09570180126845844,0.25,0.09737519899925373,-0.0014795901298179275,0.014547312028611984,-0.29332018913604124
1770271395.0603757,1.2998557298186062,0.0,0.02000000001213977,1.2629210876584045,0.0,0.09570180126845844,0.25,0.09737519899925373,-0.001017949221843677,0.01122260162170407,-0.2944267189513093
1770271395.4799955,1.2998557298186062,0.0,0.02000000000995461,1.2629210876584045,0.0,0.09570180126845844,0.25,0.09737519899925373,-0.0007289372119064926,0.008768534528771446,-0.29527767615644085
1770271395.8950658,1.2998557298186062,0.0,0.02000000000816278,1.2629210876584045,0.0,0.09570180126845844,0.25,0.09737519899925373,-0.0005649254541689636,0.006907184015597611,-0.2959850679973144
1770271396.3092134,1.2998557298186062,0.0,0.02000000000669348,1.2629210876584045,0.0,0.09570180126845844,0.25,0.09737519899925373,-0.0005127061885498737,0.005277571418438374,-0.29672448123867345
1770271396.7331376,1.2998557298186062,0.0,0.02000000000548865,1.2629210876584045,0.0,0.09570180126845844,0.25,0.09737519899925373,-0.00037694376609533124,0.0043065938647581245,-0.29700834408871113
1770271397.1493351,1.2998557298186062,0.0,0.020000000004500695,1.2629210876584045,0.0,0.09570180126845844,0.25,0.12068123087746835,0.07947180068400836,0.013570925163840753,-0.2250097853027137
1770271397.5750108,1.2998816984512571,0.0,0.02000000000369057,1.2632131122851364,0.0,0.09562643823862083,0.25,0.12112924707288465,0.2527157464822429,0.037899870436031394,-0.04676332932788857
1770271397.9933214,1.2999029927300307,0.0,0.020000000003026267,1.2632131122851364,0.0,0.09555455061137683,0.25,0.12285669127861282,0.2518125304888327,0.05082788173929291,-0.03911973638881878
1770271398.426463,1.299920454038625,0.0,0.02000000000248154,1.2632131122851364,0.0,0.09548421087086208,0.25,0.12602719071137394,0.2582934635150641,0.06619495431676899,-0.03974628897011419
1770271398.8506591,1.2999347723116725,0.0,0.020000000002034862,1.2632131122851364,0.0,0.09541554645955569,0.22916666666666674,0.13954376003173266,0.23936311434184257,0.07550241994965265,-0.0431478642795042
1770271399.2654254,1.2999465132955714,0.0,0.020000000001668586,1.2632131122851364,0.0,0.09534770062625414,0.19791666666666674,0.12977763339614098,0.21798584712400326,0.08482835703864146,-0.043476412344985164
1770271399.680259,1.2999561409023686,0.0,0.020000000001668586,1.2632131122851364,0.0,0.09528836559236055,0.0066666666666666645,1.0,0.16323068937505716,0.10535288356633342,-0.605940033577993
1770271400.0964527,1.2999561409023686,0.0,0.020000000001668586,1.2632131122851364,0.0,0.09511450456798082,0.18750000000000006,0.1280312266442943,0.11349968993985927,0.09887669592272265,-0.0892251941852877
1770271400.5392656,1.2999561409023686,0.0,0.02000000000136824,1.2632131122851364,0.0,0.09505927734792238,0.1666666666666667,0.10969481671179583,0.1768244011296738,0.10799348050045714,-0.011920081026449874
1770271400.9944735,1.2999640355399422,0.0,0.02000000000136824,1.2632131122851364,0.0,0.09505927734792238,0.15625000000000003,0.08852814050963204,0.15401449631977573,0.10259794772001331,-0.009809960563459312
1770271401.4373763,1.2999640355399422,0.0,0.02000000000136824,1.2632131122851364,0.0,0.09505927734792238,0.14583333333333334,0.06863063803834202,0.14317399600357517,0.0943360292586129,-0.016338224786033657
1770271401.869729,1.2999640355399422,0.0,0.02000000000136824,1.2632131122851364,0.0,0.09505927734792238,0.125,0.05837460645157969,0.134827230933482,0.0878357865573058,-0.025207845256475767
1770271402.291758,1.2999640355399422,0.0,0.02000000000136824,1.2632131122851364,0.0,0.09505927734792238,0.125,0.04934606330742672,0.12447137712656686,0.07856100078507808,-0.01606357018948159
1770271402.7053552,1.2999640355399422,0.0,0.02000000000136824,1.2632131122851364,0.0,0.09505927734792238,0.10416666666666666,0.05815117650604926,0.12001072533368726,0.07209237351805618,-0.023461519899726252
1770271403.1298518,1.2999640355399422,0.0,0.02000000000136824,1.2632131122851364,0.0,0.09505927734792238,0.11458333333333333,0.04921971066577145,0.10839695468271926,0.06668690571296662,-0.015460522954720609
1770271403.548688,1.2999640355399422,0.0,0.02000000000136824,1.2632131122851364,0.0,0.09505927734792238,0.10416666666666666,0.03938102555136306,0.10402800955408761,0.059524954891400784,-0.01092681686475449
1770271403.9788582,1.2999640355399422,0.0,0.02000000000136824,1.2632131122851364,0.0,0.09505927734792238,0.09375,0.028750489088066388,0.08732594747874223,0.053650748619669196,-0.019461602914232337
1770271404.3899102,1.2999640355399422,0.0,0.02000000000136824,1.2632131122851364,0.0,0.09505927734792238,0.019999999999999993,1.0,0.1074147703276091,0.05439561079340428,-0.5602914511482805
1770271404.8362873,1.2999640355399422,0.0,0.02000000000136824,1.2634085338711731,0.0,0.0948801201087237,0.019999999999999993,1.0,0.01590645987184029,0.17762141495334563,-0.42760541306748107
1770271405.2600825,1.2999640355399422,0.0,0.02000000000136824,1.2636740593671791,0.0,0.09470247909009462,0.09375,-0.06615438117909582,0.05636902994657905,0.2216380412744091,-0.18567884391227973
1770271405.6800623,1.299549607500153,0.0,0.020085783300575928,1.2636740593671791,0.0,0.09470247909009462,0.019999999999999993,1.0,0.07772976014035853,0.1783161828897187,-0.4729038545339682
1770271406.0933945,1.299549607500153,0.0,0.020085783300575928,1.2638831915688507,0.0,0.09452664660990244,0.09375,-0.09960551066948968,0.022526897419975253,0.2117998082428494,-0.23027412457150737
1770271406.5145814,1.2990564383223824,0.0,0.02016841409760447,1.2638831915688507,0.0,0.09452664660990244,0.013333333333333329,1.0,0.006347460294197474,0.15281207120581294,-0.436478611139933
1770271406.9366505,1.2990564383223824,0.0,0.02016841409760447,1.26415433032751,0.0,0.09434829332530505,0.013333333333333329,1.0,0.05856644489426283,0.14847363957865556,-0.47143013493431746
1770271407.354616,1.2990564383223824,0.0,0.02016841409760447,1.2643789300990096,0.0,0.09417120412290103,0.013333333333333329,1.0,-0.000717612213877567,0.19975323615645924,-0.41930228712676165
1770271407.7908309,1.2990564383223824,0.0,0.02016841409760447,1.2646530155539504,0.0,0.09399481751978404,0.013333333333333329,1.0,-0.002725606862797678,0.15290577693926366,-0.44429079764821877
1770271408.202521,1.2990564383223824,0.0,0.02016841409760447,1.2649322828221312,0.0,0.09381626300513751,0.013333333333333329,1.0,-0.001844261864049381,0.12153587060965787,-0.45754665052551435
1770271408.630472,1.2990564383223824,0.0,0.02016841409760447,1.2652126278448097,0.0,0.09363647386968142,0.013333333333333329,1.0,-0.0012470465524918447,0.0950499838998314,-0.4697039766068921
1770271409.0528352,1.2990564383223824,0.0,0.02016841409760447,1.2654938017988198,0.0,0.09345647386968142,0.013333333333333329,1.0,-0.0009467252187062712,0.07373088986981728,-0.4795465230201324
1770271409.4694216,1.2990564383223824,0.0,0.02016841409760447,1.2657756596088403,0.0,0.09327647386968142,0.013333333333333329,1.0,-0.0007339255507861802,0.05852283229974295,-0.48632664849125545
1770271409.888463,1.2990564383223824,0.0,0.02016841409760447,1.2660579307794564,0.0,0.09309647386968142,0.013333333333333329,1.0,-0.0005154479923256759,0.04557550329414707,-0.49235576257914504
1770271410.3152983,1.2990564383223824,0.0,0.02016841409760447,1.266340473775863,0.0,0.09291647386968142,0.013333333333333329,1.0,-0.0003999926489894522,0.03555865954516541,-0.49695568058463824
1770271410.733487,1.2990564383223824,0.0,0.02016841409760447,1.2666232418632501,0.0,0.09273647386968142,0.013333333333333329,1.0,-0.00034707872049513264,0.02793808221144828,-0.500473428681476
1770271411.1453173,1.2990564383223824,0.0,0.02016841409760447,1.2669061926198,0.0,0.09255647386968142,0.013333333333333329,1.0,-0.00024840241661365156,0.02157525332065155,-0.5034303919787009
1770271411.5626783,1.2990564383223824,0.0,0.02016841409760447,1.267189238970279,0.0,0.09237647386968142,0.013333333333333329,1.0,-0.00019264639504895618,0.017028788343121333,-0.5054662320545746
1770271411.98843,1.2990564383223824,0.0,0.02016841409760447,1.2674723594999306,0.0,0.09219647386968143,0.013333333333333329,1.0,-0.00013730757763359819,0.013270971815775467,-0.5072109366558137
1770271412.40173,1.2990564383223824,0.0,0.02016841409760447,1.2677555297470087,0.0,0.09201647386968143,0.013333333333333329,1.0,-0.00010522510397611768,0.010526145859027287,-0.5084499681034707
1770271412.8187568,1.2990564383223824,0.0,0.02016841409760447,1.2680387409138674,0.0,0.09183647386968143,0.013333333333333329,1.0,-0.005814126351840669,0.11898160023661249,-0.47050220500462625
1770271413.2299862,1.2990564383223824,0.0,0.02016841409760447,1.268322712283134,0.0,0.09165649928629405,0.013333333333333329,1.0,0.003931874375798695,0.16348536436381447,-0.43210915318834764
1770271413.659849,1.2990564383223824,0.0,0.02016841409760447,1.26859528211832,0.0,0.09147854557573802,0.013333333333333329,1.0,-6.22740921565434e-05,0.12774561385540276,-0.4530967755486297
1770271414.094697,1.2990564383223824,0.0,0.02016841409760447,1.268873707044124,0.0,0.09129903474628932,0.013333333333333329,1.0,-1.3430637950497979e-06,0.10099423916136707,-0.4655126942858484
1770271414.5127325,1.2990564383223824,0.0,0.02016841409760447,1.2691535119342798,0.0,0.09111903474628932,0.013333333333333329,1.0,-5.00124543507007e-07,0.07716769049239598,-0.4771326430785759
1770271414.946504,1.2990564383223824,0.0,0.02016841409760447,1.269434415521621,0.0,0.09093903474628932,0.013333333333333329,1.0,-3.5387704919321963e-07,0.06003136907797913,-0.4850316348128347
1770271415.360847,1.2990564383223824,0.0,0.02016841409760447,1.2697160084152215,0.0,0.09075903474628932,0.013333333333333329,1.0,-2.757811059527517e-07,0.047588728491864095,-0.4907835089271187
1770271415.7801883,1.2990564383223824,0.0,0.02016841409760447,1.269998049988746,0.0,0.09057903474628932,0.013333333333333329,1.0,-1.9660728402748554e-07,0.03691665867668493,-0.4959424075837928
1770271416.1969662,1.2990564383223824,0.0,0.02016841409760447,1.2702804418802254,0.0,0.09039903474628933,0.013333333333333329,1.0,-1.523119413834818e-07,0.029245045816714433,-0.4994781240229146
1770271416.617631,1.2990564383223824,0.0,0.02016841409760447,1.27056306628704,0.0,0.09021903474628933,0.013333333333333329,1.0,-1.307392312213095e-07,0.022730293723898485,-0.5026197924198968
1770271417.036632,1.2990564383223824,0.0,0.02016841409760447,1.2708458754873269,0.0,0.09003903474628933,0.013333333333333329,1.0,-1.0742218174754059e-07,0.01798474982857132,-0.5048156202307621
1770271417.4498048,1.2990564383223824,0.0,0.02016841409760447,1.2711288121247284,0.0,0.08985903474628933,0.013333333333333329,1.0,-7.145463028141699e-08,0.013942094594682122,-0.5067666230140114
1770271417.8707235,1.2990564383223824,0.0,0.02016841409760447,1.2714118525314324,0.0,0.08967903474628933,0.013333333333333329,1.0,-5.657539366102487e-08,0.011170705241140375,-0.508025176223511
1770271418.2966268,1.2990564383223824,0.0,0.02016841409760447,1.2716949616026871,0.0,0.08949903474628933,0.013333333333333329,1.0,-3.9854940040491195e-08,0.00872866400982888,-0.5092132453064901
1770271418.7243679,1.2990564383223824,0.0,0.02016841409760447,1.2719781294679635,0.0,0.08931903474628933,0.013333333333333329,1.0,0.09076920827252187,0.00821530918715554,-0.5733795558278781
1770271419.144681,1.2990564383223824,0.0,0.02016841409760447,1.2721866200852388,0.0,0.08913903474628933,0.013333333333333329,1.0,0.1015864958053533,0.013176156111852749,-0.5821611691085633
1770271419.5707,1.2990564383223824,0.0,0.02016841409760447,1.272385806334018,0.0,0.08895920216977604,0.013333333333333329,1.0,0.10077397644455675,0.007362010869746294,-0.584341052200561
1770271419.998911,1.2990564383223824,0.0,0.02016841409760447,1.2725861196470254,0.0,0.08877920295298107,0.013333333333333329,1.0,0.0989660460011687,0.0024360188427314695,-0.5849073024491711
1770271420.4174078,1.2990564383223824,0.0,0.02016841409760447,1.272788295850753,0.0,0.08859920295298107,0.013333333333333329,1.0,0.09992659325950597,0.0009063475757517104,-0.5862930532649948
1770271420.8330204,1.2990564383223824,0.0,0.02016841409760447,1.2729897992920869,0.0,0.08841920295298107,0.013333333333333329,1.0,0.07917825457796532,3.414178877489433e-06,-0.5659335074948807
1770271421.2515802,1.2990564383223824,0.0,0.02016841409760447,1.2732083746075624,0.0,0.08823920295298107,0.0,-0.5,0.0005273042340486001,-0.006004360344743483,-0.24812590151403893
1770271421.671314,1.2990564383223824,0.0,0.02016841409760447,1.2732083746075624,0.0,0.0883548348933459,0.0,-0.5,-0.0016095718093257255,-0.0780023301538962,-0.2198082037132929
1770271422.0915537,1.2990564383223824,0.0,0.02016841409760447,1.2732083746075624,0.0,0.08846254534780987,0.0,-0.5,-0.003837245705377475,-0.14330917065034743,-0.18871334442984888
1770271422.5063832,1.2990564383223824,0.0,0.02016841409760447,1.2732083746075624,0.0,0.0885621869021655,0.0,-0.5,-0.0007317194134875695,-0.1933815176462699,-0.15904819528994488
1770271422.9452462,1.2990564383223824,0.0,0.02016841409760447,1.2732083746075624,0.0,0.0886551935726405,0.0,-0.5,-0.008222919933936227,-0.2443613295110844,-0.14114023636487547
1770271423.3631308,1.2990564383223824,0.0,0.02016841409760447,1.2732083746075624,0.0,0.08874081001162537,0.25,-0.11618131519101924,0.0009089605181976828,-0.25839883262701435,-0.3216035485113929
1770271423.7917912,1.2992173027888112,0.0,0.020138099560035663,1.2732083746075624,0.0,0.08874081001162537,0.25,-0.1091089075377368,0.10864929490363669,-0.24563042054184084,-0.2108883028069327
1770271424.210178,1.2993581882868253,0.0,0.020113241639229243,1.2732083746075624,0.0,0.08874081001162537,0.25,-0.11046813212811551,0.24128737579471543,-0.21823968371953928,-0.06533747368322661
1770271424.6286502,1.2994737143951967,0.0,0.020092858144167978,1.2732083746075624,0.0,0.08874081001162537,0.23958333333333343,-0.11386683619909149,0.2566459374414045,-0.19244473483045685,-0.05893104831266201
1770271425.0507488,1.2995684458040613,0.0,0.020076143678217744,1.2732083746075624,0.0,0.08874081001162537,0.22916666666666674,-0.11465464658819532,0.2511829948758716,-0.16544090127395275,-0.050109838907733975
1770271425.4837008,1.2996461255593303,0.0,0.020062437816138548,1.2732083746075624,0.0,0.08874081001162537,0.22916666666666674,-0.11465464658819532,0.010479644406751035,0.024793669702950303,-0.30743463750317884
1770271425.898695,1.2993605496068004,0.0,0.02005119900923361,1.2732083746075624,0.0,0.08874081001162537,0.22916666666666674,-0.11465464658819532,-0.0014196320568542185,0.09747747135989869,-0.3439207378632628
1770271426.316856,1.2989391487140658,0.0,0.02005119900923361,1.2732083746075624,0.0,0.08874081001162537,0.22916666666666674,-0.11465464658819532,-0.004976169917833847,0.07656447012458054,-0.3318436950644203
1770271426.7431173,1.2985454420585634,0.0,0.02005119900923361,1.2732083746075624,0.0,0.08874081001162537,0.22916666666666674,-0.11465464658819532,-0.003224710855717267,0.05951048143643171,-0.3211793404035124
1770271427.1591163,1.2981817334861756,0.0,0.02005119900923361,1.2732083746075624,0.0,0.08874081001162537,0.22916666666666674,-0.11465464658819532,-0.002616121501565377,0.04724480800284365,-0.3139590828071104
1770271427.5734906,1.2978387835378649,0.0,0.02004198318757156,1.2732083746075624,0.0,0.08874081001162537,0.22916666666666674,-0.11465464658819532,-0.0020305942397582794,0.03734732185202471,-0.30818799374161693
1770271427.9857795,1.2975128344709874,0.0,0.020034426213808677,1.2732083746075624,0.0,0.08874081001162537,0.22916666666666674,-0.11465464658819532,-0.0014466106500091102,0.029027430369859906,-0.30328630494391995
1770271428.4001453,1.2972013887734415,0.0,0.020028229495323114,1.2732083746075624,0.0,0.08874081001162537,0.22916666666666674,-0.11465464658819532,-0.0010878529992186673,0.0231669128982827,-0.29975135115628215
1770271428.8185418,1.296900112177849,0.0,0.020023148186164953,1.2732083746075624,0.0,0.08874081001162537,0.22916666666666674,-0.11465464658819532,-0.0009745461847780512,0.018000267487808464,-0.29698533443049413
1770271429.2338955,1.2966075020892622,0.0,0.02001898151265526,1.2732083746075624,0.0,0.08874081001162537,0.22916666666666674,-0.11465464658819532,-0.0007512973646742012,0.014317025848735907,-0.2947721244137138
1770271429.643759,1.2963213082845213,0.0,0.020015564840377312,1.2732083746075624,0.0,0.08874081001162537,0.22916666666666674,-0.11465464658819532,-0.0005418273509865848,0.011116910186131307,-0.2929142839710771
1770271430.0599232,1.2960407222385408,0.0,0.020012763169109396,1.2732083746075624,0.0,0.08874081001162537,0.22916666666666674,-0.11465464658819532,-0.0004207361638211882,0.008832088971222517,-0.29155925273168776
1770271430.4725251,1.2957640993816855,0.0,0.020010465798669705,1.2732083746075624,0.0,0.08874081001162537,0.22916666666666674,-0.11465464658819532,-0.0003267108699223956,0.006925683921709274,-0.29047418329649277
1770271430.8945055,1.2954907750947477,0.0,0.02000858195490916,1.2732083746075624,0.0,0.08874081001162537,0.0,-0.5,-8.857166294968541e-05,0.001255131893871665,-0.2512831928126693
1770271431.3262684,1.2954907750947477,0.0,0.02000858195490916,1.2732083746075624,0.0,0.08885716034412393,0.0,-0.5,0.0020648613303236424,-0.079737452411259,-0.2202953935552072
1770271431.747759,1.2954907750947477,0.0,0.02000858195490916,1.2732083746075624,0.0,0.08896475798487673,0.0,-0.5,-0.0008148683393429503,-0.14472775674007018,-0.18495002040218894
1770271432.1587222,1.2954907750947477,0.0,0.02000858195490916,1.2732083746075624,0.0,0.08906428083539018,0.21875000000000006,-0.12190190115685609,0.0016690872620007838,-0.20234279486532783,-0.26306286340476087
1770271432.569694,1.2954907750947477,0.0,0.02000703720302551,1.2735425480890268,0.0,0.08906428083539018,0.21875000000000006,-0.11622231929967447,0.20639440820404198,-0.1703103743371572,-0.04260286136751651
1770271432.9891636,1.2958662794108393,0.0,0.02000577050648092,1.2735425480890268,0.0,0.08906428083539018,0.2083333333333334,-0.11495076481892241,0.22769298781339706,-0.15772822002340212,-0.04200659751367902
1770271433.414003,1.2962627491493228,0.0,0.020004731815314352,1.2735425480890268,0.0,0.08906428083539018,0.19791666666666674,-0.12351610854081355,0.20430369821379274,-0.14471740389646726,-0.01828876083764634
1770271433.8419578,1.2965928383023742,0.0,0.02000388008855777,1.2735425480890268,0.0,0.08906428083539018,0.18750000000000006,-0.11965318211086841,0.19832411328957816,-0.13639401971556117,-0.0200268705100151
1770271434.2649267,1.2969089672656062,0.0,0.020003181672617373,1.2735425480890268,0.0,0.08906428083539018,0.15625000000000003,-0.11409083917664412,0.1621464665822363,-0.13236800708769056,-0.01543765180054656
1770271434.679528,1.2971787298579218,0.0,0.020002608971546248,1.2735425480890268,0.0,0.08906428083539018,0.14583333333333334,-0.11249014652444861,0.1371225672505474,-0.1267548245480994,-0.01640442334857046
1770271435.0931203,1.2974033019168378,0.0,0.020002139356667923,1.2735425480890268,0.0,0.08906428083539018,0.14583333333333334,-0.11249014652444861,-0.041559206223233724,-0.10207591222835488,-0.19506754793658837
1770271435.5226567,1.2974033019168378,0.0,0.020001754272467698,1.2735425480890268,0.0,0.08906428083539018,0.14583333333333334,-0.11249014652444861,-0.054890499429692076,-0.07440552448938403,-0.22253318255445478
1770271435.940797,1.2972118890423776,0.0,0.02000143850342351,1.2735425480890268,0.0,0.08906428083539018,0.14583333333333334,-0.11249014652444861,-0.05583314296355843,-0.05762582367801129,-0.2307766078012477
1770271436.3628883,1.2969907911951544,0.0,0.020001179572807278,1.2735425480890268,0.0,0.08906428083539018,0.14583333333333334,-0.11249014652444861,-0.05194030454596515,-0.04639534602981651,-0.231944085891434
1770271436.7818675,1.2967572145904305,0.0,0.02000096724970197,1.2735425480890268,0.0,0.08906428083539018,0.14583333333333334,-0.11249014652444861,-0.05126976459313391,-0.03817803516540809,-0.23508088469242835
1770271437.214242,1.2965110032523872,0.0,0.020000793144755613,1.2735425480890268,0.0,0.08906428083539018,0.14583333333333334,-0.11249014652444861,-0.05050250788138142,-0.03282180887895038,-0.23670563266610964
1770271437.6303308,1.2962571037967208,0.0,0.0200006503786996,1.2735425480890268,0.0,0.08906428083539018,0.14583333333333334,-0.11249014652444861,-0.053613619288344,-0.029692298143335853,-0.24115882788579515
1770271438.0587482,1.2959929950864317,0.0,0.020000533310533673,1.2735425480890268,0.0,0.08906428083539018,0.14583333333333334,-0.11249014652444861,-0.04913253378837801,-0.02414565730322997,-0.23969277581633125
1770271438.4820216,1.29572687030983,0.0,0.02000043731463761,1.2735425480890268,0.0,0.08906428083539018,0.14583333333333334,-0.11249014652444861,-0.04777100104753943,-0.01714035776966618,-0.24197975871162034
1770271438.8956988,1.295451306356907,0.0,0.02000035859800284,1.2735425480890268,0.0,0.08906428083539018,0.14583333333333334,-0.11249014652444861,-0.048408766283828196,-0.011592938248256364,-0.24524544570739865
1770271439.3184676,1.2951655356116296,0.0,0.02000029405036233,1.2735425480890268,0.0,0.08906428083539018,0.14583333333333334,-0.11249014652444861,-0.0482317541074996,-0.008385719858003548,-0.24643802261308076
1770271439.7371025,1.2948747469575406,0.0,0.02000024112129711,1.2735425480890268,0.0,0.08906428083539018,0.14583333333333334,-0.11249014652444861,-0.049511654499091715,-0.0059677342317361005,-0.24884799254140805
1770271440.1644588,1.2945779261012078,0.0,0.02000019771946363,1.2735425480890268,0.0,0.08906428083539018,0.14583333333333334,-0.11249014652444861,-0.047164873494430895,-0.00423287892949963,-0.24730032615546238
1770271440.5942287,1.2942819851596357,0.0,0.020000162129960176,1.2735425480890268,0.0,0.08906428083539018,0.14583333333333334,-0.11249014652444861,-0.04878045632969888,-0.00290674782786306,-0.24953810212148866
1770271441.0035498,1.2939812834150792,0.0,0.020000132946567346,1.2735425480890268,0.0,0.08906428083539018,0.14583333333333334,-0.11249014652444861,-0.0495006706532164,-0.002210417929912346,-0.2505435012736129
1770271441.4226832,1.293678288832426,0.0,0.020000109016185222,1.2735425480890268,0.0,0.08906428083539018,0.14583333333333334,-0.11249014652444861,-0.04556387344553641,-0.0020108177430831096,-0.24665683118823545
1770271441.8405375,1.2933812368769646,0.0,0.020000089393271882,1.2735425480890268,0.0,0.08906428083539018,0.14583333333333334,-0.11249014652444861,-0.04776117324815295,-0.0017705280979426836,-0.2489783447592533
1770271442.2650325,1.293080286137581,0.0,0.020000073302482945,1.2735425480890268,0.0,0.08906428083539018,0.21875000000000006,-0.09241050429624349,0.0008966866927579007,-0.0017378718780011709,-0.2631928951383575
1770271442.683896,1.2928564435697796,0.0,0.020000060108036014,1.2735425480890268,0.0,0.08906428083539018,0.21875000000000006,-0.09356706241924419,0.21524290990450273,-0.007001757533012535,-0.047316131104114284
1770271443.108976,1.2930046953828336,0.0,0.020000060108036014,1.2735425480890268,0.0,0.08906428083539018,0.0,-1.0,0.14281628113120368,-0.06036708255656616,-0.6179692723552759
1770271443.5210361,1.2930046953828336,0.0,0.020000060108036014,1.2732648919486993,0.0,0.08924119333386431,0.10416666666666666,-0.020461211427434477,0.014419180973812389,-0.21615094454300898,-0.20317073844928582
1770271443.9307108,1.2933099776859285,0.0,0.020000049288589533,1.2732648919486993,0.0,0.08924119333386431,0.1666666666666667,0.00987839180092317,0.1458736254404991,-0.23225608762029157,-0.14347079524450326
1770271444.34576,1.2938499776859285,0.0,0.020000040416643418,1.2732648919486993,0.0,0.08924119333386431,0.15625000000000003,0.014890859185065214,0.16230697891517815,-0.1884035316425647,-0.11208942992676577
1770271444.7889006,1.2943730883307458,0.0,0.020000033141647604,1.2732648919486993,0.0,0.08924119333386431,0.15625000000000003,0.01492133398534722,0.08225028017226524,-0.14389885064826954,-0.1578602802439727
1770271445.1999335,1.2946974342198374,0.0,0.020000027176151035,1.2732648919486993,0.0,0.08924119333386431,0.15625000000000003,0.01492133398534722,-0.0030167917325344485,-0.11366189448128051,-0.22658210158254724
1770271445.6165762,1.2946974342198374,0.0,0.02000002228444385,1.2732648919486993,0.0,0.08924119333386431,0.15625000000000003,0.01492133398534722,-0.0033747766840646304,-0.08826598029088681,-0.21375802524122103
1770271446.031685,1.2946974342198374,0.0,0.020000018273243957,1.2732648919486993,0.0,0.08924119333386431,0.15625000000000003,0.01492133398534722,-0.0024820460588803944,-0.07042569558696786,-0.20318958931542985
1770271446.444921,1.2946974342198374,0.0,0.020000014984060045,1.2732648919486993,0.0,0.08924119333386431,0.15625000000000003,0.01492133398534722,-0.0018855014870057549,-0.05480639748638518,-0.19456129703293024
1770271446.8732922,1.2946974342198374,0.0,0.02000001228692924,1.2732648919486993,0.0,0.08924119333386431,0.15625000000000003,0.01492133398534722,-0.0014333908649919525,-0.0434954608307721,-0.18802288193861294
1770271447.2972302,1.2946974342198374,0.0,0.020000010075281977,1.2732648919486993,0.0,0.08924119333386431,0.15625000000000003,0.01492133398534722,-0.0009964835343810082,-0.033930594078403056,-0.18262893424149307
1770271447.7151713,1.2946974342198374,0.0,0.02000000826173122,1.2732648919486993,0.0,0.08924119333386431,0.15625000000000003,0.01492133398534722,-0.0008975122930606462,-0.026422197725698877,-0.17857011778385415
1770271448.148396,1.2946974342198374,0.0,0.020000006774619602,1.2732648919486993,0.0,0.08924119333386431,0.15625000000000003,0.01492133398534722,-0.0006412407493915765,-0.020717116116009442,-0.17528097396103887
1770271448.5638123,1.2946974342198374,0.0,0.020000005555188074,1.2732648919486993,0.0,0.08924119333386431,0.15625000000000003,0.01492133398534722,-0.00047148329278509356,-0.01662997586490239,-0.17290585224302063
1770271448.978705,1.2946974342198374,0.0,0.02000000455525422,1.2732648919486993,0.0,0.08924119333386431,0.15625000000000003,0.01492133398534722,-0.00034879049751651407,-0.013307549837323606,-0.17104547501160983
1770271449.3910532,1.2946974342198374,0.0,0.02000000373530846,1.2732648919486993,0.0,0.08924119333386431,0.15625000000000003,0.01492133398534722,-0.00026473213183633845,-0.010390666286246658,-0.169462420622741
1770271449.8058214,1.2946974342198374,0.0,0.020000003062952937,1.2732648919486993,0.0,0.08924119333386431,0.15625000000000003,0.01492133398534722,-0.00020428561030712516,-0.008261644729881609,-0.1682586771235581
1770271450.2191975,1.2946974342198374,0.0,0.020000002511621408,1.2732648919486993,0.0,0.08924119333386431,0.15625000000000003,0.01492133398534722,-0.00018504505263930896,-0.006466468691238027,-0.16730846399479632
1770271450.648562,1.2946974342198374,0.0,0.020000002059529554,1.2732648919486993,0.0,0.08924119333386431,0.15625000000000003,0.01492133398534722,-0.00012528722092428564,-0.005092402101771155,-0.16651956192343018
1770271451.0604248,1.2946974342198374,0.0,0.020000001688814235,1.2732648919486993,0.0,0.08924119333386431,0.15625000000000003,0.01492133398534722,-9.205310726343284e-05,-0.004105431675499116,-0.16595413298031383
1770271451.4811933,1.2946974342198374,0.0,0.020000001384827673,1.2732648919486993,0.0,0.08924119333386431,0.15625000000000003,0.01492133398534722,-6.966023956345767e-05,-0.0032173305052547205,-0.16547780260188888
1770271451.9132864,1.2946974342198374,0.0,0.020000001135558693,1.2732648919486993,0.0,0.08924119333386431,0.15625000000000003,0.01492133398534722,-5.967308392665669e-05,-0.0024807851740601145,-0.1650843871967498
1770271452.335746,1.2946974342198374,0.0,0.020000000931158127,1.2732648919486993,0.0,0.08924119333386431,0.15625000000000003,0.01492133398534722,-4.143059134392976e-05,-0.0020926186096276497,-0.16483722354527464
1770271452.7511308,1.2946974342198374,0.0,0.020000000763549665,1.2732648919486993,0.0,0.08924119333386431,0.15625000000000003,0.01492133398534722,-3.135938133150974e-05,-0.0016852451054813742,-0.16462538627716045
1770271453.1646235,1.2946974342198374,0.0,0.020000000626110726,1.2732648919486993,0.0,0.08924119333386431,0.15625000000000003,0.01492133398534722,-2.7117551901243522e-05,-0.0012476068569789057,-0.16440535179791457
1770271453.586867,1.2946974342198374,0.0,0.020000000513410797,1.2732648919486993,0.0,0.08924119333386431,0.15625000000000003,0.01492133398534722,-1.8446786909646913e-05,-0.0010436162854438374,-0.1642713209794587
1770271454.0065076,1.2946974342198374,0.0,0.020000000420996852,1.2732648919486993,0.0,0.08924119333386431,0.15625000000000003,0.01492133398534722,-1.4316355604880896e-05,-0.0010066387978275592,-0.16423200049595393
1770271454.4209244,1.2946974342198374,0.0,0.020000000345217418,1.2732648919486993,0.0,0.08924119333386431,0.15625000000000003,0.01492133398534722,-1.2952703581231983e-05,-0.000917438544320881,-0.16419125899376597
1770271454.8476813,1.2946974342198374,0.0,0.020000000283078283,1.2732648919486993,0.0,0.08924119333386431,0.15625000000000003,0.01492133398534722,-8.772161222934967e-06,-0.0007652750999427721,-0.1641172930483058
1770271455.2627914,1.2946974342198374,0.0,0.020000000232124192,1.2732648919486993,0.0,0.08924119333386431,0.15625000000000003,0.01492133398534722,-6.8400846709047096e-06,-0.0006295828859143801,-0.16404586774170457
1770271455.677396,1.2946974342198374,0.0,0.020000000190341836,1.2732648919486993,0.0,0.08924119333386431,0.15625000000000003,0.01492133398534722,-5.220563708291638e-06,-0.0005261690774206309,-0.16398931347594164
1770271456.1087718,1.2946974342198374,0.0,0.020000000156080305,1.2732648919486993,0.0,0.08924119333386431,0.15625000000000003,0.01492133398534722,-3.792549685725871e-06,-0.0003970655547301892,-0.1639259026719935
1770271456.528101,1.2946974342198374,0.0,0.02000000012798585,1.2732648919486993,0.0,0.08924119333386431,0.15625000000000003,0.01492133398534722,-3.4500364673331197e-06,-0.0002741717756892675,-0.16386349229488972
1770271456.9470155,1.2946974342198374,0.0,0.020000000104948398,1.2732648919486993,0.0,0.08924119333386431,0.15625000000000003,0.01492133398534722,-2.3362082126502493e-06,-0.00018409222898188303,-0.16381405727004797
1770271457.3918803,1.2946974342198374,0.0,0.020000000086057686,1.2732648919486993,0.0,0.08924119333386431,0.15625000000000003,0.01492133398534722,-1.6650877153227492e-06,-0.00019151959575743798,-0.16380883461494522
1770271457.8176906,1.2946974342198374,0.0,0.020000000070567302,1.2732648919486993,0.0,0.08924119333386431,0.15625000000000003,0.01492133398534722,-1.4350754651461283e-06,-0.0001333717087041092,-0.1637846027111962
1770271458.2366025,1.2946974342198374,0.0,0.02000000005786519,1.2732648919486993,0.0,0.08924119333386431,0.15625000000000003,0.01492133398534722,-1.178520064774373e-06,-0.0002917966400911009,-0.1638735863259227
1770271458.6722825,1.2946974342198374,0.0,0.020000000047449455,1.2732648919486993,0.0,0.08924119333386431,0.15625000000000003,0.01492133398534722,-7.980571939962844e-07,-0.0004227487287689792,-0.1639359346231199
1770271459.1161723,1.2946974342198374,0.0,0.020000000038908554,1.2732648919486993,0.0,0.08924119333386431,0.15625000000000003,0.01492133398534722,-6.645770030429961e-07,-0.00039359930612693664,-0.16391104616500435
1770271459.5634496,1.2946974342198374,0.0,0.020000000031905014,1.2732648919486993,0.0,0.08924119333386431,0.15625000000000003,0.01492133398534722,-5.138826819595176e-07,-0.00031149275135147693,-0.16387513790650887
1770271459.995368,1.2946974342198374,0.0,0.02000000002616211,1.2732648919486993,0.0,0.08924119333386431,0.15625000000000003,0.01492133398534722,-3.8619501507761e-07,-0.00030472132797929095,-0.16386409099401558
1770271460.4070303,1.2946974342198374,0.0,0.02000000002145293,1.2732648919486993,0.0,0.08924119333386431,0.15625000000000003,0.01492133398534722,-2.498577192520378e-07,-9.750547980484224e-05,-0.16378039117511278
1770271460.82155,1.2946974342198374,0.0,0.020000000017591404,1.2732648919486993,0.0,0.08924119333386431,0.15625000000000003,0.01492133398534722,-2.2721356871336478e-07,-7.835764427939482e-05,-0.1637519878119346
1770271461.2453833,1.2946974342198374,0.0,0.02000000001442495,1.2732648919486993,0.0,0.08924119333386431,0.15625000000000003,0.01492133398534722,-1.7645415988686768e-07,-0.00010169839084566837,-0.163764026716913
1770271461.6732683,1.2946974342198374,0.0,0.02000000001182846,1.2732648919486993,0.0,0.08924119333386431,0.15625000000000003,0.01492133398534722,-1.1754383251385915e-07,-8.136835474528124e-05,-0.16375350171748881
1770271462.0936165,1.2946974342198374,0.0,0.020000000009699336,1.2732648919486993,0.0,0.08924119333386431,0.15625000000000003,0.01492133398534722,-8.46876630946772e-08,-0.00011033727415057112,-0.16376881720935255
1770271462.5062823,1.2946974342198374,0.0,0.020000000007953454,1.2732648919486993,0.0,0.08924119333386431,0.15625000000000003,0.01492133398534722,-6.469600491489887e-08,-8.959981496737163e-05,-0.16375760534208056
1770271462.9184287,1.2946974342198374,0.0,0.020000000006521832,1.2732648919486993,0.0,0.08924119333386431,0.15625000000000003,0.01492133398534722,-5.697198619491927e-08,-0.00019741646228777426,-0.16382021386053575
1770271463.3353837,1.2946974342198374,0.0,0.020000000005347903,1.2732648919486993,0.0,0.08924119333386431,0.15625000000000003,0.01492133398534722,-4.4429785172757434e-08,-0.00016658664044235145,-0.16379708772486454
1770271463.7566137,1.2946974342198374,0.0,0.02000000000438528,1.2732648919486993,0.0,0.08924119333386431,0.15625000000000003,0.01492133398534722,-3.179806979647514e-08,-0.0002559212221018022,-0.16384759285996026
1770271464.178678,1.2946974342198374,0.0,0.02000000000359593,1.2732648919486993,0.0,0.08924119333386431,0.15625000000000003,0.01492133398534722,-2.2616168895627078e-08,-0.00030587780123927406,-0.1638686241673759
1770271464.5921853,1.2946974342198374,0.0,0.020000000002948663,1.2732648919486993,0.0,0.08924119333386431,0.15625000000000003,0.01492133398534722,-1.7630273780579544e-08,-0.00028072644795086387,-0.16385356298225168
1770271465.0465608,1.2946974342198374,0.0,0.020000000002417903,1.2732648919486993,0.0,0.08924119333386431,0.15625000000000003,0.01492133398534722,-1.3977687456753493e-08,-0.00043457796902829344,-0.163943355106983
1770271465.4786944,1.2946974342198374,0.0,0.020000000001982682,1.2732648919486993,0.0,0.08924119333386431,0.15625000000000003,0.01492133398534722,-9.807511874081552e-09,-0.00024907129196315224,-0.16385376311387362
1770271465.8977747,1.2946974342198374,0.0,0.0200000000016258,1.2732648919486993,0.0,0.08924119333386431,0.15625000000000003,0.01492133398534722,-7.718604522717724e-09,-0.0002307875916570556,-0.1638278968771373
1770271466.3181844,1.2946974342198374,0.0,0.020000000001333156,1.2732648919486993,0.0,0.08924119333386431,0.15625000000000003,0.01492133398534722,-6.95462072300341e-09,-0.00017698180046505567,-0.16380454542664608
1770271466.735245,1.2946974342198374,0.0,0.02000000000109319,1.2732648919486993,0.0,0.08924119333386431,0.15625000000000003,0.01492133398534722,-5.411398350127462e-09,-0.00019117738271791246,-0.16380768065365622
1770271467.1565866,1.2946974342198374,0.0,0.020000000000896415,1.2732648919486993,0.0,0.08924119333386431,0.15625000000000003,0.01492133398534722,-3.7089206315117277e-09,-0.00012958303692947354,-0.16378162165463786
1770271467.5911572,1.2946974342198374,0.0,0.02000000000073506,1.2732648919486993,0.0,0.08924119333386431,0.15625000000000003,0.01492133398534722,-2.6534294656343553e-09,-0.00025920154886821425,-0.1638532322717311
1770271468.0181315,1.2946974342198374,0.0,0.02000000000060275,1.2732648919486993,0.0,0.08924119333386431,0.15625000000000003,0.01492133398534722,-2.391351528358388e-09,-0.00019575726726217224,-0.16381489244581687
1770271468.4441648,1.2946974342198374,0.0,0.020000000000494254,1.2732648919486993,0.0,0.08924119333386431,0.15625000000000003,0.01492133398534722,-1.7709212832935907e-09,-0.00021305190769984017,-0.16381892418148858
1770271468.8629825,1.2946974342198374,0.0,0.020000000000405287,1.2732648919486993,0.0,0.08924119333386431,0.15625000000000003,0.01492133398534722,-1.2670873487904276e-09,-0.0003366424297662945,-0.16389134852685078
1770271469.278115,1.2946974342198374,0.0,0.020000000000332335,1.2732648919486993,0.0,0.08924119333386431,0.15625000000000003,0.01492133398534722,-9.035673937336945e-10,-0.0003919473535870272,-0.1639121720654166
1770271469.6931336,1.2946974342198374,0.0,0.020000000000272515,1.2732648919486993,0.0,0.08924119333386431,0.15625000000000003,0.01492133398534722,-7.529894238368817e-10,-0.00033977098961752506,-0.16388577087686876
1770271470.1138635,1.2946974342198374,0.0,0.020000000000223464,1.2732648919486993,0.0,0.08924119333386431,0.15625000000000003,0.01492133398534722,-6.353157285042346e-10,-0.0002565085947106688,-0.16384724816483537
1770271470.5299275,1.2946974342198374,0.0,0.02000000000018324,1.2732648919486993,0.0,0.08924119333386431,0.15625000000000003,0.01492133398534722,-4.921890126259361e-10,-0.00020206503489376965,-0.16381714435829123
1770271470.9635894,1.2946974342198374,0.0,0.020000000000150255,1.2732648919486993,0.0,0.08924119333386431,0.15625000000000003,0.01492133398534722,-3.1572357490822175e-10,-8.038974247169889e-05,-0.1637630297088753
1770271471.4056046,1.2946974342198374,0.0,0.02000000000012321,1.2732648919486993,0.0,0.08924119333386431,0.15625000000000003,0.01492133398534722,-2.717740263436519e-10,-2.6906664222745073e-05,-0.16372946890438392
1770271471.8192408,1.2946974342198374,0.0,0.020000000000101034,1.2732648919486993,0.0,0.08924119333386431,0.15625000000000003,0.01492133398534722,-2.0559867871268226e-10,3.3928037533357794e-05,-0.16369978664968124
1770271472.229304,1.2946974342198374,0.0,0.020000000000082847,1.2732648919486993,0.0,0.08924119333386431,0.15625000000000003,0.01492133398534722,-1.5902279357015746e-10,-3.821938747796094e-05,-0.16373699158793653
1770271472.6570733,1.2946974342198374,0.0,0.020000000000067936,1.2732648919486993,0.0,0.08924119333386431,0.15625000000000003,0.01492133398534722,-1.2260510961206758e-10,-7.084763371575576e-07,-0.16371477244456142
1770271473.0818875,1.2946974342198374,0.0,0.020000000000055706,1.2732648919486993,0.0,0.08924119333386431,0.15625000000000003,0.01492133398534722,-9.803519708323933e-11,-7.136703580958983e-05,-0.16375341646456085
1770271473.515242,1.2946974342198374,0.0,0.02000000000004568,1.2732648919486993,0.0,0.08924119333386431,0.15625000000000003,0.01492133398534722,-6.657300175437629e-11,-6.50132302986179e-05,-0.16374380905494704
1770271473.9330864,1.2946974342198374,0.0,0.020000000000037457,1.2732648919486993,0.0,0.08924119333386431,0.15625000000000003,0.01492133398534722,-5.462313809520559e-11,-9.908904283908407e-05,-0.16376361914997037
1770271474.3517108,1.2946974342198374,0.0,0.020000000000030715,1.2732648919486993,0.0,0.08924119333386431,0.15625000000000003,0.01492133398534722,-3.923700477231172e-11,-0.00010543404458227573,-0.16376401855437608
1770271474.7700686,1.2946974342198374,0.0,0.020000000000025185,1.2732648919486993,0.0,0.08924119333386431,0.15625000000000003,0.01492133398534722,-3.054646281132739e-11,-6.895458602066548e-05,-0.16374879226208658
1770271475.2029366,1.2946974342198374,0.0,0.02000000000002065,1.2732648919486993,0.0,0.08924119333386431,0.15625000000000003,0.01492133398534722,-2.186225899149237e-11,-0.00023495254026205544,-0.1638447430800911
1770271475.6199331,1.2946974342198374,0.0,0.020000000000016935,1.2732648919486993,0.0,0.08924119333386431,0.15625000000000003,0.01492133398534722,-1.8754009883323533e-11,-0.0002881838886869048,-0.16386008209061356
1770271476.0371053,1.2946974342198374,0.0,0.020000000000013885,1.2732648919486993,0.0,0.08924119333386431,0.15625000000000003,0.01492133398534722,-1.4525556330264559e-11,-0.00022903020252019733,-0.16383109747707594
1770271476.4704638,1.2946974342198374,0.0,0.020000000000011387,1.2732648919486993,0.0,0.08924119333386431,0.15625000000000003,0.01492133398534722,-1.0411697310736078e-11,-0.0001726252440288477,-0.1638026201209489
1770271476.8926368,1.2946974342198374,0.0,0.020000000000009337,1.2732648919486993,0.0,0.08924119333386431,0.15625000000000003,0.01492133398534722,-7.430586604086196e-12,-0.00022694498656349217,-0.16382957146763943
1770271477.30715,1.2946974342198374,0.0,0.020000000000007657,1.2732648919486993,0.0,0.08924119333386431,0.15625000000000003,0.01492133398534722,-5.561125528662313e-12,-0.00017520436649334317,-0.16380344324348844
1770271477.7386878,1.2946974342198374,0.0,0.02000000000000628,1.2732648919486993,0.0,0.08924119333386431,0.15625000000000003,0.01492133398534722,-4.4117969304029726e-12,-2.413712470029349e-05,-0.1637378422836149
1770271478.1526754,1.2946974342198374,0.0,0.02000000000000515,1.2732648919486993,0.0,0.08924119333386431,0.15625000000000003,0.01492133398534722,-3.3340202757055816e-12,-0.00018213235768544948,-0.16381753269814892
1770271478.5684693,1.2946974342198374,0.0,0.020000000000004223,1.2732648919486993,0.0,0.08924119333386431,0.15625000000000003,0.01492133398534722,-2.7419254196757765e-12,-8.762473485908915e-05,-0.16376393012512774
1770271478.989395,1.2946974342198374,0.0,0.020000000000003463,1.2732648919486993,0.0,0.08924119333386431,0.15625000000000003,0.01492133398534722,-1.9566977639063983e-12,-8.721006037022751e-05,-0.16375431349226433
1770271479.4021668,1.2946974342198374,0.0,0.02000000000000284,1.2732648919486993,0.0,0.08924119333386431,0.15625000000000003,0.01492133398534722,-1.5166500626863768e-12,-0.00020396306273187935,-0.16382432382579237
1770271479.816909,1.2946974342198374,0.0,0.02000000000000233,1.2732648919486993,0.0,0.08924119333386431,0.15625000000000003,0.01492133398534722,-1.2348452822838783e-12,-0.0002472402189396678,-0.1638386148189991
1770271480.2307057,1.2946974342198374,0.0,0.02000000000000191,1.2732648919486993,0.0,0.08924119333386431,0.15625000000000003,0.01492133398534722,-1.0099232134014587e-12,-0.0002619674008628419,-0.16384312341230728
1770271480.6465366,1.2946974342198374,0.0,0.020000000000001565,1.2732648919486993,0.0,0.08924119333386431,0.15625000000000003,0.01492133398534722,-7.244312902131714e-13,-0.00023109954754975181,-0.16382930355250425
1770271481.0616963,1.2946974342198374,0.0,0.020000000000001284,1.2732648919486993,0.0,0.08924119333386431,0.15625000000000003,0.01492133398534722,-5.626805316890334e-13,-0.0001579957325859502,-0.16379697524102568
1770271481.4772308,1.2946974342198374,0.0,0.02000000000000105,1.2732648919486993,0.0,0.08924119333386431,0.15625000000000003,0.01492133398534722,-4.009291954522933e-13,-0.0001713386908996468,-0.16379767063435577
1770271481.8887956,1.2946974342198374,0.0,0.02000000000000086,1.2732648919486993,0.0,0.08924119333386431,0.15625000000000003,0.01492133398534722,-3.115334737128181e-13,-0.00013504835547208886,-0.16378182020426396
1770271482.3242044,1.2946974342198374,0.0,0.020000000000000705,1.2732648919486993,0.0,0.08924119333386431,0.15625000000000003,0.01492133398534722,-2.5339846739043166e-13,1.8575130828004277e-06,-0.16372342882324115
1770271482.742712,1.2946974342198374,0.0,0.020000000000000576,1.2732648919486993,0.0,0.08924119333386431,0.15625000000000003,0.01492133398534722,-2.0820337849382523e-13,1.8407219566007525e-05,-0.16370311835374715
1770271483.1659434,1.2946974342198374,0.0,0.020000000000000472,1.2732648919486993,0.0,0.08924119333386431,0.15625000000000003,0.01492133398534722,-1.4938740064083187e-13,6.318733774274549e-05,-0.1636835513357693
1770271483.5852249,1.2946974342198374,0.0,0.02000000000000039,1.2732648919486993,0.0,0.08924119333386431,0.15625000000000003,0.01492133398534722,-1.0543624798919017e-13,6.409909956414879e-05,-0.16367870861917913
1770271484.0080178,1.2946974342198374,0.0,0.02000000000000032,1.2732648919486993,0.0,0.08924119333386431,0.15625000000000003,0.01492133398534722,-8.43282744778107e-14,4.6041749152643595e-06,-0.1637143143977652
1770271484.4464555,1.2946974342198374,0.0,0.02000000000000026,1.2732648919486993,0.0,0.08924119333386431,0.15625000000000003,0.01492133398534722,-5.958603907270501e-14,-0.00020810599128576182,-0.1638359910049962
1770271484.8675916,1.2946974342198374,0.0,0.020000000000000212,1.2732648919486993,0.0,0.08924119333386431,0.15625000000000003,0.01492133398534722,-5.188790493924755e-14,-0.00022780951581397027,-0.16382654210308534
1770271485.2802827,1.2946974342198374,0.0,0.020000000000000174,1.2732648919486993,0.0,0.08924119333386431,0.15625000000000003,0.01492133398534722,-3.9557199415039485e-14,-0.0001447808890418183,-0.16379136029991131
1770271485.700575,1.2946974342198374,0.0,0.020000000000000143,1.2732648919486993,0.0,0.08924119333386431,0.15625000000000003,0.01492133398534722,-2.7176893945843558e-14,-0.0003234734794153058,-0.16389027299144582
1770271486.1367605,1.2946974342198374,0.0,0.02000000000000012,1.2732648919486993,0.0,0.08924119333386431,0.15625000000000003,0.01492133398534722,-2.4563101693669674e-14,-0.00030102364962579075,-0.16386342380049007
1770271486.5503666,1.2946974342198374,0.0,0.020000000000000098,1.2732648919486993,0.0,0.08924119333386431,0.15625000000000003,0.01492133398534722,-1.5883193152943917e-14,-0.0003061538640764134,-0.1638642569461728
1770271486.9757733,1.2946974342198374,0.0,0.02000000000000008,1.2732648919486993,0.0,0.08924119333386431,0.15625000000000003,0.01492133398534722,-1.3654040864709905e-14,-0.00025600693366901686,-0.16384368515256253
1770271487.4060998,1.2946974342198374,0.0,0.020000000000000066,1.2732648919486993,0.0,0.08924119333386431,0.15625000000000003,0.01492133398534722,-9.276563854687171e-15,-0.00020991614199377333,-0.16382023414284733
1770271487.835605,1.2946974342198374,0.0,0.020000000000000056,1.2732648919486993,0.0,0.08924119333386431,0.15625000000000003,0.01492133398534722,-8.338252883985614e-15,-0.0001618466323832037,-0.16379639725983464
1770271488.2769036,1.2946974342198374,0.0,0.020000000000000046,1.2732648919486993,0.0,0.08924119333386431,0.15625000000000003,0.01492133398534722,-5.9608070193912436e-15,-6.42850405620011e-05,-0.16375256567214272
1770271488.7414281,1.2946974342198374,0.0,0.02000000000000004,1.2732648919486993,0.0,0.08924119333386431,0.15625000000000003,0.01492133398534722,-4.7111338185514745e-15,3.5683200656723364e-05,-0.16370282221647187
1770271489.1620417,1.2946974342198374,0.0,0.02000000000000003,1.2732648919486993,0.0,0.08924119333386431,0.15625000000000003,0.01492133398534722,0.10053389638390987,0.0006158328285485318,-0.06292686915727867
1770271489.5919974,1.2946974342198374,0.0,0.020000000000000025,1.2732648919486993,0.0,0.08924119333386431,0.15625000000000003,0.01492133398534722,0.10175928907805784,4.2377350947919215e-05,-0.061987534786901895
1770271490.0341954,1.2946974342198374,0.0,0.02000000000000002,1.2732648919486993,0.0,0.08924119333386431,0.15625000000000003,0.01492133398534722,0.10057945281212798,-0.0006465485901740106,-0.06352338106974485
1770271490.4487662,1.2946974342198374,0.0,0.020000000000000018,1.2732648919486993,0.0,0.08924119333386431,0.15625000000000003,0.01492133398534722,0.09958738086212439,-0.001041220456495715,-0.06468336354542928
1770271490.8706567,1.2946974342198374,0.0,0.020000000000000014,1.2732648919486993,0.0,0.08924119333386431,0.15625000000000003,0.01492133398534722,0.1018278087265555,-0.0006044454721389452,-0.06222875850062328
1770271491.2933002,1.2946974342198374,0.0,0.02000000000000001,1.2732648919486993,0.0,0.08924119333386431,0.15625000000000003,0.01492133398534722,0.01115148148391744,0.014177326061810819,-0.14694869963124577
1770271491.713187,1.2946974342198374,0.0,0.020000000000000007,1.2732648919486993,0.0,0.08924119333386431,0.15625000000000003,0.01492133398534722,-0.003838828117970172,0.18271372436948918,-0.260838663140809
1770271492.1312816,1.2943270817728045,0.0,0.020000000000000007,1.2732648919486993,0.0,0.08924119333386431,0.15625000000000003,0.01492133398534722,-0.0005036433776783048,0.2342868168440471,-0.271593694054484
1770271492.5454097,1.2938805294735434,0.0,0.020000000000000007,1.2732648919486993,0.0,0.08924119333386431,0.15625000000000003,0.01492133398534722,-0.0024834472494414442,0.18289760540860572,-0.24786050410461485
1770271492.9643652,1.2935120380826,0.0,0.020000000000000007,1.2732648919486993,0.0,0.08924119333386431,0.15625000000000003,0.01492133398534722,-0.0015055864803042876,0.14493982224363489,-0.22656060892594523
1770271493.3733273,1.2932068696875576,0.0,0.020000000000000007,1.2732648919486993,0.0,0.08924119333386431,0.15625000000000003,0.01492133398534722,-0.0010048562496670858,0.11542733368876344,-0.21045910495686238
1770271493.7922792,1.292951423541427,0.0,0.020000000000000007,1.2732648919486993,0.0,0.08924119333386431,0.15625000000000003,0.01492133398534722,-0.0007194683960738947,0.08976464939374156,-0.1969573945297733
1770271494.2107975,1.292739485958338,0.0,0.020000000000000007,1.2732648919486993,0.0,0.08924119333386431,0.15625000000000003,0.01492133398534722,-0.0005568949515673736,0.07140003557776038,-0.1868827071293721
1770271494.6327517,1.2925588525546792,0.0,0.020000000000000007,1.2732648919486993,0.0,0.08924119333386431,0.15625000000000003,0.01492133398534722,-0.0005035926649807429,0.05529610982657429,-0.1785513731607129
1770271495.0504034,1.292405650247455,0.0,0.020000000000000007,1.2732648919486993,0.0,0.08924119333386431,0.15625000000000003,0.01492133398534722,-0.0003595133455106077,0.04290893924773418,-0.17184203303458812
1770271495.4630575,1.292405650247455,0.0,0.020000000000000007,1.2732648919486993,0.0,0.08924119333386431,0.15625000000000003,0.01492133398534722,-0.0002793183571070995,0.033915211446662034,-0.16692562986787174
1770271495.8791916,1.292405650247455,0.0,0.020000000000000007,1.2732648919486993,0.0,0.08924119333386431,0.15625000000000003,0.01492133398534722,-0.00022786762343298382,0.027141496985224004,-0.1632653205695152
1770271496.2957604,1.292405650247455,0.0,0.020000000000000007,1.2732648919486993,0.0,0.08924119333386431,0.15625000000000003,0.01492133398534722,-0.00014797626995436024,0.020803409619747044,-0.15997282282370198
1770271496.7141478,1.292405650247455,0.0,0.020000000000000007,1.2732648919486993,0.0,0.08924119333386431,0.15625000000000003,0.01492133398534722,-0.00011363302799398791,0.016377692662175494,-0.1575343840621653
1770271497.1667776,1.292405650247455,0.0,0.020000000000000007,1.2732648919486993,0.0,0.08924119333386431,0.0,-0.5,0.0015501337498282292,-0.0008381256920150164,-0.25285265273923974
1770271497.5790794,1.292405650247455,0.0,0.020000000000000007,1.2732648919486993,0.0,0.08935737802386294,0.23958333333333343,-0.12321055289714143,0.1104097848123364,-0.033791093999836826,-0.17717857480043148
1770271497.9910638,1.292405650247455,0.0,0.020000000000000007,1.2734454657483094,0.0,0.08935737802386294,0.22916666666666674,-0.13268031582548223,0.2193592666693569,-0.02483031913729089,-0.0646284758276601
1770271498.4061005,1.292405650247455,0.0,0.020000000000000007,1.2734454657483094,0.0,0.08935737802386294,0.0,-0.5,0.1218419731192559,-0.07744708195893088,-0.33838010842195443
1770271498.83296,1.292405650247455,0.0,0.020000000000000007,1.2732414910912506,0.0,0.08946653961777697,0.0,-0.5,-0.05206619666898022,-0.047428233199498564,-0.2813539649451742
1770271499.2455215,1.292405650247455,0.0,0.020000000000000007,1.2732414910912506,0.0,0.0895761312341691,0.0,-0.5,-0.04930917731411627,-0.03579606154343962,-0.2825743637080024
1770271499.6710265,1.292405650247455,0.0,0.020000000000000007,1.2732414910912506,0.0,0.0896870681822301,0.0,-0.5,-0.05214960232164148,-0.03324591780027142,-0.2857816577958226
1770271500.0978858,1.292405650247455,0.0,0.020000000000000007,1.2732414910912506,0.0,0.08979817035436641,0.0,-0.5,-0.05150663818365784,-0.027815967990980166,-0.2881416491690969
1770271500.5355275,1.292405650247455,0.0,0.020000000000000007,1.2732414910912506,0.0,0.0899098657667638,0.0,-0.5,-0.05216680171683199,-0.022288181706337708,-0.29157548949212736
1770271500.9636812,1.292405650247455,0.0,0.020000000000000007,1.2732414910912506,0.0,0.09002211038827906,0.0,-0.5,-0.048825913400366454,-0.01763857082828317,-0.2904715890740303
1770271501.3918946,1.292405650247455,0.0,0.020000000000000007,1.2732414910912506,0.0,0.09013495775580417,0.0,-0.5,-0.0503254134213259,-0.013166390572656353,-0.2941894361605604
1770271501.8124404,1.292405650247455,0.0,0.020000000000000007,1.2732414910912506,0.0,0.09024820565223705,0.0,-0.5,-0.04744232285821484,-0.009040079581440333,-0.2933349141666163
1770271502.2412558,1.292405650247455,0.0,0.020000000000000007,1.2732414910912506,0.0,0.0903619786822797,0.0,-0.5,-0.04745182477890701,-0.006010779359304612,-0.2947493651214683
1770271502.6528406,1.292405650247455,0.0,0.020000000000000007,1.2732414910912506,0.0,0.0904760561001302,0.0,-0.5,-0.04870597366318163,-0.004096767954500027,-0.29684899082641203
1770271503.0672653,1.292405650247455,0.0,0.020000000000000007,1.2732414910912506,0.0,0.09059027836799632,0.0,-0.5,-0.04927351783381303,-0.003074238585960907,-0.29783865147768646
1770271503.4849722,1.292405650247455,0.0,0.020000000000000007,1.2732414910912506,0.0,0.09070458137035381,0.0,-0.5,-0.04743210319012379,-0.00214496988368348,-0.29645254511850977
1770271503.9078286,1.292405650247455,0.0,0.020000000000000007,1.2732414910912506,0.0,0.09081904589533817,0.0,-0.5,-0.04831283304419957,-0.002027972238633875,-0.29731054668938756
1770271504.3265772,1.292405650247455,0.0,0.020000000000000007,1.2732414910912506,0.0,0.09093348914504062,0.0,-0.5,-0.04829740680719782,-0.0018979209119651054,-0.29736145148388216
1770271504.7524283,1.292405650247455,0.0,0.020000000000000007,1.2732414910912506,0.0,0.09104794593453419,0.0,-0.5,-0.04749700446040762,-0.001974811395117913,-0.29651728781116393
1770271505.1699038,1.292405650247455,0.0,0.020000000000000007,1.2732414910912506,0.0,0.09116242498636258,0.0,-0.5,-0.05054633818780811,-0.001929964368553738,-0.29958584070618766
1770271505.58465,1.292405650247455,0.0,0.020000000000000007,1.2732414910912506,0.0,0.09127679391741765,0.0,-0.5,-0.04353127406091734,-0.0019315944288692548,-0.29256563985251427
1770271506.0072403,1.292405650247455,0.0,0.020000000000000007,1.2732414910912506,0.0,0.09139142366647733,0.25,-0.09411910091278602,0.07031697940988943,-0.0011049547612817865,-0.22627275763262142
1770271506.446569,1.292405650247455,0.0,0.020000000000000007,1.2732414910912506,0.0,0.09139142366647733,0.25,-0.09483165097422315,0.24502458105099106,-0.010440251474617943,-0.04810464837014516
1770271506.857016,1.2925952297945027,0.0,0.020000000000000007,1.2732414910912506,0.0,0.09139142366647733,0.25,-0.09774731983909954,0.25770243607681287,-0.03142733273282741,-0.04296113775576988
1770271507.2733645,1.2928379710729128,0.0,0.020000000000000007,1.2732414910912506,0.0,0.09139142366647733,0.25,-0.10295137950443593,0.2541725528641439,-0.04138378855377392,-0.03595199392156958
1770271507.7014353,1.2930845148814922,0.0,0.020000000000000007,1.2732414910912506,0.0,0.09139142366647733,0.25,-0.10298330116471073,0.2554421213093436,-0.06423900642336423,-0.027099790466975852
1770271508.1224723,1.2933714691568619,0.0,0.020000000000000007,1.2732414910912506,0.0,0.09139142366647733,0.25,-0.10236612765885669,0.17631875529709384,-0.07126262011134389,-0.08993535984546051
1770271508.5406213,1.2935366093273168,0.0,0.020000000000000007,1.2732414910912506,0.0,0.09139142366647733,0.25,-0.10236612765885669,0.09183417849793334,-0.053353659990259865,-0.1844629513484735
1770271508.9580314,1.2935366093273168,0.0,0.020000000000000007,1.2732414910912506,0.0,0.09139142366647733,0.25,-0.10236612765885669,0.09598253511950393,-0.04035920789556579,-0.18632036997161092
1770271509.4121735,1.2935366093273168,0.0,0.020000000000000007,1.2732414910912506,0.0,0.09139142366647733,0.25,-0.10236612765885669,0.09489504400229531,-0.030884581699629175,-0.1917931915969121
1770271509.8297207,1.2935366093273168,0.0,0.020000000000000007,1.2732414910912506,0.0,0.09139142366647733,0.25,-0.10236612765885669,0.07926858912170229,-0.024481019090105593,-0.2103143214236256
1770271510.25944,1.2935366093273168,0.0,0.020000000000000007,1.2732414910912506,0.0,0.09139142366647733,0.25,-0.10236612765885669,-0.002232320234094694,0.08536903808612227,-0.35708490882420696
1770271510.6937335,1.2931413764841562,0.0,0.020000000000000007,1.2732414910912506,0.0,0.09139142366647733,0.25,-0.10236612765885669,0.0033278478854471003,0.2540614526455002,-0.4417551837226691
1770271511.1041195,1.2926013764841562,0.0,0.020000000000000007,1.2732414910912506,0.0,0.09139142366647733,0.25,-0.10236612765885669,-0.002398262573928848,0.20021318541068325,-0.4090727458321805
1770271511.5503538,1.2920613764841562,0.0,0.020000000000000007,1.2732414910912506,0.0,0.09139142366647733,0.25,-0.10236612765885669,-0.001302657789253123,0.15315518887562157,-0.38376911570999844
1770271511.9716673,1.2915621811552054,0.0,0.020000000000000007,1.2732414910912506,0.0,0.09139142366647733,0.25,-0.10236612765885669,-0.0017820244105416676,0.12172074824528323,-0.36696890642564545
1770271512.3880806,1.2911105004186636,0.0,0.020000000000000007,1.2732414910912506,0.0,0.09139142366647733,0.25,-0.10236612765885669,-0.0012800346019249135,0.09463855145493695,-0.35249059383785636
1770271512.802868,1.2907020136220462,0.0,0.020000000000000007,1.2732414910912506,0.0,0.09139142366647733,0.25,-0.10236612765885669,-0.0009824016427522656,0.07567063019126861,-0.34189757269418175
1770271513.25501,1.290324159272433,0.0,0.020000000000000007,1.2732414910912506,0.0,0.09139142366647733,0.25,-0.10236612765885669,-0.0007924979302542512,0.05750789190935056,-0.3325457815425497
1770271513.6645913,1.2899758119685658,0.0,0.020000000000000007,1.2732414910912506,0.0,0.09139142366647733,0.25,-0.10236612765885669,-0.0006157715324636375,0.045529888041907995,-0.32576157976959025
1770271514.0789983,1.2896471606833944,0.0,0.020000000000000007,1.2732414910912506,0.0,0.09139142366647733,0.25,-0.10236612765885669,-0.00043987379079214793,0.03545644033921549,-0.3203585025600975
1770271514.49246,1.2893352061493406,0.0,0.020000000000000007,1.2732414910912506,0.0,0.09139142366647733,0.25,-0.10236612765885669,-0.0003347428632383613,0.028307590268260296,-0.3163864868338924
1770271514.9112246,1.2890351167209158,0.0,0.020000000000000007,1.2732414910912506,0.0,0.09139142366647733,0.25,-0.10236612765885669,-0.0002653319295577469,0.02243002984235361,-0.31325116672275355
1770271515.3362007,1.2887447829265604,0.0,0.020000000000000007,1.2732414910912506,0.0,0.09139142366647733,0.25,-0.10236612765885669,-0.0002162807425005035,0.017440839804990393,-0.3106186834781604
1770271515.7674935,1.288462733038188,0.0,0.020000000000000007,1.2732414910912506,0.0,0.09139142366647733,0.25,-0.10236612765885669,-0.00016340362547415222,0.013459143803950456,-0.30847420895698174
1770271516.195331,1.2881873276360043,0.0,0.020000000000000007,1.2732414910912506,0.0,0.09139142366647733,0.25,-0.10236612765885669,0.09869264073616484,0.014524125621635601,-0.20985898408584983
1770271516.628092,1.2881873276360043,0.0,0.020000000000000007,1.2732414910912506,0.0,0.09139142366647733,0.25,-0.10236612765885669,0.10477075886219203,0.016400854177559484,-0.20480040491160842
1770271517.057052,1.2881873276360043,0.0,0.020000000000000007,1.2732414910912506,0.0,0.09139142366647733,0.25,-0.10236612765885669,0.09948214940023647,0.009840998778946642,-0.2072773993585265
1770271517.4683003,1.2881873276360043,0.0,0.020000000000000007,1.2732414910912506,0.0,0.09139142366647733,0.25,-0.10236612765885669,0.09913148985531116,0.004204017929522143,-0.2047172810238207
1770271517.8954713,1.2881873276360043,0.0,0.020000000000000007,1.2732414910912506,0.0,0.09139142366647733,0.25,-0.10236612765885669,0.09813483708765135,0.002293155190355773,-0.2043858906108715
1770271518.3162339,1.2881873276360043,0.0,0.020000000000000007,1.2732414910912506,0.0,0.09139142366647733,0.25,-0.10236612765885669,0.027139349298573284,0.0008751454669516566,-0.2746230882366713
1770271518.7366042,1.287976721624852,0.0,0.020000000000000007,1.2732414910912506,0.0,0.09139142366647733,0.25,-0.10236612765885669,-0.003187044323780069,0.000825734222304462,-0.30478791638882535
1770271519.1757724,1.287717381361843,0.0,0.020000000000000007,1.2732414910912506,0.0,0.09139142366647733,0.25,-0.10236612765885669,-0.00218556302506337,0.0006097631442576949,-0.3036951055344253
1770271519.5963016,1.2874599916656027,0.0,0.020000000000000007,1.2732414910912506,0.0,0.09139142366647733,0.25,-0.10236612765885669,-0.0016859437397004214,0.0005553552572772703,-0.30315212598646546
1770271520.0142245,1.2872034875167617,0.0,0.020000000000000007,1.2732414910912506,0.0,0.09139142366647733,0.25,-0.10236612765885669,-0.0015056846327326455,0.000498983898656143,-0.3029438775473512
1770271520.4272113,1.2869473637319813,0.0,0.020000000000000007,1.2732414910912506,0.0,0.09139142366647733,0.25,-0.10236612765885669,-0.001195632475904478,0.0002635736000642161,-0.3025340241352241
1770271520.846474,1.2866921236277828,0.0,0.020000000000000007,1.2732414910912506,0.0,0.09139142366647733,0.25,-0.10236612765885669,-0.0008097373499860535,0.00018010920535108785,-0.3020912022215612
1770271521.2626774,1.286437636703969,0.0,0.020000000000000007,1.2732414910912506,0.0,0.09139142366647733,0.25,-0.10236612765885669,-0.0006279111739246862,0.0002058536955349974,-0.30191647630013896
1770271521.6806417,1.286183396972538,0.0,0.020000000000000007,1.2732414910912506,0.0,0.09139142366647733,0.25,-0.10236612765885669,-0.0004874439282840904,2.7948370699743235e-05,-0.3017022724755458
1770271522.1107342,1.2859296758140335,0.0,0.020000000000000007,1.2732414910912506,0.0,0.09139142366647733,0.25,-0.10236612765885669,-0.00034389236453479346,3.0073092686362862e-06,-0.30153095395474055
1770271522.5312266,1.2856762248612652,0.0,0.020000000000000007,1.2732414910912506,0.0,0.09139142366647733,0.25,-0.10236612765885669,-0.0002846341597544172,-7.552889732918784e-05,-0.301437787161178
1770271522.949555,1.2854229984898577,0.0,0.020000000000000007,1.2732414910912506,0.0,0.09139142366647733,0.25,-0.10236612765885669,-0.000214781666411533,-8.07047572811059e-05,-0.3013580107031945
1770271523.3688579,1.2851698921258459,0.0,0.020000000000000007,1.2732414910912506,0.0,0.09139142366647733,0.25,-0.10236612765885669,-0.0001669389635448336,-0.0002455280160280528,-0.30124372111083386
1770271523.7924285,1.2849171350981006,0.0,0.020000000000000007,1.2732414910912506,0.0,0.09139142366647733,0.25,-0.10236612765885669,-0.00011812369333767345,-7.05385938283323e-05,-0.30128341716807183
1770271524.2151184,1.2846641660256395,0.0,0.020000000000000007,1.2732414910912506,0.0,0.09139142366647733,0.25,-0.10236612765885669,-0.0001031464651890427,-5.981839328504676e-05,-0.3012573731180292
1770271524.647191,1.2844112031008015,0.0,0.020000000000000007,1.2732414910912506,0.0,0.09139142366647733,0.25,-0.10236612765885669,-7.352420876799558e-05,2.8935960948501947e-05,-0.30127993145409393
1770271525.060509,1.2841581403495084,0.0,0.020000000000000007,1.2732414910912506,0.0,0.09139142366647733,0.25,-0.10236612765885669,-5.723963192168881e-05,-0.00010040438296218685,-0.30120303530425996
1770271525.4788013,1.2839053178544055,0.0,0.020000000000000007,1.2732414910912506,0.0,0.09139142366647733,0.25,-0.10236612765885669,-4.080250255848749e-05,-8.483246826055612e-05,-0.30118300728932673
1770271525.9002726,1.2836524957938205,0.0,0.020000000000000007,1.2732414910912506,0.0,0.09139142366647733,0.25,-0.10236612765885669,-3.097910221612639e-05,-0.00014498798155319906,-0.30114756449219715
1770271526.3241546,1.2833997891540538,0.0,0.020000000000000007,1.2732414910912506,0.0,0.09139142366647733,0.25,-0.10236612765885669,-2.686976068379111e-05,-0.00012485552952533392,-0.3011495190705522
1770271526.7404664,1.283147055638553,0.0,0.020000000000000007,1.2732414910912506,0.0,0.09139142366647733,0.25,-0.10236612765885669,-2.1127243009629973e-05,-0.00020360361358195327,-0.3011102640740526
1770271527.170826,1.2828944617803109,0.0,0.020000000000000007,1.2732414910912506,0.0,0.09139142366647733,0.25,-0.10236612765885669,-1.4216906335212922e-05,-0.0002743658131669893,-0.3010671740491386
1770271527.5840712,1.2826419961692106,0.0,0.020000000000000007,1.2732414910912506,0.0,0.09139142366647733,0.25,-0.10236612765885669,-1.0563112477431664e-05,-0.00029691585042878764,-0.30104742402041756
1770271528.0047345,1.282389573800684,0.0,0.020000000000000007,1.2732414910912506,0.0,0.09139142366647733,0.25,-0.10236612765885669,-8.189766502321254e-06,-0.00037937763944902246,-0.3010098109551082
1770271528.4246237,1.2821372918136131,0.0,0.020000000000000007,1.2732414910912506,0.0,0.09139142366647733,0.25,-0.10236612765885669,-6.8043673533655465e-06,-0.0003625606419324786,-0.30101026957556715
1770271528.8470232,1.2818849841899884,0.0,0.020000000000000007,1.2732414910912506,0.0,0.09139142366647733,0.25,-0.10236612765885669,-5.171557033717536e-06,-0.0003699346846313837,-0.30100400544841627
1770271529.26101,1.2816326913721574,0.0,0.020000000000000007,1.2732414910912506,0.0,0.09139142366647733,0.25,-0.10236612765885669,-3.8091076864768425e-06,-0.0003593843309054706,-0.3010082358070347
1770271529.6987,1.2813803832335484,0.0,0.020000000000000007,1.2732414910912506,0.0,0.09139142366647733,0.25,-0.10236612765885669,-3.1287725898657206e-06,-0.00028593708599073634,-0.3010505687835143
1770271530.1229818,1.2811279545081866,0.0,0.020000000000000007,1.2732414910912506,0.0,0.09139142366647733,0.25,-0.10236612765885669,-2.4757723059121133e-06,-0.0001912493870874032,-0.30109938367808087
1770271530.5411115,1.280875369919659,0.0,0.020000000000000007,1.2732414910912506,0.0,0.09139142366647733,0.25,-0.10236612765885669,-1.8974734811874311e-06,-0.0001860217362561127,-0.3010924731998646
1770271530.95949,1.2806227775741827,0.0,0.020000000000000007,1.2732414910912506,0.0,0.09139142366647733,0.25,-0.10236612765885669,-1.3687034246620537e-06,-0.0001763454423639901,-0.3010972274410602
1770271531.3781834,1.2803701700366747,0.0,0.020000000000000007,1.2732414910912506,0.0,0.09139142366647733,0.25,-0.10236612765885669,-1.0658701937239462e-06,-0.00021409951282094146,-0.3010808553502573
1770271531.8038056,1.2801176255686295,0.0,0.020000000000000007,1.2732414910912506,0.0,0.09139142366647733,0.25,-0.10236612765885669,-7.370313277042367e-07,-0.0002539811686958303,-0.3010607984419956
1770271532.225902,1.2798651476944698,0.0,0.020000000000000007,1.2732414910912506,0.0,0.09139142366647733,0.25,-0.10236612765885669,-6.529421678880381e-07,-0.00026075102996059795,-0.3010540182427424
1770271532.652149,1.2796126811821473,0.0,0.020000000000000007,1.2732414910912506,0.0,0.09139142366647733,0.25,-0.10236612765885669,-4.367131854016962e-07,-0.00029355492816869513,-0.30104000346835025
1770271533.064487,1.279360269402982,0.0,0.020000000000000007,1.2732414910912506,0.0,0.09139142366647733,0.25,-0.10236612765885669,-3.6317217139251695e-07,-0.0002927175048773655,-0.30103715199149017
1770271533.48437,1.2791078562880767,0.0,0.020000000000000007,1.2732414910912506,0.0,0.09139142366647733,0.25,-0.10236612765885669,-2.498229548045884e-07,-0.0003026788299908807,-0.30103297036989907
1770271533.8981557,1.2788554599101556,0.0,0.020000000000000007,1.2732414910912506,0.0,0.09139142366647733,0.25,-0.10236612765885669,-2.0132510401108268e-07,-0.00031769232080358385,-0.30102592034321185
1770271534.3175862,1.2786030884606852,0.0,0.020000000000000007,1.2732414910912506,0.0,0.09139142366647733,0.25,-0.10236612765885669,-1.542206793027474e-07,-0.00021099576679309813,-0.3010883898221121
1770271534.7302306,1.2783505402911914,0.0,0.020000000000000007,1.2732414910912506,0.0,0.09139142366647733,0.25,-0.10236612765885669,-1.3427483647957194e-07,-0.0002649769157051505,-0.3010561077613034
1770271535.17438,1.2780980816162837,0.0,0.020000000000000007,1.2732414910912506,0.0,0.09139142366647733,0.25,-0.10236612765885669,-9.610445258768457e-08,-0.0001723976999944437,-0.30110621900545476
1770271535.5892243,1.2778454696048511,0.0,0.020000000000000007,1.2732414910912506,0.0,0.09139142366647733,0.25,-0.10236612765885669,-6.84431608647899e-08,-7.219082123198596e-05,-0.30115705754984945
1770271536.0012283,1.2775926915915026,0.0,0.020000000000000007,1.2732414910912506,0.0,0.09139142366647733,0.25,-0.10236612765885669,-5.157331391090645e-08,1.2100960458405234e-05,-0.30119759506114047
1770271536.4225924,1.2773397739369883,0.0,0.020000000000000007,1.2732414910912506,0.0,0.09139142366647733,0.25,-0.10236612765885669,-4.564673356647774e-08,-0.0001119534795778499,-0.3011395381803766
1770271536.8429048,1.277087061761142,0.0,0.020000000000000007,1.2732414910912506,0.0,0.09139142366647733,0.25,-0.10236612765885669,-3.5383437568593633e-08,-0.00027565152035272865,-0.30106164325676704
1770271537.25405,1.276834620981933,0.0,0.020000000000000007,1.2732414910912506,0.0,0.09139142366647733,0.25,-0.10236612765885669,-2.4018025159977354e-08,-0.00015372983679229064,-0.3011184150974134
1770271537.6758783,1.276581978168012,0.0,0.020000000000000007,1.2732414910912506,0.0,0.09139142366647733,0.25,-0.10236612765885669,-1.979097740292851e-08,-0.0001997557930169787,-0.3010878083195197
1770271538.093363,1.276329411539556,0.0,0.020000000000000007,1.2732414910912506,0.0,0.09139142366647733,0.25,-0.10236612765885669,-1.3629968915335805e-08,-0.00032048756619801355,-0.3010349068536164
1770271538.511598,1.2760770450468077,0.0,0.020000000000000007,1.2732414910912506,0.0,0.09139142366647733,0.25,-0.10236612765885669,-1.059220391764949e-08,-0.0002794971917926118,-0.3010474248631765
1770271538.937136,1.2758246106083406,0.0,0.020000000000000007,1.2732414910912506,0.0,0.09139142366647733,0.25,-0.10236612765885669,-9.43620703123356e-09,-0.0002608426320943441,-0.301054517405558
1770271539.348679,1.2755721452708257,0.0,0.020000000000000007,1.2732414910912506,0.0,0.09139142366647733,0.25,-0.10236612765885669,-6.758382911612393e-09,-0.0004221480154320959,-0.300988127118429
1770271539.762594,1.2753199472583545,0.0,0.020000000000000007,1.2732414910912506,0.0,0.09139142366647733,0.25,-0.10236612765885669,-5.200063696294376e-09,-0.00026869551692683863,-0.3010640665208792
1770271540.1867943,1.275067494924189,0.0,0.020000000000000007,1.2732414910912506,0.0,0.09139142366647733,0.25,-0.10236612765885669,-3.6070666437760294e-09,-0.0002405524982331882,-0.30106560548924777
1770271540.6057787,1.2748149960000528,0.0,0.020000000000000007,1.2732414910912506,0.0,0.09139142366647733,0.25,-0.10236612765885669,-2.797516459821358e-09,-0.00012527130145891375,-0.30113195909589274
1770271541.0182488,1.2745623060328972,0.0,0.020000000000000007,1.2732414910912506,0.0,0.09139142366647733,0.25,-0.10236612765885669,-2.498045215039128e-09,-0.0001431739584994037,-0.3011132696139279
1770271541.4344022,1.2743096456934226,0.0,0.020000000000000007,1.2732414910912506,0.0,0.09139142366647733,0.25,-0.10236612765885669,-1.940086520295303e-09,-0.0001299146917704276,-0.3011194343503026
1770271541.8513188,1.2740569634188426,0.0,0.020000000000000007,1.2732414910912506,0.0,0.09139142366647733,0.25,-0.10236612765885669,-1.3888665979276714e-09,-9.999744170500092e-05,-0.301136058222449
1770271542.3064818,1.2738042315609468,0.0,0.020000000000000007,1.2732414910912506,0.0,0.09139142366647733,0.25,-0.10236612765885669,-9.584488250978602e-10,-0.00018552737742565846,-0.3010988540927364
1770271542.760398,1.2735516414846195,0.0,0.020000000000000007,1.2732414910912506,0.0,0.09139142366647733,0.25,-0.10236612765885669,-7.430953323223201e-10,-0.00023414921969409046,-0.3010708521469035
1770271543.1914425,1.2732991319389357,0.0,0.020000000000000007,1.2732414910912506,0.0,0.09139142366647733,0.25,-0.10236612765885669,-5.380217600660538e-10,-0.0002588841176368773,-0.3010560957984259
1770271543.6157277,1.2730466633505835,0.0,0.020000000000000007,1.2732414910912506,0.0,0.09139142366647733,0.25,-0.10236612765885669,-4.1383317547458204e-10,-0.000270080505913668,-0.3010491436291324
1770271544.0367436,1.2727942133499397,0.0,0.020000000000000007,1.2732414910912506,0.0,0.09139142366647733,0.25,-0.10236612765885669,-3.751345443013709e-10,-0.00037950662457047395,-0.30100425350414334
1770271544.461109,1.2725419446558965,0.0,0.020000000000000007,1.2732414910912506,0.0,0.09139142366647733,0.25,-0.10236612765885669,-2.684416607421611e-10,-0.00021087743308144337,-0.3010944883004782
1770271544.8735223,1.2722893965346826,0.0,0.020000000000000007,1.2732414910912506,0.0,0.09139142366647733,0.25,-0.10236612765885669,-2.0865343111668876e-10,-0.0001771572464611944,-0.3010978574335132
1770271545.326846,1.2720367925376905,0.0,0.020000000000000007,1.2732414910912506,0.0,0.09139142366647733,0.25,-0.10236612765885669,-1.5629711270835654e-10,-9.998417308849128e-05,-0.3011407892065185
1770271545.743671,1.2717840606637014,0.0,0.020000000000000007,1.2732414910912506,0.0,0.09139142366647733,0.25,-0.10236612765885669,-1.282858270516758e-10,3.6899773525166494e-05,-0.3012152022391381
1770271546.1724184,1.271531102019669,0.0,0.020000000000000007,1.2732414910912506,0.0,0.09139142366647733,0.25,-0.10236612765885669,-9.191698412180266e-11,-3.0245894474576234e-05,-0.301174655540908
1770271546.5946753,1.2712782546122088,0.0,0.020000000000000007,1.2732414910912506,0.0,0.09139142366647733,0.25,-0.10236612765885669,-6.251345909080504e-11,3.1125766372880884e-05,-0.3012047639412129
1770271547.018074,1.271025305511476,0.0,0.020000000000000007,1.2732414910912506,0.0,0.09139142366647733,0.25,-0.10236612765885669,-4.944830895947402e-11,-1.3932704576596175e-05,-0.3011806033736833
1770271547.4380922,1.2707724311478152,0.0,0.020000000000000007,1.2732414910912506,0.0,0.09139142366647733,0.25,-0.10236612765885669,-4.382077549181649e-11,-0.00012018284951339169,-0.3011335974629861
1770271547.8545473,1.2705197327317015,0.0,0.020000000000000007,1.2732414910912506,0.0,0.09139142366647733,0.25,-0.10236612765885669,-3.141263525524248e-11,-8.299581023038185e-05,-0.3011452846596541
1770271548.2808673,1.270266972710611,0.0,0.020000000000000007,1.2732414910912506,0.0,0.09139142366647733,0.25,-0.10236612765885669,-2.1304733380162683e-11,-0.0002236003378321747,-0.3010853241345772
1770271548.7014081,1.2700144457037466,0.0,0.020000000000000007,1.2732414910912506,0.0,0.09139142366647733,0.25,-0.10236612765885669,-1.6535198808214917e-11,-0.00033236462497699575,-0.30102775796218956
1770271549.1295288,1.2697620988769547,0.0,0.020000000000000007,1.2732414910912506,0.0,0.09139142366647733,0.25,-0.10236612765885669,-1.4931270937954647e-11,-0.0003730035422857013,-0.30100062596494764
1770271549.5660946,1.2695098194004313,0.0,0.020000000000000007,1.2732414910912506,0.0,0.09139142366647733,0.25,-0.10236612765885669,-1.0093928479000064e-11,-0.0003036011046310444,-0.3010382035309722
1770271549.9927473,1.2692574248893276,0.0,0.020000000000000007,1.2732414910912506,0.0,0.09139142366647733,0.25,-0.10236612765885669,-7.25254402714202e-12,-0.0003795899613678104,-0.3010008677416707
1770271550.412603,1.2690051563240305,0.0,0.020000000000000007,1.2732414910912506,0.0,0.09139142366647733,0.25,-0.10236612765885669,-6.206350047963081e-12,-0.00029830859759841943,-0.30104203767321247
1770271550.826775,1.2687527531064764,0.0,0.020000000000000007,1.2732414910912506,0.0,0.09139142366647733,0.25,-0.10236612765885669,-5.079033682401076e-12,-0.00024882468530218775,-0.3010635998830859
1770271551.2513127,1.2685002678616062,0.0,0.020000000000000007,1.2732414910912506,0.0,0.09139142366647733,0.25,-0.10236612765885669,-3.948575889543236e-12,-0.00016025413302710179,-0.30111179382209086
1770271551.6811728,1.2682476358784451,0.0,0.020000000000000007,1.2732414910912506,0.0,0.09139142366647733,0.25,-0.10236612765885669,-2.472020638709543e-12,-0.00018483200687397349,-0.30109310561584807
1770271552.1070123,1.2679950446273103,0.0,0.020000000000000007,1.2732414910912506,0.0,0.09139142366647733,0.25,-0.10236612765885669,-1.92129069733033e-12,-0.00023253769801160007,-0.3010715655514576
1770271552.531518,1.2677425324423328,0.0,0.020000000000000007,1.2732414910912506,0.0,0.09139142366647733,0.25,-0.10236612765885669,-1.6365822754444577e-12,-0.000111605368341489,-0.3011393543798612
1770271552.9546738,1.2674898198319688,0.0,0.020000000000000007,1.2732414910912506,0.0,0.09139142366647733,0.25,-0.10236612765885669,-1.1751799904424515e-12,-0.00020587092981299372,-0.3010895549218442
1770271553.3729198,1.2672372634066358,0.0,0.020000000000000007,1.2732414910912506,0.0,0.09139142366647733,0.25,-0.10236612765885669,-9.661377267632177e-13,-6.23964067295202e-05,-0.30116621307933805
1770271553.796632,1.2669844692517533,0.0,0.020000000000000007,1.2732414910912506,0.0,0.09139142366647733,0.25,-0.10236612765885669,-6.536636785658468e-13,-0.00012559328152289957,-0.3011265868767999
1770271554.214703,1.266731779847862,0.0,0.020000000000000007,1.2732414910912506,0.0,0.09139142366647733,0.25,-0.10236612765885669,-5.918456583370832e-13,-0.0001567195523783478,-0.3011078166809166
1770271554.6301541,1.26647914197457,0.0,0.020000000000000007,1.2732414910912506,0.0,0.09139142366647733,0.25,-0.10236612765885669,-4.3565637565370933e-13,-0.00019957225659028303,-0.30108756297199
1770271555.0454245,1.2662265751529949,0.0,0.020000000000000007,1.2732414910912506,0.0,0.09139142366647733,0.25,-0.10236612765885669,-3.2976983284644507e-13,-2.1931912935795487e-05,-0.3011898619076557
1770271555.4688578,1.2659737139697091,0.0,0.020000000000000007,1.2732414910912506,0.0,0.09139142366647733,0.25,-0.10236612765885669,-2.4146131577914566e-13,-6.0508433049387674e-05,-0.3011566672651565
1770271555.886809,1.2657209167088286,0.0,0.020000000000000007,1.2732414910912506,0.0,0.09139142366647733,0.25,-0.10236612765885669,-1.729892319953072e-13,-0.00010620743571310567,-0.3011345300120111
1770271556.314469,1.2654681951667086,0.0,0.020000000000000007,1.2732414910912506,0.0,0.09139142366647733,0.25,-0.10236612765885669,-1.5570497762385242e-13,-7.216528321742627e-05,-0.3011503854032249
1770271556.7644196,1.2652154172016399,0.0,0.020000000000000007,1.2732414910912506,0.0,0.09139142366647733,0.25,-0.10236612765885669,-1.217176360526798e-13,1.8006552659237784e-05,-0.30120108428946735
1770271557.1861541,1.2649624898268002,0.0,0.020000000000000007,1.2732414910912506,0.0,0.09139142366647733,0.25,-0.10236612765885669,-7.590290917279021e-14,7.847240131259702e-05,-0.3012283466150259
1770271557.6025574,1.2647094622714536,0.0,0.020000000000000007,1.2732414910912506,0.0,0.09139142366647733,0.25,-0.10236612765885669,-5.880018605737287e-14,-6.588998900425075e-06,-0.3011882754700582
1770271558.0224876,1.2644565756608266,0.0,0.020000000000000007,1.2732414910912506,0.0,0.09139142366647733,0.25,-0.10236612765885669,-5.3541248518101364e-14,-7.90358170842899e-05,-0.3011507906027582
1770271558.4343634,1.2642038090897816,0.0,0.020000000000000007,1.2732414910912506,0.0,0.09139142366647733,0.25,-0.10236612765885669,-3.9414793762171943e-14,-0.00013063242597963925,-0.30112290727736746
1770271558.8573701,1.263951128054382,0.0,0.020000000000000007,1.2732414910912506,0.0,0.09139142366647733,0.25,-0.10236612765885669,-2.8185683950832498e-14,-0.0002687968234963758,-0.30106248185746004
1770271559.2715213,1.263698675945522,0.0,0.020000000000000007,1.2732414910912506,0.0,0.09139142366647733,0.25,-0.10236612765885669,-2.1883385198282136e-14,-0.0003044185295321608,-0.30103441673528775
1770271559.689554,1.2634462827701585,0.0,0.020000000000000007,1.2732414910912506,0.0,0.09139142366647733,0.25,-0.10236612765885669,-1.5587133980900316e-14,-0.00029462242718161606,-0.3010367322260882
1770271560.1161654,1.2631938734049812,0.0,0.020000000000000007,1.2732414910912506,0.0,0.09139142366647733,0.25,-0.10236612765885669,-1.4167230283958032e-14,-0.00025385910811526993,-0.3010602106072915
1770271560.536891,1.2629413964964167,0.0,0.020000000000000007,1.2732414910912506,0.0,0.09139142366647733,0.25,-0.10236612765885669,-1.0883332506201704e-14,-0.00023181242475422923,-0.3010693622853982
1770271560.9634457,1.2626888830883518,0.0,0.020000000000000007,1.2732414910912506,0.0,0.09139142366647733,0.25,-0.10236612765885669,-7.467531246255422e-15,-0.00019195787911500018,-0.30109107034444227
1770271561.3854203,1.2624363036335722,0.0,0.020000000000000007,1.2732414910912506,0.0,0.09139142366647733,0.25,-0.10236612765885669,-5.314866719843026e-15,-7.636931632995375e-05,-0.3011564380275472
1770271561.80482,1.2621835326529756,0.0,0.020000000000000007,1.2732414910912506,0.0,0.09139142366647733,0.25,-0.10236612765885669,-4.128894830142249e-15,2.3949174492023102e-05,-0.3012050702657607
1770271562.2246768,1.2619305954612507,0.0,0.020000000000000007,1.2732414910912506,0.0,0.09139142366647733,0.25,-0.10236612765885669,-3.553711193516901e-15,-0.0001278203358898385,-0.3011343306125252
1770271562.6407394,1.2616779097588076,0.0,0.020000000000000007,1.2732414910912506,0.0,0.09139142366647733,0.25,-0.10236612765885669,-2.7414900520495047e-15,1.3286794210436176e-05,-0.3012038179395463
1770271563.0652597,1.261424990253569,0.0,0.020000000000000007,1.2732414910912506,0.0,0.09139142366647733,0.25,-0.10236612765885669,-1.970737531347567e-15,7.491025606766764e-05,-0.3012266813036499
1770271563.4813256,1.2611719686366334,0.0,0.020000000000000007,1.2732414910912506,0.0,0.09139142366647733,0.25,-0.10236612765885669,-1.4122282636072227e-15,-0.00014429458638341757,-0.3011328370204831
1770271563.918708,1.2609193101961627,0.0,0.020000000000000007,1.2732414910912506,0.0,0.09139142366647733,0.25,-0.10236612765885669,-1.2128498466860904e-15,-0.0002726640028778627,-0.3010595687696401
1770271564.3461115,1.2606668644280448,0.0,0.020000000000000007,1.2732414910912506,0.0,0.09139142366647733,0.25,-0.10236612765885669,-8.172570234005179e-16,-0.000246534947484644,-0.3010624092612262
1770271564.7620342,1.2604143754012598,0.0,0.020000000000000007,1.2732414910912506,0.0,0.09139142366647733,0.25,-0.10236612765885669,-6.766304099521945e-16,-0.00027558238820974063,-0.30104817737939665
1770271565.1827147,1.2601619345898643,0.0,0.020000000000000007,1.2732414910912506,0.0,0.09139142366647733,0.25,-0.10236612765885669,-4.826645327865185e-16,-0.0002785421029198015,-0.30104408874943994
1770271565.5971947,1.2599094985903516,0.0,0.020000000000000007,1.2732414910912506,0.0,0.09139142366647733,0.25,-0.10236612765885669,-3.655888134275397e-16,-0.00015805762560557458,-0.3011160834643574
1770271566.0129876,1.2596568629862084,0.0,0.020000000000000007,1.2732414910912506,0.0,0.09139142366647733,0.25,-0.10236612765885669,-3.141611430350482e-16,-0.00018322292978253187,-0.30109396889495516
1770271566.426571,1.2594042690796865,0.0,0.020000000000000007,1.2732414910912506,0.0,0.09139142366647733,0.25,-0.10236612765885669,-2.644604144957442e-16,-0.0003300452998517344,-0.30103272341650966
1770271566.8487473,1.2591519184870732,0.0,0.020000000000000007,1.2732414910912506,0.0,0.09139142366647733,0.25,-0.10236612765885669,-1.655838353130746e-16,-0.0001518513105202786,-0.3011249575731015
1770271567.2675924,1.2588992725349677,0.0,0.020000000000000007,1.2732414910912506,0.0,0.09139142366647733,0.25,-0.10236612765885669,-1.3930685334548057e-16,-0.00020083499021142633,-0.30108754470229193
1770271567.6865516,1.2586467078216088,0.0,0.020000000000000007,1.2732414910912506,0.0,0.09139142366647733,0.25,-0.10236612765885669,-9.859861160954348e-17,-0.00021825959621265802,-0.30107567649192224
1770271568.1144032,1.2583941719151748,0.0,0.020000000000000007,1.2732414910912506,0.0,0.09139142366647733,0.25,-0.10236612765885669,-8.537600919868999e-17,-0.00021473541006882235,-0.30107604854300846
1770271568.541186,1.258141630199076,0.0,0.020000000000000007,1.2732414910912506,0.0,0.09139142366647733,0.25,-0.10236612765885669,-6.458836347223494e-17,-0.00031133096944657777,-0.3010370579006429
1770271568.9540203,1.2578892485142958,0.0,0.020000000000000007,1.2732414910912506,0.0,0.09139142366647733,0.25,-0.10236612765885669,-4.749507808042469e-17,-0.00042117303367412333,-0.3009834615190141
1770271569.3678443,1.2576370488603128,0.0,0.020000000000000007,1.2732414910912506,0.0,0.09139142366647733,0.25,-0.10236612765885669,-3.439654066303999e-17,-0.00047471692969187977,-0.30095105975418424
1770271569.7961712,1.2573849379928126,0.0,0.020000000000000007,1.2732414910912506,0.0,0.09139142366647733,0.25,-0.10236612765885669,-2.6272556593822926e-17,-0.0004921027509114588,-0.3009387510360946
1770271570.2161915,1.2571328559000505,0.0,0.020000000000000007,1.2732414910912506,0.0,0.09139142366647733,0.25,-0.10236612765885669,-2.2741002911822662e-17,-0.0004243907400700222,-0.3009776396604775
1770271570.6323802,1.2568806615890278,0.0,0.020000000000000007,1.2732414910912506,0.0,0.09139142366647733,0.25,-0.10236612765885669,-1.7647454808042328e-17,-0.0003701584737804943,-0.30100340781916707
1770271571.0493076,1.2566283773810876,0.0,0.020000000000000007,1.2732414910912506,0.0,0.09139142366647733,0.25,-0.10236612765885669,-1.261023276015514e-17,-0.00044666206456642573,-0.30096738315622373
1770271571.487632,1.2563762200040829,0.0,0.020000000000000007,1.2732414910912506,0.0,0.09139142366647733,0.25,-0.10236612765885669,-9.017596462841805e-18,-0.00025883340098853603,-0.3010724299952919
1770271571.9096162,1.256123751367451,0.0,0.020000000000000007,1.2732414910912506,0.0,0.09139142366647733,0.25,-0.10236612765885669,-6.879584976796851e-18,-0.00023535554059657808,-0.30106773384516927
1770271572.338175,1.2558712438334239,0.0,0.020000000000000007,1.2732414910912506,0.0,0.09139142366647733,0.25,-0.10236612765885669,-6.039632351813803e-18,-0.00022986390743323434,-0.30106868103902806
1770271572.7688859,1.2556187272067083,0.0,0.020000000000000007,1.2732414910912506,0.0,0.09139142366647733,0.25,-0.10236612765885669,-4.301581520422027e-18,-0.00022147733795760275,-0.3010731638173971
1770271573.1841521,1.255366196659328,0.0,0.020000000000000007,1.2732414910912506,0.0,0.09139142366647733,0.25,-0.10236612765885669,-3.011616984621569e-18,-0.00014240573886477456,-0.30111976811990526
1770271573.618915,1.255113535096766,0.0,0.020000000000000007,1.2732414910912506,0.0,0.09139142366647733,0.25,-0.10236612765885669,-2.3922688529610112e-18,-0.00026723674715524047,-0.30106192855667974
1770271574.0391924,1.2548610803647056,0.0,0.020000000000000007,1.2732414910912506,0.0,0.09139142366647733,0.25,-0.10236612765885669,-2.050738018964032e-18,-0.0001295295735067451,-0.3011320697600398
1770271574.4546957,1.254608397478582,0.0,0.020000000000000007,1.2732414910912506,0.0,0.09139142366647733,0.25,-0.10236612765885669,-1.4744717581502663e-18,-0.0002683156239492425,-0.30106278462249797
1770271574.8747294,1.254355944548966,0.0,0.020000000000000007,1.2732414910912506,0.0,0.09139142366647733,0.25,-0.10236612765885669,-1.1455486084499262e-18,-0.0002142509113590573,-0.3010813448450078
1770271575.302558,1.2541034020282045,0.0,0.020000000000000007,1.2732414910912506,0.0,0.09139142366647733,0.25,-0.10236612765885669,-7.990595097760531e-19,-0.0002965336989218795,-0.3010430252587237
1770271575.7280464,1.2538509958012118,0.0,0.020000000000000007,1.2732414910912506,0.0,0.09139142366647733,0.25,-0.10236612765885669,-7.028654246789483e-19,-0.00038282006213774864,-0.301000282434681
1770271576.1477451,1.2535987325949682,0.0,0.020000000000000007,1.2732414910912506,0.0,0.09139142366647733,0.25,-0.10236612765885669,-4.997465356823507e-19,-0.00017537708113718253,-0.30111611958695983
1770271576.577713,1.253346125685097,0.0,0.020000000000000007,1.2732414910912506,0.0,0.09139142366647733,0.25,-0.10236612765885669,-3.4887436084791896e-19,-0.0002597341782049083,-0.30106163245003265
1770271576.9900908,1.2530936585451378,0.0,0.020000000000000007,1.2732414910912506,0.0,0.09139142366647733,0.25,-0.10236612765885669,-2.7852479839366736e-19,-0.0002533396052932304,-0.3010570334840729
1770271577.4109082,1.2528411808158173,0.0,0.020000000000000007,1.2732414910912506,0.0,0.09139142366647733,0.25,-0.10236612765885669,-2.156495705564916e-19,-0.00017351645273997496,-0.3011042879183137
1770271577.8354418,1.2525885707677618,0.0,0.020000000000000007,1.2732414910912506,0.0,0.09139142366647733,0.25,-0.10236612765885669,-1.7534986534673116e-19,-0.00021583395243472364,-0.30107937860318046
1770271578.2534063,1.2523360309345737,0.0,0.020000000000000007,1.2732414910912506,0.0,0.09139142366647733,0.25,-0.10236612765885669,-1.3298370432559449e-19,-0.00021240121871246576,-0.3010772064934443
1770271578.6677072,1.2520834853239073,0.0,0.020000000000000007,1.2732414910912506,0.0,0.09139142366647733,0.25,-0.10236612765885669,-1.0331839885471863e-19,-0.00025157182045198334,-0.3010611949793763
1770271579.087748,1.2518310046495214,0.0,0.020000000000000007,1.2732414910912506,0.0,0.09139142366647733,0.25,-0.10236612765885669,-7.378271013466377e-20,-0.0002682717598674668,-0.30105059794343614
1770271579.5001664,1.2515785516555324,0.0,0.020000000000000007,1.2732414910912506,0.0,0.09139142366647733,0.25,-0.10236612765885669,-5.556131316305564e-20,-0.0002512640366571184,-0.3010591325834208
1770271579.9508731,1.2513260704822555,0.0,0.020000000000000007,1.2732414910912506,0.0,0.09139142366647733,0.25,-0.10236612765885669,-4.9225927770417887e-20,-0.00030819314558720517,-0.3010346601675278
1770271580.392773,1.251073683583261,0.0,0.020000000000000007,1.2732414910912506,0.0,0.09139142366647733,0.25,-0.10236612765885669,-3.158993831648416e-20,-0.00035682663688961665,-0.30100951386011376
1770271580.8174138,1.2508213773275627,0.0,0.020000000000000007,1.2732414910912506,0.0,0.09139142366647733,0.25,-0.10236612765885669,-2.5181889037939475e-20,-0.0002953238261310672,-0.30104155219743867
1770271581.2340815,1.2505689691532864,0.0,0.020000000000000007,1.2732414910912506,0.0,0.09139142366647733,0.25,-0.10236612765885669,-2.1598296250668123e-20,-0.0002265190335442931,-0.30107668479191485
1770271581.6544561,1.2503164469422117,0.0,0.020000000000000007,1.2732414910912506,0.0,0.09139142366647733,0.25,-0.10236612765885669,-1.5437567368567934e-20,-0.00036837973399698695,-0.30101306003247513
1770271582.0924668,1.2500641597892062,0.0,0.020000000000000007,1.2732414910912506,0.0,0.09139142366647733,0.25,-0.10236612765885669,-1.1060032109325852e-20,-0.00021326512027969189,-0.30109194273066026
1770271582.532898,1.2498116155947463,0.0,0.020000000000000007,1.2732414910912506,0.0,0.09139142366647733,0.25,-0.10236612765885669,-9.506357410825952e-21,1.053041343814272e-06,-0.3012050221662626
1770271582.9478643,1.2495587163509145,0.0,0.020000000000000007,1.2732414910912506,0.0,0.09139142366647733,0.25,-0.10236612765885669,-6.800651273213194e-21,-4.05647414322368e-05,-0.30116694323698984
1770271583.3646755,1.249305886018397,0.0,0.020000000000000007,1.2732414910912506,0.0,0.09139142366647733,0.25,-0.10236612765885669,-4.974226076793634e-21,-6.809760085445921e-05,-0.30115176831494334
1770271583.7758203,1.249053101326348,0.0,0.020000000000000007,1.2732414910912506,0.0,0.09139142366647733,0.25,-0.10236612765885669,-3.819561993431267e-21,-4.388146430671914e-05,-0.30116354471092976
1770271584.210107,1.248800276546003,0.0,0.020000000000000007,1.2732414910912506,0.0,0.09139142366647733,0.25,-0.10236612765885669,-3.2094401055003747e-21,-0.00010632581515031248,-0.30113614535693756
1770271584.6347613,1.2485475552130954,0.0,0.020000000000000007,1.2732414910912506,0.0,0.09139142366647733,0.25,-0.10236612765885669,-2.512213732429378e-21,-0.00015824765668786563,-0.30110913218523816
1770271585.0491395,1.2482949198825375,0.0,0.020000000000000007,1.2732414910912506,0.0,0.09139142366647733,0.25,-0.10236612765885669,-1.7671103187001945e-21,-0.0002534775415006799,-0.3010658480471593
1770271585.4635208,1.248042442346336,0.0,0.020000000000000007,1.2732414910912506,0.0,0.09139142366647733,0.25,-0.10236612765885669,-1.39270170416613e-21,-0.000250601385787643,-0.30105805075210584
1770271585.8800201,1.2477899600465314,0.0,0.020000000000000007,1.2732414910912506,0.0,0.09139142366647733,0.25,-0.10236612765885669,-9.631833494731836e-22,-0.00016290449152308047,-0.3011103812730933
1770271586.3109057,1.2475373324568289,0.0,0.020000000000000007,1.2732414910912506,0.0,0.09139142366647733,0.25,-0.10236612765885669,-7.481278617490514e-22,-0.00024939991534763984,-0.301067013414137
1770271586.7243254,1.2472848481453673,0.0,0.020000000000000007,1.2732414910912506,0.0,0.09139142366647733,0.25,-0.10236612765885669,-6.611681743501214e-22,-0.00019968953301473296,-0.30108819010115423
1770271587.1355996,1.2470322814847248,0.0,0.020000000000000007,1.2732414910912506,0.0,0.09139142366647733,0.25,-0.10236612765885669,-5.162512420327095e-22,-0.00015738964339635355,-0.301108598996692
1770271587.552387,1.2467796447862403,0.0,0.020000000000000007,1.2732414910912506,0.0,0.09139142366647733,0.25,-0.10236612765885669,-3.4789727478442955e-22,-0.0001776811538391259,-0.3010962524035531
1770271587.9646502,1.2465270416582839,0.0,0.020000000000000007,1.2732414910912506,0.0,0.09139142366647733,0.25,-0.10236612765885669,-2.871679144619638e-22,-0.00012255242930594396,-0.3011273004872287
1770271588.3829818,1.2462743472011106,0.0,0.020000000000000007,1.2732414910912506,0.0,0.09139142366647733,0.25,-0.10236612765885669,-1.977848608920561e-22,-0.0001462091313452324,-0.3011123249339597
1770271588.802489,1.2460216918988245,0.0,0.020000000000000007,1.2732414910912506,0.0,0.09139142366647733,0.25,-0.10236612765885669,-1.5313170905743938e-22,-0.0001603907625572061,-0.301104286611271
1770271589.2197187,1.245769060140969,0.0,0.020000000000000007,1.2732414910912506,0.0,0.09139142366647733,0.25,-0.10236612765885669,-1.3669100179744108e-22,-0.00023975526980290853,-0.30107112264525143
1770271589.6346483,1.245516559832813,0.0,0.020000000000000007,1.2732414910912506,0.0,0.09139142366647733,0.25,-0.10236612765885669,-1.0049044388106813e-22,-0.00019933860126665636,-0.30108743619564865
1770271590.0627115,1.2452639925606268,0.0,0.020000000000000007,1.2732414910912506,0.0,0.09139142366647733,0.25,-0.10236612765885669,-7.202973344118966e-23,-0.00033230602370592317,-0.3010302075598193
1770271590.4774754,1.2450116456533689,0.0,0.020000000000000007,1.2732414910912506,0.0,0.09139142366647733,0.25,-0.10236612765885669,-5.231089671048e-23,-0.00048228789767533557,-0.3009569180679876
1770271590.8869689,1.244759547290327,0.0,0.020000000000000007,1.2732414910912506,0.0,0.09139142366647733,0.25,-0.10236612765885669,-4.059478326953173e-23,-0.00042917094400377504,-0.3009737900527936
1770271591.3220606,1.2445073608649988,0.0,0.020000000000000007,1.2732414910912506,0.0,0.09139142366647733,0.25,-0.10236612765885669,-3.6071963301919834e-23,-0.00041103279317636295,-0.3009793612479229
1770271591.7627103,1.2442551444096583,0.0,0.020000000000000007,1.2732414910912506,0.0,0.09139142366647733,0.25,-0.10236612765885669,-2.8030501100465275e-23,-0.0003511694317524791,-0.3010134654496945
1770271592.18282,1.2440028287876863,0.0,0.020000000000000007,1.2732414910912506,0.0,0.09139142366647733,0.25,-0.10236612765885669,-1.9070949982313537e-23,-0.00033445329980371404,-0.3010175087927214
1770271592.5960379,1.2437504854370374,0.0,0.020000000000000007,1.2732414910912506,0.0,0.09139142366647733,0.25,-0.10236612765885669,-1.3773037719618377e-23,-0.00022064697959466197,-0.3010841209716519
1770271593.0112655,1.2434979535378237,0.0,0.020000000000000007,1.2732414910912506,0.0,0.09139142366647733,0.25,-0.10236612765885669,-1.2410362211918726e-23,-0.0001351663791313862,-0.301124028699909
1770271593.425011,1.2432452799857874,0.0,0.020000000000000007,1.2732414910912506,0.0,0.09139142366647733,0.25,-0.10236612765885669,-8.832141211325388e-24,-0.00019279757703585557,-0.30109242816070086
1770271593.8367906,1.2429927019150275,0.0,0.020000000000000007,1.2732414910912506,0.0,0.09139142366647733,0.25,-0.10236612765885669,-7.481376285150723e-24,-0.00019591609514479932,-0.3010854176336668
1770271594.2713037,1.2427401290423887,0.0,0.020000000000000007,1.2732414910912506,0.0,0.09139142366647733,0.25,-0.10236612765885669,-5.0503254222076595e-24,-0.0001800864708443431,-0.3010946035564362
1770271594.691411,1.2424875299055593,0.0,0.020000000000000007,1.2732414910912506,0.0,0.09139142366647733,0.25,-0.10236612765885669,-3.656882992314938e-24,-0.00027191843669941524,-0.30105628780766414
1770271595.1293237,1.242235082898261,0.0,0.020000000000000007,1.2732414910912506,0.0,0.09139142366647733,0.25,-0.10236612765885669,-3.2890448839609233e-24,-0.0002701955460557735,-0.3010481383454648
1770271595.5516498,1.2419826330424564,0.0,0.020000000000000007,1.2732414910912506,0.0,0.09139142366647733,0.25,-0.10236612765885669,-2.2182482853814e-24,-0.0002652095999298834,-0.301050957624076
1770271595.9747498,1.2417301749147194,0.0,0.020000000000000007,1.2732414910912506,0.0,0.09139142366647733,0.25,-0.10236612765885669,-1.8323869104070064e-24,-0.00019845980929754663,-0.3010905089038428
1770271596.3819654,1.2414776061941402,0.0,0.020000000000000007,1.2732414910912506,0.0,0.09139142366647733,0.25,-0.10236612765885669,-1.2458349893568148e-24,-0.00031366615004299093,-0.3010377513884814
1770271596.7940407,1.2412252284039276,0.0,0.020000000000000007,1.2732414910912506,0.0,0.09139142366647733,0.25,-0.10236612765885669,-9.670198987288036e-25,-0.0003064808874875628,-0.3010305419119401
1770271597.2277765,1.2409728386886136,0.0,0.020000000000000007,1.2732414910912506,0.0,0.09139142366647733,0.25,-0.10236612765885669,-8.728357764297024e-25,-0.00026378601762998565,-0.30105544030759906
1770271597.6477695,1.2407203782595413,0.0,0.020000000000000007,1.2732414910912506,0.0,0.09139142366647733,0.25,-0.10236612765885669,-5.914410817331887e-25,-0.0002790564255775561,-0.3010450626574343
1770271598.0748825,1.2404679431290644,0.0,0.020000000000000007,1.2732414910912506,0.0,0.09139142366647733,0.25,-0.10236612765885669,-4.590884201949432e-25,-0.00014028902549433016,-0.30112679605668946
1770271598.5051897,1.2402152780420799,0.0,0.020000000000000007,1.2732414910912506,0.0,0.09139142366647733,0.25,-0.10236612765885669,-3.292671959918091e-25,-0.00011983789341135133,-0.30112518999593096
1770271598.9307728,1.2399625790787954,0.0,0.020000000000000007,1.2732414910912506,0.0,0.09139142366647733,0.25,-0.10236612765885669,-2.934420451597527e-25,-9.947271862884073e-05,-0.30113536398759216
1770271599.341263,1.2397098463518639,0.0,0.020000000000000007,1.2732414910912506,0.0,0.09139142366647733,0.25,-0.10236612765885669,-2.3140152200544326e-25,-0.00012938163011761192,-0.3011213639055184
1770271599.7621577,1.2394571632565279,0.0,0.020000000000000007,1.2732414910912506,0.0,0.09139142366647733,0.25,-0.10236612765885669,-1.5478887880659925e-25,-8.575784348414965e-05,-0.30114454728634965
1770271600.1824708,1.2392044078381081,0.0,0.020000000000000007,1.2732414910912506,0.0,0.09139142366647733,0.25,-0.10236612765885669,-1.1264971454103763e-25,-3.768666135786649e-05,-0.301169027616962
1770271600.5962617,1.2389515727580807,0.0,0.020000000000000007,1.2732414910912506,0.0,0.09139142366647733,0.25,-0.10236612765885669,-8.694131320802363e-26,-0.0001468247130252504,-0.30112056527808245
1770271601.009692,1.2386989185179493,0.0,0.020000000000000007,1.2732414910912506,0.0,0.09139142366647733,0.25,-0.10236612765885669,-7.88948278709223e-26,-0.00011731725875832407,-0.30112735594547585
1770271601.426711,1.2384462153865121,0.0,0.020000000000000007,1.2732414910912506,0.0,0.09139142366647733,0.25,-0.10236612765885669,-5.71440663948347e-26,-0.00021749156704020745,-0.3010843354767364
1770271601.8680005,1.238193678208711,0.0,0.020000000000000007,1.2732414910912506,0.0,0.09139142366647733,0.25,-0.10236612765885669,-4.394730469966791e-26,-0.00016754808999488557,-0.3011042841321354
1770271602.2935078,1.2379410582954906,0.0,0.020000000000000007,1.2732414910912506,0.0,0.09139142366647733,0.25,-0.10236612765885669,-2.966994109328288e-26,-0.00019728668587555613,-0.3010873943460787
1770271602.7204788,1.2376884876598142,0.0,0.020000000000000007,1.2732414910912506,0.0,0.09139142366647733,0.25,-0.10236612765885669,-2.6883216793591504e-26,-0.00021349590360173596,-0.30107793679940015
1770271603.1355531,1.237435943883779,0.0,0.020000000000000007,1.2732414910912506,0.0,0.09139142366647733,0.25,-0.10236612765885669,-2.088965621952905e-26,-0.00019015279454863667,-0.30109032174305933
1770271603.5456831,1.2371833613873744,0.0,0.020000000000000007,1.2732414910912506,0.0,0.09139142366647733,0.25,-0.10236612765885669,-1.4139399224403864e-26,-0.00014148518862950812,-0.3011171879957055
1770271603.965492,1.2369306983120465,0.0,0.020000000000000007,1.2732414910912506,0.0,0.09139142366647733,0.25,-0.10236612765885669,-1.0977971888665142e-26,-7.610303161247406e-05,-0.3011515505293238
1770271604.391103,1.2366779269130252,0.0,0.020000000000000007,1.2732414910912506,0.0,0.09139142366647733,0.25,-0.10236612765885669,-7.845269651440755e-27,-0.000114418338956322,-0.3011296861906846
1770271604.8071904,1.2364252189536118,0.0,0.020000000000000007,1.2732414910912506,0.0,0.09139142366647733,0.25,-0.10236612765885669,-6.089604866731423e-27,2.1356264054180343e-05,-0.3012073194217565
1770271605.2481897,1.2361722860587858,0.0,0.020000000000000007,1.2732414910912506,0.0,0.09139142366647733,0.25,-0.10236612765885669,-4.8472823448618356e-27,-6.648096302583781e-05,-0.3011586070706234
1770271605.6618001,1.2359194986952566,0.0,0.020000000000000007,1.2732414910912506,0.0,0.09139142366647733,0.25,-0.10236612765885669,-3.754446200068842e-27,-0.00012834891879426734,-0.3011250761656081
1770271606.0736663,1.2356668138618492,0.0,0.020000000000000007,1.2732414910912506,0.0,0.09139142366647733,0.25,-0.10236612765885669,-2.9127511181446242e-27,-0.0001258873899550574,-0.30112036628733474
1770271606.4858437,1.2354141248763821,0.0,0.020000000000000007,1.2732414910912506,0.0,0.09139142366647733,0.25,-0.10236612765885669,-2.0852340166274915e-27,-0.00021050000161589616,-0.3010862750897865
1770271606.9120421,1.235161576175811,0.0,0.020000000000000007,1.2732414910912506,0.0,0.09139142366647733,0.25,-0.10236612765885669,-1.8965690109706242e-27,-0.00024984975766861113,-0.30106207392619927
1770271607.3382096,1.2349090926368258,0.0,0.020000000000000007,1.2732414910912506,0.0,0.09139142366647733,0.25,-0.10236612765885669,-1.3944568996034345e-27,-0.00021083032168049966,-0.30108155061218694
1770271607.7802074,1.234656544467332,0.0,0.020000000000000007,1.2732414910912506,0.0,0.09139142366647733,0.25,-0.10236612765885669,-9.166163694978616e-28,-0.00032377951050472503,-0.3010324689930584
1770271608.1949925,1.2344041834301969,0.0,0.020000000000000007,1.2732414910912506,0.0,0.09139142366647733,0.25,-0.10236612765885669,-7.087241749579112e-28,-0.00030555739361697113,-0.30103210734430863
1770271608.6162698,1.2341517922343035,0.0,0.020000000000000007,1.2732414910912506,0.0,0.09139142366647733,0.25,-0.10236612765885669,-6.47120316852344e-28,-0.00019971156038144097,-0.30109379263256114
1770271609.0301707,1.233899225589754,0.0,0.020000000000000007,1.2732414910912506,0.0,0.09139142366647733,0.25,-0.10236612765885669,-5.0074066520566455e-28,-0.00016756249189075242,-0.301102497490332
1770271609.45757,1.233646605692627,0.0,0.020000000000000007,1.2732414910912506,0.0,0.09139142366647733,0.25,-0.10236612765885669,-3.381979361002507e-28,-0.00011858768308411229,-0.301128667468767
1770271609.88359,1.2333939047176856,0.0,0.020000000000000007,1.2732414910912506,0.0,0.09139142366647733,0.25,-0.10236612765885669,-2.4062919886100945e-28,-0.00011931281128105262,-0.30112347993660754
1770271610.3316586,1.2331412049175519,0.0,0.020000000000000007,1.2732414910912506,0.0,0.09139142366647733,0.25,-0.10236612765885669,-2.09052652250074e-28,-0.00017213390955463412,-0.3011022789844784
1770271610.7463017,1.2328885926164406,0.0,0.020000000000000007,1.2732414910912506,0.0,0.09139142366647733,0.25,-0.10236612765885669,-1.7127723039357863e-28,-9.563084973685849e-05,-0.3011428987105417
1770271611.1635132,1.23263585356486,0.0,0.020000000000000007,1.2732414910912506,0.0,0.09139142366647733,0.25,-0.10236612765885669,-1.1564858937772947e-28,-0.0002506772491310776,-0.3010732298448022
1770271611.5838,1.2323833713938015,0.0,0.020000000000000007,1.2732414910912506,0.0,0.09139142366647733,0.25,-0.10236612765885669,-8.187833799277181e-29,-0.0003514757322978185,-0.30101740581159614
1770271611.9956307,1.2321310562224406,0.0,0.020000000000000007,1.2732414910912506,0.0,0.09139142366647733,0.25,-0.10236612765885669,-6.421669813349837e-29,-0.00046829278749107385,-0.30096059914120216
1770271612.410643,1.231878934636833,0.0,0.020000000000000007,1.2732414910912506,0.0,0.09139142366647733,0.25,-0.10236612765885669,-5.53641897694179e-29,-0.00040406121764710964,-0.30098745637758917
1770271612.8222718,1.2316267065782565,0.0,0.020000000000000007,1.2732414910912506,0.0,0.09139142366647733,0.25,-0.10236612765885669,-4.476781899234992e-29,-0.0005057560222506882,-0.30094035529876334
1770271613.2385418,1.2313746470965166,0.0,0.020000000000000007,1.2732414910912506,0.0,0.09139142366647733,0.25,-0.10236612765885669,-3.515387813445991e-29,-0.00040304778104300937,-0.3009918107630276
1770271613.6547198,1.2311224174125213,0.0,0.020000000000000007,1.2732414910912506,0.0,0.09139142366647733,0.25,-0.10236612765885669,-2.2309328998820474e-29,-0.00027326329137214233,-0.30105941063270936
1770271614.070458,1.2308699726743717,0.0,0.020000000000000007,1.2732414910912506,0.0,0.09139142366647733,0.25,-0.10236612765885669,-1.84483531271089e-29,-0.00031447806617308706,-0.3010299462738219
1770271614.4907544,1.230617596219899,0.0,0.020000000000000007,1.2732414910912506,0.0,0.09139142366647733,0.25,-0.10236612765885669,-1.303758394632421e-29,-0.00014256272530864384,-0.30112897400086047
1770271614.9354985,1.2303649349148291,0.0,0.020000000000000007,1.2732414910912506,0.0,0.09139142366647733,0.25,-0.10236612765885669,-1.1971138052924448e-29,-0.00010123129973609667,-0.30113658132211757
1770271615.3804803,1.2301122051490563,0.0,0.020000000000000007,1.2732414910912506,0.0,0.09139142366647733,0.25,-0.10236612765885669,-8.103760524996357e-30,-9.06300818849908e-05,-0.301138808910271
1770271615.799975,1.2298594578577298,0.0,0.020000000000000007,1.2732414910912506,0.0,0.09139142366647733,0.25,-0.10236612765885669,-5.8067459966981206e-30,-0.0001873209508863395,-0.3010990724408853
1770271616.2147753,1.229606870726468,0.0,0.020000000000000007,1.2732414910912506,0.0,0.09139142366647733,0.25,-0.10236612765885669,-5.243295132279484e-30,-4.588377125076777e-05,-0.3011742656617665
1770271616.638459,1.2293540492452402,0.0,0.020000000000000007,1.2732414910912506,0.0,0.09139142366647733,0.25,-0.10236612765885669,-3.889361557961249e-30,-0.0001194246564342541,-0.3011307055897296
1770271617.0546918,1.229101349606039,0.0,0.020000000000000007,1.2732414910912506,0.0,0.09139142366647733,0.25,-0.10236612765885669,-3.031939868841052e-30,-3.660249480875551e-05,-0.3011730447981865
1770271617.473628,1.2288485127396602,0.0,0.020000000000000007,1.2732414910912506,0.0,0.09139142366647733,0.25,-0.10236612765885669,-2.1741276217972985e-30,-0.00015775325294848644,-0.30111630227876807
1770271617.8880804,1.2285958766044398,0.0,0.020000000000000007,1.2732414910912506,0.0,0.09139142366647733,0.25,-0.10236612765885669,-1.5146591274084116e-30,-0.00012785941356319034,-0.3011221235065853
1770271618.3019724,1.2283431909663698,0.0,0.020000000000000007,1.2732414910912506,0.0,0.09139142366647733,0.25,-0.10236612765885669,-1.2024484641799455e-30,-0.00014063455462986482,-0.30111402406622007
1770271618.7197824,1.2280905264587423,0.0,0.020000000000000007,1.2732414910912506,0.0,0.09139142366647733,0.25,-0.10236612765885669,-1.0337210902161556e-30,-8.252688734687889e-05,-0.3011476111524832
1770271619.142581,1.227837765697362,0.0,0.020000000000000007,1.2732414910912506,0.0,0.09139142366647733,0.25,-0.10236612765885669,-8.020876672580773e-31,6.325637191936868e-05,-0.30122927034131464
1770271619.573411,1.227584763376238,0.0,0.020000000000000007,1.2732414910912506,0.0,0.09139142366647733,0.25,-0.10236612765885669,-5.738741976248788e-31,1.3645406937258652e-05,-0.3011948476293952
1770271619.990151,1.2273318432433626,0.0,0.020000000000000007,1.2732414910912506,0.0,0.09139142366647733,0.25,-0.10236612765885669,-4.001156132329478e-31,9.349255958643878e-05,-0.3012377948244865
1770271620.401358,1.2270787907917522,0.0,0.020000000000000007,1.2732414910912506,0.0,0.09139142366647733,0.25,-0.10236612765885669,-3.1793066232822542e-31,-1.301592845180184e-05,-0.30118720671400623
1770271620.8174438,1.2268259148348593,0.0,0.020000000000000007,1.2732414910912506,0.0,0.09139142366647733,0.25,-0.10236612765885669,-2.7373514182428376e-31,-1.9075750266954987e-05,-0.30117413193647635
1770271621.2363975,1.2265730489040636,0.0,0.020000000000000007,1.2732414910912506,0.0,0.09139142366647733,0.25,-0.10236612765885669,-2.23425019868089e-31,-0.00019239786982624512,-0.3011041971064711
1770271621.654991,1.226320470141294,0.0,0.020000000000000007,1.2732414910912506,0.0,0.09139142366647733,0.25,-0.10236612765885669,-1.5195533585555492e-31,-0.00013797030859998133,-0.301119521431251
1770271622.0803597,1.2260678012402082,0.0,0.020000000000000007,1.2732414910912506,0.0,0.09139142366647733,0.25,-0.10236612765885669,-1.075738675177582e-31,-0.00017158708961058768,-0.30110063196272413
1770271622.5056589,1.2258151880217816,0.0,0.020000000000000007,1.2732414910912506,0.0,0.09139142366647733,0.25,-0.10236612765885669,-8.428889477998731e-32,-0.0002462646903038253,-0.3010673992443458
1770271622.9312634,1.2255626985443855,0.0,0.020000000000000007,1.2732414910912506,0.0,0.09139142366647733,0.25,-0.10236612765885669,-6.853117789476913e-32,-0.000157309232731401,-0.30111330475881987
1770271623.3407166,1.2253100617010617,0.0,0.020000000000000007,1.2732414910912506,0.0,0.09139142366647733,0.25,-0.10236612765885669,-5.595400885527563e-32,-0.00028006600179024366,-0.3010553065054391
1770271623.7543495,1.2250576282120966,0.0,0.020000000000000007,1.2732414910912506,0.0,0.09139142366647733,0.25,-0.10236612765885669,-3.8404004583561434e-32,-0.00016809333333805924,-0.30111021442960456
1770271624.1698256,1.2248050092161917,0.0,0.020000000000000007,1.2732414910912506,0.0,0.09139142366647733,0.25,-0.10236612765885669,-3.240762961529742e-32,-0.0002695848480654567,-0.3010584205568684
1770271624.5936098,1.2245525583626056,0.0,0.020000000000000007,1.2732414910912506,0.0,0.09139142366647733,0.25,-0.10236612765885669,-2.20500097819185e-32,-0.00015484831579712095,-0.30111711332475666
1770271625.0126905,1.224299917415502,0.0,0.020000000000000007,1.2732414910912506,0.0,0.09139142366647733,0.25,-0.10236612765885669,-1.9004610699028776e-32,-0.00016723047247883853,-0.3011006868088571
1770271625.4256456,1.2240472969390177,0.0,0.020000000000000007,1.2732414910912506,0.0,0.09139142366647733,0.25,-0.10236612765885669,-1.5576784676569205e-32,-0.00014287481579901534,-0.3011140619871968
1770271625.8392918,1.223794636148932,0.0,0.020000000000000007,1.2732414910912506,0.0,0.09139142366647733,0.25,-0.10236612765885669,-1.199544342704723e-32,-0.00018606990106812509,-0.3010943483874212
1770271626.2601976,1.2235420469416405,0.0,0.020000000000000007,1.2732414910912506,0.0,0.09139142366647733,0.25,-0.10236612765885669,-8.636217830662871e-33,-0.00025895464203619796,-0.30106087498250705
1770271626.6888292,1.2232895784820343,0.0,0.020000000000000007,1.2732414910912506,0.0,0.09139142366647733,0.25,-0.10236612765885669,-5.810464699930835e-33,-0.00021096903137785645,-0.30108237787480524
1770271627.1063678,1.2230370305378462,0.0,0.020000000000000007,1.2732414910912506,0.0,0.09139142366647733,0.25,-0.10236612765885669,-4.5036546681568455e-33,-0.00037270220055668246,-0.3010128860460679
1770271627.5193064,1.2227847505785252,0.0,0.020000000000000007,1.2732414910912506,0.0,0.09139142366647733,0.25,-0.10236612765885669,-4.0821541974574725e-33,-0.00041733978213713004,-0.30097885769651783
1770271627.935637,1.2225325445677067,0.0,0.020000000000000007,1.2732414910912506,0.0,0.09139142366647733,0.25,-0.10236612765885669,-3.1625929673194904e-33,-0.00035367699286291827,-0.3010125916119243
1770271628.3561864,1.2222802330977942,0.0,0.020000000000000007,1.2732414910912506,0.0,0.09139142366647733,0.25,-0.10236612765885669,-2.2641589036992127e-33,-0.0002793247766297376,-0.3010508366627368
1770271628.774328,1.2220277983535555,0.0,0.020000000000000007,1.2732414910912506,0.0,0.09139142366647733,0.25,-0.10236612765885669,-1.656418908242312e-33,-0.00031549485317273844,-0.30102893341049625
1770271629.197323,1.2217754235888747,0.0,0.020000000000000007,1.2732414910912506,0.0,0.09139142366647733,0.25,-0.10236612765885669,-1.1775965133586162e-33,-0.00024096106109548993,-0.3010700366780883
1770271629.6452436,1.2215229253406552,0.0,0.020000000000000007,1.2732414910912506,0.0,0.09139142366647733,0.25,-0.10236612765885669,-1.0669258771672601e-33,-0.00011698959299427096,-0.30113696617974134
1770271630.061809,1.2212702216298608,0.0,0.020000000000000007,1.2732414910912506,0.0,0.09139142366647733,0.25,-0.10236612765885669,-7.634876966007837e-34,-9.512648971050981e-05,-0.3011376868949015
1770271630.478507,1.2210174817253379,0.0,0.020000000000000007,1.2732414910912506,0.0,0.09139142366647733,0.25,-0.10236612765885669,-5.169999031170272e-34,6.169256897245734e-05,-0.3012295920197829
1770271630.896041,1.2207644819952277,0.0,0.020000000000000007,1.2732414910912506,0.0,0.09139142366647733,0.25,-0.10236612765885669,-4.212235904700444e-34,4.673965089201455e-05,-0.3012079289466824
1770271631.3065324,1.2205115070165422,0.0,0.020000000000000007,1.2732414910912506,0.0,0.09139142366647733,0.25,-0.10236612765885669,-3.1181606657548446e-34,9.275355329467528e-05,-0.301234041996316
1770271631.7278354,1.2202584558362988,0.0,0.020000000000000007,1.2732414910912506,0.0,0.09139142366647733,0.25,-0.10236612765885669,-2.797804597831879e-34,-6.813737622433111e-05,-0.30116508423426813
1770271632.160176,1.220005671224716,0.0,0.020000000000000007,1.2732414910912506,0.0,0.09139142366647733,0.25,-0.10236612765885669,-1.8081614710403146e-34,-0.0001529880504876151,-0.3011150548716109
1770271632.5771184,1.2197530271716146,0.0,0.020000000000000007,1.2732414910912506,0.0,0.09139142366647733,0.25,-0.10236612765885669,-1.4314902573780752e-34,-0.0002467955070332573,-0.30106904682156627
1770271633.0019028,1.2195005385793476,0.0,0.020000000000000007,1.2732414910912506,0.0,0.09139142366647733,0.25,-0.10236612765885669,-1.1115510554521535e-34,-0.000300989395064818,-0.3010379885206991
1770271633.418453,1.2192481398035315,0.0,0.020000000000000007,1.2732414910912506,0.0,0.09139142366647733,0.25,-0.10236612765885669,-9.532815943830192e-35,-0.00038010548248814334,-0.3010009226969266
1770271633.86438,1.2189958720750835,0.0,0.020000000000000007,1.2732414910912506,0.0,0.09139142366647733,0.25,-0.10236612765885669,-6.840166181304352e-35,-0.0003126389819101195,-0.3010334909885311
1770271634.2938836,1.2187434926594523,0.0,0.020000000000000007,1.2732414910912506,0.0,0.09139142366647733,0.25,-0.10236612765885669,-4.88068202537868e-35,-0.00027250689849382735,-0.3010508235885231
1770271634.7198238,1.2184910466660288,0.0,0.020000000000000007,1.2732414910912506,0.0,0.09139142366647733,0.25,-0.10236612765885669,-4.1785354672960724e-35,-0.0003744342797690359,-0.30100603942767135
1770271635.1404335,1.2182387696034935,0.0,0.020000000000000007,1.2732414910912506,0.0,0.09139142366647733,0.25,-0.10236612765885669,-3.2336684889987454e-35,-0.00026185126087324614,-0.3010633965008813
1770271635.5576758,1.2179863059718636,0.0,0.020000000000000007,1.2732414910912506,0.0,0.09139142366647733,0.25,-0.10236612765885669,-2.3109184182511655e-35,-0.00013617798933147004,-0.3011275421619168
1770271635.9789925,1.2177336341257123,0.0,0.020000000000000007,1.2732414910912506,0.0,0.09139142366647733,0.25,-0.10236612765885669,-1.623778173670349e-35,-6.167383513587916e-05,-0.30115967732727994
1770271636.408186,1.2174808388121157,0.0,0.020000000000000007,1.2732414910912506,0.0,0.09139142366647733,0.25,-0.10236612765885669,-0.0014164356393831434,0.09601873376903848,-0.3602169071137482
1770271636.8469627,1.2170699638087779,0.0,0.020000000000000007,1.2732414910912506,0.0,0.09139142366647733,0.25,-0.10236612765885669,0.0010753361025700311,0.2987466394076484,-0.4697538379945435
1770271637.2779138,1.2165299638087779,0.0,0.020059230529665954,1.2732414910912506,0.0,0.09139142366647733,0.25,-0.10236612765885669,-0.00012624128866617706,0.43070926835779516,-0.5298602021920067
1770271637.7049136,1.2159899638087779,0.0,0.020174147382378587,1.2732414910912506,0.0,0.09139142366647733,0.25,-0.10236612765885669,0.0017204609313975607,0.5435977390166967,-0.5825503194722693
1770271638.1438541,1.215449963808778,0.0,0.020331609155535706,1.2732414910912506,0.0,0.09139142366647733,0.0,-0.5,-0.008815902583879154,0.5685269406899373,-0.545572293096172
1770271638.6037946,1.215449963808778,0.0,0.020331609155535706,1.2732414910912506,0.0,0.09153758132338537,0.0,-0.5,0.0009412488150683609,0.35450114220001117,-0.44959439976406657
1770271639.018459,1.215449963808778,0.0,0.020331609155535706,1.2732414910912506,0.0,0.09167802306413664,0.0,-0.5,4.6149265008887706e-05,0.17264402392272438,-0.35455387305409974
1770271639.4618857,1.215449963808778,0.0,0.020331609155535706,1.2732414910912506,0.0,0.09180875088453307,0.0,-0.5,-0.003146452315314683,0.03339725411658136,-0.28376975635421964
1770271639.8849173,1.215449963808778,0.0,0.020331609155535706,1.2732414910912506,0.0,0.09192814091086401,0.0,-0.5,-0.0022701580789607754,-0.07641715973802993,-0.22504301959540696
1770271640.2961779,1.215449963808778,0.0,0.020331609155535706,1.2732414910912506,0.0,0.09203601916432394,0.0,-0.5,0.005124181527734847,-0.15637250524167617,-0.18493346345726136
1770271640.7091303,1.215449963808778,0.0,0.020331609155535706,1.2732414910912506,0.0,0.09213413892984404,0.0,-0.5,0.0006378183959811423,-0.2376569756367892,-0.13993777761709783
1770271641.1311977,1.215449963808778,0.0,0.020331609155535706,1.2732414910912506,0.0,0.09222086981594577,0.0,-0.5,0.00486216830564424,-0.2886769833303024,-0.11562567740984436
1770271641.551226,1.215449963808778,0.0,0.020331609155535706,1.2732414910912506,0.0,0.09229999209046379,0.125,-0.13374130345711785,0.01847595714682176,-0.2990127738851034,-0.1901933571226511
1770271641.9742692,1.2157382188375025,0.0,0.02027191950753928,1.2734619930481903,0.0,0.09229999209046379,0.125,-0.12881933207923843,0.12172369915785113,-0.26029812135375024,-0.07288716073254009
1770271642.394529,1.2161425949020415,0.0,0.02022297399618221,1.2734619930481903,0.0,0.09229999209046379,0.11458333333333333,-0.1176850312005801,0.11545108420842676,-0.23066848708450963,-0.060322442243982255
1770271642.8134677,1.2165086297543077,0.0,0.020182838676869413,1.2734619930481903,0.0,0.09229999209046379,0.11458333333333333,-0.11045844189706171,0.11627660649868411,-0.20335368358001862,-0.050872374357278344
1770271643.285681,1.2168414328093557,0.0,0.02014992771503292,1.2734619930481903,0.0,0.09229999209046379,0.10416666666666666,-0.10897883784871298,0.10851812727973793,-0.17845498697688467,-0.04157940483747051
1770271643.7205744,1.2171269126207858,0.0,0.020122940726326994,1.2734619930481903,0.0,0.09229999209046379,0.09375,-0.0922979835872947,0.09459375470093521,-0.15781229298520097,-0.03566517879905672
1770271644.14306,1.217381480509761,0.0,0.020100811395588135,1.2734619930481903,0.0,0.09229999209046379,0.09375,-0.08855777763353102,0.09348587750173608,-0.1401017145705754,-0.02780714880824867
1770271644.5553665,1.2176095230306416,0.0,0.020082665344382272,1.2734619930481903,0.0,0.09229999209046379,0.09375,-0.08752063364277336,0.09275391020141877,-0.12321786889132218,-0.020533091990780964
1770271644.984403,1.2178092139692336,0.0,0.020067785582393464,1.2734619930481903,0.0,0.09229999209046379,0.019999999999999993,-1.0,0.058643049127919435,-0.13403106235758536,-0.4727088372957531
1770271645.4016097,1.2178092139692336,0.0,0.020067785582393464,1.2732795445132248,0.0,0.09247034976363197,0.09375,-0.046637241882183426,0.011442236906850964,-0.1929077553510145,-0.1613306891269075
1770271645.8468523,1.2180418008227378,0.0,0.02005558417756264,1.2732795445132248,0.0,0.09247034976363197,0.09375,-0.03627138627765609,0.08841238418657456,-0.23154934721275333,-0.10684075546714795
1770271646.265494,1.2184781291742355,0.0,0.020045579025601366,1.2732795445132248,0.0,0.09247034976363197,0.10416666666666666,-0.01613908849382383,0.09589970212037187,-0.20816677062772454,-0.10661906327174801
1770271646.6832092,1.2189107981128722,0.0,0.02003737480099312,1.2732795445132248,0.0,0.09247034976363197,0.11458333333333333,-0.014590612653957198,0.10341701865239097,-0.16709525482233964,-0.09152578734567207
1770271647.1070154,1.2192883233232528,0.0,0.020030647336814356,1.2732795445132248,0.0,0.09247034976363197,0.10416666666666666,-0.013546971031036957,0.09993539272187703,-0.1348853452096929,-0.06812145199538226
1770271647.5415118,1.2196138911087542,0.0,0.020025130816187772,1.2732795445132248,0.0,0.09247034976363197,0.09375,-0.01497501537603479,0.08835789421146772,-0.10589042416476391,-0.05374930228738973
1770271647.9736469,1.219874724391225,0.0,0.020020607269273974,1.2732795445132248,0.0,0.09247034976363197,0.10416666666666666,-0.005542125934876735,0.07037874356008418,-0.11279384952213237,-0.08810412743594713
1770271648.3892562,1.2201244701458245,0.0,0.02001689796080466,1.2732795445132248,0.0,0.09247034976363197,0.10416666666666666,0.010673335090699811,0.10449937594411594,-0.12377026230099591,-0.0686521492511835
1770271648.8069432,1.2204709279085426,0.0,0.020013856327859823,1.2732795445132248,0.0,0.09247034976363197,0.125,0.0038609603586585925,0.1151730585101815,-0.09372711026299545,-0.06162529200444556
1770271649.2402298,1.2207679455209999,0.0,0.020011362188845055,1.2732795445132248,0.0,0.09247034976363197,0.125,0.003486415326310237,0.12458431160775611,-0.07216805669817572,-0.04039882976096884
1770271649.663995,1.221044535869482,0.0,0.020009316994852946,1.2732795445132248,0.0,0.09247034976363197,0.11458333333333333,0.00034888013858903714,0.11493637961816178,-0.054242944526447165,-0.029441469834519406
1770271650.0909183,1.2212751182760027,0.0,0.020007639935779416,1.2732795445132248,0.0,0.09247034976363197,0.10416666666666666,0.002248027427261278,0.10053598091215264,-0.042443183087569405,-0.027156267155817135
1770271650.520913,1.2214682693023708,0.0,0.02000626474733912,1.2732795445132248,0.0,0.09247034976363197,0.10416666666666666,0.0019107363058078891,0.09561229093664136,-0.03311781040560297,-0.027001186353927367
1770271650.9526534,1.2216366214449432,0.0,0.02000513709281808,1.2732795445132248,0.0,0.09247034976363197,0.125,0.0020196895657541587,0.1285632482437356,-0.025730918573242716,-0.018177241496470067
1770271651.3720791,1.2218398311091687,0.0,0.020004212416110823,1.2732795445132248,0.0,0.09247034976363197,0.11458333333333333,0.0007732083504288934,0.11415391476791345,-0.019558925822066683,-0.011212684926785269
1770271651.7822282,1.2220107452173259,0.0,0.020003454181210877,1.2732795445132248,0.0,0.09247034976363197,0.10416666666666666,0.002027736465714915,0.1020516512937698,-0.015092144486817139,-0.011121633982687845
1770271652.2028306,1.2221595090211657,0.0,0.020003454181210877,1.2732795445132248,0.0,0.09247034976363197,0.09375,0.0017869552651466683,0.09916292056686701,-0.01127249920759943,-0.012324612331161833
1770271652.616987,1.222301021607044,0.0,0.020003454181210877,1.2732795445132248,0.0,0.09247034976363197,0.125,0.0027559390976477794,0.11810931784682487,-0.007630512171740237,-0.012448106491455063
1770271653.0285563,1.2224564293499018,0.0,0.020003454181210877,1.2732795445132248,0.0,0.09247034976363197,0.11458333333333333,-0.0016382072054998715,0.1108117032183661,-0.0037110517508693315,-0.005199998429739049
1770271653.4664314,1.2224564293499018,0.0,0.020003454181210877,1.2732795445132248,0.0,0.09247034976363197,0.10416666666666666,-0.0005213209020913864,0.10399598831882922,-0.0034206075637962787,-0.0016493660973971845
1770271653.8906825,1.2224564293499018,0.0,0.020003454181210877,1.2732795445132248,0.0,0.09247034976363197,0.09375,0.0008152973746270026,0.09228455417212472,-0.004051066339246054,-0.003961673562356783
1770271654.3058555,1.2224564293499018,0.0,0.020003454181210877,1.2732795445132248,0.0,0.09247034976363197,0.11458333333333333,0.006261800077225384,0.06872254421922418,-0.025759811450765363,-0.06404246938925645
1770271654.7337403,1.2224564293499018,0.0,0.02000283242859292,1.2732795445132248,0.0,0.09247034976363197,0.10416666666666666,0.006670491775942814,0.11504992412852465,-0.022552571896330136,-0.025815513253437988
1770271655.1470273,1.2226465844882752,0.0,0.020002322591446194,1.2732795445132248,0.0,0.09247034976363197,0.09375,0.004771125858071287,0.10163839438340837,-0.01519007326160008,-0.018605243806717058
1770271655.5682275,1.2228031504787233,0.0,0.020002322591446194,1.2732795445132248,0.0,0.09247034976363197,0.11458333333333333,0.013213926321631025,0.098354320016907,-0.006999887555014078,-0.027154938825407482
1770271656.0032687,1.2229423213673858,0.0,0.02000190452498588,1.2732795445132248,0.0,0.09247034976363197,0.13541666666666669,0.001662947774893602,0.12947772513022732,-0.0014222110885038785,-0.008039288614789128
1770271656.4327052,1.2231005603159695,0.0,0.02000190452498588,1.2732795445132248,0.0,0.09247034976363197,0.125,0.0005508700326018311,0.12599975042789316,-0.0014325247107506147,-0.0019924791617940557
1770271656.8477576,1.223255925846222,0.0,0.02000190452498588,1.2732795445132248,0.0,0.09247034976363197,0.125,-0.0004444833893885187,0.11796213235746957,-0.002132755705945461,-0.007952026900328391
1770271657.2917652,1.2233972951055794,0.0,0.02000190452498588,1.2732795445132248,0.0,0.09247034976363197,0.14583333333333334,0.008667423085871796,0.11632092422451207,-0.0022927177133465365,-0.03500847570917055
1770271657.7117674,1.223539314468029,0.0,0.02000156171048842,1.2732795445132248,0.0,0.09247034976363197,0.14583333333333334,-0.0014369236592262791,0.13948767028762368,-0.0011431934791507085,-0.006607480559167028
1770271658.1440573,1.2237054517443209,0.0,0.02000156171048842,1.2732795445132248,0.0,0.09247034976363197,0.13541666666666669,-0.0020624777772650397,0.13706740185541766,-0.0004569550502097164,-0.002522120395172735
1770271658.5666416,1.2238700108356504,0.0,0.02000156171048842,1.2732795445132248,0.0,0.09247034976363197,0.125,0.007193340469676092,0.13440514279432447,-0.0001412224886929411,-0.013103997529660667
1770271658.9892318,1.2240466312576561,0.0,0.02000156171048842,1.2732795445132248,0.0,0.09247034976363197,0.13541666666666669,0.007085703741616752,0.14772865031867538,0.0006706277329530607,-0.015600706678505143
1770271659.4082386,1.2242399357814817,0.0,0.02000156171048842,1.2732795445132248,0.0,0.09247034976363197,0.14583333333333334,-0.0011507590561663991,0.14409354199876548,-0.000901716428672718,-0.0020215470644772823
1770271659.8421896,1.22441395213795,0.0,0.02000156171048842,1.2732795445132248,0.0,0.09247034976363197,0.13541666666666669,0.008530176111111766,0.13976002346492739,-0.0007795429104993479,-0.009010433660883594
1770271660.26585,1.2245980549414188,0.0,0.02000156171048842,1.2732795445132248,0.0,0.09247034976363197,0.15625000000000003,0.008783495119512064,0.14080916027034263,0.0004466139327801175,-0.019731896007351323
1770271660.6890106,1.2247730090035231,0.0,0.020001280602600504,1.2732795445132248,0.0,0.09247034976363197,0.15625000000000003,-0.000294082191332333,0.1452077071242435,0.0018452033955143419,-0.01225179461545329
1770271661.115617,1.2249408052207262,0.0,0.020001280602600504,1.2732795445132248,0.0,0.09247034976363197,0.14583333333333334,0.008426271687139482,0.14486920719218882,0.004392876792416195,-0.003235590928196351
1770271661.5451984,1.2251201005990535,0.0,0.020001280602600504,1.2732795445132248,0.0,0.09247034976363197,0.13541666666666669,0.008357713520281161,0.1376712625788724,0.004052401748596743,-0.004441299302429879
1770271661.9666803,1.225292145419243,0.0,0.020001280602600504,1.2732795445132248,0.0,0.09247034976363197,0.14583333333333334,0.0006430311289263007,0.14300735896392913,0.00499544763305543,-0.005096487209914643
1770271662.3795874,1.225456657292965,0.0,0.020001280602600504,1.2732795445132248,0.0,0.09247034976363197,0.14583333333333334,0.0012437986822789182,0.16699699248359454,0.0021397763248601994,-0.021897215102371356
1770271662.7921536,1.225667862069729,0.0,0.020001280602600504,1.2732795445132248,0.0,0.09247034976363197,0.14583333333333334,0.011304333567928607,0.13242500139608523,0.0026704974746283214,-0.01777832209887506
1770271663.2303097,1.2258326661003858,0.0,0.020001050094132413,1.2732795445132248,0.0,0.09247034976363197,0.15625000000000003,0.011242637562685067,0.15358808748022273,0.0056515827627899575,-0.005755548448541012
1770271663.6567402,1.2260239439846308,0.0,0.020001050094132413,1.2732795445132248,0.0,0.09247034976363197,0.15625000000000003,0.003266220341475218,0.15652650822353456,0.00800434120403053,-0.002880844498936246
1770271664.0688744,1.226205450382951,0.0,0.020001050094132413,1.2732795445132248,0.0,0.09247034976363197,0.14583333333333334,0.013226662578434772,0.15605892651908754,0.007462763968671586,-0.013161700214171682
1770271664.483079,1.2264051240052014,0.0,0.020001050094132413,1.2732795445132248,0.0,0.09247034976363197,0.14583333333333334,0.013226662578434772,0.009670842307459569,0.0053178010796271595,-0.140331418064182
1770271664.9102073,1.2264051240052014,0.0,0.02000086107718858,1.2732795445132248,0.0,0.09247034976363197,0.14583333333333334,0.013226662578434772,-0.00589256103159827,0.00442897496751506,-0.15621362078160267
1770271665.3253536,1.2264051240052014,0.0,0.020000706083294635,1.2732795445132248,0.0,0.09247034976363197,0.14583333333333334,0.013226662578434772,-0.004672744778620824,0.003492532770909675,-0.15546678723537724
1770271665.7559772,1.2264051240052014,0.0,0.020000578988301602,1.2732795445132248,0.0,0.09247034976363197,0.14583333333333334,0.013226662578434772,-0.0033463574166329724,0.002610347302165765,-0.1545760669349752
1770271666.1701193,1.2264051240052014,0.0,0.020000474770407315,1.2732795445132248,0.0,0.09247034976363197,0.14583333333333334,0.013226662578434772,-0.002596370420763003,0.0020906723537935335,-0.15404966636125417
1770271666.5888743,1.2264051240052014,0.0,0.020000389311734,1.2732795445132248,0.0,0.09247034976363197,0.14583333333333334,0.013226662578434772,-0.0018512363864021312,0.0015610106862217758,-0.15357036183259917
1770271667.0126154,1.2264051240052014,0.0,0.02000031923562188,1.2732795445132248,0.0,0.09247034976363197,0.14583333333333334,0.013226662578434772,-0.001682283033662877,0.0010946176613424727,-0.15362827812803032
1770271667.452199,1.2264051240052014,0.0,0.02000026177320994,1.2732795445132248,0.0,0.09247034976363197,0.14583333333333334,0.013226662578434772,-0.0011433858137972752,0.0008979782423709075,-0.1531607252570597
1770271667.8666956,1.2264051240052014,0.0,0.02000021465403215,1.2732795445132248,0.0,0.09247034976363197,0.13541666666666669,0.020238731911058776,0.03345464756684405,0.0025914093425271575,-0.11095502349410408
1770271668.2851658,1.2264051240052014,0.0,0.020000176016306364,1.2732795445132248,0.0,0.09247034976363197,0.14583333333333334,0.012693498168057203,0.1456060883212128,0.003226093587705529,-0.0050244157268142155
1770271668.7060988,1.2265934415997295,0.0,0.020000176016306364,1.2732795445132248,0.0,0.09247034976363197,0.14583333333333334,0.01376216325382878,0.15473876354194596,0.0031849582053272998,-0.014198146271101181
1770271669.1186638,1.2267988571341066,0.0,0.020000176016306364,1.2732795445132248,0.0,0.09247034976363197,0.14583333333333334,0.02168671293056334,0.15133885671984112,0.007879877678589213,-0.012878432959821037
1770271669.530338,1.2270011700339345,0.0,0.020000176016306364,1.2732795445132248,0.0,0.09247034976363197,0.14583333333333334,0.021651435610491397,0.14467155554074557,0.011517190936992957,-0.0065926314551773705
1770271669.9623694,1.2271858706213263,0.0,0.020000176016306364,1.2732795445132248,0.0,0.09247034976363197,0.13541666666666669,0.013736719645222032,0.13538918125832616,0.013618346177280137,-0.0002967876663401873
1770271670.3798566,1.227344951182726,0.0,0.020000176016306364,1.2732795445132248,0.0,0.09247034976363197,0.125,0.024162890645642737,0.12523118375707,0.01411271568899269,-0.005305708186566292
1770271670.797826,1.227504506124976,0.0,0.020000176016306364,1.2732795445132248,0.0,0.09247034976363197,0.14583333333333334,0.01926238687698438,0.13299327110801118,0.012782138072395479,-0.016213244389276335
1770271671.221766,1.2276638116056946,0.0,0.020000176016306364,1.2732795445132248,0.0,0.09247034976363197,0.14583333333333334,0.01938780222591746,0.1464209000518479,0.013869668014980715,-0.003455386818241462
1770271671.661849,1.2278444356913594,0.0,0.020000176016306364,1.2732795445132248,0.0,0.09247034976363197,0.13541666666666669,0.024697618039277835,0.14401032782508238,0.015517303229453544,-0.013348582084775129
1770271672.094974,1.228029888268235,0.0,0.020000176016306364,1.2732795445132248,0.0,0.09247034976363197,0.125,0.026371882933665186,0.1343932012137693,0.01875912525252824,-0.013523762256645241
1770271672.5180387,1.22820020504308,0.0,0.020000176016306364,1.2732795445132248,0.0,0.09247034976363197,0.125,0.0266678919800118,0.13349711484962942,0.022281874859555597,-0.01104239837056026
1770271672.94254,1.228363367948058,0.0,0.020000176016306364,1.2732795445132248,0.0,0.09247034976363197,0.10416666666666666,0.033806778352369116,0.15242592519115045,0.02381537784387791,-0.053408309077161625
1770271673.3663228,1.2285749350966242,0.0,0.020000176016306364,1.2732795445132248,0.0,0.09247034976363197,0.10416666666666666,0.03685782821325134,0.10791999870549678,0.02312353492922542,-0.010689662972308328
1770271673.7788196,1.2287157612891224,0.0,0.020000176016306364,1.2732795445132248,0.0,0.09247034976363197,0.10416666666666666,0.03131744396635018,0.1036241710601937,0.023303367777467804,-0.004567516985738386
1770271674.1996315,1.2287157612891224,0.0,0.020000176016306364,1.2732795445132248,0.0,0.09247034976363197,0.10416666666666666,0.03480532838260645,0.1018015547873868,0.0250914560732569,-0.007400856863533546
1770271674.6204448,1.2287157612891224,0.0,0.020000176016306364,1.2732795445132248,0.0,0.09247034976363197,0.10416666666666666,0.03397622036134941,0.10368333676311799,0.025879920764387027,-0.004610326171142876
1770271675.0367336,1.2287157612891224,0.0,0.020000176016306364,1.2732795445132248,0.0,0.09247034976363197,0.09375,0.03539894816815125,0.09505507512039187,0.0276993274189907,-0.005336826160432509
1770271675.475205,1.2287157612891224,0.0,0.020000176016306364,1.2732795445132248,0.0,0.09247034976363197,0.09375,0.03808446294592569,0.09359936008995402,0.030446277876818393,-0.0042444274903823955
1770271675.8965564,1.2287157612891224,0.0,0.020000176016306364,1.2732795445132248,0.0,0.09247034976363197,0.09375,0.03413044221452372,0.0917733795131972,0.03135496445798449,-0.003455228023189031
1770271676.314337,1.2287157612891224,0.0,0.020000176016306364,1.2732795445132248,0.0,0.09247034976363197,0.019999999999999993,-1.0,0.08267793758097546,0.015658359141159612,-0.5720767776832378
1770271676.731949,1.2287157612891224,0.0,0.020000176016306364,1.2730660031890861,0.0,0.09264675760984435,0.09375,0.0633614326661861,0.027045549018991536,-0.0437026329653058,-0.12617258300740095
1770271677.1498766,1.228872096325281,0.0,0.020000144333371217,1.2730660031890861,0.0,0.09264675760984435,0.09375,0.06436912583965455,0.08385922370528309,-0.028642659600064683,-0.05790266635110063
1770271677.5659938,1.229101316035512,0.0,0.020000118353364398,1.2730660031890861,0.0,0.09264675760984435,0.10416666666666666,0.06656509940469725,0.09110446672268063,-0.014664214567161667,-0.05507470143320579
1770271677.9993825,1.2293176491047173,0.0,0.020000097049758806,1.2730660031890861,0.0,0.09264675760984435,0.019999999999999993,-1.0,0.09711690407815372,0.0042468811715932,-0.5811314542378259
1770271678.42165,1.2293176491047173,0.0,0.020000097049758806,1.2728404764890664,0.0,0.09282323042988791,0.019999999999999993,-1.0,0.04093059897136224,-0.044994383030305694,-0.5033575338763993
1770271678.841656,1.2293176491047173,0.0,0.020000097049758806,1.2728404764890664,0.0,0.09299657486081137,0.22916666666666674,0.11791320977349311,0.06500546855462297,-0.11645286920906638,-0.2884900862211996
1770271679.256484,1.229666406786564,0.0,0.020000079580802223,1.2728404764890664,0.0,0.09299657486081137,0.0,0.5,0.1683449743736123,-0.11045274246883545,-0.4741713582820531
1770271679.6907887,1.229666406786564,0.0,0.020000079580802223,1.2728404764890664,0.0,0.09286580738663687,0.22916666666666674,0.10856216938228623,0.010897409656144582,0.0013633547526816136,-0.2830502740474762
1770271680.1287985,1.229666406786564,0.0,0.02000006525625782,1.2728404764890664,0.0,0.09286580738663687,0.21875000000000006,0.10249476676349571,0.20350818825505057,0.02525014586714847,-0.05625280130456979
1770271680.567481,1.2300007405997544,0.0,0.020000053510131413,1.2728404764890664,0.0,0.09286580738663687,0.21875000000000006,0.11125192675905997,0.21253302862541937,0.04366982158393313,-0.04184999153382257
1770271680.9843147,1.230330840470913,0.0,0.02000004387830776,1.2728404764890664,0.0,0.09286580738663687,0.25,0.09861396711328269,0.2189907663474725,0.05974969574601849,-0.05204935675236814
1770271681.3997173,1.230615592738512,0.0,0.020000035980212362,1.2728404764890664,0.0,0.09286580738663687,0.25,0.17991686937006446,0.24900750387180765,0.07509044145085804,-0.05493978465827952
1770271681.8166533,1.2310243106342582,0.0,0.020000029503774136,1.2728404764890664,0.0,0.09278471923530116,0.25,0.17631848024263397,0.2502794308028785,0.10204107193701924,-0.040113198004302
1770271682.2510982,1.2313880329502849,0.0,0.020000024193094792,1.2728404764890664,0.0,0.09270866077840342,0.25,0.16708351623200451,0.2503494497697435,0.11739101994506679,-0.02673069271401711
1770271682.664896,1.2317158843363551,0.0,0.02000001983833773,1.2728404764890664,0.0,0.09263737527489677,0.25,0.15823418355755436,0.2498637647218467,0.1271799968655666,-0.01664222631619715
1770271683.0924692,1.232016027097824,0.0,0.02000001983833773,1.2728404764890664,0.0,0.09256995652437225,0.25,0.14830169101162508,0.2505485372619812,0.12886162906592824,-0.010436731454865756
1770271683.5178564,1.2323020205415516,0.0,0.02000001983833773,1.2728404764890664,0.0,0.09250543239772334,0.25,0.1374893658740783,0.24879277825404522,0.12767347452476244,-0.006233982874729297
1770271683.940313,1.232573379970911,0.0,0.02000001983833773,1.2728404764890664,0.0,0.09244356836795821,0.25,0.12540841873560188,0.2497450412716391,0.1278005977395274,-0.0014637605518001556
1770271684.3584695,1.2328306153328448,0.0,0.02000001983833773,1.2728404764890664,0.0,0.09238497299611582,0.25,0.11641814078995857,0.2475826309756888,0.12327336862162226,-0.006297705851933552
1770271684.7733696,1.2330802204967766,0.0,0.02000001983833773,1.2728404764890664,0.0,0.09238497299611582,0.25,0.10937048312121109,0.24977774804300584,0.11610835931708662,-0.004307690985385486
1770271685.197268,1.2333362462414532,0.0,0.02000001983833773,1.2728404764890664,0.0,0.09238497299611582,0.25,0.10011936676634078,0.25106062478036895,0.11109003804148614,-0.0070477925455016705
1770271685.63169,1.2335907630343466,0.0,0.02000001983833773,1.2728404764890664,0.0,0.09238497299611582,0.25,0.09160264518242961,0.248016201141377,0.1078296609126843,-0.010423344436630514
1770271686.0506425,1.2338346121884614,0.0,0.02000001983833773,1.2728404764890664,0.0,0.09238497299611582,0.25,0.08300159522579695,0.2495924177549537,0.09808903916229221,-0.008925366388333146
1770271686.4664366,1.2340861303414135,0.0,0.02000001983833773,1.2728404764890664,0.0,0.09238497299611582,0.25,0.07859564230715427,0.2474621413502096,0.09572297705863864,-0.011338132235897934
1770271686.878715,1.2343323182476786,0.0,0.02000001983833773,1.2728404764890664,0.0,0.09238497299611582,0.25,0.07544966090674429,0.2489121242851007,0.09423601801200775,-0.01062975017219411
1770271687.29368,1.234579288559678,0.0,0.02000001983833773,1.2728404764890664,0.0,0.09238497299611582,0.25,0.07054520902216138,0.2500698025711331,0.08772017585415161,-0.00930887020291382
1770271687.7184398,1.2348326651455193,0.0,0.02000001983833773,1.2728404764890664,0.0,0.09238497299611582,0.25,0.06807873172322329,0.2481726075391023,0.08364825137706032,-0.010019344735525336
1770271688.140047,1.235086473915699,0.0,0.02000001983833773,1.2728404764890664,0.0,0.09238497299611582,0.25,0.06327406894095858,0.24969672828549616,0.07978747576051774,-0.00894605268593768
1770271688.5625486,1.2353429855157165,0.0,0.02000001983833773,1.2728404764890664,0.0,0.09238497299611582,0.25,0.0630566033413593,0.24984475661237204,0.07570212128085911,-0.006886537805343723
1770271688.9777198,1.235606281886819,0.0,0.02000001983833773,1.2728404764890664,0.0,0.09238497299611582,0.25,0.057260135869869465,0.25061327120435084,0.07363152793754744,-0.009006026572520996
1770271689.3922846,1.2358667387641697,0.0,0.02000001983833773,1.2728404764890664,0.0,0.09238497299611582,0.25,0.009723604162558946,0.2484688707651707,0.07349342941177438,-0.033429851712014305
1770271689.8045819,1.23606077955437,0.0,0.02000001983833773,1.2728404764890664,0.0,0.09238497299611582,0.25,0.0004180055989089597,0.25016527676394906,0.062242984711459975,-0.03220281079025601
1770271690.2309906,1.236264296680215,0.0,0.02000001983833773,1.2728404764890664,0.0,0.09238497299611582,0.25,-0.1053340532036619,0.24772935621571993,0.04373723255568669,-0.07865686187953169
1770271690.670071,1.236264296680215,0.0,0.02000001983833773,1.2728404764890664,0.0,0.09238497299611582,0.0,-0.5,0.08923465738167215,-0.07384025421145711,-0.31407227895265794
1770271691.08334,1.236264296680215,0.0,0.02000001983833773,1.2728404764890664,0.0,0.09249453754365458,0.0,-0.5,-0.007368455890225501,-0.1740055588440388,-0.18038220693146428
1770271691.505337,1.236264296680215,0.0,0.02000001983833773,1.2728404764890664,0.0,0.09259006010472788,0.0,-0.5,-0.008224396603153042,-0.2571716474711912,-0.13795518173027269
1770271691.9291885,1.236264296680215,0.0,0.02000001983833773,1.2728404764890664,0.0,0.09267378787696375,0.0,-0.5,-0.006741111493501454,-0.3032379015974761,-0.1097287861073919
1770271692.3407936,1.236264296680215,0.0,0.02000001983833773,1.2728404764890664,0.0,0.0927505378609897,0.0,-0.5,-0.0030920550549843598,-0.3390229885578267,-0.08715906947210607
1770271692.7721443,1.236264296680215,0.0,0.02000001983833773,1.2728404764890664,0.0,0.09282167938888086,0.0,-0.5,-0.0038660292585861243,-0.3722409659794758,-0.07106734401101313
1770271693.195391,1.236264296680215,0.0,0.02000001983833773,1.2728404764890664,0.0,0.09288744167149081,0.0,-0.5,-0.0022278748436038217,-0.3917008409442894,-0.05832344186794047
1770271693.611558,1.236264296680215,0.0,0.02000001983833773,1.2728404764890664,0.0,0.0929500081020595,0.0,-0.5,-0.00017897452313318002,-0.41105749543013226,-0.046585892256651336
1770271694.0303059,1.236264296680215,0.0,0.02000001983833773,1.2728404764890664,0.0,0.09300935670256628,0.0,-0.5,-0.005921279420785814,-0.42880300120359427,-0.043294329396334874
1770271694.457098,1.236264296680215,0.0,0.02000001983833773,1.2728404764890664,0.0,0.09306572878062738,0.0,-0.5,-0.004808630628759407,-0.4331339979060412,-0.03867473134598351
1770271694.8803678,1.236264296680215,0.0,0.02000001983833773,1.2728404764890664,0.0,0.09312137153923525,0.0,-0.5,0.0048062329997243134,-0.44242237018414926,-0.03452388513546049
1770271695.3220925,1.236264296680215,0.0,0.02000001983833773,1.2728404764890664,0.0,0.09317542612433447,0.25,-0.1367036072255871,0.0002050568633249939,-0.4585065291483105,-0.41230481999445284
1770271695.7375364,1.2367040309436352,0.0,0.02000001626743694,1.273204135065078,0.0,0.0931013921773435,0.0,-0.5,0.2074109179795111,-0.38991977781101367,-0.269309704207734
1770271696.166164,1.2367040309436352,0.0,0.02000001626743694,1.2729498724865906,0.0,0.0931617620879413,0.0,-0.5,0.03531893470974124,-0.3835044376164323,-0.0942082499209832
1770271696.5855973,1.2367040309436352,0.0,0.02000001626743694,1.2729498724865906,0.0,0.09322570452392115,0.0,-0.5,-0.00253278078194742,-0.4098396752708982,-0.050246466911944905
1770271697.017151,1.2367040309436352,0.0,0.02000001626743694,1.2729498724865906,0.0,0.09328525483727469,0.25,0.015726767661329806,0.02043200657434347,-0.4405816382765473,-0.46079639269516004
1770271697.431949,1.2372440309436352,0.0,0.02000001333929829,1.2729498724865906,0.0,0.09328525483727469,0.0,0.5,0.005643405161631409,-0.28027302815412225,-0.41181078025093504
1770271697.8488824,1.2372440309436352,0.0,0.02000001333929829,1.2731760816693298,0.0,0.09313896568775192,0.0,-0.5,-0.0023671794521457944,-0.2074531231219334,-0.15592260839439798
1770271698.2696157,1.2372440309436352,0.0,0.02000001333929829,1.2731760816693298,0.0,0.09322997972369208,0.0,-0.5,0.0006435546105029052,-0.23325076986367088,-0.13659793435284123
1770271698.7058692,1.2372440309436352,0.0,0.02000001333929829,1.2731760816693298,0.0,0.09331735244631781,0.0,-0.5,-0.0023335818797819937,-0.31594950878681444,-0.10262870137868914
1770271699.1373632,1.2372440309436352,0.0,0.02000001333929829,1.2731760816693298,0.0,0.09339216021597399,0.0,-0.5,-0.0007651925655318219,-0.3777248614524947,-0.0680802971058525
1770271699.5576375,1.2372440309436352,0.0,0.02000001333929829,1.2731760816693298,0.0,0.09345703592121615,0.0,-0.5,-0.00038264555879290423,-0.4283166463123437,-0.04128350088860597
1770271699.970313,1.2372440309436352,0.0,0.02000001333929829,1.2731760816693298,0.0,0.09351348655581489,0.0,-0.5,-0.0002031246627061129,-0.454639230688218,-0.025515767756184547
1770271700.3892658,1.2372440309436352,0.0,0.02000001333929829,1.2731760816693298,0.0,0.09356547915518298,0.0,-0.5,-0.0016824494191843345,-0.45631835732974774,-0.023691183418463442
1770271700.8221893,1.2372440309436352,0.0,0.02000001333929829,1.2731760816693298,0.0,0.0936171908628942,0.0,-0.5,-0.0014245687126339633,-0.4669626966393282,-0.019007654323927904
1770271701.256678,1.2372440309436352,0.0,0.02000001333929829,1.2731760816693298,0.0,0.09366708841025843,0.0,-0.5,-0.001853545894103626,-0.46996100518166833,-0.01717287415750347
1770271701.6738465,1.2372440309436352,0.0,0.02000001333929829,1.2731760816693298,0.0,0.09371647610187545,0.0,-0.5,0.0016672717587288568,-0.45389243973281196,-0.026327908437208513
1770271702.097245,1.2372440309436352,0.0,0.02000001333929829,1.2731760816693298,0.0,0.09376858965814128,0.25,-0.12866257814057996,-0.0011322774022226659,-0.45573474563300054,-0.41485259173845185
1770271702.5283446,1.2376872307605775,0.0,0.020000010938224597,1.273542235515117,0.0,0.09369305121183409,0.0,-0.5,0.15523009380376082,-0.3803876708787347,-0.22257096583982006
1770271702.9644992,1.2376872307605775,0.0,0.020000010938224597,1.273353405597209,0.0,0.09375625380873694,0.0,-0.5,0.007189775983090513,-0.3683089339464737,-0.07424318270307977
1770271703.3768167,1.2376872307605775,0.0,0.020000010938224597,1.273353405597209,0.0,0.09382270223259939,0.0,-0.5,-0.00434419246137179,-0.35397235917203224,-0.07879167035279981
1770271703.8120546,1.2376872307605775,0.0,0.020000010938224597,1.273353405597209,0.0,0.09389143172502531,0.0,-0.5,-0.0009924864808362442,-0.2687952802831668,-0.12511255422813938
1770271704.238755,1.2376872307605775,0.0,0.020000010938224597,1.273353405597209,0.0,0.0939735191547872,0.0,-0.5,-0.0012785931572339968,-0.21415804045988313,-0.1496632969096208
1770271704.665827,1.2376872307605775,0.0,0.020000010938224597,1.273353405597209,0.0,0.09406360395550742,0.0,-0.5,-0.0005108490681691865,-0.16646608776430039,-0.17204700045557728
1770271705.0923948,1.2376872307605775,0.0,0.020000010938224597,1.273353405597209,0.0,0.09416027451276793,0.0,-0.5,-0.0003876867231674874,-0.12955140769512372,-0.1893034508825233
1770271705.529196,1.2376872307605775,0.0,0.020000010938224597,1.273353405597209,0.0,0.09426174929261222,0.0,-0.5,-0.00033585389677778647,-0.1011177783859949,-0.20262032763469323
1770271705.9442923,1.2376872307605775,0.0,0.020000010938224597,1.273353405597209,0.0,0.09436674592018142,0.0,-0.5,-0.00022569260735658817,-0.07901124390393298,-0.21293072410359629
1770271706.3920143,1.2376872307605775,0.0,0.020000010938224597,1.273353405597209,0.0,0.094474372893572,0.0,-0.5,-0.00017121290398767908,-0.061394071254499104,-0.22123589454168152
1770271706.812054,1.2376872307605775,0.0,0.020000010938224597,1.273353405597209,0.0,0.09458402584671988,0.0,-0.5,-0.00015496105958252143,-0.04785351750574967,-0.22758225768158263
1770271707.2530787,1.2376872307605775,0.0,0.020000010938224597,1.273353405597209,0.0,0.09469519308924688,0.0,-0.5,-0.00010760384319156534,-0.038277551806388053,-0.2319264245099337
1770271707.6864953,1.2376872307605775,0.0,0.020000010938224597,1.273353405597209,0.0,0.09480740997672095,0.0,-0.5,-7.342386784057428e-05,-0.02927400663038553,-0.23633677507024806
1770271708.1158993,1.2376872307605775,0.0,0.020000010938224597,1.273353405597209,0.0,0.09492059667587294,0.0,-0.5,-6.077073038663594e-05,-0.022988777250403047,-0.23919490504318336
1770271708.5423508,1.2376872307605775,0.0,0.020000010938224597,1.273353405597209,0.0,0.09503445046186461,0.0,-0.5,-4.98456417708026e-05,-0.018193662489326225,-0.24143252587321534
1770271708.9603257,1.2376872307605775,0.0,0.020000010938224597,1.273353405597209,0.0,0.09514880788087858,0.0,-0.5,-3.5418793269157846e-05,-0.014137592021031974,-0.2433722298295826
1770271709.3843575,1.2376872307605775,0.0,0.020000010938224597,1.273353405597209,0.0,0.09526358782291426,0.0,-0.5,-2.535605159755119e-05,-0.01106270127351058,-0.24480149448959443
1770271709.7996204,1.2376872307605775,0.0,0.020000010938224597,1.273353405597209,0.0,0.09537868583202376,0.0,-0.5,-1.965292416826115e-05,-0.008839983154197616,-0.24582193315900075
1770271710.2241685,1.2376872307605775,0.0,0.020000010938224597,1.273353405597209,0.0,0.0954940125370027,0.0,-0.5,-1.7838377139248265e-05,-0.006864360425847224,-0.2467832204370507
1770271710.6498296,1.2376872307605775,0.0,0.020000010938224597,1.273353405597209,0.0,0.09560954162001623,0.0,-0.5,-1.2076485366287207e-05,-0.00539437137655087,-0.2474618897020205
1770271711.0698073,1.2376872307605775,0.0,0.020000010938224597,1.273353405597209,0.0,0.09572522091746342,0.0,-0.5,-9.35403825426204e-06,-0.0043610257767200565,-0.2479321757098773
1770271711.4933805,1.2376872307605775,0.0,0.020000010938224597,1.273353405597209,0.0,0.09584100545406354,0.0,-0.5,-6.659643891041713e-06,-0.0034259164247556722,-0.24838721236670966
1770271711.9214294,1.2376872307605775,0.0,0.020000010938224597,1.273353405597209,0.0,0.0959568850910665,0.0,-0.5,-5.725710694252027e-06,-0.002770435527924043,-0.24868605603641541
1770271712.366685,1.2376872307605775,0.0,0.020000010938224597,1.273353405597209,0.0,0.09607283125758184,0.0,-0.5,-4.084918072311894e-06,-0.0022906973139914097,-0.24890671008246987
1770271712.7845242,1.2376872307605775,0.0,0.020000010938224597,1.273353405597209,0.0,0.09618882609009756,0.0,-0.5,-2.9094007512031006e-06,-0.0017889246946266482,-0.24915862431537436
1770271713.2198243,1.2376872307605775,0.0,0.020000010938224597,1.273353405597209,0.0,0.09630487173438085,0.0,-0.5,-2.6169917889808103e-06,-0.001427948334198519,-0.24932474046073252
1770271713.6438105,1.2376872307605775,0.0,0.020000010938224597,1.273353405597209,0.0,0.09642095392107976,0.0,-0.5,-1.92420252588806e-06,-0.0011543637137356962,-0.24945210080770436
1770271714.0794291,1.2376872307605775,0.0,0.020000010938224597,1.273353405597209,0.0,0.0965370637559892,0.0,-0.5,-1.3828405202316471e-06,-0.0010480110850137243,-0.24948801256088557
1770271714.499173,1.2376872307605775,0.0,0.020000010938224597,1.273353405597209,0.0,0.09665318434119237,0.0,-0.5,-9.882464906338659e-07,-0.0008782275599016538,-0.24957885281905104
1770271714.926278,1.2376872307605775,0.0,0.020000010938224597,1.273353405597209,0.0,0.0967693221139909,0.0,-0.5,-8.446012517139213e-07,-0.000752894078595273,-0.24963693091008474
1770271715.3657155,1.2376872307605775,0.0,0.020000010938224597,1.273353405597209,0.0,0.096885472546816,0.0,-0.5,-5.969408082980466e-07,-0.0006130758411518564,-0.24970804084397674
1770271715.782712,1.2376872307605775,0.0,0.020000010938224597,1.273353405597209,0.0,0.09700163710951817,0.0,-0.5,-4.4510647977629286e-07,-0.0004477836288862368,-0.2497930825132632
1770271716.203248,1.2376872307605775,0.0,0.020000010938224597,1.273353405597209,0.0,0.09711781836628926,0.0,-0.5,-3.40070896474795e-07,-0.0003054350014237729,-0.24986185743293082
1770271716.6334846,1.2376872307605775,0.0,0.020000010938224597,1.273353405597209,0.0,0.09723401396751416,0.0,-0.5,-2.9436403814570564e-07,-0.000282157409417437,-0.24986154341853006
1770271717.0532014,1.2376872307605775,0.0,0.020000010938224597,1.273353405597209,0.0,0.09735021188616765,0.0,-0.5,-2.060344384774457e-07,-0.0003700902571227767,-0.24982395419064765
1770271717.4781075,1.2376872307605775,0.0,0.020000010938224597,1.273353405597209,0.0,0.09746640096426022,0.0,-0.5,-1.5047675122512026e-07,-0.0004099634781054515,-0.24979915605979677
1770271717.8924158,1.2376872307605775,0.0,0.020000010938224597,1.273353405597209,0.0,0.09758258604049695,0.0,-0.5,-1.1462145832648694e-07,-0.00041078348866706706,-0.24979480487818095
1770271718.3069208,1.2376872307605775,0.0,0.020000010938224597,1.273353405597209,0.0,0.09769877104163183,0.0,-0.5,-9.069151850202669e-08,-0.00042270749420670223,-0.2497899293449691
1770271718.7282774,1.2376872307605775,0.0,0.020000010938224597,1.273353405597209,0.0,0.09781495483040822,0.0,-0.5,-7.781777191171529e-08,-0.0004880637958812608,-0.24976258154999872
1770271719.1979792,1.2376872307605775,0.0,0.020000010938224597,1.273353405597209,0.0,0.09793113203167927,0.0,-0.5,-5.008938335643459e-08,-0.0003895345930748577,-0.24981513571312658
1770271719.6135087,1.2376872307605775,0.0,0.020000010938224597,1.273353405597209,0.0,0.09804731915712368,0.0,-0.5,-4.427561330727297e-08,-0.0003929580210418594,-0.2498039076078891
1770271720.0325317,1.2376872307605775,0.0,0.020000010938224597,1.273353405597209,0.0,0.09816350593924535,0.0,-0.5,-3.4061867367455914e-08,-0.00042028710721427347,-0.24979262341687747
1770271720.4438527,1.2376872307605775,0.0,0.020000010938224597,1.273353405597209,0.0,0.09827968996405613,0.0,-0.5,-2.4685469844809707e-08,-0.00029150414419260484,-0.2498671509096757
1770271720.8562584,1.2376872307605775,0.0,0.020000010938224597,1.273353405597209,0.0,0.09839588697075856,0.0,-0.5,-1.9151072839231248e-08,-0.0002601811127185151,-0.249873060897861
1770271721.27444,1.2376872307605775,0.0,0.020000010938224597,1.273353405597209,0.0,0.09851208716392529,0.0,-0.5,-1.3709301396720544e-08,-0.00018716798494733647,-0.24991373102960485
1770271721.6893654,1.2376872307605775,0.0,0.020000010938224597,1.273353405597209,0.0,0.09862829473853123,0.0,-0.5,-1.0589605556899396e-08,-0.00029865043753075324,-0.2498618336160985
1770271722.1105282,1.2376872307605775,0.0,0.020000010938224597,1.273353405597209,0.0,0.09874449105858814,0.0,-0.5,-9.159690153837185e-09,-0.00024316427061589493,-0.2498839756410737
1770271722.5256379,1.2376872307605775,0.0,0.020000010938224597,1.273353405597209,0.0,0.09886069294691097,0.0,-0.5,-7.1447047537449856e-09,-0.000177419612356146,-0.24991787180435265
1770271722.9386365,1.2376872307605775,0.0,0.020000010938224597,1.273353405597209,0.0,0.09897690147638331,0.0,-0.5,-5.5513078709278995e-09,-0.00020733644370021957,-0.24989932901259215
1770271723.3621845,1.2376872307605775,0.0,0.020000010938224597,1.273353405597209,0.0,0.09909310700178156,0.0,-0.5,-3.963872116355084e-09,-0.00022550734750449123,-0.24988906738050032
1770271723.7717738,1.2376872307605775,0.0,0.020000010938224597,1.273353405597209,0.0,0.09920931068182001,0.0,-0.5,-3.08592183124027e-09,-0.00029270012409941885,-0.2498603723015316
1770271724.1877353,1.2376872307605775,0.0,0.020000010938224597,1.273353405597209,0.0,0.09932550758123407,0.0,-0.5,-2.201395011224657e-09,-0.00035818660787590074,-0.2498274575458347
1770271724.6477964,1.2376872307605775,0.0,0.020000010938224597,1.273353405597209,0.0,0.09944169785022745,0.0,-0.5,-1.88275427626445e-09,-0.00029457106764359817,-0.24985907790295572
1770271725.0781317,1.2376872307605775,0.0,0.020000010938224597,1.273353405597209,0.0,0.09955789455652246,0.0,-0.5,-1.2391661754994833e-09,-0.0001746330170027304,-0.24992467853572892
1770271725.5038228,1.2376872307605775,0.0,0.020000010938224597,1.273353405597209,0.0,0.09967410334348688,0.0,-0.5,-9.337185285483435e-10,-0.0002157112944196225,-0.2498962531142504
1770271725.9340243,1.2376872307605775,0.0,0.020000010938224597,1.273353405597209,0.0,0.09979030798912057,0.0,-0.5,-8.266489219233951e-10,-6.813835382232396e-05,-0.2499806889437975
1770271726.3530443,1.2376872307605775,0.0,0.020000010938224597,1.273353405597209,0.0,0.09990652751564988,0.0,-0.5,-5.943471400242362e-10,-7.766420395232121e-05,-0.24996212107738397
1770271726.7764542,1.2376872307605775,0.0,0.020000010938224597,1.273353405597209,0.0,0.10002274610877046,0.0,-0.5,-4.244723677201855e-10,-4.9588817227874504e-05,-0.24997801355453086
1770271727.1915958,1.2376872307605775,0.0,0.020000010938224597,1.273353405597209,0.0,0.10013896755576143,0.0,-0.5,-3.168517314612321e-10,-8.470304751476662e-05,-0.24996116021612302
1770271727.6193242,1.2376872307605775,0.0,0.020000010938224597,1.273353405597209,0.0,0.10025518545150766,0.0,-0.5,-2.8192670239751684e-10,-0.00013697449037175714,-0.24993674018102652
1770271728.0341997,1.2376872307605775,0.0,0.020000010938224597,1.273353405597209,0.0,0.10037139806866655,0.0,-0.5,-2.1822379708125027e-10,-0.00018468859842714385,-0.24991242732981578
1770271728.4511228,1.2376872307605775,0.0,0.020000010938224597,1.273353405597209,0.0,0.10048760586857805,0.0,-0.5,-1.567388526483776e-10,-0.00029521363562462515,-0.24986344584264628
1770271728.8721366,1.2376872307605775,0.0,0.020000010938224597,1.273353405597209,0.0,0.10060380254268655,0.0,-0.5,-1.2166752788406666e-10,-0.000351493669588028,-0.24982988129026987
1770271729.2934844,1.2376872307605775,0.0,0.020000010938224597,1.273353405597209,0.0,0.10071999351978311,0.0,-0.5,-8.65328286659821e-11,-0.00045398749493668857,-0.24978325572159935
1770271729.7189755,1.2376872307605775,0.0,0.020000010938224597,1.273353405597209,0.0,0.10083617415428171,0.0,-0.5,-7.452922955184763e-11,-0.00041334194855379444,-0.2497973936548906
1770271730.1603153,1.2376872307605775,0.0,0.020000010938224597,1.273353405597209,0.0,0.10095235888719568,0.0,-0.5,-5.7865679489396966e-11,-0.000475088572974089,-0.24976863043382067
1770271730.5740948,1.2376872307605775,0.0,0.020000010938224597,1.273353405597209,0.0,0.10106853742957125,0.0,-0.5,-4.1484702199074716e-11,-0.0003604128416956051,-0.24983126119376475
1770271731.0129375,1.2376872307605775,0.0,0.020000010938224597,1.273353405597209,0.0,0.10118472751617441,0.0,-0.5,-2.907723147781536e-11,-0.00017413413841038406,-0.24993156083020057
1770271731.4353118,1.2376872307605775,0.0,0.020000010938224597,1.273353405597209,0.0,0.10130093639969835,0.0,-0.5,-2.3810948752808145e-11,-3.913756204644486e-05,-0.24999393090042413
1770271731.8579793,1.2376872307605775,0.0,0.020000010938224597,1.273353405597209,0.0,0.10141715887665759,0.0,-0.5,-1.8217922168459925e-11,-1.6438664868537129e-06,-0.25000292745453045
1770271732.277586,1.2376872307605775,0.0,0.020000010938224597,1.273353405597209,0.0,0.1015333851301671,0.0,-0.5,-1.252459829164216e-11,-7.311541354454264e-05,-0.24997058946045808
1770271732.7067108,1.2376872307605775,0.0,0.020000010938224597,1.273353405597209,0.0,0.10164960418462762,0.0,-0.5,-9.692816784727236e-12,-7.062563686962104e-05,-0.2499649361689255
1770271733.1445408,1.2376872307605775,0.0,0.020000010938224597,1.273353405597209,0.0,0.10176582346439371,0.0,-0.5,-8.042586093213575e-12,-9.369162007012119e-05,-0.24995546079632758
1770271733.5581014,1.2376872307605775,0.0,0.020000010938224597,1.273353405597209,0.0,0.10188204045891772,0.0,-0.5,-5.89325599161221e-12,-8.979068809057758e-05,-0.24995549475504594
1770271733.974697,1.2376872307605775,0.0,0.020000010938224597,1.273353405597209,0.0,0.10199825781822214,0.0,-0.5,-4.863500299492369e-12,-0.0001339117003951794,-0.24993745625589636
1770271734.3871765,1.2376872307605775,0.0,0.020000010938224597,1.273353405597209,0.0,0.1021144707250596,0.0,-0.5,-3.3127627371396935e-12,-0.00018850635041827828,-0.24991120629310593
1770271734.808269,1.2376872307605775,0.0,0.020000010938224597,1.273353405597209,0.0,0.102230678138733,0.0,-0.5,-2.568713090390277e-12,-0.00018031459647968682,-0.24991066187972272
1770271735.2264917,1.2376872307605775,0.0,0.020000010938224597,1.273353405597209,0.0,0.10234688639998445,0.0,-0.5,-2.2631453513871086e-12,-0.0002549306962697386,-0.24987999626410726
1770271735.6378229,1.2376872307605775,0.0,0.020000010938224597,1.273353405597209,0.0,0.10246308711886415,0.0,-0.5,-1.7004782931739972e-12,-0.00015556694982723338,-0.24993215290143111
1770271736.049399,1.2376872307605775,0.0,0.020000010938224597,1.273353405597209,0.0,0.10257929784774789,0.0,-0.5,-1.2835067206239478e-12,-0.00016249032604211624,-0.24991944717588394
1770271736.4753032,1.2376872307605775,0.0,0.020000010938224597,1.273353405597209,0.0,0.10269550788998612,0.0,-0.5,-9.991557043940003e-13,-9.487979354930539e-05,-0.24995932115747377
1770271736.8938012,1.2376872307605775,0.0,0.020000010938224597,1.273353405597209,0.0,0.10281172475576408,0.0,-0.5,-6.786661167483914e-13,-0.00016836735384144692,-0.24992316507978715
1770271737.3120914,1.2376872307605775,0.0,0.020000010938224597,1.273353405597209,0.0,0.10292793421864517,0.0,-0.5,-6.11934254914868e-13,-0.0001717129328598747,-0.24991447809208384
1770271737.7357755,1.2376872307605775,0.0,0.020000010938224597,1.273353405597209,0.0,0.10304414332747466,0.0,-0.5,-4.3510804728699616e-13,-0.00028093546544555027,-0.2498704545209709
1770271738.1649203,1.2376872307605775,0.0,0.020000010938224597,1.273353405597209,0.0,0.1031603414070607,0.0,-0.5,-3.407545959171312e-13,-0.0002771097684779643,-0.24986182768579854
1770271738.583334,1.2376872307605775,0.0,0.020000010938224597,1.273353405597209,0.0,0.10327653989434249,0.0,-0.5,-2.313382063627822e-13,-0.00032510065174812486,-0.2498422487626843
1770271739.0243802,1.2376872307605775,0.0,0.020000010938224597,1.273353405597209,0.0,0.10339273353219039,0.0,-0.5,-2.1043209259789363e-13,-0.00040357957149674375,-0.24980605810643694
1770271739.433624,1.2376872307605775,0.0,0.020000010938224597,1.273353405597209,0.0,0.10350891925215727,0.0,-0.5,-1.4564581820125859e-13,-0.00032989629798433376,-0.2498424201785047
1770271739.852356,1.2376872307605775,0.0,0.020000010938224597,1.273353405597209,0.0,0.10362511239647872,0.0,-0.5,-1.1696038337532631e-13,-0.00042290060012249763,-0.24979785013026953
1770271740.288176,1.2376872307605775,0.0,0.020000010938224597,1.273353405597209,0.0,0.10374129617452628,0.0,-0.5,-7.881924801134855e-14,-0.00032592267113956414,-0.24984673645740735
1770271740.7041068,1.2376872307605775,0.0,0.020000010938224597,1.273353405597209,0.0,0.10385748972654349,0.0,-0.5,-6.104202429552658e-14,-0.00019827475894542432,-0.24991362741180775
1770271741.1170127,1.2376872307605775,0.0,0.020000010938224597,1.273353405597209,0.0,0.10397369614243514,0.0,-0.5,-5.261946604811712e-14,-0.00019908685541010883,-0.24990053778199406
1770271741.5331187,1.2376872307605775,0.0,0.020000010938224597,1.273353405597209,0.0,0.1040899025046826,0.0,-0.5,-4.308905426232618e-14,-0.0001384802826129901,-0.2499368205160163
1770271741.9491768,1.2376872307605775,0.0,0.020000010938224597,1.273353405597209,0.0,0.10420611496090895,0.0,-0.5,-3.084564159415432e-14,-8.744605831931469e-05,-0.24996138039330054
1770271742.3605573,1.2376872307605775,0.0,0.020000010938224597,1.273353405597209,0.0,0.10432233256697661,0.0,-0.5,-2.3715758591051035e-14,-4.1558991259456554e-05,-0.24998380921109997
1770271742.7822652,1.2376872307605775,0.0,0.020000010938224597,1.273353405597209,0.0,0.10443855478644377,0.0,-0.5,-1.73930591414077e-14,-0.00012432778382765724,-0.24994611298736039
1770271743.1894622,1.2376872307605775,0.0,0.020000010938224597,1.273353405597209,0.0,0.10455476868033416,0.0,-0.5,-1.2563189894206414e-14,-2.8559471952499002e-05,-0.24999529709522383
1770271743.6067712,1.2376872307605775,0.0,0.020000010938224597,1.273353405597209,0.0,0.10467099224090583,0.0,-0.5,-9.767816293610969e-15,-0.00014669930546398608,-0.24993846433062894
1770271744.0285165,1.2376872307605775,0.0,0.020000010938224597,1.273353405597209,0.0,0.1047872039031983,0.0,-0.5,-8.849171864581225e-15,-0.00023948065527863873,-0.24988953780735101
1770271744.4445493,1.2376872307605775,0.0,0.020000010938224597,1.273353405597209,0.0,0.1049034061670304,0.0,-0.5,-5.646886902488657e-15,-0.00031769972145699734,-0.24984897204589496
1770271744.8646235,1.2376872307605775,0.0,0.020000010938224597,1.273353405597209,0.0,0.10501960053443915,0.0,-0.5,-4.794990102524676e-15,-0.0002502175732280528,-0.24988163942821365
1770271745.3022318,1.2376872307605775,0.0,0.020000010938224597,1.273353405597209,0.0,0.10513580172538764,0.0,-0.5,-3.3193507780919786e-15,-0.00022986248635095688,-0.24988710426551555
1770271745.7226582,1.2376872307605775,0.0,0.020000010938224597,1.273353405597209,0.0,0.10525200497627266,0.0,-0.5,-3.0029683070508643e-15,-7.311847181668322e-05,-0.24997911516554808
1770271746.1448512,1.2376872307605775,0.0,0.020000010938224597,1.273353405597209,0.0,0.10536822403073318,0.0,-0.5,-2.0228393608353395e-15,-2.947620043407729e-05,-0.24998962612692324
1770271746.5629125,1.2376872307605775,0.0,0.020000010938224597,1.273353405597209,0.0,0.10548444746255882,0.0,-0.5,-1.573494227187914e-15,-9.956723607800337e-06,-0.2499969735858803
1770271746.9788535,1.2376872307605775,0.0,0.020000010938224597,1.273353405597209,0.0,0.10560067287921913,0.0,-0.5,-1.132753305283115e-15,7.945228052991738e-05,-0.25004866704067985
1770271747.4233825,1.2376872307605775,0.0,0.020000010938224597,1.273353405597209,0.0,0.1057169072973729,0.0,-0.5,-8.778536596526931e-16,9.24469435684295e-05,-0.25004752293808896
1770271747.843834,1.2376872307605775,0.0,0.020000010938224597,1.273353405597209,0.0,0.10583314303517351,0.0,-0.5,-7.331635155518009e-16,0.0001620893702981402,-0.2500880089278228
1770271748.2693677,1.2376872307605775,0.0,0.020000010938224597,1.273353405597209,0.0,0.1059493857896329,0.0,-0.5,-5.38628884245475e-16,-1.333070635097072e-05,-0.25001087665448996
1770271748.6881762,1.2376872307605775,0.0,0.020000010938224597,1.273353405597209,0.0,0.10606561084151278,0.0,-0.5,-3.8534736349416967e-16,-3.2545237788805296e-05,-0.24998564883424979
1770271749.126715,1.2376872307605775,0.0,0.020000010938224597,1.273353405597209,0.0,0.10618183398365984,0.0,-0.5,-2.994399669868835e-16,-2.8048564472172234e-05,-0.24998642538509588
1770271749.55737,1.2376872307605775,0.0,0.020000010938224597,1.273353405597209,0.0,0.10629805757641801,0.0,-0.5,-2.3437310116379933e-16,-0.0001377894362129218,-0.24994207936906784
1770271749.9780777,1.2376872307605775,0.0,0.020000010938224597,1.273353405597209,0.0,0.10641427009701737,0.0,-0.5,-1.6968301516456366e-16,-0.0002031009538407525,-0.24990498067484257
1770271750.3937707,1.2376872307605775,0.0,0.020000010938224597,1.273353405597209,0.0,0.10653047604084023,0.0,-0.5,-1.3205732406046955e-16,-0.0002789524608522528,-0.24986810892027517
1770271750.8303208,1.2376872307605775,0.0,0.020000010938224597,1.273353405597209,0.0,0.10664667433500298,0.0,-0.5,-1.1992529456046733e-16,-0.00019077541383537378,-0.2499134299977841
1770271751.2626872,1.2376872307605775,0.0,0.020000010938224597,1.273353405597209,0.0,0.10676288154482849,0.0,-0.5,-9.291323154490146e-17,-0.00018625576836852928,-0.2499073240803625
1770271751.6831956,1.2376872307605775,0.0,0.020000010938224597,1.273353405597209,0.0,0.10687908918380745,0.0,-0.5,-5.790533155082082e-17,-8.466593614423257e-05,-0.24996782601515036
1770271752.0991392,1.2376872307605775,0.0,0.020000010938224597,1.273353405597209,0.0,0.10699530707955368,0.0,-0.5,-4.493679822179788e-17,-3.812237729382291e-05,-0.24998559316723817
1770271752.5132158,1.2376872307605775,0.0,0.020000010938224597,1.273353405597209,0.0,0.10711152968525894,0.0,-0.5,-4.086513316337231e-17,-7.571007819918217e-06,-0.24999926963303748
1770271752.9285314,1.2376872307605775,0.0,0.020000010938224597,1.273353405597209,0.0,0.10722775537014015,0.0,-0.5,-3.2100136580765883e-17,-0.00011851266332017046,-0.24995183783388997
1770271753.340291,1.2376872307605775,0.0,0.020000010938224597,1.273353405597209,0.0,0.10734396983265884,0.0,-0.5,-2.4615712435968627e-17,-0.00011378106470922202,-0.24994358262750652
1770271753.7558951,1.2376872307605775,0.0,0.020000010938224597,1.273353405597209,0.0,0.10746018478870399,0.0,-0.5,-1.667061140202244e-17,-0.00011002314180969078,-0.24994536422138514
1770271754.1779418,1.2376872307605775,0.0,0.020000010938224597,1.273353405597209,0.0,0.1075764001202584,0.0,-0.5,-1.2928573314446086e-17,-0.0002456954535890529,-0.2498907195043834
1770271754.5958955,1.2376872307605775,0.0,0.020000010938224597,1.273353405597209,0.0,0.107692601761818,0.0,-0.5,-9.232671815544229e-18,-0.0002731754032701712,-0.24986616029333303
1770271755.0418277,1.2376872307605775,0.0,0.020000010938224597,1.273353405597209,0.0,0.10780880065679557,0.0,-0.5,-7.929431409645106e-18,-0.00030297331969798293,-0.2498514931317938
1770271755.4584806,1.2376872307605775,0.0,0.020000010938224597,1.273353405597209,0.0,0.10792499649405486,0.0,-0.5,-5.688353930520108e-18,-0.0003299247066266223,-0.24983773278537955
1770271755.8815105,1.2376872307605775,0.0,0.020000010938224597,1.273353405597209,0.0,0.1080411896383763,0.0,-0.5,-4.0405215792619786e-18,-0.00045571394795776096,-0.24978472195015425
1770271756.304846,1.2376872307605775,0.0,0.020000010938224597,1.273353405597209,0.0,0.10815737010121353,0.0,-0.5,-3.149532349798408e-18,-0.00040653752290561426,-0.2498016488810524
1770271756.724053,1.2376872307605775,0.0,0.020000010938224597,1.273353405597209,0.0,0.10827355555295952,0.0,-0.5,-2.712946474071122e-18,-0.0003043409604697996,-0.2498580491760087
1770271757.139444,1.2376872307605775,0.0,0.020000010938224597,1.273353405597209,0.0,0.10838975127220161,0.0,-0.5,-2.1058365054125633e-18,-0.00018828768337218909,-0.24991746148602367
1770271757.5586681,1.2376872307605775,0.0,0.020000010938224597,1.273353405597209,0.0,0.10850595868587502,0.0,-0.5,-1.5048109927578666e-18,-0.0001135986952766944,-0.24995066955117118
1770271757.9815707,1.2376872307605775,0.0,0.020000010938224597,1.273353405597209,0.0,0.10862217366337784,0.0,-0.5,-1.0733199933990469e-18,-3.200393515654241e-05,-0.24999215750843373
1770271758.4047444,1.2376872307605775,0.0,0.020000010938224597,1.273353405597209,0.0,0.10873839686989792,0.0,-0.5,-8.314759353337335e-19,3.481208427424285e-06,-0.2500052891185721
1770271758.8358812,1.2376872307605775,0.0,0.020000010938224597,1.273353405597209,0.0,0.10885462363839157,0.0,-0.5,-7.555847224647592e-19,-8.134143496932411e-05,-0.249967811546855
1770271759.2558765,1.2376872307605775,0.0,0.020000010938224597,1.273353405597209,0.0,0.10897084185600289,0.0,-0.5,-5.131552607873788e-19,-0.000123736716962647,-0.24994237116971801
1770271759.6740086,1.2376872307605775,0.0,0.020000010938224597,1.273353405597209,0.0,0.10908705580353745,0.0,-0.5,-3.9855614308502417e-19,-0.00014270615813994603,-0.24993054386504776
1770271760.0915058,1.2376872307605775,0.0,0.020000010938224597,1.273353405597209,0.0,0.10920326784133919,0.0,-0.5,-2.867662747176963e-19,-0.00019109448463276542,-0.2499092915903329
1770271760.5288594,1.2376872307605775,0.0,0.020000010938224597,1.273353405597209,0.0,0.10931947497606286,0.0,-0.5,-2.5022463450910995e-19,-0.00017782627086310336,-0.2499124136859454
1770271760.9405408,1.2376872307605775,0.0,0.020000010938224597,1.273353405597209,0.0,0.10943568346261986,0.0,-0.5,-1.857786935970522e-19,-0.0002994626769203657,-0.24986243230214553
1770271761.3681998,1.2376872307605775,0.0,0.020000010938224597,1.273353405597209,0.0,0.10955187969684609,0.0,-0.5,-1.397997523497302e-19,-0.0002208494958570375,-0.24989743657017782
1770271761.8051298,1.2376872307605775,0.0,0.020000010938224597,1.273353405597209,0.0,0.10966808382749565,0.0,-0.5,-1.0009694246741699e-19,-0.0002180597332896865,-0.24989124910961188
1770271762.2229328,1.2376872307605775,0.0,0.020000010938224597,1.273353405597209,0.0,0.10978428826928147,0.0,-0.5,-8.533381369351504e-20,-0.00011950839048489104,-0.24995010093903802
1770271762.649783,1.2376872307605775,0.0,0.020000010938224597,1.273353405597209,0.0,0.10990050264596947,0.0,-0.5,-6.140271993171649e-20,-3.8285319802368625e-05,-0.24998897964716707
1770271763.0646431,1.2376872307605775,0.0,0.020000010938224597,1.273353405597209,0.0,0.11001672521948823,0.0,-0.5,-4.756287413774642e-20,-7.107581687162985e-05,-0.2499677411412711
1770271763.4785948,1.2376872307605775,0.0,0.020000010938224597,1.273353405597209,0.0,0.11013294444561013,0.0,-0.5,-3.35562925554579e-20,-0.00015386197086050566,-0.24993134762996866
1770271763.9215527,1.2376872307605775,0.0,0.020000010938224597,1.273353405597209,0.0,0.11024915535688408,0.0,-0.5,-2.911723527667742e-20,-0.00022018104124684474,-0.24989654138641523
1770271764.351837,1.2376872307605775,0.0,0.020000010938224597,1.273353405597209,0.0,0.11036535958409317,0.0,-0.5,-2.0835101106708845e-20,-4.8494949863739814e-05,-0.24999292113420643
1770271764.773548,1.2376872307605775,0.0,0.020000010938224597,1.273353405597209,0.0,0.11048158114910134,0.0,-0.5,-1.5244950132696663e-20,-0.00010418441262508196,-0.24995347673996357
1770271765.1952355,1.2376872307605775,0.0,0.020000010938224597,1.273353405597209,0.0,0.11059779708147058,0.0,-0.5,-1.113045568188085e-20,-0.00014667390099942188,-0.24993091199833772
1770271765.609019,1.2376872307605775,0.0,0.020000010938224597,1.273353405597209,0.0,0.11071400874376305,0.0,-0.5,-8.621873042290302e-21,-0.00011703442964753518,-0.24994444673231142
1770271766.0282514,1.2376872307605775,0.0,0.020000010938224597,1.273353405597209,0.0,0.11083022333502777,0.0,-0.5,-7.716698047711441e-21,-0.0001819103614284274,-0.24991553241246386
1770271766.4431434,1.2376872307605775,0.0,0.020000010938224597,1.273353405597209,0.0,0.11094643142461785,0.0,-0.5,-5.520114805300892e-21,-0.00031682156149306456,-0.24985508033925993
1770271766.857463,1.2376872307605775,0.0,0.020000010938224597,1.273353405597209,0.0,0.1110626259100438,0.0,-0.5,-4.270973326084164e-21,-0.0002626203662400419,-0.2498741099364053
1770271767.2769232,1.2376872307605775,0.0,0.020000010938224597,1.273353405597209,0.0,0.11117882584571846,0.0,-0.5,-3.3160698869502328e-21,-0.0002026084586324499,-0.24990469696144452
1770271767.706539,1.2376872307605775,0.0,0.020000010938224597,1.273353405597209,0.0,0.1112950318431855,0.0,0.5,0.0030150284281659726,0.06279846211372989,-0.2279159044285373
1770271768.1298153,1.2376872307605775,0.0,0.020000010938224597,1.2735549132442467,0.0,0.11117386458516128,0.0,0.5,0.004760149038658303,0.13167979518494827,-0.195808384753306
1770271768.5504098,1.2376872307605775,0.0,0.020000010938224597,1.2737435247874254,0.0,0.11106047943472869,0.0,0.5,0.0010872309364523957,0.20346860676559891,-0.15653180871171798
1770271768.9680884,1.2376872307605775,0.0,0.020000010938224597,1.2739238566946978,0.0,0.11095615270495421,0.0,0.5,-0.0009336433459202144,0.2574360489245453,-0.12761236309954221
1770271769.3843236,1.2376872307605775,0.0,0.020000010938224597,1.2739238566946978,0.0,0.1108592910778523,0.0,0.5,-0.0008643703327359326,0.30553019884243243,-0.10290868590330844
1770271769.802453,1.2376872307605775,0.0,0.020000010938224597,1.2739238566946978,0.0,0.11076951231181627,0.0,0.5,-0.005608933827981448,0.34002487631808553,-0.08904596341650399
1770271770.2358198,1.2376872307605775,0.0,0.020000010938224597,1.2739238566946978,0.0,0.11068504692137246,0.25,0.11660459644560071,0.1064430154907343,0.33004482384677564,-0.2512751034569841
1770271770.660047,1.2373559777433905,0.0,0.020000010938224597,1.2739238566946978,0.0,0.11068504692137246,0.25,0.11620547816178843,0.24273688628924686,0.29952602406383233,-0.10197526664006941
1770271771.0789535,1.2373559777433905,0.0,0.020052703583416744,1.2739238566946978,0.0,0.11068504692137246,0.25,0.12218715213213854,0.249244388502986,0.2576970916080929,-0.07269347448056512
1770271771.5054774,1.2373559777433905,0.0,0.020052703583416744,1.2739238566946978,0.0,0.11068504692137246,0.25,0.12195608519652061,0.2563195734708083,0.2219727533870878,-0.05990034138819241
1770271771.9225395,1.2373559777433905,0.0,0.020052703583416744,1.2739238566946978,0.0,0.11068504692137246,0.25,0.07205729830194169,0.2554578861684699,0.19261344860475868,-0.06867189179811134
1770271772.3491576,1.2373559777433905,0.0,0.020052703583416744,1.2739238566946978,0.0,0.11068504692137246,0.25,0.07113040320191506,0.19268643731645668,0.20163239017266038,-0.12346645032570615
1770271772.764722,1.2373559777433905,0.0,0.020052703583416744,1.2739238566946978,0.0,0.11068504692137246,0.25,0.09210309949778525,0.23296894402073484,0.17144597605571424,-0.059721135669924263
1770271773.1777442,1.2373559777433905,0.0,0.020052703583416744,1.2739238566946978,0.0,0.11068504692137246,0.25,0.0974278381715035,0.2516363333034604,0.15160360218017957,-0.03070845269535192
1770271773.5984838,1.2375400146932634,0.0,0.020052703583416744,1.2739238566946978,0.0,0.11068504692137246,0.25,0.1243048629039635,0.2326383734584646,0.15746467708380849,-0.034527641121820773
1770271774.0286887,1.2377179473753008,0.0,0.020052703583416744,1.2739238566946978,0.0,0.11063166743218904,0.21875000000000006,0.12478664717095925,0.25570194355915166,0.1598323351828655,-0.05471155337501042
1770271774.4514396,1.23794407512081,0.0,0.020052703583416744,1.2739238566946978,0.0,0.11058338114142423,0.2083333333333334,0.13024436078802418,0.21086397447678615,0.14727112842377188,-0.012300145637235962
1770271774.8667607,1.2381284827466044,0.0,0.020052703583416744,1.2739238566946978,0.0,0.1105327472364903,0.19791666666666674,0.12766146879554097,0.19460607976353106,0.13998996589054716,-0.010202951703961249
1770271775.2902288,1.2382990052254232,0.0,0.020052703583416744,1.2739238566946978,0.0,0.11048307354092603,0.19791666666666674,0.12209181652934001,0.18228196209256597,0.13254397018232592,-0.021605380971415844
1770271775.7237077,1.2384539875431093,0.0,0.020052703583416744,1.2739238566946978,0.0,0.11043362870752817,0.1666666666666667,0.11616880622645995,0.1723284880472618,0.12573946767219984,-0.01112760235447765
1770271776.1490524,1.2386093044556412,0.0,0.020052703583416744,1.2739238566946978,0.0,0.11043362870752817,0.15625000000000003,0.1145812966755023,0.16279409017941937,0.11816123013040969,-0.00909188066105205
1770271776.5736701,1.2387637418879303,0.0,0.020052703583416744,1.2739238566946978,0.0,0.11043362870752817,0.14583333333333334,0.10738497548004862,0.1449445801404679,0.11283980990332537,-0.004148312427212246
1770271777.0064185,1.2387637418879303,0.0,0.020052703583416744,1.2739238566946978,0.0,0.11043362870752817,0.13541666666666669,0.09606008836022245,0.13038155303830165,0.1111465272208144,-0.012747661326912107
1770271777.422086,1.2387637418879303,0.0,0.020052703583416744,1.2739238566946978,0.0,0.11043362870752817,0.125,0.0719672208527575,0.12346752580586434,0.10348736526003958,-0.018058462593854182
1770271777.8361793,1.2387637418879303,0.0,0.020052703583416744,1.2739238566946978,0.0,0.11043362870752817,0.11458333333333333,0.0608023823431549,0.11298743228760767,0.09529084985962266,-0.01965978634400123
1770271778.2692657,1.2387637418879303,0.0,0.020052703583416744,1.2739238566946978,0.0,0.11043362870752817,0.10416666666666666,0.05042155486242478,0.10540882211940852,0.08478385390838111,-0.019474004570844188
1770271778.6821218,1.2387637418879303,0.0,0.020052703583416744,1.2739238566946978,0.0,0.11043362870752817,0.10416666666666666,0.04013144264677323,0.09997418504383894,0.07466291866213275,-0.022470313155132312
1770271779.1039493,1.2387637418879303,0.0,0.020052703583416744,1.2739238566946978,0.0,0.11043362870752817,0.09375,0.025435305870575426,0.09424153321564023,0.06752789801166494,-0.02225133135123177
1770271779.5316057,1.2387637418879303,0.0,0.020052703583416744,1.2739238566946978,0.0,0.11043362870752817,0.09375,0.01388979416741146,0.10644934522998492,0.06493527881200363,-0.038481349472247135
1770271779.949851,1.2387637418879303,0.0,0.020052703583416744,1.2739238566946978,0.0,0.11043362870752817,0.09375,0.000379381464989113,0.08497395069802821,0.05494008023670141,-0.03705591854535816
1770271780.3685327,1.2387637418879303,0.0,0.020052703583416744,1.2739238566946978,0.0,0.11043362870752817,0.019999999999999993,1.0,0.011289376678397188,0.11259897686142593,-0.4581770245533623
1770271780.7906754,1.2387637418879303,0.0,0.020052703583416744,1.2741978672838206,0.0,0.11025362870752817,0.019999999999999993,1.0,-0.0034640899239301278,0.08848245727529153,-0.48163451324489776
1770271781.204528,1.2387637418879303,0.0,0.020052703583416744,1.2744858557438845,0.0,0.11007362870752817,0.019999999999999993,1.0,-0.00303088056621448,0.07019416827447834,-0.4897626253290566
1770271781.6241024,1.2387637418879303,0.0,0.020052703583416744,1.2747741839432711,0.0,0.10989362870752817,0.019999999999999993,1.0,-0.0027256800642559494,0.05422242068400487,-0.4972116444813009
1770271782.042964,1.2387637418879303,0.0,0.020052703583416744,1.275062799096107,0.0,0.10971362870752817,0.019999999999999993,1.0,-0.0019511101730798532,0.04205658402184547,-0.502139401828373
1770271782.4718945,1.2387637418879303,0.0,0.020052703583416744,1.275351134719848,0.0,0.10953362870752817,0.019999999999999993,1.0,-0.0014239731732840347,0.03345025995358356,-0.5055594756033185
1770271782.8963368,1.2387637418879303,0.0,0.020052703583416744,1.2756392711734765,0.0,0.10935362870752817,0.019999999999999993,1.0,-0.001038610117236093,0.02586015034989341,-0.5088675459026584
1770271783.315824,1.2387637418879303,0.0,0.020052703583416744,1.2759272848248475,0.0,0.10917362870752817,0.019999999999999993,1.0,-0.000928662774218919,0.020142813241717333,-0.511428989864178
1770271783.7363348,1.2387637418879303,0.0,0.020052703583416744,1.2762153464984887,0.0,0.10899362870752817,0.019999999999999993,1.0,-0.0006817710214850964,0.016094699221706775,-0.5130392328126328
1770271784.1536164,1.2387637418879303,0.0,0.020052703583416744,1.276503298223018,0.0,0.10881362870752817,0.019999999999999993,1.0,-0.0005147813472936856,0.012512338089146363,-0.5146168484159765
1770271784.56855,1.2387637418879303,0.0,0.020052703583416744,1.276791191990375,0.0,0.10863362870752817,0.019999999999999993,1.0,-0.0004003358955645359,0.009981921517433066,-0.5156624167940194
1770271784.9987426,1.2387637418879303,0.0,0.020052703583416744,1.2770790461039536,0.0,0.10845362870752817,0.019999999999999993,1.0,-0.00032446844880278867,0.00788733157392332,-0.5165902616561922
1770271785.4138215,1.2387637418879303,0.0,0.020052703583416744,1.2773668817424768,0.0,0.10827362870752817,0.019999999999999993,1.0,0.006079214069990034,0.011606417600482543,-0.5084894857324246
1770271785.8303864,1.2387637418879303,0.0,0.020052703583416744,1.2776493831753726,0.0,0.10809362870752817,0.019999999999999993,1.0,0.02277982983773024,0.10720442510990713,-0.45873741803371915
1770271786.2555354,1.2387637418879303,0.0,0.020052703583416744,1.2779136686110493,0.0,0.10791362870752817,0.10416666666666666,-0.08011497030841062,0.05376168342058587,0.1570592259612841,-0.17397756146606583
1770271786.6848917,1.2384256064296992,0.0,0.02010760653513412,1.2779136686110493,0.0,0.10791362870752817,0.09375,-0.08609400621122798,0.06910538769526794,0.08990242283392105,-0.11935850714004288
1770271787.0994112,1.2382206935520204,0.0,0.02010760653513412,1.2779136686110493,0.0,0.10791362870752817,0.11458333333333333,-0.08091222062652205,0.08842732084268747,0.05819193746786492,-0.09887914007444497
1770271787.5277817,1.2382206935520204,0.0,0.02010760653513412,1.2779136686110493,0.0,0.10791362870752817,0.09375,-0.11676486976810843,0.04746032922698442,0.12348351360931759,-0.17294302007587387
1770271787.9386933,1.2378839507396253,0.0,0.020159671071347997,1.2779136686110493,0.0,0.10791362870752817,0.019999999999999993,1.0,0.08883842129646238,0.0715379026117689,-0.5382640310903329
1770271788.366692,1.2378839507396253,0.0,0.020159671071347997,1.2781234056186672,0.0,0.10773426486313349,0.0,-0.5,0.03587628021545232,0.06597963644530135,-0.31942192505474976
1770271788.792491,1.2378839507396253,0.0,0.020159671071347997,1.2781234056186672,0.0,0.10785765094101435,0.0,-0.5,-0.0020160058778918096,0.04483746682147194,-0.2765489562510107
1770271789.2145185,1.2378839507396253,0.0,0.020159671071347997,1.2781234056186672,0.0,0.10797813771188265,0.013333333333333329,1.0,0.009328996372010115,0.019370137222762835,-0.49686600130981273
1770271789.6258886,1.2378839507396253,0.0,0.020159671071347997,1.2783985921740528,0.0,0.10779813771188265,0.019999999999999993,1.0,0.003770913455633841,0.02484347248054498,-0.5043546838298718
1770271790.0406373,1.2378839507396253,0.0,0.020159671071347997,1.2786826507043836,0.0,0.10761813771188265,0.0,-0.5,0.0001334526702097985,0.05502976364663789,-0.28066696361013804
1770271790.4592571,1.2378839507396253,0.0,0.020159671071347997,1.2786826507043836,0.0,0.1077396142929793,0.0,-0.5,0.046276812860728746,0.051987646278973884,-0.32257484773698214
1770271790.889583,1.2378839507396253,0.0,0.020159671071347997,1.2786826507043836,0.0,0.10786195570409304,0.09375,-0.11032388636821838,-0.0021126890969023074,-0.009986485860295385,-0.1522288025647907
1770271791.331903,1.2376951222808392,0.0,0.020159671071347997,1.2786826507043836,0.0,0.10786195570409304,0.0,-0.5,-0.006694643225634406,0.048637792157721245,-0.2868759671062967
1770271791.7573762,1.2376951222808392,0.0,0.020159671071347997,1.2786826507043836,0.0,0.10798264821112162,0.019999999999999993,1.0,-0.0013658975428795512,-0.007010284721644618,-0.5304358475916384
1770271792.1732705,1.2376951222808392,0.0,0.020159671071347997,1.278971608364582,0.0,0.10780264821112162,0.0,-0.5,0.04921385218989602,0.02785083734418946,-0.3166253830685742
1770271792.5834575,1.2376951222808392,0.0,0.020159671071347997,1.278971608364582,0.0,0.1079227655881644,0.013333333333333329,1.0,0.021165478183789686,-0.023188815624624107,-0.5245305179596498
1770271793.0147276,1.2376951222808392,0.0,0.020159671071347997,1.2792383719038962,0.0,0.1077427655881644,0.0,-0.5,0.004117082672557918,-0.0014397382640728015,-0.25557212127657664
1770271793.4407198,1.2376951222808392,0.0,0.020159671071347997,1.2792383719038962,0.0,0.10785895919382579,0.013333333333333329,1.0,0.002472795578339195,-0.007460149958960853,-0.5151926539039634
1770271793.8670363,1.2376951222808392,0.0,0.020159671071347997,1.2795198809623718,0.0,0.1076789591938258,0.013333333333333329,1.0,0.0033286643527322816,-0.023224275686590263,-0.5231932193966592
1770271794.2968917,1.2376951222808392,0.0,0.020159671071347997,1.2798009979462623,0.0,0.1074989591938258,0.0,-0.5,0.00012499483034301404,0.04724523121810291,-0.2807945611298638
1770271794.7194796,1.2376951222808392,0.0,0.020159671071347997,1.2798009979462623,0.0,0.10761972986042506,0.0,-0.5,0.010535727080659802,-0.00885296777207025,-0.261719063093642
1770271795.1404514,1.2376951222808392,0.0,0.020159671071347997,1.2798009979462623,0.0,0.1077353337448836,0.019999999999999993,1.0,-0.000818426631255236,-0.01071183785769474,-0.526360232568665
1770271795.5618482,1.2376951222808392,0.0,0.020159671071347997,1.28008957095623,0.0,0.1075553337448836,0.013333333333333329,1.0,0.0028884521786984793,-0.036068611994652056,-0.5310148645656566
1770271795.9804153,1.2376951222808392,0.0,0.020159671071347997,1.2803712393379212,0.0,0.1073753337448836,0.0,-0.5,0.009996698454687739,-0.009849245417427389,-0.25769401240369655
1770271796.3941367,1.2376951222808392,0.0,0.020159671071347997,1.2803712393379212,0.0,0.10749082129657275,0.019999999999999993,1.0,0.007145815639993612,-0.030858535480153708,-0.5303843811063559
1770271796.8202224,1.2376951222808392,0.0,0.020159671071347997,1.2806537146782875,0.0,0.10731082129657275,0.0,-0.5,0.03725228405565656,0.06132830233817625,-0.32713511900657766
1770271797.2361486,1.2376951222808392,0.0,0.020159671071347997,1.2806537146782875,0.0,0.10743382267057902,0.019999999999999993,1.0,0.006758185784608823,-0.02334574652116714,-0.533382092361909
1770271797.6606057,1.2376951222808392,0.0,0.020159671071347997,1.2809363844466208,0.0,0.10725382267057902,0.0,-0.5,0.01943176371120704,0.04239470780080279,-0.2972031630438054
1770271798.082158,1.2376951222808392,0.0,0.020159671071347997,1.2809363844466208,0.0,0.10737467309534557,0.019999999999999993,1.0,0.0009236026740734421,-0.030993193542014668,-0.5419117842312157
1770271798.4978328,1.2376951222808392,0.0,0.020159671071347997,1.2812238288688658,0.0,0.10719467309534557,0.019999999999999993,1.0,0.005379699042920809,0.04039393596039567,-0.5015620459271224
1770271798.9300275,1.2376951222808392,0.0,0.020159671071347997,1.2815060847616193,0.0,0.10701467309534557,0.0,-0.5,0.0023183137279259546,0.028304714006065886,-0.26767959292639193
1770271799.3475225,1.2376951222808392,0.0,0.020159671071347997,1.2815060847616193,0.0,0.10713373936831959,0.0,-0.5,-0.004444120258635902,0.012361374132477785,-0.26221914131223356
1770271799.775682,1.2376951222808392,0.0,0.020159671071347997,1.2815060847616193,0.0,0.10725106920063503,0.0,-0.5,0.021240423725743498,0.02871908420871919,-0.2872357368377272
1770271800.2001834,1.2376951222808392,0.0,0.020159671071347997,1.2815060847616193,0.0,0.10737067365348346,0.019999999999999993,1.0,-0.002721511722575803,-0.01424587304632129,-0.5341409439712405
1770271800.6145666,1.2376951222808392,0.0,0.020159671071347997,1.2817962462186812,0.0,0.10719067365348346,0.0,-0.5,-0.0032753104492333307,0.02181605742140532,-0.2677895322067087
1770271801.0256622,1.2376951222808392,0.0,0.020159671071347997,1.2817962462186812,0.0,0.1073089572793246,0.019999999999999993,1.0,0.008297225795186772,-0.01641979479490281,-0.5237362568238955
1770271801.4444494,1.2376951222808392,0.0,0.020159671071347997,1.2820775564503668,0.0,0.1071289572793246,0.0,-0.5,0.003413281312822016,0.005179800242099748,-0.25816314093757214
1770271801.8694408,1.2376951222808392,0.0,0.020159671071347997,1.2820775564503668,0.0,0.10724579766213901,0.019999999999999993,1.0,0.001528789271041666,-0.046482858610892304,-0.5468789059197037
1770271802.288178,1.2376951222808392,0.0,0.020159671071347997,1.2823646673345563,0.0,0.10706579766213901,0.0,-0.5,0.005272798121825221,0.04852302854391661,-0.28903490110926444
1770271802.700186,1.2376951222808392,0.0,0.020159671071347997,1.2823646673345563,0.0,0.10718683364212521,0.0,-0.5,0.003597780241175175,-0.025600868971290432,-0.24820973550705067
1770271803.116671,1.2376951222808392,0.0,0.020159671071347997,1.2823646673345563,0.0,0.10730050809562214,0.0,-0.5,0.053153566539201745,0.008576654166503534,-0.3108596459362329
1770271803.5339916,1.2376951222808392,0.0,0.020159671071347997,1.2823646673345563,0.0,0.10741878544509419,0.019999999999999993,1.0,0.006020086133801992,0.0065351806783399136,-0.5109164708758444
1770271803.9573998,1.2376951222808392,0.0,0.020159671071347997,1.282647340428829,0.0,0.10723878544509419,0.0,-0.5,0.012942559447593332,0.031673304545419674,-0.2812930241070112
1770271804.3810618,1.2376951222808392,0.0,0.020159671071347997,1.282647340428829,0.0,0.10735846177041539,0.0,-0.5,-0.006252349446841865,-0.018185369039577966,-0.25214553228555264
1770271804.805983,1.2376951222808392,0.0,0.020159671071347997,1.282647340428829,0.0,0.10747264768898496,0.0,-0.5,0.012768467774214204,-0.005133296788072654,-0.26150702660532843
1770271805.2273543,1.2376951222808392,0.0,0.020159671071347997,1.282647340428829,0.0,0.10758868953526028,0.09375,-0.11465813508548287,0.0028036236312853524,-0.01415149191814302,-0.1421015174653916
1770271805.6628695,1.237515821221593,0.0,0.020159671071347997,1.282647340428829,0.0,0.10758868953526028,0.0,-0.5,0.017347046566563298,-0.044112423189851806,-0.24828692809880828
1770271806.1005657,1.237515821221593,0.0,0.020159671071347997,1.282647340428829,0.0,0.10770069253265865,0.0,-0.5,-4.715677778857812e-05,-0.033587353141225594,-0.2343059872120384
