t,kp_lin,ki_lin,kd_lin,kp_ang,ki_ang,kd_ang,v_ref,w_ref_raw,w_ref,v_meas,w_meas,reward
1770706866.3207462,1.2,0.0,0.03,1.23,0.0,0.1,0.0,0.0,0.0,0.0,-6.545760982997597e-05,-3.927456589798558e-05
1770706866.7321067,1.2,0.0,0.03,1.23,0.0,0.1,0.0,0.0,0.0,0.0,-2.2975164085726163e-05,-1.573582661728806e-05
1770706867.1447961,1.2,0.0,0.03,1.23,0.0,0.1,0.0,0.0,0.0,0.0,0.00013428427473497916,-8.28680812495601e-05
1770706867.5590124,1.2,0.0,0.03,1.23,0.0,0.1,0.0,0.0,0.0,0.0,9.29572115398827e-05,-5.0611312089450996e-05
1770706867.9790652,1.2,0.0,0.03,1.23,0.0,0.1,0.0,0.0,0.0,0.0,5.2771314973920386e-05,-3.0404247143556423e-05
1770706868.3953557,1.2,0.0,0.03,1.23,0.0,0.1,0.0,0.0,0.0,0.0,0.00010673712846791914,-5.8765145583359445e-05
1770706868.811632,1.2,0.0,0.03,1.23,0.0,0.1,0.0,0.0,0.0,0.0,4.160154597195448e-05,-2.7314331235573705e-05
1770706869.2434263,1.2,0.0,0.03,1.23,0.0,0.1,0.0,0.0,0.0,0.0,1.2655079175972876e-05,-9.222186267584599e-06
1770706869.658136,1.2,0.0,0.03,1.23,0.0,0.1,0.0,0.0,0.0,0.0,2.8119913741218844e-06,-2.3903044672460415e-06
1770706870.0681276,1.2,0.0,0.03,1.23,0.0,0.1,0.0,0.0,0.0,0.0,3.3846283498392805e-05,-2.0026570961623495e-05
1770706870.487582,1.2,0.0,0.03,1.23,0.0,0.1,0.0,0.0,0.0,0.0,6.31942330908749e-05,-3.453191150468565e-05
1770706870.897812,1.2,0.0,0.03,1.23,0.0,0.1,0.0,0.0,0.0,0.0,6.098112771472317e-05,-3.071187439497676e-05
1770706871.3107622,1.2,0.0,0.03,1.23,0.0,0.1,0.0,0.0,0.0,0.0,-1.5768987020129283e-05,-1.5559504983549888e-05
1770706871.7309484,1.2,0.0,0.03,1.23,0.0,0.1,0.0,0.0,0.0,0.0,-1.3596170293488907e-05,-7.015366819408491e-06
1770706872.1503954,1.2,0.0,0.03,1.23,0.0,0.1,0.0,0.0,0.0,0.0,-3.77504512480158e-05,-2.1290653719460587e-05
1770706872.5682712,1.2,0.0,0.03,1.23,0.0,0.1,0.0,0.0,0.0,0.0,-0.000162954205366769,-9.399747809525983e-05
1770706872.9841943,1.2,0.0,0.03,1.23,0.0,0.1,0.25,0.004464781256161884,0.0,0.0033671085586081577,-0.00022988868443435682,-0.24675452923151578
1770706873.406997,1.2,0.0,0.029889057998657226,1.23,0.0,0.1,0.25,0.003411558105282632,0.0,0.2266745434023787,0.003820374949134402,-0.025640670435545385
1770706873.832775,1.2002618830776215,0.0,0.02982839020729065,1.23,0.0,0.1,0.25,0.0023545111577813922,0.0,0.2554396047615925,0.004663419747105067,-0.007855619114942099
1770706874.2431962,1.200570347789526,0.0,0.029775082767605782,1.23,0.0,0.1,0.25,0.0030864393615307687,0.0,0.2559919977482218,0.0036917872015769706,-0.007935054603563085
1770706874.661728,1.200881336631775,0.0,0.02972143559932709,1.23,0.0,0.1,0.25,0.0035516310613629854,0.0,0.25377854441327496,0.0032710087886409587,-0.005456126648889045
1770706875.0814672,1.2011893576526642,0.0,0.029667045496702196,1.23,0.0,0.1,0.25,0.014039366040839916,0.0,0.25169158575001477,0.003395379574401944,-0.0034017126157918384
1770706875.5021975,1.2014937130486965,0.0,0.02961220944464207,1.23,0.0,0.1,0.25,0.0040058167409456015,0.0,0.2514821719202915,0.005552775330471852,-0.004474299161134404
1770706875.9228036,1.2017941407573223,0.0,0.02955837523519993,1.23,0.0,0.1,0.25,0.06455880036596989,0.01162058406587458,0.25198658926765277,0.0030825665602979054,-0.006502618897458504
1770706876.3367507,1.2021146281921864,0.0,0.029499991205334666,1.23,0.0,0.1,0.25,0.06529661871327201,0.01956707209428303,0.18867901923150793,0.004743989733241841,-0.06889866426630706
1770706876.7541711,1.202336845920682,0.0,0.029424936259388926,1.23,0.0,0.1,0.25,0.06529661871327201,0.01956707209428303,-0.004923371651649468,0.003399350115056085,-0.2631416966030815
1770706877.1749806,1.202336845920682,0.0,0.029308667712807657,1.23,0.0,0.1,0.25,0.06529661871327201,0.01956707209428303,-0.006771128781526565,0.0025405029561069775,-0.2653702980665095
1770706877.6035109,1.202336845920682,0.0,0.029191675871014598,1.23,0.0,0.1,0.25,0.06529661871327201,0.01956707209428303,-0.005258261858493592,0.0019956001648508844,-0.26409848810233527
1770706878.020578,1.202336845920682,0.0,0.029074708641171457,1.23,0.0,0.1,0.25,0.06529661871327201,0.01956707209428303,-0.00440960852474205,0.001509921364296775,-0.2634867517697906
1770706878.4635365,1.202336845920682,0.0,0.028957673647999765,1.23,0.0,0.1,0.25,0.06529661871327201,0.01956707209428303,-0.0034256757073540156,0.0011508931123075377,-0.2626696680235407
1770706878.8782547,1.202336845920682,0.0,0.02884065295636654,1.23,0.0,0.1,0.25,0.06529661871327201,0.01956707209428303,-0.0023083465898069695,0.0007833977222179609,-0.26173693331484843
1770706879.3035457,1.202336845920682,0.0,0.02872366704761982,1.23,0.0,0.1,0.25,0.06529661871327201,0.01956707209428303,-0.0017887475418935919,0.0006539353623376849,-0.2612582621438543
1770706879.7181847,1.202336845920682,0.0,0.02860671625435352,1.23,0.0,0.1,0.25,0.06529661871327201,0.01956707209428303,-0.001391234772828999,0.0005450748332813171,-0.26091311945623546
1770706880.1306858,1.202336845920682,0.0,0.02848978788435459,1.23,0.0,0.1,0.25,0.06529661871327201,0.01956707209428303,-0.00116421561108224,0.0003026593564286206,-0.26082066352769473
1770706880.5497541,1.202336845920682,0.0,0.028372790367007253,1.23,0.0,0.1,0.25,0.06529661871327201,0.01956707209428303,-0.000902875396947964,0.0002678138611807095,-0.2605559890630239
1770706880.9747522,1.202336845920682,0.0,0.02825582437098026,1.23,0.0,0.1,0.25,0.06529661871327201,0.01956707209428303,-0.0006100907846038855,0.00017484353185660134,-0.2603155020987495
1770706881.4003623,1.202336845920682,0.0,0.028138869157433508,1.23,0.0,0.1,0.25,0.06529661871327201,0.01956707209428303,-0.0004738182270536828,0.00018110533741487602,-0.2601674277860436
1770706881.8151584,1.202336845920682,0.0,0.028021941474080082,1.23,0.0,0.1,0.25,0.06529661871327201,0.01956707209428303,-0.000367125975639529,0.00014972804486258474,-0.260078935729605
1770706882.232233,1.202336845920682,0.0,0.027905018854737278,1.23,0.0,0.1,0.25,0.06529661871327201,0.01956707209428303,-0.00030650874232781607,0.00015033184837410897,-0.2600149392456334
1770706882.654222,1.202336845920682,0.0,0.027788107532858843,1.23,0.0,0.1,0.25,0.06529661871327201,0.01956707209428303,-0.00023758314489310322,1.529584964811948e-05,-0.26002697486708315
1770706883.0737364,1.202336845920682,0.0,0.0276711472338438,1.23,0.0,0.1,0.25,0.06529661871327201,0.01956707209428303,-0.00016140425758661957,-5.7961495849117526e-05,-0.25998124678720236
1770706883.5027847,1.202336845920682,0.0,0.027554167440533635,1.23,0.0,0.1,0.25,0.06529661871327201,0.01956707209428303,-0.0001253029259775293,-0.00015674361930558304,-0.2599970889951175
1770706883.9364922,1.202336845920682,0.0,0.02743714922726154,1.23,0.0,0.1,0.25,0.06529661871327201,0.01956707209428303,-0.00010399175563192677,-0.0001843512878801941,-0.25998246421357096
1770706884.3519282,1.202336845920682,0.0,0.02732012234508991,1.23,0.0,0.1,0.25,0.06529661871327201,0.01956707209428303,-8.06630996390359e-05,-0.00022821694926661383,-0.25998269418755254
1770706884.7716026,1.202336845920682,0.0,0.027203079734444614,1.23,0.0,0.1,0.25,0.06529661871327201,0.01956707209428303,-5.468853752540575e-05,-0.00019389588896492034,-0.25993860463517954
1770706885.200432,1.202336845920682,0.0,0.02708605746567249,1.23,0.0,0.1,0.25,0.06529661871327201,0.01956707209428303,-4.269238972623677e-05,-2.2787462557539838e-05,-0.25985473301078726
1770706885.612756,1.202336845920682,0.0,0.026969115201830863,1.23,0.0,0.1,0.25,0.06529661871327201,0.01956707209428303,-3.314031568029153e-05,1.636833863625128e-05,-0.2598124077736231
1770706886.0335708,1.202336845920682,0.0,0.0268521924751997,1.23,0.0,0.1,0.25,0.06529661871327201,0.01956707209428303,-2.7449727559504875e-05,1.0150507977671211e-05,-0.2598065323037781
1770706886.455004,1.202336845920682,0.0,0.026735267946124075,1.23,0.0,0.1,0.25,0.06529661871327201,0.01956707209428303,-2.1274391840774705e-05,-8.110421532750119e-05,-0.2598544880189766
1770706886.8695831,1.202336845920682,0.0,0.02661830301225185,1.23,0.0,0.1,0.25,0.06529661871327201,0.01956707209428303,-1.657196979972996e-05,-5.382149495084729e-05,-0.25982974703645434
1770706887.2853,1.202336845920682,0.0,0.026501351339220998,1.23,0.0,0.1,0.25,0.06529661871327201,0.01956707209428303,-1.1286448604421998e-05,-0.00010622146625557942,-0.2598531732260042
1770706887.7170556,1.202336845920682,0.0,0.026384376813769338,1.23,0.0,0.1,0.25,0.06529661871327201,0.01956707209428303,-8.758072176384491e-06,-0.00011340612777454896,-0.25984971564935705
1770706888.1312692,1.202336845920682,0.0,0.026267399445176122,1.23,0.0,0.1,0.25,0.06529661871327201,0.01956707209428303,-7.348990594326538e-06,-0.00019069531438878514,-0.2598939616135917
1770706888.5504148,1.202336845920682,0.0,0.026150387197136877,1.23,0.0,0.1,0.25,0.06529661871327201,0.01956707209428303,-5.7131184856141535e-06,-0.0002765911578789684,-0.25993613432891566
1770706888.9709668,1.202336845920682,0.0,0.026033336164355277,1.23,0.0,0.1,0.25,0.06529661871327201,0.01956707209428303,-3.842410403981805e-06,-0.00018886752610936973,-0.2598905845837771
1770706889.3951337,1.202336845920682,0.0,0.025916325396895406,1.23,0.0,0.1,0.25,0.06529661871327201,0.01956707209428303,-2.984210675840042e-06,-0.00026691845107512245,-0.25992778457585153
1770706889.8159025,1.202336845920682,0.0,0.025799279245734212,1.23,0.0,0.1,0.25,0.06529661871327201,0.01956707209428303,-2.316475745843203e-06,-8.491413971674033e-05,-0.25984651002388154
1770706890.2323897,1.202336845920682,0.0,0.025682316060662267,1.23,0.0,0.1,0.25,0.06529661871327201,0.01956707209428303,-1.946047130249012e-06,-9.94692643879286e-05,-0.25983667223893286
1770706890.6557753,1.202336845920682,0.0,0.02556534632027149,1.23,0.0,0.1,0.25,0.06529661871327201,0.01956707209428303,-1.512380726313571e-06,-1.764605570844855e-05,-0.25980205377659005
1770706891.0675905,1.202336845920682,0.0,0.025448413894772526,1.23,0.0,0.1,0.25,0.06529661871327201,0.01956707209428303,-1.1730997334357013e-06,-7.813788325466667e-06,-0.25978959926777595
1770706891.4815874,1.202336845920682,0.0,0.025331485975384708,1.23,0.0,0.1,0.25,0.06529661871327201,0.01956707209428303,-7.812826361079799e-07,3.0312694240402345e-05,-0.259772973630914
1770706891.9016678,1.202336845920682,0.0,0.02521457547962665,1.23,0.0,0.1,0.25,0.06529661871327201,0.01956707209428303,-6.101671127528803e-07,-6.226706473628516e-05,-0.2598245377225201
1770706892.3237307,1.202336845920682,0.0,0.025097622905373568,1.23,0.0,0.1,0.25,0.06529661871327201,0.01956707209428303,-5.189207270052494e-07,-3.427715518541415e-05,-0.2598039925364163
1770706892.7415829,1.202336845920682,0.0,0.024980683076977723,1.23,0.0,0.1,0.25,0.06529661871327201,0.01956707209428303,-4.009786857997774e-07,-9.015633639904264e-05,-0.25983460311214823
1770706893.1615891,1.202336845920682,0.0,0.02486371786415576,1.23,0.0,0.1,0.25,0.06529661871327201,0.01956707209428303,-2.792380592836849e-07,-0.000243928934879101,-0.25992115701248836
1770706893.588214,1.202336845920682,0.0,0.024746682699322693,1.23,0.0,0.1,0.25,0.06529661871327201,0.01956707209428303,-2.085012482667834e-07,-0.00029394272825887866,-0.25993571729185716
1770706894.0075002,1.202336845920682,0.0,0.02462962477862834,1.23,0.0,0.1,0.25,0.06529661871327201,0.01956707209428303,-1.9340651934536141e-07,-0.00035013368371342515,-0.2599644153910631
1770706894.4194758,1.202336845920682,0.0,0.024512541258931153,1.23,0.0,0.1,0.25,0.06529661871327201,0.01956707209428303,-1.255366344969075e-07,-0.00038902959226795483,-0.2599820659707654
1770706894.8441484,1.202336845920682,0.0,0.024395440090298644,1.23,0.0,0.1,0.25,0.06529661871327201,0.01956707209428303,-1.0621451138607485e-07,-0.0002921506880632993,-0.259939405496105
1770706895.255634,1.202336845920682,0.0,0.024278383006453505,1.23,0.0,0.1,0.25,0.06529661871327201,0.01956707209428303,-8.248208608381927e-08,-0.00029136750630628846,-0.2599293806005565
1770706895.676837,1.202336845920682,0.0,0.024161326287388794,1.23,0.0,0.1,0.25,0.06529661871327201,0.01956707209428303,-6.425337608080048e-08,-0.00016741490582021688,-0.2598797030134763
1770706896.0990925,1.202336845920682,0.0,0.024044325937628737,1.23,0.0,0.1,0.25,0.06529661871327201,0.01956707209428303,-4.28673780239229e-08,-0.00011462894780602549,-0.259846171984224
1770706896.5168934,1.202336845920682,0.0,0.02392734960973262,1.23,0.0,0.1,0.25,0.06529661871327201,0.01956707209428303,-3.998698668872266e-08,-4.991684638932266e-05,-0.2598150056674645
1770706896.9292471,1.202336845920682,0.0,0.023810402764677992,1.23,0.0,0.1,0.25,0.06529661871327201,0.01956707209428303,-2.828363123400066e-08,-2.2078444002191338e-05,-0.25979738739301256
1770706897.3544066,1.202336845920682,0.0,0.02369346860110759,1.23,0.0,0.1,0.25,0.06529661871327201,0.01956707209428303,-2.0708056895619247e-08,0.00014868662367590948,-0.25972628995012825
1770706897.7750368,1.202336845920682,0.0,0.023576612114310256,1.23,0.0,0.1,0.25,0.08494590056400525,0.040982938562329624,0.026247290168661522,0.003319821411324277,-0.242901381885606
1770706898.1862857,1.202336845920682,0.0,0.023460105634331693,1.23,0.0,0.1,0.25,0.06131320484780558,0.0588954302808074,0.2436375577305625,0.01628299530685399,-0.028964977145967172
1770706898.6269078,1.2026826310819387,0.0,0.02339214464843272,1.23,0.0,0.1,0.25,0.053088191136623955,0.03264210262195913,0.2576403187268747,0.025885152043623925,-0.011979009689719301
1770706899.0398355,1.2030020078247785,0.0,0.023339975152015677,1.23,0.0,0.1,0.25,0.029244132079648228,0.014758204887540777,0.25169358868904995,0.02600139468034459,-0.007326807849123925
1770706899.4648356,1.2032881005638838,0.0,0.023291763544678677,1.23,0.0,0.1,0.25,0.029421622172903207,0.006672505568195539,0.2549510431314136,0.026849033560955676,-0.015124071015854768
1770706899.8828156,1.2035675845760108,0.0,0.023291763544678677,1.23,0.0,0.1,0.25,0.029046821452945265,0.0024737636681039406,0.25199862535320283,0.03021155087947965,-0.016203770690743084
1770706900.296215,1.2038309772008657,0.0,0.023291763544678677,1.23,0.0,0.1,0.25,0.03039694753259104,0.0011184423834472096,0.24953731876769886,0.02862898729739092,-0.014376210047481871
1770706900.7135513,1.2040911121487616,0.0,0.023291763544678677,1.23,0.0,0.1,0.25,0.03147303439269672,0.0005056721388627472,0.2504684310275145,0.029485048909163328,-0.015043725573842013
1770706901.1309743,1.2043505582249163,0.0,0.023291763544678677,1.23,0.0,0.1,0.25,0.03293449327132324,0.00022862537740558968,0.2504904697417015,0.030651474141484454,-0.015818536646973073
1770706901.5701277,1.2046077161461113,0.0,0.023291763544678677,1.23,0.0,0.1,0.25,-0.03735048100539598,0.00010336650801327942,0.25348028005867007,0.030300698408480053,-0.0186140235822039
1770706902.000365,1.2048703015494344,0.0,0.023291763544678677,1.23,0.0,0.1,0.25,-0.03735048100539598,0.00010336650801327942,0.031222397482252105,0.017041328895803537,-0.22857252066291067
1770706902.4283402,1.2048703015494344,0.0,0.023194145599007596,1.23,0.0,0.1,0.25,-0.03735048100539598,0.00010336650801327942,-0.008836059757248108,0.013962555091407739,-0.2660735314293849
1770706902.8527508,1.2047163679808377,0.0,0.023087443054318417,1.23,0.0,0.1,0.25,-0.03735048100539598,0.00010336650801327942,-0.006959360174938169,0.011106649512303756,-0.26274659223499375
1770706903.2856557,1.2045703054779766,0.0,0.022979772961735714,1.23,0.0,0.1,0.25,-0.03735048100539598,0.00010336650801327942,-0.004687140626494975,0.008557411970584794,-0.2591690871119527
1770706903.7006283,1.2044322564339636,0.0,0.022871350026726713,1.23,0.0,0.1,0.25,-0.03735048100539598,0.00010336650801327942,-0.003630040296385163,0.006706363719770772,-0.2571166437273453
1770706904.1157458,1.2044322564339636,0.0,0.022762271463274947,1.23,0.0,0.1,0.25,-0.03735048100539598,0.00010336650801327942,-0.0028229971422191057,0.005252621472532256,-0.25554299884920245
1770706904.539166,1.2044322564339636,0.0,0.02265267399966716,1.23,0.0,0.1,0.25,-0.03735048100539598,0.00010336650801327942,-0.0021355270263178567,0.00397430802382547,-0.25419882912909464
1770706904.9776022,1.2044322564339636,0.0,0.022542616333365434,1.23,0.0,0.1,0.25,-0.03735048100539598,0.00010336650801327942,-0.001734524404114533,0.0031372688247959125,-0.2533351794824088
1770706905.4060829,1.2044322564339636,0.0,0.022432248389124863,1.23,0.0,0.1,0.25,-0.03735048100539598,0.00010336650801327942,-0.0012385410840403555,0.002319036405666979,-0.2524281992747801
1770706905.8289733,1.2044322564339636,0.0,0.022321596398949616,1.23,0.0,0.1,0.25,-0.03735048100539598,0.00010336650801327942,-0.0010320086423276087,0.001771069616054896,-0.2519206568753096
1770706906.2486153,1.2044322564339636,0.0,0.022210731055140487,1.23,0.0,0.1,0.25,-0.03735048100539598,0.00010336650801327942,-0.0008079763950123659,0.0014145377639618963,-0.25149921520819596
1770706906.6623106,1.2044322564339636,0.0,0.02209974345624446,1.23,0.0,0.1,0.25,-0.03735048100539598,0.00010336650801327942,-0.0006288768506400329,0.0011108051404325105,-0.25116296942920263
1770706907.082108,1.2044322564339636,0.0,0.021988649556040754,1.23,0.0,0.1,0.25,-0.03735048100539598,0.00010336650801327942,-0.00042126511480886796,0.0009623051201229116,-0.25086558442289464
1770706907.4997547,1.2044322564339636,0.0,0.021877525754570953,1.23,0.0,0.1,0.25,-0.03735048100539598,0.00010336650801327942,-0.0003273691691282254,0.0008444406622928297,-0.25070969269205107
1770706907.925102,1.2044322564339636,0.0,0.02176636522829532,1.23,0.0,0.1,0.25,-0.03735048100539598,0.00010336650801327942,-0.0002766409985907263,0.0007551596527681474,-0.2506114656719206
1770706908.3399267,1.2044322564339636,0.0,0.021655173084139816,1.23,0.0,0.1,0.25,-0.03735048100539598,0.00010336650801327942,-0.000214968691102531,0.0005510387358019207,-0.2504592168966935
1770706908.7588692,1.2044322564339636,0.0,0.021543898692727083,1.23,0.0,0.1,0.25,-0.03735048100539598,0.00010336650801327942,-0.00016666403825068242,0.0004930088635104759,-0.2503672882032284
1770706909.179434,1.2044322564339636,0.0,0.021432606609463684,1.23,0.0,0.1,0.25,-0.03735048100539598,0.00010336650801327942,-0.00011059983559451963,0.00039411273506094187,-0.25026586256196326
1770706909.5901012,1.2044322564339636,0.0,0.02132127952873706,1.23,0.0,0.1,0.25,-0.03735048100539598,0.00010336650801327942,-8.656003617888355e-05,0.00015840616090322096,-0.2501376505200396
1770706910.0035086,1.2044322564339636,0.0,0.021209848785996428,1.23,0.0,0.1,0.25,-0.03735048100539598,0.00010336650801327942,-6.706612966568902e-05,-2.367050286334908e-05,-0.2501487923014806
1770706910.428915,1.2044322564339636,0.0,0.02109833814561366,1.23,0.0,0.1,0.25,-0.03735048100539598,0.00010336650801327942,-5.2271775446765585e-05,-1.3515433318434755e-05,-0.2501117282530671
1770706910.8637486,1.2044322564339636,0.0,0.020986834875941267,1.23,0.0,0.1,0.25,-0.03735048100539598,0.00010336650801327942,-4.421121158204737e-05,-9.44674269064464e-05,-0.2501512233784007
1770706911.2754126,1.2044322564339636,0.0,0.020875296018719663,1.23,0.0,0.1,0.25,-0.03735048100539598,0.00010336650801327942,-2.9485810766762598e-05,-8.883573280944053e-05,-0.25012615010058786
1770706911.6928165,1.2044322564339636,0.0,0.020763762429356566,1.23,0.0,0.1,0.25,-0.03735048100539598,0.00010336650801327942,-2.2912629654469423e-05,7.287463530745409e-05,-0.2500543296028191
1770706912.1051354,1.2044322564339636,0.0,0.02065230419933795,1.23,0.0,0.1,0.25,-0.03735048100539598,0.00010336650801327942,-2.254812098270252e-05,4.874950249320211e-05,-0.25005226913702416
1770706912.5318274,1.2044322564339636,0.0,0.020540834918618193,1.23,0.0,0.1,0.25,-0.03735048100539598,0.00010336650801327942,-1.3530918049733904e-05,2.6834091554136906e-05,-0.2500539886673732
1770706912.9436643,1.2044322564339636,0.0,0.02044348463326692,1.23,0.0,0.1,0.25,-0.03735048100539598,0.00010336650801327942,-1.1782824421847186e-05,-5.992983012348385e-06,-0.2500697452773913
1770706913.3578384,1.2044322564339636,0.0,0.020363657399278874,1.23,0.0,0.1,0.25,-0.03735048100539598,0.00010336650801327942,-8.653020894599736e-06,-5.429764617714923e-06,-0.25006310747904953
1770706913.7704926,1.2044322564339636,0.0,0.020298199067408675,1.23,0.0,0.1,0.25,-0.03735048100539598,0.00010336650801327942,-6.103673970648016e-06,-3.2698320379918075e-05,-0.2500768629437435
1770706914.1859643,1.2044322564339636,0.0,0.020244523235275112,1.23,0.0,0.1,0.25,-0.03735048100539598,0.00010336650801327942,-4.740125367777213e-06,-1.5173170479536238e-05,-0.2500657624796042
1770706914.6016963,1.2044322564339636,0.0,0.020200509052925593,1.23,0.0,0.1,0.25,-0.03735048100539598,0.00010336650801327942,-3.664627551092972e-06,-0.00011267586615525887,-0.2501214360842029
1770706915.016953,1.2044322564339636,0.0,0.020164417423398986,1.23,0.0,0.1,0.25,-0.03735048100539598,0.00010336650801327942,-2.8146466746681754e-06,-0.00023181592779538546,-0.250182319870743
1770706915.4297452,1.2044322564339636,0.0,0.02013482228718717,1.23,0.0,0.1,0.25,-0.03735048100539598,0.00010336650801327942,-2.402007112318517e-06,-0.00026499622763240705,-0.25018990140491887
1770706915.8436568,1.2044322564339636,0.0,0.020110554275493478,1.23,0.0,0.1,0.25,-0.03735048100539598,0.00010336650801327942,-1.8623991831150051e-06,-0.00032701124347707107,-0.25022325277651275
1770706916.2609084,1.2044322564339636,0.0,0.02009065450590465,1.23,0.0,0.1,0.25,-0.03735048100539598,0.00010336650801327942,-1.4549146549254706e-06,-0.0001325721093029521,-0.2501388681367304
1770706916.6795013,1.2044322564339636,0.0,0.020074336694841814,1.23,0.0,0.1,0.25,-0.03735048100539598,0.00010336650801327942,-9.640921120507593e-07,-9.726302987340125e-05,-0.25010480976899835
1770706917.0920086,1.2044322564339636,0.0,0.020060956089770286,1.23,0.0,0.1,0.25,-0.03735048100539598,0.00010336650801327942,-7.482553755968496e-07,-0.0001413367537998437,-0.25012750725867483
1770706917.5032012,1.2044322564339636,0.0,0.020049983993611634,1.23,0.0,0.1,0.25,-0.03735048100539598,0.00010336650801327942,-5.820660530036319e-07,-8.3232117968359e-05,-0.25009969184262704
1770706917.91803,1.2044322564339636,0.0,0.02004098687476154,1.23,0.0,0.1,0.25,-0.03735048100539598,0.00010336650801327942,-4.530292144473014e-07,-1.2195614066178996e-06,-0.2500609473195805
1770706918.3403842,1.2044322564339636,0.0,0.020033609237304465,1.23,0.0,0.1,0.25,-0.03735048100539598,0.00010336650801327942,-3.7091186732869635e-07,-4.852018983620417e-05,-0.25008104432363504
1770706918.7657378,1.2044322564339636,0.0,0.02002755957458966,1.23,0.0,0.1,0.25,-0.03735048100539598,0.00010336650801327942,-2.876858262715243e-07,-0.00013809239057185766,-0.2501299743551924
1770706919.178781,1.2044322564339636,0.0,0.02002259885116352,1.23,0.0,0.1,0.25,-0.03735048100539598,0.00010336650801327942,-2.0218463124922213e-07,1.3054291520301909e-05,-0.25006047296108697
1770706919.5941722,1.2044322564339636,0.0,0.02001853105795409,1.23,0.0,0.1,0.25,-0.03735048100539598,0.00010336650801327942,-1.5690523335979634e-07,-0.0001404863598995385,-0.25013743740433175
1770706920.0252867,1.2044322564339636,0.0,0.020015195467522354,1.23,0.0,0.1,0.25,-0.03735048100539598,0.00010336650801327942,-1.33379826497987e-07,-7.206629425589612e-05,-0.25009469178752547
1770706920.4375298,1.2044322564339636,0.0,0.02001246028336833,1.23,0.0,0.1,0.25,-0.03735048100539598,0.00010336650801327942,-9.794410271058578e-08,2.7364895893984647e-05,-0.25004804186917734
1770706920.8470438,1.2044322564339636,0.0,0.020010217432362032,1.23,0.0,0.1,0.25,-0.03735048100539598,0.00010336650801327942,-8.025574331179535e-08,9.435835064965331e-07,-0.25005393384923547
1770706921.2574337,1.2044322564339636,0.0,0.020008378294536867,1.23,0.0,0.1,0.25,-0.03735048100539598,0.00010336650801327942,-6.20506565403069e-08,-3.120174759035536e-05,-0.2500705607115681
1770706921.6707447,1.2044322564339636,0.0,0.02000687020152023,1.23,0.0,0.1,0.25,-0.03735048100539598,0.00010336650801327942,-4.1288545479912414e-08,-2.5255705978309342e-05,-0.25006494699970244
1770706922.0952268,1.2044322564339636,0.0,0.020005633565246587,1.23,0.0,0.1,0.25,-0.03735048100539598,0.00010336650801327942,-3.2040186614858147e-08,0.00011699488211877948,-0.25002107128604906
1770706922.5176046,1.2044322564339636,0.0,0.0200046195235022,1.23,0.0,0.1,0.25,-0.03735048100539598,0.00010336650801327942,-2.481674042998053e-08,2.6126483059068545e-05,-0.25004773166912353
1770706922.9293668,1.2044322564339636,0.0,0.020003788009271804,1.23,0.0,0.1,0.25,-0.03735048100539598,0.00010336650801327942,-2.1085460098595675e-08,0.00023405756107817112,-0.2500861597197944
1770706923.3376002,1.2044322564339636,0.0,0.02000310616760288,1.23,0.0,0.1,0.25,-0.03735048100539598,0.00010336650801327942,-1.6343174726641728e-08,0.00022396119142486346,-0.25006132332184583
1770706923.7594655,1.2044322564339636,0.0,0.020002547057434362,1.23,0.0,0.1,0.25,-0.03735048100539598,0.00010336650801327942,-1.2660710924695248e-08,0.00034243214224304237,-0.2501313925729077
1770706924.172497,1.2044322564339636,0.0,0.02000208858709618,1.23,0.0,0.1,0.25,-0.03735048100539598,0.00010336650801327942,-8.405666012528827e-09,0.00022177760277076935,-0.250071279406992
1770706924.5859234,1.2044322564339636,0.0,0.020001712641418867,1.23,0.0,0.1,0.25,-0.03735048100539598,0.00010336650801327942,-6.503607200093753e-09,0.00018142096153821402,-0.25004306939449295
1770706924.996664,1.2044322564339636,0.0,0.020001404365963472,1.23,0.0,0.1,0.25,-0.03735048100539598,0.00010336650801327942,-5.038119396212704e-09,1.9114920877803056e-05,-0.25005836143575316
1770706925.4213622,1.2044322564339636,0.0,0.020001151580090047,1.23,0.0,0.1,0.25,-0.03735048100539598,0.00010336650801327942,-3.91106008790073e-09,-0.00010990273284030372,-0.25011954029685873
1770706925.8369493,1.2044322564339636,0.0,0.02000094429567384,1.23,0.0,0.1,0.25,-0.03735048100539598,0.00010336650801327942,-3.3229946846262368e-09,-0.0001660052097554339,-0.25014029942957056
1770706926.2527351,1.2044322564339636,0.0,0.02000077432245255,1.23,0.0,0.1,0.25,-0.03735048100539598,0.00010336650801327942,-2.5763094963617954e-09,-5.390619719345979e-05,-0.25008984883016905
1770706926.6724668,1.2044322564339636,0.0,0.02000063494441109,1.23,0.0,0.1,0.25,-0.03735048100539598,0.00010336650801327942,-1.9859888522269093e-09,-0.00010576170229027115,-0.2501097516416503
1770706927.0933077,1.2044322564339636,0.0,0.020000520654417094,1.23,0.0,0.1,0.25,-0.03735048100539598,0.00010336650801327942,-1.3285163968342063e-09,-0.00025768411806678085,-0.2501957188831341
1770706927.5129938,1.2044322564339636,0.0,0.020000426936622018,1.23,0.0,0.1,0.25,-0.03735048100539598,0.00010336650801327942,-1.0305577084133534e-09,-0.00024281427587885575,-0.2501745784067226
1770706927.9325962,1.2044322564339636,0.0,0.020000350088030056,1.23,0.0,0.1,0.25,-0.03735048100539598,0.00010336650801327942,-8.768045395443614e-10,-0.0001863289165992568,-0.25015049712503873
1770706928.3469312,1.2044322564339636,0.0,0.020000287072184646,1.23,0.0,0.1,0.25,-0.03735048100539598,0.00010336650801327942,-6.749425880520443e-10,-0.00012709178970844476,-0.25012115353649256
1770706928.7702131,1.2044322564339636,0.0,0.02000023539919141,1.23,0.0,0.1,0.25,-0.03735048100539598,0.00010336650801327942,-4.520255698516819e-10,-2.7087036281354054e-05,-0.2500752276995156
1770706929.1975508,1.2044322564339636,0.0,0.02000019302733696,1.23,0.0,0.1,0.25,-0.03735048100539598,0.00010336650801327942,-3.505038672765808e-10,4.324229309379639e-05,-0.25003709539090113
1770706929.6136873,1.2044322564339636,0.0,0.020000158282416306,1.23,0.0,0.1,0.25,-0.03735048100539598,0.00010336650801327942,-2.725046941669324e-10,-0.0001052632684861689,-0.25011916571691245
1770706930.0294054,1.2044322564339636,0.0,0.020000129791581372,1.23,0.0,0.1,0.25,-0.03735048100539598,0.00010336650801327942,-2.3155054677980496e-10,-0.00011489688227450056,-0.25011009528807326
1770706930.4396555,1.2044322564339636,0.0,0.020000106429096724,1.23,0.0,0.1,0.25,-0.03735048100539598,0.00010336650801327942,-1.790797680209776e-10,-3.28507481013756e-06,-0.2500644871512379
1770706930.8507044,1.2044322564339636,0.0,0.020000087271859313,1.23,0.0,0.1,0.25,-0.03735048100539598,0.00010336650801327942,-1.3898118576382713e-10,-4.583427782964274e-05,-0.25007885545220454
1770706931.271566,1.2044322564339636,0.0,0.020000071562924635,1.23,0.0,0.1,0.25,-0.03735048100539598,0.00010336650801327942,-9.226528251598641e-11,-0.00014960824179007147,-0.250136864863563
1770706931.6826458,1.2044322564339636,0.0,0.020000058681598203,1.23,0.0,0.1,0.25,-0.03735048100539598,0.00010336650801327942,-7.199930115788474e-11,-0.00015054663278547128,-0.2501270504814982
1770706932.1121416,1.2044322564339636,0.0,0.020000048118910527,1.23,0.0,0.1,0.25,-0.03735048100539598,0.00010336650801327942,-5.523895949658895e-11,-0.0001523734203062535,-0.2501280526981508
1770706932.5251167,1.2044322564339636,0.0,0.02000003945750663,1.23,0.0,0.1,0.25,-0.03735048100539598,0.00010336650801327942,-4.712442322051351e-11,-0.00017779090594866157,-0.2501431205026696
1770706932.9431064,1.2044322564339636,0.0,0.020000032355155437,1.23,0.0,0.1,0.25,-0.03735048100539598,0.00010336650801327942,-3.654770204670328e-11,-6.698691026868202e-05,-0.2500962571452567
1770706933.3763006,1.2044322564339636,0.0,0.02000002653122746,1.23,0.0,0.1,0.25,-0.03735048100539598,0.00010336650801327942,-2.4411530297553133e-11,-5.916612222547017e-06,-0.2500607486143341
1770706933.7940235,1.2044322564339636,0.0,0.020000021755606515,1.23,0.0,0.1,0.25,-0.03735048100539598,0.00010336650801327942,-1.9034951450434536e-11,2.887062567250232e-05,-0.25004072668399485
1770706934.2136433,1.2044322564339636,0.0,0.02000001783959734,1.23,0.0,0.1,0.25,-0.03735048100539598,0.00010336650801327942,-1.4756496701021354e-11,4.503738758274454e-05,-0.2500307812511628
1770706934.636815,1.2044322564339636,0.0,0.02000001462846982,1.23,0.0,0.1,0.25,-0.03735048100539598,0.00010336650801327942,-1.2600324953654242e-11,1.7515790428133794e-05,-0.25004567753110835
1770706935.054756,1.2044322564339636,0.0,0.020000011995345252,1.23,0.0,0.1,0.25,-0.03735048100539598,0.00010336650801327942,-9.80542305268796e-12,-6.634590627941565e-06,-0.25005741559723166
1770706935.4633596,1.2044322564339636,0.0,0.020000009836183108,1.23,0.0,0.1,0.25,-0.03735048100539598,0.00010336650801327942,-7.601503308917503e-12,-8.209153833445771e-05,-0.250100274725546
1770706935.8755827,1.2044322564339636,0.0,0.02000000806567015,1.23,0.0,0.1,0.25,-0.03735048100539598,0.00010336650801327942,-6.104182689093287e-12,-0.00011810447305961292,-0.25011433679011313
1770706936.288562,1.2044322564339636,0.0,0.020000006613849524,1.23,0.0,0.1,0.25,-0.03735048100539598,0.00010336650801327942,-3.9071177591062895e-12,-8.381754536767593e-05,-0.25009702072336676
1770706936.7064009,1.2044322564339636,0.0,0.02000000542335661,1.23,0.0,0.1,0.25,-0.03735048100539598,0.00010336650801327942,-3.695578486491261e-12,-0.00011309627160300586,-0.25011115926612726
1770706937.1242712,1.2044322564339636,0.0,0.02000000444715242,1.23,0.0,0.1,0.25,-0.03735048100539598,0.00010336650801327942,-2.618273693296242e-12,-0.00012104744903641529,-0.2501130020988865
1770706937.5483842,1.2044322564339636,0.0,0.020000003646664984,1.23,0.0,0.1,0.25,-0.03735048100539598,0.00010336650801327942,-2.03166118702211e-12,-6.367139374947315e-05,-0.2500892565584417
1770706937.9700613,1.2044322564339636,0.0,0.020000002990265286,1.23,0.0,0.1,0.25,-0.03735048100539598,0.00010336650801327942,-1.3499971445554565e-12,-0.00020977810379084634,-0.25017118297825613
1770706938.385338,1.2044322564339636,0.0,0.020000002452017534,1.23,0.0,0.1,0.25,-0.03735048100539598,0.00010336650801327942,-1.0465451978972789e-12,-0.00010916206661513704,-0.25011632589207833
1770706938.8089674,1.2044322564339636,0.0,0.02000000201065438,1.23,0.0,0.1,0.25,-0.03735048100539598,0.00010336650801327942,-8.116473867625112e-13,-3.054750351729267e-05,-0.2500748184628867
1770706939.2435508,1.2044322564339636,0.0,0.020000001648736592,1.23,0.0,0.1,0.25,-0.03735048100539598,0.00010336650801327942,-6.904573210775544e-13,6.130441766325505e-05,-0.25003021623798355
1770706939.6546123,1.2044322564339636,0.0,0.020000001351964006,1.23,0.0,0.1,0.25,-0.03735048100539598,0.00010336650801327942,-5.356993441416543e-13,2.3776741498681135e-05,-0.2500435476514094
1770706940.100508,1.2044322564339636,0.0,0.020000001108610485,1.23,0.0,0.1,0.25,-0.03735048100539598,0.00010336650801327942,-3.516507142719862e-13,1.4593254842447493e-05,-0.2500453049756027
1770706940.513306,1.2044322564339636,0.0,0.020000000909060598,1.23,0.0,0.1,0.25,-0.03735048100539598,0.00010336650801327942,-2.726997113846649e-13,-1.4228246974565324e-05,-0.25006167952794833
1770706940.9273665,1.2044322564339636,0.0,0.02000000074542969,1.23,0.0,0.1,0.25,-0.03735048100539598,0.00010336650801327942,-2.3484465881824833e-13,-4.8535365313767594e-05,-0.2500793816487323
1770706941.3357494,1.2044322564339636,0.0,0.020000000611252348,1.23,0.0,0.1,0.25,-0.03735048100539598,0.00010336650801327942,-1.8225945308068488e-13,-0.00014653968051254573,-0.25013475352596504
1770706941.7487159,1.2044322564339636,0.0,0.020000000501226925,1.23,0.0,0.1,0.25,-0.03735048100539598,0.00010336650801327942,-1.414009015692168e-13,-0.00016102839275052564,-0.25013364632174706
1770706942.1681237,1.2044322564339636,0.0,0.02000000041100608,1.23,0.0,0.1,0.25,-0.03735048100539598,0.00010336650801327942,-1.0967532829710872e-13,-0.00013203210468691734,-0.2501205989352661
1770706942.5880315,1.2044322564339636,0.0,0.020000000337024985,1.23,0.0,0.1,0.25,-0.03735048100539598,0.00010336650801327942,-7.219557654204906e-14,-0.00014819679597506975,-0.2501273981211952
1770706943.0038419,1.2044322564339636,0.0,0.020000000276360487,1.23,0.0,0.1,0.25,-0.03735048100539598,0.00010336650801327942,-5.583778587460748e-14,-0.00015933803305233387,-0.25013246639429637
1770706943.4211254,1.2044322564339636,0.0,0.020000000226615598,1.23,0.0,0.1,0.25,-0.03735048100539598,0.00010336650801327942,-4.798856694795372e-14,8.968414853183466e-05,-0.2500317433979471
1770706943.8358757,1.2044322564339636,0.0,0.02000000018582479,1.23,0.0,0.1,0.25,-0.03735048100539598,0.00010336650801327942,-3.511199941100406e-14,-8.18765155047561e-05,-0.25010977757819786
1770706944.256868,1.2044322564339636,0.0,0.020000000152376327,1.23,0.0,0.1,0.25,-0.03735048100539598,0.00010336650801327942,-2.7411316675997764e-14,-1.8746538162582046e-05,-0.25006736952084957
1770706944.6715317,1.2044322564339636,0.0,0.02000000012494859,1.23,0.0,0.1,0.25,-0.03735048100539598,0.00010336650801327942,-1.9278796945108575e-14,-4.934990111492088e-05,-0.25007941854087856
1770706945.0828896,1.2044322564339636,0.0,0.020000000102457845,1.23,0.0,0.1,0.25,-0.03735048100539598,0.00010336650801327942,-1.4504823624326297e-14,8.61838399156869e-05,-0.25002214470816636
1770706945.4950802,1.2044322564339636,0.0,0.020000000084015434,1.23,0.0,0.1,0.25,-0.03735048100539598,0.00010336650801327942,-1.1611028669431564e-14,5.017253854468565e-05,-0.250030198114883
1770706945.906699,1.2044322564339636,0.0,0.020000000068892656,1.23,0.0,0.1,0.25,-0.03735048100539598,0.00010336650801327942,-9.019557170189199e-15,-1.057556572184211e-05,-0.2500630458473032
1770706946.322471,1.2044322564339636,0.0,0.020000000056491978,1.23,0.0,0.1,0.25,-0.03735048100539598,0.00010336650801327942,-7.226632067920907e-15,-9.970912056874954e-05,-0.2501104511697829
1770706946.7339983,1.2044322564339636,0.0,0.02000000004632342,1.23,0.0,0.1,0.25,-0.03735048100539598,0.00010336650801327942,-5.619680200809253e-15,-0.00023723746561566685,-0.2501840548213247
1770706947.149036,1.2044322564339636,0.0,0.020000000037985206,1.23,0.0,0.1,0.25,-0.03735048100539598,0.00010336650801327942,-4.614664451772755e-15,-0.00023508318002946546,-0.2501694402725846
1770706947.576579,1.2044322564339636,0.0,0.02000000003114787,1.23,0.0,0.1,0.25,-0.03735048100539598,0.00010336650801327942,-3.0623628651266625e-15,-0.00031394246939591287,-0.2502165404176443
1770706947.9964688,1.2044322564339636,0.0,0.020000000025541254,1.23,0.0,0.1,0.25,-0.03735048100539598,0.00010336650801327942,-2.379981623291457e-15,-0.0002441508189352896,-0.25018073782852274
1770706948.423502,1.2044322564339636,0.0,0.020000000020943827,1.23,0.0,0.1,0.25,-0.03735048100539598,0.00010336650801327942,-1.77638140621695e-15,-0.0002789548563636167,-0.25019464108593303
1770706948.8375351,1.2044322564339636,0.0,0.02000000001717394,1.23,0.0,0.1,0.25,-0.03735048100539598,0.00010336650801327942,-1.5706073622616997e-15,-0.0002115440553686536,-0.25016419636179205
1770706949.2475836,1.2044322564339636,0.0,0.02000000001408263,1.23,0.0,0.1,0.25,-0.03735048100539598,0.00010336650801327942,-1.2181591463286776e-15,-8.673241094107289e-05,-0.25010753062392116
1770706949.6550825,1.2044322564339636,0.0,0.020000000011547756,1.23,0.0,0.1,0.25,-0.03735048100539598,0.00010336650801327942,-9.470112572187559e-16,-0.00015597642187581613,-0.2501365958660389
1770706950.082642,1.2044322564339636,0.0,0.02000000000946916,1.23,0.0,0.1,0.25,-0.03735048100539598,0.00010336650801327942,-6.306736885325416e-16,-0.00013585170899734495,-0.2501216215797938
1770706950.499076,1.2044322564339636,0.0,0.02000000000776471,1.23,0.0,0.1,0.25,-0.03735048100539598,0.00010336650801327942,-4.843989479900547e-16,-8.784388007023372e-05,-0.250100405976935
1770706950.9323921,1.2044322564339636,0.0,0.020000000006367064,1.23,0.0,0.1,0.25,-0.03735048100539598,0.00010336650801327942,-4.165958650863167e-16,-8.179550470868561e-05,-0.2500931858438976
1770706951.357212,1.2044322564339636,0.0,0.02000000000522099,1.23,0.0,0.1,0.25,-0.03735048100539598,0.00010336650801327942,-3.23381155274384e-16,-0.00015172930122282587,-0.2501345412842698
1770706951.7722795,1.2044322564339636,0.0,0.02000000000428121,1.23,0.0,0.1,0.25,-0.03735048100539598,0.00010336650801327942,-2.5129705538629557e-16,-5.142401512488119e-05,-0.2500874257901792
1770706952.1833231,1.2044322564339636,0.0,0.02000000000351059,1.23,0.0,0.1,0.25,-0.03735048100539598,0.00010336650801327942,-1.6495875233561842e-16,-0.00012095604858850342,-0.2501191144816474
1770706952.6020505,1.2044322564339636,0.0,0.020000000002878684,1.23,0.0,0.1,0.25,-0.03735048100539598,0.00010336650801327942,-1.2778459448161582e-16,-0.0002016991372232933,-0.25016060713148186
1770706953.0314486,1.2044322564339636,0.0,0.020000000002360522,1.23,0.0,0.1,0.25,-0.03735048100539598,0.00010336650801327942,-1.0448377478191379e-16,-0.00032574759057254506,-0.25022696189462795
1770706953.4562364,1.2044322564339636,0.0,0.02000000000193563,1.23,0.0,0.1,0.25,-0.03735048100539598,0.00010336650801327942,-8.591386174009339e-17,-0.00029455229905806825,-0.2502020789326872
1770706953.8717294,1.2044322564339636,0.0,0.020000000001587217,1.23,0.0,0.1,0.25,-0.03735048100539598,0.00010336650801327942,-5.609904425357939e-17,-0.0001253046952289302,-0.25013126036200406
1770706954.2981951,1.2044322564339636,0.0,0.02000000000130152,1.23,0.0,0.1,0.25,-0.03735048100539598,0.00010336650801327942,-4.443946845866946e-17,-0.0001504145844822669,-0.25012940153517316
1770706954.722208,1.2044322564339636,0.0,0.020000000001067244,1.23,0.0,0.1,0.25,-0.03735048100539598,0.00010336650801327942,-3.568993176698401e-17,-1.1447938716656913e-05,-0.2500713038879416
1770706955.1328294,1.2044322564339636,0.0,0.02000000000087514,1.23,0.0,0.1,0.25,-0.03735048100539598,0.00010336650801327942,-2.918830488855189e-17,4.315122749377352e-06,-0.2500511019987786
1770706955.561295,1.2044322564339636,0.0,0.020000000000717614,1.23,0.0,0.1,0.25,-0.03735048100539598,0.00010336650801327942,-2.1509005818966057e-17,0.00017929137024337786,-0.25005546005586443
1770706955.9845,1.2044322564339636,0.0,0.020000000000588443,1.23,0.0,0.1,0.25,-0.03735048100539598,0.00010336650801327942,-1.4858501792117828e-17,0.0001109677642352091,-0.2500106329887118
1770706956.398776,1.2044322564339636,0.0,0.020000000000482524,1.23,0.0,0.1,0.25,-0.03735048100539598,0.00010336650801327942,-1.1762921390176688e-17,6.033144495801271e-05,-0.25002658116345533
1770706956.81357,1.2044322564339636,0.0,0.02000000000039567,1.23,0.0,0.1,0.25,-0.03735048100539598,0.00010336650801327942,-9.140339642812324e-18,-4.2730037376265514e-05,-0.2500833544209282
1770706957.2514157,1.2044322564339636,0.0,0.02000000000032445,1.23,0.0,0.1,0.25,-0.03735048100539598,0.00010336650801327942,-7.76182312732156e-18,-6.559504977525913e-05,-0.2500867672801342
1770706957.6840317,1.2044322564339636,0.0,0.020000000000266048,1.23,0.0,0.1,0.25,-0.03735048100539598,0.00010336650801327942,-5.188876614856551e-18,-0.00017943421710878515,-0.2501527842792944
1770706958.098645,1.2044322564339636,0.0,0.02000000000021816,1.23,0.0,0.1,0.25,-0.03735048100539598,0.00010336650801327942,-4.026320679701087e-18,-0.0001318955476401765,-0.2501223848947736
1770706958.522402,1.2044322564339636,0.0,0.020000000000178892,1.23,0.0,0.1,0.25,-0.03735048100539598,0.00010336650801327942,-3.4185948748099747e-18,-0.00010081369980890882,-0.2501051982886942
1770706958.9381642,1.2044322564339636,0.0,0.020000000000146692,1.23,0.0,0.1,0.25,-0.03735048100539598,0.00010336650801327942,-2.306255706749542e-18,-0.0001984824848753253,-0.25016069137495095
1770706959.3608983,1.2044322564339636,0.0,0.020000000000120286,1.23,0.0,0.1,0.25,-0.03735048100539598,0.00010336650801327942,-2.063280948940317e-18,-0.0001450550603041621,-0.2501295535266158
1770706959.7825541,1.2044322564339636,0.0,0.020000000000098633,1.23,0.0,0.1,0.25,-0.03735048100539598,0.00010336650801327942,-1.6478177344081852e-18,-4.046669580853465e-05,-0.2500823754383605
1770706960.2082784,1.2044322564339636,0.0,0.02000000000008088,1.23,0.0,0.1,0.25,-0.03735048100539598,0.00010336650801327942,-1.2648233289706485e-18,2.974842857993371e-05,-0.2500438305521555
1770706960.6246233,1.2044322564339636,0.0,0.020000000000066322,1.23,0.0,0.1,0.25,-0.03735048100539598,0.00010336650801327942,-8.05996019489646e-19,-7.263460653394966e-05,-0.25009823886078497
1770706961.039901,1.2044322564339636,0.0,0.020000000000054384,1.23,0.0,0.1,0.25,-0.03735048100539598,0.00010336650801327942,-7.041903518155736e-19,4.465863506794672e-05,-0.2500410832606329
1770706961.4525256,1.2044322564339636,0.0,0.020000000000044593,1.23,0.0,0.1,0.25,-0.03735048100539598,0.00010336650801327942,-5.466231480827713e-19,-4.7932714712873195e-05,-0.25008490874634115
1770706961.8652086,1.2044322564339636,0.0,0.020000000000036565,1.23,0.0,0.1,0.25,-0.03735048100539598,0.00010336650801327942,-4.230303902793767e-19,-7.953048664122105e-05,-0.25009460827452007
1770706962.2790868,1.2044322564339636,0.0,0.020000000000029983,1.23,0.0,0.1,0.25,-0.03735048100539598,0.00010336650801327942,-2.728754138753033e-19,-0.00010195034665202147,-0.2501049004133337
1770706962.6980176,1.2044322564339636,0.0,0.020000000000024585,1.23,0.0,0.1,0.25,-0.03735048100539598,0.00010336650801327942,-2.1942292058244204e-19,-0.00010961735818121826,-0.25010725863425015
1770706963.1147258,1.2044322564339636,0.0,0.02000000000002016,1.23,0.0,0.1,0.25,-0.03735048100539598,0.00010336650801327942,-2.03812589107892e-19,-0.00011309995381000949,-0.2501085814904745
1770706963.531212,1.2044322564339636,0.0,0.020000000000016532,1.23,0.0,0.1,0.25,-0.03735048100539598,0.00010336650801327942,-1.3658390350262559e-19,-0.0001414866493454177,-0.25012526524823286
1770706963.9480615,1.2044322564339636,0.0,0.020000000000013556,1.23,0.0,0.1,0.25,-0.03735048100539598,0.00010336650801327942,-1.120904637213853e-19,-0.00019867076069888867,-0.2501567370454914
1770706964.3684475,1.2044322564339636,0.0,0.020000000000011117,1.23,0.0,0.1,0.25,-0.03735048100539598,0.00010336650801327942,-8.229659595114125e-20,-0.00019866737664069083,-0.2501510172807328
1770706964.7792497,1.2044322564339636,0.0,0.020000000000009115,1.23,0.0,0.1,0.25,-0.03735048100539598,0.00010336650801327942,-5.63666690331388e-20,-0.00012397883676321312,-0.250121141526376
1770706965.1941583,1.2044322564339636,0.0,0.020000000000007474,1.23,0.0,0.1,0.25,-0.03735048100539598,0.00010336650801327942,-4.3751588714207624e-20,6.529673027305217e-05,-0.25003796244557375
1770706965.6187456,1.2044322564339636,0.0,0.020000000000006127,1.23,0.0,0.1,0.25,-0.03735048100539598,0.00010336650801327942,-3.3786777846993984e-20,0.00012808451956118025,-0.2500186377847028
1770706966.0365813,1.2044322564339636,0.0,0.020000000000005024,1.23,0.0,0.1,0.25,-0.03735048100539598,0.00010336650801327942,-2.973766848627837e-20,0.0002003977374406945,-0.2500557469365016
1770706966.4493608,1.2044322564339636,0.0,0.02000000000000412,1.23,0.0,0.1,0.25,-0.03735048100539598,0.00010336650801327942,-2.1812258213036824e-20,0.00012312918863535523,-0.2500176081951916
1770706966.8597708,1.2044322564339636,0.0,0.020000000000003376,1.23,0.0,0.1,0.25,-0.03735048100539598,0.00010336650801327942,-1.6942813458156136e-20,0.00011201223161063918,-0.2500054345575012
1770706967.275289,1.2044322564339636,0.0,0.02000000000000277,1.23,0.0,0.1,0.25,-0.03735048100539598,0.00010336650801327942,-1.3144596472803096e-20,1.0470267525637537e-05,-0.25005660231665233
1770706967.6923976,1.2044322564339636,0.0,0.02000000000000227,1.23,0.0,0.1,0.25,-0.03735048100539598,0.00010336650801327942,-8.975469080615567e-21,-0.00010968725456655915,-0.25011854263349914
1770706968.1042986,1.2044322564339636,0.0,0.02000000000000186,1.23,0.0,0.1,0.25,-0.03735048100539598,0.00010336650801327942,-6.968119894970971e-21,-0.0001557135224299223,-0.2501341426420079
1770706968.529177,1.2044322564339636,0.0,0.020000000000001527,1.23,0.0,0.1,0.25,-0.03735048100539598,0.00010336650801327942,-6.154864400906883e-21,-0.00025230802179370803,-0.25018749671483986
1770706968.9407573,1.2044322564339636,0.0,0.020000000000001253,1.23,0.0,0.1,0.25,-0.03735048100539598,0.00010336650801327942,-4.5259043529115995e-21,-0.0003317324435945974,-0.25022549191798404
1770706969.3572748,1.2044322564339636,0.0,0.020000000000001027,1.23,0.0,0.1,0.25,-0.03735048100539598,0.00010336650801327942,-3.5121843681989385e-21,-0.00031003025996442416,-0.25020886860235186
1770706969.7745616,1.2044322564339636,0.0,0.020000000000000843,1.23,0.0,0.1,0.25,-0.03735048100539598,0.00010336650801327942,-2.372696852370623e-21,-0.0001660982614092398,-0.25014912558456676
1770706970.1858618,1.2044322564339636,0.0,0.02000000000000069,1.23,0.0,0.1,0.25,-0.03735048100539598,0.00010336650801327942,-1.8422804772168324e-21,-7.890916141425044e-06,-0.25007144944660414
1770706970.63114,1.2044322564339636,0.0,0.020000000000000566,1.23,0.0,0.1,0.25,-0.03735048100539598,0.00010336650801327942,-1.543207391267728e-21,-2.4493866689163766e-05,-0.250065590482406
1770706971.040606,1.2044322564339636,0.0,0.020000000000000465,1.23,0.0,0.1,0.25,-0.03735048100539598,0.00010336650801327942,-1.1987753757905469e-21,-7.2503614264952675e-06,-0.25005703278524616
1770706971.4500937,1.2044322564339636,0.0,0.020000000000000382,1.23,0.0,0.1,0.25,-0.03735048100539598,0.00010336650801327942,-9.303533922845583e-22,7.19812457782296e-05,-0.25002361579183796
1770706971.8743618,1.2044322564339636,0.0,0.020000000000000313,1.23,0.0,0.1,0.25,-0.03735048100539598,0.00010336650801327942,-6.276471104034926e-22,-8.032186498179849e-05,-0.2501070744975735
1770706972.2910137,1.2044322564339636,0.0,0.020000000000000257,1.23,0.0,0.1,0.25,-0.03735048100539598,0.00010336650801327942,-4.870335194324565e-22,-1.3509653831651427e-05,-0.2500651193020375
1770706972.7129748,1.2044322564339636,0.0,0.020000000000000212,1.23,0.0,0.1,0.25,-0.03735048100539598,0.00010336650801327942,-3.7700463177791723e-22,-2.5977331822579348e-05,-0.25006591868771705
1770706973.1369607,1.2044322564339636,0.0,0.020000000000000174,1.23,0.0,0.1,0.25,-0.03735048100539598,0.00010336650801327942,-3.165841519273303e-22,-2.268470843124888e-05,-0.25006335487056136
1770706973.573136,1.2044322564339636,0.0,0.020000000000000143,1.23,0.0,0.1,0.25,-0.03735048100539598,0.00010336650801327942,-2.1675728682230443e-22,-0.00014721083283664884,-0.2501377412828655
1770706973.9893909,1.2044322564339636,0.0,0.02000000000000012,1.23,0.0,0.1,0.25,-0.03735048100539598,0.00010336650801327942,-1.9582734628858005e-22,-7.59955586470477e-05,-0.2500968025607491
1770706974.4136167,1.2044322564339636,0.0,0.020000000000000098,1.23,0.0,0.1,0.25,-0.03735048100539598,0.00010336650801327942,-1.4959436846507884e-22,-1.9094908215325642e-05,-0.2500669207731575
1770706974.827831,1.2044322564339636,0.0,0.02000000000000008,1.23,0.0,0.1,0.25,-0.03735048100539598,0.00010336650801327942,-1.0776792644794794e-22,-6.246121046438431e-05,-0.25008725048946373
1770706975.2492597,1.2044322564339636,0.0,0.020000000000000066,1.23,0.0,0.1,0.25,-0.03735048100539598,0.00010336650801327942,-8.359746023070206e-23,9.11729133985543e-05,-0.2500214602096936
1770706975.6624959,1.2044322564339636,0.0,0.020000000000000056,1.23,0.0,0.1,0.25,-0.03735048100539598,0.00010336650801327942,-6.48107484923531e-23,0.00014067978333391683,-0.25002360732465384
1770706976.1045294,1.2044322564339636,0.0,0.020000000000000046,1.23,0.0,0.1,0.25,-0.03735048100539598,0.00010336650801327942,-4.3869203896050437e-23,0.00018896725653827392,-0.25004762912158296
1770706976.5323756,1.2044322564339636,0.0,0.02000000000000004,1.23,0.0,0.1,0.25,-0.03735048100539598,0.00010336650801327942,-3.65691996920313e-23,0.00013539530262810895,-0.25002137159269844
1770706976.9472518,1.2044322564339636,0.0,0.02000000000000003,1.23,0.0,0.1,0.25,-0.03735048100539598,0.00010336650801327942,-2.843129762244179e-23,0.00021019525001347896,-0.25006089436573864
1770706977.3674183,1.2044322564339636,0.0,0.020000000000000025,1.23,0.0,0.1,0.25,-0.03735048100539598,0.00010336650801327942,-2.2048009396586073e-23,0.00014458208287690996,-0.25002716910414546
1770706977.7819715,1.2044322564339636,0.0,0.02000000000000002,1.23,0.0,0.1,0.25,-0.03735048100539598,0.00010336650801327942,-1.4934173071799814e-23,9.410135349345804e-05,-0.25000968065019824
1770706978.2047906,1.2044322564339636,0.0,0.020000000000000018,1.23,0.0,0.1,0.25,-0.03735048100539598,0.00010336650801327942,-1.1620988269520506e-23,-3.4060011761124446e-09,-0.25006109543295674
1770706978.622568,1.2044322564339636,0.0,0.020000000000000014,1.23,0.0,0.1,0.25,-0.03735048100539598,0.00010336650801327942,-9.579957018833102e-24,-0.00012093007070027067,-0.2501242409558267
1770706979.043889,1.2044322564339636,0.0,0.02000000000000001,1.23,0.0,0.1,0.25,-0.03735048100539598,0.00010336650801327942,-7.487330303021578e-24,-3.689146505703384e-05,-0.25007853284709947
1770706979.459224,1.2044322564339636,0.0,0.020000000000000007,1.23,0.0,0.1,0.25,-0.03735048100539598,0.00010336650801327942,-5.80829475207328e-24,-0.00019172188392253443,-0.25016302723785444
1770706979.8808997,1.2044322564339636,0.0,0.020000000000000007,1.23,0.0,0.1,0.25,-0.03735048100539598,0.00010336650801327942,-3.9483454986254056e-24,-0.00010348190069026015,-0.250112248202675
1770706980.2991173,1.2044322564339636,0.0,0.020000000000000007,1.23,0.0,0.1,0.25,-0.03735048100539598,0.00010336650801327942,-3.0581698791005078e-24,-8.422773970590688e-05,-0.25009572253995804
1770706980.7121289,1.2044322564339636,0.0,0.020000000000000007,1.23,0.0,0.1,0.25,-0.03735048100539598,0.00010336650801327942,-2.3574762397649217e-24,-0.0001364746443960669,-0.25012514526667373
1770706981.133524,1.2044322564339636,0.0,0.020000000000000007,1.23,0.0,0.1,0.25,-0.03735048100539598,0.00010336650801327942,-1.9781736048943838e-24,-5.6855874914871926e-05,-0.2500880730684122
1770706981.5762658,1.2044322564339636,0.0,0.020000000000000007,1.23,0.0,0.1,0.25,-0.03735048100539598,0.00010336650801327942,-1.3186845483218422e-24,6.887705566232452e-05,-0.2500298180192332
1770706981.9951947,1.2044322564339636,0.0,0.020000000000000007,1.23,0.0,0.1,0.25,-0.03735048100539598,0.00010336650801327942,-1.0463586023992219e-24,7.568261388794749e-05,-0.25001452250288525
1770706982.405465,1.2044322564339636,0.0,0.020000000000000007,1.23,0.0,0.1,0.25,-0.03735048100539598,0.00010336650801327942,-8.108794124740243e-25,-1.4603448424709543e-05,-0.25006801358445024
1770706982.8277488,1.2044322564339636,0.0,0.020000000000000007,1.23,0.0,0.1,0.25,-0.03735048100539598,0.00010336650801327942,-6.76165512432661e-25,1.6596364511754936e-05,-0.25004650505304443
1770706983.2382631,1.2044322564339636,0.0,0.020000000000000007,1.23,0.0,0.1,0.25,-0.03735048100539598,0.00010336650801327942,-5.262065821654995e-25,-4.087417682872307e-05,-0.250077867396555
1770706983.6491084,1.2044322564339636,0.0,0.020000000000000007,1.23,0.0,0.1,0.25,-0.03735048100539598,0.00010336650801327942,-4.0669619432294894e-25,-0.00015984911128250366,-0.25014350530309326
1770706984.0629666,1.2044322564339636,0.0,0.020000000000000007,1.23,0.0,0.1,0.25,-0.03735048100539598,0.00010336650801327942,-3.1678812354438963e-25,-0.0002457459442165251,-0.2501831459094083
1770706984.5044086,1.2044322564339636,0.0,0.020000000000000007,1.23,0.0,0.1,0.25,-0.03735048100539598,0.00010336650801327942,-2.1403205673200475e-25,-0.00023387111899928303,-0.250169806296028
1770706984.9567754,1.2044322564339636,0.0,0.020000000000000007,1.23,0.0,0.1,0.25,-0.03735048100539598,0.00010336650801327942,-1.8008335858159828e-25,-0.00015718783999253474,-0.25013794550190355
1770706985.382181,1.2044322564339636,0.0,0.020000000000000007,1.23,0.0,0.1,0.25,-0.03735048100539598,0.00010336650801327942,-1.211863764418686e-25,-0.0001744264464479227,-0.25014062033787615
1770706985.797713,1.2044322564339636,0.0,0.020000000000000007,1.23,0.0,0.1,0.25,-0.03735048100539598,0.00010336650801327942,-9.396488773348389e-26,-5.061613357562446e-05,-0.25008937235208173
1770706986.2208016,1.2044322564339636,0.0,0.020000000000000007,1.23,0.0,0.1,0.25,-0.03735048100539598,0.00010336650801327942,-7.890587822930301e-26,-1.3835502421303907e-05,-0.2500622790683327
1770706986.6315298,1.2044322564339636,0.0,0.020000000000000007,1.23,0.0,0.1,0.25,-0.03735048100539598,0.00010336650801327942,-6.132476854722005e-26,1.879332014886065e-05,-0.2500455494761892
1770706987.046506,1.2044322564339636,0.0,0.020000000000000007,1.23,0.0,0.1,0.25,-0.03735048100539598,0.00010336650801327942,-4.760283035554184e-26,-3.2268256912500514e-05,-0.250072923540169
1770706987.46261,1.2044322564339636,0.0,0.020000000000000007,1.23,0.0,0.1,0.25,-0.03735048100539598,0.00010336650801327942,-3.655774676941185e-26,5.346098955861109e-05,-0.25003352568387444
1770706987.8787682,1.2044322564339636,0.0,0.020000000000000007,1.23,0.0,0.1,0.25,-0.03735048100539598,0.00010336650801327942,-2.4794206823449703e-26,2.48844439082297e-05,-0.2500420986866176
1770706988.3286586,1.2044322564339636,0.0,0.020000000000000007,1.23,0.0,0.1,0.25,-0.03735048100539598,0.00010336650801327942,-2.089537400982611e-26,-4.127796868196776e-05,-0.25007893847960666
1770706988.7456844,1.2044322564339636,0.0,0.020000000000000007,1.23,0.0,0.1,0.25,-0.03735048100539598,0.00010336650801327942,-1.626762761612828e-26,-7.56025439712908e-06,-0.2500588351526337
1770706989.1595967,1.2044322564339636,0.0,0.020000000000000007,1.23,0.0,0.1,0.25,-0.03735048100539598,0.00010336650801327942,-1.2605920035225802e-26,-0.00013983269222400842,-0.2501348268439013
1770706989.6101224,1.2044322564339636,0.0,0.020000000000000007,1.23,0.0,0.1,0.25,-0.03735048100539598,0.00010336650801327942,-8.178679534846938e-27,-0.00018149717369421895,-0.2501465982890008
1770706990.028596,1.2044322564339636,0.0,0.020000000000000007,1.23,0.0,0.1,0.25,-0.03735048100539598,0.00010336650801327942,-7.136557310297059e-27,-0.0003122491386800047,-0.2502208830198452
1770706990.4503126,1.2044322564339636,0.0,0.020000000000000007,1.23,0.0,0.1,0.25,-0.03735048100539598,0.00010336650801327942,-5.240933366511745e-27,-0.000257629814446895,-0.2501859600936534
1770706990.8878398,1.2044322564339636,0.0,0.020000000000000007,1.23,0.0,0.1,0.25,-0.03735048100539598,0.00010336650801327942,-4.408270681171294e-27,-0.0002490902810756196,-0.2501770823478816
1770706991.3076303,1.2044322564339636,0.0,0.020000000000000007,1.23,0.0,0.1,0.25,-0.03735048100539598,0.00010336650801327942,-2.8887178941178094e-27,-0.00023777436288222712,-0.25017170202726713
1770706991.7666812,1.2044322564339636,0.0,0.020000000000000007,1.23,0.0,0.1,0.25,-0.03735048100539598,0.00010336650801327942,-2.4411107791358276e-27,-0.00015757939566746334,-0.25013849244856184
1770706992.1790566,1.2044322564339636,0.0,0.020000000000000007,1.23,0.0,0.1,0.25,-0.03735048100539598,0.00010336650801327942,-1.6293477870248597e-27,-8.405954869160574e-05,-0.25010106501305
1770706992.6024363,1.2044322564339636,0.0,0.020000000000000007,1.23,0.0,0.1,0.25,-0.03735048100539598,0.00010336650801327942,-1.2241545507990207e-27,-1.0156800054298262e-05,-0.2500641519288975
1770706993.0243344,1.2044322564339636,0.0,0.020000000000000007,1.23,0.0,0.1,0.25,-0.03735048100539598,0.00010336650801327942,-1.0707004585208603e-27,-9.096584961490483e-05,-0.2501052470837702
1770706993.4479349,1.2044322564339636,0.0,0.020000000000000007,1.23,0.0,0.1,0.25,-0.03735048100539598,0.00010336650801327942,-7.83504371613492e-28,-2.0677085803309406e-05,-0.25006905067328944
1770706993.8830225,1.2044322564339636,0.0,0.020000000000000007,1.23,0.0,0.1,0.25,-0.03735048100539598,0.00010336650801327942,-6.2913705875681954e-28,-0.00016474273105170173,-0.2501484611840573
1770706994.2993388,1.2044322564339636,0.0,0.020000000000000007,1.23,0.0,0.1,0.25,-0.03735048100539598,0.00010336650801327942,-4.311600618622914e-28,-0.00024083525539877592,-0.25017971013414075
1770706994.7121687,1.2044322564339636,0.0,0.020000000000000007,1.23,0.0,0.1,0.25,-0.03735048100539598,0.00010336650801327942,-3.3501024929563396e-28,-0.000225750940494362,-0.25016606715574424
1770706995.1347568,1.2044322564339636,0.0,0.020000000000000007,1.23,0.0,0.1,0.25,-0.03735048100539598,0.00010336650801327942,-2.828161032993775e-28,-0.00017599916487287057,-0.2501446580140052
1770706995.5637624,1.2044322564339636,0.0,0.020000000000000007,1.23,0.0,0.1,0.25,-0.03735048100539598,0.00010336650801327942,-2.070282637911244e-28,-0.00012199348844891494,-0.25011808056587354
1770706995.983739,1.2044322564339636,0.0,0.020000000000000007,1.23,0.0,0.1,0.25,-0.03735048100539598,0.00010336650801327942,-1.466750968542183e-28,-0.0002262441860840415,-0.25017523041681217
1770706996.404989,1.2044322564339636,0.0,0.020000000000000007,1.23,0.0,0.1,0.25,-0.03735048100539598,0.00010336650801327942,-1.142149146205671e-28,-5.568835152178543e-05,-0.25009658301322374
1770706996.8314857,1.2044322564339636,0.0,0.020000000000000007,1.23,0.0,0.1,0.25,-0.03735048100539598,0.00010336650801327942,-9.068976088314517e-29,-8.682083128591329e-06,-0.25006072492241027
1770706997.2447755,1.2044322564339636,0.0,0.020000000000000007,1.23,0.0,0.1,0.25,-0.03735048100539598,0.00010336650801327942,-7.475053038595043e-29,4.905174951328544e-05,-0.2500329307625142
1770706997.6726685,1.2044322564339636,0.0,0.020000000000000007,1.23,0.0,0.1,0.25,-0.03735048100539598,0.00010336650801327942,-5.001177431581129e-29,8.704241531728575e-05,-0.2500119611129284
1770706998.0893688,1.2044322564339636,0.0,0.020000000000000007,1.23,0.0,0.1,0.25,-0.03735048100539598,0.00010336650801327942,-3.8840720210813147e-29,7.004453239468905e-06,-0.2500561848235947
1770706998.5100112,1.2044322564339636,0.0,0.020000000000000007,1.23,0.0,0.1,0.25,-0.03735048100539598,0.00010336650801327942,-2.9761842540939696e-29,4.6423006606130254e-05,-0.2500324136060402
1770706998.9367745,1.2044322564339636,0.0,0.020000000000000007,1.23,0.0,0.1,0.25,-0.03735048100539598,0.00010336650801327942,-2.553858374842394e-29,1.5612959538232472e-05,-0.2500469577789443
1770706999.3484104,1.2044322564339636,0.0,0.020000000000000007,1.23,0.0,0.1,0.25,-0.03735048100539598,0.00010336650801327942,-1.874915096222696e-29,-4.80601509314439e-05,-0.25008208064051934
1770706999.7698095,1.2044322564339636,0.0,0.020000000000000007,1.23,0.0,0.1,0.25,-0.03735048100539598,0.00010336650801327942,-1.542060240052999e-29,-9.629476390380701e-05,-0.25010465409725574
1770707000.1897652,1.2044322564339636,0.0,0.020000000000000007,1.23,0.0,0.1,0.25,-0.03735048100539598,0.00010336650801327942,-1.0261934227370126e-29,-0.00012735031191808173,-0.2501184639647671
1770707000.6024575,1.2044322564339636,0.0,0.020000000000000007,1.23,0.0,0.1,0.25,-0.03735048100539598,0.00010336650801327942,-7.978109270892029e-30,-0.0003274076798751697,-0.2502353928307399
1770707001.02031,1.2044322564339636,0.0,0.020000000000000007,1.23,0.0,0.1,0.25,-0.03735048100539598,0.00010336650801327942,-6.188388749755659e-30,-0.0002885008696223177,-0.2501998243698431
1770707001.4346967,1.2044322564339636,0.0,0.020000000000000007,1.23,0.0,0.1,0.25,-0.03735048100539598,0.00010336650801327942,-5.2452271109808795e-30,-0.00026510706988405297,-0.25018657616892254
1770707001.8537805,1.2044322564339636,0.0,0.020000000000000007,1.23,0.0,0.1,0.25,-0.03735048100539598,0.00010336650801327942,-4.065901338875668e-30,-0.00016928654295918848,-0.2501459085781787
1770707002.2689917,1.2044322564339636,0.0,0.020000000000000007,1.23,0.0,0.1,0.25,-0.03735048100539598,0.00010336650801327942,-3.157508626639644e-30,-0.00016630266843976104,-0.25013513297567846
1770707002.6807027,1.2044322564339636,0.0,0.020000000000000007,1.23,0.0,0.1,0.25,-0.03735048100539598,0.00010336650801327942,-2.5237492857165298e-30,-5.315687887439343e-05,-0.25008957627240036
1770707003.1010027,1.2044322564339636,0.0,0.020000000000000007,1.23,0.0,0.1,0.25,-0.03735048100539598,0.00010336650801327942,-1.636588058096291e-30,-7.916439713888377e-05,-0.25009386620440255
1770707003.5173888,1.2044322564339636,0.0,0.020000000000000007,1.23,0.0,0.1,0.25,-0.03735048100539598,0.00010336650801327942,-1.2733497259747241e-30,-4.8555556174981834e-05,-0.2500790219161905
1770707003.9314108,1.2044322564339636,0.0,0.020000000000000007,1.23,0.0,0.1,0.25,-0.03735048100539598,0.00010336650801327942,-1.0742949848903643e-30,6.850620723086853e-05,-0.2500291363267318
1770707004.3445234,1.2044322564339636,0.0,0.020000000000000007,1.23,0.0,0.1,0.25,-0.03735048100539598,0.00010336650801327942,-8.34464656368371e-31,-3.5547505814281556e-05,-0.25007986237821833
1770707004.7715669,1.2044322564339636,0.0,0.020000000000000007,1.23,0.0,0.1,0.25,-0.03735048100539598,0.00010336650801327942,-5.577078154334787e-31,-3.919482673436951e-05,-0.25007164539946586
1770707005.185048,1.2044322564339636,0.0,0.020000000000000007,1.23,0.0,0.1,0.25,-0.03735048100539598,0.00010336650801327942,-4.326687569464741e-31,-0.00011680938544176809,-0.25011784940259824
1770707005.596537,1.2044322564339636,0.0,0.020000000000000007,1.23,0.0,0.1,0.25,-0.03735048100539598,0.00010336650801327942,-3.34853123930123e-31,-3.6704958962654835e-05,-0.2500780461761359
1770707006.012091,1.2044322564339636,0.0,0.020000000000000007,1.23,0.0,0.1,0.25,-0.03735048100539598,0.00010336650801327942,-2.606919952229261e-31,-0.00013267839353816858,-0.2501276197942333
1770707006.433444,1.2044322564339636,0.0,0.020000000000000007,1.23,0.0,0.1,0.25,-0.03735048100539598,0.00010336650801327942,-2.209082016006681e-31,-6.128254050821155e-06,-0.2500674023949808
1770707006.848132,1.2044322564339636,0.0,0.020000000000000007,1.23,0.0,0.1,0.25,-0.03735048100539598,0.00010336650801327942,-1.7100495372063703e-31,4.417279597675679e-06,-0.25005052916757264
1770707007.273309,1.2044322564339636,0.0,0.020000000000000007,1.23,0.0,0.1,0.25,-0.03735048100539598,0.00010336650801327942,-1.1438955664774743e-31,8.802116286317641e-05,-0.2500160330609016
1770707007.7089844,1.2044322564339636,0.0,0.020000000000000007,1.23,0.0,0.1,0.25,-0.03735048100539598,0.00010336650801327942,-8.889559087636272e-32,0.00014025576740550632,-0.25002366809015036
1770707008.1336238,1.2044322564339636,0.0,0.020000000000000007,1.23,0.0,0.1,0.25,-0.03735048100539598,0.00010336650801327942,-7.526651653611361e-32,9.678065623611215e-05,-0.2500076404370055
1770707008.5712745,1.2044322564339636,0.0,0.020000000000000007,1.23,0.0,0.1,0.25,-0.03735048100539598,0.00010336650801327942,-5.022570813679971e-32,0.00013596387065033144,-0.25002021700275995
1770707008.9967172,1.2044322564339636,0.0,0.020000000000000007,1.23,0.0,0.1,0.25,-0.03735048100539598,0.00010336650801327942,-3.907258369299807e-32,6.691647127662e-05,-0.2500251297583057
1770707009.420437,1.2044322564339636,0.0,0.020000000000000007,1.23,0.0,0.1,0.25,-0.03735048100539598,0.00010336650801327942,-3.0528969288310616e-32,7.863553745658432e-05,-0.2500135373918963
1770707009.8402433,1.2044322564339636,0.0,0.020000000000000007,1.23,0.0,0.1,0.25,-0.03735048100539598,0.00010336650801327942,-2.603019879582826e-32,7.237026340071083e-05,-0.25001612464971185
1770707010.2540524,1.2044322564339636,0.0,0.020000000000000007,1.23,0.0,0.1,0.25,-0.03735048100539598,0.00010336650801327942,-2.0241032735823873e-32,2.3901322779846847e-05,-0.2500445794866788
1770707010.6752753,1.2044322564339636,0.0,0.020000000000000007,1.23,0.0,0.1,0.25,-0.03735048100539598,0.00010336650801327942,-1.3473057200229404e-32,-9.287156367140167e-05,-0.2501097963244875
1770707011.1007378,1.2044322564339636,0.0,0.020000000000000007,1.23,0.0,0.1,0.25,-0.03735048100539598,0.00010336650801327942,-1.0296414138971738e-32,-7.348490235188084e-05,-0.25009036437131454
1770707011.5148673,1.2044322564339636,0.0,0.020000000000000007,1.23,0.0,0.1,0.25,-0.03735048100539598,0.00010336650801327942,-8.115645350470273e-33,-0.00014533306646384044,-0.2501315346036498
1770707011.9272196,1.2044322564339636,0.0,0.020000000000000007,1.23,0.0,0.1,0.25,-0.03735048100539598,0.00010336650801327942,-6.896276450021212e-33,-0.0001392765715024473,-0.250121927189254
1770707012.3451567,1.2044322564339636,0.0,0.020000000000000007,1.23,0.0,0.1,0.25,-0.03735048100539598,0.00010336650801327942,-5.358096589428329e-33,-4.891092035537996e-05,-0.250085175279299
1770707012.7631333,1.2044322564339636,0.0,0.020000000000000007,1.23,0.0,0.1,0.25,-0.03735048100539598,0.00010336650801327942,-4.164952235601854e-33,6.837862585542032e-05,-0.2500292228957
1770707013.1798983,1.2044322564339636,0.0,0.020000000000000007,1.23,0.0,0.1,0.25,-0.03735048100539598,0.00010336650801327942,-2.779136665128298e-33,0.0001031148949197362,-0.25000359943345324
1770707013.5976787,1.2044322564339636,0.0,0.020000000000000007,1.23,0.0,0.1,0.25,-0.03735048100539598,0.00010336650801327942,-2.162243743474513e-33,0.00016833511062159818,-0.25003900632287435
1770707014.0204046,1.2044322564339636,0.0,0.020000000000000007,1.23,0.0,0.1,0.25,-0.03735048100539598,0.00010336650801327942,-1.8338470376151578e-33,0.00018738316860271808,-0.2500439131360928
1770707014.437453,1.2044322564339636,0.0,0.020000000000000007,1.23,0.0,0.1,0.25,-0.03735048100539598,0.00010336650801327942,-1.4224961327142343e-33,9.580514720544169e-05,-0.25001293848254363
1770707014.865555,1.2044322564339636,0.0,0.020000000000000007,1.23,0.0,0.1,0.25,-0.03735048100539598,0.00010336650801327942,-1.1043334730196601e-33,1.3679296542041132e-05,-0.250053056190802
1770707015.2967901,1.2044322564339636,0.0,0.020000000000000007,1.23,0.0,0.1,0.25,-0.03735048100539598,0.00010336650801327942,-7.3594965867572245e-34,-3.836114337177359e-06,-0.25005535285226316
1770707015.713247,1.2044322564339636,0.0,0.020000000000000007,1.23,0.0,0.1,0.25,-0.03735048100539598,0.00010336650801327942,-5.722337888197808e-34,-3.794690095630353e-05,-0.2500740677831467
1770707016.1282535,1.2044322564339636,0.0,0.020000000000000007,1.23,0.0,0.1,0.25,-0.03735048100539598,0.00010336650801327942,-4.8557382850109045e-34,-6.936744253506896e-05,-0.25008950902943206
1770707016.5480058,1.2044322564339636,0.0,0.020000000000000007,1.23,0.0,0.1,0.25,-0.03735048100539598,0.00010336650801327942,-3.5607094687535297e-34,-0.00020721264272911165,-0.2501690740953906
1770707016.9649532,1.2044322564339636,0.0,0.020000000000000007,1.23,0.0,0.1,0.25,-0.03735048100539598,0.00010336650801327942,-2.9219463033540743e-34,-0.00019843099471990124,-0.2501517769161675
1770707017.3781571,1.2044322564339636,0.0,0.020000000000000007,1.23,0.0,0.1,0.25,-0.03735048100539598,0.00010336650801327942,-1.944971980756961e-34,-0.00016672408641948516,-0.2501382159880464
1770707017.7938802,1.2044322564339636,0.0,0.020000000000000007,1.23,0.0,0.1,0.25,-0.03735048100539598,0.00010336650801327942,-1.51065840376436e-34,-0.00012072110472129813,-0.25011664410453716
1770707018.2216575,1.2044322564339636,0.0,0.020000000000000007,1.23,0.0,0.1,0.25,-0.03735048100539598,0.00010336650801327942,-1.2225047349296028e-34,3.1906226613007916e-05,-0.25005099287383353
1770707018.6336613,1.2044322564339636,0.0,0.020000000000000007,1.23,0.0,0.1,0.25,-0.03735048100539598,0.00010336650801327942,-9.24013306592513e-35,0.0001848220882736384,-0.2500560193762963
1770707019.054494,1.2044322564339636,0.0,0.020000000000000007,1.23,0.0,0.1,0.25,-0.03735048100539598,0.00010336650801327942,-7.823273179598123e-35,0.00016582468328521342,-0.25003312882813483
1770707019.4804041,1.2044322564339636,0.0,0.020000000000000007,1.23,0.0,0.1,0.25,-0.03735048100539598,0.00010336650801327942,-5.209759175025034e-35,6.72260808904463e-05,-0.2500279300738009
1770707019.897933,1.2044322564339636,0.0,0.020000000000000007,1.23,0.0,0.1,0.25,-0.03735048100539598,0.00010336650801327942,-4.0383500808260377e-35,4.426898813372643e-05,-0.25003184446921545
1770707020.3166773,1.2044322564339636,0.0,0.020000000000000007,1.23,0.0,0.1,0.25,-0.03735048100539598,0.00010336650801327942,-3.127494547849138e-35,-8.77190203136543e-05,-0.2501087415650082
1770707020.7325091,1.2044322564339636,0.0,0.020000000000000007,1.23,0.0,0.1,0.25,-0.03735048100539598,0.00010336650801327942,-2.661662363237098e-35,-0.00011767226821543128,-0.25011351471290455
1770707021.1417832,1.2044322564339636,0.0,0.020000000000000007,1.23,0.0,0.1,0.25,-0.03735048100539598,0.00010336650801327942,-2.071374559268574e-35,-0.00011077191801969702,-0.2501077592480361
1770707021.5713701,1.2044322564339636,0.0,0.020000000000000007,1.23,0.0,0.1,0.25,-0.03735048100539598,0.00010336650801327942,-1.387178265181348e-35,-0.00019806984119158223,-0.25015944796691963
1770707021.9895606,1.2044322564339636,0.0,0.020000000000000007,1.23,0.0,0.1,0.25,-0.03735048100539598,0.00010336650801327942,-1.0698807969995061e-35,-0.00019077202825270667,-0.2501477990494269
1770707022.4098794,1.2044322564339636,0.0,0.020000000000000007,1.23,0.0,0.1,0.25,-0.03735048100539598,0.00010336650801327942,-8.296126002904444e-36,-0.00024026438058026423,-0.25017676467952954
1770707022.8279433,1.2044322564339636,0.0,0.020000000000000007,1.23,0.0,0.1,0.25,-0.03735048100539598,0.00010336650801327942,-7.024481692051237e-36,-8.913897340294972e-05,-0.25011136528142586
1770707023.248071,1.2044322564339636,0.0,0.020000000000000007,1.23,0.0,0.1,0.25,-0.03735048100539598,0.00010336650801327942,-5.165019690036993e-36,-1.2461656135479362e-05,-0.2500655818138011
1770707023.6641428,1.2044322564339636,0.0,0.020000000000000007,1.23,0.0,0.1,0.25,-0.03735048100539598,0.00010336650801327942,-4.229176843248668e-36,2.8160344465929388e-05,-0.25004166528183386
1770707024.082152,1.2044322564339636,0.0,0.020000000000000007,1.23,0.0,0.1,0.25,-0.03735048100539598,0.00010336650801327942,-2.8125171194179906e-36,-3.908817091074389e-05,-0.2500779521909997
1770707024.5084076,1.2044322564339636,0.0,0.020000000000000007,1.23,0.0,0.1,0.25,-0.03735048100539598,0.00010336650801327942,-2.1776442541832165e-36,3.483540432700307e-05,-0.25004165790936694
1770707024.9258823,1.2044322564339636,0.0,0.020000000000000007,1.23,0.0,0.1,0.25,-0.03735048100539598,0.00010336650801327942,-1.8459740558714178e-36,-0.00010756363246971206,-0.25011970497392116
1770707025.338541,1.2044322564339636,0.0,0.020000000000000007,1.23,0.0,0.1,0.25,-0.03735048100539598,0.00010336650801327942,-1.4322002822005971e-36,-0.00015988996419503672,-0.25013686086927667
1770707025.7599802,1.2044322564339636,0.0,0.020000000000000007,1.23,0.0,0.1,0.25,-0.03735048100539598,0.00010336650801327942,-1.1117398975096087e-36,-8.143843718861778e-05,-0.2501002476253016
1770707026.1818953,1.2044322564339636,0.0,0.020000000000000007,1.23,0.0,0.1,0.25,-0.03735048100539598,0.00010336650801327942,-7.3951160048622605e-37,-0.00010157190297745227,-0.2501044825520743
1770707026.5980883,1.2044322564339636,0.0,0.020000000000000007,1.23,0.0,0.1,0.25,-0.03735048100539598,0.00010336650801327942,-5.735006751278658e-37,-0.00010323426980644457,-0.2501034666255928
1770707027.0204742,1.2044322564339636,0.0,0.020000000000000007,1.23,0.0,0.1,0.25,-0.03735048100539598,0.00010336650801327942,-4.441450730640269e-37,-9.415019844510391e-05,-0.2500996667603653
1770707027.4325604,1.2044322564339636,0.0,0.020000000000000007,1.23,0.0,0.1,0.25,-0.03735048100539598,0.00010336650801327942,-3.3613939780395173e-37,-3.517121058510085e-05,-0.2500751667580852
1770707027.8433735,1.2044322564339636,0.0,0.020000000000000007,1.23,0.0,0.1,0.25,-0.03735048100539598,0.00010336650801327942,-2.7654556739564885e-37,-9.602874360380961e-05,-0.2501057833791104
1770707028.2546062,1.2044322564339636,0.0,0.020000000000000007,1.23,0.0,0.1,0.25,-0.03735048100539598,0.00010336650801327942,-2.021905962038179e-37,2.6134415107923035e-05,-0.25005083236232384
1770707028.6638243,1.2044322564339636,0.0,0.020000000000000007,1.23,0.0,0.1,0.25,-0.03735048100539598,0.00010336650801327942,-1.7552850728071358e-37,2.767297674299268e-05,-0.25003800062179865
1770707029.0824974,1.2044322564339636,0.0,0.020000000000000007,1.23,0.0,0.1,0.25,-0.03735048100539598,0.00010336650801327942,-1.1707971086754886e-37,7.673819069735414e-05,-0.2500182206800534
1770707029.4971023,1.2044322564339636,0.0,0.020000000000000007,1.23,0.0,0.1,0.25,-0.03735048100539598,0.00010336650801327942,-8.974954719146892e-38,5.1838981181618607e-05,-0.25002825368436743
1770707029.926877,1.2044322564339636,0.0,0.020000000000000007,1.23,0.0,0.1,0.25,-0.03735048100539598,0.00010336650801327942,-7.713373964695417e-38,0.00011869138980218353,-0.2500143476817565
1770707030.343883,1.2044322564339636,0.0,0.020000000000000007,1.23,0.0,0.1,0.25,-0.03735048100539598,0.00010336650801327942,-5.591061940471014e-38,0.00018646796772126911,-0.2500483283876459
1770707030.7683601,1.2044322564339636,0.0,0.020000000000000007,1.23,0.0,0.1,0.25,-0.03735048100539598,0.00010336650801327942,-4.636632405024086e-38,5.078627503961017e-05,-0.25003985828575503
1770707031.1852372,1.2044322564339636,0.0,0.020000000000000007,1.23,0.0,0.1,0.25,-0.03735048100539598,0.00010336650801327942,-3.0422362465873246e-38,1.901295158212512e-05,-0.2500453541105613
1770707031.608249,1.2044322564339636,0.0,0.020000000000000007,1.23,0.0,0.1,0.25,-0.03735048100539598,0.00010336650801327942,-2.391910866914386e-38,-6.820771650251797e-05,-0.25009450917906634
1770707032.024405,1.2044322564339636,0.0,0.020000000000000007,1.23,0.0,0.1,0.25,-0.03735048100539598,0.00010336650801327942,-2.0224676737063413e-38,-0.0001045943589446071,-0.2501076190977231
1770707032.4367485,1.2044322564339636,0.0,0.020000000000000007,1.23,0.0,0.1,0.25,-0.03735048100539598,0.00010336650801327942,-1.5754912362288885e-38,-0.0001460360046631016,-0.25012884542091
1770707032.8516793,1.2044322564339636,0.0,0.020000000000000007,1.23,0.0,0.1,0.25,-0.03735048100539598,0.00010336650801327942,-1.223847200194249e-38,1.0140336188436137e-05,-0.25006223071999756
1770707033.2704847,1.2044322564339636,0.0,0.020000000000000007,1.23,0.0,0.1,0.25,-0.03735048100539598,0.00010336650801327942,-8.112712201089336e-39,-7.583581682460642e-05,-0.25009819877772027
1770707033.6861603,1.2044322564339636,0.0,0.020000000000000007,1.23,0.0,0.1,0.25,-0.03735048100539598,0.00010336650801327942,-6.300959574155568e-39,-8.856356778267627e-05,-0.2500972378129938
1770707034.1018796,1.2044322564339636,0.0,0.020000000000000007,1.23,0.0,0.1,0.25,-0.03735048100539598,0.00010336650801327942,-4.8632721074839075e-39,-8.620214186702205e-05,-0.25009502046753174
1770707034.5142052,1.2044322564339636,0.0,0.020000000000000007,1.23,0.0,0.1,0.25,-0.03735048100539598,0.00010336650801327942,-3.825081061477257e-39,7.038630158189852e-05,-0.2500321489475606
1770707034.9308753,1.2044322564339636,0.0,0.020000000000000007,1.23,0.0,0.1,0.25,-0.03735048100539598,0.00010336650801327942,-3.2552303723032905e-39,9.218437236952528e-05,-0.25000777087490067
1770707035.3478823,1.2044322564339636,0.0,0.020000000000000007,1.23,0.0,0.1,0.25,-0.03735048100539598,0.00010336650801327942,-2.5244751990742254e-39,2.9095089006743743e-05,-0.2500434446378395
1770707035.7601705,1.2044322564339636,0.0,0.020000000000000007,1.23,0.0,0.1,0.25,-0.03735048100539598,0.00010336650801327942,-1.8511640045427556e-39,7.037111472402277e-05,-0.25002062529921637
1770707036.2068892,1.2044322564339636,0.0,0.020000000000000007,1.23,0.0,0.1,0.25,-0.03735048100539598,0.00010336650801327942,-1.281496834586693e-39,5.536598672295937e-06,-0.25005539840627566
1770707036.6319544,1.2044322564339636,0.0,0.020000000000000007,1.23,0.0,0.1,0.25,-0.03735048100539598,0.00010336650801327942,-1.048479556348749e-39,-6.1015293839496894e-05,-0.25008884609017756
1770707037.0459447,1.2044322564339636,0.0,0.020000000000000007,1.23,0.0,0.1,0.25,-0.03735048100539598,0.00010336650801327942,-8.149884208420212e-40,-0.00016476831902322223,-0.2501444427160366
1770707037.4654014,1.2044322564339636,0.0,0.020000000000000007,1.23,0.0,0.1,0.25,-0.03735048100539598,0.00010336650801327942,-6.347412383751393e-40,-7.887497662643355e-06,-0.250071315084974
1770707037.8812153,1.2044322564339636,0.0,0.020000000000000007,1.23,0.0,0.1,0.25,-0.03735048100539598,0.00010336650801327942,-4.4850840895867065e-40,-5.19220646023759e-05,-0.2500820477430018
1770707038.300759,1.2044322564339636,0.0,0.020000000000000007,1.23,0.0,0.1,0.25,-0.03735048100539598,0.00010336650801327942,-3.4784734769014453e-40,-8.066027759892025e-05,-0.2500948872141058
1770707038.7155502,1.2044322564339636,0.0,0.020000000000000007,1.23,0.0,0.1,0.25,-0.03735048100539598,0.00010336650801327942,-2.6263456484290276e-40,2.4394675841993705e-05,-0.25004999141142975
1770707039.1429746,1.2044322564339636,0.0,0.020000000000000007,1.23,0.0,0.1,0.25,-0.03735048100539598,0.00010336650801327942,-2.2833948528064037e-40,0.00021157159362541225,-0.25007282023458444
1770707039.5621755,1.2044322564339636,0.0,0.020000000000000007,1.23,0.0,0.1,0.25,-0.03735048100539598,0.00010336650801327942,-1.6893410831316842e-40,0.00033012431671823367,-0.25012523417666177
1770707039.9807427,1.2044322564339636,0.0,0.020000000000000007,1.23,0.0,0.1,0.25,-0.03735048100539598,0.00010336650801327942,-1.1531800230674296e-40,0.00025342391353230315,-0.2500826987430781
1770707040.395641,1.2044322564339636,0.0,0.020000000000000007,1.23,0.0,0.1,0.25,-0.03735048100539598,0.00010336650801327942,-8.971932463938221e-41,0.0002450806422836612,-0.25007169139426005
1770707040.826532,1.2044322564339636,0.0,0.020000000000000007,1.23,0.0,0.1,0.25,-0.03735048100539598,0.00010336650801327942,-7.419562847370657e-41,0.0001646041128602892,-0.2500386664553658
1770707041.2448325,1.2044322564339636,0.0,0.020000000000000007,1.23,0.0,0.1,0.25,-0.03735048100539598,0.00010336650801327942,-6.089176671959428e-41,8.517946894608158e-05,-0.250017035983925
1770707041.65485,1.2044322564339636,0.0,0.020000000000000007,1.23,0.0,0.1,0.25,-0.03735048100539598,0.00010336650801327942,-4.721117591678634e-41,-2.7054446823820706e-05,-0.25007643386899553
1770707042.0668814,1.2044322564339636,0.0,0.020000000000000007,1.23,0.0,0.1,0.25,-0.03735048100539598,0.00010336650801327942,-3.4656145640088456e-41,-7.894561182366038e-05,-0.2500963451764185
1770707042.4916406,1.2044322564339636,0.0,0.020000000000000007,1.23,0.0,0.1,0.25,-0.03735048100539598,0.00010336650801327942,-2.443412006460134e-41,-7.737798325712821e-05,-0.2500905290084918
1770707042.9029646,1.2044322564339636,0.0,0.020000000000000007,1.23,0.0,0.1,0.25,-0.03735048100539598,0.00010336650801327942,-1.8384761919784417e-41,-0.0001049445244774277,-0.2501069121703674
1770707043.3492634,1.2044322564339636,0.0,0.020000000000000007,1.23,0.0,0.1,0.25,-0.03735048100539598,0.00010336650801327942,-1.5323565709031881e-41,-0.00013084096759212894,-0.2501196933821142
1770707043.7664282,1.2044322564339636,0.0,0.020000000000000007,1.23,0.0,0.1,0.25,-0.03735048100539598,0.00010336650801327942,-1.1926677088813203e-41,-0.00010224254893091402,-0.2501056643703382
1770707044.1915083,1.2044322564339636,0.0,0.020000000000000007,1.23,0.0,0.1,0.25,-0.03735048100539598,0.00010336650801327942,-8.069143286062546e-42,6.321842415952821e-05,-0.25003662013923594
1770707044.603297,1.2044322564339636,0.0,0.020000000000000007,1.23,0.0,0.1,0.25,-0.03735048100539598,0.00010336650801327942,-6.262544233545627e-42,9.64752934406384e-05,-0.25000677129421445
1770707045.0194592,1.2044322564339636,0.0,0.020000000000000007,1.23,0.0,0.1,0.25,-0.03735048100539598,0.00010336650801327942,-4.858918286456104e-42,0.00015023585548549912,-0.2500288107299406
1770707045.4526386,1.2044322564339636,0.0,0.020000000000000007,1.23,0.0,0.1,0.25,-0.03735048100539598,0.00010336650801327942,-4.074228879655731e-42,0.00019368412073688282,-0.2500495036328869
1770707045.875707,1.2044322564339636,0.0,0.020000000000000007,1.23,0.0,0.1,0.25,-0.03735048100539598,0.00010336650801327942,-2.7486952213307928e-42,0.00013175169081172496,-0.25002038583439173
1770707046.2884834,1.2044322564339636,0.0,0.020000000000000007,1.23,0.0,0.1,0.25,-0.03735048100539598,0.00010336650801327942,-2.1328850071742102e-42,0.00017598566828284264,-0.2500407329778819
1770707046.701217,1.2044322564339636,0.0,0.020000000000000007,1.23,0.0,0.1,0.25,-0.03735048100539598,0.00010336650801327942,-1.634612532212695e-42,-1.374914315027271e-05,-0.2500775313067251
1770707047.1264684,1.2044322564339636,0.0,0.020000000000000007,1.23,0.0,0.1,0.25,-0.03735048100539598,0.00010336650801327942,-1.3851901347396495e-42,-5.0991404955604294e-05,-0.250080903182665
1770707047.5444064,1.2044322564339636,0.0,0.020000000000000007,1.23,0.0,0.1,0.25,-0.03735048100539598,0.00010336650801327942,-1.1366471905513805e-42,-8.552460897957151e-05,-0.25009789887889883
1770707047.9617221,1.2044322564339636,0.0,0.020000000000000007,1.23,0.0,0.1,0.25,-0.03735048100539598,0.00010336650801327942,-8.28887853598049e-43,-0.00016076288109148344,-0.2501395885217636
1770707048.3803947,1.2044322564339636,0.0,0.020000000000000007,1.23,0.0,0.1,0.25,-0.03735048100539598,0.00010336650801327942,-5.640827678621962e-43,-0.00015231852025946883,-0.2501286869502196
1770707048.7952578,1.2044322564339636,0.0,0.020000000000000007,1.23,0.0,0.1,0.25,-0.03735048100539598,0.00010336650801327942,-4.376017632679725e-43,-5.084781510857548e-07,-0.250067118497293
1770707049.213461,1.2044322564339636,0.0,0.020000000000000007,1.23,0.0,0.1,0.25,-0.03735048100539598,0.00010336650801327942,-3.3765730021466733e-43,-1.548456790410323e-05,-0.25006092314693396
1770707049.6370113,1.2044322564339636,0.0,0.020000000000000007,1.23,0.0,0.1,0.25,-0.03735048100539598,0.00010336650801327942,-2.8427392524110715e-43,-2.6948514207568263e-05,-0.25006630390574075
1770707050.0543246,1.2044322564339636,0.0,0.020000000000000007,1.23,0.0,0.1,0.25,-0.03735048100539598,0.00010336650801327942,-2.198780377087693e-43,8.608604974333102e-05,-0.2500199436855301
1770707050.480666,1.2044322564339636,0.0,0.020000000000000007,1.23,0.0,0.1,0.25,-0.03735048100539598,0.00010336650801327942,-1.4913859365184185e-43,0.0001773575549352005,-0.2500461226739802
1770707050.8902068,1.2044322564339636,0.0,0.020000000000000007,1.23,0.0,0.1,0.25,-0.03735048100539598,0.00010336650801327942,-1.1570442386766692e-43,0.00026200098889322325,-0.25008778158383577
1770707051.3095596,1.2044322564339636,0.0,0.020000000000000007,1.23,0.0,0.1,0.25,-0.03735048100539598,0.00010336650801327942,-8.983154405260677e-44,0.00019450011970481858,-0.25005231689276464
1770707051.728032,1.2044322564339636,0.0,0.020000000000000007,1.23,0.0,0.1,0.25,-0.03735048100539598,0.00010336650801327942,-7.520189758348238e-44,0.00015758109503551232,-0.25003079919597804
1770707052.1424587,1.2044322564339636,0.0,0.020000000000000007,1.23,0.0,0.1,0.25,-0.03735048100539598,0.00010336650801327942,-5.804971899779564e-44,6.976932773983426e-05,-0.2500255797668663
1770707052.5578673,1.2044322564339636,0.0,0.020000000000000007,1.23,0.0,0.1,0.25,-0.03735048100539598,0.00010336650801327942,-4.530019099179927e-44,5.7175430962831306e-05,-0.2500243549282029
1770707052.9977775,1.2044322564339636,0.0,0.020000000000000007,1.23,0.0,0.1,0.25,-0.03735048100539598,0.00010336650801327942,-3.055145604766907e-44,-8.189156731651974e-05,-0.2501065357374928
1770707053.4236836,1.2044322564339636,0.0,0.020000000000000007,1.23,0.0,0.1,0.25,-0.03735048100539598,0.00010336650801327942,-2.562332987147156e-44,-0.00012677779014179217,-0.25011956077136005
1770707053.8415756,1.2044322564339636,0.0,0.020000000000000007,1.23,0.0,0.1,0.25,-0.03735048100539598,0.00010336650801327942,-1.98815976038213e-44,-9.427085782163671e-05,-0.2501020693761495
1770707054.2673929,1.2044322564339636,0.0,0.020000000000000007,1.23,0.0,0.1,0.25,-0.03735048100539598,0.00010336650801327942,-1.5450373992307606e-44,-0.00015179402114606617,-0.2501333325809121
1770707054.6946633,1.2044322564339636,0.0,0.020000000000000007,1.23,0.0,0.1,0.25,-0.03735048100539598,0.00010336650801327942,-1.01719192394272e-44,-5.907334020446034e-05,-0.250090491992203
1770707055.118721,1.2044322564339636,0.0,0.020000000000000007,1.23,0.0,0.1,0.25,-0.03735048100539598,0.00010336650801327942,-8.090767215670316e-45,4.71442909478663e-05,-0.2500387328716479
1770707055.5416296,1.2044322564339636,0.0,0.020000000000000007,1.23,0.0,0.1,0.25,-0.03735048100539598,0.00010336650801327942,-6.72920619787819e-45,9.495828379399771e-05,-0.2500089855113943
1770707055.955386,1.2044322564339636,0.0,0.020000000000000007,1.23,0.0,0.1,0.25,-0.03735048100539598,0.00010336650801327942,-5.24569434304433e-45,0.00013497590964229743,-0.25001980646339933
1770707056.385595,1.2044322564339636,0.0,0.020000000000000007,1.23,0.0,0.1,0.25,-0.03735048100539598,0.00010336650801327942,-3.5428646176396434e-45,0.00012624995779021207,-0.2500123143200737
1770707056.8121543,1.2044322564339636,0.0,0.020000000000000007,1.23,0.0,0.1,0.25,-0.03735048100539598,0.00010336650801327942,-2.74892870377604e-45,4.870925897791752e-05,-0.25003508269439895
1770707057.2551265,1.2044322564339636,0.0,0.020000000000000007,1.23,0.0,0.1,0.25,-0.03735048100539598,0.00010336650801327942,-2.3037970486026336e-45,4.196402443610541e-06,-0.25005403633843826
1770707057.679545,1.2044322564339636,0.0,0.020000000000000007,1.23,0.0,0.1,0.25,-0.03735048100539598,0.00010336650801327942,-1.5411693342462954e-45,-4.000321614318672e-05,-0.25007610482393694
1770707058.0932806,1.2044322564339636,0.0,0.020000000000000007,1.23,0.0,0.1,0.25,-0.03735048100539598,0.00010336650801327942,-1.2092078502257276e-45,-5.635669965614492e-05,-0.250081496952186
1770707058.5049553,1.2044322564339636,0.0,0.020000000000000007,1.23,0.0,0.1,0.25,-0.03735048100539598,0.00010336650801327942,-9.385442589709045e-46,-0.00023069942903454355,-0.25018446724146176
1770707058.9246252,1.2044322564339636,0.0,0.020000000000000007,1.23,0.0,0.1,0.25,-0.03735048100539598,0.00010336650801327942,-7.783830804564844e-46,-0.00023616588979576795,-0.25017031284498065
1770707059.3434849,1.2044322564339636,0.0,0.020000000000000007,1.23,0.0,0.1,0.25,-0.03735048100539598,0.00010336650801327942,-6.1030749169050566e-46,-0.0001552663581842153,-0.2501374063862599
1770707059.7584007,1.2044322564339636,0.0,0.020000000000000007,1.23,0.0,0.1,0.25,-0.03735048100539598,0.00010336650801327942,-4.654038513429957e-46,-0.0001285829247823518,-0.25011864305973797
1770707060.178837,1.2044322564339636,0.0,0.020000000000000007,1.23,0.0,0.1,0.25,-0.03735048100539598,0.00010336650801327942,-3.198641293721708e-46,-0.00010412507202900266,-0.2501061915752965
1770707060.6031227,1.2044322564339636,0.0,0.020000000000000007,1.23,0.0,0.1,0.25,-0.03735048100539598,0.00010336650801327942,-2.482640757973031e-46,-1.92393038848792e-06,-0.25006286533336497
1770707061.0152647,1.2044322564339636,0.0,0.020000000000000007,1.23,0.0,0.1,0.25,-0.03735048100539598,0.00010336650801327942,-1.926933714590317e-46,5.822862124183275e-05,-0.25002858419854873
1770707061.4290104,1.2044322564339636,0.0,0.020000000000000007,1.23,0.0,0.1,0.25,-0.03735048100539598,0.00010336650801327942,-1.5294509627229825e-46,6.320683245851853e-05,-0.250020577658899
1770707061.851351,1.2044322564339636,0.0,0.020000000000000007,1.23,0.0,0.1,0.25,-0.03735048100539598,0.00010336650801327942,-1.2621569897366197e-46,2.8075044270579557e-05,-0.2500411589106902
1770707062.2631907,1.2044322564339636,0.0,0.020000000000000007,1.23,0.0,0.1,0.25,-0.03735048100539598,0.00010336650801327942,-9.79766033464493e-47,8.896931086017309e-05,-0.25001328802523554
1770707062.6757088,1.2044322564339636,0.0,0.020000000000000007,1.23,0.0,0.1,0.25,-0.03735048100539598,0.00010336650801327942,-6.566746572245353e-47,-4.371958213221597e-05,-0.250086811934372
1770707063.0930743,1.2044322564339636,0.0,0.020000000000000007,1.23,0.0,0.1,0.25,-0.03735048100539598,0.00010336650801327942,-5.081145378170983e-47,-0.00010022256630831824,-0.2501074448355784
1770707063.5175354,1.2044322564339636,0.0,0.020000000000000007,1.23,0.0,0.1,0.25,-0.03735048100539598,0.00010336650801327942,-3.949274709507688e-47,-0.00027796488780602467,-0.2502084399300594
1770707063.9327145,1.2044322564339636,0.0,0.020000000000000007,1.23,0.0,0.1,0.25,-0.03735048100539598,0.00010336650801327942,-3.3354038464678844e-47,-0.00024350618500800875,-0.2501768822167904
1770707064.3517005,1.2044322564339636,0.0,0.020000000000000007,1.23,0.0,0.1,0.25,-0.03735048100539598,0.00010336650801327942,-2.5875466660232305e-47,-0.00023573180454501905,-0.2501703265943254
1770707064.7712595,1.2044322564339636,0.0,0.020000000000000007,1.23,0.0,0.1,0.25,-0.03735048100539598,0.00010336650801327942,-2.0091351694816845e-47,-0.00022472682194292135,-0.2501651471632383
1770707065.1975553,1.2044322564339636,0.0,0.020000000000000007,1.23,0.0,0.1,0.25,-0.03735048100539598,0.00010336650801327942,-1.3454579239163643e-47,-0.00014260034109385005,-0.2501311960726385
1770707065.6162724,1.2044322564339636,0.0,0.020000000000000007,1.23,0.0,0.1,0.25,-0.03735048100539598,0.00010336650801327942,-1.044663470934504e-47,-0.00012994538033727485,-0.2501179214402509
1770707066.0328667,1.2044322564339636,0.0,0.020000000000000007,1.23,0.0,0.1,0.25,-0.03735048100539598,0.00010336650801327942,-8.818406936081568e-48,-0.00012646431287205944,-0.2501152635171892
1770707066.4497235,1.2044322564339636,0.0,0.020000000000000007,1.23,0.0,0.1,0.25,-0.03735048100539598,0.00010336650801327942,-6.844882412780916e-48,-2.6237036091063345e-05,-0.25007482449973023
1770707066.8634715,1.2044322564339636,0.0,0.020000000000000007,1.23,0.0,0.1,0.25,-0.03735048100539598,0.00010336650801327942,-5.3135538415521163e-48,0.00010007283485820474,-0.25001427782367247
1770707067.2977233,1.2044322564339636,0.0,0.020000000000000007,1.23,0.0,0.1,0.25,-0.03735048100539598,0.00010336650801327942,-3.560669224815614e-48,3.110699579967937e-05,-0.25004302634001263
1770707067.7092166,1.2044322564339636,0.0,0.020000000000000007,1.23,0.0,0.1,0.25,-0.03735048100539598,0.00010336650801327942,-2.7234372508162762e-48,-6.112703081718433e-05,-0.2500914701720769
1770707068.1224785,1.2044322564339636,0.0,0.020000000000000007,1.23,0.0,0.1,0.25,-0.03735048100539598,0.00010336650801327942,-2.315767671800546e-48,7.658260365718664e-05,-0.2500271629156255
1770707068.5431712,1.2044322564339636,0.0,0.020000000000000007,1.23,0.0,0.1,0.25,-0.03735048100539598,0.00010336650801327942,-1.7109245967360428e-48,-1.2470477495309982e-05,-0.25006682380086953
1770707068.9637494,1.2044322564339636,0.0,0.020000000000000007,1.23,0.0,0.1,0.25,-0.03735048100539598,0.00010336650801327942,-1.4007513488017285e-48,-0.00011714010335132754,-0.2501207202682679
1770707069.391412,1.2044322564339636,0.0,0.020000000000000007,1.23,0.0,0.1,0.25,-0.03735048100539598,0.00010336650801327942,-9.364370728748263e-49,-5.9536260171348e-07,-0.2500636354093825
1770707069.810527,1.2044322564339636,0.0,0.020000000000000007,1.23,0.0,0.1,0.25,-0.03735048100539598,0.00010336650801327942,-7.33018420592614e-49,-3.1913939235654086e-05,-0.25007077208128786
1770707070.2409196,1.2044322564339636,0.0,0.020000000000000007,1.23,0.0,0.1,0.25,-0.03735048100539598,0.00010336650801327942,-6.195241078449365e-49,-7.367660749628244e-06,-0.25005782171223007
1770707070.6541321,1.2044322564339636,0.0,0.020000000000000007,1.23,0.0,0.1,0.25,-0.03735048100539598,0.00010336650801327942,-4.816354466275519e-49,9.09138164382037e-05,-0.25001605449350633
1770707071.0663218,1.2044322564339636,0.0,0.020000000000000007,1.23,0.0,0.1,0.25,-0.03735048100539598,0.00010336650801327942,-3.726863677359663e-49,4.562759690230136e-05,-0.2500333980775091
1770707071.4795234,1.2044322564339636,0.0,0.020000000000000007,1.23,0.0,0.1,0.25,-0.03735048100539598,0.00010336650801327942,-2.4898802306402587e-49,5.8764582591337194e-05,-0.2500236146612799
1770707071.889974,1.2044322564339636,0.0,0.020000000000000007,1.23,0.0,0.1,0.25,-0.03735048100539598,0.00010336650801327942,-1.92927187080757e-49,-5.7089997971085065e-06,-0.25006098511214403
1770707072.3079617,1.2044322564339636,0.0,0.020000000000000007,1.23,0.0,0.1,0.25,-0.03735048100539598,0.00010336650801327942,-1.5001027694920671e-49,1.475737833496172e-05,-0.2500463512026524
1770707072.7310016,1.2044322564339636,0.0,0.020000000000000007,1.23,0.0,0.1,0.25,-0.03735048100539598,0.00010336650801327942,-1.283830974409161e-49,-3.2530851143915556e-05,-0.2500726775025265
1770707073.166486,1.2044322564339636,0.0,0.020000000000000007,1.23,0.0,0.1,0.25,-0.03735048100539598,0.00010336650801327942,-9.967302532140381e-50,-0.0001030245784500506,-0.2501102449159623
1770707073.5865455,1.2044322564339636,0.0,0.020000000000000007,1.23,0.0,0.1,0.25,-0.03735048100539598,0.00010336650801327942,-6.61038333930601e-50,-4.595308544227996e-05,-0.25008036694602853
1770707074.01065,1.2044322564339636,0.0,0.020000000000000007,1.23,0.0,0.1,0.25,-0.03735048100539598,0.00010336650801327942,-5.135977810796361e-50,-5.861851876375384e-05,-0.25008225905672066
1770707074.4298203,1.2044322564339636,0.0,0.020000000000000007,1.23,0.0,0.1,0.25,-0.03735048100539598,0.00010336650801327942,-4.368925883679843e-50,-5.964687019222574e-05,-0.2500816095242456
1770707074.8456898,1.2044322564339636,0.0,0.020000000000000007,1.23,0.0,0.1,0.25,-0.03735048100539598,0.00010336650801327942,-3.395398319240762e-50,-0.00012571485206515506,-0.25012114747822656
1770707075.2650046,1.2044322564339636,0.0,0.020000000000000007,1.23,0.0,0.1,0.25,-0.03735048100539598,0.00010336650801327942,-2.4892221224358728e-50,-2.630136523239467e-05,-0.2500747752853061
1770707075.6808946,1.2044322564339636,0.0,0.020000000000000007,1.23,0.0,0.1,0.25,-0.03735048100539598,0.00010336650801327942,-1.7509240337180886e-50,4.754163034473328e-06,-0.25005241172531606
1770707076.1006205,1.2044322564339636,0.0,0.020000000000000007,1.23,0.0,0.1,0.25,-0.03735048100539598,0.00010336650801327942,-1.350939273617977e-50,7.070024558905008e-05,-0.2500229277394676
1770707076.5153718,1.2044322564339636,0.0,0.020000000000000007,1.23,0.0,0.1,0.25,-0.03735048100539598,0.00010336650801327942,-1.048609439777423e-50,0.00015534381255476645,-0.2500344530089673
1770707076.9325988,1.2044322564339636,0.0,0.020000000000000007,1.23,0.0,0.1,0.25,-0.03735048100539598,0.00010336650801327942,-8.485054685734406e-51,0.0003676716772871651,-0.2501533853711102
1770707077.350652,1.2044322564339636,0.0,0.020000000000000007,1.23,0.0,0.1,0.25,-0.03735048100539598,0.00010336650801327942,-6.939223943970266e-51,0.0003213630764241308,-0.2501136291442917
1770707077.764681,1.2044322564339636,0.0,0.020000000000000007,1.23,0.0,0.1,0.25,-0.03735048100539598,0.00010336650801327942,-5.411283567974972e-51,0.0002110486538853893,-0.25006487251518994
1770707078.1786413,1.2044322564339636,0.0,0.020000000000000007,1.23,0.0,0.1,0.25,-0.03735048100539598,0.00010336650801327942,-3.586427837604725e-51,0.0001635786914651467,-0.25003485308796797
1770707078.5922694,1.2044322564339636,0.0,0.020000000000000007,1.23,0.0,0.1,0.25,-0.03735048100539598,0.00010336650801327942,-2.7956722103688323e-51,2.975632941973629e-05,-0.2500501873255013
1770707079.0108356,1.2044322564339636,0.0,0.020000000000000007,1.23,0.0,0.1,0.25,-0.03735048100539598,0.00010336650801327942,-2.169425725837024e-51,-5.72747272451615e-05,-0.2500890237232957
1770707079.426726,1.2044322564339636,0.0,0.020000000000000007,1.23,0.0,0.1,0.25,-0.03735048100539598,0.00010336650801327942,-1.682010223657422e-51,-8.359835186898288e-05,-0.2500961147924035
1770707079.8419695,1.2044322564339636,0.0,0.020000000000000007,1.23,0.0,0.1,0.25,-0.03735048100539598,0.00010336650801327942,-1.4313739321932573e-51,9.962809351906198e-06,-0.25005605796545277
1770707080.2644393,1.2044322564339636,0.0,0.020000000000000007,1.23,0.0,0.1,0.25,-0.03735048100539598,0.00010336650801327942,-1.1087414594544662e-51,5.062578153805286e-05,-0.2500304366604562
1770707080.6792731,1.2044322564339636,0.0,0.020000000000000007,1.23,0.0,0.1,0.25,-0.03735048100539598,0.00010336650801327942,-7.373360694818489e-52,-2.1463359555042587e-05,-0.2500696238478935
1770707081.1012907,1.2044322564339636,0.0,0.020000000000000007,1.23,0.0,0.1,0.25,-0.03735048100539598,0.00010336650801327942,-5.728833113334227e-52,5.399890455681833e-05,-0.2500322300281394
1770707081.5166848,1.2044322564339636,0.0,0.020000000000000007,1.23,0.0,0.1,0.25,-0.03735048100539598,0.00010336650801327942,-4.402641608490471e-52,5.731974895362714e-05,-0.2500233554639695
1770707081.9336529,1.2044322564339636,0.0,0.020000000000000007,1.23,0.0,0.1,0.25,-0.03735048100539598,0.00010336650801327942,-3.422911306629689e-52,7.912304098402216e-05,-0.25001430206271763
1770707082.356473,1.2044322564339636,0.0,0.020000000000000007,1.23,0.0,0.1,0.25,-0.03735048100539598,0.00010336650801327942,-2.9338776394761375e-52,-2.7698357619568146e-05,-0.2500762145726768
1770707082.765766,1.2044322564339636,0.0,0.020000000000000007,1.23,0.0,0.1,0.25,-0.03735048100539598,0.00010336650801327942,-2.2778535213420192e-52,5.1919839564533904e-05,-0.25003368515394275
1770707083.200569,1.2044322564339636,0.0,0.020000000000000007,1.23,0.0,0.1,0.25,-0.03735048100539598,0.00010336650801327942,-1.5149157723181151e-52,2.2877009656503056e-05,-0.25004314903216923
1770707083.642502,1.2044322564339636,0.0,0.020000000000000007,1.23,0.0,0.1,0.25,-0.03735048100539598,0.00010336650801327942,-1.2886538715548831e-52,6.948303390987165e-05,-0.250021602339477
1770707084.0578425,1.2044322564339636,0.0,0.020000000000000007,1.23,0.0,0.1,0.25,-0.03735048100539598,0.00010336650801327942,-9.99936425292886e-53,-1.3664514669471442e-05,-0.2500668302661993
1770707084.4713838,1.2044322564339636,0.0,0.020000000000000007,1.23,0.0,0.1,0.25,-0.03735048100539598,0.00010336650801327942,-6.565078856293266e-53,-7.94271404644302e-05,-0.25009797308681836
1770707084.8893058,1.2044322564339636,0.0,0.020000000000000007,1.23,0.0,0.1,0.25,-0.03735048100539598,0.00010336650801327942,-5.15097364853952e-53,-0.000105951032446868,-0.2501073111594283
1770707085.339519,1.2044322564339636,0.0,0.020000000000000007,1.23,0.0,0.1,0.25,-0.03735048100539598,0.00010336650801327942,-4.369264087741754e-53,-0.000227948717313356,-0.25017785738114995
1770707085.750881,1.2044322564339636,0.0,0.020000000000000007,1.23,0.0,0.1,0.25,-0.03735048100539598,0.00010336650801327942,-3.3997712825112716e-53,-0.00014821286020617877,-0.25013376326982045
1770707086.1695743,1.2044322564339636,0.0,0.020000000000000007,1.23,0.0,0.1,0.25,-0.03735048100539598,0.00010336650801327942,-2.6433704046831017e-53,-4.841324585602814e-05,-0.25008586983836967
1770707086.5874934,1.2044322564339636,0.0,0.020000000000000007,1.23,0.0,0.1,0.25,-0.03735048100539598,0.00010336650801327942,-1.745423770215467e-53,-7.225991797480252e-05,-0.2500901978802059
1770707087.0027883,1.2044322564339636,0.0,0.020000000000000007,1.23,0.0,0.1,0.25,-0.03735048100539598,0.00010336650801327942,-1.3648431538823118e-53,7.533680129732633e-05,-0.2500287745252852
1770707087.419472,1.2044322564339636,0.0,0.020000000000000007,1.23,0.0,0.1,0.25,-0.03735048100539598,0.00010336650801327942,-1.059727472692205e-53,0.00016833001347798062,-0.2500417810739504
1770707087.8416653,1.2044322564339636,0.0,0.020000000000000007,1.23,0.0,0.1,0.25,-0.03735048100539598,0.00010336650801327942,-8.51804892211007e-54,0.0001663014263791099,-0.2500316703178928
1770707088.2565758,1.2044322564339636,0.0,0.020000000000000007,1.23,0.0,0.1,0.25,-0.03735048100539598,0.00010336650801327942,-7.018594442213915e-54,4.874104841008104e-06,-0.25006538893374
1770707088.6715446,1.2044322564339636,0.0,0.020000000000000007,1.23,0.0,0.1,0.25,-0.03735048100539598,0.00010336650801327942,-4.610323030735075e-54,9.085743470939533e-05,-0.25001485286963876
1770707089.0926323,1.2044322564339636,0.0,0.020000000000000007,1.23,0.0,0.1,0.25,-0.03735048100539598,0.00010336650801327942,-3.611968982810779e-54,-0.00012283910245280272,-0.25013447245894926
1770707089.5273962,1.2044322564339636,0.0,0.020000000000000007,1.23,0.0,0.1,0.25,-0.03735048100539598,0.00010336650801327942,-3.0932464867307604e-54,-9.856534655919217e-05,-0.2501033933028756
1770707089.9524043,1.2044322564339636,0.0,0.020000000000000007,1.23,0.0,0.1,0.25,-0.03735048100539598,0.00010336650801327942,-2.3986918260125782e-54,-0.00011617314499268534,-0.25011153060634633
1770707090.3665056,1.2044322564339636,0.0,0.020000000000000007,1.23,0.0,0.1,0.25,-0.03735048100539598,0.00010336650801327942,-1.864454045666061e-54,-0.00010458296230862518,-0.25010513375342935
1770707090.7917886,1.2044322564339636,0.0,0.020000000000000007,1.23,0.0,0.1,0.25,-0.03735048100539598,0.00010336650801327942,-1.2235083962348385e-54,-0.00019028446658930607,-0.2501553956377293
1770707091.2022197,1.2044322564339636,0.0,0.020000000000000007,1.23,0.0,0.1,0.25,-0.03735048100539598,0.00010336650801327942,-9.637370223818717e-55,-0.00010302881240951758,-0.25011192322562936
1770707091.6131654,1.2044322564339636,0.0,0.020000000000000007,1.23,0.0,0.1,0.25,-0.03735048100539598,0.00010336650801327942,-7.478177892586705e-55,-1.5579679678328977e-05,-0.2500682180071189
1770707092.0312748,1.2044322564339636,0.0,0.020000000000000007,1.23,0.0,0.1,0.25,-0.03735048100539598,0.00010336650801327942,-6.026206769332353e-55,-2.713558586496582e-05,-0.25006640663755775
1770707092.4462497,1.2044322564339636,0.0,0.020000000000000007,1.23,0.0,0.1,0.25,-0.03735048100539598,0.00010336650801327942,-4.691271619973389e-55,3.174205490163432e-05,-0.25004169999063247
1770707092.866876,1.2044322564339636,0.0,0.020000000000000007,1.23,0.0,0.1,0.25,-0.03735048100539598,0.00010336650801327942,-3.852853395517138e-55,9.730474614888396e-05,-0.2500095871500569
1770707093.2855687,1.2044322564339636,0.0,0.020000000000000007,1.23,0.0,0.1,0.25,-0.03735048100539598,0.00010336650801327942,-2.5724347618520496e-55,0.00021160390652317498,-0.25006554861529234
1770707093.6995318,1.2044322564339636,0.0,0.020000000000000007,1.23,0.0,0.1,0.25,-0.03735048100539598,0.00010336650801327942,-2.3909208197810624e-55,0.0001555924485055124,-0.2500317141160479
1770707094.1325784,1.2044322564339636,0.0,0.020000000000000007,1.23,0.0,0.1,0.25,-0.03735048100539598,0.00010336650801327942,-1.6808502070764176e-55,9.585525637386842e-05,-0.2500097293450329
1770707094.559893,1.2044322564339636,0.0,0.020000000000000007,1.23,0.0,0.1,0.25,-0.03735048100539598,0.00010336650801327942,-1.3161754988077101e-55,7.959818331576438e-05,-0.2500135098696546
1770707094.9741216,1.2044322564339636,0.0,0.020000000000000007,1.23,0.0,0.1,0.25,-0.03735048100539598,0.00010336650801327942,-8.789882156034453e-56,4.2171871098657305e-05,-0.25003433994967905
1770707095.4107218,1.2044322564339636,0.0,0.020000000000000007,1.23,0.0,0.1,0.25,-0.03735048100539598,0.00010336650801327942,-6.8386643406583e-56,-6.000023227569267e-05,-0.2500919005804819
1770707095.8311355,1.2044322564339636,0.0,0.020000000000000007,1.23,0.0,0.1,0.25,-0.03735048100539598,0.00010336650801327942,-5.811542471991776e-56,-0.00015918717488327668,-0.250141195535709
1770707096.2520802,1.2044322564339636,0.0,0.020000000000000007,1.23,0.0,0.1,0.25,-0.03735048100539598,0.00010336650801327942,-4.2788868213582805e-56,-0.00016918712966639606,-0.25013727681431813
1770707096.6764464,1.2044322564339636,0.0,0.020000000000000007,1.23,0.0,0.1,0.25,-0.03735048100539598,0.00010336650801327942,-2.9031180574302456e-56,-8.48512772127502e-05,-0.2501025424778584
1770707097.0989316,1.2044322564339636,0.0,0.020000000000000007,1.23,0.0,0.1,0.25,-0.03735048100539598,0.00010336650801327942,-2.2267957075238586e-56,9.600566633099324e-06,-0.25005632815507467
1770707097.5121837,1.2044322564339636,0.0,0.020000000000000007,1.23,0.0,0.1,0.25,-0.03735048100539598,0.00010336650801327942,-1.8219979852032448e-56,1.4886579581584351e-05,-0.2500447685655107
1770707097.9313908,1.2044322564339636,0.0,0.020000000000000007,1.23,0.0,0.1,0.25,-0.03735048100539598,0.00010336650801327942,-1.5402651114465134e-56,0.0001240077766434958,-0.25002123275402127
1770707098.3555434,1.2044322564339636,0.0,0.020000000000000007,1.23,0.0,0.1,0.25,-0.03735048100539598,0.00010336650801327942,-1.1983677489056622e-56,0.00018145776376623572,-0.25004479062658874
1770707098.7680447,1.2044322564339636,0.0,0.020000000000000007,1.23,0.0,0.1,0.25,-0.03735048100539598,0.00010336650801327942,-8.783697187115793e-57,0.00020401065491653492,-0.25005257736256664
1770707099.1822948,1.2044322564339636,0.0,0.020000000000000007,1.23,0.0,0.1,0.25,-0.03735048100539598,0.00010336650801327942,-6.196960267470919e-57,9.309844097501887e-05,-0.2500162252549133
1770707099.6043985,1.2044322564339636,0.0,0.020000000000000007,1.23,0.0,0.1,0.25,-0.03735048100539598,0.00010336650801327942,-4.6154517237941884e-57,-1.6706934478700583e-05,-0.2500710172587914
1770707100.028213,1.2044322564339636,0.0,0.020000000000000007,1.23,0.0,0.1,0.25,-0.03735048100539598,0.00010336650801327942,-3.853742919322464e-57,-2.8559814680612754e-05,-0.2500671484493671
1770707100.4452856,1.2044322564339636,0.0,0.020000000000000007,1.23,0.0,0.1,0.25,-0.03735048100539598,0.00010336650801327942,-2.99251426945429e-57,-8.883828379286856e-05,-0.2501021302428143
1770707100.8545122,1.2044322564339636,0.0,0.020000000000000007,1.23,0.0,0.1,0.25,-0.03735048100539598,0.00010336650801327942,-2.4533882327265692e-57,-0.00016125154037711315,-0.25013955034985363
1770707101.265963,1.2044322564339636,0.0,0.020000000000000007,1.23,0.0,0.1,0.25,-0.03735048100539598,0.00010336650801327942,-1.7000489344712716e-57,-0.00012577371361175376,-0.25011811789348903
1770707101.679749,1.2044322564339636,0.0,0.020000000000000007,1.23,0.0,0.1,0.25,-0.03735048100539598,0.00010336650801327942,-1.2232687358353315e-57,3.3337849287398284e-05,-0.25005092548565283
1770707102.0985577,1.2044322564339636,0.0,0.020000000000000007,1.23,0.0,0.1,0.25,-0.03735048100539598,0.00010336650801327942,-9.484387262571643e-58,1.6469861785332733e-05,-0.2500451351218642
1770707102.5272534,1.2044322564339636,0.0,0.020000000000000007,1.23,0.0,0.1,0.25,-0.03735048100539598,0.00010336650801327942,-8.363302652753372e-58,3.0007702522597427e-05,-0.25003803318681905
1770707102.9373374,1.2044322564339636,0.0,0.020000000000000007,1.23,0.0,0.1,0.25,-0.03735048100539598,0.00010336650801327942,-6.124758136161602e-58,2.600023151437986e-05,-0.2500390838853503
1770707103.3573182,1.2044322564339636,0.0,0.020000000000000007,1.23,0.0,0.1,0.25,-0.03735048100539598,0.00010336650801327942,-4.766845057334771e-58,3.132643291001784e-05,-0.2500365526576912
1770707103.7808096,1.2044322564339636,0.0,0.020000000000000007,1.23,0.0,0.1,0.25,-0.03735048100539598,0.00010336650801327942,-3.231420152638479e-58,2.082364887653829e-05,-0.25004232170797175
1770707104.1975458,1.2044322564339636,0.0,0.020000000000000007,1.23,0.0,0.1,0.25,-0.03735048100539598,0.00010336650801327942,-2.510994865981543e-58,6.237684844013019e-05,-0.2500246501497429
1770707104.6586192,1.2044322564339636,0.0,0.020000000000000007,1.23,0.0,0.1,0.25,-0.03735048100539598,0.00010336650801327942,-2.088917002089189e-58,2.5260801637662672e-05,-0.25004276445786805
1770707105.0809233,1.2044322564339636,0.0,0.020000000000000007,1.23,0.0,0.1,0.25,-0.03735048100539598,0.00010336650801327942,-1.417558727327882e-58,-9.007428292121947e-05,-0.25010825390392316
1770707105.4978225,1.2044322564339636,0.0,0.020000000000000007,1.23,0.0,0.1,0.25,-0.03735048100539598,0.00010336650801327942,-1.1010299098675928e-58,-5.162503532198539e-05,-0.25008134069642757
1770707105.912138,1.2044322564339636,0.0,0.020000000000000007,1.23,0.0,0.1,0.25,-0.03735048100539598,0.00010336650801327942,-8.549276553782691e-59,-0.00013647893535613057,-0.2501284081116881
1770707106.3324006,1.2044322564339636,0.0,0.020000000000000007,1.23,0.0,0.1,0.25,-0.03735048100539598,0.00010336650801327942,-7.085008158316705e-59,-6.801177396266116e-05,-0.25009253585712726
1770707106.7522244,1.2044322564339636,0.0,0.020000000000000007,1.23,0.0,0.1,0.25,-0.03735048100539598,0.00010336650801327942,-5.499923808964299e-59,-2.9554250275824698e-05,-0.2500703061315132
1770707107.1663945,1.2044322564339636,0.0,0.020000000000000007,1.23,0.0,0.1,0.25,-0.03735048100539598,0.00010336650801327942,-4.263061688829913e-59,-0.00013879513139166636,-0.25013200490781407
1770707107.5897226,1.2044322564339636,0.0,0.020000000000000007,1.23,0.0,0.1,0.25,-0.03735048100539598,0.00010336650801327942,-2.909974808943359e-59,-0.00011200005824136388,-0.25011036279044235
1770707108.0009348,1.2044322564339636,0.0,0.020000000000000007,1.23,0.0,0.1,0.25,-0.03735048100539598,0.00010336650801327942,-2.259240103351283e-59,-2.7595579097898536e-05,-0.25007392149146995
1770707108.42247,1.2044322564339636,0.0,0.020000000000000007,1.23,0.0,0.1,0.25,-0.03735048100539598,0.00010336650801327942,-1.7551127327104406e-59,-5.355022000548934e-06,-0.25005658482071663
1770707108.8550196,1.2044322564339636,0.0,0.020000000000000007,1.23,0.0,0.1,0.25,-0.03735048100539598,0.00010336650801327942,-1.4491956345005928e-59,6.3682104922539445e-06,-0.2500496714720098
1770707109.2723958,1.2044322564339636,0.0,0.020000000000000007,1.23,0.0,0.1,0.25,-0.03735048100539598,0.00010336650801327942,-1.125173006406225e-59,-5.3981413997228294e-05,-0.2500847089234542
1770707109.6909595,1.2044322564339636,0.0,0.020000000000000007,1.23,0.0,0.1,0.25,-0.03735048100539598,0.00010336650801327942,-7.690282529585844e-60,-0.00011060056364489322,-0.25011264545079387
1770707110.1035848,1.2044322564339636,0.0,0.020000000000000007,1.23,0.0,0.1,0.25,-0.03735048100539598,0.00010336650801327942,-5.977433927118068e-60,-3.163394438951919e-06,-0.2500640086681467
1770707110.5204086,1.2044322564339636,0.0,0.020000000000000007,1.23,0.0,0.1,0.25,-0.03735048100539598,0.00010336650801327942,-4.947058766030338e-60,1.8121418356754714e-05,-0.25004475102610785
1770707110.9351516,1.2044322564339636,0.0,0.020000000000000007,1.23,0.0,0.1,0.25,-0.03735048100539598,0.00010336650801327942,-3.8380093749393376e-60,-6.757575137207894e-05,-0.2500940408466656
1770707111.361525,1.2044322564339636,0.0,0.020000000000000007,1.23,0.0,0.1,0.25,-0.03735048100539598,0.00010336650801327942,-2.9820306219789743e-60,-0.00010210119320112657,-0.2501061863947901
1770707111.777787,1.2044322564339636,0.0,0.020000000000000007,1.23,0.0,0.1,0.25,-0.03735048100539598,0.00010336650801327942,-2.0369939808605564e-60,-8.74311472954247e-05,-0.25009686583224494
1770707112.1900172,1.2044322564339636,0.0,0.020000000000000007,1.23,0.0,0.1,0.25,-0.03735048100539598,0.00010336650801327942,-1.5797296865024068e-60,1.3735686041444004e-05,-0.2500549320943196
1770707112.6125655,1.2044322564339636,0.0,0.020000000000000007,1.23,0.0,0.1,0.25,-0.03735048100539598,0.00010336650801327942,-1.2249774489219242e-60,-1.0938817967120878e-05,-0.25005962011339106
1770707113.0328512,1.2044322564339636,0.0,0.020000000000000007,1.23,0.0,0.1,0.25,-0.03735048100539598,0.00010336650801327942,-1.0209308660292517e-60,0.00011000206137787394,-0.2500154118646168
1770707113.4512658,1.2044322564339636,0.0,0.020000000000000007,1.23,0.0,0.1,0.25,-0.03735048100539598,0.00010336650801327942,-7.896929223472491e-61,0.00025003305659184957,-0.25008733637381064
1770707113.8700938,1.2044322564339636,0.0,0.020000000000000007,1.23,0.0,0.1,0.25,-0.03735048100539598,0.00010336650801327942,-5.383323312873176e-61,0.00016454285600786203,-0.25003913719405574
1770707114.2896512,1.2044322564339636,0.0,0.020000000000000007,1.23,0.0,0.1,0.25,-0.03735048100539598,0.00010336650801327942,-4.179168258806814e-61,0.00015823928754821675,-0.25002806674661343
1770707114.7175615,1.2044322564339636,0.0,0.020000000000000007,1.23,0.0,0.1,0.25,-0.03735048100539598,0.00010336650801327942,-3.3068094051541426e-61,4.1977719912295374e-05,-0.2500423205508141
1770707115.1329703,1.2044322564339636,0.0,0.020000000000000007,1.23,0.0,0.1,0.25,-0.03735048100539598,0.00010336650801327942,-2.6973686814414094e-61,0.00016445318424394102,-0.25004279088454845
1770707115.5414965,1.2044322564339636,0.0,0.020000000000000007,1.23,0.0,0.1,0.25,-0.03735048100539598,0.00010336650801327942,-2.107699035544704e-61,3.132343461919146e-05,-0.2500493345116595
1770707115.9630167,1.2044322564339636,0.0,0.020000000000000007,1.23,0.0,0.1,0.25,-0.03735048100539598,0.00010336650801327942,-1.6361295726580357e-61,3.253256941647215e-05,-0.25003553788277816
1770707116.3848736,1.2044322564339636,0.0,0.020000000000000007,1.23,0.0,0.1,0.25,-0.03735048100539598,0.00010336650801327942,-1.0964455452380595e-61,-0.00011466538081966194,-0.2501237357394401
1770707116.7966826,1.2044322564339636,0.0,0.020000000000000007,1.23,0.0,0.1,0.25,-0.03735048100539598,0.00010336650801327942,-8.573152774257248e-62,-0.00018522435114677835,-0.25015135132661276
1770707117.229589,1.2044322564339636,0.0,0.020000000000000007,1.23,0.0,0.1,0.25,-0.03735048100539598,0.00010336650801327942,-7.191940146047455e-62,-0.0002152998119139097,-0.2501623407060403
1770707117.6439543,1.2044322564339636,0.0,0.020000000000000007,1.23,0.0,0.1,0.25,-0.03735048100539598,0.00010336650801327942,-5.565801635863162e-62,-0.00010747955975313144,-0.2501162050590993
1770707118.0630307,1.2044322564339636,0.0,0.020000000000000007,1.23,0.0,0.1,0.25,-0.03735048100539598,0.00010336650801327942,-4.3375180478092205e-62,-8.476315788170825e-05,-0.2500963364731346
1770707118.5043015,1.2044322564339636,0.0,0.020000000000000007,1.23,0.0,0.1,0.25,-0.03735048100539598,0.00010336650801327942,-2.925059396162519e-62,-2.226464867963128e-05,-0.25006906542926666
1770707118.920792,1.2044322564339636,0.0,0.020000000000000007,1.23,0.0,0.1,0.25,-0.03735048100539598,0.00010336650801327942,-2.2652234372904844e-62,3.3905101039222624e-05,-0.2500403476784589
1770707119.3562982,1.2044322564339636,0.0,0.020000000000000007,1.23,0.0,0.1,0.25,-0.03735048100539598,0.00010336650801327942,-1.9038777049385603e-62,3.402582350482052e-05,-0.2500346824145008
1770707119.769091,1.2044322564339636,0.0,0.020000000000000007,1.23,0.0,0.1,0.25,-0.03735048100539598,0.00010336650801327942,-1.4788246055433817e-62,-2.4399510700020408e-05,-0.2500697255427772
1770707120.2078576,1.2044322564339636,0.0,0.020000000000000007,1.23,0.0,0.1,0.25,-0.03735048100539598,0.00010336650801327942,-9.952768601290662e-63,-8.091644346994869e-05,-0.2500977931690186
1770707120.635062,1.2044322564339636,0.0,0.020000000000000007,1.23,0.0,0.1,0.25,-0.03735048100539598,0.00010336650801327942,-8.376310209574917e-63,-8.254463117744999e-05,-0.2500931183883661
1770707121.0538557,1.2044322564339636,0.0,0.020000000000000007,1.23,0.0,0.1,0.25,-0.03735048100539598,0.00010336650801327942,-5.956879802346932e-63,-5.530270734792379e-05,-0.25008205880006357
1770707121.5060556,1.2044322564339636,0.0,0.020000000000000007,1.23,0.0,0.1,0.25,-0.03735048100539598,0.00010336650801327942,-4.337915932116305e-63,-0.000201995993829767,-0.25016735057956974
1770707121.924428,1.2044322564339636,0.0,0.020000000000000007,1.23,0.0,0.1,0.25,-0.03735048100539598,0.00010336650801327942,-3.4842987629990074e-63,-0.00019120711670476463,-0.25014836570007154
1770707122.335798,1.2044322564339636,0.0,0.020000000000000007,1.23,0.0,0.1,0.25,-0.03735048100539598,0.00010336650801327942,-2.704425078761874e-63,-0.0002824345186277339,-0.2502020232535128
1770707122.751195,1.2044322564339636,0.0,0.020000000000000007,1.23,0.0,0.1,0.25,-0.03735048100539598,0.00010336650801327942,-2.0935934402403658e-63,-0.00020285092106037312,-0.2501610670742936
1770707123.1646366,1.2044322564339636,0.0,0.020000000000000007,1.23,0.0,0.1,0.25,-0.03735048100539598,0.00010336650801327942,-1.7237563761615855e-63,-0.00010858933278370782,-0.25011540407922617
1770707123.596927,1.2044322564339636,0.0,0.020000000000000007,1.23,0.0,0.1,0.25,-0.03735048100539598,0.00010336650801327942,-1.1552902283795718e-63,2.421627556917566e-05,-0.2500528556770573
1770707124.0188026,1.2044322564339636,0.0,0.020000000000000007,1.23,0.0,0.1,0.25,-0.03735048100539598,0.00010336650801327942,-8.967070872870135e-64,3.816549718501229e-05,-0.2500339954275757
1770707124.4302175,1.2044322564339636,0.0,0.020000000000000007,1.23,0.0,0.1,0.25,-0.03735048100539598,0.00010336650801327942,-7.530126296396425e-64,0.00010530787662209978,-0.2500076849222481
1770707124.842681,1.2044322564339636,0.0,0.020000000000000007,1.23,0.0,0.1,0.25,-0.03735048100539598,0.00010336650801327942,-5.881058983650587e-64,0.00012035678270006555,-0.2500100000279512
1770707125.258765,1.2044322564339636,0.0,0.020000000000000007,1.23,0.0,0.1,0.25,-0.03735048100539598,0.00010336650801327942,-4.571349973031723e-64,7.266334000887065e-05,-0.2500201209282713
1770707125.6717908,1.2044322564339636,0.0,0.020000000000000007,1.23,0.0,0.1,0.25,-0.03735048100539598,0.00010336650801327942,-3.552981731511821e-64,0.00015865818877123708,-0.2500362453252552
1770707126.082877,1.2044322564339636,0.0,0.020000000000000007,1.23,0.0,0.1,0.25,-0.03735048100539598,0.00010336650801327942,-2.367782232885529e-64,6.11419304447711e-05,-0.25003086391461693
1770707126.522927,1.2044322564339636,0.0,0.020000000000000007,1.23,0.0,0.1,0.25,-0.03735048100539598,0.00010336650801327942,-1.840039263530191e-64,-4.6218196572762825e-05,-0.25008552836499476
1770707126.9326732,1.2044322564339636,0.0,0.020000000000000007,1.23,0.0,0.1,0.25,-0.03735048100539598,0.00010336650801327942,-1.5582348519014563e-64,-7.049347984569226e-05,-0.2500893575222568
1770707127.3472326,1.2044322564339636,0.0,0.020000000000000007,1.23,0.0,0.1,0.25,-0.03735048100539598,0.00010336650801327942,-1.1487278970285144e-64,-4.86556510047698e-05,-0.2500781948623931
1770707127.7645977,1.2044322564339636,0.0,0.020000000000000007,1.23,0.0,0.1,0.25,-0.03735048100539598,0.00010336650801327942,-9.444759005957633e-65,-8.41101903209161e-05,-0.2500972838030987
1770707128.1804903,1.2044322564339636,0.0,0.020000000000000007,1.23,0.0,0.1,0.25,-0.03735048100539598,0.00010336650801327942,-6.2812641379269815e-65,1.193832410045714e-05,-0.25005531894339855
1770707128.6155615,1.2044322564339636,0.0,0.020000000000000007,1.23,0.0,0.1,0.25,-0.03735048100539598,0.00010336650801327942,-4.877878977116595e-65,6.97118063418726e-05,-0.25002260469905985
1770707129.0425212,1.2044322564339636,0.0,0.020000000000000007,1.23,0.0,0.1,0.25,-0.03735048100539598,0.00010336650801327942,-4.146965264579757e-65,2.9275557127856263e-05,-0.2500410891003641
1770707129.455073,1.2044322564339636,0.0,0.020000000000000007,1.23,0.0,0.1,0.25,-0.03735048100539598,0.00010336650801327942,-3.214479263869098e-65,0.00015914087327182475,-0.25004087371424366
1770707129.8695252,1.2044322564339636,0.0,0.020000000000000007,1.23,0.0,0.1,0.25,-0.03735048100539598,0.00010336650801327942,-2.4935166204601605e-65,0.00014819026138179037,-0.2500235069378733
1770707130.281517,1.2044322564339636,0.0,0.020000000000000007,1.23,0.0,0.1,0.25,-0.03735048100539598,0.00010336650801327942,-1.6569627759770335e-65,0.0001788378364629215,-0.25004080042173293
1770707130.697789,1.2044322564339636,0.0,0.020000000000000007,1.23,0.0,0.1,0.25,-0.03735048100539598,0.00010336650801327942,-1.2658775252473919e-65,8.629402240201461e-05,-0.2500177906242117
1770707131.126948,1.2044322564339636,0.0,0.020000000000000007,1.23,0.0,0.1,0.25,-0.03735048100539598,0.00010336650801327942,-1.098177057430426e-65,0.00017533051631253032,-0.25004488565354066
1770707131.5417895,1.2044322564339636,0.0,0.020000000000000007,1.23,0.0,0.1,0.25,-0.03735048100539598,0.00010336650801327942,-8.530456771845641e-66,0.00011191586779327356,-0.2500106161447419
1770707131.9568105,1.2044322564339636,0.0,0.020000000000000007,1.23,0.0,0.1,0.25,-0.03735048100539598,0.00010336650801327942,-6.608165422586418e-66,-1.9892753028932116e-05,-0.2500748104926033
1770707132.3739204,1.2044322564339636,0.0,0.020000000000000007,1.23,0.0,0.1,0.25,-0.03735048100539598,0.00010336650801327942,-4.3932548739194917e-66,-0.00010380074686940443,-0.25011197442682537
1770707132.7933714,1.2044322564339636,0.0,0.020000000000000007,1.23,0.0,0.1,0.25,-0.03735048100539598,0.00010336650801327942,-3.41610741381586e-66,-0.00020962531384910422,-0.2501670783676292
1770707133.2230632,1.2044322564339636,0.0,0.020000000000000007,1.23,0.0,0.1,0.25,-0.03735048100539598,0.00010336650801327942,-2.90707756223324e-66,-0.00016552558196832325,-0.25013885601817887
1770707133.6426728,1.2044322564339636,0.0,0.020000000000000007,1.23,0.0,0.1,0.25,-0.03735048100539598,0.00010336650801327942,-2.2556171772862459e-66,-0.00014572527410125117,-0.250126525921844
1770707134.0795918,1.2044322564339636,0.0,0.020000000000000007,1.23,0.0,0.1,0.25,-0.03735048100539598,0.00010336650801327942,-1.4968770825537149e-66,-1.0679813605806798e-05,-0.25007052770685906
1770707134.5092096,1.2044322564339636,0.0,0.020000000000000007,1.23,0.0,0.1,0.25,-0.03735048100539598,0.00010336650801327942,-1.1628067948918654e-66,2.9271097164172126e-05,-0.2500410427965016
1770707134.924867,1.2044322564339636,0.0,0.020000000000000007,1.23,0.0,0.1,0.25,-0.03735048100539598,0.00010336650801327942,-9.883128763213795e-67,3.2737723748457814e-05,-0.2500356610547908
1770707135.3345315,1.2044322564339636,0.0,0.020000000000000007,1.23,0.0,0.1,0.25,-0.03735048100539598,0.00010336650801327942,-7.67232554537778e-67,2.130412417138592e-05,-0.25004217455187866
1770707135.7791622,1.2044322564339636,0.0,0.020000000000000007,1.23,0.0,0.1,0.25,-0.03735048100539598,0.00010336650801327942,-5.075381503652559e-67,0.0001592408754862119,-0.25004173085886794
1770707136.193737,1.2044322564339636,0.0,0.020000000000000007,1.23,0.0,0.1,0.25,-0.03735048100539598,0.00010336650801327942,-3.957577744833452e-67,0.00011035766385431747,-0.2500083838990837
1770707136.606107,1.2044322564339636,0.0,0.020000000000000007,1.23,0.0,0.1,0.25,-0.03735048100539598,0.00010336650801327942,-3.072823428188272e-67,0.00012841845585076554,-0.2500143320531184
1770707137.0181732,1.2044322564339636,0.0,0.020000000000000007,1.23,0.0,0.1,0.25,-0.03735048100539598,0.00010336650801327942,-2.3855040877787364e-67,6.852570667568204e-05,-0.25002340967558634
1770707137.446051,1.2044322564339636,0.0,0.020000000000000007,1.23,0.0,0.1,0.25,-0.03735048100539598,0.00010336650801327942,-2.03231456328437e-67,-0.00010132936272973407,-0.250119333442312
1770707137.8621895,1.2044322564339636,0.0,0.020000000000000007,1.23,0.0,0.1,0.25,-0.03735048100539598,0.00010336650801327942,-1.5789366076856475e-67,-0.00010498253716710833,-0.25010453984003395
1770707138.2725403,1.2044322564339636,0.0,0.020000000000000007,1.23,0.0,0.1,0.25,-0.03735048100539598,0.00010336650801327942,-1.0478154120110781e-67,-0.00014012598398566596,-0.25012526059068135
1770707138.6863008,1.2044322564339636,0.0,0.020000000000000007,1.23,0.0,0.1,0.25,-0.03735048100539598,0.00010336650801327942,-9.768388158315665e-68,-0.00011344992479120082,-0.25011107582232167
1770707139.1046972,1.2044322564339636,0.0,0.020000000000000007,1.23,0.0,0.1,0.25,-0.03735048100539598,0.00010336650801327942,-6.311039780955319e-68,-0.0001889126264871542,-0.2501536858374198
1770707139.5345333,1.2044322564339636,0.0,0.020000000000000007,1.23,0.0,0.1,0.25,-0.03735048100539598,0.00010336650801327942,-5.318937679243616e-68,-0.00010429978871726797,-0.2501122944321422
1770707139.9620354,1.2044322564339636,0.0,0.020000000000000007,1.23,0.0,0.1,0.25,-0.03735048100539598,0.00010336650801327942,-4.187979151747507e-68,2.5574134398267437e-05,-0.25005188357911906
1770707140.378839,1.2044322564339636,0.0,0.020000000000000007,1.23,0.0,0.1,0.25,-0.03735048100539598,0.00010336650801327942,-2.784724931290594e-68,0.00015145356909733945,-0.25003663147401195
1770707140.8070977,1.2044322564339636,0.0,0.020000000000000007,1.23,0.0,0.1,0.25,-0.03735048100539598,0.00010336650801327942,-2.1158327069143716e-68,0.00013683162813729578,-0.25001819475415804
1770707141.2201393,1.2044322564339636,0.0,0.020000000000000007,1.23,0.0,0.1,0.25,-0.03735048100539598,0.00010336650801327942,-1.6821730137627463e-68,4.807175361729874e-05,-0.25003652336465
1770707141.6351645,1.2044322564339636,0.0,0.020000000000000007,1.23,0.0,0.1,0.25,-0.03735048100539598,0.00010336650801327942,-1.3060082032704237e-68,0.00012655046852054857,-0.25001943985174396
1770707142.0466697,1.2044322564339636,0.0,0.020000000000000007,1.23,0.0,0.1,0.25,-0.03735048100539598,0.00010336650801327942,-1.1259442228155428e-68,2.454367229094109e-05,-0.25004961209748416
1770707142.46636,1.2044322564339636,0.0,0.020000000000000007,1.23,0.0,0.1,0.25,-0.03735048100539598,0.00010336650801327942,-8.261469921919829e-69,-1.9512317219116262e-05,-0.2500658450115672
1770707142.8911107,1.2044322564339636,0.0,0.020000000000000007,1.23,0.0,0.1,0.25,-0.03735048100539598,0.00010336650801327942,-5.814570090080497e-69,-7.256590843315668e-05,-0.2500932715673446
1770707143.3273528,1.2044322564339636,0.0,0.020000000000000007,1.23,0.0,0.1,0.25,-0.03735048100539598,0.00010336650801327942,-4.934951654640584e-69,-5.484762387661938e-05,-0.2500808788944006
1770707143.7387226,1.2044322564339636,0.0,0.020000000000000007,1.23,0.0,0.1,0.25,-0.03735048100539598,0.00010336650801327942,-3.8319740919806086e-69,-0.0001672840098615586,-0.25014656889753595
1770707144.1599991,1.2044322564339636,0.0,0.020000000000000007,1.23,0.0,0.1,0.25,-0.03735048100539598,0.00010336650801327942,-2.9759227600814075e-69,-1.578743377299409e-05,-0.250074726628502
1770707144.5807037,1.2044322564339636,0.0,0.020000000000000007,1.23,0.0,0.1,0.25,-0.03735048100539598,0.00010336650801327942,-1.9777700602449243e-69,6.737253986243299e-05,-0.25002631298143896
1770707144.9974368,1.2044322564339636,0.0,0.020000000000000007,1.23,0.0,0.1,0.25,-0.03735048100539598,0.00010336650801327942,-1.5373267890720621e-69,0.0001714881269255209,-0.2500444723681624
1770707145.4168477,1.2044322564339636,0.0,0.020000000000000007,1.23,0.0,0.1,0.25,-0.03735048100539598,0.00010336650801327942,-1.1922987073068533e-69,0.0002802170411003215,-0.250099298157961
1770707145.8444993,1.2044322564339636,0.0,0.020000000000000007,1.23,0.0,0.1,0.25,-0.03735048100539598,0.00010336650801327942,-1.0126639987468889e-69,0.0003120180057659049,-0.25010750584534286
1770707146.2563186,1.2044322564339636,0.0,0.020000000000000007,1.23,0.0,0.1,0.25,-0.03735048100539598,0.00010336650801327942,-7.853234802743119e-70,0.00032536236814249483,-0.25011233236630226
1770707146.6667254,1.2044322564339636,0.0,0.020000000000000007,1.23,0.0,0.1,0.25,-0.03735048100539598,0.00010336650801327942,-6.091323532473269e-70,0.0001685004130664107,-0.2500482531480342
1770707147.0866773,1.2044322564339636,0.0,0.020000000000000007,1.23,0.0,0.1,0.25,-0.03735048100539598,0.00010336650801327942,-4.0528521946639574e-70,9.511878170090417e-05,-0.2500114620262927
1770707147.5019658,1.2044322564339636,0.0,0.020000000000000007,1.23,0.0,0.1,0.25,-0.03735048100539598,0.00010336650801327942,-3.144192783873952e-70,-1.3814292197189491e-05,-0.25006948370749504
1770707147.9268773,1.2044322564339636,0.0,0.020000000000000007,1.23,0.0,0.1,0.25,-0.03735048100539598,0.00010336650801327942,-2.669085471463775e-70,-0.00014744286717961673,-0.25013876754509473
1770707148.3487997,1.2044322564339636,0.0,0.020000000000000007,1.23,0.0,0.1,0.25,-0.03735048100539598,0.00010336650801327942,-2.072923067372915e-70,-3.0887662015572005e-05,-0.25007878260553085
1770707148.7701604,1.2044322564339636,0.0,0.020000000000000007,1.23,0.0,0.1,0.25,-0.03735048100539598,0.00010336650801327942,-1.3795453476247469e-70,-9.048007893481518e-06,-0.25005839122336554
1770707149.1970468,1.2044322564339636,0.0,0.020000000000000007,1.23,0.0,0.1,0.25,-0.03735048100539598,0.00010336650801327942,-1.0658858893216943e-70,-7.120961882937876e-05,-0.25009350422451493
1770707149.6190033,1.2044322564339636,0.0,0.020000000000000007,1.23,0.0,0.1,0.25,-0.03735048100539598,0.00010336650801327942,-8.112905414198004e-71,-8.698759647131125e-05,-0.2500967548500065
1770707150.0331836,1.2044322564339636,0.0,0.020000000000000007,1.23,0.0,0.1,0.25,-0.03735048100539598,0.00010336650801327942,-6.675088833308906e-71,4.7213028378210463e-05,-0.2500414968023025
1770707150.45326,1.2044322564339636,0.0,0.020000000000000007,1.23,0.0,0.1,0.25,-0.03735048100539598,0.00010336650801327942,-5.469501497111628e-71,4.905652586028602e-05,-0.25002733934082466
1770707150.8765912,1.2044322564339636,0.0,0.020000000000000007,1.23,0.0,0.1,0.25,-0.03735048100539598,0.00010336650801327942,-3.653046261628714e-71,0.00011475290621277461,-0.250012262837135
1770707151.2965395,1.2044322564339636,0.0,0.020000000000000007,1.23,0.0,0.1,0.25,-0.03735048100539598,0.00010336650801327942,-2.83564765618418e-71,2.34630346952448e-05,-0.25004908072381077
1770707151.7037404,1.2044322564339636,0.0,0.020000000000000007,1.23,0.0,0.1,0.25,-0.03735048100539598,0.00010336650801327942,-2.147158548748946e-71,0.00013312290379799836,-0.2500258441848026
1770707152.122306,1.2044322564339636,0.0,0.020000000000000007,1.23,0.0,0.1,0.25,-0.03735048100539598,0.00010336650801327942,-1.767796402509107e-71,-1.373616566498394e-05,-0.25007323724378544
1770707152.5407643,1.2044322564339636,0.0,0.020000000000000007,1.23,0.0,0.1,0.25,-0.03735048100539598,0.00010336650801327942,-1.3786043470534286e-71,-0.0001387608498112807,-0.2501335661473269
1770707152.9583871,1.2044322564339636,0.0,0.020000000000000007,1.23,0.0,0.1,0.25,-0.03735048100539598,0.00010336650801327942,-1.0769721366502051e-71,-8.39931284521057e-05,-0.25009915659036863
1770707153.3817394,1.2044322564339636,0.0,0.020000000000000007,1.23,0.0,0.1,0.25,-0.03735048100539598,0.00010336650801327942,-7.596452732913382e-72,-0.0001332214361576081,-0.250123216802856
1770707153.800201,1.2044322564339636,0.0,0.020000000000000007,1.23,0.0,0.1,0.25,-0.03735048100539598,0.00010336650801327942,-5.888373193643406e-72,-0.00014828343031115217,-0.25012733116857755
1770707154.2166982,1.2044322564339636,0.0,0.020000000000000007,1.23,0.0,0.1,0.25,-0.03735048100539598,0.00010336650801327942,-4.565696508077798e-72,-1.9747581048579503e-05,-0.2500744106294572
1770707154.64373,1.2044322564339636,0.0,0.020000000000000007,1.23,0.0,0.1,0.25,-0.03735048100539598,0.00010336650801327942,-3.866322026360609e-72,7.609013076330359e-05,-0.2500232219598062
1770707155.0632806,1.2044322564339636,0.0,0.020000000000000007,1.23,0.0,0.1,0.25,-0.03735048100539598,0.00010336650801327942,-2.9971320317483895e-72,0.00022687998344810182,-0.2500768357229859
1770707155.5010111,1.2044322564339636,0.0,0.020000000000000007,1.23,0.0,0.1,0.25,-0.03735048100539598,0.00010336650801327942,-1.923532406042367e-72,0.00019639998850545735,-0.2500495647397403
1770707155.913783,1.2044322564339636,0.0,0.020000000000000007,1.23,0.0,0.1,0.25,-0.03735048100539598,0.00010336650801327942,-1.4924368534457825e-72,0.00026928847076827654,-0.25009024982960376
1770707156.3315895,1.2044322564339636,0.0,0.020000000000000007,1.23,0.0,0.1,0.25,-0.03735048100539598,0.00010336650801327942,-1.24106487706832e-72,0.00028142495613287004,-0.25009024287259624
1770707156.7426662,1.2044322564339636,0.0,0.020000000000000007,1.23,0.0,0.1,0.25,-0.03735048100539598,0.00010336650801327942,-9.633016585590116e-73,0.00032670259683284183,-0.25011619580847977
1770707157.1579592,1.2044322564339636,0.0,0.020000000000000007,1.23,0.0,0.1,0.25,-0.03735048100539598,0.00010336650801327942,-7.477817399691401e-73,0.0002643310217994714,-0.2500867194143965
1770707157.5674515,1.2044322564339636,0.0,0.020000000000000007,1.23,0.0,0.1,0.25,-0.03735048100539598,0.00010336650801327942,-6.150141408892991e-73,0.00022315531511405955,-0.2500640119742189
1770707157.9748783,1.2044322564339636,0.0,0.020000000000000007,1.23,0.0,0.1,0.25,-0.03735048100539598,0.00010336650801327942,-4.272176216759347e-73,0.00010128398128815864,-0.2500132283967451
1770707158.3871205,1.2044322564339636,0.0,0.020000000000000007,1.23,0.0,0.1,0.25,-0.03735048100539598,0.00010336650801327942,-3.080265680036228e-73,7.534792709975231e-05,-0.2500166028958756
1770707158.803979,1.2044322564339636,0.0,0.020000000000000007,1.23,0.0,0.1,0.25,-0.03735048100539598,0.00010336650801327942,-2.4781368965616788e-73,5.546177678449702e-05,-0.2500259409806459
1770707159.2173827,1.2044322564339636,0.0,0.020000000000000007,1.23,0.0,0.1,0.25,-0.03735048100539598,0.00010336650801327942,-1.8556471133393532e-73,4.431944203615472e-05,-0.2500306377664634
1770707159.6583197,1.2044322564339636,0.0,0.020000000000000007,1.23,0.0,0.1,0.25,-0.03735048100539598,0.00010336650801327942,-1.5418199012312097e-73,-2.0098204053996773e-05,-0.25006817412064264
1770707160.0970688,1.2044322564339636,0.0,0.020000000000000007,1.23,0.0,0.1,0.25,-0.03735048100539598,0.00010336650801327942,-1.049005215007235e-73,7.993739957735625e-06,-0.2500504955784289
1770707160.5081406,1.2044322564339636,0.0,0.020000000000000007,1.23,0.0,0.1,0.25,-0.03735048100539598,0.00010336650801327942,-8.133199932437323e-74,-6.13409404011919e-05,-0.2500892871922431
1770707160.9281409,1.2044322564339636,0.0,0.020000000000000007,1.23,0.0,0.1,0.25,-0.03735048100539598,0.00010336650801327942,-6.780161004517799e-74,-1.234348420741692e-05,-0.25006275474172973
1770707161.3431096,1.2044322564339636,0.0,0.020000000000000007,1.23,0.0,0.1,0.25,-0.03735048100539598,0.00010336650801327942,-5.260475355926611e-74,0.00010247533943518116,-0.2500119274666533
1770707161.7634397,1.2044322564339636,0.0,0.020000000000000007,1.23,0.0,0.1,0.25,-0.03735048100539598,0.00010336650801327942,-4.0816189677847575e-74,5.8479202618374864e-05,-0.25002684326637914
1770707162.1726625,1.2044322564339636,0.0,0.020000000000000007,1.23,0.0,0.1,0.25,-0.03735048100539598,0.00010336650801327942,-2.7731240652946005e-74,1.7258109806327513e-05,-0.2500471763083847
1770707162.5914145,1.2044322564339636,0.0,0.020000000000000007,1.23,0.0,0.1,0.25,-0.03735048100539598,0.00010336650801327942,-2.153509041090137e-74,4.137824527455201e-05,-0.2500334061449162
1770707163.0140412,1.2044322564339636,0.0,0.020000000000000007,1.23,0.0,0.1,0.25,-0.03735048100539598,0.00010336650801327942,-1.6712471733028121e-74,7.76363724522671e-05,-0.2500164908804983
1770707163.4271674,1.2044322564339636,0.0,0.020000000000000007,1.23,0.0,0.1,0.25,-0.03735048100539598,0.00010336650801327942,-1.38963190202469e-74,0.0001039498225055569,-0.25000292300225146
1770707163.8517528,1.2044322564339636,0.0,0.020000000000000007,1.23,0.0,0.1,0.25,-0.03735048100539598,0.00010336650801327942,-1.0784645530028415e-74,-4.933772416247096e-05,-0.2500916808707547
1770707164.2673655,1.2044322564339636,0.0,0.020000000000000007,1.23,0.0,0.1,0.25,-0.03735048100539598,0.00010336650801327942,-8.358611885981073e-75,-2.9226983120825587e-05,-0.25006830781967126
1770707164.6939726,1.2044322564339636,0.0,0.020000000000000007,1.23,0.0,0.1,0.25,-0.03735048100539598,0.00010336650801327942,-5.683439718805118e-75,-5.3450717554217865e-05,-0.2500808309862271
1770707165.110726,1.2044322564339636,0.0,0.020000000000000007,1.23,0.0,0.1,0.25,-0.03735048100539598,0.00010336650801327942,-4.418308140214486e-75,4.214450398949312e-05,-0.25004017052416627
1770707165.5319595,1.2044322564339636,0.0,0.020000000000000007,1.23,0.0,0.1,0.25,-0.03735048100539598,0.00010336650801327942,-3.672273724946271e-75,9.44078845744636e-05,-0.2500097056497779
1770707165.9603407,1.2044322564339636,0.0,0.020000000000000007,1.23,0.0,0.1,0.25,-0.03735048100539598,0.00010336650801327942,-2.8488505688662634e-75,0.0001951024979852638,-0.2500559374563271
1770707166.3683436,1.2044322564339636,0.0,0.020000000000000007,1.23,0.0,0.1,0.25,-0.03735048100539598,0.00010336650801327942,-2.2061608309727547e-75,0.00016477793994894679,-0.2500337381717715
1770707166.7803464,1.2044322564339636,0.0,0.020000000000000007,1.23,0.0,0.1,0.25,-0.03735048100539598,0.00010336650801327942,-1.5051344514949364e-75,0.00016779103267167632,-0.25003251357160144
1770707167.2005997,1.2044322564339636,0.0,0.020000000000000007,1.23,0.0,0.1,0.25,-0.03735048100539598,0.00010336650801327942,-1.168395288369946e-75,0.00011045189224700923,-0.25000927660615935
1770707167.6146,1.2044322564339636,0.0,0.020000000000000007,1.23,0.0,0.1,0.25,-0.03735048100539598,0.00010336650801327942,-9.068508452987894e-76,0.00013837172966637022,-0.2500202945945685
1770707168.0264702,1.2044322564339636,0.0,0.020000000000000007,1.23,0.0,0.1,0.25,-0.03735048100539598,0.00010336650801327942,-6.862109672926132e-76,0.0001339757244675976,-0.25001574420874706
1770707168.4449394,1.2044322564339636,0.0,0.020000000000000007,1.23,0.0,0.1,0.25,-0.03735048100539598,0.00010336650801327942,-5.858799624535407e-76,9.219844590582107e-05,-0.2500097617589099
1770707168.8680215,1.2044322564339636,0.0,0.020000000000000007,1.23,0.0,0.1,0.25,-0.03735048100539598,0.00010336650801327942,-4.554552505036786e-76,-4.556851792139199e-05,-0.25008824420935005
1770707169.2827344,1.2044322564339636,0.0,0.020000000000000007,1.23,0.0,0.1,0.25,-0.03735048100539598,0.00010336650801327942,-3.0862088153803726e-76,-0.00014595650580937348,-0.2501347003057001
1770707169.705563,1.2044322564339636,0.0,0.020000000000000007,1.23,0.0,0.1,0.25,-0.03735048100539598,0.00010336650801327942,-2.386248137264157e-76,-0.00022641018237993507,-0.2501729337128537
1770707170.118927,1.2044322564339636,0.0,0.020000000000000007,1.23,0.0,0.1,0.25,-0.03735048100539598,0.00010336650801327942,-1.8612767547898256e-76,-0.00033882303175155405,-0.2502323360548196
1770707170.5280151,1.2044322564339636,0.0,0.020000000000000007,1.23,0.0,0.1,0.25,-0.03735048100539598,0.00010336650801327942,-1.5573459352331065e-76,-0.0002619987289958646,-0.2501903650487801
1770707170.943832,1.2044322564339636,0.0,0.020000000000000007,1.23,0.0,0.1,0.25,-0.03735048100539598,0.00010336650801327942,-1.2106517887093264e-76,-0.00019698922972263537,-0.2501566788187953
1770707171.3719845,1.2044322564339636,0.0,0.020000000000000007,1.23,0.0,0.1,0.25,-0.03735048100539598,0.00010336650801327942,-8.136243684511565e-77,-8.953582589956228e-05,-0.25010719650733876
1770707171.7827795,1.2044322564339636,0.0,0.020000000000000007,1.23,0.0,0.1,0.25,-0.03735048100539598,0.00010336650801327942,-6.3478731577523456e-77,9.420459409794574e-06,-0.25005686865283266
1770707172.199178,1.2044322564339636,0.0,0.020000000000000007,1.23,0.0,0.1,0.25,-0.03735048100539598,0.00010336650801327942,-4.91879161995872e-77,9.66046122349367e-05,-0.25001209936317165
1770707172.6335614,1.2044322564339636,0.0,0.020000000000000007,1.23,0.0,0.1,0.25,-0.03735048100539598,0.00010336650801327942,-4.135913848187068e-77,0.00010423856262363202,-0.250001199422344
1770707173.0486188,1.2044322564339636,0.0,0.020000000000000007,1.23,0.0,0.1,0.25,-0.03735048100539598,0.00010336650801327942,-3.214505368449287e-77,0.00021938977896867075,-0.2500695267571122
1770707173.461834,1.2044322564339636,0.0,0.020000000000000007,1.23,0.0,0.1,0.25,-0.03735048100539598,0.00010336650801327942,-2.3527493603891685e-77,0.00011080951178959885,-0.25001457952860606
1770707173.9134634,1.2044322564339636,0.0,0.020000000000000007,1.23,0.0,0.1,0.25,-0.03735048100539598,0.00010336650801327942,-1.6747699133627352e-77,4.368587775477801e-05,-0.25003655267853275
1770707174.3412123,1.2044322564339636,0.0,0.020000000000000007,1.23,0.0,0.1,0.25,-0.03735048100539598,0.00010336650801327942,-1.411002914983142e-77,2.1960968871598927e-05,-0.25004287526045915
1770707174.7513764,1.2044322564339636,0.0,0.020000000000000007,1.23,0.0,0.1,0.25,-0.03735048100539598,0.00010336650801327942,-1.0809732560125863e-77,-4.481254426757188e-05,-0.25008076687745434
1770707175.1702077,1.2044322564339636,0.0,0.020000000000000007,1.23,0.0,0.1,0.25,-0.03735048100539598,0.00010336650801327942,-8.487896500830981e-78,-4.56417614422513e-05,-0.25007458705644525
1770707175.6000183,1.2044322564339636,0.0,0.020000000000000007,1.23,0.0,0.1,0.25,-0.03735048100539598,0.00010336650801327942,-5.704942543305817e-78,-7.266040818733403e-05,-0.2500907153227748
1770707176.0165582,1.2044322564339636,0.0,0.020000000000000007,1.23,0.0,0.1,0.25,-0.03735048100539598,0.00010336650801327942,-4.439279775832308e-78,-0.0001127412599663704,-0.25011206196916774
1770707176.4326744,1.2044322564339636,0.0,0.020000000000000007,1.23,0.0,0.1,0.25,-0.03735048100539598,0.00010336650801327942,-3.5279389520533277e-78,-5.075542280691476e-06,-0.25006498759691553
1770707176.8465292,1.2044322564339636,0.0,0.020000000000000007,1.23,0.0,0.1,0.25,-0.03735048100539598,0.00010336650801327942,-2.9060809096821762e-78,9.905440128785576e-05,-0.25001256904771957
1770707177.26086,1.2044322564339636,0.0,0.020000000000000007,1.23,0.0,0.1,0.25,-0.03735048100539598,0.00010336650801327942,-2.2519726314290177e-78,0.00010671647487590837,-0.25000244119079007
1770707177.6777241,1.2044322564339636,0.0,0.020000000000000007,1.23,0.0,0.1,0.25,-0.03735048100539598,0.00010336650801327942,-1.495034594990113e-78,5.4887262773387256e-05,-0.2500294225438302
1770707178.091704,1.2044322564339636,0.0,0.020000000000000007,1.23,0.0,0.1,0.25,-0.03735048100539598,0.00010336650801327942,-1.1715342656016976e-78,9.582975565663788e-05,-0.25000786262546665
1770707178.5082426,1.2044322564339636,0.0,0.020000000000000007,1.23,0.0,0.1,0.25,-0.03735048100539598,0.00010336650801327942,-9.095416893329658e-79,4.110866149166358e-06,-0.25005879970988276
1770707178.940494,1.2044322564339636,0.0,0.020000000000000007,1.23,0.0,0.1,0.25,-0.03735048100539598,0.00010336650801327942,-7.664303319924721e-79,3.790949872450768e-05,-0.2500361083679019
1770707179.3651412,1.2044322564339636,0.0,0.020000000000000007,1.23,0.0,0.1,0.25,-0.03735048100539598,0.00010336650801327942,-5.981276839367824e-79,-4.853691828036639e-05,-0.2500845963548473
1770707179.7791939,1.2044322564339636,0.0,0.020000000000000007,1.23,0.0,0.1,0.25,-0.03735048100539598,0.00010336650801327942,-3.9935592695847187e-79,-0.00010623774105079964,-0.2501105722068091
1770707180.195155,1.2044322564339636,0.0,0.020000000000000007,1.23,0.0,0.1,0.25,-0.03735048100539598,0.00010336650801327942,-3.09924580868498e-79,-3.758909809124178e-05,-0.2500773426673482
1770707180.6082733,1.2044322564339636,0.0,0.020000000000000007,1.23,0.0,0.1,0.25,-0.03735048100539598,0.00010336650801327942,-2.399536436286652e-79,-0.0001498808612983128,-0.25013785286097645
1770707181.0306404,1.2044322564339636,0.0,0.020000000000000007,1.23,0.0,0.1,0.25,-0.03735048100539598,0.00010336650801327942,-2.0447101971073253e-79,-5.0181093372601866e-05,-0.2500867437774855
1770707181.4436784,1.2044322564339636,0.0,0.020000000000000007,1.23,0.0,0.1,0.25,-0.03735048100539598,0.00010336650801327942,-1.5867293067600413e-79,-8.417241087475866e-05,-0.25009716859119424
1770707181.8552468,1.2044322564339636,0.0,0.020000000000000007,1.23,0.0,0.1,0.25,-0.03735048100539598,0.00010336650801327942,-1.0963847619761438e-79,3.329022837333934e-05,-0.2500467844037448
1770707182.2638874,1.2044322564339636,0.0,0.020000000000000007,1.23,0.0,0.1,0.25,-0.03735048100539598,0.00010336650801327942,-9.038705257159046e-80,4.0051214516649195e-05,-0.25003233374536266
1770707182.6800635,1.2044322564339636,0.0,0.020000000000000007,1.23,0.0,0.1,0.25,-0.03735048100539598,0.00010336650801327942,-8.010200378091565e-80,5.0408703285362065e-05,-0.25002751465124085
1770707183.0932958,1.2044322564339636,0.0,0.020000000000000007,1.23,0.0,0.1,0.25,-0.03735048100539598,0.00010336650801327942,-4.927060038743655e-80,2.019450438034791e-06,-0.25005551245407237
1770707183.512624,1.2044322564339636,0.0,0.020000000000000007,1.23,0.0,0.1,0.25,-0.03735048100539598,0.00010336650801327942,-3.811737442609844e-80,-3.108385856034977e-05,-0.2500705355141867
1770707183.924809,1.2044322564339636,0.0,0.020000000000000007,1.23,0.0,0.1,0.25,-0.03735048100539598,0.00010336650801327942,-2.9712278379154633e-80,1.138469645196219e-05,-0.2500502377612819
1770707184.3414972,1.2044322564339636,0.0,0.020000000000000007,1.23,0.0,0.1,0.25,-0.03735048100539598,0.00010336650801327942,-2.5032943966849273e-80,-2.714490398918834e-05,-0.25006910866604537
1770707184.7594583,1.2044322564339636,0.0,0.020000000000000007,1.23,0.0,0.1,0.25,-0.03735048100539598,0.00010336650801327942,-1.9351817884233907e-80,-6.581671044713823e-05,-0.250088458789876
1770707185.1975834,1.2044322564339636,0.0,0.020000000000000007,1.23,0.0,0.1,0.25,-0.03735048100539598,0.00010336650801327942,-1.4394607948680164e-80,-8.269173056390155e-05,-0.2500947166213003
1770707185.6299295,1.2044322564339636,0.0,0.020000000000000007,1.23,0.0,0.1,0.25,-0.03735048100539598,0.00010336650801327942,-1.0117762693176146e-80,-3.0078056157157343e-05,-0.2500719836495259
1770707186.0573678,1.2044322564339636,0.0,0.020000000000000007,1.23,0.0,0.1,0.25,-0.03735048100539598,0.00010336650801327942,-8.1405686233448155e-81,-6.590409360469928e-05,-0.25008821790455377
1770707186.4837341,1.2044322564339636,0.0,0.020000000000000007,1.23,0.0,0.1,0.25,-0.03735048100539598,0.00010336650801327942,-5.72746547618228e-81,5.3163672919594944e-05,-0.2500370081941993
1770707186.9217782,1.2044322564339636,0.0,0.020000000000000007,1.23,0.0,0.1,0.25,-0.03735048100539598,0.00010336650801327942,-4.875509041277645e-81,3.567275543436309e-05,-0.250035595968038
1770707187.333009,1.2044322564339636,0.0,0.020000000000000007,1.23,0.0,0.1,0.25,-0.03735048100539598,0.00010336650801327942,-3.781244919698627e-81,0.00014447155482469519,-0.25003143240334474
1770707187.754274,1.2044322564339636,0.0,0.020000000000000007,1.23,0.0,0.1,0.25,-0.03735048100539598,0.00010336650801327942,-2.938065452041978e-81,0.00013363164130688766,-0.2500162165579986
1770707188.166064,1.2044322564339636,0.0,0.020000000000000007,1.23,0.0,0.1,0.25,-0.03735048100539598,0.00010336650801327942,-2.0298206335688333e-81,0.0001527090048829639,-0.25002657898479247
1770707188.583584,1.2044322564339636,0.0,0.020000000000000007,1.23,0.0,0.1,0.25,-0.03735048100539598,0.00010336650801327942,-1.5218923729038093e-81,0.00018022456507224888,-0.2500411805845484
1770707188.9969716,1.2044322564339636,0.0,0.020000000000000007,1.23,0.0,0.1,0.25,-0.03735048100539598,0.00010336650801327942,-1.1874231242521426e-81,-1.1560202509272766e-05,-0.25007664183201944
1770707189.4125845,1.2044322564339636,0.0,0.020000000000000007,1.23,0.0,0.1,0.25,-0.03735048100539598,0.00010336650801327942,-9.23355904394303e-82,2.2510035378646772e-05,-0.25004383526010615
1770707189.834024,1.2044322564339636,0.0,0.020000000000000007,1.23,0.0,0.1,0.25,-0.03735048100539598,0.00010336650801327942,-7.845332673342272e-82,-6.719685198662464e-05,-0.25009425236873645
1770707190.247001,1.2044322564339636,0.0,0.020000000000000007,1.23,0.0,0.1,0.25,-0.03735048100539598,0.00010336650801327942,-6.088508218651538e-82,-4.141861227171051e-05,-0.250074970384114
1770707190.6603208,1.2044322564339636,0.0,0.020000000000000007,1.23,0.0,0.1,0.25,-0.03735048100539598,0.00010336650801327942,-4.7283976669537707e-82,-0.000100638144069617,-0.25010792427922124
1770707191.0839505,1.2044322564339636,0.0,0.020000000000000007,1.23,0.0,0.1,0.25,-0.03735048100539598,0.00010336650801327942,-3.172633770774688e-82,-0.0001266881109454617,-0.25011763230616696
1770707191.504032,1.2044322564339636,0.0,0.020000000000000007,1.23,0.0,0.1,0.25,-0.03735048100539598,0.00010336650801327942,-2.44008134595063e-82,-4.158538216915871e-05,-0.25008098621796887
1770707191.9284558,1.2044322564339636,0.0,0.020000000000000007,1.23,0.0,0.1,0.25,-0.03735048100539598,0.00010336650801327942,-2.0745687169731106e-82,-0.0001553078551098283,-0.25014070942885563
1770707192.342072,1.2044322564339636,0.0,0.020000000000000007,1.23,0.0,0.1,0.25,-0.03735048100539598,0.00010336650801327942,-1.6114224353200272e-82,-9.660973405799443e-05,-0.25010585793314083
1770707192.7673497,1.2044322564339636,0.0,0.020000000000000007,1.23,0.0,0.1,0.25,-0.03735048100539598,0.00010336650801327942,-1.2512709932977598e-82,-0.00016012731117647975,-0.25013809866730674
1770707193.1851103,1.2044322564339636,0.0,0.020000000000000007,1.23,0.0,0.1,0.25,-0.03735048100539598,0.00010336650801327942,-8.291196698028899e-83,-2.3134179618522607e-05,-0.2500769496569717
1770707193.6019065,1.2044322564339636,0.0,0.020000000000000007,1.23,0.0,0.1,0.25,-0.03735048100539598,0.00010336650801327942,-6.451519548990668e-83,-1.6782314904144362e-05,-0.25006070959793014
1770707194.027937,1.2044322564339636,0.0,0.020000000000000007,1.23,0.0,0.1,0.25,-0.03735048100539598,0.00010336650801327942,-6.011491201229436e-83,3.803685855983736e-05,-0.25003814674207314
1770707194.441081,1.2044322564339636,0.0,0.020000000000000007,1.23,0.0,0.1,0.25,-0.03735048100539598,0.00010336650801327942,-4.043064189476652e-83,2.809924638878994e-05,-0.2500386273920293
1770707194.8586824,1.2044322564339636,0.0,0.020000000000000007,1.23,0.0,0.1,0.25,-0.03735048100539598,0.00010336650801327942,-3.3306523916245206e-83,-3.0818473394224905e-05,-0.25007298426268204
1770707195.2721725,1.2044322564339636,0.0,0.020000000000000007,1.23,0.0,0.1,0.25,-0.03735048100539598,0.00010336650801327942,-2.2211161282880843e-83,4.837658166491103e-06,-0.25005283003807943
1770707195.6849694,1.2044322564339636,0.0,0.020000000000000007,1.23,0.0,0.1,0.25,-0.03735048100539598,0.00010336650801327942,-1.723421994552686e-83,-6.866739477629733e-05,-0.25009336745668903
1770707196.115122,1.2044322564339636,0.0,0.020000000000000007,1.23,0.0,0.1,0.25,-0.03735048100539598,0.00010336650801327942,-1.33792505231826e-83,-0.00010258062096632218,-0.2501063648871088
1770707196.5289886,1.2044322564339636,0.0,0.020000000000000007,1.23,0.0,0.1,0.25,-0.03735048100539598,0.00010336650801327942,-1.1347122888465714e-83,-0.00018023503520359625,-0.25014956621303214
1770707196.944194,1.2044322564339636,0.0,0.020000000000000007,1.23,0.0,0.1,0.25,-0.03735048100539598,0.00010336650801327942,-7.683985819662609e-84,-0.00010554056127785753,-0.2501119229820381
1770707197.357287,1.2044322564339636,0.0,0.020000000000000007,1.23,0.0,0.1,0.25,-0.03735048100539598,0.00010336650801327942,-6.835614577270003e-84,-0.0001143421288309117,-0.2501097344751774
1770707197.7737973,1.2044322564339636,0.0,0.020000000000000007,1.23,0.0,0.1,0.25,-0.03735048100539598,0.00010336650801327942,-4.456214497386771e-84,-3.135235871270492e-05,-0.2500756584103748
1770707198.1990483,1.2044322564339636,0.0,0.020000000000000007,1.23,0.0,0.1,0.25,-0.03735048100539598,0.00010336650801327942,-3.5405907691634565e-84,-6.501390075465466e-05,-0.2500875563585882
1770707198.6124249,1.2044322564339636,0.0,0.020000000000000007,1.23,0.0,0.1,0.25,-0.03735048100539598,0.00010336650801327942,-2.684360429027194e-84,5.708938790650528e-05,-0.2500353488889195
1770707199.0274,1.2044322564339636,0.0,0.020000000000000007,1.23,0.0,0.1,0.25,-0.03735048100539598,0.00010336650801327942,-2.3267907853415007e-84,8.768704474211452e-05,-0.25001089949731914
1770707199.439502,1.2044322564339636,0.0,0.020000000000000007,1.23,0.0,0.1,0.25,-0.03735048100539598,0.00010336650801327942,-1.8095896269788222e-84,8.6802933931554e-05,-0.25000837019812194
1770707199.8495233,1.2044322564339636,0.0,0.020000000000000007,1.23,0.0,0.1,0.25,-0.03735048100539598,0.00010336650801327942,-1.4027145571813777e-84,0.0001769786041839441,-0.2500458236151106
1770707200.2625575,1.2044322564339636,0.0,0.020000000000000007,1.23,0.0,0.1,0.25,-0.03735048100539598,0.00010336650801327942,-1.0895742161881273e-84,6.313664583980042e-05,-0.25003149912692113
1770707200.6781712,1.2044322564339636,0.0,0.020000000000000007,1.23,0.0,0.1,0.25,-0.03735048100539598,0.00010336650801327942,-7.268086542401256e-85,4.3158175492556856e-05,-0.2500321020132951
1770707201.089556,1.2044322564339636,0.0,0.020000000000000007,1.23,0.0,0.1,0.25,-0.03735048100539598,0.00010336650801327942,-5.649836015346866e-85,2.950495017169088e-06,-0.25005422877454564
1770707201.500414,1.2044322564339636,0.0,0.020000000000000007,1.23,0.0,0.1,0.25,-0.03735048100539598,0.00010336650801327942,-4.383077886236577e-85,-3.634653530197635e-05,-0.25007378622468956
1770707201.9132566,1.2044322564339636,0.0,0.020000000000000007,1.23,0.0,0.1,0.25,-0.03735048100539598,0.00010336650801327942,-3.3962828525869355e-85,-8.808112608478862e-05,-0.25010089727612733
1770707202.3482077,1.2044322564339636,0.0,0.020000000000000007,1.23,0.0,0.1,0.25,-0.03735048100539598,0.00010336650801327942,-2.7261389915515e-85,-9.411384690432992e-05,-0.25009934344954077
1770707202.762888,1.2044322564339636,0.0,0.020000000000000007,1.23,0.0,0.1,0.25,-0.03735048100539598,0.00010336650801327942,-2.1150458126713635e-85,-0.00010951914261238045,-0.2501079833548836
1770707203.1851041,1.2044322564339636,0.0,0.020000000000000007,1.23,0.0,0.1,0.25,-0.03735048100539598,0.00010336650801327942,-1.4546543858491972e-85,-3.673366284401026e-05,-0.2500773286334055
1770707203.602131,1.2044322564339636,0.0,0.020000000000000007,1.23,0.0,0.1,0.25,-0.03735048100539598,0.00010336650801327942,-1.128972549823622e-85,-6.3547378667724265e-06,-0.25005789851543775
1770707204.0139005,1.2044322564339636,0.0,0.020000000000000007,1.23,0.0,0.1,0.25,-0.03735048100539598,0.00010336650801327942,-8.948124166012226e-86,0.00014850370776789808,-0.25003805444444077
1770707204.4420013,1.2044322564339636,0.0,0.020000000000000007,1.23,0.0,0.1,0.25,-0.03735048100539598,0.00010336650801327942,-6.78783379708748e-86,0.00022395298749385567,-0.2500678381677129
1770707204.859676,1.2044322564339636,0.0,0.020000000000000007,1.23,0.0,0.1,0.25,-0.03735048100539598,0.00010336650801327942,-5.6009803862802536e-86,0.00022778476616568813,-0.2500625923069434
1770707205.2751012,1.2044322564339636,0.0,0.020000000000000007,1.23,0.0,0.1,0.25,-0.03735048100539598,0.00010336650801327942,-3.948952983874331e-86,0.00019394515729884593,-0.25004867328552943
1770707205.709755,1.2044322564339636,0.0,0.020000000000000007,1.23,0.0,0.1,0.25,-0.03735048100539598,0.00010336650801327942,-3.064552845534317e-86,0.00015598141959172977,-0.25003010382956
1770707206.1579988,1.2044322564339636,0.0,0.020000000000000007,1.23,0.0,0.1,0.25,-0.03735048100539598,0.00010336650801327942,-2.6008314366663083e-86,0.00011312205191738362,-0.2500091637087195
1770707206.5696259,1.2044322564339636,0.0,0.020000000000000007,1.23,0.0,0.1,0.25,-0.03735048100539598,0.00010336650801327942,-1.991703666544261e-86,3.277511271705117e-05,-0.2500433303915681
1770707206.989045,1.2044322564339636,0.0,0.020000000000000007,1.23,0.0,0.1,0.25,-0.03735048100539598,0.00010336650801327942,-1.3121112187261198e-86,1.421860368691603e-05,-0.25004642960306617
1770707207.4111776,1.2044322564339636,0.0,0.020000000000000007,1.23,0.0,0.1,0.25,-0.03735048100539598,0.00010336650801327942,-1.0184902307498061e-86,-3.8398001520990555e-05,-0.25007614391528793
1770707207.8417103,1.2044322564339636,0.0,0.020000000000000007,1.23,0.0,0.1,0.25,-0.03735048100539598,0.00010336650801327942,-8.447499808884837e-87,-0.00011440249381526962,-0.2501164849501437
1770707208.2537398,1.2044322564339636,0.0,0.020000000000000007,1.23,0.0,0.1,0.25,-0.03735048100539598,0.00010336650801327942,-6.550848556237095e-87,7.373176282996288e-05,-0.2500336307982562
1770707208.673683,1.2044322564339636,0.0,0.020000000000000007,1.23,0.0,0.1,0.25,-0.03735048100539598,0.00010336650801327942,-4.631750086958138e-87,0.00011834427157317483,-0.25001195013265426
1770707209.0889301,1.2044322564339636,0.0,0.020000000000000007,1.23,0.0,0.1,0.25,-0.03735048100539598,0.00010336650801327942,-3.4692812278208256e-87,0.00011161113938900447,-0.25000479562890626
1770707209.51584,1.2044322564339636,0.0,0.020000000000000007,1.23,0.0,0.1,0.25,-0.03735048100539598,0.00010336650801327942,-2.6945014847654895e-87,2.3531555558680567e-05,-0.2500487254346103
1770707209.9394212,1.2044322564339636,0.0,0.020000000000000007,1.23,0.0,0.1,0.25,-0.03735048100539598,0.00010336650801327942,-2.236172914570514e-87,3.6298914277102394e-05,-0.25003481053273996
1770707210.3545458,1.2044322564339636,0.0,0.020000000000000007,1.23,0.0,0.1,0.25,-0.03735048100539598,0.00010336650801327942,-1.7319766174010546e-87,-4.9891770858685797e-05,-0.25008524820794953
1770707210.7735484,1.2044322564339636,0.0,0.020000000000000007,1.23,0.0,0.1,0.25,-0.03735048100539598,0.00010336650801327942,-1.182614008426013e-87,-1.5485871983887973e-05,-0.2500628667798861
1770707211.1903074,1.2044322564339636,0.0,0.020000000000000007,1.23,0.0,0.1,0.25,-0.03735048100539598,0.00010336650801327942,-9.161250310190241e-88,-9.134513289686959e-05,-0.25010494174654635
1770707211.6003547,1.2044322564339636,0.0,0.020000000000000007,1.23,0.0,0.1,0.25,-0.03735048100539598,0.00010336650801327942,-7.121266090339657e-88,-0.00026428493013959994,-0.2502011196988007
1770707212.013281,1.2044322564339636,0.0,0.020000000000000007,1.23,0.0,0.1,0.25,-0.03735048100539598,0.00010336650801327942,-5.520899971223031e-88,-0.0003080900124230418,-0.25021010876844646
1770707212.4353828,1.2044322564339636,0.0,0.020000000000000007,1.23,0.0,0.1,0.25,-0.03735048100539598,0.00010336650801327942,-4.6046760031776946e-88,-0.00036209842670944625,-0.25023813330879
1770707212.866114,1.2044322564339636,0.0,0.020000000000000007,1.23,0.0,0.1,0.25,-0.03735048100539598,0.00010336650801327942,-3.578649373082397e-88,-0.00023369056843094033,-0.25018136932405
1770707213.2742395,1.2044322564339636,0.0,0.020000000000000007,1.23,0.0,0.1,0.25,-0.03735048100539598,0.00010336650801327942,-2.4225049358746512e-88,-0.00015937826846100078,-0.2501388036182341
1770707213.7221196,1.2044322564339636,0.0,0.020000000000000007,1.23,0.0,0.1,0.25,-0.03735048100539598,0.00010336650801327942,-2.021019146461798e-88,-8.57172850425433e-05,-0.25010190799486975
1770707214.1365006,1.2044322564339636,0.0,0.020000000000000007,1.23,0.0,0.1,0.25,-0.03735048100539598,0.00010336650801327942,-1.5716363588813853e-88,-0.000116905019497337,-0.2501132545372008
1770707214.5573997,1.2044322564339636,0.0,0.020000000000000007,1.23,0.0,0.1,0.25,-0.03735048100539598,0.00010336650801327942,-1.220042338496269e-88,1.552545574654715e-05,-0.25005716357365776
1770707214.9850123,1.2044322564339636,0.0,0.020000000000000007,1.23,0.0,0.1,0.25,-0.03735048100539598,0.00010336650801327942,-8.243692084468391e-89,2.7925123154215237e-05,-0.2500389606591703
1770707215.403695,1.2044322564339636,0.0,0.020000000000000007,1.23,0.0,0.1,0.25,-0.03735048100539598,0.00010336650801327942,-6.404500694764895e-89,4.885059202645205e-05,-0.2500293505048806
1770707215.8209336,1.2044322564339636,0.0,0.020000000000000007,1.23,0.0,0.1,0.25,-0.03735048100539598,0.00010336650801327942,-5.347098516603998e-89,0.0001162888163092252,-0.25001320497657625
1770707216.2351613,1.2044322564339636,0.0,0.020000000000000007,1.23,0.0,0.1,0.25,-0.03735048100539598,0.00010336650801327942,-4.1505169309977286e-89,2.2589339131559664e-05,-0.25004975853215866
1770707216.6594653,1.2044322564339636,0.0,0.020000000000000007,1.23,0.0,0.1,0.25,-0.03735048100539598,0.00010336650801327942,-3.217143580714808e-89,-6.91616261941839e-06,-0.25005809188549144
1770707217.0688164,1.2044322564339636,0.0,0.020000000000000007,1.23,0.0,0.1,0.25,-0.03735048100539598,0.00010336650801327942,-2.507185692184821e-89,-3.585418773049983e-05,-0.250072504150383
1770707217.48057,1.2044322564339636,0.0,0.020000000000000007,1.23,0.0,0.1,0.25,-0.03735048100539598,0.00010336650801327942,-1.6953849637407512e-89,7.512761135476164e-06,-0.2500522635683255
1770707217.8962085,1.2044322564339636,0.0,0.020000000000000007,1.23,0.0,0.1,0.25,-0.03735048100539598,0.00010336650801327942,-1.315893564604308e-89,-7.874528303255156e-05,-0.25009968169993974
1770707218.3207831,1.2044322564339636,0.0,0.020000000000000007,1.23,0.0,0.1,0.25,-0.03735048100539598,0.00010336650801327942,-1.0987290012764723e-89,-7.65935606549533e-05,-0.2500901952065719
1770707218.7453182,1.2044322564339636,0.0,0.020000000000000007,1.23,0.0,0.1,0.25,-0.03735048100539598,0.00010336650801327942,-8.557891927128013e-90,-9.227603887343634e-05,-0.2500993895212652
1770707219.1680021,1.2044322564339636,0.0,0.020000000000000007,1.23,0.0,0.1,0.25,-0.03735048100539598,0.00010336650801327942,-6.644660995586245e-90,-0.00012263499991202231,-0.2501160366500665
1770707219.6083794,1.2044322564339636,0.0,0.020000000000000007,1.23,0.0,0.1,0.25,-0.03735048100539598,0.00010336650801327942,-4.495251008115777e-90,1.8781427842925546e-05,-0.25005643418286067
1770707220.0257766,1.2044322564339636,0.0,0.020000000000000007,1.23,0.0,0.1,0.25,-0.03735048100539598,0.00010336650801327942,-3.80479746945065e-90,-4.604738273682672e-05,-0.250081189826433
1770707220.445176,1.2044322564339636,0.0,0.020000000000000007,1.23,0.0,0.1,0.25,-0.03735048100539598,0.00010336650801327942,-2.959970216210461e-90,7.579270494263826e-05,-0.25002597091030326
1770707220.8626375,1.2044322564339636,0.0,0.020000000000000007,1.23,0.0,0.1,0.25,-0.03735048100539598,0.00010336650801327942,-2.295816991812419e-90,6.020304735295955e-06,-0.2500556503416597
1770707221.2944748,1.2044322564339636,0.0,0.020000000000000007,1.23,0.0,0.1,0.25,-0.03735048100539598,0.00010336650801327942,-1.52707914744772e-90,-8.02568833716823e-05,-0.2501004394145032
1770707221.7257586,1.2044322564339636,0.0,0.020000000000000007,1.23,0.0,0.1,0.25,-0.03735048100539598,0.00010336650801327942,-1.2915716581695447e-90,-0.00011988537962101094,-0.2501155887934421
1770707222.13855,1.2044322564339636,0.0,0.020000000000000007,1.23,0.0,0.1,0.25,-0.03735048100539598,0.00010336650801327942,-9.46338950341806e-91,-0.0001137235618032843,-0.25010916121669
1770707222.5561478,1.2044322564339636,0.0,0.020000000000000007,1.23,0.0,0.1,0.25,-0.03735048100539598,0.00010336650801327942,-7.808434276143258e-91,-0.000140696382502406,-0.25012472872732777
1770707222.9688962,1.2044322564339636,0.0,0.020000000000000007,1.23,0.0,0.1,0.25,-0.03735048100539598,0.00010336650801327942,-6.071058611442478e-91,-0.00016583175858271896,-0.25013711267090605
1770707223.3814638,1.2044322564339636,0.0,0.020000000000000007,1.23,0.0,0.1,0.25,-0.03735048100539598,0.00010336650801327942,-4.041155628178806e-91,-9.851404946191135e-05,-0.2501076720496497
1770707223.7960787,1.2044322564339636,0.0,0.020000000000000007,1.23,0.0,0.1,0.25,-0.03735048100539598,0.00010336650801327942,-3.134568226556369e-91,-0.00013888163800088123,-0.250125160831861
1770707224.2153409,1.2044322564339636,0.0,0.020000000000000007,1.23,0.0,0.1,0.25,-0.03735048100539598,0.00010336650801327942,-2.4395226089828536e-91,-0.00011350429582190997,-0.25011097313613545
1770707224.6344306,1.2044322564339636,0.0,0.020000000000000007,1.23,0.0,0.1,0.25,-0.03735048100539598,0.00010336650801327942,-1.961365378648587e-91,-6.506294299453014e-06,-0.2500656362013086
1770707225.0603669,1.2044322564339636,0.0,0.020000000000000007,1.23,0.0,0.1,0.25,-0.03735048100539598,0.00010336650801327942,-1.6056808719445392e-91,0.0001180063679483189,-0.2500197711961923
1770707225.473049,1.2044322564339636,0.0,0.020000000000000007,1.23,0.0,0.1,0.25,-0.03735048100539598,0.00010336650801327942,-1.0716370876940461e-91,0.00021717522262045444,-0.2500668212427708
1770707225.8852787,1.2044322564339636,0.0,0.020000000000000007,1.23,0.0,0.1,0.25,-0.03735048100539598,0.00010336650801327942,-8.310254974322709e-92,0.00013402626630322124,-0.25002364477477673
1770707226.3191032,1.2044322564339636,0.0,0.020000000000000007,1.23,0.0,0.1,0.25,-0.03735048100539598,0.00010336650801327942,-6.450450651020869e-92,0.00015694906191628268,-0.2500290835565128
1770707226.7346225,1.2044322564339636,0.0,0.020000000000000007,1.23,0.0,0.1,0.25,-0.03735048100539598,0.00010336650801327942,-5.486048367611639e-92,8.438425954716089e-05,-0.25001674760446996
1770707227.1495512,1.2044322564339636,0.0,0.020000000000000007,1.23,0.0,0.1,0.25,-0.03735048100539598,0.00010336650801327942,-4.22773625960544e-92,6.92734505233208e-05,-0.25001855760964736
1770707227.5638006,1.2044322564339636,0.0,0.020000000000000007,1.23,0.0,0.1,0.25,-0.03735048100539598,0.00010336650801327942,-3.117348175915613e-92,-6.213822406957414e-05,-0.2500958935335007
1770707227.9869092,1.2044322564339636,0.0,0.020000000000000007,1.23,0.0,0.1,0.25,-0.03735048100539598,0.00010336650801327942,-2.1908028964197524e-92,-0.00015936160022029988,-0.2501410863917319
1770707228.401688,1.2044322564339636,0.0,0.020000000000000007,1.23,0.0,0.1,0.25,-0.03735048100539598,0.00010336650801327942,-1.629438158587906e-92,-0.00029202286339738176,-0.25021096081202304
1770707228.8228476,1.2044322564339636,0.0,0.020000000000000007,1.23,0.0,0.1,0.25,-0.03735048100539598,0.00010336650801327942,-1.4128174936081082e-92,-0.00017043240108967247,-0.25014905850078223
1770707229.2457871,1.2044322564339636,0.0,0.020000000000000007,1.23,0.0,0.1,0.25,-0.03735048100539598,0.00010336650801327942,-1.1216980830126387e-92,-2.4876304484601832e-05,-0.25007867701590947
1770707229.6655688,1.2044322564339636,0.0,0.020000000000000007,1.23,0.0,0.1,0.25,-0.03735048100539598,0.00010336650801327942,-8.701677032194856e-93,-5.6040262822776535e-06,-0.250056412494968
1770707230.0869904,1.2044322564339636,0.0,0.020000000000000007,1.23,0.0,0.1,0.25,-0.03735048100539598,0.00010336650801327942,-5.792379136586996e-93,8.008057756161254e-05,-0.2500202114256102
1770707230.4995537,1.2044322564339636,0.0,0.020000000000000007,1.23,0.0,0.1,0.25,-0.03735048100539598,0.00010336650801327942,-4.4992503488391315e-93,7.106456662843458e-05,-0.25001705257178575
1770707230.9167752,1.2044322564339636,0.0,0.020000000000000007,1.23,0.0,0.1,0.25,-0.03735048100539598,0.00010336650801327942,-3.4869938344517844e-93,0.0001434640873672993,-0.2500272887417509
1770707231.349564,1.2044322564339636,0.0,0.020000000000000007,1.23,0.0,0.1,0.25,-0.03735048100539598,0.00010336650801327942,-2.955989608352944e-93,0.0001830685425905676,-0.25004381146281096
1770707231.7733788,1.2044322564339636,0.0,0.020000000000000007,1.23,0.0,0.1,0.25,-0.03735048100539598,0.00010336650801327942,-1.962676676854478e-93,0.00013190695071771876,-0.2500193863805395
1770707232.1828558,1.2044322564339636,0.0,0.020000000000000007,1.23,0.0,0.1,0.25,-0.03735048100539598,0.00010336650801327942,-1.5321883704188697e-93,1.9694102569935972e-05,-0.2500530574875365
1770707232.5972452,1.2044322564339636,0.0,0.020000000000000007,1.23,0.0,0.1,0.25,-0.03735048100539598,0.00010336650801327942,-1.1886992651374847e-93,-2.9825596831072668e-05,-0.25007154802236226
1770707233.0097554,1.2044322564339636,0.0,0.020000000000000007,1.23,0.0,0.1,0.25,-0.03735048100539598,0.00010336650801327942,-9.213005131670425e-94,-0.00017141719248769025,-0.2501515510098161
1770707233.4477332,1.2044322564339636,0.0,0.020000000000000007,1.23,0.0,0.1,0.25,-0.03735048100539598,0.00010336650801327942,-7.807560587323038e-94,-0.00012272792081541024,-0.2501179161415816
1770707233.8608158,1.2044322564339636,0.0,0.020000000000000007,1.23,0.0,0.1,0.25,-0.03735048100539598,0.00010336650801327942,-6.066444125901903e-94,-8.684724768343689e-05,-0.25009869494516157
1770707234.2914412,1.2044322564339636,0.0,0.020000000000000007,1.23,0.0,0.1,0.25,-0.03735048100539598,0.00010336650801327942,-4.425603689583112e-94,-8.32928567480767e-05,-0.25009368512147423
1770707234.7107215,1.2044322564339636,0.0,0.020000000000000007,1.23,0.0,0.1,0.25,-0.03735048100539598,0.00010336650801327942,-3.1425974271466653e-94,4.216601912102726e-05,-0.25004314613203305
1770707235.1492355,1.2044322564339636,0.0,0.020000000000000007,1.23,0.0,0.1,0.25,-0.03735048100539598,0.00010336650801327942,-2.667852977951704e-94,0.00014437531853523955,-0.2500307253352024
1770707235.5604749,1.2044322564339636,0.0,0.020000000000000007,1.23,0.0,0.1,0.25,-0.03735048100539598,0.00010336650801327942,-2.0770781908832595e-94,0.0001600352902835375,-0.25002990038830997
1770707235.9727721,1.2044322564339636,0.0,0.020000000000000007,1.23,0.0,0.1,0.25,-0.03735048100539598,0.00010336650801327942,-1.3889609076544496e-94,0.00016470918602589464,-0.2500311387285805
1770707236.4030113,1.2044322564339636,0.0,0.020000000000000007,1.23,0.0,0.1,0.25,-0.03735048100539598,0.00010336650801327942,-1.0773616736695178e-94,0.0002329027883682743,-0.2500715875004117
1770707236.8257623,1.2044322564339636,0.0,0.020000000000000007,1.23,0.0,0.1,0.25,-0.03735048100539598,0.00010336650801327942,-8.644721988223491e-95,9.722454588422201e-05,-0.2500166388053129
1770707237.2399921,1.2044322564339636,0.0,0.020000000000000007,1.23,0.0,0.1,0.25,-0.03735048100539598,0.00010336650801327942,-7.103562374483693e-95,7.83401599883788e-05,-0.250014401612602
1770707237.6687844,1.2044322564339636,0.0,0.020000000000000007,1.23,0.0,0.1,0.25,-0.03735048100539598,0.00010336650801327942,-5.5295923743993346e-95,2.6266763165053822e-05,-0.2500437572121065
1770707238.0849361,1.2044322564339636,0.0,0.020000000000000007,1.23,0.0,0.1,0.25,-0.03735048100539598,0.00010336650801327942,-3.670709761004822e-95,2.4928837631566477e-05,-0.25003935262774424
1770707238.496825,1.2044322564339636,0.0,0.020000000000000007,1.23,0.0,0.1,0.25,-0.03735048100539598,0.00010336650801327942,-2.8549492726891268e-95,-1.6365071681152865e-05,-0.2500639951807785
1770707238.9213607,1.2044322564339636,0.0,0.020000000000000007,1.23,0.0,0.1,0.25,-0.03735048100539598,0.00010336650801327942,-2.2988221622419442e-95,-0.00011093701224054939,-0.25011660895418286
1770707239.3545518,1.2044322564339636,0.0,0.020000000000000007,1.23,0.0,0.1,0.25,-0.03735048100539598,0.00010336650801327942,-1.8899510513089437e-95,-2.830470489979819e-06,-0.2500639091434267
1770707239.7669806,1.2044322564339636,0.0,0.020000000000000007,1.23,0.0,0.1,0.25,-0.03735048100539598,0.00010336650801327942,-1.3852371814624765e-95,-2.878804437195638e-05,-0.2500686730335808
1770707240.1853452,1.2044322564339636,0.0,0.020000000000000007,1.23,0.0,0.1,0.25,-0.03735048100539598,0.00010336650801327942,-9.755890305078449e-96,0.00012691683740949784,-0.25002734565287627
1770707240.6019294,1.2044322564339636,0.0,0.020000000000000007,1.23,0.0,0.1,0.25,-0.03735048100539598,0.00010336650801327942,-7.57510766435037e-96,0.00019145103381589597,-0.25005049568254195
1770707241.024605,1.2044322564339636,0.0,0.020000000000000007,1.23,0.0,0.1,0.25,-0.03735048100539598,0.00010336650801327942,-6.440999308616805e-96,0.0002291286682372133,-0.2500666488435541
1770707241.444527,1.2044322564339636,0.0,0.020000000000000007,1.23,0.0,0.1,0.25,-0.03735048100539598,0.00010336650801327942,-5.000065749953216e-96,0.00024703817626158756,-0.2500736267849266
1770707241.8618085,1.2044322564339636,0.0,0.020000000000000007,1.23,0.0,0.1,0.25,-0.03735048100539598,0.00010336650801327942,-3.6651056661460356e-96,0.000236052370717044,-0.25006744151190635
1770707242.2799075,1.2044322564339636,0.0,0.020000000000000007,1.23,0.0,0.1,0.25,-0.03735048100539598,0.00010336650801327942,-2.5797796539265706e-96,0.0001844101841800061,-0.25004568605673705
1770707242.6998038,1.2044322564339636,0.0,0.020000000000000007,1.23,0.0,0.1,0.25,-0.03735048100539598,0.00010336650801327942,-1.997472964330283e-96,3.431996348474574e-05,-0.2500495322943338
1770707243.1228173,1.2044322564339636,0.0,0.020000000000000007,1.23,0.0,0.1,0.25,-0.03735048100539598,0.00010336650801327942,-1.555018483780327e-96,-5.106006270523814e-05,-0.2500857512879783
1770707243.536633,1.2044322564339636,0.0,0.020000000000000007,1.23,0.0,0.1,0.25,-0.03735048100539598,0.00010336650801327942,-1.321521649096754e-96,-0.0001274314834951466,-0.25012303613783315
1770707243.9497006,1.2044322564339636,0.0,0.020000000000000007,1.23,0.0,0.1,0.25,-0.03735048100539598,0.00010336650801327942,-1.0246895492014248e-96,-8.289924188435377e-05,-0.2500975860991099
1770707244.3646111,1.2044322564339636,0.0,0.020000000000000007,1.23,0.0,0.1,0.25,-0.03735048100539598,0.00010336650801327942,-7.918912943859738e-97,-0.0001579191632148221,-0.2501381448277471
1770707244.7815692,1.2044322564339636,0.0,0.020000000000000007,1.23,0.0,0.1,0.25,-0.03735048100539598,0.00010336650801327942,-5.29015142877434e-97,-0.00011579259980253928,-0.2501137922102491
1770707245.1973593,1.2044322564339636,0.0,0.020000000000000007,1.23,0.0,0.1,0.25,-0.03735048100539598,0.00010336650801327942,-4.104275254858055e-97,-9.641651303854653e-05,-0.2501018291192023
1770707245.6299348,1.2044322564339636,0.0,0.020000000000000007,1.23,0.0,0.1,0.25,-0.03735048100539598,0.00010336650801327942,-3.490442239181539e-97,5.463449232331688e-06,-0.2500591395256176
1770707246.0428429,1.2044322564339636,0.0,0.020000000000000007,1.23,0.0,0.1,0.25,-0.03735048100539598,0.00010336650801327942,-2.560652114252463e-97,9.710359500472223e-05,-0.2500122954710815
1770707246.4527516,1.2044322564339636,0.0,0.020000000000000007,1.23,0.0,0.1,0.25,-0.03735048100539598,0.00010336650801327942,-2.1031763787147888e-97,8.397045198788208e-05,-0.2500110113423144
1770707246.86622,1.2044322564339636,0.0,0.020000000000000007,1.23,0.0,0.1,0.25,-0.03735048100539598,0.00010336650801327942,-1.631784152785058e-97,0.0002135966403403577,-0.2500680776849988
1770707247.2984674,1.2044322564339636,0.0,0.020000000000000007,1.23,0.0,0.1,0.25,-0.03735048100539598,0.00010336650801327942,-1.073177916394e-97,-1.9424337696816407e-06,-0.25007420837830246
1770707247.7144184,1.2044322564339636,0.0,0.020000000000000007,1.23,0.0,0.1,0.25,-0.03735048100539598,0.00010336650801327942,-8.42708374136957e-98,-3.6426509143853724e-06,-0.25005367460117833
1770707248.1281276,1.2044322564339636,0.0,0.020000000000000007,1.23,0.0,0.1,0.25,-0.03735048100539598,0.00010336650801327942,-6.467979661888999e-98,2.8831844072285952e-05,-0.25004051478146916
1770707248.5594878,1.2044322564339636,0.0,0.020000000000000007,1.23,0.0,0.1,0.25,-0.03735048100539598,0.00010336650801327942,-5.5799526877259384e-98,-3.068798011002651e-05,-0.25007297922647986
1770707248.9702482,1.2044322564339636,0.0,0.020000000000000007,1.23,0.0,0.1,0.25,-0.03735048100539598,0.00010336650801327942,-3.7134423965545034e-98,-1.6166642971331018e-05,-0.25006121870920617
1770707249.3818493,1.2044322564339636,0.0,0.020000000000000007,1.23,0.0,0.1,0.25,-0.03735048100539598,0.00010336650801327942,-3.4554355629943264e-98,-1.2567341762258078e-05,-0.2500583268550087
1770707249.8074841,1.2044322564339636,0.0,0.020000000000000007,1.23,0.0,0.1,0.25,-0.03735048100539598,0.00010336650801327942,-2.2382447572644486e-98,9.012153043917025e-05,-0.25001689137600724
1770707250.2215319,1.2044322564339636,0.0,0.020000000000000007,1.23,0.0,0.1,0.25,-0.03735048100539598,0.00010336650801327942,-1.6949230421025764e-98,-8.541148343412912e-06,-0.2500658200960566
1770707250.6353147,1.2044322564339636,0.0,0.020000000000000007,1.23,0.0,0.1,0.25,-0.03735048100539598,0.00010336650801327942,-1.4757609243522367e-98,7.462060039252064e-05,-0.250022689128684
1770707251.063831,1.2044322564339636,0.0,0.020000000000000007,1.23,0.0,0.1,0.25,-0.03735048100539598,0.00010336650801327942,-1.0736952734895068e-98,7.67781623498187e-06,-0.25005453862430493
1770707251.4749463,1.2044322564339636,0.0,0.020000000000000007,1.23,0.0,0.1,0.25,-0.03735048100539598,0.00010336650801327942,-7.487857405503594e-99,8.361371179853946e-05,-0.2500174699876637
1770707251.8885942,1.2044322564339636,0.0,0.020000000000000007,1.23,0.0,0.1,0.25,-0.03735048100539598,0.00010336650801327942,-5.810148543376536e-99,6.118337433234172e-05,-0.2500233346005871
1770707252.3041048,1.2044322564339636,0.0,0.020000000000000007,1.23,0.0,0.1,0.25,-0.03735048100539598,0.00010336650801327942,-4.505079601669894e-99,9.016255309640052e-05,-0.25000949989533483
1770707252.7296445,1.2044322564339636,0.0,0.020000000000000007,1.23,0.0,0.1,0.25,-0.03735048100539598,0.00010336650801327942,-3.91339807832107e-99,3.501875171556558e-05,-0.25003968825828693
1770707253.1575475,1.2044322564339636,0.0,0.020000000000000007,1.23,0.0,0.1,0.25,-0.03735048100539598,0.00010336650801327942,-3.0450457951296317e-99,-2.681058214503963e-05,-0.2500712714784652
1770707253.5694766,1.2044322564339636,0.0,0.020000000000000007,1.23,0.0,0.1,0.25,-0.03735048100539598,0.00010336650801327942,-1.984279707733084e-99,-8.282085368657224e-05,-0.25009869470800405
1770707253.9854639,1.2044322564339636,0.0,0.020000000000000007,1.23,0.0,0.1,0.25,-0.03735048100539598,0.00010336650801327942,-1.5387314505644243e-99,-0.0001442033276159029,-0.25012992316520755
1770707254.4028952,1.2044322564339636,0.0,0.020000000000000007,1.23,0.0,0.1,0.25,-0.03735048100539598,0.00010336650801327942,-1.2219198575392984e-99,-0.00012086704100872957,-0.2501144504031717
1770707254.822809,1.2044322564339636,0.0,0.020000000000000007,1.23,0.0,0.1,0.25,-0.03735048100539598,0.00010336650801327942,-9.266022981551481e-100,-0.00023414346953388586,-0.25018008263162606
1770707255.26719,1.2044322564339636,0.0,0.020000000000000007,1.23,0.0,0.1,0.25,-0.03735048100539598,0.00010336650801327942,-7.520699540598397e-100,-0.00013502269144229046,-0.25012910667753696
1770707255.6849158,1.2044322564339636,0.0,0.020000000000000007,1.23,0.0,0.1,0.25,-0.03735048100539598,0.00010336650801327942,-5.390205348519543e-100,-0.00011740303182407014,-0.25011214673588045
1770707256.0963826,1.2044322564339636,0.0,0.020000000000000007,1.23,0.0,0.1,0.25,-0.03735048100539598,0.00010336650801327942,-4.1859777771060264e-100,-0.00012710415780545472,-0.2501162054455075
1770707256.5180964,1.2044322564339636,0.0,0.020000000000000007,1.23,0.0,0.1,0.25,-0.03735048100539598,0.00010336650801327942,-3.257886920258442e-100,-5.003285219442043e-05,-0.25008440681066496
1770707256.9333353,1.2044322564339636,0.0,0.020000000000000007,1.23,0.0,0.1,0.25,-0.03735048100539598,0.00010336650801327942,-2.6141452712979355e-100,1.6780656878414373e-05,-0.2500499742764747
1770707257.3436906,1.2044322564339636,0.0,0.020000000000000007,1.23,0.0,0.1,0.25,-0.03735048100539598,0.00010336650801327942,-2.0273710810284348e-100,9.35060904187833e-05,-0.2500126027521513
1770707257.7612627,1.2044322564339636,0.0,0.020000000000000007,1.23,0.0,0.1,0.25,-0.03735048100539598,0.00010336650801327942,-1.5768756429330605e-100,0.00013181524667570362,-0.2500180552849569
1770707258.1801202,1.2044322564339636,0.0,0.020000000000000007,1.23,0.0,0.1,0.25,-0.03735048100539598,0.00010336650801327942,-1.0757263789021093e-100,0.00014930346646496108,-0.2500247173012048
1770707258.5934706,1.2044322564339636,0.0,0.020000000000000007,1.23,0.0,0.1,0.25,-0.03735048100539598,0.00010336650801327942,-8.370217876052342e-101,0.0001310444544028219,-0.250015664874401
1770707259.008811,1.2044322564339636,0.0,0.020000000000000007,1.23,0.0,0.1,0.25,-0.03735048100539598,0.00010336650801327942,-6.704901993180698e-101,0.00015541903739004563,-0.2500284637229871
1770707259.4246297,1.2044322564339636,0.0,0.020000000000000007,1.23,0.0,0.1,0.25,-0.03735048100539598,0.00010336650801327942,-5.376545661874237e-101,-1.0676868330937906e-05,-0.2500736312787442
1770707259.837891,1.2044322564339636,0.0,0.020000000000000007,1.23,0.0,0.1,0.25,-0.03735048100539598,0.00010336650801327942,-4.175053294714084e-101,3.972806857843191e-05,-0.25003685971340833
1770707260.261055,1.2044322564339636,0.0,0.020000000000000007,1.23,0.0,0.1,0.25,-0.03735048100539598,0.00010336650801327942,-3.0642497454016984e-101,-0.0001402368386834861,-0.2501397981640746
1770707260.675184,1.2044322564339636,0.0,0.020000000000000007,1.23,0.0,0.1,0.25,-0.03735048100539598,0.00010336650801327942,-2.2065056262758583e-101,-9.572792008248392e-05,-0.25010399810590794
1770707261.0873902,1.2044322564339636,0.0,0.020000000000000007,1.23,0.0,0.1,0.25,-0.03735048100539598,0.00010336650801327942,-1.718082552457642e-101,-0.00011659586347684901,-0.2501120679800845
1770707261.4996622,1.2044322564339636,0.0,0.020000000000000007,1.23,0.0,0.1,0.25,-0.03735048100539598,0.00010336650801327942,-1.3310641729406163e-101,-1.6432423179507605e-06,-0.25006400013728153
1770707261.9228337,1.2044322564339636,0.0,0.020000000000000007,1.23,0.0,0.1,0.25,-0.03735048100539598,0.00010336650801327942,-1.1102119817201027e-101,0.0001237478175688093,-0.25002272976076645
1770707262.3388734,1.2044322564339636,0.0,0.020000000000000007,1.23,0.0,0.1,0.25,-0.03735048100539598,0.00010336650801327942,-8.625873019913438e-102,0.00011954138412013015,-0.2500085080813983
1770707262.7622483,1.2044322564339636,0.0,0.020000000000000007,1.23,0.0,0.1,0.25,-0.03735048100539598,0.00010336650801327942,-6.731415435568443e-102,0.00031364422657748455,-0.25012454914352783
1770707263.1758254,1.2044322564339636,0.0,0.020000000000000007,1.23,0.0,0.1,0.25,-0.03735048100539598,0.00010336650801327942,-4.532428284991325e-102,9.195767455966618e-05,-0.2500278730719286
1770707263.590442,1.2044322564339636,0.0,0.020000000000000007,1.23,0.0,0.1,0.25,-0.03735048100539598,0.00010336650801327942,-3.5162679001619543e-102,0.0001602744135049425,-0.25003528562664035
1770707264.0167558,1.2044322564339636,0.0,0.020000000000000007,1.23,0.0,0.1,0.25,-0.03735048100539598,0.00010336650801327942,-2.7311143848161395e-102,-8.774599898463066e-06,-0.25007297545529616
1770707264.44612,1.2044322564339636,0.0,0.020000000000000007,1.23,0.0,0.1,0.25,-0.03735048100539598,0.00010336650801327942,-2.305441824600736e-102,-1.2064479103812907e-05,-0.25005804448147906
1770707264.8615644,1.2044322564339636,0.0,0.020000000000000007,1.23,0.0,0.1,0.25,-0.03735048100539598,0.00010336650801327942,-1.7910834011210963e-102,-6.086769486388467e-05,-0.2500869974230146
1770707265.2750976,1.2044322564339636,0.0,0.020000000000000007,1.23,0.0,0.1,0.25,-0.03735048100539598,0.00010336650801327942,-1.1987171153353687e-102,-0.0001312144674784331,-0.25012432516500727
1770707265.68977,1.2044322564339636,0.0,0.020000000000000007,1.23,0.0,0.1,0.25,-0.03735048100539598,0.00010336650801327942,-9.301378996153885e-103,-0.0002354128054852816,-0.25017980949054996
1770707266.1058595,1.2044322564339636,0.0,0.020000000000000007,1.23,0.0,0.1,0.25,-0.03735048100539598,0.00010336650801327942,-7.222073240699094e-103,-0.00021689368712949592,-0.250161982009407
1770707266.516403,1.2044322564339636,0.0,0.020000000000000007,1.23,0.0,0.1,0.25,-0.03735048100539598,0.00010336650801327942,-5.603686719702061e-103,-0.0001279671734481284,-0.2501245594920989
1770707266.9293056,1.2044322564339636,0.0,0.020000000000000007,1.23,0.0,0.1,0.25,-0.03735048100539598,0.00010336650801327942,-4.722849386224834e-103,-7.252982400476558e-05,-0.25009349190095337
1770707267.3515413,1.2044322564339636,0.0,0.020000000000000007,1.23,0.0,0.1,0.25,-0.03735048100539598,0.00010336650801327942,-3.622696067456918e-103,-2.782363593655056e-05,-0.2500700656907817
1770707267.77106,1.2044322564339636,0.0,0.020000000000000007,1.23,0.0,0.1,0.25,-0.03735048100539598,0.00010336650801327942,-2.456689447703594e-103,7.316808914688134e-05,-0.25002519838194154
1770707268.1823022,1.2044322564339636,0.0,0.020000000000000007,1.23,0.0,0.1,0.25,-0.03735048100539598,0.00010336650801327942,-1.908137517307885e-103,0.00020055827151317396,-0.25006133489998655
1770707268.598211,1.2044322564339636,0.0,0.020000000000000007,1.23,0.0,0.1,0.25,-0.03735048100539598,0.00010336650801327942,-1.4629270566071073e-103,0.00016045560236519485,-0.25003255481409076
1770707269.011419,1.2044322564339636,0.0,0.020000000000000007,1.23,0.0,0.1,0.25,-0.03735048100539598,0.00010336650801327942,-1.1530537505088645e-103,0.00012856875257493251,-0.25001578980725986
1770707269.4232152,1.2044322564339636,0.0,0.020000000000000007,1.23,0.0,0.1,0.25,-0.03735048100539598,0.00010336650801327942,-9.666457505662262e-104,0.00011494191950682082,-0.2500071503890536
1770707269.8391836,1.2044322564339636,0.0,0.020000000000000007,1.23,0.0,0.1,0.25,-0.03735048100539598,0.00010336650801327942,-7.089488186683962e-104,6.256492680439002e-05,-0.2500256384898747
1770707270.2510753,1.2044322564339636,0.0,0.020000000000000007,1.23,0.0,0.1,0.25,-0.03735048100539598,0.00010336650801327942,-5.82587821635669e-104,6.847237415298266e-05,-0.250018037811665
1770707270.6632674,1.2044322564339636,0.0,0.020000000000000007,1.23,0.0,0.1,0.25,-0.03735048100539598,0.00010336650801327942,-4.5195815982850025e-104,8.427423233531798e-06,-0.25005347403748185
1770707271.0803063,1.2044322564339636,0.0,0.020000000000000007,1.23,0.0,0.1,0.25,-0.03735048100539598,0.00010336650801327942,-3.043846401961424e-104,7.69333643746271e-05,-0.25002006716593345
1770707271.4959497,1.2044322564339636,0.0,0.020000000000000007,1.23,0.0,0.1,0.25,-0.03735048100539598,0.00010336650801327942,-2.35814255943901e-104,-4.101064225047894e-05,-0.25008398297579437
1770707271.9132307,1.2044322564339636,0.0,0.020000000000000007,1.23,0.0,0.1,0.25,-0.03735048100539598,0.00010336650801327942,-1.8316422043259726e-104,8.400946556371436e-05,-0.2500221805320062
1770707272.3426297,1.2044322564339636,0.0,0.020000000000000007,1.23,0.0,0.1,0.25,-0.03735048100539598,0.00010336650801327942,-1.5397107110735738e-104,5.496751228903951e-05,-0.2500271036931896
1770707272.7583876,1.2044322564339636,0.0,0.020000000000000007,1.23,0.0,0.1,0.25,-0.03735048100539598,0.00010336650801327942,-1.2000976433808631e-104,0.00010124424084808675,-0.25000568880643853
1770707273.1818237,1.2044322564339636,0.0,0.020000000000000007,1.23,0.0,0.1,0.25,-0.03735048100539598,0.00010336650801327942,-8.041686327145112e-105,0.0002161972846112937,-0.2500679106926753
1770707273.5989356,1.2044322564339636,0.0,0.020000000000000007,1.23,0.0,0.1,0.25,-0.03735048100539598,0.00010336650801327942,-6.24044391351778e-105,4.8806385222666754e-05,-0.2500440191513342
1770707274.0070164,1.2044322564339636,0.0,0.020000000000000007,1.23,0.0,0.1,0.25,-0.03735048100539598,0.00010336650801327942,-4.8301218603170266e-105,1.0401883896686655e-05,-0.25005032276219086
1770707274.4371514,1.2044322564339636,0.0,0.020000000000000007,1.23,0.0,0.1,0.25,-0.03735048100539598,0.00010336650801327942,-4.102631636550604e-105,-0.00012674307354803183,-0.25012876928652517
1770707274.8713365,1.2044322564339636,0.0,0.020000000000000007,1.23,0.0,0.1,0.25,-0.03735048100539598,0.00010336650801327942,-2.735858153742516e-105,-9.143290339446242e-05,-0.2501009307227192
1770707275.3002656,1.2044322564339636,0.0,0.020000000000000007,1.23,0.0,0.1,0.25,-0.03735048100539598,0.00010336650801327942,-2.117710859075334e-105,-4.8051941366995224e-05,-0.2500800473208929
1770707275.7248843,1.2044322564339636,0.0,0.020000000000000007,1.23,0.0,0.1,0.25,-0.03735048100539598,0.00010336650801327942,-1.7915413106636133e-105,-9.675857462559454e-05,-0.25010493320464533
1770707276.1442955,1.2044322564339636,0.0,0.020000000000000007,1.23,0.0,0.1,0.25,-0.03735048100539598,0.00010336650801327942,-1.3941407781907599e-105,-4.554073901281131e-05,-0.2500795754070743
1770707276.5679784,1.2044322564339636,0.0,0.020000000000000007,1.23,0.0,0.1,0.25,-0.03735048100539598,0.00010336650801327942,-1.0890313282549954e-105,8.417413741553625e-05,-0.25002256767294173
1770707276.9833066,1.2044322564339636,0.0,0.020000000000000007,1.23,0.0,0.1,0.25,-0.03735048100539598,0.00010336650801327942,-7.329478974716207e-106,-2.2264066472604902e-07,-0.250060234252147
1770707277.3995304,1.2044322564339636,0.0,0.020000000000000007,1.23,0.0,0.1,0.25,-0.03735048100539598,0.00010336650801327942,-5.742053439018715e-106,5.860112837647516e-05,-0.25002826506672254
1770707277.8170571,1.2044322564339636,0.0,0.020000000000000007,1.23,0.0,0.1,0.25,-0.03735048100539598,0.00010336650801327942,-4.449248121808592e-106,0.00019054172645706046,-0.25005678166902995
1770707278.2276437,1.2044322564339636,0.0,0.020000000000000007,1.23,0.0,0.1,0.25,-0.03735048100539598,0.00010336650801327942,-3.777072267548704e-106,0.00018464566361867704,-0.25004122918408656
1770707278.6481743,1.2044322564339636,0.0,0.020000000000000007,1.23,0.0,0.1,0.25,-0.03735048100539598,0.00010336650801327942,-2.933443328882087e-106,0.00020935429009071672,-0.25005546475368595
1770707279.0640075,1.2044322564339636,0.0,0.020000000000000007,1.23,0.0,0.1,0.25,-0.03735048100539598,0.00010336650801327942,-2.267776937896014e-106,0.00016439412281509297,-0.2500350098241285
1770707279.4807074,1.2044322564339636,0.0,0.020000000000000007,1.23,0.0,0.1,0.25,-0.03735048100539598,0.00010336650801327942,-1.5115345125159808e-106,0.0001608610605325179,-0.2500291005824879
1770707279.9094155,1.2044322564339636,0.0,0.020000000000000007,1.23,0.0,0.1,0.25,-0.03735048100539598,0.00010336650801327942,-1.1746549280700646e-106,0.00011598694104880241,-0.2500107976284661
1770707280.3243594,1.2044322564339636,0.0,0.020000000000000007,1.23,0.0,0.1,0.25,-0.03735048100539598,0.00010336650801327942,-9.417892148004705e-107,1.3287618130473012e-05,-0.2500553093772332
1770707280.7357426,1.2044322564339636,0.0,0.020000000000000007,1.23,0.0,0.1,0.25,-0.03735048100539598,0.00010336650801327942,-7.749414454754818e-107,-9.193862937376693e-05,-0.25010817519344397
1770707281.1475258,1.2044322564339636,0.0,0.020000000000000007,1.23,0.0,0.1,0.25,-0.03735048100539598,0.00010336650801327942,-5.992325283024808e-107,-2.764328461486555e-05,-0.25007193443078995
1770707281.5616515,1.2044322564339636,0.0,0.020000000000000007,1.23,0.0,0.1,0.25,-0.03735048100539598,0.00010336650801327942,-4.667785823972071e-107,-2.397179912523105e-05,-0.2500640363021182
1770707282.0087607,1.2044322564339636,0.0,0.020000000000000007,1.23,0.0,0.1,0.25,-0.03735048100539598,0.00010336650801327942,-3.1024669924481895e-107,-7.216717180274593e-05,-0.2500925863771758
1770707282.4227762,1.2044322564339636,0.0,0.020000000000000007,1.23,0.0,0.1,0.25,-0.03735048100539598,0.00010336650801327942,-2.585198784085498e-107,9.958478789380734e-05,-0.2500190660560294
1770707282.8387198,1.2044322564339636,0.0,0.020000000000000007,1.23,0.0,0.1,0.25,-0.03735048100539598,0.00010336650801327942,-2.0418561826381285e-107,0.00014950887478397455,-0.25002806359207436
1770707283.2570167,1.2044322564339636,0.0,0.020000000000000007,1.23,0.0,0.1,0.25,-0.03735048100539598,0.00010336650801327942,-1.5834705557816478e-107,0.00020914771849266897,-0.25005885448961057
1770707283.6745853,1.2044322564339636,0.0,0.020000000000000007,1.23,0.0,0.1,0.25,-0.03735048100539598,0.00010336650801327942,-1.0411573954365707e-107,8.906768226931119e-05,-0.25001915741649433
1770707284.0930858,1.2044322564339636,0.0,0.020000000000000007,1.23,0.0,0.1,0.25,-0.03735048100539598,0.00010336650801327942,-8.12839681603632e-108,0.00015355487380235914,-0.2500315429020478
1770707284.5138109,1.2044322564339636,0.0,0.020000000000000007,1.23,0.0,0.1,0.25,-0.03735048100539598,0.00010336650801327942,-6.2574482689870796e-108,9.504619615290265e-05,-0.25001001102369513
1770707284.931534,1.2044322564339636,0.0,0.020000000000000007,1.23,0.0,0.1,0.25,-0.03735048100539598,0.00010336650801327942,-5.3711493128633804e-108,0.0001273120532285989,-0.25001519935831523
1770707285.3611379,1.2044322564339636,0.0,0.020000000000000007,1.23,0.0,0.1,0.25,-0.03735048100539598,0.00010336650801327942,-4.1627116912928996e-108,6.731632704352284e-05,-0.25002402466310336
1770707285.7792091,1.2044322564339636,0.0,0.020000000000000007,1.23,0.0,0.1,0.25,-0.03735048100539598,0.00010336650801327942,-2.7659103442005836e-108,-7.535446175274286e-05,-0.25010362756376264
1770707286.196884,1.2044322564339636,0.0,0.020000000000000007,1.23,0.0,0.1,0.25,-0.03735048100539598,0.00010336650801327942,-2.1275833859258067e-108,-0.00010233460140329498,-0.25010554856867334
1770707286.6070428,1.2044322564339636,0.0,0.020000000000000007,1.23,0.0,0.1,0.25,-0.03735048100539598,0.00010336650801327942,-1.6551409942506553e-108,-0.0002653996210645397,-0.250200689566505
1770707287.0357723,1.2044322564339636,0.0,0.020000000000000007,1.23,0.0,0.1,0.25,-0.03735048100539598,0.00010336650801327942,-1.4315406923164034e-108,-9.502520486902361e-05,-0.2501162332980607
1770707287.448681,1.2044322564339636,0.0,0.020000000000000007,1.23,0.0,0.1,0.25,-0.03735048100539598,0.00010336650801327942,-1.1198961730555581e-108,-0.0001822318966068046,-0.2501515198714838
1770707287.861056,1.2044322564339636,0.0,0.020000000000000007,1.23,0.0,0.1,0.25,-0.03735048100539598,0.00010336650801327942,-8.66431676419919e-109,-5.1783969133914966e-05,-0.2500906200313209
1770707288.2730854,1.2044322564339636,0.0,0.020000000000000007,1.23,0.0,0.1,0.25,-0.03735048100539598,0.00010336650801327942,-5.637883293561235e-109,6.253952032395617e-05,-0.2500318458427905
1770707288.6808474,1.2044322564339636,0.0,0.020000000000000007,1.23,0.0,0.1,0.25,-0.03735048100539598,0.00010336650801327942,-4.496881483365196e-109,0.0001871367910799333,-0.2500543448686089
1770707289.0959194,1.2044322564339636,0.0,0.020000000000000007,1.23,0.0,0.1,0.25,-0.03735048100539598,0.00010336650801327942,-3.496249872211541e-109,0.0001643480020690345,-0.25003276962592896
1770707289.5123487,1.2044322564339636,0.0,0.020000000000000007,1.23,0.0,0.1,0.25,-0.03735048100539598,0.00010336650801327942,-3.2644184430135736e-109,0.00017292083421445586,-0.2500356344463151
1770707289.932387,1.2044322564339636,0.0,0.020000000000000007,1.23,0.0,0.1,0.25,-0.03735048100539598,0.00010336650801327942,-2.1872803176569118e-109,0.00010247733625644962,-0.2500074889356742
1770707290.3495836,1.2044322564339636,0.0,0.020000000000000007,1.23,0.0,0.1,0.25,-0.03735048100539598,0.00010336650801327942,-1.5973906140117106e-109,-8.610497302760254e-05,-0.25011359397144883
1770707290.7752519,1.2044322564339636,0.0,0.020000000000000007,1.23,0.0,0.1,0.25,-0.03735048100539598,0.00010336650801327942,-1.3101449337595936e-109,-0.00014679203999718896,-0.2501311479807022
1770707291.1895661,1.2044322564339636,0.0,0.020000000000000007,1.23,0.0,0.1,0.25,-0.03735048100539598,0.00010336650801327942,-8.969758294842445e-110,-7.820646428808366e-05,-0.2500976450437216
1770707291.599761,1.2044322564339636,0.0,0.020000000000000007,1.23,0.0,0.1,0.25,-0.03735048100539598,0.00010336650801327942,-7.110018250047067e-110,-0.00011551261266484126,-0.2501131701751767
1770707292.0149872,1.2044322564339636,0.0,0.020000000000000007,1.23,0.0,0.1,0.25,-0.03735048100539598,0.00010336650801327942,-5.523263595870496e-110,-0.00014352709018321597,-0.2501262482468501
1770707292.4258232,1.2044322564339636,0.0,0.020000000000000007,1.23,0.0,0.1,0.25,-0.03735048100539598,0.00010336650801327942,-4.686958358098268e-110,-2.8578446150854477e-05,-0.2500774673414853
1770707292.8615046,1.2044322564339636,0.0,0.020000000000000007,1.23,0.0,0.1,0.25,-0.03735048100539598,0.00010336650801327942,-3.6513786532688006e-110,8.290218986355737e-05,-0.2500213802226763
1770707293.277335,1.2044322564339636,0.0,0.020000000000000007,1.23,0.0,0.1,0.25,-0.03735048100539598,0.00010336650801327942,-2.4448930578855162e-110,9.78403764168966e-05,-0.25000425688445355
1770707293.6966655,1.2044322564339636,0.0,0.020000000000000007,1.23,0.0,0.1,0.25,-0.03735048100539598,0.00010336650801327942,-1.8938823155595194e-110,0.00020231364131301278,-0.2500599208931395
1770707294.1172745,1.2044322564339636,0.0,0.020000000000000007,1.23,0.0,0.1,0.25,-0.03735048100539598,0.00010336650801327942,-1.4657265555583883e-110,0.0001437175865734862,-0.250026035144754
1770707294.5465364,1.2044322564339636,0.0,0.020000000000000007,1.23,0.0,0.1,0.25,-0.03735048100539598,0.00010336650801327942,-1.1708192367911018e-110,0.0001621596742255314,-0.25003124079187133
1770707294.963757,1.2044322564339636,0.0,0.020000000000000007,1.23,0.0,0.1,0.25,-0.03735048100539598,0.00010336650801327942,-9.186003874104798e-111,0.00015299370202087018,-0.25002573019422425
1770707295.3975701,1.2044322564339636,0.0,0.020000000000000007,1.23,0.0,0.1,0.25,-0.03735048100539598,0.00010336650801327942,-6.4346117594599825e-111,0.00011889803229789014,-0.2500111753291146
1770707295.8110929,1.2044322564339636,0.0,0.020000000000000007,1.23,0.0,0.1,0.25,-0.03735048100539598,0.00010336650801327942,-4.868876426298186e-111,9.710618547380025e-05,-0.25000530934595216
1770707296.2287412,1.2044322564339636,0.0,0.020000000000000007,1.23,0.0,0.1,0.25,-0.03735048100539598,0.00010336650801327942,-4.229838707065183e-111,2.379979876502839e-05,-0.250047113993295
1770707296.649081,1.2044322564339636,0.0,0.020000000000000007,1.23,0.0,0.1,0.25,-0.03735048100539598,0.00010336650801327942,-3.28019615342417e-111,3.1395560021915357e-05,-0.25003674505012136
1770707297.0639772,1.2044322564339636,0.0,0.020000000000000007,1.23,0.0,0.1,0.25,-0.03735048100539598,0.00010336650801327942,-2.543712590536287e-111,-3.619879604522512e-05,-0.25007654208763597
1770707297.4792757,1.2044322564339636,0.0,0.020000000000000007,1.23,0.0,0.1,0.25,-0.03735048100539598,0.00010336650801327942,-1.6941853193335906e-111,-8.845784574390977e-06,-0.2500588414474409
1770707297.9160576,1.2044322564339636,0.0,0.020000000000000007,1.23,0.0,0.1,0.25,-0.03735048100539598,0.00010336650801327942,-1.2889199145665089e-111,-7.288070957334148e-05,-0.2500945271012932
1770707298.3322246,1.2044322564339636,0.0,0.020000000000000007,1.23,0.0,0.1,0.25,-0.03735048100539598,0.00010336650801327942,-1.1216484972926619e-111,6.371130630293813e-05,-0.2500334868024428
1770707298.7533243,1.2044322564339636,0.0,0.020000000000000007,1.23,0.0,0.1,0.25,-0.03735048100539598,0.00010336650801327942,-8.696469280427887e-112,5.9332572334467356e-05,-0.2500224548412363
1770707299.1910987,1.2044322564339636,0.0,0.020000000000000007,1.23,0.0,0.1,0.25,-0.03735048100539598,0.00010336650801327942,-5.775171644064858e-112,0.00018282060514227325,-0.25005207585184525
1770707299.60127,1.2044322564339636,0.0,0.020000000000000007,1.23,0.0,0.1,0.25,-0.03735048100539598,0.00010336650801327942,-4.383617347065111e-112,0.00016238770897539632,-0.25003155389009774
1770707300.015726,1.2044322564339636,0.0,0.020000000000000007,1.23,0.0,0.1,0.25,-0.03735048100539598,0.00010336650801327942,-3.4126782391514503e-112,0.00018444395129559656,-0.2500427443458732
1770707300.438322,1.2044322564339636,0.0,0.020000000000000007,1.23,0.0,0.1,0.25,-0.03735048100539598,0.00010336650801327942,-2.929088952545651e-112,0.00025869614120265974,-0.25008509003558543
1770707300.8520267,1.2044322564339636,0.0,0.020000000000000007,1.23,0.0,0.1,0.25,-0.03735048100539598,0.00010336650801327942,-2.1586704541356275e-112,0.0001214929176810444,-0.25002278352718604
1770707301.2694309,1.2044322564339636,0.0,0.020000000000000007,1.23,0.0,0.1,0.25,-0.03735048100539598,0.00010336650801327942,-1.6752381018718782e-112,0.00014546928571835765,-0.25002344902565626
1770707301.6869016,1.2044322564339636,0.0,0.020000000000000007,1.23,0.0,0.1,0.25,-0.03735048100539598,0.00010336650801327942,-1.178380580515837e-112,0.0001202006297803381,-0.2500109439264773
1770707302.0984075,1.2044322564339636,0.0,0.020000000000000007,1.23,0.0,0.1,0.25,-0.03735048100539598,0.00010336650801327942,-9.003904504518756e-113,0.00012007795454803563,-0.2500083679907906
1770707302.5316534,1.2044322564339636,0.0,0.020000000000000007,1.23,0.0,0.1,0.25,-0.03735048100539598,0.00010336650801327942,-7.340446356064681e-113,2.9899847550105944e-05,-0.25004575114093136
1770707302.9579022,1.2044322564339636,0.0,0.020000000000000007,1.23,0.0,0.1,0.25,-0.03735048100539598,0.00010336650801327942,-5.723102469914082e-113,0.00020238279667130542,-0.25006675643924114
1770707303.3735588,1.2044322564339636,0.0,0.020000000000000007,1.23,0.0,0.1,0.25,-0.03735048100539598,0.00010336650801327942,-4.044313876634015e-113,0.00011470751768055898,-0.2500144380327327
1770707303.788162,1.2044322564339636,0.0,0.020000000000000007,1.23,0.0,0.1,0.25,-0.03735048100539598,0.00010336650801327942,-3.067364057158032e-113,0.00014089319117809306,-0.25002138190893214
1770707304.2017467,1.2044322564339636,0.0,0.020000000000000007,1.23,0.0,0.1,0.25,-0.03735048100539598,0.00010336650801327942,-2.4366648850935305e-113,0.00016322714951744666,-0.25003216371658604
1770707304.6151905,1.2044322564339636,0.0,0.020000000000000007,1.23,0.0,0.1,0.25,-0.03735048100539598,0.00010336650801327942,-2.2619772572734043e-113,0.00021804427357918296,-0.25006282059518914
1770707305.0375667,1.2044322564339636,0.0,0.020000000000000007,1.23,0.0,0.1,0.25,-0.03735048100539598,0.00010336650801327942,-1.6121981313410136e-113,0.00026037858624437923,-0.25008273947038206
1770707305.4575863,1.2044322564339636,0.0,0.020000000000000007,1.23,0.0,0.1,0.25,-0.03735048100539598,0.00010336650801327942,-1.2539635117476265e-113,0.0002739245098374598,-0.2500866335932714
1770707305.8751857,1.2044322564339636,0.0,0.020000000000000007,1.23,0.0,0.1,0.25,-0.03735048100539598,0.00010336650801327942,-8.110628142006424e-114,0.000181608484437609,-0.25004835259075214
1770707306.2903075,1.2044322564339636,0.0,0.020000000000000007,1.23,0.0,0.1,0.25,-0.03735048100539598,0.00010336650801327942,-6.295109837654694e-114,0.00016719752240888056,-0.25003335660340065
1770707306.7050543,1.2044322564339636,0.0,0.020000000000000007,1.23,0.0,0.1,0.25,-0.03735048100539598,0.00010336650801327942,-4.874017228325831e-114,3.1839916000420864e-05,-0.25004929905664725
1770707307.1382687,1.2044322564339636,0.0,0.020000000000000007,1.23,0.0,0.1,0.25,-0.03735048100539598,0.00010336650801327942,-4.0339811094495005e-114,-0.00011132287446479962,-0.25012166097028554
1770707307.5513237,1.2044322564339636,0.0,0.020000000000000007,1.23,0.0,0.1,0.25,-0.03735048100539598,0.00010336650801327942,-3.1393506852324555e-114,5.858900325831558e-05,-0.2500393799401498
1770707307.965215,1.2044322564339636,0.0,0.020000000000000007,1.23,0.0,0.1,0.25,-0.03735048100539598,0.00010336650801327942,-2.43546648454509e-114,-3.335186314646443e-06,-0.25005954326612123
1770707308.3754447,1.2044322564339636,0.0,0.020000000000000007,1.23,0.0,0.1,0.25,-0.03735048100539598,0.00010336650801327942,-1.6632556700849935e-114,-6.976672860833703e-06,-0.25005553573909167
1770707308.7884197,1.2044322564339636,0.0,0.020000000000000007,1.23,0.0,0.1,0.25,-0.03735048100539598,0.00010336650801327942,-1.2860765403341853e-114,3.141404998084746e-05,-0.2500398153013004
1770707309.2046611,1.2044322564339636,0.0,0.020000000000000007,1.23,0.0,0.1,0.25,-0.03735048100539598,0.00010336650801327942,-1.0024557570099412e-114,6.807707851577458e-05,-0.2500213110176022
1770707309.6271865,1.2044322564339636,0.0,0.020000000000000007,1.23,0.0,0.1,0.25,-0.03735048100539598,0.00010336650801327942,-8.324849574254092e-115,6.501964867010086e-05,-0.25001947917265616
1770707310.0473335,1.2044322564339636,0.0,0.020000000000000007,1.23,0.0,0.1,0.25,-0.03735048100539598,0.00010336650801327942,-6.499720565650047e-115,4.744687527370774e-05,-0.2500297170937094
1770707310.4623895,1.2044322564339636,0.0,0.020000000000000007,1.23,0.0,0.1,0.25,-0.03735048100539598,0.00010336650801327942,-5.035519387728465e-115,1.8704482094825444e-05,-0.25004520525227714
1770707310.881137,1.2044322564339636,0.0,0.020000000000000007,1.23,0.0,0.1,0.25,-0.03735048100539598,0.00010336650801327942,-3.4132289338264867e-115,-6.644855988004997e-05,-0.2500934228381442
1770707311.2946036,1.2044322564339636,0.0,0.020000000000000007,1.23,0.0,0.1,0.25,-0.03735048100539598,0.00010336650801327942,-2.650787973670262e-115,3.1288325554884635e-05,-0.25004581277977267
1770707311.7045932,1.2044322564339636,0.0,0.020000000000000007,1.23,0.0,0.1,0.25,-0.03735048100539598,0.00010336650801327942,-2.0497824240337897e-115,4.3501833857738686e-05,-0.25003115368790807
1770707312.1225364,1.2044322564339636,0.0,0.020000000000000007,1.23,0.0,0.1,0.25,-0.03735048100539598,0.00010336650801327942,-1.5970721503495662e-115,6.437555503116807e-05,-0.25002158284860837
1770707312.5354085,1.2044322564339636,0.0,0.020000000000000007,1.23,0.0,0.1,0.25,-0.03735048100539598,0.00010336650801327942,-1.326782116729221e-115,-7.661704156391609e-05,-0.2501040910344481
1770707312.9651182,1.2044322564339636,0.0,0.020000000000000007,1.23,0.0,0.1,0.25,-0.03735048100539598,0.00010336650801327942,-1.0343829830688838e-115,-9.976945624272992e-05,-0.2501038832235959
1770707313.3761528,1.2044322564339636,0.0,0.020000000000000007,1.23,0.0,0.1,0.25,-0.03735048100539598,0.00010336650801327942,-7.00340991253706e-116,-5.747053208279314e-05,-0.25008464841246403
1770707313.78939,1.2044322564339636,0.0,0.020000000000000007,1.23,0.0,0.1,0.25,-0.03735048100539598,0.00010336650801327942,-5.442030006202395e-116,-8.122159503610058e-05,-0.25009466915781997
1770707314.203588,1.2044322564339636,0.0,0.020000000000000007,1.23,0.0,0.1,0.25,-0.03735048100539598,0.00010336650801327942,-4.2224895784594665e-116,6.637333997492946e-05,-0.2500332560775203
1770707314.6176734,1.2044322564339636,0.0,0.020000000000000007,1.23,0.0,0.1,0.25,-0.03735048100539598,0.00010336650801327942,-3.276606486224448e-116,-2.1471782579148153e-05,-0.2500712036575516
1770707315.031316,1.2044322564339636,0.0,0.020000000000000007,1.23,0.0,0.1,0.25,-0.03735048100539598,0.00010336650801327942,-2.749452900051135e-116,2.9673583434720666e-05,-0.2500419609988907
1770707315.4421782,1.2044322564339636,0.0,0.020000000000000007,1.23,0.0,0.1,0.25,-0.03735048100539598,0.00010336650801327942,-2.1334618957964056e-116,6.21572187781899e-05,-0.2500238530081519
1770707315.879188,1.2044322564339636,0.0,0.020000000000000007,1.23,0.0,0.1,0.25,-0.03735048100539598,0.00010336650801327942,-1.6549294951553738e-116,0.00023073596695496906,-0.2500805426042885
1770707316.3135831,1.2044322564339636,0.0,0.020000000000000007,1.23,0.0,0.1,0.25,-0.03735048100539598,0.00010336650801327942,-1.1166091264049642e-116,0.00013278118692135326,-0.25002450281745736
1770707316.7499912,1.2044322564339636,0.0,0.020000000000000007,1.23,0.0,0.1,0.25,-0.03735048100539598,0.00010336650801327942,-9.360948638839881e-117,0.00019031657335601452,-0.25004922857131484
1770707317.1683338,1.2044322564339636,0.0,0.020000000000000007,1.23,0.0,0.1,0.25,-0.03735048100539598,0.00010336650801327942,-7.243763851791259e-117,3.254366840371035e-05,-0.2500511887103
1770707317.580891,1.2044322564339636,0.0,0.020000000000000007,1.23,0.0,0.1,0.25,-0.03735048100539598,0.00010336650801327942,-4.89687332218389e-117,0.0001045306133371506,-0.2500077807471553
1770707318.0067194,1.2044322564339636,0.0,0.020000000000000007,1.23,0.0,0.1,0.25,-0.03735048100539598,0.00010336650801327942,-3.8001832819729306e-117,2.1134552432415633e-06,-0.2500608682421944
1770707318.4330637,1.2044322564339636,0.0,0.020000000000000007,1.23,0.0,0.1,0.25,-0.03735048100539598,0.00010336650801327942,-3.1947020406377604e-117,-5.263676210249158e-05,-0.2500834766567925
1770707318.863742,1.2044322564339636,0.0,0.020000000000000007,1.23,0.0,0.1,0.25,-0.03735048100539598,0.00010336650801327942,-2.4794116111994496e-117,9.510077077957825e-05,-0.25001890662190507
1770707319.2836113,1.2044322564339636,0.0,0.020000000000000007,1.23,0.0,0.1,0.25,-0.03735048100539598,0.00010336650801327942,-1.6727938679168585e-117,-9.722819682468154e-06,-0.2500670270228941
1770707319.7117002,1.2044322564339636,0.0,0.020000000000000007,1.23,0.0,0.1,0.25,-0.03735048100539598,0.00010336650801327942,-1.2956071815557657e-117,0.00013345506236087405,-0.2500293620653781
1770707320.1333277,1.2044322564339636,0.0,0.020000000000000007,1.23,0.0,0.1,0.25,-0.03735048100539598,0.00010336650801327942,-1.0886265555362226e-117,0.00010093585729998854,-0.2500044672458627
1770707320.5562365,1.2044322564339636,0.0,0.020000000000000007,1.23,0.0,0.1,0.25,-0.03735048100539598,0.00010336650801327942,-8.436875197877678e-118,7.829520837358855e-05,-0.25001479971471247
1770707320.9797015,1.2044322564339636,0.0,0.020000000000000007,1.23,0.0,0.1,0.25,-0.03735048100539598,0.00010336650801327942,-5.677309355598701e-118,9.174595531113425e-05,-0.2500071553510448
1770707321.3962593,1.2044322564339636,0.0,0.020000000000000007,1.23,0.0,0.1,0.25,-0.03735048100539598,0.00010336650801327942,-5.237383783928777e-118,2.5213110290456805e-05,-0.25004572998336344
1770707321.8109474,1.2044322564339636,0.0,0.020000000000000007,1.23,0.0,0.1,0.25,-0.03735048100539598,0.00010336650801327942,-3.4231344174859935e-118,9.404703284280869e-06,-0.2500485617430651
1770707322.2312932,1.2044322564339636,0.0,0.020000000000000007,1.23,0.0,0.1,0.25,-0.03735048100539598,0.00010336650801327942,-2.8712445881876297e-118,-4.1045732973952676e-05,-0.25007725116411944
1770707322.647734,1.2044322564339636,0.0,0.020000000000000007,1.23,0.0,0.1,0.25,-0.03735048100539598,0.00010336650801327942,-2.234719446127705e-118,-9.527838639080162e-05,-0.25010474571254376
1770707323.0739849,1.2044322564339636,0.0,0.020000000000000007,1.23,0.0,0.1,0.25,-0.03735048100539598,0.00010336650801327942,-1.7861136493602872e-118,-0.00013793160112015394,-0.2501249143760397
1770707323.4976766,1.2044322564339636,0.0,0.020000000000000007,1.23,0.0,0.1,0.25,-0.03735048100539598,0.00010336650801327942,-1.1599652816644745e-118,-0.00010738961429258297,-0.25010843225983564
1770707323.9098084,1.2044322564339636,0.0,0.020000000000000007,1.23,0.0,0.1,0.25,-0.03735048100539598,0.00010336650801327942,-9.058124437284511e-119,-7.256447484579085e-05,-0.2500914480053742
1770707324.3355207,1.2044322564339636,0.0,0.020000000000000007,1.23,0.0,0.1,0.25,-0.03735048100539598,0.00010336650801327942,-7.618303174298563e-119,-2.5667607333098855e-05,-0.25006920674442445
1770707324.754735,1.2044322564339636,0.0,0.020000000000000007,1.23,0.0,0.1,0.25,-0.03735048100539598,0.00010336650801327942,-5.590495059601549e-119,0.00012434176829881956,-0.25002548856770596
1770707325.1830049,1.2044322564339636,0.0,0.020000000000000007,1.23,0.0,0.1,0.25,-0.03735048100539598,0.00010336650801327942,-3.97502636266972e-119,9.051042030442351e-05,-0.25000981117865384
1770707325.6095653,1.2044322564339636,0.0,0.020000000000000007,1.23,0.0,0.1,0.25,-0.03735048100539598,0.00010336650801327942,-3.0837133781812036e-119,0.000156847167683994,-0.2500333740045733
1770707326.028785,1.2044322564339636,0.0,0.020000000000000007,1.23,0.0,0.1,0.25,-0.03735048100539598,0.00010336650801327942,-2.3232642869192873e-119,0.00023173329273188897,-0.2500716720048641
1770707326.4439654,1.2044322564339636,0.0,0.020000000000000007,1.23,0.0,0.1,0.25,-0.03735048100539598,0.00010336650801327942,-2.076718532101761e-119,0.0002608822393438941,-0.2500816727603265
1770707326.871272,1.2044322564339636,0.0,0.020000000000000007,1.23,0.0,0.1,0.25,-0.03735048100539598,0.00010336650801327942,-1.3823790871166922e-119,0.0002221254707430993,-0.250063255158225
1770707327.2844608,1.2044322564339636,0.0,0.020000000000000007,1.23,0.0,0.1,0.25,-0.03735048100539598,0.00010336650801327942,-1.0725376480718173e-119,0.00022278135706907588,-0.25005977301316046
1770707327.7016718,1.2044322564339636,0.0,0.020000000000000007,1.23,0.0,0.1,0.25,-0.03735048100539598,0.00010336650801327942,-8.32824771022905e-120,0.00023250331137256928,-0.25006554059710995
1770707328.1157005,1.2044322564339636,0.0,0.020000000000000007,1.23,0.0,0.1,0.25,-0.03735048100539598,0.00010336650801327942,-7.739628180134949e-120,7.615567613635825e-05,-0.2500292401794621
1770707328.5359821,1.2044322564339636,0.0,0.020000000000000007,1.23,0.0,0.1,0.25,-0.03735048100539598,0.00010336650801327942,-5.4922250065829816e-120,0.00017142489716685593,-0.25004355611667983
1770707328.966776,1.2044322564339636,0.0,0.020000000000000007,1.23,0.0,0.1,0.25,-0.03735048100539598,0.00010336650801327942,-4.2211481365615855e-120,8.462842934390422e-05,-0.250018048686117
1770707329.3811643,1.2044322564339636,0.0,0.020000000000000007,1.23,0.0,0.1,0.25,-0.03735048100539598,0.00010336650801327942,-2.838584067279076e-120,0.00014624999149690467,-0.2500276038979571
1770707329.7969751,1.2044322564339636,0.0,0.020000000000000007,1.23,0.0,0.1,0.25,-0.03735048100539598,0.00010336650801327942,-2.1929644469876822e-120,0.00011408864476050701,-0.25000857720304726
1770707330.2103236,1.2044322564339636,0.0,0.020000000000000007,1.23,0.0,0.1,0.25,-0.03735048100539598,0.00010336650801327942,-1.710566432719291e-120,0.00025249868421612027,-0.250088407092047
1770707330.6277828,1.2044322564339636,0.0,0.020000000000000007,1.23,0.0,0.1,0.25,-0.03735048100539598,0.00010336650801327942,-1.4514927750823795e-120,0.00015632520952675764,-0.2500360966982257
1770707331.043866,1.2044322564339636,0.0,0.020000000000000007,1.23,0.0,0.1,0.25,-0.03735048100539598,0.00010336650801327942,-1.0641944377162544e-120,0.00024398073319199047,-0.2500790726649559
1770707331.4614437,1.2044322564339636,0.0,0.020000000000000007,1.23,0.0,0.1,0.25,-0.03735048100539598,0.00010336650801327942,-8.728606638953004e-121,0.0001498652733235895,-0.25003266092864196
1770707331.8778114,1.2044322564339636,0.0,0.020000000000000007,1.23,0.0,0.1,0.25,-0.03735048100539598,0.00010336650801327942,-5.807388833128315e-121,0.0001381396503989397,-0.2500185591334853
1770707332.2975767,1.2044322564339636,0.0,0.020000000000000007,1.23,0.0,0.1,0.25,-0.03735048100539598,0.00010336650801327942,-4.5022537421455895e-121,0.00011418359887178047,-0.25000780415058194
1770707332.7275198,1.2044322564339636,0.0,0.020000000000000007,1.23,0.0,0.1,0.25,-0.03735048100539598,0.00010336650801327942,-3.8171437814510396e-121,2.6440984854327716e-05,-0.2500472370229812
1770707333.1460035,1.2044322564339636,0.0,0.020000000000000007,1.23,0.0,0.1,0.25,-0.03735048100539598,0.00010336650801327942,-2.961576122077055e-121,6.519321356584799e-05,-0.2500229618700949
1770707333.5754626,1.2044322564339636,0.0,0.020000000000000007,1.23,0.0,0.1,0.25,-0.03735048100539598,0.00010336650801327942,-1.970464643173177e-121,-8.30854972104897e-05,-0.2501080538736895
1770707333.9929204,1.2044322564339636,0.0,0.020000000000000007,1.23,0.0,0.1,0.25,-0.03735048100539598,0.00010336650801327942,-1.5292641588797432e-121,6.32878359086178e-05,-0.25003467666936424
1770707334.4049628,1.2044322564339636,0.0,0.020000000000000007,1.23,0.0,0.1,0.25,-0.03735048100539598,0.00010336650801327942,-1.1862245680910419e-121,-4.288950164135865e-05,-0.25008374573858233
1770707334.8428984,1.2044322564339636,0.0,0.020000000000000007,1.23,0.0,0.1,0.25,-0.03735048100539598,0.00010336650801327942,-9.194035625365015e-122,3.6706794272361936e-05,-0.2500412894864618
1770707335.2701986,1.2044322564339636,0.0,0.020000000000000007,1.23,0.0,0.1,0.25,-0.03735048100539598,0.00010336650801327942,-6.697358380084145e-122,0.00012014669858614176,-0.2500167340857178
1770707335.6838741,1.2044322564339636,0.0,0.020000000000000007,1.23,0.0,0.1,0.25,-0.03735048100539598,0.00010336650801327942,-5.221741405422135e-122,0.00016361667751905876,-0.2500344720826462
1770707336.1028867,1.2044322564339636,0.0,0.020000000000000007,1.23,0.0,0.1,0.25,-0.03735048100539598,0.00010336650801327942,-4.0608712185656235e-122,8.9722094241255e-05,-0.2500142116652138
1770707336.5291648,1.2044322564339636,0.0,0.020000000000000007,1.23,0.0,0.1,0.25,-0.03735048100539598,0.00010336650801327942,-3.473353751963344e-122,0.00012500857324437847,-0.2500143496805159
1770707336.9453137,1.2044322564339636,0.0,0.020000000000000007,1.23,0.0,0.1,0.25,-0.03735048100539598,0.00010336650801327942,-2.697322735278769e-122,0.00014419619334813777,-0.2500223336046778
1770707337.3632138,1.2044322564339636,0.0,0.020000000000000007,1.23,0.0,0.1,0.25,-0.03735048100539598,0.00010336650801327942,-2.0753334671005854e-122,9.995041198941414e-06,-0.2500601058486221
1770707337.7816463,1.2044322564339636,0.0,0.020000000000000007,1.23,0.0,0.1,0.25,-0.03735048100539598,0.00010336650801327942,-1.3923987386081514e-122,-1.9694242870201172e-05,-0.25006449930384866
1770707338.1919026,1.2044322564339636,0.0,0.020000000000000007,1.23,0.0,0.1,0.25,-0.03735048100539598,0.00010336650801327942,-1.0803449477230223e-122,1.3003956558949304e-06,-0.2500531325200313
1770707338.6081047,1.2044322564339636,0.0,0.020000000000000007,1.23,0.0,0.1,0.25,-0.03735048100539598,0.00010336650801327942,-8.375767255039919e-123,-0.00013453953448532542,-0.2501325370142634
1770707339.033379,1.2044322564339636,0.0,0.020000000000000007,1.23,0.0,0.1,0.25,-0.03735048100539598,0.00010336650801327942,-6.325936659250935e-123,-0.00023910793654696255,-0.2501816940624863
1770707339.452917,1.2044322564339636,0.0,0.020000000000000007,1.23,0.0,0.1,0.25,-0.03735048100539598,0.00010336650801327942,-5.4970947314021264e-123,-0.00018246676118741036,-0.2501485807521363
1770707339.8640857,1.2044322564339636,0.0,0.020000000000000007,1.23,0.0,0.1,0.25,-0.03735048100539598,0.00010336650801327942,-3.804266083053229e-123,-0.00015921288223714924,-0.25013361508302023
1770707340.2771714,1.2044322564339636,0.0,0.020000000000000007,1.23,0.0,0.1,0.25,-0.03735048100539598,0.00010336650801327942,-2.8542096066021446e-123,-0.00018488189980741428,-0.2501466911056674
1770707340.6910455,1.2044322564339636,0.0,0.020000000000000007,1.23,0.0,0.1,0.25,-0.03735048100539598,0.00010336650801327942,-2.146754903602742e-123,-6.137155129060779e-05,-0.2500947200645036
1770707341.1052275,1.2044322564339636,0.0,0.020000000000000007,1.23,0.0,0.1,0.25,-0.03735048100539598,0.00010336650801327942,-1.7159216311038933e-123,-2.5169177729195655e-05,-0.25006788808022734
1770707341.5253482,1.2044322564339636,0.0,0.020000000000000007,1.23,0.0,0.1,0.25,-0.03735048100539598,0.00010336650801327942,-1.3508836260184917e-123,-9.18100614292283e-06,-0.25005787257423673
1770707341.9560566,1.2044322564339636,0.0,0.020000000000000007,1.23,0.0,0.1,0.25,-0.03735048100539598,0.00010336650801327942,-1.132950060413016e-123,-7.498842545321593e-05,-0.2500957582086643
1770707342.380539,1.2044322564339636,0.0,0.020000000000000007,1.23,0.0,0.1,0.25,-0.03735048100539598,0.00010336650801327942,-7.587254185019703e-124,1.0497132383552117e-05,-0.25005498324359854
1770707342.8095758,1.2044322564339636,0.0,0.020000000000000007,1.23,0.0,0.1,0.25,-0.03735048100539598,0.00010336650801327942,-6.262374997981067e-124,2.024740189577865e-05,-0.25004253458000997
1770707343.2275162,1.2044322564339636,0.0,0.020000000000000007,1.23,0.0,0.1,0.25,-0.03735048100539598,0.00010336650801327942,-4.995503562737952e-124,-4.497092759629608e-05,-0.250080690550754
1770707343.6409907,1.2044322564339636,0.0,0.020000000000000007,1.23,0.0,0.1,0.25,-0.03735048100539598,0.00010336650801327942,-3.875818720857113e-124,-6.225435808189191e-05,-0.25008453877609615
1770707344.0708556,1.2044322564339636,0.0,0.020000000000000007,1.23,0.0,0.1,0.25,-0.03735048100539598,0.00010336650801327942,-3.0818366905452755e-124,-0.00010792288438123258,-0.25011021154882723
1770707344.4868875,1.2044322564339636,0.0,0.020000000000000007,1.23,0.0,0.1,0.25,-0.03735048100539598,0.00010336650801327942,-1.947571655818315e-124,-5.902361708861694e-05,-0.2500860849892802
1770707344.900561,1.2044322564339636,0.0,0.020000000000000007,1.23,0.0,0.1,0.25,-0.03735048100539598,0.00010336650801327942,-1.555744762457255e-124,2.7605322937770147e-05,-0.2500465434865404
1770707345.3148274,1.2044322564339636,0.0,0.020000000000000007,1.23,0.0,0.1,0.25,-0.03735048100539598,0.00010336650801327942,-1.205808028995912e-124,7.990624030396545e-05,-0.2500169602255913
1770707345.7274714,1.2044322564339636,0.0,0.020000000000000007,1.23,0.0,0.1,0.25,-0.03735048100539598,0.00010336650801327942,-9.133172966254769e-125,9.227954627147944e-05,-0.25000678081146765
1770707346.150764,1.2044322564339636,0.0,0.020000000000000007,1.23,0.0,0.1,0.25,-0.03735048100539598,0.00010336650801327942,-7.936283025102793e-125,4.1998556891855655e-05,-0.2500357120744987
1770707346.5666769,1.2044322564339636,0.0,0.020000000000000007,1.23,0.0,0.1,0.25,-0.03735048100539598,0.00010336650801327942,-5.826490476783816e-125,0.00014886571528306745,-0.25003343631947406
1770707346.9791336,1.2044322564339636,0.0,0.020000000000000007,1.23,0.0,0.1,0.25,-0.03735048100539598,0.00010336650801327942,-3.996683534612081e-125,0.00010841381734439744,-0.25000656884445943
1770707347.3929648,1.2044322564339636,0.0,0.020000000000000007,1.23,0.0,0.1,0.25,-0.03735048100539598,0.00010336650801327942,-3.102109839001572e-125,0.00013875348964892346,-0.25002072745804826
1770707347.8036501,1.2044322564339636,0.0,0.020000000000000007,1.23,0.0,0.1,0.25,-0.03735048100539598,0.00010336650801327942,-2.472174228237198e-125,-4.156024883400159e-06,-0.25006805221790157
1770707348.224993,1.2044322564339636,0.0,0.020000000000000007,1.23,0.0,0.1,0.25,-0.03735048100539598,0.00010336650801327942,-1.9793851003070774e-125,-3.724122315583191e-05,-0.25007361238541176
1770707348.641671,1.2044322564339636,0.0,0.020000000000000007,1.23,0.0,0.1,0.25,-0.03735048100539598,0.00010336650801327942,-1.6251078787444964e-125,-9.437246854167808e-05,-0.25010458261281604
1770707349.0532122,1.2044322564339636,0.0,0.020000000000000007,1.23,0.0,0.1,0.25,-0.03735048100539598,0.00010336650801327942,-1.1908682731735772e-125,-5.997468608611262e-05,-0.2500851103752953
1770707349.4680254,1.2044322564339636,0.0,0.020000000000000007,1.23,0.0,0.1,0.25,-0.03735048100539598,0.00010336650801327942,-9.21018678505352e-126,-0.00014285900628185444,-0.2501314011891671
1770707349.8818448,1.2044322564339636,0.0,0.020000000000000007,1.23,0.0,0.1,0.25,-0.03735048100539598,0.00010336650801327942,-7.167063585646767e-126,-0.00013851901533190475,-0.25012137676076757
1770707350.2929246,1.2044322564339636,0.0,0.020000000000000007,1.23,0.0,0.1,0.25,-0.03735048100539598,0.00010336650801327942,-5.730780737868226e-126,-0.00010455965868046819,-0.250107359019012
1770707350.714067,1.2044322564339636,0.0,0.020000000000000007,1.23,0.0,0.1,0.25,-0.03735048100539598,0.00010336650801327942,-3.833499014518752e-126,-2.9733402703014193e-05,-0.2500740325809559
1770707351.1463327,1.2044322564339636,0.0,0.020000000000000007,1.23,0.0,0.1,0.25,-0.03735048100539598,0.00010336650801327942,-3.1363111124804785e-126,-5.537467829610828e-05,-0.25008193472071405
1770707351.5651646,1.2044322564339636,0.0,0.020000000000000007,1.23,0.0,0.1,0.25,-0.03735048100539598,0.00010336650801327942,-2.434049659702613e-126,-4.1051721892813116e-05,-0.25007364141059335
1770707351.979738,1.2044322564339636,0.0,0.020000000000000007,1.23,0.0,0.1,0.25,-0.03735048100539598,0.00010336650801327942,-1.660164944565605e-126,4.370944599580493e-05,-0.2500383046477976
1770707352.3905838,1.2044322564339636,0.0,0.020000000000000007,1.23,0.0,0.1,0.25,-0.03735048100539598,0.00010336650801327942,-1.3068076819620953e-126,-6.229995694453795e-06,-0.2500597921960229
1770707352.8094213,1.2044322564339636,0.0,0.020000000000000007,1.23,0.0,0.1,0.25,-0.03735048100539598,0.00010336650801327942,-1.0141314225037898e-126,7.494380180874095e-05,-0.2500223287328526
1770707353.2501776,1.2044322564339636,0.0,0.020000000000000007,1.23,0.0,0.1,0.25,-0.03735048100539598,0.00010336650801327942,-8.357271811174787e-127,4.2374778135636334e-05,-0.2500337527673061
1770707353.6647148,1.2044322564339636,0.0,0.020000000000000007,1.23,0.0,0.1,0.25,-0.03735048100539598,0.00010336650801327942,-6.504541725151565e-127,3.855376612638349e-05,-0.25003278847214433
1770707354.077217,1.2044322564339636,0.0,0.020000000000000007,1.23,0.0,0.1,0.25,-0.03735048100539598,0.00010336650801327942,-4.447173723893673e-127,1.7277865081496303e-05,-0.2500451719115704
1770707354.4949691,1.2044322564339636,0.0,0.020000000000000007,1.23,0.0,0.1,0.25,-0.03735048100539598,0.00010336650801327942,-3.453184991827527e-127,-6.541914858724906e-05,-0.2500926625296671
1770707354.9433224,1.2044322564339636,0.0,0.020000000000000007,1.23,0.0,0.1,0.25,-0.03735048100539598,0.00010336650801327942,-2.8605382083007893e-127,-0.00019951955724675828,-0.250164853073496
1770707355.3644853,1.2044322564339636,0.0,0.020000000000000007,1.23,0.0,0.1,0.25,-0.03735048100539598,0.00010336650801327942,-2.2188433904458722e-127,-0.00014464233051223529,-0.2501294921419362
1770707355.777019,1.2044322564339636,0.0,0.020000000000000007,1.23,0.0,0.1,0.25,-0.03735048100539598,0.00010336650801327942,-1.5159910063524617e-127,-4.430377901722452e-05,-0.2500838689986648
1770707356.1954262,1.2044322564339636,0.0,0.020000000000000007,1.23,0.0,0.1,0.25,-0.03735048100539598,0.00010336650801327942,-1.1761760344109261e-127,-0.00010341976380659567,-0.2501093047343889
1770707356.6118026,1.2044322564339636,0.0,0.020000000000000007,1.23,0.0,0.1,0.25,-0.03735048100539598,0.00010336650801327942,-9.112829411956547e-128,4.266338224184004e-05,-0.2500449598774906
1770707357.0282593,1.2044322564339636,0.0,0.020000000000000007,1.23,0.0,0.1,0.25,-0.03735048100539598,0.00010336650801327942,-7.650132787183676e-128,4.5025569109057775e-05,-0.25002940668813883
1770707357.4531262,1.2044322564339636,0.0,0.020000000000000007,1.23,0.0,0.1,0.25,-0.03735048100539598,0.00010336650801327942,-6.013468694417145e-128,0.00018872372157759752,-0.25005704842202897
1770707357.8797164,1.2044322564339636,0.0,0.020000000000000007,1.23,0.0,0.1,0.25,-0.03735048100539598,0.00010336650801327942,-4.651044641971007e-128,0.0001473769236612102,-0.25002613988761563
1770707358.299778,1.2044322564339636,0.0,0.020000000000000007,1.23,0.0,0.1,0.25,-0.03735048100539598,0.00010336650801327942,-3.1035761667470576e-128,0.00018900050495595795,-0.25004697935660086
1770707358.7152865,1.2044322564339636,0.0,0.020000000000000007,1.23,0.0,0.1,0.25,-0.03735048100539598,0.00010336650801327942,-2.3868647169752297e-128,0.00013287848150171498,-0.2500203681890896
1770707359.1293404,1.2044322564339636,0.0,0.020000000000000007,1.23,0.0,0.1,0.25,-0.03735048100539598,0.00010336650801327942,-2.0413279400454585e-128,-2.8560678503210465e-05,-0.2500821075092587
1770707359.537955,1.2044322564339636,0.0,0.020000000000000007,1.23,0.0,0.1,0.25,-0.03735048100539598,0.00010336650801327942,-1.5817688111560913e-128,-2.9984362523198363e-05,-0.25006681780367024
1770707359.9517093,1.2044322564339636,0.0,0.020000000000000007,1.23,0.0,0.1,0.25,-0.03735048100539598,0.00010336650801327942,-1.2408858607228104e-128,-0.00012572107334254173,-0.2501241174617599
1770707360.366662,1.2044322564339636,0.0,0.020000000000000007,1.23,0.0,0.1,0.25,-0.03735048100539598,0.00010336650801327942,-9.707127053965101e-129,-8.252020406665228e-05,-0.25009726344296757
1770707360.7927818,1.2044322564339636,0.0,0.020000000000000007,1.23,0.0,0.1,0.25,-0.03735048100539598,0.00010336650801327942,-6.47804335851322e-129,-3.294947530780894e-05,-0.25007311506453644
1770707361.2077453,1.2044322564339636,0.0,0.020000000000000007,1.23,0.0,0.1,0.25,-0.03735048100539598,0.00010336650801327942,-5.0391870924461363e-129,-3.5735106606512174e-06,-0.25005640760580167
1770707361.6287012,1.2044322564339636,0.0,0.020000000000000007,1.23,0.0,0.1,0.25,-0.03735048100539598,0.00010336650801327942,-4.272698029660588e-129,-3.314429489736321e-06,-0.2500533663768686
1770707362.0437603,1.2044322564339636,0.0,0.020000000000000007,1.23,0.0,0.1,0.25,-0.03735048100539598,0.00010336650801327942,-3.3121620630910034e-129,1.3499946642450818e-05,-0.2500466147182986
1770707362.4605725,1.2044322564339636,0.0,0.020000000000000007,1.23,0.0,0.1,0.25,-0.03735048100539598,0.00010336650801327942,-2.5676057526609613e-129,8.732631675841727e-06,-0.2500477936696654
1770707362.8880913,1.2044322564339636,0.0,0.020000000000000007,1.23,0.0,0.1,0.25,-0.03735048100539598,0.00010336650801327942,-1.698879183434488e-129,2.9937758921285673e-05,-0.2500388348872705
1770707363.2982275,1.2044322564339636,0.0,0.020000000000000007,1.23,0.0,0.1,0.25,-0.03735048100539598,0.00010336650801327942,-1.3188526419754444e-129,9.994789117050775e-05,-0.2500087103216463
1770707363.7121892,1.2044322564339636,0.0,0.020000000000000007,1.23,0.0,0.1,0.25,-0.03735048100539598,0.00010336650801327942,-1.0248754767922446e-129,0.00010912760118423522,-0.25000379851758686
1770707364.128316,1.2044322564339636,0.0,0.020000000000000007,1.23,0.0,0.1,0.25,-0.03735048100539598,0.00010336650801327942,-8.712593826908662e-130,7.159342346548396e-05,-0.2500196399600458
1770707364.5468967,1.2044322564339636,0.0,0.020000000000000007,1.23,0.0,0.1,0.25,-0.03735048100539598,0.00010336650801327942,-6.739150496761173e-130,-2.964044261659785e-05,-0.25007662686192317
1770707364.9534125,1.2044322564339636,0.0,0.020000000000000007,1.23,0.0,0.1,0.25,-0.03735048100539598,0.00010336650801327942,-5.241291421852021e-130,-4.295868103173824e-05,-0.250074494418364
1770707365.3811297,1.2044322564339636,0.0,0.020000000000000007,1.23,0.0,0.1,0.25,-0.03735048100539598,0.00010336650801327942,-3.476187025282086e-130,-0.00014003043989441275,-0.2501314056498401
1770707365.7983272,1.2044322564339636,0.0,0.020000000000000007,1.23,0.0,0.1,0.25,-0.03735048100539598,0.00010336650801327942,-2.663808305806868e-130,-7.169025070510336e-05,-0.25009436239827815
1770707366.211624,1.2044322564339636,0.0,0.020000000000000007,1.23,0.0,0.1,0.25,-0.03735048100539598,0.00010336650801327942,-2.0882658619418436e-130,-7.656240333266936e-05,-0.25009045167093574
1770707366.6311374,1.2044322564339636,0.0,0.020000000000000007,1.23,0.0,0.1,0.25,-0.03735048100539598,0.00010336650801327942,-1.7750441635890306e-130,4.285868073383115e-05,-0.25004219602204636
1770707367.0447576,1.2044322564339636,0.0,0.020000000000000007,1.23,0.0,0.1,0.25,-0.03735048100539598,0.00010336650801327942,-1.3754134007542834e-130,4.9765708703783086e-05,-0.25002749110245176
1770707367.4587934,1.2044322564339636,0.0,0.020000000000000007,1.23,0.0,0.1,0.25,-0.03735048100539598,0.00010336650801327942,-1.0665829854861983e-130,-4.446865993917861e-05,-0.2500833410208405
1770707367.8886065,1.2044322564339636,0.0,0.020000000000000007,1.23,0.0,0.1,0.25,-0.03735048100539598,0.00010336650801327942,-7.106162402075108e-131,7.888324810663685e-05,-0.2500245768207579
1770707368.3086395,1.2044322564339636,0.0,0.020000000000000007,1.23,0.0,0.1,0.25,-0.03735048100539598,0.00010336650801327942,-5.520018587031812e-131,1.7186640661699684e-05,-0.2500492595944203
1770707368.7215211,1.2044322564339636,0.0,0.020000000000000007,1.23,0.0,0.1,0.25,-0.03735048100539598,0.00010336650801327942,-4.64170129397158e-131,0.00017152102079456496,-0.25004951069440395
1770707369.1460001,1.2044322564339636,0.0,0.020000000000000007,1.23,0.0,0.1,0.25,-0.03735048100539598,0.00010336650801327942,-3.630199584967134e-131,0.0001163054714556883,-0.2500119910366551
1770707369.5612385,1.2044322564339636,0.0,0.020000000000000007,1.23,0.0,0.1,0.25,-0.03735048100539598,0.00010336650801327942,-2.8180244534119457e-131,7.336097263544502e-05,-0.25001929721757093
1770707369.9769704,1.2044322564339636,0.0,0.020000000000000007,1.23,0.0,0.1,0.25,-0.03735048100539598,0.00010336650801327942,-1.8734445785746263e-131,-3.237438626939005e-05,-0.2500784439830318
1770707370.397673,1.2044322564339636,0.0,0.020000000000000007,1.23,0.0,0.1,0.25,-0.03735048100539598,0.00010336650801327942,-1.4548593903402167e-131,-0.00010157370165128303,-0.25010939003637045
1770707370.8226724,1.2044322564339636,0.0,0.020000000000000007,1.23,0.0,0.1,0.25,-0.03735048100539598,0.00010336650801327942,-1.234921043713786e-131,-9.76145946420471e-05,-0.2501008864620286
1770707371.2458777,1.2044322564339636,0.0,0.020000000000000007,1.23,0.0,0.1,0.25,-0.03735048100539598,0.00010336650801327942,-8.563408957773182e-132,-0.0001437342572589985,-0.2501281623488978
1770707371.6582177,1.2044322564339636,0.0,0.020000000000000007,1.23,0.0,0.1,0.25,-0.03735048100539598,0.00010336650801327942,-7.313362240779281e-132,-6.56425840287828e-05,-0.25009231371334406
1770707372.0783439,1.2044322564339636,0.0,0.020000000000000007,1.23,0.0,0.1,0.25,-0.03735048100539598,0.00010336650801327942,-4.971356559282476e-132,-2.6122489050816453e-05,-0.2500686965080299
1770707372.4954362,1.2044322564339636,0.0,0.020000000000000007,1.23,0.0,0.1,0.25,-0.03735048100539598,0.00010336650801327942,-3.856933489227714e-132,0.00010945948249449313,-0.2500166046843951
1770707372.9348218,1.2044322564339636,0.0,0.020000000000000007,1.23,0.0,0.1,0.25,-0.03735048100539598,0.00010336650801327942,-3.253193951955413e-132,0.00016256010829510112,-0.250034906862721
1770707373.3637452,1.2044322564339636,0.0,0.020000000000000007,1.23,0.0,0.1,0.25,-0.03735048100539598,0.00010336650801327942,-2.534951349058562e-132,0.0003197325431399209,-0.2501239002610478
1770707373.7751744,1.2044322564339636,0.0,0.020000000000000007,1.23,0.0,0.1,0.25,-0.03735048100539598,0.00010336650801327942,-1.9733513774708353e-132,0.0002515213907359574,-0.25008089855660176
1770707374.188497,1.2044322564339636,0.0,0.020000000000000007,1.23,0.0,0.1,0.25,-0.03735048100539598,0.00010336650801327942,-1.302789769357605e-132,0.0002198759604314918,-0.2500614192692396
1770707374.5997627,1.2044322564339636,0.0,0.020000000000000007,1.23,0.0,0.1,0.25,-0.03735048100539598,0.00010336650801327942,-1.0188336636087505e-132,0.00024656604463171405,-0.2500742687767292
1770707375.0168498,1.2044322564339636,0.0,0.020000000000000007,1.23,0.0,0.1,0.25,-0.03735048100539598,0.00010336650801327942,-7.902276757521364e-133,9.9626059212203e-05,-0.25001656422294244
1770707375.43928,1.2044322564339636,0.0,0.020000000000000007,1.23,0.0,0.1,0.25,-0.03735048100539598,0.00010336650801327942,-6.761503214261214e-133,0.00013159921607702973,-0.25001731366971836
1770707375.851818,1.2044322564339636,0.0,0.020000000000000007,1.23,0.0,0.1,0.25,-0.03735048100539598,0.00010336650801327942,-4.99241153660016e-133,-8.741235574772962e-06,-0.2500700879169592
1770707376.285704,1.2044322564339636,0.0,0.020000000000000007,1.23,0.0,0.1,0.25,-0.03735048100539598,0.00010336650801327942,-3.5153472367958536e-133,5.071489124722259e-05,-0.2500322714210652
1770707376.7185514,1.2044322564339636,0.0,0.020000000000000007,1.23,0.0,0.1,0.25,-0.03735048100539598,0.00010336650801327942,-2.695069256269518e-133,-2.7512129468313173e-05,-0.25007326202081237
1770707377.1325996,1.2044322564339636,0.0,0.020000000000000007,1.23,0.0,0.1,0.25,-0.03735048100539598,0.00010336650801327942,-2.2057579921356703e-133,0.00011632087714514444,-0.25002086048522726
1770707377.545453,1.2044322564339636,0.0,0.020000000000000007,1.23,0.0,0.1,0.25,-0.03735048100539598,0.00010336650801327942,-1.7077224285385764e-133,0.00012253856356144816,-0.2500102077964157
1770707377.957982,1.2044322564339636,0.0,0.020000000000000007,1.23,0.0,0.1,0.25,-0.03735048100539598,0.00010336650801327942,-1.4052593246869856e-133,0.00014830974343374686,-0.2500250487356975
1770707378.4026701,1.2044322564339636,0.0,0.020000000000000007,1.23,0.0,0.1,0.25,-0.03735048100539598,0.00010336650801327942,-9.17540115237416e-134,0.00014074234090031952,-0.25001944465669684
1770707378.8338482,1.2044322564339636,0.0,0.020000000000000007,1.23,0.0,0.1,0.25,-0.03735048100539598,0.00010336650801327942,-7.931535128095358e-134,0.00013409443561884532,-0.25001602875433093
1770707379.2453146,1.2044322564339636,0.0,0.020000000000000007,1.23,0.0,0.1,0.25,-0.03735048100539598,0.00010336650801327942,-6.15580499684776e-134,0.00025170230917956777,-0.2500859286879392
1770707379.6588984,1.2044322564339636,0.0,0.020000000000000007,1.23,0.0,0.1,0.25,-0.03735048100539598,0.00010336650801327942,-4.77497435303811e-134,0.00012948430214258138,-0.25002528069776836
1770707380.0731041,1.2044322564339636,0.0,0.020000000000000007,1.23,0.0,0.1,0.25,-0.03735048100539598,0.00010336650801327942,-3.1705167441039757e-134,0.00016488995555825637,-0.25003430228911405
1770707380.5046105,1.2044322564339636,0.0,0.020000000000000007,1.23,0.0,0.1,0.25,-0.03735048100539598,0.00010336650801327942,-2.457741120259869e-134,0.00011282750941221461,-0.2500099367453141
1770707380.9410222,1.2044322564339636,0.0,0.020000000000000007,1.23,0.0,0.1,0.25,-0.03735048100539598,0.00010336650801327942,-2.1008847625133342e-134,0.0001266362163583536,-0.25001301572486717
1770707381.361131,1.2044322564339636,0.0,0.020000000000000007,1.23,0.0,0.1,0.25,-0.03735048100539598,0.00010336650801327942,-1.4542242173241282e-134,1.180688077454762e-06,-0.250063638462796
1770707381.7855842,1.2044322564339636,0.0,0.020000000000000007,1.23,0.0,0.1,0.25,-0.03735048100539598,0.00010336650801327942,-1.2718024845944593e-134,4.157818488617048e-06,-0.2500499020578034
1770707382.2121809,1.2044322564339636,0.0,0.020000000000000007,1.23,0.0,0.1,0.25,-0.03735048100539598,0.00010336650801327942,-8.435524651266273e-135,3.9693336841672306e-05,-0.2500353901374211
1770707382.6326666,1.2044322564339636,0.0,0.020000000000000007,1.23,0.0,0.1,0.25,-0.03735048100539598,0.00010336650801327942,-6.732796613687087e-135,2.0696015779112364e-05,-0.25004323497822334
1770707383.048379,1.2044322564339636,0.0,0.020000000000000007,1.23,0.0,0.1,0.25,-0.03735048100539598,0.00010336650801327942,-5.569693454613379e-135,6.857979769884961e-05,-0.25002218173334917
1770707383.4675925,1.2044322564339636,0.0,0.020000000000000007,1.23,0.0,0.1,0.25,-0.03735048100539598,0.00010336650801327942,-4.0724022424879146e-135,-2.4188746118544697e-05,-0.2500730544814476
1770707383.8793964,1.2044322564339636,0.0,0.020000000000000007,1.23,0.0,0.1,0.25,-0.03735048100539598,0.00010336650801327942,-2.875873881910409e-135,-4.167887061569986e-05,-0.2500742717017642
1770707384.296607,1.2044322564339636,0.0,0.020000000000000007,1.23,0.0,0.1,0.25,-0.03735048100539598,0.00010336650801327942,-2.2349555788836006e-135,6.956157677111778e-05,-0.25002802651035977
1770707384.717149,1.2044322564339636,0.0,0.020000000000000007,1.23,0.0,0.1,0.25,-0.03735048100539598,0.00010336650801327942,-1.7359135225099973e-135,0.00015859281837058087,-0.2500365162793386
1770707385.1312432,1.2044322564339636,0.0,0.020000000000000007,1.23,0.0,0.1,0.25,-0.03735048100539598,0.00010336650801327942,-1.4711207955853205e-135,0.00010174953479675646,-0.2500064928149657
1770707385.5452511,1.2044322564339636,0.0,0.020000000000000007,1.23,0.0,0.1,0.25,-0.03735048100539598,0.00010336650801327942,-1.1433458834986123e-135,0.00010856825206567219,-0.2500032827437531
1770707385.958912,1.2044322564339636,0.0,0.020000000000000007,1.23,0.0,0.1,0.25,-0.03735048100539598,0.00010336650801327942,-8.367746027064576e-136,6.945146798654961e-05,-0.25002086919842126
1770707386.3699772,1.2044322564339636,0.0,0.020000000000000007,1.23,0.0,0.1,0.25,-0.03735048100539598,0.00010336650801327942,-5.836547137022046e-136,-4.907238685925398e-05,-0.2500880718329208
1770707386.7890816,1.2044322564339636,0.0,0.020000000000000007,1.23,0.0,0.1,0.25,-0.03735048100539598,0.00010336650801327942,-4.5756001051046146e-136,-2.6182437709105724e-05,-0.2500670634677762
1770707387.199939,1.2044322564339636,0.0,0.020000000000000007,1.23,0.0,0.1,0.25,-0.03735048100539598,0.00010336650801327942,-3.5488500564997526e-136,-0.00011477844668444638,-0.2501179320782464
1770707387.6199572,1.2044322564339636,0.0,0.020000000000000007,1.23,0.0,0.1,0.25,-0.03735048100539598,0.00010336650801327942,-3.0144805099725463e-136,-2.225559650779548e-05,-0.2500720633372782
1770707388.0393872,1.2044322564339636,0.0,0.020000000000000007,1.23,0.0,0.1,0.25,-0.03735048100539598,0.00010336650801327942,-2.215254370993691e-136,-4.177038322150804e-05,-0.25007451992428875
1770707388.455534,1.2044322564339636,0.0,0.020000000000000007,1.23,0.0,0.1,0.25,-0.03735048100539598,0.00010336650801327942,-1.8191713009448472e-136,6.291787262381104e-05,-0.25003069314327925
1770707388.8710482,1.2044322564339636,0.0,0.020000000000000007,1.23,0.0,0.1,0.25,-0.03735048100539598,0.00010336650801327942,-1.2114679683491577e-136,0.0001453697244672779,-0.2500292467934113
1770707389.2855895,1.2044322564339636,0.0,0.020000000000000007,1.23,0.0,0.1,0.25,-0.03735048100539598,0.00010336650801327942,-9.203108643286188e-137,0.00016146725172000648,-0.25003066012457864
1770707389.6962655,1.2044322564339636,0.0,0.020000000000000007,1.23,0.0,0.1,0.25,-0.03735048100539598,0.00010336650801327942,-7.290504101617411e-137,9.570421274297545e-05,-0.25001040745153286
1770707390.1096728,1.2044322564339636,0.0,0.020000000000000007,1.23,0.0,0.1,0.25,-0.03735048100539598,0.00010336650801327942,-5.638223538882033e-137,-5.3540331585691436e-06,-0.2500644660951761
1770707390.5347788,1.2044322564339636,0.0,0.020000000000000007,1.23,0.0,0.1,0.25,-0.03735048100539598,0.00010336650801327942,-4.550201007630228e-137,-2.7526508171823032e-06,-0.2500533197176493
1770707390.9480736,1.2044322564339636,0.0,0.020000000000000007,1.23,0.0,0.1,0.25,-0.03735048100539598,0.00010336650801327942,-3.743225023729615e-137,-0.00011675063948801172,-0.25012145837261773
1770707391.3602335,1.2044322564339636,0.0,0.020000000000000007,1.23,0.0,0.1,0.25,-0.03735048100539598,0.00010336650801327942,-2.753784253489994e-137,-9.85517979240322e-05,-0.250102779037125
1770707391.7769861,1.2044322564339636,0.0,0.020000000000000007,1.23,0.0,0.1,0.25,-0.03735048100539598,0.00010336650801327942,-1.9436546540431125e-137,-0.00021733168302782727,-0.2501722270840309
1770707392.1952813,1.2044322564339636,0.0,0.020000000000000007,1.23,0.0,0.1,0.25,-0.03735048100539598,0.00010336650801327942,-1.4954954010870666e-137,-0.00015031743818201513,-0.2501335433975822
1770707392.6107302,1.2044322564339636,0.0,0.020000000000000007,1.23,0.0,0.1,0.25,-0.03735048100539598,0.00010336650801327942,-1.1721086111090518e-137,-0.00020642686812619369,-0.2501605076310641
1770707393.0361278,1.2044322564339636,0.0,0.020000000000000007,1.23,0.0,0.1,0.25,-0.03735048100539598,0.00010336650801327942,-9.084531338552504e-138,-0.0002297324040028035,-0.2501688800095957
1770707393.4580274,1.2044322564339636,0.0,0.020000000000000007,1.23,0.0,0.1,0.25,-0.03735048100539598,0.00010336650801327942,-7.288881165075117e-138,-0.0001706275420848905,-0.2501429075112409
1770707393.8874722,1.2044322564339636,0.0,0.020000000000000007,1.23,0.0,0.1,0.25,-0.03735048100539598,0.00010336650801327942,-4.997694023226147e-138,-0.00012546117702741567,-0.2501189304790261
1770707394.3040025,1.2044322564339636,0.0,0.020000000000000007,1.23,0.0,0.1,0.25,-0.03735048100539598,0.00010336650801327942,-3.8804294411481364e-138,-9.399870956104622e-05,-0.2501018288555338
1770707394.714114,1.2044322564339636,0.0,0.020000000000000007,1.23,0.0,0.1,0.25,-0.03735048100539598,0.00010336650801327942,-3.010721352941798e-138,2.5149797710797394e-05,-0.2500510232058784
1770707395.1432655,1.2044322564339636,0.0,0.020000000000000007,1.23,0.0,0.1,0.25,-0.03735048100539598,0.00010336650801327942,-2.4829862583203943e-138,9.067667800327731e-05,-0.25001289760303425
1770707395.5598283,1.2044322564339636,0.0,0.020000000000000007,1.23,0.0,0.1,0.25,-0.03735048100539598,0.00010336650801327942,-1.923380523539155e-138,-2.2001827422159693e-05,-0.25007395201826027
1770707395.9810174,1.2044322564339636,0.0,0.020000000000000007,1.23,0.0,0.1,0.25,-0.03735048100539598,0.00010336650801327942,-1.3182904804622126e-138,5.9289318321229396e-05,-0.2500301677094203
1770707396.3993871,1.2044322564339636,0.0,0.020000000000000007,1.23,0.0,0.1,0.25,-0.03735048100539598,0.00010336650801327942,-1.0232412864015803e-138,8.221394273244404e-05,-0.2500128687450815
1770707396.8147843,1.2044322564339636,0.0,0.020000000000000007,1.23,0.0,0.1,0.25,-0.03735048100539598,0.00010336650801327942,-7.96480121400183e-139,5.641965883765217e-05,-0.2500260528529773
1770707397.2424462,1.2044322564339636,0.0,0.020000000000000007,1.23,0.0,0.1,0.25,-0.03735048100539598,0.00010336650801327942,-6.60410842904576e-139,3.424637749843297e-05,-0.25003677739339136
1770707397.654207,1.2044322564339636,0.0,0.020000000000000007,1.23,0.0,0.1,0.25,-0.03735048100539598,0.00010336650801327942,-5.10992884655102e-139,6.23251440201102e-05,-0.2500233285586488
1770707398.0700965,1.2044322564339636,0.0,0.020000000000000007,1.23,0.0,0.1,0.25,-0.03735048100539598,0.00010336650801327942,-3.4939010861411296e-139,7.825294421392604e-05,-0.25001414956191903
1770707398.4940474,1.2044322564339636,0.0,0.020000000000000007,1.23,0.0,0.1,0.25,-0.03735048100539598,0.00010336650801327942,-2.703433223592847e-139,-4.055124584615742e-05,-0.25008383929593575
1770707398.9053938,1.2044322564339636,0.0,0.020000000000000007,1.23,0.0,0.1,0.25,-0.03735048100539598,0.00010336650801327942,-2.1024499306614916e-139,0.00010580695707430457,-0.25001585604482257
1770707399.316788,1.2044322564339636,0.0,0.020000000000000007,1.23,0.0,0.1,0.25,-0.03735048100539598,0.00010336650801327942,-1.6372983046383639e-139,0.00011885378750330993,-0.2500090483227879
1770707399.7369194,1.2044322564339636,0.0,0.020000000000000007,1.23,0.0,0.1,0.25,-0.03735048100539598,0.00010336650801327942,-1.3599158715207862e-139,0.00021429460517282713,-0.2500650081303467
1770707400.1491592,1.2044322564339636,0.0,0.020000000000000007,1.23,0.0,0.1,0.25,-0.03735048100539598,0.00010336650801327942,-1.058841536910416e-139,0.00017446250759762532,-0.2500395312095497
1770707400.560054,1.2044322564339636,0.0,0.020000000000000007,1.23,0.0,0.1,0.25,-0.03735048100539598,0.00010336650801327942,-8.20123783555917e-140,0.0002816373285629089,-0.25009985289237135
1770707400.968487,1.2044322564339636,0.0,0.020000000000000007,1.23,0.0,0.1,0.25,-0.03735048100539598,0.00010336650801327942,-6.351957472365121e-140,9.685109743203256e-05,-0.25002173632840374
1770707401.3812156,1.2044322564339636,0.0,0.020000000000000007,1.23,0.0,0.1,0.25,-0.03735048100539598,0.00010336650801327942,-4.317797912129591e-140,6.612274730435605e-05,-0.2500216947153672
1770707401.8107111,1.2044322564339636,0.0,0.020000000000000007,1.23,0.0,0.1,0.25,-0.03735048100539598,0.00010336650801327942,-3.3783658508432983e-140,-6.615733767368379e-06,-0.25006226496899747
1770707402.2310953,1.2044322564339636,0.0,0.020000000000000007,1.23,0.0,0.1,0.25,-0.03735048100539598,0.00010336650801327942,-2.8032708791034977e-140,-4.895235958169984e-05,-0.2500803930963789
1770707402.642618,1.2044322564339636,0.0,0.020000000000000007,1.23,0.0,0.1,0.25,-0.03735048100539598,0.00010336650801327942,-2.177049002810771e-140,-1.5827484721866906e-05,-0.25006290948385357
1770707403.0613835,1.2044322564339636,0.0,0.020000000000000007,1.23,0.0,0.1,0.25,-0.03735048100539598,0.00010336650801327942,-1.6940308904480552e-140,-0.00013823241145630836,-0.25013303995240826
1770707403.4749038,1.2044322564339636,0.0,0.020000000000000007,1.23,0.0,0.1,0.25,-0.03735048100539598,0.00010336650801327942,-1.1642192761287437e-140,-0.00010929339228614276,-0.2501092238520667
1770707403.8992057,1.2044322564339636,0.0,0.020000000000000007,1.23,0.0,0.1,0.25,-0.03735048100539598,0.00010336650801327942,-8.860912729494866e-141,-7.395234763112144e-05,-0.25009219353228773
1770707404.3167644,1.2044322564339636,0.0,0.020000000000000007,1.23,0.0,0.1,0.25,-0.03735048100539598,0.00010336650801327942,-6.881652537311775e-141,-3.549793523359814e-05,-0.2500732776628632
1770707404.7346315,1.2044322564339636,0.0,0.020000000000000007,1.23,0.0,0.1,0.25,-0.03735048100539598,0.00010336650801327942,-5.716530779632244e-141,-6.672441910163916e-05,-0.2500881681119443
1770707405.1542277,1.2044322564339636,0.0,0.020000000000000007,1.23,0.0,0.1,0.25,-0.03735048100539598,0.00010336650801327942,-4.5028336339714884e-141,-3.3408134930686717e-05,-0.25007171894988905
1770707405.57754,1.2044322564339636,0.0,0.020000000000000007,1.23,0.0,0.1,0.25,-0.03735048100539598,0.00010336650801327942,-3.0157117216883684e-141,-2.7375461559971275e-06,-0.25005611908596215
1770707405.9882326,1.2044322564339636,0.0,0.020000000000000007,1.23,0.0,0.1,0.25,-0.03735048100539598,0.00010336650801327942,-2.3401246974967258e-141,-3.656880713264028e-05,-0.2500733507836706
1770707406.404233,1.2044322564339636,0.0,0.020000000000000007,1.23,0.0,0.1,0.25,-0.03735048100539598,0.00010336650801327942,-1.8161862238185267e-141,4.958155832968797e-06,-0.2500533568723867
1770707406.8291037,1.2044322564339636,0.0,0.020000000000000007,1.23,0.0,0.1,0.25,-0.03735048100539598,0.00010336650801327942,-1.531242585722472e-141,-8.212451858422115e-05,-0.25010145378074045
1770707407.2457836,1.2044322564339636,0.0,0.020000000000000007,1.23,0.0,0.1,0.25,-0.03735048100539598,0.00010336650801327942,-1.1878795526266103e-141,-6.982015011557595e-05,-0.25008782376591127
1770707407.6546369,1.2044322564339636,0.0,0.020000000000000007,1.23,0.0,0.1,0.25,-0.03735048100539598,0.00010336650801327942,-9.228705819799075e-142,-0.00015217145384140447,-0.25013600411129994
1770707408.0713642,1.2044322564339636,0.0,0.020000000000000007,1.23,0.0,0.1,0.25,-0.03735048100539598,0.00010336650801327942,-6.197948947792391e-142,-0.0001270961536049471,-0.2501177388608327
1770707408.4954696,1.2044322564339636,0.0,0.020000000000000007,1.23,0.0,0.1,0.25,-0.03735048100539598,0.00010336650801327942,-4.816675583394569e-142,-0.00014200022337730866,-0.25012417377267254
1770707408.915109,1.2044322564339636,0.0,0.020000000000000007,1.23,0.0,0.1,0.25,-0.03735048100539598,0.00010336650801327942,-3.733525787067426e-142,-0.0001332793711420636,-0.25011919502480123
1770707409.3313096,1.2044322564339636,0.0,0.020000000000000007,1.23,0.0,0.1,0.25,-0.03735048100539598,0.00010336650801327942,-3.0796359038609708e-142,-5.997653693784204e-05,-0.250089001805896
1770707409.7483082,1.2044322564339636,0.0,0.020000000000000007,1.23,0.0,0.1,0.25,-0.03735048100539598,0.00010336650801327942,-2.440236690546459e-142,3.668222567252562e-05,-0.25004300801743146
1770707410.160549,1.2044322564339636,0.0,0.020000000000000007,1.23,0.0,0.1,0.25,-0.03735048100539598,0.00010336650801327942,-1.7892691076312727e-142,0.00014618015757758177,-0.25003235661797263
1770707410.575571,1.2044322564339636,0.0,0.020000000000000007,1.23,0.0,0.1,0.25,-0.03735048100539598,0.00010336650801327942,-1.2674645537992906e-142,0.00018558975810016836,-0.2500450525850957
1770707410.9868038,1.2044322564339636,0.0,0.020000000000000007,1.23,0.0,0.1,0.25,-0.03735048100539598,0.00010336650801327942,-9.865673179852272e-143,0.0003233056941670823,-0.2501237411866836
1770707411.4012597,1.2044322564339636,0.0,0.020000000000000007,1.23,0.0,0.1,0.25,-0.03735048100539598,0.00010336650801327942,-7.665552393700717e-143,0.0002612596990900553,-0.25008515119504604
1770707411.814259,1.2044322564339636,0.0,0.020000000000000007,1.23,0.0,0.1,0.25,-0.03735048100539598,0.00010336650801327942,-5.945584945606716e-143,0.0003005601623921585,-0.25010252687351964
1770707412.2325542,1.2044322564339636,0.0,0.020000000000000007,1.23,0.0,0.1,0.25,-0.03735048100539598,0.00010336650801327942,-5.026650652402331e-143,0.00016869741923860844,-0.250045851729928
1770707412.6605904,1.2044322564339636,0.0,0.020000000000000007,1.23,0.0,0.1,0.25,-0.03735048100539598,0.00010336650801327942,-3.9071607548313858e-143,4.6301469760175965e-05,-0.2500407721140744
1770707413.0882392,1.2044322564339636,0.0,0.020000000000000007,1.23,0.0,0.1,0.25,-0.03735048100539598,0.00010336650801327942,-3.0259034217791757e-143,-5.8281259603815075e-05,-0.2500912821567449
1770707413.5102386,1.2044322564339636,0.0,0.020000000000000007,1.23,0.0,0.1,0.25,-0.03735048100539598,0.00010336650801327942,-2.0224340106999555e-143,-3.693125425984681e-05,-0.25007228388167096
1770707413.9271834,1.2044322564339636,0.0,0.020000000000000007,1.23,0.0,0.1,0.25,-0.03735048100539598,0.00010336650801327942,-1.6036529686556045e-143,-4.18269074110768e-06,-0.2500570494557291
1770707414.347379,1.2044322564339636,0.0,0.020000000000000007,1.23,0.0,0.1,0.25,-0.03735048100539598,0.00010336650801327942,-1.3316627667296108e-143,-4.338559492366166e-05,-0.2500772963418867
1770707414.7935627,1.2044322564339636,0.0,0.020000000000000007,1.23,0.0,0.1,0.25,-0.03735048100539598,0.00010336650801327942,-8.807321857817389e-144,3.6654405344532846e-05,-0.2500413600513612
1770707415.203524,1.2044322564339636,0.0,0.020000000000000007,1.23,0.0,0.1,0.25,-0.03735048100539598,0.00010336650801327942,-6.864346656055823e-144,5.048163664103912e-05,-0.2500278251588158
1770707415.6225624,1.2044322564339636,0.0,0.020000000000000007,1.23,0.0,0.1,0.25,-0.03735048100539598,0.00010336650801327942,-5.86453894719636e-144,6.284248937049905e-05,-0.25002149809459434
1770707416.0348835,1.2044322564339636,0.0,0.020000000000000007,1.23,0.0,0.1,0.25,-0.03735048100539598,0.00010336650801327942,-4.552605523090993e-144,0.00016890720753918144,-0.25004337682157984
1770707416.4481857,1.2044322564339636,0.0,0.020000000000000007,1.23,0.0,0.1,0.25,-0.03735048100539598,0.00010336650801327942,-3.529138997719136e-144,0.00023252271203197487,-0.2500709396524586
1770707416.8675604,1.2044322564339636,0.0,0.020000000000000007,1.23,0.0,0.1,0.25,-0.03735048100539598,0.00010336650801327942,-2.740697131748678e-144,0.0001876060578075069,-0.25004661144031953
1770707417.2993495,1.2044322564339636,0.0,0.020000000000000007,1.23,0.0,0.1,0.25,-0.03735048100539598,0.00010336650801327942,-1.8248388338601177e-144,0.0001513256972328219,-0.2500276076306672
1770707417.711654,1.2044322564339636,0.0,0.020000000000000007,1.23,0.0,0.1,0.25,-0.03735048100539598,0.00010336650801327942,-1.4147028650906937e-144,0.00020209211107107694,-0.2500544394429127
1770707418.1250153,1.2044322564339636,0.0,0.020000000000000007,1.23,0.0,0.1,0.25,-0.03735048100539598,0.00010336650801327942,-1.2036790167818838e-144,9.756344938139294e-05,-0.2500133543954849
1770707418.556949,1.2044322564339636,0.0,0.020000000000000007,1.23,0.0,0.1,0.25,-0.03735048100539598,0.00010336650801327942,-8.333038979657691e-145,8.840631764180375e-05,-0.2500083958083597
1770707418.973375,1.2044322564339636,0.0,0.020000000000000007,1.23,0.0,0.1,0.25,-0.03735048100539598,0.00010336650801327942,-6.2023335110795835e-145,4.1384029188497196e-05,-0.25003569346825777
1770707419.3981092,1.2044322564339636,0.0,0.020000000000000007,1.23,0.0,0.1,0.25,-0.03735048100539598,0.00010336650801327942,-4.856304683897521e-145,0.00013512603923274068,-0.2500252539666142
1770707419.8345144,1.2044322564339636,0.0,0.020000000000000007,1.23,0.0,0.1,0.25,-0.03735048100539598,0.00010336650801327942,-4.114231987236659e-145,8.982536816734836e-05,-0.25001130063702953
1770707420.25227,1.2044322564339636,0.0,0.020000000000000007,1.23,0.0,0.1,0.25,-0.03735048100539598,0.00010336650801327942,-3.1990676970724973e-145,5.0761014231018826e-05,-0.25003020918228475
1770707420.6896596,1.2044322564339636,0.0,0.020000000000000007,1.23,0.0,0.1,0.25,-0.03735048100539598,0.00010336650801327942,-2.1287172698139175e-145,3.873700308817825e-05,-0.25003351715357686
1770707421.1295438,1.2044322564339636,0.0,0.020000000000000007,1.23,0.0,0.1,0.25,-0.03735048100539598,0.00010336650801327942,-1.6517700645894353e-145,9.112298282233594e-05,-0.25001136036056887
1770707421.5474021,1.2044322564339636,0.0,0.020000000000000007,1.23,0.0,0.1,0.25,-0.03735048100539598,0.00010336650801327942,-1.4064295098622326e-145,0.0001230805332474785,-0.2500130527676596
1770707421.9595802,1.2044322564339636,0.0,0.020000000000000007,1.23,0.0,0.1,0.25,-0.03735048100539598,0.00010336650801327942,-1.0867229012625623e-145,0.00013397214511173063,-0.25001639197973563
1770707422.3723078,1.2044322564339636,0.0,0.020000000000000007,1.23,0.0,0.1,0.25,-0.03735048100539598,0.00010336650801327942,-7.276807362463805e-146,9.084400097500464e-05,-0.2500105740679328
1770707422.7914526,1.2044322564339636,0.0,0.020000000000000007,1.23,0.0,0.1,0.25,-0.03735048100539598,0.00010336650801327942,-5.5673943694527505e-146,3.0560794608389306e-05,-0.2500424311773391
1770707423.2148368,1.2044322564339636,0.0,0.020000000000000007,1.23,0.0,0.1,0.25,-0.03735048100539598,0.00010336650801327942,-4.345329572769334e-146,4.286368977934233e-05,-0.25003148169863404
1770707423.6540842,1.2044322564339636,0.0,0.020000000000000007,1.23,0.0,0.1,0.25,-0.03735048100539598,0.00010336650801327942,-3.530117416345737e-146,-6.530178529829519e-05,-0.25009515069416355
1770707424.0674691,1.2044322564339636,0.0,0.020000000000000007,1.23,0.0,0.1,0.25,-0.03735048100539598,0.00010336650801327942,-2.8743725435744e-146,-2.2583314625709306e-05,-0.25006724675838676
1770707424.4948556,1.2044322564339636,0.0,0.020000000000000007,1.23,0.0,0.1,0.25,-0.03735048100539598,0.00010336650801327942,-1.9047319695809002e-146,-9.277501990733998e-06,-0.2500576525862655
1770707424.909396,1.2044322564339636,0.0,0.020000000000000007,1.23,0.0,0.1,0.25,-0.03735048100539598,0.00010336650801327942,-1.495279529411891e-146,-8.288738832154208e-05,-0.2501004879368005
1770707425.3273463,1.2044322564339636,0.0,0.020000000000000007,1.23,0.0,0.1,0.25,-0.03735048100539598,0.00010336650801327942,-1.2036320342760298e-146,-2.4107808674617448e-05,-0.25006961511630865
1770707425.7434127,1.2044322564339636,0.0,0.020000000000000007,1.23,0.0,0.1,0.25,-0.03735048100539598,0.00010336650801327942,-9.8821616807862e-147,1.8637814103042054e-05,-0.25004663890923284
1770707426.165766,1.2044322564339636,0.0,0.020000000000000007,1.23,0.0,0.1,0.25,-0.03735048100539598,0.00010336650801327942,-7.672769151114676e-147,5.6922152483608234e-05,-0.2500270506116029
1770707426.5793083,1.2044322564339636,0.0,0.020000000000000007,1.23,0.0,0.1,0.25,-0.03735048100539598,0.00010336650801327942,-5.093187303373223e-147,7.25943215235011e-05,-0.25001695331014884
1770707426.993528,1.2044322564339636,0.0,0.020000000000000007,1.23,0.0,0.1,0.25,-0.03735048100539598,0.00010336650801327942,-3.9645333165279583e-147,9.929724356989816e-05,-0.25000470492442634
1770707427.4043298,1.2044322564339636,0.0,0.020000000000000007,1.23,0.0,0.1,0.25,-0.03735048100539598,0.00010336650801327942,-3.0661166867571366e-147,1.9149768850626403e-05,-0.25005012311705327
1770707427.8394933,1.2044322564339636,0.0,0.020000000000000007,1.23,0.0,0.1,0.25,-0.03735048100539598,0.00010336650801327942,-2.4762792363703436e-147,-9.133567253790943e-05,-0.25010839963441445
1770707428.2539704,1.2044322564339636,0.0,0.020000000000000007,1.23,0.0,0.1,0.25,-0.03735048100539598,0.00010336650801327942,-1.9258726037181966e-147,3.527759354570761e-05,-0.25004670578384214
1770707428.6682117,1.2044322564339636,0.0,0.020000000000000007,1.23,0.0,0.1,0.25,-0.03735048100539598,0.00010336650801327942,-1.5036960080248254e-147,1.9699179418658152e-05,-0.25004339150571003
1770707429.0805702,1.2044322564339636,0.0,0.020000000000000007,1.23,0.0,0.1,0.25,-0.03735048100539598,0.00010336650801327942,-1.0555119493802993e-147,-4.546744223471506e-05,-0.25008093363728934
1770707429.503028,1.2044322564339636,0.0,0.020000000000000007,1.23,0.0,0.1,0.25,-0.03735048100539598,0.00010336650801327942,-8.227245363963041e-148,3.9810496265160856e-05,-0.250040305799724
1770707429.9294627,1.2044322564339636,0.0,0.020000000000000007,1.23,0.0,0.1,0.25,-0.03735048100539598,0.00010336650801327942,-6.607545893820066e-148,3.61436604733875e-05,-0.2500339781073491
1770707430.3642712,1.2044322564339636,0.0,0.020000000000000007,1.23,0.0,0.1,0.25,-0.03735048100539598,0.00010336650801327942,-5.4250560343207314e-148,8.111837174946967e-05,-0.25001562153925955
1770707430.7864523,1.2044322564339636,0.0,0.020000000000000007,1.23,0.0,0.1,0.25,-0.03735048100539598,0.00010336650801327942,-3.509979638864666e-148,0.00022440131707201252,-0.25007484569906163
1770707431.1989806,1.2044322564339636,0.0,0.020000000000000007,1.23,0.0,0.1,0.25,-0.03735048100539598,0.00010336650801327942,-2.8108547094705826e-148,0.00014078925117543039,-0.2500270725781707
1770707431.626958,1.2044322564339636,0.0,0.020000000000000007,1.23,0.0,0.1,0.25,-0.03735048100539598,0.00010336650801327942,-2.393827738726839e-148,0.0002314734589150831,-0.2500731218962249
1770707432.0433156,1.2044322564339636,0.0,0.020000000000000007,1.23,0.0,0.1,0.25,-0.03735048100539598,0.00010336650801327942,-1.8577419335960615e-148,0.00017442544936462035,-0.25004123427163066
1770707432.4615903,1.2044322564339636,0.0,0.020000000000000007,1.23,0.0,0.1,0.25,-0.03735048100539598,0.00010336650801327942,-1.3648304824472926e-148,0.00012766378465949008,-0.2500168248047936
1770707432.8883045,1.2044322564339636,0.0,0.020000000000000007,1.23,0.0,0.1,0.25,-0.03735048100539598,0.00010336650801327942,-9.616178527905644e-149,0.00022322072234720733,-0.2500694828009357
1770707433.3105848,1.2044322564339636,0.0,0.020000000000000007,1.23,0.0,0.1,0.25,-0.03735048100539598,0.00010336650801327942,-7.22859106031998e-149,7.80848694556028e-05,-0.25002715440456796
1770707433.7424784,1.2044322564339636,0.0,0.020000000000000007,1.23,0.0,0.1,0.25,-0.03735048100539598,0.00010336650801327942,-6.19507023994312e-149,4.558362718003307e-05,-0.2500321415646442
1770707434.1713395,1.2044322564339636,0.0,0.020000000000000007,1.23,0.0,0.1,0.25,-0.03735048100539598,0.00010336650801327942,-4.904925495951633e-149,-3.523063362204057e-05,-0.2500773799968979
1770707434.598754,1.2044322564339636,0.0,0.020000000000000007,1.23,0.0,0.1,0.25,-0.03735048100539598,0.00010336650801327942,-3.283107579734854e-149,-9.008544879657921e-05,-0.2501022114599224
1770707435.014678,1.2044322564339636,0.0,0.020000000000000007,1.23,0.0,0.1,0.25,-0.03735048100539598,0.00010336650801327942,-2.4607865212825166e-149,-8.854597596272107e-05,-0.25009611018927136
1770707435.435128,1.2044322564339636,0.0,0.020000000000000007,1.23,0.0,0.1,0.25,-0.03735048100539598,0.00010336650801327942,-2.042800097204688e-149,-2.7178745597573126e-05,-0.25007140934984196
1770707435.8580296,1.2044322564339636,0.0,0.020000000000000007,1.23,0.0,0.1,0.25,-0.03735048100539598,0.00010336650801327942,-1.6701593491284062e-149,3.3501414974575295e-06,-0.2500530610719674
1770707436.268659,1.2044322564339636,0.0,0.020000000000000007,1.23,0.0,0.1,0.25,-0.03735048100539598,0.00010336650801327942,-1.2275119153620677e-149,0.00013513622789971128,-0.25002906346858345
1770707436.6821067,1.2044322564339636,0.0,0.020000000000000007,1.23,0.0,0.1,0.25,-0.03735048100539598,0.00010336650801327942,-8.315976599780871e-150,0.00016262507854324296,-0.25003237817032936
1770707437.109334,1.2044322564339636,0.0,0.020000000000000007,1.23,0.0,0.1,0.25,-0.03735048100539598,0.00010336650801327942,-6.51494433442831e-150,0.00012096004435662896,-0.25001296327159034
1770707437.5374112,1.2044322564339636,0.0,0.020000000000000007,1.23,0.0,0.1,0.25,-0.03735048100539598,0.00010336650801327942,-5.397460313065609e-150,0.00014446623625641785,-0.25002290048331155
1770707437.9728968,1.2044322564339636,0.0,0.020000000000000007,1.23,0.0,0.1,0.25,-0.03735048100539598,0.00010336650801327942,-3.681417230415098e-150,4.260480583083366e-05,-0.2500405669941338
1770707438.3833325,1.2044322564339636,0.0,0.020000000000000007,1.23,0.0,0.1,0.25,-0.03735048100539598,0.00010336650801327942,-2.8574393721892666e-150,5.274224108197707e-05,-0.25002632587699075
1770707438.7988777,1.2044322564339636,0.0,0.020000000000000007,1.23,0.0,0.1,0.25,-0.03735048100539598,0.00010336650801327942,-2.218473506362003e-150,8.796285573736696e-05,-0.2500112238876035
1770707439.211327,1.2044322564339636,0.0,0.020000000000000007,1.23,0.0,0.1,0.25,-0.03735048100539598,0.00010336650801327942,-1.7196490666278632e-150,-1.838617234323487e-05,-0.2500715112429863
1770707439.6224334,1.2044322564339636,0.0,0.020000000000000007,1.23,0.0,0.1,0.25,-0.03735048100539598,0.00010336650801327942,-1.3368730436208747e-150,-3.535290576459573e-05,-0.2500710563802311
1770707440.049872,1.2044322564339636,0.0,0.020000000000000007,1.23,0.0,0.1,0.25,-0.03735048100539598,0.00010336650801327942,-1.108571348608121e-150,-4.602536470289811e-05,-0.25007576318225194
1770707440.4691496,1.2044322564339636,0.0,0.020000000000000007,1.23,0.0,0.1,0.25,-0.03735048100539598,0.00010336650801327942,-8.608120527248638e-151,-3.273421340115286e-05,-0.2500693794758374
1770707440.8867428,1.2044322564339636,0.0,0.020000000000000007,1.23,0.0,0.1,0.25,-0.03735048100539598,0.00010336650801327942,-5.876975763389627e-151,2.219272514861413e-05,-0.2500460795852873
1770707441.2966433,1.2044322564339636,0.0,0.020000000000000007,1.23,0.0,0.1,0.25,-0.03735048100539598,0.00010336650801327942,-4.553298074645884e-151,0.00011525893524587113,-0.250015252834626
1770707441.7160616,1.2044322564339636,0.0,0.020000000000000007,1.23,0.0,0.1,0.25,-0.03735048100539598,0.00010336650801327942,-3.534831536398454e-151,0.0001745832899865829,-0.25004154082646074
1770707442.1625638,1.2044322564339636,0.0,0.020000000000000007,1.23,0.0,0.1,0.25,-0.03735048100539598,0.00010336650801327942,-2.9719119788688924e-151,0.0002008588240728732,-0.25005137371143843
1770707442.5765548,1.2044322564339636,0.0,0.020000000000000007,1.23,0.0,0.1,0.25,-0.03735048100539598,0.00010336650801327942,-2.3836114192956494e-151,0.00022754910917101263,-0.2500647603290887
1770707442.9936647,1.2044322564339636,0.0,0.020000000000000007,1.23,0.0,0.1,0.25,-0.03735048100539598,0.00010336650801327942,-1.5506967321679006e-151,0.00023604259359598327,-0.25006718739123385
1770707443.4117594,1.2044322564339636,0.0,0.020000000000000007,1.23,0.0,0.1,0.25,-0.03735048100539598,0.00010336650801327942,-1.2044056168870083e-151,0.00024215270035068015,-0.25007000410684416
1770707443.8263893,1.2044322564339636,0.0,0.020000000000000007,1.23,0.0,0.1,0.25,-0.03735048100539598,0.00010336650801327942,-1.013222584951364e-151,0.00017860330302777485,-0.25004397333723954
1770707444.2547026,1.2044322564339636,0.0,0.020000000000000007,1.23,0.0,0.1,0.25,-0.03735048100539598,0.00010336650801327942,-7.871962892554955e-152,0.00015982538603113796,-0.2500301072307086
1770707444.6645353,1.2044322564339636,0.0,0.020000000000000007,1.23,0.0,0.1,0.25,-0.03735048100539598,0.00010336650801327942,-6.114571375253819e-152,9.618827963907913e-09,-0.250067660021313
1770707445.0834427,1.2044322564339636,0.0,0.020000000000000007,1.23,0.0,0.1,0.25,-0.03735048100539598,0.00010336650801327942,-4.092523887984725e-152,-8.658620050571922e-05,-0.25010363593619284
1770707445.4979045,1.2044322564339636,0.0,0.020000000000000007,1.23,0.0,0.1,0.25,-0.03735048100539598,0.00010336650801327942,-3.1835812050111714e-152,-9.929315935108952e-05,-0.2501026005295667
1770707445.926943,1.2044322564339636,0.0,0.020000000000000007,1.23,0.0,0.1,0.25,-0.03735048100539598,0.00010336650801327942,-2.467901044050338e-152,-3.220718893161474e-05,-0.2500744954455144
1770707446.3551888,1.2044322564339636,0.0,0.020000000000000007,1.23,0.0,0.1,0.25,-0.03735048100539598,0.00010336650801327942,-2.0995470653276412e-152,2.4853737063448707e-05,-0.25004496247807445
1770707446.77314,1.2044322564339636,0.0,0.020000000000000007,1.23,0.0,0.1,0.25,-0.03735048100539598,0.00010336650801327942,-1.3962692857890854e-152,-3.135681463425568e-05,-0.25007298271649353
1770707447.1886058,1.2044322564339636,0.0,0.020000000000000007,1.23,0.0,0.1,0.25,-0.03735048100539598,0.00010336650801327942,-1.0884251986262795e-152,6.363619704911426e-05,-0.2500293644566504
1770707447.6203604,1.2044322564339636,0.0,0.020000000000000007,1.23,0.0,0.1,0.25,-0.03735048100539598,0.00010336650801327942,-9.236275461234675e-153,0.00010130159305659478,-0.2500047989970791
1770707448.0495062,1.2044322564339636,0.0,0.020000000000000007,1.23,0.0,0.1,0.25,-0.03735048100539598,0.00010336650801327942,-7.174957409055239e-153,0.0001123095342721106,-0.250005572307251
1770707448.4638648,1.2044322564339636,0.0,0.020000000000000007,1.23,0.0,0.1,0.25,-0.03735048100539598,0.00010336650801327942,-5.515788133412379e-153,4.9784496737176846e-05,-0.25003304350939154
1770707448.8985634,1.2044322564339636,0.0,0.020000000000000007,1.23,0.0,0.1,0.25,-0.03735048100539598,0.00010336650801327942,-3.684690339284942e-153,9.607464773044007e-05,-0.25000827494524075
1770707449.3147326,1.2044322564339636,0.0,0.020000000000000007,1.23,0.0,0.1,0.25,-0.03735048100539598,0.00010336650801327942,-2.86531477929517e-153,9.548629284209662e-06,-0.25005556154120917
1770707449.7286994,1.2044322564339636,0.0,0.020000000000000007,1.23,0.0,0.1,0.25,-0.03735048100539598,0.00010336650801327942,-2.4336894153063983e-153,-8.186578869550526e-05,-0.25010175759015235
1770707450.1573153,1.2044322564339636,0.0,0.020000000000000007,1.23,0.0,0.1,0.25,-0.03735048100539598,0.00010336650801327942,-1.882448003164503e-153,-0.0001533854112458454,-0.2501355279218846
1770707450.5663562,1.2044322564339636,0.0,0.020000000000000007,1.23,0.0,0.1,0.25,-0.03735048100539598,0.00010336650801327942,-1.464792725581681e-153,-0.0001383027424526496,-0.2501223428921123
1770707451.002657,1.2044322564339636,0.0,0.020000000000000007,1.23,0.0,0.1,0.25,-0.03735048100539598,0.00010336650801327942,-9.760525771802305e-154,-8.518462379238774e-05,-0.2500995873777689
1770707451.4151347,1.2044322564339636,0.0,0.020000000000000007,1.23,0.0,0.1,0.25,-0.03735048100539598,0.00010336650801327942,-7.54620701861159e-154,-2.222705538224074e-05,-0.25006909253853876
1770707451.835073,1.2044322564339636,0.0,0.020000000000000007,1.23,0.0,0.1,0.25,-0.03735048100539598,0.00010336650801327942,-6.422338141492992e-154,0.00011395835383967298,-0.2500189144638354
1770707452.2474256,1.2044322564339636,0.0,0.020000000000000007,1.23,0.0,0.1,0.25,-0.03735048100539598,0.00010336650801327942,-4.978629698361739e-154,7.49502652536555e-05,-0.2500181089302384
1770707452.6739957,1.2044322564339636,0.0,0.020000000000000007,1.23,0.0,0.1,0.25,-0.03735048100539598,0.00010336650801327942,-3.332322494422978e-154,0.0001364972810549133,-0.25002272008810095
1770707453.0856807,1.2044322564339636,0.0,0.020000000000000007,1.23,0.0,0.1,0.25,-0.03735048100539598,0.00010336650801327942,-2.5858074968581572e-154,0.00019946990351817415,-0.2500543489599988
1770707453.5071158,1.2044322564339636,0.0,0.020000000000000007,1.23,0.0,0.1,0.25,-0.03735048100539598,0.00010336650801327942,-2.0039557506993378e-154,0.000198941814125362,-0.2500478404619953
1770707453.9358284,1.2044322564339636,0.0,0.020000000000000007,1.23,0.0,0.1,0.25,-0.03735048100539598,0.00010336650801327942,-1.690755977488138e-154,0.00016281145779219734,-0.2500333355105228
1770707454.3535707,1.2044322564339636,0.0,0.020000000000000007,1.23,0.0,0.1,0.25,-0.03735048100539598,0.00010336650801327942,-1.3102942803329615e-154,0.00010481715525013624,-0.25000652475387264
1770707454.7776487,1.2044322564339636,0.0,0.020000000000000007,1.23,0.0,0.1,0.25,-0.03735048100539598,0.00010336650801327942,-1.0103821285750535e-154,0.00012475598427414,-0.2500126886210328
1770707455.2071846,1.2044322564339636,0.0,0.020000000000000007,1.23,0.0,0.1,0.25,-0.03735048100539598,0.00010336650801327942,-6.803326113650977e-155,4.5250304958132554e-05,-0.2500370086694592
1770707455.6318603,1.2044322564339636,0.0,0.020000000000000007,1.23,0.0,0.1,0.25,-0.03735048100539598,0.00010336650801327942,-5.721173112514913e-155,2.755986551649103e-05,-0.25003967236519253
1770707456.0447876,1.2044322564339636,0.0,0.020000000000000007,1.23,0.0,0.1,0.25,-0.03735048100539598,0.00010336650801327942,-4.452931855214911e-155,-6.165976212722567e-05,-0.2500914350978346
1770707456.4655905,1.2044322564339636,0.0,0.020000000000000007,1.23,0.0,0.1,0.25,-0.03735048100539598,0.00010336650801327942,-3.420506462927838e-155,9.829799192545498e-05,-0.2500185300334492
1770707456.8771732,1.2044322564339636,0.0,0.020000000000000007,1.23,0.0,0.1,0.25,-0.03735048100539598,0.00010336650801327942,-2.3264159802329938e-155,5.933435277966806e-05,-0.2500259124415314
1770707457.2924519,1.2044322564339636,0.0,0.020000000000000007,1.23,0.0,0.1,0.25,-0.03735048100539598,0.00010336650801327942,-1.8050247500776419e-155,0.0002164762851017663,-0.25007226908177643
1770707457.7043803,1.2044322564339636,0.0,0.020000000000000007,1.23,0.0,0.1,0.25,-0.03735048100539598,0.00010336650801327942,-1.3869161211243191e-155,0.00022722716801204166,-0.2500630054182904
1770707458.1230986,1.2044322564339636,0.0,0.020000000000000007,1.23,0.0,0.1,0.25,-0.03735048100539598,0.00010336650801327942,-1.0873405106041981e-155,0.00026391916273161686,-0.25008394552683116
1770707458.5389378,1.2044322564339636,0.0,0.020000000000000007,1.23,0.0,0.1,0.25,-0.03735048100539598,0.00010336650801327942,-9.191435856678025e-156,0.00023428166034303782,-0.2500684213264037
1770707458.960831,1.2044322564339636,0.0,0.020000000000000007,1.23,0.0,0.1,0.25,-0.03735048100539598,0.00010336650801327942,-6.753580483989643e-156,0.00022432001475987954,-0.2500614729179316
1770707459.380996,1.2044322564339636,0.0,0.020000000000000007,1.23,0.0,0.1,0.25,-0.03735048100539598,0.00010336650801327942,-4.866117395734207e-156,0.00034613339858147294,-0.2501335647836663
1770707459.7988508,1.2044322564339636,0.0,0.020000000000000007,1.23,0.0,0.1,0.25,-0.03735048100539598,0.00010336650801327942,-3.7033540707930443e-156,0.0001836439488336534,-0.25005638766538496
1770707460.217792,1.2044322564339636,0.0,0.020000000000000007,1.23,0.0,0.1,0.25,-0.03735048100539598,0.00010336650801327942,-2.8720036740819913e-156,0.00019075784206084656,-0.2500444070563465
1770707460.6509159,1.2044322564339636,0.0,0.020000000000000007,1.23,0.0,0.1,0.25,-0.03735048100539598,0.00010336650801327942,-2.4348895583211973e-156,-2.270013081087559e-05,-0.2500843791166993
1770707461.0898957,1.2044322564339636,0.0,0.020000000000000007,1.23,0.0,0.1,0.25,-0.03735048100539598,0.00010336650801327942,-1.7860690367432697e-156,-2.2853606685130335e-05,-0.25006312540493664
1770707461.514716,1.2044322564339636,0.0,0.020000000000000007,1.23,0.0,0.1,0.25,-0.03735048100539598,0.00010336650801327942,-1.262198409874028e-156,-9.252421421849865e-05,-0.2501049124218692
1770707461.9336832,1.2044322564339636,0.0,0.020000000000000007,1.23,0.0,0.1,0.25,-0.03735048100539598,0.00010336650801327942,-1.012559954413385e-156,7.881733108707307e-07,-0.25006062040610416
1770707462.3507795,1.2044322564339636,0.0,0.020000000000000007,1.23,0.0,0.1,0.25,-0.03735048100539598,0.00010336650801327942,-8.352775227913053e-157,0.00010302498802924531,-0.2500103944414639
1770707462.761679,1.2044322564339636,0.0,0.020000000000000007,1.23,0.0,0.1,0.25,-0.03735048100539598,0.00010336650801327942,-6.13275818176582e-157,0.0001438782375303605,-0.2500243411897087
1770707463.1820536,1.2044322564339636,0.0,0.020000000000000007,1.23,0.0,0.1,0.25,-0.03735048100539598,0.00010336650801327942,-5.1981709589320517e-157,0.0003190142819831765,-0.25012533749143023
1770707463.601874,1.2044322564339636,0.0,0.020000000000000007,1.23,0.0,0.1,0.25,-0.03735048100539598,0.00010336650801327942,-3.354010314015236e-157,0.0003100916896226045,-0.25010425485004073
1770707464.0218444,1.2044322564339636,0.0,0.020000000000000007,1.23,0.0,0.1,0.25,-0.03735048100539598,0.00010336650801327942,-2.5975077282129527e-157,0.0003208986438121875,-0.2501098467633184
1770707464.4471378,1.2044322564339636,0.0,0.020000000000000007,1.23,0.0,0.1,0.25,-0.03735048100539598,0.00010336650801327942,-2.0924036072251995e-157,0.00024323263289016027,-0.25007769966353066
1770707464.8639517,1.2044322564339636,0.0,0.020000000000000007,1.23,0.0,0.1,0.25,-0.03735048100539598,0.00010336650801327942,-1.7288455124578753e-157,0.00023331416401689952,-0.25006596567488915
1770707465.2912207,1.2044322564339636,0.0,0.020000000000000007,1.23,0.0,0.1,0.25,-0.03735048100539598,0.00010336650801327942,-1.1504030735801356e-157,0.00016096403797094796,-0.25003603377758343
1770707465.709198,1.2044322564339636,0.0,0.020000000000000007,1.23,0.0,0.1,0.25,-0.03735048100539598,0.00010336650801327942,-8.922125263620902e-158,0.00014599519127581333,-0.25002281122630077
1770707466.1248193,1.2044322564339636,0.0,0.020000000000000007,1.23,0.0,0.1,0.25,-0.03735048100539598,0.00010336650801327942,-6.9452882201761346e-158,6.411236349865138e-05,-0.25002781535503504
1770707466.5477753,1.2044322564339636,0.0,0.020000000000000007,1.23,0.0,0.1,0.25,-0.03735048100539598,0.00010336650801327942,-5.917001283498287e-158,-7.51130088781236e-05,-0.2501031622956834
1770707466.9626126,1.2044322564339636,0.0,0.020000000000000007,1.23,0.0,0.1,0.25,-0.03735048100539598,0.00010336650801327942,-4.5919917223064216e-158,-8.720529450514761e-05,-0.25009649512982196
1770707467.3837762,1.2044322564339636,0.0,0.020000000000000007,1.23,0.0,0.1,0.25,-0.03735048100539598,0.00010336650801327942,-3.067182146414388e-158,-8.690308256648237e-05,-0.25009516501648377
1770707467.8015966,1.2044322564339636,0.0,0.020000000000000007,1.23,0.0,0.1,0.25,-0.03735048100539598,0.00010336650801327942,-2.322497471700562e-158,6.179531620470787e-05,-0.25003565543578143
1770707468.2358034,1.2044322564339636,0.0,0.020000000000000007,1.23,0.0,0.1,0.25,-0.03735048100539598,0.00010336650801327942,-1.851801554940733e-158,8.344114229643846e-05,-0.25001212726546757
1770707468.6507177,1.2044322564339636,0.0,0.020000000000000007,1.23,0.0,0.1,0.25,-0.03735048100539598,0.00010336650801327942,-1.5707006504610244e-158,0.00016663362611044375,-0.25003995280742997
1770707469.0664907,1.2044322564339636,0.0,0.020000000000000007,1.23,0.0,0.1,0.25,-0.03735048100539598,0.00010336650801327942,-1.1540032976118557e-158,0.00028584246658772377,-0.25010315886333495
1770707469.479154,1.2044322564339636,0.0,0.020000000000000007,1.23,0.0,0.1,0.25,-0.03735048100539598,0.00010336650801327942,-7.952557914884403e-159,0.00032710443721620876,-0.25011599516166433
1770707469.907608,1.2044322564339636,0.0,0.020000000000000007,1.23,0.0,0.1,0.25,-0.03735048100539598,0.00010336650801327942,-6.166224223908937e-159,0.00029931525638236296,-0.2501007532922679
1770707470.3234067,1.2044322564339636,0.0,0.020000000000000007,1.23,0.0,0.1,0.25,-0.03735048100539598,0.00010336650801327942,-5.349133392465852e-159,0.00022444010205448586,-0.2500680243124534
1770707470.7350993,1.2044322564339636,0.0,0.020000000000000007,1.23,0.0,0.1,0.25,-0.03735048100539598,0.00010336650801327942,-3.715604271238602e-159,0.00012805045579158535,-0.25002198093851546
1770707471.1783206,1.2044322564339636,0.0,0.020000000000000007,1.23,0.0,0.1,0.25,-0.03735048100539598,0.00010336650801327942,-2.763424229230162e-159,0.00019787391326917903,-0.2500542360483757
1770707471.6028955,1.2044322564339636,0.0,0.020000000000000007,1.23,0.0,0.1,0.25,-0.03735048100539598,0.00010336650801327942,-2.1470275678111014e-159,0.00011924398493118015,-0.25001580173129273
1770707472.0207212,1.2044322564339636,0.0,0.020000000000000007,1.23,0.0,0.1,0.25,-0.03735048100539598,0.00010336650801327942,-1.824781799297211e-159,0.00010095834141855465,-0.2500030326476486
1770707472.432428,1.2044322564339636,0.0,0.020000000000000007,1.23,0.0,0.1,0.25,-0.03735048100539598,0.00010336650801327942,-1.4171979833813935e-159,0.00021531243149757674,-0.25006740837075003
1770707472.847568,1.2044322564339636,0.0,0.020000000000000007,1.23,0.0,0.1,0.25,-0.03735048100539598,0.00010336650801327942,-1.0949056682447509e-159,0.00028389580196180566,-0.2500971229840207
1770707473.2615774,1.2044322564339636,0.0,0.020000000000000007,1.23,0.0,0.1,0.25,-0.03735048100539598,0.00010336650801327942,-8.078692356209421e-160,0.0002819811659432024,-0.2500894987925668
1770707473.6761878,1.2044322564339636,0.0,0.020000000000000007,1.23,0.0,0.1,0.25,-0.03735048100539598,0.00010336650801327942,-5.5549575675962186e-160,0.0003756788313795232,-0.25014552592822675
1770707474.1036205,1.2044322564339636,0.0,0.020000000000000007,1.23,0.0,0.1,0.25,-0.03735048100539598,0.00010336650801327942,-4.415108787143693e-160,0.00030279675665200053,-0.2501070033317921
1770707474.5177429,1.2044322564339636,0.0,0.020000000000000007,1.23,0.0,0.1,0.25,-0.03735048100539598,0.00010336650801327942,-3.338847997872449e-160,0.000375853941089069,-0.2501435494349816
1770707474.9616704,1.2044322564339636,0.0,0.020000000000000007,1.23,0.0,0.1,0.25,-0.03735048100539598,0.00010336650801327942,-2.731756971360463e-160,0.0002960634076994914,-0.25010432750318207
1770707475.3980238,1.2044322564339636,0.0,0.020000000000000007,1.23,0.0,0.1,0.25,-0.03735048100539598,0.00010336650801327942,-1.8504334273197288e-160,0.0002246250659851219,-0.25006777311315737
1770707475.8168607,1.2044322564339636,0.0,0.020000000000000007,1.23,0.0,0.1,0.25,-0.03735048100539598,0.00010336650801327942,-1.495474241968718e-160,2.3548636477365016e-05,-0.25006001657871874
1770707476.2342336,1.2044322564339636,0.0,0.020000000000000007,1.23,0.0,0.1,0.25,-0.03735048100539598,0.00010336650801327942,-1.212935322364917e-160,-8.756847534859283e-05,-0.25010657920286355
1770707476.6653678,1.2044322564339636,0.0,0.020000000000000007,1.23,0.0,0.1,0.25,-0.03735048100539598,0.00010336650801327942,-9.370693913969144e-161,-0.0001267419907345026,-0.2501189716009125
1770707477.0785666,1.2044322564339636,0.0,0.020000000000000007,1.23,0.0,0.1,0.25,-0.03735048100539598,0.00010336650801327942,-6.4458963387695195e-161,-9.714569644688132e-05,-0.25010321573165883
1770707477.5155356,1.2044322564339636,0.0,0.020000000000000007,1.23,0.0,0.1,0.25,-0.03735048100539598,0.00010336650801327942,-5.002171273420601e-161,-0.00010079874931292684,-0.25010244793394976
1770707477.931464,1.2044322564339636,0.0,0.020000000000000007,1.23,0.0,0.1,0.25,-0.03735048100539598,0.00010336650801327942,-4.055027424054175e-161,-0.00019073161220636557,-0.25015604234639915
1770707478.34229,1.2044322564339636,0.0,0.020000000000000007,1.23,0.0,0.1,0.25,-0.03735048100539598,0.00010336650801327942,-3.155746640966658e-161,-7.524805525386603e-05,-0.2501008556373288
1770707478.7652543,1.2044322564339636,0.0,0.020000000000000007,1.23,0.0,0.1,0.25,-0.03735048100539598,0.00010336650801327942,-2.494391847592807e-161,2.8930945906345305e-05,-0.2500476356811695
1770707479.1849933,1.2044322564339636,0.0,0.020000000000000007,1.23,0.0,0.1,0.25,-0.03735048100539598,0.00010336650801327942,-1.7037042901244314e-161,2.552967091276893e-05,-0.2500392585460496
1770707479.5993445,1.2044322564339636,0.0,0.020000000000000007,1.23,0.0,0.1,0.25,-0.03735048100539598,0.00010336650801327942,-1.3287641149824175e-161,8.457473238452601e-05,-0.2500153003939616
1770707480.012263,1.2044322564339636,0.0,0.020000000000000007,1.23,0.0,0.1,0.25,-0.03735048100539598,0.00010336650801327942,-1.0213749984117831e-161,0.00014810659170619411,-0.25002872322777864
1770707480.4276764,1.2044322564339636,0.0,0.020000000000000007,1.23,0.0,0.1,0.25,-0.03735048100539598,0.00010336650801327942,-8.493582464066178e-162,0.00013579927520724597,-0.25001744711524687
1770707480.8388703,1.2044322564339636,0.0,0.020000000000000007,1.23,0.0,0.1,0.25,-0.03735048100539598,0.00010336650801327942,-6.992266718360194e-162,0.00010748883611254184,-0.2500048922079591
1770707481.2489595,1.2044322564339636,0.0,0.020000000000000007,1.23,0.0,0.1,0.25,-0.03735048100539598,0.00010336650801327942,-5.138830121406993e-162,0.00014251122682759057,-0.25002307459847867
1770707481.6622937,1.2044322564339636,0.0,0.020000000000000007,1.23,0.0,0.1,0.25,-0.03735048100539598,0.00010336650801327942,-3.982830665478784e-162,0.00013592349285434423,-0.25001693726581786
1770707482.0743062,1.2044322564339636,0.0,0.020000000000000007,1.23,0.0,0.1,0.25,-0.03735048100539598,0.00010336650801327942,-2.709826205728557e-162,3.747692823172317e-05,-0.25004278944635305
1770707482.4930055,1.2044322564339636,0.0,0.020000000000000007,1.23,0.0,0.1,0.25,-0.03735048100539598,0.00010336650801327942,-2.105193327077116e-162,9.58722058897674e-06,-0.2500496786144764
1770707482.906314,1.2044322564339636,0.0,0.020000000000000007,1.23,0.0,0.1,0.25,-0.03735048100539598,0.00010336650801327942,-1.6352159554346988e-162,3.72430392447793e-05,-0.25003582731624985
1770707483.3269715,1.2044322564339636,0.0,0.020000000000000007,1.23,0.0,0.1,0.25,-0.03735048100539598,0.00010336650801327942,-1.3784498020745806e-162,3.490526401775818e-05,-0.2500344643995205
1770707483.7460577,1.2044322564339636,0.0,0.020000000000000007,1.23,0.0,0.1,0.25,-0.03735048100539598,0.00010336650801327942,-1.0691284862167526e-162,7.068700459406315e-05,-0.2500199179257672
1770707484.168399,1.2044322564339636,0.0,0.020000000000000007,1.23,0.0,0.1,0.25,-0.03735048100539598,0.00010336650801327942,-8.304129423284893e-163,6.813091797408467e-05,-0.2500178734036816
1770707484.5765436,1.2044322564339636,0.0,0.020000000000000007,1.23,0.0,0.1,0.25,-0.03735048100539598,0.00010336650801327942,-5.570336593219752e-163,0.0002262626978402499,-0.2500772612729001
1770707484.997276,1.2044322564339636,0.0,0.020000000000000007,1.23,0.0,0.1,0.25,-0.03735048100539598,0.00010336650801327942,-4.3043693697022106e-163,0.0001912158461086087,-0.25004742935422086
1770707485.4094696,1.2044322564339636,0.0,0.020000000000000007,1.23,0.0,0.1,0.25,-0.03735048100539598,0.00010336650801327942,-3.354457795799626e-163,0.000184036644354648,-0.2500410529883461
1770707485.826993,1.2044322564339636,0.0,0.020000000000000007,1.23,0.0,0.1,0.25,-0.03735048100539598,0.00010336650801327942,-2.820778258288623e-163,0.00018410410501511538,-0.250040375544567
1770707486.2432754,1.2044322564339636,0.0,0.020000000000000007,1.23,0.0,0.1,0.25,-0.03735048100539598,0.00010336650801327942,-2.1892810424698237e-163,0.00017646458883820702,-0.25003731299203014
1770707486.6553185,1.2044322564339636,0.0,0.020000000000000007,1.23,0.0,0.1,0.25,-0.03735048100539598,0.00010336650801327942,-1.695851729095247e-163,6.127454079469022e-05,-0.25003256498841364
1770707487.0747054,1.2044322564339636,0.0,0.020000000000000007,1.23,0.0,0.1,0.25,-0.03735048100539598,0.00010336650801327942,-1.1477568050518655e-163,-5.563495655543792e-05,-0.2500911916820194
1770707487.497833,1.2044322564339636,0.0,0.020000000000000007,1.23,0.0,0.1,0.25,-0.03735048100539598,0.00010336650801327942,-8.872166961258705e-164,3.559692076333424e-06,-0.2500558228728316
1770707487.9096675,1.2044322564339636,0.0,0.020000000000000007,1.23,0.0,0.1,0.25,-0.03735048100539598,0.00010336650801327942,-6.887562803766065e-164,-6.766991091556217e-05,-0.2500926411697636
1770707488.3565185,1.2044322564339636,0.0,0.020000000000000007,1.23,0.0,0.1,0.25,-0.03735048100539598,0.00010336650801327942,-5.799887707025412e-164,2.0392878266101032e-06,-0.25005763452996754
1770707488.768854,1.2044322564339636,0.0,0.020000000000000007,1.23,0.0,0.1,0.25,-0.03735048100539598,0.00010336650801327942,-4.511658820707113e-164,3.731939144213084e-06,-0.2500499865495663
1770707489.1815882,1.2044322564339636,0.0,0.020000000000000007,1.23,0.0,0.1,0.25,-0.03735048100539598,0.00010336650801327942,-3.492220009684353e-164,-7.1107784119945584e-06,-0.25005632291496827
1770707489.5961545,1.2044322564339636,0.0,0.020000000000000007,1.23,0.0,0.1,0.25,-0.03735048100539598,0.00010336650801327942,-2.3339141097851044e-164,1.744386619004149e-05,-0.25004541678537184
1770707490.031007,1.2044322564339636,0.0,0.020000000000000007,1.23,0.0,0.1,0.25,-0.03735048100539598,0.00010336650801327942,-1.9734567891658255e-164,0.00013807337077528935,-0.2500294163818395
1770707490.4446332,1.2044322564339636,0.0,0.020000000000000007,1.23,0.0,0.1,0.25,-0.03735048100539598,0.00010336650801327942,-1.5327068339453124e-164,0.000235023103440917,-0.2500755232709804
1770707490.8628335,1.2044322564339636,0.0,0.020000000000000007,1.23,0.0,0.1,0.25,-0.03735048100539598,0.00010336650801327942,-1.1218485974157361e-164,0.00013344679856476895,-0.2500251977757634
1770707491.2826173,1.2044322564339636,0.0,0.020000000000000007,1.23,0.0,0.1,0.25,-0.03735048100539598,0.00010336650801327942,-7.997960205704898e-165,0.00019733049831250878,-0.2500533703651244
1770707491.6999617,1.2044322564339636,0.0,0.020000000000000007,1.23,0.0,0.1,0.25,-0.03735048100539598,0.00010336650801327942,-7.0138268265082195e-165,0.00019081225011576347,-0.25004437469587093
1770707492.1352932,1.2044322564339636,0.0,0.020000000000000007,1.23,0.0,0.1,0.25,-0.03735048100539598,0.00010336650801327942,-5.22853682190194e-165,0.00017043057006913248,-0.25003557019903255
1770707492.5497437,1.2044322564339636,0.0,0.020000000000000007,1.23,0.0,0.1,0.25,-0.03735048100539598,0.00010336650801327942,-4.0593907892756226e-165,0.00010983453368004968,-0.2500092936164723
1770707492.9619648,1.2044322564339636,0.0,0.020000000000000007,1.23,0.0,0.1,0.25,-0.03735048100539598,0.00010336650801327942,-2.9713505965274834e-165,0.00011080745880628762,-0.2500038177679091
1770707493.3840334,1.2044322564339636,0.0,0.020000000000000007,1.23,0.0,0.1,0.25,-0.03735048100539598,0.00010336650801327942,-2.112042754404874e-165,0.00012618125418824804,-0.25001294475262564
1770707493.8192225,1.2044322564339636,0.0,0.020000000000000007,1.23,0.0,0.1,0.25,-0.03735048100539598,0.00010336650801327942,-1.641182391181262e-165,5.770775758644282e-05,-0.2500296767248736
1770707494.2400196,1.2044322564339636,0.0,0.020000000000000007,1.23,0.0,0.1,0.25,-0.03735048100539598,0.00010336650801327942,-1.3831107237975935e-165,0.00015858200374587435,-0.25003769517248225
1770707494.6632895,1.2044322564339636,0.0,0.020000000000000007,1.23,0.0,0.1,0.25,-0.03735048100539598,0.00010336650801327942,-1.074438382908655e-165,2.203026823810043e-05,-0.25005432329343835
1770707495.089989,1.2044322564339636,0.0,0.020000000000000007,1.23,0.0,0.1,0.25,-0.03735048100539598,0.00010336650801327942,-7.195760779406789e-166,0.00010067750086325937,-0.25000920922683756
1770707495.5150864,1.2044322564339636,0.0,0.020000000000000007,1.23,0.0,0.1,0.25,-0.03735048100539598,0.00010336650801327942,-5.586779160036545e-166,0.00017010863329913436,-0.2500403141758865
1770707495.933052,1.2044322564339636,0.0,0.020000000000000007,1.23,0.0,0.1,0.25,-0.03735048100539598,0.00010336650801327942,-4.464185645286003e-166,0.0001744245046030148,-0.2500359605854252
1770707496.3485913,1.2044322564339636,0.0,0.020000000000000007,1.23,0.0,0.1,0.25,-0.03735048100539598,0.00010336650801327942,-3.672635670028712e-166,0.00011513737766135352,-0.2500118141475182
1770707496.7655275,1.2044322564339636,0.0,0.020000000000000007,1.23,0.0,0.1,0.25,-0.03735048100539598,0.00010336650801327942,-2.8486528628406996e-166,4.9228146968120843e-05,-0.2500336601035919
1770707497.182782,1.2044322564339636,0.0,0.020000000000000007,1.23,0.0,0.1,0.25,-0.03735048100539598,0.00010336650801327942,-1.903717077847009e-166,-1.0680089255282631e-05,-0.2500630141222566
1770707497.5925992,1.2044322564339636,0.0,0.020000000000000007,1.23,0.0,0.1,0.25,-0.03735048100539598,0.00010336650801327942,-1.474912246024543e-166,-8.62626840518199e-05,-0.25010237285551223
1770707498.0065725,1.2044322564339636,0.0,0.020000000000000007,1.23,0.0,0.1,0.25,-0.03735048100539598,0.00010336650801327942,-1.1462706993724916e-166,-8.301094351215307e-05,-0.25009351389981666
1770707498.4332058,1.2044322564339636,0.0,0.020000000000000007,1.23,0.0,0.1,0.25,-0.03735048100539598,0.00010336650801327942,-9.75906681970697e-167,-0.00013736920145841175,-0.2501258036805305
1770707498.8598223,1.2044322564339636,0.0,0.020000000000000007,1.23,0.0,0.1,0.25,-0.03735048100539598,0.00010336650801327942,-7.167321459367744e-167,-3.029375545462546e-05,-0.25007753767633434
1770707499.2775307,1.2044322564339636,0.0,0.020000000000000007,1.23,0.0,0.1,0.25,-0.03735048100539598,0.00010336650801327942,-5.014586565545646e-167,-3.381481816053903e-05,-0.2500689427693575
1770707499.698401,1.2044322564339636,0.0,0.020000000000000007,1.23,0.0,0.1,0.25,-0.03735048100539598,0.00010336650801327942,-3.919341783840797e-167,-5.431987100032731e-05,-0.25008089369479075
1770707500.110767,1.2044322564339636,0.0,0.020000000000000007,1.23,0.0,0.1,0.25,-0.03735048100539598,0.00010336650801327942,-3.043777302751174e-167,4.633079950757205e-05,-0.25003858292130365
1770707500.525573,1.2044322564339636,0.0,0.020000000000000007,1.23,0.0,0.1,0.25,-0.03735048100539598,0.00010336650801327942,-2.580585295270187e-167,5.731521135064436e-05,-0.25002412408951563
1770707500.9415865,1.2044322564339636,0.0,0.020000000000000007,1.23,0.0,0.1,0.25,-0.03735048100539598,0.00010336650801327942,-2.005991456206677e-167,8.22371293537881e-05,-0.25001305688113007
1770707501.3618248,1.2044322564339636,0.0,0.020000000000000007,1.23,0.0,0.1,0.25,-0.03735048100539598,0.00010336650801327942,-1.5559530026713602e-167,0.00018920683216689342,-0.25005361713235813
1770707501.7815807,1.2044322564339636,0.0,0.020000000000000007,1.23,0.0,0.1,0.25,-0.03735048100539598,0.00010336650801327942,-1.03642774110403e-167,0.0001752836870420512,-0.25003735090402684
1770707502.2147539,1.2044322564339636,0.0,0.020000000000000007,1.23,0.0,0.1,0.25,-0.03735048100539598,0.00010336650801327942,-8.044619734939952e-168,2.461156740921741e-05,-0.2500544446822653
1770707502.6375837,1.2044322564339636,0.0,0.020000000000000007,1.23,0.0,0.1,0.25,-0.03735048100539598,0.00010336650801327942,-6.464612961133462e-168,-5.270125054397925e-05,-0.25008576516107395
1770707503.0527549,1.2044322564339636,0.0,0.020000000000000007,1.23,0.0,0.1,0.25,-0.03735048100539598,0.00010336650801327942,-5.311639578653888e-168,6.657854083305345e-06,-0.2500542902374277
1770707503.465684,1.2044322564339636,0.0,0.020000000000000007,1.23,0.0,0.1,0.25,-0.03735048100539598,0.00010336650801327942,-4.1179263847525074e-168,-3.1142873967045294e-05,-0.2500710347637952
1770707503.8744204,1.2044322564339636,0.0,0.020000000000000007,1.23,0.0,0.1,0.25,-0.03735048100539598,0.00010336650801327942,-2.73776865410001e-168,-6.815982259760766e-05,-0.25008946486016853
1770707504.3116772,1.2044322564339636,0.0,0.020000000000000007,1.23,0.0,0.1,0.25,-0.03735048100539598,0.00010336650801327942,-2.1346392592445687e-168,5.3756835688867667e-05,-0.25003699650199085
1770707504.735267,1.2044322564339636,0.0,0.020000000000000007,1.23,0.0,0.1,0.25,-0.03735048100539598,0.00010336650801327942,-1.8090561372996612e-168,3.1189991268382233e-05,-0.25003834494281446
1770707505.1491475,1.2044322564339636,0.0,0.020000000000000007,1.23,0.0,0.1,0.25,-0.03735048100539598,0.00010336650801327942,-1.4109954492817157e-168,0.00014016486849474956,-0.25002929666796336
1770707505.5631113,1.2044322564339636,0.0,0.020000000000000007,1.23,0.0,0.1,0.25,-0.03735048100539598,0.00010336650801327942,-1.0979260422750655e-168,0.0002527187858528184,-0.25008593153065556
1770707505.9791427,1.2044322564339636,0.0,0.020000000000000007,1.23,0.0,0.1,0.25,-0.03735048100539598,0.00010336650801327942,-7.217960812072399e-169,0.00018890286760013167,-0.2500491497716187
1770707506.4014666,1.2044322564339636,0.0,0.020000000000000007,1.23,0.0,0.1,0.25,-0.03735048100539598,0.00010336650801327942,-5.602994490903381e-169,0.0003533204089849485,-0.25014141870462436
1770707506.8142586,1.2044322564339636,0.0,0.020000000000000007,1.23,0.0,0.1,0.25,-0.03735048100539598,0.00010336650801327942,-4.398973362461041e-169,0.0001941722493947994,-0.2500613176866498
1770707507.2422507,1.2044322564339636,0.0,0.020000000000000007,1.23,0.0,0.1,0.25,-0.03735048100539598,0.00010336650801327942,-3.737205313718892e-169,0.00012128880312779774,-0.250016249492184
1770707507.6661935,1.2044322564339636,0.0,0.020000000000000007,1.23,0.0,0.1,0.25,-0.03735048100539598,0.00010336650801327942,-2.9037713311940367e-169,4.505503362630552e-05,-0.2500367791141436
1770707508.0892193,1.2044322564339636,0.0,0.020000000000000007,1.23,0.0,0.1,0.25,-0.03735048100539598,0.00010336650801327942,-1.913199687794473e-169,-9.747051931887393e-06,-0.2500620369885284
1770707508.5045714,1.2044322564339636,0.0,0.020000000000000007,1.23,0.0,0.1,0.25,-0.03735048100539598,0.00010336650801327942,-1.500593308885556e-169,-1.1949324190791757e-05,-0.2500578781433279
1770707508.9208264,1.2044322564339636,0.0,0.020000000000000007,1.23,0.0,0.1,0.25,-0.03735048100539598,0.00010336650801327942,-1.2761389943813065e-169,-5.325789509987827e-06,-0.2500550085022297
1770707509.3362508,1.2044322564339636,0.0,0.020000000000000007,1.23,0.0,0.1,0.25,-0.03735048100539598,0.00010336650801327942,-9.332857561789008e-170,-1.64500513416134e-05,-0.2500610207058606
1770707509.747959,1.2044322564339636,0.0,0.020000000000000007,1.23,0.0,0.1,0.25,-0.03735048100539598,0.00010336650801327942,-7.670641424114997e-170,-1.4553659243568553e-05,-0.2500591497228382
1770707510.1668491,1.2044322564339636,0.0,0.020000000000000007,1.23,0.0,0.1,0.25,-0.03735048100539598,0.00010336650801327942,-5.963314771155018e-170,0.00013871802984427554,-0.2500330029298243
1770707510.578102,1.2044322564339636,0.0,0.020000000000000007,1.23,0.0,0.1,0.25,-0.03735048100539598,0.00010336650801327942,-3.9704508084077936e-170,0.0001492828015198468,-0.2500240146239209
1770707510.9875705,1.2044322564339636,0.0,0.020000000000000007,1.23,0.0,0.1,0.25,-0.03735048100539598,0.00010336650801327942,-3.0509720538940652e-170,9.001871761984539e-05,-0.2500126003035867
1770707511.3988965,1.2044322564339636,0.0,0.020000000000000007,1.23,0.0,0.1,0.25,-0.03735048100539598,0.00010336650801327942,-2.3631182353598197e-170,0.00017711965763299016,-0.25004558666881116
1770707511.8179264,1.2044322564339636,0.0,0.020000000000000007,1.23,0.0,0.1,0.25,-0.03735048100539598,0.00010336650801327942,-1.8841754992472357e-170,0.00023427259215421753,-0.25007116833552256
1770707512.2404857,1.2044322564339636,0.0,0.020000000000000007,1.23,0.0,0.1,0.25,-0.03735048100539598,0.00010336650801327942,-1.6018734322442888e-170,0.0002257333746208432,-0.25006203735505717
1770707512.6521525,1.2044322564339636,0.0,0.020000000000000007,1.23,0.0,0.1,0.25,-0.03735048100539598,0.00010336650801327942,-1.2441296897142706e-170,0.00010247588736942982,-0.25001277105904707
1770707513.0756345,1.2044322564339636,0.0,0.020000000000000007,1.23,0.0,0.1,0.25,-0.03735048100539598,0.00010336650801327942,-8.188523424281352e-171,0.00017200875072710618,-0.2500412744076927
1770707513.488603,1.2044322564339636,0.0,0.020000000000000007,1.23,0.0,0.1,0.25,-0.03735048100539598,0.00010336650801327942,-6.194483342001357e-171,9.108646372540583e-05,-0.2500142322508441
1770707513.9106503,1.2044322564339636,0.0,0.020000000000000007,1.23,0.0,0.1,0.25,-0.03735048100539598,0.00010336650801327942,-4.9893677306346515e-171,-7.322454469726685e-06,-0.250065185373061
1770707514.3385258,1.2044322564339636,0.0,0.020000000000000007,1.23,0.0,0.1,0.25,-0.03735048100539598,0.00010336650801327942,-4.23542099932684e-171,-5.62525549535622e-05,-0.25008470254153176
1770707514.7510736,1.2044322564339636,0.0,0.020000000000000007,1.23,0.0,0.1,0.25,-0.03735048100539598,0.00010336650801327942,-3.1125541588136687e-171,9.506757921683636e-05,-0.2500192814778152
1770707515.173363,1.2044322564339636,0.0,0.020000000000000007,1.23,0.0,0.1,0.25,-0.03735048100539598,0.00010336650801327942,-2.1238935416008998e-171,8.538561470645398e-05,-0.25000995864310444
1770707515.5935862,1.2044322564339636,0.0,0.020000000000000007,1.23,0.0,0.1,0.25,-0.03735048100539598,0.00010336650801327942,-1.7027103945707774e-171,0.00017547011739916347,-0.2500450602549622
1770707516.0140727,1.2044322564339636,0.0,0.020000000000000007,1.23,0.0,0.1,0.25,-0.03735048100539598,0.00010336650801327942,-1.3145802879684945e-171,0.00014811565971222825,-0.25002511002161815
1770707516.4598694,1.2044322564339636,0.0,0.020000000000000007,1.23,0.0,0.1,0.25,-0.03735048100539598,0.00010336650801327942,-1.0010544293956185e-171,0.0001932398412017482,-0.2500494490847432
1770707516.8789172,1.2044322564339636,0.0,0.020000000000000007,1.23,0.0,0.1,0.25,-0.03735048100539598,0.00010336650801327942,-7.254017583000158e-172,0.00016816175177296328,-0.25003490543082274
1770707517.2917519,1.2044322564339636,0.0,0.020000000000000007,1.23,0.0,0.1,0.25,-0.03735048100539598,0.00010336650801327942,-5.610387977227509e-172,0.00020754220803815315,-0.25005602589563897
1770707517.708985,1.2044322564339636,0.0,0.020000000000000007,1.23,0.0,0.1,0.25,-0.03735048100539598,0.00010336650801327942,-4.516880777177009e-172,0.00017477621648923926,-0.2500389814533929
1770707518.1321394,1.2044322564339636,0.0,0.020000000000000007,1.23,0.0,0.1,0.25,-0.03735048100539598,0.00010336650801327942,-3.619119138839203e-172,1.9067890735187607e-05,-0.25005772014121447
1770707518.5545595,1.2044322564339636,0.0,0.020000000000000007,1.23,0.0,0.1,0.25,-0.03735048100539598,0.00010336650801327942,-2.8236181012128266e-172,-5.84024633286019e-05,-0.25008863152107735
1770707518.9676244,1.2044322564339636,0.0,0.020000000000000007,1.23,0.0,0.1,0.25,-0.03735048100539598,0.00010336650801327942,-2.1962586013988058e-172,-0.00017717075200348752,-0.2501521454588759
1770707519.3876796,1.2044322564339636,0.0,0.020000000000000007,1.23,0.0,0.1,0.25,-0.03735048100539598,0.00010336650801327942,-1.4827890689804828e-172,-0.00015715501555405584,-0.2501322623354286
1770707519.8010976,1.2044322564339636,0.0,0.020000000000000007,1.23,0.0,0.1,0.25,-0.03735048100539598,0.00010336650801327942,-1.1527370056165376e-172,-0.0001815405860874617,-0.25014489210410373
1770707520.2093804,1.2044322564339636,0.0,0.020000000000000007,1.23,0.0,0.1,0.25,-0.03735048100539598,0.00010336650801327942,-8.934943649533507e-173,-0.00012825467233978664,-0.25012113918155127
1770707520.6286886,1.2044322564339636,0.0,0.020000000000000007,1.23,0.0,0.1,0.25,-0.03735048100539598,0.00010336650801327942,-7.895228515132765e-173,-2.438616799954772e-05,-0.25007426318844045
1770707521.0436716,1.2044322564339636,0.0,0.020000000000000007,1.23,0.0,0.1,0.25,-0.03735048100539598,0.00010336650801327942,-5.801387095878211e-173,-1.1944304907306207e-05,-0.2500588995927695
1770707521.4645624,1.2044322564339636,0.0,0.020000000000000007,1.23,0.0,0.1,0.25,-0.03735048100539598,0.00010336650801327942,-4.5007733613970115e-173,9.820860803950188e-05,-0.25001359424128156
1770707521.888934,1.2044322564339636,0.0,0.020000000000000007,1.23,0.0,0.1,0.25,-0.03735048100539598,0.00010336650801327942,-3.048286373348437e-173,0.00016701172569879048,-0.2500387029206087
1770707522.2999222,1.2044322564339636,0.0,0.020000000000000007,1.23,0.0,0.1,0.25,-0.03735048100539598,0.00010336650801327942,-2.371208548437453e-173,0.0002213956384078375,-0.25006445295646823
1770707522.7300775,1.2044322564339636,0.0,0.020000000000000007,1.23,0.0,0.1,0.25,-0.03735048100539598,0.00010336650801327942,-1.8364651037152103e-173,0.00011676157235838687,-0.25001716093877746
1770707523.1588352,1.2044322564339636,0.0,0.020000000000000007,1.23,0.0,0.1,0.25,-0.03735048100539598,0.00010336650801327942,-1.5315128532574066e-173,0.00013010059381486234,-0.2500147009450464
1770707523.5839992,1.2044322564339636,0.0,0.020000000000000007,1.23,0.0,0.1,0.25,-0.03735048100539598,0.00010336650801327942,-1.190528944842212e-173,0.0001323772034167923,-0.25001473300866195
1770707524.0089707,1.2044322564339636,0.0,0.020000000000000007,1.23,0.0,0.1,0.25,-0.03735048100539598,0.00010336650801327942,-8.077048576139608e-174,2.1636845844619018e-05,-0.25005193886684157
1770707524.419504,1.2044322564339636,0.0,0.020000000000000007,1.23,0.0,0.1,0.25,-0.03735048100539598,0.00010336650801327942,-6.266535094462071e-174,-7.747113823181619e-06,-0.250058495206885
1770707524.8322806,1.2044322564339636,0.0,0.020000000000000007,1.23,0.0,0.1,0.25,-0.03735048100539598,0.00010336650801327942,-5.220381540715783e-174,-9.050710314588339e-05,-0.25010521280451187
1770707525.2597957,1.2044322564339636,0.0,0.020000000000000007,1.23,0.0,0.1,0.25,-0.03735048100539598,0.00010336650801327942,-4.046643462341617e-174,-0.00010062733813249585,-0.25010300894657156
1770707525.6821363,1.2044322564339636,0.0,0.020000000000000007,1.23,0.0,0.1,0.25,-0.03735048100539598,0.00010336650801327942,-2.7289968573359397e-174,-0.00014100301951981491,-0.25012622233190523
1770707526.0948586,1.2044322564339636,0.0,0.020000000000000007,1.23,0.0,0.1,0.25,-0.03735048100539598,0.00010336650801327942,-2.146405131557392e-174,3.3058499852090675e-05,-0.2500525601560178
1770707526.504912,1.2044322564339636,0.0,0.020000000000000007,1.23,0.0,0.1,0.25,-0.03735048100539598,0.00010336650801327942,-1.6524913906782708e-174,7.150868508387049e-05,-0.25001977392998787
1770707526.9219847,1.2044322564339636,0.0,0.020000000000000007,1.23,0.0,0.1,0.25,-0.03735048100539598,0.00010336650801327942,-1.3758993728272126e-174,0.00010614865081295737,-0.25000485506797276
1770707527.3398347,1.2044322564339636,0.0,0.020000000000000007,1.23,0.0,0.1,0.25,-0.03735048100539598,0.00010336650801327942,-1.0700210987570769e-174,0.0001453611010287154,-0.2500249185415293
1770707527.7544434,1.2044322564339636,0.0,0.020000000000000007,1.23,0.0,0.1,0.25,-0.03735048100539598,0.00010336650801327942,-8.222537572226984e-175,0.00020966134253948615,-0.25005957744141416
1770707528.1816597,1.2044322564339636,0.0,0.020000000000000007,1.23,0.0,0.1,0.25,-0.03735048100539598,0.00010336650801327942,-5.631613553478825e-175,0.00017402393082433215,-0.25003889245257704
1770707528.5987601,1.2044322564339636,0.0,0.020000000000000007,1.23,0.0,0.1,0.25,-0.03735048100539598,0.00010336650801327942,-4.374926557656646e-175,0.0001778969058379672,-0.2500376524964137
1770707529.0135179,1.2044322564339636,0.0,0.020000000000000007,1.23,0.0,0.1,0.25,-0.03735048100539598,0.00010336650801327942,-3.385705355907267e-175,0.0001218939903989805,-0.25001486403273676
1770707529.4289887,1.2044322564339636,0.0,0.020000000000000007,1.23,0.0,0.1,0.25,-0.03735048100539598,0.00010336650801327942,-2.831831337384913e-175,-1.8010265269131143e-05,-0.250074678812208
1770707529.8466444,1.2044322564339636,0.0,0.020000000000000007,1.23,0.0,0.1,0.25,-0.03735048100539598,0.00010336650801327942,-2.1896293046057e-175,-7.005884622000625e-06,-0.25005628663438234
1770707530.2606132,1.2044322564339636,0.0,0.020000000000000007,1.23,0.0,0.1,0.25,-0.03735048100539598,0.00010336650801327942,-1.7165083940789228e-175,-0.00012015023574555011,-0.2501230728069918
1770707530.679156,1.2044322564339636,0.0,0.020000000000000007,1.23,0.0,0.1,0.25,-0.03735048100539598,0.00010336650801327942,-1.36936011505931e-175,-1.7752436129830044e-06,-0.25006440837502636
1770707531.0930603,1.2044322564339636,0.0,0.020000000000000007,1.23,0.0,0.1,0.25,-0.03735048100539598,0.00010336650801327942,-8.971536458510946e-176,2.0971983519272124e-05,-0.25004347198496024
1770707531.5375805,1.2044322564339636,0.0,0.020000000000000007,1.23,0.0,0.1,0.25,-0.03735048100539598,0.00010336650801327942,-6.963847244199916e-176,5.456305634428606e-05,-0.250027760833117
1770707531.9653583,1.2044322564339636,0.0,0.020000000000000007,1.23,0.0,0.1,0.25,-0.03735048100539598,0.00010336650801327942,-5.862454432384014e-176,9.148131347579193e-05,-0.2500096344229819
1770707532.380005,1.2044322564339636,0.0,0.020000000000000007,1.23,0.0,0.1,0.25,-0.03735048100539598,0.00010336650801327942,-3.937898415129488e-176,0.00015202675721693134,-0.250030384668976
1770707532.8015802,1.2044322564339636,0.0,0.020000000000000007,1.23,0.0,0.1,0.25,-0.03735048100539598,0.00010336650801327942,-3.0549137430363126e-176,0.00016626107706631875,-0.2500328707165115
1770707533.2198846,1.2044322564339636,0.0,0.020000000000000007,1.23,0.0,0.1,0.25,-0.03735048100539598,0.00010336650801327942,-2.3729730091074985e-176,5.986648217480263e-05,-0.2500323894724084
1770707533.6435294,1.2044322564339636,0.0,0.020000000000000007,1.23,0.0,0.1,0.25,-0.03735048100539598,0.00010336650801327942,-2.004033382493345e-176,5.913350948113927e-05,-0.25002218979653545
1770707534.060781,1.2044322564339636,0.0,0.020000000000000007,1.23,0.0,0.1,0.25,-0.03735048100539598,0.00010336650801327942,-1.5529341525361762e-176,2.4257526039950313e-05,-0.25004304208933076
1770707534.480553,1.2044322564339636,0.0,0.020000000000000007,1.23,0.0,0.1,0.25,-0.03735048100539598,0.00010336650801327942,-1.0455934597815702e-176,-9.85986455337409e-06,-0.2500600249253426
1770707534.9106822,1.2044322564339636,0.0,0.020000000000000007,1.23,0.0,0.1,0.25,-0.03735048100539598,0.00010336650801327942,-8.220627933896805e-177,1.0417161457557162e-06,-0.2500522525540037
1770707535.3367293,1.2044322564339636,0.0,0.020000000000000007,1.23,0.0,0.1,0.25,-0.03735048100539598,0.00010336650801327942,-6.85457031941187e-177,-1.8204744414825288e-05,-0.2500627102722701
1770707535.7536564,1.2044322564339636,0.0,0.020000000000000007,1.23,0.0,0.1,0.25,-0.03735048100539598,0.00010336650801327942,-5.322703170806832e-177,2.9651031755185105e-05,-0.2500416433157461
1770707536.1898997,1.2044322564339636,0.0,0.020000000000000007,1.23,0.0,0.1,0.25,-0.03735048100539598,0.00010336650801327942,-3.542245706216242e-177,5.2476198003413555e-05,-0.25002772767162973
1770707536.6023188,1.2044322564339636,0.0,0.020000000000000007,1.23,0.0,0.1,0.25,-0.03735048100539598,0.00010336650801327942,-2.7531124730500865e-177,0.00016452619156354749,-0.25004178484113115
1770707537.0152957,1.2044322564339636,0.0,0.020000000000000007,1.23,0.0,0.1,0.25,-0.03735048100539598,0.00010336650801327942,-2.131597720757407e-177,0.00014486358779511744,-0.2500227148002678
1770707537.43472,1.2044322564339636,0.0,0.020000000000000007,1.23,0.0,0.1,0.25,-0.03735048100539598,0.00010336650801327942,-1.815063188712706e-177,0.00010689472075344759,-0.25000556099307425
1770707537.8467605,1.2044322564339636,0.0,0.020000000000000007,1.23,0.0,0.1,0.25,-0.03735048100539598,0.00010336650801327942,-1.408556052699204e-177,0.00022782829187484156,-0.25007432424904297
1770707538.2646477,1.2044322564339636,0.0,0.020000000000000007,1.23,0.0,0.1,0.25,-0.03735048100539598,0.00010336650801327942,-1.0938576968348445e-177,0.0002624718177045022,-0.2500830170074286
1770707538.6853461,1.2044322564339636,0.0,0.020000000000000007,1.23,0.0,0.1,0.25,-0.03735048100539598,0.00010336650801327942,-7.27706872933975e-178,0.00013597450554124048,-0.2500289537299803
1770707539.1086824,1.2044322564339636,0.0,0.020000000000000007,1.23,0.0,0.1,0.25,-0.03735048100539598,0.00010336650801327942,-5.651461394137492e-178,3.6708221745777476e-05,-0.2500432557715133
1770707539.551078,1.2044322564339636,0.0,0.020000000000000007,1.23,0.0,0.1,0.25,-0.03735048100539598,0.00010336650801327942,-4.533541322974323e-178,-2.4362631554907006e-05,-0.25006997165511413
1770707539.9617496,1.2044322564339636,0.0,0.020000000000000007,1.23,0.0,0.1,0.25,-0.03735048100539598,0.00010336650801327942,-3.7289153057883234e-178,-1.4416892640944516e-05,-0.25005988627421855
1770707540.3743138,1.2044322564339636,0.0,0.020000000000000007,1.23,0.0,0.1,0.25,-0.03735048100539598,0.00010336650801327942,-2.4802744009300883e-178,-0.00010693631181117434,-0.2501144033518293
1770707540.7930253,1.2044322564339636,0.0,0.020000000000000007,1.23,0.0,0.1,0.25,-0.03735048100539598,0.00010336650801327942,-1.9243061900078517e-178,-0.00026266610130778865,-0.2501985892836102
1770707541.2150562,1.2044322564339636,0.0,0.020000000000000007,1.23,0.0,0.1,0.25,-0.03735048100539598,0.00010336650801327942,-1.4817014265554253e-178,-0.00011918017449595575,-0.2501256219339358
1770707541.6273317,1.2044322564339636,0.0,0.020000000000000007,1.23,0.0,0.1,0.25,-0.03735048100539598,0.00010336650801327942,-1.2692773797421735e-178,-5.187069358457001e-05,-0.25008434954889003
1770707542.0475736,1.2044322564339636,0.0,0.020000000000000007,1.23,0.0,0.1,0.25,-0.03735048100539598,0.00010336650801327942,-9.761077237011613e-179,-6.334215352223922e-05,-0.25008450147676153
1770707542.466513,1.2044322564339636,0.0,0.020000000000000007,1.23,0.0,0.1,0.25,-0.03735048100539598,0.00010336650801327942,-7.217112560160162e-179,-5.211506152176e-05,-0.2500788634939676
1770707542.8851445,1.2044322564339636,0.0,0.020000000000000007,1.23,0.0,0.1,0.25,-0.03735048100539598,0.00010336650801327942,-5.07667043360726e-179,4.289411930685447e-05,-0.2500397371124361
1770707543.306391,1.2044322564339636,0.0,0.020000000000000007,1.23,0.0,0.1,0.25,-0.03735048100539598,0.00010336650801327942,-4.741389355957869e-179,8.818590512728748e-05,-0.25001211948002505
1770707543.7269897,1.2044322564339636,0.0,0.020000000000000007,1.23,0.0,0.1,0.25,-0.03735048100539598,0.00010336650801327942,-3.1687172068948785e-179,2.698421064029534e-05,-0.25004431131813515
1770707544.145649,1.2044322564339636,0.0,0.020000000000000007,1.23,0.0,0.1,0.25,-0.03735048100539598,0.00010336650801327942,-2.60400965747268e-179,0.00026477460322666427,-0.25010448308686534
1770707544.565655,1.2044322564339636,0.0,0.020000000000000007,1.23,0.0,0.1,0.25,-0.03735048100539598,0.00010336650801327942,-2.0229478586269072e-179,0.00012767816374762794,-0.2500258654718151
1770707544.9885063,1.2044322564339636,0.0,0.020000000000000007,1.23,0.0,0.1,0.25,-0.03735048100539598,0.00010336650801327942,-1.345263985341351e-179,0.00013053119105567302,-0.25001386764425204
1770707545.4039454,1.2044322564339636,0.0,0.020000000000000007,1.23,0.0,0.1,0.25,-0.03735048100539598,0.00010336650801327942,-1.0443887438044855e-179,2.6708989759067835e-05,-0.2500487109792568
1770707545.8295994,1.2044322564339636,0.0,0.020000000000000007,1.23,0.0,0.1,0.25,-0.03735048100539598,0.00010336650801327942,-8.103725979765097e-180,-1.0094517341900427e-05,-0.25006041086338765
1770707546.2702541,1.2044322564339636,0.0,0.020000000000000007,1.23,0.0,0.1,0.25,-0.03735048100539598,0.00010336650801327942,-6.485099337153814e-180,-9.125413717160279e-05,-0.2501054262845754
1770707546.684757,1.2044322564339636,0.0,0.020000000000000007,1.23,0.0,0.1,0.25,-0.03735048100539598,0.00010336650801327942,-4.583939505644597e-180,5.70724540682283e-05,-0.25003797968609653
1770707547.1035602,1.2044322564339636,0.0,0.020000000000000007,1.23,0.0,0.1,0.25,-0.03735048100539598,0.00010336650801327942,-3.5747016081419706e-180,9.44155990547365e-05,-0.2500082097689779
1770707547.5159726,1.2044322564339636,0.0,0.020000000000000007,1.23,0.0,0.1,0.25,-0.03735048100539598,0.00010336650801327942,-2.7716143080095875e-180,0.0002287350415337143,-0.2500761162110081
1770707547.9365394,1.2044322564339636,0.0,0.020000000000000007,1.23,0.0,0.1,0.25,-0.03735048100539598,0.00010336650801327942,-2.356839558432698e-180,0.00018129606330175,-0.25004370867546744
1770707548.3820155,1.2044322564339636,0.0,0.020000000000000007,1.23,0.0,0.1,0.25,-0.03735048100539598,0.00010336650801327942,-1.5511256124792394e-180,0.0002131523513934367,-0.2500580785504993
1770707548.7933722,1.2044322564339636,0.0,0.020000000000000007,1.23,0.0,0.1,0.25,-0.03735048100539598,0.00010336650801327942,-1.2197041417800006e-180,0.00021151266359536574,-0.25005423704657087
1770707549.215933,1.2044322564339636,0.0,0.020000000000000007,1.23,0.0,0.1,0.25,-0.03735048100539598,0.00010336650801327942,-9.478865322388166e-181,0.00012106310263707896,-0.25001789325340773
1770707549.6358287,1.2044322564339636,0.0,0.020000000000000007,1.23,0.0,0.1,0.25,-0.03735048100539598,0.00010336650801327942,-7.628248054268145e-181,9.642422516105721e-05,-0.25000593502917373
1770707550.0726242,1.2044322564339636,0.0,0.020000000000000007,1.23,0.0,0.1,0.25,-0.03735048100539598,0.00010336650801327942,-5.313628417811336e-181,-6.01073019075036e-06,-0.2500649321146372
1770707550.4834182,1.2044322564339636,0.0,0.020000000000000007,1.23,0.0,0.1,0.25,-0.03735048100539598,0.00010336650801327942,-4.169273401113016e-181,-0.0001399924618657004,-0.25013507765810694
1770707550.9012573,1.2044322564339636,0.0,0.020000000000000007,1.23,0.0,0.1,0.25,-0.03735048100539598,0.00010336650801327942,-3.237590616155879e-181,-0.00010889611507841583,-0.2501092409462246
1770707551.3150382,1.2044322564339636,0.0,0.020000000000000007,1.23,0.0,0.1,0.25,-0.03735048100539598,0.00010336650801327942,-2.5154264435425695e-181,-0.00014192471908315224,-0.25012594847394864
1770707551.7429843,1.2044322564339636,0.0,0.020000000000000007,1.23,0.0,0.1,0.25,-0.03735048100539598,0.00010336650801327942,-2.1406819943808622e-181,-7.214548513960862e-05,-0.25009473391997084
1770707552.165854,1.2044322564339636,0.0,0.020000000000000007,1.23,0.0,0.1,0.25,-0.03735048100539598,0.00010336650801327942,-1.6642381691447446e-181,-7.418006183876674e-05,-0.25008897674259595
1770707552.5787418,1.2044322564339636,0.0,0.020000000000000007,1.23,0.0,0.1,0.25,-0.03735048100539598,0.00010336650801327942,-1.1100483488037145e-181,-4.666087720375762e-05,-0.25007776561107203
1770707552.9877884,1.2044322564339636,0.0,0.020000000000000007,1.23,0.0,0.1,0.25,-0.03735048100539598,0.00010336650801327942,-8.638022250588106e-182,-1.6363844595061257e-05,-0.25006289487956507
1770707553.4081306,1.2044322564339636,0.0,0.020000000000000007,1.23,0.0,0.1,0.25,-0.03735048100539598,0.00010336650801327942,-6.575954320604738e-182,-3.188672299692501e-05,-0.2500691789033453
1770707553.8255723,1.2044322564339636,0.0,0.020000000000000007,1.23,0.0,0.1,0.25,-0.03735048100539598,0.00010336650801327942,-5.460144039696009e-182,-5.498718198548128e-06,-0.25005707141358574
1770707554.2389889,1.2044322564339636,0.0,0.020000000000000007,1.23,0.0,0.1,0.25,-0.03735048100539598,0.00010336650801327942,-4.491901165024232e-182,0.00012348443416163997,-0.2500229572783102
1770707554.65681,1.2044322564339636,0.0,0.020000000000000007,1.23,0.0,0.1,0.25,-0.03735048100539598,0.00010336650801327942,-3.488221244250257e-182,0.00017285124872799218,-0.25003967905181396
1770707555.0782952,1.2044322564339636,0.0,0.020000000000000007,1.23,0.0,0.1,0.25,-0.03735048100539598,0.00010336650801327942,-2.3098614336866758e-182,0.00017654745672419735,-0.2500369600951551
1770707555.4948878,1.2044322564339636,0.0,0.020000000000000007,1.23,0.0,0.1,0.25,-0.03735048100539598,0.00010336650801327942,-1.7402704896085098e-182,0.0002211872253962888,-0.2500633743355587
1770707555.9095485,1.2044322564339636,0.0,0.020000000000000007,1.23,0.0,0.1,0.25,-0.03735048100539598,0.00010336650801327942,-1.3993413041308222e-182,0.0001394108298341991,-0.25002619980046664
1770707556.3246152,1.2044322564339636,0.0,0.020000000000000007,1.23,0.0,0.1,0.25,-0.03735048100539598,0.00010336650801327942,-1.1238620567106681e-182,0.0001392466219343928,-0.25001795647775055
1770707556.7402284,1.2044322564339636,0.0,0.020000000000000007,1.23,0.0,0.1,0.25,-0.03735048100539598,0.00010336650801327942,-8.724399797625836e-183,3.447593220631841e-05,-0.25004492235687625
1770707557.1516829,1.2044322564339636,0.0,0.020000000000000007,1.23,0.0,0.1,0.25,-0.03735048100539598,0.00010336650801327942,-6.774574000564183e-183,4.524690076724578e-05,-0.2500301369004791
1770707557.5700536,1.2044322564339636,0.0,0.020000000000000007,1.23,0.0,0.1,0.25,-0.03735048100539598,0.00010336650801327942,-4.759458198181364e-183,0.0001772282437899364,-0.2500501290021906
1770707557.9811838,1.2044322564339636,0.0,0.020000000000000007,1.23,0.0,0.1,0.25,-0.03735048100539598,0.00010336650801327942,-3.5656364603149978e-183,0.0001666628362792321,-0.25003270470488403
1770707558.39689,1.2044322564339636,0.0,0.020000000000000007,1.23,0.0,0.1,0.25,-0.03735048100539598,0.00010336650801327942,-2.7683071512466377e-183,0.0001568873918537258,-0.2500277379863628
1770707558.8189511,1.2044322564339636,0.0,0.020000000000000007,1.23,0.0,0.1,0.25,-0.03735048100539598,0.00010336650801327942,-2.229305977582288e-183,0.0002094931857784321,-0.25005832391827504
1770707559.2333598,1.2044322564339636,0.0,0.020000000000000007,1.23,0.0,0.1,0.25,-0.03735048100539598,0.00010336650801327942,-1.7851775219072388e-183,0.00031568422525252133,-0.25011677796256704
1770707559.6484134,1.2044322564339636,0.0,0.020000000000000007,1.23,0.0,0.1,0.25,-0.03735048100539598,0.00010336650801327942,-1.3861911378496362e-183,0.00030088088472042534,-0.2501002375224068
1770707560.0610082,1.2044322564339636,0.0,0.020000000000000007,1.23,0.0,0.1,0.25,-0.03735048100539598,0.00010336650801327942,-1.0763478850577744e-183,0.0002528789641660844,-0.25007955642013185
1770707560.4772673,1.2044322564339636,0.0,0.020000000000000007,1.23,0.0,0.1,0.25,-0.03735048100539598,0.00010336650801327942,-7.289911233987672e-184,0.00015509420590897665,-0.2500356423247736
1770707560.894651,1.2044322564339636,0.0,0.020000000000000007,1.23,0.0,0.1,0.25,-0.03735048100539598,0.00010336650801327942,-5.682954973150854e-184,0.00018499517014898537,-0.25004380442749186
1770707561.3022656,1.2044322564339636,0.0,0.020000000000000007,1.23,0.0,0.1,0.25,-0.03735048100539598,0.00010336650801327942,-4.4088994359971044e-184,0.00011059200584726628,-0.25001105306534716
1770707561.7221868,1.2044322564339636,0.0,0.020000000000000007,1.23,0.0,0.1,0.25,-0.03735048100539598,0.00010336650801327942,-3.6641258614584066e-184,0.00013136825170135318,-0.2500160784964295
1770707562.1336424,1.2044322564339636,0.0,0.020000000000000007,1.23,0.0,0.1,0.25,-0.03735048100539598,0.00010336650801327942,-2.842469150723879e-184,6.840523812084808e-05,-0.2500237769363043
1770707562.5717654,1.2044322564339636,0.0,0.020000000000000007,1.23,0.0,0.1,0.25,-0.03735048100539598,0.00010336650801327942,-1.9344124249264377e-184,-1.0890909840762814e-05,-0.2500650583237232
1770707562.988102,1.2044322564339636,0.0,0.020000000000000007,1.23,0.0,0.1,0.25,-0.03735048100539598,0.00010336650801327942,-1.4955746145436482e-184,2.7609218573784105e-05,-0.25004172865756125
1770707563.4070928,1.2044322564339636,0.0,0.020000000000000007,1.23,0.0,0.1,0.25,-0.03735048100539598,0.00010336650801327942,-1.1673372816330137e-184,5.8603415089817344e-05,-0.2500254809661133
1770707563.8205497,1.2044322564339636,0.0,0.020000000000000007,1.23,0.0,0.1,0.25,-0.03735048100539598,0.00010336650801327942,-9.027039501835912e-185,0.00014428926304932923,-0.250029029962314
1770707564.252165,1.2044322564339636,0.0,0.020000000000000007,1.23,0.0,0.1,0.25,-0.03735048100539598,0.00010336650801327942,-7.515697148399733e-185,0.0001785393534063084,-0.25004101143173224
1770707564.6731622,1.2044322564339636,0.0,0.020000000000000007,1.23,0.0,0.1,0.25,-0.03735048100539598,0.00010336650801327942,-5.116771839677682e-185,0.0002316661815051537,-0.25006946251955586
1770707565.0890152,1.2044322564339636,0.0,0.020000000000000007,1.23,0.0,0.1,0.25,-0.03735048100539598,0.00010336650801327942,-3.972438336166541e-185,0.0001637438734660874,-0.2500369809135303
1770707565.505076,1.2044322564339636,0.0,0.020000000000000007,1.23,0.0,0.1,0.25,-0.03735048100539598,0.00010336650801327942,-3.0518401306618664e-185,0.00021121423315067158,-0.25005867089853717
1770707565.9364667,1.2044322564339636,0.0,0.020000000000000007,1.23,0.0,0.1,0.25,-0.03735048100539598,0.00010336650801327942,-2.5611438295342455e-185,0.00014201829426242342,-0.2500262454870134
1770707566.3490381,1.2044322564339636,0.0,0.020000000000000007,1.23,0.0,0.1,0.25,-0.03735048100539598,0.00010336650801327942,-1.999740890653108e-185,8.791783736395361e-05,-0.25001313438101447
1770707566.7681015,1.2044322564339636,0.0,0.020000000000000007,1.23,0.0,0.1,0.25,-0.03735048100539598,0.00010336650801327942,-1.4058162690320272e-185,3.3237554094717856e-05,-0.2500405325052862
1770707567.1785698,1.2044322564339636,0.0,0.020000000000000007,1.23,0.0,0.1,0.25,-0.03735048100539598,0.00010336650801327942,-1.0503894909117593e-185,-1.5267870536948816e-05,-0.2500641677317383
1770707567.5939589,1.2044322564339636,0.0,0.020000000000000007,1.23,0.0,0.1,0.25,-0.03735048100539598,0.00010336650801327942,-8.136343018864667e-186,-1.89174279991557e-05,-0.25006150692375245
1770707568.0120225,1.2044322564339636,0.0,0.020000000000000007,1.23,0.0,0.1,0.25,-0.03735048100539598,0.00010336650801327942,-6.334703239471925e-186,-6.959859163556536e-05,-0.25009155066618804
1770707568.4407234,1.2044322564339636,0.0,0.020000000000000007,1.23,0.0,0.1,0.25,-0.03735048100539598,0.00010336650801327942,-5.357195202684036e-186,7.345222618280816e-05,-0.2500292622226971
1770707568.85555,1.2044322564339636,0.0,0.020000000000000007,1.23,0.0,0.1,0.25,-0.03735048100539598,0.00010336650801327942,-4.158655816123632e-186,2.2619808456092505e-05,-0.25004545659155125
1770707569.2778983,1.2044322564339636,0.0,0.020000000000000007,1.23,0.0,0.1,0.25,-0.03735048100539598,0.00010336650801327942,-2.7762119826687115e-186,0.00017055319491973188,-0.25004838668209955
1770707569.6977823,1.2044322564339636,0.0,0.020000000000000007,1.23,0.0,0.1,0.25,-0.03735048100539598,0.00010336650801327942,-2.1561632058980365e-186,9.971158019128679e-05,-0.2500089116253838
1770707570.11154,1.2044322564339636,0.0,0.020000000000000007,1.23,0.0,0.1,0.25,-0.03735048100539598,0.00010336650801327942,-1.6791561688924392e-186,0.00013169657029189066,-0.25001736353014936
1770707570.5353966,1.2044322564339636,0.0,0.020000000000000007,1.23,0.0,0.1,0.25,-0.03735048100539598,0.00010336650801327942,-1.4265301487145074e-186,0.00012746797707500443,-0.25001247359385254
1770707570.9583309,1.2044322564339636,0.0,0.020000000000000007,1.23,0.0,0.1,0.25,-0.03735048100539598,0.00010336650801327942,-1.1103023733434061e-186,0.00010192422679856502,-0.250003275515635
1770707571.3780077,1.2044322564339636,0.0,0.020000000000000007,1.23,0.0,0.1,0.25,-0.03735048100539598,0.00010336650801327942,-7.398644718013413e-187,2.787954241065755e-05,-0.2500451479512401
1770707571.7901325,1.2044322564339636,0.0,0.020000000000000007,1.23,0.0,0.1,0.25,-0.03735048100539598,0.00010336650801327942,-6.91192149460778e-187,-5.24464005581012e-06,-0.25005761799228116
1770707572.2038567,1.2044322564339636,0.0,0.020000000000000007,1.23,0.0,0.1,0.25,-0.03735048100539598,0.00010336650801327942,-4.4777525133787986e-187,2.6054516736277572e-05,-0.2500417859113177
1770707572.6170456,1.2044322564339636,0.0,0.020000000000000007,1.23,0.0,0.1,0.25,-0.03735048100539598,0.00010336650801327942,-3.477355218396448e-187,-0.00013467714574820957,-0.2501350949931292
1770707573.0411797,1.2044322564339636,0.0,0.020000000000000007,1.23,0.0,0.1,0.25,-0.03735048100539598,0.00010336650801327942,-2.9560750352031474e-187,1.0384072210698945e-05,-0.25006099733969717
1770707573.4577065,1.2044322564339636,0.0,0.020000000000000007,1.23,0.0,0.1,0.25,-0.03735048100539598,0.00010336650801327942,-2.2878374846094913e-187,-5.560204104461531e-05,-0.2500860828858545
1770707573.873207,1.2044322564339636,0.0,0.020000000000000007,1.23,0.0,0.1,0.25,-0.03735048100539598,0.00010336650801327942,-1.5244429629466407e-187,5.6873368236376845e-06,-0.25005496852338166
1770707574.2917433,1.2044322564339636,0.0,0.020000000000000007,1.23,0.0,0.1,0.25,-0.03735048100539598,0.00010336650801327942,-1.1826511317325044e-187,-1.1045947337139205e-05,-0.25005887955609124
1770707574.7059677,1.2044322564339636,0.0,0.020000000000000007,1.23,0.0,0.1,0.25,-0.03735048100539598,0.00010336650801327942,-9.18209338564178e-188,6.939645609124417e-05,-0.2500250292663039
1770707575.1290455,1.2044322564339636,0.0,0.020000000000000007,1.23,0.0,0.1,0.25,-0.03735048100539598,0.00010336650801327942,-7.802492454158602e-188,0.00015006133435218873,-0.25003141390099554
1770707575.5430768,1.2044322564339636,0.0,0.020000000000000007,1.23,0.0,0.1,0.25,-0.03735048100539598,0.00010336650801327942,-6.038023392523916e-188,6.962620146732298e-05,-0.25002491366656143
1770707575.9613888,1.2044322564339636,0.0,0.020000000000000007,1.23,0.0,0.1,0.25,-0.03735048100539598,0.00010336650801327942,-4.697764197125358e-188,0.00010311582266143614,-0.2500034743047953
1770707576.3921063,1.2044322564339636,0.0,0.020000000000000007,1.23,0.0,0.1,0.25,-0.03735048100539598,0.00010336650801327942,-3.1199724317813124e-188,9.084268236991031e-05,-0.2500074892268508
1770707576.8098204,1.2044322564339636,0.0,0.020000000000000007,1.23,0.0,0.1,0.25,-0.03735048100539598,0.00010336650801327942,-2.4437212572962165e-188,3.102333202947708e-05,-0.25004215352302595
1770707577.2271287,1.2044322564339636,0.0,0.020000000000000007,1.23,0.0,0.1,0.25,-0.03735048100539598,0.00010336650801327942,-2.079511135480557e-188,0.00013294590240584198,-0.2500249819542339
1770707577.6494613,1.2044322564339636,0.0,0.020000000000000007,1.23,0.0,0.1,0.25,-0.03735048100539598,0.00010336650801327942,-1.525680201379517e-188,0.00017610486332936007,-0.2500406850737504
1770707578.0627222,1.2044322564339636,0.0,0.020000000000000007,1.23,0.0,0.1,0.25,-0.03735048100539598,0.00010336650801327942,-1.2511623198146843e-188,6.411564698133643e-05,-0.2500308243521508
1770707578.4826622,1.2044322564339636,0.0,0.020000000000000007,1.23,0.0,0.1,0.25,-0.03735048100539598,0.00010336650801327942,-8.321357486253798e-189,9.616715479674828e-05,-0.25000680482738985
1770707578.8991504,1.2044322564339636,0.0,0.020000000000000007,1.23,0.0,0.1,0.25,-0.03735048100539598,0.00010336650801327942,-6.447642243529147e-189,2.539476612443008e-05,-0.25004606310981164
1770707579.3140218,1.2044322564339636,0.0,0.020000000000000007,1.23,0.0,0.1,0.25,-0.03735048100539598,0.00010336650801327942,-5.0029580177908386e-189,3.3162802721509176e-05,-0.2500358786563056
1770707579.727095,1.2044322564339636,0.0,0.020000000000000007,1.23,0.0,0.1,0.25,-0.03735048100539598,0.00010336650801327942,-4.247743707872566e-189,0.000156286767768827,-0.2500387725263825
1770707580.1418352,1.2044322564339636,0.0,0.020000000000000007,1.23,0.0,0.1,0.25,-0.03735048100539598,0.00010336650801327942,-3.29519042321168e-189,0.00010214364534113048,-0.25000602574357883
1770707580.562047,1.2044322564339636,0.0,0.020000000000000007,1.23,0.0,0.1,0.25,-0.03735048100539598,0.00010336650801327942,-2.548339167030296e-189,0.00013134431951140446,-0.2500169089731661
1770707580.974355,1.2044322564339636,0.0,0.020000000000000007,1.23,0.0,0.1,0.25,-0.03735048100539598,0.00010336650801327942,-1.6770770767489004e-189,7.535797185116847e-05,-0.2500196029028471
1770707581.386218,1.2044322564339636,0.0,0.020000000000000007,1.23,0.0,0.1,0.25,-0.03735048100539598,0.00010336650801327942,-1.3012215549878324e-189,9.002558672446089e-05,-0.2500081372221317
1770707581.816916,1.2044322564339636,0.0,0.020000000000000007,1.23,0.0,0.1,0.25,-0.03735048100539598,0.00010336650801327942,-1.021807571442732e-189,3.455059105945878e-05,-0.2500399554580434
1770707582.243014,1.2044322564339636,0.0,0.020000000000000007,1.23,0.0,0.1,0.25,-0.03735048100539598,0.00010336650801327942,-8.209374111549482e-190,1.8501386078304297e-05,-0.2500440374814656
1770707582.6707687,1.2044322564339636,0.0,0.020000000000000007,1.23,0.0,0.1,0.25,-0.03735048100539598,0.00010336650801327942,-5.809438284251953e-190,-2.400809520762874e-05,-0.25006793824973905
1770707583.0802288,1.2044322564339636,0.0,0.020000000000000007,1.23,0.0,0.1,0.25,-0.03735048100539598,0.00010336650801327942,-4.4458418207101754e-190,-5.426217536964501e-05,-0.25008183974970766
1770707583.4930856,1.2044322564339636,0.0,0.020000000000000007,1.23,0.0,0.1,0.25,-0.03735048100539598,0.00010336650801327942,-3.4374158770635433e-190,-7.61890338646754e-05,-0.2500919704567885
1770707583.9035234,1.2044322564339636,0.0,0.020000000000000007,1.23,0.0,0.1,0.25,-0.03735048100539598,0.00010336650801327942,-2.7115272278036605e-190,-0.0001757589953137326,-0.2501495197478084
1770707584.3180218,1.2044322564339636,0.0,0.020000000000000007,1.23,0.0,0.1,0.25,-0.03735048100539598,0.00010336650801327942,-2.1176173489243036e-190,-7.116770798869201e-05,-0.2500977262367335
1770707584.7341642,1.2044322564339636,0.0,0.020000000000000007,1.23,0.0,0.1,0.25,-0.03735048100539598,0.00010336650801327942,-1.7011645600909546e-190,7.671997623089046e-05,-0.2500281120343132
1770707585.1616619,1.2044322564339636,0.0,0.020000000000000007,1.23,0.0,0.1,0.25,-0.03735048100539598,0.00010336650801327942,-1.3975715001453436e-190,8.83462460441887e-05,-0.2500086727579659
1770707585.574282,1.2044322564339636,0.0,0.020000000000000007,1.23,0.0,0.1,0.25,-0.03735048100539598,0.00010336650801327942,-9.102065566090203e-191,0.00015519022355458677,-0.2500325962555217
1770707586.0022006,1.2044322564339636,0.0,0.020000000000000007,1.23,0.0,0.1,0.25,-0.03735048100539598,0.00010336650801327942,-7.059926608522846e-191,0.00010760507795724526,-0.2500068777995317
1770707586.4218493,1.2044322564339636,0.0,0.020000000000000007,1.23,0.0,0.1,0.25,-0.03735048100539598,0.00010336650801327942,-5.829663172309398e-191,0.00012296030530004756,-0.2500113324213777
1770707586.8354588,1.2044322564339636,0.0,0.020000000000000007,1.23,0.0,0.1,0.25,-0.03735048100539598,0.00010336650801327942,-4.5254612077546444e-191,9.435049026070762e-05,-0.25000736899038023
1770707587.2504551,1.2044322564339636,0.0,0.020000000000000007,1.23,0.0,0.1,0.25,-0.03735048100539598,0.00010336650801327942,-3.716862193193579e-191,9.520068166683544e-07,-0.2500605470989427
1770707587.6657555,1.2044322564339636,0.0,0.020000000000000007,1.23,0.0,0.1,0.25,-0.03735048100539598,0.00010336650801327942,-2.7340882832615622e-191,-0.00010804053935472462,-0.2501166027783011
1770707588.08305,1.2044322564339636,0.0,0.020000000000000007,1.23,0.0,0.1,0.25,-0.03735048100539598,0.00010336650801327942,-1.926736435951438e-191,-8.411182006065001e-05,-0.25009613203596637
1770707588.5002887,1.2044322564339636,0.0,0.020000000000000007,1.23,0.0,0.1,0.25,-0.03735048100539598,0.00010336650801327942,-1.4500037691369183e-191,-0.00012658783104346462,-0.25011922477062665
1770707588.9255805,1.2044322564339636,0.0,0.020000000000000007,1.23,0.0,0.1,0.25,-0.03735048100539598,0.00010336650801327942,-1.2241608899902901e-191,-0.0001606232132739959,-0.25013539839886667
1770707589.339167,1.2044322564339636,0.0,0.020000000000000007,1.23,0.0,0.1,0.25,-0.03735048100539598,0.00010336650801327942,-9.642245895683006e-192,-0.00015040602277673607,-0.25012790798444473
1770707589.7479227,1.2044322564339636,0.0,0.020000000000000007,1.23,0.0,0.1,0.25,-0.03735048100539598,0.00010336650801327942,-7.475792049659454e-192,-6.792251951891208e-05,-0.25009389286409184
1770707590.1785476,1.2044322564339636,0.0,0.020000000000000007,1.23,0.0,0.1,0.25,-0.03735048100539598,0.00010336650801327942,-4.95854233580927e-192,0.00012588917888513597,-0.25003064250527635
1770707590.5944655,1.2044322564339636,0.0,0.020000000000000007,1.23,0.0,0.1,0.25,-0.03735048100539598,0.00010336650801327942,-3.8372681747789535e-192,0.00015544964182273786,-0.25002899761319847
1770707591.006536,1.2044322564339636,0.0,0.020000000000000007,1.23,0.0,0.1,0.25,-0.03735048100539598,0.00010336650801327942,-2.9819209027965405e-192,3.1483330927751764e-05,-0.25004833821963224
1770707591.4182172,1.2044322564339636,0.0,0.020000000000000007,1.23,0.0,0.1,0.25,-0.03735048100539598,0.00010336650801327942,-2.3057129224551723e-192,-1.3010185402111999e-05,-0.25006263769834064
1770707591.8338015,1.2044322564339636,0.0,0.020000000000000007,1.23,0.0,0.1,0.25,-0.03735048100539598,0.00010336650801327942,-1.9648951769566624e-192,7.167380788723579e-06,-0.25005011732023136
1770707592.2559896,1.2044322564339636,0.0,0.020000000000000007,1.23,0.0,0.1,0.25,-0.03735048100539598,0.00010336650801327942,-1.5248353548415187e-192,1.2466303457394862e-05,-0.2500459799945448
1770707592.6803067,1.2044322564339636,0.0,0.020000000000000007,1.23,0.0,0.1,0.25,-0.03735048100539598,0.00010336650801327942,-1.0160425663012667e-192,-5.834226417652308e-05,-0.2500879352428583
1770707593.0946279,1.2044322564339636,0.0,0.020000000000000007,1.23,0.0,0.1,0.25,-0.03735048100539598,0.00010336650801327942,-7.899495337963782e-193,-8.60780745146983e-05,-0.25009749587229785
1770707593.507376,1.2044322564339636,0.0,0.020000000000000007,1.23,0.0,0.1,0.25,-0.03735048100539598,0.00010336650801327942,-6.124313766641325e-193,-9.896922225492735e-05,-0.2501024569799081
1770707593.916724,1.2044322564339636,0.0,0.020000000000000007,1.23,0.0,0.1,0.25,-0.03735048100539598,0.00010336650801327942,-4.750786771350636e-193,-6.979033193772822e-05,-0.25008949630900723
1770707594.3532565,1.2044322564339636,0.0,0.020000000000000007,1.23,0.0,0.1,0.25,-0.03735048100539598,0.00010336650801327942,-4.027385519143421e-193,-5.6957367551170154e-05,-0.2500814452342209
1770707594.773951,1.2044322564339636,0.0,0.020000000000000007,1.23,0.0,0.1,0.25,-0.03735048100539598,0.00010336650801327942,-2.680520265022008e-193,0.00011418599239803946,-0.2500225240781873
1770707595.1919737,1.2044322564339636,0.0,0.020000000000000007,1.23,0.0,0.1,0.25,-0.03735048100539598,0.00010336650801327942,-2.0805204912386462e-193,0.00014350731212883465,-0.2500230025340308
1770707595.6124997,1.2044322564339636,0.0,0.020000000000000007,1.23,0.0,0.1,0.25,-0.03735048100539598,0.00010336650801327942,-1.615224520073969e-193,0.000244704247497923,-0.25008078856327925
1770707596.023595,1.2044322564339636,0.0,0.020000000000000007,1.23,0.0,0.1,0.25,-0.03735048100539598,0.00010336650801327942,-1.384324617717288e-193,0.00028337341523576327,-0.25009387037038505
1770707596.4366133,1.2044322564339636,0.0,0.020000000000000007,1.23,0.0,0.1,0.25,-0.03735048100539598,0.00010336650801327942,-1.0729883518979739e-193,0.00028309662578300684,-0.25008989273783017
1770707596.85686,1.2044322564339636,0.0,0.020000000000000007,1.23,0.0,0.1,0.25,-0.03735048100539598,0.00010336650801327942,-8.313748029306919e-194,0.00012932787133508003,-0.2500283575571057
1770707597.276226,1.2044322564339636,0.0,0.020000000000000007,1.23,0.0,0.1,0.25,-0.03735048100539598,0.00010336650801327942,-5.521756655582283e-194,0.00018893135747806363,-0.25004874277334665
1770707597.7010887,1.2044322564339636,0.0,0.020000000000000007,1.23,0.0,0.1,0.25,-0.03735048100539598,0.00010336650801327942,-4.276051797190886e-194,0.00017186090547926223,-0.2500359542439329
1770707598.1188068,1.2044322564339636,0.0,0.020000000000000007,1.23,0.0,0.1,0.25,-0.03735048100539598,0.00010336650801327942,-3.3125184420699644e-194,0.00011647352753532073,-0.25001209224755544
1770707598.5613112,1.2044322564339636,0.0,0.020000000000000007,1.23,0.0,0.1,0.25,-0.03735048100539598,0.00010336650801327942,-2.8038445123247964e-194,2.3647912463556196e-06,-0.25006191173201237
1770707598.9781458,1.2044322564339636,0.0,0.020000000000000007,1.23,0.0,0.1,0.25,-0.03735048100539598,0.00010336650801327942,-1.8731791475261624e-194,-4.236312041925048e-05,-0.2500773376053828
1770707599.3911655,1.2044322564339636,0.0,0.020000000000000007,1.23,0.0,0.1,0.25,-0.03735048100539598,0.00010336650801327942,-1.449088596609193e-194,7.135306581830855e-05,-0.2500273783397212
1770707599.806572,1.2044322564339636,0.0,0.020000000000000007,1.23,0.0,0.1,0.25,-0.03735048100539598,0.00010336650801327942,-1.1223228755586044e-194,0.0001049771566070579,-0.2500041677333758
1770707600.2261631,1.2044322564339636,0.0,0.020000000000000007,1.23,0.0,0.1,0.25,-0.03735048100539598,0.00010336650801327942,-9.494919959032173e-195,0.00019005122086621613,-0.2500518497628524
1770707600.6462579,1.2044322564339636,0.0,0.020000000000000007,1.23,0.0,0.1,0.25,-0.03735048100539598,0.00010336650801327942,-7.350949661303855e-195,0.00015089490717702902,-0.2500276798309508
1770707601.0643733,1.2044322564339636,0.0,0.020000000000000007,1.23,0.0,0.1,0.25,-0.03735048100539598,0.00010336650801327942,-5.700933650962024e-195,0.00022889411361767649,-0.25007056372344627
1770707601.4856024,1.2044322564339636,0.0,0.020000000000000007,1.23,0.0,0.1,0.25,-0.03735048100539598,0.00010336650801327942,-3.8441062981894684e-195,0.00021072427987593067,-0.2500554958693055
1770707601.8962493,1.2044322564339636,0.0,0.020000000000000007,1.23,0.0,0.1,0.25,-0.03735048100539598,0.00010336650801327942,-2.9820657693948246e-195,0.0002139277842863401,-0.2500556009885776
1770707602.3151453,1.2044322564339636,0.0,0.020000000000000007,1.23,0.0,0.1,0.25,-0.03735048100539598,0.00010336650801327942,-2.3104534233442632e-195,0.0002248655063224918,-0.2500618432713583
1770707602.7431493,1.2044322564339636,0.0,0.020000000000000007,1.23,0.0,0.1,0.25,-0.03735048100539598,0.00010336650801327942,-1.9332284129850528e-195,2.787317168220009e-05,-0.25005744590162954
1770707603.1605444,1.2044322564339636,0.0,0.020000000000000007,1.23,0.0,0.1,0.25,-0.03735048100539598,0.00010336650801327942,-1.5006818832082777e-195,-2.868617096410979e-06,-0.2500561917414327
1770707603.5733745,1.2044322564339636,0.0,0.020000000000000007,1.23,0.0,0.1,0.25,-0.03735048100539598,0.00010336650801327942,-1.0161631707610075e-195,-0.0001269484153192158,-0.2501275654414885
1770707603.9880311,1.2044322564339636,0.0,0.020000000000000007,1.23,0.0,0.1,0.25,-0.03735048100539598,0.00010336650801327942,-7.831004216573176e-196,-0.00018249501272941978,-0.25014848542011237
1770707604.413796,1.2044322564339636,0.0,0.020000000000000007,1.23,0.0,0.1,0.25,-0.03735048100539598,0.00010336650801327942,-6.18010165280495e-196,-0.00017018184210438635,-0.2501380054921213
1770707604.8404675,1.2044322564339636,0.0,0.020000000000000007,1.23,0.0,0.1,0.25,-0.03735048100539598,0.00010336650801327942,-5.199566899021032e-196,-0.0001561021825024552,-0.2501311423112181
1770707605.2583938,1.2044322564339636,0.0,0.020000000000000007,1.23,0.0,0.1,0.25,-0.03735048100539598,0.00010336650801327942,-4.0365462811747494e-196,-3.0363714229820137e-05,-0.2500794389579488
1770707605.6967986,1.2044322564339636,0.0,0.020000000000000007,1.23,0.0,0.1,0.25,-0.03735048100539598,0.00010336650801327942,-2.7505534163854305e-196,-3.79688428307054e-05,-0.25007142818828204
1770707606.1078067,1.2044322564339636,0.0,0.020000000000000007,1.23,0.0,0.1,0.25,-0.03735048100539598,0.00010336650801327942,-2.1034833003808238e-196,5.470332425991416e-05,-0.2500335988085858
1770707606.5311434,1.2044322564339636,0.0,0.020000000000000007,1.23,0.0,0.1,0.25,-0.03735048100539598,0.00010336650801327942,-1.7934140666930913e-196,-1.3870307484046948e-05,-0.2500654757709231
1770707606.9434521,1.2044322564339636,0.0,0.020000000000000007,1.23,0.0,0.1,0.25,-0.03735048100539598,0.00010336650801327942,-1.385906725843335e-196,0.00011266901789082579,-0.2500173051874762
1770707607.3563647,1.2044322564339636,0.0,0.020000000000000007,1.23,0.0,0.1,0.25,-0.03735048100539598,0.00010336650801327942,-1.074534718218451e-196,0.00013651147886518516,-0.2500189567315234
1770707607.7725954,1.2044322564339636,0.0,0.020000000000000007,1.23,0.0,0.1,0.25,-0.03735048100539598,0.00010336650801327942,-8.61541484895865e-197,0.00011768646782263995,-0.25000904248100897
1770707608.1917698,1.2044322564339636,0.0,0.020000000000000007,1.23,0.0,0.1,0.25,-0.03735048100539598,0.00010336650801327942,-5.588904773310636e-197,-1.4409916923898497e-05,-0.25007209785094325
1770707608.6126163,1.2044322564339636,0.0,0.020000000000000007,1.23,0.0,0.1,0.25,-0.03735048100539598,0.00010336650801327942,-4.319384915384839e-197,-7.838575327676864e-05,-0.2500972737142803
1770707609.026859,1.2044322564339636,0.0,0.020000000000000007,1.23,0.0,0.1,0.25,-0.03735048100539598,0.00010336650801327942,-3.664513899141336e-197,-0.00012047420345387693,-0.2501161292007513
1770707609.4446528,1.2044322564339636,0.0,0.020000000000000007,1.23,0.0,0.1,0.25,-0.03735048100539598,0.00010336650801327942,-2.848368945116228e-197,-1.0127052268882058e-05,-0.25006778149525954
1770707609.875672,1.2044322564339636,0.0,0.020000000000000007,1.23,0.0,0.1,0.25,-0.03735048100539598,0.00010336650801327942,-1.891997193198181e-197,-0.00010450275003342444,-0.2501133721987998
1770707610.289754,1.2044322564339636,0.0,0.020000000000000007,1.23,0.0,0.1,0.25,-0.03735048100539598,0.00010336650801327942,-1.4652424228033276e-197,-7.697989836508027e-05,-0.250092925488356
1770707610.70688,1.2044322564339636,0.0,0.020000000000000007,1.23,0.0,0.1,0.25,-0.03735048100539598,0.00010336650801327942,-1.1372560830359312e-197,9.98082468912067e-05,-0.2500194579450867
1770707611.122041,1.2044322564339636,0.0,0.020000000000000007,1.23,0.0,0.1,0.25,-0.03735048100539598,0.00010336650801327942,-9.644915487135963e-198,0.00010836252239708316,-0.25000335343474245
1770707611.5402846,1.2044322564339636,0.0,0.020000000000000007,1.23,0.0,0.1,0.25,-0.03735048100539598,0.00010336650801327942,-7.485411225114955e-198,0.00017623956990211792,-0.2500432242356949
1770707611.97629,1.2044322564339636,0.0,0.020000000000000007,1.23,0.0,0.1,0.25,-0.03735048100539598,0.00010336650801327942,-5.0061153710614065e-198,0.00022686989116044157,-0.2500668147236994
1770707612.4055746,1.2044322564339636,0.0,0.020000000000000007,1.23,0.0,0.1,0.25,-0.03735048100539598,0.00010336650801327942,-3.889715725052777e-198,0.0003350325396441851,-0.25012664928066386
1770707612.8170671,1.2044322564339636,0.0,0.020000000000000007,1.23,0.0,0.1,0.25,-0.03735048100539598,0.00010336650801327942,-3.0129887730481124e-198,0.00019248312283517247,-0.25005881324909185
1770707613.2311237,1.2044322564339636,0.0,0.020000000000000007,1.23,0.0,0.1,0.25,-0.03735048100539598,0.00010336650801327942,-2.565726554136747e-198,6.404404904245374e-05,-0.2500325051368647
1770707613.6455657,1.2044322564339636,0.0,0.020000000000000007,1.23,0.0,0.1,0.25,-0.03735048100539598,0.00010336650801327942,-1.988796573075254e-198,8.426301441505285e-05,-0.25001157364333637
1770707614.0609825,1.2044322564339636,0.0,0.020000000000000007,1.23,0.0,0.1,0.25,-0.03735048100539598,0.00010336650801327942,-1.4574919419388124e-198,3.555757098313937e-05,-0.25003877501285826
1770707614.481376,1.2044322564339636,0.0,0.020000000000000007,1.23,0.0,0.1,0.25,-0.03735048100539598,0.00010336650801327942,-1.0291106445567834e-198,1.1248138162034512e-05,-0.25004849012820773
1770707614.898093,1.2044322564339636,0.0,0.020000000000000007,1.23,0.0,0.1,0.25,-0.03735048100539598,0.00010336650801327942,-8.020428359597804e-199,-6.604393285004916e-05,-0.2500924344275329
1770707615.3272927,1.2044322564339636,0.0,0.020000000000000007,1.23,0.0,0.1,0.25,-0.03735048100539598,0.00010336650801327942,-6.828554890721052e-199,-5.220109382455317e-05,-0.2500791680848215
1770707615.7398736,1.2044322564339636,0.0,0.020000000000000007,1.23,0.0,0.1,0.25,-0.03735048100539598,0.00010336650801327942,-5.289570752980786e-199,-2.1959252701547097e-05,-0.2500656870644697
1770707616.1583316,1.2044322564339636,0.0,0.020000000000000007,1.23,0.0,0.1,0.25,-0.03735048100539598,0.00010336650801327942,-3.889557255701443e-199,-1.3459764281953047e-05,-0.2500592630849896
1770707616.57363,1.2044322564339636,0.0,0.020000000000000007,1.23,0.0,0.1,0.25,-0.03735048100539598,0.00010336650801327942,-2.7347151124967168e-199,1.6018753597908483e-05,-0.25004662172899567
1770707617.0003538,1.2044322564339636,0.0,0.020000000000000007,1.23,0.0,0.1,0.25,-0.03735048100539598,0.00010336650801327942,-2.118452326808232e-199,1.1000285555018152e-05,-0.2500466849580334
1770707617.420841,1.2044322564339636,0.0,0.020000000000000007,1.23,0.0,0.1,0.25,-0.03735048100539598,0.00010336650801327942,-1.6461985891289795e-199,7.959556534526894e-05,-0.25001874499931304
1770707617.8526154,1.2044322564339636,0.0,0.020000000000000007,1.23,0.0,0.1,0.25,-0.03735048100539598,0.00010336650801327942,-1.3977818300698092e-199,0.00017478473317839615,-0.25004522802936585
1770707618.2719467,1.2044322564339636,0.0,0.020000000000000007,1.23,0.0,0.1,0.25,-0.03735048100539598,0.00010336650801327942,-9.325526228184258e-200,0.0001737012606074642,-0.2500352757235542
1770707618.6952596,1.2044322564339636,0.0,0.020000000000000007,1.23,0.0,0.1,0.25,-0.03735048100539598,0.00010336650801327942,-7.121439485717066e-200,8.240711902031636e-05,-0.25001960910865517
1770707619.1237886,1.2044322564339636,0.0,0.020000000000000007,1.23,0.0,0.1,0.25,-0.03735048100539598,0.00010336650801327942,-6.122300424079081e-200,-2.6857505005362713e-05,-0.2500760384689119
1770707619.5443807,1.2044322564339636,0.0,0.020000000000000007,1.23,0.0,0.1,0.25,-0.03735048100539598,0.00010336650801327942,-4.7655259384625053e-200,-0.0001416896897401815,-0.25013401131735025
1770707619.9617612,1.2044322564339636,0.0,0.020000000000000007,1.23,0.0,0.1,0.25,-0.03735048100539598,0.00010336650801327942,-3.4978169387431064e-200,-0.0001343707020970245,-0.2501196005038195
1770707620.3763123,1.2044322564339636,0.0,0.020000000000000007,1.23,0.0,0.1,0.25,-0.03735048100539598,0.00010336650801327942,-2.4746338622625258e-200,-0.00015798370702476395,-0.25013303640801177
1770707620.8105412,1.2044322564339636,0.0,0.020000000000000007,1.23,0.0,0.1,0.25,-0.03735048100539598,0.00010336650801327942,-1.92367167073443e-200,-5.655827859496491e-05,-0.2500901049361471
1770707621.229571,1.2044322564339636,0.0,0.020000000000000007,1.23,0.0,0.1,0.25,-0.03735048100539598,0.00010336650801327942,-1.6353128570054786e-200,-3.61564165077329e-06,-0.2500587853385265
1770707621.6586392,1.2044322564339636,0.0,0.020000000000000007,1.23,0.0,0.1,0.25,-0.03735048100539598,0.00010336650801327942,-1.2715729260300762e-200,9.967924950981135e-05,-0.25001217311836776
1770707622.0950935,1.2044322564339636,0.0,0.020000000000000007,1.23,0.0,0.1,0.25,-0.03735048100539598,0.00010336650801327942,-8.256619410665883e-201,0.00015352201571852982,-0.2500304620304735
1770707622.5061467,1.2044322564339636,0.0,0.020000000000000007,1.23,0.0,0.1,0.25,-0.03735048100539598,0.00010336650801327942,-6.405858967226691e-201,0.0002918604353320106,-0.2501080808056207
1770707622.9226582,1.2044322564339636,0.0,0.020000000000000007,1.23,0.0,0.1,0.25,-0.03735048100539598,0.00010336650801327942,-5.593672848720627e-201,0.00029462092996974487,-0.250095903260442
1770707623.348563,1.2044322564339636,0.0,0.020000000000000007,1.23,0.0,0.1,0.25,-0.03735048100539598,0.00010336650801327942,-4.345103825711091e-201,0.00019888101331633548,-0.2500573312443169
1770707623.7731462,1.2044322564339636,0.0,0.020000000000000007,1.23,0.0,0.1,0.25,-0.03735048100539598,0.00010336650801327942,-2.8954439504123495e-201,0.0002337920498014213,-0.25006870387454255
1770707624.187113,1.2044322564339636,0.0,0.020000000000000007,1.23,0.0,0.1,0.25,-0.03735048100539598,0.00010336650801327942,-2.2481902507713306e-201,0.00020712629587417701,-0.2500545464693232
1770707624.599647,1.2044322564339636,0.0,0.020000000000000007,1.23,0.0,0.1,0.25,-0.03735048100539598,0.00010336650801327942,-1.7400851693699798e-201,0.0002202639706058874,-0.25005976249876943
1770707625.0105581,1.2044322564339636,0.0,0.020000000000000007,1.23,0.0,0.1,0.25,-0.03735048100539598,0.00010336650801327942,-1.3160433648050119e-201,0.00012733185610980268,-0.2500212758854979
1770707625.422505,1.2044322564339636,0.0,0.020000000000000007,1.23,0.0,0.1,0.25,-0.03735048100539598,0.00010336650801327942,-1.1483472596991313e-201,-3.372201275516825e-05,-0.25008464964727073
1770707625.8488626,1.2044322564339636,0.0,0.020000000000000007,1.23,0.0,0.1,0.25,-0.03735048100539598,0.00010336650801327942,-8.889139975915652e-202,-8.324064049020679e-05,-0.25009825543702524
1770707626.2604902,1.2044322564339636,0.0,0.020000000000000007,1.23,0.0,0.1,0.25,-0.03735048100539598,0.00010336650801327942,-6.883666993239332e-202,-6.602615004202653e-05,-0.25008641777807245
1770707626.6822422,1.2044322564339636,0.0,0.020000000000000007,1.23,0.0,0.1,0.25,-0.03735048100539598,0.00010336650801327942,-4.599590079704754e-202,6.408086019670115e-05,-0.2500326535249322
1770707627.103626,1.2044322564339636,0.0,0.020000000000000007,1.23,0.0,0.1,0.25,-0.03735048100539598,0.00010336650801327942,-3.5588728883225366e-202,6.497765702347111e-05,-0.2500192841051776
1770707627.5314794,1.2044322564339636,0.0,0.020000000000000007,1.23,0.0,0.1,0.25,-0.03735048100539598,0.00010336650801327942,-2.8662707849191447e-202,0.0002330226297381047,-0.25008163255813387
1770707627.9584033,1.2044322564339636,0.0,0.020000000000000007,1.23,0.0,0.1,0.25,-0.03735048100539598,0.00010336650801327942,-2.2376141273986083e-202,0.00013286598038618282,-0.2500247654011216
1770707628.3738105,1.2044322564339636,0.0,0.020000000000000007,1.23,0.0,0.1,0.25,-0.03735048100539598,0.00010336650801327942,-1.8386569428662834e-202,0.0001792864123308778,-0.2500426019953532
1770707628.8070505,1.2044322564339636,0.0,0.020000000000000007,1.23,0.0,0.1,0.25,-0.03735048100539598,0.00010336650801327942,-1.1862618328671573e-202,0.00016374738672477726,-0.2500317443419164
1770707629.2265677,1.2044322564339636,0.0,0.020000000000000007,1.23,0.0,0.1,0.25,-0.03735048100539598,0.00010336650801327942,-1.0376567351030789e-202,7.807224235904621e-05,-0.2500212146472637
1770707629.6448712,1.2044322564339636,0.0,0.020000000000000007,1.23,0.0,0.1,0.25,-0.03735048100539598,0.00010336650801327942,-7.598321720096723e-203,0.00010200727550502217,-0.2500030731195687
1770707630.0622413,1.2044322564339636,0.0,0.020000000000000007,1.23,0.0,0.1,0.25,-0.03735048100539598,0.00010336650801327942,-6.241064177398044e-203,8.61209953943918e-05,-0.2500102113843205
1770707630.5033932,1.2044322564339636,0.0,0.020000000000000007,1.23,0.0,0.1,0.25,-0.03735048100539598,0.00010336650801327942,-4.0412437751548577e-203,3.875754978365438e-05,-0.25003704082367584
1770707630.9201143,1.2044322564339636,0.0,0.020000000000000007,1.23,0.0,0.1,0.25,-0.03735048100539598,0.00010336650801327942,-3.1522672498666166e-203,-7.809719446390544e-05,-0.25010241732566335
1770707631.3457744,1.2044322564339636,0.0,0.020000000000000007,1.23,0.0,0.1,0.25,-0.03735048100539598,0.00010336650801327942,-2.597695159751123e-203,-3.499779099833311e-05,-0.25007349208985236
1770707631.759562,1.2044322564339636,0.0,0.020000000000000007,1.23,0.0,0.1,0.25,-0.03735048100539598,0.00010336650801327942,-2.1378067300589015e-203,4.047570820900291e-05,-0.2500389927498229
1770707632.1751108,1.2044322564339636,0.0,0.020000000000000007,1.23,0.0,0.1,0.25,-0.03735048100539598,0.00010336650801327942,-1.3799791067901648e-203,0.00014073176019029242,-0.25002870823128664
1770707632.5848136,1.2044322564339636,0.0,0.020000000000000007,1.23,0.0,0.1,0.25,-0.03735048100539598,0.00010336650801327942,-1.068325978295028e-203,0.00018895502700282056,-0.250047616586176
1770707633.00488,1.2044322564339636,0.0,0.020000000000000007,1.23,0.0,0.1,0.25,-0.03735048100539598,0.00010336650801327942,-8.290320084132086e-204,0.00023283112141595755,-0.25006911991614267
1770707633.431669,1.2044322564339636,0.0,0.020000000000000007,1.23,0.0,0.1,0.25,-0.03735048100539598,0.00010336650801327942,-6.436620002026812e-204,0.00022337558642641345,-0.2500609500927055
1770707633.8569202,1.2044322564339636,0.0,0.020000000000000007,1.23,0.0,0.1,0.25,-0.03735048100539598,0.00010336650801327942,-5.42531276075138e-204,0.0002274585249716456,-0.2500624543023337
1770707634.3097801,1.2044322564339636,0.0,0.020000000000000007,1.23,0.0,0.1,0.25,-0.03735048100539598,0.00010336650801327942,-4.6030161016871346e-204,0.00030804050935082946,-0.25011039519910666
1770707634.7219267,1.2044322564339636,0.0,0.020000000000000007,1.23,0.0,0.1,0.25,-0.03735048100539598,0.00010336650801327942,-3.0872828742738028e-204,0.00018905885921872124,-0.250054744340616
1770707635.1412733,1.2044322564339636,0.0,0.020000000000000007,1.23,0.0,0.1,0.25,-0.03735048100539598,0.00010336650801327942,-2.3986277653550737e-204,0.00011507266717976838,-0.25001325169878713
1770707635.5518773,1.2044322564339636,0.0,0.020000000000000007,1.23,0.0,0.1,0.25,-0.03735048100539598,0.00010336650801327942,-1.8534181274764457e-204,3.9702797916070924e-05,-0.250039368841975
1770707635.9644332,1.2044322564339636,0.0,0.020000000000000007,1.23,0.0,0.1,0.25,-0.03735048100539598,0.00010336650801327942,-1.4238831827095704e-204,2.7262844533995875e-05,-0.25003929582707785
1770707636.3772962,1.2044322564339636,0.0,0.020000000000000007,1.23,0.0,0.1,0.25,-0.03735048100539598,0.00010336650801327942,-9.626520162405522e-205,2.0253088146921742e-05,-0.25004225768557187
1770707636.7939653,1.2044322564339636,0.0,0.020000000000000007,1.23,0.0,0.1,0.25,-0.03735048100539598,0.00010336650801327942,-7.4642797022812136e-205,-9.33012484364194e-05,-0.25010968931188315
1770707637.207083,1.2044322564339636,0.0,0.020000000000000007,1.23,0.0,0.1,0.25,-0.03735048100539598,0.00010336650801327942,-5.791086571633855e-205,5.226787963553861e-05,-0.2500401062269961
1770707637.6268375,1.2044322564339636,0.0,0.020000000000000007,1.23,0.0,0.1,0.25,-0.03735048100539598,0.00010336650801327942,-4.880214577971635e-205,7.770782720054693e-05,-0.2500153733351629
1770707638.0348308,1.2044322564339636,0.0,0.020000000000000007,1.23,0.0,0.1,0.25,-0.03735048100539598,0.00010336650801327942,-3.846204737673002e-205,0.00012376937143029204,-0.2500148075861315
1770707638.4458082,1.2044322564339636,0.0,0.020000000000000007,1.23,0.0,0.1,0.25,-0.03735048100539598,0.00010336650801327942,-2.999669669749188e-205,8.236029219714876e-05,-0.2500146440158314
1770707638.8629365,1.2044322564339636,0.0,0.020000000000000007,1.23,0.0,0.1,0.25,-0.03735048100539598,0.00010336650801327942,-2.3232297570266632e-205,0.00018911099514494286,-0.2500535473138606
1770707639.2758985,1.2044322564339636,0.0,0.020000000000000007,1.23,0.0,0.1,0.25,-0.03735048100539598,0.00010336650801327942,-1.5394796783013786e-205,6.71136168357295e-05,-0.2500303261834197
1770707639.700507,1.2044322564339636,0.0,0.020000000000000007,1.23,0.0,0.1,0.25,-0.03735048100539598,0.00010336650801327942,-1.1910405596730461e-205,-2.884858347914421e-05,-0.2500757037657777
1770707640.111716,1.2044322564339636,0.0,0.020000000000000007,1.23,0.0,0.1,0.25,-0.03735048100539598,0.00010336650801327942,-9.281751496016487e-206,-9.995997699240763e-05,-0.25010877438185414
1770707640.5323632,1.2044322564339636,0.0,0.020000000000000007,1.23,0.0,0.1,0.25,-0.03735048100539598,0.00010336650801327942,-7.893840556096426e-206,-0.00013595631433488376,-0.25012326104490834
1770707640.9718776,1.2044322564339636,0.0,0.020000000000000007,1.23,0.0,0.1,0.25,-0.03735048100539598,0.00010336650801327942,-5.242670003037933e-206,-0.0001222797605112832,-0.25011419078964464
1770707641.3914902,1.2044322564339636,0.0,0.020000000000000007,1.23,0.0,0.1,0.25,-0.03735048100539598,0.00010336650801327942,-4.0684924565445246e-206,-0.0001789700917518932,-0.25014683733300663
1770707641.8078332,1.2044322564339636,0.0,0.020000000000000007,1.23,0.0,0.1,0.25,-0.03735048100539598,0.00010336650801327942,-3.165039207285115e-206,-0.00011672435834033705,-0.250116270006518
1770707642.2282553,1.2044322564339636,0.0,0.020000000000000007,1.23,0.0,0.1,0.25,-0.03735048100539598,0.00010336650801327942,-2.675844446881901e-206,-6.873454323518678e-05,-0.2500908495071347
1770707642.6547499,1.2044322564339636,0.0,0.020000000000000007,1.23,0.0,0.1,0.25,-0.03735048100539598,0.00010336650801327942,-2.0695176536498674e-206,-2.6626296574237362e-05,-0.25006920722695986
1770707643.0662768,1.2044322564339636,0.0,0.020000000000000007,1.23,0.0,0.1,0.25,-0.03735048100539598,0.00010336650801327942,-1.6045822709034348e-206,4.258683079791289e-05,-0.2500373111513449
1770707643.481358,1.2044322564339636,0.0,0.020000000000000007,1.23,0.0,0.1,0.25,-0.03735048100539598,0.00010336650801327942,-1.062049657120445e-206,0.00015340286311905582,-0.250036099780785
1770707643.8987923,1.2044322564339636,0.0,0.020000000000000007,1.23,0.0,0.1,0.25,-0.03735048100539598,0.00010336650801327942,-8.314010650435357e-207,0.00018685199330198675,-0.25004508765566263
1770707644.3128371,1.2044322564339636,0.0,0.020000000000000007,1.23,0.0,0.1,0.25,-0.03735048100539598,0.00010336650801327942,-6.440976124220744e-207,0.00019022672948849082,-0.25004376758435626
1770707644.727727,1.2044322564339636,0.0,0.020000000000000007,1.23,0.0,0.1,0.25,-0.03735048100539598,0.00010336650801327942,-5.1517496156975956e-207,0.0002179868894576757,-0.2500600862067191
1770707645.1456115,1.2044322564339636,0.0,0.020000000000000007,1.23,0.0,0.1,0.25,-0.03735048100539598,0.00010336650801327942,-4.2354629298020656e-207,9.454489966585789e-05,-0.2500167550031529
1770707645.5764904,1.2044322564339636,0.0,0.020000000000000007,1.23,0.0,0.1,0.25,-0.03735048100539598,0.00010336650801327942,-2.8374802528758645e-207,-1.5347318020837773e-06,-0.25006205858305447
1770707645.9954085,1.2044322564339636,0.0,0.020000000000000007,1.23,0.0,0.1,0.25,-0.03735048100539598,0.00010336650801327942,-2.1832002054162973e-207,-3.895647735900581e-05,-0.25007490366724183
1770707646.405542,1.2044322564339636,0.0,0.020000000000000007,1.23,0.0,0.1,0.25,-0.03735048100539598,0.00010336650801327942,-1.7127964879849834e-207,-5.343681978284556e-05,-0.25007984969814046
1770707646.8194678,1.2044322564339636,0.0,0.020000000000000007,1.23,0.0,0.1,0.25,-0.03735048100539598,0.00010336650801327942,-1.3235243890059226e-207,-8.890998661484004e-05,-0.25009968556399725
1770707647.2338266,1.2044322564339636,0.0,0.020000000000000007,1.23,0.0,0.1,0.25,-0.03735048100539598,0.00010336650801327942,-1.109088957194416e-207,2.315778270217569e-05,-0.2500513111395873
1770707647.6615877,1.2044322564339636,0.0,0.020000000000000007,1.23,0.0,0.1,0.25,-0.03735048100539598,0.00010336650801327942,-8.131687376455285e-208,2.5825931135904916e-06,-0.2500524494764087
1770707648.0766473,1.2044322564339636,0.0,0.020000000000000007,1.23,0.0,0.1,0.25,-0.03735048100539598,0.00010336650801327942,-5.8140087296880685e-208,6.356214121969966e-05,-0.2500260001382074
1770707648.500376,1.2044322564339636,0.0,0.020000000000000007,1.23,0.0,0.1,0.25,-0.03735048100539598,0.00010336650801327942,-4.494279729310559e-208,6.710819859210219e-05,-0.25001848376044783
1770707648.9276984,1.2044322564339636,0.0,0.020000000000000007,1.23,0.0,0.1,0.25,-0.03735048100539598,0.00010336650801327942,-3.7776048485114196e-208,0.00027604441187563947,-0.2501072325732595
1770707649.3510451,1.2044322564339636,0.0,0.020000000000000007,1.23,0.0,0.1,0.25,-0.03735048100539598,0.00010336650801327942,-2.930139227944915e-208,0.00022900849894405654,-0.25006752458675857
1770707649.7704825,1.2044322564339636,0.0,0.020000000000000007,1.23,0.0,0.1,0.25,-0.03735048100539598,0.00010336650801327942,-2.278749024448129e-208,0.0001222940632639897,-0.2500201352211934
1770707650.1815667,1.2044322564339636,0.0,0.020000000000000007,1.23,0.0,0.1,0.25,-0.03735048100539598,0.00010336650801327942,-1.537039616481266e-208,0.00020676665183326612,-0.25006014733076687
1770707650.602492,1.2044322564339636,0.0,0.020000000000000007,1.23,0.0,0.1,0.25,-0.03735048100539598,0.00010336650801327942,-1.1876882898314205e-208,8.536677765726303e-05,-0.2500211398525956
1770707651.017655,1.2044322564339636,0.0,0.020000000000000007,1.23,0.0,0.1,0.25,-0.03735048100539598,0.00010336650801327942,-9.259762512320339e-209,5.481670938726667e-05,-0.25002732990614
1770707651.4304602,1.2044322564339636,0.0,0.020000000000000007,1.23,0.0,0.1,0.25,-0.03735048100539598,0.00010336650801327942,-7.374395829598935e-209,3.384160417514403e-05,-0.2500368599624403
1770707651.8576062,1.2044322564339636,0.0,0.020000000000000007,1.23,0.0,0.1,0.25,-0.03735048100539598,0.00010336650801327942,-6.069981080966347e-209,9.992985276265674e-07,-0.25005446783530755
1770707652.2703035,1.2044322564339636,0.0,0.020000000000000007,1.23,0.0,0.1,0.25,-0.03735048100539598,0.00010336650801327942,-4.7133229596597335e-209,-4.225763043585723e-05,-0.25007713776212087
1770707652.6809425,1.2044322564339636,0.0,0.020000000000000007,1.23,0.0,0.1,0.25,-0.03735048100539598,0.00010336650801327942,-3.157835625310888e-209,2.5304200945214123e-05,-0.25004578733667215
1770707653.0975246,1.2044322564339636,0.0,0.020000000000000007,1.23,0.0,0.1,0.25,-0.03735048100539598,0.00010336650801327942,-2.4477000655038536e-209,0.00014375032096659014,-0.25003203651847883
1770707653.5133002,1.2044322564339636,0.0,0.020000000000000007,1.23,0.0,0.1,0.25,-0.03735048100539598,0.00010336650801327942,-1.8981119010301037e-209,0.00016726078470030497,-0.2500342981847169
1770707653.9310899,1.2044322564339636,0.0,0.020000000000000007,1.23,0.0,0.1,0.25,-0.03735048100539598,0.00010336650801327942,-1.6151832131257544e-209,0.0002575664729914989,-0.25008613055131823
1770707654.343162,1.2044322564339636,0.0,0.020000000000000007,1.23,0.0,0.1,0.25,-0.03735048100539598,0.00010336650801327942,-1.2533264694837277e-209,0.0002007579610676613,-0.2500543765777196
1770707654.7632692,1.2044322564339636,0.0,0.020000000000000007,1.23,0.0,0.1,0.25,-0.03735048100539598,0.00010336650801327942,-9.767329000030832e-210,0.00023628803921938474,-0.25007001377341825
1770707655.187544,1.2044322564339636,0.0,0.020000000000000007,1.23,0.0,0.1,0.25,-0.03735048100539598,0.00010336650801327942,-6.493043475746499e-210,0.00018328165778259945,-0.25004525821302837
1770707655.599047,1.2044322564339636,0.0,0.020000000000000007,1.23,0.0,0.1,0.25,-0.03735048100539598,0.00010336650801327942,-5.034714824604885e-210,0.00010699555653959471,-0.2500094431343875
1770707656.014198,1.2044322564339636,0.0,0.020000000000000007,1.23,0.0,0.1,0.25,-0.03735048100539598,0.00010336650801327942,-4.705080506315583e-210,6.0632194610536783e-05,-0.2500260034928943
1770707656.4471881,1.2044322564339636,0.0,0.020000000000000007,1.23,0.0,0.1,0.25,-0.03735048100539598,0.00010336650801327942,-3.1530086436720366e-210,-2.451759576938323e-05,-0.2500724570309293
1770707656.8599043,1.2044322564339636,0.0,0.020000000000000007,1.23,0.0,0.1,0.25,-0.03735048100539598,0.00010336650801327942,-2.5851620414987564e-210,-7.180513340408023e-05,-0.2500923145744721
1770707657.2778666,1.2044322564339636,0.0,0.020000000000000007,1.23,0.0,0.1,0.25,-0.03735048100539598,0.00010336650801327942,-1.7115284511286818e-210,-9.744861856067301e-05,-0.25010297191180264
1770707657.6929998,1.2044322564339636,0.0,0.020000000000000007,1.23,0.0,0.1,0.25,-0.03735048100539598,0.00010336650801327942,-1.3363114823090529e-210,-5.801416948499132e-05,-0.2500846337836567
1770707658.108795,1.2044322564339636,0.0,0.020000000000000007,1.23,0.0,0.1,0.25,-0.03735048100539598,0.00010336650801327942,-1.0403181758089982e-210,-0.00010142237584233232,-0.25010673526256355
1770707658.5145228,1.2044322564339636,0.0,0.020000000000000007,1.23,0.0,0.1,0.25,-0.03735048100539598,0.00010336650801327942,-8.129745931719763e-211,0.00010512176979576463,-0.2500215320454551
1770707658.9455974,1.2044322564339636,0.0,0.020000000000000007,1.23,0.0,0.1,0.25,-0.03735048100539598,0.00010336650801327942,-6.385366700095091e-211,0.00015538803892200365,-0.250031037392367
1770707659.365735,1.2044322564339636,0.0,0.020000000000000007,1.23,0.0,0.1,0.25,-0.03735048100539598,0.00010336650801327942,-5.4533463099817575e-211,0.00014664684285579477,-0.2500225142870279
1770707659.7832663,1.2044322564339636,0.0,0.020000000000000007,1.23,0.0,0.1,0.25,-0.03735048100539598,0.00010336650801327942,-3.650739404546653e-211,0.00011515185883307854,-0.25000904217381215
1770707660.1943545,1.2044322564339636,0.0,0.020000000000000007,1.23,0.0,0.1,0.25,-0.03735048100539598,0.00010336650801327942,-2.8327600451404314e-211,0.0001049195016140211,-0.2500017997325223
1770707660.605036,1.2044322564339636,0.0,0.020000000000000007,1.23,0.0,0.1,0.25,-0.03735048100539598,0.00010336650801327942,-2.196860377197394e-211,7.02752411249836e-05,-0.2500200100594931
1770707661.0184164,1.2044322564339636,0.0,0.020000000000000007,1.23,0.0,0.1,0.25,-0.03735048100539598,0.00010336650801327942,-1.6919930316047544e-211,6.171379777660203e-05,-0.25002168249945317
1770707661.4412642,1.2044322564339636,0.0,0.020000000000000007,1.23,0.0,0.1,0.25,-0.03735048100539598,0.00010336650801327942,-1.4405830313069684e-211,-7.08436808165505e-06,-0.2500621052546333
1770707661.8621256,1.2044322564339636,0.0,0.020000000000000007,1.23,0.0,0.1,0.25,-0.03735048100539598,0.00010336650801327942,-1.1180289424733522e-211,-5.5684443757765484e-06,-0.25005461906856513
1770707662.2915614,1.2044322564339636,0.0,0.020000000000000007,1.23,0.0,0.1,0.25,-0.03735048100539598,0.00010336650801327942,-7.452450802645837e-212,-0.0001072835535146499,-0.25011549654167786
1770707662.7029922,1.2044322564339636,0.0,0.020000000000000007,1.23,0.0,0.1,0.25,-0.03735048100539598,0.00010336650801327942,-5.789121960684352e-212,-0.00017718224824386113,-0.2501472642476015
1770707663.1154954,1.2044322564339636,0.0,0.020000000000000007,1.23,0.0,0.1,0.25,-0.03735048100539598,0.00010336650801327942,-4.489078210098926e-212,-0.00012795884052699619,-0.25012058501504186
1770707663.54355,1.2044322564339636,0.0,0.020000000000000007,1.23,0.0,0.1,0.25,-0.03735048100539598,0.00010336650801327942,-3.8008167031375796e-212,1.0148558306590604e-05,-0.25006041971473675
1770707663.962319,1.2044322564339636,0.0,0.020000000000000007,1.23,0.0,0.1,0.25,-0.03735048100539598,0.00010336650801327942,-2.94130168942914e-212,-5.559507235899373e-06,-0.25005603381417885
1770707664.3948574,1.2044322564339636,0.0,0.020000000000000007,1.23,0.0,0.1,0.25,-0.03735048100539598,0.00010336650801327942,-1.9640919216931964e-212,0.00011301854940436298,-0.25001668382635955
1770707664.830911,1.2044322564339636,0.0,0.020000000000000007,1.23,0.0,0.1,0.25,-0.03735048100539598,0.00010336650801327942,-1.6630955473609992e-212,0.00014607176989070252,-0.25002465795298734
1770707665.2399411,1.2044322564339636,0.0,0.020000000000000007,1.23,0.0,0.1,0.25,-0.03735048100539598,0.00010336650801327942,-1.2212534340557824e-212,0.00021763506524361415,-0.25006429060815044
1770707665.6567347,1.2044322564339636,0.0,0.020000000000000007,1.23,0.0,0.1,0.25,-0.03735048100539598,0.00010336650801327942,-1.0068979048279887e-212,0.00027024353931990816,-0.25008869936306094
1770707666.072621,1.2044322564339636,0.0,0.020000000000000007,1.23,0.0,0.1,0.25,-0.03735048100539598,0.00010336650801327942,-6.482596591550086e-213,0.00024012668499577794,-0.2500713917739237
1770707666.4856067,1.2044322564339636,0.0,0.020000000000000007,1.23,0.0,0.1,0.25,-0.03735048100539598,0.00010336650801327942,-5.216320507365738e-213,0.00011784754685713225,-0.2500194684332358
1770707666.9094698,1.2044322564339636,0.0,0.020000000000000007,1.23,0.0,0.1,0.25,-0.03735048100539598,0.00010336650801327942,-4.830740349293917e-213,7.979232338138458e-05,-0.25001559261466355
1770707667.3388085,1.2044322564339636,0.0,0.020000000000000007,1.23,0.0,0.1,0.25,-0.03735048100539598,0.00010336650801327942,-3.242788778726949e-213,2.3603570011258914e-05,-0.25004550034433803
1770707667.769144,1.2044322564339636,0.0,0.020000000000000007,1.23,0.0,0.1,0.25,-0.03735048100539598,0.00010336650801327942,-2.659102748472841e-213,-1.7261981512025006e-05,-0.250064400799915
1770707668.1997836,1.2044322564339636,0.0,0.020000000000000007,1.23,0.0,0.1,0.25,-0.03735048100539598,0.00010336650801327942,-1.7148525584079668e-213,-3.0379032930115803e-05,-0.25006818447561346
1770707668.6238368,1.2044322564339636,0.0,0.020000000000000007,1.23,0.0,0.1,0.25,-0.03735048100539598,0.00010336650801327942,-1.4263900331240316e-213,-5.833456413423263e-05,-0.2500836460891942
1770707669.0464022,1.2044322564339636,0.0,0.020000000000000007,1.23,0.0,0.1,0.25,-0.03735048100539598,0.00010336650801327942,-1.1717578411015796e-213,-4.461277343670404e-06,-0.2500593012213575
1770707669.459976,1.2044322564339636,0.0,0.020000000000000007,1.23,0.0,0.1,0.25,-0.03735048100539598,0.00010336650801327942,-9.095207793413989e-214,0.0001015929289133573,-0.25001149221017566
1770707669.8759515,1.2044322564339636,0.0,0.020000000000000007,1.23,0.0,0.1,0.25,-0.03735048100539598,0.00010336650801327942,-6.044431441484821e-214,4.973289497955497e-05,-0.2500320028099102
1770707670.3348615,1.2044322564339636,0.0,0.020000000000000007,1.23,0.0,0.1,0.25,-0.03735048100539598,0.00010336650801327942,-4.533746427356103e-214,0.00014568482334117896,-0.2500307543505001
1770707670.7776897,1.2044322564339636,0.0,0.020000000000000007,1.23,0.0,0.1,0.25,-0.03735048100539598,0.00010336650801327942,-3.979095551079029e-214,0.00028835842403495283,-0.25010676331808024
1770707671.1981552,1.2044322564339636,0.0,0.020000000000000007,1.23,0.0,0.1,0.25,-0.03735048100539598,0.00010336650801327942,-2.5687045969796776e-214,0.0002722366270393912,-0.2500860472392126
1770707671.622929,1.2044322564339636,0.0,0.020000000000000007,1.23,0.0,0.1,0.25,-0.03735048100539598,0.00010336650801327942,-2.1257725150946093e-214,0.00024115176350215977,-0.25007200111409816
1770707672.0422568,1.2044322564339636,0.0,0.020000000000000007,1.23,0.0,0.1,0.25,-0.03735048100539598,0.00010336650801327942,-1.6471826075014137e-214,0.00022120248167068976,-0.25006091291501187
1770707672.4655626,1.2044322564339636,0.0,0.020000000000000007,1.23,0.0,0.1,0.25,-0.03735048100539598,0.00010336650801327942,-1.2734024110086257e-214,0.00011557657562405693,-0.25001666762441005
1770707672.8860905,1.2044322564339636,0.0,0.020000000000000007,1.23,0.0,0.1,0.25,-0.03735048100539598,0.00010336650801327942,-8.913090915574498e-215,4.5105061696902615e-05,-0.2500361778745509
1770707673.305601,1.2044322564339636,0.0,0.020000000000000007,1.23,0.0,0.1,0.25,-0.03735048100539598,0.00010336650801327942,-6.778608834219931e-215,-9.195645068751041e-05,-0.2501113676305889
1770707673.7215405,1.2044322564339636,0.0,0.020000000000000007,1.23,0.0,0.1,0.25,-0.03735048100539598,0.00010336650801327942,-5.892630276524393e-215,-4.10873515359494e-05,-0.25007731383968973
1770707674.1367683,1.2044322564339636,0.0,0.020000000000000007,1.23,0.0,0.1,0.25,-0.03735048100539598,0.00010336650801327942,-4.560156996629185e-215,-1.104594301358921e-05,-0.25006021036636567
1770707674.5523975,1.2044322564339636,0.0,0.020000000000000007,1.23,0.0,0.1,0.25,-0.03735048100539598,0.00010336650801327942,-3.3691011719406047e-215,7.466674144723796e-05,-0.2500229211517291
1770707674.9643545,1.2044322564339636,0.0,0.020000000000000007,1.23,0.0,0.1,0.25,-0.03735048100539598,0.00010336650801327942,-2.6316087540341437e-215,0.00014351014780087079,-0.2500269561605291
1770707675.3806272,1.2044322564339636,0.0,0.020000000000000007,1.23,0.0,0.1,0.25,-0.03735048100539598,0.00010336650801327942,-1.793886687635383e-215,0.00012037139869476172,-0.25001081632025135
1770707675.7940655,1.2044322564339636,0.0,0.020000000000000007,1.23,0.0,0.1,0.25,-0.03735048100539598,0.00010336650801327942,-1.3922678959325889e-215,0.00018490488486696673,-0.25004722253704403
1770707676.2120845,1.2044322564339636,0.0,0.020000000000000007,1.23,0.0,0.1,0.25,-0.03735048100539598,0.00010336650801327942,-1.07566890196206e-215,9.375445679944641e-05,-0.2500139210684137
1770707676.6411963,1.2044322564339636,0.0,0.020000000000000007,1.23,0.0,0.1,0.25,-0.03735048100539598,0.00010336650801327942,-9.085090077936786e-216,0.00021499670863495024,-0.25006793932549437
1770707677.05133,1.2044322564339636,0.0,0.020000000000000007,1.23,0.0,0.1,0.25,-0.03735048100539598,0.00010336650801327942,-7.011578687080086e-216,0.00010838258175590157,-0.2500131694495592
1770707677.4674714,1.2044322564339636,0.0,0.020000000000000007,1.23,0.0,0.1,0.25,-0.03735048100539598,0.00010336650801327942,-5.457184277671008e-216,4.600197839310515e-06,-0.25005976139347863
1770707677.8868577,1.2044322564339636,0.0,0.020000000000000007,1.23,0.0,0.1,0.25,-0.03735048100539598,0.00010336650801327942,-3.6824117118092894e-216,-4.849274157556694e-05,-0.2500812389187359
1770707678.3084102,1.2044322564339636,0.0,0.020000000000000007,1.23,0.0,0.1,0.25,-0.03735048100539598,0.00010336650801327942,-2.8568000443814684e-216,-2.9313520390568353e-05,-0.2500682579363204
1770707678.732006,1.2044322564339636,0.0,0.020000000000000007,1.23,0.0,0.1,0.25,-0.03735048100539598,0.00010336650801327942,-2.420382647876032e-216,-6.364925700656718e-05,-0.25008694145617155
1770707679.1643455,1.2044322564339636,0.0,0.020000000000000007,1.23,0.0,0.1,0.25,-0.03735048100539598,0.00010336650801327942,-1.8767374995500022e-216,-7.153188826166095e-05,-0.25008823746126296
1770707679.5798101,1.2044322564339636,0.0,0.020000000000000007,1.23,0.0,0.1,0.25,-0.03735048100539598,0.00010336650801327942,-1.2493018364095919e-216,0.00012424608009292527,-0.2500300175828753
1770707679.996619,1.2044322564339636,0.0,0.020000000000000007,1.23,0.0,0.1,0.25,-0.03735048100539598,0.00010336650801327942,-9.732731170188776e-217,0.00011022665346200166,-0.2500048320153874
1770707680.4111652,1.2044322564339636,0.0,0.020000000000000007,1.23,0.0,0.1,0.25,-0.03735048100539598,0.00010336650801327942,-7.55402541902988e-217,5.90475540987055e-05,-0.2500272773868936
1770707680.826851,1.2044322564339636,0.0,0.020000000000000007,1.23,0.0,0.1,0.25,-0.03735048100539598,0.00010336650801327942,-6.385956325508719e-217,3.822810484730109e-05,-0.25003465114650814
1770707681.2375472,1.2044322564339636,0.0,0.020000000000000007,1.23,0.0,0.1,0.25,-0.03735048100539598,0.00010336650801327942,-4.955664916459056e-217,0.00014918947543738785,-0.25003400762077105
1770707681.658131,1.2044322564339636,0.0,0.020000000000000007,1.23,0.0,0.1,0.25,-0.03735048100539598,0.00010336650801327942,-3.8489862698587044e-217,0.0001532241805047003,-0.25002533230675245
1770707682.0804932,1.2044322564339636,0.0,0.020000000000000007,1.23,0.0,0.1,0.25,-0.03735048100539598,0.00010336650801327942,-3.2349632478360046e-217,9.018338601127671e-05,-0.25001289564045037
1770707682.4989905,1.2044322564339636,0.0,0.020000000000000007,1.23,0.0,0.1,0.25,-0.03735048100539598,0.00010336650801327942,-1.996629479276173e-217,0.00017698230721871952,-0.2500454877917234
1770707682.9315927,1.2044322564339636,0.0,0.020000000000000007,1.23,0.0,0.1,0.25,-0.03735048100539598,0.00010336650801327942,-1.6813479976058738e-217,0.00011254195304892935,-0.2500110317579348
1770707683.3541021,1.2044322564339636,0.0,0.020000000000000007,1.23,0.0,0.1,0.25,-0.03735048100539598,0.00010336650801327942,-1.3051074877111416e-217,4.6760172598943296e-05,-0.2500348813457522
1770707683.7785957,1.2044322564339636,0.0,0.020000000000000007,1.23,0.0,0.1,0.25,-0.03735048100539598,0.00010336650801327942,-8.83554852889252e-218,1.7278481663872676e-05,-0.2500459921822682
1770707684.2041483,1.2044322564339636,0.0,0.020000000000000007,1.23,0.0,0.1,0.25,-0.03735048100539598,0.00010336650801327942,-6.805954726406623e-218,9.54011476600122e-06,-0.2500476870333134
1770707684.62832,1.2044322564339636,0.0,0.020000000000000007,1.23,0.0,0.1,0.25,-0.03735048100539598,0.00010336650801327942,-5.751641659290405e-218,-8.252186549128266e-05,-0.250102150384778
1770707685.0411968,1.2044322564339636,0.0,0.020000000000000007,1.23,0.0,0.1,0.25,-0.03735048100539598,0.00010336650801327942,-4.4739847959899717e-218,1.1082373590252809e-07,-0.2500598911110614
1770707685.460308,1.2044322564339636,0.0,0.020000000000000007,1.23,0.0,0.1,0.25,-0.03735048100539598,0.00010336650801327942,-3.4737482854924037e-218,-2.3677796045098563e-05,-0.25006590101400733
1770707685.8975656,1.2044322564339636,0.0,0.020000000000000007,1.23,0.0,0.1,0.25,-0.03735048100539598,0.00010336650801327942,-2.31553762802555e-218,0.00016080873002756503,-0.2500471697636144
1770707686.310838,1.2044322564339636,0.0,0.020000000000000007,1.23,0.0,0.1,0.25,-0.03735048100539598,0.00010336650801327942,-1.7987069784761833e-218,6.616054996473993e-05,-0.2500280677970306
1770707686.7457457,1.2044322564339636,0.0,0.020000000000000007,1.23,0.0,0.1,0.25,-0.03735048100539598,0.00010336650801327942,-1.5207390704270323e-218,9.92676734574924e-05,-0.25000536012962715
1770707687.1608791,1.2044322564339636,0.0,0.020000000000000007,1.23,0.0,0.1,0.25,-0.03735048100539598,0.00010336650801327942,-1.1813884222984724e-218,4.21283286359108e-06,-0.2500590823216342
1770707687.5716176,1.2044322564339636,0.0,0.020000000000000007,1.23,0.0,0.1,0.25,-0.03735048100539598,0.00010336650801327942,-7.922154249983616e-219,-8.522028113519032e-05,-0.2501032367059741
1770707687.98609,1.2044322564339636,0.0,0.020000000000000007,1.23,0.0,0.1,0.25,-0.03735048100539598,0.00010336650801327942,-6.128134668454402e-219,-0.0001267223823631478,-0.250119194655311
1770707688.3998108,1.2044322564339636,0.0,0.020000000000000007,1.23,0.0,0.1,0.25,-0.03735048100539598,0.00010336650801327942,-4.751667465655962e-219,-0.00016840623943784123,-0.2501400547594331
1770707688.8127978,1.2044322564339636,0.0,0.020000000000000007,1.23,0.0,0.1,0.25,-0.03735048100539598,0.00010336650801327942,-3.673408553946257e-219,-0.0002078644365314026,-0.2501595612919817
1770707689.23681,1.2044322564339636,0.0,0.020000000000000007,1.23,0.0,0.1,0.25,-0.03735048100539598,0.00010336650801327942,-3.1322271520195435e-219,-0.00026356496725030544,-0.2501890357907037
1770707689.6576054,1.2044322564339636,0.0,0.020000000000000007,1.23,0.0,0.1,0.25,-0.03735048100539598,0.00010336650801327942,-2.1679413086452404e-219,-0.00013874689557410942,-0.2501335385089613
1770707690.0698154,1.2044322564339636,0.0,0.020000000000000007,1.23,0.0,0.1,0.25,-0.03735048100539598,0.00010336650801327942,-1.6205385757933873e-219,-0.00016473917705172878,-0.25013665207068025
1770707690.4889662,1.2044322564339636,0.0,0.020000000000000007,1.23,0.0,0.1,0.25,-0.03735048100539598,0.00010336650801327942,-1.2618432512259067e-219,-9.269875688104399e-05,-0.25010523667446427
1770707690.8961687,1.2044322564339636,0.0,0.020000000000000007,1.23,0.0,0.1,0.25,-0.03735048100539598,0.00010336650801327942,-9.76148077952107e-220,-2.165762382050651e-05,-0.25006961617922296
1770707691.3077278,1.2044322564339636,0.0,0.020000000000000007,1.23,0.0,0.1,0.25,-0.03735048100539598,0.00010336650801327942,-7.53936378865466e-220,2.2004831102952736e-05,-0.2500450470839475
1770707691.7240617,1.2044322564339636,0.0,0.020000000000000007,1.23,0.0,0.1,0.25,-0.03735048100539598,0.00010336650801327942,-6.0590664667814886e-220,0.00011804330099519248,-0.2500169422434802
1770707692.1432495,1.2044322564339636,0.0,0.020000000000000007,1.23,0.0,0.1,0.25,-0.03735048100539598,0.00010336650801327942,-4.696610071931525e-220,9.08087311015568e-05,-0.2500090023454452
1770707692.5576272,1.2044322564339636,0.0,0.020000000000000007,1.23,0.0,0.1,0.25,-0.03735048100539598,0.00010336650801327942,-3.8579760810337804e-220,0.00022570803415795023,-0.25007466069337797
1770707692.9708893,1.2044322564339636,0.0,0.020000000000000007,1.23,0.0,0.1,0.25,-0.03735048100539598,0.00010336650801327942,-2.580242246269966e-220,0.00021450281604596693,-0.25005668867582753
1770707693.3844786,1.2044322564339636,0.0,0.020000000000000007,1.23,0.0,0.1,0.25,-0.03735048100539598,0.00010336650801327942,-2.0027602172589568e-220,0.00020492010590763643,-0.250051735069961
1770707693.7964177,1.2044322564339636,0.0,0.020000000000000007,1.23,0.0,0.1,0.25,-0.03735048100539598,0.00010336650801327942,-1.5550688279168974e-220,2.2922298156492573e-05,-0.2500584218857035
1770707694.2084658,1.2044322564339636,0.0,0.020000000000000007,1.23,0.0,0.1,0.25,-0.03735048100539598,0.00010336650801327942,-1.2046907794066475e-220,4.699906864673958e-05,-0.2500305913967323
1770707694.6225202,1.2044322564339636,0.0,0.020000000000000007,1.23,0.0,0.1,0.25,-0.03735048100539598,0.00010336650801327942,-1.0248166712946579e-220,1.4992397262852068e-05,-0.2500473877225136
1770707695.0325818,1.2044322564339636,0.0,0.020000000000000007,1.23,0.0,0.1,0.25,-0.03735048100539598,0.00010336650801327942,-7.97430395815962e-221,-3.437825360604248e-06,-0.2500552451889493
1770707695.4541404,1.2044322564339636,0.0,0.020000000000000007,1.23,0.0,0.1,0.25,-0.03735048100539598,0.00010336650801327942,-6.192000768821267e-221,0.00015002850477077663,-0.25003867763139187
1770707695.867061,1.2044322564339636,0.0,0.020000000000000007,1.23,0.0,0.1,0.25,-0.03735048100539598,0.00010336650801327942,-4.542420529141411e-221,0.00018406752442950806,-0.25004375441017396
1770707696.2954664,1.2044322564339636,0.0,0.020000000000000007,1.23,0.0,0.1,0.25,-0.03735048100539598,0.00010336650801327942,-3.2140474717271427e-221,0.00016847039720809646,-0.25003411165731954
1770707696.7056227,1.2044322564339636,0.0,0.020000000000000007,1.23,0.0,0.1,0.25,-0.03735048100539598,0.00010336650801327942,-2.4766588006844906e-221,0.000260819054615708,-0.25008796113904197
1770707697.1364698,1.2044322564339636,0.0,0.020000000000000007,1.23,0.0,0.1,0.25,-0.03735048100539598,0.00010336650801327942,-1.9840214582936556e-221,0.0003212736202248725,-0.2501149990126667
1770707697.5592196,1.2044322564339636,0.0,0.020000000000000007,1.23,0.0,0.1,0.25,-0.03735048100539598,0.00010336650801327942,-1.6389466384863517e-221,9.96545842343285e-05,-0.2500240178654885
1770707697.9808311,1.2044322564339636,0.0,0.020000000000000007,1.23,0.0,0.1,0.25,-0.03735048100539598,0.00010336650801327942,-1.0886364931864305e-221,0.0001775010689470018,-0.25004485192893816
1770707698.4081912,1.2044322564339636,0.0,0.020000000000000007,1.23,0.0,0.1,0.25,-0.03735048100539598,0.00010336650801327942,-8.43688592497852e-222,4.792745296129093e-05,-0.25004067688912457
1770707698.82154,1.2044322564339636,0.0,0.020000000000000007,1.23,0.0,0.1,0.25,-0.03735048100539598,0.00010336650801327942,-7.197047238373645e-222,2.0339463947877562e-05,-0.250044272320934
1770707699.2387502,1.2044322564339636,0.0,0.020000000000000007,1.23,0.0,0.1,0.25,-0.03735048100539598,0.00010336650801327942,-5.581956519831904e-222,1.756853437967739e-05,-0.2500431760797736
1770707699.651151,1.2044322564339636,0.0,0.020000000000000007,1.23,0.0,0.1,0.25,-0.03735048100539598,0.00010336650801327942,-4.343376079326939e-222,-4.179196203152018e-05,-0.2500785152846635
1770707700.0678165,1.2044322564339636,0.0,0.020000000000000007,1.23,0.0,0.1,0.25,-0.03735048100539598,0.00010336650801327942,-2.9991300281814534e-222,-2.4299635045809364e-05,-0.2500655823042281
1770707700.4875226,1.2044322564339636,0.0,0.020000000000000007,1.23,0.0,0.1,0.25,-0.03735048100539598,0.00010336650801327942,-2.2415225993280518e-222,-1.022228225151808e-05,-0.2500582021304118
1770707700.9170249,1.2044322564339636,0.0,0.020000000000000007,1.23,0.0,0.1,0.25,-0.03735048100539598,0.00010336650801327942,-1.7314071772599988e-222,3.1700055025374785e-05,-0.25004002546022164
1770707701.3581667,1.2044322564339636,0.0,0.020000000000000007,1.23,0.0,0.1,0.25,-0.03735048100539598,0.00010336650801327942,-1.4813347052141782e-222,0.00019907906540676102,-0.25006459417973487
1770707701.771083,1.2044322564339636,0.0,0.020000000000000007,1.23,0.0,0.1,0.25,-0.03735048100539598,0.00010336650801327942,-1.152211730669011e-222,0.0001993242691915571,-0.25004800340096767
1770707702.196115,1.2044322564339636,0.0,0.020000000000000007,1.23,0.0,0.1,0.25,-0.03735048100539598,0.00010336650801327942,-7.663682182761444e-223,0.00015207569331056258,-0.2500290794502368
1770707702.617423,1.2044322564339636,0.0,0.020000000000000007,1.23,0.0,0.1,0.25,-0.03735048100539598,0.00010336650801327942,-5.897635469212432e-223,0.0001603810720303268,-0.2500293378198805
1770707703.0323963,1.2044322564339636,0.0,0.020000000000000007,1.23,0.0,0.1,0.25,-0.03735048100539598,0.00010336650801327942,-5.059690827080832e-223,0.00013782357884663222,-0.2500194842847351
1770707703.4743972,1.2044322564339636,0.0,0.020000000000000007,1.23,0.0,0.1,0.25,-0.03735048100539598,0.00010336650801327942,-3.365567184215276e-223,4.125666206264336e-05,-0.25004071161465374
1770707703.888055,1.2044322564339636,0.0,0.020000000000000007,1.23,0.0,0.1,0.25,-0.03735048100539598,0.00010336650801327942,-2.5757686943535598e-223,-3.6012205852293443e-06,-0.25005796965256405
1770707704.301907,1.2044322564339636,0.0,0.020000000000000007,1.23,0.0,0.1,0.25,-0.03735048100539598,0.00010336650801327942,-2.0041763851345765e-223,-1.0034351300011648e-05,-0.25005734374272814
1770707704.7299209,1.2044322564339636,0.0,0.020000000000000007,1.23,0.0,0.1,0.25,-0.03735048100539598,0.00010336650801327942,-1.5567003087506095e-223,-1.924724260054704e-05,-0.25006222816443696
1770707705.1670945,1.2044322564339636,0.0,0.020000000000000007,1.23,0.0,0.1,0.25,-0.03735048100539598,0.00010336650801327942,-1.3450410299177612e-223,-0.00013179979649058187,-0.25012883840764094
1770707705.5828204,1.2044322564339636,0.0,0.020000000000000007,1.23,0.0,0.1,0.25,-0.03735048100539598,0.00010336650801327942,-8.966266811263851e-224,4.0002377113699766e-05,-0.2500488622828102
1770707705.996932,1.2044322564339636,0.0,0.020000000000000007,1.23,0.0,0.1,0.25,-0.03735048100539598,0.00010336650801327942,-6.966770042141269e-224,6.258380532734758e-05,-0.2500226494941643
1770707706.413375,1.2044322564339636,0.0,0.020000000000000007,1.23,0.0,0.1,0.25,-0.03735048100539598,0.00010336650801327942,-5.313065893309692e-224,0.00011673698424787419,-0.25001210055600936
1770707706.8325305,1.2044322564339636,0.0,0.020000000000000007,1.23,0.0,0.1,0.25,-0.03735048100539598,0.00010336650801327942,-4.590588362035243e-224,0.00019434003457620666,-0.25005324706831433
1770707707.2611382,1.2044322564339636,0.0,0.020000000000000007,1.23,0.0,0.1,0.25,-0.03735048100539598,0.00010336650801327942,-3.5754270050773905e-224,0.0002586344149915402,-0.25008406339153066
1770707707.6769135,1.2044322564339636,0.0,0.020000000000000007,1.23,0.0,0.1,0.25,-0.03735048100539598,0.00010336650801327942,-2.379707608942918e-224,0.0003038327385051058,-0.25010475294759726
1770707708.0975988,1.2044322564339636,0.0,0.020000000000000007,1.23,0.0,0.1,0.25,-0.03735048100539598,0.00010336650801327942,-1.819146094074715e-224,0.00022289734977517777,-0.2500678589597539
1770707708.50955,1.2044322564339636,0.0,0.020000000000000007,1.23,0.0,0.1,0.25,-0.03735048100539598,0.00010336650801327942,-1.4042958264992893e-224,0.00017283775231999703,-0.25003974158189884
1770707708.9284394,1.2044322564339636,0.0,0.020000000000000007,1.23,0.0,0.1,0.25,-0.03735048100539598,0.00010336650801327942,-1.2193312836882565e-224,0.0001707582556980526,-0.2500339038235046
1770707709.3593702,1.2044322564339636,0.0,0.020000000000000007,1.23,0.0,0.1,0.25,-0.03735048100539598,0.00010336650801327942,-9.468541025643812e-225,0.0001180843338565669,-0.2500126263051058
1770707709.784191,1.2044322564339636,0.0,0.020000000000000007,1.23,0.0,0.1,0.25,-0.03735048100539598,0.00010336650801327942,-6.307708894400372e-225,-4.69515008576282e-06,-0.2500663087774438
1770707710.205526,1.2044322564339636,0.0,0.020000000000000007,1.23,0.0,0.1,0.25,-0.03735048100539598,0.00010336650801327942,-4.716714070623065e-225,-4.0492883979805226e-05,-0.25007550946938595
1770707710.6327112,1.2044322564339636,0.0,0.020000000000000007,1.23,0.0,0.1,0.25,-0.03735048100539598,0.00010336650801327942,-3.932844567904504e-225,-7.977648727311382e-05,-0.2500954998579725
1770707711.043244,1.2044322564339636,0.0,0.020000000000000007,1.23,0.0,0.1,0.25,-0.03735048100539598,0.00010336650801327942,-3.2271235646630156e-225,-7.022084598350275e-05,-0.2500877492411273
1770707711.456746,1.2044322564339636,0.0,0.020000000000000007,1.23,0.0,0.1,0.25,-0.03735048100539598,0.00010336650801327942,-2.1794390293965247e-225,4.753418069432988e-05,-0.2500396916663273
1770707711.8761475,1.2044322564339636,0.0,0.020000000000000007,1.23,0.0,0.1,0.25,-0.03735048100539598,0.00010336650801327942,-1.6294715475583875e-225,7.819828081467094e-05,-0.2500156505236113
1770707712.289567,1.2044322564339636,0.0,0.020000000000000007,1.23,0.0,0.1,0.25,-0.03735048100539598,0.00010336650801327942,-1.2650831414282983e-225,0.00011606231564957351,-0.2500101343073016
1770707712.7035313,1.2044322564339636,0.0,0.020000000000000007,1.23,0.0,0.1,0.25,-0.03735048100539598,0.00010336650801327942,-9.817865126366286e-226,0.000152556146950526,-0.2500282442025987
1770707713.1178355,1.2044322564339636,0.0,0.020000000000000007,1.23,0.0,0.1,0.25,-0.03735048100539598,0.00010336650801327942,-7.547036922379989e-226,0.00017606830562359702,-0.25003870211467244
1770707713.5335364,1.2044322564339636,0.0,0.020000000000000007,1.23,0.0,0.1,0.25,-0.03735048100539598,0.00010336650801327942,-6.2753626134487175e-226,0.00011463692725377836,-0.25001177834745725
1770707713.953339,1.2044322564339636,0.0,0.020000000000000007,1.23,0.0,0.1,0.25,-0.03735048100539598,0.00010336650801327942,-4.9220989845291355e-226,1.3939281378683723e-05,-0.2500547833779048
1770707714.3654442,1.2044322564339636,0.0,0.020000000000000007,1.23,0.0,0.1,0.25,-0.03735048100539598,0.00010336650801327942,-3.853308262649077e-226,-6.546318484759558e-05,-0.2500923550930531
1770707714.7783787,1.2044322564339636,0.0,0.020000000000000007,1.23,0.0,0.1,0.25,-0.03735048100539598,0.00010336650801327942,-2.5980700734755596e-226,-0.00012307270889349783,-0.25011898056085796
1770707715.1926572,1.2044322564339636,0.0,0.020000000000000007,1.23,0.0,0.1,0.25,-0.03735048100539598,0.00010336650801327942,-2.0084363564908506e-226,-0.00019091141914699835,-0.2501539228346055
1770707715.6048539,1.2044322564339636,0.0,0.020000000000000007,1.23,0.0,0.1,0.25,-0.03735048100539598,0.00010336650801327942,-1.5638220878663904e-226,-0.00016753449534298034,-0.2501377881940585
1770707716.0251956,1.2044322564339636,0.0,0.020000000000000007,1.23,0.0,0.1,0.25,-0.03735048100539598,0.00010336650801327942,-1.2137541094480563e-226,-7.730897992218497e-05,-0.2500993602955098
1770707716.4393098,1.2044322564339636,0.0,0.020000000000000007,1.23,0.0,0.1,0.25,-0.03735048100539598,0.00010336650801327942,-1.0242253526447136e-226,-0.00011023102277258344,-0.25011009096967796
1770707716.846786,1.2044322564339636,0.0,0.020000000000000007,1.23,0.0,0.1,0.25,-0.03735048100539598,0.00010336650801327942,-7.956208073599631e-227,1.5101608331175411e-06,-0.25006210229195064
1770707717.2660692,1.2044322564339636,0.0,0.020000000000000007,1.23,0.0,0.1,0.25,-0.03735048100539598,0.00010336650801327942,-6.175636103388552e-227,-3.512358332701228e-05,-0.2500729084200861
1770707717.685177,1.2044322564339636,0.0,0.020000000000000007,1.23,0.0,0.1,0.25,-0.03735048100539598,0.00010336650801327942,-4.1457692015116515e-227,2.8485955695421546e-05,-0.25004380123006115
1770707718.1055615,1.2044322564339636,0.0,0.020000000000000007,1.23,0.0,0.1,0.25,-0.03735048100539598,0.00010336650801327942,-3.145871719416178e-227,0.00011882650827179198,-0.2500167640553869
1770707718.5335653,1.2044322564339636,0.0,0.020000000000000007,1.23,0.0,0.1,0.25,-0.03735048100539598,0.00010336650801327942,-2.7049986143168533e-227,7.830630973787298e-05,-0.2500165821189911
1770707718.9473598,1.2044322564339636,0.0,0.020000000000000007,1.23,0.0,0.1,0.25,-0.03735048100539598,0.00010336650801327942,-2.097670578374802e-227,0.00012147685025340496,-0.2500133722251716
1770707719.362358,1.2044322564339636,0.0,0.020000000000000007,1.23,0.0,0.1,0.25,-0.03735048100539598,0.00010336650801327942,-1.6062910773518438e-227,-7.898537661480757e-05,-0.25011122216500087
1770707719.7819812,1.2044322564339636,0.0,0.020000000000000007,1.23,0.0,0.1,0.25,-0.03735048100539598,0.00010336650801327942,-1.0967233555443657e-227,-8.504261433821623e-05,-0.2500948102849481
1770707720.2076235,1.2044322564339636,0.0,0.020000000000000007,1.23,0.0,0.1,0.25,-0.03735048100539598,0.00010336650801327942,-8.46114151446884e-228,-4.9536383896175524e-05,-0.25008000206899894
1770707720.6306934,1.2044322564339636,0.0,0.020000000000000007,1.23,0.0,0.1,0.25,-0.03735048100539598,0.00010336650801327942,-7.140090545073171e-228,-2.8058098542866007e-05,-0.25006786013181337
1770707721.0543842,1.2044322564339636,0.0,0.020000000000000007,1.23,0.0,0.1,0.25,-0.03735048100539598,0.00010336650801327942,-5.522223890189547e-228,-2.035275320315061e-05,-0.2500626301651422
1770707721.4732146,1.2044322564339636,0.0,0.020000000000000007,1.23,0.0,0.1,0.25,-0.03735048100539598,0.00010336650801327942,-3.723219818857662e-228,-2.2344845361463778e-05,-0.2500630548859032
1770707721.8962133,1.2044322564339636,0.0,0.020000000000000007,1.23,0.0,0.1,0.25,-0.03735048100539598,0.00010336650801327942,-2.899365759102344e-228,-1.3573811824464227e-05,-0.2500593472632726
1770707722.3163414,1.2044322564339636,0.0,0.020000000000000007,1.23,0.0,0.1,0.25,-0.03735048100539598,0.00010336650801327942,-2.228746449494384e-228,5.304958261549799e-05,-0.2500318208021429
1770707722.7311265,1.2044322564339636,0.0,0.020000000000000007,1.23,0.0,0.1,0.25,-0.03735048100539598,0.00010336650801327942,-1.876497466837349e-228,4.946812034599841e-05,-0.25002730734006057
1770707723.1500578,1.2044322564339636,0.0,0.020000000000000007,1.23,0.0,0.1,0.25,-0.03735048100539598,0.00010336650801327942,-1.460828989856712e-228,0.00015423486322979196,-0.25003591085189664
1770707723.5651624,1.2044322564339636,0.0,0.020000000000000007,1.23,0.0,0.1,0.25,-0.03735048100539598,0.00010336650801327942,-1.1308005357497626e-228,0.00022433790207135846,-0.2500674960009132
1770707723.9761498,1.2044322564339636,0.0,0.020000000000000007,1.23,0.0,0.1,0.25,-0.03735048100539598,0.00010336650801327942,-7.647947860297925e-229,0.0001468780469438325,-0.250029501754978
1770707724.3908637,1.2044322564339636,0.0,0.020000000000000007,1.23,0.0,0.1,0.25,-0.03735048100539598,0.00010336650801327942,-5.9328292907897266e-229,7.541238485996856e-05,-0.250021123627785
1770707724.8029456,1.2044322564339636,0.0,0.020000000000000007,1.23,0.0,0.1,0.25,-0.03735048100539598,0.00010336650801327942,-4.6056632781115384e-229,4.991579158824234e-05,-0.2500292750175397
1770707725.2314737,1.2044322564339636,0.0,0.020000000000000007,1.23,0.0,0.1,0.25,-0.03735048100539598,0.00010336650801327942,-3.860365165726517e-229,-8.270396411180853e-05,-0.2501062972116325
1770707725.6475875,1.2044322564339636,0.0,0.020000000000000007,1.23,0.0,0.1,0.25,-0.03735048100539598,0.00010336650801327942,-2.990956643525837e-229,-2.6021078949309242e-05,-0.2500703620819975
1770707726.064947,1.2044322564339636,0.0,0.020000000000000007,1.23,0.0,0.1,0.25,-0.03735048100539598,0.00010336650801327942,-2.3223020198759085e-229,-3.220803729160332e-05,-0.2500684059684867
1770707726.478635,1.2044322564339636,0.0,0.020000000000000007,1.23,0.0,0.1,0.25,-0.03735048100539598,0.00010336650801327942,-1.5677318949048111e-229,-8.695167041845228e-05,-0.25010063345252853
1770707726.914669,1.2044322564339636,0.0,0.020000000000000007,1.23,0.0,0.1,0.25,-0.03735048100539598,0.00010336650801327942,-1.2171094278104234e-229,-6.220096083548085e-05,-0.2500852588053827
1770707727.3270197,1.2044322564339636,0.0,0.020000000000000007,1.23,0.0,0.1,0.25,-0.03735048100539598,0.00010336650801327942,-1.0177380948585613e-229,0.0001779713193362456,-0.2500613196336786
1770707727.7462509,1.2044322564339636,0.0,0.020000000000000007,1.23,0.0,0.1,0.25,-0.03735048100539598,0.00010336650801327942,-7.902404032136314e-230,0.0001623730066742935,-0.2500310630805967
1770707728.1598861,1.2044322564339636,0.0,0.020000000000000007,1.23,0.0,0.1,0.25,-0.03735048100539598,0.00010336650801327942,-6.133716992781886e-230,0.00019439642412094252,-0.2500487172997985
1770707728.5732968,1.2044322564339636,0.0,0.020000000000000007,1.23,0.0,0.1,0.25,-0.03735048100539598,0.00010336650801327942,-4.761413815452816e-230,0.0002563181480817781,-0.2500826679924303
1770707728.994558,1.2044322564339636,0.0,0.020000000000000007,1.23,0.0,0.1,0.25,-0.03735048100539598,0.00010336650801327942,-3.216490869513016e-230,0.00029964249699911507,-0.25010247042938466
1770707729.4061112,1.2044322564339636,0.0,0.020000000000000007,1.23,0.0,0.1,0.25,-0.03735048100539598,0.00010336650801327942,-2.4978583240757645e-230,0.0002229381934645985,-0.2500674562730791
1770707729.8224459,1.2044322564339636,0.0,0.020000000000000007,1.23,0.0,0.1,0.25,-0.03735048100539598,0.00010336650801327942,-1.938523664394162e-230,0.00022961969713898852,-0.2500637947449303
1770707730.2358577,1.2044322564339636,0.0,0.020000000000000007,1.23,0.0,0.1,0.25,-0.03735048100539598,0.00010336650801327942,-1.6198194661510491e-230,0.00013089861789357006,-0.25002363816286466
1770707730.6611252,1.2044322564339636,0.0,0.020000000000000007,1.23,0.0,0.1,0.25,-0.03735048100539598,0.00010336650801327942,-1.2709066183196188e-230,7.583682087451375e-05,-0.2500192710232713
1770707731.0774505,1.2044322564339636,0.0,0.020000000000000007,1.23,0.0,0.1,0.25,-0.03735048100539598,0.00010336650801327942,-8.507649915261376e-231,3.914133425753518e-05,-0.25003578213553956
1770707731.5003552,1.2044322564339636,0.0,0.020000000000000007,1.23,0.0,0.1,0.25,-0.03735048100539598,0.00010336650801327942,-6.609578363740473e-231,-8.806407755902758e-05,-0.25010843583396786
1770707731.9104812,1.2044322564339636,0.0,0.020000000000000007,1.23,0.0,0.1,0.25,-0.03735048100539598,0.00010336650801327942,-5.1130868085002e-231,-1.1996165697936847e-05,-0.25006528812804174
1770707732.325764,1.2044322564339636,0.0,0.020000000000000007,1.23,0.0,0.1,0.25,-0.03735048100539598,0.00010336650801327942,-4.339773699391621e-231,-1.978089157071495e-05,-0.25006235217237927
1770707732.7477448,1.2044322564339636,0.0,0.020000000000000007,1.23,0.0,0.1,0.25,-0.03735048100539598,0.00010336650801327942,-3.3722961702713247e-231,-9.860755933238254e-06,-0.250057605645537
1770707733.1772037,1.2044322564339636,0.0,0.020000000000000007,1.23,0.0,0.1,0.25,-0.03735048100539598,0.00010336650801327942,-2.2487419505095056e-231,1.4896320235962721e-06,-0.25005207347679054
1770707733.5913954,1.2044322564339636,0.0,0.020000000000000007,1.23,0.0,0.1,0.25,-0.03735048100539598,0.00010336650801327942,-1.7460518065056452e-231,4.4911462170459805e-05,-0.2500335697059361
1770707734.008739,1.2044322564339636,0.0,0.020000000000000007,1.23,0.0,0.1,0.25,-0.03735048100539598,0.00010336650801327942,-1.3556145480609697e-231,-1.0150618208229874e-05,-0.2500622647711486
1770707734.4462085,1.2044322564339636,0.0,0.020000000000000007,1.23,0.0,0.1,0.25,-0.03735048100539598,0.00010336650801327942,-1.1499672781670685e-231,8.688801211288934e-05,-0.2500179431109823
1770707734.8558986,1.2044322564339636,0.0,0.020000000000000007,1.23,0.0,0.1,0.25,-0.03735048100539598,0.00010336650801327942,-8.932212824949823e-232,9.458095715273369e-05,-0.2500051620699343
1770707735.2807522,1.2044322564339636,0.0,0.020000000000000007,1.23,0.0,0.1,0.25,-0.03735048100539598,0.00010336650801327942,-5.9444223246333644e-232,8.174918018713045e-05,-0.2500120918416096
1770707735.69734,1.2044322564339636,0.0,0.020000000000000007,1.23,0.0,0.1,0.25,-0.03735048100539598,0.00010336650801327942,-4.614696111581829e-232,-2.6155473449636463e-05,-0.2500755514560951
1770707736.113554,1.2044322564339636,0.0,0.020000000000000007,1.23,0.0,0.1,0.25,-0.03735048100539598,0.00010336650801327942,-3.583795287338075e-232,-7.751565539442487e-06,-0.2500573994275674
1770707736.537621,1.2044322564339636,0.0,0.020000000000000007,1.23,0.0,0.1,0.25,-0.03735048100539598,0.00010336650801327942,-3.049744765030834e-232,4.470974349255456e-05,-0.2500345745131636
1770707736.9585419,1.2044322564339636,0.0,0.020000000000000007,1.23,0.0,0.1,0.25,-0.03735048100539598,0.00010336650801327942,-2.3710366761561744e-232,-8.390098741518386e-05,-0.250106494820805
1770707737.3705802,1.2044322564339636,0.0,0.020000000000000007,1.23,0.0,0.1,0.25,-0.03735048100539598,0.00010336650801327942,-1.571318165288442e-232,-0.0001129299882995658,-0.25011105114824483
1770707737.7809513,1.2044322564339636,0.0,0.020000000000000007,1.23,0.0,0.1,0.25,-0.03735048100539598,0.00010336650801327942,-1.4582687268567849e-232,-3.394517045807635e-05,-0.25007655432101983
1770707738.1996045,1.2044322564339636,0.0,0.020000000000000007,1.23,0.0,0.1,0.25,-0.03735048100539598,0.00010336650801327942,-9.393721366716955e-233,4.788873193265854e-05,-0.25003592227827937
1770707738.6234307,1.2044322564339636,0.0,0.020000000000000007,1.23,0.0,0.1,0.25,-0.03735048100539598,0.00010336650801327942,-8.089331084771369e-233,0.00014453395184165836,-0.25003024824390513
1770707739.0373917,1.2044322564339636,0.0,0.020000000000000007,1.23,0.0,0.1,0.25,-0.03735048100539598,0.00010336650801327942,-6.262358266517973e-233,0.00010937928472421344,-0.2500065218550672
1770707739.4572303,1.2044322564339636,0.0,0.020000000000000007,1.23,0.0,0.1,0.25,-0.03735048100539598,0.00010336650801327942,-4.877172263782744e-233,8.93488627263472e-05,-0.25000901186484326
1770707739.8719482,1.2044322564339636,0.0,0.020000000000000007,1.23,0.0,0.1,0.25,-0.03735048100539598,0.00010336650801327942,-3.1858266007930387e-233,4.24236105817081e-05,-0.2500351639739302
1770707740.2891154,1.2044322564339636,0.0,0.020000000000000007,1.23,0.0,0.1,0.25,-0.03735048100539598,0.00010336650801327942,-2.51116176292394e-233,2.8826972730059575e-05,-0.2500386294314268
1770707740.7095723,1.2044322564339636,0.0,0.020000000000000007,1.23,0.0,0.1,0.25,-0.03735048100539598,0.00010336650801327942,-1.9549181177967366e-233,-4.067824588899708e-06,-0.250057006646033
1770707741.127295,1.2044322564339636,0.0,0.020000000000000007,1.23,0.0,0.1,0.25,-0.03735048100539598,0.00010336650801327942,-1.4765061666404576e-233,2.690838432293631e-06,-0.2500510137010926
1770707741.5548596,1.2044322564339636,0.0,0.020000000000000007,1.23,0.0,0.1,0.25,-0.03735048100539598,0.00010336650801327942,-1.2187724368202384e-233,9.036913549782046e-06,-0.25004779940474353
1770707741.9694238,1.2044322564339636,0.0,0.020000000000000007,1.23,0.0,0.1,0.25,-0.03735048100539598,0.00010336650801327942,-1.003698315234795e-233,1.2333244831729768e-05,-0.25004584626471893
1770707742.3803706,1.2044322564339636,0.0,0.020000000000000007,1.23,0.0,0.1,0.25,-0.03735048100539598,0.00010336650801327942,-6.673911732699155e-234,-4.2587733746136845e-05,-0.2500784692187375
1770707742.8038433,1.2044322564339636,0.0,0.020000000000000007,1.23,0.0,0.1,0.25,-0.03735048100539598,0.00010336650801327942,-5.142063048280581e-234,-2.6603031744416214e-05,-0.250066583240079
1770707743.232978,1.2044322564339636,0.0,0.020000000000000007,1.23,0.0,0.1,0.25,-0.03735048100539598,0.00010336650801327942,-4.4406679243986474e-234,-1.5821184225387613e-05,-0.25006067203087123
1770707743.6511023,1.2044322564339636,0.0,0.020000000000000007,1.23,0.0,0.1,0.25,-0.03735048100539598,0.00010336650801327942,-3.4564387048503486e-234,2.6231462494355554e-05,-0.2500427727874314
1770707744.0645204,1.2044322564339636,0.0,0.020000000000000007,1.23,0.0,0.1,0.25,-0.03735048100539598,0.00010336650801327942,-2.6754041031781325e-234,5.809978185305738e-05,-0.250025820195016
1770707744.4810553,1.2044322564339636,0.0,0.020000000000000007,1.23,0.0,0.1,0.25,-0.03735048100539598,0.00010336650801327942,-1.788736970756628e-234,-1.3770182741713328e-05,-0.25006575534183695
1770707744.9321296,1.2044322564339636,0.0,0.020000000000000007,1.23,0.0,0.1,0.25,-0.03735048100539598,0.00010336650801327942,-1.5209169654960133e-234,1.683947434969475e-05,-0.25004632448254094
1770707745.350601,1.2044322564339636,0.0,0.020000000000000007,1.23,0.0,0.1,0.25,-0.03735048100539598,0.00010336650801327942,-1.1754844395691645e-234,0.00011556211802401908,-0.2500159700693728
1770707745.761442,1.2044322564339636,0.0,0.020000000000000007,1.23,0.0,0.1,0.25,-0.03735048100539598,0.00010336650801327942,-9.081808053391324e-235,1.2574476933183368e-05,-0.2500556947796491
1770707746.1841598,1.2044322564339636,0.0,0.020000000000000007,1.23,0.0,0.1,0.25,-0.03735048100539598,0.00010336650801327942,-6.0862911830821055e-235,0.00017179804640768685,-0.2500501381261447
1770707746.5991316,1.2044322564339636,0.0,0.020000000000000007,1.23,0.0,0.1,0.25,-0.03735048100539598,0.00010336650801327942,-4.723693957627151e-235,-2.4520823381899238e-05,-0.2500835755526765
1770707747.0114105,1.2044322564339636,0.0,0.020000000000000007,1.23,0.0,0.1,0.25,-0.03735048100539598,0.00010336650801327942,-3.648744211214525e-235,-2.9294182546924592e-05,-0.2500668076811966
1770707747.431843,1.2044322564339636,0.0,0.020000000000000007,1.23,0.0,0.1,0.25,-0.03735048100539598,0.00010336650801327942,-3.122553984445845e-235,-4.6452342227564716e-05,-0.2500766252410885
1770707747.8478744,1.2044322564339636,0.0,0.020000000000000007,1.23,0.0,0.1,0.25,-0.03735048100539598,0.00010336650801327942,-2.2811311466554654e-235,-3.852312071828738e-05,-0.2500717377365167
1770707748.2608716,1.2044322564339636,0.0,0.020000000000000007,1.23,0.0,0.1,0.25,-0.03735048100539598,0.00010336650801327942,-1.866600240692938e-235,-3.969405853399918e-05,-0.2500716473770552
1770707748.6816418,1.2044322564339636,0.0,0.020000000000000007,1.23,0.0,0.1,0.25,-0.03735048100539598,0.00010336650801327942,-1.2534918180390084e-235,0.00012740526493528828,-0.25002872931080794
1770707749.0965497,1.2044322564339636,0.0,0.020000000000000007,1.23,0.0,0.1,0.25,-0.03735048100539598,0.00010336650801327942,-9.481247092692466e-236,0.0001526291199682537,-0.25002715369148076
1770707749.526311,1.2044322564339636,0.0,0.020000000000000007,1.23,0.0,0.1,0.25,-0.03735048100539598,0.00010336650801327942,-7.814876400759081e-236,0.00018857329789685336,-0.2500461978127346
1770707749.9393563,1.2044322564339636,0.0,0.020000000000000007,1.23,0.0,0.1,0.25,-0.03735048100539598,0.00010336650801327942,-6.073674105501717e-236,0.00026459526057330475,-0.25008821657254765
1770707750.3534207,1.2044322564339636,0.0,0.020000000000000007,1.23,0.0,0.1,0.25,-0.03735048100539598,0.00010336650801327942,-5.007795531575013e-236,0.00021749994298092543,-0.2500617762492431
1770707750.768035,1.2044322564339636,0.0,0.020000000000000007,1.23,0.0,0.1,0.25,-0.03735048100539598,0.00010336650801327942,-3.6974013034832006e-236,0.00017539090677901953,-0.25004022310300306
1770707751.1804075,1.2044322564339636,0.0,0.020000000000000007,1.23,0.0,0.1,0.25,-0.03735048100539598,0.00010336650801327942,-2.4618555934327916e-236,-3.37322666026536e-05,-0.25008946170464613
1770707751.6026013,1.2044322564339636,0.0,0.020000000000000007,1.23,0.0,0.1,0.25,-0.03735048100539598,0.00010336650801327942,-2.051892559731218e-236,-1.7599716548353413e-06,-0.2500557604693288
1770707752.027001,1.2044322564339636,0.0,0.020000000000000007,1.23,0.0,0.1,0.25,-0.03735048100539598,0.00010336650801327942,-1.6444910816086428e-236,-8.496407629078118e-05,-0.2501024857026156
1770707752.443354,1.2044322564339636,0.0,0.020000000000000007,1.23,0.0,0.1,0.25,-0.03735048100539598,0.00010336650801327942,-1.2750620111799176e-236,-0.00014928067547869295,-0.2501327552516648
1770707752.8521576,1.2044322564339636,0.0,0.020000000000000007,1.23,0.0,0.1,0.25,-0.03735048100539598,0.00010336650801327942,-9.87691750771166e-237,-0.00021426740804175663,-0.2501653156312838
1770707753.2997713,1.2044322564339636,0.0,0.020000000000000007,1.23,0.0,0.1,0.25,-0.03735048100539598,0.00010336650801327942,-6.62492483413366e-237,-7.606854489993921e-05,-0.25010353741277075
1770707753.7536309,1.2044322564339636,0.0,0.020000000000000007,1.23,0.0,0.1,0.25,-0.03735048100539598,0.00010336650801327942,-5.579001402391771e-237,-7.796534010963041e-06,-0.250062408722101
1770707754.165522,1.2044322564339636,0.0,0.020000000000000007,1.23,0.0,0.1,0.25,-0.03735048100539598,0.00010336650801327942,-4.3290771314459147e-237,6.549015131417039e-05,-0.2500262668468821
1770707754.5815716,1.2044322564339636,0.0,0.020000000000000007,1.23,0.0,0.1,0.25,-0.03735048100539598,0.00010336650801327942,-2.907301934438235e-237,0.00012153311329607286,-0.25001468759883955
1770707755.0000367,1.2044322564339636,0.0,0.020000000000000007,1.23,0.0,0.1,0.25,-0.03735048100539598,0.00010336650801327942,-2.2630372164958016e-237,9.659771543946097e-05,-0.25000587793607254
1770707755.4465077,1.2044322564339636,0.0,0.020000000000000007,1.23,0.0,0.1,0.25,-0.03735048100539598,0.00010336650801327942,-1.896695457141849e-237,0.00019723591276012235,-0.2500569985221055
1770707755.8643687,1.2044322564339636,0.0,0.020000000000000007,1.23,0.0,0.1,0.25,-0.03735048100539598,0.00010336650801327942,-1.4689941176495721e-237,0.00019025542902291286,-0.2500441425088785
1770707756.281389,1.2044322564339636,0.0,0.020000000000000007,1.23,0.0,0.1,0.25,-0.03735048100539598,0.00010336650801327942,-1.0344839018764984e-237,7.226364495422719e-05,-0.2500273506099364
1770707756.6977484,1.2044322564339636,0.0,0.020000000000000007,1.23,0.0,0.1,0.25,-0.03735048100539598,0.00010336650801327942,-9.098098035987874e-238,3.344133686529558e-05,-0.2500388448163829
1770707757.1247487,1.2044322564339636,0.0,0.020000000000000007,1.23,0.0,0.1,0.25,-0.03735048100539598,0.00010336650801327942,-6.419080643595534e-238,-4.1170990669390794e-05,-0.2500797299820948
1770707757.5340157,1.2044322564339636,0.0,0.020000000000000007,1.23,0.0,0.1,0.25,-0.03735048100539598,0.00010336650801327942,-4.984354143526129e-238,8.422901082196804e-06,-0.2500524311926407
1770707757.948356,1.2044322564339636,0.0,0.020000000000000007,1.23,0.0,0.1,0.25,-0.03735048100539598,0.00010336650801327942,-3.8665743557287966e-238,-5.834436736120787e-05,-0.2500875321645316
1770707758.3637059,1.2044322564339636,0.0,0.020000000000000007,1.23,0.0,0.1,0.25,-0.03735048100539598,0.00010336650801327942,-2.9956735039736447e-238,-2.162933850489716e-05,-0.2500661694261447
1770707758.7791655,1.2044322564339636,0.0,0.020000000000000007,1.23,0.0,0.1,0.25,-0.03735048100539598,0.00010336650801327942,-2.0219773920998512e-238,5.1665936560572105e-05,-0.2500331798132329
1770707759.2091312,1.2044322564339636,0.0,0.020000000000000007,1.23,0.0,0.1,0.25,-0.03735048100539598,0.00010336650801327942,-1.5769956527103463e-238,9.556797612683996e-05,-0.2500082894698999
1770707759.6283383,1.2044322564339636,0.0,0.020000000000000007,1.23,0.0,0.1,0.25,-0.03735048100539598,0.00010336650801327942,-1.3369659214434353e-238,8.683261121543377e-05,-0.2500091404848901
1770707760.0624528,1.2044322564339636,0.0,0.020000000000000007,1.23,0.0,0.1,0.25,-0.03735048100539598,0.00010336650801327942,-1.0368177834398347e-238,0.0001477234565698342,-0.2500282675588137
1770707760.5116656,1.2044322564339636,0.0,0.020000000000000007,1.23,0.0,0.1,0.25,-0.03735048100539598,0.00010336650801327942,-6.937741641944821e-239,0.0002486413628028973,-0.2500827292180181
1770707760.9456418,1.2044322564339636,0.0,0.020000000000000007,1.23,0.0,0.1,0.25,-0.03735048100539598,0.00010336650801327942,-5.8451857481260496e-239,0.0001331965599320247,-0.2500264595062464
1770707761.3653572,1.2044322564339636,0.0,0.020000000000000007,1.23,0.0,0.1,0.25,-0.03735048100539598,0.00010336650801327942,-4.533386941383544e-239,1.491086119745984e-05,-0.2500560563932814
1770707761.7815592,1.2044322564339636,0.0,0.020000000000000007,1.23,0.0,0.1,0.25,-0.03735048100539598,0.00010336650801327942,-3.043392562299384e-239,-5.618395202975626e-05,-0.2500868847113442
1770707762.1956606,1.2044322564339636,0.0,0.020000000000000007,1.23,0.0,0.1,0.25,-0.03735048100539598,0.00010336650801327942,-2.361028384824662e-239,-8.063705586081685e-06,-0.25006052713144405
1770707762.615833,1.2044322564339636,0.0,0.020000000000000007,1.23,0.0,0.1,0.25,-0.03735048100539598,0.00010336650801327942,-1.8113622877797889e-239,-9.512069351267232e-05,-0.2501079492995556
1770707763.0342395,1.2044322564339636,0.0,0.020000000000000007,1.23,0.0,0.1,0.25,-0.03735048100539598,0.00010336650801327942,-1.5336352874281136e-239,-6.28678887802166e-05,-0.25008634247887
1770707763.4557295,1.2044322564339636,0.0,0.020000000000000007,1.23,0.0,0.1,0.25,-0.03735048100539598,0.00010336650801327942,-1.1799590525564432e-239,-0.0002082474916734535,-0.2501703449601327
1770707763.8773775,1.2044322564339636,0.0,0.020000000000000007,1.23,0.0,0.1,0.25,-0.03735048100539598,0.00010336650801327942,-8.045500095696037e-240,-0.0002550570137470095,-0.2501838927130875
1770707764.2934625,1.2044322564339636,0.0,0.020000000000000007,1.23,0.0,0.1,0.25,-0.03735048100539598,0.00010336650801327942,-6.236804080532604e-240,-0.00016742510069875946,-0.25014415899566084
1770707764.7054706,1.2044322564339636,0.0,0.020000000000000007,1.23,0.0,0.1,0.25,-0.03735048100539598,0.00010336650801327942,-4.845985766398645e-240,-7.543432974499011e-05,-0.2500985994959745
1770707765.1331952,1.2044322564339636,0.0,0.020000000000000007,1.23,0.0,0.1,0.25,-0.03735048100539598,0.00010336650801327942,-4.0396570187912124e-240,0.00010187133474423542,-0.2500184781530835
1770707765.5637352,1.2044322564339636,0.0,0.020000000000000007,1.23,0.0,0.1,0.25,-0.03735048100539598,0.00010336650801327942,-3.133271528828263e-240,0.00016794869404365015,-0.2500388988289451
1770707765.9725375,1.2044322564339636,0.0,0.020000000000000007,1.23,0.0,0.1,0.25,-0.03735048100539598,0.00010336650801327942,-2.083933257385637e-240,0.00033077843029548815,-0.2501299889347663
1770707766.3948762,1.2044322564339636,0.0,0.020000000000000007,1.23,0.0,0.1,0.25,-0.03735048100539598,0.00010336650801327942,-1.6530076137815347e-240,0.00017547169497935305,-0.25005158326701465
1770707766.8052497,1.2044322564339636,0.0,0.020000000000000007,1.23,0.0,0.1,0.25,-0.03735048100539598,0.00010336650801327942,-1.2727864753357767e-240,3.561570941943738e-05,-0.2500478609978529
1770707767.231332,1.2044322564339636,0.0,0.020000000000000007,1.23,0.0,0.1,0.25,-0.03735048100539598,0.00010336650801327942,-1.0741807865835476e-240,5.031461106687859e-05,-0.25002799583863794
1770707767.643905,1.2044322564339636,0.0,0.020000000000000007,1.23,0.0,0.1,0.25,-0.03735048100539598,0.00010336650801327942,-8.380466289723528e-241,5.248570384414769e-05,-0.2500256575113623
1770707768.0678608,1.2044322564339636,0.0,0.020000000000000007,1.23,0.0,0.1,0.25,-0.03735048100539598,0.00010336650801327942,-6.456711743369006e-241,-7.695779362137789e-06,-0.25006154929200836
1770707768.4863806,1.2044322564339636,0.0,0.020000000000000007,1.23,0.0,0.1,0.25,-0.03735048100539598,0.00010336650801327942,-4.3679264442973385e-241,8.068293708365076e-05,-0.2500201796571094
1770707768.9052145,1.2044322564339636,0.0,0.020000000000000007,1.23,0.0,0.1,0.25,-0.03735048100539598,0.00010336650801327942,-3.3460032073090413e-241,6.675057069863823e-05,-0.2500197012052958
1770707769.329109,1.2044322564339636,0.0,0.020000000000000007,1.23,0.0,0.1,0.25,-0.03735048100539598,0.00010336650801327942,-2.8562336025496992e-241,2.774654982871988e-05,-0.2500417103811793
1770707769.7474573,1.2044322564339636,0.0,0.020000000000000007,1.23,0.0,0.1,0.25,-0.03735048100539598,0.00010336650801327942,-2.2139711041804686e-241,9.878601404481468e-06,-0.2500485307481468
1770707770.164595,1.2044322564339636,0.0,0.020000000000000007,1.23,0.0,0.1,0.25,-0.03735048100539598,0.00010336650801327942,-1.7189462736515036e-241,4.779682185552209e-05,-0.250031576665124
1770707770.590722,1.2044322564339636,0.0,0.020000000000000007,1.23,0.0,0.1,0.25,-0.03735048100539598,0.00010336650801327942,-1.1528424817420949e-241,0.00015553245420263996,-0.2500368565363294
1770707771.047992,1.2044322564339636,0.0,0.020000000000000007,1.23,0.0,0.1,0.25,-0.03735048100539598,0.00010336650801327942,-9.781687368949037e-242,0.00016764148703023814,-0.25003334839279123
1770707771.4641883,1.2044322564339636,0.0,0.020000000000000007,1.23,0.0,0.1,0.25,-0.03735048100539598,0.00010336650801327942,-7.608873710578871e-242,5.734683401402123e-05,-0.2500340393023013
1770707771.8731453,1.2044322564339636,0.0,0.020000000000000007,1.23,0.0,0.1,0.25,-0.03735048100539598,0.00010336650801327942,-5.063592782346845e-242,9.07989724608227e-05,-0.25000962898162093
1770707772.30003,1.2044322564339636,0.0,0.020000000000000007,1.23,0.0,0.1,0.25,-0.03735048100539598,0.00010336650801327942,-3.946416709680895e-242,1.869090937759305e-06,-0.2500596416966901
1770707772.7320073,1.2044322564339636,0.0,0.020000000000000007,1.23,0.0,0.1,0.25,-0.03735048100539598,0.00010336650801327942,-3.1287258418640684e-242,4.386060266126415e-05,-0.2500339521038483
1770707773.1447487,1.2044322564339636,0.0,0.020000000000000007,1.23,0.0,0.1,0.25,-0.03735048100539598,0.00010336650801327942,-2.5753938613663303e-242,-4.6170617013550916e-05,-0.2500837716844809
1770707773.557035,1.2044322564339636,0.0,0.020000000000000007,1.23,0.0,0.1,0.25,-0.03735048100539598,0.00010336650801327942,-1.9020516764521018e-242,5.743621989151848e-05,-0.25003332582775134
1770707773.9710736,1.2044322564339636,0.0,0.020000000000000007,1.23,0.0,0.1,0.25,-0.03735048100539598,0.00010336650801327942,-1.3410428028999143e-242,1.6052994460498776e-05,-0.25004779507931946
1770707774.3888526,1.2044322564339636,0.0,0.020000000000000007,1.23,0.0,0.1,0.25,-0.03735048100539598,0.00010336650801327942,-1.040348022783465e-242,1.9220901004133277e-05,-0.250042389594159
1770707774.8091376,1.2044322564339636,0.0,0.020000000000000007,1.23,0.0,0.1,0.25,-0.03735048100539598,0.00010336650801327942,-8.068808374157461e-243,5.555342255941005e-05,-0.25002753979488246
1770707775.2297726,1.2044322564339636,0.0,0.020000000000000007,1.23,0.0,0.1,0.25,-0.03735048100539598,0.00010336650801327942,-6.899587427760839e-243,9.773494702737884e-05,-0.2500070339329397
1770707775.6429691,1.2044322564339636,0.0,0.020000000000000007,1.23,0.0,0.1,0.25,-0.03735048100539598,0.00010336650801327942,-5.379831874755288e-243,7.283947507139349e-05,-0.2500177530636666
1770707776.061835,1.2044322564339636,0.0,0.020000000000000007,1.23,0.0,0.1,0.25,-0.03735048100539598,0.00010336650801327942,-4.1798207541288923e-243,0.00010610194026227386,-0.25000469396264363
1770707776.476471,1.2044322564339636,0.0,0.020000000000000007,1.23,0.0,0.1,0.25,-0.03735048100539598,0.00010336650801327942,-2.7799716110810353e-243,0.00011425547418347845,-0.25000625983647723
1770707776.8908045,1.2044322564339636,0.0,0.020000000000000007,1.23,0.0,0.1,0.25,-0.03735048100539598,0.00010336650801327942,-2.161118817007938e-243,-3.498599272656247e-05,-0.2500841003970609
1770707777.30434,1.2044322564339636,0.0,0.020000000000000007,1.23,0.0,0.1,0.25,-0.03735048100539598,0.00010336650801327942,-1.675549340919335e-243,1.5419972709168528e-05,-0.2500490138641956
1770707777.7351964,1.2044322564339636,0.0,0.020000000000000007,1.23,0.0,0.1,0.25,-0.03735048100539598,0.00010336650801327942,-1.4203045038878315e-243,-4.186626372768587e-05,-0.25007834500951415
1770707778.151486,1.2044322564339636,0.0,0.020000000000000007,1.23,0.0,0.1,0.25,-0.03735048100539598,0.00010336650801327942,-1.1035629879427659e-243,-7.178026533794977e-05,-0.2500905647868366
1770707778.5750272,1.2044322564339636,0.0,0.020000000000000007,1.23,0.0,0.1,0.25,-0.03735048100539598,0.00010336650801327942,-7.327762102291671e-244,-0.0001320382583918231,-0.25012372818250794
1770707778.9901557,1.2044322564339636,0.0,0.020000000000000007,1.23,0.0,0.1,0.25,-0.03735048100539598,0.00010336650801327942,-5.710711065219266e-244,-0.0001434012454475295,-0.25012452017543596
1770707779.4012475,1.2044322564339636,0.0,0.020000000000000007,1.23,0.0,0.1,0.25,-0.03735048100539598,0.00010336650801327942,-4.441836129655266e-244,3.438367321271733e-05,-0.2500522699092663
1770707779.8191738,1.2044322564339636,0.0,0.020000000000000007,1.23,0.0,0.1,0.25,-0.03735048100539598,0.00010336650801327942,-3.9200496647731924e-244,4.8188624841333954e-05,-0.25002896943674885
1770707780.2350593,1.2044322564339636,0.0,0.020000000000000007,1.23,0.0,0.1,0.25,-0.03735048100539598,0.00010336650801327942,-2.932630909102533e-244,0.00014611422899883837,-0.25003116642090856
1770707780.657329,1.2044322564339636,0.0,0.020000000000000007,1.23,0.0,0.1,0.25,-0.03735048100539598,0.00010336650801327942,-2.27381743852294e-244,0.00015666667937888076,-0.25002770533072083
1770707781.073733,1.2044322564339636,0.0,0.020000000000000007,1.23,0.0,0.1,0.25,-0.03735048100539598,0.00010336650801327942,-1.5132164508067627e-244,0.00013989008619710023,-0.2500199394484101
1770707781.4912658,1.2044322564339636,0.0,0.020000000000000007,1.23,0.0,0.1,0.25,-0.03735048100539598,0.00010336650801327942,-1.173736452625186e-244,8.736681989894973e-05,-0.25001325217068693
1770707781.903643,1.2044322564339636,0.0,0.020000000000000007,1.23,0.0,0.1,0.25,-0.03735048100539598,0.00010336650801327942,-9.102209897791334e-245,0.00017011905390964713,-0.25004165149634927
1770707782.3219213,1.2044322564339636,0.0,0.020000000000000007,1.23,0.0,0.1,0.25,-0.03735048100539598,0.00010336650801327942,-7.062271114332717e-245,0.00022268592779497667,-0.2500649163972794
1770707782.7514844,1.2044322564339636,0.0,0.020000000000000007,1.23,0.0,0.1,0.25,-0.03735048100539598,0.00010336650801327942,-6.000763896485015e-245,0.00018422302019345093,-0.25004427454685024
1770707783.1813474,1.2044322564339636,0.0,0.020000000000000007,1.23,0.0,0.1,0.25,-0.03735048100539598,0.00010336650801327942,-3.988674171406275e-245,7.139813630786105e-05,-0.25002726667424124
1770707783.599827,1.2044322564339636,0.0,0.020000000000000007,1.23,0.0,0.1,0.25,-0.03735048100539598,0.00010336650801327942,-3.092290645040776e-245,-5.054872149605759e-06,-0.2500618559909272
1770707784.01978,1.2044322564339636,0.0,0.020000000000000007,1.23,0.0,0.1,0.25,-0.03735048100539598,0.00010336650801327942,-2.3783559486273632e-245,4.253691045193063e-05,-0.25003517397704084
1770707784.4389935,1.2044322564339636,0.0,0.020000000000000007,1.23,0.0,0.1,0.25,-0.03735048100539598,0.00010336650801327942,-2.0407566563883895e-245,-3.195564788818278e-05,-0.25007511033378477
1770707784.854966,1.2044322564339636,0.0,0.020000000000000007,1.23,0.0,0.1,0.25,-0.03735048100539598,0.00010336650801327942,-1.5839146924762754e-245,-3.443914521881037e-05,-0.2500691511763491
1770707785.28015,1.2044322564339636,0.0,0.020000000000000007,1.23,0.0,0.1,0.25,-0.03735048100539598,0.00010336650801327942,-1.0528913508008696e-245,-6.153508979140353e-05,-0.2500851603933596
1770707785.6989005,1.2044322564339636,0.0,0.020000000000000007,1.23,0.0,0.1,0.25,-0.03735048100539598,0.00010336650801327942,-8.164063942221714e-246,-3.648839406518922e-05,-0.25007243212061186
1770707786.1148536,1.2044322564339636,0.0,0.020000000000000007,1.23,0.0,0.1,0.25,-0.03735048100539598,0.00010336650801327942,-6.329647928734033e-246,9.503879476427228e-06,-0.2500515305416226
1770707786.5346785,1.2044322564339636,0.0,0.020000000000000007,1.23,0.0,0.1,0.25,-0.03735048100539598,0.00010336650801327942,-5.387398862235018e-246,0.00011484640506672288,-0.25001627420108574
1770707786.9618208,1.2044322564339636,0.0,0.020000000000000007,1.23,0.0,0.1,0.25,-0.03735048100539598,0.00010336650801327942,-4.1872497140389833e-246,0.00012365506312324542,-0.2500110251433606
1770707787.3855577,1.2044322564339636,0.0,0.020000000000000007,1.23,0.0,0.1,0.25,-0.03735048100539598,0.00010336650801327942,-2.792805621139184e-246,0.0001742537830408155,-0.2500405035095055
1770707787.8175797,1.2044322564339636,0.0,0.020000000000000007,1.23,0.0,0.1,0.25,-0.03735048100539598,0.00010336650801327942,-2.1706244698569285e-246,0.00018964119152522157,-0.25004467608260444
1770707788.2635143,1.2044322564339636,0.0,0.020000000000000007,1.23,0.0,0.1,0.25,-0.03735048100539598,0.00010336650801327942,-1.8447851362061664e-246,-3.104913083902296e-05,-0.2500892768516626
1770707788.6789203,1.2044322564339636,0.0,0.020000000000000007,1.23,0.0,0.1,0.25,-0.03735048100539598,0.00010336650801327942,-1.2252970394084025e-246,2.9349810403984767e-05,-0.25004304824292894
1770707789.0986578,1.2044322564339636,0.0,0.020000000000000007,1.23,0.0,0.1,0.25,-0.03735048100539598,0.00010336650801327942,-9.402702663414531e-247,-3.556499775993018e-05,-0.25007595723370296
1770707789.5081818,1.2044322564339636,0.0,0.020000000000000007,1.23,0.0,0.1,0.25,-0.03735048100539598,0.00010336650801327942,-7.297843647318267e-247,-6.180816262562185e-05,-0.250085211651806
1770707789.919424,1.2044322564339636,0.0,0.020000000000000007,1.23,0.0,0.1,0.25,-0.03735048100539598,0.00010336650801327942,-5.663568417467548e-247,-7.017981539143386e-05,-0.25008761032697896
1770707790.3373756,1.2044322564339636,0.0,0.020000000000000007,1.23,0.0,0.1,0.25,-0.03735048100539598,0.00010336650801327942,-4.883683893507432e-247,-8.462017693448447e-06,-0.25006208604262314
1770707790.749535,1.2044322564339636,0.0,0.020000000000000007,1.23,0.0,0.1,0.25,-0.03735048100539598,0.00010336650801327942,-3.585733554825078e-247,0.00010168185668875644,-0.2500118567131005
1770707791.1778646,1.2044322564339636,0.0,0.020000000000000007,1.23,0.0,0.1,0.25,-0.03735048100539598,0.00010336650801327942,-2.946032776566672e-247,7.05623570403888e-05,-0.25001951402545125
1770707791.5976799,1.2044322564339636,0.0,0.020000000000000007,1.23,0.0,0.1,0.25,-0.03735048100539598,0.00010336650801327942,-1.963577437895798e-247,0.00014406626631758272,-0.25002770027007987
1770707792.0144427,1.2044322564339636,0.0,0.020000000000000007,1.23,0.0,0.1,0.25,-0.03735048100539598,0.00010336650801327942,-1.523352575613644e-247,0.00022809758602107346,-0.2500707686709743
1770707792.438111,1.2044322564339636,0.0,0.020000000000000007,1.23,0.0,0.1,0.25,-0.03735048100539598,0.00010336650801327942,-1.2263198722147996e-247,0.00027910605326537404,-0.2500929706193505
1770707792.854349,1.2044322564339636,0.0,0.020000000000000007,1.23,0.0,0.1,0.25,-0.03735048100539598,0.00010336650801327942,-9.476992356823576e-248,0.00016680420368930663,-0.25004294903279567
1770707793.2714853,1.2044322564339636,0.0,0.020000000000000007,1.23,0.0,0.1,0.25,-0.03735048100539598,0.00010336650801327942,-6.572754372800203e-248,0.00013640034930480666,-0.2500195573060842
1770707793.6951835,1.2044322564339636,0.0,0.020000000000000007,1.23,0.0,0.1,0.25,-0.03735048100539598,0.00010336650801327942,-5.2054442527825675e-248,0.00011233940020987773,-0.2500068925410078
1770707794.116181,1.2044322564339636,0.0,0.020000000000000007,1.23,0.0,0.1,0.25,-0.03735048100539598,0.00010336650801327942,-3.958042899435533e-248,7.037204471796403e-05,-0.25002069396719684
1770707794.532674,1.2044322564339636,0.0,0.020000000000000007,1.23,0.0,0.1,0.25,-0.03735048100539598,0.00010336650801327942,-3.244074757017698e-248,4.310162897824699e-05,-0.25003285948109144
1770707794.947129,1.2044322564339636,0.0,0.020000000000000007,1.23,0.0,0.1,0.25,-0.03735048100539598,0.00010336650801327942,-2.6689074837085885e-248,1.8329172977580134e-06,-0.25005489366652583
1770707795.3730426,1.2044322564339636,0.0,0.020000000000000007,1.23,0.0,0.1,0.25,-0.03735048100539598,0.00010336650801327942,-1.7376945340424359e-248,7.460079845276e-05,-0.2500216596428958
1770707795.79277,1.2044322564339636,0.0,0.020000000000000007,1.23,0.0,0.1,0.25,-0.03735048100539598,0.00010336650801327942,-1.3796652020745276e-248,2.706805924415414e-05,-0.2500429024983054
1770707796.2231696,1.2044322564339636,0.0,0.020000000000000007,1.23,0.0,0.1,0.25,-0.03735048100539598,0.00010336650801327942,-1.1776118419876727e-248,4.517615015334165e-05,-0.25003090598802086
1770707796.639331,1.2044322564339636,0.0,0.020000000000000007,1.23,0.0,0.1,0.25,-0.03735048100539598,0.00010336650801327942,-9.13898232335808e-249,9.231630659629124e-05,-0.2500102391163528
1770707797.0550148,1.2044322564339636,0.0,0.020000000000000007,1.23,0.0,0.1,0.25,-0.03735048100539598,0.00010336650801327942,-7.098103789065672e-249,0.00016304165580906848,-0.2500369101088192
1770707797.4664469,1.2044322564339636,0.0,0.020000000000000007,1.23,0.0,0.1,0.25,-0.03735048100539598,0.00010336650801327942,-5.213317311299956e-249,4.51191655980121e-05,-0.2500409159202287
1770707797.8912225,1.2044322564339636,0.0,0.020000000000000007,1.23,0.0,0.1,0.25,-0.03735048100539598,0.00010336650801327942,-3.565667962825913e-249,3.979925098176106e-05,-0.25003231561997735
1770707798.3015895,1.2044322564339636,0.0,0.020000000000000007,1.23,0.0,0.1,0.25,-0.03735048100539598,0.00010336650801327942,-2.7469736096470063e-249,6.520676277658641e-05,-0.25002162062379785
1770707798.720401,1.2044322564339636,0.0,0.020000000000000007,1.23,0.0,0.1,0.25,-0.03735048100539598,0.00010336650801327942,-2.290303404428525e-249,-1.1759503447424673e-06,-0.25005890950049114
1770707799.1320922,1.2044322564339636,0.0,0.020000000000000007,1.23,0.0,0.1,0.25,-0.03735048100539598,0.00010336650801327942,-1.7766378045869815e-249,-6.87348420815467e-05,-0.2500928065642211
1770707799.545593,1.2044322564339636,0.0,0.020000000000000007,1.23,0.0,0.1,0.25,-0.03735048100539598,0.00010336650801327942,-1.380940529220219e-249,-8.764284362146115e-05,-0.2500973954759714
1770707799.9565332,1.2044322564339636,0.0,0.020000000000000007,1.23,0.0,0.1,0.25,-0.03735048100539598,0.00010336650801327942,-1.0737974365707173e-249,-0.00016391354921977062,-0.2501412670991764
1770707800.3729439,1.2044322564339636,0.0,0.020000000000000007,1.23,0.0,0.1,0.25,-0.03735048100539598,0.00010336650801327942,-7.300138056182723e-250,-7.567919382496411e-05,-0.2500983462864586
1770707800.781355,1.2044322564339636,0.0,0.020000000000000007,1.23,0.0,0.1,0.25,-0.03735048100539598,0.00010336650801327942,-5.66684295064175e-250,1.0554267671593692e-05,-0.25005502946632047
1770707801.1924016,1.2044322564339636,0.0,0.020000000000000007,1.23,0.0,0.1,0.25,-0.03735048100539598,0.00010336650801327942,-4.4060978207380713e-250,-1.737850338581014e-05,-0.2500631657828053
1770707801.6156936,1.2044322564339636,0.0,0.020000000000000007,1.23,0.0,0.1,0.25,-0.03735048100539598,0.00010336650801327942,-3.4205302440296647e-250,5.23266706981703e-06,-0.2500513280375173
1770707802.0355518,1.2044322564339636,0.0,0.020000000000000007,1.23,0.0,0.1,0.25,-0.03735048100539598,0.00010336650801327942,-2.855041306756265e-250,7.285161538059124e-05,-0.25002201934114743
1770707802.460208,1.2044322564339636,0.0,0.020000000000000007,1.23,0.0,0.1,0.25,-0.03735048100539598,0.00010336650801327942,-2.217675387530806e-250,0.00012511445105815324,-0.2500161002550902
1770707802.8827844,1.2044322564339636,0.0,0.020000000000000007,1.23,0.0,0.1,0.25,-0.03735048100539598,0.00010336650801327942,-1.5018976927124654e-250,0.00017196728928731887,-0.2500389856744599
1770707803.3050818,1.2044322564339636,0.0,0.020000000000000007,1.23,0.0,0.1,0.25,-0.03735048100539598,0.00010336650801327942,-1.1565894922370976e-250,0.00010197076722407308,-0.25000769752260094
1770707803.719893,1.2044322564339636,0.0,0.020000000000000007,1.23,0.0,0.1,0.25,-0.03735048100539598,0.00010336650801327942,-9.746612772118192e-251,0.00022192472296846542,-0.25007127450305205
1770707804.1526673,1.2044322564339636,0.0,0.020000000000000007,1.23,0.0,0.1,0.25,-0.03735048100539598,0.00010336650801327942,-7.564243830068413e-251,5.0629563455277423e-05,-0.25004349798823033
1770707804.566565,1.2044322564339636,0.0,0.020000000000000007,1.23,0.0,0.1,0.25,-0.03735048100539598,0.00010336650801327942,-5.8545331735835634e-251,-2.9054659686229495e-05,-0.2500741790061639
1770707804.978466,1.2044322564339636,0.0,0.020000000000000007,1.23,0.0,0.1,0.25,-0.03735048100539598,0.00010336650801327942,-3.9352526419879274e-251,-2.683596513563177e-05,-0.2500653231060295
1770707805.392898,1.2044322564339636,0.0,0.020000000000000007,1.23,0.0,0.1,0.25,-0.03735048100539598,0.00010336650801327942,-3.0821996815982638e-251,7.548676065677267e-05,-0.2500241721462575
1770707805.8165183,1.2044322564339636,0.0,0.020000000000000007,1.23,0.0,0.1,0.25,-0.03735048100539598,0.00010336650801327942,-2.3882466217879973e-251,3.201148572618311e-05,-0.2500400250386366
1770707806.2434654,1.2044322564339636,0.0,0.020000000000000007,1.23,0.0,0.1,0.25,-0.03735048100539598,0.00010336650801327942,-2.0039241443102684e-251,-1.6139672356343055e-05,-0.25006456820599304
1770707806.6986105,1.2044322564339636,0.0,0.020000000000000007,1.23,0.0,0.1,0.25,-0.03735048100539598,0.00010336650801327942,-1.3510049003990355e-251,7.656670560385335e-06,-0.2500502345530181
1770707807.1161766,1.2044322564339636,0.0,0.020000000000000007,1.23,0.0,0.1,0.25,-0.03735048100539598,0.00010336650801327942,-1.0497298704776605e-251,1.254179921274501e-05,-0.25004590086726547
1770707807.5352762,1.2044322564339636,0.0,0.020000000000000007,1.23,0.0,0.1,0.25,-0.03735048100539598,0.00010336650801327942,-8.781031094687087e-252,0.00010416352101785554,-0.2500095606786828
1770707807.9484625,1.2044322564339636,0.0,0.020000000000000007,1.23,0.0,0.1,0.25,-0.03735048100539598,0.00010336650801327942,-6.819959344560219e-252,6.212544791537015e-05,-0.25002482433735923
1770707808.3611853,1.2044322564339636,0.0,0.020000000000000007,1.23,0.0,0.1,0.25,-0.03735048100539598,0.00010336650801327942,-5.312032041759337e-252,7.187198937965878e-05,-0.25001672191346325
1770707808.7945533,1.2044322564339636,0.0,0.020000000000000007,1.23,0.0,0.1,0.25,-0.03735048100539598,0.00010336650801327942,-3.575451613172976e-252,8.560815816762731e-05,-0.2500102527918016
1770707809.2140226,1.2044322564339636,0.0,0.020000000000000007,1.23,0.0,0.1,0.25,-0.03735048100539598,0.00010336650801327942,-2.8004835859176116e-252,7.819980379181372e-05,-0.25001332418754835
1770707809.6366057,1.2044322564339636,0.0,0.020000000000000007,1.23,0.0,0.1,0.25,-0.03735048100539598,0.00010336650801327942,-2.2222427458834397e-252,6.727350922648391e-05,-0.25001913912884993
1770707810.0519323,1.2044322564339636,0.0,0.020000000000000007,1.23,0.0,0.1,0.25,-0.03735048100539598,0.00010336650801327942,-1.7209169203893966e-252,-9.669154550165975e-05,-0.2501164255322303
1770707810.4781554,1.2044322564339636,0.0,0.020000000000000007,1.23,0.0,0.1,0.25,-0.03735048100539598,0.00010336650801327942,-1.2173756977557482e-252,-9.886777201193443e-05,-0.2501013347626636
1770707810.895472,1.2044322564339636,0.0,0.020000000000000007,1.23,0.0,0.1,0.25,-0.03735048100539598,0.00010336650801327942,-9.442454464141233e-253,-0.00012530544371168266,-0.25011697974303243
1770707811.3163724,1.2044322564339636,0.0,0.020000000000000007,1.23,0.0,0.1,0.25,-0.03735048100539598,0.00010336650801327942,-7.33789438302187e-253,-9.680723765378297e-05,-0.2501029366934393
1770707811.736384,1.2044322564339636,0.0,0.020000000000000007,1.23,0.0,0.1,0.25,-0.03735048100539598,0.00010336650801327942,-6.230380438578785e-253,-5.702303459693831e-05,-0.2500841731916108
1770707812.1605325,1.2044322564339636,0.0,0.020000000000000007,1.23,0.0,0.1,0.25,-0.03735048100539598,0.00010336650801327942,-4.8291862812216957e-253,8.218588667801485e-05,-0.2500245112027951
1770707812.5794055,1.2044322564339636,0.0,0.020000000000000007,1.23,0.0,0.1,0.25,-0.03735048100539598,0.00010336650801327942,-3.2212729544232277e-253,0.0001922331776058646,-0.2500554380638891
1770707812.9956577,1.2044322564339636,0.0,0.020000000000000007,1.23,0.0,0.1,0.25,-0.03735048100539598,0.00010336650801327942,-2.4980726414658192e-253,0.000176640106095722,-0.2500381961061922
1770707813.4119923,1.2044322564339636,0.0,0.020000000000000007,1.23,0.0,0.1,0.25,-0.03735048100539598,0.00010336650801327942,-1.9380593713148717e-253,0.00019308451774993114,-0.25004650344603374
1770707813.8293126,1.2044322564339636,0.0,0.020000000000000007,1.23,0.0,0.1,0.25,-0.03735048100539598,0.00010336650801327942,-1.6551859310652472e-253,0.00024407972114612143,-0.250075456126906
1770707814.247412,1.2044322564339636,0.0,0.020000000000000007,1.23,0.0,0.1,0.25,-0.03735048100539598,0.00010336650801327942,-1.141589916469525e-253,0.0002423054722253993,-0.2500696469069981
1770707814.6615546,1.2044322564339636,0.0,0.020000000000000007,1.23,0.0,0.1,0.25,-0.03735048100539598,0.00010336650801327942,-9.930977331212684e-254,0.00011400151877939425,-0.2500181479007277
1770707815.0759513,1.2044322564339636,0.0,0.020000000000000007,1.23,0.0,0.1,0.25,-0.03735048100539598,0.00010336650801327942,-6.61655694025394e-254,0.00012526149435224533,-0.2500120734907268
1770707815.48804,1.2044322564339636,0.0,0.020000000000000007,1.23,0.0,0.1,0.25,-0.03735048100539598,0.00010336650801327942,-5.1320531432636405e-254,1.4040960658826933e-05,-0.25005578482704655
1770707815.9019837,1.2044322564339636,0.0,0.020000000000000007,1.23,0.0,0.1,0.25,-0.03735048100539598,0.00010336650801327942,-3.9837369820665725e-254,-2.8417984470341862e-05,-0.25007013814075474
1770707816.3125434,1.2044322564339636,0.0,0.020000000000000007,1.23,0.0,0.1,0.25,-0.03735048100539598,0.00010336650801327942,-3.0890303600149613e-254,-4.831925350851935e-05,-0.25007783300766473
1770707816.7322738,1.2044322564339636,0.0,0.020000000000000007,1.23,0.0,0.1,0.25,-0.03735048100539598,0.00010336650801327942,-2.6228866492780128e-254,-2.583875697355867e-05,-0.2500668506821469
1770707817.1685336,1.2044322564339636,0.0,0.020000000000000007,1.23,0.0,0.1,0.25,-0.03735048100539598,0.00010336650801327942,-2.0424105380555853e-254,8.730717515594641e-05,-0.2500193442596416
1770707817.580189,1.2044322564339636,0.0,0.020000000000000007,1.23,0.0,0.1,0.25,-0.03735048100539598,0.00010336650801327942,-1.3552020796358066e-254,0.00011314222147728357,-0.25000747136136414
1770707818.01123,1.2044322564339636,0.0,0.020000000000000007,1.23,0.0,0.1,0.25,-0.03735048100539598,0.00010336650801327942,-1.0552077120276507e-254,7.35751695135431e-05,-0.25001885237444627
1770707818.4219866,1.2044322564339636,0.0,0.020000000000000007,1.23,0.0,0.1,0.25,-0.03735048100539598,0.00010336650801327942,-8.959168739378518e-255,0.00011848481388830195,-0.250012050117375
1770707818.8436024,1.2044322564339636,0.0,0.020000000000000007,1.23,0.0,0.1,0.25,-0.03735048100539598,0.00010336650801327942,-6.576680639782647e-255,0.0001860526020302267,-0.25004809982582266
1770707819.255201,1.2044322564339636,0.0,0.020000000000000007,1.23,0.0,0.1,0.25,-0.03735048100539598,0.00010336650801327942,-5.403998104495305e-255,3.4633519674562245e-05,-0.250049508402405
1770707819.68329,1.2044322564339636,0.0,0.020000000000000007,1.23,0.0,0.1,0.25,-0.03735048100539598,0.00010336650801327942,-3.58191149523222e-255,5.476358400717327e-07,-0.25005481802447005
1770707820.1038792,1.2044322564339636,0.0,0.020000000000000007,1.23,0.0,0.1,0.25,-0.03735048100539598,0.00010336650801327942,-2.770118332069207e-255,-8.842390602618184e-05,-0.25010479236120636
1770707820.5168571,1.2044322564339636,0.0,0.020000000000000007,1.23,0.0,0.1,0.25,-0.03735048100539598,0.00010336650801327942,-2.1609974873258365e-255,-0.00014346734914958087,-0.25012892127289377
1770707820.9362636,1.2044322564339636,0.0,0.020000000000000007,1.23,0.0,0.1,0.25,-0.03735048100539598,0.00010336650801327942,-1.831050959553307e-255,-1.1971678610250705e-05,-0.25007081866036573
1770707821.351228,1.2044322564339636,0.0,0.020000000000000007,1.23,0.0,0.1,0.25,-0.03735048100539598,0.00010336650801327942,-1.4289187739498708e-255,-2.9428433207354033e-05,-0.25006814314607
1770707821.7620292,1.2044322564339636,0.0,0.020000000000000007,1.23,0.0,0.1,0.25,-0.03735048100539598,0.00010336650801327942,-1.1096609059921123e-255,1.4979456317940435e-05,-0.2500486343148002
1770707822.176595,1.2044322564339636,0.0,0.020000000000000007,1.23,0.0,0.1,0.25,-0.03735048100539598,0.00010336650801327942,-8.869518927328709e-256,3.48078953169311e-06,-0.25005109272591947
1770707822.5867212,1.2044322564339636,0.0,0.020000000000000007,1.23,0.0,0.1,0.25,-0.03735048100539598,0.00010336650801327942,-5.718081963017536e-256,0.0002178554484897204,-0.250078681936134
1770707822.9965312,1.2044322564339636,0.0,0.020000000000000007,1.23,0.0,0.1,0.25,-0.03735048100539598,0.00010336650801327942,-4.4443101532663977e-256,0.00017676739463958927,-0.2500408092486982
1770707823.4049702,1.2044322564339636,0.0,0.020000000000000007,1.23,0.0,0.1,0.25,-0.03735048100539598,0.00010336650801327942,-3.452228425208623e-256,0.00015357716492455278,-0.2500274243514271
1770707823.8163166,1.2044322564339636,0.0,0.020000000000000007,1.23,0.0,0.1,0.25,-0.03735048100539598,0.00010336650801327942,-2.669359137440309e-256,0.00023480608346279863,-0.25007384267957855
1770707824.24369,1.2044322564339636,0.0,0.020000000000000007,1.23,0.0,0.1,0.25,-0.03735048100539598,0.00010336650801327942,-2.0885864224302424e-256,0.0001577444975203831,-0.2500348951533478
1770707824.661847,1.2044322564339636,0.0,0.020000000000000007,1.23,0.0,0.1,0.25,-0.03735048100539598,0.00010336650801327942,-1.781830271121174e-256,0.0001306812986072474,-0.25001636371518826
1770707825.0732317,1.2044322564339636,0.0,0.020000000000000007,1.23,0.0,0.1,0.25,-0.03735048100539598,0.00010336650801327942,-1.1850761740911719e-256,0.00010118195055808032,-0.2500040422135325
1770707825.4997153,1.2044322564339636,0.0,0.020000000000000007,1.23,0.0,0.1,0.25,-0.03735048100539598,0.00010336650801327942,-9.211353724566383e-257,0.00011995670241575557,-0.250010172572387
1770707825.94602,1.2044322564339636,0.0,0.020000000000000007,1.23,0.0,0.1,0.25,-0.03735048100539598,0.00010336650801327942,-7.844343153195333e-257,6.859721164831166e-05,-0.2500225205972592
1770707826.3616238,1.2044322564339636,0.0,0.020000000000000007,1.23,0.0,0.1,0.25,-0.03735048100539598,0.00010336650801327942,-6.097158127945137e-257,-2.3135404072304697e-05,-0.2500724242176149
1770707826.7744148,1.2044322564339636,0.0,0.020000000000000007,1.23,0.0,0.1,0.25,-0.03735048100539598,0.00010336650801327942,-4.06598912628273e-257,-8.012980391982843e-05,-0.2500974475959513
1770707827.205952,1.2044322564339636,0.0,0.020000000000000007,1.23,0.0,0.1,0.25,-0.03735048100539598,0.00010336650801327942,-3.586595447755078e-257,-5.224163430706803e-06,-0.2500617858997709
1770707827.6172411,1.2044322564339636,0.0,0.020000000000000007,1.23,0.0,0.1,0.25,-0.03735048100539598,0.00010336650801327942,-2.4043003387972363e-257,4.3463991667279564e-05,-0.25003482007368283
1770707828.036365,1.2044322564339636,0.0,0.020000000000000007,1.23,0.0,0.1,0.25,-0.03735048100539598,0.00010336650801327942,-2.0846538635812663e-257,-1.3093249740511223e-05,-0.2500638856030177
1770707828.4565246,1.2044322564339636,0.0,0.020000000000000007,1.23,0.0,0.1,0.25,-0.03735048100539598,0.00010336650801327942,-1.620554688399889e-257,0.00014474010983663688,-0.25003647013686936
1770707828.8740232,1.2044322564339636,0.0,0.020000000000000007,1.23,0.0,0.1,0.25,-0.03735048100539598,0.00010336650801327942,-1.0822893476984883e-257,0.00017118969546974064,-0.25003655655229157
1770707829.2881293,1.2044322564339636,0.0,0.020000000000000007,1.23,0.0,0.1,0.25,-0.03735048100539598,0.00010336650801327942,-8.409404251671884e-258,0.0002810667905156376,-0.2500998378507558
1770707829.7021496,1.2044322564339636,0.0,0.020000000000000007,1.23,0.0,0.1,0.25,-0.03735048100539598,0.00010336650801327942,-6.524112195115796e-258,0.0003733006376118133,-0.25014419044950886
1770707830.1245303,1.2044322564339636,0.0,0.020000000000000007,1.23,0.0,0.1,0.25,-0.03735048100539598,0.00010336650801327942,-5.528328827398537e-258,0.00035546046652807864,-0.25012783099636576
1770707830.5456033,1.2044322564339636,0.0,0.020000000000000007,1.23,0.0,0.1,0.25,-0.03735048100539598,0.00010336650801327942,-4.301358692338768e-258,0.0002802604070569411,-0.25009596695546893
1770707830.9565523,1.2044322564339636,0.0,0.020000000000000007,1.23,0.0,0.1,0.25,-0.03735048100539598,0.00010336650801327942,-2.885504302919449e-258,0.00011678747643929396,-0.2500230577772748
1770707831.378155,1.2044322564339636,0.0,0.020000000000000007,1.23,0.0,0.1,0.25,-0.03735048100539598,0.00010336650801327942,-2.2231405100639483e-258,-1.2999414931877887e-05,-0.2500711616506097
1770707831.7937753,1.2044322564339636,0.0,0.020000000000000007,1.23,0.0,0.1,0.25,-0.03735048100539598,0.00010336650801327942,-1.6816860410303863e-258,5.934485895875565e-05,-0.2500292452519163
1770707832.20807,1.2044322564339636,0.0,0.020000000000000007,1.23,0.0,0.1,0.25,-0.03735048100539598,0.00010336650801327942,-1.3374769953166078e-258,3.295634540391894e-05,-0.25003784393266015
1770707832.6321268,1.2044322564339636,0.0,0.020000000000000007,1.23,0.0,0.1,0.25,-0.03735048100539598,0.00010336650801327942,-1.0740429202737923e-258,4.08054165014799e-05,-0.25003206545286566
1770707833.0452163,1.2044322564339636,0.0,0.020000000000000007,1.23,0.0,0.1,0.25,-0.03735048100539598,0.00010336650801327942,-8.820002843313768e-259,5.22798776978497e-05,-0.2500266907612773
1770707833.4645393,1.2044322564339636,0.0,0.020000000000000007,1.23,0.0,0.1,0.25,-0.03735048100539598,0.00010336650801327942,-6.111874978263474e-259,-4.151739246735854e-05,-0.25008182167725684
1770707833.881698,1.2044322564339636,0.0,0.020000000000000007,1.23,0.0,0.1,0.25,-0.03735048100539598,0.00010336650801327942,-4.5696018489515223e-259,0.00011464161479239588,-0.2500212534541155
1770707834.3090782,1.2044322564339636,0.0,0.020000000000000007,1.23,0.0,0.1,0.25,-0.03735048100539598,0.00010336650801327942,-3.5456030874677403e-259,8.676282691054983e-05,-0.2500110897193395
1770707834.7208445,1.2044322564339636,0.0,0.020000000000000007,1.23,0.0,0.1,0.25,-0.03735048100539598,0.00010336650801327942,-2.750597781942094e-259,0.00024612732077258895,-0.25008731685576585
1770707835.138348,1.2044322564339636,0.0,0.020000000000000007,1.23,0.0,0.1,0.25,-0.03735048100539598,0.00010336650801327942,-2.3298060591877033e-259,0.00023484543828179122,-0.2500668676533834
1770707835.5503316,1.2044322564339636,0.0,0.020000000000000007,1.23,0.0,0.1,0.25,-0.03735048100539598,0.00010336650801327942,-1.8101529337081503e-259,0.00013409945724670167,-0.2500254410727202
1770707835.9703403,1.2044322564339636,0.0,0.020000000000000007,1.23,0.0,0.1,0.25,-0.03735048100539598,0.00010336650801327942,-1.175153780053133e-259,7.961177617443288e-05,-0.2500173261340266
1770707836.3854275,1.2044322564339636,0.0,0.020000000000000007,1.23,0.0,0.1,0.25,-0.03735048100539598,0.00010336650801327942,-9.36757273184474e-260,0.00011271014823342606,-0.25000798165731597
1770707836.811384,1.2044322564339636,0.0,0.020000000000000007,1.23,0.0,0.1,0.25,-0.03735048100539598,0.00010336650801327942,-7.264111989762935e-260,4.3039135590288996e-05,-0.2500371307874758
1770707837.2333362,1.2044322564339636,0.0,0.020000000000000007,1.23,0.0,0.1,0.25,-0.03735048100539598,0.00010336650801327942,-6.1821686689630836e-260,-2.047369100408929e-05,-0.2500682713821681
1770707837.6584418,1.2044322564339636,0.0,0.020000000000000007,1.23,0.0,0.1,0.25,-0.03735048100539598,0.00010336650801327942,-4.798851405007909e-260,6.909836244221808e-05,-0.25002609127813014
1770707838.0775127,1.2044322564339636,0.0,0.020000000000000007,1.23,0.0,0.1,0.25,-0.03735048100539598,0.00010336650801327942,-3.1083388313844623e-260,-4.412538521860936e-05,-0.25008506832138205
1770707838.495243,1.2044322564339636,0.0,0.020000000000000007,1.23,0.0,0.1,0.25,-0.03735048100539598,0.00010336650801327942,-2.480317717819515e-260,7.064885933968019e-05,-0.25002783624879266
1770707838.912363,1.2044322564339636,0.0,0.020000000000000007,1.23,0.0,0.1,0.25,-0.03735048100539598,0.00010336650801327942,-1.8697506330447165e-260,0.00010639209475852439,-0.2500050871169145
1770707839.3279955,1.2044322564339636,0.0,0.020000000000000007,1.23,0.0,0.1,0.25,-0.03735048100539598,0.00010336650801327942,-1.5479695686182683e-260,0.0001550319374858984,-0.25003069669900907
1770707839.7504437,1.2044322564339636,0.0,0.020000000000000007,1.23,0.0,0.1,0.25,-0.03735048100539598,0.00010336650801327942,-1.1908220596198672e-260,0.00013205298404324122,-0.25001664113335925
1770707840.1651206,1.2044322564339636,0.0,0.020000000000000007,1.23,0.0,0.1,0.25,-0.03735048100539598,0.00010336650801327942,-9.344170855822764e-261,0.00024617380258537146,-0.25008281572914026
1770707840.575033,1.2044322564339636,0.0,0.020000000000000007,1.23,0.0,0.1,0.25,-0.03735048100539598,0.00010336650801327942,-6.368042952546983e-261,9.416875564781842e-05,-0.2500197993808765
1770707840.9971843,1.2044322564339636,0.0,0.020000000000000007,1.23,0.0,0.1,0.25,-0.03735048100539598,0.00010336650801327942,-4.939539788872127e-261,7.047122826271546e-05,-0.2500188173926138
1770707841.4227555,1.2044322564339636,0.0,0.020000000000000007,1.23,0.0,0.1,0.25,-0.03735048100539598,0.00010336650801327942,-4.097756451262923e-261,1.1711947306774407e-05,-0.25005170320844883
1770707841.8361719,1.2044322564339636,0.0,0.020000000000000007,1.23,0.0,0.1,0.25,-0.03735048100539598,0.00010336650801327942,-3.185593333746831e-261,-8.570767501645125e-05,-0.25010427905374716
1770707842.2576783,1.2044322564339636,0.0,0.020000000000000007,1.23,0.0,0.1,0.25,-0.03735048100539598,0.00010336650801327942,-2.4836199037117794e-261,-6.419019671839012e-05,-0.25008593010019564
1770707842.6694171,1.2044322564339636,0.0,0.020000000000000007,1.23,0.0,0.1,0.25,-0.03735048100539598,0.00010336650801327942,-1.9367092201748815e-261,-3.184355517091118e-05,-0.25007083969574684
1770707843.1210868,1.2044322564339636,0.0,0.020000000000000007,1.23,0.0,0.1,0.25,-0.03735048100539598,0.00010336650801327942,-1.320230665224593e-261,2.8285176173276106e-05,-0.2500435535390544
1770707843.540403,1.2044322564339636,0.0,0.020000000000000007,1.23,0.0,0.1,0.25,-0.03735048100539598,0.00010336650801327942,-1.0806055562840064e-261,-8.338809193169515e-05,-0.250104544626783
1770707843.9775853,1.2044322564339636,0.0,0.020000000000000007,1.23,0.0,0.1,0.25,-0.03735048100539598,0.00010336650801327942,-7.546258098084874e-262,-3.3385852077368345e-05,-0.25007337640403077
1770707844.38878,1.2044322564339636,0.0,0.020000000000000007,1.23,0.0,0.1,0.25,-0.03735048100539598,0.00010336650801327942,-5.745582756633581e-262,7.661202360247893e-05,-0.25002437702977337
1770707844.8069837,1.2044322564339636,0.0,0.020000000000000007,1.23,0.0,0.1,0.25,-0.03735048100539598,0.00010336650801327942,-4.4595915164266464e-262,0.00017249120486694422,-0.2500441502665533
1770707845.2259765,1.2044322564339636,0.0,0.020000000000000007,1.23,0.0,0.1,0.25,-0.03735048100539598,0.00010336650801327942,-3.4580007090070403e-262,9.280314599659228e-05,-0.2500132504868954
1770707845.642148,1.2044322564339636,0.0,0.020000000000000007,1.23,0.0,0.1,0.25,-0.03735048100539598,0.00010336650801327942,-2.618982112114449e-262,6.886112498611857e-05,-0.25001964689361467
1770707846.0566325,1.2044322564339636,0.0,0.020000000000000007,1.23,0.0,0.1,0.25,-0.03735048100539598,0.00010336650801327942,-2.259414132419977e-262,0.00014253258832404273,-0.2500269501864892
1770707846.4699457,1.2044322564339636,0.0,0.020000000000000007,1.23,0.0,0.1,0.25,-0.03735048100539598,0.00010336650801327942,-1.754416300205716e-262,6.093223446594403e-05,-0.25002937717215945
1770707846.8840995,1.2044322564339636,0.0,0.020000000000000007,1.23,0.0,0.1,0.25,-0.03735048100539598,0.00010336650801327942,-1.1787637085088217e-262,-2.0200149271639947e-05,-0.2500698965670162
1770707847.3080568,1.2044322564339636,0.0,0.020000000000000007,1.23,0.0,0.1,0.25,-0.03735048100539598,0.00010336650801327942,-9.148442220558331e-263,-0.00011352217581651596,-0.25011777654456935
1770707847.7207046,1.2044322564339636,0.0,0.020000000000000007,1.23,0.0,0.1,0.25,-0.03735048100539598,0.00010336650801327942,-7.100672081570456e-263,-0.0001046660204741683,-0.25010490187977796
1770707848.137466,1.2044322564339636,0.0,0.020000000000000007,1.23,0.0,0.1,0.25,-0.03735048100539598,0.00010336650801327942,-5.9771994381979545e-263,-0.00016476204764345585,-0.25014007388054527
1770707848.552182,1.2044322564339636,0.0,0.020000000000000007,1.23,0.0,0.1,0.25,-0.03735048100539598,0.00010336650801327942,-4.636322461966838e-263,-0.00017702266290820762,-0.2501414206469872
1770707848.9661448,1.2044322564339636,0.0,0.020000000000000007,1.23,0.0,0.1,0.25,-0.03735048100539598,0.00010336650801327942,-3.599008457693583e-263,-0.00019824481621484295,-0.25015292787744475
1770707849.3936517,1.2044322564339636,0.0,0.020000000000000007,1.23,0.0,0.1,0.25,-0.03735048100539598,0.00010336650801327942,-2.42006389846788e-263,-5.903888816153742e-05,-0.25009512329089273
1770707849.8148487,1.2044322564339636,0.0,0.020000000000000007,1.23,0.0,0.1,0.25,-0.03735048100539598,0.00010336650801327942,-1.8708546827766484e-263,2.216386056548555e-05,-0.2500487215985966
1770707850.2398577,1.2044322564339636,0.0,0.020000000000000007,1.23,0.0,0.1,0.25,-0.03735048100539598,0.00010336650801327942,-1.5827831314387234e-263,0.00017843164338851412,-0.25005315934596994
1770707850.6665273,1.2044322564339636,0.0,0.020000000000000007,1.23,0.0,0.1,0.25,-0.03735048100539598,0.00010336650801327942,-1.2303207173004154e-263,0.00025398391288382685,-0.2500828639293848
1770707851.079534,1.2044322564339636,0.0,0.020000000000000007,1.23,0.0,0.1,0.25,-0.03735048100539598,0.00010336650801327942,-8.242293690438959e-264,0.0001225221723447997,-0.25002272400621967
1770707851.4926968,1.2044322564339636,0.0,0.020000000000000007,1.23,0.0,0.1,0.25,-0.03735048100539598,0.00010336650801327942,-7.631634726773477e-264,8.597283372359729e-05,-0.25001235177100695
1770707851.9312117,1.2044322564339636,0.0,0.020000000000000007,1.23,0.0,0.1,0.25,-0.03735048100539598,0.00010336650801327942,-5.3947130503435265e-264,2.758101749097067e-05,-0.25004373192688445
1770707852.349268,1.2044322564339636,0.0,0.020000000000000007,1.23,0.0,0.1,0.25,-0.03735048100539598,0.00010336650801327942,-4.191582478916932e-264,-9.891465141966267e-05,-0.25011379014660756
1770707852.7713945,1.2044322564339636,0.0,0.020000000000000007,1.23,0.0,0.1,0.25,-0.03735048100539598,0.00010336650801327942,-3.25293574364979e-264,-1.924674878244533e-05,-0.2500692734186616
1770707853.2034876,1.2044322564339636,0.0,0.020000000000000007,1.23,0.0,0.1,0.25,-0.03735048100539598,0.00010336650801327942,-2.174587909239611e-264,-0.00016375715941025656,-0.25014801287477456
1770707853.6234558,1.2044322564339636,0.0,0.020000000000000007,1.23,0.0,0.1,0.25,-0.03735048100539598,0.00010336650801327942,-1.8381243188039642e-264,-0.00013110954280585476,-0.25012050278707004
1770707854.0403252,1.2044322564339636,0.0,0.020000000000000007,1.23,0.0,0.1,0.25,-0.03735048100539598,0.00010336650801327942,-1.4147026272162865e-264,-0.0001239508438422269,-0.25011437454582414
1770707854.4775715,1.2044322564339636,0.0,0.020000000000000007,1.23,0.0,0.1,0.25,-0.03735048100539598,0.00010336650801327942,-1.0877411790255997e-264,1.110990152826011e-05,-0.25005963437777956
1770707854.8919084,1.2044322564339636,0.0,0.020000000000000007,1.23,0.0,0.1,0.25,-0.03735048100539598,0.00010336650801327942,-8.584825168870081e-265,3.167284156015149e-05,-0.25003790312722973
1770707855.307874,1.2044322564339636,0.0,0.020000000000000007,1.23,0.0,0.1,0.25,-0.03735048100539598,0.00010336650801327942,-5.726372433539538e-265,0.00018054217198490536,-0.25005347476502826
1770707855.7228212,1.2044322564339636,0.0,0.020000000000000007,1.23,0.0,0.1,0.25,-0.03735048100539598,0.00010336650801327942,-4.866596575776068e-265,0.000120119535862781,-0.250014418777537
1770707856.136573,1.2044322564339636,0.0,0.020000000000000007,1.23,0.0,0.1,0.25,-0.03735048100539598,0.00010336650801327942,-3.773121495757289e-265,0.0002523245809431783,-0.250087699540973
1770707856.5577495,1.2044322564339636,0.0,0.020000000000000007,1.23,0.0,0.1,0.25,-0.03735048100539598,0.00010336650801327942,-2.9105343448484345e-265,0.0001700634719595672,-0.25004157459287146
1770707856.9779432,1.2044322564339636,0.0,0.020000000000000007,1.23,0.0,0.1,0.25,-0.03735048100539598,0.00010336650801327942,-1.960721827123817e-265,7.683817976930803e-05,-0.25002258669334104
