t,kp_lin,ki_lin,kd_lin,kp_ang,ki_ang,kd_ang,v_ref,w_ref_raw,w_ref,v_meas,w_meas,reward
1771835418.8462348,1.2,0.0,0.03,1.23,0.0,0.1,0.0,0.0,0.0,0.0,0.0,-0.0
1771835419.2647343,1.2,0.0,0.03,1.23,0.0,0.1,0.0,0.0,0.0,0.0,-3.6930327090707845e-05,-2.2158196254424706e-05
1771835419.6884284,1.2,0.0,0.03,1.23,0.0,0.1,0.0,0.0,0.0,0.0,-0.00014986396322796023,-8.622534522770536e-05
1771835420.098756,1.2,0.0,0.03,1.23,0.0,0.1,0.0,0.0,0.0,0.0,-0.00013172114025621743,-6.767485242528299e-05
1771835420.5110083,1.2,0.0,0.03,1.23,0.0,0.1,0.0,0.0,0.0,0.0,1.363650059044815e-05,-2.1354014379890632e-05
1771835420.9188838,1.2,0.0,0.03,1.23,0.0,0.1,0.0,0.0,0.0,0.0,5.624138783117265e-05,-3.2381182639658775e-05
1771835421.3291855,1.2,0.0,0.03,1.23,0.0,0.1,0.0,0.0,0.0,0.0,1.3820477206597534e-05,-1.115232966575628e-05
1771835421.743421,1.2,0.0,0.03,1.23,0.0,0.1,0.0,0.0,0.0,0.0,7.473464250964939e-05,-4.345873778512988e-05
1771835422.1548579,1.2,0.0,0.03,1.23,0.0,0.1,0.0,0.0,0.0,0.0,1.806524444897115e-05,-1.4699562030553398e-05
1771835422.5611367,1.2,0.0,0.03,1.23,0.0,0.1,0.0,0.0,0.0,0.0,1.6870515043027954e-05,-8.554730462108296e-06
1771835422.9724405,1.2,0.0,0.03,1.23,0.0,0.1,0.0,0.0,0.0,0.0,7.379577448985817e-05,-4.259041318961211e-05
1771835423.3792236,1.2,0.0,0.03,1.23,0.0,0.1,0.0,0.0,0.0,0.0,-3.1886911327085586e-05,-2.651172424523717e-05
1771835423.7894716,1.2,0.0,0.03,1.23,0.0,0.1,0.0,0.0,0.0,0.0,-0.0002682656517212395,-0.00015777069990003512
1771835424.202084,1.2,0.0,0.03,1.23,0.0,0.1,0.0,0.0,0.0,0.0,-0.0002767399902627812,-0.00013921742898554478
1771835424.610789,1.2,0.0,0.03,1.23,0.0,0.1,0.0,0.0,0.0,0.0,-0.00030538376270777996,-0.00015555625859838985
1771835425.0181208,1.2,0.0,0.03,1.23,0.0,0.1,0.0,0.0,0.0,0.0,-0.00023027949461963405,-0.00012265017411863162
1771835425.4267924,1.2,0.0,0.03,1.23,0.0,0.1,0.0,0.0,0.0,0.0,-0.00021265331796947677,-0.00010808927664975412
1771835425.839699,1.2,0.0,0.03,1.23,0.0,0.1,0.0,0.0,0.0,0.0,-0.0001302337714560401,-7.335884037936373e-05
1771835426.2499769,1.2,0.0,0.03,1.23,0.0,0.1,0.0,0.0,0.0,0.0,1.1339944240313344e-05,-1.9827343689792018e-05
1771835426.6614811,1.2,0.0,0.03,1.23,0.0,0.1,0.0,0.0,0.0,0.0,-3.519772282453119e-05,-2.225262811875005e-05
1771835427.0672016,1.2,0.0,0.03,1.23,0.0,0.1,0.0,0.0,0.0,0.0,7.234681768952399e-05,-4.692786289616751e-05
1771835427.4737623,1.2,0.0,0.03,1.23,0.0,0.1,0.0,0.0,0.0,0.0,-4.070440308498352e-05,-3.165732361994251e-05
1771835427.880587,1.2,0.0,0.03,1.23,0.0,0.1,0.0,0.0,0.0,0.0,-9.181136161919243e-06,-7.74289477326605e-06
1771835428.2937503,1.2,0.0,0.03,1.23,0.0,0.1,0.0,0.0,0.0,0.0,-7.099983058867237e-06,-3.758106839738819e-06
1771835428.7044501,1.2,0.0,0.03,1.23,0.0,0.1,0.0,0.0,0.0,0.0,-9.974804658199674e-05,-5.913882964331132e-05
1771835429.1146398,1.2,0.0,0.03,1.23,0.0,0.1,0.0,0.0,0.0,0.0,-0.0001988717683109822,-0.00010934825632838965
1771835429.5220034,1.2,0.0,0.03,1.23,0.0,0.1,0.0,0.0,0.0,0.0,-0.00012307076150015755,-6.911548143116124e-05
1771835429.9308543,1.2,0.0,0.03,1.23,0.0,0.1,0.0,0.0,0.0,0.0,-0.00011335817363209553,-5.7650345602853964e-05
1771835430.344108,1.2,0.0,0.03,1.23,0.0,0.1,0.0,0.0,0.0,0.0,-0.0002031477011615337,-0.00011055280333371068
1771835430.7856596,1.2,0.0,0.03,1.23,0.0,0.1,0.0,0.0,0.0,0.0,-6.347859274735163e-05,-4.570620721509402e-05
1771835431.1976118,1.2,0.0,0.03,1.23,0.0,0.1,0.0,0.0,0.0,0.0,-0.00014619770703319594,-8.137076494518241e-05
1771835431.608327,1.2,0.0,0.03,1.23,0.0,0.1,0.0,0.0,0.0,0.0,-6.247472139089246e-05,-3.9609659259676574e-05
1771835432.018044,1.2,0.0,0.03,1.23,0.0,0.1,0.0,0.0,0.0,0.0,-1.3614844156783682e-05,-1.169340980180272e-05
1771835432.4270036,1.2,0.0,0.03,1.23,0.0,0.1,0.0,0.0,0.0,0.0,8.676482730314346e-05,-5.342038079756444e-05
1771835432.8494554,1.2,0.0,0.03,1.23,0.0,0.1,0.0,0.0,0.0,0.0,0.00011324150266132226,-5.926841886647901e-05
1771835433.257679,1.2,0.0,0.03,1.23,0.0,0.1,0.0,0.0,0.0,0.0,-6.666442778505269e-05,-5.132280693716384e-05
1771835433.663238,1.2,0.0,0.03,1.23,0.0,0.1,0.0,0.0,0.0,0.0,-1.5816338559605415e-05,-1.2992978202347435e-05
1771835434.0699582,1.2,0.0,0.03,1.23,0.0,0.1,0.0,0.0,0.0,0.0,-8.998913531684257e-05,-5.2411847334145e-05
1771835434.4814556,1.2,0.0,0.03,1.23,0.0,0.1,0.0,0.0,0.0,0.0,-0.00019516038562479877,-0.000108097317843195
1771835434.8882968,1.2,0.0,0.03,1.23,0.0,0.1,0.0,0.0,0.0,0.0,-0.0002432993479602785,-0.00012646357021368722
1771835435.2982082,1.2,0.0,0.03,1.23,0.0,0.1,0.0,0.0,0.0,0.0,-0.00012547706507297815,-7.452076082521911e-05
1771835435.7085195,1.2,0.0,0.03,1.23,0.0,0.1,0.0,0.0,0.0,0.0,-0.0001682707941268876,-8.841476996883475e-05
1771835436.1161215,1.2,0.0,0.03,1.23,0.0,0.1,0.0,0.0,0.0,0.0,-2.586301564418072e-05,-2.717228567036105e-05
1771835436.5216322,1.2,0.0,0.03,1.23,0.0,0.1,0.0,0.0,0.0,0.0,-0.00011006188981185478,-6.345083232269479e-05
1771835436.927752,1.2,0.0,0.03,1.23,0.0,0.1,0.0,0.0,0.0,0.0,-2.3563752314771743e-05,-2.0431689907094176e-05
1771835437.3380215,1.2,0.0,0.03,1.23,0.0,0.1,0.0,0.0,0.0,0.0,-5.022246444404668e-05,-2.7777103434950833e-05
1771835437.7458725,1.2,0.0,0.03,1.23,0.0,0.1,0.0,0.0,0.0,0.0,2.547532664976178e-05,-2.0307442434261737e-05
1771835438.1574795,1.2,0.0,0.03,1.23,0.0,0.1,0.0,0.0,0.0,0.0,-3.052249762822681e-05,-2.0861031241912265e-05
1771835438.562573,1.2,0.0,0.03,1.23,0.0,0.1,0.0,0.0,0.0,0.0,-6.830922172541482e-05,-3.793328327242621e-05
1771835438.9699755,1.2,0.0,0.03,1.23,0.0,0.1,0.0,0.0,0.0,0.0,-0.00015647252850122217,-8.705259492819183e-05
1771835439.3804917,1.2,0.0,0.03,1.23,0.0,0.1,0.0,0.0,0.0,0.0,-0.00020113377392538394,-0.00010503301150510815
1771835439.789154,1.2,0.0,0.03,1.23,0.0,0.1,0.0,0.0,0.0,0.0,-0.00016371844467058836,-8.560075526077374e-05
1771835440.1993492,1.2,0.0,0.03,1.23,0.0,0.1,0.0,0.0,0.0,0.0,-0.00034957061315274895,-0.00019337052342459054
1771835440.609508,1.2,0.0,0.03,1.23,0.0,0.1,0.0,0.0,0.0,0.0,-0.00022558851533465828,-0.0001251924674491382
1771835441.0154436,1.2,0.0,0.03,1.23,0.0,0.1,0.0,0.0,0.0,0.0,-0.00020738380347596797,-0.00010551237292385301
1771835441.4249477,1.2,0.0,0.03,1.23,0.0,0.1,0.0,0.0,0.0,0.0,-9.336299442176332e-05,-5.8083578116302124e-05
1771835441.8317792,1.2,0.0,0.03,1.23,0.0,0.1,0.0,0.0,0.0,0.0,-4.5878603219154427e-05,-2.7687740729838104e-05
1771835442.2438972,1.2,0.0,0.03,1.23,0.0,0.1,0.0,0.0,0.0,0.0,-9.831381637059579e-05,-5.440042950044203e-05
1771835442.6533945,1.2,0.0,0.03,1.23,0.0,0.1,0.0,0.0,0.0,0.0,-1.3214969492149012e-05,-1.5117369433919184e-05
1771835443.0611618,1.2,0.0,0.03,1.23,0.0,0.1,0.0,0.0,0.0,0.0,2.5992007601548383e-06,-2.8810174053078045e-06
1771835443.470722,1.2,0.0,0.03,1.23,0.0,0.1,0.0,0.0,0.0,0.0,-7.309808098646063e-05,-4.411876866789186e-05
1771835443.877123,1.2,0.0,0.03,1.23,0.0,0.1,0.0,0.0,0.0,0.0,-0.00010524473725783976,-5.5837034256057796e-05
1771835444.282457,1.2,0.0,0.03,1.23,0.0,0.1,0.0,0.0,0.0,0.0,-9.931052530131511e-05,-5.024868384631002e-05
1771835444.6966753,1.2,0.0,0.03,1.23,0.0,0.1,0.0,0.0,0.0,0.0,-0.0002390023610576962,-0.0001334703641044862
1771835445.1060047,1.2,0.0,0.03,1.23,0.0,0.1,0.0,0.0,0.0,0.0,-0.0001947847692450455,-0.00010181414380378782
1771835445.5171254,1.2,0.0,0.03,1.23,0.0,0.1,0.0,0.0,0.0,0.0,-0.00029917349014218825,-0.0001600256171608084
1771835445.9264958,1.2,0.0,0.03,1.23,0.0,0.1,0.0,0.0,0.0,0.0,-0.0002753993074903869,-0.00014007707201037358
1771835446.3329408,1.2,0.0,0.03,1.23,0.0,0.1,0.0,0.0,0.0,0.0,-0.00023028821728509927,-0.0001196552176630784
1771835446.740934,1.2,0.0,0.03,1.23,0.0,0.1,0.0,0.0,0.0,0.0,-0.000205222789869215,-0.00010511793767619593
1771835447.1464357,1.2,0.0,0.03,1.23,0.0,0.1,0.0,0.0,0.0,0.0,-7.125032144876605e-05,-4.9022407566427926e-05
1771835447.5559387,1.2,0.0,0.03,1.23,0.0,0.1,0.0,0.0,0.0,0.0,-0.00015699699414322728,-8.707316434105976e-05
1771835447.9604454,1.2,0.0,0.03,1.23,0.0,0.1,0.0,0.0,0.0,0.0,-3.433561206071882e-05,-2.943394423861026e-05
1771835448.365392,1.2,0.0,0.03,1.23,0.0,0.1,0.0,0.0,0.0,0.0,-5.678578459938974e-05,-3.063790955356196e-05
1771835448.7709627,1.2,0.0,0.03,1.23,0.0,0.1,0.0,0.0,0.0,0.0,-2.8279600007534778e-05,-1.6990418462952886e-05
1771835449.1809947,1.2,0.0,0.03,1.23,0.0,0.1,0.0,0.0,0.0,0.0,-0.0002531881602125206,-0.00014908493612675889
1771835449.5909865,1.2,0.0,0.03,1.23,0.0,0.1,0.0,0.0,0.0,0.0,-0.000307211742057437,-0.00015900822921321013
1771835450.0024338,1.2,0.0,0.03,1.23,0.0,0.1,0.0,0.0,0.0,0.0,-0.00046466758255044976,-0.00024807937532452613
1771835450.4096491,1.2,0.0,0.03,1.23,0.0,0.1,0.0,0.0,0.0,0.0,-0.0003578538407703962,-0.00018960829456320346
1771835450.8163836,1.2,0.0,0.03,1.23,0.0,0.1,0.0,0.0,0.0,0.0,-0.0004058656663125612,-0.0002077340157104971
1771835451.2217326,1.2,0.0,0.03,1.23,0.0,0.1,0.0,0.0,0.0,0.0,-0.0003504276716881323,-0.00018075763530650904
1771835451.630263,1.2,0.0,0.03,1.23,0.0,0.1,0.0,0.0,0.0,0.0,-0.00028946284556053054,-0.00015082790539302544
1771835452.0369449,1.2,0.0,0.03,1.23,0.0,0.1,0.0,0.0,0.0,0.0,-0.00015950439774050775,-9.274804365225615e-05
1771835452.445378,1.2,0.0,0.03,1.23,0.0,0.1,0.0,0.0,0.0,0.0,-0.00015177129857947384,-7.665895920584031e-05
1771835452.8551488,1.2,0.0,0.03,1.23,0.0,0.1,0.0,0.0,0.0,0.0,-0.0001551757374524761,-7.792831261353828e-05
1771835453.2638795,1.2,0.0,0.03,1.23,0.0,0.1,0.0,0.0,0.0,0.0,-0.0002183194259742767,-0.00011547408183931842
1771835453.6698895,1.2,0.0,0.03,1.23,0.0,0.1,0.0,0.0,0.0,0.0,-0.00022567210625485445,-0.00011357132115548499
1771835454.0768385,1.2,0.0,0.03,1.23,0.0,0.1,0.0,0.0,0.0,0.0,-0.00020290164930889226,-0.00010372787034904235
1771835454.492962,1.2,0.0,0.03,1.23,0.0,0.1,0.0,0.0,0.0,0.0,-0.00021472596474290007,-0.00010854541391485081
1771835454.8998837,1.2,0.0,0.03,1.23,0.0,0.1,0.0,0.0,0.0,0.0,-0.00014757061767065215,-8.050084354255087e-05
1771835455.3098254,1.2,0.0,0.03,1.23,0.0,0.1,0.0,0.0,0.0,0.0,-0.00018420982304792952,-9.576883206169249e-05
1771835455.7162457,1.2,0.0,0.03,1.23,0.0,0.1,0.0,0.0,0.0,0.0,-0.0002113990202981741,-0.00010841842987411152
1771835456.1235666,1.2,0.0,0.03,1.23,0.0,0.1,0.0,0.0,0.0,0.0,-0.00019152945034842363,-9.775168216918687e-05
1771835456.5364926,1.2,0.0,0.03,1.23,0.0,0.1,0.0,0.0,0.0,0.0,-0.00024142042331900057,-0.000125699308956558
1771835456.9453893,1.2,0.0,0.03,1.23,0.0,0.1,0.0,0.0,0.0,0.0,-0.00031626742697662887,-0.00016561841385407725
1771835457.3530107,1.2,0.0,0.03,1.23,0.0,0.1,0.0,0.0,0.0,0.0,-0.0002798147909215625,-0.00014355265906628787
1771835457.7581708,1.2,0.0,0.03,1.23,0.0,0.1,0.0,0.0,0.0,0.0,-1.1087922814510805e-05,-3.241664821796057e-05
1771835458.1626341,1.2,0.0,0.03,1.23,0.0,0.1,0.0,0.0,0.0,0.0,-0.00012362786876659676,-7.306792897850698e-05
1771835458.5684483,1.2,0.0,0.03,1.23,0.0,0.1,0.0,0.0,0.0,0.0,-8.551560386959784e-06,-1.578341103144359e-05
1771835458.975411,1.2,0.0,0.03,1.23,0.0,0.1,0.0,0.0,0.0,0.0,-0.00015969589922932447,-9.496238349889871e-05
1771835459.3842597,1.2,0.0,0.03,1.23,0.0,0.1,0.0,0.0,0.0,0.0,-0.00010763158317770711,-5.902222319401529e-05
1771835459.8001845,1.2,0.0,0.03,1.23,0.0,0.1,0.0,0.0,0.0,0.0,-0.00014304300279791517,-7.506264336097839e-05
1771835460.207585,1.2,0.0,0.03,1.23,0.0,0.1,0.0,0.0,0.0,0.0,-0.00015499289757366745,-7.869143826440894e-05
1771835460.6178048,1.2,0.0,0.03,1.23,0.0,0.1,0.0,0.0,0.0,0.0,-0.00021109454415128615,-0.00011115743673340494
1771835461.026846,1.2,0.0,0.03,1.23,0.0,0.1,0.0,0.0,0.0,0.0,-0.0003399114905596005,-0.0001828374399206317
1771835461.433399,1.2,0.0,0.03,1.23,0.0,0.1,0.0,0.0,0.0,0.0,-0.0003050938015655569,-0.0001560286696821828
1771835461.8418078,1.2,0.0,0.03,1.23,0.0,0.1,0.0,0.0,0.0,0.0,-0.0002849466482942112,-0.00014448803947424016
1771835462.2509074,1.2,0.0,0.03,1.23,0.0,0.1,0.0,0.0,0.0,0.0,-0.0002692853959109723,-0.00013620882319381004
1771835462.6570644,1.2,0.0,0.03,1.23,0.0,0.1,0.0,0.0,0.0,0.0,-0.0002767508862499172,-0.00013912199215885307
1771835463.0679235,1.2,0.0,0.03,1.23,0.0,0.1,0.0,0.0,0.0,0.0,-0.00034207992601439463,-0.00017757286698364506
1771835463.4729064,1.2,0.0,0.03,1.23,0.0,0.1,0.0,0.0,0.0,0.0,-0.0001259316816794716,-8.45806652732281e-05
1771835463.8835876,1.2,0.0,0.03,1.23,0.0,0.1,0.0,0.0,0.0,0.0,-9.542475470378998e-05,-5.076307004946315e-05
1771835464.290848,1.2,0.0,0.03,1.23,0.0,0.1,0.0,0.0,0.0,0.0,-8.504009227978836e-05,-4.355851238229434e-05
1771835464.7004647,1.2,0.0,0.03,1.23,0.0,0.1,0.0,0.0,0.0,0.0,5.4367023160117836e-05,-4.112422312404954e-05
1771835465.108861,1.2,0.0,0.03,1.23,0.0,0.1,0.0,0.0,0.0,0.0,-7.084569209544064e-05,-4.794411757327617e-05
1771835465.5170052,1.2,0.0,0.03,1.23,0.0,0.1,0.0,0.0,0.0,0.0,-0.00019569652358404735,-0.00011033334494088434
1771835465.9228108,1.2,0.0,0.03,1.23,0.0,0.1,0.0,0.0,0.0,0.0,-9.5688647633949e-05,-5.784511141198433e-05
1771835466.3395472,1.2,0.0,0.03,1.23,0.0,0.1,0.0,0.0,0.0,0.0,-0.00016703444731989536,-9.065180362854232e-05
1771835466.7457638,1.2,0.0,0.03,1.23,0.0,0.1,0.0,0.0,0.0,0.0,-0.00030223456842466543,-0.00016463729632280972
1771835467.1527274,1.2,0.0,0.03,1.23,0.0,0.1,0.0,0.0,0.0,0.0,-0.0001604831186283794,-9.44167042938183e-05
1771835467.559808,1.2,0.0,0.03,1.23,0.0,0.1,0.0,0.0,0.0,0.0,-6.376912750299198e-05,-4.155596286403473e-05
1771835467.9672377,1.2,0.0,0.03,1.23,0.0,0.1,0.0,0.0,0.0,0.0,-0.00018363051672002406,-0.00010380139728171523
1771835468.37327,1.2,0.0,0.03,1.23,0.0,0.1,0.0,0.0,0.0,0.0,-0.00010443332354905703,-6.013638109162522e-05
1771835468.7819507,1.2,0.0,0.03,1.23,0.0,0.1,0.0,0.0,0.0,0.0,2.8868188230403034e-05,-2.7764245293147523e-05
1771835469.1900396,1.2,0.0,0.03,1.23,0.0,0.1,0.0,0.0,0.0,0.0,-2.4978151945643002e-05,-1.7873709990426104e-05
1771835469.5996342,1.2,0.0,0.03,1.23,0.0,0.1,0.0,0.0,0.0,0.0,-0.00011625486986377342,-6.725510672369975e-05
1771835470.0133827,1.2,0.0,0.03,1.23,0.0,0.1,0.0,0.0,0.0,0.0,-0.00023655708659728656,-0.0001303087649719946
1771835470.4219036,1.2,0.0,0.03,1.23,0.0,0.1,0.0,0.0,0.0,0.0,-0.0002979470088984111,-0.000155112496679318
1771835470.8363633,1.2,0.0,0.03,1.23,0.0,0.1,0.0,0.0,0.0,0.0,-0.0003951651648069139,-0.00020730439799430722
1771835471.2477717,1.2,0.0,0.03,1.23,0.0,0.1,0.0,0.0,0.0,0.0,-0.0004289852260196376,-0.00021787461913109116
1771835471.6568696,1.2,0.0,0.03,1.23,0.0,0.1,0.0,0.0,0.0,0.0,-0.0003765334983996393,-0.00019351192196181947
1771835472.063414,1.2,0.0,0.03,1.23,0.0,0.1,0.0,0.0,0.0,0.0,-0.0003027509790630564,-0.00015875374146518648
1771835472.4717672,1.2,0.0,0.03,1.23,0.0,0.1,0.0,0.0,0.0,0.0,-0.0003106890396402915,-0.00015613832587786926
1771835472.8815713,1.2,0.0,0.03,1.23,0.0,0.1,0.0,0.0,0.0,0.0,-0.0002255219061347586,-0.0001212776664179326
1771835473.2904758,1.2,0.0,0.03,1.23,0.0,0.1,0.0,0.0,0.0,0.0,-0.00014534386953330114,-8.068973842679631e-05
1771835473.7016318,1.2,0.0,0.03,1.23,0.0,0.1,0.0,0.0,0.0,0.0,-9.02881885501391e-05,-5.064966237338575e-05
1771835474.1106212,1.2,0.0,0.03,1.23,0.0,0.1,0.0,0.0,0.0,0.0,-2.5162911877266493e-05,-1.9093983605920506e-05
1771835474.517564,1.2,0.0,0.03,1.23,0.0,0.1,0.0,0.0,0.0,0.0,4.408953080566595e-05,-2.897000967112622e-05
1771835474.926592,1.2,0.0,0.03,1.23,0.0,0.1,0.0,0.0,0.0,0.0,3.330717966408862e-05,-1.773182494620204e-05
1771835475.3355522,1.2,0.0,0.03,1.23,0.0,0.1,0.0,0.0,0.0,0.0,-6.168659995730688e-05,-4.034267794079299e-05
1771835475.7488868,1.2,0.0,0.03,1.23,0.0,0.1,0.0,0.0,0.0,0.0,-0.00026349935542362157,-0.00015193095325844225
1771835476.1557825,1.2,0.0,0.03,1.23,0.0,0.1,0.0,0.0,0.0,0.0,-0.00024984312733104894,-0.00012628718647478173
1771835476.5629215,1.2,0.0,0.03,1.23,0.0,0.1,0.0,0.0,0.0,0.0,-0.00024556050854461037,-0.00012320851615094905
1771835476.9698007,1.2,0.0,0.03,1.23,0.0,0.1,0.0,0.0,0.0,0.0,-0.00019114039118265977,-0.00010101220732752494
1771835477.3795924,1.2,0.0,0.03,1.23,0.0,0.1,0.0,0.0,0.0,0.0,-0.00021840018656072143,-0.00011192607281816689
1771835477.789641,1.2,0.0,0.03,1.23,0.0,0.1,0.0,0.0,0.0,0.0,-0.0001906908325130568,-9.811635166129486e-05
1771835478.1977582,1.2,0.0,0.03,1.23,0.0,0.1,0.0,0.0,0.0,0.0,-6.610189900185332e-05,-4.550984285204701e-05
1771835478.6072001,1.2,0.0,0.03,1.23,0.0,0.1,0.0,0.0,0.0,0.0,-0.00010816104521995092,-5.828643723178522e-05
1771835479.0222924,1.2,0.0,0.03,1.23,0.0,0.1,0.0,0.0,0.0,0.0,-0.00011973065628441869,-6.102228924865612e-05
1771835479.4297278,1.2,0.0,0.03,1.23,0.0,0.1,0.0,0.0,0.0,0.0,-3.973297389129797e-05,-2.7866255184961053e-05
1771835479.8402374,1.2,0.0,0.03,1.23,0.0,0.1,0.0,0.0,0.0,0.0,-5.018855413414798e-05,-2.613983509135899e-05
1771835480.249327,1.2,0.0,0.03,1.23,0.0,0.1,0.0,0.0,0.0,0.0,-3.212537615466458e-05,-1.786900587528063e-05
1771835480.6566699,1.2,0.0,0.03,1.23,0.0,0.1,0.0,0.0,0.0,0.0,3.236992175846884e-05,-2.2634490670547765e-05
1771835481.0609252,1.2,0.0,0.03,1.23,0.0,0.1,0.0,0.0,0.0,0.0,-0.00018782866524270187,-0.000115934191321468
1771835481.467423,1.2,0.0,0.03,1.23,0.0,0.1,0.0,0.0,0.0,0.0,-0.00023027737202241226,-0.00011938355668917717
1771835481.8723543,1.2,0.0,0.03,1.23,0.0,0.1,0.0,0.0,0.0,0.0,-0.0002093208009829078,-0.00010675605759540435
1771835482.2826104,1.2,0.0,0.03,1.23,0.0,0.1,0.0,0.0,0.0,0.0,-0.00031595148397640536,-0.00016863881028755245
1771835482.708999,1.2,0.0,0.03,1.23,0.0,0.1,0.0,0.0,0.0,0.0,-0.00022653661038105587,-0.00012220979255006287
1771835483.1717117,1.2,0.0,0.03,1.23,0.0,0.1,0.0,0.0,0.0,0.0,-0.00030171577402216383,-0.00015837580337519272
1771835483.580917,1.2,0.0,0.03,1.23,0.0,0.1,0.0,0.0,0.0,0.0,-0.0002372079564810512,-0.00012505475999463687
1771835483.997172,1.2,0.0,0.03,1.23,0.0,0.1,0.0,0.0,0.0,0.0,-0.000250026042855327,-0.0001262948300650911
1771835484.4306548,1.2,0.0,0.03,1.23,0.0,0.1,0.0,0.0,0.0,0.0,-0.00017061387236711378,-9.324815323237821e-05
1771835484.8404593,1.2,0.0,0.03,1.23,0.0,0.1,0.0,0.0,0.0,0.0,-3.138294409177992e-05,-2.9614564873423344e-05
1771835485.262628,1.2,0.0,0.03,1.23,0.0,0.1,0.0,0.0,0.0,0.0,3.021433461677627e-06,-4.951154486184568e-06
1771835485.6752985,1.2,0.0,0.03,1.23,0.0,0.1,0.0,0.0,0.0,0.0,-0.00012876902495765133,-7.756355832075857e-05
1771835486.1169643,1.2,0.0,0.03,1.23,0.0,0.1,0.0,0.0,0.0,0.0,-0.0002843516619049258,-0.00015773409464719034
1771835486.533086,1.2,0.0,0.03,1.23,0.0,0.1,0.0,0.0,0.0,0.0,-0.0004332093957394318,-0.00023149047125316648
1771835486.9439201,1.2,0.0,0.03,1.23,0.0,0.1,0.0,0.0,0.0,0.0,-0.0004641163758568629,-0.00023514888594017457
1771835487.3547802,1.2,0.0,0.03,1.23,0.0,0.1,0.0,0.0,0.0,0.0,-0.0004455679332406487,-0.00022463881088194578
1771835487.776555,1.2,0.0,0.03,1.23,0.0,0.1,0.0,0.0,0.0,0.0,-0.00034029356592199956,-0.0001806742196928647
1771835488.1843994,1.2,0.0,0.03,1.23,0.0,0.1,0.0,0.0,0.0,0.0,-0.0003210126061054846,-0.0001624343990343938
1771835488.62759,1.2,0.0,0.03,1.23,0.0,0.1,0.0,0.0,0.0,0.0,-0.00026604829376675605,-0.00013852057811725087
1771835489.1502903,1.2,0.0,0.03,1.23,0.0,0.1,0.0,0.0,0.0,0.0,-0.00020653664457367992,-0.00010921948720614758
1771835489.629567,1.2,0.0,0.03,1.23,0.0,0.1,0.0,0.0,0.0,0.0,-0.00019021659996264822,-9.674030444242728e-05
1771835490.0734708,1.2,0.0,0.03,1.23,0.0,0.1,0.0,0.0,0.0,0.0,-0.0001603270649452314,-8.315248597435737e-05
1771835490.4884646,1.2,0.0,0.03,1.23,0.0,0.1,0.0,0.0,0.0,0.0,-0.00013374931499644303,-6.953243249310034e-05
1771835490.898515,1.2,0.0,0.03,1.23,0.0,0.1,0.0,0.0,0.0,0.0,-0.00016325815928303313,-8.457996407017558e-05
1771835491.3084946,1.2,0.0,0.03,1.23,0.0,0.1,0.0,0.0,0.0,0.0,-0.00013826850703654696,-7.16332187429221e-05
1771835491.7388887,1.2,0.0,0.03,1.23,0.0,0.1,0.0,0.0,0.0,0.0,-0.000179300999142181,-9.375374878165392e-05
1771835492.1628141,1.2,0.0,0.03,1.23,0.0,0.1,0.0,0.0,0.0,0.0,-0.00021598341054093794,-0.00011165994641034466
1771835492.5838897,1.2,0.0,0.03,1.23,0.0,0.1,0.0,0.0,0.0,0.0,-0.00020203901649677052,-0.000102413947652802
1771835493.0131876,1.2,0.0,0.03,1.23,0.0,0.1,0.0,0.0,0.0,0.0,-0.00023959703743917706,-0.00012355432081382917
1771835493.491337,1.2,0.0,0.03,1.23,0.0,0.1,0.0,0.0,0.0,0.0,-0.00022874011858382452,-0.00011545575117744751
1771835493.9116232,1.2,0.0,0.03,1.23,0.0,0.1,0.0,0.0,0.0,0.0,-0.00039610297372021254,-0.00021478777237374507
1771835494.3218048,1.2,0.0,0.03,1.23,0.0,0.1,0.0,0.0,0.0,0.0,-0.0003260664630436547,-0.00017003688258948314
1771835494.7346966,1.2,0.0,0.03,1.23,0.0,0.1,0.0,0.0,0.0,0.0,-0.00025890126512755334,-0.0001361671523553868
1771835495.140916,1.2,0.0,0.03,1.23,0.0,0.1,0.0,0.0,0.0,0.0,-0.00020063529269246996,-0.00010614424358974331
1771835495.54724,1.2,0.0,0.03,1.23,0.0,0.1,0.0,0.0,0.0,0.0,-0.0002948046664027983,-0.000156819270572432
1771835495.9592519,1.2,0.0,0.03,1.23,0.0,0.1,0.0,0.0,0.0,0.0,-0.00021901672489578323,-0.00011708715659859313
1771835496.3672538,1.2,0.0,0.03,1.23,0.0,0.1,0.0,0.0,0.0,0.0,-0.000201068987764069,-0.00010232926759520592
1771835496.7746851,1.2,0.0,0.03,1.23,0.0,0.1,0.0,0.0,0.0,0.0,-0.00016536652588448476,-8.625350913020081e-05
1771835497.1833334,1.2,0.0,0.03,1.23,0.0,0.1,0.0,0.0,0.0,0.0,-0.00010267492003946043,-5.760662060423265e-05
1771835497.5987778,1.2,0.0,0.03,1.23,0.0,0.1,0.0,0.0,0.0,0.0,-0.00020036795136293682,-0.00010995327881381605
1771835498.0081372,1.2,0.0,0.03,1.23,0.0,0.1,0.0,0.0,0.0,0.0,-0.0002727402649960171,-0.0001436073638613166
1771835498.4164011,1.2,0.0,0.03,1.23,0.0,0.1,0.0,0.0,0.0,0.0,-0.00024385076952302323,-0.000124814334308811
1771835498.8265915,1.2,0.0,0.03,1.23,0.0,0.1,0.0,0.0,0.0,0.0,-0.00013350720304410445,-7.778795816994411e-05
1771835499.234763,1.2,0.0,0.03,1.23,0.0,0.1,0.0,0.0,0.0,0.0,-0.0001876853692198296,-9.926050122748733e-05
1771835499.6411607,1.2,0.0,0.03,1.23,0.0,0.1,0.0,0.0,0.0,0.0,-0.00014266364776316961,-7.58339960272508e-05
1771835500.0551093,1.2,0.0,0.03,1.23,0.0,0.1,0.0,0.0,0.0,0.0,1.3390765828600587e-05,-2.2300824273477314e-05
1771835500.4608233,1.2,0.0,0.03,1.23,0.0,0.1,0.0,0.0,0.0,0.0,-5.593871695554839e-05,-3.490230675618909e-05
1771835500.866239,1.2,0.0,0.03,1.23,0.0,0.1,0.0,0.0,0.0,0.0,-4.683044824679776e-05,-2.4326050994273946e-05
1771835501.2723627,1.2,0.0,0.03,1.23,0.0,0.1,0.0,0.0,0.0,0.0,4.893283079894879e-05,-3.404274330404905e-05
1771835501.6803327,1.2,0.0,0.03,1.23,0.0,0.1,0.0,0.0,0.0,0.0,2.790248567600691e-05,-1.6054277350297645e-05
1771835502.0886757,1.2,0.0,0.03,1.23,0.0,0.1,0.0,0.0,0.0,0.0,-0.0001168428453322872,-7.289595576697301e-05
1771835502.4974644,1.2,0.0,0.03,1.23,0.0,0.1,0.0,0.0,0.0,0.0,-9.580892200851809e-05,-5.0007853336635956e-05
1771835502.9067574,1.2,0.0,0.03,1.23,0.0,0.1,0.0,0.0,0.0,0.0,-8.452872937955744e-05,-4.339238395267479e-05
1771835503.3159456,1.2,0.0,0.03,1.23,0.0,0.1,0.0,0.0,0.0,0.0,-9.341701349140986e-05,-4.759733515689017e-05
1771835503.7229524,1.2,0.0,0.03,1.23,0.0,0.1,0.0,0.0,0.0,0.0,-7.728754170838989e-05,-4.025671803249694e-05
1771835504.1297116,1.2,0.0,0.03,1.23,0.0,0.1,0.0,0.0,0.0,0.0,-7.715946408815405e-05,-3.859253980610061e-05
1771835504.5420656,1.2,0.0,0.03,1.23,0.0,0.1,0.0,0.0,0.0,0.0,-0.0001890617491051126,-0.00010572110305425216
1771835504.955699,1.2,0.0,0.03,1.23,0.0,0.1,0.0,0.0,0.0,0.0,-6.573818937044809e-05,-4.5201450658690497e-05
1771835505.3627653,1.2,0.0,0.03,1.23,0.0,0.1,0.0,0.0,0.0,0.0,1.2886046555530896e-05,-1.4305446870363348e-05
1771835505.772813,1.2,0.0,0.03,1.23,0.0,0.1,0.0,0.0,0.0,0.0,2.9218053944303133e-05,-1.624222771102879e-05
1771835506.1817944,1.2,0.0,0.03,1.23,0.0,0.1,0.0,0.0,0.0,0.0,-2.481148593766842e-05,-1.7808696957031367e-05
1771835506.5894952,1.2,0.0,0.03,1.23,0.0,0.1,0.0,0.0,0.0,0.0,2.0697478307706666e-05,-1.4899635578390842e-05
1771835506.9973156,1.2,0.0,0.03,1.23,0.0,0.1,0.0,0.0,0.0,0.0,-8.412986174327997e-06,-7.117539535367465e-06
1771835507.4069777,1.2,0.0,0.03,1.23,0.0,0.1,0.0,0.0,0.0,0.0,-5.36386699475457e-05,-3.134190335109462e-05
1771835507.8136184,1.2,0.0,0.03,1.23,0.0,0.1,0.0,0.0,0.0,0.0,-0.00010758802923188456,-5.9188950544376164e-05
1771835508.2228458,1.2,0.0,0.03,1.23,0.0,0.1,0.0,0.0,0.0,0.0,-0.00016372101482922132,-8.747380597434433e-05
1771835508.632948,1.2,0.0,0.03,1.23,0.0,0.1,0.0,0.0,0.0,0.0,-0.0002615447082065022,-0.00014055472344097917
1771835509.0454328,1.2,0.0,0.03,1.23,0.0,0.1,0.0,0.0,0.0,0.0,-0.0002123246696587516,-0.00011108433868415086
1771835509.4528472,1.2,0.0,0.03,1.23,0.0,0.1,0.0,0.0,0.0,0.0,-8.386746628094599e-05,-5.4779453478253556e-05
1771835509.8606122,1.2,0.0,0.03,1.23,0.0,0.1,0.0,0.0,0.0,0.0,-3.8474430515952184e-05,-2.377651883447547e-05
1771835510.2669318,1.2,0.0,0.03,1.23,0.0,0.1,0.0,0.0,0.0,0.0,-2.8046726555215296e-05,-1.5066133673681337e-05
1771835510.673843,1.2,0.0,0.03,1.23,0.0,0.1,0.0,0.0,0.0,0.0,7.431344201007378e-05,-4.73927378615658e-05
1771835511.0823934,1.2,0.0,0.03,1.23,0.0,0.1,0.0,0.0,0.0,0.0,0.00018753854803825522,-0.00010509178462194576
1771835511.4911156,1.2,0.0,0.03,1.23,0.0,0.1,0.0,0.0,0.0,0.0,2.986588427081049e-05,-3.070020851214972e-05
1771835511.8991015,1.2,0.0,0.03,1.23,0.0,0.1,0.0,0.0,0.0,0.0,-1.4117505685964254e-05,-1.1457091838659601e-05
1771835512.3079152,1.2,0.0,0.03,1.23,0.0,0.1,0.0,0.0,0.0,0.0,0.00012605767765181094,-7.7046357159683e-05
1771835512.718366,1.2,0.0,0.03,1.23,0.0,0.1,0.0,0.0,0.0,0.0,7.945406985255294e-06,-1.5783930559283212e-05
1771835513.1260436,1.2,0.0,0.03,1.23,0.0,0.1,0.0,0.0,0.0,0.0,6.0190864652553415e-06,-3.202175284627666e-06
1771835513.5352154,1.2,0.0,0.03,1.23,0.0,0.1,0.0,0.0,0.0,0.0,-6.06051976636762e-05,-3.6965027244731254e-05
1771835513.9450848,1.2,0.0,0.03,1.23,0.0,0.1,0.0,0.0,0.0,0.0,-0.0001414015131036949,-7.878038809584932e-05
1771835514.353722,1.2,0.0,0.03,1.23,0.0,0.1,0.0,0.0,0.0,0.0,-0.0002686979753720168,-0.0001470786339128406
1771835514.758857,1.2,0.0,0.03,1.23,0.0,0.1,0.0,0.0,0.0,0.0,-0.00017416315647102528,-9.653506012561179e-05
1771835515.1695154,1.2,0.0,0.03,1.23,0.0,0.1,0.0,0.0,0.0,0.0,-0.00021407132082511103,-0.00011102647684796409
1771835515.5768883,1.2,0.0,0.03,1.23,0.0,0.1,0.0,0.0,0.0,0.0,-0.00015317330129229669,-8.267645259942978e-05
1771835515.9865649,1.2,0.0,0.03,1.23,0.0,0.1,0.0,0.0,0.0,0.0,-0.00013231211685322438,-6.824217687051943e-05
1771835516.392188,1.2,0.0,0.03,1.23,0.0,0.1,0.0,0.0,0.0,0.0,-8.821765466874188e-05,-4.851827355281919e-05
1771835516.800627,1.2,0.0,0.03,1.23,0.0,0.1,0.0,0.0,0.0,0.0,3.7276427869266656e-05,-3.118762218843418e-05
1771835517.206604,1.2,0.0,0.03,1.23,0.0,0.1,0.0,0.0,0.0,0.0,3.135781950211291e-05,-1.627077058777183e-05
1771835517.6145716,1.2,0.0,0.03,1.23,0.0,0.1,0.0,0.0,0.0,0.0,2.7601352999218674e-05,-1.4176323149898761e-05
1771835518.0216541,1.2,0.0,0.03,1.23,0.0,0.1,0.0,0.0,0.0,0.0,6.023110189016175e-05,-3.3378525834175184e-05
1771835518.430373,1.2,0.0,0.03,1.23,0.0,0.1,0.0,0.0,0.0,0.0,-5.2572189362254376e-05,-3.75664238063688e-05
1771835518.8372045,1.2,0.0,0.03,1.23,0.0,0.1,0.0,0.0,0.0,0.0,-0.00027936060260925295,-0.00016235914262932634
1771835519.2474198,1.2,0.0,0.03,1.23,0.0,0.1,0.0,0.0,0.0,0.0,-0.0004018572134685139,-0.00021317826782018303
1771835519.65972,1.2,0.0,0.03,1.23,0.0,0.1,0.0,0.0,0.0,0.0,-0.0003436620739688168,-0.00017765055093437812
1771835520.0674806,1.2,0.0,0.03,1.23,0.0,0.1,0.0,0.0,0.0,0.0,-0.00014779658732306437,-9.348484232610743e-05
1771835520.4737754,1.2,0.0,0.03,1.23,0.0,0.1,0.0,0.0,0.0,0.0,-0.0002906355453792248,-0.00015960166849522846
1771835520.8805685,1.2,0.0,0.03,1.23,0.0,0.1,0.0,0.0,0.0,0.0,-0.00020598100003101454,-0.0001114559545503283
1771835521.2878923,1.2,0.0,0.03,1.23,0.0,0.1,0.0,0.0,0.0,0.0,-6.751270207582186e-05,-4.76031808334302e-05
1771835521.693034,1.2,0.0,0.03,1.23,0.0,0.1,0.0,0.0,0.0,0.0,-0.00013492307684802814,-7.420257590123469e-05
1771835522.1014886,1.2,0.0,0.03,1.23,0.0,0.1,0.0,0.0,0.0,0.0,-8.525884173811674e-06,-1.6902661354327485e-05
1771835522.5122013,1.2,0.0,0.03,1.23,0.0,0.1,0.0,0.0,0.0,0.0,-8.966279143003046e-06,-4.527179068420661e-06
1771835522.9229875,1.2,0.0,0.03,1.23,0.0,0.1,0.0,0.0,0.0,0.0,-2.2524813637473446e-05,-1.2618260268183763e-05
1771835523.3308344,1.2,0.0,0.03,1.23,0.0,0.1,0.0,0.0,0.0,0.0,-3.934048780203992e-05,-2.1351811317476607e-05
1771835523.7523699,1.2,0.0,0.03,1.23,0.0,0.1,0.0,0.0,0.0,0.0,-0.00014752176159127896,-8.457900817456338e-05
1771835524.1589897,1.2,0.0,0.03,1.23,0.0,0.1,0.0,0.0,0.0,0.0,-0.00015687964291141046,-7.937560958771838e-05
1771835524.5638654,1.2,0.0,0.03,1.23,0.0,0.1,0.0,0.0,0.0,0.0,-0.00017648022685953692,-9.02001718245811e-05
1771835524.969395,1.2,0.0,0.03,1.23,0.0,0.1,0.0,0.0,0.0,0.0,-0.0002877526470028979,-0.00015500356551578505
1771835525.375231,1.2,0.0,0.03,1.23,0.0,0.1,0.0,0.0,0.0,0.0,-0.0001226050154401011,-7.781727087633023e-05
1771835525.781042,1.2,0.0,0.03,1.23,0.0,0.1,0.0,0.0,0.0,0.0,-6.509324707246623e-05,-3.82978003729966e-05
1771835526.1893783,1.2,0.0,0.03,1.23,0.0,0.1,0.0,0.0,0.0,0.0,-0.00024524499781770713,-0.00014063767398337767
1771835526.5942948,1.2,0.0,0.03,1.23,0.0,0.1,0.0,0.0,0.0,0.0,-0.00010746878007478508,-6.751201181168474e-05
1771835527.002462,1.2,0.0,0.03,1.23,0.0,0.1,0.0,0.0,0.0,0.0,-0.0001164956558847147,-5.9150515523350314e-05
1771835527.411604,1.2,0.0,0.03,1.23,0.0,0.1,0.0,0.0,0.0,0.0,-0.0001247544285291324,-6.320309152900798e-05
1771835527.824312,1.2,0.0,0.03,1.23,0.0,0.1,0.0,0.0,0.0,0.0,-0.00016679385829789734,-8.760087212582516e-05
1771835528.2320213,1.2,0.0,0.03,1.23,0.0,0.1,0.0,0.0,0.0,0.0,3.5751674586013355e-05,-3.813039058139775e-05
1771835528.6400917,1.2,0.0,0.03,1.23,0.0,0.1,0.0,0.0,0.0,0.0,-0.0001557113314491175,-9.700196632807183e-05
1771835529.0484064,1.2,0.0,0.03,1.23,0.0,0.1,0.0,0.0,0.0,0.0,-0.0001731480007992068,-8.831766733461232e-05
1771835529.4567635,1.2,0.0,0.03,1.23,0.0,0.1,0.0,0.0,0.0,0.0,-0.00015494454594472968,-7.929261845781255e-05
1771835529.862793,1.2,0.0,0.03,1.23,0.0,0.1,0.0,0.0,0.0,0.0,-0.00014170341534073625,-7.217582073076747e-05
1771835530.269957,1.2,0.0,0.03,1.23,0.0,0.1,0.0,0.0,0.0,0.0,-0.0003317399462753474,-0.00018487362623113482
1771835530.6794913,1.2,0.0,0.03,1.23,0.0,0.1,0.0,0.0,0.0,0.0,-6.571949009550049e-05,-5.946179066573494e-05
1771835531.0906866,1.2,0.0,0.03,1.23,0.0,0.1,0.0,0.0,0.0,0.0,-7.323465939298276e-05,-3.7368846626239606e-05
1771835531.499331,1.2,0.0,0.03,1.23,0.0,0.1,0.0,0.0,0.0,0.0,-0.00014365356451208325,-7.886867276795168e-05
1771835531.9095502,1.2,0.0,0.03,1.23,0.0,0.1,0.0,0.0,0.0,0.0,-3.509964966297699e-05,-2.8405216316399123e-05
1771835532.3171523,1.2,0.0,0.03,1.23,0.0,0.1,0.0,0.0,0.0,0.0,-3.1026029528763804e-05,-1.5920376777803222e-05
1771835532.7267048,1.2,0.0,0.03,1.23,0.0,0.1,0.0,0.0,0.0,0.0,-5.77154607025712e-05,-3.1526673468666335e-05
1771835533.134575,1.2,0.0,0.03,1.23,0.0,0.1,0.0,0.0,0.0,0.0,-9.905103412221799e-05,-5.365907440307367e-05
1771835533.543481,1.2,0.0,0.03,1.23,0.0,0.1,0.0,0.0,0.0,0.0,-5.446377283941738e-05,-3.169061254798875e-05
1771835533.9575381,1.2,0.0,0.03,1.23,0.0,0.1,0.0,0.0,0.0,0.0,-0.00015837421012604002,-8.957814879168228e-05
1771835534.3618612,1.2,0.0,0.03,1.23,0.0,0.1,0.0,0.0,0.0,0.0,-0.00023226238458358894,-0.00012352000973754937
1771835534.7693603,1.2,0.0,0.03,1.23,0.0,0.1,0.0,0.0,0.0,0.0,-0.0002477322272601332,-0.00012541309789772102
1771835535.174797,1.2,0.0,0.03,1.23,0.0,0.1,0.0,0.0,0.0,0.0,-0.00017535637996917287,-9.491577471368247e-05
1771835535.5821307,1.2,0.0,0.03,1.23,0.0,0.1,0.0,0.0,0.0,0.0,-0.0001976743063724894,-0.00010106894582657635
1771835535.9878457,1.2,0.0,0.03,1.23,0.0,0.1,0.0,0.0,0.0,0.0,-0.00034639635847865486,-0.00018807038444994397
1771835536.3944333,1.2,0.0,0.03,1.23,0.0,0.1,0.0,0.0,0.0,0.0,-0.0001548849989669449,-9.659363543464345e-05
1771835536.801929,1.2,0.0,0.03,1.23,0.0,0.1,0.0,0.0,0.0,0.0,-0.00013694314875929594,-7.026575940041287e-05
1771835537.2095826,1.2,0.0,0.03,1.23,0.0,0.1,0.0,0.0,0.0,0.0,-0.0001074188660985581,-5.666186131535283e-05
1771835537.6211865,1.2,0.0,0.03,1.23,0.0,0.1,0.0,0.0,0.0,0.0,-0.00019366166404745564,-0.00010545511181861757
1771835538.0378158,1.2,0.0,0.03,1.23,0.0,0.1,0.0,0.0,0.0,0.0,-0.00015135075448916764,-7.990646820041262e-05
1771835538.4442437,1.2,0.0,0.03,1.23,0.0,0.1,0.0,0.0,0.0,0.0,-5.524619713795312e-05,-3.723355430409801e-05
1771835538.8553917,1.2,0.0,0.03,1.23,0.0,0.1,0.0,0.0,0.0,0.0,7.156188189288865e-05,-4.84617488495285e-05
1771835539.2607412,1.2,0.0,0.03,1.23,0.0,0.1,0.0,0.0,0.0,0.0,-0.00013928786245981319,-9.072890566517678e-05
1771835539.664971,1.2,0.0,0.03,1.23,0.0,0.1,0.0,0.0,0.0,0.0,9.142289215173452e-06,-1.941415977508539e-05
1771835540.0709038,1.2,0.0,0.03,1.23,0.0,0.1,0.0,0.0,0.0,0.0,-0.00010987163465098516,-6.683720971210845e-05
1771835540.4798443,1.2,0.0,0.03,1.23,0.0,0.1,0.0,0.0,0.0,0.0,-0.00012642516216525713,-6.486793383405577e-05
1771835540.8945432,1.2,0.0,0.03,1.23,0.0,0.1,0.0,0.0,0.0,0.0,-0.0001621174323176676,-8.462794317407484e-05
1771835541.3075593,1.2,0.0,0.03,1.23,0.0,0.1,0.0,0.0,0.0,0.0,-0.00014247640838817367,-7.320230658703623e-05
1771835541.715714,1.2,0.0,0.03,1.23,0.0,0.1,0.0,0.0,0.0,0.0,-0.0001434968693828704,-7.185048079090486e-05
1771835542.1237864,1.2,0.0,0.03,1.23,0.0,0.1,0.0,0.0,0.0,0.0,-0.0001864298239545919,-9.75082074344681e-05
1771835542.5304801,1.2,0.0,0.03,1.23,0.0,0.1,0.0,0.0,0.0,0.0,-0.0001422809866346828,-7.555537704933231e-05
1771835542.9385233,1.2,0.0,0.03,1.23,0.0,0.1,0.0,0.0,0.0,0.0,-0.0001083271664807356,-5.755896525576252e-05
1771835543.3530529,1.2,0.0,0.03,1.23,0.0,0.1,0.0,0.0,0.0,0.0,-0.000156441000910848,-8.303188389843524e-05
1771835543.7630305,1.2,0.0,0.03,1.23,0.0,0.1,0.0,0.0,0.0,0.0,-0.00013892570412082653,-7.121438173941541e-05
1771835544.169782,1.2,0.0,0.03,1.23,0.0,0.1,0.0,0.0,0.0,0.0,-8.136525284979296e-05,-4.643867155199984e-05
1771835544.5814488,1.2,0.0,0.03,1.23,0.0,0.1,0.0,0.0,0.0,0.0,-0.0002699254047742155,-0.00015381871757955002
1771835544.989153,1.2,0.0,0.03,1.23,0.0,0.1,0.0,0.0,0.0,0.0,-0.0004289612539331,-0.00023038421188243847
1771835545.3992162,1.2,0.0,0.03,1.23,0.0,0.1,0.0,0.0,0.0,0.0,-0.00034078975821353436,-0.00017921202867872375
1771835545.8063776,1.2,0.0,0.03,1.23,0.0,0.1,0.0,0.0,0.0,0.0,-0.0003253388107805329,-0.0001642145001335666
1771835546.213721,1.2,0.0,0.03,1.23,0.0,0.1,0.0,0.0,0.0,0.0,-0.0002809126845033024,-0.00014489895487937427
1771835546.6227214,1.2,0.0,0.03,1.23,0.0,0.1,0.0,0.0,0.0,0.0,-0.00020074188288161826,-0.00010838802160297755
1771835547.03251,1.2,0.0,0.03,1.23,0.0,0.1,0.0,0.0,0.0,0.0,-0.00016097213940864349,-8.446304405161923e-05
1771835547.4410217,1.2,0.0,0.03,1.23,0.0,0.1,0.0,0.0,0.0,0.0,-0.00014715984540850352,-7.496115210426575e-05
1771835547.8486116,1.2,0.0,0.03,1.23,0.0,0.1,0.0,0.0,0.0,0.0,-0.0001370689846307934,-6.954357839316772e-05
1771835548.2586622,1.2,0.0,0.03,1.23,0.0,0.1,0.0,0.0,0.0,0.0,-0.00014554192357273075,-7.361825568055911e-05
1771835548.665923,1.2,0.0,0.03,1.23,0.0,0.1,0.0,0.0,0.0,0.0,-7.773972730895096e-05,-4.565008328085346e-05
1771835549.0737364,1.2,0.0,0.03,1.23,0.0,0.1,0.0,0.0,0.0,0.0,-5.21231218884179e-05,-2.8623221486262257e-05
1771835549.4818463,1.2,0.0,0.03,1.23,0.0,0.1,0.0,0.0,0.0,0.0,3.8633594190091086e-06,-7.530327840247256e-06
1771835549.8926456,1.2,0.0,0.03,1.23,0.0,0.1,0.0,0.0,0.0,0.0,-0.00014404969425324418,-8.681615249384741e-05
1771835550.3020973,1.2,0.0,0.03,1.23,0.0,0.1,0.0,0.0,0.0,0.0,-0.00015623567539434785,-7.933643581128429e-05
1771835550.7103837,1.2,0.0,0.03,1.23,0.0,0.1,0.0,0.0,0.0,0.0,-0.0002153538224619354,-0.00011358872593772646
1771835551.1213832,1.2,0.0,0.03,1.23,0.0,0.1,0.0,0.0,0.0,0.0,-0.00012353394321179277,-7.094895953091065e-05
1771835551.5315998,1.2,0.0,0.03,1.23,0.0,0.1,0.0,0.0,0.0,0.0,-8.923905476887364e-05,-4.8049016228728736e-05
1771835551.939756,1.2,0.0,0.03,1.23,0.0,0.1,0.0,0.0,0.0,0.0,-0.00010381765232754055,-5.336668591963696e-05
1771835552.3470714,1.2,0.0,0.03,1.23,0.0,0.1,0.0,0.0,0.0,0.0,-0.00012279792272449676,-6.3296988401944e-05
1771835552.7535386,1.2,0.0,0.03,1.23,0.0,0.1,0.0,0.0,0.0,0.0,-0.00011056636805157885,-5.6506339493081214e-05
1771835553.1594906,1.2,0.0,0.03,1.23,0.0,0.1,0.0,0.0,0.0,0.0,-7.739225943512469e-05,-4.201354057920776e-05
1771835553.569394,1.2,0.0,0.03,1.23,0.0,0.1,0.0,0.0,0.0,0.0,-8.154435194957269e-05,-4.118738522623115e-05
1771835553.9743423,1.2,0.0,0.03,1.23,0.0,0.1,0.0,0.0,0.0,0.0,-6.64189889537282e-05,-3.4722030776448546e-05
1771835554.38354,1.2,0.0,0.03,1.23,0.0,0.1,0.0,0.0,0.0,0.0,-7.181727048844442e-05,-3.6448463397693835e-05
1771835554.79043,1.2,0.0,0.03,1.23,0.0,0.1,0.0,0.0,0.0,0.0,-9.411195357363322e-05,-4.928544509533549e-05
1771835555.2005496,1.2,0.0,0.03,1.23,0.0,0.1,0.0,0.0,0.0,0.0,-0.0001625712879762073,-8.813157742836107e-05
1771835555.6062932,1.2,0.0,0.03,1.23,0.0,0.1,0.0,0.0,0.0,0.0,-0.00022593679685918423,-0.00011930494931788981
1771835556.0125356,1.2,0.0,0.03,1.23,0.0,0.1,0.0,0.0,0.0,0.0,-0.00018001264810360833,-9.459873892736175e-05
1771835556.4276009,1.2,0.0,0.03,1.23,0.0,0.1,0.0,0.0,0.0,0.0,-0.0002053323093613058,-0.00010519812080642265
1771835556.837785,1.2,0.0,0.03,1.23,0.0,0.1,0.0,0.0,0.0,0.0,-0.00025644687167057986,-0.00013333489206621734
1771835557.2478883,1.2,0.0,0.03,1.23,0.0,0.1,0.0,0.0,0.0,0.0,-0.0002644386526005217,-0.00013301850439325505
1771835557.655957,1.2,0.0,0.03,1.23,0.0,0.1,0.0,0.0,0.0,0.0,-0.0002449284517409892,-0.00012441524595644784
1771835558.0638263,1.2,0.0,0.03,1.23,0.0,0.1,0.0,0.0,0.0,0.0,-0.00014207251989623826,-8.132185313259422e-05
1771835558.474998,1.2,0.0,0.03,1.23,0.0,0.1,0.0,0.0,0.0,0.0,-0.000116525238436916,-6.0817347364390226e-05
1771835558.8807318,1.2,0.0,0.03,1.23,0.0,0.1,0.0,0.0,0.0,0.0,3.7799309110088473e-06,-1.392048239029691e-05
1771835559.2898984,1.2,0.0,0.03,1.23,0.0,0.1,0.0,0.0,0.0,0.0,-3.294284617767573e-05,-2.0143700797706324e-05
1771835559.699924,1.2,0.0,0.03,1.23,0.0,0.1,0.0,0.0,0.0,0.0,-0.00010721994363595691,-6.103768156380656e-05
1771835560.1093554,1.2,0.0,0.03,1.23,0.0,0.1,0.0,0.0,0.0,0.0,-0.00014406293816029435,-7.571576853258092e-05
1771835560.5173242,1.2,0.0,0.03,1.23,0.0,0.1,0.0,0.0,0.0,0.0,-0.0002130723898024545,-0.00011343714006544326
1771835560.9233303,1.2,0.0,0.03,1.23,0.0,0.1,0.0,0.0,0.0,0.0,-0.00018741302530791596,-9.627244910341184e-05
1771835561.3308742,1.2,0.0,0.03,1.23,0.0,0.1,0.0,0.0,0.0,0.0,-0.00023993237878155988,-0.00012521812473814434
1771835561.7401872,1.2,0.0,0.03,1.23,0.0,0.1,0.0,0.0,0.0,0.0,-0.00021539907161993098,-0.00011015286652612838
1771835562.1463196,1.2,0.0,0.03,1.23,0.0,0.1,0.0,0.0,0.0,0.0,-0.00011972689046041344,-6.943066334615847e-05
1771835562.5593712,1.2,0.0,0.03,1.23,0.0,0.1,0.0,0.0,0.0,0.0,-0.00015630092753307533,-8.180786747380386e-05
1771835562.9651499,1.2,0.0,0.03,1.23,0.0,0.1,0.0,0.0,0.0,0.0,-0.00013722706951228635,-7.052092055822208e-05
1771835563.385724,1.2,0.0,0.03,1.23,0.0,0.1,0.0,0.0,0.0,0.0,-0.00019074158013264214,-0.00010072224112835665
1771835563.79343,1.2,0.0,0.03,1.23,0.0,0.1,0.0,0.0,0.0,0.0,1.167367225998543e-05,-2.6078361369255473e-05
1771835564.2013,1.2,0.0,0.03,1.23,0.0,0.1,0.0,0.0,0.0,0.0,7.607273956967538e-05,-4.447627651580669e-05
1771835564.608493,1.2,0.0,0.03,1.23,0.0,0.1,0.0,0.0,0.0,0.0,0.00010348847351308024,-5.44858101508806e-05
1771835565.0135405,1.2,0.0,0.03,1.23,0.0,0.1,0.0,0.0,0.0,0.0,-2.597896469073226e-05,-2.5936226165747382e-05
1771835565.425579,1.2,0.0,0.03,1.23,0.0,0.1,0.0,0.0,0.0,0.0,1.0787494491466319e-05,-9.070393163953017e-06
1771835565.8349233,1.2,0.0,0.03,1.23,0.0,0.1,0.0,0.0,0.0,0.0,-0.00016509091796091286,-0.00010013330022569435
1771835566.2445416,1.2,0.0,0.03,1.23,0.0,0.1,0.0,0.0,0.0,0.0,-0.00029415478544658524,-0.00015998377947185985
1771835566.6591635,1.2,0.0,0.03,1.23,0.0,0.1,0.0,0.0,0.0,0.0,-0.000266982097239339,-0.00013620831744039411
1771835567.0636268,1.2,0.0,0.03,1.23,0.0,0.1,0.0,0.0,0.0,0.0,-2.9310100239344256e-05,-3.84222498196716e-05
1771835567.4739146,1.2,0.0,0.03,1.23,0.0,0.1,0.0,0.0,0.0,0.0,-0.00025693919336289755,-0.0001512325059938041
1771835567.880733,1.2,0.0,0.03,1.23,0.0,0.1,0.0,0.0,0.0,0.0,-0.00041115551798714744,-0.0002209993914559987
1771835568.292505,1.2,0.0,0.03,1.23,0.0,0.1,0.0,0.0,0.0,0.0,-0.00027032622508010184,-0.00014924604183075548
1771835568.6993263,1.2,0.0,0.03,1.23,0.0,0.1,0.0,0.0,0.0,0.0,-0.00029318331819919093,-0.00014887736841150438
1771835569.1113691,1.2,0.0,0.03,1.23,0.0,0.1,0.0,0.0,0.0,0.0,-0.00011528786068478567,-7.543347609383336e-05
1771835569.5230458,1.2,0.0,0.03,1.23,0.0,0.1,0.0,0.0,0.0,0.0,-6.481424088198234e-05,-3.74544824212715e-05
1771835569.9301727,1.2,0.0,0.03,1.23,0.0,0.1,0.0,0.0,0.0,0.0,-9.025471281973083e-05,-4.7671403603640267e-05
1771835570.3396091,1.2,0.0,0.03,1.23,0.0,0.1,0.0,0.0,0.0,0.0,-8.889957866088335e-05,-4.458530274632642e-05
1771835570.7473207,1.2,0.0,0.03,1.23,0.0,0.1,0.0,0.0,0.0,0.0,-0.00010726433901209362,-5.5468645541167835e-05
1771835571.155053,1.2,0.0,0.03,1.23,0.0,0.1,0.0,0.0,0.0,0.0,-0.0001561902838729616,-8.29877364225676e-05
1771835571.5618138,1.2,0.0,0.03,1.23,0.0,0.1,0.0,0.0,0.0,0.0,-0.00023534817381599501,-0.00012558987590230084
1771835571.9695265,1.2,0.0,0.03,1.23,0.0,0.1,0.0,0.0,0.0,0.0,-0.00025399103139708053,-0.00012885980145664882
1771835572.3754108,1.2,0.0,0.03,1.23,0.0,0.1,0.0,0.0,0.0,0.0,-0.00023749189269564776,-0.00012039586021796716
1771835572.7884624,1.2,0.0,0.03,1.23,0.0,0.1,0.0,0.0,0.0,0.0,-0.00023987028603096749,-0.00012017298234901572
1771835573.1962821,1.2,0.0,0.03,1.23,0.0,0.1,0.0,0.0,0.0,0.0,-0.00020217544006119587,-0.0001048572046275751
1771835573.603141,1.2,0.0,0.03,1.23,0.0,0.1,0.0,0.0,0.0,0.0,-4.160530105270828e-05,-3.6859664427202893e-05
1771835574.0125031,1.2,0.0,0.03,1.23,0.0,0.1,0.0,0.0,0.0,0.0,-4.634214055615741e-05,-2.364475422842362e-05
1771835574.423688,1.2,0.0,0.03,1.23,0.0,0.1,0.0,0.0,0.0,0.0,4.68814498771539e-05,-3.276308398190808e-05
1771835574.8327534,1.2,0.0,0.03,1.23,0.0,0.1,0.0,0.0,0.0,0.0,-5.145490129871979e-05,-3.556108576694727e-05
1771835575.2381992,1.2,0.0,0.03,1.23,0.0,0.1,0.0,0.0,0.0,0.0,5.032272228680713e-05,-3.5339123501956256e-05
1771835575.6466317,1.2,0.0,0.03,1.23,0.0,0.1,0.0,0.0,0.0,0.0,-5.969095150278334e-05,-4.084684313035072e-05
1771835576.05654,1.2,0.0,0.03,1.23,0.0,0.1,0.0,0.0,0.0,0.0,-4.6801915180304506e-05,-2.4689861222400137e-05
1771835576.461707,1.2,0.0,0.03,1.23,0.0,0.1,0.0,0.0,0.0,0.0,-0.00021869502450995896,-0.00012653682318794493
1771835576.89155,1.2,0.0,0.03,1.23,0.0,0.1,0.0,0.0,0.0,0.0,-0.00014449336489416178,-7.96668484086606e-05
1771835577.3247664,1.2,0.0,0.03,1.23,0.0,0.1,0.0,0.0,0.0,0.0,-0.00023419537584859362,-0.00012606788901973998
1771835577.752911,1.2,0.0,0.03,1.23,0.0,0.1,0.0,0.0,0.0,0.0,-0.00019330340061210434,-0.0001007408978297011
1771835578.164177,1.2,0.0,0.03,1.23,0.0,0.1,0.0,0.0,0.0,0.0,-0.0001599242804705015,-8.330005224941103e-05
1771835578.5707595,1.2,0.0,0.03,1.23,0.0,0.1,0.0,0.0,0.0,0.0,-0.0001881956247494469,-9.692494680261798e-05
1771835578.9772859,1.2,0.0,0.03,1.23,0.0,0.1,0.0,0.0,0.0,0.0,-4.006932296961638e-05,-3.484729166279124e-05
1771835579.416943,1.2,0.0,0.03,1.23,0.0,0.1,0.0,0.0,0.0,0.0,-5.237637248350482e-06,-6.101987196301832e-06
1771835579.822827,1.2,0.0,0.03,1.23,0.0,0.1,0.0,0.0,0.0,0.0,-6.999515244069101e-05,-4.1473327739579556e-05
1771835580.230045,1.2,0.0,0.03,1.23,0.0,0.1,0.0,0.0,0.0,0.0,6.427486798846138e-05,-4.556443603714593e-05
1771835580.638804,1.2,0.0,0.03,1.23,0.0,0.1,0.0,0.0,0.0,0.0,0.00014593614571704747,-8.113420063138234e-05
1771835581.0457964,1.2,0.0,0.03,1.23,0.0,0.1,0.0,0.0,0.0,0.0,0.00012604874579736925,-6.501311289065244e-05
1771835581.4587061,1.2,0.0,0.03,1.23,0.0,0.1,0.0,0.0,0.0,0.0,-9.744187835041384e-05,-7.107000158998523e-05
1771835581.8683057,1.2,0.0,0.03,1.23,0.0,0.1,0.0,0.0,0.0,0.0,-8.002652503945055e-05,-4.1754797850821604e-05
1771835582.2735243,1.2,0.0,0.03,1.23,0.0,0.1,0.0,0.0,0.0,0.0,-8.092356669348472e-05,-4.055148751214578e-05
1771835582.682118,1.2,0.0,0.03,1.23,0.0,0.1,0.0,0.0,0.0,0.0,-6.840571292608929e-05,-3.545464183978419e-05
1771835583.0918622,1.2,0.0,0.03,1.23,0.0,0.1,0.0,0.0,0.0,0.0,-0.00013794233675156587,-7.592483075833059e-05
1771835583.499534,1.2,0.0,0.03,1.23,0.0,0.1,0.0,0.0,0.0,0.0,2.4992980288010658e-05,-2.879002184796298e-05
1771835583.908008,1.2,0.0,0.03,1.23,0.0,0.1,0.0,0.0,0.0,0.0,-0.00015478733748899826,-9.537170052220003e-05
1771835584.3166666,1.2,0.0,0.03,1.23,0.0,0.1,0.0,0.0,0.0,0.0,-9.695885702711181e-05,-5.426227655974455e-05
1771835584.7253664,1.2,0.0,0.03,1.23,0.0,0.1,0.0,0.0,0.0,0.0,-9.995661618620601e-05,-5.027808400901243e-05
1771835585.1358159,1.2,0.0,0.03,1.23,0.0,0.1,0.0,0.0,0.0,0.0,6.224088727333332e-05,-4.734019398262059e-05
1771835585.5426695,1.2,0.0,0.03,1.23,0.0,0.1,0.0,0.0,0.0,0.0,-0.0001200730310505913,-7.826790735768812e-05
1771835585.9531937,1.2,0.0,0.03,1.23,0.0,0.1,0.0,0.0,0.0,0.0,8.349672247785146e-05,-6.210533659177e-05
1771835586.360136,1.2,0.0,0.03,1.23,0.0,0.1,0.0,0.0,0.0,0.0,-8.023897354018074e-05,-5.649305637189359e-05
1771835586.7664502,1.2,0.0,0.03,1.23,0.0,0.1,0.0,0.0,0.0,0.0,-0.0001179092547433734,-6.272165549200597e-05
1771835587.1736047,1.2,0.0,0.03,1.23,0.0,0.1,0.0,0.0,0.0,0.0,-0.00022207972558393706,-0.0001214569098760249
1771835587.5826292,1.2,0.0,0.03,1.23,0.0,0.1,0.0,0.0,0.0,0.0,-0.00030345635689160743,-0.00015986584157657075
1771835587.9913661,1.2,0.0,0.03,1.23,0.0,0.1,0.0,0.0,0.0,0.0,-0.00016241071053321054,-9.530991990244495e-05
1771835588.4146357,1.2,0.0,0.03,1.23,0.0,0.1,0.0,0.0,0.0,0.0,-0.0002783856464648492,-0.00015079031682558845
1771835588.823264,1.2,0.0,0.03,1.23,0.0,0.1,0.0,0.0,0.0,0.0,-0.0002115237474653058,-0.00011244806363260723
1771835589.2299454,1.2,0.0,0.03,1.23,0.0,0.1,0.0,0.0,0.0,0.0,-0.0003487814711661747,-0.00018811650795317423
1771835589.6390915,1.2,0.0,0.03,1.23,0.0,0.1,0.0,0.0,0.0,0.0,-0.0003359808048749912,-0.00016927046906661396
1771835590.0478587,1.2,0.0,0.03,1.23,0.0,0.1,0.0,0.0,0.0,0.0,-0.00021039263913646354,-0.00011775513614208453
1771835590.4609218,1.2,0.0,0.03,1.23,0.0,0.1,0.0,0.0,0.0,0.0,-0.00013688526444967594,-7.579336969351674e-05
1771835590.8708966,1.2,0.0,0.03,1.23,0.0,0.1,0.0,0.0,0.0,0.0,-0.0002408051744715787,-0.00013079457823797963
1771835591.2781184,1.2,0.0,0.03,1.23,0.0,0.1,0.0,0.0,0.0,0.0,-0.00016337640124037582,-8.94310779433082e-05
1771835591.686141,1.2,0.0,0.03,1.23,0.0,0.1,0.0,0.0,0.0,0.0,-0.00013850562237317877,-7.173988907330909e-05
1771835592.0980577,1.2,0.0,0.03,1.23,0.0,0.1,0.0,0.0,0.0,0.0,-0.00018060978720733583,-9.451531008708363e-05
1771835592.5111916,1.2,0.0,0.03,1.23,0.0,0.1,0.0,0.0,0.0,0.0,-0.00018829433403120993,-9.491562169799237e-05
1771835592.9172363,1.2,0.0,0.03,1.23,0.0,0.1,0.0,0.0,0.0,0.0,-0.000306187541538941,-0.0001648830915202436
1771835593.3264186,1.2,0.0,0.03,1.23,0.0,0.1,0.0,0.0,0.0,0.0,-0.00031271019316993914,-0.00015700736174806938
1771835593.737189,1.2,0.0,0.03,1.23,0.0,0.1,0.0,0.0,0.0,0.0,-0.00016186669886796617,-9.601769886418038e-05
1771835594.1497047,1.2,0.0,0.03,1.23,0.0,0.1,0.0,0.0,0.0,0.0,-0.0002179685409614292,-0.00011459445469006089
1771835594.557657,1.2,0.0,0.03,1.23,0.0,0.1,0.0,0.0,0.0,0.0,-0.00036277149004709764,-0.00019586603993211566
1771835594.9639025,1.2,0.0,0.03,1.23,0.0,0.1,0.0,0.0,0.0,0.0,-0.00018129530351196718,-0.00010879527040949664
1771835595.3699677,1.2,0.0,0.03,1.23,0.0,0.1,0.0,0.0,0.0,0.0,-8.550022120732986e-05,-5.232961883412866e-05
1771835595.7761674,1.2,0.0,0.03,1.23,0.0,0.1,0.0,0.0,0.0,0.0,-4.8605330867639845e-05,-2.7992154467788924e-05
1771835596.1825285,1.2,0.0,0.03,1.23,0.0,0.1,0.0,0.0,0.0,0.0,4.7683847653973716e-05,-3.3470841679148215e-05
1771835596.5909204,1.2,0.0,0.03,1.23,0.0,0.1,0.0,0.0,0.0,0.0,0.0001225562806063635,-6.876538359842072e-05
1771835597.002471,1.2,0.0,0.03,1.23,0.0,0.1,0.0,0.0,0.0,0.0,8.359217057855155e-05,-4.5692496292056966e-05
1771835597.4166484,1.2,0.0,0.03,1.23,0.0,0.1,0.0,0.0,0.0,0.0,-5.5315220986941076e-05,-4.1548349650019796e-05
1771835597.831997,1.2,0.0,0.03,1.23,0.0,0.1,0.0,0.0,0.0,0.0,-0.0001626844053240954,-9.207912109576313e-05
1771835598.2407894,1.2,0.0,0.03,1.23,0.0,0.1,0.0,0.0,0.0,0.0,-0.00027809270784368755,-0.00015058718417380299
1771835598.6514616,1.2,0.0,0.03,1.23,0.0,0.1,0.0,0.0,0.0,0.0,-0.00023897486175450847,-0.00012339921548617215
1771835599.0583882,1.2,0.0,0.03,1.23,0.0,0.1,0.0,0.0,0.0,0.0,-0.0003092608213400024,-0.0001616590066285506
1771835599.4685001,1.2,0.0,0.03,1.23,0.0,0.1,0.0,0.0,0.0,0.0,-0.00021637646983153043,-0.00011747667006661241
1771835599.8756614,1.2,0.0,0.03,1.23,0.0,0.1,0.0,0.0,0.0,0.0,-0.00017630643443664954,-9.216022075781285e-05
1771835600.2828426,1.2,0.0,0.03,1.23,0.0,0.1,0.0,0.0,0.0,0.0,-0.00017682590643761537,-8.846490041890427e-05
1771835600.6920834,1.2,0.0,0.03,1.23,0.0,0.1,0.0,0.0,0.0,0.0,-0.00028466395138666844,-0.00015311578018823953
1771835601.1028774,1.2,0.0,0.03,1.23,0.0,0.1,0.0,0.0,0.0,0.0,-0.00016426762733007984,-9.417344607069878e-05
1771835601.5105877,1.2,0.0,0.03,1.23,0.0,0.1,0.0,0.0,0.0,0.0,-0.00011509720298979133,-6.246564392892451e-05
1771835601.9171891,1.2,0.0,0.03,1.23,0.0,0.1,0.0,0.0,0.0,0.0,-4.980109876245622e-05,-3.1430159803961624e-05
1771835602.3242211,1.2,0.0,0.03,1.23,0.0,0.1,0.0,0.0,0.0,0.0,-5.435161085901802e-06,-7.154174310606343e-06
1771835602.7316132,1.2,0.0,0.03,1.23,0.0,0.1,0.0,0.0,0.0,0.0,-0.00010565629874173756,-6.285026313645236e-05
1771835603.1433332,1.2,0.0,0.03,1.23,0.0,0.1,0.0,0.0,0.0,0.0,-9.350288479072115e-05,-4.7966783790462215e-05
1771835603.5523543,1.2,0.0,0.03,1.23,0.0,0.1,0.0,0.0,0.0,0.0,-0.0001399308966718935,-7.460824952406398e-05
1771835603.960289,1.2,0.0,0.03,1.23,0.0,0.1,0.0,0.0,0.0,0.0,-0.0001347653374731338,-6.789922465644287e-05
1771835604.3702192,1.2,0.0,0.03,1.23,0.0,0.1,0.0,0.0,0.0,0.0,-0.00020679808536415423,-0.00011060231747117916
1771835604.780577,1.2,0.0,0.03,1.23,0.0,0.1,0.0,0.0,0.0,0.0,-0.00014109277299543646,-7.711691773459001e-05
1771835605.1881347,1.2,0.0,0.03,1.23,0.0,0.1,0.0,0.0,0.0,0.0,-0.00011108271902053084,-5.854236490775598e-05
1771835605.5935633,1.2,0.0,0.03,1.23,0.0,0.1,0.0,0.0,0.0,0.0,-9.437794423141193e-05,-4.8859449594617857e-05
1771835606.0058033,1.2,0.0,0.03,1.23,0.0,0.1,0.0,0.0,0.0,0.0,5.0093693583627905e-05,-3.9494010573317936e-05
1771835606.4145513,1.2,0.0,0.03,1.23,0.0,0.1,0.0,0.0,0.0,0.0,9.244183988661926e-05,-5.0455734573608765e-05
1771835606.8251834,1.2,0.0,0.03,1.23,0.0,0.1,0.0,0.0,0.0,0.0,-5.691030390615204e-05,-4.3390366332353154e-05
1771835607.2350888,1.2,0.0,0.03,1.23,0.0,0.1,0.0,0.0,0.0,0.0,3.359902040254383e-05,-2.5850442632141502e-05
1771835607.6413825,1.2,0.0,0.03,1.23,0.0,0.1,0.0,0.0,0.0,0.0,4.941445488444708e-05,-2.6288770890413864e-05
1771835608.049995,1.2,0.0,0.03,1.23,0.0,0.1,0.0,0.0,0.0,0.0,-1.4433693767016348e-05,-1.3601661748654518e-05
1771835608.4600332,1.2,0.0,0.03,1.23,0.0,0.1,0.0,0.0,0.0,0.0,-0.0001239564860530197,-7.293052225511019e-05
1771835608.865051,1.2,0.0,0.03,1.23,0.0,0.1,0.0,0.0,0.0,0.0,-0.00018836140743506028,-0.0001006211958557342
1771835609.2715337,1.2,0.0,0.03,1.23,0.0,0.1,0.0,0.0,0.0,0.0,-0.00021483514893923228,-0.00011006494862003334
1771835609.681264,1.2,0.0,0.03,1.23,0.0,0.1,0.0,0.0,0.0,0.0,-0.0003092410103800353,-0.00016406109133409796
1771835610.0892463,1.2,0.0,0.03,1.23,0.0,0.1,0.0,0.0,0.0,0.0,-0.0004070969841519366,-0.00021333408945315845
1771835610.4957547,1.2,0.0,0.03,1.23,0.0,0.1,0.0,0.0,0.0,0.0,-0.0003533247518787859,-0.00018203959916670803
1771835610.903444,1.2,0.0,0.03,1.23,0.0,0.1,0.0,0.0,0.0,0.0,-0.00027628148719805113,-0.00014584507006709904
1771835611.309123,1.2,0.0,0.03,1.23,0.0,0.1,0.0,0.0,0.0,0.0,-0.0001557206699042915,-8.991641668152171e-05
1771835611.7188694,1.2,0.0,0.03,1.23,0.0,0.1,0.0,0.0,0.0,0.0,-0.00021525498067526827,-0.0001135809214147318
1771835612.127271,1.2,0.0,0.03,1.23,0.0,0.1,0.0,0.0,0.0,0.0,-0.00013437471885420954,-7.527538560921065e-05
1771835612.5334032,1.2,0.0,0.03,1.23,0.0,0.1,0.0,0.0,0.0,0.0,-0.000183100481413066,-9.642281696241865e-05
1771835612.943483,1.2,0.0,0.03,1.23,0.0,0.1,0.0,0.0,0.0,0.0,3.1900391822816816e-06,-2.022407165067561e-05
1771835613.351804,1.2,0.0,0.03,1.23,0.0,0.1,0.0,0.0,0.0,0.0,-0.00011461286289667988,-6.90867216562361e-05
1771835613.7629983,1.2,0.0,0.03,1.23,0.0,0.1,0.0,0.0,0.0,0.0,-0.00014250085529149122,-7.403922688522674e-05
1771835614.169822,1.2,0.0,0.03,1.23,0.0,0.1,0.0,0.0,0.0,0.0,-0.00013017451839871593,-6.631989288863549e-05
1771835614.5768182,1.2,0.0,0.03,1.23,0.0,0.1,0.0,0.0,0.0,0.0,-0.00025806593196710416,-0.00014182210734039091
1771835614.9850552,1.2,0.0,0.03,1.23,0.0,0.1,0.0,0.0,0.0,0.0,-0.0003002580506828609,-0.0001543482372130061
1771835615.3911703,1.2,0.0,0.03,1.23,0.0,0.1,0.0,0.0,0.0,0.0,-0.00021010499320778776,-0.0001140678023514012
1771835615.7988195,1.2,0.0,0.03,1.23,0.0,0.1,0.0,0.0,0.0,0.0,-0.00012754396542799849,-7.202808549197817e-05
1771835616.207322,1.2,0.0,0.03,1.23,0.0,0.1,0.0,0.0,0.0,0.0,-0.000164802194638414,-8.612692024024855e-05
1771835616.6151724,1.2,0.0,0.03,1.23,0.0,0.1,0.0,0.0,0.0,0.0,-7.989990245208111e-05,-4.844018044467384e-05
1771835617.0326805,1.2,0.0,0.03,1.23,0.0,0.1,0.0,0.0,0.0,0.0,-9.451428567270855e-05,-4.871858115841702e-05
1771835617.4406729,1.2,0.0,0.03,1.23,0.0,0.1,0.0,0.0,0.0,0.0,-4.8627428106196896e-05,-2.8902399809749613e-05
1771835617.8473277,1.2,0.0,0.03,1.23,0.0,0.1,0.0,0.0,0.0,0.0,-0.00013973518937714931,-7.897837081566989e-05
1771835618.2604039,1.2,0.0,0.03,1.23,0.0,0.1,0.0,0.0,0.0,0.0,6.791173874862035e-05,-5.472056218688714e-05
1771835618.6684532,1.2,0.0,0.03,1.23,0.0,0.1,0.0,0.0,0.0,0.0,-0.0001239108933352302,-8.113770987600015e-05
1771835619.0729377,1.2,0.0,0.03,1.23,0.0,0.1,0.0,0.0,0.0,0.0,-9.83813956249357e-05,-5.17436475834973e-05
1771835619.4822528,1.2,0.0,0.03,1.23,0.0,0.1,0.0,0.0,0.0,0.0,-0.0002407889308107017,-0.00013463521892392746
1771835619.892367,1.2,0.0,0.03,1.23,0.0,0.1,0.0,0.0,0.0,0.0,-0.0003028236036218766,-0.00015761526909205577
1771835620.3005068,1.2,0.0,0.03,1.23,0.0,0.1,0.0,0.0,0.0,0.0,-0.00029773500916208573,-0.00014937636402702196
1771835620.7090435,1.2,0.0,0.03,1.23,0.0,0.1,0.0,0.0,0.0,0.0,-0.0002477539653953884,-0.00012887508707436392
1771835621.1174114,1.2,0.0,0.03,1.23,0.0,0.1,0.0,0.0,0.0,0.0,-0.0004071978900219275,-0.00021954333747361768
1771835621.5260155,1.2,0.0,0.03,1.23,0.0,0.1,0.0,0.0,0.0,0.0,-0.00029273191645054416,-0.0001578125555824104
1771835621.933539,1.2,0.0,0.03,1.23,0.0,0.1,0.0,0.0,0.0,0.0,-0.00022003944425656103,-0.00011728896934767883
1771835622.3414996,1.2,0.0,0.03,1.23,0.0,0.1,0.0,0.0,0.0,0.0,-7.186581803870788e-05,-5.0750271641139256e-05
1771835622.7509289,1.2,0.0,0.03,1.23,0.0,0.1,0.0,0.0,0.0,0.0,-7.596008354714733e-05,-3.838946832441761e-05
1771835623.1633909,1.2,0.0,0.03,1.23,0.0,0.1,0.0,0.0,0.0,0.0,-7.702362018836023e-05,-3.861816375830141e-05
1771835623.5718226,1.2,0.0,0.03,1.23,0.0,0.1,0.0,0.0,0.0,0.0,3.54080762006958e-05,-2.8947207739253506e-05
1771835623.981089,1.2,0.0,0.03,1.23,0.0,0.1,0.0,0.0,0.0,0.0,-0.00016767610317478478,-0.00010414646952494045
1771835624.3861418,1.2,0.0,0.03,1.23,0.0,0.1,0.0,0.0,0.0,0.0,-0.00023517843225120307,-0.00012433944903324337
1771835624.7928581,1.2,0.0,0.03,1.23,0.0,0.1,0.0,0.0,0.0,0.0,-0.00018615411118767463,-9.797948770019016e-05
1771835625.2006319,1.2,0.0,0.03,1.23,0.0,0.1,0.0,0.0,0.0,0.0,-0.00015202468375964296,-7.942528462262464e-05
1771835625.607347,1.2,0.0,0.03,1.23,0.0,0.1,0.0,0.0,0.0,0.0,-0.00019332484861304947,-0.00010079244079186539
1771835626.0146441,1.2,0.0,0.03,1.23,0.0,0.1,0.0,0.0,0.0,0.0,-0.00014603882100367496,-7.774801326277493e-05
1771835626.4261358,1.2,0.0,0.03,1.23,0.0,0.1,0.0,0.0,0.0,0.0,-3.685829381944335e-05,-2.9347199628144834e-05
1771835626.8367636,1.2,0.0,0.03,1.23,0.0,0.1,0.0,0.0,0.0,0.0,-6.657975877171431e-05,-3.626202588108425e-05
1771835627.246255,1.2,0.0,0.03,1.23,0.0,0.1,0.0,0.0,0.0,0.0,-3.5266403991926925e-05,-2.07645374739422e-05
1771835627.6579726,1.2,0.0,0.03,1.23,0.0,0.1,0.0,0.0,0.0,0.0,-0.0001338836993390511,-7.680357920423797e-05
1771835628.0652354,1.2,0.0,0.03,1.23,0.0,0.1,0.0,0.0,0.0,0.0,-6.47739658969919e-06,-1.5979328569784787e-05
1771835628.470443,1.2,0.0,0.03,1.23,0.0,0.1,0.0,0.0,0.0,0.0,-0.00014532682376561332,-8.654835460039808e-05
1771835628.8755398,1.2,0.0,0.03,1.23,0.0,0.1,0.0,0.0,0.0,0.0,-8.093494504897813e-05,-4.6906660396152586e-05
1771835629.2831352,1.2,0.0,0.03,1.23,0.0,0.1,0.0,0.0,0.0,0.0,-0.0001952339812098715,-0.0001090468942210251
1771835629.6923118,1.2,0.0,0.03,1.23,0.0,0.1,0.0,0.0,0.0,0.0,-0.00025693561510962206,-0.00013463797094478608
1771835630.1050916,1.2,0.0,0.03,1.23,0.0,0.1,0.0,0.0,0.0,0.0,-0.0003375561237409966,-0.00017684011273363576
1771835630.5149894,1.2,0.0,0.03,1.23,0.0,0.1,0.0,0.0,0.0,0.0,-0.0003252292999113575,-0.00016384733233864264
1771835630.9236395,1.2,0.0,0.03,1.23,0.0,0.1,0.0,0.0,0.0,0.0,-0.00040398824121987067,-0.00020987001474078666
1771835631.3327632,1.2,0.0,0.03,1.23,0.0,0.1,0.0,0.0,0.0,0.0,-0.0002471079184060508,-0.0001392419914844074
1771835631.7413,1.2,0.0,0.03,1.23,0.0,0.1,0.0,0.0,0.0,0.0,-6.58390414711486e-05,-5.104640842906452e-05
1771835632.1557353,1.2,0.0,0.03,1.23,0.0,0.1,0.0,0.0,0.0,0.0,-4.864741805496509e-05,-2.6042871369100897e-05
1771835632.5631382,1.2,0.0,0.03,1.23,0.0,0.1,0.0,0.0,0.0,0.0,9.060035976621609e-05,-5.922495766522617e-05
1771835632.9733617,1.2,0.0,0.03,1.23,0.0,0.1,0.0,0.0,0.0,0.0,6.285073571908424e-05,-3.4200330264255307e-05
1771835633.3796372,1.2,0.0,0.03,1.23,0.0,0.1,0.0,0.0,0.0,0.0,5.14778999435012e-05,-2.6876233549308905e-05
1771835633.7914178,1.2,0.0,0.03,1.23,0.0,0.1,0.0,0.0,0.0,0.0,-4.6080827267397244e-05,-3.279628635478846e-05
1771835634.1971068,1.2,0.0,0.03,1.23,0.0,0.1,0.0,0.0,0.0,0.0,-8.56953815357954e-05,-4.6809146194737514e-05
1771835634.602609,1.2,0.0,0.03,1.23,0.0,0.1,0.0,0.0,0.0,0.0,-0.00018098474259994445,-0.00010002130740638713
1771835635.009875,1.2,0.0,0.03,1.23,0.0,0.1,0.0,0.0,0.0,0.0,-0.00012926872887858415,-6.98059658114281e-05
1771835635.417076,1.2,0.0,0.03,1.23,0.0,0.1,0.0,0.0,0.0,0.0,-0.00022384224457228352,-0.00012137847385551169
1771835635.8215377,1.2,0.0,0.03,1.23,0.0,0.1,0.0,0.0,0.0,0.0,-0.00010329958574469195,-6.370405875510514e-05
1771835636.2310507,1.2,0.0,0.03,1.23,0.0,0.1,0.0,0.0,0.0,0.0,-0.0001524808301875889,-8.115853953808414e-05
1771835636.6410143,1.2,0.0,0.03,1.23,0.0,0.1,0.0,0.0,0.0,0.0,-6.88541008122422e-06,-1.8002247051248577e-05
1771835637.0482693,1.2,0.0,0.03,1.23,0.0,0.1,0.0,0.0,0.0,0.0,-0.00013558432086542677,-8.066205151113364e-05
1771835637.4582813,1.2,0.0,0.03,1.23,0.0,0.1,0.0,0.0,0.0,0.0,-0.00010647290916066542,-5.614759575080884e-05
1771835637.8719926,1.2,0.0,0.03,1.23,0.0,0.1,0.0,0.0,0.0,0.0,-6.282018464409108e-05,-3.577536477370298e-05
1771835638.279087,1.2,0.0,0.03,1.23,0.0,0.1,0.0,0.0,0.0,0.0,3.2745424886325856e-05,-2.5929273396204623e-05
1771835638.6868143,1.2,0.0,0.03,1.23,0.0,0.1,0.0,0.0,0.0,0.0,3.7976272884936412e-06,-4.793593404030042e-06
1771835639.0946794,1.2,0.0,0.03,1.23,0.0,0.1,0.0,0.0,0.0,0.0,3.908749910664225e-05,-2.3072736735135987e-05
1771835639.5048027,1.2,0.0,0.03,1.23,0.0,0.1,0.0,0.0,0.0,0.0,3.081209609853118e-05,-1.6233588350076698e-05
1771835639.9177792,1.2,0.0,0.03,1.23,0.0,0.1,0.0,0.0,0.0,0.0,-0.00013523852465158835,-8.422432440080613e-05
1771835640.3395228,1.2,0.0,0.03,1.23,0.0,0.1,0.0,0.0,0.0,0.0,-0.00014391050342514908,-7.282244958993062e-05
1771835640.7505338,1.2,0.0,0.03,1.23,0.0,0.1,0.0,0.0,0.0,0.0,-9.604232362350972e-05,-5.280797979191879e-05
1771835641.1586742,1.2,0.0,0.03,1.23,0.0,0.1,0.0,0.0,0.0,0.0,-9.839096039725358e-05,-4.943034387600118e-05
1771835641.5680094,1.2,0.0,0.03,1.23,0.0,0.1,0.0,0.0,0.0,0.0,-0.00024303283015003504,-0.00013598060205029567
1771835641.9789817,1.2,0.0,0.03,1.23,0.0,0.1,0.0,0.0,0.0,0.0,-0.00029186540894172563,-0.00015081596235003188
1771835642.3855877,1.2,0.0,0.03,1.23,0.0,0.1,0.0,0.0,0.0,0.0,-0.00015260415778933144,-9.022820400990514e-05
1771835642.793093,1.2,0.0,0.03,1.23,0.0,0.1,0.0,0.0,0.0,0.0,-7.510644402272501e-05,-4.530299338802315e-05
1771835643.2030134,1.2,0.0,0.03,1.23,0.0,0.1,0.0,0.0,0.0,0.0,-2.8131281616178753e-05,-1.8763157048744e-05
1771835643.614123,1.2,0.0,0.03,1.23,0.0,0.1,0.0,0.0,0.0,0.0,3.89737016624556e-05,-2.6197349159091237e-05
1771835644.0212994,1.2,0.0,0.03,1.23,0.0,0.1,0.0,0.0,0.0,0.0,0.00015429926183802454,-8.868218693656916e-05
1771835644.4332888,1.2,0.0,0.03,1.23,0.0,0.1,0.0,0.0,0.0,0.0,5.735596435770557e-05,-3.837231192688468e-05
1771835644.841848,1.2,0.0,0.03,1.23,0.0,0.1,0.0,0.0,0.0,0.0,0.00012676969572103053,-7.032622099684777e-05
1771835645.2507968,1.2,0.0,0.03,1.23,0.0,0.1,0.0,0.0,0.0,0.0,0.00015513057281937658,-8.04013741195229e-05
1771835645.658628,1.2,0.0,0.03,1.23,0.0,0.1,0.0,0.0,0.0,0.0,1.2380909515402845e-05,-2.04654210880988e-05
1771835646.0631337,1.2,0.0,0.03,1.23,0.0,0.1,0.0,0.0,0.0,0.0,-0.00013387824650533197,-8.156503885473946e-05
1771835646.4699464,1.2,0.0,0.03,1.23,0.0,0.1,0.0,0.0,0.0,0.0,-0.00019021353222486596,-0.00010074029468438638
1771835646.8795362,1.2,0.0,0.03,1.23,0.0,0.1,0.0,0.0,0.0,0.0,-0.00032944255182026726,-0.00017864417786967376
1771835647.2882385,1.2,0.0,0.03,1.23,0.0,0.1,0.0,0.0,0.0,0.0,-0.00019987669465238635,-0.00011289493304298126
1771835647.695021,1.2,0.0,0.03,1.23,0.0,0.1,0.0,0.0,0.0,0.0,-8.828051473066796e-05,-5.529987535750582e-05
1771835648.105403,1.2,0.0,0.03,1.23,0.0,0.1,0.0,0.0,0.0,0.0,-0.0001395675948619516,-7.491250544410416e-05
1771835648.5180745,1.2,0.0,0.03,1.23,0.0,0.1,0.0,0.0,0.0,0.0,6.407042312766862e-05,-5.2399013362796334e-05
1771835648.929516,1.2,0.0,0.03,1.23,0.0,0.1,0.0,0.0,0.0,0.0,1.4462202494427338e-06,-6.985530412543956e-06
1771835649.3361065,1.2,0.0,0.03,1.23,0.0,0.1,0.0,0.0,0.0,0.0,1.867020492263059e-06,-9.75590270413562e-07
1771835649.7410557,1.2,0.0,0.03,1.23,0.0,0.1,0.0,0.0,0.0,0.0,1.6627126342513662e-05,-9.789573756281891e-06
1771835650.1474824,1.2,0.0,0.03,1.23,0.0,0.1,0.0,0.0,0.0,0.0,-5.751082744985161e-05,-3.616920910416233e-05
1771835650.5532615,1.2,0.0,0.03,1.23,0.0,0.1,0.0,0.0,0.0,0.0,-0.00018574391561184414,-0.00010569526662212132
1771835650.9589593,1.2,0.0,0.03,1.23,0.0,0.1,0.0,0.0,0.0,0.0,-0.00029326154553754386,-0.0001573825357613419
1771835651.364415,1.2,0.0,0.03,1.23,0.0,0.1,0.0,0.0,0.0,0.0,-0.00037656429866605594,-0.00019661242464587918
1771835651.7711515,1.2,0.0,0.03,1.23,0.0,0.1,0.0,0.0,0.0,0.0,-0.0003571911339398099,-0.00018053288344252957
1771835652.181498,1.2,0.0,0.03,1.23,0.0,0.1,0.0,0.0,0.0,0.0,-0.0003779411075011554,-0.00019104555110671225
1771835652.59462,1.2,0.0,0.03,1.23,0.0,0.1,0.0,0.0,0.0,0.0,-0.0003217384463179752,-0.00016648948927730563
1771835653.0031848,1.2,0.0,0.03,1.23,0.0,0.1,0.0,0.0,0.0,0.0,-0.00024101755019394365,-0.00012858086470937498
1771835653.4119763,1.2,0.0,0.03,1.23,0.0,0.1,0.0,0.0,0.0,0.0,-0.00016553835851857929,-9.031709842682608e-05
1771835653.820391,1.2,0.0,0.03,1.23,0.0,0.1,0.0,0.0,0.0,0.0,-9.644314089067876e-05,-5.5131092208129435e-05
1771835654.2338092,1.2,0.0,0.03,1.23,0.0,0.1,0.0,0.0,0.0,0.0,-9.710331560291569e-05,-4.861767527268154e-05
1771835654.6445785,1.2,0.0,0.03,1.23,0.0,0.1,0.0,0.0,0.0,0.0,-0.0001242210082466588,-6.482227338770371e-05
1771835655.0513391,1.2,0.0,0.03,1.23,0.0,0.1,0.0,0.0,0.0,0.0,-0.00017543463199027107,-9.283867836949676e-05
1771835655.460006,1.2,0.0,0.03,1.23,0.0,0.1,0.0,0.0,0.0,0.0,-0.00016159923502842403,-8.218315721039671e-05
1771835655.8702374,1.2,0.0,0.03,1.23,0.0,0.1,0.0,0.0,0.0,0.0,-0.00016038799228884913,-8.031512041838206e-05
1771835656.2756197,1.2,0.0,0.03,1.23,0.0,0.1,0.0,0.0,0.0,0.0,-0.00024819516733010425,-0.00013287830116917763
1771835656.6831493,1.2,0.0,0.03,1.23,0.0,0.1,0.0,0.0,0.0,0.0,-0.0003190756522605487,-0.00016662587462331878
1771835657.092438,1.2,0.0,0.03,1.23,0.0,0.1,0.0,0.0,0.0,0.0,-0.00017618065308443333,-0.0001023798264598282
1771835657.5039828,1.2,0.0,0.03,1.23,0.0,0.1,0.0,0.0,0.0,0.0,-0.00019857803802342784,-0.00010152875750561337
1771835657.9126453,1.2,0.0,0.03,1.23,0.0,0.1,0.0,0.0,0.0,0.0,-0.00021600436367607835,-0.00010974481440330422
1771835658.3229394,1.2,0.0,0.03,1.23,0.0,0.1,0.0,0.0,0.0,0.0,-0.0001278354883564214,-7.27346317101764e-05
1771835658.7322872,1.2,0.0,0.03,1.23,0.0,0.1,0.0,0.0,0.0,0.0,-0.00016987066305651478,-8.913884899826672e-05
1771835659.1395564,1.2,0.0,0.03,1.23,0.0,0.1,0.0,0.0,0.0,0.0,-2.1799943405369303e-05,-2.5707043667799197e-05
1771835659.5456994,1.2,0.0,0.03,1.23,0.0,0.1,0.0,0.0,0.0,0.0,5.5321213555848957e-05,-3.5372722474046307e-05
1771835659.9564037,1.2,0.0,0.03,1.23,0.0,0.1,0.0,0.0,0.0,0.0,4.5247721779802344e-05,-2.3631210067505835e-05
1771835660.3622239,1.2,0.0,0.03,1.23,0.0,0.1,0.0,0.0,0.0,0.0,-2.676752015152447e-05,-2.0585284268894916e-05
1771835660.769436,1.2,0.0,0.03,1.23,0.0,0.1,0.0,0.0,0.0,0.0,7.028948191381715e-05,-4.485044116344274e-05
1771835661.179207,1.2,0.0,0.03,1.23,0.0,0.1,0.0,0.0,0.0,0.0,-0.00014635204713479516,-9.484017647225881e-05
1771835661.5902004,1.2,0.0,0.03,1.23,0.0,0.1,0.0,0.0,0.0,0.0,-0.00022593272824678162,-0.00012092443223458945
1771835662.0044084,1.2,0.0,0.03,1.23,0.0,0.1,0.0,0.0,0.0,0.0,-0.0002614839914680587,-0.00013429712205615706
1771835662.412818,1.2,0.0,0.03,1.23,0.0,0.1,0.0,0.0,0.0,0.0,-0.00027408643480879004,-0.00013830346173846815
1771835662.8234425,1.2,0.0,0.03,1.23,0.0,0.1,0.0,0.0,0.0,0.0,-0.0003512393658411688,-0.0001833349760238223
1771835663.2308095,1.2,0.0,0.03,1.23,0.0,0.1,0.0,0.0,0.0,0.0,-0.00035976925339578435,-0.00018073761545335374
1771835663.6398284,1.2,0.0,0.03,1.23,0.0,0.1,0.0,0.0,0.0,0.0,-0.0001813381454140439,-0.00010851218350519599
1771835664.0456846,1.2,0.0,0.03,1.23,0.0,0.1,0.0,0.0,0.0,0.0,-0.00015030983950520296,-7.825775034348557e-05
1771835664.455162,1.2,0.0,0.03,1.23,0.0,0.1,0.0,0.0,0.0,0.0,-5.142374089747165e-06,-1.7087933586419164e-05
1771835664.864466,1.2,0.0,0.03,1.23,0.0,0.1,0.0,0.0,0.0,0.0,-2.905048099531987e-05,-1.6916051188217204e-05
1771835665.2733912,1.2,0.0,0.03,1.23,0.0,0.1,0.0,0.0,0.0,0.0,6.409521829267903e-05,-4.136217907513941e-05
1771835665.681233,1.2,0.0,0.03,1.23,0.0,0.1,0.0,0.0,0.0,0.0,-7.495662314594036e-05,-5.138349571683212e-05
1771835666.0893352,1.2,0.0,0.03,1.23,0.0,0.1,0.0,0.0,0.0,0.0,-5.4535947651535916e-05,-2.9310041375208404e-05
1771835666.4975407,1.2,0.0,0.03,1.23,0.0,0.1,0.0,0.0,0.0,0.0,-0.0001171153089506484,-6.481559060523545e-05
1771835666.9063375,1.2,0.0,0.03,1.23,0.0,0.1,0.0,0.0,0.0,0.0,-8.233616252687045e-05,-4.464599590581302e-05
1771835667.3129637,1.2,0.0,0.03,1.23,0.0,0.1,0.0,0.0,0.0,0.0,-0.0003320661178404444,-0.00019100605445157958
1771835667.7199347,1.2,0.0,0.03,1.23,0.0,0.1,0.0,0.0,0.0,0.0,-0.00023742044072199212,-0.00012817478807284127
1771835668.1344728,1.2,0.0,0.03,1.23,0.0,0.1,0.0,0.0,0.0,0.0,-0.00026831726009000526,-0.00013724831198180394
1771835668.5444436,1.2,0.0,0.03,1.23,0.0,0.1,0.0,0.0,0.0,0.0,-0.00033209134309377465,-0.00017242307984726427
1771835668.954355,1.2,0.0,0.03,1.23,0.0,0.1,0.0,0.0,0.0,0.0,-9.675699590375625e-05,-7.191193267087996e-05
1771835669.3605804,1.2,0.0,0.03,1.23,0.0,0.1,0.0,0.0,0.0,0.0,-0.00014453123096552648,-7.704303898894026e-05
1771835669.7670312,1.2,0.0,0.03,1.23,0.0,0.1,0.0,0.0,0.0,0.0,-9.369241741247608e-05,-5.193009006154308e-05
1771835670.1726398,1.2,0.0,0.03,1.23,0.0,0.1,0.0,0.0,0.0,0.0,-1.572962966568815e-05,-1.5661093607522868e-05
1771835670.5792935,1.2,0.0,0.03,1.23,0.0,0.1,0.0,0.0,0.0,0.0,-5.6511027619865496e-05,-3.233365360535048e-05
1771835670.988416,1.2,0.0,0.03,1.23,0.0,0.1,0.0,0.0,0.0,0.0,-6.218385758662602e-05,-3.165921178998906e-05
1771835671.3968663,1.2,0.0,0.03,1.23,0.0,0.1,0.0,0.0,0.0,0.0,-0.0001374949514725567,-7.627858512487141e-05
1771835671.8118815,1.2,0.0,0.03,1.23,0.0,0.1,0.0,0.0,0.0,0.0,-0.0001565807893871188,-8.019897848501561e-05
1771835672.219998,1.2,0.0,0.03,1.23,0.0,0.1,0.0,0.0,0.0,0.0,-0.00014780544913661038,-7.478025859335602e-05
1771835672.6274486,1.2,0.0,0.03,1.23,0.0,0.1,0.0,0.0,0.0,0.0,-0.00011792491510456239,-6.1950510955486e-05
1771835673.0358806,1.2,0.0,0.03,1.23,0.0,0.1,0.0,0.0,0.0,0.0,-0.0002201093160399225,-0.00012027309811349726
1771835673.44665,1.2,0.0,0.03,1.23,0.0,0.1,0.0,0.0,0.0,0.0,-0.00027399023387620545,-0.00014238320872173103
1771835673.8525312,1.2,0.0,0.03,1.23,0.0,0.1,0.0,0.0,0.0,0.0,-0.0003596669713185575,-0.00018840115940351395
1771835674.2602122,1.2,0.0,0.03,1.23,0.0,0.1,0.0,0.0,0.0,0.0,-0.00021868738744922303,-0.00012344165211154495
1771835674.66728,1.2,0.0,0.03,1.23,0.0,0.1,0.0,0.0,0.0,0.0,-0.00014554965610617603,-8.008860118739271e-05
1771835675.0728211,1.2,0.0,0.03,1.23,0.0,0.1,0.0,0.0,0.0,0.0,-0.00010849662690784015,-5.7953616373753665e-05
1771835675.4805071,1.2,0.0,0.03,1.23,0.0,0.1,0.0,0.0,0.0,0.0,-3.148192465607982e-05,-2.3442432553215943e-05
1771835675.8850622,1.2,0.0,0.03,1.23,0.0,0.1,0.0,0.0,0.0,0.0,2.514163415607876e-05,-1.8233172959255238e-05
1771835676.2941053,1.2,0.0,0.03,1.23,0.0,0.1,0.0,0.0,0.0,0.0,-3.790536233281985e-05,-2.5257380815299788e-05
1771835676.7000637,1.2,0.0,0.03,1.23,0.0,0.1,0.0,0.0,0.0,0.0,6.785933850230496e-05,-4.4506139334664964e-05
1771835677.1075768,1.2,0.0,0.03,1.23,0.0,0.1,0.0,0.0,0.0,0.0,-3.0874530650771875e-05,-2.5310652240693624e-05
1771835677.5154674,1.2,0.0,0.03,1.23,0.0,0.1,0.0,0.0,0.0,0.0,-9.460982411464284e-05,-5.3678441403708516e-05
1771835677.9231646,1.2,0.0,0.03,1.23,0.0,0.1,0.0,0.0,0.0,0.0,-0.00022146420803788002,-0.00012341754241126373
1771835678.3346248,1.2,0.0,0.03,1.23,0.0,0.1,0.0,0.0,0.0,0.0,-0.00033014021684657263,-0.0001759377093041556
1771835678.7441163,1.2,0.0,0.03,1.23,0.0,0.1,0.0,0.0,0.0,0.0,-0.00020157114708649684,-0.000113642480519256
1771835679.1523094,1.2,0.0,0.03,1.23,0.0,0.1,0.0,0.0,0.0,0.0,-0.00012920310444636463,-7.183835648719554e-05
1771835679.5600462,1.2,0.0,0.03,1.23,0.0,0.1,0.0,0.0,0.0,0.0,-0.00015638996637059308,-8.091366937771938e-05
1771835679.9675868,1.2,0.0,0.03,1.23,0.0,0.1,0.0,0.0,0.0,0.0,-9.112324249017062e-05,-5.208829363312756e-05
1771835680.3752234,1.2,0.0,0.03,1.23,0.0,0.1,0.0,0.0,0.0,0.0,1.527544752616837e-05,-1.8277592764718086e-05
1771835680.7862241,1.2,0.0,0.03,1.23,0.0,0.1,0.0,0.0,0.0,0.0,-3.934450772244041e-05,-2.5134249386081085e-05
1771835681.1949384,1.2,0.0,0.03,1.23,0.0,0.1,0.0,0.0,0.0,0.0,-4.086923066414133e-05,-2.0587087626240758e-05
1771835681.604478,1.2,0.0,0.03,1.23,0.0,0.1,0.0,0.0,0.0,0.0,-0.0001164521972915809,-6.578439530853441e-05
1771835682.0172546,1.2,0.0,0.03,1.23,0.0,0.1,0.0,0.0,0.0,0.0,-0.0001340181976523453,-6.876569886224909e-05
1771835682.42356,1.2,0.0,0.03,1.23,0.0,0.1,0.0,0.0,0.0,0.0,-0.00011466135085915977,-5.9266360108898435e-05
1771835682.8317873,1.2,0.0,0.03,1.23,0.0,0.1,0.0,0.0,0.0,0.0,-0.0001885641814579356,-0.00010167237378884539
1771835683.2393813,1.2,0.0,0.03,1.23,0.0,0.1,0.0,0.0,0.0,0.0,-0.00025549042704454863,-0.00013443783808093562
1771835683.6460035,1.2,0.0,0.03,1.23,0.0,0.1,0.0,0.0,0.0,0.0,-0.0002717995308958874,-0.00013753067583307756
1771835684.0528457,1.2,0.0,0.03,1.23,0.0,0.1,0.0,0.0,0.0,0.0,-0.00025869168673826187,-0.00013065662778489348
1771835684.4594667,1.2,0.0,0.03,1.23,0.0,0.1,0.0,0.0,0.0,0.0,-0.000365745194558899,-0.0001935779480615132
1771835684.8655534,1.2,0.0,0.03,1.23,0.0,0.1,0.0,0.0,0.0,0.0,-0.00014499712730246502,-9.45733703768759e-05
1771835685.2761276,1.2,0.0,0.03,1.23,0.0,0.1,0.0,0.0,0.0,0.0,-0.00016224982217850363,-8.285018057685568e-05
1771835685.6840873,1.2,0.0,0.03,1.23,0.0,0.1,0.0,0.0,0.0,0.0,-9.31310452553148e-05,-5.347740031997628e-05
1771835686.0903783,1.2,0.0,0.03,1.23,0.0,0.1,0.0,0.0,0.0,0.0,-2.2271002248713176e-05,-1.822150542501675e-05
1771835686.4991179,1.2,0.0,0.03,1.23,0.0,0.1,0.0,0.0,0.0,0.0,8.47457741095271e-06,-7.311846671442944e-06
1771835686.9083495,1.2,0.0,0.03,1.23,0.0,0.1,0.0,0.0,0.0,0.0,-2.114602424156045e-05,-1.353507228603154e-05
1771835687.3156679,1.2,0.0,0.03,1.23,0.0,0.1,0.0,0.0,0.0,0.0,-9.214387493806529e-05,-5.317172253868313e-05
1771835687.7226472,1.2,0.0,0.03,1.23,0.0,0.1,0.0,0.0,0.0,0.0,-8.365659389935206e-05,-4.2677025053547356e-05
1771835688.1335914,1.2,0.0,0.03,1.23,0.0,0.1,0.0,0.0,0.0,0.0,-0.0001080914148083105,-5.6489189495051094e-05
1771835688.5465755,1.2,0.0,0.03,1.23,0.0,0.1,0.0,0.0,0.0,0.0,-0.00021416622289529208,-0.0001176905922563442
1771835688.9596791,1.2,0.0,0.03,1.23,0.0,0.1,0.0,0.0,0.0,0.0,-0.00012564617126409292,-7.167509079516638e-05
1771835689.3661716,1.2,0.0,0.03,1.23,0.0,0.1,0.0,0.0,0.0,0.0,-5.9906337174231595e-05,-3.652715199610193e-05
1771835689.7737799,1.2,0.0,0.03,1.23,0.0,0.1,0.0,0.0,0.0,0.0,-0.00021205306433342837,-0.00012124120488263386
1771835690.181653,1.2,0.0,0.03,1.23,0.0,0.1,0.0,0.0,0.0,0.0,-4.153171696567039e-05,-3.781799321961099e-05
1771835690.5881972,1.2,0.0,0.03,1.23,0.0,0.1,0.0,0.0,0.0,0.0,-1.6061251033829738e-05,-1.0577672110098934e-05
1771835690.9958713,1.2,0.0,0.03,1.23,0.0,0.1,0.0,0.0,0.0,0.0,2.410458538913514e-05,-1.606887633686406e-05
1771835691.416117,1.2,0.0,0.03,1.23,0.0,0.1,0.0,0.0,0.0,0.0,1.6030772007882423e-06,-3.0516894192288113e-06
1771835691.8245947,1.2,0.0,0.03,1.23,0.0,0.1,0.0,0.0,0.0,0.0,8.582079601758089e-05,-5.133216989046971e-05
1771835692.2348607,1.2,0.0,0.03,1.23,0.0,0.1,0.0,0.0,0.0,0.0,1.6298229544510318e-05,-1.5101371419562217e-05
1771835692.6443985,1.2,0.0,0.03,1.23,0.0,0.1,0.0,0.0,0.0,0.0,-7.134839774132544e-05,-4.443886159924629e-05
1771835693.050567,1.2,0.0,0.03,1.23,0.0,0.1,0.0,0.0,0.0,0.0,-0.0001827632236678524,-0.0001025230944265789
1771835693.4574907,1.2,0.0,0.03,1.23,0.0,0.1,0.0,0.0,0.0,0.0,-0.00015322292795892956,-7.956549355035707e-05
1771835693.8640063,1.2,0.0,0.03,1.23,0.0,0.1,0.0,0.0,0.0,0.0,-0.00021806200525651415,-0.00011551491035801554
1771835694.270736,1.2,0.0,0.03,1.23,0.0,0.1,0.0,0.0,0.0,0.0,-0.00025616142877438647,-0.00013189065673898046
1771835694.6789906,1.2,0.0,0.03,1.23,0.0,0.1,0.0,0.0,0.0,0.0,-0.00023928058393599263,-0.0001213283764518357
1771835695.0885031,1.2,0.0,0.03,1.23,0.0,0.1,0.0,0.0,0.0,0.0,-0.0003658821759792442,-0.00019560124719394725
1771835695.4976776,1.2,0.0,0.03,1.23,0.0,0.1,0.0,0.0,0.0,0.0,-0.0003004721861686551,-0.00015677709206538646
1771835695.9051354,1.2,0.0,0.03,1.23,0.0,0.1,0.0,0.0,0.0,0.0,-0.00025845093578425203,-0.00013342759293056633
1771835696.3139148,1.2,0.0,0.03,1.23,0.0,0.1,0.0,0.0,0.0,0.0,-0.00018878725399057629,-0.00010135999517465571
1771835696.727901,1.2,0.0,0.03,1.23,0.0,0.1,0.0,0.0,0.0,0.0,-0.00023845119546168507,-0.00012419199187795342
1771835697.1811037,1.2,0.0,0.03,1.23,0.0,0.1,0.0,0.0,0.0,0.0,-9.312291241544715e-05,-6.109428451234737e-05
1771835697.589261,1.2,0.0,0.03,1.23,0.0,0.1,0.0,0.0,0.0,0.0,-0.00016815084396525388,-9.157821513760761e-05
1771835697.996964,1.2,0.0,0.03,1.23,0.0,0.1,0.0,0.0,0.0,0.0,-0.00012439084560594686,-6.657142263890414e-05
1771835698.4061425,1.2,0.0,0.03,1.23,0.0,0.1,0.0,0.0,0.0,0.0,-0.00010623821563470441,-5.493437081447645e-05
1771835698.8130977,1.2,0.0,0.03,1.23,0.0,0.1,0.0,0.0,0.0,0.0,-0.00010678391372951498,-5.3446526674238546e-05
1771835699.2401795,1.2,0.0,0.03,1.23,0.0,0.1,0.0,0.0,0.0,0.0,-0.0002583789271628451,-0.00014434896492475558
1771835699.6972897,1.2,0.0,0.03,1.23,0.0,0.1,0.0,0.0,0.0,0.0,-0.0002899302542392032,-0.0001481202598272374
1771835700.1108382,1.2,0.0,0.03,1.23,0.0,0.1,0.0,0.0,0.0,0.0,-0.00023023434039235962,-0.00012108676158086417
1771835700.5169914,1.2,0.0,0.03,1.23,0.0,0.1,0.0,0.0,0.0,0.0,-0.00019755444946285814,-0.00010204521382437921
1771835700.9253397,1.2,0.0,0.03,1.23,0.0,0.1,0.0,0.0,0.0,0.0,-0.00012727305392576263,-7.066466651659086e-05
1771835701.3466573,1.2,0.0,0.03,1.23,0.0,0.1,0.0,0.0,0.0,0.0,-3.606548407029008e-05,-2.7153499020692297e-05
1771835701.778468,1.2,0.0,0.03,1.23,0.0,0.1,0.0,0.0,0.0,0.0,-6.13885203668638e-05,-3.322656381308928e-05
1771835702.2040558,1.2,0.0,0.03,1.23,0.0,0.1,0.0,0.0,0.0,0.0,1.5491664006428378e-05,-1.5433850440543406e-05
1771835702.6163254,1.2,0.0,0.03,1.23,0.0,0.1,0.0,0.0,0.0,0.0,1.1057983456643446e-05,-5.9723597833002165e-06
1771835703.0264459,1.2,0.0,0.03,1.23,0.0,0.1,0.0,0.0,0.0,0.0,6.808873635603192e-05,-3.974744346795481e-05
1771835703.4341736,1.2,0.0,0.03,1.23,0.0,0.1,0.0,0.0,0.0,0.0,-0.00010981136611190445,-7.269569330274586e-05
1771835703.843353,1.2,0.0,0.03,1.23,0.0,0.1,0.0,0.0,0.0,0.0,-0.0001622756001626412,-8.638422348639429e-05
1771835704.2537138,1.2,0.0,0.03,1.23,0.0,0.1,0.0,0.0,0.0,0.0,-0.0002999830212229957,-0.0001637622527175333
1771835704.6652272,1.2,0.0,0.03,1.23,0.0,0.1,0.0,0.0,0.0,0.0,-0.00034067154893280206,-0.00017440462723738166
1771835705.110578,1.2,0.0,0.03,1.23,0.0,0.1,0.0,0.0,0.0,0.0,-0.0003183405944230372,-0.0001614033926624951
1771835705.5295603,1.2,0.0,0.03,1.23,0.0,0.1,0.0,0.0,0.0,0.0,-0.0002601493677227256,-0.00013589380653139394
1771835705.9665446,1.2,0.0,0.03,1.23,0.0,0.1,0.0,0.0,0.0,0.0,-0.0001651730859589625,-9.208417115585756e-05
1771835706.380823,1.2,0.0,0.03,1.23,0.0,0.1,0.0,0.0,0.0,0.0,-3.30573742365057e-05,-2.974025829049853e-05
1771835706.8254504,1.2,0.0,0.03,1.23,0.0,0.1,0.0,0.0,0.0,0.0,-0.00010366905128141827,-5.889569334520039e-05
1771835707.2328174,1.2,0.0,0.03,1.23,0.0,0.1,0.0,0.0,0.0,0.0,-0.0001630377249717665,-8.745572985491807e-05
1771835707.641054,1.2,0.0,0.03,1.23,0.0,0.1,0.0,0.0,0.0,0.0,-2.8168638146018604e-05,-2.757122775558409e-05
1771835708.0588703,1.2,0.0,0.03,1.23,0.0,0.1,0.0,0.0,0.0,0.0,-0.0002235511688368606,-0.00013131383748751449
1771835708.4900165,1.2,0.0,0.03,1.23,0.0,0.1,0.0,0.0,0.0,0.0,-7.657082576558924e-05,-5.2983447189921755e-05
1771835708.8976223,1.2,0.0,0.03,1.23,0.0,0.1,0.0,0.0,0.0,0.0,-8.444857852112788e-05,-4.3012064536117804e-05
1771835709.308956,1.2,0.0,0.03,1.23,0.0,0.1,0.0,0.0,0.0,0.0,-0.0001342159549371583,-7.20847151101822e-05
1771835709.7210767,1.2,0.0,0.03,1.23,0.0,0.1,0.0,0.0,0.0,0.0,-0.00020639468256677991,-0.00011041521404635211
1771835710.131942,1.2,0.0,0.03,1.23,0.0,0.1,0.0,0.0,0.0,0.0,-0.00013927485464778987,-7.634941011579394e-05
1771835710.6542842,1.2,0.0,0.03,1.23,0.0,0.1,0.0,0.0,0.0,0.0,-0.000286353628177284,-0.0001578846914415914
1771835711.1158936,1.2,0.0,0.03,1.23,0.0,0.1,0.0,0.0,0.0,0.0,-0.00028579852615229977,-0.0001429547732786483
1771835711.5986507,1.2,0.0,0.03,1.23,0.0,0.1,0.0,0.0,0.0,0.0,-0.00015001645523843397,-8.858643471060357e-05
1771835712.0157068,1.2,0.0,0.03,1.23,0.0,0.1,0.0,0.0,0.0,0.0,-4.2449425229576566e-05,-3.198141561567402e-05
1771835712.4256096,1.2,0.0,0.03,1.23,0.0,0.1,0.0,0.0,0.0,0.0,-4.265009591151913e-05,-2.1345115023953822e-05
1771835712.8378289,1.2,0.0,0.03,1.23,0.0,0.1,0.0,0.0,0.0,0.0,-1.8978388096769355e-05,-1.1856364829859654e-05
1771835713.247027,1.2,0.0,0.03,1.23,0.0,0.1,0.0,0.0,0.0,0.0,-7.693536612263822e-05,-4.4263380863906e-05
1771835713.6583667,1.2,0.0,0.03,1.23,0.0,0.1,0.0,0.0,0.0,0.0,-7.322759439291039e-05,-3.698457436942798e-05
1771835714.1006327,1.2,0.0,0.03,1.23,0.0,0.1,0.0,0.0,0.0,0.0,-3.5908602119290526e-05,-2.168620028700725e-05
1771835714.539298,1.2,0.0,0.03,1.23,0.0,0.1,0.0,0.0,0.0,0.0,-0.0002236305068417635,-0.00013058744389312906
1771835714.9480314,1.2,0.0,0.03,1.23,0.0,0.1,0.0,0.0,0.0,0.0,-0.0002941124919072439,-0.00015410444446017
1771835715.3559856,1.2,0.0,0.03,1.23,0.0,0.1,0.0,0.0,0.0,0.0,-0.0002585581973620848,-0.0001328345281355583
1771835715.772846,1.2,0.0,0.03,1.23,0.0,0.1,0.0,0.0,0.0,0.0,-0.00035114235406169894,-0.0001848295927008109
1771835716.1829948,1.2,0.0,0.03,1.23,0.0,0.1,0.0,0.0,0.0,0.0,-0.00041856657975131823,-0.00021602571244462105
1771835716.597128,1.2,0.0,0.03,1.23,0.0,0.1,0.0,0.0,0.0,0.0,-0.0002674653430122772,-0.0001488427951800427
1771835717.009108,1.2,0.0,0.03,1.23,0.0,0.1,0.0,0.0,0.0,0.0,-0.00024403154956729157,-0.00012435915412814435
1771835717.4366536,1.2,0.0,0.03,1.23,0.0,0.1,0.0,0.0,0.0,0.0,-0.00020423650757102978,-0.00010609775798514107
1771835717.8472624,1.2,0.0,0.03,1.23,0.0,0.1,0.0,0.0,0.0,0.0,-0.00013272316814037856,-7.35129180132544e-05
1771835718.2551005,1.2,0.0,0.03,1.23,0.0,0.1,0.0,0.0,0.0,0.0,-5.9259185286637524e-05,-3.6975990928692865e-05
1771835718.6615455,1.2,0.0,0.03,1.23,0.0,0.1,0.0,0.0,0.0,0.0,-0.00018890374733211796,-0.00010741632987060703
1771835719.0662494,1.2,0.0,0.03,1.23,0.0,0.1,0.0,0.0,0.0,0.0,-0.00013155921609072025,-7.151406116949989e-05
1771835719.4717672,1.2,0.0,0.03,1.23,0.0,0.1,0.0,0.0,0.0,0.0,-0.0002507368939636556,-0.00013728621476912132
1771835719.8792355,1.2,0.0,0.03,1.23,0.0,0.1,0.0,0.0,0.0,0.0,-0.00019684639535521252,-0.00010381224753845057
1771835720.2873962,1.2,0.0,0.03,1.23,0.0,0.1,0.0,0.0,0.0,0.0,-0.0002909834685626152,-0.0001549054416020479
1771835720.696091,1.2,0.0,0.03,1.23,0.0,0.1,0.0,0.0,0.0,0.0,-0.00021103152011303113,-0.00011351095490147398
1771835721.110128,1.2,0.0,0.03,1.23,0.0,0.1,0.0,0.0,0.0,0.0,-0.00012277093937642218,-7.021152776187199e-05
1771835721.5173466,1.2,0.0,0.03,1.23,0.0,0.1,0.0,0.0,0.0,0.0,-0.00014074088629589183,-7.216743783989288e-05
1771835721.9295166,1.2,0.0,0.03,1.23,0.0,0.1,0.0,0.0,0.0,0.0,-1.9233921568643412e-05,-2.1767657257046548e-05
1771835722.3353913,1.2,0.0,0.03,1.23,0.0,0.1,0.0,0.0,0.0,0.0,-2.270471150681204e-05,-1.1699434747222882e-05
1771835722.746477,1.2,0.0,0.03,1.23,0.0,0.1,0.0,0.0,0.0,0.0,-2.7960579775688596e-05,-1.4505876714731953e-05
1771835723.154193,1.2,0.0,0.03,1.23,0.0,0.1,0.0,0.0,0.0,0.0,-6.157582951549474e-05,-3.414943973172798e-05
1771835723.5600362,1.2,0.0,0.03,1.23,0.0,0.1,0.0,0.0,0.0,0.0,-9.315413730466248e-06,-9.883748443735973e-06
1771835723.9661005,1.2,0.0,0.03,1.23,0.0,0.1,0.0,0.0,0.0,0.0,-5.287839870931681e-05,-3.079549785254346e-05
1771835724.3771284,1.2,0.0,0.03,1.23,0.0,0.1,0.0,0.0,0.0,0.0,-4.845052019006108e-05,-2.4668047946956113e-05
1771835724.7850077,1.2,0.0,0.03,1.23,0.0,0.1,0.0,0.0,0.0,0.0,1.3061930538582132e-05,-1.2682210342155387e-05
1771835725.1923547,1.2,0.0,0.03,1.23,0.0,0.1,0.0,0.0,0.0,0.0,-8.472703872829713e-05,-5.2142416290836495e-05
1771835725.6001515,1.2,0.0,0.03,1.23,0.0,0.1,0.0,0.0,0.0,0.0,-0.00013018116723330722,-6.963599646715462e-05
1771835726.009075,1.2,0.0,0.03,1.23,0.0,0.1,0.0,0.0,0.0,0.0,-0.0002692711609429459,-0.0001485445798424368
1771835726.4182572,1.2,0.0,0.03,1.23,0.0,0.1,0.0,0.0,0.0,0.0,-0.00015133943082935492,-8.746288842603655e-05
1771835726.8248897,1.2,0.0,0.03,1.23,0.0,0.1,0.0,0.0,0.0,0.0,-0.00029711029042415706,-0.00016313223117155875
1771835727.2354527,1.2,0.0,0.03,1.23,0.0,0.1,0.0,0.0,0.0,0.0,-0.0002178195054852594,-0.00011683883123651947
1771835727.6424146,1.2,0.0,0.03,1.23,0.0,0.1,0.0,0.0,0.0,0.0,-0.00027839642674059683,-0.00014525590549583216
1771835728.0548112,1.2,0.0,0.03,1.23,0.0,0.1,0.0,0.0,0.0,0.0,-0.00013459379602592523,-8.167716108442978e-05
1771835728.4622893,1.2,0.0,0.03,1.23,0.0,0.1,0.0,0.0,0.0,0.0,-6.443443529248926e-06,-1.6036757014292093e-05
1771835728.8681467,1.2,0.0,0.03,1.23,0.0,0.1,0.0,0.0,0.0,0.0,-2.340223922468994e-05,-1.3396999181889071e-05
1771835729.2949498,1.2,0.0,0.03,1.23,0.0,0.1,0.0,0.0,0.0,0.0,-0.000129033990331129,-7.508017027620841e-05
1771835729.7476735,1.2,0.0,0.03,1.23,0.0,0.1,0.0,0.0,0.0,0.0,-0.00014369378939778279,-7.331287460555677e-05
1771835730.1651413,1.2,0.0,0.03,1.23,0.0,0.1,0.0,0.0,0.0,0.0,-9.169464353060171e-05,-5.1047236352018965e-05
1771835730.5715601,1.2,0.0,0.03,1.23,0.0,0.1,0.0,0.0,0.0,0.0,-0.00013239771003852033,-7.026916167005202e-05
1771835730.9805725,1.2,0.0,0.03,1.23,0.0,0.1,0.0,0.0,0.0,0.0,-0.00024797264019080245,-0.00013554381311062943
1771835731.3893769,1.2,0.0,0.03,1.23,0.0,0.1,0.0,0.0,0.0,0.0,-0.00027461916714710647,-0.00013997423626918365
1771835731.7953255,1.2,0.0,0.03,1.23,0.0,0.1,0.0,0.0,0.0,0.0,-0.00028640380369442786,-0.00014438036550194606
1771835732.202952,1.2,0.0,0.03,1.23,0.0,0.1,0.0,0.0,0.0,0.0,-0.00021439918186705765,-0.00011440005311626585
1771835732.6099439,1.2,0.0,0.03,1.23,0.0,0.1,0.0,0.0,0.0,0.0,-0.00011467838921937418,-6.731127387445544e-05
1771835733.0177817,1.2,0.0,0.03,1.23,0.0,0.1,0.0,0.0,0.0,0.0,-5.7706283657864016e-05,-3.455035238508303e-05
1771835733.4243824,1.2,0.0,0.03,1.23,0.0,0.1,0.0,0.0,0.0,0.0,-4.887146760981918e-05,-2.5319215409714073e-05
1771835733.8313568,1.2,0.0,0.03,1.23,0.0,0.1,0.0,0.0,0.0,0.0,5.8850044195306574e-05,-4.0197173278165865e-05
1771835734.2384388,1.2,0.0,0.03,1.23,0.0,0.1,0.0,0.0,0.0,0.0,8.518731097507205e-05,-4.522738216551257e-05
1771835734.6564388,1.2,0.0,0.03,1.23,0.0,0.1,0.0,0.0,0.0,0.0,-8.174846660231701e-05,-5.756781105889741e-05
1771835735.063298,1.2,0.0,0.03,1.23,0.0,0.1,0.0,0.0,0.0,0.0,-0.00014991367427909485,-8.177335790722521e-05
1771835735.4679635,1.2,0.0,0.03,1.23,0.0,0.1,0.0,0.0,0.0,0.0,-5.758755152736637e-05,-3.802638803885603e-05
1771835735.873587,1.2,0.0,0.03,1.23,0.0,0.1,0.0,0.0,0.0,0.0,-0.00014795819554179858,-8.301616217234251e-05
1771835736.2803688,1.2,0.0,0.03,1.23,0.0,0.1,0.0,0.0,0.0,0.0,-0.00024954367113325646,-0.000134930383125774
1771835736.6893737,1.2,0.0,0.03,1.23,0.0,0.1,0.0,0.0,0.0,0.0,-0.00023407857121965668,-0.00011858579560118831
1771835737.0975797,1.2,0.0,0.03,1.23,0.0,0.1,0.0,0.0,0.0,0.0,-0.0002257623521946028,-0.00011371279799980679
1771835737.5124245,1.2,0.0,0.03,1.23,0.0,0.1,0.0,0.0,0.0,0.0,-0.0003038788773456521,-0.00015975109118793098
1771835737.926301,1.2,0.0,0.03,1.23,0.0,0.1,0.0,0.0,0.0,0.0,-0.00014869737239009675,-8.986683669060391e-05
1771835738.3373184,1.2,0.0,0.03,1.23,0.0,0.1,0.0,0.0,0.0,0.0,-8.815932341153764e-06,-1.839611017547118e-05
1771835738.7464154,1.2,0.0,0.03,1.23,0.0,0.1,0.0,0.0,0.0,0.0,-0.0001200508355093746,-7.114890807150939e-05
1771835739.1572108,1.2,0.0,0.03,1.23,0.0,0.1,0.0,0.0,0.0,0.0,8.281983317161058e-05,-6.169698345390382e-05
1771835739.5641067,1.2,0.0,0.03,1.23,0.0,0.1,0.0,0.0,0.0,0.0,0.00010410061138298434,-5.417838351262955e-05
1771835739.9688103,1.2,0.0,0.03,1.23,0.0,0.1,0.0,0.0,0.0,0.0,4.9168160118786015e-05,-3.007732518581284e-05
1771835740.379787,1.2,0.0,0.03,1.23,0.0,0.1,0.0,0.0,0.0,0.0,-5.834421303459235e-05,-3.992334383263401e-05
1771835740.7902427,1.2,0.0,0.03,1.23,0.0,0.1,0.0,0.0,0.0,0.0,5.015366640284256e-05,-3.592662114516477e-05
1771835741.1987476,1.2,0.0,0.03,1.23,0.0,0.1,0.0,0.0,0.0,0.0,-0.00010601946880151535,-6.862704792119347e-05
1771835741.6049583,1.2,0.0,0.03,1.23,0.0,0.1,0.0,0.0,0.0,0.0,-0.0001732070391378001,-9.332227660252853e-05
1771835742.0096915,1.2,0.0,0.03,1.23,0.0,0.1,0.0,0.0,0.0,0.0,-0.00022438862397317565,-0.00011731247047012539
1771835742.4198887,1.2,0.0,0.03,1.23,0.0,0.1,0.0,0.0,0.0,0.0,-0.0001433789481827837,-7.979044167043104e-05
1771835742.8295052,1.2,0.0,0.03,1.23,0.0,0.1,0.0,0.0,0.0,0.0,-6.623289145380171e-05,-4.083105139979905e-05
1771835743.238091,1.2,0.0,0.03,1.23,0.0,0.1,0.0,0.0,0.0,0.0,-0.0001534994766224684,-8.547639682810088e-05
1771835743.6512108,1.2,0.0,0.03,1.23,0.0,0.1,0.0,0.0,0.0,0.0,-2.9406734971127513e-05,-2.7112641650697846e-05
1771835744.0613456,1.2,0.0,0.03,1.23,0.0,0.1,0.0,0.0,0.0,0.0,-4.109861839739443e-05,-2.1718497541323904e-05
1771835744.4667685,1.2,0.0,0.03,1.23,0.0,0.1,0.0,0.0,0.0,0.0,-4.828175375073365e-05,-2.4859190410700747e-05
1771835744.8733077,1.2,0.0,0.03,1.23,0.0,0.1,0.0,0.0,0.0,0.0,9.315732749149043e-06,-1.0417615024562791e-05
1771835745.279579,1.2,0.0,0.03,1.23,0.0,0.1,0.0,0.0,0.0,0.0,-5.517571229158774e-05,-3.403700064986755e-05
1771835745.6884453,1.2,0.0,0.03,1.23,0.0,0.1,0.0,0.0,0.0,0.0,-0.00017254231771601385,-9.800781940044954e-05
1771835746.0944498,1.2,0.0,0.03,1.23,0.0,0.1,0.0,0.0,0.0,0.0,-0.00011317048826429627,-6.252242707731989e-05
1771835746.5016985,1.2,0.0,0.03,1.23,0.0,0.1,0.0,0.0,0.0,0.0,-0.000398697816184216,-0.0002279016408841
1771835746.908043,1.2,0.0,0.03,1.23,0.0,0.1,0.0,0.0,0.0,0.0,-0.000264947908150843,-0.0001458489448787588
1771835747.3152597,1.2,0.0,0.03,1.23,0.0,0.1,0.0,0.0,0.0,0.0,-0.0003607700952285664,-0.00018996726632205553
1771835747.7252996,1.2,0.0,0.03,1.23,0.0,0.1,0.0,0.0,0.0,0.0,-0.0003307759151541991,-0.00016838737558453628
1771835748.138042,1.2,0.0,0.03,1.23,0.0,0.1,0.0,0.0,0.0,0.0,-0.000387282871481842,-0.0001992921313736853
1771835748.547396,1.2,0.0,0.03,1.23,0.0,0.1,0.0,0.0,0.0,0.0,-0.00023550918745525248,-0.0001329319621302852
1771835748.9589458,1.2,0.0,0.03,1.23,0.0,0.1,0.0,0.0,0.0,0.0,-0.00012864740585568485,-7.50098810877992e-05
1771835749.3638248,1.2,0.0,0.03,1.23,0.0,0.1,0.0,0.0,0.0,0.0,5.578454252332394e-06,-1.6211813136967923e-05
1771835749.7690563,1.2,0.0,0.03,1.23,0.0,0.1,0.0,0.0,0.0,0.0,-0.00015489122285788402,-9.349257913996365e-05
1771835750.1760077,1.2,0.0,0.03,1.23,0.0,0.1,0.0,0.0,0.0,0.0,0.00010033262778211152,-7.568869895505532e-05
1771835750.5835226,1.2,0.0,0.03,1.23,0.0,0.1,0.0,0.0,0.0,0.0,6.639608047451171e-07,-1.02988471001092e-05
1771835750.9952095,1.2,0.0,0.03,1.23,0.0,0.1,0.0,0.0,0.0,0.0,-5.771512305549091e-06,-3.529303463803966e-06
1771835751.4061196,1.2,0.0,0.03,1.23,0.0,0.1,0.0,0.0,0.0,0.0,-6.39434104943055e-05,-3.778889506602839e-05
1771835751.811618,1.2,0.0,0.03,1.23,0.0,0.1,0.0,0.0,0.0,0.0,-0.00013163357342262455,-7.258580300414417e-05
1771835752.220709,1.2,0.0,0.03,1.23,0.0,0.1,0.0,0.0,0.0,0.0,-0.00023218236321619559,-0.0001261460605874549
1771835752.6295063,1.2,0.0,0.03,1.23,0.0,0.1,0.0,0.0,0.0,0.0,-0.00028435395685072376,-0.0001473941377888147
1771835753.0402355,1.2,0.0,0.03,1.23,0.0,0.1,0.0,0.0,0.0,0.0,-0.00024331923692726552,-0.00012576309045597857
1771835753.4527864,1.2,0.0,0.03,1.23,0.0,0.1,0.0,0.0,0.0,0.0,-0.00018134935922890333,-9.687166738428788e-05
1771835753.861499,1.2,0.0,0.03,1.23,0.0,0.1,0.0,0.0,0.0,0.0,-0.0001938780611083022,-9.819190074209099e-05
1771835754.268674,1.2,0.0,0.03,1.23,0.0,0.1,0.0,0.0,0.0,0.0,-0.00017137698182454215,-8.793859884064708e-05
1771835754.6770127,1.2,0.0,0.03,1.23,0.0,0.1,0.0,0.0,0.0,0.0,-0.00012121842202699282,-6.562506699325134e-05
1771835755.0855353,1.2,0.0,0.03,1.23,0.0,0.1,0.0,0.0,0.0,0.0,1.7958374082369407e-05,-2.289686665212093e-05
1771835755.4933524,1.2,0.0,0.03,1.23,0.0,0.1,0.0,0.0,0.0,0.0,1.713507773792863e-05,-8.649868503408393e-06
1771835755.9062257,1.2,0.0,0.03,1.23,0.0,0.1,0.0,0.0,0.0,0.0,2.2398603771830707e-05,-1.1725654489305561e-05
1771835756.3107738,1.2,0.0,0.03,1.23,0.0,0.1,0.0,0.0,0.0,0.0,-5.37249331842687e-05,-3.447482028774429e-05
1771835756.7164445,1.2,0.0,0.03,1.23,0.0,0.1,0.0,0.0,0.0,0.0,-3.2596664420194526e-05,-1.8411159086504682e-05
1771835757.1248214,1.2,0.0,0.03,1.23,0.0,0.1,0.0,0.0,0.0,0.0,-0.00017818625114799294,-0.0001036520842467763
1771835757.5434828,1.2,0.0,0.03,1.23,0.0,0.1,0.0,0.0,0.0,0.0,-0.0001871137928534439,-9.444965059726705e-05
1771835757.9529316,1.2,0.0,0.03,1.23,0.0,0.1,0.0,0.0,0.0,0.0,-0.00031053308677262336,-0.00016760847277822962
1771835758.3599916,1.2,0.0,0.03,1.23,0.0,0.1,0.0,0.0,0.0,0.0,-0.00021538252160531384,-0.00011720631731938788
1771835758.7644033,1.2,0.0,0.03,1.23,0.0,0.1,0.0,0.0,0.0,0.0,-0.00015628012788176747,-8.405030331323837e-05
1771835759.171328,1.2,0.0,0.03,1.23,0.0,0.1,0.0,0.0,0.0,0.0,-0.00013350171945606014,-6.90287005706008e-05
1771835759.580093,1.2,0.0,0.03,1.23,0.0,0.1,0.0,0.0,0.0,0.0,-0.00011601891361530476,-5.975773739172792e-05
1771835759.9929452,1.2,0.0,0.03,1.23,0.0,0.1,0.0,0.0,0.0,0.0,8.390992425939292e-06,-1.6636486817094053e-05
1771835760.4049332,1.2,0.0,0.03,1.23,0.0,0.1,0.0,0.0,0.0,0.0,-8.919213027861096e-05,-5.435437740976051e-05
1771835760.815758,1.2,0.0,0.03,1.23,0.0,0.1,0.0,0.0,0.0,0.0,-7.215737552817313e-05,-3.778216323913035e-05
1771835761.2282975,1.2,0.0,0.03,1.23,0.0,0.1,0.0,0.0,0.0,0.0,9.006668563798938e-05,-6.125574893561094e-05
1771835761.6364932,1.2,0.0,0.03,1.23,0.0,0.1,0.0,0.0,0.0,0.0,-0.00011597361897868986,-7.859083995101285e-05
1771835762.0457973,1.2,0.0,0.03,1.23,0.0,0.1,0.0,0.0,0.0,0.0,-0.00011267930347103748,-5.666908328628398e-05
1771835762.4564872,1.2,0.0,0.03,1.23,0.0,0.1,0.0,0.0,0.0,0.0,-0.00018260663612429878,-9.829605132747552e-05
1771835762.86379,1.2,0.0,0.03,1.23,0.0,0.1,0.0,0.0,0.0,0.0,-0.00020335618052832744,-0.0001037530447045666
1771835763.270622,1.2,0.0,0.03,1.23,0.0,0.1,0.0,0.0,0.0,0.0,-0.00022822706174317723,-0.0001166006189930736
1771835763.678672,1.2,0.0,0.03,1.23,0.0,0.1,0.0,0.0,0.0,0.0,-0.0002162007757069214,-0.00010930301645708628
1771835764.0881362,1.2,0.0,0.03,1.23,0.0,0.1,0.0,0.0,0.0,0.0,-0.00022920873715218365,-0.00011590516472061804
1771835764.4984102,1.2,0.0,0.03,1.23,0.0,0.1,0.0,0.0,0.0,0.0,-0.00016327038559669788,-8.822902795389752e-05
1771835764.9058676,1.2,0.0,0.03,1.23,0.0,0.1,0.0,0.0,0.0,0.0,-0.00019902437127350853,-0.00010308758420443533
1771835765.3129022,1.2,0.0,0.03,1.23,0.0,0.1,0.0,0.0,0.0,0.0,-0.00010796757132494763,-6.308946565732991e-05
1771835765.7207797,1.2,0.0,0.03,1.23,0.0,0.1,0.0,0.0,0.0,0.0,-0.0001100123056760884,-5.5210626273158274e-05
1771835766.1387286,1.2,0.0,0.03,1.23,0.0,0.1,0.0,0.0,0.0,0.0,-0.00012815732074094582,-6.589316187695866e-05
1771835766.547246,1.2,0.0,0.03,1.23,0.0,0.1,0.0,0.0,0.0,0.0,-3.65239763702031e-05,-2.7425322622175824e-05
1771835766.961168,1.2,0.0,0.03,1.23,0.0,0.1,0.0,0.0,0.0,0.0,-1.1968595227437165e-05,-8.439835727995176e-06
1771835767.3662887,1.2,0.0,0.03,1.23,0.0,0.1,0.0,0.0,0.0,0.0,-3.9645283039917286e-05,-2.2590310301206654e-05
1771835767.7728834,1.2,0.0,0.03,1.23,0.0,0.1,0.0,0.0,0.0,0.0,-9.153051871145659e-05,-5.0953782922882224e-05
1771835768.1795886,1.2,0.0,0.03,1.23,0.0,0.1,0.0,0.0,0.0,0.0,-0.00020661199351345544,-0.00011481414423692761
1771835768.5855827,1.2,0.0,0.03,1.23,0.0,0.1,0.0,0.0,0.0,0.0,-0.00012293309803828857,-6.983443856666097e-05
1771835768.991268,1.2,0.0,0.03,1.23,0.0,0.1,0.0,0.0,0.0,0.0,-5.998818990484178e-05,-3.6288585765765566e-05
1771835769.4065757,1.2,0.0,0.03,1.23,0.0,0.1,0.0,0.0,0.0,0.0,-0.00013930346434627854,-7.758325961728295e-05
1771835769.8182902,1.2,0.0,0.03,1.23,0.0,0.1,0.0,0.0,0.0,0.0,-0.0001281477658585876,-6.518945277806289e-05
1771835770.229428,1.2,0.0,0.03,1.23,0.0,0.1,0.0,0.0,0.0,0.0,-0.00011145061179954315,-5.739502130567602e-05
1771835770.6379468,1.2,0.0,0.03,1.23,0.0,0.1,0.0,0.0,0.0,0.0,4.173117207657525e-05,-3.618376442589947e-05
1771835771.0445447,1.2,0.0,0.03,1.23,0.0,0.1,0.0,0.0,0.0,0.0,6.202799691748141e-05,-3.304368094283132e-05
1771835771.4530103,1.2,0.0,0.03,1.23,0.0,0.1,0.0,0.0,0.0,0.0,6.940881283882291e-05,-3.544248801154561e-05
1771835771.8597565,1.2,0.0,0.03,1.23,0.0,0.1,0.0,0.0,0.0,0.0,0.0001988892508899559,-0.00011239266925009125
1771835772.2649317,1.2,0.0,0.03,1.23,0.0,0.1,0.0,0.0,0.0,0.0,-2.6521546726508147e-05,-3.580185312490048e-05
1771835772.6737309,1.2,0.0,0.03,1.23,0.0,0.1,0.0,0.0,0.0,0.0,-5.623555965512232e-05,-3.1089181120422574e-05
1771835773.082539,1.2,0.0,0.03,1.23,0.0,0.1,0.0,0.0,0.0,0.0,-1.986616771164429e-05,-1.3570023050169948e-05
1771835773.4919198,1.2,0.0,0.03,1.23,0.0,0.1,0.0,0.0,0.0,0.0,-0.00010611681091364146,-6.168346977702045e-05
1771835773.8999515,1.2,0.0,0.03,1.23,0.0,0.1,0.0,0.0,0.0,0.0,-0.00018808929038326375,-0.0001022418931385941
1771835774.3064265,1.2,0.0,0.03,1.23,0.0,0.1,0.0,0.0,0.0,0.0,-0.0001654049185831816,-8.497089647159902e-05
1771835774.7130392,1.2,0.0,0.03,1.23,0.0,0.1,0.0,0.0,0.0,0.0,-5.5606225920100914e-05,-3.8782982226358525e-05
1771835775.1218913,1.2,0.0,0.03,1.23,0.0,0.1,0.0,0.0,0.0,0.0,9.781593778985477e-06,-1.1429578859401378e-05
1771835775.5299263,1.2,0.0,0.03,1.23,0.0,0.1,0.0,0.0,0.0,0.0,2.5382949039786718e-05,-1.4251610045973484e-05
1771835775.9425175,1.2,0.0,0.03,1.23,0.0,0.1,0.0,0.0,0.0,0.0,2.9010794063876734e-05,-1.4868181534347368e-05
1771835776.353475,1.2,0.0,0.03,1.23,0.0,0.1,0.0,0.0,0.0,0.0,3.2580243314564165e-05,-1.6647066582350827e-05
1771835776.759752,1.2,0.0,0.03,1.23,0.0,0.1,0.0,0.0,0.0,0.0,7.06958687908588e-05,-3.915949694305886e-05
1771835777.1652014,1.2,0.0,0.03,1.23,0.0,0.1,0.0,0.0,0.0,0.0,9.266732643389248e-05,-4.853080898124961e-05
1771835777.5713372,1.2,0.0,0.03,1.23,0.0,0.1,0.0,0.0,0.0,0.0,-7.01118851836083e-05,-5.133386375355423e-05
1771835777.9794798,1.2,0.0,0.03,1.23,0.0,0.1,0.0,0.0,0.0,0.0,-0.0001918236758447565,-0.00010808301698849307
1771835778.3870199,1.2,0.0,0.03,1.23,0.0,0.1,0.0,0.0,0.0,0.0,-0.0002904631915246349,-0.00015509554733030527
1771835778.794943,1.2,0.0,0.03,1.23,0.0,0.1,0.0,0.0,0.0,0.0,-0.0002018962885442235,-0.00010980483457015289
1771835779.2045891,1.2,0.0,0.03,1.23,0.0,0.1,0.0,0.0,0.0,0.0,-0.0002065080678235049,-0.00010371521183968058
1771835779.6122317,1.2,0.0,0.03,1.23,0.0,0.1,0.0,0.0,0.0,0.0,-0.00034421949842356977,-0.00018588089227179137
1771835780.0218942,1.2,0.0,0.03,1.23,0.0,0.1,0.0,0.0,0.0,0.0,-0.00027172345152345163,-0.00014311133045173763
1771835780.4324687,1.2,0.0,0.03,1.23,0.0,0.1,0.0,0.0,0.0,0.0,-0.00021883838261379563,-0.00011470769819786341
1771835780.8397183,1.2,0.0,0.03,1.23,0.0,0.1,0.0,0.0,0.0,0.0,-9.033575346838924e-05,-5.801813964873526e-05
1771835781.2536824,1.2,0.0,0.03,1.23,0.0,0.1,0.0,0.0,0.0,0.0,3.270682930948741e-06,-1.099598510540817e-05
1771835781.6602063,1.2,0.0,0.03,1.23,0.0,0.1,0.0,0.0,0.0,0.0,-5.6214361070867555e-05,-3.4055684935615405e-05
1771835782.065077,1.2,0.0,0.03,1.23,0.0,0.1,0.0,0.0,0.0,0.0,-7.360771724105007e-05,-3.8543194237543286e-05
1771835782.4692743,1.2,0.0,0.03,1.23,0.0,0.1,0.0,0.0,0.0,0.0,-2.221871180107568e-05,-1.624825644453528e-05
1771835782.8761382,1.2,0.0,0.03,1.23,0.0,0.1,0.0,0.0,0.0,0.0,-0.00016896225902536738,-9.915548423511286e-05
1771835783.289474,1.2,0.0,0.03,1.23,0.0,0.1,0.0,0.0,0.0,0.0,-0.0001703804883856958,-8.533206712888074e-05
1771835783.6948688,1.2,0.0,0.03,1.23,0.0,0.1,0.0,0.0,0.0,0.0,-0.00011452238103625143,-6.284700125307015e-05
1771835784.1014578,1.2,0.0,0.03,1.23,0.0,0.1,0.0,0.0,0.0,0.0,-0.0002670325364304699,-0.00014876728375465682
1771835784.5093632,1.2,0.0,0.03,1.23,0.0,0.1,0.0,0.0,0.0,0.0,-0.00035019528548503804,-0.00018341391764797584
1771835784.9148,1.2,0.0,0.03,1.23,0.0,0.1,0.0,0.0,0.0,0.0,-0.00011996345868995432,-8.300491202448554e-05
1771835785.324594,1.2,0.0,0.03,1.23,0.0,0.1,0.0,0.0,0.0,0.0,-0.00020596391575967253,-0.00011158200358680809
1771835785.7355936,1.2,0.0,0.03,1.23,0.0,0.1,0.0,0.0,0.0,0.0,-0.0001810360659919022,-9.301081797272813e-05
1771835786.1417913,1.2,0.0,0.03,1.23,0.0,0.1,0.0,0.0,0.0,0.0,2.2259371526724843e-06,-1.9439168890793713e-05
1771835786.5554047,1.2,0.0,0.03,1.23,0.0,0.1,0.0,0.0,0.0,0.0,-2.7253963525303134e-05,-1.657497183044913e-05
1771835786.964506,1.2,0.0,0.03,1.23,0.0,0.1,0.0,0.0,0.0,0.0,5.360216739226873e-05,-3.488669678789155e-05
1771835787.3759513,1.2,0.0,0.03,1.23,0.0,0.1,0.0,0.0,0.0,0.0,4.468264835789919e-05,-2.323327608238655e-05
1771835787.7882285,1.2,0.0,0.03,1.23,0.0,0.1,0.0,0.0,0.0,0.0,-2.816985421335526e-05,-2.1370177363803075e-05
1771835788.1944215,1.2,0.0,0.03,1.23,0.0,0.1,0.0,0.0,0.0,0.0,-5.364133273045988e-05,-2.9367814216940403e-05
1771835788.6034422,1.2,0.0,0.03,1.23,0.0,0.1,0.0,0.0,0.0,0.0,-0.0001725498647491839,-9.816578557646436e-05
1771835789.0099568,1.2,0.0,0.03,1.23,0.0,0.1,0.0,0.0,0.0,0.0,-5.165135273106148e-05,-3.791552756734298e-05
1771835789.417146,1.2,0.0,0.03,1.23,0.0,0.1,0.0,0.0,0.0,0.0,-7.992283183949473e-05,-4.2788563830590694e-05
1771835789.829489,1.2,0.0,0.03,1.23,0.0,0.1,0.0,0.0,0.0,0.0,-0.00024119530019422363,-0.0001367248969325847
1771835790.247236,1.2,0.0,0.03,1.23,0.0,0.1,0.0,0.0,0.0,0.0,-0.00014979568369831165,-8.403780349874702e-05
1771835790.6524918,1.2,0.0,0.03,1.23,0.0,0.1,0.0,0.0,0.0,0.0,-2.8970342139005877e-05,-2.6567705225433516e-05
1771835791.0603616,1.2,0.0,0.03,1.23,0.0,0.1,0.0,0.0,0.0,0.0,-0.00011845610291777367,-6.817662753676362e-05
1771835791.4658782,1.2,0.0,0.03,1.23,0.0,0.1,0.0,0.0,0.0,0.0,-3.106433762285318e-05,-2.427134534091864e-05
1771835791.8724806,1.2,0.0,0.03,1.23,0.0,0.1,0.0,0.0,0.0,0.0,1.5409587348694062e-05,-1.2352186171501754e-05
1771835792.2797847,1.2,0.0,0.03,1.23,0.0,0.1,0.0,0.0,0.0,0.0,1.1695706737097444e-05,-6.219241429708384e-06
1771835792.692017,1.2,0.0,0.03,1.23,0.0,0.1,0.0,0.0,0.0,0.0,-0.00010967036041839536,-6.697178692474697e-05
1771835793.101092,1.2,0.0,0.03,1.23,0.0,0.1,0.0,0.0,0.0,0.0,1.7971430072003612e-05,-2.1749894085041705e-05
1771835793.5096881,1.2,0.0,0.03,1.23,0.0,0.1,0.0,0.0,0.0,0.0,-0.00013291380687783128,-8.154542713389912e-05
1771835793.9183369,1.2,0.0,0.03,1.23,0.0,0.1,0.0,0.0,0.0,0.0,-0.00014928144307118515,-7.627748515492797e-05
1771835794.3229601,1.2,0.0,0.03,1.23,0.0,0.1,0.0,0.0,0.0,0.0,-0.000310791089291916,-0.0001715465092680311
1771835794.7312703,1.2,0.0,0.03,1.23,0.0,0.1,0.0,0.0,0.0,0.0,-0.000275205494688276,-0.000141161306804502
1771835795.1413188,1.2,0.0,0.03,1.23,0.0,0.1,0.0,0.0,0.0,0.0,-0.0003607516596673844,-0.00018893044633160302
1771835795.552938,1.2,0.0,0.03,1.23,0.0,0.1,0.0,0.0,0.0,0.0,-0.00020738282962833919,-0.00011902829781807412
1771835795.9624386,1.2,0.0,0.03,1.23,0.0,0.1,0.0,0.0,0.0,0.0,-0.00019353098393334097,-9.815067653617031e-05
1771835796.3708797,1.2,0.0,0.03,1.23,0.0,0.1,0.0,0.0,0.0,0.0,-0.00015657641919800109,-8.198366607253453e-05
1771835796.7786622,1.2,0.0,0.03,1.23,0.0,0.1,0.0,0.0,0.0,0.0,-8.379552221964247e-05,-4.91758508076571e-05
1771835797.1898222,1.2,0.0,0.03,1.23,0.0,0.1,0.0,0.0,0.0,0.0,-2.0673268281338707e-05,-1.6648859534499728e-05
1771835797.5975294,1.2,0.0,0.03,1.23,0.0,0.1,0.0,0.0,0.0,0.0,-1.3874524372686619e-05,-7.617136577208519e-06
1771835798.0068681,1.2,0.0,0.03,1.23,0.0,0.1,0.0,0.0,0.0,0.0,-0.0001711695530824135,-0.00010131427941217943
1771835798.4143376,1.2,0.0,0.03,1.23,0.0,0.1,0.0,0.0,0.0,0.0,-0.00011930115001949825,-6.483741531604065e-05
1771835798.8255029,1.2,0.0,0.03,1.23,0.0,0.1,0.0,0.0,0.0,0.0,-0.00020704191657742652,-0.00011229503494450609
1771835799.2362165,1.2,0.0,0.03,1.23,0.0,0.1,0.0,0.0,0.0,0.0,-0.00023389805042506968,-0.00011963463859729916
1771835799.642188,1.2,0.0,0.03,1.23,0.0,0.1,0.0,0.0,0.0,0.0,-0.0002461401005863772,-0.00012429425530931937
1771835800.051173,1.2,0.0,0.03,1.23,0.0,0.1,0.0,0.0,0.0,0.0,-0.0002931963804218644,-0.0001513038181944809
1771835800.4594705,1.2,0.0,0.03,1.23,0.0,0.1,0.0,0.0,0.0,0.0,-0.00021622195296636958,-0.00011580841922873427
1771835800.868139,1.2,0.0,0.03,1.23,0.0,0.1,0.0,0.0,0.0,0.0,-0.000141401371735248,-7.818274399073616e-05
1771835801.2755659,1.2,0.0,0.03,1.23,0.0,0.1,0.0,0.0,0.0,0.0,-0.00021092829344471008,-0.00011241683889330125
1771835801.6810625,1.2,0.0,0.03,1.23,0.0,0.1,0.0,0.0,0.0,0.0,-0.00014988814694134322,-8.10480881210083e-05
1771835802.0889745,1.2,0.0,0.03,1.23,0.0,0.1,0.0,0.0,0.0,0.0,-0.00010209811904491197,-5.582806231209911e-05
1771835802.493895,1.2,0.0,0.03,1.23,0.0,0.1,0.0,0.0,0.0,0.0,-0.00010825974883967868,-5.474603739931601e-05
1771835802.9047554,1.2,0.0,0.03,1.23,0.0,0.1,0.0,0.0,0.0,0.0,-9.515238173427102e-05,-4.8886927577676275e-05
1771835803.31135,1.2,0.0,0.03,1.23,0.0,0.1,0.0,0.0,0.0,0.0,-7.839382417574591e-05,-4.087276784372547e-05
1771835803.7221737,1.2,0.0,0.03,1.23,0.0,0.1,0.0,0.0,0.0,0.0,-0.00015990606942864978,-8.810425923961528e-05
1771835804.13493,1.2,0.0,0.03,1.23,0.0,0.1,0.0,0.0,0.0,0.0,-0.00014870814580754326,-7.547386526588229e-05
1771835804.543821,1.2,0.0,0.03,1.23,0.0,0.1,0.0,0.0,0.0,0.0,-0.00017616548675033857,-9.082847746944882e-05
1771835804.9523463,1.2,0.0,0.03,1.23,0.0,0.1,0.0,0.0,0.0,0.0,-0.00022581732825830003,-0.00011787384827994617
1771835805.3588886,1.2,0.0,0.03,1.23,0.0,0.1,0.0,0.0,0.0,0.0,-0.00020178270238314894,-0.00010329481377908958
1771835805.765192,1.2,0.0,0.03,1.23,0.0,0.1,0.0,0.0,0.0,0.0,-0.0002420606573916278,-0.0001250581241966618
1771835806.1733856,1.2,0.0,0.03,1.23,0.0,0.1,0.0,0.0,0.0,0.0,-8.739559062148362e-05,-5.916430198775623e-05
1771835806.586948,1.2,0.0,0.03,1.23,0.0,0.1,0.0,0.0,0.0,0.0,-3.833221017379135e-05,-2.4072443131664903e-05
1771835806.9986758,1.2,0.0,0.03,1.23,0.0,0.1,0.0,0.0,0.0,0.0,-0.00013326947777969595,-7.612846565043844e-05
1771835807.4072728,1.2,0.0,0.03,1.23,0.0,0.1,0.0,0.0,0.0,0.0,-6.264350431117172e-06,-1.5832687950416462e-05
1771835807.8123412,1.2,0.0,0.03,1.23,0.0,0.1,0.0,0.0,0.0,0.0,-0.00011146456415909328,-6.625230345234425e-05
1771835808.2210543,1.2,0.0,0.03,1.23,0.0,0.1,0.0,0.0,0.0,0.0,-5.553211208082925e-05,-3.335930124824103e-05
1771835808.6298332,1.2,0.0,0.03,1.23,0.0,0.1,0.0,0.0,0.0,0.0,-8.908880114845382e-05,-4.790006948098937e-05
1771835809.0452554,1.2,0.0,0.03,1.23,0.0,0.1,0.0,0.0,0.0,0.0,1.224613658876969e-07,-8.982356934378e-06
1771835809.4593682,1.2,0.0,0.03,1.23,0.0,0.1,0.0,0.0,0.0,0.0,-0.00015581019777532044,-9.349836480178103e-05
1771835809.870303,1.2,0.0,0.03,1.23,0.0,0.1,0.0,0.0,0.0,0.0,-0.00019904324536565432,-0.00010384492744186055
1771835810.2792428,1.2,0.0,0.03,1.23,0.0,0.1,0.0,0.0,0.0,0.0,-0.00034645776147586033,-0.00018797033234895077
1771835810.6865294,1.2,0.0,0.03,1.23,0.0,0.1,0.0,0.0,0.0,0.0,-0.00032030889266626865,-0.0001627693332140935
1771835811.0933013,1.2,0.0,0.03,1.23,0.0,0.1,0.0,0.0,0.0,0.0,-0.0002831319896710085,-0.00014528368513503026
1771835811.507447,1.2,0.0,0.03,1.23,0.0,0.1,0.0,0.0,0.0,0.0,-0.00025652383414731593,-0.00013092273262602723
1771835811.9185145,1.2,0.0,0.03,1.23,0.0,0.1,0.0,0.0,0.0,0.0,-0.0003166382748476124,-0.00016433058149383585
1771835812.3253284,1.2,0.0,0.03,1.23,0.0,0.1,0.0,0.0,0.0,0.0,-0.00020713701577821525,-0.00011451863379604733
1771835812.7400982,1.2,0.0,0.03,1.23,0.0,0.1,0.0,0.0,0.0,0.0,-0.00014147428112265792,-7.730341402688469e-05
1771835813.145301,1.2,0.0,0.03,1.23,0.0,0.1,0.0,0.0,0.0,0.0,6.290988755940544e-06,-1.7922021365830118e-05
1771835813.5577207,1.2,0.0,0.03,1.23,0.0,0.1,0.0,0.0,0.0,0.0,-3.302731271341283e-05,-2.0445486503641753e-05
1771835813.9636588,1.2,0.0,0.03,1.23,0.0,0.1,0.0,0.0,0.0,0.0,-9.134206676901648e-05,-5.150250879006861e-05
1771835814.3707547,1.2,0.0,0.03,1.23,0.0,0.1,0.0,0.0,0.0,0.0,2.9179252336356867e-05,-2.664175807871577e-05
1771835814.7788708,1.2,0.0,0.03,1.23,0.0,0.1,0.0,0.0,0.0,0.0,-2.6338000714033004e-06,-4.498205276477667e-06
1771835815.1844323,1.2,0.0,0.03,1.23,0.0,0.1,0.0,0.0,0.0,0.0,-0.00010298955530825096,-6.153035317781026e-05
1771835815.5959918,1.2,0.0,0.03,1.23,0.0,0.1,0.0,0.0,0.0,0.0,-0.00012379309707849008,-6.397690271626895e-05
1771835816.0038524,1.2,0.0,0.03,1.23,0.0,0.1,0.0,0.0,0.0,0.0,-0.00011660045152518797,-5.9019490317924193e-05
1771835816.4155903,1.2,0.0,0.03,1.23,0.0,0.1,0.0,0.0,0.0,0.0,-0.00022941739108881697,-0.00012599038950077138
1771835816.8406122,1.2,0.0,0.03,1.23,0.0,0.1,0.0,0.0,0.0,0.0,-0.00033441744916008385,-0.0001777087303871686
1771835817.2560627,1.2,0.0,0.03,1.23,0.0,0.1,0.0,0.0,0.0,0.0,-0.00011730490945504545,-8.036370869802658e-05
1771835817.6616926,1.2,0.0,0.03,1.23,0.0,0.1,0.0,0.0,0.0,0.0,-1.3089871088203952e-05,-1.696643938078613e-05
1771835818.0737357,1.2,0.0,0.03,1.23,0.0,0.1,0.0,0.0,0.0,0.0,2.2458846754671467e-05,-1.4784295161623275e-05
1771835818.481006,1.2,0.0,0.03,1.23,0.0,0.1,0.0,0.0,0.0,0.0,-3.2475094967938485e-05,-2.173094165623024e-05
1771835818.8915594,1.2,0.0,0.03,1.23,0.0,0.1,0.0,0.0,0.0,0.0,1.8928734694082338e-05,-1.4604750313243253e-05
1771835819.3015263,1.2,0.0,0.03,1.23,0.0,0.1,0.0,0.0,0.0,0.0,-0.00013124761633893253,-8.064144327276775e-05
1771835819.7079008,1.2,0.0,0.03,1.23,0.0,0.1,0.0,0.0,0.0,0.0,-0.00021582251761587134,-0.00011636874893562956
1771835820.1168897,1.2,0.0,0.03,1.23,0.0,0.1,0.0,0.0,0.0,0.0,-0.0002087486469804974,-0.00010508171055378609
1771835820.5256941,1.2,0.0,0.03,1.23,0.0,0.1,0.0,0.0,0.0,0.0,-0.00022675343821344484,-0.00011517719823001716
1771835820.9323435,1.2,0.0,0.03,1.23,0.0,0.1,0.0,0.0,0.0,0.0,-0.00024392932412734773,-0.00012368225065506415
1771835821.3400364,1.2,0.0,0.03,1.23,0.0,0.1,0.0,0.0,0.0,0.0,-0.0003617492790500787,-0.00019265663501731245
1771835821.7472003,1.2,0.0,0.03,1.23,0.0,0.1,0.0,0.0,0.0,0.0,-0.0003264102942773782,-0.00016673904561595915
1771835822.15472,1.2,0.0,0.03,1.23,0.0,0.1,0.0,0.0,0.0,0.0,-0.0004542807933723714,-0.00023992744659568502
1771835822.5604117,1.2,0.0,0.03,1.23,0.0,0.1,0.0,0.0,0.0,0.0,-0.0003838291994647579,-0.0001989597591231403
1771835822.971355,1.2,0.0,0.03,1.23,0.0,0.1,0.0,0.0,0.0,0.0,-0.000326523766274293,-0.00016899242645619297
1771835823.3807,1.2,0.0,0.03,1.23,0.0,0.1,0.0,0.0,0.0,0.0,-0.00028456711214455927,-0.000146479221485253
1771835823.7921886,1.2,0.0,0.03,1.23,0.0,0.1,0.0,0.0,0.0,0.0,-0.0001752562498988499,-9.855921117399588e-05
1771835824.2034028,1.2,0.0,0.03,1.23,0.0,0.1,0.0,0.0,0.0,0.0,-5.2030190126957474e-05,-3.8337701040667976e-05
1771835824.6087947,1.2,0.0,0.03,1.23,0.0,0.1,0.0,0.0,0.0,0.0,-0.00015775282666056437,-8.944867698364288e-05
1771835825.0172482,1.2,0.0,0.03,1.23,0.0,0.1,0.0,0.0,0.0,0.0,-0.00018011633274507574,-9.2294516980989e-05
1771835825.4238892,1.2,0.0,0.03,1.23,0.0,0.1,0.0,0.0,0.0,0.0,-0.00015348436288473657,-7.94053784284022e-05
1771835825.8311467,1.2,0.0,0.03,1.23,0.0,0.1,0.0,0.0,0.0,0.0,-0.0003051484242479661,-0.000167740618260306
1771835826.2384093,1.2,0.0,0.03,1.23,0.0,0.1,0.0,0.0,0.0,0.0,-0.0003142458826912462,-0.0001580326871899511
1771835826.651853,1.2,0.0,0.03,1.23,0.0,0.1,0.0,0.0,0.0,0.0,-0.00033197754082999023,-0.00016776193622886952
1771835827.0603297,1.2,0.0,0.03,1.23,0.0,0.1,0.0,0.0,0.0,0.0,-0.00011240822133473527,-7.816104261689313e-05
1771835827.465298,1.2,0.0,0.03,1.23,0.0,0.1,0.0,0.0,0.0,0.0,-0.0002649394280732034,-0.00014772283471044853
1771835827.8714895,1.2,0.0,0.03,1.23,0.0,0.1,0.0,0.0,0.0,0.0,-0.00015485484847090406,-8.843588219568196e-05
1771835828.2802324,1.2,0.0,0.03,1.23,0.0,0.1,0.0,0.0,0.0,0.0,3.894615858072344e-07,-1.5719161798574745e-05
1771835828.6972072,1.2,0.0,0.03,1.23,0.0,0.1,0.0,0.0,0.0,0.0,4.067680451473325e-05,-2.4367136550259227e-05
1771835829.106739,1.2,0.0,0.03,1.23,0.0,0.1,0.0,0.0,0.0,0.0,0.0001679356220680588,-9.669369278936195e-05
1771835829.5135052,1.2,0.0,0.03,1.23,0.0,0.1,0.0,0.0,0.0,0.0,0.00017104412449773005,-8.583291249183215e-05
1771835829.9266644,1.2,0.0,0.03,1.23,0.0,0.1,0.0,0.0,0.0,0.0,-1.2433480438429177e-05,-2.456450071283051e-05
1771835830.3335843,1.2,0.0,0.03,1.23,0.0,0.1,0.0,0.0,0.0,0.0,-7.00884774241695e-05,-4.0809738410658785e-05
1771835830.7421896,1.2,0.0,0.03,1.23,0.0,0.1,0.0,0.0,0.0,0.0,-7.854767243878951e-05,-4.0119755720856756e-05
1771835831.1495638,1.2,0.0,0.03,1.23,0.0,0.1,0.0,0.0,0.0,0.0,-0.00027221289839266845,-0.0001554729717917221
1771835831.5574558,1.2,0.0,0.03,1.23,0.0,0.1,0.0,0.0,0.0,0.0,-0.00026615350842154525,-0.00013368269320788493
1771835831.9621923,1.2,0.0,0.03,1.23,0.0,0.1,0.0,0.0,0.0,0.0,-0.00027380615288722407,-0.0001376683408901799
1771835832.3682516,1.2,0.0,0.03,1.23,0.0,0.1,0.0,0.0,0.0,0.0,-0.00016790706888218185,-9.454344284159515e-05
1771835832.7760873,1.2,0.0,0.03,1.23,0.0,0.1,0.0,0.0,0.0,0.0,-0.00035344057141903655,-0.00019527363596320374
1771835833.1827066,1.2,0.0,0.03,1.23,0.0,0.1,0.0,0.0,0.0,0.0,-0.00028882872928100937,-0.0001508755488543074
1771835833.593434,1.2,0.0,0.03,1.23,0.0,0.1,0.0,0.0,0.0,0.0,-0.00020795833073131032,-0.00011206620522062506
1771835834.002235,1.2,0.0,0.03,1.23,0.0,0.1,0.0,0.0,0.0,0.0,2.483339638862346e-05,-3.569587090630511e-05
1771835834.410305,1.2,0.0,0.03,1.23,0.0,0.1,0.0,0.0,0.0,0.0,-0.00011762685247035136,-7.305945112107316e-05
1771835834.8193843,1.2,0.0,0.03,1.23,0.0,0.1,0.0,0.0,0.0,0.0,1.8919110676769906e-05,-2.311415165309708e-05
1771835835.2268558,1.2,0.0,0.03,1.23,0.0,0.1,0.0,0.0,0.0,0.0,-3.239067630967563e-05,-2.1326316853482368e-05
1771835835.636764,1.2,0.0,0.03,1.23,0.0,0.1,0.0,0.0,0.0,0.0,-9.388706106942278e-05,-5.309316901068611e-05
1771835836.0436678,1.2,0.0,0.03,1.23,0.0,0.1,0.0,0.0,0.0,0.0,3.649812460315512e-05,-3.128758086883535e-05
1771835836.452359,1.2,0.0,0.03,1.23,0.0,0.1,0.0,0.0,0.0,0.0,-8.15837078050271e-05,-5.260003714333177e-05
1771835836.8628857,1.2,0.0,0.03,1.23,0.0,0.1,0.0,0.0,0.0,0.0,-0.00013181881079422548,-7.093291569603258e-05
1771835837.2694855,1.2,0.0,0.03,1.23,0.0,0.1,0.0,0.0,0.0,0.0,-9.599993805924997e-05,-5.158185630312254e-05
1771835837.6757762,1.2,0.0,0.03,1.23,0.0,0.1,0.0,0.0,0.0,0.0,-0.00012814052936286274,-6.728432381179265e-05
1771835838.0847363,1.2,0.0,0.03,1.23,0.0,0.1,0.0,0.0,0.0,0.0,-0.00019731942262940578,-0.00010557760064135719
1771835838.4944768,1.2,0.0,0.03,1.23,0.0,0.1,0.0,0.0,0.0,0.0,-0.00010224585690915039,-6.063028502660073e-05
1771835838.9042366,1.2,0.0,0.03,1.23,0.0,0.1,0.0,0.0,0.0,0.0,-0.0001123188744825246,-5.716673899859972e-05
1771835839.3112528,1.2,0.0,0.03,1.23,0.0,0.1,0.0,0.0,0.0,0.0,-0.00011426364798710855,-5.732630134401267e-05
1771835839.7178743,1.2,0.0,0.03,1.23,0.0,0.1,0.0,0.0,0.0,0.0,-1.0988869028546258e-05,-1.582191241012936e-05
1771835840.1249907,1.2,0.0,0.03,1.23,0.0,0.1,0.0,0.0,0.0,0.0,0.00015478020504523386,-9.396700992999494e-05
1771835840.531312,1.2,0.0,0.03,1.23,0.0,0.1,0.0,0.0,0.0,0.0,5.8044506697618856e-06,-1.779980077242814e-05
1771835840.9411013,1.2,0.0,0.03,1.23,0.0,0.1,0.0,0.0,0.0,0.0,-4.689826799078634e-05,-2.8719405861447993e-05
1771835841.3467987,1.2,0.0,0.03,1.23,0.0,0.1,0.0,0.0,0.0,0.0,8.095816019233579e-06,-9.54731641061878e-06
1771835841.7533832,1.2,0.0,0.03,1.23,0.0,0.1,0.0,0.0,0.0,0.0,9.59010010104475e-06,-4.9444784587034925e-06
1771835842.15954,1.2,0.0,0.03,1.23,0.0,0.1,0.0,0.0,0.0,0.0,-0.00011803814198309084,-7.178189519995898e-05
1771835842.5646799,1.2,0.0,0.03,1.23,0.0,0.1,0.0,0.0,0.0,0.0,-0.0001762469029153643,-9.39443275509095e-05
1771835842.970074,1.2,0.0,0.03,1.23,0.0,0.1,0.0,0.0,0.0,0.0,-0.00016678220235564876,-8.433757123379593e-05
1771835843.3758373,1.2,0.0,0.03,1.23,0.0,0.1,0.0,0.0,0.0,0.0,-0.00021054699010866908,-0.00010964997382963658
1771835843.7826865,1.2,0.0,0.03,1.23,0.0,0.1,0.0,0.0,0.0,0.0,-7.116238446095731e-05,-4.9519652795249834e-05
1771835844.1892076,1.2,0.0,0.03,1.23,0.0,0.1,0.0,0.0,0.0,0.0,-2.0730347275096595e-05,-1.540837735613437e-05
1771835844.6027403,1.2,0.0,0.03,1.23,0.0,0.1,0.0,0.0,0.0,0.0,1.7630139624663674e-05,-1.2651118502307864e-05
1771835845.014731,1.2,0.0,0.03,1.23,0.0,0.1,0.0,0.0,0.0,0.0,3.481040212144843e-05,-1.912322731040269e-05
1771835845.4237084,1.2,0.0,0.03,1.23,0.0,0.1,0.0,0.0,0.0,0.0,3.201635492485936e-05,-1.6287582182088587e-05
1771835845.8317926,1.2,0.0,0.03,1.23,0.0,0.1,0.0,0.0,0.0,0.0,9.202912430733211e-05,-5.201583909191333e-05
1771835846.2375095,1.2,0.0,0.03,1.23,0.0,0.1,0.0,0.0,0.0,0.0,-1.4232813448919445e-05,-1.774260050008488e-05
1771835846.646462,1.2,0.0,0.03,1.23,0.0,0.1,0.0,0.0,0.0,0.0,5.1228401806123385e-05,-3.2160322428565974e-05
1771835847.056837,1.2,0.0,0.03,1.23,0.0,0.1,0.0,0.0,0.0,0.0,-0.00011357956166187561,-7.327057717773771e-05
1771835847.464411,1.2,0.0,0.03,1.23,0.0,0.1,0.0,0.0,0.0,0.0,-0.00015346590164103468,-8.072158481843325e-05
1771835847.875944,1.2,0.0,0.03,1.23,0.0,0.1,0.0,0.0,0.0,0.0,-0.00012985746753269465,-6.728957717718133e-05
1771835848.2831783,1.2,0.0,0.03,1.23,0.0,0.1,0.0,0.0,0.0,0.0,-8.444690684554416e-05,-4.676450949148713e-05
1771835848.6907225,1.2,0.0,0.03,1.23,0.0,0.1,0.0,0.0,0.0,0.0,-6.141164757220967e-05,-3.3009349713438284e-05
1771835849.1005158,1.2,0.0,0.03,1.23,0.0,0.1,0.0,0.0,0.0,0.0,0.00013759193818719937,-8.86963276695406e-05
1771835849.509263,1.2,0.0,0.03,1.23,0.0,0.1,0.0,0.0,0.0,0.0,-5.300300509428295e-05,-4.5560996875289704e-05
1771835849.914857,1.2,0.0,0.03,1.23,0.0,0.1,0.0,0.0,0.0,0.0,5.901978127747156e-05,-4.071216927591123e-05
1771835850.321444,1.2,0.0,0.03,1.23,0.0,0.1,0.0,0.0,0.0,0.0,-1.1795358575936323e-05,-1.297919327330895e-05
1771835850.7305481,1.2,0.0,0.03,1.23,0.0,0.1,0.0,0.0,0.0,0.0,7.124701005494224e-06,-5.454356460890167e-06
1771835851.1417456,1.2,0.0,0.03,1.23,0.0,0.1,0.0,0.0,0.0,0.0,3.207707584530104e-05,-1.85337754066312e-05
1771835851.5536425,1.2,0.0,0.03,1.23,0.0,0.1,0.0,0.0,0.0,0.0,-2.141322680441174e-05,-1.605564366717715e-05
1771835851.9637764,1.2,0.0,0.03,1.23,0.0,0.1,0.0,0.0,0.0,0.0,-0.0001222621046829231,-7.121594012931268e-05
1771835852.3696573,1.2,0.0,0.03,1.23,0.0,0.1,0.0,0.0,0.0,0.0,-0.0001827373814952507,-9.741621842885812e-05
1771835852.7758343,1.2,0.0,0.03,1.23,0.0,0.1,0.0,0.0,0.0,0.0,-0.00014342441824907327,-7.564350544915438e-05
1771835853.182105,1.2,0.0,0.03,1.23,0.0,0.1,0.0,0.0,0.0,0.0,-0.00014889846660537498,-7.499663813831766e-05
1771835853.5904818,1.2,0.0,0.03,1.23,0.0,0.1,0.0,0.0,0.0,0.0,-0.00014963915900879872,-7.489364874474173e-05
1771835853.9964764,1.2,0.0,0.03,1.23,0.0,0.1,0.0,0.0,0.0,0.0,-4.342888358759296e-06,-1.670107124438359e-05
1771835854.410766,1.2,0.0,0.03,1.23,0.0,0.1,0.0,0.0,0.0,0.0,2.915510784963266e-05,-1.7927353545655526e-05
1771835854.8183334,1.2,0.0,0.03,1.23,0.0,0.1,0.0,0.0,0.0,0.0,-3.063890784364225e-05,-2.1298855491148616e-05
1771835855.2266853,1.2,0.0,0.03,1.23,0.0,0.1,0.0,0.0,0.0,0.0,-4.266894071503475e-05,-2.2537473644656625e-05
1771835855.6339657,1.2,0.0,0.03,1.23,0.0,0.1,0.0,0.0,0.0,0.0,-0.0001269115004645502,-7.188000620722665e-05
1771835856.043076,1.2,0.0,0.03,1.23,0.0,0.1,0.0,0.0,0.0,0.0,-3.197729621680127e-05,-2.548206853317553e-05
1771835856.4543521,1.2,0.0,0.03,1.23,0.0,0.1,0.0,0.0,0.0,0.0,-0.00012261122006369885,-7.036900241653918e-05
1771835856.8626685,1.2,0.0,0.03,1.23,0.0,0.1,0.0,0.0,0.0,0.0,-0.00015659499681823882,-8.16958760845734e-05
1771835857.2700694,1.2,0.0,0.03,1.23,0.0,0.1,0.0,0.0,0.0,0.0,-0.0001297790558188207,-6.757112200935216e-05
1771835857.6809862,1.2,0.0,0.03,1.23,0.0,0.1,0.0,0.0,0.0,0.0,-0.0002484474315782272,-0.00013609055336505425
1771835858.0895565,1.2,0.0,0.03,1.23,0.0,0.1,0.0,0.0,0.0,0.0,-0.0001604036831075833,-8.900621640085604e-05
1771835858.4948976,1.2,0.0,0.03,1.23,0.0,0.1,0.0,0.0,0.0,0.0,-0.00017517647011566523,-8.906551375864082e-05
1771835858.9012272,1.2,0.0,0.03,1.23,0.0,0.1,0.0,0.0,0.0,0.0,-0.00015985083160077352,-8.145797965187593e-05
1771835859.307279,1.2,0.0,0.03,1.23,0.0,0.1,0.0,0.0,0.0,0.0,-0.00016132576997915027,-8.08103788274128e-05
1771835859.7150369,1.2,0.0,0.03,1.23,0.0,0.1,0.0,0.0,0.0,0.0,3.2841377699808386e-05,-3.583740361780006e-05
1771835860.122711,1.2,0.0,0.03,1.23,0.0,0.1,0.0,0.0,0.0,0.0,-2.1083757943292182e-05,-1.593439253595615e-05
1771835860.5365653,1.2,0.0,0.03,1.23,0.0,0.1,0.0,0.0,0.0,0.0,4.607676774441676e-06,-4.872981858994223e-06
1771835860.9515932,1.2,0.0,0.03,1.23,0.0,0.1,0.0,0.0,0.0,0.0,-1.2764858535716432e-05,-8.119682798874027e-06
1771835861.3605406,1.2,0.0,0.03,1.23,0.0,0.1,0.0,0.0,0.0,0.0,6.66860456329548e-05,-4.128811323334452e-05
1771835861.7695642,1.2,0.0,0.03,1.23,0.0,0.1,0.0,0.0,0.0,0.0,-3.50678263816882e-05,-2.77093003923084e-05
1771835862.1795359,1.2,0.0,0.03,1.23,0.0,0.1,0.0,0.0,0.0,0.0,-1.8937975075567345e-05,-1.1081972668395759e-05
1771835862.584856,1.2,0.0,0.03,1.23,0.0,0.1,0.0,0.0,0.0,0.0,-8.82638332692249e-05,-5.106450245397821e-05
1771835862.9909847,1.2,0.0,0.03,1.23,0.0,0.1,0.0,0.0,0.0,0.0,-9.926882153285193e-05,-5.073490959278867e-05
1771835863.400108,1.2,0.0,0.03,1.23,0.0,0.1,0.0,0.0,0.0,0.0,-0.00011818557452582185,-6.0984462562207915e-05
1771835863.8094907,1.2,0.0,0.03,1.23,0.0,0.1,0.0,0.0,0.0,0.0,-0.0001611961259523565,-8.48991181188317e-05
1771835864.2185645,1.2,0.0,0.03,1.23,0.0,0.1,0.0,0.0,0.0,0.0,-0.00015340877826888985,-7.74831239027916e-05
1771835864.6269588,1.2,0.0,0.03,1.23,0.0,0.1,0.0,0.0,0.0,0.0,-0.00020889279326485866,-0.00010999479813202621
1771835865.0385876,1.2,0.0,0.03,1.23,0.0,0.1,0.0,0.0,0.0,0.0,-0.0002344463978684773,-0.00011977855939460052
1771835865.4517403,1.2,0.0,0.03,1.23,0.0,0.1,0.0,0.0,0.0,0.0,-0.00021832657413769084,-0.00011077526944192406
1771835865.8602247,1.2,0.0,0.03,1.23,0.0,0.1,0.0,0.0,0.0,0.0,-0.00010705607400373605,-6.465508701526351e-05
1771835866.2654047,1.2,0.0,0.03,1.23,0.0,0.1,0.0,0.0,0.0,0.0,-0.00012298179593709939,-6.308347016188603e-05
1771835866.6711545,1.2,0.0,0.03,1.23,0.0,0.1,0.0,0.0,0.0,0.0,-0.00014089167726435617,-7.223682676490376e-05
1771835867.0797973,1.2,0.0,0.03,1.23,0.0,0.1,0.0,0.0,0.0,0.0,-0.0002031626634613712,-0.00010780843035038709
1771835867.4899259,1.2,0.0,0.03,1.23,0.0,0.1,0.0,0.0,0.0,0.0,-0.00019588485932083312,-9.867021007447037e-05
1771835867.8983457,1.2,0.0,0.03,1.23,0.0,0.1,0.0,0.0,0.0,0.0,-0.00015448255419523262,-8.138150761017636e-05
1771835868.3049476,1.2,0.0,0.03,1.23,0.0,0.1,0.0,0.0,0.0,0.0,-0.00023173407239317963,-0.0001235921880163845
1771835868.7116072,1.2,0.0,0.03,1.23,0.0,0.1,0.0,0.0,0.0,0.0,-0.0002648702128989945,-0.00013574872050007875
1771835869.1212647,1.2,0.0,0.03,1.23,0.0,0.1,0.0,0.0,0.0,0.0,-0.00031031124949945486,-0.00015969972840977346
1771835869.5373363,1.2,0.0,0.03,1.23,0.0,0.1,0.0,0.0,0.0,0.0,-0.0001997401532718254,-0.00011092718625867564
1771835869.944034,1.2,0.0,0.03,1.23,0.0,0.1,0.0,0.0,0.0,0.0,-0.00021166524089156244,-0.00010702512920775493
1771835870.3551428,1.2,0.0,0.03,1.23,0.0,0.1,0.0,0.0,0.0,0.0,-0.00011865126355857144,-6.862702951258482e-05
1771835870.7620087,1.2,0.0,0.03,1.23,0.0,0.1,0.0,0.0,0.0,0.0,-0.00010405397008152629,-5.3486714388467655e-05
1771835871.171472,1.2,0.0,0.03,1.23,0.0,0.1,0.0,0.0,0.0,0.0,2.0503823120274743e-05,-2.2707690880317475e-05
1771835871.5773432,1.2,0.0,0.03,1.23,0.0,0.1,0.0,0.0,0.0,0.0,2.7184275937875457e-05,-1.42601832506978e-05
1771835871.9845483,1.2,0.0,0.03,1.23,0.0,0.1,0.0,0.0,0.0,0.0,0.00013586558127567293,-7.880092117161622e-05
1771835872.3922553,1.2,0.0,0.03,1.23,0.0,0.1,0.0,0.0,0.0,0.0,8.048196454374769e-05,-4.577934394506637e-05
1771835872.7991257,1.2,0.0,0.03,1.23,0.0,0.1,0.0,0.0,0.0,0.0,-3.31688666409126e-05,-2.7949516438922334e-05
1771835873.2080555,1.2,0.0,0.03,1.23,0.0,0.1,0.0,0.0,0.0,0.0,-0.0001752708993353076,-0.00010184565293709331
1771835873.6142702,1.2,0.0,0.03,1.23,0.0,0.1,0.0,0.0,0.0,0.0,-0.00012454918142351817,-6.734676250293803e-05
1771835874.0273173,1.2,0.0,0.03,1.23,0.0,0.1,0.0,0.0,0.0,0.0,-0.00015931562296949575,-8.313445563934564e-05
1771835874.4450963,1.2,0.0,0.03,1.23,0.0,0.1,0.0,0.0,0.0,0.0,-0.00019204335948954133,-9.929445339677522e-05
1771835874.854832,1.2,0.0,0.03,1.23,0.0,0.1,0.0,0.0,0.0,0.0,-0.00014741065638670896,-7.816859850363771e-05
1771835875.26152,1.2,0.0,0.03,1.23,0.0,0.1,0.0,0.0,0.0,0.0,-2.484132472485529e-05,-2.467759552861301e-05
1771835875.666836,1.2,0.0,0.03,1.23,0.0,0.1,0.0,0.0,0.0,0.0,-6.070491186253152e-05,-3.393881464503338e-05
1771835876.0719,1.2,0.0,0.03,1.23,0.0,0.1,0.0,0.0,0.0,0.0,-9.400046655438083e-05,-5.032978874637535e-05
1771835876.4802504,1.2,0.0,0.03,1.23,0.0,0.1,0.0,0.0,0.0,0.0,1.6635105657161974e-05,-1.9381110049735268e-05
1771835876.8967187,1.2,0.0,0.03,1.23,0.0,0.1,0.0,0.0,0.0,0.0,-0.00017020521039913145,-0.00010378663680519507
1771835877.3057165,1.2,0.0,0.03,1.23,0.0,0.1,0.0,0.0,0.0,0.0,-7.38547849233375e-05,-4.6562435009248145e-05
1771835877.711424,1.2,0.0,0.03,1.23,0.0,0.1,0.0,0.0,0.0,0.0,-9.058189813313325e-05,-4.69636603875462e-05
1771835878.1202228,1.2,0.0,0.03,1.23,0.0,0.1,0.0,0.0,0.0,0.0,-0.0001293561122859348,-6.855547755824756e-05
1771835878.5257359,1.2,0.0,0.03,1.23,0.0,0.1,0.0,0.0,0.0,0.0,-0.00018461113384770172,-9.783106908002755e-05
1771835878.933371,1.2,0.0,0.03,1.23,0.0,0.1,0.0,0.0,0.0,0.0,-0.00019928256645877524,-0.00010110842649049497
1771835879.3403652,1.2,0.0,0.03,1.23,0.0,0.1,0.0,0.0,0.0,0.0,-0.00020675615469273835,-0.00010412543616976549
1771835879.7557364,1.2,0.0,0.03,1.23,0.0,0.1,0.0,0.0,0.0,0.0,-0.00029930652143412217,-0.00015890829739119948
1771835880.1630826,1.2,0.0,0.03,1.23,0.0,0.1,0.0,0.0,0.0,0.0,-0.00021658605123927604,-0.00011656507263912263
1771835880.5679893,1.2,0.0,0.03,1.23,0.0,0.1,0.0,0.0,0.0,0.0,-0.00030732857302724246,-0.00016273853869241788
1771835880.9729416,1.2,0.0,0.03,1.23,0.0,0.1,0.0,0.0,0.0,0.0,-0.0003121319017309523,-0.00015654628373584713
1771835881.3784103,1.2,0.0,0.03,1.23,0.0,0.1,0.0,0.0,0.0,0.0,-9.664978990418206e-05,-6.987310613476805e-05
1771835881.7839377,1.2,0.0,0.03,1.23,0.0,0.1,0.0,0.0,0.0,0.0,-7.472752356851441e-05,-3.955598841782397e-05
1771835882.191172,1.2,0.0,0.03,1.23,0.0,0.1,0.0,0.0,0.0,0.0,-9.990474227829915e-05,-5.247009301012805e-05
1771835882.5972981,1.2,0.0,0.03,1.23,0.0,0.1,0.0,0.0,0.0,0.0,-8.422464687302857e-05,-4.368033297704134e-05
1771835883.0140655,1.2,0.0,0.03,1.23,0.0,0.1,0.0,0.0,0.0,0.0,-0.00015252972654326984,-8.309537123865905e-05
1771835883.418841,1.2,0.0,0.03,1.23,0.0,0.1,0.0,0.0,0.0,0.0,-0.0002957615992370097,-0.00016220398688787882
1771835883.8268356,1.2,0.0,0.03,1.23,0.0,0.1,0.0,0.0,0.0,0.0,-0.0003050120588674295,-0.00015343107539675672
1771835884.2382119,1.2,0.0,0.03,1.23,0.0,0.1,0.0,0.0,0.0,0.0,-0.00026223828013051544,-0.00013539651793894914
1771835884.656343,1.2,0.0,0.03,1.23,0.0,0.1,0.0,0.0,0.0,0.0,-0.0003144292671934189,-0.00016243373230299978
1771835885.062769,1.2,0.0,0.03,1.23,0.0,0.1,0.0,0.0,0.0,0.0,-0.00031243852829624725,-0.0001564183380378408
1771835885.4691298,1.2,0.0,0.03,1.23,0.0,0.1,0.0,0.0,0.0,0.0,-0.00022871911614847203,-0.00012273149928901354
1771835885.8748708,1.2,0.0,0.03,1.23,0.0,0.1,0.0,0.0,0.0,0.0,-0.0002359484378421765,-0.0001186971510904587
1771835886.283215,1.2,0.0,0.03,1.23,0.0,0.1,0.0,0.0,0.0,0.0,-0.00015045646340763275,-8.377742914727075e-05
1771835886.692557,1.2,0.0,0.03,1.23,0.0,0.1,0.0,0.0,0.0,0.0,-0.00012361806370284203,-6.449287182190009e-05
1771835887.109137,1.2,0.0,0.03,1.23,0.0,0.1,0.0,0.0,0.0,0.0,5.874931170548708e-05,-4.761139339357645e-05
1771835887.5186481,1.2,0.0,0.03,1.23,0.0,0.1,0.0,0.0,0.0,0.0,-6.849518486980305e-05,-4.697204209243054e-05
1771835887.9265852,1.2,0.0,0.03,1.23,0.0,0.1,0.0,0.0,0.0,0.0,-2.5289021053584574e-05,-1.6965126908414134e-05
1771835888.3469973,1.2,0.0,0.03,1.23,0.0,0.1,0.0,0.0,0.0,0.0,5.5074794879771665e-05,-3.5573779033221456e-05
1771835888.7567377,1.2,0.0,0.03,1.23,0.0,0.1,0.0,0.0,0.0,0.0,-0.00010957186729544328,-7.125059986524314e-05
1771835889.1643064,1.2,0.0,0.03,1.23,0.0,0.1,0.0,0.0,0.0,0.0,-0.00026081915600028146,-0.00014553430687062454
1771835889.5695457,1.2,0.0,0.03,1.23,0.0,0.1,0.0,0.0,0.0,0.0,-0.00035275880503411896,-0.00018557336742044324
1771835889.9811103,1.2,0.0,0.03,1.23,0.0,0.1,0.0,0.0,0.0,0.0,-0.0003470689855856147,-0.0001741034747376578
1771835890.390706,1.2,0.0,0.03,1.23,0.0,0.1,0.0,0.0,0.0,0.0,-0.000282370193846279,-0.00014765497609707306
1771835890.7986073,1.2,0.0,0.03,1.23,0.0,0.1,0.0,0.0,0.0,0.0,-0.00019021974318145156,-0.00010432491665720853
1771835891.21163,1.2,0.0,0.03,1.23,0.0,0.1,0.0,0.0,0.0,0.0,-0.00010921046895005424,-6.270616189816685e-05
1771835891.6213932,1.2,0.0,0.03,1.23,0.0,0.1,0.0,0.0,0.0,0.0,-0.0001472310842092333,-7.741760363053456e-05
1771835892.0287766,1.2,0.0,0.03,1.23,0.0,0.1,0.0,0.0,0.0,0.0,-0.00010209771567814474,-5.556219469218123e-05
1771835892.4386923,1.2,0.0,0.03,1.23,0.0,0.1,0.0,0.0,0.0,0.0,-0.00019328103195256061,-0.0001057588476037219
1771835892.8479016,1.2,0.0,0.03,1.23,0.0,0.1,0.0,0.0,0.0,0.0,-0.00011407321452853027,-6.495738900666817e-05
1771835893.258643,1.2,0.0,0.03,1.23,0.0,0.1,0.0,0.0,0.0,0.0,-0.00018254263234196137,-9.811825795232379e-05
1771835893.6659958,1.2,0.0,0.03,1.23,0.0,0.1,0.0,0.0,0.0,0.0,-0.0001398336205573058,-7.418771145711847e-05
1771835894.0716834,1.2,0.0,0.03,1.23,0.0,0.1,0.0,0.0,0.0,0.0,-0.00024348577009579008,-0.00013210810000174346
1771835894.47967,1.2,0.0,0.03,1.23,0.0,0.1,0.0,0.0,0.0,0.0,-0.0003122721830977159,-0.00016301473284905055
1771835894.8875926,1.2,0.0,0.03,1.23,0.0,0.1,0.0,0.0,0.0,0.0,-0.00028785781920012574,-0.00014637034598982189
1771835895.2957711,1.2,0.0,0.03,1.23,0.0,0.1,0.0,0.0,0.0,0.0,-0.0002446146182361436,-0.00012663162921447
1771835895.7027876,1.2,0.0,0.03,1.23,0.0,0.1,0.0,0.0,0.0,0.0,-0.00034185288473063616,-0.00018065026901476733
1771835896.1099243,1.2,0.0,0.03,1.23,0.0,0.1,0.0,0.0,0.0,0.0,-0.00020398852897031072,-0.0001157807000611879
1771835896.5206997,1.2,0.0,0.03,1.23,0.0,0.1,0.0,0.0,0.0,0.0,-0.00020535909503641047,-0.00010281660412481521
1771835896.9304132,1.2,0.0,0.03,1.23,0.0,0.1,0.0,0.0,0.0,0.0,-0.00010488546879759251,-6.249009702267805e-05
1771835897.3411365,1.2,0.0,0.03,1.23,0.0,0.1,0.0,0.0,0.0,0.0,-3.1196564433103796e-05,-2.2967172653000768e-05
1771835897.7484484,1.2,0.0,0.03,1.23,0.0,0.1,0.0,0.0,0.0,0.0,0.00013072373711180618,-8.155389871039409e-05
1771835898.1583571,1.2,0.0,0.03,1.23,0.0,0.1,0.0,0.0,0.0,0.0,-1.3684250756024133e-05,-2.1282924164795096e-05
1771835898.5645065,1.2,0.0,0.03,1.23,0.0,0.1,0.0,0.0,0.0,0.0,6.44394263696868e-05,-4.003208089741449e-05
1771835898.9699333,1.2,0.0,0.03,1.23,0.0,0.1,0.0,0.0,0.0,0.0,4.51305469064664e-05,-2.449616139955524e-05
1771835899.377275,1.2,0.0,0.03,1.23,0.0,0.1,0.0,0.0,0.0,0.0,-1.60981276938116e-06,-5.478942352275336e-06
1771835899.7855647,1.2,0.0,0.03,1.23,0.0,0.1,0.0,0.0,0.0,0.0,6.0492269446400375e-05,-3.645634294477834e-05
1771835900.1903589,1.2,0.0,0.03,1.23,0.0,0.1,0.0,0.0,0.0,0.0,-7.052076613092237e-05,-4.836168662319346e-05
1771835900.6095307,1.2,0.0,0.03,1.23,0.0,0.1,0.0,0.0,0.0,0.0,-9.776237735272077e-06,-1.0962571707201069e-05
1771835901.019068,1.2,0.0,0.03,1.23,0.0,0.1,0.0,0.0,0.0,0.0,-0.0001026143479850973,-6.059098501753117e-05
1771835901.4283125,1.2,0.0,0.03,1.23,0.0,0.1,0.0,0.0,0.0,0.0,-0.00010940886245171918,-5.538388267252178e-05
1771835901.8371027,1.2,0.0,0.03,1.23,0.0,0.1,0.0,0.0,0.0,0.0,-8.780603027119524e-05,-4.6063298353650016e-05
1771835902.2472374,1.2,0.0,0.03,1.23,0.0,0.1,0.0,0.0,0.0,0.0,-0.0001453368054863271,-7.842148026467674e-05
1771835902.657463,1.2,0.0,0.03,1.23,0.0,0.1,0.0,0.0,0.0,0.0,-8.75363505941932e-05,-4.954822078630999e-05
1771835903.0636175,1.2,0.0,0.03,1.23,0.0,0.1,0.0,0.0,0.0,0.0,-3.7660095518091634e-05,-2.3817673266655974e-05
1771835903.4700572,1.2,0.0,0.03,1.23,0.0,0.1,0.0,0.0,0.0,0.0,-9.439128700095204e-05,-5.2868762648762064e-05
1771835903.8790722,1.2,0.0,0.03,1.23,0.0,0.1,0.0,0.0,0.0,0.0,-8.834225966198393e-07,-9.792497738743141e-06
1771835904.286058,1.2,0.0,0.03,1.23,0.0,0.1,0.0,0.0,0.0,0.0,-7.722757935390662e-05,-4.6248205352681984e-05
1771835904.6934755,1.2,0.0,0.03,1.23,0.0,0.1,0.0,0.0,0.0,0.0,-0.0001227851500728944,-6.594833210834598e-05
1771835905.1008017,1.2,0.0,0.03,1.23,0.0,0.1,0.0,0.0,0.0,0.0,-0.0001449652396162666,-7.470062876247052e-05
1771835905.5090725,1.2,0.0,0.03,1.23,0.0,0.1,0.0,0.0,0.0,0.0,-0.00017723870092806673,-9.184669659521337e-05
1771835905.917612,1.2,0.0,0.03,1.23,0.0,0.1,0.0,0.0,0.0,0.0,-0.0001978945642897224,-0.00010101286848102676
1771835906.330827,1.2,0.0,0.03,1.23,0.0,0.1,0.0,0.0,0.0,0.0,-0.00020993803001575316,-0.00010617336158047966
1771835906.7414596,1.2,0.0,0.03,1.23,0.0,0.1,0.0,0.0,0.0,0.0,-0.00012314196057576756,-7.025058723188234e-05
1771835907.1573706,1.2,0.0,0.03,1.23,0.0,0.1,0.0,0.0,0.0,0.0,-0.00016791770161156243,-8.84364249093607e-05
1771835907.5644457,1.2,0.0,0.03,1.23,0.0,0.1,0.0,0.0,0.0,0.0,-8.664958122346354e-05,-5.145160265054166e-05
1771835907.970195,1.2,0.0,0.03,1.23,0.0,0.1,0.0,0.0,0.0,0.0,-6.027687570046474e-05,-3.277570840253225e-05
1771835908.3817744,1.2,0.0,0.03,1.23,0.0,0.1,0.0,0.0,0.0,0.0,-0.0001104758723332807,-6.025783582992195e-05
1771835908.7982023,1.2,0.0,0.03,1.23,0.0,0.1,0.0,0.0,0.0,0.0,-9.173120698633227e-05,-4.774007002786098e-05
1771835909.2086754,1.2,0.0,0.03,1.23,0.0,0.1,0.0,0.0,0.0,0.0,-0.0001320128041399998,-7.003456178536665e-05
1771835909.6167595,1.2,0.0,0.03,1.23,0.0,0.1,0.0,0.0,0.0,0.0,-7.379952875323723e-05,-4.2721091915294874e-05
1771835910.0295775,1.2,0.0,0.03,1.23,0.0,0.1,0.0,0.0,0.0,0.0,-0.00019547420310689898,-0.00010990456898881567
1771835910.4372106,1.2,0.0,0.03,1.23,0.0,0.1,0.0,0.0,0.0,0.0,-0.0002858229035560177,-0.00015194632182292071
1771835910.8454258,1.2,0.0,0.03,1.23,0.0,0.1,0.0,0.0,0.0,0.0,-0.0003615345860893626,-0.0001883384612980158
1771835911.2545364,1.2,0.0,0.03,1.23,0.0,0.1,0.0,0.0,0.0,0.0,-0.00019614081091192518,-0.00011460978297370632
1771835911.6628606,1.2,0.0,0.03,1.23,0.0,0.1,0.0,0.0,0.0,0.0,-0.00022593488382123395,-0.00011594684920154786
1771835912.0688827,1.2,0.0,0.03,1.23,0.0,0.1,0.0,0.0,0.0,0.0,-1.8315594697335112e-05,-2.991972626105744e-05
1771835912.4759161,1.2,0.0,0.03,1.23,0.0,0.1,0.0,0.0,0.0,0.0,-3.972508124675379e-05,-2.200348927831876e-05
1771835912.8819277,1.2,0.0,0.03,1.23,0.0,0.1,0.0,0.0,0.0,0.0,-7.93733513692871e-06,-7.147442179446863e-06
1771835913.2915933,1.2,0.0,0.03,1.23,0.0,0.1,0.0,0.0,0.0,0.0,-3.2436949878208396e-05,-1.8668436413232166e-05
1771835913.699179,1.2,0.0,0.03,1.23,0.0,0.1,0.0,0.0,0.0,0.0,2.728706930983594e-05,-1.9615936573722407e-05
1771835914.1079252,1.2,0.0,0.03,1.23,0.0,0.1,0.0,0.0,0.0,0.0,1.0163531371297058e-05,-6.7941194795024175e-06
1771835914.5147579,1.2,0.0,0.03,1.23,0.0,0.1,0.0,0.0,0.0,0.0,-4.3862431750556444e-05,-2.7333812187463572e-05
1771835914.9249914,1.2,0.0,0.03,1.23,0.0,0.1,0.0,0.0,0.0,0.0,-1.4326029765789322e-05,-1.0116655081371373e-05
1771835915.3318627,1.2,0.0,0.03,1.23,0.0,0.1,0.0,0.0,0.0,0.0,-0.00020639234023948222,-0.0001224028011671104
1771835915.7383687,1.2,0.0,0.03,1.23,0.0,0.1,0.0,0.0,0.0,0.0,-0.00020891345906312884,-0.00010470884141392908
1771835916.1443248,1.2,0.0,0.03,1.23,0.0,0.1,0.0,0.0,0.0,0.0,-0.00023397326642248952,-0.00011949261394718083
1771835916.5534549,1.2,0.0,0.03,1.23,0.0,0.1,0.0,0.0,0.0,0.0,-0.0003634375313219553,-0.00019466519215092422
1771835916.9586723,1.2,0.0,0.03,1.23,0.0,0.1,0.0,0.0,0.0,0.0,-0.0002942416746152119,-0.00015404042297828029
1771835917.364962,1.2,0.0,0.03,1.23,0.0,0.1,0.0,0.0,0.0,0.0,-0.0003415944788894144,-0.00017553251987212747
1771835917.7704751,1.2,0.0,0.03,1.23,0.0,0.1,0.0,0.0,0.0,0.0,-9.853915478274708e-05,-7.357510980204028e-05
1771835918.1766684,1.2,0.0,0.03,1.23,0.0,0.1,0.0,0.0,0.0,0.0,-0.00023100829219436587,-0.0001287510598383448
1771835918.5824718,1.2,0.0,0.03,1.23,0.0,0.1,0.0,0.0,0.0,0.0,-0.00019193289235133835,-9.987398615997193e-05
1771835918.994486,1.2,0.0,0.03,1.23,0.0,0.1,0.0,0.0,0.0,0.0,-2.815578913165806e-05,-3.045560488779706e-05
1771835919.40734,1.2,0.0,0.03,1.23,0.0,0.1,0.0,0.0,0.0,0.0,3.018300383715701e-06,-4.626559143395227e-06
1771835919.8144479,1.2,0.0,0.03,1.23,0.0,0.1,0.0,0.0,0.0,0.0,-0.00012459897359307778,-7.506121419421823e-05
1771835920.2253523,1.2,0.0,0.03,1.23,0.0,0.1,0.0,0.0,0.0,0.0,-4.144678288713851e-05,-2.9038610514163183e-05
1771835920.6345787,1.2,0.0,0.03,1.23,0.0,0.1,0.0,0.0,0.0,0.0,-6.650195938748282e-05,-3.5756497343775844e-05
1771835921.0417364,1.2,0.0,0.03,1.23,0.0,0.1,0.0,0.0,0.0,0.0,-0.00012997349687341592,-7.133390218530127e-05
1771835921.448934,1.2,0.0,0.03,1.23,0.0,0.1,0.0,0.0,0.0,0.0,-0.00015882716629314543,-8.229895008854567e-05
1771835921.861963,1.2,0.0,0.03,1.23,0.0,0.1,0.0,0.0,0.0,0.0,-5.785973522269981e-05,-3.9026610718394464e-05
1771835922.271101,1.2,0.0,0.03,1.23,0.0,0.1,0.0,0.0,0.0,0.0,-0.00012501791201886386,-6.922477368904833e-05
1771835922.6795502,1.2,0.0,0.03,1.23,0.0,0.1,0.0,0.0,0.0,0.0,-5.576225987312023e-05,-3.4806695151134476e-05
1771835923.0914795,1.2,0.0,0.03,1.23,0.0,0.1,0.0,0.0,0.0,0.0,-9.513959382800304e-05,-5.15075303094898e-05
1771835923.4995582,1.2,0.0,0.03,1.23,0.0,0.1,0.0,0.0,0.0,0.0,5.634253410350415e-05,-4.3319479844902795e-05
1771835923.90732,1.2,0.0,0.03,1.23,0.0,0.1,0.0,0.0,0.0,0.0,-2.6933216117871064e-05,-2.1794183081073053e-05
1771835924.3129241,1.2,0.0,0.03,1.23,0.0,0.1,0.0,0.0,0.0,0.0,-1.4531552223257128e-05,-8.505942501089958e-06
1771835924.7279232,1.2,0.0,0.03,1.23,0.0,0.1,0.0,0.0,0.0,0.0,2.7528187498686385e-05,-1.7970067721537544e-05
1771835925.136488,1.2,0.0,0.03,1.23,0.0,0.1,0.0,0.0,0.0,0.0,-6.681171645950596e-05,-4.283984862557221e-05
1771835925.544993,1.2,0.0,0.03,1.23,0.0,0.1,0.0,0.0,0.0,0.0,-2.187387174717964e-05,-1.5430720344822453e-05
1771835925.9551268,1.2,0.0,0.03,1.23,0.0,0.1,0.0,0.0,0.0,0.0,-0.00014998260555744978,-8.78021761597519e-05
1771835926.361891,1.2,0.0,0.03,1.23,0.0,0.1,0.0,0.0,0.0,0.0,-0.00025681484065578344,-0.00013909064383772508
1771835926.766881,1.2,0.0,0.03,1.23,0.0,0.1,0.0,0.0,0.0,0.0,-0.0003092587950278689,-0.000159873792951143
1771835927.171643,1.2,0.0,0.03,1.23,0.0,0.1,0.0,0.0,0.0,0.0,-0.00026832685034549036,-0.00013825661964098304
1771835927.579615,1.2,0.0,0.03,1.23,0.0,0.1,0.0,0.0,0.0,0.0,-0.00023062217057494798,-0.00011908155326452823
1771835927.991183,1.2,0.0,0.03,1.23,0.0,0.1,0.0,0.0,0.0,0.0,-0.0002519490257046306,-0.00012810719836528356
1771835928.4020264,1.2,0.0,0.03,1.23,0.0,0.1,0.0,0.0,0.0,0.0,-0.00018639513238973511,-9.975295552635711e-05
1771835928.8107276,1.2,0.0,0.03,1.23,0.0,0.1,0.0,0.0,0.0,0.0,-2.364916644608307e-05,-2.809917981740674e-05
1771835929.2220688,1.2,0.0,0.03,1.23,0.0,0.1,0.0,0.0,0.0,0.0,6.207794323113103e-05,-3.961168258328693e-05
1771835929.631744,1.2,0.0,0.03,1.23,0.0,0.1,0.0,0.0,0.0,0.0,4.7343185652273594e-05,-2.514506858402254e-05
1771835930.0399356,1.2,0.0,0.03,1.23,0.0,0.1,0.0,0.0,0.0,0.0,5.3072527862448016e-05,-2.710919815224145e-05
1771835930.4478073,1.2,0.0,0.03,1.23,0.0,0.1,0.0,0.0,0.0,0.0,-3.15243030444124e-05,-2.4221834612892243e-05
1771835930.85494,1.2,0.0,0.03,1.23,0.0,0.1,0.0,0.0,0.0,0.0,1.3303320558378932e-06,-3.950629537943976e-06
1771835931.265653,1.2,0.0,0.03,1.23,0.0,0.1,0.0,0.0,0.0,0.0,-6.763535742585168e-05,-4.0714247661094795e-05
1771835931.6708379,1.2,0.0,0.03,1.23,0.0,0.1,0.0,0.0,0.0,0.0,-0.00018987312928222608,-0.00010716034182675048
1771835932.0799644,1.2,0.0,0.03,1.23,0.0,0.1,0.0,0.0,0.0,0.0,-0.00022988551130494284,-0.0001189439938547431
1771835932.4876788,1.2,0.0,0.03,1.23,0.0,0.1,0.0,0.0,0.0,0.0,-0.00018358752887322853,-9.64235626797857e-05
1771835932.8949473,1.2,0.0,0.03,1.23,0.0,0.1,0.0,0.0,0.0,0.0,-0.00019161287951941682,-9.660897482432724e-05
1771835933.3051107,1.2,0.0,0.03,1.23,0.0,0.1,0.0,0.0,0.0,0.0,-0.00010978278122176274,-6.307440044064677e-05
1771835933.7114754,1.2,0.0,0.03,1.23,0.0,0.1,0.0,0.0,0.0,0.0,-1.271262503009551e-05,-1.606332813421448e-05
1771835934.1191902,1.2,0.0,0.03,1.23,0.0,0.1,0.0,0.0,0.0,0.0,6.883996086776323e-06,-5.401660155075344e-06
1771835934.5270352,1.2,0.0,0.03,1.23,0.0,0.1,0.0,0.0,0.0,0.0,6.934942191709314e-05,-4.092125354157826e-05
1771835934.9367542,1.2,0.0,0.03,1.23,0.0,0.1,0.0,0.0,0.0,0.0,5.3352532344819105e-05,-2.8275955129636958e-05
1771835935.3484652,1.2,0.0,0.03,1.23,0.0,0.1,0.0,0.0,0.0,0.0,2.439209192695845e-05,-1.509209000526529e-05
1771835935.7596626,1.2,0.0,0.03,1.23,0.0,0.1,0.0,0.0,0.0,0.0,-6.534524060703514e-05,-4.164635355691693e-05
1771835936.167236,1.2,0.0,0.03,1.23,0.0,0.1,0.0,0.0,0.0,0.0,2.273269688703788e-06,-7.898485873925787e-06
1771835936.5724804,1.2,0.0,0.03,1.23,0.0,0.1,0.0,0.0,0.0,0.0,-5.745213638995398e-05,-3.4698608802842766e-05
1771835936.9787235,1.2,0.0,0.03,1.23,0.0,0.1,0.0,0.0,0.0,0.0,-0.00011805446009160753,-6.508746241596912e-05
1771835937.3898537,1.2,0.0,0.03,1.23,0.0,0.1,0.0,0.0,0.0,0.0,-0.0002544575357929792,-0.00014086907546662677
1771835937.7994375,1.2,0.0,0.03,1.23,0.0,0.1,0.0,0.0,0.0,0.0,-0.00016427919805877888,-9.115743280280947e-05
1771835938.2111561,1.2,0.0,0.03,1.23,0.0,0.1,0.0,0.0,0.0,0.0,-0.00013196952404214964,-6.921572942273774e-05
1771835938.6168084,1.2,0.0,0.03,1.23,0.0,0.1,0.0,0.0,0.0,0.0,-0.00018134069415872656,-9.560746409102098e-05
1771835939.0241835,1.2,0.0,0.03,1.23,0.0,0.1,0.0,0.0,0.0,0.0,-0.00018857668465644922,-9.501194137799688e-05
1771835939.4373395,1.2,0.0,0.03,1.23,0.0,0.1,0.0,0.0,0.0,0.0,-0.00014757779345161303,-7.788878584629014e-05
1771835939.8467782,1.2,0.0,0.03,1.23,0.0,0.1,0.0,0.0,0.0,0.0,-4.733891996627857e-05,-3.369334733167273e-05
1771835940.2579167,1.2,0.0,0.03,1.23,0.0,0.1,0.0,0.0,0.0,0.0,-4.8735080857679046e-05,-2.450715651797957e-05
1771835940.6630216,1.2,0.0,0.03,1.23,0.0,0.1,0.0,0.0,0.0,0.0,-0.00014680757488679314,-8.321103684630797e-05
1771835941.0679646,1.2,0.0,0.03,1.23,0.0,0.1,0.0,0.0,0.0,0.0,-0.00020366313224490804,-0.00010751712185826551
1771835941.4796038,1.2,0.0,0.03,1.23,0.0,0.1,0.0,0.0,0.0,0.0,-0.0001881756787320552,-9.563658471731289e-05
1771835941.8869479,1.2,0.0,0.03,1.23,0.0,0.1,0.0,0.0,0.0,0.0,-0.00013726501676332225,-7.372357457853442e-05
1771835942.2951853,1.2,0.0,0.03,1.23,0.0,0.1,0.0,0.0,0.0,0.0,-0.0002075184366778299,-0.00011078456033036571
1771835942.7019246,1.2,0.0,0.03,1.23,0.0,0.1,0.0,0.0,0.0,0.0,-0.0002238204635035028,-0.00011354043443431869
1771835943.1095884,1.2,0.0,0.03,1.23,0.0,0.1,0.0,0.0,0.0,0.0,-0.0001745483672515019,-9.220139325095104e-05
1771835943.515466,1.2,0.0,0.03,1.23,0.0,0.1,0.0,0.0,0.0,0.0,8.939468209450923e-06,-2.2818517650820745e-05
1771835943.9297705,1.2,0.0,0.03,1.23,0.0,0.1,0.0,0.0,0.0,0.0,-0.00016944198376954677,-0.00010255913708267315
1771835944.3385646,1.2,0.0,0.03,1.23,0.0,0.1,0.0,0.0,0.0,0.0,4.150064220209687e-05,-4.18445836982128e-05
1771835944.7471938,1.2,0.0,0.03,1.23,0.0,0.1,0.0,0.0,0.0,0.0,-2.3346842370613076e-06,-5.550874762446472e-06
1771835945.1598568,1.2,0.0,0.03,1.23,0.0,0.1,0.0,0.0,0.0,0.0,-8.40040990652611e-06,-4.806777520209536e-06
1771835945.5665958,1.2,0.0,0.03,1.23,0.0,0.1,0.0,0.0,0.0,0.0,-0.00014434467619198543,-8.576676472453865e-05
1771835945.9712982,1.2,0.0,0.03,1.23,0.0,0.1,0.0,0.0,0.0,0.0,6.427355091990433e-05,-5.299859817114114e-05
1771835946.377602,1.2,0.0,0.03,1.23,0.0,0.1,0.0,0.0,0.0,0.0,-3.8029340239632405e-05,-2.9244959235769876e-05
1771835946.7901862,1.2,0.0,0.03,1.23,0.0,0.1,0.0,0.0,0.0,0.0,-9.404686152841327e-05,-5.262518289308472e-05
1771835947.1962402,1.2,0.0,0.03,1.23,0.0,0.1,0.0,0.0,0.0,0.0,-0.00019232280384293965,-0.00010598899615292247
1771835947.6046517,1.2,0.0,0.03,1.23,0.0,0.1,0.0,0.0,0.0,0.0,-0.0002688942061471551,-0.0001421042433039991
1771835948.0175593,1.2,0.0,0.03,1.23,0.0,0.1,0.0,0.0,0.0,0.0,-0.0003254301020909707,-0.0001683686406398669
1771835948.4336116,1.2,0.0,0.03,1.23,0.0,0.1,0.0,0.0,0.0,0.0,-0.00021027200896597988,-0.00011665181379548902
1771835948.8406837,1.2,0.0,0.03,1.23,0.0,0.1,0.0,0.0,0.0,0.0,-0.0002350382862540442,-0.00011999577085582853
1771835949.249226,1.2,0.0,0.03,1.23,0.0,0.1,0.0,0.0,0.0,0.0,-0.00039125777209866603,-0.0002112508346337952
1771835949.6570754,1.2,0.0,0.03,1.23,0.0,0.1,0.0,0.0,0.0,0.0,-0.00028497319187279033,-0.00015311505395898274
1771835950.0623207,1.2,0.0,0.03,1.23,0.0,0.1,0.0,0.0,0.0,0.0,-0.00011240233288216221,-7.345825234014391e-05
1771835950.4697824,1.2,0.0,0.03,1.23,0.0,0.1,0.0,0.0,0.0,0.0,-8.707194238919575e-05,-4.606901024389452e-05
1771835950.8736382,1.2,0.0,0.03,1.23,0.0,0.1,0.0,0.0,0.0,0.0,-4.6285668155161815e-05,-2.72214615009843e-05
1771835951.2790935,1.2,0.0,0.03,1.23,0.0,0.1,0.0,0.0,0.0,0.0,-2.963050223254277e-05,-1.648076770853329e-05
1771835951.6878736,1.2,0.0,0.03,1.23,0.0,0.1,0.0,0.0,0.0,0.0,-3.1616751183161176e-05,-1.600700048664243e-05
1771835952.0953608,1.2,0.0,0.03,1.23,0.0,0.1,0.0,0.0,0.0,0.0,-5.3724076524763674e-05,-2.9072770796542088e-05
1771835952.5015862,1.2,0.0,0.03,1.23,0.0,0.1,0.0,0.0,0.0,0.0,6.968750224289706e-06,-9.553657787050193e-06
1771835952.9100242,1.2,0.0,0.03,1.23,0.0,0.1,0.0,0.0,0.0,0.0,4.1056401362989036e-05,-2.393696579536445e-05
1771835953.3187041,1.2,0.0,0.03,1.23,0.0,0.1,0.0,0.0,0.0,0.0,-7.404596202783138e-05,-4.853321735299773e-05
1771835953.7252543,1.2,0.0,0.03,1.23,0.0,0.1,0.0,0.0,0.0,0.0,-0.0001329558695365513,-7.236892551914764e-05
1771835954.1327019,1.2,0.0,0.03,1.23,0.0,0.1,0.0,0.0,0.0,0.0,-0.00018727799365002474,-9.907120923635971e-05
1771835954.5423832,1.2,0.0,0.03,1.23,0.0,0.1,0.0,0.0,0.0,0.0,-0.00022369267567666192,-0.00011548780604099468
1771835954.9513416,1.2,0.0,0.03,1.23,0.0,0.1,0.0,0.0,0.0,0.0,-8.359382438286378e-05,-5.5806797320811704e-05
1771835955.3621252,1.2,0.0,0.03,1.23,0.0,0.1,0.0,0.0,0.0,0.0,-6.66174761294673e-05,-3.50063728900733e-05
1771835955.7671957,1.2,0.0,0.03,1.23,0.0,0.1,0.0,0.0,0.0,0.0,-0.00013446605534326306,-7.401788559301111e-05
1771835956.172125,1.2,0.0,0.03,1.23,0.0,0.1,0.0,0.0,0.0,0.0,-0.00016488292075461197,-8.548314691844088e-05
1771835956.578808,1.2,0.0,0.03,1.23,0.0,0.1,0.0,0.0,0.0,0.0,-0.00016643669277565713,-8.337372358993308e-05
1771835956.9886267,1.2,0.0,0.03,1.23,0.0,0.1,0.0,0.0,0.0,0.0,-0.0001483396920126354,-7.597954608261986e-05
1771835957.3974957,1.2,0.0,0.03,1.23,0.0,0.1,0.0,0.0,0.0,0.0,-2.0635290395948812e-05,-2.3088085359643063e-05
1771835957.8059115,1.2,0.0,0.03,1.23,0.0,0.1,0.0,0.0,0.0,0.0,-0.00015193365142873502,-8.909666181764614e-05
1771835958.2123356,1.2,0.0,0.03,1.23,0.0,0.1,0.0,0.0,0.0,0.0,-0.00024717749889302586,-0.00013311313419294202
1771835958.6210308,1.2,0.0,0.03,1.23,0.0,0.1,0.0,0.0,0.0,0.0,-0.00032864666297951323,-0.00017247024789840534
1771835959.031422,1.2,0.0,0.03,1.23,0.0,0.1,0.0,0.0,0.0,0.0,-0.0002748799279723524,-0.00014281663748689228
1771835959.4415793,1.2,0.0,0.03,1.23,0.0,0.1,0.0,0.0,0.0,0.0,-0.00023273018170675628,-0.00012058006547993776
1771835959.8537643,1.2,0.0,0.03,1.23,0.0,0.1,0.0,0.0,0.0,0.0,-0.00023263255044717978,-0.00011632603834954755
1771835960.26044,1.2,0.0,0.03,1.23,0.0,0.1,0.0,0.0,0.0,0.0,-3.473760234868748e-05,-3.715829598419297e-05
1771835960.6651533,1.2,0.0,0.03,1.23,0.0,0.1,0.0,0.0,0.0,0.0,-9.807501175417485e-05,-5.537124681763616e-05
1771835961.0717196,1.2,0.0,0.03,1.23,0.0,0.1,0.0,0.0,0.0,0.0,-6.623934171819393e-05,-3.630323786269506e-05
1771835961.4793432,1.2,0.0,0.03,1.23,0.0,0.1,0.0,0.0,0.0,0.0,-6.601389440917345e-05,-3.3029491935488776e-05
1771835961.8881812,1.2,0.0,0.03,1.23,0.0,0.1,0.0,0.0,0.0,0.0,-2.1488588739109362e-05,-1.519682493656109e-05
1771835962.2997022,1.2,0.0,0.03,1.23,0.0,0.1,0.0,0.0,0.0,0.0,-0.00034186088990641856,-0.0002029676750699402
1771835962.7092896,1.2,0.0,0.03,1.23,0.0,0.1,0.0,0.0,0.0,0.0,-0.00017766758806191216,-0.00010525312421540672
1771835963.117078,1.2,0.0,0.03,1.23,0.0,0.1,0.0,0.0,0.0,0.0,-0.0003282417965808038,-0.00017917831914229107
1771835963.526365,1.2,0.0,0.03,1.23,0.0,0.1,0.0,0.0,0.0,0.0,-0.0003334004187143196,-0.00016721607157051138
1771835963.9375908,1.2,0.0,0.03,1.23,0.0,0.1,0.0,0.0,0.0,0.0,-0.0004305578639207337,-0.00022499467648100826
1771835964.3459554,1.2,0.0,0.03,1.23,0.0,0.1,0.0,0.0,0.0,0.0,-0.0003542960760341274,-0.00018477421680572432
1771835964.7578328,1.2,0.0,0.03,1.23,0.0,0.1,0.0,0.0,0.0,0.0,-0.00024807419868110584,-0.00013465928707585508
1771835965.1650712,1.2,0.0,0.03,1.23,0.0,0.1,0.0,0.0,0.0,0.0,-0.00022925094890815996,-0.00011650779943137457
1771835965.5724227,1.2,0.0,0.03,1.23,0.0,0.1,0.0,0.0,0.0,0.0,-2.1095153231419524e-05,-3.13631561833838e-05
1771835965.9797084,1.2,0.0,0.03,1.23,0.0,0.1,0.0,0.0,0.0,0.0,-0.00013127205227076068,-7.665371603931446e-05
1771835966.3843129,1.2,0.0,0.03,1.23,0.0,0.1,0.0,0.0,0.0,0.0,-0.00011631653319287213,-5.965381850422492e-05
1771835966.790342,1.2,0.0,0.03,1.23,0.0,0.1,0.0,0.0,0.0,0.0,-4.0990657730452424e-05,-2.8027916411468182e-05
1771835967.2010238,1.2,0.0,0.03,1.23,0.0,0.1,0.0,0.0,0.0,0.0,-3.3820125918318156e-05,-1.7627116140372505e-05
1771835967.60727,1.2,0.0,0.03,1.23,0.0,0.1,0.0,0.0,0.0,0.0,-3.4680944777497664e-05,-1.7426554274666782e-05
1771835968.0128725,1.2,0.0,0.03,1.23,0.0,0.1,0.0,0.0,0.0,0.0,-8.582160997053304e-05,-4.802487150457006e-05
1771835968.419033,1.2,0.0,0.03,1.23,0.0,0.1,0.0,0.0,0.0,0.0,-0.00015849054531029956,-8.651216618912643e-05
1771835968.8262804,1.2,0.0,0.03,1.23,0.0,0.1,0.0,0.0,0.0,0.0,-0.0001816723664585373,-9.315436534409243e-05
1771835969.239636,1.2,0.0,0.03,1.23,0.0,0.1,0.0,0.0,0.0,0.0,-0.00021913265465895633,-0.00011331235614952007
1771835969.6484733,1.2,0.0,0.03,1.23,0.0,0.1,0.0,0.0,0.0,0.0,-0.000263520680565011,-0.00013619914287311095
1771835970.0559983,1.2,0.0,0.03,1.23,0.0,0.1,0.0,0.0,0.0,0.0,-0.00015139807510031482,-8.691129809662702e-05
1771835970.4671037,1.2,0.0,0.03,1.23,0.0,0.1,0.0,0.0,0.0,0.0,-0.00026843100648727536,-0.00014591879638233373
1771835970.8711796,1.2,0.0,0.03,1.23,0.0,0.1,0.0,0.0,0.0,0.0,-0.00017589750452670302,-9.720210245940875e-05
1771835971.277051,1.2,0.0,0.03,1.23,0.0,0.1,0.0,0.0,0.0,0.0,-0.00010686279577605799,-6.0334868763093496e-05
1771835971.6831295,1.2,0.0,0.03,1.23,0.0,0.1,0.0,0.0,0.0,0.0,-5.676256991552154e-05,-3.3391307543814416e-05
1771835972.0996072,1.2,0.0,0.03,1.23,0.0,0.1,0.0,0.0,0.0,0.0,-8.091606507658938e-05,-4.287338205440147e-05
1771835972.5066705,1.2,0.0,0.03,1.23,0.0,0.1,0.0,0.0,0.0,0.0,-4.357465768068007e-05,-2.5521469579930965e-05
1771835972.915496,1.2,0.0,0.03,1.23,0.0,0.1,0.0,0.0,0.0,0.0,-7.836971319766593e-05,-4.266436215053155e-05
1771835973.3287096,1.2,0.0,0.03,1.23,0.0,0.1,0.0,0.0,0.0,0.0,-9.56851384911256e-05,-4.957411177490876e-05
1771835973.7400026,1.2,0.0,0.03,1.23,0.0,0.1,0.0,0.0,0.0,0.0,-0.00012421796467267825,-6.496226495449439e-05
1771835974.1487582,1.2,0.0,0.03,1.23,0.0,0.1,0.0,0.0,0.0,0.0,-0.0002309440806099798,-0.00012614465189872005
1771835974.5596218,1.2,0.0,0.03,1.23,0.0,0.1,0.0,0.0,0.0,0.0,-0.0002152184604153506,-0.00010918179222713822
1771835974.96926,1.2,0.0,0.03,1.23,0.0,0.1,0.0,0.0,0.0,0.0,-0.0003096476544325251,-0.00016426674661798002
1771835975.3773253,1.2,0.0,0.03,1.23,0.0,0.1,0.0,0.0,0.0,0.0,-0.0003090557666157108,-0.00015458707208953682
1771835975.7843087,1.2,0.0,0.03,1.23,0.0,0.1,0.0,0.0,0.0,0.0,-0.0001698747913385356,-9.885549319698531e-05
1771835976.1929283,1.2,0.0,0.03,1.23,0.0,0.1,0.0,0.0,0.0,0.0,-0.00021804651065891747,-0.00011384042726149693
1771835976.5987964,1.2,0.0,0.03,1.23,0.0,0.1,0.0,0.0,0.0,0.0,-7.904103149999164e-05,-5.342106366588841e-05
1771835977.005108,1.2,0.0,0.03,1.23,0.0,0.1,0.0,0.0,0.0,0.0,-3.068861324022108e-05,-2.0179548446087598e-05
1771835977.4145625,1.2,0.0,0.03,1.23,0.0,0.1,0.0,0.0,0.0,0.0,-3.4220954680490946e-05,-1.746371148427246e-05
1771835977.8226945,1.2,0.0,0.03,1.23,0.0,0.1,0.0,0.0,0.0,0.0,-5.996434355865452e-06,-5.8206692103952755e-06
1771835978.2303076,1.2,0.0,0.03,1.23,0.0,0.1,0.0,0.0,0.0,0.0,-4.174404802339222e-05,-2.4446785378448788e-05
1771835978.6478019,1.2,0.0,0.03,1.23,0.0,0.1,0.0,0.0,0.0,0.0,-0.00016133950278155566,-9.262929686659417e-05
1771835979.0587125,1.2,0.0,0.03,1.23,0.0,0.1,0.0,0.0,0.0,0.0,-0.00013578806822680368,-7.044917756887703e-05
1771835979.4639623,1.2,0.0,0.03,1.23,0.0,0.1,0.0,0.0,0.0,0.0,-0.00033550181726505173,-0.00018772228353635068
1771835979.8699048,1.2,0.0,0.03,1.23,0.0,0.1,0.0,0.0,0.0,0.0,-0.00022372872629524887,-0.0001230416722446047
1771835980.27915,1.2,0.0,0.03,1.23,0.0,0.1,0.0,0.0,0.0,0.0,-0.0002485514817372644,-0.00012675801641283375
1771835980.686495,1.2,0.0,0.03,1.23,0.0,0.1,0.0,0.0,0.0,0.0,-0.0002040591893638146,-0.00010647882391925227
1771835981.0939915,1.2,0.0,0.03,1.23,0.0,0.1,0.0,0.0,0.0,0.0,-0.0001374871148917383,-7.540076489307678e-05
1771835981.5043638,1.2,0.0,0.03,1.23,0.0,0.1,0.0,0.0,0.0,0.0,-4.918853510286048e-05,-3.342412553031802e-05
1771835981.914618,1.2,0.0,0.03,1.23,0.0,0.1,0.0,0.0,0.0,0.0,-3.829787738294189e-05,-2.0238004463462804e-05
1771835982.3254037,1.2,0.0,0.03,1.23,0.0,0.1,0.0,0.0,0.0,0.0,-6.291204350083955e-05,-3.391743836220954e-05
1771835982.7321608,1.2,0.0,0.03,1.23,0.0,0.1,0.0,0.0,0.0,0.0,-4.2335333160418145e-05,-2.3225337614251214e-05
1771835983.14146,1.2,0.0,0.03,1.23,0.0,0.1,0.0,0.0,0.0,0.0,-3.188632404557711e-05,-1.698806293427266e-05
1771835983.5500183,1.2,0.0,0.03,1.23,0.0,0.1,0.0,0.0,0.0,0.0,-6.964816840872759e-05,-3.8600268640678845e-05
1771835983.957157,1.2,0.0,0.03,1.23,0.0,0.1,0.0,0.0,0.0,0.0,-0.00011679694683117421,-6.311335125783177e-05
1771835984.3657362,1.2,0.0,0.03,1.23,0.0,0.1,0.0,0.0,0.0,0.0,-0.00011677778410710367,-5.839080832595889e-05
1771835984.7737749,1.2,0.0,0.03,1.23,0.0,0.1,0.0,0.0,0.0,0.0,-0.0001576863437798579,-8.293402785720437e-05
1771835985.1816409,1.2,0.0,0.03,1.23,0.0,0.1,0.0,0.0,0.0,0.0,-0.00017172226361326955,-8.726472378997595e-05
1771835985.5921218,1.2,0.0,0.03,1.23,0.0,0.1,0.0,0.0,0.0,0.0,-0.00020877973083940083,-0.00010809561214231354
1771835986.000279,1.2,0.0,0.03,1.23,0.0,0.1,0.0,0.0,0.0,0.0,-0.0001488594303043979,-8.042174520569924e-05
1771835986.405733,1.2,0.0,0.03,1.23,0.0,0.1,0.0,0.0,0.0,0.0,-0.00017825402214987634,-9.206647025948601e-05
1771835986.8123894,1.2,0.0,0.03,1.23,0.0,0.1,0.0,0.0,0.0,0.0,1.7566641185363702e-06,-1.8879400686109458e-05
1771835987.2214413,1.2,0.0,0.03,1.23,0.0,0.1,0.0,0.0,0.0,0.0,-0.0002014001608885373,-0.00012101576294497601
1771835987.6279938,1.2,0.0,0.03,1.23,0.0,0.1,0.0,0.0,0.0,0.0,-0.00014407526529455137,-7.777012220667427e-05
1771835988.0345316,1.2,0.0,0.03,1.23,0.0,0.1,0.0,0.0,0.0,0.0,-0.00022341978451862984,-0.00011964434418172276
1771835988.4476042,1.2,0.0,0.03,1.23,0.0,0.1,0.0,0.0,0.0,0.0,-6.661390704817264e-05,-4.898754127113204e-05
1771835988.8554668,1.2,0.0,0.03,1.23,0.0,0.1,0.0,0.0,0.0,0.0,-9.758876636875948e-05,-5.1891869116438426e-05
1771835989.2645388,1.2,0.0,0.03,1.23,0.0,0.1,0.0,0.0,0.0,0.0,-0.0001325167598824427,-6.975117929258968e-05
1771835989.6708755,1.2,0.0,0.03,1.23,0.0,0.1,0.0,0.0,0.0,0.0,-0.000100477898759714,-5.344283549212987e-05
1771835990.0770144,1.2,0.0,0.03,1.23,0.0,0.1,0.0,0.0,0.0,0.0,-0.0001562826626408234,-8.372180770852263e-05
1771835990.482818,1.2,0.0,0.03,1.23,0.0,0.1,0.0,0.0,0.0,0.0,-0.0003153242294344017,-0.0001735662713965587
1771835990.8906324,1.2,0.0,0.03,1.23,0.0,0.1,0.0,0.0,0.0,0.0,-0.0004287554931553888,-0.00022572087294979313
1771835991.3022747,1.2,0.0,0.03,1.23,0.0,0.1,0.0,0.0,0.0,0.0,-0.0003980789132630005,-0.00020210711462073907
1771835991.7117968,1.2,0.0,0.03,1.23,0.0,0.1,0.0,0.0,0.0,0.0,-0.00037164927567367355,-0.00018846760159576948
1771835992.1203694,1.2,0.0,0.03,1.23,0.0,0.1,0.0,0.0,0.0,0.0,-0.00025943614675767723,-0.00014093938627043824
1771835992.5290132,1.2,0.0,0.03,1.23,0.0,0.1,0.0,0.0,0.0,0.0,-0.00017544031089827665,-9.611973903507838e-05
1771835992.9356859,1.2,0.0,0.03,1.23,0.0,0.1,0.0,0.0,0.0,0.0,-0.00022456953340659817,-0.00011719768895413124
1771835993.3424418,1.2,0.0,0.03,1.23,0.0,0.1,0.0,0.0,0.0,0.0,-0.0001792006969442041,-9.413723211834146e-05
1771835993.752841,1.2,0.0,0.03,1.23,0.0,0.1,0.0,0.0,0.0,0.0,-0.00013500409573504498,-7.19217079884384e-05
1771835994.1590457,1.2,0.0,0.03,1.23,0.0,0.1,0.0,0.0,0.0,0.0,-0.00019570784968457727,-0.00010392430023724186
1771835994.5667596,1.2,0.0,0.03,1.23,0.0,0.1,0.0,0.0,0.0,0.0,-8.486630002563003e-05,-5.3517304978709736e-05
1771835994.9717424,1.2,0.0,0.03,1.23,0.0,0.1,0.0,0.0,0.0,0.0,2.815378901327864e-06,-1.0175857343359722e-05
1771835995.3826787,1.2,0.0,0.03,1.23,0.0,0.1,0.0,0.0,0.0,0.0,-0.0001456039645097281,-8.764391659596964e-05
1771835995.7956047,1.2,0.0,0.03,1.23,0.0,0.1,0.0,0.0,0.0,0.0,-0.0001769090748434691,-9.158504845510864e-05
1771835996.204212,1.2,0.0,0.03,1.23,0.0,0.1,0.0,0.0,0.0,0.0,-0.0001836540439769467,-9.250151890182112e-05
1771835996.6103714,1.2,0.0,0.03,1.23,0.0,0.1,0.0,0.0,0.0,0.0,-0.00018095996068176435,-9.074938867040041e-05
1771835997.0164115,1.2,0.0,0.03,1.23,0.0,0.1,0.0,0.0,0.0,0.0,-0.00016895698127046565,-8.56787885763627e-05
1771835997.426464,1.2,0.0,0.03,1.23,0.0,0.1,0.0,0.0,0.0,0.0,-9.936897305309826e-05,-5.664328734828587e-05
1771835997.8334072,1.2,0.0,0.03,1.23,0.0,0.1,0.0,0.0,0.0,0.0,-0.00013288792034428542,-6.979585490126143e-05
1771835998.2407281,1.2,0.0,0.03,1.23,0.0,0.1,0.0,0.0,0.0,0.0,8.870110603857037e-05,-6.650945565757077e-05
1771835998.6492987,1.2,0.0,0.03,1.23,0.0,0.1,0.0,0.0,0.0,0.0,-1.8240045486657214e-05,-1.9814137895851364e-05
1771835999.0594862,1.2,0.0,0.03,1.23,0.0,0.1,0.0,0.0,0.0,0.0,3.677946712057049e-05,-2.3891684821008016e-05
1771835999.4665575,1.2,0.0,0.03,1.23,0.0,0.1,0.0,0.0,0.0,0.0,-3.823214303764411e-05,-2.6617232534643518e-05
1771835999.873356,1.2,0.0,0.03,1.23,0.0,0.1,0.0,0.0,0.0,0.0,-9.257119787992504e-05,-5.171950442419061e-05
1771836000.2815347,1.2,0.0,0.03,1.23,0.0,0.1,0.0,0.0,0.0,0.0,-0.0002464203682974835,-0.0001385951011904976
1771836000.6898396,1.2,0.0,0.03,1.23,0.0,0.1,0.0,0.0,0.0,0.0,-0.0002917323572435407,-0.00015039737751637607
1771836001.0981574,1.2,0.0,0.03,1.23,0.0,0.1,0.0,0.0,0.0,0.0,-0.000386784059464435,-0.00020289719995430692
1771836001.5042624,1.2,0.0,0.03,1.23,0.0,0.1,0.0,0.0,0.0,0.0,-0.00037871432374120837,-0.00019016413544292686
1771836001.9102485,1.2,0.0,0.03,1.23,0.0,0.1,0.0,0.0,0.0,0.0,-0.0002464071694093665,-0.00013643430013786744
1771836002.3159943,1.2,0.0,0.03,1.23,0.0,0.1,0.0,0.0,0.0,0.0,-0.00021661862318209395,-0.00011128816621377423
1771836002.7261105,1.2,0.0,0.03,1.23,0.0,0.1,0.0,0.0,0.0,0.0,-0.00021971994049633798,-0.0001101701019795934
1771836003.1371849,1.2,0.0,0.03,1.23,0.0,0.1,0.0,0.0,0.0,0.0,-0.00011457508959221912,-6.780202988652145e-05
1771836003.5487201,1.2,0.0,0.03,1.23,0.0,0.1,0.0,0.0,0.0,0.0,-8.761736460636993e-05,-4.650445480176988e-05
1771836003.9618704,1.2,0.0,0.03,1.23,0.0,0.1,0.0,0.0,0.0,0.0,-0.0001327221405965215,-7.087154789727591e-05
1771836004.3662019,1.2,0.0,0.03,1.23,0.0,0.1,0.0,0.0,0.0,0.0,-5.2100214458686296e-05,-3.411229984312667e-05
1771836004.7712498,1.2,0.0,0.03,1.23,0.0,0.1,0.0,0.0,0.0,0.0,-0.00013843847957433573,-7.785306629873281e-05
1771836005.1776607,1.2,0.0,0.03,1.23,0.0,0.1,0.0,0.0,0.0,0.0,-0.00013081779348472845,-6.617096535132496e-05
1771836005.582668,1.2,0.0,0.03,1.23,0.0,0.1,0.0,0.0,0.0,0.0,-2.9388970485296174e-05,-2.4837367542591315e-05
1771836005.9930444,1.2,0.0,0.03,1.23,0.0,0.1,0.0,0.0,0.0,0.0,8.37017227910724e-05,-5.3159930723173055e-05
1771836006.40368,1.2,0.0,0.03,1.23,0.0,0.1,0.0,0.0,0.0,0.0,0.00012784443496124522,-6.83364886976399e-05
1771836006.8123543,1.2,0.0,0.03,1.23,0.0,0.1,0.0,0.0,0.0,0.0,-4.662407240274941e-05,-4.0758886937774166e-05
1771836007.2191327,1.2,0.0,0.03,1.23,0.0,0.1,0.0,0.0,0.0,0.0,-4.7811489061476755e-05,-2.402448619661111e-05
