t,kp_lin,ki_lin,kd_lin,kp_ang,ki_ang,kd_ang,v_ref,w_ref_raw,w_ref,v_meas,w_meas,reward
1770791355.0535035,1.2,0.0,0.03,1.23,0.0,0.1,0.0,0.0,0.0,0.0,-0.00032709220763679704,-0.00019625532458207823
1770791355.4734254,1.2,0.0,0.03,1.23,0.0,0.1,0.0,0.0,0.0,0.0,-0.0003906986169873489,-0.00020170994942872962
1770791355.8920438,1.2,0.0,0.03,1.23,0.0,0.1,0.0,0.0,0.0,0.0,-0.00024566698048666654,-0.0001373366538934015
1770791356.31332,1.2,0.0,0.03,1.23,0.0,0.1,0.0,0.0,0.0,0.0,-0.00027244910227566685,-0.00013890276331673346
1770791356.7343185,1.2,0.0,0.03,1.23,0.0,0.1,0.0,0.0,0.0,0.0,-0.00015525855631031254,-8.93483327516917e-05
1770791357.1799421,1.2,0.0,0.03,1.23,0.0,0.1,0.0,0.0,0.0,0.0,-0.00015949385311910712,-8.017045624043302e-05
1770791357.5965376,1.2,0.0,0.03,1.23,0.0,0.1,0.0,0.0,0.0,0.0,-0.00011417571570945962,-6.161967159569456e-05
1770791358.0112295,1.2,0.0,0.03,1.23,0.0,0.1,0.0,0.0,0.0,0.0,-0.00011253836244307898,-5.6432916548177555e-05
1770791358.4231327,1.2,0.0,0.03,1.23,0.0,0.1,0.0,0.0,0.0,0.0,-0.0001282597106486382,-6.570199014487501e-05
1770791358.8395205,1.2,0.0,0.03,1.23,0.0,0.1,0.0,0.0,0.0,0.0,-0.00013490818575470425,-6.811894038795873e-05
1770791359.2470078,1.2,0.0,0.03,1.23,0.0,0.1,0.0,0.0,0.0,0.0,-0.00023442883785785136,-0.0001271664841392404
1770791359.6573365,1.2,0.0,0.03,1.23,0.0,0.1,0.0,0.0,0.0,0.0,-0.00022876931222802455,-0.00011495060867699496
1770791360.0671642,1.2,0.0,0.03,1.23,0.0,0.1,0.0,0.0,0.0,0.0,-0.00027999907186351694,-0.00014512251189530771
1770791360.478736,1.2,0.0,0.03,1.23,0.0,0.1,0.0,0.0,0.0,0.0,-0.00019163430548219053,-0.00010465362937922791
1770791360.8973691,1.2,0.0,0.03,1.23,0.0,0.1,0.0,0.0,0.0,0.0,-0.0002171421746361653,-0.00011112187423348013
1770791361.3144453,1.2,0.0,0.03,1.23,0.0,0.1,0.0,0.0,0.0,0.0,-0.00013839753598018356,-7.707323185568996e-05
1770791361.7265368,1.2,0.0,0.03,1.23,0.0,0.1,0.0,0.0,0.0,0.0,-0.000121698127954136,-6.251900477967275e-05
1770791362.1382408,1.2,0.0,0.03,1.23,0.0,0.1,0.0,0.0,0.0,0.0,-0.0001154759780041088,-5.836020399705712e-05
1770791362.5634995,1.2,0.0,0.03,1.23,0.0,0.1,0.0,0.0,0.0,0.0,-3.375674480766182e-05,-2.5050295723475607e-05
1770791362.9780478,1.2,0.0,0.03,1.23,0.0,0.1,0.0,0.0,0.0,0.0,-7.607650075555003e-05,-4.2270225972563835e-05
1770791363.393095,1.2,0.0,0.03,1.23,0.0,0.1,0.0,0.0,0.0,0.0,-4.196787373168239e-05,-2.439479956822796e-05
1770791363.804761,1.2,0.0,0.03,1.23,0.0,0.1,0.0,0.0,0.0,0.0,-0.0001573610814848909,-9.02198615177663e-05
1770791364.2212143,1.2,0.0,0.03,1.23,0.0,0.1,0.25,0.05449180060450796,0.0,0.041277504263381656,0.005847269939382106,-0.21224659380839608
1770791364.6369014,1.2,0.0,0.02989915170907974,1.23,0.0,0.1,0.25,0.051288616693229455,0.0,0.24623857105142632,0.009781361082015388,-0.009045518603844699
1770791365.0717518,1.2002846685826778,0.0,0.029846112479567526,1.23,0.0,0.1,0.25,-0.008254775432145239,0.0,0.25237080977378595,0.006624754358652576,-0.005998847625448523
1770791365.4924273,1.200584791291952,0.0,0.0297930171918869,1.23,0.0,0.1,0.25,-0.00926218957658065,0.0,0.2526151300818015,0.0061641896357341455,-0.0057432813719603916
1770791365.9219718,1.2008860843992233,0.0,0.02973975632071495,1.23,0.0,0.1,0.25,0.001154168891701059,0.0,0.25456482154336146,0.003159711502834352,-0.006445125108068619
1770791366.3341815,1.2011955920827388,0.0,0.029685502898097037,1.23,0.0,0.1,0.25,0.0005004700298317302,0.0,0.2517527225161459,0.002376491942442984,-0.0030192904434065172
1770791366.76019,1.2015017383038997,0.0,0.029630184815526008,1.23,0.0,0.1,0.25,0.0017784937600938185,0.0,0.252580354037097,0.0005740153828441569,-0.0030476093844789606
1770791367.1839561,1.2018122420954704,0.0,0.029574189094305037,1.23,0.0,0.1,0.25,0.002497787086717813,0.0,0.24809726726711587,0.002713607577318556,-0.0034734957409908503
1770791367.59843,1.202111762048006,0.0,0.0295181489020586,1.23,0.0,0.1,0.25,0.001567517245211385,0.0,0.2509002857501815,0.0019006210207934964,-0.0019318949162307271
1770791368.0138001,1.2024172837543488,0.0,0.02946239197254181,1.23,0.0,0.1,0.25,5.062192255729514e-05,0.0,0.24860002156048241,0.0014545398277966877,-0.00217185647271561
1770791368.4284582,1.2027197283017634,0.0,0.029405859771966934,1.23,0.0,0.1,0.25,-0.003739544202782198,0.0,0.24889614263774248,0.0008678065471504274,-0.0015964339638973551
1770791368.8633533,1.2030236375606058,0.0,0.029349113364815712,1.23,0.0,0.1,0.25,-0.006692443087676438,0.0,0.24884223698468913,-0.0009048357330378717,-0.0017874451098486357
1770791369.2750912,1.2033303956151007,0.0,0.029291490304470064,1.23,0.0,0.1,0.25,-0.014902884944388215,0.0,0.24925431086377614,-0.004061084812023693,-0.003091856450134288
1770791369.692603,1.2036430615997313,0.0,0.029232430883646014,1.23,0.0,0.1,0.25,-0.032817751260119356,0.0,0.24891209129494649,-0.006593921377436122,-0.004638153050312819
1770791370.1044989,1.2039593478906154,0.0,0.02917205700337887,1.23,0.0,0.1,0.25,-0.03920396627986631,0.0,0.148838128698333,-0.01126831064415473,-0.10726346555041624
1770791370.521637,1.20411453019917,0.0,0.029085907936692242,1.23,0.0,0.1,0.25,-0.03920396627986631,0.0,-0.007650089176014346,-0.008851294954667483,-0.2623174382222968
1770791370.9427297,1.20411453019917,0.0,0.02896901806175709,1.23,0.0,0.1,0.25,-0.03920396627986631,0.0,-0.008402864664048946,-0.006933168490452647,-0.26206126155569676
1770791371.3583984,1.20411453019917,0.0,0.02885286464631558,1.23,0.0,0.1,0.25,-0.03920396627986631,0.0,-0.005746195726801919,-0.005434505780189193,-0.2586133148879229
1770791371.772075,1.20411453019917,0.0,0.028737872788310057,1.23,0.0,0.1,0.25,-0.03920396627986631,0.0,-0.0044542959314212306,-0.004260427860834829,-0.25670191765377404
1770791372.1839497,1.20411453019917,0.0,0.028623650670647628,1.23,0.0,0.1,0.25,-0.03920396627986631,0.0,-0.0034558972446302695,-0.003434906424642131,-0.2552559026005706
1770791372.606234,1.20411453019917,0.0,0.02850998717129231,1.23,0.0,0.1,0.25,-0.03920396627986631,0.0,-0.0028655545473567755,-0.002647076284884897,-0.25426787570377496
1770791373.0152497,1.20411453019917,0.0,0.02839679137408734,1.23,0.0,0.1,0.25,-0.03920396627986631,0.0,-0.0022354975435786907,-0.0021450515516072462,-0.2533582257927101
1770791373.4316933,1.20411453019917,0.0,0.028283940326571468,1.23,0.0,0.1,0.25,-0.03920396627986631,0.0,-0.001732905112930732,-0.001642842910474644,-0.25260454743228133
1770791373.85205,1.20411453019917,0.0,0.028171411058306697,1.23,0.0,0.1,0.25,-0.03920396627986631,0.0,-0.0013890466752264415,-0.0012462957306196341,-0.25205184925852175
1770791374.2617865,1.20411453019917,0.0,0.028059126375317576,1.23,0.0,0.1,0.25,-0.03920396627986631,0.0,-0.0009137757449233114,-0.0010751455230274016,-0.25146846352719626
1770791374.6874938,1.20411453019917,0.0,0.02794700724899769,1.23,0.0,0.1,0.25,-0.1077026067980402,-0.05905431320822675,0.12269851877426752,-0.009033732332666607,-0.15310763034447647
1770791375.1201851,1.20411453019917,0.0,0.027873703152537347,1.23,0.0,0.1,0.25,-0.11756502125382576,-0.09146565563338532,0.254164513760599,-0.028075455324654105,-0.03776378621416337
1770791375.547114,1.2043541092175245,0.0,0.027873703152537347,1.23,0.0,0.1,0.25,-0.10825226980571424,-0.10274699794033587,0.25526156923970794,-0.042987600913959895,-0.03663248231182651
1770791375.9673388,1.204605468481779,0.0,0.027828078916668893,1.23,0.0,0.1,0.25,-0.10882081659200961,-0.10604412870896426,0.25468847447210563,-0.05403020475507239,-0.03179969683316282
1770791376.3928258,1.204869979185462,0.0,0.02777790361583233,1.23,0.0,0.1,0.25,-0.10059612086632594,-0.10282726794945829,0.25142475479162135,-0.06019871530960157,-0.02335588216700263
1770791376.803883,1.2051436482220887,0.0,0.027722945061922074,1.23,0.0,0.1,0.23958333333333343,-0.09863421907436959,-0.10059565978393153,0.25372022974374436,-0.06529722442127726,-0.032295965002905644
1770791377.2309232,1.205437236008048,0.0,0.027669414800405502,1.23,0.0,0.1,0.21875000000000006,-0.10072971258478267,-0.10032919534820871,0.22904128581935163,-0.07070921955198692,-0.02564247323053343
1770791377.6468875,1.2057079060345888,0.0,0.027615280854105948,1.23,0.0,0.1,0.19791666666666674,-0.09990037363245681,-0.10021753935871638,0.20664009822522714,-0.07609743710144078,-0.021322304442143586
1770791378.0625083,1.2059590778124332,0.0,0.027561168285012243,1.23,0.0,0.1,0.18750000000000006,-0.10111903329844177,-0.10068250494262003,0.1905074991477914,-0.07538339097965711,-0.015728460741451157
1770791378.4913692,1.206185600454211,0.0,0.02750771954655647,1.23,0.0,0.1,0.17708333333333337,-0.10155728068793926,-0.10120064548182854,0.1735196999601321,-0.07615226837008038,-0.016164709668117665
1770791378.916853,1.206388322380185,0.0,0.027454032220244406,1.23,0.0,0.1,0.15625000000000003,-0.10103174168109753,-0.10117410485112321,0.16466477274631414,-0.08132002928682351,-0.018858586620138274
1770791379.3541033,1.2065939201062916,0.0,0.02740377067565918,1.23,0.0,0.1,0.14583333333333334,-0.09720701877377222,-0.09920486539323181,0.15278940232462998,-0.08578639314942806,-0.01411194149945897
1770791379.77158,1.2067940603041647,0.0,0.027351922137737274,1.23,0.0,0.1,0.14583333333333334,-0.09552995242752466,-0.0974166780871216,0.14715612747381485,-0.08418580748613703,-0.008098288007302886
1770791380.185367,1.206984260278344,0.0,0.02729897144794464,1.23,0.0,0.1,0.14583333333333334,-0.09388122352001582,-0.09577839813295003,0.15153890672537576,-0.08450024312523448,-0.011376094459809936
1770791380.5972357,1.2071847453707456,0.0,0.02724640958726406,1.23,0.0,0.1,0.13541666666666669,-0.09200839391392003,-0.09406747144165634,0.13237485048824402,-0.08258211261818843,-0.008976308640861226
1770791381.017569,1.2073560075598955,0.0,0.027193750501871106,1.23,0.0,0.1,0.13541666666666669,-0.08984265347519318,-0.09211757614820819,0.14310352246501964,-0.08319808023398462,-0.012208200517044365
1770791381.4371579,1.2075494198280572,0.0,0.02714274392545223,1.23,0.0,0.1,0.23958333333333343,-0.08774004824405243,-0.08983421497148981,0.2148737590057816,-0.08442936090367434,-0.02753512942842854
1770791381.8503802,1.2078239789181946,0.0,0.027067339938282965,1.23,0.0,0.1,0.21875000000000006,-0.08851365889328415,-0.08889244825546673,0.23248186407865237,-0.0827848138076198,-0.016950136012181233
1770791382.2687092,1.2081358098882435,0.0,0.027004692537188527,1.23,0.0,0.1,0.19791666666666674,-0.09055304750893052,-0.08941771684476316,0.21730459109698777,-0.07755623450257494,-0.025841523531919625
1770791382.680193,1.2084219383221864,0.0,0.026949156208634372,1.23,0.0,0.1,0.18750000000000006,-0.09067622288772094,-0.09013856895597974,0.19929058343066003,-0.08062062039635286,-0.016855996299851208
1770791383.092164,1.2086864325624702,0.0,0.026892042639255518,1.23,0.0,0.1,0.17708333333333337,-0.0902946173383533,-0.09029920681851127,0.17639986933222276,-0.08261131220853056,-0.0047264804873187296
1770791383.52687,1.2089198077762124,0.0,0.02683255611956119,1.23,0.0,0.1,0.15625000000000003,-0.0898569652724596,-0.09004528422377601,0.16672880145040456,-0.08410903558848919,-0.013596698106043806
1770791383.9429555,1.2091487838989494,0.0,0.026778021660447116,1.23,0.0,0.1,0.14583333333333334,-0.08963869151716519,-0.08984399812548366,0.13879622055017743,-0.08340052801909022,-0.010329698593292531
1770791384.3674586,1.209333632737398,0.0,0.026721158105134958,1.23,0.0,0.1,0.13541666666666669,-0.08905379820040957,-0.08959398039388407,0.1331568275464913,-0.08314425824973148,-0.005510327169187548
1770791384.7857027,1.209513317475915,0.0,0.02666704064369201,1.23,0.0,0.1,0.11458333333333333,-0.08923429949678316,-0.08942833244112128,0.12372111289090197,-0.08138981631768868,-0.013332481812489218
1770791385.2024124,1.2096832345104218,0.0,0.026619582924842827,1.23,0.0,0.1,0.11458333333333333,-0.08819806839332651,-0.08900826821177933,0.10688807854656587,-0.0834624083926826,-0.010675443903815213
1770791385.6170096,1.20982824829638,0.0,0.026566983089447015,1.23,0.0,0.1,0.10416666666666666,-0.08665500703736595,-0.08779754988056636,0.10126063334859339,-0.08327954648500661,-0.005183321206620735
1770791386.030414,1.2099695177453755,0.0,0.02651681073904037,1.23,0.0,0.1,0.09375,-0.08543576566015779,-0.08671982867506847,0.10431370946942457,-0.08437660464114048,-0.011845027302001956
1770791386.4620624,1.2101240343886612,0.0,0.026470537832379334,1.23,0.0,0.1,0.09375,-0.08470824995919078,-0.0857313544481759,0.09016638758831254,-0.08209193774136872,-0.005631787455068225
1770791386.8839285,1.2101240343886612,0.0,0.026421736637949937,1.23,0.0,0.1,0.09375,-0.08442627052311846,-0.08501964097732037,0.08993310616193247,-0.07884646103642091,-0.007228031479012043
1770791387.300536,1.2101240343886612,0.0,0.0263742632228136,1.23,0.0,0.1,0.09375,-0.08442960623032321,-0.08464496266540412,0.09288294616042025,-0.07548030244425065,-0.00578599980937351
1770791387.7220554,1.2101240343886612,0.0,0.02632903541207313,1.23,0.0,0.1,0.10416666666666666,-0.0662039629826424,-0.28178461841599967,0.02291504766724813,-0.13336383438958824,-0.161250364207158
1770791388.1487582,1.209954384357333,0.0,0.02632903541207313,1.23,0.0,0.1,0.10416666666666666,-0.061896494754794244,-0.16254768617308746,0.08520871541651204,-0.12571630791214955,-0.03813839302836744
1770791388.5677035,1.209954384357333,0.0,0.026277156838774674,1.23,0.0,0.1,0.10416666666666666,-0.06041402799770704,-0.10686425605733056,0.09444415082643003,-0.11812852714786298,-0.0161134294619315
1770791388.980869,1.2101172886919973,0.0,0.026214116064906114,1.23,0.0,0.1,0.10416666666666666,-0.06187461459491516,-0.08195566107324177,0.10071520385987663,-0.10311531693937684,-0.015532611760706173
1770791389.3970256,1.210299492909908,0.0,0.026152300368547435,1.23,0.0,0.1,0.10416666666666666,-0.06389600350425521,-0.07166647908700624,0.10420301215763937,-0.09032411840895113,-0.01064428500498773
1770791389.8119428,1.210479968229532,0.0,0.0260944356572628,1.23,0.0,0.1,0.10416666666666666,-0.06604793448362715,-0.06768901141075982,0.10190763636907563,-0.08348132740661349,-0.010839467395751628
1770791390.2345657,1.2106502581769225,0.0,0.026038172986507412,1.23,0.0,0.1,0.10416666666666666,-0.06844751233188283,-0.06762823295569524,0.10406222508364112,-0.07814309181653865,-0.005895694572454731
1770791390.657238,1.2108152273887394,0.0,0.02598502360939979,1.23,0.0,0.1,0.10416666666666666,-0.07119950681203803,-0.06914896710272264,0.10198852828930674,-0.07511365673738873,-0.005463426702607956
1770791391.071286,1.2109693568927047,0.0,0.025933338584303852,1.23,0.0,0.1,0.10416666666666666,-0.07478320723215692,-0.07156404487841611,0.1031762494005841,-0.07364295511392416,-0.002176942546183033
1770791391.4842994,1.2111197074753044,0.0,0.025883397939205164,1.23,0.0,0.1,0.11458333333333333,-0.07975636763866602,-0.07509588091441516,0.11008230697453732,-0.07280991006301317,-0.005727316289588105
1770791391.9133315,1.2112710847431418,0.0,0.025832541287541384,1.23,0.0,0.1,0.125,-0.08883025057632989,-0.08173625200815511,0.11474157386404349,-0.07572202375440558,-0.013556751631970518
1770791392.3398852,1.211421755018234,0.0,0.025779345781803124,1.23,0.0,0.1,0.13541666666666669,-0.10102683602772887,-0.0900149544801948,0.12149711801552102,-0.07761572076234763,-0.020308535210863458
1770791392.7594624,1.2115713394010064,0.0,0.02572531355559825,1.23,0.0,0.1,0.13541666666666669,-0.10468500325344993,-0.09265556325938072,0.050569617725597045,-0.07769814057236961,-0.0923340022655774
1770791393.1720617,1.2115713394010064,0.0,0.02565565225303172,1.23,0.0,0.1,0.13541666666666669,-0.10468500325344993,-0.09265556325938072,-0.004164573064210902,-0.0611823244617068,-0.15696944074078084
1770791393.5871968,1.2115713394010064,0.0,0.025581908875107758,1.23,0.0,0.1,0.13541666666666669,-0.10468500325344993,-0.09265556325938072,-0.004261265349231715,-0.04853951367874605,-0.1630002378845118
1770791393.9980433,1.2115713394010064,0.0,0.025514235422015183,1.23,0.0,0.1,0.13541666666666669,-0.10468500325344993,-0.09265556325938072,-0.002856206377424614,-0.0374492451665828,-0.1669850589417066
1770791394.41888,1.2114344493287799,0.0,0.025452236777544015,1.23,0.0,0.1,0.13541666666666669,-0.10468500325344993,-0.09265556325938072,-0.0022233007245746838,-0.029658271737539613,-0.16991771049506627
1770791394.8331847,1.2112853468585012,0.0,0.02539416109979152,1.23,0.0,0.1,0.13541666666666669,-0.10468500325344993,-0.09265556325938072,-0.0017298240519994011,-0.02360491767088707,-0.17227714891957815
1770791395.266307,1.2111267692273853,0.0,0.025339140897989266,1.23,0.0,0.1,0.13541666666666669,-0.10468500325344993,-0.09265556325938072,-0.0011636712435044174,-0.01819925240717146,-0.1743490598626473
1770791395.6861148,1.2109599495649335,0.0,0.02528688206791877,1.23,0.0,0.1,0.13541666666666669,-0.10468500325344993,-0.09265556325938072,-0.0010691418816655071,-0.01448912644162109,-0.17594003955376705
1770791396.1054344,1.2107869854336974,0.0,0.02523645520806312,1.23,0.0,0.1,0.13541666666666669,-0.10468500325344993,-0.09265556325938072,-0.000758400125847609,-0.011231273958475384,-0.17721299669128152
1770791396.531266,1.2106090114080903,0.0,0.025187689483165736,1.23,0.0,0.1,0.13541666666666669,-0.10468500325344993,-0.09265556325938072,-0.0005900016026625516,-0.00894279136502321,-0.17809190247585321
1770791396.949758,1.2104274368226524,0.0,0.02514008025169372,1.23,0.0,0.1,0.13541666666666669,-0.10468500325344993,-0.09265556325938072,-0.00039621019476891213,-0.006956090216573516,-0.17886128349768415
1770791397.366205,1.2102428176671263,0.0,0.025093486257791512,1.23,0.0,0.1,0.14583333333333334,-0.018792543791322423,-0.041891596334622555,0.09616664471806308,-0.007630392919043318,-0.06686472059330686
1770791397.796473,1.2102428176671263,0.0,0.025093486257791512,1.23,0.0,0.1,0.15625000000000003,-0.01637344370976632,-0.018940102264019095,0.15229205544998217,-0.010250419837915813,-0.008564788454956746
1770791398.2138042,1.2104180911481377,0.0,0.025093486257791512,1.23,0.0,0.1,0.15625000000000003,-0.01563609704854659,-0.008563232370188297,0.15396977274268672,-0.011517451081776818,-0.003884039737493666
1770791398.625128,1.2106124732118841,0.0,0.025046806438565248,1.23,0.0,0.1,0.15625000000000003,-0.015246628072342935,-0.0038716236904985045,0.15516218560524864,-0.01087126679849601,-0.004652254377078224
1770791399.0379603,1.2108141345763204,0.0,0.024999304506182665,1.23,0.0,0.1,0.15625000000000003,-0.015470048992924246,-0.001435365159944821,0.1601892525977836,-0.011325577427118639,-0.00892978979423275
1770791399.4724228,1.211028424301147,0.0,0.024952043082118028,1.23,0.0,0.1,0.15625000000000003,-0.014817772482516372,-0.0006489598223569339,0.15459718038512288,-0.013138286034765257,-0.008078753581845972
1770791399.892108,1.2112373176521058,0.0,0.02490231143474578,1.23,0.0,0.1,0.15625000000000003,-0.015277483721722322,-0.0002934088570533043,0.1533026616745698,-0.011867443822321197,-0.008861440029308585
1770791400.3068995,1.2114423246753212,0.0,0.024852788087725633,1.23,0.0,0.1,0.15625000000000003,-0.016132720853159338,-0.00013265652885052838,0.16162660055570083,-0.013089974730416775,-0.01197751274729348
1770791400.7324467,1.2116638026934858,0.0,0.024804607304334633,1.23,0.0,0.1,0.1666666666666667,-0.016099196213043482,-5.9976903299391676e-05,0.1585515395986641,-0.016526827435119993,-0.016692237604383226
1770791401.1482604,1.2118813732534643,0.0,0.02474993392825126,1.23,0.0,0.1,0.1666666666666667,-0.016733919990376385,-2.2235827724838038e-05,0.17034764654870282,-0.01500322068152234,-0.011323832984294627
1770791401.560717,1.2121164644104239,0.0,0.02469882075548171,1.23,0.0,0.1,0.17708333333333337,-0.0034577236294703576,-1.005330156601057e-05,0.1854250562716702,-0.01497193404678397,-0.015825791974419638
1770791401.9722495,1.2123724503242965,0.0,0.024647295241355886,1.23,0.0,0.1,0.18750000000000006,-0.003729342591671202,-4.545316397835455e-06,0.1838727706713931,-0.009489780464239156,-0.008918062260782098
1770791402.4023993,1.2126120178359743,0.0,0.024594038704633704,1.23,0.0,0.1,0.19791666666666674,-0.0024445089691566006,-2.0550364495462263e-06,0.18566714437900886,-0.008495392823502678,-0.016595629945258098
1770791402.8108711,1.2128483627218003,0.0,0.024537660698890677,1.23,0.0,0.1,0.2083333333333334,-0.0016406628514993738,-9.291266964329912e-07,0.19638615778241278,-0.010062307810720523,-0.017134556391654447
1770791403.2267587,1.2131008768540616,0.0,0.024479051454663267,1.23,0.0,0.1,0.21875000000000006,-0.0013618122986881725,-4.200783972542697e-07,0.2098952668209729,-0.008259349281434177,-0.013164493633474253
1770791403.63896,1.2133685339659448,0.0,0.024420535959005348,1.23,0.0,0.1,0.21875000000000006,-0.0018024186694199176,-1.899265843045796e-07,0.2191201244782824,-0.006105876345418326,-0.003638314981300954
1770791404.0559406,1.2136480635541673,0.0,0.024365295644402495,1.23,0.0,0.1,0.22916666666666674,-0.0018303178327509647,-7.041335208459142e-08,0.23021713477638256,-0.00639903074538037,-0.004279263715726166
1770791404.4696443,1.2139420653229949,0.0,0.024308555470705023,1.23,0.0,0.1,0.25,-0.002186328398548404,-3.183540867198514e-08,0.24140424066094468,-0.006512924779676328,-0.011863595214618744
1770791404.8851464,1.214245767204165,0.0,0.024246403226852408,1.23,0.0,0.1,0.25,0.004441450141093934,-1.4393480999097187e-08,0.24873391169194478,-0.005463073645901146,-0.0041026030476428105
1770791405.2997308,1.2145598896604772,0.0,0.02418653582811355,1.23,0.0,0.1,0.25,-0.0003205651774843873,-6.507605961838379e-09,0.24962195207913937,-0.00213298877191509,-0.0017775475404137998
1770791405.7265759,1.2148699742549653,0.0,0.024128503843545906,1.23,0.0,0.1,0.25,-0.002020147774739795,-2.942230260852861e-09,0.24803111760499336,-0.003156492839899107,-0.0036494777506394685
1770791406.1416628,1.215179116492867,0.0,0.024069587969183914,1.23,0.0,0.1,0.25,-0.005902496640199418,-1.090801985566885e-09,0.24941967180174976,-0.00439530174921168,-0.0029018594183863452
1770791406.5558565,1.215492609059214,0.0,0.02401040611624717,1.23,0.0,0.1,0.25,-0.008558828399734153,-4.931753135259946e-10,0.2470937566246425,-0.0031134487928318934,-0.004591152820823767
1770791406.975199,1.2158001254922146,0.0,0.02395128403902053,1.23,0.0,0.1,0.25,-0.010428144996515261,-2.2297529073992448e-10,0.24791186960295236,-0.004345113445818779,-0.004383853473768071
1770791407.3915327,1.2161110372477764,0.0,0.02389176098763942,1.23,0.0,0.1,0.23958333333333343,-0.00996561046262484,-1.0081198088584637e-10,0.2414568443627907,-0.00809905720843441,-0.006298433959530042
1770791407.8089168,1.2164220021432632,0.0,0.02383287900567054,1.23,0.0,0.1,0.22916666666666674,-0.009121862796297113,-4.557929022719522e-11,0.22731408012467835,-0.010940009154020321,-0.007606686290767495
1770791408.233878,1.2167187140482658,0.0,0.023773223469257348,1.23,0.0,0.1,0.21875000000000006,0.006630792247790547,-2.0607388917070302e-11,0.22863332284894003,-0.006306506272773908,-0.013499926263147876
1770791408.653238,1.2170144654434913,0.0,0.02372018639624118,1.23,0.0,0.1,0.21875000000000006,0.0029090711086953384,-7.639980135876061e-12,0.21832050496399802,-0.004216392044383259,-0.002746702477212741
1770791409.0718334,1.217289499123692,0.0,0.023665676822662345,1.23,0.0,0.1,0.21875000000000006,0.0007736042101903103,-3.4542012653973244e-12,0.21706465311533674,-0.0029271651724337854,-0.0032778521563480586
1770791409.5006356,1.2175602708917852,0.0,0.023611494897007933,1.23,0.0,0.1,0.2083333333333334,-0.0015302217902173777,-1.5617195555056654e-12,0.20680452267949115,-0.0040355536768049765,-0.003657426341900997
1770791409.9349189,1.2178202268666025,0.0,0.023558339039683334,1.23,0.0,0.1,0.2083333333333334,-0.003168379733298962,-7.060873940616391e-13,0.20440470916360962,-0.001876507234711214,-0.005082782430935722
1770791410.3493245,1.2180725149369236,0.0,0.02350566359817981,1.23,0.0,0.1,0.19791666666666674,-0.0055779497775545715,-2.6177472975990865e-13,0.1968170642022755,-0.0029746867700135952,-0.002696763802797401
1770791410.777812,1.21831842164576,0.0,0.023454668732285494,1.23,0.0,0.1,0.1666666666666667,-0.01695225066832089,-1.183540515425743e-13,0.19225517877979031,-0.006437831357103933,-0.029153742250325423
1770791411.197244,1.2185761312597985,0.0,0.023454668732285494,1.23,0.0,0.1,0.15625000000000003,-0.016973952488181305,-5.3510442086559404e-14,0.15928767853827386,-0.011445767906801099,-0.009261356146617342
1770791411.6084032,1.2187910209894175,0.0,0.023406696592569345,1.23,0.0,0.1,0.15625000000000003,-0.017872874388332502,-2.419323525455331e-14,0.15422535920062402,-0.010842447825415697,-0.0075061967202102965
1770791412.0376687,1.2189962576472755,0.0,0.02335780964791774,1.23,0.0,0.1,0.14583333333333334,-0.019408979623450815,-8.969396244773806e-15,0.15331970718897409,-0.012432783015042592,-0.013861798882120245
1770791412.452721,1.2192072394359108,0.0,0.023311975303888316,1.23,0.0,0.1,0.14583333333333334,-0.021971939685667016,-4.055259216324524e-15,0.18196674707429747,-0.009110883412160488,-0.04102104540733056
1770791412.871659,1.2194611745220418,0.0,0.023311975303888316,1.23,0.0,0.1,0.13541666666666669,-0.023719967937932566,-1.8334709341408646e-15,0.14732690566009818,-0.015187492937600045,-0.020111646414774555
1770791413.2853208,1.2196711985528466,0.0,0.023311975303888316,1.23,0.0,0.1,0.125,-0.02519245393596043,-8.289521056526118e-16,0.13066041018532626,-0.018705914472324517,-0.015365209574960549
1770791413.6952982,1.2198633174705502,0.0,0.023265735796093936,1.23,0.0,0.1,0.125,-0.02881949429310492,-3.7478728496336473e-16,0.12299597086958396,-0.019145260219623202,-0.011620593814957326
1770791414.1066053,1.2200430504566429,0.0,0.023217451554536816,1.23,0.0,0.1,0.11458333333333333,-0.032642514003497144,-1.69449486903258e-16,0.12034380199086422,-0.023573513848350953,-0.01799005094457906
1770791414.5229695,1.220230386893749,0.0,0.023170402024984358,1.23,0.0,0.1,0.11458333333333333,-0.032642514003497144,-1.69449486903258e-16,-0.0026260391876167873,-0.020189924862835624,-0.12764269385091936
1770791414.94406,1.220230386893749,0.0,0.02309676952421665,1.23,0.0,0.1,0.11458333333333333,-0.032642514003497144,-1.69449486903258e-16,-0.0055888622857251,-0.01602891242960695,-0.1286027530771847
1770791415.3581188,1.220230386893749,0.0,0.02302449819087982,1.23,0.0,0.1,0.11458333333333333,-0.032642514003497144,-1.69449486903258e-16,-0.004482668498355611,-0.012460398964095794,-0.12565305266028787
1770791415.7685568,1.220230386893749,0.0,0.022954191988706588,1.23,0.0,0.1,0.11458333333333333,-0.032642514003497144,-1.69449486903258e-16,-0.002925806435999204,-0.009870451551559153,-0.12270336028636569
1770791416.1874254,1.220230386893749,0.0,0.022885480011105536,1.23,0.0,0.1,0.11458333333333333,-0.032642514003497144,-1.69449486903258e-16,-0.0022762491280826375,-0.007815571128460867,-0.12097285606795614
1770791416.6121929,1.220230386893749,0.0,0.022817906228899953,1.23,0.0,0.1,0.11458333333333333,-0.032642514003497144,-1.69449486903258e-16,-0.0018327456002054485,-0.006014180684513631,-0.11960330832019023
1770791417.038131,1.220230386893749,0.0,0.022751303513646123,1.23,0.0,0.1,0.11458333333333333,-0.032642514003497144,-1.69449486903258e-16,-0.0014915724951585546,-0.0047992285165015846,-0.11859601530354379
1770791417.4538689,1.220230386893749,0.0,0.02268536554098129,1.23,0.0,0.1,0.11458333333333333,-0.032642514003497144,-1.69449486903258e-16,-0.001096945531348558,-0.004027332848169358,-0.11777113485559972
1770791417.8771362,1.220230386893749,0.0,0.02261988936424255,1.23,0.0,0.1,0.11458333333333333,-0.032642514003497144,-1.69449486903258e-16,-0.0007776881680191066,-0.003217191230613014,-0.1170506312784145
1770791418.3019028,1.220230386893749,0.0,0.022554877134561533,1.23,0.0,0.1,0.11458333333333333,-0.032642514003497144,-1.69449486903258e-16,-0.0006626071488060881,-0.002558091273150368,-0.11659089611446079
1770791418.7114167,1.220230386893749,0.0,0.022490210566520685,1.23,0.0,0.1,0.11458333333333333,-0.032642514003497144,-1.69449486903258e-16,-0.0004572434265351254,-0.0021050460418433536,-0.11613840430392075
1770791419.1318836,1.220230386893749,0.0,0.0224258095639944,1.23,0.0,0.1,0.11458333333333333,-0.032642514003497144,-1.69449486903258e-16,-0.0003768318943418136,-0.0017646070179204397,-0.11587651263902758
1770791419.553576,1.220230386893749,0.0,0.02236159179925918,1.23,0.0,0.1,0.11458333333333333,-0.032642514003497144,-1.69449486903258e-16,-0.00026416589693208705,-0.0013314712052928254,-0.1155565484141745
1770791419.9840813,1.220230386893749,0.0,0.02229760951638221,1.23,0.0,0.1,0.11458333333333333,-0.032642514003497144,-1.69449486903258e-16,-0.00020113925202443314,-0.0011155311613566964,-0.11536383217042963
1770791420.405706,1.220230386893749,0.0,0.02223374616801738,1.23,0.0,0.1,0.11458333333333333,-0.032642514003497144,-1.69449486903258e-16,-0.0001752874450406023,-0.0007788402703760113,-0.1151817100026599
1770791420.832082,1.220230386893749,0.0,0.022170052265524858,1.23,0.0,0.1,0.11458333333333333,-0.032642514003497144,-1.69449486903258e-16,-0.00012875059817415036,-0.0005614136079268476,-0.11501453340171573
1770791421.2399898,1.220230386893749,0.0,0.0221064743900299,1.23,0.0,0.1,0.11458333333333333,-0.032642514003497144,-1.69449486903258e-16,-9.998536580524105e-05,-0.00040308031627291156,-0.11490069218644033
1770791421.6542315,1.220230386893749,0.0,0.02204297989368438,1.23,0.0,0.1,0.11458333333333333,-0.032642514003497144,-1.69449486903258e-16,-6.959960603421852e-05,-0.0001973579807726201,-0.11477218416330379
1770791422.0671213,1.220230386893749,0.0,0.02197959218144416,1.23,0.0,0.1,0.13541666666666669,-0.4451568332432114,-0.14583740353412478,0.007436273556721951,-0.0009811558431549996,-0.20048689674166786
1770791422.4788697,1.2199781736087796,0.0,0.02197959218144416,1.2301919580602645,0.0,0.1,0.11458333333333333,-0.43171959164518364,-0.3053221751521993,0.10395998253423032,-0.05843657035229718,-0.1398116946499683
1770791422.8948503,1.2197835478609798,0.0,0.02197959218144416,1.2301919580602645,0.0,0.10005086934387684,0.09375,-0.39834387000902544,-0.3,0.08817389672036882,-0.1438288217055845,-0.09220091756216765
1770791423.308109,1.2197835478609798,0.0,0.02197959218144416,1.2301919580602645,0.0,0.10005086934387684,0.019999999999999993,1.0,0.14474622645142457,0.01448622678648747,-0.07165515226720738,-0.12093182951666623
1770791423.7261827,1.2201038655441996,0.0,0.02187879116177558,1.2301919580602645,0.0,0.09998788243412972,0.019999999999999993,1.0,0.18958998075038744,0.021263168217443975,-0.04278417286777105,-0.12033734296646686
1770791424.1407738,1.2204446856468913,0.0,0.02178054962396621,1.2301919580602645,0.0,0.09991783733427524,0.019999999999999993,1.0,0.3,0.02194248246415263,0.007065410979699349,-0.15339473535905
1770791424.5645785,1.2204446856468913,0.0,0.02178054962396621,1.2301919580602645,0.0,0.09982838449418545,0.10416666666666666,-0.46593638195924925,-0.020266849208664534,0.05512448759383967,0.0886288951064556,-0.11164639964306267
1770791424.9809892,1.2203028227591513,0.0,0.02178054962396621,1.2301919580602645,0.0,0.09982838449418545,0.10416666666666666,-0.4400036096748857,-0.25767158759791575,0.11348462982405726,0.00871602542766382,-0.15050305663805955
1770791425.3957312,1.2200785477012395,0.0,0.02183012682437896,1.2301919580602645,0.0,0.09987905341804028,0.019999999999999993,1.0,0.11610712710220636,0.08914853528793637,-0.062458220501021726,-0.16554863368241898
1770791425.8106651,1.2204702980607747,0.0,0.021758879231214515,1.2301919580602645,0.0,0.09982532387912274,0.019999999999999993,1.0,0.3,0.016533161663301404,0.07871064007599493,-0.1282284043564028
1770791426.228458,1.2204702980607747,0.0,0.021758879231214515,1.2301919580602645,0.0,0.09974602526545526,0.125,-0.4924402254884628,-0.08420460824982508,0.12131092386649614,0.13699804115661376,-0.12011914094478517
1770791426.6466975,1.2202638937085866,0.0,0.021813279955387108,1.2301919580602645,0.0,0.09974602526545526,0.10416666666666666,-0.4600427683923733,-0.29907254109382586,0.13471770386600113,0.008627845275339161,-0.19723824997204445
1770791427.0742974,1.220022451686859,0.0,0.02187935526788234,1.2301919580602645,0.0,0.09980743488609792,0.013333333333333329,1.0,0.09399585891205062,0.07684555490567803,-0.10406551383522888,-0.17381224385704128
1770791427.4904926,1.2204361101150512,0.0,0.021794410759806628,1.2301919580602645,0.0,0.09975389953911305,0.019999999999999993,1.0,0.3,0.01346964436226385,-0.002207113275784561,-0.16781975233157284
1770791427.9537995,1.2204361101150512,0.0,0.021794410759806628,1.2301919580602645,0.0,0.09966314943253994,0.13541666666666669,0.4985087729977255,0.5058877519040963,0.022072549054117062,0.16325535412453263,-0.3012065632423632
1770791428.3693645,1.2207780949509142,0.0,0.02166936434090137,1.2304903142666817,0.0,0.09953629758656025,0.23958333333333343,0.4699998577679309,0.49005271566989145,0.1686214409635516,0.20429520632620715,-0.2179446322617914
1770791428.7815194,1.2212166669917104,0.0,0.02156063524782657,1.2307017924571038,0.0,0.09940565084397793,0.23958333333333343,0.4454148586554034,0.46945609018685075,0.2548219928985113,0.24027996146718122,-0.13342519943911008
1770791429.2057376,1.2217039501261708,0.0,0.021491556526422494,1.2307017924571038,0.0,0.09928498874247074,0.19791666666666674,0.42808702236677115,0.44988561838536645,0.21265822425835082,0.26052306525754576,-0.11144714453463088
1770791429.6271684,1.2220978180038926,0.0,0.02144180292785167,1.2307017924571038,0.0,0.09917542474210263,0.15625000000000003,0.39730532802833457,0.42329732753521293,0.17739717327094695,0.2843914485151351,-0.09298695110674478
1770791430.0379786,1.222390060973167,0.0,0.02144180292785167,1.2307017924571038,0.0,0.09908008709251881,0.13541666666666669,0.37000092256517425,0.39908349187714287,0.15020082419270642,0.30477394045414036,-0.06397718243144151
1770791430.4580557,1.2225884717899558,0.0,0.02144180292785167,1.2307017924571038,0.0,0.09899607583761215,0.125,0.3352127197199631,0.37028868588005454,0.12145553358962832,0.31223518619713697,-0.033317340826130123
1770791430.8821223,1.2225884717899558,0.0,0.02144180292785167,1.2307017924571038,0.0,0.0989216384756565,0.11458333333333333,0.30374767315420736,0.3372644109970404,0.12186593816112627,0.3124673687118564,-0.0197043442218569
1770791431.3001256,1.2225884717899558,0.0,0.02144180292785167,1.2307017924571038,0.0,0.0988571322017908,0.10416666666666666,0.3159192304144873,0.328096696764242,0.1073421142362671,0.30855434208157523,-0.01333792757396196
1770791431.7165773,1.2225884717899558,0.0,0.02144180292785167,1.2307017924571038,0.0,0.0987958317899704,0.09375,0.2996915868207205,0.3,0.09836368871404531,0.3023093916773367,-0.006392879593137532
1770791432.134904,1.2225884717899558,0.0,0.02144180292785167,1.2307017924571038,0.0,0.09874241156339646,0.019999999999999993,1.0,0.3,0.09393083977904983,0.2993435880214337,-0.07455562613392329
1770791432.54852,1.2225884717899558,0.0,0.02144180292785167,1.2307017924571038,0.0,0.09874241156339646,0.019999999999999993,1.0,0.3,0.01511520954334494,0.38435566428339984,-0.0555638302245516
1770791432.9731674,1.2225884717899558,0.0,0.02144180292785167,1.2307017924571038,0.0,0.09874241156339646,0.019999999999999993,1.0,0.3,0.015049965237200438,0.5123361004777852,-0.1239161286211307
1770791433.390306,1.2225884717899558,0.0,0.02144180292785167,1.2307017924571038,0.0,0.09874241156339646,0.019999999999999993,1.0,0.3,0.01609775032317233,0.5954071244700344,-0.1599129143110698
1770791433.8009193,1.2225884717899558,0.0,0.02144180292785167,1.2307017924571038,0.0,0.09874241156339646,0.10416666666666666,0.07207959008205395,0.5633520671777872,0.056339357893511,0.6037342030766029,-0.06885108458322034
1770791434.2218564,1.2223980492460724,0.0,0.02151339888095855,1.2307017924571038,0.0,0.09867254176199436,0.10416666666666666,0.06629267165742578,0.29180313930413293,0.10928278367784418,0.4972843171377217,-0.11850169452186002
1770791434.6471562,1.2220997073197362,0.0,0.021628022482395162,1.2307017924571038,0.0,0.09867254176199436,0.14583333333333334,0.0626846719482377,0.14859028868928703,0.12226596345809879,0.404942716388359,-0.1609777437997068
1770791435.0578942,1.2217597580552098,0.0,0.021731433881521215,1.2307017924571038,0.0,0.09867254176199436,0.25,0.06438109924473755,0.1020902416729405,0.23814948766273858,0.3355652587525276,-0.1355257666406381
1770791435.477819,1.2216172501337526,0.0,0.021804211996793738,1.2307017924571038,0.0,0.09867254176199436,0.25,0.06610822956263103,0.08189772070015726,0.2526596791125242,0.27815503282133347,-0.1065293577662317
1770791435.9013886,1.2216172501337526,0.0,0.021859223454594602,1.2307017924571038,0.0,0.09867254176199436,0.25,0.07766506110634178,0.07950420170408884,0.25241793878375296,0.23349521248336902,-0.0838794262071895
1770791436.311,1.2216172501337526,0.0,0.021859223454594602,1.2307017924571038,0.0,0.09867254176199436,0.25,0.07650296018112185,0.07832147886703396,0.2532127610930783,0.20466270573371934,-0.06926662520138592
1770791436.729579,1.2216172501337526,0.0,0.021859223454594602,1.2307017924571038,0.0,0.09867254176199436,0.21875000000000006,0.06851131537404888,0.0721167139714285,0.23636379581737427,0.17694420083778692,-0.07279938974014666
1770791437.1593907,1.2216172501337526,0.0,0.021859223454594602,1.2307017924571038,0.0,0.09867254176199436,0.19791666666666674,0.06810734970365034,0.07000987486949928,0.2064364359520607,0.1548991927175239,-0.05316892902143258
1770791437.585046,1.2216172501337526,0.0,0.021859223454594602,1.2307017924571038,0.0,0.09867254176199436,0.18750000000000006,0.06604604971547645,0.06822420590260814,0.19563584220755315,0.13813770292869643,-0.04476873969947998
1770791437.9932384,1.2216172501337526,0.0,0.021859223454594602,1.2307017924571038,0.0,0.09867254176199436,0.17708333333333337,0.0642659750816182,0.06638136740664433,0.17457317896267693,0.12256977127744614,-0.03216114947118237
1770791438.4038575,1.2216172501337526,0.0,0.021859223454594602,1.2307017924571038,0.0,0.09867254176199436,0.15625000000000003,0.06358840522818165,0.0648378925961074,0.15230727080353415,0.10887768035017277,-0.0273318321662259
1770791438.8208787,1.2216172501337526,0.0,0.021859223454594602,1.2307017924571038,0.0,0.09867254176199436,0.14583333333333334,0.06184385739766761,0.06351285798858122,0.14513911861215786,0.09935269446045238,-0.019566631546083096
1770791439.2351263,1.2216172501337526,0.0,0.021859223454594602,1.2307017924571038,0.0,0.09867254176199436,0.13541666666666669,0.059294587827761654,0.04185024789119343,0.14226260564172424,0.09154424450185991,-0.03247378227625004
1770791439.6491244,1.2216172501337526,0.0,0.021859223454594602,1.2307017924571038,0.0,0.09867254176199436,0.125,0.057390682632706747,0.01892140773300266,0.1284933815769362,0.08369527772625711,-0.036665213251123714
1770791440.0691473,1.2216172501337526,0.0,0.021859223454594602,1.2307017924571038,0.0,0.09867254176199436,0.19791666666666674,0.055955168640930295,0.008554780165922773,0.1311933605871797,0.07774950179373294,-0.10191524448664453
1770791440.4993286,1.2216172501337526,0.0,0.021859223454594602,1.2307017924571038,0.0,0.09867254176199436,0.11458333333333333,0.05277940451910888,0.003867802265030097,0.12221209744871259,0.07029442342559773,-0.041587582532476595
1770791440.913276,1.2216172501337526,0.0,0.021859223454594602,1.2307017924571038,0.0,0.09867254176199436,0.18750000000000006,0.04980661054926229,0.001748717567397394,0.13323463389215395,0.06419384778192076,-0.08609798877947548
1770791441.3338854,1.2216172501337526,0.0,0.021859223454594602,1.2307017924571038,0.0,0.09867254176199436,0.17708333333333337,0.04459887884987536,0.0006483192767379952,0.19432735905794113,0.0630588257761246,-0.04856278117488067
1770791441.7453709,1.2217565426874157,0.0,0.021859223454594602,1.2307017924571038,0.0,0.09867254176199436,0.2083333333333334,0.03865279759824281,0.00029311925244070945,0.22183997226267424,0.05528231020757636,-0.041778885963763494
1770791442.1572242,1.2219419290727374,0.0,0.021859223454594602,1.2307017924571038,0.0,0.09867254176199436,0.25,0.035463849726235834,0.00013252559230337785,0.24532712026197975,0.05206075970361521,-0.03095915184407228
1770791442.5725086,1.2221541543549295,0.0,0.021859223454594602,1.2307017924571038,0.0,0.09867254176199436,0.25,0.029797487025208524,5.9917704037245646e-05,0.25112094400398494,0.04637084665278057,-0.024845399783440063
1770791442.990484,1.222385675513148,0.0,0.021859223454594602,1.2307017924571038,0.0,0.09867254176199436,0.25,0.027258495383055654,2.7090097804478614e-05,0.2518137019301538,0.042330226109303065,-0.023369331990250833
1770791443.4087858,1.2226251353448625,0.0,0.021859223454594602,1.2307017924571038,0.0,0.09867254176199436,0.25,0.021673315273255833,1.2248022697933008e-05,0.2517375263518705,0.03809741551261332,-0.021203391156497192
1770791443.8370783,1.2228715783935782,0.0,0.021859223454594602,1.2307017924571038,0.0,0.09867254176199436,0.23958333333333343,0.019542368784105535,4.540830014541725e-06,0.24300713035842084,0.03299830356014649,-0.020430589585400068
1770791444.2482429,1.2231164826536176,0.0,0.021859223454594602,1.2307017924571038,0.0,0.09867254176199436,0.22916666666666674,0.015479728100398174,2.05300805803543e-06,0.23166299258432663,0.028871749468409844,-0.017343829557009457
1770791444.6630344,1.2233538029676674,0.0,0.021859223454594602,1.2307017924571038,0.0,0.09867254176199436,0.21875000000000006,0.01417371591324503,9.282096164931607e-07,0.2179022246810563,0.025723023246279394,-0.014023695459488252
1770791445.0748062,1.2235777709662912,0.0,0.021859223454594602,1.2307017924571038,0.0,0.09867254176199436,0.2083333333333334,0.014339263785152281,4.196637654578129e-07,0.2067101716125026,0.022559890007068015,-0.013219210216403213
1770791445.5238528,1.2237927082514761,0.0,0.021859223454594602,1.2307017924571038,0.0,0.09867254176199436,0.19791666666666674,0.013031330307004133,1.897391202470136e-07,0.19172632677618165,0.019378202683873903,-0.01619751509518133
1770791445.9370494,1.2239921632146833,0.0,0.021859223454594602,1.2307017924571038,0.0,0.09867254176199436,0.18750000000000006,0.007075511390427082,7.034385168928375e-08,0.18125333371375327,0.017550427011413613,-0.015204622187273779
1770791446.3457935,1.224181463447213,0.0,0.021859223454594602,1.2307017924571038,0.0,0.09867254176199436,0.17708333333333337,0.005737133168588244,3.1803986030937945e-08,0.17299293181589348,0.015641157421584274,-0.012101891285221945
1770791446.7598574,1.224364500185251,0.0,0.021859223454594602,1.2307017924571038,0.0,0.09867254176199436,0.1666666666666667,0.003896785752478683,1.4379274139323078e-08,0.1688031269636212,0.012373760567322624,-0.008650073076404903
1770791447.1846151,1.2245505362230538,0.0,0.021859223454594602,1.2307017924571038,0.0,0.09867254176199436,0.1666666666666667,0.002552514475050422,6.5011827313932365e-09,0.16333007266935198,0.009135424753394378,-0.008228136704813378
1770791447.6178846,1.2247327365946767,0.0,0.021859223454594602,1.2307017924571038,0.0,0.09867254176199436,0.15625000000000003,0.0007657065072244441,2.9393261785991175e-09,0.15546789988047938,0.006837383020871042,-0.0044305943335454165
1770791448.0345163,1.2249099954843519,0.0,0.021859223454594602,1.2307017924571038,0.0,0.09867254176199436,0.14583333333333334,-0.001326042374669335,1.0897253265674922e-09,0.15429103780962025,0.005730019843562599,-0.01143345017093639
1770791448.4483654,1.2250917203485963,0.0,0.021859223454594602,1.2307017924571038,0.0,0.09867254176199436,0.14583333333333334,-0.0027366037466925977,4.926885325642694e-10,0.1447007902422323,0.002756084244155674,-0.0028079785267752927
1770791448.8651292,1.2252620922911164,0.0,0.021859223454594602,1.2307017924571038,0.0,0.09867254176199436,0.13541666666666669,-0.004556024208420177,2.2275520647477481e-10,0.12906612477482407,0.0026385641605714233,-0.007681575869109149
1770791449.2889185,1.225410403423905,0.0,0.021859223454594602,1.2307017924571038,0.0,0.09867254176199436,0.13541666666666669,-0.005407037210815879,1.0071247600053859e-10,0.13171933780536269,0.0009147812185703152,-0.00432709771443303
1770791449.7074678,1.2255662317639586,0.0,0.021859223454594602,1.2307017924571038,0.0,0.09867254176199436,0.125,-0.004725766668489805,4.553430190332126e-11,0.1214931246122631,-0.0022414085041627006,-0.004943198634858708
1770791450.1349607,1.2257144765281673,0.0,0.021859223454594602,1.2307017924571038,0.0,0.09867254176199436,0.125,-0.004008251279460674,1.6881379947858786e-11,0.12413209987080359,-0.002107980382130064,-0.0019352331409053939
1770791450.549556,1.2258670351856944,0.0,0.021859223454594602,1.2307017924571038,0.0,0.09867254176199436,0.11458333333333333,-0.00040173613121683707,7.632439213254622e-12,0.11066794437359727,-0.003002279553705719,-0.005505958657562705
1770791450.963801,1.2260025372469423,0.0,0.021859223454594602,1.2307017924571038,0.0,0.09867254176199436,0.11458333333333333,-0.0006932563196128122,3.4507918501896953e-12,0.1105984274383886,-0.001204262917154857,-0.0047668390189026365
1770791451.3993998,1.2260025372469423,0.0,0.021859223454594602,1.2307017924571038,0.0,0.09867254176199436,0.10416666666666666,0.003490327696661535,1.5601780847014212e-12,0.10632896729103061,-0.0012478345803927828,-0.0027905750816642283
1770791451.8119419,1.2260025372469423,0.0,0.021859223454594602,1.2307017924571038,0.0,0.09867254176199436,0.10416666666666666,0.003745315398407885,7.053904615686357e-13,0.10337149058147646,-0.0015426346003947346,-0.0015959733877404544
1770791452.2319353,1.2260025372469423,0.0,0.021859223454594602,1.2307017924571038,0.0,0.09867254176199436,0.09375,0.0079596317878931,2.6151634911673165e-13,0.0954658849849973,0.0005236470819653009,-0.0021843366940852028
1770791452.649843,1.2260025372469423,0.0,0.021859223454594602,1.2307017924571038,0.0,0.09867254176199436,0.10416666666666666,0.007503360707970358,1.1823723203143117e-13,0.10500244836708239,0.002796682394708058,-0.0024614264289849193
1770791453.0701103,1.2260025372469423,0.0,0.021859223454594602,1.2307017924571038,0.0,0.09867254176199436,0.09375,0.012079369642896893,5.345762544357904e-14,0.1048056755300498,0.002374054436776244,-0.012284965544204371
1770791453.4839673,1.2260025372469423,0.0,0.021859223454594602,1.2307017924571038,0.0,0.09867254176199436,0.09375,-0.01812643413804253,0.07267824000002417,0.013847080939444742,0.08615257918117086,-0.09501794112556806
1770791453.9023147,1.2260025372469423,0.0,0.021859223454594602,1.2307017924571038,0.0,0.09867254176199436,0.09375,-0.014725960019162872,-0.3,0.015340543111849337,0.004997096018811574,-0.2390235532137924
1770791454.322737,1.2255796949136255,0.0,0.021859223454594602,1.2307017924571038,0.0,0.09873394549250603,0.019999999999999993,-1.0,-0.3,0.05794050062606869,-0.04019754012651782,-0.1723611941773427
1770791454.7329519,1.2255796949136255,0.0,0.021859223454594602,1.2307017924571038,0.0,0.09879996579289436,0.125,0.05091103532034858,-0.38518295376333517,0.024376091428319605,-0.12356585236065824,-0.23976929049643292
1770791455.1489775,1.2252604526138304,0.0,0.021859223454594602,1.2307017924571038,0.0,0.09885855610609055,0.13541666666666669,0.05181391153336316,-0.1741495949774777,0.10198740693994011,-0.09300723246647852,-0.07705630297164413
1770791455.5589058,1.2252604526138304,0.0,0.021859223454594602,1.2307017924571038,0.0,0.09885855610609055,0.14583333333333334,0.05567694703049599,-0.07873682138450439,0.1083141383274986,-0.06654116010984922,-0.046263632878825255
1770791455.9716,1.2252604526138304,0.0,0.021800065805912008,1.2307017924571038,0.0,0.09885855610609055,0.13541666666666669,0.05333648102474781,-0.03559863026116776,0.11832479197460274,-0.04003849517111478,-0.021962073640910896
1770791456.3896203,1.22541476131618,0.0,0.021747164892554273,1.2307017924571038,0.0,0.09885855610609055,0.125,0.054288557287471034,-0.01609491536726843,0.11807428577450216,-0.018650822793074142,-0.010342435176204763
1770791456.824975,1.2255632721984386,0.0,0.021747164892554273,1.2307017924571038,0.0,0.09885855610609055,0.11458333333333333,0.0528619519349087,-0.00727686146290045,0.11283184220527763,-0.0021353840679006935,-0.005973773698072922
1770791457.239876,1.2255632721984386,0.0,0.021747164892554273,1.2307017924571038,0.0,0.09885855610609055,0.10416666666666666,0.0537947241081904,-0.0026978224777438357,0.10124609207215551,0.006955875306464671,-0.008656549424051934
1770791457.6574519,1.2255632721984386,0.0,0.021747164892554273,1.2307017924571038,0.0,0.09885855610609055,0.09375,0.04270059642587263,-0.001219744246805104,0.10201722193045301,0.014013905600807687,-0.016589849883693705
1770791458.0825155,1.2255632721984386,0.0,0.021747164892554273,1.2307017924571038,0.0,0.09885855610609055,0.09375,0.044406564330613116,-0.000551472915615398,0.09191630670551547,0.019460404576485294,-0.012384281938102638
1770791458.4969027,1.2255632721984386,0.0,0.021747164892554273,1.2307017924571038,0.0,0.09885855610609055,0.019999999999999993,-1.0,-0.3,0.07699157676522,0.004768716723421309,-0.21084510391223707
1770791458.9087362,1.2255632721984386,0.0,0.021747164892554273,1.2307017924571038,0.0,0.09893141510069371,0.11458333333333333,0.07658184327582189,0.020430451243072002,0.06700109387221011,-0.04782215374515258,-0.0869676290020929
1770791459.3215551,1.2257279802006482,0.0,0.021669669651389112,1.2307017924571038,0.0,0.09893141510069371,0.125,0.08207579845344665,0.052794945450729644,0.11766421915628546,-0.050475105341336014,-0.05923610139936572
1770791459.73073,1.2260216455882786,0.0,0.021589180533885945,1.2307017924571038,0.0,0.09893141510069371,0.10416666666666666,0.08055696847577508,0.06996638723357554,0.11565572058124977,-0.02109551576848835,-0.059957964372899825
1770791460.1458952,1.2262947151190042,0.0,0.021525279865264882,1.2307017924571038,0.0,0.09893141510069371,0.09375,0.067313250508322,0.06905947524215822,0.10478777711109634,0.002579362250959223,-0.04664532140864059
1770791460.558523,1.226513092868328,0.0,0.021474617984890927,1.2307017924571038,0.0,0.09893141510069371,0.09375,0.06659147208141827,0.06795124205837716,0.09295621448806869,0.015571065227285208,-0.028283044225109882
1770791460.9691257,1.2266878223007918,0.0,0.021427858112454404,1.2307017924571038,0.0,0.09893141510069371,0.09375,0.06969327268177747,-0.19598763504381253,0.040132079212163364,0.006431214233741009,-0.15574133052596784
1770791461.3764005,1.2264292202675342,0.0,0.021427858112454404,1.2307017924571038,0.0,0.09893141510069371,0.09375,0.0745738426526993,-0.3,0.0479907600582241,-0.024266075500472484,-0.18669593116496097
1770791461.7925868,1.226103289643526,0.0,0.021427858112454404,1.2307017924571038,0.0,0.09898892728924752,0.10416666666666666,0.08433404786300658,-0.10610617754367281,0.12422870425811786,-0.03265415507033012,-0.05762685678510831
1770791462.2190516,1.226103289643526,0.0,0.021427858112454404,1.2307017924571038,0.0,0.09898892728924752,0.09375,0.08669080783107656,0.00040700687762970644,0.12378475004675506,-0.016600783719151004,-0.040143982480263324
1770791462.640572,1.2262943518620728,0.0,0.021427858112454404,1.2307017924571038,0.0,0.09898892728924752,0.019999999999999993,-1.0,-0.14108188691086948,0.11042808471889541,0.004950004431744323,-0.16559910920529186
1770791463.0639899,1.2262943518620728,0.0,0.021427858112454404,1.2307017924571038,0.0,0.09898892728924752,0.22916666666666674,0.1155486890509388,-0.11697549240385756,0.04816225041960424,-0.056810990173468155,-0.21726276682277845
1770791463.4742665,1.2262943518620728,0.0,0.021340482246279706,1.2307017924571038,0.0,0.09898892728924752,0.21875000000000006,0.12445389171338163,0.012543547833901339,0.242250671013011,-0.06708170702097838,-0.06434037012520183
1770791463.893562,1.226727207031846,0.0,0.021257811607718457,1.2307017924571038,0.0,0.09898892728924752,0.2083333333333334,0.11713443311345026,0.07229109941671923,0.22844244499565017,-0.034020196473490145,-0.07657091066217028
1770791464.314869,1.2271636810594797,0.0,0.021174279545545568,1.2307017924571038,0.0,0.09898892728924752,0.19791666666666674,0.11587523837457298,0.09620068687399845,0.20130921048180683,-0.0007579542334211067,-0.05519808859285678
1770791464.7454138,1.227537612131238,0.0,0.02109709036052226,1.2307017924571038,0.0,0.09898892728924752,0.19791666666666674,0.11394003721342412,0.10961839137531386,0.19288653363970074,0.025675451125705604,-0.0496449436876828
1770791465.1640441,1.227871875810027,0.0,0.021026645745635023,1.2307017924571038,0.0,0.09898892728924752,0.25,0.17754520195025936,0.14996882643758463,0.21868135846070358,0.06114154044444265,-0.07927889346774113
1770791465.585649,1.2282185045474767,0.0,0.020947985878586758,1.2307017924571038,0.0,0.09891286346793175,0.25,0.16986096026862932,0.15433928385719312,0.2430922130917418,0.09094572868760907,-0.041584983317366854
1770791466.0095828,1.2285617287248372,0.0,0.02088812415540217,1.2307017924571038,0.0,0.09884058834195138,0.25,0.15779397228648304,0.15737759864564907,0.2503531934676552,0.11397482480491307,-0.024357489999753623
1770791466.4268978,1.2288830942720173,0.0,0.020840210396647442,1.2307017924571038,0.0,0.09877127151548863,0.25,0.12870098911962774,0.14216633025297734,0.24920052143842858,0.12561709444202254,-0.010238323430759767
1770791466.8517983,1.229164456399083,0.0,0.020840210396647442,1.2307017924571038,0.0,0.09870782778799535,0.25,0.12476132302038573,0.13318701380832842,0.24532990272408717,0.12373374298806378,-0.009585067831441033
1770791467.2752128,1.229431163461804,0.0,0.020840210396647442,1.2307017924571038,0.0,0.09864643182516099,0.25,0.11967900495826692,0.12640138848456112,0.24913030216203003,0.1205775942951759,-0.0040972098019513735
1770791467.6853414,1.2297006254965064,0.0,0.020840210396647442,1.2307017924571038,0.0,0.098586363260746,0.25,0.117036325801619,0.1215808952554346,0.2490027211797167,0.11820512115078283,-0.002922413187048496
1770791468.1088023,1.2299676243460176,0.0,0.020840210396647442,1.2307017924571038,0.0,0.09852719485104085,0.25,0.11159302501989768,0.11673833915326477,0.24743800253885193,0.11601804762030629,-0.0031408505806749683
1770791468.522867,1.2302294535917042,0.0,0.020840210396647442,1.2307017924571038,0.0,0.09852719485104085,0.25,0.10700573685647144,0.11187730088357643,0.2509640056196754,0.11240818101020146,-0.0015904323439984089
1770791468.9408762,1.2304968058812618,0.0,0.020840210396647442,1.2307017924571038,0.0,0.09852719485104085,0.25,0.10054206952116855,0.10607062116850523,0.2474801483052295,0.10769948339354585,-0.00380515256895638
1770791469.3523462,1.230758756840229,0.0,0.020840210396647442,1.2307017924571038,0.0,0.09852719485104085,0.25,0.09508516915506256,0.10111039280251109,0.24686080632781573,0.10513706689970943,-0.005408772370167077
1770791469.7659922,1.2310175331312416,0.0,0.020840210396647442,1.2307017924571038,0.0,0.09852719485104085,0.25,0.08978666430780632,0.09560806835873066,0.24960619915055046,0.09960308796312882,-0.002944708545306679
1770791470.1850457,1.2312829191631076,0.0,0.020840210396647442,1.2307017924571038,0.0,0.09852719485104085,0.25,0.08605384363222104,0.09016207622284218,0.2454570186309151,0.09330552816679909,-0.006744463320696328
1770791470.6067057,1.2315448756742475,0.0,0.020840210396647442,1.2307017924571038,0.0,0.09852719485104085,0.25,0.08617333627960953,0.08811151124318613,0.24843550381445292,0.09178685494658907,-0.00355403535926955
1770791471.0271451,1.231811621006727,0.0,0.020840210396647442,1.2307017924571038,0.0,0.09852719485104085,0.25,0.08808125448159276,0.08769147070645872,0.24763768450460477,0.08869435988490097,-0.0031730095907851657
1770791471.446229,1.2320816460478303,0.0,0.020840210396647442,1.2307017924571038,0.0,0.09852719485104085,0.25,0.09124071938793821,0.08923745382298887,0.2491355965888042,0.08767596365526054,-0.0017469881180240219
1770791471.8594325,1.2323578299772737,0.0,0.020840210396647442,1.2307017924571038,0.0,0.09852719485104085,0.25,0.129631155376032,0.10375003957262094,0.24761681485622145,0.08866472854121701,-0.010024717148076165
1770791472.2723057,1.2326485344314573,0.0,0.020795095372796047,1.2307017924571038,0.0,0.09852719485104085,0.25,0.1322990278404137,0.11879807996640603,0.25316930879205635,0.09437483771305163,-0.015951940835917004
1770791472.6883752,1.2329580486166476,0.0,0.02074965817809104,1.2307017924571038,0.0,0.09852719485104085,0.25,0.13491782813769979,0.12690566637018874,0.25152437132716576,0.10160262058508385,-0.014898672506921432
1770791473.1148813,1.2332632947421072,0.0,0.02074965817809104,1.2307017924571038,0.0,0.09846389464318753,0.25,0.14094429107154474,0.13299274728680927,0.24691976163363347,0.10859692987305428,-0.01597757800204107
1770791473.5473695,1.233557284119129,0.0,0.02074965817809104,1.2307017924571038,0.0,0.09840007544398308,0.25,0.10705886924017392,0.11468297882403111,0.24681252515406793,0.11879434590904026,-0.006262899992035239
1770791473.961485,1.2338108244699237,0.0,0.02074965817809104,1.2307017924571038,0.0,0.09840007544398308,0.25,0.12720859551889024,0.11788380360175325,0.24900121041941817,0.11898607222570727,-0.0015690965242255426
1770791474.376609,1.2340717748147247,0.0,0.02074965817809104,1.2307017924571038,0.0,0.09840007544398308,0.25,0.16156827477677174,0.13383619554385265,0.2457761267807351,0.12300137658499445,-0.010042813134622717
1770791474.8204548,1.2343412520253656,0.0,0.02074965817809104,1.2307017924571038,0.0,0.09833838854730129,0.25,0.20307176679970376,0.1645610964779929,0.2444077490570477,0.1364531395147897,-0.02099140571753342
1770791475.2403374,1.2346253545761106,0.0,0.02074965817809104,1.2307017924571038,0.0,0.09827076120674609,0.0,0.5,0.3,0.11589578840929991,0.1886915194897458,-0.17677386666192263
1770791475.6618927,1.2346253545761106,0.0,0.02074965817809104,1.2307017924571038,0.0,0.09821228231251239,0.0,0.5,0.3,-0.014725127031919966,0.24530620640658723,-0.047733492520310485
1770791476.0733395,1.2346253545761106,0.0,0.02074965817809104,1.2307017924571038,0.0,0.0981629130476713,0.0,0.5,0.3,-0.010208640493190806,0.2949919462441244,-0.01768124135488232
1770791476.4889903,1.2346253545761106,0.0,0.02074965817809104,1.2307017924571038,0.0,0.0981629130476713,0.0,0.5,0.3,-0.004918685189144255,0.24115859418817728,-0.03972272330065032
1770791476.9318786,1.2346253545761106,0.0,0.02074965817809104,1.2307017924571038,0.0,0.09811276401638983,0.0,0.5,0.3,-0.004674350096910552,0.18601335849009212,-0.067182194421673
1770791477.3550668,1.2346253545761106,0.0,0.02074965817809104,1.2307017924571038,0.0,0.098053273897171,0.0,0.5,0.3,-0.0031612878887297127,0.14350913951463246,-0.08565714002895945
1770791477.7729208,1.2346253545761106,0.0,0.02074965817809104,1.2307017924571038,0.0,0.09798682426631448,0.0,0.5,0.3,-0.0024967776310234084,0.11397414742629358,-0.0984632031267105
1770791478.187231,1.2346253545761106,0.0,0.02074965817809104,1.2307017924571038,0.0,0.09791569151997565,0.0,0.5,0.3,-0.0019377924051852844,0.09057260632630387,-0.1089916433520323
1770791478.6015728,1.2346253545761106,0.0,0.02074965817809104,1.2307017924571038,0.0,0.0978409460955858,0.0,0.5,0.3,-0.001628052481978966,0.0698410741496289,-0.11878066862483201
1770791479.0165694,1.2346253545761106,0.0,0.02074965817809104,1.2307017924571038,0.0,0.0977630771422386,0.0,0.5,0.3,-0.001263326380352665,0.05552249879552471,-0.12493393451800072
1770791479.4352822,1.2346253545761106,0.0,0.02074965817809104,1.2307017924571038,0.0,0.09768309528946875,0.0,0.5,0.3,-0.0009802651635453378,0.043972535313896007,-0.1301489938547602
1770791479.8618622,1.2346253545761106,0.0,0.02074965817809104,1.2307017924571038,0.0,0.09760143625140189,0.0,0.5,0.3,-0.0006530151398981316,0.033900652990915575,-0.13470987687673838
1770791480.2762744,1.2346253545761106,0.0,0.02074965817809104,1.2307017924571038,0.0,0.09751833513975142,0.0,0.5,0.3,-0.000512708693211579,0.026794601771425088,-0.13782601292944807
1770791480.6942794,1.2346253545761106,0.0,0.02074965817809104,1.2307017924571038,0.0,0.09743422780811785,0.0,0.5,0.3,-0.00042865266599120236,0.02063026194902052,-0.1407299556737214
1770791481.123452,1.2346253545761106,0.0,0.02074965817809104,1.2307017924571038,0.0,0.09734925524413583,0.0,0.5,0.3,-0.00033310695315095926,0.01626241109022733,-0.1426386864939166
1770791481.5403163,1.2346253545761106,0.0,0.02074965817809104,1.2307017924571038,0.0,0.09726367416203019,0.0,0.5,0.3,-0.00025709190477268655,0.012909595372196542,-0.14413757579047748
1770791481.9548602,1.2346253545761106,0.0,0.02074965817809104,1.2307017924571038,0.0,0.09717762848913666,0.0,0.5,0.3,-0.0001743394251194332,0.009920105677358989,-0.1455132355559237
1770791482.3704157,1.2346253545761106,0.0,0.02074965817809104,1.2307017924571038,0.0,0.09709117046415802,0.0,0.5,0.3,-0.00013552866142303832,0.007806598491407305,-0.14644358013431455
1770791482.7894928,1.2346253545761106,0.0,0.02074965817809104,1.2307017924571038,0.0,0.09700442187011238,0.25,-0.051095132797521994,0.2585908849594472,0.08032104492815807,0.002736107357990527,-0.29811339298591194
1770791483.2243361,1.234973341938257,0.0,0.02061471970603465,1.2310198582863807,0.0,0.09689454200208183,0.25,-0.05482608461964963,0.09586994414281469,0.25355452649674987,0.00023150538197164232,-0.05162420607477328
1770791483.656018,1.2354064786434171,0.0,0.0205309120522499,1.2310198582863807,0.0,0.09689454200208183,0.25,-0.09207338783285236,-0.00402637821043841,0.2545692971807912,-0.017314186255499922,-0.0129677703670691
1770791484.0736413,1.2357445326054093,0.0,0.020467907885169976,1.2310198582863807,0.0,0.09689454200208183,0.25,-0.11673813455430529,-0.06152398591261053,0.2526921134774825,-0.03716330930953096,-0.016857364084425383
1770791484.4997444,1.2360369579756256,0.0,0.020412008256769174,1.2310198582863807,0.0,0.09689454200208183,0.25,-0.17119157231017407,-0.11872423090631476,0.2515691998156168,-0.057968346723886656,-0.03402764564826644
1770791484.948161,1.2362857398730513,0.0,0.020363012462711327,1.2310198582863807,0.0,0.09689454200208183,0.25,-0.22242755567262779,-0.16641377768751203,0.2506853675151888,-0.090381079845905,-0.041942989748194125
1770791485.3701153,1.2365229792219397,0.0,0.020312486645436282,1.2310198582863807,0.0,0.09689454200208183,0.25,-0.2753564491836844,-0.21706244830307211,0.24788608701411935,-0.12858408288163845,-0.05017339600017083
1770791485.7815964,1.2367507712835069,0.0,0.02025813446924686,1.2310198582863807,0.0,0.09689454200208183,0.25,-0.31886924258837124,-0.26609001973286955,0.2537835598755935,-0.16073296871545356,-0.059676973967682984
1770791486.1979284,1.2369755456829066,0.0,0.020211670264782426,1.2310198582863807,0.0,0.09689454200208183,0.23958333333333343,-0.3558632474045091,-0.3164985796569516,0.2518401154019264,-0.18778756119498724,-0.07931775054752854
1770791486.619922,1.2371780821985001,0.0,0.02017356961712159,1.2310198582863807,0.0,0.09689454200208183,0.21875000000000006,-0.3655062721423701,-0.3421586214799278,0.23435766962576962,-0.22869465144694323,-0.07643036366745745
1770791487.0440304,1.2373931236392255,0.0,0.0201423270860397,1.2310198582863807,0.0,0.09689454200208183,0.2083333333333334,-0.3655859801731739,-0.3548908458074748,0.21825494724780276,-0.261888591797077,-0.059742134954681635
1770791487.469309,1.2376229480856653,0.0,0.020116708210552555,1.2310198582863807,0.0,0.09689454200208183,0.18750000000000006,-0.36467288292339234,-0.36073591812283,0.19627093824082073,-0.27934569460223757,-0.05121176028163295
1770791487.8810353,1.2378457607656714,0.0,0.020095700732653096,1.2310198582863807,0.0,0.09689454200208183,0.19791666666666674,-0.35802455978529313,-0.36066573813511393,0.19076274021074788,-0.2976081251225306,-0.040508976014239834
1770791488.2996876,1.23808464639008,0.0,0.02007847460077554,1.2310198582863807,0.0,0.09689454200208183,0.2083333333333334,-0.3522446628278851,-0.3571415203314147,0.19556292209192624,-0.3107164632144446,-0.037293773609083605
1770791488.7231743,1.2383527731353041,0.0,0.020064349172635942,1.2310198582863807,0.0,0.09689454200208183,0.21875000000000006,-0.34827207044193176,-0.3529762874111573,0.20980602787251942,-0.31306495546605906,-0.029134487325191184
1770791489.1390045,1.2386491512018438,0.0,0.02005276632156147,1.2310198582863807,0.0,0.09689454200208183,0.19791666666666674,-0.3417911866409546,-0.3478814828931861,0.21385246518501563,-0.3260016641315731,-0.02816937876570679
1770791489.5562556,1.238988340542912,0.0,0.020043268383680406,1.2310198582863807,0.0,0.09689454200208183,0.15625000000000003,-0.3335406705002714,-0.3415728132012116,0.16579752857084393,-0.333332190663558,-0.014400892492869171
1770791489.9863718,1.2392867922252413,0.0,0.020035480074617935,1.2310198582863807,0.0,0.09689454200208183,0.13541666666666669,-0.32085454863277085,-0.33094284359776416,0.1454068675693278,-0.33024585327734696,-0.010647329801490824
1770791490.4081085,1.2395699078088995,0.0,0.020029093661186707,1.2310198582863807,0.0,0.09689454200208183,0.125,-0.3117937684480631,-0.32213581387970486,0.13364476661990038,-0.32296361803156404,-0.009786892220408261
1770791490.8578346,1.239838181582093,0.0,0.0200238568021731,1.2310198582863807,0.0,0.09689454200208183,0.11458333333333333,-0.3019595664944015,-0.3129843746219057,0.12622805635713447,-0.3206289528036863,-0.015700478637479212
1770791491.2812757,1.2401071673691269,0.0,0.02001956257778194,1.2310198582863807,0.0,0.09689454200208183,0.11458333333333333,-0.2866650748029862,-0.301427823271012,0.1080283804679028,-0.3337325743148016,-0.024017690538436866
1770791491.6970332,1.2403825595748421,0.0,0.020016041313781194,1.2310198582863807,0.0,0.09689454200208183,0.09375,-0.27323578409271687,-0.28592007807343234,0.09829626936335906,-0.321087275412302,-0.023394397923043837
1770791492.1253283,1.2406512208414076,0.0,0.020013153877300578,1.2310198582863807,0.0,0.09689454200208183,0.11458333333333333,-0.2621811100345801,-0.27469337068890964,0.0921610437980117,-0.31412200507890303,-0.04283313376365822
1770791492.539761,1.2409044186794755,0.0,0.020010786179386474,1.2310198582863807,0.0,0.09689454200208183,0.10416666666666666,-0.2633627209052874,-0.26964049357820385,0.09744394394885171,-0.31161322589648893,-0.027959966795198896
1770791492.9563546,1.241173685583472,0.0,0.020008844667096907,1.2310198582863807,0.0,0.09689454200208183,0.09375,-0.25955641131303286,-0.2638279195612849,0.10492532276531216,-0.30402252572466015,-0.03203169586418268
1770791493.3698275,1.2414554541295766,0.0,0.020007252627019464,1.2310198582863807,0.0,0.09689454200208183,0.09375,-0.26300078746974465,-0.26188708535886784,0.09560641048691007,-0.2902704168513884,-0.017423287120497517
1770791493.8181813,1.2417019005739687,0.0,0.020005947154155962,1.2310198582863807,0.0,0.09689454200208183,0.10416666666666666,-0.26682066477161015,-0.2658769452378526,0.09694344474663226,-0.28188810932131253,-0.016067034714771947
1770791494.229275,1.2419269426202773,0.0,0.02000487666640789,1.2310198582863807,0.0,0.09689454200208183,0.10416666666666666,-0.2574991656946082,-0.2628152842973896,0.0929780928388265,-0.27344735800686376,-0.01734868581402211
1770791494.641206,1.2421355647355317,0.0,0.02000399886645447,1.2310198582863807,0.0,0.09689454200208183,0.09375,-0.2492586113769535,-0.2568237477687445,0.09702425079954624,-0.2702474083042798,-0.010306076037572281
1770791495.0617776,1.2423583806985616,0.0,0.020003279070492666,1.2310198582863807,0.0,0.09689454200208183,0.019999999999999993,-1.0,-0.3,0.06908151950337778,-0.28086244716765424,-0.05971179980588811
1770791495.479159,1.2423583806985616,0.0,0.020003279070492666,1.2310198582863807,0.0,0.09689454200208183,0.13541666666666669,-0.21091629022711705,-0.3197932881844558,0.0931937737371471,-0.28500544571575165,-0.0600311140186814
1770791495.8961267,1.2424958922761677,0.0,0.020002688837803987,1.2310198582863807,0.0,0.09689454200208183,0.19791666666666674,-0.20557177938203366,-0.25833601067304374,0.14982608412232765,-0.26237887720043535,-0.05237467265956653
1770791496.3405547,1.2427468395209311,0.0,0.02000220484699927,1.2310198582863807,0.0,0.09689454200208183,0.25,-0.20466733576200968,-0.228940474752433,0.21223557509296861,-0.24746302817546853,-0.048517286521045824
1770791496.7617981,1.2430938449692726,0.0,0.0200018079745394,1.2310198582863807,0.0,0.09689454200208183,0.25,-0.20831907013787163,-0.21669875245758705,0.2482096192070814,-0.23314568795900087,-0.011445582565272278
1770791497.1726649,1.2434932055711745,0.0,0.020001482539122307,1.2310198582863807,0.0,0.09689454200208183,0.25,-0.21038242324351983,-0.2134892684839619,0.2535397416828935,-0.22123462392327023,-0.00860352580612073
1770791497.5848072,1.243886594481468,0.0,0.02000121568208029,1.2310198582863807,0.0,0.09689454200208183,0.25,-0.21889249828148424,-0.21464657187013939,0.2516613150014414,-0.21648259817527846,-0.003054530728810112
1770791497.999736,1.2442678431236742,0.0,0.02000099685930584,1.2310198582863807,0.0,0.09689454200208183,0.25,-0.23037585386934187,-0.22148813456236893,0.25228596080512533,-0.22123323982393273,-0.002888472339208861
1770791498.4189308,1.2446486843490598,0.0,0.020000817424630786,1.2310198582863807,0.0,0.09689454200208183,0.25,-0.24106518851175587,-0.22748181129887524,0.2491869299103443,-0.22654532907410663,-0.0018125201270573932
1770791498.8401494,1.2450250265443323,0.0,0.020000670288197245,1.2310198582863807,0.0,0.09689454200208183,0.25,-0.25311900845167756,-0.24000873912201406,0.24669678915038862,-0.22237796724943085,-0.01253533296837057
1770791499.2529013,1.2453740455806255,0.0,0.02000054963632174,1.2310198582863807,0.0,0.09689454200208183,0.25,-0.2497467714119096,-0.24868986127526732,0.24922447472789236,-0.23817877139715385,-0.007611150625936677
1770791499.669494,1.2457409955275058,0.0,0.02000045070178383,1.2310198582863807,0.0,0.09689454200208183,0.25,-0.256218299645366,-0.2514055765848373,0.24459230689045583,-0.2543548752556131,-0.008499952830778004
1770791500.08581,1.2461224639070034,0.0,0.02000036957546274,1.2310198582863807,0.0,0.09689454200208183,0.25,-0.2687420217815568,-0.25868144339356486,0.2472795784815619,-0.25560274726479515,-0.004384556783741156
1770791500.5038822,1.2465007102239132,0.0,0.020000303051879446,1.2310198582863807,0.0,0.09689454200208183,0.25,-0.2982614556090971,-0.2809984828462366,0.24886181188518486,-0.2602618223800704,-0.011972425859425756
1770791500.9181535,1.2468594326555729,0.0,0.020000248502541146,1.2310198582863807,0.0,0.09689454200208183,0.25,-0.30335021600192114,-0.2925017568236733,0.24607853753736997,-0.26586216700135645,-0.01780129183591706
1770791501.355406,1.2472072380673884,0.0,0.02000020377208374,1.2310198582863807,0.0,0.09689454200208183,0.25,-0.29712100577691286,-0.2964494700523222,0.2497711305684458,-0.270176591094614,-0.013796751319734051
1770791501.7668505,1.2475626988148687,0.0,0.020000167093108666,1.2310198582863807,0.0,0.09689454200208183,0.25,-0.3032469812974371,-0.2991936636954795,0.24584906697528225,-0.2720831771443127,-0.017896834905271032
1770791502.1808167,1.2479111289346216,0.0,0.020000137016349107,1.2310198582863807,0.0,0.09689454200208183,0.25,-0.30720874933355125,-0.3034455004384595,0.24517327125119975,-0.27779306192975706,-0.01822393648169592
1770791502.5930402,1.2482618683719633,0.0,0.020000112353406267,1.2310198582863807,0.0,0.09689454200208183,0.25,-0.31121444045429,-0.30793364011414354,0.24725470165700736,-0.27452623412104116,-0.019775684120415422
1770791503.0081801,1.2486048677587507,0.0,0.02000009212979314,1.2310198582863807,0.0,0.09689454200208183,0.25,-0.3127483305891068,-0.31185622708572075,0.24786914605714194,-0.27724629590842803,-0.019707825710243106
1770791503.4301426,1.2489479782533643,0.0,0.020000075546430372,1.2310198582863807,0.0,0.09689454200208183,0.25,-0.3210781399774463,-0.31654312015101876,0.24947430179615496,-0.28905538976027095,-0.01545047278440324
1770791503.8408628,1.2493061748862264,0.0,0.020000061948072904,1.2310198582863807,0.0,0.09689454200208183,0.25,-0.3192704458698238,-0.31803275485152493,0.2466297869876263,-0.293479780358892,-0.01608913931855227
1770791504.271333,1.2496647400224206,0.0,0.02000005079741978,1.2310198582863807,0.0,0.09689454200208183,0.25,-0.31629582755120134,-0.3175503144988973,0.24732472990560042,-0.29593677402911456,-0.013727739696313213
1770791504.6826644,1.2500289400506017,0.0,0.02000004165388422,1.2310198582863807,0.0,0.09689454200208183,0.25,-0.3029225317753834,-0.3124733440085568,0.24596550275799386,-0.29731993780496113,-0.011749516721388631
1770791505.110677,1.250399811247587,0.0,0.02000003415618506,1.2310198582863807,0.0,0.09689454200208183,0.25,-0.29206118578079665,-0.30355375833217985,0.25057656106070514,-0.28904750506656396,-0.008656930967352799
1770791505.5295339,1.2507769597148892,0.0,0.02000002800807175,1.2310198582863807,0.0,0.09689454200208183,0.25,-0.2870693048941893,-0.29644746451646925,0.24840172040709266,-0.2904253432764439,-0.0047471240339080015
1770791505.9450505,1.2511621024417874,0.0,0.020000022966618836,1.2310198582863807,0.0,0.09689454200208183,0.25,-0.2951814738064109,-0.29224896099250375,0.2480723851047189,-0.29364378844746897,-0.002946873139866207
1770791506.3610616,1.2515572570395466,0.0,0.020000018832627448,1.2310198582863807,0.0,0.09689454200208183,0.25,-0.2898381683901329,-0.29204877438044424,0.2495761692656663,-0.29635789317437156,-0.002849800603987607
1770791506.781876,1.2519593303525445,0.0,0.020000015442754506,1.2310198582863807,0.0,0.09689454200208183,0.23958333333333343,-0.28437551493415913,-0.2888433893361882,0.24778301476571393,-0.2993850562848541,-0.013773231217761727
1770791507.2010944,1.2523718960809704,0.0,0.020000012663058696,1.2310198582863807,0.0,0.09689454200208183,0.21875000000000006,-0.2768102937337124,-0.28345623729058583,0.22906314025323146,-0.30763436948226647,-0.02322713766881296
1770791507.641385,1.2527831037318704,0.0,0.02000001038370813,1.2310198582863807,0.0,0.09689454200208183,0.19791666666666674,-0.2689467755830206,-0.2767306918668204,0.20874639822851396,-0.309545551401031,-0.02742827952082897
1770791508.0695872,1.2531822319149968,0.0,0.020000008514640667,1.2310198582863807,0.0,0.09689454200208183,0.18750000000000006,-0.26512460523019765,-0.2710375195067073,0.18237858862922063,-0.2937220337658308,-0.018046020263861196
1770791508.4873264,1.2535254362654682,0.0,0.020000006982005346,1.2310198582863807,0.0,0.09689454200208183,0.1666666666666667,-0.25667686070886847,-0.26378617951033706,0.1904761306328756,-0.29158349821472074,-0.03792197687351174
1770791508.9053924,1.253897133593559,0.0,0.020000005725244383,1.2310198582863807,0.0,0.09689454200208183,0.15625000000000003,-0.25970902252475775,-0.25911728842135373,0.15588140736252643,-0.28231850047530466,-0.012895698438390673
1770791509.3134763,1.2542077859580514,0.0,0.020000004694700393,1.2310198582863807,0.0,0.09689454200208183,0.14583333333333334,-0.25579647491858903,-0.256898037173104,0.15972828459658125,-0.2723007656886811,-0.022598088999698823
1770791509.726247,1.2545161588096616,0.0,0.02000000384965432,1.2310198582863807,0.0,0.09689454200208183,0.15625000000000003,-0.25079515814839237,-0.25451124512083956,0.15289417754491375,-0.2630561991841146,-0.008552756137180456
1770791510.1528175,1.254796822940111,0.0,0.020000003156716545,1.2310198582863807,0.0,0.09689454200208183,0.10416666666666666,-0.23220049673188928,-0.24339699660458422,0.09304543906713143,-0.25204366834577774,-0.01654581655396567
1770791510.5702448,1.2549964773792026,0.0,0.02000000258850757,1.2310198582863807,0.0,0.09689454200208183,0.15625000000000003,-0.24295318356205725,-0.2424841675817794,0.08830117686693764,-0.2503869507215868,-0.07206588646538517
1770791510.9856145,1.2551636654323337,0.0,0.020000002122576205,1.2310198582863807,0.0,0.09689454200208183,0.1666666666666667,-0.2854792714457063,-0.25541398273470706,0.14753129023669972,-0.24793287231352076,-0.023121339481366736
1770791511.4120493,1.2554048094069956,0.0,0.020000001740512488,1.2310198582863807,0.0,0.09689454200208183,0.1666666666666667,-0.22557059870705037,-0.23992407821149409,0.16375405806003732,-0.24674481675537294,-0.006441783434383605
1770791511.833948,1.255692116832733,0.0,0.02000000142722024,1.2310198582863807,0.0,0.09689454200208183,0.17708333333333337,-0.22098046226378365,-0.23060550328568832,0.16513341297723882,-0.24248330606175458,-0.01831497281348951
1770791512.2575433,1.2559827342545986,0.0,0.020000001170320598,1.2310198582863807,0.0,0.09689454200208183,0.18750000000000006,-0.21526886709690862,-0.22313015018499277,0.18479417422045555,-0.24196677446698672,-0.01217579108001827
1770791512.6691134,1.2563107228839399,0.0,0.02000000095966289,1.2310198582863807,0.0,0.09689454200208183,0.11458333333333333,-0.2120299736595478,-0.21749824099993392,0.15128962620657588,-0.23253452660986934,-0.045167660463921996
1770791513.0863202,1.2566067983651161,0.0,0.020000000786923572,1.2310198582863807,0.0,0.09689454200208183,0.09375,-0.20321619169689828,-0.2108306032568754,0.09543330063246647,-0.22637999909417822,-0.010073451302686994
1770791513.5002253,1.2568166381120682,0.0,0.02000000064527733,1.2310198582863807,0.0,0.09689454200208183,0.25,-0.19721619236096205,-0.20470399248962737,0.19669672152756804,-0.22303592788168886,-0.06280365328971164
1770791513.9104445,1.2571306927192212,0.0,0.02000000052912741,1.2310198582863807,0.0,0.09689454200208183,0.25,-0.2000368354439303,-0.20163612661213096,0.25369869875361256,-0.21667321461422082,-0.011853514081404296
1770791514.325827,1.257532606869936,0.0,0.020000000433884474,1.2310198582863807,0.0,0.09689454200208183,0.25,-0.20467435430323855,-0.20265393683464633,0.25344625850999036,-0.20613556969320296,-0.0062408394313704625
1770791514.7507071,1.2579160301935672,0.0,0.02000000035578527,1.2310198582863807,0.0,0.09689454200208183,0.25,-0.2072328379154891,-0.20472420903916103,0.24734245940396032,-0.20422961891703242,-0.0030954307347210303
1770791515.1623487,1.258283674017191,0.0,0.02000000029174392,1.2310198582863807,0.0,0.09689454200208183,0.22916666666666674,-0.21169004757493387,-0.20773426464207215,0.23185185362114114,-0.20391639319504892,-0.0046254452501843565
1770791515.5733466,1.2586304175961018,0.0,0.020000000239230015,1.2310198582863807,0.0,0.09689454200208183,0.2083333333333334,-0.21325648914687997,-0.21029096040464584,0.2112676794782215,-0.20506120117919308,-0.005663706556028905
1770791515.9871686,1.2589505853223801,0.0,0.020000000196168613,1.2310198582863807,0.0,0.09689454200208183,0.18750000000000006,-0.21569416916259768,-0.21309109573751997,0.19528630950649478,-0.2047309399090488,-0.011999413547744734
1770791516.4200122,1.259248913344145,0.0,0.02000000016085826,1.2310198582863807,0.0,0.09689454200208183,0.1666666666666667,-0.2082750029692943,-0.2124471030819959,0.17466024919531511,-0.20227101859227856,-0.013327616905184103
1770791516.8419507,1.2595185761743786,0.0,0.020000000131903773,1.2310198582863807,0.0,0.09689454200208183,0.15625000000000003,-0.22413992655617127,-0.2177682346214417,0.16253857399998423,-0.20212677691700764,-0.014123727019728322
1770791517.276033,1.2597649212151767,0.0,0.020000000108161095,1.2310198582863807,0.0,0.09689454200208183,0.15625000000000003,-0.22658929817246387,-0.22210093043836418,0.14066577238338934,-0.2069820890000971,-0.02362917954405317
1770791517.698333,1.2599764089113474,0.0,0.0200000000886921,1.2310198582863807,0.0,0.09689454200208183,0.14583333333333334,-0.2289681672979678,-0.22577369799593267,0.14911036370976766,-0.20845662858127734,-0.012083019041880003
1770791518.1090543,1.2602042586672306,0.0,0.020000000072727522,1.2310198582863807,0.0,0.09689454200208183,0.14583333333333334,-0.2311703029421962,-0.22797155507782788,0.14222871501024417,-0.21135909991218085,-0.012201093039003033
1770791518.5485754,1.2604222932118179,0.0,0.020000000059636567,1.2310198582863807,0.0,0.09689454200208183,0.14583333333333334,-0.24963814787206542,-0.23825196419923447,0.14401980379255527,-0.21453607353757306,-0.013989172234147996
1770791518.9701822,1.2606346721041204,0.0,0.020000000048901984,1.2310198582863807,0.0,0.09689454200208183,0.13541666666666669,-0.247574482059569,-0.24367931263269793,0.13476211679278338,-0.21815689579802772,-0.013777840517263875
1770791519.3852844,1.2608345748621226,0.0,0.020000000040099625,1.2310198582863807,0.0,0.09689454200208183,0.14583333333333334,-0.24603053754638024,-0.2453208455537598,0.1426590310079339,-0.2226345325324229,-0.014965222509507412
1770791519.8036904,1.26104850702703,0.0,0.020000000032881694,1.2310198582863807,0.0,0.09689454200208183,0.14583333333333334,-0.24412556530139617,-0.24505800989010892,0.13956326791669696,-0.2250824368511116,-0.016502642368003917
1770791520.2177913,1.2612616237306595,0.0,0.020000000026962988,1.2310198582863807,0.0,0.09689454200208183,0.14583333333333334,-0.2429296568277045,-0.24408818625102624,0.14503629152520636,-0.22608612399443723,-0.00989844165075405
1770791520.6334438,1.2614869775032997,0.0,0.02000000002210965,1.2310198582863807,0.0,0.09689454200208183,0.19791666666666674,-0.24181957880020005,-0.24347909189545455,0.188126676988792,-0.22235457617306387,-0.020725402321207405
1770791521.0534663,1.261756716390252,0.0,0.020000000018129915,1.2310198582863807,0.0,0.09689454200208183,0.19791666666666674,-0.250678401820387,-0.24578159602266414,0.19845924304565923,-0.2150445428055296,-0.016642106324313195
1770791521.4646413,1.2620286750680207,0.0,0.02000000001486653,1.2310198582863807,0.0,0.09689454200208183,0.25,-0.2586826270860326,-0.25113081850477154,0.24177028765667435,-0.222619131813222,-0.02324301458986966
1770791521.8753786,1.2623551406639812,0.0,0.020000000012190555,1.2310198582863807,0.0,0.09689454200208183,0.25,-0.2637009310115782,-0.25742220890560513,0.24916096036173205,-0.23320432062151533,-0.014006502661142187
1770791522.2903988,1.2627024593514202,0.0,0.020000000009996254,1.2310198582863807,0.0,0.09689454200208183,0.25,-0.276641775078869,-0.26819186083255736,0.24946601472185045,-0.23238493908991315,-0.01851938430263187
1770791522.7036495,1.2630346222811935,0.0,0.02000000000819693,1.2310198582863807,0.0,0.09689454200208183,0.25,-0.2907131679412083,-0.27835142506256605,0.24849724922559252,-0.23910476638555692,-0.021798062842476422
1770791523.1190228,1.2633624411910769,0.0,0.02000000000672148,1.2310198582863807,0.0,0.09689454200208183,0.25,-0.2995873499314836,-0.28958105136146134,0.25305489905321177,-0.24481864042127655,-0.02600749192687613
1770791523.5471704,1.2636919589370486,0.0,0.020000000005511616,1.2310198582863807,0.0,0.09689454200208183,0.25,-0.3122788691046099,-0.3002008769485638,0.25122219371529225,-0.24746246418705303,-0.027855782472625278
1770791523.965155,1.2640085134702916,0.0,0.020000000004519524,1.2310198582863807,0.0,0.09689454200208183,0.25,-0.2943644573576621,-0.30104523490856,0.24945319204016067,-0.2858724013363129,-0.011974218460888858
1770791524.3988943,1.264382160302996,0.0,0.020000000003706008,1.2310198582863807,0.0,0.09689454200208183,0.25,-0.29468707196001903,-0.2969320720359154,0.24716203520239222,-0.30569014200113215,-0.009198773846698094
1770791524.8227673,1.2647884380108112,0.0,0.020000000003038927,1.2310198582863807,0.0,0.09689454200208183,0.25,-0.29593927939995507,-0.2963092472709128,0.2472776752500414,-0.3139667924291745,-0.012378762371893698
1770791525.2444735,1.2652084958249326,0.0,0.02000000000249192,1.2310198582863807,0.0,0.09689454200208183,0.25,-0.31598521476872965,-0.30261463702444197,0.25076395281871944,-0.31377864712204223,-0.006364772398232799
1770791525.6573966,1.2656256422728296,0.0,0.020000000002043376,1.2310198582863807,0.0,0.09689454200208183,0.25,-0.31365310421755727,-0.30910682813055895,0.24740955103227902,-0.3132966597233723,-0.0047335635039946426
1770791526.0724823,1.266028172602057,0.0,0.02000000000167557,1.2310198582863807,0.0,0.09689454200208183,0.25,-0.2999578992622615,-0.3085773352334571,0.24621933355529566,-0.3121879820802892,-0.005696857632428704
1770791526.4890115,1.2664277616959807,0.0,0.020000000001373967,1.2310198582863807,0.0,0.09689454200208183,0.25,-0.3011506844149326,-0.30358575053432685,0.25109686634924167,-0.30609621608367993,-0.002961275723579132
1770791526.9014952,1.2668323019117114,0.0,0.020000000001126655,1.2310198582863807,0.0,0.09689454200208183,0.25,-0.3006653682150519,-0.30196836007541034,0.24605713960816966,-0.30448938471573045,-0.005364055848785343
1770791527.3242064,1.2672283400291202,0.0,0.02000000000092386,1.2310198582863807,0.0,0.09689454200208183,0.25,-0.3108125643076333,-0.3044495218094262,0.2494941151130956,-0.30188001682257937,-0.002051574169642917
1770791527.7384982,1.267622614519,0.0,0.020000000000757565,1.2310198582863807,0.0,0.09689454200208183,0.25,-0.31060645189590397,-0.3077269939719524,0.24791759621377835,-0.30341449535616616,-0.004392100947473459
1770791528.1578462,1.2680124274116753,0.0,0.0200000000006212,1.2310198582863807,0.0,0.09689454200208183,0.25,-0.30806710557794503,-0.3080836473217705,0.24902842639318085,-0.29641685563167025,-0.0075047334243188765
1770791528.5719216,1.2683926423197984,0.0,0.020000000000509385,1.2310198582863807,0.0,0.09689454200208183,0.25,-0.3087760480989042,-0.3087218063631205,0.24814920697084575,-0.2924191522064029,-0.01040189045003979
1770791528.9872572,1.2687643219453095,0.0,0.020000000000417694,1.2310198582863807,0.0,0.09689454200208183,0.25,-0.3041664744436732,-0.30698055351660747,0.25119264865288354,-0.2946439754332096,-0.007583420017263154
1770791529.4039254,1.2691467223495243,0.0,0.020000000000342508,1.2310198582863807,0.0,0.09689454200208183,0.25,-0.2880627214212734,-0.301216845498735,0.24561199528245628,-0.293872583627885,-0.00813727483350119
1770791529.8211708,1.2695264593845603,0.0,0.020000000000280856,1.2310198582863807,0.0,0.09689454200208183,0.25,-0.2876368943436324,-0.2874584396601208,0.2484506122516711,-0.2848209191386897,-0.0037733144579640055
1770791530.2327487,1.269914728515744,0.0,0.020000000000230302,1.2310198582863807,0.0,0.09689454200208183,0.25,-0.2843098757565788,-0.2862582568202117,0.24686149544421548,-0.2845362944190925,-0.00402794822830384
1770791530.6509848,1.2703015520864722,0.0,0.02000000000018885,1.2310198582863807,0.0,0.09689454200208183,0.25,-0.28141136749337453,-0.2815782864494555,0.2468305458715572,-0.28256706110084695,-0.003860764785963089
1770791531.0701811,1.2706913909214732,0.0,0.020000000000154856,1.2310198582863807,0.0,0.09689454200208183,0.25,-0.27945810337694843,-0.28073153809278756,0.24935095567585233,-0.2791762219786733,-0.0017657862934221558
1770791531.489941,1.2710811167496439,0.0,0.020000000000126982,1.2310198582863807,0.0,0.09689454200208183,0.25,-0.27430478062749664,-0.27768825929820934,0.24758701441974781,-0.2797161621827151,-0.003480931042909252
1770791531.9563715,1.2714728253954646,0.0,0.020000000000104125,1.2310198582863807,0.0,0.09689454200208183,0.25,-0.2682704919996983,-0.273254469362754,0.24651555609327422,-0.2859550964267549,-0.010458650863130197
1770791532.370956,1.2718783538979288,0.0,0.020000000000085384,1.2310198582863807,0.0,0.09689454200208183,0.21875000000000006,-0.2635643829333779,-0.26881072226011615,0.24826379987554298,-0.28716540370419325,-0.03881217132532531
1770791532.78767,1.2723077905386682,0.0,0.020000000000070014,1.2310198582863807,0.0,0.09689454200208183,0.18750000000000006,-0.2570394285636251,-0.26303458251239265,0.2269385838188825,-0.2884845652412126,-0.052295491336994335
1770791533.229834,1.2727258360844846,0.0,0.020000000000057413,1.2310198582863807,0.0,0.09689454200208183,0.17708333333333337,-0.2508403441065414,-0.257275950922789,0.18033903676773438,-0.28069982976099733,-0.015746116401526712
1770791533.6601777,1.2730677445095773,0.0,0.020000000000047077,1.2310198582863807,0.0,0.09689454200208183,0.1666666666666667,-0.2436932921464907,-0.25277490638044464,0.1518857398371281,-0.2759769933166546,-0.026854253942077855
1770791534.0826926,1.2733654573506112,0.0,0.020000000000038605,1.2310198582863807,0.0,0.09689454200208183,0.14583333333333334,-0.2467053137397016,-0.2504604295245602,0.14261917316514314,-0.2694495817752915,-0.013361477447692154
1770791534.5029223,1.2736493493050332,0.0,0.020000000000031656,1.2310198582863807,0.0,0.09689454200208183,0.13541666666666669,-0.2427666902550077,-0.2470135821515075,0.14343843182117116,-0.2607849938608243,-0.015773929800609602
1770791534.9160666,1.2739296806591744,0.0,0.02000000000002596,1.2310198582863807,0.0,0.09689454200208183,0.14583333333333334,-0.23701023266877191,-0.239327892603168,0.0908638029977967,-0.25150443850832144,-0.061985858823363646
1770791535.3494205,1.2741119328027959,0.0,0.020000000000021285,1.2310198582863807,0.0,0.09689454200208183,0.10416666666666666,-0.21295016805656905,-0.2279821804044125,0.08847506074527722,-0.2471121423000879,-0.025695816490050486
1770791535.7665713,1.2743165807694192,0.0,0.020000000000017455,1.2310198582863807,0.0,0.09689454200208183,0.1666666666666667,-0.22847389199619533,-0.2291353634656158,0.16339299646659655,-0.23994441890972956,-0.009394970261162875
1770791536.1840255,1.2746066934424634,0.0,0.020000000000014312,1.2310198582863807,0.0,0.09689454200208183,0.1666666666666667,-0.22210590416955256,-0.22620450332912687,0.15965976648753713,-0.23240833815296003,-0.010862425666723116
1770791536.6132944,1.2748821634429688,0.0,0.020000000000011738,1.2310198582863807,0.0,0.09689454200208183,0.17708333333333337,-0.2162698289916748,-0.22172756608404798,0.14967997308900605,-0.23687200656586696,-0.03542194732652751
1770791537.0347025,1.2751496130967135,0.0,0.020000000000009625,1.2310198582863807,0.0,0.09689454200208183,0.17708333333333337,-0.20907954055467992,-0.21576298453273257,0.1700234989835984,-0.23596501046368717,-0.01725154692543026
1770791537.450859,1.2754576907336705,0.0,0.020000000000007893,1.2310198582863807,0.0,0.09689454200208183,0.19791666666666674,-0.2068916949089001,-0.21114842393749986,0.18904052593782025,-0.22928632245031905,-0.018612958786592894
1770791537.8697736,1.2757836309170716,0.0,0.02000000000000647,1.2310198582863807,0.0,0.09689454200208183,0.11458333333333333,-0.20484318753242597,-0.20763745405331557,0.17369745566286193,-0.22080562469429652,-0.06654627742562133
1770791538.3001928,1.2761110935544961,0.0,0.020000000000005305,1.2310198582863807,0.0,0.09689454200208183,0.22916666666666674,-0.19861694534858682,-0.20307635523964498,0.22324818700586604,-0.21849685522986598,-0.013859606602354246
1770791538.7198386,1.276473270403146,0.0,0.02000000000000435,1.2310198582863807,0.0,0.09689454200208183,0.25,-0.201007048416517,-0.201321949470219,0.24940520245678774,-0.21294763566722116,-0.006962562597977823
1770791539.135195,1.2768626863074295,0.0,0.020000000000003567,1.2310198582863807,0.0,0.09689454200208183,0.25,-0.2061814664766862,-0.20190914753456932,0.2498061907337894,-0.2018886529770577,-0.001309954813982761
1770791539.5490046,1.2772343340039245,0.0,0.020000000000002925,1.2310198582863807,0.0,0.09689454200208183,0.25,-0.21261766836792442,-0.20643062460599798,0.25274341805075357,-0.19762183481647613,-0.0075744947615726445
1770791539.9630494,1.277597994489669,0.0,0.020000000000002398,1.2310198582863807,0.0,0.09689454200208183,0.22916666666666674,-0.2141823115656254,-0.2102426900289181,0.23162990302743253,-0.20158942909825203,-0.00718662625427641
1770791540.3833313,1.27793727330923,0.0,0.020000000000001968,1.2310198582863807,0.0,0.09689454200208183,0.2083333333333334,-0.20671094468175757,-0.21207703808224063,0.2149854515654085,-0.20167254687853023,-0.011862675611958112
1770791540.8044207,1.2782557200551026,0.0,0.020000000000001614,1.2310198582863807,0.0,0.09689454200208183,0.21875000000000006,-0.21030778417856294,-0.21320465517713616,0.19682982977113292,-0.20173874665435243,-0.02765974446784122
1770791541.218239,1.2785378162598602,0.0,0.020000000000001322,1.2310198582863807,0.0,0.09689454200208183,0.19791666666666674,-0.2135867155636135,-0.21305959315896222,0.17253633336826696,-0.20397236346574768,-0.03014730982614658
1770791541.6511214,1.2787921075701705,0.0,0.020000000000001083,1.2310198582863807,0.0,0.09689454200208183,0.17708333333333337,-0.21583030547321794,-0.2160041327212692,0.14811748904783548,-0.2027631251512584,-0.03570727190195221
1770791542.0683339,1.2790082915353767,0.0,0.02000000000000089,1.2310198582863807,0.0,0.09689454200208183,0.14583333333333334,-0.23123301182221348,-0.22271943455790677,0.14172303750157764,-0.20607708724139606,-0.012762865699024826
1770791542.4839098,1.2792238121366493,0.0,0.02000000000000073,1.2310198582863807,0.0,0.09689454200208183,0.14583333333333334,-0.23377398774469282,-0.22940616340037764,0.1365966294746886,-0.21112450321824167,-0.0188822755473973
1770791542.9005718,1.2794299521249524,0.0,0.020000000000000597,1.2310198582863807,0.0,0.09689454200208183,0.14583333333333334,-0.23345880731265853,-0.2321217739004694,0.14052446210182068,-0.22005907611173048,-0.012233677415231004
1770791543.3173683,1.2796539245331278,0.0,0.02000000000000049,1.2310198582863807,0.0,0.09689454200208183,0.13541666666666669,-0.25148493830325314,-0.23943694273991695,0.14300865620009248,-0.22682194443685277,-0.014575775517470113
1770791543.733438,1.2798879442334166,0.0,0.020000000000000403,1.2310198582863807,0.0,0.09689454200208183,0.13541666666666669,-0.24940029269611674,-0.24518195807068538,0.13150547889569475,-0.22790493081897675,-0.012658000035038646
1770791544.150573,1.280096510118841,0.0,0.02000000000000033,1.2310198582863807,0.0,0.09689454200208183,0.11458333333333333,-0.24695363945487922,-0.24650573986228136,0.14506204248225088,-0.23049441646636956,-0.03874331941161273
1770791544.5632353,1.280339535330533,0.0,0.02000000000000027,1.2310198582863807,0.0,0.09689454200208183,0.14583333333333334,-0.2446076074120573,-0.24585843494953327,0.1361348423407492,-0.22802618286887416,-0.018861440392663225
1770791544.9767754,1.2805506510150422,0.0,0.020000000000000222,1.2310198582863807,0.0,0.09689454200208183,0.14583333333333334,-0.19757574101730957,-0.2212543215564679,0.14143002261624646,-0.2225700031090374,-0.005606769469355311
1770791545.392045,1.2807950556761016,0.0,0.02000000000000018,1.2310198582863807,0.0,0.09689454200208183,0.15625000000000003,-0.18452170710645116,-0.20085340489453696,0.1456881915702176,-0.21701674446581237,-0.01919880407974265
1770791545.8040226,1.2810604714161147,0.0,0.02000000000000015,1.2310198582863807,0.0,0.09689454200208183,0.18750000000000006,-0.17782177993793602,-0.1891823248970471,0.17668059709235875,-0.2035080731026165,-0.0193331441467456
1770791546.2229846,1.2813577244085064,0.0,0.020000000000000122,1.2310198582863807,0.0,0.09689454200208183,0.22916666666666674,-0.17532499223487943,-0.18187416706986825,0.2117740015546458,-0.19088302084080044,-0.02315959722366865
1770791546.6490333,1.2816843790358294,0.0,0.0200000000000001,1.2310198582863807,0.0,0.09689454200208183,0.25,-0.1699136902537538,-0.17639070183546088,0.22220871698580325,-0.18409692155371454,-0.03232300280203218
1770791547.0657954,1.2820154257374992,0.0,0.020000000000000084,1.2310198582863807,0.0,0.09689454200208183,0.25,-0.16859247828597995,-0.17211469742340071,0.2506797822358152,-0.18520861203501365,-0.007337908589751599
1770791547.4828734,1.2824009056180705,0.0,0.02000000000000007,1.2310198582863807,0.0,0.09689454200208183,0.25,-0.16131291712715476,-0.16542571256091868,0.2507685383050122,-0.17929515276271543,-0.008294604333140424
1770791547.9003067,1.2827858123213043,0.0,0.020000000000000056,1.2310198582863807,0.0,0.09689454200208183,0.25,-0.15939223765606464,-0.16233868917286864,0.2493387438608735,-0.16508765159025296,-0.0034564874650648923
1770791548.3220706,1.283149568594097,0.0,0.020000000000000046,1.2310198582863807,0.0,0.09689454200208183,0.25,-0.16173127433392986,-0.1615400844388596,0.24658106788769085,-0.16017210926401756,-0.0045944739323536985
1770791548.7497895,1.2835018694633233,0.0,0.02000000000000004,1.2310198582863807,0.0,0.09689454200208183,0.25,-0.16395816036421224,-0.16006392976707906,0.24536212251628853,-0.15727043275404964,-0.006324793641222973
1770791549.1656673,1.2838493930822599,0.0,0.02000000000000003,1.2310198582863807,0.0,0.09689454200208183,0.25,-0.16813818632721422,-0.1620156901158952,0.24919334924951753,-0.15326447630374196,-0.005582853301589863
1770791549.5869532,1.2841941653984774,0.0,0.020000000000000025,1.2310198582863807,0.0,0.09689454200208183,0.25,-0.17495744503039337,-0.16565735318073455,0.24665712431075992,-0.14910592184722363,-0.012034446801647369
1770791550.0063071,1.2845231152135124,0.0,0.02000000000000002,1.2310198582863807,0.0,0.09689454200208183,0.25,-0.1598933754260826,-0.16817002770871192,0.2519068610703135,-0.15686704046202798,-0.008334466555135919
1770791550.4218605,1.2848700937217463,0.0,0.020000000000000018,1.2310198582863807,0.0,0.09689454200208183,0.25,-0.16727971397599814,-0.16773286204735693,0.2472474509964093,-0.15605376844975405,-0.00867342300361954
1770791550.8665254,1.285208609688877,0.0,0.020000000000000014,1.2310198582863807,0.0,0.09689454200208183,0.25,-0.17634390040953907,-0.17097867936689976,0.2474049656431687,-0.1562861754709925,-0.009964527006908785
1770791551.2794905,1.2855434588080634,0.0,0.02000000000000001,1.2310198582863807,0.0,0.09689454200208183,0.25,-0.18677189332759891,-0.17798628713614803,0.24802862235551565,-0.16029151095785238,-0.011219299282318166
1770791551.693964,1.2858765659612408,0.0,0.020000000000000007,1.2310198582863807,0.0,0.09689454200208183,0.25,-0.20043235211117155,-0.1892488850358628,0.24850602796037832,-0.1668993182338304,-0.013329536168235678
1770791552.1354828,1.2862062585121383,0.0,0.020000000000000007,1.2310198582863807,0.0,0.09689454200208183,0.25,-0.2141959063025703,-0.20047245202362188,0.2489939744440278,-0.16841543478470666,-0.01718614583051744
1770791552.5531094,1.2865242646569004,0.0,0.020000000000000007,1.2310198582863807,0.0,0.09689454200208183,0.25,-0.22629720825586536,-0.21271958209675196,0.2495137452106326,-0.18203256911189505,-0.01719147471451469
1770791552.9715505,1.2868490019983043,0.0,0.020000000000000007,1.2310198582863807,0.0,0.09689454200208183,0.25,-0.24013897155269473,-0.22542254792345284,0.2473320460490024,-0.19014517924182117,-0.021117899304806034
1770791553.3851998,1.2871663558512916,0.0,0.020000000000000007,1.2310198582863807,0.0,0.09689454200208183,0.25,-0.25739641625884113,-0.24218502125948574,0.24980127730431612,-0.19667977305723644,-0.02360480617835006
1770791553.8032994,1.2874760141032924,0.0,0.020000000000000007,1.2310198582863807,0.0,0.09689454200208183,0.25,-0.2684684766351012,-0.2547632747241832,0.24899682092315742,-0.2107944775408063,-0.024399048116888016
1770791554.2402294,1.287790445614456,0.0,0.020000000000000007,1.2310198582863807,0.0,0.09689454200208183,0.25,-0.27860623325717926,-0.26626921677404314,0.25141272165475503,-0.2210223156691942,-0.025058956020018293
1770791554.6615658,1.2881100545507658,0.0,0.020000000000000007,1.2310198582863807,0.0,0.09689454200208183,0.25,-0.2895806498854553,-0.27741506779022,0.24626749507148402,-0.2275116148389204,-0.02933316132113841
1770791555.0878904,1.288416721935867,0.0,0.020000000000000007,1.2310198582863807,0.0,0.09689454200208183,0.22916666666666674,-0.2962493183627381,-0.2881001102134764,0.2330075998141475,-0.239242154353151,-0.029442965029066542
1770791555.5128775,1.28871515662372,0.0,0.020000000000000007,1.2310198582863807,0.0,0.09689454200208183,0.2083333333333334,-0.3300738430977433,-0.30775155017952216,0.2121754788140311,-0.2501270045384048,-0.033742903319781754
1770791555.926943,1.2889792647385587,0.0,0.020000000000000007,1.2310198582863807,0.0,0.09689454200208183,0.18750000000000006,-0.33275024568624956,-0.3210791054267496,0.1891381122521263,-0.25429623218940617,-0.03544647163589809
1770791556.3504763,1.2892027934879056,0.0,0.020000000000000007,1.2310198582863807,0.0,0.09689454200208183,0.1666666666666667,-0.32902009894217576,-0.3258738630180736,0.16564219888165566,-0.2651689682459009,-0.032464188776746866
1770791556.765022,1.28940739789009,0.0,0.020000000000000007,1.2310198582863807,0.0,0.09689454200208183,0.1666666666666667,-0.324122608788133,-0.32578241418158904,0.16341734216962092,-0.2768764854569676,-0.028873040580463187
1770791557.1987298,1.2896275728535642,0.0,0.020000000000000007,1.2310198582863807,0.0,0.09689454200208183,0.15625000000000003,-0.3163720478508271,-0.3214227150269474,0.1548220556813542,-0.28232001337510876,-0.021523647936379266
1770791557.635715,1.2898526732861986,0.0,0.020000000000000007,1.2310198582863807,0.0,0.09689454200208183,0.15625000000000003,-0.31193618650624316,-0.3169658825767191,0.17522367975157518,-0.27939315263174774,-0.03805273079839693
1770791558.0639973,1.2901129964768876,0.0,0.020000000000000007,1.2310198582863807,0.0,0.09689454200208183,0.18750000000000006,-0.30768605363625906,-0.31259247086689146,0.18322611492412091,-0.28477199339501374,-0.0187220078881446
1770791558.4904628,1.290387714729308,0.0,0.020000000000000007,1.2310198582863807,0.0,0.09689454200208183,0.25,-0.30113988996826474,-0.30785640092764627,0.24339732446104315,-0.29419403489298795,-0.014376062706083432
1770791558.9115443,1.2907556005311,0.0,0.020000000000000007,1.2310198582863807,0.0,0.09689454200208183,0.25,-0.2999703379928642,-0.3026907598914194,0.24809201767502828,-0.2903912773638182,-0.0084379993416893
1770791559.3286855,1.291131962585448,0.0,0.020000000000000007,1.2310198582863807,0.0,0.09689454200208183,0.25,-0.2977861786056718,-0.30061122321674766,0.24921018211909385,-0.2932201791186631,-0.004768230105432919
1770791559.7382708,1.2915173097932326,0.0,0.020000000000000007,1.2310198582863807,0.0,0.09689454200208183,0.25,-0.268687679934051,-0.28612945175564836,0.248097524860368,-0.3001841496553513,-0.009626221143152269
1770791560.156196,1.291930673843621,0.0,0.020000000000000007,1.2310198582863807,0.0,0.09689454200208183,0.25,-0.2701439219404568,-0.27703237707064066,0.25055773957018257,-0.29688033500140276,-0.010812100000958474
1770791560.5691926,1.2923547317326056,0.0,0.020000000000000007,1.2310198582863807,0.0,0.09689454200208183,0.25,-0.26985933125723144,-0.27293139687801715,0.24923559125220737,-0.29301180252926534,-0.011191464820630465
1770791560.9905226,1.2927760198438154,0.0,0.020000000000000007,1.2310198582863807,0.0,0.09689454200208183,0.25,-0.266312676275443,-0.2696318692862011,0.25238186845947935,-0.30442149793507833,-0.020917652324499277
1770791561.4073453,1.29322416022539,0.0,0.020000000000000007,1.2310198582863807,0.0,0.09689454200208183,0.25,-0.265200390763929,-0.2672378454844234,0.24855995492377894,-0.30304813822485305,-0.0194825274174584
1770791561.8276455,1.2936671890676008,0.0,0.020000000000000007,1.2310198582863807,0.0,0.09689454200208183,0.25,-0.26648100914025824,-0.26789071054299834,0.24777467388995522,-0.29470996818187767,-0.01646877193378198
1770791562.2613068,1.2940953011047827,0.0,0.020000000000000007,1.2310198582863807,0.0,0.09689454200208183,0.25,-0.27880395686251547,-0.2716773243775428,0.24379279988361266,-0.29040298273240767,-0.016000727838766788
1770791562.6919396,1.2945054097473607,0.0,0.020000000000000007,1.2310198582863807,0.0,0.09689454200208183,0.25,-0.2803392913392775,-0.2763867921465603,0.24845044741086708,-0.2873719606297329,-0.007345239040986695
1770791563.107147,1.2949121756923185,0.0,0.020000000000000007,1.2310198582863807,0.0,0.09689454200208183,0.25,-0.27976636086279016,-0.2784079685377447,0.2507020254758904,-0.2792511774841978,-0.0019357082636704491
1770791563.5488937,1.295307260316609,0.0,0.020000000000000007,1.2310198582863807,0.0,0.09689454200208183,0.25,-0.27963077931906677,-0.27959567771361693,0.25070836267567426,-0.27850116816783405,-0.0013306183802020755
1770791563.9625993,1.2956996214151368,0.0,0.020000000000000007,1.2310198582863807,0.0,0.09689454200208183,0.25,-0.27878795768000814,-0.27940626796008733,0.24753441524767716,-0.2753596198133199,-0.004803063661157958
1770791564.375243,1.2960821477007851,0.0,0.020000000000000007,1.2310198582863807,0.0,0.09689454200208183,0.25,-0.27861332120539173,-0.2790971166599131,0.24744677196701068,-0.27309422576582654,-0.005781212884781945
1770791564.7901568,1.2964613733565793,0.0,0.020000000000000007,1.2310198582863807,0.0,0.09689454200208183,0.25,-0.27624348118269626,-0.27787168391078737,0.2500807839748816,-0.27249181932869065,-0.0028309569096435392
1770791565.2059636,1.296845548396109,0.0,0.020000000000000007,1.2310198582863807,0.0,0.09689454200208183,0.25,-0.2667459793476515,-0.272856715376075,0.24965144311882922,-0.26531613448973557,-0.004836415808235989
1770791565.634673,1.2972243258225902,0.0,0.020000000000000007,1.2310198582863807,0.0,0.09689454200208183,0.25,-0.26898819337189017,-0.2699730205916532,0.24963425353708193,-0.2563982429642439,-0.008044924429171868
1770791566.047998,1.2975927729248984,0.0,0.020000000000000007,1.2310198582863807,0.0,0.09689454200208183,0.25,-0.26905659294225026,-0.2695540704315524,0.2455625190877011,-0.25530997177072084,-0.011668357362066973
1770791566.4661837,1.297953386088608,0.0,0.020000000000000007,1.2310198582863807,0.0,0.09689454200208183,0.25,-0.26890551124858814,-0.269203989307847,0.24976972105497983,-0.2528378071556254,-0.008660586482640504
1770791566.8887706,1.2983174191009983,0.0,0.020000000000000007,1.2310198582863807,0.0,0.09689454200208183,0.25,-0.27031155376125493,-0.2698823176317948,0.2490442121897871,-0.24704259966055933,-0.012955167545337265
1770791567.3018684,1.2986202836628187,0.0,0.020000000000000007,1.2310198582863807,0.0,0.09689454200208183,0.23958333333333343,-0.26889526200277747,-0.2695808365223232,0.2469985807446426,-0.24965301210603583,-0.01764020086400049
1770791567.7177615,1.2988686326035113,0.0,0.020000000000000007,1.2310198582863807,0.0,0.09689454200208183,0.21875000000000006,-0.2791512772147249,-0.27172490286645656,0.2252625268330756,-0.2510021217664649,-0.017008828349114276
1770791568.131356,1.2990722787348792,0.0,0.020000000000000007,1.2310198582863807,0.0,0.09689454200208183,0.2083333333333334,-0.2781107248166161,-0.27535845258132763,0.2070313560111736,-0.24557113235906283,-0.016738736374032413
1770791568.549178,1.2992392685626009,0.0,0.020000000000000007,1.2310198582863807,0.0,0.09689454200208183,0.19791666666666674,-0.27696819980251514,-0.27627688308424236,0.20068591517900716,-0.2443941865296354,-0.018828291372586646
1770791568.9647014,1.2993762002213327,0.0,0.020000000000000007,1.2310198582863807,0.0,0.09689454200208183,0.17708333333333337,-0.2732055035375154,-0.2746253905788393,0.17709424759585368,-0.24922955315522632,-0.013192369636885882
1770791569.4107502,1.2994884841814929,0.0,0.020000000000000007,1.2310198582863807,0.0,0.09689454200208183,0.1666666666666667,-0.27935596226276127,-0.2753555904135221,0.17116959984312924,-0.24819752931521208,-0.018185166109618955
1770791569.8407211,1.2995805570288241,0.0,0.020000000000000007,1.2310198582863807,0.0,0.09689454200208183,0.18750000000000006,-0.2744701396858978,-0.2755634220405043,0.18022138602487583,-0.24586920107508917,-0.02235855728184409
1770791570.2633748,1.2996560567636357,0.0,0.020000000000000007,1.2310198582863807,0.0,0.09689454200208183,0.17708333333333337,-0.2664594694735708,-0.2721891618080784,0.17702831570801972,-0.24856449151952584,-0.012136881814033598
1770791570.6807535,1.2997179665461813,0.0,0.020000000000000007,1.2310198582863807,0.0,0.09689454200208183,0.17708333333333337,-0.2592017571133991,-0.26647921242073025,0.18291541352026527,-0.24771516504362998,-0.015299036523071626
1770791571.0971267,1.2997687325678686,0.0,0.020000000000000007,1.2310198582863807,0.0,0.09689454200208183,0.18750000000000006,-0.25226005849487204,-0.2593494777590291,0.18526802517183893,-0.24778867413936984,-0.008019727547564744
1770791571.5099032,1.2998103607056524,0.0,0.020000000000000007,1.2310198582863807,0.0,0.09689454200208183,0.2083333333333334,-0.25036872804779253,-0.25539949805427414,0.21390672189775709,-0.23696203603233731,-0.015874783386095354
1770791571.9378908,1.299844495778635,0.0,0.020000000000000007,1.2310198582863807,0.0,0.09689454200208183,0.19791666666666674,-0.24543787300814607,-0.25048885409940275,0.20757950408381298,-0.2374410162325415,-0.016234654370597287
1770791572.3658276,1.2998724865384808,0.0,0.020000000000000007,1.2310198582863807,0.0,0.09689454200208183,0.25,-0.24535329436960632,-0.24738398844347206,0.2380387707240284,-0.23233185683682542,-0.019998211018866528
1770791572.784232,1.2998954389615542,0.0,0.020000000000000007,1.2310198582863807,0.0,0.09689454200208183,0.25,-0.24400131871124162,-0.2451287570500139,0.24659531023527437,-0.22925478670496569,-0.01164938195043572
1770791573.1995587,1.2999142599484745,0.0,0.020000000000000007,1.2310198582863807,0.0,0.09689454200208183,0.25,-0.2456192225885398,-0.2446247215906223,0.2496879673264662,-0.22845617869857854,-0.008476164920194392
1770791573.6124094,1.299929693157749,0.0,0.020000000000000007,1.2310198582863807,0.0,0.09689454200208183,0.25,-0.24787206102375348,-0.2461189249674971,0.248221127685483,-0.22886673031201962,-0.010446024803599857
1770791574.0282516,1.2999423483893542,0.0,0.020000000000000007,1.2310198582863807,0.0,0.09689454200208183,0.25,-0.24980587547169286,-0.2478638993000452,0.24497463760679652,-0.23120206356455394,-0.01358981358620254
1770791574.4690566,1.2999527256792704,0.0,0.020000000000000007,1.2310198582863807,0.0,0.09689454200208183,0.25,-0.25337195711453664,-0.25006397042937506,0.2493811451600628,-0.2339810021987509,-0.00893823281866898
1770791574.8855698,1.2999612350570018,0.0,0.020000000000000007,1.2310198582863807,0.0,0.09689454200208183,0.25,-0.2461475644751975,-0.24821766439334203,0.2500502467857116,-0.23791410598744311,-0.0055953363675302625
1770791575.3015578,1.2999682127467416,0.0,0.020000000000000007,1.2310198582863807,0.0,0.09689454200208183,0.25,-0.2495211403867739,-0.24840778399468494,0.24775548902085828,-0.23517026369342245,-0.009137655359175028
1770791575.7174945,1.299973934452328,0.0,0.020000000000000007,1.2310198582863807,0.0,0.09689454200208183,0.17708333333333337,-0.25746396636313396,-0.25093213950378457,0.2468516057268842,-0.2367484267024481,-0.07701794509512162
1770791576.1404662,1.299978626250909,0.0,0.020000000000000007,1.2310198582863807,0.0,0.09689454200208183,0.25,-0.2533406912150532,-0.25202776148088657,0.17078290290695536,-0.23728214874663922,-0.08664327566458743
1770791576.5531955,1.2999824735257455,0.0,0.020000000000000007,1.2310198582863807,0.0,0.09689454200208183,0.25,-0.25164293435007395,-0.2520230356115882,0.24753510747590998,-0.2378500111664453,-0.009608190988642063
1770791576.9654727,1.2999856282911113,0.0,0.020000000000000007,1.2310198582863807,0.0,0.09689454200208183,0.25,-0.2544079552343111,-0.25279773072827827,0.2521720689704895,-0.23762235117428632,-0.009782524746701368
1770791577.3859785,1.2999882151987112,0.0,0.020000000000000007,1.2310198582863807,0.0,0.09689454200208183,0.18750000000000006,-0.2560237588767893,-0.2545206510108631,0.2506962652266655,-0.23934833396799343,-0.07095502202747098
1770791577.80616,1.2999903364629433,0.0,0.020000000000000007,1.2310198582863807,0.0,0.09689454200208183,0.25,-0.2537755638211979,-0.2544433494853188,0.23568834363753122,-0.24420794502290954,-0.019915319699165036
1770791578.225424,1.2999920758996135,0.0,0.020000000000000007,1.2310198582863807,0.0,0.09689454200208183,0.25,-0.2527439638363977,-0.2538635556263769,0.24952383067819037,-0.25391482177490265,-0.0014724900712718147
1770791578.6482592,1.2999935022376832,0.0,0.020000000000000007,1.2310198582863807,0.0,0.09689454200208183,0.25,-0.2527352245478585,-0.25310954545393827,0.24738244852871166,-0.25355701078005405,-0.002877065233831089
1770791579.0692341,1.2999946718349003,0.0,0.020000000000000007,1.2310198582863807,0.0,0.09689454200208183,0.17708333333333337,-0.24249283593649545,-0.24965746287162255,0.16203338019137845,-0.25228448017541455,-0.016490714854314876
1770791579.482335,1.2999956309046181,0.0,0.020000000000000007,1.2310198582863807,0.0,0.09689454200208183,0.17708333333333337,-0.2404998452971582,-0.24429983562012592,0.16216427883547993,-0.24719914450026054,-0.016877242505436152
1770791579.9054093,1.2999964173417868,0.0,0.020000000000000007,1.2310198582863807,0.0,0.09689454200208183,0.15625000000000003,-0.2509235527049568,-0.24770351538744045,0.157167584164667,-0.2425110154320858,-0.003982647049161769
1770791580.3189096,1.2999970622202652,0.0,0.020000000000000007,1.2310198582863807,0.0,0.09689454200208183,0.23958333333333343,-0.2689554127048626,-0.25980457580314575,0.22953170058993155,-0.24553677493547263,-0.017488109127577117
1770791580.7423398,1.2999975910206174,0.0,0.020000000000000007,1.2310198582863807,0.0,0.09689454200208183,0.21875000000000006,-0.2706116741686495,-0.2655847863219525,0.21823105302233473,-0.25203454369725437,-0.007943845166192561
1770791581.158054,1.2999980246369063,0.0,0.020000000000000007,1.2310198582863807,0.0,0.09689454200208183,0.19791666666666674,-0.27091100546498614,-0.26858189117733905,0.20289895508301034,-0.2491659638669398,-0.014977110054574689
1770791581.5727608,1.2999983802022632,0.0,0.020000000000000007,1.2310198582863807,0.0,0.09689454200208183,0.18750000000000006,-0.2703252245883934,-0.26972608612579646,0.18190367079295194,-0.25142330377642585,-0.014973454372682021
1770791582.0131314,1.2999986717658558,0.0,0.020000000000000007,1.2310198582863807,0.0,0.09689454200208183,0.18750000000000006,-0.2676478864987947,-0.26879611945224063,0.18431132837083383,-0.2529965001605004,-0.011245800913443793
1770791582.4329298,1.2999989108480017,0.0,0.020000000000000007,1.2310198582863807,0.0,0.09689454200208183,0.18750000000000006,-0.2659162337408918,-0.26752259631200626,0.1830822108499157,-0.2529180286227312,-0.011727920148498805
1770791582.875111,1.2999991068953614,0.0,0.020000000000000007,1.2310198582863807,0.0,0.09689454200208183,0.19791666666666674,-0.2647607384874601,-0.26628952030102043,0.1971255620615427,-0.252501262767416,-0.0077269099574577725
1770791583.2899492,1.2999992676541963,0.0,0.020000000000000007,1.2310198582863807,0.0,0.09689454200208183,0.25,-0.2642629428250353,-0.26523943631998176,0.23441503238454936,-0.25307024210584655,-0.021726462656361294
1770791583.7204905,1.299999399476441,0.0,0.020000000000000007,1.2310198582863807,0.0,0.09689454200208183,0.25,-0.2708685314495208,-0.26676873054319544,0.24979312669573017,-0.2557680874780249,-0.005976979374072944
1770791584.1474884,1.2999995075706816,0.0,0.020000000000000007,1.2310198582863807,0.0,0.09689454200208183,0.25,-0.26632242676236584,-0.2676821201844187,0.25176412037295665,-0.2539532051112644,-0.008810066146209855
1770791584.5641556,1.299999596207959,0.0,0.020000000000000007,1.2310198582863807,0.0,0.09689454200208183,0.25,-0.26847997736502105,-0.2679341332475422,0.2507772769929441,-0.25750065709466713,-0.006348760267721932
1770791584.9847414,1.2999996688905262,0.0,0.020000000000000007,1.2310198582863807,0.0,0.09689454200208183,0.25,-0.2445142732822626,-0.25456677582326337,0.24859706454158026,-0.2645129463337146,-0.0070772496375500924
1770791585.4021282,1.2999997284902316,0.0,0.020000000000000007,1.2310198582863807,0.0,0.09689454200208183,0.25,-0.2500772948340612,-0.2512246209943686,0.24610181399994333,-0.26108176139528094,-0.009169874694356211
1770791585.8265085,1.29999977736199,0.0,0.020000000000000007,1.2310198582863807,0.0,0.09689454200208183,0.25,-0.2544368475681577,-0.2523119584761359,0.24900042807876302,-0.2633168578832835,-0.006725531273611041
1770791586.240706,1.299999817436832,0.0,0.020000000000000007,1.2310198582863807,0.0,0.09689454200208183,0.25,-0.255788842654647,-0.253828313814427,0.2501981703492667,-0.2715252070667753,-0.009867451893790052
1770791586.6534133,1.2999998502982022,0.0,0.020000000000000007,1.2310198582863807,0.0,0.09689454200208183,0.25,-0.2560004002770127,-0.25490667291135494,0.24662884420904527,-0.279277393147313,-0.016331734516987523
1770791587.0645642,1.2999998772445258,0.0,0.020000000000000007,1.2310198582863807,0.0,0.09689454200208183,0.25,-0.25945259993342257,-0.25717467639011093,0.24579191745083365,-0.28309150073426376,-0.017547905479937842
1770791587.4840217,1.299999899340511,0.0,0.020000000000000007,1.2310198582863807,0.0,0.09689454200208183,0.25,-0.27067421504987044,-0.2628941404595109,0.24933945339700297,-0.29000020523565295,-0.014904449441206957
1770791587.8957696,1.2999999174592192,0.0,0.020000000000000007,1.2310198582863807,0.0,0.09689454200208183,0.25,-0.272789598069263,-0.26650805729571303,0.2504392664506626,-0.28813863310623083,-0.011440711568863726
1770791588.31059,1.2999999323165596,0.0,0.020000000000000007,1.2310198582863807,0.0,0.09689454200208183,0.25,-0.2768058474035405,-0.2693343235330074,0.24983197219680886,-0.2809211515733528,-0.006683189976651638
1770791588.7281668,1.299999944499579,0.0,0.020000000000000007,1.2310198582863807,0.0,0.09689454200208183,0.22916666666666674,-0.27899547732962154,-0.2743066196147407,0.24683296865325174,-0.27876993510601183,-0.020113081378954678
1770791589.1518996,1.2999999544896548,0.0,0.020000000000000007,1.2310198582863807,0.0,0.09689454200208183,0.25,-0.27019748665400534,-0.27678469590239907,0.21995320783458866,-0.276199538713396,-0.030596410399174472
1770791589.5632505,1.2999999626815169,0.0,0.020000000000000007,1.2310198582863807,0.0,0.09689454200208183,0.25,-0.27001672980451435,-0.2741347121792957,0.24867977238464237,-0.27907973659753693,-0.004080759612892349
1770791589.980916,1.2999999693988438,0.0,0.020000000000000007,1.2310198582863807,0.0,0.09689454200208183,0.25,-0.2734622470892433,-0.2741891497472496,0.24735117056335326,-0.272153327544732,-0.00435938144318605
1770791590.399191,1.2999999749070519,0.0,0.020000000000000007,1.2310198582863807,0.0,0.09689454200208183,0.25,-0.27634064570886885,-0.27477833374418587,0.2489538592455889,-0.26632072746426383,-0.005858203902418924
1770791590.8334568,1.2999999794237826,0.0,0.020000000000000007,1.2310198582863807,0.0,0.09689454200208183,0.25,-0.2803497427813175,-0.2771290242858349,0.24729652545632733,-0.25649243058614535,-0.014004601081329305
1770791591.2452419,1.2999999831275018,0.0,0.020000000000000007,1.2310198582863807,0.0,0.09689454200208183,0.25,-0.2833020007811702,-0.27995832181286323,0.24684488231960316,-0.25196071771348966,-0.01760709101734919
1770791591.6584878,1.2999999861645515,0.0,0.020000000000000007,1.2310198582863807,0.0,0.09689454200208183,0.25,-0.2834459616280489,-0.28180940807541777,0.24999989555049085,-0.25291043571059163,-0.014544562431632418
1770791592.0734005,1.2999999886549323,0.0,0.020000000000000007,1.2310198582863807,0.0,0.09689454200208183,0.25,-0.2860848764369761,-0.2837163761026195,0.24785336985702033,-0.24806292669686494,-0.020458105747229623
1770791592.4951997,1.2999999906970445,0.0,0.020000000000000007,1.2310198582863807,0.0,0.09689454200208183,0.21875000000000006,-0.2963289976146828,-0.2882980938284274,0.23319137619301436,-0.24750688125241668,-0.034892587025464494
1770791592.9139378,1.2999999923715766,0.0,0.020000000000000007,1.2310198582863807,0.0,0.09689454200208183,0.2083333333333334,-0.29507701579448037,-0.2921149825423029,0.21574750365215045,-0.2491776959628711,-0.029049895079578395
1770791593.3271735,1.2999999937446929,0.0,0.020000000000000007,1.2310198582863807,0.0,0.09689454200208183,0.18750000000000006,-0.2929992678587673,-0.2931230781538936,0.1933220274158982,-0.24762643503966464,-0.028725475065333284
1770791593.7713864,1.2999999948706482,0.0,0.020000000000000007,1.2310198582863807,0.0,0.09689454200208183,0.18750000000000006,-0.2920550145284812,-0.292810346799716,0.18820220573500865,-0.25065243414865734,-0.0220837619714372
1770791594.2009692,1.2999999957939314,0.0,0.020000000000000007,1.2310198582863807,0.0,0.09689454200208183,0.18750000000000006,-0.2894047945172677,-0.29090269137813934,0.17062474933651545,-0.25180129391867806,-0.03654083537021732
1770791594.6133358,1.2999999965510238,0.0,0.020000000000000007,1.2310198582863807,0.0,0.09689454200208183,0.1666666666666667,-0.2918801849728992,-0.2925330459053387,0.1668111873278746,-0.2519291192483354,-0.020459266522675257
1770791595.048312,1.2999999971718394,0.0,0.020000000000000007,1.2310198582863807,0.0,0.09689454200208183,0.17708333333333337,-0.28362603155386423,-0.2892155186768946,0.17957620748246017,-0.2558232141484733,-0.01957843590335124
1770791595.4628885,1.2999999976809085,0.0,0.020000000000000007,1.2310198582863807,0.0,0.09689454200208183,0.17708333333333337,-0.2751408250590927,-0.28296657202620934,0.17659124872142679,-0.25956600858759943,-0.012566645775124152
1770791595.8840318,1.299999998098345,0.0,0.020000000000000007,1.2310198582863807,0.0,0.09689454200208183,0.17708333333333337,-0.26805512677385585,-0.2761421450634135,0.1711690783855202,-0.26329647227299724,-0.01271013771156108
1770791596.306329,1.299999998440643,0.0,0.020000000000000007,1.2310198582863807,0.0,0.09689454200208183,0.19791666666666674,-0.2611822897544582,-0.26768218277503725,0.19462896060205911,-0.2612973203909611,-0.006680052444849316
1770791596.718831,1.2999999987213273,0.0,0.020000000000000007,1.2310198582863807,0.0,0.09689454200208183,0.2083333333333334,-0.25832415067774195,-0.2635852346631924,0.20468638664655728,-0.2503827681404588,-0.011339635173193151
1770791597.1390817,1.2999999989514883,0.0,0.020000000000000007,1.2310198582863807,0.0,0.09689454200208183,0.25,-0.2558104594033958,-0.2595952112396576,0.23346862236721547,-0.24481979477387525,-0.024475383202334073
1770791597.558462,1.2999999991402205,0.0,0.020000000000000007,1.2310198582863807,0.0,0.09689454200208183,0.25,-0.25657182008667034,-0.2577651589629089,0.2492194519381653,-0.24571573781498512,-0.006894852939907578
1770791597.9721372,1.299999999294981,0.0,0.020000000000000007,1.2310198582863807,0.0,0.09689454200208183,0.25,-0.2374540786352105,-0.25277996096238264,0.24833030853480711,-0.24359999925452275,-0.006471246175169071
1770791598.386431,1.2999999994218843,0.0,0.020000000000000007,1.2310198582863807,0.0,0.09689454200208183,0.25,-0.25676159237925544,-0.25314605115652683,0.24860078764757138,-0.24229447531394713,-0.006955552667776038
1770791598.8554034,1.299999999525945,0.0,0.020000000000000007,1.2310198582863807,0.0,0.09689454200208183,0.25,-0.23824961064130323,-0.25179244647708793,0.24861512130757854,-0.24475495902382208,-0.005149670790041879
1770791599.269291,1.299999999611275,0.0,0.020000000000000007,1.2310198582863807,0.0,0.09689454200208183,0.25,-0.25132782524808517,-0.2510113085465608,0.24707411320374542,-0.24363877015555965,-0.006723774878581387
1770791599.7008834,1.2999999996812455,0.0,0.020000000000000007,1.2310198582863807,0.0,0.09689454200208183,0.25,-0.254244290693171,-0.25265260805011186,0.2493215723074718,-0.24498431572167423,-0.004647128413358484
1770791600.1158547,1.2999999997386213,0.0,0.020000000000000007,1.2310198582863807,0.0,0.09689454200208183,0.25,-0.25380495023317157,-0.25284934860401703,0.2501035490922918,-0.2457103262645272,-0.0037456613163220297
1770791600.5307124,1.2999999997856695,0.0,0.020000000000000007,1.2310198582863807,0.0,0.09689454200208183,0.1666666666666667,-0.26142896760044343,-0.2553899300402867,0.24730058510242622,-0.24556575042552384,-0.08556046582704128
1770791600.9527214,1.299999999824249,0.0,0.020000000000000007,1.2310198582863807,0.0,0.09689454200208183,0.25,-0.2587653745838737,-0.2577655621798376,0.21900945580241712,-0.24752691283070008,-0.036305985112669255
1770791601.3708353,1.2999999998558842,0.0,0.020000000000000007,1.2310198582863807,0.0,0.09689454200208183,0.25,-0.2531904416405597,-0.25561048202075565,0.2502007662448029,-0.24870092075878575,-0.003772947668596435
1770791601.7924707,1.299999999881825,0.0,0.020000000000000007,1.2310198582863807,0.0,0.09689454200208183,0.25,-0.25416856220591627,-0.25482936536949335,0.25053886630146904,-0.24695833229205455,-0.004648641686861565
1770791602.206464,1.2999999999030964,0.0,0.020000000000000007,1.2310198582863807,0.0,0.09689454200208183,0.25,-0.25556267414862194,-0.2555891141303199,0.2519262645231395,-0.24579058850879767,-0.006942301712226301
1770791602.6381385,1.2999999999205392,0.0,0.020000000000000007,1.2310198582863807,0.0,0.09689454200208183,0.25,-0.25520700852124184,-0.25506794422637646,0.2485965576603227,-0.2515063134536497,-0.0037558302205258714
1770791603.05711,1.2999999999348422,0.0,0.020000000000000007,1.2310198582863807,0.0,0.09689454200208183,0.25,-0.2528681740101662,-0.2537626227327422,0.24608556619329466,-0.257217290213547,-0.006212865223097469
1770791603.4816778,1.2999999999465706,0.0,0.020000000000000007,1.2310198582863807,0.0,0.09689454200208183,0.25,-0.282803622139824,-0.26690062481403365,0.2469286155626204,-0.2617373128782461,-0.006105042671743277
1770791603.8972008,1.2999999999561878,0.0,0.020000000000000007,1.2310198582863807,0.0,0.09689454200208183,0.1666666666666667,-0.2682476000763973,-0.27006470193659715,0.2467907972132794,-0.26206572655435517,-0.08415645960534458
1770791604.3120472,1.299999999964074,0.0,0.020000000000000007,1.2310198582863807,0.0,0.09689454200208183,0.1666666666666667,-0.27375524663747447,-0.2708677770211956,0.16014401154829108,-0.2608780135391341,-0.011636308160928482
1770791604.7342489,1.2999999999705405,0.0,0.020000000000000007,1.2310198582863807,0.0,0.09689454200208183,0.1666666666666667,-0.29815597141925443,-0.28055506260690233,0.1641990167172517,-0.26100528591033656,-0.012255265534818139
1770791605.1576397,1.2999999999758431,0.0,0.020000000000000007,1.2310198582863807,0.0,0.09689454200208183,0.21875000000000006,-0.28389051527139764,-0.2843052379503335,0.2136439173612945,-0.26390566233731544,-0.015595908087912475
1770791605.5729148,1.2999999999801914,0.0,0.020000000000000007,1.2310198582863807,0.0,0.09689454200208183,0.19791666666666674,-0.2780811682599304,-0.2818958667471247,0.20537384816431337,-0.26832262107057564,-0.01468550020924717
1770791605.9895089,1.299999999983757,0.0,0.020000000000000007,1.2310198582863807,0.0,0.09689454200208183,0.18750000000000006,-0.2723160745000002,-0.277141015678722,0.19940658234879866,-0.26689694744631115,-0.01717118382743048
1770791606.422005,1.2999999999866807,0.0,0.020000000000000007,1.2310198582863807,0.0,0.09689454200208183,0.18750000000000006,-0.26714081882820867,-0.27240616945800133,0.195989633184001,-0.2647410452144879,-0.012537785528940004
1770791606.8346624,1.2999999999890781,0.0,0.020000000000000007,1.2310198582863807,0.0,0.09689454200208183,0.17708333333333337,-0.2608239997147893,-0.26736611634441226,0.1762642405689269,-0.2626347761427289,-0.0033953897724240565
1770791607.2556098,1.299999999991044,0.0,0.020000000000000007,1.2310198582863807,0.0,0.09689454200208183,0.18750000000000006,-0.2557817205184112,-0.26214623771109513,0.17642961022904705,-0.2576581812692236,-0.01381207747923932
1770791607.6719444,1.2999999999926561,0.0,0.020000000000000007,1.2310198582863807,0.0,0.09689454200208183,0.25,-0.2520342087409315,-0.2573281712871195,0.21825232484499954,-0.25351830640050305,-0.034066595085180736
1770791608.0928366,1.299999999993978,0.0,0.020000000000000007,1.2310198582863807,0.0,0.09689454200208183,0.25,-0.25211965020537525,-0.2533376894373867,0.24856712191961358,-0.2504738269065897,-0.003169257295176259
1770791608.5054455,1.299999999995062,0.0,0.020000000000000007,1.2310198582863807,0.0,0.09689454200208183,0.25,-0.25355250439867855,-0.252948149722997,0.2517242675278637,-0.2488993301075092,-0.0039061270155156536
1770791608.9142132,1.2999999999959508,0.0,0.020000000000000007,1.2310198582863807,0.0,0.09689454200208183,0.25,-0.24443168064610385,-0.24931212816754386,0.2506974056986397,-0.24796521910680838,-0.0014642713290775073
1770791609.3348603,1.2999999999966796,0.0,0.020000000000000007,1.2310198582863807,0.0,0.09689454200208183,0.25,-0.2148860463167475,-0.24113009583517417,0.2511942708829099,-0.24762253529381423,-0.004474758993529354
1770791609.754671,1.2999999999972773,0.0,0.020000000000000007,1.2310198582863807,0.0,0.09689454200208183,0.25,-0.03828657525623485,-0.10902016331796763,0.24134677488053438,-0.2143303036450008,-0.06463751844786354
1770791610.1711187,1.2999999999977674,0.0,0.020000000000000007,1.2310198582863807,0.0,0.09689454200208183,0.25,-0.03822172299993763,-0.04929038811480697,0.248862560250278,-0.17884548742616213,-0.06946347102728345
1770791610.589796,1.2999999999981693,0.0,0.020000000000000007,1.2310198582863807,0.0,0.09689454200208183,0.25,-0.03891210852094597,-0.01827391076095068,0.25014601884652765,-0.15078147149784613,-0.06920620080780698
1770791611.0091865,1.2999999999984988,0.0,0.020000000000000007,1.2310198582863807,0.0,0.09689454200208183,0.25,-0.039758815993285374,-0.00826203269532396,0.24784050468518865,-0.1274051592375473,-0.0640686898119529
1770791611.440992,1.299999999998769,0.0,0.020000000000000007,1.2310198582863807,0.0,0.09689454200208183,0.25,-0.04126511534365567,-0.003735444763387413,0.24871596864379844,-0.10982835323464248,-0.05608816619211957
1770791611.8551583,1.2999999999989906,0.0,0.020000000000000007,1.2310198582863807,0.0,0.09689454200208183,0.25,-0.043696817556333985,-0.0016888758608055005,0.24828119800788828,-0.09423052128647802,-0.04954940789976442
1770791612.2664435,1.2999999999991723,0.0,0.020000000000000007,1.2310198582863807,0.0,0.09689454200208183,0.25,-0.04679810990689362,-0.000763577526608898,0.24732097967684005,-0.0849419058639807,-0.045697046034095586
1770791612.6832771,1.2999999999993213,0.0,0.020000000000000007,1.2310198582863807,0.0,0.09689454200208183,0.25,-0.052030850048544956,-0.00028308861248602666,0.24804144837536826,-0.07903312748105694,-0.041924448897209574
1770791613.1102524,1.2999999999994434,0.0,0.020000000000000007,1.2310198582863807,0.0,0.09689454200208183,0.25,-0.05847493873392679,-0.00012799052171314035,0.24861267591231204,-0.07465910920348508,-0.03909028525633112
1770791613.5269911,1.2999999999995435,0.0,0.020000000000000007,1.2310198582863807,0.0,0.09689454200208183,0.23958333333333343,-0.06875521684220921,-0.035813382592311316,0.24875768103403492,-0.07285398254393878,-0.027875160342469858
1770791613.9456065,1.2999999999996257,0.0,0.020000000000000007,1.2310198582863807,0.0,0.09689454200208183,0.21875000000000006,-0.08468944923801615,-0.05959179753313569,0.22560587783595767,-0.07249087096146581,-0.013341725708369976
1770791614.368117,1.299999999999693,0.0,0.020000000000000007,1.2310198582863807,0.0,0.09689454200208183,0.19791666666666674,-0.1095911569849302,-0.08215321921994424,0.2071864920738765,-0.0764180019972119,-0.01253014712215053
1770791614.8084633,1.2999999999997482,0.0,0.020000000000000007,1.2310198582863807,0.0,0.09689454200208183,0.17708333333333337,-0.16189679824241726,-0.11995725101607792,0.20589713801265022,-0.0878261210609666,-0.04602018156324798
1770791615.22361,1.2999999999997935,0.0,0.020000000000000007,1.2310198582863807,0.0,0.09689454200208183,0.0,-0.5,-0.2962200073984328,0.12222084793465081,-0.13976155294512663,-0.2056436183497199
1770791615.6382542,1.2999999999997935,0.0,0.020000000000000007,1.2310198582863807,0.0,0.0969460095697641,0.0,-0.5,-0.3,-0.006897410700119063,-0.207708860509208,-0.059837711201923195
1770791616.058273,1.2999999999997935,0.0,0.020000000000000007,1.2310198582863807,0.0,0.0969460095697641,0.0,-0.5,-0.3,-0.00672708704106232,-0.1999876402688744,-0.05750538893065848
1770791616.4729161,1.2999999999997935,0.0,0.020000000000000007,1.2310198582863807,0.0,0.0969460095697641,0.0,-0.5,-0.3,-0.006146873765778126,-0.15902265454643447,-0.08073204506480489
1770791616.8927944,1.2999999999997935,0.0,0.020000000000000007,1.2310198582863807,0.0,0.09699549239933487,0.0,-0.5,-0.3,-0.004056345948069184,-0.12572004163845057,-0.09452658641964228
1770791617.3176787,1.2999999999997935,0.0,0.020000000000000007,1.2310198582863807,0.0,0.09705047429382797,0.0,-0.5,-0.3,-0.0030639481614800138,-0.09759323823436661,-0.10708000938470509
1770791617.734867,1.2999999999997935,0.0,0.020000000000000007,1.2310198582863807,0.0,0.0971099914014339,0.0,-0.5,-0.3,-0.0026716212279338843,-0.07699181186181643,-0.11623585793428068
1770791618.1515598,1.2999999999997935,0.0,0.020000000000000007,1.2310198582863807,0.0,0.09717275846660134,0.0,-0.5,-0.3,-0.002167754436819821,-0.05950274271353972,-0.12416528999487762
1770791618.5666368,1.2999999999997935,0.0,0.020000000000000007,1.2310198582863807,0.0,0.09723823699295517,0.0,-0.5,-0.3,-0.0013865281195586852,-0.04734392462553291,-0.1289304476155929
1770791619.0008152,1.2999999999997935,0.0,0.020000000000000007,1.2310198582863807,0.0,0.09730557802379128,0.0,-0.5,-0.3,-0.001182365969916028,-0.036487184116221996,-0.13402444796273613
1770791619.4219441,1.2999999999997935,0.0,0.020000000000000007,1.2310198582863807,0.0,0.09737455589950081,0.0,-0.5,-0.3,-0.0009215886577856485,-0.029040647987283744,-0.13714591827703762
1770791619.8658068,1.2999999999997935,0.0,0.020000000000000007,1.2310198582863807,0.0,0.09744464676856991,0.0,-0.5,-0.3,-0.0007174574733251414,-0.023042686529690458,-0.13979591035423924
1770791620.287399,1.2999999999997935,0.0,0.020000000000000007,1.2310198582863807,0.0,0.09751562724053857,0.0,-0.5,-0.3,-0.0005731233563092528,-0.017814148654280732,-0.14218890281670984
1770791620.7208602,1.2999999999997935,0.0,0.020000000000000007,1.2310198582863807,0.0,0.0975873777478933,0.0,-0.5,-0.3,-0.0004055328607764479,-0.013628248971838158,-0.1440099983431016
1770791621.136546,1.2999999999997935,0.0,0.020000000000000007,1.2310198582863807,0.0,0.09765974204123018,0.0,-0.5,-0.3,-0.0003119333671108244,-0.010774983157348438,-0.14520976836988558
1770791621.5713317,1.2999999999997935,0.0,0.020000000000000007,1.2310198582863807,0.0,0.09773252269387243,0.0,-0.5,-0.3,-0.00020606219152008323,-0.00826923278667228,-0.14632202083525153
1770791621.989189,1.2999999999997935,0.0,0.020000000000000007,1.2310198582863807,0.0,0.09780566818058489,0.0,-0.5,-0.3,-0.00019313487537546422,-0.006603623311535402,-0.14705788416712146
1770791622.4086487,1.2999999999997935,0.0,0.020000000000000007,1.2310198582863807,0.0,0.09787905472278594,0.0,-0.5,-0.3,-0.0001292715394349783,-0.005058243109114516,-0.14775468800511982
1770791622.8268023,1.2999999999997935,0.0,0.020000000000000007,1.2310198582863807,0.0,0.09795266522407531,0.0,-0.5,-0.3,-0.00010617660126561998,-0.003977182601072735,-0.14822569135153343
1770791623.2488062,1.2999999999997935,0.0,0.020000000000000007,1.2310198582863807,0.0,0.09802643182456493,0.0,-0.5,-0.3,-7.009697690123932e-05,-0.003124924277117192,-0.1485928606707382
1770791623.6700723,1.2999999999997935,0.0,0.020000000000000007,1.2310198582863807,0.0,0.09810032161891459,0.0,-0.5,-0.3,-6.913666556269596e-05,-0.002514125317111751,-0.14887315390300734
1770791624.0927117,1.2999999999997935,0.0,0.020000000000000007,1.2310198582863807,0.0,0.09817429924488066,0.0,-0.5,-0.3,-4.2346466471144566e-05,-0.002082529392114353,-0.1490442413629137
1770791624.522885,1.2999999999997935,0.0,0.020000000000000007,1.2310198582863807,0.0,0.09824833929121493,0.0,-0.5,-0.3,-3.5976229412178804e-05,-0.0016347015507350738,-0.14926340823818254
1770791624.9477565,1.2999999999997935,0.0,0.020000000000000007,1.2310198582863807,0.0,0.09832244374275206,0.0,-0.5,-0.3,-2.3931096556203325e-05,-0.0013642517937826684,-0.1493688501753601
1770791625.3623044,1.2999999999997935,0.0,0.020000000000000007,1.2310198582863807,0.0,0.09839658718824386,0.0,-0.5,-0.3,-1.8570825000905817e-05,-0.0010582709373137262,-0.14952003344199094
1770791625.7836142,1.2999999999997935,0.0,0.020000000000000007,1.2310198582863807,0.0,0.09847077462196349,0.0,-0.5,-0.3,-1.4409526996688327e-05,-0.0007558266482456081,-0.1496667406317807
1770791626.1942923,1.2999999999997935,0.0,0.020000000000000007,1.2310198582863807,0.0,0.09854500551283359,0.0,-0.5,-0.3,-1.1189360877286896e-05,-0.0007049307287464982,-0.14966381358845396
1770791626.6092446,1.2999999999997935,0.0,0.020000000000000007,1.2310198582863807,0.0,0.09861924374222755,0.0,-0.5,-0.3,-9.453243805345127e-06,-0.0004927548533808245,-0.1497842934046515
1770791627.0205314,1.2999999999997935,0.0,0.020000000000000007,1.2310198582863807,0.0,0.09869351241469383,0.0,-0.5,-0.3,-7.336218280009072e-06,-0.0003546191478522981,-0.1498438402149067
1770791627.4408836,1.2999999999997935,0.0,0.020000000000000007,1.2310198582863807,0.0,0.09876780092477798,0.0,-0.5,-0.3,-5.379160690310961e-06,-0.00012701437252651577,-0.14996463245195965
1770791627.86501,1.2999999999997935,0.0,0.020000000000000007,1.2310198582863807,0.0,0.0988421220934391,0.0,-0.5,-0.3,-3.8110591377709077e-06,-0.00014300879983922168,-0.14993390610194943
1770791628.2785718,1.2999999999997935,0.0,0.020000000000000007,1.2310198582863807,0.0,0.09891644100368022,0.0,-0.5,-0.3,-2.9577297358814268e-06,-2.7144869511363548e-05,-0.15000097168801296
1770791628.7007816,1.2999999999997935,0.0,0.020000000000000007,1.2310198582863807,0.0,0.09899077651679515,0.0,-0.5,-0.3,-2.4974076399544133e-06,-4.059877306004465e-05,-0.1499835434114648
1770791629.1142797,1.2999999999997935,0.0,0.020000000000000007,1.2310198582863807,0.0,0.09906511009871959,0.0,-0.5,-0.3,-1.8441132879512877e-06,-6.23487958008464e-05,-0.14997284471766162
1770791629.5458174,1.2999999999997935,0.0,0.020000000000000007,1.2310198582863807,0.0,0.09913944056928156,0.0,-0.5,-0.3,-1.295279090827465e-06,-9.098257678680104e-05,-0.149958667368796
1770791629.958494,1.2999999999997935,0.0,0.020000000000000007,1.2310198582863807,0.0,0.09921376696825025,0.0,-0.5,-0.3,-1.0065236506836312e-06,-0.00015664077370299245,-0.1499292519564908
1770791630.369053,1.2999999999997935,0.0,0.020000000000000007,1.2310198582863807,0.0,0.09928808397412298,0.0,-0.5,-0.3,-7.813567093376803e-07,-0.00018465511848928196,-0.1499112552319433
1770791630.7868853,1.2999999999997935,0.0,0.020000000000000007,1.2310198582863807,0.0,0.0993623969352245,0.0,-0.5,-0.3,-6.070715065366575e-07,-0.00021442409386827785,-0.14989637192211028
1770791631.2098017,1.2999999999997935,0.0,0.020000000000000007,1.2310198582863807,0.0,0.09943670565307137,0.0,-0.5,-0.3,-5.198294303317765e-07,-0.00011160499417492673,-0.14995499924231218
1770791631.6212547,1.2999999999997935,0.0,0.020000000000000007,1.2310198582863807,0.0,0.09951102909624573,0.0,-0.5,-0.3,-4.03185459657485e-07,-2.0944225997946365e-06,-0.15001030703131726
1770791632.0504465,1.2999999999997935,0.0,0.020000000000000007,1.2310198582863807,0.0,0.09958536824107167,0.0,-0.5,-0.3,-2.675702783627406e-07,5.5684545138579735e-05,-0.15003388773962148
1770791632.4754205,1.2999999999997935,0.0,0.020000000000000007,1.2310198582863807,0.0,0.09965971565246579,0.0,-0.5,-0.3,-2.0683459445724937e-07,1.1103770559144998e-05,-0.15001021679733195
1770791632.8943386,1.2999999999997935,0.0,0.020000000000000007,1.2310198582863807,0.0,0.0997340566962957,0.0,-0.5,-0.3,-1.9323297090813207e-07,6.595149149466976e-05,-0.1500386537508118
1770791633.314709,1.2999999999997935,0.0,0.020000000000000007,1.2310198582863807,0.0,0.0998084055882692,0.0,-0.5,-0.3,-1.370345272495109e-07,3.090506690429869e-05,-0.15001909421043844
1770791633.7299175,1.2999999999997935,0.0,0.020000000000000007,1.2310198582863807,0.0,0.09988274946451184,0.0,-0.5,-0.3,-9.501124682152313e-08,2.9720865060631512e-06,-0.15000437435253966
1770791634.1412659,1.2999999999997935,0.0,0.020000000000000007,1.2310198582863807,0.0,0.09995708932280536,0.0,-0.5,-0.3,-7.893824090574525e-08,2.474252585623051e-05,-0.15001462724510403
1770791634.5550368,1.2999999999997935,0.0,0.020000000000000007,1.2310198582863807,0.0,0.10003143232464787,0.0,-0.5,-0.3,-6.667680260285149e-08,-1.1584000618854334e-05,-0.14999790732914067
1770791634.9800103,1.2999999999997935,0.0,0.020000000000000007,1.2310198582863807,0.0,0.10010577012300488,0.0,-0.5,-0.3,-5.1749417584833375e-08,-7.40486239012486e-05,-0.1499692738997952
1770791635.4109027,1.2999999999997935,0.0,0.020000000000000007,1.2310198582863807,0.0,0.10018009896278378,0.0,-0.5,-0.3,-3.415665765075715e-08,-0.00011410602074778387,-0.1499469868859684
1770791635.8317044,1.2999999999997935,0.0,0.020000000000000007,1.2310198582863807,0.0,0.10025442205727096,0.0,-0.5,-0.3,-2.682896404260308e-08,9.633494153223122e-06,-0.15001721752753075
1770791636.2474957,1.2999999999997935,0.0,0.020000000000000007,1.2310198582863807,0.0,0.10032876289188858,0.0,-0.5,-0.3,-1.861057021367724e-08,-4.309267593185247e-05,-0.1499837448896128
1770791636.6603997,1.2999999999997935,0.0,0.020000000000000007,1.2310198582863807,0.0,0.10040309618413444,0.0,-0.5,-0.3,-1.463554695082691e-08,-2.485562353750487e-06,-0.15000283256572786
1770791637.0780928,1.2999999999997935,0.0,0.020000000000000007,1.2310198582863807,0.0,0.10047743526458736,0.0,-0.5,-0.3,-1.1216018587800486e-08,2.762069888534739e-05,-0.15001683219158515
1770791637.5101519,1.2999999999997935,0.0,0.020000000000000007,1.2310198582863807,0.0,0.10055177865803237,0.0,-0.5,-0.3,-1.057933282566028e-08,0.00017449877434063023,-0.15010194777404864
1770791637.9365644,1.2999999999997935,0.0,0.020000000000000007,1.2310198582863807,0.0,0.10062614309608932,0.0,-0.5,-0.3,-7.407764694958245e-09,4.836362118503941e-05,-0.15003680273367279
1770791638.3703244,1.2999999999997935,0.0,0.020000000000000007,1.2310198582863807,0.0,0.10070048946678634,0.0,-0.5,-0.3,-5.6519186927087855e-09,6.522336518858257e-06,-0.15000745094864473
1770791638.7887616,1.2999999999997935,0.0,0.020000000000000007,1.2310198582863807,0.0,0.10077482984542842,0.0,-0.5,-0.3,-4.627083321387099e-09,7.868290662079407e-07,-0.1500009715923617
1770791639.2121959,1.2999999999997935,0.0,0.020000000000000007,1.2310198582863807,0.0,0.10084916940867895,0.0,-0.5,-0.3,-3.094812772253638e-09,-9.501839601339343e-05,-0.14996207441931403
1770791639.6369367,1.2999999999997935,0.0,0.020000000000000007,1.2310198582863807,0.0,0.10092349524438375,0.0,-0.5,-0.3,-2.396737627119381e-09,-0.00014569260087305655,-0.14993222351678706
1770791640.056621,1.2999999999997935,0.0,0.020000000000000007,1.2310198582863807,0.0,0.10099781382203096,0.0,-0.5,-0.3,-1.686091115154114e-09,-0.00014682731031524532,-0.14992670150187773
1770791640.480816,1.2999999999997935,0.0,0.020000000000000007,1.2310198582863807,0.0,0.1010721322280168,0.0,-0.5,-0.3,-1.3056884002545774e-09,-0.00017787705556350478,-0.14991416775243147
1770791640.8938048,1.2999999999997935,0.0,0.020000000000000007,1.2310198582863807,0.0,0.10114644618153566,0.0,-0.5,-0.3,-1.0106983988871965e-09,-0.00018752281112331887,-0.1499072041806927
1770791641.3032942,1.2999999999997935,0.0,0.020000000000000007,1.2310198582863807,0.0,0.10122075876712794,0.0,-0.5,-0.3,-8.074501922536514e-10,-0.00020953662844947876,-0.14989743387495807
1770791641.717419,1.2999999999997935,0.0,0.020000000000000007,1.2310198582863807,0.0,0.10129506818771357,0.0,-0.5,-0.3,-6.301849474200559e-10,-0.0001096992149479429,-0.14995513476406114
1770791642.130627,1.2999999999997935,0.0,0.020000000000000007,1.2310198582863807,0.0,0.10136939191520208,0.0,-0.5,-0.3,-4.893710758982094e-10,-9.959405959643564e-05,-0.149951213975108
1770791642.5434794,1.2999999999997935,0.0,0.020000000000000007,1.2310198582863807,0.0,0.10144371709108348,0.0,-0.5,-0.3,-3.5496704583101473e-10,6.272408482906397e-06,-0.15001372320601644
1770791642.968823,1.2999999999997935,0.0,0.020000000000000007,1.2310198582863807,0.0,0.10151805743753906,0.0,-0.5,-0.3,-2.670792543448682e-10,2.515256177510419e-05,-0.150014464563296
1770791643.3941827,1.2999999999997935,0.0,0.020000000000000007,1.2310198582863807,0.0,0.10159240048766131,0.0,-0.5,-0.3,-2.0793837440494494e-10,9.216455668862762e-05,-0.15005278368577404
1770791643.8175066,1.2999999999997935,0.0,0.020000000000000007,1.2310198582863807,0.0,0.101666753129363,0.0,-0.5,-0.3,-1.666599021417706e-10,-2.5842474006109836e-05,-0.14999887963272632
1770791644.2377756,1.2999999999997935,0.0,0.020000000000000007,1.2310198582863807,0.0,0.10174108887851233,0.0,-0.5,-0.3,-1.2915672052965764e-10,3.524021218001052e-05,-0.1500237285038653
1770791644.6544986,1.2999999999997935,0.0,0.020000000000000007,1.2310198582863807,0.0,0.10181543337166303,0.0,-0.5,-0.3,-9.043927456782805e-11,0.00010506867891677999,-0.15005951727657132
1770791645.085352,1.2999999999997935,0.0,0.020000000000000007,1.2310198582863807,0.0,0.1018897878801822,0.0,-0.5,-0.3,-7.065337981224659e-11,0.0001245239198223088,-0.15006420755465508
1770791645.501374,1.2999999999997935,0.0,0.020000000000000007,1.2310198582863807,0.0,0.10196414518356317,0.0,-0.5,-0.3,-5.3559989694921807e-11,-9.591759868170028e-05,-0.14997408540606952
1770791645.924053,1.2999999999997935,0.0,0.020000000000000007,1.2310198582863807,0.0,0.10203847088515752,0.0,-0.5,-0.3,-4.4168547080552214e-11,-0.0001395628824629767,-0.1499345831313152
1770791646.358012,1.2999999999997935,0.0,0.020000000000000007,1.2310198582863807,0.0,0.10211279033184045,0.0,-0.5,-0.3,-3.096751975648316e-11,-0.00014190077032168164,-0.14992928343459253
1770791646.7744045,1.2999999999997935,0.0,0.020000000000000007,1.2310198582863807,0.0,0.10218710943520062,0.0,-0.5,-0.3,-2.405610886965427e-11,-0.00021177080634740927,-0.14990110162448497
1770791647.2124112,1.2999999999997935,0.0,0.020000000000000007,1.2310198582863807,0.0,0.10226141854465001,0.0,-0.5,-0.3,-1.949004014925577e-11,-0.0001071390665356746,-0.14995689366020337
1770791647.639541,1.2999999999997935,0.0,0.020000000000000007,1.2310198582863807,0.0,0.10233574265301221,0.0,-0.5,-0.3,-1.4281761364392777e-11,6.130117113252345e-05,-0.15004749462361483
1770791648.0633109,1.2999999999997935,0.0,0.020000000000000007,1.2310198582863807,0.0,0.10241009088516229,0.0,-0.5,-0.3,-1.0537662001569195e-11,1.689630299411414e-05,-0.15001288864884854
1770791648.4726617,1.2999999999997935,0.0,0.020000000000000007,1.2310198582863807,0.0,0.10248443274974817,0.0,-0.5,-0.3,-9.970959800608077e-12,3.199742624360988e-05,-0.1500175088354177
1770791648.8864582,1.2999999999997935,0.0,0.020000000000000007,1.2310198582863807,0.0,0.10255877677619452,0.0,-0.5,-0.3,-7.735381253062961e-12,7.638045027704224e-05,-0.15004262853527722
1770791649.299231,1.2999999999997935,0.0,0.020000000000000007,1.2310198582863807,0.0,0.10263312719166273,0.0,-0.5,-0.3,-4.933734522635116e-12,5.5067711327600494e-05,-0.1500296651344925
1770791649.7091901,1.2999999999997935,0.0,0.020000000000000007,1.2310198582863807,0.0,0.10270747453331941,0.0,-0.5,-0.3,-4.032014442555489e-12,-9.475702085005122e-05,-0.14996760396682476
1770791650.1261432,1.2999999999997935,0.0,0.020000000000000007,1.2310198582863807,0.0,0.10278180041730398,0.0,-0.5,-0.3,-3.141766035845818e-12,-0.00012622588531875954,-0.14994003394692926
1770791650.545774,1.2999999999997935,0.0,0.020000000000000007,1.2310198582863807,0.0,0.10285612177908414,0.0,-0.5,-0.3,-2.518850797535945e-12,-0.00019281139265493074,-0.149910252856925
1770791650.9812374,1.2999999999997935,0.0,0.020000000000000007,1.2310198582863807,0.0,0.10293043359220021,0.0,-0.5,-0.3,-1.6813692730674944e-12,-0.00015337377214220775,-0.14992725687766154
1770791651.395372,1.2999999999997935,0.0,0.020000000000000007,1.2310198582863807,0.0,0.1030047510647773,0.0,-0.5,-0.3,-1.3866932158489728e-12,-0.00018323795621000847,-0.14991136744168848
1770791651.8240793,1.2999999999997935,0.0,0.020000000000000007,1.2310198582863807,0.0,0.10307906424581997,0.0,-0.5,-0.3,-1.0788315566570333e-12,-0.00013505728235689576,-0.14993728942728568
1770791652.2492332,1.2999999999997935,0.0,0.020000000000000007,1.2310198582863807,0.0,0.10315338435232632,0.0,-0.5,-0.3,-8.379331173588746e-13,-0.00013404578390937565,-0.149933078258728
1770791652.7112238,1.2999999999997935,0.0,0.020000000000000007,1.2310198582863807,0.0,0.10322770460367196,0.0,-0.5,-0.3,-5.720735510007943e-13,-0.0001704886060388626,-0.14991839997976558
1770791653.1327817,1.2999999999997935,0.0,0.020000000000000007,1.2310198582863807,0.0,0.1033020196193456,0.0,-0.5,-0.3,-4.699786899929142e-13,-1.2579880867578792e-05,-0.15000950093255333
1770791653.5554473,1.2999999999997935,0.0,0.020000000000000007,1.2310198582863807,0.0,0.10337635726213448,0.0,-0.5,-0.3,-3.229135309313236e-13,-1.7763571794951135e-05,-0.14999163658351816
1770791653.9705486,1.2999999999997935,0.0,0.020000000000000007,1.2310198582863807,0.0,0.10345069416463368,0.0,-0.5,-0.3,-3.083586864030807e-13,3.195124193658241e-05,-0.1500209471026498
1770791654.3858006,1.2999999999997935,0.0,0.020000000000000007,1.2310198582863807,0.0,0.10352503818035118,0.0,-0.5,-0.3,-1.9521687043605964e-13,-7.486045532423246e-05,-0.14997325094225916
1770791654.8106222,1.2999999999997935,0.0,0.020000000000000007,1.2310198582863807,0.0,0.10359936690211288,0.0,-0.5,-0.3,-1.609893415099575e-13,-0.00011433628884665457,-0.14994677943908988
1770791655.237379,1.2999999999997935,0.0,0.020000000000000007,1.2310198582863807,0.0,0.10367368996441356,0.0,-0.5,-0.3,-1.249078433850091e-13,-0.0001114214557387271,-0.14994458075556633
1770791655.65985,1.2999999999997935,0.0,0.020000000000000007,1.2310198582863807,0.0,0.10374801344513886,0.0,-0.5,-0.3,-8.578481629919144e-14,-0.00017236089568952798,-0.14991991349623612
1770791656.0772426,1.2999999999997935,0.0,0.020000000000000007,1.2310198582863807,0.0,0.10382232820868485,0.0,-0.5,-0.3,-8.152947305922496e-14,-0.00021242323277143586,-0.149897794617404
1770791656.4912314,1.2999999999997935,0.0,0.020000000000000007,1.2310198582863807,0.0,0.10389663722157472,0.0,-0.5,-0.3,-5.160145488031425e-14,-0.00023113104083375042,-0.14988630526044094
1770791656.9254162,1.2999999999997935,0.0,0.020000000000000007,1.2310198582863807,0.0,0.10397094354152672,0.0,-0.5,-0.3,-4.2349625596619386e-14,-0.0002548091548302243,-0.14987496323402688
1770791657.3385127,1.2999999999997935,0.0,0.020000000000000007,1.2310198582863807,0.0,0.10404524647653096,0.0,-0.5,-0.3,-3.294170451288045e-14,-0.00025352419916313497,-0.1498733663960181
1770791657.7555861,1.2999999999997935,0.0,0.020000000000000007,1.2310198582863807,0.0,0.10411954959928983,0.0,-0.5,-0.3,-2.265910531486731e-14,-0.00010235072055174763,-0.1499639419876079
1770791658.1712027,1.2999999999997935,0.0,0.020000000000000007,1.2310198582863807,0.0,0.1041938743835687,0.0,-0.5,-0.3,-2.043775114963653e-14,-0.00015792658272363377,-0.1499265942948758
1770791658.5905435,1.2999999999997935,0.0,0.020000000000000007,1.2310198582863807,0.0,0.10426819119095795,0.0,-0.5,-0.3,-1.3644768134333236e-14,-0.00012680904851618692,-0.1499397072291763
1770791659.0070999,1.2999999999997935,0.0,0.020000000000000007,1.2310198582863807,0.0,0.10434251246690743,0.0,-0.5,-0.3,-1.1140159322595908e-14,-7.709779999571912e-05,-0.1499664222248653
1770791659.4346716,1.2999999999997935,0.0,0.020000000000000007,1.2310198582863807,0.0,0.10441684085607521,0.0,-0.5,-0.3,-8.646421329507346e-15,-1.7075421799482293e-05,-0.14999746452692855
1770791659.8563647,1.2999999999997935,0.0,0.020000000000000007,1.2310198582863807,0.0,0.10449117786586276,0.0,-0.5,-0.3,-5.9303645086536325e-15,-3.157272561560094e-05,-0.14998566336757974
1770791660.2816684,1.2999999999997935,0.0,0.020000000000000007,1.2310198582863807,0.0,0.10456551277816287,0.0,-0.5,-0.3,-5.6763969064796e-15,-0.00010251225165036142,-0.14995583782678398
1770791660.6993248,1.2999999999997935,0.0,0.020000000000000007,1.2310198582863807,0.0,0.10463983754634848,0.0,-0.5,-0.3,-3.8151405340386134e-15,-0.00015033524128783913,-0.14992961467832364
1770791661.1230066,1.2999999999997935,0.0,0.020000000000000007,1.2310198582863807,0.0,0.10471415546953669,0.0,-0.5,-0.3,-2.9249644450403302e-15,-9.081597805649536e-05,-0.1499605439372978
1770791661.5468552,1.2999999999997935,0.0,0.020000000000000007,1.2310198582863807,0.0,0.10478848191678515,0.0,-0.5,-0.3,-2.040294171678367e-15,-0.00017023664696897754,-0.14992282374340882
1770791661.9652116,1.2999999999997935,0.0,0.020000000000000007,1.2310198582863807,0.0,0.10486279695391645,0.0,-0.5,-0.3,-1.5830212916009778e-15,-0.0001544073226832069,-0.14992437927108856
1770791662.3885553,1.2999999999997935,0.0,0.020000000000000007,1.2310198582863807,0.0,0.10493711428165427,0.0,-0.5,-0.3,-1.2312089246230047e-15,-9.368920927772117e-05,-0.1499592272067029
1770791662.8172867,1.2999999999997935,0.0,0.020000000000000007,1.2310198582863807,0.0,0.10501144029974928,0.0,-0.5,-0.3,-1.0064140210920018e-15,-0.00010676337601074628,-0.14994792572866894
1770791663.2529824,1.2999999999997935,0.0,0.020000000000000007,1.2310198582863807,0.0,0.10508576445639124,0.0,-0.5,-0.3,-6.95257927222103e-16,-0.00011962358133445563,-0.14994147422986584
1770791663.671205,1.2999999999997935,0.0,0.020000000000000007,1.2310198582863807,0.0,0.10516008674621573,0.0,-0.5,-0.3,-6.610001923612617e-16,-0.00012569950998167088,-0.14993775783787455
1770791664.0961063,1.2999999999997935,0.0,0.020000000000000007,1.2310198582863807,0.0,0.10523440817236891,0.0,-0.5,-0.3,-4.442175789638868e-16,-5.410011160289905e-05,-0.14998010988403687
1770791664.5128934,1.2999999999997935,0.0,0.020000000000000007,1.2310198582863807,0.0,0.10530873985528937,0.0,-0.5,-0.3,-3.380514807130695e-16,-7.344143146503452e-05,-0.14996521341625402
1770791664.9315653,1.2999999999997935,0.0,0.020000000000000007,1.2310198582863807,0.0,0.10538306878089895,0.0,-0.5,-0.3,-2.67337843221623e-16,-3.843423317364733e-05,-0.1499842836032426
1770791665.3532493,1.2999999999997935,0.0,0.020000000000000007,1.2310198582863807,0.0,0.10545740271687498,0.0,-0.5,-0.3,-2.2523354616693725e-16,-3.644776455380373e-05,-0.1499819747645853
1770791665.779812,1.2999999999997935,0.0,0.020000000000000007,1.2310198582863807,0.0,0.10553173695862283,0.0,-0.5,-0.3,-1.42416137137066e-16,-8.425888043019411e-05,-0.14996265167137268
1770791666.1956909,1.2999999999997935,0.0,0.020000000000000007,1.2310198582863807,0.0,0.10560606433391562,0.0,-0.5,-0.3,-1.1773109525600106e-16,-0.0001284954730714472,-0.1499401759227285
1770791666.6128907,1.2999999999997935,0.0,0.020000000000000007,1.2310198582863807,0.0,0.10568038537919512,0.0,-0.5,-0.3,-9.221100750712858e-17,-0.00013054825859016352,-0.14993493114925688
1770791667.0584,1.2999999999997935,0.0,0.020000000000000007,1.2310198582863807,0.0,0.10575470611333838,0.0,-0.5,-0.3,-7.748734751322736e-17,-0.00013766303621617576,-0.1499318799596546
1770791667.4818423,1.2999999999997935,0.0,0.020000000000000007,1.2310198582863807,0.0,0.10582902583897105,0.0,-0.5,-0.3,-4.8583171395556116e-17,-0.00013301311904316212,-0.14993395843219576
1770791667.8975985,1.2999999999997935,0.0,0.020000000000000007,1.2310198582863807,0.0,0.10590334622442714,0.0,-0.5,-0.3,-4.098887817037595e-17,-6.352379483538891e-05,-0.14997518703500312
1770791668.3128917,1.2999999999997935,0.0,0.020000000000000007,1.2310198582863807,0.0,0.10597767655014984,0.0,-0.5,-0.3,-3.181197181855146e-17,-2.5401345852768028e-05,-0.1499911115719719
1770791668.753786,1.2999999999997935,0.0,0.020000000000000007,1.2310198582863807,0.0,0.10605201235294334,0.0,-0.5,-0.3,-2.135778374813294e-17,7.556224174787899e-05,-0.15004787747963402
1770791669.1680355,1.2999999999997935,0.0,0.020000000000000007,1.2310198582863807,0.0,0.10612636263430111,0.0,-0.5,-0.3,-1.6656902734588062e-17,6.015025164688458e-05,-0.15003161632483358
1770791669.5927355,1.2999999999997935,0.0,0.020000000000000007,1.2310198582863807,0.0,0.10620071070015423,0.0,-0.5,-0.3,-1.2840496291467328e-17,2.027906508883731e-05,-0.15001412665120023
1770791670.0137017,1.2999999999997935,0.0,0.020000000000000007,1.2310198582863807,0.0,0.1062750530689954,0.0,-0.5,-0.3,-1.1035608135127492e-17,9.249571206315619e-05,-0.150053469520729
1770791670.4291837,1.2999999999997935,0.0,0.020000000000000007,1.2310198582863807,0.0,0.10634940578043453,0.0,-0.5,-0.3,-8.573018386422787e-18,0.00017277568941711567,-0.15009441584244393
1770791670.8479128,1.2999999999997935,0.0,0.020000000000000007,1.2310198582863807,0.0,0.10642376997709266,0.0,-0.5,-0.3,-5.681305972685424e-18,6.362446726384651e-05,-0.15004272735584723
1770791671.2620451,1.2999999999997935,0.0,0.020000000000000007,1.2310198582863807,0.0,0.10649811854720108,0.0,-0.5,-0.3,-5.5661156289019775e-18,0.000107087455886891,-0.15005789002680575
1770791671.6777842,1.2999999999997935,0.0,0.020000000000000007,1.2310198582863807,0.0,0.10657247333466999,0.0,-0.5,-0.3,-4.319786122485967e-18,-4.603217858218594e-05,-0.1499922958741558
1770791672.1130466,1.2999999999997935,0.0,0.020000000000000007,1.2310198582863807,0.0,0.10664680618703358,0.0,-0.5,-0.3,-2.8814940089389333e-18,2.1816777725109786e-05,-0.15001769328449327
1770791672.5424948,1.2999999999997935,0.0,0.020000000000000007,1.2310198582863807,0.0,0.10672114877045147,0.0,-0.5,-0.3,-2.248845596514565e-18,1.622948426350272e-07,-0.15000224659570954
1770791672.9616306,1.2999999999997935,0.0,0.020000000000000007,1.2310198582863807,0.0,0.10679548826396458,0.0,-0.5,-0.3,-1.492434628043733e-18,3.521959500612662e-05,-0.1500211155275194
1770791673.402877,1.2999999999997935,0.0,0.020000000000000007,1.2310198582863807,0.0,0.10686983275711529,0.0,-0.5,-0.3,-1.1932522504896067e-18,-2.1445103808035517e-05,-0.1499949439179774
1770791673.8262422,1.2999999999997935,0.0,0.020000000000000007,1.2310198582863807,0.0,0.10694416913926594,0.0,-0.5,-0.3,-9.78760630175838e-19,1.8282842780277974e-05,-0.15001311421604896
1770791674.2397125,1.2999999999997935,0.0,0.020000000000000007,1.2310198582863807,0.0,0.1070185112076997,0.0,-0.5,-0.3,-7.645601743245661e-19,0.0001299064860784722,-0.15007611560736905
1770791674.6598525,1.2999999999997935,0.0,0.020000000000000007,1.2310198582863807,0.0,0.10709286925673478,0.0,-0.5,-0.3,-5.074476134938017e-19,0.00015919975575338986,-0.1500825292048442
1770791675.0711682,1.2999999999997935,0.0,0.020000000000000007,1.2310198582863807,0.0,0.10716723150610917,0.0,-0.5,-0.3,-3.9394449798806074e-19,0.0001634346119002154,-0.1500821407915648
1770791675.4883053,1.2999999999997935,0.0,0.020000000000000007,1.2310198582863807,0.0,0.10724159437775604,0.0,-0.5,-0.3,-3.0601522109605566e-19,0.00014592663457600998,-0.15007471411502044
1770791675.9058647,1.2999999999997935,0.0,0.020000000000000007,1.2310198582863807,0.0,0.10731595472276204,0.0,-0.5,-0.3,-2.59676047749718e-19,0.00016693027239235585,-0.15008556549997779
1770791676.3253279,1.2999999999997935,0.0,0.020000000000000007,1.2310198582863807,0.0,0.1073903180932998,0.0,-0.5,-0.3,-2.0001725664986355e-19,1.5352266356886686e-05,-0.150022833933782
1770791676.7390625,1.2999999999997935,0.0,0.020000000000000007,1.2310198582863807,0.0,0.10746465974330896,0.0,-0.5,-0.3,-1.555549124035431e-19,-4.086012502792443e-05,-0.1499851911766245
1770791677.1569457,1.2999999999997935,0.0,0.020000000000000007,1.2310198582863807,0.0,0.10753899333596223,0.0,-0.5,-0.3,-1.0421895099103517e-19,-2.4204228817635772e-05,-0.1499895634752122
1770791677.5728657,1.2999999999997935,0.0,0.020000000000000007,1.2310198582863807,0.0,0.10761332931041712,0.0,-0.5,-0.3,-8.085489686742795e-20,-1.8799909651231816e-05,-0.149991140477091
1770791677.996784,1.2999999999997935,0.0,0.020000000000000007,1.2310198582863807,0.0,0.10768766605198378,0.0,-0.5,-0.3,-6.831778718615422e-20,-5.892082744321965e-05,-0.14997455167805757
1770791678.4095075,1.2999999999997935,0.0,0.020000000000000007,1.2310198582863807,0.0,0.10776199706435198,0.0,-0.5,-0.3,-5.294378088394008e-20,-5.289998772597086e-05,-0.14997415209010875
1770791678.831216,1.2999999999997935,0.0,0.020000000000000007,1.2310198582863807,0.0,0.10783632892429823,0.0,-0.5,-0.3,-4.1111247521544186e-20,5.088544351955331e-05,-0.15003582126488432
1770791679.2573955,1.2999999999997935,0.0,0.020000000000000007,1.2310198582863807,0.0,0.10791067565441126,0.0,-0.5,-0.3,-2.7512062177015194e-20,5.77344658717085e-05,-0.15002955213517105
1770791679.66707,1.2999999999997935,0.0,0.020000000000000007,1.2310198582863807,0.0,0.10798502337157721,0.0,-0.5,-0.3,-2.132587537296138e-20,2.5642022290367207e-05,-0.1500160302555033
1770791680.092468,1.2999999999997935,0.0,0.020000000000000007,1.2310198582863807,0.0,0.10805936650216574,0.0,-0.5,-0.3,-1.6645905944750148e-20,2.4087838139808342e-05,-0.15001219933748494
1770791680.503355,1.2999999999997935,0.0,0.020000000000000007,1.2310198582863807,0.0,0.10813370941817756,0.0,-0.5,-0.3,-1.3277280115728866e-20,5.711943422996913e-06,-0.15000469356118315
1770791680.9181187,1.2999999999997935,0.0,0.020000000000000007,1.2310198582863807,0.0,0.10820804968416686,0.0,-0.5,-0.3,-1.0866960458191846e-20,-4.742920761606439e-05,-0.14998159951129586
1770791681.340825,1.2999999999997935,0.0,0.020000000000000007,1.2310198582863807,0.0,0.10828238235950466,0.0,-0.5,-0.3,-8.434023828493274e-21,-0.0001070160511653382,-0.14995245065877225
1770791681.7536864,1.2999999999997935,0.0,0.020000000000000007,1.2310198582863807,0.0,0.10835670648932452,0.0,-0.5,-0.3,-5.650752950018941e-21,-0.0001243327742105652,-0.14993956528519922
1770791682.165041,1.2999999999997935,0.0,0.020000000000000007,1.2310198582863807,0.0,0.10843102811932559,0.0,-0.5,-0.3,-5.20239351079221e-21,-0.00018763584817780343,-0.1499125123833078
1770791682.58322,1.2999999999997935,0.0,0.020000000000000007,1.2310198582863807,0.0,0.10850534069955343,0.0,-0.5,-0.3,-3.400250468641736e-21,-0.00024501808830313277,-0.14988322917986097
1770791683.0050735,1.2999999999997935,0.0,0.020000000000000007,1.2310198582863807,0.0,0.10857964502930635,0.0,-0.5,-0.3,-2.868606479645459e-21,-0.0002074279264214022,-0.14990004505297747
1770791683.4206502,1.2999999999997935,0.0,0.020000000000000007,1.2310198582863807,0.0,0.10865395474493497,0.0,-0.5,-0.3,-2.227391823461096e-21,-0.00022648972133805826,-0.14988866131882264
1770791683.8333986,1.2999999999997935,0.0,0.020000000000000007,1.2310198582863807,0.0,0.10872826175689691,0.0,-0.5,-0.3,-1.7258373517029777e-21,-0.00025514669313064586,-0.14987529235061392
1770791684.2637055,1.2999999999997935,0.0,0.020000000000000007,1.2310198582863807,0.0,0.10880256463289255,0.0,-0.5,-0.3,-1.3035548982181932e-21,-0.0002195571754043024,-0.1498937803640705
1770791684.681165,1.2999999999997935,0.0,0.020000000000000007,1.2310198582863807,0.0,0.1088768726319074,0.0,-0.5,-0.3,-8.990695638391545e-22,-3.8539605384975417e-07,-0.1500217244799081
1770791685.0920544,1.2999999999997935,0.0,0.020000000000000007,1.2310198582863807,0.0,0.1089512120074033,0.0,-0.5,-0.3,-8.350718843025735e-22,1.1167142819128089e-05,-0.15000673882529686
1770791685.5048087,1.2999999999997935,0.0,0.020000000000000007,1.2310198582863807,0.0,0.10902555306196206,0.0,-0.5,-0.3,-5.902492223893844e-22,7.585749969869735e-05,-0.1500443977855373
1770791685.9303768,1.2999999999997935,0.0,0.020000000000000007,1.2310198582863807,0.0,0.10909990337550633,0.0,-0.5,-0.3,-4.591791992293186e-22,9.395296970404011e-05,-0.15004878603185257
1770791686.3585887,1.2999999999997935,0.0,0.020000000000000007,1.2310198582863807,0.0,0.10917425629615776,0.0,-0.5,-0.3,-3.0664173829167417e-22,0.0001690090370346411,-0.1500920101252504
1770791686.7758908,1.2999999999997935,0.0,0.020000000000000007,1.2310198582863807,0.0,0.10924861996173851,0.0,-0.5,-0.3,-2.84890224408483e-22,4.016265157585089e-05,-0.1500329659643338
1770791687.1960166,1.2999999999997935,0.0,0.020000000000000007,1.2310198582863807,0.0,0.10932296515762799,0.0,-0.5,-0.3,-1.8966890183342133e-22,4.166245430576029e-05,-0.15002098120742585
1770791687.6145482,1.2999999999997935,0.0,0.020000000000000007,1.2310198582863807,0.0,0.10939731056272976,0.0,-0.5,-0.3,-1.4749578378665568e-22,-2.1966290304925738e-05,-0.1499953797293086
1770791688.0333574,1.2999999999997935,0.0,0.020000000000000007,1.2310198582863807,0.0,0.10947164687514298,0.0,-0.5,-0.3,-1.1436855647698758e-22,-5.034657571764205e-05,-0.14997766474068247
1770791688.4506614,1.2999999999997935,0.0,0.020000000000000007,1.2310198582863807,0.0,0.10954597909986966,0.0,-0.5,-0.3,-9.168701382331585e-23,-0.00010274731806444026,-0.14995386641520247
1770791688.869632,1.2999999999997935,0.0,0.020000000000000007,1.2310198582863807,0.0,0.10962030383586877,0.0,-0.5,-0.3,-6.306605548933595e-23,-1.6590245506694972e-05,-0.1500003205845024
1770791689.303439,1.2999999999997935,0.0,0.020000000000000007,1.2310198582863807,0.0,0.10969464089393609,0.0,-0.5,-0.3,-5.152261084027355e-23,-5.3411465564729456e-05,-0.14997697638922342
1770791689.7230105,1.2999999999997935,0.0,0.020000000000000007,1.2310198582863807,0.0,0.10976897267878048,0.0,-0.5,-0.3,-4.22774714325957e-23,-1.0584655279169004e-05,-0.14999899035338898
1770791690.135676,1.2999999999997935,0.0,0.020000000000000007,1.2310198582863807,0.0,0.10984331059515469,0.0,-0.5,-0.3,-3.2833576426661535e-23,8.889388800383156e-05,-0.15005439479833022
1770791690.5500102,1.2999999999997935,0.0,0.020000000000000007,1.2310198582863807,0.0,0.10991766277551644,0.0,-0.5,-0.3,-2.1855303986622125e-23,9.453110037585886e-05,-0.15004782927142513
1770791690.9737952,1.2999999999997935,0.0,0.020000000000000007,1.2310198582863807,0.0,0.10999201576590531,0.0,-0.5,-0.3,-1.6624773222267424e-23,0.0001634023687701417,-0.1500885883112245
1770791691.3901732,1.2999999999997935,0.0,0.020000000000000007,1.2310198582863807,0.0,0.11006637861609452,0.0,-0.5,-0.3,-1.2932790485197901e-23,0.0001848163601719186,-0.15009454957922613
1770791691.8159447,1.2999999999997935,0.0,0.020000000000000007,1.2310198582863807,0.0,0.11014074454009526,0.0,-0.5,-0.3,-1.1110095395672403e-23,0.00013609582182719647,-0.15007291996474809
1770791692.2304375,1.2999999999997935,0.0,0.020000000000000007,1.2310198582863807,0.0,0.11021510348498814,0.0,-0.5,-0.3,-8.64571245476721e-24,8.449494368690836e-05,-0.15004740755965748
1770791692.6549356,1.2999999999997935,0.0,0.020000000000000007,1.2310198582863807,0.0,0.11028945503771298,0.0,-0.5,-0.3,-5.642986496576328e-24,-2.3911807372403142e-06,-0.15000749302207378
1770791693.087355,1.2999999999997935,0.0,0.020000000000000007,1.2310198582863807,0.0,0.11036379414498798,0.0,-0.5,-0.3,-4.397419910307493e-24,-2.2345055776253455e-05,-0.14999082285961576
1770791693.5346866,1.2999999999997935,0.0,0.020000000000000007,1.2310198582863807,0.0,0.11043813040912144,0.0,-0.5,-0.3,-3.5663298468710436e-24,-1.3627564101264127e-05,-0.14999405796711685
1770791693.9603586,1.2999999999997935,0.0,0.020000000000000007,1.2310198582863807,0.0,0.11051246789634221,0.0,-0.5,-0.3,-2.5130777114565785e-24,0.00010065373305722973,-0.15006175499624447
1770791694.3844972,1.2999999999997935,0.0,0.020000000000000007,1.2310198582863807,0.0,0.11058682177186005,0.0,-0.5,-0.3,-2.3188182803285447e-24,5.3305384713196045e-06,-0.15001219758869422
1770791694.7983825,1.2999999999997935,0.0,0.020000000000000007,1.2310198582863807,0.0,0.11066116198956959,0.0,-0.5,-0.3,-1.5652012033329397e-24,0.00015545552089431142,-0.15009274025868943
1770791695.2124178,1.2999999999997935,0.0,0.020000000000000007,1.2310198582863807,0.0,0.11073552371859542,0.0,-0.5,-0.3,-1.2851319957019153e-24,0.0001825657589880002,-0.15009399390330336
1770791695.6500275,1.2999999999997935,0.0,0.020000000000000007,1.2310198582863807,0.0,0.11080988932073108,0.0,-0.5,-0.3,-8.455497559839002e-25,0.0001956255644548868,-0.15009911876277413
1770791696.062702,1.2999999999997935,0.0,0.020000000000000007,1.2310198582863807,0.0,0.11088425677895537,0.0,-0.5,-0.3,-6.570519871957586e-25,0.00010896249809947263,-0.15006314755568528
1770791696.4760401,1.2999999999997935,0.0,0.020000000000000007,1.2310198582863807,0.0,0.11095861182928077,0.0,-0.5,-0.3,-5.107114334271898e-25,7.528340788619885e-05,-0.15004100961296443
1770791696.8906898,1.2999999999997935,0.0,0.020000000000000007,1.2310198582863807,0.0,0.11103296205699435,0.0,-0.5,-0.3,-3.9613100681774897e-25,-5.647329455658806e-05,-0.14998493902296597
1770791697.3043823,1.2999999999997935,0.0,0.020000000000000007,1.2310198582863807,0.0,0.11110729342341415,0.0,-0.5,-0.3,-3.2325769590262216e-25,-8.784236927145073e-05,-0.14995921572283574
1770791697.7162952,1.2999999999997935,0.0,0.020000000000000007,1.2310198582863807,0.0,0.11118162028908721,0.0,-0.5,-0.3,-2.50738943187978e-25,-0.0001430513703534676,-0.14993399521493145
1770791698.1323757,1.2999999999997935,0.0,0.020000000000000007,1.2310198582863807,0.0,0.1112559392476081,0.0,-0.5,-0.3,-1.942753270075431e-25,-0.00024480372367118725,-0.14988777337349618
1770791698.566314,1.2999999999997935,0.0,0.020000000000000007,1.2310198582863807,0.0,0.11133024362027637,0.0,-0.5,-0.3,-1.346149080839927e-25,-0.00021859966174602366,-0.14989332057531948
1770791698.9835358,1.2999999999997935,0.0,0.020000000000000007,1.2310198582863807,0.0,0.11140455174267283,0.0,-0.5,-0.3,-1.0480210230786936e-25,-0.0002222556314133484,-0.14988923778126004
1770791699.415505,1.2999999999997935,0.0,0.020000000000000007,1.2310198582863807,0.0,0.11147885934472075,0.0,-0.5,-0.3,-8.501390750431885e-26,-4.9380387415656235e-05,-0.14999259733069195
1770791699.8289313,1.2999999999997935,0.0,0.020000000000000007,1.2310198582863807,0.0,0.11155319171428672,0.0,-0.5,-0.3,-6.559084209564132e-26,-7.063309562767769e-05,-0.14996680872300736
1770791700.2520435,1.2999999999997935,0.0,0.020000000000000007,1.2310198582863807,0.0,0.11162752104222766,0.0,-0.5,-0.3,-4.5986078428803414e-26,-9.88778453048568e-05,-0.14995338555231527
1770791700.6838298,1.2999999999997935,0.0,0.020000000000000007,1.2310198582863807,0.0,0.11170184630930416,0.0,-0.5,-0.3,-3.567580676535255e-26,-3.853154373614128e-05,-0.1499867688582888
1770791701.0989208,1.2999999999997935,0.0,0.020000000000000007,1.2310198582863807,0.0,0.11177618022918694,0.0,-0.5,-0.3,-2.874902550806468e-26,0.00010172040752004662,-0.15006488539888563
1770791701.5114353,1.2999999999997935,0.0,0.020000000000000007,1.2310198582863807,0.0,0.11185053425490848,0.0,-0.5,-0.3,-2.232267344254019e-26,0.00011692221185539696,-0.15005998128636122
1770791701.9403374,1.2999999999997935,0.0,0.020000000000000007,1.2310198582863807,0.0,0.11192489045858375,0.0,-0.5,-0.3,-1.730727392493381e-26,0.0001123553968802207,-0.1500566343799376
1770791702.3602724,1.2999999999997935,0.0,0.020000000000000007,1.2310198582863807,0.0,0.11199924601316444,0.0,-0.5,-0.3,-1.2133201091528414e-26,3.0058086436107057e-05,-0.15002325877426245
1770791702.776279,1.2999999999997935,0.0,0.020000000000000007,1.2310198582863807,0.0,0.11207358976602547,0.0,-0.5,-0.3,-9.404110068452684e-27,-8.055181759340561e-05,-0.14997078508160624
1770791703.1913803,1.2999999999997935,0.0,0.020000000000000007,1.2310198582863807,0.0,0.11214791768312446,0.0,-0.5,-0.3,-8.792515978457168e-27,-0.00012061105195713516,-0.1499437003974578
1770791703.6080189,1.2999999999997935,0.0,0.020000000000000007,1.2310198582863807,0.0,0.11222223986029617,0.0,-0.5,-0.3,-5.794256589856767e-27,-0.00011187042800594702,-0.14994493884839216
1770791704.0347753,1.2999999999997935,0.0,0.020000000000000007,1.2310198582863807,0.0,0.11229656328737728,0.0,-0.5,-0.3,-4.555534512538937e-27,-0.00011727472250949664,-0.1499419030681956
1770791704.4602747,1.2999999999997935,0.0,0.020000000000000007,1.2310198582863807,0.0,0.11237088593125336,0.0,-0.5,-0.3,-3.2093328008644934e-27,-0.00019419512464790905,-0.14991059447788987
1770791704.8792617,1.2999999999997935,0.0,0.020000000000000007,1.2310198582863807,0.0,0.11244519753515712,0.0,-0.5,-0.3,-2.4934920131304746e-27,-0.00012600838020298454,-0.149943814484343
1770791705.3085573,1.2999999999997935,0.0,0.020000000000000007,1.2310198582863807,0.0,0.11251951891839496,0.0,-0.5,-0.3,-1.932960946988171e-27,-2.9089290729042632e-05,-0.14999514726358287
1770791705.7322347,1.2999999999997935,0.0,0.020000000000000007,1.2310198582863807,0.0,0.11259385419547549,0.0,-0.5,-0.3,-1.5730641403624082e-27,4.7480733613293126e-05,-0.15003139736924087
1770791706.1529737,1.2999999999997935,0.0,0.020000000000000007,1.2310198582863807,0.0,0.11266820043206206,0.0,-0.5,-0.3,-1.0958693788837218e-27,8.308112655552576e-05,-0.15004510060257198
1770791706.567538,1.2999999999997935,0.0,0.020000000000000007,1.2310198582863807,0.0,0.1127425517755746,0.0,-0.5,-0.3,-8.406969922468826e-28,3.991742200979315e-05,-0.15002427508145946
1770791706.9903626,1.2999999999997935,0.0,0.020000000000000007,1.2310198582863807,0.0,0.11281689693391314,0.0,-0.5,-0.3,-6.596710157355333e-28,3.431233589362523e-05,-0.15001771667655842
1770791707.41303,1.2999999999997935,0.0,0.020000000000000007,1.2310198582863807,0.0,0.11289124130368224,0.0,-0.5,-0.3,-5.373698886602725e-28,4.042285485492647e-05,-0.1500208224793236
1770791707.8312023,1.2999999999997935,0.0,0.020000000000000007,1.2310198582863807,0.0,0.11296558654248705,0.0,-0.5,-0.3,-3.9181221917778617e-28,0.00016575616220349627,-0.1500954114118366
1770791708.2480416,1.2999999999997935,0.0,0.020000000000000007,1.2310198582863807,0.0,0.11303994974136343,0.0,-0.5,-0.3,-3.2382640743155525e-28,0.00017505405373724505,-0.15008845681602198
1770791708.6718936,1.2999999999997935,0.0,0.020000000000000007,1.2310198582863807,0.0,0.11311431425452223,0.0,-0.5,-0.3,-2.2456150716275174e-28,8.721349363821076e-05,-0.150052390802829
1770791709.0846403,1.2999999999997935,0.0,0.020000000000000007,1.2310198582863807,0.0,0.11318866618812075,0.0,-0.5,-0.3,-2.1219126987306935e-28,-1.5858886128890754e-05,-0.15000237779491227
1770791709.5080264,1.2999999999997935,0.0,0.020000000000000007,1.2310198582863807,0.0,0.11326300335884085,0.0,-0.5,-0.3,-1.6468516782549307e-28,-4.6942115584163956e-05,-0.14997963726515345
1770791709.9261966,1.2999999999997935,0.0,0.020000000000000007,1.2310198582863807,0.0,0.11333733608782282,0.0,-0.5,-0.3,-1.0996668365190886e-28,-9.946261500649169e-05,-0.14995552074243898
1770791710.3437097,1.2999999999997935,0.0,0.020000000000000007,1.2310198582863807,0.0,0.1134116612905263,0.0,-0.5,-0.3,-8.604328116100164e-29,-6.693332283397004e-05,-0.14996978626780025
1770791710.7583148,1.2999999999997935,0.0,0.020000000000000007,1.2310198582863807,0.0,0.1134859911441802,0.0,-0.5,-0.3,-5.93517346849028e-29,-1.241161631545406e-05,-0.14999924636249412
1770791711.1752899,1.2999999999997935,0.0,0.020000000000000007,1.2310198582863807,0.0,0.11356032881379118,0.0,-0.5,-0.3,-4.590052440113032e-29,9.60486690878394e-06,-0.1500070040817768
1770791711.5933623,1.2999999999997935,0.0,0.020000000000000007,1.2310198582863807,0.0,0.11363466965377321,0.0,-0.5,-0.3,-3.580024528687127e-29,6.702920887633081e-05,-0.15003925703863494
1770791712.0081954,1.2999999999997935,0.0,0.020000000000000007,1.2310198582863807,0.0,0.11370901869058599,0.0,-0.5,-0.3,-2.936856865667612e-29,6.991373726685113e-05,-0.15003524532147247
1770791712.4176083,1.2999999999997935,0.0,0.020000000000000007,1.2310198582863807,0.0,0.11378336816728105,0.0,-0.5,-0.3,-2.2846565643969367e-29,0.00010148812502838351,-0.15005390150129033
1770791712.8490417,1.2999999999997935,0.0,0.020000000000000007,1.2310198582863807,0.0,0.11385772215545167,0.0,-0.5,-0.3,-1.9268707593545304e-29,0.0002337941766770986,-0.1501301276935034
1770791713.2639625,1.2999999999997935,0.0,0.020000000000000007,1.2310198582863807,0.0,0.11393209508538236,0.0,-0.5,-0.3,-1.50014923317379e-29,9.472158179086427e-06,-0.15002716828093934
1770791713.6938124,1.2999999999997935,0.0,0.020000000000000007,1.2310198582863807,0.0,0.11400643590927115,0.0,-0.5,-0.3,-9.465508116084674e-30,-1.5231646976120759e-05,-0.14999485455702743
1770791714.115786,1.2999999999997935,0.0,0.020000000000000007,1.2310198582863807,0.0,0.11408077314972868,0.0,-0.5,-0.3,-7.829130198121568e-30,-0.00012222677984567864,-0.1499495861233641
1770791714.5490143,1.2999999999997935,0.0,0.020000000000000007,1.2310198582863807,0.0,0.11415509506940832,0.0,-0.5,-0.3,-5.342268766107576e-30,-0.0002085447773525578,-0.1499043594110744
1770791714.9657426,1.2999999999997935,0.0,0.020000000000000007,1.2310198582863807,0.0,0.11422940464556208,0.0,-0.5,-0.3,-4.1543044415436054e-30,-0.0002406022309612203,-0.14988290462988024
1770791715.3832183,1.2999999999997935,0.0,0.020000000000000007,1.2310198582863807,0.0,0.114303709629774,0.0,-0.5,-0.3,-3.2326231298517046e-30,-0.0001756565771682338,-0.14991866627679518
1770791715.7971096,1.2999999999997935,0.0,0.020000000000000007,1.2310198582863807,0.0,0.11437802391588678,0.0,-0.5,-0.3,-2.503317542608683e-30,-0.00015277102485452117,-0.14992590304280412
1770791716.22181,1.2999999999997935,0.0,0.020000000000000007,1.2310198582863807,0.0,0.11445234147965898,0.0,-0.5,-0.3,-2.0708190956103605e-30,-0.0001653866128796187,-0.1499185682523627
1770791716.6345792,1.2999999999997935,0.0,0.020000000000000007,1.2310198582863807,0.0,0.11452665723025789,0.0,-0.5,-0.3,-1.608090903235703e-30,3.574402171575641e-05,-0.1500379850743174
1770791717.0599117,1.2999999999997935,0.0,0.020000000000000007,1.2310198582863807,0.0,0.11460100179314603,0.0,-0.5,-0.3,-1.2134226109927283e-30,-6.423461698091893e-05,-0.1499778805553792
1770791717.4824367,1.2999999999997935,0.0,0.020000000000000007,1.2310198582863807,0.0,0.11467533203303804,0.0,-0.5,-0.3,-8.52513403078822e-31,-5.492753901541998e-06,-0.15000312780935715
1770791717.8970814,1.2999999999997935,0.0,0.020000000000000007,1.2310198582863807,0.0,0.11474967068970193,0.0,-0.5,-0.3,-6.611236691561479e-31,-9.137282818238765e-05,-0.1499629015933369
1770791718.3153942,1.2999999999997935,0.0,0.020000000000000007,1.2310198582863807,0.0,0.11482399703502645,0.0,-0.5,-0.3,-5.471808107480693e-31,-4.859978468528504e-05,-0.14997997741200705
1770791718.7571843,1.2999999999997935,0.0,0.020000000000000007,1.2310198582863807,0.0,0.11489832952260962,0.0,-0.5,-0.3,-4.607735119063765e-31,-7.193203329488726e-05,-0.14996636720821352
1770791719.1687424,1.2999999999997935,0.0,0.020000000000000007,1.2310198582863807,0.0,0.11497265866279592,0.0,-0.5,-0.3,-2.9046856378574317e-31,-0.0001688891457736919,-0.14992525113836103
1770791719.592007,1.2999999999997935,0.0,0.020000000000000007,1.2310198582863807,0.0,0.1150469738984107,0.0,-0.5,-0.3,-2.253916011575275e-31,-0.00017691362146502818,-0.1499123456368366
1770791720.037245,1.2999999999997935,0.0,0.020000000000000007,1.2310198582863807,0.0,0.11512128799140445,0.0,-0.5,-0.3,-1.8598875510458613e-31,-0.00012073013857803619,-0.14994525327899966
1770791720.4570684,1.2999999999997935,0.0,0.020000000000000007,1.2310198582863807,0.0,0.11519561014711849,0.0,-0.5,-0.3,-1.2508000105965634e-31,-0.0002717296817950572,-0.14987923511342416
1770791720.8731048,1.2999999999997935,0.0,0.020000000000000007,1.2310198582863807,0.0,0.11526991065740577,0.0,-0.5,-0.3,-1.218572732087694e-31,-0.0002614096099742226,-0.14987032720219495
1770791721.2890248,1.2999999999997935,0.0,0.020000000000000007,1.2310198582863807,0.0,0.1153442126375436,0.0,-0.5,-0.3,-7.677788643408859e-32,-0.000183943380973347,-0.14991577493241343
1770791721.707565,1.2999999999997935,0.0,0.020000000000000007,1.2310198582863807,0.0,0.11541852573275559,0.0,-0.5,-0.3,-5.808898458359356e-32,-9.209948842886413e-05,-0.14996313464504002
1770791722.1280465,1.2999999999997935,0.0,0.020000000000000007,1.2310198582863807,0.0,0.11549285198152058,0.0,-0.5,-0.3,-4.918331291662977e-32,-5.4068566596873746e-05,-0.14997676880888475
1770791722.551279,1.2999999999997935,0.0,0.020000000000000007,1.2310198582863807,0.0,0.11556718367516987,0.0,-0.5,-0.3,-3.3666092332157616e-32,-9.686755041754517e-07,-0.15000482565135717
1770791722.9664865,1.2999999999997935,0.0,0.020000000000000007,1.2310198582863807,0.0,0.11564152298092835,0.0,-0.5,-0.3,-2.610081751185461e-32,0.0001860223876860594,-0.15011171030016204
1770791723.385618,1.2999999999997935,0.0,0.020000000000000007,1.2310198582863807,0.0,0.11571588908195489,0.0,-0.5,-0.3,-2.0297923293187158e-32,0.00011544441368643832,-0.15006478000424317
1770791723.806268,1.2999999999997935,0.0,0.020000000000000007,1.2310198582863807,0.0,0.1157902450603246,0.0,-0.5,-0.3,-1.580758817175304e-32,-2.60172677358306e-05,-0.1500011375342743
1770791724.2366188,1.2999999999997935,0.0,0.020000000000000007,1.2310198582863807,0.0,0.11586458076655859,0.0,-0.5,-0.3,-1.2255192159025333e-32,-9.044277970047419e-05,-0.14996122116134622
1770791724.6683853,1.2999999999997935,0.0,0.020000000000000007,1.2310198582863807,0.0,0.11593890724062914,0.0,-0.5,-0.3,-8.910088607419073e-33,-0.0001541180400650061,-0.14992930850600394
1770791725.0862088,1.2999999999997935,0.0,0.020000000000000007,1.2310198582863807,0.0,0.1160132245844602,0.0,-0.5,-0.3,-6.90768711675514e-33,-0.00015258938303182548,-0.1499238581741874
1770791725.5003068,1.2999999999997935,0.0,0.020000000000000007,1.2310198582863807,0.0,0.11608754216432565,0.0,-0.5,-0.3,-5.3760677557706796e-33,-0.00016247931708448978,-0.14991974933486302
1770791725.9149086,1.2999999999997935,0.0,0.020000000000000007,1.2310198582863807,0.0,0.11616185832798474,0.0,-0.5,-0.3,-4.3850778885562404e-33,-9.705421822504228e-05,-0.14995801540077341
1770791726.338998,1.2999999999997935,0.0,0.020000000000000007,1.2310198582863807,0.0,0.11623618386328213,0.0,-0.5,-0.3,-3.152637059739569e-33,-9.071134868378115e-05,-0.14995527861261224
1770791726.755037,1.2999999999997935,0.0,0.020000000000000007,1.2310198582863807,0.0,0.11631051032662384,0.0,-0.5,-0.3,-2.354403170775809e-33,-1.058395717405426e-05,-0.15000272076056392
1770791727.173691,1.2999999999997935,0.0,0.020000000000000007,1.2310198582863807,0.0,0.11638484824299805,0.0,-0.5,-0.3,-1.8275885345819306e-33,8.48230280323406e-06,-0.15000614777739935
1770791727.5916622,1.2999999999997935,0.0,0.020000000000000007,1.2310198582863807,0.0,0.11645918890058987,0.0,-0.5,-0.3,-1.4167758814950838e-33,4.7709139089230734e-05,-0.1500277772531732
1770791728.0209363,1.2999999999997935,0.0,0.020000000000000007,1.2310198582863807,0.0,0.11653353519082062,0.0,-0.5,-0.3,-1.195049700243936e-33,7.486585860862998e-05,-0.15004014860125625
1770791728.4544933,1.2999999999997935,0.0,0.020000000000000007,1.2310198582863807,0.0,0.11660788536489002,0.0,-0.5,-0.3,-8.023752242032788e-34,4.3799717497654835e-06,-0.15000923857456078
1770791728.8818448,1.2999999999997935,0.0,0.020000000000000007,1.2310198582863807,0.0,0.11668222545385352,0.0,-0.5,-0.3,-7.451862024932758e-34,6.356827442032687e-05,-0.1500377029674772
1770791729.3095222,1.2999999999997935,0.0,0.020000000000000007,1.2310198582863807,0.0,0.1167565740132331,0.0,-0.5,-0.3,-5.270110351824378e-34,-3.6004648942445275e-05,-0.14999195496786505
1770791729.721262,1.2999999999997935,0.0,0.020000000000000007,1.2310198582863807,0.0,0.11683090829253188,0.0,-0.5,-0.3,-4.0859024825726344e-34,-3.2442186618927016e-05,-0.1499841351529229
1770791730.1372795,1.2999999999997935,0.0,0.020000000000000007,1.2310198582863807,0.0,0.11690524310827247,0.0,-0.5,-0.3,-3.1745723865130657e-34,-0.00015460580729760652,-0.14993491345841906
1770791730.5774214,1.2999999999997935,0.0,0.020000000000000007,1.2310198582863807,0.0,0.1169795604145526,0.0,-0.5,-0.3,-2.1233500847695846e-34,-0.00010544323027398254,-0.14995219464256535
1770791730.9909084,1.2999999999997935,0.0,0.020000000000000007,1.2310198582863807,0.0,0.11705388474285594,0.0,-0.5,-0.3,-1.6457616163427862e-34,-0.00013976685342020973,-0.1499335489356045
1770791731.406165,1.2999999999997935,0.0,0.020000000000000007,1.2310198582863807,0.0,0.11712820415735237,0.0,-0.5,-0.3,-1.4031786209871534e-34,-0.00013580007031308282,-0.14993249664315414
1770791731.8374894,1.2999999999997935,0.0,0.020000000000000007,1.2310198582863807,0.0,0.11720252414584152,0.0,-0.5,-0.3,-1.0296217993694277e-34,-4.9880449806312995e-05,-0.1499836517371475
1770791732.2721813,1.2999999999997935,0.0,0.020000000000000007,1.2310198582863807,0.0,0.11727685644030564,0.0,-0.5,-0.3,-7.21454014365511e-35,-2.2639185177653178e-05,-0.14999140453387405
1770791732.6877306,1.2999999999997935,0.0,0.020000000000000007,1.2310198582863807,0.0,0.11735119264006608,0.0,-0.5,-0.3,-5.611761437463243e-35,5.0267469919468916e-05,-0.15003242440046946
1770791733.1147292,1.2999999999997935,0.0,0.020000000000000007,1.2310198582863807,0.0,0.11742553929507725,0.0,-0.5,-0.3,-4.761985211020008e-35,9.394089685657963e-06,-0.1500087843828662
1770791733.5425184,1.2999999999997935,0.0,0.020000000000000007,1.2310198582863807,0.0,0.1174998801082372,0.0,-0.5,-0.3,-3.690630543759132e-35,0.00010556536446718333,-0.15006239980971176
1770791733.9608884,1.2999999999997935,0.0,0.020000000000000007,1.2310198582863807,0.0,0.11757423467576497,0.0,-0.5,-0.3,-2.462616289007079e-35,0.00011039704655726127,-0.1500556816914876
1770791734.3760376,1.2999999999997935,0.0,0.020000000000000007,1.2310198582863807,0.0,0.11764858995139592,0.0,-0.5,-0.3,-1.9112127779109017e-35,-7.503560973715812e-05,-0.14998102546076086
1770791734.8137982,1.2999999999997935,0.0,0.020000000000000007,1.2310198582863807,0.0,0.11772291864097112,0.0,-0.5,-0.3,-1.524753852340839e-35,-0.0001537709152586479,-0.14993098807292282
1770791735.2312684,1.2999999999997935,0.0,0.020000000000000007,1.2310198582863807,0.0,0.11779723605990404,0.0,-0.5,-0.3,-1.2570166187263277e-35,-0.00010306683730014086,-0.14995353698914576
1770791735.6567945,1.2999999999997935,0.0,0.020000000000000007,1.2310198582863807,0.0,0.11787156073689455,0.0,-0.5,-0.3,-8.392192951343593e-36,-0.0001839225206880306,-0.14991612430799475
1770791736.0831625,1.2999999999997935,0.0,0.020000000000000007,1.2310198582863807,0.0,0.11794587383747095,0.0,-0.5,-0.3,-6.510575713698963e-36,-0.00031676752108253245,-0.1498549007394982
1770791736.5100284,1.2999999999997935,0.0,0.020000000000000007,1.2310198582863807,0.0,0.11802016788363451,0.0,-0.5,-0.3,-5.502373050655098e-36,-0.00028538701936101535,-0.14986044454049163
1770791736.9319682,1.2999999999997935,0.0,0.020000000000000007,1.2310198582863807,0.0,0.11809446644663806,0.0,-0.5,-0.3,-4.119644175618792e-36,-0.0002731832462440586,-0.14986462875418968
1770791737.3474874,1.2999999999997935,0.0,0.020000000000000007,1.2310198582863807,0.0,0.11816876674771304,0.0,-0.5,-0.3,-3.304379891321583e-36,-0.00023926882934157393,-0.14988375702701948
1770791737.7798438,1.2999999999997935,0.0,0.020000000000000007,1.2310198582863807,0.0,0.11824307190358634,0.0,-0.5,-0.3,-2.2173979438841156e-36,-0.00011784715786562895,-0.14995321858821478
1770791738.1906652,1.2999999999997935,0.0,0.020000000000000007,1.2310198582863807,0.0,0.1183173944830894,0.0,-0.5,-0.3,-1.7221173446095397e-36,1.1970019024904992e-05,-0.1500189667272015
1770791738.609128,1.2999999999997935,0.0,0.020000000000000007,1.2310198582863807,0.0,0.11839173566102977,0.0,-0.5,-0.3,-1.4430060598425768e-36,-6.27144487044066e-05,-0.14997611122242072
1770791739.0380895,1.2999999999997935,0.0,0.020000000000000007,1.2310198582863807,0.0,0.11846606611013408,0.0,-0.5,-0.3,-1.1220605083263224e-36,-6.502830435810476e-05,-0.1499677172333863
1770791739.461657,1.2999999999997935,0.0,0.020000000000000007,1.2310198582863807,0.0,0.1185403962641954,0.0,-0.5,-0.3,-7.553029790906773e-37,-7.687051932933385e-05,-0.14996274896183245
1770791739.882543,1.2999999999997935,0.0,0.020000000000000007,1.2310198582863807,0.0,0.11861472468554969,0.0,-0.5,-0.3,-5.8595473812652905e-37,-9.572702866321445e-05,-0.14995402213660178
1770791740.2997231,1.2999999999997935,0.0,0.020000000000000007,1.2310198582863807,0.0,0.11868905041933055,0.0,-0.5,-0.3,-4.95121647182311e-37,-0.00010939946768494517,-0.1499466675100597
1770791740.733386,1.2999999999997935,0.0,0.020000000000000007,1.2310198582863807,0.0,0.11876337417900558,0.0,-0.5,-0.3,-3.62526087283834e-37,-0.00018559128991077714,-0.14991482353726718
1770791741.150297,1.2999999999997935,0.0,0.020000000000000007,1.2310198582863807,0.0,0.1188376870167255,0.0,-0.5,-0.3,-2.5470671232438032e-37,-0.0001655233110534721,-0.149919245142359
1770791741.564564,1.2999999999997935,0.0,0.020000000000000007,1.2310198582863807,0.0,0.11891200276195998,0.0,-0.5,-0.3,-1.9974059397416223e-37,-0.00014238369219625195,-0.14993112211578757
1770791741.9899347,1.2999999999997935,0.0,0.020000000000000007,1.2310198582863807,0.0,0.11898632181167598,0.0,-0.5,-0.3,-1.5499143957874592e-37,-0.00013739911195414573,-0.14993179890204714
1770791742.4080465,1.2999999999997935,0.0,0.020000000000000007,1.2310198582863807,0.0,0.11906064156413074,0.0,-0.5,-0.3,-1.3024229359132218e-37,-5.9989939931108245e-05,-0.14997774594723673
1770791742.823515,1.2999999999997935,0.0,0.020000000000000007,1.2310198582863807,0.0,0.11913497241556639,0.0,-0.5,-0.3,-1.0154594642055861e-37,1.0693096519604974e-05,-0.1500124148519049
1770791743.2415478,1.2999999999997935,0.0,0.020000000000000007,1.2310198582863807,0.0,0.11920931338965887,0.0,-0.5,-0.3,-7.059755366455904e-38,4.396172174609186e-05,-0.1500253077233957
1770791743.6532788,1.2999999999997935,0.0,0.020000000000000007,1.2310198582863807,0.0,0.11928365915417666,0.0,-0.5,-0.3,-5.292392839082646e-38,0.00011125183021644072,-0.15006235492595524
1770791744.07469,1.2999999999997935,0.0,0.020000000000000007,1.2310198582863807,0.0,0.11935801453709598,0.0,-0.5,-0.3,-4.1021046740001097e-38,0.0001955223969395907,-0.1501061882551421
1770791744.5113657,1.2999999999997935,0.0,0.020000000000000007,1.2310198582863807,0.0,0.1194323819738626,0.0,-0.5,-0.3,-3.4982243667913673e-38,0.00014919701522246798,-0.15007923104578294
1770791744.9265552,1.2999999999997935,0.0,0.020000000000000007,1.2310198582863807,0.0,0.11950674280703064,0.0,-0.5,-0.3,-2.5586583097975214e-38,7.013017954661127e-05,-0.1500429717733409
1770791745.349082,1.2999999999997935,0.0,0.020000000000000007,1.2310198582863807,0.0,0.1195810923159122,0.0,-0.5,-0.3,-1.8022024795481664e-38,-3.148833206671415e-05,-0.14999441768512797
1770791745.7744446,1.2999999999997935,0.0,0.020000000000000007,1.2310198582863807,0.0,0.11965542724966997,0.0,-0.5,-0.3,-1.3950186320100566e-38,-8.216155337100145e-05,-0.14996398654544493
1770791746.1987846,1.2999999999997935,0.0,0.020000000000000007,1.2310198582863807,0.0,0.11972975493073458,0.0,-0.5,-0.3,-1.066819129318527e-38,-6.911717526978605e-05,-0.14996674585017522
1770791746.6212103,1.2999999999997935,0.0,0.020000000000000007,1.2310198582863807,0.0,0.11980408448398108,0.0,-0.5,-0.3,-9.310427688449979e-39,-0.00015347244835616045,-0.14993169930313055
1770791747.0392973,1.2999999999997935,0.0,0.020000000000000007,1.2310198582863807,0.0,0.11987840194582934,0.0,-0.5,-0.3,-7.242252518951892e-39,-1.885593372431802e-05,-0.15000403368460102
1770791747.4510806,1.2999999999997935,0.0,0.020000000000000007,1.2310198582863807,0.0,0.11995273869276042,0.0,-0.5,-0.3,-4.733478121512404e-39,-5.4440558841125706e-05,-0.1499763381830911
1770791747.8777995,1.2999999999997935,0.0,0.020000000000000007,1.2310198582863807,0.0,0.12002707033276554,0.0,-0.5,-0.3,-3.644413821075976e-39,3.367830495604785e-05,-0.15002565103885773
1770791748.3006072,1.2999999999997935,0.0,0.020000000000000007,1.2310198582863807,0.0,0.12010141462206836,0.0,-0.5,-0.3,-3.180127625152242e-39,-1.3177242350341356e-05,-0.14999809693355545
1770791748.714405,1.2999999999997935,0.0,0.020000000000000007,1.2310198582863807,0.0,0.12017575218975539,0.0,-0.5,-0.3,-2.3297649727446492e-39,0.00013548133017704094,-0.15008260652234126
1770791749.1302648,1.2999999999997935,0.0,0.020000000000000007,1.2310198582863807,0.0,0.12025011104345316,0.0,-0.5,-0.3,-1.8054842873296733e-39,6.211378687937906e-05,-0.15003839364776944
1770791749.5519783,1.2999999999997935,0.0,0.020000000000000007,1.2310198582863807,0.0,0.12032445938825602,0.0,-0.5,-0.3,-1.4466464679895212e-39,1.8148255098386357e-05,-0.1500134706807273
1770791749.9744873,1.2999999999997935,0.0,0.020000000000000007,1.2310198582863807,0.0,0.12039880143523211,0.0,-0.5,-0.3,-1.1846474392556622e-39,2.9222572758726226e-05,-0.1500157187181454
1770791750.3885984,1.2999999999997935,0.0,0.020000000000000007,1.2310198582863807,0.0,0.12047314508616919,0.0,-0.5,-0.3,-8.698139626745506e-40,-5.973022391591718e-05,-0.1499790301677095
1770791750.8020148,1.2999999999997935,0.0,0.020000000000000007,1.2310198582863807,0.0,0.1205474759805202,0.0,-0.5,-0.3,-6.128061720066597e-40,1.0665604972133972e-05,-0.15001237238537488
1770791751.227519,1.2999999999997935,0.0,0.020000000000000007,1.2310198582863807,0.0,0.12062181695461267,0.0,-0.5,-0.3,-5.048762427897064e-40,-0.00010364615057881289,-0.14995960810026568
1770791751.653876,1.2999999999997935,0.0,0.020000000000000007,1.2310198582863807,0.0,0.12069614154040807,0.0,-0.5,-0.3,-3.325046874750865e-40,-0.00011176977193808612,-0.14994492747616686
1770791752.0812376,1.2999999999997935,0.0,0.020000000000000007,1.2310198582863807,0.0,0.12077046498894685,0.0,-0.5,-0.3,-2.5783207862677015e-40,-0.0001551744558264326,-0.14992675324047564
1770791752.5046303,1.2999999999997935,0.0,0.020000000000000007,1.2310198582863807,0.0,0.12084478219866746,0.0,-0.5,-0.3,-2.08700390579877e-40,-0.0002332721612294039,-0.14989117368992558
1770791752.9240189,1.2999999999997935,0.0,0.020000000000000007,1.2310198582863807,0.0,0.12091908820748322,0.0,-0.5,-0.3,-1.515749491841584e-40,-0.0002204197058532686,-0.14989107539261096
1770791753.3530688,1.2999999999997935,0.0,0.020000000000000007,1.2310198582863807,0.0,0.12099339606702321,0.0,-0.5,-0.3,-1.1324834237927235e-40,-0.00021568219930815296,-0.14989263265100042
1770791753.769985,1.2999999999997935,0.0,0.020000000000000007,1.2310198582863807,0.0,0.12106770459711545,0.0,-0.5,-0.3,-8.792030079093622e-41,-4.915579118839121e-05,-0.14999207474521775
1770791754.184292,1.2999999999997935,0.0,0.020000000000000007,1.2310198582863807,0.0,0.12114203699886793,0.0,-0.5,-0.3,-8.223386968598426e-41,-2.9512125979106546e-05,-0.14998720830353135
1770791754.6049602,1.2999999999997935,0.0,0.020000000000000007,1.2310198582863807,0.0,0.12121637221157544,0.0,-0.5,-0.3,-5.162967283784601e-41,-1.1134353918043185e-05,-0.1499962706002471
1770791755.017223,1.2999999999997935,0.0,0.020000000000000007,1.2310198582863807,0.0,0.12129071005284779,0.0,-0.5,-0.3,-4.26291731001856e-41,-9.494527632670012e-05,-0.1499609084540775
1770791755.4315045,1.2999999999997935,0.0,0.020000000000000007,1.2310198582863807,0.0,0.12136503589928144,0.0,-0.5,-0.3,-3.309491225939905e-41,-0.00011331558666272717,-0.14994517923770223
1770791755.8561184,1.2999999999997935,0.0,0.020000000000000007,1.2310198582863807,0.0,0.12143935910642141,0.0,-0.5,-0.3,-2.3124425602037124e-41,-0.00015473300101071037,-0.14992677524092943
1770791756.277318,1.2999999999997935,0.0,0.020000000000000007,1.2310198582863807,0.0,0.12151367638587945,0.0,-0.5,-0.3,-1.8031798763076634e-41,-0.00017153857171797244,-0.14991591127121173
1770791756.6905754,1.2999999999997935,0.0,0.020000000000000007,1.2310198582863807,0.0,0.12158799126207823,0.0,-0.5,-0.3,-1.400741327754454e-41,-0.00017373442160240426,-0.14991335237418724
1770791757.1063666,1.2999999999997935,0.0,0.020000000000000007,1.2310198582863807,0.0,0.12166230581641191,0.0,-0.5,-0.3,-1.1288113938639542e-41,-0.0002443008421758416,-0.14988490622096942
1770791757.5310948,1.2999999999997935,0.0,0.020000000000000007,1.2310198582863807,0.0,0.12173661025345318,0.0,-0.5,-0.3,-8.24195091475964e-42,-0.00020379816470007315,-0.14990215118539754
1770791757.9460974,1.2999999999997935,0.0,0.020000000000000007,1.2310198582863807,0.0,0.12181092051088803,0.0,-0.5,-0.3,-6.791225837244807e-42,-0.00021775146578868767,-0.14989251959721453
1770791758.366525,1.2999999999997935,0.0,0.020000000000000007,1.2310198582863807,0.0,0.12188522875666612,0.0,-0.5,-0.3,-4.751895868603286e-42,-1.4964890969253092e-05,-0.1500127962119973
1770791758.7858176,1.2999999999997935,0.0,0.020000000000000007,1.2310198582863807,0.0,0.12195956604003899,0.0,-0.5,-0.3,-3.702092558844259e-42,0.00011264994382784384,-0.15006908645539363
1770791759.2134633,1.2999999999997935,0.0,0.020000000000000007,1.2310198582863807,0.0,0.12203392164289945,0.0,-0.5,-0.3,-2.9873194916529185e-42,0.00014662314074833776,-0.1500767088900662
1770791759.6480458,1.2999999999997935,0.0,0.020000000000000007,1.2310198582863807,0.0,0.12210828210592263,0.0,-0.5,-0.3,-2.068617767282451e-42,0.0001594305501482314,-0.1500809960160141
1770791760.0595474,1.2999999999997935,0.0,0.020000000000000007,1.2310198582863807,0.0,0.12218264440357678,0.0,-0.5,-0.3,-1.6232623025751026e-42,0.0001801353252959881,-0.15009213814016276
1770791760.4721892,1.2999999999997935,0.0,0.020000000000000007,1.2310198582863807,0.0,0.12225700964629643,0.0,-0.5,-0.3,-1.2617562185895965e-42,0.00020529617824317458,-0.1501051641744163
1770791760.8929632,1.2999999999997935,0.0,0.020000000000000007,1.2310198582863807,0.0,0.12233137851536267,0.0,-0.5,-0.3,-9.767777646780298e-43,0.00021659598863881237,-0.15010942797535898
1770791761.3124638,1.2999999999997935,0.0,0.020000000000000007,1.2310198582863807,0.0,0.12240574899375432,0.0,-0.5,-0.3,-7.919109047338237e-43,9.869064228136421e-05,-0.1500611358557764
1770791761.728914,1.2999999999997935,0.0,0.020000000000000007,1.2310198582863807,0.0,0.12248010259032244,0.0,-0.5,-0.3,-6.1474386362106275e-43,-4.6128666428013945e-05,-0.14999141759765694
1770791762.1538336,1.2999999999997935,0.0,0.020000000000000007,1.2310198582863807,0.0,0.12255443542659276,0.0,-0.5,-0.3,-4.296050498388625e-43,-8.32800224648172e-05,-0.14996207512437126
1770791762.5864828,1.2999999999997935,0.0,0.020000000000000007,1.2310198582863807,0.0,0.12262876293063157,0.0,-0.5,-0.3,-3.3144521063333045e-43,-8.728497014300688e-05,-0.14995675800969632
1770791763.0202813,1.2999999999997935,0.0,0.020000000000000007,1.2310198582863807,0.0,0.12270308987140649,0.0,-0.5,-0.3,-2.7109367556383807e-43,-7.774793193758449e-05,-0.14996207973785175
1770791763.4391444,1.2999999999997935,0.0,0.020000000000000007,1.2310198582863807,0.0,0.12277741816401475,0.0,-0.5,-0.3,-2.1090875983390894e-43,-9.974956373831767e-06,-0.15000178981936946
1770791763.853629,1.2999999999997935,0.0,0.020000000000000007,1.2310198582863807,0.0,0.12285175617694848,0.0,-0.5,-0.3,-1.6233317782661987e-43,-3.027355649737993e-05,-0.14998689308176366
1770791764.2817936,1.2999999999997935,0.0,0.020000000000000007,1.2310198582863807,0.0,0.12292609127700321,0.0,-0.5,-0.3,-1.1330336651199375e-43,7.667023486921915e-05,-0.15004902949657128
1770791764.6971595,1.2999999999997935,0.0,0.020000000000000007,1.2310198582863807,0.0,0.12300044170856468,0.0,-0.5,-0.3,-9.247943005706769e-44,8.708683472774245e-05,-0.15004458507734972
1770791765.1106668,1.2999999999997935,0.0,0.020000000000000007,1.2310198582863807,0.0,0.12307479362606995,0.0,-0.5,-0.3,-7.191188667723512e-44,8.266078380881573e-05,-0.15004177299699628
1770791765.5239818,1.2999999999997935,0.0,0.020000000000000007,1.2310198582863807,0.0,0.12314914492130272,0.0,-0.5,-0.3,-5.581240880386582e-44,0.00010168860166183181,-0.1500527470826162
1770791765.9379492,1.2999999999997935,0.0,0.020000000000000007,1.2310198582863807,0.0,0.12322349895238868,0.0,-0.5,-0.3,-4.0891999063997333e-44,3.588137987495005e-05,-0.15002452141211614
1770791766.365861,1.2999999999997935,0.0,0.020000000000000007,1.2310198582863807,0.0,0.12329784354209893,0.0,-0.5,-0.3,-2.9977791370582397e-44,-4.937183791754145e-05,-0.14998383940282048
1770791766.809275,1.2999999999997935,0.0,0.020000000000000007,1.2310198582863807,0.0,0.1233721759116649,0.0,-0.5,-0.3,-2.460685665828407e-44,-8.024322908893887e-05,-0.14996296552457267
1770791767.2308574,1.2999999999997935,0.0,0.020000000000000007,1.2310198582863807,0.0,0.12344650386631482,0.0,-0.5,-0.3,-1.9104430493839862e-44,-0.00014401024631910828,-0.14993437157856346
1770791767.6492708,1.2999999999997935,0.0,0.020000000000000007,1.2310198582863807,0.0,0.12352082266926759,0.0,-0.5,-0.3,-1.3181539043614708e-44,-9.344259168824644e-05,-0.14995833546961895
1770791768.070535,1.2999999999997935,0.0,0.020000000000000007,1.2310198582863807,0.0,0.12359514874100679,0.0,-0.5,-0.3,-1.0022097947661793e-44,-0.00011915345475144805,-0.1499429943589306
1770791768.4878552,1.2999999999997935,0.0,0.020000000000000007,1.2310198582863807,0.0,0.1236694711273908,0.0,-0.5,-0.3,-7.872021194492413e-45,-0.00014338088001293763,-0.1499307323025197
1770791768.9065351,1.2999999999997935,0.0,0.020000000000000007,1.2310198582863807,0.0,0.12374379002153867,0.0,-0.5,-0.3,-6.466607972032278e-45,-2.021246460656734e-05,-0.15000221060923732
1770791769.330827,1.2999999999997935,0.0,0.020000000000000007,1.2310198582863807,0.0,0.12381812656998628,0.0,-0.5,-0.3,-5.0627478195111e-45,-1.1155018975796307e-06,-0.1500013519453221
1770791769.7501788,1.2999999999997935,0.0,0.020000000000000007,1.2310198582863807,0.0,0.12389246585965151,0.0,-0.5,-0.3,-3.484204694685546e-45,6.870218859800912e-05,-0.15004133286334856
1770791770.1750596,1.2999999999997935,0.0,0.020000000000000007,1.2310198582863807,0.0,0.12396681515395636,0.0,-0.5,-0.3,-2.7109230269951016e-45,2.3456130397077007e-05,-0.15001625267101862
1770791770.5884511,1.2999999999997935,0.0,0.020000000000000007,1.2310198582863807,0.0,0.12404115795195098,0.0,-0.5,-0.3,-2.0992637013658052e-45,0.0001377045837620455,-0.15008027713721753
1770791771.002029,1.2999999999997935,0.0,0.020000000000000007,1.2310198582863807,0.0,0.12411551713287824,0.0,-0.5,-0.3,-1.7491148580387218e-45,9.883695338045919e-05,-0.1500533052397284
1770791771.4182055,1.2999999999997935,0.0,0.020000000000000007,1.2310198582863807,0.0,0.12418987074017519,0.0,-0.5,-0.3,-1.3543542018983181e-45,-7.18999512017338e-05,-0.14998112371485736
1770791771.8356643,1.2999999999997935,0.0,0.020000000000000007,1.2310198582863807,0.0,0.12426419988572592,0.0,-0.5,-0.3,-1.0530773967334584e-45,3.381501604762346e-05,-0.15002747900474872
1770791772.2546237,1.2999999999997935,0.0,0.020000000000000007,1.2310198582863807,0.0,0.12433854418039315,0.0,-0.5,-0.3,-7.146640807174673e-46,-2.7332000070971422e-05,-0.14999244870157635
1770791772.6753204,1.2999999999997935,0.0,0.020000000000000007,1.2310198582863807,0.0,0.1244128796988725,0.0,-0.5,-0.3,-5.550165468680703e-46,5.0275577480813584e-05,-0.1500328985464956
1770791773.1019626,1.2999999999997935,0.0,0.020000000000000007,1.2310198582863807,0.0,0.12448722635388368,0.0,-0.5,-0.3,-4.6182469432568585e-46,4.7942423696750966e-05,-0.15002420452722678
1770791773.519863,1.2999999999997935,0.0,0.020000000000000007,1.2310198582863807,0.0,0.12456157267630094,0.0,-0.5,-0.3,-3.580993917632138e-46,1.0865184228547594e-05,-0.15000914031606108
1770791773.949161,1.2999999999997935,0.0,0.020000000000000007,1.2310198582863807,0.0,0.12463591368794436,0.0,-0.5,-0.3,-2.4363228141490725e-46,1.9924335277829803e-05,-0.15001086808274383
1770791774.3676176,1.2999999999997935,0.0,0.020000000000000007,1.2310198582863807,0.0,0.12471025598168367,0.0,-0.5,-0.3,-1.8909608437972898e-46,3.283706669509051e-05,-0.15001770980648926
1770791774.7873309,1.2999999999997935,0.0,0.020000000000000007,1.2310198582863807,0.0,0.12478460013687605,0.0,-0.5,-0.3,-1.4669917076553394e-46,6.422390655016645e-05,-0.1500352506372606
1770791775.2058284,1.2999999999997935,0.0,0.020000000000000007,1.2310198582863807,0.0,0.12485894878208631,0.0,-0.5,-0.3,-1.1329233522110608e-46,0.00011627193366804937,-0.1500633407695458
1770791775.633487,1.2999999999997935,0.0,0.020000000000000007,1.2310198582863807,0.0,0.12493330488920205,0.0,-0.5,-0.3,-9.459241508694634e-47,8.459539705223385e-05,-0.15004546535218768
1770791776.051282,1.2999999999997935,0.0,0.020000000000000007,1.2310198582863807,0.0,0.12500765646338458,0.0,-0.5,-0.3,-6.44118624029927e-47,0.0001388019388147072,-0.1500748216235836
1770791776.4754858,1.2999999999997935,0.0,0.020000000000000007,1.2310198582863807,0.0,0.12508201579988,0.0,-0.5,-0.3,-5.025401033440841e-47,0.00014323420842475557,-0.15007206033117337
1770791776.8901012,1.2999999999997935,0.0,0.020000000000000007,1.2310198582863807,0.0,0.12515637576937672,0.0,-0.5,-0.3,-3.8736727176769206e-47,2.113482641175657e-05,-0.15002277735140718
1770791777.307349,1.2999999999997935,0.0,0.020000000000000007,1.2310198582863807,0.0,0.12523071824014181,0.0,-0.5,-0.3,-3.2388523321056965e-47,-0.00010668971082153638,-0.14995943759831254
1770791777.7223425,1.2999999999997935,0.0,0.020000000000000007,1.2310198582863807,0.0,0.12530504240214818,0.0,-0.5,-0.3,-2.485140362846139e-47,-0.00019260603699462745,-0.14991228861412
1770791778.1464565,1.2999999999997935,0.0,0.020000000000000007,1.2310198582863807,0.0,0.12537935424208635,0.0,-0.5,-0.3,-1.9613693080374007e-47,-0.00014152393784412854,-0.149934346240993
1770791778.5818021,1.2999999999997935,0.0,0.020000000000000007,1.2310198582863807,0.0,0.12545367341518396,0.0,-0.5,-0.3,-1.322158118116099e-47,-0.0002736862620207304,-0.14987637310140728
1770791778.9936888,1.2999999999997935,0.0,0.020000000000000007,1.2310198582863807,0.0,0.12552797363579268,0.0,-0.5,-0.3,-1.2897808763983565e-47,-0.0002033261307006547,-0.14990537294778167
1770791779.4180918,1.2999999999997935,0.0,0.020000000000000007,1.2310198582863807,0.0,0.1256022839415073,0.0,-0.5,-0.3,-8.69750518530686e-48,-8.318657484501196e-05,-0.14997042066816305
1770791779.8379157,1.2999999999997935,0.0,0.020000000000000007,1.2310198582863807,0.0,0.12567661145627496,0.0,-0.5,-0.3,-6.782197145639016e-48,-3.306420442646247e-05,-0.14998848013482863
1770791780.2586074,1.2999999999997935,0.0,0.020000000000000007,1.2310198582863807,0.0,0.1257509461700916,0.0,-0.5,-0.3,-4.500967839895263e-48,6.831075356545175e-05,-0.15004429287258192
1770791780.6766925,1.2999999999997935,0.0,0.020000000000000007,1.2310198582863807,0.0,0.1258252953839302,0.0,-0.5,-0.3,-3.4905149635160187e-48,0.00010432875009459937,-0.1500557661747002
1770791781.1034153,1.2999999999997935,0.0,0.020000000000000007,1.2310198582863807,0.0,0.12589964976906776,0.0,-0.5,-0.3,-2.9636476110841907e-48,0.00011272599221131246,-0.1500572027203173
1770791781.5240228,1.2999999999997935,0.0,0.020000000000000007,1.2310198582863807,0.0,0.1259740053719282,0.0,-0.5,-0.3,-2.2970037689107275e-48,-6.334566119573099e-06,-0.1500087387727733
1770791781.9381876,1.2999999999997935,0.0,0.020000000000000007,1.2310198582863807,0.0,0.12604834391593933,0.0,-0.5,-0.3,-1.7808859067799967e-48,6.178165957314793e-06,-0.15000434035618634
1770791782.3604991,1.2999999999997935,0.0,0.020000000000000007,1.2310198582863807,0.0,0.12612268425166606,0.0,-0.5,-0.3,-1.1902632436156751e-48,8.204267943666177e-05,-0.15004860779106627
1770791782.785804,1.2999999999997935,0.0,0.020000000000000007,1.2310198582863807,0.0,0.12619703546106814,0.0,-0.5,-0.3,-9.219523258560388e-49,-9.018341243603328e-05,-0.14997213090296924
1770791783.208579,1.2999999999997935,0.0,0.020000000000000007,1.2310198582863807,0.0,0.12627136198341846,0.0,-0.5,-0.3,-7.784420257114137e-49,-9.980036216592582e-05,-0.14995106151389
1770791783.6299415,1.2999999999997935,0.0,0.020000000000000007,1.2310198582863807,0.0,0.12634568712174893,0.0,-0.5,-0.3,-6.026897152428292e-49,-9.516892851658164e-05,-0.14995287867910664
1770791784.0515344,1.2999999999997935,0.0,0.020000000000000007,1.2310198582863807,0.0,0.12642001295745373,0.0,-0.5,-0.3,-4.048568114300614e-49,-0.00011226055371028334,-0.14994557888566423
1770791784.465106,1.2999999999997935,0.0,0.020000000000000007,1.2310198582863807,0.0,0.12649433632016183,0.0,-0.5,-0.3,-3.1476604361391526e-49,-9.234950865514136e-05,-0.14995581635017793
1770791784.883709,1.2999999999997935,0.0,0.020000000000000007,1.2310198582863807,0.0,0.12656866250991822,0.0,-0.5,-0.3,-2.4419562416469854e-49,3.8561269362059024e-05,-0.15003237171248276
1770791785.3088624,1.2999999999997935,0.0,0.020000000000000007,1.2310198582863807,0.0,0.12664300748050214,0.0,-0.5,-0.3,-1.932663228951695e-49,-1.703854511066367e-05,-0.14999704070889194
1770791785.7312365,1.2999999999997935,0.0,0.020000000000000007,1.2310198582863807,0.0,0.12671734450638295,0.0,-0.5,-0.3,-1.5946374390789014e-49,0.00011163175547326172,-0.15006868290779501
1770791786.1638005,1.2999999999997935,0.0,0.020000000000000007,1.2310198582863807,0.0,0.12679169994831085,0.0,-0.5,-0.3,-1.0704882776523394e-49,3.616314189830332e-05,-0.15002562843230663
1770791786.5818644,1.2999999999997935,0.0,0.020000000000000007,1.2310198582863807,0.0,0.12686604457557202,0.0,-0.5,-0.3,-8.3346185148399895e-50,6.835026523816082e-05,-0.15003739384495307
1770791786.9994016,1.2999999999997935,0.0,0.020000000000000007,1.2310198582863807,0.0,0.126940393794775,0.0,-0.5,-0.3,-6.620271193923866e-50,1.8398977179641622e-05,-0.15001419461739568
1770791787.4275897,1.2999999999997935,0.0,0.020000000000000007,1.2310198582863807,0.0,0.1270147358739376,0.0,-0.5,-0.3,-5.422284904299013e-50,-7.435981818971494e-05,-0.1499720959704421
1770791787.8397882,1.2999999999997935,0.0,0.020000000000000007,1.2310198582863807,0.0,0.12708906466543674,0.0,-0.5,-0.3,-4.19461503414758e-50,-7.968134242691983e-05,-0.14996069148121025
1770791788.2621593,1.2999999999997935,0.0,0.020000000000000007,1.2310198582863807,0.0,0.12716339268445967,0.0,-0.5,-0.3,-3.542116048949777e-50,-0.00014335432761663713,-0.14993469013471064
1770791788.680306,1.2999999999997935,0.0,0.020000000000000007,1.2310198582863807,0.0,0.12723771157860755,0.0,-0.5,-0.3,-2.1990366398827284e-50,-0.00012233619018341932,-0.1499409337186516
1770791789.1139452,1.2999999999997935,0.0,0.020000000000000007,1.2310198582863807,0.0,0.12731203349292278,0.0,-0.5,-0.3,-1.847519594082973e-50,-0.00018373539677964893,-0.1499142722222698
1770791789.5385716,1.2999999999997935,0.0,0.020000000000000007,1.2310198582863807,0.0,0.12738634659349918,0.0,-0.5,-0.3,-1.4264131615171386e-50,-0.00020348554862843364,-0.14990023224087065
1770791789.9543414,1.2999999999997935,0.0,0.020000000000000007,1.2310198582863807,0.0,0.12746065687775612,0.0,-0.5,-0.3,-9.641902236222553e-51,-0.00029756295517105404,-0.14986062626306873
1770791790.382025,1.2999999999997935,0.0,0.020000000000000007,1.2310198582863807,0.0,0.12753495367586612,0.0,-0.5,-0.3,-7.481298387167628e-51,-0.00019227717043917685,-0.1499143899932536
1770791790.8018026,1.2999999999997935,0.0,0.020000000000000007,1.2310198582863807,0.0,0.12760926556944846,0.0,-0.5,-0.3,-6.263771484062108e-51,-3.966559085278484e-05,-0.14999542836253224
1770791791.2146873,1.2999999999997935,0.0,0.020000000000000007,1.2310198582863807,0.0,0.1276835993337631,0.0,-0.5,-0.3,-4.8673727887555286e-51,0.00010679108910110703,-0.15006804121254594
1770791791.6335213,1.2999999999997935,0.0,0.020000000000000007,1.2310198582863807,0.0,0.1277579540836811,0.0,-0.5,-0.3,-3.767702697126955e-51,3.6192615641566326e-05,-0.15002515615516673
1770791792.0601354,1.2999999999997935,0.0,0.020000000000000007,1.2310198582863807,0.0,0.12783229871094226,0.0,-0.5,-0.3,-2.553358609437152e-51,-7.747765542644886e-05,-0.14997262819939358
1770791792.4733427,1.2999999999997935,0.0,0.020000000000000007,1.2310198582863807,0.0,0.12790662703573702,0.0,-0.5,-0.3,-1.9837634370941755e-51,1.2021392745750154e-05,-0.1500149606011901
1770791792.9035943,1.2999999999997935,0.0,0.020000000000000007,1.2310198582863807,0.0,0.12798096822440622,0.0,-0.5,-0.3,-1.650815262573581e-51,-0.00018851295856694964,-0.1499257969558478
1770791793.3193598,1.2999999999997935,0.0,0.020000000000000007,1.2310198582863807,0.0,0.12805528064906593,0.0,-0.5,-0.3,-1.2811568636086854e-51,-0.00021791545355418334,-0.14989398252272162
1770791793.73014,1.2999999999997935,0.0,0.020000000000000007,1.2310198582863807,0.0,0.1281295888572931,0.0,-0.5,-0.3,-9.970839322537901e-52,-0.00033172828844457616,-0.14984551713926675
1770791794.1480234,1.2999999999997935,0.0,0.020000000000000007,1.2310198582863807,0.0,0.12820388075768943,0.0,-0.5,-0.3,-7.736487093945314e-52,-0.0002657596608145164,-0.14987371703235575
1770791794.573766,1.2999999999997935,0.0,0.020000000000000007,1.2310198582863807,0.0,0.12827818213164802,0.0,-0.5,-0.3,-5.249023424267597e-52,-0.00012954827417054087,-0.14994884700157912
1770791795.014251,1.2999999999997935,0.0,0.020000000000000007,1.2310198582863807,0.0,0.128352503015995,0.0,-0.5,-0.3,-3.9661366791026086e-52,-0.0001681088243202245,-0.14991980164285484
1770791795.4360337,1.2999999999997935,0.0,0.020000000000000007,1.2310198582863807,0.0,0.1284268183803558,0.0,-0.5,-0.3,-3.413258723952194e-52,-0.00012428705267553087,-0.1499422386508267
1770791795.861857,1.2999999999997935,0.0,0.020000000000000007,1.2310198582863807,0.0,0.12850114001035687,0.0,-0.5,-0.3,-2.2996478442758542e-52,-7.91034499668337e-05,-0.14996496663528747
1770791796.2873442,1.2999999999997935,0.0,0.020000000000000007,1.2310198582863807,0.0,0.1285754681205749,0.0,-0.5,-0.3,-1.7822613100189343e-52,1.943895478052464e-05,-0.15001957371786498
1770791796.6995034,1.2999999999997935,0.0,0.020000000000000007,1.2310198582863807,0.0,0.12864981036067005,0.0,-0.5,-0.3,-1.3524909055566822e-52,-0.00012142165491410548,-0.14995337523351243
1770791797.1141906,1.2999999999997935,0.0,0.020000000000000007,1.2310198582863807,0.0,0.1287241323983669,0.0,-0.5,-0.3,-1.1691812644475177e-52,-5.931667703479302e-06,-0.1500085831648693
1770791797.528908,1.2999999999997935,0.0,0.020000000000000007,1.2310198582863807,0.0,0.12879847099602218,0.0,-0.5,-0.3,-8.586914808248798e-53,-3.5201861433338125e-05,-0.1499853260886563
1770791797.9544055,1.2999999999997935,0.0,0.020000000000000007,1.2310198582863807,0.0,0.12887280541479584,0.0,-0.5,-0.3,-6.079140196335289e-53,-0.00010365943325854047,-0.14995501604055325
1770791798.374196,1.2999999999997935,0.0,0.020000000000000007,1.2310198582863807,0.0,0.1289471299898624,0.0,-0.5,-0.3,-4.719033476538877e-53,-0.00011699398198163476,-0.14994283646388148
1770791798.7890167,1.2999999999997935,0.0,0.020000000000000007,1.2310198582863807,0.0,0.12902145267665382,0.0,-0.5,-0.3,-3.663533626819986e-53,-0.0001438379040666126,-0.14993076544017517
1770791799.2134123,1.2999999999997935,0.0,0.020000000000000007,1.2310198582863807,0.0,0.12909577150106427,0.0,-0.5,-0.3,-3.067896081977715e-53,-0.00019104396290072018,-0.14990919862443305
1770791799.627725,1.2999999999997935,0.0,0.020000000000000007,1.2310198582863807,0.0,0.12917008356094356,0.0,-0.5,-0.3,-2.4119872832141964e-53,-0.0003144533486701301,-0.14985511426424186
1770791800.0497954,1.2999999999997935,0.0,0.020000000000000007,1.2310198582863807,0.0,0.12924437795042987,0.0,-0.5,-0.3,-1.6050551618716566e-53,-0.00020438426063260263,-0.14990881477848744
1770791800.4898791,1.2999999999997935,0.0,0.020000000000000007,1.2310198582863807,0.0,0.12931868810594077,0.0,-0.5,-0.3,-1.2400990279396038e-53,-0.00022482840217155287,-0.14988963021306811
1770791800.904931,1.2999999999997935,0.0,0.020000000000000007,1.2310198582863807,0.0,0.12939299533247944,0.0,-0.5,-0.3,-1.0005525921481268e-53,-0.00015893485761124507,-0.1499271219256504
1770791801.3208447,1.2999999999997935,0.0,0.020000000000000007,1.2310198582863807,0.0,0.1294673120218515,0.0,-0.5,-0.3,-7.719561745367276e-54,-0.00010593454515375563,-0.14995233275866887
1770791801.7551875,1.2999999999997935,0.0,0.020000000000000007,1.2310198582863807,0.0,0.12954163629651064,0.0,-0.5,-0.3,-5.440148586265104e-54,-9.74865041540241e-06,-0.15000474426426613
1770791802.1658077,1.2999999999997935,0.0,0.020000000000000007,1.2310198582863807,0.0,0.12961597435772412,0.0,-0.5,-0.3,-4.250211473177618e-54,2.027736493313468e-05,-0.15001314128400142
1770791802.5821579,1.2999999999997935,0.0,0.020000000000000007,1.2310198582863807,0.0,0.12969031672120088,0.0,-0.5,-0.3,-3.2744630360425727e-54,7.000662303827025e-05,-0.15003997623732962
1770791803.0068953,1.2999999999997935,0.0,0.020000000000000007,1.2310198582863807,0.0,0.12976466620862478,0.0,-0.5,-0.3,-2.820953930749796e-54,4.2655925806351874e-05,-0.1500240630326264
1770791803.428643,1.2999999999997935,0.0,0.020000000000000007,1.2310198582863807,0.0,0.12983901176393026,0.0,-0.5,-0.3,-2.072728878504824e-54,-0.00012733179528024287,-0.14995333287446855
1770791803.842449,1.2999999999997935,0.0,0.020000000000000007,1.2310198582863807,0.0,0.1299133329647779,0.0,-0.5,-0.3,-1.609183305500949e-54,-0.0001509165512418586,-0.14992690019997523
1770791804.2656634,1.2999999999997935,0.0,0.020000000000000007,1.2310198582863807,0.0,0.12998765077531332,0.0,-0.5,-0.3,-1.1303473499590365e-54,-0.00012640974605002833,-0.14993924580749415
1770791804.6912708,1.2999999999997935,0.0,0.020000000000000007,1.2310198582863807,0.0,0.1300619721102714,0.0,-0.5,-0.3,-8.797391128603029e-55,-0.00017806688518811194,-0.14991613227131975
1770791805.1024394,1.2999999999997935,0.0,0.020000000000000007,1.2310198582863807,0.0,0.130136286047697,0.0,-0.5,-0.3,-7.067052330399819e-55,-0.00022685615728500243,-0.14989145084856717
1770791805.5104415,1.2999999999997935,0.0,0.020000000000000007,1.2310198582863807,0.0,0.1302105929845571,0.0,-0.5,-0.3,-5.485015521810964e-55,-0.00016895184793053707,-0.1499213145069702
1770791805.9197524,1.2999999999997935,0.0,0.020000000000000007,1.2310198582863807,0.0,0.13028490820407862,0.0,-0.5,-0.3,-4.5073899738820365e-55,-5.043888819427714e-05,-0.14998663185187647
1770791806.3534682,1.2999999999997935,0.0,0.020000000000000007,1.2310198582863807,0.0,0.13035924042344088,0.0,-0.5,-0.3,-3.1181234515815904e-55,-6.166003339132659e-05,-0.14997029209782403
1770791806.7932444,1.2999999999997935,0.0,0.020000000000000007,1.2310198582863807,0.0,0.13043357104420655,0.0,-0.5,-0.3,-2.306269181608672e-55,1.2716945011195605e-05,-0.15001379617034585
1770791807.2078667,1.2999999999997935,0.0,0.020000000000000007,1.2310198582863807,0.0,0.13050791231870645,0.0,-0.5,-0.3,-1.872898508928905e-55,7.378364193551533e-05,-0.15004299849066016
1770791807.6328335,1.2999999999997935,0.0,0.020000000000000007,1.2310198582863807,0.0,0.13058226233720774,0.0,-0.5,-0.3,-1.3688582580283597e-55,0.00012698272982073402,-0.1500688112736989
1770791808.0437996,1.2999999999997935,0.0,0.020000000000000007,1.2310198582863807,0.0,0.13065661998927589,0.0,-0.5,-0.3,-1.1301633558839705e-55,5.1465564373822744e-05,-0.15003328449873157
1770791808.4666135,1.2999999999997935,0.0,0.020000000000000007,1.2310198582863807,0.0,0.13073096681058402,0.0,-0.5,-0.3,-7.850635015290293e-56,2.732280675283698e-05,-0.1500160756791385
1770791808.8793154,1.2999999999997935,0.0,0.020000000000000007,1.2310198582863807,0.0,0.13080531016647812,0.0,-0.5,-0.3,-6.20522811404431e-56,-1.822733968033891e-05,-0.14999544134480314
1770791809.3016274,1.2999999999997935,0.0,0.020000000000000007,1.2310198582863807,0.0,0.13087964699923987,0.0,-0.5,-0.3,-4.98350010232968e-56,-4.738511114943317e-05,-0.1499792232215722
1770791809.7206922,1.2999999999997935,0.0,0.020000000000000007,1.2310198582863807,0.0,0.13095397967994207,0.0,-0.5,-0.3,-3.866530197296855e-56,-0.00016957010232117954,-0.1499274334479566
1770791810.1412246,1.2999999999997935,0.0,0.020000000000000007,1.2310198582863807,0.0,0.13102829482436174,0.0,-0.5,-0.3,-2.9972254553647468e-56,-0.00016176130175371092,-0.1499199002291799
1770791810.5537891,1.2999999999997935,0.0,0.020000000000000007,1.2310198582863807,0.0,0.13110261108994478,0.0,-0.5,-0.3,-2.529166688426486e-56,-0.00021990273669528554,-0.1498958627751465
1770791810.9690545,1.2999999999997935,0.0,0.020000000000000007,1.2310198582863807,0.0,0.13117691902995104,0.0,-0.5,-0.3,-1.6112021847093248e-56,-0.00026570937246260176,-0.1498717259773454
1770791811.3966415,1.2999999999997935,0.0,0.020000000000000007,1.2310198582863807,0.0,0.13125122040927406,0.0,-0.5,-0.3,-1.2513227319043518e-56,-0.00011863457538708504,-0.149955390192014
1770791811.8184187,1.2999999999997935,0.0,0.020000000000000007,1.2310198582863807,0.0,0.1313255428600311,0.0,-0.5,-0.3,-1.0171953137768342e-56,-0.0001451674307468591,-0.14993006957016253
1770791812.2334485,1.2999999999997935,0.0,0.020000000000000007,1.2310198582863807,0.0,0.13139986150741573,0.0,-0.5,-0.3,-7.909825535008419e-57,2.200038787746853e-06,-0.15001583676634733
1770791812.6644418,1.2999999999997935,0.0,0.020000000000000007,1.2310198582863807,0.0,0.13147420124769207,0.0,-0.5,-0.3,-5.449783718473715e-57,-1.6897518626112658e-05,-0.14999346099642832
1770791813.0962481,1.2999999999997935,0.0,0.020000000000000007,1.2310198582863807,0.0,0.1315485382789373,0.0,-0.5,-0.3,-4.456791043336237e-57,-1.95955860995774e-05,-0.14999047201369753
1770791813.5089364,1.2999999999997935,0.0,0.020000000000000007,1.2310198582863807,0.0,0.13162287491321562,0.0,-0.5,-0.3,-3.4699490877015103e-57,1.4596365731346748e-05,-0.15001071737804877
1770791813.9260757,1.2999999999997935,0.0,0.020000000000000007,1.2310198582863807,0.0,0.13169721644520757,0.0,-0.5,-0.3,-2.6917780841050135e-57,-5.3984259951176406e-05,-0.14997986593259266
1770791814.3601542,1.2999999999997935,0.0,0.020000000000000007,1.2310198582863807,0.0,0.1317715481495857,0.0,-0.5,-0.3,-1.8586927469101345e-57,-6.849495614646529e-05,-0.14996720359154628
1770791814.779888,1.2999999999997935,0.0,0.020000000000000007,1.2310198582863807,0.0,0.13184587777793405,0.0,-0.5,-0.3,-1.4482460355687712e-57,-7.754474049601501e-05,-0.14996213260818694
1770791815.202324,1.2999999999997935,0.0,0.020000000000000007,1.2310198582863807,0.0,0.13192020609199998,0.0,-0.5,-0.3,-1.1817205799404543e-57,-4.764431074280032e-05,-0.14997916788760393
1770791815.6270545,1.2999999999997935,0.0,0.020000000000000007,1.2310198582863807,0.0,0.131994538719058,0.0,-0.5,-0.3,-9.170808503104407e-58,-9.804429783540331e-05,-0.14995601784979157
1770791816.0486546,1.2999999999997935,0.0,0.020000000000000007,1.2310198582863807,0.0,0.13206886412560936,0.0,-0.5,-0.3,-7.915412308948008e-58,-4.0224442634173367e-05,-0.14998566976420302
1770791816.4636478,1.2999999999997935,0.0,0.020000000000000007,1.2310198582863807,0.0,0.13214319780945774,0.0,-0.5,-0.3,-5.0177043638553e-58,2.256716803753138e-06,-0.15000537647434567
1770791816.8787084,1.2999999999997935,0.0,0.020000000000000007,1.2310198582863807,0.0,0.13221753756582733,0.0,-0.5,-0.3,-3.835374434286812e-58,-2.2777306947483295e-05,-0.14999111474890137
1770791817.2902074,1.2999999999997935,0.0,0.020000000000000007,1.2310198582863807,0.0,0.13229187373340126,0.0,-0.5,-0.3,-2.980857678129304e-58,-1.6805822669020423e-05,-0.14999219423709334
1770791817.7058394,1.2999999999997935,0.0,0.020000000000000007,1.2310198582863807,0.0,0.13236621078610417,0.0,-0.5,-0.3,-2.4450279579461467e-58,-3.0539361789612625e-05,-0.14998610367301726
1770791818.1253364,1.2999999999997935,0.0,0.020000000000000007,1.2310198582863807,0.0,0.13244054584860798,0.0,-0.5,-0.3,-2.0048105236058677e-58,0.00010483645053657571,-0.1500659558065009
1770791818.5602944,1.2999999999997935,0.0,0.020000000000000007,1.2310198582863807,0.0,0.13251490030884738,0.0,-0.5,-0.3,-1.5467773119300567e-58,0.00012873367679209168,-0.1500667565610216
1770791818.9974196,1.2999999999997935,0.0,0.020000000000000007,1.2310198582863807,0.0,0.13258925820231432,0.0,-0.5,-0.3,-1.0705375871756143e-58,6.288341697895092e-05,-0.15003802673447078
1770791819.4156063,1.2999999999997935,0.0,0.020000000000000007,1.2310198582863807,0.0,0.13266360665976995,0.0,-0.5,-0.3,-8.365412080142467e-59,2.370535353472493e-05,-0.1500157704831118
1770791819.8330681,1.2999999999997935,0.0,0.020000000000000007,1.2310198582863807,0.0,0.1327379495006799,0.0,-0.5,-0.3,-6.513906404604494e-59,-3.329617996426146e-05,-0.14998905206336774
1770791820.2484775,1.2999999999997935,0.0,0.020000000000000007,1.2310198582863807,0.0,0.13281228417694563,0.0,-0.5,-0.3,-4.452204730404125e-59,-0.00020684047345805625,-0.14991393419262036
1770791820.6599908,1.2999999999997935,0.0,0.020000000000000007,1.2310198582863807,0.0,0.13288659398376937,0.0,-0.5,-0.3,-3.4563796442614677e-59,-0.00023418485236874413,-0.14988564201170668
1770791821.105807,1.2999999999997935,0.0,0.020000000000000007,1.2310198582863807,0.0,0.13296089987993234,0.0,-0.5,-0.3,-2.846031585710537e-59,-0.00022711593642170522,-0.14988714892338384
1770791821.515774,1.2999999999997935,0.0,0.020000000000000007,1.2310198582863807,0.0,0.1330352067792415,0.0,-0.5,-0.3,-2.2024245272191897e-59,-0.00018102009775141522,-0.14991409953499132
1770791821.9276822,1.2999999999997935,0.0,0.020000000000000007,1.2310198582863807,0.0,0.1331095202928781,0.0,-0.5,-0.3,-1.6064729522906458e-59,-5.2796742765865775e-05,-0.1499864239641156
1770791822.3588567,1.2999999999997935,0.0,0.020000000000000007,1.2310198582863807,0.0,0.13318385215818876,0.0,-0.5,-0.3,-1.4313922487122657e-59,6.007828029176165e-05,-0.15004132664245162
1770791822.7735367,1.2999999999997935,0.0,0.020000000000000007,1.2310198582863807,0.0,0.13325820020794862,0.0,-0.5,-0.3,-1.1666182419676398e-59,8.528959757286234e-05,-0.15004516593051453
1770791823.1899645,1.2999999999997935,0.0,0.020000000000000007,1.2310198582863807,0.0,0.1333325518894195,0.0,-0.5,-0.3,-7.139267755746419e-60,4.784071103210129e-05,-0.1500276652441701
1770791823.6150262,1.2999999999997935,0.0,0.020000000000000007,1.2310198582863807,0.0,0.13340689818501467,0.0,-0.5,-0.3,-6.044457580580788e-60,0.0001506887468179008,-0.15008562917698753
1770791824.028665,1.2999999999997935,0.0,0.020000000000000007,1.2310198582863807,0.0,0.13348125922203058,0.0,-0.5,-0.3,-4.6797780386401787e-60,7.47816046952387e-05,-0.1500449815165599
1770791824.4518063,1.2999999999997935,0.0,0.020000000000000007,1.2310198582863807,0.0,0.13355560939073557,0.0,-0.5,-0.3,-3.1138437783165366e-60,2.4223463499981677e-05,-0.15001716754586952
1770791824.8665745,1.2999999999997935,0.0,0.020000000000000007,1.2310198582863807,0.0,0.13362995229601854,0.0,-0.5,-0.3,-2.417191891607106e-60,1.6547886841199804e-05,-0.15000904150108646
1770791825.29972,1.2999999999997935,0.0,0.020000000000000007,1.2310198582863807,0.0,0.13370429411768908,0.0,-0.5,-0.3,-2.0352257869423147e-60,-0.00013451727187671205,-0.14994784787993345
1770791825.7168796,1.2999999999997935,0.0,0.020000000000000007,1.2310198582863807,0.0,0.13377861429393287,0.0,-0.5,-0.3,-1.5758091387057156e-60,-0.00016409522454524173,-0.14992091018299422
1770791826.1319194,1.2999999999997935,0.0,0.020000000000000007,1.2310198582863807,0.0,0.13385293022155756,0.0,-0.5,-0.3,-1.2190433437998734e-60,-0.00030214458396973646,-0.14986273264395758
1770791826.554825,1.2999999999997935,0.0,0.020000000000000007,1.2310198582863807,0.0,0.13392722636520857,0.0,-0.5,-0.3,-8.213973824257486e-61,-0.0001375747941177271,-0.14994766958192632
1770791826.972371,1.2999999999997935,0.0,0.020000000000000007,1.2310198582863807,0.0,0.13400154610157006,0.0,-0.5,-0.3,-6.389391803694705e-61,-3.7891302774186386e-05,-0.14999102269774725
1770791827.3883817,1.2999999999997935,0.0,0.020000000000000007,1.2310198582863807,0.0,0.1340758801233768,0.0,-0.5,-0.3,-4.9606220949474816e-61,-5.6921024548340824e-05,-0.14997344245990324
1770791827.8089066,1.2999999999997935,0.0,0.020000000000000007,1.2310198582863807,0.0,0.13415021139323705,0.0,-0.5,-0.3,-4.081473028042186e-61,-7.897695051550407e-06,-0.1500009534854239
1770791828.2463477,1.2999999999997935,0.0,0.020000000000000007,1.2310198582863807,0.0,0.13422454970121378,0.0,-0.5,-0.3,-2.803052544650439e-61,2.344975714113486e-05,-0.15001485962378983
1770791828.6642056,1.2999999999997935,0.0,0.020000000000000007,1.2310198582863807,0.0,0.13429889249384397,0.0,-0.5,-0.3,-2.176952550764779e-61,0.0001019476519533304,-0.15005882361545786
1770791829.0916798,1.2999999999997935,0.0,0.020000000000000007,1.2310198582863807,0.0,0.13437324655175203,0.0,-0.5,-0.3,-1.6890188484009604e-61,0.00021701965456102817,-0.15012001702754127
1770791829.512749,1.2999999999997935,0.0,0.020000000000000007,1.2310198582863807,0.0,0.13444761709988112,0.0,-0.5,-0.3,-1.3724500485679668e-61,0.00013782363816232016,-0.15007683142072104
1770791829.9508564,1.2999999999997935,0.0,0.020000000000000007,1.2310198582863807,0.0,0.13452197629690166,0.0,-0.5,-0.3,-9.551821823553908e-62,0.00011703816507341978,-0.15006059762984558
1770791830.3672693,1.2999999999997935,0.0,0.020000000000000007,1.2310198582863807,0.0,0.1345963325166702,0.0,-0.5,-0.3,-7.404529679808795e-62,1.0500478078532165e-05,-0.15001590400773876
1770791830.8093135,1.2999999999997935,0.0,0.020000000000000007,1.2310198582863807,0.0,0.134670673469305,0.0,-0.5,-0.3,-5.929624980762908e-62,-7.032411950628578e-05,-0.14997292040000532
1770791831.231564,1.2999999999997935,0.0,0.020000000000000007,1.2310198582863807,0.0,0.13474500283479687,0.0,-0.5,-0.3,-4.622799659568434e-62,-5.6767237422468845e-05,-0.14997297206949714
1770791831.660355,1.2999999999997935,0.0,0.020000000000000007,1.2310198582863807,0.0,0.1348193341475725,0.0,-0.5,-0.3,-3.2549812938419275e-62,-0.0001327829185080777,-0.1499412101088545
1770791832.073203,1.2999999999997935,0.0,0.020000000000000007,1.2310198582863807,0.0,0.13489365457594393,0.0,-0.5,-0.3,-2.522205799804284e-62,-0.00017850051434927235,-0.1499153215024095
1770791832.5049722,1.2999999999997935,0.0,0.020000000000000007,1.2310198582863807,0.0,0.13496796844899653,0.0,-0.5,-0.3,-2.044794805256375e-62,-6.722928042314592e-05,-0.14997751248318103
1770791832.9304068,1.2999999999997935,0.0,0.020000000000000007,1.2310198582863807,0.0,0.1350422982650995,0.0,-0.5,-0.3,-1.4836268321179142e-62,-8.681711203793682e-05,-0.1499585502271425
1770791833.346766,1.2999999999997935,0.0,0.020000000000000007,1.2310198582863807,0.0,0.13511662529706953,0.0,-0.5,-0.3,-1.258758785307703e-62,1.7859077012103606e-05,-0.15001939715741106
1770791833.7664812,1.2999999999997935,0.0,0.020000000000000007,1.2310198582863807,0.0,0.13519096729576585,0.0,-0.5,-0.3,-1.0591105480017719e-62,4.364151088156105e-05,-0.15002439899882772
1770791834.1782112,1.2999999999997935,0.0,0.020000000000000007,1.2310198582863807,0.0,0.13526531299591063,0.0,-0.5,-0.3,-8.22560759483527e-63,5.5168807994353564e-05,-0.15002873713370843
1770791834.5977762,1.2999999999997935,0.0,0.020000000000000007,1.2310198582863807,0.0,0.13533966034293174,0.0,-0.5,-0.3,-5.505731079581944e-63,-9.5567646337118e-05,-0.1499672898222646
1770791835.0170898,1.2999999999997935,0.0,0.020000000000000007,1.2310198582863807,0.0,0.13541398608744143,0.0,-0.5,-0.3,-4.281055033382772e-63,-0.00011234989056833096,-0.14994550327913894
1770791835.442436,1.2999999999997935,0.0,0.020000000000000007,1.2310198582863807,0.0,0.1354883094394207,0.0,-0.5,-0.3,-3.3282700142713565e-63,-3.799303359298704e-05,-0.14998843916890103
1770791835.8643742,1.2999999999997935,0.0,0.020000000000000007,1.2310198582863807,0.0,0.13556264344513416,0.0,-0.5,-0.3,-2.274456007326432e-63,-0.00017093798432943547,-0.14992782550290892
1770791836.2902486,1.2999999999997935,0.0,0.020000000000000007,1.2310198582863807,0.0,0.13563695839643478,0.0,-0.5,-0.3,-1.7655066106758757e-63,-0.0002595422145683339,-0.14987908931573973
1770791836.701188,1.2999999999997935,0.0,0.020000000000000007,1.2310198582863807,0.0,0.13571126066088676,0.0,-0.5,-0.3,-1.475854027701877e-63,-0.000304472711088637,-0.1498522566941077
1770791837.115695,1.2999999999997935,0.0,0.020000000000000007,1.2310198582863807,0.0,0.13578555649340152,0.0,-0.5,-0.3,-1.1446021944505101e-63,-0.000117994920866039,-0.1499596503185892
1770791837.5638783,1.2999999999997935,0.0,0.020000000000000007,1.2310198582863807,0.0,0.13585987903535365,0.0,-0.5,-0.3,-7.742385375534552e-64,-6.269138149839776e-05,-0.14997418466318757
1770791837.9764662,1.2999999999997935,0.0,0.020000000000000007,1.2310198582863807,0.0,0.13593420948982238,0.0,-0.5,-0.3,-6.015556440910175e-64,1.9333100351938208e-05,-0.150017868998361
1770791838.389572,1.2999999999997935,0.0,0.020000000000000007,1.2310198582863807,0.0,0.13600855170845985,0.0,-0.5,-0.3,-4.669245778548006e-64,0.00011499676812423365,-0.15006706475083934
1770791838.8030703,1.2999999999997935,0.0,0.020000000000000007,1.2310198582863807,0.0,0.1360829076385498,0.0,-0.5,-0.3,-3.686741842839033e-64,0.00013971729024340917,-0.1500723306973336
1770791839.2298071,1.2999999999997935,0.0,0.020000000000000007,1.2310198582863807,0.0,0.13615726710379122,0.0,-0.5,-0.3,-3.0317386650477982e-64,6.734825029934945e-05,-0.15004091102914408
1770791839.6388288,1.2999999999997935,0.0,0.020000000000000007,1.2310198582863807,0.0,0.13623161620497704,0.0,-0.5,-0.3,-2.355460286477865e-64,6.851288435451874e-05,-0.15003437290558277
1770791840.050836,1.2999999999997935,0.0,0.020000000000000007,1.2310198582863807,0.0,0.13630596546709536,0.0,-0.5,-0.3,-1.5899675382128602e-64,-2.266635414255465e-05,-0.1499977847467784
1770791840.4627402,1.2999999999997935,0.0,0.020000000000000007,1.2310198582863807,0.0,0.13638030165612697,0.0,-0.5,-0.3,-1.229399090866996e-64,-1.7029086273520435e-05,-0.1499920491836501
1770791840.8766882,1.2999999999997935,0.0,0.020000000000000007,1.2310198582863807,0.0,0.13645463867127894,0.0,-0.5,-0.3,-9.580752722316564e-65,-7.193479649077585e-05,-0.14996952317277634
1770791841.3001611,1.2999999999997935,0.0,0.020000000000000007,1.2310198582863807,0.0,0.13652896781146526,0.0,-0.5,-0.3,-9.290230340449949e-65,-9.122324879964628e-05,-0.14995631722083108
1770791841.7308104,1.2999999999997935,0.0,0.020000000000000007,1.2310198582863807,0.0,0.13660329418361186,0.0,-0.5,-0.3,-6.239421494692286e-65,-4.620716592053423e-05,-0.14998139802532764
1770791842.156744,1.2999999999997935,0.0,0.020000000000000007,1.2310198582863807,0.0,0.13667762700378894,0.0,-0.5,-0.3,-4.195525752705342e-65,-0.00014137495380192301,-0.14993882930188718
1770791842.571644,1.2999999999997935,0.0,0.020000000000000007,1.2310198582863807,0.0,0.1367519461929798,0.0,-0.5,-0.3,-3.264086034405645e-65,-0.00012580568107462258,-0.1499386540867354
1770791842.993354,1.2999999999997935,0.0,0.020000000000000007,1.2310198582863807,0.0,0.13682626760303973,0.0,-0.5,-0.3,-3.1666236767797312e-65,-0.00010273900512268452,-0.14995093716503383
1770791843.4081721,1.2999999999997935,0.0,0.020000000000000007,1.2310198582863807,0.0,0.13690059234440324,0.0,-0.5,-0.3,-2.125293747407967e-65,1.8155486349968658e-05,-0.15002116719232225
1770791843.8290162,1.2999999999997935,0.0,0.020000000000000007,1.2310198582863807,0.0,0.13697493439674374,0.0,-0.5,-0.3,-1.651812566299332e-65,-2.2799667149958324e-06,-0.150000903561949
1770791844.2422626,1.2999999999997935,0.0,0.020000000000000007,1.2310198582863807,0.0,0.137049273520112,0.0,-0.5,-0.3,-1.2821574488064728e-65,-7.624635343406278e-05,-0.14996927346195488
1770791844.6646516,1.2999999999997935,0.0,0.020000000000000007,1.2310198582863807,0.0,0.13712360204875465,0.0,-0.5,-0.3,-8.624942070619241e-66,-8.571790768486307e-06,-0.15000248156088233
1770791845.0742521,1.2999999999997935,0.0,0.020000000000000007,1.2310198582863807,0.0,0.13719794027090068,0.0,-0.5,-0.3,-6.698143733591029e-66,-0.00015978316465079583,-0.1499352295550628
1770791845.4886746,1.2999999999997935,0.0,0.020000000000000007,1.2310198582863807,0.0,0.1372722568261623,0.0,-0.5,-0.3,-5.197942087400495e-66,-0.00016073231567049928,-0.14991972875726672
1770791845.9031522,1.2999999999997935,0.0,0.020000000000000007,1.2310198582863807,0.0,0.13734657325267788,0.0,-0.5,-0.3,-4.1286107173509136e-66,-9.657993406144833e-05,-0.1499581252711302
1770791846.3218422,1.2999999999997935,0.0,0.020000000000000007,1.2310198582863807,0.0,0.13742089886307712,0.0,-0.5,-0.3,-3.39796005879739e-66,-0.00014585855220787926,-0.14993199858571069
1770791846.7383404,1.2999999999997935,0.0,0.020000000000000007,1.2310198582863807,0.0,0.13749521741390225,0.0,-0.5,-0.3,-2.642074784780603e-66,-7.754940652158395e-05,-0.14996805621130782
1770791847.1743186,1.2999999999997935,0.0,0.020000000000000007,1.2310198582863807,0.0,0.13756954572260377,0.0,-0.5,-0.3,-1.7712287252386356e-66,-0.00022793399995039846,-0.14990107145936768
1770791847.5897772,1.2999999999997935,0.0,0.020000000000000007,1.2310198582863807,0.0,0.13764385250389574,0.0,-0.5,-0.3,-1.3733379710763471e-66,-0.00020158143896081325,-0.14990184453661853
1770791848.005066,1.2999999999997935,0.0,0.020000000000000007,1.2310198582863807,0.0,0.1377181630671024,0.0,-0.5,-0.3,-1.0942098513599843e-66,-0.0001651756935260765,-0.14992105272778042
1770791848.4212043,1.2999999999997935,0.0,0.020000000000000007,1.2310198582863807,0.0,0.13779247884452342,0.0,-0.5,-0.3,-8.880546003229344e-67,-5.2447075829270605e-05,-0.14998504932385504
1770791848.8434472,1.2999999999997935,0.0,0.020000000000000007,1.2310198582863807,0.0,0.13786681078493593,0.0,-0.5,-0.3,-6.990761897181966e-67,-2.156627499450866e-05,-0.14999230494258622
1770791849.2732313,1.2999999999997935,0.0,0.020000000000000007,1.2310198582863807,0.0,0.13794114716172215,0.0,-0.5,-0.3,-4.6745264190432237e-67,-1.6773262299162933e-05,-0.14999209267011995
1770791849.7077246,1.2999999999997935,0.0,0.020000000000000007,1.2310198582863807,0.0,0.13801548421442505,0.0,-0.5,-0.3,-3.633260203665913e-67,-2.975592690531241e-07,-0.15000149879066849
1770791850.13108,1.2999999999997935,0.0,0.020000000000000007,1.2310198582863807,0.0,0.13808982361674305,0.0,-0.5,-0.3,-2.900386954968776e-67,3.268839566661369e-05,-0.15001964279332686
1770791850.558144,1.2999999999997935,0.0,0.020000000000000007,1.2310198582863807,0.0,0.1381641677343845,0.0,-0.5,-0.3,-2.0545189330275237e-67,1.8361765368906517e-05,-0.1500106135457142
1770791850.9825723,1.2999999999997935,0.0,0.020000000000000007,1.2310198582863807,0.0,0.1382385098135471,0.0,-0.5,-0.3,-1.5949270327956183e-67,1.3627821852531912e-05,-0.1500072873052779
1770791851.4012601,1.2999999999997935,0.0,0.020000000000000007,1.2310198582863807,0.0,0.13831285120069978,0.0,-0.5,-0.3,-1.3533471280658743e-67,-0.00015168320665791951,-0.14994068949952208
1770791851.8136818,1.2999999999997935,0.0,0.020000000000000007,1.2310198582863807,0.0,0.13838716890931127,0.0,-0.5,-0.3,-1.0517519523358648e-67,-0.00017762038160272075,-0.1499137835266931
1770791852.232027,1.2999999999997935,0.0,0.020000000000000007,1.2310198582863807,0.0,0.13846148288965224,0.0,-0.5,-0.3,-7.701784096179431e-68,-0.0002851929128067161,-0.14986816079671703
1770791852.651851,1.2999999999997935,0.0,0.020000000000000007,1.2310198582863807,0.0,0.13853578147947787,0.0,-0.5,-0.3,-5.433740943585725e-68,-0.00023059196010289813,-0.14989016411521894
1770791853.0687199,1.2999999999997935,0.0,0.020000000000000007,1.2310198582863807,0.0,0.13861008788526058,0.0,-0.5,-0.3,-5.022001292873181e-68,-0.00018584773966320734,-0.14991155055221236
1770791853.4887717,1.2999999999997935,0.0,0.020000000000000007,1.2310198582863807,0.0,0.13868440070152283,0.0,-0.5,-0.3,-3.2732790404604106e-68,-9.517124373761596e-05,-0.14996148202772375
1770791853.9216352,1.2999999999997935,0.0,0.020000000000000007,1.2310198582863807,0.0,0.13875872653722762,0.0,-0.5,-0.3,-2.477440104020999e-68,-0.00016229920715616004,-0.14992556319276376
1770791854.352877,1.2999999999997935,0.0,0.020000000000000007,1.2310198582863807,0.0,0.1388330427223444,0.0,-0.5,-0.3,-1.8481174216316882e-68,-6.57609536392275e-05,-0.14997677334853207
1770791854.7678142,1.2999999999997935,0.0,0.020000000000000007,1.2310198582863807,0.0,0.13890737273156642,0.0,-0.5,-0.3,-1.435946127609705e-68,-2.3346332297109205e-05,-0.14999256829598565
1770791855.1850753,1.2999999999997935,0.0,0.020000000000000007,1.2310198582863807,0.0,0.13898170883476732,0.0,-0.5,-0.3,-1.1143295955192993e-68,-6.097499737188914e-07,-0.15000196878324545
1770791855.606411,1.2999999999997935,0.0,0.020000000000000007,1.2310198582863807,0.0,0.1390560481995344,0.0,-0.5,-0.3,-8.95248531019495e-69,-7.495585452352896e-06,-0.14999694079082168
1770791856.018556,1.2999999999997935,0.0,0.020000000000000007,1.2310198582863807,0.0,0.13913038657188415,0.0,-0.5,-0.3,-6.974207948022164e-69,3.529981342327323e-05,-0.1500219294465992
1770791856.4384906,1.2999999999997935,0.0,0.020000000000000007,1.2310198582863807,0.0,0.13920473107039927,0.0,-0.5,-0.3,-5.393857800310865e-69,-3.404848846223749e-05,-0.14998991058595743
1770791856.8563356,1.2999999999997935,0.0,0.020000000000000007,1.2310198582863807,0.0,0.13927906564474105,0.0,-0.5,-0.3,-3.8154497839230495e-69,6.22698158503309e-06,-0.15000714103779725
1770791857.2743778,1.2999999999997935,0.0,0.020000000000000007,1.2310198582863807,0.0,0.1393534059911966,0.0,-0.5,-0.3,-3.54150494237219e-69,-5.158907251580841e-05,-0.1499799870691522
1770791857.6956227,1.2999999999997935,0.0,0.020000000000000007,1.2310198582863807,0.0,0.13942773806035516,0.0,-0.5,-0.3,-2.5188543335389927e-69,-6.159340687445201e-05,-0.14997020372999864
1770791858.110257,1.2999999999997935,0.0,0.020000000000000007,1.2310198582863807,0.0,0.13950206868112083,0.0,-0.5,-0.3,-1.8442045878179025e-69,-0.00013168690052771248,-0.14994116589910145
1770791858.5287218,1.2999999999997935,0.0,0.020000000000000007,1.2310198582863807,0.0,0.13957638924896712,0.0,-0.5,-0.3,-1.4367310382345663e-69,-0.0001939330018093852,-0.14990925810922348
1770791858.940321,1.2999999999997935,0.0,0.020000000000000007,1.2310198582863807,0.0,0.13965070089578624,0.0,-0.5,-0.3,-1.1811094214054606e-69,-9.657655077061838e-05,-0.14996144736971856
1770791859.357389,1.2999999999997935,0.0,0.020000000000000007,1.2310198582863807,0.0,0.1397135747345447,0.0,-0.5,-0.3,-7.771989837857779e-70,-0.00015384046926140063,-0.14992880615721835
1770791859.7846904,1.2999999999997935,0.0,0.020000000000000007,1.2310198582863807,0.0,0.13976513128232668,0.0,-0.5,-0.3,-5.97471568313721e-70,7.309482017339689e-06,-0.15001976973613654
1770791860.2010202,1.2999999999997935,0.0,0.020000000000000007,1.2310198582863807,0.0,0.13980740765150787,0.0,-0.5,-0.3,-4.9748494307289825e-70,1.0497974226254595e-05,-0.150005567836334
1770791860.6240258,1.2999999999997935,0.0,0.020000000000000007,1.2310198582863807,0.0,0.13984207427423645,0.0,-0.5,-0.3,-3.8585271857837674e-70,0.00010403450503697956,-0.15006137090559957
1770791861.0332642,1.2999999999997935,0.0,0.020000000000000007,1.2310198582863807,0.0,0.13987050090487388,0.0,-0.5,-0.3,-2.987284473712101e-70,8.181077924495162e-05,-0.1500431277622017
1770791861.469746,1.2999999999997935,0.0,0.020000000000000007,1.2310198582863807,0.0,0.13989381074199658,0.0,-0.5,-0.3,-2.0612221450184544e-70,7.643624860145978e-05,-0.1500387555773651
1770791861.9022954,1.2999999999997935,0.0,0.020000000000000007,1.2310198582863807,0.0,0.1399129248084372,0.0,-0.5,-0.3,-1.6893993802157777e-70,7.623309192589287e-05,-0.1500381368616305
1770791862.329032,1.2999999999997935,0.0,0.020000000000000007,1.2310198582863807,0.0,0.13992859834291851,0.0,-0.5,-0.3,-1.3104728859287724e-70,-6.979982452112543e-05,-0.14997970337938415
1770791862.742976,1.2999999999997935,0.0,0.020000000000000007,1.2310198582863807,0.0,0.13994145064119318,0.0,-0.5,-0.3,-1.017216667989041e-70,-0.00019516554983007138,-0.14991495379761585
1770791863.177199,1.2999999999997935,0.0,0.020000000000000007,1.2310198582863807,0.0,0.13995198952577842,0.0,-0.5,-0.3,-7.006736031407513e-71,-0.00025117255683589833,-0.14988001442228263
1770791863.590199,1.2999999999997935,0.0,0.020000000000000007,1.2310198582863807,0.0,0.13996063141113832,0.0,-0.5,-0.3,-5.446860046156194e-71,-0.0002834815147216214,-0.14986149013842776
1770791864.010896,1.2999999999997935,0.0,0.020000000000000007,1.2310198582863807,0.0,0.13996771775713343,0.0,-0.5,-0.3,-4.413225049261832e-71,-0.00023757599268816687,-0.14988580255585926
1770791864.4369113,1.2999999999997935,0.0,0.020000000000000007,1.2310198582863807,0.0,0.1399735285608494,0.0,-0.5,-0.3,-3.4604599908404455e-71,-0.0001909257921112723,-0.14990920212400205
1770791864.868289,1.2999999999997935,0.0,0.020000000000000007,1.2310198582863807,0.0,0.1399782934198965,0.0,-0.5,-0.3,-2.3920455418642717e-71,-0.00021880223193649777,-0.14989338652801426
1770791865.2886639,1.2999999999997935,0.0,0.020000000000000007,1.2310198582863807,0.0,0.13998220060431515,0.0,-0.5,-0.3,-1.8560252569725144e-71,-0.00012674686825423038,-0.1499458321022411
1770791865.7128386,1.2999999999997935,0.0,0.020000000000000007,1.2310198582863807,0.0,0.13998540449553842,0.0,-0.5,-0.3,-1.4907907491881436e-71,-7.74763839056435e-05,-0.14996618885648202
1770791866.1358364,1.2999999999997935,0.0,0.020000000000000007,1.2310198582863807,0.0,0.1399880316863415,0.0,-0.5,-0.3,-1.1856132412249168e-71,-7.6132502275977075e-06,-0.15000317968825402
1770791866.5500107,1.2999999999997935,0.0,0.020000000000000007,1.2310198582863807,0.0,0.13999018598280003,0.0,-0.5,-0.3,-9.256074894009007e-72,-3.136150327515205e-05,-0.1499866940736672
1770791866.9645596,1.2999999999997935,0.0,0.020000000000000007,1.2310198582863807,0.0,0.13999195250589602,0.0,-0.5,-0.3,-6.323444220072332e-72,-6.640240490456301e-05,-0.14997030288771065
1770791867.3869836,1.2999999999997935,0.0,0.020000000000000007,1.2310198582863807,0.0,0.13999340105483474,0.0,-0.5,-0.3,-4.91420072700806e-72,-9.67898616324972e-05,-0.14995464381485654
1770791867.822214,1.2999999999997935,0.0,0.020000000000000007,1.2310198582863807,0.0,0.1399945888649645,0.0,-0.5,-0.3,-3.708664065259429e-72,-0.00016808441858016517,-0.14992308724640466
1770791868.2374215,1.2999999999997935,0.0,0.020000000000000007,1.2310198582863807,0.0,0.1399955628692709,0.0,-0.5,-0.3,-3.207010198661257e-72,-6.116967124461073e-05,-0.14998010663911127
1770791868.6531527,1.2999999999997935,0.0,0.020000000000000007,1.2310198582863807,0.0,0.13999636155280212,0.0,-0.5,-0.3,-2.1538252343494733e-72,-0.00020675123666284741,-0.1499111825382104
1770791869.0789707,1.2999999999997935,0.0,0.020000000000000007,1.2310198582863807,0.0,0.13999701647329774,0.0,-0.5,-0.3,-1.6709125433261907e-72,-0.00017174660505839677,-0.14991762716063123
1770791869.5011976,1.2999999999997935,0.0,0.020000000000000007,1.2310198582863807,0.0,0.13999755350810414,0.0,-0.5,-0.3,-1.4213173554579154e-72,-0.0001246804570579751,-0.14994236638627104
1770791869.9216583,1.2999999999997935,0.0,0.020000000000000007,1.2310198582863807,0.0,0.1399979938766454,0.0,-0.5,-0.3,-1.100450731736768e-72,-6.665172567623557e-05,-0.14997247701030006
1770791870.3534932,1.2999999999997935,0.0,0.020000000000000007,1.2310198582863807,0.0,0.13999835497884924,0.0,-0.5,-0.3,-7.33144646345272e-73,0.00012409905405845822,-0.1500811246050027
1770791870.765632,1.2999999999997935,0.0,0.020000000000000007,1.2310198582863807,0.0,0.13999865108265638,0.0,-0.5,-0.3,-5.677740099579232e-73,5.906530834971249e-05,-0.1500360360287457
1770791871.184553,1.2999999999997935,0.0,0.020000000000000007,1.2310198582863807,0.0,0.13999889388777823,0.0,-0.5,-0.3,-4.4195118989525317e-73,9.717575880563247e-05,-0.1500523989244484
1770791871.604575,1.2999999999997935,0.0,0.020000000000000007,1.2310198582863807,0.0,0.13999909298797814,0.0,-0.5,-0.3,-3.722671708614174e-73,-1.7045838883027446e-05,-0.15000289924032736
1770791872.0240185,1.2999999999997935,0.0,0.020000000000000007,1.2310198582863807,0.0,0.13999925625014206,0.0,-0.5,-0.3,-2.853274423519701e-73,3.0955999787536876e-06,-0.15000356194387554
1770791872.448584,1.2999999999997935,0.0,0.020000000000000007,1.2310198582863807,0.0,0.1399993901251165,0.0,-0.5,-0.3,-1.939848225197254e-73,9.215155297136378e-07,-0.15000067816620977
1770791872.8610055,1.2999999999997935,0.0,0.020000000000000007,1.2310198582863807,0.0,0.13999949990259553,0.0,-0.5,-0.3,-1.4983293374966365e-73,-6.356099230940719e-05,-0.1499746677546292
1770791873.2750654,1.2999999999997935,0.0,0.020000000000000007,1.2310198582863807,0.0,0.13999958992012834,0.0,-0.5,-0.3,-1.1688768006126218e-73,-0.00013017263392621581,-0.14994157484719856
1770791873.694696,1.2999999999997935,0.0,0.020000000000000007,1.2310198582863807,0.0,0.13999966373450523,0.0,-0.5,-0.3,-9.027326493045405e-74,-9.823855429283521e-05,-0.1499540741308169
1770791874.110275,1.2999999999997935,0.0,0.020000000000000007,1.2310198582863807,0.0,0.1399997242622943,0.0,-0.5,-0.3,-7.053399553022622e-74,-0.0001099982761526837,-0.14994617683410966
1770791874.5373788,1.2999999999997935,0.0,0.020000000000000007,1.2310198582863807,0.0,0.1399997738950813,0.0,-0.5,-0.3,-5.515576041592563e-74,-0.00012404754107427188,-0.14993938115595504
1770791874.9605415,1.2999999999997935,0.0,0.020000000000000007,1.2310198582863807,0.0,0.13999981459396668,0.0,-0.5,-0.3,-3.973613161225163e-74,8.244106507699354e-05,-0.1500618693931536
1770791875.3723915,1.2999999999997935,0.0,0.020000000000000007,1.2310198582863807,0.0,0.13999984796705267,0.0,-0.5,-0.3,-3.083112510990669e-74,6.416238331666485e-05,-0.15003390905983438
1770791875.7849045,1.2999999999997935,0.0,0.020000000000000007,1.2310198582863807,0.0,0.1399998753329832,0.0,-0.5,-0.3,-2.3984555089779318e-74,0.00014782066758628042,-0.15008227616222009
1770791876.226298,1.2999999999997935,0.0,0.020000000000000007,1.2310198582863807,0.0,0.13999989777304622,0.0,-0.5,-0.3,-1.9926499263077902e-74,1.9645155153535265e-05,-0.15002264012882002
1770791876.6486707,1.2999999999997935,0.0,0.020000000000000007,1.2310198582863807,0.0,0.1399999161738979,0.0,-0.5,-0.3,-1.3541451299768442e-74,1.1339236275649597e-05,-0.15000650021002562
1770791877.0657458,1.2999999999997935,0.0,0.020000000000000007,1.2310198582863807,0.0,0.13999993126259627,0.0,-0.5,-0.3,-1.0515615723973706e-74,8.333311420901498e-05,-0.15004886594489783
1770791877.4916782,1.2999999999997935,0.0,0.020000000000000007,1.2310198582863807,0.0,0.13999994363532894,0.0,-0.5,-0.3,-8.136542180211548e-75,3.4259852973429774e-05,-0.1500220372526103
1770791877.9112403,1.2999999999997935,0.0,0.020000000000000007,1.2310198582863807,0.0,0.13999995378096974,0.0,-0.5,-0.3,-6.698139780913138e-75,-1.3846970743116986e-06,-0.1500028721064676
1770791878.3311281,1.2999999999997935,0.0,0.020000000000000007,1.2310198582863807,0.0,0.1399999621003952,0.0,-0.5,-0.3,-5.171131607688455e-75,3.509693876663514e-05,-0.1500211966329674
1770791878.7444582,1.2999999999997935,0.0,0.020000000000000007,1.2310198582863807,0.0,0.13999996892232405,0.0,-0.5,-0.3,-4.057874913879152e-75,2.773688529362692e-05,-0.1500146044479941
1770791879.1618073,1.2999999999997935,0.0,0.020000000000000007,1.2310198582863807,0.0,0.13999997451630572,0.0,-0.5,-0.3,-3.145991841204229e-75,-4.7854174507848045e-05,-0.14998363201872622
1770791879.585018,1.2999999999997935,0.0,0.020000000000000007,1.2310198582863807,0.0,0.1399999791033707,0.0,-0.5,-0.3,-2.1559157410356405e-75,8.696854226402827e-05,-0.1500569665428092
1770791880.0125732,1.2999999999997935,0.0,0.020000000000000007,1.2310198582863807,0.0,0.13999998286476398,0.0,-0.5,-0.3,-1.6656926178559983e-75,0.0002041827075536328,-0.15011381277030578
1770791880.4285035,1.2999999999997935,0.0,0.020000000000000007,1.2310198582863807,0.0,0.13999998594910645,0.0,-0.5,-0.3,-1.3716920328109962e-75,0.00024552811639890414,-0.15012689859908396
1770791880.8539732,1.2999999999997935,0.0,0.020000000000000007,1.2310198582863807,0.0,0.1399999884782673,0.0,-0.5,-0.3,-9.446017081270881e-76,0.0002786316501075281,-0.15014262617842464
1770791881.266435,1.2999999999997935,0.0,0.020000000000000007,1.2310198582863807,0.0,0.13999999055217918,0.0,-0.5,-0.3,-7.337156377397923e-76,0.0002017450568924277,-0.15010856118776772
1770791881.6992087,1.2999999999997935,0.0,0.020000000000000007,1.2310198582863807,0.0,0.13999999225278692,0.0,-0.5,-0.3,-5.920244155353196e-76,0.00028187815965776693,-0.1501489523901054
1770791882.1119208,1.2999999999997935,0.0,0.020000000000000007,1.2310198582863807,0.0,0.13999999364728527,0.0,-0.5,-0.3,-4.664422614846105e-76,8.640832499374634e-05,-0.15006275114596326
1770791882.5326977,1.2999999999997935,0.0,0.020000000000000007,1.2310198582863807,0.0,0.13999999479077394,0.0,-0.5,-0.3,-3.3492598924999554e-76,6.468255195283301e-06,-0.15001122813457748
1770791882.9526207,1.2999999999997935,0.0,0.020000000000000007,1.2310198582863807,0.0,0.13999999572843463,0.0,-0.5,-0.3,-2.506577299486498e-76,-6.750882436176642e-05,-0.14997364329577484
1770791883.3757708,1.2999999999997935,0.0,0.020000000000000007,1.2310198582863807,0.0,0.1399999964973164,0.0,-0.5,-0.3,-1.9424081342147318e-76,-0.0001545839765171944,-0.14993141552695693
1770791883.7952743,1.2999999999997935,0.0,0.020000000000000007,1.2310198582863807,0.0,0.13999999712779945,0.0,-0.5,-0.3,-1.5888401338210994e-76,-0.0001472831028434107,-0.14992708853594566
1770791884.215387,1.2999999999997935,0.0,0.020000000000000007,1.2310198582863807,0.0,0.13999999764479557,0.0,-0.5,-0.3,-1.244128744383531e-76,-6.421946327384723e-05,-0.14997619663232004
1770791884.6370974,1.2999999999997935,0.0,0.020000000000000007,1.2310198582863807,0.0,0.13999999806873237,0.0,-0.5,-0.3,-9.144424819429925e-77,-9.733938415599265e-05,-0.1499546423000102
1770791885.0580842,1.2999999999997935,0.0,0.020000000000000007,1.2310198582863807,0.0,0.13999999841636054,0.0,-0.5,-0.3,-6.627286791825645e-77,-0.0001631703463767368,-0.14992499792303368
1770791885.4740362,1.2999999999997935,0.0,0.020000000000000007,1.2310198582863807,0.0,0.13999999870141566,0.0,-0.5,-0.3,-5.14322608418145e-77,-8.63039163694204e-05,-0.14996453468481602
1770791885.9002666,1.2999999999997935,0.0,0.020000000000000007,1.2310198582863807,0.0,0.13999999893516085,0.0,-0.5,-0.3,-4.280676513270167e-77,5.643737749378797e-05,-0.1500424928181332
1770791886.3184671,1.2999999999997935,0.0,0.020000000000000007,1.2310198582863807,0.0,0.1399999991268319,0.0,-0.5,-0.3,-3.3177492033324668e-77,0.0001387059148813586,-0.15007757981117942
1770791886.73478,1.2999999999997935,0.0,0.020000000000000007,1.2310198582863807,0.0,0.13999999928400214,0.0,-0.5,-0.3,-2.5780013333761743e-77,1.65684860780663e-05,-0.15002049798591935
1770791887.1526132,1.2999999999997935,0.0,0.020000000000000007,1.2310198582863807,0.0,0.13999999941288177,0.0,-0.5,-0.3,-1.7513087058178868e-77,-2.2436598162598507e-05,-0.14999268220934275
1770791887.5802398,1.2999999999997935,0.0,0.020000000000000007,1.2310198582863807,0.0,0.13999999951856307,0.0,-0.5,-0.3,-1.3579713803674317e-77,1.0631142164104465e-05,-0.15000862234511472
1770791888.0111804,1.2999999999997935,0.0,0.020000000000000007,1.2310198582863807,0.0,0.13999999960522172,0.0,-0.5,-0.3,-1.1365086141500141e-77,4.9455363368860005e-05,-0.15002861010380492
1770791888.4298155,1.2999999999997935,0.0,0.020000000000000007,1.2310198582863807,0.0,0.13999999967628182,0.0,-0.5,-0.3,-8.812017457547963e-78,-8.885470905819404e-05,-0.1499694036527136
1770791888.8506615,1.2999999999997935,0.0,0.020000000000000007,1.2310198582863807,0.0,0.1399999997345511,0.0,-0.5,-0.3,-5.96612522870815e-78,-0.00012155215494175062,-0.14994249366711748
1770791889.2671201,1.2999999999997935,0.0,0.020000000000000007,1.2310198582863807,0.0,0.1399999997823319,0.0,-0.5,-0.3,-5.764651844761601e-78,-0.0001096809107645206,-0.14994634666903545
1770791889.679972,1.2999999999997935,0.0,0.020000000000000007,1.2310198582863807,0.0,0.13999999982151218,0.0,-0.5,-0.3,-3.596800110868371e-78,-0.00015980778903810797,-0.14992510879330828
1770791890.0884326,1.2999999999997935,0.0,0.020000000000000007,1.2310198582863807,0.0,0.13999999985363998,0.0,-0.5,-0.3,-2.7902476429830005e-78,-7.225229429903408e-05,-0.1499726294023244
1770791890.5098588,1.2999999999997935,0.0,0.020000000000000007,1.2310198582863807,0.0,0.1399999998799848,0.0,-0.5,-0.3,-2.2033361412537116e-78,-2.811666690677566e-06,-0.15000553822941548
1770791890.9265742,1.2999999999997935,0.0,0.020000000000000007,1.2310198582863807,0.0,0.13999999990158754,0.0,-0.5,-0.3,-1.8126410367224397e-78,1.6806802559472846e-05,-0.15001036524820477
1770791891.3407185,1.2999999999997935,0.0,0.020000000000000007,1.2310198582863807,0.0,0.1399999999193018,0.0,-0.5,-0.3,-1.4036160146789632e-78,2.0864787192972596e-05,-0.15001083819205985
1770791891.7601643,1.2999999999997935,0.0,0.020000000000000007,1.2310198582863807,0.0,0.13999999993382747,0.0,-0.5,-0.3,-9.502883024089847e-79,6.471021279807438e-05,-0.15003673964895956
1770791892.1859782,1.2999999999997935,0.0,0.020000000000000007,1.2310198582863807,0.0,0.13999999994573853,0.0,-0.5,-0.3,-8.717328716410317e-79,9.664057995376284e-05,-0.15005151332669245
1770791892.6072555,1.2999999999997935,0.0,0.020000000000000007,1.2310198582863807,0.0,0.1399999999555056,0.0,-0.5,-0.3,-5.708689192524459e-79,8.067235339526507e-05,-0.15004193299935348
1770791893.023065,1.2999999999997935,0.0,0.020000000000000007,1.2310198582863807,0.0,0.1399999999635146,0.0,-0.5,-0.3,-4.8073780292402735e-79,5.051107094323396e-05,-0.15002827166371682
1770791893.4421594,1.2999999999997935,0.0,0.020000000000000007,1.2310198582863807,0.0,0.13999999997008197,0.0,-0.5,-0.3,-3.416117689809167e-79,1.4472696594696245e-06,-0.1500056300149581
1770791893.8567955,1.2999999999997935,0.0,0.020000000000000007,1.2310198582863807,0.0,0.13999999997546722,0.0,-0.5,-0.3,-2.504730723487526e-79,-3.503277356783843e-05,-0.14998613161753882
1770791894.2744474,1.2999999999997935,0.0,0.020000000000000007,1.2310198582863807,0.0,0.13999999997988313,0.0,-0.5,-0.3,-1.9510006529174153e-79,-0.00011512989010683703,-0.1499504447666005
1770791894.6973104,1.2999999999997935,0.0,0.020000000000000007,1.2310198582863807,0.0,0.13999999998350418,0.0,-0.5,-0.3,-1.546755293589263e-79,-7.139115475325583e-05,-0.14996867829615873
1770791895.1201925,1.2999999999997935,0.0,0.020000000000000007,1.2310198582863807,0.0,0.13999999998647344,0.0,-0.5,-0.3,-1.2738266361307025e-79,-0.00018336524607899933,-0.14991951478609308
1770791895.53784,1.2999999999997935,0.0,0.020000000000000007,1.2310198582863807,0.0,0.13999999998890822,0.0,-0.5,-0.3,-9.899895181802872e-80,-0.00017361753480739638,-0.14991416600372345
1770791895.9515927,1.2999999999997935,0.0,0.020000000000000007,1.2310198582863807,0.0,0.13999999999090473,0.0,-0.5,-0.3,-8.320147307961988e-80,-9.728216407679913e-05,-0.14995899245503466
1770791896.3725402,1.2999999999997935,0.0,0.020000000000000007,1.2310198582863807,0.0,0.1399999999925419,0.0,-0.5,-0.3,-5.1521306358619536e-80,-4.916521160226945e-05,-0.14998022908944633
1770791896.7884855,1.2999999999997935,0.0,0.020000000000000007,1.2310198582863807,0.0,0.13999999999388435,0.0,-0.5,-0.3,-3.971271259903404e-80,-6.0554578811078395e-05,-0.14997086164731532
1770791897.200556,1.2999999999997935,0.0,0.020000000000000007,1.2310198582863807,0.0,0.13999999999498516,0.0,-0.5,-0.3,-3.1846873006183597e-80,-0.0001018159557684262,-0.14995321815981152
1770791897.6233795,1.2999999999997935,0.0,0.020000000000000007,1.2310198582863807,0.0,0.13999999999588783,0.0,-0.5,-0.3,-2.6165182751915845e-80,5.573997441776805e-05,-0.1500436255802275
1770791898.0528836,1.2999999999997935,0.0,0.020000000000000007,1.2310198582863807,0.0,0.13999999999662802,0.0,-0.5,-0.3,-1.7559591374555404e-80,-3.279622362172187e-05,-0.1499924555079931
1770791898.464306,1.2999999999997935,0.0,0.020000000000000007,1.2310198582863807,0.0,0.13999999999723498,0.0,-0.5,-0.3,-1.3640911641530715e-80,-6.157625562863978e-05,-0.14997208987538638
1770791898.8843694,1.2999999999997935,0.0,0.020000000000000007,1.2310198582863807,0.0,0.1399999999977327,0.0,-0.5,-0.3,-1.0576819680774149e-80,-7.635047247455973e-05,-0.14996330218544732
1770791899.3083985,1.2999999999997935,0.0,0.020000000000000007,1.2310198582863807,0.0,0.1399999999981408,0.0,-0.5,-0.3,-8.940564463063442e-81,-0.0001324341241551552,-0.14993939130309047
1770791899.7213528,1.2999999999997935,0.0,0.020000000000000007,1.2310198582863807,0.0,0.13999999999847546,0.0,-0.5,-0.3,-6.207980265342092e-81,-8.718847831165338e-05,-0.14996093032542854
1770791900.151215,1.2999999999997935,0.0,0.020000000000000007,1.2310198582863807,0.0,0.13999999999874987,0.0,-0.5,-0.3,-4.630663347919753e-81,-0.00011950583513705909,-0.149943478818114
1770791900.5677238,1.2999999999997935,0.0,0.020000000000000007,1.2310198582863807,0.0,0.1399999999989749,0.0,-0.5,-0.3,-3.600317540420209e-81,-0.00014369065823730933,-0.14993057315319136
1770791900.9849987,1.2999999999997935,0.0,0.020000000000000007,1.2310198582863807,0.0,0.1399999999991594,0.0,-0.5,-0.3,-2.799693439226486e-81,-0.00018972703609898344,-0.14990974011973668
1770791901.4072866,1.2999999999997935,0.0,0.020000000000000007,1.2310198582863807,0.0,0.1399999999993107,0.0,-0.5,-0.3,-2.3732257985745777e-81,-0.0001687073065855474,-0.14991774831965857
1770791901.821587,1.2999999999997935,0.0,0.020000000000000007,1.2310198582863807,0.0,0.13999999999943477,0.0,-0.5,-0.3,-1.8429039335243953e-81,-6.398948727934212e-05,-0.14997847703829095
1770791902.2366848,1.2999999999997935,0.0,0.020000000000000007,1.2310198582863807,0.0,0.13999999999953652,0.0,-0.5,-0.3,-1.4286021919230263e-81,7.109328069869583e-05,-0.15004905491714715
1770791902.6686583,1.2999999999997935,0.0,0.020000000000000007,1.2310198582863807,0.0,0.13999999999961996,0.0,-0.5,-0.3,-9.534655879076358e-82,3.4259420000114926e-05,-0.1500208130960699
1770791903.0988898,1.2999999999997935,0.0,0.020000000000000007,1.2310198582863807,0.0,0.13999999999968837,0.0,-0.5,-0.3,-7.638684121658758e-82,5.032316311889175e-05,-0.1500267679558713
1770791903.514242,1.2999999999997935,0.0,0.020000000000000007,1.2310198582863807,0.0,0.13999999999974447,0.0,-0.5,-0.3,-6.288334093976302e-82,0.00012230977170053369,-0.15006835354670842
1770791903.9433775,1.2999999999997935,0.0,0.020000000000000007,1.2310198582863807,0.0,0.13999999999979046,0.0,-0.5,-0.3,-4.602989014668818e-82,7.791481443497745e-05,-0.15004339690294405
1770791904.370473,1.2999999999997935,0.0,0.020000000000000007,1.2310198582863807,0.0,0.13999999999982818,0.0,-0.5,-0.3,-3.2430382316550617e-82,-5.6286258001417386e-05,-0.14998527697824293
1770791904.8064022,1.2999999999997935,0.0,0.020000000000000007,1.2310198582863807,0.0,0.1399999999998591,0.0,-0.5,-0.3,-2.7585030374676996e-82,-0.00016234247462735998,-0.14992943438434891
1770791905.221281,1.2999999999997935,0.0,0.020000000000000007,1.2310198582863807,0.0,0.13999999999988447,0.0,-0.5,-0.3,-2.024974602814882e-82,-0.00010284800469945987,-0.14995452544464305
1770791905.6372073,1.2999999999997935,0.0,0.020000000000000007,1.2310198582863807,0.0,0.13999999999990526,0.0,-0.5,-0.3,-1.571255233478705e-82,-0.00018184017689377936,-0.14991697912877255
1770791906.0608847,1.2999999999997935,0.0,0.020000000000000007,1.2310198582863807,0.0,0.13999999999992233,0.0,-0.5,-0.3,-1.1036741259652751e-82,-5.9034090670177744e-05,-0.14998276356328727
1770791906.4757595,1.2999999999997935,0.0,0.020000000000000007,1.2310198582863807,0.0,0.13999999999993631,0.0,-0.5,-0.3,-8.588217687731336e-83,-0.00013142075218932397,-0.14994152829005725
1770791906.8927457,1.2999999999997935,0.0,0.020000000000000007,1.2310198582863807,0.0,0.13999999999994778,0.0,-0.5,-0.3,-6.677277859080154e-83,-9.555664252460968e-05,-0.14995580808970418
1770791907.3199108,1.2999999999997935,0.0,0.020000000000000007,1.2310198582863807,0.0,0.1399999999999572,0.0,-0.5,-0.3,-5.3647128618237986e-83,2.374858856813156e-05,-0.15002380481739333
1770791907.7385423,1.2999999999997935,0.0,0.020000000000000007,1.2310198582863807,0.0,0.1399999999999649,0.0,-0.5,-0.3,-4.4085869875939164e-83,-7.352930054713925e-05,-0.14997296313863795
1770791908.1564763,1.2999999999997935,0.0,0.020000000000000007,1.2310198582863807,0.0,0.13999999999997123,0.0,-0.5,-0.3,-2.9219134316376213e-83,-1.0126211695659657e-05,-0.15000127720303733
1770791908.6002285,1.2999999999997935,0.0,0.020000000000000007,1.2310198582863807,0.0,0.13999999999997642,0.0,-0.5,-0.3,-2.357564441573865e-83,-7.066222608613874e-05,-0.14997072248839596
1770791909.0241795,1.2999999999997935,0.0,0.020000000000000007,1.2310198582863807,0.0,0.13999999999998067,0.0,-0.5,-0.3,-1.8296087503843e-83,-4.304759696150054e-05,-0.14998123766443172
1770791909.4520648,1.2999999999997935,0.0,0.020000000000000007,1.2310198582863807,0.0,0.13999999999998414,0.0,-0.5,-0.3,-1.2837940787091084e-83,8.143001752875246e-06,-0.15000919056074788
1770791909.8640752,1.2999999999997935,0.0,0.020000000000000007,1.2310198582863807,0.0,0.139999999999987,0.0,-0.5,-0.3,-9.96518384453566e-84,-2.836254503113456e-05,-0.14998946928216284
1770791910.2902977,1.2999999999997935,0.0,0.020000000000000007,1.2310198582863807,0.0,0.13999999999998933,0.0,-0.5,-0.3,-7.713518693843749e-84,-0.00012495171617053142,-0.14994718305902865
1770791910.7094636,1.2999999999997935,0.0,0.020000000000000007,1.2310198582863807,0.0,0.13999999999999124,0.0,-0.5,-0.3,-6.288726030688849e-84,-0.00014842541923843289,-0.14992813466068758
1770791911.129463,1.2999999999997935,0.0,0.020000000000000007,1.2310198582863807,0.0,0.13999999999999282,0.0,-0.5,-0.3,-4.897195856585635e-84,-0.00021696256370293629,-0.14989837243259496
1770791911.5631227,1.2999999999997935,0.0,0.020000000000000007,1.2310198582863807,0.0,0.13999999999999413,0.0,-0.5,-0.3,-3.3915610084886667e-84,-5.42877949962711e-05,-0.14998912357937252
1770791911.971218,1.2999999999997935,0.0,0.020000000000000007,1.2310198582863807,0.0,0.13999999999999518,0.0,-0.5,-0.3,-2.634179429978022e-84,5.897952463864185e-05,-0.1500408164942828
1770791912.399624,1.2999999999997935,0.0,0.020000000000000007,1.2310198582863807,0.0,0.13999999999999604,0.0,-0.5,-0.3,-2.156594696702302e-84,0.00016421690501802378,-0.15009263219054694
1770791912.8185103,1.2999999999997935,0.0,0.020000000000000007,1.2310198582863807,0.0,0.13999999999999677,0.0,-0.5,-0.3,-1.6748865273746952e-84,4.953144488340516e-05,-0.15003623426845517
1770791913.2374566,1.2999999999997935,0.0,0.020000000000000007,1.2310198582863807,0.0,0.13999999999999735,0.0,-0.5,-0.3,-1.3003283820562308e-84,0.00016407981827913206,-0.15009349474647915
1770791913.6614692,1.2999999999997935,0.0,0.020000000000000007,1.2310198582863807,0.0,0.13999999999999782,0.0,-0.5,-0.3,-8.975972458808344e-85,0.00014939661817753877,-0.15007616662909892
1770791914.0780952,1.2999999999997935,0.0,0.020000000000000007,1.2310198582863807,0.0,0.1399999999999982,0.0,-0.5,-0.3,-6.939455357235141e-85,0.0002131027899274927,-0.15011292201213872
1770791914.4999897,1.2999999999997935,0.0,0.020000000000000007,1.2310198582863807,0.0,0.13999999999999854,0.0,-0.5,-0.3,-5.702691989403287e-85,1.4747737627888535e-05,-0.1500272093740439
1770791914.9225488,1.2999999999997935,0.0,0.020000000000000007,1.2310198582863807,0.0,0.13999999999999882,0.0,-0.5,-0.3,-4.4093590763553946e-85,-0.00011453345264757275,-0.14995566139270375
1770791915.349812,1.2999999999997935,0.0,0.020000000000000007,1.2310198582863807,0.0,0.13999999999999904,0.0,-0.5,-0.3,-3.43563911406254e-85,-0.00016700404091099264,-0.14992174503837086
1770791915.7661781,1.2999999999997935,0.0,0.020000000000000007,1.2310198582863807,0.0,0.1399999999999992,0.0,-0.5,-0.3,-2.3591879256888174e-85,-0.0002753361303673084,-0.14987316514376198
1770791916.1843643,1.2999999999997935,0.0,0.020000000000000007,1.2310198582863807,0.0,0.13999999999999935,0.0,-0.5,-0.3,-1.8412771868725244e-85,-0.00026687087353949237,-0.14986741108891302
1770791916.618398,1.2999999999997935,0.0,0.020000000000000007,1.2310198582863807,0.0,0.13999999999999946,0.0,-0.5,-0.3,-1.4287691319053744e-85,-0.00018561878602342874,-0.14991531581573989
1770791917.0338023,1.2999999999997935,0.0,0.020000000000000007,1.2310198582863807,0.0,0.13999999999999957,0.0,-0.5,-0.3,-1.172106110347174e-85,-0.00013662683237473778,-0.14993658577917748
1770791917.4575675,1.2999999999997935,0.0,0.020000000000000007,1.2310198582863807,0.0,0.13999999999999965,0.0,-0.5,-0.3,-8.080625288956043e-86,-0.00011998484066421372,-0.14994167177883894
1770791917.8864985,1.2999999999997935,0.0,0.020000000000000007,1.2310198582863807,0.0,0.1399999999999997,0.0,-0.5,-0.3,-7.6755196578013e-86,-6.0413713838078125e-05,-0.14997575025576357
1770791918.3101563,1.2999999999997935,0.0,0.020000000000000007,1.2310198582863807,0.0,0.13999999999999976,0.0,-0.5,-0.3,-5.079305011931833e-86,5.538721330640738e-05,-0.15003927369936765
1770791918.7275946,1.2999999999997935,0.0,0.020000000000000007,1.2310198582863807,0.0,0.13999999999999982,0.0,-0.5,-0.3,-3.8865203302347976e-86,4.590825515901202e-05,-0.15002390202339422
1770791919.13863,1.2999999999997935,0.0,0.020000000000000007,1.2310198582863807,0.0,0.13999999999999985,0.0,-0.5,-0.3,-2.9572981426372513e-86,-1.1839177391429718e-05,-0.14999985515455933
1770791919.564189,1.2999999999997935,0.0,0.020000000000000007,1.2310198582863807,0.0,0.13999999999999987,0.0,-0.5,-0.3,-2.1090377285293012e-86,-5.226953452356469e-05,-0.14997790826845142
1770791919.9824,1.2999999999997935,0.0,0.020000000000000007,1.2310198582863807,0.0,0.1399999999999999,0.0,-0.5,-0.3,-1.657991721688064e-86,-3.966474777898278e-05,-0.14998142810478496
1770791920.397567,1.2999999999997935,0.0,0.020000000000000007,1.2310198582863807,0.0,0.13999999999999993,0.0,-0.5,-0.3,-1.3601863468327122e-86,-2.2423743562902824e-05,-0.14999051222864013
1770791920.810988,1.2999999999997935,0.0,0.020000000000000007,1.2310198582863807,0.0,0.13999999999999996,0.0,-0.5,-0.3,-1.0557287986511719e-86,-0.00011550272544036516,-0.14995155653546755
1770791921.234362,1.2999999999997935,0.0,0.020000000000000007,1.2310198582863807,0.0,0.13999999999999996,0.0,-0.5,-0.3,-8.121102735168348e-87,-2.7067176279651402e-05,-0.14999530996677624
1770791921.6492717,1.2999999999997935,0.0,0.020000000000000007,1.2310198582863807,0.0,0.13999999999999996,0.0,-0.5,-0.3,-5.648323710280969e-87,-4.6210642431257205e-05,-0.14997880902539953
1770791922.0780337,1.2999999999997935,0.0,0.020000000000000007,1.2310198582863807,0.0,0.13999999999999996,0.0,-0.5,-0.3,-4.383982136750043e-87,-6.745618444485872e-05,-0.14996839646197893
1770791922.4949358,1.2999999999997935,0.0,0.020000000000000007,1.2310198582863807,0.0,0.13999999999999996,0.0,-0.5,-0.3,-3.3688866462490563e-87,2.5973307858688886e-05,-0.1500223296031597
1770791922.91569,1.2999999999997935,0.0,0.020000000000000007,1.2310198582863807,0.0,0.13999999999999996,0.0,-0.5,-0.3,-2.788801218156797e-87,-1.7012283406659878e-05,-0.1499957924174232
1770791923.3366854,1.2999999999997935,0.0,0.020000000000000007,1.2310198582863807,0.0,0.13999999999999996,0.0,-0.5,-0.3,-2.153078630894684e-87,9.350610254692402e-05,-0.15005780488986883
1770791923.7562726,1.2999999999997935,0.0,0.020000000000000007,1.2310198582863807,0.0,0.13999999999999996,0.0,-0.5,-0.3,-1.493089949063951e-87,7.169286908179894e-05,-0.1500380277578874
1770791924.1682556,1.2999999999997935,0.0,0.020000000000000007,1.2310198582863807,0.0,0.13999999999999996,0.0,-0.5,-0.3,-1.1971305519910142e-87,0.00010787115548634675,-0.1500575534063836
1770791924.5891662,1.2999999999997935,0.0,0.020000000000000007,1.2310198582863807,0.0,0.13999999999999996,0.0,-0.5,-0.3,-8.965269933247729e-88,1.0292264592331752e-05,-0.15001490402138556
1770791925.0214546,1.2999999999997935,0.0,0.020000000000000007,1.2310198582863807,0.0,0.13999999999999996,0.0,-0.5,-0.3,-7.376601839400326e-88,-3.2902413212167185e-05,-0.14998786826117436
1770791925.4430394,1.2999999999997935,0.0,0.020000000000000007,1.2310198582863807,0.0,0.13999999999999996,0.0,-0.5,-0.3,-5.730193636958614e-88,-2.120392407146422e-05,-0.14999056788687834
1770791925.8627236,1.2999999999997935,0.0,0.020000000000000007,1.2310198582863807,0.0,0.13999999999999996,0.0,-0.5,-0.3,-3.950438269436854e-88,-0.0001298052555790701,-0.14994595750536122
1770791926.279616,1.2999999999997935,0.0,0.020000000000000007,1.2310198582863807,0.0,0.13999999999999996,0.0,-0.5,-0.3,-3.064560720936206e-88,-0.00014031800914119638,-0.1499308922707856
1770791926.690037,1.2999999999997935,0.0,0.020000000000000007,1.2310198582863807,0.0,0.13999999999999996,0.0,-0.5,-0.3,-2.3770013824719883e-88,-0.0001254643474459891,-0.1499387531924465
1770791927.1178148,1.2999999999997935,0.0,0.020000000000000007,1.2310198582863807,0.0,0.13999999999999996,0.0,-0.5,-0.3,-1.9626763265679832e-88,-7.824558607530127e-05,-0.14996559908309942
1770791927.5404284,1.2999999999997935,0.0,0.020000000000000007,1.2310198582863807,0.0,0.13999999999999996,0.0,-0.5,-0.3,-1.527174206090767e-88,-8.271412901670492e-05,-0.14995908978978578
1770791927.9655542,1.2999999999997935,0.0,0.020000000000000007,1.2310198582863807,0.0,0.13999999999999996,0.0,-0.5,-0.3,-1.0428598947429104e-88,6.133166866268142e-05,-0.15004507041409929
1770791928.384161,1.2999999999997935,0.0,0.020000000000000007,1.2310198582863807,0.0,0.13999999999999996,0.0,-0.5,-0.3,-8.02627067144138e-89,5.65356634059064e-06,-0.15000839459340248
1770791928.7986405,1.2999999999997935,0.0,0.020000000000000007,1.2310198582863807,0.0,0.13999999999999996,0.0,-0.5,-0.3,-6.327149027941261e-89,0.00020624192109300877,-0.15012317979602174
1770791929.2111883,1.2999999999997935,0.0,0.020000000000000007,1.2310198582863807,0.0,0.13999999999999996,0.0,-0.5,-0.3,-5.215174407534071e-89,0.00011679803849970539,-0.15006734340750918
1770791929.6290073,1.2999999999997935,0.0,0.020000000000000007,1.2310198582863807,0.0,0.13999999999999996,0.0,-0.5,-0.3,-4.049126916715081e-89,4.3835234831182064e-05,-0.15002921389778245
1770791930.0676122,1.2999999999997935,0.0,0.020000000000000007,1.2310198582863807,0.0,0.13999999999999996,0.0,-0.5,-0.3,-2.758650234848712e-89,7.057314980461277e-05,-0.15003796036639966
1770791930.4812472,1.2999999999997935,0.0,0.020000000000000007,1.2310198582863807,0.0,0.13999999999999996,0.0,-0.5,-0.3,-2.142940995861509e-89,-9.321780519656211e-05,-0.14996977019290184
1770791930.8904886,1.2999999999997935,0.0,0.020000000000000007,1.2310198582863807,0.0,0.13999999999999996,0.0,-0.5,-0.3,-1.662502612674005e-89,-7.773950026695627e-05,-0.14996267808035948
1770791931.312479,1.2999999999997935,0.0,0.020000000000000007,1.2310198582863807,0.0,0.13999999999999996,0.0,-0.5,-0.3,-1.382422840140005e-89,-0.00011160483056578519,-0.149947584117747
1770791931.737652,1.2999999999997935,0.0,0.020000000000000007,1.2310198582863807,0.0,0.13999999999999996,0.0,-0.5,-0.3,-1.0726387797458098e-89,-0.00010789095914480472,-0.14994642590756968
1770791932.1597168,1.2999999999997935,0.0,0.020000000000000007,1.2310198582863807,0.0,0.13999999999999996,0.0,-0.5,-0.3,-7.298726347105123e-90,-0.00012887389334606287,-0.1499376613467471
1770791932.5752347,1.2999999999997935,0.0,0.020000000000000007,1.2310198582863807,0.0,0.13999999999999996,0.0,-0.5,-0.3,-5.666366196443672e-90,-0.00014773473320614172,-0.14992801871738295
1770791933.0100458,1.2999999999997935,0.0,0.020000000000000007,1.2310198582863807,0.0,0.13999999999999996,0.0,-0.5,-0.3,-4.453371531666076e-90,-0.00017634182787800513,-0.14991468979552816
1770791933.4362907,1.2999999999997935,0.0,0.020000000000000007,1.2310198582863807,0.0,0.13999999999999996,0.0,-0.5,-0.3,-3.6660565125317514e-90,-9.773411855342711e-05,-0.14995899371165575
1770791933.8652651,1.2999999999997935,0.0,0.020000000000000007,1.2310198582863807,0.0,0.13999999999999996,0.0,-0.5,-0.3,-2.825538839194704e-90,5.058662058553601e-05,-0.15004012538420666
1770791934.2788439,1.2999999999997935,0.0,0.020000000000000007,1.2310198582863807,0.0,0.13999999999999996,0.0,-0.5,-0.3,-1.9307224039689933e-90,-5.375598151740179e-05,-0.1499835562694516
1770791934.6959903,1.2999999999997935,0.0,0.020000000000000007,1.2310198582863807,0.0,0.13999999999999996,0.0,-0.5,-0.3,-1.6103948834673484e-90,-7.861992214144593e-05,-0.1499631764329917
1770791935.1181607,1.2999999999997935,0.0,0.020000000000000007,1.2310198582863807,0.0,0.13999999999999996,0.0,-0.5,-0.3,-1.2170086855118419e-90,-0.00011623678019124221,-0.14994564329570936
1770791935.5340738,1.2999999999997935,0.0,0.020000000000000007,1.2310198582863807,0.0,0.13999999999999996,0.0,-0.5,-0.3,-9.706212143282124e-91,-6.688220844964466e-05,-0.14997149435294935
1770791935.9460394,1.2999999999997935,0.0,0.020000000000000007,1.2310198582863807,0.0,0.13999999999999996,0.0,-0.5,-0.3,-6.574382656433178e-91,-0.0001439268092960877,-0.14993574105543658
1770791936.3568246,1.2999999999997935,0.0,0.020000000000000007,1.2310198582863807,0.0,0.13999999999999996,0.0,-0.5,-0.3,-5.085857089537072e-91,-0.00020233865169894648,-0.14990467185839082
1770791936.7906475,1.2999999999997935,0.0,0.020000000000000007,1.2310198582863807,0.0,0.13999999999999996,0.0,-0.5,-0.3,-3.9686796729816554e-91,-0.0002119919688195925,-0.14989496934730226
1770791937.2063212,1.2999999999997935,0.0,0.020000000000000007,1.2310198582863807,0.0,0.13999999999999996,0.0,-0.5,-0.3,-3.030781868287883e-91,-0.0002474941844397366,-0.14987980312934213
1770791937.6401772,1.2999999999997935,0.0,0.020000000000000007,1.2310198582863807,0.0,0.13999999999999996,0.0,-0.5,-0.3,-2.5527440218133654e-91,-0.00024783393370988625,-0.14987611700807207
1770791938.062196,1.2999999999997935,0.0,0.020000000000000007,1.2310198582863807,0.0,0.13999999999999996,0.0,-0.5,-0.3,-2.176064280494201e-91,-0.00021440891368351548,-0.14989613804516086
1770791938.478647,1.2999999999997935,0.0,0.020000000000000007,1.2310198582863807,0.0,0.13999999999999996,0.0,-0.5,-0.3,-1.3494846516842626e-91,-9.013622291753186e-05,-0.14996735915761783
1770791938.890104,1.2999999999997935,0.0,0.020000000000000007,1.2310198582863807,0.0,0.13999999999999996,0.0,-0.5,-0.3,-1.0458539833758187e-91,-9.624432123144038e-06,-0.15000323896301784
1770791939.3159451,1.2999999999997935,0.0,0.020000000000000007,1.2310198582863807,0.0,0.13999999999999996,0.0,-0.5,-0.3,-8.838989193828229e-92,-1.619482230412355e-05,-0.14999255962786603
1770791939.7488453,1.2999999999997935,0.0,0.020000000000000007,1.2310198582863807,0.0,0.13999999999999996,0.0,-0.5,-0.3,-7.36069376093753e-92,-6.708910399969757e-06,-0.14999759413599043
1770791940.161849,1.2999999999997935,0.0,0.020000000000000007,1.2310198582863807,0.0,0.13999999999999996,0.0,-0.5,-0.3,-4.597802224726631e-92,3.4594011827172184e-05,-0.15002142729813628
1770791940.5811136,1.2999999999997935,0.0,0.020000000000000007,1.2310198582863807,0.0,0.13999999999999996,0.0,-0.5,-0.3,-3.566758311681111e-92,7.997100670550987e-05,-0.1500445232028406
1770791940.9966602,1.2999999999997935,0.0,0.020000000000000007,1.2310198582863807,0.0,0.13999999999999996,0.0,-0.5,-0.3,-3.0026391247951508e-92,5.987448467318588e-05,-0.15003194689453983
1770791941.418613,1.2999999999997935,0.0,0.020000000000000007,1.2310198582863807,0.0,0.13999999999999996,0.0,-0.5,-0.3,-2.3211208387746005e-92,-2.13897786457028e-05,-0.14999743153700903
1770791941.83316,1.2999999999997935,0.0,0.020000000000000007,1.2310198582863807,0.0,0.13999999999999996,0.0,-0.5,-0.3,-1.815665455653612e-92,-4.050842848767542e-05,-0.14998165765074034
1770791942.2459397,1.2999999999997935,0.0,0.020000000000000007,1.2310198582863807,0.0,0.13999999999999996,0.0,-0.5,-0.3,-1.2085287887110541e-92,-5.81682342367427e-05,-0.14997268186345653
1770791942.6589515,1.2999999999997935,0.0,0.020000000000000007,1.2310198582863807,0.0,0.13999999999999996,0.0,-0.5,-0.3,-9.454298930731082e-93,-0.00016078524991181492,-0.1499298690766116
1770791943.0758562,1.2999999999997935,0.0,0.020000000000000007,1.2310198582863807,0.0,0.13999999999999996,0.0,-0.5,-0.3,-7.252360434370115e-93,1.2872429089516212e-05,-0.1500238019824449
1770791943.494693,1.2999999999997935,0.0,0.020000000000000007,1.2310198582863807,0.0,0.13999999999999996,0.0,-0.5,-0.3,-6.195380162187136e-93,-5.117806403125514e-05,-0.14998081601729643
1770791943.9203498,1.2999999999997935,0.0,0.020000000000000007,1.2310198582863807,0.0,0.13999999999999996,0.0,-0.5,-0.3,-4.751337133864412e-93,-5.2545916961855275e-05,-0.14997386382681213
1770791944.3416922,1.2999999999997935,0.0,0.020000000000000007,1.2310198582863807,0.0,0.13999999999999996,0.0,-0.5,-0.3,-3.7366674985393914e-93,7.02898662565269e-05,-0.1500474285114501
1770791944.7615392,1.2999999999997935,0.0,0.020000000000000007,1.2310198582863807,0.0,0.13999999999999996,0.0,-0.5,-0.3,-2.474465247215208e-93,3.48341283865226e-06,-0.15000842235176112
1770791945.2181177,1.2999999999997935,0.0,0.020000000000000007,1.2310198582863807,0.0,0.13999999999999996,0.0,-0.5,-0.3,-2.1143139305156127e-93,-9.257818580603143e-05,-0.14996331706696145
1770791945.6493435,1.2999999999997935,0.0,0.020000000000000007,1.2310198582863807,0.0,0.13999999999999996,0.0,-0.5,-0.3,-1.5997426462964553e-93,-3.774829620117458e-05,-0.1499866088408599
1770791946.0687356,1.2999999999997935,0.0,0.020000000000000007,1.2310198582863807,0.0,0.13999999999999996,0.0,-0.5,-0.3,-1.0946645689486695e-93,6.558794526756766e-05,-0.15004312759678065
1770791946.4774914,1.2999999999997935,0.0,0.020000000000000007,1.2310198582863807,0.0,0.13999999999999996,0.0,-0.5,-0.3,-8.478807258780259e-94,2.861303936956472e-05,-0.15001800401027457
1770791946.8898237,1.2999999999997935,0.0,0.020000000000000007,1.2310198582863807,0.0,0.13999999999999996,0.0,-0.5,-0.3,-7.898450700662035e-94,2.6441991412359153e-05,-0.1500134381005019
1770791947.3025281,1.2999999999997935,0.0,0.020000000000000007,1.2310198582863807,0.0,0.13999999999999996,0.0,-0.5,-0.3,-5.589345007041108e-94,-9.036891307351308e-05,-0.14996649663391182
1770791947.715344,1.2999999999997935,0.0,0.020000000000000007,1.2310198582863807,0.0,0.13999999999999996,0.0,-0.5,-0.3,-4.345766828080224e-94,-0.000168795833372424,-0.14992344477534367
1770791948.146397,1.2999999999997935,0.0,0.020000000000000007,1.2310198582863807,0.0,0.13999999999999996,0.0,-0.5,-0.3,-3.3719859088062504e-94,-0.00013137116430105375,-0.1499380568847566
1770791948.563785,1.2999999999997935,0.0,0.020000000000000007,1.2310198582863807,0.0,0.13999999999999996,0.0,-0.5,-0.3,-2.2413857723753149e-94,-0.0002334302578029767,-0.1498934907804487
1770791948.9787762,1.2999999999997935,0.0,0.020000000000000007,1.2310198582863807,0.0,0.13999999999999996,0.0,-0.5,-0.3,-1.7440060319512466e-94,-0.00015402665344096302,-0.14993092703371572
1770791949.3955808,1.2999999999997935,0.0,0.020000000000000007,1.2310198582863807,0.0,0.13999999999999996,0.0,-0.5,-0.3,-1.3529185414819835e-94,-0.00011230829236611717,-0.1499480176899244
1770791949.8155696,1.2999999999997935,0.0,0.020000000000000007,1.2310198582863807,0.0,0.13999999999999996,0.0,-0.5,-0.3,-1.0853963690141116e-94,1.0074093388671688e-05,-0.1500172752852698
1770791950.2381632,1.2999999999997935,0.0,0.020000000000000007,1.2310198582863807,0.0,0.13999999999999996,0.0,-0.5,-0.3,-8.862876269991481e-95,-2.1800254327602924e-05,-0.14999228730760783
1770791950.6634004,1.2999999999997935,0.0,0.020000000000000007,1.2310198582863807,0.0,0.13999999999999996,0.0,-0.5,-0.3,-5.9368626627118314e-95,8.911123365977756e-05,-0.15005564676562863
1770791951.0904312,1.2999999999997935,0.0,0.020000000000000007,1.2310198582863807,0.0,0.13999999999999996,0.0,-0.5,-0.3,-4.609564712605644e-95,-4.74792671919001e-05,-0.1499899194164892
1770791951.5182889,1.2999999999997935,0.0,0.020000000000000007,1.2310198582863807,0.0,0.13999999999999996,0.0,-0.5,-0.3,-3.657680449359474e-95,-1.1087648961530873e-05,-0.14999809533734226
1770791951.9665082,1.2999999999997935,0.0,0.020000000000000007,1.2310198582863807,0.0,0.13999999999999996,0.0,-0.5,-0.3,-2.6054809757825272e-95,-1.2677393241482787e-06,-0.15000034812130167
1770791952.3855062,1.2999999999997935,0.0,0.020000000000000007,1.2310198582863807,0.0,0.13999999999999996,0.0,-0.5,-0.3,-2.0223252816719356e-95,-0.00010622499462979521,-0.14995738322821564
1770791952.8019981,1.2999999999997935,0.0,0.020000000000000007,1.2310198582863807,0.0,0.13999999999999996,0.0,-0.5,-0.3,-1.6292248200018725e-95,-0.0001262555581307894,-0.1499388752772847
1770791953.215228,1.2999999999997935,0.0,0.020000000000000007,1.2310198582863807,0.0,0.13999999999999996,0.0,-0.5,-0.3,-1.2653028267363268e-95,-7.676490145933963e-05,-0.14996656661493746
1770791953.6336615,1.2999999999997935,0.0,0.020000000000000007,1.2310198582863807,0.0,0.13999999999999996,0.0,-0.5,-0.3,-9.813893374503634e-96,3.964570750197949e-07,-0.15000791436439093
1770791954.053355,1.2999999999997935,0.0,0.020000000000000007,1.2310198582863807,0.0,0.13999999999999996,0.0,-0.5,-0.3,-8.290928515210346e-96,3.8867534326906796e-05,-0.15002328087488864
1770791954.4841568,1.2999999999997935,0.0,0.020000000000000007,1.2310198582863807,0.0,0.13999999999999996,0.0,-0.5,-0.3,-5.35007715849868e-96,8.889981347951338e-05,-0.15004945313465504
1770791954.9069808,1.2999999999997935,0.0,0.020000000000000007,1.2310198582863807,0.0,0.13999999999999996,0.0,-0.5,-0.3,-4.318201453405579e-96,9.290180232979227e-05,-0.15004685110004992
1770791955.3290608,1.2999999999997935,0.0,0.020000000000000007,1.2310198582863807,0.0,0.13999999999999996,0.0,-0.5,-0.3,-3.3578469217900263e-96,0.00020801666629953472,-0.15011551981954674
1770791955.7407677,1.2999999999997935,0.0,0.020000000000000007,1.2310198582863807,0.0,0.13999999999999996,0.0,-0.5,-0.3,-2.6068042669168834e-96,0.00015793754477927765,-0.15008397668454165
1770791956.1624868,1.2999999999997935,0.0,0.020000000000000007,1.2310198582863807,0.0,0.13999999999999996,0.0,-0.5,-0.3,-2.2073362234621002e-96,0.00014684352784906105,-0.15007453116561753
1770791956.583103,1.2999999999997935,0.0,0.020000000000000007,1.2310198582863807,0.0,0.13999999999999996,0.0,-0.5,-0.3,-1.413436096591711e-96,9.882737664962201e-05,-0.15005421530344476
1770791956.9930942,1.2999999999997935,0.0,0.020000000000000007,1.2310198582863807,0.0,0.13999999999999996,0.0,-0.5,-0.3,-1.0978795504565944e-96,4.889102078732283e-05,-0.15002943914597988
1770791957.405069,1.2999999999997935,0.0,0.020000000000000007,1.2310198582863807,0.0,0.13999999999999996,0.0,-0.5,-0.3,-8.93174450113664e-97,4.876144409827655e-06,-0.15000683955984265
1770791957.8172212,1.2999999999997935,0.0,0.020000000000000007,1.2310198582863807,0.0,0.13999999999999996,0.0,-0.5,-0.3,-6.946707736829233e-97,-2.7681059064935487e-05,-0.14998941519081502
1770791958.2442672,1.2999999999997935,0.0,0.020000000000000007,1.2310198582863807,0.0,0.13999999999999996,0.0,-0.5,-0.3,-4.81429861898078e-97,-3.060704373864636e-07,-0.15000258446364406
1770791958.6572444,1.2999999999997935,0.0,0.020000000000000007,1.2310198582863807,0.0,0.13999999999999996,0.0,-0.5,-0.3,-3.739106631372653e-97,-8.11633805062608e-05,-0.14996750404075374
1770791959.073953,1.2999999999997935,0.0,0.020000000000000007,1.2310198582863807,0.0,0.13999999999999996,0.0,-0.5,-0.3,-2.8870474308978635e-97,-0.00021443642267418274,-0.1499061090928797
1770791959.4904783,1.2999999999997935,0.0,0.020000000000000007,1.2310198582863807,0.0,0.13999999999999996,0.0,-0.5,-0.3,-2.743107335944587e-97,-0.00015351888538608948,-0.14992933231103575
1770791959.9034033,1.2999999999997935,0.0,0.020000000000000007,1.2310198582863807,0.0,0.13999999999999996,0.0,-0.5,-0.3,-1.8354927139807381e-97,-0.000107980692808978,-0.1499505634728532
1770791960.3352787,1.2999999999997935,0.0,0.020000000000000007,1.2310198582863807,0.0,0.13999999999999996,0.0,-0.5,-0.3,-1.3437828963559606e-97,9.144917486880343e-07,-0.1500113467643301
1770791960.7651517,1.2999999999997935,0.0,0.020000000000000007,1.2310198582863807,0.0,0.13999999999999996,0.0,-0.5,-0.3,-9.885991455495405e-98,3.2359740877059456e-05,-0.15001932439535137
1770791961.1860063,1.2999999999997935,0.0,0.020000000000000007,1.2310198582863807,0.0,0.13999999999999996,0.0,-0.5,-0.3,-9.448209457685923e-98,0.00019209668130432708,-0.15011202203469487
1770791961.6025863,1.2999999999997935,0.0,0.020000000000000007,1.2310198582863807,0.0,0.13999999999999996,0.0,-0.5,-0.3,-6.330512847256186e-98,3.3021580436313265e-05,-0.15003241830030495
1770791962.0249424,1.2999999999997935,0.0,0.020000000000000007,1.2310198582863807,0.0,0.13999999999999996,0.0,-0.5,-0.3,-4.7702109081790284e-98,7.418483847892269e-06,-0.15000626955158278
1770791962.450184,1.2999999999997935,0.0,0.020000000000000007,1.2310198582863807,0.0,0.13999999999999996,0.0,-0.5,-0.3,-3.363614615926898e-98,-0.00011294227148137172,-0.14995556493979223
1770791962.863795,1.2999999999997935,0.0,0.020000000000000007,1.2310198582863807,0.0,0.13999999999999996,0.0,-0.5,-0.3,-2.614607667346724e-98,-0.00019262001818386965,-0.1499116577655783
1770791963.2765434,1.2999999999997935,0.0,0.020000000000000007,1.2310198582863807,0.0,0.13999999999999996,0.0,-0.5,-0.3,-2.3738959314689638e-98,-0.00031614139697904684,-0.14985428143938997
1770791963.6956973,1.2999999999997935,0.0,0.020000000000000007,1.2310198582863807,0.0,0.13999999999999996,0.0,-0.5,-0.3,-1.5751146815624354e-98,-0.00030208939829767155,-0.1498503605007193
1770791964.115055,1.2999999999997935,0.0,0.020000000000000007,1.2310198582863807,0.0,0.13999999999999996,0.0,-0.5,-0.3,-1.3059392688671931e-98,-0.00016172212908818716,-0.14993317566237685
1770791964.5394053,1.2999999999997935,0.0,0.020000000000000007,1.2310198582863807,0.0,0.13999999999999996,0.0,-0.5,-0.3,-1.0134493631106703e-98,-0.0001122053333329138,-0.14994884901290909
1770791964.971977,1.2999999999997935,0.0,0.020000000000000007,1.2310198582863807,0.0,0.13999999999999996,0.0,-0.5,-0.3,-6.9049517674009916e-99,1.958527421391378e-05,-0.15002297169786163
1770791965.3855195,1.2999999999997935,0.0,0.020000000000000007,1.2310198582863807,0.0,0.13999999999999996,0.0,-0.5,-0.3,-5.364758472900052e-99,5.17489850478545e-05,-0.1500290908636073
1770791965.8030467,1.2999999999997935,0.0,0.020000000000000007,1.2310198582863807,0.0,0.13999999999999996,0.0,-0.5,-0.3,-4.434957461186422e-99,0.0001263932598071095,-0.15007066105737948
1770791966.228378,1.2999999999997935,0.0,0.020000000000000007,1.2310198582863807,0.0,0.13999999999999996,0.0,-0.5,-0.3,-3.4260130323490804e-99,4.6704044519852315e-05,-0.15003132094378865
1770791966.6449058,1.2999999999997935,0.0,0.020000000000000007,1.2310198582863807,0.0,0.13999999999999996,0.0,-0.5,-0.3,-2.9040917067727865e-99,5.934629821917217e-05,-0.15003093737447953
1770791967.057822,1.2999999999997935,0.0,0.020000000000000007,1.2310198582863807,0.0,0.13999999999999996,0.0,-0.5,-0.3,-1.827680380561367e-99,5.451515954773241e-05,-0.150027740693641
1770791967.4721785,1.2999999999997935,0.0,0.020000000000000007,1.2310198582863807,0.0,0.13999999999999996,0.0,-0.5,-0.3,-1.4180123168371036e-99,-0.00010383545574070895,-0.1499639173336585
1770791967.9003215,1.2999999999997935,0.0,0.020000000000000007,1.2310198582863807,0.0,0.13999999999999996,0.0,-0.5,-0.3,-1.1713247435294193e-99,-8.435901689776027e-05,-0.1499597681354354
1770791968.3125663,1.2999999999997935,0.0,0.020000000000000007,1.2310198582863807,0.0,0.13999999999999996,0.0,-0.5,-0.3,-9.085698763973494e-100,-0.0001093009725603667,-0.14994784370928607
1770791968.7268696,1.2999999999997935,0.0,0.020000000000000007,1.2310198582863807,0.0,0.13999999999999996,0.0,-0.5,-0.3,-7.049549381007211e-100,-0.00013860063857410945,-0.1499336296473143
1770791969.1642241,1.2999999999997935,0.0,0.020000000000000007,1.2310198582863807,0.0,0.13999999999999996,0.0,-0.5,-0.3,-4.83241776148658e-100,-0.00010509349571817372,-0.1499508039664265
1770791969.584404,1.2999999999997935,0.0,0.020000000000000007,1.2310198582863807,0.0,0.13999999999999996,0.0,-0.5,-0.3,-4.137019343529351e-100,-0.00010850556281904426,-0.14994608842530055
1770791969.9966173,1.2999999999997935,0.0,0.020000000000000007,1.2310198582863807,0.0,0.13999999999999996,0.0,-0.5,-0.3,-2.91932536760245e-100,-0.00013070515708479036,-0.14993686738088416
1770791970.4175618,1.2999999999997935,0.0,0.020000000000000007,1.2310198582863807,0.0,0.13999999999999996,0.0,-0.5,-0.3,-2.3844293096361126e-100,-7.209468247095259e-05,-0.14996981370622592
1770791970.8321004,1.2999999999997935,0.0,0.020000000000000007,1.2310198582863807,0.0,0.13999999999999996,0.0,-0.5,-0.3,-1.8570724363514072e-100,-3.20560648461457e-05,-0.1499879758293394
1770791971.2548327,1.2999999999997935,0.0,0.020000000000000007,1.2310198582863807,0.0,0.13999999999999996,0.0,-0.5,-0.3,-1.2772588818709435e-100,-6.262171968230508e-05,-0.14997174570564245
1770791971.6718893,1.2999999999997935,0.0,0.020000000000000007,1.2310198582863807,0.0,0.13999999999999996,0.0,-0.5,-0.3,-9.914048626938483e-101,3.4328568808993864e-06,-0.15000832188609678
1770791972.0999377,1.2999999999997935,0.0,0.020000000000000007,1.2310198582863807,0.0,0.13999999999999996,0.0,-0.5,-0.3,-8.236831985382954e-101,7.302076464620077e-06,-0.15000403796019066
1770791972.5140855,1.2999999999997935,0.0,0.020000000000000007,1.2310198582863807,0.0,0.13999999999999996,0.0,-0.5,-0.3,-6.440428105362888e-101,4.645790382084836e-05,-0.15002714453464605
1770791972.9397278,1.2999999999997935,0.0,0.020000000000000007,1.2310198582863807,0.0,0.13999999999999996,0.0,-0.5,-0.3,-4.957479812920966e-101,-5.867068264342655e-05,-0.1499811775173247
1770791973.370917,1.2999999999997935,0.0,0.020000000000000007,1.2310198582863807,0.0,0.13999999999999996,0.0,-0.5,-0.3,-4.199498865609247e-101,-0.00011390509408496543,-0.14994857089410166
1770791973.785848,1.2999999999997935,0.0,0.020000000000000007,1.2310198582863807,0.0,0.13999999999999996,0.0,-0.5,-0.3,-2.621219058081652e-101,-0.00013432704612592565,-0.14993487867214111
1770791974.2002401,1.2999999999997935,0.0,0.020000000000000007,1.2310198582863807,0.0,0.13999999999999996,0.0,-0.5,-0.3,-2.198320584460518e-101,-0.00015142634533051394,-0.1499259967572552
1770791974.6115668,1.2999999999997935,0.0,0.020000000000000007,1.2310198582863807,0.0,0.13999999999999996,0.0,-0.5,-0.3,-1.700879976316611e-101,-0.00023083898253342075,-0.14989252177245357
1770791975.0411797,1.2999999999997935,0.0,0.020000000000000007,1.2310198582863807,0.0,0.13999999999999996,0.0,-0.5,-0.3,-1.3209845598382994e-101,-0.00020529451948164218,-0.14989990718656435
1770791975.4538672,1.2999999999997935,0.0,0.020000000000000007,1.2310198582863807,0.0,0.13999999999999996,0.0,-0.5,-0.3,-1.0541757226017911e-101,-2.391568344091612e-05,-0.15000618004188362
1770791975.8666527,1.2999999999997935,0.0,0.020000000000000007,1.2310198582863807,0.0,0.13999999999999996,0.0,-0.5,-0.3,-6.931966026964251e-102,-4.7703042993438976e-05,-0.1499785272144585
1770791976.2827053,1.2999999999997935,0.0,0.020000000000000007,1.2310198582863807,0.0,0.13999999999999996,0.0,-0.5,-0.3,-5.3788500708154946e-102,3.389324834494595e-05,-0.1500251062533063
1770791976.7059882,1.2999999999997935,0.0,0.020000000000000007,1.2310198582863807,0.0,0.13999999999999996,0.0,-0.5,-0.3,-4.0717146620798824e-102,8.880179595327362e-05,-0.15004989175273747
1770791977.1177778,1.2999999999997935,0.0,0.020000000000000007,1.2310198582863807,0.0,0.13999999999999996,0.0,-0.5,-0.3,-3.497614194953403e-102,0.00012122494441747871,-0.15006385478705514
1770791977.5485451,1.2999999999997935,0.0,0.020000000000000007,1.2310198582863807,0.0,0.13999999999999996,0.0,-0.5,-0.3,-2.3582177116289904e-102,0.00012382723973296576,-0.15006217384939805
1770791977.961063,1.2999999999997935,0.0,0.020000000000000007,1.2310198582863807,0.0,0.13999999999999996,0.0,-0.5,-0.3,-1.8130631203082942e-102,5.2253005295847077e-05,-0.1500332839260916
1770791978.3731594,1.2999999999997935,0.0,0.020000000000000007,1.2310198582863807,0.0,0.13999999999999996,0.0,-0.5,-0.3,-1.6659633851253404e-102,-3.786660614227975e-05,-0.14999007865807265
1770791978.7913675,1.2999999999997935,0.0,0.020000000000000007,1.2310198582863807,0.0,0.13999999999999996,0.0,-0.5,-0.3,-1.1042546742423857e-102,-1.5030013043026765e-06,-0.15000288485983165
1770791979.210009,1.2999999999997935,0.0,0.020000000000000007,1.2310198582863807,0.0,0.13999999999999996,0.0,-0.5,-0.3,-9.261709871395116e-103,-8.234569088695584e-06,-0.14999655587223407
1770791979.628076,1.2999999999997935,0.0,0.020000000000000007,1.2310198582863807,0.0,0.13999999999999996,0.0,-0.5,-0.3,-7.207656659830287e-103,2.4854833537019297e-05,-0.15001573635703108
1770791980.0395243,1.2999999999997935,0.0,0.020000000000000007,1.2310198582863807,0.0,0.13999999999999996,0.0,-0.5,-0.3,-5.605794529657253e-103,-3.4245313000541645e-05,-0.14998878735815346
1770791980.4729831,1.2999999999997935,0.0,0.020000000000000007,1.2310198582863807,0.0,0.13999999999999996,0.0,-0.5,-0.3,-3.7604698931963934e-103,-3.327884382842551e-05,-0.149983457225003
1770791980.8886108,1.2999999999997935,0.0,0.020000000000000007,1.2310198582863807,0.0,0.13999999999999996,0.0,-0.5,-0.3,-2.9193072821084135e-103,4.120361164109962e-05,-0.15002805005136752
1770791981.2999487,1.2999999999997935,0.0,0.020000000000000007,1.2310198582863807,0.0,0.13999999999999996,0.0,-0.5,-0.3,-2.4570370407529655e-103,2.6010305677015855e-05,-0.1500145244834349
1770791981.711151,1.2999999999997935,0.0,0.020000000000000007,1.2310198582863807,0.0,0.13999999999999996,0.0,-0.5,-0.3,-1.8909505994014138e-103,0.00011904332081154324,-0.1500688249619192
1770791982.159546,1.2999999999997935,0.0,0.020000000000000007,1.2310198582863807,0.0,0.13999999999999996,0.0,-0.5,-0.3,-1.280980089871894e-103,5.3835921767745725e-05,-0.15003343870078822
1770791982.5811822,1.2999999999997935,0.0,0.020000000000000007,1.2310198582863807,0.0,0.13999999999999996,0.0,-0.5,-0.3,-1.2447712211323256e-103,4.374114390158413e-05,-0.1500228800497374
1770791983.0047753,1.2999999999997935,0.0,0.020000000000000007,1.2310198582863807,0.0,0.13999999999999996,0.0,-0.5,-0.3,-8.354940695001356e-104,3.690283468961221e-05,-0.150019135248266
1770791983.4171748,1.2999999999997935,0.0,0.020000000000000007,1.2310198582863807,0.0,0.13999999999999996,0.0,-0.5,-0.3,-6.480218698144076e-104,-9.753238328737748e-05,-0.149964677330154
1770791983.8360677,1.2999999999997935,0.0,0.020000000000000007,1.2310198582863807,0.0,0.13999999999999996,0.0,-0.5,-0.3,-5.040501304542096e-104,-0.00014564425180457592,-0.14993198906094943
1770791984.2707832,1.2999999999997935,0.0,0.020000000000000007,1.2310198582863807,0.0,0.13999999999999996,0.0,-0.5,-0.3,-3.3892259991618757e-104,-0.000169383191808056,-0.14991768229809632
1770791984.6896274,1.2999999999997935,0.0,0.020000000000000007,1.2310198582863807,0.0,0.13999999999999996,0.0,-0.5,-0.3,-2.6113223393326052e-104,-6.965977268047321e-05,-0.1499751424555725
1770791985.1146147,1.2999999999997935,0.0,0.020000000000000007,1.2310198582863807,0.0,0.13999999999999996,0.0,-0.5,-0.3,-1.990236956243381e-104,-0.00015443521474429507,-0.14993125993683423
1770791985.525925,1.2999999999997935,0.0,0.020000000000000007,1.2310198582863807,0.0,0.13999999999999996,0.0,-0.5,-0.3,-1.714786519975202e-104,-9.27683956189375e-05,-0.14995978248410305
1770791985.9816167,1.2999999999997935,0.0,0.020000000000000007,1.2310198582863807,0.0,0.13999999999999996,0.0,-0.5,-0.3,-1.3132047897561124e-104,1.3892773526666706e-05,-0.15001761250367787
1770791986.4114075,1.2999999999997935,0.0,0.020000000000000007,1.2310198582863807,0.0,0.13999999999999996,0.0,-0.5,-0.3,-9.672413070947053e-105,0.00016108596850229946,-0.1500952623037487
1770791986.8466403,1.2999999999997935,0.0,0.020000000000000007,1.2310198582863807,0.0,0.13999999999999996,0.0,-0.5,-0.3,-6.5170024629713796e-105,0.00019930169899445467,-0.15010347242254643
1770791987.2623208,1.2999999999997935,0.0,0.020000000000000007,1.2310198582863807,0.0,0.13999999999999996,0.0,-0.5,-0.3,-5.0549517077704194e-105,0.00022406165237591876,-0.1501145068215261
1770791987.6916199,1.2999999999997935,0.0,0.020000000000000007,1.2310198582863807,0.0,0.13999999999999996,0.0,-0.5,-0.3,-3.88722469144243e-105,0.00014038185896868917,-0.15007855890882507
1770791988.110688,1.2999999999997935,0.0,0.020000000000000007,1.2310198582863807,0.0,0.13999999999999996,0.0,-0.5,-0.3,-3.1222458170861604e-105,4.526480856644407e-05,-0.15003214410932345
1770791988.5278988,1.2999999999997935,0.0,0.020000000000000007,1.2310198582863807,0.0,0.13999999999999996,0.0,-0.5,-0.3,-2.433304322463062e-105,-1.781690235910379e-05,-0.14999739971991302
1770791988.9499748,1.2999999999997935,0.0,0.020000000000000007,1.2310198582863807,0.0,0.13999999999999996,0.0,-0.5,-0.3,-1.7250832593627201e-105,-9.312923675757743e-05,-0.14996096661506106
1770791989.3666267,1.2999999999997935,0.0,0.020000000000000007,1.2310198582863807,0.0,0.13999999999999996,0.0,-0.5,-0.3,-1.3357586745753188e-105,-0.00012329567378612132,-0.1499413688068098
1770791989.7813504,1.2999999999997935,0.0,0.020000000000000007,1.2310198582863807,0.0,0.13999999999999996,0.0,-0.5,-0.3,-1.0350799787908712e-105,-0.00017240409582282748,-0.14991870879429225
1770791990.1978765,1.2999999999997935,0.0,0.020000000000000007,1.2310198582863807,0.0,0.13999999999999996,0.0,-0.5,-0.3,-8.318510645073418e-106,-0.00014547209126597612,-0.14992995715482269
1770791990.6152272,1.2999999999997935,0.0,0.020000000000000007,1.2310198582863807,0.0,0.13999999999999996,0.0,-0.5,-0.3,-6.835432544931287e-106,-5.321503827292681e-05,-0.14998261818616282
1770791991.0421755,1.2999999999997935,0.0,0.020000000000000007,1.2310198582863807,0.0,0.13999999999999996,0.0,-0.5,-0.3,-5.300642742952486e-106,-6.184173169529205e-05,-0.1499699418034946
1770791991.46265,1.2999999999997935,0.0,0.020000000000000007,1.2310198582863807,0.0,0.13999999999999996,0.0,-0.5,-0.3,-4.2337690202124914e-106,-8.063886944210572e-05,-0.14996156027905364
1770791991.8900628,1.2999999999997935,0.0,0.020000000000000007,1.2310198582863807,0.0,0.13999999999999996,0.0,-0.5,-0.3,-2.7378885149521145e-106,2.7421589918641436e-05,-0.15002451684089538
1770791992.304777,1.2999999999997935,0.0,0.020000000000000007,1.2310198582863807,0.0,0.13999999999999996,0.0,-0.5,-0.3,-2.2136757410225793e-106,0.00014093945158712002,-0.1500818215119604
1770791992.717755,1.2999999999997935,0.0,0.020000000000000007,1.2310198582863807,0.0,0.13999999999999996,0.0,-0.5,-0.3,-1.7200403885648683e-106,2.6579007914048852e-05,-0.15002472554832433
1770791993.1341712,1.2999999999997935,0.0,0.020000000000000007,1.2310198582863807,0.0,0.13999999999999996,0.0,-0.5,-0.3,-1.4142307879376614e-106,9.059480622139839e-05,-0.15005169898294143
1770791993.5445945,1.2999999999997935,0.0,0.020000000000000007,1.2310198582863807,0.0,0.13999999999999996,0.0,-0.5,-0.3,-9.380731988553004e-107,0.00014249007067392594,-0.1500764345617822
1770791993.9644473,1.2999999999997935,0.0,0.020000000000000007,1.2310198582863807,0.0,0.13999999999999996,0.0,-0.5,-0.3,-7.264894692978531e-107,-1.4429857151003211e-05,-0.15000847706420697
1770791994.382165,1.2999999999997935,0.0,0.020000000000000007,1.2310198582863807,0.0,0.13999999999999996,0.0,-0.5,-0.3,-5.662107173620724e-107,-8.909339653636265e-05,-0.14996291965567035
1770791994.7964413,1.2999999999997935,0.0,0.020000000000000007,1.2310198582863807,0.0,0.13999999999999996,0.0,-0.5,-0.3,-4.8033516991814715e-107,-0.00011205845303855984,-0.14994626727913093
1770791995.233974,1.2999999999997935,0.0,0.020000000000000007,1.2310198582863807,0.0,0.13999999999999996,0.0,-0.5,-0.3,-3.7082001929992554e-107,-0.00015562481833106842,-0.1499265442273637
1770791995.6642482,1.2999999999997935,0.0,0.020000000000000007,1.2310198582863807,0.0,0.13999999999999996,0.0,-0.5,-0.3,-2.4889569576845095e-107,-0.0002176291920899204,-0.14989738584133094
1770791996.0772705,1.2999999999997935,0.0,0.020000000000000007,1.2310198582863807,0.0,0.13999999999999996,0.0,-0.5,-0.3,-1.9329291720126956e-107,-3.8999262717768225e-05,-0.14999836336157832
1770791996.500841,1.2999999999997935,0.0,0.020000000000000007,1.2310198582863807,0.0,0.13999999999999996,0.0,-0.5,-0.3,-1.6452835090301568e-107,-4.3768676101129385e-05,-0.14997859260328777
1770791996.912365,1.2999999999997935,0.0,0.020000000000000007,1.2310198582863807,0.0,0.13999999999999996,0.0,-0.5,-0.3,-1.2164193867849738e-107,-1.298656971275111e-05,-0.14999658492578244
1770791997.3289845,1.2999999999997935,0.0,0.020000000000000007,1.2310198582863807,0.0,0.13999999999999996,0.0,-0.5,-0.3,-9.459892495236856e-108,0.00010734407606815227,-0.15006570510261216
1770791997.7458851,1.2999999999997935,0.0,0.020000000000000007,1.2310198582863807,0.0,0.13999999999999996,0.0,-0.5,-0.3,-6.40454821943027e-108,0.0002502977166871573,-0.15013944422240547
1770791998.1710854,1.2999999999997935,0.0,0.020000000000000007,1.2310198582863807,0.0,0.13999999999999996,0.0,-0.5,-0.3,-6.162681407162781e-108,0.00028937411637236325,-0.1501485946981547
1770791998.5839412,1.2999999999997935,0.0,0.020000000000000007,1.2310198582863807,0.0,0.13999999999999996,0.0,-0.5,-0.3,-3.942467982752418e-108,0.0001686120726177943,-0.15009638224068436
1770791998.9979732,1.2999999999997935,0.0,0.020000000000000007,1.2310198582863807,0.0,0.13999999999999996,0.0,-0.5,-0.3,-3.2185785925464518e-108,0.0001486859542686324,-0.15007633558896924
1770791999.4162633,1.2999999999997935,0.0,0.020000000000000007,1.2310198582863807,0.0,0.13999999999999996,0.0,-0.5,-0.3,-2.499329062450247e-108,7.502619023118196e-05,-0.15004487907151934
1770791999.838524,1.2999999999997935,0.0,0.020000000000000007,1.2310198582863807,0.0,0.13999999999999996,0.0,-0.5,-0.3,-1.9413904063747734e-108,3.435229732204223e-05,-0.1500212435379519
1770792000.2557452,1.2999999999997935,0.0,0.020000000000000007,1.2310198582863807,0.0,0.13999999999999996,0.0,-0.5,-0.3,-1.6394725025666534e-108,-0.00010462553260515352,-0.14996158501669013
1770792000.6733747,1.2999999999997935,0.0,0.020000000000000007,1.2310198582863807,0.0,0.13999999999999996,0.0,-0.5,-0.3,-1.033620562242115e-108,-2.0901436233012856e-05,-0.1499979216915207
1770792001.0887113,1.2999999999997935,0.0,0.020000000000000007,1.2310198582863807,0.0,0.13999999999999996,0.0,-0.5,-0.3,-8.086302181923551e-109,8.898013186871729e-06,-0.15000742895153543
1770792001.5122907,1.2999999999997935,0.0,0.020000000000000007,1.2310198582863807,0.0,0.13999999999999996,0.0,-0.5,-0.3,-6.601798016474675e-109,-7.158545141359185e-05,-0.14997225562075323
1770792001.9327404,1.2999999999997935,0.0,0.020000000000000007,1.2310198582863807,0.0,0.13999999999999996,0.0,-0.5,-0.3,-4.825078667465883e-109,1.7287032358684348e-05,-0.15001753076455657
1770792002.3585687,1.2999999999997935,0.0,0.020000000000000007,1.2310198582863807,0.0,0.13999999999999996,0.0,-0.5,-0.3,-3.5476048399685453e-109,0.00021252728393134613,-0.15012578766712292
1770792002.7731266,1.2999999999997935,0.0,0.020000000000000007,1.2310198582863807,0.0,0.13999999999999996,0.0,-0.5,-0.3,-2.755586447333845e-109,0.00010863359864206451,-0.15006470616784995
1770792003.2103577,1.2999999999997935,0.0,0.020000000000000007,1.2310198582863807,0.0,0.13999999999999996,0.0,-0.5,-0.3,-2.2436256069581954e-109,0.00011973650461400804,-0.15006097854290418
1770792003.6348736,1.2999999999997935,0.0,0.020000000000000007,1.2310198582863807,0.0,0.13999999999999996,0.0,-0.5,-0.3,-1.7170864585739043e-109,0.00012802337709174144,-0.15006484037579362
1770792004.0594075,1.2999999999997935,0.0,0.020000000000000007,1.2310198582863807,0.0,0.13999999999999996,0.0,-0.5,-0.3,-1.209108286583294e-109,9.426876893641132e-05,-0.15005050984528373
1770792004.4703906,1.2999999999997935,0.0,0.020000000000000007,1.2310198582863807,0.0,0.13999999999999996,0.0,-0.5,-0.3,-1.1394768093587603e-109,-3.239787885800471e-05,-0.14999646772535044
1770792004.8806493,1.2999999999997935,0.0,0.020000000000000007,1.2310198582863807,0.0,0.13999999999999996,0.0,-0.5,-0.3,-7.28517208039314e-110,-1.5159164002058287e-05,-0.14999414428948454
1770792005.2935932,1.2999999999997935,0.0,0.020000000000000007,1.2310198582863807,0.0,0.13999999999999996,0.0,-0.5,-0.3,-5.654801403710817e-110,-5.687227353103825e-05,-0.14997573517418739
1770792005.7068994,1.2999999999997935,0.0,0.020000000000000007,1.2310198582863807,0.0,0.13999999999999996,0.0,-0.5,-0.3,-4.324533877026987e-110,-0.00012585195510815783,-0.1499439719906036
1770792006.1189437,1.2999999999997935,0.0,0.020000000000000007,1.2310198582863807,0.0,0.13999999999999996,0.0,-0.5,-0.3,-3.5474010862838247e-110,-0.0002615916355408102,-0.14988277815027287
1770792006.5317674,1.2999999999997935,0.0,0.020000000000000007,1.2310198582863807,0.0,0.13999999999999996,0.0,-0.5,-0.3,-2.7645579125251574e-110,-0.0001835339246771604,-0.14991603880874776
1770792006.9445343,1.2999999999997935,0.0,0.020000000000000007,1.2310198582863807,0.0,0.13999999999999996,0.0,-0.5,-0.3,-1.9256550105070885e-110,-0.00012293180441518074,-0.1499445943098186
1770792007.3591645,1.2999999999997935,0.0,0.020000000000000007,1.2310198582863807,0.0,0.13999999999999996,0.0,-0.5,-0.3,-1.4953469999759853e-110,-6.669868709389163e-05,-0.14997227396818516
1770792007.7897296,1.2999999999997935,0.0,0.020000000000000007,1.2310198582863807,0.0,0.13999999999999996,0.0,-0.5,-0.3,-1.1607807108100366e-110,2.545052268719173e-05,-0.1500219401823217
1770792008.2089438,1.2999999999997935,0.0,0.020000000000000007,1.2310198582863807,0.0,0.13999999999999996,0.0,-0.5,-0.3,-9.43355458544927e-111,0.0001095204525268712,-0.1500631672192474
1770792008.625841,1.2999999999997935,0.0,0.020000000000000007,1.2310198582863807,0.0,0.13999999999999996,0.0,-0.5,-0.3,-7.32330124584468e-111,7.852241059980474e-05,-0.15004236100949261
1770792009.060226,1.2999999999997935,0.0,0.020000000000000007,1.2310198582863807,0.0,0.13999999999999996,0.0,-0.5,-0.3,-5.078730594495143e-111,7.007203470302149e-05,-0.15003588105494117
1770792009.4904673,1.2999999999997935,0.0,0.020000000000000007,1.2310198582863807,0.0,0.13999999999999996,0.0,-0.5,-0.3,-3.9550521565161184e-111,5.397733737294536e-05,-0.15002859813841948
1770792009.9089825,1.2999999999997935,0.0,0.020000000000000007,1.2310198582863807,0.0,0.13999999999999996,0.0,-0.5,-0.3,-3.2241146984943994e-111,9.76655171991587e-06,-0.15000930435442525
1770792010.3213754,1.2999999999997935,0.0,0.020000000000000007,1.2310198582863807,0.0,0.13999999999999996,0.0,-0.5,-0.3,-2.506810298374963e-111,-5.988594936565852e-05,-0.14997702227542573
1770792010.7356186,1.2999999999997935,0.0,0.020000000000000007,1.2310198582863807,0.0,0.13999999999999996,0.0,-0.5,-0.3,-1.9458632641406784e-111,-9.591189097347505e-05,-0.14995564664867406
1770792011.1552541,1.2999999999997935,0.0,0.020000000000000007,1.2310198582863807,0.0,0.13999999999999996,0.0,-0.5,-0.3,-1.3462162741429142e-111,-8.297515772313365e-05,-0.14995980609446347
1770792011.584929,1.2999999999997935,0.0,0.020000000000000007,1.2310198582863807,0.0,0.13999999999999996,0.0,-0.5,-0.3,-1.0449977219468162e-111,-9.415028452471185e-05,-0.14995404237041782
1770792011.9992547,1.2999999999997935,0.0,0.020000000000000007,1.2310198582863807,0.0,0.13999999999999996,0.0,-0.5,-0.3,-8.389746208347532e-112,-0.00010919740853340325,-0.14994690600813418
1770792012.418559,1.2999999999997935,0.0,0.020000000000000007,1.2310198582863807,0.0,0.13999999999999996,0.0,-0.5,-0.3,-6.639805640973867e-112,-5.4385953176345824e-06,-0.15000765658366275
1770792012.8537912,1.2999999999997935,0.0,0.020000000000000007,1.2310198582863807,0.0,0.13999999999999996,0.0,-0.5,-0.3,-5.168293327430653e-112,1.631762388638104e-05,-0.15001033443386358
1770792013.2649524,1.2999999999997935,0.0,0.020000000000000007,1.2310198582863807,0.0,0.13999999999999996,0.0,-0.5,-0.3,-3.53940302308932e-112,0.00015496212200664656,-0.15009134551081535
1770792013.6837046,1.2999999999997935,0.0,0.020000000000000007,1.2310198582863807,0.0,0.13999999999999996,0.0,-0.5,-0.3,-2.763786827384607e-112,0.00016919374126664525,-0.15008602003255933
1770792014.0974307,1.2999999999997935,0.0,0.020000000000000007,1.2310198582863807,0.0,0.13999999999999996,0.0,-0.5,-0.3,-2.2753235837557915e-112,0.0002341518620101703,-0.15012357174307941
1770792014.511246,1.2999999999997935,0.0,0.020000000000000007,1.2310198582863807,0.0,0.13999999999999996,0.0,-0.5,-0.3,-1.7659006874151454e-112,0.00015193425858904468,-0.15008418888963665
1770792014.9504662,1.2999999999997935,0.0,0.020000000000000007,1.2310198582863807,0.0,0.13999999999999996,0.0,-0.5,-0.3,-1.2132049287541286e-112,0.00015709284410783214,-0.15007906228060577
1770792015.3771677,1.2999999999997935,0.0,0.020000000000000007,1.2310198582863807,0.0,0.13999999999999996,0.0,-0.5,-0.3,-9.408955600140909e-113,0.00010753031896629933,-0.1500587214119973
1770792015.8064191,1.2999999999997935,0.0,0.020000000000000007,1.2310198582863807,0.0,0.13999999999999996,0.0,-0.5,-0.3,-7.771060772987263e-113,9.37925633462109e-05,-0.1500482700572351
1770792016.2258534,1.2999999999997935,0.0,0.020000000000000007,1.2310198582863807,0.0,0.13999999999999996,0.0,-0.5,-0.3,-6.027891126529313e-113,-6.699356799507732e-05,-0.1499825818291366
1770792016.6456883,1.2999999999997935,0.0,0.020000000000000007,1.2310198582863807,0.0,0.13999999999999996,0.0,-0.5,-0.3,-4.130693237253796e-113,-0.0001207427802465092,-0.1499450035311019
1770792017.061906,1.2999999999997935,0.0,0.020000000000000007,1.2310198582863807,0.0,0.13999999999999996,0.0,-0.5,-0.3,-3.2061831717285614e-113,-0.0001184639288065361,-0.14994099592074073
1770792017.4771965,1.2999999999997935,0.0,0.020000000000000007,1.2310198582863807,0.0,0.13999999999999996,0.0,-0.5,-0.3,-3.0717522861610984e-113,-9.137962173520819e-05,-0.1499570186198395
1770792017.8897974,1.2999999999997935,0.0,0.020000000000000007,1.2310198582863807,0.0,0.13999999999999996,0.0,-0.5,-0.3,-2.3826255413918788e-113,6.848622794980685e-05,-0.1500502296989434
1770792018.3023372,1.2999999999997935,0.0,0.020000000000000007,1.2310198582863807,0.0,0.13999999999999996,0.0,-0.5,-0.3,-1.5949257955524895e-113,0.00015739588730377988,-0.1500875889095873
1770792018.713534,1.2999999999997935,0.0,0.020000000000000007,1.2310198582863807,0.0,0.13999999999999996,0.0,-0.5,-0.3,-1.1343653232689304e-113,0.00017009160645127508,-0.15008631537514036
1770792019.1360037,1.2999999999997935,0.0,0.020000000000000007,1.2310198582863807,0.0,0.13999999999999996,0.0,-0.5,-0.3,-9.584762196864464e-114,0.0002015058876280713,-0.15010389437193172
1770792019.5818553,1.2999999999997935,0.0,0.020000000000000007,1.2310198582863807,0.0,0.13999999999999996,0.0,-0.5,-0.3,-6.534870083890295e-114,0.00022840589535523702,-0.15011689294845032
1770792020.002887,1.2999999999997935,0.0,0.020000000000000007,1.2310198582863807,0.0,0.13999999999999996,0.0,-0.5,-0.3,-5.414983117388209e-114,0.00013740487545540306,-0.15007780253971767
1770792020.437608,1.2999999999997935,0.0,0.020000000000000007,1.2310198582863807,0.0,0.13999999999999996,0.0,-0.5,-0.3,-4.224829796719793e-114,1.1363587003996876e-05,-0.15001828592234712
1770792020.8570862,1.2999999999997935,0.0,0.020000000000000007,1.2310198582863807,0.0,0.13999999999999996,0.0,-0.5,-0.3,-2.8819216052072685e-114,-0.00011864355608313841,-0.14995367893626713
1770792021.2710745,1.2999999999997935,0.0,0.020000000000000007,1.2310198582863807,0.0,0.13999999999999996,0.0,-0.5,-0.3,-2.635110736352993e-114,-0.0001965300844496541,-0.14990952361061183
1770792021.6961913,1.2999999999997935,0.0,0.020000000000000007,1.2310198582863807,0.0,0.13999999999999996,0.0,-0.5,-0.3,-1.8610666897788047e-114,-0.00030428732417305606,-0.14985863206188582
1770792022.1049883,1.2999999999997935,0.0,0.020000000000000007,1.2310198582863807,0.0,0.13999999999999996,0.0,-0.5,-0.3,-1.4453162303034183e-114,-0.0003639560703534742,-0.14982398883944129
1770792022.5247915,1.2999999999997935,0.0,0.020000000000000007,1.2310198582863807,0.0,0.13999999999999996,0.0,-0.5,-0.3,-1.1255692073175158e-114,-0.00019146671397062158,-0.14992151557865296
1770792022.9423757,1.2999999999997935,0.0,0.020000000000000007,1.2310198582863807,0.0,0.13999999999999996,0.0,-0.5,-0.3,-8.754839193931001e-115,-0.0002005783198711327,-0.1499006220006545
1770792023.370558,1.2999999999997935,0.0,0.020000000000000007,1.2310198582863807,0.0,0.13999999999999996,0.0,-0.5,-0.3,-6.964611633969818e-115,-5.764688009275454e-05,-0.14998546970393145
1770792023.7895536,1.2999999999997935,0.0,0.020000000000000007,1.2310198582863807,0.0,0.13999999999999996,0.0,-0.5,-0.3,-4.600795957761469e-115,4.1113996203836556e-05,-0.15003043308573155
1770792024.2077014,1.2999999999997935,0.0,0.020000000000000007,1.2310198582863807,0.0,0.13999999999999996,0.0,-0.5,-0.3,-3.847747062819029e-115,0.00016457762109836846,-0.15009463517303864
1770792024.6353054,1.2999999999997935,0.0,0.020000000000000007,1.2310198582863807,0.0,0.13999999999999996,0.0,-0.5,-0.3,-2.983508372115249e-115,0.00015370434899616658,-0.15007793950170828
1770792025.059647,1.2999999999997935,0.0,0.020000000000000007,1.2310198582863807,0.0,0.13999999999999996,0.0,-0.5,-0.3,-2.0182134041822058e-115,0.0001067626229199715,-0.1500580754840676
1770792025.483893,1.2999999999997935,0.0,0.020000000000000007,1.2310198582863807,0.0,0.13999999999999996,0.0,-0.5,-0.3,-1.5658835724790612e-115,0.0001709251864026723,-0.15009187884954958
1770792025.9076226,1.2999999999997935,0.0,0.020000000000000007,1.2310198582863807,0.0,0.13999999999999996,0.0,-0.5,-0.3,-1.3144537645305561e-115,-7.491682049558512e-05,-0.14998712579044202
1770792026.323465,1.2999999999997935,0.0,0.020000000000000007,1.2310198582863807,0.0,0.13999999999999996,0.0,-0.5,-0.3,-1.0218332244655356e-115,-5.4234959941839346e-05,-0.14997495070608446
1770792026.7369912,1.2999999999997935,0.0,0.020000000000000007,1.2310198582863807,0.0,0.13999999999999996,0.0,-0.5,-0.3,-7.473129568520587e-116,-8.754954422975111e-05,-0.14995955668631392
1770792027.1477406,1.2999999999997935,0.0,0.020000000000000007,1.2310198582863807,0.0,0.13999999999999996,0.0,-0.5,-0.3,-5.33823592296175e-116,1.5932101703195584e-05,-0.1500183142154449
1770792027.5621817,1.2999999999997935,0.0,0.020000000000000007,1.2310198582863807,0.0,0.13999999999999996,0.0,-0.5,-0.3,-4.1432670276163466e-116,5.193331528777396e-05,-0.15002956677900237
1770792027.9832854,1.2999999999997935,0.0,0.020000000000000007,1.2310198582863807,0.0,0.13999999999999996,0.0,-0.5,-0.3,-3.216773776398977e-116,1.2221267498227782e-05,-0.15001008183852807
1770792028.4062037,1.2999999999997935,0.0,0.020000000000000007,1.2310198582863807,0.0,0.13999999999999996,0.0,-0.5,-0.3,-2.693765181677202e-116,0.00017821141335675963,-0.15010570472126425
1770792028.8254619,1.2999999999997935,0.0,0.020000000000000007,1.2310198582863807,0.0,0.13999999999999996,0.0,-0.5,-0.3,-2.1087515457455598e-116,0.0001330018808924673,-0.15007102189369267
1770792029.250932,1.2999999999997935,0.0,0.020000000000000007,1.2310198582863807,0.0,0.13999999999999996,0.0,-0.5,-0.3,-1.4004169871177598e-116,0.00024234605279542125,-0.15013210744358801
1770792029.6709611,1.2999999999997935,0.0,0.020000000000000007,1.2310198582863807,0.0,0.13999999999999996,0.0,-0.5,-0.3,-1.094970166256807e-116,0.00026084790267442867,-0.15013227413632513
1770792030.0825708,1.2999999999997935,0.0,0.020000000000000007,1.2310198582863807,0.0,0.13999999999999996,0.0,-0.5,-0.3,-8.507814319389836e-117,0.0003115706266393398,-0.15016085758571615
1770792030.4999735,1.2999999999997935,0.0,0.020000000000000007,1.2310198582863807,0.0,0.13999999999999996,0.0,-0.5,-0.3,-7.14506725947116e-117,0.00022071129541207578,-0.15011944158082877
1770792030.9259124,1.2999999999997935,0.0,0.020000000000000007,1.2310198582863807,0.0,0.13999999999999996,0.0,-0.5,-0.3,-5.5359016431719336e-117,0.0001028650379688971,-0.15006321714472876
1770792031.352031,1.2999999999997935,0.0,0.020000000000000007,1.2310198582863807,0.0,0.13999999999999996,0.0,-0.5,-0.3,-3.734848180783015e-117,-5.727780880298912e-05,-0.14998737538027568
1770792031.7647166,1.2999999999997935,0.0,0.020000000000000007,1.2310198582863807,0.0,0.13999999999999996,0.0,-0.5,-0.3,-2.894444748634338e-117,-0.00024162260575900943,-0.1498976231768161
1770792032.1853604,1.2999999999997935,0.0,0.020000000000000007,1.2310198582863807,0.0,0.13999999999999996,0.0,-0.5,-0.3,-2.2484367851198772e-117,-0.0002695857914852792,-0.14986800342283
1770792032.6004956,1.2999999999997935,0.0,0.020000000000000007,1.2310198582863807,0.0,0.13999999999999996,0.0,-0.5,-0.3,-1.9163182765663038e-117,-0.0002602810182702637,-0.14987078996818637
1770792033.026893,1.2999999999997935,0.0,0.020000000000000007,1.2310198582863807,0.0,0.13999999999999996,0.0,-0.5,-0.3,-1.4981975014754197e-117,-0.00018480176135234855,-0.14991514704501563
1770792033.4544206,1.2999999999997935,0.0,0.020000000000000007,1.2310198582863807,0.0,0.13999999999999996,0.0,-0.5,-0.3,-9.868269011726396e-118,-0.0002059816485021588,-0.1498991271644639
1770792033.8733146,1.2999999999997935,0.0,0.020000000000000007,1.2310198582863807,0.0,0.13999999999999996,0.0,-0.5,-0.3,-7.757373987919766e-118,-0.00013889233141769531,-0.1499372627659996
1770792034.2892475,1.2999999999997935,0.0,0.020000000000000007,1.2310198582863807,0.0,0.13999999999999996,0.0,-0.5,-0.3,-6.019603033493289e-118,-0.0001479732370666276,-0.14992692147203157
1770792034.7020109,1.2999999999997935,0.0,0.020000000000000007,1.2310198582863807,0.0,0.13999999999999996,0.0,-0.5,-0.3,-5.110258458370689e-118,-9.990417936696288e-05,-0.14995485481608647
1770792035.112154,1.2999999999997935,0.0,0.020000000000000007,1.2310198582863807,0.0,0.13999999999999996,0.0,-0.5,-0.3,-3.9639635859821264e-118,-0.0001547447678732098,-0.14992811167491402
1770792035.5457816,1.2999999999997935,0.0,0.020000000000000007,1.2310198582863807,0.0,0.13999999999999996,0.0,-0.5,-0.3,-2.9051096483567364e-118,-9.899286056549861e-05,-0.14995607876044803
1770792035.9610367,1.2999999999997935,0.0,0.020000000000000007,1.2310198582863807,0.0,0.13999999999999996,0.0,-0.5,-0.3,-2.0246639541769974e-118,-0.0001542623009470877,-0.14992839579356462
1770792036.3815818,1.2999999999997935,0.0,0.020000000000000007,1.2310198582863807,0.0,0.13999999999999996,0.0,-0.5,-0.3,-1.5685627763510484e-118,-9.859127519767679e-05,-0.1499562714649761
1770792036.801455,1.2999999999997935,0.0,0.020000000000000007,1.2310198582863807,0.0,0.13999999999999996,0.0,-0.5,-0.3,-1.2744818841653045e-118,-0.00024550935666939414,-0.14989193712981247
1770792037.2242196,1.2999999999997935,0.0,0.020000000000000007,1.2310198582863807,0.0,0.13999999999999996,0.0,-0.5,-0.3,-1.0466623493021731e-118,-0.00023378033712306924,-0.1498842827333931
1770792037.656072,1.2999999999997935,0.0,0.020000000000000007,1.2310198582863807,0.0,0.13999999999999996,0.0,-0.5,-0.3,-6.901758879332532e-119,-0.0001714118489228523,-0.1499205309243586
1770792038.081783,1.2999999999997935,0.0,0.020000000000000007,1.2310198582863807,0.0,0.13999999999999996,0.0,-0.5,-0.3,-5.353705687862044e-119,-0.0001745971738215623,-0.1499130199455791
1770792038.4905074,1.2999999999997935,0.0,0.020000000000000007,1.2310198582863807,0.0,0.13999999999999996,0.0,-0.5,-0.3,-4.154858086130928e-119,-9.26858174188123e-05,-0.14996184822693084
1770792038.9021235,1.2999999999997935,0.0,0.020000000000000007,1.2310198582863807,0.0,0.13999999999999996,0.0,-0.5,-0.3,-3.3453900051030755e-119,-9.892051598185044e-05,-0.14995116321186536
1770792039.3189163,1.2999999999997935,0.0,0.020000000000000007,1.2310198582863807,0.0,0.13999999999999996,0.0,-0.5,-0.3,-2.759023238713583e-119,3.1027880044827145e-05,-0.1500285087796251
1770792039.7404644,1.2999999999997935,0.0,0.020000000000000007,1.2310198582863807,0.0,0.13999999999999996,0.0,-0.5,-0.3,-2.1434207050797504e-119,5.624257869672476e-05,-0.15003064275921354
1770792040.1545558,1.2999999999997935,0.0,0.020000000000000007,1.2310198582863807,0.0,0.13999999999999996,0.0,-0.5,-0.3,-1.423855471892353e-119,0.00010517395401741276,-0.1500574801145408
1770792040.5764623,1.2999999999997935,0.0,0.020000000000000007,1.2310198582863807,0.0,0.13999999999999996,0.0,-0.5,-0.3,-1.3272956058633536e-119,0.00013839571463740964,-0.1500725200333807
1770792041.0010319,1.2999999999997935,0.0,0.020000000000000007,1.2310198582863807,0.0,0.13999999999999996,0.0,-0.5,-0.3,-8.874896345908751e-120,8.56213160390702e-05,-0.15004808809787937
1770792041.4163113,1.2999999999997935,0.0,0.020000000000000007,1.2310198582863807,0.0,0.13999999999999996,0.0,-0.5,-0.3,-6.873198841017326e-120,4.246964056835298e-05,-0.15002554998783124
1770792041.845644,1.2999999999997935,0.0,0.020000000000000007,1.2310198582863807,0.0,0.13999999999999996,0.0,-0.5,-0.3,-5.8139746537364505e-120,-2.116575693990839e-06,-0.15000340033377924
1770792042.2604012,1.2999999999997935,0.0,0.020000000000000007,1.2310198582863807,0.0,0.13999999999999996,0.0,-0.5,-0.3,-3.7418531188554126e-120,5.375047658904209e-05,-0.15003246194352282
1770792042.6722672,1.2999999999997935,0.0,0.020000000000000007,1.2310198582863807,0.0,0.13999999999999996,0.0,-0.5,-0.3,-2.905050392808768e-120,-0.0001663032195507314,-0.1499388537598386
1770792043.0870814,1.2999999999997935,0.0,0.020000000000000007,1.2310198582863807,0.0,0.13999999999999996,0.0,-0.5,-0.3,-2.2532159010808636e-120,-0.00016990314630906973,-0.1499154084195213
1770792043.5013826,1.2999999999997935,0.0,0.020000000000000007,1.2310198582863807,0.0,0.13999999999999996,0.0,-0.5,-0.3,-1.79794289691018e-120,-0.0002322074884099577,-0.1498901266900051
1770792043.9194756,1.2999999999997935,0.0,0.020000000000000007,1.2310198582863807,0.0,0.13999999999999996,0.0,-0.5,-0.3,-1.4102114055418139e-120,-0.00027017875042459094,-0.14986870775098918
1770792044.3395855,1.2999999999997935,0.0,0.020000000000000007,1.2310198582863807,0.0,0.13999999999999996,0.0,-0.5,-0.3,-1.0944979453444575e-120,-0.00014662631785145413,-0.1499390420843316
1770792044.7717462,1.2999999999997935,0.0,0.020000000000000007,1.2310198582863807,0.0,0.13999999999999996,0.0,-0.5,-0.3,-7.674503192204164e-121,-9.349622511653038e-05,-0.14995856489671525
1770792045.1925833,1.2999999999997935,0.0,0.020000000000000007,1.2310198582863807,0.0,0.13999999999999996,0.0,-0.5,-0.3,-7.183619231885012e-121,3.6234136145823923e-06,-0.1500115236706804
1770792045.6176617,1.2999999999997935,0.0,0.020000000000000007,1.2310198582863807,0.0,0.13999999999999996,0.0,-0.5,-0.3,-4.817885584776814e-121,-2.6570942890833402e-05,-0.14998973396420512
1770792046.031649,1.2999999999997935,0.0,0.020000000000000007,1.2310198582863807,0.0,0.13999999999999996,0.0,-0.5,-0.3,-3.7447387066279387e-121,5.000034507002683e-06,-0.15000565711499328
1770792046.4440572,1.2999999999997935,0.0,0.020000000000000007,1.2310198582863807,0.0,0.13999999999999996,0.0,-0.5,-0.3,-2.735579382248124e-121,-2.682711355231801e-05,-0.14998976915802975
1770792046.856744,1.2999999999997935,0.0,0.020000000000000007,1.2310198582863807,0.0,0.13999999999999996,0.0,-0.5,-0.3,-2.030793318551652e-121,-5.125190918672451e-05,-0.14997681652497008
1770792047.2716026,1.2999999999997935,0.0,0.020000000000000007,1.2310198582863807,0.0,0.13999999999999996,0.0,-0.5,-0.3,-1.5776895261782882e-121,-8.89296980393626e-05,-0.1499593029298656
1770792047.691168,1.2999999999997935,0.0,0.020000000000000007,1.2310198582863807,0.0,0.13999999999999996,0.0,-0.5,-0.3,-1.2208038893355554e-121,-5.110805578603174e-05,-0.14997822813633233
1770792048.1147077,1.2999999999997935,0.0,0.020000000000000007,1.2310198582863807,0.0,0.13999999999999996,0.0,-0.5,-0.3,-9.712330255452248e-122,-6.0443534542836695e-05,-0.14997071178060425
1770792048.5354962,1.2999999999997935,0.0,0.020000000000000007,1.2310198582863807,0.0,0.13999999999999996,0.0,-0.5,-0.3,-7.729419628872602e-122,-0.0002278543682129708,-0.14990281389926052
1770792048.9525256,1.2999999999997935,0.0,0.020000000000000007,1.2310198582863807,0.0,0.13999999999999996,0.0,-0.5,-0.3,-5.359612708376468e-122,2.1535638720480162e-05,-0.15003570682005357
1770792049.3667397,1.2999999999997935,0.0,0.020000000000000007,1.2310198582863807,0.0,0.13999999999999996,0.0,-0.5,-0.3,-4.167942150010229e-122,-3.039384832961638e-05,-0.14998999602454022
1770792049.8025386,1.2999999999997935,0.0,0.020000000000000007,1.2310198582863807,0.0,0.13999999999999996,0.0,-0.5,-0.3,-3.392517048823014e-122,2.4733017957006052e-05,-0.15001787919560716
1770792050.2189226,1.2999999999997935,0.0,0.020000000000000007,1.2310198582863807,0.0,0.13999999999999996,0.0,-0.5,-0.3,-2.6609907422061087e-122,4.59468011302855e-05,-0.15002509477888246
1770792050.6337597,1.2999999999997935,0.0,0.020000000000000007,1.2310198582863807,0.0,0.13999999999999996,0.0,-0.5,-0.3,-2.0646026074273276e-122,-5.517779699986546e-05,-0.14998252356131309
1770792051.0502768,1.2999999999997935,0.0,0.020000000000000007,1.2310198582863807,0.0,0.13999999999999996,0.0,-0.5,-0.3,-1.4196114467690012e-122,-9.829064541596152e-05,-0.14995516596213362
1770792051.4633865,1.2999999999997935,0.0,0.020000000000000007,1.2310198582863807,0.0,0.13999999999999996,0.0,-0.5,-0.3,-1.1026251860605789e-122,-6.284583551068595e-05,-0.14997212156323517
1770792051.8835888,1.2999999999997935,0.0,0.020000000000000007,1.2310198582863807,0.0,0.13999999999999996,0.0,-0.5,-0.3,-8.503492096185206e-123,-0.00011060750565975957,-0.14994947241418502
1770792052.3083322,1.2999999999997935,0.0,0.020000000000000007,1.2310198582863807,0.0,0.13999999999999996,0.0,-0.5,-0.3,-6.67881990991327e-123,-0.00018396244573703588,-0.1499153542711392
1770792052.7316802,1.2999999999997935,0.0,0.020000000000000007,1.2310198582863807,0.0,0.13999999999999996,0.0,-0.5,-0.3,-5.501765357002568e-123,-0.00018380329213761349,-0.14990811426929113
1770792053.1423435,1.2999999999997935,0.0,0.020000000000000007,1.2310198582863807,0.0,0.13999999999999996,0.0,-0.5,-0.3,-4.259202789828328e-123,-0.0002065090149925819,-0.1498990160647892
1770792053.5581799,1.2999999999997935,0.0,0.020000000000000007,1.2310198582863807,0.0,0.13999999999999996,0.0,-0.5,-0.3,-2.9128812699378676e-123,-0.0001786253434715086,-0.14991347569541635
1770792053.9779344,1.2999999999997935,0.0,0.020000000000000007,1.2310198582863807,0.0,0.13999999999999996,0.0,-0.5,-0.3,-2.2611407535418033e-123,-0.00021616974419707636,-0.149895669567974
1770792054.4107952,1.2999999999997935,0.0,0.020000000000000007,1.2310198582863807,0.0,0.13999999999999996,0.0,-0.5,-0.3,-1.8720310650939634e-123,-0.0001409977554582306,-0.14993701832114475
1770792054.8439744,1.2999999999997935,0.0,0.020000000000000007,1.2310198582863807,0.0,0.13999999999999996,0.0,-0.5,-0.3,-1.4271614961119535e-123,-0.00013152513678570582,-0.1499351846934744
1770792055.2717803,1.2999999999997935,0.0,0.020000000000000007,1.2310198582863807,0.0,0.13999999999999996,0.0,-0.5,-0.3,-9.92391708885636e-124,-2.6388775737388265e-05,-0.14999731924823612
1770792055.6856546,1.2999999999997935,0.0,0.020000000000000007,1.2310198582863807,0.0,0.13999999999999996,0.0,-0.5,-0.3,-9.493054295699608e-124,-1.9856076946193586e-05,-0.149990725231406
1770792056.1042333,1.2999999999997935,0.0,0.020000000000000007,1.2310198582863807,0.0,0.13999999999999996,0.0,-0.5,-0.3,-6.369869298166971e-124,1.0723283669324194e-06,-0.15000262900471478
1770792056.518873,1.2999999999997935,0.0,0.020000000000000007,1.2310198582863807,0.0,0.13999999999999996,0.0,-0.5,-0.3,-4.939995846668179e-124,0.00013809061467703844,-0.1500827471359695
1770792056.9315522,1.2999999999997935,0.0,0.020000000000000007,1.2310198582863807,0.0,0.13999999999999996,0.0,-0.5,-0.3,-3.612153868993563e-124,-2.7535258927172746e-05,-0.1500027949578968
1770792057.3439698,1.2999999999997935,0.0,0.020000000000000007,1.2310198582863807,0.0,0.13999999999999996,0.0,-0.5,-0.3,-2.9711048703315106e-124,6.987268602719351e-06,-0.15000694588705435
1770792057.759412,1.2999999999997935,0.0,0.020000000000000007,1.2310198582863807,0.0,0.13999999999999996,0.0,-0.5,-0.3,-2.0352608902409165e-124,5.176701466694365e-05,-0.1500303614819399
1770792058.1862469,1.2999999999997935,0.0,0.020000000000000007,1.2310198582863807,0.0,0.13999999999999996,0.0,-0.5,-0.3,-1.5813794193318846e-124,-2.6209410418970174e-05,-0.14999469293729908
1770792058.6199076,1.2999999999997935,0.0,0.020000000000000007,1.2310198582863807,0.0,0.13999999999999996,0.0,-0.5,-0.3,-1.3005686106909767e-124,-0.00015385300936769062,-0.149935837855211
1770792059.031153,1.2999999999997935,0.0,0.020000000000000007,1.2310198582863807,0.0,0.13999999999999996,0.0,-0.5,-0.3,-1.012124445727717e-124,-0.00011024858063016048,-0.14994923615255867
1770792059.4495754,1.2999999999997935,0.0,0.020000000000000007,1.2310198582863807,0.0,0.13999999999999996,0.0,-0.5,-0.3,-6.940504006820252e-125,-0.00015811518077600643,-0.14992572906962656
1770792059.8667085,1.2999999999997935,0.0,0.020000000000000007,1.2310198582863807,0.0,0.13999999999999996,0.0,-0.5,-0.3,-5.383719257037974e-125,-9.657881029871189e-05,-0.14995786423189836
1770792060.2783723,1.2999999999997935,0.0,0.020000000000000007,1.2310198582863807,0.0,0.13999999999999996,0.0,-0.5,-0.3,-4.177267289887829e-125,-4.04536601079312e-05,-0.1499853856849651
1770792060.6917355,1.2999999999997935,0.0,0.020000000000000007,1.2310198582863807,0.0,0.13999999999999996,0.0,-0.5,-0.3,-3.245232830091065e-125,-5.2759789257476074e-05,-0.14997485071828623
1770792061.1091266,1.2999999999997935,0.0,0.020000000000000007,1.2310198582863807,0.0,0.13999999999999996,0.0,-0.5,-0.3,-2.5176684720386183e-125,4.824939406666144e-05,-0.15003422561536575
1770792061.524922,1.2999999999997935,0.0,0.020000000000000007,1.2310198582863807,0.0,0.13999999999999996,0.0,-0.5,-0.3,-2.0737390197867692e-125,7.307941052402804e-05,-0.15003902270690775
1770792061.9463377,1.2999999999997935,0.0,0.020000000000000007,1.2310198582863807,0.0,0.13999999999999996,0.0,-0.5,-0.3,-1.4249234971053262e-125,6.994156571915429e-05,-0.15003528456734005
1770792062.363493,1.2999999999997935,0.0,0.020000000000000007,1.2310198582863807,0.0,0.13999999999999996,0.0,-0.5,-0.3,-1.1045632062337064e-125,7.697795053728992e-05,-0.15003919261375046
1770792062.78153,1.2999999999997935,0.0,0.020000000000000007,1.2310198582863807,0.0,0.13999999999999996,0.0,-0.5,-0.3,-8.58335842677748e-126,-1.8102553528757664e-05,-0.15000045677364224
1770792063.1956937,1.2999999999997935,0.0,0.020000000000000007,1.2310198582863807,0.0,0.13999999999999996,0.0,-0.5,-0.3,-7.091024864134494e-126,-3.259673429304126e-06,-0.1499998544512953
1770792063.6099079,1.2999999999997935,0.0,0.020000000000000007,1.2310198582863807,0.0,0.13999999999999996,0.0,-0.5,-0.3,-5.4851795441867504e-126,-0.00011793975113672966,-0.14995249813220238
1770792064.025956,1.2999999999997935,0.0,0.020000000000000007,1.2310198582863807,0.0,0.13999999999999996,0.0,-0.5,-0.3,-4.2800976809619844e-126,-0.00010161640415930041,-0.1499508241326181
1770792064.4501498,1.2999999999997935,0.0,0.020000000000000007,1.2310198582863807,0.0,0.13999999999999996,0.0,-0.5,-0.3,-2.9061705671821184e-126,-8.886452579484792e-05,-0.149956842924939
1770792064.8645494,1.2999999999997935,0.0,0.020000000000000007,1.2310198582863807,0.0,0.13999999999999996,0.0,-0.5,-0.3,-2.6628662541474677e-126,-7.146408981229046e-06,-0.15000459860719073
1770792065.2806985,1.2999999999997935,0.0,0.020000000000000007,1.2310198582863807,0.0,0.13999999999999996,0.0,-0.5,-0.3,-1.7598642159046033e-126,-5.318545017607544e-05,-0.14997801117903145
1770792065.710281,1.2999999999997935,0.0,0.020000000000000007,1.2310198582863807,0.0,0.13999999999999996,0.0,-0.5,-0.3,-1.4631536564445547e-126,-9.292727269949782e-05,-0.1499575105459026
1770792066.1254532,1.2999999999997935,0.0,0.020000000000000007,1.2310198582863807,0.0,0.13999999999999996,0.0,-0.5,-0.3,-1.0720530322362693e-126,2.5465596935780433e-05,-0.1500245720854314
1770792066.5413604,1.2999999999997935,0.0,0.020000000000000007,1.2310198582863807,0.0,0.13999999999999996,0.0,-0.5,-0.3,-8.826373707659336e-127,0.0001335743865338128,-0.1500775980722267
1770792066.9575944,1.2999999999997935,0.0,0.020000000000000007,1.2310198582863807,0.0,0.13999999999999996,0.0,-0.5,-0.3,-5.98999675074845e-127,0.00022811513618291462,-0.15012351164305637
1770792067.3720887,1.2999999999997935,0.0,0.020000000000000007,1.2310198582863807,0.0,0.13999999999999996,0.0,-0.5,-0.3,-5.770275474805938e-127,0.00018573541970854775,-0.15009710568150172
1770792067.791059,1.2999999999997935,0.0,0.020000000000000007,1.2310198582863807,0.0,0.13999999999999996,0.0,-0.5,-0.3,-3.57421991178405e-127,0.00015871501730898083,-0.15008205954889442
1770792068.211922,1.2999999999997935,0.0,0.020000000000000007,1.2310198582863807,0.0,0.13999999999999996,0.0,-0.5,-0.3,-3.0159068104523867e-127,2.3783108833983952e-05,-0.1500253847452645
1770792068.6224244,1.2999999999997935,0.0,0.020000000000000007,1.2310198582863807,0.0,0.13999999999999996,0.0,-0.5,-0.3,-2.320946402419556e-127,-4.3340948216138395e-05,-0.14998504193159695
1770792069.0345948,1.2999999999997935,0.0,0.020000000000000007,1.2310198582863807,0.0,0.13999999999999996,0.0,-0.5,-0.3,-1.8204964696891333e-127,-0.00011658834844561193,-0.1499490305658001
1770792069.4658916,1.2999999999997935,0.0,0.020000000000000007,1.2310198582863807,0.0,0.13999999999999996,0.0,-0.5,-0.3,-1.3827657353981926e-127,-2.3351605648703905e-07,-0.15001151872521065
1770792069.8883862,1.2999999999997935,0.0,0.020000000000000007,1.2310198582863807,0.0,0.13999999999999996,0.0,-0.5,-0.3,-9.466819596602007e-128,-7.249293049566867e-05,-0.1499709794761961
1770792070.3099308,1.2999999999997935,0.0,0.020000000000000007,1.2310198582863807,0.0,0.13999999999999996,0.0,-0.5,-0.3,-8.137222191728171e-128,-6.866227345332147e-05,-0.14996605192897758
1770792070.7396667,1.2999999999997935,0.0,0.020000000000000007,1.2310198582863807,0.0,0.13999999999999996,0.0,-0.5,-0.3,-6.294978989659234e-128,-8.376613380378233e-05,-0.14995962731913315
1770792071.1583276,1.2999999999997935,0.0,0.020000000000000007,1.2310198582863807,0.0,0.13999999999999996,0.0,-0.5,-0.3,-4.5985783500936554e-128,-3.565290925874345e-05,-0.14998698486782513
1770792071.5978734,1.2999999999997935,0.0,0.020000000000000007,1.2310198582863807,0.0,0.13999999999999996,0.0,-0.5,-0.3,-3.5651883362397513e-128,6.099208583004771e-06,-0.15000722481607567
1770792072.00711,1.2999999999997935,0.0,0.020000000000000007,1.2310198582863807,0.0,0.13999999999999996,0.0,-0.5,-0.3,-2.7754536139794897e-128,0.00016542195992273542,-0.15009864325509534
1770792072.4215991,1.2999999999997935,0.0,0.020000000000000007,1.2310198582863807,0.0,0.13999999999999996,0.0,-0.5,-0.3,-2.1514995963143042e-128,0.00019767464654120385,-0.15010206259193243
1770792072.8338082,1.2999999999997935,0.0,0.020000000000000007,1.2310198582863807,0.0,0.13999999999999996,0.0,-0.5,-0.3,-1.5758816953867614e-128,0.00011801141070921558,-0.1500669720289378
1770792073.2550366,1.2999999999997935,0.0,0.020000000000000007,1.2310198582863807,0.0,0.13999999999999996,0.0,-0.5,-0.3,-1.1125232955427439e-128,0.00015087843527414525,-0.15007872592009358
1770792073.6668458,1.2999999999997935,0.0,0.020000000000000007,1.2310198582863807,0.0,0.13999999999999996,0.0,-0.5,-0.3,-8.633118599890151e-129,7.829111310214626e-05,-0.15004640428876828
1770792074.0885527,1.2999999999997935,0.0,0.020000000000000007,1.2310198582863807,0.0,0.13999999999999996,0.0,-0.5,-0.3,-6.673820051844176e-129,0.00016593768673996186,-0.15009173350073374
1770792074.5228941,1.2999999999997935,0.0,0.020000000000000007,1.2310198582863807,0.0,0.13999999999999996,0.0,-0.5,-0.3,-5.692353029795232e-129,-7.396139402940537e-05,-0.14998700921106223
1770792074.960141,1.2999999999997935,0.0,0.020000000000000007,1.2310198582863807,0.0,0.13999999999999996,0.0,-0.5,-0.3,-3.784685101774156e-129,-0.00018085193899901442,-0.14992026308499745
1770792075.3748684,1.2999999999997935,0.0,0.020000000000000007,1.2310198582863807,0.0,0.13999999999999996,0.0,-0.5,-0.3,-2.930378955783272e-129,-0.0001619188503883436,-0.1499209338836669
1770792075.7887213,1.2999999999997935,0.0,0.020000000000000007,1.2310198582863807,0.0,0.13999999999999996,0.0,-0.5,-0.3,-2.2691894876778995e-129,-0.00014844118744500773,-0.14992712717257184
1770792076.2002726,1.2999999999997935,0.0,0.020000000000000007,1.2310198582863807,0.0,0.13999999999999996,0.0,-0.5,-0.3,-1.828638482680382e-129,-2.0144954927437487e-05,-0.15000275714578803
1770792076.6279817,1.2999999999997935,0.0,0.020000000000000007,1.2310198582863807,0.0,0.13999999999999996,0.0,-0.5,-0.3,-1.4143403230029475e-129,1.605673529176153e-05,-0.1500116485366678
1770792077.054503,1.2999999999997935,0.0,0.020000000000000007,1.2310198582863807,0.0,0.13999999999999996,0.0,-0.5,-0.3,-9.998623833725326e-130,0.00010705365803046529,-0.1500626265212891
1770792077.4694293,1.2999999999997935,0.0,0.020000000000000007,1.2310198582863807,0.0,0.13999999999999996,0.0,-0.5,-0.3,-8.332030525772115e-130,-2.425482322103204e-05,-0.15000100343651462
1770792077.8838758,1.2999999999997935,0.0,0.020000000000000007,1.2310198582863807,0.0,0.13999999999999996,0.0,-0.5,-0.3,-5.9637280809846515e-130,1.505286490576869e-05,-0.15001145720126557
1770792078.305242,1.2999999999997935,0.0,0.020000000000000007,1.2310198582863807,0.0,0.13999999999999996,0.0,-0.5,-0.3,-5.086207041547299e-130,5.667956172307145e-05,-0.15003250245054325
1770792078.733543,1.2999999999997935,0.0,0.020000000000000007,1.2310198582863807,0.0,0.13999999999999996,0.0,-0.5,-0.3,-3.9685474085434875e-130,-6.0293636986995e-05,-0.1499815505013775
1770792079.147326,1.2999999999997935,0.0,0.020000000000000007,1.2310198582863807,0.0,0.13999999999999996,0.0,-0.5,-0.3,-3.189617466521957e-130,-7.756641355978856e-05,-0.1499629440708774
1770792079.5656211,1.2999999999997935,0.0,0.020000000000000007,1.2310198582863807,0.0,0.13999999999999996,0.0,-0.5,-0.3,-2.059373419935586e-130,-0.00010401965141330956,-0.1499506354980787
1770792079.9810493,1.2999999999997935,0.0,0.020000000000000007,1.2310198582863807,0.0,0.13999999999999996,0.0,-0.5,-0.3,-1.9204627711390604e-130,-0.00014710911716942233,-0.1499307543879909
1770792080.4062002,1.2999999999997935,0.0,0.020000000000000007,1.2310198582863807,0.0,0.13999999999999996,0.0,-0.5,-0.3,-1.283072220167127e-130,-0.0001863999013341962,-0.1499107291277494
1770792080.8385136,1.2999999999997935,0.0,0.020000000000000007,1.2310198582863807,0.0,0.13999999999999996,0.0,-0.5,-0.3,-1.0549785253844578e-130,-9.871936011545017e-05,-0.14995940837406413
1770792081.2582269,1.2999999999997935,0.0,0.020000000000000007,1.2310198582863807,0.0,0.13999999999999996,0.0,-0.5,-0.3,-6.970060056354551e-131,-3.364158908366187e-05,-0.14998968698256135
1770792081.6910882,1.2999999999997935,0.0,0.020000000000000007,1.2310198582863807,0.0,0.13999999999999996,0.0,-0.5,-0.3,-6.510650841815786e-131,7.035984460788943e-05,-0.1500455800656731
1770792082.1101196,1.2999999999997935,0.0,0.020000000000000007,1.2310198582863807,0.0,0.13999999999999996,0.0,-0.5,-0.3,-4.367500676421861e-131,0.00011506425455506821,-0.15006200256827223
1770792082.526963,1.2999999999997935,0.0,0.020000000000000007,1.2310198582863807,0.0,0.13999999999999996,0.0,-0.5,-0.3,-3.386700968593435e-131,9.964209454972774e-05,-0.1500513632632754
1770792082.937061,1.2999999999997935,0.0,0.020000000000000007,1.2310198582863807,0.0,0.13999999999999996,0.0,-0.5,-0.3,-2.6124343302555416e-131,0.0001282506054224659,-0.15006698615379852
1770792083.3470094,1.2999999999997935,0.0,0.020000000000000007,1.2310198582863807,0.0,0.13999999999999996,0.0,-0.5,-0.3,-1.8444488089006817e-131,0.00010603149774028527,-0.15005523765963835
1770792083.756931,1.2999999999997935,0.0,0.020000000000000007,1.2310198582863807,0.0,0.13999999999999996,0.0,-0.5,-0.3,-1.4316807782382359e-131,0.00014986656125229566,-0.15007931678697736
1770792084.179396,1.2999999999997935,0.0,0.020000000000000007,1.2310198582863807,0.0,0.13999999999999996,0.0,-0.5,-0.3,-1.1104498676305334e-131,-8.070790179463906e-06,-0.15001175834005345
1770792084.6064832,1.2999999999997935,0.0,0.020000000000000007,1.2310198582863807,0.0,0.13999999999999996,0.0,-0.5,-0.3,-8.626565180799489e-132,-0.0001059279157175643,-0.14995682175469502
1770792085.0227532,1.2999999999997935,0.0,0.020000000000000007,1.2310198582863807,0.0,0.13999999999999996,0.0,-0.5,-0.3,-6.91492169083099e-132,-0.00019487509294424866,-0.14991145717125054
1770792085.4468257,1.2999999999997935,0.0,0.020000000000000007,1.2310198582863807,0.0,0.13999999999999996,0.0,-0.5,-0.3,-5.372568001596921e-132,-0.00016584873017822075,-0.1499199782711875
1770792085.8641732,1.2999999999997935,0.0,0.020000000000000007,1.2310198582863807,0.0,0.13999999999999996,0.0,-0.5,-0.3,-3.785989142088069e-132,-7.734943263240223e-05,-0.1499701752134384
1770792086.2817655,1.2999999999997935,0.0,0.020000000000000007,1.2310198582863807,0.0,0.13999999999999996,0.0,-0.5,-0.3,-2.9288275655583503e-132,-0.00017514149310800798,-0.14992220845949356
1770792086.7145593,1.2999999999997935,0.0,0.020000000000000007,1.2310198582863807,0.0,0.13999999999999996,0.0,-0.5,-0.3,-2.3834623440239568e-132,-7.458049566381684e-05,-0.1499727658519125
1770792087.1373909,1.2999999999997935,0.0,0.020000000000000007,1.2310198582863807,0.0,0.13999999999999996,0.0,-0.5,-0.3,-1.8544209703914992e-132,-8.938198984981143e-06,-0.1500020951301754
1770792087.5504427,1.2999999999997935,0.0,0.020000000000000007,1.2310198582863807,0.0,0.13999999999999996,0.0,-0.5,-0.3,-1.2892199556784848e-132,6.098905720234057e-05,-0.15003748725421992
1770792087.980739,1.2999999999997935,0.0,0.020000000000000007,1.2310198582863807,0.0,0.13999999999999996,0.0,-0.5,-0.3,-1.2172882101721109e-132,-2.651114892996243e-05,-0.14999549444614824
1770792088.3958523,1.2999999999997935,0.0,0.020000000000000007,1.2310198582863807,0.0,0.13999999999999996,0.0,-0.5,-0.3,-8.156861703716214e-133,0.00020683641255948455,-0.15012675296242867
1770792088.8154612,1.2999999999997935,0.0,0.020000000000000007,1.2310198582863807,0.0,0.13999999999999996,0.0,-0.5,-0.3,-6.3069327807060344e-133,0.00019584888474263065,-0.15009902319515298
1770792089.2313673,1.2999999999997935,0.0,0.020000000000000007,1.2310198582863807,0.0,0.13999999999999996,0.0,-0.5,-0.3,-4.922073803519822e-133,2.6676072737021562e-05,-0.15003025531756908
1770792089.6633313,1.2999999999997935,0.0,0.020000000000000007,1.2310198582863807,0.0,0.13999999999999996,0.0,-0.5,-0.3,-3.4088760005831252e-133,6.769631409242306e-05,-0.15003795018118174
1770792090.0786498,1.2999999999997935,0.0,0.020000000000000007,1.2310198582863807,0.0,0.13999999999999996,0.0,-0.5,-0.3,-2.633270777796384e-133,5.496602952456048e-05,-0.15002875604321905
1770792090.4904084,1.2999999999997935,0.0,0.020000000000000007,1.2310198582863807,0.0,0.13999999999999996,0.0,-0.5,-0.3,-2.3758970180660403e-133,-5.65357427157068e-05,-0.14998288230586618
1770792090.933865,1.2999999999997935,0.0,0.020000000000000007,1.2310198582863807,0.0,0.13999999999999996,0.0,-0.5,-0.3,-1.678173695623307e-133,-2.2402550308360035e-05,-0.14999221204408653
1770792091.352367,1.2999999999997935,0.0,0.020000000000000007,1.2310198582863807,0.0,0.13999999999999996,0.0,-0.5,-0.3,-1.1475916608062552e-133,3.164442960638781e-05,-0.15002122691279468
1770792091.7812052,1.2999999999997935,0.0,0.020000000000000007,1.2310198582863807,0.0,0.13999999999999996,0.0,-0.5,-0.3,-1.099882797149376e-133,2.3378116323507595e-07,-0.15000325795542593
1770792092.2043815,1.2999999999997935,0.0,0.020000000000000007,1.2310198582863807,0.0,0.13999999999999996,0.0,-0.5,-0.3,-6.819156318002189e-134,2.480169673047855e-05,-0.15001485763992195
1770792092.6244338,1.2999999999997935,0.0,0.020000000000000007,1.2310198582863807,0.0,0.13999999999999996,0.0,-0.5,-0.3,-5.725563589390727e-134,7.345409960701863e-05,-0.15004159229009115
1770792093.0498288,1.2999999999997935,0.0,0.020000000000000007,1.2310198582863807,0.0,0.13999999999999996,0.0,-0.5,-0.3,-4.443896264975941e-134,0.00010593628182659747,-0.15005621635913524
1770792093.481013,1.2999999999997935,0.0,0.020000000000000007,1.2310198582863807,0.0,0.13999999999999996,0.0,-0.5,-0.3,-3.0674161984004617e-134,0.00014554642516321318,-0.15007673422691528
1770792093.903218,1.2999999999997935,0.0,0.020000000000000007,1.2310198582863807,0.0,0.13999999999999996,0.0,-0.5,-0.3,-2.3825830907782203e-134,0.0001225633613363429,-0.15006357998705086
1770792094.3305893,1.2999999999997935,0.0,0.020000000000000007,1.2310198582863807,0.0,0.13999999999999996,0.0,-0.5,-0.3,-1.959046671662036e-134,6.258649181298078e-05,-0.1500372909328588
1770792094.7523692,1.2999999999997935,0.0,0.020000000000000007,1.2310198582863807,0.0,0.13999999999999996,0.0,-0.5,-0.3,-1.6543194716434883e-134,1.968919211096955e-05,-0.1500141343260257
1770792095.183713,1.2999999999997935,0.0,0.020000000000000007,1.2310198582863807,0.0,0.13999999999999996,0.0,-0.5,-0.3,-1.2796502404889013e-134,2.0024202531325264e-05,-0.15001004560230768
1770792095.5962734,1.2999999999997935,0.0,0.020000000000000007,1.2310198582863807,0.0,0.13999999999999996,0.0,-0.5,-0.3,-8.55028283915657e-135,-1.1374121909958667e-05,-0.14999745277148915
1770792096.0183475,1.2999999999997935,0.0,0.020000000000000007,1.2310198582863807,0.0,0.13999999999999996,0.0,-0.5,-0.3,-6.693616376117805e-135,-3.6607273288614676e-05,-0.14998421967849354
1770792096.4404252,1.2999999999997935,0.0,0.020000000000000007,1.2310198582863807,0.0,0.13999999999999996,0.0,-0.5,-0.3,-5.1981541807056204e-135,7.070444085456484e-06,-0.1500079029937801
1770792096.8679047,1.2999999999997935,0.0,0.020000000000000007,1.2310198582863807,0.0,0.13999999999999996,0.0,-0.5,-0.3,-3.563569450505004e-135,-3.727184815612276e-05,-0.1499857983051461
1770792097.3052404,1.2999999999997935,0.0,0.020000000000000007,1.2310198582863807,0.0,0.13999999999999996,0.0,-0.5,-0.3,-2.9408432483369123e-135,-9.334699637535063e-06,-0.14999812636503307
1770792097.7291484,1.2999999999997935,0.0,0.020000000000000007,1.2310198582863807,0.0,0.13999999999999996,0.0,-0.5,-0.3,-2.2693295813331213e-135,0.00012304739893185295,-0.15007476190932287
1770792098.1530845,1.2999999999997935,0.0,0.020000000000000007,1.2310198582863807,0.0,0.13999999999999996,0.0,-0.5,-0.3,-1.5630491006481602e-135,6.775128973890452e-05,-0.15003940525578874
1770792098.5671268,1.2999999999997935,0.0,0.020000000000000007,1.2310198582863807,0.0,0.13999999999999996,0.0,-0.5,-0.3,-1.2137713898706871e-135,7.103803546282478e-05,-0.1500358476923038
1770792098.9910116,1.2999999999997935,0.0,0.020000000000000007,1.2310198582863807,0.0,0.13999999999999996,0.0,-0.5,-0.3,-1.1598458413376421e-135,0.00016475935013028295,-0.15009175180653186
1770792099.407513,1.2999999999997935,0.0,0.020000000000000007,1.2310198582863807,0.0,0.13999999999999996,0.0,-0.5,-0.3,-7.764980553373898e-136,0.00010536575488412715,-0.15005862223696667
1770792099.8333902,1.2999999999997935,0.0,0.020000000000000007,1.2310198582863807,0.0,0.13999999999999996,0.0,-0.5,-0.3,-6.036112373043712e-136,3.80253964738372e-05,-0.15002574673407795
1770792100.2851932,1.2999999999997935,0.0,0.020000000000000007,1.2310198582863807,0.0,0.13999999999999996,0.0,-0.5,-0.3,-4.130468479463485e-136,3.480189951367231e-05,-0.15001772329945284
1770792100.7269664,1.2999999999997935,0.0,0.020000000000000007,1.2310198582863807,0.0,0.13999999999999996,0.0,-0.5,-0.3,-3.416007886223094e-136,-4.393270555403189e-05,-0.14998590710772974
1770792101.141509,1.2999999999997935,0.0,0.020000000000000007,1.2310198582863807,0.0,0.13999999999999996,0.0,-0.5,-0.3,-2.650963640966716e-136,-5.0722890537621225e-05,-0.14997531757322952
1770792101.5550492,1.2999999999997935,0.0,0.020000000000000007,1.2310198582863807,0.0,0.13999999999999996,0.0,-0.5,-0.3,-2.2351553906658114e-136,-0.0001549416497727757,-0.14993295105103713
1770792101.9851396,1.2999999999997935,0.0,0.020000000000000007,1.2310198582863807,0.0,0.13999999999999996,0.0,-0.5,-0.3,-1.4110895422186098e-136,-5.616929642661451e-05,-0.1499817925871213
1770792102.401067,1.2999999999997935,0.0,0.020000000000000007,1.2310198582863807,0.0,0.13999999999999996,0.0,-0.5,-0.3,-1.1633973730690238e-136,3.303027664880285e-05,-0.15002543509563193
1770792102.8336773,1.2999999999997935,0.0,0.020000000000000007,1.2310198582863807,0.0,0.13999999999999996,0.0,-0.5,-0.3,-9.10342237905689e-137,5.137369621737916e-05,-0.15002752119006554
1770792103.2526972,1.2999999999997935,0.0,0.020000000000000007,1.2310198582863807,0.0,0.13999999999999996,0.0,-0.5,-0.3,-6.177021273273991e-137,2.636173091719142e-05,-0.15001568206198862
1770792103.6630077,1.2999999999997935,0.0,0.020000000000000007,1.2310198582863807,0.0,0.13999999999999996,0.0,-0.5,-0.3,-6.01874782680333e-137,0.00012280112145443312,-0.15007104449978093
1770792104.0886972,1.2999999999997935,0.0,0.020000000000000007,1.2310198582863807,0.0,0.13999999999999996,0.0,-0.5,-0.3,-4.439378470416145e-137,0.00017551351310528035,-0.15009302799571772
1770792104.5332057,1.2999999999997935,0.0,0.020000000000000007,1.2310198582863807,0.0,0.13999999999999996,0.0,-0.5,-0.3,-3.143628624455325e-137,0.00019794747737817266,-0.15010121713511637
1770792104.9420724,1.2999999999997935,0.0,0.020000000000000007,1.2310198582863807,0.0,0.13999999999999996,0.0,-0.5,-0.3,-2.4422502166526107e-137,0.00015112098953296786,-0.150080243143551
1770792105.3574183,1.2999999999997935,0.0,0.020000000000000007,1.2310198582863807,0.0,0.13999999999999996,0.0,-0.5,-0.3,-1.622324606959385e-137,2.114634158210733e-05,-0.15002357063558613
1770792105.7692711,1.2999999999997935,0.0,0.020000000000000007,1.2310198582863807,0.0,0.13999999999999996,0.0,-0.5,-0.3,-1.2675649688892215e-137,-3.698799786092604e-05,-0.1499873194350138
1770792106.1838064,1.2999999999997935,0.0,0.020000000000000007,1.2310198582863807,0.0,0.13999999999999996,0.0,-0.5,-0.3,-1.176964933643613e-137,-7.012859306062875e-05,-0.14996824976298967
1770792106.6022713,1.2999999999997935,0.0,0.020000000000000007,1.2310198582863807,0.0,0.13999999999999996,0.0,-0.5,-0.3,-8.347400653962422e-138,2.5739872042135658e-05,-0.15002245678253134
1770792107.0231044,1.2999999999997935,0.0,0.020000000000000007,1.2310198582863807,0.0,0.13999999999999996,0.0,-0.5,-0.3,-6.141846991014873e-138,3.8365275936772796e-05,-0.15002044517835783
1770792107.4436252,1.2999999999997935,0.0,0.020000000000000007,1.2310198582863807,0.0,0.13999999999999996,0.0,-0.5,-0.3,-5.0736014944186707e-138,-4.7770778060362366e-05,-0.14998472821636954
1770792107.8610227,1.2999999999997935,0.0,0.020000000000000007,1.2310198582863807,0.0,0.13999999999999996,0.0,-0.5,-0.3,-3.349964726191167e-138,-9.079144898617343e-05,-0.1499589063425995
1770792108.2719529,1.2999999999997935,0.0,0.020000000000000007,1.2310198582863807,0.0,0.13999999999999996,0.0,-0.5,-0.3,-2.6332775621018406e-138,3.2572229609854675e-05,-0.15002862248266452
1770792108.7058003,1.2999999999997935,0.0,0.020000000000000007,1.2310198582863807,0.0,0.13999999999999996,0.0,-0.5,-0.3,-2.0423449391499495e-138,-1.4498304260512227e-05,-0.14999745790125676
1770792109.1204927,1.2999999999997935,0.0,0.020000000000000007,1.2310198582863807,0.0,0.13999999999999996,0.0,-0.5,-0.3,-1.7349461026349168e-138,1.0147000104116729e-05,-0.1500075380304885
1770792109.5345688,1.2999999999997935,0.0,0.020000000000000007,1.2310198582863807,0.0,0.13999999999999996,0.0,-0.5,-0.3,-1.2393294741351517e-138,5.35035671147379e-05,-0.15003108744025842
1770792109.9580083,1.2999999999997935,0.0,0.020000000000000007,1.2310198582863807,0.0,0.13999999999999996,0.0,-0.5,-0.3,-8.950401262697457e-139,5.0554964111439755e-05,-0.15002557234235606
1770792110.3690267,1.2999999999997935,0.0,0.020000000000000007,1.2310198582863807,0.0,0.13999999999999996,0.0,-0.5,-0.3,-6.897222346244441e-139,-4.3467815758468726e-05,-0.14998766837010774
1770792110.784744,1.2999999999997935,0.0,0.020000000000000007,1.2310198582863807,0.0,0.13999999999999996,0.0,-0.5,-0.3,-5.3825910386788585e-139,5.1280429758333985e-05,-0.15003511503943084
1770792111.208998,1.2999999999997935,0.0,0.020000000000000007,1.2310198582863807,0.0,0.13999999999999996,0.0,-0.5,-0.3,-4.575164596843491e-139,-0.0001555738647461834,-0.14994289849707734
1770792111.6505764,1.2999999999997935,0.0,0.020000000000000007,1.2310198582863807,0.0,0.13999999999999996,0.0,-0.5,-0.3,-3.545691500571378e-139,-0.0001343461364029646,-0.14993494970463284
1770792112.0684836,1.2999999999997935,0.0,0.020000000000000007,1.2310198582863807,0.0,0.13999999999999996,0.0,-0.5,-0.3,-2.348662017186887e-139,-9.370556653815225e-05,-0.1499572112737174
1770792112.4859393,1.2999999999997935,0.0,0.020000000000000007,1.2310198582863807,0.0,0.13999999999999996,0.0,-0.5,-0.3,-2.1855259411091124e-139,-0.00011175545690659511,-0.14994592726058353
1770792112.9157531,1.2999999999997935,0.0,0.020000000000000007,1.2310198582863807,0.0,0.13999999999999996,0.0,-0.5,-0.3,-1.5493810656855488e-139,-0.00010695471276581907,-0.14994700271803116
1770792113.3282163,1.2999999999997935,0.0,0.020000000000000007,1.2310198582863807,0.0,0.13999999999999996,0.0,-0.5,-0.3,-1.2024349221854676e-139,-0.00012176212147511398,-0.14994059968013335
1770792113.7504475,1.2999999999997935,0.0,0.020000000000000007,1.2310198582863807,0.0,0.13999999999999996,0.0,-0.5,-0.3,-7.982086746343149e-140,-6.247315684601701e-06,-0.15000842782273674
1770792114.1683595,1.2999999999997935,0.0,0.020000000000000007,1.2310198582863807,0.0,0.13999999999999996,0.0,-0.5,-0.3,-6.184316929975473e-140,9.38537213880852e-05,-0.1500569369644013
1770792114.589845,1.2999999999997935,0.0,0.020000000000000007,1.2310198582863807,0.0,0.13999999999999996,0.0,-0.5,-0.3,-6.076861106394451e-140,0.00010481131064419862,-0.15005350141424773
1770792115.0175176,1.2999999999997935,0.0,0.020000000000000007,1.2310198582863807,0.0,0.13999999999999996,0.0,-0.5,-0.3,-4.081319098339486e-140,0.0002177162224009919,-0.15012014860237616
1770792115.4363842,1.2999999999997935,0.0,0.020000000000000007,1.2310198582863807,0.0,0.13999999999999996,0.0,-0.5,-0.3,-3.1617768408730485e-140,0.0002729349105631348,-0.15014198932409778
1770792115.855878,1.2999999999997935,0.0,0.020000000000000007,1.2310198582863807,0.0,0.13999999999999996,0.0,-0.5,-0.3,-2.523366233759001e-140,0.00012221936439722186,-0.15007618123681518
1770792116.2779303,1.2999999999997935,0.0,0.020000000000000007,1.2310198582863807,0.0,0.13999999999999996,0.0,-0.5,-0.3,-1.6197273219170062e-140,5.0445904517405646e-05,-0.1500324002982467
1770792116.7023263,1.2999999999997935,0.0,0.020000000000000007,1.2310198582863807,0.0,0.13999999999999996,0.0,-0.5,-0.3,-1.3829841129265465e-140,-9.061630156019088e-05,-0.14996879806982766
1770792117.1117096,1.2999999999997935,0.0,0.020000000000000007,1.2310198582863807,0.0,0.13999999999999996,0.0,-0.5,-0.3,-1.0715694700294072e-140,-6.608046412454307e-05,-0.1499694133516813
1770792117.5438774,1.2999999999997935,0.0,0.020000000000000007,1.2310198582863807,0.0,0.13999999999999996,0.0,-0.5,-0.3,-8.299118594163751e-141,-6.487910249164206e-06,-0.15000271530026296
1770792117.958441,1.2999999999997935,0.0,0.020000000000000007,1.2310198582863807,0.0,0.13999999999999996,0.0,-0.5,-0.3,-5.583219924622087e-141,-6.103226968991035e-06,-0.14999698685484353
1770792118.381481,1.2999999999997935,0.0,0.020000000000000007,1.2310198582863807,0.0,0.13999999999999996,0.0,-0.5,-0.3,-4.332791824160725e-141,4.051083595307646e-05,-0.15002491682426874
1770792118.7962384,1.2999999999997935,0.0,0.020000000000000007,1.2310198582863807,0.0,0.13999999999999996,0.0,-0.5,-0.3,-3.436544770829382e-141,-2.882452562005328e-05,-0.14999252127334728
1770792119.222346,1.2999999999997935,0.0,0.020000000000000007,1.2310198582863807,0.0,0.13999999999999996,0.0,-0.5,-0.3,-2.832261356107614e-141,2.3780426192600345e-05,-0.15001715070827756
1770792119.6444755,1.2999999999997935,0.0,0.020000000000000007,1.2310198582863807,0.0,0.13999999999999996,0.0,-0.5,-0.3,-2.2006933063739475e-141,9.395628569714324e-05,-0.15005399572879902
1770792120.0572462,1.2999999999997935,0.0,0.020000000000000007,1.2310198582863807,0.0,0.13999999999999996,0.0,-0.5,-0.3,-1.476458355900422e-141,0.00017233483546250097,-0.1500940052727078
1770792120.4690762,1.2999999999997935,0.0,0.020000000000000007,1.2310198582863807,0.0,0.13999999999999996,0.0,-0.5,-0.3,-1.150403593937191e-141,4.127645808678464e-05,-0.15003374406678094
1770792120.8962276,1.2999999999997935,0.0,0.020000000000000007,1.2310198582863807,0.0,0.13999999999999996,0.0,-0.5,-0.3,-9.035451657682619e-142,8.86767917420899e-05,-0.15004907842923657
1770792121.3104446,1.2999999999997935,0.0,0.020000000000000007,1.2310198582863807,0.0,0.13999999999999996,0.0,-0.5,-0.3,-7.06808787990312e-142,1.8325388098877706e-05,-0.15001619783441375
1770792121.7369056,1.2999999999997935,0.0,0.020000000000000007,1.2310198582863807,0.0,0.13999999999999996,0.0,-0.5,-0.3,-5.2159631595476784e-142,9.431478841126694e-06,-0.15000560513034633
1770792122.1586573,1.2999999999997935,0.0,0.020000000000000007,1.2310198582863807,0.0,0.13999999999999996,0.0,-0.5,-0.3,-3.891709696146455e-142,-0.00010685948161027666,-0.14995819935524
1770792122.5670981,1.2999999999997935,0.0,0.020000000000000007,1.2310198582863807,0.0,0.13999999999999996,0.0,-0.5,-0.3,-3.614426703350924e-142,-0.0001543855632124103,-0.149927559826554
1770792122.97486,1.2999999999997935,0.0,0.020000000000000007,1.2310198582863807,0.0,0.13999999999999996,0.0,-0.5,-0.3,-2.349738933832543e-142,-8.922753461612087e-05,-0.14996190203555157
1770792123.4003863,1.2999999999997935,0.0,0.020000000000000007,1.2310198582863807,0.0,0.13999999999999996,0.0,-0.5,-0.3,-1.901367900723847e-142,-7.869508596394678e-05,-0.14996170570188325
1770792123.8140693,1.2999999999997935,0.0,0.020000000000000007,1.2310198582863807,0.0,0.13999999999999996,0.0,-0.5,-0.3,-1.4766433122724432e-142,6.711872263725294e-05,-0.15004814074217873
1770792124.2330194,1.2999999999997935,0.0,0.020000000000000007,1.2310198582863807,0.0,0.13999999999999996,0.0,-0.5,-0.3,-1.1485798392364931e-142,3.729052512807529e-05,-0.15002162808231495
1770792124.642857,1.2999999999997935,0.0,0.020000000000000007,1.2310198582863807,0.0,0.13999999999999996,0.0,-0.5,-0.3,-8.903045684066612e-143,6.418356236687936e-05,-0.1500347810849073
1770792125.064306,1.2999999999997935,0.0,0.020000000000000007,1.2310198582863807,0.0,0.13999999999999996,0.0,-0.5,-0.3,-6.220934932488957e-143,5.9375915936750544e-05,-0.15003016872261138
1770792125.4903147,1.2999999999997935,0.0,0.020000000000000007,1.2310198582863807,0.0,0.13999999999999996,0.0,-0.5,-0.3,-4.824779043520377e-143,0.0001749466632860905,-0.15009903040637798
1770792125.9085298,1.2999999999997935,0.0,0.020000000000000007,1.2310198582863807,0.0,0.13999999999999996,0.0,-0.5,-0.3,-3.934185446487036e-143,2.3247412193141615e-05,-0.15002679363120586
1770792126.3334863,1.2999999999997935,0.0,0.020000000000000007,1.2310198582863807,0.0,0.13999999999999996,0.0,-0.5,-0.3,-3.0530455653502405e-143,-2.5993023022377932e-05,-0.14999192753201038
1770792126.75572,1.2999999999997935,0.0,0.020000000000000007,1.2310198582863807,0.0,0.13999999999999996,0.0,-0.5,-0.3,-2.119352062332804e-143,-0.00015618924871598714,-0.14993492499821137
1770792127.1691008,1.2999999999997935,0.0,0.020000000000000007,1.2310198582863807,0.0,0.13999999999999996,0.0,-0.5,-0.3,-1.6429949525181227e-143,-0.00022453724133526205,-0.14989456617859429
1770792127.609824,1.2999999999997935,0.0,0.020000000000000007,1.2310198582863807,0.0,0.13999999999999996,0.0,-0.5,-0.3,-1.343913045784472e-143,-0.00024541273041368367,-0.149879381183701
1770792128.0384755,1.2999999999997935,0.0,0.020000000000000007,1.2310198582863807,0.0,0.13999999999999996,0.0,-0.5,-0.3,-1.0433255381478726e-143,-0.00025104338789689527,-0.14987504137179988
1770792128.4674656,1.2999999999997935,0.0,0.020000000000000007,1.2310198582863807,0.0,0.13999999999999996,0.0,-0.5,-0.3,-8.784401183936894e-144,-0.00016121793205575916,-0.14992837357955624
1770792128.8995066,1.2999999999997935,0.0,0.020000000000000007,1.2310198582863807,0.0,0.13999999999999996,0.0,-0.5,-0.3,-5.91843860389076e-144,-4.012544135412404e-05,-0.1499920465283931
1770792129.313858,1.2999999999997935,0.0,0.020000000000000007,1.2310198582863807,0.0,0.13999999999999996,0.0,-0.5,-0.3,-4.59669507758997e-144,1.3555089226363722e-05,-0.1500121455976712
1770792129.7455556,1.2999999999997935,0.0,0.020000000000000007,1.2310198582863807,0.0,0.13999999999999996,0.0,-0.5,-0.3,-3.5722201674737867e-144,-3.111913028107034e-05,-0.14998890785681018
1770792130.159095,1.2999999999997935,0.0,0.020000000000000007,1.2310198582863807,0.0,0.13999999999999996,0.0,-0.5,-0.3,-2.4556733602836985e-144,3.0817018314882895e-05,-0.15002160212401702
1770792130.5791943,1.2999999999997935,0.0,0.020000000000000007,1.2310198582863807,0.0,0.13999999999999996,0.0,-0.5,-0.3,-2.3389008401609977e-144,9.990121473504491e-05,-0.15005685902700952
1770792131.0117714,1.2999999999997935,0.0,0.020000000000000007,1.2310198582863807,0.0,0.13999999999999996,0.0,-0.5,-0.3,-1.5677736272748714e-144,1.843655905906524e-05,-0.15001736474509714
1770792131.4337375,1.2999999999997935,0.0,0.020000000000000007,1.2310198582863807,0.0,0.13999999999999996,0.0,-0.5,-0.3,-1.2076447745593754e-144,9.943733284918385e-05,-0.15005781874380358
1770792131.847591,1.2999999999997935,0.0,0.020000000000000007,1.2310198582863807,0.0,0.13999999999999996,0.0,-0.5,-0.3,-8.365626484366746e-145,2.52690817588481e-05,-0.15002005136598848
1770792132.2586505,1.2999999999997935,0.0,0.020000000000000007,1.2310198582863807,0.0,0.13999999999999996,0.0,-0.5,-0.3,-6.514540609790316e-145,-1.2465537331032367e-05,-0.14999754069324348
1770792132.6860836,1.2999999999997935,0.0,0.020000000000000007,1.2310198582863807,0.0,0.13999999999999996,0.0,-0.5,-0.3,-5.0331373790430934e-145,-3.33538139241161e-05,-0.14998541192069725
1770792133.113131,1.2999999999997935,0.0,0.020000000000000007,1.2310198582863807,0.0,0.13999999999999996,0.0,-0.5,-0.3,-4.106209248878646e-145,-2.0189548167507228e-07,-0.1500032142441034
1770792133.5258946,1.2999999999997935,0.0,0.020000000000000007,1.2310198582863807,0.0,0.13999999999999996,0.0,-0.5,-0.3,-3.2160957540707515e-145,1.4652180518196834e-05,-0.15000881149785908
1770792133.9421856,1.2999999999997935,0.0,0.020000000000000007,1.2310198582863807,0.0,0.13999999999999996,0.0,-0.5,-0.3,-2.5011186895241613e-145,4.642519495183517e-05,-0.15002638989891928
1770792134.357982,1.2999999999997935,0.0,0.020000000000000007,1.2310198582863807,0.0,0.13999999999999996,0.0,-0.5,-0.3,-1.7182144539659045e-145,0.00017838802558323854,-0.15010239029585476
1770792134.7711492,1.2999999999997935,0.0,0.020000000000000007,1.2310198582863807,0.0,0.13999999999999996,0.0,-0.5,-0.3,-1.3334918330579535e-145,7.570630240960954e-05,-0.15004812132352216
1770792135.1903741,1.2999999999997935,0.0,0.020000000000000007,1.2310198582863807,0.0,0.13999999999999996,0.0,-0.5,-0.3,-1.0349390200145512e-145,0.00016473746182731714,-0.15009127184685542
1770792135.6117823,1.2999999999997935,0.0,0.020000000000000007,1.2310198582863807,0.0,0.13999999999999996,0.0,-0.5,-0.3,-8.520973386474506e-146,0.00012147863432452786,-0.15006506519991256
1770792136.0290322,1.2999999999997935,0.0,0.020000000000000007,1.2310198582863807,0.0,0.13999999999999996,0.0,-0.5,-0.3,-6.620085549567359e-146,0.0002858464529308324,-0.15015936000832605
1770792136.452256,1.2999999999997935,0.0,0.020000000000000007,1.2310198582863807,0.0,0.13999999999999996,0.0,-0.5,-0.3,-4.538067071051964e-146,5.317294523984733e-05,-0.150049853823389
1770792136.9001396,1.2999999999997935,0.0,0.020000000000000007,1.2310198582863807,0.0,0.13999999999999996,0.0,-0.5,-0.3,-3.720027694481265e-146,7.410218788367627e-05,-0.15003914401820623
1770792137.3089356,1.2999999999997935,0.0,0.020000000000000007,1.2310198582863807,0.0,0.13999999999999996,0.0,-0.5,-0.3,-2.9028307860010604e-146,-6.847598613503738e-05,-0.14998001982433434
1770792137.7202656,1.2999999999997935,0.0,0.020000000000000007,1.2310198582863807,0.0,0.13999999999999996,0.0,-0.5,-0.3,-2.129158931189583e-146,-0.00013733356430924938,-0.1499382189756628
1770792138.1314056,1.2999999999997935,0.0,0.020000000000000007,1.2310198582863807,0.0,0.13999999999999996,0.0,-0.5,-0.3,-1.7670308191089816e-146,-9.645458962321387e-05,-0.149955860602657
1770792138.5518653,1.2999999999997935,0.0,0.020000000000000007,1.2310198582863807,0.0,0.13999999999999996,0.0,-0.5,-0.3,-1.2010883560067709e-146,-0.00012053718052157292,-0.14994213966882905
1770792138.9711587,1.2999999999997935,0.0,0.020000000000000007,1.2310198582863807,0.0,0.13999999999999996,0.0,-0.5,-0.3,-1.0559374850394445e-146,-7.18743147452893e-05,-0.14996892912920495
1770792139.3868089,1.2999999999997935,0.0,0.020000000000000007,1.2310198582863807,0.0,0.13999999999999996,0.0,-0.5,-0.3,-7.238682170601519e-147,-0.000125806344300169,-0.1499424900308054
1770792139.808445,1.2999999999997935,0.0,0.020000000000000007,1.2310198582863807,0.0,0.13999999999999996,0.0,-0.5,-0.3,-6.129559808463498e-147,-5.580469383561025e-05,-0.14997909781812865
1770792140.2229915,1.2999999999997935,0.0,0.020000000000000007,1.2310198582863807,0.0,0.13999999999999996,0.0,-0.5,-0.3,-4.7530812341058676e-147,5.1304460528383395e-05,-0.15003636314570057
1770792140.6510336,1.2999999999997935,0.0,0.020000000000000007,1.2310198582863807,0.0,0.13999999999999996,0.0,-0.5,-0.3,-3.175910734582063e-147,6.35492216503383e-05,-0.15003299908693737
1770792141.0678039,1.2999999999997935,0.0,0.020000000000000007,1.2310198582863807,0.0,0.13999999999999996,0.0,-0.5,-0.3,-2.4448628954844054e-147,5.7530567179667734e-05,-0.1500293671490369
1770792141.4910414,1.2999999999997935,0.0,0.020000000000000007,1.2310198582863807,0.0,0.13999999999999996,0.0,-0.5,-0.3,-2.3977517212686283e-147,6.889671571582046e-05,-0.15003558497271152
1770792141.9219358,1.2999999999997935,0.0,0.020000000000000007,1.2310198582863807,0.0,0.13999999999999996,0.0,-0.5,-0.3,-1.4475401986611444e-147,0.00015467682807624982,-0.15008591642527416
1770792142.3403945,1.2999999999997935,0.0,0.020000000000000007,1.2310198582863807,0.0,0.13999999999999996,0.0,-0.5,-0.3,-1.2493230128181699e-147,0.00012393575120888092,-0.15006504198329118
1770792142.7539995,1.2999999999997935,0.0,0.020000000000000007,1.2310198582863807,0.0,0.13999999999999996,0.0,-0.5,-0.3,-8.43374914230665e-148,0.0001258406198396221,-0.15006311079678286
1770792143.1678073,1.2999999999997935,0.0,0.020000000000000007,1.2310198582863807,0.0,0.13999999999999996,0.0,-0.5,-0.3,-7.720056496172725e-148,6.042023803788466e-05,-0.1500367521571991
1770792143.581106,1.2999999999997935,0.0,0.020000000000000007,1.2310198582863807,0.0,0.13999999999999996,0.0,-0.5,-0.3,-5.054191373854918e-148,-4.774231410459966e-06,-0.15000413233123958
1770792143.994633,1.2999999999997935,0.0,0.020000000000000007,1.2310198582863807,0.0,0.13999999999999996,0.0,-0.5,-0.3,-3.923089454368061e-148,-7.633736837042333e-05,-0.14996898762951077
1770792144.4217567,1.2999999999997935,0.0,0.020000000000000007,1.2310198582863807,0.0,0.13999999999999996,0.0,-0.5,-0.3,-3.2977941498553105e-148,-6.48828388170047e-05,-0.14996870403354684
1770792144.836126,1.2999999999997935,0.0,0.020000000000000007,1.2310198582863807,0.0,0.13999999999999996,0.0,-0.5,-0.3,-2.563412372536515e-148,-1.7366809002819768e-06,-0.15000544627534154
1770792145.26409,1.2999999999997935,0.0,0.020000000000000007,1.2310198582863807,0.0,0.13999999999999996,0.0,-0.5,-0.3,-1.7228667881075585e-148,-4.8423303060943196e-05,-0.1499804570106856
1770792145.6823437,1.2999999999997935,0.0,0.020000000000000007,1.2310198582863807,0.0,0.13999999999999996,0.0,-0.5,-0.3,-1.3338168360954925e-148,3.55217965142734e-05,-0.15002615540821465
1770792146.0980399,1.2999999999997935,0.0,0.020000000000000007,1.2310198582863807,0.0,0.13999999999999996,0.0,-0.5,-0.3,-1.1262689134237304e-148,9.529329241619702e-05,-0.15005362379579829
1770792146.5079489,1.2999999999997935,0.0,0.020000000000000007,1.2310198582863807,0.0,0.13999999999999996,0.0,-0.5,-0.3,-8.73522071471988e-149,0.00016390625905262,-0.15008881442618993
1770792146.9288595,1.2999999999997935,0.0,0.020000000000000007,1.2310198582863807,0.0,0.13999999999999996,0.0,-0.5,-0.3,-6.776174693878889e-149,0.00011170234719144462,-0.15006107156478182
1770792147.3509483,1.2999999999997935,0.0,0.020000000000000007,1.2310198582863807,0.0,0.13999999999999996,0.0,-0.5,-0.3,-4.555470271794262e-149,0.00010191215458366372,-0.1500519350965526
1770792147.7623775,1.2999999999997935,0.0,0.020000000000000007,1.2310198582863807,0.0,0.13999999999999996,0.0,-0.5,-0.3,-3.5338020407400073e-149,-1.8172780227131528e-05,-0.1500029221033675
1770792148.1777575,1.2999999999997935,0.0,0.020000000000000007,1.2310198582863807,0.0,0.13999999999999996,0.0,-0.5,-0.3,-2.7411929751504662e-149,-7.463630791523706e-05,-0.1499683281988112
1770792148.6098833,1.2999999999997935,0.0,0.020000000000000007,1.2310198582863807,0.0,0.13999999999999996,0.0,-0.5,-0.3,-2.2889302237323687e-149,-0.00013913576365298942,-0.14993688206374728
1770792149.0219276,1.2999999999997935,0.0,0.020000000000000007,1.2310198582863807,0.0,0.13999999999999996,0.0,-0.5,-0.3,-1.7581158221324939e-149,-1.1449072709120558e-05,-0.15000704413273983
1770792149.436609,1.2999999999997935,0.0,0.020000000000000007,1.2310198582863807,0.0,0.13999999999999996,0.0,-0.5,-0.3,-1.3805619242517805e-149,-3.5940245632561286e-05,-0.14998447899447603
1770792149.8611925,1.2999999999997935,0.0,0.020000000000000007,1.2310198582863807,0.0,0.13999999999999996,0.0,-0.5,-0.3,-9.35363878550938e-150,-9.038131294881126e-05,-0.1499602534502572
1770792150.2819467,1.2999999999997935,0.0,0.020000000000000007,1.2310198582863807,0.0,0.13999999999999996,0.0,-0.5,-0.3,-7.256151003266211e-150,-6.323977870186312e-05,-0.14997109426407376
1770792150.7079487,1.2999999999997935,0.0,0.020000000000000007,1.2310198582863807,0.0,0.13999999999999996,0.0,-0.5,-0.3,-6.05920068559879e-150,6.686045829668734e-06,-0.15001033560536797
1770792151.121791,1.2999999999997935,0.0,0.020000000000000007,1.2310198582863807,0.0,0.13999999999999996,0.0,-0.5,-0.3,-4.703707047836455e-150,7.866273936997559e-05,-0.150046529039039
1770792151.5490718,1.2999999999997935,0.0,0.020000000000000007,1.2310198582863807,0.0,0.13999999999999996,0.0,-0.5,-0.3,-3.1777949422019643e-150,7.477631830372983e-05,-0.1500377768012585
1770792151.9839244,1.2999999999997935,0.0,0.020000000000000007,1.2310198582863807,0.0,0.13999999999999996,0.0,-0.5,-0.3,-2.9119354644501596e-150,0.00014689024240846336,-0.15008065651361469
1770792152.4043226,1.2999999999997935,0.0,0.020000000000000007,1.2310198582863807,0.0,0.13999999999999996,0.0,-0.5,-0.3,-2.0562117332271125e-150,-1.4757642362695155e-05,-0.15000878596729575
1770792152.8228352,1.2999999999997935,0.0,0.020000000000000007,1.2310198582863807,0.0,0.13999999999999996,0.0,-0.5,-0.3,-1.5944252273730393e-150,-9.790760718776622e-05,-0.14995936119288863
1770792153.2361248,1.2999999999997935,0.0,0.020000000000000007,1.2310198582863807,0.0,0.13999999999999996,0.0,-0.5,-0.3,-1.2385125365877378e-150,-0.0001509392065188615,-0.14992983355667366
1770792153.6635478,1.2999999999997935,0.0,0.020000000000000007,1.2310198582863807,0.0,0.13999999999999996,0.0,-0.5,-0.3,-8.359326805568259e-151,-0.0002478745929211161,-0.14988575624217965
1770792154.0834856,1.2999999999997935,0.0,0.020000000000000007,1.2310198582863807,0.0,0.13999999999999996,0.0,-0.5,-0.3,-7.731644430394032e-151,-0.00029532924206472633,-0.149857080843882
1770792154.5029204,1.2999999999997935,0.0,0.020000000000000007,1.2310198582863807,0.0,0.13999999999999996,0.0,-0.5,-0.3,-5.4955705016014035e-151,-0.0002162866801088666,-0.14989976091614116
1770792154.9310179,1.2999999999997935,0.0,0.020000000000000007,1.2310198582863807,0.0,0.13999999999999996,0.0,-0.5,-0.3,-4.2722228006589675e-151,-0.00010559205367627016,-0.14995827343580512
1770792155.3465095,1.2999999999997935,0.0,0.020000000000000007,1.2310198582863807,0.0,0.13999999999999996,0.0,-0.5,-0.3,-2.867319875264017e-151,-7.015303820206469e-06,-0.1500063500230755
1770792155.7552974,1.2999999999997935,0.0,0.020000000000000007,1.2310198582863807,0.0,0.13999999999999996,0.0,-0.5,-0.3,-2.21647986553472e-151,-3.900677516411223e-05,-0.14998369575955234
1770792156.1733673,1.2999999999997935,0.0,0.020000000000000007,1.2310198582863807,0.0,0.13999999999999996,0.0,-0.5,-0.3,-1.7281641090152072e-151,-4.40810758714901e-05,-0.14997846689213498
1770792156.5952241,1.2999999999997935,0.0,0.020000000000000007,1.2310198582863807,0.0,0.13999999999999996,0.0,-0.5,-0.3,-1.4346977412898713e-151,2.834926708662519e-06,-0.15000610906361234
1770792157.0039182,1.2999999999997935,0.0,0.020000000000000007,1.2310198582863807,0.0,0.13999999999999996,0.0,-0.5,-0.3,-1.0149018673498457e-151,-1.5231216688878507e-06,-0.1499996742440033
1770792157.4166834,1.2999999999997935,0.0,0.020000000000000007,1.2310198582863807,0.0,0.13999999999999996,0.0,-0.5,-0.3,-7.87778088458267e-152,2.4169383980268803e-05,-0.15001465394255503
1770792157.8404744,1.2999999999997935,0.0,0.020000000000000007,1.2310198582863807,0.0,0.13999999999999996,0.0,-0.5,-0.3,-6.826956325410316e-152,7.012730022740208e-05,-0.15003965944173842
1770792158.252404,1.2999999999997935,0.0,0.020000000000000007,1.2310198582863807,0.0,0.13999999999999996,0.0,-0.5,-0.3,-5.454679316313937e-152,6.439737605549814e-06,-0.15000958862506497
1770792158.6690469,1.2999999999997935,0.0,0.020000000000000007,1.2310198582863807,0.0,0.13999999999999996,0.0,-0.5,-0.3,-3.5436255331423932e-152,-1.2910411224297615e-06,-0.15000012755731157
1770792159.1000001,1.2999999999997935,0.0,0.020000000000000007,1.2310198582863807,0.0,0.13999999999999996,0.0,-0.5,-0.3,-2.77805241908945e-152,-7.074035030324602e-05,-0.14997157475576645
1770792159.52384,1.2999999999997935,0.0,0.020000000000000007,1.2310198582863807,0.0,0.13999999999999996,0.0,-0.5,-0.3,-2.193813858931987e-152,-7.149168281450335e-05,-0.14996432929184386
1770792159.9405532,1.2999999999997935,0.0,0.020000000000000007,1.2310198582863807,0.0,0.13999999999999996,0.0,-0.5,-0.3,-1.812510413742448e-152,-0.00010390252472482213,-0.14995128982182862
1770792160.3573918,1.2999999999997935,0.0,0.020000000000000007,1.2310198582863807,0.0,0.13999999999999996,0.0,-0.5,-0.3,-1.450948729514522e-152,-5.874177475892539e-05,-0.14997514518761712
1770792160.7864435,1.2999999999997935,0.0,0.020000000000000007,1.2310198582863807,0.0,0.13999999999999996,0.0,-0.5,-0.3,-1.1248904482587887e-152,-3.5704283257175334e-06,-0.15000373192048044
1770792161.2043586,1.2999999999997935,0.0,0.020000000000000007,1.2310198582863807,0.0,0.13999999999999996,0.0,-0.5,-0.3,-7.920415898774458e-153,1.5152474383428195e-07,-0.15000044795767886
1770792161.635241,1.2999999999997935,0.0,0.020000000000000007,1.2310198582863807,0.0,0.13999999999999996,0.0,-0.5,-0.3,-6.210955305275967e-153,3.782386766608172e-05,-0.15002267916812526
1770792162.0612454,1.2999999999997935,0.0,0.020000000000000007,1.2310198582863807,0.0,0.13999999999999996,0.0,-0.5,-0.3,-4.114888761387887e-153,0.0001914536172286899,-0.1501110897835706
1770792162.4857962,1.2999999999997935,0.0,0.020000000000000007,1.2310198582863807,0.0,0.13999999999999996,0.0,-0.5,-0.3,-3.859821463411101e-153,0.0002395075986431325,-0.15012455919746298
1770792162.9055414,1.2999999999997935,0.0,0.020000000000000007,1.2310198582863807,0.0,0.13999999999999996,0.0,-0.5,-0.3,-2.589810012679568e-153,0.00020701246355317614,-0.1501067557452856
1770792163.319272,1.2999999999997935,0.0,0.020000000000000007,1.2310198582863807,0.0,0.13999999999999996,0.0,-0.5,-0.3,-2.0142378129101617e-153,0.0001235458027805975,-0.15007011956746757
1770792163.7311347,1.2999999999997935,0.0,0.020000000000000007,1.2310198582863807,0.0,0.13999999999999996,0.0,-0.5,-0.3,-1.4648831969571282e-153,0.0001230776528686993,-0.15006158564142552
1770792164.1441884,1.2999999999997935,0.0,0.020000000000000007,1.2310198582863807,0.0,0.13999999999999996,0.0,-0.5,-0.3,-1.1930474599841773e-153,1.2808144905163305e-06,-0.15001282009108308
1770792164.5660508,1.2999999999997935,0.0,0.020000000000000007,1.2310198582863807,0.0,0.13999999999999996,0.0,-0.5,-0.3,-8.441592312995391e-154,-0.00012055030320794606,-0.14995190796016586
1770792164.9924424,1.2999999999997935,0.0,0.020000000000000007,1.2310198582863807,0.0,0.13999999999999996,0.0,-0.5,-0.3,-6.553276795604027e-154,-6.0879233013157574e-05,-0.14997552749051288
1770792165.4267845,1.2999999999997935,0.0,0.020000000000000007,1.2310198582863807,0.0,0.13999999999999996,0.0,-0.5,-0.3,-5.3117310483648593e-154,-7.389583709710753e-05,-0.14996435374185985
1770792165.8457804,1.2999999999997935,0.0,0.020000000000000007,1.2310198582863807,0.0,0.13999999999999996,0.0,-0.5,-0.3,-3.70177771441668e-154,-0.00014953288660242604,-0.14993279726164932
1770792166.2558868,1.2999999999997935,0.0,0.020000000000000007,1.2310198582863807,0.0,0.13999999999999996,0.0,-0.5,-0.3,-2.870385388423475e-154,2.0840846036237457e-05,-0.150027457796282
1770792166.675636,1.2999999999997935,0.0,0.020000000000000007,1.2310198582863807,0.0,0.13999999999999996,0.0,-0.5,-0.3,-2.2304172515088623e-154,9.10029085772811e-05,-0.15005251766054273
1770792167.0959275,1.2999999999997935,0.0,0.020000000000000007,1.2310198582863807,0.0,0.13999999999999996,0.0,-0.5,-0.3,-1.7290128229856998e-154,0.00016695436847822168,-0.1500910723302292
1770792167.5085247,1.2999999999997935,0.0,0.020000000000000007,1.2310198582863807,0.0,0.13999999999999996,0.0,-0.5,-0.3,-1.3945121645864768e-154,6.387670194473207e-05,-0.1500422461176257
1770792167.9264002,1.2999999999997935,0.0,0.020000000000000007,1.2310198582863807,0.0,0.13999999999999996,0.0,-0.5,-0.3,-1.0953474088369828e-154,0.00010939803833442358,-0.1500592511528062
1770792168.3469007,1.2999999999997935,0.0,0.020000000000000007,1.2310198582863807,0.0,0.13999999999999996,0.0,-0.5,-0.3,-7.495786803114326e-155,-1.3825352521309341e-05,-0.1500054096628249
1770792168.76027,1.2999999999997935,0.0,0.020000000000000007,1.2310198582863807,0.0,0.13999999999999996,0.0,-0.5,-0.3,-5.876250249839229e-155,-0.0001156583529128407,-0.14995235412358274
1770792169.1844919,1.2999999999997935,0.0,0.020000000000000007,1.2310198582863807,0.0,0.13999999999999996,0.0,-0.5,-0.3,-4.557277874771535e-155,-0.0001606189474589837,-0.1499241865857251
1770792169.609466,1.2999999999997935,0.0,0.020000000000000007,1.2310198582863807,0.0,0.13999999999999996,0.0,-0.5,-0.3,-3.752077964553405e-155,-0.00014560435785518694,-0.14992869928003277
1770792170.0421684,1.2999999999997935,0.0,0.020000000000000007,1.2310198582863807,0.0,0.13999999999999996,0.0,-0.5,-0.3,-2.9122943115169605e-155,-0.00010266228839981958,-0.1499529630627456
1770792170.454905,1.2999999999997935,0.0,0.020000000000000007,1.2310198582863807,0.0,0.13999999999999996,0.0,-0.5,-0.3,-2.0111265313545463e-155,-0.0002242104014784098,-0.14990004961056866
1770792170.8725438,1.2999999999997935,0.0,0.020000000000000007,1.2310198582863807,0.0,0.13999999999999996,0.0,-0.5,-0.3,-1.5599747977127408e-155,-3.893508420382244e-05,-0.14999905998962554
1770792171.287196,1.2999999999997935,0.0,0.020000000000000007,1.2310198582863807,0.0,0.13999999999999996,0.0,-0.5,-0.3,-1.2114620459984572e-155,1.4790734899063877e-05,-0.15001276794935983
1770792171.7140386,1.2999999999997935,0.0,0.020000000000000007,1.2310198582863807,0.0,0.13999999999999996,0.0,-0.5,-0.3,-9.916714046296564e-156,4.583330211110186e-05,-0.15002602090777675
1770792172.1345675,1.2999999999997935,0.0,0.020000000000000007,1.2310198582863807,0.0,0.13999999999999996,0.0,-0.5,-0.3,-7.68916088875728e-156,2.4273136756312874e-05,-0.1500142925849136
1770792172.5503974,1.2999999999997935,0.0,0.020000000000000007,1.2310198582863807,0.0,0.13999999999999996,0.0,-0.5,-0.3,-5.29004906899268e-156,0.00013317644013632798,-0.15007747855040615
1770792172.962514,1.2999999999997935,0.0,0.020000000000000007,1.2310198582863807,0.0,0.13999999999999996,0.0,-0.5,-0.3,-4.125969338086823e-156,0.0002189130538237483,-0.15011803018828063
1770792173.3785539,1.2999999999997935,0.0,0.020000000000000007,1.2310198582863807,0.0,0.13999999999999996,0.0,-0.5,-0.3,-3.202295520290261e-156,0.00013719870812987236,-0.15007677078863432
1770792173.8083217,1.2999999999997935,0.0,0.020000000000000007,1.2310198582863807,0.0,0.13999999999999996,0.0,-0.5,-0.3,-2.4197839132027143e-156,0.000240897161769585,-0.15013081842624876
1770792174.2236652,1.2999999999997935,0.0,0.020000000000000007,1.2310198582863807,0.0,0.13999999999999996,0.0,-0.5,-0.3,-2.0386675820171184e-156,6.0602297873948963e-05,-0.15004833063532655
1770792174.6456041,1.2999999999997935,0.0,0.020000000000000007,1.2310198582863807,0.0,0.13999999999999996,0.0,-0.5,-0.3,-1.405742708312178e-156,-6.841725215379784e-06,-0.15000332353970125
1770792175.0611196,1.2999999999997935,0.0,0.020000000000000007,1.2310198582863807,0.0,0.13999999999999996,0.0,-0.5,-0.3,-1.0913184463300367e-156,-3.275819769785989e-05,-0.1499862125483993
1770792175.4841788,1.2999999999997935,0.0,0.020000000000000007,1.2310198582863807,0.0,0.13999999999999996,0.0,-0.5,-0.3,-8.462802593459651e-157,-7.326586086097153e-05,-0.14996741783588582
1770792175.9150586,1.2999999999997935,0.0,0.020000000000000007,1.2310198582863807,0.0,0.13999999999999996,0.0,-0.5,-0.3,-6.961145828850471e-157,-0.00018329299944254944,-0.14991935621413688
1770792176.337106,1.2999999999997935,0.0,0.020000000000000007,1.2310198582863807,0.0,0.13999999999999996,0.0,-0.5,-0.3,-5.384707848145061e-157,-0.00021725078119648965,-0.14989477038757715
1770792176.7594402,1.2999999999997935,0.0,0.020000000000000007,1.2310198582863807,0.0,0.13999999999999996,0.0,-0.5,-0.3,-4.560101948662096e-157,-8.79365629313104e-05,-0.14996896314036084
1770792177.1724062,1.2999999999997935,0.0,0.020000000000000007,1.2310198582863807,0.0,0.13999999999999996,0.0,-0.5,-0.3,-2.833190413942196e-157,-1.040041928088563e-06,-0.15000816963113628
1770792177.5926666,1.2999999999997935,0.0,0.020000000000000007,1.2310198582863807,0.0,0.13999999999999996,0.0,-0.5,-0.3,-2.2385216619684228e-157,2.563332910380032e-05,-0.1500154840016551
1770792178.006072,1.2999999999997935,0.0,0.020000000000000007,1.2310198582863807,0.0,0.13999999999999996,0.0,-0.5,-0.3,-1.844365993574105e-157,1.3249937771352137e-05,-0.1500078633080189
1770792178.4182298,1.2999999999997935,0.0,0.020000000000000007,1.2310198582863807,0.0,0.13999999999999996,0.0,-0.5,-0.3,-1.429660115502773e-157,1.7849082486301543e-05,-0.15000938445571466
1770792178.8422115,1.2999999999997935,0.0,0.020000000000000007,1.2310198582863807,0.0,0.13999999999999996,0.0,-0.5,-0.3,-1.119545099827492e-157,-2.431991214518727e-05,-0.14999205694339054
1770792179.2610266,1.2999999999997935,0.0,0.020000000000000007,1.2310198582863807,0.0,0.13999999999999996,0.0,-0.5,-0.3,-7.62538547783289e-158,7.212832472341162e-05,-0.15004570898604858
1770792179.6777706,1.2999999999997935,0.0,0.020000000000000007,1.2310198582863807,0.0,0.13999999999999996,0.0,-0.5,-0.3,-5.926244234951749e-158,-5.573991526966927e-05,-0.14998491686636445
1770792180.0938923,1.2999999999997935,0.0,0.020000000000000007,1.2310198582863807,0.0,0.13999999999999996,0.0,-0.5,-0.3,-4.5977338038852445e-158,-0.00014812045327024454,-0.14993517782716495
1770792180.5097694,1.2999999999997935,0.0,0.020000000000000007,1.2310198582863807,0.0,0.13999999999999996,0.0,-0.5,-0.3,-3.9055045666796e-158,-0.00021612748193121806,-0.14989873696190048
1770792180.9251194,1.2999999999997935,0.0,0.020000000000000007,1.2310198582863807,0.0,0.13999999999999996,0.0,-0.5,-0.3,-3.0283872047826174e-158,-0.00017390985483707757,-0.14991726683529089
1770792181.3370273,1.2999999999997935,0.0,0.020000000000000007,1.2310198582863807,0.0,0.13999999999999996,0.0,-0.5,-0.3,-2.3498015644520862e-158,-0.00010820283862644673,-0.14995246928230782
1770792181.7529812,1.2999999999997935,0.0,0.020000000000000007,1.2310198582863807,0.0,0.13999999999999996,0.0,-0.5,-0.3,-1.5529056474702988e-158,-0.00018976804486630944,-0.14991327249819084
1770792182.1734614,1.2999999999997935,0.0,0.020000000000000007,1.2310198582863807,0.0,0.13999999999999996,0.0,-0.5,-0.3,-1.2146016856239342e-158,-7.301786780703613e-05,-0.1499751660838024
1770792182.5930643,1.2999999999997935,0.0,0.020000000000000007,1.2310198582863807,0.0,0.13999999999999996,0.0,-0.5,-0.3,-1.186299521378501e-158,-7.736807164563763e-06,-0.15000265970248197
1770792183.0248632,1.2999999999997935,0.0,0.020000000000000007,1.2310198582863807,0.0,0.13999999999999996,0.0,-0.5,-0.3,-7.974091947826295e-159,1.0880871535948461e-05,-0.15000730220363803
1770792183.4369936,1.2999999999997935,0.0,0.020000000000000007,1.2310198582863807,0.0,0.13999999999999996,0.0,-0.5,-0.3,-6.179323084601075e-159,-4.421518737008369e-05,-0.14998340201220556
1770792183.8568084,1.2999999999997935,0.0,0.020000000000000007,1.2310198582863807,0.0,0.13999999999999996,0.0,-0.5,-0.3,-4.126070709074942e-159,3.910100173781486e-06,-0.15000676757884127
1770792184.2765932,1.2999999999997935,0.0,0.020000000000000007,1.2310198582863807,0.0,0.13999999999999996,0.0,-0.5,-0.3,-3.2119034784989317e-159,9.050377671459219e-05,-0.15005391125601136
1770792184.689762,1.2999999999997935,0.0,0.020000000000000007,1.2310198582863807,0.0,0.13999999999999996,0.0,-0.5,-0.3,-3.1297696944787947e-159,3.703552249035109e-05,-0.15002386458666758
1770792185.1098595,1.2999999999997935,0.0,0.020000000000000007,1.2310198582863807,0.0,0.13999999999999996,0.0,-0.5,-0.3,-2.1037383405566231e-159,-4.5147309316091336e-05,-0.1499856446285226
1770792185.5231302,1.2999999999997935,0.0,0.020000000000000007,1.2310198582863807,0.0,0.13999999999999996,0.0,-0.5,-0.3,-1.5383374047470828e-159,-0.00010015854790564193,-0.14995542184990612
1770792185.9516952,1.2999999999997935,0.0,0.020000000000000007,1.2310198582863807,0.0,0.13999999999999996,0.0,-0.5,-0.3,-1.262295847128818e-159,-0.00019150962638315295,-0.14991338029465617
1770792186.3718915,1.2999999999997935,0.0,0.020000000000000007,1.2310198582863807,0.0,0.13999999999999996,0.0,-0.5,-0.3,-8.493163372732324e-160,-0.0003303143117011172,-0.14984872331268123
1770792186.794557,1.2999999999997935,0.0,0.020000000000000007,1.2310198582863807,0.0,0.13999999999999996,0.0,-0.5,-0.3,-7.145867360806611e-160,-0.0002106897925035758,-0.14990661755566798
1770792187.2126994,1.2999999999997935,0.0,0.020000000000000007,1.2310198582863807,0.0,0.13999999999999996,0.0,-0.5,-0.3,-5.540501064359945e-160,-0.00014761049148486664,-0.14993250268435943
1770792187.6282783,1.2999999999997935,0.0,0.020000000000000007,1.2310198582863807,0.0,0.13999999999999996,0.0,-0.5,-0.3,-4.2962640187759917e-160,-0.00014548919356541936,-0.14992746753300923
1770792188.0417755,1.2999999999997935,0.0,0.020000000000000007,1.2310198582863807,0.0,0.13999999999999996,0.0,-0.5,-0.3,-3.3290547187312246e-160,-5.36472556089157e-05,-0.14998236056599118
1770792188.4592285,1.2999999999997935,0.0,0.020000000000000007,1.2310198582863807,0.0,0.13999999999999996,0.0,-0.5,-0.3,-2.245373253330894e-160,8.227475848093513e-05,-0.15005472958064944
1770792188.8777068,1.2999999999997935,0.0,0.020000000000000007,1.2310198582863807,0.0,0.13999999999999996,0.0,-0.5,-0.3,-1.7427033397827967e-160,9.593954526053978e-05,-0.15004933625130823
1770792189.292652,1.2999999999997935,0.0,0.020000000000000007,1.2310198582863807,0.0,0.13999999999999996,0.0,-0.5,-0.3,-1.3602518343327961e-160,3.113233314352539e-06,-0.1500108392478518
1770792189.7101727,1.2999999999997935,0.0,0.020000000000000007,1.2310198582863807,0.0,0.13999999999999996,0.0,-0.5,-0.3,-1.1425756841915775e-160,-6.210009103315454e-05,-0.14997547128691818
1770792190.1258974,1.2999999999997935,0.0,0.020000000000000007,1.2310198582863807,0.0,0.13999999999999996,0.0,-0.5,-0.3,-8.875169004859472e-161,-0.00018851232170620817,-0.1499183850622142
1770792190.5409977,1.2999999999997935,0.0,0.020000000000000007,1.2310198582863807,0.0,0.13999999999999996,0.0,-0.5,-0.3,-6.7890767186043384e-161,-0.00011156376357252075,-0.1499519129740271
1770792190.956545,1.2999999999997935,0.0,0.020000000000000007,1.2310198582863807,0.0,0.13999999999999996,0.0,-0.5,-0.3,-4.6129816985233644e-161,-0.0001371592750086139,-0.1499339799136393
1770792191.3820877,1.2999999999997935,0.0,0.020000000000000007,1.2310198582863807,0.0,0.13999999999999996,0.0,-0.5,-0.3,-3.576153134532532e-161,-0.00010465708979602275,-0.14995092167362326
1770792191.804505,1.2999999999997935,0.0,0.020000000000000007,1.2310198582863807,0.0,0.13999999999999996,0.0,-0.5,-0.3,-3.023256560001909e-161,-6.216781567881113e-05,-0.1499731650195723
1770792192.213218,1.2999999999997935,0.0,0.020000000000000007,1.2310198582863807,0.0,0.13999999999999996,0.0,-0.5,-0.3,-2.3459393327553076e-161,-8.31317917296448e-05,-0.14996053050174027
1770792192.6295652,1.2999999999997935,0.0,0.020000000000000007,1.2310198582863807,0.0,0.13999999999999996,0.0,-0.5,-0.3,-1.761150945926395e-161,9.492651446593671e-05,-0.1500652690878525
1770792193.062469,1.2999999999997935,0.0,0.020000000000000007,1.2310198582863807,0.0,0.13999999999999996,0.0,-0.5,-0.3,-1.2180918703069382e-161,0.00015430537546469008,-0.1500830905738322
1770792193.4784603,1.2999999999997935,0.0,0.020000000000000007,1.2310198582863807,0.0,0.13999999999999996,0.0,-0.5,-0.3,-9.456091219301844e-162,0.00013681565133883452,-0.150070156798082
1770792193.8925147,1.2999999999997935,0.0,0.020000000000000007,1.2310198582863807,0.0,0.13999999999999996,0.0,-0.5,-0.3,-8.726254234526563e-162,0.00011192784883705357,-0.1500584527046687
1770792194.308133,1.2999999999997935,0.0,0.020000000000000007,1.2310198582863807,0.0,0.13999999999999996,0.0,-0.5,-0.3,-6.160738661296336e-162,0.00018427934148259367,-0.15009937482000585
1770792194.7348356,1.2999999999997935,0.0,0.020000000000000007,1.2310198582863807,0.0,0.13999999999999996,0.0,-0.5,-0.3,-4.79092319951615e-162,0.0001282920513868864,-0.150069744754703
1770792195.1511521,1.2999999999997935,0.0,0.020000000000000007,1.2310198582863807,0.0,0.13999999999999996,0.0,-0.5,-0.3,-3.1875013650840354e-162,7.37669790587524e-05,-0.15004233599676217
1770792195.5708644,1.2999999999997935,0.0,0.020000000000000007,1.2310198582863807,0.0,0.13999999999999996,0.0,-0.5,-0.3,-2.499222117292484e-162,-3.930421977317065e-06,-0.15000580452911494
1770792195.998453,1.2999999999997935,0.0,0.020000000000000007,1.2310198582863807,0.0,0.13999999999999996,0.0,-0.5,-0.3,-2.006355928845667e-162,-7.46881246945508e-06,-0.1499966194328145
1770792196.4234314,1.2999999999997935,0.0,0.020000000000000007,1.2310198582863807,0.0,0.13999999999999996,0.0,-0.5,-0.3,-1.5482155458313914e-162,-5.668987062791171e-05,-0.1499765771705019
1770792196.8370557,1.2999999999997935,0.0,0.020000000000000007,1.2310198582863807,0.0,0.13999999999999996,0.0,-0.5,-0.3,-1.2839640526230522e-162,5.167829566905709e-05,-0.1500366759644642
1770792197.254588,1.2999999999997935,0.0,0.020000000000000007,1.2310198582863807,0.0,0.13999999999999996,0.0,-0.5,-0.3,-1.0272253581865054e-162,9.378264628493406e-05,-0.15005110175820405
1770792197.6882126,1.2999999999997935,0.0,0.020000000000000007,1.2310198582863807,0.0,0.13999999999999996,0.0,-0.5,-0.3,-6.643315304850416e-163,6.897430318166328e-05,-0.15003696798590113
1770792198.1111925,1.2999999999997935,0.0,0.020000000000000007,1.2310198582863807,0.0,0.13999999999999996,0.0,-0.5,-0.3,-5.632406235203694e-163,0.00017611030516326455,-0.1500987687527798
1770792198.5219579,1.2999999999997935,0.0,0.020000000000000007,1.2310198582863807,0.0,0.13999999999999996,0.0,-0.5,-0.3,-4.3711540452667094e-163,0.00010438621594018209,-0.1500593655168924
1770792198.957598,1.2999999999997935,0.0,0.020000000000000007,1.2310198582863807,0.0,0.13999999999999996,0.0,-0.5,-0.3,-2.90350520803344e-163,0.00018044024095363942,-0.15009782552297818
1770792199.3679497,1.2999999999997935,0.0,0.020000000000000007,1.2310198582863807,0.0,0.13999999999999996,0.0,-0.5,-0.3,-2.2078765705770873e-163,0.00023785362479051295,-0.15012466815077893
1770792199.7830288,1.2999999999997935,0.0,0.020000000000000007,1.2310198582863807,0.0,0.13999999999999996,0.0,-0.5,-0.3,-1.7458816606362657e-163,0.00023635372929631964,-0.15011832685419757
1770792200.1971347,1.2999999999997935,0.0,0.020000000000000007,1.2310198582863807,0.0,0.13999999999999996,0.0,-0.5,-0.3,-1.3566195971762382e-163,0.00020610431022871658,-0.15010607709702112
1770792200.6214285,1.2999999999997935,0.0,0.020000000000000007,1.2310198582863807,0.0,0.13999999999999996,0.0,-0.5,-0.3,-1.0904014672470939e-163,0.00010077424511191451,-0.15006092012906763
1770792201.0524511,1.2999999999997935,0.0,0.020000000000000007,1.2310198582863807,0.0,0.13999999999999996,0.0,-0.5,-0.3,-7.654167798151029e-164,2.8941129848794233e-05,-0.1500216538764507
1770792201.476656,1.2999999999997935,0.0,0.020000000000000007,1.2310198582863807,0.0,0.13999999999999996,0.0,-0.5,-0.3,-5.952191558241123e-164,1.315005691298371e-05,-0.15000815413575008
1770792201.8999112,1.2999999999997935,0.0,0.020000000000000007,1.2310198582863807,0.0,0.13999999999999996,0.0,-0.5,-0.3,-4.6170842350495816e-164,-3.30217163582271e-05,-0.149988106319148
1770792202.3419397,1.2999999999997935,0.0,0.020000000000000007,1.2310198582863807,0.0,0.13999999999999996,0.0,-0.5,-0.3,-3.752391954553732e-164,-4.2940755657189605e-05,-0.1499795215261013
1770792202.7566547,1.2999999999997935,0.0,0.020000000000000007,1.2310198582863807,0.0,0.13999999999999996,0.0,-0.5,-0.3,-2.6119436331733667e-164,-8.655532759468368e-05,-0.1499610837933964
1770792203.1697037,1.2999999999997935,0.0,0.020000000000000007,1.2310198582863807,0.0,0.13999999999999996,0.0,-0.5,-0.3,-2.0289005481872895e-164,3.4486627052240516e-05,-0.1500293475089908
1770792203.5839503,1.2999999999997935,0.0,0.020000000000000007,1.2310198582863807,0.0,0.13999999999999996,0.0,-0.5,-0.3,-1.571634729320064e-164,6.79482212895291e-05,-0.1500373202700685
1770792203.9964116,1.2999999999997935,0.0,0.020000000000000007,1.2310198582863807,0.0,0.13999999999999996,0.0,-0.5,-0.3,-1.2673451818660302e-164,4.790518117715709e-06,-0.15000871102937602
1770792204.4091547,1.2999999999997935,0.0,0.020000000000000007,1.2310198582863807,0.0,0.13999999999999996,0.0,-0.5,-0.3,-9.865977145495012e-165,4.2402185467352346e-06,-0.15000217513923045
1770792204.8254955,1.2999999999997935,0.0,0.020000000000000007,1.2310198582863807,0.0,0.13999999999999996,0.0,-0.5,-0.3,-7.697561143470321e-165,4.624205169323249e-05,-0.15002732120916126
1770792205.2554672,1.2999999999997935,0.0,0.020000000000000007,1.2310198582863807,0.0,0.13999999999999996,0.0,-0.5,-0.3,-5.368702611033342e-165,9.564164987093193e-05,-0.15005276078475321
1770792205.6660628,1.2999999999997935,0.0,0.020000000000000007,1.2310198582863807,0.0,0.13999999999999996,0.0,-0.5,-0.3,-4.1619828629887787e-165,1.301644439388783e-05,-0.15001477074274464
1770792206.0773606,1.2999999999997935,0.0,0.020000000000000007,1.2310198582863807,0.0,0.13999999999999996,0.0,-0.5,-0.3,-3.2300281822377835e-165,-6.1027691253493767e-05,-0.14997689056793798
1770792206.4897642,1.2999999999997935,0.0,0.020000000000000007,1.2310198582863807,0.0,0.13999999999999996,0.0,-0.5,-0.3,-2.5049848369013894e-165,-2.7468258122119496e-05,-0.14998962181425207
1770792206.9152207,1.2999999999997935,0.0,0.020000000000000007,1.2310198582863807,0.0,0.13999999999999996,0.0,-0.5,-0.3,-2.0442444642029759e-165,-0.00017604891278011304,-0.14992683360907574
1770792207.333956,1.2999999999997935,0.0,0.020000000000000007,1.2310198582863807,0.0,0.13999999999999996,0.0,-0.5,-0.3,-1.5870274632097033e-165,-0.0001590669365978783,-0.14992216472931927
1770792207.7486935,1.2999999999997935,0.0,0.020000000000000007,1.2310198582863807,0.0,0.13999999999999996,0.0,-0.5,-0.3,-1.1004179733660355e-165,-0.00018185517728757923,-0.14991135123542518
1770792208.1634007,1.2999999999997935,0.0,0.020000000000000007,1.2310198582863807,0.0,0.13999999999999996,0.0,-0.5,-0.3,-8.535046165339168e-166,-0.000224061366046795,-0.14989218993585252
1770792208.589892,1.2999999999997935,0.0,0.020000000000000007,1.2310198582863807,0.0,0.13999999999999996,0.0,-0.5,-0.3,-8.060932900225605e-166,-0.00011212326888017741,-0.1499551321752766
1770792209.007907,1.2999999999997935,0.0,0.020000000000000007,1.2310198582863807,0.0,0.13999999999999996,0.0,-0.5,-0.3,-5.4047697675372087e-166,-3.27734988601928e-05,-0.14999154822757188
1770792209.4212124,1.2999999999997935,0.0,0.020000000000000007,1.2310198582863807,0.0,0.13999999999999996,0.0,-0.5,-0.3,-4.2029021691625396e-166,2.982686186993008e-05,-0.15002117346700797
1770792209.8392673,1.2999999999997935,0.0,0.020000000000000007,1.2310198582863807,0.0,0.13999999999999996,0.0,-0.5,-0.3,-3.2530546522863315e-166,2.406738578024658e-05,-0.1500126096404991
1770792210.2540603,1.2999999999997935,0.0,0.020000000000000007,1.2310198582863807,0.0,0.13999999999999996,0.0,-0.5,-0.3,-2.251589449013606e-166,1.1439828754669878e-05,-0.1500069826700799
1770792210.6666887,1.2999999999997935,0.0,0.020000000000000007,1.2310198582863807,0.0,0.13999999999999996,0.0,-0.5,-0.3,-1.7518469192792953e-166,9.110951724909142e-05,-0.150053521727474
1770792211.0813963,1.2999999999997935,0.0,0.020000000000000007,1.2310198582863807,0.0,0.13999999999999996,0.0,-0.5,-0.3,-1.3594097739553657e-166,1.8288867509361952e-05,-0.15001642649872865
1770792211.4966607,1.2999999999997935,0.0,0.020000000000000007,1.2310198582863807,0.0,0.13999999999999996,0.0,-0.5,-0.3,-1.0512467910260081e-166,-9.686882501439776e-05,-0.14996308135674516
1770792211.9112518,1.2999999999997935,0.0,0.020000000000000007,1.2310198582863807,0.0,0.13999999999999996,0.0,-0.5,-0.3,-8.688818104042205e-167,-0.00025316562651950047,-0.14988904686689075
1770792212.326567,1.2999999999997935,0.0,0.020000000000000007,1.2310198582863807,0.0,0.13999999999999996,0.0,-0.5,-0.3,-6.759122186512097e-167,-0.0002700656180436989,-0.14986665719013056
1770792212.7472675,1.2999999999997935,0.0,0.020000000000000007,1.2310198582863807,0.0,0.13999999999999996,0.0,-0.5,-0.3,-4.631623152733223e-167,-0.00022738286148831188,-0.14989057684491136
1770792213.1601632,1.2999999999997935,0.0,0.020000000000000007,1.2310198582863807,0.0,0.13999999999999996,0.0,-0.5,-0.3,-3.595769900223485e-167,-4.165412564160426e-05,-0.14999774581076386
1770792213.5902448,1.2999999999997935,0.0,0.020000000000000007,1.2310198582863807,0.0,0.13999999999999996,0.0,-0.5,-0.3,-3.5356975878074234e-167,-8.09818040760879e-05,-0.1499634418658054
1770792214.0219457,1.2999999999997935,0.0,0.020000000000000007,1.2310198582863807,0.0,0.13999999999999996,0.0,-0.5,-0.3,-2.3864940558646175e-167,-6.657593967409978e-06,-0.15000410362402716
1770792214.4399972,1.2999999999997935,0.0,0.020000000000000007,1.2310198582863807,0.0,0.13999999999999996,0.0,-0.5,-0.3,-1.847248996684668e-167,3.115585745059051e-05,-0.15001935927386711
1770792214.8585923,1.2999999999997935,0.0,0.020000000000000007,1.2310198582863807,0.0,0.13999999999999996,0.0,-0.5,-0.3,-1.2282014817425829e-167,0.00018580185275773013,-0.1501083655259096
1770792215.276747,1.2999999999997935,0.0,0.020000000000000007,1.2310198582863807,0.0,0.13999999999999996,0.0,-0.5,-0.3,-1.0811792465126819e-167,0.00011977479912147424,-0.15006649010492434
1770792215.7030785,1.2999999999997935,0.0,0.020000000000000007,1.2310198582863807,0.0,0.13999999999999996,0.0,-0.5,-0.3,-8.0968361691231845e-168,9.182378672783386e-05,-0.1500487069946033
1770792216.1295815,1.2999999999997935,0.0,0.020000000000000007,1.2310198582863807,0.0,0.13999999999999996,0.0,-0.5,-0.3,-6.257382224716245e-168,6.395358942128477e-05,-0.1500347638144413
1770792216.545682,1.2999999999997935,0.0,0.020000000000000007,1.2310198582863807,0.0,0.13999999999999996,0.0,-0.5,-0.3,-4.1761474113207867e-168,-2.4866322644014423e-05,-0.1499964488298845
1770792216.960303,1.2999999999997935,0.0,0.020000000000000007,1.2310198582863807,0.0,0.13999999999999996,0.0,-0.5,-0.3,-3.239214535390336e-168,-8.905056647874105e-05,-0.1499618931411441
1770792217.3825097,1.2999999999997935,0.0,0.020000000000000007,1.2310198582863807,0.0,0.13999999999999996,0.0,-0.5,-0.3,-3.1654144019336804e-168,-0.00017428523392085536,-0.14992138084978376
1770792217.797512,1.2999999999997935,0.0,0.020000000000000007,1.2310198582863807,0.0,0.13999999999999996,0.0,-0.5,-0.3,-2.1324906114875987e-168,-9.839733581906178e-05,-0.14995839012190065
1770792218.2189357,1.2999999999997935,0.0,0.020000000000000007,1.2310198582863807,0.0,0.13999999999999996,0.0,-0.5,-0.3,-1.6527651594679993e-168,2.6991633832189482e-05,-0.1500260347138812
1770792218.6520388,1.2999999999997935,0.0,0.020000000000000007,1.2310198582863807,0.0,0.13999999999999996,0.0,-0.5,-0.3,-1.1036973978611196e-168,-3.380223961098447e-05,-0.14998917826753883
1770792219.0615432,1.2999999999997935,0.0,0.020000000000000007,1.2310198582863807,0.0,0.13999999999999996,0.0,-0.5,-0.3,-8.565151641531314e-169,0.00011155026488823556,-0.15007031038289403
1770792219.4783866,1.2999999999997935,0.0,0.020000000000000007,1.2310198582863807,0.0,0.13999999999999996,0.0,-0.5,-0.3,-6.653633701610063e-169,0.00015092727054273112,-0.1500794013358368
1770792219.893254,1.2999999999997935,0.0,0.020000000000000007,1.2310198582863807,0.0,0.13999999999999996,0.0,-0.5,-0.3,-5.183889380408652e-169,0.00020748647764243317,-0.1501093991595312
1770792220.3061578,1.2999999999997935,0.0,0.020000000000000007,1.2310198582863807,0.0,0.13999999999999996,0.0,-0.5,-0.3,-4.3894801751025216e-169,0.00023000320957244872,-0.15011725327797923
1770792220.736826,1.2999999999997935,0.0,0.020000000000000007,1.2310198582863807,0.0,0.13999999999999996,0.0,-0.5,-0.3,-3.4098180918280454e-169,0.0002615410129593361,-0.15013392428681835
1770792221.1567621,1.2999999999997935,0.0,0.020000000000000007,1.2310198582863807,0.0,0.13999999999999996,0.0,-0.5,-0.3,-2.2566942267020528e-169,0.00011735644552173844,-0.15007309667950464
1770792221.5814967,1.2999999999997935,0.0,0.020000000000000007,1.2310198582863807,0.0,0.13999999999999996,0.0,-0.5,-0.3,-1.755551008639137e-169,8.848105747416443e-05,-0.15004712806754184
1770792221.9942849,1.2999999999997935,0.0,0.020000000000000007,1.2310198582863807,0.0,0.13999999999999996,0.0,-0.5,-0.3,-1.3590130990677345e-169,5.9537391249842856e-05,-0.15003266306224736
1770792222.4137785,1.2999999999997935,0.0,0.020000000000000007,1.2310198582863807,0.0,0.13999999999999996,0.0,-0.5,-0.3,-1.0324424238962765e-169,-1.1880121079087513e-05,-0.15000120169069334
1770792222.839986,1.2999999999997935,0.0,0.020000000000000007,1.2310198582863807,0.0,0.13999999999999996,0.0,-0.5,-0.3,-8.936897781578173e-170,-0.00016064106330568827,-0.1499345555625698
1770792223.259802,1.2999999999997935,0.0,0.020000000000000007,1.2310198582863807,0.0,0.13999999999999996,0.0,-0.5,-0.3,-5.987583787871864e-170,-0.00014976012729073077,-0.14992620802995613
1770792223.6776876,1.2999999999997935,0.0,0.020000000000000007,1.2310198582863807,0.0,0.13999999999999996,0.0,-0.5,-0.3,-4.645728993263021e-170,-0.00012834501588523676,-0.14993796900319795
1770792224.099824,1.2999999999997935,0.0,0.020000000000000007,1.2310198582863807,0.0,0.13999999999999996,0.0,-0.5,-0.3,-3.896233404513983e-170,-0.0001758901906949934,-0.14991680942213348
1770792224.514724,1.2999999999997935,0.0,0.020000000000000007,1.2310198582863807,0.0,0.13999999999999996,0.0,-0.5,-0.3,-3.01674826502219e-170,-0.00014547364868105594,-0.14993030482986086
1770792224.9350233,1.2999999999997935,0.0,0.020000000000000007,1.2310198582863807,0.0,0.13999999999999996,0.0,-0.5,-0.3,-2.349406627864283e-170,-0.0001578913022805288,-0.14992229611421967
1770792225.3608146,1.2999999999997935,0.0,0.020000000000000007,1.2310198582863807,0.0,0.13999999999999996,0.0,-0.5,-0.3,-1.583161087362209e-170,-3.988534451633548e-05,-0.14999185792351824
1770792225.7769454,1.2999999999997935,0.0,0.020000000000000007,1.2310198582863807,0.0,0.13999999999999996,0.0,-0.5,-0.3,-1.2266727495065463e-170,-2.7469005852627062e-05,-0.14998750713094003
1770792226.1981385,1.2999999999997935,0.0,0.020000000000000007,1.2310198582863807,0.0,0.13999999999999996,0.0,-0.5,-0.3,-9.766789136192514e-171,-9.57406997058677e-06,-0.1499970024586029
1770792226.622506,1.2999999999997935,0.0,0.020000000000000007,1.2310198582863807,0.0,0.13999999999999996,0.0,-0.5,-0.3,-8.041850381381302e-171,2.749120217659551e-05,-0.150017452128303
1770792227.0578187,1.2999999999997935,0.0,0.020000000000000007,1.2310198582863807,0.0,0.13999999999999996,0.0,-0.5,-0.3,-6.416387959413981e-171,-5.2969480181241625e-05,-0.14998156132814516
1770792227.468959,1.2999999999997935,0.0,0.020000000000000007,1.2310198582863807,0.0,0.13999999999999996,0.0,-0.5,-0.3,-4.924575157933777e-171,-6.037988926212371e-05,-0.14997055109627702
1770792227.886674,1.2999999999997935,0.0,0.020000000000000007,1.2310198582863807,0.0,0.13999999999999996,0.0,-0.5,-0.3,-3.2308048709125575e-171,-2.6057055178586806e-05,-0.14999040375581904
1770792228.3014855,1.2999999999997935,0.0,0.020000000000000007,1.2310198582863807,0.0,0.13999999999999996,0.0,-0.5,-0.3,-2.7300081559947793e-171,-1.588692189494228e-05,-0.14999307355238087
1770792228.718225,1.2999999999997935,0.0,0.020000000000000007,1.2310198582863807,0.0,0.13999999999999996,0.0,-0.5,-0.3,-2.1090182213179927e-171,-0.0001162478021990052,-0.1499519121869309
1770792229.1421256,1.2999999999997935,0.0,0.020000000000000007,1.2310198582863807,0.0,0.13999999999999996,0.0,-0.5,-0.3,-1.6507292635139814e-171,-2.9424932605334485e-06,-0.15000985928426358
1770792229.5653195,1.2999999999997935,0.0,0.020000000000000007,1.2310198582863807,0.0,0.13999999999999996,0.0,-0.5,-0.3,-1.1052828957546537e-171,3.541803353388816e-05,-0.1500215450694464
1770792229.9933717,1.2999999999997935,0.0,0.020000000000000007,1.2310198582863807,0.0,0.13999999999999996,0.0,-0.5,-0.3,-8.5903541178562e-172,4.7612230613672924e-05,-0.15002502553501482
1770792230.4144495,1.2999999999997935,0.0,0.020000000000000007,1.2310198582863807,0.0,0.13999999999999996,0.0,-0.5,-0.3,-7.297659998424519e-172,9.076646102046684e-05,-0.15004969865355092
1770792230.8354049,1.2999999999997935,0.0,0.020000000000000007,1.2310198582863807,0.0,0.13999999999999996,0.0,-0.5,-0.3,-5.612603605980927e-172,0.000151397283314722,-0.15008176172388676
1770792231.258832,1.2999999999997935,0.0,0.020000000000000007,1.2310198582863807,0.0,0.13999999999999996,0.0,-0.5,-0.3,-3.769554979435823e-172,0.00015071416403416096,-0.15007542539394514
1770792231.6829016,1.2999999999997935,0.0,0.020000000000000007,1.2310198582863807,0.0,0.13999999999999996,0.0,-0.5,-0.3,-2.9205672858671697e-172,9.847884731032446e-05,-0.15005446295532754
1770792232.1035266,1.2999999999997935,0.0,0.020000000000000007,1.2310198582863807,0.0,0.13999999999999996,0.0,-0.5,-0.3,-2.4770616809121205e-172,6.200586939489688e-05,-0.150034650232489
1770792232.5209453,1.2999999999997935,0.0,0.020000000000000007,1.2310198582863807,0.0,0.13999999999999996,0.0,-0.5,-0.3,-1.8125414355749348e-172,7.1381477160625e-06,-0.15000905584602592
1770792232.9348083,1.2999999999997935,0.0,0.020000000000000007,1.2310198582863807,0.0,0.13999999999999996,0.0,-0.5,-0.3,-1.4871237779654868e-172,-1.0773483917763906e-05,-0.1499964044212045
1770792233.3651056,1.2999999999997935,0.0,0.020000000000000007,1.2310198582863807,0.0,0.13999999999999996,0.0,-0.5,-0.3,-1.127190915314547e-172,-2.0408850630036988e-05,-0.1499907591113562
1770792233.7960806,1.2999999999997935,0.0,0.020000000000000007,1.2310198582863807,0.0,0.13999999999999996,0.0,-0.5,-0.3,-8.416505007436457e-173,-0.0001029134800419846,-0.1499567937229202
1770792234.2058225,1.2999999999997935,0.0,0.020000000000000007,1.2310198582863807,0.0,0.13999999999999996,0.0,-0.5,-0.3,-6.486604978900791e-173,-6.232820961381191e-05,-0.1499728944222359
1770792234.620069,1.2999999999997935,0.0,0.020000000000000007,1.2310198582863807,0.0,0.13999999999999996,0.0,-0.5,-0.3,-5.0613560510230406e-173,-8.454594409605825e-05,-0.14995994880140018
1770792235.0484283,1.2999999999997935,0.0,0.020000000000000007,1.2310198582863807,0.0,0.13999999999999996,0.0,-0.5,-0.3,-3.3950666510113964e-173,1.4866427474804321e-05,-0.15001737445089447
1770792235.4627008,1.2999999999997935,0.0,0.020000000000000007,1.2310198582863807,0.0,0.13999999999999996,0.0,-0.5,-0.3,-2.6339186626011253e-173,8.321337014298347e-05,-0.15004844137933832
1770792235.8779001,1.2999999999997935,0.0,0.020000000000000007,1.2310198582863807,0.0,0.13999999999999996,0.0,-0.5,-0.3,-2.044003524858407e-173,-6.116098401371572e-05,-0.14998385694340882
1770792236.2901893,1.2999999999997935,0.0,0.020000000000000007,1.2310198582863807,0.0,0.13999999999999996,0.0,-0.5,-0.3,-1.5877028075708206e-173,-5.382715326463537e-05,-0.1499738198064426
1770792236.7112591,1.2999999999997935,0.0,0.020000000000000007,1.2310198582863807,0.0,0.13999999999999996,0.0,-0.5,-0.3,-1.2539736457740346e-173,-2.9558854032170406e-05,-0.14998764740290715
1770792237.1265228,1.2999999999997935,0.0,0.020000000000000007,1.2310198582863807,0.0,0.13999999999999996,0.0,-0.5,-0.3,-9.834010184635114e-174,-8.170044853193746e-05,-0.149964363935184
1770792237.5409715,1.2999999999997935,0.0,0.020000000000000007,1.2310198582863807,0.0,0.13999999999999996,0.0,-0.5,-0.3,-7.6349009125373245e-174,-0.00011850123267622733,-0.1499444294620763
1770792237.9596345,1.2999999999997935,0.0,0.020000000000000007,1.2310198582863807,0.0,0.13999999999999996,0.0,-0.5,-0.3,-5.407364598876875e-174,-7.534912900789699e-05,-0.14996664064586288
1770792238.3902905,1.2999999999997935,0.0,0.020000000000000007,1.2310198582863807,0.0,0.13999999999999996,0.0,-0.5,-0.3,-4.196016047351923e-174,-0.00020740064707729114,-0.1499095048282683
1770792238.8113987,1.2999999999997935,0.0,0.020000000000000007,1.2310198582863807,0.0,0.13999999999999996,0.0,-0.5,-0.3,-3.352572703571433e-174,-0.00012148255890616534,-0.14994785052936402
1770792239.232869,1.2999999999997935,0.0,0.020000000000000007,1.2310198582863807,0.0,0.13999999999999996,0.0,-0.5,-0.3,-2.602622540576755e-174,-0.00011504637938018548,-0.1499431204282625
1770792239.652541,1.2999999999997935,0.0,0.020000000000000007,1.2310198582863807,0.0,0.13999999999999996,0.0,-0.5,-0.3,-1.8394110584792272e-174,-6.563368852164311e-05,-0.14997212442482502
1770792240.0954566,1.2999999999997935,0.0,0.020000000000000007,1.2310198582863807,0.0,0.13999999999999996,0.0,-0.5,-0.3,-1.4296212707968704e-174,-5.614340056274502e-05,-0.1499728773285145
1770792240.5156603,1.2999999999997935,0.0,0.020000000000000007,1.2310198582863807,0.0,0.13999999999999996,0.0,-0.5,-0.3,-1.1412623359146126e-174,-6.622715809605835e-05,-0.1499678947967053
1770792240.933168,1.2999999999997935,0.0,0.020000000000000007,1.2310198582863807,0.0,0.13999999999999996,0.0,-0.5,-0.3,-8.87249841659054e-175,-2.4912148444297695e-05,-0.14999167542674302
1770792241.3639288,1.2999999999997935,0.0,0.020000000000000007,1.2310198582863807,0.0,0.13999999999999996,0.0,-0.5,-0.3,-6.221013976553804e-175,-2.6542113099386957e-06,-0.15000089868805844
1770792241.779543,1.2999999999997935,0.0,0.020000000000000007,1.2310198582863807,0.0,0.13999999999999996,0.0,-0.5,-0.3,-4.8707370465658095e-175,4.868185827727674e-05,-0.15002947453609736
1770792242.1904473,1.2999999999997935,0.0,0.020000000000000007,1.2310198582863807,0.0,0.13999999999999996,0.0,-0.5,-0.3,-3.786860915391644e-175,6.113366944855774e-05,-0.1500318120158414
1770792242.6186988,1.2999999999997935,0.0,0.020000000000000007,1.2310198582863807,0.0,0.13999999999999996,0.0,-0.5,-0.3,-2.9919940135045665e-175,4.3875043081953596e-05,-0.15002366338417764
1770792243.0424929,1.2999999999997935,0.0,0.020000000000000007,1.2310198582863807,0.0,0.13999999999999996,0.0,-0.5,-0.3,-2.3791016007487469e-175,-0.0001379532301721065,-0.14994920621223934
1770792243.455467,1.2999999999997935,0.0,0.020000000000000007,1.2310198582863807,0.0,0.13999999999999996,0.0,-0.5,-0.3,-1.6596212037751107e-175,-0.00018026660536740087,-0.14991409803483582
1770792243.8690534,1.2999999999997935,0.0,0.020000000000000007,1.2310198582863807,0.0,0.13999999999999996,0.0,-0.5,-0.3,-1.2863389188950116e-175,-0.00026519835968608795,-0.14987589399558882
1770792244.3000922,1.2999999999997935,0.0,0.020000000000000007,1.2310198582863807,0.0,0.13999999999999996,0.0,-0.5,-0.3,-1.0464031551240663e-175,-0.00023644862466441682,-0.14988465066116993
1770792244.7124865,1.2999999999997935,0.0,0.020000000000000007,1.2310198582863807,0.0,0.13999999999999996,0.0,-0.5,-0.3,-8.135696106160368e-176,-0.00019365387216583942,-0.14990745253916693
1770792245.1283581,1.2999999999997935,0.0,0.020000000000000007,1.2310198582863807,0.0,0.13999999999999996,0.0,-0.5,-0.3,-6.2008748809082275e-176,-0.00023613196868854511,-0.149886181825308
1770792245.5397863,1.2999999999997935,0.0,0.020000000000000007,1.2310198582863807,0.0,0.13999999999999996,0.0,-0.5,-0.3,-4.901410975227724e-176,-0.00015513931155127333,-0.1499305296099381
1770792245.958415,1.2999999999997935,0.0,0.020000000000000007,1.2310198582863807,0.0,0.13999999999999996,0.0,-0.5,-0.3,-3.40652234813045e-176,-8.639103049373878e-05,-0.14996367931285887
1770792246.3733542,1.2999999999997935,0.0,0.020000000000000007,1.2310198582863807,0.0,0.13999999999999996,0.0,-0.5,-0.3,-2.6480281877635318e-176,6.525589509321977e-05,-0.1500477926401053
1770792246.7926464,1.2999999999997935,0.0,0.020000000000000007,1.2310198582863807,0.0,0.13999999999999996,0.0,-0.5,-0.3,-2.0513806911474963e-176,0.00011830408665127297,-0.15006445686248143
1770792247.2085836,1.2999999999997935,0.0,0.020000000000000007,1.2310198582863807,0.0,0.13999999999999996,0.0,-0.5,-0.3,-1.6768344598019903e-176,0.0001916421559132706,-0.15010315488488282
1770792247.631687,1.2999999999997935,0.0,0.020000000000000007,1.2310198582863807,0.0,0.13999999999999996,0.0,-0.5,-0.3,-1.3017540695225559e-176,-3.326478585539088e-05,-0.15000585830124916
1770792248.0497024,1.2999999999997935,0.0,0.020000000000000007,1.2310198582863807,0.0,0.13999999999999996,0.0,-0.5,-0.3,-1.1007987568170437e-176,-0.00012923898293639238,-0.1499449779282399
1770792248.4707386,1.2999999999997935,0.0,0.020000000000000007,1.2310198582863807,0.0,0.13999999999999996,0.0,-0.5,-0.3,-6.985547048591705e-177,-6.371754231933816e-05,-0.14997469337290203
1770792248.9001682,1.2999999999997935,0.0,0.020000000000000007,1.2310198582863807,0.0,0.13999999999999996,0.0,-0.5,-0.3,-5.7435518141939235e-177,-0.00019182725665479894,-0.14991689734310615
1770792249.316679,1.2999999999997935,0.0,0.020000000000000007,1.2310198582863807,0.0,0.13999999999999996,0.0,-0.5,-0.3,-4.4697010828478545e-177,-0.000271831981193975,-0.14987208448185693
1770792249.7337337,1.2999999999997935,0.0,0.020000000000000007,1.2310198582863807,0.0,0.13999999999999996,0.0,-0.5,-0.3,-3.255381267659512e-177,-0.0001974275211859818,-0.1499087266854078
1770792250.1668882,1.2999999999997935,0.0,0.020000000000000007,1.2310198582863807,0.0,0.13999999999999996,0.0,-0.5,-0.3,-2.380756709436263e-177,-0.0001777703557197645,-0.14991308053868674
1770792250.5805376,1.2999999999997935,0.0,0.020000000000000007,1.2310198582863807,0.0,0.13999999999999996,0.0,-0.5,-0.3,-1.8238470221212953e-177,-0.0001335176845673229,-0.14993766642483158
1770792250.9983032,1.2999999999997935,0.0,0.020000000000000007,1.2310198582863807,0.0,0.13999999999999996,0.0,-0.5,-0.3,-1.5303297421559833e-177,-3.945560244596678e-05,-0.14998967840698915
1770792251.4181263,1.2999999999997935,0.0,0.020000000000000007,1.2310198582863807,0.0,0.13999999999999996,0.0,-0.5,-0.3,-1.1855286516750021e-177,8.263418183961603e-05,-0.15005352606934835
1770792251.8425314,1.2999999999997935,0.0,0.020000000000000007,1.2310198582863807,0.0,0.13999999999999996,0.0,-0.5,-0.3,-8.697632369844479e-178,0.00020050552350002118,-0.15011203989591607
1770792252.2559347,1.2999999999997935,0.0,0.020000000000000007,1.2310198582863807,0.0,0.13999999999999996,0.0,-0.5,-0.3,-6.29403300165099e-178,0.00014673905152022922,-0.1500787461729581
1770792252.672491,1.2999999999997935,0.0,0.020000000000000007,1.2310198582863807,0.0,0.13999999999999996,0.0,-0.5,-0.3,-4.883516073211885e-178,0.00018330997661975465,-0.15009531208081983
1770792253.0963757,1.2999999999997935,0.0,0.020000000000000007,1.2310198582863807,0.0,0.13999999999999996,0.0,-0.5,-0.3,-4.0468479716779677e-178,0.0002296741665725773,-0.15011947350228158
1770792253.5103567,1.2999999999997935,0.0,0.020000000000000007,1.2310198582863807,0.0,0.13999999999999996,0.0,-0.5,-0.3,-3.1422492734921727e-178,0.00013976216866373048,-0.15007887228412276
1770792253.9236698,1.2999999999997935,0.0,0.020000000000000007,1.2310198582863807,0.0,0.13999999999999996,0.0,-0.5,-0.3,-2.3014264973380827e-178,0.00013131200712350273,-0.15006650101971578
1770792254.3370986,1.2999999999997935,0.0,0.020000000000000007,1.2310198582863807,0.0,0.13999999999999996,0.0,-0.5,-0.3,-1.877036979575085e-178,-1.4748969928109729e-05,-0.1500072316127411
1770792254.7577507,1.2999999999997935,0.0,0.020000000000000007,1.2310198582863807,0.0,0.13999999999999996,0.0,-0.5,-0.3,-1.2717880467507693e-178,-2.8981741578016272e-05,-0.14998693240637598
1770792255.1694894,1.2999999999997935,0.0,0.020000000000000007,1.2310198582863807,0.0,0.13999999999999996,0.0,-0.5,-0.3,-1.0005042647397743e-178,-0.0001412684137941045,-0.14994059446032457
1770792255.5832648,1.2999999999997935,0.0,0.020000000000000007,1.2310198582863807,0.0,0.13999999999999996,0.0,-0.5,-0.3,-7.758681285827756e-179,-3.856541908428426e-05,-0.14999098758992885
1770792256.0164611,1.2999999999997935,0.0,0.020000000000000007,1.2310198582863807,0.0,0.13999999999999996,0.0,-0.5,-0.3,-6.493326917747263e-179,2.9489239167854644e-05,-0.15002155008540913
1770792256.4270437,1.2999999999997935,0.0,0.020000000000000007,1.2310198582863807,0.0,0.13999999999999996,0.0,-0.5,-0.3,-5.0670434402129215e-179,0.00012706598142792866,-0.15007329066493996
1770792256.8393207,1.2999999999997935,0.0,0.020000000000000007,1.2310198582863807,0.0,0.13999999999999996,0.0,-0.5,-0.3,-3.932968298545623e-179,0.00018832274212785748,-0.15010028704713393
1770792257.2563658,1.2999999999997935,0.0,0.020000000000000007,1.2310198582863807,0.0,0.13999999999999996,0.0,-0.5,-0.3,-2.6499098895327763e-179,0.00019054879923663685,-0.15009549700532918
1770792257.6860354,1.2999999999997935,0.0,0.020000000000000007,1.2310198582863807,0.0,0.13999999999999996,0.0,-0.5,-0.3,-2.0550833402245037e-179,0.0002180198646086408,-0.1501117570388415
1770792258.1146917,1.2999999999997935,0.0,0.020000000000000007,1.2310198582863807,0.0,0.13999999999999996,0.0,-0.5,-0.3,-1.7263699948828517e-179,0.00015016185825484732,-0.1500818667297628
1770792258.53754,1.2999999999997935,0.0,0.020000000000000007,1.2310198582863807,0.0,0.13999999999999996,0.0,-0.5,-0.3,-1.3411472582585511e-179,0.00023362183552391586,-0.15012515691548883
1770792258.95603,1.2999999999997935,0.0,0.020000000000000007,1.2310198582863807,0.0,0.13999999999999996,0.0,-0.5,-0.3,-9.029817812116433e-180,0.000128533856468503,-0.15007477572613978
1770792259.3715985,1.2999999999997935,0.0,0.020000000000000007,1.2310198582863807,0.0,0.13999999999999996,0.0,-0.5,-0.3,-7.008267060844714e-180,9.918765968212528e-05,-0.1500525284495197
1770792259.787695,1.2999999999997935,0.0,0.020000000000000007,1.2310198582863807,0.0,0.13999999999999996,0.0,-0.5,-0.3,-5.438764808551463e-180,0.00011586245094737735,-0.1500595987046002
1770792260.2041523,1.2999999999997935,0.0,0.020000000000000007,1.2310198582863807,0.0,0.13999999999999996,0.0,-0.5,-0.3,-4.111243030132737e-180,-1.6047512682223854e-05,-0.15000516724002183
1770792260.6220324,1.2999999999997935,0.0,0.020000000000000007,1.2310198582863807,0.0,0.13999999999999996,0.0,-0.5,-0.3,-3.6070445437362186e-180,-6.338279941685437e-05,-0.14997304212896503
1770792261.039289,1.2999999999997935,0.0,0.020000000000000007,1.2310198582863807,0.0,0.13999999999999996,0.0,-0.5,-0.3,-2.8062356308319606e-180,-5.9643774083079785e-05,-0.14997055201549184
1770792261.4597335,1.2999999999997935,0.0,0.020000000000000007,1.2310198582863807,0.0,0.13999999999999996,0.0,-0.5,-0.3,-1.865094222011761e-180,5.782124847780869e-05,-0.15004065712649498
1770792261.879739,1.2999999999997935,0.0,0.020000000000000007,1.2310198582863807,0.0,0.13999999999999996,0.0,-0.5,-0.3,-1.6396487943104542e-180,2.1319400692893853e-05,-0.15001430988512493
1770792262.297356,1.2999999999997935,0.0,0.020000000000000007,1.2310198582863807,0.0,0.13999999999999996,0.0,-0.5,-0.3,-1.234509105785944e-180,8.07607175342096e-05,-0.15004632449045124
1770792262.7094884,1.2999999999997935,0.0,0.020000000000000007,1.2310198582863807,0.0,0.13999999999999996,0.0,-0.5,-0.3,-9.601674771169617e-181,7.829474424029891e-05,-0.15003939396944954
1770792263.1349914,1.2999999999997935,0.0,0.020000000000000007,1.2310198582863807,0.0,0.13999999999999996,0.0,-0.5,-0.3,-7.429652865576166e-181,0.0002128869161447574,-0.15011990267526282
1770792263.5491865,1.2999999999997935,0.0,0.020000000000000007,1.2310198582863807,0.0,0.13999999999999996,0.0,-0.5,-0.3,-4.949569221743347e-181,7.661753098448093e-05,-0.15005193570400827
1770792263.9685564,1.2999999999997935,0.0,0.020000000000000007,1.2310198582863807,0.0,0.13999999999999996,0.0,-0.5,-0.3,-3.8368143148413455e-181,3.406419672970665e-05,-0.15002128743179033
1770792264.3915284,1.2999999999997935,0.0,0.020000000000000007,1.2310198582863807,0.0,0.13999999999999996,0.0,-0.5,-0.3,-2.977966194987486e-181,-3.813913699199412e-05,-0.14998815076487615
1770792264.804425,1.2999999999997935,0.0,0.020000000000000007,1.2310198582863807,0.0,0.13999999999999996,0.0,-0.5,-0.3,-2.3970434504070762e-181,-4.597010299310018e-05,-0.14997779804510356
1770792265.2178268,1.2999999999997935,0.0,0.020000000000000007,1.2310198582863807,0.0,0.13999999999999996,0.0,-0.5,-0.3,-1.9728199306115367e-181,-7.806772370660819e-05,-0.14996417590021804
1770792265.6316788,1.2999999999997935,0.0,0.020000000000000007,1.2310198582863807,0.0,0.13999999999999996,0.0,-0.5,-0.3,-1.5310261533440457e-181,-1.7986888534976627e-05,-0.14999701463924967
1770792266.0569477,1.2999999999997935,0.0,0.020000000000000007,1.2310198582863807,0.0,0.13999999999999996,0.0,-0.5,-0.3,-1.0166359802064092e-181,3.2678150275907266e-05,-0.15002140557901905
1770792266.477799,1.2999999999997935,0.0,0.020000000000000007,1.2310198582863807,0.0,0.13999999999999996,0.0,-0.5,-0.3,-7.876401868522514e-182,-4.9259838087673e-05,-0.1499835638797925
1770792266.9068851,1.2999999999997935,0.0,0.020000000000000007,1.2310198582863807,0.0,0.13999999999999996,0.0,-0.5,-0.3,-6.70810767963315e-182,0.00013926284719503892,-0.1500884836921258
1770792267.3370986,1.2999999999997935,0.0,0.020000000000000007,1.2310198582863807,0.0,0.13999999999999996,0.0,-0.5,-0.3,-4.9282788349529424e-182,0.00020923669484992197,-0.15011161573219042
1770792267.751075,1.2999999999997935,0.0,0.020000000000000007,1.2310198582863807,0.0,0.13999999999999996,0.0,-0.5,-0.3,-4.170773777737371e-182,0.0004265358575142202,-0.15023499784502353
1770792268.174605,1.2999999999997935,0.0,0.020000000000000007,1.2310198582863807,0.0,0.13999999999999996,0.0,-0.5,-0.3,-2.6925167762155928e-182,0.00037406147971148117,-0.150192278177636
1770792268.5910707,1.2999999999997935,0.0,0.020000000000000007,1.2310198582863807,0.0,0.13999999999999996,0.0,-0.5,-0.3,-2.0621317800240395e-182,0.00025357772958404753,-0.15013883723980476
1770792269.0035622,1.2999999999997935,0.0,0.020000000000000007,1.2310198582863807,0.0,0.13999999999999996,0.0,-0.5,-0.3,-1.768537529823536e-182,0.0002875893006398412,-0.1501471958074255
1770792269.414879,1.2999999999997935,0.0,0.020000000000000007,1.2310198582863807,0.0,0.13999999999999996,0.0,-0.5,-0.3,-1.3701754008744339e-182,0.00019119159542661617,-0.15010523556823463
1770792269.8344996,1.2999999999997935,0.0,0.020000000000000007,1.2310198582863807,0.0,0.13999999999999996,0.0,-0.5,-0.3,-1.0044300453474892e-182,0.00019120419916577756,-0.1500956033599568
1770792270.2489269,1.2999999999997935,0.0,0.020000000000000007,1.2310198582863807,0.0,0.13999999999999996,0.0,-0.5,-0.3,-6.980336147213377e-183,1.868141500254278e-05,-0.15002659298591758
1770792270.674391,1.2999999999997935,0.0,0.020000000000000007,1.2310198582863807,0.0,0.13999999999999996,0.0,-0.5,-0.3,-5.455519537775508e-183,2.6284463919755633e-05,-0.1500139025368516
1770792271.1017995,1.2999999999997935,0.0,0.020000000000000007,1.2310198582863807,0.0,0.13999999999999996,0.0,-0.5,-0.3,-4.65417481320785e-183,-2.4008603252593676e-06,-0.15000166810226187
1770792271.5175285,1.2999999999997935,0.0,0.020000000000000007,1.2310198582863807,0.0,0.13999999999999996,0.0,-0.5,-0.3,-3.429359140290243e-183,9.965378519323579e-05,-0.15006003235714846
1770792271.9490306,1.2999999999997935,0.0,0.020000000000000007,1.2310198582863807,0.0,0.13999999999999996,0.0,-0.5,-0.3,-2.3919852690117962e-183,0.00011862825507144982,-0.15006121157452354
1770792272.3615196,1.2999999999997935,0.0,0.020000000000000007,1.2310198582863807,0.0,0.13999999999999996,0.0,-0.5,-0.3,-1.8608854523218716e-183,0.00012415071931498083,-0.15006262760608183
1770792272.770888,1.2999999999997935,0.0,0.020000000000000007,1.2310198582863807,0.0,0.13999999999999996,0.0,-0.5,-0.3,-1.453963402895153e-183,0.00027906201167595166,-0.15015502213507406
