t,kp_lin,ki_lin,kd_lin,kp_ang,ki_ang,kd_ang,v_ref,w_ref_raw,w_ref,v_meas,w_meas,reward
1770699625.6260848,1.2,0.0,0.03,1.23,0.0,0.1,0.0,0.0,0.0,0.0,0.0,-0.0
1770699626.042332,1.2,0.0,0.03,1.23,0.0,0.1,0.0,0.0,0.0,0.0,0.00015583255445518268,-9.349953267310961e-05
1770699626.4527533,1.2,0.0,0.03,1.23,0.0,0.1,0.0,0.0,0.0,0.0,5.844956108492945e-05,-3.8963079879490046e-05
1770699626.8724124,1.2,0.0,0.03,1.23,0.0,0.1,0.0,0.0,0.0,0.0,0.00010409702512787433,-5.661325896823165e-05
1770699627.2814949,1.2,0.0,0.03,1.23,0.0,0.1,0.0,0.0,0.0,0.0,-7.063708164335868e-05,-5.2791951498802644e-05
1770699627.6913764,1.2,0.0,0.03,1.23,0.0,0.1,0.0,0.0,0.0,0.0,-0.00025087414729172905,-0.00014346078021070156
1770699628.1015797,1.2,0.0,0.03,1.23,0.0,0.1,0.0,0.0,0.0,0.0,-0.00038202775036812897,-0.00020412923549170448
1770699628.513178,1.2,0.0,0.03,1.23,0.0,0.1,0.0,0.0,0.0,0.0,-0.0003188445358919092,-0.00016574058939357656
1770699628.9196517,1.2,0.0,0.03,1.23,0.0,0.1,0.0,0.0,0.0,0.0,-0.000256009912171541,-0.00013428841845780732
1770699629.3325179,1.2,0.0,0.03,1.23,0.0,0.1,0.0,0.0,0.0,0.0,-0.0003133226367525685,-0.000162392590834387
1770699629.7389731,1.2,0.0,0.03,1.23,0.0,0.1,0.0,0.0,0.0,0.0,-0.00030123776918450894,-0.00015182737134906044
1770699630.1482184,1.2,0.0,0.03,1.23,0.0,0.1,0.0,0.0,0.0,0.0,-0.0002667698403687261,-0.00013683171306594133
1770699630.5595617,1.2,0.0,0.03,1.23,0.0,0.1,0.0,0.0,0.0,0.0,-0.00021255373324613862,-0.00011169847733532806
1770699630.9657555,1.2,0.0,0.03,1.23,0.0,0.1,0.0,0.0,0.0,0.0,-0.00022459859036011326,-0.0001135037808914541
1770699631.3722067,1.2,0.0,0.03,1.23,0.0,0.1,0.0,0.0,0.0,0.0,-0.00016191038919965926,-8.722401471587503e-05
1770699631.7869577,1.2,0.0,0.03,1.23,0.0,0.1,0.0,0.0,0.0,0.0,-0.00021636207982132468,-0.00011362620897282888
1770699632.2114546,1.2,0.0,0.03,1.23,0.0,0.1,0.0,0.0,0.0,0.0,-0.0002761097949031958,-0.00014402966895978503
1770699632.6183553,1.2,0.0,0.03,1.23,0.0,0.1,0.0,0.0,0.0,0.0,-0.00023087648949963698,-0.00011996157529017437
1770699633.048306,1.2,0.0,0.03,1.23,0.0,0.1,0.0,0.0,0.0,0.0,-0.00031709335687385014,-0.0001671683651743464
1770699633.5419445,1.2,0.0,0.03,1.23,0.0,0.1,0.0,0.0,0.0,0.0,-0.0003376304092760645,-0.00017086890987825368
1770699633.9824224,1.2,0.0,0.03,1.23,0.0,0.1,0.0,0.0,0.0,0.0,-0.00027092796910748677,-0.00014213422857060114
1770699634.3960266,1.2,0.0,0.03,1.23,0.0,0.1,0.0,0.0,0.0,0.0,-0.00019161301837650682,-0.0001037380042613514
1770699634.880015,1.2,0.0,0.03,1.23,0.0,0.1,0.0,0.0,0.0,0.0,-0.00027742946697870765,-0.00014729637834957391
1770699635.2937996,1.2,0.0,0.03,1.23,0.0,0.1,0.0,0.0,0.0,0.0,-0.00031358268010140387,-0.00016040666136297156
1770699635.7002263,1.2,0.0,0.03,1.23,0.0,0.1,0.0,0.0,0.0,0.0,-0.00017975565343092227,-0.0001032605293825093
1770699636.1084201,1.2,0.0,0.03,1.23,0.0,0.1,0.0,0.0,0.0,0.0,-0.00022026634207465224,-0.00011418423990169911
1770699636.5164144,1.2,0.0,0.03,1.23,0.0,0.1,0.0,0.0,0.0,0.0,-0.0002009762139138418,-0.00010241711977300195
1770699636.9258926,1.2,0.0,0.03,1.23,0.0,0.1,0.0,0.0,0.0,0.0,-0.0002658063125321858,-0.0001393861661279273
1770699637.331664,1.2,0.0,0.03,1.23,0.0,0.1,0.0,0.0,0.0,0.0,-0.0003389077364566988,-0.0001767640106208007
1770699637.744263,1.2,0.0,0.03,1.23,0.0,0.1,0.0,0.0,0.0,0.0,-0.00035975920642122855,-0.00018196475020706724
1770699638.1538854,1.2,0.0,0.03,1.23,0.0,0.1,0.0,0.0,0.0,0.0,-0.0003562139051783414,-0.0001784614827134594
1770699638.5613172,1.2,0.0,0.03,1.23,0.0,0.1,0.0,0.0,0.0,0.0,-0.0002659408398784226,-0.00014199772646920317
1770699638.9670143,1.2,0.0,0.03,1.23,0.0,0.1,0.0,0.0,0.0,0.0,-0.0002167101114958315,-0.00011327812858617487
1770699639.373918,1.2,0.0,0.03,1.23,0.0,0.1,0.0,0.0,0.0,0.0,-0.00028885868788742597,-0.00015164420158287242
1770699639.7828412,1.2,0.0,0.03,1.23,0.0,0.1,0.0,0.0,0.0,0.0,-0.00018422821133261058,-0.00010257715332178683
1770699640.1926978,1.2,0.0,0.03,1.23,0.0,0.1,0.0,0.0,0.0,0.0,-0.00022938363098560103,-0.00011920735745809956
1770699640.6055532,1.2,0.0,0.03,1.23,0.0,0.1,0.0,0.0,0.0,0.0,-0.00020969629073263856,-0.00010681687939161553
1770699641.0123975,1.2,0.0,0.03,1.23,0.0,0.1,0.0,0.0,0.0,0.0,-7.662976703770714e-05,-5.162153588834672e-05
1770699641.4179451,1.2,0.0,0.03,1.23,0.0,0.1,0.0,0.0,0.0,0.0,-0.00012512600302963433,-6.741262511400988e-05
1770699641.82356,1.2,0.0,0.03,1.23,0.0,0.1,0.0,0.0,0.0,0.0,-0.0002163318443798533,-0.00011728650632494855
1770699642.2311685,1.2,0.0,0.03,1.23,0.0,0.1,0.0,0.0,0.0,0.0,-0.00024183006730300625,-0.00012346485594381842
1770699642.6375372,1.2,0.0,0.03,1.23,0.0,0.1,0.0,0.0,0.0,0.0,-0.00016545886920874583,-9.036655441379896e-05
1770699643.044744,1.2,0.0,0.03,1.23,0.0,0.1,0.0,0.0,0.0,0.0,-0.0001847877224818324,-9.432674656822485e-05
1770699643.461226,1.2,0.0,0.03,1.23,0.0,0.1,0.0,0.0,0.0,0.0,-0.00020113937184385342,-0.00010220485085812881
1770699643.8673816,1.2,0.0,0.03,1.23,0.0,0.1,0.0,0.0,0.0,0.0,-0.00038232217728524393,-0.000209279369186761
1770699644.271981,1.2,0.0,0.03,1.23,0.0,0.1,0.0,0.0,0.0,0.0,-0.0003888689999406755,-0.00019508918223588091
1770699644.6811452,1.2,0.0,0.03,1.23,0.0,0.1,0.0,0.0,0.0,0.0,-0.00046139283160835214,-0.00023794879897094375
1770699645.090285,1.2,0.0,0.03,1.23,0.0,0.1,0.0,0.0,0.0,0.0,-0.00040376299358493194,-0.000207644480594808
1770699645.5039423,1.2,0.0,0.03,1.23,0.0,0.1,0.0,0.0,0.0,0.0,-0.00026663807650891073,-0.0001470315299620575
1770699645.912322,1.2,0.0,0.03,1.23,0.0,0.1,0.0,0.0,0.0,0.0,-0.0003047563160067187,-0.00015618998195314016
1770699646.3215995,1.2,0.0,0.03,1.23,0.0,0.1,0.0,0.0,0.0,0.0,-0.00011535892000496073,-7.661919960265616e-05
1770699646.7407465,1.2,0.0,0.03,1.23,0.0,0.1,0.0,0.0,0.0,0.0,-6.714411395085246e-05,-3.839353758083706e-05
1770699647.1486757,1.2,0.0,0.03,1.23,0.0,0.1,0.0,0.0,0.0,0.0,-4.7736842211215534e-05,-2.580914827957146e-05
1770699647.5558271,1.2,0.0,0.03,1.23,0.0,0.1,0.0,0.0,0.0,0.0,-0.0001009673592741646,-5.580673134337721e-05
1770699647.9682765,1.2,0.0,0.03,1.23,0.0,0.1,0.0,0.0,0.0,0.0,-2.2767255294616482e-05,-1.9203638045263053e-05
1770699648.397242,1.2,0.0,0.03,1.23,0.0,0.1,0.0,0.0,0.0,0.0,-9.86376368999009e-05,-5.690585661047889e-05
1770699648.8089032,1.2,0.0,0.03,1.23,0.0,0.1,0.0,0.0,0.0,0.0,-6.842201993625315e-05,-3.723257166449135e-05
1770699649.2166655,1.2,0.0,0.03,1.23,0.0,0.1,0.0,0.0,0.0,0.0,-0.00010569047976692204,-5.657208586652791e-05
1770699649.626501,1.2,0.0,0.03,1.23,0.0,0.1,0.0,0.0,0.0,0.0,-0.00014362989548489182,-7.560888931424289e-05
1770699650.0740972,1.2,0.0,0.03,1.23,0.0,0.1,0.0,0.0,0.0,0.0,-0.00015304850764906057,-7.746611504094715e-05
1770699650.5002928,1.2,0.0,0.03,1.23,0.0,0.1,0.0,0.0,0.0,0.0,-0.00014130606244738454,-7.182727574385988e-05
1770699650.922345,1.2,0.0,0.03,1.23,0.0,0.1,0.0,0.0,0.0,0.0,-4.4546443578168476e-05,-3.1949183676005844e-05
1770699651.3327684,1.2,0.0,0.03,1.23,0.0,0.1,0.0,0.0,0.0,0.0,-7.141146855466201e-05,-3.839223677498036e-05
1770699651.7391942,1.2,0.0,0.03,1.23,0.0,0.1,0.0,0.0,0.0,0.0,-0.0001322464662956843,-7.220673292194439e-05
1770699652.1463368,1.2,0.0,0.03,1.23,0.0,0.1,0.0,0.0,0.0,0.0,-0.00016401494761832542,-8.518432194142682e-05
1770699652.5551317,1.2,0.0,0.03,1.23,0.0,0.1,0.0,0.0,0.0,0.0,-0.00012689561671867358,-6.715974144930198e-05
1770699652.9613526,1.2,0.0,0.03,1.23,0.0,0.1,0.0,0.0,0.0,0.0,-0.00017448902380010075,-9.200385260819309e-05
1770699653.3667102,1.2,0.0,0.03,1.23,0.0,0.1,0.0,0.0,0.0,0.0,-0.00016804526102762838,-8.466700679106143e-05
1770699653.7737517,1.2,0.0,0.03,1.23,0.0,0.1,0.0,0.0,0.0,0.0,-0.00014589295510839087,-7.516170814611918e-05
1770699654.179537,1.2,0.0,0.03,1.23,0.0,0.1,0.0,0.0,0.0,0.0,-0.000263156168401692,-0.0001433044055301761
1770699654.587213,1.2,0.0,0.03,1.23,0.0,0.1,0.0,0.0,0.0,0.0,-0.0002988613387439579,-0.00015300118640620554
1770699654.995701,1.2,0.0,0.03,1.23,0.0,0.1,0.0,0.0,0.0,0.0,-0.00026808654054590833,-0.00013712075009275913
1770699655.4094634,1.2,0.0,0.03,1.23,0.0,0.1,0.0,0.0,0.0,0.0,-0.0003109384501001057,-0.0001597544160054726
1770699655.815315,1.2,0.0,0.03,1.23,0.0,0.1,0.0,0.0,0.0,0.0,-0.0003718878936730277,-0.00019203889119380607
1770699656.2220073,1.2,0.0,0.03,1.23,0.0,0.1,0.0,0.0,0.0,0.0,-0.00020679498234234248,-0.00011990678230423977
1770699656.629193,1.2,0.0,0.03,1.23,0.0,0.1,0.0,0.0,0.0,0.0,-0.00013080319691207004,-7.300077699906226e-05
1770699657.0414193,1.2,0.0,0.03,1.23,0.0,0.1,0.0,0.0,0.0,0.0,-5.125200197013562e-05,-3.3581120479261254e-05
1770699657.449469,1.2,0.0,0.03,1.23,0.0,0.1,0.0,0.0,0.0,0.0,-9.744333183048352e-05,-5.3340798901276555e-05
1770699657.8592737,1.2,0.0,0.03,1.23,0.0,0.1,0.0,0.0,0.0,0.0,-5.0327206376238806e-05,-2.9875215733543874e-05
1770699658.2660627,1.2,0.0,0.03,1.23,0.0,0.1,0.0,0.0,0.0,0.0,-0.0001064945103502582,-5.886398557253104e-05
1770699658.6792893,1.2,0.0,0.03,1.23,0.0,0.1,0.0,0.0,0.0,0.0,-0.00018671018082422005,-0.00010137665745950622
1770699659.0885603,1.2,0.0,0.03,1.23,0.0,0.1,0.0,0.0,0.0,0.0,-0.0001980552492328426,-0.00010016213145728356
1770699659.5018437,1.2,0.0,0.03,1.23,0.0,0.1,0.0,0.0,0.0,0.0,-0.00028040277341523996,-0.0001484361391258597
1770699659.910171,1.2,0.0,0.03,1.23,0.0,0.1,0.0,0.0,0.0,0.0,-0.000288490630140845,-0.000145054100742983
1770699660.320106,1.2,0.0,0.03,1.23,0.0,0.1,0.0,0.0,0.0,0.0,-0.0004138633442626293,-0.00021946894354349307
1770699660.7248008,1.2,0.0,0.03,1.23,0.0,0.1,0.0,0.0,0.0,0.0,-0.00038450779454069655,-0.00019518945224254156
1770699661.1321063,1.2,0.0,0.03,1.23,0.0,0.1,0.0,0.0,0.0,0.0,-0.0004176154611855064,-0.00021211849725723416
1770699661.5409539,1.2,0.0,0.03,1.23,0.0,0.1,0.0,0.0,0.0,0.0,-0.00032112213303048443,-0.0001702103993307444
1770699661.9479136,1.2,0.0,0.03,1.23,0.0,0.1,0.0,0.0,0.0,0.0,-0.0001941391555102927,-0.00010976787550716553
1770699662.362602,1.2,0.0,0.03,1.23,0.0,0.1,0.0,0.0,0.0,0.0,-0.00017535776674161815,-8.955702224767653e-05
1770699662.77041,1.2,0.0,0.03,1.23,0.0,0.1,0.0,0.0,0.0,0.0,-0.00014246094334716814,-7.452015401302907e-05
1770699663.1776311,1.2,0.0,0.03,1.23,0.0,0.1,0.0,0.0,0.0,0.0,-0.0001305129531425348,-6.645127559173073e-05
1770699663.5876002,1.2,0.0,0.03,1.23,0.0,0.1,0.0,0.0,0.0,0.0,-0.0003420233512888953,-0.00019216271545908372
1770699664.0043805,1.2,0.0,0.03,1.23,0.0,0.1,0.0,0.0,0.0,0.0,-0.0003278258073819441,-0.00016533265808166717
1770699664.4146147,1.2,0.0,0.03,1.23,0.0,0.1,0.0,0.0,0.0,0.0,-0.00035334894553962746,-0.00017922678658558206
1770699664.8216937,1.2,0.0,0.03,1.23,0.0,0.1,0.0,0.0,0.0,0.0,-0.00037830483138800606,-0.0001916480042788409
1770699665.2262886,1.2,0.0,0.03,1.23,0.0,0.1,0.0,0.0,0.0,0.0,-0.0003727160476560692,-0.00018691690220122827
1770699665.6327028,1.2,0.0,0.03,1.23,0.0,0.1,0.0,0.0,0.0,0.0,-0.00033679990160399235,-0.00017199156540720386
1770699666.038927,1.2,0.0,0.03,1.23,0.0,0.1,0.0,0.0,0.0,0.0,-0.0003181845263769406,-0.00016095380071117548
1770699666.4473388,1.2,0.0,0.03,1.23,0.0,0.1,0.0,0.0,0.0,0.0,-0.00026351314126359907,-0.00013722370914313368
1770699666.8578186,1.2,0.0,0.03,1.23,0.0,0.1,0.0,0.0,0.0,0.0,-0.00013987846427872115,-8.230269983784837e-05
1770699667.269806,1.2,0.0,0.03,1.23,0.0,0.1,0.0,0.0,0.0,0.0,-0.00013624780786920218,-6.848696957555299e-05
1770699667.6781929,1.2,0.0,0.03,1.23,0.0,0.1,0.0,0.0,0.0,0.0,-0.00016885803538685472,-8.769004044519261e-05
1770699668.094267,1.2,0.0,0.03,1.23,0.0,0.1,0.0,0.0,0.0,0.0,-0.00014880158396634287,-7.640643712522262e-05
1770699668.5104911,1.2,0.0,0.03,1.23,0.0,0.1,0.0,0.0,0.0,0.0,-0.0001184421058077776,-6.225700071974532e-05
1770699668.920959,1.2,0.0,0.03,1.23,0.0,0.1,0.0,0.0,0.0,0.0,-0.00019049906935037351,-0.00010245523102944635
1770699669.3269072,1.2,0.0,0.03,1.23,0.0,0.1,0.0,0.0,0.0,0.0,-0.0001605832133326347,-8.328319226809124e-05
1770699669.7332072,1.2,0.0,0.03,1.23,0.0,0.1,0.0,0.0,0.0,0.0,-0.00013047642536108552,-6.824889147769768e-05
1770699670.1398773,1.2,0.0,0.03,1.23,0.0,0.1,0.0,0.0,0.0,0.0,-0.000298632585744304,-0.00016613190891047385
1770699670.5493927,1.2,0.0,0.03,1.23,0.0,0.1,0.0,0.0,0.0,0.0,-0.0003430297662813368,-0.0001759546011943717
1770699670.9613798,1.2,0.0,0.03,1.23,0.0,0.1,0.0,0.0,0.0,0.0,-0.000446240845735484,-0.00023344153081315672
1770699671.367576,1.2,0.0,0.03,1.23,0.0,0.1,0.0,0.0,0.0,0.0,-0.00038190171525022035,-0.00019738477067363655
1770699671.7720072,1.2,0.0,0.03,1.23,0.0,0.1,0.0,0.0,0.0,0.0,-0.00032002748892078186,-0.0001662011670933348
1770699672.1774154,1.2,0.0,0.03,1.23,0.0,0.1,0.0,0.0,0.0,0.0,-0.00017955052959059672,-0.00010382296072831687
1770699672.5850093,1.2,0.0,0.03,1.23,0.0,0.1,0.0,0.0,0.0,0.0,-0.00015401248678423735,-7.956004767275461e-05
1770699672.9948058,1.2,0.0,0.03,1.23,0.0,0.1,0.0,0.0,0.0,0.0,-0.0001480145199557761,-7.460705666073418e-05
1770699673.4078214,1.2,0.0,0.03,1.23,0.0,0.1,0.0,0.0,0.0,0.0,-0.00021459888851785733,-0.00011395788111513679
1770699673.8180223,1.2,0.0,0.03,1.23,0.0,0.1,0.0,0.0,0.0,0.0,-0.00020093298753030234,-0.00010183308386390668
1770699674.2253988,1.2,0.0,0.03,1.23,0.0,0.1,0.0,0.0,0.0,0.0,-0.00022291657742516208,-0.00011365664770206701
1770699674.6303952,1.2,0.0,0.03,1.23,0.0,0.1,0.0,0.0,0.0,0.0,-0.00024113193745003845,-0.00012238750472750687
1770699675.0408008,1.2,0.0,0.03,1.23,0.0,0.1,0.0,0.0,0.0,0.0,-0.0003058842055255595,-0.00015941732957033185
1770699675.4539087,1.2,0.0,0.03,1.23,0.0,0.1,0.0,0.0,0.0,0.0,-0.00037294642067273,-0.00019317943185108208
1770699675.8596206,1.2,0.0,0.03,1.23,0.0,0.1,0.0,0.0,0.0,0.0,-0.00045861018843669743,-0.00023787147099474544
1770699676.2697227,1.2,0.0,0.03,1.23,0.0,0.1,0.0,0.0,0.0,0.0,-0.0004750439485906589,-0.0002391653503107256
1770699676.6784601,1.2,0.0,0.03,1.23,0.0,0.1,0.0,0.0,0.0,0.0,-0.0004577464180660609,-0.00023060296208549027
1770699677.0876021,1.2,0.0,0.03,1.23,0.0,0.1,0.0,0.0,0.0,0.0,-0.00044279954798142864,-0.00022289446099917754
1770699677.4999354,1.2,0.0,0.03,1.23,0.0,0.1,0.0,0.0,0.0,0.0,-0.0003673367329032855,-0.00019121464795945705
1770699677.9092457,1.2,0.0,0.03,1.23,0.0,0.1,0.0,0.0,0.0,0.0,-0.0002524748687030311,-0.000137723620771541
1770699678.3166697,1.2,0.0,0.03,1.23,0.0,0.1,0.0,0.0,0.0,0.0,-0.00016798072338050898,-9.24397762225067e-05
1770699678.7243772,1.2,0.0,0.03,1.23,0.0,0.1,0.0,0.0,0.0,0.0,-0.00020193068780192312,-0.00010436034034310298
1770699679.1323524,1.2,0.0,0.03,1.23,0.0,0.1,0.0,0.0,0.0,0.0,-0.00020627595912987514,-0.00010357250669773278
1770699679.5375338,1.2,0.0,0.03,1.23,0.0,0.1,0.0,0.0,0.0,0.0,-0.0001736323306600439,-9.008052817700507e-05
1770699679.945566,1.2,0.0,0.03,1.23,0.0,0.1,0.0,0.0,0.0,0.0,-0.0003462584564340462,-0.00019039184079442333
1770699680.3536937,1.2,0.0,0.03,1.23,0.0,0.1,0.0,0.0,0.0,0.0,-0.0003758378322454846,-0.00019087685370388615
1770699680.7668643,1.2,0.0,0.03,1.23,0.0,0.1,0.0,0.0,0.0,0.0,-0.00038087217882286687,-0.00019093952406917165
1770699681.176079,1.2,0.0,0.03,1.23,0.0,0.1,0.0,0.0,0.0,0.0,-0.0003458257282348603,-0.0001764175091762308
1770699681.5859501,1.2,0.0,0.03,1.23,0.0,0.1,0.0,0.0,0.0,0.0,-0.00048432604066794914,-0.00025601305157728344
1770699681.9950042,1.2,0.0,0.03,1.23,0.0,0.1,0.0,0.0,0.0,0.0,-0.00035805671640873153,-0.00019165529063028752
1770699682.4021702,1.2,0.0,0.03,1.23,0.0,0.1,0.0,0.0,0.0,0.0,-0.0003721507802876836,-0.00018748479653173702
1770699682.8098636,1.2,0.0,0.03,1.23,0.0,0.1,0.0,0.0,0.0,0.0,-0.0003275130740829281,-0.00016822030766193958
1770699683.221052,1.2,0.0,0.03,1.23,0.0,0.1,0.0,0.0,0.0,0.0,-0.0003143791747484959,-0.00015850297730769116
1770699683.6288974,1.2,0.0,0.03,1.23,0.0,0.1,0.0,0.0,0.0,0.0,-0.00023002111839285995,-0.00012344636483199356
1770699684.040034,1.2,0.0,0.03,1.23,0.0,0.1,0.0,0.0,0.0,0.0,-0.00028648788882638395,-0.00014889062145654437
1770699684.450811,1.2,0.0,0.03,1.23,0.0,0.1,0.0,0.0,0.0,0.0,-0.0002389997151624844,-0.00012424867494763216
1770699684.8587534,1.2,0.0,0.03,1.23,0.0,0.1,0.0,0.0,0.0,0.0,-0.00022752088148782876,-0.00011490832411137995
1770699685.2653313,1.2,0.0,0.03,1.23,0.0,0.1,0.0,0.0,0.0,0.0,-0.00028267211579254806,-0.00014685118132674597
1770699685.6708257,1.2,0.0,0.03,1.23,0.0,0.1,0.0,0.0,0.0,0.0,-0.0002661417068243185,-0.0001347238943089822
1770699686.0797644,1.2,0.0,0.03,1.23,0.0,0.1,0.0,0.0,0.0,0.0,-0.0003481096503998316,-0.0001822516195574671
1770699686.4876387,1.2,0.0,0.03,1.23,0.0,0.1,0.0,0.0,0.0,0.0,-0.00045090939594232714,-0.00023573467252541313
1770699686.8985615,1.2,0.0,0.03,1.23,0.0,0.1,0.0,0.0,0.0,0.0,-0.000441794679388724,-0.0002218088113497223
1770699687.3086405,1.2,0.0,0.03,1.23,0.0,0.1,0.0,0.0,0.0,0.0,-0.00032858327246776766,-0.00017561277692597945
1770699687.715316,1.2,0.0,0.03,1.23,0.0,0.1,0.0,0.0,0.0,0.0,-0.00032828675058937424,-0.00016417302748252647
1770699688.1229882,1.2,0.0,0.03,1.23,0.0,0.1,0.0,0.0,0.0,0.0,-0.00022995562549434396,-0.000124810925256675
1770699688.534785,1.2,0.0,0.03,1.23,0.0,0.1,0.0,0.0,0.0,0.0,-0.00020739047917264677,-0.00010595175421849311
1770699688.9427774,1.2,0.0,0.03,1.23,0.0,0.1,0.0,0.0,0.0,0.0,-0.0002433827185062615,-0.00012529058318649222
1770699689.35301,1.2,0.0,0.03,1.23,0.0,0.1,0.0,0.0,0.0,0.0,-0.00025150148885291746,-0.00012656262146112433
1770699689.7632418,1.2,0.0,0.03,1.23,0.0,0.1,0.0,0.0,0.0,0.0,-0.0002413753771319499,-0.00012170029973807171
1770699690.170592,1.2,0.0,0.03,1.23,0.0,0.1,0.0,0.0,0.0,0.0,-0.00011791557101933716,-7.130376612092986e-05
1770699690.5775437,1.2,0.0,0.03,1.23,0.0,0.1,0.0,0.0,0.0,0.0,-0.000237078354104356,-0.00013045545536067988
1770699690.9900131,1.2,0.0,0.03,1.23,0.0,0.1,0.0,0.0,0.0,0.0,-0.00020631063719547729,-0.00010623209028862652
1770699691.4054244,1.2,0.0,0.03,1.23,0.0,0.1,0.0,0.0,0.0,0.0,-0.0002746345707716831,-0.00014414967874346214
1770699691.8145025,1.2,0.0,0.03,1.23,0.0,0.1,0.0,0.0,0.0,0.0,-0.00036999302374721816,-0.00019453235717116257
1770699692.2224653,1.2,0.0,0.03,1.23,0.0,0.1,0.0,0.0,0.0,0.0,-0.0004120279514054886,-0.00021021746846857135
1770699692.6299,1.2,0.0,0.03,1.23,0.0,0.1,0.0,0.0,0.0,0.0,-0.0003871840182133081,-0.00019607640242587208
1770699693.0407135,1.2,0.0,0.03,1.23,0.0,0.1,0.0,0.0,0.0,0.0,-0.0002766136118600309,-0.00014936384656534318
1770699693.4527054,1.2,0.0,0.03,1.23,0.0,0.1,0.0,0.0,0.0,0.0,-0.0002925620655029008,-0.00014787587811573738
1770699693.8642383,1.2,0.0,0.03,1.23,0.0,0.1,0.0,0.0,0.0,0.0,-0.00011894406416684715,-7.683383221702893e-05
1770699694.2703075,1.2,0.0,0.03,1.23,0.0,0.1,0.0,0.0,0.0,0.0,-5.46083574079339e-05,-3.3737749379858276e-05
1770699694.676321,1.2,0.0,0.03,1.23,0.0,0.1,0.0,0.0,0.0,0.0,-3.321154098550321e-05,-1.8745452134994674e-05
1770699695.0812137,1.2,0.0,0.03,1.23,0.0,0.1,0.0,0.0,0.0,0.0,-0.00012104754244405851,-6.930737136788479e-05
1770699695.494669,1.2,0.0,0.03,1.23,0.0,0.1,0.0,0.0,0.0,0.0,-2.748336573643679e-05,-2.3098100538980568e-05
1770699695.9089422,1.2,0.0,0.03,1.23,0.0,0.1,0.0,0.0,0.0,0.0,-0.00017845718615381695,-0.00010432597511864649
1770699696.3179648,1.2,0.0,0.03,1.23,0.0,0.1,0.0,0.0,0.0,0.0,-0.0002299038790392646,-0.00012009660880817707
1770699696.7263865,1.2,0.0,0.03,1.23,0.0,0.1,0.0,0.0,0.0,0.0,-0.00029572181272461437,-0.00015444269973084217
1770699697.1324022,1.2,0.0,0.03,1.23,0.0,0.1,0.0,0.0,0.0,0.0,-0.00037709843164509486,-0.00019668687771459548
1770699697.5409706,1.2,0.0,0.03,1.23,0.0,0.1,0.0,0.0,0.0,0.0,-0.0003618926070415865,-0.00018246688598114408
1770699697.9531507,1.2,0.0,0.03,1.23,0.0,0.1,0.0,0.0,0.0,0.0,-0.0002917526242941634,-0.000152890310421824
1770699698.3635159,1.2,0.0,0.03,1.23,0.0,0.1,0.0,0.0,0.0,0.0,-0.00026746397026600535,-0.00013616085053581848
1770699698.773468,1.2,0.0,0.03,1.23,0.0,0.1,0.0,0.0,0.0,0.0,-0.00034175970265193774,-0.0001783094245645621
1770699699.1800172,1.2,0.0,0.03,1.23,0.0,0.1,0.0,0.0,0.0,0.0,-0.00025296528836378046,-0.00013536208561070595
1770699699.591635,1.2,0.0,0.03,1.23,0.0,0.1,0.0,0.0,0.0,0.0,-0.00018038455597089084,-9.745035122473438e-05
1770699700.000315,1.2,0.0,0.03,1.23,0.0,0.1,0.0,0.0,0.0,0.0,-0.00022063985198414134,-0.00011434545559339572
1770699700.4107091,1.2,0.0,0.03,1.23,0.0,0.1,0.0,0.0,0.0,0.0,-0.00027490019025743525,-0.00014287612895604702
1770699700.818219,1.2,0.0,0.03,1.23,0.0,0.1,0.0,0.0,0.0,0.0,-0.00023604425276204527,-0.00012190772013056164
1770699701.2239347,1.2,0.0,0.03,1.23,0.0,0.1,0.0,0.0,0.0,0.0,-0.0003217010452393383,-0.00016941620186739845
1770699701.6319256,1.2,0.0,0.03,1.23,0.0,0.1,0.0,0.0,0.0,0.0,-0.00033237022478023085,-0.0001672520303442047
1770699702.0406795,1.2,0.0,0.03,1.23,0.0,0.1,0.0,0.0,0.0,0.0,-0.00029527139400984656,-0.0001513455800819617
1770699702.454523,1.2,0.0,0.03,1.23,0.0,0.1,0.0,0.0,0.0,0.0,-0.00021960252047395409,-0.00011736814759056629
1770699702.8614318,1.2,0.0,0.03,1.23,0.0,0.1,0.0,0.0,0.0,0.0,-0.0002933780181727123,-0.00015406655885623197
1770699703.2702587,1.2,0.0,0.03,1.23,0.0,0.1,0.0,0.0,0.0,0.0,-0.00022698358521357247,-0.00012013123590270023
1770699703.6775827,1.2,0.0,0.03,1.23,0.0,0.1,0.0,0.0,0.0,0.0,-0.0002143388956021179,-0.00010843391676220441
1770699704.0864143,1.2,0.0,0.03,1.23,0.0,0.1,0.0,0.0,0.0,0.0,-0.0001483103664591193,-8.075803614385951e-05
1770699704.4982476,1.2,0.0,0.03,1.23,0.0,0.1,0.0,0.0,0.0,0.0,-0.00011012023644384388,-5.887913122344948e-05
1770699704.9140604,1.2,0.0,0.03,1.23,0.0,0.1,0.0,0.0,0.0,0.0,-2.932578415202542e-05,-2.274233730519456e-05
1770699705.321444,1.2,0.0,0.03,1.23,0.0,0.1,0.0,0.0,0.0,0.0,4.977564338455213e-05,-3.279796444593382e-05
1770699705.7286987,1.2,0.0,0.03,1.23,0.0,0.1,0.0,0.0,0.0,0.0,-1.4340820673082082e-05,-1.3582056742304462e-05
1770699706.1371865,1.2,0.0,0.03,1.23,0.0,0.1,0.0,0.0,0.0,0.0,6.693220243123633e-05,-4.1593403526050004e-05
1770699706.5475929,1.2,0.0,0.03,1.23,0.0,0.1,0.0,0.0,0.0,0.0,-0.00014783732765713122,-9.539561683740237e-05
1770699706.954423,1.2,0.0,0.03,1.23,0.0,0.1,0.0,0.0,0.0,0.0,-0.00025317652616594575,-0.00013712218293385434
1770699707.360325,1.2,0.0,0.03,1.23,0.0,0.1,0.0,0.0,0.0,0.0,-0.00020121828467851736,-0.00010580496648800152
1770699707.7671561,1.2,0.0,0.03,1.23,0.0,0.1,0.0,0.0,0.0,0.0,-0.00018860043921619686,-9.556200415433048e-05
1770699708.1767242,1.2,0.0,0.03,1.23,0.0,0.1,0.0,0.0,0.0,0.0,-0.00036402239027173206,-0.00019955339024141955
1770699708.586145,1.2,0.0,0.03,1.23,0.0,0.1,0.0,0.0,0.0,0.0,-0.0002410592457757944,-0.00013282593733749095
1770699708.9932196,1.2,0.0,0.03,1.23,0.0,0.1,0.0,0.0,0.0,0.0,-0.00015633641400043246,-8.664049017775243e-05
1770699709.3998075,1.2,0.0,0.03,1.23,0.0,0.1,0.0,0.0,0.0,0.0,-8.202727863610798e-05,-4.844455285448644e-05
1770699709.8085086,1.2,0.0,0.03,1.23,0.0,0.1,0.0,0.0,0.0,0.0,-4.7833436909990806e-05,-2.733610262760712e-05
1770699710.217054,1.2,0.0,0.03,1.23,0.0,0.1,0.0,0.0,0.0,0.0,-5.076056986274251e-05,-2.5672998226646427e-05
1770699710.6237187,1.2,0.0,0.03,1.23,0.0,0.1,0.0,0.0,0.0,0.0,-0.00010292218071258105,-5.667725144127438e-05
1770699711.0289662,1.2,0.0,0.03,1.23,0.0,0.1,0.0,0.0,0.0,0.0,1.7718930940570683e-05,-2.0923576635600515e-05
1770699711.439449,1.2,0.0,0.03,1.23,0.0,0.1,0.0,0.0,0.0,0.0,-6.968884508341044e-05,-4.358520014410333e-05
1770699711.8520575,1.2,0.0,0.03,1.23,0.0,0.1,0.0,0.0,0.0,0.0,-0.0001550424334976437,-8.605657559024518e-05
1770699712.261711,1.2,0.0,0.03,1.23,0.0,0.1,0.0,0.0,0.0,0.0,-0.00022654897298797188,-0.00012042514044301876
1770699712.66801,1.2,0.0,0.03,1.23,0.0,0.1,0.0,0.0,0.0,0.0,-0.00024300865620214724,-0.00012315029642249117
1770699713.076058,1.2,0.0,0.03,1.23,0.0,0.1,0.0,0.0,0.0,0.0,-0.00025957132609790725,-0.00013144193003852963
1770699713.484911,1.2,0.0,0.03,1.23,0.0,0.1,0.0,0.0,0.0,0.0,-0.0002892149544129663,-0.00014757184003798905
1770699713.894088,1.2,0.0,0.03,1.23,0.0,0.1,0.0,0.0,0.0,0.0,-0.00027004128763762596,-0.000136938010496347
1770699714.3091059,1.2,0.0,0.03,1.23,0.0,0.1,0.0,0.0,0.0,0.0,-0.00021283442157775758,-0.00011213789739486563
1770699714.721407,1.2,0.0,0.03,1.23,0.0,0.1,0.0,0.0,0.0,0.0,-0.0001602258594449844,-8.537378593576952e-05
1770699715.1315293,1.2,0.0,0.03,1.23,0.0,0.1,0.0,0.0,0.0,0.0,-0.00010438403954157494,-5.777620176112842e-05
1770699715.5415928,1.2,0.0,0.03,1.23,0.0,0.1,0.0,0.0,0.0,0.0,-0.00011760213751383938,-6.012287855414613e-05
1770699715.9572408,1.2,0.0,0.03,1.23,0.0,0.1,0.0,0.0,0.0,0.0,-0.00010011214134112391,-5.18050702878335e-05
1770699716.3677232,1.2,0.0,0.03,1.23,0.0,0.1,0.0,0.0,0.0,0.0,-0.00010789753850478677,-5.472730896875967e-05
1770699716.776559,1.2,0.0,0.03,1.23,0.0,0.1,0.0,0.0,0.0,0.0,-5.71939009947903e-05,-3.36673142483948e-05
1770699717.186181,1.2,0.0,0.03,1.23,0.0,0.1,0.0,0.0,0.0,0.0,-0.00012624911909416234,-7.003008135701838e-05
1770699717.594909,1.2,0.0,0.03,1.23,0.0,0.1,0.0,0.0,0.0,0.0,-0.00017234114863664025,-9.077977727256792e-05
1770699718.005682,1.2,0.0,0.03,1.23,0.0,0.1,0.0,0.0,0.0,0.0,-0.00022902936267712215,-0.00012018350274260926
1770699718.4135911,1.2,0.0,0.03,1.23,0.0,0.1,0.0,0.0,0.0,0.0,-0.00020617245417160223,-0.0001053719179363531
1770699718.8208876,1.2,0.0,0.03,1.23,0.0,0.1,0.0,0.0,0.0,0.0,-0.0002037566982554158,-0.00010211992471932653
1770699719.226045,1.2,0.0,0.03,1.23,0.0,0.1,0.0,0.0,0.0,0.0,-0.0002518705833262573,-0.00013074668017021282
1770699719.6319463,1.2,0.0,0.03,1.23,0.0,0.1,0.0,0.0,0.0,0.0,-0.00018316136960602302,-9.845160617503494e-05
1770699720.040944,1.2,0.0,0.03,1.23,0.0,0.1,0.0,0.0,0.0,0.0,-0.00016140980040929773,-8.288005712432139e-05
1770699720.4494298,1.2,0.0,0.03,1.23,0.0,0.1,0.0,0.0,0.0,0.0,-7.067530748453313e-05,-4.441110303474302e-05
1770699720.8641636,1.2,0.0,0.03,1.23,0.0,0.1,0.0,0.0,0.0,0.0,-0.000118979623257747,-6.432024320619488e-05
1770699721.271921,1.2,0.0,0.03,1.23,0.0,0.1,0.0,0.0,0.0,0.0,-7.288625606839592e-05,-4.1052464753133065e-05
1770699721.6809263,1.2,0.0,0.03,1.23,0.0,0.1,0.0,0.0,0.0,0.0,-0.00015546623631966234,-8.599111618495781e-05
1770699722.092293,1.2,0.0,0.03,1.23,0.0,0.1,0.0,0.0,0.0,0.0,-7.204948910835955e-05,-4.4366419275310056e-05
1770699722.501008,1.2,0.0,0.03,1.23,0.0,0.1,0.0,0.0,0.0,0.0,-0.00018592434197303183,-0.00010434965627298314
1770699722.9100728,1.2,0.0,0.03,1.23,0.0,0.1,0.0,0.0,0.0,0.0,-0.0002108533827264782,-0.00010791959543858373
1770699723.3222218,1.2,0.0,0.03,1.23,0.0,0.1,0.0,0.0,0.0,0.0,-0.0003020196515708667,-0.0001601264526698722
1770699723.7311525,1.2,0.0,0.03,1.23,0.0,0.1,0.0,0.0,0.0,0.0,-0.0003020914785538753,-0.0001510529219752385
1770699724.1424282,1.2,0.0,0.03,1.23,0.0,0.1,0.0,0.0,0.0,0.0,-0.00030791611545953645,-0.00015454052142033434
1770699724.5525782,1.2,0.0,0.03,1.23,0.0,0.1,0.0,0.0,0.0,0.0,-0.000280787706413722,-0.00014310669411144244
1770699724.962048,1.2,0.0,0.03,1.23,0.0,0.1,0.0,0.0,0.0,0.0,-0.00022592236584332702,-0.00011844771697870301
1770699725.3699207,1.2,0.0,0.03,1.23,0.0,0.1,0.0,0.0,0.0,0.0,-0.00021433229292379302,-0.0001083251537538499
1770699725.7825544,1.2,0.0,0.03,1.23,0.0,0.1,0.0,0.0,0.0,0.0,-5.4350087613097095e-05,-4.317326433761814e-05
1770699726.1923873,1.2,0.0,0.03,1.23,0.0,0.1,0.0,0.0,0.0,0.0,-0.00011299002283085086,-6.23590049372008e-05
1770699726.6019683,1.2,0.0,0.03,1.23,0.0,0.1,0.0,0.0,0.0,0.0,-3.931936525875592e-05,-2.7026748386587455e-05
1770699727.0125737,1.2,0.0,0.03,1.23,0.0,0.1,0.0,0.0,0.0,0.0,-0.0001482750077141204,-8.503306810259665e-05
1770699727.4231255,1.2,0.0,0.03,1.23,0.0,0.1,0.0,0.0,0.0,0.0,-0.00013678398901667465,-6.95410963780819e-05
1770699727.8300827,1.2,0.0,0.03,1.23,0.0,0.1,0.0,0.0,0.0,0.0,-0.00010148554244394666,-5.427261587924613e-05
1770699728.2383175,1.2,0.0,0.03,1.23,0.0,0.1,0.0,0.0,0.0,0.0,-0.00018988163388960715,-0.00010378042608936962
1770699728.6468437,1.2,0.0,0.03,1.23,0.0,0.1,0.0,0.0,0.0,0.0,-0.00024207562048942708,-0.00012625720890469552
1770699729.0602212,1.2,0.0,0.03,1.23,0.0,0.1,0.0,0.0,0.0,0.0,-0.00023191757260133223,-0.0001169745910894756
1770699729.4682481,1.2,0.0,0.03,1.23,0.0,0.1,0.0,0.0,0.0,0.0,-0.0002463305141299291,-0.00012460655121782424
1770699729.8756096,1.2,0.0,0.03,1.23,0.0,0.1,0.0,0.0,0.0,0.0,-0.0003093012224187484,-0.00016094768203825613
1770699730.2859726,1.2,0.0,0.03,1.23,0.0,0.1,0.0,0.0,0.0,0.0,-0.00019650850465477603,-0.00010953352410378526
1770699730.6926713,1.2,0.0,0.03,1.23,0.0,0.1,0.0,0.0,0.0,0.0,-0.00015712322448973413,-8.250014026137126e-05
1770699731.1021583,1.2,0.0,0.03,1.23,0.0,0.1,0.0,0.0,0.0,0.0,-0.0001459518761829181,-7.409307292214065e-05
1770699731.510676,1.2,0.0,0.03,1.23,0.0,0.1,0.0,0.0,0.0,0.0,-6.844715745388739e-05,-4.197405059984676e-05
1770699731.9181097,1.2,0.0,0.03,1.23,0.0,0.1,0.0,0.0,0.0,0.0,1.5396019307454005e-05,-1.6082327329861142e-05
1770699732.3264766,1.2,0.0,0.03,1.23,0.0,0.1,0.0,0.0,0.0,0.0,-7.099316978904692e-05,-4.4135503804173554e-05
1770699732.7338905,1.2,0.0,0.03,1.23,0.0,0.1,0.0,0.0,0.0,0.0,-0.0001029349514241769,-5.466165387560145e-05
1770699733.1482444,1.2,0.0,0.03,1.23,0.0,0.1,0.0,0.0,0.0,0.0,-0.00022604680558478303,-0.00012533458820845214
1770699733.555868,1.2,0.0,0.03,1.23,0.0,0.1,0.0,0.0,0.0,0.0,-0.0003703619585199528,-0.00019961249455349337
1770699733.9624386,1.2,0.0,0.03,1.23,0.0,0.1,0.0,0.0,0.0,0.0,-0.0003886239411632205,-0.000196138168845937
1770699734.3695378,1.2,0.0,0.03,1.23,0.0,0.1,0.0,0.0,0.0,0.0,-0.00039897207910151005,-0.00020052085334458397
1770699734.7773218,1.2,0.0,0.03,1.23,0.0,0.1,0.0,0.0,0.0,0.0,-0.0003171375617667096,-0.00016675223261683483
1770699735.185438,1.2,0.0,0.03,1.23,0.0,0.1,0.0,0.0,0.0,0.0,-0.00038648947594899225,-0.00020017992939272438
1770699735.5965676,1.2,0.0,0.03,1.23,0.0,0.1,0.0,0.0,0.0,0.0,-0.0002955293487559069,-0.000156860687097262
1770699736.0162637,1.2,0.0,0.03,1.23,0.0,0.1,0.0,0.0,0.0,0.0,-0.00028273479674964053,-0.0001426468535754469
1770699736.4250188,1.2,0.0,0.03,1.23,0.0,0.1,0.0,0.0,0.0,0.0,-0.0001867556733253936,-0.0001029757490051215
1770699736.831618,1.2,0.0,0.03,1.23,0.0,0.1,0.0,0.0,0.0,0.0,-0.0001999832851378662,-0.00010131440375018037
1770699737.24048,1.2,0.0,0.03,1.23,0.0,0.1,0.0,0.0,0.0,0.0,-0.0001750160153045555,-9.000473463560883e-05
1770699737.6564326,1.2,0.0,0.03,1.23,0.0,0.1,0.0,0.0,0.0,0.0,-0.00023709056503440628,-0.00012475273749018822
1770699738.0811496,1.2,0.0,0.03,1.23,0.0,0.1,0.0,0.0,0.0,0.0,-0.00023449761605764567,-0.0001175081029264989
1770699738.4949632,1.2,0.0,0.03,1.23,0.0,0.1,0.0,0.0,0.0,0.0,-0.00025309040164792984,-0.00012840447938299333
1770699738.9023106,1.2,0.0,0.03,1.23,0.0,0.1,0.0,0.0,0.0,0.0,-0.0002719503027559186,-0.00013786114148875818
1770699739.3152263,1.2,0.0,0.03,1.23,0.0,0.1,0.0,0.0,0.0,0.0,-0.0002805943600218688,-0.00014116158573752944
1770699739.7219174,1.2,0.0,0.03,1.23,0.0,0.1,0.0,0.0,0.0,0.0,-0.0002434584090043898,-0.0001254427996039428
1770699740.126867,1.2,0.0,0.03,1.23,0.0,0.1,0.0,0.0,0.0,0.0,-0.00025169696274006495,-0.0001266723367436
1770699740.536264,1.2,0.0,0.03,1.23,0.0,0.1,0.0,0.0,0.0,0.0,-0.0002419023732521798,-0.0001219306455748784
1770699740.9461887,1.2,0.0,0.03,1.23,0.0,0.1,0.0,0.0,0.0,0.0,-0.00017489836559808131,-9.41495835644505e-05
1770699741.358354,1.2,0.0,0.03,1.23,0.0,0.1,0.0,0.0,0.0,0.0,-0.00021194738285272718,-0.00010967859315182818
1770699741.7679088,1.2,0.0,0.03,1.23,0.0,0.1,0.0,0.0,0.0,0.0,-0.00013965324106800096,-7.70560347124731e-05
1770699742.1736941,1.2,0.0,0.03,1.23,0.0,0.1,0.0,0.0,0.0,0.0,-0.00011098158395038299,-5.835795768695329e-05
1770699742.5808847,1.2,0.0,0.03,1.23,0.0,0.1,0.0,0.0,0.0,0.0,-0.00010830632065810746,-5.4420686658281285e-05
1770699742.9903133,1.2,0.0,0.03,1.23,0.0,0.1,0.0,0.0,0.0,0.0,-0.00015701596543661633,-8.337894719615905e-05
1770699743.3977253,1.2,0.0,0.03,1.23,0.0,0.1,0.0,0.0,0.0,0.0,-0.00025421082769844336,-0.0001368249000754044
1770699743.8227358,1.2,0.0,0.03,1.23,0.0,0.1,0.0,0.0,0.0,0.0,-0.0002587369857129969,-0.0001298211086579538
1770699744.2389174,1.2,0.0,0.03,1.23,0.0,0.1,0.0,0.0,0.0,0.0,-0.0002831745391809286,-0.00014403102493725748
1770699744.6488552,1.2,0.0,0.03,1.23,0.0,0.1,0.0,0.0,0.0,0.0,-0.00022132480384950403,-0.00011684737545789447
1770699745.0565372,1.2,0.0,0.03,1.23,0.0,0.1,0.0,0.0,0.0,0.0,-0.0002833725070237594,-0.00014789102382930524
1770699745.4630187,1.2,0.0,0.03,1.23,0.0,0.1,0.0,0.0,0.0,0.0,-0.0002519133058621239,-0.0001291025730472255
1770699745.8699727,1.2,0.0,0.03,1.23,0.0,0.1,0.0,0.0,0.0,0.0,-0.00028367243696437826,-0.00014501213159241456
1770699746.2773075,1.2,0.0,0.03,1.23,0.0,0.1,0.0,0.0,0.0,0.0,-0.00024067982136519183,-0.00012463917224251456
1770699746.684014,1.2,0.0,0.03,1.23,0.0,0.1,0.0,0.0,0.0,0.0,-0.0001358044795618003,-7.83897739612393e-05
1770699747.0916684,1.2,0.0,0.03,1.23,0.0,0.1,0.0,0.0,0.0,0.0,-0.0001439142677793282,-7.276811271141689e-05
1770699747.4997773,1.2,0.0,0.03,1.23,0.0,0.1,0.0,0.0,0.0,0.0,-0.0002050117602317848,-0.00010861562936113806
1770699747.9067767,1.2,0.0,0.03,1.23,0.0,0.1,0.0,0.0,0.0,0.0,-0.0001946495949901269,-9.836101401922925e-05
1770699748.314892,1.2,0.0,0.03,1.23,0.0,0.1,0.0,0.0,0.0,0.0,-0.00018339099220544394,-9.282135638119026e-05
1770699748.7228448,1.2,0.0,0.03,1.23,0.0,0.1,0.0,0.0,0.0,0.0,-0.00027354150727799416,-0.0001457858051462521
1770699749.1271892,1.2,0.0,0.03,1.23,0.0,0.1,0.0,0.0,0.0,0.0,-0.0002817225400588831,-0.00014167937330753045
1770699749.534827,1.2,0.0,0.03,1.23,0.0,0.1,0.0,0.0,0.0,0.0,-0.00040330849668723,-0.00021381284400644968
1770699749.9463813,1.2,0.0,0.03,1.23,0.0,0.1,0.0,0.0,0.0,0.0,-0.0003606566715556845,-0.0001845935182909968
1770699750.3571622,1.2,0.0,0.03,1.23,0.0,0.1,0.0,0.0,0.0,0.0,-0.0003863728909710291,-0.00019575806742704903
1770699750.7632573,1.2,0.0,0.03,1.23,0.0,0.1,0.0,0.0,0.0,0.0,-0.00038691455274116065,-0.00019351144254759349
1770699751.173406,1.2,0.0,0.03,1.23,0.0,0.1,0.0,0.0,0.0,0.0,-0.000392747541400311,-0.00019695706956607053
1770699751.5835702,1.2,0.0,0.03,1.23,0.0,0.1,0.0,0.0,0.0,0.0,-0.000228262274936912,-0.0001305796641147959
1770699752.0003536,1.2,0.0,0.03,1.23,0.0,0.1,0.0,0.0,0.0,0.0,-0.00015958996993968157,-8.666221546956383e-05
1770699752.4115715,1.2,0.0,0.03,1.23,0.0,0.1,0.0,0.0,0.0,0.0,-0.00016323102260105526,-8.1979616566665e-05
1770699752.8207493,1.2,0.0,0.03,1.23,0.0,0.1,0.0,0.0,0.0,0.0,-0.00018626360835170356,-9.54350627509166e-05
1770699753.2260559,1.2,0.0,0.03,1.23,0.0,0.1,0.0,0.0,0.0,0.0,-0.00011230755795547819,-6.354938401736164e-05
1770699753.635116,1.2,0.0,0.03,1.23,0.0,0.1,0.0,0.0,0.0,0.0,-8.432419768282223e-05,-4.496043486867671e-05
1770699754.0417378,1.2,0.0,0.03,1.23,0.0,0.1,0.0,0.0,0.0,0.0,-5.623029263370547e-05,-3.092453682176441e-05
1770699754.451643,1.2,0.0,0.03,1.23,0.0,0.1,0.0,0.0,0.0,0.0,-0.00018402532877589365,-0.00010479216800216564
1770699754.8592322,1.2,0.0,0.03,1.23,0.0,0.1,0.0,0.0,0.0,0.0,-0.00023535119517256815,-0.00012280818422595152
1770699755.2652254,1.2,0.0,0.03,1.23,0.0,0.1,0.0,0.0,0.0,0.0,-0.00025134295793731865,-0.00012727065524513438
1770699755.6729133,1.2,0.0,0.03,1.23,0.0,0.1,0.0,0.0,0.0,0.0,-0.0002593605761370447,-0.00013048204988849493
1770699756.090226,1.2,0.0,0.03,1.23,0.0,0.1,0.0,0.0,0.0,0.0,-0.00023437043241597493,-0.00011968423058009443
1770699756.4984994,1.2,0.0,0.03,1.23,0.0,0.1,0.0,0.0,0.0,0.0,-0.00021948371436517427,-0.0001112305289876672
1770699756.9108207,1.2,0.0,0.03,1.23,0.0,0.1,0.0,0.0,0.0,0.0,-0.000228712804389863,-0.00011527931119740036
1770699757.3180058,1.2,0.0,0.03,1.23,0.0,0.1,0.0,0.0,0.0,0.0,-0.00020468092757833033,-0.00010474365147031843
1770699757.7248979,1.2,0.0,0.03,1.23,0.0,0.1,0.0,0.0,0.0,0.0,-0.00020117304183796223,-0.00010093730949301792
1770699758.1324708,1.2,0.0,0.03,1.23,0.0,0.1,0.0,0.0,0.0,0.0,-0.00029332067061690496,-0.00015587509818634676
1770699758.54253,1.2,0.0,0.03,1.23,0.0,0.1,0.0,0.0,0.0,0.0,-0.00019680301453132762,-0.00010805327287422154
1770699758.9586997,1.2,0.0,0.03,1.23,0.0,0.1,0.0,0.0,0.0,0.0,-0.00026661220277802414,-0.00014028702021368173
1770699759.367014,1.2,0.0,0.03,1.23,0.0,0.1,0.0,0.0,0.0,0.0,-0.00037384057367833537,-0.0001976431239291988
1770699759.774659,1.2,0.0,0.03,1.23,0.0,0.1,0.0,0.0,0.0,0.0,-0.00031500798411352165,-0.0001633872510132422
1770699760.1875055,1.2,0.0,0.03,1.23,0.0,0.1,0.0,0.0,0.0,0.0,-0.00039091031456683277,-0.0002030453903287475
1770699760.5962446,1.2,0.0,0.03,1.23,0.0,0.1,0.0,0.0,0.0,0.0,-0.00043839898379314086,-0.00022394835881920123
1770699761.0063097,1.2,0.0,0.03,1.23,0.0,0.1,0.0,0.0,0.0,0.0,-0.00045207704428003927,-0.00022740632818870948
1770699761.4216716,1.2,0.0,0.03,1.23,0.0,0.1,0.0,0.0,0.0,0.0,-0.0004469928109969602,-0.000224004828826788
1770699761.8298151,1.2,0.0,0.03,1.23,0.0,0.1,0.0,0.0,0.0,0.0,-0.0004899896092210315,-0.00024929448443292287
1770699762.2398465,1.2,0.0,0.03,1.23,0.0,0.1,0.0,0.0,0.0,0.0,-0.00034311600586659977,-0.00018624536326874305
1770699762.6591723,1.2,0.0,0.03,1.23,0.0,0.1,0.0,0.0,0.0,0.0,-0.00028702750975340976,-0.00014912260448802389
1770699763.095622,1.2,0.0,0.03,1.23,0.0,0.1,0.0,0.0,0.0,0.0,-0.00024288729465561572,-0.00012585766883758725
1770699763.5087738,1.2,0.0,0.03,1.23,0.0,0.1,0.0,0.0,0.0,0.0,-0.00031058631170678333,-0.00016206305755850844
1770699763.9295993,1.2,0.0,0.03,1.23,0.0,0.1,0.0,0.0,0.0,0.0,-0.00032780935363197633,-0.00016562698100850746
1770699764.3389456,1.2,0.0,0.03,1.23,0.0,0.1,0.0,0.0,0.0,0.0,-0.000240503144944864,-0.00012898219334114323
1770699764.7615216,1.2,0.0,0.03,1.23,0.0,0.1,0.0,0.0,0.0,0.0,-0.00041904252705501525,-0.00022737520173852274
1770699765.1692781,1.2,0.0,0.03,1.23,0.0,0.1,0.0,0.0,0.0,0.0,-0.0004514694893403055,-0.00022897744089868177
1770699765.5724194,1.2,0.0,0.03,1.23,0.0,0.1,0.0,0.0,0.0,0.0,-0.0005252584350149049,-0.00027000811207491236
1770699765.9797623,1.2,0.0,0.03,1.23,0.0,0.1,0.0,0.0,0.0,0.0,-0.000535805259364569,-0.0002689573121172509
1770699766.3899746,1.2,0.0,0.03,1.23,0.0,0.1,0.0,0.0,0.0,0.0,-0.0005224221211088011,-0.0002625493743799773
1770699766.8002853,1.2,0.0,0.03,1.23,0.0,0.1,0.0,0.0,0.0,0.0,-0.0004004774766460321,-0.00021243320276929294
1770699767.2103865,1.2,0.0,0.03,1.23,0.0,0.1,0.0,0.0,0.0,0.0,-0.000375143687896872,-0.000190105222823352
1770699767.6321743,1.2,0.0,0.03,1.23,0.0,0.1,0.0,0.0,0.0,0.0,-0.00026975159029074536,-0.00014541500490598534
1770699768.0627124,1.2,0.0,0.03,1.23,0.0,0.1,0.0,0.0,0.0,0.0,-0.00023011821769223305,-0.00011902244610596776
1770699768.4720762,1.2,0.0,0.03,1.23,0.0,0.1,0.0,0.0,0.0,0.0,-0.0001793137553677121,-9.473732391630815e-05
1770699768.8835025,1.2,0.0,0.03,1.23,0.0,0.1,0.0,0.0,0.0,0.0,-0.00020046635333894792,-0.00010234843646659754
1770699769.2963068,1.2,0.0,0.03,1.23,0.0,0.1,0.0,0.0,0.0,0.0,-0.0002485501989767663,-0.000129083484052165
1770699769.8282483,1.2,0.0,0.03,1.23,0.0,0.1,0.0,0.0,0.0,0.0,-0.00026505728479530883,-0.00013417935097950867
1770699770.2714982,1.2,0.0,0.03,1.23,0.0,0.1,0.0,0.0,0.0,0.0,-0.00025928408503953225,-0.0001302193624953438
1770699770.7006078,1.2,0.0,0.03,1.23,0.0,0.1,0.0,0.0,0.0,0.0,-0.00024191110009643923,-0.00012269284854252892
1770699771.118513,1.2,0.0,0.03,1.23,0.0,0.1,0.0,0.0,0.0,0.0,-0.00036706809932923615,-0.00019604974958789778
1770699771.5249534,1.2,0.0,0.03,1.23,0.0,0.1,0.0,0.0,0.0,0.0,-0.0003689439260961587,-0.0001846595457247716
1770699771.9315467,1.2,0.0,0.03,1.23,0.0,0.1,0.0,0.0,0.0,0.0,-0.0004219801266821862,-0.00021629368339969585
1770699772.3381014,1.2,0.0,0.03,1.23,0.0,0.1,0.0,0.0,0.0,0.0,-0.00044070218323400724,-0.00022222329727218573
1770699772.7469716,1.2,0.0,0.03,1.23,0.0,0.1,0.0,0.0,0.0,0.0,-0.00027110858555106255,-0.00015251365254382573
1770699773.1521976,1.2,0.0,0.03,1.23,0.0,0.1,0.0,0.0,0.0,0.0,-0.0001970641742296379,-0.00010593652824696142
1770699773.5636966,1.2,0.0,0.03,1.23,0.0,0.1,0.0,0.0,0.0,0.0,-0.000300795694594487,-0.0001607709993337284
1770699773.9733162,1.2,0.0,0.03,1.23,0.0,0.1,0.0,0.0,0.0,0.0,-0.0003346345994925897,-0.0001707011902361051
1770699774.3798423,1.2,0.0,0.03,1.23,0.0,0.1,0.0,0.0,0.0,0.0,-0.00023243704075650713,-0.0001264382762518618
1770699774.785928,1.2,0.0,0.03,1.23,0.0,0.1,0.0,0.0,0.0,0.0,-0.00024738181629958855,-0.0001251853857041024
1770699775.1947632,1.2,0.0,0.03,1.23,0.0,0.1,0.0,0.0,0.0,0.0,-0.0003588627121743456,-0.0001905794456746485
1770699775.60966,1.2,0.0,0.03,1.23,0.0,0.1,0.0,0.0,0.0,0.0,-0.00039346759174707066,-0.00020019428383080784
1770699776.0198774,1.2,0.0,0.03,1.23,0.0,0.1,0.0,0.0,0.0,0.0,-0.0004383706803336561,-0.0002236756490254866
1770699776.4276626,1.2,0.0,0.03,1.23,0.0,0.1,0.0,0.0,0.0,0.0,-0.00035219754692536183,-0.00018471608680351034
1770699776.8376625,1.2,0.0,0.03,1.23,0.0,0.1,0.0,0.0,0.0,0.0,-0.00047209855105854526,-0.000248039375942591
1770699777.2448995,1.2,0.0,0.03,1.23,0.0,0.1,0.0,0.0,0.0,0.0,-0.00038228489042422046,-0.0002001238112755427
1770699777.652463,1.2,0.0,0.03,1.23,0.0,0.1,0.0,0.0,0.0,0.0,-0.0004421306989269766,-0.00022704993031376393
1770699778.0595212,1.2,0.0,0.03,1.23,0.0,0.1,0.0,0.0,0.0,0.0,-0.00024813163087823264,-0.00014346572224399072
1770699778.4663725,1.2,0.0,0.03,1.23,0.0,0.1,0.0,0.0,0.0,0.0,-0.00020674837037708169,-0.00010751251123865594
1770699778.8780649,1.2,0.0,0.03,1.23,0.0,0.1,0.0,0.0,0.0,0.0,-0.00020839083550727467,-0.00010435966426665664
1770699779.288227,1.2,0.0,0.03,1.23,0.0,0.1,0.0,0.0,0.0,0.0,-0.00025171432556402864,-0.0001301895117876897
1770699779.6933396,1.2,0.0,0.03,1.23,0.0,0.1,0.0,0.0,0.0,0.0,-0.0002202981851969939,-0.00011329070663520042
1770699780.1009076,1.2,0.0,0.03,1.23,0.0,0.1,0.0,0.0,0.0,0.0,-0.00026241537422495447,-0.00013541940601527328
1770699780.5073187,1.2,0.0,0.03,1.23,0.0,0.1,0.0,0.0,0.0,0.0,-0.00030773399239201717,-0.00015839885801271486
1770699780.920699,1.2,0.0,0.03,1.23,0.0,0.1,0.0,0.0,0.0,0.0,-0.0003961472664419336,-0.00020691496062595844
1770699781.3289237,1.2,0.0,0.03,1.23,0.0,0.1,0.0,0.0,0.0,0.0,-0.0004903276071986095,-0.00025458183767497234
1770699781.7387218,1.2,0.0,0.03,1.23,0.0,0.1,0.0,0.0,0.0,0.0,-0.00045853364506969873,-0.00023244621874774044
1770699782.1466994,1.2,0.0,0.03,1.23,0.0,0.1,0.0,0.0,0.0,0.0,-0.0004732382627763855,-0.00023808959315886144
1770699782.5558796,1.2,0.0,0.03,1.23,0.0,0.1,0.0,0.0,0.0,0.0,-0.0003911037595381026,-0.0002037653300928796
1770699782.9729872,1.2,0.0,0.03,1.23,0.0,0.1,0.0,0.0,0.0,0.0,-0.0004471768454779386,-0.0002291957313329529
1770699783.394651,1.2,0.0,0.03,1.23,0.0,0.1,0.0,0.0,0.0,0.0,-0.00033682601345013486,-0.0001794480899278478
1770699783.8060305,1.2,0.0,0.03,1.23,0.0,0.1,0.0,0.0,0.0,0.0,-0.0003191236740440803,-0.0001613320709626456
1770699784.2154105,1.2,0.0,0.03,1.23,0.0,0.1,0.0,0.0,0.0,0.0,-0.0002475687946593163,-0.00013093988526813454
1770699784.6223426,1.2,0.0,0.03,1.23,0.0,0.1,0.0,0.0,0.0,0.0,-0.0001633477496164932,-9.009597931252891e-05
1770699785.0296326,1.2,0.0,0.03,1.23,0.0,0.1,0.0,0.0,0.0,0.0,-8.696093974014077e-05,-5.111915085770563e-05
1770699785.440529,1.2,0.0,0.03,1.23,0.0,0.1,0.0,0.0,0.0,0.0,-9.446292618251728e-05,-4.7981661735496294e-05
1770699785.8506696,1.2,0.0,0.03,1.23,0.0,0.1,0.0,0.0,0.0,0.0,-0.00022808834668505945,-0.00012740671539278393
1770699786.2570407,1.2,0.0,0.03,1.23,0.0,0.1,0.0,0.0,0.0,0.0,-0.0002887868256319084,-0.0001504632607106391
1770699786.6685274,1.2,0.0,0.03,1.23,0.0,0.1,0.0,0.0,0.0,0.0,-0.0003384452198928769,-0.0001741884493725353
1770699787.0752165,1.2,0.0,0.03,1.23,0.0,0.1,0.0,0.0,0.0,0.0,-0.0003394222240749868,-0.00016980881245570438
1770699787.4881344,1.2,0.0,0.03,1.23,0.0,0.1,0.0,0.0,0.0,0.0,-0.0003896939397319804,-0.00019987414143168958
1770699787.8962405,1.2,0.0,0.03,1.23,0.0,0.1,0.0,0.0,0.0,0.0,-0.00032561661271400083,-0.00016921603905879838
1770699788.3065534,1.2,0.0,0.03,1.23,0.0,0.1,0.0,0.0,0.0,0.0,-0.000339585299743219,-0.00017118951857453133
1770699788.7219384,1.2,0.0,0.03,1.23,0.0,0.1,0.0,0.0,0.0,0.0,-0.00021103586701998173,-0.0001183728767823146
1770699789.1268833,1.2,0.0,0.03,1.23,0.0,0.1,0.0,0.0,0.0,0.0,-0.00010347029206514302,-6.249170352805539e-05
1770699789.5366414,1.2,0.0,0.03,1.23,0.0,0.1,0.0,0.0,0.0,0.0,-0.00013803398305719288,-7.247336062780143e-05
1770699789.9427574,1.2,0.0,0.03,1.23,0.0,0.1,0.0,0.0,0.0,0.0,-0.00016046435533843744,-8.247521489734318e-05
1770699790.353104,1.2,0.0,0.03,1.23,0.0,0.1,0.0,0.0,0.0,0.0,-0.00010753661317730489,-5.90610808047657e-05
1770699790.7569523,1.2,0.0,0.03,1.23,0.0,0.1,0.0,0.0,0.0,0.0,-5.812988490145145e-05,-3.400561527831107e-05
1770699791.1621194,1.2,0.0,0.03,1.23,0.0,0.1,0.0,0.0,0.0,0.0,-0.00016154447080599693,-9.111369399345302e-05
1770699791.5760682,1.2,0.0,0.03,1.23,0.0,0.1,0.0,0.0,0.0,0.0,-8.631345873651008e-05,-5.067983057520373e-05
1770699791.9906232,1.2,0.0,0.03,1.23,0.0,0.1,0.0,0.0,0.0,0.0,-0.00016626259197661392,-9.112620931231734e-05
1770699792.3990085,1.2,0.0,0.03,1.23,0.0,0.1,0.0,0.0,0.0,0.0,-0.00023144890728969157,-0.00012224308517615355
1770699792.8124256,1.2,0.0,0.03,1.23,0.0,0.1,0.0,0.0,0.0,0.0,-0.00024898442628383126,-0.00012624576504132958
1770699793.2222426,1.2,0.0,0.03,1.23,0.0,0.1,0.0,0.0,0.0,0.0,-0.00017065423831128754,-9.316013795289814e-05
1770699793.6288545,1.2,0.0,0.03,1.23,0.0,0.1,0.0,0.0,0.0,0.0,-0.00017904436332308427,-9.03611941627218e-05
1770699794.0375614,1.2,0.0,0.03,1.23,0.0,0.1,0.0,0.0,0.0,0.0,-0.00012198742906334347,-6.669940795764582e-05
1770699794.4445603,1.2,0.0,0.03,1.23,0.0,0.1,0.0,0.0,0.0,0.0,-0.00012651022964934214,-6.370739488327093e-05
1770699794.8576348,1.2,0.0,0.03,1.23,0.0,0.1,0.0,0.0,0.0,0.0,-0.00015079687689774325,-7.782710317371173e-05
1770699795.2691073,1.2,0.0,0.03,1.23,0.0,0.1,0.0,0.0,0.0,0.0,-0.00020721068370330514,-0.00010924672253220876
1770699795.6753652,1.2,0.0,0.03,1.23,0.0,0.1,0.0,0.0,0.0,0.0,-0.0002302031795372756,-0.00011740083935203484
1770699796.0853174,1.2,0.0,0.03,1.23,0.0,0.1,0.0,0.0,0.0,0.0,-0.0001658284223831441,-8.935168690698521e-05
1770699796.4942868,1.2,0.0,0.03,1.23,0.0,0.1,0.0,0.0,0.0,0.0,-0.0002890492388138051,-0.00015684670104996866
1770699796.9069717,1.2,0.0,0.03,1.23,0.0,0.1,0.0,0.0,0.0,0.0,-0.0002876123103977695,-0.00014394984804048832
1770699797.327684,1.2,0.0,0.03,1.23,0.0,0.1,0.0,0.0,0.0,0.0,-0.0003630470265426408,-0.0001890669848858075
1770699797.733212,1.2,0.0,0.03,1.23,0.0,0.1,0.0,0.0,0.0,0.0,-0.000341688602160898,-0.00017298014351862327
1770699798.1411192,1.2,0.0,0.03,1.23,0.0,0.1,0.0,0.0,0.0,0.0,-0.0004060591743469288,-0.00020946664439206746
1770699798.5491009,1.2,0.0,0.03,1.23,0.0,0.1,0.0,0.0,0.0,0.0,-0.0002738509354116643,-0.0001501462915993586
1770699798.9570093,1.2,0.0,0.03,1.23,0.0,0.1,0.0,0.0,0.0,0.0,-0.0002402614337283585,-0.00012348966703250983
1770699799.366352,1.2,0.0,0.03,1.23,0.0,0.1,0.0,0.0,0.0,0.0,-0.0002571864343918804,-0.00013028571726229237
1770699799.7737503,1.2,0.0,0.03,1.23,0.0,0.1,0.0,0.0,0.0,0.0,-0.00023730899348892946,-0.00012064224083475982
1770699800.1800354,1.2,0.0,0.03,1.23,0.0,0.1,0.0,0.0,0.0,0.0,-0.00010118086134299696,-6.420324388609172e-05
1770699800.5917954,1.2,0.0,0.03,1.23,0.0,0.1,0.0,0.0,0.0,0.0,-6.79634776571895e-05,-3.73034771971755e-05
1770699801.005533,1.2,0.0,0.03,1.23,0.0,0.1,0.0,0.0,0.0,0.0,-9.824410837356403e-05,-5.2150117258419466e-05
1770699801.4170358,1.2,0.0,0.03,1.23,0.0,0.1,0.0,0.0,0.0,0.0,-2.6263144929124436e-05,-2.0329668809006178e-05
1770699801.824626,1.2,0.0,0.03,1.23,0.0,0.1,0.0,0.0,0.0,0.0,-7.319424099403025e-05,-4.129023010350571e-05
1770699802.2299988,1.2,0.0,0.03,1.23,0.0,0.1,0.0,0.0,0.0,0.0,-0.00011148508321002441,-5.957162582661162e-05
1770699802.6382685,1.2,0.0,0.03,1.23,0.0,0.1,0.0,0.0,0.0,0.0,-0.00025331849683734404,-0.000140842589781404
1770699803.0437095,1.2,0.0,0.03,1.23,0.0,0.1,0.0,0.0,0.0,0.0,-0.000327330942326982,-0.0001710667157124548
1770699803.4523988,1.2,0.0,0.03,1.23,0.0,0.1,0.0,0.0,0.0,0.0,-0.0003518174665057677,-0.00017835738567076242
1770699803.8634353,1.2,0.0,0.03,1.23,0.0,0.1,0.0,0.0,0.0,0.0,-0.00031475666966763387,-0.00016108441451763032
1770699804.2722259,1.2,0.0,0.03,1.23,0.0,0.1,0.0,0.0,0.0,0.0,-0.00042120153383011646,-0.0002212452533313065
1770699804.6800342,1.2,0.0,0.03,1.23,0.0,0.1,0.0,0.0,0.0,0.0,-0.00036673223076060164,-0.0001888130456872523
1770699805.0890136,1.2,0.0,0.03,1.23,0.0,0.1,0.0,0.0,0.0,0.0,-0.00032143950461861824,-0.00016524902492350745
1770699805.4989295,1.2,0.0,0.03,1.23,0.0,0.1,0.0,0.0,0.0,0.0,-0.00017722941023080635,-0.00010303571455418437
1770699805.9070287,1.2,0.0,0.03,1.23,0.0,0.1,0.0,0.0,0.0,0.0,-0.00015895819175338398,-8.130621772443422e-05
1770699806.3175051,1.2,0.0,0.03,1.23,0.0,0.1,0.0,0.0,0.0,0.0,-0.00011375098211990453,-6.139621202330021e-05
1770699806.7269034,1.2,0.0,0.03,1.23,0.0,0.1,0.0,0.0,0.0,0.0,-4.626601129948676e-05,-2.9881502731785157e-05
1770699807.13785,1.2,0.0,0.03,1.23,0.0,0.1,0.0,0.0,0.0,0.0,-0.00021666521584311335,-0.00012537252837591933
1770699807.5460823,1.2,0.0,0.03,1.23,0.0,0.1,0.0,0.0,0.0,0.0,-0.00019787901902121,-0.00010081812919279533
1770699807.954939,1.2,0.0,0.03,1.23,0.0,0.1,0.0,0.0,0.0,0.0,-0.00022016738436739057,-0.00011231252871831334
1770699808.3647761,1.2,0.0,0.03,1.23,0.0,0.1,0.0,0.0,0.0,0.0,-0.0003327822404898692,-0.00017765260585718244
1770699808.7712615,1.2,0.0,0.03,1.23,0.0,0.1,0.0,0.0,0.0,0.0,-0.0003063446825430116,-0.00015581609706619156
1770699809.1755512,1.2,0.0,0.03,1.23,0.0,0.1,0.0,0.0,0.0,0.0,-0.000206496709739263,-0.00011323315215000636
1770699809.5820692,1.2,0.0,0.03,1.23,0.0,0.1,0.0,0.0,0.0,0.0,-0.00023532123323044142,-0.00012054306896433855
1770699809.9922304,1.2,0.0,0.03,1.23,0.0,0.1,0.0,0.0,0.0,0.0,-0.00028917414202716467,-0.00014997236189325466
1770699810.402618,1.2,0.0,0.03,1.23,0.0,0.1,0.0,0.0,0.0,0.0,-0.00029723713728126063,-0.00014942486816603992
1770699810.8126986,1.2,0.0,0.03,1.23,0.0,0.1,0.0,0.0,0.0,0.0,-0.0001921888665673655,-0.00010659926035507227
1770699811.2197812,1.2,0.0,0.03,1.23,0.0,0.1,0.0,0.0,0.0,0.0,-0.0001795045470260149,-9.102070546714251e-05
1770699811.6267805,1.2,0.0,0.03,1.23,0.0,0.1,0.0,0.0,0.0,0.0,-0.000185417043478707,-9.329977138462271e-05
1770699812.03853,1.2,0.0,0.03,1.23,0.0,0.1,0.0,0.0,0.0,0.0,-2.817106390335293e-05,-2.9810129909211875e-05
1770699812.4458148,1.2,0.0,0.03,1.23,0.0,0.1,0.0,0.0,0.0,0.0,-0.00013642012480158806,-7.903496849061754e-05
1770699812.8551168,1.2,0.0,0.03,1.23,0.0,0.1,0.0,0.0,0.0,0.0,-0.00025457424098680975,-0.00013910253211192705
1770699813.2688522,1.2,0.0,0.03,1.23,0.0,0.1,0.0,0.0,0.0,0.0,-0.0003120186448479258,-0.0001617537628100745
1770699813.6758707,1.2,0.0,0.03,1.23,0.0,0.1,0.0,0.0,0.0,0.0,-0.00026791065062529567,-0.00013836612473491086
1770699814.0858872,1.2,0.0,0.03,1.23,0.0,0.1,0.0,0.0,0.0,0.0,-0.0004035759818495371,-0.0002153545240471927
1770699814.495375,1.2,0.0,0.03,1.23,0.0,0.1,0.0,0.0,0.0,0.0,-0.00032362210360942386,-0.00016980643962872326
1770699814.9040096,1.2,0.0,0.03,1.23,0.0,0.1,0.0,0.0,0.0,0.0,-0.00027079197603338155,-0.00014067900077429502
1770699815.316861,1.2,0.0,0.03,1.23,0.0,0.1,0.0,0.0,0.0,0.0,-0.00028563567561389123,-0.00014430220776499657
1770699815.7242384,1.2,0.0,0.03,1.23,0.0,0.1,0.0,0.0,0.0,0.0,-0.0001589070198356819,-9.212637549566189e-05
1770699816.1328201,1.2,0.0,0.03,1.23,0.0,0.1,0.0,0.0,0.0,0.0,-0.00013207506812745664,-6.872072923455084e-05
1770699816.5420532,1.2,0.0,0.03,1.23,0.0,0.1,0.0,0.0,0.0,0.0,-0.00010460408766575694,-5.504914187904844e-05
1770699816.9492328,1.2,0.0,0.03,1.23,0.0,0.1,0.0,0.0,0.0,0.0,-0.00014818621650864328,-7.845132113861028e-05
1770699817.3580563,1.2,0.0,0.03,1.23,0.0,0.1,0.0,0.0,0.0,0.0,-0.00027834162958328013,-0.00015218635609910375
1770699817.7684672,1.2,0.0,0.03,1.23,0.0,0.1,0.0,0.0,0.0,0.0,-0.0002783134172527239,-0.00013915952985941757
1770699818.173482,1.2,0.0,0.03,1.23,0.0,0.1,0.0,0.0,0.0,0.0,-0.00028221351474465826,-0.00014149676712152257
1770699818.591195,1.2,0.0,0.03,1.23,0.0,0.1,0.0,0.0,0.0,0.0,-0.00031574448695827483,-0.00016122534070049907
1770699819.0027037,1.2,0.0,0.03,1.23,0.0,0.1,0.0,0.0,0.0,0.0,-0.00028130361849206144,-0.00014409589609265205
1770699819.4109018,1.2,0.0,0.03,1.23,0.0,0.1,0.0,0.0,0.0,0.0,-0.0004374607115517242,-0.00023434606508182838
1770699819.8216267,1.2,0.0,0.03,1.23,0.0,0.1,0.0,0.0,0.0,0.0,-0.00031401127639321745,-0.0001693505817124594
1770699820.2282214,1.2,0.0,0.03,1.23,0.0,0.1,0.0,0.0,0.0,0.0,-0.00017758202601887317,-0.00010243393804687101
1770699820.6355288,1.2,0.0,0.03,1.23,0.0,0.1,0.0,0.0,0.0,0.0,-0.0001899093259356395,-9.618739295949638e-05
1770699821.0427034,1.2,0.0,0.03,1.23,0.0,0.1,0.0,0.0,0.0,0.0,-0.0001792132799689727,-9.067624458115303e-05
1770699821.4553113,1.2,0.0,0.03,1.23,0.0,0.1,0.0,0.0,0.0,0.0,-0.00021061137782946404,-0.00010844549870078115
1770699821.8662355,1.2,0.0,0.03,1.23,0.0,0.1,0.0,0.0,0.0,0.0,-0.00023435014355246698,-0.00011954894834853379
1770699822.2730749,1.2,0.0,0.03,1.23,0.0,0.1,0.0,0.0,0.0,0.0,-0.0001413613990829001,-7.997957398840675e-05
1770699822.6818047,1.2,0.0,0.03,1.23,0.0,0.1,0.0,0.0,0.0,0.0,-0.0001294010012853222,-6.58965404224189e-05
1770699823.0903063,1.2,0.0,0.03,1.23,0.0,0.1,0.0,0.0,0.0,0.0,-0.000252236632788549,-0.0001384018795445972
1770699823.4968317,1.2,0.0,0.03,1.23,0.0,0.1,0.0,0.0,0.0,0.0,-0.0003251848855491362,-0.00016988726805062683
1770699823.9045799,1.2,0.0,0.03,1.23,0.0,0.1,0.0,0.0,0.0,0.0,-0.00037654054015395756,-0.00019340583553746092
1770699824.3135488,1.2,0.0,0.03,1.23,0.0,0.1,0.0,0.0,0.0,0.0,-0.0003419298685507088,-0.00017442600143567928
1770699824.7239497,1.2,0.0,0.03,1.23,0.0,0.1,0.0,0.0,0.0,0.0,-0.00036672101378106546,-0.0001858396214135684
1770699825.1317294,1.2,0.0,0.03,1.23,0.0,0.1,0.0,0.0,0.0,0.0,-0.00033142768221163253,-0.00016924317426275957
1770699825.538772,1.2,0.0,0.03,1.23,0.0,0.1,0.0,0.0,0.0,0.0,-0.00026972450256797123,-0.00014103256924835174
1770699825.953133,1.2,0.0,0.03,1.23,0.0,0.1,0.0,0.0,0.0,0.0,-0.00016449875464911645,-9.277195211644371e-05
1770699826.3587186,1.2,0.0,0.03,1.23,0.0,0.1,0.0,0.0,0.0,0.0,-8.596638548525717e-05,-5.0836429659014516e-05
1770699826.7646198,1.2,0.0,0.03,1.23,0.0,0.1,0.0,0.0,0.0,0.0,-8.340334239961512e-05,-4.1957975508371765e-05
1770699827.1717353,1.2,0.0,0.03,1.23,0.0,0.1,0.0,0.0,0.0,0.0,-0.00010286798540947693,-5.3380457005724646e-05
1770699827.576848,1.2,0.0,0.03,1.23,0.0,0.1,0.0,0.0,0.0,0.0,-0.0001402825686826808,-7.388274266866078e-05
1770699827.9866114,1.2,0.0,0.03,1.23,0.0,0.1,0.0,0.0,0.0,0.0,-0.0001736811703786776,-9.018044535893848e-05
1770699828.3951883,1.2,0.0,0.03,1.23,0.0,0.1,0.0,0.0,0.0,0.0,-0.00024845415443262414,-0.0001317043756217067
1770699828.8040414,1.2,0.0,0.03,1.23,0.0,0.1,0.0,0.0,0.0,0.0,-0.0002987462035608361,-0.00015440230669323926
1770699829.2170875,1.2,0.0,0.03,1.23,0.0,0.1,0.0,0.0,0.0,0.0,-0.00040148454030036355,-0.00021101610382413452
1770699829.626519,1.2,0.0,0.03,1.23,0.0,0.1,0.0,0.0,0.0,0.0,-0.0004309097172556973,-0.00021839737632338205
1770699830.0359592,1.2,0.0,0.03,1.23,0.0,0.1,0.0,0.0,0.0,0.0,-0.0005166280816772863,-0.00026688587728080206
1770699830.4457006,1.2,0.0,0.03,1.23,0.0,0.1,0.0,0.0,0.0,0.0,-0.0004993346513418171,-0.0002513966687044555
1770699830.852174,1.2,0.0,0.03,1.23,0.0,0.1,0.0,0.0,0.0,0.0,-0.0005125878137191786,-0.00025761922309732545
1770699831.258155,1.2,0.0,0.03,1.23,0.0,0.1,0.0,0.0,0.0,0.0,-0.0004368529336649111,-0.00022599995483788232
1770699831.6683385,1.2,0.0,0.03,1.23,0.0,0.1,0.0,0.0,0.0,0.0,-0.0003300980435459852,-0.00017572451078488519
1770699832.0855057,1.2,0.0,0.03,1.23,0.0,0.1,0.0,0.0,0.0,0.0,-0.00018154914945371094,-0.0001056294641360829
1770699832.5002496,1.2,0.0,0.03,1.23,0.0,0.1,0.0,0.0,0.0,0.0,-0.00010266481426660911,-5.922084065201474e-05
1770699832.9183512,1.2,0.0,0.03,1.23,0.0,0.1,0.0,0.0,0.0,0.0,-0.00018541823308294833,-0.00010098445842310809
1770699833.327773,1.2,0.0,0.03,1.23,0.0,0.1,0.0,0.0,0.0,0.0,-0.00010808398379876746,-6.177541682780182e-05
1770699833.7382188,1.2,0.0,0.03,1.23,0.0,0.1,0.0,0.0,0.0,0.0,-0.0002801360430251077,-0.00015727322743518785
1770699834.1480412,1.2,0.0,0.03,1.23,0.0,0.1,0.0,0.0,0.0,0.0,-0.000315936511243387,-0.00016154830244352142
1770699834.5575452,1.2,0.0,0.03,1.23,0.0,0.1,0.0,0.0,0.0,0.0,-0.000355038737568181,-0.00018142959141656992
1770699834.9654276,1.2,0.0,0.03,1.23,0.0,0.1,0.0,0.0,0.0,0.0,-0.00034044497100902576,-0.00017168186216042842
1770699835.3737884,1.2,0.0,0.03,1.23,0.0,0.1,0.0,0.0,0.0,0.0,-0.0002704948392772142,-0.00014224243281178825
1770699835.780821,1.2,0.0,0.03,1.23,0.0,0.1,0.0,0.0,0.0,0.0,-0.00018603841766748038,-0.00010146485099471357
1770699836.188217,1.2,0.0,0.03,1.23,0.0,0.1,0.0,0.0,0.0,0.0,-8.459685509729328e-05,-5.244258380566535e-05
1770699836.5970988,1.2,0.0,0.03,1.23,0.0,0.1,0.0,0.0,0.0,0.0,-0.00014360959421282998,-7.770607101796866e-05
1770699837.0082827,1.2,0.0,0.03,1.23,0.0,0.1,0.0,0.0,0.0,0.0,-7.022281571568194e-05,-4.245008570755577e-05
1770699837.4233937,1.2,0.0,0.03,1.23,0.0,0.1,0.0,0.0,0.0,0.0,7.931867064512083e-06,-1.1781401810275444e-05
1770699837.8326278,1.2,0.0,0.03,1.23,0.0,0.1,0.0,0.0,0.0,0.0,1.327428047970902e-05,-7.1713815813742035e-06
1770699838.2386696,1.2,0.0,0.03,1.23,0.0,0.1,0.0,0.0,0.0,0.0,-0.00012874484813950315,-7.85743369316728e-05
1770699838.6442516,1.2,0.0,0.03,1.23,0.0,0.1,0.0,0.0,0.0,0.0,-0.0001319120447215714,-6.627274201899252e-05
1770699839.05259,1.2,0.0,0.03,1.23,0.0,0.1,0.0,0.0,0.0,0.0,-0.0002377296414071206,-0.00012944658037211524
1770699839.4612963,1.2,0.0,0.03,1.23,0.0,0.1,0.0,0.0,0.0,0.0,-0.0002581257197526625,-0.00013110246771088545
1770699839.8674297,1.2,0.0,0.03,1.23,0.0,0.1,0.0,0.0,0.0,0.0,-0.0003170050269596248,-0.00016439044420050861
1770699840.275781,1.2,0.0,0.03,1.23,0.0,0.1,0.0,0.0,0.0,0.0,-0.00021161627053013234,-0.00011634701090801542
1770699840.6851542,1.2,0.0,0.03,1.23,0.0,0.1,0.0,0.0,0.0,0.0,-0.00027061284234990266,-0.00014120607835692837
1770699841.1008215,1.2,0.0,0.03,1.23,0.0,0.1,0.0,0.0,0.0,0.0,-0.00035646717384171025,-0.00018681902007003587
1770699841.511436,1.2,0.0,0.03,1.23,0.0,0.1,0.0,0.0,0.0,0.0,-0.0002421782162846941,-0.00013251800389804867
1770699841.9214027,1.2,0.0,0.03,1.23,0.0,0.1,0.0,0.0,0.0,0.0,-0.00021098347625145267,-0.00010861121212905048
1770699842.3287952,1.2,0.0,0.03,1.23,0.0,0.1,0.0,0.0,0.0,0.0,-0.00014128752312119098,-7.761335687362165e-05
1770699842.738018,1.2,0.0,0.03,1.23,0.0,0.1,0.0,0.0,0.0,0.0,-0.00016507012762768407,-8.491332426449135e-05
1770699843.1452463,1.2,0.0,0.03,1.23,0.0,0.1,0.0,0.0,0.0,0.0,-9.813325283215692e-05,-5.5760313895631176e-05
1770699843.5534496,1.2,0.0,0.03,1.23,0.0,0.1,0.0,0.0,0.0,0.0,-0.00027274254692103437,-0.00015383220286940494
1770699843.9604585,1.2,0.0,0.03,1.23,0.0,0.1,0.0,0.0,0.0,0.0,-0.0002855779929553036,-0.00014407254108107873
1770699844.3697097,1.2,0.0,0.03,1.23,0.0,0.1,0.0,0.0,0.0,0.0,-0.00032280366489647884,-0.00016512439964235694
1770699844.7822418,1.2,0.0,0.03,1.23,0.0,0.1,0.0,0.0,0.0,0.0,-0.00041259741742697917,-0.00021527808396653962
1770699845.204726,1.2,0.0,0.03,1.23,0.0,0.1,0.0,0.0,0.0,0.0,-0.0004590059732720707,-0.0002341438422205445
1770699845.6225636,1.2,0.0,0.03,1.23,0.0,0.1,0.0,0.0,0.0,0.0,-0.0004006023198637116,-0.0002061415252726917
1770699846.034716,1.2,0.0,0.03,1.23,0.0,0.1,0.0,0.0,0.0,0.0,-0.0003414883950247532,-0.00017665558999627244
1770699846.442637,1.2,0.0,0.03,1.23,0.0,0.1,0.0,0.0,0.0,0.0,-0.0002766808367493759,-0.00014482117420222567
1770699846.8520594,1.2,0.0,0.03,1.23,0.0,0.1,0.0,0.0,0.0,0.0,-0.00014437119872776834,-8.541656316604492e-05
1770699847.2617247,1.2,0.0,0.03,1.23,0.0,0.1,0.0,0.0,0.0,0.0,-0.0001500542049979778,-7.559540312600984e-05
1770699847.66996,1.2,0.0,0.03,1.23,0.0,0.1,0.0,0.0,0.0,0.0,-0.00016986576154138483,-8.691403642503312e-05
1770699848.0764976,1.2,0.0,0.03,1.23,0.0,0.1,0.0,0.0,0.0,0.0,-0.00014093288506618248,-7.335973018061148e-05
1770699848.485145,1.2,0.0,0.03,1.23,0.0,0.1,0.0,0.0,0.0,0.0,-0.00013547414345418913,-6.82829458882939e-05
1770699848.892689,1.2,0.0,0.03,1.23,0.0,0.1,0.0,0.0,0.0,0.0,-0.0002646161799890735,-0.0001452222936480252
1770699849.3056824,1.2,0.0,0.03,1.23,0.0,0.1,0.0,0.0,0.0,0.0,-0.0002255689143491929,-0.00011668918373858451
1770699849.7159724,1.2,0.0,0.03,1.23,0.0,0.1,0.0,0.0,0.0,0.0,-0.00017595214251418115,-9.293774844059175e-05
1770699850.1216276,1.2,0.0,0.03,1.23,0.0,0.1,0.0,0.0,0.0,0.0,-0.00024528426374881057,-0.00012957534399786821
1770699850.5271263,1.2,0.0,0.03,1.23,0.0,0.1,0.0,0.0,0.0,0.0,-0.00027300088613462176,-0.000139272105305892
1770699850.9327557,1.2,0.0,0.03,1.23,0.0,0.1,0.0,0.0,0.0,0.0,-0.00021340933040971824,-0.00011266382077734948
1770699851.3414986,1.2,0.0,0.03,1.23,0.0,0.1,0.0,0.0,0.0,0.0,-0.0002897264935802919,-0.00015249496310720332
1770699851.749222,1.2,0.0,0.03,1.23,0.0,0.1,0.0,0.0,0.0,0.0,-0.00040845586193519813,-0.0002161008678030897
1770699852.1573813,1.2,0.0,0.03,1.23,0.0,0.1,0.0,0.0,0.0,0.0,-0.0002302917027714482,-0.00013296226730209908
1770699852.5651512,1.2,0.0,0.03,1.23,0.0,0.1,0.0,0.0,0.0,0.0,-0.00023870699538678216,-0.00012019502695492447
1770699852.9738462,1.2,0.0,0.03,1.23,0.0,0.1,0.0,0.0,0.0,0.0,-0.0002036867872882785,-0.00010534541445398962
1770699853.3851748,1.2,0.0,0.03,1.23,0.0,0.1,0.0,0.0,0.0,0.0,-0.00016725112131513983,-8.726912725488379e-05
1770699853.792834,1.2,0.0,0.03,1.23,0.0,0.1,0.0,0.0,0.0,0.0,-0.00014081686383623162,-7.305185766600663e-05
1770699854.2022932,1.2,0.0,0.03,1.23,0.0,0.1,0.0,0.0,0.0,0.0,-0.00019151356279304218,-0.00010082645129220215
1770699854.6100707,1.2,0.0,0.03,1.23,0.0,0.1,0.0,0.0,0.0,0.0,-0.00021366537814206013,-0.00010904787060593186
1770699855.0211415,1.2,0.0,0.03,1.23,0.0,0.1,0.0,0.0,0.0,0.0,-0.0001846050751097453,-9.520856785810414e-05
1770699855.4300134,1.2,0.0,0.03,1.23,0.0,0.1,0.0,0.0,0.0,0.0,-0.00024882092831190214,-0.00013083204947616676
1770699855.8407907,1.2,0.0,0.03,1.23,0.0,0.1,0.0,0.0,0.0,0.0,-0.0003304145469751492,-0.00017336663535389931
1770699856.2536201,1.2,0.0,0.03,1.23,0.0,0.1,0.0,0.0,0.0,0.0,-0.00024141950276591783,-0.00012960925580388205
1770699856.6606643,1.2,0.0,0.03,1.23,0.0,0.1,0.0,0.0,0.0,0.0,-0.00020935307411332272,-0.00010788317992192088
1770699857.0678835,1.2,0.0,0.03,1.23,0.0,0.1,0.0,0.0,0.0,0.0,-0.00021610858739210635,-0.00010872984502393153
1770699857.4734404,1.2,0.0,0.03,1.23,0.0,0.1,0.0,0.0,0.0,0.0,-7.786643574121815e-05,-5.275743303569789e-05
1770699857.880128,1.2,0.0,0.03,1.23,0.0,0.1,0.0,0.0,0.0,0.0,-0.00010138772578802473,-5.304599189869302e-05
1770699858.2901604,1.2,0.0,0.03,1.23,0.0,0.1,0.0,0.0,0.0,0.0,-2.842157108900435e-05,-2.1507401014404215e-05
1770699858.7002923,1.2,0.0,0.03,1.23,0.0,0.1,0.0,0.0,0.0,0.0,-9.170482711018094e-05,-5.218073915720813e-05
1770699859.1092823,1.2,0.0,0.03,1.23,0.0,0.1,0.0,0.0,0.0,0.0,2.1998249329332972e-06,-1.0490377670778072e-05
1770699859.5202043,1.2,0.0,0.03,1.23,0.0,0.1,0.0,0.0,0.0,0.0,-0.00011414614099593841,-6.870766709085637e-05
1770699859.9267783,1.2,0.0,0.03,1.23,0.0,0.1,0.0,0.0,0.0,0.0,-0.00013843847962379964,-7.164847367468594e-05
1770699860.335018,1.2,0.0,0.03,1.23,0.0,0.1,0.0,0.0,0.0,0.0,-0.0001596288427588024,-8.193345769290147e-05
1770699860.7467816,1.2,0.0,0.03,1.23,0.0,0.1,0.0,0.0,0.0,0.0,-0.00023007379058486972,-0.0001220813900750416
1770699861.153825,1.2,0.0,0.03,1.23,0.0,0.1,0.0,0.0,0.0,0.0,-0.00024525951933764516,-0.00012414833254410012
1770699861.5722167,1.2,0.0,0.03,1.23,0.0,0.1,0.0,0.0,0.0,0.0,-0.0001643868914169284,-9.028070850053588e-05
1770699861.98786,1.2,0.0,0.03,1.23,0.0,0.1,0.0,0.0,0.0,0.0,-0.00018988530673892263,-9.749249490166074e-05
1770699862.397072,1.2,0.0,0.03,1.23,0.0,0.1,0.0,0.0,0.0,0.0,-0.00028621907490151966,-0.00015274291426701952
1770699862.8054576,1.2,0.0,0.03,1.23,0.0,0.1,0.0,0.0,0.0,0.0,-0.00014463326573491885,-8.64752137841195e-05
1770699863.2134194,1.2,0.0,0.03,1.23,0.0,0.1,0.0,0.0,0.0,0.0,-0.0001260881788571666,-6.489859811635853e-05
1770699863.6216726,1.2,0.0,0.03,1.23,0.0,0.1,0.0,0.0,0.0,0.0,-0.00016021800939473995,-8.352198775112731e-05
1770699864.0284777,1.2,0.0,0.03,1.23,0.0,0.1,0.0,0.0,0.0,0.0,-0.0002140478234603775,-0.00011240689313675251
1770699864.4378777,1.2,0.0,0.03,1.23,0.0,0.1,0.0,0.0,0.0,0.0,-0.000217619025291796,-0.00010916663282903985
1770699864.8479037,1.2,0.0,0.03,1.23,0.0,0.1,0.0,0.0,0.0,0.0,-0.00029107454301264526,-0.00015288282327840757
1770699865.254905,1.2,0.0,0.03,1.23,0.0,0.1,0.0,0.0,0.0,0.0,-0.0003756570010040403,-0.00019628674630115965
1770699865.6638331,1.2,0.0,0.03,1.23,0.0,0.1,0.0,0.0,0.0,0.0,-0.0003419050493010495,-0.00017432771982082382
1770699866.076035,1.2,0.0,0.03,1.23,0.0,0.1,0.0,0.0,0.0,0.0,-0.00031427342139022133,-0.00015989987348619347
1770699866.485596,1.2,0.0,0.03,1.23,0.0,0.1,0.0,0.0,0.0,0.0,-0.00035580246048497346,-0.00018205413415196193
1770699866.8922892,1.2,0.0,0.03,1.23,0.0,0.1,0.0,0.0,0.0,0.0,-0.00041457798793448494,-0.00021316654671219362
1770699867.299293,1.2,0.0,0.03,1.23,0.0,0.1,0.0,0.0,0.0,0.0,-0.0003522016663304507,-0.00018233846532562877
1770699867.7145998,1.2,0.0,0.03,1.23,0.0,0.1,0.0,0.0,0.0,0.0,-0.0003713121224241611,-0.0001875671068214516
1770699868.1229413,1.2,0.0,0.03,1.23,0.0,0.1,0.0,0.0,0.0,0.0,-0.00025974067678321286,-0.00014102748295570126
1770699868.5286002,1.2,0.0,0.03,1.23,0.0,0.1,0.0,0.0,0.0,0.0,-0.0001446860653563411,-8.384849382085773e-05
1770699868.9364371,1.2,0.0,0.03,1.23,0.0,0.1,0.0,0.0,0.0,0.0,-2.2947439654744583e-05,-2.3647582397531943e-05
1770699869.3460603,1.2,0.0,0.03,1.23,0.0,0.1,0.0,0.0,0.0,0.0,4.35273932722919e-05,-2.84111799288496e-05
1770699869.7564888,1.2,0.0,0.03,1.23,0.0,0.1,0.0,0.0,0.0,0.0,4.3232379151706e-05,-2.164569098791159e-05
1770699870.1626544,1.2,0.0,0.03,1.23,0.0,0.1,0.0,0.0,0.0,0.0,-6.539014947174235e-05,-4.3557327598216014e-05
1770699870.5724976,1.2,0.0,0.03,1.23,0.0,0.1,0.0,0.0,0.0,0.0,-3.4936121033082264e-05,-2.051346336040714e-05
1770699870.9787598,1.2,0.0,0.03,1.23,0.0,0.1,0.0,0.0,0.0,0.0,-9.59728772791364e-05,-5.4090114264173615e-05
1770699871.392865,1.2,0.0,0.03,1.23,0.0,0.1,0.0,0.0,0.0,0.0,-0.0002323478901056604,-0.0001298114463354826
1770699871.7999341,1.2,0.0,0.03,1.23,0.0,0.1,0.0,0.0,0.0,0.0,-0.00013779327353301206,-7.835209842377087e-05
1770699872.2097898,1.2,0.0,0.03,1.23,0.0,0.1,0.0,0.0,0.0,0.0,-0.00032661523865670604,-0.00018218981584072243
1770699872.615869,1.2,0.0,0.03,1.23,0.0,0.1,0.0,0.0,0.0,0.0,-0.00032116885006477284,-0.00016112906389157975
1770699873.0212731,1.2,0.0,0.03,1.23,0.0,0.1,0.0,0.0,0.0,0.0,-0.0003893809502757461,-0.0002015116851589704
1770699873.4274259,1.2,0.0,0.03,1.23,0.0,0.1,0.0,0.0,0.0,0.0,-0.00022752480932859283,-0.00012994801875901174
1770699873.835011,1.2,0.0,0.03,1.23,0.0,0.1,0.0,0.0,0.0,0.0,-0.00013195713233269164,-7.553533386593594e-05
1770699874.2408664,1.2,0.0,0.03,1.23,0.0,0.1,0.0,0.0,0.0,0.0,-9.349717259146096e-05,-5.0594582269853546e-05
1770699874.6489913,1.2,0.0,0.03,1.23,0.0,0.1,0.0,0.0,0.0,0.0,-9.489304221431034e-05,-4.7586108069440103e-05
1770699875.0588837,1.2,0.0,0.03,1.23,0.0,0.1,0.0,0.0,0.0,0.0,-0.0001309853282531722,-6.910189273047228e-05
1770699875.4643424,1.2,0.0,0.03,1.23,0.0,0.1,0.0,0.0,0.0,0.0,-0.00019188462545870964,-0.00010203224244990857
1770699875.8710992,1.2,0.0,0.03,1.23,0.0,0.1,0.0,0.0,0.0,0.0,-0.0001141018245240514,-6.482919235549152e-05
1770699876.2741005,1.2,0.0,0.03,1.23,0.0,0.1,0.0,0.0,0.0,0.0,-0.00018465293927292554,-9.938158111135019e-05
1770699876.679743,1.2,0.0,0.03,1.23,0.0,0.1,0.0,0.0,0.0,0.0,-0.0002097515192102075,-0.00010738561759883196
1770699877.085398,1.2,0.0,0.03,1.23,0.0,0.1,0.0,0.0,0.0,0.0,-0.00032442962083542294,-0.00017368262058023302
1770699877.493478,1.2,0.0,0.03,1.23,0.0,0.1,0.0,0.0,0.0,0.0,-0.0003132824880117555,-0.00015775595728824448
1770699877.9029112,1.2,0.0,0.03,1.23,0.0,0.1,0.0,0.0,0.0,0.0,-0.00025760263579400317,-0.0001343693031187768
1770699878.3123367,1.2,0.0,0.03,1.23,0.0,0.1,0.0,0.0,0.0,0.0,-0.00022348685138894807,-0.00011515500413497954
1770699878.7217696,1.2,0.0,0.03,1.23,0.0,0.1,0.0,0.0,0.0,0.0,-0.00018420016571497205,-9.602875142488363e-05
1770699879.130055,1.2,0.0,0.03,1.23,0.0,0.1,0.0,0.0,0.0,0.0,-0.00017142886152035917,-8.699156117964088e-05
1770699879.5379486,1.2,0.0,0.03,1.23,0.0,0.1,0.0,0.0,0.0,0.0,-5.006605316485305e-05,-3.716930741797714e-05
1770699879.946671,1.2,0.0,0.03,1.23,0.0,0.1,0.0,0.0,0.0,0.0,1.7652408581731717e-05,-1.5598050465524336e-05
1770699880.3559887,1.2,0.0,0.03,1.23,0.0,0.1,0.0,0.0,0.0,0.0,7.94062631294879e-05,-4.5878517019519574e-05
1770699880.7669356,1.2,0.0,0.03,1.23,0.0,0.1,0.0,0.0,0.0,0.0,3.619365593134171e-05,-2.2418088685485474e-05
1770699881.1732023,1.2,0.0,0.03,1.23,0.0,0.1,0.0,0.0,0.0,0.0,-5.8436150270958845e-05,-3.8681055755709475e-05
1770699881.5787165,1.2,0.0,0.03,1.23,0.0,0.1,0.0,0.0,0.0,0.0,-0.0001476675479836073,-8.27569137630685e-05
1770699881.9886642,1.2,0.0,0.03,1.23,0.0,0.1,0.0,0.0,0.0,0.0,-0.00022885311810434108,-0.0001225451160642439
1770699882.3967373,1.2,0.0,0.03,1.23,0.0,0.1,0.0,0.0,0.0,0.0,-0.000251854741119346,-0.0001282275328611735
1770699882.8108096,1.2,0.0,0.03,1.23,0.0,0.1,0.0,0.0,0.0,0.0,-0.00040826952855405746,-0.0002197762430204999
1770699883.2221081,1.2,0.0,0.03,1.23,0.0,0.1,0.0,0.0,0.0,0.0,-0.0003621789070478429,-0.00018569851567454293
1770699883.6287582,1.2,0.0,0.03,1.23,0.0,0.1,0.0,0.0,0.0,0.0,-0.00031174220811166153,-0.0001609147739494489
1770699884.0345123,1.2,0.0,0.03,1.23,0.0,0.1,0.0,0.0,0.0,0.0,-7.584169867029869e-05,-6.151090027928564e-05
1770699884.442348,1.2,0.0,0.03,1.23,0.0,0.1,0.0,0.0,0.0,0.0,2.4868372630991872e-05,-2.2505193445624993e-05
1770699884.8487191,1.2,0.0,0.03,1.23,0.0,0.1,0.0,0.0,0.0,0.0,8.05065197900459e-05,-4.5817074610928355e-05
1770699885.2605455,1.2,0.0,0.03,1.23,0.0,0.1,0.0,0.0,0.0,0.0,-4.20136978653532e-05,-3.3258870698216515e-05
1770699885.6713378,1.2,0.0,0.03,1.23,0.0,0.1,0.0,0.0,0.0,0.0,3.431256762460636e-05,-2.4788910361299135e-05
1770699886.077344,1.2,0.0,0.03,1.23,0.0,0.1,0.0,0.0,0.0,0.0,-1.564391409486547e-05,-1.2817605219379918e-05
1770699886.4886541,1.2,0.0,0.03,1.23,0.0,0.1,0.0,0.0,0.0,0.0,-0.00013496832757745918,-7.941660513698895e-05
1770699886.8953974,1.2,0.0,0.03,1.23,0.0,0.1,0.0,0.0,0.0,0.0,-7.620552260598235e-05,-4.397904180013886e-05
1770699887.3042161,1.2,0.0,0.03,1.23,0.0,0.1,0.0,0.0,0.0,0.0,-0.00016507816299852243,-9.142634553851523e-05
1770699887.7138355,1.2,0.0,0.03,1.23,0.0,0.1,0.0,0.0,0.0,0.0,-0.0002280050969469603,-0.00012029524186832393
1770699888.1220086,1.2,0.0,0.03,1.23,0.0,0.1,0.0,0.0,0.0,0.0,-0.00018707569106354968,-9.76307861201159e-05
1770699888.528569,1.2,0.0,0.03,1.23,0.0,0.1,0.0,0.0,0.0,0.0,-0.00011873551329591774,-6.620177442472206e-05
1770699888.942408,1.2,0.0,0.03,1.23,0.0,0.1,0.0,0.0,0.0,0.0,-0.00021832780976908744,-0.00011912313453186069
1770699889.3509173,1.2,0.0,0.03,1.23,0.0,0.1,0.0,0.0,0.0,0.0,-0.00019348310010815282,-9.922602102016987e-05
1770699889.7566826,1.2,0.0,0.03,1.23,0.0,0.1,0.0,0.0,0.0,0.0,-0.00012965031870541734,-7.120843749298222e-05
1770699890.1648152,1.2,0.0,0.03,1.23,0.0,0.1,0.0,0.0,0.0,0.0,-3.609957985462302e-06,-1.4409015064726656e-05
1770699890.5712717,1.2,0.0,0.03,1.23,0.0,0.1,0.0,0.0,0.0,0.0,6.219235758605876e-06,-4.092537253709756e-06
1770699890.978198,1.2,0.0,0.03,1.23,0.0,0.1,0.0,0.0,0.0,0.0,7.545837644380014e-05,-4.4653102290419496e-05
1770699891.3853145,1.2,0.0,0.03,1.23,0.0,0.1,0.0,0.0,0.0,0.0,-1.885678256862154e-05,-1.885990718555294e-05
1770699891.7941592,1.2,0.0,0.03,1.23,0.0,0.1,0.0,0.0,0.0,0.0,-0.0001304202844578532,-7.636649241784976e-05
1770699892.2082524,1.2,0.0,0.03,1.23,0.0,0.1,0.0,0.0,0.0,0.0,-0.00021135129764401426,-0.00011376875014062323
1770699892.6192582,1.2,0.0,0.03,1.23,0.0,0.1,0.0,0.0,0.0,0.0,-0.00027008238412533586,-0.00014091430071080008
1770699893.0250025,1.2,0.0,0.03,1.23,0.0,0.1,0.0,0.0,0.0,0.0,-0.0003856221619005743,-0.000204365058727811
1770699893.4312353,1.2,0.0,0.03,1.23,0.0,0.1,0.0,0.0,0.0,0.0,-0.0003576178761200843,-0.00018160936663809115
1770699893.8398378,1.2,0.0,0.03,1.23,0.0,0.1,0.0,0.0,0.0,0.0,-0.0003720463421010878,-0.00018746601764864425
1770699894.248294,1.2,0.0,0.03,1.23,0.0,0.1,0.0,0.0,0.0,0.0,-0.0003467714019050258,-0.0001759131949721191
1770699894.6567695,1.2,0.0,0.03,1.23,0.0,0.1,0.0,0.0,0.0,0.0,-0.0002948166574671432,-0.00015260380317735987
1770699895.0646946,1.2,0.0,0.03,1.23,0.0,0.1,0.0,0.0,0.0,0.0,-0.00027966069259759016,-0.0001413459427857504
1770699895.472003,1.2,0.0,0.03,1.23,0.0,0.1,0.0,0.0,0.0,0.0,-0.00016596538054211942,-9.435222147660678e-05
1770699895.8786845,1.2,0.0,0.03,1.23,0.0,0.1,0.0,0.0,0.0,0.0,-0.00016862870569417458,-8.45806853622928e-05
1770699896.289121,1.2,0.0,0.03,1.23,0.0,0.1,0.0,0.0,0.0,0.0,-0.00012966178526825127,-6.872758467671796e-05
1770699896.699128,1.2,0.0,0.03,1.23,0.0,0.1,0.0,0.0,0.0,0.0,-7.405477748401152e-05,-4.258808952042973e-05
1770699897.1091647,1.2,0.0,0.03,1.23,0.0,0.1,0.0,0.0,0.0,0.0,-0.0002068130175270255,-0.00011668233276781415
1770699897.5221372,1.2,0.0,0.03,1.23,0.0,0.1,0.0,0.0,0.0,0.0,-0.00019870325773390355,-0.00010016260484626397
1770699897.9295952,1.2,0.0,0.03,1.23,0.0,0.1,0.0,0.0,0.0,0.0,-0.00027238489573874194,-0.0001435606116698548
1770699898.3413992,1.2,0.0,0.03,1.23,0.0,0.1,0.0,0.0,0.0,0.0,-0.00021005668723291204,-0.000111261164467039
1770699898.7507894,1.2,0.0,0.03,1.23,0.0,0.1,0.0,0.0,0.0,0.0,-0.0002966848000859463,-0.00015700521132827657
1770699899.163672,1.2,0.0,0.03,1.23,0.0,0.1,0.0,0.0,0.0,0.0,-0.000184214450685276,-0.00010335426028270503
1770699899.572336,1.2,0.0,0.03,1.23,0.0,0.1,0.0,0.0,0.0,0.0,-0.00019571257220706492,-9.900609825571135e-05
1770699899.9783864,1.2,0.0,0.03,1.23,0.0,0.1,0.0,0.0,0.0,0.0,-0.00020761601455075355,-0.00010499835150974564
1770699900.3878171,1.2,0.0,0.03,1.23,0.0,0.1,0.0,0.0,0.0,0.0,-0.00011571291896125489,-6.704676903957731e-05
1770699900.7976596,1.2,0.0,0.03,1.23,0.0,0.1,0.0,0.0,0.0,0.0,-0.00016261104809412957,-8.599533696035226e-05
1770699901.2108173,1.2,0.0,0.03,1.23,0.0,0.1,0.0,0.0,0.0,0.0,-0.00016455568092989568,-8.247230374852445e-05
1770699901.6225324,1.2,0.0,0.03,1.23,0.0,0.1,0.0,0.0,0.0,0.0,-8.280294568600178e-05,-4.957674636739028e-05
1770699902.0295923,1.2,0.0,0.03,1.23,0.0,0.1,0.0,0.0,0.0,0.0,4.115588027731067e-05,-3.297382273498658e-05
1770699902.4430413,1.2,0.0,0.03,1.23,0.0,0.1,0.0,0.0,0.0,0.0,-4.843327374023525e-05,-3.3175552271872216e-05
1770699902.8546908,1.2,0.0,0.03,1.23,0.0,0.1,0.0,0.0,0.0,0.0,-0.00011883610762772837,-6.64583372026135e-05
1770699903.2633324,1.2,0.0,0.03,1.23,0.0,0.1,0.0,0.0,0.0,0.0,-0.0001554842018224276,-8.140691033068372e-05
1770699903.6712515,1.2,0.0,0.03,1.23,0.0,0.1,0.0,0.0,0.0,0.0,-0.00010779533182517962,-5.8666552912314604e-05
1770699904.078474,1.2,0.0,0.03,1.23,0.0,0.1,0.0,0.0,0.0,0.0,-0.0002292670314305494,-0.00012678068567581168
1770699904.4887915,1.2,0.0,0.03,1.23,0.0,0.1,0.0,0.0,0.0,0.0,-0.0002127359112361517,-0.00010802106763751561
1770699904.8974905,1.2,0.0,0.03,1.23,0.0,0.1,0.0,0.0,0.0,0.0,-8.813404554036569e-05,-5.6527209339761444e-05
1770699905.3082159,1.2,0.0,0.03,1.23,0.0,0.1,0.0,0.0,0.0,0.0,-0.00016341935927781053,-8.923821101264975e-05
1770699905.719469,1.2,0.0,0.03,1.23,0.0,0.1,0.0,0.0,0.0,0.0,-0.00013500951135231543,-7.034574046870723e-05
1770699906.1264443,1.2,0.0,0.03,1.23,0.0,0.1,0.0,0.0,0.0,0.0,-0.00011368946952684308,-5.897673894596877e-05
1770699906.5427232,1.2,0.0,0.03,1.23,0.0,0.1,0.0,0.0,0.0,0.0,-0.00014579109436605874,-7.610570966695094e-05
1770699906.9502966,1.2,0.0,0.03,1.23,0.0,0.1,0.0,0.0,0.0,0.0,-0.0001978435152075904,-0.00010412699968794837
1770699907.3665202,1.2,0.0,0.03,1.23,0.0,0.1,0.0,0.0,0.0,0.0,-0.0001427702347564481,-7.689244542333828e-05
1770699907.7745287,1.2,0.0,0.03,1.23,0.0,0.1,0.0,0.0,0.0,0.0,-0.00032348212228733997,-0.00017981224989675916
1770699908.181877,1.2,0.0,0.03,1.23,0.0,0.1,0.0,0.0,0.0,0.0,-0.0003374480934684038,-0.0001701206438523083
1770699908.588981,1.2,0.0,0.03,1.23,0.0,0.1,0.0,0.0,0.0,0.0,-0.00034067872710319836,-0.00017066242691507865
1770699908.9980128,1.2,0.0,0.03,1.23,0.0,0.1,0.0,0.0,0.0,0.0,-0.00035769734517234744,-0.00018055053439308862
1770699909.4089642,1.2,0.0,0.03,1.23,0.0,0.1,0.0,0.0,0.0,0.0,-0.00044041832859283207,-0.0002284812626384645
1770699909.823466,1.2,0.0,0.03,1.23,0.0,0.1,0.0,0.0,0.0,0.0,-0.00027747124419930005,-0.00015503033053900322
1770699910.2299693,1.2,0.0,0.03,1.23,0.0,0.1,0.0,0.0,0.0,0.0,-0.0002690170175145031,-0.00013535393142573125
1770699910.6374109,1.2,0.0,0.03,1.23,0.0,0.1,0.0,0.0,0.0,0.0,-0.00011910964912503283,-7.454556140146344e-05
1770699911.0433822,1.2,0.0,0.03,1.23,0.0,0.1,0.0,0.0,0.0,0.0,-9.227752660266841e-05,-4.882197555357065e-05
1770699911.4558067,1.2,0.0,0.03,1.23,0.0,0.1,0.0,0.0,0.0,0.0,-8.238382172999903e-05,-4.218128135226645e-05
1770699911.866352,1.2,0.0,0.03,1.23,0.0,0.1,0.0,0.0,0.0,0.0,-0.00014819949152771383,-8.06813127436284e-05
1770699912.272815,1.2,0.0,0.03,1.23,0.0,0.1,0.0,0.0,0.0,0.0,-0.00021552015602091786,-0.00011449214445977933
1770699912.691849,1.2,0.0,0.03,1.23,0.0,0.1,0.0,0.0,0.0,0.0,-0.00017459214537749818,-9.138887375309105e-05
1770699913.0972843,1.2,0.0,0.03,1.23,0.0,0.1,0.0,0.0,0.0,0.0,-0.0002537752517737237,-0.0001348059365264844
1770699913.5150485,1.2,0.0,0.03,1.23,0.0,0.1,0.0,0.0,0.0,0.0,-0.000202894237482863,-0.00010653522017051757
1770699913.9242928,1.2,0.0,0.03,1.23,0.0,0.1,0.0,0.0,0.0,0.0,-0.00017657048430482205,-9.091761747021512e-05
1770699914.332345,1.2,0.0,0.03,1.23,0.0,0.1,0.0,0.0,0.0,0.0,-0.00014713005233233094,-7.650906936341458e-05
1770699914.740487,1.2,0.0,0.03,1.23,0.0,0.1,0.0,0.0,0.0,0.0,-0.00025799402429083486,-0.00014008340934126783
1770699915.1495829,1.2,0.0,0.03,1.23,0.0,0.1,0.0,0.0,0.0,0.0,-0.00020742383477463175,-0.00010876893633893618
1770699915.556089,1.2,0.0,0.03,1.23,0.0,0.1,0.0,0.0,0.0,0.0,-0.00015372369739868874,-8.223186243693867e-05
1770699915.9647093,1.2,0.0,0.03,1.23,0.0,0.1,0.0,0.0,0.0,0.0,-7.643266927816224e-05,-4.594543745113377e-05
1770699916.370535,1.2,0.0,0.03,1.23,0.0,0.1,0.0,0.0,0.0,0.0,-9.451217109838529e-05,-4.9064035731214946e-05
1770699916.777496,1.2,0.0,0.03,1.23,0.0,0.1,0.0,0.0,0.0,0.0,-1.782500004615837e-05,-1.6581217128301876e-05
1770699917.184313,1.2,0.0,0.03,1.23,0.0,0.1,0.0,0.0,0.0,0.0,-3.510148149925002e-05,-1.9278388894934174e-05
1770699917.5909243,1.2,0.0,0.03,1.23,0.0,0.1,0.0,0.0,0.0,0.0,-2.159725347701539e-05,-1.2149049540731157e-05
1770699917.9978757,1.2,0.0,0.03,1.23,0.0,0.1,0.0,0.0,0.0,0.0,6.632651939525236e-07,-2.557684464073053e-06
1770699918.409443,1.2,0.0,0.03,1.23,0.0,0.1,0.0,0.0,0.0,0.0,-9.268365197445976e-05,-5.5676517704071114e-05
1770699918.8258684,1.2,0.0,0.03,1.23,0.0,0.1,0.0,0.0,0.0,0.0,-0.00016128164263238658,-8.750062038198598e-05
1770699919.231167,1.2,0.0,0.03,1.23,0.0,0.1,0.0,0.0,0.0,0.0,-0.00022599505606168122,-0.00011946886937377008
1770699919.6398375,1.2,0.0,0.03,1.23,0.0,0.1,0.0,0.0,0.0,0.0,-0.00019375505904859549,-0.00010010152922560631
1770699920.0471454,1.2,0.0,0.03,1.23,0.0,0.1,0.0,0.0,0.0,0.0,-0.00018286405960363995,-9.252112974631553e-05
1770699920.4551637,1.2,0.0,0.03,1.23,0.0,0.1,0.0,0.0,0.0,0.0,-0.00019778221793037624,-0.00010038292479786175
1770699920.8599055,1.2,0.0,0.03,1.23,0.0,0.1,0.0,0.0,0.0,0.0,-7.062848692359693e-05,-4.80296165624764e-05
1770699921.2674866,1.2,0.0,0.03,1.23,0.0,0.1,0.0,0.0,0.0,0.0,-7.609699887144073e-05,-3.8595350630504746e-05
1770699921.673864,1.2,0.0,0.03,1.23,0.0,0.1,0.0,0.0,0.0,0.0,-7.976790861957447e-05,-4.025104528460061e-05
1770699922.0814607,1.2,0.0,0.03,1.23,0.0,0.1,0.0,0.0,0.0,0.0,-0.00011641058238640519,-6.186955856988567e-05
1770699922.4908314,1.2,0.0,0.03,1.23,0.0,0.1,0.0,0.0,0.0,0.0,-0.00015937612988089307,-8.398461968989532e-05
1770699922.90113,1.2,0.0,0.03,1.23,0.0,0.1,0.0,0.0,0.0,0.0,-0.00019526601426578095,-0.00010122199557137927
1770699923.3075435,1.2,0.0,0.03,1.23,0.0,0.1,0.0,0.0,0.0,0.0,-0.00015275368423059806,-8.062807511881732e-05
1770699923.7220545,1.2,0.0,0.03,1.23,0.0,0.1,0.0,0.0,0.0,0.0,-0.00025898042343008257,-0.00014011288563498973
1770699924.1284556,1.2,0.0,0.03,1.23,0.0,0.1,0.0,0.0,0.0,0.0,-0.00027494025978897857,-0.0001390661135303789
1770699924.535376,1.2,0.0,0.03,1.23,0.0,0.1,0.0,0.0,0.0,0.0,-0.00030004582920946854,-0.00015253347154678325
1770699924.9430504,1.2,0.0,0.03,1.23,0.0,0.1,0.0,0.0,0.0,0.0,-0.0003503535284761245,-0.00018020753416472785
1770699925.3510544,1.2,0.0,0.03,1.23,0.0,0.1,0.0,0.0,0.0,0.0,-0.0004729678913386657,-0.000248745381955587
1770699925.7617848,1.2,0.0,0.03,1.23,0.0,0.1,0.0,0.0,0.0,0.0,-0.00034697899724952044,-0.00018608838803367474
1770699926.1704774,1.2,0.0,0.03,1.23,0.0,0.1,0.0,0.0,0.0,0.0,-0.00021251774274263667,-0.00011970499682200671
1770699926.574765,1.2,0.0,0.03,1.23,0.0,0.1,0.0,0.0,0.0,0.0,-0.00020367513037280568,-0.00010272182642338594
1770699926.9818242,1.2,0.0,0.03,1.23,0.0,0.1,0.0,0.0,0.0,0.0,-0.00012033068533351171,-6.849978717068525e-05
1770699927.387615,1.2,0.0,0.03,1.23,0.0,0.1,0.0,0.0,0.0,0.0,-7.464755262414292e-05,-4.189208958300834e-05
1770699927.795391,1.2,0.0,0.03,1.23,0.0,0.1,0.0,0.0,0.0,0.0,-9.006713322956856e-05,-4.657552467532685e-05
1770699928.2064395,1.2,0.0,0.03,1.23,0.0,0.1,0.0,0.0,0.0,0.0,-0.00011607528226859229,-6.063845603819852e-05
1770699928.6185257,1.2,0.0,0.03,1.23,0.0,0.1,0.0,0.0,0.0,0.0,-8.090229389435206e-05,-4.396844578460005e-05
1770699929.0271854,1.2,0.0,0.03,1.23,0.0,0.1,0.0,0.0,0.0,0.0,-0.00021030772985922462,-0.00011809440852609957
1770699929.4354663,1.2,0.0,0.03,1.23,0.0,0.1,0.0,0.0,0.0,0.0,-0.00023375550148360222,-0.00011922252790423887
1770699929.8440735,1.2,0.0,0.03,1.23,0.0,0.1,0.0,0.0,0.0,0.0,-0.00030107973842840566,-0.00015727229290868317
1770699930.2605832,1.2,0.0,0.03,1.23,0.0,0.1,0.0,0.0,0.0,0.0,-0.00030415140515990797,-0.0001523828692531042
1770699930.669958,1.2,0.0,0.03,1.23,0.0,0.1,0.0,0.0,0.0,0.0,-0.0003836188534476808,-0.0001997561715526177
1770699931.0741956,1.2,0.0,0.03,1.23,0.0,0.1,0.0,0.0,0.0,0.0,-0.0002821908607995108,-0.0001512382296645724
1770699931.494076,1.2,0.0,0.03,1.23,0.0,0.1,0.0,0.0,0.0,0.0,-0.00023315429235845018,-0.00012148080302333115
1770699931.910079,1.2,0.0,0.03,1.23,0.0,0.1,0.0,0.0,0.0,0.0,-0.0002077712524222248,-0.00010642393020473493
1770699932.3244083,1.2,0.0,0.03,1.23,0.0,0.1,0.0,0.0,0.0,0.0,-7.093735993550141e-05,-4.9152069216423046e-05
1770699932.7292728,1.2,0.0,0.03,1.23,0.0,0.1,0.0,0.0,0.0,0.0,-6.867875526832052e-05,-3.456523810087835e-05
1770699933.1573665,1.2,0.0,0.03,1.23,0.0,0.1,0.0,0.0,0.0,0.0,-3.0106559596568356e-05,-1.8910499365459394e-05
1770699933.5698388,1.2,0.0,0.03,1.23,0.0,0.1,0.0,0.0,0.0,0.0,-8.755838376251801e-05,-4.952437429785397e-05
1770699933.9784064,1.2,0.0,0.03,1.23,0.0,0.1,0.0,0.0,0.0,0.0,-0.00022053002513219695,-0.00012356217670306637
1770699934.3961294,1.2,0.0,0.03,1.23,0.0,0.1,0.0,0.0,0.0,0.0,-0.00020538067259039214,-0.00010420527154937655
1770699934.8075747,1.2,0.0,0.03,1.23,0.0,0.1,0.0,0.0,0.0,0.0,-0.00017632410461928679,-9.106770910675393e-05
1770699935.253134,1.2,0.0,0.03,1.23,0.0,0.1,0.0,0.0,0.0,0.0,-0.00022565154529235126,-0.00011775851671348208
1770699935.6600952,1.2,0.0,0.03,1.23,0.0,0.1,0.0,0.0,0.0,0.0,-0.0002811736361930803,-0.00014613902718661306
1770699936.0661287,1.2,0.0,0.03,1.23,0.0,0.1,0.0,0.0,0.0,0.0,-0.00024585069785474154,-0.00012645764276120465
1770699936.4736993,1.2,0.0,0.03,1.23,0.0,0.1,0.0,0.0,0.0,0.0,-0.00035078950230555783,-0.00018588863159786054
1770699936.8784947,1.2,0.0,0.03,1.23,0.0,0.1,0.0,0.0,0.0,0.0,-0.00034151205136339946,-0.00017168377077591556
1770699937.289853,1.2,0.0,0.03,1.23,0.0,0.1,0.0,0.0,0.0,0.0,-0.0003122244359552134,-0.0001590409795184253
1770699937.6965373,1.2,0.0,0.03,1.23,0.0,0.1,0.0,0.0,0.0,0.0,-0.00022508858839821809,-0.00012125787895480858
1770699938.1077192,1.2,0.0,0.03,1.23,0.0,0.1,0.0,0.0,0.0,0.0,-0.0002060819325527376,-0.00010494163186091686
1770699938.519652,1.2,0.0,0.03,1.23,0.0,0.1,0.0,0.0,0.0,0.0,-0.0001120302444185168,-6.542029102268048e-05
1770699938.926417,1.2,0.0,0.03,1.23,0.0,0.1,0.0,0.0,0.0,0.0,-0.0002036778103521821,-0.00011100366176945757
1770699939.3317344,1.2,0.0,0.03,1.23,0.0,0.1,0.0,0.0,0.0,0.0,-7.911753937677207e-05,-5.201479678592704e-05
1770699939.741448,1.2,0.0,0.03,1.23,0.0,0.1,0.0,0.0,0.0,0.0,-0.00013875259461377168,-7.53398028305858e-05
1770699940.1534338,1.2,0.0,0.03,1.23,0.0,0.1,0.0,0.0,0.0,0.0,-0.00014644063934401308,-7.398912414503068e-05
1770699940.558926,1.2,0.0,0.03,1.23,0.0,0.1,0.0,0.0,0.0,0.0,-0.00018092819562451945,-9.391285344031036e-05
1770699940.966132,1.2,0.0,0.03,1.23,0.0,0.1,0.0,0.0,0.0,0.0,-0.00026027576751337027,-0.0001380726409455702
1770699941.3803859,1.2,0.0,0.03,1.23,0.0,0.1,0.0,0.0,0.0,0.0,-0.0003133593816308174,-0.00016198805222715344
1770699941.7900774,1.2,0.0,0.03,1.23,0.0,0.1,0.0,0.0,0.0,0.0,-0.00038308876043965294,-0.00019851731810071002
1770699942.1982915,1.2,0.0,0.03,1.23,0.0,0.1,0.0,0.0,0.0,0.0,-0.00022679515772215162,-0.00012902693913282594
1770699942.6117165,1.2,0.0,0.03,1.23,0.0,0.1,0.0,0.0,0.0,0.0,-0.0001874863423565938,-9.767405271485269e-05
1770699943.0221848,1.2,0.0,0.03,1.23,0.0,0.1,0.0,0.0,0.0,0.0,-0.00014054122301932826,-7.496512344339068e-05
1770699943.4302778,1.2,0.0,0.03,1.23,0.0,0.1,0.0,0.0,0.0,0.0,-0.0001368687232967334,-6.88016116206262e-05
1770699943.8418596,1.2,0.0,0.03,1.23,0.0,0.1,0.0,0.0,0.0,0.0,-9.484829079299855e-05,-5.1626188646872764e-05
1770699944.253252,1.2,0.0,0.03,1.23,0.0,0.1,0.0,0.0,0.0,0.0,-0.0002133660758832947,-0.00011853481645067696
1770699944.6615376,1.2,0.0,0.03,1.23,0.0,0.1,0.0,0.0,0.0,0.0,-0.0002934422587530534,-0.0001547287476635026
1770699945.071804,1.2,0.0,0.03,1.23,0.0,0.1,0.0,0.0,0.0,0.0,-0.00033565551759547204,-0.0001720490846819779
1770699945.483531,1.2,0.0,0.03,1.23,0.0,0.1,0.0,0.0,0.0,0.0,-0.0003948564410764851,-0.00020334831288634385
1770699945.8920786,1.2,0.0,0.03,1.23,0.0,0.1,0.0,0.0,0.0,0.0,-0.00040759889617840434,-0.0002050736935993941
1770699946.2974281,1.2,0.0,0.03,1.23,0.0,0.1,0.0,0.0,0.0,0.0,-0.00048131733704556126,-0.0002480305126094963
1770699946.7060182,1.2,0.0,0.03,1.23,0.0,0.1,0.0,0.0,0.0,0.0,-0.0004702951570980117,-0.0002362497965437608
1770699947.1147382,1.2,0.0,0.03,1.23,0.0,0.1,0.0,0.0,0.0,0.0,-0.00039523798456936923,-0.00020512470953754886
1770699947.5271838,1.2,0.0,0.03,1.23,0.0,0.1,0.0,0.0,0.0,0.0,-0.00026893342633630915,-0.0001470971689914606
1770699947.9329677,1.2,0.0,0.03,1.23,0.0,0.1,0.0,0.0,0.0,0.0,-0.0002057043409769025,-0.00010917507902439191
1770699948.3391664,1.2,0.0,0.03,1.23,0.0,0.1,0.0,0.0,0.0,0.0,-0.00012788023213436254,-7.172252695143526e-05
1770699948.7476547,1.2,0.0,0.03,1.23,0.0,0.1,0.0,0.0,0.0,0.0,-0.00013239035869555085,-6.664619200389425e-05
1770699949.157026,1.2,0.0,0.03,1.23,0.0,0.1,0.0,0.0,0.0,0.0,-0.0001550006575275875,-7.976135864699742e-05
1770699949.5657184,1.2,0.0,0.03,1.23,0.0,0.1,0.0,0.0,0.0,0.0,-0.0001811409327894935,-9.318449392093735e-05
1770699949.9727218,1.2,0.0,0.03,1.23,0.0,0.1,0.0,0.0,0.0,0.0,-0.00021163786277945154,-0.00010886862438872157
1770699950.3798416,1.2,0.0,0.03,1.23,0.0,0.1,0.0,0.0,0.0,0.0,-0.00021674670379513196,-0.00010888423599913402
1770699950.7882798,1.2,0.0,0.03,1.23,0.0,0.1,0.0,0.0,0.0,0.0,-0.0002382803215316972,-0.00012129352253950513
1770699951.202972,1.2,0.0,0.03,1.23,0.0,0.1,0.0,0.0,0.0,0.0,-0.00027109725170117974,-0.0001388303188675381
1770699951.6155462,1.2,0.0,0.03,1.23,0.0,0.1,0.0,0.0,0.0,0.0,-0.00027204366498890365,-0.0001361164738232242
1770699952.0263712,1.2,0.0,0.03,1.23,0.0,0.1,0.0,0.0,0.0,0.0,-0.0002823749931183745,-0.00014222062937213433
1770699952.4360309,1.2,0.0,0.03,1.23,0.0,0.1,0.0,0.0,0.0,0.0,-0.0003328941003381147,-0.00017149896089103137
1770699952.8429866,1.2,0.0,0.03,1.23,0.0,0.1,0.0,0.0,0.0,0.0,-0.00020766005660460008,-0.0001163534326756515
1770699953.2503817,1.2,0.0,0.03,1.23,0.0,0.1,0.0,0.0,0.0,0.0,-0.00010983311584482588,-6.469925199839036e-05
1770699953.658895,1.2,0.0,0.03,1.23,0.0,0.1,0.0,0.0,0.0,0.0,-7.19860341981272e-05,-3.9777725263733465e-05
1770699954.0650141,1.2,0.0,0.03,1.23,0.0,0.1,0.0,0.0,0.0,0.0,-0.00011131059541773102,-5.958775383082589e-05
1770699954.4713058,1.2,0.0,0.03,1.23,0.0,0.1,0.0,0.0,0.0,0.0,-0.00010949240761889017,-5.492802258932917e-05
1770699954.876321,1.2,0.0,0.03,1.23,0.0,0.1,0.0,0.0,0.0,0.0,-0.00010501272398809058,-5.295433035712525e-05
1770699955.2836008,1.2,0.0,0.03,1.23,0.0,0.1,0.0,0.0,0.0,0.0,-0.000230324789561908,-0.00012769360133833575
1770699955.6927786,1.2,0.0,0.03,1.23,0.0,0.1,0.0,0.0,0.0,0.0,-0.00021864030704605772,-0.0001104886017746139
1770699956.1012967,1.2,0.0,0.03,1.23,0.0,0.1,0.0,0.0,0.0,0.0,-0.00024586867957501236,-0.00012565717704040165
1770699956.5073457,1.2,0.0,0.03,1.23,0.0,0.1,0.0,0.0,0.0,0.0,-0.00032707732227760825,-0.0001716595254090637
1770699956.9188519,1.2,0.0,0.03,1.23,0.0,0.1,0.0,0.0,0.0,0.0,-0.0002642271109462925,-0.0001383985766062778
1770699957.328571,1.2,0.0,0.03,1.23,0.0,0.1,0.0,0.0,0.0,0.0,-0.0003019597220686039,-0.00015475312214653308
1770699957.7367566,1.2,0.0,0.03,1.23,0.0,0.1,0.0,0.0,0.0,0.0,-0.000321392251555961,-0.0001626393787267162
1770699958.1470797,1.2,0.0,0.03,1.23,0.0,0.1,0.0,0.0,0.0,0.0,-0.0002326679052868036,-0.00012520638727031753
1770699958.5567741,1.2,0.0,0.03,1.23,0.0,0.1,0.0,0.0,0.0,0.0,-0.00017201640941910676,-9.207335429632306e-05
1770699958.9665973,1.2,0.0,0.03,1.23,0.0,0.1,0.0,0.0,0.0,0.0,-0.00012172871132364851,-6.589312547137008e-05
1770699959.3750806,1.2,0.0,0.03,1.23,0.0,0.1,0.0,0.0,0.0,0.0,-0.00012629792841404723,-6.360588591606349e-05
1770699959.7900443,1.2,0.0,0.03,1.23,0.0,0.1,0.0,0.0,0.0,0.0,-6.750313895977998e-05,-3.9631048425316715e-05
1770699960.2348225,1.2,0.0,0.03,1.23,0.0,0.1,0.0,0.0,0.0,0.0,-0.00017335266283461246,-9.726128380478947e-05
1770699960.655427,1.2,0.0,0.03,1.23,0.0,0.1,0.0,0.0,0.0,0.0,-0.00022761352204915666,-0.00011923284694603276
1770699961.0702515,1.2,0.0,0.03,1.23,0.0,0.1,0.0,0.0,0.0,0.0,-0.0002022318556824306,-0.00010365409447788791
1770699961.4913657,1.2,0.0,0.03,1.23,0.0,0.1,0.0,0.0,0.0,0.0,-0.0002916081359275594,-0.0001547416959882926
1770699961.9011633,1.2,0.0,0.03,1.23,0.0,0.1,0.0,0.0,0.0,0.0,-0.0003593011086586995,-0.00018641985160246376
1770699962.311622,1.2,0.0,0.03,1.23,0.0,0.1,0.0,0.0,0.0,0.0,-0.00042301516483056787,-0.00021787898803247077
1770699962.7249146,1.2,0.0,0.03,1.23,0.0,0.1,0.0,0.0,0.0,0.0,-0.0002802245909493066,-0.00015439135286277942
1770699963.1396937,1.2,0.0,0.03,1.23,0.0,0.1,0.0,0.0,0.0,0.0,-0.00022037644361175995,-0.00011617303653963464
1770699963.5541391,1.2,0.0,0.03,1.23,0.0,0.1,0.0,0.0,0.0,0.0,-0.0001498068513855191,-8.196038491538363e-05
1770699963.9595258,1.2,0.0,0.03,1.23,0.0,0.1,0.0,0.0,0.0,0.0,-0.0001538306602011041,-7.731771098211055e-05
1770699964.3938487,1.2,0.0,0.03,1.23,0.0,0.1,0.0,0.0,0.0,0.0,-0.0001414200097882215,-7.1951069935399e-05
1770699964.8203754,1.2,0.0,0.03,1.23,0.0,0.1,0.0,0.0,0.0,0.0,-0.00012095756073517142,-6.252502527289072e-05
1770699965.2278187,1.2,0.0,0.03,1.23,0.0,0.1,0.0,0.0,0.0,0.0,-6.483793953444824e-05,-3.8030931887296435e-05
1770699965.6412344,1.2,0.0,0.03,1.23,0.0,0.1,0.0,0.0,0.0,0.0,2.192316204700933e-05,-1.9637691181650422e-05
1770699966.0527642,1.2,0.0,0.03,1.23,0.0,0.1,0.0,0.0,0.0,0.0,-4.1450507001053294e-05,-2.7062620405332908e-05
1770699966.4711125,1.2,0.0,0.03,1.23,0.0,0.1,0.0,0.0,0.0,0.0,-0.00015399993032155388,-8.8254907492827e-05
1770699966.8921397,1.2,0.0,0.03,1.23,0.0,0.1,0.0,0.0,0.0,0.0,-0.0002629063806404648,-0.0001423438353521235
1770699967.3023982,1.2,0.0,0.03,1.23,0.0,0.1,0.0,0.0,0.0,0.0,-0.00022017300443315558,-0.00011435983983730871
1770699967.732717,1.2,0.0,0.03,1.23,0.0,0.1,0.0,0.0,0.0,0.0,-0.00023964247803331715,-0.00012176818637667473
1770699968.1509235,1.2,0.0,0.03,1.23,0.0,0.1,0.0,0.0,0.0,0.0,-0.00021487044302628136,-0.00010991242501384426
1770699968.5609334,1.2,0.0,0.03,1.23,0.0,0.1,0.0,0.0,0.0,0.0,-0.00011479607170940113,-6.740547298638859e-05
1770699968.9775429,1.2,0.0,0.03,1.23,0.0,0.1,0.25,0.001926572392134029,0.0,0.0,-0.00012106028201500026,-0.25006115656203803
1770699969.396805,1.2,0.0,0.029888486130237576,1.23,0.0,0.1,0.25,0.002015400276525447,0.0,0.22402079975244243,0.0026593515040096755,-0.027586917178164874
1770699969.8171737,1.2002593675088882,0.0,0.029826615566611286,1.23,0.0,0.1,0.25,0.001159867633502859,0.0,0.25376154829795977,0.0018434689808783469,-0.004764871040712077
1770699970.2333362,1.2005697252702712,0.0,0.0297715253162384,1.23,0.0,0.1,0.25,0.002619756821059395,0.0,0.254715112997787,-0.0014593823233851884,-0.005775089289905933
1770699970.6530995,1.200887124506235,0.0,0.02971505779445171,1.23,0.0,0.1,0.25,0.002859675914413811,0.0,0.2537252471726139,-0.00037202836175390347,-0.00401999674965399
1770699971.0660894,1.2012010890877245,0.0,0.029658879253864283,1.23,0.0,0.1,0.25,0.013843826122026807,0.0,0.2532667421082697,-0.0001847143736880042,-0.0033778306939203076
1770699971.4852366,1.2015139852058885,0.0,0.029602680569887154,1.23,0.0,0.1,0.25,0.023701184675598425,0.0,0.25278233454924076,0.002110213604546237,-0.004066934149337304
1770699971.9136875,1.2018222792005537,0.0,0.029547482585906976,1.23,0.0,0.1,0.25,0.014602777015672967,0.0,0.10991438239355504,0.005177838431135518,-0.14298129930467163
1770699972.3293457,1.2018222792005537,0.0,0.029460610578060143,1.23,0.0,0.1,0.25,0.014602777015672967,0.0,-0.007681494591582696,0.004171420642116422,-0.2598678466915428
1770699972.7466974,1.2016865678626296,0.0,0.029349654757976525,1.23,0.0,0.1,0.25,0.014602777015672967,0.0,-0.006171755642209838,0.0031847281405071857,-0.2578627889626244
1770699973.1648507,1.2016865678626296,0.0,0.029238523027896875,1.23,0.0,0.1,0.25,0.014602777015672967,0.0,-0.005087618126542621,0.0025622641722300547,-0.2564309966094854
1770699973.5949774,1.2016865678626296,0.0,0.02912730456590652,1.23,0.0,0.1,0.25,0.014602777015672967,0.0,-0.004068060208738778,0.0019399033778954378,-0.25510024797711994
1770699974.0236208,1.2016865678626296,0.0,0.029015987817049022,1.23,0.0,0.1,0.25,0.014602777015672967,0.0,-0.0026948692587175967,0.0015821792586451977,-0.25352173129996525
1770699974.4424586,1.2016865678626296,0.0,0.028904759066104884,1.23,0.0,0.1,0.25,0.014602777015672967,0.0,-0.0022284693495635255,0.0012783658820645202,-0.25289803362825386
1770699974.8596456,1.2016865678626296,0.0,0.028793476767539974,1.23,0.0,0.1,0.25,0.014602777015672967,0.0,-0.0017311979535861507,0.0009128414584377983,-0.25222417112516776
1770699975.2764866,1.2016865678626296,0.0,0.028682118337154384,1.23,0.0,0.1,0.25,0.014602777015672967,0.0,-0.0012835666777270209,0.0007162494406915637,-0.2516613505998474
1770699975.6897354,1.2016865678626296,0.0,0.028570752063989634,1.23,0.0,0.1,0.25,0.014602777015672967,0.0,-0.0010779551682079435,0.000621863032695572,-0.2513983253253554
1770699976.0997093,1.2016865678626296,0.0,0.028459380340576167,1.23,0.0,0.1,0.25,0.014602777015672967,0.0,-0.0007133941102076756,0.0004547689983198429,-0.25095748801280515
1770699976.529146,1.2016865678626296,0.0,0.02834799908995628,1.23,0.0,0.1,0.25,0.014602777015672967,0.0,-0.0005534121864298584,0.00030429768351721297,-0.25072060815966873
1770699976.9423192,1.2016865678626296,0.0,0.02823657833576202,1.23,0.0,0.1,0.25,-0.08983420902585834,-0.061409417475128555,0.08818927748438672,-0.00563150269158913,-0.19029325994489366
1770699977.3544168,1.2016865678626296,0.0,0.028158049086928365,1.23,0.0,0.1,0.25,-0.08349339561198754,-0.07762497863482792,0.2503901908520788,-0.02740643661378795,-0.027676955254818676
1770699977.7718012,1.2019372782790658,0.0,0.0281112522482872,1.23,0.0,0.1,0.25,-0.09189176761971397,-0.08340133468707343,0.2579646103760287,-0.04039201806629047,-0.030767826831670425
1770699978.1800475,1.2022147935712335,0.0,0.02806167069196701,1.23,0.0,0.1,0.25,-0.09255401266275129,-0.08577690627448892,0.254357946910597,-0.047297808227337104,-0.024288074950277558
1770699978.5899556,1.2024946337914464,0.0,0.028008556666374203,1.23,0.0,0.1,0.25,-0.08436774435358842,-0.08833453725737209,0.25577581505872804,-0.05424224708633346,-0.023516404030146987
1770699979.0038762,1.2027850303173062,0.0,0.027953167145848272,1.23,0.0,0.1,0.25,-0.09183383001963802,-0.09075637518351473,0.2524612811552509,-0.06075757905870211,-0.01811221241489408
1770699979.420712,1.2030775045144555,0.0,0.027894530607461925,1.23,0.0,0.1,0.25,-0.08690228212452514,-0.08904656994664123,0.2534853423450977,-0.06494865995973934,-0.015953405428652343
1770699979.839935,1.2033809334862229,0.0,0.02783358544886112,1.23,0.0,0.1,0.25,-0.08821233718571712,-0.08825179252515392,0.25230933580038856,-0.06749534596092964,-0.012942227682619725
1770699980.2566595,1.203687678827047,0.0,0.027770878679752347,1.23,0.0,0.1,0.25,-0.08866291996415183,-0.08840397093108351,0.25093963225132393,-0.07243945935443903,-0.009416299378997111
1770699980.6770732,1.2040001267480847,0.0,0.027705487673878666,1.23,0.0,0.1,0.25,-0.08970458398347111,-0.08906007378942515,0.24947413535542476,-0.07642208940428644,-0.00724311984212934
1770699981.10127,1.2043158492922779,0.0,0.027638010848164554,1.23,0.0,0.1,0.23958333333333343,-0.09326471678838656,-0.09105020831034366,0.2486279066910102,-0.07580190820563967,-0.01673074152989345
1770699981.5324147,1.2046310698556897,0.0,0.02757525063335895,1.23,0.0,0.1,0.2083333333333334,-0.09655507535506434,-0.09460524073202556,0.21235055815155127,-0.08039330810436869,-0.011582331121919203
1770699981.9518359,1.2049020719504353,0.0,0.02751467041075229,1.23,0.0,0.1,0.19791666666666674,-0.0996313033949125,-0.0973338339354879,0.19638022990614748,-0.08303677709989603,-0.008949312077867932
1770699982.3634837,1.205151407858133,0.0,0.027453828114867206,1.23,0.0,0.1,0.18750000000000006,-0.10222657598573624,-0.1001758028910682,0.18325660892649748,-0.08715405454338199,-0.01116599299169428
1770699982.7971456,1.205386139169931,0.0,0.02739273064434528,1.23,0.0,0.1,0.17708333333333337,-0.10784205530511382,-0.10419098183889686,0.1812247144719261,-0.08544586905578988,-0.01368475607890542
1770699983.2290723,1.205613693582415,0.0,0.027337237252593037,1.23,0.0,0.1,0.15625000000000003,-0.11311549720654385,-0.10990187223465353,0.16312480187674408,-0.08998238357634326,-0.017288197657954522
1770699983.6469526,1.205819460625648,0.0,0.02728501940667629,1.23,0.0,0.1,0.13541666666666669,-0.11735917854131322,-0.11418430868982846,0.14283035928644652,-0.09537270191998175,-0.01735852783906704
1770699984.0614526,1.2060029653716082,0.0,0.027234713042378424,1.23,0.0,0.1,0.13541666666666669,-0.12068086146063144,-0.11794967979185784,0.13304400652262396,-0.10203881444160692,-0.0109947040713307
1770699984.5013015,1.2061758494549983,0.0,0.027179961190223693,1.23,0.0,0.1,0.125,-0.12565536597353288,-0.12202821012063034,0.12193211066193635,-0.10573348477554234,-0.01158471904400119
1770699984.915409,1.2063349374836676,0.0,0.027126046621799467,1.23,0.0,0.1,0.0,-0.5,-0.2208505738234944,0.13248437927598172,-0.10749590538863793,-0.18933795555471952
1770699985.331436,1.2063349374836676,0.0,0.027126046621799467,1.23,0.0,0.1,0.25,-0.1221701813596906,-0.24704383078310269,0.029672151152739752,-0.1569832682464527,-0.2703068664013667
1770699985.7494612,1.2063349374836676,0.0,0.027019485075473783,1.23029166441679,0.0,0.1,0.25,-0.13261560071077128,-0.1647461923113178,0.22193051343739909,-0.14556391903871366,-0.03880255811967689
1770699986.169038,1.2066179102236025,0.0,0.02693493201434612,1.23029166441679,0.0,0.1,0.0,-0.5,-0.3939235999110029,0.14379854886243082,-0.20118763568419054,-0.2457289026403847
1770699986.5940497,1.2066179102236025,0.0,0.02693493201434612,1.230101474812031,0.0,0.10006660410463811,0.22916666666666674,-0.12502009908988074,-0.3039801166183142,0.0461489401222232,-0.2360567116543205,-0.2204663366234534
1770699987.0075574,1.2066179102236025,0.0,0.026819537567496297,1.2303446945858003,0.0,0.10006660410463811,0.0,-0.5,-0.34648035763876556,0.1476819647455323,-0.20150184677158278,-0.22362670666739745
1770699987.448302,1.2066179102236025,0.0,0.026819537567496297,1.2301607377696038,0.0,0.10012069191157819,0.0,-0.5,-0.45,0.01511251088666072,-0.24208169255446704,-0.12312964918771563
1770699987.8658721,1.2066179102236025,0.0,0.026819537567496297,1.2301607377696038,0.0,0.10019518406033516,0.13541666666666669,-0.11932100065135487,-0.3244481198958052,0.030349542941997543,-0.23553431665394503,-0.1501787629356514
1770699988.297045,1.2066179102236025,0.0,0.02674014964699745,1.2301607377696038,0.0,0.10019518406033516,0.0,-0.5,-0.4444542879357821,0.024085998065845,-0.23244312969749248,-0.13040069588063508
1770699988.7348213,1.2066179102236025,0.0,0.02674014964699745,1.2301607377696038,0.0,0.10026990309715271,0.0,-0.5,-0.32495863507586886,0.10338763212876341,-0.2064101362336445,-0.1652651808962604
1770699989.1494696,1.2066179102236025,0.0,0.02674014964699745,1.2301607377696038,0.0,0.10031788473725319,0.0,-0.5,-0.44461581812947415,0.011074484886825449,-0.23967614301848741,-0.11687092312080312
1770699989.584782,1.2066179102236025,0.0,0.02674014964699745,1.2301607377696038,0.0,0.10039141144096851,0.125,-0.12582177722269233,-0.3186040022980546,0.007850954233652212,-0.2717457363826473,-0.14378513806046742
1770699990.0137372,1.2066179102236025,0.0,0.026641286458969113,1.2303428569078445,0.0,0.10039141144096851,0.0,-0.5,-0.42702976474427085,0.06733541828322037,-0.2542382030260519,-0.1554819524779894
1770699990.4251354,1.2066179102236025,0.0,0.026641286458969113,1.2303428569078445,0.0,0.10045836937189102,0.0,-0.5,-0.45,-0.004390959935244904,-0.2720336387902437,-0.09515368411654224
1770699990.8585238,1.2066179102236025,0.0,0.026641286458969113,1.2303428569078445,0.0,0.1005279702281952,0.125,-0.13498819814896212,-0.4014417865747033,-0.005701645418687154,-0.3035367320643727,-0.18280448200126534
1770699991.2740738,1.2066179102236025,0.0,0.02654972529530525,1.2305243995428086,0.0,0.1005279702281952,0.0,-0.5,-0.3782865040012229,0.11159124966739313,-0.2739860228522316,-0.16669656116310289
1770699991.6980038,1.2066179102236025,0.0,0.02654972529530525,1.2305243995428086,0.0,0.10057849705398084,0.0,-0.5,-0.45,0.006025597586260971,-0.30155641074979944,-0.08300443100111804
1770699992.113418,1.2066179102236025,0.0,0.02654972529530525,1.2305243995428086,0.0,0.10064341084122659,0.0,-0.5,-0.45,-0.00851825171857116,-0.30168118151836193,-0.08269013803624646
1770699992.5244052,1.2066179102236025,0.0,0.02654972529530525,1.2305243995428086,0.0,0.10070821605265141,0.17708333333333337,-0.18086205845548117,-0.311838177685065,0.008612167129327658,-0.296429783309574,-0.17670050321263
1770699992.9359326,1.2066179102236025,0.0,0.026420245099067683,1.2307687354373933,0.0,0.10070821605265141,0.0,-0.5,-0.4404644234081651,0.08604911128382256,-0.3100883620119531,-0.15260299985216647
1770699993.3559117,1.2066179102236025,0.0,0.026420245099067683,1.2307687354373933,0.0,0.10076914464056493,0.0,-0.5,-0.45,-0.0002707897823237781,-0.2973299332294517,-0.07788166604584806
1770699993.772361,1.2066179102236025,0.0,0.026420245099067683,1.2307687354373933,0.0,0.10083471135258676,0.0,-0.5,-0.45,0.0015551265272172987,-0.30906754713649337,-0.07319511434967478
1770699994.197913,1.2066179102236025,0.0,0.026420245099067683,1.2307687354373933,0.0,0.10089837382495405,0.0,-0.5,-0.45,-0.0038000428998956172,-0.35312920675980247,-0.0566416054823253
1770699994.6118839,1.2066179102236025,0.0,0.026420245099067683,1.2307687354373933,0.0,0.10095471114695073,0.0,-0.5,-0.45,0.0029578637239786472,-0.3761015242281695,-0.0422043333567306
1770699995.0364752,1.2066179102236025,0.0,0.026420245099067683,1.2307687354373933,0.0,0.10100717646420003,0.0,-0.5,-0.45,0.00039060135226018556,-0.39492666076132854,-0.029809784624911826
1770699995.459976,1.2066179102236025,0.0,0.026420245099067683,1.2307687354373933,0.0,0.10105643723905088,0.0,-0.5,-0.45,0.0006602647586617109,-0.4058259005344698,-0.023837238468740935
1770699995.8797772,1.2066179102236025,0.0,0.026420245099067683,1.2307687354373933,0.0,0.10110383168458939,0.25,0.016744109469495966,-0.28123582401639036,0.034011653581835444,-0.40888766432057205,-0.2801204429488657
1770699996.2938726,1.2068577089470618,0.0,0.026240245099067683,1.2310724106144906,0.0,0.10110383168458939,0.0,-0.5,-0.430781647442686,0.01679486755717143,-0.3480307487787658,-0.06425600844331215
1770699996.7092814,1.2068577089470618,0.0,0.026240245099067683,1.2310724106144906,0.0,0.1011560615092516,0.0,-0.5,-0.45,-0.011960207267660547,-0.3571741625429444,-0.05928746737260623
1770699997.1298943,1.2068577089470618,0.0,0.026240245099067683,1.2310724106144906,0.0,0.10121170160710813,0.0,-0.5,-0.45,-0.00408726565818583,-0.36798974906420234,-0.04617394977821046
1770699997.544666,1.2068577089470618,0.0,0.026240245099067683,1.2310724106144906,0.0,0.10126553938925267,0.0,-0.5,-0.45,0.007497174582380094,-0.3689022224967592,-0.04813731067725619
1770699997.9599378,1.2068577089470618,0.0,0.026240245099067683,1.2310724106144906,0.0,0.1013192246234417,0.0,-0.5,-0.45,-0.0026183139437000917,-0.3665730582740453,-0.044564701228948844
1770699998.3898478,1.2068577089470618,0.0,0.026240245099067683,1.2310724106144906,0.0,0.10137330274760724,0.0,-0.5,-0.45,0.016897350075710152,-0.35159931220745194,-0.06759506857864352
1770699998.8017154,1.2068577089470618,0.0,0.026240245099067683,1.2310724106144906,0.0,0.10142991562902928,0.0,0.5,-0.249947910181598,-0.006334609124739781,-0.3554577033550178,-0.05947534482620626
1770699999.228647,1.2068577089470618,0.0,0.026240245099067683,1.2310724106144906,0.0,0.10142991562902928,0.0,0.5,0.17953482275905952,0.008198223263842341,-0.27924388169507225,-0.2452089576569028
1770699999.6602683,1.2073977089470618,0.0,0.026060245099067684,1.2310724106144906,0.0,0.1013345391625166,0.0,0.5,0.3986028150136087,-0.0043670146223763725,-0.13683562104517547,-0.2863270587167581
1770700000.0895247,1.2073977089470618,0.0,0.026060245099067684,1.2312863543343544,0.0,0.10121178422987462,0.0,0.5,0.45,0.016772660249796404,-0.04333478672465235,-0.2727901370441749
1770700000.5080025,1.2073977089470618,0.0,0.026060245099067684,1.2314752957034112,0.0,0.10108904466092587,0.0,0.5,0.45,-0.008222614144986937,0.03377341790085327,-0.22404672565711087
1770700000.9226384,1.2073977089470618,0.0,0.026060245099067684,1.231684775197506,0.0,0.10097386349260808,0.0,0.5,0.45,-0.009831806157812645,0.10545618328198612,-0.18927199105493286
1770700001.3362982,1.2073977089470618,0.0,0.026060245099067684,1.2318855869078635,0.0,0.10086713975846769,0.0,0.5,0.45,-0.023181174275937137,0.16393186202753252,-0.17206281113672553
1770700001.7647853,1.2073977089470618,0.0,0.026060245099067684,1.2320937392663955,0.0,0.10076806334555151,0.0,0.5,0.45,-0.0003785422961517239,0.20149237914398524,-0.12838840443580438
1770700002.1923184,1.2073977089470618,0.0,0.026060245099067684,1.2320937392663955,0.0,0.10067429085075857,0.0,0.5,0.45,-0.000837341423857052,0.24462264497807698,-0.10783904551822775
1770700002.6218932,1.2073977089470618,0.0,0.026060245099067684,1.2320937392663955,0.0,0.10058684833168985,0.0,-0.5,0.01406183642761294,0.03965761860584852,0.2333405468069173,-0.15042518361261667
1770700003.038388,1.2073977089470618,0.0,0.026060245099067684,1.2320937392663955,0.0,0.10058684833168985,0.0,-0.5,-0.3373476220678256,-0.0005064643364990644,0.1119875728712604,-0.23730935919960777
1770700003.4518814,1.2073977089470618,0.0,0.026060245099067684,1.2320937392663955,0.0,0.10068387957096102,0.0,-0.5,-0.44853577104489795,-0.004904269887625456,0.0167753223211689,-0.24708104162566805
1770700003.8627818,1.2073977089470618,0.0,0.026060245099067684,1.2320937392663955,0.0,0.10079223149180415,0.0,-0.5,-0.45,-0.0025394079926359184,-0.053900322594745254,-0.2076568111868547
1770700004.274541,1.2073977089470618,0.0,0.026060245099067684,1.2320937392663955,0.0,0.10089279936313632,0.0,-0.5,-0.45,0.01820959693412631,-0.10188070552574859,-0.19706728246435234
1770700004.6914964,1.2073977089470618,0.0,0.026060245099067684,1.2320937392663955,0.0,0.10098766850590708,0.0,-0.5,-0.45,-0.00018638279412719339,-0.15226855648649615,-0.1540908896469539
1770700005.1036465,1.2073977089470618,0.0,0.026060245099067684,1.2320937392663955,0.0,0.10107533876061442,0.0,-0.5,-0.45,0.003145951045823525,-0.18492143205375539,-0.13895052257567175
1770700005.5285823,1.2073977089470618,0.0,0.026060245099067684,1.2320937392663955,0.0,0.10115836645483973,0.0,-0.5,-0.45,0.013685227330521332,-0.21237174105123421,-0.13524438770465214
1770700005.9576187,1.2073977089470618,0.0,0.026060245099067684,1.2320937392663955,0.0,0.10123742553651335,0.15625000000000003,0.032618590454071145,-0.36680662331765257,-0.005028565001361897,-0.2503718260505917,-0.2232959721348281
1770700006.3791678,1.2072462677407259,0.0,0.0259718511468172,1.2323094987559318,0.0,0.10123742553651335,0.0,0.5,0.17711835084560212,0.08441864768796911,-0.18252150374979853,-0.27102360721574875
1770700006.7957299,1.2077862677407258,0.0,0.025836933715939515,1.2323094987559318,0.0,0.1011547788500786,0.0,0.5,0.3978382281972413,0.0015410517088063674,-0.06004176871274718,-0.24272902366750573
1770700007.2144895,1.2077862677407258,0.0,0.025836933715939515,1.2325085020780562,0.0,0.10103951038122179,0.0,0.5,0.45,0.002394837151572257,0.03190482984961827,-0.22063708208299967
1770700007.6440876,1.2077862677407258,0.0,0.025836933715939515,1.2327050232839583,0.0,0.10092423592567445,0.0,0.5,0.45,-0.0033235930928884974,0.11477657169793931,-0.17922248142875094
1770700008.0728686,1.2077862677407258,0.0,0.025836933715939515,1.2328958785700797,0.0,0.1008187289273739,0.0,0.5,0.45,-0.010697722034488004,0.16298882000033924,-0.1590245368645584
1770700008.48901,1.2077862677407258,0.0,0.025836933715939515,1.2330878009891508,0.0,0.10071954115986825,0.0,0.5,0.45,-0.00806991763825889,0.21906330432828522,-0.12914571390691088
1770700008.9079525,1.2077862677407258,0.0,0.025836933715939515,1.2330878009891508,0.0,0.10062829996228219,0.0,0.5,0.45,-0.0009736163709735597,0.24419379354367238,-0.10638976852067608
1770700009.3237102,1.2077862677407258,0.0,0.025836933715939515,1.2330878009891508,0.0,0.10054079289853574,0.0,0.5,0.45,0.008165608466085118,0.2486887160880075,-0.10927074267651489
1770700009.7416375,1.2077862677407258,0.0,0.025836933715939515,1.2330878009891508,0.0,0.10045397377312185,0.0,0.5,0.45,-0.0066839504153520714,0.2814298669142588,-0.0942431320408478
1770700010.171647,1.2077862677407258,0.0,0.025836933715939515,1.2330878009891508,0.0,0.10037218368232252,0.0,0.5,0.45,-0.0047064966383153824,0.3290149862562439,-0.06995751544439194
1770700010.603543,1.2077862677407258,0.0,0.025836933715939515,1.2330878009891508,0.0,0.10029797913074495,0.0,0.5,0.45,0.0008544515181363237,0.35614346442810313,-0.050495567121270686
1770700011.0299377,1.2077862677407258,0.0,0.025836933715939515,1.2330878009891508,0.0,0.10022819657087328,0.0,0.5,0.45,0.0046236568187776805,0.3761557059898958,-0.04354702798000906
1770700011.4522731,1.2077862677407258,0.0,0.025836933715939515,1.2330878009891508,0.0,0.10016172141611579,0.0,0.5,0.45,0.010076525424137473,0.37985458526944726,-0.045519120717368994
1770700011.8679287,1.2077862677407258,0.0,0.025836933715939515,1.2330878009891508,0.0,0.10009583408355716,0.0,0.5,0.45,0.003641770534896255,0.3781822751041564,-0.03971786399934714
1770700012.2871685,1.2077862677407258,0.0,0.025836933715939515,1.2330878009891508,0.0,0.10002970399498942,0.0,0.5,0.45,-0.004676546858718308,0.3886458492184822,-0.036399979660909784
1770700012.7282689,1.2077862677407258,0.0,0.025836933715939515,1.2330878009891508,0.0,0.09996539232075217,0.0,0.5,0.45,0.010276576949508068,0.3799837154589917,-0.046150932595961286
1770700013.139357,1.2077862677407258,0.0,0.025836933715939515,1.2330878009891508,0.0,0.0998995255339146,0.0,0.5,0.45,0.008532099045074808,0.39103870745726704,-0.03911824451626883
1770700013.563733,1.2077862677407258,0.0,0.025836933715939515,1.2330878009891508,0.0,0.0998355239927769,0.0,0.5,0.45,-0.004692911359772819,0.3828416320402097,-0.0390918028813737
1770700013.9959176,1.2077862677407258,0.0,0.025836933715939515,1.2330878009891508,0.0,0.09977023373603823,0.0,0.5,0.45,-0.001913642796834288,0.38842211158844014,-0.033260634957437266
1770700014.4456048,1.2077862677407258,0.0,0.025836933715939515,1.2330878009891508,0.0,0.09970586299419405,0.0,0.5,0.45,0.011821134551737958,0.3734287860068613,-0.0516060741064652
1770700014.8794334,1.2077862677407258,0.0,0.025836933715939515,1.2330878009891508,0.0,0.09963889445245268,0.10416666666666666,0.12183309193121243,0.3349956844505641,0.010093023316476619,0.33705373908260344,-0.0987401753586355
1770700015.3086998,1.207637568583488,0.0,0.025836933715939515,1.2332995091843604,0.0,0.09958153238177302,0.0,0.5,0.45,0.02266928304563111,0.3177625210727894,-0.09071714431021781
1770700015.7236466,1.207637568583488,0.0,0.025836933715939515,1.2332995091843604,0.0,0.09950545571267606,0.0,0.5,0.45,-0.0023822938799868943,0.3249869420180922,-0.06561126496547108
1770700016.1402924,1.207637568583488,0.0,0.025836933715939515,1.2332995091843604,0.0,0.09943058715343477,0.0,0.5,0.45,-0.010181240378651904,0.3432168206826619,-0.06539581790377794
1770700016.5497532,1.207637568583488,0.0,0.025836933715939515,1.2332995091843604,0.0,0.09935873627245427,0.0,0.5,0.4105326095721534,0.09312806684535781,0.31946174084356943,-0.14103900919355902
1770700016.9753892,1.207637568583488,0.0,0.025836933715939515,1.2332995091843604,0.0,0.09929296577692033,0.0,0.5,0.33106695849743917,-7.932133579210656e-05,0.29102435645392244,-0.02294436079651517
1770700017.3944535,1.207637568583488,0.0,0.025836933715939515,1.2332995091843604,0.0,0.09924302209556105,0.0,0.5,0.4465485298370804,0.004912628494743207,0.3098666217325422,-0.07513780907487427
1770700017.8060582,1.207637568583488,0.0,0.025836933715939515,1.2332995091843604,0.0,0.09916653921663764,0.0,0.5,0.45,-0.0015917360763184974,0.31847937581168645,-0.0682133235783897
1770700018.2232125,1.207637568583488,0.0,0.025836933715939515,1.2332995091843604,0.0,0.09909061629176143,0.0,0.5,0.45,-0.0022790730099887194,0.25630127211704146,-0.1053462473209325
1770700018.643222,1.207637568583488,0.0,0.025836933715939515,1.2332995091843604,0.0,0.09900494124114516,0.0,0.5,0.45,-0.0008218876527466401,0.19712969995624768,-0.13317419489070217
1770700019.0602725,1.207637568583488,0.0,0.025836933715939515,1.2332995091843604,0.0,0.09891054484307768,0.0,0.5,0.45,-0.00025855304007077224,0.15631855894064103,-0.15118038767131095
1770700019.4811244,1.207637568583488,0.0,0.025836933715939515,1.2332995091843604,0.0,0.09881049430549146,0.0,0.5,0.45,-0.00019450458465429567,0.12438527271151922,-0.1661951968518069
1770700019.8946095,1.207637568583488,0.0,0.025836933715939515,1.2334846428465842,0.0,0.09870623681962491,0.0,0.5,0.45,-0.0001369801313527374,0.09551197816116713,-0.18026832050580438
1770700020.3179746,1.207637568583488,0.0,0.025836933715939515,1.2336746162223815,0.0,0.09859834680736065,0.0,0.5,0.45,-0.00012681117880580792,0.07598558122685889,-0.1890866602588072
1770700020.7575364,1.207637568583488,0.0,0.025836933715939515,1.2338677211523055,0.0,0.0984880940693617,0.0,0.5,0.45,-9.099062840927006e-05,0.05838093253170817,-0.19766098923207026
1770700021.183001,1.207637568583488,0.0,0.025836933715939515,1.2340634901595113,0.0,0.09837577724277974,0.0,0.5,0.45,-6.310378087898597e-05,0.04654281003681186,-0.20297551101196268
1770700021.6002338,1.207637568583488,0.0,0.025836933715939515,1.2342609784841536,0.0,0.09826210781037809,0.0,0.5,0.45,-4.715102992726697e-05,0.035707292804036186,-0.20827705635118676
1770700022.0113728,1.207637568583488,0.0,0.025836933715939515,1.2344600048089027,0.0,0.098147225214839,0.0,0.5,0.45,-3.607776800093895e-05,0.028428878606301687,-0.21154947988462355
1770700022.4272544,1.207637568583488,0.0,0.025836933715939515,1.234660038099289,0.0,0.09803154113233091,0.0,0.5,0.45,-2.7949710410354027e-05,0.02252302799868866,-0.2143570207718273
1770700022.8523815,1.207637568583488,0.0,0.025836933715939515,1.234860874378681,0.0,0.09791521462857725,0.0,0.5,0.45,-2.2862380853959056e-05,0.017488486709365904,-0.21678207315510328
1770700023.2655487,1.207637568583488,0.0,0.025836933715939515,1.2350623866605759,0.0,0.09779834608256818,0.0,0.5,0.45,-1.7661907020632357e-05,0.013924164632236039,-0.21841201179861558
1770700023.678049,1.207637568583488,0.0,0.025836933715939515,1.2352643696165084,0.0,0.0976810969310999,0.0,0.5,0.45,-1.3794365164011005e-05,0.010981778879888108,-0.21981714350045478
1770700024.0976408,1.207637568583488,0.0,0.025836933715939515,1.2354667378664017,0.0,0.0975635354846716,0.0,0.5,0.45,-9.53374074421567e-06,0.0084736933002967,-0.22102349564855503
1770700024.5386,1.207637568583488,0.0,0.025836933715939515,1.235669430706501,0.0,0.0974457092934847,0.0,0.5,0.45,-7.429030680056986e-06,0.006487045298179846,-0.22196257118180182
1770700024.9516501,1.207637568583488,0.0,0.025836933715939515,1.2358723805236818,0.0,0.09732767425477507,0.0,0.5,0.45,-6.221288172702447e-06,0.005059748658498978,-0.22261907662289132
1770700025.3759325,1.207637568583488,0.0,0.025836933715939515,1.23607551425457,0.0,0.0972094896668196,0.0,0.5,0.45,-4.818947564422023e-06,0.0038536381932689715,-0.22319861089745296
1770700025.7930748,1.207637568583488,0.0,0.025836933715939515,1.2362788024163247,0.0,0.0970911790364981,0.0,0.5,0.45,-3.883741497210727e-06,0.002877943871086853,-0.223662481238172
1770700026.2144032,1.207637568583488,0.0,0.025836933715939515,1.2364822153544428,0.0,0.09697276667535308,0.0,0.5,0.45,-2.517533687508822e-06,0.0022613040351061368,-0.22393352949973253
1770700026.6275702,1.207637568583488,0.0,0.025836933715939515,1.2366857059264185,0.0,0.09685429011285308,0.0,0.5,0.45,-1.9555385344954965e-06,0.0017045074294325536,-0.22420538148438557
1770700027.0472069,1.207637568583488,0.0,0.025836933715939515,1.2368892673516276,0.0,0.09673575565755371,0.0,0.5,0.45,-1.6705621765521015e-06,0.0013604736111524956,-0.22435583713842833
1770700027.466616,1.207637568583488,0.0,0.025836933715939515,1.2370928726577761,0.0,0.09661718543231491,0.0,0.5,0.45,-1.2974733742764955e-06,0.0010906584364195858,-0.22448294977263777
1770700027.8869762,1.207637568583488,0.0,0.025836933715939515,1.2372965120816233,0.0,0.096498587204814,0.0,0.5,0.45,-8.615855873928622e-07,0.0007831292728722826,-0.224640049865506
1770700028.2987604,1.207637568583488,0.0,0.025836933715939515,1.2375001903009417,0.0,0.09637995709121232,0.0,0.5,0.45,-6.674260606486532e-07,0.0005969139650171581,-0.2247208319743376
1770700028.7305672,1.207637568583488,0.0,0.025836933715939515,1.2377038921236994,0.0,0.09626130761206154,0.0,0.5,0.45,-5.180923649863827e-07,0.0004980176678975133,-0.22476139888812818
1770700029.1475787,1.207637568583488,0.0,0.025836933715939515,1.2379076064777377,0.0,0.09614264788687234,0.0,0.5,0.45,-4.3993406625091374e-07,0.00043611106042780896,-0.22478857506459934
1770700029.5598743,1.207637568583488,0.0,0.025836933715939515,1.2381113285350802,0.0,0.09602398173511033,0.0,0.5,0.45,-3.4158583275450497e-07,0.00010701431101295029,-0.22497974410526778
1770700029.9755259,1.207637568583488,0.0,0.025836933715939515,1.2383150926065447,0.0,0.09590528149783616,0.0,0.5,0.45,-2.6339311445764e-07,9.188145171959379e-05,-0.22495583595318402
1770700030.3961945,1.207637568583488,0.0,0.025836933715939515,1.238518858523369,0.0,0.09578657969415193,0.0,0.5,0.45,-1.7657200091567957e-07,-0.00012225684869327373,-0.22508271882638883
1770700030.808577,1.207637568583488,0.0,0.025836933715939515,1.2387226516485217,0.0,0.09566785570323472,0.0,0.5,0.45,-1.366443682177018e-07,-0.00018716526144872838,-0.22510021011636813
1770700031.2242188,1.207637568583488,0.0,0.025836933715939515,1.238926453034878,0.0,0.09554912497460846,0.0,0.5,0.45,-1.0582227542311974e-07,-0.00021685331273810644,-0.2251115012837734
1770700031.6443906,1.207637568583488,0.0,0.025836933715939515,1.239130258111954,0.0,0.09543039116680627,0.0,0.5,0.45,-8.952827528935463e-08,-0.000130341767330073,-0.22507391156648113
1770700032.0634718,1.207637568583488,0.0,0.025836933715939515,1.2393340521597866,0.0,0.095311666328311,0.0,0.5,0.45,-6.951491987674597e-08,-7.464651875475976e-05,-0.2250429622991548
1770700032.4862735,1.207637568583488,0.0,0.025836933715939515,1.2395378391051297,0.0,0.09519294728338723,0.0,0.5,0.45,-4.659495061324655e-08,-7.551988503995466e-05,-0.22503789387409912
1770700032.8995323,1.207637568583488,0.0,0.025836933715939515,1.2397416261148457,0.0,0.09507422812044625,0.0,0.5,0.45,-3.617772602309354e-08,-3.01661303851674e-05,-0.22501965461838408
1770700033.317505,1.207637568583488,0.0,0.025836933715939515,1.2399454073095326,0.0,0.09495551362454896,0.0,0.5,0.45,-2.8058182665313398e-08,1.598008541319174e-06,-0.22500240546780464
1770700033.7513502,1.207637568583488,0.0,0.025836933715939515,1.240149184470177,0.0,0.09483680245459085,0.0,0.5,0.45,-2.3540242385673373e-08,1.6879572296307294e-05,-0.22499311191046975
1770700034.1627443,1.207637568583488,0.0,0.025836933715939515,1.2403529596781735,0.0,0.0947180928510428,0.0,0.5,0.45,-1.720925302155507e-08,-6.457998751659319e-05,-0.2250404531589926
1770700034.5917048,1.207637568583488,0.0,0.025836933715939515,1.2405567452502255,0.0,0.0945993748146296,0.0,0.5,0.45,-1.3331078837738642e-08,-2.5246259558194987e-05,-0.22501656983365376
1770700035.0136387,1.207637568583488,0.0,0.025836933715939515,1.2407605258011822,0.0,0.09448066086590294,0.0,0.5,0.45,-1.1283477345915298e-08,-0.0001007651131961747,-0.22505794572543925
1770700035.4462059,1.207637568583488,0.0,0.025836933715939515,1.2409643159437185,0.0,0.0943619390958548,0.0,0.5,0.45,-7.959260441015836e-09,-0.00011537831527742177,-0.22505915843710728
1770700035.8712769,1.207637568583488,0.0,0.025836933715939515,1.2411681079959875,0.0,0.09424321579158311,0.0,0.5,0.45,-6.164026997655285e-09,-0.00015697210070654568,-0.2250826515929232
1770700036.2913487,1.207637568583488,0.0,0.025836933715939515,1.241371905326844,0.0,0.09412448820650582,0.0,0.5,0.45,-4.1919661897185275e-09,-9.162403640099255e-05,-0.22505235101659726
1770700036.7134793,1.207637568583488,0.0,0.025836933715939515,1.2415756943535812,0.0,0.09400576738059525,0.0,0.5,0.45,-3.2587704832242826e-09,-2.0581391129328783e-05,-0.2250173982188623
1770700037.1436896,1.207637568583488,0.0,0.025836933715939515,1.2417794742608077,0.0,0.09388705391466622,0.0,0.5,0.45,-2.712037953944724e-09,-0.00010543212685366172,-0.22506120384903722
1770700037.561714,1.207637568583488,0.0,0.025836933715939515,1.2419832650041587,0.0,0.09376833166182046,0.0,0.5,0.45,-1.9831333522867795e-09,-3.150943705853509e-05,-0.22502314897064213
1770700037.9949906,1.207637568583488,0.0,0.025836933715939515,1.2421870463275917,0.0,0.09364961702644829,0.0,0.5,0.45,-1.428074370156538e-09,-1.8360952014953206e-05,-0.22501049675258622
1770700038.4228966,1.207637568583488,0.0,0.025836933715939515,1.2423908259558685,0.0,0.09353090377509599,0.0,0.5,0.45,-1.109929172633185e-09,-6.0991447744402206e-06,-0.22500427686304045
1770700038.8409712,1.207637568583488,0.0,0.025836933715939515,1.2425946039962776,0.0,0.093412191811204,0.25,-0.08865247769333072,0.229781092468422,0.000841757696412994,-0.0005364766211681447,-0.36437006459602145
1770700039.2861578,1.2078282276338332,0.0,0.025666681936383242,1.2430062359189995,0.0,0.09331011299788956,0.25,-0.09105637207392615,0.011530342248967332,0.2411362549863288,-0.0026855667523320932,-0.016186608527437318
1770700039.7063153,1.2081401814597839,0.0,0.025602894687652582,1.2430062359189995,0.0,0.09331011299788956,0.23958333333333343,-0.08182460256099079,-0.05534879555153022,0.24419216487590978,-0.02249877898573205,-0.023015161048815434
1770700040.1480536,1.2084066187995666,0.0,0.025554294975399964,1.2430062359189995,0.0,0.09331011299788956,0.21875000000000006,-0.071164536358943,-0.06854562107534645,0.23298217880889366,-0.03888031558307916,-0.03070298521476196
1770700040.5649467,1.2086731756639475,0.0,0.025507056564688674,1.2430062359189995,0.0,0.09331011299788956,0.21875000000000006,-0.060196579059028414,-0.06385384390473452,0.22480543927768884,-0.04481446010339811,-0.016168545630388883
1770700040.9864829,1.2089421980470414,0.0,0.02545350839674472,1.2430062359189995,0.0,0.09331011299788956,0.21875000000000006,-0.06849433613472061,-0.06484295168151603,0.22175357802727932,-0.04964887710851428,-0.011084057014291762
1770700041.405736,1.2092128590291733,0.0,0.025397157551050178,1.2430062359189995,0.0,0.09331011299788956,0.19791666666666674,-0.0657915543344904,-0.06612441669986555,0.19174738500884778,-0.05815854644831132,-0.011003183717575783
1770700041.8262835,1.2094545274668926,0.0,0.025337898005247106,1.2430062359189995,0.0,0.09331011299788956,0.19791666666666674,-0.062355252199597186,-0.06403623613689108,0.2005706015469497,-0.06175901991354696,-0.004152590338478578
1770700042.2523625,1.2097199996781343,0.0,0.0252783629053831,1.2430062359189995,0.0,0.09331011299788956,0.19791666666666674,-0.06025527274920539,-0.061884205702505586,0.19752891782692927,-0.06237007277614959,-0.000691787662819731
1770700042.6681736,1.2099842387437814,0.0,0.02521714891433715,1.2430062359189995,0.0,0.09331011299788956,0.19791666666666674,-0.0586069095244489,-0.060143642612358716,0.19686226748012817,-0.06126532350911932,-0.0017257145616219021
1770700043.0920854,1.2102478292834753,0.0,0.02515578837275504,1.2430062359189995,0.0,0.09331011299788956,0.2083333333333334,-0.05596814293978454,-0.05759150276410625,0.21034893001807942,-0.061274714308195095,-0.003858141536698017
1770700043.5078065,1.2105329880988591,0.0,0.0250928646236658,1.2430062359189995,0.0,0.09331011299788956,0.2083333333333334,-0.052823425407495746,-0.05490521726119575,0.19808008572300645,-0.0610271913531743,-0.013338986951818302
1770700043.9268115,1.2108006413644545,0.0,0.02502630972146987,1.2430062359189995,0.0,0.09331011299788956,0.18750000000000006,-0.030887630726875965,-0.04659918518885222,0.1845574498095722,-0.05736107081408699,-0.008690105056953973
1770700044.3448265,1.2110595991873734,0.0,0.02496384796679019,1.2430062359189995,0.0,0.09331011299788956,0.18750000000000006,-0.030158213833793336,-0.03554341450646068,0.18350373524965893,-0.050729993023328326,-0.01225266178785081
1770700044.7556593,1.211320429621338,0.0,0.024901038179397574,1.2430062359189995,0.0,0.09331011299788956,0.17708333333333337,-0.03023578130847603,-0.03198380356302103,0.18379211209924512,-0.044675221783481656,-0.013659965000126728
1770700045.169321,1.2115809290331594,0.0,0.024844215881824484,1.2430062359189995,0.0,0.09331011299788956,0.17708333333333337,-0.029410878091042796,-0.013290469718733038,0.17634802477498604,-0.04150477072455442,-0.015159504167150745
1770700045.5846846,1.2118484526514999,0.0,0.02478153165936469,1.2430062359189995,0.0,0.09331011299788956,0.15625000000000003,-0.01752505819284487,-0.004205187684442876,0.16209617355016476,-0.038629817828083376,-0.023345983911632083
1770700046.0116725,1.2121083408093445,0.0,0.02472216891825198,1.2430062359189995,0.0,0.09331011299788956,0.15625000000000003,-0.016670924936989844,-0.0009979107493355652,0.1475802898451445,-0.03486924219023623,-0.025981433439090564
1770700046.429672,1.2123415809363118,0.0,0.024660215270519245,1.2430062359189995,0.0,0.09331011299788956,0.15625000000000003,-0.01690210413557975,-0.0003157451980319562,0.15383272640582848,-0.02935787163191086,-0.017489473866943533
1770700046.8430078,1.2125770622420302,0.0,0.02460223952114581,1.2430062359189995,0.0,0.09331011299788956,0.15625000000000003,-0.016266609962578393,-9.990375406479865e-05,0.15506819612825143,-0.02656366062480779,-0.014693103407830402
1770700047.271511,1.2128102163344612,0.0,0.024545861805081354,1.2430062359189995,0.0,0.09331011299788956,0.15625000000000003,-0.01572281331537181,-3.1610172184565194e-05,0.15075592162656162,-0.025049024842951382,-0.018154249287007457
1770700047.6820967,1.2130335710030784,0.0,0.024489176273345934,1.2430062359189995,0.0,0.09331011299788956,0.15625000000000003,-0.014746186023444977,-1.000165604277258e-05,0.153924198525824,-0.024537100099848642,-0.01464054317038923
1770700048.1067498,1.2132614790326346,0.0,0.024433491194844233,1.2430062359189995,0.0,0.09331011299788956,0.15625000000000003,-0.0147596742198005,-3.1645864822835113e-06,0.15417862384231237,-0.021769665760572928,-0.01323137017866055
1770700048.521866,1.213485150577425,0.0,0.024379222059845912,1.2430062359189995,0.0,0.09331011299788956,0.14583333333333334,-0.014129476797858385,-7.509712062450129e-07,0.14613913215667346,-0.019422038381271715,-0.01025120526630297
1770700048.9358118,1.2136957466751326,0.0,0.024328227462172496,1.2430062359189995,0.0,0.09331011299788956,0.13541666666666669,-0.013163204266662811,-2.376119832259611e-07,0.131497068649833,-0.019166798975138524,-0.013528402639024667
1770700049.3529308,1.213885482777356,0.0,0.024277910712361322,1.2430062359189995,0.0,0.09331011299788956,0.125,-0.012314984843546527,-7.518191656758926e-08,0.1191857814637785,-0.0185775231350265,-0.015161870096787662
1770700049.767763,1.2140577065867175,0.0,0.024228999842405306,1.2430062359189995,0.0,0.09331011299788956,0.125,-0.011284917619581546,-2.378802828896379e-08,0.12085376170137717,-0.01803593094398232,-0.013218351095704265
1770700050.1864123,1.2142318701803674,0.0,0.02418075272798537,1.2430062359189995,0.0,0.09331011299788956,0.125,-0.010907751278484326,-7.526680825804949e-09,0.12320011888104791,-0.017567616494498697,-0.010630517047809384
1770700050.6133575,1.2144092620003213,0.0,0.024133295164704312,1.2430062359189995,0.0,0.09331011299788956,0.125,-0.009923026266238751,-2.381488855039847e-09,0.12093792869212243,-0.015724123817665647,-0.012108481293649272
1770700051.0375533,1.2145796227419365,0.0,0.02408620855093001,1.2430062359189995,0.0,0.09331011299788956,0.125,-0.00953839326418832,-5.651384685299638e-10,0.12266490560869395,-0.014359683884434924,-0.009651380044277354
1770700051.4578075,1.2147506190705288,0.0,0.024040206713676442,1.2430062359189995,0.0,0.09331011299788956,0.125,-0.009400422435417485,-1.7881334355830886e-10,0.12302968367874377,-0.012598959116332981,-0.008445868266826244
1770700051.8765705,1.2149192337745418,0.0,0.02399516140580176,1.2430062359189995,0.0,0.09331011299788956,0.11458333333333333,-0.009301345228884367,-5.6577659485246164e-11,0.11978496233906566,-0.011466415252064703,-0.01104809098990268
1770700052.2965605,1.2150849398964634,0.0,0.02399516140580176,1.2430062359189995,0.0,0.09331011299788956,0.11458333333333333,-0.017498380592610385,-1.790152507150367e-11,0.11043669112741474,-0.010686422593813142,-0.009567852759699558
1770700052.707123,1.2152332244110098,0.0,0.02399516140580176,1.2430062359189995,0.0,0.09331011299788956,0.09375,-0.010467888471638051,-5.664154417155458e-12,0.10165300321536762,-0.010323821832402729,-0.013101174204877946
1770700053.1196082,1.2153749610310782,0.0,0.02399516140580176,1.2430062359189995,0.0,0.09331011299788956,0.09375,-0.009649652056842681,-1.3441303939148205e-12,0.10105167681609512,-0.010434084837129329,-0.012529745534460375
1770700053.536265,1.2155158498746146,0.0,0.02399516140580176,1.2430062359189995,0.0,0.09331011299788956,0.10416666666666666,-0.011062386839594103,-4.2529125744961123e-13,0.1012556528684653,-0.011787167467941102,-0.00893990579504044
1770700053.9840899,1.2156548050653924,0.0,0.02399516140580176,1.2430062359189995,0.0,0.09331011299788956,0.10416666666666666,-0.013007460782845648,-1.3456481192741604e-13,0.10215849595699833,-0.011304626090276236,-0.00770873789250565
1770700054.4099727,1.2157944895380723,0.0,0.02399516140580176,1.2430062359189995,0.0,0.09331011299788956,0.10416666666666666,-0.012001990708430398,-4.257714752390898e-14,0.1067659468415044,-0.010531791994838797,-0.00794245958177959
1770700054.826402,1.2159407920557248,0.0,0.02399516140580176,1.2430062359189995,0.0,0.09331011299788956,0.10416666666666666,-0.01562920653727762,-1.010375668780262e-14,0.10262970528825341,-0.009774672552470668,-0.006500009598880344
1770700055.2388477,1.2160786636716114,0.0,0.02399516140580176,1.2430062359189995,0.0,0.09331011299788956,0.10416666666666666,-0.017205727680013237,-3.196891764500048e-15,0.10028449538195527,-0.010938799577859778,-0.009467983776178584
1770700055.6501634,1.2162144872117029,0.0,0.02399516140580176,1.2430062359189995,0.0,0.09331011299788956,0.11458333333333333,-0.017200201465474706,-1.0115165348613434e-15,0.10739354428728927,-0.013621620437034193,-0.014268881350478092
1770700056.0589666,1.2163625584906326,0.0,0.023949942929148663,1.2430062359189995,0.0,0.09331011299788956,0.11458333333333333,-0.017260894534374682,-3.200501536084719e-16,0.1093479043586624,-0.01550159611930007,-0.01317422460254739
1770700056.4767551,1.2165172158372388,0.0,0.023904259829521168,1.2430062359189995,0.0,0.09331011299788956,0.09375,-0.015296339317011106,-1.0126586891518057e-16,0.10786218943671534,-0.016230570458950724,-0.02230037210015572
1770700056.889855,1.2166797722035632,0.0,0.023904259829521168,1.2430062359189995,0.0,0.09331011299788956,0.10416666666666666,-0.013923387167459354,-3.204115383644385e-17,0.10369850836291777,-0.017323454237323208,-0.00923917380024772
1770700057.3062804,1.2168324303978666,0.0,0.023904259829521168,1.2430062359189995,0.0,0.09331011299788956,0.09375,-0.012736880666250904,-1.013802133106231e-17,0.09159570583061463,-0.016885054279019318,-0.01064066130472541
1770700057.7285564,1.2169680775237068,0.0,0.023904259829521168,1.2430062359189995,0.0,0.09331011299788956,0.09375,-0.011758010976498432,-2.405799983836075e-18,0.09054405485499913,-0.015886121744438444,-0.011248899270678183
1770700058.149822,1.2169680775237068,0.0,0.023904259829521168,1.2430062359189995,0.0,0.09331011299788956,0.09375,-0.0028808304433430455,-7.612101511356333e-19,0.09344106607617403,-0.014065031400471568,-0.007523558658458443
1770700058.5697563,1.2169680775237068,0.0,0.023904259829521168,1.2430062359189995,0.0,0.09331011299788956,0.09375,-0.012177072447833321,-2.4085164938275894e-19,0.08969974899435784,-0.01088061978925946,-0.009809002061393098
1770700059.0024614,1.2169680775237068,0.0,0.023904259829521168,1.2430062359189995,0.0,0.09331011299788956,0.10416666666666666,-0.011515016959218529,-7.620696718751358e-20,0.09844552866937216,-0.011394978826348037,-0.011470063314177376
1770700059.4314086,1.2169680775237068,0.0,0.023904259829521168,1.2430062359189995,0.0,0.09331011299788956,0.125,-0.01041059687592665,-1.8084270533755667e-20,0.10360060073382663,-0.011491402653474295,-0.027154742975623147
1770700059.8497992,1.2169680775237068,0.0,0.02385515044391154,1.2430062359189995,0.0,0.09331011299788956,0.11458333333333333,-0.008873338850275822,-5.721976223571129e-21,0.11236047137578095,-0.013088433370768681,-0.008926781714666158
1770700060.2796252,1.2171237894773468,0.0,0.02385515044391154,1.2430062359189995,0.0,0.09331011299788956,0.25,-0.008963600914234482,-1.8104690394893027e-21,0.2185826564348537,-0.01276466538851676,-0.03783205305762988
1770700060.6996472,1.2173997808992847,0.0,0.0237844824117422,1.2430062359189995,0.0,0.09331011299788956,0.25,-0.007251701520561336,-5.728437195259121e-22,0.25239171214244516,-0.011139443951421678,-0.008123956261865503
1770700061.1130955,1.2177293098783477,0.0,0.023722746178507795,1.2430062359189995,0.0,0.09331011299788956,0.25,-0.006403361027563097,-1.3593849984843425e-22,0.2527085553641766,-0.007540583902032908,-0.006838733320131909
1770700061.5289092,1.218053433197735,0.0,0.023662833825945844,1.2430062359189995,0.0,0.09331011299788956,0.25,-0.006944576892630186,-4.301179096766864e-23,0.2515365988369964,-0.007829765453270472,-0.00548039971875541
1770700061.9476302,1.2183760983073695,0.0,0.023602496391534795,1.2430062359189995,0.0,0.09331011299788956,0.22916666666666674,0.0046900491816100915,-1.3609199485863907e-23,0.24067142510775255,-0.008307073779244379,-0.015706026163305388
1770700062.3618717,1.2186906367099268,0.0,0.023547360162734975,1.2430062359189995,0.0,0.09331011299788956,0.2083333333333334,0.004715704713464143,-4.306035774824127e-24,0.21835107113153093,-0.003512657303418236,-0.012253508097489268
1770700062.779456,1.2189690974807723,0.0,0.023497248290777196,1.2430062359189995,0.0,0.09331011299788956,0.19791666666666674,0.006606710420120271,-1.3624566318779467e-24,0.19404391411063496,-0.0036560359482862275,-0.0057151083946616965
1770700063.1936624,1.2192114658623918,0.0,0.023445252113342273,1.2430062359189995,0.0,0.09331011299788956,0.18750000000000006,0.0074252146819192635,-1.02184247390846e-24,0.05165532136331351,-0.004551925175519799,-0.13821023014716977
1770700063.6203465,1.2192114658623918,0.0,0.02336402310311793,1.2430062359189995,0.0,0.09331011299788956,0.18750000000000006,0.0074252146819192635,-1.02184247390846e-24,-0.00688265809779743,-0.0038151159883377177,-0.19636389701068455
1770700064.0486722,1.2192114658623918,0.0,0.023270925977826103,1.2430062359189995,0.0,0.09331011299788956,0.18750000000000006,0.0074252146819192635,-1.02184247390846e-24,-0.006505018524955475,-0.0029006310011921756,-0.1955467825242662
1770700064.4644334,1.2192114658623918,0.0,0.023178335103392584,1.2430062359189995,0.0,0.09331011299788956,0.18750000000000006,0.0074252146819192635,-1.02184247390846e-24,-0.0047703832240730245,-0.002332874380394965,-0.1934935960763503
1770700064.892394,1.2192114658623918,0.0,0.023086360858082754,1.2430062359189995,0.0,0.09331011299788956,0.18750000000000006,0.0074252146819192635,-1.02184247390846e-24,-0.003926672069567612,-0.0018856005616101465,-0.19241419973225124
1770700065.310233,1.2192114658623918,0.0,0.02299476766884325,1.2430062359189995,0.0,0.09331011299788956,0.18750000000000006,0.0074252146819192635,-1.02184247390846e-24,-0.0026598538207482938,-0.0015134163575761777,-0.19095378041993982
1770700065.7221353,1.2192114658623918,0.0,0.022903606122136096,1.2430062359189995,0.0,0.09331011299788956,0.18750000000000006,0.0074252146819192635,-1.02184247390846e-24,-0.0020700191174846945,-0.0012058345225919199,-0.19020369456227915
1770700066.1354308,1.2192114658623918,0.0,0.02281270918071268,1.2430062359189995,0.0,0.09331011299788956,0.18750000000000006,0.0074252146819192635,-1.02184247390846e-24,-0.0020007952896610726,-0.0009864700208439092,-0.1900159667502579
1770700066.5730677,1.2192114658623918,0.0,0.022721929805874806,1.2430062359189995,0.0,0.09331011299788956,0.18750000000000006,0.0074252146819192635,-1.02184247390846e-24,-0.0013438408897435378,-0.0008232447065159383,-0.18927178577443438
1770700066.9919744,1.2192114658623918,0.0,0.022631360716223698,1.2430062359189995,0.0,0.09331011299788956,0.18750000000000006,0.0074252146819192635,-1.02184247390846e-24,-0.0009079383267200092,-0.0006693400060084968,-0.18875799879977506
1770700067.4107602,1.2192114658623918,0.0,0.022540952805876712,1.2430062359189995,0.0,0.09331011299788956,0.18750000000000006,0.0074252146819192635,-1.02184247390846e-24,-0.0007010742161476392,-0.0007397343873311693,-0.18857798084794555
1770700067.8400016,1.2192114658623918,0.0,0.02245055362880228,1.2430062359189995,0.0,0.09331011299788956,0.18750000000000006,0.0074252146819192635,-1.02184247390846e-24,-0.0005990448955623973,-0.0006218307675184684,-0.18842175064130295
1770700068.2580466,1.2192114658623918,0.0,0.022360230883955935,1.2430062359189995,0.0,0.09331011299788956,0.18750000000000006,0.0074252146819192635,-1.02184247390846e-24,-0.00046316982333392175,-0.0005705225537750251,-0.18825356192159584
1770700068.6724923,1.2192114658623918,0.0,0.022269959991574266,1.2430062359189995,0.0,0.09331011299788956,0.18750000000000006,0.0074252146819192635,-1.02184247390846e-24,-0.0003601618706237003,-0.0003708002384967878,-0.1880655342214
1770700069.0872304,1.2192114658623918,0.0,0.02217980440199373,1.2430062359189995,0.0,0.09331011299788956,0.18750000000000006,0.0074252146819192635,-1.02184247390846e-24,-0.0002798723840008685,-0.00031413828541756056,-0.18794260772201762
1770700069.4999895,1.2192114658623918,0.0,0.02208969192087648,1.2430062359189995,0.0,0.09331011299788956,0.18750000000000006,0.0074252146819192635,-1.02184247390846e-24,-0.00018646938270167846,-0.00013330649994558927,-0.18777120581122173
1770700069.9118795,1.2192114658623918,0.0,0.021999683906435946,1.2430062359189995,0.0,0.09331011299788956,0.18750000000000006,0.0074252146819192635,-1.02184247390846e-24,-0.00014469882125552243,-5.1719358776027385e-05,-0.18767871721476057
1770700070.3272693,1.2192114658623918,0.0,0.021909722980856874,1.2430062359189995,0.0,0.09331011299788956,0.18750000000000006,0.0074252146819192635,-1.02184247390846e-24,-0.0001348943766011129,2.622120551012229e-06,-0.18764163958480937
1770700070.7435143,1.2192114658623918,0.0,0.02181978973031042,1.2430062359189995,0.0,0.09331011299788956,0.18750000000000006,0.0074252146819192635,-1.02184247390846e-24,-9.546086167389865e-05,-3.965069322034221e-05,-0.18761951348966124
1770700071.191337,1.2192114658623918,0.0,0.021729844522476175,1.2430062359189995,0.0,0.09331011299788956,0.18750000000000006,0.0074252146819192635,-1.02184247390846e-24,-6.373496513067993e-05,-2.5994715068816495e-05,-0.1875780979204803
1770700071.6137774,1.2192114658623918,0.0,0.02163991223216055,1.2430062359189995,0.0,0.09331011299788956,0.17708333333333337,0.00749721628672653,-3.2331734526009867e-25,0.12088698648442063,-0.0005884472497827355,-0.056546815727275504
1770700072.0391057,1.2192114658623918,0.0,0.02158013559937475,1.2430062359189995,0.0,0.09331011299788956,0.1666666666666667,0.005232430789473046,-1.0229962877370309e-25,0.1674152581932843,0.000803612918396778,-0.001289604002633916
1770700072.4572468,1.2194148256766781,0.0,0.02158013559937475,1.2430062359189995,0.0,0.09331011299788956,0.14583333333333334,0.00205774244607244,-2.4276181437509617e-26,0.1607099462838441,0.0016171004055697703,-0.015766511902012947
1770700072.8921037,1.219614529151915,0.0,0.02158013559937475,1.2430062359189995,0.0,0.09331011299788956,0.14583333333333334,-0.0005948741497213369,-7.681135532962027e-27,0.15090838706406595,6.382512759367378e-05,-0.005262293822327056
1770700073.3340683,1.2198001317018254,0.0,0.02158013559937475,1.2430062359189995,0.0,0.09331011299788956,0.125,-0.004276838800429048,-2.4303592897262663e-27,0.13247829179837195,0.0008739174418299873,-0.007996259750710576
1770700073.7512648,1.2199619346463664,0.0,0.02158013559937475,1.2430062359189995,0.0,0.09331011299788956,0.125,-0.006662038210038439,-5.767356517612135e-28,0.12481144376128117,-0.0024491862091460485,-0.0017454597083894567
1770700074.1776223,1.2201162467443927,0.0,0.02158013559937475,1.2430062359189995,0.0,0.09331011299788956,0.11458333333333333,-0.009039231241172176,-1.8248276481507147e-28,0.12789362442598784,-0.004907761649322574,-0.01601002946133345
1770700074.6046183,1.2202846629863962,0.0,0.02158013559937475,1.2430062359189995,0.0,0.09331011299788956,0.11458333333333333,-0.008601206357397539,-5.773868730476869e-29,0.11164142473981004,-0.0055464883405349575,-0.005779025432912009
1770700075.02504,1.2204262101244912,0.0,0.02158013559937475,1.2430062359189995,0.0,0.09331011299788956,0.09375,-0.011264934939909698,-1.826888153002447e-29,0.10271203844726126,-0.005748013765126054,-0.011856197872283399
1770700075.4453983,1.2205619157814964,0.0,0.02158013559937475,1.2430062359189995,0.0,0.09331011299788956,0.10416666666666666,-0.013922265299817514,-4.3352912224569786e-30,0.10066572051326525,-0.006691627091460461,-0.006941121031765079
1770700075.8638566,1.2205619157814964,0.0,0.02158013559937475,1.2430062359189995,0.0,0.09331011299788956,0.11458333333333333,-0.014012112528040672,-1.3717132383555282e-30,0.11286472158983704,-0.006413401175756638,-0.004953134922944988
1770700076.2884603,1.220707058216928,0.0,0.02158013559937475,1.2430062359189995,0.0,0.09331011299788956,0.125,-0.015801025567469665,-4.3401864182342885e-31,0.11246550114077998,-0.0085675731404192,-0.017033702625895875
1770700076.714853,1.2208505951732382,0.0,0.02153456978201864,1.2430062359189995,0.0,0.09331011299788956,0.13541666666666669,-0.022552395295908183,-1.373262108894443e-31,0.13544407134640776,-0.013168027837451973,-0.007071464068170341
1770700077.134474,1.2210368740260586,0.0,0.021488151161670663,1.2430062359189995,0.0,0.09331011299788956,0.13541666666666669,-0.023742602296909294,-4.345087141423823e-32,0.14341568987173528,-0.017059515334501733,-0.016917929622024437
1770700077.5475597,1.221243404694198,0.0,0.021441719071269013,1.2430062359189995,0.0,0.09331011299788956,0.13541666666666669,-0.024572381877623665,-1.0311095462558484e-32,0.13393841239629073,-0.01949351087112656,-0.011468409259601717
1770700077.990939,1.2214378762686238,0.0,0.02139182320833204,1.2430062359189995,0.0,0.09331011299788956,0.14583333333333334,-0.02680047131613978,-3.262495048700146e-33,0.13692484490803017,-0.01709008480038573,-0.01769387343257012
1770700078.4147663,1.2216287659513936,0.0,0.02133977818787096,1.2430062359189995,0.0,0.09331011299788956,0.15625000000000003,-0.025229013787893828,-1.0322738240027805e-33,0.14520297027362453,-0.019839567773833368,-0.02124176191063695
1770700078.8389766,1.2218338730907425,0.0,0.02128431503534315,1.2430062359189995,0.0,0.09331011299788956,0.15625000000000003,-0.02417054384899342,-3.2661788962587974e-34,0.1553191316426632,-0.021256031430272,-0.011700530438116691
1770700079.2609935,1.2220586204534754,0.0,0.021230569574832898,1.2430062359189995,0.0,0.09331011299788956,0.1666666666666667,-0.021544979261441517,-7.750795622957889e-35,0.14380019671201025,-0.02287986957618536,-0.03446878855734048
1770700079.677447,1.2222618766432984,0.0,0.021169259260296804,1.2430062359189995,0.0,0.09331011299788956,0.1666666666666667,-0.019835638485502655,-2.4524001775765196e-35,0.17750809050990463,-0.025161419066840753,-0.02365028832572383
1770700080.0948615,1.2225261990398153,0.0,0.021114878320097907,1.2430062359189995,0.0,0.09331011299788956,0.1666666666666667,-0.00917079924727996,-7.759547436863206e-36,0.16118308123104425,-0.028277353655439992,-0.01993385572220239
1770700080.5156891,1.2227681604069456,0.0,0.02105506059587,1.2430062359189995,0.0,0.09331011299788956,0.25,-0.010562057769214329,-2.4551693061949986e-36,0.23600471474724838,-0.02035996240213572,-0.02496700557914991
1770700080.9293568,1.2230857857531294,0.0,0.020984895375967007,1.2430062359189995,0.0,0.09331011299788956,0.25,-0.011099992196784174,-7.768309132882614e-37,0.2517634725781984,-0.018418606928828966,-0.01116691158994358
1770700081.3464684,1.2234262384146437,0.0,0.020919481088519078,1.2430062359189995,0.0,0.09331011299788956,0.25,-0.011163730656240616,-1.8434561711821048e-37,0.25236124574974583,-0.01920183542115303,-0.012040486309554755
1770700081.7688274,1.2237689574247583,0.0,0.020853833330869657,1.2430062359189995,0.0,0.09331011299788956,0.25,-0.012719019771179181,-5.832810541630879e-38,0.25020014952486813,-0.016204619450017114,-0.008602180846990281
1770700082.1810083,1.224103203594087,0.0,0.020789110608100875,1.2430062359189995,0.0,0.09331011299788956,0.25,-0.01523763697098014,-1.8455377104378952e-38,0.2505563559333911,-0.01381889272750704,-0.007704374969395623
1770700082.5962305,1.2244341152411684,0.0,0.02072562970519064,1.2430062359189995,0.0,0.09331011299788956,0.25,-0.0017418283460260316,-5.8393966619324024e-39,0.2504434595672117,-0.016763436695854887,-0.00911963231197393
1770700083.0096176,1.2247696799951777,0.0,0.020660695570707304,1.2430062359189995,0.0,0.09331011299788956,0.25,-0.009404538997317384,-1.8476216000645493e-39,0.24711062044963422,-0.014671010049709129,-0.010434127239834919
1770700083.443398,1.2250963086158022,0.0,0.02059596612632273,1.2430062359189995,0.0,0.09331011299788956,0.25,-0.010647305927531074,-1.385716200048412e-39,0.10696441159251092,-0.012266927263026941,-0.14940946031767077
1770700083.8548265,1.2250963086158022,0.0,0.0205001311200857,1.2430062359189995,0.0,0.09331011299788956,0.25,-0.010647305927531074,-1.385716200048412e-39,-0.008727388481734391,-0.009884756765003088,-0.2639079839140383
1770700084.2764766,1.2250963086158022,0.0,0.020410107518470274,1.2430062359189995,0.0,0.09331011299788956,0.25,-0.010647305927531074,-1.385716200048412e-39,-0.007844108779055019,-0.007919392835001052,-0.26200034158955576
1770700084.6999671,1.2250963086158022,0.0,0.020336288165145624,1.2430062359189995,0.0,0.09331011299788956,0.25,-0.010647305927531074,-1.385716200048412e-39,-0.005322529003114435,-0.006090516962612465,-0.25855067507165946
1770700085.117859,1.2250963086158022,0.0,0.02027575629541941,1.2430062359189995,0.0,0.09331011299788956,0.25,-0.010647305927531074,-1.385716200048412e-39,-0.004147802746907422,-0.004792964809072057,-0.2566740403667975
1770700085.5376656,1.2250963086158022,0.0,0.020226120162243916,1.2430062359189995,0.0,0.09331011299788956,0.25,-0.010647305927531074,-1.385716200048412e-39,-0.0032213618997559267,-0.003841536813933169,-0.2552372731062364
1770700085.9585757,1.2250963086158022,0.0,0.02018541853304001,1.2430062359189995,0.0,0.09331011299788956,0.25,-0.010647305927531074,-1.385716200048412e-39,-0.0026716856503191935,-0.0029701903833139385,-0.25424391548503805
1770700086.3790426,1.2250963086158022,0.0,0.02015204319709281,1.2430062359189995,0.0,0.09331011299788956,0.25,-0.010647305927531074,-1.385716200048412e-39,-0.0020717908396389287,-0.0023144430286571875,-0.25329458708943325
1770700086.791281,1.2250963086158022,0.0,0.020124675421616105,1.2430062359189995,0.0,0.09331011299788956,0.25,-0.010647305927531074,-1.385716200048412e-39,-0.0014136121814727599,-0.001811323899794528,-0.2523695860442563
1770700087.2118416,1.2250963086158022,0.0,0.020102233845725206,1.2430062359189995,0.0,0.09331011299788956,0.25,-0.010647305927531074,-1.385716200048412e-39,-0.0010923184572430252,-0.001510391201200204,-0.25187760732770254
1770700087.6370916,1.2250963086158022,0.0,0.02008383175349467,1.2430062359189995,0.0,0.09331011299788956,0.25,-0.010647305927531074,-1.385716200048412e-39,-0.0008517966321526017,-0.0011946985304897115,-0.2514807151644685
1770700088.0544927,1.2250963086158022,0.0,0.020068742037865628,1.2430062359189995,0.0,0.09331011299788956,0.25,-0.010647305927531074,-1.385716200048412e-39,-0.0007005568591142465,-0.0010405997368182463,-0.2512362666068905
1770700088.4872036,1.2250963086158022,0.0,0.020056368471049815,1.2430062359189995,0.0,0.09331011299788956,0.25,-0.010647305927531074,-1.385716200048412e-39,-0.0004815557986355524,-0.0009594268667144838,-0.2509693865190032
1770700088.9126,1.2250963086158022,0.0,0.02004622214626085,1.2430062359189995,0.0,0.09331011299788956,0.25,-0.010647305927531074,-1.385716200048412e-39,-0.0003738085068877518,-0.0008208072666974085,-0.25079807410023813
1770700089.3434722,1.2250963086158022,0.0,0.020037902159933896,1.2430062359189995,0.0,0.09331011299788956,0.25,-0.010647305927531074,-1.385716200048412e-39,-0.0002901170765278706,-0.0006627347577038053,-0.25063729170627913
1770700089.7638943,1.2250963086158022,0.0,0.020031079771145793,1.2430062359189995,0.0,0.09331011299788956,0.25,-0.010647305927531074,-1.385716200048412e-39,-0.00023988293844025703,-0.0005217053337523136,-0.2505148385477115
1770700090.180435,1.2250963086158022,0.0,0.02002548541233955,1.2430062359189995,0.0,0.09331011299788956,0.25,-0.010647305927531074,-1.385716200048412e-39,-0.00018624553212595544,-0.0004664672089002092,-0.2504250029490612
1770700090.608772,1.2250963086158022,0.0,0.02002089803811843,1.2430062359189995,0.0,0.09331011299788956,0.25,-0.010647305927531074,-1.385716200048412e-39,-0.00012733327860034295,-0.0003234836231541304,-0.250303373448752
1770700091.0249417,1.2250963086158022,0.0,0.020017136391257115,1.2430062359189995,0.0,0.09331011299788956,0.25,-0.010647305927531074,-1.385716200048412e-39,-9.884459645809147e-05,-0.00029009688110736073,-0.25024723171121643
1770700091.443883,1.2250963086158022,0.0,0.020014051840830833,1.2430062359189995,0.0,0.09331011299788956,0.25,-0.010647305927531074,-1.385716200048412e-39,-8.167746416023253e-05,-0.0002754128886291514,-0.2502208523077226
1770700091.8534348,1.2250963086158022,0.0,0.020011522509481284,1.2430062359189995,0.0,0.09331011299788956,0.25,-0.010647305927531074,-1.385716200048412e-39,-5.97444202930199e-05,-0.00017474111403478965,-0.25015718215476984
1770700092.2607718,1.2250963086158022,0.0,0.020009448457774654,1.2430062359189995,0.0,0.09331011299788956,0.25,-0.010647305927531074,-1.385716200048412e-39,-4.924198395168602e-05,-0.00016735119659931906,-0.25013365657399483
1770700092.6803713,1.2250963086158022,0.0,0.020007747735375215,1.2430062359189995,0.0,0.09331011299788956,0.25,-0.010647305927531074,-1.385716200048412e-39,-3.821066894156938e-05,-0.0001670476540147545,-0.2501217648502074
1770700093.1230972,1.2250963086158022,0.0,0.020006353143007676,1.2430062359189995,0.0,0.09331011299788956,0.25,-0.010647305927531074,-1.385716200048412e-39,-2.6105117994192005e-05,-0.00026646696066466114,-0.2501692805289915
1770700093.5442848,1.2250963086158022,0.0,0.020005209577266293,1.2430062359189995,0.0,0.09331011299788956,0.25,-0.010647305927531074,-1.385716200048412e-39,-2.0275887658037065e-05,-0.0003411540094658952,-0.25019832159727107
1770700093.965658,1.2250963086158022,0.0,0.02000427185335836,1.2430062359189995,0.0,0.09331011299788956,0.25,-0.010647305927531074,-1.385716200048412e-39,-1.6705203529481216e-05,-0.0004266585488390749,-0.25023858493188633
1770700094.4109957,1.2250963086158022,0.0,0.020003502919753856,1.2430062359189995,0.0,0.09331011299788956,0.25,-0.010647305927531074,-1.385716200048412e-39,-1.1469450417299702e-05,-0.00046495802365763826,-0.250247778409728
1770700094.8324888,1.2250963086158022,0.0,0.02000287239419816,1.2430062359189995,0.0,0.09331011299788956,0.25,-0.010647305927531074,-1.385716200048412e-39,-8.902018387665218e-06,-0.00045038558171160947,-0.25023555205343806
1770700095.255102,1.2250963086158022,0.0,0.02000235536324249,1.2430062359189995,0.0,0.09331011299788956,0.25,-0.010647305927531074,-1.385716200048412e-39,-7.3801841957853194e-06,-0.0003277726012810807,-0.25018352778287933
1770700095.6729999,1.2250963086158022,0.0,0.020001931397858844,1.2430062359189995,0.0,0.09331011299788956,0.25,-0.010647305927531074,-1.385716200048412e-39,-5.7512168313817855e-06,-0.00022259086336583599,-0.25012756482230586
1770700096.093151,1.2250963086158022,0.0,0.02000158374624425,1.2430062359189995,0.0,0.09331011299788956,0.0,-0.5,-0.125,-3.902349626002888e-06,-0.0002384729317829508,-0.06238625409057624
1770700096.5054698,1.2249149362421021,0.0,0.02000158374624425,1.2430062359189995,0.0,0.09331011299788956,0.0,-0.5,-0.38134765625,-0.0005028021275738175,-0.06174382460361277,-0.1664552531179504
1770700096.9242857,1.2249149362421021,0.0,0.02000158374624425,1.2430062359189995,0.0,0.09339482484579091,0.0,-0.5,-0.45,-0.00010423249973298453,-0.1414184881998707,-0.1623624547594234
1770700097.3393695,1.2249149362421021,0.0,0.02000158374624425,1.2430062359189995,0.0,0.09348401390135293,0.0,-0.5,-0.45,0.0011151407130789847,-0.20840224516538067,-0.12861239382693965
1770700097.7568505,1.2249149362421021,0.0,0.02000158374624425,1.2430062359189995,0.0,0.09356352683961396,0.0,-0.5,-0.45,7.296955045560628e-05,-0.246429425948929,-0.10566097465434594
1770700098.206394,1.2249149362421021,0.0,0.02000158374624425,1.2430062359189995,0.0,0.09363720280826096,0.0,-0.5,-0.45,0.0008611577914486562,-0.2909196875408713,-0.08485034018020725
1770700098.6324494,1.2249149362421021,0.0,0.02000158374624425,1.2430062359189995,0.0,0.0937038156729937,0.0,-0.5,-0.45,0.0009901351005284545,-0.3285847284997262,-0.06546427494655085
1770700099.0665321,1.2249149362421021,0.0,0.02000158374624425,1.2430062359189995,0.0,0.09376425867915157,0.0,-0.5,-0.45,-0.0004269596525027928,-0.37340955235978585,-0.04320466585861584
1770700099.4788845,1.2249149362421021,0.0,0.02000158374624425,1.2430062359189995,0.0,0.09381718174755577,0.0,-0.5,-0.45,-0.003931138535509345,-0.39911396165755336,-0.03194459863650942
1770700099.8946376,1.2249149362421021,0.0,0.02000158374624425,1.2430062359189995,0.0,0.09386573521852497,0.0,-0.5,-0.45,-0.00017650607884010238,-0.4139931441128945,-0.01966785226792697
1770700100.3239696,1.2249149362421021,0.0,0.02000158374624425,1.2430062359189995,0.0,0.09391173044145111,0.0,-0.5,-0.45,-3.9902608947959005e-05,-0.4229797035238144,-0.014448706788132745
1770700100.747628,1.2249149362421021,0.0,0.02000158374624425,1.2430062359189995,0.0,0.09391173044145111,0.0,-0.5,-0.45,-0.00257560196462155,-0.4339608741595352,-0.011693281948426027
1770700101.1895747,1.2249149362421021,0.0,0.02000158374624425,1.2430062359189995,0.0,0.09391173044145111,0.14583333333333334,-0.1270858671870476,-0.3379629118288763,0.02607361087616403,-0.4085674050030184,-0.15760131595989207
1770700101.6032825,1.2251124925070986,0.0,0.020001298671920284,1.243202474849225,0.0,0.09391173044145111,0.13541666666666669,-0.1227726203809234,-0.1919788693055582,0.1372187865895772,-0.35516600329255765,-0.08873582708745632
1770700102.0261786,1.225602330155967,0.0,0.02000106491097463,1.243202474849225,0.0,0.09391173044145111,0.125,-0.10345973984214231,-0.1295649246300021,0.13055787398210397,-0.31018701911769736,-0.10036681964343763
1770700102.4413712,1.226096610476373,0.0,0.0200008732269992,1.243202474849225,0.0,0.09391173044145111,0.125,-0.10134949329375702,-0.11061834370471942,0.12939933437630502,-0.257651328251933,-0.08316939573648825
1770700102.8583293,1.2265326252990945,0.0,0.020000716046139344,1.243202474849225,0.0,0.09391173044145111,0.125,-0.09799753636736687,-0.1026861882639308,0.1268781999099491,-0.22307893378551816,-0.06553181211738428
1770700103.279795,1.2269203345781547,0.0,0.020000587157834263,1.243202474849225,0.0,0.09391173044145111,0.125,-0.0839743804124924,-0.09160310726813671,0.12616993826133954,-0.1942091913133743,-0.05535995453117273
1770700103.6907623,1.2272749941712602,0.0,0.020000481469424097,1.243202474849225,0.0,0.09391173044145111,0.11458333333333333,-0.0819482195258267,-0.08538663074051844,0.11808788511823012,-0.1659752166869886,-0.04662224222077045
1770700104.1007695,1.2275828732818348,0.0,0.02000039480492776,1.243202474849225,0.0,0.09391173044145111,0.11458333333333333,-0.08764991484880075,-0.08674126774802038,0.11463446751246613,-0.14720040974689258,-0.0321581858725785
1770700104.5186656,1.2278520269054158,0.0,0.020000323740040765,1.243202474849225,0.0,0.09391173044145111,0.10416666666666666,-0.07379527522841804,-0.07757262044898172,0.10273590045597268,-0.12897585201109374,-0.02895483776532987
1770700104.9328582,1.228087396974562,0.0,0.02000026546683343,1.243202474849225,0.0,0.09391173044145111,0.09375,-0.07275033719914341,-0.07435827610576601,0.09121138125433775,-0.11390666948667962,-0.02381973368856046
1770700105.346491,1.2282865774351344,0.0,0.02000021768280341,1.243202474849225,0.0,0.09391173044145111,0.09375,-0.07070698468874183,-0.0721424697711223,0.09027699546354197,-0.10175482057966447,-0.019494364831430626
1770700105.7618003,1.2284665293377623,0.0,0.020000178499898796,1.243202474849225,0.0,0.09391173044145111,0.09375,-0.06779274892710546,-0.06965881470975224,0.09393115682938126,-0.09251256702287121,-0.012532258341620068
1770700106.1882558,1.2286404178976997,0.0,0.020000146369917014,1.243202474849225,0.0,0.09391173044145111,0.09375,-0.06302760895519673,-0.06643709581538658,0.09043812470323621,-0.0897095867102946,-0.015228418775475455
1770700106.6046956,1.2288079112559542,0.0,0.02000012002333195,1.243202474849225,0.0,0.09391173044145111,0.09375,-0.057588323737457134,-0.06135759066639962,0.09431872185576913,-0.08840148175848885,-0.014221477896994319
1770700107.027067,1.228986795982717,0.0,0.0200000984191322,1.243202474849225,0.0,0.09391173044145111,0.09375,-0.04357138216759604,-0.04911444078244602,0.09360183169862933,-0.07866614978450465,-0.0158975559997984
1770700107.4665742,1.2291645558232054,0.0,0.020000080703688403,1.243202474849225,0.0,0.09391173044145111,0.09375,-0.04237436097462684,-0.04461571095182645,0.09333106395490547,-0.07011625255582299,-0.01402419656996097
1770700107.877482,1.2293333980536445,0.0,0.02000006617702449,1.243202474849225,0.0,0.09391173044145111,0.09375,-0.042277827751877814,-0.04491742757780359,0.09037744736030938,-0.06402431088342135,-0.013535188459739663
1770700108.2907019,1.2294863167011723,0.0,0.02000005426516008,1.243202474849225,0.0,0.09391173044145111,0.09375,-0.05189268220308908,-0.04910453293523907,0.09096571446234612,-0.060951729130965165,-0.009015141810762541
1770700108.7045438,1.2296292504340396,0.0,0.020000044497431268,1.243202474849225,0.0,0.09391173044145111,0.013333333333333329,-1.0,-0.2870471076412797,0.09984749644955393,-0.061000596093635666,-0.19954230558630967
1770700109.1407788,1.2296292504340396,0.0,0.020000044497431268,1.243202474849225,0.0,0.09397209411859517,0.09375,-0.012421170450742418,-0.5055255445057405,0.025454495164205237,-0.12184472843097936,-0.2662203261069097
1770700109.5764053,1.2291881908589588,0.0,0.020000044497431268,1.243202474849225,0.0,0.09406311389446263,0.11458333333333333,-0.0029803962021450765,-0.15995144181626947,0.1265681774889115,-0.11264788552141954,-0.03655630659395912
1770700109.9895442,1.2291881908589588,0.0,0.020000044497431268,1.243202474849225,0.0,0.09406311389446263,0.11458333333333333,-0.0013199414945466864,-0.05060963588717901,0.12201095435435559,-0.09030541279459602,-0.029509756747413116
1770700110.4052653,1.2294231220328795,0.0,0.02000003648789364,1.243202474849225,0.0,0.09406311389446263,0.11458333333333333,-0.005707400405049951,-0.016013205104927736,0.10979283358686877,-0.0718206777190958,-0.03454270956109861
1770700110.8191624,1.2296526228922593,0.0,0.020000029920072784,1.243202474849225,0.0,0.09406311389446263,0.09375,-0.015936036109847933,-0.003800008633298281,0.10144386497386976,-0.05821811897696667,-0.03626317601991687
1770700111.240387,1.2298705295115697,0.0,0.020000024534459683,1.243202474849225,0.0,0.09406311389446263,0.09375,-0.010811085159555445,-0.14182734648162953,0.05459618324347021,-0.06561791172460317,-0.07799851340980661
1770700111.654269,1.2298705295115697,0.0,0.020000024534459683,1.243202474849225,0.0,0.09406311389446263,0.09375,-0.012023818476359275,-0.0448750588477031,0.08137845093914609,-0.03883144073563311,-0.018072005215785912
1770700112.0717888,1.2298705295115697,0.0,0.020000024534459683,1.243202474849225,0.0,0.09406311389446263,0.09375,-0.014985313195083432,-0.014198749088531058,0.0866649168517647,-0.030107243878006784,-0.0159117502287358
1770700112.481689,1.2298705295115697,0.0,0.02000002011825694,1.243202474849225,0.0,0.09406311389446263,0.10416666666666666,-0.01382753122440341,-0.00449257295379303,0.09256519986464425,-0.026276566292002146,-0.022876531229727434
1770700112.901701,1.230013204384445,0.0,0.02000001649697069,1.243202474849225,0.0,0.09406311389446263,0.10416666666666666,-0.01220893499040762,-0.0014214781611610757,0.10311963319029448,-0.02295761535098372,-0.012146997165385346
1770700113.3288658,1.2301725742703664,0.0,0.020000013527515965,1.243202474849225,0.0,0.09406311389446263,0.10416666666666666,-0.01040547511248298,-0.0003373234308224036,0.1055944778346196,-0.020648294136356358,-0.011814228642182657
1770700113.7469883,1.2303337289625393,0.0,0.020000013527515965,1.243202474849225,0.0,0.09406311389446263,0.09375,-0.009573706605831093,-0.00010673124178365113,0.11227240773692444,-0.017723953602287647,-0.02762345297058331
1770700114.16165,1.2305062748140083,0.0,0.020000013527515965,1.243202474849225,0.0,0.09406311389446263,0.09375,-0.009255347203495374,-3.377043197060836e-05,0.10533082787857663,-0.016107205089962127,-0.01977922005880494
1770700114.5967898,1.2306642184996592,0.0,0.020000013527515965,1.243202474849225,0.0,0.09406311389446263,0.09375,-0.007537767653293535,-1.0685175740700301e-05,0.09516327362782577,-0.01460030053469193,-0.008858771762828404
1770700115.046458,1.2308020862209785,0.0,0.020000013527515965,1.243202474849225,0.0,0.09406311389446263,0.10416666666666666,-0.0011179135936004655,-0.10547128564229005,0.07180521805646088,-0.02594924885285764,-0.07325736183673855
1770700115.4732118,1.2308020862209785,0.0,0.020000013527515965,1.243202474849225,0.0,0.09406311389446263,0.10416666666666666,-0.0007027046184461417,-0.03337177397275584,0.0984829113911953,-0.020610110341034132,-0.012598500942514558
1770700115.8898818,1.2308020862209785,0.0,0.020000013527515965,1.243202474849225,0.0,0.09406311389446263,0.11458333333333333,-0.0028217040454181826,-0.010559037858567277,0.11140154918888265,-0.017074761597653067,-0.006793180888331682
1770700116.317041,1.2309485690957296,0.0,0.020000013527515965,1.243202474849225,0.0,0.09406311389446263,0.11458333333333333,-0.0012346237197690697,-0.002505709179327976,0.11261713050511347,-0.013887829024760602,-0.007975956008225413
1770700116.7318568,1.2311026762944448,0.0,0.020000013527515965,1.243202474849225,0.0,0.09406311389446263,0.10416666666666666,-0.00011099398118874504,-0.0007928220450217425,0.09876055240320025,-0.010600374537032201,-0.010638635958244474
1770700117.1583207,1.2311026762944448,0.0,0.020000013527515965,1.243202474849225,0.0,0.09406311389446263,0.019999999999999993,-1.0,-0.25025085385018264,0.10365037000349732,-0.008558228861055875,-0.20470089706565836
1770700117.5763786,1.2311026762944448,0.0,0.020000013527515965,1.243202474849225,0.0,0.0941212622225285,0.09375,0.0037760813507795882,-0.07918093422603437,0.09227776537850367,-0.005532611387844648,-0.03859895778791231
1770700117.995684,1.2311026762944448,0.0,0.020000013527515965,1.243202474849225,0.0,0.0941212622225285,0.09375,0.0036997003358382637,-0.21255334246995616,0.06822441349780319,-0.030921891808094487,-0.11888023987515264
1770700118.4101896,1.2309317970764626,0.0,0.020000013527515965,1.243202474849225,0.0,0.0941212622225285,0.11458333333333333,0.016929524394166347,-0.06725320601588457,0.11751005604968001,-0.03442046812635539,-0.019692949292937363
1770700118.8295507,1.2309317970764626,0.0,0.020000013527515965,1.243202474849225,0.0,0.0941212622225285,0.11458333333333333,0.018896883158748497,-0.015959501036972606,0.1390396643679923,-0.022054713381283744,-0.028740512681321714
1770700119.2564833,1.2311269261407842,0.0,0.020000013527515965,1.243202474849225,0.0,0.0941212622225285,0.10416666666666666,0.012288366585551328,-0.005049685874979613,0.11144502216284663,-0.013657850505301208,-0.012422124098939023
1770700119.6805806,1.2312797568708649,0.0,0.020000013527515965,1.243202474849225,0.0,0.0941212622225285,0.09375,0.011060944327912749,-0.001597752171380268,0.10311604028125473,-0.008920115117211837,-0.013500995292979455
1770700120.1008594,1.2314194226109971,0.0,0.020000013527515965,1.243202474849225,0.0,0.0941212622225285,0.10416666666666666,0.012087950625930223,-0.0005055387729757879,0.10662680428393165,-0.005149555852659384,-0.005159202083562034
1770700120.5282972,1.2315555576360215,0.0,0.020000013527515965,1.243202474849225,0.0,0.0941212622225285,0.11458333333333333,0.012123274670260463,-0.00011996672054015281,0.11515494587981426,-0.0018955720220957025,-0.0017848135803150721
1770700120.9432821,1.2316967328107347,0.0,0.020000013527515965,1.243202474849225,0.0,0.0941212622225285,0.125,0.013075011753190821,-3.795822017090773e-05,0.12482421563715955,0.0015753072477089486,-0.0013295050237608437
1770700121.364439,1.2318441179215898,0.0,0.020000013527515965,1.243202474849225,0.0,0.0941212622225285,0.125,0.01333316890688061,-1.2010218100951274e-05,0.1319540037996809,0.003065268762689878,-0.0086416394415744
1770700121.778989,1.2320012507808198,0.0,0.020000013527515965,1.243202474849225,0.0,0.0941212622225285,0.11458333333333333,0.01504403162063051,-3.8001080710041136e-06,0.11993474913720563,0.0036681705834346393,-0.007247691331699598
1770700122.2059505,1.2321412723749865,0.0,0.020000013527515965,1.243202474849225,0.0,0.0941212622225285,0.11458333333333333,0.015131904907692761,-1.2023779443411454e-06,0.11738464678022038,0.006024639531688546,-0.006049881296528889
1770700122.616094,1.2321412723749865,0.0,0.020000013527515965,1.243202474849225,0.0,0.0941212622225285,0.09375,0.015123609949390068,-2.853299223387679e-07,0.10116214585519596,0.007145265009497648,-0.011096983572686868
1770700123.0347855,1.2321412723749865,0.0,0.020000013527515965,1.243202474849225,0.0,0.0941212622225285,0.09375,0.013918143363190878,-0.18750009028017076,0.1049352521388345,0.002834206347551639,-0.1067835063188903
1770700123.4457157,1.2321412723749865,0.0,0.020000013527515965,1.243202474849225,0.0,0.0941212622225285,0.11458333333333333,0.029189651099987675,-0.05932620044021028,0.11284868804099286,-0.006361696055047026,-0.02913648772518196
1770700123.8564963,1.2321412723749865,0.0,0.020000013527515965,1.243202474849225,0.0,0.0941212622225285,0.11458333333333333,0.021920232955652263,-0.018771180608035284,0.11620598389539002,-0.001283887191033328,-0.010874078156959044
1770700124.278907,1.2321412723749865,0.0,0.020000013527515965,1.243202474849225,0.0,0.0941212622225285,0.10416666666666666,0.020669840207242197,-0.0059393188642611625,0.11187864436853827,0.005426125676740657,-0.014065701259149918
1770700124.6992989,1.2321412723749865,0.0,0.020000013527515965,1.243202474849225,0.0,0.0941212622225285,0.10416666666666666,0.01892706244108555,-0.0018792376093951335,0.09976620042405415,0.009967873987351359,-0.010778196872046822
1770700125.1220117,1.2321412723749865,0.0,0.020000013527515965,1.243202474849225,0.0,0.0941212622225285,0.10416666666666666,0.017949846498131992,-0.00044595189363575924,0.09267268473040711,0.011957403150644069,-0.017894612374728728
1770700125.5362735,1.2321412723749865,0.0,0.020000013527515965,1.243202474849225,0.0,0.0941212622225285,0.09375,0.01780672239945269,-0.00014110196634568948,0.09168680742509813,0.011923317061880736,-0.008098810697891413
1770700125.948018,1.2321412723749865,0.0,0.020000013527515965,1.243202474849225,0.0,0.0941212622225285,0.019999999999999993,-1.0,-0.43754464554403905,0.10730340795857075,0.005915872048860516,-0.3096344112563226
1770700126.3663492,1.2321412723749865,0.0,0.020000013527515965,1.243202474849225,0.0,0.09422533532261854,0.13541666666666669,0.05399707114906497,-0.1071318744804158,0.0866303643874356,-0.057331589970058314,-0.08001119073630172
1770700126.7768068,1.2321412723749865,0.0,0.02000001109256309,1.243202474849225,0.0,0.09422533532261854,0.15625000000000003,0.04944374228691934,-0.0019674499165240195,0.17952760128734488,-0.08417539265369615,-0.06706595292429471
1770700127.1989934,1.2325084266740072,0.0,0.020000009095901734,1.243202474849225,0.0,0.09422533532261854,0.17708333333333337,0.05276746577153219,0.03505581103358763,0.1866392542751609,-0.06080132766301802,-0.059821896789198165
1770700127.6255279,1.2328875581842649,0.0,0.020000007458639422,1.243202474849225,0.0,0.09422533532261854,0.18750000000000006,0.05883317604102485,0.053978066705648566,0.17831086054565518,-0.030024572060429307,-0.054268134397642685
1770700128.0413637,1.233222603448032,0.0,0.020000006116084327,1.243202474849225,0.0,0.09422533532261854,0.1666666666666667,0.055183919309990566,0.055539306585341064,0.17689386163262352,-0.002843532045688684,-0.04213671828294575
1770700128.4523084,1.2335216608804451,0.0,0.02000000501518915,1.243202474849225,0.0,0.09422533532261854,0.1666666666666667,0.05217319094647594,0.05380059233644848,0.17863555100166784,0.012134792744276202,-0.03429961661008375
1770700128.8616865,1.2337964517134414,0.0,0.020000004112455103,1.243202474849225,0.0,0.09422533532261854,0.17708333333333337,0.04960467862434847,0.05148182932090458,0.17607086136157057,0.021921810867821735,-0.01677118301065877
1770700129.2760658,1.2340429723638282,0.0,0.020000003372213183,1.243202474849225,0.0,0.09422533532261854,0.1666666666666667,0.048900985155619706,0.049812336460750825,0.1769948574206185,0.024945188445003735,-0.023064102519543522
1770700129.6973028,1.2342883065712438,0.0,0.020000003372213183,1.243202474849225,0.0,0.09422533532261854,0.1666666666666667,0.04795016630641373,0.048670625905287854,0.15708109107531915,0.02750522155956674,-0.020424281075664425
1770700130.1176755,1.2344941441029296,0.0,0.02000000276521481,1.243202474849225,0.0,0.09422533532261854,0.15625000000000003,0.044653517404109964,0.0463597375360131,0.15537882457593094,0.034521128888477436,-0.007492070480727989
1770700130.5296855,1.2346866684418902,0.0,0.02000000276521481,1.243202474849225,0.0,0.09422533532261854,0.14583333333333334,0.04240740257068471,0.044142694222468144,0.15851272440487343,0.03704627210572027,-0.016480116451638313
1770700130.9458818,1.2348818189585196,0.0,0.02000000276521481,1.243202474849225,0.0,0.09422533532261854,0.14583333333333334,0.04031212970594032,0.04214288815537712,0.15135965394994513,0.03787462472711599,-0.007743287592881927
1770700131.3579752,1.2350606883484112,0.0,0.02000000276521481,1.243202474849225,0.0,0.09422533532261854,0.14583333333333334,0.03850242269532248,0.040195648111167874,0.14335009165379117,0.03651929992001879,-0.004456948255826433
1770700131.769948,1.2352255589890466,0.0,0.02000000276521481,1.243202474849225,0.0,0.09422533532261854,0.14583333333333334,0.03746255837400855,0.03854079326321883,0.1439961513976245,0.036861213002359616,-0.0027111633743725277
1770700132.177522,1.2353887129461751,0.0,0.02000000276521481,1.243202474849225,0.0,0.09422533532261854,0.14583333333333334,0.03540664533410042,0.036582916182165505,0.1381863040668799,0.035833063980738336,-0.008124770269329154
1770700132.607903,1.235541022109984,0.0,0.02000000276521481,1.243202474849225,0.0,0.09422533532261854,0.13541666666666669,0.024330401000069585,0.026204773819667,0.13742994685399537,0.03619570798562971,-0.007045011670799179
1770700133.0343206,1.2356818982881295,0.0,0.02000000276521481,1.243202474849225,0.0,0.09422533532261854,0.125,0.022051532451160538,0.0062185156622842595,0.13247571060645563,0.035042851556812644,-0.022003164196601532
1770700133.447556,1.2356818982881295,0.0,0.02000000276521481,1.243202474849225,0.0,0.09422533532261854,0.125,0.01980909336357644,0.0019675772212696292,0.12481418677391545,0.03308040654633971,-0.015938472389666877
1770700133.864361,1.2356818982881295,0.0,0.02000000276521481,1.243202474849225,0.0,0.09422533532261854,0.10416666666666666,0.01996815828624774,0.0006225537301673437,0.12355587236989658,0.02852751380950942,-0.03379697501658399
1770700134.285015,1.2356818982881295,0.0,0.02000000276521481,1.243202474849225,0.0,0.09422533532261854,0.10416666666666666,0.01840750556720004,0.0001969798911857611,0.1093785473749392,0.02585532899303663,-0.018308273740845253
1770700134.7146459,1.2356818982881295,0.0,0.02000000276521481,1.243202474849225,0.0,0.09422533532261854,0.09375,0.017498372843002624,4.6744251521621034e-05,0.10305169240661065,0.02263874351838594,-0.02091935058750788
1770700135.1454341,1.2356818982881295,0.0,0.02000000276521481,1.243202474849225,0.0,0.09422533532261854,0.10416666666666666,-0.0007069482916956457,1.4790173333012906e-05,0.099472813459469,0.020534378398502924,-0.015164083831770918
1770700135.5582736,1.2356818982881295,0.0,0.02000000276521481,1.243202474849225,0.0,0.09422533532261854,0.125,0.029451578004369844,-0.24608907029671886,0.02494752927179024,-0.06719328715486667,-0.19827312885447282
1770700135.9746993,1.2354430257153497,0.0,0.02000000276521481,1.243202474849225,0.0,0.09422533532261854,0.13541666666666669,0.05332385970597623,-0.04863917269579598,0.1507906657969399,-0.0720574384962616,-0.027569547164645516
1770700136.3910856,1.2356896549630152,0.0,0.020000002267476145,1.243202474849225,0.0,0.09422533532261854,0.13541666666666669,0.052280267855090976,0.020631403474718535,0.1366364793077269,-0.044352839988570404,-0.0364823942234738
1770700136.8222775,1.2359582494908559,0.0,0.02000000185933044,1.243202474849225,0.0,0.09422533532261854,0.125,0.03853449827851811,0.039760593727021634,0.12551588627040408,-0.021553223543015646,-0.033452756549978195
1770700137.238527,1.236199761341213,0.0,0.02000000152465096,1.243202474849225,0.0,0.09422533532261854,0.125,0.04605197874514513,0.04208964824993054,0.12364740078921264,-0.009388845032009787,-0.02830828370285811
1770700137.6827815,1.236420708877443,0.0,0.020000001250213787,1.243202474849225,0.0,0.09422533532261854,0.125,0.04519446804555414,0.04436675151484846,0.1263170561310022,0.0005905521143647613,-0.024203095545881494
1770700138.1028569,1.2366323676770914,0.0,0.020000001025175306,1.243202474849225,0.0,0.09422533532261854,0.11458333333333333,0.0507399216367533,0.04843492340693811,0.11312757762681741,0.008908742306080852,-0.022050665276116158
1770700138.5199127,1.2368174717384566,0.0,0.02000000084064375,1.243202474849225,0.0,0.09422533532261854,0.11458333333333333,0.050226147725679446,0.05007876878999419,0.11511228944579414,0.018122708574291574,-0.017428382847133196
1770700138.932062,1.2369925025975692,0.0,0.02000000084064375,1.243202474849225,0.0,0.09422533532261854,0.10416666666666666,0.05564731530957328,0.05457614938556312,0.10428143754255487,0.02299270588665902,-0.016393492356577003
1770700139.3501227,1.2371513444799174,0.0,0.02000000084064375,1.243202474849225,0.0,0.09422533532261854,0.10416666666666666,0.05369209220420578,0.0544080548643809,0.10108148672492714,0.029907715510168322,-0.016026850581196732
1770700139.7719693,1.2372926511847961,0.0,0.02000000084064375,1.243202474849225,0.0,0.09422533532261854,0.09375,0.057665458876509014,0.05724112691593524,0.0907357065050687,0.03798152645910229,-0.013451474818241176
1770700140.204238,1.2372926511847961,0.0,0.02000000084064375,1.243202474849225,0.0,0.09422533532261854,0.013333333333333329,-1.0,0.10221463087873212,0.024901281900329343,0.10876015746789232,-0.02191857496245512
1770700140.615866,1.2372926511847961,0.0,0.02000000084064375,1.243202474849225,0.0,0.09422533532261854,0.013333333333333329,-1.0,-0.45,0.03067283676730864,0.019257155209515712,-0.26091838126457084
1770700141.031478,1.2372926511847961,0.0,0.02000000084064375,1.243202474849225,0.0,0.09433330752849584,0.13541666666666669,0.09263195719855381,-0.17380597710523804,0.04173530433888533,-0.0760599909184424,-0.15208607003397498
1770700141.4426916,1.2372926511847961,0.0,0.020000000689327873,1.243202474849225,0.0,0.09433330752849584,0.125,0.10209830813422248,0.014390990715951617,0.13579637238623588,-0.05461839489476993,-0.047445224793963896
1770700141.8660583,1.2375732927846896,0.0,0.020000000565248855,1.243202474849225,0.0,0.09433330752849584,0.125,0.09920300142687087,0.07313847806386285,0.11714115602005412,-0.023146072230772648,-0.05914835139366336
1770700142.2977448,1.2378473048007477,0.0,0.020000000463504062,1.243202474849225,0.0,0.09433330752849584,0.10416666666666666,0.099467834900071,0.09196260798983633,0.11264317529747737,0.004305310761485763,-0.055050295544211834
1770700142.7225647,1.238101743750571,0.0,0.02000000038007333,1.243202474849225,0.0,0.09433330752849584,0.09375,0.0925744476699504,0.0940370056037908,0.10636402250777845,0.026090173479765864,-0.04876592484161893
1770700143.1467304,1.2383163027477253,0.0,0.020000000311660132,1.243202474849225,0.0,0.09433330752849584,0.09375,0.08414949165509569,0.08911161699239953,0.10307684349001474,0.03823170287240673,-0.03598095348927522
1770700143.5638518,1.2384981851488341,0.0,0.020000000311660132,1.243202474849225,0.0,0.09433330752849584,0.019999999999999993,-1.0,-0.45,0.03787198897254633,0.022726138682034314,-0.25578561473260075
1770700143.9786296,1.2384981851488341,0.0,0.020000000311660132,1.243202474849225,0.0,0.09444092924475675,0.09375,0.10653264670520476,-0.08882821506551684,0.08279457004281703,-0.00884001356060191,-0.054106145933904067
1770700144.399139,1.2384981851488341,0.0,0.020000000311660132,1.243202474849225,0.0,0.09444092924475675,0.019999999999999993,1.0,0.2688615696548413,0.10511032111498994,0.008509396832603783,-0.2170213485654293
1770700144.8267386,1.2384981851488341,0.0,0.020000000311660132,1.243202474849225,0.0,0.09435999696195131,0.10416666666666666,0.11182456052417525,-0.21272595132193303,0.020871565004304714,-0.014031553839126095,-0.1848963954709384
1770700145.246925,1.2382159932857741,0.0,0.020000000311660132,1.243202474849225,0.0,0.09435999696195131,0.09375,0.10983735047501189,0.008366248795287828,0.08719547599920012,0.009607052557843596,-0.009538786521774733
1770700145.6624112,1.2382159932857741,0.0,0.020000000311660132,1.243202474849225,0.0,0.09435999696195131,0.0,0.5,-0.09691211738499195,0.018894323587694998,-0.05068727840275421,-0.04803617617487365
1770700146.0947416,1.2382159932857741,0.0,0.020000000311660132,1.243202474849225,0.0,0.09435999696195131,0.25,0.12281753198089695,0.21683765835387914,-0.008851167916456217,0.01557798461611617,-0.36610753108722477
1770700146.519713,1.2382159932857741,0.0,0.02000000025556131,1.2436231713080415,0.0,0.09426343566715722,0.0,0.5,-0.037876359509986884,0.023854984870435407,-0.04549493931128055,-0.03377156716382191
1770700146.9350157,1.2382159932857741,0.0,0.02000000025556131,1.2436231713080415,0.0,0.09426343566715722,0.0,0.5,0.3298125581237932,0.016795200160397247,-0.007654769201516229,-0.1893128808340284
1770700147.3448508,1.2382159932857741,0.0,0.02000000025556131,1.2436231713080415,0.0,0.09416807366311555,0.019999999999999993,-1.0,-0.45,0.01611642258230865,0.008614356999926107,-0.23481766853779865
1770700147.7597184,1.2382159932857741,0.0,0.02000000025556131,1.2436231713080415,0.0,0.09427365042030816,0.09375,0.11959574287288263,0.06089555115962525,0.01345541271175045,0.02118545669003716,-0.1014067444920547
1770700148.1824722,1.2382159932857741,0.0,0.020000000209560272,1.2436231713080415,0.0,0.09427365042030816,0.0,0.5,0.14999470619421088,0.03302576276787341,-0.0010416888502343498,-0.11076667484412317
1770700148.6234527,1.2384665793013563,0.0,0.020000000171839425,1.2436231713080415,0.0,0.09422337875306612,0.0,0.5,-0.23344852186992848,0.01826557684949933,-0.018568027912310384,-0.127458457734516
1770700149.0380936,1.2384665793013563,0.0,0.020000000171839425,1.2436231713080415,0.0,0.09427830610215669,0.15625000000000003,0.12208112174498378,0.17345258406333888,0.009691400976583314,0.0071525956106844235,-0.23228065560204345
1770700149.4544961,1.2386269810545434,0.0,0.020000000140908327,1.2439208741283425,0.0,0.09420155350565916,0.09375,0.11929259098394006,-0.0734472184901922,0.09403497872170784,0.013082729138093772,-0.04414296588859176
1770700149.8784354,1.2386269810545434,0.0,0.020000000140908327,1.2439208741283425,0.0,0.09420155350565916,0.019999999999999993,-1.0,-0.33769228397541234,0.021425059059816804,0.015064837746018689,-0.17800183078132484
1770700150.2991765,1.2386269810545434,0.0,0.020000000140908327,1.2439208741283425,0.0,0.09428427593231208,0.25,0.12146030405961243,0.1403140017883078,0.01019163982946187,0.01901913169750264,-0.30085122461108915
1770700150.7214015,1.2386269810545434,0.0,0.020000000115544828,1.2443064215898523,0.0,0.09420632757484919,0.0,0.5,0.13778935784624882,0.0008666394117213417,-0.05579808235655458,-0.10514208091852877
1770700151.1347053,1.2388985976219167,0.0,0.02000000009474676,1.2443064215898523,0.0,0.09415048965334898,0.0,0.5,0.38539428900603967,0.001733243559562639,0.025954465502688664,-0.18962841009716247
1770700151.5519912,1.2388985976219167,0.0,0.02000000009474676,1.24449080369711,0.0,0.09404734803080564,0.0,0.5,-0.1866525882441828,0.011961868063154187,-0.019029833407501074,-0.10027167537251402
1770700151.9647837,1.2386875006377687,0.0,0.02000000009474676,1.24449080369711,0.0,0.09404734803080564,0.25,0.1239138237982673,0.18871728545043084,0.008499194539563831,0.015140385427454588,-0.3317062773554199
1770700152.385528,1.2386875006377687,0.0,0.020000000077692343,1.2448866056084642,0.0,0.09395685814142232,0.0,0.5,0.2433050785995504,-0.004421765340804371,0.028581193182714213,-0.11312778882474842
1770700152.8005679,1.2386875006377687,0.0,0.020000000077692343,1.2448866056084642,0.0,0.0938868335229159,0.0,0.5,-0.231610502474361,0.021965118775959407,-0.04689076771949265,-0.12187218224361425
1770700153.210689,1.2386875006377687,0.0,0.020000000077692343,1.2448866056084642,0.0,0.09393670373857027,0.0,0.5,0.26851386445147174,-0.0025948633465165947,0.0059961475373080326,-0.1391424133292785
1770700153.6251562,1.2386875006377687,0.0,0.020000000077692343,1.2448866056084642,0.0,0.09385711994171149,0.013333333333333329,-1.0,-0.42212024505692614,0.011608096539021935,0.0554797353545278,-0.24547358578176032
1770700154.0426254,1.2386875006377687,0.0,0.020000000077692343,1.2448866056084642,0.0,0.0939632214248181,0.0,0.5,0.20823539121245693,0.0006865081289745235,0.010039466083614928,-0.10432849762048682
1770700154.455778,1.2386875006377687,0.0,0.020000000077692343,1.2448866056084642,0.0,0.0938992918580771,0.013333333333333329,-1.0,-0.45,0.01430980637901619,0.03253353840140526,-0.24449264947816451
1770700154.8717277,1.2386875006377687,0.0,0.020000000077692343,1.2448866056084642,0.0,0.09400832109034067,0.0,0.5,-0.1727335754128276,-0.005257386730669658,-0.04710202996997636,-0.07603671628923343
1770700155.287597,1.238512954555749,0.0,0.020000000077692343,1.2448866056084642,0.0,0.09400832109034067,0.019999999999999993,-1.0,-0.087857107845465,0.003813916405636688,0.04034716618361368,-0.08903314022426165
1770700155.707871,1.2383104037493458,0.0,0.020000000077692343,1.2448866056084642,0.0,0.09400832109034067,0.0,0.5,-0.33639228802922916,0.02884240613456274,-0.06785366936832332,-0.17393179902020936
1770700156.1224403,1.2383104037493458,0.0,0.020000000077692343,1.2448866056084642,0.0,0.094081896712184,0.0,0.5,0.3015201894618138,0.008206880281738108,-0.03689451671325248,-0.18051014863477835
1770700156.5359247,1.2383104037493458,0.0,0.020000000077692343,1.2448866056084642,0.0,0.09398892815053468,0.019999999999999993,-1.0,0.06219974744690199,-0.017293529872257622,0.048304092331466875,-0.05276121833444711
1770700156.9537892,1.2383104037493458,0.0,0.020000000077692343,1.2448866056084642,0.0,0.09398892815053468,0.0,0.5,-0.007663361159378684,0.02093281018464645,-0.009615134811462223,-0.02770061972498113
1770700157.36282,1.2383104037493458,0.0,0.020000000077692343,1.2448866056084642,0.0,0.09398892815053468,0.0,0.5,-0.15281536036683463,0.004675451640164012,-0.004939129592771367,-0.07908116754906473
1770700157.7774851,1.238107901303171,0.0,0.020000000077692343,1.2448866056084642,0.0,0.09398892815053468,0.0,0.5,-0.19874236011606877,0.008039985663470932,-0.01909377827364962,-0.09927974145276834
1770700158.1996546,1.237874615986346,0.0,0.020000000077692343,1.2448866056084642,0.0,0.09403443291008477,0.0,0.5,0.2789135501195251,0.001675098319834051,0.046814596966238166,-0.12431541242046631
1770700158.6179273,1.237874615986346,0.0,0.020000000077692343,1.2448866056084642,0.0,0.09395830151319509,0.0,0.5,-0.04025781964937053,0.009252302657968066,-0.034607912274916774,-0.02021950726931044
1770700159.0370476,1.237874615986346,0.0,0.020000000077692343,1.2448866056084642,0.0,0.09395830151319509,0.0,0.5,0.32905904925156637,0.0021926149590212616,0.0042831444949776795,-0.16846967301430504
1770700159.4538386,1.237874615986346,0.0,0.020000000077692343,1.2448866056084642,0.0,0.09386451914787299,0.0,0.5,0.07677258980225343,0.015500135796850336,-0.002406314069800014,-0.05575853358935483
1770700159.8734877,1.237874615986346,0.0,0.020000000077692343,1.2448866056084642,0.0,0.09386451914787299,0.019999999999999993,-1.0,-0.45,0.010243701638054504,-0.005130295141762168,-0.23246354889826062
1770700160.2869065,1.237874615986346,0.0,0.020000000077692343,1.2448866056084642,0.0,0.09396840136051184,0.0,0.5,0.18324592531879555,0.006975456093722749,-0.01780379416296027,-0.10876766573672046
1770700160.7027702,1.2381521435415734,0.0,0.02000000006370772,1.2448866056084642,0.0,0.09390660943925386,0.013333333333333329,-1.0,-0.2564729689420998,0.009666748588018158,0.030329713839702635,-0.15188127693648268
1770700161.113936,1.2381521435415734,0.0,0.02000000006370772,1.2448866056084642,0.0,0.0939729053419829,0.0,0.5,0.10244409967066376,-0.010515982729728455,-0.023946987289092343,-0.07913919632248599
1770700161.5269215,1.2383045712482919,0.0,0.02000000005224033,1.2448866056084642,0.0,0.0939729053419829,0.013333333333333329,-1.0,-0.2505918786914343,-0.013655902830706756,0.043514801942319305,-0.18078875540405806
1770700161.9474783,1.2383045712482919,0.0,0.02000000005224033,1.2448866056084642,0.0,0.09403934462487704,0.0,0.5,0.10430491338278836,-0.004870038440023251,-0.02644581294626288,-0.07724146309340708
1770700162.3592699,1.2384733929920186,0.0,0.02000000004283707,1.2448866056084642,0.0,0.09403934462487704,0.019999999999999993,-1.0,-0.0002003984999771058,-0.0016869796979286553,0.03491075759715964,-0.04537821480083927
1770700162.7762003,1.2384733929920186,0.0,0.02000000004283707,1.2448866056084642,0.0,0.09403934462487704,0.0,0.5,-0.027407157337883403,0.014646059274410957,-0.007402483578854228,-0.02887972027152693
1770700163.1954744,1.2384733929920186,0.0,0.02000000004283707,1.2448866056084642,0.0,0.09403934462487704,0.013333333333333329,-1.0,-0.3231249208764397,0.023218212582137045,0.054019267001512807,-0.20459914824581668
1770700163.6240819,1.2384733929920186,0.0,0.02000000004283707,1.2448866056084642,0.0,0.09412489321470267,0.0,0.5,0.02781312912795425,0.013583581235405196,-0.00831006805612623,-0.03787811333320935
1770700164.0331743,1.2384733929920186,0.0,0.02000000004283707,1.2448866056084642,0.0,0.09412489321470267,0.0,0.5,-0.018543502111858234,0.015853417022781962,-0.004785493710332838,-0.023084878658124
1770700164.4433913,1.2384733929920186,0.0,0.02000000004283707,1.2448866056084642,0.0,0.09412489321470267,0.013333333333333329,-1.0,-0.45,0.017178508744003205,0.007608952958863855,-0.23388909655702148
1770700164.8542392,1.2384733929920186,0.0,0.02000000004283707,1.2448866056084642,0.0,0.09423128079295165,0.0,0.5,0.17370355350714262,-0.008469714540205984,-0.020074905878983584,-0.10812733011705382
1770700165.2639124,1.2387167163473358,0.0,0.0200000000351264,1.2448866056084642,0.0,0.09417162639379507,0.0066666666666666645,-1.0,-0.2594922350231306,0.021409852637598037,0.03549301436529887,-0.16779260268957438
1770700165.6792407,1.2387167163473358,0.0,0.0200000000351264,1.2448866056084642,0.0,0.09424053868412978,0.013333333333333329,-1.0,-0.11530808998778741,-0.0021935703461781458,0.030345634141147403,-0.08886850376639402
1770700166.0933888,1.2384871798735848,0.0,0.0200000000351264,1.2448866056084642,0.0,0.09424053868412978,0.0,0.5,0.1471095496523016,-0.007566576081773372,-0.01064118829021796,-0.09054062729616968
1770700166.503304,1.2386816472476712,0.0,0.020000000028803647,1.2448866056084642,0.0,0.09418947280406958,0.013333333333333329,-1.0,0.01334325594467356,0.005470583619425956,0.044041796145189036,-0.02868031825770581
1770700166.9224374,1.2386816472476712,0.0,0.020000000028803647,1.2448866056084642,0.0,0.09418947280406958,0.0,0.5,0.10765860468218327,0.009360412799036887,-0.038894728657964325,-0.09093073194942602
1770700167.3362656,1.238900151731371,0.0,0.020000000023618993,1.2448866056084642,0.0,0.09414447017014033,0.013333333333333329,-1.0,0.0008607303877220529,-0.015652297746039157,0.045522372728340955,-0.05975816238831247
1770700167.751125,1.238900151731371,0.0,0.020000000023618993,1.2448866056084642,0.0,0.09414447017014033,0.0,0.5,-0.3083214095257598,0.00829197543082419,-0.028851375624922584,-0.15546436721656917
1770700168.1696873,1.238900151731371,0.0,0.020000000023618993,1.2448866056084642,0.0,0.0942167487454415,0.0,0.5,0.24424205401724006,0.012567062434687706,-0.015232105671057677,-0.14366606927422307
1770700168.6000721,1.238900151731371,0.0,0.020000000023618993,1.2448866056084642,0.0,0.09414003264844424,0.0066666666666666645,-1.0,-0.2371734125961077,0.002665841387137398,0.055323300804730975,-0.15730472262752748
1770700169.0203133,1.238900151731371,0.0,0.020000000023618993,1.2448866056084642,0.0,0.09420610819160945,0.0,0.5,0.10855059992076282,-0.010329722133688912,0.02007765244921891,-0.058090760705012075
1770700169.431582,1.238900151731371,0.0,0.020000000023618993,1.2448866056084642,0.0,0.09420610819160945,0.0,0.5,-0.24328340255786585,0.01270536479073371,0.005269072755120615,-0.13846246041663676
1770700169.8436594,1.238900151731371,0.0,0.020000000023618993,1.2448866056084642,0.0,0.09426729056477554,0.013333333333333329,-1.0,-0.39142951409057475,0.029768423737572918,0.027791842901387094,-0.22829804591484718
1770700170.25528,1.238900151731371,0.0,0.020000000023618993,1.2448866056084642,0.0,0.0943644688427449,0.0,0.5,0.05974300530727908,-0.0027050139976014455,-0.03759467112710778,-0.05791250361764436
1770700170.6647413,1.238900151731371,0.0,0.020000000019367574,1.2448866056084642,0.0,0.0943644688427449,0.0,0.5,0.36069993527300626,-0.006251670706840701,0.03386417949828522,-0.17681543365674052
1770700171.074212,1.238900151731371,0.0,0.020000000019367574,1.245074612238408,0.0,0.09426753324031836,0.013333333333333329,-1.0,-0.45,0.01672572483363239,0.005009917735534892,-0.23378277654434154
1770700171.4998457,1.238900151731371,0.0,0.020000000019367574,1.245074612238408,0.0,0.09437362025022514,0.0,0.5,0.1616142620136443,-0.008162471625909915,0.017337921133832864,-0.08153344240564542
1770700171.9113781,1.23906574661672,0.0,0.02000000001588141,1.245074612238408,0.0,0.09432321986913689,0.0,0.5,0.023792012590254652,0.015291019354282339,-0.04963818044935615,-0.05870372603240664
1770700172.3296013,1.23906574661672,0.0,0.02000000001588141,1.245074612238408,0.0,0.09432321986913689,0.0066666666666666645,-1.0,0.011993612362726447,-0.003051798247867171,0.023597915766580636,-0.02284422623805461
1770700172.7487319,1.23906574661672,0.0,0.02000000001588141,1.245074612238408,0.0,0.09432321986913689,0.0066666666666666645,-1.0,-0.45,0.009025921333373052,-0.007593977338815751,-0.22668145530783818
1770700173.176009,1.23906574661672,0.0,0.02000000001588141,1.245074612238408,0.0,0.09442860422611245,0.0,0.5,0.12670425553454356,-0.01126169675443211,-0.05445966161724355,-0.10653022375816845
1770700173.596851,1.239300386711954,0.0,0.020000000013022757,1.245074612238408,0.0,0.09437594962537296,0.0,0.5,0.3818868933527267,-0.0004399504405720192,0.01912050333621929,-0.189181161944172
1770700174.0204387,1.239300386711954,0.0,0.020000000013022757,1.2452620740151414,0.0,0.09427268322646626,0.0,0.5,-0.29707176261258533,0.011820921565416406,0.0074384622319422465,-0.16524423809810787
1770700174.4383152,1.239300386711954,0.0,0.020000000013022757,1.2452620740151414,0.0,0.09434754794478424,0.0066666666666666645,-1.0,-0.1271984873891383,-0.0010478288792851603,0.030723013699146772,-0.08900370123681481
1770700174.8506627,1.2390593351447572,0.0,0.020000000013022757,1.2452620740151414,0.0,0.09434754794478424,0.0,0.5,-0.06759014640046954,0.002713048549054034,-0.03038032697696084,-0.027428292328419143
1770700175.2838829,1.2390593351447572,0.0,0.020000000013022757,1.2452620740151414,0.0,0.09434754794478424,0.0066666666666666645,-1.0,-0.0545890697595236,-0.00296450809380334,0.03508352285375716,-0.06101385605018218
1770700175.7100656,1.238904908478855,0.0,0.020000000013022757,1.2452620740151414,0.0,0.09434754794478424,0.0,0.5,-0.04461607285359925,-0.006450273358807805,0.006587701563767183,-0.03490174269649002
1770700176.121532,1.238904908478855,0.0,0.020000000013022757,1.2452620740151414,0.0,0.09434754794478424,0.0,0.5,-0.2796305719760006,0.013065179838414412,-0.026798409568937864,-0.14281987215521627
1770700176.5645998,1.238904908478855,0.0,0.020000000013022757,1.2452620740151414,0.0,0.09441306263804443,0.0,0.5,0.25332001433571855,0.006382581029554843,-0.0094151264700143,-0.1394884797423136
1770700176.9817922,1.238904908478855,0.0,0.020000000013022757,1.2452620740151414,0.0,0.0943349577361346,0.0066666666666666645,-1.0,-0.4452385892140891,0.01053416818502518,0.035763106778497034,-0.2488861728395027
1770700177.3904638,1.238904908478855,0.0,0.020000000013022757,1.2452620740151414,0.0,0.0944442223590613,0.0,0.5,0.042717477631479595,-0.010666034626695256,0.004571297847737585,-0.032858305411642204
1770700177.8060527,1.238904908478855,0.0,0.020000000013022757,1.2452620740151414,0.0,0.0944442223590613,0.0066666666666666645,-1.0,-0.45,0.007323360751224198,-0.011739659118933321,-0.22141796022175797
1770700178.2228186,1.238904908478855,0.0,0.020000000013022757,1.2452620740151414,0.0,0.09454909352362162,0.0,0.5,0.25987742657554785,0.01393140516736003,-0.0015716956098430167,-0.14567276261096448
1770700178.636218,1.238904908478855,0.0,0.020000000013022757,1.2452620740151414,0.0,0.09447056870043284,0.0066666666666666645,-1.0,-0.45,0.008991904840797073,0.023167539297295238,-0.24138293131349187
1770700179.0556026,1.238904908478855,0.0,0.020000000013022757,1.2452620740151414,0.0,0.09457935281097896,0.0,0.5,-0.006682498233609446,-0.013097391727947742,-0.07822496558388173,-0.05900787589120158
1770700179.4636953,1.238904908478855,0.0,0.020000000013022757,1.2452620740151414,0.0,0.09457935281097896,0.0,0.5,0.339682490793272,-0.00020951699156592012,-0.01788445359776675,-0.1850270403856968
1770700179.876968,1.238904908478855,0.0,0.020000000013022757,1.2454454052972803,0.0,0.09448042872607715,0.013333333333333329,-1.0,-0.20697546189744132,-0.0059046260929148334,0.07049496879612571,-0.16681111701242093
1770700180.2902937,1.238904908478855,0.0,0.020000000013022757,1.2454454052972803,0.0,0.0945400930547715,0.0,0.5,-0.09283207974098728,0.004141133651756423,-0.013946829334408474,-0.05202793866809925
1770700180.7035005,1.238904908478855,0.0,0.020000000013022757,1.2454454052972803,0.0,0.0945400930547715,0.0066666666666666645,-1.0,-0.06257577523054675,-0.011903457086910346,0.041289267662449274,-0.07602625489976081
1770700181.1310494,1.2387138298773754,0.0,0.020000000013022757,1.2454454052972803,0.0,0.0945400930547715,0.0,0.5,0.08964266271384486,-0.004975287435309944,-0.0052365631635045385,-0.057067483456580026
1770700181.544925,1.2387138298773754,0.0,0.02000000001067866,1.2454454052972803,0.0,0.0945400930547715,0.0,0.5,0.0010197487493024682,-0.004695658688495843,-0.034898955894885834,-0.025621250283728123
1770700181.9602761,1.2387138298773754,0.0,0.02000000001067866,1.2454454052972803,0.0,0.0945400930547715,0.0,0.5,0.342119529877709,0.005941940871289961,0.01684776457037308,-0.1737524955714838
1770700182.392329,1.2387138298773754,0.0,0.02000000001067866,1.2454454052972803,0.0,0.09444509312748917,0.0066666666666666645,-1.0,-0.45,0.009032425917297457,-0.02742396986811072,-0.2180809477604238
1770700182.8201087,1.2387138298773754,0.0,0.02000000001067866,1.2454454052972803,0.0,0.09454818388462075,0.0,0.5,0.2448155926001852,0.0005984435254146785,-0.04551460151850358,-0.14757260374979836
1770700183.2373734,1.2387138298773754,0.0,0.02000000001067866,1.2454454052972803,0.0,0.09446699493050584,0.013333333333333329,-1.0,0.044258058596152394,0.0005285377936751699,0.05712058306371744,-0.029499576231662782
1770700183.6558592,1.2387138298773754,0.0,0.02000000001067866,1.2454454052972803,0.0,0.09446699493050584,0.0,0.5,-0.2945902236473112,-0.0017600150655195756,-0.009746436439065979,-0.15086861061992052
1770700184.0718985,1.2387138298773754,0.0,0.02000000001067866,1.2454454052972803,0.0,0.09453858953177938,0.013333333333333329,-1.0,-0.12641331295090708,0.00467630198964548,0.01704135526043803,-0.08306314461931082
1770700184.4932997,1.238503525856136,0.0,0.02000000001067866,1.2454454052972803,0.0,0.09453858953177938,0.0,0.5,0.14359578769912706,-0.00962861294339908,-0.006433975574223106,-0.08699102766354026
1770700184.9079943,1.2386827829647051,0.0,0.0200000000087565,1.2454454052972803,0.0,0.09448916915476331,0.019999999999999993,-1.0,-0.26901852029832307,0.029536523299550768,0.03324110894346493,-0.16463384637221357
1770700185.3256886,1.2386827829647051,0.0,0.0200000000087565,1.2454454052972803,0.0,0.0945582507675887,0.019999999999999993,-1.0,-0.17614404339110595,-0.0062055819445866215,0.026912394033644548,-0.1283666721479439
1770700185.7331333,1.238370605088471,0.0,0.0200000000087565,1.2454454052972803,0.0,0.0945582507675887,0.0,0.5,0.12786067377078286,0.011298790448782361,-0.04121324600590258,-0.10264831434107981
1770700186.1516767,1.2386227444249378,0.0,0.02000000000718033,1.2454454052972803,0.0,0.0945073874425889,0.0066666666666666645,-1.0,0.007252791310286777,-0.01394975971963262,0.037731588757138626,-0.04375030858602933
1770700186.5595324,1.2386227444249378,0.0,0.02000000000718033,1.2454454052972803,0.0,0.0945073874425889,0.0,0.5,-0.30629892149947957,0.00951262416656643,-0.020070992144854315,-0.15840684693407836
1770700186.9714842,1.2386227444249378,0.0,0.02000000000718033,1.2454454052972803,0.0,0.09458047618985185,0.0,0.5,0.2448819818693053,0.010026011966345937,0.003077984732051188,-0.13324290822266355
1770700187.38408,1.2386227444249378,0.0,0.02000000000718033,1.2454454052972803,0.0,0.09450626103281984,0.0,0.5,-0.2311115604241651,0.021438922161138803,-0.01567157560865242,-0.1310338706029655
1770700187.8274758,1.2386227444249378,0.0,0.02000000000718033,1.2454454052972803,0.0,0.09456105446457871,0.019999999999999993,-1.0,-0.048496200374093856,0.004900781252664124,0.036146176806350246,-0.06260218257905818
1770700188.2367935,1.2386227444249378,0.0,0.02000000000718033,1.2454454052972803,0.0,0.09456105446457871,0.0066666666666666645,-1.0,-0.45,0.012520386067228599,-0.01760194288868955,-0.22742755992572114
1770700188.6540823,1.2386227444249378,0.0,0.02000000000718033,1.2454454052972803,0.0,0.09466537084102639,0.0,0.5,0.12064844405129349,0.016033704952218904,-0.07492756994251847,-0.11955427465450777
1770700189.0654805,1.2389290640026318,0.0,0.02000000000588787,1.2454454052972803,0.0,0.09461105610847481,0.0,0.5,0.37997079675060463,0.001124141147816158,0.019662405420012036,-0.19073733434936552
1770700189.4822521,1.2389290640026318,0.0,0.02000000000588787,1.245630337858201,0.0,0.09450826808691033,0.0,0.5,-0.188368615090629,0.023046528145881887,-0.006278953104636011,-0.11668549499134319
1770700189.9044816,1.2387130273872602,0.0,0.02000000000588787,1.245630337858201,0.0,0.09450826808691033,0.019999999999999993,-1.0,-0.37405413211851934,0.010740446380816828,0.0010683000778504007,-0.19755549503561667
1770700190.3240042,1.2387130273872602,0.0,0.02000000000588787,1.245630337858201,0.0,0.09459709708273419,0.0,0.5,0.29258285731953104,0.001968356780738191,-0.030083585942292528,-0.16641676701366429
1770700190.740629,1.2387130273872602,0.0,0.02000000000588787,1.245630337858201,0.0,0.09450696045100697,0.019999999999999993,-1.0,-0.22187808030124212,0.022558677379470763,0.03772711882513341,-0.13914234741940112
1770700191.1536367,1.2387130273872602,0.0,0.02000000000588787,1.245630337858201,0.0,0.09456476930797109,0.0,0.5,0.11339013865468511,-0.02542046318011985,-0.027409449197150663,-0.10233391390826614
1770700191.5682533,1.2388605109083641,0.0,0.020000000004828055,1.245630337858201,0.0,0.09456476930797109,0.0,0.5,0.37767422355870894,0.011439829350907482,0.03096835525094121,-0.19063054394960052
1770700191.979824,1.2388605109083641,0.0,0.020000000004828055,1.245630337858201,0.0,0.09446395744144925,0.0,0.5,-0.18909526520212722,0.025736403706492307,0.01664291953452768,-0.1300380396464611
1770700192.4126718,1.238609961939453,0.0,0.020052639654934486,1.245630337858201,0.0,0.09451278734624395,0.013333333333333329,-1.0,-0.45,0.01519927692662016,0.010810391939811226,-0.2328543923226641
1770700192.8294978,1.238609961939453,0.0,0.020052639654934486,1.245630337858201,0.0,0.09461948356091986,0.0,0.5,0.24247183950434315,-0.020330476212461313,-0.00039834589520852535,-0.1428864426957391
1770700193.245137,1.238609961939453,0.0,0.020052639654934486,1.24581514304638,0.0,0.09454531660854826,0.013333333333333329,-1.0,-0.4486710195318289,0.02331519748967857,0.032364770523839625,-0.25377607082608433
1770700193.6718242,1.238609961939453,0.0,0.020052639654934486,1.24581514304638,0.0,0.09465429140269765,0.0,0.5,0.04163143522625726,-0.009748743218362667,-0.054734406325600456,-0.06664158167923552
1770700194.0810459,1.238609961939453,0.0,0.020052639654934486,1.24581514304638,0.0,0.09465429140269765,0.019999999999999993,-1.0,-0.02003067869794206,0.003098631219611001,0.018272572138717837,-0.04335369204515077
1770700194.4976475,1.238609961939453,0.0,0.020052639654934486,1.24581514304638,0.0,0.09465429140269765,0.09375,0.026870931242430868,-0.4399315819317708,0.016162458357707247,-0.12093007297296746,-0.2510085606328629
1770700194.9088445,1.2382238386827698,0.0,0.020052639654934486,1.24581514304638,0.0,0.09473079826593409,0.13541666666666669,0.05091559761745791,-0.10630217743290683,0.12511986023806984,-0.10576577855667532,-0.012081435308341814
1770700195.3283074,1.2384053765434018,0.0,0.02004316451704628,1.24581514304638,0.0,0.09473079826593409,0.25,0.053382170197561404,0.01566110629111314,0.14712454530272548,-0.08415814547876038,-0.1549458438900028
1770700195.7497652,1.2386999058490982,0.0,0.02003539490397795,1.24581514304638,0.0,0.09473079826593409,0.22916666666666674,0.054324214418819634,0.04316489568268417,0.24552316769402502,-0.043964689641168966,-0.06394063927304398
1770700196.159011,1.2391347461539497,0.0,0.02002902382126192,1.24581514304638,0.0,0.09473079826593409,0.21875000000000006,0.05761725501825295,0.052334893675968844,0.2355754839574232,-0.023517153975526273,-0.05679626134973497
1770700196.5685184,1.2395369565814724,0.0,0.020023799533434774,1.24581514304638,0.0,0.09473079826593409,0.2083333333333334,0.05990758445992939,0.0567770312350235,0.22225065553915363,-0.01113406738197107,-0.04911118017367304
1770700196.9827428,1.2399077389115085,0.0,0.020019515617416515,1.24581514304638,0.0,0.09473079826593409,0.21875000000000006,0.06454661478036376,0.06142337443179963,0.20973837879372664,0.0005972261356854067,-0.040597824706096165
1770700197.3940213,1.2402403882437933,0.0,0.020016002806281543,1.24581514304638,0.0,0.09473079826593409,0.22916666666666674,0.06744633682028991,0.06527764005925935,0.2357173846026619,0.019220510667850743,-0.031441611084915985
1770700197.8128119,1.240585545027851,0.0,0.020013122301150866,1.24581514304638,0.0,0.09473079826593409,0.25,0.15063438695401707,0.09035810699225627,0.24971546717273596,0.03551068197582072,-0.029337262466278814
1770700198.228972,1.2409495692533243,0.0,0.02001076028694371,1.24581514304638,0.0,0.09473079826593409,0.25,0.1481527479629334,0.13573358701459393,0.2498668581728238,0.0628090883216406,-0.03932523180823484
1770700198.672268,1.241325973021387,0.0,0.020008823435293845,1.24581514304638,0.0,0.09465898525774488,0.25,0.14021534949843673,0.14035846896852566,0.25251316575693283,0.0821122555280663,-0.033566589197805086
1770700199.0907917,1.2416812798851717,0.0,0.020007235216940953,1.24581514304638,0.0,0.09458904209256182,0.25,0.13203806241838822,0.13672795287419734,0.2505406400110659,0.09941417094806736,-0.020927722516131005
1770700199.5053604,1.24200086680591,0.0,0.020005932877891583,1.24581514304638,0.0,0.09452278368711481,0.25,0.125656907358102,0.1305962531864871,0.25312867168736775,0.10433843867542206,-0.016750005715635737
1770700199.9259326,1.242308892751335,0.0,0.020005932877891583,1.24581514304638,0.0,0.09445896796405324,0.25,0.11827661380536264,0.12287439233982403,0.24729212048004115,0.10494742799403067,-0.01173226062471639
1770700200.3361049,1.242596637881397,0.0,0.020005932877891583,1.24581514304638,0.0,0.09439724704623231,0.25,0.11372471387379035,0.1176758489177934,0.24761652724027997,0.10595712178995895,-0.008343805703230086
1770700200.7460892,1.2428766132849443,0.0,0.020005932877891583,1.24581514304638,0.0,0.09439724704623231,0.25,0.10981640869312041,0.11316473298902274,0.24528754899783947,0.10477137212219907,-0.00902770640234835
1770700201.1567533,1.243148948126434,0.0,0.020005932877891583,1.24581514304638,0.0,0.09439724704623231,0.25,0.1071432705914106,0.10949922794957,0.2482479753903834,0.10051283880523056,-0.00667107251348317
1770700201.5684314,1.2434284822851407,0.0,0.020005932877891583,1.24581514304638,0.0,0.09439724704623231,0.25,0.10493685328447405,0.1071267890236786,0.24895327260759892,0.10057906671127657,-0.004327211339206697
1770700201.9792264,1.2437060198181855,0.0,0.020005932877891583,1.24581514304638,0.0,0.09439724704623231,0.25,0.10294134270572652,0.1043909200013421,0.24992410368826748,0.09932219056018818,-0.0027359486474183236
1770700202.39878,1.2439837170928705,0.0,0.020005932877891583,1.24581514304638,0.0,0.09439724704623231,0.25,0.10605321825636867,0.1046930279329166,0.24927687068588483,0.09836725377965505,-0.003981510068799254
1770700202.8118377,1.2442623204499472,0.0,0.020005932877891583,1.24581514304638,0.0,0.09439724704623231,0.25,0.11376606701612263,0.10841178855242836,0.24896333961898096,0.09960375108552878,-0.005564328845056208
1770700203.2258015,1.2445431363397825,0.0,0.020005932877891583,1.24581514304638,0.0,0.09439724704623231,0.25,0.17868017957215399,0.14260947274625285,0.24164459796238372,0.10455591950010822,-0.027877395502146546
1770700203.6432638,1.2448473158365476,0.0,0.020004864959871096,1.24581514304638,0.0,0.09433018074870118,0.0,0.5,0.3869194034861191,0.13347702461710362,0.1573701235347899,-0.2535330849962364
1770700204.0615988,1.2448473158365476,0.0,0.020004864959871096,1.24581514304638,0.0,0.09424642402470121,0.0,0.5,0.45,-0.004706843551961896,0.21615189710024818,-0.12750907235838363
1770700204.4820642,1.2448473158365476,0.0,0.020004864959871096,1.24581514304638,0.0,0.09415476019680509,0.0,0.5,0.45,-0.008754116025024338,0.28407138044831154,-0.09851037413567491
1770700204.9022536,1.2448473158365476,0.0,0.020004864959871096,1.24581514304638,0.0,0.09407338950157175,0.0,0.5,0.45,-0.00553634751429493,0.22752704156011866,-0.1224272606230549
1770700205.3128448,1.2448473158365476,0.0,0.020004864959871096,1.24581514304638,0.0,0.09398339524686346,0.0,0.5,0.45,-0.0044738609709843715,0.18057453239735274,-0.14388184568858461
1770700205.723202,1.2448473158365476,0.0,0.020004864959871096,1.245995516989232,0.0,0.09388665416896352,0.0,0.5,0.45,-0.00348587167199079,0.14325773350620005,-0.16058868480800606
1770700206.144368,1.2448473158365476,0.0,0.020004864959871096,1.246181581571103,0.0,0.09378484087288388,0.0,0.5,0.45,-0.002708510765813045,0.11069647213369199,-0.17561640083621788
1770700206.5597026,1.2448473158365476,0.0,0.020004864959871096,1.2463723337960253,0.0,0.09367882194817075,0.0,0.5,0.45,-0.0021275029780958013,0.08779939612637305,-0.18551751251564116
1770700206.9719644,1.2448473158365476,0.0,0.020004864959871096,1.2465661143636713,0.0,0.09356997254192838,0.0,0.5,0.45,-0.0017339929513846173,0.06945045385313722,-0.1938436602521396
1770700207.4034786,1.2448473158365476,0.0,0.020004864959871096,1.246762278535367,0.0,0.0934589309555293,0.0,0.5,0.45,-0.0014635525344028218,0.05358650573479331,-0.2012566944788406
1770700207.8255928,1.2448473158365476,0.0,0.020004864959871096,1.2469604926872262,0.0,0.09334604879438886,0.0,0.5,0.45,-0.0009173310613833562,0.042557034526235,-0.2057417609191217
1770700208.2401235,1.2448473158365476,0.0,0.020004864959871096,1.2471596288752564,0.0,0.09323192106902609,0.0,0.5,0.45,-0.0007634272240124181,0.032828921126195065,-0.2103217780009189
1770700208.6574366,1.2448473158365476,0.0,0.020004864959871096,1.2473599534535416,0.0,0.0931167121130229,0.0,0.5,0.45,-0.0005947200537297431,0.026091298048948153,-0.21322283333698036
1770700209.0688596,1.2448473158365476,0.0,0.020004864959871096,1.2475610034728057,0.0,0.09300076641857634,0.0,0.5,0.45,-0.00046182185932100976,0.020619972053180034,-0.2156989684323078
1770700209.4823747,1.2448473158365476,0.0,0.020004864959871096,1.2477626356387146,0.0,0.09288422926485548,0.0,0.5,0.45,-0.00035834988670330913,0.016344360150947892,-0.2176137310014526
1770700209.8952801,1.2448473158365476,0.0,0.020004864959871096,1.247964715797902,0.0,0.0927672342044116,0.0,0.5,0.45,-0.00024365525893928842,0.012607699038521658,-0.2193134718509211
1770700210.312167,1.2448473158365476,0.0,0.020004864959871096,1.248167152111531,0.0,0.09264984233796605,0.0,0.5,0.45,-0.00018908665330347744,0.00992287716617082,-0.22049613025745315
1770700210.7346885,1.2448473158365476,0.0,0.020004864959871096,1.2483698755502708,0.0,0.09253216677963742,0.25,0.09566747177878558,0.38759603979333573,-0.00014687935906021986,0.007779653766096466,-0.4402693947126873
1770700211.1549056,1.245209163288473,0.0,0.020003989267094298,1.2487961150407798,0.0,0.09239874524891385,0.25,0.08831442763131128,0.18525238437286848,0.21672960697653837,0.02670397399958713,-0.11443703023345138
1770700211.5725796,1.2456491190594423,0.0,0.020003271199017323,1.2487961150407798,0.0,0.09230884263455877,0.25,0.07647946534579905,0.105479647804471,0.25515452999794214,0.039139629035260415,-0.03956810488611476
1770700212.0003777,1.2460347553664435,0.0,0.020002682383194206,1.2487961150407798,0.0,0.09230884263455877,0.25,0.07195243717364046,0.08323257970140381,0.2571441533848152,0.0446946995614022,-0.026968600507430204
1770700212.4140258,1.2463869711989153,0.0,0.02000219955421925,1.2487961150407798,0.0,0.09230884263455877,0.25,0.06144800116353,0.07038507129247937,0.2547935840908595,0.04933140061623846,-0.015784089534463582
1770700212.8310153,1.2467115300339449,0.0,0.020001803634459785,1.2487961150407798,0.0,0.09230884263455877,0.25,0.05405136040718333,0.06095634280988539,0.25466632133373435,0.05131793522810272,-0.009684178585812109
1770700213.2474551,1.2470205365091551,0.0,0.020001478980257024,1.2487961150407798,0.0,0.09230884263455877,0.25,0.009116533010185975,0.03416459931919398,0.25239819173562156,0.04726584452744322,-0.009354023409812128
1770700213.6690688,1.247297763378023,0.0,0.020001478980257024,1.2487961150407798,0.0,0.09230884263455877,0.25,-0.008688666574334508,0.00810741956500404,0.25074111345880695,0.03446443822892216,-0.015199763420618118
1770700214.0828424,1.247559370166658,0.0,0.020001478980257024,1.2487961150407798,0.0,0.09230884263455877,0.25,-0.011919488549300401,0.002565238221739559,0.25395294777367233,0.025480661674469142,-0.016309037155482427
1770700214.497467,1.247834069461225,0.0,0.020001478980257024,1.2487961150407798,0.0,0.09230884263455877,0.25,-0.01510455296872966,0.0008116574060972822,0.24940546247629997,0.018545342301906895,-0.010154911908861065
1770700214.919099,1.2481104629892097,0.0,0.02000121276381076,1.2487961150407798,0.0,0.09230884263455877,0.25,-0.008059230250010969,0.0002568134761479682,0.24854362983490602,0.008782795007603065,-0.006695615660251911
1770700215.3424196,1.248400972296594,0.0,0.020000994466324824,1.2487961150407798,0.0,0.09230884263455877,0.25,-0.00880263806965246,8.125738893744307e-05,0.2492692085769587,0.0036249188470245165,-0.0030184097681426967
1770700215.7595203,1.248701032467483,0.0,0.020000815462386357,1.2487961150407798,0.0,0.09230884263455877,0.25,-0.012356160418187398,1.9282759288865884e-05,0.2489482387020197,0.002304354498445908,-0.0023263536024166736
1770700216.1766124,1.2490026703888164,0.0,0.020000668679156813,1.2487961150407798,0.0,0.09230884263455877,0.25,-0.014196309722245684,6.1011855562427205e-06,0.2497667617192978,0.0009174069577694471,-0.0008275859208764565
1770700216.6022394,1.249307949956058,0.0,0.020000548316908586,1.2487961150407798,0.0,0.09230884263455877,0.25,-0.014041026750017076,1.9304532424049232e-06,0.24752970027168505,-0.003847094835385881,-0.0048712625519446206
1770700217.014914,1.2496174066561445,0.0,0.02000044961986504,1.2487961150407798,0.0,0.09230884263455877,0.25,-0.013813433517028273,6.108074712296827e-07,0.24786384917904694,-0.0060875209023878865,-0.005404259282582817
1770700217.4414778,1.2499311214703306,0.0,0.020000368688289333,1.2487961150407798,0.0,0.09230884263455877,0.25,-0.014623899650086356,1.932633014437668e-07,0.24790844591527003,-0.00709236878297373,-0.00573831989592614
1770700217.8625603,1.2502465702682717,0.0,0.020000302324397253,1.2487961150407798,0.0,0.09230884263455877,0.23958333333333343,-0.015012531031402411,4.586228735433138e-08,0.2418147549245812,-0.009677764654218358,-0.007328866436625104
1770700218.289402,1.2505607403284296,0.0,0.02000024790600575,1.2487961150407798,0.0,0.09230884263455877,0.21875000000000006,-0.015273480735336051,1.4511114358206413e-08,0.22943513312143185,-0.012092051536095926,-0.01697259483322469
1770700218.7035868,1.2508674376469835,0.0,0.020000203282924713,1.2487961150407798,0.0,0.09230884263455877,0.2083333333333334,-0.016660167369720286,4.591407277401247e-09,0.2077304796052015,-0.011155654564322465,-0.006274323003174119
1770700219.123702,1.2511408764857037,0.0,0.020000166691998264,1.2487961150407798,0.0,0.09230884263455877,0.18750000000000006,-0.018468713441380073,1.4527499588652387e-09,0.1965893870677417,-0.011061306770375326,-0.014629475958699007
1770700219.5441248,1.2514045580005628,0.0,0.020000136687438577,1.2487961150407798,0.0,0.09230884263455877,0.17708333333333337,-0.01936607978503644,4.596591666722044e-10,0.17638518852262577,-0.014803694743458403,-0.00847423120957469
1770700219.977513,1.2516449931639415,0.0,0.020000112083699634,1.2487961150407798,0.0,0.09230884263455877,0.15625000000000003,-0.020687524693508073,1.090792749036579e-10,0.1670656557165764,-0.016581479360577373,-0.01928417391311658
1770700220.3897488,1.2518817895621044,0.0,0.0200000919086337,1.2487961150407798,0.0,0.09230884263455877,0.14583333333333334,-0.023173481426582727,3.4513364324985507e-11,0.13970497150909822,-0.016803374739743242,-0.014552238749280013
1770700220.8189538,1.2520769486081582,0.0,0.020000075365079636,1.2487961150407798,0.0,0.09230884263455877,0.13541666666666669,-0.02659266171071437,1.0920244180952446e-11,0.1309098364891825,-0.016330739317487266,-0.012719463383913537
1770700221.251329,1.2522608483308535,0.0,0.020000061799365303,1.2487961150407798,0.0,0.09230884263455877,0.125,-0.03084179960015645,-0.007710449896583879,0.12081707250894493,-0.017421654188174623,-0.009147621123919184
1770700221.681789,1.2524234139990789,0.0,0.02000005067547955,1.2487961150407798,0.0,0.09230884263455877,0.11458333333333333,-0.038982231309633845,-0.02972534221462759,0.11610345693562452,-0.01989767929797134,-0.006681557571598983
1770700222.100002,1.2524234139990789,0.0,0.02000005067547955,1.2487961150407798,0.0,0.09230884263455877,0.09375,-0.04954563976840977,-0.041184980290986925,0.1015720053066191,-0.02256391732850995,-0.017399160590911445
1770700222.5239453,1.2524234139990789,0.0,0.02000005067547955,1.2487961150407798,0.0,0.09230884263455877,0.019999999999999993,-1.0,-0.28840986314107203,0.09234498077403731,-0.02766643356643306,-0.2032269471851491
1770700222.9398282,1.2524234139990789,0.0,0.02000005067547955,1.2487961150407798,0.0,0.09237390688300141,0.019999999999999993,-1.0,-0.45,0.016746598238550927,-0.15849126085149304,-0.16209025406420852
1770700223.3540795,1.2524234139990789,0.0,0.02000005067547955,1.2487961150407798,0.0,0.09245811973273763,0.019999999999999993,-1.0,-0.45,0.02596986281675426,-0.23242815456673768,-0.12214947490490989
1770700223.770691,1.2524234139990789,0.0,0.02000005067547955,1.2487961150407798,0.0,0.09253136227250108,0.019999999999999993,1.0,0.26159537616025413,0.11046410686046514,-0.17170747952779764,-0.31318760220838504
1770700224.214422,1.2524234139990789,0.0,0.02000005067547955,1.2487961150407798,0.0,0.0924302086174489,0.10416666666666666,-0.062113363074945104,0.5008358212194691,0.024243011417626654,0.010305359576773091,-0.3433901699808451
1770700224.6358497,1.2529634139990788,0.0,0.02000004155389323,1.2490775100946434,0.0,0.09229196299433717,0.0,-0.5,-0.23606366594227735,0.007479401147382262,-0.024351272495534135,-0.11680126107798458
1770700225.0498226,1.2529634139990788,0.0,0.02000004155389323,1.2490775100946434,0.0,0.09234657930910596,0.0,-0.5,-0.4164888943020487,9.187230640528888e-05,-0.09430746161501284,-0.16817820756187107
1770700225.4618373,1.2529634139990788,0.0,0.02000004155389323,1.2490775100946434,0.0,0.09243477364599713,0.0,-0.5,-0.45,0.006450763581183948,-0.15206643445949877,-0.16119344363588317
1770700225.890979,1.2529634139990788,0.0,0.02000004155389323,1.2490775100946434,0.0,0.09252258090257652,0.0,-0.5,-0.4292764698278322,0.0005870455833681788,-0.23468338344999826,-0.10614528367133509
1770700226.3292642,1.2529634139990788,0.0,0.02000004155389323,1.2490775100946434,0.0,0.09259304305911072,0.0,-0.5,-0.4141930059066704,0.020883406548556305,-0.22422712469494374,-0.11691197302992509
1770700226.7478776,1.2529634139990788,0.0,0.02000004155389323,1.2490775100946434,0.0,0.09266157973289497,0.0,-0.5,-0.45,-0.0048262346932625025,-0.2623539798446526,-0.1024619302859071
1770700227.1607642,1.2529634139990788,0.0,0.02000004155389323,1.2490775100946434,0.0,0.09273270928204068,0.0,-0.5,-0.45,0.00029004636974594656,-0.2293572000076137,-0.11391112434964298
1770700227.5735648,1.2529634139990788,0.0,0.02000004155389323,1.2490775100946434,0.0,0.09280902878224859,0.0,-0.5,-0.45,-0.0007455209190965958,-0.18207466628882235,-0.13943644114656456
1770700227.9861643,1.2529634139990788,0.0,0.02000004155389323,1.2490775100946434,0.0,0.0928924160104991,0.0,-0.5,-0.45,-0.0004696691061551061,-0.14072210671636065,-0.15924387170522097
1770700228.407147,1.2529634139990788,0.0,0.02000004155389323,1.2490775100946434,0.0,0.09298169524192819,0.0,-0.5,-0.45,-0.0004449541545374335,-0.11173559776464476,-0.17247580616738664
1770700228.8282983,1.2529634139990788,0.0,0.02000004155389323,1.2490775100946434,0.0,0.09307491914987573,0.0,-0.5,-0.45,-0.00028873292862442604,-0.08841726953807696,-0.1834119309822427
1770700229.2487803,1.2529634139990788,0.0,0.02000004155389323,1.2490775100946434,0.0,0.09317120468139657,0.0,-0.5,-0.45,-0.00023174422173080305,-0.06829558321997499,-0.19309612124355352
1770700229.6573358,1.2529634139990788,0.0,0.02000004155389323,1.2490775100946434,0.0,0.0932700463259221,0.0,-0.5,-0.45,-0.00018010530306096793,-0.05422979942787293,-0.19947178396833473
1770700230.076375,1.2529634139990788,0.0,0.02000004155389323,1.2490775100946434,0.0,0.09337062796235093,0.0,-0.5,-0.45,-0.00013977438774521377,-0.043114621515185594,-0.20469398142142115
1770700230.4874182,1.2529634139990788,0.0,0.02000004155389323,1.2490775100946434,0.0,0.09347255681872377,0.0,-0.5,-0.45,-9.651234825478149e-05,-0.033303437344256406,-0.2094259120932195
1770700230.8984208,1.2529634139990788,0.0,0.02000004155389323,1.2490775100946434,0.0,0.09357565456032761,0.0,-0.5,-0.45,-7.495360560312968e-05,-0.026480954687476157,-0.2125167245275431
1770700231.3112886,1.2529634139990788,0.0,0.02000004155389323,1.2490775100946434,0.0,0.0936795535635949,0.0,-0.5,-0.45,-5.818305247128037e-05,-0.02112697985731473,-0.21503009060683007
1770700231.7259238,1.2529634139990788,0.0,0.02000004155389323,1.2490775100946434,0.0,0.09378407478570946,0.0,-0.5,-0.45,-4.515946275724953e-05,-0.016944677049931207,-0.21699105121853
1770700232.1383011,1.2529634139990788,0.0,0.02000004155389323,1.2490775100946434,0.0,0.09388907806515702,0.0,-0.5,-0.45,-3.744172394080137e-05,-0.013121665846990682,-0.2188589099207395
1770700232.566991,1.2529634139990788,0.0,0.02000004155389323,1.2490775100946434,0.0,0.09399451876997957,0.11458333333333333,-0.04304385353482407,-0.1793230359763637,0.10478797892872849,-0.013263564754377882,-0.09283927990633647
1770700232.982965,1.2529634139990788,0.0,0.02000004155389323,1.2490775100946434,0.0,0.09399451876997957,0.11458333333333333,-0.039309398248570486,-0.0839008138112688,0.1358015115163909,-0.021300022223223452,-0.053322219723964795
1770700233.394489,1.2529634139990788,0.0,0.02000004155389323,1.2490775100946434,0.0,0.09399451876997957,0.11458333333333333,-0.03548324317894496,-0.05140933371697605,0.11732375872741087,-0.026115968975907188,-0.015868702439880342
1770700233.8100507,1.2529634139990788,0.0,0.02000004155389323,1.2490775100946434,0.0,0.09399451876997957,0.125,-0.03473224823320154,-0.03852150281886059,0.12018836592753641,-0.02507155113592708,-0.011641051697928352
1770700234.224842,1.2529634139990788,0.0,0.02000004155389323,1.2490775100946434,0.0,0.09399451876997957,0.125,-0.03358301578634702,-0.03489789206177561,0.11567551442192561,-0.02382439842749614,-0.014985947666057218
1770700234.641339,1.2529634139990788,0.0,0.02000004155389323,1.2490775100946434,0.0,0.09399451876997957,0.10416666666666666,-0.03289019207045434,-0.033392161633443204,0.09833127407117565,-0.02298703959662746,-0.011121689496985752
1770700235.051108,1.2529634139990788,0.0,0.02000004155389323,1.2490775100946434,0.0,0.09399451876997957,0.11458333333333333,-0.030450201237707378,-0.031536270833007835,0.1155613385858503,-0.024151513448196316,-0.004786831330079615
1770700235.4632401,1.2531005130422097,0.0,0.02000004155389323,1.2490775100946434,0.0,0.09399451876997957,0.11458333333333333,-0.02806797525845389,-0.009978273193256384,0.11361322933598667,-0.025273966976579097,-0.008730196241846297
1770700235.8882184,1.2532656383103113,0.0,0.020000034074192447,1.2490775100946434,0.0,0.09399451876997957,0.09375,-0.02665880453096265,-0.003157188002553778,0.10551418422865821,-0.02438466257468684,-0.02246685195491397
1770700236.3084416,1.2534338102245313,0.0,0.020000034074192447,1.2490775100946434,0.0,0.09399451876997957,0.11458333333333333,-0.01833743285632897,-0.0007492155123247735,0.08517069437400215,-0.02447787787222749,-0.0412862916690366
1770700236.7327836,1.2534338102245313,0.0,0.020000027940837807,1.2490775100946434,0.0,0.09399451876997957,0.10416666666666666,-0.01801763137054303,-0.0002370564706965104,0.08459835668765635,-0.02408376843557824,-0.0315310769051161
1770700237.152598,1.2534338102245313,0.0,0.020000022911487003,1.2490775100946434,0.0,0.09399451876997957,0.09375,-0.017072805055947896,-7.500614893131774e-05,0.09121265415137651,-0.021483924121544117,-0.0135017892663333
1770700237.576629,1.2535765845537168,0.0,0.020000022911487003,1.2490775100946434,0.0,0.09399451876997957,0.09375,-0.01753570874404666,-2.3732414310299754e-05,0.0933895327449441,-0.019331122239384428,-0.01022944235580893
1770700237.9969923,1.2537194918292742,0.0,0.020000022911487003,1.2490775100946434,0.0,0.09399451876997957,0.10416666666666666,-0.016950320664432632,-7.509084215368282e-06,0.09272094299439183,-0.016881288069149968,-0.02012759658176557
1770700238.4064353,1.2537194918292742,0.0,0.020000018787419343,1.2490775100946434,0.0,0.09399451876997957,0.11458333333333333,-0.01752418335203846,-1.7819408831391525e-06,0.11170252755089714,-0.015208221483452466,-0.010651332212290598
1770700238.8192067,1.2538776975613815,0.0,0.020000018787419343,1.2490775100946434,0.0,0.09399451876997957,0.019999999999999993,-1.0,-0.25000056381723257,0.11362119999008025,-0.014913155816712483,-0.2111944105570143
1770700239.2861907,1.2538776975613815,0.0,0.020000018787419343,1.2490775100946434,0.0,0.09405153821527967,0.019999999999999993,-1.0,-0.32910174089529626,0.10150264537836667,-0.04110621562716039,-0.2281197139934794
1770700239.7172043,1.2538776975613815,0.0,0.020000018787419343,1.2490775100946434,0.0,0.09412476461350927,0.13541666666666669,0.007758818241891509,-0.07809738577886424,0.11301907470431757,-0.08444336723492248,-0.02990429785115444
1770700240.1369057,1.2540406505942328,0.0,0.02000001540568386,1.2490775100946434,0.0,0.09412476461350927,0.11458333333333333,0.013682998795146369,-0.024710500969093767,0.11193258069705578,-0.07347781364101552,-0.028130964331629125
1770700240.5559042,1.2542648964911682,0.0,0.020000012632660765,1.2490775100946434,0.0,0.09412476461350927,0.11458333333333333,0.017278204943895377,-0.007818556947252324,0.12113515286504159,-0.05194996375965052,-0.03077030792604386
1770700240.971671,1.2544912013912184,0.0,0.020000010358781826,1.2490775100946434,0.0,0.09412476461350927,0.125,0.013280508926425067,-0.0024738402840915556,0.1302051453829006,-0.03646916329635687,-0.023750886935362616
1770700241.387692,1.2547093726640923,0.0,0.020000008494201096,1.2490775100946434,0.0,0.09412476461350927,0.13541666666666669,0.011880299981895083,-0.0007827385273883438,0.13748458349067988,-0.02484365045234619,-0.015260924070893186
1770700241.8089392,1.254917939370273,0.0,0.0200000069652449,1.2490775100946434,0.0,0.09412476461350927,0.125,0.0089418613825037,-0.00018574752163610112,0.13653119540475095,-0.01852338002445624,-0.021332038698950014
1770700242.2256708,1.2551195371019825,0.0,0.0200000069652449,1.2490775100946434,0.0,0.09412476461350927,0.13541666666666669,0.005616871273174458,-5.877167676767263e-05,0.12927280586414747,-0.013790731779844162,-0.013483105678518672
1770700242.6395948,1.255296218887566,0.0,0.020000005711500818,1.2490775100946434,0.0,0.09412476461350927,0.125,0.0025332570944692156,-1.8595725852271416e-05,0.1244704438931344,-0.009638219132016098,-0.005754619074730319
1770700243.0545127,1.2554622226864085,0.0,0.020000005711500818,1.2490775100946434,0.0,0.09412476461350927,0.13541666666666669,0.002212182829135933,-5.883803882945253e-06,0.11072130879055621,-0.008399373769437423,-0.029015987395145583
1770700243.4620016,1.2555978405225263,0.0,0.02000000468343067,1.2490775100946434,0.0,0.09412476461350927,0.125,-0.00023432222377851118,-1.8616723223381464e-06,0.11794805771847283,-0.006713076564818964,-0.010576179448237327
1770700243.878149,1.2557476413917528,0.0,0.02000000468343067,1.2490775100946434,0.0,0.09412476461350927,0.13541666666666669,-0.00350170682083235,-5.890447582398043e-07,0.1294628474131045,-0.005014749563744317,-0.008630732213162701
1770700244.3133981,1.2559097369921193,0.0,0.02000000468343067,1.2490775100946434,0.0,0.09412476461350927,0.14583333333333334,-0.006428315935620025,-1.397830822776098e-07,0.14370350834612367,-0.003672524267918078,-0.004100239759210202
1770700244.732901,1.2560893752211317,0.0,0.02000000468343067,1.2490775100946434,0.0,0.09412476461350927,0.14583333333333334,-0.0067072278061947365,-4.422824087689997e-08,0.14520764502800165,-0.0029210559523986687,-0.0021613409989625267
1770700245.155071,1.256270308603047,0.0,0.02000000468343067,1.2490775100946434,0.0,0.09412476461350927,0.11458333333333333,-0.009224371783663577,-1.3994091839956631e-08,0.13462545658755073,-0.0037986720456202037,-0.02202921388930374
1770700245.571921,1.256448376935123,0.0,0.02000000468343067,1.2490775100946434,0.0,0.09412476461350927,0.125,-0.011102256460642935,-4.427818121236277e-09,0.12690243061636183,-0.005758124891021883,-0.004977436132503882
1770700245.9885933,1.2566119488340601,0.0,0.02000000468343067,1.2490775100946434,0.0,0.09412476461350927,0.13541666666666669,-0.010644771250100679,-1.4009893274224157e-09,0.12956506369807497,-0.006876385188239597,-0.009401620891938625
1770700246.4029562,1.2567774039977775,0.0,0.02000000468343067,1.2490775100946434,0.0,0.09412476461350927,0.13541666666666669,-0.01268974958710767,-4.4328177937974876e-10,0.1517878548168794,-0.00720637472035638,-0.02000737424196169
1770700246.8220375,1.2569814736694083,0.0,0.02000000468343067,1.2490775100946434,0.0,0.09412476461350927,0.125,-0.012338409126050501,-1.0519284413015523e-10,0.13884884101354625,-0.008051587096118872,-0.017959155746585513
1770700247.2407758,1.2571694525974975,0.0,0.02000000468343067,1.2490775100946434,0.0,0.09412476461350927,0.125,-0.012221267418498947,-3.3283673338056924e-11,0.12505114989965435,-0.008345239079030764,-0.004253134620819086
1770700247.66425,1.257334268521069,0.0,0.02000000468343067,1.2490775100946434,0.0,0.09412476461350927,0.14583333333333334,-0.012016624394818239,-1.0531162267119574e-11,0.13162444981907787,-0.00806378957034685,-0.018268923245031713
1770700248.0751808,1.2575006811207519,0.0,0.02000000384041315,1.2490775100946434,0.0,0.09412476461350927,0.15625000000000003,-0.01156077185717949,-3.332125561080803e-12,0.15516078710573813,-0.010091085659556345,-0.006337485331294952
1770700248.488784,1.25770623790562,0.0,0.020000003149138783,1.2490775100946434,0.0,0.09412476461350927,0.14583333333333334,-0.011070469226480422,-1.0543053533107229e-12,0.14695354264787222,-0.010568564007854518,-0.006452239152768801
1770700248.9215255,1.2579031860226377,0.0,0.020000002582293803,1.2490775100946434,0.0,0.09412476461350927,0.14583333333333334,-0.011033609166310234,-2.501916023969782e-13,0.1375012467821459,-0.01042419723927542,-0.013558621847557968
1770700249.343254,1.2580837098473294,0.0,0.020000002117480917,1.2490775100946434,0.0,0.09412476461350927,0.14583333333333334,-0.011283323930900209,-7.916218669591889e-14,0.15065084040481863,-0.009935168320605989,-0.009833994123615646
1770700249.7682219,1.2582858963990196,0.0,0.02000000173633435,1.2490775100946434,0.0,0.09412476461350927,0.14583333333333334,-0.011171702845206067,-2.5047410634255588e-14,0.1450647094299271,-0.010387276040705818,-0.006007472695756603
1770700250.1812735,1.2584793068808302,0.0,0.020000001423794166,1.2490775100946434,0.0,0.09412476461350927,0.14583333333333334,-0.01127454641377284,-7.925157270994934e-15,0.12464003270168397,-0.009855470091284586,-0.026174216272229822
1770700250.604701,1.2586367776662095,0.0,0.020000001167511217,1.2490775100946434,0.0,0.09412476461350927,0.14583333333333334,-0.01186462499952386,-2.5075692927757404e-15,0.14959956623171933,-0.008391051317576332,-0.008108200434543723
1770700251.026916,1.2588345429342969,0.0,0.020000001167511217,1.2490775100946434,0.0,0.09412476461350927,0.15625000000000003,-0.012717807897016098,-5.950579474067431e-16,0.14524884347010308,-0.008589912640564688,-0.015315998982477826
1770700251.451699,1.259020606813429,0.0,0.0200000009573592,1.2490775100946434,0.0,0.09412476461350927,0.1666666666666667,-0.013339151793450486,-1.882800536716648e-16,0.17435388936843496,-0.009922025344494908,-0.012781446644408629
1770700251.8737779,1.2592539395570739,0.0,0.020000000785034545,1.2490775100946434,0.0,0.09412476461350927,0.17708333333333337,-0.014368150510324165,-5.957298573205018e-17,0.16034540548333207,-0.009491744628177234,-0.02152682823572166
1770700252.293817,1.259458123748301,0.0,0.020000000643728328,1.2490775100946434,0.0,0.09412476461350927,0.1666666666666667,-0.01652299122330466,-1.88492650167815e-17,0.18178367597626618,-0.009135397884655425,-0.019720342926279357
1770700252.7066503,1.2597027084445938,0.0,0.02000000052785723,1.2490775100946434,0.0,0.09412476461350927,0.18750000000000006,-0.019415035917398484,-4.4730189444120165e-18,0.17024403964579737,-0.011666119989521846,-0.023342092559450245
1770700253.12759,1.2599228299945577,0.0,0.02000000043284293,1.2490775100946434,0.0,0.09412476461350927,0.17708333333333337,-0.023601252711563485,-1.4152911503803647e-18,0.18135812308496027,-0.01461898640187786,-0.011879569593801431
1770700253.5467343,1.2601713680309041,0.0,0.020000000354931203,1.2490775100946434,0.0,0.09412476461350927,0.17708333333333337,-0.023601252711563485,-1.4152911503803647e-18,0.026238203862786268,-0.01399144799733684,-0.1579036073096696
1770700253.9830036,1.2601713680309041,0.0,0.020000000291043585,1.2490775100946434,0.0,0.09412476461350927,0.17708333333333337,-0.023601252711563485,-1.4152911503803647e-18,-0.006635829857185621,-0.010423069781904734,-0.18928753590301456
1770700254.4014318,1.2601713680309041,0.0,0.02000000023865574,1.2490775100946434,0.0,0.09412476461350927,0.17708333333333337,-0.023601252711563485,-1.4152911503803647e-18,-0.004695657439612546,-0.00802794628532907,-0.186032476265268
1770700254.8180783,1.2601713680309041,0.0,0.02000000019569771,1.2490775100946434,0.0,0.09412476461350927,0.17708333333333337,-0.023601252711563485,-1.4152911503803647e-18,-0.0036530204710534054,-0.006360273917082404,-0.18408325799975261
1770700255.2374995,1.2601713680309041,0.0,0.020000000160472122,1.2490775100946434,0.0,0.09412476461350927,0.17708333333333337,-0.023601252711563485,-1.4152911503803647e-18,-0.002938216413201809,-0.004917054186008074,-0.18262439881264664
1770700255.6533985,1.2601713680309041,0.0,0.02000000013158714,1.2490775100946434,0.0,0.09412476461350927,0.17708333333333337,-0.023601252711563485,-1.4152911503803647e-18,-0.0024153020033411813,-0.0038483451163177185,-0.18152967880180243
1770700256.070983,1.2601713680309041,0.0,0.020000000107901456,1.2490775100946434,0.0,0.09412476461350927,0.17708333333333337,-0.023601252711563485,-1.4152911503803647e-18,-0.0018575790347841782,-0.003089974696478201,-0.18056173675834059
1770700256.4898016,1.2601713680309041,0.0,0.020000000088479193,1.2490775100946434,0.0,0.09412476461350927,0.17708333333333337,-0.023601252711563485,-1.4152911503803647e-18,-0.0012482975621484187,-0.0024473564744147227,-0.1796195709548955
1770700256.9011607,1.2601713680309041,0.0,0.02000000007255294,1.2490775100946434,0.0,0.09412476461350927,0.17708333333333337,-0.023601252711563485,-1.4152911503803647e-18,-0.0009592153767966913,-0.001956635600517296,-0.17906993859777845
1770700257.3168643,1.2601713680309041,0.0,0.02000000005949341,1.2490775100946434,0.0,0.09412476461350927,0.17708333333333337,-0.023601252711563485,-1.4152911503803647e-18,-0.0007537111968783781,-0.0016311684052741585,-0.17868517545237314
1770700257.7512755,1.2601713680309041,0.0,0.0200000000487846,1.2490775100946434,0.0,0.09412476461350927,0.17708333333333337,-0.023601252711563485,-1.4152911503803647e-18,-0.0005790776710138316,-0.0013092393263371476,-0.17834922357540947
1770700258.1631498,1.2601713680309041,0.0,0.02000000004000337,1.2490775100946434,0.0,0.09412476461350927,0.17708333333333337,-0.023601252711563485,-1.4152911503803647e-18,-0.0004712197731654206,-0.001073473527130273,-0.17811486644998462
1770700258.571514,1.2601713680309041,0.0,0.020000000032802764,1.2490775100946434,0.0,0.09412476461350927,0.17708333333333337,-0.023601252711563485,-1.4152911503803647e-18,-0.0003660261859405631,-0.0009047353721104884,-0.17791860102083115
1770700258.9980748,1.2601713680309041,0.0,0.020000000026898265,1.2490775100946434,0.0,0.09412476461350927,0.17708333333333337,-0.023601252711563485,-1.4152911503803647e-18,-0.0002541223555280056,-0.0007548859517265952,-0.17772988360676306
1770700259.4282897,1.2601713680309041,0.0,0.02000000002205658,1.2490775100946434,0.0,0.09412476461350927,0.17708333333333337,-0.023601252711563485,-1.4152911503803647e-18,-0.00019729025928329316,-0.000615626139474273,-0.17760236264357904
1770700259.8485043,1.2601713680309041,0.0,0.020000000018086394,1.2490775100946434,0.0,0.09412476461350927,0.2083333333333334,-0.0019066201562253453,-7.961012720889551e-19,-0.00016108651575542078,-0.00044354500703348273,-0.20873340046584962
1770700260.26906,1.2601713680309041,0.0,0.020000000014830842,1.2490775100946434,0.0,0.09412476461350927,0.19791666666666674,-0.004370065311492688,-2.5189141812189593e-19,0.20267779688836401,0.0017602191174225083,-0.005861616192854127
1770700260.6881015,1.2604191950994714,0.0,0.02000000001216129,1.2490775100946434,0.0,0.09412476461350927,0.25,-0.006717587533140977,-7.970001901513114e-20,0.2489991862333374,0.001720214139221278,-0.0018649213340933737
1770700261.0999746,1.2607218615728601,0.0,0.020000000009972256,1.2490775100946434,0.0,0.09412476461350927,0.25,-0.008475946396489903,-2.5217584141506335e-20,0.2537226198033098,-0.0021097866551518067,-0.005160513210323002
1770700261.5259905,1.2610386951309427,0.0,0.02000000000817725,1.2490775100946434,0.0,0.09412476461350927,0.25,-0.010769163727890682,-5.984250924205118e-21,0.2542687956872221,-0.0032573799299511954,-0.006012244979677641
1770700261.9522004,1.2613583272415385,0.0,0.020000000006705345,1.2490775100946434,0.0,0.09412476461350927,0.25,-0.012448011172628747,-1.893454393986776e-21,0.25015262622190204,-0.003906759778210315,-0.0021709440958331107
1770700262.367288,1.2616722253900752,0.0,0.020000000005498383,1.2490775100946434,0.0,0.09412476461350927,0.25,-0.013724579732792258,-5.991008043473784e-22,0.25268928972050075,-0.005216893853140811,-0.0054287500545642095
1770700262.7974365,1.2619924833995089,0.0,0.020000000004508675,1.2490775100946434,0.0,0.09412476461350927,0.25,-0.014358643719562754,-1.8955923887553768e-22,0.25208772799982426,-0.007801911821648016,-0.0062471857074989905
1770700263.2121544,1.262316012716888,0.0,0.020000000003697112,1.2490775100946434,0.0,0.09412476461350927,0.25,-0.02324733948380366,-5.997772792546311e-23,0.2509796750759871,-0.010065660224235367,-0.006238880028363538
1770700263.6356063,1.2626414440637812,0.0,0.02000000000303163,1.2490775100946434,0.0,0.09412476461350927,0.019999999999999993,-1.0,-0.45,0.10878838164642245,-0.12156405273421082,-0.2641561945303146
1770700264.061385,1.2626414440637812,0.0,0.02000000000303163,1.2490775100946434,0.0,0.09421490974247465,0.25,0.07352086139004031,-0.0972132676243006,0.04726600751511791,-0.2190599014800365,-0.27340689428733256
1770700264.4785793,1.262840633423923,0.0,0.02000000000248594,1.2490775100946434,0.0,0.09421490974247465,0.25,0.08494406956247627,0.02612376169121203,0.2324658813218261,-0.18709717655838623,-0.12734086029513805
1770700264.8918462,1.263380633423923,0.0,0.02000000000203847,1.2490775100946434,0.0,0.09421490974247465,0.25,0.08795354271420404,0.0702912534812337,0.2488465553239924,-0.1236201732221822,-0.10445685836133595
1770700265.3080573,1.263920633423923,0.0,0.020000000001671545,1.2490775100946434,0.0,0.09421490974247465,0.25,0.09905303622446673,0.08555782615762174,0.2479288763139243,-0.0798528586199942,-0.08915319753510248
1770700265.7501264,1.264455576086639,0.0,0.020000000001370668,1.2490775100946434,0.0,0.09421490974247465,0.23958333333333343,0.10396861610701179,0.09848791359336886,0.2516251283815991,-0.03812831556077292,-0.08452236393125871
1770700266.1635244,1.2649525752657638,0.0,0.02000000000112395,1.2490775100946434,0.0,0.09421490974247465,0.10416666666666666,0.10058339153755584,0.09978043022247017,0.2079269133360306,-0.011664579114512913,-0.1621291249824815
1770700266.5788162,1.2653977069169269,0.0,0.020000000000921638,1.2490775100946434,0.0,0.09421490974247465,0.25,0.11232098748287928,0.10870148605719426,0.19973586825602216,0.012928516451593661,-0.1006099261033888
1770700267.0109446,1.265740070073007,0.0,0.020000000000755743,1.2490775100946434,0.0,0.09421490974247465,0.25,0.1230247967835721,0.11612316449751546,0.25024031803536473,0.03579149905700964,-0.042692449016159234
1770700267.4347653,1.2661362547677741,0.0,0.02000000000061971,1.2490775100946434,0.0,0.09421490974247465,0.25,0.14322239793597238,0.1319047424862671,0.2490899190709484,0.05387510428092944,-0.0417332605541124
1770700267.8525484,1.2665210239380584,0.0,0.020000000000508163,1.2490775100946434,0.0,0.0941426806217433,0.25,0.14584395939621908,0.2949933497763502,0.133784989174596,0.11749943398535742,-0.2113244016913432
1770700268.2788434,1.266818233156799,0.0,0.020000000000416695,1.2493182118964203,0.0,0.09403958004772674,0.0,0.5,0.2804757994069766,0.22106687760619412,0.12783833939416037,-0.29841949815348257
1770700268.6985962,1.266818233156799,0.0,0.020000000000416695,1.2493182118964203,0.0,0.09397888333678256,0.0,0.5,0.4305411709061137,0.01893483612286006,0.17777286223176014,-0.15031244274379682
1770700269.134536,1.266818233156799,0.0,0.020000000000416695,1.2493182118964203,0.0,0.09388619749069224,0.25,0.1099547428997164,0.2208918646960368,0.10751374770936381,0.19479887720958663,-0.15723534753164392
1770700269.555803,1.266818233156799,0.0,0.02000000000034169,1.2495622438430793,0.0,0.09381367316603671,0.0,0.5,0.2702932861837523,0.18443119861022753,0.21250249681050784,-0.2150969552569419
1770700269.972927,1.266818233156799,0.0,0.02000000000034169,1.2495622438430793,0.0,0.09376755650341521,0.0,0.5,0.2702932861837523,-7.43064538429041e-05,0.16465611219838497,-0.05767753190773886
1770700270.389484,1.266818233156799,0.0,0.02000000000034169,1.2495622438430793,0.0,0.09371236300945293,0.0,0.5,0.2702932861837523,-0.006740786360159841,0.13024300645605313,-0.08020723679824261
1770700270.8105874,1.266818233156799,0.0,0.02000000000034169,1.2495622438430793,0.0,0.09365148665487777,0.0,0.5,0.2702932861837523,-0.005642366956821056,0.10071913972607764,-0.09338182685865593
1770700271.23703,1.266818233156799,0.0,0.02000000000034169,1.2495622438430793,0.0,0.09358583770632754,0.0,0.5,0.2702932861837523,-0.0034356844775494015,0.08044415911115262,-0.10038774607534176
1770700271.6515875,1.266818233156799,0.0,0.02000000000034169,1.2495622438430793,0.0,0.09351698647916327,0.0,0.5,0.2702932861837523,-0.0027506363963309636,0.06201650551337018,-0.10873179209130028
1770700272.06259,1.266818233156799,0.0,0.02000000000034169,1.2495622438430793,0.0,0.09344528416574012,0.0,0.5,0.2702932861837523,-0.0021340611986037303,0.04917659794280937,-0.11397639607613129
1770700272.476741,1.266818233156799,0.0,0.02000000000034169,1.2495622438430793,0.0,0.09337162933290015,0.0,0.5,0.2702932861837523,-0.0016573094640109321,0.0390346729394458,-0.11830080858650055
1770700272.8871899,1.266818233156799,0.0,0.02000000000034169,1.2495622438430793,0.0,0.09329645270586025,0.0,0.5,0.2702932861837523,-0.0011208910823888585,0.03006814449624296,-0.12213011477046382
1770700273.3114245,1.266818233156799,0.0,0.02000000000034169,1.2495622438430793,0.0,0.09321994623959075,0.0,0.5,0.2702932861837523,-0.0008705301608318037,0.023745240868610497,-0.12477684318116596
1770700273.7292023,1.266818233156799,0.0,0.02000000000034169,1.2495622438430793,0.0,0.09314251060247432,0.0,0.5,0.2702932861837523,-0.0006750056405979052,0.018684994832147143,-0.12698517592004685
1770700274.1426284,1.266818233156799,0.0,0.02000000000034169,1.2495622438430793,0.0,0.09306433660686027,0.0,0.5,0.2702932861837523,-0.0005322280488252016,0.014334245592138403,-0.12894682326863302
1770700274.5627768,1.266818233156799,0.0,0.02000000000034169,1.2495622438430793,0.0,0.09298553156256686,0.0,0.5,0.2702932861837523,-0.00043841390499586554,0.011320832033837588,-0.13022598233578328
1770700274.9759157,1.266818233156799,0.0,0.02000000000034169,1.2495622438430793,0.0,0.0929062914532424,0.0,0.5,0.2702932861837523,-0.0003360316366456287,0.008903566530265328,-0.13127261801374637
1770700275.385372,1.266818233156799,0.0,0.02000000000034169,1.2495622438430793,0.0,0.09282670364916334,0.0,0.5,0.2702932861837523,-0.00023075847531087962,0.006875858439649233,-0.13214224315642403
1770700275.8156881,1.266818233156799,0.0,0.02000000000034169,1.2495622438430793,0.0,0.09274682511508475,0.0,0.5,0.2702932861837523,-0.00017867053309941387,0.005491996251768486,-0.1327177017178794
1770700276.2455432,1.266818233156799,0.0,0.02000000000034169,1.2495622438430793,0.0,0.09266674852669249,0.0,0.5,0.2702932861837523,-0.0001420897970673382,0.004265778176195223,-0.1332784656084032
1770700276.6706948,1.266818233156799,0.0,0.02000000000034169,1.2495622438430793,0.0,0.0925864967739583,0.0,0.5,0.2702932861837523,-0.0001166092110006586,0.003391925320474464,-0.13365467492821168
1770700277.083621,1.266818233156799,0.0,0.02000000000034169,1.2495622438430793,0.0,0.0925061203199626,0.0,0.5,0.2702932861837523,-8.957481595685369e-05,0.0026896567721937025,-0.13396161637656426
