t,kp_lin,ki_lin,kd_lin,kp_ang,ki_ang,kd_ang,v_ref,w_ref_raw,w_ref,v_meas,w_meas,reward
1770686548.3328104,1.2,0.0,0.03,1.23,0.0,0.1,0.0,0.0,0.0,0.0,1.2886747663682127e-05,-7.732048598209277e-06
1770686548.7429237,1.2,0.0,0.03,1.23,0.0,0.1,0.0,0.0,0.0,0.0,-5.7471703876850623e-05,-3.577169709247859e-05
1770686549.1582015,1.2,0.0,0.03,1.23,0.0,0.1,0.0,0.0,0.0,0.0,-6.667061437553974e-05,-3.425519823763878e-05
1770686549.5662572,1.2,0.0,0.03,1.23,0.0,0.1,0.0,0.0,0.0,0.0,-0.00014932638815289337,-8.292877145418205e-05
1770686549.9855485,1.2,0.0,0.03,1.23,0.0,0.1,0.0,0.0,0.0,0.0,-9.405215662336394e-05,-5.255350146463491e-05
1770686550.3984523,1.2,0.0,0.03,1.23,0.0,0.1,0.0,0.0,0.0,0.0,-1.384535694040594e-05,-1.494335843849877e-05
1770686550.8093443,1.2,0.0,0.03,1.23,0.0,0.1,0.0,0.0,0.0,0.0,-9.624201408801221e-05,-5.6360672758766735e-05
1770686551.2213638,1.2,0.0,0.03,1.23,0.0,0.1,0.0,0.0,0.0,0.0,-7.049755644531341e-05,-3.782322398692659e-05
1770686551.629707,1.2,0.0,0.03,1.23,0.0,0.1,0.0,0.0,0.0,0.0,-0.0001328109258916607,-7.263679989046508e-05
1770686552.0438375,1.2,0.0,0.03,1.23,0.0,0.1,0.0,0.0,0.0,0.0,-3.403034757002936e-05,-2.6893231617177814e-05
1770686552.4585474,1.2,0.0,0.03,1.23,0.0,0.1,0.0,0.0,0.0,0.0,-0.00019157539228067662,-0.00011154220061140304
1770686552.8705902,1.2,0.0,0.03,1.23,0.0,0.1,0.0,0.0,0.0,0.0,-0.00022424818834127416,-0.00011539137377669683
1770686553.2848916,1.2,0.0,0.03,1.23,0.0,0.1,0.0,0.0,0.0,0.0,-0.00016912407263737494,-9.00744478890774e-05
1770686553.6959348,1.2,0.0,0.03,1.23,0.0,0.1,0.0,0.0,0.0,0.0,-0.00026715701345944484,-0.0001433818008119294
1770686554.1123335,1.2,0.0,0.03,1.23,0.0,0.1,0.0,0.0,0.0,0.0,-0.00021612490886805684,-0.00011316566489316722
1770686554.5587282,1.2,0.0,0.03,1.23,0.0,0.1,0.0,0.0,0.0,0.0,-0.00019151044435047188,-9.821666862699444e-05
1770686554.9737613,1.2,0.0,0.03,1.23,0.0,0.1,0.0,0.0,0.0,0.0,-0.00024213774841157082,-0.0001261316046118953
1770686555.3862684,1.2,0.0,0.03,1.23,0.0,0.1,0.0,0.0,0.0,0.0,-0.00018900013345051527,-9.98138282213632e-05
1770686555.7969806,1.2,0.0,0.03,1.23,0.0,0.1,0.0,0.0,0.0,0.0,-0.0001297215344924105,-7.078862714201573e-05
1770686556.2060063,1.2,0.0,0.03,1.23,0.0,0.1,0.0,0.0,0.0,0.0,-5.850421832660353e-05,-3.637384077988246e-05
1770686556.6240435,1.2,0.0,0.03,1.23,0.0,0.1,0.0,0.0,0.0,0.0,1.3616623596026758e-05,-1.4020395990276409e-05
1770686557.0449245,1.2,0.0,0.03,1.23,0.0,0.1,0.0,0.0,0.0,0.0,-5.777876042343372e-05,-3.602891861366291e-05
1770686557.4576898,1.2,0.0,0.03,1.23,0.0,0.1,0.0,0.0,0.0,0.0,-6.641084666004196e-05,-3.40686319536818e-05
1770686557.8734746,1.2,0.0,0.03,1.23,0.0,0.1,0.0,0.0,0.0,0.0,-3.7742658947925886e-05,-2.173814824517455e-05
1770686558.287258,1.2,0.0,0.03,1.23,0.0,0.1,0.0,0.0,0.0,0.0,-0.00017388691316560584,-0.00010055788200457092
1770686558.697183,1.2,0.0,0.03,1.23,0.0,0.1,0.0,0.0,0.0,0.0,-0.00019713826093346694,-0.00010089426524351959
1770686559.109511,1.2,0.0,0.03,1.23,0.0,0.1,0.0,0.0,0.0,0.0,-0.0001495035521024646,-7.951524693433253e-05
1770686559.521355,1.2,0.0,0.03,1.23,0.0,0.1,0.0,0.5,0.125,0.0,-8.61072471180476e-05,-0.06254939325405746
1770686559.9552426,1.200160180132985,0.0,0.02994285078406334,1.23,0.0,0.1,0.0,0.5,0.38134765625,0.0025394992019629505,0.053620382644449384,-0.17177378499389498
1770686560.388107,1.200160180132985,0.0,0.02994285078406334,1.23,0.0,0.09990120238661766,0.0,0.5,0.45,0.007673454906022012,0.14083758523107395,-0.1709763825491475
1770686560.8095574,1.200160180132985,0.0,0.02994285078406334,1.23,0.0,0.09979914292812347,0.0,0.5,0.45,-0.004095063227776007,0.2187047555370012,-0.12752940248986813
1770686561.2210128,1.200160180132985,0.0,0.02994285078406334,1.23,0.0,0.09970785274267197,0.0,0.5,0.45,-0.0050829874697867015,0.27181196733122565,-0.09948772498359633
1770686561.6394405,1.200160180132985,0.0,0.02994285078406334,1.23,0.0,0.09962456278204918,0.0,0.5,0.45,-0.0024886133067775376,0.3055407743672796,-0.07809110682674313
1770686562.0631034,1.200160180132985,0.0,0.02994285078406334,1.23,0.0,0.09954656877338885,0.0,0.5,0.45,-0.009724547564094526,0.3220752368109536,-0.07534037540298512
1770686562.4808679,1.200160180132985,0.0,0.02994285078406334,1.23,0.0,0.09947126278877258,0.0,0.5,0.45,-0.008069871746771535,0.32971766329845026,-0.06897528274629608
1770686562.8925028,1.200160180132985,0.0,0.02994285078406334,1.23,0.0,0.09939718950986862,0.0,0.5,0.45,0.0030021566124849752,0.3350289163930581,-0.06101882372541672
1770686563.3157437,1.200160180132985,0.0,0.02994285078406334,1.23,0.0,0.09932393079102039,0.0,0.5,0.45,-0.004815686870909727,0.3597372672044207,-0.05241788834983565
1770686563.7522316,1.200160180132985,0.0,0.02994285078406334,1.23,0.0,0.09925477720379829,0.0,0.5,0.45,-0.013593798426035463,0.3713981169591789,-0.05406082492192184
1770686564.1824021,1.200160180132985,0.0,0.02994285078406334,1.23,0.0,0.09918763452231884,0.0,0.5,0.45,-0.012108806958547614,0.3621954011804796,-0.05693137794617775
1770686564.5936377,1.200160180132985,0.0,0.02994285078406334,1.23,0.0,0.09911894108951091,0.25,0.1269779380240215,0.2847591287606584,0.022222227786543605,0.3497329707450534,-0.2615109362491965
1770686565.0165324,1.199888359760642,0.0,0.02994285078406334,1.2303368119382858,0.0,0.09905836237430572,0.22916666666666674,0.12594441037678858,0.17619735701772424,0.2395487180985242,0.3004283493758618,-0.07742800974784542
1770686565.4333048,1.199888359760642,0.0,0.02994285078406334,1.2303368119382858,0.0,0.09905836237430572,0.21875000000000006,0.1345680189106993,0.14611866158146808,0.23086974863112275,0.25338958790078037,-0.07045908793828698
1770686565.8487852,1.199888359760642,0.0,0.02994285078406334,1.2303368119382858,0.0,0.09905836237430572,0.19791666666666674,0.13967726653141257,0.14124453415164157,0.21531215724791727,0.22650330763412435,-0.06271350534915753
1770686566.2680616,1.199888359760642,0.0,0.02994285078406334,1.2303368119382858,0.0,0.09905836237430572,0.18750000000000006,0.1332153353467403,0.2569779248586713,0.12426170125309241,0.2422940003510002,-0.0721593302724308
1770686566.6978629,1.199888359760642,0.0,0.02994285078406334,1.2303368119382858,0.0,0.0989927254796028,0.17708333333333337,0.12616752947033258,0.15884632335369117,0.17362384259707336,0.25373855162238906,-0.05205005999774784
1770686567.1140313,1.199888359760642,0.0,0.02994285078406334,1.2303368119382858,0.0,0.0989927254796028,0.17708333333333337,0.13519185958656366,0.14093012822513978,0.17738134542478295,0.22083067004662338,-0.04353907115976795
1770686567.5354197,1.199888359760642,0.0,0.02994285078406334,1.2303368119382858,0.0,0.0989927254796028,0.0,0.5,0.23095996605478086,0.16894146194586204,0.19890664556179957,-0.18716052464083507
1770686567.9619548,1.199888359760642,0.0,0.02994285078406334,1.2303368119382858,0.0,0.0989927254796028,0.1666666666666667,0.14333636443533387,0.25885983267576407,0.031287073717977225,0.2053904283285846,-0.1627626733989577
1770686568.3753946,1.199888359760642,0.0,0.0298906118452549,1.2306006065297126,0.0,0.09892412191689014,0.1666666666666667,0.14765826732514145,0.18025278800790653,0.16274060727351333,0.20257329446796654,-0.01536802600924519
1770686568.7963395,1.199888359760642,0.0,0.0298906118452549,1.2306006065297126,0.0,0.09887532596349716,0.17708333333333337,0.13864777744635304,0.2673930452658867,0.048915130573685135,0.2408021236545619,-0.14528654648397019
1770686569.2293432,1.199888359760642,0.0,0.0298906118452549,1.2308459284472464,0.0,0.09880886246025562,0.18750000000000006,0.1463257268072467,0.1856661587582353,0.17444243330598283,0.25373128366014763,-0.04838304514553196
1770686569.645439,1.199888359760642,0.0,0.0298906118452549,1.2308459284472464,0.0,0.09880886246025562,0.18750000000000006,0.15609921429442805,0.16953219403152714,0.1631346902216631,0.22996631991774308,-0.05695886909568538
1770686570.0576432,1.199888359760642,0.0,0.0298906118452549,1.2308459284472464,0.0,0.09880886246025562,0.18750000000000006,0.15609921429442805,0.16953219403152714,-0.002143796437229797,0.17806212830523582,-0.19909918273533492
1770686570.473942,1.1997242285728453,0.0,0.02983615186035633,1.2311620624423025,0.0,0.09875747914612293,0.18750000000000006,0.15609921429442805,0.16953219403152714,-0.0051356517051584505,0.1416854910638103,-0.2101966669131595
1770686570.888537,1.1997242285728453,0.0,0.02976369992315769,1.2314899002885817,0.0,0.09869988513410091,0.18750000000000006,0.15609921429442805,0.16953219403152714,-0.004219669602922119,0.11214299763987112,-0.22336851714114409
1770686571.3284178,1.1997242285728453,0.0,0.029677492228746414,1.2318221451759337,0.0,0.0986372790068388,0.18750000000000006,0.15609921429442805,0.16953219403152714,-0.0028498816498333866,0.08646544761541228,-0.23445100986033673
1770686571.7452505,1.1997242285728453,0.0,0.029579582898616792,1.2321570166325568,0.0,0.09857039217591286,0.18750000000000006,0.15609921429442805,0.16953219403152714,-0.0022123626972476726,0.06868269611659152,-0.24191538680459762
1770686572.1576347,1.1997242285728453,0.0,0.029473597984313968,1.2324938792538642,0.0,0.09850060204148293,0.18750000000000006,0.15609921429442805,0.16953219403152714,-0.0018724609611639844,0.05294917845260029,-0.24923732051702657
1770686572.5820236,1.1997242285728453,0.0,0.02936049488425255,1.2328326328325272,0.0,0.09842828814148903,0.18750000000000006,0.15609921429442805,0.16953219403152714,-0.0013779568495847448,0.0421945592593285,-0.2536222361550113
1770686573.0037491,1.1997242285728453,0.0,0.029242617312669757,1.2331722445893287,0.0,0.09835426549732686,0.18750000000000006,0.15609921429442805,0.16953219403152714,-0.0009729596959541339,0.032410950114196826,-0.25801194256913246
1770686573.4200947,1.1997242285728453,0.0,0.0291204179084301,1.2335126335859299,0.0,0.09827870593130589,0.18750000000000006,0.15609921429442805,0.16953219403152714,-0.0007492774703919129,0.025683279962980223,-0.26084650151978706
1770686573.8591921,1.1997242285728453,0.0,0.028995253708362582,1.2338535941505433,0.0,0.09820210012137891,0.18750000000000006,0.15609921429442805,0.16953219403152714,-0.0006370839063336151,0.019752009072894833,-0.26362030347465837
1770686574.2728667,1.1997242285728453,0.0,0.02886747206926346,1.2341951459598541,0.0,0.09812458034873009,0.1666666666666667,0.040936963794319034,0.11420705104110017,-0.0004957129627096476,0.015619196861433406,-0.21686958794035588
1770686574.6882575,1.1997242285728453,0.0,0.028759704923629763,1.2341951459598541,0.0,0.09812458034873009,0.15625000000000003,0.03940757672805402,0.06343598436344738,0.15024993213256296,0.01917528892111353,-0.028486024794572004
1770686575.1079824,1.19995676661551,0.0,0.02870550479114056,1.2341951459598541,0.0,0.09812458034873009,0.15625000000000003,0.038250803925169274,0.04636163598126157,0.15924910406771906,0.02306664375022555,-0.015035735666148239
1770686575.528933,1.200175272885561,0.0,0.028660491085052493,1.2341951459598541,0.0,0.09812458034873009,0.14583333333333334,0.034618615028279454,0.03888893353353289,0.1534406731023037,0.024053579489072736,-0.015123710365085146
1770686575.9388218,1.2003768137276172,0.0,0.028660491085052493,1.2341951459598541,0.0,0.09812458034873009,0.13541666666666669,0.03376120640818777,0.03611021970861591,0.13808703421636664,0.026772054329233044,-0.007611297723407422
1770686576.373706,1.2005483709865807,0.0,0.028660491085052493,1.2341951459598541,0.0,0.09812458034873009,0.15625000000000003,0.0322604873573141,0.03328714318583906,0.155193880342167,0.026637512719239472,-0.0043943890521321825
1770686576.7912831,1.2007364055490493,0.0,0.028660491085052493,1.2341951459598541,0.0,0.09812458034873009,0.13541666666666669,0.031849989429167176,0.03194330482432747,0.1446802528697983,0.02635175167288124,-0.012087938883490553
1770686577.2179549,1.2009143199169634,0.0,0.028660491085052493,1.2341951459598541,0.0,0.09812458034873009,0.13541666666666669,0.028982080696457566,0.014418271306958512,0.1450452510183639,0.025699613066673607,-0.015334469092175534
1770686577.660127,1.2010702188259361,0.0,0.028660491085052493,1.2341951459598541,0.0,0.09812458034873009,0.13541666666666669,0.027166347030895183,0.004562031155717342,0.14341900349370929,0.02649463261073779,-0.01904813950895924
1770686578.0771766,1.201208529449701,0.0,0.028660491085052493,1.2341951459598541,0.0,0.09812458034873009,0.125,0.024375790248448076,0.0010825913777727679,0.13591552100704643,0.02584950280225755,-0.023363489700136846
1770686578.4898114,1.201208529449701,0.0,0.028660491085052493,1.2341951459598541,0.0,0.09812458034873009,0.11458333333333333,0.022631225178171992,0.0003425386781234149,0.1216890181999511,0.025898348378796024,-0.019888474274607916
1770686578.902544,1.201208529449701,0.0,0.028660491085052493,1.2341951459598541,0.0,0.09812458034873009,0.13541666666666669,0.027318282324142865,0.00010838137862498671,0.11404139251516202,0.025893070527505526,-0.034268146511073995
1770686579.3330133,1.201208529449701,0.0,0.028660491085052493,1.2341951459598541,0.0,0.09812458034873009,0.10416666666666666,0.010826803009014856,3.42925455805622e-05,0.10233226906432884,0.023700747075320237,-0.013886857212426187
1770686579.760869,1.201208529449701,0.0,0.028660491085052493,1.2341951459598541,0.0,0.09812458034873009,0.09375,0.017642793431941237,8.13778181257482e-06,0.10360428656963189,0.022074141214687273,-0.021049948872132532
1770686580.1796877,1.201208529449701,0.0,0.028660491085052493,1.2341951459598541,0.0,0.09812458034873009,0.09375,0.016620263258033376,2.574845026635002e-06,0.09327985345434132,0.02007770008104195,-0.010707353277030866
1770686580.5920403,1.201208529449701,0.0,0.028660491085052493,1.2341951459598541,0.0,0.09812458034873009,0.09375,0.015174656836863535,8.14697059208731e-07,0.09184420903197874,0.019150148869841375,-0.011573213175532407
1770686581.002442,1.201208529449701,0.0,0.028660491085052493,1.2341951459598541,0.0,0.09812458034873009,0.10416666666666666,-0.013232402452573297,0.4335940077752414,0.016958432606298948,0.11810052280595669,-0.2548500139386216
1770686581.4143105,1.2015433501160142,0.0,0.02854189118385315,1.2344633696079255,0.0,0.09800994575023651,0.019999999999999993,1.0,0.38719185402263495,0.12830638142706824,0.0931415318082621,-0.25782744163402416
1770686581.8255959,1.2015433501160142,0.0,0.02854189118385315,1.2344633696079255,0.0,0.09791448847413063,0.11458333333333333,-0.05978779890243896,0.19924111953820756,0.056822443538894936,0.13984204987789475,-0.09213047643155807
1770686582.2362309,1.2015433501160142,0.0,0.02854189118385315,1.2344633696079255,0.0,0.09785753836929799,0.10416666666666666,-0.053317921241346496,0.028467301689067845,0.10364843553215117,0.12255188154002106,-0.04928953789377947
1770686582.669952,1.2015433501160142,0.0,0.02854189118385315,1.2344633696079255,0.0,0.09785753836929799,0.15625000000000003,-0.05993176414417621,-0.03544807927202889,0.14311126038475147,0.08186080608922894,-0.07586228984095668
1770686583.0810637,1.2015433501160142,0.0,0.02854189118385315,1.2344633696079255,0.0,0.09785753836929799,0.1666666666666667,-0.058546064181615384,-0.048072415391765586,0.14722524892416539,0.051648929009405,-0.07232327765106901
1770686583.5106544,1.2015433501160142,0.0,0.02854189118385315,1.2344633696079255,0.0,0.09785753836929799,0.15625000000000003,-0.056214802158783155,-0.05394076925867935,0.15590290853776836,0.026462738224492747,-0.04306746428230894
1770686583.9358068,1.2015433501160142,0.0,0.02854189118385315,1.2344633696079255,0.0,0.09785753836929799,0.15625000000000003,-0.04569450931912539,-0.05045919945666641,0.1677701908398918,0.0116689599731008,-0.04406364837991458
1770686584.3516846,1.2015433501160142,0.0,0.02854189118385315,1.2344633696079255,0.0,0.09785753836929799,0.15625000000000003,-0.04495628003069708,-0.04546498772311584,0.1548396174931105,0.0006110855922496239,-0.025554206602657368
1770686584.7682922,1.2015433501160142,0.0,0.02854189118385315,1.2344633696079255,0.0,0.09785753836929799,0.13541666666666669,-0.04368211205261404,-0.04332638241507815,0.15033921039999829,-0.0071944850932836295,-0.03376904946278218
1770686585.1796944,1.2016859349793192,0.0,0.02854189118385315,1.2344633696079255,0.0,0.09785753836929799,0.14583333333333334,-0.041576430969532265,-0.04253167699411418,0.1445669748330007,-0.01503678198238824,-0.01579803569510606
1770686585.5914872,1.201828522417545,0.0,0.02854189118385315,1.2344633696079255,0.0,0.09785753836929799,0.13541666666666669,-0.029380970774108187,-0.017769813058258206,0.12660243654324238,-0.020873607287245584,-0.010949809768403727
1770686586.0022242,1.201988627234101,0.0,0.0284949729269743,1.2344633696079255,0.0,0.09785753836929799,0.125,-0.028262553877266748,-0.00562247991296451,0.13175572845344052,-0.02259208566800656,-0.015412379169037647
1770686586.4139812,1.202181627386212,0.0,0.028448787932395938,1.2344633696079255,0.0,0.09785753836929799,0.125,-0.027045202325083464,-0.0017789877849614271,0.13827602191143526,-0.024076396582220817,-0.02457315740148638
1770686586.825673,1.2023934887033698,0.0,0.02840226255476475,1.2344633696079255,0.0,0.09785753836929799,0.125,-0.02582046354071602,-0.0005628828538354516,0.13662049070226687,-0.024040515526510875,-0.023362895144175576
1770686587.2445338,1.202604104080796,0.0,0.028354989275336268,1.2344633696079255,0.0,0.09785753836929799,0.125,-0.023649870157844786,-0.00017809965297137335,0.12320634250451705,-0.024495590737377466,-0.013997910558772655
1770686587.675129,1.2027930741441246,0.0,0.028304173484444622,1.2344633696079255,0.0,0.09785753836929799,0.13541666666666669,-0.021378982182000655,-4.22638824922302e-05,0.1351441492923831,-0.024072264399084872,-0.012329850266409157
1770686588.0916822,1.2029973327505585,0.0,0.02825232495725155,1.2344633696079255,0.0,0.09785753836929799,0.13541666666666669,-0.02081212878992118,-1.3372556569807211e-05,0.13421990798216984,-0.02343979630483191,-0.012973217368053187
1770686588.5036256,1.203198976589441,0.0,0.02820055832862854,1.2344633696079255,0.0,0.09785753836929799,0.13541666666666669,-0.01786287445752312,-4.2311604771655635e-06,0.135542496426601,-0.023302752946927328,-0.011788794988949842
1770686588.934918,1.2034026603126524,0.0,0.028149171704649926,1.2344633696079255,0.0,0.09785753836929799,0.13541666666666669,-0.014037886211749638,-1.3387656197281668e-06,0.1333611306937786,-0.02379789615317718,-0.014003328987291785
1770686589.3529742,1.203603460704088,0.0,0.028097020704746248,1.2344633696079255,0.0,0.09785753836929799,0.13541666666666669,-0.006039880639431756,-4.235938093671153e-07,0.13465298440002207,-0.020440234762593962,-0.01131935399009523
1770686589.774666,1.2038007643693682,0.0,0.02804682924628258,1.2344633696079255,0.0,0.09785753836929799,0.13541666666666669,-0.0039769494994239905,-1.0052079655879786e-07,0.13608251680036515,-0.01768773443155546,-0.009784917122181767
1770686590.1907349,1.203995832005739,0.0,0.027998334429860116,1.2344633696079255,0.0,0.09785753836929799,0.14583333333333334,-0.005160306619238211,-3.1805408286182135e-08,0.1340429126435777,-0.011212709408204728,-0.018044261993488932
1770686590.625882,1.2041717705243822,0.0,0.027948497774004936,1.2344633696079255,0.0,0.09785753836929799,0.125,-0.0028117033105092954,-1.0063429965549817e-08,0.12614006499931105,-0.009572020211880394,-0.006090138993168694
1770686591.045508,1.2043405545616146,0.0,0.027948497774004936,1.2344633696079255,0.0,0.09785753836929799,0.10416666666666666,0.0006549132205219916,-3.1841321375372466e-09,0.12174708113771243,-0.010169660676593554,-0.0227250072637478
1770686591.4655032,1.2045120077615972,0.0,0.027948497774004936,1.2344633696079255,0.0,0.09785753836929799,0.14583333333333334,0.001289570302213745,-1.0074793091426446e-09,0.13211642461637224,-0.008552352224684596,-0.01815481517075464
1770686591.8837082,1.2046800996279712,0.0,0.027899514602422713,1.2344633696079255,0.0,0.09785753836929799,0.15625000000000003,0.004358541437238798,-2.390795626188112e-10,0.15584849573310414,-0.007175989752686819,-0.0041271352708992974
1770686592.299353,1.204881877958178,0.0,0.027852822890281674,1.2344633696079255,0.0,0.09785753836929799,0.11458333333333333,0.007198718191052658,-7.564626785985824e-11,0.1549075171243989,-0.004431575979703582,-0.04281441312039255
1770686592.719946,1.2050956607133145,0.0,0.027852822890281674,1.2344633696079255,0.0,0.09785753836929799,0.125,0.009715632703861759,-2.3934951940033274e-11,0.14300510730424892,-0.0004106300541764482,-0.018612516911922387
1770686593.1351025,1.205277715811133,0.0,0.027852822890281674,1.2344633696079255,0.0,0.09785753836929799,0.17708333333333337,0.011708920895066718,-7.573168387276154e-12,0.1393983567409795,0.0028164783220944014,-0.039415926594814736
1770686593.5454667,1.2054250480878348,0.0,0.027799063063859937,1.2344633696079255,0.0,0.09785753836929799,0.13541666666666669,0.01177590297677466,-2.3961978100365953e-12,0.1780613829513598,0.003459288627843115,-0.044438641630387625
1770686593.9883983,1.2056556631797548,0.0,0.027799063063859937,1.2344633696079255,0.0,0.09785753836929799,0.14583333333333334,0.012475622947407576,-5.686289724989185e-13,0.11451018440025551,0.00274766391080052,-0.03276814336046666
1770686594.4075408,1.2056556631797548,0.0,0.027751487123966214,1.2344633696079255,0.0,0.09785753836929799,0.09375,0.011946812510537974,-1.7991776082973597e-13,0.07829324454508597,0.005423629619416102,-0.018436166835573593
1770686594.8585236,1.2056556631797548,0.0,0.027751487123966214,1.2344633696079255,0.0,0.09785753836929799,0.019999999999999993,1.0,0.4374999999999431,0.0648739433875789,0.03406139385812279,-0.24945702288235974
1770686595.275592,1.2056556631797548,0.0,0.027751487123966214,1.2344633696079255,0.0,0.09774335060536862,0.19791666666666674,-0.020946243946439572,0.10382080078123647,0.13207080476616617,0.0844066090509872,-0.08058747928491164
1770686595.691514,1.2056556631797548,0.0,0.027696878265738484,1.2344633696079255,0.0,0.09774335060536862,0.19791666666666674,-0.023437258936534627,0.03284955024718811,0.18996499991723986,0.06923296217273701,-0.02766073740002635
1770686596.1167467,1.20581152164638,0.0,0.027696878265738484,1.2344633696079255,0.0,0.09774335060536862,0.18750000000000006,-0.02187776773197653,0.010393803007899362,0.18716134724335798,0.04354799546323357,-0.019484245655259524
1770686596.5533452,1.2059806345170734,0.0,0.027696878265738484,1.2344633696079255,0.0,0.09774335060536862,0.17708333333333337,-0.022243907827175214,0.0032886642329681575,0.17813329781660547,0.028655493804383824,-0.015222629434864911
1770686596.9938493,1.2061547062343356,0.0,0.027696878265738484,1.2344633696079255,0.0,0.09774335060536862,0.25,-0.0229505052061003,0.0007804154380969359,0.19517612052702593,0.01891226001016375,-0.06486412513842948
1770686597.4151363,1.206338874263763,0.0,0.027635856138467786,1.2344633696079255,0.0,0.09774335060536862,0.10416666666666666,-0.025548210811119628,0.00024692832221035865,0.25156876736344685,0.0110172791504345,-0.1535767741968652
1770686597.8313158,1.2066917288053032,0.0,0.027635856138467786,1.2344633696079255,0.0,0.09774335060536862,0.09375,-0.0268392632961584,7.81296644493713e-05,0.09603786564038759,0.004144544783756545,-0.005008346636708972
1770686598.2698495,1.2066917288053032,0.0,0.027635856138467786,1.2344633696079255,0.0,0.09774335060536862,0.25,-0.028264121157366998,1.854053560663791e-05,0.18722340736482698,-0.0022768090867986298,-0.06456640283343117
1770686598.68164,1.2068971886926885,0.0,0.027562860136628148,1.2344633696079255,0.0,0.09774335060536862,0.25,-0.03276705701196746,-0.01842416074844495,0.25215442190564535,-0.009161637607698246,-0.007474166328108668
1770686599.0939627,1.2071990208274122,0.0,0.027507530209422107,1.2344633696079255,0.0,0.09774335060536862,0.25,-0.04256201999550958,-0.03275805417013018,0.25008807207196215,-0.012203397596406837,-0.010669576357694685
1770686599.50652,1.2074835788494345,0.0,0.027454523380994793,1.2344633696079255,0.0,0.09774335060536862,0.25,0.02102962369840826,-0.009246748529240546,0.23911617168029947,-0.006398503533330866,-0.012888440223962966
1770686599.9407656,1.207771153197884,0.0,0.027394635313153264,1.2344633696079255,0.0,0.09774335060536862,0.25,0.02102962369840826,-0.009246748529240546,0.015137055319616453,-0.002765757362663513,-0.23846671488073878
1770686600.3662055,1.207771153197884,0.0,0.027287346609234805,1.2344633696079255,0.0,0.09774335060536862,0.25,0.02102962369840826,-0.009246748529240546,-0.008774351450234938,-0.0023812659474320512,-0.2622455418826623
1770686600.7797732,1.2076321933561558,0.0,0.027175789062380787,1.2344633696079255,0.0,0.09774335060536862,0.25,0.02102962369840826,-0.009246748529240546,-0.0068465920801547165,-0.0019297780614503381,-0.260550226102648
1770686601.2026262,1.2074956308138365,0.0,0.02706478995144367,1.2344633696079255,0.0,0.09774335060536862,0.25,0.02102962369840826,-0.009246748529240546,-0.006160503261598385,-0.0015810169323781942,-0.26002824517293677
1770686601.6250484,1.2073596054965252,0.0,0.02695407610952854,1.2344633696079255,0.0,0.09774335060536862,0.25,0.02102962369840826,-0.009246748529240546,-0.0035534656797538743,-0.0013643411377178437,-0.2575163369549813
1770686602.039049,1.2073596054965252,0.0,0.026843940230011937,1.2344633696079255,0.0,0.09774335060536862,0.25,0.02102962369840826,-0.009246748529240546,-0.00342832167565351,-0.0010926712630820307,-0.2575325272961963
1770686602.459692,1.2073596054965252,0.0,0.026733952065110204,1.2344633696079255,0.0,0.09774335060536862,0.25,0.02102962369840826,-0.009246748529240546,-0.0023182200728861166,-0.0008783897137207533,-0.2565238276355821
1770686602.8922422,1.2073596054965252,0.0,0.0266242669147253,1.2344633696079255,0.0,0.09774335060536862,0.25,0.02102962369840826,-0.009246748529240546,-0.0018021552868958894,-0.00074799381098442,-0.2560645722362976
1770686603.3123016,1.2073596054965252,0.0,0.026514736935496327,1.2344633696079255,0.0,0.09774335060536862,0.25,0.02102962369840826,-0.009246748529240546,-0.0012014280881839116,-0.0005624929112481631,-0.25556210598715373
1770686603.7313132,1.2073596054965252,0.0,0.026405403218865392,1.2344633696079255,0.0,0.09774335060536862,0.25,0.02102962369840826,-0.009246748529240546,-0.0009341099765850464,-0.0003982230599488338,-0.25537479969636084
1770686604.1450481,1.2073596054965252,0.0,0.02629619449317455,1.2344633696079255,0.0,0.09774335060536862,0.25,0.02102962369840826,-0.009246748529240546,-0.0007243958704623156,-0.0003850807731453094,-0.25515654397719023
1770686604.55627,1.2073596054965252,0.0,0.026187030635476113,1.2344633696079255,0.0,0.09774335060536862,0.25,0.02102962369840826,-0.009246748529240546,-0.0005470511777595033,-0.0003448157498035501,-0.25500204406981214
1770686604.9695156,1.2073596054965252,0.0,0.026077918115258218,1.2344633696079255,0.0,0.09774335060536862,0.25,0.02102962369840826,-0.009246748529240546,-0.0004747536891494294,-0.00021256226314752272,-0.25500507217086155
1770686605.3859951,1.2073596054965252,0.0,0.02596887979567051,1.2344633696079255,0.0,0.09774335060536862,0.25,0.02102962369840826,-0.009246748529240546,-0.0003682006798189297,-0.00031231422271017523,-0.25484539302904036
1770686605.8097572,1.2073596054965252,0.0,0.025859815372824668,1.2344633696079255,0.0,0.09774335060536862,0.25,0.02102962369840826,-0.009246748529240546,-0.0002458182003369949,-0.0002950407121067049,-0.25472339945996425
1770686606.2332168,1.2073596054965252,0.0,0.025750781537890434,1.2344633696079255,0.0,0.09774335060536862,0.25,0.02102962369840826,-0.009246748529240546,-0.00017986787143385206,-0.00036411129988978696,-0.2546280935448876
1770686606.656217,1.2073596054965252,0.0,0.02564172820866108,1.2344633696079255,0.0,0.09774335060536862,0.25,0.02102962369840826,-0.009246748529240546,-0.00013992980478747707,-0.00035756646070856323,-0.2545851753229716
1770686607.0790858,1.2073596054965252,0.0,0.02553268526494503,1.2344633696079255,0.0,0.09774335060536862,0.25,0.02102962369840826,-0.009246748529240546,-0.00012481267257281447,-0.00033343784932258406,-0.2545838808736704
1770686607.5085943,1.2073596054965252,0.0,0.025423656225800513,1.2344633696079255,0.0,0.09774335060536862,0.25,0.02102962369840826,-0.009246748529240546,-8.304461131549855e-05,-0.000400153060967847,-0.25451301386661634
1770686607.9437644,1.2073596054965252,0.0,0.02531460422694683,1.2344633696079255,0.0,0.09774335060536862,0.25,0.02102962369840826,-0.009246748529240546,-6.465397828610224e-05,-0.00018718850263159194,-0.2546157304474242
1770686608.3736453,1.2073596054965252,0.0,0.025205653594136238,1.2344633696079255,0.0,0.09774335060536862,0.25,0.02102962369840826,-0.009246748529240546,-5.452852884830037e-05,-0.00016426643618510712,-0.25459806178202066
1770686608.7870808,1.2073596054965252,0.0,0.025096715385317804,1.2344633696079255,0.0,0.09774335060536862,0.25,0.02102962369840826,-0.009246748529240546,-4.2072580495721987e-05,-0.0001693075174690554,-0.25458129719450984
1770686609.214118,1.2073596054965252,0.0,0.02498777719795704,1.2344633696079255,0.0,0.09774335060536862,0.25,0.02102962369840826,-0.009246748529240546,-2.8273667151006e-05,-0.0001055198140920234,-0.254605266795063
1770686609.6269457,1.2073596054965252,0.0,0.02487887087523937,1.2344633696079255,0.0,0.09774335060536862,0.25,0.02102962369840826,-0.009246748529240546,-2.1929194187174027e-05,-7.878624829563657e-05,-0.25460858369123934
1770686610.0450785,1.2073596054965252,0.0,0.024769978027939794,1.2344633696079255,0.0,0.09774335060536862,0.25,0.02102962369840826,-0.009246748529240546,-1.704741764432754e-05,-0.0001701098820878461,-0.2545644991045999
1770686610.4621587,1.2073596054965252,0.0,0.024661044078469273,1.2344633696079255,0.0,0.09774335060536862,0.25,0.02102962369840826,-0.009246748529240546,-1.3665975696933414e-05,-0.0001772906503243413,-0.2545491129919787
1770686610.8770673,1.2073596054965252,0.0,0.024552107425332065,1.2344633696079255,0.0,0.09774335060536862,0.25,0.02102962369840826,-0.009246748529240546,-1.124797741659545e-05,-0.00021528527055051467,-0.25453077906878424
1770686611.2922318,1.2073596054965252,0.0,0.024443153777718538,1.2344633696079255,0.0,0.09774335060536862,0.25,0.02102962369840826,-0.009246748529240546,-8.760265742121961e-06,-0.0002523266919408537,-0.254509675326531
1770686611.7085273,1.2073596054965252,0.0,0.0243341835540533,1.2344633696079255,0.0,0.09774335060536862,0.25,0.02102962369840826,-0.009246748529240546,-5.530014799863297e-06,-0.00029818775735945314,-0.2544843965072823
1770686612.127833,1.2073596054965252,0.0,0.024225192838311187,1.2344633696079255,0.0,0.09774335060536862,0.25,0.02102962369840826,-0.009246748529240546,-4.295609579768171e-06,-0.00030637125849402333,-0.25447530259506645
1770686612.5387828,1.2073596054965252,0.0,0.024116198592782013,1.2344633696079255,0.0,0.09774335060536862,0.25,0.02102962369840826,-0.009246748529240546,-3.5277776890140554e-06,-0.00035216549070639163,-0.25445539872017736
1770686612.954636,1.2073596054965252,0.0,0.02400718342602252,1.2344633696079255,0.0,0.09774335060536862,0.25,0.02102962369840826,-0.009246748529240546,-2.9803394307786843e-06,-0.0002621832245622845,-0.2545042612183844
1770686613.3693867,1.2073596054965252,0.0,0.0238982097262144,1.2344633696079255,0.0,0.09774335060536862,0.25,0.02102962369840826,-0.009246748529240546,-2.315967531981568e-06,-0.00015851637119079743,-0.254556798731894
1770686613.7962673,1.2073596054965252,0.0,0.023789283844828597,1.2344633696079255,0.0,0.09774335060536862,0.25,0.02102962369840826,-0.009246748529240546,-1.8000055367952196e-06,-5.949908042676638e-05,-0.25460532645902006
1770686614.2222269,1.2073596054965252,0.0,0.02368040358245372,1.2344633696079255,0.0,0.09774335060536862,0.25,0.02102962369840826,-0.009246748529240546,-1.205311041200721e-06,-0.00010682102510788542,-0.2545759012575756
1770686614.649161,1.2073596054965252,0.0,0.023571501690745345,1.2344633696079255,0.0,0.09774335060536862,0.25,0.02102962369840826,-0.009246748529240546,-8.828979000958139e-07,-0.000142308907452955,-0.25455665149702844
1770686615.0695171,1.2073596054965252,0.0,0.023462583534121503,1.2344633696079255,0.0,0.09774335060536862,0.25,0.02102962369840826,-0.009246748529240546,-7.950422800525027e-07,-0.00013881000421256054,-0.2545551141951181
1770686615.489717,1.2073596054965252,0.0,0.023353666997551908,1.2344633696079255,0.0,0.09774335060536862,0.25,0.02102962369840826,-0.009246748529240546,-5.859933051404954e-07,-0.00011209579920601539,-0.2545705837788231
1770686615.9059246,1.2073596054965252,0.0,0.023244762788414943,1.2344633696079255,0.0,0.09774335060536862,0.25,0.02102962369840826,-0.009246748529240546,0.17996124601483135,0.0019487964775147324,-0.07584261571621836
1770686616.3252733,1.2075330657827847,0.0,0.02317489381313323,1.2344633696079255,0.0,0.09774335060536862,0.25,0.02102962369840826,-0.009246748529240546,0.2657937638783666,4.526895668655934e-05,-0.020630125373412987
1770686616.7562883,1.2078542315483087,0.0,0.02312462162554263,1.2344633696079255,0.0,0.09774335060536862,0.25,0.02102962369840826,-0.009246748529240546,0.34800775711831033,0.0019551827202921707,-0.10379971411943725
1770686617.1910672,1.2083040241920942,0.0,0.02312462162554263,1.2344633696079255,0.0,0.09774335060536862,0.25,0.02102962369840826,-0.009246748529240546,0.4228091588325327,0.0008608666078255127,-0.1779723980123124
1770686617.611215,1.2088440241920941,0.0,0.02312462162554263,1.2344633696079255,0.0,0.09774335060536862,0.25,0.02102962369840826,-0.009246748529240546,0.4192927897928064,0.0001419998335793989,-0.17405905065164096
1770686618.0277846,1.2093840241920941,0.0,0.02312462162554263,1.2344633696079255,0.0,0.09774335060536862,0.25,0.02102962369840826,-0.009246748529240546,0.43972904139905483,0.0016149318508477646,-0.19530717479082585
1770686618.4469545,1.209924024192094,0.0,0.02312462162554263,1.2344633696079255,0.0,0.09774335060536862,0.25,0.02102962369840826,-0.009246748529240546,0.48788289205098384,0.001177612365490214,-0.24313880444688496
1770686618.8592422,1.210464024192094,0.0,0.02312462162554263,1.2344633696079255,0.0,0.09774335060536862,0.25,0.02102962369840826,-0.009246748529240546,0.4491008943820153,0.040989800407117936,-0.2282003876543573
1770686619.2889948,1.2110030768787854,0.0,0.02312462162554263,1.2344633696079255,0.0,0.09774335060536862,0.25,0.02102962369840826,-0.009246748529240546,0.405114061968158,0.1545286932297772,-0.24835567212993281
1770686619.7041283,1.2112933674788469,0.0,0.02318100613296031,1.2344633696079255,0.0,0.09774335060536862,0.25,0.02102962369840826,-0.009246748529240546,0.3796333024031208,0.25533187746597674,-0.2720029338243494
1770686620.1266508,1.2112933674788469,0.0,0.023278038820624344,1.2344633696079255,0.0,0.09774335060536862,0.25,0.02102962369840826,-0.009246748529240546,0.33548992284429485,0.3676051409995668,-0.28514319396205756
1770686620.5388403,1.2111127330774063,0.0,0.023414976169466965,1.2344633696079255,0.0,0.09774335060536862,0.25,0.02102962369840826,-0.009246748529240546,0.26598888888419486,0.45813909390887053,-0.25873520539418077
1770686620.9791706,1.210679343836903,0.0,0.023575390464663497,1.2344633696079255,0.0,0.09774335060536862,0.25,0.02102962369840826,-0.009246748529240546,0.09701535486756752,0.48858728001472407,-0.40494647801500017
1770686621.3926332,1.210139343836903,0.0,0.023713377683758727,1.2344633696079255,0.0,0.09774335060536862,0.25,0.02102962369840826,-0.009246748529240546,-0.014498131496144047,0.38702945501134045,-0.47279201576677293
1770686621.8059974,1.209599343836903,0.0,0.02378280399799346,1.2344633696079255,0.0,0.09774335060536862,0.25,0.02102962369840826,-0.009246748529240546,-0.010075515228242833,0.25022886665255045,-0.40349338165501736
1770686622.229939,1.209059343836903,0.0,0.02378280399799346,1.2344633696079255,0.0,0.09774335060536862,0.25,0.02102962369840826,-0.009246748529240546,-0.007732673985419046,0.19800558435569177,-0.36658116865757107
1770686622.6410592,1.2085955031663174,0.0,0.02378280399799346,1.2344633696079255,0.0,0.09774335060536862,0.25,0.02102962369840826,-0.009246748529240546,-0.006006672370118041,0.1571580799305437,-0.343293837042525
1770686623.0524929,1.2081982162767644,0.0,0.02378280399799346,1.2344633696079255,0.0,0.09774335060536862,0.25,0.02102962369840826,-0.009246748529240546,-0.00510623294655597,0.12116338924239019,-0.3239107709011867
1770686623.4867241,1.2078601214700933,0.0,0.023730079734921448,1.2344633696079255,0.0,0.09774335060536862,0.25,0.02102962369840826,-0.009246748529240546,-0.0039636997610082575,0.09618626124806395,-0.3091779174490931
1770686623.9102952,1.207564601463675,0.0,0.023665645977258676,1.2344633696079255,0.0,0.09774335060536862,0.25,0.02102962369840826,-0.009246748529240546,-0.0026421097484047706,0.0742683780196595,-0.29659146134569525
1770686624.335335,1.2073073535007233,0.0,0.02359104670643806,1.2344633696079255,0.0,0.09774335060536862,0.25,0.02102962369840826,-0.009246748529240546,-0.0020514730393151295,0.058915836897750505,-0.28766801986500157
1770686624.7483177,1.2070765692687029,0.0,0.023509294268488877,1.2344633696079255,0.0,0.09774335060536862,0.25,0.02102962369840826,-0.009246748529240546,-0.0016827851710347487,0.04666313127101331,-0.28086299563383543
1770686625.1747339,1.2068668330174679,0.0,0.023421838912367814,1.2344633696079255,0.0,0.09774335060536862,0.25,0.02102962369840826,-0.009246748529240546,-0.0013498619794560386,0.03599884955388651,-0.27503908919273223
1770686625.5919209,1.2066754928523296,0.0,0.023329443946480743,1.2344633696079255,0.0,0.09774335060536862,0.25,0.02102962369840826,-0.009246748529240546,-0.0010499361977373306,0.028679450901971673,-0.27074497577853496
1770686626.0151832,1.2064969220888608,0.0,0.023233685125708572,1.2344633696079255,0.0,0.09774335060536862,0.25,0.02102962369840826,-0.009246748529240546,-0.0006998351764655542,0.022106063561593666,-0.2670335799559204
1770686626.4426813,1.2063299681925768,0.0,0.023134929848313324,1.2344633696079255,0.0,0.09774335060536862,0.25,0.02102962369840826,-0.009246748529240546,-0.000543341044284537,0.01747715209998458,-0.264368182505058
1770686626.8564646,1.2061710564333195,0.0,0.02303405284702777,1.2344633696079255,0.0,0.09774335060536862,0.25,0.02102962369840826,-0.009246748529240546,-0.00043664253802172,0.013500362559270878,-0.26220787703634885
1770686627.2678065,1.2060190134680266,0.0,0.022931351600289335,1.2344633696079255,0.0,0.09774335060536862,0.25,0.02102962369840826,-0.009246748529240546,-0.00035791759569175127,0.01065767942841081,-0.26059439988760347
1770686627.6813931,1.2058718869757648,0.0,0.022827349031567565,1.2344633696079255,0.0,0.09774335060536862,0.25,0.02102962369840826,-0.009246748529240546,-0.0002737319673577057,0.008400399427481534,-0.25932303394581163
1770686628.103619,1.2057287014639373,0.0,0.022722318554520598,1.2344633696079255,0.0,0.09774335060536862,0.25,0.02102962369840826,-0.009246748529240546,-0.0001853125633285513,0.006424251125838252,-0.2582184272210323
1770686628.5149565,1.20558899138689,0.0,0.02261639190852641,1.2344633696079255,0.0,0.09774335060536862,0.25,0.02102962369840826,-0.009246748529240546,-0.00014382731229631117,0.005172187965242139,-0.25747850187559723
1770686628.938538,1.2054514598214623,0.0,0.02250989520728587,1.2344633696079255,0.0,0.09774335060536862,0.25,0.02102962369840826,-0.009246748529240546,-0.00011245581991248309,0.004101799877794596,-0.2568937688321748
1770686629.3545866,1.2053157842588422,0.0,0.02240291069805621,1.2344633696079255,0.0,0.09774335060536862,0.25,0.02102962369840826,-0.009246748529240546,-9.452589650008052e-05,0.00315290388647308,-0.25638924170348903
1770686629.7732115,1.2053157842588422,0.0,0.022295492196679107,1.2344633696079255,0.0,0.09774335060536862,0.25,0.02102962369840826,-0.009246748529240546,-6.973695382374314e-05,0.0026251403040799875,-0.2560584577287233
1770686630.185759,1.2053157842588422,0.0,0.022187835150361053,1.2344633696079255,0.0,0.09774335060536862,0.25,0.02102962369840826,-0.009246748529240546,-5.692938330177031e-05,0.002159564810934623,-0.2558066436027039
1770686630.5962849,1.2053157842588422,0.0,0.022079966059327116,1.2344633696079255,0.0,0.09774335060536862,0.25,0.02102962369840826,-0.009246748529240546,-4.446971146050197e-05,0.0016266320587906321,-0.2555344532806905
1770686631.0114388,1.2053157842588422,0.0,0.021971853842139233,1.2344633696079255,0.0,0.09774335060536862,0.25,0.02102962369840826,-0.009246748529240546,-2.9667165919059063e-05,0.0013054797974042219,-0.25533789655538014
1770686631.4538872,1.2053157842588422,0.0,0.02186359656035899,1.2344633696079255,0.0,0.09774335060536862,0.25,0.02102962369840826,-0.009246748529240546,-2.5179465403954298e-05,0.0010302245468091123,-0.25519119152848835
1770686631.8690622,1.2053157842588422,0.0,0.021755213375687588,1.2344633696079255,0.0,0.09774335060536862,0.25,0.02102962369840826,-0.009246748529240546,-1.8923268038283194e-05,0.0007637008465991654,-0.2550508003259791
1770686632.29372,1.2053157842588422,0.0,0.02164670871913432,1.2344633696079255,0.0,0.09774335060536862,0.25,0.02102962369840826,-0.009246748529240546,6.186458222033918e-06,0.0005367760077042182,-0.2549082682941398
1770686632.7111866,1.2053157842588422,0.0,0.021538104284405696,1.2344633696079255,0.0,0.09774335060536862,0.25,0.02102962369840826,-0.009246748529240546,-0.000648067613291455,0.0002808140960941375,-0.2554374451171198
1770686633.1245358,1.2053157842588422,0.0,0.021429260757565485,1.2344633696079255,0.0,0.09774335060536862,0.25,0.02102962369840826,-0.009246748529240546,-0.00016761409932481087,4.5542727202674914e-05,-0.2548372868644356
1770686633.5374866,1.2053157842588422,0.0,0.021320398069024072,1.2344633696079255,0.0,0.09774335060536862,0.25,0.02102962369840826,-0.009246748529240546,-0.0019794122214107568,0.00012949217752957336,-0.2566759275198285
1770686633.9541433,1.2053157842588422,0.0,0.02121123852431773,1.2344633696079255,0.0,0.09774335060536862,0.25,0.02102962369840826,-0.009246748529240546,5.39426138170561e-05,0.0002569945885337508,-0.2547106791861705
1770686634.3772569,1.2053157842588422,0.0,0.02110251422703265,1.2344633696079255,0.0,0.09774335060536862,0.25,0.02102962369840826,-0.009246748529240546,-8.06293196166459e-06,0.0002340659503701841,-0.25475076303558336
1770686634.7899957,1.2053157842588422,0.0,0.020993767914175974,1.2344633696079255,0.0,0.09774335060536862,0.25,0.02102962369840826,-0.009246748529240546,-1.5151014442470262e-06,0.00019981558849311432,-0.2547282221964988
1770686635.222545,1.2053157842588422,0.0,0.02088500701010226,1.2344633696079255,0.0,0.09774335060536862,0.25,0.02102962369840826,-0.009246748529240546,-9.637713670244091e-07,0.00017235911444627724,-0.2547132632406151
1770686635.6377563,1.2053157842588422,0.0,0.02077623361766337,1.2344633696079255,0.0,0.09774335060536862,0.25,0.02102962369840826,-0.009246748529240546,-7.453675473085509e-07,0.00013989499535606355,-0.2546973135417546
1770686636.0524359,1.2053157842588422,0.0,0.020667445290684688,1.2344633696079255,0.0,0.09774335060536862,0.25,0.02102962369840826,-0.009246748529240546,-6.338020191961453e-07,0.00018634463708773187,-0.2547218253493565
1770686636.4825056,1.2053157842588422,0.0,0.020558678367733944,1.2344633696079255,0.0,0.09774335060536862,0.25,0.02102962369840826,-0.009246748529240546,-4.929738029467326e-07,4.1082982469103194e-05,-0.25465893489511965
1770686636.9036713,1.2053157842588422,0.0,0.020458116261541835,1.2344633696079255,0.0,0.09774335060536862,0.25,0.02102962369840826,-0.009246748529240546,-3.264763887714492e-07,7.990515436393545e-05,-0.2546675355353805
1770686637.319509,1.2053157842588422,0.0,0.020375655334464306,1.2344633696079255,0.0,0.09774335060536862,0.25,0.02102962369840826,-0.009246748529240546,-2.43835190243311e-07,4.6621332242165325e-05,-0.25465025714814377
1770686637.735862,1.2053157842588422,0.0,0.02030803737426073,1.2344633696079255,0.0,0.09774335060536862,0.25,0.02102962369840826,-0.009246748529240546,-1.9911360307706304e-07,-9.361792245385681e-05,-0.254590788342466
1770686638.1524427,1.2053157842588422,0.0,0.0202525906468938,1.2344633696079255,0.0,0.09774335060536862,0.25,0.02102962369840826,-0.009246748529240546,-1.681568692254594e-07,-0.0002258808008929682,-0.25452382830888687
1770686638.5712926,1.2053157842588422,0.0,0.020207124330452915,1.2344633696079255,0.0,0.09774335060536862,0.25,0.02102962369840826,-0.009246748529240546,-1.3082174522858963e-07,-0.00022082758537906674,-0.2545135966152273
1770686638.996816,1.2053157842588422,0.0,0.02016984195097139,1.2344633696079255,0.0,0.09774335060536862,0.25,0.02102962369840826,-0.009246748529240546,-1.0176950769156102e-07,-0.00024872446323216354,-0.2545019034902972
1770686639.4222045,1.2053157842588422,0.0,0.02013927039979654,1.2344633696079255,0.0,0.09774335060536862,0.25,0.02102962369840826,-0.009246748529240546,-6.790014976203568e-08,-0.00019644903582904816,-0.25453044518959583
1770686639.8361173,1.2053157842588422,0.0,0.020114201727833163,1.2344633696079255,0.0,0.09774335060536862,0.25,0.02102962369840826,-0.009246748529240546,-5.2449010544882106e-08,-0.00014792979986525645,-0.25455431373729454
1770686640.2503417,1.2053157842588422,0.0,0.020093645416823194,1.2344633696079255,0.0,0.09774335060536862,0.25,0.02102962369840826,-0.009246748529240546,-4.461882691972417e-08,-0.00014778558533737538,-0.25454954051223133
1770686640.666665,1.2053157842588422,0.0,0.02007678924179502,1.2344633696079255,0.0,0.09774335060536862,0.25,0.02102962369840826,-0.009246748529240546,-3.459768352498147e-08,-1.4691703188451383e-05,-0.25462937239892447
1770686641.109198,1.2053157842588422,0.0,0.020062967178271916,1.2344633696079255,0.0,0.09774335060536862,0.25,0.02102962369840826,-0.009246748529240546,-2.3018574837515155e-08,-7.641216596750031e-05,-0.25459136324648923
1770686641.5200393,1.2053157842588422,0.0,0.02005163308618297,1.2344633696079255,0.0,0.09774335060536862,0.25,0.02102962369840826,-0.009246748529240546,-1.7958070620545066e-08,-8.846376147914914e-05,-0.2545803655015025
1770686641.9366753,1.2053157842588422,0.0,0.020042339130670037,1.2344633696079255,0.0,0.09774335060536862,0.25,0.02102962369840826,-0.009246748529240546,-1.3909545829599127e-08,-2.7035354622343238e-05,-0.25461601333754064
1770686642.3511322,1.2053157842588422,0.0,0.02003471808714943,1.2344633696079255,0.0,0.09774335060536862,0.25,0.02102962369840826,-0.009246748529240546,-1.0809612183942986e-08,-8.592567623576312e-05,-0.25458631126827597
1770686642.7762713,1.2053157842588422,0.0,0.02002846883146253,1.2344633696079255,0.0,0.09774335060536862,0.25,0.02102962369840826,-0.009246748529240546,-9.220051567142938e-09,-0.00014696548036589028,-0.2545560047249019
1770686643.2025032,1.2053157842588422,0.0,0.020023344441799276,1.2344633696079255,0.0,0.09774335060536862,0.25,0.02102962369840826,-0.009246748529240546,-7.1928761759465826e-09,-0.00022900839517813796,-0.25451708155138864
1770686643.6252565,1.2053157842588422,0.0,0.020019142442275407,1.2344633696079255,0.0,0.09774335060536862,0.25,0.02102962369840826,-0.009246748529240546,-4.755439614801551e-09,-0.00021119336014574792,-0.2545195638434902
1770686644.0411804,1.2053157842588422,0.0,0.020015696802665833,1.2344633696079255,0.0,0.09774335060536862,0.25,0.02102962369840826,-0.009246748529240546,-3.725423886487872e-09,-0.000272104705835053,-0.2544934167716956
1770686644.45629,1.2053157842588422,0.0,0.020012871378185984,1.2344633696079255,0.0,0.09774335060536862,0.25,0.02102962369840826,-0.009246748529240546,-3.1504810821423026e-09,-0.00023407852472717025,-0.25451014077084855
1770686644.8913386,1.2053157842588422,0.0,0.020010554530112506,1.2344633696079255,0.0,0.09774335060536862,0.25,0.02102962369840826,-0.009246748529240546,-2.307580825611441e-09,-0.0001948619180614954,-0.254529867273837
1770686645.3039668,1.2053157842588422,0.0,0.020008654714692254,1.2344633696079255,0.0,0.09774335060536862,0.25,0.02102962369840826,-0.009246748529240546,-1.6341744987773213e-09,-7.607183849473756e-05,-0.2545972189875041
1770686645.7153916,1.2053157842588422,0.0,0.02000709686604765,1.2344633696079255,0.0,0.09774335060536862,0.25,0.02102962369840826,-0.009246748529240546,-1.192617070306055e-09,1.779040281674267e-05,-0.25464165688277685
1770686646.1356263,1.2053157842588422,0.0,0.020005819430159073,1.2344633696079255,0.0,0.09774335060536862,0.25,0.02102962369840826,-0.009246748529240546,-9.229242306049366e-10,4.6927829166996057e-05,-0.254649752844763
1770686646.5543563,1.2053157842588422,0.0,0.02000477193273044,1.2344633696079255,0.0,0.09774335060536862,0.25,0.02102962369840826,-0.009246748529240546,-8.3104925350821e-10,1.9695177683284854e-05,-0.25463594594965955
1770686646.9655974,1.2053157842588422,0.0,0.02000391298483896,1.2344633696079255,0.0,0.09774335060536862,0.25,0.02102962369840826,-0.009246748529240546,-6.105965319276128e-10,-0.00013419084933706142,-0.2545716680532503
1770686647.3883717,1.2053157842588422,0.0,0.020003208647567945,1.2344633696079255,0.0,0.09774335060536862,0.25,0.02102962369840826,-0.009246748529240546,-4.999739243511103e-10,-1.7407692815754268e-05,-0.2546263492338385
1770686647.798405,1.2053157842588422,0.0,0.020002631091005717,1.2344633696079255,0.0,0.09774335060536862,0.25,0.02102962369840826,-0.009246748529240546,-3.6762644337927895e-10,-0.00010068636223477236,-0.2545813593180712
1770686648.2100697,1.2053157842588422,0.0,0.020002157494624688,1.2344633696079255,0.0,0.09774335060536862,0.25,0.02102962369840826,-0.009246748529240546,-2.598151764152438e-10,-0.00015978028848399938,-0.2545493937728183
1770686648.6402345,1.2053157842588422,0.0,0.020001769145592246,1.2344633696079255,0.0,0.09774335060536862,0.25,0.02102962369840826,-0.009246748529240546,-2.0079963454867748e-10,-0.00024183006253789783,-0.25451066441155634
1770686649.0598197,1.2053157842588422,0.0,0.02000145069938564,1.2344633696079255,0.0,0.09774335060536862,0.25,0.02102962369840826,-0.009246748529240546,-1.7103234783157875e-10,-0.0002959548129772417,-0.2544808095042079
1770686649.474045,1.2053157842588422,0.0,0.020001189573496225,1.2344633696079255,0.0,0.09774335060536862,0.25,0.02102962369840826,-0.009246748529240546,-1.3277222744780593e-10,-0.0003267171566236263,-0.2544630920534453
1770686649.8896844,1.2053157842588422,0.0,0.020000975450266904,1.2344633696079255,0.0,0.09774335060536862,0.25,0.02102962369840826,-0.009246748529240546,-1.0268463693886879e-10,-0.00034197930858656116,-0.2544539109282079
1770686650.306807,1.2053157842588422,0.0,0.020000799869218863,1.2344633696079255,0.0,0.09774335060536862,0.25,0.02102962369840826,-0.009246748529240546,-6.89208177628618e-11,-0.0001628934315931363,-0.25455983620544387
1770686650.7162247,1.2053157842588422,0.0,0.02000065589275947,1.2344633696079255,0.0,0.09774335060536862,0.25,0.02102962369840826,-0.009246748529240546,-5.371857536751657e-11,-0.00018222668456111595,-0.2545341943013551
1770686651.1294763,1.2053157842588422,0.0,0.020000537832062765,1.2344633696079255,0.0,0.09774335060536862,0.25,0.02102962369840826,-0.009246748529240546,-4.169628115690104e-11,-9.949191008892329e-05,-0.25458190182871926
1770686651.5443578,1.2053157842588422,0.0,0.020000441022291468,1.2344633696079255,0.0,0.09774335060536862,0.25,0.02102962369840826,-0.009246748529240546,-3.2489722731615186e-11,-3.1148975827758375e-05,-0.25461463410262225
1770686651.9632893,1.2053157842588422,0.0,0.020000361638279004,1.2344633696079255,0.0,0.09774335060536862,0.25,0.02102962369840826,-0.009246748529240546,-2.743711432497179e-11,-1.1404580693112947e-05,-0.25461964644122426
1770686652.3781617,1.2053157842588422,0.0,0.020000296543388783,1.2344633696079255,0.0,0.09774335060536862,0.25,0.02102962369840826,-0.009246748529240546,-2.0063539790895828e-11,-2.2583274117905594e-05,-0.25461320051696734
1770686652.7943232,1.2053157842588422,0.0,0.0200002431655788,1.2344633696079255,0.0,0.09774335060536862,0.25,0.02102962369840826,-0.009246748529240546,-1.6418411631776212e-11,-0.00013627714365974786,-0.25456660509616297
1770686653.208142,1.2053157842588422,0.0,0.020000199395774618,1.2344633696079255,0.0,0.09774335060536862,0.25,0.02102962369840826,-0.009246748529240546,-1.109703837705579e-11,-0.0001924414501212522,-0.2545327699813028
1770686653.6524866,1.2053157842588422,0.0,0.020000163504535186,1.2344633696079255,0.0,0.09774335060536862,0.25,0.02102962369840826,-0.009246748529240546,-9.468088737175774e-12,-0.0002986909754835532,-0.25448465373888285
1770686654.0656617,1.2053157842588422,0.0,0.020000134073718853,1.2344633696079255,0.0,0.09774335060536862,0.25,0.02102962369840826,-0.009246748529240546,-7.01511170830465e-12,-0.0001783305977974299,-0.25454624501050527
1770686654.4919457,1.2053157842588422,0.0,0.02000010994044946,1.2344633696079255,0.0,0.09774335060536862,0.25,0.02102962369840826,-0.009246748529240546,-5.732561972195649e-12,-0.0001683010941337497,-0.25454022667365234
1770686654.931932,1.2053157842588422,0.0,0.02000009015116856,1.2344633696079255,0.0,0.09774335060536862,0.25,0.02102962369840826,-0.009246748529240546,-3.8111004949821266e-12,-0.00012502421441773205,-0.25456518984919413
1770686655.34427,1.2053157842588422,0.0,0.02000007392395822,1.2344633696079255,0.0,0.09774335060536862,0.25,0.02102962369840826,-0.009246748529240546,-2.9846124613868503e-12,-0.00017110227163760303,-0.25454243093750806
1770686655.760787,1.2053157842588422,0.0,0.02000006061764574,1.2344633696079255,0.0,0.09774335060536862,0.25,0.02102962369840826,-0.009246748529240546,-2.513372309914164e-12,-0.00011939620503911151,-0.25456884677127395
1770686656.1943378,1.2053157842588422,0.0,0.020000049706469507,1.2344633696079255,0.0,0.09774335060536862,0.25,0.02102962369840826,-0.009246748529240546,-1.9100677191826436e-12,-0.00014345048974980494,-0.2545540544501265
1770686656.6126163,1.2053157842588422,0.0,0.020000040759304994,1.2344633696079255,0.0,0.09774335060536862,0.25,0.02102962369840826,-0.009246748529240546,-1.2300689734226088e-12,-5.838140495959348e-05,-0.2546026904718496
1770686657.0254269,1.2053157842588422,0.0,0.020000033422630095,1.2344633696079255,0.0,0.09774335060536862,0.25,0.02102962369840826,-0.009246748529240546,-9.971039993989054e-13,-0.00010470724133701894,-0.2545756532285866
1770686657.444546,1.2053157842588422,0.0,0.020000027406556677,1.2344633696079255,0.0,0.09774335060536862,0.25,0.02102962369840826,-0.009246748529240546,-7.816719432716292e-13,-0.0001414137386937556,-0.2545563380457907
1770686657.8680632,1.2053157842588422,0.0,0.020000022473376476,1.2344633696079255,0.0,0.09774335060536862,0.25,0.02102962369840826,-0.009246748529240546,-6.591493190930687e-13,-2.8350248521935505e-05,-0.2546205054900356
1770686658.2879176,1.2053157842588422,0.0,0.02000001842816871,1.2344633696079255,0.0,0.09774335060536862,0.25,0.02102962369840826,-0.009246748529240546,-4.842463166174067e-13,-0.00015227461061527382,-0.2545596293960062
1770686658.7042267,1.2053157842588422,0.0,0.020000015111098342,1.2344633696079255,0.0,0.09774335060536862,0.25,0.02102962369840826,-0.009246748529240546,-3.4317333106508393e-13,-0.00010305969167580529,-0.2545767659110195
1770686659.1219459,1.2053157842588422,0.0,0.02000001239110064,1.2344633696079255,0.0,0.09774335060536862,0.25,0.02102962369840826,-0.009246748529240546,-2.514549884624456e-13,-0.00017021491600682572,-0.2545449823293014
1770686659.531536,1.2053157842588422,0.0,0.020000010160702523,1.2344633696079255,0.0,0.09774335060536862,0.25,0.02102962369840826,-0.009246748529240546,-1.9045888223686122e-13,-0.00015537885603274912,-0.25454716844279174
1770686659.944076,1.2053157842588422,0.0,0.020000008331776068,1.2344633696079255,0.0,0.09774335060536862,0.25,0.02102962369840826,-0.009246748529240546,-1.5296928500477426e-13,-0.00022060288335404489,-0.2545195952258284
1770686660.3688955,1.2053157842588422,0.0,0.020000006832056376,1.2344633696079255,0.0,0.09774335060536862,0.25,0.02102962369840826,-0.009246748529240546,-1.3679147479687484e-13,-0.00022291926868128935,-0.25451214626894914
1770686660.7940605,1.2053157842588422,0.0,0.02000000560228623,1.2344633696079255,0.0,0.09774335060536862,0.25,0.02102962369840826,-0.009246748529240546,-1.0209864683915556e-13,-0.00010398368751033078,-0.2545832759790843
1770686661.2157605,1.2053157842588422,0.0,0.020000004593874708,1.2344633696079255,0.0,0.09774335060536862,0.25,0.02102962369840826,-0.009246748529240546,-6.891028067444634e-14,-3.2961970513446157e-05,-0.2546139954511321
1770686661.6379733,1.2053157842588422,0.0,0.020000003766977262,1.2344633696079255,0.0,0.09774335060536862,0.25,0.02102962369840826,-0.009246748529240546,-5.356594760644384e-14,7.018981155820194e-05,-0.2546687843486601
1770686662.0571797,1.2053157842588422,0.0,0.020000003088921355,1.2344633696079255,0.0,0.09774335060536862,0.25,0.02102962369840826,-0.009246748529240546,-4.040622965044333e-14,5.3034184109324765e-05,-0.2546516069194602
1770686662.4702725,1.2053157842588422,0.0,0.02000000253291551,1.2344633696079255,0.0,0.09774335060536862,0.25,0.02102962369840826,-0.009246748529240546,-3.68621599005219e-14,0.00014303612627557632,-0.25470389252201153
1770686662.8831537,1.2053157842588422,0.0,0.02000000207699072,1.2344633696079255,0.0,0.09774335060536862,0.25,0.02102962369840826,-0.009246748529240546,-2.6862493596700988e-14,-2.97841557744605e-05,-0.2546257642149649
1770686663.2938292,1.2053157842588422,0.0,0.02000000170313239,1.2344633696079255,0.0,0.09774335060536862,0.25,0.02102962369840826,-0.009246748529240546,-2.0915274819837838e-14,2.1394975638795073e-05,-0.25463918966560195
1770686663.7255135,1.2053157842588422,0.0,0.02000000139656856,1.2344633696079255,0.0,0.09774335060536862,0.25,0.02102962369840826,-0.009246748529240546,-1.3970564062333374e-14,-0.00016684899629735967,-0.2545587741636792
1770686664.136864,1.2053157842588422,0.0,0.020000001145186217,1.2344633696079255,0.0,0.09774335060536862,0.25,0.02102962369840826,-0.009246748529240546,-1.0828934649531739e-14,-0.00012259383029636497,-0.25456650286608307
1770686664.5550263,1.2053157842588422,0.0,0.020000000939052697,1.2344633696079255,0.0,0.09774335060536862,0.25,0.02102962369840826,-0.009246748529240546,-9.149822322707194e-15,-0.00012981885996202373,-0.254559187337615
1770686665.0002844,1.2053157842588422,0.0,0.020000000770023212,1.2344633696079255,0.0,0.09774335060536862,0.25,0.02102962369840826,-0.009246748529240546,-7.083014816873841e-15,-0.0001776976315738795,-0.2545393133260016
1770686665.4162545,1.2053157842588422,0.0,0.020000000631419036,1.2344633696079255,0.0,0.09774335060536862,0.25,0.02102962369840826,-0.009246748529240546,-4.722135630283058e-15,-0.0002262959376826944,-0.2545150861263945
1770686665.83541,1.2053157842588422,0.0,0.02000000051776361,1.2344633696079255,0.0,0.09774335060536862,0.25,0.02102962369840826,-0.009246748529240546,-3.657674495503085e-15,-0.00028672569694757196,-0.25448605439207667
1770686666.2543948,1.2053157842588422,0.0,0.02000000042456616,1.2344633696079255,0.0,0.09774335060536862,0.25,0.02102962369840826,-0.009246748529240546,-3.0452980603639543e-15,-6.1010309782455513e-05,-0.2546154406484486
1770686666.671148,1.2053157842588422,0.0,0.02000000034814425,1.2344633696079255,0.0,0.09774335060536862,0.25,0.02102962369840826,-0.009246748529240546,-2.2651337439795117e-15,-3.795861344913248e-05,-0.25460670012753134
1770686667.0859087,1.2053157842588422,0.0,0.020000000285478284,1.2344633696079255,0.0,0.09774335060536862,0.25,0.02102962369840826,-0.009246748529240546,-1.7620728509672637e-15,0.00011907328992279922,-0.2546986140999206
1770686667.5117238,1.2053157842588422,0.0,0.020000000234092194,1.2344633696079255,0.0,0.09774335060536862,0.25,0.02102962369840826,-0.009246748529240546,-1.240033165956728e-15,0.00013441028021568977,-0.2546921131037586
1770686667.9311671,1.2053157842588422,0.0,0.020000000191955598,1.2344633696079255,0.0,0.09774335060536862,0.25,0.02102962369840826,-0.009246748529240546,-9.584996915987615e-16,0.00020719418336823258,-0.2547342497466206
1770686668.3495119,1.2053157842588422,0.0,0.02000000015740359,1.2344633696079255,0.0,0.09774335060536862,0.25,0.02102962369840826,-0.009246748529240546,-7.385340691652723e-16,8.626580338365665e-05,-0.2546786000043113
1770686668.7703493,1.2053157842588422,0.0,0.020000000129070945,1.2344633696079255,0.0,0.09774335060536862,0.25,0.02102962369840826,-0.009246748529240546,-6.297402374958237e-16,5.443856675293792e-05,-0.2546537762716604
1770686669.1937802,1.2053157842588422,0.0,0.020000000105838175,1.2344633696079255,0.0,0.09774335060536862,0.25,0.02102962369840826,-0.009246748529240546,-4.64436278608777e-16,8.627895153941439e-05,-0.25466969777886905
1770686669.6072407,1.2053157842588422,0.0,0.020000000086787303,1.2344633696079255,0.0,0.09774335060536862,0.25,0.02102962369840826,-0.009246748529240546,-3.7381901018247926e-16,-2.570272156819833e-05,-0.25462172107114733
1770686670.0442715,1.2053157842588422,0.0,0.020000000071165588,1.2344633696079255,0.0,0.09774335060536862,0.25,0.02102962369840826,-0.009246748529240546,-2.541900236325235e-16,-0.00010062666697816995,-0.2545805533256725
1770686670.4650645,1.2053157842588422,0.0,0.020000000058355782,1.2344633696079255,0.0,0.09774335060536862,0.25,0.02102962369840826,-0.009246748529240546,-2.1612084505645357e-16,-0.00022298382795063264,-0.25452411806674247
1770686670.8961694,1.2053157842588422,0.0,0.02000000004785174,1.2344633696079255,0.0,0.09774335060536862,0.25,0.02102962369840826,-0.009246748529240546,-1.6729849213503762e-16,-0.00019884817187728463,-0.2545263637442891
1770686671.3204014,1.2053157842588422,0.0,0.02000000003923843,1.2344633696079255,0.0,0.09774335060536862,0.25,0.02102962369840826,-0.009246748529240546,-1.114260965086168e-16,-0.00010226827554357184,-0.25458189811648196
1770686671.7369726,1.2053157842588422,0.0,0.020000000032175513,1.2344633696079255,0.0,0.09774335060536862,0.25,0.02102962369840826,-0.009246748529240546,-8.652508010315522e-17,-5.2001232202199104e-05,-0.2546024003528534
1770686672.1620922,1.2053157842588422,0.0,0.02000000002638392,1.2344633696079255,0.0,0.09774335060536862,0.25,0.02102962369840826,-0.009246748529240546,-6.704135872735534e-17,0.00013145289350586318,-0.254707446123944
1770686672.5797684,1.2053157842588422,0.0,0.020000000021634816,1.2344633696079255,0.0,0.09774335060536862,0.25,0.02102962369840826,-0.009246748529240546,-5.676490657022533e-17,0.00016719246304508481,-0.2547105444530968
1770686673.0076866,1.2053157842588422,0.0,0.02000000001774055,1.2344633696079255,0.0,0.09774335060536862,0.25,0.02102962369840826,-0.009246748529240546,-3.718513452250925e-17,0.0002134365322320037,-0.254734716937655
1770686673.4448755,1.2053157842588422,0.0,0.02000000001454725,1.2344633696079255,0.0,0.09774335060536862,0.25,0.02102962369840826,-0.009246748529240546,-2.9353753586973914e-17,0.00013005733902031412,-0.2546967408534516
1770686673.8596854,1.2053157842588422,0.0,0.020000000011928743,1.2344633696079255,0.0,0.09774335060536862,0.25,0.02102962369840826,-0.009246748529240546,-2.4826389508352826e-17,0.00013623434410012553,-0.2546921091371783
1770686674.2790737,1.2053157842588422,0.0,0.02000000000978157,1.2344633696079255,0.0,0.09774335060536862,0.25,0.02102962369840826,-0.009246748529240546,-1.9295448226882465e-17,3.4530759992992736e-05,-0.2546508100030275
1770686674.711566,1.2053157842588422,0.0,0.020000000008020886,1.2344633696079255,0.0,0.09774335060536862,0.25,0.02102962369840826,-0.009246748529240546,-1.2833144499156414e-17,-7.646624997851525e-05,-0.25459624084062815
1770686675.1285758,1.2053157842588422,0.0,0.020000000006577128,1.2344633696079255,0.0,0.09774335060536862,0.25,0.02102962369840826,-0.009246748529240546,-9.939602376676244e-18,-8.590854496843669e-05,-0.254581364221635
1770686675.55686,1.2053157842588422,0.0,0.020000000005393245,1.2344633696079255,0.0,0.09774335060536862,0.25,0.02102962369840826,-0.009246748529240546,-8.174772090127729e-18,-4.344081109004021e-05,-0.2546059006324631
1770686676.0015314,1.2053157842588422,0.0,0.020000000004422463,1.2344633696079255,0.0,0.09774335060536862,0.25,0.02102962369840826,-0.009246748529240546,-6.565999158550649e-18,5.57951805806153e-06,-0.2546310660565641
1770686676.4158337,1.2053157842588422,0.0,0.02000000000362642,1.2344633696079255,0.0,0.09774335060536862,0.25,0.02102962369840826,-0.009246748529240546,-4.3842978532667425e-18,-0.00010373675774825352,-0.2545824375133268
1770686676.8363433,1.2053157842588422,0.0,0.020000000002973663,1.2344633696079255,0.0,0.09774335060536862,0.25,0.02102962369840826,-0.009246748529240546,-3.425602244963138e-18,9.103326656950947e-06,-0.2546392099363893
1770686677.2658248,1.2053157842588422,0.0,0.020000000002438404,1.2344633696079255,0.0,0.09774335060536862,0.25,0.02102962369840826,-0.009246748529240546,-2.7707624278885515e-18,6.292013675870569e-05,-0.2546602160140098
1770686677.7070777,1.2053157842588422,0.0,0.02000000000199949,1.2344633696079255,0.0,0.09774335060536862,0.25,0.02102962369840826,-0.009246748529240546,-1.9571616395752463e-18,0.00017293304229237035,-0.25472084207631984
1770686678.1202288,1.2053157842588422,0.0,0.02000000000163958,1.2344633696079255,0.0,0.09774335060536862,0.25,0.02102962369840826,-0.009246748529240546,-1.5162960659362348e-18,0.00015010089420800315,-0.2547007079265327
1770686678.5341814,1.2053157842588422,0.0,0.020000000001344456,1.2344633696079255,0.0,0.09774335060536862,0.25,0.02102962369840826,-0.009246748529240546,-1.1798757974483752e-18,0.00010721404351314221,-0.2546812699714463
1770686678.9609041,1.2053157842588422,0.0,0.020000000001102455,1.2344633696079255,0.0,0.09774335060536862,0.25,0.02102962369840826,-0.009246748529240546,-9.989956164519622e-19,5.9447232047706945e-05,-0.2546578745617907
1770686679.3816307,1.2053157842588422,0.0,0.020000000000904013,1.2344633696079255,0.0,0.09774335060536862,0.25,0.02102962369840826,-0.009246748529240546,-7.770477182396245e-19,-1.6797380968272823e-05,-0.25462260003543774
1770686679.8010645,1.2053157842588422,0.0,0.02000000000074129,1.2344633696079255,0.0,0.09774335060536862,0.25,0.02102962369840826,-0.009246748529240546,-6.007372013805133e-19,2.900091214146481e-05,-0.25464245455000195
1770686680.2200933,1.2053157842588422,0.0,0.020000000000607858,1.2344633696079255,0.0,0.09774335060536862,0.25,0.02102962369840826,-0.009246748529240546,-3.84294736687196e-19,-1.6309751675329865e-05,-0.2546197504551643
1770686680.6506872,1.2053157842588422,0.0,0.020000000000498442,1.2344633696079255,0.0,0.09774335060536862,0.25,0.02102962369840826,-0.009246748529240546,-3.414053865294036e-19,-5.506201759181852e-05,-0.254599718482416
1770686681.0637763,1.2053157842588422,0.0,0.020000000000408722,1.2344633696079255,0.0,0.09774335060536862,0.25,0.02102962369840826,-0.009246748529240546,-2.5075236577716787e-19,-0.00016233747023270662,-0.254552933074768
1770686681.4844556,1.2053157842588422,0.0,0.020000000000335152,1.2344633696079255,0.0,0.09774335060536862,0.25,0.02102962369840826,-0.009246748529240546,-2.058718784804933e-19,-3.2382491168186324e-06,-0.25463766506217345
1770686681.898689,1.2053157842588422,0.0,0.020000000000274826,1.2344633696079255,0.0,0.09774335060536862,0.25,0.02102962369840826,-0.009246748529240546,-1.600182294933568e-19,-8.92799794507962e-05,-0.25458733844792825
1770686682.3229258,1.2053157842588422,0.0,0.02000000000022536,1.2344633696079255,0.0,0.09774335060536862,0.25,0.02102962369840826,-0.009246748529240546,-1.0696119274321891e-19,-1.5249697711833727e-05,-0.25462315244393824
1770686682.7464077,1.2053157842588422,0.0,0.020000000000184794,1.2344633696079255,0.0,0.09774335060536862,0.25,0.02102962369840826,-0.009246748529240546,-7.890444436156172e-20,9.152237057180218e-05,-0.2546798126567345
1770686683.1651845,1.2053157842588422,0.0,0.020000000000151532,1.2344633696079255,0.0,0.09774335060536862,0.25,0.02102962369840826,-0.009246748529240546,-7.031201921445505e-20,7.623622094118227e-05,-0.2546630209900539
1770686683.5813076,1.2053157842588422,0.0,0.020000000000124255,1.2344633696079255,0.0,0.09774335060536862,0.25,0.02102962369840826,-0.009246748529240546,-5.4137911783136555e-20,6.425561741566113e-05,-0.25465670013368064
1770686683.9978864,1.2053157842588422,0.0,0.020000000000101888,1.2344633696079255,0.0,0.09774335060536862,0.25,0.02102962369840826,-0.009246748529240546,-4.233086762890148e-20,3.1820082585574044e-05,-0.25464252785939606
1770686684.419345,1.2053157842588422,0.0,0.020000000000083548,1.2344633696079255,0.0,0.09774335060536862,0.25,0.02102962369840826,-0.009246748529240546,-2.6880530525939413e-20,-4.3608501779268574e-05,-0.2546091128721671
1770686684.8312254,1.2053157842588422,0.0,0.020000000000068508,1.2344633696079255,0.0,0.09774335060536862,0.25,0.02102962369840826,-0.009246748529240546,-2.0811326816282995e-20,-0.00020416869046088797,-0.254537345938258
1770686685.2533586,1.2053157842588422,0.0,0.020000000000056178,1.2344633696079255,0.0,0.09774335060536862,0.25,0.02102962369840826,-0.009246748529240546,-1.765518627312374e-20,-0.00023328762736850902,-0.2545096423446268
1770686685.673567,1.2053157842588422,0.0,0.020000000000046064,1.2344633696079255,0.0,0.09774335060536862,0.25,0.02102962369840826,-0.009246748529240546,-1.4450963504922508e-20,-0.0002288627765821153,-0.2545093853614078
1770686686.095992,1.2053157842588422,0.0,0.020000000000037772,1.2344633696079255,0.0,0.09774335060536862,0.25,0.02102962369840826,-0.009246748529240546,-1.1215368897074198e-20,-0.00022834146098400147,-0.25450925566568805
1770686686.5213194,1.2053157842588422,0.0,0.020000000000030972,1.2344633696079255,0.0,0.09774335060536862,0.25,0.02102962369840826,-0.009246748529240546,-7.51654142059756e-21,-0.00019529672269626765,-0.25452903037710095
1770686686.939023,1.2053157842588422,0.0,0.020000000000025397,1.2344633696079255,0.0,0.09774335060536862,0.25,0.02102962369840826,-0.009246748529240546,-5.719395280794365e-21,-0.0002483285292108542,-0.2545045131806663
1770686687.3666174,1.2053157842588422,0.0,0.020000000000020824,1.2344633696079255,0.0,0.09774335060536862,0.25,0.02102962369840826,-0.009246748529240546,-4.672882038771307e-21,-0.00019381619310680485,-0.25453191740167724
1770686687.7902818,1.2053157842588422,0.0,0.020000000000017077,1.2344633696079255,0.0,0.09774335060536862,0.25,0.02102962369840826,-0.009246748529240546,-3.860520526052375e-21,-0.00019093321480583643,-0.25452819595504744
1770686688.2110567,1.2053157842588422,0.0,0.020000000000014003,1.2344633696079255,0.0,0.09774335060536862,0.25,0.02102962369840826,-0.009246748529240546,-2.5955241090267715e-21,-0.00018379205329317194,-0.25453219235412494
1770686688.6209629,1.2053157842588422,0.0,0.020000000000011484,1.2344633696079255,0.0,0.09774335060536862,0.25,0.02102962369840826,-0.009246748529240546,-2.0209427468555686e-21,-9.428737366061287e-05,-0.2545851810457532
1770686689.0311553,1.2053157842588422,0.0,0.020000000000009416,1.2344633696079255,0.0,0.09774335060536862,0.25,0.02102962369840826,-0.009246748529240546,-1.5720263110781385e-21,5.3181644761112323e-05,-0.254664711988843
1770686689.4444518,1.2053157842588422,0.0,0.02000000000000772,1.2344633696079255,0.0,0.09774335060536862,0.25,0.02102962369840826,-0.009246748529240546,-1.2123997512163835e-21,3.86641573790678e-05,-0.25464415809204805
1770686689.8658445,1.2053157842588422,0.0,0.020000000000006332,1.2344633696079255,0.0,0.09774335060536862,0.25,0.02102962369840826,-0.009246748529240546,-1.029579005743826e-21,8.183868250630337e-05,-0.2546686110583862
1770686690.286462,1.2053157842588422,0.0,0.020000000000005194,1.2344633696079255,0.0,0.09774335060536862,0.25,0.02102962369840826,-0.009246748529240546,-7.992702905605329e-22,0.0001100892769780323,-0.2546812439625564
1770686690.7183657,1.2053157842588422,0.0,0.02000000000000426,1.2344633696079255,0.0,0.09774335060536862,0.25,0.02102962369840826,-0.009246748529240546,-5.3544823824943e-22,6.261233738488166e-05,-0.25465942812727205
1770686691.1343405,1.2053157842588422,0.0,0.020000000000003494,1.2344633696079255,0.0,0.09774335060536862,0.25,0.02102962369840826,-0.009246748529240546,-5.135081830723256e-22,-4.8501157889772886e-05,-0.25461023503520286
1770686691.5574496,1.2053157842588422,0.0,0.020000000000002866,1.2344633696079255,0.0,0.09774335060536862,0.25,0.02102962369840826,-0.009246748529240546,-3.5006552647345806e-22,-5.65977472931068e-05,-0.25459588504991404
1770686691.9806092,1.2053157842588422,0.0,0.02000000000000235,1.2344633696079255,0.0,0.09774335060536862,0.25,0.02102962369840826,-0.009246748529240546,-2.723444907511464e-22,-4.236023184082528e-05,-0.25460361790024505
1770686692.4071517,1.2053157842588422,0.0,0.020000000000001926,1.2344633696079255,0.0,0.09774335060536862,0.25,0.02102962369840826,-0.009246748529240546,-1.8313709059521635e-22,-4.662559804376637e-05,-0.2546004880022187
1770686692.8315563,1.2053157842588422,0.0,0.02000000000000158,1.2344633696079255,0.0,0.09774335060536862,0.25,0.02102962369840826,-0.009246748529240546,-1.420548290026454e-22,0.00011305683033567632,-0.2546958709226261
1770686693.24583,1.2053157842588422,0.0,0.020000000000001295,1.2344633696079255,0.0,0.09774335060536862,0.25,0.02102962369840826,-0.009246748529240546,-1.0922953124504847e-22,0.00012735573726197874,-0.2546884820239439
1770686693.6589015,1.2053157842588422,0.0,0.020000000000001062,1.2344633696079255,0.0,0.09774335060536862,0.25,0.02102962369840826,-0.009246748529240546,-9.275695467470918e-23,0.00020413479316158984,-0.25473311956679107
1770686694.0766177,1.2053157842588422,0.0,0.02000000000000087,1.2344633696079255,0.0,0.09774335060536862,0.25,0.02102962369840826,-0.009246748529240546,-7.216714486636799e-23,0.000249079703395011,-0.2547524086073411
1770686694.501219,1.2053157842588422,0.0,0.020000000000000715,1.2344633696079255,0.0,0.09774335060536862,0.25,0.02102962369840826,-0.009246748529240546,-4.8121424499925257e-23,0.00019540367392682962,-0.2547264437045305
1770686694.9210122,1.2053157842588422,0.0,0.020000000000000587,1.2344633696079255,0.0,0.09774335060536862,0.25,0.02102962369840826,-0.009246748529240546,-3.756659203178682e-23,0.0001930904707883115,-0.2547201508203283
1770686695.34448,1.2053157842588422,0.0,0.020000000000000483,1.2344633696079255,0.0,0.09774335060536862,0.25,0.02102962369840826,-0.009246748529240546,-2.740587554884127e-23,9.590773705282894e-06,-0.2546465196211812
1770686695.7589595,1.2053157842588422,0.0,0.020000000000000396,1.2344633696079255,0.0,0.09774335060536862,0.25,0.02102962369840826,-0.009246748529240546,-2.475502863842218e-23,5.7856963175080176e-05,-0.2546571293651548
1770686696.1877275,1.2053157842588422,0.0,0.020000000000000323,1.2344633696079255,0.0,0.09774335060536862,0.25,0.02102962369840826,-0.009246748529240546,-1.7323024038054026e-23,-2.634953293817575e-05,-0.2546186201477625
1770686696.6061413,1.2053157842588422,0.0,0.020000000000000264,1.2344633696079255,0.0,0.09774335060536862,0.25,0.02102962369840826,-0.009246748529240546,-1.2981775432039863e-23,4.128423459775092e-06,-0.25462848627199
1770686697.042446,1.2053157842588422,0.0,0.020000000000000216,1.2344633696079255,0.0,0.09774335060536862,0.25,0.02102962369840826,-0.009246748529240546,-1.0049562859182734e-23,1.2308596038172041e-05,-0.2546303465798972
1770686697.4696863,1.2053157842588422,0.0,0.020000000000000177,1.2344633696079255,0.0,0.09774335060536862,0.25,0.02102962369840826,-0.009246748529240546,-8.422269662055897e-24,-7.516905290385978e-05,-0.25459453750306255
1770686697.8807037,1.2053157842588422,0.0,0.020000000000000146,1.2344633696079255,0.0,0.09774335060536862,0.25,0.02102962369840826,-0.009246748529240546,-6.5857493473498576e-24,-0.00014172475574755547,-0.25455916745703083
1770686698.2914248,1.2053157842588422,0.0,0.02000000000000012,1.2344633696079255,0.0,0.09774335060536862,0.25,0.02102962369840826,-0.009246748529240546,-4.824728021246378e-24,-4.37592611679144e-05,-0.2546112911834943
1770686698.7024658,1.2053157842588422,0.0,0.020000000000000098,1.2344633696079255,0.0,0.09774335060536862,0.25,0.02102962369840826,-0.009246748529240546,-3.4267449467506e-24,1.4348589298801738e-05,-0.2546363593443164
1770686699.120937,1.2053157842588422,0.0,0.02000000000000008,1.2344633696079255,0.0,0.09774335060536862,0.25,0.02102962369840826,-0.009246748529240546,-2.6386757334052366e-24,-1.5280414145785397e-05,-0.25461869695789185
1770686699.551528,1.2053157842588422,0.0,0.020000000000000066,1.2344633696079255,0.0,0.09774335060536862,0.25,0.02102962369840826,-0.009246748529240546,-2.239709360444745e-24,8.988981926730762e-05,-0.25467883619759524
1770686699.9614947,1.2053157842588422,0.0,0.020000000000000056,1.2344633696079255,0.0,0.09774335060536862,0.25,0.02102962369840826,-0.009246748529240546,-1.7372402697252665e-24,-2.4599393438111872e-05,-0.25462252348917175
1770686700.384771,1.2053157842588422,0.0,0.020000000000000046,1.2344633696079255,0.0,0.09774335060536862,0.25,0.02102962369840826,-0.009246748529240546,-1.344838376207831e-24,-7.376336441094965e-06,-0.25462140840209946
1770686700.8042543,1.2053157842588422,0.0,0.02000000000000004,1.2344633696079255,0.0,0.09774335060536862,0.25,0.02102962369840826,-0.009246748529240546,-8.489348079749425e-25,-8.494119751280547e-05,-0.25458866015197107
1770686701.2227259,1.2053157842588422,0.0,0.02000000000000003,1.2344633696079255,0.0,0.09774335060536862,0.25,0.02102962369840826,-0.009246748529240546,-6.9919278672537115e-25,-0.0001420911591497507,-0.2545580436812091
1770686701.6343822,1.2053157842588422,0.0,0.020000000000000025,1.2344633696079255,0.0,0.09774335060536862,0.25,0.02102962369840826,-0.009246748529240546,-5.115033852887541e-25,-0.00023419132669369992,-0.25451548861802786
1770686702.0507398,1.2053157842588422,0.0,0.02000000000000002,1.2344633696079255,0.0,0.09774335060536862,0.25,0.02102962369840826,-0.009246748529240546,-4.336050887769981e-25,-0.00020819397023709015,-0.2545218770151474
1770686702.4748073,1.2053157842588422,0.0,0.020000000000000018,1.2344633696079255,0.0,0.09774335060536862,0.25,0.02102962369840826,-0.009246748529240546,-3.360847910269916e-25,-0.00025831785335690894,-0.2544992277262538
1770686702.893092,1.2053157842588422,0.0,0.020000000000000014,1.2344633696079255,0.0,0.09774335060536862,0.25,0.02102962369840826,-0.009246748529240546,-2.7462187786817567e-25,-0.0001953949613581185,-0.25453196907314113
1770686703.3090754,1.2053157842588422,0.0,0.02000000000000001,1.2344633696079255,0.0,0.09774335060536862,0.25,0.02102962369840826,-0.009246748529240546,-1.7325272604283783e-25,-3.685829669591077e-05,-0.2546207987827385
1770686703.7208922,1.2053157842588422,0.0,0.020000000000000007,1.2344633696079255,0.0,0.09774335060536862,0.25,0.02102962369840826,-0.009246748529240546,-1.429004113756468e-25,-3.3367692385605895e-05,-0.2546070394788585
1770686704.136101,1.2053157842588422,0.0,0.020000000000000007,1.2344633696079255,0.0,0.09774335060536862,0.25,0.02102962369840826,-0.009246748529240546,-1.0499430646388143e-25,-2.0431772287868392e-05,-0.2546144519704861
1770686704.5627325,1.2053157842588422,0.0,0.020000000000000007,1.2344633696079255,0.0,0.09774335060536862,0.25,0.02102962369840826,-0.009246748529240546,-8.922295387834588e-26,4.858408810227172e-05,-0.2546545678947104
1770686704.983226,1.2053157842588422,0.0,0.020000000000000007,1.2344633696079255,0.0,0.09774335060536862,0.25,0.02102962369840826,-0.009246748529240546,-6.917044692288134e-26,3.51769946633749e-05,-0.25464230347129585
1770686705.3938062,1.2053157842588422,0.0,0.020000000000000007,1.2344633696079255,0.0,0.09774335060536862,0.25,0.02102962369840826,-0.009246748529240546,-5.367972087787748e-26,4.069872635886619e-05,-0.25464427580096927
1770686705.8063035,1.2053157842588422,0.0,0.020000000000000007,1.2344633696079255,0.0,0.09774335060536862,0.25,0.02102962369840826,-0.009246748529240546,-3.5795847708177315e-26,-1.043662604007437e-05,-0.25462326948684016
1770686706.2238073,1.2053157842588422,0.0,0.020000000000000007,1.2344633696079255,0.0,0.09774335060536862,0.25,0.02102962369840826,-0.009246748529240546,-2.7717075989226404e-26,-0.0001285514715863449,-0.2545709100133817
1770686706.637971,1.2053157842588422,0.0,0.020000000000000007,1.2344633696079255,0.0,0.09774335060536862,0.25,0.02102962369840826,-0.009246748529240546,-2.1305348258450593e-26,-0.0001632709035996237,-0.25454521075602177
1770686707.0560567,1.2053157842588422,0.0,0.020000000000000007,1.2344633696079255,0.0,0.09774335060536862,0.25,0.02102962369840826,-0.009246748529240546,-1.66709962133555e-26,-0.0002046446073929147,-0.2545251893313032
1770686707.4718163,1.2053157842588422,0.0,0.020000000000000007,1.2344633696079255,0.0,0.09774335060536862,0.25,0.02102962369840826,-0.009246748529240546,-1.4207315594368106e-26,-0.00014675512823744116,-0.2545557856484171
1770686707.8879888,1.2053157842588422,0.0,0.020000000000000007,1.2344633696079255,0.0,0.09774335060536862,0.25,0.02102962369840826,-0.009246748529240546,-1.1044677248868615e-26,-1.865379758586479e-05,-0.25462685749889247
1770686708.297954,1.2053157842588422,0.0,0.020000000000000007,1.2344633696079255,0.0,0.09774335060536862,0.25,0.02102962369840826,-0.009246748529240546,-8.584022405366484e-27,-8.156988469366157e-05,-0.25458888093098425
1770686708.72283,1.2053157842588422,0.0,0.020000000000000007,1.2344633696079255,0.0,0.09774335060536862,0.25,0.02102962369840826,-0.009246748529240546,-5.7236765196375704e-27,-1.2136411898371055e-05,-0.25462424940595063
1770686709.1321628,1.2053157842588422,0.0,0.020000000000000007,1.2344633696079255,0.0,0.09774335060536862,0.25,0.02102962369840826,-0.009246748529240546,-4.303423342012311e-27,6.477994599863615e-05,-0.2546634558734093
1770686709.5470119,1.2053157842588422,0.0,0.020000000000000007,1.2344633696079255,0.0,0.09774335060536862,0.25,0.02102962369840826,-0.009246748529240546,-3.341087066063147e-27,0.00014505375202455924,-0.25470392852123513
1770686709.9768796,1.2053157842588422,0.0,0.020000000000000007,1.2344633696079255,0.0,0.09774335060536862,0.25,0.02102962369840826,-0.009246748529240546,-2.869619762217477e-27,6.678020719060761e-05,-0.254664591722699
1770686710.3962126,1.2053157842588422,0.0,0.020000000000000007,1.2344633696079255,0.0,0.09774335060536862,0.25,0.02102962369840826,-0.009246748529240546,-2.0211072057118206e-27,1.4564481587175827e-05,-0.2546358780779742
1770686710.82874,1.2053157842588422,0.0,0.020000000000000007,1.2344633696079255,0.0,0.09774335060536862,0.25,0.02102962369840826,-0.009246748529240546,-1.5091531419830463e-27,1.1494986113365276e-05,-0.2546294287072243
1770686711.255384,1.2053157842588422,0.0,0.020000000000000007,1.2344633696079255,0.0,0.09774335060536862,0.25,0.02102962369840826,-0.009246748529240546,-1.2839198518554362e-27,-0.0001066060476688111,-0.25458188134416404
1770686711.6717844,1.2053157842588422,0.0,0.020000000000000007,1.2344633696079255,0.0,0.09774335060536862,0.25,0.02102962369840826,-0.009246748529240546,-9.975469543515091e-28,-0.00021393725759582538,-0.25452713875681504
1770686712.0918255,1.2053157842588422,0.0,0.020000000000000007,1.2344633696079255,0.0,0.09774335060536862,0.25,0.02102962369840826,-0.009246748529240546,-7.784124512213503e-28,-0.0001796284387700241,-0.25453699092711785
1770686712.5378764,1.2053157842588422,0.0,0.020000000000000007,1.2344633696079255,0.0,0.09774335060536862,0.25,0.02102962369840826,-0.009246748529240546,-5.213567226671242e-28,-0.000259553974363341,-0.2545015898309979
1770686712.9611056,1.2053157842588422,0.0,0.020000000000000007,1.2344633696079255,0.0,0.09774335060536862,0.25,0.02102962369840826,-0.009246748529240546,-4.398386460927151e-28,-0.0003779447518942782,-0.2544462409664262
1770686713.380759,1.2053157842588422,0.0,0.020000000000000007,1.2344633696079255,0.0,0.09774335060536862,0.25,0.02102962369840826,-0.009246748529240546,-3.425527503045535e-28,-0.0002592260910089767,-0.2545056330852043
1770686713.7960823,1.2053157842588422,0.0,0.020000000000000007,1.2344633696079255,0.0,0.09774335060536862,0.25,0.02102962369840826,-0.009246748529240546,-2.6516546192575627e-28,-0.00014382978664865406,-0.254562999001732
1770686714.2232802,1.2053157842588422,0.0,0.020000000000000007,1.2344633696079255,0.0,0.09774335060536862,0.25,0.02102962369840826,-0.009246748529240546,-1.775527866551969e-28,-6.167980295984896e-05,-0.2546007493615092
1770686714.652579,1.2053157842588422,0.0,0.020000000000000007,1.2344633696079255,0.0,0.09774335060536862,0.25,0.02102962369840826,-0.009246748529240546,-1.4252574563481812e-28,6.8594369617744995e-06,-0.25463365790709336
1770686715.073805,1.2053157842588422,0.0,0.020000000000000007,1.2344633696079255,0.0,0.09774335060536862,0.25,0.02102962369840826,-0.009246748529240546,-1.1684715149231944e-28,-4.053707062899011e-06,-0.2546224387254913
1770686715.4906511,1.2053157842588422,0.0,0.020000000000000007,1.2344633696079255,0.0,0.09774335060536862,0.25,0.02102962369840826,-0.009246748529240546,-9.064052574032946e-29,0.00014211509412188986,-0.2547090486917997
1770686715.9041061,1.2053157842588422,0.0,0.020000000000000007,1.2344633696079255,0.0,0.09774335060536862,0.25,0.02102962369840826,-0.009246748529240546,-6.044787576673703e-29,6.289457273987518e-05,-0.2546627436031284
1770686716.320671,1.2053157842588422,0.0,0.020000000000000007,1.2344633696079255,0.0,0.09774335060536862,0.25,0.02102962369840826,-0.009246748529240546,-4.70193597258638e-29,1.742675494440841e-05,-0.254636634423872
1770686716.7387402,1.2053157842588422,0.0,0.020000000000000007,1.2344633696079255,0.0,0.09774335060536862,0.25,0.02102962369840826,-0.009246748529240546,-3.646633115222489e-29,1.624153156412377e-05,-0.2546316135527404
1770686717.1644695,1.2053157842588422,0.0,0.020000000000000007,1.2344633696079255,0.0,0.09774335060536862,0.25,0.02102962369840826,-0.009246748529240546,-2.931331035394616e-29,-0.00010634430621970549,-0.25458246069528884
1770686717.5757904,1.2053157842588422,0.0,0.020000000000000007,1.2344633696079255,0.0,0.09774335060536862,0.25,0.02102962369840826,-0.009246748529240546,-2.3937002597670239e-29,-0.00016682182274369882,-0.2545460111049008
1770686718.0022888,1.2053157842588422,0.0,0.020000000000000007,1.2344633696079255,0.0,0.09774335060536862,0.25,0.02102962369840826,-0.009246748529240546,-1.8654081209039735e-29,-0.00022232573431234644,-0.25451776178862096
1770686718.4270587,1.2053157842588422,0.0,0.020000000000000007,1.2344633696079255,0.0,0.09774335060536862,0.25,0.02102962369840826,-0.009246748529240546,-1.2469281893508674e-29,-0.00033509011813541743,-0.2544671056439348
1770686718.8505394,1.2053157842588422,0.0,0.020000000000000007,1.2344633696079255,0.0,0.09774335060536862,0.25,0.02102962369840826,-0.009246748529240546,-9.656201858346019e-30,-0.0004249403808634114,-0.25441988910046137
1770686719.2607217,1.2053157842588422,0.0,0.020000000000000007,1.2344633696079255,0.0,0.09774335060536862,0.25,0.02102962369840826,-0.009246748529240546,-8.186680683437061e-30,-0.0003200980403923003,-0.2544738094784712
1770686719.6869102,1.2053157842588422,0.0,0.020000000000000007,1.2344633696079255,0.0,0.09774335060536862,0.25,0.02102962369840826,-0.009246748529240546,-6.364695358866506e-30,-0.0003002959342968366,-0.2544752065080814
1770686720.107486,1.2053157842588422,0.0,0.020000000000000007,1.2344633696079255,0.0,0.09774335060536862,0.25,0.02102962369840826,-0.009246748529240546,-4.249690614591066e-30,-0.0001335658486050906,-0.2545732643488869
1770686720.5178356,1.2053157842588422,0.0,0.020000000000000007,1.2344633696079255,0.0,0.09774335060536862,0.25,0.02102962369840826,-0.009246748529240546,-3.292131676576891e-30,-0.00022092542985413142,-0.2545216475078181
1770686720.938094,1.2053157842588422,0.0,0.020000000000000007,1.2344633696079255,0.0,0.09774335060536862,0.25,0.02102962369840826,-0.009246748529240546,-2.559274864034059e-30,-0.00019285828040629916,-0.25452975183936194
1770686721.358625,1.2053157842588422,0.0,0.020000000000000007,1.2344633696079255,0.0,0.09774335060536862,0.25,0.02102962369840826,-0.009246748529240546,-2.054599979301265e-30,-0.0001151439583992478,-0.25457357371762135
1770686721.8121355,1.2053157842588422,0.0,0.020000000000000007,1.2344633696079255,0.0,0.09774335060536862,0.25,0.02102962369840826,-0.009246748529240546,-1.595146576035455e-30,-0.00015498243834757375,-0.25454986689344133
1770686722.2397316,1.2053157842588422,0.0,0.020000000000000007,1.2344633696079255,0.0,0.09774335060536862,0.25,0.02102962369840826,-0.009246748529240546,-1.1246024667424505e-30,-0.00019129668133941694,-0.2545313573482498
1770686722.6554055,1.2053157842588422,0.0,0.020000000000000007,1.2344633696079255,0.0,0.09774335060536862,0.25,0.02102962369840826,-0.009246748529240546,-9.547159213506088e-31,-0.00025061579389423907,-0.2545039982789286
1770686723.078781,1.2053157842588422,0.0,0.020000000000000007,1.2344633696079255,0.0,0.09774335060536862,0.25,0.02102962369840826,-0.009246748529240546,-7.399602221967662e-31,-0.00021470396613273594,-0.25451961346433005
1770686723.502403,1.2053157842588422,0.0,0.020000000000000007,1.2344633696079255,0.0,0.09774335060536862,0.25,0.02102962369840826,-0.009246748529240546,-4.9506848833977385e-31,-0.0002767638646829561,-0.2544911983221338
1770686723.91637,1.2053157842588422,0.0,0.020000000000000007,1.2344633696079255,0.0,0.09774335060536862,0.25,0.02102962369840826,-0.009246748529240546,-3.851463449595112e-31,-0.0002058641017659947,-0.25452753219002894
1770686724.3447995,1.2053157842588422,0.0,0.020000000000000007,1.2344633696079255,0.0,0.09774335060536862,0.25,0.02102962369840826,-0.009246748529240546,-2.992642745854288e-31,-0.00018240209728386618,-0.2545345194164265
1770686724.7682712,1.2053157842588422,0.0,0.020000000000000007,1.2344633696079255,0.0,0.09774335060536862,0.25,0.02102962369840826,-0.009246748529240546,-2.5328249426679694e-31,-0.00014052851593723153,-0.25455729736478633
1770686725.184715,1.2053157842588422,0.0,0.020000000000000007,1.2344633696079255,0.0,0.09774335060536862,0.25,0.02102962369840826,-0.009246748529240546,-1.968600846748e-31,-0.00010148428212504616,-0.25457653654693896
1770686725.6001422,1.2053157842588422,0.0,0.020000000000000007,1.2344633696079255,0.0,0.09774335060536862,0.25,0.02102962369840826,-0.009246748529240546,-1.5245353097058259e-31,-0.00012976718481535037,-0.25456131896248163
1770686726.0180373,1.2053157842588422,0.0,0.020000000000000007,1.2344633696079255,0.0,0.09774335060536862,0.25,0.02102962369840826,-0.009246748529240546,-9.652205123344783e-32,-1.4237421586733017e-05,-0.25462780853014977
1770686726.4337614,1.2053157842588422,0.0,0.020000000000000007,1.2344633696079255,0.0,0.09774335060536862,0.25,0.02102962369840826,-0.009246748529240546,-7.835821601176045e-32,-2.7395086325685354e-05,-0.25461099248793134
1770686726.8439572,1.2053157842588422,0.0,0.020000000000000007,1.2344633696079255,0.0,0.09774335060536862,0.25,0.02102962369840826,-0.009246748529240546,-6.168340202970674e-32,-9.350927680481113e-05,-0.25458323104526576
1770686727.25513,1.2053157842588422,0.0,0.020000000000000007,1.2344633696079255,0.0,0.09774335060536862,0.25,0.02102962369840826,-0.009246748529240546,-5.222248324154905e-32,-0.00012769986295378037,-0.2545629433917583
1770686727.6782248,1.2053157842588422,0.0,0.020000000000000007,1.2344633696079255,0.0,0.09774335060536862,0.25,0.02102962369840826,-0.009246748529240546,-4.055950564082657e-32,-0.00022192843783731543,-0.25452183290318997
1770686728.1011035,1.2053157842588422,0.0,0.020000000000000007,1.2344633696079255,0.0,0.09774335060536862,0.25,0.02102962369840826,-0.009246748529240546,-2.54606288222988e-32,-0.00027628078420317213,-0.2544906691071553
1770686728.5157743,1.2053157842588422,0.0,0.020000000000000007,1.2344633696079255,0.0,0.09774335060536862,0.25,0.02102962369840826,-0.009246748529240546,-2.1138690168239332e-32,-0.00028222168337754746,-0.25448285751284894
1770686728.9302673,1.2053157842588422,0.0,0.020000000000000007,1.2344633696079255,0.0,0.09774335060536862,0.25,0.02102962369840826,-0.009246748529240546,-1.6406852073221984e-32,-0.00030037412022169784,-0.2544750024481938
1770686729.37006,1.2053157842588422,0.0,0.020000000000000007,1.2344633696079255,0.0,0.09774335060536862,0.25,0.02102962369840826,-0.009246748529240546,-1.3893299675681936e-32,-0.00029988456798552975,-0.2544734809358511
1770686729.785611,1.2053157842588422,0.0,0.020000000000000007,1.2344633696079255,0.0,0.09774335060536862,0.25,0.02102962369840826,-0.009246748529240546,-1.0794569702625838e-32,-8.782958422166669e-05,-0.2546006649708858
1770686730.2042086,1.2053157842588422,0.0,0.020000000000000007,1.2344633696079255,0.0,0.09774335060536862,0.25,0.02102962369840826,-0.009246748529240546,-7.186966007244461e-33,5.320081420475182e-05,-0.25466407771156524
1770686730.6308465,1.2053157842588422,0.0,0.020000000000000007,1.2344633696079255,0.0,0.09774335060536862,0.25,0.02102962369840826,-0.009246748529240546,-5.5990868881039124e-33,0.00010025149545404177,-0.25467820508047223
1770686731.045718,1.2053157842588422,0.0,0.020000000000000007,1.2344633696079255,0.0,0.09774335060536862,0.25,0.02102962369840826,-0.009246748529240546,-4.3645502985155347e-33,5.342998935026345e-05,-0.2546547714099058
1770686731.4643178,1.2053157842588422,0.0,0.020000000000000007,1.2344633696079255,0.0,0.09774335060536862,0.25,0.02102962369840826,-0.009246748529240546,-3.682634585168599e-33,7.711680843478544e-05,-0.25466430135074614
1770686731.8932016,1.2053157842588422,0.0,0.020000000000000007,1.2344633696079255,0.0,0.09774335060536862,0.25,0.02102962369840826,-0.009246748529240546,-2.8673620791658953e-33,4.221239189821909e-05,-0.254647970902223
1770686732.3129246,1.2053157842588422,0.0,0.020000000000000007,1.2344633696079255,0.0,0.09774335060536862,0.25,0.02102962369840826,-0.009246748529240546,-1.775424349718838e-33,-3.199952506879478e-05,-0.2546147956937826
1770686732.7388003,1.2053157842588422,0.0,0.020000000000000007,1.2344633696079255,0.0,0.09774335060536862,0.25,0.02102962369840826,-0.009246748529240546,-1.4899916443058058e-33,-7.742051168896887e-05,-0.2545892061074378
1770686733.1664026,1.2053157842588422,0.0,0.020000000000000007,1.2344633696079255,0.0,0.09774335060536862,0.25,0.02102962369840826,-0.009246748529240546,-1.1936397575733775e-33,-0.0001717484292067065,-0.25454693284176866
1770686733.5870352,1.2053157842588422,0.0,0.020000000000000007,1.2344633696079255,0.0,0.09774335060536862,0.25,0.02102962369840826,-0.009246748529240546,-9.071054124392597e-34,-0.00020614850306802378,-0.2545237400204724
1770686734.0079143,1.2053157842588422,0.0,0.020000000000000007,1.2344633696079255,0.0,0.09774335060536862,0.25,0.02102962369840826,-0.009246748529240546,-6.548100990751572e-34,-0.00024676650845376356,-0.25450405281093197
1770686734.42839,1.2053157842588422,0.0,0.020000000000000007,1.2344633696079255,0.0,0.09774335060536862,0.25,0.02102962369840826,-0.009246748529240546,-5.0619139524200455e-34,-7.55741619928847e-05,-0.25460270641826993
1770686734.8588247,1.2053157842588422,0.0,0.020000000000000007,1.2344633696079255,0.0,0.09774335060536862,0.25,0.02102962369840826,-0.009246748529240546,-4.291546522454749e-34,-2.263182189887452e-05,-0.25461735258768026
1770686735.2737114,1.2053157842588422,0.0,0.020000000000000007,1.2344633696079255,0.0,0.09774335060536862,0.25,0.02102962369840826,-0.009246748529240546,-3.1605019679830113e-34,3.93246069655484e-05,-0.2546492322109895
1770686735.689134,1.2053157842588422,0.0,0.020000000000000007,1.2344633696079255,0.0,0.09774335060536862,0.25,0.02102962369840826,-0.009246748529240546,-2.5832195559993406e-34,0.00015801892768088857,-0.25471425316053226
1770686736.1290407,1.2053157842588422,0.0,0.020000000000000007,1.2344633696079255,0.0,0.09774335060536862,0.25,0.02102962369840826,-0.009246748529240546,-1.6287488307064577e-34,0.00018148627839786326,-0.25471646413889093
1770686736.5660977,1.2053157842588422,0.0,0.020000000000000007,1.2344633696079255,0.0,0.09774335060536862,0.25,0.02102962369840826,-0.009246748529240546,-1.3854807873730368e-34,0.00018046000702265223,-0.2547137068952691
1770686736.983463,1.2053157842588422,0.0,0.020000000000000007,1.2344633696079255,0.0,0.09774335060536862,0.25,0.02102962369840826,-0.009246748529240546,-1.0768598827598956e-34,4.5404662548734044e-05,-0.25465958213034207
1770686737.4104688,1.2053157842588422,0.0,0.020000000000000007,1.2344633696079255,0.0,0.09774335060536862,0.25,0.02102962369840826,-0.009246748529240546,-7.594716421909086e-35,2.5384678232134564e-05,-0.254638068602168
1770686737.830836,1.2053157842588422,0.0,0.020000000000000007,1.2344633696079255,0.0,0.09774335060536862,0.25,0.02102962369840826,-0.009246748529240546,-5.874703568203271e-35,-6.649888633549266e-05,-0.2545993131779093
1770686738.2505279,1.2053157842588422,0.0,0.020000000000000007,1.2344633696079255,0.0,0.09774335060536862,0.25,0.02102962369840826,-0.009246748529240546,-4.593114727834178e-35,-0.00012767280361056634,-0.2545656552545425
1770686738.6830077,1.2053157842588422,0.0,0.020000000000000007,1.2344633696079255,0.0,0.09774335060536862,0.25,0.02102962369840826,-0.009246748529240546,-3.883103441281796e-35,-0.00029671920095256945,-0.25449191930387816
1770686739.1148806,1.2053157842588422,0.0,0.020000000000000007,1.2344633696079255,0.0,0.09774335060536862,0.25,0.02102962369840826,-0.009246748529240546,-2.454275926704614e-35,-0.0002615934820839748,-0.25449609009546514
1770686739.5285857,1.2053157842588422,0.0,0.020000000000000007,1.2344633696079255,0.0,0.09774335060536862,0.25,0.02102962369840826,-0.009246748529240546,-1.888413659775062e-35,-0.00027372607606299674,-0.25448772448598667
1770686739.9409223,1.2053157842588422,0.0,0.020000000000000007,1.2344633696079255,0.0,0.09774335060536862,0.25,0.02102962369840826,-0.009246748529240546,-1.4797126294850472e-35,-0.00034480624114562486,-0.25445807916055574
1770686740.353054,1.2053157842588422,0.0,0.020000000000000007,1.2344633696079255,0.0,0.09774335060536862,0.25,0.02102962369840826,-0.009246748529240546,-1.3248070230441258e-35,-0.0002677207297611677,-0.25449722245087814
1770686740.7797725,1.2053157842588422,0.0,0.020000000000000007,1.2344633696079255,0.0,0.09774335060536862,0.25,0.02102962369840826,-0.009246748529240546,-1.0315528461756983e-35,-0.0002591580334340067,-0.254494651517536
1770686741.2000954,1.2053157842588422,0.0,0.020000000000000007,1.2344633696079255,0.0,0.09774335060536862,0.25,0.02102962369840826,-0.009246748529240546,-6.914720304101263e-36,-0.0001799769803219511,-0.2545413038797705
1770686741.6185908,1.2053157842588422,0.0,0.020000000000000007,1.2344633696079255,0.0,0.09774335060536862,0.25,0.02102962369840826,-0.009246748529240546,-5.41282802248283e-36,-0.00014294940420191376,-0.25455560232013136
1770686742.0312166,1.2053157842588422,0.0,0.020000000000000007,1.2344633696079255,0.0,0.09774335060536862,0.25,0.02102962369840826,-0.009246748529240546,-3.962339327445096e-36,-4.368660490150015e-05,-0.25461145724209955
1770686742.4501271,1.2053157842588422,0.0,0.020000000000000007,1.2344633696079255,0.0,0.09774335060536862,0.25,0.02102962369840826,-0.009246748529240546,-3.1017792009834346e-36,-0.00010428021177117137,-0.25457729351942165
1770686742.8750715,1.2053157842588422,0.0,0.020000000000000007,1.2344633696079255,0.0,0.09774335060536862,0.25,0.02102962369840826,-0.009246748529240546,-2.5704156787893964e-36,-9.031115132692095e-05,-0.25457961559500125
1770686743.290087,1.2053157842588422,0.0,0.020000000000000007,1.2344633696079255,0.0,0.09774335060536862,0.25,0.02102962369840826,-0.009246748529240546,-1.8216052692393797e-36,-5.6675947770782505e-05,-0.2545983998110905
1770686743.6985388,1.2053157842588422,0.0,0.020000000000000007,1.2344633696079255,0.0,0.09774335060536862,0.25,0.02102962369840826,-0.009246748529240546,-1.578322978795731e-36,-5.3325190465971386e-05,-0.2545970467451178
1770686744.1168697,1.2053157842588422,0.0,0.020000000000000007,1.2344633696079255,0.0,0.09774335060536862,0.25,0.02102962369840826,-0.009246748529240546,-1.0554481357883677e-36,-7.041121719845615e-05,-0.25458987725869425
1770686744.5298097,1.2053157842588422,0.0,0.020000000000000007,1.2344633696079255,0.0,0.09774335060536862,0.25,0.02102962369840826,-0.009246748529240546,-8.194649712499066e-37,-9.345722014553201e-05,-0.25457895025484223
1770686744.9421215,1.2053157842588422,0.0,0.020000000000000007,1.2344633696079255,0.0,0.09774335060536862,0.25,0.02102962369840826,-0.009246748529240546,-6.0923891244224884e-37,-5.696363654443524e-06,-0.25462930216844215
1770686745.3705099,1.2053157842588422,0.0,0.020000000000000007,1.2344633696079255,0.0,0.09774335060536862,0.25,0.02102962369840826,-0.009246748529240546,-5.314974205933322e-37,-1.0213143714246912e-05,-0.25461871937076913
1770686745.7929227,1.2053157842588422,0.0,0.020000000000000007,1.2344633696079255,0.0,0.09774335060536862,0.25,0.02102962369840826,-0.009246748529240546,-4.180902029573547e-37,9.684005148261441e-05,-0.25468249960988126
1770686746.206698,1.2053157842588422,0.0,0.020000000000000007,1.2344633696079255,0.0,0.09774335060536862,0.25,0.02102962369840826,-0.009246748529240546,-2.792314210478319e-37,0.00013408795525199889,-0.25469414303262317
1770686746.6295178,1.2053157842588422,0.0,0.020000000000000007,1.2344633696079255,0.0,0.09774335060536862,0.25,0.02102962369840826,-0.009246748529240546,-2.163900012115767e-37,8.750055120389202e-05,-0.254671783280627
1770686747.0444849,1.2053157842588422,0.0,0.020000000000000007,1.2344633696079255,0.0,0.09774335060536862,0.25,0.02102962369840826,-0.009246748529240546,-1.674661591072754e-37,0.00015033942479603782,-0.25470482786437754
1770686747.468062,1.2053157842588422,0.0,0.020000000000000007,1.2344633696079255,0.0,0.09774335060536862,0.25,0.02102962369840826,-0.009246748529240546,-1.4250488231348848e-37,0.00018296358659552846,-0.254718118474098
1770686747.883504,1.2053157842588422,0.0,0.020000000000000007,1.2344633696079255,0.0,0.09774335060536862,0.25,0.02102962369840826,-0.009246748529240546,-1.1049452722507325e-37,0.00013591065967715523,-0.2546960348871507
1770686748.3084164,1.2053157842588422,0.0,0.020000000000000007,1.2344633696079255,0.0,0.09774335060536862,0.25,0.02102962369840826,-0.009246748529240546,-7.351964445478719e-38,5.093939634018756e-07,-0.25463716908817335
1770686748.7399247,1.2053157842588422,0.0,0.020000000000000007,1.2344633696079255,0.0,0.09774335060536862,0.25,0.02102962369840826,-0.009246748529240546,-5.720528824130328e-38,-0.00012463831199584154,-0.2545735698792183
1770686749.155071,1.2053157842588422,0.0,0.020000000000000007,1.2344633696079255,0.0,0.09774335060536862,0.25,0.02102962369840826,-0.009246748529240546,-4.844886991241062e-38,-0.0002442319297121945,-0.2545132176615358
1770686749.5821865,1.2053157842588422,0.0,0.020000000000000007,1.2344633696079255,0.0,0.09774335060536862,0.25,0.02102962369840826,-0.009246748529240546,-3.723731919089906e-38,-0.0002064833187867798,-0.2545239074663194
1770686750.0074594,1.2053157842588422,0.0,0.020000000000000007,1.2344633696079255,0.0,0.09774335060536862,0.25,0.02102962369840826,-0.009246748529240546,-2.441952717656529e-38,-0.00032428618898869933,-0.2544730114571461
1770686750.431451,1.2053157842588422,0.0,0.020000000000000007,1.2344633696079255,0.0,0.09774335060536862,0.25,0.02102962369840826,-0.009246748529240546,-1.9499862859310945e-38,-0.0003021951957621587,-0.25447448576606185
1770686750.8440087,1.2053157842588422,0.0,0.020000000000000007,1.2344633696079255,0.0,0.09774335060536862,0.25,0.02102962369840826,-0.009246748529240546,-1.503099701051227e-38,-0.0002864559404022793,-0.25448172021995513
1770686751.2880442,1.2053157842588422,0.0,0.020000000000000007,1.2344633696079255,0.0,0.09774335060536862,0.25,0.02102962369840826,-0.009246748529240546,-1.2146946941563016e-38,-0.0002170819947193594,-0.2545217706618289
1770686751.7161572,1.2053157842588422,0.0,0.020000000000000007,1.2344633696079255,0.0,0.09774335060536862,0.25,0.02102962369840826,-0.009246748529240546,-8.495094828373273e-39,-3.1358786246678705e-05,-0.2546262671923442
1770686752.1282632,1.2053157842588422,0.0,0.020000000000000007,1.2344633696079255,0.0,0.09774335060536862,0.25,0.02102962369840826,-0.009246748529240546,-6.573174197633324e-39,-3.994594352310241e-05,-0.2546042600085864
1770686752.5602617,1.2053157842588422,0.0,0.020000000000000007,1.2344633696079255,0.0,0.09774335060536862,0.25,0.02102962369840826,-0.009246748529240546,-5.150802386476375e-39,-1.2149929829660186e-05,-0.2546200789010748
1770686752.985248,1.2053157842588422,0.0,0.020000000000000007,1.2344633696079255,0.0,0.09774335060536862,0.25,0.02102962369840826,-0.009246748529240546,-4.362166919955447e-39,-7.958169934665324e-05,-0.2545903265918987
1770686753.4019349,1.2053157842588422,0.0,0.020000000000000007,1.2344633696079255,0.0,0.09774335060536862,0.25,0.02102962369840826,-0.009246748529240546,-2.842394975568616e-39,-0.00015997523149536297,-0.25455142600208747
1770686753.8114972,1.2053157842588422,0.0,0.020000000000000007,1.2344633696079255,0.0,0.09774335060536862,0.25,0.02102962369840826,-0.009246748529240546,-2.2568375344820583e-39,-0.00011066411704022638,-0.2545729733175457
1770686754.2196362,1.2053157842588422,0.0,0.020000000000000007,1.2344633696079255,0.0,0.09774335060536862,0.25,0.02102962369840826,-0.009246748529240546,-1.750226285627112e-39,-0.00021903014841946207,-0.25452469579354847
1770686754.640241,1.2053157842588422,0.0,0.020000000000000007,1.2344633696079255,0.0,0.09774335060536862,0.25,0.02102962369840826,-0.009246748529240546,-1.359400403565003e-39,-0.00019536983865399424,-0.2545280553762698
1770686755.0559597,1.2053157842588422,0.0,0.020000000000000007,1.2344633696079255,0.0,0.09774335060536862,0.25,0.02102962369840826,-0.009246748529240546,-1.151732951056227e-39,-0.0002018470158666545,-0.25452309847440824
1770686755.4683657,1.2053157842588422,0.0,0.020000000000000007,1.2344633696079255,0.0,0.09774335060536862,0.25,0.02102962369840826,-0.009246748529240546,-8.944381011495751e-40,-0.0001877484488804311,-0.25453090989687865
1770686755.8841674,1.2053157842588422,0.0,0.020000000000000007,1.2344633696079255,0.0,0.09774335060536862,0.25,0.02102962369840826,-0.009246748529240546,-6.201373867370573e-40,-0.00024353915614155284,-0.2545071837572756
1770686756.2971094,1.2053157842588422,0.0,0.020000000000000007,1.2344633696079255,0.0,0.09774335060536862,0.25,0.02102962369840826,-0.009246748529240546,-4.813609757895878e-40,-9.310291390660524e-05,-0.25459186643189047
1770686756.7091956,1.2053157842588422,0.0,0.020000000000000007,1.2344633696079255,0.0,0.09774335060536862,0.25,0.02102962369840826,-0.009246748529240546,-3.5937952994859574e-40,-0.00010766927698681208,-0.2545709962624349
1770686757.129099,1.2053157842588422,0.0,0.020000000000000007,1.2344633696079255,0.0,0.09774335060536862,0.25,0.02102962369840826,-0.009246748529240546,-2.8031325661856478e-40,-0.0001123499104098121,-0.25456766737275766
1770686757.5425081,1.2053157842588422,0.0,0.020000000000000007,1.2344633696079255,0.0,0.09774335060536862,0.25,0.02102962369840826,-0.009246748529240546,-2.1749488741163733e-40,-2.6188559021715173e-05,-0.25461889612024824
1770686757.9621468,1.2053157842588422,0.0,0.020000000000000007,1.2344633696079255,0.0,0.09774335060536862,0.25,0.02102962369840826,-0.009246748529240546,-1.8514283565078104e-40,1.9877267459488286e-05,-0.2546379194809981
1770686758.3836713,1.2053157842588422,0.0,0.020000000000000007,1.2344633696079255,0.0,0.09774335060536862,0.25,0.02102962369840826,-0.009246748529240546,-1.4391033737642549e-40,-4.7784801863697575e-05,-0.2546062480706207
1770686758.7975302,1.2053157842588422,0.0,0.020000000000000007,1.2344633696079255,0.0,0.09774335060536862,0.25,0.02102962369840826,-0.009246748529240546,-1.1147724082436892e-40,-9.922293745754255e-05,-0.2545789066094509
1770686759.215855,1.2053157842588422,0.0,0.020000000000000007,1.2344633696079255,0.0,0.09774335060536862,0.25,0.02102962369840826,-0.009246748529240546,-7.09549336509993e-41,-0.00013934438005814694,-0.25455771421885126
1770686759.6282444,1.2053157842588422,0.0,0.020000000000000007,1.2344633696079255,0.0,0.09774335060536862,0.25,0.02102962369840826,-0.009246748529240546,-5.814914494887512e-41,-0.00022412239108249887,-0.25451979087018145
1770686760.0515602,1.2053157842588422,0.0,0.020000000000000007,1.2344633696079255,0.0,0.09774335060536862,0.25,0.02102962369840826,-0.009246748529240546,-4.942326972214168e-41,-0.00021622950509898832,-0.25451604880066914
1770686760.46887,1.2053157842588422,0.0,0.020000000000000007,1.2344633696079255,0.0,0.09774335060536862,0.25,0.02102962369840826,-0.009246748529240546,-3.4458103368354804e-41,-0.000306357239300671,-0.2544792084183901
1770686760.8828726,1.2053157842588422,0.0,0.020000000000000007,1.2344633696079255,0.0,0.09774335060536862,0.25,0.02102962369840826,-0.009246748529240546,-2.98733747559375e-41,-0.00025618301096792345,-0.25450030018196956
1770686761.297984,1.2053157842588422,0.0,0.020000000000000007,1.2344633696079255,0.0,0.09774335060536862,0.25,0.02102962369840826,-0.009246748529240546,-2.319207809684418e-41,-0.00024844699244506383,-0.25449992437025004
1770686761.7316027,1.2053157842588422,0.0,0.020000000000000007,1.2344633696079255,0.0,0.09774335060536862,0.25,0.02102962369840826,-0.009246748529240546,-1.5482741893762421e-41,-0.00011005346773730134,-0.2545821868832224
1770686762.1474404,1.2053157842588422,0.0,0.020000000000000007,1.2344633696079255,0.0,0.09774335060536862,0.25,0.02102962369840826,-0.009246748529240546,-1.2020944805715656e-41,-3.482185954285142e-05,-0.2546134864956683
1770686762.5618951,1.2053157842588422,0.0,0.020000000000000007,1.2344633696079255,0.0,0.09774335060536862,0.25,0.02102962369840826,-0.009246748529240546,-1.0186472642721057e-41,1.4358451524629637e-05,-0.25463547152148935
1770686762.9729884,1.2053157842588422,0.0,0.020000000000000007,1.2344633696079255,0.0,0.09774335060536862,0.25,0.02102962369840826,-0.009246748529240546,-7.90487978445169e-42,2.4922940937633075e-06,-0.2546258070274103
1770686763.3906596,1.2053157842588422,0.0,0.020000000000000007,1.2344633696079255,0.0,0.09774335060536862,0.25,0.02102962369840826,-0.009246748529240546,-6.127081066623378e-42,3.2451299382806975e-05,-0.25464259581484056
1770686763.8154988,1.2053157842588422,0.0,0.020000000000000007,1.2344633696079255,0.0,0.09774335060536862,0.25,0.02102962369840826,-0.009246748529240546,-4.098301339973844e-42,2.6476722104193845e-06,-0.2546276784634427
1770686764.2374485,1.2053157842588422,0.0,0.020000000000000007,1.2344633696079255,0.0,0.09774335060536862,0.25,0.02102962369840826,-0.009246748529240546,-2.9880046228264994e-42,-8.740501477409966e-05,-0.2545886770259317
1770686764.6600952,1.2053157842588422,0.0,0.020000000000000007,1.2344633696079255,0.0,0.09774335060536862,0.25,0.02102962369840826,-0.009246748529240546,-2.6888373028929566e-42,-9.695022301702806e-05,-0.25457585367393604
1770686765.0786233,1.2053157842588422,0.0,0.020000000000000007,1.2344633696079255,0.0,0.09774335060536862,0.25,0.02102962369840826,-0.009246748529240546,-2.0894134386310812e-42,-0.0002328783125733242,-0.25452052791728924
1770686765.5036597,1.2053157842588422,0.0,0.020000000000000007,1.2344633696079255,0.0,0.09774335060536862,0.25,0.02102962369840826,-0.009246748529240546,-1.623720816219117e-42,-0.0002097686227202563,-0.25452080092224544
1770686765.9202476,1.2053157842588422,0.0,0.020000000000000007,1.2344633696079255,0.0,0.09774335060536862,0.25,0.02102962369840826,-0.009246748529240546,-1.0868387415484112e-42,-0.00033856733912982975,-0.2544669704666963
1770686766.3351605,1.2053157842588422,0.0,0.020000000000000007,1.2344633696079255,0.0,0.09774335060536862,0.25,0.02102962369840826,-0.009246748529240546,-8.37027606746503e-43,-0.00019631172607116506,-0.2545394439628906
1770686766.7511632,1.2053157842588422,0.0,0.020000000000000007,1.2344633696079255,0.0,0.09774335060536862,0.25,0.02102962369840826,-0.009246748529240546,-6.545211848546781e-43,-0.0002267522053644185,-0.2545130422098674
1770686767.1784427,1.2053157842588422,0.0,0.020000000000000007,1.2344633696079255,0.0,0.09774335060536862,0.25,0.02102962369840826,-0.009246748529240546,-5.537075500735982e-43,-0.00020046707389137548,-0.2545257692408219
1770686767.6074717,1.2053157842588422,0.0,0.020000000000000007,1.2344633696079255,0.0,0.09774335060536862,0.25,0.02102962369840826,-0.009246748529240546,-3.7096352116243175e-43,-0.00010060702701256756,-0.2545830567558019
1770686768.0402598,1.2053157842588422,0.0,0.020000000000000007,1.2344633696079255,0.0,0.09774335060536862,0.25,0.02102962369840826,-0.009246748529240546,-2.8753952548490538e-43,-0.00010799416135014774,-0.25457011589737893
1770686768.4594443,1.2053157842588422,0.0,0.020000000000000007,1.2344633696079255,0.0,0.09774335060536862,0.25,0.02102962369840826,-0.009246748529240546,-2.3109879919810927e-43,-5.052624003067057e-05,-0.2546038579367369
1770686768.8967228,1.2053157842588422,0.0,0.020000000000000007,1.2344633696079255,0.0,0.09774335060536862,0.25,0.02102962369840826,-0.009246748529240546,-1.8915788030315507e-43,-0.00011818486504839234,-0.2545710476945978
1770686769.312036,1.2053157842588422,0.0,0.020000000000000007,1.2344633696079255,0.0,0.09774335060536862,0.25,0.02102962369840826,-0.009246748529240546,-1.259366085322374e-43,-0.0001882589497783885,-0.2545362521982041
1770686769.726834,1.2053157842588422,0.0,0.020000000000000007,1.2344633696079255,0.0,0.09774335060536862,0.25,0.02102962369840826,-0.009246748529240546,-9.740747434604189e-44,-0.000220343804357847,-0.2545164108478993
1770686770.138748,1.2053157842588422,0.0,0.020000000000000007,1.2344633696079255,0.0,0.09774335060536862,0.25,0.02102962369840826,-0.009246748529240546,-7.476341119845135e-44,-0.0002834900799123906,-0.2544879438522195
1770686770.558738,1.2053157842588422,0.0,0.020000000000000007,1.2344633696079255,0.0,0.09774335060536862,0.25,0.02102962369840826,-0.009246748529240546,-6.429450834877991e-44,-0.0002757949975271612,-0.2544862462740952
1770686770.9764736,1.2053157842588422,0.0,0.020000000000000007,1.2344633696079255,0.0,0.09774335060536862,0.25,0.02102962369840826,-0.009246748529240546,-5.002177603013546e-44,-0.00027983613233256564,-0.25448386031193454
1770686771.389573,1.2053157842588422,0.0,0.020000000000000007,1.2344633696079255,0.0,0.09774335060536862,0.25,0.02102962369840826,-0.009246748529240546,-3.8811544575801547e-44,-0.00035239778028076086,-0.2544544315392747
1770686771.808125,1.2053157842588422,0.0,0.020000000000000007,1.2344633696079255,0.0,0.09774335060536862,0.25,0.02102962369840826,-0.009246748529240546,-2.5992549403745773e-44,-0.0003487585587570358,-0.2544493589073941
1770686772.2417784,1.2053157842588422,0.0,0.020000000000000007,1.2344633696079255,0.0,0.09774335060536862,0.25,0.02102962369840826,-0.009246748529240546,-1.900458816873089e-44,-0.00020044308307023558,-0.2545379842706539
1770686772.6549625,1.2053157842588422,0.0,0.020000000000000007,1.2344633696079255,0.0,0.09774335060536862,0.25,0.02102962369840826,-0.009246748529240546,-1.616186601439594e-44,-0.00015688826608489294,-0.25454928561327633
1770686773.070645,1.2053157842588422,0.0,0.020000000000000007,1.2344633696079255,0.0,0.09774335060536862,0.25,0.02102962369840826,-0.009246748529240546,-1.3217712411805045e-44,-2.107430108633413e-05,-0.254626418510577
1770686773.483618,1.2053157842588422,0.0,0.020000000000000007,1.2344633696079255,0.0,0.09774335060536862,0.25,0.02102962369840826,-0.009246748529240546,-9.740914394545139e-45,-7.892053687247732e-06,-0.2546207464625166
1770686773.8983157,1.2053157842588422,0.0,0.020000000000000007,1.2344633696079255,0.0,0.09774335060536862,0.25,0.02102962369840826,-0.009246748529240546,-7.977291376746628e-45,7.584732790003709e-05,-0.254669671866729
1770686774.3171003,1.2053157842588422,0.0,0.020000000000000007,1.2344633696079255,0.0,0.09774335060536862,0.25,0.02102962369840826,-0.009246748529240546,-5.33919092475306e-45,5.044342242837938e-05,-0.2546511363663816
1770686774.7331963,1.2053157842588422,0.0,0.020000000000000007,1.2344633696079255,0.0,0.09774335060536862,0.25,0.02102962369840826,-0.009246748529240546,-3.900129418733337e-45,-2.1804126960505853e-05,-0.2546196969560789
1770686775.1531718,1.2053157842588422,0.0,0.020000000000000007,1.2344633696079255,0.0,0.09774335060536862,0.25,0.02102962369840826,-0.009246748529240546,-2.993338689139812e-45,2.204791469352492e-06,-0.2546268775521979
1770686775.5722842,1.2053157842588422,0.0,0.020000000000000007,1.2344633696079255,0.0,0.09774335060536862,0.25,0.02102962369840826,-0.009246748529240546,-2.7149847212687326e-45,-0.00011867779168967107,-0.2545761236270913
1770686775.9910214,1.2053157842588422,0.0,0.020000000000000007,1.2344633696079255,0.0,0.09774335060536862,0.25,0.02102962369840826,-0.009246748529240546,-2.0065626239931552e-45,-0.00011279107650719917,-0.25456756739788494
1770686776.4076843,1.2053157842588422,0.0,0.020000000000000007,1.2344633696079255,0.0,0.09774335060536862,0.25,0.02102962369840826,-0.009246748529240546,-1.3463406791566129e-45,-0.00020587652646808144,-0.25452974454638233
1770686776.8327363,1.2053157842588422,0.0,0.020000000000000007,1.2344633696079255,0.0,0.09774335060536862,0.25,0.02102962369840826,-0.009246748529240546,-1.1107551410603808e-45,-0.00015617900788945173,-0.25455025451253344
1770686777.2447805,1.2053157842588422,0.0,0.020000000000000007,1.2344633696079255,0.0,0.09774335060536862,0.25,0.02102962369840826,-0.009246748529240546,-8.085168432504018e-46,-0.00013058814284600654,-0.2545606392797016
1770686777.674196,1.2053157842588422,0.0,0.020000000000000007,1.2344633696079255,0.0,0.09774335060536862,0.25,0.02102962369840826,-0.009246748529240546,-7.273304891714783e-46,-0.00012084456433185986,-0.2545639263403057
1770686778.091387,1.2053157842588422,0.0,0.020000000000000007,1.2344633696079255,0.0,0.09774335060536862,0.25,0.02102962369840826,-0.009246748529240546,-5.35714668279219e-46,-3.096005421873706e-05,-0.25461688268852223
1770686778.5062037,1.2053157842588422,0.0,0.020000000000000007,1.2344633696079255,0.0,0.09774335060536862,0.25,0.02102962369840826,-0.009246748529240546,-3.564243552532167e-46,9.492901035441744e-07,-0.2546270398441043
1770686778.9274316,1.2053157842588422,0.0,0.020000000000000007,1.2344633696079255,0.0,0.09774335060536862,0.25,0.02102962369840826,-0.009246748529240546,-2.7662400821622382e-46,7.416334791210763e-05,-0.2546677773443572
1770686779.3519888,1.2053157842588422,0.0,0.020000000000000007,1.2344633696079255,0.0,0.09774335060536862,0.25,0.02102962369840826,-0.009246748529240546,-2.3537113780261912e-46,6.326374144655378e-05,-0.2546560960959901
1770686779.779723,1.2053157842588422,0.0,0.020000000000000007,1.2344633696079255,0.0,0.09774335060536862,0.25,0.02102962369840826,-0.009246748529240546,-1.8299318984355705e-46,9.66753719131894e-05,-0.25467505311362354
1770686780.1968067,1.2053157842588422,0.0,0.020000000000000007,1.2344633696079255,0.0,0.09774335060536862,0.25,0.02102962369840826,-0.009246748529240546,-1.4958545941072731e-46,-1.7299266620869972e-05,-0.2546261220951633
1770686780.6155965,1.2053157842588422,0.0,0.020000000000000007,1.2344633696079255,0.0,0.09774335060536862,0.25,0.02102962369840826,-0.009246748529240546,-9.485591627085688e-47,-7.805177946903057e-05,-0.25459042362617057
1770686781.0467663,1.2053157842588422,0.0,0.020000000000000007,1.2344633696079255,0.0,0.09774335060536862,0.25,0.02102962369840826,-0.009246748529240546,-7.319828395976188e-47,-0.00011819464975750987,-0.2545682912267704
1770686781.4678671,1.2053157842588422,0.0,0.020000000000000007,1.2344633696079255,0.0,0.09774335060536862,0.25,0.02102962369840826,-0.009246748529240546,-6.106282317095808e-47,-0.00013669410400535555,-0.25455687715804237
1770686781.8903284,1.2053157842588422,0.0,0.020000000000000007,1.2344633696079255,0.0,0.09774335060536862,0.25,0.02102962369840826,-0.009246748529240546,-4.8845730081645765e-47,-0.00016182355378207173,-0.2545449754327069
1770686782.3015718,1.2053157842588422,0.0,0.020000000000000007,1.2344633696079255,0.0,0.09774335060536862,0.25,0.02102962369840826,-0.009246748529240546,-3.2754836827783004e-47,-0.00020737935589649784,-0.25452424016688346
1770686782.714745,1.2053157842588422,0.0,0.020000000000000007,1.2344633696079255,0.0,0.09774335060536862,0.25,0.02102962369840826,-0.009246748529240546,-2.5431812099926457e-47,-0.00011088938471611593,-0.25457757856938024
1770686783.1328151,1.2053157842588422,0.0,0.020000000000000007,1.2344633696079255,0.0,0.09774335060536862,0.25,0.02102962369840826,-0.009246748529240546,-1.9745717648377833e-47,-0.00010933521831797368,-0.2545688620721011
1770686783.554608,1.2053157842588422,0.0,0.020000000000000007,1.2344633696079255,0.0,0.09774335060536862,0.25,0.02102962369840826,-0.009246748529240546,-1.6683065778097337e-47,-7.781881203984912e-05,-0.2545876164992282
1770686783.9721622,1.2053157842588422,0.0,0.020000000000000007,1.2344633696079255,0.0,0.09774335060536862,0.25,0.02102962369840826,-0.009246748529240546,-1.299996351809358e-47,-0.00010619365887407412,-0.25457311491986667
1770686784.382318,1.2053157842588422,0.0,0.020000000000000007,1.2344633696079255,0.0,0.09774335060536862,0.25,0.02102962369840826,-0.009246748529240546,-9.03407491328136e-48,3.817665989515464e-05,-0.2546568996264448
1770686784.7953167,1.2053157842588422,0.0,0.020000000000000007,1.2344633696079255,0.0,0.09774335060536862,0.25,0.02102962369840826,-0.009246748529240546,-7.780336059671348e-48,-0.000159542605488545,-0.25456337488841435
1770686785.213414,1.2053157842588422,0.0,0.020000000000000007,1.2344633696079255,0.0,0.09774335060536862,0.25,0.02102962369840826,-0.009246748529240546,-5.248169164871001e-48,-0.00017160487228585494,-0.25453877805515707
1770686785.630062,1.2053157842588422,0.0,0.020000000000000007,1.2344633696079255,0.0,0.09774335060536862,0.25,0.02102962369840826,-0.009246748529240546,-4.0736103263074657e-48,-0.0001226414331364446,-0.254566949891967
1770686786.0423157,1.2053157842588422,0.0,0.020000000000000007,1.2344633696079255,0.0,0.09774335060536862,0.25,0.02102962369840826,-0.009246748529240546,-3.160388451499498e-48,-0.0002033934938885992,-0.25452975272375117
1770686786.454523,1.2053157842588422,0.0,0.020000000000000007,1.2344633696079255,0.0,0.09774335060536862,0.25,0.02102962369840826,-0.009246748529240546,-2.687469368554579e-48,-0.0003003131472971226,-0.25448290965631254
1770686786.8862846,1.2053157842588422,0.0,0.020000000000000007,1.2344633696079255,0.0,0.09774335060536862,0.25,0.02102962369840826,-0.009246748529240546,-2.0820012755695778e-48,-0.00035362978687163875,-0.2544518910351419
1770686787.3060892,1.2053157842588422,0.0,0.020000000000000007,1.2344633696079255,0.0,0.09774335060536862,0.25,0.02102962369840826,-0.009246748529240546,-1.3187480838361044e-48,-0.0002958654886469867,-0.25448121795011924
1770686787.729647,1.2053157842588422,0.0,0.020000000000000007,1.2344633696079255,0.0,0.09774335060536862,0.25,0.02102962369840826,-0.009246748529240546,-1.0719629284617296e-48,-0.00034274551759787123,-0.2544566895087164
1770686788.147767,1.2053157842588422,0.0,0.020000000000000007,1.2344633696079255,0.0,0.09774335060536862,0.25,0.02102962369840826,-0.009246748529240546,-8.311960352039417e-49,-0.00020378909947807572,-0.25453537535669324
1770686788.5609195,1.2053157842588422,0.0,0.020000000000000007,1.2344633696079255,0.0,0.09774335060536862,0.25,0.02102962369840826,-0.009246748529240546,-7.065937852725283e-49,-0.00011266136554501587,-0.2545761563552411
1770686788.976543,1.2053157842588422,0.0,0.020000000000000007,1.2344633696079255,0.0,0.09774335060536862,0.25,0.02102962369840826,-0.009246748529240546,-5.495318240756411e-49,-2.2781603968654228e-05,-0.2546209714387936
1770686789.4054472,1.2053157842588422,0.0,0.020000000000000007,1.2344633696079255,0.0,0.09774335060536862,0.25,0.02102962369840826,-0.009246748529240546,-4.264808393302927e-49,-1.9954094119523775e-05,-0.2546136799685454
1770686789.8272364,1.2053157842588422,0.0,0.020000000000000007,1.2344633696079255,0.0,0.09774335060536862,0.25,0.02102962369840826,-0.009246748529240546,-2.847166215207051e-49,8.269396609503992e-05,-0.25467498605368927
1770686790.2407842,1.2053157842588422,0.0,0.020000000000000007,1.2344633696079255,0.0,0.09774335060536862,0.25,0.02102962369840826,-0.009246748529240546,-2.2082435136105256e-49,-2.8130388914082162e-05,-0.2546203915056641
1770686790.660755,1.2053157842588422,0.0,0.020000000000000007,1.2344633696079255,0.0,0.09774335060536862,0.25,0.02102962369840826,-0.009246748529240546,-1.865756215250605e-49,-0.00015852232614297843,-0.25455715229527165
1770686791.0831413,1.2053157842588422,0.0,0.020000000000000007,1.2344633696079255,0.0,0.09774335060536862,0.25,0.02102962369840826,-0.009246748529240546,-1.4470424252414314e-49,-0.00013521737259075055,-0.2545580960736801
1770686791.497594,1.2053157842588422,0.0,0.020000000000000007,1.2344633696079255,0.0,0.09774335060536862,0.25,0.02102962369840826,-0.009246748529240546,-1.113622061931009e-49,-0.00020828196192194823,-0.2545265397425924
1770686791.9102006,1.2053157842588422,0.0,0.020000000000000007,1.2344633696079255,0.0,0.09774335060536862,0.25,0.02102962369840826,-0.009246748529240546,-7.484035697881768e-50,-0.00017574551587743064,-0.25453875515128604
1770686792.3229017,1.2053157842588422,0.0,0.020000000000000007,1.2344633696079255,0.0,0.09774335060536862,0.25,0.02102962369840826,-0.009246748529240546,-5.804811874657815e-50,-0.00030829523492219014,-0.2544824816190636
1770686792.7428963,1.2053157842588422,0.0,0.020000000000000007,1.2344633696079255,0.0,0.09774335060536862,0.25,0.02102962369840826,-0.009246748529240546,-4.514862520449826e-50,-0.00021056915159410494,-0.254527862297156
1770686793.1751552,1.2053157842588422,0.0,0.020000000000000007,1.2344633696079255,0.0,0.09774335060536862,0.25,0.02102962369840826,-0.009246748529240546,-3.817624881158029e-50,-0.00018282292170321702,-0.25453473742675775
1770686793.5950086,1.2053157842588422,0.0,0.020000000000000007,1.2344633696079255,0.0,0.09774335060536862,0.25,0.02102962369840826,-0.009246748529240546,-2.9682225705527223e-50,-0.0001988198493460771,-0.25452556403271154
1770686794.0163357,1.2053157842588422,0.0,0.020000000000000007,1.2344633696079255,0.0,0.09774335060536862,0.25,0.02102962369840826,-0.009246748529240546,-1.9789313519501878e-50,-0.00014876798738910815,-0.2545539954571214
1770686794.4409788,1.2053157842588422,0.0,0.020000000000000007,1.2344633696079255,0.0,0.09774335060536862,0.25,0.02102962369840826,-0.009246748529240546,-1.532994191742411e-50,-0.00011486689007373188,-0.25456933092931494
1770686794.8569217,1.2053157842588422,0.0,0.020000000000000007,1.2344633696079255,0.0,0.09774335060536862,0.25,0.02102962369840826,-0.009246748529240546,-1.301190475849934e-50,-9.743838603447819e-05,-0.254576397922007
1770686795.267447,1.2053157842588422,0.0,0.020000000000000007,1.2344633696079255,0.0,0.09774335060536862,0.25,0.02102962369840826,-0.009246748529240546,-1.009007585405415e-50,-0.00013927233155348038,-0.2545579214933954
1770686795.7044034,1.2053157842588422,0.0,0.020000000000000007,1.2344633696079255,0.0,0.09774335060536862,0.25,0.02102962369840826,-0.009246748529240546,-6.734749439991315e-51,-9.583612751241688e-05,-0.25457979982126816
1770686796.1215959,1.2053157842588422,0.0,0.020000000000000007,1.2344633696079255,0.0,0.09774335060536862,0.25,0.02102962369840826,-0.009246748529240546,-5.228059862445503e-51,-5.681507891987031e-05,-0.2545988688300196
1770686796.5435936,1.2053157842588422,0.0,0.020000000000000007,1.2344633696079255,0.0,0.09774335060536862,0.25,0.02102962369840826,-0.009246748529240546,-4.057261172489622e-51,-0.00013521860715221318,-0.2545636053138674
1770686796.9615548,1.2053157842588422,0.0,0.020000000000000007,1.2344633696079255,0.0,0.09774335060536862,0.25,0.02102962369840826,-0.009246748529240546,-3.4411720329152614e-51,-0.00015802028072288353,-0.25454664429161594
1770686797.386489,1.2053157842588422,0.0,0.020000000000000007,1.2344633696079255,0.0,0.09774335060536862,0.25,0.02102962369840826,-0.009246748529240546,-2.505636380310325e-51,-0.0002486033825163019,-0.25450813088354146
1770686797.8005064,1.2053157842588422,0.0,0.020000000000000007,1.2344633696079255,0.0,0.09774335060536862,0.25,0.02102962369840826,-0.009246748529240546,-1.7872589054558147e-51,-0.0002257347316730185,-0.2545127937638681
1770686798.2294526,1.2053157842588422,0.0,0.020000000000000007,1.2344633696079255,0.0,0.09774335060536862,0.25,0.02102962369840826,-0.009246748529240546,-1.3846178839765167e-51,-0.00027737681356287784,-0.2544898500660278
1770686798.6538079,1.2053157842588422,0.0,0.020000000000000007,1.2344633696079255,0.0,0.09774335060536862,0.25,0.02102962369840826,-0.009246748529240546,-1.0811268180880936e-51,-0.00018770032267122983,-0.2545384917523738
1770686799.0725043,1.2053157842588422,0.0,0.020000000000000007,1.2344633696079255,0.0,0.09774335060536862,0.25,0.02102962369840826,-0.009246748529240546,-9.153467925069242e-52,-0.00015380211609921203,-0.2545498630272279
1770686799.500593,1.2053157842588422,0.0,0.020000000000000007,1.2344633696079255,0.0,0.09774335060536862,0.25,0.02102962369840826,-0.009246748529240546,-7.05198187096312e-52,-1.3356134873988216e-05,-0.25463074079530584
1770686799.9136946,1.2053157842588422,0.0,0.020000000000000007,1.2344633696079255,0.0,0.09774335060536862,0.25,0.02102962369840826,-0.009246748529240546,-4.7288770320471296e-52,0.00010244852615597322,-0.25468617899380125
1770686800.331168,1.2053157842588422,0.0,0.020000000000000007,1.2344633696079255,0.0,0.09774335060536862,0.25,0.02102962369840826,-0.009246748529240546,-3.691726907591604e-52,0.00020883624039024236,-0.25473843115623884
1770686800.7542245,1.2053157842588422,0.0,0.020000000000000007,1.2344633696079255,0.0,0.09774335060536862,0.25,0.02102962369840826,-0.009246748529240546,-3.1261823712324962e-52,0.000166227010108438,-0.25471074869270266
1770686801.1949139,1.2053157842588422,0.0,0.020000000000000007,1.2344633696079255,0.0,0.09774335060536862,0.25,0.02102962369840826,-0.009246748529240546,-2.299688677521609e-52,2.847419265970938e-05,-0.25465138664269504
1770686801.6087747,1.2053157842588422,0.0,0.020000000000000007,1.2344633696079255,0.0,0.09774335060536862,0.25,0.02102962369840826,-0.009246748529240546,-1.533221231153925e-52,-6.963078911450453e-05,-0.2545983693682405
1770686802.0329487,1.2053157842588422,0.0,0.020000000000000007,1.2344633696079255,0.0,0.09774335060536862,0.25,0.02102962369840826,-0.009246748529240546,-1.2629600475293796e-52,-0.000156340396900073,-0.2545538750269488
1770686802.4512198,1.2053157842588422,0.0,0.020000000000000007,1.2344633696079255,0.0,0.09774335060536862,0.25,0.02102962369840826,-0.009246748529240546,-9.812463877248973e-53,-0.0002683546183052731,-0.25450039837760813
1770686802.8698604,1.2053157842588422,0.0,0.020000000000000007,1.2344633696079255,0.0,0.09774335060536862,0.25,0.02102962369840826,-0.009246748529240546,-8.309194619759166e-53,-0.0003462514853666413,-0.25445803820864304
1770686803.2833366,1.2053157842588422,0.0,0.020000000000000007,1.2344633696079255,0.0,0.09774335060536862,0.25,0.02102962369840826,-0.009246748529240546,-6.450780118434723e-53,-0.0002491112446198995,-0.254508532666385
1770686803.716793,1.2053157842588422,0.0,0.020000000000000007,1.2344633696079255,0.0,0.09774335060536862,0.25,0.02102962369840826,-0.009246748529240546,-4.320921354910682e-53,-0.0001628057802637769,-0.254550601920924
1770686804.1364288,1.2053157842588422,0.0,0.020000000000000007,1.2344633696079255,0.0,0.09774335060536862,0.25,0.02102962369840826,-0.009246748529240546,-3.354913158226737e-53,-0.00017960355651150983,-0.2545352522639893
1770686804.5569465,1.2053157842588422,0.0,0.020000000000000007,1.2344633696079255,0.0,0.09774335060536862,0.25,0.02102962369840826,-0.009246748529240546,-2.798855613173683e-53,-9.24214647156989e-05,-0.25458588174144203
1770686804.9711573,1.2053157842588422,0.0,0.020000000000000007,1.2344633696079255,0.0,0.09774335060536862,0.25,0.02102962369840826,-0.009246748529240546,-2.0810263070749928e-53,5.7526503677679186e-05,-0.25466713231329846
1770686805.4032376,1.2053157842588422,0.0,0.020000000000000007,1.2344633696079255,0.0,0.09774335060536862,0.25,0.02102962369840826,-0.009246748529240546,-1.46995174772259e-53,3.4309841003394895e-05,-0.2546428508513894
1770686805.8222213,1.2053157842588422,0.0,0.020000000000000007,1.2344633696079255,0.0,0.09774335060536862,0.25,0.02102962369840826,-0.009246748529240546,-1.146027303771091e-53,-3.816022825234638e-06,-0.2546252788395905
1770686806.2436843,1.2053157842588422,0.0,0.020000000000000007,1.2344633696079255,0.0,0.09774335060536862,0.25,0.02102962369840826,-0.009246748529240546,-8.905678098015783e-54,0.00011211719050308227,-0.25469102618120465
1770686806.662439,1.2053157842588422,0.0,0.020000000000000007,1.2344633696079255,0.0,0.09774335060536862,0.25,0.02102962369840826,-0.009246748529240546,-7.130093968421005e-54,1.7362617788269344e-05,-0.2546415310307859
1770686807.083326,1.2053157842588422,0.0,0.020000000000000007,1.2344633696079255,0.0,0.09774335060536862,0.25,0.02102962369840826,-0.009246748529240546,-5.730688152121014e-54,3.4325978582177145e-05,-0.2546422335899907
1770686807.49891,1.2053157842588422,0.0,0.020000000000000007,1.2344633696079255,0.0,0.09774335060536862,0.25,0.02102962369840826,-0.009246748529240546,-4.263051125576427e-54,-4.916095727480495e-05,-0.25460714247956856
1770686807.923505,1.2053157842588422,0.0,0.020000000000000007,1.2344633696079255,0.0,0.09774335060536862,0.25,0.02102962369840826,-0.009246748529240546,-2.855521625627432e-54,-7.39368970964099e-05,-0.2545888834100542
1770686808.3486712,1.2053157842588422,0.0,0.020000000000000007,1.2344633696079255,0.0,0.09774335060536862,0.25,0.02102962369840826,-0.009246748529240546,-2.212527964154875e-54,-7.862232982309172e-05,-0.2545845316429814
1770686808.7740746,1.2053157842588422,0.0,0.020000000000000007,1.2344633696079255,0.0,0.09774335060536862,0.25,0.02102962369840826,-0.009246748529240546,-1.984853190264934e-54,-0.0001288493872288566,-0.25456397227674643
1770686809.1869698,1.2053157842588422,0.0,0.020000000000000007,1.2344633696079255,0.0,0.09774335060536862,0.25,0.02102962369840826,-0.009246748529240546,-1.4713292115407822e-54,-1.3962385461354253e-05,-0.25462788177206636
1770686809.6021671,1.2053157842588422,0.0,0.020000000000000007,1.2344633696079255,0.0,0.09774335060536862,0.25,0.02102962369840826,-0.009246748529240546,-1.2983306122470507e-54,-9.499498871679904e-05,-0.2545839800305874
1770686810.022138,1.2053157842588422,0.0,0.020000000000000007,1.2344633696079255,0.0,0.09774335060536862,0.25,0.02102962369840826,-0.009246748529240546,-8.07063627480507e-55,3.611061746389855e-05,-0.2546545401339703
1770686810.4533622,1.2053157842588422,0.0,0.020000000000000007,1.2344633696079255,0.0,0.09774335060536862,0.25,0.02102962369840826,-0.009246748529240546,-5.908141155974e-55,6.14011734816444e-06,-0.2546294413733059
1770686810.872832,1.2053157842588422,0.0,0.020000000000000007,1.2344633696079255,0.0,0.09774335060536862,0.25,0.02102962369840826,-0.009246748529240546,-5.273968033428904e-55,5.4913913582105895e-05,-0.2546557086010347
1770686811.2904456,1.2053157842588422,0.0,0.020000000000000007,1.2344633696079255,0.0,0.09774335060536862,0.25,0.02102962369840826,-0.009246748529240546,-3.7008327237680484e-55,-4.3135443470094434e-05,-0.25461161147859046
1770686811.7099884,1.2053157842588422,0.0,0.020000000000000007,1.2344633696079255,0.0,0.09774335060536862,0.25,0.02102962369840826,-0.009246748529240546,-2.757370845821862e-55,-0.00014009181358187037,-0.25456302399484054
1770686812.1239707,1.2053157842588422,0.0,0.020000000000000007,1.2344633696079255,0.0,0.09774335060536862,0.25,0.02102962369840826,-0.009246748529240546,-2.156492876235453e-55,-0.00018742921777170963,-0.2545343933961534
1770686812.5374887,1.2053157842588422,0.0,0.020000000000000007,1.2344633696079255,0.0,0.09774335060536862,0.25,0.02102962369840826,-0.009246748529240546,-1.5388680889959983e-55,-0.0002559882937145006,-0.2545022360253573
1770686812.9549646,1.2053157842588422,0.0,0.020000000000000007,1.2344633696079255,0.0,0.09774335060536862,0.25,0.02102962369840826,-0.009246748529240546,-1.3209327768035208e-55,-0.00027887416541044557,-0.25448622576908464
1770686813.3713152,1.2053157842588422,0.0,0.020000000000000007,1.2344633696079255,0.0,0.09774335060536862,0.25,0.02102962369840826,-0.009246748529240546,-1.0954790466559076e-55,-0.0003440757331075293,-0.2544578565548362
1770686813.7979023,1.2053157842588422,0.0,0.020000000000000007,1.2344633696079255,0.0,0.09774335060536862,0.25,0.02102962369840826,-0.009246748529240546,-8.498197119779914e-56,-0.00027913934667613455,-0.25449029822992536
1770686814.2176962,1.2053157842588422,0.0,0.020000000000000007,1.2344633696079255,0.0,0.09774335060536862,0.25,0.02102962369840826,-0.009246748529240546,-5.355713138826732e-56,-0.0002702244973015615,-0.25448915350090695
1770686814.6492882,1.2053157842588422,0.0,0.020000000000000007,1.2344633696079255,0.0,0.09774335060536862,0.25,0.02102962369840826,-0.009246748529240546,-4.160363687520429e-56,-0.0001569091378366027,-0.2545562512316485
1770686815.06346,1.2053157842588422,0.0,0.020000000000000007,1.2344633696079255,0.0,0.09774335060536862,0.25,0.02102962369840826,-0.009246748529240546,-3.539993240870664e-56,-0.00013141223668271384,-0.25456021783639426
1770686815.497484,1.2053157842588422,0.0,0.020000000000000007,1.2344633696079255,0.0,0.09774335060536862,0.25,0.02102962369840826,-0.009246748529240546,-2.746375272049362e-56,-9.734910233120237e-05,-0.25457810602688985
1770686815.9264388,1.2053157842588422,0.0,0.020000000000000007,1.2344633696079255,0.0,0.09774335060536862,0.25,0.02102962369840826,-0.009246748529240546,-1.8310549724539277e-56,-4.580491731932319e-05,-0.2546056262244618
1770686816.3424165,1.2053157842588422,0.0,0.020000000000000007,1.2344633696079255,0.0,0.09774335060536862,0.25,0.02102962369840826,-0.009246748529240546,-1.4214007569274482e-56,-0.00013234453913551277,-0.25456585595723413
1770686816.7592437,1.2053157842588422,0.0,0.020000000000000007,1.2344633696079255,0.0,0.09774335060536862,0.25,0.02102962369840826,-0.009246748529240546,-1.2121204359687351e-56,-2.3133992688353492e-05,-0.2546227283229208
1770686817.1735091,1.2053157842588422,0.0,0.020000000000000007,1.2344633696079255,0.0,0.09774335060536862,0.25,0.02102962369840826,-0.009246748529240546,-9.492827482162456e-57,-0.00015758649862401857,-0.2545580262659018
1770686817.584999,1.2053157842588422,0.0,0.020000000000000007,1.2344633696079255,0.0,0.09774335060536862,0.25,0.02102962369840826,-0.009246748529240546,-7.430845767026902e-57,-0.00020425958754601974,-0.2545259117797395
1770686818.0070746,1.2053157842588422,0.0,0.020000000000000007,1.2344633696079255,0.0,0.09774335060536862,0.25,0.02102962369840826,-0.009246748529240546,-5.787995010478867e-57,-0.00019075722054960864,-0.2545293458910451
1770686818.421953,1.2053157842588422,0.0,0.020000000000000007,1.2344633696079255,0.0,0.09774335060536862,0.25,0.02102962369840826,-0.009246748529240546,-3.8717275646981616e-57,-0.00025673365466947774,-0.2545016050806975
1770686818.846273,1.2053157842588422,0.0,0.020000000000000007,1.2344633696079255,0.0,0.09774335060536862,0.25,0.02102962369840826,-0.009246748529240546,-3.0061789984843444e-57,-0.00030518002208292414,-0.25447562889032016
1770686819.2611122,1.2053157842588422,0.0,0.020000000000000007,1.2344633696079255,0.0,0.09774335060536862,0.25,0.02102962369840826,-0.009246748529240546,-2.53990020830823e-57,-0.00021287027052926472,-0.254526170104511
1770686819.6879892,1.2053157842588422,0.0,0.020000000000000007,1.2344633696079255,0.0,0.09774335060536862,0.25,0.02102962369840826,-0.009246748529240546,-1.968376629103934e-57,-0.00014558880340527242,-0.25455730800963
1770686820.1057005,1.2053157842588422,0.0,0.020000000000000007,1.2344633696079255,0.0,0.09774335060536862,0.25,0.02102962369840826,-0.009246748529240546,-1.31469816861982e-57,-7.627910147977404e-05,-0.25459216568407295
1770686820.5139987,1.2053157842588422,0.0,0.020000000000000007,1.2344633696079255,0.0,0.09774335060536862,0.25,0.02102962369840826,-0.009246748529240546,-1.0195675856028307e-57,4.698864760521676e-05,-0.25465919536333137
1770686820.9248245,1.2053157842588422,0.0,0.020000000000000007,1.2344633696079255,0.0,0.09774335060536862,0.25,0.02102962369840826,-0.009246748529240546,-7.512462207737385e-58,5.407497055573337e-06,-0.254630236128203
1770686821.343072,1.2053157842588422,0.0,0.020000000000000007,1.2344633696079255,0.0,0.09774335060536862,0.25,0.02102962369840826,-0.009246748529240546,-6.135711337892439e-58,5.699663753946329e-05,-0.2546570314974384
1770686821.759639,1.2053157842588422,0.0,0.020000000000000007,1.2344633696079255,0.0,0.09774335060536862,0.25,0.02102962369840826,-0.009246748529240546,-5.0587252245164045e-58,-4.723839257993243e-05,-0.25461017857134227
1770686822.2059033,1.2053157842588422,0.0,0.020000000000000007,1.2344633696079255,0.0,0.09774335060536862,0.25,0.02102962369840826,-0.009246748529240546,-4.025202872243737e-58,-1.1269097716010576e-05,-0.25462133664524866
1770686822.6241128,1.2053157842588422,0.0,0.020000000000000007,1.2344633696079255,0.0,0.09774335060536862,0.25,0.02102962369840826,-0.009246748529240546,-2.6766616884710464e-58,-0.00011439379871297087,-0.25457648983536346
1770686823.0469635,1.2053157842588422,0.0,0.020000000000000007,1.2344633696079255,0.0,0.09774335060536862,0.25,0.02102962369840826,-0.009246748529240546,-2.0734863243810144e-58,-0.00010134616911958009,-0.2545740059430198
1770686823.4583132,1.2053157842588422,0.0,0.020000000000000007,1.2344633696079255,0.0,0.09774335060536862,0.25,0.02102962369840826,-0.009246748529240546,-1.757398100153019e-58,-0.00016627445869639594,-0.25454672986422977
1770686823.8801303,1.2053157842588422,0.0,0.020000000000000007,1.2344633696079255,0.0,0.09774335060536862,0.25,0.02102962369840826,-0.009246748529240546,-1.3633951522206393e-58,-0.00018545551018559804,-0.2545325646146764
1770686824.3010967,1.2053157842588422,0.0,0.020000000000000007,1.2344633696079255,0.0,0.09774335060536862,0.25,0.02102962369840826,-0.009246748529240546,-9.080995649142533e-59,-0.0002573126032421458,-0.25450190367230485
1770686824.714947,1.2053157842588422,0.0,0.020000000000000007,1.2344633696079255,0.0,0.09774335060536862,0.25,0.02102962369840826,-0.009246748529240546,-7.058904253513175e-59,-0.00022245612155481884,-0.2545156318520116
1770686825.1251361,1.2053157842588422,0.0,0.020000000000000007,1.2344633696079255,0.0,0.09774335060536862,0.25,0.02102962369840826,-0.009246748529240546,-5.479230709408799e-59,-0.00015294281079646728,-0.25455385419029786
