t,kp_lin,ki_lin,kd_lin,kp_ang,ki_ang,kd_ang,v_ref,w_ref_raw,w_ref,v_meas,w_meas,reward
1770338035.5826616,1.2,0.0,0.03,1.23,0.0,0.1,0.0,0.0,0.0,0.0,-0.0006004131687127703,-0.00036024790122766217
1770338035.9888263,1.2,0.0,0.03,1.23,0.0,0.1,0.0,0.0,0.0,0.0,-0.0014303336108746657,-0.0007981588496535224
1770338036.399948,1.2,0.0,0.03,1.23,0.0,0.1,0.0,0.0,0.0,0.0,-0.00100539586467663,-0.0005451917069581186
1770338036.8124235,1.2,0.0,0.03,1.23,0.0,0.1,0.0,0.0,0.0,0.0,-0.00045964028597575554,-0.0002843957008579652
1770338037.241847,1.2,0.0,0.03,1.23,0.0,0.1,0.0,0.0,0.0,0.0,-0.00087712827364965,-0.0004803129355922145
1770338037.6579518,1.2,0.0,0.03,1.23,0.0,0.1,0.0,0.0,0.0,0.0,-0.00014364076379631485,-0.00014516913288349095
1770338038.0679753,1.2,0.0,0.03,1.23,0.0,0.1,0.0,0.0,0.0,0.0,-0.0011602128897268318,-0.0006817636574564676
1770338038.4824247,1.2,0.0,0.03,1.23,0.0,0.1,0.0,0.0,0.0,0.0,-0.0004102841926328337,-0.00028013496602581666
1770338038.9057925,1.2,0.0,0.03,1.23,0.0,0.1,0.0,0.0,0.0,0.0,-0.0003942355284400278,-0.00019872263063929447
1770338039.325408,1.2,0.0,0.03,1.23,0.0,0.1,0.0,0.0,0.0,0.0,-0.0006603618967095075,-0.0003567935851817017
1770338039.7521887,1.2,0.0,0.03,1.23,0.0,0.1,0.0,0.0,0.0,0.0,-0.0005905626893544148,-0.00030226126541271666
1770338040.1607084,1.2,0.0,0.03,1.23,0.0,0.1,0.0,0.0,0.0,0.0,-0.00019316950187465745,-0.00013632406968530446
1770338040.5750923,1.2,0.0,0.03,1.23,0.0,0.1,0.0,0.0,0.0,0.0,-0.0006294680686462784,-0.0003583638910003013
1770338041.002502,1.2,0.0,0.03,1.23,0.0,0.1,0.0,0.0,0.0,0.0,-0.0006669387752749281,-0.000337216458300329
1770338041.419082,1.2,0.0,0.03,1.23,0.0,0.1,0.0,0.0,0.0,0.0,4.9460151296662675e-05,-9.636996830549042e-05
1770338041.827012,1.2,0.0,0.03,1.23,0.0,0.1,0.0,0.0,0.0,0.0,-0.000432036354791998,-0.0002641678280048651
1770338042.2405865,1.2,0.0,0.03,1.23,0.0,0.1,0.0,0.0,0.0,0.0,0.00013725042986234968,-0.0001255538933966096
1770338042.6647413,1.2,0.0,0.03,1.23,0.0,0.1,0.0,0.0,0.0,0.0,-0.00023645274452973442,-0.00015559668970407562
1770338043.0835435,1.2,0.0,0.03,1.23,0.0,0.1,0.0,0.0,0.0,0.0,-4.9330164113990535e-05,-4.3377340098569656e-05
1770338043.5114555,1.2,0.0,0.03,1.23,0.0,0.1,0.0,0.0,0.0,0.0,5.344657966724776e-05,-3.700096421174771e-05
1770338043.9239967,1.2,0.0,0.03,1.23,0.0,0.1,0.0,0.0,0.0,0.0,-0.0007903046323943451,-0.00047952743740333186
1770338044.33772,1.2,0.0,0.03,1.23,0.0,0.1,0.0,0.0,0.0,0.0,0.00040711453380777585,-0.00032329918352410003
1770338044.7496812,1.2,0.0,0.03,1.23,0.0,0.1,0.0,0.0,0.0,0.0,-0.0003520005419333718,-0.0002519117785408007
1770338045.1625109,1.2,0.0,0.03,1.23,0.0,0.1,0.0,0.0,0.0,0.0,-0.0006029138964833642,-0.00032654828369668135
1770338045.5766253,1.2,0.0,0.03,1.23,0.0,0.1,0.0,0.0,0.0,0.0,-0.00023831583846677245,-0.00015561772503504539
1770338045.9915445,1.2,0.0,0.03,1.23,0.0,0.1,0.0,0.0,0.0,0.0,0.00010762105715360216,-8.840421813883854e-05
1770338046.404127,1.2,0.0,0.03,1.23,0.0,0.1,0.0,0.0,0.0,0.0,-0.0007319879724104055,-0.0004499548891616035
1770338046.8210764,1.2,0.0,0.03,1.23,0.0,0.1,0.0,0.0,0.0,0.0,-0.0001636663940926612,-0.00013866535487810504
1770338047.2305846,1.2,0.0,0.03,1.23,0.0,0.1,0.0,0.0,0.0,0.0,-0.0005626224870036315,-0.00032120685279291277
1770338047.6413352,1.2,0.0,0.03,1.23,0.0,0.1,0.0,0.0,0.0,0.0,-0.0008093788004383726,-0.00042936503156266044
1770338048.0522575,1.2,0.0,0.03,1.23,0.0,0.1,0.0,0.0,0.0,0.0,-0.0005827847635844819,-0.00031405178547763
1770338048.4672027,1.2,0.0,0.03,1.23,0.0,0.1,0.0,0.0,0.0,0.0,-0.0006656917177457152,-0.00034113655428898095
1770338048.8817499,1.2,0.0,0.03,1.23,0.0,0.1,0.0,0.0,0.0,0.0,-0.00045555024645711555,-0.00024878927035741773
1770338049.3068411,1.2,0.0,0.03,1.23,0.0,0.1,0.0,0.0,0.0,0.0,-0.0002132595287919396,-0.0001308588361624874
1770338049.7193587,1.2,0.0,0.03,1.23,0.0,0.1,0.0,0.0,0.0,0.0,-0.0006266468636246436,-0.0003546621652955922
1770338050.1440682,1.2,0.0,0.03,1.23,0.0,0.1,0.0,0.0,0.0,0.0,-0.0001933137221572777,-0.00013999017522537544
1770338050.5703137,1.2,0.0,0.03,1.23,0.0,0.1,0.0,0.0,0.0,0.0,-0.0010398777183921275,-0.0006045952588195488
1770338050.9800808,1.2,0.0,0.03,1.23,0.0,0.1,0.0,0.0,0.0,0.0,-0.0005744120299518813,-0.0003337525838199653
1770338051.3891435,1.2,0.0,0.03,1.23,0.0,0.1,0.0,0.0,0.0,0.0,-0.0003821469901272458,-0.00021029999904608645
1770338051.7968926,1.2,0.0,0.03,1.23,0.0,0.1,0.0,0.0,0.0,0.0,-9.482433509916285e-05,-7.614443305238972e-05
1770338052.2256856,1.2,0.0,0.03,1.23,0.0,0.1,0.0,0.0,0.0,0.0,-0.0003565243077151437,-0.00020443215111916996
1770338052.6469712,1.2,0.0,0.03,1.23,0.0,0.1,0.0,0.0,0.0,0.0,-0.0003645202375973779,-0.00018305971178691235
1770338053.0579884,1.2,0.0,0.03,1.23,0.0,0.1,0.0,0.0,0.0,0.0,-0.0006344145204968807,-0.0003441966885383906
1770338053.4707878,1.2,0.0,0.03,1.23,0.0,0.1,0.0,0.0,0.0,0.0,0.00037936826759171944,-0.00029106241260471973
1770338053.8928702,1.2,0.0,0.03,1.23,0.0,0.1,0.0,0.0,0.0,0.0,0.0002242356104588188,-0.00012763107094269945
1770338054.3073487,1.2,0.0,0.03,1.23,0.0,0.1,0.0,0.0,0.0,0.0,-0.000356364596067951,-0.00023624231868665249
1770338054.7185104,1.2,0.0,0.03,1.23,0.0,0.1,0.0,0.0,0.0,0.0,-0.0003480269317955484,-0.00017484723232501445
1770338055.1281605,1.2,0.0,0.03,1.23,0.0,0.1,0.0,0.0,0.0,0.0,-0.0006529835017155773,-0.0003569874078497915
1770338055.5393112,1.2,0.0,0.03,1.23,0.0,0.1,0.0,0.0,0.0,0.0,-0.00025985027572479646,-0.00016923846046147632
1770338055.9622297,1.2,0.0,0.03,1.23,0.0,0.1,0.0,0.0,0.0,0.0,-0.0003396781359528985,-0.00017782185399925946
1770338056.375463,1.2,0.0,0.03,1.23,0.0,0.1,0.0,0.0,0.0,0.0,-0.000493190537310173,-0.000261946508790814
1770338056.7888396,1.2,0.0,0.03,1.23,0.0,0.1,0.0,0.0,0.0,0.0,-0.0006462778947215679,-0.0003384476831019234
1770338057.2023227,1.2,0.0,0.03,1.23,0.0,0.1,0.0,0.0,0.0,0.0,-0.00030367951178522526,-0.0001860995941862469
1770338057.6258266,1.2,0.0,0.03,1.23,0.0,0.1,0.0,0.0,0.0,0.0,0.00017393665705258118,-0.00013472994541007124
1770338058.0314336,1.2,0.0,0.03,1.23,0.0,0.1,0.0,0.0,0.0,0.0,0.00021073209785686623,-0.00010904559300886162
1770338058.4392362,1.2,0.0,0.03,1.23,0.0,0.1,0.0,0.0,0.0,0.0,-8.035814289131528e-05,-6.92880955204758e-05
1770338058.849444,1.2,0.0,0.03,1.23,0.0,0.1,0.0,0.0,0.0,0.0,-0.000935570811162692,-0.0005533066724084836
1770338059.2661436,1.2,0.0,0.03,1.23,0.0,0.1,0.0,0.0,0.0,0.0,2.255578678268382e-05,-0.0001070905531858795
1770338059.6860247,1.2,0.0,0.03,1.23,0.0,0.1,0.0,0.0,0.0,0.0,-0.0004870091992540365,-0.0002944610982306903
1770338060.1002622,1.2,0.0,0.03,1.23,0.0,0.1,0.0,0.0,0.0,0.0,-0.0008939378274859808,-0.00048766177656618486
1770338060.5111144,1.2,0.0,0.03,1.23,0.0,0.1,0.0,0.0,0.0,0.0,-0.00037921097110627086,-0.00024107817119110641
1770338060.9248128,1.2,0.0,0.03,1.23,0.0,0.1,0.0,0.0,0.0,0.0,-0.000596024543180363,-0.00031969362879759073
1770338061.3374822,1.2,0.0,0.03,1.23,0.0,0.1,0.0,0.0,0.0,0.0,-0.00016235369469471168,-0.00012454393219592098
1770338061.7536292,1.2,0.0,0.03,1.23,0.0,0.1,0.0,0.0,0.0,0.0,0.00023432658840681696,-0.00015683132251356134
1770338062.1704414,1.2,0.0,0.03,1.23,0.0,0.1,0.0,0.0,0.0,0.0,3.798863904064007e-05,-3.8628114456937726e-05
1770338062.5912976,1.2,0.0,0.03,1.23,0.0,0.1,0.0,0.0,0.0,0.0,-0.00034193214272010535,-0.00020895814953612722
1770338063.0180233,1.2,0.0,0.03,1.23,0.0,0.1,0.0,0.0,0.0,0.0,-9.338579060680575e-06,-3.792864589628276e-05
1770338063.4394248,1.2,0.0,0.03,1.23,0.0,0.1,0.0,0.0,0.0,0.0,-0.0005523440326029775,-0.0003304725616557184
1770338063.8468726,1.2,0.0,0.03,1.23,0.0,0.1,0.0,0.0,0.0,0.0,0.00031741405837991,-0.0002456828382882437
1770338064.2732463,1.2,0.0,0.03,1.23,0.0,0.1,0.0,0.0,0.0,0.0,0.00036465922093552935,-0.0001870541267233266
1770338064.6880245,1.2,0.0,0.03,1.23,0.0,0.1,0.0,0.0,0.0,0.0,-0.0003286917458308762,-0.00023368096959207866
1770338065.0987937,1.2,0.0,0.03,1.23,0.0,0.1,0.0,0.0,0.0,0.0,-8.654525796818446e-05,-6.74872777703614e-05
1770338065.5116298,1.2,0.0,0.03,1.23,0.0,0.1,0.0,0.0,0.0,0.0,-0.0003075689046834411,-0.00017588681701324622
1770338065.9205906,1.2,0.0,0.03,1.23,0.0,0.1,0.0,0.0,0.0,0.0,-0.0007023421141661865,-0.00039064837803136777
1770338066.330617,1.2,0.0,0.03,1.23,0.0,0.1,0.0,0.0,0.0,0.0,-0.00011357928628535419,-0.00011566592593076033
1770338066.7494216,1.2,0.0,0.03,1.23,0.0,0.1,0.0,0.0,0.0,0.0,-0.00034088161365821,-0.00019317103956639057
1770338067.1652293,1.2,0.0,0.03,1.23,0.0,0.1,0.0,0.0,0.0,0.0,-0.00048453672121780936,-0.00025663387136486463
1770338067.5780585,1.2,0.0,0.03,1.23,0.0,0.1,0.0,0.0,0.0,0.0,-0.0005867290143167239,-0.0003035837364682534
1770338067.990772,1.2,0.0,0.03,1.23,0.0,0.1,0.0,0.0,0.0,0.0,-0.0009708686550043771,-0.0005238482915709538
1770338068.4036,1.2,0.0,0.03,1.23,0.0,0.1,0.0,0.0,0.0,0.0,0.00020715800172441592,-0.00022138166653508726
1770338068.813589,1.2,0.0,0.03,1.23,0.0,0.1,0.0,0.0,0.0,0.0,0.0003232390507420165,-0.0001732276302727683
1770338069.2412834,1.2,0.0,0.03,1.23,0.0,0.1,0.0,0.0,0.0,0.0,-0.0006613512547449787,-0.00042913465792118884
1770338069.6599965,1.2,0.0,0.03,1.23,0.0,0.1,0.0,0.0,0.0,0.0,0.00016030626331263838,-0.00016231888346208092
1770338070.0750053,1.2,0.0,0.03,1.23,0.0,0.1,0.0,0.0,0.0,0.0,-0.0004259793790140021,-0.0002716182537396651
1770338070.5017657,1.2,0.0,0.03,1.23,0.0,0.1,0.0,0.0,0.0,0.0,-0.0005033607987543482,-0.0002594185413512087
1770338070.9124837,1.2,0.0,0.03,1.23,0.0,0.1,0.0,0.0,0.0,0.0,0.0002032324065278687,-0.00017227552379215602
1770338071.322991,1.2,0.0,0.03,1.23,0.0,0.1,0.0,0.0,0.0,0.0,-0.0006447543468340964,-0.0004071758487532447
1770338071.7310472,1.2,0.0,0.03,1.23,0.0,0.1,0.0,0.0,0.0,0.0,-0.0008163569256638912,-0.00042533872071492506
1770338072.155981,1.2,0.0,0.03,1.23,0.0,0.1,0.0,0.0,0.0,0.0,-0.0005792020974243983,-0.00031331653153614844
1770338072.5753727,1.2,0.0,0.03,1.23,0.0,0.1,0.0,0.0,0.0,0.0,-0.000906442760581368,-0.00048594544660638094
1770338072.9923215,1.2,0.0,0.03,1.23,0.0,0.1,0.0,0.0,0.0,0.0,-6.54471451668642e-05,-0.0001168231341248825
1770338073.402623,1.2,0.0,0.03,1.23,0.0,0.1,0.0,0.0,0.0,0.0,-7.108928527830812e-05,-3.6108856650298455e-05
1770338073.812213,1.2,0.0,0.03,1.23,0.0,0.1,0.0,0.0,0.0,0.0,-0.0005843848160573824,-0.00034352196110659866
1770338074.2274566,1.2,0.0,0.03,1.23,0.0,0.1,0.0,0.0,0.0,0.0,-0.00014183747704183422,-0.00011517347242247193
1770338074.6462421,1.2,0.0,0.03,1.23,0.0,0.1,0.0,0.0,0.0,0.0,-0.00018394912485258894,-9.618572720736994e-05
1770338075.0552886,1.2,0.0,0.03,1.23,0.0,0.1,0.0,0.0,0.0,0.0,-4.823765989478166e-05,-3.7689976443171556e-05
1770338075.4702022,1.2,0.0,0.03,1.23,0.0,0.1,0.0,0.0,0.0,0.0,0.0002717567880983478,-0.00016787783884848685
1770338075.8870645,1.2,0.0,0.03,1.23,0.0,0.1,0.0,0.0,0.0,0.0,0.00016788236027672827,-9.432862292052608e-05
1770338076.297002,1.2,0.0,0.03,1.23,0.0,0.1,0.0,0.0,0.0,0.0,-0.000612553820492043,-0.0003843205283228986
1770338076.717474,1.2,0.0,0.03,1.23,0.0,0.1,0.0,0.0,0.0,0.0,-0.00032428811310208276,-0.0001909706272900374
1770338077.1421041,1.2,0.0,0.03,1.23,0.0,0.1,0.0,0.0,0.0,0.0,-3.4610415566499095e-05,-4.6272977536807916e-05
1770338077.5539322,1.2,0.0,0.03,1.23,0.0,0.1,0.0,0.0,0.0,0.0,-0.00086160391418466,-0.0005135013069541461
1770338077.9910316,1.2,0.0,0.03,1.23,0.0,0.1,0.0,0.0,0.0,0.0,-0.00030088757518324794,-0.00020651542149176518
1770338078.402012,1.2,0.0,0.03,1.23,0.0,0.1,0.0,0.0,0.0,0.0,-4.8627593989142846e-05,-4.953979511398193e-05
1770338078.8136723,1.2,0.0,0.03,1.23,0.0,0.1,0.0,0.0,0.0,0.0,-0.0005808933827777788,-0.000343673270267753
1770338079.2462475,1.2,0.0,0.03,1.23,0.0,0.1,0.0,0.0,0.0,0.0,-0.0011520655442663745,-0.0006331499882820468
1770338079.6617808,1.2,0.0,0.03,1.23,0.0,0.1,0.0,0.0,0.0,0.0,0.000443694562249018,-0.0003814232917760483
1770338080.0683901,1.2,0.0,0.03,1.23,0.0,0.1,0.0,0.0,0.0,0.0,-0.0004575650483521807,-0.0003189084852362102
1770338080.4808116,1.2,0.0,0.03,1.23,0.0,0.1,0.0,0.0,0.0,0.0,-0.0005020617210625426,-0.0002554805278023075
1770338080.9122584,1.2,0.0,0.03,1.23,0.0,0.1,0.0,0.0,0.0,0.0,-0.00039322299345022566,-0.00020749536948634452
1770338081.3268378,1.2,0.0,0.03,1.23,0.0,0.1,0.0,0.0,0.0,0.0,-0.0007443295881609549,-0.0004072754535515504
1770338081.739798,1.2,0.0,0.03,1.23,0.0,0.1,0.0,0.0,0.0,0.0,-0.0006192584805320762,-0.00032213635102892597
1770338082.1534085,1.2,0.0,0.03,1.23,0.0,0.1,0.0,0.0,0.0,0.0,-0.0003884689584995827,-0.0002173134314530407
1770338082.5942397,1.2,0.0,0.03,1.23,0.0,0.1,0.0,0.0,0.0,0.0,-0.00043965458970432816,-0.00022494585797263862
1770338083.0079677,1.2,0.0,0.03,1.23,0.0,0.1,0.0,0.0,0.0,0.0,-0.0013151478445373864,-0.000745123247751999
1770338083.421599,1.2,0.0,0.03,1.23,0.0,0.1,0.0,0.0,0.0,0.0,-0.00018164821745373234,-0.0002041740714352316
1770338083.82958,1.2,0.0,0.03,1.23,0.0,0.1,0.0,0.0,0.0,0.0,0.00010959882267676257,-8.392411535143078e-05
1770338084.2638495,1.2,0.0,0.03,1.23,0.0,0.1,0.0,0.0,0.0,0.0,-0.0006731363223793985,-0.0004148416756953154
1770338084.6872656,1.2,0.0,0.03,1.23,0.0,0.1,0.0,0.0,0.0,0.0,0.00018963869237591398,-0.00018109684766348823
1770338085.103107,1.2,0.0,0.03,1.23,0.0,0.1,0.0,0.0,0.0,0.0,1.2498598030822239e-05,-2.3963308449920293e-05
1770338085.5116806,1.2,0.0,0.03,1.23,0.0,0.1,0.0,0.0,0.0,0.0,-0.0009263922236136409,-0.0005570851939712668
1770338085.9438534,1.2,0.0,0.03,1.23,0.0,0.1,0.0,0.0,0.0,0.0,0.00014065205998270384,-0.0001770304583509864
1770338086.355604,1.2,0.0,0.03,1.23,0.0,0.1,0.0,0.0,0.0,0.0,-0.0007013778771220132,-0.00043489193227147835
1770338086.769456,1.2,0.0,0.03,1.23,0.0,0.1,0.0,0.0,0.0,0.0,-0.0005720872301498782,-0.0002989726797721526
1770338087.1881618,1.2,0.0,0.03,1.23,0.0,0.1,0.0,0.0,0.0,0.0,-0.00045544183259602197,-0.0002393854560533966
1770338087.636103,1.2,0.0,0.03,1.23,0.0,0.1,0.0,0.0,0.0,0.0,-0.0016355703739128619,-0.000935798041088115
1770338088.0432415,1.2,0.0,0.03,1.23,0.0,0.1,0.0,0.0,0.0,0.0,-0.000194061155722958,-0.00024118149968046937
1770338088.4559994,1.2,0.0,0.03,1.23,0.0,0.1,0.0,0.0,0.0,0.0,-5.617625748670721e-05,-4.187661856697868e-05
1770338088.902495,1.2,0.0,0.03,1.23,0.0,0.1,0.0,0.0,0.0,0.0,-0.0008995951529229602,-0.0005341394660051054
1770338089.3246105,1.2,0.0,0.03,1.23,0.0,0.1,0.0,0.5,0.38134765625,-0.0006172576912920911,0.06595198256188987,-0.16500025230682844
1770338089.743551,1.2,0.0,0.03,1.230180029053688,0.0,0.09990278776526451,0.0,0.5,0.45,0.004272449161705819,0.1766397832135007,-0.15202133762011655
1770338090.1593854,1.2,0.0,0.03,1.230180029053688,0.0,0.09980553683161736,0.0,0.5,0.45,0.00038354881754733457,0.27287822965723324,-0.09856827863330397
1770338090.5707235,1.2,0.0,0.03,1.230180029053688,0.0,0.0997224050462246,0.0,0.5,0.45,0.0002804390793880031,0.3515117524579841,-0.05738791513047104
1770338090.9964726,1.2,0.0,0.03,1.230180029053688,0.0,0.09965186051368713,0.0,0.5,0.45,0.0002912268091534252,0.39656332975468606,-0.0315147196614806
1770338091.4085093,1.2,0.0,0.03,1.230180029053688,0.0,0.09958884897053241,0.0,0.5,0.45,0.0009765367158804197,0.42089261107814857,-0.01796315930915239
1770338091.8231468,1.2,0.0,0.03,1.230180029053688,0.0,0.09952997353315353,0.0,0.5,0.45,-0.0005524683208294839,0.43644677178018915,-0.008884498500938974
1770338092.2321608,1.2,0.0,0.03,1.230180029053688,0.0,0.09947378278315067,0.0,0.5,0.45,0.0038503356234050557,0.42237632208001025,-0.019069219553417827
1770338092.6475327,1.2,0.0,0.03,1.230180029053688,0.0,0.09941513602018355,0.0,0.5,0.45,-0.0009320738027838168,0.40832652588391743,-0.023173790480434386
1770338093.0748832,1.2,0.0,0.03,1.230180029053688,0.0,0.09935413183152675,0.0,0.5,0.45,0.001014562403529598,0.4009711792772784,-0.02626450742555432
1770338093.4935613,1.2,0.0,0.03,1.230180029053688,0.0,0.09929186165630817,0.0,0.5,0.45,-0.004498227213009275,0.3887309633242613,-0.03635676714618032
1770338093.9160976,1.2,0.0,0.03,1.230180029053688,0.0,0.09922756294250487,0.0,0.5,0.45,0.0023013471763068715,0.3660970609491984,-0.04651620693921396
1770338094.3484383,1.2,0.0,0.03,1.230180029053688,0.0,0.09915942354142665,0.0,0.5,0.45,-0.0027454451603939395,0.34438642245614326,-0.05772329778162783
1770338094.7859094,1.2,0.0,0.03,1.230180029053688,0.0,0.09908772182345389,0.25,0.18821041862254936,0.28644472010065736,0.15199308065724196,0.3031342506346494,-0.11047690179190345
1770338095.2119055,1.2,0.0,0.03,1.230180029053688,0.0,0.09901604010403155,0.0,0.5,0.29064837858962855,0.25397013923191636,0.26244469692959727,-0.2721409354324372
1770338095.6441576,1.2,0.0,0.03,1.2299430469822883,0.0,0.09901604010403155,0.25,0.12762237264783613,0.2715323426217747,0.08393770935524748,0.2587565931238053,-0.17281897577431646
1770338096.0634284,1.2,0.0,0.029950717874765394,1.2302173914313315,0.0,0.09894152352035045,0.25,0.12860173155587656,0.17239144482009716,0.23516024410348196,0.2339791387290151,-0.048111348290456026
1770338096.4778292,1.2,0.0,0.029950717874765394,1.2302173914313315,0.0,0.09888818484902381,0.0,0.5,0.35743380416591086,0.17854672173034042,0.2425318002755388,-0.23685298983017883
1770338096.906493,1.2,0.0,0.029950717874765394,1.2302173914313315,0.0,0.09882478985726832,0.25,0.10965209660735063,0.17409963145701446,0.2180901524223435,0.256487607007469,-0.07449941602607678
1770338097.3191712,1.2,0.0,0.029950717874765394,1.2302173914313315,0.0,0.09877491491556166,0.0,0.5,0.23289129864015784,0.24986162231317766,0.22316783963616157,-0.25805532855230656
1770338097.7372348,1.2,0.0,0.029950717874765394,1.2299740014553069,0.0,0.09877491491556166,0.25,0.12431503671402117,0.32156389663886775,0.08827976783137621,0.2685430234458588,-0.192768187146098
1770338098.1528986,1.2,0.0,0.029892997101545332,1.2302519268679617,0.0,0.09868919817268847,0.25,0.061686142670101696,0.169400946902678,0.18173774637737505,0.2834806138587459,-0.12679584614194758
1770338098.5658407,1.2,0.0,0.029892997101545332,1.2302519268679617,0.0,0.09868919817268847,0.0,0.5,0.2073431078451519,0.24224808638227627,0.25453574041773713,-0.26873889001266976
1770338098.9823303,1.2,0.0,0.029892997101545332,1.2300048898386953,0.0,0.09868919817268847,0.0,0.5,0.4074015302166301,0.035256347417521414,0.3137484074914913,-0.08800417548746624
1770338099.3989496,1.2,0.0,0.029892997101545332,1.2300048898386953,0.0,0.0986230416536331,0.25,0.05114670110059953,0.22149320706390324,0.010159582144131691,0.35892099880935874,-0.31307157286038284
1770338099.8309946,1.1996111434972285,0.0,0.029892997101545332,1.2303384613680837,0.0,0.0986230416536331,0.0,0.5,0.303664535785272,0.24304303117809775,0.3415698889888907,-0.2637308187619539
1770338100.2507415,1.1996111434972285,0.0,0.029892997101545332,1.2301060585784909,0.0,0.0986230416536331,0.0,0.5,0.4378782320258088,0.025048439545773717,0.4123807147502668,-0.04487828075968233
1770338100.6794674,1.1996111434972285,0.0,0.029892997101545332,1.2301060585784909,0.0,0.0985656526482105,0.25,0.05945839837933961,0.228661717160166,0.05687376174882302,0.4359049937843222,-0.29910030446666064
1770338101.0908175,1.1991856625461577,0.0,0.029892997101545332,1.2303576522946353,0.0,0.0985656526482105,0.0,0.5,0.40144492308594043,0.1759246030124935,0.4257441759709552,-0.18909031123633757
1770338101.506743,1.1991856625461577,0.0,0.029892997101545332,1.2303576522946353,0.0,0.09851979734539984,0.0,0.5,0.45,0.001284989545304355,0.4324075209262453,-0.010747563577710721
1770338101.9178548,1.1991856625461577,0.0,0.029892997101545332,1.2303576522946353,0.0,0.09846289387345313,0.0,0.5,0.45,-0.004475768025735108,0.4371004371524224,-0.011394841072141618
1770338102.3320053,1.1991856625461577,0.0,0.029892997101545332,1.2303576522946353,0.0,0.09840685558021067,0.0,0.5,0.45,-0.0037985727504704194,0.4319596127736055,-0.013332848801549363
1770338102.7472394,1.1991856625461577,0.0,0.029892997101545332,1.2303576522946353,0.0,0.09834992472290992,0.0,0.5,0.45,-0.007424663912969484,0.4134372771740993,-0.02755825888587047
1770338103.161167,1.1991856625461577,0.0,0.029892997101545332,1.2303576522946353,0.0,0.09828985124468803,0.0,0.5,0.45,-0.0031247112675840743,0.39190514366153306,-0.03432535278807417
1770338103.5894108,1.1991856625461577,0.0,0.029892997101545332,1.2303576522946353,0.0,0.09822607810974121,0.0,0.5,0.45,0.002270028502847407,0.3804207026808301,-0.03820812126050265
1770338104.002565,1.1991856625461577,0.0,0.029892997101545332,1.2303576522946353,0.0,0.09816033189892769,0.0,0.5,0.45,-0.0050890487387131615,0.36783936609787554,-0.04742749934807085
1770338104.4297254,1.1991856625461577,0.0,0.029892997101545332,1.2303576522946353,0.0,0.09809252924919128,0.25,0.13153430127790453,0.4078761502470688,-0.0018626379152289153,0.34804644788071304,-0.283756780920123
1770338104.8529794,1.1990420102655885,0.0,0.02983042366504669,1.2307506646656985,0.0,0.09800120396971702,0.0,0.5,0.3797703702380695,0.1771175720381489,0.30435138181762317,-0.21919657285468105
1770338105.2658482,1.1990420102655885,0.0,0.02983042366504669,1.2307506646656985,0.0,0.0979417315208912,0.0,0.5,0.45,0.01617689572892244,0.3335003422992103,-0.07734162062747603
1770338105.679998,1.1990420102655885,0.0,0.02983042366504669,1.2307506646656985,0.0,0.09786818875074388,0.0,0.5,0.45,-0.003946186086366767,0.3494603279995776,-0.055812020656614704
1770338106.0937784,1.1990420102655885,0.0,0.02983042366504669,1.2307506646656985,0.0,0.09779732886552812,0.0,0.5,0.45,0.005353345078315155,0.3760797034651009,-0.04497543089231704
1770338106.5070407,1.1990420102655885,0.0,0.02983042366504669,1.2307506646656985,0.0,0.09773083672165872,0.0,0.5,0.45,-0.0005303343780428763,0.4560824227650534,-0.01157181769056482
1770338106.9244998,1.1990420102655885,0.0,0.02983042366504669,1.2307506646656985,0.0,0.09767803783953191,0.0,0.5,0.45,-0.0021494896047731136,0.5226021012116858,-0.04510250805527926
1770338107.3521807,1.1990420102655885,0.0,0.02983042366504669,1.2307506646656985,0.0,0.09767803783953191,0.25,-0.009522354043312196,0.281159521978645,0.016100932133869775,0.5380074021066112,-0.3638635380196059
1770338107.7644048,1.1985020102655886,0.0,0.02989331552803516,1.2310370892691607,0.0,0.09767803783953191,0.0,0.5,0.2901325050010557,0.02215437344587267,0.4479458419091677,-0.11006719791967304
1770338108.1848829,1.1985020102655886,0.0,0.02989331552803516,1.2310370892691607,0.0,0.09767803783953191,0.0,0.5,0.4335966129104903,-0.00957347292479142,0.4791109963341697,-0.035447180079131335
1770338108.6008372,1.1985020102655886,0.0,0.02989331552803516,1.2310370892691607,0.0,0.09767803783953191,0.0,0.5,0.45,-0.008862081814978141,0.49353472761910006,-0.032071818753021196
1770338109.0286953,1.1985020102655886,0.0,0.02989331552803516,1.2310370892691607,0.0,0.09763186546206476,0.0,0.5,0.45,-0.0032779442184400704,0.48397657250141535,-0.021222045980916208
1770338109.445831,1.1985020102655886,0.0,0.02989331552803516,1.2310370892691607,0.0,0.09758394992232325,0.0,0.5,0.45,0.007441299408590187,0.4672145398106185,-0.017724772582979116
1770338109.8655357,1.1985020102655886,0.0,0.02989331552803516,1.2310370892691607,0.0,0.09753299391627314,0.0,0.5,0.45,0.006860904452032376,0.4447678418809127,-0.011721653304546628
1770338110.2842212,1.1985020102655886,0.0,0.02989331552803516,1.2310370892691607,0.0,0.09747816439270976,0.0,0.5,0.45,-0.003064969331407934,0.4276074215522963,-0.015977300588121423
1770338110.709942,1.1985020102655886,0.0,0.02989331552803516,1.2310370892691607,0.0,0.09742047793030742,0.25,0.04515266495180064,0.3014167720435844,-0.0063819032527294185,0.40611162902288955,-0.31087891099532267
1770338111.125479,1.198120879586935,0.0,0.02989331552803516,1.2313987834811204,0.0,0.09736640942454342,0.0,-0.5,-0.2464267244705846,0.04993858031760782,0.28776476508840415,-0.32886901149055076
1770338111.5409026,1.198120879586935,0.0,0.02989331552803516,1.2313987834811204,0.0,0.09746476305723194,0.0,-0.5,-0.4197678307895209,0.0037263993210733828,0.14897233897679782,-0.30197572681539336
1770338111.9591982,1.198120879586935,0.0,0.02989331552803516,1.2313987834811204,0.0,0.097581094442606,0.0,-0.5,-0.45,-0.001733985261694852,0.02391667163688577,-0.25119788781412894
1770338112.396838,1.198120879586935,0.0,0.02989331552803516,1.2313987834811204,0.0,0.09769057378172877,0.0,-0.5,-0.45,-0.0009242095357418425,-0.09074412924550658,-0.1920182250012278
1770338112.8213193,1.198120879586935,0.0,0.02989331552803516,1.2313987834811204,0.0,0.09778654554843905,0.0,-0.5,-0.45,-0.002438740782554769,-0.1797110841673827,-0.146479894191051
1770338113.2839897,1.198120879586935,0.0,0.02989331552803516,1.2313987834811204,0.0,0.09787025112271311,0.0,-0.5,-0.45,0.00215388192444349,-0.26125869583215866,-0.10467929517484176
1770338113.6966944,1.198120879586935,0.0,0.02989331552803516,1.2313987834811204,0.0,0.09794161835849287,0.0,-0.5,-0.45,0.0008605604345164416,-0.37497548340471126,-0.049744497489416076
1770338114.1110153,1.198120879586935,0.0,0.02989331552803516,1.2313987834811204,0.0,0.09799427577555181,0.25,0.015356894504044859,-0.3749547163544447,-0.00345637416079529,-0.4859606948213365,-0.3200578845359038
1770338114.5283837,1.1982995844233035,0.0,0.02971331552803516,1.2317310864973061,0.0,0.09799427577555181,0.0,-0.5,-0.22020051572152352,0.0856916849525438,-0.44161833518212806,-0.2008348306467669
1770338114.9540796,1.1982995844233035,0.0,0.02971331552803516,1.2317310864973061,0.0,0.09799427577555181,0.0,-0.5,-0.41146969442751335,-0.0026035887555993812,-0.4455688502471126,-0.02004821817189747
1770338115.3752923,1.1982995844233035,0.0,0.02971331552803516,1.2317310864973061,0.0,0.09799427577555181,0.0,-0.5,-0.45,0.0006063370945169358,-0.47228414563269927,-0.014419939449425231
1770338115.7871692,1.1982995844233035,0.0,0.02971331552803516,1.2317310864973061,0.0,0.09799427577555181,0.0,-0.5,-0.45,-0.0004747750308014979,-0.4593847830474409,-0.006457102813047781
1770338116.2062798,1.1982995844233035,0.0,0.02971331552803516,1.2317310864973061,0.0,0.09799427577555181,0.0,-0.5,-0.45,0.0027175200884444924,-0.4387748395611463,-0.010391094656500795
1770338116.6263285,1.1982995844233035,0.0,0.02971331552803516,1.2317310864973061,0.0,0.09799427577555181,0.0,-0.5,-0.45,-0.00246550174715186,-0.41422632471417403,-0.02280719087476208
1770338117.0354319,1.1982995844233035,0.0,0.02971331552803516,1.2317310864973061,0.0,0.09804023854374887,0.0,-0.5,-0.45,0.0002538666256957944,-0.39945482382415415,-0.027003604802620717
1770338117.4520102,1.1982995844233035,0.0,0.02971331552803516,1.2317310864973061,0.0,0.09808872533500196,0.0,-0.5,-0.45,-0.001674188845297577,-0.39124724433059005,-0.03187132462935897
1770338117.8847275,1.1982995844233035,0.0,0.02971331552803516,1.2317310864973061,0.0,0.09813861742138864,0.25,-0.000367390900678461,-0.3749789200973167,-0.002591469096618014,-0.3676146050816063,-0.25863689052937155
1770338118.2999892,1.1982995844233035,0.0,0.02954737802803516,1.2320563659453385,0.0,0.09813861742138864,0.0,0.5,0.2528126195472188,0.05859315203905131,-0.26310336737044876,-0.3270022692690008
1770338118.7316184,1.1982995844233035,0.0,0.02954737802803516,1.2320563659453385,0.0,0.09803144852638246,0.0,0.5,0.4217883679036122,0.0034790648404650964,-0.13599436794485623,-0.29508133270725856
1770338119.1628644,1.1982995844233035,0.0,0.02954737802803516,1.232265256404876,0.0,0.09790503297924996,0.0,0.5,0.45,-0.006920850791536745,-0.025202275742784115,-0.255601197883136
1770338119.6110568,1.1982995844233035,0.0,0.02954737802803516,1.232480458724498,0.0,0.09778368517637254,0.0,0.5,0.45,-0.00390729760213646,0.05513393101080111,-0.20937395277209442
1770338120.0368147,1.1982995844233035,0.0,0.02954737802803516,1.2326815217256537,0.0,0.09767095682382584,0.0,0.5,0.45,0.0035321440942723383,0.13394592376459058,-0.169440381487356
1770338120.4508412,1.1982995844233035,0.0,0.02954737802803516,1.2326815217256537,0.0,0.09756796399950982,0.0,0.5,0.45,0.0007273748785336566,0.20710621276169977,-0.1294902973973947
1770338120.8740342,1.1982995844233035,0.0,0.02954737802803516,1.2326815217256537,0.0,0.09747500053405762,0.0,0.5,0.45,0.000534258889871015,0.2982279406734581,-0.08553246134431781
1770338121.2934947,1.1982995844233035,0.0,0.02954737802803516,1.2326815217256537,0.0,0.09739583655655384,0.0,0.5,0.45,0.0008608019609962479,0.39463490203562546,-0.03818404707940026
1770338121.7077978,1.1982995844233035,0.0,0.02954737802803516,1.2326815217256537,0.0,0.0973324944150448,0.0,0.5,0.45,0.0017079453395913557,0.47399971913135686,-0.02164428661484292
1770338122.1221116,1.1982995844233035,0.0,0.02954737802803516,1.2326815217256537,0.0,0.09728278053998948,0.0,0.5,0.45,-0.001853942324400772,0.51272583587166,-0.03708947193426108
1770338122.534012,1.1982995844233035,0.0,0.02954737802803516,1.2326815217256537,0.0,0.09728278053998948,0.0,0.5,0.45,-0.0011375122436900495,0.5274322254785555,-0.04132426394365735
1770338122.9612644,1.1982995844233035,0.0,0.02954737802803516,1.2326815217256537,0.0,0.09728278053998948,0.0,0.5,0.45,-8.667523179645411e-06,0.5472624701049952,-0.05062292703832119
1770338123.3935122,1.1982995844233035,0.0,0.02954737802803516,1.2326815217256537,0.0,0.09728278053998948,0.0,0.5,0.45,-0.00018568326967237936,0.5406993344226049,-0.04619166404921384
1770338123.8155792,1.1982995844233035,0.0,0.02954737802803516,1.2326815217256537,0.0,0.09728278053998948,0.0,0.5,0.45,-0.0006623026702697993,0.5091010510769785,-0.03337265654332166
1770338124.23486,1.1982995844233035,0.0,0.02954737802803516,1.2326815217256537,0.0,0.09728278053998948,0.0,0.5,0.45,0.0014969100559191835,0.4670476713844757,-0.014226083717407315
1770338124.6535592,1.1982995844233035,0.0,0.02954737802803516,1.2326815217256537,0.0,0.09723186106026174,0.0,0.5,0.45,0.0023733904592007763,0.4342510329252117,-0.013527537842521321
1770338125.0733962,1.1982995844233035,0.0,0.02954737802803516,1.2326815217256537,0.0,0.09717526415944101,0.0,0.5,0.45,0.0002871368088840666,0.4103850308966964,-0.02248122156338739
1770338125.4865859,1.1982995844233035,0.0,0.02954737802803516,1.2326815217256537,0.0,0.09711460035383704,0.0,0.5,0.3592590794037962,0.07115733557237475,0.3736473272146471,-0.08202522984600513
1770338125.904092,1.1982995844233035,0.0,0.02954737802803516,1.2326815217256537,0.0,0.09711460035383704,0.0,0.5,0.42083323216463536,0.06560218825020776,0.3414443896719904,-0.1085169032507959
1770338126.3381684,1.1982995844233035,0.0,0.02954737802803516,1.2326815217256537,0.0,0.09704965016365054,0.0,0.5,0.42083323216463536,9.25845279178e-06,0.2647324832125917,-0.08573082357475349
1770338126.751409,1.1982995844233035,0.0,0.02954737802803516,1.2326815217256537,0.0,0.09697226016163829,0.0,0.5,0.42083323216463536,-0.0005384503908682362,0.20610380599976524,-0.11376603119458593
1770338127.1683965,1.1982995844233035,0.0,0.02954737802803516,1.2326815217256537,0.0,0.0968858418118954,0.0,0.5,0.42083323216463536,-0.000597370741179718,0.16487374907454358,-0.13270011797874776
1770338127.5837522,1.1982995844233035,0.0,0.02954737802803516,1.2326815217256537,0.0,0.09679340992808344,0.0,0.5,0.42083323216463536,-0.0006647274541142045,0.12847659241901518,-0.15048276299247715
1770338128.0172343,1.1982995844233035,0.0,0.02954737802803516,1.2326815217256537,0.0,0.09669592277765277,0.0,0.5,0.42083323216463536,-0.0005178634619328115,0.10250162307372039,-0.16228116494191977
1770338128.4555397,1.1982995844233035,0.0,0.02954737802803516,1.232864252793788,0.0,0.09659498218655589,0.0,0.5,0.42083323216463536,-0.00037035085380616106,0.0797038052195377,-0.17321484611177326
1770338128.8658888,1.1982995844233035,0.0,0.02954737802803516,1.2330506670069685,0.0,0.09649111956477167,0.0,0.5,0.42083323216463536,-0.00029597958032330984,0.06054418620661011,-0.1823564644606287
1770338129.2846272,1.1982995844233035,0.0,0.02954737802803516,1.2332400905728331,0.0,0.09638488103151324,0.0,0.5,0.42083323216463536,-0.00023001398657715945,0.048074369969708645,-0.18785642670773064
1770338129.7119663,1.1982995844233035,0.0,0.02954737802803516,1.2334313751196853,0.0,0.09627713606238368,0.0,0.5,0.42083323216463536,-0.0001739948161544451,0.03745040192810129,-0.1929278067385822
1770338130.1392746,1.1982995844233035,0.0,0.02954737802803516,1.2336241985678664,0.0,0.09616813253641132,0.0,0.5,0.42083323216463536,-0.00013497628033106555,0.030362926125810843,-0.19607887687997239
1770338130.5555856,1.1982995844233035,0.0,0.02954737802803516,1.2338180224156372,0.0,0.09605830222487453,0.0,0.5,0.42083323216463536,-0.00010190279877187559,0.023294345439932446,-0.19957820422971118
1770338130.9752898,1.1982995844233035,0.0,0.02954737802803516,1.2340128322005264,0.0,0.09594765745520595,0.0,0.5,0.42083323216463536,-7.931688538719112e-05,0.0169533822245345,-0.20265333817697742
1770338131.3900402,1.1982995844233035,0.0,0.02954737802803516,1.2342085189604752,0.0,0.09583629073143009,0.0,0.5,0.42083323216463536,-5.941945543390592e-05,0.013916225653223471,-0.20382163836827097
1770338131.8050582,1.1982995844233035,0.0,0.02954737802803516,1.234404608716964,0.0,0.09572458118915561,0.0,0.5,0.42083323216463536,-4.656896635305682e-05,0.011801538847176284,-0.20477388430568733
1770338132.2219815,1.1982995844233035,0.0,0.02954737802803516,1.2346009783887857,0.0,0.0956126340889931,0.0,0.5,0.42083323216463536,-3.522125026359262e-05,0.009248563051003654,-0.2060828533866967
1770338132.638533,1.1982995844233035,0.0,0.02954737802803516,1.2347976888084404,0.0,0.09550040132284168,0.0,0.5,0.42083323216463536,-2.707414217850447e-05,0.006294331809778642,-0.20759194744372939
1770338133.0508158,1.1982995844233035,0.0,0.02954737802803516,1.2349947966027253,0.0,0.09538783964276318,0.0,0.5,0.42083323216463536,-2.106583261354543e-05,0.0043459663089014154,-0.20845953531056824
1770338133.470199,1.1982995844233035,0.0,0.02954737802803516,1.2351921638631813,0.0,0.09527506203413014,0.0,0.5,0.42083323216463536,-1.602608019599146e-05,0.004093984988189583,-0.20841084780049007
1770338133.8854194,1.1982995844233035,0.0,0.02954737802803516,1.2353895592546456,0.0,0.09516225660562519,0.0,0.5,0.42083323216463536,-1.2419216516805498e-05,0.0031811463951222567,-0.20892974596058012
1770338134.2966533,1.1982995844233035,0.0,0.02954737802803516,1.2355870746159545,0.0,0.09504935031533245,0.0,0.5,0.42083323216463536,-9.62529041342654e-06,0.0023161422548598804,-0.20935467065932742
1770338134.7123954,1.1982995844233035,0.0,0.02954737802803516,1.2357847041320793,0.0,0.0949363486027718,0.0,0.5,0.42083323216463536,-7.302868581297592e-06,0.0010624864553594698,-0.2100180413031693
1770338135.130382,1.1982995844233035,0.0,0.02954737802803516,1.2359825007390968,0.0,0.09482320884227756,0.0,0.5,0.42083323216463536,-5.6875472777520285e-06,0.001390305776117282,-0.2097599326736126
1770338135.5434003,1.1982995844233035,0.0,0.02954737802803516,1.236180250911712,0.0,0.09471010520577434,0.0,0.5,0.42083323216463536,-4.41415206285496e-06,0.0008747266214053655,-0.21003522483914902
1770338135.9741395,1.1982995844233035,0.0,0.02954737802803516,1.2363780693626396,0.0,0.09459694485664372,0.0,0.5,0.42083323216463536,-3.3395557056060215e-06,0.0015656874515798892,-0.2097062079952508
1770338136.3880453,1.1982995844233035,0.0,0.02954737802803516,1.2365757928633683,0.0,0.09448386054277425,0.0,0.5,0.42083323216463536,-2.4078610728759994e-06,-1.6778480351228094e-05,-0.2105856597767593
1770338136.799413,1.1982995844233035,0.0,0.02954737802803516,1.236773729245662,0.0,0.0943706023037434,0.0,0.5,0.42083323216463536,-1.8988238716930161e-06,-1.0356540301100539e-05,-0.21042433537034494
1770338137.2277417,1.1982995844233035,0.0,0.02954737802803516,1.236971664104461,0.0,0.09425734471917156,0.0,0.5,0.42083323216463536,-1.4542233190448497e-06,0.0003714771101148344,-0.21027051511562092
1770338137.653843,1.1982995844233035,0.0,0.02954737802803516,1.2371695468854897,0.0,0.09414412909507755,0.0,0.5,0.42083323216463536,-1.1345486543815498e-06,0.0006234276205178933,-0.21013123187175345
1770338138.0647879,1.1982995844233035,0.0,0.02954737802803516,1.2373673952269548,0.0,0.09403094115138057,0.0,0.5,0.42083323216463536,-8.573936903149097e-07,-4.867430017928883e-05,-0.21050902081816736
1770338138.4787612,1.1982995844233035,0.0,0.02954737802803516,1.2375653339052195,0.0,0.0939176793932915,0.0,0.5,0.42083323216463536,-6.639349738184322e-07,-0.0004396258104184421,-0.21067618807352462
1770338138.8892996,1.1982995844233035,0.0,0.02954737802803516,1.2377633250474924,0.0,0.0938043747198582,0.0,0.5,0.42083323216463536,-5.136464368503593e-07,-0.00015740836395105722,-0.2105240556553768
1770338139.3052027,1.1982995844233035,0.0,0.02954737802803516,1.2379612780165667,0.0,0.09369110103130343,0.0,0.5,0.42083323216463536,-3.8813718127809613e-07,0.00040850127083231195,-0.21026934454756116
1770338139.7178211,1.1982995844233035,0.0,0.02954737802803516,1.2381591544246668,0.0,0.09357788946270945,0.0,0.5,0.42083323216463536,-2.997376761399912e-07,0.0005029812526309957,-0.2101748731918582
1770338140.1305707,1.1982995844233035,0.0,0.02954737802803516,1.238357017936706,0.0,0.09346468829035762,0.0,0.5,0.42083323216463536,-2.326235215985132e-07,2.7386649504650812e-05,-0.2104507148413996
1770338140.5514314,1.1982995844233035,0.0,0.02954737802803516,1.238554945607185,0.0,0.09335143489003184,0.0,0.5,0.42083323216463536,-1.8466821070530344e-07,-0.0009177559726285916,-0.210970192999056
1770338140.9673996,1.1982995844233035,0.0,0.02954737802803516,1.2387530006289478,0.0,0.09323807780623439,0.0,0.5,0.42083323216463536,-1.4328638396342982e-07,-0.0006588874418125869,-0.21077208994268953
1770338141.3896325,1.1982995844233035,0.0,0.02954737802803516,1.2389510207390781,0.0,0.0931247491002083,0.0,0.5,0.42083323216463536,-1.0213104794989524e-07,2.5115543265625878e-06,-0.21048160233581625
1770338141.8081243,1.1982995844233035,0.0,0.02954737802803516,1.2391489516711232,0.0,0.09301149297475818,0.0,0.5,0.42083323216463536,-8.018234080763922e-08,-0.0005265477298127699,-0.21073287605797877
1770338142.225775,1.1982995844233035,0.0,0.02954737802803516,1.2393469538855548,0.0,0.09289817879557613,0.0,0.5,0.42083323216463536,-6.072632780281024e-08,-4.715639042189126e-05,-0.21048819413779551
1770338142.6457376,1.1982995844233035,0.0,0.02954737802803516,1.2395448914694782,0.0,0.09278491718769077,0.0,0.5,0.42083323216463536,-4.7157413068092826e-08,-0.0004970537644478653,-0.21071017985935728
1770338143.0561824,1.1982995844233035,0.0,0.02954737802803516,1.2397428896713252,0.0,0.09267160620570186,0.0,0.5,0.42083323216463536,-3.6359486569660644e-08,-0.0007414037544442231,-0.21081178931802597
1770338143.4642467,1.1982995844233035,0.0,0.02954737802803516,1.2399409207248682,0.0,0.09255826846599582,0.0,0.5,0.42083323216463536,-2.9109116946844084e-08,-0.0002833428550044021,-0.21060412270888082
1770338143.8723187,1.1982995844233035,0.0,0.02954737802803516,1.2401388900661463,0.0,0.09244498094797138,0.0,0.5,0.42083323216463536,-2.2608986612945817e-08,0.00023312992405749968,-0.21035172100718172
1770338144.2938757,1.1982995844233035,0.0,0.02954737802803516,1.2403367897558206,0.0,0.09233175013184551,0.0,0.5,0.42083323216463536,-1.6629820558355704e-08,0.000567136124278094,-0.21016646527002122
1770338144.7183144,1.1982995844233035,0.0,0.02954737802803516,1.2405346442556375,0.0,0.0922185560190678,0.0,0.5,0.42083323216463536,-1.329985126265528e-08,-0.0009161811252280422,-0.2110230516697336
1770338145.1495957,1.1982995844233035,0.0,0.02954737802803516,1.240732698848247,0.0,0.09210519910693173,0.0,0.5,0.42083323216463536,-9.502247848356877e-09,-0.0009508402531646703,-0.21089551162394152
1770338145.5667129,1.1982995844233035,0.0,0.02954737802803516,1.2409307580757136,0.0,0.0919918384289742,0.0,0.5,0.42083323216463536,-7.408588345229578e-09,-0.0007606754498635769,-0.21081597769616794
1770338145.9993107,1.1982995844233035,0.0,0.02954737802803516,1.241128791661262,0.0,0.09187849856495861,0.0,0.5,0.42083323216463536,-5.609151220070398e-09,-8.035526047387695e-05,-0.2105248313406448
1770338146.42081,1.1982995844233035,0.0,0.02954737802803516,1.2413267335581775,0.0,0.09176523330926899,0.0,0.5,0.42083323216463536,-4.242439666058454e-09,-0.00040554782307222325,-0.2106519134925533
1770338146.8329241,1.1982995844233035,0.0,0.02954737802803516,1.24152471935749,0.0,0.09165193241238598,0.0,0.5,0.42083323216463536,-3.286918414601905e-09,0.0004143988687263334,-0.21029141460405276
1770338147.2451944,1.1982995844233035,0.0,0.02954737802803516,1.2417225944566723,0.0,0.09153872151970867,0.0,0.5,0.42083323216463536,-2.547722608380087e-09,-0.0008845074649967948,-0.21098876299591102
1770338147.6632254,1.1982995844233035,0.0,0.02954737802803516,1.2419206447577473,0.0,0.09142536808371547,0.0,0.5,0.42083323216463536,-1.9256298602648962e-09,-0.000672206246912698,-0.2107739512532123
1770338148.0780747,1.1982995844233035,0.0,0.02954737802803516,1.242118666477203,0.0,0.09131203789711002,0.0,0.5,0.42083323216463536,-1.489739111548856e-09,-0.000662281265588067,-0.2107487507029833
1770338148.4940817,1.1982995844233035,0.0,0.02954737802803516,1.2423166868662832,0.0,0.09119870883703236,0.0,0.5,0.42083323216463536,-1.1562524694475503e-09,0.00027573533007960974,-0.21037255123309712
1770338148.912634,1.1982995844233035,0.0,0.02954737802803516,1.2425145807194706,0.0,0.09108548269867901,0.0,0.5,0.42083323216463536,-8.711664369265936e-10,-0.00018374534109035434,-0.2105544376911463
1770338149.325569,1.1982995844233035,0.0,0.02954737802803516,1.2427125366067884,0.0,0.09097220611333852,0.0,0.5,0.42083323216463536,-6.770292670671721e-10,-0.0006950503726383738,-0.21081527244882095
1770338149.7497497,1.1982995844233035,0.0,0.02954737802803516,1.2429105613946911,0.0,0.09085887346982961,0.0,0.5,0.42083323216463536,-5.255207242053821e-10,-0.0003950464303211457,-0.2106441402172307
1770338150.1754534,1.1982995844233035,0.0,0.02954737802803516,1.2431085457563398,0.0,0.09074557371020323,0.0,0.5,0.42083323216463536,-3.9719518244695656e-10,-0.00046477914704941747,-0.2106559793247104
1770338150.5877695,1.1982995844233035,0.0,0.02954737802803516,1.243306539559364,0.0,0.09063226630091673,0.0,0.5,0.42083323216463536,-2.98748099565391e-10,-0.0002955609017484678,-0.21058131865647012
1770338151.013481,1.1982995844233035,0.0,0.02954737802803516,1.2435045105099676,0.0,0.09051897745251661,0.0,0.5,0.42083323216463536,-2.3262163862169447e-10,0.0002132723200595023,-0.21036086347709035
1770338151.4319327,1.1982995844233035,0.0,0.02954737802803516,1.2437024128603933,0.0,0.09040574444770819,0.0,0.5,0.42083323216463536,-1.5852490300072495e-10,-0.00010902794615465348,-0.21050336024054134
1770338151.8467555,1.1982995844233035,0.0,0.02954737802803516,1.2439003586196897,0.0,0.0902924760806561,0.0,0.5,0.42083323216463536,-1.3632336194825578e-10,-0.0012479761606826992,-0.21115449912043519
1770338152.2693512,1.1982995844233035,0.0,0.02954737802803516,1.2440984577584264,0.0,0.09017908280849461,0.0,0.5,0.42083323216463536,-1.0295516475234442e-10,6.757948806940765e-05,-0.21051438200611336
1770338152.6820445,1.1982995844233035,0.0,0.02954737802803516,1.2442963797855375,0.0,0.09006583384990696,0.0,0.5,0.42083323216463536,-7.887606954640606e-11,-0.00034988984422167947,-0.2106333080165337
1770338153.1050627,1.1982995844233035,0.0,0.02954737802803516,1.2444943580317496,0.0,0.089952539036274,0.0,0.5,0.42083323216463536,-6.172547572998747e-11,0.0002255678366890321,-0.21036137799378973
1770338153.5278482,1.1982995844233035,0.0,0.02954737802803516,1.2446922586441038,0.0,0.08983930742621425,0.0,0.5,0.42083323216463536,-4.7912270312566555e-11,6.701050321560075e-05,-0.21039896661196947
1770338153.9407094,1.1982995844233035,0.0,0.02954737802803516,1.2448901807570456,0.0,0.08972605838179591,0.0,0.5,0.42083323216463536,-3.728745089960531e-11,-0.00023446439874014153,-0.2105639958091708
1770338154.360224,1.1982995844233035,0.0,0.02954737802803516,1.2450881434893606,0.0,0.08961277627110484,0.0,0.5,0.42083323216463536,-2.8218140672266414e-11,-0.0003285439020009494,-0.21059029601186238
1770338154.7772815,1.1982995844233035,0.0,0.02954737802803516,1.245286118946075,0.0,0.0894994838178158,0.0,0.5,0.42083323216463536,-2.1358556562508854e-11,-0.0007505220834006561,-0.21083407496351653
1770338155.1925688,1.1982995844233035,0.0,0.02954737802803516,1.2454841512012478,0.0,0.08938614508032801,0.0,0.5,0.42083323216463536,-1.660335954704887e-11,0.000516737333276293,-0.21028497337395058
1770338155.6191294,1.1982995844233035,0.0,0.02954737802803516,1.2456820125031467,0.0,0.08927294544219973,0.0,0.5,0.42083323216463536,-1.255476675983781e-11,0.00027089222744051543,-0.21030575449173575
1770338156.0338027,1.1982995844233035,0.0,0.02954737802803516,1.2458799069786068,0.0,0.08915971879959109,0.0,0.5,0.42083323216463536,-9.74455048701362e-12,-0.000345237133158977,-0.21065084759470165
1770338156.4490771,1.1982995844233035,0.0,0.02954737802803516,1.246077884624004,0.0,0.08904642450094226,0.0,0.5,0.42083323216463536,-7.561789151185558e-12,-0.000902043513366961,-0.21092331848458376
1770338156.8734276,1.1982995844233035,0.0,0.02954737802803516,1.2462759372639651,0.0,0.08893306912302974,0.0,0.5,0.42083323216463536,-5.417488631099436e-12,-0.0005574372163694285,-0.21072979532561964
1770338157.3011458,1.1982995844233035,0.0,0.02954737802803516,1.2464739435124392,0.0,0.08881975157499317,0.0,0.5,0.42083323216463536,-4.208505030039215e-12,-0.0007895766211273244,-0.21083461833756564
1770338157.7233858,1.1982995844233035,0.0,0.02954737802803516,1.2466719810461993,0.0,0.08870640854597095,0.0,0.5,0.42083323216463536,-3.1861591584874565e-12,-0.00022247314442695525,-0.21058456300538736
1770338158.1442657,1.1982995844233035,0.0,0.02954737802803516,1.2468699422121043,0.0,0.08859312770128254,0.0,0.5,0.42083323216463536,-2.5510032771811107e-12,6.37333143026384e-05,-0.21041337007359034
1770338158.5585556,1.1982995844233035,0.0,0.02954737802803516,1.2470678647112843,0.0,0.08847987825989727,0.0,0.5,0.42083323216463536,-1.979028811760718e-12,-0.00012817960756789657,-0.2104998971802677
1770338158.9827266,1.1982995844233035,0.0,0.02954737802803516,1.2472658131527896,0.0,0.08836660778999332,0.0,0.5,0.42083323216463536,-1.4177554549795643e-12,-0.0005529698668349067,-0.21073558004307957
1770338159.4019995,1.1982995844233035,0.0,0.02954737802803516,1.2474638187789913,0.0,0.08825329069256786,0.0,0.5,0.42083323216463536,-1.1649459525781593e-12,-0.0009014624088679662,-0.21090219654211992
1770338159.8271558,1.1982995844233035,0.0,0.02954737802803516,1.2476618713545795,0.0,0.08813993537902835,0.0,0.5,0.42083323216463536,-8.810528534559392e-13,-0.000258213706020387,-0.21061004780649367
1770338160.245691,1.1982995844233035,0.0,0.02954737802803516,1.2478598372411724,0.0,0.08802665060758594,0.0,0.5,0.42083323216463536,-6.81024357161138e-13,0.00023290100827907094,-0.2103492770502891
1770338160.6603284,1.1982995844233035,0.0,0.02954737802803516,1.2480577368879315,0.0,0.08791341978073124,0.0,0.5,0.42083323216463536,-5.179541860574218e-13,-0.00038305587862319984,-0.21066973971083744
1770338161.0877903,1.1982995844233035,0.0,0.02954737802803516,1.24825571968317,0.0,0.08780012134075169,0.0,0.5,0.42083323216463536,-4.0353328081205686e-13,-0.0007286359274087423,-0.21081549205130415
1770338161.4988272,1.1982995844233035,0.0,0.02954737802803516,1.2484537490200993,0.0,0.08768678500652317,0.0,0.5,0.42083323216463536,-2.889870695046238e-13,-0.0005229920072307469,-0.21069867647823987
1770338161.9283106,1.1982995844233035,0.0,0.02954737802803516,1.2486517506980892,0.0,0.08757347122430806,0.0,0.5,0.42083323216463536,-2.3786131163459844e-13,-3.5117704992465647e-05,-0.2104829623652756
1770338162.3549411,1.1982995844233035,0.0,0.02954737802803516,1.2488496865224834,0.0,0.0874602109575272,0.0,0.5,0.42083323216463536,-1.8024603723527678e-13,-0.0003482133433657745,-0.21062203231801813
1770338162.7891536,1.1982995844233035,0.0,0.02954737802803516,1.2490476645755764,0.0,0.08734691632628445,0.0,0.5,0.42083323216463536,-1.3632027591686663e-13,-0.00044189618445353204,-0.21064693245878952
1770338163.1999435,1.1982995844233035,0.0,0.02954737802803516,1.2492456552672382,0.0,0.0872336114275456,0.0,0.5,0.42083323216463536,-1.0592749326447964e-13,-0.000444362469920723,-0.2106390439459307
1770338163.6190753,1.1982995844233035,0.0,0.02954737802803516,1.249443646216392,0.0,0.08712030628204351,0.0,0.5,0.42083323216463536,-8.223854317507149e-14,0.00045640436359626745,-0.21027849058395348
1770338164.039913,1.1982995844233035,0.0,0.02954737802803516,1.249641515693664,0.0,0.08700709999203687,0.0,0.5,0.42083323216463536,-6.217738460073328e-14,0.0003480430885346899,-0.21025343066561866
1770338164.4580636,1.1982995844233035,0.0,0.02954737802803516,1.2498393998479838,0.0,0.08689388179302221,0.0,0.5,0.42083323216463536,-4.7124675418725276e-14,-0.0004862249248149129,-0.21074315534610724
1770338164.8771594,1.1982995844233035,0.0,0.02954737802803516,1.250037396526336,0.0,0.08678057204484944,0.0,0.5,0.42083323216463536,-3.6508727663595646e-14,-0.0003315036554977105,-0.21059784003703477
1770338165.2857194,1.1982995844233035,0.0,0.02954737802803516,1.2502353723907464,0.0,0.08666727922677998,0.0,0.5,0.42083323216463536,-2.839811820768346e-14,-0.0002899154778651005,-0.21056573263904188
1770338165.710641,1.1982995844233035,0.0,0.02954737802803516,1.2504333426332468,0.0,0.0865539910113812,0.0,0.5,0.42083323216463536,-2.150042794885804e-14,-0.00034765718328928357,-0.21059621884452626
1770338166.1214788,1.1982995844233035,0.0,0.02954737802803516,1.2506313205790514,0.0,0.0864406964552403,0.0,0.5,0.42083323216463536,-1.6710650331052956e-14,0.00017462238503133565,-0.2103815328466508
1770338166.541301,1.1982995844233035,0.0,0.02954737802803516,1.2508292280793183,0.0,0.0863274592018128,0.25,-0.03710672464981436,0.3063482429610229,-1.2985922966040873e-14,-0.0009392823720116145,-0.40375515314223454
1770338166.987972,1.1985825671088695,0.0,0.02936737802803516,1.2512495982527725,0.0,0.08620878498196607,0.25,-0.03902277348693303,0.07971418546836065,0.1711099589925623,0.005256715134060335,-0.11673837592519506
1770338167.401281,1.1988533707416056,0.0,0.029271090103983877,1.2512495982527725,0.0,0.08620878498196607,0.25,-0.03844202357976015,0.015611560600908451,0.24341726420452434,0.0002781425357985355,-0.014747302087856802
1770338167.8183305,1.1991695058524607,0.0,0.02920808125376701,1.2512495982527725,0.0,0.08620878498196607,0.25,0.00533585445572933,-0.00794053782019381,0.25458189665810393,-0.004083287505609545,-0.006946664819536875
1770338168.2322357,1.199480673072338,0.0,0.02915267632126808,1.2512495982527725,0.0,0.08620878498196607,0.25,0.008346216204274962,-0.006908164106001329,0.25661014198503573,-0.00562804493740614,-0.007404677312512988
1770338168.669103,1.1997990996372698,0.0,0.029096703001856804,1.2512495982527725,0.0,0.08620878498196607,0.25,0.0035584279967231618,-0.0021857862991644834,0.2538196475895592,-0.0026877359167913678,-0.004364653300434136
1770338169.0836916,1.2001142028164862,0.0,0.02904007246077061,1.2512495982527725,0.0,0.08620878498196607,0.25,0.003977557332294143,-0.0006915964462200124,0.2538628361022606,0.000921621920303553,-0.005030381069231899
1770338169.5337217,1.200425352655649,0.0,0.028984764270186425,1.2512495982527725,0.0,0.08620878498196607,0.25,0.012279660270441948,-0.0001641190785463506,0.2518687768597079,0.0025582631530974296,-0.0033936320988091546
1770338169.9635873,1.2007311756277081,0.0,0.028929612055420877,1.2512495982527725,0.0,0.08620878498196607,0.25,0.00615056386326037,-5.192830219630625e-05,0.24758946231476714,0.0043714607162392,-0.004803551950764791
1770338170.3838334,1.2010270297300814,0.0,0.028874273099899293,1.2512495982527725,0.0,0.08620878498196607,0.25,0.005433596662254201,-1.6430439366800023e-05,0.2501224922380634,0.006929393769560048,-0.0038511976478588857
1770338170.805164,1.201322890076637,0.0,0.028820786156058313,1.2512495982527725,0.0,0.08620878498196607,0.25,0.006674991914698595,-5.19869370590157e-06,0.24980412244427228,0.0023461277827265016,-0.001829867392627281
1770338171.231252,1.2016258474838732,0.0,0.028764982105493546,1.2512495982527725,0.0,0.08620878498196607,0.25,0.008914079114786144,-1.233674385287189e-06,0.24962162253255582,-0.0020392765273781954,-0.0018359393249511038
1770338171.6569643,1.2019357748150825,0.0,0.02870699603497982,1.2512495982527725,0.0,0.08620878498196607,0.25,0.010293015568423753,-3.9034228596977466e-07,0.25000715336990714,-0.0002679590048218182,-0.00031806945343070437
1770338172.0737097,1.2022434089541434,0.0,0.028649965796470642,1.2512495982527725,0.0,0.08620878498196607,0.25,0.011075527189108135,-1.23506738920124e-07,0.24949518258853742,0.0007557619007448212,-0.0009851322057611114
1770338172.4840155,1.2025484977841376,0.0,0.028593310085535048,1.2512495982527725,0.0,0.08620878498196607,0.25,0.011934492413265893,-3.9078304111445487e-08,0.24231910766680953,0.0013764817375823213,-0.008431224724817436
1770338172.8955777,1.2028406268775462,0.0,0.028535219285488127,1.2512495982527725,0.0,0.08620878498196607,0.22916666666666674,0.013102575506832833,-1.236461966026205e-08,0.23364424752034843,0.005529746577235986,-0.0076577868085748796
1770338173.3087063,1.203120464168787,0.0,0.028485139986276626,1.2512495982527725,0.0,0.08620878498196607,0.2083333333333334,0.01482054166254681,-3.9122429393797895e-09,0.2093348386441953,0.006040700239929956,-0.00407295275321775
1770338173.7245626,1.2033677470278739,0.0,0.028437539203763008,1.2512495982527725,0.0,0.08620878498196607,0.18750000000000006,0.016883249285686578,-9.283935881536023e-10,0.17981786569847666,0.007969438634489767,-0.011859727922421055
1770338174.1469073,1.2035708916431664,0.0,0.02839189831674099,1.2512495982527725,0.0,0.08620878498196607,0.1666666666666667,0.019263838016720693,-2.9374953375172577e-10,0.17980625453292212,0.01002190248096487,-0.01835578563826012
1770338174.5593474,1.2037796913152932,0.0,0.02839189831674099,1.2512495982527725,0.0,0.08620878498196607,0.15625000000000003,0.024778163229458014,-9.294418841363198e-11,0.16121136702428132,0.00868007404259841,-0.00943558693588924
1770338174.9696374,1.2039636351656913,0.0,0.02839189831674099,1.2512495982527725,0.0,0.08620878498196607,0.14583333333333334,0.030033832349896348,0.007508458058065964,0.13816641042166689,0.013422694144052411,-0.01109830296480508
1770338175.3885267,1.2041147506284713,0.0,0.02839189831674099,1.2512495982527725,0.0,0.08620878498196607,0.125,0.04391469006143904,0.029424509988942988,0.13391445321174067,0.015330668742843409,-0.01615217129466956
1770338175.8030791,1.2042942292445897,0.0,0.02839189831674099,1.2512495982527725,0.0,0.08620878498196607,0.11458333333333333,0.07602569981237418,0.05319390336803264,0.12819663579456692,0.020497868305157218,-0.03047803994890268
1770338176.2453265,1.204491734316945,0.0,0.02839189831674099,1.2512495982527725,0.0,0.08620878498196607,0.0,0.5,0.32107403083958264,0.07659895274946246,0.05726036247054003,-0.21218203635052205
1770338176.6738935,1.204491734316945,0.0,0.02839189831674099,1.2512495982527725,0.0,0.08612487505018716,0.0,0.5,0.4433867050703366,-0.005170569596936955,0.15118546611545872,-0.1606636994388678
1770338177.0891027,1.204491734316945,0.0,0.02839189831674099,1.251434907009601,0.0,0.08602553511559968,0.0,0.5,0.45,-0.01834542754322373,0.22063546227543973,-0.13997269602150197
1770338177.5136526,1.204491734316945,0.0,0.02839189831674099,1.2516257965636246,0.0,0.08593453104674821,0.0,0.5,0.45,-0.0020038986953489334,0.2748704091287914,-0.0949921888162884
1770338177.9318614,1.204491734316945,0.0,0.02839189831674099,1.2516257965636246,0.0,0.0858517103761435,0.125,0.13464188832404994,0.3398664529915326,0.0027834530119723727,0.3445397458959545,-0.13152012711695488
1770338178.3484554,1.204317481276989,0.0,0.02839189831674099,1.2518697377014152,0.0,0.08579175898134714,0.0,0.5,0.410440423145177,0.06543372816705634,0.3631776516321421,-0.09092890449719254
1770338178.7650795,1.204317481276989,0.0,0.02839189831674099,1.2518697377014152,0.0,0.08573302532553678,0.0,0.5,0.45,-0.005323235563792423,0.3895501969346705,-0.03818539162671001
1770338179.184164,1.204317481276989,0.0,0.02839189831674099,1.2518697377014152,0.0,0.08566887159585958,0.0,0.5,0.45,0.01067225262379325,0.42676785736673606,-0.02601008998363178
1770338179.6030037,1.204317481276989,0.0,0.02839189831674099,1.2518697377014152,0.0,0.08561091894030576,0.0,0.5,0.4280701179754281,0.019152799483707836,0.44235974722827837,-0.0278568030962872
1770338180.0229626,1.204317481276989,0.0,0.02839189831674099,1.2518697377014152,0.0,0.08556127235114579,0.0,0.5,0.45,0.00813531844233491,0.442368958736759,-0.011951760224803471
1770338180.434011,1.204317481276989,0.0,0.02839189831674099,1.2518697377014152,0.0,0.0855060178369284,0.0,0.5,0.45,0.008609567688487061,0.44744310366010026,-0.01039543035077106
1770338180.8615592,1.204317481276989,0.0,0.02839189831674099,1.2518697377014152,0.0,0.08545163264274601,0.0,0.5,0.45,0.001393535613713667,0.44151532838991425,-0.006228648945775147
1770338181.2746925,1.204317481276989,0.0,0.02839189831674099,1.2518697377014152,0.0,0.08539629587590698,0.0,0.5,0.45,0.008148876331451563,0.4230613437943881,-0.02346360289381014
1770338181.7038398,1.204317481276989,0.0,0.02839189831674099,1.2518697377014152,0.0,0.0853377301692963,0.0,0.5,0.45,-0.0031564850113726408,0.4068868128547843,-0.02633053167794088
1770338182.134085,1.204317481276989,0.0,0.02839189831674099,1.2518697377014152,0.0,0.08527649983286861,0.0,0.5,0.45,-0.00351668032342582,0.3883304298666478,-0.03620710368891558
1770338182.5542603,1.204317481276989,0.0,0.02839189831674099,1.2518697377014152,0.0,0.08521212584555153,0.0,0.5,0.45,0.0015083562054452342,0.37174823720670735,-0.0422924568680856
1770338182.9752343,1.204317481276989,0.0,0.02839189831674099,1.2518697377014152,0.0,0.08514493298530583,0.25,0.07625492152625055,0.31172367499750436,-0.006694726861840188,0.2985966812174145,-0.2705733793508144
1770338183.4239967,1.2041177823400497,0.0,0.02833139027774334,1.2522617071008675,0.0,0.08506929095208648,0.0,-0.5,-0.08764760446836567,0.04222093849845924,0.22498793190097371,-0.205899581614773
1770338183.8426723,1.203688752053976,0.0,0.028455506721138956,1.2522617071008675,0.0,0.08512381099700932,0.0,-0.5,-0.36952912485131884,-0.013722542358169172,0.12954483665305885,-0.27280383263514946
1770338184.254746,1.203688752053976,0.0,0.028455506721138956,1.2522617071008675,0.0,0.08522874295115475,0.0,-0.5,-0.45,-0.003603655942873844,0.04011988742580679,-0.2576060945785025
1770338184.6723163,1.203688752053976,0.0,0.028455506721138956,1.2522617071008675,0.0,0.08533986935973172,0.0,-0.5,-0.45,-0.0015875781737953122,-0.04526548233196482,-0.21249337398359008
1770338185.0843275,1.203688752053976,0.0,0.028455506721138956,1.2522617071008675,0.0,0.08544150599479679,0.0,-0.5,-0.45,-0.0038381169458109906,-0.10760467100204105,-0.18126970031179812
1770338185.4987013,1.203688752053976,0.0,0.028455506721138956,1.2522617071008675,0.0,0.08553521090865139,0.0,-0.5,-0.45,0.0013482982855456006,-0.17254231809934406,-0.1465709039456039
1770338185.9135466,1.203688752053976,0.0,0.028455506721138956,1.2522617071008675,0.0,0.08562001402139667,0.0,-0.5,-0.45,0.0014277870516104813,-0.2331066788778935,-0.11593088369051868
1770338186.3297822,1.203688752053976,0.0,0.028455506721138956,1.2522617071008675,0.0,0.08569576968908313,0.0,-0.5,-0.42958931499642583,0.02157600385727171,-0.27413274492403916,-0.1034068954980796
1770338186.746354,1.203688752053976,0.0,0.028455506721138956,1.2522617071008675,0.0,0.08576009230673316,0.0,-0.5,-0.45,-0.00019477551083321498,-0.3183710273200225,-0.07043309009042031
1770338187.160442,1.203688752053976,0.0,0.028455506721138956,1.2522617071008675,0.0,0.08582221818983558,0.0,-0.5,-0.45,0.011993453444210543,-0.3696110909278252,-0.05731191434107823
1770338187.5764968,1.203688752053976,0.0,0.028455506721138956,1.2522617071008675,0.0,0.08587577903389934,0.0,-0.5,-0.45,-0.0004775705293425356,-0.43385915769297384,-0.014972798359370487
1770338187.9998045,1.203688752053976,0.0,0.028455506721138956,1.2522617071008675,0.0,0.08587577903389934,0.0,-0.5,-0.45,0.007724452316718214,-0.43979455402906964,-0.01342071493579298
1770338188.4241838,1.203688752053976,0.0,0.028455506721138956,1.2522617071008675,0.0,0.08587577903389934,0.0,-0.5,-0.45,-0.002655133885377487,-0.48282869370810483,-0.023372894707333416
1770338188.8340108,1.203688752053976,0.0,0.028455506721138956,1.2522617071008675,0.0,0.08587577903389934,0.0,-0.5,-0.45,-0.003817224589367804,-0.5023026052415925,-0.03191591836351284
1770338189.2512662,1.203688752053976,0.0,0.028455506721138956,1.2522617071008675,0.0,0.08587577903389934,0.0,-0.5,-0.45,0.0005851255188760049,-0.5062877563067166,-0.02912751877874672
1770338189.6842842,1.203688752053976,0.0,0.028455506721138956,1.2522617071008675,0.0,0.08587577903389934,0.0,-0.5,-0.3359321953069211,0.050135126872622914,-0.4496470944646135,-0.11265664263567943
1770338190.0981631,1.203688752053976,0.0,0.028455506721138956,1.2522617071008675,0.0,0.08587577903389934,0.0,-0.5,-0.3426191711713305,0.013368443182317584,-0.38932502933634505,-0.0427535787776517
1770338190.5103137,1.203688752053976,0.0,0.028455506721138956,1.2522617071008675,0.0,0.08587577903389934,0.0,-0.5,-0.45,0.00525094913856008,-0.3863056667557866,-0.03740005201872263
1770338190.9360309,1.203688752053976,0.0,0.028455506721138956,1.2522617071008675,0.0,0.08592650364041332,0.0,-0.5,-0.45,0.0063104626119207426,-0.37455685465920663,-0.045206916491975425
1770338191.3596785,1.203688752053976,0.0,0.028455506721138956,1.2522617071008675,0.0,0.0859792289924622,0.0,-0.5,-0.45,-0.0019641968052042185,-0.3609362848410623,-0.04785811136648749
1770338191.7829437,1.203688752053976,0.0,0.028455506721138956,1.2522617071008675,0.0,0.08603425791680817,0.0,-0.5,-0.45,-0.00513713925558013,-0.3452781955280699,-0.05906385042284445
1770338192.2057917,1.203688752053976,0.0,0.028455506721138956,1.2522617071008675,0.0,0.0860919045644999,0.0,-0.5,-0.45,-0.005180802742864628,-0.34489971634740413,-0.057768792487229145
1770338192.6244621,1.203688752053976,0.0,0.028455506721138956,1.2522617071008675,0.0,0.08614961419582372,0.0,-0.5,-0.45,0.0005040149953850385,-0.34395443504051304,-0.05362132560581763
1770338193.0587187,1.203688752053976,0.0,0.028455506721138956,1.2522617071008675,0.0,0.08620749685645109,0.10416666666666666,-0.02108658743537655,-0.3749718946026351,0.0002649631777209716,-0.3421157779816192,-0.12051362750534302
1770338193.4762523,1.203688752053976,0.0,0.028347273665070536,1.2522617071008675,0.0,0.08620749685645109,0.0,-0.5,-0.45,0.0011048996908541427,-0.32319456561189125,-0.06639973812188132
1770338193.8930233,1.203688752053976,0.0,0.028347273665070536,1.2522617071008675,0.0,0.0862688325285912,0.0,-0.5,-0.45,-0.0017422610366686522,-0.32202034059031,-0.06584951324367179
1770338194.3138862,1.203688752053976,0.0,0.028347273665070536,1.2522617071008675,0.0,0.08633035005986694,0.0,-0.5,-0.45,-0.0002646087027710419,-0.24535180455792896,-0.11025556002704466
1770338194.7300544,1.203688752053976,0.0,0.028347273665070536,1.2522617071008675,0.0,0.08640419048547748,0.0,-0.5,-0.45,-0.00016855272808967604,-0.195259693862683,-0.1325479168662728
1770338195.1455572,1.203688752053976,0.0,0.028347273665070536,1.2522617071008675,0.0,0.0864856474834681,0.0,-0.5,-0.45,-0.00011056334023602237,-0.1511792994822056,-0.15392895303718096
1770338195.560136,1.203688752053976,0.0,0.028347273665070536,1.2522617071008675,0.0,0.08657347229242329,0.0,-0.5,-0.45,-8.605891884211591e-05,-0.12024141853986077,-0.16805913774314624
1770338195.9707596,1.203688752053976,0.0,0.028347273665070536,1.2522617071008675,0.0,0.08666556174397473,0.0,-0.5,-0.45,-6.312706242036326e-05,-0.09647300819844279,-0.17920346399734077
1770338196.382041,1.203688752053976,0.0,0.028347273665070536,1.2522617071008675,0.0,0.0867608069646359,0.0,-0.5,-0.45,-6.2011533642866815e-06,-0.07494276677499509,-0.18968784190821153
1770338196.7975364,1.203688752053976,0.0,0.028347273665070536,1.2522617071008675,0.0,0.08685881819725041,0.0,-0.5,-0.45,-4.057636603486672e-05,-0.058990924908180094,-0.19714029809862632
1770338197.2132525,1.203688752053976,0.0,0.028347273665070536,1.2522617071008675,0.0,0.08695881875991826,0.0,-0.5,-0.45,-3.18795994922561e-05,-0.047051096743601126,-0.20270031404414957
1770338197.6343317,1.203688752053976,0.0,0.028347273665070536,1.2522617071008675,0.0,0.08706027611613279,0.0,-0.5,-0.45,-2.4106686953232792e-05,-0.03642781874544325,-0.2078725251140474
1770338198.0509133,1.203688752053976,0.0,0.028347273665070536,1.2522617071008675,0.0,0.08716300576210027,0.0,-0.5,-0.45,-1.8707131590125554e-05,-0.0292024275946317,-0.21114003244935545
1770338198.4618647,1.203688752053976,0.0,0.028347273665070536,1.2522617071008675,0.0,0.08726658779263502,0.0,-0.5,-0.45,-1.4150430500711917e-05,-0.023154936525553567,-0.21404143127463174
1770338198.8889194,1.203688752053976,0.0,0.028347273665070536,1.2522617071008675,0.0,0.08737087522268301,0.0,-0.5,-0.45,-1.1024966363005425e-05,-0.01816893793595093,-0.2164251558573478
1770338199.3027346,1.203688752053976,0.0,0.028347273665070536,1.2522617071008675,0.0,0.08747573869466788,0.0,-0.5,-0.45,-7.929241227413294e-06,-0.014172164488328821,-0.21832152434182522
1770338199.7265368,1.203688752053976,0.0,0.028347273665070536,1.2522617071008675,0.0,0.08758106026649481,0.0,-0.5,-0.45,-6.498535653475977e-06,-0.011490892059572875,-0.21952917974874264
1770338200.1464045,1.203688752053976,0.0,0.028347273665070536,1.2522617071008675,0.0,0.08768668734192854,0.0,-0.5,-0.45,-4.9199627320674054e-06,-0.008520112962119639,-0.22104194139141758
1770338200.5650573,1.203688752053976,0.0,0.028347273665070536,1.2522617071008675,0.0,0.08779265124917036,0.0,-0.5,-0.45,-3.7913614874401357e-06,-0.006814599901252396,-0.22176704271694797
1770338200.9859855,1.203688752053976,0.0,0.028347273665070536,1.2522617071008675,0.0,0.08789880771756178,0.14583333333333334,-0.09057851588809947,-0.21485055211371973,0.10082084143199384,-0.006595817427314741,-0.14916173749193576
1770338201.4022796,1.203506550990343,0.0,0.028347273665070536,1.2522617071008675,0.0,0.08789880771756178,0.13541666666666669,-0.08514262309159205,-0.1276112753627781,0.09864556077266856,-0.026720339160489243,-0.08922902616846001
1770338201.8189101,1.203506550990343,0.0,0.028347273665070536,1.2522617071008675,0.0,0.08789880771756178,0.14583333333333334,-0.07226685100791731,-0.09431075012026663,0.1365941503806652,-0.038318396119579545,-0.038395165648920725
1770338202.23071,1.203506550990343,0.0,0.028347273665070536,1.2522617071008675,0.0,0.08789880771756178,0.14583333333333334,-0.06992522794581396,-0.0781679899816829,0.1479557524223803,-0.04692105183582055,-0.018606153733602224
1770338202.6493988,1.2036608292925357,0.0,0.028347273665070536,1.2522617071008675,0.0,0.08789880771756178,0.125,-0.06488521890833715,-0.06985682174748367,0.1290958065306703,-0.05384852931227425,-0.012792700495920375
1770338203.0667298,1.2038150932234524,0.0,0.028347273665070536,1.2522617071008675,0.0,0.08789880771756178,0.11458333333333333,-0.05873451560409722,-0.062409997542905965,0.11328916150325419,-0.05793059868297052,-0.003942078197116491
1770338203.4997797,1.2039639109557865,0.0,0.028300634626150133,1.2522617071008675,0.0,0.08789880771756178,0.14583333333333334,-0.047044192448223436,-0.05435934923558004,0.15354024571031785,-0.0574172966838355,-0.00928721630102574
1770338203.91635,1.2041781515640018,0.0,0.028249230578541756,1.2522617071008675,0.0,0.08789880771756178,0.1666666666666667,-0.04911317440126421,-0.04883861177030059,0.16595831248789833,-0.05540809565433045,-0.004194016223733817
1770338204.3396466,1.2044084350866076,0.0,0.02819201692521572,1.2522617071008675,0.0,0.08789880771756178,0.15625000000000003,-0.046110052708281266,-0.04789551455749931,0.1676780938388693,-0.05735714472543124,-0.016353813829945326
1770338204.7719555,1.2046508020842073,0.0,0.028138016209602355,1.2522617071008675,0.0,0.08789880771756178,0.15625000000000003,-0.03179948853102225,-0.037591710868325294,0.14825640835228662,-0.0572728663233496,-0.017842597215433725
1770338205.193754,1.2048738422262666,0.0,0.028076299492120742,1.2522617071008675,0.0,0.08789880771756178,0.15625000000000003,-0.029258012206333228,-0.02536693160111598,0.14128015207492778,-0.052503934949875875,-0.02901524273679957
1770338205.6122963,1.2050933944290874,0.0,0.02801157149076462,1.2522617071008675,0.0,0.08789880771756178,0.15625000000000003,-0.025494348330305415,-0.008026255701915603,0.09442821006553032,-0.04668079004207957,-0.08173137159533132
1770338206.0261147,1.205246195016503,0.0,0.027933582100868225,1.2522617071008675,0.0,0.08789880771756178,0.17708333333333337,-0.025040670346866543,-0.002539557468184234,0.15866591745185005,-0.03924372559679697,-0.03751320639031795
1770338206.4521894,1.205494337866902,0.0,0.02786457017183304,1.2522617071008675,0.0,0.08789880771756178,0.14583333333333334,-0.0209061167239194,-0.0008035318551676678,0.1638088084154185,-0.033993892201499634,-0.035095638594780876
1770338206.8920078,1.2057584308540819,0.0,0.02781090172290802,1.2522617071008675,0.0,0.08789880771756178,0.15625000000000003,-0.012049017567727353,-0.00019068187578685867,0.14519456711534626,-0.03351651061243588,-0.027766085411884658
1770338207.3149078,1.2059864130252598,0.0,0.027748799250125886,1.2522617071008675,0.0,0.08789880771756178,0.1666666666666667,-0.00969188867113792,-6.033293726068575e-05,0.14448595469974565,-0.029663470219709467,-0.0373675846474181
1770338207.726422,1.2062022428905963,0.0,0.027684356228113174,1.2522617071008675,0.0,0.08789880771756178,0.18750000000000006,-0.004165280933534762,-1.908971843013885e-05,0.1930186682969698,-0.026314230449250898,-0.01900116263942597
1770338208.1352751,1.2064854218173027,0.0,0.027625072858929633,1.2522617071008675,0.0,0.08789880771756178,0.18750000000000006,0.0013029413339997117,-6.040106222036121e-06,0.19185390854455367,-0.020030809725221466,-0.014994635426456272
1770338208.5526478,1.206756161624193,0.0,0.02756857281267643,1.2522617071008675,0.0,0.08789880771756178,0.17708333333333337,0.002397669188657534,-1.911127359316116e-06,0.18100911195267025,-0.01520959180647031,-0.012011740750767491
1770338208.9702542,1.207005101251602,0.0,0.027515866005420685,1.2522617071008675,0.0,0.08789880771756178,0.17708333333333337,0.011977973744287886,-4.535194807752112e-07,0.18808877306819718,-0.010307416842881835,-0.01664913889292319
1770338209.3962703,1.2072577499234676,0.0,0.027467269055843353,1.2522617071008675,0.0,0.08789880771756178,0.1666666666666667,0.02522208629463205,-1.4349639821403166e-07,0.1706361141665454,-0.0091753474197305,-0.008670256403859957
1770338209.8169904,1.2074835108876227,0.0,0.02741908403456211,1.2522617071008675,0.0,0.08789880771756178,0.15625000000000003,0.027628296665351864,-4.5403157247408464e-08,0.15966230202359558,-0.003840585428262473,-0.005866048235294964
1770338210.226716,1.2076861284649372,0.0,0.02741908403456211,1.2522617071008675,0.0,0.08789880771756178,0.15625000000000003,0.02878107170581948,-1.4365842722812833e-08,0.16120550899324368,0.002645024732870993,-0.006926589558713856
1770338210.6379504,1.2078803470695019,0.0,0.02741908403456211,1.2522617071008675,0.0,0.08789880771756178,0.14583333333333334,0.028008554537858176,-4.545442424014998e-09,0.1601227962725317,0.009512324583752197,-0.01973235748888379
1770338211.049268,1.2080655924135446,0.0,0.02741908403456211,1.2522617071008675,0.0,0.08789880771756178,0.1666666666666667,0.02768762518842914,-1.4382063919734953e-09,0.16416893245697553,0.013004569521708831,-0.009349244183444457
1770338211.4755557,1.2082426273173092,0.0,0.02741908403456211,1.2522617071008675,0.0,0.08789880771756178,0.17708333333333337,0.026238874402412224,-3.4129311840777287e-10,0.1616956087034213,0.017624575521900197,-0.02466201316152785
1770338211.8892949,1.208402934104204,0.0,0.02741908403456211,1.2522617071008675,0.0,0.08789880771756178,0.17708333333333337,0.026544530657280244,-1.0798727574620938e-10,0.1613032281719442,0.01835927434474708,-0.025033212270041037
1770338212.3079755,1.2085613115835188,0.0,0.02741908403456211,1.2522617071008675,0.0,0.08789880771756178,0.1666666666666667,0.0260498964067876,-3.416784896657406e-11,0.16225011372563455,0.02016184247322539,-0.014677731007576609
1770338212.7211874,1.2087228291302918,0.0,0.02741908403456211,1.2522617071008675,0.0,0.08789880771756178,0.17708333333333337,0.026309544572501235,-1.0810920962080072e-11,0.13568784402474346,0.01853129880413042,-0.05082419308297008
1770338213.1326168,1.2087228291302918,0.0,0.027372202974557877,1.2522617071008675,0.0,0.08789880771756178,0.1666666666666667,0.026332751215433516,-3.4206429606581486e-12,0.14740683971152593,0.02104512906072359,-0.03003377451287221
1770338213.5583138,1.2087228291302918,0.0,0.027372202974557877,1.2522617071008675,0.0,0.08789880771756178,0.17708333333333337,0.025931354263947447,-8.117346088280569e-13,0.16357892456071166,0.024241168775985863,-0.025944597132546737
1770338213.9798422,1.2088750480109451,0.0,0.027372202974557877,1.2522617071008675,0.0,0.08789880771756178,0.1666666666666667,0.026996789689455052,-2.568379035745024e-13,0.17510863283179792,0.02369104777440749,-0.02034250215262121
1770338214.4036305,1.2090525504881142,0.0,0.027372202974557877,1.2522617071008675,0.0,0.08789880771756178,0.1666666666666667,0.026598918993786882,-8.126511792786989e-14,0.1773691543715209,0.02889712098679295,-0.02567165551952984
1770338214.8301122,1.2092250232762096,0.0,0.027372202974557877,1.2522617071008675,0.0,0.08789880771756178,0.1666666666666667,0.027982655840305546,-2.5712791219365078e-14,0.18139714696073891,0.026622631021971214,-0.028269244801552837
1770338215.257304,1.2094082628697156,0.0,0.027372202974557877,1.2522617071008675,0.0,0.08789880771756178,0.17708333333333337,0.030173963817168158,0.007543490954283904,0.15549905421856855,0.02875441573940053,-0.03240291997906607
1770338215.6735933,1.2095491476416587,0.0,0.027372202974557877,1.2522617071008675,0.0,0.08789880771756178,0.15625000000000003,0.03385994790403429,0.02667109627852786,0.1611683389341627,0.02868381274621665,-0.005931757467325469
1770338216.084522,1.2097349716830252,0.0,0.027372202974557877,1.2522617071008675,0.0,0.08789880771756178,0.14583333333333334,0.038327024708140416,0.03379408509385935,0.16188862637639248,0.028309956588026642,-0.018834742911794496
1770338216.4979074,1.2099368091076612,0.0,0.027372202974557877,1.2522617071008675,0.0,0.08789880771756178,0.15625000000000003,0.03588800936536219,0.037723600490494016,0.15500467370218457,0.0321676654415767,-0.004409064707629123
1770338216.9152606,1.2101210863298177,0.0,0.027372202974557877,1.2522617071008675,0.0,0.08789880771756178,0.15625000000000003,0.04849340527876361,0.042165759526220384,0.12310359836330839,0.028891149308829536,-0.040111358358661774
1770338217.3267553,1.2102623699086905,0.0,0.027322727327942848,1.2522617071008675,0.0,0.08789880771756178,0.15625000000000003,0.04849340527876361,0.042165759526220384,-0.005099158329276783,0.023852591818109264,-0.17100959793240442
1770338217.741288,1.2102623699086905,0.0,0.02724202927172184,1.2522617071008675,0.0,0.08789880771756178,0.15625000000000003,0.04849340527876361,0.042165759526220384,-0.005704596142398185,0.019492634719186358,-0.1737271542558075
1770338218.1531162,1.2102623699086905,0.0,0.027159125635027887,1.2522617071008675,0.0,0.08789880771756178,0.15625000000000003,0.04849340527876361,0.042165759526220384,-0.004430870673726119,0.015406976163821726,-0.17446882821046195
1770338218.561655,1.2102623699086905,0.0,0.027074543278813364,1.2522617071008675,0.0,0.08789880771756178,0.15625000000000003,0.04849340527876361,0.042165759526220384,-0.0034525140302028717,0.012169873223761158,-0.17502416747543856
1770338218.9798543,1.2102623699086905,0.0,0.026988626126646997,1.2522617071008675,0.0,0.08789880771756178,0.15625000000000003,0.04849340527876361,0.042165759526220384,-0.002690691376429653,0.009816920622930636,-0.17535040608815763
1770338219.396707,1.2102623699086905,0.0,0.02690175023496151,1.2522617071008675,0.0,0.08789880771756178,0.15625000000000003,0.04849340527876361,0.042165759526220384,-0.002046131852502932,0.008092358091363164,-0.17550528882308833
1770338219.816163,1.2102623699086905,0.0,0.026814190133213997,1.2522617071008675,0.0,0.08789880771756178,0.15625000000000003,0.04849340527876361,0.042165759526220384,-0.0015919706599532967,0.006052242101542707,-0.17610274097127418
1770338220.2332714,1.2102623699086905,0.0,0.026725757122635842,1.2522617071008675,0.0,0.08789880771756178,0.15625000000000003,0.04849340527876361,0.042165759526220384,-0.0012082092568625553,0.0040240353179108075,-0.17673189203938056
1770338220.6486294,1.2102623699086905,0.0,0.02663644295811653,1.2522617071008675,0.0,0.08789880771756178,0.15625000000000003,0.04849340527876361,0.042165759526220384,-0.0008886704955725858,0.00367952998886526,-0.17641623579715474
1770338221.0615964,1.2102623699086905,0.0,0.0265470319712162,1.2522617071008675,0.0,0.08789880771756178,0.15625000000000003,0.04849340527876361,0.042165759526220384,-0.0007127189127780489,0.0021205765989809155,-0.17714120571538625
1770338221.4850755,1.2102623699086905,0.0,0.026456919640302657,1.2522617071008675,0.0,0.08789880771756178,0.15625000000000003,0.04849340527876361,0.042165759526220384,-0.0005541977704686446,0.0012459720552253609,-0.17735155196034172
1770338221.8979995,1.2102623699086905,0.0,0.026366426435709,1.2522617071008675,0.0,0.08789880771756178,0.15625000000000003,0.04849340527876361,0.042165759526220384,-0.00042979300631098346,0.0013532581371637712,-0.17709677230903317
1770338222.3155482,1.2102623699086905,0.0,0.026276009727716446,1.2522617071008675,0.0,0.08789880771756178,0.15625000000000003,0.04849340527876361,0.042165759526220384,-0.0003258488224783992,0.0016671811050988803,-0.17685653032983267
1770338222.737977,1.2102623699086905,0.0,0.026185763028860092,1.2522617071008675,0.0,0.08789880771756178,0.15625000000000003,0.04849340527876361,0.042165759526220384,-0.0002526991227070113,0.0008391783436000914,-0.17724878999016705
1770338223.1527774,1.2102623699086905,0.0,0.026095139898061753,1.2522617071008675,0.0,0.08789880771756178,0.15625000000000003,0.04849340527876361,0.042165759526220384,-0.00019143823740028996,0.0008102782689000566,-0.17712206887353046
1770338223.5682046,1.2102623699086905,0.0,0.026004515780210496,1.2522617071008675,0.0,0.08789880771756178,0.15625000000000003,0.04849340527876361,0.042165759526220384,-0.00014865908305985477,0.0005912117075669099,-0.17720783964851994
1770338223.9892566,1.2102623699086905,0.0,0.025913796916007998,1.2522617071008675,0.0,0.08789880771756178,0.15625000000000003,0.04849340527876361,0.042165759526220384,-0.00010639832832987321,0.0001632104670157877,-0.1774004729819873
1770338224.4098666,1.2102623699086905,0.0,0.02582288448214531,1.2522617071008675,0.0,0.08789880771756178,0.15625000000000003,0.04849340527876361,0.042165759526220384,-8.727021550234894e-05,-0.00021443139630285946,-0.17756512986309586
1770338224.8348513,1.2102623699086905,0.0,0.02573179750084877,1.2522617071008675,0.0,0.08789880771756178,0.15625000000000003,0.04849340527876361,0.042165759526220384,-6.586329453667402e-05,2.513988075752776e-05,-0.17741013024497415
1770338225.2598395,1.2102623699086905,0.0,0.02564082815051079,1.2522617071008675,0.0,0.08789880771756178,0.15625000000000003,0.04849340527876361,0.042165759526220384,-5.1035557932439265e-05,-0.0005542888235621125,-0.17771900260325565
1770338225.6853864,1.2102623699086905,0.0,0.02554958803653717,1.2522617071008675,0.0,0.08789880771756178,0.15625000000000003,0.04849340527876361,0.042165759526220384,-3.8713433607789235e-05,0.0001521843631409577,-0.17736614833381784
1770338226.1008768,1.2102623699086905,0.0,0.02545868437886238,1.2522617071008675,0.0,0.08789880771756178,0.15625000000000003,0.04849340527876361,0.042165759526220384,-2.929514974327309e-05,-0.00015627255176724078,-0.17747115688022794
1770338226.511896,1.2102623699086905,0.0,0.02536763687968254,1.2522617071008675,0.0,0.08789880771756178,0.15625000000000003,0.04849340527876361,0.042165759526220384,-2.2710331620762427e-05,-0.0003371891004388016,-0.17754227629981756
1770338226.9293628,1.2102623699086905,0.0,0.025276505212783813,1.2522617071008675,0.0,0.08789880771756178,0.15625000000000003,0.04849340527876361,0.042165759526220384,-1.7615644496421814e-05,-0.00036909775997959193,-0.17753823515355052
1770338227.3419328,1.2102623699086905,0.0,0.02518535951256752,1.2522617071008675,0.0,0.08789880771756178,0.15625000000000003,0.04849340527876361,0.042165759526220384,-1.320965241081634e-05,0.00031973133294183975,-0.17725510665834224
1770338227.7575574,1.2102623699086905,0.0,0.025094540355205537,1.2522617071008675,0.0,0.08789880771756178,0.15625000000000003,0.04849340527876361,0.042165759526220384,-1.0352915790502692e-05,-0.00045518906334002614,-0.1776483192501989
1770338228.1834576,1.2102623699086905,0.0,0.025003355494737627,1.2522617071008675,0.0,0.08789880771756178,0.15625000000000003,0.04849340527876361,0.042165759526220384,-7.772262982585095e-06,0.000789429360790346,-0.17707039918811068
1770338228.6048226,1.2102623699086905,0.0,0.024912759540081025,1.2522617071008675,0.0,0.08789880771756178,0.15625000000000003,0.04849340527876361,0.042165759526220384,-6.079717373423967e-06,0.00014641340776537054,-0.17733005437190347
1770338229.0197823,1.2102623699086905,0.0,0.024821859905719758,1.2522617071008675,0.0,0.08789880771756178,0.15625000000000003,0.04849340527876361,0.042165759526220384,-4.6414296323481696e-06,0.0005036036688509781,-0.17712143838442562
1770338229.4397004,1.2102623699086905,0.0,0.024731129454374313,1.2522617071008675,0.0,0.08789880771756178,0.15625000000000003,0.04849340527876361,0.042165759526220384,-3.4456758305535776e-06,0.00015986665571304987,-0.17729076581239803
1770338229.85103,1.2102623699086905,0.0,0.024640236750841142,1.2522617071008675,0.0,0.08789880771756178,0.15625000000000003,0.04849340527876361,0.042165759526220384,-2.8302201466930475e-06,-0.00012951308712427312,-0.17742940450110278
1770338230.2818573,1.2102623699086905,0.0,0.02454920736193657,1.2522617071008675,0.0,0.08789880771756178,0.15625000000000003,0.04849340527876361,0.042165759526220384,-2.027246025848625e-06,-0.00047322828402375104,-0.17760589267083787
1770338230.6927016,1.2102623699086905,0.0,0.024458015710115435,1.2522617071008675,0.0,0.08789880771756178,0.15625000000000003,0.04849340527876361,0.042165759526220384,-1.6606025867623274e-06,-0.00037200512960199045,-0.17753066524594016
1770338231.1286159,1.2102623699086905,0.0,0.024366871962547304,1.2522617071008675,0.0,0.08789880771756178,0.15625000000000003,0.04849340527876361,0.042165759526220384,-1.1879313361980529e-06,-0.00026496809065420916,-0.1774772554436683
1770338231.542169,1.2102623699086905,0.0,0.024275778876543048,1.2522617071008675,0.0,0.08789880771756178,0.15625000000000003,0.04849340527876361,0.042165759526220384,-9.485460963774825e-07,-0.000677920170394967,-0.17771408360237817
1770338231.9623945,1.2102623699086905,0.0,0.024184490718841555,1.2522617071008675,0.0,0.08789880771756178,0.15625000000000003,0.04849340527876361,0.042165759526220384,-7.341892839218881e-07,-0.0005189692578883775,-0.177608993672589
1770338232.3878224,1.2102623699086905,0.0,0.024093277695178987,1.2522617071008675,0.0,0.08789880771756178,0.15625000000000003,0.04849340527876361,0.042165759526220384,-5.563096648886652e-07,-0.0005806917550816913,-0.17762995420003527
1770338232.8060863,1.2102623699086905,0.0,0.024002035542726518,1.2522617071008675,0.0,0.08789880771756178,0.15625000000000003,0.04849340527876361,0.042165759526220384,-4.082880578248302e-07,-0.0005653869414138198,-0.17761751200324175
1770338233.219946,1.2102623699086905,0.0,0.023910800675153734,1.2522617071008675,0.0,0.08789880771756178,0.15625000000000003,0.04849340527876361,0.042165759526220384,-3.2513836912187504e-07,0.00023864665480231,-0.1772942849336998
1770338233.6422403,1.2102623699086905,0.0,0.02381994582295418,1.2522617071008675,0.0,0.08789880771756178,0.15625000000000003,0.04849340527876361,0.042165759526220384,-2.389133244534607e-07,-0.00032094477810376977,-0.17754955020877716
1770338234.0585704,1.2102623699086905,0.0,0.023728826483488084,1.2522617071008675,0.0,0.08789880771756178,0.15625000000000003,0.04849340527876361,0.042165759526220384,-1.8137292109305408e-07,-8.983250778563714e-05,-0.17740108861695594
1770338234.4734545,1.2102623699086905,0.0,0.02363781640648842,1.2522617071008675,0.0,0.08789880771756178,0.15625000000000003,0.04849340527876361,0.042165759526220384,-1.4031484142800549e-07,-0.00016226156619551386,-0.1774213937668904
1770338234.884625,1.2102623699086905,0.0,0.02354677211523056,1.2522617071008675,0.0,0.08789880771756178,0.15625000000000003,0.04849340527876361,0.042165759526220384,-1.0931134637872318e-07,0.00020617299428914488,-0.17726674603336048
1770338235.2974133,1.2102623699086905,0.0,0.02345590197443962,1.2522617071008675,0.0,0.08789880771756178,0.15625000000000003,0.04849340527876361,0.042165759526220384,-8.458961384292193e-08,-0.0002450080305090245,-0.17750058647045838
1770338235.714429,1.2102623699086905,0.0,0.023364818544387815,1.2522617071008675,0.0,0.08789880771756178,0.15625000000000003,0.04849340527876361,0.042165759526220384,-6.79830336588946e-08,-0.0007254247338723068,-0.17774370178341636
1770338236.125209,1.2102623699086905,0.0,0.0232735081243515,1.2522617071008675,0.0,0.08789880771756178,0.15625000000000003,0.04849340527876361,0.042165759526220384,-5.0012606191403704e-08,-0.0006797580815805669,-0.17767737548173587
1770338236.5337794,1.2102623699086905,0.0,0.023182219290733337,1.2522617071008675,0.0,0.08789880771756178,0.15625000000000003,0.04849340527876361,0.042165759526220384,-3.897905725016345e-08,-0.000327485839282217,-0.1775318888860384
1770338236.9475408,1.2102623699086905,0.0,0.0230910969042778,1.2522617071008675,0.0,0.08789880771756178,0.15625000000000003,0.04849340527876361,0.042165759526220384,-2.9453868753088107e-08,-0.00018979277374150366,-0.17744157491040383
1770338237.357111,1.2102623699086905,0.0,0.023000039598941802,1.2522617071008675,0.0,0.08789880771756178,0.15625000000000003,0.04849340527876361,0.042165759526220384,-2.287491798495114e-08,-0.0003857064148236945,-0.1775453472095483
1770338237.7693005,1.2102623699086905,0.0,0.022908889703750608,1.2522617071008675,0.0,0.08789880771756178,0.15625000000000003,0.04849340527876361,0.042165759526220384,-1.8736540893024494e-08,-0.0004735985075648623,-0.17757848696270767
1770338238.1852393,1.2102623699086905,0.0,0.022817698266506193,1.2522617071008675,0.0,0.08789880771756178,0.15625000000000003,0.04849340527876361,0.042165759526220384,-1.4164759038257865e-08,-0.0005110317211775841,-0.17759215310981932
1770338238.605369,1.2102623699086905,0.0,0.02272648914813995,1.2522617071008675,0.0,0.08789880771756178,0.15625000000000003,0.04849340527876361,0.042165759526220384,-1.0411619680978137e-08,-0.00023537056164962047,-0.17747814157150751
1770338239.0176327,1.2102623699086905,0.0,0.022635410299301145,1.2522617071008675,0.0,0.08789880771756178,0.15625000000000003,0.04849340527876361,0.042165759526220384,-7.867268765906676e-09,8.171588732426812e-05,-0.17732373833161422
1770338239.4363577,1.2102623699086905,0.0,0.022544481321573256,1.2522617071008675,0.0,0.08789880771756178,0.15625000000000003,0.04849340527876361,0.042165759526220384,-6.445081537804625e-09,-0.0003065403675976366,-0.17752498201748274
1770338239.8465269,1.2102623699086905,0.0,0.0224533688378334,1.2522617071008675,0.0,0.08789880771756178,0.15625000000000003,0.04849340527876361,0.042165759526220384,-4.754291958923243e-09,-0.0007636448430654232,-0.17776041738648168
1770338240.258279,1.2102623699086905,0.0,0.02236204032897949,1.2522617071008675,0.0,0.08789880771756178,0.15625000000000003,0.04849340527876361,0.042165759526220384,-3.692381078596187e-09,7.000293034780663e-05,-0.1773812467676587
1770338240.6685202,1.2102623699086905,0.0,0.022271105836629865,1.2522617071008675,0.0,0.08789880771756178,0.15625000000000003,0.04849340527876361,0.042165759526220384,-2.7976096079233146e-09,-0.0009076699593772137,-0.17788448482938096
1770338241.0820398,1.2102623699086905,0.0,0.022179709306955335,1.2522617071008675,0.0,0.08789880771756178,0.15625000000000003,0.04849340527876361,0.042165759526220384,-2.210767786001064e-09,-0.0005091247114190464,-0.17762729885438336
1770338241.498596,1.2102623699086905,0.0,0.02208850108981132,1.2522617071008675,0.0,0.08789880771756178,0.15625000000000003,0.04849340527876361,0.042165759526220384,-1.6665248735244693e-09,-0.0006588763789731626,-0.17767729478587707
1770338241.9277563,1.2102623699086905,0.0,0.021997222115993496,1.2522617071008675,0.0,0.08789880771756178,0.15625000000000003,0.04849340527876361,0.042165759526220384,-1.2741446947454027e-09,-0.0004612766563405276,-0.17758327933768844
1770338242.3417196,1.2102623699086905,0.0,0.02190603650450706,1.2522617071008675,0.0,0.08789880771756178,0.15625000000000003,0.04849340527876361,0.042165759526220384,-9.592223057645963e-10,2.2130848457751356e-05,-0.17737015604858347
1770338242.7500372,1.2102623699086905,0.0,0.021815079385042187,1.2522617071008675,0.0,0.08789880771756178,0.15625000000000003,0.04849340527876361,0.042165759526220384,-7.464297674990972e-10,-0.0006942840667375982,-0.17775166403442832
1770338243.1648045,1.2102623699086905,0.0,0.02172378369569778,1.2522617071008675,0.0,0.08789880771756178,0.15625000000000003,0.04849340527876361,0.042165759526220384,-5.79802897097456e-10,-0.0003571715069851593,-0.17754517735238093
1770338243.5990615,1.2102623699086905,0.0,0.021632647297382353,1.2522617071008675,0.0,0.08789880771756178,0.15625000000000003,0.04849340527876361,0.042165759526220384,-4.3715732795276626e-10,-0.0007381478278235549,-0.17774005174626317
1770338244.0146432,1.2102623699086905,0.0,0.021541330869197843,1.2522617071008675,0.0,0.08789880771756178,0.15625000000000003,0.04849340527876361,0.042165759526220384,-3.399744227720046e-10,-7.716604912472242e-05,-0.17743756130551686
1770338244.435361,1.2102623699086905,0.0,0.021450326821804044,1.2522617071008675,0.0,0.08789880771756178,0.15625000000000003,0.04849340527876361,0.042165759526220384,-2.564882705804181e-10,-0.00025080969940963216,-0.17747564923433182
1770338244.8462465,1.2102623699086905,0.0,0.021359240677356717,1.2522617071008675,0.0,0.08789880771756178,0.15625000000000003,0.04849340527876361,0.042165759526220384,-2.0011649680493462e-10,0.00024749871317180234,-0.17725896144789896
1770338245.2635872,1.2102623699086905,0.0,0.021268390084505078,1.2522617071008675,0.0,0.08789880771756178,0.15625000000000003,0.04849340527876361,0.042165759526220384,-1.4310643021909634e-10,-0.0003391004197891526,-0.17756109002940734
1770338245.6824708,1.2102623699086905,0.0,0.021177262247800824,1.2522617071008675,0.0,0.08789880771756178,0.15625000000000003,0.04849340527876361,0.042165759526220384,-1.1872224717435118e-10,-0.000355425514426139,-0.17751222514850923
1770338246.1031864,1.2102623699086905,0.0,0.021086126664876935,1.2522617071008675,0.0,0.08789880771756178,0.15625000000000003,0.04849340527876361,0.042165759526220384,-8.46849267840427e-11,-0.0005570753989923299,-0.17763158253574793
1770338246.5238585,1.2102623699086905,0.0,0.02099489579916,1.2522617071008675,0.0,0.08789880771756178,0.15625000000000003,0.04849340527876361,0.042165759526220384,-6.977117622885514e-11,-0.000692562303402072,-0.17769270967502343
1770338246.9395292,1.2102623699086905,0.0,0.020903600893020628,1.2522617071008675,0.0,0.08789880771756178,0.15625000000000003,0.04849340527876361,0.042165759526220384,-5.281398464194464e-11,-0.0004180095263249794,-0.17756933985679438
1770338247.3625424,1.2102623699086905,0.0,0.020812435730695723,1.2522617071008675,0.0,0.08789880771756178,0.15625000000000003,0.04849340527876361,0.042165759526220384,-4.097848407700981e-11,-0.000399927145067545,-0.17753465161474818
1770338247.7838926,1.2102623699086905,0.0,0.020721279119253158,1.2522617071008675,0.0,0.08789880771756178,0.15625000000000003,0.04849340527876361,0.042165759526220384,-2.933187327961241e-11,0.00020052259732583622,-0.1772926634680185
1770338248.2069395,1.2102623699086905,0.0,0.020630406328439713,1.2522617071008675,0.0,0.08789880771756178,0.15625000000000003,0.04849340527876361,0.042165759526220384,-2.411212126521952e-11,-0.0005415927891103689,-0.17767788772042115
1770338248.6268282,1.2102623699086905,0.0,0.020539182769060135,1.2522617071008675,0.0,0.08789880771756178,0.15625000000000003,0.04849340527876361,0.042165759526220384,-1.825345232043446e-11,0.00027481424500184847,-0.17727711336227397
1770338249.050868,1.2102623699086905,0.0,0.020448345082998275,1.2522617071008675,0.0,0.08789880771756178,0.15625000000000003,0.04849340527876361,0.042165759526220384,-1.417951331168697e-11,0.0003492550517629195,-0.17716569633208437
1770338249.4780598,1.2102623699086905,0.0,0.020367642968058586,1.2522617071008675,0.0,0.08789880771756178,0.15625000000000003,0.04849340527876361,0.042165759526220384,-1.0722678710383457e-11,8.558235881766913e-05,-0.17731645586371858
1770338249.8907504,1.2102623699086905,0.0,0.020301467233808042,1.2522617071008675,0.0,0.08789880771756178,0.15625000000000003,0.04849340527876361,0.042165759526220384,-8.335278342771556e-12,0.0001534997575697971,-0.17726292163253582
1770338250.3094294,1.2102623699086905,0.0,0.020247203131722596,1.2522617071008675,0.0,0.08789880771756178,0.15625000000000003,0.04849340527876361,0.042165759526220384,-5.907094681754786e-12,3.043593371377946e-05,-0.17732996818454605
1770338250.747017,1.2102623699086905,0.0,0.02020270656801253,1.2522617071008675,0.0,0.08789880771756178,0.15625000000000003,0.04849340527876361,0.042165759526220384,-4.9113310655634404e-12,-0.0004445344292637775,-0.17760264401895118
1770338251.1643825,1.2102623699086905,0.0,0.020166219385770276,1.2522617071008675,0.0,0.08789880771756178,0.15625000000000003,0.04849340527876361,0.042165759526220384,-3.719039877025669e-12,0.00015892196045672115,-0.17731376442557298
1770338251.5775151,1.2102623699086905,0.0,0.020136299896331627,1.2522617071008675,0.0,0.08789880771756178,0.15625000000000003,0.04849340527876361,0.042165759526220384,-2.8845984889012625e-12,4.631196602640988e-05,-0.17732098478242467
1770338252.005357,1.2102623699086905,0.0,0.020111765914991933,1.2522617071008675,0.0,0.08789880771756178,0.15625000000000003,0.04849340527876361,0.042165759526220384,-2.1872200128741244e-12,-0.000297173384979902,-0.17751581499288802
1770338252.415385,1.2102623699086905,0.0,0.020091648050293384,1.2522617071008675,0.0,0.08789880771756178,0.15625000000000003,0.04849340527876361,0.042165759526220384,-1.698146348572668e-12,0.00034424567001650557,-0.17722489883529974
1770338252.840808,1.2102623699086905,0.0,0.020075151401240575,1.2522617071008675,0.0,0.08789880771756178,0.15625000000000003,0.04849340527876361,0.042165759526220384,-1.28566055483973e-12,0.00016002983205597843,-0.17727128643216394
1770338253.2621825,1.2102623699086905,0.0,0.02006162414901727,1.2522617071008675,0.0,0.08789880771756178,0.15625000000000003,0.04849340527876361,0.042165759526220384,-9.723200294091308e-13,-0.00047533468647963843,-0.17763408355917593
1770338253.6796837,1.2102623699086905,0.0,0.02005053180219416,1.2522617071008675,0.0,0.08789880771756178,0.15625000000000003,0.04849340527876361,0.042165759526220384,-7.561245894115156e-13,0.0005340907658916972,-0.17716677692615762
1770338254.093824,1.2102623699086905,0.0,0.020041436077799214,1.2522617071008675,0.0,0.08789880771756178,0.15625000000000003,0.04849340527876361,0.042165759526220384,-5.871916320921444e-13,0.00021613948967021566,-0.17725660514648445
1770338254.5126362,1.2102623699086905,0.0,0.020033977583795357,1.2522617071008675,0.0,0.08789880771756178,0.15625000000000003,0.04849340527876361,0.042165759526220384,-4.4490572356208365e-13,0.0003400719939960783,-0.17717523701698967
1770338254.9242163,1.2102623699086905,0.0,0.020027861618712194,1.2522617071008675,0.0,0.08789880771756178,0.15625000000000003,0.04849340527876361,0.042165759526220384,-3.455879768404599e-13,0.00040921939611011243,-0.17713518480561216
1770338255.343459,1.2102623699086905,0.0,0.020022846527344,1.2522617071008675,0.0,0.08789880771756178,0.15625000000000003,0.04849340527876361,0.042165759526220384,-2.6165892885567736e-13,-8.67181928977819e-06,-0.17737900479455673
1770338255.7663558,1.2102623699086905,0.0,0.020018734152422078,1.2522617071008675,0.0,0.08789880771756178,0.15625000000000003,0.04849340527876361,0.042165759526220384,-2.0295770320037538e-13,0.0002760275297346087,-0.1772233359333483
1770338256.1784227,1.2102623699086905,0.0,0.020015362004986104,1.2522617071008675,0.0,0.08789880771756178,0.15625000000000003,0.04849340527876361,0.042165759526220384,-1.5416172742634834e-13,0.0003350454791760148,-0.1771712588186205
1770338256.5942378,1.2102623699086905,0.0,0.020012596844088605,1.2522617071008675,0.0,0.08789880771756178,0.15625000000000003,0.04849340527876361,0.042165759526220384,-1.1341908099549488e-13,-0.000391980492235068,-0.1776015726064823
1770338257.0112438,1.2102623699086905,0.0,0.020010329412152656,1.2522617071008675,0.0,0.08789880771756178,0.15625000000000003,0.04849340527876361,0.042165759526220384,-9.312016439431454e-14,-0.0004692175363452336,-0.17757521223578698
1770338257.4285028,1.2102623699086905,0.0,0.02000847011796518,1.2522617071008675,0.0,0.08789880771756178,0.15625000000000003,0.04849340527876361,0.042165759526220384,-7.043324330535257e-14,-0.0001481010572337609,-0.1774390419397087
1770338257.8490274,1.2102623699086905,0.0,0.020006945496731446,1.2522617071008675,0.0,0.08789880771756178,0.15625000000000003,0.04849340527876361,0.042165759526220384,-5.454045068887483e-14,-0.00044324555802545515,-0.17758401699225665
1770338258.2646716,1.2102623699086905,0.0,0.020005695307319785,1.2522617071008675,0.0,0.08789880771756178,0.15625000000000003,0.04849340527876361,0.042165759526220384,-4.1459999353010384e-14,-0.0006413579136283385,-0.17767336995552616
1770338258.6798666,1.2102623699086905,0.0,0.020004670152002222,1.2522617071008675,0.0,0.08789880771756178,0.15625000000000003,0.04849340527876361,0.042165759526220384,-3.2243269432115394e-14,-0.00016998713487911872,-0.17746501040845697
1770338259.0906427,1.2102623699086905,0.0,0.020003829524641824,1.2522617071008675,0.0,0.08789880771756178,0.15625000000000003,0.04849340527876361,0.042165759526220384,-2.5102693470453195e-14,-0.00016650924053888242,-0.17741648217283879
1770338259.509735,1.2102623699086905,0.0,0.020003140210206296,1.2522617071008675,0.0,0.08789880771756178,0.15625000000000003,0.04849340527876361,0.042165759526220384,-1.8932476295880184e-14,-4.166726305565265e-05,-0.1773661975924053
1770338259.923546,1.2102623699086905,0.0,0.020002574972369163,1.2522617071008675,0.0,0.08789880771756178,0.15625000000000003,0.04849340527876361,0.042165759526220384,-1.479402587267478e-14,2.6137127253304008e-05,-0.17732659163852926
1770338260.3361106,1.2102623699086905,0.0,0.020002111477342713,1.2522617071008675,0.0,0.08789880771756178,0.15625000000000003,0.04849340527876361,0.042165759526220384,-1.1493001965919903e-14,0.00010640974456402696,-0.17728770215257078
1770338260.7790873,1.2102623699086905,0.0,0.020001731411421024,1.2522617071008675,0.0,0.08789880771756178,0.15625000000000003,0.04849340527876361,0.042165759526220384,-8.482034055793191e-15,-0.0008770034309651256,-0.17786972279615418
1770338261.200084,1.2102623699086905,0.0,0.02000141975736524,1.2522617071008675,0.0,0.08789880771756178,0.15625000000000003,0.04849340527876361,0.042165759526220384,-6.587219259363047e-15,-0.0004199958968035955,-0.17758857846493475
1770338261.6228971,1.2102623699086905,0.0,0.020001164201039496,1.2522617071008675,0.0,0.08789880771756178,0.15625000000000003,0.04849340527876361,0.042165759526220384,-4.9722910255393055e-15,3.145500417759282e-05,-0.17736229735112452
1770338262.053472,1.2102623699086905,0.0,0.020000954644852388,1.2522617071008675,0.0,0.08789880771756178,0.15625000000000003,0.04849340527876361,0.042165759526220384,-3.883341621100496e-15,-0.00015229924679557963,-0.1774274048116092
1770338262.4773076,1.2102623699086905,0.0,0.02000078280877896,1.2522617071008675,0.0,0.08789880771756178,0.15625000000000003,0.04849340527876361,0.042165759526220384,-2.7952419836100804e-15,-8.226560774156268e-05,-0.17738101593088923
1770338262.89934,1.2102623699086905,0.0,0.020000641903198745,1.2522617071008675,0.0,0.08789880771756178,0.15625000000000003,0.04849340527876361,0.042165759526220384,-2.247841433136207e-15,-0.0005789167459976228,-0.17767200324993687
1770338263.3143609,1.2102623699086905,0.0,0.02000052636062297,1.2522617071008675,0.0,0.08789880771756178,0.15625000000000003,0.04849340527876361,0.042165759526220384,-1.6631337746553924e-15,0.0001286880836860818,-0.17733929620423722
1770338263.7337778,1.2102623699086905,0.0,0.020000431615710836,1.2522617071008675,0.0,0.08789880771756178,0.15625000000000003,0.04849340527876361,0.042165759526220384,-1.3021672748467268e-15,-0.00029621291062703506,-0.17752347631785634
1770338264.149631,1.2102623699086905,0.0,0.020000353924882884,1.2522617071008675,0.0,0.08789880771756178,0.15625000000000003,0.04849340527876361,0.042165759526220384,-9.845843296442089e-16,-0.00020565778216964444,-0.17744476416704175
1770338264.5660732,1.2102623699086905,0.0,0.020000290218403965,1.2522617071008675,0.0,0.08789880771756178,0.15625000000000003,0.04849340527876361,0.042165759526220384,-7.628496322235521e-16,7.665769349826895e-05,-0.17732278246392863
1770338264.9802027,1.2102623699086905,0.0,0.020000237979091253,1.2522617071008675,0.0,0.08789880771756178,0.15625000000000003,0.04849340527876361,0.042165759526220384,-5.925490373195794e-16,-0.0002830259525908003,-0.1775103611040151
1770338265.3937285,1.2102623699086905,0.0,0.020000195142854827,1.2522617071008675,0.0,0.08789880771756178,0.15625000000000003,0.04849340527876361,0.042165759526220384,-4.479057943732966e-16,-0.0007626285695436076,-0.17776215430957776
1770338265.8109665,1.2102623699086905,0.0,0.020000160017140958,1.2522617071008675,0.0,0.08789880771756178,0.15625000000000003,0.04849340527876361,0.042165759526220384,-3.462271160979449e-16,-7.3274549375217e-05,-0.177438452439815
1770338266.234441,1.2102623699086905,0.0,0.020000131214055587,1.2522617071008675,0.0,0.08789880771756178,0.15625000000000003,0.04849340527876361,0.042165759526220384,-2.651010900727125e-16,-0.0003231091296867788,-0.17751941778598504
1770338266.6640825,1.2102623699086905,0.0,0.02000010759552558,1.2522617071008675,0.0,0.08789880771756178,0.15625000000000003,0.04849340527876361,0.042165759526220384,-2.0206397856025013e-16,-0.0009165522530239646,-0.17785050020195614
1770338267.0864568,1.2102623699086905,0.0,0.020000088228330975,1.2522617071008675,0.0,0.08789880771756178,0.15625000000000003,0.04849340527876361,0.042165759526220384,-1.480407745179532e-16,-0.0005198750332840163,-0.17763248500172638
1770338267.5154307,1.2102623699086905,0.0,0.0200000723472314,1.2522617071008675,0.0,0.08789880771756178,0.15625000000000003,0.04849340527876361,0.042165759526220384,-1.1812620953152743e-16,-0.00078527821869085,-0.17775205919099643
1770338267.9450681,1.2102623699086905,0.0,0.020000059324729747,1.2522617071008675,0.0,0.08789880771756178,0.15625000000000003,0.04849340527876361,0.042165759526220384,-9.168548990216891e-17,-0.0006478158558072781,-0.1776705339273023
1770338268.3665798,1.2102623699086905,0.0,0.02000004864627839,1.2522617071008675,0.0,0.08789880771756178,0.15625000000000003,0.04849340527876361,0.042165759526220384,-6.919437296551609e-17,-0.0003956826195420355,-0.1775559343965078
1770338268.7817538,1.2102623699086905,0.0,0.020000039889948282,1.2522617071008675,0.0,0.08789880771756178,0.15625000000000003,0.04849340527876361,0.042165759526220384,-5.231760452566064e-17,-0.0008357344039079336,-0.17779475214350082
1770338269.203359,1.2102623699086905,0.0,0.02000003270975759,1.2522617071008675,0.0,0.08789880771756178,0.15625000000000003,0.04849340527876361,0.042165759526220384,-4.052368340372389e-17,-3.945063839941467e-05,-0.1774322334588608
1770338269.617995,1.2102623699086905,0.0,0.020000026822001225,1.2522617071008675,0.0,0.08789880771756178,0.15625000000000003,0.04849340527876361,0.042165759526220384,-3.062315964070527e-17,-0.00043220052283192173,-0.17758825501296946
1770338270.030316,1.2102623699086905,0.0,0.020000021994041006,1.2522617071008675,0.0,0.08789880771756178,0.15625000000000003,0.04849340527876361,0.042165759526220384,-2.3668694040186393e-17,0.00025164441414051423,-0.17727544204973725
1770338270.4509299,1.2102623699086905,0.0,0.020000018035113625,1.2522617071008675,0.0,0.08789880771756178,0.15625000000000003,0.04849340527876361,0.042165759526220384,-1.840000200521294e-17,-0.0004718538472303089,-0.17764115651286247
1770338270.8697717,1.2102623699086905,0.0,0.020000014788793173,1.2522617071008675,0.0,0.08789880771756178,0.15625000000000003,0.04849340527876361,0.042165759526220384,-1.3870270495636148e-17,0.0008152223596329519,-0.17705397620398006
1770338271.286163,1.2102623699086905,0.0,0.020000012126810403,1.2522617071008675,0.0,0.08789880771756178,0.15625000000000003,0.04849340527876361,0.042165759526220384,-1.0757442052808e-17,-2.0886616165203024e-05,-0.17742693396877265
1770338271.7036378,1.2102623699086905,0.0,0.020000009943984532,1.2522617071008675,0.0,0.08789880771756178,0.15625000000000003,0.04849340527876361,0.042165759526220384,-8.117232806875985e-18,0.00010492926052781877,-0.17729299672051563
1770338272.1138196,1.2102623699086905,0.0,0.020000008154067318,1.2522617071008675,0.0,0.08789880771756178,0.15625000000000003,0.04849340527876361,0.042165759526220384,-6.302399347982746e-18,-0.000972091293762468,-0.17792662746542048
1770338272.5240636,1.2102623699086905,0.0,0.0200000066863352,1.2522617071008675,0.0,0.08789880771756178,0.15625000000000003,0.04849340527876361,0.042165759526220384,-4.898656140493449e-18,-0.00039290507374291784,-0.17758725092198366
1770338272.9360034,1.2102623699086905,0.0,0.020000005482794864,1.2522617071008675,0.0,0.08789880771756178,0.15625000000000003,0.04849340527876361,0.042165759526220384,-3.792742127933844e-18,-0.000686368382746562,-0.17770541028538386
1770338273.3629968,1.2102623699086905,0.0,0.020000004495891788,1.2522617071008675,0.0,0.08789880771756178,0.15625000000000003,0.04849340527876361,0.042165759526220384,-2.8653270240893153e-18,-0.0005515202052772945,-0.1776221246834958
1770338273.779686,1.2102623699086905,0.0,0.020000003686631265,1.2522617071008675,0.0,0.08789880771756178,0.15625000000000003,0.04849340527876361,0.042165759526220384,-2.1651312814842475e-18,-0.00051453561248367,-0.1775938460286314
1770338274.1950305,1.2102623699086905,0.0,0.020000003023037637,1.2522617071008675,0.0,0.08789880771756178,0.15625000000000003,0.04849340527876361,0.042165759526220384,-1.679072640085721e-18,-0.00045788374416247076,-0.17756748682202358
1770338274.6061716,1.2102623699086905,0.0,0.02000000247889086,1.2522617071008675,0.0,0.08789880771756178,0.15625000000000003,0.04849340527876361,0.042165759526220384,-1.302118803873835e-18,-0.00019486736185334985,-0.17745661508226782
1770338275.0319934,1.2102623699086905,0.0,0.020000002032690506,1.2522617071008675,0.0,0.08789880771756178,0.15625000000000003,0.04849340527876361,0.042165759526220384,-9.837317639006445e-19,0.0003524364531357933,-0.17721139191804125
1770338275.4635758,1.2102623699086905,0.0,0.020000001666806214,1.2522617071008675,0.0,0.08789880771756178,0.15625000000000003,0.04849340527876361,0.042165759526220384,-7.648615183389524e-19,0.00025565735826913827,-0.17721472899346233
1770338275.8886418,1.2102623699086905,0.0,0.020000001366781095,1.2522617071008675,0.0,0.08789880771756178,0.15625000000000003,0.04849340527876361,0.042165759526220384,-5.782168264053698e-19,-7.212194197829438e-05,-0.1774017186641241
1770338276.3171988,1.2102623699086905,0.0,0.0200000011207605,1.2522617071008675,0.0,0.08789880771756178,0.15625000000000003,0.04849340527876361,0.042165759526220384,-4.369669967068474e-19,0.00015677477184839383,-0.1772773820485687
1770338276.7410722,1.2102623699086905,0.0,0.020000000919023608,1.2522617071008675,0.0,0.08789880771756178,0.15625000000000003,0.04849340527876361,0.042165759526220384,-3.3024793807452987e-19,-0.0002797988696303817,-0.1775164365620733
1770338277.1546369,1.2102623699086905,0.0,0.020000000753599357,1.2522617071008675,0.0,0.08789880771756178,0.15625000000000003,0.04849340527876361,0.042165759526220384,-2.55788362690696e-19,0.00020693543381865534,-0.1772780854765458
1770338277.5646756,1.2102623699086905,0.0,0.02000000061795147,1.2522617071008675,0.0,0.08789880771756178,0.15625000000000003,0.04849340527876361,0.042165759526220384,-1.9814177533870379e-19,-0.0004375674269765863,-0.17761611376267802
1770338277.9922805,1.2102623699086905,0.0,0.020000000506720208,1.2522617071008675,0.0,0.08789880771756178,0.15625000000000003,0.04849340527876361,0.042165759526220384,-1.417203106752509e-19,-0.00041430083938139397,-0.17754235684156044
1770338278.4222684,1.2102623699086905,0.0,0.02000000041551057,1.2522617071008675,0.0,0.08789880771756178,0.15625000000000003,0.04849340527876361,0.042165759526220384,-1.1348568004081691e-19,0.0003236427498118458,-0.17724485274712362
1770338278.8359592,1.2102623699086905,0.0,0.02000000034071867,1.2522617071008675,0.0,0.08789880771756178,0.15625000000000003,0.04849340527876361,0.042165759526220384,-8.352250077727328e-20,-0.001198975548589296,-0.178084629367245
1770338279.2551074,1.2102623699086905,0.0,0.020000000279389307,1.2522617071008675,0.0,0.08789880771756178,0.15625000000000003,0.04849340527876361,0.042165759526220384,-6.876923742674698e-20,-0.0007547633575296856,-0.17775468266098104
1770338279.6669707,1.2102623699086905,0.0,0.020000000229099233,1.2522617071008675,0.0,0.08789880771756178,0.15625000000000003,0.04849340527876361,0.042165759526220384,-5.2394809191029627e-20,-0.0007358183241707376,-0.1777026834285315
1770338280.082478,1.2102623699086905,0.0,0.020000000187861373,1.2522617071008675,0.0,0.08789880771756178,0.15625000000000003,0.04849340527876361,0.042165759526220384,-4.06543373657952e-20,-0.000261376004130857,-0.1775110119971796
1770338280.514893,1.2102623699086905,0.0,0.020000000154046325,1.2522617071008675,0.0,0.08789880771756178,0.15625000000000003,0.04849340527876361,0.042165759526220384,-3.078827786760584e-20,6.101172184971999e-05,-0.17733461267478343
1770338280.9433699,1.2102623699086905,0.0,0.020000000126317988,1.2522617071008675,0.0,0.08789880771756178,0.15625000000000003,0.04849340527876361,0.042165759526220384,-2.330203519281828e-20,-0.000489172683539913,-0.17763248454541913
1770338281.3651004,1.2102623699086905,0.0,0.02000000010358075,1.2522617071008675,0.0,0.08789880771756178,0.15625000000000003,0.04849340527876361,0.042165759526220384,-1.805469545350251e-20,-0.0006229515592025112,-0.17765773343027771
1770338281.7813625,1.2102623699086905,0.0,0.020000000084936215,1.2522617071008675,0.0,0.08789880771756178,0.15625000000000003,0.04849340527876361,0.042165759526220384,-1.2474979613904902e-20,0.0001819041128422535,-0.17732241327389356
1770338282.2061148,1.2102623699086905,0.0,0.020000000069647698,1.2522617071008675,0.0,0.08789880771756178,0.15625000000000003,0.04849340527876361,0.042165759526220384,-1.0651958354178194e-20,-0.0005157728318904093,-0.17766053387352868
1770338282.6402326,1.2102623699086905,0.0,0.02000000005711111,1.2522617071008675,0.0,0.08789880771756178,0.15625000000000003,0.04849340527876361,0.042165759526220384,-8.10298445710381e-21,-0.0006060526288203597,-0.17764493405721338
1770338283.0492635,1.2102623699086905,0.0,0.020000000046831112,1.2522617071008675,0.0,0.08789880771756178,0.15625000000000003,0.04849340527876361,0.042165759526220384,-6.309395783728962e-21,-6.710085330720951e-05,-0.17742032536731514
1770338283.4786284,1.2102623699086905,0.0,0.02000000003840151,1.2522617071008675,0.0,0.08789880771756178,0.15625000000000003,0.04849340527876361,0.042165759526220384,-4.790196716320763e-21,-5.930161769619464e-05,-0.17736331049551943
1770338283.9049895,1.2102623699086905,0.0,0.02000000003148924,1.2522617071008675,0.0,0.08789880771756178,0.15625000000000003,0.04849340527876361,0.042165759526220384,-3.419462798892902e-21,-0.0005193675355717655,-0.17763857012268366
1770338284.3575823,1.2102623699086905,0.0,0.020000000025821175,1.2522617071008675,0.0,0.08789880771756178,0.15625000000000003,0.04849340527876361,0.042165759526220384,-2.7430420384957855e-21,-0.00029872491333952347,-0.17750430648200322
1770338284.776034,1.2102623699086905,0.0,0.020000000021173366,1.2522617071008675,0.0,0.08789880771756178,0.15625000000000003,0.04849340527876361,0.042165759526220384,-2.11778909694037e-21,-0.0006642527957746647,-0.17770155894924108
1770338285.2042356,1.2102623699086905,0.0,0.02000000001736216,1.2522617071008675,0.0,0.08789880771756178,0.15625000000000003,0.04849340527876361,0.042165759526220384,-1.6162824872150244e-21,-0.00011670778920658839,-0.17744598815837032
1770338285.6234713,1.2102623699086905,0.0,0.020000000014236973,1.2522617071008675,0.0,0.08789880771756178,0.15625000000000003,0.04849340527876361,0.042165759526220384,-1.2238851987618857e-21,-0.00019481064836377832,-0.17743809537320784
1770338286.0356095,1.2102623699086905,0.0,0.020000000011674318,1.2522617071008675,0.0,0.08789880771756178,0.15625000000000003,0.04849340527876361,0.042165759526220384,-9.499893102312055e-22,-0.0008962057981121502,-0.17785112217714114
1770338286.454036,1.2102623699086905,0.0,0.02000000000957294,1.2522617071008675,0.0,0.08789880771756178,0.15625000000000003,0.04849340527876361,0.042165759526220384,-7.388175883503455e-22,-0.0003485883678448088,-0.17756193569005937
1770338286.8845987,1.2102623699086905,0.0,0.02000000000784981,1.2522617071008675,0.0,0.08789880771756178,0.15625000000000003,0.04849340527876361,0.042165759526220384,-5.596765354656861e-22,-0.0005481101507366981,-0.17762688701676774
1770338287.301622,1.2102623699086905,0.0,0.020000000006436845,1.2522617071008675,0.0,0.08789880771756178,0.15625000000000003,0.04849340527876361,0.042165759526220384,-4.2251830823167124e-22,-0.00037773833313271203,-0.17753878611143697
1770338287.720291,1.2102623699086905,0.0,0.020000000005278212,1.2522617071008675,0.0,0.08789880771756178,0.15625000000000003,0.04849340527876361,0.042165759526220384,-2.915725972676869e-22,-7.50612642268577e-05,-0.1774006781021142
1770338288.1286676,1.2102623699086905,0.0,0.020000000004328135,1.2522617071008675,0.0,0.08789880771756178,0.15625000000000003,0.04849340527876361,0.042165759526220384,-2.279005178345631e-22,-0.0007774280385068013,-0.17779183045979163
1770338288.5529532,1.2102623699086905,0.0,0.02000000000354907,1.2522617071008675,0.0,0.08789880771756178,0.15625000000000003,0.04849340527876361,0.042165759526220384,-1.9378306266848603e-22,0.00014783018826926912,-0.1773514904916532
1770338288.9710433,1.2102623699086905,0.0,0.02000000000291024,1.2522617071008675,0.0,0.08789880771756178,0.15625000000000003,0.04849340527876361,0.042165759526220384,-1.506387952680665e-22,-0.0002831288610425448,-0.17751754009856266
1770338289.3893528,1.2102623699086905,0.0,0.020000000002386397,1.2522617071008675,0.0,0.08789880771756178,0.15625000000000003,0.04849340527876361,0.042165759526220384,-1.1420329950850594e-22,-0.00027518363761217223,-0.17747126610425934
1770338289.8004823,1.2102623699086905,0.0,0.020000000001956845,1.2522617071008675,0.0,0.08789880771756178,0.15625000000000003,0.04849340527876361,0.042165759526220384,-8.871647889783639e-23,-0.00040466937513908627,-0.17754816302443246
1770338290.22017,1.2102623699086905,0.0,0.020000000001604613,1.2522617071008675,0.0,0.08789880771756178,0.15625000000000003,0.04849340527876361,0.042165759526220384,-6.716588291846721e-23,-8.339613577466073e-07,-0.17737368028516723
1770338290.6359806,1.2102623699086905,0.0,0.02000000000131578,1.2522617071008675,0.0,0.08789880771756178,0.15625000000000003,0.04849340527876361,0.042165759526220384,-5.211600528614087e-23,-0.0003508683206878131,-0.17754331735938714
1770338291.0507402,1.2102623699086905,0.0,0.02000000000107894,1.2522617071008675,0.0,0.08789880771756178,0.15625000000000003,0.04849340527876361,0.042165759526220384,-4.0540583352960187e-23,-0.0005821935856452426,-0.1776471090824286
1770338291.4658997,1.2102623699086905,0.0,0.02000000000088473,1.2522617071008675,0.0,0.08789880771756178,0.15625000000000003,0.04849340527876361,0.042165759526220384,-3.0715461199363344e-23,-0.00023024580753756412,-0.17748319744468977
1770338291.8830245,1.2102623699086905,0.0,0.02000000000072548,1.2522617071008675,0.0,0.08789880771756178,0.15625000000000003,0.04849340527876361,0.042165759526220384,-2.3780348807662705e-23,-0.0003712236648912184,-0.17753258938129118
1770338292.2982082,1.2102623699086905,0.0,0.020000000000594893,1.2522617071008675,0.0,0.08789880771756178,0.15625000000000003,0.04849340527876361,0.042165759526220384,-1.7969153871860574e-23,-0.00023402646156959618,-0.17746361271422717
1770338292.7136443,1.2102623699086905,0.0,0.02000000000048781,1.2522617071008675,0.0,0.08789880771756178,0.15625000000000003,0.04849340527876361,0.042165759526220384,-1.4001363584741998e-23,-0.0006144847472543843,-0.1776781679653059
1770338293.147936,1.2102623699086905,0.0,0.020000000000400007,1.2522617071008675,0.0,0.08789880771756178,0.15625000000000003,0.04849340527876361,0.042165759526220384,-1.0609603426149719e-23,-7.035315774325544e-05,-0.17742246950093296
1770338293.5727746,1.2102623699086905,0.0,0.020000000000328005,1.2522617071008675,0.0,0.08789880771756178,0.15625000000000003,0.04849340527876361,0.042165759526220384,-8.190517967632614e-24,-0.00033434219237877313,-0.17752644976276316
1770338293.9842741,1.2102623699086905,0.0,0.020000000000268966,1.2522617071008675,0.0,0.08789880771756178,0.15625000000000003,0.04849340527876361,0.042165759526220384,-6.238352769163405e-24,-0.00028154725213641005,-0.17747893288320266
1770338294.408111,1.2102623699086905,0.0,0.020000000000220553,1.2522617071008675,0.0,0.08789880771756178,0.15625000000000003,0.04849340527876361,0.042165759526220384,-4.835752999176758e-24,-0.0008038060790273047,-0.17778700868531294
1770338294.8426478,1.2102623699086905,0.0,0.020000000000180852,1.2522617071008675,0.0,0.08789880771756178,0.15625000000000003,0.04849340527876361,0.042165759526220384,-3.662714235115035e-24,0.00012118605699810146,-0.17736478594821373
1770338295.2570846,1.2102623699086905,0.0,0.0200000000001483,1.2522617071008675,0.0,0.08789880771756178,0.15625000000000003,0.04849340527876361,0.042165759526220384,-2.771918075382893e-24,-0.0006755260597571677,-0.17775031400466432
1770338295.6711395,1.2102623699086905,0.0,0.020000000000121605,1.2522617071008675,0.0,0.08789880771756178,0.15625000000000003,0.04849340527876361,0.042165759526220384,-2.1535362448603953e-24,-0.0005535374399785768,-0.17762184734507738
1770338296.0823836,1.2102623699086905,0.0,0.020000000000099716,1.2522617071008675,0.0,0.08789880771756178,0.15625000000000003,0.04849340527876361,0.042165759526220384,-1.6224224787380704e-24,-2.5658237236218345e-05,-0.17739849680200256
1770338296.5024316,1.2102623699086905,0.0,0.02000000000008177,1.2522617071008675,0.0,0.08789880771756178,0.15625000000000003,0.04849340527876361,0.042165759526220384,-1.196853625897007e-24,-0.00041755355207442814,-0.17758084607063127
1770338296.933993,1.2102623699086905,0.0,0.02000000000006705,1.2522617071008675,0.0,0.08789880771756178,0.15625000000000003,0.04849340527876361,0.042165759526220384,-9.829822615030318e-25,-0.0003403297360929933,-0.17751076701275484
1770338297.3507705,1.2102623699086905,0.0,0.02000000000005498,1.2522617071008675,0.0,0.08789880771756178,0.15625000000000003,0.04849340527876361,0.042165759526220384,-7.434920512655706e-25,0.0001795438353221068,-0.17729509520259068
1770338297.7686126,1.2102623699086905,0.0,0.020000000000045086,1.2522617071008675,0.0,0.08789880771756178,0.15625000000000003,0.04849340527876361,0.042165759526220384,-5.73013303430264e-25,-0.0002291079748431151,-0.1774882989315483
1770338298.1807182,1.2102623699086905,0.0,0.02000000000003697,1.2522617071008675,0.0,0.08789880771756178,0.15625000000000003,0.04849340527876361,0.042165759526220384,-4.251587850285792e-25,-0.000333792961916997,-0.1775102447427761
1770338298.5971248,1.2102623699086905,0.0,0.020000000000030316,1.2522617071008675,0.0,0.08789880771756178,0.15625000000000003,0.04849340527876361,0.042165759526220384,-3.2153562681548006e-25,-0.0009062851863759918,-0.1778432715787441
1770338299.0319884,1.2102623699086905,0.0,0.02000000000002486,1.2522617071008675,0.0,0.08789880771756178,0.15625000000000003,0.04849340527876361,0.042165759526220384,-2.294342841854642e-25,-0.0006274842633336857,-0.1776745019870813
1770338299.4502249,1.2102623699086905,0.0,0.020000000000020383,1.2522617071008675,0.0,0.08789880771756178,0.15625000000000003,0.04849340527876361,0.042165759526220384,-1.705386461700207e-25,-0.001044695479637451,-0.17789694862455932
1770338299.8818412,1.2102623699086905,0.0,0.020000000000016713,1.2522617071008675,0.0,0.08789880771756178,0.15625000000000003,0.04849340527876361,0.042165759526220384,-1.4282191350257471e-25,-0.0007906882883299155,-0.17775362462640593
1770338300.2986782,1.2102623699086905,0.0,0.020000000000013705,1.2522617071008675,0.0,0.08789880771756178,0.15625000000000003,0.04849340527876361,0.042165759526220384,-1.173475640370958e-25,-0.0006417946709339554,-0.1776686664603168
1770338300.7236497,1.2102623699086905,0.0,0.020000000000011238,1.2522617071008675,0.0,0.08789880771756178,0.15625000000000003,0.04849340527876361,0.042165759526220384,-8.238020928096651e-26,-0.0002191297280332211,-0.1774847111214169
1770338301.1390328,1.2102623699086905,0.0,0.020000000000009215,1.2522617071008675,0.0,0.08789880771756178,0.15625000000000003,0.04849340527876361,0.042165759526220384,-6.37833751640333e-26,-0.0001565866282939457,-0.1774174273872311
1770338301.5668075,1.2102623699086905,0.0,0.020000000000007557,1.2522617071008675,0.0,0.08789880771756178,0.15625000000000003,0.04849340527876361,0.042165759526220384,-4.9500086078097195e-26,0.00019833646436261842,-0.17726920384019457
1770338301.982164,1.2102623699086905,0.0,0.020000000000006197,1.2522617071008675,0.0,0.08789880771756178,0.15625000000000003,0.04849340527876361,0.042165759526220384,-3.368430155584961e-26,0.00029085321561085544,-0.17719670483042962
1770338302.3975503,1.2102623699086905,0.0,0.020000000000005083,1.2522617071008675,0.0,0.08789880771756178,0.15625000000000003,0.04849340527876361,0.042165759526220384,-2.9059446765396284e-26,3.954601694660417e-05,-0.17733823747450334
1770338302.8207164,1.2102623699086905,0.0,0.020000000000004167,1.2522617071008675,0.0,0.08789880771756178,0.15625000000000003,0.04849340527876361,0.042165759526220384,-2.1984354453046137e-26,0.0001352678319736444,-0.1772748180286261
1770338303.2319233,1.2102623699086905,0.0,0.020000000000003418,1.2522617071008675,0.0,0.08789880771756178,0.15625000000000003,0.04849340527876361,0.042165759526220384,-1.7161233799258596e-26,-0.0002310136744174865,-0.1774850147509581
1770338303.6481116,1.2102623699086905,0.0,0.020000000000002804,1.2522617071008675,0.0,0.08789880771756178,0.15625000000000003,0.04849340527876361,0.042165759526220384,-1.3331670746736565e-26,-0.0009939899511907622,-0.17790617236638293
1770338304.06275,1.2102623699086905,0.0,0.0200000000000023,1.2522617071008675,0.0,0.08789880771756178,0.15625000000000003,0.04849340527876361,0.042165759526220384,-1.0091301433415874e-26,-0.0007301748923786852,-0.17772434871518078
1770338304.4749136,1.2102623699086905,0.0,0.020000000000001888,1.2522617071008675,0.0,0.08789880771756178,0.15625000000000003,0.04849340527876361,0.042165759526220384,-7.838911189612377e-27,-0.0007294141264594736,-0.17769766290293187
1770338304.8983834,1.2102623699086905,0.0,0.020000000000001548,1.2522617071008675,0.0,0.08789880771756178,0.15625000000000003,0.04849340527876361,0.042165759526220384,-5.548077492005309e-27,-0.0008111689178891752,-0.17774663970119778
1770338305.3167224,1.2102623699086905,0.0,0.02000000000000127,1.2522617071008675,0.0,0.08789880771756178,0.15625000000000003,0.04849340527876361,0.042165759526220384,-4.614334802575145e-27,-0.0003871777737689703,-0.17756886776440675
1770338305.7306812,1.2102623699086905,0.0,0.02000000000000104,1.2522617071008675,0.0,0.08789880771756178,0.15625000000000003,0.04849340527876361,0.042165759526220384,-3.579099698145755e-27,-0.00022945511639617047,-0.1774633795870456
1770338306.1531804,1.2102623699086905,0.0,0.020000000000000854,1.2522617071008675,0.0,0.08789880771756178,0.15625000000000003,0.04849340527876361,0.042165759526220384,-2.7154027668927974e-27,-0.0004551166766420873,-0.17758300425745585
1770338306.5679767,1.2102623699086905,0.0,0.0200000000000007,1.2522617071008675,0.0,0.08789880771756178,0.15625000000000003,0.04849340527876361,0.042165759526220384,-2.1054390923176933e-27,-7.75820248936809e-05,-0.17740942424073192
1770338306.9819984,1.2102623699086905,0.0,0.020000000000000576,1.2522617071008675,0.0,0.08789880771756178,0.15625000000000003,0.04849340527876361,0.042165759526220384,-1.5924496789734648e-27,5.6242963622105525e-05,-0.17731814078015073
1770338307.3925033,1.2102623699086905,0.0,0.020000000000000472,1.2522617071008675,0.0,0.08789880771756178,0.15625000000000003,0.04849340527876361,0.042165759526220384,-1.2296115658547534e-27,0.000612501181190055,-0.177082254994272
1770338307.8104057,1.2102623699086905,0.0,0.02000000000000039,1.2522617071008675,0.0,0.08789880771756178,0.15625000000000003,0.04849340527876361,0.042165759526220384,-9.63600392392019e-28,3.4478137147382593e-06,-0.17739206119300038
1770338308.2412922,1.2102623699086905,0.0,0.02000000000000032,1.2522617071008675,0.0,0.08789880771756178,0.15625000000000003,0.04849340527876361,0.042165759526220384,-7.2767365488424435e-28,-0.00010910965364793054,-0.17739869033667047
1770338308.6706007,1.2102623699086905,0.0,0.02000000000000026,1.2522617071008675,0.0,0.08789880771756178,0.15625000000000003,0.04849340527876361,0.042165759526220384,-5.202833665318289e-28,-0.00013853936370586861,-0.17740509241596894
1770338309.098176,1.2102623699086905,0.0,0.020000000000000212,1.2522617071008675,0.0,0.08789880771756178,0.15625000000000003,0.04849340527876361,0.042165759526220384,-4.287387683802953e-28,-0.0003615736498732506,-0.17753597001666357
1770338309.5130894,1.2102623699086905,0.0,0.020000000000000174,1.2522617071008675,0.0,0.08789880771756178,0.15625000000000003,0.04849340527876361,0.042165759526220384,-3.2373312929862474e-28,-0.000197891069439467,-0.17744819355587332
1770338309.929492,1.2102623699086905,0.0,0.020000000000000143,1.2522617071008675,0.0,0.08789880771756178,0.15625000000000003,0.04849340527876361,0.042165759526220384,-2.5231865236612354e-28,-0.00012512636751972283,-0.17740271941706207
1770338310.3963687,1.2102623699086905,0.0,0.02000000000000012,1.2522617071008675,0.0,0.08789880771756178,0.15625000000000003,0.04849340527876361,0.042165759526220384,-1.8645524363085235e-28,-4.728576392164677e-05,-0.17736430670543085
1770338310.8126316,1.2102623699086905,0.0,0.020000000000000098,1.2522617071008675,0.0,0.08789880771756178,0.15625000000000003,0.04849340527876361,0.042165759526220384,-1.3677128081244027e-28,-0.0002526594758957791,-0.17747974687225554
1770338311.2279913,1.2102623699086905,0.0,0.02000000000000008,1.2522617071008675,0.0,0.08789880771756178,0.15625000000000003,0.04849340527876361,0.042165759526220384,-1.09447627276532e-28,-0.00021955365870371266,-0.1774459671741813
1770338311.6424809,1.2102623699086905,0.0,0.020000000000000066,1.2522617071008675,0.0,0.08789880771756178,0.15625000000000003,0.04849340527876361,0.042165759526220384,-8.519563256568354e-29,-0.00039661903501274175,-0.17754889581824748
1770338312.0575845,1.2102623699086905,0.0,0.020000000000000056,1.2522617071008675,0.0,0.08789880771756178,0.15625000000000003,0.04849340527876361,0.042165759526220384,-6.450942049784415e-29,-0.0003606444288242366,-0.1775167994381412
1770338312.474297,1.2102623699086905,0.0,0.020000000000000046,1.2522617071008675,0.0,0.08789880771756178,0.15625000000000003,0.04849340527876361,0.042165759526220384,-4.9765636778483824e-29,-0.0004479574438330226,-0.17756558978652762
1770338312.886,1.2102623699086905,0.0,0.02000000000000004,1.2522617071008675,0.0,0.08789880771756178,0.15625000000000003,0.04849340527876361,0.042165759526220384,-3.881843214373317e-29,-0.0003657237754949981,-0.17752396501769152
1770338313.3060303,1.2102623699086905,0.0,0.02000000000000003,1.2522617071008675,0.0,0.08789880771756178,0.15625000000000003,0.04849340527876361,0.042165759526220384,-2.9509449510465563e-29,-0.00024202149296631548,-0.17746626073784624
1770338313.7213135,1.2102623699086905,0.0,0.020000000000000025,1.2522617071008675,0.0,0.08789880771756178,0.15625000000000003,0.04849340527876361,0.042165759526220384,-2.292380657579864e-29,0.0003772849704985386,-0.17720616792420743
1770338314.1447709,1.2102623699086905,0.0,0.02000000000000002,1.2522617071008675,0.0,0.08789880771756178,0.15625000000000003,0.04849340527876361,0.042165759526220384,-1.7368160962566424e-29,-0.0002745125170215813,-0.17753531577037301
1770338314.571238,1.2102623699086905,0.0,0.020000000000000018,1.2522617071008675,0.0,0.08789880771756178,0.15625000000000003,0.04849340527876361,0.042165759526220384,-1.3489402149095746e-29,0.0003282083111067328,-0.17722904769036968
1770338314.982229,1.2102623699086905,0.0,0.020000000000000014,1.2522617071008675,0.0,0.08789880771756178,0.15625000000000003,0.04849340527876361,0.042165759526220384,-9.654199839557738e-30,-0.0003809721877004552,-0.17759428390684115
1770338315.3983521,1.2102623699086905,0.0,0.02000000000000001,1.2522617071008675,0.0,0.08789880771756178,0.15625000000000003,0.04849340527876361,0.042165759526220384,-7.927108984803023e-30,0.0003538251558657519,-0.17722944691953396
1770338315.8462749,1.2102623699086905,0.0,0.020000000000000007,1.2522617071008675,0.0,0.08789880771756178,0.15625000000000003,0.04849340527876361,0.042165759526220384,-6.148913670365662e-30,-0.0005597440826990161,-0.1777041087283162
1770338316.2698548,1.2102623699086905,0.0,0.020000000000000007,1.2522617071008675,0.0,0.08789880771756178,0.15625000000000003,0.04849340527876361,0.042165759526220384,-4.54684134445927e-30,-0.001056499723188979,-0.1779108051887537
1770338316.682491,1.2102623699086905,0.0,0.020000000000000007,1.2522617071008675,0.0,0.08789880771756178,0.15625000000000003,0.04849340527876361,0.042165759526220384,-3.337638850213631e-30,-0.0006574922442477239,-0.1777015266331282
1770338317.116823,1.2102623699086905,0.0,0.020000000000000007,1.2522617071008675,0.0,0.08789880771756178,0.15625000000000003,0.04849340527876361,0.042165759526220384,-2.5320309554830625e-30,-0.0009490387225532445,-0.17783655377221738
1770338317.529719,1.2102623699086905,0.0,0.020000000000000007,1.2522617071008675,0.0,0.08789880771756178,0.15625000000000003,0.04849340527876361,0.042165759526220384,-2.0698713230624733e-30,-0.00043729481884647334,-0.17760270156290411
1770338317.9399533,1.2102623699086905,0.0,0.020000000000000007,1.2522617071008675,0.0,0.08789880771756178,0.15625000000000003,0.04849340527876361,0.042165759526220384,-1.578633765161891e-30,-0.0005036055442170031,-0.1775913136077558
1770338318.351516,1.2102623699086905,0.0,0.020000000000000007,1.2522617071008675,0.0,0.08789880771756178,0.15625000000000003,0.04849340527876361,0.042165759526220384,-1.2258890088172345e-30,-0.00023771472632451584,-0.17747832620806173
1770338318.7669027,1.2102623699086905,0.0,0.020000000000000007,1.2522617071008675,0.0,0.08789880771756178,0.15625000000000003,0.04849340527876361,0.042165759526220384,-9.51492137510649e-31,-0.00021222717645275144,-0.17744154210632376
1770338319.179226,1.2102623699086905,0.0,0.020000000000000007,1.2522617071008675,0.0,0.08789880771756178,0.15625000000000003,0.04849340527876361,0.042165759526220384,-7.386776253360745e-31,-4.562401297584086e-06,-0.1773559274412745
1770338319.6267989,1.2102623699086905,0.0,0.020000000000000007,1.2522617071008675,0.0,0.08789880771756178,0.15625000000000003,0.04849340527876361,0.042165759526220384,-5.291550043741424e-31,-0.0003365277775718351,-0.17753434018952358
1770338320.0489776,1.2102623699086905,0.0,0.020000000000000007,1.2522617071008675,0.0,0.08789880771756178,0.15625000000000003,0.04849340527876361,0.042165759526220384,-4.235334512393015e-31,-0.0008626264993491987,-0.17781680288496254
1770338320.4699986,1.2102623699086905,0.0,0.020000000000000007,1.2522617071008675,0.0,0.08789880771756178,0.15625000000000003,0.04849340527876361,0.042165759526220384,-3.2056525924435496e-31,-0.0003825176706960293,-0.17757214948132355
1770338320.8899746,1.2102623699086905,0.0,0.020000000000000007,1.2522617071008675,0.0,0.08789880771756178,0.15625000000000003,0.04849340527876361,0.042165759526220384,-2.4893279304672463e-31,-0.0009738750134016703,-0.17787895300408163
1770338321.3081527,1.2102623699086905,0.0,0.020000000000000007,1.2522617071008675,0.0,0.08789880771756178,0.15625000000000003,0.04849340527876361,0.042165759526220384,-1.7817897331457441e-31,-0.0008299464922976508,-0.17776224586136946
1770338321.7283936,1.2102623699086905,0.0,0.020000000000000007,1.2522617071008675,0.0,0.08789880771756178,0.15625000000000003,0.04849340527876361,0.042165759526220384,-1.463629454040212e-31,-0.00038338389496412554,-0.17756922797032562
1770338322.1459024,1.2102623699086905,0.0,0.020000000000000007,1.2522617071008675,0.0,0.08789880771756178,0.15625000000000003,0.04849340527876361,0.042165759526220384,-1.1059417479685184e-31,-0.0003807021966058259,-0.17752349903124898
1770338322.5606937,1.2102623699086905,0.0,0.020000000000000007,1.2522617071008675,0.0,0.08789880771756178,0.15625000000000003,0.04849340527876361,0.042165759526220384,-8.587010241133062e-32,-5.564954214810267e-05,-0.17739320979963003
1770338322.9694636,1.2102623699086905,0.0,0.020000000000000007,1.2522617071008675,0.0,0.08789880771756178,0.15625000000000003,0.04849340527876361,0.042165759526220384,-6.677355547515638e-32,0.0004559226798115805,-0.1771560756454004
1770338323.3890617,1.2102623699086905,0.0,0.020000000000000007,1.2522617071008675,0.0,0.08789880771756178,0.15625000000000003,0.04849340527876361,0.042165759526220384,-5.057474717524661e-32,0.0004327593081663347,-0.17711881644619157
1770338323.8010006,1.2102623699086905,0.0,0.020000000000000007,1.2522617071008675,0.0,0.08789880771756178,0.15625000000000003,0.04849340527876361,0.042165759526220384,-3.7077637129181576e-32,-0.00011010584499591698,-0.1774422192009244
1770338324.2177022,1.2102623699086905,0.0,0.020000000000000007,1.2522617071008675,0.0,0.08789880771756178,0.15625000000000003,0.04849340527876361,0.042165759526220384,-2.9720238937678786e-32,-0.0005357103520776256,-0.17764329538985718
1770338324.6359942,1.2102623699086905,0.0,0.020000000000000007,1.2522617071008675,0.0,0.08789880771756178,0.15625000000000003,0.04849340527876361,0.042165759526220384,-2.3096624876946356e-32,-0.0007138704104506529,-0.17770763097417286
1770338325.0584202,1.2102623699086905,0.0,0.020000000000000007,1.2522617071008675,0.0,0.08789880771756178,0.15625000000000003,0.04849340527876361,0.042165759526220384,-1.7505667508589627e-32,-0.0006465141115218248,-0.17766287244876403
1770338325.4719458,1.2102623699086905,0.0,0.020000000000000007,1.2522617071008675,0.0,0.08789880771756178,0.15625000000000003,0.04849340527876361,0.042165759526220384,-1.352253728227462e-32,-0.0007809035864974926,-0.17773677050385653
1770338325.8860228,1.2102623699086905,0.0,0.020000000000000007,1.2522617071008675,0.0,0.08789880771756178,0.15625000000000003,0.04849340527876361,0.042165759526220384,-1.055186241477066e-32,-0.00023146263350409487,-0.17750355517516161
1770338326.3044565,1.2102623699086905,0.0,0.020000000000000007,1.2522617071008675,0.0,0.08789880771756178,0.15625000000000003,0.04849340527876361,0.042165759526220384,-7.987496432037067e-33,-0.00031972338703071753,-0.17750156753197824
1770338326.7205405,1.2102623699086905,0.0,0.020000000000000007,1.2522617071008675,0.0,0.08789880771756178,0.15625000000000003,0.04849340527876361,0.042165759526220384,-6.217421697367903e-33,-1.0705627319962483e-05,-0.17736913435274126
1770338327.1322834,1.2102623699086905,0.0,0.020000000000000007,1.2522617071008675,0.0,0.08789880771756178,0.15625000000000003,0.04849340527876361,0.042165759526220384,-4.802494342046136e-33,-0.00024980636670541645,-0.17748169302040145
1770338327.546089,1.2102623699086905,0.0,0.020000000000000007,1.2522617071008675,0.0,0.08789880771756178,0.15625000000000003,0.04849340527876361,0.042165759526220384,-3.6628921904244294e-33,-9.957922818696664e-05,-0.17739769209105555
1770338327.9581306,1.2102623699086905,0.0,0.020000000000000007,1.2522617071008675,0.0,0.08789880771756178,0.15625000000000003,0.04849340527876361,0.042165759526220384,-2.8500573726396426e-33,-0.0006236959957672743,-0.1776971394377519
1770338328.3748784,1.2102623699086905,0.0,0.020000000000000007,1.2522617071008675,0.0,0.08789880771756178,0.15625000000000003,0.04849340527876361,0.042165759526220384,-2.0717366248779103e-33,-0.0002874554537594938,-0.17751023154419074
1770338328.7913382,1.2102623699086905,0.0,0.020000000000000007,1.2522617071008675,0.0,0.08789880771756178,0.15625000000000003,0.04849340527876361,0.042165759526220384,-1.586812005491172e-33,-0.0005138821829174128,-0.17761246352748472
1770338329.201378,1.2102623699086905,0.0,0.020000000000000007,1.2522617071008675,0.0,0.08789880771756178,0.15625000000000003,0.04849340527876361,0.042165759526220384,-1.231485867626236e-33,-0.0005969976150360793,-0.17763969011384015
1770338329.6304605,1.2102623699086905,0.0,0.020000000000000007,1.2522617071008675,0.0,0.08789880771756178,0.15625000000000003,0.04849340527876361,0.042165759526220384,-9.843304297224013e-34,-5.817635417702918e-05,-0.17741585006628463
1770338330.0519633,1.2102623699086905,0.0,0.020000000000000007,1.2522617071008675,0.0,0.08789880771756178,0.15625000000000003,0.04849340527876361,0.042165759526220384,-7.628810334242271e-34,0.00040379014367224436,-0.177177181341059
1770338330.4707499,1.2102623699086905,0.0,0.020000000000000007,1.2522617071008675,0.0,0.08789880771756178,0.15625000000000003,0.04849340527876361,0.042165759526220384,-5.482678367159976e-34,0.0002149628678664359,-0.17724428105675757
1770338330.8979976,1.2102623699086905,0.0,0.020000000000000007,1.2522617071008675,0.0,0.08789880771756178,0.15625000000000003,0.04849340527876361,0.042165759526220384,-3.728725611255221e-34,-0.000562488291546256,-0.17769186902482462
1770338331.3137221,1.2102623699086905,0.0,0.020000000000000007,1.2522617071008675,0.0,0.08789880771756178,0.15625000000000003,0.04849340527876361,0.042165759526220384,-3.3980671428631128e-34,-0.00028392596602575676,-0.17750269897867516
1770338331.7395132,1.2102623699086905,0.0,0.020000000000000007,1.2522617071008675,0.0,0.08789880771756178,0.15625000000000003,0.04849340527876361,0.042165759526220384,-2.499434343660455e-34,-9.465897993201917e-05,-0.1773991359516856
1770338332.1730537,1.2102623699086905,0.0,0.020000000000000007,1.2522617071008675,0.0,0.08789880771756178,0.15625000000000003,0.04849340527876361,0.042165759526220384,-1.8935819244676927e-34,-0.0005615896038979346,-0.1776603676274558
1770338332.5897915,1.2102623699086905,0.0,0.020000000000000007,1.2522617071008675,0.0,0.08789880771756178,0.15625000000000003,0.04849340527876361,0.042165759526220384,-1.4250896378505942e-34,-0.0006320267509625566,-0.17765593685329797
1770338333.0080318,1.2102623699086905,0.0,0.020000000000000007,1.2522617071008675,0.0,0.08789880771756178,0.15625000000000003,0.04849340527876361,0.042165759526220384,-1.1122960411680244e-34,-0.00045449141118462634,-0.17757787900268032
1770338333.4224553,1.2102623699086905,0.0,0.020000000000000007,1.2522617071008675,0.0,0.08789880771756178,0.15625000000000003,0.04849340527876361,0.042165759526220384,-7.956890868204286e-35,-0.0004529609231577823,-0.1775595132734918
1770338333.8349276,1.2102623699086905,0.0,0.020000000000000007,1.2522617071008675,0.0,0.08789880771756178,0.15625000000000003,0.04849340527876361,0.042165759526220384,-6.552852801749145e-35,-0.0003493924078159193,-0.17751793281855238
1770338334.247362,1.2102623699086905,0.0,0.020000000000000007,1.2522617071008675,0.0,0.08789880771756178,0.15625000000000003,0.04849340527876361,0.042165759526220384,-5.090390451775652e-35,-0.0003461510013544829,-0.17750627940443361
1770338334.675367,1.2102623699086905,0.0,0.020000000000000007,1.2522617071008675,0.0,0.08789880771756178,0.15625000000000003,0.04849340527876361,0.042165759526220384,-3.836263310198164e-35,-6.136484671007947e-05,-0.1773920408019297
1770338335.1107247,1.2102623699086905,0.0,0.020000000000000007,1.2522617071008675,0.0,0.08789880771756178,0.15625000000000003,0.04849340527876361,0.042165759526220384,-2.891022616983727e-35,1.0948874850514532e-05,-0.17733463669784102
1770338335.5255206,1.2102623699086905,0.0,0.020000000000000007,1.2522617071008675,0.0,0.08789880771756178,0.15625000000000003,0.04849340527876361,0.042165759526220384,-2.2428482143338e-35,-0.00012057401146455183,-0.17740631905747398
1770338335.935899,1.2102623699086905,0.0,0.020000000000000007,1.2522617071008675,0.0,0.08789880771756178,0.15625000000000003,0.04849340527876361,0.042165759526220384,-1.6605899462896394e-35,-0.000434890123142486,-0.17758175643584925
1770338336.3666744,1.2102623699086905,0.0,0.020000000000000007,1.2522617071008675,0.0,0.08789880771756178,0.15625000000000003,0.04849340527876361,0.042165759526220384,-1.3319091152392208e-35,-0.00041868452115900707,-0.17754384258388806
1770338336.7906153,1.2102623699086905,0.0,0.020000000000000007,1.2522617071008675,0.0,0.08789880771756178,0.15625000000000003,0.04849340527876361,0.042165759526220384,-1.000704180721344e-35,-0.0009453070872409261,-0.17785819556333887
1770338337.2136564,1.2102623699086905,0.0,0.020000000000000007,1.2522617071008675,0.0,0.08789880771756178,0.15625000000000003,0.04849340527876361,0.042165759526220384,-7.806583026185914e-36,-0.0008189927109171085,-0.17775500755620116
1770338337.628747,1.2102623699086905,0.0,0.020000000000000007,1.2522617071008675,0.0,0.08789880771756178,0.15625000000000003,0.04849340527876361,0.042165759526220384,-5.9288064065719685e-36,-0.0005849787434315356,-0.17764877053157455
1770338338.050371,1.2102623699086905,0.0,0.020000000000000007,1.2522617071008675,0.0,0.08789880771756178,0.15625000000000003,0.04849340527876361,0.042165759526220384,-4.601320595686734e-36,-0.0007441948893291328,-0.17772089882236455
1770338338.486475,1.2102623699086905,0.0,0.020000000000000007,1.2522617071008675,0.0,0.08789880771756178,0.15625000000000003,0.04849340527876361,0.042165759526220384,-3.483848389218632e-36,-0.00043384264572177465,-0.17758083631033184
1770338338.9120069,1.2102623699086905,0.0,0.020000000000000007,1.2522617071008675,0.0,0.08789880771756178,0.15625000000000003,0.04849340527876361,0.042165759526220384,-2.3466805161630856e-36,-0.00015651463486736084,-0.17743886988162935
1770338339.3503942,1.2102623699086905,0.0,0.020000000000000007,1.2522617071008675,0.0,0.08789880771756178,0.15625000000000003,0.04849340527876361,0.042165759526220384,-1.9270882301736396e-36,0.00016519217276368897,-0.1772824543574915
1770338339.7657955,1.2102623699086905,0.0,0.020000000000000007,1.2522617071008675,0.0,0.08789880771756178,0.15625000000000003,0.04849340527876361,0.042165759526220384,-1.5399938655429213e-36,0.0003268156157029082,-0.17718563429955267
1770338340.1841762,1.2102623699086905,0.0,0.020000000000000007,1.2522617071008675,0.0,0.08789880771756178,0.15625000000000003,0.04849340527876361,0.042165759526220384,-1.1665324780487897e-36,0.0004037644496270519,-0.17713869242168911
1770338340.60578,1.2102623699086905,0.0,0.020000000000000007,1.2522617071008675,0.0,0.08789880771756178,0.15625000000000003,0.04849340527876361,0.042165759526220384,-9.129474458470863e-37,-0.0002579344806362071,-0.17752801689645464
1770338341.0257218,1.2102623699086905,0.0,0.020000000000000007,1.2522617071008675,0.0,0.08789880771756178,0.15625000000000003,0.04849340527876361,0.042165759526220384,-6.858940334682663e-37,-0.00024873361481835606,-0.17745816665710118
1770338341.4350193,1.2102623699086905,0.0,0.020000000000000007,1.2522617071008675,0.0,0.08789880771756178,0.15625000000000003,0.04849340527876361,0.042165759526220384,-5.066349071604564e-37,-0.0006560876542203998,-0.17770165899416063
1770338341.8589528,1.2102623699086905,0.0,0.020000000000000007,1.2522617071008675,0.0,0.08789880771756178,0.15625000000000003,0.04849340527876361,0.042165759526220384,-4.166306057341043e-37,-0.0004999852600989225,-0.17759848263257183
1770338342.3102682,1.2102623699086905,0.0,0.020000000000000007,1.2522617071008675,0.0,0.08789880771756178,0.15625000000000003,0.04849340527876361,0.042165759526220384,-3.176523529893697e-37,-0.00017963255991946956,-0.1774547313130879
1770338342.7432606,1.2102623699086905,0.0,0.020000000000000007,1.2522617071008675,0.0,0.08789880771756178,0.15625000000000003,0.04849340527876361,0.042165759526220384,-2.268572610448755e-37,-0.0004567027332061165,-0.17758893814704194
1770338343.1614826,1.2102623699086905,0.0,0.020000000000000007,1.2522617071008675,0.0,0.08789880771756178,0.15625000000000003,0.04849340527876361,0.042165759526220384,-1.822154413647447e-37,-0.0006830885341873704,-0.17769706261030202
1770338343.613961,1.2102623699086905,0.0,0.020000000000000007,1.2522617071008675,0.0,0.08789880771756178,0.15625000000000003,0.04849340527876361,0.042165759526220384,-1.3809341533332953e-37,-0.0006760779930387395,-0.17767161981374446
1770338344.037068,1.2102623699086905,0.0,0.020000000000000007,1.2522617071008675,0.0,0.08789880771756178,0.15625000000000003,0.04849340527876361,0.042165759526220384,-1.0236456816436435e-37,-0.0004417765748520035,-0.1775771981923549
1770338344.4539113,1.2102623699086905,0.0,0.020000000000000007,1.2522617071008675,0.0,0.08789880771756178,0.15625000000000003,0.04849340527876361,0.042165759526220384,-8.084842936122884e-38,-0.0003439528415320611,-0.17751463855720823
1770338344.880749,1.2102623699086905,0.0,0.020000000000000007,1.2522617071008675,0.0,0.08789880771756178,0.15625000000000003,0.04849340527876361,0.042165759526220384,-6.076397048760955e-38,7.02599631698165e-05,-0.1773391710619955
1770338345.292116,1.2102623699086905,0.0,0.020000000000000007,1.2522617071008675,0.0,0.08789880771756178,0.15625000000000003,0.04849340527876361,0.042165759526220384,-4.5133595289217765e-38,-0.0002656183614101395,-0.17749927677627328
1770338345.7160764,1.2102623699086905,0.0,0.020000000000000007,1.2522617071008675,0.0,0.08789880771756178,0.15625000000000003,0.04849340527876361,0.042165759526220384,-3.620063043919413e-38,0.00011024223223980991,-0.1773153447063553
1770338346.1509857,1.2102623699086905,0.0,0.020000000000000007,1.2522617071008675,0.0,0.08789880771756178,0.15625000000000003,0.04849340527876361,0.042165759526220384,-2.743303329852594e-38,-0.00032673303115612803,-0.17753994380502788
1770338346.571772,1.2102623699086905,0.0,0.020000000000000007,1.2522617071008675,0.0,0.08789880771756178,0.15625000000000003,0.04849340527876361,0.042165759526220384,-2.1293629255871539e-38,4.264537296966357e-05,-0.17734849491703797
1770338346.9861982,1.2102623699086905,0.0,0.020000000000000007,1.2522617071008675,0.0,0.08789880771756178,0.15625000000000003,0.04849340527876361,0.042165759526220384,-1.5190696338706555e-38,-6.575894513629216e-05,-0.17737659966748898
1770338347.3969576,1.2102623699086905,0.0,0.020000000000000007,1.2522617071008675,0.0,0.08789880771756178,0.15625000000000003,0.04849340527876361,0.042165759526220384,-1.2538437081488007e-38,-0.0008743593019452955,-0.17785091944976375
1770338347.81059,1.2102623699086905,0.0,0.020000000000000007,1.2522617071008675,0.0,0.08789880771756178,0.15625000000000003,0.04849340527876361,0.042165759526220384,-9.733203530327244e-39,-0.0005848001194614883,-0.17765423574108935
1770338348.2267818,1.2102623699086905,0.0,0.020000000000000007,1.2522617071008675,0.0,0.08789880771756178,0.15625000000000003,0.04849340527876361,0.042165759526220384,-7.269667959405043e-39,-0.0008015949215687041,-0.1777553567041053
1770338348.6403744,1.2102623699086905,0.0,0.020000000000000007,1.2522617071008675,0.0,0.08789880771756178,0.15625000000000003,0.04849340527876361,0.042165759526220384,-5.7240815774864614e-39,-0.000473171339954907,-0.17760230779124903
1770338349.055816,1.2102623699086905,0.0,0.020000000000000007,1.2522617071008675,0.0,0.08789880771756178,0.15625000000000003,0.04849340527876361,0.042165759526220384,-4.445957276249205e-39,-0.0003948306179947721,-0.1775381291443036
1770338349.4733946,1.2102623699086905,0.0,0.020000000000000007,1.2522617071008675,0.0,0.08789880771756178,0.15625000000000003,0.04849340527876361,0.042165759526220384,-3.319673014386584e-39,-0.0003768503874909358,-0.1775231029799061
1770338349.8952217,1.2102623699086905,0.0,0.020000000000000007,1.2522617071008675,0.0,0.08789880771756178,0.15625000000000003,0.04849340527876361,0.042165759526220384,-2.3168485181207253e-39,0.0001679933456619132,-0.17730336746359454
1770338350.3107574,1.2102623699086905,0.0,0.020000000000000007,1.2522617071008675,0.0,0.08789880771756178,0.15625000000000003,0.04849340527876361,0.042165759526220384,-1.977593445224208e-39,-4.18861205557623e-05,-0.17737481077000988
1770338350.7355282,1.2102623699086905,0.0,0.020000000000000007,1.2522617071008675,0.0,0.08789880771756178,0.15625000000000003,0.04849340527876361,0.042165759526220384,-1.5353844837214715e-39,0.00035908685833103775,-0.17719343363183337
1770338351.1553736,1.2102623699086905,0.0,0.020000000000000007,1.2522617071008675,0.0,0.08789880771756178,0.15625000000000003,0.04849340527876361,0.042165759526220384,-1.1663371756482679e-39,0.00024022028198958067,-0.1772246562797496
1770338351.5794346,1.2102623699086905,0.0,0.020000000000000007,1.2522617071008675,0.0,0.08789880771756178,0.15625000000000003,0.04849340527876361,0.042165759526220384,-8.848876267344792e-40,-0.0008556291846297689,-0.17787027930208704
1770338351.9977047,1.2102623699086905,0.0,0.020000000000000007,1.2522617071008675,0.0,0.08789880771756178,0.15625000000000003,0.04849340527876361,0.042165759526220384,-6.890265670523565e-40,-8.660572724650712e-05,-0.17745308497247178
1770338352.4174206,1.2102623699086905,0.0,0.020000000000000007,1.2522617071008675,0.0,0.08789880771756178,0.15625000000000003,0.04849340527876361,0.042165759526220384,-5.208199836957306e-40,1.4267500158129476e-06,-0.17734096963582854
1770338352.832036,1.2102623699086905,0.0,0.020000000000000007,1.2522617071008675,0.0,0.08789880771756178,0.15625000000000003,0.04849340527876361,0.042165759526220384,-4.049747190871477e-40,-6.365300194099445e-05,-0.1773712142392764
1770338353.2639344,1.2102623699086905,0.0,0.020000000000000007,1.2522617071008675,0.0,0.08789880771756178,0.15625000000000003,0.04849340527876361,0.042165759526220384,-3.063144735002428e-40,0.0001715779695190915,-0.1772706138754967
1770338353.6752486,1.2102623699086905,0.0,0.020000000000000007,1.2522617071008675,0.0,0.08789880771756178,0.15625000000000003,0.04849340527876361,0.042165759526220384,-2.3780401774080116e-40,-0.0003327800579668664,-0.17754970559484226
1770338354.1132977,1.2102623699086905,0.0,0.020000000000000007,1.2522617071008675,0.0,0.08789880771756178,0.15625000000000003,0.04849340527876361,0.042165759526220384,-1.7987977360903756e-40,-0.00022681273764215266,-0.17745688286396377
1770338354.5300314,1.2102623699086905,0.0,0.020000000000000007,1.2522617071008675,0.0,0.08789880771756178,0.15625000000000003,0.04849340527876361,0.042165759526220384,-1.2456771121888124e-40,-0.0001601630995906518,-0.17741962627671068
1770338354.9472017,1.2102623699086905,0.0,0.020000000000000007,1.2522617071008675,0.0,0.08789880771756178,0.15625000000000003,0.04849340527876361,0.042165759526220384,-9.988756363351164e-41,-0.0007602319539553782,-0.1777730026255244
1770338355.3576157,1.2102623699086905,0.0,0.020000000000000007,1.2522617071008675,0.0,0.08789880771756178,0.15625000000000003,0.04849340527876361,0.042165759526220384,-8.195500344385755e-41,-0.0007101731723757517,-0.17769297222745606
1770338355.7687933,1.2102623699086905,0.0,0.020000000000000007,1.2522617071008675,0.0,0.08789880771756178,0.15625000000000003,0.04849340527876361,0.042165759526220384,-6.359987589656607e-41,0.00023650095692681774,-0.17730929669757708
1770338356.1854465,1.2102623699086905,0.0,0.020000000000000007,1.2522617071008675,0.0,0.08789880771756178,0.15625000000000003,0.04849340527876361,0.042165759526220384,-4.558730466775784e-41,-0.00030001540938686457,-0.17753653910443504
1770338356.601962,1.2102623699086905,0.0,0.020000000000000007,1.2522617071008675,0.0,0.08789880771756178,0.15625000000000003,0.04849340527876361,0.042165759526220384,-3.7049234645485935e-41,1.6046812041788502e-05,-0.1773564625792322
1770338357.0139327,1.2102623699086905,0.0,0.020000000000000007,1.2522617071008675,0.0,0.08789880771756178,0.15625000000000003,0.04849340527876361,0.042165759526220384,-2.896949402506521e-41,-4.534932815563746e-05,-0.17736169404120777
1770338357.443605,1.2102623699086905,0.0,0.020000000000000007,1.2522617071008675,0.0,0.08789880771756178,0.15625000000000003,0.04849340527876361,0.042165759526220384,-2.1947929546153538e-41,0.00018676546840839901,-0.1772627085085624
1770338357.866423,1.2102623699086905,0.0,0.020000000000000007,1.2522617071008675,0.0,0.08789880771756178,0.15625000000000003,0.04849340527876361,0.042165759526220384,-1.6646588924056626e-41,-0.0005270235908892995,-0.17766777046448462
1770338358.2788603,1.2102623699086905,0.0,0.020000000000000007,1.2522617071008675,0.0,0.08789880771756178,0.15625000000000003,0.04849340527876361,0.042165759526220384,-1.2896113162469154e-41,-0.00046939606572307224,-0.1775733405484884
1770338358.6909964,1.2102623699086905,0.0,0.020000000000000007,1.2522617071008675,0.0,0.08789880771756178,0.15625000000000003,0.04849340527876361,0.042165759526220384,-9.494808377360381e-42,-0.0008754079201925083,-0.1778111849086534
1770338359.1176095,1.2102623699086905,0.0,0.020000000000000007,1.2522617071008675,0.0,0.08789880771756178,0.15625000000000003,0.04849340527876361,0.042165759526220384,-7.197459220136384e-42,-0.000719805131760583,-0.17770834260783372
1770338359.539169,1.2102623699086905,0.0,0.020000000000000007,1.2522617071008675,0.0,0.08789880771756178,0.15625000000000003,0.04849340527876361,0.042165759526220384,-5.924819186347933e-42,-0.0006304115871954195,-0.17765702491116445
1770338359.952303,1.2102623699086905,0.0,0.020000000000000007,1.2522617071008675,0.0,0.08789880771756178,0.15625000000000003,0.04849340527876361,0.042165759526220384,-4.244723067864811e-42,-0.0005610099603711078,-0.1776203249059782
1770338360.3763113,1.2102623699086905,0.0,0.020000000000000007,1.2522617071008675,0.0,0.08789880771756178,0.15625000000000003,0.04849340527876361,0.042165759526220384,-3.2983942622637755e-42,-0.0003519921714078455,-0.17752977762771047
1770338360.785803,1.2102623699086905,0.0,0.020000000000000007,1.2522617071008675,0.0,0.08789880771756178,0.15625000000000003,0.04849340527876361,0.042165759526220384,-2.49605940775435e-42,-2.584699967773791e-05,-0.1773784177801221
1770338361.2093482,1.2102623699086905,0.0,0.020000000000000007,1.2522617071008675,0.0,0.08789880771756178,0.15625000000000003,0.04849340527876361,0.042165759526220384,-1.939501016515571e-42,0.00020837287985627732,-0.1772521153111355
1770338361.6236262,1.2102623699086905,0.0,0.020000000000000007,1.2522617071008675,0.0,0.08789880771756178,0.15625000000000003,0.04849340527876361,0.042165759526220384,-1.549096905594615e-42,0.00016482681475508731,-0.1772548209622428
1770338362.036636,1.2102623699086905,0.0,0.020000000000000007,1.2522617071008675,0.0,0.08789880771756178,0.15625000000000003,0.04849340527876361,0.042165759526220384,-1.138299797432169e-42,-0.0003871636204843529,-0.17758166061687633
1770338362.4584787,1.2102623699086905,0.0,0.020000000000000007,1.2522617071008675,0.0,0.08789880771756178,0.15625000000000003,0.04849340527876361,0.042165759526220384,-8.602656796614114e-43,0.0004308273222947132,-0.17719926519624077
1770338362.8704658,1.2102623699086905,0.0,0.020000000000000007,1.2522617071008675,0.0,0.08789880771756178,0.15625000000000003,0.04849340527876361,0.042165759526220384,-7.0701124166019915e-43,-0.00013989734928034867,-0.1774599009049079
1770338363.2986102,1.2102623699086905,0.0,0.020000000000000007,1.2522617071008675,0.0,0.08789880771756178,0.15625000000000003,0.04849340527876361,0.042165759526220384,-5.1907259942386924e-43,-0.0006688114665776828,-0.1777201769081288
1770338363.7189205,1.2102623699086905,0.0,0.020000000000000007,1.2522617071008675,0.0,0.08789880771756178,0.15625000000000003,0.04849340527876361,0.042165759526220384,-3.933164641176667e-43,-0.000717966998286348,-0.17769677881542426
1770338364.146998,1.2102623699086905,0.0,0.020000000000000007,1.2522617071008675,0.0,0.08789880771756178,0.15625000000000003,0.04849340527876361,0.042165759526220384,-2.9794404190729147e-43,1.36546755062237e-05,-0.17739921459273636
1770338364.579765,1.2102623699086905,0.0,0.020000000000000007,1.2522617071008675,0.0,0.08789880771756178,0.15625000000000003,0.04849340527876361,0.042165759526220384,-2.1095943237852406e-43,-0.0005909885241931165,-0.1776888383451767
1770338365.0080104,1.2102623699086905,0.0,0.020000000000000007,1.2522617071008675,0.0,0.08789880771756178,0.15625000000000003,0.04849340527876361,0.042165759526220384,-1.7517999791803504e-43,-0.00042168385373118715,-0.17756065215702202
1770338365.42497,1.2102623699086905,0.0,0.020000000000000007,1.2522617071008675,0.0,0.08789880771756178,0.15625000000000003,0.04849340527876361,0.042165759526220384,-1.3251289119167856e-43,0.0001234653189448244,-0.1773256620209054
1770338365.8368964,1.2102623699086905,0.0,0.020000000000000007,1.2522617071008675,0.0,0.08789880771756178,0.15625000000000003,0.04849340527876361,0.042165759526220384,-1.030179207369375e-43,-5.4320190548245864e-05,-0.17737781840933364
1770338366.2522075,1.2102623699086905,0.0,0.020000000000000007,1.2522617071008675,0.0,0.08789880771756178,0.15625000000000003,0.04849340527876361,0.042165759526220384,-7.502987517904423e-44,-0.00016993076713496535,-0.17742940620433637
1770338366.663693,1.2102623699086905,0.0,0.020000000000000007,1.2522617071008675,0.0,0.08789880771756178,0.15625000000000003,0.04849340527876361,0.042165759526220384,-5.950784199480502e-44,-2.1649518952699168e-05,-0.1773585326474048
1770338367.101131,1.2102623699086905,0.0,0.020000000000000007,1.2522617071008675,0.0,0.08789880771756178,0.15625000000000003,0.04849340527876361,0.042165759526220384,-4.592532122054323e-44,-0.00023831436505537565,-0.17747370343024818
1770338367.5147746,1.2102623699086905,0.0,0.020000000000000007,1.2522617071008675,0.0,0.08789880771756178,0.15625000000000003,0.04849340527876361,0.042165759526220384,-3.5896404660138703e-44,-0.00023825122298444645,-0.17745201168880953
1770338367.925592,1.2102623699086905,0.0,0.020000000000000007,1.2522617071008675,0.0,0.08789880771756178,0.15625000000000003,0.04849340527876361,0.042165759526220384,-2.5013893578529775e-44,-0.0009089358591460317,-0.17785441615629938
1770338368.3456287,1.2102623699086905,0.0,0.020000000000000007,1.2522617071008675,0.0,0.08789880771756178,0.15625000000000003,0.04849340527876361,0.042165759526220384,-2.1276930052588573e-44,-0.0009972636338723738,-0.17784034435751903
1770338368.7604775,1.2102623699086905,0.0,0.020000000000000007,1.2522617071008675,0.0,0.08789880771756178,0.15625000000000003,0.04849340527876361,0.042165759526220384,-1.6502774267735075e-44,-0.0008053225485015956,-0.1777547351458981
1770338369.1697865,1.2102623699086905,0.0,0.020000000000000007,1.2522617071008675,0.0,0.08789880771756178,0.15625000000000003,0.04849340527876361,0.042165759526220384,-1.2818824746339844e-44,-0.0009658075047447219,-0.1778318320111069
1770338369.5826855,1.2102623699086905,0.0,0.020000000000000007,1.2522617071008675,0.0,0.08789880771756178,0.15625000000000003,0.04849340527876361,0.042165759526220384,-9.700416711203226e-45,-0.00043121503872367773,-0.17760194652907416
1770338370.011973,1.2102623699086905,0.0,0.020000000000000007,1.2522617071008675,0.0,0.08789880771756178,0.15625000000000003,0.04849340527876361,0.042165759526220384,-7.531462411796754e-45,-0.00013214008295188813,-0.17742885730016336
1770338370.429978,1.2102623699086905,0.0,0.020000000000000007,1.2522617071008675,0.0,0.08789880771756178,0.15625000000000003,0.04849340527876361,0.042165759526220384,-5.69760178725269e-45,-0.0006051941551493828,-0.17768278224790468
1770338370.8472385,1.2102623699086905,0.0,0.020000000000000007,1.2522617071008675,0.0,0.08789880771756178,0.15625000000000003,0.04849340527876361,0.042165759526220384,-4.436969570360333e-45,-5.861509409957563e-05,-0.177416845216265
1770338371.2653806,1.2102623699086905,0.0,0.020000000000000007,1.2522617071008675,0.0,0.08789880771756178,0.15625000000000003,0.04849340527876361,0.042165759526220384,-3.2584636298022014e-45,0.00012810867784445433,-0.1772874978013824
1770338371.6864567,1.2102623699086905,0.0,0.020000000000000007,1.2522617071008675,0.0,0.08789880771756178,0.15625000000000003,0.04849340527876361,0.042165759526220384,-2.6042886055178765e-45,-0.00019059483240887212,-0.17746004753034
1770338372.1085262,1.2102623699086905,0.0,0.020000000000000007,1.2522617071008675,0.0,0.08789880771756178,0.15625000000000003,0.04849340527876361,0.042165759526220384,-1.9758439492247398e-45,-0.0003045232214493748,-0.17749653421273898
1770338372.5213375,1.2102623699086905,0.0,0.020000000000000007,1.2522617071008675,0.0,0.08789880771756178,0.15625000000000003,0.04849340527876361,0.042165759526220384,-1.531212520256099e-45,-0.0010044591320098996,-0.17790510292017123
1770338372.942299,1.2102623699086905,0.0,0.020000000000000007,1.2522617071008675,0.0,0.08789880771756178,0.15625000000000003,0.04849340527876361,0.042165759526220384,-1.0959033965318397e-45,-0.0010522397095593817,-0.17786377767564487
1770338373.3516333,1.2102623699086905,0.0,0.020000000000000007,1.2522617071008675,0.0,0.08789880771756178,0.15625000000000003,0.04849340527876361,0.042165759526220384,-8.872027404514817e-46,-0.0007759918194934743,-0.17774850046186355
1770338373.7629263,1.2102623699086905,0.0,0.020000000000000007,1.2522617071008675,0.0,0.08789880771756178,0.15625000000000003,0.04849340527876361,0.042165759526220384,-6.978812461769177e-46,-0.0002685972391620584,-0.17751791784072438
1770338374.1813803,1.2102623699086905,0.0,0.020000000000000007,1.2522617071008675,0.0,0.08789880771756178,0.15625000000000003,0.04849340527876361,0.042165759526220384,-5.282207485620446e-46,-0.00023755783256746484,-0.1774547626200534
1770338374.5969632,1.2102623699086905,0.0,0.020000000000000007,1.2522617071008675,0.0,0.08789880771756178,0.15625000000000003,0.04849340527876361,0.042165759526220384,-4.086572863076533e-46,0.0003565367688948155,-0.17721402083880905
1770338375.015974,1.2102623699086905,0.0,0.020000000000000007,1.2522617071008675,0.0,0.08789880771756178,0.15625000000000003,0.04849340527876361,0.042165759526220384,-3.1346254315208473e-46,0.000678639110697232,-0.17702577044194184
1770338375.4296074,1.2102623699086905,0.0,0.020000000000000007,1.2522617071008675,0.0,0.08789880771756178,0.15625000000000003,0.04849340527876361,0.042165759526220384,-2.39021507181297e-46,0.0006455855333952251,-0.1770133923541428
1770338375.8563719,1.2102623699086905,0.0,0.020000000000000007,1.2522617071008675,0.0,0.08789880771756178,0.15625000000000003,0.04849340527876361,0.042165759526220384,-1.8723258272405427e-46,6.559960558560746e-05,-0.17735807855309837
1770338376.267492,1.2102623699086905,0.0,0.020000000000000007,1.2522617071008675,0.0,0.08789880771756178,0.15625000000000003,0.04849340527876361,0.042165759526220384,-1.4436987630123773e-46,-0.00013849372148590702,-0.17742253595656032
1770338376.679972,1.2102623699086905,0.0,0.020000000000000007,1.2522617071008675,0.0,0.08789880771756178,0.15625000000000003,0.04849340527876361,0.042165759526220384,-1.0855370199628907e-46,-0.00014142318769196533,-0.17740388430357681
1770338377.0988789,1.2102623699086905,0.0,0.020000000000000007,1.2522617071008675,0.0,0.08789880771756178,0.15625000000000003,0.04849340527876361,0.042165759526220384,-8.320849450882437e-47,-0.00017560313522617342,-0.17742409932547673
1770338377.521536,1.2102623699086905,0.0,0.020000000000000007,1.2522617071008675,0.0,0.08789880771756178,0.15625000000000003,0.04849340527876361,0.042165759526220384,-6.440618559679856e-47,-0.00018010741036875643,-0.17742338389580886
1770338377.9354854,1.2102623699086905,0.0,0.020000000000000007,1.2522617071008675,0.0,0.08789880771756178,0.15625000000000003,0.04849340527876361,0.042165759526220384,-4.987514858460154e-47,-0.00020563777869724725,-0.1774382516892917
1770338378.3503282,1.2102623699086905,0.0,0.020000000000000007,1.2522617071008675,0.0,0.08789880771756178,0.15625000000000003,0.04849340527876361,0.042165759526220384,-3.769460741985745e-47,-0.0001698641994177036,-0.17742138922074702
1770338378.7657526,1.2102623699086905,0.0,0.020000000000000007,1.2522617071008675,0.0,0.08789880771756178,0.15625000000000003,0.04849340527876361,0.042165759526220384,-2.9194119985571307e-47,0.0005635031047631365,-0.17712446494114675
1770338379.1885366,1.2102623699086905,0.0,0.020000000000000007,1.2522617071008675,0.0,0.08789880771756178,0.15625000000000003,0.04849340527876361,0.042165759526220384,-2.204722496128783e-47,-0.0007553448460635898,-0.17784243698122468
1770338379.6032138,1.2102623699086905,0.0,0.020000000000000007,1.2522617071008675,0.0,0.08789880771756178,0.15625000000000003,0.04849340527876361,0.042165759526220384,-1.7082948497816548e-47,-0.00075491726705159,-0.17771038115453722
1770338380.0213168,1.2102623699086905,0.0,0.020000000000000007,1.2522617071008675,0.0,0.08789880771756178,0.15625000000000003,0.04849340527876361,0.042165759526220384,-1.290159184547548e-47,-5.159477398436279e-05,-0.17742900939940912
1770338380.4330726,1.2102623699086905,0.0,0.020000000000000007,1.2522617071008675,0.0,0.08789880771756178,0.15625000000000003,0.04849340527876361,0.042165759526220384,-1.0004817961518986e-47,-0.0007529215685469676,-0.17777947322683998
1770338380.8431787,1.2102623699086905,0.0,0.020000000000000007,1.2522617071008675,0.0,0.08789880771756178,0.15625000000000003,0.04849340527876361,0.042165759526220384,-8.165015708425983e-48,-0.0004983771343380631,-0.17760752277370015
1770338381.2598011,1.2102623699086905,0.0,0.020000000000000007,1.2522617071008675,0.0,0.08789880771756178,0.15625000000000003,0.04849340527876361,0.042165759526220384,-6.18117592134696e-48,-0.0005819814233689662,-0.17763223090369779
1770338381.677731,1.2102623699086905,0.0,0.020000000000000007,1.2522617071008675,0.0,0.08789880771756178,0.15625000000000003,0.04849340527876361,0.042165759526220384,-4.788690792648982e-48,-0.00022390341785646643,-0.17748063927258972
1770338382.0900323,1.2102623699086905,0.0,0.020000000000000007,1.2522617071008675,0.0,0.08789880771756178,0.15625000000000003,0.04849340527876361,0.042165759526220384,-3.6984330925395845e-48,0.00038122436781565434,-0.17720278035776962
1770338382.5226386,1.2102623699086905,0.0,0.020000000000000007,1.2522617071008675,0.0,0.08789880771756178,0.15625000000000003,0.04849340527876361,0.042165759526220384,-2.799109504232169e-48,-0.00019845082293011844,-0.17749007269364986
1770338382.9416797,1.2102623699086905,0.0,0.020000000000000007,1.2522617071008675,0.0,0.08789880771756178,0.15625000000000003,0.04849340527876361,0.042165759526220384,-2.1115866344962186e-48,-4.498477709063555e-05,-0.17737071875623947
1770338383.3546824,1.2102623699086905,0.0,0.020000000000000007,1.2522617071008675,0.0,0.08789880771756178,0.15625000000000003,0.04849340527876361,0.042165759526220384,-1.630591770184605e-48,-0.0008745965734266951,-0.17785313922945717
1770338383.7738469,1.2102623699086905,0.0,0.020000000000000007,1.2522617071008675,0.0,0.08789880771756178,0.15625000000000003,0.04849340527876361,0.042165759526220384,-1.2733888275156889e-48,-0.0006382597338123848,-0.17767564331397787
1770338384.192745,1.2102623699086905,0.0,0.020000000000000007,1.2522617071008675,0.0,0.08789880771756178,0.15625000000000003,0.04849340527876361,0.042165759526220384,-9.120141543361904e-49,-0.0004974907827086741,-0.17759570204957492
1770338384.6149695,1.2102623699086905,0.0,0.020000000000000007,1.2522617071008675,0.0,0.08789880771756178,0.15625000000000003,0.04849340527876361,0.042165759526220384,-7.065155817150201e-49,-0.0009314668820212875,-0.17784201081405213
1770338385.0346353,1.2102623699086905,0.0,0.020000000000000007,1.2522617071008675,0.0,0.08789880771756178,0.15625000000000003,0.04849340527876361,0.042165759526220384,-5.333501595036092e-49,-0.0005505532268890516,-0.17764624774206797
1770338385.4596303,1.2102623699086905,0.0,0.020000000000000007,1.2522617071008675,0.0,0.08789880771756178,0.15625000000000003,0.04849340527876361,0.042165759526220384,-4.363522189170683e-49,-7.40461788469729e-05,-0.1774175535573379
1770338385.8846724,1.2102623699086905,0.0,0.020000000000000007,1.2522617071008675,0.0,0.08789880771756178,0.15625000000000003,0.04849340527876361,0.042165759526220384,-3.293158437914878e-49,-0.00036955480520328905,-0.17754720802834748
1770338386.299193,1.2102623699086905,0.0,0.020000000000000007,1.2522617071008675,0.0,0.08789880771756178,0.15625000000000003,0.04849340527876361,0.042165759526220384,-2.486938795372173e-49,8.804538429350351e-05,-0.17733461708991316
1770338386.7139127,1.2102623699086905,0.0,0.020000000000000007,1.2522617071008675,0.0,0.08789880771756178,0.15625000000000003,0.04849340527876361,0.042165759526220384,-1.811549727858337e-49,-0.00024425133347864017,-0.17748823510162676
1770338387.1318684,1.2102623699086905,0.0,0.020000000000000007,1.2522617071008675,0.0,0.08789880771756178,0.15625000000000003,0.04849340527876361,0.042165759526220384,-1.411233643653087e-49,-0.0002900429929291603,-0.17748248042551984
1770338387.5510788,1.2102623699086905,0.0,0.020000000000000007,1.2522617071008675,0.0,0.08789880771756178,0.15625000000000003,0.04849340527876361,0.042165759526220384,-1.1301251906343299e-49,-0.0001925644424187795,-0.17743890983937063
1770338387.9633088,1.2102623699086905,0.0,0.020000000000000007,1.2522617071008675,0.0,0.08789880771756178,0.15625000000000003,0.04849340527876361,0.042165759526220384,-8.750913758348764e-50,-0.00020767043129144992,-0.1774382255776432
1770338388.3836899,1.2102623699086905,0.0,0.020000000000000007,1.2522617071008675,0.0,0.08789880771756178,0.15625000000000003,0.04849340527876361,0.042165759526220384,-6.612871229493173e-50,-0.00046679906213783475,-0.1775921921572638
1770338388.7972043,1.2102623699086905,0.0,0.020000000000000007,1.2522617071008675,0.0,0.08789880771756178,0.15625000000000003,0.04849340527876361,0.042165759526220384,-4.4458937992105e-50,-0.0004537857515678084,-0.1775610739699511
1770338389.2161412,1.2102623699086905,0.0,0.020000000000000007,1.2522617071008675,0.0,0.08789880771756178,0.15625000000000003,0.04849340527876361,0.042165759526220384,-3.957881608912866e-50,-0.0005321324447286749,-0.17760678065479063
1770338389.6347392,1.2102623699086905,0.0,0.020000000000000007,1.2522617071008675,0.0,0.08789880771756178,0.15625000000000003,0.04849340527876361,0.042165759526220384,-2.997865305121103e-50,-0.0008904152008814437,-0.1778139156391662
1770338390.0523155,1.2102623699086905,0.0,0.020000000000000007,1.2522617071008675,0.0,0.08789880771756178,0.15625000000000003,0.04849340527876361,0.042165759526220384,-2.205690092077606e-50,-0.0005847323346842843,-0.17765581421707208
1770338390.4679816,1.2102623699086905,0.0,0.020000000000000007,1.2522617071008675,0.0,0.08789880771756178,0.15625000000000003,0.04849340527876361,0.042165759526220384,-1.7853374763532297e-50,2.3879122143237344e-06,-0.17739039783169291
1770338390.8836308,1.2102623699086905,0.0,0.020000000000000007,1.2522617071008675,0.0,0.08789880771756178,0.15625000000000003,0.04849340527876361,0.042165759526220384,-1.3980326799335063e-50,-0.0004152324419635306,-0.17758225801950978
1770338391.2994778,1.2102623699086905,0.0,0.020000000000000007,1.2522617071008675,0.0,0.08789880771756178,0.15625000000000003,0.04849340527876361,0.042165759526220384,-9.481577313139622e-51,9.760002796119688e-06,-0.17737049900618812
1770338391.719594,1.2102623699086905,0.0,0.020000000000000007,1.2522617071008675,0.0,0.08789880771756178,0.15625000000000003,0.04849340527876361,0.042165759526220384,-7.344704575125945e-51,0.00035015176235413787,-0.17719184305788893
1770338392.1302245,1.2102623699086905,0.0,0.020000000000000007,1.2522617071008675,0.0,0.08789880771756178,0.15625000000000003,0.04849340527876361,0.042165759526220384,-6.036632932520763e-51,0.0005779394858825726,-0.1770666887925218
1770338392.5444794,1.2102623699086905,0.0,0.020000000000000007,1.2522617071008675,0.0,0.08789880771756178,0.15625000000000003,0.04849340527876361,0.042165759526220384,-4.8835383755925995e-51,0.00027979331719908327,-0.17722279772137903
1770338392.9607809,1.2102623699086905,0.0,0.020000000000000007,1.2522617071008675,0.0,0.08789880771756178,0.15625000000000003,0.04849340527876361,0.042165759526220384,-3.431250594929185e-51,-0.0002955981767064415,-0.17753821800085398
1770338393.372117,1.2102623699086905,0.0,0.020000000000000007,1.2522617071008675,0.0,0.08789880771756178,0.15625000000000003,0.04849340527876361,0.042165759526220384,-2.817702334510649e-51,-0.00025770250132817603,-0.17746552058131213
1770338393.7849386,1.2102623699086905,0.0,0.020000000000000007,1.2522617071008675,0.0,0.08789880771756178,0.15625000000000003,0.04849340527876361,0.042165759526220384,-2.1307814981885765e-51,-0.0005775261979292243,-0.17765362523173492
1770338394.1992998,1.2102623699086905,0.0,0.020000000000000007,1.2522617071008675,0.0,0.08789880771756178,0.15625000000000003,0.04849340527876361,0.042165759526220384,-1.652847764579797e-51,-0.00047971177941071876,-0.17758251709466744
1770338394.639959,1.2102623699086905,0.0,0.020000000000000007,1.2522617071008675,0.0,0.08789880771756178,0.15625000000000003,0.04849340527876361,0.042165759526220384,-1.2741058346072703e-51,-0.0006360630526932482,-0.1776665464167851
1770338395.0682204,1.2102623699086905,0.0,0.020000000000000007,1.2522617071008675,0.0,0.08789880771756178,0.15625000000000003,0.04849340527876361,0.042165759526220384,-9.450818402001327e-52,-0.00104850921990603,-0.1778983789897845
1770338395.4921496,1.2102623699086905,0.0,0.020000000000000007,1.2522617071008675,0.0,0.08789880771756178,0.15625000000000003,0.04849340527876361,0.042165759526220384,-7.33230171712811e-52,-0.0007778844964378482,-0.17774888448367596
1770338395.9110487,1.2102623699086905,0.0,0.020000000000000007,1.2522617071008675,0.0,0.08789880771756178,0.15625000000000003,0.04849340527876361,0.042165759526220384,-5.547768302853563e-52,-0.0008180820469785337,-0.17774594054165355
1770338396.3260121,1.2102623699086905,0.0,0.020000000000000007,1.2522617071008675,0.0,0.08789880771756178,0.15625000000000003,0.04849340527876361,0.042165759526220384,-4.308122383567823e-52,-0.0005256361497512582,-0.17762494242770857
1770338396.740178,1.2102623699086905,0.0,0.020000000000000007,1.2522617071008675,0.0,0.08789880771756178,0.15625000000000003,0.04849340527876361,0.042165759526220384,-3.260371699919817e-52,-0.00043526214537298146,-0.17755954823623454
1770338397.1553726,1.2102623699086905,0.0,0.020000000000000007,1.2522617071008675,0.0,0.08789880771756178,0.15625000000000003,0.04849340527876361,0.042165759526220384,-2.5192328983805342e-52,-0.0005236766754920356,-0.17760355955386817
1770338397.5656369,1.2102623699086905,0.0,0.020000000000000007,1.2522617071008675,0.0,0.08789880771756178,0.15625000000000003,0.04849340527876361,0.042165759526220384,-1.846941689263833e-52,0.00034523651947225207,-0.17724715282287054
1770338397.9808161,1.2102623699086905,0.0,0.020000000000000007,1.2522617071008675,0.0,0.08789880771756178,0.15625000000000003,0.04849340527876361,0.042165759526220384,-1.4743228754448668e-52,-0.0004695777782473476,-0.17764915008200585
1770338398.3959808,1.2102623699086905,0.0,0.020000000000000007,1.2522617071008675,0.0,0.08789880771756178,0.15625000000000003,0.04849340527876361,0.042165759526220384,-1.1523133249629004e-52,-0.00039997231477914693,-0.17753982646684663
1770338398.806581,1.2102623699086905,0.0,0.020000000000000007,1.2522617071008675,0.0,0.08789880771756178,0.15625000000000003,0.04849340527876361,0.042165759526220384,-8.444495334955121e-53,-0.0006256954151375882,-0.17766829978071488
1770338399.2442162,1.2102623699086905,0.0,0.020000000000000007,1.2522617071008675,0.0,0.08789880771756178,0.15625000000000003,0.04849340527876361,0.042165759526220384,-6.762862040431727e-53,-0.0003116869568161541,-0.17752012408735043
1770338399.6613228,1.2102623699086905,0.0,0.020000000000000007,1.2522617071008675,0.0,0.08789880771756178,0.15625000000000003,0.04849340527876361,0.042165759526220384,-5.109235065931884e-53,-0.0009043075632226653,-0.17784429560536222
1770338400.083935,1.2102623699086905,0.0,0.020000000000000007,1.2522617071008675,0.0,0.08789880771756178,0.15625000000000003,0.04849340527876361,0.042165759526220384,-3.9649631318703053e-53,-0.0011054536629996688,-0.17790572120458775
1770338400.5068636,1.2102623699086905,0.0,0.020000000000000007,1.2522617071008675,0.0,0.08789880771756178,0.15625000000000003,0.04849340527876361,0.042165759526220384,-2.8350613312549775e-53,-0.0005910792026148231,-0.17767985681045612
1770338400.924466,1.2102623699086905,0.0,0.020000000000000007,1.2522617071008675,0.0,0.08789880771756178,0.15625000000000003,0.04849340527876361,0.042165759526220384,-2.3236281624740804e-53,-0.0005003389420851162,-0.17759212326020574
1770338401.3387969,1.2102623699086905,0.0,0.020000000000000007,1.2522617071008675,0.0,0.08789880771756178,0.15625000000000003,0.04849340527876361,0.042165759526220384,-1.7616859402001917e-53,-0.0003586393410000599,-0.17752636939371874
1770338401.7506237,1.2102623699086905,0.0,0.020000000000000007,1.2522617071008675,0.0,0.08789880771756178,0.15625000000000003,0.04849340527876361,0.042165759526220384,-1.3665343662059806e-53,-0.00031423405991516857,-0.1774944373211763
1770338402.1641774,1.2102623699086905,0.0,0.020000000000000007,1.2522617071008675,0.0,0.08789880771756178,0.15625000000000003,0.04849340527876361,0.042165759526220384,-1.0597475408492834e-53,0.00022114227548072216,-0.17727584625890946
1770338402.5871236,1.2102623699086905,0.0,0.020000000000000007,1.2522617071008675,0.0,0.08789880771756178,0.15625000000000003,0.04849340527876361,0.042165759526220384,-7.973152460427478e-54,-0.00015424211570626528,-0.17744753926008205
1770338403.0020185,1.2102623699086905,0.0,0.020000000000000007,1.2522617071008675,0.0,0.08789880771756178,0.15625000000000003,0.04849340527876361,0.042165759526220384,-6.20838094409148e-54,0.0002693727464450784,-0.17724055487610282
1770338403.4236894,1.2102623699086905,0.0,0.020000000000000007,1.2522617071008675,0.0,0.08789880771756178,0.15625000000000003,0.04849340527876361,0.042165759526220384,-4.4406085938149944e-54,-4.706572992526828e-05,-0.1773880564757099
1770338403.8445976,1.2102623699086905,0.0,0.020000000000000007,1.2522617071008675,0.0,0.08789880771756178,0.15625000000000003,0.04849340527876361,0.042165759526220384,-3.642111152639225e-54,-0.0005405892016028954,-0.17765252671107942
1770338404.2617347,1.2102623699086905,0.0,0.020000000000000007,1.2522617071008675,0.0,0.08789880771756178,0.15625000000000003,0.04849340527876361,0.042165759526220384,-2.7554532297354433e-54,-0.000703735109119296,-0.1777010619084215
1770338404.6934624,1.2102623699086905,0.0,0.020000000000000007,1.2522617071008675,0.0,0.08789880771756178,0.15625000000000003,0.04849340527876361,0.042165759526220384,-2.1373308493703216e-54,-0.0004894835223378756,-0.1775990466829573
1770338405.1045067,1.2102623699086905,0.0,0.020000000000000007,1.2522617071008675,0.0,0.08789880771756178,0.15625000000000003,0.04849340527876361,0.042165759526220384,-1.61308889481795e-54,-0.00044244501913675763,-0.1775588061229987
1770338405.5181363,1.2102623699086905,0.0,0.020000000000000007,1.2522617071008675,0.0,0.08789880771756178,0.15625000000000003,0.04849340527876361,0.042165759526220384,-1.2227173657233937e-54,-0.00035876935480654915,-0.1775206320069465
1770338405.926189,1.2102623699086905,0.0,0.020000000000000007,1.2522617071008675,0.0,0.08789880771756178,0.15625000000000003,0.04849340527876361,0.042165759526220384,-9.697897264549879e-55,-0.0005240826803633516,-0.17761145243584758
1770338406.347078,1.2102623699086905,0.0,0.020000000000000007,1.2522617071008675,0.0,0.08789880771756178,0.15625000000000003,0.04849340527876361,0.042165759526220384,-7.436226849750614e-55,-0.000120754434120986,-0.17743358980479496
1770338406.7656155,1.2102623699086905,0.0,0.020000000000000007,1.2522617071008675,0.0,0.08789880771756178,0.15625000000000003,0.04849340527876361,0.042165759526220384,-5.843916876380213e-55,-0.0005667634544123469,-0.17766086239234552
1770338407.1892288,1.2102623699086905,0.0,0.020000000000000007,1.2522617071008675,0.0,0.08789880771756178,0.15625000000000003,0.04849340527876361,0.042165759526220384,-4.226239489739772e-55,-0.00033901156309081774,-0.1775251607337878
1770338407.6028268,1.2102623699086905,0.0,0.020000000000000007,1.2522617071008675,0.0,0.08789880771756178,0.15625000000000003,0.04849340527876361,0.042165759526220384,-3.47941426047886e-55,-0.0006645654776069568,-0.1776977178933653
1770338408.0209594,1.2102623699086905,0.0,0.020000000000000007,1.2522617071008675,0.0,0.08789880771756178,0.15625000000000003,0.04849340527876361,0.042165759526220384,-2.643977984571379e-55,-0.0002029905851910375,-0.17748053254494733
1770338408.42987,1.2102623699086905,0.0,0.020000000000000007,1.2522617071008675,0.0,0.08789880771756178,0.15625000000000003,0.04849340527876361,0.042165759526220384,-1.9435557186300835e-55,-0.0004661288732182907,-0.17759225802852208
1770338408.841551,1.2102623699086905,0.0,0.020000000000000007,1.2522617071008675,0.0,0.08789880771756178,0.15625000000000003,0.04849340527876361,0.042165759526220384,-1.5930452762560297e-55,-0.0007101277205577889,-0.17771234350812307
1770338409.2531412,1.2102623699086905,0.0,0.020000000000000007,1.2522617071008675,0.0,0.08789880771756178,0.15625000000000003,0.04849340527876361,0.042165759526220384,-1.2258809421883454e-55,-7.83532126297415e-05,-0.17743523382021792
1770338409.7035723,1.2102623699086905,0.0,0.020000000000000007,1.2522617071008675,0.0,0.08789880771756178,0.15625000000000003,0.04849340527876361,0.042165759526220384,-8.63341874809542e-56,-0.0006923661972058969,-0.17774046416017078
1770338410.132931,1.2102623699086905,0.0,0.020000000000000007,1.2522617071008675,0.0,0.08789880771756178,0.15625000000000003,0.04849340527876361,0.042165759526220384,-7.077471396641868e-56,-0.000753969892413943,-0.177716025078838
1770338410.555923,1.2102623699086905,0.0,0.020000000000000007,1.2522617071008675,0.0,0.08789880771756178,0.15625000000000003,0.04849340527876361,0.042165759526220384,-5.354319821357549e-56,-0.000523479593293581,-0.17761766858966904
1770338410.964801,1.2102623699086905,0.0,0.020000000000000007,1.2522617071008675,0.0,0.08789880771756178,0.15625000000000003,0.04849340527876361,0.042165759526220384,-4.153743710271727e-56,-0.0003662498404510098,-0.17753172765862
1770338411.3773677,1.2102623699086905,0.0,0.020000000000000007,1.2522617071008675,0.0,0.08789880771756178,0.15625000000000003,0.04849340527876361,0.042165759526220384,-3.148983587548796e-56,-3.5007849356387074e-06,-0.17737090506112957
1770338411.7925446,1.2102623699086905,0.0,0.020000000000000007,1.2522617071008675,0.0,0.08789880771756178,0.15625000000000003,0.04849340527876361,0.042165759526220384,-2.447860013602713e-56,-0.00032412650390022124,-0.17752700558695678
1770338412.209903,1.2102623699086905,0.0,0.020000000000000007,1.2522617071008675,0.0,0.08789880771756178,0.15625000000000003,0.04849340527876361,0.042165759526220384,-1.8988084763786166e-56,-0.000825917205734325,-0.17779601743616077
1770338412.6300251,1.2102623699086905,0.0,0.020000000000000007,1.2522617071008675,0.0,0.08789880771756178,0.15625000000000003,0.04849340527876361,0.042165759526220384,-1.438945479473262e-56,-0.0006976667471863867,-0.1776945381825582
1770338413.058099,1.2102623699086905,0.0,0.020000000000000007,1.2522617071008675,0.0,0.08789880771756178,0.15625000000000003,0.04849340527876361,0.042165759526220384,-1.0293219970829212e-56,-0.0005362876238667012,-0.17761716148737552
1770338413.4802015,1.2102623699086905,0.0,0.020000000000000007,1.2522617071008675,0.0,0.08789880771756178,0.15625000000000003,0.04849340527876361,0.042165759526220384,-7.99131652340449e-57,-0.0008038718076176746,-0.17776157408529417
1770338413.8953724,1.2102623699086905,0.0,0.020000000000000007,1.2522617071008675,0.0,0.08789880771756178,0.15625000000000003,0.04849340527876361,0.042165759526220384,-6.553386717992593e-57,-0.0004817722004287595,-0.1776059758240435
1770338414.315112,1.2102623699086905,0.0,0.020000000000000007,1.2522617071008675,0.0,0.08789880771756178,0.15625000000000003,0.04849340527876361,0.042165759526220384,-4.956040072762139e-57,-0.00048635233165882704,-0.17757651394206264
1770338414.7444658,1.2102623699086905,0.0,0.020000000000000007,1.2522617071008675,0.0,0.08789880771756178,0.15625000000000003,0.04849340527876361,0.042165759526220384,-3.6404615902891133e-57,-0.0001244635393803841,-0.17743130041202826
1770338415.16672,1.2102623699086905,0.0,0.020000000000000007,1.2522617071008675,0.0,0.08789880771756178,0.15625000000000003,0.04849340527876361,0.042165759526220384,-2.899918668980067e-57,-6.18283714773145e-05,-0.1773700574656392
1770338415.60826,1.2102623699086905,0.0,0.020000000000000007,1.2522617071008675,0.0,0.08789880771756178,0.15625000000000003,0.04849340527876361,0.042165759526220384,-2.1987655775453482e-57,-0.00020747892226928737,-0.17745118427932405
1770338416.036292,1.2102623699086905,0.0,0.020000000000000007,1.2522617071008675,0.0,0.08789880771756178,0.15625000000000003,0.04849340527876361,0.042165759526220384,-1.6633550222715312e-57,0.00016172837629356413,-0.17728893630481973
1770338416.4699912,1.2102623699086905,0.0,0.020000000000000007,1.2522617071008675,0.0,0.08789880771756178,0.15625000000000003,0.04849340527876361,0.042165759526220384,-1.2603065876568145e-57,-8.239644309235172e-05,-0.177398490466595
1770338416.8820229,1.2102623699086905,0.0,0.020000000000000007,1.2522617071008675,0.0,0.08789880771756178,0.15625000000000003,0.04849340527876361,0.042165759526220384,-9.226478963129068e-58,-0.0008318120875664982,-0.1778237273713409
1770338417.2993464,1.2102623699086905,0.0,0.020000000000000007,1.2522617071008675,0.0,0.08789880771756178,0.15625000000000003,0.04849340527876361,0.042165759526220384,-7.597600403408355e-58,-0.0005540391524198344,-0.1776376766328348
1770338417.7244194,1.2102623699086905,0.0,0.020000000000000007,1.2522617071008675,0.0,0.08789880771756178,0.15625000000000003,0.04849340527876361,0.042165759526220384,-5.740600251666121e-58,-8.771526716102427e-05,-0.1774233697852166
1770338418.14799,1.2102623699086905,0.0,0.020000000000000007,1.2522617071008675,0.0,0.08789880771756178,0.15625000000000003,0.04849340527876361,0.042165759526220384,-4.344577112722396e-58,-0.00024722436500913955,-0.17747244285539962
1770338418.560064,1.2102623699086905,0.0,0.020000000000000007,1.2522617071008675,0.0,0.08789880771756178,0.15625000000000003,0.04849340527876361,0.042165759526220384,-3.371800556860786e-58,-0.0009893476284796592,-0.1779017659036971
1770338418.9685347,1.2102623699086905,0.0,0.020000000000000007,1.2522617071008675,0.0,0.08789880771756178,0.15625000000000003,0.04849340527876361,0.042165759526220384,-2.6158864624150804e-58,-0.000555179824635495,-0.17765388645581237
1770338419.4046772,1.2102623699086905,0.0,0.020000000000000007,1.2522617071008675,0.0,0.08789880771756178,0.15625000000000003,0.04849340527876361,0.042165759526220384,-1.9759616570222086e-58,-0.0006962790379590756,-0.17769512920342212
1770338419.820958,1.2102623699086905,0.0,0.020000000000000007,1.2522617071008675,0.0,0.08789880771756178,0.15625000000000003,0.04849340527876361,0.042165759526220384,-1.4137123450006788e-58,-0.0007045965377309215,-0.17768600978195287
1770338420.2369,1.2102623699086905,0.0,0.020000000000000007,1.2522617071008675,0.0,0.08789880771756178,0.15625000000000003,0.04849340527876361,0.042165759526220384,-1.1573644907444945e-58,-0.0007146052495087003,-0.17769118325904235
1770338420.6568296,1.2102623699086905,0.0,0.020000000000000007,1.2522617071008675,0.0,0.08789880771756178,0.15625000000000003,0.04849340527876361,0.042165759526220384,-8.975245682407853e-59,-0.0003230421067550324,-0.1775335571307631
1770338421.0852118,1.2102623699086905,0.0,0.020000000000000007,1.2522617071008675,0.0,0.08789880771756178,0.15625000000000003,0.04849340527876361,0.042165759526220384,-6.429319852780518e-59,-0.00024967819128649015,-0.17746505525030032
1770338421.5112615,1.2102623699086905,0.0,0.020000000000000007,1.2522617071008675,0.0,0.08789880771756178,0.15625000000000003,0.04849340527876361,0.042165759526220384,-4.868697656767306e-59,0.0001467674002972619,-0.17729914062211996
1770338421.9448802,1.2102623699086905,0.0,0.020000000000000007,1.2522617071008675,0.0,0.08789880771756178,0.15625000000000003,0.04849340527876361,0.042165759526220384,-3.6808389398462384e-59,-0.0002654131907311061,-0.1775068044175786
1770338422.3623333,1.2102623699086905,0.0,0.020000000000000007,1.2522617071008675,0.0,0.08789880771756178,0.15625000000000003,0.04849340527876361,0.042165759526220384,-2.863300094730123e-59,-3.1700209025496305e-05,-0.17737210116579352
1770338422.7921057,1.2102623699086905,0.0,0.020000000000000007,1.2522617071008675,0.0,0.08789880771756178,0.15625000000000003,0.04849340527876361,0.042165759526220384,-2.1692297095028387e-59,-0.00017083475608298758,-0.17743221059585745
1770338423.2068498,1.2102623699086905,0.0,0.020000000000000007,1.2522617071008675,0.0,0.08789880771756178,0.15625000000000003,0.04849340527876361,0.042165759526220384,-1.6832089362091154e-59,-0.00024698385313438355,-0.17746398659938253
1770338423.6359756,1.2102623699086905,0.0,0.020000000000000007,1.2522617071008675,0.0,0.08789880771756178,0.15625000000000003,0.04849340527876361,0.042165759526220384,-1.2886387586804508e-59,-0.000755886855443256,-0.17776171349106273
1770338424.0524144,1.2102623699086905,0.0,0.020000000000000007,1.2522617071008675,0.0,0.08789880771756178,0.15625000000000003,0.04849340527876361,0.042165759526220384,-9.990651010708752e-60,-0.0009475601789850688,-0.17782582718495693
1770338424.4671116,1.2102623699086905,0.0,0.020000000000000007,1.2522617071008675,0.0,0.08789880771756178,0.15625000000000003,0.04849340527876361,0.042165759526220384,-7.433023323290419e-60,-0.0006471718849593598,-0.1776865045349925
1770338424.878269,1.2102623699086905,0.0,0.020000000000000007,1.2522617071008675,0.0,0.08789880771756178,0.15625000000000003,0.04849340527876361,0.042165759526220384,-5.867394481287272e-60,-0.0008162926541084463,-0.17775793816707935
1770338425.295415,1.2102623699086905,0.0,0.020000000000000007,1.2522617071008675,0.0,0.08789880771756178,0.15625000000000003,0.04849340527876361,0.042165759526220384,-5.643160106339441e-60,0.0001613846343048205,-0.17734995517479912
1770338425.7240875,1.2102623699086905,0.0,0.020000000000000007,1.2522617071008675,0.0,0.08789880771756178,0.15625000000000003,0.04849340527876361,0.042165759526220384,-3.45005997474513e-60,-0.0005501636743473236,-0.17767911643114911
1770338426.150614,1.2102623699086905,0.0,0.020000000000000007,1.2522617071008675,0.0,0.08789880771756178,0.15625000000000003,0.04849340527876361,0.042165759526220384,-2.6114460649156843e-60,-0.0005090963474349707,-0.17759153466951894
1770338426.6082358,1.2102623699086905,0.0,0.020000000000000007,1.2522617071008675,0.0,0.08789880771756178,0.15625000000000003,0.04849340527876361,0.042165759526220384,-1.975944913116573e-60,-0.000541830155079426,-0.17760706822141437
1770338427.0280054,1.2102623699086905,0.0,0.020000000000000007,1.2522617071008675,0.0,0.08789880771756178,0.15625000000000003,0.04849340527876361,0.042165759526220384,-1.491913460504248e-60,0.0002704353379717192,-0.17727888864342947
1770338427.4398437,1.2102623699086905,0.0,0.020000000000000007,1.2522617071008675,0.0,0.08789880771756178,0.15625000000000003,0.04849340527876361,0.042165759526220384,-1.1636599813133343e-60,0.0005166881249271841,-0.17709916097934217
1770338427.8467116,1.2102623699086905,0.0,0.020000000000000007,1.2522617071008675,0.0,0.08789880771756178,0.15625000000000003,0.04849340527876361,0.042165759526220384,-9.048905675331267e-61,0.00017614093481417976,-0.17727886401471443
1770338428.2604666,1.2102623699086905,0.0,0.020000000000000007,1.2522617071008675,0.0,0.08789880771756178,0.15625000000000003,0.04849340527876361,0.042165759526220384,-7.030379955354024e-61,9.26625822905885e-05,-0.1772948963072173
1770338428.6721928,1.2102623699086905,0.0,0.020000000000000007,1.2522617071008675,0.0,0.08789880771756178,0.15625000000000003,0.04849340527876361,0.042165759526220384,-5.270467051693695e-61,-8.461208746724944e-05,-0.17739291327381962
1770338429.0909092,1.2102623699086905,0.0,0.020000000000000007,1.2522617071008675,0.0,0.08789880771756178,0.15625000000000003,0.04849340527876361,0.042165759526220384,-4.132068647630592e-61,-0.0003164154062148131,-0.17751426779809237
1770338429.503565,1.2102623699086905,0.0,0.020000000000000007,1.2522617071008675,0.0,0.08789880771756178,0.15625000000000003,0.04849340527876361,0.042165759526220384,-3.148030637523755e-61,-0.00015386872688274072,-0.1774260687944848
1770338429.917065,1.2102623699086905,0.0,0.020000000000000007,1.2522617071008675,0.0,0.08789880771756178,0.15625000000000003,0.04849340527876361,0.042165759526220384,-2.3055062059690613e-61,-0.0007572960186560923,-0.1777718705016156
1770338430.3320072,1.2102623699086905,0.0,0.020000000000000007,1.2522617071008675,0.0,0.08789880771756178,0.15625000000000003,0.04849340527876361,0.042165759526220384,-1.9069203845671832e-61,-0.0006290286332622613,-0.17766022081828073
1770338430.7534919,1.2102623699086905,0.0,0.020000000000000007,1.2522617071008675,0.0,0.08789880771756178,0.15625000000000003,0.04849340527876361,0.042165759526220384,-1.4453417148700482e-61,-0.0008911260473892752,-0.17780465252821756
1770338431.1825476,1.2102623699086905,0.0,0.020000000000000007,1.2522617071008675,0.0,0.08789880771756178,0.15625000000000003,0.04849340527876361,0.042165759526220384,-1.09108996726625e-61,-0.0010064736732493139,-0.17784765136232086
1770338431.5979176,1.2102623699086905,0.0,0.020000000000000007,1.2522617071008675,0.0,0.08789880771756178,0.15625000000000003,0.04849340527876361,0.042165759526220384,-8.492915137087387e-62,-0.000510267481109086,-0.17763763412287878
1770338432.011755,1.2102623699086905,0.0,0.020000000000000007,1.2522617071008675,0.0,0.08789880771756178,0.15625000000000003,0.04849340527876361,0.042165759526220384,-6.591447910643538e-62,-0.0005364293062116233,-0.17760371059872626
1770338432.4338043,1.2102623699086905,0.0,0.020000000000000007,1.2522617071008675,0.0,0.08789880771756178,0.15625000000000003,0.04849340527876361,0.042165759526220384,-4.991890411213587e-62,-0.0008505943287110191,-0.17778959342971568
1770338432.8483639,1.2102623699086905,0.0,0.020000000000000007,1.2522617071008675,0.0,0.08789880771756178,0.15625000000000003,0.04849340527876361,0.042165759526220384,-3.8740808398613214e-62,-5.893668352654807e-05,-0.17744151386939194
1770338433.2892172,1.2102623699086905,0.0,0.020000000000000007,1.2522617071008675,0.0,0.08789880771756178,0.15625000000000003,0.04849340527876361,0.042165759526220384,-2.937132590570718e-62,-0.00026744676503079806,-0.17748745415377604
1770338433.7117727,1.2102623699086905,0.0,0.020000000000000007,1.2522617071008675,0.0,0.08789880771756178,0.15625000000000003,0.04849340527876361,0.042165759526220384,-2.282322745985094e-62,0.0005222890288644692,-0.1771507088280675
1770338434.1256177,1.2102623699086905,0.0,0.020000000000000007,1.2522617071008675,0.0,0.08789880771756178,0.15625000000000003,0.04849340527876361,0.042165759526220384,-1.728281866583502e-62,5.7648776774211536e-05,-0.17735051939993213
1770338434.5491881,1.2102623699086905,0.0,0.020000000000000007,1.2522617071008675,0.0,0.08789880771756178,0.15625000000000003,0.04849340527876361,0.042165759526220384,-1.3069411224564884e-62,-0.00042585964825083154,-0.17759416042973816
1770338434.9643815,1.2102623699086905,0.0,0.020000000000000007,1.2522617071008675,0.0,0.08789880771756178,0.15625000000000003,0.04849340527876361,0.042165759526220384,-9.643595084505781e-63,0.0003065598482983768,-0.17725284178861594
1770338435.3840487,1.2102623699086905,0.0,0.020000000000000007,1.2522617071008675,0.0,0.08789880771756178,0.15625000000000003,0.04849340527876361,0.042165759526220384,-7.709391487849745e-63,-6.369902490967332e-05,-0.17740175516288587
1770338435.804687,1.2102623699086905,0.0,0.020000000000000007,1.2522617071008675,0.0,0.08789880771756178,0.15625000000000003,0.04849340527876361,0.042165759526220384,-5.989436939911562e-63,0.000302552352442728,-0.17721822872462412
1770338436.226413,1.2102623699086905,0.0,0.020000000000000007,1.2522617071008675,0.0,0.08789880771756178,0.15625000000000003,0.04849340527876361,0.042165759526220384,-4.530025436746109e-63,-0.0007928181705580098,-0.1778388259006893
1770338436.646044,1.2102623699086905,0.0,0.020000000000000007,1.2522617071008675,0.0,0.08789880771756178,0.15625000000000003,0.04849340527876361,0.042165759526220384,-3.5148982393436613e-63,-0.0002042954538397292,-0.17749387976170192
1770338437.061971,1.2102623699086905,0.0,0.020000000000000007,1.2522617071008675,0.0,0.08789880771756178,0.15625000000000003,0.04849340527876361,0.042165759526220384,-2.6642190227216677e-63,-0.0006116145606851977,-0.17767941895413736
1770338437.484476,1.2102623699086905,0.0,0.020000000000000007,1.2522617071008675,0.0,0.08789880771756178,0.15625000000000003,0.04849340527876361,0.042165759526220384,-2.0690205309992365e-63,0.00010955918375761108,-0.1773502175456757
1770338437.9072676,1.2102623699086905,0.0,0.020000000000000007,1.2522617071008675,0.0,0.08789880771756178,0.15625000000000003,0.04849340527876361,0.042165759526220384,-1.565224362976242e-63,-0.00011037274849405121,-0.1774100593305824
1770338438.327925,1.2102623699086905,0.0,0.020000000000000007,1.2522617071008675,0.0,0.08789880771756178,0.15625000000000003,0.04849340527876361,0.042165759526220384,-1.2162333402657705e-63,-0.00025343069223964854,-0.1774739009036046
1770338438.7562468,1.2102623699086905,0.0,0.020000000000000007,1.2522617071008675,0.0,0.08789880771756178,0.15625000000000003,0.04849340527876361,0.042165759526220384,-9.168397011284715e-64,-0.0003257221651533774,-0.1775029699929783
1770338439.165878,1.2102623699086905,0.0,0.020000000000000007,1.2522617071008675,0.0,0.08789880771756178,0.15625000000000003,0.04849340527876361,0.042165759526220384,-7.152773547235203e-64,0.000165871939017403,-0.1772991032040186
1770338439.58595,1.2102623699086905,0.0,0.020000000000000007,1.2522617071008675,0.0,0.08789880771756178,0.15625000000000003,0.04849340527876361,0.042165759526220384,-5.413637816474317e-64,-0.0007636584681834761,-0.17780766203792206
1770338440.0136666,1.2102623699086905,0.0,0.020000000000000007,1.2522617071008675,0.0,0.08789880771756178,0.15625000000000003,0.04849340527876361,0.042165759526220384,-4.2008226627596756e-64,6.801311148569566e-05,-0.17738204036533428
1770338440.4324083,1.2102623699086905,0.0,0.020000000000000007,1.2522617071008675,0.0,0.08789880771756178,0.15625000000000003,0.04849340527876361,0.042165759526220384,-3.000595185217053e-64,0.00032790349568979416,-0.17719491705368573
1770338440.849772,1.2102623699086905,0.0,0.020000000000000007,1.2522617071008675,0.0,0.08789880771756178,0.15625000000000003,0.04849340527876361,0.042165759526220384,-2.4672584860156963e-64,-0.00045866336820130527,-0.1776408681336
1770338441.2670949,1.2102623699086905,0.0,0.020000000000000007,1.2522617071008675,0.0,0.08789880771756178,0.15625000000000003,0.04849340527876361,0.042165759526220384,-1.868313967433296e-64,0.00010995983579161964,-0.1773347621656137
1770338441.6888814,1.2102623699086905,0.0,0.020000000000000007,1.2522617071008675,0.0,0.08789880771756178,0.15625000000000003,0.04849340527876361,0.042165759526220384,-1.434130966381804e-64,-0.0010696109038669547,-0.17798564228900957
1770338442.108107,1.2102623699086905,0.0,0.020000000000000007,1.2522617071008675,0.0,0.08789880771756178,0.15625000000000003,0.04849340527876361,0.042165759526220384,-1.0970387529792541e-64,-0.0005505273560083501,-0.17766005179590025
1770338442.5263395,1.2102623699086905,0.0,0.020000000000000007,1.2522617071008675,0.0,0.08789880771756178,0.15625000000000003,0.04849340527876361,0.042165759526220384,-8.517392629162805e-65,-0.0005526197202403306,-0.17760939885965357
1770338442.958194,1.2102623699086905,0.0,0.020000000000000007,1.2522617071008675,0.0,0.08789880771756178,0.15625000000000003,0.04849340527876361,0.042165759526220384,-6.606863835329515e-65,-0.0007658578112005371,-0.1777371324778065
1770338443.3915253,1.2102623699086905,0.0,0.020000000000000007,1.2522617071008675,0.0,0.08789880771756178,0.15625000000000003,0.04849340527876361,0.042165759526220384,-5.004966305864918e-65,-0.0006050105884024133,-0.17765146977959123
1770338443.8146243,1.2102623699086905,0.0,0.020000000000000007,1.2522617071008675,0.0,0.08789880771756178,0.15625000000000003,0.04849340527876361,0.042165759526220384,-3.7892113739403317e-65,-0.00028102957580491755,-0.17750579265227243
1770338444.2320058,1.2102623699086905,0.0,0.020000000000000007,1.2522617071008675,0.0,0.08789880771756178,0.15625000000000003,0.04849340527876361,0.042165759526220384,-2.709403538900571e-65,-0.000389741591716705,-0.17753862176055976
1770338444.6482022,1.2102623699086905,0.0,0.020000000000000007,1.2522617071008675,0.0,0.08789880771756178,0.15625000000000003,0.04849340527876361,0.042165759526220384,-2.1039447338188714e-65,-0.0003263324737306658,-0.17750238691177414
1770338445.0914567,1.2102623699086905,0.0,0.020000000000000007,1.2522617071008675,0.0,0.08789880771756178,0.15625000000000003,0.04849340527876361,0.042165759526220384,-0.1590402706056742,-0.009584489865365257,-0.3420912110406305
1770338445.5122235,1.2099981398874522,0.0,0.020000000000000007,1.2522617071008675,0.0,0.08789880771756178,0.15625000000000003,0.04849340527876361,0.042165759526220384,-0.2422822402189413,-0.018031778887770262,-0.42947573832817715
1770338445.9231987,1.209624065682292,0.0,0.020000000000000007,1.2522617071008675,0.0,0.08789880771756178,0.15625000000000003,0.04849340527876361,0.042165759526220384,-0.2686822342601615,0.011286036875623127,-0.44330387716179953
1770338446.3440688,1.2091679412120582,0.0,0.020000000000000007,1.2522617071008675,0.0,0.08789880771756178,0.15625000000000003,0.04849340527876361,0.042165759526220384,-0.27598212793627386,0.0027810120808109537,-0.4527750041384598
1770338446.7573059,1.20871500674665,0.0,0.020000000000000007,1.2522617071008675,0.0,0.08789880771756178,0.15625000000000003,0.04849340527876361,0.042165759526220384,-0.2786760716347817,0.000806079165394254,-0.45580340510673645
1770338447.1786726,1.2082614769595863,0.0,0.020000000000000007,1.2522617071008675,0.0,0.08789880771756178,0.15625000000000003,0.04849340527876361,0.042165759526220384,-0.32141152734131484,-0.00014185313663028093,-0.4989101269029426
1770338447.6128337,1.2077537175732853,0.0,0.020000000000000007,1.2522617071008675,0.0,0.08789880771756178,0.15625000000000003,0.04849340527876361,0.042165759526220384,-0.32375502885211044,0.00044370317465420504,-0.500924612659022
1770338448.032006,1.2072421319514515,0.0,0.020000000000000007,1.2522617071008675,0.0,0.08789880771756178,0.15625000000000003,0.04849340527876361,0.042165759526220384,-0.31516162642157153,-0.0010751978727541911,-0.49318399522579964
1770338448.4422963,1.206743703787923,0.0,0.020000000000000007,1.2522617071008675,0.0,0.08789880771756178,0.15625000000000003,0.04849340527876361,0.042165759526220384,-0.30500888082804267,-0.0009459408205667172,-0.482827656706655
1770338448.8633633,1.2062581395095588,0.0,0.020000000000000007,1.2522617071008675,0.0,0.08789880771756178,0.15625000000000003,0.04849340527876361,0.042165759526220384,-0.30359044210405156,-0.0013222359090986268,-0.4816220693305643
1770338449.2863455,1.2057749789839984,0.0,0.020000000000000007,1.2522617071008675,0.0,0.08789880771756178,0.15625000000000003,0.04849340527876361,0.042165759526220384,-0.31663925345855864,-0.0005213470391757153,-0.49431289562824904
1770338449.7006161,1.2052738415533306,0.0,0.020000000000000007,1.2522617071008675,0.0,0.08789880771756178,0.15625000000000003,0.04849340527876361,0.042165759526220384,-0.31815501859814826,0.0035831618453924068,-0.4941067683270191
1770338450.1156626,1.204764682568908,0.0,0.020000000000000007,1.2522617071008675,0.0,0.08789880771756178,0.15625000000000003,0.04849340527876361,0.042165759526220384,-0.3336745114304832,0.001167201947311153,-0.5106653862097459
1770338450.5281692,1.2042396210032704,0.0,0.020000000000000007,1.2522617071008675,0.0,0.08789880771756178,0.15625000000000003,0.04849340527876361,0.042165759526220384,-0.35873385929598756,-0.0015641721435611519,-0.5371219625399655
1770338450.9411402,1.2036996210032704,0.0,0.020000000000000007,1.2522617071008675,0.0,0.08789880771756178,0.15625000000000003,0.04849340527876361,0.042165759526220384,-0.297868521535612,-0.001303535381783158,-0.47587923266579163
1770338451.3633323,1.2032238875144723,0.0,0.020000000000000007,1.2522617071008675,0.0,0.08789880771756178,0.15625000000000003,0.04849340527876361,0.042165759526220384,-0.0284474226050674,-0.04537403299583535,-0.23287436862750052
1770338451.7813644,1.2032238875144723,0.0,0.020000000000000007,1.2522617071008675,0.0,0.08789880771756178,0.15625000000000003,0.04849340527876361,0.042165759526220384,0.011273945129218029,-0.17648762820798522,-0.26741410825909984
1770338452.235693,1.2035172031635049,0.0,0.020000000000000007,1.2522617071008675,0.0,0.08789880771756178,0.15625000000000003,0.04849340527876361,0.042165759526220384,0.009838508798334682,-0.2838594539339588,-0.32016128050435233
1770338452.654948,1.2039733467525247,0.0,0.020000000000000007,1.2522617071008675,0.0,0.08789880771756178,0.15625000000000003,0.04849340527876361,0.042165759526220384,0.0070923782265893435,-0.3719369032752597,-0.3650166981082808
1770338453.0809045,1.2045133467525246,0.0,0.020000000000000007,1.2522617071008675,0.0,0.08789880771756178,0.15625000000000003,0.04849340527876361,0.042165759526220384,0.0055086583223316644,-0.42530876397866546,-0.38981578950045187
1770338453.5149221,1.2050533467525246,0.0,0.020000000000000007,1.2522617071008675,0.0,0.08789880771756178,0.15625000000000003,0.04849340527876361,0.042165759526220384,0.004102156557641978,-0.44773898991926553,-0.399343240759161
1770338453.9242828,1.2055933467525246,0.0,0.020000000000000007,1.2522617071008675,0.0,0.08789880771756178,0.15625000000000003,0.04849340527876361,0.042165759526220384,0.002401248244860242,-0.4478666413815124,-0.39887771735523087
1770338454.3467772,1.2061333467525246,0.0,0.020000000000000007,1.2522617071008675,0.0,0.08789880771756178,0.15625000000000003,0.04849340527876361,0.042165759526220384,0.10584473999737916,-0.3921969770500606,-0.27315359472390655
1770338454.7611098,1.2066733467525246,0.0,0.020000000000000007,1.2522617071008675,0.0,0.08789880771756178,0.15625000000000003,0.04849340527876361,0.042165759526220384,0.31286170802721247,-0.31860610421779917,-0.34435672718244836
1770338455.172285,1.2072133467525246,0.0,0.020000000000000007,1.2522617071008675,0.0,0.08789880771756178,0.15625000000000003,0.04849340527876361,0.042165759526220384,0.2825511087036463,-0.24572979728108912,-0.277536517800972
1770338455.5813432,1.2077533467525245,0.0,0.020000000000000007,1.2522617071008675,0.0,0.08789880771756178,0.15625000000000003,0.04849340527876361,0.042165759526220384,0.2748901351360893,-0.20096568924453914,-0.24468227032512402
1770338455.9938822,1.2082933467525245,0.0,0.020000000000000007,1.2522617071008675,0.0,0.08789880771756178,0.15625000000000003,0.04849340527876361,0.042165759526220384,0.26856054919478917,-0.16392183908694927,-0.21905873351713295
1770338456.4148686,1.2088333467525245,0.0,0.020000000000000007,1.2522617071008675,0.0,0.08789880771756178,0.15625000000000003,0.04849340527876361,0.042165759526220384,0.26875378057250054,-0.13734036770381486,-0.20491499132583157
1770338456.8444653,1.2093733467525245,0.0,0.020000000000000007,1.2522617071008675,0.0,0.08789880771756178,0.15625000000000003,0.04849340527876361,0.042165759526220384,0.26526682344039354,-0.10732661098522031,-0.18676438436797332
1770338457.2587721,1.2099133467525245,0.0,0.020000000000000007,1.2522617071008675,0.0,0.08789880771756178,0.15625000000000003,0.04849340527876361,0.042165759526220384,0.2575404718332748,-0.1387444279257332,-0.19488734725330284
1770338457.6810153,1.2104533467525245,0.0,0.020000000000000007,1.2522617071008675,0.0,0.08789880771756178,0.15625000000000003,0.04849340527876361,0.042165759526220384,0.2565391072698766,-0.1678483776127831,-0.2082065708080833
1770338458.1147587,1.2109933467525245,0.0,0.020000000000000007,1.2522617071008675,0.0,0.08789880771756178,0.15625000000000003,0.04849340527876361,0.042165759526220384,0.23962974903057468,-0.13742941780187,-0.17621923367571116
1770338458.533866,1.2115333467525244,0.0,0.020000000000000007,1.2522617071008675,0.0,0.08789880771756178,0.15625000000000003,0.04849340527876361,0.042165759526220384,0.23582140539869165,-0.10631390776053756,-0.15692279004620382
1770338458.9608817,1.2120733467525244,0.0,0.020000000000000007,1.2522617071008675,0.0,0.08789880771756178,0.15625000000000003,0.04849340527876361,0.042165759526220384,0.22914711869080634,-0.11421777655178489,-0.15187927360893366
1770338459.3741891,1.2126133467525244,0.0,0.020000000000000007,1.2522617071008675,0.0,0.08789880771756178,0.15625000000000003,0.04849340527876361,0.042165759526220384,0.2455703330028749,-0.10980880419649594,-0.16574851209976194
1770338459.7931902,1.2131533467525244,0.0,0.020000000000000007,1.2522617071008675,0.0,0.08789880771756178,0.15625000000000003,0.04849340527876361,0.042165759526220384,0.24119407623085565,-0.07930575330920057,-0.14873013773729563
1770338460.205858,1.2136654264050721,0.0,0.020000000000000007,1.2522617071008675,0.0,0.08789880771756178,0.15625000000000003,0.04849340527876361,0.042165759526220384,0.12250549415294343,-0.061254241302691886,-0.0872596574621636
1770338460.6177025,1.2139573871952294,0.0,0.020000000000000007,1.2522617071008675,0.0,0.08789880771756178,0.15625000000000003,0.04849340527876361,0.042165759526220384,-0.0071507717914835525,-0.1083977212557385,-0.24339686017776765
1770338461.032795,1.2141082647836208,0.0,0.020000000000000007,1.2522617071008675,0.0,0.08789880771756178,0.15625000000000003,0.04849340527876361,0.042165759526220384,-0.008588089786947275,-0.1738505859782301,-0.2793915490114217
1770338461.450614,1.2143642213594912,0.0,0.020000000000000007,1.2522617071008675,0.0,0.08789880771756178,0.15625000000000003,0.04849340527876361,0.042165759526220384,-0.006975292341182391,-0.22769506825532998,-0.3035401544596676
1770338461.8715272,1.2147082061362264,0.0,0.020000000000000007,1.2522617071008675,0.0,0.08789880771756178,0.15625000000000003,0.04849340527876361,0.042165759526220384,0.07794410902746463,-0.23251712292594254,-0.21612953766567813
1770338462.2865615,1.215196548335552,0.0,0.020000000000000007,1.2522617071008675,0.0,0.08789880771756178,0.15625000000000003,0.04849340527876361,0.042165759526220384,0.11708521445253418,-0.18760667317026639,-0.15854204687127688
1770338462.7233975,1.2156797006535527,0.0,0.020000000000000007,1.2522617071008675,0.0,0.08789880771756178,0.15625000000000003,0.04849340527876361,0.042165759526220384,-0.003771267104201104,-0.1425520468850411,-0.2568856329383544
1770338463.1491063,1.215892796886563,0.0,0.020000000000000007,1.2522617071008675,0.0,0.08789880771756178,0.15625000000000003,0.04849340527876361,0.042165759526220384,-0.0034523823130342066,-0.11032224262996815,-0.23916936381663578
1770338463.569087,1.2160531450974938,0.0,0.020000000000000007,1.2522617071008675,0.0,0.08789880771756178,0.15625000000000003,0.04849340527876361,0.042165759526220384,0.1266391273492655,-0.09650789935443335,-0.10032913641861489
1770338463.9826617,1.2164094921004769,0.0,0.020000000000000007,1.2522617071008675,0.0,0.08789880771756178,0.15625000000000003,0.04849340527876361,0.042165759526220384,0.12498546111500397,-0.053121599845457446,-0.08324684852173256
1770338464.3959455,1.216692176481485,0.0,0.020000000000000007,1.2522617071008675,0.0,0.08789880771756178,0.15625000000000003,0.04849340527876361,0.042165759526220384,0.1387276997240041,-0.023513842521930076,-0.05332287703242391
1770338464.8110583,1.2169487397569416,0.0,0.020000000000000007,1.2522617071008675,0.0,0.08789880771756178,0.15625000000000003,0.04849340527876361,0.042165759526220384,0.08538382471790414,-0.004446806416692222,-0.09607916186407597
1770338465.2281103,1.2169487397569416,0.0,0.020000000000000007,1.2522617071008675,0.0,0.08789880771756178,0.15625000000000003,0.04849340527876361,0.042165759526220384,0.0019188355655984654,0.059046206987546306,-0.1691206895054884
1770338465.6472096,1.2169487397569416,0.0,0.020000000000000007,1.2522617071008675,0.0,0.08789880771756178,0.15625000000000003,0.04849340527876361,0.042165759526220384,-0.003266444710057236,0.04887522697551821,-0.163888276435909
1770338466.0746608,1.2169487397569416,0.0,0.020000000000000007,1.2522617071008675,0.0,0.08789880771756178,0.15625000000000003,0.04849340527876361,0.042165759526220384,-0.002802161121470813,0.03719211184351251,-0.16270729647602533
1770338466.4843135,1.2169487397569416,0.0,0.020000000000000007,1.2522617071008675,0.0,0.08789880771756178,0.15625000000000003,0.04849340527876361,0.042165759526220384,-0.0055156933902056286,0.02681949248040351,-0.170476088849425
1770338466.8976989,1.2169487397569416,0.0,0.020000000000000007,1.2522617071008675,0.0,0.08789880771756178,0.15625000000000003,0.04849340527876361,0.042165759526220384,-0.0017678941885010855,0.0029394451717136326,-0.18001905609662347
1770338467.316525,1.2169487397569416,0.0,0.020000000000000007,1.2522617071008675,0.0,0.08789880771756178,0.15625000000000003,0.04849340527876361,0.042165759526220384,-0.0016670453662552091,0.002227210656309444,-0.17795754325275112
1770338467.7601929,1.2169487397569416,0.0,0.020000000000000007,1.2522617071008675,0.0,0.08789880771756178,0.15625000000000003,0.04849340527876361,0.042165759526220384,-0.0005898961929593367,3.238213071446276e-05,-0.17812606774327183
1770338468.1984131,1.2169487397569416,0.0,0.020000000000000007,1.2522617071008675,0.0,0.08789880771756178,0.15625000000000003,0.04849340527876361,0.042165759526220384,0.1149937092227417,-0.0025807249237433977,-0.06389084370768601
1770338468.6188896,1.2171297194874284,0.0,0.020000000000000007,1.2522617071008675,0.0,0.08789880771756178,0.15625000000000003,0.04849340527876361,0.042165759526220384,0.17958335372502754,0.008661699080965039,-0.04120962634812603
1770338469.0336418,1.2174011472809312,0.0,0.020000000000000007,1.2522617071008675,0.0,0.08789880771756178,0.15625000000000003,0.04849340527876361,0.042165759526220384,0.16126735729843952,-0.017834395109239697,-0.03766704403519001
1770338469.4537761,1.217686119189262,0.0,0.020000000000000007,1.2522617071008675,0.0,0.08789880771756178,0.15625000000000003,0.04849340527876361,0.042165759526220384,0.14628381144304722,-0.04666821873223287,-0.05726656004847875
1770338469.8697677,1.2179937991297243,0.0,0.020000000000000007,1.2522617071008675,0.0,0.08789880771756178,0.15625000000000003,0.04849340527876361,0.042165759526220384,0.16368906391173563,-0.030338888618152402,-0.045324320995330035
1770338470.3111596,1.218303537493944,0.0,0.020000000000000007,1.2522617071008675,0.0,0.08789880771756178,0.15625000000000003,0.04849340527876361,0.042165759526220384,0.1683336921813235,-0.03244632553553803,-0.04960047840394123
1770338470.73053,1.218624465690851,0.0,0.020000000000000007,1.2522617071008675,0.0,0.08789880771756178,0.15625000000000003,0.04849340527876361,0.042165759526220384,0.16079800079194093,-0.051609337423684794,-0.053351850455708165
1770338471.1708543,1.218964349262714,0.0,0.020000000000000007,1.2522617071008675,0.0,0.08789880771756178,0.15625000000000003,0.04849340527876361,0.042165759526220384,0.15676621359171364,-0.05640757580803951,-0.05028270509727903
1770338471.5951586,1.219305405195951,0.0,0.020000000000000007,1.2522617071008675,0.0,0.08789880771756178,0.15625000000000003,0.04849340527876361,0.042165759526220384,0.15270114849372993,-0.04571805340839194,-0.04855971021354102
1770338472.015439,1.2196222097218032,0.0,0.020000000000000007,1.2522617071008675,0.0,0.08789880771756178,0.15625000000000003,0.04849340527876361,0.042165759526220384,0.15309886613139892,-0.035025604374072566,-0.04281606072217952
1770338472.448551,1.2199220415294165,0.0,0.020000000000000007,1.2522617071008675,0.0,0.08789880771756178,0.15625000000000003,0.04849340527876361,0.042165759526220384,0.15629370781720267,-0.029933090429644437,-0.03660238418957787
1770338472.8627887,1.2202187799882884,0.0,0.020000000000000007,1.2522617071008675,0.0,0.08789880771756178,0.15625000000000003,0.04849340527876361,0.042165759526220384,0.14585559435117376,-0.057319506333260634,-0.06287568016892839
1770338473.280301,1.2205432489907737,0.0,0.020000000000000007,1.2522617071008675,0.0,0.08789880771756178,0.15625000000000003,0.04849340527876361,0.042165759526220384,0.15614627002355244,-0.05898581110348891,-0.05084614576832506
1770338473.7029023,1.2208874851441378,0.0,0.020000000000000007,1.2522617071008675,0.0,0.08789880771756178,0.15625000000000003,0.04849340527876361,0.042165759526220384,0.15265506995795755,-0.043506552224715306,-0.04797901180538768
1770338474.1191587,1.2212005735123153,0.0,0.020000000000000007,1.2522617071008675,0.0,0.08789880771756178,0.15625000000000003,0.04849340527876361,0.042165759526220384,0.14460591088967703,-0.033878541663286174,-0.05062904076121919
1770338474.5479085,1.2214842918205255,0.0,0.020000000000000007,1.2522617071008675,0.0,0.08789880771756178,0.15625000000000003,0.04849340527876361,0.042165759526220384,0.13753123805201722,0.012567038034997832,-0.03816268066342248
1770338474.9669507,1.2216780508822196,0.0,0.020000000000000007,1.2522617071008675,0.0,0.08789880771756178,0.15625000000000003,0.04849340527876361,0.042165759526220384,0.1419824749378546,0.061483567771230874,-0.02881808215827398
1770338475.3916376,1.2216780508822196,0.0,0.020000000000000007,1.2522617071008675,0.0,0.08789880771756178,0.15625000000000003,0.04849340527876361,0.042165759526220384,0.13576425241101114,0.04665761146000113,-0.02421426918700223
1770338475.8158069,1.2216780508822196,0.0,0.020000000000000007,1.2522617071008675,0.0,0.08789880771756178,0.15625000000000003,0.04849340527876361,0.042165759526220384,0.1373045911269156,0.03324532416370107,-0.024746855283974096
1770338476.232653,1.2218362430477137,0.0,0.020000000000000007,1.2522617071008675,0.0,0.08789880771756178,0.15625000000000003,0.04849340527876361,0.042165759526220384,0.137310313286479,0.02366587679345273,-0.029147572816929694
1770338476.648546,1.2220107689166062,0.0,0.020000000000000007,1.2522617071008675,0.0,0.08789880771756178,0.15625000000000003,0.04849340527876361,0.042165759526220384,0.1432601651310901,0.044400888017064356,-0.01618090023669307
1770338477.0685465,1.222160110355615,0.0,0.020000000000000007,1.2522617071008675,0.0,0.08789880771756178,0.15625000000000003,0.04849340527876361,0.042165759526220384,0.12330395511735229,0.08869837342274861,-0.06064210037148028
1770338477.4919028,1.222160110355615,0.0,0.020000000000000007,1.2522617071008675,0.0,0.08789880771756178,0.15625000000000003,0.04849340527876361,0.042165759526220384,0.11965469987180043,0.07045727613559125,-0.05256516816160077
1770338477.919841,1.222160110355615,0.0,0.020000000000000007,1.2522617071008675,0.0,0.08789880771756178,0.15625000000000003,0.04849340527876361,0.042165759526220384,0.12436273070802482,0.05218965501744,-0.03872597914940014
1770338478.3311684,1.222160110355615,0.0,0.020000000000000007,1.2522617071008675,0.0,0.08789880771756178,0.15625000000000003,0.04849340527876361,0.042165759526220384,0.1402804847856069,0.040781545842272615,-0.017802432973883755
1770338478.7745929,1.2223105319416516,0.0,0.020000000000000007,1.2522617071008675,0.0,0.08789880771756178,0.15625000000000003,0.04849340527876361,0.042165759526220384,0.12665240218962354,0.05485370078864459,-0.03734878393622579
1770338479.1933842,1.2223105319416516,0.0,0.020000000000000007,1.2522617071008675,0.0,0.08789880771756178,0.15625000000000003,0.04849340527876361,0.042165759526220384,0.13581367850327325,0.04675645272170952,-0.023541392901164856
1770338479.6033661,1.2223105319416516,0.0,0.020000000000000007,1.2522617071008675,0.0,0.08789880771756178,0.15625000000000003,0.04849340527876361,0.042165759526220384,0.13620192926848254,0.03557330583212548,-0.024462612267523342
1770338480.0188541,1.2224628619623177,0.0,0.020000000000000007,1.2522617071008675,0.0,0.08789880771756178,0.15625000000000003,0.04849340527876361,0.042165759526220384,0.13386161392113452,0.024280508900198196,-0.03246029108506933
1770338480.4283478,1.2226304451370231,0.0,0.020000000000000007,1.2522617071008675,0.0,0.08789880771756178,0.15625000000000003,0.04849340527876361,0.042165759526220384,0.13258914263795038,0.021066611726854964,-0.03453182097906668
1770338480.8427112,1.2228013244193785,0.0,0.020000000000000007,1.2522617071008675,0.0,0.08789880771756178,0.15625000000000003,0.04849340527876361,0.042165759526220384,0.13835022408949585,0.014421255272820847,-0.03243656368260736
1770338481.2559218,1.2229933343535655,0.0,0.020000000000000007,1.2522617071008675,0.0,0.08789880771756178,0.15625000000000003,0.04849340527876361,0.042165759526220384,0.194401221203726,0.006477431382886054,-0.05678976766438661
1770338481.6852555,1.22329310227096,0.0,0.020000000000000007,1.2522617071008675,0.0,0.08789880771756178,0.15625000000000003,0.04849340527876361,0.042165759526220384,0.21312185983199478,0.0008319054830619508,-0.07810333944355637
1770338482.10069,1.2236330565565818,0.0,0.020000000000000007,1.2522617071008675,0.0,0.08789880771756178,0.15625000000000003,0.04849340527876361,0.042165759526220384,0.20657655145549783,-0.0005576128616364657,-0.07182718948389606
1770338482.5176144,1.2239645704132311,0.0,0.020000000000000007,1.2522617071008675,0.0,0.08789880771756178,0.15625000000000003,0.04849340527876361,0.042165759526220384,0.22279997909749036,-0.01987220621895739,-0.09950042130581131
1770338482.932919,1.2243540160256616,0.0,0.020000000000000007,1.2522617071008675,0.0,0.08789880771756178,0.15625000000000003,0.04849340527876361,0.042165759526220384,0.23239109328998447,-0.06147897122999694,-0.13212413516919708
1770338483.3571546,1.2248248893839113,0.0,0.020000000000000007,1.2522617071008675,0.0,0.08789880771756178,0.15625000000000003,0.04849340527876361,0.042165759526220384,0.2337748374838382,-0.10301183146188689,-0.1542669190010808
1770338483.7861423,1.2253617192059747,0.0,0.020000000000000007,1.2522617071008675,0.0,0.08789880771756178,0.15625000000000003,0.04849340527876361,0.042165759526220384,0.2195290331478286,-0.1499079677810819,-0.1640055104333992
1770338484.2002707,1.2259017192059747,0.0,0.020000000000000007,1.2522617071008675,0.0,0.08789880771756178,0.15625000000000003,0.04849340527876361,0.042165759526220384,0.2087205519727709,-0.17108349280349078,-0.16121273063986732
1770338484.6215334,1.2264417192059747,0.0,0.020000000000000007,1.2522617071008675,0.0,0.08789880771756178,0.15625000000000003,0.04849340527876361,0.042165759526220384,0.21023189431692163,-0.17173726041355858,-0.16099878104781787
1770338485.0315595,1.2269817192059747,0.0,0.020000000000000007,1.2522617071008675,0.0,0.08789880771756178,0.15625000000000003,0.04849340527876361,0.042165759526220384,0.20762983009782293,-0.1357180268610873,-0.14392364664672386
1770338485.447721,1.2275217192059746,0.0,0.020000000000000007,1.2522617071008675,0.0,0.08789880771756178,0.15625000000000003,0.04849340527876361,0.042165759526220384,0.22202333706875277,-0.10604642913575438,-0.1428465911722734
1770338485.8723872,1.2280452243608226,0.0,0.020000000000000007,1.2522617071008675,0.0,0.08789880771756178,0.15625000000000003,0.04849340527876361,0.042165759526220384,0.2285211208468283,-0.08038850134885117,-0.13611404406305436
1770338486.2891192,1.2285394667011489,0.0,0.020000000000000007,1.2522617071008675,0.0,0.08789880771756178,0.15625000000000003,0.04849340527876361,0.042165759526220384,0.204776551909314,-0.0625023947335142,-0.10264923970071495
1770338486.7051618,1.2289683720713842,0.0,0.020000000000000007,1.2522617071008675,0.0,0.08789880771756178,0.15625000000000003,0.04849340527876361,0.042165759526220384,0.1627099100456923,-0.04640313680843805,-0.0523542840055291
1770338487.131923,1.2293029016751038,0.0,0.020000000000000007,1.2522617071008675,0.0,0.08789880771756178,0.15625000000000003,0.04849340527876361,0.042165759526220384,0.16488337455719979,-0.04234613557709146,-0.05129502223199033
1770338487.5435038,1.229634379869102,0.0,0.020000000000000007,1.2522617071008675,0.0,0.08789880771756178,0.15625000000000003,0.04849340527876361,0.042165759526220384,0.1399281813113489,-0.07728517604234339,-0.07954119051945821
1770338487.9653854,1.229981582588552,0.0,0.020000000000000007,1.2522617071008675,0.0,0.08789880771756178,0.15625000000000003,0.04849340527876361,0.042165759526220384,0.11286127697018647,-0.07766716143754858,-0.10334338205121855
1770338488.3939056,1.230284388300775,0.0,0.020000000000000007,1.2522617071008675,0.0,0.08789880771756178,0.15625000000000003,0.04849340527876361,0.042165759526220384,0.10487644439560305,-0.05905560838364162,-0.10384539486471868
1770338488.8119214,1.230543041800259,0.0,0.020000000000000007,1.2522617071008675,0.0,0.08789880771756178,0.15625000000000003,0.04849340527876361,0.042165759526220384,0.10328855224471004,-0.04306895610814366,-0.09717747080002181
1770338489.2316449,1.2307723392248138,0.0,0.020000000000000007,1.2522617071008675,0.0,0.08789880771756178,0.15625000000000003,0.04849340527876361,0.042165759526220384,0.10964519078775664,-0.033399823545788215,-0.08535451400448324
1770338489.6634908,1.23099621875882,0.0,0.020000000000000007,1.2522617071008675,0.0,0.08789880771756178,0.15625000000000003,0.04849340527876361,0.042165759526220384,0.12353024909505393,-0.027194218758769356,-0.06802030052614286
1770338490.0789852,1.2312332464009508,0.0,0.020000000000000007,1.2522617071008675,0.0,0.08789880771756178,0.15625000000000003,0.04849340527876361,0.042165759526220384,0.14249721427405487,-0.03656416122385326,-0.054054740347490374
1770338490.4964397,1.2315178853398545,0.0,0.020000000000000007,1.2522617071008675,0.0,0.08789880771756178,0.15625000000000003,0.04849340527876361,0.042165759526220384,0.14758685982349057,-0.03330695389522568,-0.04672521762009525
1770338490.9187317,1.2318056516164524,0.0,0.020000000000000007,1.2522617071008675,0.0,0.08789880771756178,0.15625000000000003,0.04849340527876361,0.042165759526220384,0.1553193554097867,-0.02143386357741584,-0.033917765173812425
1770338491.350205,1.2320866493278724,0.0,0.020000000000000007,1.2522617071008675,0.0,0.08789880771756178,0.15625000000000003,0.04849340527876361,0.042165759526220384,0.17205798675014097,-0.01487002474960608,-0.044982262770835155
1770338491.763945,1.232384717218278,0.0,0.020000000000000007,1.2522617071008675,0.0,0.08789880771756178,0.15625000000000003,0.04849340527876361,0.042165759526220384,0.16867631503168115,-0.012466544036317773,-0.03998281488427903
1770338492.1807246,1.232673150045274,0.0,0.020000000000000007,1.2522617071008675,0.0,0.08789880771756178,0.15625000000000003,0.04849340527876361,0.042165759526220384,0.16745801565932666,-0.010376933156652165,-0.03768832308872947
1770338492.5966322,1.2329560680037719,0.0,0.020000000000000007,1.2522617071008675,0.0,0.08789880771756178,0.15625000000000003,0.04849340527876361,0.042165759526220384,0.15869763917623825,-0.010848940969240857,-0.02900219020522771
1770338493.0120964,1.233225087618826,0.0,0.020000000000000007,1.2522617071008675,0.0,0.08789880771756178,0.15625000000000003,0.04849340527876361,0.042165759526220384,0.0878655468579834,-0.005092576473265267,-0.09258925759135701
1770338493.435356,1.2333638643515092,0.0,0.020000000000000007,1.2522617071008675,0.0,0.08789880771756178,0.15625000000000003,0.04849340527876361,0.042165759526220384,-0.00632510485490849,-0.008247251766499597,-0.18809707803059195
1770338493.8483453,1.2333638643515092,0.0,0.020000000000000007,1.2522617071008675,0.0,0.08789880771756178,0.15625000000000003,0.04849340527876361,0.042165759526220384,-0.005490961586127467,-0.0064186987143858305,-0.18621604601164196
1770338494.259664,1.2333638643515092,0.0,0.020000000000000007,1.2522617071008675,0.0,0.08789880771756178,0.15625000000000003,0.04849340527876361,0.042165759526220384,-0.004055299032638044,-0.0049630847046430214,-0.18401528254904403
1770338494.6766386,1.2333638643515092,0.0,0.020000000000000007,1.2522617071008675,0.0,0.08789880771756178,0.15625000000000003,0.04849340527876361,0.042165759526220384,-0.003225373604904242,-0.0041104885969603985,-0.18269875727726292
1770338495.0993438,1.2333638643515092,0.0,0.020000000000000007,1.2522617071008675,0.0,0.08789880771756178,0.15625000000000003,0.04849340527876361,0.042165759526220384,-0.0024392237074821847,-0.0029772170181846572,-0.18137403913756228
1770338495.5110471,1.2333638643515092,0.0,0.020000000000000007,1.2522617071008675,0.0,0.08789880771756178,0.15625000000000003,0.04849340527876361,0.042165759526220384,-0.0018893220530249366,-0.0026172944609271207,-0.18056684130232448
1770338495.9230294,1.2333638643515092,0.0,0.020000000000000007,1.2522617071008675,0.0,0.08789880771756178,0.15625000000000003,0.04849340527876361,0.042165759526220384,-0.0014713701767293886,-0.0026599860241395957,-0.18013851210823062
1770338496.3394966,1.2333638643515092,0.0,0.020000000000000007,1.2522617071008675,0.0,0.08789880771756178,0.15625000000000003,0.04849340527876361,0.042165759526220384,-0.001069331894497544,-0.002087480005201415,-0.17950320226210228
1770338496.7565885,1.2333638643515092,0.0,0.020000000000000007,1.2522617071008675,0.0,0.08789880771756178,0.15625000000000003,0.04849340527876361,0.042165759526220384,0.005728073510921134,0.0018241696801524938,-0.17108388638064823
1770338497.1780033,1.2333638643515092,0.0,0.020000000000000007,1.2522617071008675,0.0,0.08789880771756178,0.15625000000000003,0.04849340527876361,0.042165759526220384,-0.0008937030596762021,0.20107681961005042,-0.25652449809458105
1770338497.5929255,1.233004272208212,0.0,0.020000000000000007,1.2522617071008675,0.0,0.08789880771756178,0.15625000000000003,0.04849340527876361,0.042165759526220384,-0.0021878502641845704,0.31228225037764407,-0.3046166387666558
1770338498.0078278,1.2324711419355852,0.0,0.02005922980546952,1.2522617071008675,0.0,0.08789880771756178,0.15625000000000003,0.04849340527876361,0.042165759526220384,0.000437411357795616,0.36837125557245215,-0.3245242371848011
1770338498.4320083,1.2319311419355852,0.0,0.020144549989104275,1.2522617071008675,0.0,0.08789880771756178,0.15625000000000003,0.04849340527876361,0.042165759526220384,-0.0021242742812843532,0.41966732678421054,-0.3522546650314553
1770338498.851394,1.2313911419355852,0.0,0.02025152827560902,1.2522617071008675,0.0,0.08789880771756178,0.15625000000000003,0.04849340527876361,0.042165759526220384,0.0031736145958412448,0.45650869186142473,-0.3639319880794824
1770338499.2935112,1.2308511419355852,0.0,0.020375075232386592,1.2522617071008675,0.0,0.08789880771756178,0.15625000000000003,0.04849340527876361,0.042165759526220384,0.0001180794082554647,0.5619147426284562,-0.4265470172195656
1770338499.7178836,1.2303111419355852,0.0,0.02053829251110554,1.2522617071008675,0.0,0.08789880771756178,0.15625000000000003,0.04849340527876361,0.042165759526220384,3.6393323710072835e-05,0.7071624914940491,-0.5032367475467636
1770338500.131474,1.2297711419355852,0.0,0.02071829251110554,1.2522617071008675,0.0,0.08789880771756178,0.15625000000000003,0.04849340527876361,0.042165759526220384,-0.00023530549760113803,0.836424598423439,-0.5665409356391494
1770338500.5443625,1.2292311419355852,0.0,0.02089829251110554,1.2522617071008675,0.0,0.08789880771756178,0.15625000000000003,0.04849340527876361,0.042165759526220384,0.001620801710524054,0.8544916450350241,-0.5625988457050364
1770338500.9604144,1.2286911419355853,0.0,0.02107829251110554,1.2522617071008675,0.0,0.08789880771756178,0.15625000000000003,0.04849340527876361,0.042165759526220384,0.00010689014222330844,0.6716586955067588,-0.4891728728008725
1770338501.3723855,1.2281511419355853,0.0,0.021258292511105538,1.2522617071008675,0.0,0.08789880771756178,0.15625000000000003,0.04849340527876361,0.042165759526220384,0.0003406592541893893,0.5319384237699805,-0.41476770004136854
1770338501.7949653,1.2276111419355853,0.0,0.021410610890984536,1.2522617071008675,0.0,0.08789880771756178,0.15625000000000003,0.04849340527876361,0.042165759526220384,0.00014003121865952163,0.4131030076829695,-0.3534621344684161
1770338502.2100718,1.2270711419355853,0.0,0.02151533764541149,1.2522617071008675,0.0,0.08789880771756178,0.15625000000000003,0.04849340527876361,0.042165759526220384,-0.00122870166189763,0.2899943773096566,-0.2937038735909471
1770338502.6225495,1.2265725323367103,0.0,0.02156440650820732,1.2522617071008675,0.0,0.08789880771756178,0.15625000000000003,0.04849340527876361,0.042165759526220384,0.00016400972143806953,0.1323515087221323,-0.21694315173527035
1770338503.040249,1.2263274848145231,0.0,0.02156440650820732,1.2522617071008675,0.0,0.08789880771756178,0.15625000000000003,0.04849340527876361,0.042165759526220384,0.00226679008945477,0.05358326613729564,-0.16756878747456655
1770338503.4528735,1.2263274848145231,0.0,0.021499575729966164,1.2522617071008675,0.0,0.08789880771756178,0.15625000000000003,0.04849340527876361,0.042165759526220384,-0.0004632495350781867,0.04470761633077689,-0.15887174291800832
1770338503.8669534,1.2263274848145231,0.0,0.02142986812710762,1.2522617071008675,0.0,0.08789880771756178,0.15625000000000003,0.04849340527876361,0.042165759526220384,0.12603793645425335,0.038261372360504385,-0.03280888152563193
1770338504.289958,1.2263274848145231,0.0,0.02142986812710762,1.2522617071008675,0.0,0.08789880771756178,0.15625000000000003,0.04849340527876361,0.042165759526220384,0.23045053326240247,0.04383672838399552,-0.07559355329363912
1770338504.7181752,1.226624638962148,0.0,0.02142986812710762,1.2522617071008675,0.0,0.08789880771756178,0.15625000000000003,0.04849340527876361,0.042165759526220384,0.22367861967838484,0.01975300383355819,-0.08104336997975964
1770338505.1351311,1.2269506663066132,0.0,0.02142986812710762,1.2522617071008675,0.0,0.08789880771756178,0.15625000000000003,0.04849340527876361,0.042165759526220384,0.23059226581526024,0.025519721291700867,-0.08324195667833424
1770338505.5480244,1.227278467867969,0.0,0.02142986812710762,1.2522617071008675,0.0,0.08789880771756178,0.15625000000000003,0.04849340527876361,0.042165759526220384,0.22881680809500635,0.04321181578447353,-0.07485904567341016
1770338505.9648004,1.227573973487018,0.0,0.02142986812710762,1.2522617071008675,0.0,0.08789880771756178,0.15625000000000003,0.04849340527876361,0.042165759526220384,0.2289907469134699,0.06451409446964754,-0.08604514225370084
1770338506.3960125,1.2278340874332174,0.0,0.02142986812710762,1.2522617071008675,0.0,0.08789880771756178,0.15625000000000003,0.04849340527876361,0.042165759526220384,0.22780156579015087,0.08889552278209938,-0.09735459024933553
1770338506.8104293,1.228051052564977,0.0,0.02142986812710762,1.2522617071008675,0.0,0.08789880771756178,0.15625000000000003,0.04849340527876361,0.042165759526220384,0.22333732925344282,0.10149075665149064,-0.09800935120301706
1770338507.2275789,1.228239131802319,0.0,0.02142986812710762,1.2522617071008675,0.0,0.08789880771756178,0.15625000000000003,0.04849340527876361,0.042165759526220384,0.22290570739389048,0.08230020764056692,-0.08864198635215609
1770338507.6428885,1.2284590730756506,0.0,0.02142986812710762,1.2522617071008675,0.0,0.08789880771756178,0.15625000000000003,0.04849340527876361,0.042165759526220384,0.24223788092822127,0.06427906972030924,-0.09884664981729144
1770338508.0575268,1.228741484289764,0.0,0.02142986812710762,1.2522617071008675,0.0,0.08789880771756178,0.15625000000000003,0.04849340527876361,0.042165759526220384,0.24460680905996196,0.052515259431107617,-0.09470794004132571
1770338508.4695137,1.2290474171787487,0.0,0.02142986812710762,1.2522617071008675,0.0,0.08789880771756178,0.15625000000000003,0.04849340527876361,0.042165759526220384,0.2403547024218604,0.08668037771269507,-0.10977852334325647
1770338508.8960009,1.2292890634882436,0.0,0.02142986812710762,1.2522617071008675,0.0,0.08789880771756178,0.15625000000000003,0.04849340527876361,0.042165759526220384,0.24264332780581846,0.12116541108525701,-0.12934165692259295
1770338509.3344016,1.2294761000275598,0.0,0.02142986812710762,1.2522617071008675,0.0,0.08789880771756178,0.15625000000000003,0.04849340527876361,0.042165759526220384,0.24434937873306062,0.1377257676111829,-0.13753541842813444
1770338509.7531686,1.229637810130118,0.0,0.02142986812710762,1.2522617071008675,0.0,0.08789880771756178,0.15625000000000003,0.04849340527876361,0.042165759526220384,0.2483703019141451,0.13925997057797532,-0.1408208277367018
1770338510.1722689,1.2298036584520327,0.0,0.02142986812710762,1.2522617071008675,0.0,0.08789880771756178,0.15625000000000003,0.04849340527876361,0.042165759526220384,0.28554614866363276,0.1041032073880179,-0.16378054891352722
1770338510.5929687,1.2300902597057806,0.0,0.02142986812710762,1.2522617071008675,0.0,0.08789880771756178,0.15625000000000003,0.04849340527876361,0.042165759526220384,0.33421321235819335,0.07997406100823122,-0.19928027773717738
1770338511.007996,1.2304934837508188,0.0,0.02142986812710762,1.2522617071008675,0.0,0.08789880771756178,0.15625000000000003,0.04849340527876361,0.042165759526220384,0.41988659290036334,0.06844325086407263,-0.27792841958370534
1770338511.4219184,1.2310334837508188,0.0,0.02142986812710762,1.2522617071008675,0.0,0.08789880771756178,0.15625000000000003,0.04849340527876361,0.042165759526220384,0.4279197230564866,0.04954764598418774,-0.2772502267734588
1770338511.8384104,1.2315734837508188,0.0,0.02142986812710762,1.2522617071008675,0.0,0.08789880771756178,0.15625000000000003,0.04849340527876361,0.042165759526220384,0.4363814305367299,0.03237780081573566,-0.28674239440881744
1770338512.249918,1.2321134837508187,0.0,0.02142986812710762,1.2522617071008675,0.0,0.08789880771756178,0.15625000000000003,0.04849340527876361,0.042165759526220384,0.439910911029606,0.036656357216804075,-0.286843467824421
1770338512.6639383,1.2326534837508187,0.0,0.02142986812710762,1.2522617071008675,0.0,0.08789880771756178,0.15625000000000003,0.04849340527876361,0.042165759526220384,0.41938445149931675,0.08017395624668408,-0.28649030976253653
1770338513.08205,1.233181330286263,0.0,0.02142986812710762,1.2522617071008675,0.0,0.08789880771756178,0.15625000000000003,0.04849340527876361,0.042165759526220384,0.4108208725339694,0.1057507770931535,-0.2889210634020829
1770338513.5033925,1.2336573663926111,0.0,0.02148338342189789,1.2522617071008675,0.0,0.08789880771756178,0.15625000000000003,0.04849340527876361,0.042165759526220384,0.4126235436141998,0.118933482495392,-0.29607567563900944
1770338513.9343626,1.2341152643072593,0.0,0.021543198812603952,1.2522617071008675,0.0,0.08789880771756178,0.15625000000000003,0.04849340527876361,0.042165759526220384,0.41037900302902713,0.1223178038928034,-0.2945434573520598
1770338514.364306,1.234564566106795,0.0,0.021604099113941195,1.2522617071008675,0.0,0.08789880771756178,0.15625000000000003,0.04849340527876361,0.042165759526220384,0.4151152663295274,0.09534332560512895,-0.2881514971977491
1770338514.7726367,1.2350629740250099,0.0,0.021653765342235568,1.2522617071008675,0.0,0.08789880771756178,0.15625000000000003,0.04849340527876361,0.042165759526220384,0.4211942042964009,0.08786325136668012,-0.28854095764047566
1770338515.191453,1.2355815171790112,0.0,0.021701272821426393,1.2522617071008675,0.0,0.08789880771756178,0.15625000000000003,0.04849340527876361,0.042165759526220384,0.4133332654249169,0.11943039770949242,-0.29887229915083413
1770338515.6196995,1.2360396562349785,0.0,0.021761449790000918,1.2522617071008675,0.0,0.08789880771756178,0.15625000000000003,0.04849340527876361,0.042165759526220384,0.4027912738566745,0.13239074662027786,-0.2929498022947818
1770338516.0348818,1.2364618495917308,0.0,0.02182540974080563,1.2522617071008675,0.0,0.08789880771756178,0.15625000000000003,0.04849340527876361,0.042165759526220384,0.400996508191623,0.14802077152019627,-0.2992370166786028
1770338516.4555044,1.2368563255047786,0.0,0.02189604230344296,1.2522617071008675,0.0,0.08789880771756178,0.15625000000000003,0.04849340527876361,0.042165759526220384,0.3973922027720984,0.11344332442391064,-0.2802387299305721
1770338516.8790112,1.237300755457877,0.0,0.02195036448180676,1.2522617071008675,0.0,0.08789880771756178,0.15625000000000003,0.04849340527876361,0.042165759526220384,0.3697001961228421,0.1258941080693145,-0.25655944875892955
1770338517.2892292,1.2376838585901249,0.0,0.022004786733388907,1.2522617071008675,0.0,0.08789880771756178,0.15625000000000003,0.04849340527876361,0.042165759526220384,0.31412438972823853,0.12281778719744067,-0.19850803565103603
1770338517.6990945,1.2379852926743018,0.0,0.022004786733388907,1.2522617071008675,0.0,0.08789880771756178,0.15625000000000003,0.04849340527876361,0.042165759526220384,0.04237993452806597,0.0835422142468434,-0.1384858501273053
1770338518.123528,1.2379852926743018,0.0,0.022004786733388907,1.2522617071008675,0.0,0.08789880771756178,0.15625000000000003,0.04849340527876361,0.042165759526220384,-0.01415789116791347,0.07544577518973485,-0.1878575429053816
1770338518.5443666,1.237812237744926,0.0,0.02194698864281178,1.2522617071008675,0.0,0.08789880771756178,0.15625000000000003,0.04849340527876361,0.042165759526220384,-0.011738866103948512,0.06076721904266419,-0.1787574514768775
1770338518.9662275,1.2376681260502325,0.0,0.021882611694335943,1.2522617071008675,0.0,0.08789880771756178,0.15625000000000003,0.04849340527876361,0.042165759526220384,-0.00888776265276796,0.04761143562688864,-0.1691761790446797
1770338519.3932374,1.2376681260502325,0.0,0.02181250199615956,1.2522617071008675,0.0,0.08789880771756178,0.15625000000000003,0.04849340527876361,0.042165759526220384,-0.006736001781123212,0.037792986111252196,-0.16615423344017097
1770338519.8096411,1.2376681260502325,0.0,0.02173813098132611,1.2522617071008675,0.0,0.08789880771756178,0.15625000000000003,0.04849340527876361,0.042165759526220384,-0.0052277379033902165,0.029713789411621023,-0.16851164263065305
1770338520.2219737,1.2376681260502325,0.0,0.021660207155346875,1.2522617071008675,0.0,0.08789880771756178,0.15625000000000003,0.04849340527876361,0.042165759526220384,-0.003960497763630383,0.022881833861420894,-0.17053565615105015
1770338520.6413727,1.2376681260502325,0.0,0.02157928470551968,1.2522617071008675,0.0,0.08789880771756178,0.15625000000000003,0.04849340527876361,0.042165759526220384,-0.0030713576387673067,0.01814525785788546,-0.17180526607328833
1770338521.0811942,1.2376681260502325,0.0,0.021496289836168296,1.2522617071008675,0.0,0.08789880771756178,0.15625000000000003,0.04849340527876361,0.042165759526220384,-0.002329163601536043,0.014162383014101035,-0.1729791393419742
1770338521.5103815,1.2376681260502325,0.0,0.02141155404150487,1.2522617071008675,0.0,0.08789880771756178,0.15625000000000003,0.04849340527876361,0.042165759526220384,-0.0018084504156888046,0.010573989291989364,-0.17421317490501553
1770338521.9378262,1.2376681260502325,0.0,0.021325221248865135,1.2522617071008675,0.0,0.08789880771756178,0.15625000000000003,0.04849340527876361,0.042165759526220384,-0.0013357184739038466,0.007783412258012578,-0.17505594981140546
1770338522.389968,1.2376681260502325,0.0,0.021237662284374244,1.2522617071008675,0.0,0.08789880771756178,0.15625000000000003,0.04849340527876361,0.042165759526220384,-0.0010361972479701214,0.005491841382782697,-0.175852313407212
1770338522.8071377,1.2376681260502325,0.0,0.02114907908082009,1.2522617071008675,0.0,0.08789880771756178,0.15625000000000003,0.04849340527876361,0.042165759526220384,-0.0007856713324269735,0.005112848681267169,-0.17560002602505514
1770338523.2543643,1.2376681260502325,0.0,0.02106036833286286,1.2522617071008675,0.0,0.08789880771756178,0.15625000000000003,0.04849340527876361,0.042165759526220384,-0.0005939883432129198,0.003835178283003729,-0.1761370460046476
1770338523.6695697,1.2376681260502325,0.0,0.02097109215915204,1.2522617071008675,0.0,0.08789880771756178,0.15625000000000003,0.04849340527876361,0.042165759526220384,-0.000450160307606834,0.002183894230563632,-0.17685622136067924
1770338524.090572,1.2376681260502325,0.0,0.02088106416761876,1.2522617071008675,0.0,0.08789880771756178,0.15625000000000003,0.04849340527876361,0.042165759526220384,-0.0003502650746747988,0.0026264529759047386,-0.17641417422436675
1770338524.517407,1.2376681260502325,0.0,0.020791266341805465,1.2522617071008675,0.0,0.08789880771756178,0.15625000000000003,0.04849340527876361,0.042165759526220384,-0.0002642746679139045,0.0013001144369625271,-0.1770797310664371
1770338524.9340053,1.2376681260502325,0.0,0.020700858764052397,1.2522617071008675,0.0,0.08789880771756178,0.15625000000000003,0.04849340527876361,0.042165759526220384,-0.0002051320365174296,0.0015007829893456265,-0.17680768716019313
1770338525.3722506,1.2376681260502325,0.0,0.020610558388829237,1.2522617071008675,0.0,0.08789880771756178,0.15625000000000003,0.04849340527876361,0.042165759526220384,-0.00015574803724910494,0.00029466811956453367,-0.17746190522755517
1770338525.7938037,1.2376681260502325,0.0,0.02051969785034657,1.2522617071008675,0.0,0.08789880771756178,0.15625000000000003,0.04849340527876361,0.042165759526220384,-0.00011727926613469824,0.00037385127002309245,-0.1772711517092792
1770338526.2223356,1.2376681260502325,0.0,0.020428882727026944,1.2522617071008675,0.0,0.08789880771756178,0.15625000000000003,0.04849340527876361,0.042165759526220384,-8.93532732216106e-05,0.0005837497166914621,-0.17715134802265292
1770338526.6488016,1.2376681260502325,0.0,0.020351683836162093,1.2522617071008675,0.0,0.08789880771756178,0.15625000000000003,0.04849340527876361,0.042165759526220384,-6.933022323438592e-05,0.00022473192440152065,-0.17732574580337282
1770338527.0599782,1.2376681260502325,0.0,0.020288380745652916,1.2522617071008675,0.0,0.08789880771756178,0.15625000000000003,0.04849340527876361,0.042165759526220384,-5.2570526255966586e-05,0.0003356294844914134,-0.17722872530312947
1770338527.4956944,1.2376681260502325,0.0,0.020236472211435392,1.2522617071008675,0.0,0.08789880771756178,0.15625000000000003,0.04849340527876361,0.042165759526220384,-4.0823763773972235e-05,0.0011474958999817255,-0.17688114221844237
1770338527.9106286,1.2376681260502325,0.0,0.02019390721337702,1.2522617071008675,0.0,0.08789880771756178,0.15625000000000003,0.04849340527876361,0.042165759526220384,-3.09313287055186e-05,0.000981854200142338,-0.1768894481617285
1770338528.322841,1.2376681260502325,0.0,0.020159003914969158,1.2522617071008675,0.0,0.08789880771756178,0.15625000000000003,0.04849340527876361,0.042165759526220384,-2.4071008354571525e-05,-0.00034298589145694637,-0.17766092772635322
1770338528.734269,1.2376681260502325,0.0,0.02013038321027471,1.2522617071008675,0.0,0.08789880771756178,0.15625000000000003,0.04849340527876361,0.042165759526220384,-1.8696911310886927e-05,-0.000378807954701395,-0.17754456285809625
1770338529.1578586,1.2376681260502325,0.0,0.020106914232425263,1.2522617071008675,0.0,0.08789880771756178,0.15625000000000003,0.04849340527876361,0.042165759526220384,-1.4156879314618763e-05,0.0002042400102275155,-0.17730322143380395
1770338529.5707586,1.2376681260502325,0.0,0.020087669670588715,1.2522617071008675,0.0,0.08789880771756178,0.15625000000000003,0.04849340527876361,0.042165759526220384,-1.1044948990282684e-05,-0.000628408725513387,-0.1777413939484313
1770338529.987543,1.2376681260502325,0.0,0.020071889129882746,1.2522617071008675,0.0,0.08789880771756178,0.15625000000000003,0.04849340527876361,0.042165759526220384,-8.375834707414477e-06,-0.0004432417775861749,-0.17758139318140345
1770338530.4017165,1.2376681260502325,0.0,0.020058949086503852,1.2522617071008675,0.0,0.08789880771756178,0.15625000000000003,0.04849340527876361,0.042165759526220384,-5.607006249281317e-06,8.986336953389565e-05,-0.17734686559930454
1770338530.872039,1.2376681260502325,0.0,0.02004833825093316,1.2522617071008675,0.0,0.08789880771756178,0.15625000000000003,0.04849340527876361,0.042165759526220384,-4.955282386650566e-06,-0.0004018969486179112,-0.177587959551621
1770338531.2846034,1.2376681260502325,0.0,0.02003963736576519,1.2522617071008675,0.0,0.08789880771756178,0.15625000000000003,0.04849340527876361,0.042165759526220384,-3.7241313487552953e-06,0.00012503784762137697,-0.1773267784502722
1770338531.6997054,1.2376681260502325,0.0,0.020032502639927455,1.2522617071008675,0.0,0.08789880771756178,0.15625000000000003,0.04849340527876361,0.042165759526220384,-2.8425118628093594e-06,-0.0006054637805458505,-0.17771150432806268
1770338532.119691,1.2376681260502325,0.0,0.020026652164740512,1.2522617071008675,0.0,0.08789880771756178,0.15625000000000003,0.04849340527876361,0.042165759526220384,-2.0845087991844986e-06,-0.0013447654711481612,-0.17808127717654373
1770338532.5330532,1.2376681260502325,0.0,0.02002185477508722,1.2522617071008675,0.0,0.08789880771756178,0.15625000000000003,0.04849340527876361,0.042165759526220384,-1.6627124237580911e-06,-7.363800276523872e-05,-0.1774984742237549
1770338532.9548466,1.2376681260502325,0.0,0.02001792091557152,1.2522617071008675,0.0,0.08789880771756178,0.15625000000000003,0.04849340527876361,0.042165759526220384,-1.225535941814897e-06,-0.0003885623971420846,-0.17755987893706074
1770338533.3821893,1.2376681260502325,0.0,0.020014695150768647,1.2522617071008675,0.0,0.08789880771756178,0.15625000000000003,0.04849340527876361,0.042165759526220384,-9.80229748370872e-07,-0.0006366598005381694,-0.17767699963346728
1770338533.7961888,1.2376681260502325,0.0,0.02001205002363029,1.2522617071008675,0.0,0.08789880771756178,0.15625000000000003,0.04849340527876361,0.042165759526220384,-7.153904043462671e-07,-2.1629340696903204e-05,-0.17740591286984717
1770338534.2166235,1.2376681260502325,0.0,0.020009881019376837,1.2522617071008675,0.0,0.08789880771756178,0.15625000000000003,0.04849340527876361,0.042165759526220384,-5.544694394589831e-07,-0.00031644921154557934,-0.17752114082540732
1770338534.6544802,1.2376681260502325,0.0,0.020008102435889005,1.2522617071008675,0.0,0.08789880771756178,0.15625000000000003,0.04849340527876361,0.042165759526220384,-4.2205586382845506e-07,0.0005634416058145362,-0.17713957009780282
1770338535.078127,1.2376681260502325,0.0,0.020006643997428984,1.2522617071008675,0.0,0.08789880771756178,0.15625000000000003,0.04849340527876361,0.042165759526220384,-3.3847942362095733e-07,0.00020834218812404494,-0.17726455709024086
1770338535.503641,1.2376681260502325,0.0,0.020005448077891768,1.2522617071008675,0.0,0.08789880771756178,0.15625000000000003,0.04849340527876361,0.042165759526220384,-2.6271634076860587e-07,-0.00020605473660633718,-0.17747760954022718
1770338535.9195948,1.2376681260502325,0.0,0.02000446742387125,1.2522617071008675,0.0,0.08789880771756178,0.15625000000000003,0.04849340527876361,0.042165759526220384,-1.9831876075012086e-07,-2.787770936537085e-05,-0.17736483463927774
1770338536.3385422,1.2376681260502325,0.0,0.020003663287574424,1.2522617071008675,0.0,0.08789880771756178,0.15625000000000003,0.04849340527876361,0.042165759526220384,-1.5422300089791635e-07,0.00016613874820180395,-0.17726936625776693
1770338536.753157,1.2376681260502325,0.0,0.020003003895811028,1.2522617071008675,0.0,0.08789880771756178,0.15625000000000003,0.04849340527876361,0.042165759526220384,-1.1645922187454509e-07,0.0006080577502013995,-0.17707315924743136
1770338537.163869,1.2376681260502325,0.0,0.020002463194565043,1.2522617071008675,0.0,0.08789880771756178,0.15625000000000003,0.04849340527876361,0.042165759526220384,-9.058037864866677e-08,0.0006775129051742952,-0.17700115940639902
1770338537.5868752,1.2376681260502325,0.0,0.020002019819543335,1.2522617071008675,0.0,0.08789880771756178,0.15625000000000003,0.04849340527876361,0.042165759526220384,-6.842580979367353e-08,3.285580648559934e-05,-0.17738098599554608
1770338538.0154967,1.2376681260502325,0.0,0.020001656252025535,1.2522617071008675,0.0,0.08789880771756178,0.15625000000000003,0.04849340527876361,0.042165759526220384,-5.032284205569472e-08,-0.0005109045738267214,-0.17764275841089688
1770338538.428002,1.2376681260502325,0.0,0.02000135812666094,1.2522617071008675,0.0,0.08789880771756178,0.15625000000000003,0.04849340527876361,0.042165759526220384,-4.011073046190373e-08,-0.0003964628190292541,-0.17754259545883505
1770338538.84403,1.2376681260502325,0.0,0.02000111366386197,1.2522617071008675,0.0,0.08789880771756178,0.15625000000000003,0.04849340527876361,0.042165759526220384,-3.1106841399995183e-08,0.0005768067368059936,-0.17714183445713216
1770338539.2600782,1.2376681260502325,0.0,0.020000913204366814,1.2522617071008675,0.0,0.08789880771756178,0.15625000000000003,0.04849340527876361,0.042165759526220384,-2.2403868860858504e-08,0.00010090550963344882,-0.17733003953487964
1770338539.6858702,1.2376681260502325,0.0,0.020000748827580787,1.2522617071008675,0.0,0.08789880771756178,0.15625000000000003,0.04849340527876361,0.042165759526220384,-1.7381797231604584e-08,-0.00030725028756050467,-0.17752733786840708
1770338540.1090636,1.2376681260502325,0.0,0.020000614038616246,1.2522617071008675,0.0,0.08789880771756178,0.15625000000000003,0.04849340527876361,0.042165759526220384,-1.3133276846653175e-08,-0.0005316901506427563,-0.17762118195801666
1770338540.5230994,1.2376681260502325,0.0,0.02000050351166532,1.2522617071008675,0.0,0.08789880771756178,0.15625000000000003,0.04849340527876361,0.042165759526220384,-1.0189382210789109e-08,-0.0008054683781479545,-0.17776300196431694
1770338540.9389954,1.2376681260502325,0.0,0.02000041287956556,1.2522617071008675,0.0,0.08789880771756178,0.15625000000000003,0.04849340527876361,0.042165759526220384,-8.149721083371965e-09,-0.00029319067650815795,-0.17753071102124937
1770338541.360391,1.2376681260502325,0.0,0.02000033856124376,1.2522617071008675,0.0,0.08789880771756178,0.15625000000000003,0.04849340527876361,0.042165759526220384,-5.971369451075877e-09,-0.00039542363806164784,-0.17754082084966585
1770338541.7915392,1.2376681260502325,0.0,0.020000277620219883,1.2522617071008675,0.0,0.08789880771756178,0.15625000000000003,0.04849340527876361,0.042165759526220384,-4.657421745343926e-09,-0.00035338840414814523,-0.1775137821459974
1770338542.2069325,1.2376681260502325,0.0,0.020000227648580303,1.2522617071008675,0.0,0.08789880771756178,0.15625000000000003,0.04849340527876361,0.042165759526220384,-3.521300360554641e-09,-0.00037148460361417296,-0.17752043520616428
1770338542.6470149,1.2376681260502325,0.0,0.020000186671835847,1.2522617071008675,0.0,0.08789880771756178,0.15625000000000003,0.04849340527876361,0.042165759526220384,-2.6661485783282963e-09,2.2489352516876103e-05,-0.17736103514861346
1770338543.0711534,1.2376681260502325,0.0,0.020000153070905396,1.2522617071008675,0.0,0.08789880771756178,0.15625000000000003,0.04849340527876361,0.042165759526220384,-2.017362943574368e-09,-0.0004902592852538952,-0.17762928628687719
1770338543.4944336,1.2376681260502325,0.0,0.020000125518142425,1.2522617071008675,0.0,0.08789880771756178,0.15625000000000003,0.04849340527876361,0.042165759526220384,-1.566003172177966e-09,-0.0004594658711032677,-0.17756569360608007
1770338543.9223735,1.2376681260502325,0.0,0.02000010292487679,1.2522617071008675,0.0,0.08789880771756178,0.15625000000000003,0.04849340527876361,0.042165759526220384,-1.1465637405674057e-09,-0.00024189279936630368,-0.1774755846165308
1770338544.3412316,1.2376681260502325,0.0,0.020000084398398968,1.2522617071008675,0.0,0.08789880771756178,0.15625000000000003,0.04849340527876361,0.042165759526220384,-8.994616165014307e-10,-0.0001727435272327184,-0.17742616735340155
1770338544.7582686,1.2376681260502325,0.0,0.020000069206687152,1.2522617071008675,0.0,0.08789880771756178,0.15625000000000003,0.04849340527876361,0.042165759526220384,-6.984207892166223e-10,0.0001448742223414459,-0.1772922051253177
1770338545.1912813,1.2376681260502325,0.0,0.020000056749483464,1.2522617071008675,0.0,0.08789880771756178,0.15625000000000003,0.04849340527876361,0.042165759526220384,-5.286696508509315e-10,0.0001794190129568874,-0.177246625264363
1770338545.6096108,1.2376681260502325,0.0,0.02000004653457644,1.2522617071008675,0.0,0.08789880771756178,0.15625000000000003,0.04849340527876361,0.042165759526220384,-4.073004651518158e-10,0.0001411851968697159,-0.17726611095358455
1770338546.0239336,1.2376681260502325,0.0,0.02000003815835268,1.2522617071008675,0.0,0.08789880771756178,0.15625000000000003,0.04849340527876361,0.042165759526220384,-3.1242272803743697e-10,0.0002927863213727456,-0.17720164702729688
1770338546.4586868,1.2376681260502325,0.0,0.020000031289849198,1.2522617071008675,0.0,0.08789880771756178,0.15625000000000003,0.04849340527876361,0.042165759526220384,-2.373155123133857e-10,0.0003950625918727525,-0.17714557633153935
1770338546.8865907,1.2376681260502325,0.0,0.02000002565767634,1.2522617071008675,0.0,0.08789880771756178,0.15625000000000003,0.04849340527876361,0.042165759526220384,-1.845435486914436e-10,-0.0008579643270451106,-0.1778871648030681
1770338547.3095787,1.2376681260502325,0.0,0.0200000210392946,1.2522617071008675,0.0,0.08789880771756178,0.15625000000000003,0.04849340527876361,0.042165759526220384,-1.3214066399117956e-10,-0.0007592595848685551,-0.1777223801619028
1770338547.7411451,1.2376681260502325,0.0,0.020000017252221572,1.2522617071008675,0.0,0.08789880771756178,0.15625000000000003,0.04849340527876361,0.042165759526220384,-1.060062219855585e-10,-0.0004771982802604219,-0.17759968513970747
1770338548.1633732,1.2376681260502325,0.0,0.02000001414682169,1.2522617071008675,0.0,0.08789880771756178,0.15625000000000003,0.04849340527876361,0.042165759526220384,-8.22700016623307e-11,-0.0004260194925678506,-0.1775510074704334
1770338548.595708,1.2376681260502325,0.0,0.020000011600393785,1.2522617071008675,0.0,0.08789880771756178,0.15625000000000003,0.04849340527876361,0.042165759526220384,-6.39273624691004e-11,-0.000501570106154156,-0.17759121994147328
1770338549.0196967,1.2376681260502325,0.0,0.020000009512322902,1.2522617071008675,0.0,0.08789880771756178,0.15625000000000003,0.04849340527876361,0.042165759526220384,-4.693201843116588e-11,0.0006457936079922648,-0.17712471937746074
1770338549.4314454,1.2376681260502325,0.0,0.02000000780010478,1.2522617071008675,0.0,0.08789880771756178,0.15625000000000003,0.04849340527876361,0.042165759526220384,-3.661893021498966e-11,-0.0006074695688380333,-0.1777619409018312
1770338549.853635,1.2376681260502325,0.0,0.02000000639608592,1.2522617071008675,0.0,0.08789880771756178,0.15625000000000003,0.04849340527876361,0.042165759526220384,-2.8470023932042147e-11,-0.0004549102672232423,-0.17757559085535335
1770338550.2739553,1.2376681260502325,0.0,0.020000005244790457,1.2522617071008675,0.0,0.08789880771756178,0.15625000000000003,0.04849340527876361,0.042165759526220384,-2.1114397518400184e-11,-0.0003605555730315575,-0.17752259304015955
1770338550.689772,1.2376681260502325,0.0,0.020000004300728173,1.2522617071008675,0.0,0.08789880771756178,0.15625000000000003,0.04849340527876361,0.042165759526220384,-1.675567623182979e-11,4.0597374231671494e-05,-0.1773526963874764
1770338551.111041,1.2376681260502325,0.0,0.0200000035265971,1.2522617071008675,0.0,0.08789880771756178,0.15625000000000003,0.04849340527876361,0.042165759526220384,-1.2637911666491142e-11,-0.0009804833631304863,-0.1779252295310496
1770338551.536666,1.2376681260502325,0.0,0.020000002891809622,1.2522617071008675,0.0,0.08789880771756178,0.15625000000000003,0.04849340527876361,0.042165759526220384,-9.844791375244926e-12,-0.000315126300445111,-0.1775569786294461
1770338551.9754891,1.2376681260502325,0.0,0.02000000237128389,1.2522617071008675,0.0,0.08789880771756178,0.15625000000000003,0.04849340527876361,0.042165759526220384,-7.460089155927178e-12,-0.00014896641049675407,-0.17742397896481352
1770338552.4019983,1.2376681260502325,0.0,0.02000000194445279,1.2522617071008675,0.0,0.08789880771756178,0.15625000000000003,0.04849340527876361,0.042165759526220384,-5.3294953736464866e-12,-0.0003196594040872652,-0.1775097787698424
1770338552.8282433,1.2376681260502325,0.0,0.020000001594451287,1.2522617071008675,0.0,0.08789880771756178,0.15625000000000003,0.04849340527876361,0.042165759526220384,-4.0390337085433444e-12,-0.0006461799805442061,-0.17768862181506706
1770338553.3121815,1.2376681260502325,0.0,0.020000001307450055,1.2522617071008675,0.0,0.08789880771756178,0.15625000000000003,0.04849340527876361,0.042165759526220384,-3.058824786047999e-12,-0.0006334910662220637,-0.17765089419071228
1770338553.7387578,1.2376681260502325,0.0,0.020000001072109044,1.2522617071008675,0.0,0.08789880771756178,0.15625000000000003,0.04849340527876361,0.042165759526220384,-2.452121616811939e-12,-0.0006562174753552759,-0.1776632611441533
1770338554.169196,1.2376681260502325,0.0,0.020000000879129416,1.2522617071008675,0.0,0.08789880771756178,0.15625000000000003,0.04849340527876361,0.042165759526220384,-1.8504979859981263e-12,0.0002803888279249335,-0.17728634598132625
1770338554.5939186,1.2376681260502325,0.0,0.020000000720886122,1.2522617071008675,0.0,0.08789880771756178,0.15625000000000003,0.04849340527876361,0.042165759526220384,-1.3308866985416334e-12,0.0002463500360416272,-0.1772131086256086
1770338555.016722,1.2376681260502325,0.0,0.02000000059112662,1.2522617071008675,0.0,0.08789880771756178,0.15625000000000003,0.04849340527876361,0.042165759526220384,-1.095012758902335e-12,0.0006091811444318555,-0.17706457230282835
1770338555.4416227,1.2376681260502325,0.0,0.020000000484723827,1.2522617071008675,0.0,0.08789880771756178,0.15625000000000003,0.04849340527876361,0.042165759526220384,-8.287786382971971e-13,-0.0003091048861957224,-0.17757926081009962
1770338555.869301,1.2376681260502325,0.0,0.020000000397473537,1.2522617071008675,0.0,0.08789880771756178,0.15625000000000003,0.04849340527876361,0.042165759526220384,-6.271703436134654e-13,0.0004450010528458493,-0.1771857898312186
1770338556.2965457,1.2376681260502325,0.0,0.020000000325928302,1.2522617071008675,0.0,0.08789880771756178,0.15625000000000003,0.04849340527876361,0.042165759526220384,-4.846538840499628e-13,0.0009231717019349699,-0.1769191109775363
1770338556.7249672,1.2376681260502325,0.0,0.020000000267261207,1.2522617071008675,0.0,0.08789880771756178,0.15625000000000003,0.04849340527876361,0.042165759526220384,-3.4798332015104847e-13,0.00026742803974833917,-0.17726474010980267
1770338557.145774,1.2376681260502325,0.0,0.02000000021915419,1.2522617071008675,0.0,0.08789880771756178,0.15625000000000003,0.04849340527876361,0.042165759526220384,-2.795399740461473e-13,-0.00018893116602817774,-0.1774729812669815
1770338557.5715501,1.2376681260502325,0.0,0.020000000179706434,1.2522617071008675,0.0,0.08789880771756178,0.15625000000000003,0.04849340527876361,0.042165759526220384,-2.1686947026793543e-13,-0.0008234412417107799,-0.17780805139175077
1770338557.9869418,1.2376681260502325,0.0,0.020000000147359275,1.2522617071008675,0.0,0.08789880771756178,0.15625000000000003,0.04849340527876361,0.042165759526220384,-1.6697810264499526e-13,-0.0009295231254000996,-0.17780824951434618
1770338558.410003,1.2376681260502325,0.0,0.020000000120834607,1.2522617071008675,0.0,0.08789880771756178,0.15625000000000003,0.04849340527876361,0.042165759526220384,-1.2064571693198823e-13,-0.0007220058900563925,-0.17771463443179342
1770338558.824064,1.2376681260502325,0.0,0.020000000099084377,1.2522617071008675,0.0,0.08789880771756178,0.15625000000000003,0.04849340527876361,0.042165759526220384,-9.629834451716074e-14,-0.000238665321682132,-0.17750054648088504
1770338559.2490656,1.2376681260502325,0.0,0.02000000008124919,1.2522617071008675,0.0,0.08789880771756178,0.15625000000000003,0.04849340527876361,0.042165759526220384,-7.50793257587188e-14,-0.0010662245718773863,-0.1779487479741435
1770338559.6764262,1.2376681260502325,0.0,0.020000000066624335,1.2522617071008675,0.0,0.08789880771756178,0.15625000000000003,0.04849340527876361,0.042165759526220384,-5.68032265089551e-14,-0.0006142109878285781,-0.1776851866154862
1770338560.0895586,1.2376681260502325,0.0,0.020000000054631956,1.2522617071008675,0.0,0.08789880771756178,0.15625000000000003,0.04849340527876361,0.042165759526220384,-4.40638574324527e-14,-0.0006907963760473443,-0.17768593648999984
1770338560.5510592,1.2376681260502325,0.0,0.020000000044798204,1.2522617071008675,0.0,0.08789880771756178,0.15625000000000003,0.04849340527876361,0.042165759526220384,-3.259174581463111e-14,-0.0007839970888006647,-0.17773419837881846
1770338560.9640942,1.2376681260502325,0.0,0.020000000036734526,1.2522617071008675,0.0,0.08789880771756178,0.15625000000000003,0.04849340527876361,0.042165759526220384,-2.506356551370242e-14,-0.0004981661029152297,-0.17761054591318146
1770338561.3954175,1.2376681260502325,0.0,0.02000000003012231,1.2522617071008675,0.0,0.08789880771756178,0.15625000000000003,0.04849340527876361,0.042165759526220384,-1.9160499999660164e-14,0.00022601146280651688,-0.1772922917882983
1770338561.82513,1.2376681260502325,0.0,0.020000000024700294,1.2522617071008675,0.0,0.08789880771756178,0.15625000000000003,0.04849340527876361,0.042165759526220384,-1.3256223275113826e-14,-0.000541990001778045,-0.17768067491047096
1770338562.245735,1.2376681260502325,0.0,0.02000000002025424,1.2522617071008675,0.0,0.08789880771756178,0.15625000000000003,0.04849340527876361,0.042165759526220384,-1.1262393347566106e-14,0.00038356705416799574,-0.1772336519416321
1770338562.6759982,1.2376681260502325,0.0,0.020000000016608475,1.2522617071008675,0.0,0.08789880771756178,0.15625000000000003,0.04849340527876361,0.042165759526220384,-8.273653285397201e-15,0.0007231386316218771,-0.17700526760505295
1770338563.093284,1.2376681260502325,0.0,0.02000000001361895,1.2522617071008675,0.0,0.08789880771756178,0.15625000000000003,0.04849340527876361,0.042165759526220384,-6.64017453785905e-15,-0.0004995821430760683,-0.17770494291212469
1770338563.5100448,1.2376681260502325,0.0,0.02000000001116754,1.2522617071008675,0.0,0.08789880771756178,0.15625000000000003,0.04849340527876361,0.042165759526220384,-4.687722949103464e-15,6.718890473823575e-05,-0.17735596241552723
1770338563.9237866,1.2376681260502325,0.0,0.020000000009157384,1.2522617071008675,0.0,0.08789880771756178,0.15625000000000003,0.04849340527876361,0.042165759526220384,-3.659366433290514e-15,-0.0006830355324248174,-0.17774941997304258
1770338564.3541644,1.2376681260502325,0.0,0.020000000007509056,1.2522617071008675,0.0,0.08789880771756178,0.15625000000000003,0.04849340527876361,0.042165759526220384,-2.9543595845915525e-15,-1.961096746919087e-05,-0.17740902770334332
1770338564.7681065,1.2376681260502325,0.0,0.020000000006157426,1.2522617071008675,0.0,0.08789880771756178,0.15625000000000003,0.04849340527876361,0.042165759526220384,-2.2964407378782917e-15,-0.0003089454736841692,-0.1775162859505761
1770338565.188021,1.2376681260502325,0.0,0.02000000000504909,1.2522617071008675,0.0,0.08789880771756178,0.15625000000000003,0.04849340527876361,0.042165759526220384,-1.627385837332171e-15,-4.961961882772722e-05,-0.17738362215801137
1770338565.604912,1.2376681260502325,0.0,0.020000000004140255,1.2522617071008675,0.0,0.08789880771756178,0.15625000000000003,0.04849340527876361,0.042165759526220384,-1.2782457157037464e-15,-0.00029774944721137745,-0.17750656746955554
1770338566.0176425,1.2376681260502325,0.0,0.02000000000339501,1.2522617071008675,0.0,0.08789880771756178,0.15625000000000003,0.04849340527876361,0.042165759526220384,-1.023160837702625e-15,-0.0004579856639292662,-0.1775778962167477
1770338566.4415944,1.2376681260502325,0.0,0.02000000000278391,1.2522617071008675,0.0,0.08789880771756178,0.15625000000000003,0.04849340527876361,0.042165759526220384,-7.045126105282979e-16,-0.00019066465074163457,-0.17745494418980048
1770338566.8693118,1.2376681260502325,0.0,0.020000000002282806,1.2522617071008675,0.0,0.08789880771756178,0.15625000000000003,0.04849340527876361,0.042165759526220384,-5.56993297959863e-16,0.0003219890048928336,-0.1772231506262278
1770338567.2876506,1.2376681260502325,0.0,0.020000000001871902,1.2522617071008675,0.0,0.08789880771756178,0.15625000000000003,0.04849340527876361,0.042165759526220384,-4.425299669992964e-16,-0.0002268724411337637,-0.17750120212828022
1770338567.7086785,1.2376681260502325,0.0,0.02000000000153496,1.2522617071008675,0.0,0.08789880771756178,0.15625000000000003,0.04849340527876361,0.042165759526220384,-3.355792534446117e-16,3.339689236828822e-05,-0.17734220825027663
1770338568.1199586,1.2376681260502325,0.0,0.020000000001258667,1.2522617071008675,0.0,0.08789880771756178,0.15625000000000003,0.04849340527876361,0.042165759526220384,-2.75624854258162e-16,-0.00034515567728649873,-0.17754331285871922
1770338568.541957,1.2376681260502325,0.0,0.02000000000103211,1.2522617071008675,0.0,0.08789880771756178,0.15625000000000003,0.04849340527876361,0.042165759526220384,-1.9674293890411776e-16,0.0008129942540778686,-0.1770421976292079
1770338568.95551,1.2376681260502325,0.0,0.02000000000084633,1.2522617071008675,0.0,0.08789880771756178,0.15625000000000003,0.04849340527876361,0.042165759526220384,-1.5369188590263513e-16,-7.744282309369362e-05,-0.17746064488237437
1770338569.3762255,1.2376681260502325,0.0,0.02000000000069399,1.2522617071008675,0.0,0.08789880771756178,0.15625000000000003,0.04849340527876361,0.042165759526220384,-1.1269515927768981e-16,-8.57510051811453e-05,-0.17737658608390966
1770338569.7929697,1.2376681260502325,0.0,0.020000000000569073,1.2522617071008675,0.0,0.08789880771756178,0.15625000000000003,0.04849340527876361,0.042165759526220384,-9.045911200833442e-17,8.824119441987665e-05,-0.17730615838586047
1770338570.2087343,1.2376681260502325,0.0,0.02000000000046664,1.2522617071008675,0.0,0.08789880771756178,0.15625000000000003,0.04849340527876361,0.042165759526220384,-7.010100656629204e-17,-0.0009528531292844586,-0.17791341576012298
1770338570.6300898,1.2376681260502325,0.0,0.020000000000382646,1.2522617071008675,0.0,0.08789880771756178,0.15625000000000003,0.04849340527876361,0.042165759526220384,-5.300961356513276e-17,-0.0007305521358128139,-0.17772038593036382
1770338571.0531287,1.2376681260502325,0.0,0.02000000000031377,1.2522617071008675,0.0,0.08789880771756178,0.15625000000000003,0.04849340527876361,0.042165759526220384,-4.137452911066361e-17,-0.0006857373241924453,-0.1776802299063685
1770338571.468749,1.2376681260502325,0.0,0.02000000000025729,1.2522617071008675,0.0,0.08789880771756178,0.15625000000000003,0.04849340527876361,0.042165759526220384,-2.9520097603825223e-17,-0.0009542186990313641,-0.17783683725010982
1770338571.8822186,1.2376681260502325,0.0,0.020000000000210977,1.2522617071008675,0.0,0.08789880771756178,0.15625000000000003,0.04849340527876361,0.042165759526220384,-2.445385586734474e-17,-0.0001355001162714901,-0.17748250167952198
1770338572.296226,1.2376681260502325,0.0,0.020000000000173,1.2522617071008675,0.0,0.08789880771756178,0.15625000000000003,0.04849340527876361,0.042165759526220384,-1.885855511740994e-17,0.0006122415413945416,-0.17710153315817959
1770338572.7194037,1.2376681260502325,0.0,0.02000000000014186,1.2522617071008675,0.0,0.08789880771756178,0.15625000000000003,0.04849340527876361,0.042165759526220384,-1.431230372021928e-17,-6.279816434094946e-05,-0.17743178281585428
1770338573.1420627,1.2376681260502325,0.0,0.020000000000116324,1.2522617071008675,0.0,0.08789880771756178,0.15625000000000003,0.04849340527876361,0.042165759526220384,-1.0936364466285793e-17,-0.001026034325064824,-0.17794222054171502
1770338573.5551448,1.2376681260502325,0.0,0.020000000000095386,1.2522617071008675,0.0,0.08789880771756178,0.15625000000000003,0.04849340527876361,0.042165759526220384,-7.456363282379082e-18,-0.000570914298772491,-0.17766384891512568
1770338573.9672909,1.2376681260502325,0.0,0.020000000000078216,1.2522617071008675,0.0,0.08789880771756178,0.15625000000000003,0.04849340527876361,0.042165759526220384,-6.217880452352622e-18,-0.0003851797125186551,-0.17754404307799493
1770338574.3995225,1.2376681260502325,0.0,0.020000000000064137,1.2522617071008675,0.0,0.08789880771756178,0.15625000000000003,0.04849340527876361,0.042165759526220384,-5.116843969331468e-18,0.00035163380113757963,-0.17723074421390705
1770338574.8199718,1.2376681260502325,0.0,0.020000000000052594,1.2522617071008675,0.0,0.08789880771756178,0.15625000000000003,0.04849340527876361,0.042165759526220384,-3.775079999723402e-18,-0.00021228049909921844,-0.1774954114426835
1770338575.229773,1.2376681260502325,0.0,0.020000000000043126,1.2522617071008675,0.0,0.08789880771756178,0.15625000000000003,0.04849340527876361,0.042165759526220384,-2.9115426065282253e-18,-0.00025925679485119135,-0.17746720579011102
1770338575.6416273,1.2376681260502325,0.0,0.020000000000035364,1.2522617071008675,0.0,0.08789880771756178,0.15625000000000003,0.04849340527876361,0.042165759526220384,-2.2569484653463844e-18,0.00014804596950193405,-0.17729958705479457
1770338576.0557828,1.2376681260502325,0.0,0.020000000000028998,1.2522617071008675,0.0,0.08789880771756178,0.15625000000000003,0.04849340527876361,0.042165759526220384,-1.7488397327200975e-18,0.0007015589294093037,-0.1770374515943963
1770338576.4859416,1.2376681260502325,0.0,0.02000000000002378,1.2522617071008675,0.0,0.08789880771756178,0.15625000000000003,0.04849340527876361,0.042165759526220384,-1.3361789482799236e-18,0.0009030115082145876,-0.17690151926688344
1770338576.9032013,1.2376681260502325,0.0,0.0200000000000195,1.2522617071008675,0.0,0.08789880771756178,0.15625000000000003,0.04849340527876361,0.042165759526220384,-1.0133050178689761e-18,0.000362692562403551,-0.17720556537648954
1770338577.315234,1.2376681260502325,0.0,0.020000000000015988,1.2522617071008675,0.0,0.08789880771756178,0.15625000000000003,0.04849340527876361,0.042165759526220384,-7.887710006297328e-19,0.000898839484058646,-0.1769370747132464
1770338577.728417,1.2376681260502325,0.0,0.02000000000001311,1.2522617071008675,0.0,0.08789880771756178,0.15625000000000003,0.04849340527876361,0.042165759526220384,-6.122939087273189e-19,-0.00018018926526548913,-0.17753087727067537
1770338578.1520584,1.2376681260502325,0.0,0.020000000000010752,1.2522617071008675,0.0,0.08789880771756178,0.15625000000000003,0.04849340527876361,0.042165759526220384,-4.523383978041135e-19,0.0009755088549503732,-0.17696069514765664
1770338578.567055,1.2376681260502325,0.0,0.020000000000008816,1.2522617071008675,0.0,0.08789880771756178,0.15625000000000003,0.04849340527876361,0.042165759526220384,-3.5939850764458376e-19,-0.00015316904736720384,-0.17752233207702559
1770338578.9820218,1.2376681260502325,0.0,0.02000000000000723,1.2522617071008675,0.0,0.08789880771756178,0.15625000000000003,0.04849340527876361,0.042165759526220384,-2.552525133399425e-19,-0.00017816645289846022,-0.1774244627301126
1770338579.4082873,1.2376681260502325,0.0,0.02000000000000593,1.2522617071008675,0.0,0.08789880771756178,0.15625000000000003,0.04849340527876361,0.042165759526220384,-2.1067506176617428e-19,-7.837754945348632e-05,-0.17738204742818145
1770338579.8207512,1.2376681260502325,0.0,0.02000000000000486,1.2522617071008675,0.0,0.08789880771756178,0.15625000000000003,0.04849340527876361,0.042165759526220384,-1.6025405264883679e-19,-0.00012236421335231755,-0.17739846053617625
1770338580.2629366,1.2376681260502325,0.0,0.020000000000003987,1.2522617071008675,0.0,0.08789880771756178,0.15625000000000003,0.04849340527876361,0.042165759526220384,-1.209982573138248e-19,-0.0010371203613182148,-0.17794291555856592
1770338580.676956,1.2376681260502325,0.0,0.02000000000000327,1.2522617071008675,0.0,0.08789880771756178,0.15625000000000003,0.04849340527876361,0.042165759526220384,-9.453134918311657e-20,-0.0007344044864287346,-0.17773035359381353
1770338581.097649,1.2376681260502325,0.0,0.02000000000000268,1.2522617071008675,0.0,0.08789880771756178,0.15625000000000003,0.04849340527876361,0.042165759526220384,-7.371948272445124e-20,-0.0004552929734350328,-0.17758843740112712
1770338581.5247197,1.2376681260502325,0.0,0.020000000000002197,1.2522617071008675,0.0,0.08789880771756178,0.15625000000000003,0.04849340527876361,0.042165759526220384,-5.61885568249144e-20,-0.000939480404843219,-0.17785103870867264
1770338581.945366,1.2376681260502325,0.0,0.0200000000000018,1.2522617071008675,0.0,0.08789880771756178,0.15625000000000003,0.04849340527876361,0.042165759526220384,-4.2500021035302136e-20,-0.00037159337939446,-0.17757546515535233
1770338582.359692,1.2376681260502325,0.0,0.02000000000000148,1.2522617071008675,0.0,0.08789880771756178,0.15625000000000003,0.04849340527876361,0.042165759526220384,-3.117120590451013e-20,0.0007468760755076544,-0.1770712886708466
1770338582.7717085,1.2376681260502325,0.0,0.02000000000000121,1.2522617071008675,0.0,0.08789880771756178,0.15625000000000003,0.04849340527876361,0.042165759526220384,-2.553335373382202e-20,0.0005427985236005433,-0.17708188825650067
1770338583.1904593,1.2376681260502325,0.0,0.020000000000000993,1.2522617071008675,0.0,0.08789880771756178,0.15625000000000003,0.04849340527876361,0.042165759526220384,-1.9329813631739294e-20,-0.00024044198085330145,-0.17753142480398226
1770338583.6079483,1.2376681260502325,0.0,0.020000000000000816,1.2522617071008675,0.0,0.08789880771756178,0.15625000000000003,0.04849340527876361,0.042165759526220384,-1.5003808898863217e-20,0.00018403755858361476,-0.17728330893776212
1770338584.0243766,1.2376681260502325,0.0,0.02000000000000067,1.2522617071008675,0.0,0.08789880771756178,0.15625000000000003,0.04849340527876361,0.042165759526220384,-1.155424973762347e-20,0.0008066709751312947,-0.17699180761719935
1770338584.4556596,1.2376681260502325,0.0,0.02000000000000055,1.2522617071008675,0.0,0.08789880771756178,0.15625000000000003,0.04849340527876361,0.042165759526220384,-8.804262410247812e-21,-3.3038471379412925e-05,-0.177433369943451
1770338584.8685768,1.2376681260502325,0.0,0.02000000000000045,1.2522617071008675,0.0,0.08789880771756178,0.15625000000000003,0.04849340527876361,0.042165759526220384,-6.656131966115123e-21,0.0001533770027482919,-0.17727483280914885
1770338585.2816339,1.2376681260502325,0.0,0.02000000000000037,1.2522617071008675,0.0,0.08789880771756178,0.15625000000000003,0.04849340527876361,0.042165759526220384,-5.15947848174104e-21,-0.0007924214690401415,-0.17782367034480914
1770338585.6999214,1.2376681260502325,0.0,0.020000000000000306,1.2522617071008675,0.0,0.08789880771756178,0.15625000000000003,0.04849340527876361,0.042165759526220384,-3.900510963014916e-21,8.733006709932668e-05,-0.1773771898831745
1770338586.112244,1.2376681260502325,0.0,0.02000000000000025,1.2522617071008675,0.0,0.08789880771756178,0.15625000000000003,0.04849340527876361,0.042165759526220384,-2.705117457800283e-21,-0.0005791673804571402,-0.17768911319809444
1770338586.5326328,1.2376681260502325,0.0,0.020000000000000205,1.2522617071008675,0.0,0.08789880771756178,0.15625000000000003,0.04849340527876361,0.042165759526220384,-2.354628394343006e-21,-0.0006155622377217456,-0.17764430036769754
1770338586.9585042,1.2376681260502325,0.0,0.020000000000000167,1.2522617071008675,0.0,0.08789880771756178,0.15625000000000003,0.04849340527876361,0.042165759526220384,-1.782655713861732e-21,-0.0009267622700289728,-0.17782738090135541
1770338587.394249,1.2376681260502325,0.0,0.020000000000000136,1.2522617071008675,0.0,0.08789880771756178,0.15625000000000003,0.04849340527876361,0.042165759526220384,-1.3481451889917384e-21,-0.0003362386127559614,-0.1775600514352155
1770338587.8227096,1.2376681260502325,0.0,0.02000000000000011,1.2522617071008675,0.0,0.08789880771756178,0.15625000000000003,0.04849340527876361,0.042165759526220384,-1.0079623641623957e-21,0.00012855092634346912,-0.17731508325384843
1770338588.2467487,1.2376681260502325,0.0,0.02000000000000009,1.2522617071008675,0.0,0.08789880771756178,0.15625000000000003,0.04849340527876361,0.042165759526220384,-7.942684478454003e-22,-0.0002109504941212449,-0.17747230515221732
1770338588.6844597,1.2376681260502325,0.0,0.020000000000000073,1.2522617071008675,0.0,0.08789880771756178,0.15625000000000003,0.04849340527876361,0.042165759526220384,-5.976372249248635e-22,-0.0006944655705253314,-0.17772846405601328
1770338589.0989296,1.2376681260502325,0.0,0.02000000000000006,1.2522617071008675,0.0,0.08789880771756178,0.15625000000000003,0.04849340527876361,0.042165759526220384,-4.544067025816679e-22,-0.00023006548522269086,-0.17749435251425183
1770338589.515373,1.2376681260502325,0.0,0.02000000000000005,1.2522617071008675,0.0,0.08789880771756178,0.15625000000000003,0.04849340527876361,0.042165759526220384,-3.3415858922350605e-22,-0.00020881660832305527,-0.1774394129549617
1770338589.9297063,1.2376681260502325,0.0,0.02000000000000004,1.2522617071008675,0.0,0.08789880771756178,0.15625000000000003,0.04849340527876361,0.042165759526220384,-2.7665030992312207e-22,0.00013106369501319945,-0.17730133594593725
1770338590.3446803,1.2376681260502325,0.0,0.02000000000000003,1.2522617071008675,0.0,0.08789880771756178,0.15625000000000003,0.04849340527876361,0.042165759526220384,-1.8849489126905797e-22,8.701284323377623e-06,-0.1773407653620175
1770338590.7562664,1.2376681260502325,0.0,0.020000000000000025,1.2522617071008675,0.0,0.08789880771756178,0.15625000000000003,0.04849340527876361,0.042165759526220384,-1.4736684008822186e-22,2.0325706170695127e-05,-0.1773238793522096
1770338591.1757834,1.2376681260502325,0.0,0.02000000000000002,1.2522617071008675,0.0,0.08789880771756178,0.15625000000000003,0.04849340527876361,0.042165759526220384,-1.2110361123516653e-22,0.00024090208850859502,-0.17723448635708972
1770338591.5916708,1.2376681260502325,0.0,0.020000000000000018,1.2522617071008675,0.0,0.08789880771756178,0.15625000000000003,0.04849340527876361,0.042165759526220384,-9.662849968312263e-23,0.0002832302606377403,-0.17719549745000424
1770338592.0190406,1.2376681260502325,0.0,0.020000000000000014,1.2522617071008675,0.0,0.08789880771756178,0.15625000000000003,0.04849340527876361,0.042165759526220384,-7.218395777548968e-23,0.0003528907471717914,-0.17716340043817774
1770338592.441071,1.2376681260502325,0.0,0.02000000000000001,1.2522617071008675,0.0,0.08789880771756178,0.15625000000000003,0.04849340527876361,0.042165759526220384,-5.359078901689708e-23,-0.0011136754104283555,-0.1780363740840844
1770338592.861133,1.2376681260502325,0.0,0.020000000000000007,1.2522617071008675,0.0,0.08789880771756178,0.15625000000000003,0.04849340527876361,0.042165759526220384,-4.381179526136145e-23,0.000542916033008753,-0.17722708089094955
1770338593.2933578,1.2376681260502325,0.0,0.020000000000000007,1.2522617071008675,0.0,0.08789880771756178,0.15625000000000003,0.04849340527876361,0.042165759526220384,-3.3221055045200193e-23,-0.0005650914316207259,-0.17772622622538353
1770338593.7100961,1.2376681260502325,0.0,0.020000000000000007,1.2522617071008675,0.0,0.08789880771756178,0.15625000000000003,0.04849340527876361,0.042165759526220384,-2.3752448794435435e-23,-0.00028067457488629126,-0.1775016587362268
1770338594.1347852,1.2376681260502325,0.0,0.020000000000000007,1.2522617071008675,0.0,0.08789880771756178,0.15625000000000003,0.04849340527876361,0.042165759526220384,-1.932892609650285e-23,-0.0005011831593237398,-0.17760552220121584
1770338594.54779,1.2376681260502325,0.0,0.020000000000000007,1.2522617071008675,0.0,0.08789880771756178,0.15625000000000003,0.04849340527876361,0.042165759526220384,-1.453920773109826e-23,-0.00040841735456754135,-0.1775463650208696
1770338594.9667873,1.2376681260502325,0.0,0.020000000000000007,1.2522617071008675,0.0,0.08789880771756178,0.15625000000000003,0.04849340527876361,0.042165759526220384,-1.0799736802030601e-23,-0.0006430275103539232,-0.17767785453386584
1770338595.397847,1.2376681260502325,0.0,0.020000000000000007,1.2522617071008675,0.0,0.08789880771756178,0.15625000000000003,0.04849340527876361,0.042165759526220384,-7.335446173573085e-24,-0.0004425215523616173,-0.17757419113509026
1770338595.8224807,1.2376681260502325,0.0,0.020000000000000007,1.2522617071008675,0.0,0.08789880771756178,0.15625000000000003,0.04849340527876361,0.042165759526220384,-6.173862621841942e-24,-0.001053134536208194,-0.17792050832959896
1770338596.241539,1.2376681260502325,0.0,0.020000000000000007,1.2522617071008675,0.0,0.08789880771756178,0.15625000000000003,0.04849340527876361,0.042165759526220384,-4.794639017803043e-24,-0.00020185666938991648,-0.177518935884487
1770338596.6707778,1.2376681260502325,0.0,0.020000000000000007,1.2522617071008675,0.0,0.08789880771756178,0.15625000000000003,0.04849340527876361,0.042165759526220384,-3.808722667665483e-24,-0.00015786979074488186,-0.17741621334634716
1770338597.092096,1.2376681260502325,0.0,0.020000000000000007,1.2522617071008675,0.0,0.08789880771756178,0.15625000000000003,0.04849340527876361,0.042165759526220384,-2.8043328499563562e-24,0.0002225013774639677,-0.17725966619119912
1770338597.5138676,1.2376681260502325,0.0,0.020000000000000007,1.2522617071008675,0.0,0.08789880771756178,0.15625000000000003,0.04849340527876361,0.042165759526220384,-2.26198700637073e-24,0.0002257499919953334,-0.17722032962856568
1770338597.9336898,1.2376681260502325,0.0,0.020000000000000007,1.2522617071008675,0.0,0.08789880771756178,0.15625000000000003,0.04849340527876361,0.042165759526220384,-1.7573956142145228e-24,0.000760323630304955,-0.17700617531178872
1770338598.3465703,1.2376681260502325,0.0,0.020000000000000007,1.2522617071008675,0.0,0.08789880771756178,0.15625000000000003,0.04849340527876361,0.042165759526220384,-1.2703466189442853e-24,0.0010644446344443867,-0.17683106954630196
1770338598.7661889,1.2376681260502325,0.0,0.020000000000000007,1.2522617071008675,0.0,0.08789880771756178,0.15625000000000003,0.04849340527876361,0.042165759526220384,-9.875869407731406e-25,-0.00040231244123725896,-0.177680711691297
1770338599.2225027,1.2376681260502325,0.0,0.020000000000000007,1.2522617071008675,0.0,0.08789880771756178,0.15625000000000003,0.04849340527876361,0.042165759526220384,-7.290136194955527e-25,-8.712301900492102e-05,-0.1774079602148359
1770338599.635979,1.2376681260502325,0.0,0.020000000000000007,1.2522617071008675,0.0,0.08789880771756178,0.15625000000000003,0.04849340527876361,0.042165759526220384,-5.655319914984759e-25,-0.0003217935836731021,-0.1775172436114136
1770338600.0626225,1.2376681260502325,0.0,0.020000000000000007,1.2522617071008675,0.0,0.08789880771756178,0.15625000000000003,0.04849340527876361,0.042165759526220384,-4.274387039323178e-25,-0.0006301224860605474,-0.17767877389637926
1770338600.4849865,1.2376681260502325,0.0,0.020000000000000007,1.2522617071008675,0.0,0.08789880771756178,0.15625000000000003,0.04849340527876361,0.042165759526220384,-3.301957056916845e-25,-0.0005789506402582224,-0.17762747226781958
1770338600.912426,1.2376681260502325,0.0,0.020000000000000007,1.2522617071008675,0.0,0.08789880771756178,0.15625000000000003,0.04849340527876361,0.042165759526220384,-2.5053281686118486e-25,-0.00012360627548764773,-0.1774402173373311
1770338601.323325,1.2376681260502325,0.0,0.020000000000000007,1.2522617071008675,0.0,0.08789880771756178,0.15625000000000003,0.04849340527876361,0.042165759526220384,-1.9403126643597173e-25,-0.000649947108421261,-0.1777104874006142
1770338601.7724147,1.2376681260502325,0.0,0.020000000000000007,1.2522617071008675,0.0,0.08789880771756178,0.15625000000000003,0.04849340527876361,0.042165759526220384,-1.4734647343434042e-25,-0.0006481865136338309,-0.17765714907940588
1770338602.2033381,1.2376681260502325,0.0,0.020000000000000007,1.2522617071008675,0.0,0.08789880771756178,0.15625000000000003,0.04849340527876361,0.042165759526220384,-1.078284461673285e-25,-0.00029224745022296214,-0.1775145973945628
1770338602.620642,1.2376681260502325,0.0,0.020000000000000007,1.2522617071008675,0.0,0.08789880771756178,0.15625000000000003,0.04849340527876361,0.042165759526220384,-8.035956109222408e-26,0.0001327635931501536,-0.17730899907087247
1770338603.0399716,1.2376681260502325,0.0,0.020000000000000007,1.2522617071008675,0.0,0.08789880771756178,0.15625000000000003,0.04849340527876361,0.042165759526220384,-5.873838176622313e-26,-0.0002900255074858081,-0.1775201714269167
1770338603.4645927,1.2376681260502325,0.0,0.020000000000000007,1.2522617071008675,0.0,0.08789880771756178,0.15625000000000003,0.04849340527876361,0.042165759526220384,-4.971066445138643e-26,-0.00047518854084620493,-0.17758899033686937
1770338603.9089017,1.2376681260502325,0.0,0.020000000000000007,1.2522617071008675,0.0,0.08789880771756178,0.15625000000000003,0.04849340527876361,0.042165759526220384,-3.868335022279455e-26,-0.0002774248574904341,-0.17749136856019102
1770338604.325412,1.2376681260502325,0.0,0.020000000000000007,1.2522617071008675,0.0,0.08789880771756178,0.15625000000000003,0.04849340527876361,0.042165759526220384,-2.907362153476302e-26,-0.00030359220599019787,-0.17748729260095528
1770338604.7373233,1.2376681260502325,0.0,0.020000000000000007,1.2522617071008675,0.0,0.08789880771756178,0.15625000000000003,0.04849340527876361,0.042165759526220384,-2.265918452927169e-26,-0.0005579806819319233,-0.17763730895167035
1770338605.1511714,1.2376681260502325,0.0,0.020000000000000007,1.2522617071008675,0.0,0.08789880771756178,0.15625000000000003,0.04849340527876361,0.042165759526220384,-1.701778090368329e-26,-0.0002910833911453478,-0.17750511118776155
1770338605.5672195,1.2376681260502325,0.0,0.020000000000000007,1.2522617071008675,0.0,0.08789880771756178,0.15625000000000003,0.04849340527876361,0.042165759526220384,-1.3133211410204433e-26,-0.00030730755734454697,-0.1774881559584024
1770338605.9762878,1.2376681260502325,0.0,0.020000000000000007,1.2522617071008675,0.0,0.08789880771756178,0.15625000000000003,0.04849340527876361,0.042165759526220384,-1.0336313624026633e-26,0.0003460090115584171,-0.1772252069142213
1770338606.396071,1.2376681260502325,0.0,0.020000000000000007,1.2522617071008675,0.0,0.08789880771756178,0.15625000000000003,0.04849340527876361,0.042165759526220384,-7.867656894122411e-27,0.0007262000355497354,-0.1770077988477345
1770338606.812425,1.2376681260502325,0.0,0.020000000000000007,1.2522617071008675,0.0,0.08789880771756178,0.15625000000000003,0.04849340527876361,0.042165759526220384,-6.120864371747538e-27,0.00012676317104772162,-0.17732944186403657
1770338607.2443645,1.2376681260502325,0.0,0.020000000000000007,1.2522617071008675,0.0,0.08789880771756178,0.15625000000000003,0.04849340527876361,0.042165759526220384,-4.636385186543786e-27,-4.1230073413463415e-05,-0.17737029412426308
1770338607.6552577,1.2376681260502325,0.0,0.020000000000000007,1.2522617071008675,0.0,0.08789880771756178,0.15625000000000003,0.04849340527876361,0.042165759526220384,-3.596216847979904e-27,0.0002896348940477648,-0.17722114881283246
1770338608.0742068,1.2376681260502325,0.0,0.020000000000000007,1.2522617071008675,0.0,0.08789880771756178,0.15625000000000003,0.04849340527876361,0.042165759526220384,-2.69869728742278e-27,0.00047143973119214365,-0.1771153403812286
1770338608.4873056,1.2376681260502325,0.0,0.020000000000000007,1.2522617071008675,0.0,0.08789880771756178,0.15625000000000003,0.04849340527876361,0.042165759526220384,-2.1137630600470977e-27,0.00020165000828621497,-0.1772590337312577
1770338608.900783,1.2376681260502325,0.0,0.020000000000000007,1.2522617071008675,0.0,0.08789880771756178,0.15625000000000003,0.04849340527876361,0.042165759526220384,-1.5993763491906116e-27,0.000892106062606373,-0.17695587233723906
1770338609.3134236,1.2376681260502325,0.0,0.020000000000000007,1.2522617071008675,0.0,0.08789880771756178,0.15625000000000003,0.04849340527876361,0.042165759526220384,-1.2362715126018e-27,0.0006103353583548394,-0.17705588915435796
1770338609.7258594,1.2376681260502325,0.0,0.020000000000000007,1.2522617071008675,0.0,0.08789880771756178,0.15625000000000003,0.04849340527876361,0.042165759526220384,-9.628726422592936e-28,-0.00020664354086686454,-0.17751789942346582
1770338610.146014,1.2376681260502325,0.0,0.020000000000000007,1.2522617071008675,0.0,0.08789880771756178,0.15625000000000003,0.04849340527876361,0.042165759526220384,-7.237514122758187e-28,0.00024361106454492612,-0.17725609969137895
1770338610.5593407,1.2376681260502325,0.0,0.020000000000000007,1.2522617071008675,0.0,0.08789880771756178,0.15625000000000003,0.04849340527876361,0.042165759526220384,-5.6441513391467925e-28,-0.0002926123434843175,-0.1775328082756553
1770338610.9723516,1.2376681260502325,0.0,0.020000000000000007,1.2522617071008675,0.0,0.08789880771756178,0.15625000000000003,0.04849340527876361,0.042165759526220384,-4.381176648261556e-28,-0.0007557248554234597,-0.17775705344201587
1770338611.4008276,1.2376681260502325,0.0,0.020000000000000007,1.2522617071008675,0.0,0.08789880771756178,0.15625000000000003,0.04849340527876361,0.042165759526220384,-3.1335591211545065e-28,-0.0006063482743789634,-0.17765099155840416
1770338611.8244414,1.2376681260502325,0.0,0.020000000000000007,1.2522617071008675,0.0,0.08789880771756178,0.15625000000000003,0.04849340527876361,0.042165759526220384,-2.5103565504201837e-28,-0.00031654253023463854,-0.177520131602642
1770338612.2456584,1.2376681260502325,0.0,0.020000000000000007,1.2522617071008675,0.0,0.08789880771756178,0.15625000000000003,0.04849340527876361,0.042165759526220384,-1.9472579963363263e-28,-0.0005928776580071376,-0.17765695210489102
1770338612.6623862,1.2376681260502325,0.0,0.020000000000000007,1.2522617071008675,0.0,0.08789880771756178,0.15625000000000003,0.04849340527876361,0.042165759526220384,-1.473422151024138e-28,-0.00074073053364567,-0.17771803031749692
1770338613.1061146,1.2376681260502325,0.0,0.020000000000000007,1.2522617071008675,0.0,0.08789880771756178,0.15625000000000003,0.04849340527876361,0.042165759526220384,-1.1417679981864825e-28,-0.0008223265662196186,-0.17775220264947741
1770338613.527496,1.2376681260502325,0.0,0.020000000000000007,1.2522617071008675,0.0,0.08789880771756178,0.15625000000000003,0.04849340527876361,0.042165759526220384,-8.643601209738792e-29,-0.00026624273969452127,-0.17752160951561
1770338613.93646,1.2376681260502325,0.0,0.020000000000000007,1.2522617071008675,0.0,0.08789880771756178,0.15625000000000003,0.04849340527876361,0.042165759526220384,-6.723608477237889e-29,-0.000430469235321371,-0.1775645370303336
1770338614.3515656,1.2376681260502325,0.0,0.020000000000000007,1.2522617071008675,0.0,0.08789880771756178,0.15625000000000003,0.04849340527876361,0.042165759526220384,-4.82399674944895e-29,-0.0004783391929175504,-0.17757683635532862
1770338614.7661583,1.2376681260502325,0.0,0.020000000000000007,1.2522617071008675,0.0,0.08789880771756178,0.15625000000000003,0.04849340527876361,0.042165759526220384,-3.9724893728307035e-29,-0.00043879766082171765,-0.17755623274673066
1770338615.176308,1.2376681260502325,0.0,0.020000000000000007,1.2522617071008675,0.0,0.08789880771756178,0.15625000000000003,0.04849340527876361,0.042165759526220384,-2.915373894823118e-29,0.0003952280349595544,-0.17721866831520855
1770338615.5894337,1.2376681260502325,0.0,0.020000000000000007,1.2522617071008675,0.0,0.08789880771756178,0.15625000000000003,0.04849340527876361,0.042165759526220384,-2.3426940909253444e-29,0.00015538913266661952,-0.1772791690870062
1770338616.0022466,1.2376681260502325,0.0,0.020000000000000007,1.2522617071008675,0.0,0.08789880771756178,0.15625000000000003,0.04849340527876361,0.042165759526220384,-1.8151138615088048e-29,4.251887138624459e-05,-0.17732290735354514
1770338616.4182465,1.2376681260502325,0.0,0.020000000000000007,1.2522617071008675,0.0,0.08789880771756178,0.15625000000000003,0.04849340527876361,0.042165759526220384,-1.3734277033947825e-29,-0.00025550195374486086,-0.17749043282249574
1770338616.832358,1.2376681260502325,0.0,0.020000000000000007,1.2522617071008675,0.0,0.08789880771756178,0.15625000000000003,0.04849340527876361,0.042165759526220384,-1.0400943632571702e-29,0.00018906827298271358,-0.1772828026492916
1770338617.252638,1.2376681260502325,0.0,0.020000000000000007,1.2522617071008675,0.0,0.08789880771756178,0.15625000000000003,0.04849340527876361,0.042165759526220384,-8.265330079055918e-30,0.0006361985623031603,-0.1770594935108907
1770338617.677565,1.2376681260502325,0.0,0.020000000000000007,1.2522617071008675,0.0,0.08789880771756178,0.15625000000000003,0.04849340527876361,0.042165759526220384,-6.327598494181546e-30,0.0009586533201275849,-0.17688579857882888
1770338618.102437,1.2376681260502325,0.0,0.020000000000000007,1.2522617071008675,0.0,0.08789880771756178,0.15625000000000003,0.04849340527876361,0.042165759526220384,-4.547053698843911e-30,0.00043314469295558235,-0.1771688582793496
1770338618.5154657,1.2376681260502325,0.0,0.020000000000000007,1.2522617071008675,0.0,0.08789880771756178,0.15625000000000003,0.04849340527876361,0.042165759526220384,-3.764510766921815e-30,0.0003754059507933838,-0.17715095066192973
1770338618.9283187,1.2376681260502325,0.0,0.020000000000000007,1.2522617071008675,0.0,0.08789880771756178,0.15625000000000003,0.04849340527876361,0.042165759526220384,-2.9204230796247113e-30,-6.53104205062114e-05,-0.1774096066104933
1770338619.3530176,1.2376681260502325,0.0,0.020000000000000007,1.2522617071008675,0.0,0.08789880771756178,0.15625000000000003,0.04849340527876361,0.042165759526220384,-2.2127086716284113e-30,8.409191897734515e-05,-0.1773057740375699
1770338619.7858768,1.2376681260502325,0.0,0.020000000000000007,1.2522617071008675,0.0,0.08789880771756178,0.15625000000000003,0.04849340527876361,0.042165759526220384,-1.674089609365131e-30,0.000755354207383841,-0.17702232888825895
1770338620.1959522,1.2376681260502325,0.0,0.020000000000000007,1.2522617071008675,0.0,0.08789880771756178,0.15625000000000003,0.04849340527876361,0.042165759526220384,-1.2293804920221144e-30,0.0001897438521898568,-0.1772945688725347
1770338620.613929,1.2376681260502325,0.0,0.020000000000000007,1.2522617071008675,0.0,0.08789880771756178,0.15625000000000003,0.04849340527876361,0.042165759526220384,-1.0076709924514213e-30,-0.00013777649682355402,-0.17743452004642332
1770338621.0438206,1.2376681260502325,0.0,0.020000000000000007,1.2522617071008675,0.0,0.08789880771756178,0.15625000000000003,0.04849340527876361,0.042165759526220384,-7.625569498111827e-31,-0.001009181800792602,-0.17792461119390343
1770338621.4635167,1.2376681260502325,0.0,0.020000000000000007,1.2522617071008675,0.0,0.08789880771756178,0.15625000000000003,0.04849340527876361,0.042165759526220384,-5.924325281331366e-31,-0.0011193778290424067,-0.1779035882804564
1770338621.883599,1.2376681260502325,0.0,0.020000000000000007,1.2522617071008675,0.0,0.08789880771756178,0.15625000000000003,0.04849340527876361,0.042165759526220384,-4.481478597314818e-31,-0.0008276299318169581,-0.17777586951874125
1770338622.3039358,1.2376681260502325,0.0,0.020000000000000007,1.2522617071008675,0.0,0.08789880771756178,0.15625000000000003,0.04849340527876361,0.042165759526220384,-3.139593071861666e-31,-6.107236929352481e-06,-0.17741808565106365
1770338622.7153862,1.2376681260502325,0.0,0.020000000000000007,1.2522617071008675,0.0,0.08789880771756178,0.15625000000000003,0.04849340527876361,0.042165759526220384,-2.495393235808036e-31,-0.00021668347114435819,-0.1774622791221039
1770338623.1335266,1.2376681260502325,0.0,0.020000000000000007,1.2522617071008675,0.0,0.08789880771756178,0.15625000000000003,0.04849340527876361,0.042165759526220384,-2.045928354073222e-31,-0.0006919457269069447,-0.17772637885213996
1770338623.5608637,1.2376681260502325,0.0,0.020000000000000007,1.2522617071008675,0.0,0.08789880771756178,0.15625000000000003,0.04849340527876361,0.042165759526220384,-1.3102298774606183e-31,-0.0008539946017190928,-0.17777608195145098
1770338623.973036,1.2376681260502325,0.0,0.020000000000000007,1.2522617071008675,0.0,0.08789880771756178,0.15625000000000003,0.04849340527876361,0.042165759526220384,-1.1372789704854009e-31,-0.0007799164767275878,-0.17773024581397315
1770338624.3835588,1.2376681260502325,0.0,0.020000000000000007,1.2522617071008675,0.0,0.08789880771756178,0.15625000000000003,0.04849340527876361,0.042165759526220384,-8.561717452015818e-32,-0.0006767561035621177,-0.17768157385220784
1770338624.818432,1.2376681260502325,0.0,0.020000000000000007,1.2522617071008675,0.0,0.08789880771756178,0.15625000000000003,0.04849340527876361,0.042165759526220384,-6.891968084631392e-32,-0.0008648154078672879,-0.1777840933974744
1770338625.2273302,1.2376681260502325,0.0,0.020000000000000007,1.2522617071008675,0.0,0.08789880771756178,0.15625000000000003,0.04849340527876361,0.042165759526220384,-5.311373301915216e-32,0.00011749335342125475,-0.17737236396252842
1770338625.643246,1.2376681260502325,0.0,0.020000000000000007,1.2522617071008675,0.0,0.08789880771756178,0.15625000000000003,0.04849340527876361,0.042165759526220384,-4.144714682555252e-32,-0.00039672205101440766,-0.177582662329061
1770338626.0743277,1.2376681260502325,0.0,0.020000000000000007,1.2522617071008675,0.0,0.08789880771756178,0.15625000000000003,0.04849340527876361,0.042165759526220384,-3.1365144704779274e-32,0.0003314557010688686,-0.1772399696877841
1770338626.4945529,1.2376681260502325,0.0,0.020000000000000007,1.2522617071008675,0.0,0.08789880771756178,0.15625000000000003,0.04849340527876361,0.042165759526220384,-2.305215618840095e-32,0.0003636025434573308,-0.1771542931756204
1770338626.9145217,1.2376681260502325,0.0,0.020000000000000007,1.2522617071008675,0.0,0.08789880771756178,0.15625000000000003,0.04849340527876361,0.042165759526220384,-1.7331519533610385e-32,-0.0006278765174509244,-0.17774596592792652
1770338627.3400674,1.2376681260502325,0.0,0.020000000000000007,1.2522617071008675,0.0,0.08789880771756178,0.15625000000000003,0.04849340527876361,0.042165759526220384,-1.3506227757298227e-32,-0.0009090710128722863,-0.1778155347190885
1770338627.790553,1.2376681260502325,0.0,0.020000000000000007,1.2522617071008675,0.0,0.08789880771756178,0.15625000000000003,0.04849340527876361,0.042165759526220384,-1.0171552811922625e-32,0.00022341644091947288,-0.17733442028802968
1770338628.2071085,1.2376681260502325,0.0,0.020000000000000007,1.2522617071008675,0.0,0.08789880771756178,0.15625000000000003,0.04849340527876361,0.042165759526220384,-7.75571077199702e-33,0.00019742500402348883,-0.17723676640478808
1770338628.623959,1.2376681260502325,0.0,0.020000000000000007,1.2522617071008675,0.0,0.08789880771756178,0.15625000000000003,0.04849340527876361,0.042165759526220384,-5.8114205478122656e-33,-0.0006756441389622793,-0.17775800874688996
1770338629.0406735,1.2376681260502325,0.0,0.020000000000000007,1.2522617071008675,0.0,0.08789880771756178,0.15625000000000003,0.04849340527876361,0.042165759526220384,-4.5525308838953256e-33,7.833727718655574e-05,-0.17736910926613184
1770338629.4508524,1.2376681260502325,0.0,0.020000000000000007,1.2522617071008675,0.0,0.08789880771756178,0.15625000000000003,0.04849340527876361,0.042165759526220384,-3.526798763357952e-33,0.00037504119901944627,-0.1771750295557838
1770338629.8654225,1.2376681260502325,0.0,0.020000000000000007,1.2522617071008675,0.0,0.08789880771756178,0.15625000000000003,0.04849340527876361,0.042165759526220384,-2.669572604345679e-33,0.0004045013004412828,-0.17713357512303177
1770338630.2879522,1.2376681260502325,0.0,0.020000000000000007,1.2522617071008675,0.0,0.08789880771756178,0.15625000000000003,0.04849340527876361,0.042165759526220384,-2.072800115763314e-33,0.000310725554243007,-0.17718689456060854
1770338630.7175844,1.2376681260502325,0.0,0.020000000000000007,1.2522617071008675,0.0,0.08789880771756178,0.15625000000000003,0.04849340527876361,0.042165759526220384,-1.5692889216724964e-33,0.0013308357320255453,-0.1767694729148757
1770338631.1310003,1.2376681260502325,0.0,0.020000000000000007,1.2522617071008675,0.0,0.08789880771756178,0.15625000000000003,0.04849340527876361,0.042165759526220384,-1.2200922558065028e-33,0.00017231557958311558,-0.17736257398856292
1770338631.5444787,1.2376681260502325,0.0,0.020000000000000007,1.2522617071008675,0.0,0.08789880771756178,0.15625000000000003,0.04849340527876361,0.042165759526220384,-9.227718964516436e-34,0.00021971798733314303,-0.17722776101021867
1770338631.9665582,1.2376681260502325,0.0,0.020000000000000007,1.2522617071008675,0.0,0.08789880771756178,0.15625000000000003,0.04849340527876361,0.042165759526220384,-7.137331387967929e-34,-0.00031803054635526595,-0.1775456698896567
1770338632.3959618,1.2376681260502325,0.0,0.020000000000000007,1.2522617071008675,0.0,0.08789880771756178,0.15625000000000003,0.04849340527876361,0.042165759526220384,-5.401674147333077e-34,-0.00038795974321368006,-0.1775338525544029
1770338632.8168964,1.2376681260502325,0.0,0.020000000000000007,1.2522617071008675,0.0,0.08789880771756178,0.15625000000000003,0.04849340527876361,0.042165759526220384,-4.2274129431178e-34,0.0007376290418224019,-0.17707662412070263
1770338633.2269545,1.2376681260502325,0.0,0.020000000000000007,1.2522617071008675,0.0,0.08789880771756178,0.15625000000000003,0.04849340527876361,0.042165759526220384,-3.198656368286283e-34,-3.335955611010624e-05,-0.17742665840095853
1770338633.6474056,1.2376681260502325,0.0,0.020000000000000007,1.2522617071008675,0.0,0.08789880771756178,0.15625000000000003,0.04849340527876361,0.042165759526220384,-2.5056319970119966e-34,-8.199099454695298e-05,-0.17737873840422738
1770338634.058941,1.2376681260502325,0.0,0.020000000000000007,1.2522617071008675,0.0,0.08789880771756178,0.15625000000000003,0.04849340527876361,0.042165759526220384,-1.9410759710260055e-34,1.0814339233569887e-05,-0.1773367531268715
1770338634.5084488,1.2376681260502325,0.0,0.020000000000000007,1.2522617071008675,0.0,0.08789880771756178,0.15625000000000003,0.04849340527876361,0.042165759526220384,-1.4360468134040412e-34,0.000378108628512995,-0.17718055487778164
1770338634.9324071,1.2376681260502325,0.0,0.020000000000000007,1.2522617071008675,0.0,0.08789880771756178,0.15625000000000003,0.04849340527876361,0.042165759526220384,-1.1059514157618668e-34,0.00040127833987076904,-0.17713455756431062
1770338635.353578,1.2376681260502325,0.0,0.020000000000000007,1.2522617071008675,0.0,0.08789880771756178,0.15625000000000003,0.04849340527876361,0.042165759526220384,-8.432072356490094e-35,-0.0006580611884414948,-0.1777678443101622
1770338635.786753,1.2376681260502325,0.0,0.020000000000000007,1.2522617071008675,0.0,0.08789880771756178,0.15625000000000003,0.04849340527876361,0.042165759526220384,-6.370694807663532e-35,0.0005413387208820541,-0.17718215039360155
1770338636.2104805,1.2376681260502325,0.0,0.020000000000000007,1.2522617071008675,0.0,0.08789880771756178,0.15625000000000003,0.04849340527876361,0.042165759526220384,-4.6851942342192153e-35,0.00033169856270611435,-0.17718799449757475
1770338636.6268973,1.2376681260502325,0.0,0.020000000000000007,1.2522617071008675,0.0,0.08789880771756178,0.15625000000000003,0.04849340527876361,0.042165759526220384,-3.7538683366575317e-35,-0.00022762230974295974,-0.17750262300522662
1770338637.0469158,1.2376681260502325,0.0,0.020000000000000007,1.2522617071008675,0.0,0.08789880771756178,0.15625000000000003,0.04849340527876361,0.042165759526220384,-2.920418457648832e-35,-0.0003881571589201298,-0.177543011827488
1770338637.4612875,1.2376681260502325,0.0,0.020000000000000007,1.2522617071008675,0.0,0.08789880771756178,0.15625000000000003,0.04849340527876361,0.042165759526220384,-2.207302304507586e-35,-0.0003573531978086948,-0.1775146367581257
1770338637.8752692,1.2376681260502325,0.0,0.020000000000000007,1.2522617071008675,0.0,0.08789880771756178,0.15625000000000003,0.04849340527876361,0.042165759526220384,-1.722876871120685e-35,-0.00013136800699956313,-0.1774211622856909
1770338638.3149068,1.2376681260502325,0.0,0.020000000000000007,1.2522617071008675,0.0,0.08789880771756178,0.15625000000000003,0.04849340527876361,0.042165759526220384,-1.304933803242258e-35,-0.000585660206044466,-0.17767113908603696
1770338638.737928,1.2376681260502325,0.0,0.020000000000000007,1.2522617071008675,0.0,0.08789880771756178,0.15625000000000003,0.04849340527876361,0.042165759526220384,-9.886588146444109e-36,-0.0004463348354542429,-0.17756997971789637
1770338639.1555278,1.2376681260502325,0.0,0.020000000000000007,1.2522617071008675,0.0,0.08789880771756178,0.15625000000000003,0.04849340527876361,0.042165759526220384,-6.89722697789503e-36,-0.00043767375764145605,-0.17755258274971222
1770338639.5680058,1.2376681260502325,0.0,0.020000000000000007,1.2522617071008675,0.0,0.08789880771756178,0.15625000000000003,0.04849340527876361,0.042165759526220384,-5.7210477087053684e-36,-0.0007348243694129568,-0.17773000700899386
1770338639.9897032,1.2376681260502325,0.0,0.020000000000000007,1.2522617071008675,0.0,0.08789880771756178,0.15625000000000003,0.04849340527876361,0.042165759526220384,-4.576757558438353e-36,-0.0007573540261298676,-0.17771380974184683
1770338640.4111998,1.2376681260502325,0.0,0.020000000000000007,1.2522617071008675,0.0,0.08789880771756178,0.15625000000000003,0.04849340527876361,0.042165759526220384,-3.559248532767944e-36,-0.0005673598407580586,-0.1776355591020264
1770338640.8265073,1.2376681260502325,0.0,0.020000000000000007,1.2522617071008675,0.0,0.08789880771756178,0.15625000000000003,0.04849340527876361,0.042165759526220384,-2.6950298881149635e-36,-0.0005280095867852541,-0.17760081958190013
1770338641.239828,1.2376681260502325,0.0,0.020000000000000007,1.2522617071008675,0.0,0.08789880771756178,0.15625000000000003,0.04849340527876361,0.042165759526220384,-1.8662628714256077e-36,-0.00033599113708241107,-0.17752007717662172
1770338641.6719687,1.2376681260502325,0.0,0.020000000000000007,1.2522617071008675,0.0,0.08789880771756178,0.15625000000000003,0.04849340527876361,0.042165759526220384,-1.622001237201245e-36,-0.0003555166976766935,-0.17751259066800798
1770338642.0908048,1.2376681260502325,0.0,0.020000000000000007,1.2522617071008675,0.0,0.08789880771756178,0.15625000000000003,0.04849340527876361,0.042165759526220384,-1.2246376867889203e-36,-0.0009577783842159711,-0.17787199512387214
1770338642.5138614,1.2376681260502325,0.0,0.020000000000000007,1.2522617071008675,0.0,0.08789880771756178,0.15625000000000003,0.04849340527876361,0.042165759526220384,-9.288784462456525e-37,-0.0006198260533558687,-0.17767658802287414
1770338642.932131,1.2376681260502325,0.0,0.020000000000000007,1.2522617071008675,0.0,0.08789880771756178,0.15625000000000003,0.04849340527876361,0.042165759526220384,-6.388891395172109e-37,-0.0003824864337290891,-0.17754785694193745
1770338643.3454628,1.2376681260502325,0.0,0.020000000000000007,1.2522617071008675,0.0,0.08789880771756178,0.15625000000000003,0.04849340527876361,0.042165759526220384,-4.871579199067481e-37,-0.000474826308814007,-0.1775795269050257
1770338643.7572067,1.2376681260502325,0.0,0.020000000000000007,1.2522617071008675,0.0,0.08789880771756178,0.15625000000000003,0.04849340527876361,0.042165759526220384,-4.219500931059063e-37,-0.0008460298776427653,-0.17779301505881448
1770338644.2066934,1.2376681260502325,0.0,0.020000000000000007,1.2522617071008675,0.0,0.08789880771756178,0.15625000000000003,0.04849340527876361,0.042165759526220384,-3.188890690249943e-37,-0.000886313941791079,-0.1777800651404206
1770338644.6364446,1.2376681260502325,0.0,0.020000000000000007,1.2522617071008675,0.0,0.08789880771756178,0.15625000000000003,0.04849340527876361,0.042165759526220384,-2.2891286805108234e-37,-0.0005815511702537181,-0.17765413162539082
1770338645.0614007,1.2376681260502325,0.0,0.020000000000000007,1.2522617071008675,0.0,0.08789880771756178,0.15625000000000003,0.04849340527876361,0.042165759526220384,-1.8267795420089995e-37,-0.0003609426499388466,-0.17753541194011113
1770338645.4779983,1.2376681260502325,0.0,0.020000000000000007,1.2522617071008675,0.0,0.08789880771756178,0.15625000000000003,0.04849340527876361,0.042165759526220384,-1.4212091070336716e-37,0.00022793895291278033,-0.17727779844693897
1770338645.8956432,1.2376681260502325,0.0,0.020000000000000007,1.2522617071008675,0.0,0.08789880771756178,0.15625000000000003,0.04849340527876361,0.042165759526220384,-1.103453244098694e-37,8.261767101034218e-05,-0.1773061030557953
1770338646.323794,1.2376681260502325,0.0,0.020000000000000007,1.2522617071008675,0.0,0.08789880771756178,0.15625000000000003,0.04849340527876361,0.042165759526220384,-8.358672944037577e-38,-0.000349032119440896,-0.1775505608018758
1770338646.7467997,1.2376681260502325,0.0,0.020000000000000007,1.2522617071008675,0.0,0.08789880771756178,0.15625000000000003,0.04849340527876361,0.042165759526220384,-6.336783847960766e-38,-6.862284438648121e-05,-0.17739523211280891
1770338647.1602972,1.2376681260502325,0.0,0.020000000000000007,1.2522617071008675,0.0,0.08789880771756178,0.15625000000000003,0.04849340527876361,0.042165759526220384,-4.643565317794378e-38,-3.847772156036992e-06,-0.1773412811564113
1770338647.5835915,1.2376681260502325,0.0,0.020000000000000007,1.2522617071008675,0.0,0.08789880771756178,0.15625000000000003,0.04849340527876361,0.042165759526220384,-3.5239016249043455e-38,0.00017741014604908892,-0.1772623004819062
1770338648.006848,1.2376681260502325,0.0,0.020000000000000007,1.2522617071008675,0.0,0.08789880771756178,0.15625000000000003,0.04849340527876361,0.042165759526220384,-3.55409291613376e-38,-0.00017161959204205706,-0.17745359253294038
1770338648.4197814,1.2376681260502325,0.0,0.020000000000000007,1.2522617071008675,0.0,0.08789880771756178,0.15625000000000003,0.04849340527876361,0.042165759526220384,-2.1873913000233132e-38,-0.000607893249490055,-0.17768045375360003
1770338648.8681622,1.2376681260502325,0.0,0.020000000000000007,1.2522617071008675,0.0,0.08789880771756178,0.15625000000000003,0.04849340527876361,0.042165759526220384,-1.6806729036923587e-38,-0.00031762056702711353,-0.17752071731487007
1770338649.2812467,1.2376681260502325,0.0,0.020000000000000007,1.2522617071008675,0.0,0.08789880771756178,0.15625000000000003,0.04849340527876361,0.042165759526220384,-1.290102853700454e-38,-0.000411767183472338,-0.17754817801649092
1770338649.694509,1.2376681260502325,0.0,0.020000000000000007,1.2522617071008675,0.0,0.08789880771756178,0.15625000000000003,0.04849340527876361,0.042165759526220384,-8.975563837421778e-39,-0.0005917696407493499,-0.1776467648292126
1770338650.1079943,1.2376681260502325,0.0,0.020000000000000007,1.2522617071008675,0.0,0.08789880771756178,0.15625000000000003,0.04849340527876361,0.042165759526220384,-7.794517816553559e-39,-0.00016464618130296478,-0.17745791519970633
1770338650.5311277,1.2376681260502325,0.0,0.020000000000000007,1.2522617071008675,0.0,0.08789880771756178,0.15625000000000003,0.04849340527876361,0.042165759526220384,-5.581517857795735e-39,-0.0002483470031626067,-0.17746542334687748
1770338650.951147,1.2376681260502325,0.0,0.020000000000000007,1.2522617071008675,0.0,0.08789880771756178,0.15625000000000003,0.04849340527876361,0.042165759526220384,-4.4624967670292246e-39,-0.00011537283149832701,-0.1774038635960258
1770338651.3717756,1.2376681260502325,0.0,0.020000000000000007,1.2522617071008675,0.0,0.08789880771756178,0.15625000000000003,0.04849340527876361,0.042165759526220384,-3.2773902921386024e-39,-0.0007375365646346721,-0.17776386441874117
1770338651.8095071,1.2376681260502325,0.0,0.020000000000000007,1.2522617071008675,0.0,0.08789880771756178,0.15625000000000003,0.04849340527876361,0.042165759526220384,-2.6248205940793417e-39,-0.0002714043231509653,-0.17751519514883407
1770338652.234553,1.2376681260502325,0.0,0.020000000000000007,1.2522617071008675,0.0,0.08789880771756178,0.15625000000000003,0.04849340527876361,0.042165759526220384,-2.0329541728026465e-39,-0.0003991054908579621,-0.1775452026253099
1770338652.6631682,1.2376681260502325,0.0,0.020000000000000007,1.2522617071008675,0.0,0.08789880771756178,0.15625000000000003,0.04849340527876361,0.042165759526220384,-1.5064927942669146e-39,-0.0007392467178045392,-0.17773651724470715
1770338653.0917504,1.2376681260502325,0.0,0.020000000000000007,1.2522617071008675,0.0,0.08789880771756178,0.15625000000000003,0.04849340527876361,0.042165759526220384,-1.0437463073847311e-39,-0.0005279485642390896,-0.1776179838605863
1770338653.516062,1.2376681260502325,0.0,0.020000000000000007,1.2522617071008675,0.0,0.08789880771756178,0.15625000000000003,0.04849340527876361,0.042165759526220384,-8.377112030270272e-40,-0.0009013255508425377,-0.17782088023719184
1770338653.9308422,1.2376681260502325,0.0,0.020000000000000007,1.2522617071008675,0.0,0.08789880771756178,0.15625000000000003,0.04849340527876361,0.042165759526220384,-6.513029846656248e-40,-0.0007210491321789627,-0.17771143197106606
1770338654.3437552,1.2376681260502325,0.0,0.020000000000000007,1.2522617071008675,0.0,0.08789880771756178,0.15625000000000003,0.04849340527876361,0.042165759526220384,-4.919087281278998e-40,-0.00035697804159060063,-0.17754777589296436
1770338654.7569249,1.2376681260502325,0.0,0.020000000000000007,1.2522617071008675,0.0,0.08789880771756178,0.15625000000000003,0.04849340527876361,0.042165759526220384,-3.823730145806372e-40,-0.0005678146211943682,-0.17763787073166779
1770338655.175651,1.2376681260502325,0.0,0.020000000000000007,1.2522617071008675,0.0,0.08789880771756178,0.15625000000000003,0.04849340527876361,0.042165759526220384,-3.1425146697378392e-40,-0.0003075082624107465,-0.17751266453019396
1770338655.5973299,1.2376681260502325,0.0,0.020000000000000007,1.2522617071008675,0.0,0.08789880771756178,0.15625000000000003,0.04849340527876361,0.042165759526220384,-2.2552642923877852e-40,-0.00040721245829114966,-0.17754645641184383
1770338656.011349,1.2376681260502325,0.0,0.020000000000000007,1.2522617071008675,0.0,0.08789880771756178,0.15625000000000003,0.04849340527876361,0.042165759526220384,-1.7589016725698867e-40,-5.418614252394584e-05,-0.1773952754659489
1770338656.4273262,1.2376681260502325,0.0,0.020000000000000007,1.2522617071008675,0.0,0.08789880771756178,0.15625000000000003,0.04849340527876361,0.042165759526220384,-1.3144856250001156e-40,-0.0002983938518242079,-0.17750649745995237
1770338656.851639,1.2376681260502325,0.0,0.020000000000000007,1.2522617071008675,0.0,0.08789880771756178,0.15625000000000003,0.04849340527876361,0.042165759526220384,-1.025842462579179e-40,0.00013584593837073365,-0.17730838077294434
1770338657.2655463,1.2376681260502325,0.0,0.020000000000000007,1.2522617071008675,0.0,0.08789880771756178,0.15625000000000003,0.04849340527876361,0.042165759526220384,-7.795566363678461e-41,-0.0008304721355296761,-0.17784474763826508
1770338657.6854117,1.2376681260502325,0.0,0.020000000000000007,1.2522617071008675,0.0,0.08789880771756178,0.15625000000000003,0.04849340527876361,0.042165759526220384,-6.083558729683765e-41,-0.0008558961656512567,-0.177763370248948
1770338658.1001368,1.2376681260502325,0.0,0.020000000000000007,1.2522617071008675,0.0,0.08789880771756178,0.15625000000000003,0.04849340527876361,0.042165759526220384,-4.612723248517014e-41,-0.0005447162134911591,-0.17763635586507182
1770338658.5138443,1.2376681260502325,0.0,0.020000000000000007,1.2522617071008675,0.0,0.08789880771756178,0.15625000000000003,0.04849340527876361,0.042165759526220384,-3.5786683556963743e-41,0.0006921584434457641,-0.177110488007081
1770338658.9384806,1.2376681260502325,0.0,0.020000000000000007,1.2522617071008675,0.0,0.08789880771756178,0.15625000000000003,0.04849340527876361,0.042165759526220384,-2.688869559668581e-41,-0.00017571180366458583,-0.17750752268965356
1770338659.3663535,1.2376681260502325,0.0,0.020000000000000007,1.2522617071008675,0.0,0.08789880771756178,0.15625000000000003,0.04849340527876361,0.042165759526220384,-2.1012704959979056e-41,0.0008476004838720106,-0.17701141074992788
1770338659.7815418,1.2376681260502325,0.0,0.020000000000000007,1.2522617071008675,0.0,0.08789880771756178,0.15625000000000003,0.04849340527876361,0.042165759526220384,-1.631509779032907e-41,-0.0001241345530077241,-0.17749212054330207
1770338660.2031147,1.2376681260502325,0.0,0.020000000000000007,1.2522617071008675,0.0,0.08789880771756178,0.15625000000000003,0.04849340527876361,0.042165759526220384,-1.2343231769391158e-41,0.00018105359588563085,-0.17727287178005674
1770338660.6236947,1.2376681260502325,0.0,0.020000000000000007,1.2522617071008675,0.0,0.08789880771756178,0.15625000000000003,0.04849340527876361,0.042165759526220384,-9.194122772186004e-42,0.000567182019530586,-0.17708790159570942
1770338661.0457578,1.2376681260502325,0.0,0.020000000000000007,1.2522617071008675,0.0,0.08789880771756178,0.15625000000000003,0.04849340527876361,0.042165759526220384,-7.252885299387188e-42,-2.951018721921518e-05,-0.17740730407739483
1770338661.4585173,1.2376681260502325,0.0,0.020000000000000007,1.2522617071008675,0.0,0.08789880771756178,0.15625000000000003,0.04849340527876361,0.042165759526220384,-5.1426738286093996e-42,-0.0006584420628016981,-0.1777249939820693
1770338661.8859808,1.2376681260502325,0.0,0.020000000000000007,1.2522617071008675,0.0,0.08789880771756178,0.15625000000000003,0.04849340527876361,0.042165759526220384,-4.2576085067613155e-42,-0.00043277168120720353,-0.17757183264187326
1770338662.3050227,1.2376681260502325,0.0,0.020000000000000007,1.2522617071008675,0.0,0.08789880771756178,0.15625000000000003,0.04849340527876361,0.042165759526220384,-3.224364559289411e-42,-0.0006731062441971013,-0.17769346634150773
1770338662.7188609,1.2376681260502325,0.0,0.020000000000000007,1.2522617071008675,0.0,0.08789880771756178,0.15625000000000003,0.04849340527876361,0.042165759526220384,-2.503638197457308e-42,-0.0005621716425803226,-0.17762505904456205
1770338663.140959,1.2376681260502325,0.0,0.020000000000000007,1.2522617071008675,0.0,0.08789880771756178,0.15625000000000003,0.04849340527876361,0.042165759526220384,-1.9435119933917355e-42,-0.00047433412505504106,-0.17757883057739027
1770338663.557018,1.2376681260502325,0.0,0.020000000000000007,1.2522617071008675,0.0,0.08789880771756178,0.15625000000000003,0.04849340527876361,0.042165759526220384,-1.4653400368418922e-42,-0.0005593191959417126,-0.17762103786816974
1770338663.9772875,1.2376681260502325,0.0,0.020000000000000007,1.2522617071008675,0.0,0.08789880771756178,0.15625000000000003,0.04849340527876361,0.042165759526220384,-1.0143726359452012e-42,-0.0006370048892976695,-0.17765915077709465
1770338664.387556,1.2376681260502325,0.0,0.020000000000000007,1.2522617071008675,0.0,0.08789880771756178,0.15625000000000003,0.04849340527876361,0.042165759526220384,-7.674953517575769e-43,-0.00048358773548465967,-0.17759001534623386
1770338664.8089793,1.2376681260502325,0.0,0.020000000000000007,1.2522617071008675,0.0,0.08789880771756178,0.15625000000000003,0.04849340527876361,0.042165759526220384,-6.6972188071026205e-43,-0.0007571817458326378,-0.17773883003706134
1770338665.2363584,1.2376681260502325,0.0,0.020000000000000007,1.2522617071008675,0.0,0.08789880771756178,0.15625000000000003,0.04849340527876361,0.042165759526220384,-5.076545326103118e-43,-0.0009130045741059782,-0.17780496433299053
1770338665.6526122,1.2376681260502325,0.0,0.020000000000000007,1.2522617071008675,0.0,0.08789880771756178,0.15625000000000003,0.04849340527876361,0.042165759526220384,-3.938336542997655e-43,-9.495404291509535e-05,-0.17746216183768684
1770338666.0702217,1.2376681260502325,0.0,0.020000000000000007,1.2522617071008675,0.0,0.08789880771756178,0.15625000000000003,0.04849340527876361,0.042165759526220384,-2.9879591075893776e-43,-0.00029524626153493876,-0.17750053211573966
1770338666.4865968,1.2376681260502325,0.0,0.020000000000000007,1.2522617071008675,0.0,0.08789880771756178,0.15625000000000003,0.04849340527876361,0.042165759526220384,-2.2780698494369714e-43,0.0002112135515955447,-0.1772779189686255
1770338666.9080296,1.2376681260502325,0.0,0.020000000000000007,1.2522617071008675,0.0,0.08789880771756178,0.15625000000000003,0.04849340527876361,0.042165759526220384,-1.7551111030850498e-43,0.0007372890446717818,-0.17701684279008195
1770338667.3161783,1.2376681260502325,0.0,0.020000000000000007,1.2522617071008675,0.0,0.08789880771756178,0.15625000000000003,0.04849340527876361,0.042165759526220384,-1.3634046696218998e-43,0.0009086505163185246,-0.17689569065211563
1770338667.7449775,1.2376681260502325,0.0,0.020000000000000007,1.2522617071008675,0.0,0.08789880771756178,0.15625000000000003,0.04849340527876361,0.042165759526220384,-1.0320685583466647e-43,-0.0007607071737439333,-0.17788016911898843
1770338668.1740794,1.2376681260502325,0.0,0.020000000000000007,1.2522617071008675,0.0,0.08789880771756178,0.15625000000000003,0.04849340527876361,0.042165759526220384,-8.024807643287334e-44,0.00020066428113393875,-0.17732868476803104
1770338668.60864,1.2376681260502325,0.0,0.020000000000000007,1.2522617071008675,0.0,0.08789880771756178,0.15625000000000003,0.04849340527876361,0.042165759526220384,-6.052264781968416e-44,-7.457595548549152e-05,-0.1773976917645149
1770338669.023216,1.2376681260502325,0.0,0.020000000000000007,1.2522617071008675,0.0,0.08789880771756178,0.15625000000000003,0.04849340527876361,0.042165759526220384,-4.606934715683225e-44,-0.0005180727133183827,-0.1776362657955527
1770338669.4439662,1.2376681260502325,0.0,0.020000000000000007,1.2522617071008675,0.0,0.08789880771756178,0.15625000000000003,0.04849340527876361,0.042165759526220384,-3.577203703814175e-44,0.00040831157722310705,-0.17722136240355282
1770338669.8643053,1.2376681260502325,0.0,0.020000000000000007,1.2522617071008675,0.0,0.08789880771756178,0.15625000000000003,0.04849340527876361,0.042165759526220384,-2.710377659618827e-44,-5.6737038295857814e-05,-0.17740775314381005
1770338670.2837803,1.2376681260502325,0.0,0.020000000000000007,1.2522617071008675,0.0,0.08789880771756178,0.15625000000000003,0.04849340527876361,0.042165759526220384,-2.1046685402485265e-44,-0.00031582642170332,-0.17751670191230265
1770338670.7091515,1.2376681260502325,0.0,0.020000000000000007,1.2522617071008675,0.0,0.08789880771756178,0.15625000000000003,0.04849340527876361,0.042165759526220384,-1.5947568956748413e-44,-0.0006314617625848507,-0.1776801741784908
1770338671.1323607,1.2376681260502325,0.0,0.020000000000000007,1.2522617071008675,0.0,0.08789880771756178,0.15625000000000003,0.04849340527876361,0.042165759526220384,-1.1695956710549782e-44,-4.471936767280532e-05,-0.17741391368643783
1770338671.55221,1.2376681260502325,0.0,0.020000000000000007,1.2522617071008675,0.0,0.08789880771756178,0.15625000000000003,0.04849340527876361,0.042165759526220384,-9.369200548308097e-45,0.00015516016675113525,-0.17727528763317707
1770338671.9657497,1.2376681260502325,0.0,0.020000000000000007,1.2522617071008675,0.0,0.08789880771756178,0.15625000000000003,0.04849340527876361,0.042165759526220384,-6.861939814510583e-45,-0.00020979696706857387,-0.17747427396002646
1770338672.3830209,1.2376681260502325,0.0,0.020000000000000007,1.2522617071008675,0.0,0.08789880771756178,0.15625000000000003,0.04849340527876361,0.042165759526220384,-5.484997905632936e-45,0.00027093910775344136,-0.1772454838167157
1770338672.813032,1.2376681260502325,0.0,0.020000000000000007,1.2522617071008675,0.0,0.08789880771756178,0.15625000000000003,0.04849340527876361,0.042165759526220384,-4.045930580598467e-45,-0.001096071217970099,-0.17801761640466762
1770338673.2257721,1.2376681260502325,0.0,0.020000000000000007,1.2522617071008675,0.0,0.08789880771756178,0.15625000000000003,0.04849340527876361,0.042165759526220384,-3.24146870073571e-45,-3.472005255307877e-05,-0.17745637490592847
1770338673.6439316,1.2376681260502325,0.0,0.020000000000000007,1.2522617071008675,0.0,0.08789880771756178,0.15625000000000003,0.04849340527876361,0.042165759526220384,-2.3820472573819435e-45,-0.0005923585904685882,-0.17768482291213605
1770338674.0596478,1.2376681260502325,0.0,0.020000000000000007,1.2522617071008675,0.0,0.08789880771756178,0.15625000000000003,0.04849340527876361,0.042165759526220384,-1.9129005365673967e-45,-0.00023337622810034952,-0.17748546611339722
1770338674.4733415,1.2376681260502325,0.0,0.020000000000000007,1.2522617071008675,0.0,0.08789880771756178,0.15625000000000003,0.04849340527876361,0.042165759526220384,-1.477966981238895e-45,-0.0007337573882889567,-0.17774979657327356
1770338674.8894355,1.2376681260502325,0.0,0.020000000000000007,1.2522617071008675,0.0,0.08789880771756178,0.15625000000000003,0.04849340527876361,0.042165759526220384,-1.154387323222112e-45,-0.000753325128593976,-0.17771149910143771
1770338675.306494,1.2376681260502325,0.0,0.020000000000000007,1.2522617071008675,0.0,0.08789880771756178,0.15625000000000003,0.04849340527876361,0.042165759526220384,-8.73697083032921e-46,-0.000652593759573408,-0.17766924977979898
1770338675.7193825,1.2376681260502325,0.0,0.020000000000000007,1.2522617071008675,0.0,0.08789880771756178,0.15625000000000003,0.04849340527876361,0.042165759526220384,-6.726926872502917e-46,-0.0005036843704087503,-0.17759961288723106
1770338676.1376133,1.2376681260502325,0.0,0.020000000000000007,1.2522617071008675,0.0,0.08789880771756178,0.15625000000000003,0.04849340527876361,0.042165759526220384,-5.2512603718562194e-46,-0.00032685776006832214,-0.17751399130417844
1770338676.553571,1.2376681260502325,0.0,0.020000000000000007,1.2522617071008675,0.0,0.08789880771756178,0.15625000000000003,0.04849340527876361,0.042165759526220384,-3.992295149026829e-46,-0.00046399589138458656,-0.17757859152193414
1770338676.9706655,1.2376681260502325,0.0,0.020000000000000007,1.2522617071008675,0.0,0.08789880771756178,0.15625000000000003,0.04849340527876361,0.042165759526220384,-2.6780569592205008e-46,-0.0006876564344416194,-0.17769907403463672
1770338677.3868587,1.2376681260502325,0.0,0.020000000000000007,1.2522617071008675,0.0,0.08789880771756178,0.15625000000000003,0.04849340527876361,0.042165759526220384,-2.223192162784275e-46,-0.00019807823674846574,-0.1774808767012538
1770338677.8023071,1.2376681260502325,0.0,0.020000000000000007,1.2522617071008675,0.0,0.08789880771756178,0.15625000000000003,0.04849340527876361,0.042165759526220384,-1.827770134714911e-46,0.0004326282840167862,-0.17717963627317837
1770338678.23003,1.2376681260502325,0.0,0.020000000000000007,1.2522617071008675,0.0,0.08789880771756178,0.15625000000000003,0.04849340527876361,0.042165759526220384,-1.3092069942020253e-46,0.0002886549278886925,-0.17720294963477867
1770338678.6463346,1.2376681260502325,0.0,0.020000000000000007,1.2522617071008675,0.0,0.08789880771756178,0.15625000000000003,0.04849340527876361,0.042165759526220384,-9.597333422368108e-47,0.00019885994537508755,-0.17724242928867404
1770338679.0735838,1.2376681260502325,0.0,0.020000000000000007,1.2522617071008675,0.0,0.08789880771756178,0.15625000000000003,0.04849340527876361,0.042165759526220384,-8.075508063706979e-47,0.00017906566329789454,-0.177245326359669
1770338679.4936461,1.2376681260502325,0.0,0.020000000000000007,1.2522617071008675,0.0,0.08789880771756178,0.15625000000000003,0.04849340527876361,0.042165759526220384,-6.295387798014937e-47,0.00027961561310493085,-0.17720312695153845
1770338679.9097445,1.2376681260502325,0.0,0.020000000000000007,1.2522617071008675,0.0,0.08789880771756178,0.15625000000000003,0.04849340527876361,0.042165759526220384,-4.796977091641442e-47,8.064013828514244e-05,-0.17731245724144962
1770338680.3203917,1.2376681260502325,0.0,0.020000000000000007,1.2522617071008675,0.0,0.08789880771756178,0.15625000000000003,0.04849340527876361,0.042165759526220384,-3.738799192301931e-47,0.0002730920137477617,-0.1772155789437826
1770338680.7399802,1.2376681260502325,0.0,0.020000000000000007,1.2522617071008675,0.0,0.08789880771756178,0.15625000000000003,0.04849340527876361,0.042165759526220384,-2.911622003738063e-47,-0.00018893655222695,-0.17747355089582117
1770338681.1584067,1.2376681260502325,0.0,0.020000000000000007,1.2522617071008675,0.0,0.08789880771756178,0.15625000000000003,0.04849340527876361,0.042165759526220384,-2.194985534641399e-47,3.2170631084776436e-05,-0.17733890516589898
1770338681.5735369,1.2376681260502325,0.0,0.020000000000000007,1.2522617071008675,0.0,0.08789880771756178,0.15625000000000003,0.04849340527876361,0.042165759526220384,-1.7112446874528593e-47,-0.0004913535548563017,-0.17763090895913247
1770338682.0001261,1.2376681260502325,0.0,0.020000000000000007,1.2522617071008675,0.0,0.08789880771756178,0.15625000000000003,0.04849340527876361,0.042165759526220384,-1.297476262596199e-47,-0.0004839857997840213,-0.17757560943850945
1770338682.418579,1.2376681260502325,0.0,0.020000000000000007,1.2522617071008675,0.0,0.08789880771756178,0.15625000000000003,0.04849340527876361,0.042165759526220384,-9.537703266408563e-48,-2.8550561206509774e-05,-0.17739269856757123
1770338682.8442917,1.2376681260502325,0.0,0.020000000000000007,1.2522617071008675,0.0,0.08789880771756178,0.15625000000000003,0.04849340527876361,0.042165759526220384,-7.209227004134785e-48,-0.0006150239529353028,-0.17769903907875076
1770338683.261846,1.2376681260502325,0.0,0.020000000000000007,1.2522617071008675,0.0,0.08789880771756178,0.15625000000000003,0.04849340527876361,0.042165759526220384,-5.4687382390085677e-48,-0.0003911681600951849,-0.17755084942244184
1770338683.6901014,1.2376681260502325,0.0,0.020000000000000007,1.2522617071008675,0.0,0.08789880771756178,0.15625000000000003,0.04849340527876361,0.042165759526220384,-4.470796274294708e-48,-0.0006509834700452344,-0.17768435302912786
1770338684.1032796,1.2376681260502325,0.0,0.020000000000000007,1.2522617071008675,0.0,0.08789880771756178,0.15625000000000003,0.04849340527876361,0.042165759526220384,-3.2108550871848384e-48,-0.0002669483612792632,-0.17750475745462643
1770338684.528024,1.2376681260502325,0.0,0.020000000000000007,1.2522617071008675,0.0,0.08789880771756178,0.15625000000000003,0.04849340527876361,0.042165759526220384,-2.4945049308009327e-48,-0.0006818592696452788,-0.17771530048876946
1770338684.9531336,1.2376681260502325,0.0,0.020000000000000007,1.2522617071008675,0.0,0.08789880771756178,0.15625000000000003,0.04849340527876361,0.042165759526220384,-1.8895188932347658e-48,-0.0007162188311485203,-0.1776944251348348
1770338685.3637865,1.2376681260502325,0.0,0.020000000000000007,1.2522617071008675,0.0,0.08789880771756178,0.15625000000000003,0.04849340527876361,0.042165759526220384,-1.4526201983806883e-48,-0.0009668435409266517,-0.17784136400455136
1770338685.7891717,1.2376681260502325,0.0,0.020000000000000007,1.2522617071008675,0.0,0.08789880771756178,0.15625000000000003,0.04849340527876361,0.042165759526220384,-1.1060203451559308e-48,-0.0005073617006595576,-0.1776325087974667
1770338686.2093072,1.2376681260502325,0.0,0.020000000000000007,1.2522617071008675,0.0,0.08789880771756178,0.15625000000000003,0.04849340527876361,0.042165759526220384,-8.525083226784363e-49,-0.00043136684424890253,-0.17755616267087573
1770338686.6279962,1.2376681260502325,0.0,0.020000000000000007,1.2522617071008675,0.0,0.08789880771756178,0.15625000000000003,0.04849340527876361,0.042165759526220384,-6.4475083430567484e-49,0.00011134826204367934,-0.17733147714271763
1770338687.0379968,1.2376681260502325,0.0,0.020000000000000007,1.2522617071008675,0.0,0.08789880771756178,0.15625000000000003,0.04849340527876361,0.042165759526220384,-5.0688730333905715e-49,-0.0006753579792326157,-0.17774922937685417
1770338687.4555354,1.2376681260502325,0.0,0.020000000000000007,1.2522617071008675,0.0,0.08789880771756178,0.15625000000000003,0.04849340527876361,0.042165759526220384,-3.939604167360757e-49,0.0011160348815518104,-0.17695400160841274
1770338687.8775494,1.2376681260502325,0.0,0.020000000000000007,1.2522617071008675,0.0,0.08789880771756178,0.15625000000000003,0.04849340527876361,0.042165759526220384,-2.984607691989813e-49,0.0004987699250348631,-0.1771452212962445
1770338688.297388,1.2376681260502325,0.0,0.020000000000000007,1.2522617071008675,0.0,0.08789880771756178,0.15625000000000003,0.04849340527876361,0.042165759526220384,-2.1796044502558884e-49,-0.000586337840859869,-0.17773455946012962
1770338688.721522,1.2376681260502325,0.0,0.020000000000000007,1.2522617071008675,0.0,0.08789880771756178,0.15625000000000003,0.04849340527876361,0.042165759526220384,-1.749751781280633e-49,0.00012724771888519325,-0.17734061445964214
1770338689.1339853,1.2376681260502325,0.0,0.020000000000000007,1.2522617071008675,0.0,0.08789880771756178,0.15625000000000003,0.04849340527876361,0.042165759526220384,-1.370727636798102e-49,6.382655054335576e-05,-0.17730730860467273
1770338689.5472374,1.2376681260502325,0.0,0.020000000000000007,1.2522617071008675,0.0,0.08789880771756178,0.15625000000000003,0.04849340527876361,0.042165759526220384,-1.0454021887283314e-49,0.001264924516613632,-0.17682052730141043
1770338689.9643466,1.2376681260502325,0.0,0.020000000000000007,1.2522617071008675,0.0,0.08789880771756178,0.15625000000000003,0.04849340527876361,0.042165759526220384,-8.163260229485874e-50,0.0004888191081946684,-0.1771660807498548
1770338690.3942287,1.2376681260502325,0.0,0.020000000000000007,1.2522617071008675,0.0,0.08789880771756178,0.15625000000000003,0.04849340527876361,0.042165759526220384,-6.169773697839659e-50,0.00039163239349648284,-0.17714678223783178
1770338690.8113997,1.2376681260502325,0.0,0.020000000000000007,1.2522617071008675,0.0,0.08789880771756178,0.15625000000000003,0.04849340527876361,0.042165759526220384,-4.763387248192398e-50,0.0006027274000027518,-0.17705262556375947
1770338691.2275603,1.2376681260502325,0.0,0.020000000000000007,1.2522617071008675,0.0,0.08789880771756178,0.15625000000000003,0.04849340527876361,0.042165759526220384,-3.624793318356882e-50,0.00019195317765279858,-0.1772779805965188
1770338691.6509461,1.2376681260502325,0.0,0.020000000000000007,1.2522617071008675,0.0,0.08789880771756178,0.15625000000000003,0.04849340527876361,0.042165759526220384,-2.8130678844692477e-50,-0.0005236039416323822,-0.1776662374458549
1770338692.0636678,1.2376681260502325,0.0,0.020000000000000007,1.2522617071008675,0.0,0.08789880771756178,0.15625000000000003,0.04849340527876361,0.042165759526220384,-2.1287802939842918e-50,-0.00031198116285113527,-0.1775100326224139
1770338692.4787562,1.2376681260502325,0.0,0.020000000000000007,1.2522617071008675,0.0,0.08789880771756178,0.15625000000000003,0.04849340527876361,0.042165759526220384,-1.6534886906498742e-50,-0.0001760731273250428,-0.17743450713032535
1770338692.9115026,1.2376681260502325,0.0,0.020000000000000007,1.2522617071008675,0.0,0.08789880771756178,0.15625000000000003,0.04849340527876361,0.042165759526220384,-1.2510360365687488e-50,-0.0003383010522752262,-0.17751825308174285
1770338693.344483,1.2376681260502325,0.0,0.020000000000000007,1.2522617071008675,0.0,0.08789880771756178,0.15625000000000003,0.04849340527876361,0.042165759526220384,-9.443863724166224e-51,0.00014169734204461822,-0.1773100309315199
1770338693.7711377,1.2376681260502325,0.0,0.020000000000000007,1.2522617071008675,0.0,0.08789880771756178,0.15625000000000003,0.04849340527876361,0.042165759526220384,-7.304149575596278e-51,0.00011481616655845784,-0.1772781597973796
1770338694.1898506,1.2376681260502325,0.0,0.020000000000000007,1.2522617071008675,0.0,0.08789880771756178,0.15625000000000003,0.04849340527876361,0.042165759526220384,-5.551426484004339e-51,-9.958647923734498e-05,-0.17740411326730848
1770338694.6068065,1.2376681260502325,0.0,0.020000000000000007,1.2522617071008675,0.0,0.08789880771756178,0.15625000000000003,0.04849340527876361,0.042165759526220384,-4.2900436929908556e-51,-0.0003915453356269379,-0.17755784831656266
1770338695.021221,1.2376681260502325,0.0,0.020000000000000007,1.2522617071008675,0.0,0.08789880771756178,0.15625000000000003,0.04849340527876361,0.042165759526220384,-3.2370331460979657e-51,0.0008756592639801803,-0.17702177059108085
1770338695.436857,1.2376681260502325,0.0,0.020000000000000007,1.2522617071008675,0.0,0.08789880771756178,0.15625000000000003,0.04849340527876361,0.042165759526220384,-2.5485038797485884e-51,0.00035618496848701373,-0.17720673470841602
1770338695.8474586,1.2376681260502325,0.0,0.020000000000000007,1.2522617071008675,0.0,0.08789880771756178,0.15625000000000003,0.04849340527876361,0.042165759526220384,-1.8809205049918267e-51,6.628471087738821e-05,-0.17732872743343248
1770338696.2621565,1.2376681260502325,0.0,0.020000000000000007,1.2522617071008675,0.0,0.08789880771756178,0.15625000000000003,0.04849340527876361,0.042165759526220384,-1.507573137397819e-51,-5.377605801911659e-07,-0.17733983089054609
1770338696.6909063,1.2376681260502325,0.0,0.020000000000000007,1.2522617071008675,0.0,0.08789880771756178,0.15625000000000003,0.04849340527876361,0.042165759526220384,-1.1685402929333223e-51,-0.00036580948791536765,-0.17755231167980143
1770338697.1098335,1.2376681260502325,0.0,0.020000000000000007,1.2522617071008675,0.0,0.08789880771756178,0.15625000000000003,0.04849340527876361,0.042165759526220384,-8.83216291111946e-52,-0.0006868110464119735,-0.17770838544216588
1770338697.5258176,1.2376681260502325,0.0,0.020000000000000007,1.2522617071008675,0.0,0.08789880771756178,0.15625000000000003,0.04849340527876361,0.042165759526220384,-6.139406462429093e-52,0.0005473631952174194,-0.17718261558966444
1770338697.9438741,1.2376681260502325,0.0,0.020000000000000007,1.2522617071008675,0.0,0.08789880771756178,0.15625000000000003,0.04849340527876361,0.042165759526220384,-5.3325871178031214e-52,0.0004019544339763953,-0.1771464434222461
1770338698.3610096,1.2376681260502325,0.0,0.020000000000000007,1.2522617071008675,0.0,0.08789880771756178,0.15625000000000003,0.04849340527876361,0.042165759526220384,-4.030369349028389e-52,0.0012750092839310004,-0.1767826806061402
1770338698.7916114,1.2376681260502325,0.0,0.020000000000000007,1.2522617071008675,0.0,0.08789880771756178,0.15625000000000003,0.04849340527876361,0.042165759526220384,-3.02852380941334e-52,8.778328735328561e-05,-0.17740771071909137
1770338699.2044206,1.2376681260502325,0.0,0.020000000000000007,1.2522617071008675,0.0,0.08789880771756178,0.15625000000000003,0.04849340527876361,0.042165759526220384,-2.3553176748848858e-52,-0.000452735252082673,-0.17761329924309516
1770338699.6360955,1.2376681260502325,0.0,0.020000000000000007,1.2522617071008675,0.0,0.08789880771756178,0.15625000000000003,0.04849340527876361,0.042165759526220384,-1.785996068387453e-52,0.00014479725037732435,-0.17732023438816755
1770338700.05028,1.2376681260502325,0.0,0.020000000000000007,1.2522617071008675,0.0,0.08789880771756178,0.15625000000000003,0.04849340527876361,0.042165759526220384,-1.3104727390929573e-52,-0.0002543471611461571,-0.17749996778483565
1770338700.4672325,1.2376681260502325,0.0,0.020000000000000007,1.2522617071008675,0.0,0.08789880771756178,0.15625000000000003,0.04849340527876361,0.042165759526220384,-9.843120801161153e-53,-0.00022137667121389215,-0.1774468651477104
1770338700.877568,1.2376681260502325,0.0,0.020000000000000007,1.2522617071008675,0.0,0.08789880771756178,0.15625000000000003,0.04849340527876361,0.042165759526220384,-8.098903889842276e-53,-0.0003978483664476882,-0.17754945111585743
1770338701.3100517,1.2376681260502325,0.0,0.020000000000000007,1.2522617071008675,0.0,0.08789880771756178,0.15625000000000003,0.04849340527876361,0.042165759526220384,-6.2930253253367e-53,8.301852823384748e-05,-0.17733945718846145
1770338701.7291665,1.2376681260502325,0.0,0.020000000000000007,1.2522617071008675,0.0,0.08789880771756178,0.15625000000000003,0.04849340527876361,0.042165759526220384,-4.500877071667746e-53,-6.23201988329627e-05,-0.17737857373523336
1770338702.140559,1.2376681260502325,0.0,0.020000000000000007,1.2522617071008675,0.0,0.08789880771756178,0.15625000000000003,0.04849340527876361,0.042165759526220384,-3.602117478981276e-53,0.0004400371399629308,-0.17716309692700832
1770338702.5720115,1.2376681260502325,0.0,0.020000000000000007,1.2522617071008675,0.0,0.08789880771756178,0.15625000000000003,0.04849340527876361,0.042165759526220384,-2.792901330674836e-53,-0.00018415034196253463,-0.17748737368228404
1770338702.9906754,1.2376681260502325,0.0,0.020000000000000007,1.2522617071008675,0.0,0.08789880771756178,0.15625000000000003,0.04849340527876361,0.042165759526220384,-2.1141583527398424e-53,-1.422611741952191e-05,-0.1773569852442743
1770338703.4328237,1.2376681260502325,0.0,0.020000000000000007,1.2522617071008675,0.0,0.08789880771756178,0.15625000000000003,0.04849340527876361,0.042165759526220384,-1.4880431052458521e-53,-0.00015653058320583315,-0.17742537550129178
1770338703.8464196,1.2376681260502325,0.0,0.020000000000000007,1.2522617071008675,0.0,0.08789880771756178,0.15625000000000003,0.04849340527876361,0.042165759526220384,-1.232973854068577e-53,-0.00014228985678219804,-0.1774054487641437
1770338704.280878,1.2376681260502325,0.0,0.020000000000000007,1.2522617071008675,0.0,0.08789880771756178,0.15625000000000003,0.04849340527876361,0.042165759526220384,-9.401643439382378e-54,0.00017096462750934162,-0.1772787228977847
1770338704.7235076,1.2376681260502325,0.0,0.020000000000000007,1.2522617071008675,0.0,0.08789880771756178,0.15625000000000003,0.04849340527876361,0.042165759526220384,-6.707133413814831e-54,-0.00021108266687717736,-0.17747662582598747
1770338705.1341996,1.2376681260502325,0.0,0.020000000000000007,1.2522617071008675,0.0,0.08789880771756178,0.15625000000000003,0.04849340527876361,0.042165759526220384,-5.209348400271336e-54,-0.00032185583566548924,-0.1775048849978218
1770338705.5549004,1.2376681260502325,0.0,0.020000000000000007,1.2522617071008675,0.0,0.08789880771756178,0.15625000000000003,0.04849340527876361,0.042165759526220384,-3.971507371445093e-54,-0.0005721655517331001,-0.17764399351058352
1770338705.9764073,1.2376681260502325,0.0,0.020000000000000007,1.2522617071008675,0.0,0.08789880771756178,0.15625000000000003,0.04849340527876361,0.042165759526220384,-3.27066767046937e-54,-0.0004844947360640789,-0.17758389421270918
1770338706.394878,1.2376681260502325,0.0,0.020000000000000007,1.2522617071008675,0.0,0.08789880771756178,0.15625000000000003,0.04849340527876361,0.042165759526220384,-2.3417104059778e-54,-0.0005078342029316101,-0.17758913081126276
1770338706.822415,1.2376681260502325,0.0,0.020000000000000007,1.2522617071008675,0.0,0.08789880771756178,0.15625000000000003,0.04849340527876361,0.042165759526220384,-1.7641266022098673e-54,-0.0007775242489625554,-0.17774861089219457
1770338707.2432163,1.2376681260502325,0.0,0.020000000000000007,1.2522617071008675,0.0,0.08789880771756178,0.15625000000000003,0.04849340527876361,0.042165759526220384,-1.3736747282588914e-54,-0.000826330341063029,-0.1777509255428518
1770338707.66375,1.2376681260502325,0.0,0.020000000000000007,1.2522617071008675,0.0,0.08789880771756178,0.15625000000000003,0.04849340527876361,0.042165759526220384,-1.1016207189632835e-54,-0.0009432406854730783,-0.17781619114028777
1770338708.076392,1.2376681260502325,0.0,0.020000000000000007,1.2522617071008675,0.0,0.08789880771756178,0.15625000000000003,0.04849340527876361,0.042165759526220384,-8.565380711356282e-55,-0.0008328440889109813,-0.17776034146722192
1770338708.4952536,1.2376681260502325,0.0,0.020000000000000007,1.2522617071008675,0.0,0.08789880771756178,0.15625000000000003,0.04849340527876361,0.042165759526220384,-5.701211547178588e-55,-0.0004895894361957604,-0.1776119999464796
1770338708.915491,1.2376681260502325,0.0,0.020000000000000007,1.2522617071008675,0.0,0.08789880771756178,0.15625000000000003,0.04849340527876361,0.042165759526220384,-4.7661194019823854e-55,-0.00022015366131735939,-0.17746990017125674
1770338709.3423939,1.2376681260502325,0.0,0.020000000000000007,1.2522617071008675,0.0,0.08789880771756178,0.15625000000000003,0.04849340527876361,0.042165759526220384,-3.606832670167762e-55,-0.0004235024256979039,-0.17756496585239723
1770338709.7542737,1.2376681260502325,0.0,0.020000000000000007,1.2522617071008675,0.0,0.08789880771756178,0.15625000000000003,0.04849340527876361,0.042165759526220384,-2.7931254366963287e-55,-0.000341624753988493,-0.1775118799072754
1770338710.1766663,1.2376681260502325,0.0,0.020000000000000007,1.2522617071008675,0.0,0.08789880771756178,0.15625000000000003,0.04849340527876361,0.042165759526220384,-2.294942589911084e-55,-0.0005894917339078909,-0.17765241232805612
1770338710.5980358,1.2376681260502325,0.0,0.020000000000000007,1.2522617071008675,0.0,0.08789880771756178,0.15625000000000003,0.04849340527876361,0.042165759526220384,-1.645489760838262e-55,-0.0007719662312153619,-0.17773711032844866
1770338711.0171092,1.2376681260502325,0.0,0.020000000000000007,1.2522617071008675,0.0,0.08789880771756178,0.15625000000000003,0.04849340527876361,0.042165759526220384,-1.2450096930426722e-55,-0.00019133609163866114,-0.17748661082288722
1770338711.4421322,1.2376681260502325,0.0,0.020000000000000007,1.2522617071008675,0.0,0.08789880771756178,0.15625000000000003,0.04849340527876361,0.042165759526220384,-9.741325940514778e-56,0.0001325937914096791,-0.17729897585571022
1770338711.8624673,1.2376681260502325,0.0,0.020000000000000007,1.2522617071008675,0.0,0.08789880771756178,0.15625000000000003,0.04849340527876361,0.042165759526220384,-7.345778558474174e-56,-0.00030124956415473884,-0.17752688888074403
1770338712.2804427,1.2376681260502325,0.0,0.020000000000000007,1.2522617071008675,0.0,0.08789880771756178,0.15625000000000003,0.04849340527876361,0.042165759526220384,-5.759386312403946e-56,-0.0002976039161943149,-0.17748204628600342
1770338712.6962729,1.2376681260502325,0.0,0.020000000000000007,1.2522617071008675,0.0,0.08789880771756178,0.15625000000000003,0.04849340527876361,0.042165759526220384,-3.986065818395808e-56,-0.0004744961960949941,-0.17758781708914778
1770338713.1282105,1.2376681260502325,0.0,0.020000000000000007,1.2522617071008675,0.0,0.08789880771756178,0.15625000000000003,0.04849340527876361,0.042165759526220384,-3.384480859017715e-56,2.7550156297721617e-06,-0.17737922737646783
1770338713.551862,1.2376681260502325,0.0,0.020000000000000007,1.2522617071008675,0.0,0.08789880771756178,0.15625000000000003,0.04849340527876361,0.042165759526220384,-2.56123183699178e-56,-7.319906715605145e-05,-0.17737707470496683
1770338713.9713862,1.2376681260502325,0.0,0.020000000000000007,1.2522617071008675,0.0,0.08789880771756178,0.15625000000000003,0.04849340527876361,0.042165759526220384,-1.989491549907357e-56,0.00021432854831026507,-0.1772544682505017
1770338714.4012032,1.2376681260502325,0.0,0.020000000000000007,1.2522617071008675,0.0,0.08789880771756178,0.15625000000000003,0.04849340527876361,0.042165759526220384,-1.501450023663827e-56,0.00018627635794043877,-0.17724254680317697
1770338714.8268785,1.2376681260502325,0.0,0.020000000000000007,1.2522617071008675,0.0,0.08789880771756178,0.15625000000000003,0.04849340527876361,0.042165759526220384,-1.1357486929824818e-56,-0.0005574543718365175,-0.17768598002200617
1770338715.2425811,1.2376681260502325,0.0,0.020000000000000007,1.2522617071008675,0.0,0.08789880771756178,0.15625000000000003,0.04849340527876361,0.042165759526220384,-8.80373766839051e-57,-0.0002293544020888759,-0.17748036696112943
1770338715.655435,1.2376681260502325,0.0,0.020000000000000007,1.2522617071008675,0.0,0.08789880771756178,0.15625000000000003,0.04849340527876361,0.042165759526220384,-6.864967962352333e-57,-0.000291597322613846,-0.17748490271646963
1770338716.079573,1.2376681260502325,0.0,0.020000000000000007,1.2522617071008675,0.0,0.08789880771756178,0.15625000000000003,0.04849340527876361,0.042165759526220384,-5.204402442604905e-57,0.00027251706671040137,-0.17725303266868744
1770338716.5123913,1.2376681260502325,0.0,0.020000000000000007,1.2522617071008675,0.0,0.08789880771756178,0.15625000000000003,0.04849340527876361,0.042165759526220384,-3.8386632444944033e-57,0.0007351348277469213,-0.1770115741253404
1770338716.93343,1.2376681260502325,0.0,0.020000000000000007,1.2522617071008675,0.0,0.08789880771756178,0.15625000000000003,0.04849340527876361,0.042165759526220384,-2.889609056081279e-57,-0.0001387681899293968,-0.17748965415984255
1770338717.3542676,1.2376681260502325,0.0,0.020000000000000007,1.2522617071008675,0.0,0.08789880771756178,0.15625000000000003,0.04849340527876361,0.042165759526220384,-2.2997672590789124e-57,-0.00026322182440448154,-0.17747693603875997
1770338717.7688317,1.2376681260502325,0.0,0.020000000000000007,1.2522617071008675,0.0,0.08789880771756178,0.15625000000000003,0.04849340527876361,0.042165759526220384,-1.7879958841789037e-57,-2.353183078070332e-05,-0.17736861467786294
1770338718.1907759,1.2376681260502325,0.0,0.020000000000000007,1.2522617071008675,0.0,0.08789880771756178,0.15625000000000003,0.04849340527876361,0.042165759526220384,-1.2869512163477715e-57,-7.784556177637552e-05,-0.17737723391709798
1770338718.6128824,1.2376681260502325,0.0,0.020000000000000007,1.2522617071008675,0.0,0.08789880771756178,0.15625000000000003,0.04849340527876361,0.042165759526220384,-1.055617540591004e-57,0.0007330711516051502,-0.1770474358586458
1770338719.03758,1.2376681260502325,0.0,0.020000000000000007,1.2522617071008675,0.0,0.08789880771756178,0.15625000000000003,0.04849340527876361,0.042165759526220384,-8.007367151299079e-58,0.0007212951924781512,-0.17697340976278383
1770338719.459651,1.2376681260502325,0.0,0.020000000000000007,1.2522617071008675,0.0,0.08789880771756178,0.15625000000000003,0.04849340527876361,0.042165759526220384,-5.39559929610285e-58,0.0001889266218009017,-0.1772916533092775
1770338719.8896954,1.2376681260502325,0.0,0.020000000000000007,1.2522617071008675,0.0,0.08789880771756178,0.15625000000000003,0.04849340527876361,0.042165759526220384,-4.711377485616523e-58,0.0006425314010770919,-0.1770569745404993
1770338720.305447,1.2376681260502325,0.0,0.020000000000000007,1.2522617071008675,0.0,0.08789880771756178,0.15625000000000003,0.04849340527876361,0.042165759526220384,-3.5538828020956485e-58,0.0003960367054021672,-0.1771595108799766
1770338720.7225564,1.2376681260502325,0.0,0.020000000000000007,1.2522617071008675,0.0,0.08789880771756178,0.15625000000000003,0.04849340527876361,0.042165759526220384,-2.752406097569189e-58,9.247469153253165e-05,-0.17731699861873093
1770338721.1316586,1.2376681260502325,0.0,0.020000000000000007,1.2522617071008675,0.0,0.08789880771756178,0.15625000000000003,0.04849340527876361,0.042165759526220384,-2.1489606079061533e-58,-0.00055425770464067,-0.17767468185504787
1770338721.5482793,1.2376681260502325,0.0,0.020000000000000007,1.2522617071008675,0.0,0.08789880771756178,0.15625000000000003,0.04849340527876361,0.042165759526220384,-1.6306437676439422e-58,0.0008101894414075236,-0.1770642297570113
1770338721.9644809,1.2376681260502325,0.0,0.020000000000000007,1.2522617071008675,0.0,0.08789880771756178,0.15625000000000003,0.04849340527876361,0.042165759526220384,-1.2670900660426132e-58,0.00033819383626390007,-0.17721098240549263
1770338722.3811536,1.2376681260502325,0.0,0.020000000000000007,1.2522617071008675,0.0,0.08789880771756178,0.15625000000000003,0.04849340527876361,0.042165759526220384,-9.580100854759199e-59,0.00011220284323762717,-0.17729937744079405
1770338722.8008626,1.2376681260502325,0.0,0.020000000000000007,1.2522617071008675,0.0,0.08789880771756178,0.15625000000000003,0.04849340527876361,0.042165759526220384,-7.474857612119969e-59,-0.00014674128841158892,-0.17743214482048092
1770338723.2131386,1.2376681260502325,0.0,0.020000000000000007,1.2522617071008675,0.0,0.08789880771756178,0.15625000000000003,0.04849340527876361,0.042165759526220384,-5.788590005512921e-59,-0.0009269840481348341,-0.17787439606314998
1770338723.6246746,1.2376681260502325,0.0,0.020000000000000007,1.2522617071008675,0.0,0.08789880771756178,0.15625000000000003,0.04849340527876361,0.042165759526220384,-4.395914299944963e-59,-0.00019848838002713604,-0.17750497351993458
1770338724.0364661,1.2376681260502325,0.0,0.020000000000000007,1.2522617071008675,0.0,0.08789880771756178,0.15625000000000003,0.04849340527876361,0.042165759526220384,-3.412747803213805e-59,0.0002686130404641726,-0.17724528338492726
1770338724.456671,1.2376681260502325,0.0,0.020000000000000007,1.2522617071008675,0.0,0.08789880771756178,0.15625000000000003,0.04849340527876361,0.042165759526220384,-2.651959883086921e-59,-0.00048265802167198974,-0.17764933588015985
1770338724.8755445,1.2376681260502325,0.0,0.020000000000000007,1.2522617071008675,0.0,0.08789880771756178,0.15625000000000003,0.04849340527876361,0.042165759526220384,-2.004274336278532e-59,-0.00042762248261510517,-0.17755219455832347
1770338725.3159657,1.2376681260502325,0.0,0.020000000000000007,1.2522617071008675,0.0,0.08789880771756178,0.15625000000000003,0.04849340527876361,0.042165759526220384,-1.521267457098645e-59,-0.00026699262469788833,-0.17748243906125089
1770338725.7286527,1.2376681260502325,0.0,0.020000000000000007,1.2522617071008675,0.0,0.08789880771756178,0.15625000000000003,0.04849340527876361,0.042165759526220384,-1.1176824282148921e-59,-0.0006767812726435205,-0.17771224926422655
1770338726.1456811,1.2376681260502325,0.0,0.020000000000000007,1.2522617071008675,0.0,0.08789880771756178,0.15625000000000003,0.04849340527876361,0.042165759526220384,-8.952791148003223e-60,-0.00042592375874656333,-0.1775709273938732
1770338726.564675,1.2376681260502325,0.0,0.020000000000000007,1.2522617071008675,0.0,0.08789880771756178,0.15625000000000003,0.04849340527876361,0.042165759526220384,-6.972460661531104e-60,-0.0007236333471557096,-0.17772446739552897
1770338726.9802673,1.2376681260502325,0.0,0.020000000000000007,1.2522617071008675,0.0,0.08789880771756178,0.15625000000000003,0.04849340527876361,0.042165759526220384,-5.285929164903925e-60,-0.00017779079176168805,-0.17747635941453047
1770338727.3945386,1.2376681260502325,0.0,0.020000000000000007,1.2522617071008675,0.0,0.08789880771756178,0.15625000000000003,0.04849340527876361,0.042165759526220384,-4.1093594113973024e-60,-0.0006961070413004451,-0.1777327649087143
1770338727.8183386,1.2376681260502325,0.0,0.020000000000000007,1.2522617071008675,0.0,0.08789880771756178,0.15625000000000003,0.04849340527876361,0.042165759526220384,-3.114493721367012e-60,-0.0011319611731363493,-0.17794244576286197
1770338728.2416084,1.2376681260502325,0.0,0.020000000000000007,1.2522617071008675,0.0,0.08789880771756178,0.15625000000000003,0.04849340527876361,0.042165759526220384,-2.411089278431255e-60,-0.0004919059268351005,-0.1776428382511579
1770338728.691381,1.2376681260502325,0.0,0.020000000000000007,1.2522617071008675,0.0,0.08789880771756178,0.15625000000000003,0.04849340527876361,0.042165759526220384,-1.832018687959468e-60,-0.0004140874140071496,-0.1775477053213966
1770338729.1290874,1.2376681260502325,0.0,0.020000000000000007,1.2522617071008675,0.0,0.08789880771756178,0.15625000000000003,0.04849340527876361,0.042165759526220384,-1.3875740153716584e-60,-0.0009115730513438224,-0.17783841485251578
1770338729.5470397,1.2376681260502325,0.0,0.020000000000000007,1.2522617071008675,0.0,0.08789880771756178,0.15625000000000003,0.04849340527876361,0.042165759526220384,-1.077951252913846e-60,6.134617993918095e-05,-0.1773994985962689
1770338729.9712102,1.2376681260502325,0.0,0.020000000000000007,1.2522617071008675,0.0,0.08789880771756178,0.15625000000000003,0.04849340527876361,0.042165759526220384,-8.157452262255786e-61,-0.00017435190164179898,-0.17744362552208923
1770338730.391577,1.2376681260502325,0.0,0.020000000000000007,1.2522617071008675,0.0,0.08789880771756178,0.15625000000000003,0.04849340527876361,0.042165759526220384,-6.1800298955631915e-61,-0.00017661108862522976,-0.17742141122612118
1770338730.806039,1.2376681260502325,0.0,0.020000000000000007,1.2522617071008675,0.0,0.08789880771756178,0.15625000000000003,0.04849340527876361,0.042165759526220384,-4.796910979389949e-61,0.00014271778932229914,-0.17729345375624384
1770338731.2415385,1.2376681260502325,0.0,0.020000000000000007,1.2522617071008675,0.0,0.08789880771756178,0.15625000000000003,0.04849340527876361,0.042165759526220384,-3.425556878896039e-61,0.00016325194522407845,-0.17725330720608837
1770338731.6555479,1.2376681260502325,0.0,0.020000000000000007,1.2522617071008675,0.0,0.08789880771756178,0.15625000000000003,0.04849340527876361,0.042165759526220384,-2.816527714396769e-61,-9.729449730675913e-05,-0.1774075816560167
1770338732.068017,1.2376681260502325,0.0,0.020000000000000007,1.2522617071008675,0.0,0.08789880771756178,0.15625000000000003,0.04849340527876361,0.042165759526220384,-2.1338131839091558e-61,-0.00018242362710666328,-0.17743260448964354
1770338732.4843278,1.2376681260502325,0.0,0.020000000000000007,1.2522617071008675,0.0,0.08789880771756178,0.15625000000000003,0.04849340527876361,0.042165759526220384,-1.6561823289512204e-61,0.0002408564241505315,-0.17725477955616067
1770338732.899058,1.2376681260502325,0.0,0.020000000000000007,1.2522617071008675,0.0,0.08789880771756178,0.15625000000000003,0.04849340527876361,0.042165759526220384,-1.2537105957952156e-61,0.0001085883786769932,-0.17729181237831906
1770338733.312735,1.2376681260502325,0.0,0.020000000000000007,1.2522617071008675,0.0,0.08789880771756178,0.15625000000000003,0.04849340527876361,0.042165759526220384,-9.204341813603425e-62,0.0002711921694579909,-0.17721354405745932
1770338733.736429,1.2376681260502325,0.0,0.020000000000000007,1.2522617071008675,0.0,0.08789880771756178,0.15625000000000003,0.04849340527876361,0.042165759526220384,-7.543677015457312e-62,-0.00027590294705368587,-0.17752554074828825
1770338734.158733,1.2376681260502325,0.0,0.020000000000000007,1.2522617071008675,0.0,0.08789880771756178,0.15625000000000003,0.04849340527876361,0.042165759526220384,-5.396454615456792e-62,-1.4320618813574613e-05,-0.177366198305341
1770338734.5821955,1.2376681260502325,0.0,0.020000000000000007,1.2522617071008675,0.0,0.08789880771756178,0.15625000000000003,0.04849340527876361,0.042165759526220384,-4.31320367764184e-62,-0.00011276573430747306,-0.17739910714181334
1770338735.0117235,1.2376681260502325,0.0,0.020000000000000007,1.2522617071008675,0.0,0.08789880771756178,0.15625000000000003,0.04849340527876361,0.042165759526220384,-3.346986633675713e-62,7.756942818823605e-05,-0.17731312856526568
1770338735.4287775,1.2376681260502325,0.0,0.020000000000000007,1.2522617071008675,0.0,0.08789880771756178,0.15625000000000003,0.04849340527876361,0.042165759526220384,-2.5417126911188247e-62,-0.00019890837998218393,-0.17745998173391836
1770338735.8514383,1.2376681260502325,0.0,0.020000000000000007,1.2522617071008675,0.0,0.08789880771756178,0.15625000000000003,0.04849340527876361,0.042165759526220384,-1.969713606187962e-62,-0.0002168806990779544,-0.17744311734455875
1770338736.2711647,1.2376681260502325,0.0,0.020000000000000007,1.2522617071008675,0.0,0.08789880771756178,0.15625000000000003,0.04849340527876361,0.042165759526220384,-1.4148742380783788e-62,0.0002851196795661751,-0.17724051996119153
1770338736.691235,1.2376681260502325,0.0,0.020000000000000007,1.2522617071008675,0.0,0.08789880771756178,0.15625000000000003,0.04849340527876361,0.042165759526220384,-1.1009564462134743e-62,-8.373222575710546e-05,-0.1774116310665211
1770338737.115624,1.2376681260502325,0.0,0.020000000000000007,1.2522617071008675,0.0,0.08789880771756178,0.15625000000000003,0.04849340527876361,0.042165759526220384,-8.326329279781159e-63,0.0006588500605570827,-0.1770777129614631
1770338737.5313642,1.2376681260502325,0.0,0.020000000000000007,1.2522617071008675,0.0,0.08789880771756178,0.15625000000000003,0.04849340527876361,0.042165759526220384,-6.452457880749399e-63,0.0012743913569434578,-0.1767572382142771
1770338737.9578216,1.2376681260502325,0.0,0.020000000000000007,1.2522617071008675,0.0,0.08789880771756178,0.15625000000000003,0.04849340527876361,0.042165759526220384,-4.896895254979198e-63,0.0014415978840219346,-0.1766288014738071
1770338738.3908992,1.2376681260502325,0.0,0.020000000000000007,1.2522617071008675,0.0,0.08789880771756178,0.15625000000000003,0.04849340527876361,0.042165759526220384,-3.7113319414071485e-63,-0.0008487564505388787,-0.17798629342183575
1770338738.8119428,1.2376681260502325,0.0,0.020000000000000007,1.2522617071008675,0.0,0.08789880771756178,0.15625000000000003,0.04849340527876361,0.042165759526220384,-2.884228085505815e-63,-0.0011404953458672255,-0.17793230132557666
1770338739.2299743,1.2376681260502325,0.0,0.020000000000000007,1.2522617071008675,0.0,0.08789880771756178,0.15625000000000003,0.04849340527876361,0.042165759526220384,-2.184040861892609e-63,-0.00038922571099349817,-0.17760261958209436
1770338739.6490712,1.2376681260502325,0.0,0.020000000000000007,1.2522617071008675,0.0,0.08789880771756178,0.15625000000000003,0.04849340527876361,0.042165759526220384,-1.6934981424209607e-63,-0.00028903256892363834,-0.17748741536177903
1770338740.075962,1.2376681260502325,0.0,0.020000000000000007,1.2522617071008675,0.0,0.08789880771756178,0.15625000000000003,0.04849340527876361,0.042165759526220384,-1.2829898976092594e-63,-0.0003133849745851305,-0.17749200749096894
1770338740.5079858,1.2376681260502325,0.0,0.020000000000000007,1.2522617071008675,0.0,0.08789880771756178,0.15625000000000003,0.04849340527876361,0.042165759526220384,-1.0246985861741892e-63,0.00013959732839657083,-0.1773083793292101
1770338740.9274185,1.2376681260502325,0.0,0.020000000000000007,1.2522617071008675,0.0,0.08789880771756178,0.15625000000000003,0.04849340527876361,0.042165759526220384,-7.547633483432184e-64,-0.00012159567103581673,-0.17741979689857135
1770338741.347123,1.2376681260502325,0.0,0.020000000000000007,1.2522617071008675,0.0,0.08789880771756178,0.15625000000000003,0.04849340527876361,0.042165759526220384,-5.708298651821028e-64,-7.746421512083414e-05,-0.17737602501626212
1770338741.7618058,1.2376681260502325,0.0,0.020000000000000007,1.2522617071008675,0.0,0.08789880771756178,0.15625000000000003,0.04849340527876361,0.042165759526220384,-4.4393533218078646e-64,-0.00022630101063672646,-0.1774609139479802
1770338742.1905587,1.2376681260502325,0.0,0.020000000000000007,1.2522617071008675,0.0,0.08789880771756178,0.15625000000000003,0.04849340527876361,0.042165759526220384,-3.355438857481508e-64,1.6928664660777464e-05,-0.17734873839830959
1770338742.6123214,1.2376681260502325,0.0,0.020000000000000007,1.2522617071008675,0.0,0.08789880771756178,0.15625000000000003,0.04849340527876361,0.042165759526220384,-2.584948176177256e-64,0.00017987534478082078,-0.17725923675873181
1770338743.0301707,1.2376681260502325,0.0,0.020000000000000007,1.2522617071008675,0.0,0.08789880771756178,0.15625000000000003,0.04849340527876361,0.042165759526220384,-1.9812627461805126e-64,-0.0002983339382897159,-0.1775298676605621
1770338743.4511936,1.2376681260502325,0.0,0.020000000000000007,1.2522617071008675,0.0,0.08789880771756178,0.15625000000000003,0.04849340527876361,0.042165759526220384,-1.5394944024662496e-64,-0.0005746257058778709,-0.17764782179280797
1770338743.8635373,1.2376681260502325,0.0,0.020000000000000007,1.2522617071008675,0.0,0.08789880771756178,0.15625000000000003,0.04849340527876361,0.042165759526220384,-1.1670698318306376e-64,-0.0005631563980366353,-0.17761560489291267
1770338744.2759242,1.2376681260502325,0.0,0.020000000000000007,1.2522617071008675,0.0,0.08789880771756178,0.15625000000000003,0.04849340527876361,0.042165759526220384,-8.987751974472461e-65,-0.0005083383615309738,-0.17759253074752626
1770338744.6930192,1.2376681260502325,0.0,0.020000000000000007,1.2522617071008675,0.0,0.08789880771756178,0.15625000000000003,0.04849340527876361,0.042165759526220384,-7.001700775431137e-65,0.00018876099466117428,-0.17730820920139886
1770338745.1153843,1.2376681260502325,0.0,0.020000000000000007,1.2522617071008675,0.0,0.08789880771756178,0.15625000000000003,0.04849340527876361,0.042165759526220384,-5.336807614267419e-65,-0.0010248497490891143,-0.1779666657120298
1770338745.5291097,1.2376681260502325,0.0,0.020000000000000007,1.2522617071008675,0.0,0.08789880771756178,0.15625000000000003,0.04849340527876361,0.042165759526220384,-4.14944415317151e-65,-0.0004937353747824842,-0.17763285888793212
1770338745.959976,1.2376681260502325,0.0,0.020000000000000007,1.2522617071008675,0.0,0.08789880771756178,0.15625000000000003,0.04849340527876361,0.042165759526220384,-3.144428898592671e-65,-0.0008492809002504935,-0.17779307476578227
1770338746.371046,1.2376681260502325,0.0,0.020000000000000007,1.2522617071008675,0.0,0.08789880771756178,0.15625000000000003,0.04849340527876361,0.042165759526220384,-2.436957230957833e-65,-0.00011479309770760744,-0.1774637250922183
1770338746.7807696,1.2376681260502325,0.0,0.020000000000000007,1.2522617071008675,0.0,0.08789880771756178,0.15625000000000003,0.04849340527876361,0.042165759526220384,-1.799917411285233e-65,0.00028845325063237134,-0.17722897777262803
1770338747.2105663,1.2376681260502325,0.0,0.020000000000000007,1.2522617071008675,0.0,0.08789880771756178,0.15625000000000003,0.04849340527876361,0.042165759526220384,-1.436639845257891e-65,-0.0007579263171621017,-0.1778164808784707
1770338747.6283517,1.2376681260502325,0.0,0.020000000000000007,1.2522617071008675,0.0,0.08789880771756178,0.15625000000000003,0.04849340527876361,0.042165759526220384,-1.0867683756087865e-65,1.5669255257725088e-05,-0.17740240469272334
1770338748.0536458,1.2376681260502325,0.0,0.020000000000000007,1.2522617071008675,0.0,0.08789880771756178,0.15625000000000003,0.04849340527876361,0.042165759526220384,-8.464411208946844e-66,0.00018978396543458057,-0.17725539925141062
1770338748.4693186,1.2376681260502325,0.0,0.020000000000000007,1.2522617071008675,0.0,0.08789880771756178,0.15625000000000003,0.04849340527876361,0.042165759526220384,-6.447063719678792e-66,5.511831328098939e-05,-0.1773187871716851
1770338748.88962,1.2376681260502325,0.0,0.020000000000000007,1.2522617071008675,0.0,0.08789880771756178,0.15625000000000003,0.04849340527876361,0.042165759526220384,-5.030004015662188e-66,-0.0009113356207162878,-0.1778851929668681
1770338749.3061397,1.2376681260502325,0.0,0.020000000000000007,1.2522617071008675,0.0,0.08789880771756178,0.15625000000000003,0.04849340527876361,0.042165759526220384,-3.8032942647328584e-66,-9.388358118415859e-05,-0.1774615667576555
1770338749.7203913,1.2376681260502325,0.0,0.020000000000000007,1.2522617071008675,0.0,0.08789880771756178,0.15625000000000003,0.04849340527876361,0.042165759526220384,-2.955931182402554e-66,-6.0369902476282837e-05,-0.17736641608221915
1770338750.1415517,1.2376681260502325,0.0,0.020000000000000007,1.2522617071008675,0.0,0.08789880771756178,0.15625000000000003,0.04849340527876361,0.042165759526220384,-2.2981292178049953e-66,0.000623660496785537,-0.17708945255464362
1770338750.5672011,1.2376681260502325,0.0,0.020000000000000007,1.2522617071008675,0.0,0.08789880771756178,0.15625000000000003,0.04849340527876361,0.042165759526220384,-1.72379911314412e-66,0.0008892368113089421,-0.1769148189889081
1770338750.9799383,1.2376681260502325,0.0,0.020000000000000007,1.2522617071008675,0.0,0.08789880771756178,0.15625000000000003,0.04849340527876361,0.042165759526220384,-1.3162138629275498e-66,0.0011919877713563083,-0.17676716097343678
1770338751.4115949,1.2376681260502325,0.0,0.020000000000000007,1.2522617071008675,0.0,0.08789880771756178,0.15625000000000003,0.04849340527876361,0.042165759526220384,-1.0229462750403515e-66,0.0008206972878275297,-0.17695966016754933
1770338751.8259883,1.2376681260502325,0.0,0.020000000000000007,1.2522617071008675,0.0,0.08789880771756178,0.15625000000000003,0.04849340527876361,0.042165759526220384,-7.748221106528532e-67,-0.00012980306545389583,-0.1774928313311653
1770338752.2428985,1.2376681260502325,0.0,0.020000000000000007,1.2522617071008675,0.0,0.08789880771756178,0.15625000000000003,0.04849340527876361,0.042165759526220384,-6.048973517640816e-67,0.0006463271775388004,-0.1770873291986401
1770338752.651589,1.2376681260502325,0.0,0.020000000000000007,1.2522617071008675,0.0,0.08789880771756178,0.15625000000000003,0.04849340527876361,0.042165759526220384,-4.4800893976102787e-67,6.147536099362704e-05,-0.17736062726426793
1770338753.0891721,1.2376681260502325,0.0,0.020000000000000007,1.2522617071008675,0.0,0.08789880771756178,0.15625000000000003,0.04849340527876361,0.042165759526220384,-3.6066875625404696e-67,0.00085261916382344,-0.17698568456148148
1770338753.5127933,1.2376681260502325,0.0,0.020000000000000007,1.2522617071008675,0.0,0.08789880771756178,0.15625000000000003,0.04849340527876361,0.042165759526220384,-2.7261779424330443e-67,-0.00023209207957076598,-0.17755739692723502
1770338753.9305174,1.2376681260502325,0.0,0.020000000000000007,1.2522617071008675,0.0,0.08789880771756178,0.15625000000000003,0.04849340527876361,0.042165759526220384,-2.0016328383640835e-67,-0.0003582395639959878,-0.17752461429355074
1770338754.3484836,1.2376681260502325,0.0,0.020000000000000007,1.2522617071008675,0.0,0.08789880771756178,0.15625000000000003,0.04849340527876361,0.042165759526220384,-1.595058164058957e-67,-0.0006931905252868679,-0.17771297012188275
1770338754.7618876,1.2376681260502325,0.0,0.020000000000000007,1.2522617071008675,0.0,0.08789880771756178,0.15625000000000003,0.04849340527876361,0.042165759526220384,-1.2344593370927738e-67,-0.0010077975544458583,-0.17786823924324904
1770338755.1721582,1.2376681260502325,0.0,0.020000000000000007,1.2522617071008675,0.0,0.08789880771756178,0.15625000000000003,0.04849340527876361,0.042165759526220384,-9.618379745892477e-68,-0.0008490241107962852,-0.1777732691628733
1770338755.5896156,1.2376681260502325,0.0,0.020000000000000007,1.2522617071008675,0.0,0.08789880771756178,0.15625000000000003,0.04849340527876361,0.042165759526220384,-7.268778843353199e-68,-0.0008584592012437397,-0.17776305287277686
1770338756.008827,1.2376681260502325,0.0,0.020000000000000007,1.2522617071008675,0.0,0.08789880771756178,0.15625000000000003,0.04849340527876361,0.042165759526220384,-5.639009070433561e-68,-0.0003558083839222666,-0.1775610490368035
1770338756.4288087,1.2376681260502325,0.0,0.020000000000000007,1.2522617071008675,0.0,0.08789880771756178,0.15625000000000003,0.04849340527876361,0.042165759526220384,-4.313583531507637e-68,-9.908449472527598e-06,-0.17737242398129144
1770338756.854476,1.2376681260502325,0.0,0.020000000000000007,1.2522617071008675,0.0,0.08789880771756178,0.15625000000000003,0.04849340527876361,0.042165759526220384,-3.3062023061153194e-68,-0.000777888256768971,-0.17779862187222437
1770338757.2746572,1.2376681260502325,0.0,0.020000000000000007,1.2522617071008675,0.0,0.08789880771756178,0.15625000000000003,0.04849340527876361,0.042165759526220384,-2.4500073409442896e-68,-0.0010088938371790154,-0.17786042723974071
1770338757.6983924,1.2376681260502325,0.0,0.020000000000000007,1.2522617071008675,0.0,0.08789880771756178,0.15625000000000003,0.04849340527876361,0.042165759526220384,-1.6851740243995243e-68,-0.00019838282642100431,-0.17751312227739655
1770338758.1113546,1.2376681260502325,0.0,0.020000000000000007,1.2522617071008675,0.0,0.08789880771756178,0.15625000000000003,0.04849340527876361,0.042165759526220384,-1.4661639730925526e-68,-0.0004864286772364426,-0.17760489868680998
1770338758.5288858,1.2376681260502325,0.0,0.020000000000000007,1.2522617071008675,0.0,0.08789880771756178,0.15625000000000003,0.04849340527876361,0.042165759526220384,-1.0760535800339653e-68,-0.0006841319232654913,-0.17769471604934586
1770338758.944911,1.2376681260502325,0.0,0.020000000000000007,1.2522617071008675,0.0,0.08789880771756178,0.15625000000000003,0.04849340527876361,0.042165759526220384,-8.577140048949113e-69,-0.0005525219228729176,-0.17762230172458593
1770338759.3670046,1.2376681260502325,0.0,0.020000000000000007,1.2522617071008675,0.0,0.08789880771756178,0.15625000000000003,0.04849340527876361,0.042165759526220384,-6.653429504024938e-69,-0.00021459792995168626,-0.1774739711273782
1770338759.7910988,1.2376681260502325,0.0,0.020000000000000007,1.2522617071008675,0.0,0.08789880771756178,0.15625000000000003,0.04849340527876361,0.042165759526220384,-5.036945837828261e-69,-0.00040999846407979614,-0.17755741904856293
1770338760.2041333,1.2376681260502325,0.0,0.020000000000000007,1.2522617071008675,0.0,0.08789880771756178,0.15625000000000003,0.04849340527876361,0.042165759526220384,-3.9158045562035196e-69,-0.00041042644257962787,-0.17753813578225003
1770338760.6387384,1.2376681260502325,0.0,0.020000000000000007,1.2522617071008675,0.0,0.08789880771756178,0.15625000000000003,0.04849340527876361,0.042165759526220384,-2.9615175724156226e-69,-0.0003435607079351486,-0.17751134669054225
1770338761.0542264,1.2376681260502325,0.0,0.020000000000000007,1.2522617071008675,0.0,0.08789880771756178,0.15625000000000003,0.04849340527876361,0.042165759526220384,-2.2927112571366415e-69,-0.0004993841385814777,-0.1775981541754656
1770338761.480826,1.2376681260502325,0.0,0.020000000000000007,1.2522617071008675,0.0,0.08789880771756178,0.15625000000000003,0.04849340527876361,0.042165759526220384,-1.7389522626196404e-69,-0.000569847845723318,-0.17762485005668607
1770338761.9040153,1.2376681260502325,0.0,0.020000000000000007,1.2522617071008675,0.0,0.08789880771756178,0.15625000000000003,0.04849340527876361,0.042165759526220384,-1.3142311585775876e-69,0.0006382353115267418,-0.17713457042307185
1770338762.3161252,1.2376681260502325,0.0,0.020000000000000007,1.2522617071008675,0.0,0.08789880771756178,0.15625000000000003,0.04849340527876361,0.042165759526220384,-1.0203054134079503e-69,0.000477546377744787,-0.177110175467616
1770338762.7311924,1.2376681260502325,0.0,0.020000000000000007,1.2522617071008675,0.0,0.08789880771756178,0.15625000000000003,0.04849340527876361,0.042165759526220384,-7.489320806146453e-70,0.0002236441527877644,-0.17724644790921204
1770338763.1440728,1.2376681260502325,0.0,0.020000000000000007,1.2522617071008675,0.0,0.08789880771756178,0.15625000000000003,0.04849340527876361,0.042165759526220384,-5.952609503672246e-70,0.00020011804196001153,-0.17723517335321298
1770338763.555898,1.2376681260502325,0.0,0.020000000000000007,1.2522617071008675,0.0,0.08789880771756178,0.15625000000000003,0.04849340527876361,0.042165759526220384,-4.663171823381605e-70,0.0006615969687042687,-0.1770482291714325
1770338763.9783533,1.2376681260502325,0.0,0.020000000000000007,1.2522617071008675,0.0,0.08789880771756178,0.15625000000000003,0.04849340527876361,0.042165759526220384,-3.526551795332549e-70,0.00039587984513865786,-0.17716151155289747
1770338764.4035068,1.2376681260502325,0.0,0.020000000000000007,1.2522617071008675,0.0,0.08789880771756178,0.15625000000000003,0.04849340527876361,0.042165759526220384,-2.5946852478784717e-70,-0.00016467063306817867,-0.177471270127465
1770338764.827125,1.2376681260502325,0.0,0.020000000000000007,1.2522617071008675,0.0,0.08789880771756178,0.15625000000000003,0.04849340527876361,0.042165759526220384,-1.967927307179421e-70,1.0248172269664273e-05,-0.1773452475575092
1770338765.2381454,1.2376681260502325,0.0,0.020000000000000007,1.2522617071008675,0.0,0.08789880771756178,0.15625000000000003,0.04849340527876361,0.042165759526220384,-1.6161958559563296e-70,0.001051070751937117,-0.1769114266451084
1770338765.6557393,1.2376681260502325,0.0,0.020000000000000007,1.2522617071008675,0.0,0.08789880771756178,0.15625000000000003,0.04849340527876361,0.042165759526220384,-1.1833700296052124e-70,-0.0002618127236302019,-0.17759507447248207
1770338766.0770638,1.2376681260502325,0.0,0.020000000000000007,1.2522617071008675,0.0,0.08789880771756178,0.15625000000000003,0.04849340527876361,0.042165759526220384,-8.979576636205644e-71,-0.00010679198009031998,-0.17740177782750938
1770338766.49187,1.2376681260502325,0.0,0.020000000000000007,1.2522617071008675,0.0,0.08789880771756178,0.15625000000000003,0.04849340527876361,0.042165759526220384,-7.361058696969056e-71,-0.0005758880208757424,-0.17766773337762665
1770338766.9073977,1.2376681260502325,0.0,0.020000000000000007,1.2522617071008675,0.0,0.08789880771756178,0.15625000000000003,0.04849340527876361,0.042165759526220384,-5.268160582734839e-71,0.00045631163386165526,-0.17720794391165312
1770338767.322816,1.2376681260502325,0.0,0.020000000000000007,1.2522617071008675,0.0,0.08789880771756178,0.15625000000000003,0.04849340527876361,0.042165759526220384,-4.077459419353678e-71,0.00042331096257993344,-0.17712452434894843
1770338767.7485158,1.2376681260502325,0.0,0.020000000000000007,1.2522617071008675,0.0,0.08789880771756178,0.15625000000000003,0.04849340527876361,0.042165759526220384,-3.1136967009627833e-71,-6.067391554342175e-05,-0.17741161520869425
1770338768.160702,1.2376681260502325,0.0,0.020000000000000007,1.2522617071008675,0.0,0.08789880771756178,0.15625000000000003,0.04849340527876361,0.042165759526220384,-2.2956915931880976e-71,-0.0003474243049200776,-0.17753526695450791
1770338768.5771232,1.2376681260502325,0.0,0.020000000000000007,1.2522617071008675,0.0,0.08789880771756178,0.15625000000000003,0.04849340527876361,0.042165759526220384,-1.8876379027328532e-71,-0.0004636493828586678,-0.17757632696233341
1770338769.0216415,1.2376681260502325,0.0,0.020000000000000007,1.2522617071008675,0.0,0.08789880771756178,0.15625000000000003,0.04849340527876361,0.042165759526220384,-1.401031164869375e-71,-0.0010990513320677244,-0.177945945624065
1770338769.4529333,1.2376681260502325,0.0,0.020000000000000007,1.2522617071008675,0.0,0.08789880771756178,0.15625000000000003,0.04849340527876361,0.042165759526220384,-1.0912782743015545e-71,-0.00046600527572789773,-0.17762918700660815
1770338769.877797,1.2376681260502325,0.0,0.020000000000000007,1.2522617071008675,0.0,0.08789880771756178,0.15625000000000003,0.04849340527876361,0.042165759526220384,-8.265143053192593e-72,-0.0008658723793217873,-0.1778058026631305
1770338770.3079329,1.2376681260502325,0.0,0.020000000000000007,1.2522617071008675,0.0,0.08789880771756178,0.15625000000000003,0.04849340527876361,0.042165759526220384,-6.267382919922845e-72,0.00020870029839174353,-0.17733598688168573
1770338770.7226295,1.2376681260502325,0.0,0.020000000000000007,1.2522617071008675,0.0,0.08789880771756178,0.15625000000000003,0.04849340527876361,0.042165759526220384,-4.871646417590855e-72,-0.0007380624724951775,-0.1777965872764465
1770338771.1320624,1.2376681260502325,0.0,0.020000000000000007,1.2522617071008675,0.0,0.08789880771756178,0.15625000000000003,0.04849340527876361,0.042165759526220384,-3.573332241020309e-72,-0.0012022599189140657,-0.17798042946720916
1770338771.5546255,1.2376681260502325,0.0,0.020000000000000007,1.2522617071008675,0.0,0.08789880771756178,0.15625000000000003,0.04849340527876361,0.042165759526220384,-2.857446306534716e-72,-0.0008936091009179869,-0.17781054939536883
1770338771.973697,1.2376681260502325,0.0,0.020000000000000007,1.2522617071008675,0.0,0.08789880771756178,0.15625000000000003,0.04849340527876361,0.042165759526220384,-2.221959147460958e-72,-0.0006183643480939103,-0.17766958641243957
1770338772.382855,1.2376681260502325,0.0,0.020000000000000007,1.2522617071008675,0.0,0.08789880771756178,0.15625000000000003,0.04849340527876361,0.042165759526220384,-1.6513227149135955e-72,-0.001065799743420319,-0.17791052317435302
1770338772.8022013,1.2376681260502325,0.0,0.020000000000000007,1.2522617071008675,0.0,0.08789880771756178,0.15625000000000003,0.04849340527876361,0.042165759526220384,-1.1525438279829835e-72,-0.0007914457333759245,-0.17775603803080262
1770338773.2289007,1.2376681260502325,0.0,0.020000000000000007,1.2522617071008675,0.0,0.08789880771756178,0.15625000000000003,0.04849340527876361,0.042165759526220384,-9.877543485539996e-73,-0.0011182186825000895,-0.17792466639927268
1770338773.6424344,1.2376681260502325,0.0,0.020000000000000007,1.2522617071008675,0.0,0.08789880771756178,0.15625000000000003,0.04849340527876361,0.042165759526220384,-7.617742532964102e-73,-5.831022881499094e-05,-0.17746802572288622
1770338774.0592883,1.2376681260502325,0.0,0.020000000000000007,1.2522617071008675,0.0,0.08789880771756178,0.15625000000000003,0.04849340527876361,0.042165759526220384,-5.790468578878463e-73,-0.0007557491857557044,-0.17778049825168213
1770338774.4847069,1.2376681260502325,0.0,0.020000000000000007,1.2522617071008675,0.0,0.08789880771756178,0.15625000000000003,0.04849340527876361,0.042165759526220384,-4.4434073950683663e-73,-0.00032347210147928883,-0.1775378435222775
1770338774.9080803,1.2376681260502325,0.0,0.020000000000000007,1.2522617071008675,0.0,0.08789880771756178,0.15625000000000003,0.04849340527876361,0.042165759526220384,-3.4057682654191254e-73,-0.0004350766287752726,-0.17756157853022744
1770338775.3282068,1.2376681260502325,0.0,0.020000000000000007,1.2522617071008675,0.0,0.08789880771756178,0.15625000000000003,0.04849340527876361,0.042165759526220384,-2.6226631002067138e-73,-0.00025456071707036893,-0.1774782117128159
1770338775.742653,1.2376681260502325,0.0,0.020000000000000007,1.2522617071008675,0.0,0.08789880771756178,0.15625000000000003,0.04849340527876361,0.042165759526220384,-1.999977079978167e-73,-4.4676477666628044e-05,-0.17737620642588392
1770338776.156796,1.2376681260502325,0.0,0.020000000000000007,1.2522617071008675,0.0,0.08789880771756178,0.15625000000000003,0.04849340527876361,0.042165759526220384,-1.3685523374434243e-73,0.0004421717318349951,-0.1771604787181429
1770338776.569767,1.2376681260502325,0.0,0.020000000000000007,1.2522617071008675,0.0,0.08789880771756178,0.15625000000000003,0.04849340527876361,0.042165759526220384,-1.2026947253816471e-73,0.00020162820679958134,-0.17725612001221397
1770338776.9929695,1.2376681260502325,0.0,0.020000000000000007,1.2522617071008675,0.0,0.08789880771756178,0.15625000000000003,0.04849340527876361,0.042165759526220384,-8.618494251744387e-74,-0.0003258039761432454,-0.17754852496947612
1770338777.420164,1.2376681260502325,0.0,0.020000000000000007,1.2522617071008675,0.0,0.08789880771756178,0.15625000000000003,0.04849340527876361,0.042165759526220384,-6.881213922339071e-74,-0.0004880008823386295,-0.17759309989489908
1770338777.8331106,1.2376681260502325,0.0,0.020000000000000007,1.2522617071008675,0.0,0.08789880771756178,0.15625000000000003,0.04849340527876361,0.042165759526220384,-5.3721890630262074e-74,0.00064966196149373,-0.1771218150667466
1770338778.2563515,1.2376681260502325,0.0,0.020000000000000007,1.2522617071008675,0.0,0.08789880771756178,0.15625000000000003,0.04849340527876361,0.042165759526220384,-4.172262131722817e-74,0.00020148681484271122,-0.17727695387035394
1770338778.6748445,1.2376681260502325,0.0,0.020000000000000007,1.2522617071008675,0.0,0.08789880771756178,0.15625000000000003,0.04849340527876361,0.042165759526220384,-3.1507383518469976e-74,0.00034985735890537663,-0.1771727881380638
1770338779.08504,1.2376681260502325,0.0,0.020000000000000007,1.2522617071008675,0.0,0.08789880771756178,0.15625000000000003,0.04849340527876361,0.042165759526220384,-2.324631344944924e-74,-0.00018530457104324683,-0.17747904824162672
1770338779.5049493,1.2376681260502325,0.0,0.020000000000000007,1.2522617071008675,0.0,0.08789880771756178,0.15625000000000003,0.04849340527876361,0.042165759526220384,-1.7588494711843943e-74,-0.000573966513821237,-0.17765872921429862
1770338779.9219606,1.2376681260502325,0.0,0.020000000000000007,1.2522617071008675,0.0,0.08789880771756178,0.15625000000000003,0.04849340527876361,0.042165759526220384,-1.3878457512837139e-74,-0.0008469247155913029,-0.1777836379410829
1770338780.338852,1.2376681260502325,0.0,0.020000000000000007,1.2522617071008675,0.0,0.08789880771756178,0.15625000000000003,0.04849340527876361,0.042165759526220384,-1.0929763954244707e-74,-0.0008190171139056316,-0.1777451790802316
1770338780.7866716,1.2376681260502325,0.0,0.020000000000000007,1.2522617071008675,0.0,0.08789880771756178,0.15625000000000003,0.04849340527876361,0.042165759526220384,-8.497711540261335e-75,-0.0009613389906295805,-0.17782778144609743
1770338781.2093067,1.2376681260502325,0.0,0.020000000000000007,1.2522617071008675,0.0,0.08789880771756178,0.15625000000000003,0.04849340527876361,0.042165759526220384,-6.438384459752628e-75,-0.0009748331903826533,-0.17782164577827686
1770338781.616307,1.2376681260502325,0.0,0.020000000000000007,1.2522617071008675,0.0,0.08789880771756178,0.15625000000000003,0.04849340527876361,0.042165759526220384,-4.944532259659972e-75,-0.00038225984828285235,-0.17758326702146163
1770338782.0279288,1.2376681260502325,0.0,0.020000000000000007,1.2522617071008675,0.0,0.08789880771756178,0.15625000000000003,0.04849340527876361,0.042165759526220384,-3.7870163486888764e-75,-0.000907459246684961,-0.1778391293262929
1770338782.449813,1.2376681260502325,0.0,0.020000000000000007,1.2522617071008675,0.0,0.08789880771756178,0.15625000000000003,0.04849340527876361,0.042165759526220384,-2.781182002099445e-75,-0.0008584774666175526,-0.17776701667442574
1770338782.870954,1.2376681260502325,0.0,0.020000000000000007,1.2522617071008675,0.0,0.08789880771756178,0.15625000000000003,0.04849340527876361,0.042165759526220384,-2.2210306331614337e-75,-0.0008769232950572908,-0.17777318599348282
1770338783.2868085,1.2376681260502325,0.0,0.020000000000000007,1.2522617071008675,0.0,0.08789880771756178,0.15625000000000003,0.04849340527876361,0.042165759526220384,-1.7287119911626901e-75,-0.0006400401055005854,-0.17767658813481618
1770338783.706801,1.2376681260502325,0.0,0.020000000000000007,1.2522617071008675,0.0,0.08789880771756178,0.15625000000000003,0.04849340527876361,0.042165759526220384,-1.2370946370103144e-75,-0.00041973506115062484,-0.17756477779812052
1770338784.136231,1.2376681260502325,0.0,0.020000000000000007,1.2522617071008675,0.0,0.08789880771756178,0.15625000000000003,0.04849340527876361,0.042165759526220384,-9.626072593088469e-76,0.0002617749362202802,-0.17727014329473717
1770338784.5659664,1.2376681260502325,0.0,0.020000000000000007,1.2522617071008675,0.0,0.08789880771756178,0.15625000000000003,0.04849340527876361,0.042165759526220384,-7.758072340125018e-76,0.0002013712857321872,-0.17723823448529294
1770338784.991673,1.2376681260502325,0.0,0.020000000000000007,1.2522617071008675,0.0,0.08789880771756178,0.15625000000000003,0.04849340527876361,0.042165759526220384,-5.912308418555533e-76,0.00034581311049167217,-0.17717441739034034
1770338785.4041677,1.2376681260502325,0.0,0.020000000000000007,1.2522617071008675,0.0,0.08789880771756178,0.15625000000000003,0.04849340527876361,0.042165759526220384,-4.5904221625075506e-76,0.000490210590045582,-0.17710221421604283
1770338785.8176525,1.2376681260502325,0.0,0.020000000000000007,1.2522617071008675,0.0,0.08789880771756178,0.15625000000000003,0.04849340527876361,0.042165759526220384,-3.572839828834441e-76,-0.0003383533629794626,-0.17758491283990246
1770338786.2310603,1.2376681260502325,0.0,0.020000000000000007,1.2522617071008675,0.0,0.08789880771756178,0.15625000000000003,0.04849340527876361,0.042165759526220384,-2.699668327321315e-76,0.0007794457446663999,-0.1770549368015416
1770338786.6524336,1.2376681260502325,0.0,0.020000000000000007,1.2522617071008675,0.0,0.08789880771756178,0.15625000000000003,0.04849340527876361,0.042165759526220384,-2.1043673579099277e-76,0.00031019238020314657,-0.17722470890945496
1770338787.0669446,1.2376681260502325,0.0,0.020000000000000007,1.2522617071008675,0.0,0.08789880771756178,0.15625000000000003,0.04849340527876361,0.042165759526220384,-1.5933527805841103e-76,-0.00010637825167016655,-0.17742772595213266
1770338787.485726,1.2376681260502325,0.0,0.020000000000000007,1.2522617071008675,0.0,0.08789880771756178,0.15625000000000003,0.04849340527876361,0.042165759526220384,-1.1723359301069405e-76,-0.00021493214745233282,-0.17745120122641458
1770338787.9178479,1.2376681260502325,0.0,0.020000000000000007,1.2522617071008675,0.0,0.08789880771756178,0.15625000000000003,0.04849340527876361,0.042165759526220384,-8.378917013700311e-77,0.0005831015489486044,-0.177121132358276
1770338788.329489,1.2376681260502325,0.0,0.020000000000000007,1.2522617071008675,0.0,0.08789880771756178,0.15625000000000003,0.04849340527876361,0.042165759526220384,-7.273748541144539e-77,0.0008263310549890012,-0.17694403718621976
1770338788.7412667,1.2376681260502325,0.0,0.020000000000000007,1.2522617071008675,0.0,0.08789880771756178,0.15625000000000003,0.04849340527876361,0.042165759526220384,-5.4922866446478264e-77,-2.3223326269070793e-05,-0.17742944686437057
1770338789.1734316,1.2376681260502325,0.0,0.020000000000000007,1.2522617071008675,0.0,0.08789880771756178,0.15625000000000003,0.04849340527876361,0.042165759526220384,-4.228297383355078e-77,0.0004415858336412178,-0.17715856776228062
1770338789.5886014,1.2376681260502325,0.0,0.020000000000000007,1.2522617071008675,0.0,0.08789880771756178,0.15625000000000003,0.04849340527876361,0.042165759526220384,-3.0043198426116735e-77,-4.365553269398753e-05,-0.17740323166609073
1770338790.008031,1.2376681260502325,0.0,0.020000000000000007,1.2522617071008675,0.0,0.08789880771756178,0.15625000000000003,0.04849340527876361,0.042165759526220384,-2.5039190473739947e-77,0.0006467211151724699,-0.17707855687031063
1770338790.4257715,1.2376681260502325,0.0,0.020000000000000007,1.2522617071008675,0.0,0.08789880771756178,0.15625000000000003,0.04849340527876361,0.042165759526220384,-1.896175343009461e-77,-0.0002196531214418893,-0.1775293437474926
1770338790.842577,1.2376681260502325,0.0,0.020000000000000007,1.2522617071008675,0.0,0.08789880771756178,0.15625000000000003,0.04849340527876361,0.042165759526220384,-1.464689349538367e-77,-0.0007656863171792333,-0.1777703262412736
1770338791.2613842,1.2376681260502325,0.0,0.020000000000000007,1.2522617071008675,0.0,0.08789880771756178,0.15625000000000003,0.04849340527876361,0.042165759526220384,-1.0523790447616381e-77,-0.0006867240228171327,-0.177684138003955
1770338791.68721,1.2376681260502325,0.0,0.020000000000000007,1.2522617071008675,0.0,0.08789880771756178,0.15625000000000003,0.04849340527876361,0.042165759526220384,-8.609267153983152e-78,-0.0003199164280462152,-0.17752951873661044
1770338792.1209042,1.2376681260502325,0.0,0.020000000000000007,1.2522617071008675,0.0,0.08789880771756178,0.15625000000000003,0.04849340527876361,0.042165759526220384,-6.226902185185347e-78,-0.0005568561361946803,-0.1776350018020224
1770338792.5366936,1.2376681260502325,0.0,0.020000000000000007,1.2522617071008675,0.0,0.08789880771756178,0.15625000000000003,0.04849340527876361,0.042165759526220384,-5.094115001956328e-78,-0.0011562489203595925,-0.1779709435017065
1770338792.957912,1.2376681260502325,0.0,0.020000000000000007,1.2522617071008675,0.0,0.08789880771756178,0.15625000000000003,0.04849340527876361,0.042165759526220384,-3.8595991971237724e-78,-0.0004292658162852403,-0.17762021098166028
1770338793.3787618,1.2376681260502325,0.0,0.020000000000000007,1.2522617071008675,0.0,0.08789880771756178,0.15625000000000003,0.04849340527876361,0.042165759526220384,-2.672897181301807e-78,5.222441550507996e-05,-0.17735491657853672
1770338793.8011978,1.2376681260502325,0.0,0.020000000000000007,1.2522617071008675,0.0,0.08789880771756178,0.15625000000000003,0.04849340527876361,0.042165759526220384,-2.2658696960501676e-78,-0.0006253824269634795,-0.1777133316608388
1770338794.2240705,1.2376681260502325,0.0,0.020000000000000007,1.2522617071008675,0.0,0.08789880771756178,0.15625000000000003,0.04849340527876361,0.042165759526220384,-1.5167048904668155e-78,-0.0009565276937495051,-0.17784425813666357
1770338794.641158,1.2376681260502325,0.0,0.020000000000000007,1.2522617071008675,0.0,0.08789880771756178,0.15625000000000003,0.04849340527876361,0.042165759526220384,-1.2624342198501613e-78,0.00010008442310976879,-0.17738849876324125
1770338795.060307,1.2376681260502325,0.0,0.020000000000000007,1.2522617071008675,0.0,0.08789880771756178,0.15625000000000003,0.04849340527876361,0.042165759526220384,-9.157249614326384e-79,-0.00013003377113717445,-0.1774209084681035
1770338795.4740481,1.2376681260502325,0.0,0.020000000000000007,1.2522617071008675,0.0,0.08789880771756178,0.15625000000000003,0.04849340527876361,0.042165759526220384,-7.410330277750836e-79,-1.6030216841403795e-05,-0.1773522952269605
1770338795.908648,1.2376681260502325,0.0,0.020000000000000007,1.2522617071008675,0.0,0.08789880771756178,0.15625000000000003,0.04849340527876361,0.042165759526220384,-5.610916176780656e-79,0.0001279955605301205,-0.17728328456058232
1770338796.3276353,1.2376681260502325,0.0,0.020000000000000007,1.2522617071008675,0.0,0.08789880771756178,0.15625000000000003,0.04849340527876361,0.042165759526220384,-4.3268673975862705e-79,3.9894800499671874e-05,-0.17732174243886342
1770338796.7411141,1.2376681260502325,0.0,0.020000000000000007,1.2522617071008675,0.0,0.08789880771756178,0.15625000000000003,0.04849340527876361,0.042165759526220384,-3.3309157286658567e-79,-0.00015845778082876897,-0.17743194391165745
1770338797.1702628,1.2376681260502325,0.0,0.020000000000000007,1.2522617071008675,0.0,0.08789880771756178,0.15625000000000003,0.04849340527876361,0.042165759526220384,-2.563050197720707e-79,0.00023009070929086342,-0.17725668925747676
1770338797.5899951,1.2376681260502325,0.0,0.020000000000000007,1.2522617071008675,0.0,0.08789880771756178,0.15625000000000003,0.04849340527876361,0.042165759526220384,-1.9362459375699327e-79,0.00042967055938664274,-0.17713800246842648
1770338798.005507,1.2376681260502325,0.0,0.020000000000000007,1.2522617071008675,0.0,0.08789880771756178,0.15625000000000003,0.04849340527876361,0.042165759526220384,-1.4846655369654772e-79,0.00038062643530570957,-0.17714747095786545
1770338798.4296634,1.2376681260502325,0.0,0.020000000000000007,1.2522617071008675,0.0,0.08789880771756178,0.15625000000000003,0.04849340527876361,0.042165759526220384,-1.0951111287821115e-79,-0.0003085629706328131,-0.17755608018902047
1770338798.8645546,1.2376681260502325,0.0,0.020000000000000007,1.2522617071008675,0.0,0.08789880771756178,0.15625000000000003,0.04849340527876361,0.042165759526220384,-8.600794310308153e-80,0.0005513797249611588,-0.17714318417018904
1770338799.2778983,1.2376681260502325,0.0,0.020000000000000007,1.2522617071008675,0.0,0.08789880771756178,0.15625000000000003,0.04849340527876361,0.042165759526220384,-6.682794275708988e-80,0.00016879435191672368,-0.1772867411244563
1770338799.6887813,1.2376681260502325,0.0,0.020000000000000007,1.2522617071008675,0.0,0.08789880771756178,0.15625000000000003,0.04849340527876361,0.042165759526220384,-5.077911478738545e-80,-0.0004554649175112982,-0.17762303814880867
1770338800.1141305,1.2376681260502325,0.0,0.020000000000000007,1.2522617071008675,0.0,0.08789880771756178,0.15625000000000003,0.04849340527876361,0.042165759526220384,-3.908924055396127e-80,-0.0005194672690509397,-0.17759901363278965
1770338800.544203,1.2376681260502325,0.0,0.020000000000000007,1.2522617071008675,0.0,0.08789880771756178,0.15625000000000003,0.04849340527876361,0.042165759526220384,-2.648690842396808e-80,-0.0001729827275111491,-0.17745401958101978
1770338800.9581997,1.2376681260502325,0.0,0.020000000000000007,1.2522617071008675,0.0,0.08789880771756178,0.15625000000000003,0.04849340527876361,0.042165759526220384,-2.334440226889103e-80,-0.0003967559432646079,-0.17755363505631785
1770338801.3753555,1.2376681260502325,0.0,0.020000000000000007,1.2522617071008675,0.0,0.08789880771756178,0.15625000000000003,0.04849340527876361,0.042165759526220384,-1.8181666903936147e-80,-0.0005844834463150112,-0.17764389423657276
1770338801.7955978,1.2376681260502325,0.0,0.020000000000000007,1.2522617071008675,0.0,0.08789880771756178,0.15625000000000003,0.04849340527876361,0.042165759526220384,-1.3745614006376804e-80,-0.000841614358009538,-0.17777940003328443
1770338802.2303545,1.2376681260502325,0.0,0.020000000000000007,1.2522617071008675,0.0,0.08789880771756178,0.15625000000000003,0.04849340527876361,0.042165759526220384,-1.0480044006308099e-80,-0.00028302726256620157,-0.17753025210393766
1770338802.646091,1.2376681260502325,0.0,0.020000000000000007,1.2522617071008675,0.0,0.08789880771756178,0.15625000000000003,0.04849340527876361,0.042165759526220384,-8.12468583921565e-81,-0.0004893826878510565,-0.17759820664956424
1770338803.0700848,1.2376681260502325,0.0,0.020000000000000007,1.2522617071008675,0.0,0.08789880771756178,0.15625000000000003,0.04849340527876361,0.042165759526220384,-6.15615867457362e-81,-0.0011132406131664815,-0.177951885862225
1770338803.4845161,1.2376681260502325,0.0,0.020000000000000007,1.2522617071008675,0.0,0.08789880771756178,0.15625000000000003,0.04849340527876361,0.042165759526220384,-4.772377250235072e-81,-0.00024307376899539444,-0.17754143333202502
1770338803.8986347,1.2376681260502325,0.0,0.020000000000000007,1.2522617071008675,0.0,0.08789880771756178,0.15625000000000003,0.04849340527876361,0.042165759526220384,-3.605462863477623e-81,-0.0008177750894404194,-0.1777992374398749
1770338804.323119,1.2376681260502325,0.0,0.020000000000000007,1.2522617071008675,0.0,0.08789880771756178,0.15625000000000003,0.04849340527876361,0.042165759526220384,-2.6440093905527166e-81,0.00010193915127165959,-0.1773738816115456
1770338804.7394917,1.2376681260502325,0.0,0.020000000000000007,1.2522617071008675,0.0,0.08789880771756178,0.15625000000000003,0.04849340527876361,0.042165759526220384,-2.115633375245982e-81,0.000530083645093543,-0.17711065238994564
1770338805.1534886,1.2376681260502325,0.0,0.020000000000000007,1.2522617071008675,0.0,0.08789880771756178,0.15625000000000003,0.04849340527876361,0.042165759526220384,-1.6443339045655138e-81,0.0002322203681715142,-0.17724655590671667
1770338805.566869,1.2376681260502325,0.0,0.020000000000000007,1.2522617071008675,0.0,0.08789880771756178,0.15625000000000003,0.04849340527876361,0.042165759526220384,-1.2768113479803402e-81,0.0006145779541286366,-0.17706382654464162
1770338805.9843495,1.2376681260502325,0.0,0.020000000000000007,1.2522617071008675,0.0,0.08789880771756178,0.15625000000000003,0.04849340527876361,0.042165759526220384,-9.137247615885967e-82,0.0002887617632181567,-0.1772210805005922
1770338806.414825,1.2376681260502325,0.0,0.020000000000000007,1.2522617071008675,0.0,0.08789880771756178,0.15625000000000003,0.04849340527876361,0.042165759526220384,-7.097042615518688e-82,0.0004159850704762657,-0.1771376095585979
1770338806.876001,1.2376681260502325,0.0,0.020000000000000007,1.2522617071008675,0.0,0.08789880771756178,0.15625000000000003,0.04849340527876361,0.042165759526220384,-5.23921573944424e-82,-4.168218741304865e-05,-0.17739948758260568
1770338807.2988005,1.2376681260502325,0.0,0.020000000000000007,1.2522617071008675,0.0,0.08789880771756178,0.15625000000000003,0.04849340527876361,0.042165759526220384,-4.1939123522206814e-82,-0.00018236204148495952,-0.17743812876925988
1770338807.7099655,1.2376681260502325,0.0,0.020000000000000007,1.2522617071008675,0.0,0.08789880771756178,0.15625000000000003,0.04849340527876361,0.042165759526220384,-3.269132053744523e-82,0.0006433966355996821,-0.17709375731301885
1770338808.123591,1.2376681260502325,0.0,0.020000000000000007,1.2522617071008675,0.0,0.08789880771756178,0.15625000000000003,0.04849340527876361,0.042165759526220384,-2.4033832623257078e-82,0.00112977921731812,-0.176816628412623
1770338808.5351324,1.2376681260502325,0.0,0.020000000000000007,1.2522617071008675,0.0,0.08789880771756178,0.15625000000000003,0.04849340527876361,0.042165759526220384,-1.968285193282352e-82,0.00013509091501337972,-0.17736480313583403
1770338808.9614813,1.2376681260502325,0.0,0.020000000000000007,1.2522617071008675,0.0,0.08789880771756178,0.15625000000000003,0.04849340527876361,0.042165759526220384,-1.4937562701979707e-82,0.00012750425207340888,-0.1772698863033675
1770338809.3805711,1.2376681260502325,0.0,0.020000000000000007,1.2522617071008675,0.0,0.08789880771756178,0.15625000000000003,0.04849340527876361,0.042165759526220384,-1.1301578060331852e-82,-0.000808247840223265,-0.17783057889245152
1770338809.807147,1.2376681260502325,0.0,0.020000000000000007,1.2522617071008675,0.0,0.08789880771756178,0.15625000000000003,0.04849340527876361,0.042165759526220384,-8.790899581488282e-83,-0.0008598875437471515,-0.17776798750533618
1770338810.2259355,1.2376681260502325,0.0,0.020000000000000007,1.2522617071008675,0.0,0.08789880771756178,0.15625000000000003,0.04849340527876361,0.042165759526220384,-6.557992329356636e-83,-0.0008108549320598175,-0.17774321049030886
1770338810.6418662,1.2376681260502325,0.0,0.020000000000000007,1.2522617071008675,0.0,0.08789880771756178,0.15625000000000003,0.04849340527876361,0.042165759526220384,-5.1192910198985636e-83,-0.0007562372747914233,-0.17771646016623277
1770338811.0543818,1.2376681260502325,0.0,0.020000000000000007,1.2522617071008675,0.0,0.08789880771756178,0.15625000000000003,0.04849340527876361,0.042165759526220384,-4.02564110488027e-83,-0.00034795359874243163,-0.17754768493008635
1770338811.4695265,1.2376681260502325,0.0,0.020000000000000007,1.2522617071008675,0.0,0.08789880771756178,0.15625000000000003,0.04849340527876361,0.042165759526220384,-2.8808810139520132e-83,-0.0004924412575477306,-0.1775935491577646
1770338811.8798654,1.2376681260502325,0.0,0.020000000000000007,1.2522617071008675,0.0,0.08789880771756178,0.15625000000000003,0.04849340527876361,0.042165759526220384,-2.2381541255762692e-83,-0.0007226112382594273,-0.1777172023803111
1770338812.2950773,1.2376681260502325,0.0,0.020000000000000007,1.2522617071008675,0.0,0.08789880771756178,0.15625000000000003,0.04849340527876361,0.042165759526220384,-1.735132633905093e-83,-0.0007323948624793325,-0.17770005555677187
1770338812.7123556,1.2376681260502325,0.0,0.020000000000000007,1.2522617071008675,0.0,0.08789880771756178,0.15625000000000003,0.04849340527876361,0.042165759526220384,-1.2398742545805645e-83,-0.0004169174874492322,-0.17757288624433787
1770338813.1402216,1.2376681260502325,0.0,0.020000000000000007,1.2522617071008675,0.0,0.08789880771756178,0.15625000000000003,0.04849340527876361,0.042165759526220384,-1.0771190568588473e-83,0.000500232868323275,-0.17717447836452582
1770338813.556365,1.2376681260502325,0.0,0.020000000000000007,1.2522617071008675,0.0,0.08789880771756178,0.15625000000000003,0.04849340527876361,0.042165759526220384,-8.1421361966388515e-84,0.00042139454534862234,-0.17713006632273337
1770338813.9727623,1.2376681260502325,0.0,0.020000000000000007,1.2522617071008675,0.0,0.08789880771756178,0.15625000000000003,0.04849340527876361,0.042165759526220384,-6.323035520416109e-84,0.00023237668720813763,-0.1772355932053202
1770338814.3870409,1.2376681260502325,0.0,0.020000000000000007,1.2522617071008675,0.0,0.08789880771756178,0.15625000000000003,0.04849340527876361,0.042165759526220384,-4.774904040175368e-84,0.0004805943622573267,-0.17711740434948647
1770338814.8249445,1.2376681260502325,0.0,0.020000000000000007,1.2522617071008675,0.0,0.08789880771756178,0.15625000000000003,0.04849340527876361,0.042165759526220384,-3.4215891758696393e-84,0.00023434498976649754,-0.17724033220547605
1770338815.2436125,1.2376681260502325,0.0,0.020000000000000007,1.2522617071008675,0.0,0.08789880771756178,0.15625000000000003,0.04849340527876361,0.042165759526220384,-2.657677026866673e-84,-0.00020216608145470267,-0.1774776139109597
1770338815.6668859,1.2376681260502325,0.0,0.020000000000000007,1.2522617071008675,0.0,0.08789880771756178,0.15625000000000003,0.04849340527876361,0.042165759526220384,-2.178762730534645e-84,-0.0006080323787738878,-0.17767748258222907
1770338816.083291,1.2376681260502325,0.0,0.020000000000000007,1.2522617071008675,0.0,0.08789880771756178,0.15625000000000003,0.04849340527876361,0.042165759526220384,-1.6474376605010076e-84,0.0008914443873164314,-0.17703710524606103
1770338816.508452,1.2376681260502325,0.0,0.020000000000000007,1.2522617071008675,0.0,0.08789880771756178,0.15625000000000003,0.04849340527876361,0.042165759526220384,-1.2479111153481023e-84,-2.036630107833231e-05,-0.17743424398248886
1770338816.9214885,1.2376681260502325,0.0,0.020000000000000007,1.2522617071008675,0.0,0.08789880771756178,0.15625000000000003,0.04849340527876361,0.042165759526220384,-8.337364646432653e-85,-0.0009009109135053309,-0.17787138968110558
1770338817.350715,1.2376681260502325,0.0,0.020000000000000007,1.2522617071008675,0.0,0.08789880771756178,0.15625000000000003,0.04849340527876361,0.042165759526220384,-7.352746243458769e-85,-0.0007114278835842545,-0.17770754200789443
1770338817.7630994,1.2376681260502325,0.0,0.020000000000000007,1.2522617071008675,0.0,0.08789880771756178,0.15625000000000003,0.04849340527876361,0.042165759526220384,-5.423748007916552e-85,-0.0008274335650533258,-0.1777581971137838
1770338818.1843967,1.2376681260502325,0.0,0.020000000000000007,1.2522617071008675,0.0,0.08789880771756178,0.15625000000000003,0.04849340527876361,0.042165759526220384,-4.4574439978013236e-85,-0.0006199547757372198,-0.17766360502991044
1770338818.5964046,1.2376681260502325,0.0,0.020000000000000007,1.2522617071008675,0.0,0.08789880771756178,0.15625000000000003,0.04849340527876361,0.042165759526220384,-3.379941887918952e-85,-0.0007852772895960193,-0.1777420506592941
1770338819.0152624,1.2376681260502325,0.0,0.020000000000000007,1.2522617071008675,0.0,0.08789880771756178,0.15625000000000003,0.04849340527876361,0.042165759526220384,-2.44865716458455e-85,-0.0008187976805738244,-0.17774563064249493
1770338819.4308486,1.2376681260502325,0.0,0.020000000000000007,1.2522617071008675,0.0,0.08789880771756178,0.15625000000000003,0.04849340527876361,0.042165759526220384,-1.9882339287671558e-85,-6.763935053632317e-05,-0.17744181527138214
1770338819.8472903,1.2376681260502325,0.0,0.020000000000000007,1.2522617071008675,0.0,0.08789880771756178,0.15625000000000003,0.04849340527876361,0.042165759526220384,-1.378612573558393e-85,0.0003567527193183573,-0.1771969426104365
1770338820.269417,1.2376681260502325,0.0,0.020000000000000007,1.2522617071008675,0.0,0.08789880771756178,0.15625000000000003,0.04849340527876361,0.042165759526220384,-1.1044484471837932e-85,0.00018872017381787694,-0.17725532293075133
1770338820.6837678,1.2376681260502325,0.0,0.020000000000000007,1.2522617071008675,0.0,0.08789880771756178,0.15625000000000003,0.04849340527876361,0.042165759526220384,-9.063376726308882e-86,0.00018213898231549003,-0.1772424683911027
1770338821.1009576,1.2376681260502325,0.0,0.020000000000000007,1.2522617071008675,0.0,0.08789880771756178,0.15625000000000003,0.04849340527876361,0.042165759526220384,-6.746849682413792e-86,9.812595973540694e-05,-0.17729221808550052
1770338821.5132663,1.2376681260502325,0.0,0.020000000000000007,1.2522617071008675,0.0,0.08789880771756178,0.15625000000000003,0.04849340527876361,0.042165759526220384,-5.044521607710427e-86,0.00068003489989446,-0.1770510532071789
1770338821.92823,1.2376681260502325,0.0,0.020000000000000007,1.2522617071008675,0.0,0.08789880771756178,0.15625000000000003,0.04849340527876361,0.042165759526220384,-3.91247877107219e-86,0.000615184740835412,-0.17703177240859844
1770338822.3426454,1.2376681260502325,0.0,0.020000000000000007,1.2522617071008675,0.0,0.08789880771756178,0.15625000000000003,0.04849340527876361,0.042165759526220384,-2.970988050373723e-86,-0.00017148015837096235,-0.17749728633221634
1770338822.7650332,1.2376681260502325,0.0,0.020000000000000007,1.2522617071008675,0.0,0.08789880771756178,0.15625000000000003,0.04849340527876361,0.042165759526220384,-2.3087521401287346e-86,-0.00044391665938210977,-0.17758208174290238
1770338823.2027807,1.2376681260502325,0.0,0.020000000000000007,1.2522617071008675,0.0,0.08789880771756178,0.15625000000000003,0.04849340527876361,0.042165759526220384,-1.7380941285137824e-86,-0.00035282140750322546,-0.17751839999204974
1770338823.6260955,1.2376681260502325,0.0,0.020000000000000007,1.2522617071008675,0.0,0.08789880771756178,0.15625000000000003,0.04849340527876361,0.042165759526220384,-1.2527579269683163e-86,0.00023190096728417284,-0.17727540151694687
1770338824.0542145,1.2376681260502325,0.0,0.020000000000000007,1.2522617071008675,0.0,0.08789880771756178,0.15625000000000003,0.04849340527876361,0.042165759526220384,-9.728925240642796e-87,-0.0007199242638287649,-0.1777880244181359
1770338824.476632,1.2376681260502325,0.0,0.020000000000000007,1.2522617071008675,0.0,0.08789880771756178,0.15625000000000003,0.04849340527876361,0.042165759526220384,-7.782292147062282e-87,-0.000476753652111514,-0.1775955736503377
1770338824.9027226,1.2376681260502325,0.0,0.020000000000000007,1.2522617071008675,0.0,0.08789880771756178,0.15625000000000003,0.04849340527876361,0.042165759526220384,-5.266766547361081e-87,-0.0001722718252972789,-0.17744946385844027
1770338825.3131282,1.2376681260502325,0.0,0.020000000000000007,1.2522617071008675,0.0,0.08789880771756178,0.15625000000000003,0.04849340527876361,0.042165759526220384,-4.57719930771166e-87,4.8388215227501143e-05,-0.17733075165954892
1770338825.7296534,1.2376681260502325,0.0,0.020000000000000007,1.2522617071008675,0.0,0.08789880771756178,0.15625000000000003,0.04849340527876361,0.042165759526220384,-3.5590178604429677e-87,-0.0004940579529815578,-0.1776341533564219
1770338826.1659236,1.2376681260502325,0.0,0.020000000000000007,1.2522617071008675,0.0,0.08789880771756178,0.15625000000000003,0.04849340527876361,0.042165759526220384,-2.7761818976078052e-87,-0.0006285307527806158,-0.17766059241948043
1770338826.5805264,1.2376681260502325,0.0,0.020000000000000007,1.2522617071008675,0.0,0.08789880771756178,0.15625000000000003,0.04849340527876361,0.042165759526220384,-2.0483002145962683e-87,-0.00039345114718565587,-0.17755311329726253
1770338826.997959,1.2376681260502325,0.0,0.020000000000000007,1.2522617071008675,0.0,0.08789880771756178,0.15625000000000003,0.04849340527876361,0.042165759526220384,-1.570033112257789e-87,-0.0006181517753202041,-0.17766442571358376
1770338827.4161224,1.2376681260502325,0.0,0.020000000000000007,1.2522617071008675,0.0,0.08789880771756178,0.15625000000000003,0.04849340527876361,0.042165759526220384,-1.1672763531189707e-87,-0.0007680759652826458,-0.1777319101647478
1770338827.8315566,1.2376681260502325,0.0,0.020000000000000007,1.2522617071008675,0.0,0.08789880771756178,0.15625000000000003,0.04849340527876361,0.042165759526220384,-8.983037244439806e-88,-0.0007030816752417852,-0.1776909200297352
1770338828.2601535,1.2376681260502325,0.0,0.020000000000000007,1.2522617071008675,0.0,0.08789880771756178,0.15625000000000003,0.04849340527876361,0.042165759526220384,-7.08275445281905e-88,-0.0011050838551144681,-0.1779256219086547
1770338828.6849282,1.2376681260502325,0.0,0.020000000000000007,1.2522617071008675,0.0,0.08789880771756178,0.15625000000000003,0.04849340527876361,0.042165759526220384,-5.498012984539271e-88,-0.000710665225105732,-0.17772765423866396
1770338829.103624,1.2376681260502325,0.0,0.020000000000000007,1.2522617071008675,0.0,0.08789880771756178,0.15625000000000003,0.04849340527876361,0.042165759526220384,-3.6914305309274784e-88,-0.0005711947199692189,-0.1776324241736085
1770338829.531919,1.2376681260502325,0.0,0.020000000000000007,1.2522617071008675,0.0,0.08789880771756178,0.15625000000000003,0.04849340527876361,0.042165759526220384,-3.2324286268452994e-88,-0.0014452306485132455,-0.17814289868022123
1770338829.96035,1.2376681260502325,0.0,0.020000000000000007,1.2522617071008675,0.0,0.08789880771756178,0.15625000000000003,0.04849340527876361,0.042165759526220384,-2.4476685891225344e-88,-0.0005479639262794516,-0.17769658839847333
1770338830.3711946,1.2376681260502325,0.0,0.020000000000000007,1.2522617071008675,0.0,0.08789880771756178,0.15625000000000003,0.04849340527876361,0.042165759526220384,-1.896766759556353e-88,-0.0006025903112444551,-0.17763963755722895
1770338830.7916558,1.2376681260502325,0.0,0.020000000000000007,1.2522617071008675,0.0,0.08789880771756178,0.15625000000000003,0.04849340527876361,0.042165759526220384,-1.439384551671155e-88,-0.0004031929036575334,-0.17755441595569768
1770338831.2157526,1.2376681260502325,0.0,0.020000000000000007,1.2522617071008675,0.0,0.08789880771756178,0.15625000000000003,0.04849340527876361,0.042165759526220384,-1.1133027377581224e-88,-0.00033769755653608775,-0.17750827807609043
1770338831.6274781,1.2376681260502325,0.0,0.020000000000000007,1.2522617071008675,0.0,0.08789880771756178,0.15625000000000003,0.04849340527876361,0.042165759526220384,-8.459518399940381e-89,-5.862957152146623e-05,-0.1773901013473724
1770338832.0488636,1.2376681260502325,0.0,0.020000000000000007,1.2522617071008675,0.0,0.08789880771756178,0.15625000000000003,0.04849340527876361,0.042165759526220384,-6.56736982928874e-89,-0.0002820414034424959,-0.17749624164802358
1770338832.4655478,1.2376681260502325,0.0,0.020000000000000007,1.2522617071008675,0.0,0.08789880771756178,0.15625000000000003,0.04849340527876361,0.042165759526220384,-4.9688550574037954e-89,0.00013990980403822458,-0.17730511998183918
1770338832.8899832,1.2376681260502325,0.0,0.020000000000000007,1.2522617071008675,0.0,0.08789880771756178,0.15625000000000003,0.04849340527876361,0.042165759526220384,-3.859207668705463e-89,0.00021888664554612367,-0.17723133412448797
1770338833.3163433,1.2376681260502325,0.0,0.020000000000000007,1.2522617071008675,0.0,0.08789880771756178,0.15625000000000003,0.04849340527876361,0.042165759526220384,-2.9232620258048778e-89,0.00010202976802690521,-0.1772935505668487
1770338833.7329316,1.2376681260502325,0.0,0.020000000000000007,1.2522617071008675,0.0,0.08789880771756178,0.15625000000000003,0.04849340527876361,0.042165759526220384,-2.2703857813325323e-89,0.00010400599025269197,-0.17728107439020646
1770338834.1703436,1.2376681260502325,0.0,0.020000000000000007,1.2522617071008675,0.0,0.08789880771756178,0.15625000000000003,0.04849340527876361,0.042165759526220384,-1.723022480641362e-89,0.0007586577545632599,-0.17701901606225964
1770338834.5883439,1.2376681260502325,0.0,0.020000000000000007,1.2522617071008675,0.0,0.08789880771756178,0.15625000000000003,0.04849340527876361,0.042165759526220384,-1.3008000400798781e-89,-0.00033407450491418746,-0.17760919024151506
1770338835.0028481,1.2376681260502325,0.0,0.020000000000000007,1.2522617071008675,0.0,0.08789880771756178,0.15625000000000003,0.04849340527876361,0.042165759526220384,-1.0102150650102897e-89,0.0003247470107260551,-0.17723638840931122
1770338835.426135,1.2376681260502325,0.0,0.020000000000000007,1.2522617071008675,0.0,0.08789880771756178,0.15625000000000003,0.04849340527876361,0.042165759526220384,-7.6845431149682246e-90,0.00038972061905383134,-0.1771445168144161
1770338835.8700335,1.2376681260502325,0.0,0.020000000000000007,1.2522617071008675,0.0,0.08789880771756178,0.15625000000000003,0.04849340527876361,0.042165759526220384,-5.499239549862023e-90,0.0007070632243587468,-0.17701108241146135
1770338836.28748,1.2376681260502325,0.0,0.020000000000000007,1.2522617071008675,0.0,0.08789880771756178,0.15625000000000003,0.04849340527876361,0.042165759526220384,-4.5115193182286885e-90,-0.0004500160432779316,-0.17767359571151284
1770338836.6998267,1.2376681260502325,0.0,0.020000000000000007,1.2522617071008675,0.0,0.08789880771756178,0.15625000000000003,0.04849340527876361,0.042165759526220384,-3.503194421797553e-90,0.0002559420742466933,-0.17727550453773933
1770338837.1196537,1.2376681260502325,0.0,0.020000000000000007,1.2522617071008675,0.0,0.08789880771756178,0.15625000000000003,0.04849340527876361,0.042165759526220384,-2.6591104045618347e-90,0.0012294326692626869,-0.17681551248798047
1770338837.5368822,1.2376681260502325,0.0,0.020000000000000007,1.2522617071008675,0.0,0.08789880771756178,0.15625000000000003,0.04849340527876361,0.042165759526220384,-2.071482687012054e-90,-3.047427205120091e-05,-0.1774741075932672
1770338837.949399,1.2376681260502325,0.0,0.020000000000000007,1.2522617071008675,0.0,0.08789880771756178,0.15625000000000003,0.04849340527876361,0.042165759526220384,-1.5740181278543316e-90,0.0009029855664372838,-0.17697473296374044
1770338838.3733327,1.2376681260502325,0.0,0.020000000000000007,1.2522617071008675,0.0,0.08789880771756178,0.15625000000000003,0.04849340527876361,0.042165759526220384,-1.154024609129288e-90,0.00013620932371867235,-0.17734145272552274
1770338838.7886562,1.2376681260502325,0.0,0.020000000000000007,1.2522617071008675,0.0,0.08789880771756178,0.15625000000000003,0.04849340527876361,0.042165759526220384,-9.309792751027347e-91,0.00016927936255234935,-0.17725154708571741
1770338839.2069938,1.2376681260502325,0.0,0.020000000000000007,1.2522617071008675,0.0,0.08789880771756178,0.15625000000000003,0.04849340527876361,0.042165759526220384,-7.214660508034923e-91,0.0004422208725248627,-0.17713906347784505
1770338839.6217415,1.2376681260502325,0.0,0.020000000000000007,1.2522617071008675,0.0,0.08789880771756178,0.15625000000000003,0.04849340527876361,0.042165759526220384,-5.472094037783786e-91,0.00010787262317423174,-0.17731237827645818
1770338840.0424888,1.2376681260502325,0.0,0.020000000000000007,1.2522617071008675,0.0,0.08789880771756178,0.15625000000000003,0.04849340527876361,0.042165759526220384,-4.0075884166636295e-91,0.0016552807712430391,-0.17665998019229556
1770338840.4571803,1.2376681260502325,0.0,0.020000000000000007,1.2522617071008675,0.0,0.08789880771756178,0.15625000000000003,0.04849340527876361,0.042165759526220384,-3.3246631989152594e-91,-0.0004574471311440152,-0.17777287611892093
1770338840.880351,1.2376681260502325,0.0,0.020000000000000007,1.2522617071008675,0.0,0.08789880771756178,0.15625000000000003,0.04849340527876361,0.042165759526220384,-2.494290253062103e-91,0.0006029288801919718,-0.17713745292414781
1770338841.3004425,1.2376681260502325,0.0,0.020000000000000007,1.2522617071008675,0.0,0.08789880771756178,0.15625000000000003,0.04849340527876361,0.042165759526220384,-1.788990769560694e-91,-0.00012550098049570661,-0.17746847323942685
1770338841.723219,1.2376681260502325,0.0,0.020000000000000007,1.2522617071008675,0.0,0.08789880771756178,0.15625000000000003,0.04849340527876361,0.042165759526220384,-1.3815617198528677e-91,-0.0005320714387899927,-0.17763957252833465
1770338842.1407084,1.2376681260502325,0.0,0.020000000000000007,1.2522617071008675,0.0,0.08789880771756178,0.15625000000000003,0.04849340527876361,0.042165759526220384,-1.1060974901620298e-91,0.0001955911535695069,-0.1773078504455614
1770338842.5661027,1.2376681260502325,0.0,0.020000000000000007,1.2522617071008675,0.0,0.08789880771756178,0.15625000000000003,0.04849340527876361,0.042165759526220384,-8.644292613032024e-92,0.00010826734718699264,-0.17728747847015497
1770338842.991348,1.2376681260502325,0.0,0.020000000000000007,1.2522617071008675,0.0,0.08789880771756178,0.15625000000000003,0.04849340527876361,0.042165759526220384,-6.573177207333411e-92,-0.00026791145161280056,-0.1775044533687966
1770338843.4155102,1.2376681260502325,0.0,0.020000000000000007,1.2522617071008675,0.0,0.08789880771756178,0.15625000000000003,0.04849340527876361,0.042165759526220384,-5.1144569988451274e-92,-0.00013799285997753518,-0.17741486805226253
1770338843.8499422,1.2376681260502325,0.0,0.020000000000000007,1.2522617071008675,0.0,0.08789880771756178,0.15625000000000003,0.04849340527876361,0.042165759526220384,-3.863910628216016e-92,0.0009057336053169775,-0.17698438560698118
1770338844.2735298,1.2376681260502325,0.0,0.020000000000000007,1.2522617071008675,0.0,0.08789880771756178,0.15625000000000003,0.04849340527876361,0.042165759526220384,-2.924730935666599e-92,0.0008079876307446747,-0.1769386605451951
1770338844.6843765,1.2376681260502325,0.0,0.020000000000000007,1.2522617071008675,0.0,0.08789880771756178,0.15625000000000003,0.04849340527876361,0.042165759526220384,-2.266970508652261e-92,-0.0001392615452951921,-0.1774972354533618
1770338845.1196575,1.2376681260502325,0.0,0.020000000000000007,1.2522617071008675,0.0,0.08789880771756178,0.15625000000000003,0.04849340527876361,0.042165759526220384,-1.5354202340124335e-92,0.000454789013087966,-0.17716489031240457
1770338845.5520167,1.2376681260502325,0.0,0.020000000000000007,1.2522617071008675,0.0,0.08789880771756178,0.15625000000000003,0.04849340527876361,0.042165759526220384,-1.2989205036535566e-92,-0.0005130069558922028,-0.17768616283795435
1770338845.97168,1.2376681260502325,0.0,0.020000000000000007,1.2522617071008675,0.0,0.08789880771756178,0.15625000000000003,0.04849340527876361,0.042165759526220384,-1.0090141325692309e-92,-0.00022648671618241873,-0.1774747751451724
1770338846.3985188,1.2376681260502325,0.0,0.020000000000000007,1.2522617071008675,0.0,0.08789880771756178,0.15625000000000003,0.04849340527876361,0.042165759526220384,-7.225933380875309e-93,-0.0003412571437967795,-0.17751498537777005
1770338846.8230374,1.2376681260502325,0.0,0.020000000000000007,1.2522617071008675,0.0,0.08789880771756178,0.15625000000000003,0.04849340527876361,0.042165759526220384,-5.9331175489532795e-93,-5.928040922788773e-05,-0.17739071764118106
1770338847.249535,1.2376681260502325,0.0,0.020000000000000007,1.2522617071008675,0.0,0.08789880771756178,0.15625000000000003,0.04849340527876361,0.042165759526220384,-4.244357607939371e-93,0.00019336370366569453,-0.17726146232256673
1770338847.6919966,1.2376681260502325,0.0,0.020000000000000007,1.2522617071008675,0.0,0.08789880771756178,0.15625000000000003,0.04849340527876361,0.042165759526220384,-3.389484116433165e-93,1.5601569564115776e-05,-0.1773428551917383
1770338848.119138,1.2376681260502325,0.0,0.020000000000000007,1.2522617071008675,0.0,0.08789880771756178,0.15625000000000003,0.04849340527876361,0.042165759526220384,-2.57641297106046e-93,-5.259181788150102e-05,-0.17736599501079553
1770338848.557665,1.2376681260502325,0.0,0.020000000000000007,1.2522617071008675,0.0,0.08789880771756178,0.15625000000000003,0.04849340527876361,0.042165759526220384,-1.8458601977158169e-93,-0.0007952137314114699,-0.17780474882016897
1770338848.9750252,1.2376681260502325,0.0,0.020000000000000007,1.2522617071008675,0.0,0.08789880771756178,0.15625000000000003,0.04849340527876361,0.042165759526220384,-1.4296417119488337e-93,-7.07892978524141e-05,-0.17744071685539234
1770338849.386112,1.2376681260502325,0.0,0.020000000000000007,1.2522617071008675,0.0,0.08789880771756178,0.15625000000000003,0.04849340527876361,0.042165759526220384,-1.0848943840427915e-93,0.0005395009535920352,-0.17712415831145864
1770338849.798483,1.2376681260502325,0.0,0.020000000000000007,1.2522617071008675,0.0,0.08789880771756178,0.15625000000000003,0.04849340527876361,0.042165759526220384,-7.941131338579622e-94,-9.036229983173754e-05,-0.17744104723836848
1770338850.2121851,1.2376681260502325,0.0,0.020000000000000007,1.2522617071008675,0.0,0.08789880771756178,0.15625000000000003,0.04849340527876361,0.042165759526220384,-6.554146808555773e-94,-0.0002530461304660678,-0.17747567121140667
1770338850.639172,1.2376681260502325,0.0,0.020000000000000007,1.2522617071008675,0.0,0.08789880771756178,0.15625000000000003,0.04849340527876361,0.042165759526220384,-4.967286101130786e-94,0.00012941268007041955,-0.17730641930412866
1770338851.0527883,1.2376681260502325,0.0,0.020000000000000007,1.2522617071008675,0.0,0.08789880771756178,0.15625000000000003,0.04849340527876361,0.042165759526220384,-3.8585353335376594e-94,-0.0005983947553830172,-0.17770485788434706
1770338851.463907,1.2376681260502325,0.0,0.020000000000000007,1.2522617071008675,0.0,0.08789880771756178,0.15625000000000003,0.04849340527876361,0.042165759526220384,-2.758885411549639e-94,-0.0003080360118188058,-0.17751593364337606
1770338851.8766387,1.2376681260502325,0.0,0.020000000000000007,1.2522617071008675,0.0,0.08789880771756178,0.15625000000000003,0.04849340527876361,0.042165759526220384,-2.2522631750707837e-94,-0.00015521674505232025,-0.17742577006231303
1770338852.3130603,1.2376681260502325,0.0,0.020000000000000007,1.2522617071008675,0.0,0.08789880771756178,0.15625000000000003,0.04849340527876361,0.042165759526220384,-1.7115884694734416e-94,-0.00023424652329909895,-0.17745790600258446
1770338852.734974,1.2376681260502325,0.0,0.020000000000000007,1.2522617071008675,0.0,0.08789880771756178,0.15625000000000003,0.04849340527876361,0.042165759526220384,-1.3340442534805184e-94,-8.05986760712228e-05,-0.1773885438858686
1770338853.1492095,1.2376681260502325,0.0,0.020000000000000007,1.2522617071008675,0.0,0.08789880771756178,0.15625000000000003,0.04849340527876361,0.042165759526220384,-1.0087741220173852e-94,-0.0009289970339833553,-0.1778822181158931
1770338853.5763147,1.2376681260502325,0.0,0.020000000000000007,1.2522617071008675,0.0,0.08789880771756178,0.15625000000000003,0.04849340527876361,0.042165759526220384,-7.832363497655904e-95,0.0002081770838714525,-0.17734250863295997
1770338853.9912934,1.2376681260502325,0.0,0.020000000000000007,1.2522617071008675,0.0,0.08789880771756178,0.15625000000000003,0.04849340527876361,0.042165759526220384,-5.262950305535419e-95,-0.00019863555168484102,-0.17747287880250828
1770338854.4056547,1.2376681260502325,0.0,0.020000000000000007,1.2522617071008675,0.0,0.08789880771756178,0.15625000000000003,0.04849340527876361,0.042165759526220384,-4.7044295200546866e-95,-0.0006410024469691408,-0.17769761767612322
1770338854.8279612,1.2376681260502325,0.0,0.020000000000000007,1.2522617071008675,0.0,0.08789880771756178,0.15625000000000003,0.04849340527876361,0.042165759526220384,-3.557643200174547e-95,-8.195050629355901e-05,-0.17742976021032456
1770338855.2434049,1.2376681260502325,0.0,0.020000000000000007,1.2522617071008675,0.0,0.08789880771756178,0.15625000000000003,0.04849340527876361,0.042165759526220384,-2.7632609837127292e-95,-0.0006023232867818921,-0.17768607868455
1770338855.6738608,1.2376681260502325,0.0,0.020000000000000007,1.2522617071008675,0.0,0.08789880771756178,0.15625000000000003,0.04849340527876361,0.042165759526220384,-2.0861218422111866e-95,-0.0007392952366963667,-0.17771622457644984
1770338856.102164,1.2376681260502325,0.0,0.020000000000000007,1.2522617071008675,0.0,0.08789880771756178,0.15625000000000003,0.04849340527876361,0.042165759526220384,-1.5839037241150163e-95,-0.000527276599534928,-0.17761771992659384
1770338856.5248597,1.2376681260502325,0.0,0.020000000000000007,1.2522617071008675,0.0,0.08789880771756178,0.15625000000000003,0.04849340527876361,0.042165759526220384,-1.2335889947136807e-95,-0.0008832904799245835,-0.17781012639111146
1770338856.9602041,1.2376681260502325,0.0,0.020000000000000007,1.2522617071008675,0.0,0.08789880771756178,0.15625000000000003,0.04849340527876361,0.042165759526220384,-9.475346106170644e-96,-0.0008339127627010262,-0.1777547739161831
1770338857.3753922,1.2376681260502325,0.0,0.020000000000000007,1.2522617071008675,0.0,0.08789880771756178,0.15625000000000003,0.04849340527876361,0.042165759526220384,-7.405031907800132e-96,-7.980346073733208e-05,-0.17744819242367524
1770338857.8009098,1.2376681260502325,0.0,0.020000000000000007,1.2522617071008675,0.0,0.08789880771756178,0.15625000000000003,0.04849340527876361,0.042165759526220384,-5.585159878167508e-96,-0.0005205607510422676,-0.17763723586766186
1770338858.2138255,1.2376681260502325,0.0,0.020000000000000007,1.2522617071008675,0.0,0.08789880771756178,0.15625000000000003,0.04849340527876361,0.042165759526220384,-4.32450416113925e-96,0.0001217527117095571,-0.1773362347535306
1770338858.631141,1.2376681260502325,0.0,0.020000000000000007,1.2522617071008675,0.0,0.08789880771756178,0.15625000000000003,0.04849340527876361,0.042165759526220384,-3.27204641489907e-96,-0.00033790753125440475,-0.17754779955303382
1770338859.0459921,1.2376681260502325,0.0,0.020000000000000007,1.2522617071008675,0.0,0.08789880771756178,0.15625000000000003,0.04849340527876361,0.042165759526220384,-2.541377639112968e-96,0.00023065630158492997,-0.17727440799560168
1770338859.4612117,1.2376681260502325,0.0,0.020000000000000007,1.2522617071008675,0.0,0.08789880771756178,0.15625000000000003,0.04849340527876361,0.042165759526220384,-1.9195012746450883e-96,-0.000754277749843074,-0.17780851204317458
1770338859.898753,1.2376681260502325,0.0,0.020000000000000007,1.2522617071008675,0.0,0.08789880771756178,0.15625000000000003,0.04849340527876361,0.042165759526220384,-1.4738313068662017e-96,5.6382338969636055e-05,-0.1773857546025067
1770338860.322375,1.2376681260502325,0.0,0.020000000000000007,1.2522617071008675,0.0,0.08789880771756178,0.15625000000000003,0.04849340527876361,0.042165759526220384,-1.1288995927873971e-96,0.00025858065812149156,-0.17722380926596468
1770338860.7398155,1.2376681260502325,0.0,0.020000000000000007,1.2522617071008675,0.0,0.08789880771756178,0.15625000000000003,0.04849340527876361,0.042165759526220384,-8.507598515136193e-97,-0.00013024426261436136,-0.177436884386491
1770338861.1574523,1.2376681260502325,0.0,0.020000000000000007,1.2522617071008675,0.0,0.08789880771756178,0.15625000000000003,0.04849340527876361,0.042165759526220384,-6.600446834108913e-97,-0.0001860492174855035,-0.17743148486734006
1770338861.5990193,1.2376681260502325,0.0,0.020000000000000007,1.2522617071008675,0.0,0.08789880771756178,0.15625000000000003,0.04849340527876361,0.042165759526220384,-4.986173688632507e-97,0.0007122054640193463,-0.17706660249925102
1770338862.018162,1.2376681260502325,0.0,0.020000000000000007,1.2522617071008675,0.0,0.08789880771756178,0.15625000000000003,0.04849340527876361,0.042165759526220384,-3.754782675239329e-97,0.0008218189555883161,-0.17693293163447296
1770338862.431125,1.2376681260502325,0.0,0.020000000000000007,1.2522617071008675,0.0,0.08789880771756178,0.15625000000000003,0.04849340527876361,0.042165759526220384,-2.9074741593736797e-97,0.0003921872106278343,-0.17717974933229233
1770338862.84874,1.2376681260502325,0.0,0.020000000000000007,1.2522617071008675,0.0,0.08789880771756178,0.15625000000000003,0.04849340527876361,0.042165759526220384,-2.259701932606334e-97,0.0006825109385718059,-0.1770206566666187
1770338863.2653968,1.2376681260502325,0.0,0.020000000000000007,1.2522617071008675,0.0,0.08789880771756178,0.15625000000000003,0.04849340527876361,0.042165759526220384,-1.698004334789667e-97,3.097946859497141e-05,-0.17738254317581043
1770338863.6768336,1.2376681260502325,0.0,0.020000000000000007,1.2522617071008675,0.0,0.08789880771756178,0.15625000000000003,0.04849340527876361,0.042165759526220384,-1.2542802810544255e-97,0.0010796807736522924,-0.1768979095067898
1770338864.0984812,1.2376681260502325,0.0,0.020000000000000007,1.2522617071008675,0.0,0.08789880771756178,0.15625000000000003,0.04849340527876361,0.042165759526220384,-1.0022472989261194e-97,-0.0005649038630533867,-0.1777797901583075
1770338864.513074,1.2376681260502325,0.0,0.020000000000000007,1.2522617071008675,0.0,0.08789880771756178,0.15625000000000003,0.04849340527876361,0.042165759526220384,-7.739948814329937e-98,-0.00019504597059506794,-0.1774673885376536
1770338864.9542155,1.2376681260502325,0.0,0.020000000000000007,1.2522617071008675,0.0,0.08789880771756178,0.15625000000000003,0.04849340527876361,0.042165759526220384,-6.059030816353473e-98,-0.00037515852833774476,-0.17753847028305336
1770338865.3743174,1.2376681260502325,0.0,0.020000000000000007,1.2522617071008675,0.0,0.08789880771756178,0.15625000000000003,0.04849340527876361,0.042165759526220384,-4.573927685533285e-98,-0.0006772468137153567,-0.17770171199850568
1770338865.7924943,1.2376681260502325,0.0,0.020000000000000007,1.2522617071008675,0.0,0.08789880771756178,0.15625000000000003,0.04849340527876361,0.042165759526220384,-3.455100145767777e-98,-0.0002164692791300537,-0.17748719215613376
1770338866.2306442,1.2376681260502325,0.0,0.020000000000000007,1.2522617071008675,0.0,0.08789880771756178,0.15625000000000003,0.04849340527876361,0.042165759526220384,-2.576640982300491e-98,-6.506123863034383e-05,-0.17738055118647536
1770338866.6754987,1.2376681260502325,0.0,0.020000000000000007,1.2522617071008675,0.0,0.08789880771756178,0.15625000000000003,0.04849340527876361,0.042165759526220384,-1.762676844457657e-98,-0.0005211987889811657,-0.17763909291263588
1770338867.0965297,1.2376681260502325,0.0,0.020000000000000007,1.2522617071008675,0.0,0.08789880771756178,0.15625000000000003,0.04849340527876361,0.042165759526220384,-1.530575725441033e-98,-0.00015926761243791038,-0.1774487066869835
1770338867.5149217,1.2376681260502325,0.0,0.020000000000000007,1.2522617071008675,0.0,0.08789880771756178,0.15625000000000003,0.04849340527876361,0.042165759526220384,-1.1569799326429923e-98,-0.0008800991579744631,-0.1778450124966511
1770338867.9292598,1.2376681260502325,0.0,0.020000000000000007,1.2522617071008675,0.0,0.08789880771756178,0.15625000000000003,0.04849340527876361,0.042165759526220384,-8.802096944048306e-99,-0.001039851983891173,-0.17786878103764747
1770338868.365241,1.2376681260502325,0.0,0.020000000000000007,1.2522617071008675,0.0,0.08789880771756178,0.15625000000000003,0.04849340527876361,0.042165759526220384,-6.455350646163956e-99,-2.4393759255086206e-05,-0.17744662246520138
1770338868.787339,1.2376681260502325,0.0,0.020000000000000007,1.2522617071008675,0.0,0.08789880771756178,0.15625000000000003,0.04849340527876361,0.042165759526220384,-5.135695617096327e-99,7.587742433652056e-05,-0.1773049681693011
1770338869.1984632,1.2376681260502325,0.0,0.020000000000000007,1.2522617071008675,0.0,0.08789880771756178,0.15625000000000003,0.04849340527876361,0.042165759526220384,-3.995865127498475e-99,-0.000489875021955075,-0.1776343925187169
1770338869.6294575,1.2376681260502325,0.0,0.020000000000000007,1.2522617071008675,0.0,0.08789880771756178,0.15625000000000003,0.04849340527876361,0.042165759526220384,-3.0289488129446292e-99,-0.0003177395620672409,-0.17750896309013262
1770338870.0665858,1.2376681260502325,0.0,0.020000000000000007,1.2522617071008675,0.0,0.08789880771756178,0.15625000000000003,0.04849340527876361,0.042165759526220384,-2.3403022111118013e-99,-0.0004087883046814479,-0.17754637878971236
1770338870.4967637,1.2376681260502325,0.0,0.020000000000000007,1.2522617071008675,0.0,0.08789880771756178,0.15625000000000003,0.04849340527876361,0.042165759526220384,-1.6875385206978609e-99,-0.0008312702698272207,-0.1777907630945384
1770338870.9150774,1.2376681260502325,0.0,0.020000000000000007,1.2522617071008675,0.0,0.08789880771756178,0.15625000000000003,0.04849340527876361,0.042165759526220384,-1.3490020315560163e-99,0.0001605834071985983,-0.1773517734272135
1770338871.3306174,1.2376681260502325,0.0,0.020000000000000007,1.2522617071008675,0.0,0.08789880771756178,0.15625000000000003,0.04849340527876361,0.042165759526220384,-1.0445190258630405e-99,-0.0006158602486866543,-0.17771845425304206
1770338871.749529,1.2376681260502325,0.0,0.020000000000000007,1.2522617071008675,0.0,0.08789880771756178,0.15625000000000003,0.04849340527876361,0.042165759526220384,-7.491595317953609e-100,-0.00027593134200802,-0.1775048383247821
1770338872.1638336,1.2376681260502325,0.0,0.020000000000000007,1.2522617071008675,0.0,0.08789880771756178,0.15625000000000003,0.04849340527876361,0.042165759526220384,-6.144389326646323e-100,-0.00020480490771807692,-0.17744239486039826
1770338872.5754218,1.2376681260502325,0.0,0.020000000000000007,1.2522617071008675,0.0,0.08789880771756178,0.15625000000000003,0.04849340527876361,0.042165759526220384,-4.788026977342487e-100,0.0006461369717172755,-0.1770949054651951
1770338872.9975,1.2376681260502325,0.0,0.020000000000000007,1.2522617071008675,0.0,0.08789880771756178,0.15625000000000003,0.04849340527876361,0.042165759526220384,-3.6370165713088944e-100,-0.00011300672259405807,-0.17746529749383838
1770338873.4092252,1.2376681260502325,0.0,0.020000000000000007,1.2522617071008675,0.0,0.08789880771756178,0.15625000000000003,0.04849340527876361,0.042165759526220384,-2.689590859322006e-100,0.0008827540134146825,-0.17699107883000373
1770338873.8194387,1.2376681260502325,0.0,0.020000000000000007,1.2522617071008675,0.0,0.08789880771756178,0.15625000000000003,0.04849340527876361,0.042165759526220384,-2.1404097925978625e-100,0.00014337892682665212,-0.1773351278083557
1770338874.2417915,1.2376681260502325,0.0,0.020000000000000007,1.2522617071008675,0.0,0.08789880771756178,0.15625000000000003,0.04849340527876361,0.042165759526220384,-1.6679781208322476e-100,0.00014247569956669866,-0.17726173223605288
1770338874.6733487,1.2376681260502325,0.0,0.020000000000000007,1.2522617071008675,0.0,0.08789880771756178,0.15625000000000003,0.04849340527876361,0.042165759526220384,-1.1939643433767493e-100,-0.00019957924976512424,-0.17746687488292598
1770338875.0845702,1.2376681260502325,0.0,0.020000000000000007,1.2522617071008675,0.0,0.08789880771756178,0.15625000000000003,0.04849340527876361,0.042165759526220384,-9.268548965888289e-101,0.00016552781617987163,-0.17728662656161479
1770338875.504469,1.2376681260502325,0.0,0.020000000000000007,1.2522617071008675,0.0,0.08789880771756178,0.15625000000000003,0.04849340527876361,0.042165759526220384,-7.413709831915811e-101,-0.0001980625531323975,-0.17746827007660765
1770338875.9360776,1.2376681260502325,0.0,0.020000000000000007,1.2522617071008675,0.0,0.08789880771756178,0.15625000000000003,0.04849340527876361,0.042165759526220384,-5.765300260924883e-101,-0.00029750725203256346,-0.17749157785901654
1770338876.3497698,1.2376681260502325,0.0,0.020000000000000007,1.2522617071008675,0.0,0.08789880771756178,0.15625000000000003,0.04849340527876361,0.042165759526220384,-4.079368056970841e-101,-0.0001522348622487249,-0.17742352443321296
1770338876.7629201,1.2376681260502325,0.0,0.020000000000000007,1.2522617071008675,0.0,0.08789880771756178,0.15625000000000003,0.04849340527876361,0.042165759526220384,-3.209563446469077e-101,-0.0010239230491330086,-0.17793201010636514
1770338877.1739988,1.2376681260502325,0.0,0.020000000000000007,1.2522617071008675,0.0,0.08789880771756178,0.15625000000000003,0.04849340527876361,0.042165759526220384,-2.4864639443785374e-101,-0.00023705984105862777,-0.17753009600444697
1770338877.5901608,1.2376681260502325,0.0,0.020000000000000007,1.2522617071008675,0.0,0.08789880771756178,0.15625000000000003,0.04849340527876361,0.042165759526220384,-1.884520596778237e-101,-0.00049776421388298,-0.17760783230733412
1770338878.0032237,1.2376681260502325,0.0,0.020000000000000007,1.2522617071008675,0.0,0.08789880771756178,0.15625000000000003,0.04849340527876361,0.042165759526220384,-1.459871475081451e-101,-0.0005469605024913972,-0.17761127964321677
1770338878.4139493,1.2376681260502325,0.0,0.020000000000000007,1.2522617071008675,0.0,0.08789880771756178,0.15625000000000003,0.04849340527876361,0.042165759526220384,-1.069592302654492e-101,-0.0007407083796641225,-0.17772260874065954
1770338878.8525782,1.2376681260502325,0.0,0.020000000000000007,1.2522617071008675,0.0,0.08789880771756178,0.15625000000000003,0.04849340527876361,0.042165759526220384,-8.647706987700416e-102,-0.0006329777689329061,-0.17766014170864977
1770338879.276646,1.2376681260502325,0.0,0.020000000000000007,1.2522617071008675,0.0,0.08789880771756178,0.15625000000000003,0.04849340527876361,0.042165759526220384,-6.5828525419997424e-102,-0.0003967237692839014,-0.17755486704771706
1770338879.689286,1.2376681260502325,0.0,0.020000000000000007,1.2522617071008675,0.0,0.08789880771756178,0.15625000000000003,0.04849340527876361,0.042165759526220384,-5.115891648322998e-102,-0.0005405649952960202,-0.17761754638335944
1770338880.1031826,1.2376681260502325,0.0,0.020000000000000007,1.2522617071008675,0.0,0.08789880771756178,0.15625000000000003,0.04849340527876361,0.042165759526220384,-3.874973445571509e-102,-0.0002551117671999555,-0.17748898096951982
1770338880.5228577,1.2376681260502325,0.0,0.020000000000000007,1.2522617071008675,0.0,0.08789880771756178,0.15625000000000003,0.04849340527876361,0.042165759526220384,-2.678065641395441e-102,-0.000898482233967799,-0.1778464579267709
1770338880.9486759,1.2376681260502325,0.0,0.020000000000000007,1.2522617071008675,0.0,0.08789880771756178,0.15625000000000003,0.04849340527876361,0.042165759526220384,-2.282660770160854e-102,-0.0008283140471829237,-0.17775405360538016
1770338881.3694293,1.2376681260502325,0.0,0.020000000000000007,1.2522617071008675,0.0,0.08789880771756178,0.15625000000000003,0.04849340527876361,0.042165759526220384,-1.7745575998857283e-102,-0.00019985320847666665,-0.17749565245121918
1770338881.7970505,1.2376681260502325,0.0,0.020000000000000007,1.2522617071008675,0.0,0.08789880771756178,0.15625000000000003,0.04849340527876361,0.042165759526220384,-1.2682869020384977e-102,-0.0009231971068218836,-0.1778668127063557
1770338882.2119262,1.2376681260502325,0.0,0.020000000000000007,1.2522617071008675,0.0,0.08789880771756178,0.15625000000000003,0.04849340527876361,0.042165759526220384,-9.769724806639712e-103,-0.00036359394803242676,-0.17757063705300538
1770338882.6238115,1.2376681260502325,0.0,0.020000000000000007,1.2522617071008675,0.0,0.08789880771756178,0.15625000000000003,0.04849340527876361,0.042165759526220384,-7.884681673326098e-103,-0.000764655171879869,-0.17775531347143492
1770338883.0449598,1.2376681260502325,0.0,0.020000000000000007,1.2522617071008675,0.0,0.08789880771756178,0.15625000000000003,0.04849340527876361,0.042165759526220384,-6.120417520938895e-103,8.838142280422453e-05,-0.17737399271117651
1770338883.4699266,1.2376681260502325,0.0,0.020000000000000007,1.2522617071008675,0.0,0.08789880771756178,0.15625000000000003,0.04849340527876361,0.042165759526220384,-4.589961756643612e-103,-0.0006367384233176946,-0.17772376095938125
1770338883.887704,1.2376681260502325,0.0,0.020000000000000007,1.2522617071008675,0.0,0.08789880771756178,0.15625000000000003,0.04849340527876361,0.042165759526220384,-3.6008950807510497e-103,0.0003188895183455571,-0.1772689977981038
1770338884.3036296,1.2376681260502325,0.0,0.020000000000000007,1.2522617071008675,0.0,0.08789880771756178,0.15625000000000003,0.04849340527876361,0.042165759526220384,-2.7136844671945934e-103,-0.00017961495181788274,-0.1774725376860355
1770338884.7264857,1.2376681260502325,0.0,0.020000000000000007,1.2522617071008675,0.0,0.08789880771756178,0.15625000000000003,0.04849340527876361,0.042165759526220384,-2.1213518308588627e-103,-5.984839615770892e-05,-0.1773747806167551
1770338885.146942,1.2376681260502325,0.0,0.020000000000000007,1.2522617071008675,0.0,0.08789880771756178,0.15625000000000003,0.04849340527876361,0.042165759526220384,-1.6463968741745536e-103,0.00018883425596724038,-0.1772633309003391
1770338885.5654504,1.2376681260502325,0.0,0.020000000000000007,1.2522617071008675,0.0,0.08789880771756178,0.15625000000000003,0.04849340527876361,0.042165759526220384,-1.2463915110662495e-103,-5.1668060466399405e-06,-0.17735486327233493
1770338885.9887142,1.2376681260502325,0.0,0.020000000000000007,1.2522617071008675,0.0,0.08789880771756178,0.15625000000000003,0.04849340527876361,0.042165759526220384,-9.460712053661493e-104,0.00036161010651581093,-0.17718875240110854
1770338886.402016,1.2376681260502325,0.0,0.020000000000000007,1.2522617071008675,0.0,0.08789880771756178,0.15625000000000003,0.04849340527876361,0.042165759526220384,-6.984823129281567e-104,0.00011618619796605593,-0.17729932905498216
1770338886.8279724,1.2376681260502325,0.0,0.020000000000000007,1.2522617071008675,0.0,0.08789880771756178,0.15625000000000003,0.04849340527876361,0.042165759526220384,-5.581988897789095e-104,-0.0002413034755309568,-0.1774892804682254
1770338887.2453964,1.2376681260502325,0.0,0.020000000000000007,1.2522617071008675,0.0,0.08789880771756178,0.15625000000000003,0.04849340527876361,0.042165759526220384,-4.332803489338038e-104,-0.0008164526533763296,-0.1777986210075829
1770338887.6663115,1.2376681260502325,0.0,0.020000000000000007,1.2522617071008675,0.0,0.08789880771756178,0.15625000000000003,0.04849340527876361,0.042165759526220384,-3.1018453692233014e-104,0.00017136444675722417,-0.17734597924974496
1770338888.0914538,1.2376681260502325,0.0,0.020000000000000007,1.2522617071008675,0.0,0.08789880771756178,0.15625000000000003,0.04849340527876361,0.042165759526220384,-2.547247247153519e-104,-0.0004281315964165089,-0.17760689516563585
1770338888.5073698,1.2376681260502325,0.0,0.020000000000000007,1.2522617071008675,0.0,0.08789880771756178,0.15625000000000003,0.04849340527876361,0.042165759526220384,-1.8130501828573112e-104,-0.0009415155784806685,-0.177854975950557
1770338888.9200363,1.2376681260502325,0.0,0.020000000000000007,1.2522617071008675,0.0,0.08789880771756178,0.15625000000000003,0.04849340527876361,0.042165759526220384,-1.4955547378359855e-104,6.790480348687391e-05,-0.17739986939956354
1770338889.343486,1.2376681260502325,0.0,0.020000000000000007,1.2522617071008675,0.0,0.08789880771756178,0.15625000000000003,0.04849340527876361,0.042165759526220384,-1.1311686024942149e-104,-0.000188995690123418,-0.17745306765753296
1770338889.7602236,1.2376681260502325,0.0,0.020000000000000007,1.2522617071008675,0.0,0.08789880771756178,0.15625000000000003,0.04849340527876361,0.042165759526220384,-8.78499863636947e-105,-0.0006123552495907578,-0.17768139334385233
1770338890.1710215,1.2376681260502325,0.0,0.020000000000000007,1.2522617071008675,0.0,0.08789880771756178,0.15625000000000003,0.04849340527876361,0.042165759526220384,-6.7646807617990265e-105,0.0002497629610725421,-0.17729421010364027
1770338890.5917184,1.2376681260502325,0.0,0.020000000000000007,1.2522617071008675,0.0,0.08789880771756178,0.15625000000000003,0.04849340527876361,0.042165759526220384,-5.29061036036052e-105,1.9907933151641893e-05,-0.1773459112993265
1770338891.0073533,1.2376681260502325,0.0,0.020000000000000007,1.2522617071008675,0.0,0.08789880771756178,0.15625000000000003,0.04849340527876361,0.042165759526220384,-4.0030887452378105e-105,0.0004203581319774927,-0.17716274571700405
1770338891.4312904,1.2376681260502325,0.0,0.020000000000000007,1.2522617071008675,0.0,0.08789880771756178,0.15625000000000003,0.04849340527876361,0.042165759526220384,-3.019810140307103e-105,-0.00013992258645461545,-0.17745886912818074
1770338891.8536465,1.2376681260502325,0.0,0.020000000000000007,1.2522617071008675,0.0,0.08789880771756178,0.15625000000000003,0.04849340527876361,0.042165759526220384,-2.2230900373612826e-105,0.0005248562279507808,-0.17713692953057536
1770338892.2817771,1.2376681260502325,0.0,0.020000000000000007,1.2522617071008675,0.0,0.08789880771756178,0.15625000000000003,0.04849340527876361,0.042165759526220384,-1.7826744727079287e-105,0.0003031256334284617,-0.17720349000584823
1770338892.7070107,1.2376681260502325,0.0,0.020000000000000007,1.2522617071008675,0.0,0.08789880771756178,0.15625000000000003,0.04849340527876361,0.042165759526220384,-1.3484583354169423e-105,-1.2953539448022774e-05,-0.17737096445012188
1770338893.117668,1.2376681260502325,0.0,0.020000000000000007,1.2522617071008675,0.0,0.08789880771756178,0.15625000000000003,0.04849340527876361,0.042165759526220384,-1.0441211003205705e-105,0.00036716183952004535,-0.17718731038124702
1770338893.5335479,1.2376681260502325,0.0,0.020000000000000007,1.2522617071008675,0.0,0.08789880771756178,0.15625000000000003,0.04849340527876361,0.042165759526220384,-7.060086763761422e-106,-0.000461026351069597,-0.17764621175770398
1770338893.9402118,1.2376681260502325,0.0,0.020000000000000007,1.2522617071008675,0.0,0.08789880771756178,0.15625000000000003,0.04849340527876361,0.042165759526220384,-6.381629176614688e-106,-0.000461026351069597,-0.177563392938645
