t,kp_lin,ki_lin,kd_lin,kp_ang,ki_ang,kd_ang,v_ref,w_ref_raw,w_ref,v_meas,w_meas,reward
1770279699.6413207,1.2,0.0,0.03,1.23,0.0,0.1,0.0,0.0,0.0,0.0,-0.2547178327476001,-0.15283069964856008
1770279700.0479076,1.2,0.0,0.03,1.23,0.0,0.1,0.0,0.0,0.0,0.0,-0.46386338953850276,-0.25284625044834164
1770279700.453577,1.2,0.0,0.03,1.23,0.0,0.1,0.0,0.0,0.0,0.0,-0.5807157276863217,-0.3020430976579428
1770279700.8599508,1.2,0.0,0.03,1.23,0.0,0.1,0.0,0.0,0.0,0.0,-0.5682289929848764,-0.2853631699625827
1770279701.2680962,1.2,0.0,0.03,1.23,0.0,0.1,0.0,0.0,0.0,0.0,-0.4897499404916062,-0.2527228754951301
1770279701.674518,1.2,0.0,0.03,1.23,0.0,0.1,0.0,0.0,0.0,0.0,-0.4036174741899224,-0.21042198372512957
1770279702.0872314,1.2,0.0,0.03,1.23,0.0,0.1,0.0,0.0,0.0,0.0,-0.3218730579940664,-0.1691109706166188
1770279702.494331,1.2,0.0,0.03,1.23,0.0,0.1,0.0,0.0,0.0,0.0,-0.2503400619087805,-0.13232333056291884
1770279702.901866,1.2,0.0,0.03,1.23,0.0,0.1,0.0,0.0,0.0,0.0,-0.18589286715544867,-0.09939115305305751
1770279703.3175204,1.2,0.0,0.03,1.23,0.0,0.1,0.0,0.0,0.0,0.0,-0.140096591238099,-0.07462792321078447
1770279703.7592082,1.2,0.0,0.03,1.23,0.0,0.1,0.0,0.0,0.0,0.0,-0.09850777688114117,-0.053412769876266364
1770279704.1690156,1.2,0.0,0.03,1.23,0.0,0.1,0.0,0.0,0.0,0.0,-0.06787560508904689,-0.03700101972373287
1770279704.6407433,1.2,0.0,0.03,1.23,0.0,0.1,0.0,0.0,0.0,0.0,-0.044006195453559944,-0.024390038690328665
1770279705.0460389,1.2,0.0,0.03,1.23,0.0,0.1,0.0,0.0,0.0,0.0,-0.029178848605283112,-0.016072158987469238
1770279705.4545548,1.2,0.0,0.03,1.23,0.0,0.1,0.0,0.0,0.0,0.0,-0.018502513981850943,-0.010318890453268689
1770279705.868412,1.2,0.0,0.03,1.23,0.0,0.1,0.0,0.0,0.0,0.0,-0.01086518257937571,-0.0061963244299353785
1770279706.275395,1.2,0.0,0.03,1.23,0.0,0.1,0.0,0.0,0.0,0.0,-0.006756363014285433,-0.0037890634636517442
1770279706.694315,1.2,0.0,0.03,1.23,0.0,0.1,0.0,0.0,0.0,0.0,-0.004445999389776572,-0.002454036057339172
1770279707.102876,1.2,0.0,0.03,1.23,0.0,0.1,0.0,0.0,0.0,0.0,-0.003856673738022613,-0.0019872694341867025
1770279707.510758,1.2,0.0,0.03,1.23,0.0,0.1,0.0,0.0,0.0,0.0,-0.004559310988364384,-0.002349919219216369
1770279707.9186614,1.2,0.0,0.03,1.23,0.0,0.1,0.0,0.0,0.0,0.0,-0.006157948533392131,-0.00323883802119884
1770279708.3332114,1.2,0.0,0.03,1.23,0.0,0.1,0.0,0.0,0.0,0.0,-0.006915520717825213,-0.0035335175773559147
1770279708.7388813,1.2,0.0,0.03,1.23,0.0,0.1,0.0,0.0,0.0,0.0,-0.005681463514194276,-0.002964137477460232
1770279709.1559947,1.2,0.0,0.03,1.23,0.0,0.1,0.0,0.0,0.0,0.0,-0.004273843961651963,-0.002277683936080213
1770279709.566757,1.2,0.0,0.03,1.23,0.0,0.1,0.0,0.0,0.0,0.0,-0.003256125264274652,-0.0017298345018750571
1770279709.9749348,1.2,0.0,0.03,1.23,0.0,0.1,0.0,0.0,0.0,0.0,-0.002684758343401478,-0.0013995158637880563
1770279710.3837442,1.2,0.0,0.03,1.23,0.0,0.1,0.0,0.0,0.0,0.0,-0.0021027246925642297,-0.0011095657113658398
1770279710.789317,1.2,0.0,0.03,1.23,0.0,0.1,0.0,0.0,0.0,0.0,-0.0016406138643286895,-0.0008665180149878988
1770279711.2049475,1.2,0.0,0.03,1.23,0.0,0.1,0.0,0.0,0.0,0.0,-0.0010809073783102467,-0.0005964243377569676
1770279711.6128721,1.2,0.0,0.03,1.23,0.0,0.1,0.0,0.0,0.0,0.0,-0.0009046120894008857,-0.000469935573591379
1770279712.0187645,1.2,0.0,0.03,1.23,0.0,0.1,0.0,0.0,0.0,0.0,-0.0007699811630717091,-0.00039845367416877224
1770279712.4256132,1.2,0.0,0.03,1.23,0.0,0.1,0.0,0.0,0.0,0.0,-0.0004321357700268132,-0.0002498524243178962
1770279712.8329833,1.2,0.0,0.03,1.23,0.0,0.1,0.0,0.0,0.0,0.0,2.2988746822358733e-05,-5.700682509609656e-05
1770279713.2404013,1.2,0.0,0.03,1.23,0.0,0.1,0.0,0.0,0.0,0.0,-9.831358419640563e-05,-6.128702520007924e-05
1770279713.6463826,1.2,0.0,0.03,1.23,0.0,0.1,0.0,0.0,0.0,0.0,-1.1763149174600816e-05,-1.4536618089480889e-05
1770279714.05296,1.2,0.0,0.03,1.23,0.0,0.1,0.0,0.0,0.0,0.0,-5.334868285067747e-06,-3.3102622314871805e-06
1770279714.4674122,1.2,0.0,0.03,1.23,0.0,0.1,0.0,0.0,0.0,0.0,-5.516524652570479e-05,-3.2565661086916096e-05
1770279714.8838224,1.2,0.0,0.03,1.23,0.0,0.1,0.0,0.0,0.0,0.0,0.00010934154873680051,-7.112145389465079e-05
1770279715.2912886,1.2,0.0,0.03,1.23,0.0,0.1,0.0,0.0,0.0,0.0,7.245031431957005e-05,-3.991428060150807e-05
1770279715.699765,1.2,0.0,0.03,1.23,0.0,0.1,0.0,0.0,0.0,0.0,8.930636581794079e-05,-4.633878805880747e-05
1770279716.1060107,1.2,0.0,0.03,1.23,0.0,0.1,0.0,0.0,0.0,0.0,0.00017062331994696403,-9.344335538638434e-05
1770279716.5191655,1.2,0.0,0.03,1.23,0.0,0.1,0.0,0.0,0.0,0.0,0.00012488103285219045,-6.701474513557258e-05
1770279716.9294174,1.2,0.0,0.03,1.23,0.0,0.1,0.0,0.0,0.0,0.0,0.00012854906142753368,-6.464133357130116e-05
1770279717.3342159,1.2,0.0,0.03,1.23,0.0,0.1,0.0,0.0,0.0,0.0,0.00028529175296626536,-0.00015832014563700586
1770279717.7401204,1.2,0.0,0.03,1.23,0.0,0.1,0.0,0.0,0.0,0.0,0.0003933023696664247,-0.0002074522465032283
1770279718.1450288,1.2,0.0,0.03,1.23,0.0,0.1,0.0,0.0,0.0,0.0,0.00022178668833519293,-0.00012804491230071965
1770279718.5518303,1.2,0.0,0.03,1.23,0.0,0.1,0.0,0.0,0.0,0.0,0.0002575230088048622,-0.000132335136449398
1770279718.958342,1.2,0.0,0.03,1.23,0.0,0.1,0.0,0.0,0.0,0.0,0.00016748838139091118,-9.274765343685069e-05
1770279719.3668797,1.2,0.0,0.03,1.23,0.0,0.1,0.0,0.0,0.0,0.0,0.0002714112387344947,-0.00014609790510160568
1770279719.7766209,1.2,0.0,0.03,1.23,0.0,0.1,0.0,0.0,0.0,0.0,0.0004508883230350763,-0.00024339186994759633
1770279720.188033,1.2,0.0,0.03,1.23,0.0,0.1,0.0,0.0,0.0,0.0,0.00016633310329395247,-0.00011162207362108863
1770279720.6037083,1.2,0.0,0.03,1.23,0.0,0.1,0.0,0.0,0.0,0.0,0.00014768199567281165,-7.57061085985199e-05
1770279721.0129747,1.2,0.0,0.03,1.23,0.0,0.1,0.0,0.0,0.0,0.0,7.646960231136264e-06,-1.782698365973567e-05
1770279721.4196649,1.2,0.0,0.03,1.23,0.0,0.1,0.0,0.0,0.0,0.0,4.011791051566542e-05,-2.3306050286285627e-05
1770279721.8271205,1.2,0.0,0.03,1.23,0.0,0.1,0.0,0.0,0.0,0.0,0.00013096609416682155,-7.45678654485264e-05
1770279722.236483,1.2,0.0,0.03,1.23,0.0,0.1,0.0,0.0,0.0,0.0,0.0002757490314302777,-0.00015235280944148446
1770279722.6436129,1.2,0.0,0.03,1.23,0.0,0.1,0.0,0.0,0.0,0.0,0.00020472573645422378,-0.00010946519772471728
1770279723.0480754,1.2,0.0,0.03,1.23,0.0,0.1,0.0,0.0,0.0,0.0,0.0003458814994526829,-0.00018705632602618736
1770279723.4549541,1.2,0.0,0.03,1.23,0.0,0.1,0.0,0.0,0.0,0.0,0.00027917750270066205,-0.0001462591510255331
1770279723.8692882,1.2,0.0,0.03,1.23,0.0,0.1,0.0,0.0,0.0,0.0,0.00027355362162492526,-0.0001373391989200363
1770279724.2757943,1.2,0.0,0.03,1.23,0.0,0.1,0.0,0.0,0.0,0.0,0.00040709939662812565,-0.00021690427581438286
1770279724.681172,1.2,0.0,0.03,1.23,0.0,0.1,0.0,0.0,0.0,0.0,0.0002979837663732911,-0.000159903446212129
1770279725.0906904,1.2,0.0,0.03,1.23,0.0,0.1,0.0,0.0,0.0,0.0,0.00021610971954133285,-0.00011624226445386225
1770279725.5020525,1.2,0.0,0.03,1.23,0.0,0.1,0.0,0.0,0.0,0.0,0.0002894480596960486,-0.00015205786386349588
1770279725.9150448,1.2,0.0,0.03,1.23,0.0,0.1,0.0,0.0,0.0,0.0,4.893527549705115e-05,-4.8518916168425316e-05
1770279726.3254802,1.2,0.0,0.03,1.23,0.0,0.1,0.0,0.0,0.0,0.0,0.00025023343501686437,-0.0001452465334604135
1770279726.736898,1.2,0.0,0.03,1.23,0.0,0.1,0.0,0.0,0.0,0.0,6.777269910197736e-05,-5.213242314247738e-05
1770279727.14667,1.2,0.0,0.03,1.23,0.0,0.1,0.0,0.0,0.0,0.0,0.0001309474852830912,-7.179122125965699e-05
1770279727.555358,1.2,0.0,0.03,1.23,0.0,0.1,0.0,0.0,0.0,0.0,0.00020740082869177782,-0.00011134574868675757
1770279727.976257,1.2,0.0,0.03,1.23,0.0,0.1,0.0,0.0,0.0,0.0,0.0004096571923902589,-0.00022505423256497756
1770279728.3829155,1.2,0.0,0.03,1.23,0.0,0.1,0.0,0.0,0.0,0.0,0.00039102675661043993,-0.00019737642188320185
1770279728.7885716,1.2,0.0,0.03,1.23,0.0,0.1,0.0,0.0,0.0,0.0,0.00032920398453201795,-0.00017078426947385116
1770279729.199553,1.2,0.0,0.03,1.23,0.0,0.1,0.0,0.0,0.0,0.0,0.00024545740182790985,-0.00013110335918436574
1770279729.6066494,1.2,0.0,0.03,1.23,0.0,0.1,0.0,0.0,0.0,0.0,0.0002511835564159812,-0.00012616439366679773
1770279730.019199,1.2,0.0,0.03,1.23,0.0,0.1,0.0,0.0,0.0,0.0,0.0004119088328861383,-0.00022202694409008487
1770279730.4410555,1.2,0.0,0.03,1.23,0.0,0.1,0.0,0.0,0.0,0.0,0.00040033031476045507,-0.00020132300919279585
1770279730.8465858,1.2,0.0,0.03,1.23,0.0,0.1,0.0,0.0,0.0,0.0,0.00033148569938758904,-0.00017262731123108112
1770279731.2534952,1.2,0.0,0.03,1.23,0.0,0.1,0.0,0.0,0.0,0.0,0.00018485310013839493,-0.00010708980999411688
1770279731.6613448,1.2,0.0,0.03,1.23,0.0,0.1,0.0,0.0,0.0,0.0,-0.00011376167604290446,-8.674231563958217e-05
1770279732.0678759,1.2,0.0,0.03,1.23,0.0,0.1,0.0,0.0,0.0,0.0,-3.4214630276517055e-05,-2.5062019714897268e-05
1770279732.4754386,1.2,0.0,0.03,1.23,0.0,0.1,0.0,0.0,0.0,0.0,0.0002009925141940861,-0.00012401697154410337
1770279732.8825622,1.2,0.0,0.03,1.23,0.0,0.1,0.0,0.0,0.0,0.0,0.000116273392745642,-6.660860851766541e-05
1770279733.2908177,1.2,0.0,0.03,1.23,0.0,0.1,0.0,0.0,0.0,0.0,0.0002862246529172865,-0.0001601074524758077
1770279733.7008088,1.2,0.0,0.03,1.23,0.0,0.1,0.0,0.0,0.0,0.0,0.0003149413004585337,-0.0001603423149833916
1770279734.1129837,1.2,0.0,0.03,1.23,0.0,0.1,0.0,0.0,0.0,0.0,0.0002938098688255348,-0.0001490180775760673
1770279734.520106,1.2,0.0,0.03,1.23,0.0,0.1,0.0,0.0,0.0,0.0,0.00036160450654777493,-0.00018758171704611148
1770279734.9326794,1.2,0.0,0.03,1.23,0.0,0.1,0.0,0.0,0.0,0.0,0.00043216868373010533,-0.0002231407595832857
1770279735.3414361,1.2,0.0,0.03,1.23,0.0,0.1,0.0,0.0,0.0,0.0,0.00047504146477906663,-0.00024180801049442945
1770279735.7474384,1.2,0.0,0.03,1.23,0.0,0.1,0.0,0.0,0.0,0.0,0.00037683248437205095,-0.00019823714022672705
1770279736.1525743,1.2,0.0,0.03,1.23,0.0,0.1,0.0,0.0,0.0,0.0,0.0002655067730044687,-0.00014388595763899258
1770279736.56466,1.2,0.0,0.03,1.23,0.0,0.1,0.0,0.0,0.0,0.0,0.00022009435744448235,-0.0001145884202782398
1770279736.9709535,1.2,0.0,0.03,1.23,0.0,0.1,0.0,0.0,0.0,0.0,0.000214200049559984,-0.00010768945556844184
1770279737.3812525,1.2,0.0,0.03,1.23,0.0,0.1,0.0,0.0,0.0,0.0,0.00020839040655353314,-0.00010477616757741165
1770279737.7897716,1.2,0.0,0.03,1.23,0.0,0.1,0.0,0.0,0.0,0.0,0.00018005937247523668,-9.286278964544798e-05
1770279738.2002015,1.2,0.0,0.03,1.23,0.0,0.1,0.0,0.0,0.0,0.0,0.00010497123196544778,-5.999443003370278e-05
1770279738.6057868,1.2,0.0,0.03,1.23,0.0,0.1,0.0,0.0,0.0,0.0,0.0002584123850596988,-0.00014455030783927451
1770279739.0136633,1.2,0.0,0.03,1.23,0.0,0.1,0.0,0.0,0.0,0.0,0.0004349470676664004,-0.00023512700209387037
1770279739.4188943,1.2,0.0,0.03,1.23,0.0,0.1,0.0,0.0,0.0,0.0,0.00022953437006915014,-0.0001353084547943001
1770279739.8307114,1.2,0.0,0.03,1.23,0.0,0.1,0.0,0.0,0.0,0.0,0.00026490500543574795,-0.00013598956625453376
1770279740.2407858,1.2,0.0,0.03,1.23,0.0,0.1,0.0,0.0,0.0,0.0,0.0004458254963019106,-0.00024100479723757157
1770279740.64725,1.2,0.0,0.03,1.23,0.0,0.1,0.0,0.0,0.0,0.0,0.0004610219716396705,-0.00023203063335361124
1770279741.0622966,1.2,0.0,0.03,1.23,0.0,0.1,0.0,0.0,0.0,0.0,0.00023245189437982926,-0.00013908295491589875
1770279741.471525,1.2,0.0,0.03,1.23,0.0,0.1,0.0,0.0,0.0,0.0,0.0004534180384764772,-0.0002488056336479034
1770279741.8804736,1.2,0.0,0.03,1.23,0.0,0.1,0.0,0.0,0.0,0.0,0.00011872491161343358,-9.283176849302115e-05
1770279742.2864246,1.2,0.0,0.03,1.23,0.0,0.1,0.0,0.0,0.0,0.0,2.3002198811769532e-05,-2.107337068605117e-05
1770279742.6950915,1.2,0.0,0.03,1.23,0.0,0.1,0.0,0.0,0.0,0.0,0.00019320892607329736,-0.00011362513576280147
1770279743.1060472,1.2,0.0,0.03,1.23,0.0,0.1,0.0,0.0,0.0,0.0,0.0003337584214540934,-0.00018093416026512628
1770279743.5143144,1.2,0.0,0.03,1.23,0.0,0.1,0.0,0.0,0.0,0.0,0.0003511815721177663,-0.00017733310112525043
1770279743.920987,1.2,0.0,0.03,1.23,0.0,0.1,0.0,0.0,0.0,0.0,0.0003692798681903047,-0.0001864497637024062
1770279744.3263805,1.2,0.0,0.03,1.23,0.0,0.1,0.0,0.0,0.0,0.0,0.0003378298614891438,-0.00017205993141468799
1770279744.7330234,1.2,0.0,0.03,1.23,0.0,0.1,0.0,0.0,0.0,0.0,0.0003256951342336888,-0.0001640610398423899
1770279745.1384282,1.2,0.0,0.03,1.23,0.0,0.1,0.0,0.0,0.0,0.0,0.00017663184104799553,-0.0001032222498425671
1770279745.5454683,1.2,0.0,0.03,1.23,0.0,0.1,0.0,0.0,0.0,0.0,0.0003488044030154748,-0.00019161945770448534
1770279745.9515634,1.2,0.0,0.03,1.23,0.0,0.1,0.0,0.0,0.0,0.0,0.00034992262327379354,-0.00017507313366272865
1770279746.3643632,1.2,0.0,0.03,1.23,0.0,0.1,0.0,0.0,0.0,0.0,0.00017789802014048722,-0.00010615147038357423
1770279746.7797422,1.2,0.0,0.03,1.23,0.0,0.1,0.0,0.0,0.0,0.0,0.00017323992603670833,-8.708577242873206e-05
1770279747.1898868,1.2,0.0,0.03,1.23,0.0,0.1,0.0,0.0,0.0,0.0,0.0002931456876100572,-0.0001585634199623635
1770279747.6021135,1.2,0.0,0.03,1.23,0.0,0.1,0.0,0.0,0.0,0.0,0.0003374500891981088,-0.00017315548475785956
1770279748.0098372,1.2,0.0,0.03,1.23,0.0,0.1,0.0,0.0,0.0,0.0,0.0003501239841390286,-0.00017632938156360628
1770279748.4170256,1.2,0.0,0.03,1.23,0.0,0.1,0.0,0.0,0.0,0.0,0.0004835741090239923,-0.00025513206700049254
1770279748.8240123,1.2,0.0,0.03,1.23,0.0,0.1,0.0,0.0,0.0,0.0,0.00015938635752500498,-0.00011211195391240123
1770279749.232517,1.2,0.0,0.03,1.23,0.0,0.1,0.0,0.0,0.0,0.0,0.0004277643718528562,-0.0002407199873592132
1770279749.6406066,1.2,0.0,0.03,1.23,0.0,0.1,0.0,0.0,0.0,0.0,0.00043819322131930134,-0.00022013949560629518
1770279750.0459595,1.2,0.0,0.03,1.23,0.0,0.1,0.0,0.0,0.0,0.0,0.00027964363248713205,-0.00015567677512678295
1770279750.4551299,1.2,0.0,0.03,1.23,0.0,0.1,0.0,0.0,0.0,0.0,0.0006199436290607143,-0.0003440018141877154
1770279750.8658624,1.2,0.0,0.03,1.23,0.0,0.1,0.0,0.0,0.0,0.0,0.0005065164620174287,-0.0002646009477130429
1770279751.2767725,1.2,0.0,0.03,1.23,0.0,0.1,0.0,0.0,0.0,0.0,0.0003772601058289657,-0.00020155568853332914
1770279751.706222,1.2,0.0,0.03,1.23,0.0,0.1,0.0,0.0,0.0,0.0,0.0004780741571711614,-0.00024911848371980027
1770279752.1150692,1.2,0.0,0.03,1.23,0.0,0.1,0.0,0.0,0.0,0.0,0.0003352292882457163,-0.00018189913101540264
1770279752.5214882,1.2,0.0,0.03,1.23,0.0,0.1,0.0,0.0,0.0,0.0,0.00036015208232560963,-0.00018256832057079414
1770279752.929491,1.2,0.0,0.03,1.23,0.0,0.1,0.0,0.0,0.0,0.0,0.00046760960044383703,-0.00024455055203374126
1770279753.33504,1.2,0.0,0.03,1.23,0.0,0.1,0.0,0.0,0.0,0.0,0.00038596439093128954,-0.00020114671641689952
1770279753.7418172,1.2,0.0,0.03,1.23,0.0,0.1,0.0,0.0,0.0,0.0,0.00022436227461878022,-0.00012834134894064105
1770279754.1505446,1.2,0.0,0.03,1.23,0.0,0.1,0.0,0.0,0.0,0.0,0.00029367069215337736,-0.00015376618783014839
1770279754.5587497,1.2,0.0,0.03,1.23,0.0,0.1,0.0,0.0,0.0,0.0,0.0004661160608411584,-0.0002503025672893573
1770279754.9679127,1.2,0.0,0.03,1.23,0.0,0.1,0.0,0.0,0.0,0.0,0.000520831397031474,-0.00026588723213476857
1770279755.378659,1.2,0.0,0.03,1.23,0.0,0.1,0.0,0.0,0.0,0.0,0.0006205076574515889,-0.0003202214547678059
1770279755.792769,1.2,0.0,0.03,1.23,0.0,0.1,0.0,0.0,0.0,0.0,0.00044495011663637374,-0.0002400308123997084
1770279756.2005894,1.2,0.0,0.03,1.23,0.0,0.1,0.0,0.0,0.0,0.0,0.0005744972780553933,-0.00030020335516959856
1770279756.6062,1.2,0.0,0.03,1.23,0.0,0.1,0.0,0.0,0.0,0.0,0.00041775672639872603,-0.00022455241836502973
1770279757.0134661,1.2,0.0,0.03,1.23,0.0,0.1,0.0,0.0,0.0,0.0,0.00047183436899951884,-0.00024132494875983871
1770279757.4202075,1.2,0.0,0.03,1.23,0.0,0.1,0.0,0.0,0.0,0.0,0.00015800445975398754,-0.0001103852208015469
1770279757.8253117,1.2,0.0,0.03,1.23,0.0,0.1,0.0,0.0,0.0,0.0,0.0002040337420808961,-0.00010661979927313892
1770279758.2343252,1.2,0.0,0.03,1.23,0.0,0.1,0.0,0.0,0.0,0.0,0.00024709239860168066,-0.00012785206495291877
1770279758.642543,1.2,0.0,0.03,1.23,0.0,0.1,0.0,0.0,0.0,0.0,0.00024962731799342466,-0.00012506715093588673
1770279759.0488088,1.2,0.0,0.03,1.23,0.0,0.1,0.0,0.0,0.0,0.0,0.00019333654444661025,-0.00010229734957798657
1770279759.458953,1.2,0.0,0.03,1.23,0.0,0.1,0.0,0.0,0.0,0.0,7.022003695992565e-05,-4.742166922863129e-05
1770279759.867725,1.2,0.0,0.03,1.23,0.0,0.1,0.0,0.0,0.0,0.0,6.310099698427887e-05,-3.226240248970411e-05
1770279760.28377,1.2,0.0,0.03,1.23,0.0,0.1,0.0,0.0,0.0,0.0,0.00014780558003484894,-8.237324832248148e-05
1770279760.6908092,1.2,0.0,0.03,1.23,0.0,0.1,0.0,0.0,0.0,0.0,0.0002520709292727763,-0.0001364619995601809
1770279761.1042268,1.2,0.0,0.03,1.23,0.0,0.1,0.0,0.0,0.0,0.0,0.000220100130530413,-0.00011324714513944283
1770279761.5141947,1.2,0.0,0.03,1.23,0.0,0.1,0.0,0.0,0.0,0.0,0.00039920429777033184,-0.0002175125656091578
1770279761.9253895,1.2,0.0,0.03,1.23,0.0,0.1,0.0,0.0,0.0,0.0,0.0003080952062400787,-0.00016315851227306468
1770279762.3323712,1.2,0.0,0.03,1.23,0.0,0.1,0.0,0.0,0.0,0.0,0.0001737304545718726,-0.00010030170245275692
1770279762.7380598,1.2,0.0,0.03,1.23,0.0,0.1,0.0,0.0,0.0,0.0,0.0001279077546214298,-6.853614730575918e-05
1770279763.1437552,1.2,0.0,0.03,1.23,0.0,0.1,0.0,0.0,0.0,0.0,9.759073515146339e-05,-5.182706952272834e-05
1770279763.5492384,1.2,0.0,0.03,1.23,0.0,0.1,0.0,0.0,0.0,0.0,-3.483443811622552e-05,-3.065973638488165e-05
1770279763.9546785,1.2,0.0,0.03,1.23,0.0,0.1,0.0,0.0,0.0,0.0,0.00015272838661810115,-9.512047578248325e-05
1770279764.3674088,1.2,0.0,0.03,1.23,0.0,0.1,0.0,0.0,0.0,0.0,0.0001707216286108881,-8.716013850472275e-05
1770279764.774534,1.2,0.0,0.03,1.23,0.0,0.1,0.0,0.0,0.0,0.0,0.00018574001176416085,-9.437184419740769e-05
1770279765.1827736,1.2,0.0,0.03,1.23,0.0,0.1,0.0,0.0,0.0,0.0,0.0003471553597725797,-0.00018971921468713174
1770279765.5962431,1.2,0.0,0.03,1.23,0.0,0.1,0.0,0.0,0.0,0.0,0.0004068300123594855,-0.00020938247143843333
1770279766.0016584,1.2,0.0,0.03,1.23,0.0,0.1,0.0,0.0,0.0,0.0,0.00018291524415677715,-0.0001138490988986594
1770279766.4104092,1.2,0.0,0.03,1.23,0.0,0.1,0.0,0.0,0.0,0.0,0.00034072609365879954,-0.000186144131779602
1770279766.8184266,1.2,0.0,0.03,1.23,0.0,0.1,0.0,0.0,0.0,0.0,0.00036860120643567257,-0.0001870881144955236
1770279767.2298598,1.2,0.0,0.03,1.23,0.0,0.1,0.0,0.0,0.0,0.0,0.00030673949727937793,-0.00015955591955531842
1770279767.636467,1.2,0.0,0.03,1.23,0.0,0.1,0.0,0.0,0.0,0.0,0.0002013062929185298,-0.0001111964668953497
1770279768.0432053,1.2,0.0,0.03,1.23,0.0,0.1,0.0,0.0,0.0,0.0,0.0001572557617500884,-8.303293399188835e-05
1770279768.4488692,1.2,0.0,0.03,1.23,0.0,0.1,0.0,0.0,0.0,0.0,0.00022099815375066826,-0.00011687331607539211
1770279768.854809,1.2,0.0,0.03,1.23,0.0,0.1,0.0,0.0,0.0,0.0,0.00019085840001740589,-9.844317538202918e-05
1770279769.265839,1.2,0.0,0.03,1.23,0.0,0.1,0.0,0.0,0.0,0.0,9.378629778389115e-05,-5.660035911529705e-05
1770279769.6714578,1.2,0.0,0.03,1.23,0.0,0.1,0.0,0.0,0.0,0.0,0.00011859606963772574,-6.177901200424633e-05
1770279770.07936,1.2,0.0,0.03,1.23,0.0,0.1,0.0,0.0,0.0,0.0,0.00012075758906539161,-6.059494647546239e-05
1770279770.4848292,1.2,0.0,0.03,1.23,0.0,0.1,0.0,0.0,0.0,0.0,0.0002310588802085788,-0.0001265595692186081
1770279770.8913515,1.2,0.0,0.03,1.23,0.0,0.1,0.0,0.0,0.0,0.0,0.00022202299870955188,-0.00011191508750467863
1770279771.2994497,1.2,0.0,0.03,1.23,0.0,0.1,0.0,0.0,0.0,0.0,0.00033621867646040836,-0.0001795289060052898
1770279771.707267,1.2,0.0,0.03,1.23,0.0,0.1,0.0,0.0,0.0,0.0,0.0002704153115822576,-0.00014178799227894387
1770279772.1147866,1.2,0.0,0.03,1.23,0.0,0.1,0.0,0.0,0.0,0.0,0.000343004347856807,-0.00017876107755585843
1770279772.5242114,1.2,0.0,0.03,1.23,0.0,0.1,0.0,0.0,0.0,0.0,0.00034520193928570776,-0.00017282072878574395
1770279772.937768,1.2,0.0,0.03,1.23,0.0,0.1,0.0,0.0,0.0,0.0,0.00034846174496113005,-0.00017455685304810725
1770279773.3532984,1.2,0.0,0.03,1.23,0.0,0.1,0.0,0.0,0.0,0.0,3.168281740589216e-05,-4.751930145846987e-05
1770279773.768638,1.2,0.0,0.03,1.23,0.0,0.1,0.0,0.0,0.0,0.0,4.8858398229123985e-05,-2.6146757196885176e-05
1770279774.1840148,1.2,0.0,0.03,1.23,0.0,0.1,0.0,0.0,0.0,0.0,3.338777027033271e-05,-1.8240947931045482e-05
1770279774.6312218,1.2,0.0,0.03,1.23,0.0,0.1,0.0,0.0,0.0,0.0,1.2535752117342434e-05,-8.353077873970245e-06
1770279775.0445333,1.2,0.0,0.03,1.23,0.0,0.1,0.0,0.0,0.0,0.0,3.6385773922304706e-05,-2.057788914164858e-05
1770279775.4560313,1.2,0.0,0.03,1.23,0.0,0.1,0.0,0.0,0.0,0.0,0.00011631244230675042,-6.614888799181978e-05
1770279775.8694193,1.2,0.0,0.03,1.23,0.0,0.1,0.0,0.0,0.0,0.0,0.00023969671164529994,-0.00013218678275650492
1770279776.2805114,1.2,0.0,0.03,1.23,0.0,0.1,0.0,0.0,0.0,0.0,0.00046824820026418386,-0.00025697924899398034
1770279776.6931539,1.2,0.0,0.03,1.23,0.0,0.1,0.0,0.0,0.0,0.0,0.0001879258175691255,-0.00012199514705406859
1770279777.10674,1.2,0.0,0.03,1.23,0.0,0.1,0.0,0.0,0.0,0.0,0.0003552097913481989,-0.00019433329305200677
1770279777.517902,1.2,0.0,0.03,1.23,0.0,0.1,0.0,0.0,0.0,0.0,0.00019082638306473966,-0.00011185153236071576
1770279777.931633,1.2,0.0,0.03,1.23,0.0,0.1,0.0,0.0,0.0,0.0,0.00011520770775107764,-6.516572140690503e-05
1770279778.341724,1.2,0.0,0.03,1.23,0.0,0.1,0.0,0.0,0.0,0.0,0.00020561106808132662,-0.00011184587007368821
1770279778.7542655,1.2,0.0,0.03,1.23,0.0,0.1,0.0,0.0,0.0,0.0,0.00031067293851056116,-0.00016584265629820404
1770279779.16664,1.2,0.0,0.03,1.23,0.0,0.1,0.0,0.0,0.0,0.0,0.00047664473353343606,-0.0002549195462690055
1770279779.5808794,1.2,0.0,0.03,1.23,0.0,0.1,0.0,0.0,0.0,0.0,0.0002076538803533927,-0.00013072602549470068
1770279780.0166159,1.2,0.0,0.03,1.23,0.0,0.1,0.0,0.0,0.0,0.0,0.000308676005187919,-0.00016444021507741214
1770279780.4243016,1.2,0.0,0.03,1.23,0.0,0.1,0.0,0.0,0.0,0.0,0.00025542247260177943,-0.00013303658955950368
1770279780.8351152,1.2,0.0,0.03,1.23,0.0,0.1,0.0,0.0,0.0,0.0,0.00017898284359571837,-9.713538469846529e-05
1770279781.2428384,1.2,0.0,0.03,1.23,0.0,0.1,0.0,0.0,0.0,0.0,8.164185225451858e-05,-5.055502526137927e-05
1770279781.651583,1.2,0.0,0.03,1.23,0.0,0.1,0.0,0.0,0.0,0.0,0.00047888837841302337,-0.00027916884182236214
1770279782.0746472,1.2,0.0,0.03,1.23,0.0,0.1,0.0,0.0,0.0,0.0,0.00028987596234721346,-0.00016383922278018773
1770279782.4969227,1.2,0.0,0.03,1.23,0.0,0.1,0.0,0.0,0.0,0.0,0.0002445582276757189,-0.00012681088730500891
1770279782.9152262,1.2,0.0,0.03,1.23,0.0,0.1,0.0,0.0,0.0,0.0,3.069007674870203e-05,-3.6731853467052705e-05
1770279783.3246279,1.2,0.0,0.03,1.23,0.0,0.1,0.0,0.0,0.0,0.0,0.00026699569786293824,-0.00015712841104289273
1770279783.7420454,1.2,0.0,0.03,1.23,0.0,0.1,0.0,0.0,0.0,0.0,0.00014531150909327865,-8.482417342360528e-05
1770279784.1527424,1.2,0.0,0.03,1.23,0.0,0.1,0.0,0.0,0.0,0.0,4.299991456370372e-05,-3.173111673480936e-05
1770279784.5671132,1.2,0.0,0.03,1.23,0.0,0.1,0.0,0.0,0.0,0.0,0.00018516829666308967,-0.00010680098654148343
1770279784.9777892,1.2,0.0,0.03,1.23,0.0,0.1,0.0,0.0,0.0,0.0,0.00012762052075006089,-6.956503796633333e-05
1770279785.393089,1.2,0.0,0.03,1.23,0.0,0.1,0.0,0.0,0.0,0.0,7.193834623048433e-05,-4.1537390567199824e-05
1770279785.8021092,1.2,0.0,0.03,1.23,0.0,0.1,0.0,0.0,0.0,0.0,-9.242332434213092e-05,-6.264782922832698e-05
1770279786.2152996,1.2,0.0,0.03,1.23,0.0,0.1,0.0,0.0,0.0,0.0,0.0001673721414675388,-0.00010966561731473637
1770279786.6292124,1.2,0.0,0.03,1.23,0.0,0.1,0.0,0.0,0.0,0.0,0.00015715614076043622,-7.959967045092837e-05
1770279787.042913,1.2,0.0,0.03,1.23,0.0,0.1,0.0,0.0,0.0,0.0,6.112904469266616e-05,-4.0167231953110084e-05
1770279787.462404,1.2,0.0,0.03,1.23,0.0,0.1,0.0,0.0,0.0,0.0,0.00016822437829517694,-9.482172250783955e-05
1770279787.8754606,1.2,0.0,0.03,1.23,0.0,0.1,0.0,0.0,0.0,0.0,0.00027728032929322255,-0.00014954575974641582
1770279788.2864625,1.2,0.0,0.03,1.23,0.0,0.1,0.0,0.0,0.0,0.0,0.0004438828798310314,-0.0002386016949692966
1770279788.7023668,1.2,0.0,0.03,1.23,0.0,0.1,0.0,0.0,0.0,0.0,0.0003344411816209036,-0.00017816476063146458
1770279789.1153798,1.2,0.0,0.03,1.23,0.0,0.1,0.0,0.0,0.0,0.0,0.000186180200516282,-0.00010791619836860316
1770279789.5264254,1.2,0.0,0.03,1.23,0.0,0.1,0.0,0.0,0.0,0.0,0.00016574798188149088,-8.491721280422455e-05
1770279789.9553978,1.2,0.0,0.03,1.23,0.0,0.1,0.0,0.0,0.0,0.0,0.00018329664251663685,-9.340318732183303e-05
1770279790.3735287,1.2,0.0,0.03,1.23,0.0,0.1,0.0,0.0,0.0,0.0,0.0002777126015279167,-0.00014829789666508634
1770279790.8026824,1.2,0.0,0.03,1.23,0.0,0.1,0.0,0.0,0.0,0.0,0.0004239515878218428,-0.000226599692540314
1770279791.2193778,1.2,0.0,0.03,1.23,0.0,0.1,0.0,0.0,0.0,0.0,0.0003877244674728042,-0.00019748494577130597
1770279791.633301,1.2,0.0,0.03,1.23,0.0,0.1,0.0,0.0,0.0,0.0,0.00037395705174480756,-0.00018835526744520346
1770279792.0453506,1.2,0.0,0.03,1.23,0.0,0.1,0.0,0.0,0.0,0.0,0.00018076215951622122,-0.00010970056898096924
1770279792.4556777,1.2,0.0,0.03,1.23,0.0,0.1,0.0,0.0,0.0,0.0,0.00025861886074305556,-0.0001370951004942112
1770279792.8687038,1.2,0.0,0.03,1.23,0.0,0.1,0.0,0.0,0.0,0.0,0.00045379612319655405,-0.00024641578784362686
1770279793.2828975,1.2,0.0,0.03,1.23,0.0,0.1,0.0,0.0,0.0,0.0,0.0004718811597921469,-0.00023774908355563275
1770279793.6956496,1.2,0.0,0.03,1.23,0.0,0.1,0.0,0.0,0.0,0.0,0.00034786008340262115,-0.00018633214934026316
1770279794.1103864,1.2,0.0,0.03,1.23,0.0,0.1,0.0,0.0,0.0,0.0,0.0003334286887178445,-0.0001681574838273999
1770279794.5331826,1.2,0.0,0.03,1.23,0.0,0.1,0.0,0.5,0.2890625,0.0005392238257666193,-0.018612397349667232,-0.15627125510443876
1770279794.9500763,1.2,0.0,0.03,1.23,0.0,0.0999121802175045,0.0,0.5,0.433258056640625,0.00011825296547140545,-0.09777035300976501,-0.2735482533566762
1770279795.3813279,1.2,0.0,0.03,1.230211344358921,0.0,0.09978706140041352,0.0,0.5,0.45,0.0013122355625938742,-0.15937628058197612,-0.312160968610803
1770279795.7977397,1.2,0.0,0.03,1.2304291825604439,0.0,0.09965437786340714,0.0,0.5,0.45,0.0012382266274723872,-0.21003318312009656,-0.33632050844133266
1770279796.232377,1.2,0.0,0.03,1.2306501720356942,0.0,0.09951824373960495,0.0,0.5,0.45,-0.0016914422143017654,-0.269522865808628,-0.36740184338746895
1770279796.6547248,1.2,0.0,0.03,1.2308766723132134,0.0,0.09937855053901673,0.0,0.5,0.45,-0.0016245079397096448,-0.30613536234728583,-0.38335343876721834
1770279797.079929,1.2,0.0,0.03,1.2311040848851205,0.0,0.09923697957754135,0.0,0.5,0.45,0.0040553660539723695,-0.33540662572209073,-0.39968580525249825
1770279797.5031826,1.2,0.0,0.03,1.231326625621319,0.0,0.0990941735982895,0.0,0.5,0.45,-0.0012844728793322876,-0.368423907809545,-0.4137981549928502
1770279797.9212632,1.2,0.0,0.03,1.231554591650963,0.0,0.09894985378026963,0.0,0.5,0.45,-0.0013162145352167364,-0.3873145729448529,-0.42186256752117396
1770279798.337451,1.2,0.0,0.03,1.2317826734232904,0.0,0.09880479905843735,0.0,0.5,0.45,0.002384485729308028,-0.3995561491405594,-0.42838671791915844
1770279798.752428,1.2,0.0,0.03,1.232007446551323,0.0,0.09865937734603882,0.0,0.5,0.45,0.00038135304139366645,-0.42165330084599967,-0.4384177186349375
1770279799.170691,1.2,0.0,0.03,1.232233995409012,0.0,0.09851313920140266,0.0,0.5,0.45,-0.004352381187117347,-0.4358256640031509,-0.44868244950440794
1770279799.5962725,1.2,0.0,0.03,1.2324645916986467,0.0,0.09836632810473442,0.0,0.5,0.45,0.0014185829213530466,-0.43277965788659545,-0.4431130124763063
1770279800.0087266,1.2,0.0,0.03,1.2326901879644396,0.0,0.09821974777460098,0.0,-0.5,-0.18359378779740793,0.004064740606035619,-0.349761444051113,-0.0954503901164364
1770279800.4336762,1.2003350453925132,0.0,0.0298702667427063,1.2326901879644396,0.0,0.09821974777460098,0.0,0.5,0.1532096773097948,-0.011453908976056063,-0.25877613496869717,-0.22654534602354362
1770279800.852405,1.2008750453925132,0.0,0.029690337681770325,1.2328770925283434,0.0,0.0981321009248495,0.0,0.5,-0.04332037553869775,0.001715377317132759,-0.1728083017709156,-0.07505612375301984
1770279801.265894,1.2008750453925132,0.0,0.029690337681770325,1.2328770925283434,0.0,0.0981321009248495,0.0,-0.5,-0.10940996257279106,0.02497703391230449,-0.17653967770677767,-0.058915029072884
1770279801.6800795,1.2010602819818257,0.0,0.02962347346186638,1.2328770925283434,0.0,0.0981321009248495,0.0,0.5,0.2017101290297028,-0.004607558303929757,-0.13870393942416245,-0.1785981663591239
1770279802.0932643,1.2010602819818257,0.0,0.02962347346186638,1.2328770925283434,0.0,0.09804843570709228,0.0,-0.5,-0.27797452948669554,-0.01174777459363856,-0.10211160350759889,-0.10333847117484324
1770279802.5168774,1.2010602819818257,0.0,0.02962347346186638,1.2328770925283434,0.0,0.09810139732420443,0.0,0.5,0.14837524652960024,0.0025248090974930443,-0.08870351578051823,-0.12240499902526035
1770279802.9402196,1.2014015913838147,0.0,0.02951853472709656,1.2328770925283434,0.0,0.09803773110210895,0.0,0.5,0.09136248526044227,0.00801232189375527,-0.03916020996184308,-0.07822800008676546
1770279803.36006,1.2015966140073537,0.0,0.02945423582017422,1.2328770925283434,0.0,0.09803773110210895,0.0,-0.5,-0.2074204636480632,0.015625567791926812,-0.05071631493974124,-0.0951332526438776
1770279803.7835057,1.2015966140073537,0.0,0.02945423582017422,1.2328770925283434,0.0,0.09803773110210895,0.0,-0.5,0.026167743923855014,-0.005324035090226795,-0.0687930186735245,-0.05461208676229488
1770279804.2043476,1.2015966140073537,0.0,0.02945423582017422,1.2328770925283434,0.0,0.09803773110210895,0.0,0.5,-0.08351723727409277,-0.0034928481154048573,0.004802293583304987,-0.055012144769786685
1770279804.6196465,1.201456641819477,0.0,0.02945423582017422,1.2328770925283434,0.0,0.09803773110210895,0.0,-0.5,-0.07597137564219195,0.018450772736126657,-0.04658283943510461,-0.03828355414151128
1770279805.0360153,1.201456641819477,0.0,0.02945423582017422,1.2328770925283434,0.0,0.09803773110210895,0.0,-0.5,-0.03770969307428729,-0.03018410180460021,-0.028481689239618073,-0.03660821874148347
1770279805.4460495,1.201456641819477,0.0,0.02945423582017422,1.2328770925283434,0.0,0.09803773110210895,0.0,0.5,0.08377154242571377,-0.015524648363631021,0.0026897825503213874,-0.05918267548032116
1770279805.8651268,1.201456641819477,0.0,0.029407129588723185,1.2328770925283434,0.0,0.09803773110210895,0.0,-0.5,-0.20982228540436398,0.007236342873469852,-0.011175460259768202,-0.10794627972677669
1770279806.3037283,1.201456641819477,0.0,0.029407129588723185,1.2328770925283434,0.0,0.09808750690937042,0.0,-0.5,-0.16209220749122455,0.016199654855482824,-0.029303046406072796,-0.08440699401268917
1770279806.7204616,1.2013025102394819,0.0,0.029407129588723185,1.2328770925283434,0.0,0.09808750690937042,0.0,0.5,0.01768710310510979,0.002645687827843051,0.03534919108311222,-0.01794195556576277
1770279807.1386955,1.2013025102394819,0.0,0.029407129588723185,1.2328770925283434,0.0,0.09808750690937042,0.0,-0.5,-0.09010681503314888,-0.012776021432809188,-0.025439222122213584,-0.05118865920880942
1770279807.549655,1.2013025102394819,0.0,0.029407129588723185,1.2328770925283434,0.0,0.09808750690937042,0.0,0.5,0.06719276555591774,-0.000635092447933835,0.023307973441443086,-0.027452208061536833
1770279807.9876227,1.2013025102394819,0.0,0.029407129588723185,1.2328770925283434,0.0,0.09808750690937042,0.0,-0.5,-0.2150679140233229,0.0025566766955677296,0.007504550604993396,-0.11542325129337085
1770279808.4000425,1.2013025102394819,0.0,0.029407129588723185,1.2328770925283434,0.0,0.09814162858724594,0.0,0.5,0.27374804282855797,-5.8731378363887005e-05,-0.01157796479239665,-0.14462998672858018
1770279808.821036,1.2013025102394819,0.0,0.029407129588723185,1.2328770925283434,0.0,0.09805832295715809,0.0,0.5,0.1211140375071676,0.004030166029029284,0.011461443754298408,-0.06116040376013339
1770279809.2422833,1.201444768087864,0.0,0.02935768111288548,1.2328770925283434,0.0,0.09805832295715809,0.0,0.5,-0.053475636569997764,0.003318804389089323,0.01294421285543608,-0.03667700601192001
1770279809.6560829,1.201444768087864,0.0,0.02935768111288548,1.2328770925283434,0.0,0.09805832295715809,0.0,-0.5,-0.11262315063347586,-0.0023303065917840973,-0.026430394552820764,-0.04936414537293733
1770279810.078038,1.201444768087864,0.0,0.02935768111288548,1.2328770925283434,0.0,0.09805832295715809,0.0,-0.5,-0.04930654375512322,-0.012644130918948084,-0.016881803204509414,-0.029811360329086125
1770279810.499064,1.201444768087864,0.0,0.02935768111288548,1.2328770925283434,0.0,0.09805832295715809,0.0,0.5,0.08010222638998055,-0.004402908578889152,-0.005193691962251849,-0.0482196788792311
1770279810.918681,1.201444768087864,0.0,0.029310393859148028,1.2328770925283434,0.0,0.09805832295715809,0.0,0.5,-0.0664520299312952,-0.003588777063838188,0.02494507115727687,-0.052301203920077095
1770279811.3352575,1.201293379393816,0.0,0.029310393859148028,1.2328770925283434,0.0,0.09805832295715809,0.0,-0.5,-0.2125467219465867,0.0032811428658756914,0.003635262854670175,-0.11350311609676479
1770279811.7680068,1.201293379393816,0.0,0.029310393859148028,1.2328770925283434,0.0,0.098111172747612,0.0,-0.5,0.02454576375908779,-0.002196970734561733,-0.01180447703376907,-0.02191606511983409
1770279812.1897318,1.201293379393816,0.0,0.029310393859148028,1.2328770925283434,0.0,0.098111172747612,0.0,0.5,0.10346955806439886,0.001171920587330778,0.030938045058621483,-0.04171192929945853
1770279812.6098645,1.201293379393816,0.0,0.029310393859148028,1.2328770925283434,0.0,0.098111172747612,0.0,-0.5,-0.06296471014368626,0.007691693823283859,-0.014472240290274978,-0.03647895728487915
1770279813.0197363,1.201293379393816,0.0,0.029310393859148028,1.2328770925283434,0.0,0.098111172747612,0.0,-0.5,-0.15019572711417556,-0.001511424230117168,-0.034803379414316805,-0.06124071199245073
1770279813.4423711,1.20113437535584,0.0,0.029310393859148028,1.2328770925283434,0.0,0.098111172747612,0.0,0.5,-0.1393197417822196,0.013254747786951192,0.019544821245817072,-0.09812184936698291
1770279813.8696887,1.2009230451321604,0.0,0.029310393859148028,1.2328770925283434,0.0,0.098111172747612,0.0,-0.5,0.04771523795171961,0.004628516448333109,-0.012380205834804838,-0.037868741049657526
1770279814.2805126,1.2009230451321604,0.0,0.029310393859148028,1.2328770925283434,0.0,0.098111172747612,0.0,0.5,0.1108005245081613,-0.0003888203948942601,0.005897816626377893,-0.05466797658190424
1770279814.698657,1.2009230451321604,0.0,0.029260275405049326,1.2328770925283434,0.0,0.098111172747612,0.0,-0.5,-0.2012701465423396,0.0054742011875634515,0.0028080694649492053,-0.10782228390735073
1770279815.125403,1.2009230451321604,0.0,0.029260275405049326,1.2328770925283434,0.0,0.09816091373443603,0.0,-0.5,0.004483744521690897,-0.0038754779721653053,-0.001347683154301815,-0.007206767072086763
1770279815.5432727,1.2009230451321604,0.0,0.029260275405049326,1.2328770925283434,0.0,0.09816091373443603,0.0,0.5,0.23774680979006627,-0.006440512171299783,0.005022084580576923,-0.12343985154953233
1770279815.983904,1.2009230451321604,0.0,0.029260275405049326,1.2328770925283434,0.0,0.09808872114539145,0.0,0.5,-0.016572298464861857,0.001089899667370332,0.025810270735556494,-0.024360002883077464
1770279816.4014595,1.2009230451321604,0.0,0.029260275405049326,1.2328770925283434,0.0,0.09808872114539145,0.0,-0.5,-0.1009467038111477,0.004614682088629168,-0.0018945474885015208,-0.05691124207235806
1770279816.817825,1.2007847717964653,0.0,0.029260275405049326,1.2328770925283434,0.0,0.09808872114539145,0.0,-0.5,0.05985670699725404,-0.0018957998790305826,-0.02301354423014906,-0.045442825166896884
1770279817.2374601,1.2007847717964653,0.0,0.029210924963951113,1.2328770925283434,0.0,0.09808872114539145,0.0,0.5,0.21098162089876243,-0.0031068883004907893,0.0012042722541032542,-0.11041734427124561
1770279817.6595304,1.2007847717964653,0.0,0.029210924963951113,1.2328770925283434,0.0,0.09802271593511104,0.0,0.5,-0.025040971512500954,0.005307225025337265,0.012152848147261619,-0.02499899244453439
1770279818.068279,1.2007847717964653,0.0,0.029210924963951113,1.2328770925283434,0.0,0.09802271593511104,0.0,-0.5,-0.10362624489262726,-0.00655990149687803,-0.031564786725336774,-0.04696239406778311
1770279818.4865167,1.2007847717964653,0.0,0.029210924963951113,1.2328770925283434,0.0,0.09802271593511104,0.0,0.5,0.06291513345194216,0.0044037044279062205,0.022451988032707027,-0.030036954613328167
1770279818.9278038,1.2007847717964653,0.0,0.029210924963951113,1.2328770925283434,0.0,0.09802271593511104,0.0,0.5,-0.03731603766716607,0.006636899280211894,0.01511531907947893,-0.033586244548857204
1770279819.3485289,1.2007847717964653,0.0,0.029210924963951113,1.2328770925283434,0.0,0.09802271593511104,0.0,-0.5,-0.10751015254312674,-0.0020035979296234713,-0.030388003479247753,-0.04511500471743563
1770279819.7627256,1.2007847717964653,0.0,0.029210924963951113,1.2328770925283434,0.0,0.09802271593511104,0.0,0.5,0.061686240796901326,0.002741356894787565,0.032079674795253,-0.023791407723061805
1770279820.181887,1.2007847717964653,0.0,0.029210924963951113,1.2328770925283434,0.0,0.09802271593511104,0.0,-0.5,-0.07618521287285543,0.006368281115064924,-0.041195935433336446,-0.031190480857683358
1770279820.59703,1.2007847717964653,0.0,0.029210924963951113,1.2328770925283434,0.0,0.09802271593511104,0.0,-0.5,-0.3659023525105519,0.0008682260024006731,0.011260046448067407,-0.1946950236698507
1770279821.014037,1.2007847717964653,0.0,0.029210924963951113,1.2328770925283434,0.0,0.09811369525253773,0.0,0.5,0.22602308377595817,-0.0007636349238680372,0.001640868665255172,-0.11391666025750076
1770279821.4255908,1.2007847717964653,0.0,0.029210924963951113,1.2328770925283434,0.0,0.09804393758893012,0.0,-0.5,-0.24860975648675993,-0.0021528156329368776,-0.014015171516129014,-0.12101571213639074
1770279821.8498373,1.2007847717964653,0.0,0.029210924963951113,1.2328770925283434,0.0,0.09810335873246193,0.0,0.5,0.01704144423661111,-0.0006871078269874622,0.049732659084037345,-0.023407498310717218
1770279822.2646096,1.2007847717964653,0.0,0.029210924963951113,1.2328770925283434,0.0,0.09810335873246193,0.0,-0.5,0.09718889446549026,-0.006235593384205318,-0.027596659948321584,-0.07636130249434712
1770279822.6779783,1.2009436645013096,0.0,0.029147218117117884,1.2328770925283434,0.0,0.09810335873246193,0.0,-0.5,-0.31104570136052845,-0.0008916548928054558,0.004284523117571568,-0.16174488543844479
1770279823.1015346,1.2009436645013096,0.0,0.029147218117117884,1.2328770925283434,0.0,0.09818092262744903,0.0,0.5,0.2433800710538953,0.0008684850961304103,0.005344327127827253,-0.11999233746019
1770279823.5247924,1.2009436645013096,0.0,0.029147218117117884,1.2328770925283434,0.0,0.0981073869383335,0.0,-0.5,-0.15932114939310346,-0.001771827464192543,-0.006172715024387912,-0.07949774886377184
1770279823.943442,1.2007238039678338,0.0,0.029147218117117884,1.2328770925283434,0.0,0.0981073869383335,0.0,0.5,0.15896968818112878,-0.0014011945603627752,0.0033077606562578114,-0.08018020589086283
1770279824.3558512,1.200920930156708,0.0,0.02908146564602852,1.2328770925283434,0.0,0.09805538619577883,0.0,-0.5,-0.22199716279858628,0.0027903757328449643,0.0072106824681158355,-0.11778459054738183
1770279824.7795782,1.200920930156708,0.0,0.02908146564602852,1.2328770925283434,0.0,0.09811127697825431,0.0,-0.5,-0.24945831109380515,0.0173870998206625,-0.008381845893147196,-0.13948458525711777
1770279825.1968129,1.200920930156708,0.0,0.02908146564602852,1.2328770925283434,0.0,0.09817197349607944,0.0,-0.5,-0.1746332937445243,-0.002598945829571253,-0.02552165311147602,-0.07886874686792827
1770279825.6357272,1.200712012907267,0.0,0.02908146564602852,1.2328770925283434,0.0,0.09817197349607944,0.0,0.5,-0.14705194059885338,-0.0023148496395424874,0.03201305001938461,-0.09760081526174755
1770279826.0485342,1.2004436501866582,0.0,0.02908146564602852,1.2328770925283434,0.0,0.09817197349607944,0.0,-0.5,-0.14223127808010597,0.003760355381868777,0.0046425190572258156,-0.07993430704675056
1770279826.473073,1.2002374822121862,0.0,0.02908146564602852,1.2328770925283434,0.0,0.09817197349607944,0.0,-0.5,0.04679400966996647,0.0023327626554420665,-0.005973396566427803,-0.029778057336004565
1770279826.8838768,1.2002374822121862,0.0,0.02908146564602852,1.2328770925283434,0.0,0.09817197349607944,0.0,-0.5,0.06335053159160339,-0.0008623778109224828,-0.011676513897632043,-0.03894621228866062
1770279827.3305528,1.2002374822121862,0.0,0.02908146564602852,1.2328770925283434,0.0,0.09817197349607944,0.0,0.5,0.2563726291364058,-0.0012798608065152535,-0.007255881585539267,-0.13353617939869705
1770279827.7630014,1.2002374822121862,0.0,0.02908146564602852,1.2328770925283434,0.0,0.09809341567635535,0.0,0.5,-0.01067897281230909,0.00563054536553269,0.016919862971535783,-0.021847537713162633
1770279828.1760361,1.2002374822121862,0.0,0.02908146564602852,1.2328770925283434,0.0,0.09809341567635535,0.0,-0.5,-0.199311514056046,0.001316164105624623,-0.006560893001044838,-0.10003955023038327
1770279828.5966835,1.199971558247209,0.0,0.02908146564602852,1.2328770925283434,0.0,0.09814108512341975,0.0,-0.5,-0.15876653374429583,0.003036854093349801,-0.02784931025027206,-0.07062430756528441
1770279829.0149863,1.1997970476990942,0.0,0.02908146564602852,1.2328770925283434,0.0,0.09814108512341975,0.0,0.5,0.045468401432468886,0.0037668289732792405,0.0314079252443939,-0.01672279061678333
1770279829.4303014,1.1997970476990942,0.0,0.02908146564602852,1.2328770925283434,0.0,0.09814108512341975,0.0,0.5,0.02805836139074211,0.010099809110469411,0.028858875806726563,-0.010754971262228371
1770279829.8528566,1.1997970476990942,0.0,0.02908146564602852,1.2328770925283434,0.0,0.09814108512341975,0.0,0.5,0.21004971590878949,-0.0009545049200824421,0.01834230966638788,-0.0978598646553171
1770279830.2692263,1.1997970476990942,0.0,0.02908146564602852,1.2328770925283434,0.0,0.09807798423588275,0.0,-0.5,0.1582579179242654,-0.0052312230049539775,-0.033030830141417035,-0.10601291101857568
1770279830.677859,1.2000472814655307,0.0,0.028997809655070306,1.2328770925283434,0.0,0.09802034267902374,0.0,-0.5,-0.01566731049258152,-0.0039484707200793685,-0.014310934515567217,-0.006498648271171503
1770279831.0905445,1.2000472814655307,0.0,0.028997809655070306,1.2328770925283434,0.0,0.09802034267902374,0.0,-0.5,-0.34675410996054334,-0.001817254429299855,-0.0024371375292945073,-0.17516312034355155
1770279831.5165243,1.2000472814655307,0.0,0.028997809655070306,1.2328770925283434,0.0,0.09810522812485695,0.0,-0.5,-0.20541829260470318,0.010401230323241029,-0.005602736253028603,-0.11062556837145172
1770279831.9346995,1.2000472814655307,0.0,0.028997809655070306,1.2328770925283434,0.0,0.09815474969625473,0.0,-0.5,-0.16069875664445685,0.0027366063422264845,0.000702279121392586,-0.08406762576259333
1770279832.3609557,1.199821674240232,0.0,0.028997809655070306,1.2328770925283434,0.0,0.09815474969625473,0.0,-0.5,-0.14654921596953516,-0.004616318548096972,-0.005404612733442652,-0.07579930935162675
1770279832.7767432,1.1996125658994916,0.0,0.028997809655070306,1.2328770925283434,0.0,0.09815474969625473,0.0,-0.5,0.01746927785097943,0.0003568370494506836,-0.016124727805651683,-0.01822585138498714
1770279833.198361,1.1996125658994916,0.0,0.028997809655070306,1.2328770925283434,0.0,0.09815474969625473,0.0,-0.5,-0.00814448630496356,-0.011960648702031885,-0.010552127225088751,-0.013721729220150773
1770279833.616592,1.1996125658994916,0.0,0.028997809655070306,1.2328770925283434,0.0,0.09815474969625473,0.0,0.5,-0.09437384136992985,-0.00022911835900931815,0.02332072874532484,-0.06246368901367802
1770279834.033569,1.19943193238318,0.0,0.028997809655070306,1.2328770925283434,0.0,0.09815474969625473,0.0,-0.5,0.061936401754045634,-0.00850410452764561,-0.02904085496045402,-0.05922889125547332
1770279834.4691043,1.19943193238318,0.0,0.028943351418972016,1.2328770925283434,0.0,0.09815474969625473,0.0,-0.5,-0.322199810382509,0.001045565996175376,0.016475714359772277,-0.17493498529933865
1770279834.880731,1.19943193238318,0.0,0.028943351418972016,1.2328770925283434,0.0,0.09823662771523,0.0,0.5,0.3048881309346194,0.0027020284795696544,-0.0014398801714689527,-0.15765759348573796
1770279835.295415,1.19943193238318,0.0,0.028943351418972016,1.2328770925283434,0.0,0.09814751586437226,0.0,-0.5,-0.24532836482146808,0.004587897198743604,-0.03234008981939681,-0.11417205566457202
1770279835.7247574,1.19943193238318,0.0,0.028943351418972016,1.2328770925283434,0.0,0.09820326704323293,0.0,0.5,-0.16942030293179267,-0.0012790563595800318,0.03640927509522841,-0.11106878186455309
1770279836.1532435,1.1991293385225537,0.0,0.02899334037601948,1.2328770925283434,0.0,0.09824986067235471,0.0,0.5,0.2881912322754875,-0.0014913531522526612,-0.017100969247499008,-0.15948847834801863
1770279836.5860045,1.1991293385225537,0.0,0.02899334037601948,1.2328770925283434,0.0,0.09816243447184564,0.0,-0.5,-0.3129585259346255,0.001325373193235515,0.004830014331921283,-0.1624127416844509
1770279837.001129,1.1991293385225537,0.0,0.02899334037601948,1.2328770925283434,0.0,0.09824056109964849,0.0,-0.5,-0.1947251585965026,0.0038668333558240925,0.0026118943780990525,-0.10275717183850715
1770279837.4338772,1.198858391273618,0.0,0.02899334037601948,1.2328770925283434,0.0,0.09828850794613363,0.0,0.5,0.28018461778782533,-0.00018786766349560105,0.0023663266406127007,-0.13912157001085054
1770279837.8490207,1.198858391273618,0.0,0.02899334037601948,1.2328770925283434,0.0,0.09820563425362111,0.0,0.5,-0.0031447107780708805,-0.004796812737735626,0.010486782247252026,-0.012424604811061012
1770279838.27576,1.198858391273618,0.0,0.02899334037601948,1.2328770925283434,0.0,0.09820563425362111,0.0,-0.5,-0.382093910858468,-0.002686144537951707,-0.0018962444447655636,-0.19402328041400468
1770279838.689994,1.198858391273618,0.0,0.02899334037601948,1.2328770925283434,0.0,0.09829837881863118,0.0,-0.5,-0.45,-0.010498268080158626,0.061563075284008346,-0.2726257376950402
1770279839.105194,1.198858391273618,0.0,0.02899334037601948,1.2328770925283434,0.0,0.09841147103965284,0.0,-0.5,-0.45,0.010327310040286985,0.12013228853354674,-0.3012503756320142
1770279839.5189388,1.198858391273618,0.0,0.02899334037601948,1.2328770925283434,0.0,0.09853060028016568,0.0,-0.5,-0.45,-0.0003257930884275785,0.189344501492469,-0.3269192651305543
1770279839.9313953,1.198858391273618,0.0,0.02899334037601948,1.2328770925283434,0.0,0.09865501715242864,0.0,-0.5,-0.45,-0.0037480911183245045,0.23187861898562165,-0.3489408123604506
1770279840.3414667,1.198858391273618,0.0,0.02899334037601948,1.2328770925283434,0.0,0.09878232466280461,0.0,-0.5,-0.45,0.004186261608912962,0.25679905836852834,-0.3600778347314678
1770279840.7666478,1.198858391273618,0.0,0.02899334037601948,1.2328770925283434,0.0,0.09891148791849613,0.0,-0.5,-0.45,-0.010325431794309392,0.2881110444026979,-0.38251215259907534
1770279841.1860867,1.198858391273618,0.0,0.02899334037601948,1.2328770925283434,0.0,0.09904206996619701,0.0,-0.5,-0.45,-0.01364932978618559,0.3086387809386627,-0.39502149390911345
1770279841.62288,1.198858391273618,0.0,0.02899334037601948,1.2328770925283434,0.0,0.099173688108325,0.0,-0.5,-0.45,0.0009773877277052872,0.3396799364163183,-0.39892147148363
1770279842.0568726,1.198858391273618,0.0,0.02899334037601948,1.2328770925283434,0.0,0.09930739177525043,0.0,-0.5,-0.45,-0.0015923381048343196,0.373231407882561,-0.4165631891927391
1770279842.469069,1.198858391273618,0.0,0.02899334037601948,1.2328770925283434,0.0,0.09944260250031947,0.0,-0.5,-0.45,0.005751178349657726,0.3769422798183689,-0.419593405452423
1770279842.906848,1.198858391273618,0.0,0.02899334037601948,1.2328770925283434,0.0,0.09957820659816265,0.0,-0.5,-0.45,0.001516833309049345,0.3835751385394511,-0.4189676884508831
1770279843.3267307,1.198858391273618,0.0,0.02899334037601948,1.2328770925283434,0.0,0.09971397279798984,0.0,-0.5,-0.45,-0.003935578751009125,0.39680719275836573,-0.4286623805520835
1770279843.7522235,1.198858391273618,0.0,0.02899334037601948,1.2328770925283434,0.0,0.09985013357222079,0.0,-0.5,-0.45,-0.0014165581415068519,0.4257742702838601,-0.44220040103598635
1770279844.173239,1.198858391273618,0.0,0.02899334037601948,1.2328770925283434,0.0,0.09998753444969653,0.0,-0.5,-0.45,-2.2525707171551368e-05,0.44630815328805595,-0.45022999065161906
1770279844.6067111,1.198858391273618,0.0,0.02899334037601948,1.2328770925283434,0.0,0.10012573926031589,0.0,0.5,-0.062499998413661634,0.002004808294008035,0.4275939111344609,-0.2489231872834288
1770279845.0248692,1.198318391273618,0.0,0.02917334037601948,1.2328770925283434,0.0,0.10020068654239177,0.0,0.5,0.3220214848769274,-0.0022449239114074675,0.28117539948677467,-0.037309817771252446
1770279845.4541256,1.198318391273618,0.0,0.02917334037601948,1.2328770925283434,0.0,0.10015148724377154,0.0,0.5,0.4436864854493403,0.0031244721667331955,0.15998787811555176,-0.15709252797074977
1770279845.8691318,1.198318391273618,0.0,0.02917334037601948,1.2328770925283434,0.0,0.10005331988513469,0.0,0.5,0.45,-0.00999302817029192,0.05541599913183118,-0.21774221650274836
1770279846.2820814,1.198318391273618,0.0,0.02917334037601948,1.233085773239136,0.0,0.0999405707401037,0.0,0.5,0.3903029674266791,0.0189452994540377,-0.002004357210607642,-0.22084099740692495
1770279846.6971164,1.198318391273618,0.0,0.02917334037601948,1.233085773239136,0.0,0.09983329767882823,0.0,0.5,0.45,-0.0069177147168086005,-0.09668558226963939,-0.28972862835753144
1770279847.1110117,1.198318391273618,0.0,0.02917334037601948,1.233308032407761,0.0,0.09970539891302585,0.0,-0.5,0.05151791029794983,0.01079345878558998,-0.16564907270830848,-0.12627329933258605
1770279847.5218039,1.1986750108319524,0.0,0.0290616999489069,1.233308032407761,0.0,0.09965518150150775,0.0,0.5,0.3580974638052107,-0.014250255787348934,-0.1384977532553984,-0.2652629962629445
1770279847.9404378,1.1986750108319524,0.0,0.0290616999489069,1.2335266124439244,0.0,0.09953927376568317,0.0,0.5,0.45,0.002787785349554908,-0.17051665283387582,-0.3162480017243406
1770279848.351117,1.1986750108319524,0.0,0.0290616999489069,1.233743593218327,0.0,0.0994058209067583,0.0,0.5,0.45,-0.0001539671154462895,-0.2216711225036859,-0.34110497533427026
1770279848.768991,1.1986750108319524,0.0,0.0290616999489069,1.2339666258716586,0.0,0.09926892900526522,0.0,0.5,0.45,0.014373698524445144,-0.263497547043444,-0.375305114500143
1770279849.1915507,1.1986750108319524,0.0,0.0290616999489069,1.2341766857528689,0.0,0.09912991716086864,0.0,0.5,0.45,0.018162553370835666,-0.2977358013796475,-0.3954542794942798
1770279849.6171546,1.1986750108319524,0.0,0.0290616999489069,1.2343844683098795,0.0,0.09898921193063258,0.0,-0.5,-0.18393125226270945,0.010373547777106211,-0.23050030953129175,-0.04038162559623293
1770279850.0334022,1.1988245730382208,0.0,0.02898805169284344,1.2343844683098795,0.0,0.09898921193063258,0.0,-0.5,-0.3999938727862479,-0.0003178409250593532,-0.1143246703009228,-0.15477000609075878
1770279850.4434855,1.1988245730382208,0.0,0.02898805169284344,1.2343844683098795,0.0,0.09907081728696822,0.0,-0.5,-0.45,-0.010369626011329897,-0.005622110558893749,-0.24342882670608595
1770279850.8578143,1.1988245730382208,0.0,0.02898805169284344,1.2343844683098795,0.0,0.09917683938741682,0.0,-0.5,-0.45,0.0006686943611168829,0.08658446746099165,-0.27818158589360126
1770279851.2848623,1.1988245730382208,0.0,0.02898805169284344,1.2343844683098795,0.0,0.09929266014456747,0.0,-0.5,-0.45,-0.0011091199028709497,0.16998084548964928,-0.31943918045056136
1770279851.7082973,1.1988245730382208,0.0,0.02898805169284344,1.2343844683098795,0.0,0.09941558115959166,0.0,-0.5,-0.45,0.001915038343906879,0.23827620078523634,-0.3528826742660838
1770279852.1353996,1.1988245730382208,0.0,0.02898805169284344,1.2343844683098795,0.0,0.09954348771452902,0.0,0.5,0.18383160546844013,0.00532940708464098,0.19251707842144397,-0.014248055797522138
1770279852.5486438,1.1988245730382208,0.0,0.02898805169284344,1.2343844683098795,0.0,0.09954348771452902,0.0,0.5,0.39996234391774865,0.01835465927470831,0.10861699506701512,-0.17241734203551795
1770279852.9657865,1.1988245730382208,0.0,0.02898805169284344,1.2343844683098795,0.0,0.09944802844285963,0.0,0.5,0.45,-0.017351369975447322,0.018308234103814953,-0.24222812901985988
1770279853.3818371,1.1988245730382208,0.0,0.02898805169284344,1.2346072438359261,0.0,0.09933107447385786,0.0,0.5,0.45,0.004049293608040331,-0.03165783537249966,-0.24987481824192162
1770279853.801161,1.1988245730382208,0.0,0.02898805169284344,1.2348100080871582,0.0,0.099209242875576,0.0,0.5,0.45,-0.0013030052876335922,-0.12605893250200467,-0.29877258125158646
1770279854.2299097,1.1988245730382208,0.0,0.02898805169284344,1.2350282903766632,0.0,0.09907903415918348,0.0,0.5,0.45,-0.0014497516667788457,-0.20050662552079573,-0.3341478337290558
1770279854.6492739,1.1988245730382208,0.0,0.02898805169284344,1.2352516260981559,0.0,0.0989434623980522,0.0,-0.5,-0.07836293045698323,0.0052215758349955016,-0.19380501039945008,-0.06361277731836348
1770279855.0626554,1.1990472510337833,0.0,0.028899170930385593,1.2352516260981559,0.0,0.0989434623980522,0.0,-0.5,-0.36659139596490486,-0.01206209448301922,-0.07376932964734213,-0.1704766957170114
1770279855.4757714,1.1990472510337833,0.0,0.028899170930385593,1.2352516260981559,0.0,0.09902286831617353,0.0,-0.5,-0.45,-0.007708179360661407,0.029617819979691064,-0.25785580431321026
1770279855.8940732,1.1990472510337833,0.0,0.028899170930385593,1.2352516260981559,0.0,0.09913278855681418,0.0,0.5,0.19361069318093405,0.001235619882323412,0.0409349369986699,-0.07870520967535337
1770279856.3102336,1.1992312661933902,0.0,0.028842059426307683,1.2352516260981559,0.0,0.09907762742638586,0.0,0.5,0.40305650838928,-0.0014042739051266708,-0.03961038309559311,-0.23079225165698952
1770279856.7236338,1.1992312661933902,0.0,0.028842059426307683,1.2354528151845932,0.0,0.09896346999287603,0.0,-0.5,0.21932647335754563,-0.002372227050080125,-0.12444122027178929,-0.1827391575823672
1770279857.1540504,1.1992312661933902,0.0,0.028842059426307683,1.2354528151845932,0.0,0.09887762918174264,0.0,-0.5,-0.27240060803921406,-0.0022174761832469136,-0.06838623590514568,-0.10983016068694545
1770279857.5721157,1.1992312661933902,0.0,0.028842059426307683,1.2354528151845932,0.0,0.09893464868605134,0.0,-0.5,-0.4279861298874076,0.0006510594820952137,0.013209251527210449,-0.22940829893263984
1770279857.9871144,1.1992312661933902,0.0,0.028842059426307683,1.2354528151845932,0.0,0.09903875816762445,0.0,-0.5,-0.45,-0.0023933505124816346,0.06621408137524443,-0.2658008741849073
1770279858.4106565,1.1992312661933902,0.0,0.028842059426307683,1.2354528151845932,0.0,0.09915253994166848,0.0,0.5,-0.05709286115483797,0.008791987882770757,0.1426115778465639,-0.11628395703060364
1770279858.8362212,1.1989163576459887,0.0,0.02891249271154404,1.2354528151845932,0.0,0.09915253994166848,0.0,0.5,0.32373233690022707,-0.001340390127820264,0.04987257192319904,-0.14754417320867075
1770279859.266455,1.1989163576459887,0.0,0.02891249271154404,1.2354528151845932,0.0,0.09906612520754333,0.0,0.5,0.4442278097223375,0.004023230843085177,-0.022384371526010378,-0.24455501581218003
1770279859.688423,1.1989163576459887,0.0,0.02891249271154404,1.2356533718061447,0.0,0.09894623247086998,0.0,0.5,0.45,0.0013415548243722953,-0.10721099834779227,-0.28842971668044665
1770279860.1016786,1.1989163576459887,0.0,0.02891249271154404,1.2358670878601075,0.0,0.09881758695662017,0.0,0.5,0.45,0.002393553010741421,-0.18710776324939152,-0.3289371111255971
1770279860.5147345,1.1989163576459887,0.0,0.02891249271154404,1.236085551381111,0.0,0.09868298046886917,0.0,-0.5,0.061175005350708134,-0.004702510168157791,-0.2377836443178528,-0.15924942310928436
1770279860.9358964,1.199372475807667,0.0,0.028763637492656712,1.236085551381111,0.0,0.09861955869257447,0.0,-0.5,-0.3224407209632525,-0.0019996629783040998,-0.11609731965616525,-0.11733999609801647
1770279861.3575068,1.199372475807667,0.0,0.028763637492656712,1.236085551381111,0.0,0.09868191437125202,0.0,-0.5,-0.44381913436727904,-0.000605003798340951,-0.010768076984068502,-0.22766345675715588
1770279861.7926745,1.199372475807667,0.0,0.028763637492656712,1.236085551381111,0.0,0.09878639103651043,0.0,-0.5,-0.45,-0.0014687760701877213,0.08482928309274909,-0.27844315362424404
1770279862.2111769,1.199372475807667,0.0,0.028763637492656712,1.236085551381111,0.0,0.09890198656320569,0.0,-0.5,-0.45,-0.00024491306767295093,0.16947187511209802,-0.3184451098256568
1770279862.6325004,1.199372475807667,0.0,0.028763637492656712,1.236085551381111,0.0,0.09902489397406575,0.0,0.5,0.1849284536575996,0.004767741832647843,0.1384477635246642,-0.031110498057858926
1770279863.058714,1.199372475807667,0.0,0.028763637492656712,1.236085551381111,0.0,0.09902489397406575,0.0,0.5,0.40030939354009987,0.002251823734179722,0.08003489648776356,-0.16823035896403793
1770279863.484325,1.199372475807667,0.0,0.028763637492656712,1.236085551381111,0.0,0.09892543854355809,0.0,0.5,0.45,-0.016650613151860796,-0.005779353833406567,-0.2531217151006811
1770279863.9012477,1.199372475807667,0.0,0.028763637492656712,1.23631031781435,0.0,0.09880594695806501,0.0,0.5,0.45,-0.0008278199736954546,-0.07832627147119305,-0.2722456474730706
1770279864.3164477,1.199372475807667,0.0,0.028763637492656712,1.2365238687515256,0.0,0.09867972489476201,0.0,0.5,0.45,0.0023174193110207224,-0.15500799103017102,-0.312489586782004
1770279864.7360687,1.199372475807667,0.0,0.028763637492656712,1.2367402938151357,0.0,0.09854737876892086,0.0,-0.5,-0.0788743689870346,0.0034114168126098674,-0.15515996740314172,-0.041569413657960505
1770279865.1568103,1.199526080542803,0.0,0.028692925837039952,1.2367402938151357,0.0,0.09854737876892086,0.0,-0.5,-0.3667532183123039,0.013058670372625921,-0.045904925166435406,-0.1844083211692308
1770279865.5738053,1.199526080542803,0.0,0.028692925837039952,1.2367402938151357,0.0,0.09863115560948844,0.0,-0.5,-0.45,0.004528788181785957,0.05612353981632863,-0.2677934045882267
1770279865.9871938,1.199526080542803,0.0,0.028692925837039952,1.2367402938151357,0.0,0.09874412600457665,0.0,-0.5,-0.45,-0.0013794517903739003,0.1269993294157692,-0.29696669545820253
1770279866.4110696,1.199526080542803,0.0,0.028692925837039952,1.2367402938151357,0.0,0.09886352127730842,0.0,-0.5,-0.45,-0.003348175044945138,0.20678872550415542,-0.33972147740586145
1770279866.8602068,1.199526080542803,0.0,0.028692925837039952,1.2367402938151357,0.0,0.09898911289274688,0.0,0.5,0.18459535897164456,-0.0025868050133297338,0.1740077520797658,-0.01115870580170808
1770279867.2888856,1.199526080542803,0.0,0.028692925837039952,1.2367402938151357,0.0,0.09898911289274688,0.0,0.5,0.4251530002247164,-0.0028869513507858323,0.06389944857361166,-0.19452455752695363
1770279867.7138207,1.199526080542803,0.0,0.028692925837039952,1.2369334628391264,0.0,0.09888238037168975,0.0,0.5,0.45,-0.0002557804619430203,-0.030465586501823384,-0.24992507722039822
1770279868.1305559,1.199526080542803,0.0,0.028692925837039952,1.2371412561893462,0.0,0.09876060297548767,0.0,0.5,0.45,0.0007042724715114842,-0.11956085985291218,-0.29439422973307644
1770279868.5664558,1.199526080542803,0.0,0.028692925837039952,1.2373567492604254,0.0,0.0986309445303678,0.0,0.5,0.45,0.0005359449721149016,-0.1951806462981297,-0.3306882467657015
1770279868.978822,1.199526080542803,0.0,0.028692925837039952,1.2375776767015456,0.0,0.09849576157152648,0.0,-0.5,-0.18434391122241825,0.001418455056495712,-0.1385241887645211,-0.029993962038805146
1770279869.3955662,1.199526080542803,0.0,0.028692925837039952,1.2375776767015456,0.0,0.09849576157152648,0.0,-0.5,-0.4250933304951637,0.004061629582557805,-0.040050494758528454,-0.20643041685147467
1770279869.8125494,1.199526080542803,0.0,0.028692925837039952,1.2375776767015456,0.0,0.09859301065981384,0.0,-0.5,-0.45,-0.00193033354365815,0.04930069767673008,-0.26051580162554905
1770279870.242411,1.199526080542803,0.0,0.028692925837039952,1.2375776767015456,0.0,0.09870512096703048,0.0,-0.5,-0.45,-0.000987095890664459,0.13848257031975789,-0.3041465683148462
1770279870.665829,1.199526080542803,0.0,0.028692925837039952,1.2375776767015456,0.0,0.09882550200521942,0.0,0.5,0.1859665200321865,0.005222014793939465,0.10300993861112863,-0.050247568675331325
1770279871.1006193,1.199526080542803,0.0,0.028692925837039952,1.2375776767015456,0.0,0.09882550200521942,0.0,0.5,0.4254783831717005,-0.0017300350297613312,0.014511534582717783,-0.21606329972709376
1770279871.5221379,1.199526080542803,0.0,0.028692925837039952,1.2377767405557631,0.0,0.09871294102251525,0.0,0.5,0.45,-0.0008033925146071711,-0.07285474532062595,-0.2709673931652545
1770279871.9372063,1.199526080542803,0.0,0.028692925837039952,1.237989727628231,0.0,0.09858720358073707,0.0,-0.5,0.24253942370589482,0.0008721402444025213,-0.1622149379397187,-0.21218534032911854
1770279872.357928,1.199526080542803,0.0,0.028692925837039952,1.237989727628231,0.0,0.09849166387498375,0.0,-0.5,-0.2650558854680567,-0.0032132879657877918,-0.10926630420110416,-0.08640294197312551
1770279872.7846606,1.199526080542803,0.0,0.028692925837039952,1.237989727628231,0.0,0.09854008120775219,0.0,-0.5,-0.4256622137613773,0.002756385519516063,-0.02485595911882804,-0.21160054734901831
1770279873.2386427,1.199526080542803,0.0,0.028692925837039952,1.237989727628231,0.0,0.09863929442405697,0.0,-0.5,-0.45,-0.002443638234112211,0.026939653535320372,-0.2460930262671872
1770279873.6551611,1.199526080542803,0.0,0.028692925837039952,1.237989727628231,0.0,0.0987490756833553,0.0,-0.5,-0.45,0.003408378591260583,0.09293329094664203,-0.28147438780571377
1770279874.0844405,1.199526080542803,0.0,0.028692925837039952,1.237989727628231,0.0,0.09886556494355198,0.0,-0.5,-0.45,0.00020967266445854466,0.18774152868157282,-0.32856126077873804
1770279874.5096967,1.199526080542803,0.0,0.028692925837039952,1.237989727628231,0.0,0.09898987877607342,0.0,0.5,-0.24925494241901403,-0.010578184516225369,0.2038835522781069,-0.23876163422443922
1770279875.0008373,1.199526080542803,0.0,0.028692925837039952,1.237989727628231,0.0,0.09907886586666104,0.0,0.5,-0.24925494241901403,0.00012288278323034044,0.1464354489024449,-0.203712888781526
1770279876.4253263,1.199526080542803,0.0,0.028692925837039952,1.237989727628231,0.0,0.09916115286350247,0.0,0.5,-0.24925494241901403,5.349766104545786e-06,0.06414110932108606,-0.1649328095942905
1770279877.8467627,1.199526080542803,0.0,0.028692925837039952,1.237989727628231,0.0,0.09923239915311333,0.0,0.5,-0.24925494241901403,2.440672208045217e-06,0.02822962114618698,-0.14233587127229844
1770279879.255932,1.199526080542803,0.0,0.028692925837039952,1.237989727628231,0.0,0.09929842943668361,0.0,0.5,-0.24925494241901403,1.00522484456369e-06,0.012605260926235646,-0.13249354291946452
1770279880.6719153,1.199526080542803,0.0,0.028692925837039952,1.237989727628231,0.0,0.09936211958944793,0.0,0.5,-0.24925494241901403,3.83068890178149e-07,0.005643644844304876,-0.1281458383087427
1770279882.0863404,1.199526080542803,0.0,0.028692925837039952,1.237989727628231,0.0,0.09942475380480285,0.0,0.5,-0.24925494241901403,1.5823252510843272e-07,0.0030307578450798583,-0.12640429706449455
1770279883.496109,1.199526080542803,0.0,0.028692925837039952,1.237989727628231,0.0,0.09948698965311047,0.0,0.5,-0.24925494241901403,5.964811511304328e-08,0.0013267090874307338,-0.1254612902771024
1770279884.9099164,1.199526080542803,0.0,0.028692925837039952,1.237989727628231,0.0,0.09954896505892273,0.0,0.5,-0.24925494241901403,2.469753014778848e-08,0.0007302977993536987,-0.1250522859355217
1770279886.3221052,1.199526080542803,0.0,0.028692925837039952,1.237989727628231,0.0,0.09961084921598432,0.0,0.5,-0.24925494241901403,1.0168917449696753e-08,0.00032446178368385285,-0.12483029587183338
1770279887.7350714,1.199526080542803,0.0,0.028692925837039952,1.237989727628231,0.0,0.09967267124235628,0.0,0.5,-0.24925494241901403,4.647449705209841e-09,0.0003805991416550435,-0.12482338916358135
1770279889.1507359,1.199526080542803,0.0,0.028692925837039952,1.237989727628231,0.0,0.09973450187325475,0.0,0.5,-0.24925494241901403,1.9381660684433733e-09,0.0001892721786212507,-0.12474124193328709
1770279890.56304,1.199526080542803,0.0,0.028692925837039952,1.237989727628231,0.0,0.09979630319833753,0.0,0.5,-0.24925494241901403,7.374961724540808e-10,-4.2029054090471726e-05,-0.12462958754322911
1770279891.9739416,1.199526080542803,0.0,0.028692925837039952,1.237989727628231,0.0,0.09985806909680364,0.0,0.5,-0.24925494241901403,3.03414129501192e-10,0.0001075009172092098,-0.12469617496865572
1770279893.3849883,1.199526080542803,0.0,0.028692925837039952,1.237989727628231,0.0,0.09991985787987706,0.0,0.5,-0.24925494241901403,1.2492033661335833e-10,0.00047621763035434443,-0.12490245182091904
1770279894.7975047,1.199526080542803,0.0,0.028692925837039952,1.237989727628231,0.0,0.09998170313417909,0.0,0.5,-0.24925494241901403,4.731408535084401e-11,0.00039375634080845274,-0.12483259555617991
1770279896.2135222,1.199526080542803,0.0,0.028692925837039952,1.237989727628231,0.0,0.10004353576064107,0.0,0.5,-0.24925494241901403,1.9314349425443965e-11,0.0002036080030968981,-0.12474829006414098
1770279897.635305,1.199526080542803,0.0,0.028692925837039952,1.237989727628231,0.0,0.10010533928513524,0.0,0.5,-0.24925494241901403,8.866720023810112e-12,0.0001946055562039735,-0.12472567424116503
1770279899.0478857,1.199526080542803,0.0,0.028692925837039952,1.237989727628231,0.0,0.10016714143097398,0.0,0.5,-0.24925494241901403,3.652359251368282e-12,0.0002431315383408077,-0.12475388958054345
1770279900.4680698,1.199526080542803,0.0,0.028692925837039952,1.237989727628231,0.0,0.10022895099043844,0.0,0.5,-0.24925494241901403,1.3888658377738787e-12,0.00036346357867034267,-0.124821236204264
1770279901.8810523,1.199526080542803,0.0,0.028692925837039952,1.237989727628231,0.0,0.1002907789981365,0.0,0.5,-0.24925494241901403,5.714854337440098e-13,0.00033081489111095946,-0.12479614352438992
1770279903.2964897,1.199526080542803,0.0,0.028692925837039952,1.237989727628231,0.0,0.10035260199546812,0.0,0.5,-0.24925494241901403,2.0764174238956932e-13,0.0005815887086607721,-0.12494334294580002
1770279904.7065692,1.199526080542803,0.0,0.028692925837039952,1.237989727628231,0.0,0.100414463391304,0.0,0.5,-0.24925494241901403,8.536922309167879e-14,0.0005748031746656158,-0.12491555135032471
1770279906.122237,1.199526080542803,0.0,0.028692925837039952,1.237989727628231,0.0,0.10047632374107836,0.0,0.5,-0.24925494241901403,3.526214962814605e-14,0.00017796966176285552,-0.12475613939171398
1770279907.5468872,1.199526080542803,0.0,0.028692925837039952,1.237989727628231,0.0,0.10053812333345412,0.0,0.5,-0.24925494241901403,1.693396982124857e-14,-5.621284911385117e-05,-0.12462278303605469
1770279908.9582171,1.199526080542803,0.0,0.028692925837039952,1.237989727628231,0.0,0.10059988705396651,0.0,0.5,-0.24925494241901403,7.005817556988006e-15,4.396610448236038e-05,-0.12465947215711483
1770279910.3685548,1.199526080542803,0.0,0.028692925837039952,1.237989727628231,0.0,0.10066166611135005,0.0,0.5,-0.24925494241901403,2.6393941110549537e-15,0.0001915922620361644,-0.12473802995628311
1770279911.7797577,1.199526080542803,0.0,0.028692925837039952,1.237989727628231,0.0,0.10072346777975559,0.0,0.5,-0.24925494241901403,1.0423135343325053e-15,7.058981446054825e-05,-0.12467486636149588
1770279913.1883092,1.199526080542803,0.0,0.028692925837039952,1.237989727628231,0.0,0.10078525092482567,0.0,0.5,-0.24925494241901403,4.5563701319403725e-16,0.0002396076329126154,-0.12476417680780899
1770279914.6048625,1.199526080542803,0.0,0.028692925837039952,1.237989727628231,0.0,0.10084705996394157,0.0,0.5,-0.24925494241901403,1.626049468615418e-16,0.00036897217449727336,-0.12482489375091428
1770279916.018691,1.199526080542803,0.0,0.028692925837039952,1.237989727628231,0.0,0.10090888880312442,0.0,0.5,-0.24925494241901403,6.697355722561325e-17,0.00023324211833114785,-0.12475766527428926
1770279917.4362087,1.199526080542803,0.0,0.028692925837039952,1.237989727628231,0.0,0.10097069686055182,0.0,0.5,-0.24925494241901403,3.228409653020666e-17,-2.587523389741457e-05,-0.1246404453277812
1770279918.8503773,1.199526080542803,0.0,0.028692925837039952,1.237989727628231,0.0,0.10103246522665023,0.0,0.5,-0.24925494241901403,1.3319430160141609e-17,0.0002441606835583856,-0.1247765551430318
1770279920.265073,1.199526080542803,0.0,0.028692925837039952,1.237989727628231,0.0,0.10109427494168281,0.0,0.5,-0.24925494241901403,4.787880455238481e-18,0.00030165851494410364,-0.12478405025011763
1770279921.6843293,1.199526080542803,0.0,0.028692925837039952,1.237989727628231,0.0,0.10115609348654747,0.0,0.5,-0.24925494241901403,1.9712207028720126e-18,0.000463820657008971,-0.12487559775221799
1770279923.0963492,1.199526080542803,0.0,0.028692925837039952,1.237989727628231,0.0,0.1012179368686676,0.0,0.5,-0.24925494241901403,7.465799706935639e-19,0.0003016029682956558,-0.12479449446252618
1770279924.506023,1.199526080542803,0.0,0.028692925837039952,1.237989727628231,0.0,0.10127975540280343,0.0,0.5,-0.24925494241901403,3.087978646677845e-19,0.00021372788696504303,-0.1247431226611226
1770279925.9197273,1.199526080542803,0.0,0.028692925837039952,1.237989727628231,0.0,0.10134156046152115,0.0,0.5,-0.24925494241901403,1.276337242888098e-19,0.0002763971946062217,-0.12477193673757425
1770279927.3344264,1.199526080542803,0.0,0.028692925837039952,1.237989727628231,0.0,0.10140337512254716,0.0,0.5,-0.24925494241901403,6.154255553220999e-20,0.00021365013846774304,-0.12474057098435473
1770279928.7439375,1.199526080542803,0.0,0.028692925837039952,1.237989727628231,0.0,0.10146518017590046,0.0,0.5,-0.24925494241901403,2.5476043412310696e-20,6.491738105128554e-06,-0.12465143291859584
1770279930.1565285,1.199526080542803,0.0,0.028692925837039952,1.237989727628231,0.0,0.10152695350408554,0.0,0.5,-0.24925494241901403,9.935678377657474e-21,0.0005382166570463362,-0.12494975202992431
1770279931.574611,1.199526080542803,0.0,0.028692925837039952,1.237989727628231,0.0,0.10158880824804306,0.0,0.5,-0.24925494241901403,3.784872530365736e-21,0.00014237035328346488,-0.12473824101652503
1770279932.9878361,1.199526080542803,0.0,0.028692925837039952,1.237989727628231,0.0,0.10165060237944126,0.0,0.5,-0.24925494241901403,1.5414931063532956e-21,6.0160501559255655e-05,-0.12466577244545905
1770279934.404276,1.199526080542803,0.0,0.028692925837039952,1.237989727628231,0.0,0.10171238393127918,0.0,0.5,-0.24925494241901403,5.905088121873095e-22,-4.2381136812145746e-05,-0.12461653480493808
1770279935.815317,1.199526080542803,0.0,0.028692925837039952,1.237989727628231,0.0,0.10177414976537227,0.0,0.5,-0.24925494241901403,2.4358616186733346e-22,0.00025826070603375735,-0.12478666574680848
1770279937.2255032,1.199526080542803,0.0,0.028692925837039952,1.237989727628231,0.0,0.10183596166372298,0.0,0.5,-0.24925494241901403,1.0033173294396285e-22,9.242028165576067e-05,-0.1246902653927727
1770279938.6359427,1.199526080542803,0.0,0.028692925837039952,1.237989727628231,0.0,0.10189774814546107,0.0,0.5,-0.24925494241901403,4.57878579441342e-23,4.21333257033097e-06,-0.12463839857070072
1770279940.0521088,1.199526080542803,0.0,0.028692925837039952,1.237989727628231,0.0,0.10195952113568782,0.0,0.5,-0.24925494241901403,1.8900823281651803e-23,0.0002531760768139465,-0.12477895552233834
1770279941.4656057,1.199526080542803,0.0,0.028692925837039952,1.237989727628231,0.0,0.10202133222937583,0.0,0.5,-0.24925494241901403,7.197253543256224e-24,0.00028819566008805354,-0.12477507099787845
1770279942.8767278,1.199526080542803,0.0,0.028692925837039952,1.237989727628231,0.0,0.10208314870357513,0.0,0.5,-0.24925494241901403,2.9747124863044412e-24,0.0005553908317843157,-0.1249318861425688
1770279944.2872856,1.199526080542803,0.0,0.028692925837039952,1.237989727628231,0.0,0.10214500609219074,0.0,0.5,-0.24925494241901403,1.2271072043668268e-24,0.0002577039517928951,-0.1247860918734026
1770279945.7048965,1.199526080542803,0.0,0.028692925837039952,1.237989727628231,0.0,0.10220681789398194,0.0,0.5,-0.24925494241901403,4.487720987157218e-25,0.00021669940187459962,-0.12473992136543614
1770279947.1182606,1.199526080542803,0.0,0.028692925837039952,1.237989727628231,0.0,0.10226862341940403,0.0,0.5,-0.24925494241901403,1.943567334221235e-25,0.0003814458513227022,-0.12483466878011318
1770279948.5345478,1.199526080542803,0.0,0.028692925837039952,1.237989727628231,0.0,0.10233045417368412,0.0,0.5,-0.24925494241901403,8.848451440545272e-26,0.00024499819666738866,-0.12476361507330624
1770279949.9465854,1.199526080542803,0.0,0.028692925837039952,1.237989727628231,0.0,0.10239226403355599,0.0,0.5,-0.24925494241901403,3.638397852673588e-26,0.0002929262935532739,-0.12477872716597223
1770279951.3655705,1.199526080542803,0.0,0.028692925837039952,1.237989727628231,0.0,0.10245408122658729,0.0,0.5,-0.24925494241901403,1.5007569998826347e-26,0.00043618961512532223,-0.12485989234922687
1770279952.7766774,1.199526080542803,0.0,0.028692925837039952,1.237989727628231,0.0,0.10251592036545276,0.0,0.5,-0.24925494241901403,5.680354132744373e-27,0.0005055662401180073,-0.12488719199206527
1770279954.196241,1.199526080542803,0.0,0.028692925837039952,1.237989727628231,0.0,0.10257777012586593,0.0,0.5,-0.24925494241901403,2.3411238633930282e-27,0.0002461157648722305,-0.12477647413946771
1770279955.6249197,1.199526080542803,0.0,0.028692925837039952,1.237989727628231,0.0,0.10263958015203475,0.0,0.5,-0.24925494241901403,8.482437844797022e-28,0.00039109445800813064,-0.12483751630782468
1770279957.0453532,1.199526080542803,0.0,0.028692925837039952,1.237989727628231,0.0,0.10270141236543655,0.0,0.5,-0.24925494241901403,4.0370631790677917e-28,0.0002558662110000777,-0.12476892713970786
1770279958.4615772,1.199526080542803,0.0,0.028692925837039952,1.237989727628231,0.0,0.10276322388291358,0.0,0.5,-0.24925494241901403,1.5561464249274343e-28,0.0003755913342356412,-0.1248272393889484
1770279959.872284,1.199526080542803,0.0,0.028692925837039952,1.237989727628231,0.0,0.10282505373597144,0.0,0.5,-0.24925494241901403,6.403559486560024e-29,5.36436147384887e-05,-0.12468648778882598
1770279961.286557,1.199526080542803,0.0,0.028692925837039952,1.237989727628231,0.0,0.10288683428466318,0.0,0.5,-0.24925494241901403,2.598015034256483e-29,0.00015323620959697404,-0.12471404857379136
1770279962.7021155,1.199526080542803,0.0,0.028692925837039952,1.237989727628231,0.0,0.10294863008975981,0.0,0.5,-0.24925494241901403,9.45813654799375e-30,6.301752019071869e-05,-0.124668001838543
1770279964.1157527,1.199526080542803,0.0,0.028692925837039952,1.237989727628231,0.0,0.10301041206538676,0.0,0.5,-0.24925494241901403,3.896071263268359e-30,0.00016091352178951448,-0.12471771757056165
1770279965.5258946,1.199526080542803,0.0,0.028692925837039952,1.237989727628231,0.0,0.10307220903992652,0.0,0.5,-0.24925494241901403,1.6047728280062016e-30,0.00010534834925173611,-0.12468570190138666
1770279966.9433646,1.199526080542803,0.0,0.028692925837039952,1.237989727628231,0.0,0.10313399750113486,0.0,0.5,-0.24925494241901403,7.717846125906856e-31,0.000404454070134475,-0.12485960881666253
1770279968.3579817,1.199526080542803,0.0,0.028692925837039952,1.237989727628231,0.0,0.10319583176910876,0.0,0.5,-0.24925494241901403,3.189520780996656e-31,0.000441547764956504,-0.12485195446146746
1770279969.7717881,1.199526080542803,0.0,0.028692925837039952,1.237989727628231,0.0,0.10325767171263694,0.0,0.5,-0.24925494241901403,1.1454124531012782e-31,0.00019294852988614952,-0.12474880539795713
1770279971.1876092,1.199526080542803,0.0,0.028692925837039952,1.237989727628231,0.0,0.10331947360098362,0.0,0.5,-0.24925494241901403,4.720621974466565e-32,0.0004500888582818253,-0.1248782296714875
1770279972.6185284,1.199526080542803,0.0,0.028692925837039952,1.237989727628231,0.0,0.10338131486415864,0.0,0.5,-0.24925494241901403,1.7865523797250413e-32,0.00031601590898966257,-0.12479888645893106
1770279974.0328665,1.199526080542803,0.0,0.028692925837039952,1.237989727628231,0.0,0.10344313559770585,0.0,0.5,-0.24925494241901403,8.670860914484612e-33,0.00037264113284510444,-0.1248194542983151
1770279975.4415123,1.199526080542803,0.0,0.028692925837039952,1.237989727628231,0.0,0.10350496499478817,0.0,0.5,-0.24925494241901403,3.575025818326077e-33,0.0002759368382445198,-0.12477511005808932
1770279976.8502746,1.199526080542803,0.0,0.028692925837039952,1.237989727628231,0.0,0.1035667795753479,0.0,0.5,-0.24925494241901403,1.4017369809736836e-33,0.000135105658609266,-0.12470910715677518
1770279978.2638488,1.199526080542803,0.0,0.028692925837039952,1.237989727628231,0.0,0.10362857260167599,0.0,0.5,-0.24925494241901403,5.319750023963818e-34,0.0005565143730871114,-0.12494786926749836
1770279979.6739612,1.199526080542803,0.0,0.028692925837039952,1.237989727628231,0.0,0.10369043015658856,0.0,0.5,-0.24925494241901403,2.2001187341302055e-34,0.00039086951551788745,-0.12483947045302288
1770279981.0883133,1.199526080542803,0.0,0.028692925837039952,1.237989727628231,0.0,0.10375226234316827,0.0,0.5,-0.24925494241901403,9.077310515306842e-35,0.00024202140268302782,-0.12476336672213202
1770279982.5000668,1.199526080542803,0.0,0.028692925837039952,1.237989727628231,0.0,0.10381407174170018,0.0,0.5,-0.24925494241901403,3.438452692643466e-35,0.00035342227401668433,-0.12481532243364872
1770279983.9091597,1.199526080542803,0.0,0.028692925837039952,1.237989727628231,0.0,0.10387589819908143,0.0,0.5,-0.24925494241901403,1.4186307332517381e-35,0.00046337036480269847,-0.12487015120098696
1770279985.3205223,1.199526080542803,0.0,0.028692925837039952,1.237989727628231,0.0,0.10393774147927762,0.0,0.5,-0.24925494241901403,5.730294841600501e-36,0.0005132014013519386,-0.1248890550138379
1770279986.742674,1.199526080542803,0.0,0.028692925837039952,1.237989727628231,0.0,0.10399959240913392,0.0,0.5,-0.24925494241901403,2.6756381884901123e-36,0.00016507182827570638,-0.12474482008095249
1770279988.1587644,1.199526080542803,0.0,0.028692925837039952,1.237989727628231,0.0,0.1040613900113106,0.0,0.5,-0.24925494241901403,1.1643881872139842e-36,0.00016247352823693016,-0.12470896780362935
1770279989.5866954,1.199526080542803,0.0,0.028692925837039952,1.237989727628231,0.0,0.104123187237978,0.0,0.5,-0.24925494241901403,4.200657047612518e-37,0.000281155142783789,-0.12477991694235359
1770279991.0043979,1.199526080542803,0.0,0.028692925837039952,1.237989727628231,0.0,0.10418500263929369,0.0,0.5,-0.24925494241901403,1.591659772787881e-37,4.90981214666018e-05,-0.12467522597237203
1770279992.4176576,1.199526080542803,0.0,0.028692925837039952,1.237989727628231,0.0,0.10424678249061109,0.0,0.5,-0.24925494241901403,6.586691562137568e-38,0.00011908926950770498,-0.12469401495906497
1770279993.8291042,1.199526080542803,0.0,0.028692925837039952,1.237989727628231,0.0,0.10430857307612898,0.0,0.5,-0.24925494241901403,3.042337213461496e-38,0.00047438901414487513,-0.12490019569104316
1770279995.24434,1.199526080542803,0.0,0.028692925837039952,1.237989727628231,0.0,0.10437041807293894,0.0,0.5,-0.24925494241901403,1.252405369177285e-38,0.0004063799717876174,-0.12483746209963655
1770279996.6662006,1.199526080542803,0.0,0.028692925837039952,1.237989727628231,0.0,0.1044322526574135,0.0,0.5,-0.24925494241901403,4.7567514535615405e-39,3.0967094980895724e-05,-0.12468049604467814
1770279998.07899,1.199526080542803,0.0,0.028692925837039952,1.237989727628231,0.0,0.10449402972459795,0.0,0.5,-0.24925494241901403,1.9571589824866285e-39,0.00023514012651177602,-0.12476545857591599
1770279999.4934783,1.199526080542803,0.0,0.028692925837039952,1.237989727628231,0.0,0.10455583807706835,0.0,0.5,-0.24925494241901403,8.035166205165722e-40,0.0003274991740631311,-0.12480045670129372
1770280000.9109676,1.199526080542803,0.0,0.028692925837039952,1.237989727628231,0.0,0.10461766055941583,0.0,0.5,-0.24925494241901403,2.92500334327418e-40,0.00023151741831481555,-0.12475282809423925
1770280002.32453,1.199526080542803,0.0,0.028692925837039952,1.237989727628231,0.0,0.10467946834862234,0.0,0.5,-0.24925494241901403,1.2046110880503978e-40,0.0002838632221832239,-0.12477463740098546
1770280003.7500079,1.199526080542803,0.0,0.028692925837039952,1.237989727628231,0.0,0.1047412841576338,0.0,0.5,-0.24925494241901403,5.718605178034362e-41,0.0004084800104744346,-0.12484417289357336
1770280005.165215,1.199526080542803,0.0,0.028692925837039952,1.237989727628231,0.0,0.10480311903715135,0.0,0.5,-0.24925494241901403,2.1718083760145171e-41,0.00014929524253203734,-0.12472803730756728
1770280006.5811415,1.199526080542803,0.0,0.028692925837039952,1.237989727628231,0.0,0.10486491423606874,0.0,0.5,-0.24925494241901403,8.953862950558846e-42,7.476983173689481e-05,-0.12467230866645498
1770280007.9940941,1.199526080542803,0.0,0.028692925837039952,1.237989727628231,0.0,0.10492669801950456,0.0,0.5,-0.24925494241901403,3.686760181705087e-42,3.195986851835443e-05,-0.12464773214008805
1770280009.403818,1.199526080542803,0.0,0.028692925837039952,1.237989727628231,0.0,0.10498847524762155,0.0,0.5,-0.24925494241901403,1.3425377124228136e-42,0.00033633315637210436,-0.12482607511647843
1770280010.8190074,1.199526080542803,0.0,0.028692925837039952,1.237989727628231,0.0,0.10505029908180238,0.0,0.5,-0.24925494241901403,5.524461101053061e-43,0.0002782183554995742,-0.12477239186734405
1770280012.2386956,1.199526080542803,0.0,0.028692925837039952,1.237989727628231,0.0,0.10511211402177813,0.0,0.5,-0.24925494241901403,2.6506298418262373e-43,0.0002880494319554112,-0.1247724790331303
1770280013.6787114,1.199526080542803,0.0,0.028692925837039952,1.237989727628231,0.0,0.10517393047451976,0.0,0.5,-0.24925494241901403,1.0081744310869192e-43,0.00041416731400443943,-0.12484716665471413
1770280015.0951371,1.199526080542803,0.0,0.028692925837039952,1.237989727628231,0.0,0.10523576622307303,0.0,0.5,-0.24925494241901403,3.6282868829539836e-44,0.0005510624389142775,-0.12491669194145513
1770280016.5052464,1.199526080542803,0.0,0.028692925837039952,1.237989727628231,0.0,0.10529762294113638,0.0,0.5,-0.24925494241901403,1.4948166929505816e-44,0.0004897067202533084,-0.12487846014149977
1770280017.926389,1.199526080542803,0.0,0.028692925837039952,1.237989727628231,0.0,0.10535947026610377,0.0,0.5,-0.24925494241901403,6.156082492351389e-45,0.0003204764077906483,-0.12480463244464861
1770280019.343467,1.199526080542803,0.0,0.028692925837039952,1.237989727628231,0.0,0.10542129168629649,0.0,0.5,-0.24925494241901403,2.969335758050865e-45,0.0004485888369348357,-0.12486457687088884
1770280020.7626188,1.199526080542803,0.0,0.028692925837039952,1.237989727628231,0.0,0.10548313270807269,0.0,0.5,-0.24925494241901403,1.0551721568083481e-45,0.0004545552019610884,-0.12485534544699017
1770280022.1762502,1.199526080542803,0.0,0.028692925837039952,1.237989727628231,0.0,0.1055449746525288,0.0,0.5,-0.24925494241901403,4.400983071756186e-46,0.00023931298804704554,-0.12476865192492194
1770280023.5900948,1.199526080542803,0.0,0.028692925837039952,1.237989727628231,0.0,0.10560678362727169,0.0,0.5,-0.24925494241901403,1.823791358247851e-46,0.00015131031464129833,-0.12471192663416823
1770280025.0065227,1.199526080542803,0.0,0.028692925837039952,1.237989727628231,0.0,0.10566857913732533,0.0,0.5,-0.24925494241901403,6.901065829557285e-47,2.2776431764647988e-05,-0.124651712813677
1770280026.4169474,1.199526080542803,0.0,0.028692925837039952,1.237989727628231,0.0,0.10573035495460038,0.0,0.5,-0.24925494241901403,2.8353171500666067e-47,0.00013446562251958778,-0.1247058729398423
1770280027.8313332,1.199526080542803,0.0,0.028692925837039952,1.237989727628231,0.0,0.10579214787364011,0.0,0.5,-0.24925494241901403,1.3763105911444663e-47,0.00014492892841579114,-0.12470098200430452
1770280029.2473526,1.199526080542803,0.0,0.028692925837039952,1.237989727628231,0.0,0.10585394240200524,0.0,0.5,-0.24925494241901403,5.679351782468996e-48,0.0003226048559500076,-0.12480654123023543
1770280030.6569111,1.199526080542803,0.0,0.028692925837039952,1.237989727628231,0.0,0.10591576413869862,0.0,0.5,-0.24925494241901403,2.0987973955026656e-48,0.0002079659272749564,-0.124742918066012
1770280032.0718138,1.199526080542803,0.0,0.028692925837039952,1.237989727628231,0.0,0.1059775683230162,0.0,0.5,-0.24925494241901403,8.44151387986491e-49,0.0005856780631579761,-0.12495808145467431
1770280033.483044,1.199526080542803,0.0,0.028692925837039952,1.237989727628231,0.0,0.10603943033576016,0.0,0.5,-0.24925494241901403,3.483179024629706e-49,0.0003865634645823635,-0.12484066440165575
1770280034.8930802,1.199526080542803,0.0,0.028692925837039952,1.237989727628231,0.0,0.10610126186251645,0.0,0.5,-0.24925494241901403,1.4371074379490365e-49,0.0004582482291850773,-0.12486376380055983
1770280036.3075328,1.199526080542803,0.0,0.028692925837039952,1.237989727628231,0.0,0.10616310435950761,0.0,0.5,-0.24925494241901403,5.43163808250532e-50,0.00034305645500013057,-0.12481051861442558
1770280037.730692,1.199526080542803,0.0,0.028692925837039952,1.237989727628231,0.0,0.10622492924511438,0.0,0.5,-0.24925494241901403,2.249474823150146e-50,0.00012969503923152532,-0.12471365487069963
1770280039.143979,1.199526080542803,0.0,0.028692925837039952,1.237989727628231,0.0,0.10628672143459326,0.0,0.5,-0.24925494241901403,1.0299317149903013e-50,0.0001866682634990734,-0.1247265026636833
1770280040.5620027,1.199526080542803,0.0,0.028692925837039952,1.237989727628231,0.0,0.10634852234661585,0.0,0.5,-0.24925494241901403,3.9160095766871584e-51,0.0002921112507396248,-0.12478407113360089
1770280041.9734974,1.199526080542803,0.0,0.028692925837039952,1.237989727628231,0.0,0.10641033942699438,0.0,0.5,-0.24925494241901403,1.6358907000822213e-51,0.0002801593643860061,-0.12476874608033538
1770280043.387017,1.199526080542803,0.0,0.028692925837039952,1.237989727628231,0.0,0.10647215467810636,0.0,0.5,-0.24925494241901403,6.71024442761987e-52,0.0001282385099149638,-0.1247067825499116
1770280044.7986841,1.199526080542803,0.0,0.028692925837039952,1.237989727628231,0.0,0.10653394665300851,0.0,0.5,-0.24925494241901403,2.7729264847136345e-52,0.0001894829360978397,-0.12472833712017421
1770280046.2103028,1.199526080542803,0.0,0.028692925837039952,1.237989727628231,0.0,0.10659574801564221,0.0,0.5,-0.24925494241901403,1.0627736172021085e-52,0.00026048306188113194,-0.12476481275302591
1770280047.6266894,1.199526080542803,0.0,0.028692925837039952,1.237989727628231,0.0,0.1066575602304936,0.0,0.5,-0.24925494241901403,4.375301716867312e-53,0.00022286356683679951,-0.12474266494242985
1770280049.045194,1.199526080542803,0.0,0.028692925837039952,1.237989727628231,0.0,0.10671936669468884,0.0,0.5,-0.24925494241901403,1.7745971398655626e-53,0.000334066746556474,-0.12480562490075722
1770280050.458361,1.199526080542803,0.0,0.028692925837039952,1.237989727628231,0.0,0.1067811901801825,0.0,0.5,-0.24925494241901403,8.158544673049448e-54,0.0005750413249041328,-0.12493908932979385
1770280051.870125,1.199526080542803,0.0,0.028692925837039952,1.237989727628231,0.0,0.10684305057287222,0.0,0.5,-0.24925494241901403,3.096408047238598e-54,0.0003027569151845308,-0.12480607810807123
1770280053.2917573,1.199526080542803,0.0,0.028692925837039952,1.237989727628231,0.0,0.1069048692786694,0.0,0.5,-0.24925494241901403,1.2731286933013754e-54,0.0005057817488128556,-0.12490066456727628
1770280054.7034614,1.199526080542803,0.0,0.028692925837039952,1.237989727628231,0.0,0.10696671905517582,0.0,0.5,-0.24925494241901403,5.756316801141387e-55,0.00015257307431621988,-0.12473907861411478
1770280056.1168911,1.199526080542803,0.0,0.028692925837039952,1.237989727628231,0.0,0.10702851476907735,0.0,0.5,-0.24925494241901403,1.903708782558824e-55,0.0004643366852302877,-0.12489081591321356
1770280057.5296347,1.199526080542803,0.0,0.028692925837039952,1.237989727628231,0.0,0.10709035819947724,0.0,0.5,-0.24925494241901403,9.078920608505464e-56,0.00039270528144208164,-0.12483098699060688
1770280058.9457872,1.199526080542803,0.0,0.028692925837039952,1.237989727628231,0.0,0.10715219068646435,0.0,0.5,-0.24925494241901403,3.741814131695892e-56,0.00013607255615474438,-0.12472117076011312
1770280060.358647,1.199526080542803,0.0,0.028692925837039952,1.237989727628231,0.0,0.10721398386299615,0.0,0.5,-0.24925494241901403,1.5406466944861457e-56,3.138301113538773e-05,-0.12465363166957664
1770280061.7872236,1.199526080542803,0.0,0.028692925837039952,1.237989727628231,0.0,0.10727576098918919,0.0,0.5,-0.24925494241901403,5.858521130136186e-57,0.0002473977701510238,-0.1247727715704841
1770280063.2098193,1.199526080542803,0.0,0.028692925837039952,1.237989727628231,0.0,0.10733757121384148,0.0,0.5,-0.24925494241901403,2.1202420991095485e-57,0.0003894625037826479,-0.1248364089347615
1770280064.620269,1.199526080542803,0.0,0.028692925837039952,1.237989727628231,0.0,0.10739940320193772,0.0,0.5,-0.24925494241901403,8.737032958130262e-58,0.00027149984995590906,-0.12477501739986764
1770280066.0313592,1.199526080542803,0.0,0.028692925837039952,1.237989727628231,0.0,0.10746121709585195,0.0,0.5,-0.24925494241901403,4.2044461569175046e-58,3.219249873928318e-05,-0.12466749819399832
1770280067.4425406,1.199526080542803,0.0,0.028692925837039952,1.237989727628231,0.0,0.10752299435615545,0.0,0.5,-0.24925494241901403,1.7353251422330483e-58,0.00019626818625311437,-0.12474201287138496
1770280068.8515577,1.199526080542803,0.0,0.028692925837039952,1.237989727628231,0.0,0.10758479674875741,0.0,0.5,-0.24925494241901403,7.160300501703415e-59,0.00022748216601939882,-0.12474433369049334
1770280070.2652693,1.199526080542803,0.0,0.028692925837039952,1.237989727628231,0.0,0.10764660392642027,0.0,0.5,-0.24925494241901403,2.577960160059966e-59,0.0002364972054936036,-0.12474662131620123
1770280071.6825194,1.199526080542803,0.0,0.028692925837039952,1.237989727628231,0.0,0.10770841248810296,0.0,0.5,-0.24925494241901403,1.0635553250091402e-59,8.179641624297604e-05,-0.12468383949655357
1770280073.1067173,1.199526080542803,0.0,0.028692925837039952,1.237989727628231,0.0,0.10777019733369356,0.0,0.5,-0.24925494241901403,4.026393703117346e-60,0.0003420976761668884,-0.12482455017358285
1770280074.5286477,1.199526080542803,0.0,0.028692925837039952,1.237989727628231,0.0,0.10783202205300337,0.0,0.5,-0.24925494241901403,1.6629175924472237e-60,0.0004043589239867687,-0.12483587679628239
1770280075.9418116,1.199526080542803,0.0,0.028692925837039952,1.237989727628231,0.0,0.10789385631024843,0.0,0.5,-0.24925494241901403,8.033854174224186e-61,-8.691297785472753e-05,-0.1246331419107638
1770280077.3723023,1.199526080542803,0.0,0.028692925837039952,1.237989727628231,0.0,0.10795561532080179,0.0,0.5,-0.24925494241901403,2.8939732499093543e-61,9.818676945760936e-05,-0.12469507456896706
1770280078.7884774,1.199526080542803,0.0,0.028692925837039952,1.237989727628231,0.0,0.10801740268230443,0.0,0.5,-0.24925494241901403,1.1865335576558512e-61,0.00017828039710518061,-0.12472462077082436
1770280080.210647,1.199526080542803,0.0,0.028692925837039952,1.237989727628231,0.0,0.10807920232295995,0.0,0.5,-0.24925494241901403,4.531176788201868e-62,0.0004710616654915032,-0.12489228016909139
1770280081.6319587,1.199526080542803,0.0,0.028692925837039952,1.237989727628231,0.0,0.10814104678869252,0.0,0.5,-0.24925494241901403,2.1870618270560984e-62,-8.257082372458063e-05,-0.12464154904656632
1770280083.046938,1.199526080542803,0.0,0.028692925837039952,1.237989727628231,0.0,0.10820280646979813,0.0,0.5,-0.24925494241901403,9.01531549401958e-63,0.00037906583380288453,-0.1248631677921612
1770280084.4608932,1.199526080542803,0.0,0.028692925837039952,1.237989727628231,0.0,0.10826463683784011,0.0,0.5,-0.24925494241901403,3.5272045506431174e-63,0.0004710618439336152,-0.12487220173248689
1770280085.8882937,1.199526080542803,0.0,0.028692925837039952,1.237989727628231,0.0,0.10832648130357268,0.0,0.5,-0.24925494241901403,1.3419953989024806e-63,0.0001163912844028176,-0.1247211339076615
1770280087.308359,1.199526080542803,0.0,0.028692925837039952,1.237989727628231,0.0,0.10838827146530154,0.0,0.5,-0.24925494241901403,4.9655728651762346e-64,0.0002710270935527496,-0.12477844833719838
1770280088.731304,1.199526080542803,0.0,0.028692925837039952,1.237989727628231,0.0,0.10845008531630042,0.0,0.5,-0.24925494241901403,2.3758453317642865e-64,0.000412314538200419,-0.124847757223072
1770280090.1702714,1.199526080542803,0.0,0.028692925837039952,1.237989727628231,0.0,0.10851192078053953,0.0,0.5,-0.24925494241901403,9.215055688333594e-65,4.590407105165947e-05,-0.12468706429174771
1770280090.6981344,1.199526080542803,0.0,0.028692925837039952,1.237989727628231,0.0,0.10857370013296606,0.0,0.5,-0.24925494241901403,6.714830132277825e-65,7.971310198031251e-05,-0.12467070866359004
1770280091.1577308,1.199526080542803,0.0,0.028692925837039952,1.237989727628231,0.0,0.10863548467278483,0.0,0.5,-0.24925494241901403,4.919896166490447e-65,0.00022622431721474294,-0.12475523448963784
1770280091.6065474,1.199526080542803,0.0,0.028692925837039952,1.237989727628231,0.0,0.10869729166269305,0.0,0.5,-0.24925494241901403,3.255473177360252e-65,0.00016188177636336878,-0.12471484635177384
1770280092.0265203,1.199526080542803,0.0,0.028692925837039952,1.237989727628231,0.0,0.10875908878743652,0.0,0.5,-0.24925494241901403,2.5321245412406607e-65,0.0004054500974068584,-0.12485455309031479
1770280092.45489,1.199526080542803,0.0,0.028692925837039952,1.237989727628231,0.0,0.1088209232002497,0.0,0.5,-0.24925494241901403,2.267190920424084e-65,0.0002181856374515567,-0.12475529047422831
1770280092.8675554,1.199526080542803,0.0,0.028692925837039952,1.237989727628231,0.0,0.10888272896707062,0.0,0.5,-0.24925494241901403,1.6311548568613587e-65,0.00017805285545070265,-0.12472051091543244
1770280093.280032,1.199526080542803,0.0,0.028692925837039952,1.237989727628231,0.0,0.10894452858090405,0.0,0.5,-0.24925494241901403,1.2651050009055166e-65,0.0001556357397219703,-0.12470753079094087
1770280093.6904223,1.199526080542803,0.0,0.028692925837039952,1.237989727628231,0.0,0.10900632475614552,0.0,0.5,-0.24925494241901403,9.800409360682567e-66,7.527321853122901e-05,-0.12467314407089171
1770280094.1016889,1.199526080542803,0.0,0.028692925837039952,1.237989727628231,0.0,0.10906810862004762,0.0,0.5,-0.24925494241901403,6.689754855615206e-66,0.00025574192744972116,-0.12477338904412373
1770280094.516705,1.199526080542803,0.0,0.028692925837039952,1.237989727628231,0.0,0.10912992012679582,0.0,0.5,-0.24925494241901403,5.264844700587892e-66,0.0004131291799691987,-0.12484977452474355
1770280094.9316366,1.199526080542803,0.0,0.028692925837039952,1.237989727628231,0.0,0.10919175573587422,0.0,0.5,-0.24925494241901403,4.622799049893149e-66,0.00038565880590797803,-0.12482304764986712
1770280095.3410294,1.199526080542803,0.0,0.028692925837039952,1.237989727628231,0.0,0.10925358713388447,0.0,0.5,-0.24925494241901403,3.619735418458994e-66,6.959760574812403e-05,-0.12469387613239706
1770280095.7633548,1.199526080542803,0.0,0.028692925837039952,1.237989727628231,0.0,0.10931537012875084,0.0,0.5,-0.24925494241901403,2.609678063238684e-66,0.00013880914279945124,-0.12470379693461188
1770280096.1734195,1.199526080542803,0.0,0.028692925837039952,1.237989727628231,0.0,0.10937716371834282,0.0,0.5,-0.24925494241901403,1.891586732530433e-66,0.00026984432758644965,-0.12477549689177894
1770280096.5855277,1.199526080542803,0.0,0.028692925837039952,1.237989727628231,0.0,0.10943897738695148,0.0,0.5,-0.24925494241901403,1.573743370194123e-66,0.00024077148170393908,-0.12475076423494723
1770280096.997581,1.199526080542803,0.0,0.028692925837039952,1.237989727628231,0.0,0.10950078659236434,0.0,0.5,-0.24925494241901403,1.0657165172894468e-66,0.0002067812720197423,-0.1247342608664853
1770280097.4134536,1.199526080542803,0.0,0.028692925837039952,1.237989727628231,0.0,0.10956259059965613,0.0,0.5,-0.24925494241901403,8.13219706374702e-67,0.00024066400571179413,-0.12475119148573212
1770280097.8251674,1.199526080542803,0.0,0.028692925837039952,1.237989727628231,0.0,0.10962439978897574,0.0,0.5,-0.24925494241901403,6.454846631352662e-67,0.00045778927763151517,-0.12487807837551475
1770280098.236854,1.199526080542803,0.0,0.028692925837039952,1.237989727628231,0.0,0.10968624223768714,0.0,0.5,-0.24925494241901403,5.866726290754196e-67,0.00032143835206554415,-0.12480182547809639
1770280098.6483302,1.199526080542803,0.0,0.028692925837039952,1.237989727628231,0.0,0.10974806378662588,0.0,0.5,-0.24925494241901403,4.547937066972551e-67,0.0004608209528021037,-0.12487181994598173
1770280099.06563,1.199526080542803,0.0,0.028692925837039952,1.237989727628231,0.0,0.10980990667521956,0.0,0.5,-0.24925494241901403,3.522691862903018e-67,0.00018462395274422208,-0.1247474028858849
1770280099.482575,1.199526080542803,0.0,0.028692925837039952,1.237989727628231,0.0,0.10987170728683474,0.0,0.5,-0.24925494241901403,2.3815730492751564e-67,0.00029182538482107584,-0.12478410404512524
1770280099.9151871,1.199526080542803,0.0,0.028692925837039952,1.237989727628231,0.0,0.10993352430284024,0.0,0.5,-0.24925494241901403,1.69743686700344e-67,0.0002665939211312497,-0.12476329131644161
1770280100.3338692,1.199526080542803,0.0,0.028692925837039952,1.237989727628231,0.0,0.10999533747255803,0.0,0.5,-0.24925494241901403,1.3160830551594185e-67,0.00048524912790309804,-0.12489196129413575
1770280100.7520497,1.199526080542803,0.0,0.028692925837039952,1.237989727628231,0.0,0.11005718412160874,0.0,0.5,-0.24925494241901403,1.1898558816394648e-67,0.0007093049394307524,-0.12500452926037514
1770280101.1652646,1.199526080542803,0.0,0.028692925837039952,1.237989727628231,0.0,0.11011906505465507,0.0,0.5,-0.24925494241901403,8.523918125374485e-68,0.0004985344454432086,-0.12489781548162737
1770280101.5858905,1.199526080542803,0.0,0.028692925837039952,1.237989727628231,0.0,0.11018091372072697,0.0,0.5,-0.24925494241901403,6.19566943172332e-68,0.00011430538219627113,-0.12472304680692985
1770280102.0450027,1.199526080542803,0.0,0.028692925837039952,1.237989727628231,0.0,0.11024270357131959,0.0,0.5,-0.24925494241901403,5.20274576040458e-68,0.00023792187303618007,-0.1247587937951091
1770280102.45464,1.199526080542803,0.0,0.028692925837039952,1.237989727628231,0.0,0.11030451234757901,0.0,0.5,-0.24925494241901403,3.816729461490442e-68,0.0002479040530042039,-0.12475242145400592
1770280102.8686004,1.199526080542803,0.0,0.028692925837039952,1.237989727628231,0.0,0.11036632264733316,0.0,0.5,-0.24925494241901403,2.956493235454084e-68,0.0002433870247778177,-0.12474961642471856
1770280103.2981534,1.199526080542803,0.0,0.028692925837039952,1.237989727628231,0.0,0.11042813224434854,0.0,0.5,-0.24925494241901403,1.9691529620658964e-68,5.677292759922907e-05,-0.12467451908302449
1770280103.778128,1.199526080542803,0.0,0.028692925837039952,1.237989727628231,0.0,0.11048991326510907,0.0,0.5,-0.24925494241901403,1.537262775902664e-68,0.00013848562892943044,-0.12470488529410474
1770280104.199526,1.199526080542803,0.0,0.028692925837039952,1.237989727628231,0.0,0.11055170681178571,0.0,0.5,-0.24925494241901403,1.1136399374469308e-68,0.00015265843311143632,-0.12470521770648094
1770280104.6158707,1.199526080542803,0.0,0.028692925837039952,1.237989727628231,0.0,0.11061350253641607,0.0,0.5,-0.24925494241901403,8.635507641733901e-69,0.0003596048352714746,-0.12482796826735876
1770280105.0358202,1.199526080542803,0.0,0.028692925837039952,1.237989727628231,0.0,0.11067532993793489,0.0,0.5,-0.24925494241901403,7.791844031047846e-69,0.0004165217996294859,-0.12484142380575755
1770280105.4590447,1.199526080542803,0.0,0.028692925837039952,1.237989727628231,0.0,0.11073716606199742,0.0,0.5,-0.24925494241901403,5.140965647979095e-69,0.00042259490591620516,-0.12483937597309379
1770280105.8875556,1.199526080542803,0.0,0.028692925837039952,1.237989727628231,0.0,0.11079900310337544,0.0,0.5,-0.24925494241901403,4.32201534813907e-69,0.00030439372318838415,-0.12479148818937398
1770280106.3227415,1.199526080542803,0.0,0.028692925837039952,1.237989727628231,0.0,0.11086082206130028,0.0,0.5,-0.24925494241901403,2.945139757687809e-69,0.0003590550058974363,-0.12481246484072664
1770280106.7417355,1.199526080542803,0.0,0.028692925837039952,1.237989727628231,0.0,0.1109226493984461,0.0,0.5,-0.24925494241901403,2.6476812735633394e-69,0.00044790483219023485,-0.12486030860823141
1770280107.1557336,1.199526080542803,0.0,0.028692925837039952,1.237989727628231,0.0,0.11098449030756952,0.0,0.5,-0.24925494241901403,2.048459746779862e-69,0.00041212783772090077,-0.1248371128278144
1770280107.5861342,1.199526080542803,0.0,0.028692925837039952,1.237989727628231,0.0,0.1110463257610798,0.0,0.5,-0.24925494241901403,1.475126835141873e-69,0.0002070365463874718,-0.1247514986118341
1770280107.998291,1.199526080542803,0.0,0.028692925837039952,1.237989727628231,0.0,0.11110812979519367,0.0,0.5,-0.24925494241901403,1.0051805423056042e-69,4.2427867408988135e-05,-0.12466514601110935
1770280108.4146771,1.199526080542803,0.0,0.028692925837039952,1.237989727628231,0.0,0.1111699086111784,0.0,0.5,-0.24925494241901403,7.783409790626573e-70,0.00016733131363102618,-0.12472362721094474
1770280108.8313682,1.199526080542803,0.0,0.028692925837039952,1.237989727628231,0.0,0.11123170656204223,0.0,0.5,-0.24925494241901403,7.1308383671154e-70,0.00026037808544196917,-0.12476696492940909
1770280109.2431855,1.199526080542803,0.0,0.028692925837039952,1.237989727628231,0.0,0.1112935187715292,0.0,0.5,-0.24925494241901403,5.549632083665006e-70,0.00026046444184688283,-0.12475771206607095
1770280109.6715872,1.199526080542803,0.0,0.028692925837039952,1.237989727628231,0.0,0.111355330991745,0.0,0.5,-0.24925494241901403,3.7693885870370676e-70,0.00016945249331880877,-0.12472129865101923
1770280110.1096275,1.199526080542803,0.0,0.028692925837039952,1.237989727628231,0.0,0.11141712927520275,0.0,0.5,-0.24925494241901403,2.685864369709069e-70,0.0002344796095122573,-0.12475121372588248
1770280110.5218863,1.199526080542803,0.0,0.028692925837039952,1.237989727628231,0.0,0.11147893750965596,0.0,0.5,-0.24925494241901403,2.0796946606770805e-70,8.97872136201414e-05,-0.12468683405590629
1770280110.9393044,1.199526080542803,0.0,0.028692925837039952,1.237989727628231,0.0,0.11154072361052036,0.0,0.5,-0.24925494241901403,1.8953248647696432e-70,0.00028183007421545795,-0.12478759053267427
1770280111.3521721,1.199526080542803,0.0,0.028692925837039952,1.237989727628231,0.0,0.11160253910303115,0.0,0.5,-0.24925494241901403,1.46550861125392e-70,7.735437774781985e-05,-0.12468659596802768
1770280111.7671874,1.199526080542803,0.0,0.028692925837039952,1.237989727628231,0.0,0.11166432329416275,0.0,0.5,-0.24925494241901403,1.1247977616293589e-70,0.0002756495406153535,-0.12478512549610143
1770280112.1769211,1.199526080542803,0.0,0.028692925837039952,1.237989727628231,0.0,0.11172613782107829,0.0,0.5,-0.24925494241901403,8.135883538231875e-71,0.00032352498209997264,-0.12479402124470547
1770280112.5962777,1.199526080542803,0.0,0.028692925837039952,1.237989727628231,0.0,0.11178795968651771,0.0,0.5,-0.24925494241901403,5.486090054234729e-71,0.00042172067226878106,-0.12484815111465829
1770280113.0043101,1.199526080542803,0.0,0.028692925837039952,1.237989727628231,0.0,0.11184979660451412,0.0,0.5,-0.24925494241901403,4.219267015788932e-71,-4.4817770058107085e-05,-0.12465171616871065
1770280113.4165545,1.199526080542803,0.0,0.028692925837039952,1.237989727628231,0.0,0.11191156206846237,0.0,0.5,-0.24925494241901403,3.3186038040617734e-71,-0.00018333333987907734,-0.12454965609654957
1770280113.89858,1.199526080542803,0.0,0.028692925837039952,1.237989727628231,0.0,0.1119733063161373,0.0,0.5,-0.24925494241901403,2.6367696839169477e-71,5.148050193663046e-05,-0.12467669284465689
1770280114.3132665,1.199526080542803,0.0,0.028692925837039952,1.237989727628231,0.0,0.11203508653759955,0.0,0.5,-0.24925494241901403,1.8790899656473313e-71,-5.195851233262811e-05,-0.12461183585476762
1770280114.7358723,1.199526080542803,0.0,0.028692925837039952,1.237989727628231,0.0,0.11209685090720653,0.0,0.5,-0.24925494241901403,1.7076869813214372e-71,0.00016515904988040865,-0.12473176249066852
1770280115.154672,1.199526080542803,0.0,0.028692925837039952,1.237989727628231,0.0,0.11215864853620529,0.0,0.5,-0.24925494241901403,1.3273710434448456e-71,0.00040714203590804486,-0.12485524052606381
1770280115.565294,1.199526080542803,0.0,0.028692925837039952,1.237989727628231,0.0,0.11222048323333263,0.0,0.5,-0.24925494241901403,9.022225777623485e-72,0.0004398255788718154,-0.12485065235323929
1770280115.9864442,1.199526080542803,0.0,0.028692925837039952,1.237989727628231,0.0,0.11228232291400432,0.0,0.5,-0.24925494241901403,6.995987731593444e-72,0.0004969386114920787,-0.12488165181851509
1770280116.4034858,1.199526080542803,0.0,0.028692925837039952,1.237989727628231,0.0,0.11234417135477065,0.0,0.5,-0.24925494241901403,4.920389525514122e-72,0.0004184819562321425,-0.12484455785314907
1770280116.8345523,1.199526080542803,0.0,0.028692925837039952,1.237989727628231,0.0,0.11240600776314734,0.0,0.5,-0.24925494241901403,4.517057929799638e-72,0.0004173941959957622,-0.12483627708352853
1770280117.2629862,1.199526080542803,0.0,0.028692925837039952,1.237989727628231,0.0,0.11246784401595591,0.25,0.11893980736169796,0.0005639185332504681,0.09989739346932426,-0.014602083114003551,-0.1591875550853027
1770280117.6764908,1.199526080542803,0.0,0.028594313414096836,1.237989727628231,0.0,0.11246784401595591,0.25,0.12936621192386877,0.08567559501343322,0.24598269812705953,-0.023503560145462603,-0.05949702715553429
1770280118.0925264,1.1999722131943704,0.0,0.02850042323470116,1.237989727628231,0.0,0.11246784401595591,0.25,0.15072862143385887,0.12509831964077553,0.25196873260230107,-0.04867753647423464,-0.09137405829268336
1770280118.5047638,1.2005115351855757,0.0,0.028385807518959052,1.237989727628231,0.0,0.11238232606768607,0.25,0.1695702649948909,0.15183325055114522,0.25066956111447203,-0.07393861233405083,-0.11608160014305167
1770280118.9362514,1.2010515351855757,0.0,0.028252973424196248,1.237989727628231,0.0,0.11228726738929748,0.0,0.5,0.3558433753531151,0.17159068452578727,-0.1293781734481259,-0.4197454150378153
1770280119.363436,1.2010515351855757,0.0,0.028252973424196248,1.237989727628231,0.0,0.11217782782196999,0.0,0.5,0.45,0.0043871455702528045,-0.21083010160067614,-0.3429473891858459
1770280119.7825408,1.2010515351855757,0.0,0.028252973424196248,1.23820743571043,0.0,0.11204170652985573,0.0,0.5,0.45,-0.0064299690877827895,-0.29092082459436996,-0.38489945368433715
1770280120.1937249,1.2010515351855757,0.0,0.028252973424196248,1.2384392298316955,0.0,0.11190079257011414,0.0,0.5,0.45,-0.006222730614226299,-0.33813393676809067,-0.4050110102156437
1770280120.6113956,1.2010515351855757,0.0,0.028252973424196248,1.2386715659308434,0.0,0.11175764014601708,0.0,0.5,0.45,-0.00745433615660443,-0.3542561105052295,-0.411194608782933
1770280121.0357778,1.2010515351855757,0.0,0.028252973424196248,1.2389051800489426,0.0,0.11161376707673074,0.0,0.5,0.45,0.006668904914272459,-0.3928339755638849,-0.4319436792020805
1770280121.4597113,1.2010515351855757,0.0,0.028252973424196248,1.239126058266163,0.0,0.11146869170188904,0.0,0.5,0.45,0.005161086038139955,-0.43540340111844,-0.45211972915281545
1770280121.8835547,1.2010515351855757,0.0,0.028252973424196248,1.2393483881163598,0.0,0.11132211559891701,0.0,0.5,0.45,-0.0008131754737228672,-0.4575940238424086,-0.4568292496673241
1770280122.3223217,1.2010515351855757,0.0,0.028252973424196248,1.239575712583065,0.0,0.1111747155749798,0.0,0.5,0.45,-0.004526877446322506,-0.467997191349693,-0.46456578987189745
1770280122.7395823,1.2010515351855757,0.0,0.028252973424196248,1.2398060469174386,0.0,0.11102692744612695,0.0,0.5,0.45,0.001966990952052229,-0.46927591415436,-0.4617328203096989
1770280123.1543112,1.2010515351855757,0.0,0.028252973424196248,1.2400308874225616,0.0,0.11087925420165064,0.0,0.5,0.45,0.0011133710243361984,-0.49567390914100673,-0.4765901250935042
1770280123.5766416,1.2010515351855757,0.0,0.028252973424196248,1.2402560833096503,0.0,0.11073084714770319,0.0,-0.5,-0.18359394351471042,0.010805489513026184,-0.40797538537656836,-0.131766062820399
1770280124.011299,1.2014877305746081,0.0,0.028099998300075535,1.2402560833096503,0.0,0.11073084714770319,0.0,-0.5,0.033706603809798646,-0.009475575101238684,-0.341449300056417,-0.20370613556636166
1770280124.4226918,1.2014877305746081,0.0,0.028099998300075535,1.2402560833096503,0.0,0.11073084714770319,0.0,0.5,-0.08113189488830591,0.010289513888697074,-0.22527056261445783,-0.09397672149596895
1770280124.8342953,1.201767560913563,0.0,0.027998373477458958,1.2402560833096503,0.0,0.11073084714770319,0.0,-0.5,-0.12137376361700303,0.006731819821271164,-0.19508117597879432,-0.04660446466573316
1770280125.2481554,1.2019365304577352,0.0,0.027922008996605876,1.2402560833096503,0.0,0.11073084714770319,0.0,-0.5,0.023443530704168214,-0.005612505661575637,-0.17665078926529174,-0.10750270431765586
1770280125.6706846,1.2019365304577352,0.0,0.027922008996605876,1.2402560833096503,0.0,0.11073084714770319,0.0,0.5,-0.08437919536313426,-0.013659835382789332,-0.10693994943028626,-0.031911296399865875
1770280126.0947998,1.2019365304577352,0.0,0.027872509022355083,1.2402560833096503,0.0,0.11073084714770319,0.0,-0.5,-0.12240122978286672,0.01662640765648493,-0.12168550565237726,-0.018458825343938758
1770280126.5208337,1.2019365304577352,0.0,0.027872509022355083,1.2402560833096503,0.0,0.11073084714770319,0.0,0.5,0.05697461088901484,0.0016131363848786821,-0.057433795330379886,-0.06524251052677578
1770280126.9399772,1.202105419278145,0.0,0.027808056022524837,1.2402560833096503,0.0,0.11073084714770319,0.0,-0.5,-0.21830100202339764,0.00307582080651157,-0.054178464381890126,-0.08546262272211431
1770280127.3503897,1.202105419278145,0.0,0.027808056022524837,1.2402560833096503,0.0,0.11073084714770319,0.0,-0.5,0.0004422426839007787,-0.009630987950551877,-0.04554040585684876,-0.033486118073430785
1770280127.768863,1.202105419278145,0.0,0.027808056022524837,1.2402560833096503,0.0,0.11073084714770319,0.0,0.5,0.23646805334920298,-0.012486305776922857,-0.023737585535101063,-0.14476940725124965
1770280128.1859615,1.202105419278145,0.0,0.027808056022524837,1.2402560833096503,0.0,0.11065472962856295,0.0,0.5,0.17052309500502127,-0.0037907884686067305,-0.020221025772904806,-0.09951450483378939
1770280128.5973177,1.2023527152210476,0.0,0.027727294065356258,1.2402560833096503,0.0,0.11059588092744352,0.0,-0.5,-0.28784230197106747,0.002214055088730667,-0.015704736539869923,-0.13873446672763293
1770280129.0131526,1.2023527152210476,0.0,0.027727294065356258,1.2402560833096503,0.0,0.11066499524176122,0.0,0.5,0.25072177164196696,0.005737668152551543,-0.020297180298931836,-0.14170638849890715
1770280129.4330618,1.2023527152210476,0.0,0.027727294065356258,1.2402560833096503,0.0,0.11058595922172071,0.0,-0.5,-0.26246693944140886,0.0028714090335482433,-0.04119439889871894,-0.11559740116487191
1770280129.8506637,1.2023527152210476,0.0,0.027727294065356258,1.2402560833096503,0.0,0.11064475576996805,0.0,0.5,-0.006132291293224956,0.0025161400393037586,0.01838743467022137,-0.020734186377920953
1770280130.2882826,1.2023527152210476,0.0,0.027727294065356258,1.2402560833096503,0.0,0.11064475576996805,0.0,-0.5,-0.23826842029199696,0.005062591522663633,-0.002355196435544741,-0.12509346656146636
1770280130.7053995,1.2023527152210476,0.0,0.027727294065356258,1.2402560833096503,0.0,0.11070339618146421,0.0,-0.5,0.016407257641985362,0.0015096199045805244,-0.02412652746805458,-0.02395364556285148
1770280131.1142995,1.2023527152210476,0.0,0.027727294065356258,1.2402560833096503,0.0,0.11070339618146421,0.0,0.5,0.10089448386328442,-0.007055863972340039,0.0031531913139241957,-0.05865448212521803
1770280131.5255184,1.2023527152210476,0.0,0.027677245203852657,1.2402560833096503,0.0,0.11070339618146421,0.0,-0.5,-0.20440447971513268,0.004775023308473314,-0.01087410877353373,-0.10294293878801858
1770280131.9393592,1.2023527152210476,0.0,0.027677245203852657,1.2402560833096503,0.0,0.1107517540228367,0.0,0.5,0.1716532700901338,-0.007424768296920926,-0.007421399468544234,-0.0973073740067589
1770280132.355107,1.202574170113206,0.0,0.027601384656429293,1.2402560833096503,0.0,0.11069464425683023,0.0,0.5,0.2375114693670923,0.001904440256910129,0.009422661373731872,-0.11763325033781795
1770280132.7691965,1.202574170113206,0.0,0.027601384656429293,1.2402560833096503,0.0,0.11062317988216878,0.0,0.5,0.17085323835443153,0.006666670112236954,0.018404565666488168,-0.08378919688548428
1770280133.1907184,1.2027752285277844,0.0,0.02754128674864769,1.2402560833096503,0.0,0.11057043716549875,0.0,0.5,0.06773090744808186,0.005438006965684557,0.011433838017096278,-0.034283614446116537
1770280133.606885,1.2027752285277844,0.0,0.02754128674864769,1.2402560833096503,0.0,0.11057043716549875,0.0,-0.5,-0.21489764256525534,0.006593066478037087,-0.006233536110956052,-0.11269185711799197
1770280134.021251,1.2027752285277844,0.0,0.02754128674864769,1.2402560833096503,0.0,0.11062235642790796,0.0,-0.5,0.02380191778208718,-0.00037473756550839124,-0.0270192218526121,-0.027863875957023634
1770280134.4451253,1.2027752285277844,0.0,0.02754128674864769,1.2402560833096503,0.0,0.11062235642790796,0.0,0.5,-0.08426579945176149,-0.005859427526654119,0.018813124866359793,-0.06198212435761195
1770280134.8623674,1.2026062791484595,0.0,0.02754128674864769,1.2402560833096503,0.0,0.11062235642790796,0.0,-0.5,-0.21677401295583792,0.0013200195178308333,0.008991631087380733,-0.11518499091733808
1770280135.2935896,1.2026062791484595,0.0,0.02754128674864769,1.2402560833096503,0.0,0.11067714950025084,0.0,-0.5,0.023208222463191902,-0.0028521220684222886,-0.007647398060622937,-0.019943835245130073
1770280135.7055817,1.2026062791484595,0.0,0.02754128674864769,1.2402560833096503,0.0,0.11067714950025084,0.0,0.5,0.24367135163874432,-0.005991969042444106,-0.002805629338097076,-0.1297146364031174
1770280136.1202886,1.2026062791484595,0.0,0.02754128674864769,1.2402560833096503,0.0,0.11060232676923278,0.0,0.5,0.17280226360444645,0.004390131822278912,0.013093663902582918,-0.08583436099727867
1770280136.542363,1.2028149271416666,0.0,0.02747755331039429,1.2402560833096503,0.0,0.11054819895982745,0.0,0.5,0.06834759121859438,0.0018531126747777216,0.018430822536062277,-0.027345212879391706
1770280136.9706302,1.2028149271416666,0.0,0.02747755331039429,1.2402560833096503,0.0,0.11054819895982745,0.0,0.5,0.06944186002550629,0.016364413504431255,0.005062745273324234,-0.04989077860679609
1770280137.410853,1.2028149271416666,0.0,0.02747755331039429,1.2402560833096503,0.0,0.11054819895982745,0.0,-0.5,-0.2143562864763046,0.008651859548819486,-0.01075564630524084,-0.11203401879220788
1770280137.8241334,1.2028149271416666,0.0,0.02747755331039429,1.2402560833096503,0.0,0.11059926134765151,0.0,-0.5,-0.16352679376789325,-0.005235413272763492,-0.01670969205832079,-0.07923936870285771
1770280138.240105,1.202601390194893,0.0,0.02747755331039429,1.2402560833096503,0.0,0.11059926134765151,0.0,-0.5,-0.06541277459062247,-0.003496105490596788,-0.024850162013493257,-0.024591458774678644
1770280138.657356,1.202601390194893,0.0,0.02747755331039429,1.2402560833096503,0.0,0.11059926134765151,0.0,0.5,0.04062958571726438,0.0003401932614825935,0.029438233406688514,-0.011364708958788706
1770280139.1132898,1.202601390194893,0.0,0.02747755331039429,1.2402560833096503,0.0,0.11059926134765151,0.0,-0.5,-0.08284767014414682,0.004899110254976006,-0.03185696279292974,-0.03652398355054637
1770280139.5347495,1.202601390194893,0.0,0.02747755331039429,1.2402560833096503,0.0,0.11059926134765151,0.0,-0.5,-0.36801039563154647,-0.0005735277567081721,0.01529687112101834,-0.19694254452438537
1770280139.9470286,1.202601390194893,0.0,0.02747755331039429,1.2402560833096503,0.0,0.11069117968499663,0.0,0.5,0.29401706431790453,0.0015591931043727814,0.002949119647136783,-0.1483279405871448
1770280140.3909173,1.202601390194893,0.0,0.02747755331039429,1.2402560833096503,0.0,0.11060515675187113,0.0,0.5,0.0012319617568369856,0.0017363482352259082,0.01137984899557174,-0.00765336478943678
1770280140.8022432,1.202601390194893,0.0,0.02747755331039429,1.2402560833096503,0.0,0.11060515675187113,0.0,-0.5,-0.09531332460037578,0.018621953090445308,-0.00891167433318904,-0.06385193055691475
1770280141.2141747,1.202601390194893,0.0,0.02747755331039429,1.2402560833096503,0.0,0.11060515675187113,0.0,0.5,0.20617039338816234,-0.003202187290328307,-0.000955695545960363,-0.10756082963611253
1770280141.6287806,1.202601390194893,0.0,0.02747755331039429,1.2402560833096503,0.0,0.1105400524044037,0.0,0.5,0.16093672603297324,0.0022059722528210294,0.01893668421299682,-0.07519523113870495
1770280142.0551286,1.2027809771668914,0.0,0.02741957068383694,1.2402560833096503,0.0,0.11049007757723334,0.0,0.5,0.17344494572852784,0.0019433658201276538,0.017715303788613954,-0.07993032483252288
1770280142.4790945,1.202978621107936,0.0,0.02735730643093586,1.2402560833096503,0.0,0.11043653059482576,0.0,0.5,0.06855093985941701,0.008209341452472521,0.007700504288392105,-0.03963603918800716
1770280142.8996565,1.202978621107936,0.0,0.02735730643093586,1.2402560833096503,0.0,0.11043653059482576,0.0,-0.5,-0.07401317918510636,0.022351853752745163,-0.010460157602214868,-0.0559444307332516
1770280143.321795,1.202978621107936,0.0,0.02735730643093586,1.2402560833096503,0.0,0.11043653059482576,0.0,0.5,0.07228489252346246,0.010419394346116538,0.006886260374143208,-0.04485335221841197
1770280143.7468798,1.202978621107936,0.0,0.02735730643093586,1.2402560833096503,0.0,0.11043653059482576,0.0,0.5,-0.03509254991874866,0.0023552024482708656,0.011932625680219007,-0.026372426778362282
1770280144.1701806,1.202978621107936,0.0,0.02735730643093586,1.2402560833096503,0.0,0.11043653059482576,0.0,-0.5,-0.24743162712272904,-0.003177736241485915,-0.010882473300133986,-0.12373382305081874
1770280144.5813463,1.202978621107936,0.0,0.02735730643093586,1.2402560833096503,0.0,0.11049612411856653,0.0,0.5,0.15803921173069901,0.014751952636469322,0.016918099787147887,-0.08809256591697306
1770280145.0060987,1.2031789971041682,0.0,0.02730209535777569,1.2402560833096503,0.0,0.1104465942001343,0.0,-0.5,-0.18632353066333351,0.006682990512524656,-0.0196688152613651,-0.09366903971836016
1770280145.4215052,1.202960545358062,0.0,0.02730209535777569,1.2402560833096503,0.0,0.1104465942001343,0.0,0.5,0.036749195376054644,0.012965749806364717,0.028671815186313915,-0.021838502946002984
1770280145.8348424,1.202960545358062,0.0,0.02730209535777569,1.2402560833096503,0.0,0.1104465942001343,0.0,0.5,0.02529955009945478,-0.0031451016230780353,0.027615972001896968,-0.004408896892740823
1770280146.2529602,1.202960545358062,0.0,0.02730209535777569,1.2402560833096503,0.0,0.1104465942001343,0.0,0.5,0.05922635808024174,-0.0059025450035311506,0.004835165431017293,-0.03537622198523134
1770280146.6684558,1.202960545358062,0.0,0.02730209535777569,1.2402560833096503,0.0,0.1104465942001343,0.0,-0.5,-0.07696353513867349,0.010957301540703306,-0.017761137157778596,-0.04281813079003034
1770280147.0867376,1.202960545358062,0.0,0.02730209535777569,1.2402560833096503,0.0,0.1104465942001343,0.0,0.5,0.2119763814600291,0.0023115473236616506,0.006805822220917461,-0.10735352288108707
1770280147.5234163,1.202960545358062,0.0,0.02730209535777569,1.2402560833096503,0.0,0.11038120066761972,0.0,0.5,0.16277377694633732,-0.007909175019732826,0.01811554108929671,-0.08136926483509106
1770280147.9442716,1.203126796526313,0.0,0.02724086298823357,1.2402560833096503,0.0,0.11033061354577543,0.0,0.5,0.06517451536192703,0.00148254851997145,0.014099977170210097,-0.027421374007738582
1770280148.3694544,1.203126796526313,0.0,0.02724086298823357,1.2402560833096503,0.0,0.11033061354577543,0.0,-0.5,-0.18131112574907393,0.0003671302998947017,-0.010489190891720967,-0.08823701453476429
1770280148.784562,1.202889003826976,0.0,0.02724086298823357,1.2402560833096503,0.0,0.11033061354577543,0.0,-0.5,-0.07103984838154292,0.0018386878031567688,-0.015962159616463693,-0.02992482905817066
1770280149.1999497,1.202889003826976,0.0,0.02724086298823357,1.2402560833096503,0.0,0.11033061354577543,0.0,-0.5,-0.3642743270269726,0.003987324908989986,-0.007448754648266727,-0.18325145159516262
1770280149.6174514,1.202889003826976,0.0,0.02724086298823357,1.2402560833096503,0.0,0.1104188744390011,0.0,-0.5,-0.35158679878587806,-0.0010514326130029044,-0.00282272241806524,-0.17589607401992946
1770280150.0326533,1.202889003826976,0.0,0.02724086298823357,1.2402560833096503,0.0,0.11050481388032438,0.0,-0.5,-0.20694738555334424,-0.007414712907638805,-0.04770826568795795,-0.09152282716732123
1770280150.4545803,1.202889003826976,0.0,0.02724086298823357,1.2402560833096503,0.0,0.11050481388032438,0.0,-0.5,-0.4072763212102378,0.001055510259031031,-0.0006222623236134799,-0.20909114003877766
1770280150.881717,1.202889003826976,0.0,0.02724086298823357,1.2402560833096503,0.0,0.11060311825692655,0.0,0.5,0.2055975136190549,0.00025390296299158857,0.010818094749355073,-0.09878764810513836
1770280151.2969427,1.202889003826976,0.0,0.02724086298823357,1.2402560833096503,0.0,0.11053999248385431,0.0,-0.5,-0.2767445367064709,0.003112957649843338,-0.003909312086967508,-0.14100331064322733
1770280151.7116432,1.202889003826976,0.0,0.02724086298823357,1.2402560833096503,0.0,0.11060812375783921,0.0,0.5,0.1487644239327182,0.001174714019880827,-0.0019645032275359686,-0.07673365848595105
1770280152.1374013,1.203085898385644,0.0,0.02717612639307976,1.2402560833096503,0.0,0.11055801243305208,0.0,-0.5,-0.29472688149003834,0.003381020257296602,0.012605554224282204,-0.1585042438596387
1770280152.5511527,1.203085898385644,0.0,0.02717612639307976,1.2402560833096503,0.0,0.11063293577373029,0.0,0.5,0.24854344765354255,-0.0015691302401497566,0.009067199000417607,-0.1216610900890987
1770280152.9684372,1.203085898385644,0.0,0.02717612639307976,1.2402560833096503,0.0,0.11055867070078851,0.0,-0.5,-0.1576874247658713,0.003876373689913086,-0.016029737424421105,-0.07721491100312206
1770280153.3923204,1.2028942784875631,0.0,0.02717612639307976,1.2402560833096503,0.0,0.11055867070078851,0.0,0.5,0.01873237869325514,-0.005579493894510682,0.03604059054329155,-0.01944063261630015
1770280153.8029246,1.2028942784875631,0.0,0.02717612639307976,1.2402560833096503,0.0,0.11055867070078851,0.0,-0.5,0.09772391669591277,-0.01265528196270794,-0.018404899159745948,-0.07616423886084105
1770280154.2343957,1.2028942784875631,0.0,0.02711523817241192,1.2402560833096503,0.0,0.11055867070078851,0.0,-0.5,-0.31087641698293383,0.0039406545883291936,0.0017361081934470848,-0.16226101791183897
1770280154.6479943,1.2028942784875631,0.0,0.02711523817241192,1.2402560833096503,0.0,0.11063591150760652,0.0,0.5,0.1379648836889936,0.008538764620855602,0.020405795561678295,-0.06918527742133639
1770280155.0693808,1.2030516332405805,0.0,0.02706619242489338,1.2402560833096503,0.0,0.11063591150760652,0.0,-0.5,-0.05205017352027938,0.009161024727097986,-0.034060481252556805,-0.023602498542382784
1770280155.4826224,1.2030516332405805,0.0,0.02706619242489338,1.2402560833096503,0.0,0.11063591150760652,0.0,0.5,-0.14369940641155066,0.0011900411910049568,0.017235820646116416,-0.08678728490970582
1770280155.8970656,1.2028180813390017,0.0,0.02706619242489338,1.2402560833096503,0.0,0.11063591150760652,0.0,0.5,0.29632948469009535,-0.00023662530159680815,0.009250055350518937,-0.14457491650094478
1770280156.3172534,1.2028180813390017,0.0,0.02706619242489338,1.2402560833096503,0.0,0.11055021285355092,0.0,-0.5,-0.24803637398477452,0.008329102590289026,-0.013938301157134606,-0.12769697465487434
1770280156.7537997,1.2028180813390017,0.0,0.02706619242489338,1.2402560833096503,0.0,0.11060960088789464,0.0,-0.5,-0.09215213395612004,-0.005496277489512324,-0.01881981938969382,-0.04265058659598136
1770280157.1687977,1.2028180813390017,0.0,0.02706619242489338,1.2402560833096503,0.0,0.11060960088789464,0.0,0.5,0.06654561386544638,-0.00014328186732893693,-0.0035865196787679427,-0.03673267861052869
1770280157.58549,1.2028180813390017,0.0,0.02706619242489338,1.2402560833096503,0.0,0.11060960088789464,0.0,0.5,0.0719439298528354,-0.001089256264571173,0.022886872215761692,-0.028265124272560997
1770280158.0166855,1.2028180813390017,0.0,0.02706619242489338,1.2402560833096503,0.0,0.11060960088789464,0.0,-0.5,-0.21356461594500128,0.011097023134384792,0.008569370201119062,-0.12359576640890922
1770280158.4314837,1.2028180813390017,0.0,0.02706619242489338,1.2402560833096503,0.0,0.11066356349468232,0.0,-0.5,0.024223695736151934,-0.0014759731400885037,-0.018123533567434173,-0.02531887816873688
1770280158.8421113,1.2028180813390017,0.0,0.02706619242489338,1.2402560833096503,0.0,0.11066356349468232,0.0,0.5,0.10336765372901682,0.004624771523288824,-0.006684907009840214,-0.060794914548476735
1770280159.2559736,1.2029683494436743,0.0,0.027013314058184624,1.2402560833096503,0.0,0.11066356349468232,0.0,-0.5,-0.30909070331230326,-0.0266987388318294,-0.01746870330265687,-0.17358811846593428
1770280159.6673262,1.2029683494436743,0.0,0.027013314058184624,1.2402560833096503,0.0,0.11073712395131588,0.0,0.5,-0.002095105344908449,-0.004567781565739938,0.02573034673816642,-0.022800412611359705
1770280160.077348,1.2029683494436743,0.0,0.027013314058184624,1.2402560833096503,0.0,0.11073712395131588,0.0,-0.5,0.09113397057446254,0.0046320202113979015,-0.028666084192103154,-0.0699716906877077
1770280160.48717,1.2031395298147203,0.0,0.02695338003873825,1.2402560833096503,0.0,0.11073712395131588,0.0,0.5,0.07777886215780702,0.001314250265562725,0.022287331040573993,-0.03415535734744695
1770280160.9010324,1.2031395298147203,0.0,0.02695338003873825,1.2402560833096503,0.0,0.11073712395131588,0.0,-0.5,-0.21171840689538138,0.008054241015197569,0.0008613141138167492,-0.11648670321247236
1770280161.3103542,1.2031395298147203,0.0,0.02695338003873825,1.2402560833096503,0.0,0.11078934832572937,0.0,0.5,0.16933909781825823,-0.004128058079731312,0.022743414107028823,-0.07961410993466722
1770280161.7223532,1.2033130852603913,0.0,0.026893331022262573,1.2402560833096503,0.0,0.11073773785531521,0.0,-0.5,-0.04212317608094174,-0.00736641664604702,-0.02235577207029207,-0.021760037269103943
1770280162.1349738,1.2033130852603913,0.0,0.026893331022262573,1.2402560833096503,0.0,0.11073773785531521,0.0,-0.5,-0.026999911181860486,-0.0033484380017708964,-0.018582080165737185,-0.007934722700288036
1770280162.5482779,1.2033130852603913,0.0,0.026893331022262573,1.2402560833096503,0.0,0.11073773785531521,0.0,0.5,0.08716018435261447,-0.005712109234810449,-0.00884187993017132,-0.05468716139975993
1770280162.9609816,1.2033130852603913,0.0,0.02684183714210987,1.2402560833096503,0.0,0.11073773785531521,0.0,0.5,-0.06421884791968058,-0.019031061223688403,0.01144212262582975,-0.058889946752043676
1770280163.372045,1.2031613649004698,0.0,0.02684183714210987,1.2402560833096503,0.0,0.11073773785531521,0.0,-0.5,-0.25664736984958647,-0.004092536235376754,0.0058267682582413185,-0.1358911407260495
1770280163.7846715,1.2031613649004698,0.0,0.02684183714210987,1.2402560833096503,0.0,0.1108022177362442,0.0,-0.5,-0.008657530149853043,0.0018302093513730435,-0.004240270697314877,-0.005045542973197746
1770280164.1983984,1.2031613649004698,0.0,0.02684183714210987,1.2402560833096503,0.0,0.1108022177362442,0.0,0.5,0.09296382835102304,0.0035978753085217055,0.00504183017446018,-0.04848708448398065
1770280164.6079392,1.2031613649004698,0.0,0.02684183714210987,1.2402560833096503,0.0,0.1108022177362442,0.0,0.5,-0.06238253868580912,0.003331867290517991,0.022593999117690413,-0.047575353086590784
1770280165.0189831,1.2031613649004698,0.0,0.02684183714210987,1.2402560833096503,0.0,0.1108022177362442,0.0,-0.5,-0.1154413501310568,-0.003220991418670125,-0.017364081809831153,-0.05625543367203511
1770280165.4257908,1.2030164871507882,0.0,0.02684183714210987,1.2402560833096503,0.0,0.1108022177362442,0.0,-0.5,-0.05019823968990467,-0.0022385186113738995,-0.007322318750148581,-0.0246806553872202
1770280165.8377807,1.2030164871507882,0.0,0.02684183714210987,1.2402560833096503,0.0,0.1108022177362442,0.0,0.5,0.07982008822311609,0.006008877525812019,0.0016841847561601675,-0.04597747960992086
1770280166.2471817,1.2030164871507882,0.0,0.02684183714210987,1.2402560833096503,0.0,0.1108022177362442,0.0,0.5,-0.06654130021065469,0.0008736527280965938,0.017440913959153613,-0.04444043273330009
1770280166.6578665,1.2030164871507882,0.0,0.02684183714210987,1.2402560833096503,0.0,0.1108022177362442,0.0,-0.5,-0.2573822082697774,0.004638640615937437,0.018797627591333944,-0.14286422990971118
1770280167.072394,1.2030164871507882,0.0,0.02684183714210987,1.2402560833096503,0.0,0.11086892937600612,0.0,-0.5,0.010359535664640734,-0.0022883014751749883,-0.0266793300240814,-0.025355430081077594
1770280167.4806428,1.2030164871507882,0.0,0.02684183714210987,1.2402560833096503,0.0,0.11086892937600612,0.0,-0.5,-0.050764289876457314,-0.005876200616916235,-0.012546386962048994,-0.026398446380323636
1770280167.892296,1.2030164871507882,0.0,0.02684183714210987,1.2402560833096503,0.0,0.11086892937600612,0.0,0.5,0.07964098640627718,0.004337633593109889,0.009965072433687543,-0.04142673651897835
1770280168.3024795,1.2030164871507882,0.0,0.02684183714210987,1.2402560833096503,0.0,0.11086892937600612,0.0,0.5,-0.06659796914488889,0.004106637743404257,0.021142493764734673,-0.04909461133132075
1770280168.7124197,1.2030164871507882,0.0,0.02684183714210987,1.2402560833096503,0.0,0.11086892937600612,0.0,-0.5,-0.25740013867475,0.006852353165643286,0.004304531565245349,-0.13938848450558988
1770280169.1224902,1.2030164871507882,0.0,0.02684183714210987,1.2402560833096503,0.0,0.11093349673986434,0.0,-0.5,-0.1771461376275576,0.006117065993595402,-0.027181515504639958,-0.08424798176204276
1770280169.5549757,1.2028217142784594,0.0,0.02684183714210987,1.2402560833096503,0.0,0.11093349673986434,0.0,0.5,-0.14784702010871942,-0.0013738214255928753,0.034571348917250264,-0.09875829238076675
1770280169.963976,1.2025496565949916,0.0,0.02684183714210987,1.2402560833096503,0.0,0.11093349673986434,0.0,-0.5,-0.14248284620627452,0.006859405330428488,0.014444264660651414,-0.08733566918955134
1770280170.3733127,1.2023319173938034,0.0,0.02684183714210987,1.2402560833096503,0.0,0.11093349673986434,0.0,-0.5,-0.021047450743272078,0.010294667532101604,0.004969805806223154,-0.024250741692292046
1770280170.7930975,1.2023319173938034,0.0,0.02684183714210987,1.2402560833096503,0.0,0.11093349673986434,0.0,-0.5,-0.021047450743272078,0.0003260136678662375,0.02225402530295782,-0.023705173640654654
1770280171.205089,1.2023319173938034,0.0,0.02684183714210987,1.2402560833096503,0.0,0.11093349673986434,0.0,-0.5,-0.021047450743272078,0.0015637525942929751,0.017422116145700668,-0.021281726954505063
1770280171.6116931,1.2023319173938034,0.0,0.02684183714210987,1.2402560833096503,0.0,0.11093349673986434,0.0,-0.5,-0.021047450743272078,-0.00021056030754515548,0.01397010643580765,-0.018064539868074322
1770280172.019435,1.2023319173938034,0.0,0.02684183714210987,1.2402560833096503,0.0,0.11093349673986434,0.0,-0.5,-0.021047450743272078,-1.811842360596521e-05,0.010995581478274879,-0.016337087030132723
1770280172.4285903,1.2023319173938034,0.0,0.02684183714210987,1.2402560833096503,0.0,0.11093349673986434,0.0,-0.5,-0.021047450743272078,-1.4492611482534617e-05,0.008504913716701545,-0.01503974161762668
1770280172.8366323,1.2023319173938034,0.0,0.02684183714210987,1.2402560833096503,0.0,0.11093349673986434,0.0,-0.5,-0.021047450743272078,-1.1236858240263226e-05,0.00701906575719389,-0.014193079904424012
1770280173.2434678,1.2023319173938034,0.0,0.02684183714210987,1.2402560833096503,0.0,0.11093349673986434,0.0,-0.5,-0.021047450743272078,-8.725815915839717e-06,0.00552861947761941,-0.013445805554319032
1770280173.6501431,1.2023319173938034,0.0,0.02684183714210987,1.2402560833096503,0.0,0.11093349673986434,0.0,-0.5,-0.021047450743272078,-6.774400936539051e-06,0.004374144875602852,-0.012833019670575659
1770280174.0575967,1.2023319173938034,0.0,0.02684183714210987,1.2402560833096503,0.0,0.11093349673986434,0.0,-0.5,-0.021047450743272078,-5.261438181568228e-06,0.0034973420787186155,-0.012365338128865339
1770280174.465133,1.2023319173938034,0.0,0.02684183714210987,1.2402560833096503,0.0,0.11093349673986434,0.0,-0.5,-0.021047450743272078,-3.5714439759102074e-06,0.0028031275664084005,-0.011998282050047172
1770280174.8719232,1.2023319173938034,0.0,0.02684183714210987,1.2402560833096503,0.0,0.11093349673986434,0.0,-0.5,-0.021047450743272078,-2.772971035081865e-06,0.0018902422452442337,-0.011562907997409656
1770280175.2790227,1.2023319173938034,0.0,0.02684183714210987,1.2402560833096503,0.0,0.11093349673986434,0.0,-0.5,-0.021047450743272078,-2.1528125565212846e-06,0.001755067745811934,-0.011416929507041759
1770280175.6850395,1.2023319173938034,0.0,0.02684183714210987,1.2402560833096503,0.0,0.11093349673986434,0.0,-0.5,-0.021047450743272078,-1.671282763857925e-06,0.001512776476831832,-0.011306014019713822
1770280176.0900412,1.2023319173938034,0.0,0.02684183714210987,1.2402560833096503,0.0,0.11093349673986434,0.0,-0.5,-0.021047450743272078,-1.2978325049756242e-06,0.0010549858271109987,-0.011098295182668597
1770280176.497038,1.2023319173938034,0.0,0.02684183714210987,1.2402560833096503,0.0,0.11093349673986434,0.0,-0.5,-0.021047450743272078,-9.259212899221705e-07,0.0010092751118243798,-0.011033859920366812
1770280176.903466,1.2023319173938034,0.0,0.02684183714210987,1.2402560833096503,0.0,0.11093349673986434,0.0,-0.5,-0.021047450743272078,-7.18964119086303e-07,0.0007257407334787483,-0.010915668140329064
1770280177.3115642,1.2023319173938034,0.0,0.02684183714210987,1.2402560833096503,0.0,0.11093349673986434,0.0,-0.5,-0.021047450743272078,-5.582190113734288e-07,0.00045203553746932316,-0.010777671878983016
1770280177.7176158,1.2023319173938034,0.0,0.02684183714210987,1.2402560833096503,0.0,0.11093349673986434,0.0,-0.5,-0.021047450743272078,-4.334285937545974e-07,0.00039416109517582487,-0.010727026792047057
1770280178.1252065,1.2023319173938034,0.0,0.02684183714210987,1.2402560833096503,0.0,0.11093349673986434,0.0,-0.5,-0.021047450743272078,-3.364822819223934e-07,0.0004859243342595408,-0.010776200344956105
1770280178.5345793,1.2023319173938034,0.0,0.02684183714210987,1.2402560833096503,0.0,0.11093349673986434,0.0,-0.5,-0.021047450743272078,-2.8952308845045545e-07,0.0004522502057977436,-0.010753507410469541
1770280178.9417458,1.2023319173938034,0.0,0.02684183714210987,1.2402560833096503,0.0,0.11093349673986434,0.0,-0.5,-0.021047450743272078,-2.2476449040444462e-07,0.00045610817271053337,-0.01075239001917299
1770280179.3485656,1.2023319173938034,0.0,0.02684183714210987,1.2402560833096503,0.0,0.11093349673986434,0.0,-0.5,-0.021047450743272078,-1.840515096568481e-07,0.000229686997180916,-0.010661395039289116
1770280179.7538898,1.2023319173938034,0.0,0.02684183714210987,1.2402560833096503,0.0,0.11093349673986434,0.0,-0.5,-0.021047450743272078,-1.3551352976652865e-07,0.00044944193275054707,-0.010770557345098044
1770280180.162776,1.2023319173938034,0.0,0.02684183714210987,1.2402560833096503,0.0,0.11093349673986434,0.0,-0.5,-0.021047450743272078,-9.696931167632049e-08,0.00042895860107235796,-0.010740349974651713
1770280180.569059,1.2023319173938034,0.0,0.02684183714210987,1.2402560833096503,0.0,0.11093349673986434,0.0,-0.5,-0.021047450743272078,-7.529778274191783e-08,0.0003939679845461319,-0.010724283723344469
1770280180.9761164,1.2023319173938034,0.0,0.02684183714210987,1.2402560833096503,0.0,0.11093349673986434,0.0,-0.5,-0.021047450743272078,-5.8499456026953045e-08,0.00038239780062714697,-0.01071613978979754
1770280181.3830192,1.2023319173938034,0.0,0.02684183714210987,1.2402560833096503,0.0,0.11093349673986434,0.0,-0.5,-0.021047450743272078,-4.5455714146461005e-08,0.0003120193899306989,-0.010686818363385179
1770280181.7912524,1.2023319173938034,0.0,0.02684183714210987,1.2402560833096503,0.0,0.11093349673986434,0.0,-0.5,-0.021047450743272078,-3.531884974732028e-08,0.00013793825354801884,-0.010610137930898064
1770280182.198689,1.2023319173938034,0.0,0.02684183714210987,1.2402560833096503,0.0,0.11093349673986434,0.0,-0.5,-0.021047450743272078,-2.5216706341154208e-08,0.0001851698910964283,-0.010621058697645435
1770280182.6079006,1.2023319173938034,0.0,0.02684183714210987,1.2402560833096503,0.0,0.11093349673986434,0.0,-0.5,-0.021047450743272078,-1.9588322310420965e-08,5.7717988386622896e-05,-0.01056534914442264
1770280183.0140426,1.2023319173938034,0.0,0.02684183714210987,1.2402560833096503,0.0,0.11093349673986434,0.0,-0.5,-0.021047450743272078,-1.5225819649812822e-08,0.00011477838637786718,-0.010586835830443748
1770280183.420367,1.2023319173938034,0.0,0.02684183714210987,1.2402560833096503,0.0,0.11093349673986434,0.0,-0.5,-0.021047450743272078,-1.1835834333923116e-08,6.893560711529139e-05,-0.010562789288954275
1770280183.8248627,1.2023319173938034,0.0,0.02684183714210987,1.2402560833096503,0.0,0.11093349673986434,0.0,-0.5,-0.021047450743272078,-9.196513937495882e-09,0.00012634894870684472,-0.010592650376662554
1770280184.231533,1.2023319173938034,0.0,0.02684183714210987,1.2402560833096503,0.0,0.11093349673986434,0.0,-0.5,-0.021047450743272078,-7.903141901803338e-09,5.7742728092592826e-05,-0.010559465260885663
1770280184.638708,1.2023319173938034,0.0,0.02684183714210987,1.2402560833096503,0.0,0.11093349673986434,0.0,-0.5,-0.021047450743272078,-6.130396913571431e-09,0.0002014393282672718,-0.010638820826184057
1770280185.0452292,1.2023319173938034,0.0,0.02684183714210987,1.2402560833096503,0.0,0.11093349673986434,0.0,-0.5,-0.021047450743272078,-4.7636781619520605e-09,5.461088447635948e-05,-0.010565718421931472
1770280185.4522178,1.2023319173938034,0.0,0.02684183714210987,1.2402560833096503,0.0,0.11093349673986434,0.0,-0.5,-0.021047450743272078,-3.6977979975037492e-09,0.00021292923014124378,-0.010646025519071147
1770280185.8591466,1.2023319173938034,0.0,0.02684183714210987,1.2402560833096503,0.0,0.11093349673986434,0.0,-0.5,-0.021047450743272078,-2.8709494068908266e-09,0.0003617021443289494,-0.010719456606168692
1770280186.2662883,1.2023319173938034,0.0,0.02684183714210987,1.2402560833096503,0.0,0.11093349673986434,0.0,-0.5,-0.021047450743272078,-2.056443226803815e-09,0.00023573199382852038,-0.010654190440043568
1770280186.6725156,1.2023319173938034,0.0,0.02684183714210987,1.2402560833096503,0.0,0.11093349673986434,0.0,-0.5,-0.021047450743272078,-1.596094562153794e-09,-2.3454748719203006e-05,-0.01053791826762577
1770280187.079577,1.2023319173938034,0.0,0.02684183714210987,1.2402560833096503,0.0,0.11093349673986434,0.0,-0.5,-0.021047450743272078,-1.2397367431726893e-09,0.00011864412606571215,-0.01059725856188413
1770280187.4889395,1.2023319173938034,0.0,0.02684183714210987,1.2402560833096503,0.0,0.11093349673986434,0.0,-0.5,-0.021047450743272078,-9.62565704839375e-10,-1.4669391496410178e-05,-0.010529722990209751
1770280187.8967142,1.2023319173938034,0.0,0.02684183714210987,1.2402560833096503,0.0,0.11093349673986434,0.0,-0.5,-0.021047450743272078,-6.873071993664883e-10,0.00011314871835941268,-0.010593082229108527
1770280188.3038275,1.2023319173938034,0.0,0.02684183714210987,1.2402560833096503,0.0,0.11093349673986434,0.0,-0.5,-0.021047450743272078,-5.338245402441826e-10,9.177640006341483e-05,-0.010571751337321886
1770280188.7098398,1.2023319173938034,0.0,0.02684183714210987,1.2402560833096503,0.0,0.11093349673986434,0.0,-0.5,-0.021047450743272078,-4.145452985889192e-10,5.8464157606124455e-06,-0.010535241992491924
1770280189.1169934,1.2023319173938034,0.0,0.02684183714210987,1.2402560833096503,0.0,0.11093349673986434,0.0,-0.5,-0.021047450743272078,-3.2186013487343645e-10,0.000208176358899587,-0.010648046867259864
1770280189.521866,1.2023319173938034,0.0,0.02684183714210987,1.2402560833096503,0.0,0.11093349673986434,0.0,-0.5,-0.021047450743272078,-2.498691076778464e-10,0.0003010869850490791,-0.010683560176644636
1770280189.9267304,1.2023319173938034,0.0,0.02684183714210987,1.2402560833096503,0.0,0.11093349673986434,0.0,-0.5,-0.021047450743272078,-1.9401490827288676e-10,0.00017186613569512412,-0.010622580718433906
1770280190.3348725,1.2023319173938034,0.0,0.02684183714210987,1.2402560833096503,0.0,0.11093349673986434,0.0,-0.5,-0.021047450743272078,-1.6666046237354054e-10,0.0002873952771263772,-0.010678976091002816
1770280190.7424688,1.2023319173938034,0.0,0.02684183714210987,1.2402560833096503,0.0,0.11093349673986434,0.0,-0.5,-0.021047450743272078,-1.2943506436687835e-10,0.0002550376624508006,-0.010654480093764063
1770280191.150054,1.2023319173938034,0.0,0.02684183714210987,1.2402560833096503,0.0,0.11093349673986434,0.0,-0.5,-0.021047450743272078,-1.0049450266347329e-10,0.0002595347129583303,-0.010653942533660461
1770280191.5562575,1.2023319173938034,0.0,0.02684183714210987,1.2402560833096503,0.0,0.11093349673986434,0.0,-0.5,-0.021047450743272078,-7.80279365753271e-11,-0.00010514834139746369,-0.010507619584400822
1770280191.963749,1.2023319173938034,0.0,0.02684183714210987,1.2402560833096503,0.0,0.11093349673986434,0.0,-0.5,-0.021047450743272078,-5.590898512522498e-11,7.713147922534295e-05,-0.010580519149219978
1770280192.3707926,1.2023319173938034,0.0,0.02684183714210987,1.2402560833096503,0.0,0.11093349673986434,0.0,-0.5,-0.021047450743272078,-4.342144875367313e-11,0.00017518763877231183,-0.010621124850398341
1770280192.7783906,1.2023319173938034,0.0,0.02684183714210987,1.2402560833096503,0.0,0.11093349673986434,0.0,-0.5,-0.021047450743272078,-3.3717995686831825e-11,0.0002608210597568422,-0.01066269927733091
1770280193.184584,1.2023319173938034,0.0,0.02684183714210987,1.2402560833096503,0.0,0.11093349673986434,0.0,-0.5,-0.021047450743272078,-2.618314806844803e-11,0.000264449716486894,-0.01065631312173564
1770280193.5922558,1.2023319173938034,0.0,0.02684183714210987,1.2402560833096503,0.0,0.11093349673986434,0.0,-0.5,-0.021047450743272078,-2.033187836099873e-11,-2.2900524259783536e-05,-0.010541010153912693
1770280193.99896,1.2023319173938034,0.0,0.02684183714210987,1.2402560833096503,0.0,0.11093349673986434,0.0,-0.5,-0.021047450743272078,-1.4523756662018825e-11,9.28819240709988e-05,-0.010581744593028375
1770280194.4054265,1.2023319173938034,0.0,0.02684183714210987,1.2402560833096503,0.0,0.11093349673986434,0.0,-0.5,-0.021047450743272078,-1.1277348122683155e-11,0.00015345206022886114,-0.010606508426643605
1770280194.8121843,1.2023319173938034,0.0,0.02684183714210987,1.2402560833096503,0.0,0.11093349673986434,0.0,-0.5,-0.021047450743272078,-8.758028776150171e-12,0.0002326334803139785,-0.01064796026255957
1770280195.2185738,1.2023319173938034,0.0,0.02684183714210987,1.2402560833096503,0.0,0.11093349673986434,0.0,-0.5,-0.021047450743272078,-6.800659028283006e-12,0.000427737576692686,-0.010757104576420913
1770280195.6230628,1.2023319173938034,0.0,0.02684183714210987,1.2402560833096503,0.0,0.11093349673986434,0.0,-0.5,-0.021047450743272078,-5.280466980412197e-12,0.00024823311075107015,-0.010665792378886202
1770280196.029962,1.2023319173938034,0.0,0.02684183714210987,1.2402560833096503,0.0,0.11093349673986434,0.0,-0.5,-0.021047450743272078,-4.532278719307346e-12,-1.7443226909146023e-05,-0.010541571396479767
1770280196.4373574,1.2023319173938034,0.0,0.02684183714210987,1.2402560833096503,0.0,0.11093349673986434,0.0,-0.5,-0.021047450743272078,-3.5183687214695824e-12,0.0001261895331689436,-0.010601183417746688
1770280196.844039,1.2023319173938034,0.0,0.02684183714210987,1.2402560833096503,0.0,0.11093349673986434,0.0,-0.5,-0.021047450743272078,-2.73181258595872e-12,0.00013816175662618316,-0.010594003475026668
1770280197.2514231,1.2023319173938034,0.0,0.02684183714210987,1.2402560833096503,0.0,0.11093349673986434,0.0,-0.5,-0.021047450743272078,-2.1208617159794574e-12,9.343536622385345e-05,-0.01057491569590906
1770280197.6585078,1.2023319173938034,0.0,0.02684183714210987,1.2402560833096503,0.0,0.11093349673986434,0.0,-0.5,-0.021047450743272078,-1.6467868524277237e-12,2.6357390457106363e-05,-0.010543611866088053
1770280198.065137,1.2023319173938034,0.0,0.02684183714210987,1.2402560833096503,0.0,0.11093349673986434,0.0,-0.5,-0.021047450743272078,-1.1803436517152086e-12,0.00011571186511199254,-0.010590516752837868
1770280198.4726112,1.2023319173938034,0.0,0.02684183714210987,1.2402560833096503,0.0,0.11093349673986434,0.0,-0.5,-0.021047450743272078,-9.166048102825444e-13,6.553365005713426e-05,-0.010561510019086697
1770280198.8804996,1.2023319173938034,0.0,0.02684183714210987,1.2402560833096503,0.0,0.11093349673986434,0.0,-0.5,-0.021047450743272078,-7.119210148297092e-13,0.00012359311330554932,-0.010591327875325577
1770280199.286333,1.2023319173938034,0.0,0.02684183714210987,1.2402560833096503,0.0,0.11093349673986434,0.0,-0.5,-0.021047450743272078,-5.530567480126481e-13,0.0001008492279596779,-0.010576424374703523
1770280199.6923869,1.2023319173938034,0.0,0.02684183714210987,1.2402560833096503,0.0,0.11093349673986434,0.0,-0.5,-0.021047450743272078,-4.2966960233833367e-13,0.00024409840171156423,-0.010660099490296681
1770280200.0989783,1.2023319173938034,0.0,0.02684183714210987,1.2402560833096503,0.0,0.11093349673986434,0.0,-0.5,-0.021047450743272078,-2.924830357703501e-13,0.0003973243608689043,-0.010737710148278708
1770280200.505701,1.2023319173938034,0.0,0.02684183714210987,1.2402560833096503,0.0,0.11093349673986434,0.0,-0.5,-0.021047450743272078,-2.269921230041865e-13,7.84882119076094e-05,-0.010594853092712965
1770280200.9118693,1.2023319173938034,0.0,0.02684183714210987,1.2402560833096503,0.0,0.11093349673986434,0.0,-0.5,-0.021047450743272078,-1.7619932720665114e-13,0.0004163112840187339,-0.010765663321032718
1770280201.3190103,1.2023319173938034,0.0,0.02684183714210987,1.2402560833096503,0.0,0.11093349673986434,0.0,-0.5,-0.021047450743272078,-1.367623692356053e-13,0.0002726411117280258,-0.010674412944865885
1770280201.725032,1.2023319173938034,0.0,0.02684183714210987,1.2402560833096503,0.0,0.11093349673986434,0.0,-0.5,-0.021047450743272078,-1.061423095645308e-13,0.00028600386537992305,-0.010668063579797334
1770280202.1335278,1.2023319173938034,0.0,0.02684183714210987,1.2402560833096503,0.0,0.11093349673986434,0.0,-0.5,-0.021047450743272078,-9.579640752393177e-14,0.00017621322705695984,-0.010622811049092613
1770280202.5406127,1.2023319173938034,0.0,0.02684183714210987,1.2402560833096503,0.0,0.11093349673986434,0.0,-0.5,-0.021047450743272078,-7.438845493046286e-14,0.0004042162292527223,-0.010748633786556366
1770280202.9475386,1.2023319173938034,0.0,0.02684183714210987,1.2402560833096503,0.0,0.11093349673986434,0.0,-0.5,-0.021047450743272078,-5.776018398193294e-14,0.00017913236346904718,-0.01063579994000669
1770280203.3545346,1.2023319173938034,0.0,0.02684183714210987,1.2402560833096503,0.0,0.11093349673986434,0.0,-0.5,-0.021047450743272078,-4.484215430205088e-14,0.00030795326925964716,-0.010690584096889765
1770280203.7622237,1.2023319173938034,0.0,0.02684183714210987,1.2402560833096503,0.0,0.11093349673986434,0.0,-0.5,-0.021047450743272078,-3.2153095267255055e-14,0.0001756326845983793,-0.010624773772433508
1770280204.1673985,1.2023319173938034,0.0,0.02684183714210987,1.2402560833096503,0.0,0.11093349673986434,0.0,-0.5,-0.021047450743272078,-2.496697938707046e-14,0.00017805775613388618,-0.0106129967568815
1770280204.5738358,1.2023319173938034,0.0,0.02684183714210987,1.2402560833096503,0.0,0.11093349673986434,0.0,-0.5,-0.021047450743272078,-1.93893643065267e-14,2.583309676227287e-05,-0.010551864385973725
1770280204.9807544,1.2023319173938034,0.0,0.02684183714210987,1.2402560833096503,0.0,0.11093349673986434,0.0,-0.5,-0.021047450743272078,-1.505384482938997e-14,0.00011177745854530817,-0.010588208537102052
1770280205.3861647,1.2023319173938034,0.0,0.02684183714210987,1.2402560833096503,0.0,0.11093349673986434,0.0,-0.5,-0.021047450743272078,-1.168950866540998e-14,0.00022745434661921183,-0.010649020233764725
1770280205.7906675,1.2023319173938034,0.0,0.02684183714210987,1.2402560833096503,0.0,0.11093349673986434,0.0,-0.5,-0.021047450743272078,-9.074431452323845e-15,0.0002230940837291473,-0.010635708439798695
1770280206.1969166,1.2023319173938034,0.0,0.02684183714210987,1.2402560833096503,0.0,0.11093349673986434,0.0,-0.5,-0.021047450743272078,-6.136303659421136e-15,0.0003452722281434892,-0.010708579300155355
1770280206.6042132,1.2023319173938034,0.0,0.02684183714210987,1.2402560833096503,0.0,0.11093349673986434,0.0,-0.5,-0.021047450743272078,-4.761965923526879e-15,0.00026252316822116835,-0.010663261861743616
1770280207.011224,1.2023319173938034,0.0,0.02684183714210987,1.2402560833096503,0.0,0.11093349673986434,0.0,-0.5,-0.021047450743272078,-3.695881218149996e-15,0.0004113854604463206,-0.01074430433108541
1770280207.4176238,1.2023319173938034,0.0,0.02684183714210987,1.2402560833096503,0.0,0.11093349673986434,0.0,-0.5,-0.021047450743272078,-2.869243919632736e-15,2.0307337648954037e-05,-0.010572986852743122
1770280207.8250086,1.2023319173938034,0.0,0.02684183714210987,1.2402560833096503,0.0,0.11093349673986434,0.0,-0.5,-0.021047450743272078,-2.2265656809816536e-15,0.0001542597120248346,-0.010614250465088272
1770280208.232235,1.2023319173938034,0.0,0.02684183714210987,1.2402560833096503,0.0,0.11093349673986434,0.0,-0.5,-0.021047450743272078,-2.0211911811685888e-15,0.00011063382072895738,-0.010583404871132126
1770280208.639482,1.2023319173938034,0.0,0.02684183714210987,1.2402560833096503,0.0,0.11093349673986434,0.0,-0.5,-0.021047450743272078,-1.5695971746650948e-15,0.00015782931031711403,-0.010607359575754982
1770280209.0459805,1.2023319173938034,0.0,0.02684183714210987,1.2402560833096503,0.0,0.11093349673986434,0.0,-0.5,-0.021047450743272078,-1.218720831545939e-15,-2.677884258545687e-05,-0.010528796765634786
1770280209.453054,1.2023319173938034,0.0,0.02684183714210987,1.2402560833096503,0.0,0.11093349673986434,0.0,-0.5,-0.021047450743272078,-9.464037228671772e-16,2.6212381353579228e-05,-0.01054213068470768
1770280209.8598144,1.2023319173938034,0.0,0.02684183714210987,1.2402560833096503,0.0,0.11093349673986434,0.0,-0.5,-0.021047450743272078,-7.349598604277402e-16,0.00016438396533614692,-0.010619734512703106
1770280210.2682161,1.2023319173938034,0.0,0.02684183714210987,1.2402560833096503,0.0,0.11093349673986434,0.0,-0.5,-0.021047450743272078,-4.980100135552825e-16,0.00020457550099993606,-0.010630032275702883
1770280210.6755693,1.2023319173938034,0.0,0.02684183714210987,1.2402560833096503,0.0,0.11093349673986434,0.0,-0.5,-0.021047450743272078,-3.867979268160814e-16,6.768975452324604e-05,-0.010571258823545718
1770280211.0829065,1.2023319173938034,0.0,0.02684183714210987,1.2402560833096503,0.0,0.11093349673986434,0.0,-0.5,-0.021047450743272078,-3.006327383640107e-16,0.00021135981907293496,-0.010643772287627777
1770280211.4902556,1.2023319173938034,0.0,0.02684183714210987,1.2402560833096503,0.0,0.11093349673986434,0.0,-0.5,-0.021047450743272078,-2.3366505894111147e-16,0.00040418476304878315,-0.010745100247558249
1770280211.8988261,1.2023319173938034,0.0,0.02684183714210987,1.2402560833096503,0.0,0.11093349673986434,0.0,-0.5,-0.021047450743272078,-1.6665955733777676e-16,0.0004294597171958078,-0.010740982725648811
1770280212.3047156,1.2023319173938034,0.0,0.02684183714210987,1.2402560833096503,0.0,0.11093349673986434,0.0,-0.5,-0.021047450743272078,-1.294558502674045e-16,0.00031693220448432674,-0.01069344422514948
1770280212.7122488,1.2023319173938034,0.0,0.02684183714210987,1.2402560833096503,0.0,0.11093349673986434,0.0,-0.5,-0.021047450743272078,-1.0054228564759179e-16,0.00026151157943304654,-0.010660023223857791
1770280213.118893,1.2023319173938034,0.0,0.02684183714210987,1.2402560833096503,0.0,0.11093349673986434,0.0,-0.5,-0.021047450743272078,-7.807297715050542e-17,2.8240916327575938e-05,-0.010561172896110452
1770280213.5264773,1.2023319173938034,0.0,0.02684183714210987,1.2402560833096503,0.0,0.11093349673986434,0.0,-0.5,-0.021047450743272078,-6.062534809672005e-17,0.00013044673162939725,-0.01059916931898098
1770280213.9345078,1.2023319173938034,0.0,0.02684183714210987,1.2402560833096503,0.0,0.11093349673986434,0.0,-0.5,-0.021047450743272078,-5.5111615012797705e-17,0.00016564921463791646,-0.010610070227255904
1770280214.34349,1.2023319173938034,0.0,0.02684183714210987,1.2402560833096503,0.0,0.11093349673986434,0.0,-0.5,-0.021047450743272078,-4.2788535044853133e-17,0.00031836068317181405,-0.01069817686007538
1770280214.7523136,1.2023319173938034,0.0,0.02684183714210987,1.2402560833096503,0.0,0.11093349673986434,0.0,-0.5,-0.021047450743272078,-3.3223537020051193e-17,0.00022516448184897655,-0.010645627232692844
1770280215.159328,1.2023319173938034,0.0,0.02684183714210987,1.2402560833096503,0.0,0.11093349673986434,0.0,-0.5,-0.021047450743272078,-2.579689307009253e-17,0.00016174359492219625,-0.010610939257789841
1770280215.567599,1.2023319173938034,0.0,0.02684183714210987,1.2402560833096503,0.0,0.11093349673986434,0.0,-0.5,-0.021047450743272078,-1.749198499244154e-17,0.0003353005689816569,-0.01070873135353283
1770280215.97368,1.2023319173938034,0.0,0.02684183714210987,1.2402560833096503,0.0,0.11093349673986434,0.0,-0.5,-0.021047450743272078,-1.358399700652161e-17,0.000253555158167714,-0.010658677491801305
1770280216.3807333,1.2023319173938034,0.0,0.02684183714210987,1.2402560833096503,0.0,0.11093349673986434,0.0,-0.5,-0.021047450743272078,-1.0548140814900833e-17,0.00029861314055698536,-0.010677537740153469
1770280216.7875512,1.2023319173938034,0.0,0.02684183714210987,1.2402560833096503,0.0,0.11093349673986434,0.0,-0.5,-0.021047450743272078,-8.191209282475062e-18,0.0004314119738092467,-0.010752711241865899
1770280217.1942272,1.2023319173938034,0.0,0.02684183714210987,1.2402560833096503,0.0,0.11093349673986434,0.0,-0.5,-0.021047450743272078,-6.360527608778358e-18,5.9905035133315436e-05,-0.010590828583070297
1770280217.6007626,1.2023319173938034,0.0,0.02684183714210987,1.2402560833096503,0.0,0.11093349673986434,0.0,-0.5,-0.021047450743272078,-4.536457240182263e-18,-0.00014317035490568703,-0.0104724477331871
1770280218.0078845,1.2023319173938034,0.0,0.02684183714210987,1.2402560833096503,0.0,0.11093349673986434,0.0,-0.5,-0.021047450743272078,-3.5226296474411056e-18,4.49437273149547e-05,-0.010565008643515584
1770280218.4136791,1.2023319173938034,0.0,0.02684183714210987,1.2402560833096503,0.0,0.11093349673986434,0.0,-0.5,-0.021047450743272078,-2.7354953318279283e-18,0.00029233439385330565,-0.01069463163521653
1770280218.8208296,1.2023319173938034,0.0,0.02684183714210987,1.2402560833096503,0.0,0.11093349673986434,0.0,-0.5,-0.021047450743272078,-2.1241712919493746e-18,0.00018013824190962833,-0.010625014107785222
1770280219.2276287,1.2023319173938034,0.0,0.02684183714210987,1.2402560833096503,0.0,0.11093349673986434,0.0,-0.5,-0.021047450743272078,-1.6493146044397387e-18,0.00046071951443106784,-0.010782143256103719
1770280219.6363902,1.2023319173938034,0.0,0.02684183714210987,1.2402560833096503,0.0,0.11093349673986434,0.0,-0.5,-0.021047450743272078,-1.4979599015364908e-18,0.00028163563187788923,-0.010682451575830303
1770280220.0432515,1.2023319173938034,0.0,0.02684183714210987,1.2402560833096503,0.0,0.11093349673986434,0.0,-0.5,-0.021047450743272078,-1.163072521622037e-18,0.00018361152217649158,-0.010625333543694427
1770280220.4505084,1.2023319173938034,0.0,0.02684183714210987,1.2402560833096503,0.0,0.11093349673986434,0.0,-0.5,-0.021047450743272078,-9.030975847963765e-19,0.0001007125640408558,-0.010582371549470032
1770280220.8571248,1.2023319173938034,0.0,0.02684183714210987,1.2402560833096503,0.0,0.11093349673986434,0.0,-0.5,-0.021047450743272078,-7.012431062165258e-19,0.00022838778717931282,-0.01065068678753954
1770280221.265571,1.2023319173938034,0.0,0.02684183714210987,1.2402560833096503,0.0,0.11093349673986434,0.0,-0.5,-0.021047450743272078,-4.757940022311166e-19,0.0001938426864217897,-0.010624101224922687
1770280221.6723335,1.2023319173938034,0.0,0.02684183714210987,1.2402560833096503,0.0,0.11093349673986434,0.0,-0.5,-0.021047450743272078,-3.694325699225221e-19,0.0003174072148846676,-0.010694785431924661
1770280222.0794435,1.2023319173938034,0.0,0.02684183714210987,1.2402560833096503,0.0,0.11093349673986434,0.0,-0.5,-0.021047450743272078,-2.868581743295049e-19,0.00038299392335203533,-0.010721781004158793
1770280222.4849374,1.2023319173938034,0.0,0.02684183714210987,1.2402560833096503,0.0,0.11093349673986434,0.0,-0.5,-0.021047450743272078,-2.2275830362322987e-19,0.00015016716640992012,-0.010622091630535211
1770280222.891223,1.2023319173938034,0.0,0.02684183714210987,1.2402560833096503,0.0,0.11093349673986434,0.0,-0.5,-0.021047450743272078,-1.7295631930160558e-19,0.0002589280430401053,-0.01066406548081911
1770280223.2991586,1.2023319173938034,0.0,0.02684183714210987,1.2402560833096503,0.0,0.11093349673986434,0.0,-0.5,-0.021047450743272078,-1.2336443488518929e-19,0.000375896428360387,-0.01072337042434826
1770280223.7068076,1.2023319173938034,0.0,0.02684183714210987,1.2402560833096503,0.0,0.11093349673986434,0.0,-0.5,-0.021047450743272078,-9.577526131863757e-20,0.0001358688551709898,-0.010615662556540473
1770280224.1124392,1.2023319173938034,0.0,0.02684183714210987,1.2402560833096503,0.0,0.11093349673986434,0.0,-0.5,-0.021047450743272078,-7.437321990750546e-20,0.00021172247809767643,-0.010637171972977547
1770280224.5196931,1.2023319173938034,0.0,0.02684183714210987,1.2402560833096503,0.0,0.11093349673986434,0.0,-0.5,-0.021047450743272078,-5.775793451183568e-20,0.0002534044378114895,-0.010654595786513166
1770280224.9244435,1.2023319173938034,0.0,0.02684183714210987,1.2402560833096503,0.0,0.11093349673986434,0.0,-0.5,-0.021047450743272078,-4.4848704331968287e-20,0.00022253308324335106,-0.010638079048714527
1770280225.333383,1.2023319173938034,0.0,0.02684183714210987,1.2402560833096503,0.0,0.11093349673986434,0.0,-0.5,-0.021047450743272078,-4.069775388608402e-20,2.046563106123505e-05,-0.010554164932384869
1770280225.7404284,1.2023319173938034,0.0,0.02684183714210987,1.2402560833096503,0.0,0.11093349673986434,0.0,-0.5,-0.021047450743272078,-3.159953966660648e-20,0.00019974376561451512,-0.010641525067898625
1770280226.1478162,1.2023319173938034,0.0,0.02684183714210987,1.2402560833096503,0.0,0.11093349673986434,0.0,-0.5,-0.021047450743272078,-2.3268685619013815e-20,0.00022706414833272424,-0.010639989484074222
1770280226.553511,1.2023319173938034,0.0,0.02684183714210987,1.2402560833096503,0.0,0.11093349673986434,0.0,-0.5,-0.021047450743272078,-1.9050954095468845e-20,0.00034344273887040644,-0.010707084600125009
1770280226.9631352,1.2023319173938034,0.0,0.02684183714210987,1.2402560833096503,0.0,0.11093349673986434,0.0,-0.5,-0.021047450743272078,-1.293849846442707e-20,0.00028250917036306867,-0.010671073313668306
1770280227.3704464,1.2023319173938034,0.0,0.02684183714210987,1.2402560833096503,0.0,0.11093349673986434,0.0,-0.5,-0.021047450743272078,-1.0050871891172612e-20,0.00021952869622445111,-0.010639787767162125
1770280227.77708,1.2023319173938034,0.0,0.02684183714210987,1.2402560833096503,0.0,0.11093349673986434,0.0,-0.5,-0.021047450743272078,-7.808802038976895e-21,0.00029947770254290886,-0.01068145912353934
1770280228.1842468,1.2023319173938034,0.0,0.02684183714210987,1.2402560833096503,0.0,0.11093349673986434,0.0,-0.5,-0.021047450743272078,-6.065296341845942e-21,0.00030433461930057384,-0.010676378372962092
1770280228.5900784,1.2023319173938034,0.0,0.02684183714210987,1.2402560833096503,0.0,0.11093349673986434,0.0,-0.5,-0.021047450743272078,-4.711264301151233e-21,9.669145977571593e-05,-0.010592835417476383
1770280228.9978375,1.2023319173938034,0.0,0.02684183714210987,1.2402560833096503,0.0,0.11093349673986434,0.0,-0.5,-0.021047450743272078,-3.363586476879799e-21,-3.166901070659763e-05,-0.010520726913330973
1770280229.4054966,1.2023319173938034,0.0,0.02684183714210987,1.2402560833096503,0.0,0.11093349673986434,0.0,-0.5,-0.021047450743272078,-2.611707185834072e-21,0.0002683195553876606,-0.010687884005939294
1770280229.8123267,1.2023319173938034,0.0,0.02684183714210987,1.2402560833096503,0.0,0.11093349673986434,0.0,-0.5,-0.021047450743272078,-2.0273551401056993e-21,0.00015845154457136136,-0.010613937945003349
1770280230.2193918,1.2023319173938034,0.0,0.02684183714210987,1.2402560833096503,0.0,0.11093349673986434,0.0,-0.5,-0.021047450743272078,-1.5752173888482467e-21,0.00019704414904283976,-0.010626106706604608
1770280230.624925,1.2023319173938034,0.0,0.02684183714210987,1.2402560833096503,0.0,0.11093349673986434,0.0,-0.5,-0.021047450743272078,-1.2236920042764324e-21,2.8861783985316235e-05,-0.01055497450013445
1770280231.033438,1.2023319173938034,0.0,0.02684183714210987,1.2402560833096503,0.0,0.11093349673986434,0.0,-0.5,-0.021047450743272078,-1.0524576413027065e-21,0.00013934154396734818,-0.010604444119617916
1770280231.4393158,1.2023319173938034,0.0,0.02684183714210987,1.2402560833096503,0.0,0.11093349673986434,0.0,-0.5,-0.021047450743272078,-8.176881794350663e-22,0.00014172019172409503,-0.010594823332273762
1770280231.8454359,1.2023319173938034,0.0,0.02684183714210987,1.2402560833096503,0.0,0.11093349673986434,0.0,-0.5,-0.021047450743272078,-6.352124918677194e-22,0.00024073237672574255,-0.010653992778499075
1770280232.2516677,1.2023319173938034,0.0,0.02684183714210987,1.2402560833096503,0.0,0.11093349673986434,0.0,-0.5,-0.021047450743272078,-4.932569340832946e-22,0.0002683636556826438,-0.010660670327373051
1770280232.6596208,1.2023319173938034,0.0,0.02684183714210987,1.2402560833096503,0.0,0.11093349673986434,0.0,-0.5,-0.021047450743272078,-3.829670473550644e-22,0.0005638121824857336,-0.010835176315559216
1770280233.0663545,1.2023319173938034,0.0,0.02684183714210987,1.2402560833096503,0.0,0.11093349673986434,0.0,-0.5,-0.021047450743272078,-2.74310959113764e-22,0.0005299351445291824,-0.010792080647696286
1770280233.4734914,1.2023319173938034,0.0,0.02684183714210987,1.2402560833096503,0.0,0.11093349673986434,0.0,-0.5,-0.021047450743272078,-2.1302979501591267e-22,0.0004690846488888036,-0.01076435274564448
1770280233.8803813,1.2023319173938034,0.0,0.02684183714210987,1.2402560833096503,0.0,0.11093349673986434,0.0,-0.5,-0.021047450743272078,-1.6539924878340456e-22,0.00030916394000196824,-0.010694299412525707
1770280234.286312,1.2023319173938034,0.0,0.02684183714210987,1.2402560833096503,0.0,0.11093349673986434,0.0,-0.5,-0.021047450743272078,-1.284475378229899e-22,0.00039879272926597814,-0.01073208461519543
1770280234.6911757,1.2023319173938034,0.0,0.02684183714210987,1.2402560833096503,0.0,0.11093349673986434,0.0,-0.5,-0.021047450743272078,-9.97342383214837e-23,0.0002186817477102899,-0.010651077343646754
1770280235.0981686,1.2023319173938034,0.0,0.02684183714210987,1.2402560833096503,0.0,0.11093349673986434,0.0,-0.5,-0.021047450743272078,-7.123094290742564e-23,0.00019839316170072567,-0.01062495081108736
1770280235.5061576,1.2023319173938034,0.0,0.02684183714210987,1.2402560833096503,0.0,0.11093349673986434,0.0,-0.5,-0.021047450743272078,-5.531885688125416e-23,0.00019115468166033817,-0.010620026560470248
1770280235.9136074,1.2023319173938034,0.0,0.02684183714210987,1.2402560833096503,0.0,0.11093349673986434,0.0,-0.5,-0.021047450743272078,-4.2962011725057234e-23,7.012669422162284e-05,-0.010570891517490721
1770280236.3200154,1.2023319173938034,0.0,0.02684183714210987,1.2402560833096503,0.0,0.11093349673986434,0.0,-0.5,-0.021047450743272078,-3.336077644276348e-23,0.0003142039694465576,-0.010705235083881812
1770280236.724724,1.2023319173938034,0.0,0.02684183714210987,1.2402560833096503,0.0,0.11093349673986434,0.0,-0.5,-0.021047450743272078,-2.590343866021728e-23,0.00013172307736835119,-0.010607834999528035
1770280237.132549,1.2023319173938034,0.0,0.02684183714210987,1.2402560833096503,0.0,0.11093349673986434,0.0,-0.5,-0.021047450743272078,-2.2250916213891276e-23,9.412742183547614e-05,-0.010574548648107064
1770280237.540163,1.2023319173938034,0.0,0.02684183714210987,1.2402560833096503,0.0,0.11093349673986434,0.0,-0.5,-0.021047450743272078,-1.727871146521002e-23,0.0001463733364429883,-0.010602136631318286
1770280237.9476492,1.2023319173938034,0.0,0.02684183714210987,1.2402560833096503,0.0,0.11093349673986434,0.0,-0.5,-0.021047450743272078,-1.3416008626718276e-23,0.00040195133262723934,-0.010750258837568083
1770280238.3537493,1.2023319173938034,0.0,0.02684183714210987,1.2402560833096503,0.0,0.11093349673986434,0.0,-0.5,-0.021047450743272078,-1.041683205111446e-23,0.0002744793743617645,-0.01067371225464347
1770280238.760922,1.2023319173938034,0.0,0.02684183714210987,1.2402560833096503,0.0,0.11093349673986434,0.0,-0.5,-0.021047450743272078,-8.087808736751032e-24,0.00027038767331915865,-0.010659328378399878
1770280239.168639,1.2023319173938034,0.0,0.02684183714210987,1.2402560833096503,0.0,0.11093349673986434,0.0,-0.5,-0.021047450743272078,-5.7958799226760306e-24,0.00010770899992067143,-0.010593847738936223
1770280239.5749776,1.2023319173938034,0.0,0.02684183714210987,1.2402560833096503,0.0,0.11093349673986434,0.0,-0.5,-0.021047450743272078,-4.501045848822478e-24,0.00019248172468094233,-0.010628443506452537
1770280239.98111,1.2023319173938034,0.0,0.02684183714210987,1.2402560833096503,0.0,0.11093349673986434,0.0,-0.5,-0.021047450743272078,-3.495211525249201e-24,0.00013022453573071125,-0.010595063358396418
1770280240.3854306,1.2023319173938034,0.0,0.02684183714210987,1.2402560833096503,0.0,0.11093349673986434,0.0,-0.5,-0.021047450743272078,-2.7141321819397968e-24,5.347795718155146e-05,-0.01055813900808173
1770280240.7904322,1.2023319173938034,0.0,0.02684183714210987,1.2402560833096503,0.0,0.11093349673986434,0.0,-0.5,-0.021047450743272078,-2.1076220620514957e-24,-3.268499843991725e-05,-0.010515999167978228
1770280241.1974869,1.2023319173938034,0.0,0.02684183714210987,1.2402560833096503,0.0,0.11093349673986434,0.0,-0.5,-0.021047450743272078,-1.5056111826845152e-24,1.1293697757348098e-05,-0.01053377009013444
1770280241.605596,1.2023319173938034,0.0,0.02684183714210987,1.2402560833096503,0.0,0.11093349673986434,0.0,-0.5,-0.021047450743272078,-1.1690567737765622e-24,0.0001465485781603769,-0.01061052514875653
1770280242.015146,1.2023319173938034,0.0,0.02684183714210987,1.2402560833096503,0.0,0.11093349673986434,0.0,-0.5,-0.021047450743272078,-8.684190823018187e-25,5.182391926226369e-06,-0.010540453186222567
1770280242.421194,1.2023319173938034,0.0,0.02684183714210987,1.2402560833096503,0.0,0.11093349673986434,0.0,-0.5,-0.021047450743272078,-6.740431218497857e-25,0.00013649901078677354,-0.01060510653891548
1770280242.830279,1.2023319173938034,0.0,0.02684183714210987,1.2402560833096503,0.0,0.11093349673986434,0.0,-0.5,-0.021047450743272078,-6.048223627568071e-25,0.0001823103532025352,-0.010619461682478883
1770280243.237254,1.2023319173938034,0.0,0.02684183714210987,1.2402560833096503,0.0,0.11093349673986434,0.0,-0.5,-0.021047450743272078,-4.696418252504287e-25,0.000542847778645349,-0.010831203003502994
1770280243.644928,1.2023319173938034,0.0,0.02684183714210987,1.2402560833096503,0.0,0.11093349673986434,0.0,-0.5,-0.021047450743272078,-3.64649517994704e-25,0.00031184690284666224,-0.01070274891063924
1770280244.053496,1.2023319173938034,0.0,0.02684183714210987,1.2402560833096503,0.0,0.11093349673986434,0.0,-0.5,-0.021047450743272078,-2.8313929511609607e-25,0.000323234031278475,-0.010686481100118458
1770280244.460218,1.2023319173938034,0.0,0.02684183714210987,1.2402560833096503,0.0,0.11093349673986434,0.0,-0.5,-0.021047450743272078,-2.198498413876901e-25,0.0002659894305747462,-0.010662444546993785
1770280244.8676713,1.2023319173938034,0.0,0.02684183714210987,1.2402560833096503,0.0,0.11093349673986434,0.0,-0.5,-0.021047450743272078,-1.5760874690185169e-25,0.00014678191607130496,-0.010609037081122036
1770280245.2746477,1.2023319173938034,0.0,0.02684183714210987,1.2402560833096503,0.0,0.11093349673986434,0.0,-0.5,-0.021047450743272078,-1.2236760951219057e-25,-2.1125865031835887e-05,-0.010529953217230437
1770280245.6810184,1.2023319173938034,0.0,0.02684183714210987,1.2402560833096503,0.0,0.11093349673986434,0.0,-0.5,-0.021047450743272078,-9.50054098358216e-26,0.00022054193793222176,-0.010658163120898557
1770280246.0880566,1.2023319173938034,0.0,0.02684183714210987,1.2402560833096503,0.0,0.11093349673986434,0.0,-0.5,-0.021047450743272078,-7.377522550115303e-26,0.0003666909223757424,-0.010721685731268261
1770280246.4944963,1.2023319173938034,0.0,0.02684183714210987,1.2402560833096503,0.0,0.11093349673986434,0.0,-0.5,-0.021047450743272078,-5.728592872055758e-26,0.00013021683381245463,-0.010612481197398596
1770280246.9010825,1.2023319173938034,0.0,0.02684183714210987,1.2402560833096503,0.0,0.11093349673986434,0.0,-0.5,-0.021047450743272078,-3.8962757320287513e-26,-0.0001624226314820464,-0.010471778002424466
1770280247.308219,1.2023319173938034,0.0,0.02684183714210987,1.2402560833096503,0.0,0.11093349673986434,0.0,-0.5,-0.021047450743272078,-3.024089145263832e-26,0.0003630987950993443,-0.01075782691184385
1770280247.7160835,1.2023319173938034,0.0,0.02684183714210987,1.2402560833096503,0.0,0.11093349673986434,0.0,-0.5,-0.021047450743272078,-2.3471034617171427e-26,0.0004436379573242268,-0.01075359826652064
1770280248.1207511,1.2023319173938034,0.0,0.02684183714210987,1.2402560833096503,0.0,0.11093349673986434,0.0,-0.5,-0.021047450743272078,-1.8218660842586184e-26,0.0002654282639529933,-0.010674260472949658
1770280248.5293427,1.2023319173938034,0.0,0.02684183714210987,1.2402560833096503,0.0,0.11093349673986434,0.0,-0.5,-0.021047450743272078,-1.6440803462389546e-26,0.00019506149712362564,-0.01062829279688079
1770280248.9377255,1.2023319173938034,0.0,0.02684183714210987,1.2402560833096503,0.0,0.11093349673986434,0.0,-0.5,-0.021047450743272078,-1.2765067884754457e-26,0.00017954548562175676,-0.010615049715597106
1770280249.3455942,1.2023319173938034,0.0,0.02684183714210987,1.2402560833096503,0.0,0.11093349673986434,0.0,-0.5,-0.021047450743272078,-9.913333015230257e-27,0.0001556102039693072,-0.010603924001785938
1770280249.752007,1.2023319173938034,0.0,0.02684183714210987,1.2402560833096503,0.0,0.11093349673986434,0.0,-0.5,-0.021047450743272078,-7.697336118870244e-27,0.00016651144139683655,-0.01060807121607721
1770280250.1612232,1.2023319173938034,0.0,0.02684183714210987,1.2402560833096503,0.0,0.11093349673986434,0.0,-0.5,-0.021047450743272078,-5.9770416327994154e-27,-4.114373842661255e-05,-0.010523919020405078
1770280250.5673962,1.2023319173938034,0.0,0.02684183714210987,1.2402560833096503,0.0,0.11093349673986434,0.0,-0.5,-0.021047450743272078,-4.284196025922658e-27,-0.00023595142317515478,-0.010425230428523315
1770280250.9722817,1.2023319173938034,0.0,0.02684183714210987,1.2402560833096503,0.0,0.11093349673986434,0.0,-0.5,-0.021047450743272078,-3.328801453498324e-27,-0.00018774786844914462,-0.010434671792884069
1770280251.377664,1.2023319173938034,0.0,0.02684183714210987,1.2402560833096503,0.0,0.11093349673986434,0.0,-0.5,-0.021047450743272078,-2.5846307965010276e-27,6.6731839679273e-05,-0.010582539262288517
1770280251.7835646,1.2023319173938034,0.0,0.02684183714210987,1.2402560833096503,0.0,0.11093349673986434,0.0,-0.5,-0.021047450743272078,-2.006868443163397e-27,5.6254330061752256e-05,-0.010552900287628666
1770280252.1916106,1.2023319173938034,0.0,0.02684183714210987,1.2402560833096503,0.0,0.11093349673986434,0.0,-0.5,-0.021047450743272078,-1.5590010289721196e-27,4.683083343858847e-05,-0.010548083138017651
1770280252.5979266,1.2023319173938034,0.0,0.02684183714210987,1.2402560833096503,0.0,0.11093349673986434,0.0,-0.5,-0.021047450743272078,-1.053110123182428e-27,0.00021423725832065254,-0.010647584643284571
1770280253.0039845,1.2023319173938034,0.0,0.02684183714210987,1.2402560833096503,0.0,0.11093349673986434,0.0,-0.5,-0.021047450743272078,-8.176456265360552e-28,0.000169624803959988,-0.0106129990190521
1770280253.4114304,1.2023319173938034,0.0,0.02684183714210987,1.2402560833096503,0.0,0.11093349673986434,0.0,-0.5,-0.021047450743272078,-6.345973800135202e-28,0.0004936375459251033,-0.010802945418795102
1770280253.8173513,1.2023319173938034,0.0,0.02684183714210987,1.2402560833096503,0.0,0.11093349673986434,0.0,-0.5,-0.021047450743272078,-4.925223882471451e-28,0.0003138241542999155,-0.010698618787948515
1770280254.2246878,1.2023319173938034,0.0,0.02684183714210987,1.2402560833096503,0.0,0.11093349673986434,0.0,-0.5,-0.021047450743272078,-3.8226963997557943e-28,0.00012165144478044974,-0.01060376836497821
1770280254.6324055,1.2023319173938034,0.0,0.02684183714210987,1.2402560833096503,0.0,0.11093349673986434,0.0,-0.5,-0.021047450743272078,-3.4752043961019103e-28,-1.1855670203676628e-05,-0.010531148248032614
1770280255.038062,1.2023319173938034,0.0,0.02684183714210987,1.2402560833096503,0.0,0.11093349673986434,0.0,-0.5,-0.021047450743272078,-2.698820258508219e-28,8.488662492367678e-05,-0.010575842913610613
1770280255.4447486,1.2023319173938034,0.0,0.02684183714210987,1.2402560833096503,0.0,0.11093349673986434,0.0,-0.5,-0.021047450743272078,-2.095643355889617e-28,0.00013149959239204645,-0.010594136464578898
1770280255.851421,1.2023319173938034,0.0,0.02684183714210987,1.2402560833096503,0.0,0.11093349673986434,0.0,-0.5,-0.021047450743272078,-1.6286498593067556e-28,6.148900786940213e-05,-0.010561470934023005
1770280256.259926,1.2023319173938034,0.0,0.02684183714210987,1.2402560833096503,0.0,0.11093349673986434,0.0,-0.5,-0.021047450743272078,-1.2780436380189893e-28,0.0001531910847920182,-0.01060949112172431
1770280256.6688526,1.2023319173938034,0.0,0.02684183714210987,1.2402560833096503,0.0,0.11093349673986434,0.0,-0.5,-0.021047450743272078,-8.789990937081866e-29,0.00027784695676780365,-0.010675114437217519
1770280257.0757992,1.2023319173938034,0.0,0.02684183714210987,1.2402560833096503,0.0,0.11093349673986434,0.0,-0.5,-0.021047450743272078,-6.852696109836004e-29,0.00017599069560554574,-0.010621906345555038
1770280257.4824853,1.2023319173938034,0.0,0.02684183714210987,1.2402560833096503,0.0,0.11093349673986434,0.0,-0.5,-0.021047450743272078,-5.316296029481976e-29,0.0003574067453806444,-0.010720570349303871
1770280257.8871496,1.2023319173938034,0.0,0.02684183714210987,1.2402560833096503,0.0,0.11093349673986434,0.0,-0.5,-0.021047450743272078,-4.123712997540288e-29,4.269728956147045e-05,-0.010576544961998691
1770280258.2922995,1.2023319173938034,0.0,0.02684183714210987,1.2402560833096503,0.0,0.11093349673986434,0.0,-0.5,-0.021047450743272078,-3.198594577345843e-29,0.00014111883369002332,-0.010604126942893905
1770280258.70155,1.2023319173938034,0.0,0.02684183714210987,1.2402560833096503,0.0,0.11093349673986434,0.0,-0.5,-0.021047450743272078,-2.2808239785282454e-29,0.00038995797721704716,-0.010743588274597265
1770280259.1089523,1.2023319173938034,0.0,0.02684183714210987,1.2402560833096503,0.0,0.11093349673986434,0.0,-0.5,-0.021047450743272078,-1.7691459947904888e-29,0.0005348581074906463,-0.010805644438408722
1770280259.5161462,1.2023319173938034,0.0,0.02684183714210987,1.2402560833096503,0.0,0.11093349673986434,0.0,-0.5,-0.021047450743272078,-1.3721555244463168e-29,0.00012650850441229812,-0.010627814584150023
1770280259.9229662,1.2023319173938034,0.0,0.02684183714210987,1.2402560833096503,0.0,0.11093349673986434,0.0,-0.5,-0.021047450743272078,-1.06434063404326e-29,0.00017419679143321055,-0.010615592596054737
1770280260.3317437,1.2023319173938034,0.0,0.02684183714210987,1.2402560833096503,0.0,0.11093349673986434,0.0,-0.5,-0.021047450743272078,-9.635036577230654e-30,0.0002357721272117839,-0.010647768968819788
1770280260.7386553,1.2023319173938034,0.0,0.02684183714210987,1.2402560833096503,0.0,0.11093349673986434,0.0,-0.5,-0.021047450743272078,-7.475457655341403e-30,0.00011794195626206037,-0.010594479366862041
1770280261.145894,1.2023319173938034,0.0,0.02684183714210987,1.2402560833096503,0.0,0.11093349673986434,0.0,-0.5,-0.021047450743272078,-5.798559262837664e-30,6.75644811578034e-05,-0.010562545359725367
1770280261.552443,1.2023319173938034,0.0,0.02684183714210987,1.2402560833096503,0.0,0.11093349673986434,0.0,-0.5,-0.021047450743272078,-4.497591602734372e-30,-6.593232010672551e-05,-0.010504108891709128
1770280261.9594922,1.2023319173938034,0.0,0.02684183714210987,1.2402560833096503,0.0,0.11093349673986434,0.0,-0.5,-0.021047450743272078,-3.484863978707743e-30,-7.722259187195882e-05,-0.010486243102876583
1770280262.367431,1.2023319173938034,0.0,0.02684183714210987,1.2402560833096503,0.0,0.11093349673986434,0.0,-0.5,-0.021047450743272078,-2.3672729608662067e-30,9.06014258416133e-05,-0.010585808486328204
1770280262.7750695,1.2023319173938034,0.0,0.02684183714210987,1.2402560833096503,0.0,0.11093349673986434,0.0,-0.5,-0.021047450743272078,-1.8363354731090634e-30,0.00031037854345020393,-0.010700892355122001
1770280263.1819785,1.2023319173938034,0.0,0.02684183714210987,1.2402560833096503,0.0,0.11093349673986434,0.0,-0.5,-0.021047450743272078,-1.4243428624702643e-30,5.267506739356338e-05,-0.010575833252938486
1770280263.5884645,1.2023319173938034,0.0,0.02684183714210987,1.2402560833096503,0.0,0.11093349673986434,0.0,-0.5,-0.021047450743272078,-1.1048164768352947e-30,0.000522731199535872,-0.010832096584618206
1770280263.9974854,1.2023319173938034,0.0,0.02684183714210987,1.2402560833096503,0.0,0.11093349673986434,0.0,-0.5,-0.021047450743272078,-7.8733399475644495e-31,0.000566288531570142,-0.010811225370624539
1770280264.4050536,1.2023319173938034,0.0,0.02684183714210987,1.2402560833096503,0.0,0.11093349673986434,0.0,-0.5,-0.021047450743272078,-6.104781089930496e-31,0.0004912470885207339,-0.010776853060201347
1770280264.812323,1.2023319173938034,0.0,0.02684183714210987,1.2402560833096503,0.0,0.11093349673986434,0.0,-0.5,-0.021047450743272078,-4.733446230957122e-31,0.0002983084888207152,-0.010692173476016397
1770280265.2190595,1.2023319173938034,0.0,0.02684183714210987,1.2402560833096503,0.0,0.11093349673986434,0.0,-0.5,-0.021047450743272078,-3.6714146782439225e-31,0.0001122122779083971,-0.01059844113168147
1770280265.6258736,1.2023319173938034,0.0,0.02684183714210987,1.2402560833096503,0.0,0.11093349673986434,0.0,-0.5,-0.021047450743272078,-2.8481483843433816e-31,0.000232104766320487,-0.01065176700363749
1770280266.0336235,1.2023319173938034,0.0,0.02684183714210987,1.2402560833096503,0.0,0.11093349673986434,0.0,-0.5,-0.021047450743272078,-2.5816756942970353e-31,0.00011972859416292179,-0.010594827285933257
1770280266.4403367,1.2023319173938034,0.0,0.02684183714210987,1.2402560833096503,0.0,0.11093349673986434,0.0,-0.5,-0.021047450743272078,-2.002768458178495e-31,0.00017499243266649872,-0.010616747971819647
1770280266.8464851,1.2023319173938034,0.0,0.02684183714210987,1.2402560833096503,0.0,0.11093349673986434,0.0,-0.5,-0.021047450743272078,-1.5532999151050438e-31,0.00016024731216010785,-0.010605323539766733
1770280267.2535634,1.2023319173938034,0.0,0.02684183714210987,1.2402560833096503,0.0,0.11093349673986434,0.0,-0.5,-0.021047450743272078,-1.2049713039554208e-31,8.795773037372748e-06,-0.010543268412066998
1770280267.662659,1.2023319173938034,0.0,0.02684183714210987,1.2402560833096503,0.0,0.11093349673986434,0.0,-0.5,-0.021047450743272078,-8.166264935576393e-32,-1.719497529152984e-05,-0.010517726958823165
1770280268.0696192,1.2023319173938034,0.0,0.02684183714210987,1.2402560833096503,0.0,0.11093349673986434,0.0,-0.5,-0.021047450743272078,-6.333457121746102e-32,0.00030047777444727297,-0.010705731533833557
1770280268.4772067,1.2023319173938034,0.0,0.02684183714210987,1.2402560833096503,0.0,0.11093349673986434,0.0,-0.5,-0.021047450743272078,-4.912183402913523e-32,-9.124784133170855e-05,-0.010517274012548082
1770280268.8821185,1.2023319173938034,0.0,0.02684183714210987,1.2402560833096503,0.0,0.11093349673986434,0.0,-0.5,-0.021047450743272078,-3.806562840469142e-32,0.00011192623941242317,-0.010600005899416664
1770280269.2911236,1.2023319173938034,0.0,0.02684183714210987,1.2402560833096503,0.0,0.11093349673986434,0.0,-0.5,-0.021047450743272078,-2.9546530172061183e-32,0.00022994897199098184,-0.010650502130889385
1770280269.6996276,1.2023319173938034,0.0,0.02684183714210987,1.2402560833096503,0.0,0.11093349673986434,0.0,-0.5,-0.021047450743272078,-2.1041396371729237e-32,0.0002269415571975553,-0.01063749689171416
1770280270.1061358,1.2023319173938034,0.0,0.02684183714210987,1.2402560833096503,0.0,0.11093349673986434,0.0,-0.5,-0.021047450743272078,-1.6317514168601126e-32,0.0001397724341040417,-0.010602328500997411
1770280270.512723,1.2023319173938034,0.0,0.02684183714210987,1.2402560833096503,0.0,0.11093349673986434,0.0,-0.5,-0.021047450743272078,-1.2655253528652249e-32,3.089000384105528e-05,-0.010550058616582866
1770280270.9196818,1.2023319173938034,0.0,0.02684183714210987,1.2402560833096503,0.0,0.11093349673986434,0.0,-0.5,-0.021047450743272078,-9.815833774764728e-33,8.616619819642238e-05,-0.010572336090169788
1770280271.325407,1.2023319173938034,0.0,0.02684183714210987,1.2402560833096503,0.0,0.11093349673986434,0.0,-0.5,-0.021047450743272078,-7.612108516003821e-33,0.0001985186633126231,-0.01063421994980397
1770280271.7327342,1.2023319173938034,0.0,0.02684183714210987,1.2402560833096503,0.0,0.11093349673986434,0.0,-0.5,-0.021047450743272078,-6.549901907445096e-33,7.948738991464093e-05,-0.010575372193933159
1770280272.1377296,1.2023319173938034,0.0,0.02684183714210987,1.2402560833096503,0.0,0.11093349673986434,0.0,-0.5,-0.021047450743272078,-5.103988734437401e-33,3.6114845139037055e-05,-0.010546120048683117
1770280272.545114,1.2023319173938034,0.0,0.02684183714210987,1.2402560833096503,0.0,0.11093349673986434,0.0,-0.5,-0.021047450743272078,-3.9864570459531834e-33,-2.118425338970364e-05,-0.010518863154794063
1770280272.952213,1.2023319173938034,0.0,0.02684183714210987,1.2402560833096503,0.0,0.11093349673986434,0.0,-0.5,-0.021047450743272078,-3.111295209775333e-33,0.00025195228532846144,-0.010677015168172087
1770280273.3583088,1.2023319173938034,0.0,0.02684183714210987,1.2402560833096503,0.0,0.11093349673986434,0.0,-0.5,-0.021047450743272078,-2.4161168829166733e-33,0.0002682709928396561,-0.010659492738806986
1770280273.7667794,1.2023319173938034,0.0,0.02684183714210987,1.2402560833096503,0.0,0.11093349673986434,0.0,-0.5,-0.021047450743272078,-1.7296314584986078e-33,0.00030427307529053653,-0.010679462117526394
1770280274.1736648,1.2023319173938034,0.0,0.02684183714210987,1.2402560833096503,0.0,0.11093349673986434,0.0,-0.5,-0.021047450743272078,-1.3437324889500796e-33,0.00040558863457694423,-0.010736651244853151
1770280274.580036,1.2023319173938034,0.0,0.02684183714210987,1.2402560833096503,0.0,0.11093349673986434,0.0,-0.5,-0.021047450743272078,-1.0434407443979304e-33,0.00021152030967333443,-0.010648892358963068
1770280274.9863079,1.2023319173938034,0.0,0.02684183714210987,1.2402560833096503,0.0,0.11093349673986434,0.0,-0.5,-0.021047450743272078,-8.102861766069528e-34,0.0004046791133295492,-0.010745380808666435
1770280275.3916347,1.2023319173938034,0.0,0.02684183714210987,1.2402560833096503,0.0,0.11093349673986434,0.0,-0.5,-0.021047450743272078,-6.291884768054309e-34,0.0002808543289184246,-0.010676535014536364
1770280275.7976892,1.2023319173938034,0.0,0.02684183714210987,1.2402560833096503,0.0,0.11093349673986434,0.0,-0.5,-0.021047450743272078,-4.492361451573757e-34,8.275661624891365e-05,-0.010584913451027446
1770280276.205771,1.2023319173938034,0.0,0.02684183714210987,1.2402560833096503,0.0,0.11093349673986434,0.0,-0.5,-0.021047450743272078,-3.4888787262800697e-34,0.00018333381272165987,-0.010625449997644145
1770280276.613872,1.2023319173938034,0.0,0.02684183714210987,1.2402560833096503,0.0,0.11093349673986434,0.0,-0.5,-0.021047450743272078,-2.7097822111112808e-34,0.00036155915178164575,-0.01072232748143286
1770280277.0202546,1.2023319173938034,0.0,0.02684183714210987,1.2402560833096503,0.0,0.11093349673986434,0.0,-0.5,-0.021047450743272078,-2.1041970150857968e-34,0.0001129291826421762,-0.010605052959871075
1770280277.4272928,1.2023319173938034,0.0,0.02684183714210987,1.2402560833096503,0.0,0.11093349673986434,0.0,-0.5,-0.021047450743272078,-1.6341423890584798e-34,-1.9486090937298716e-05,-0.010527223853525338
1770280277.834411,1.2023319173938034,0.0,0.02684183714210987,1.2402560833096503,0.0,0.11093349673986434,0.0,-0.5,-0.021047450743272078,-1.4043246880456482e-34,4.658949873814746e-05,-0.010553627679972657
1770280278.240418,1.2023319173938034,0.0,0.02684183714210987,1.2402560833096503,0.0,0.11093349673986434,0.0,-0.5,-0.021047450743272078,-1.0904929826549483e-34,9.852498277001948e-06,-0.010532325320820653
1770280278.6480937,1.2023319173938034,0.0,0.02684183714210987,1.2402560833096503,0.0,0.11093349673986434,0.0,-0.5,-0.021047450743272078,-8.468247284324802e-35,6.800822185166e-05,-0.010563545054919335
1770280279.0560575,1.2023319173938034,0.0,0.02684183714210987,1.2402560833096503,0.0,0.11093349673986434,0.0,-0.5,-0.021047450743272078,-6.577328873479098e-35,0.00016492413267287984,-0.0106158790290546
1770280279.461868,1.2023319173938034,0.0,0.02684183714210987,1.2402560833096503,0.0,0.11093349673986434,0.0,-0.5,-0.021047450743272078,-4.7128690756444524e-35,-2.729106461932673e-05,-0.010529301359055597
1770280279.867132,1.2023319173938034,0.0,0.02684183714210987,1.2402560833096503,0.0,0.11093349673986434,0.0,-0.5,-0.021047450743272078,-3.6601571962945324e-35,0.00022056635128651165,-0.010658794288869879
1770280280.2744093,1.2023319173938034,0.0,0.02684183714210987,1.2402560833096503,0.0,0.11093349673986434,0.0,-0.5,-0.021047450743272078,-2.842111058991689e-35,0.00034370893699073036,-0.010707894098701825
1770280280.6823335,1.2023319173938034,0.0,0.02684183714210987,1.2402560833096503,0.0,0.11093349673986434,0.0,-0.5,-0.021047450743272078,-2.2071087844217247e-35,0.00014447495260911077,-0.010615886246378757
1770280281.0897443,1.2023319173938034,0.0,0.02684183714210987,1.2402560833096503,0.0,0.11093349673986434,0.0,-0.5,-0.021047450743272078,-1.7137619956038205e-35,0.0003477961559446384,-0.010717955569941913
1770280281.4974003,1.2023319173938034,0.0,0.02684183714210987,1.2402560833096503,0.0,0.11093349673986434,0.0,-0.5,-0.021047450743272078,-1.2240706080704758e-35,0.00022794838646465222,-0.010649684341816363
1770280281.9062707,1.2023319173938034,0.0,0.02684183714210987,1.2402560833096503,0.0,0.11093349673986434,0.0,-0.5,-0.021047450743272078,-9.506863742887182e-36,2.0799089399865252e-05,-0.01055483984604245
1770280282.3129046,1.2023319173938034,0.0,0.02684183714210987,1.2402560833096503,0.0,0.11093349673986434,0.0,-0.5,-0.021047450743272078,-7.382503172420965e-36,-4.2323744064712995e-05,-0.01050887578295014
1770280282.7192214,1.2023319173938034,0.0,0.02684183714210987,1.2402560833096503,0.0,0.11093349673986434,0.0,-0.5,-0.021047450743272078,-5.733189567461118e-36,-4.059863977232947e-06,-0.01052552182765617
1770280283.125575,1.2023319173938034,0.0,0.02684183714210987,1.2402560833096503,0.0,0.11093349673986434,0.0,-0.5,-0.021047450743272078,-4.451830015645266e-36,0.00017327835891233336,-0.010628098373381162
1770280283.5356278,1.2023319173938034,0.0,0.02684183714210987,1.2402560833096503,0.0,0.11093349673986434,0.0,-0.5,-0.021047450743272078,-3.822896447816971e-36,-4.6884656327116956e-05,-0.010522299344996424
1770280283.9419355,1.2023319173938034,0.0,0.02684183714210987,1.2402560833096503,0.0,0.11093349673986434,0.0,-0.5,-0.021047450743272078,-2.968682805362142e-36,5.202023213134742e-05,-0.01055962597654756
1770280284.349514,1.2023319173938034,0.0,0.02684183714210987,1.2402560833096503,0.0,0.11093349673986434,0.0,-0.5,-0.021047450743272078,-2.305530938671864e-36,5.6295421585915214e-05,-0.010552300601374454
1770280284.7564552,1.2023319173938034,0.0,0.02684183714210987,1.2402560833096503,0.0,0.11093349673986434,0.0,-0.5,-0.021047450743272078,-1.790811665272562e-36,0.0003286417118509949,-0.010715280856588044
1770280285.1638918,1.2023319173938034,0.0,0.02684183714210987,1.2402560833096503,0.0,0.11093349673986434,0.0,-0.5,-0.021047450743272078,-1.2831363546417808e-36,0.00035238950165433444,-0.01070229490144354
1770280285.5719948,1.2023319173938034,0.0,0.02684183714210987,1.2402560833096503,0.0,0.11093349673986434,0.0,-0.5,-0.021047450743272078,-9.962950122593773e-37,0.0004499983366068678,-0.010758485423434726
1770280285.978454,1.2023319173938034,0.0,0.02684183714210987,1.2402560833096503,0.0,0.11093349673986434,0.0,-0.5,-0.021047450743272078,-7.736129325920253e-37,0.0002463575573086177,-0.010667268228220173
1770280286.386723,1.2023319173938034,0.0,0.02684183714210987,1.2402560833096503,0.0,0.11093349673986434,0.0,-0.5,-0.021047450743272078,-6.008093281607297e-37,0.00020142375220961358,-0.010628930628250747
1770280286.7930925,1.2023319173938034,0.0,0.02684183714210987,1.2402560833096503,0.0,0.11093349673986434,0.0,-0.5,-0.021047450743272078,-4.666907007990877e-37,0.00020564343205243943,-0.010626969055646541
1770280287.199642,1.2023319173938034,0.0,0.02684183714210987,1.2402560833096503,0.0,0.11093349673986434,0.0,-0.5,-0.021047450743272078,-3.187605266958597e-37,-7.374550288997967e-05,-0.010514791513685291
1770280287.6070457,1.2023319173938034,0.0,0.02684183714210987,1.2402560833096503,0.0,0.11093349673986434,0.0,-0.5,-0.021047450743272078,-2.47437316807731e-37,6.545209136303656e-05,-0.010570371176742858
1770280288.013884,1.2023319173938034,0.0,0.02684183714210987,1.2402560833096503,0.0,0.11093349673986434,0.0,-0.5,-0.021047450743272078,-1.9203490756491497e-37,0.00024293711702980174,-0.010662942432717617
1770280288.4209132,1.2023319173938034,0.0,0.02684183714210987,1.2402560833096503,0.0,0.11093349673986434,0.0,-0.5,-0.021047450743272078,-1.4904754789339713e-37,0.00022187893134427734,-0.01063677065587673
1770280288.8270965,1.2023319173938034,0.0,0.02684183714210987,1.2402560833096503,0.0,0.11093349673986434,0.0,-0.5,-0.021047450743272078,-1.156983211792567e-37,-6.269845619430938e-05,-0.010520833882292744
1770280289.234167,1.2023319173938034,0.0,0.02684183714210987,1.2402560833096503,0.0,0.11093349673986434,0.0,-0.5,-0.021047450743272078,-1.0407607492036902e-37,6.289803525268831e-06,-0.010533769099370632
1770280289.6402326,1.2023319173938034,0.0,0.02684183714210987,1.2402560833096503,0.0,0.11093349673986434,0.0,-0.5,-0.021047450743272078,-8.082269788211019e-38,0.00028648171875357933,-0.01069498542253566
1770280290.0463858,1.2023319173938034,0.0,0.02684183714210987,1.2402560833096503,0.0,0.11093349673986434,0.0,-0.5,-0.021047450743272078,-6.276167417656907e-38,0.0002512928705878359,-0.010652890691746532
1770280290.4535258,1.2023319173938034,0.0,0.02684183714210987,1.2402560833096503,0.0,0.11093349673986434,0.0,-0.5,-0.021047450743272078,-4.872852989403518e-38,0.0002680999861615997,-0.010659456076274216
1770280290.8627656,1.2023319173938034,0.0,0.02684183714210987,1.2402560833096503,0.0,0.11093349673986434,0.0,-0.5,-0.021047450743272078,-3.4930915847273916e-38,0.0003324629472552967,-0.010696393141373058
1770280291.2696474,1.2023319173938034,0.0,0.02684183714210987,1.2402560833096503,0.0,0.11093349673986434,0.0,-0.5,-0.021047450743272078,-2.7126624067595393e-38,0.0003602294035222739,-0.010706616719023874
1770280291.6761842,1.2023319173938034,0.0,0.02684183714210987,1.2402560833096503,0.0,0.11093349673986434,0.0,-0.5,-0.021047450743272078,-2.1064255651133377e-38,0.0004566335796190766,-0.010761682579055257
1770280292.0832565,1.2023319173938034,0.0,0.02684183714210987,1.2402560833096503,0.0,0.11093349673986434,0.0,-0.5,-0.021047450743272078,-1.635958579837095e-38,0.0004898041752179433,-0.010771944518804899
1770280292.4890642,1.2023319173938034,0.0,0.02684183714210987,1.2402560833096503,0.0,0.11093349673986434,0.0,-0.5,-0.021047450743272078,-1.2705660040621424e-38,-0.00010702924808827146,-0.010529894089922526
1770280292.8982878,1.2023319173938034,0.0,0.02684183714210987,1.2402560833096503,0.0,0.11093349673986434,0.0,-0.5,-0.021047450743272078,-8.617217557311703e-39,-0.00016823428172718603,-0.010445728734136338
1770280293.3059347,1.2023319173938034,0.0,0.02684183714210987,1.2402560833096503,0.0,0.11093349673986434,0.0,-0.5,-0.021047450743272078,-6.688374601405649e-39,0.00016186464468602847,-0.010637667586620374
1770280293.7131577,1.2023319173938034,0.0,0.02684183714210987,1.2402560833096503,0.0,0.11093349673986434,0.0,-0.5,-0.021047450743272078,-5.191434450027009e-39,6.486670399311948e-05,-0.010565858517701891
1770280294.1202128,1.2023319173938034,0.0,0.02684183714210987,1.2402560833096503,0.0,0.11093349673986434,0.0,-0.5,-0.021047450743272078,-4.029343757923249e-39,-0.0001297311143225779,-0.01047831959630632
1770280294.5296772,1.2023319173938034,0.0,0.02684183714210987,1.2402560833096503,0.0,0.11093349673986434,0.0,-0.5,-0.021047450743272078,-3.6466152521113207e-39,-1.162750006872535e-05,-0.010529721983027061
1770280294.9359803,1.2023319173938034,0.0,0.02684183714210987,1.2402560833096503,0.0,0.11093349673986434,0.0,-0.5,-0.021047450743272078,-2.831737790907364e-39,-1.6745461276364805e-05,-0.01051586443711862
1770280295.3434882,1.2023319173938034,0.0,0.02684183714210987,1.2402560833096503,0.0,0.11093349673986434,0.0,-0.5,-0.021047450743272078,-2.1989180332843663e-39,0.00021255696819539785,-0.010652934098680913
1770280295.7496896,1.2023319173938034,0.0,0.02684183714210987,1.2402560833096503,0.0,0.11093349673986434,0.0,-0.5,-0.021047450743272078,-1.7077267923847703e-39,0.00024133274433400077,-0.0106472693214169
1770280296.1576223,1.2023319173938034,0.0,0.02684183714210987,1.2402560833096503,0.0,0.11093349673986434,0.0,-0.5,-0.021047450743272078,-1.3263496249827938e-39,0.00026688869071668584,-0.01065972531163265
1770280296.5651038,1.2023319173938034,0.0,0.02684183714210987,1.2402560833096503,0.0,0.11093349673986434,0.0,-0.5,-0.021047450743272078,-9.513661813757374e-40,1.0872429831936496e-05,-0.010554763212640482
1770280296.9731312,1.2023319173938034,0.0,0.02684183714210987,1.2402560833096503,0.0,0.11093349673986434,0.0,-0.5,-0.021047450743272078,-7.388681685069557e-40,0.00022736538969868152,-0.010659057362472055
1770280297.3801148,1.2023319173938034,0.0,0.02684183714210987,1.2402560833096503,0.0,0.11093349673986434,0.0,-0.5,-0.021047450743272078,-5.737175553385189e-40,0.0003372840332540005,-0.010703359252618571
1770280297.786988,1.2023319173938034,0.0,0.02684183714210987,1.2402560833096503,0.0,0.11093349673986434,0.0,-0.5,-0.021047450743272078,-4.207166829916682e-40,0.0002660132187638604,-0.010663859062466982
1770280298.1930985,1.2023319173938034,0.0,0.02684183714210987,1.2402560833096503,0.0,0.11093349673986434,0.0,-0.5,-0.021047450743272078,-3.2668911708513837e-40,0.00014547224907146983,-0.010608515593141013
1770280298.5991695,1.2023319173938034,0.0,0.02684183714210987,1.2402560833096503,0.0,0.11093349673986434,0.0,-0.5,-0.021047450743272078,-2.329321728170729e-40,0.00012114876705902884,-0.010586732103366797
1770280299.0058053,1.2023319173938034,0.0,0.02684183714210987,1.2402560833096503,0.0,0.11093349673986434,0.0,-0.5,-0.021047450743272078,-1.8078046099553485e-40,0.0002537778041979542,-0.010663877177448908
1770280299.4136558,1.2023319173938034,0.0,0.02684183714210987,1.2402560833096503,0.0,0.11093349673986434,0.0,-0.5,-0.021047450743272078,-1.4038903596489215e-40,0.00010990150854830346,-0.010593063755475156
1770280299.8201854,1.2023319173938034,0.0,0.02684183714210987,1.2402560833096503,0.0,0.11093349673986434,0.0,-0.5,-0.021047450743272078,-1.0900898902650274e-40,0.00015106423408864153,-0.010603373761234392
1770280300.2259634,1.2023319173938034,0.0,0.02684183714210987,1.2402560833096503,0.0,0.11093349673986434,0.0,-0.5,-0.021047450743272078,-8.461484039997194e-41,0.0002391956816073762,-0.0106521363571916
1770280300.633274,1.2023319173938034,0.0,0.02684183714210987,1.2402560833096503,0.0,0.11093349673986434,0.0,-0.5,-0.021047450743272078,-7.703548506219988e-41,0.0005016177327669087,-0.010800776443135447
1770280301.0397797,1.2023319173938034,0.0,0.02684183714210987,1.2402560833096503,0.0,0.11093349673986434,0.0,-0.5,-0.021047450743272078,-5.982278454283539e-41,0.00028192657498297914,-0.010686657774905921
1770280301.4480715,1.2023319173938034,0.0,0.02684183714210987,1.2402560833096503,0.0,0.11093349673986434,0.0,-0.5,-0.021047450743272078,-4.644899044949185e-41,0.0005144880613025841,-0.010804225550919292
1770280301.8542194,1.2023319173938034,0.0,0.02684183714210987,1.2402560833096503,0.0,0.11093349673986434,0.0,-0.5,-0.021047450743272078,-3.6066552701128186e-41,0.00020561842226066103,-0.010657421546670562
1770280302.2595875,1.2023319173938034,0.0,0.02684183714210987,1.2402560833096503,0.0,0.11093349673986434,0.0,-0.5,-0.021047450743272078,-2.7998906402996497e-41,0.0003729197971626214,-0.010726915407707545
1770280302.6657712,1.2023319173938034,0.0,0.02684183714210987,1.2402560833096503,0.0,0.11093349673986434,0.0,-0.5,-0.021047450743272078,-1.89719257748332e-41,0.00026765650809937585,-0.010668079954592052
1770280303.0731113,1.2023319173938034,0.0,0.02684183714210987,1.2402560833096503,0.0,0.11093349673986434,0.0,-0.5,-0.021047450743272078,-1.4732152780249845e-41,-2.8544607680796508e-05,-0.010539073179373658
1770280303.4791846,1.2023319173938034,0.0,0.02684183714210987,1.2402560833096503,0.0,0.11093349673986434,0.0,-0.5,-0.021047450743272078,-1.1442020753434535e-41,7.66198026251549e-05,-0.01057255171397921
1770280303.8840144,1.2023319173938034,0.0,0.02684183714210987,1.2402560833096503,0.0,0.11093349673986434,0.0,-0.5,-0.021047450743272078,-8.886451297279231e-42,0.000203153206649903,-0.010637955315363466
1770280304.2891095,1.2023319173938034,0.0,0.02684183714210987,1.2402560833096503,0.0,0.11093349673986434,0.0,-0.5,-0.021047450743272078,-6.90127879974769e-42,-2.6895363842215002e-05,-0.010533282546764142
1770280304.6969442,1.2023319173938034,0.0,0.02684183714210987,1.2402560833096503,0.0,0.11093349673986434,0.0,-0.5,-0.021047450743272078,-4.921446576090692e-42,6.406091083728062e-05,-0.01056485145452263
1770280305.1038418,1.2023319173938034,0.0,0.02684183714210987,1.2402560833096503,0.0,0.11093349673986434,0.0,-0.5,-0.021047450743272078,-3.82198121420336e-42,0.00021743288673437835,-0.010647779012592937
1770280305.5099704,1.2023319173938034,0.0,0.02684183714210987,1.2402560833096503,0.0,0.11093349673986434,0.0,-0.5,-0.021047450743272078,-2.9682502249130475e-42,8.90025343057469e-05,-0.010581069674031775
1770280305.9171445,1.2023319173938034,0.0,0.02684183714210987,1.2402560833096503,0.0,0.11093349673986434,0.0,-0.5,-0.021047450743272078,-2.305111045771401e-42,0.00011929252462386358,-0.010586400632979782
1770280306.321936,1.2023319173938034,0.0,0.02684183714210987,1.2402560833096503,0.0,0.11093349673986434,0.0,-0.5,-0.021047450743272078,-1.789744198748007e-42,0.0002016632556815344,-0.010632794072582573
1770280306.729038,1.2023319173938034,0.0,0.02684183714210987,1.2402560833096503,0.0,0.11093349673986434,0.0,-0.5,-0.021047450743272078,-1.6268708263886748e-42,0.00019490158485437916,-0.010621852331145943
1770280307.1336367,1.2023319173938034,0.0,0.02684183714210987,1.2402560833096503,0.0,0.11093349673986434,0.0,-0.5,-0.021047450743272078,-1.2614577974865377e-42,0.00014020588274249316,-0.010599297883218475
1770280307.5384681,1.2023319173938034,0.0,0.02684183714210987,1.2402560833096503,0.0,0.11093349673986434,0.0,-0.5,-0.021047450743272078,-9.809359756685317e-43,0.00033094298197108526,-0.010708270572544441
1770280307.9447608,1.2023319173938034,0.0,0.02684183714210987,1.2402560833096503,0.0,0.11093349673986434,0.0,-0.5,-0.021047450743272078,-7.616943399451251e-43,0.0001022778028976982,-0.010597730790992226
1770280308.3528233,1.2023319173938034,0.0,0.02684183714210987,1.2402560833096503,0.0,0.11093349673986434,0.0,-0.5,-0.021047450743272078,-5.915274506167739e-43,0.00012095777198137166,-0.010586072254535093
1770280308.7582314,1.2023319173938034,0.0,0.02684183714210987,1.2402560833096503,0.0,0.11093349673986434,0.0,-0.5,-0.021047450743272078,-4.593351237151825e-43,6.118128999078121e-05,-0.01056029366483049
1770280309.1668396,1.2023319173938034,0.0,0.02684183714210987,1.2402560833096503,0.0,0.11093349673986434,0.0,-0.5,-0.021047450743272078,-3.116218036029324e-43,-7.963427293478601e-05,-0.010497989791461203
1770280309.5737867,1.2023319173938034,0.0,0.02684183714210987,1.2402560833096503,0.0,0.11093349673986434,0.0,-0.5,-0.021047450743272078,-2.4199997409120915e-43,5.496578179853348e-05,-0.010564668268008637
1770280309.9814866,1.2023319173938034,0.0,0.02684183714210987,1.2402560833096503,0.0,0.11093349673986434,0.0,-0.5,-0.021047450743272078,-1.8792725499747072e-43,-7.181429813901215e-05,-0.010500496230560288
1770280310.38727,1.2023319173938034,0.0,0.02684183714210987,1.2402560833096503,0.0,0.11093349673986434,0.0,-0.5,-0.021047450743272078,-1.4594160530128499e-43,8.188803808442247e-05,-0.010580039624300593
1770280310.7929912,1.2023319173938034,0.0,0.02684183714210987,1.2402560833096503,0.0,0.11093349673986434,0.0,-0.5,-0.021047450743272078,-1.1332844704965738e-43,0.00024016057987594452,-0.010659632915753165
1770280311.1993508,1.2023319173938034,0.0,0.02684183714210987,1.2402560833096503,0.0,0.11093349673986434,0.0,-0.5,-0.021047450743272078,-8.087408942969757e-44,0.00025137239811141566,-0.010650532752515294
1770280311.6053424,1.2023319173938034,0.0,0.02684183714210987,1.2402560833096503,0.0,0.11093349673986434,0.0,-0.5,-0.021047450743272078,-6.280542771787046e-44,0.0003431987372565139,-0.010704507374178805
1770280312.0117383,1.2023319173938034,0.0,0.02684183714210987,1.2402560833096503,0.0,0.11093349673986434,0.0,-0.5,-0.021047450743272078,-4.878402207621009e-44,0.00040524738052265334,-0.01073255392622398
1770280312.4184003,1.2023319173938034,0.0,0.02684183714210987,1.2402560833096503,0.0,0.11093349673986434,0.0,-0.5,-0.021047450743272078,-3.788942726855713e-44,0.00028312159033743427,-0.010677498745823279
1770280312.8235698,1.2023319173938034,0.0,0.02684183714210987,1.2402560833096503,0.0,0.11093349673986434,0.0,-0.5,-0.021047450743272078,-2.9427326781115497e-44,0.00025377324300382745,-0.010653546827871313
1770280313.2303326,1.2023319173938034,0.0,0.02684183714210987,1.2402560833096503,0.0,0.11093349673986434,0.0,-0.5,-0.021047450743272078,-2.6708513008913583e-44,0.00021206236872905202,-0.010633927643428043
1770280313.6377203,1.2023319173938034,0.0,0.02684183714210987,1.2402560833096503,0.0,0.11093349673986434,0.0,-0.5,-0.021047450743272078,-2.0739984899897628e-44,0.0002781708461620367,-0.010669421642460356
1770280314.045611,1.2023319173938034,0.0,0.02684183714210987,1.2402560833096503,0.0,0.11093349673986434,0.0,-0.5,-0.021047450743272078,-1.610698426865021e-44,0.0002465861448230822,-0.010650176914181474
1770280314.452387,1.2023319173938034,0.0,0.02684183714210987,1.2402560833096503,0.0,0.11093349673986434,0.0,-0.5,-0.021047450743272078,-1.186343720791616e-44,-5.276431632688761e-05,-0.010527278259587592
1770280314.8582063,1.2023319173938034,0.0,0.02684183714210987,1.2402560833096503,0.0,0.11093349673986434,0.0,-0.5,-0.021047450743272078,-9.215914279343085e-45,1.4268090847766707e-06,-0.010529857888719595
1770280315.2653344,1.2023319173938034,0.0,0.02684183714210987,1.2402560833096503,0.0,0.11093349673986434,0.0,-0.5,-0.021047450743272078,-6.599690069541096e-45,-9.851912446526445e-05,-0.010484460402758411
1770280315.6711695,1.2023319173938034,0.0,0.02684183714210987,1.2402560833096503,0.0,0.11093349673986434,0.0,-0.5,-0.021047450743272078,-5.126103693464984e-45,0.00010261885633637774,-0.010595148597884393
1770280316.078168,1.2023319173938034,0.0,0.02684183714210987,1.2402560833096503,0.0,0.11093349673986434,0.0,-0.5,-0.021047450743272078,-3.981900713547634e-45,0.00027910090270027836,-0.010680924027622569
1770280316.4856837,1.2023319173938034,0.0,0.02684183714210987,1.2402560833096503,0.0,0.11093349673986434,0.0,-0.5,-0.021047450743272078,-3.0935386615554e-45,0.00045405575854738737,-0.010768248736494443
1770280316.8916707,1.2023319173938034,0.0,0.02684183714210987,1.2402560833096503,0.0,0.11093349673986434,0.0,-0.5,-0.021047450743272078,-2.403128052574182e-45,0.0006481390904748203,-0.010867203250066192
1770280317.2991815,1.2023319173938034,0.0,0.02684183714210987,1.2402560833096503,0.0,0.11093349673986434,0.0,-0.5,-0.021047450743272078,-1.7153706278120855e-45,0.0007018408425966021,-0.010880015968146518
1770280317.705229,1.2023319173938034,0.0,0.02684183714210987,1.2402560833096503,0.0,0.11093349673986434,0.0,-0.5,-0.021047450743272078,-1.3320065559096877e-45,0.0004123519678759819,-0.010758850243046092
1770280318.1122189,1.2023319173938034,0.0,0.02684183714210987,1.2402560833096503,0.0,0.11093349673986434,0.0,-0.5,-0.021047450743272078,-1.0345185742901758e-45,0.00040858373553204273,-0.010728394062636454
1770280318.5191634,1.2023319173938034,0.0,0.02684183714210987,1.2402560833096503,0.0,0.11093349673986434,0.0,-0.5,-0.021047450743272078,-8.036421626685072e-46,0.0002584156737534896,-0.010667950014690638
1770280318.9259453,1.2023319173938034,0.0,0.02684183714210987,1.2402560833096503,0.0,0.11093349673986434,0.0,-0.5,-0.021047450743272078,-6.242674093684969e-46,0.00017480622701245642,-0.010619489429816371
1770280319.332736,1.2023319173938034,0.0,0.02684183714210987,1.2402560833096503,0.0,0.11093349673986434,0.0,-0.5,-0.021047450743272078,-5.366262222717517e-46,2.1212421211784255e-05,-0.010549690962821998
1770280319.745555,1.2023319173938034,0.0,0.02684183714210987,1.2402560833096503,0.0,0.11093349673986434,0.0,-0.5,-0.021047450743272078,-4.167449673323895e-46,0.0002779373743384797,-0.010688366554117949
1770280320.1516664,1.2023319173938034,0.0,0.02684183714210987,1.2402560833096503,0.0,0.11093349673986434,0.0,-0.5,-0.021047450743272078,-3.236582802799117e-46,0.00011684586019580544,-0.010598257453148208
1770280320.5559583,1.2023319173938034,0.0,0.02684183714210987,1.2402560833096503,0.0,0.11093349673986434,0.0,-0.5,-0.021047450743272078,-2.512919227205749e-46,7.121521061665331e-05,-0.01056389604190228
1770280320.9635956,1.2023319173938034,0.0,0.02684183714210987,1.2402560833096503,0.0,0.11093349673986434,0.0,-0.5,-0.021047450743272078,-1.800008739309403e-46,0.00017866610124880146,-0.010623803511323655
1770280321.369528,1.2023319173938034,0.0,0.02684183714210987,1.2402560833096503,0.0,0.11093349673986434,0.0,-0.5,-0.021047450743272078,-1.3974743710952866e-46,0.00020347753768151469,-0.010627945284120068
1770280321.7778792,1.2023319173938034,0.0,0.02684183714210987,1.2402560833096503,0.0,0.11093349673986434,0.0,-0.5,-0.021047450743272078,-1.0855540573918732e-46,0.00023003575896420774,-0.010641399073246412
1770280322.1849208,1.2023319173938034,0.0,0.02684183714210987,1.2402560833096503,0.0,0.11093349673986434,0.0,-0.5,-0.021047450743272078,-8.428448900086717e-47,0.0002319576370786121,-0.010639896377986787
1770280322.5901628,1.2023319173938034,0.0,0.02684183714210987,1.2402560833096503,0.0,0.11093349673986434,0.0,-0.5,-0.021047450743272078,-6.544027758078544e-47,0.00017304546715039913,-0.010616139322204059
1770280322.9974322,1.2023319173938034,0.0,0.02684183714210987,1.2402560833096503,0.0,0.11093349673986434,0.0,-0.5,-0.021047450743272078,-4.672618093724821e-47,7.474797782740196e-05,-0.01057092910948204
1770280323.404231,1.2023319173938034,0.0,0.02684183714210987,1.2402560833096503,0.0,0.11093349673986434,0.0,-0.5,-0.021047450743272078,-3.6278376256051665e-47,0.00015553033515598914,-0.010609568774946893
1770280323.8105423,1.2023319173938034,0.0,0.02684183714210987,1.2402560833096503,0.0,0.11093349673986434,0.0,-0.5,-0.021047450743272078,-2.8168316560275214e-47,0.0002161419975647238,-0.010637857536659275
1770280324.216193,1.2023319173938034,0.0,0.02684183714210987,1.2402560833096503,0.0,0.11093349673986434,0.0,-0.5,-0.021047450743272078,-2.1871891368175599e-47,0.00048593741842214186,-0.010793673622932853
1770280324.6232576,1.2023319173938034,0.0,0.02684183714210987,1.2402560833096503,0.0,0.11093349673986434,0.0,-0.5,-0.021047450743272078,-1.6980993711948055e-47,0.00032156644476198366,-0.010700945691383046
1770280325.0307617,1.2023319173938034,0.0,0.02684183714210987,1.2402560833096503,0.0,0.11093349673986434,0.0,-0.5,-0.021047450743272078,-1.4583899698240704e-47,0.0003078767319778918,-0.010679032708903396
1770280325.436759,1.2023319173938034,0.0,0.02684183714210987,1.2402560833096503,0.0,0.11093349673986434,0.0,-0.5,-0.021047450743272078,-1.1322313014464497e-47,0.00023066725954127605,-0.01064677994865034
1770280325.8450563,1.2023319173938034,0.0,0.02684183714210987,1.2402560833096503,0.0,0.11093349673986434,0.0,-0.5,-0.021047450743272078,-8.790806576526855e-48,0.00027547440074215544,-0.010665943286127204
1770280326.2522042,1.2023319173938034,0.0,0.02684183714210987,1.2402560833096503,0.0,0.11093349673986434,0.0,-0.5,-0.021047450743272078,-6.82546187093146e-48,8.437802618496733e-05,-0.01058502402218424
1770280326.6579776,1.2023319173938034,0.0,0.02684183714210987,1.2402560833096503,0.0,0.11093349673986434,0.0,-0.5,-0.021047450743272078,-5.299146211929509e-48,7.146898086952346e-05,-0.010560750766602345
1770280327.0663662,1.2023319173938034,0.0,0.02684183714210987,1.2402560833096503,0.0,0.11093349673986434,0.0,-0.5,-0.021047450743272078,-3.795934816718202e-48,-5.386403239304326e-06,-0.01052871770842727
1770280327.4734123,1.2023319173938034,0.0,0.02684183714210987,1.2402560833096503,0.0,0.11093349673986434,0.0,-0.5,-0.021047450743272078,-2.947470553761423e-48,0.00032707527044654485,-0.010720509174227896
1770280327.8791895,1.2023319173938034,0.0,0.02684183714210987,1.2402560833096503,0.0,0.11093349673986434,0.0,-0.5,-0.021047450743272078,-2.288851864314352e-48,0.00022351546480824984,-0.010645839084603995
1770280328.28507,1.2023319173938034,0.0,0.02684183714210987,1.2402560833096503,0.0,0.11093349673986434,0.0,-0.5,-0.021047450743272078,-1.776913456457088e-48,0.00034278379617463174,-0.010707044102859994
1770280328.6917987,1.2023319173938034,0.0,0.02684183714210987,1.2402560833096503,0.0,0.11093349673986434,0.0,-0.5,-0.021047450743272078,-1.379832134486985e-48,0.0003032519133396534,-0.010679304516589364
1770280329.0985644,1.2023319173938034,0.0,0.02684183714210987,1.2402560833096503,0.0,0.11093349673986434,0.0,-0.5,-0.021047450743272078,-9.855670091220999e-49,0.00010495581541813145,-0.010596032889137257
1770280329.5050602,1.2023319173938034,0.0,0.02684183714210987,1.2402560833096503,0.0,0.11093349673986434,0.0,-0.5,-0.021047450743272078,-7.346748387532001e-49,-0.00011681936713212277,-0.010487493206325003
1770280329.912796,1.2023319173938034,0.0,0.02684183714210987,1.2402560833096503,0.0,0.11093349673986434,0.0,-0.5,-0.021047450743272078,-5.941876824688418e-49,3.411729057729404e-05,-0.010555877682695627
1770280330.3204393,1.2023319173938034,0.0,0.02684183714210987,1.2402560833096503,0.0,0.11093349673986434,0.0,-0.5,-0.021047450743272078,-4.614408944966446e-49,1.7958707548056203e-05,-0.010534320583712991
1770280330.7263253,1.2023319173938034,0.0,0.02684183714210987,1.2402560833096503,0.0,0.11093349673986434,0.0,-0.5,-0.021047450743272078,-3.435283820361066e-49,4.555312180196078e-05,-0.01054926137396241
1770280331.1335216,1.2023319173938034,0.0,0.02684183714210987,1.2402560833096503,0.0,0.11093349673986434,0.0,-0.5,-0.021047450743272078,-3.076808059710756e-49,0.00013294726623814634,-0.010598938419198732
1770280331.5406659,1.2023319173938034,0.0,0.02684183714210987,1.2402560833096503,0.0,0.11093349673986434,0.0,-0.5,-0.021047450743272078,-2.389406012660413e-49,-1.8655615800314878e-05,-0.010529557851939727
1770280331.9474142,1.2023319173938034,0.0,0.02684183714210987,1.2402560833096503,0.0,0.11093349673986434,0.0,-0.5,-0.021047450743272078,-1.8557498096700402e-49,0.00020769184681179872,-0.010650206041303149
1770280332.354627,1.2023319173938034,0.0,0.02684183714210987,1.2402560833096503,0.0,0.11093349673986434,0.0,-0.5,-0.021047450743272078,-1.4412121406406092e-49,0.0003682937182605217,-0.010723932417911173
1770280332.7634144,1.2023319173938034,0.0,0.02684183714210987,1.2402560833096503,0.0,0.11093349673986434,0.0,-0.5,-0.021047450743272078,-1.0332448235722703e-49,0.0004572243190387717,-0.01076123059123325
1770280333.17006,1.2023319173938034,0.0,0.02684183714210987,1.2402560833096503,0.0,0.11093349673986434,0.0,-0.5,-0.021047450743272078,-8.023852127948924e-50,0.00016942371906460927,-0.010637217291165759
1770280333.5765593,1.2023319173938034,0.0,0.02684183714210987,1.2402560833096503,0.0,0.11093349673986434,0.0,-0.5,-0.021047450743272078,-6.23076538908478e-50,0.0002272819391320511,-0.010643152163208809
1770280333.9837043,1.2023319173938034,0.0,0.02684183714210987,1.2402560833096503,0.0,0.11093349673986434,0.0,-0.5,-0.021047450743272078,-4.83938950304201e-50,0.0002247020535394098,-0.010636334386965008
1770280334.3915932,1.2023319173938034,0.0,0.02684183714210987,1.2402560833096503,0.0,0.11093349673986434,0.0,-0.5,-0.021047450743272078,-3.760023818479644e-50,0.00012997223365248035,-0.010598184470450973
1770280334.7979696,1.2023319173938034,0.0,0.02684183714210987,1.2402560833096503,0.0,0.11093349673986434,0.0,-0.5,-0.021047450743272078,-2.5587324431550477e-50,0.00020693384274806623,-0.01063488845391963
1770280335.2050261,1.2023319173938034,0.0,0.02684183714210987,1.2402560833096503,0.0,0.11093349673986434,0.0,-0.5,-0.021047450743272078,-1.9856554603404195e-50,-5.677489406594062e-05,-0.01052170879828447
1770280335.6121602,1.2023319173938034,0.0,0.02684183714210987,1.2402560833096503,0.0,0.11093349673986434,0.0,-0.5,-0.021047450743272078,-1.541626506170871e-50,-9.08084821361556e-05,-0.010481724489374983
1770280336.0194027,1.2023319173938034,0.0,0.02684183714210987,1.2402560833096503,0.0,0.11093349673986434,0.0,-0.5,-0.021047450743272078,-1.196452133762081e-50,-0.00011003825252032917,-0.01047062922241429
1770280336.4260874,1.2023319173938034,0.0,0.02684183714210987,1.2402560833096503,0.0,0.11093349673986434,0.0,-0.5,-0.021047450743272078,-9.286377659806459e-51,-6.616855246954924e-05,-0.010495028065406344
1770280336.833469,1.2023319173938034,0.0,0.02684183714210987,1.2402560833096503,0.0,0.11093349673986434,0.0,-0.5,-0.021047450743272078,-8.386685986599769e-51,3.995117252073877e-05,-0.010554312930395436
1770280337.2400537,1.2023319173938034,0.0,0.02684183714210987,1.2402560833096503,0.0,0.11093349673986434,0.0,-0.5,-0.021047450743272078,-6.513158480675095e-51,0.0003274902849395568,-0.0107162244253477
1770280337.646367,1.2023319173938034,0.0,0.02684183714210987,1.2402560833096503,0.0,0.11093349673986434,0.0,-0.5,-0.021047450743272078,-5.0576089617201916e-51,0.00040139862436637584,-0.010731815517761908
1770280338.052689,1.2023319173938034,0.0,0.02684183714210987,1.2402560833096503,0.0,0.11093349673986434,0.0,-0.5,-0.021047450743272078,-3.928068519955405e-51,0.00021117633239086734,-0.010648335767029024
1770280338.4625406,1.2023319173938034,0.0,0.02684183714210987,1.2402560833096503,0.0,0.11093349673986434,0.0,-0.5,-0.021047450743272078,-2.816980996823024e-51,0.00031191176916002756,-0.010689754799892969
1770280338.8702972,1.2023319173938034,0.0,0.02684183714210987,1.2402560833096503,0.0,0.11093349673986434,0.0,-0.5,-0.021047450743272078,-2.1873439614186217e-51,0.00041350496971664447,-0.010740637176550024
1770280339.277527,1.2023319173938034,0.0,0.02684183714210987,1.2402560833096503,0.0,0.11093349673986434,0.0,-0.5,-0.021047450743272078,-1.696737876427783e-51,0.00033398695784174763,-0.010698670651744404
1770280339.6840556,1.2023319173938034,0.0,0.02684183714210987,1.2402560833096503,0.0,0.11093349673986434,0.0,-0.5,-0.021047450743272078,-1.3191038047385125e-51,0.00012653471703933327,-0.010607737954235946
1770280340.0914006,1.2023319173938034,0.0,0.02684183714210987,1.2402560833096503,0.0,0.11093349673986434,0.0,-0.5,-0.021047450743272078,-1.0240512568094726e-51,0.00017938642374573733,-0.010618703754179547
1770280340.498767,1.2023319173938034,0.0,0.02684183714210987,1.2402560833096503,0.0,0.11093349673986434,0.0,-0.5,-0.021047450743272078,-6.91616880644742e-52,0.00013487073441930102,-0.010595612307778333
1770280340.9048715,1.2023319173938034,0.0,0.02684183714210987,1.2402560833096503,0.0,0.11093349673986434,0.0,-0.5,-0.021047450743272078,-5.3681463871937645e-52,0.00026081355133807636,-0.010666726428996956
1770280341.312069,1.2023319173938034,0.0,0.02684183714210987,1.2402560833096503,0.0,0.11093349673986434,0.0,-0.5,-0.021047450743272078,-4.166486797133451e-52,0.0002754632818834338,-0.010662921985632292
1770280341.7181525,1.2023319173938034,0.0,0.02684183714210987,1.2402560833096503,0.0,0.11093349673986434,0.0,-0.5,-0.021047450743272078,-3.2337455229466445e-52,0.00030907680438630873,-0.010681625126079482
1770280342.1250823,1.2023319173938034,0.0,0.02684183714210987,1.2402560833096503,0.0,0.11093349673986434,0.0,-0.5,-0.021047450743272078,-2.510142965218028e-52,-3.0665696540845447e-06,-0.010553406424213036
1770280342.5321865,1.2023319173938034,0.0,0.02684183714210987,1.2402560833096503,0.0,0.11093349673986434,0.0,-0.5,-0.021047450743272078,-2.161547457707926e-52,0.00014019913492502642,-0.010608151509556463
1770280342.9420912,1.2023319173938034,0.0,0.02684183714210987,1.2402560833096503,0.0,0.11093349673986434,0.0,-0.5,-0.021047450743272078,-1.7709429812666608e-52,0.0001822005508399337,-0.010619025788647497
1770280343.3489401,1.2023319173938034,0.0,0.02684183714210987,1.2402560833096503,0.0,0.11093349673986434,0.0,-0.5,-0.021047450743272078,-1.3750737445584784e-52,0.00021164311497888993,-0.010632491185539378
1770280343.7535667,1.2023319173938034,0.0,0.02684183714210987,1.2402560833096503,0.0,0.11093349673986434,0.0,-0.5,-0.021047450743272078,-1.0674065705061393e-52,0.0003170583294943638,-0.01069279605783477
1770280344.1631021,1.2023319173938034,0.0,0.02684183714210987,1.2402560833096503,0.0,0.11093349673986434,0.0,-0.5,-0.021047450743272078,-7.658854493956926e-53,0.00024017865355592977,-0.010651502666007846
1770280344.5703087,1.2023319173938034,0.0,0.02684183714210987,1.2402560833096503,0.0,0.11093349673986434,0.0,-0.5,-0.021047450743272078,-5.9478368789871805e-53,3.420523551410704e-05,-0.010561425331197275
1770280344.9768763,1.2023319173938034,0.0,0.02684183714210987,1.2402560833096503,0.0,0.11093349673986434,0.0,-0.5,-0.021047450743272078,-4.363015861713314e-53,0.0001280526188966606,-0.010597136419422623
1770280345.3831384,1.2023319173938034,0.0,0.02684183714210987,1.2402560833096503,0.0,0.11093349673986434,0.0,-0.5,-0.021047450743272078,-3.3877736966979885e-53,0.00030576324147381037,-0.010694378054630659
1770280345.7899814,1.2023319173938034,0.0,0.02684183714210987,1.2402560833096503,0.0,0.11093349673986434,0.0,-0.5,-0.021047450743272078,-2.6311240138893673e-53,0.00025446957012074847,-0.01065608952383172
1770280346.1960979,1.2023319173938034,0.0,0.02684183714210987,1.2402560833096503,0.0,0.11093349673986434,0.0,-0.5,-0.021047450743272078,-1.8756548106668692e-53,0.0001347073235276904,-0.01060305525805919
1770280346.6042562,1.2023319173938034,0.0,0.02684183714210987,1.2402560833096503,0.0,0.11093349673986434,0.0,-0.5,-0.021047450743272078,-1.4566143666805694e-53,6.385023597075472e-05,-0.01056273619837711
1770280347.01156,1.2023319173938034,0.0,0.02684183714210987,1.2402560833096503,0.0,0.11093349673986434,0.0,-0.5,-0.021047450743272078,-1.1310830627643143e-53,8.770541963563789e-05,-0.010569963599820346
1770280347.4186966,1.2023319173938034,0.0,0.02684183714210987,1.2402560833096503,0.0,0.11093349673986434,0.0,-0.5,-0.021047450743272078,-8.784577215637187e-54,1.1166086321097129e-05,-0.01053696234812804
1770280347.8242075,1.2023319173938034,0.0,0.02684183714210987,1.2402560833096503,0.0,0.11093349673986434,0.0,-0.5,-0.021047450743272078,-6.822352200307918e-54,-4.764909976547713e-05,-0.010505782340361957
1770280348.2300935,1.2023319173938034,0.0,0.02684183714210987,1.2402560833096503,0.0,0.11093349673986434,0.0,-0.5,-0.021047450743272078,-6.20608677058312e-54,0.0001610947812418571,-0.0106251471503577
1770280348.6372821,1.2023319173938034,0.0,0.02684183714210987,1.2402560833096503,0.0,0.11093349673986434,0.0,-0.5,-0.021047450743272078,-4.8198613384503587e-54,0.0002826406770046279,-0.01067720029971463
1770280349.0441089,1.2023319173938034,0.0,0.02684183714210987,1.2402560833096503,0.0,0.11093349673986434,0.0,-0.5,-0.021047450743272078,-3.7427928297988353e-54,0.0002622459993312453,-0.010656887839068999
1770280349.4513729,1.2023319173938034,0.0,0.02684183714210987,1.2402560833096503,0.0,0.11093349673986434,0.0,-0.5,-0.021047450743272078,-2.905438900918595e-54,0.0003291785765479753,-0.0106950079176317
1770280349.8590822,1.2023319173938034,0.0,0.02684183714210987,1.2402560833096503,0.0,0.11093349673986434,0.0,-0.5,-0.021047450743272078,-2.2565020755294424e-54,0.0002664067129534556,-0.010663205914472219
1770280350.2678566,1.2023319173938034,0.0,0.02684183714210987,1.2402560833096503,0.0,0.11093349673986434,0.0,-0.5,-0.021047450743272078,-1.5305019166392906e-54,3.293053661632451e-05,-0.010563538257577915
1770280350.6753595,1.2023319173938034,0.0,0.02684183714210987,1.2402560833096503,0.0,0.11093349673986434,0.0,-0.5,-0.021047450743272078,-1.1889258883346043e-54,0.0002245627807935194,-0.010655169986450518
1770280351.0824673,1.2023319173938034,0.0,0.02684183714210987,1.2402560833096503,0.0,0.11093349673986434,0.0,-0.5,-0.021047450743272078,-9.233798419745914e-55,0.00025749776999682463,-0.010655767755554782
1770280351.489795,1.2023319173938034,0.0,0.02684183714210987,1.2402560833096503,0.0,0.11093349673986434,0.0,-0.5,-0.021047450743272078,-7.171118854644774e-55,7.173810530705383e-05,-0.010578170390758543
1770280351.896359,1.2023319173938034,0.0,0.02684183714210987,1.2402560833096503,0.0,0.11093349673986434,0.0,-0.5,-0.021047450743272078,-5.1146557415894126e-55,6.800844321910851e-05,-0.010558102559454387
1770280352.3032775,1.2023319173938034,0.0,0.02684183714210987,1.2402560833096503,0.0,0.11093349673986434,0.0,-0.5,-0.021047450743272078,-3.972523254694356e-55,6.597199347573704e-06,-0.010533165095696979
1770280352.7109892,1.2023319173938034,0.0,0.02684183714210987,1.2402560833096503,0.0,0.11093349673986434,0.0,-0.5,-0.021047450743272078,-3.0855316810081346e-55,0.00033963290052930843,-0.010726845392018866
1770280353.116934,1.2023319173938034,0.0,0.02684183714210987,1.2402560833096503,0.0,0.11093349673986434,0.0,-0.5,-0.021047450743272078,-2.3968118076922245e-55,0.00022243877301567877,-0.01064666417089524
1770280353.5220377,1.2023319173938034,0.0,0.02684183714210987,1.2402560833096503,0.0,0.11093349673986434,0.0,-0.5,-0.021047450743272078,-1.8611400286599355e-55,0.00012190903052817898,-0.010594732861148879
1770280353.929729,1.2023319173938034,0.0,0.02684183714210987,1.2402560833096503,0.0,0.11093349673986434,0.0,-0.5,-0.021047450743272078,-1.6902881590026207e-55,0.00022279006483560027,-0.01064520850748458
1770280354.3365657,1.2023319173938034,0.0,0.02684183714210987,1.2402560833096503,0.0,0.11093349673986434,0.0,-0.5,-0.021047450743272078,-1.3125308634848773e-55,0.0002898014186042791,-0.010675327216315046
1770280354.745836,1.2023319173938034,0.0,0.02684183714210987,1.2402560833096503,0.0,0.11093349673986434,0.0,-0.5,-0.021047450743272078,-1.0191691466221317e-55,0.0005492586819247924,-0.010824300438930486
1770280355.153203,1.2023319173938034,0.0,0.02684183714210987,1.2402560833096503,0.0,0.11093349673986434,0.0,-0.5,-0.021047450743272078,-7.91356592897976e-56,0.0003701376183990552,-0.01072670628718814
1770280355.5609734,1.2023319173938034,0.0,0.02684183714210987,1.2402560833096503,0.0,0.11093349673986434,0.0,-0.5,-0.021047450743272078,-6.145555692559764e-56,8.64650397642837e-05,-0.010595325149381657
1770280355.9684153,1.2023319173938034,0.0,0.02684183714210987,1.2402560833096503,0.0,0.11093349673986434,0.0,-0.5,-0.021047450743272078,-4.171359892026183e-56,0.00021111583578446033,-0.010641748369130287
1770280356.3752482,1.2023319173938034,0.0,0.02684183714210987,1.2402560833096503,0.0,0.11093349673986434,0.0,-0.5,-0.021047450743272078,-3.2396521445638004e-56,2.4586684867997178e-05,-0.010554671629161683
1770280356.7811232,1.2023319173938034,0.0,0.02684183714210987,1.2402560833096503,0.0,0.11093349673986434,0.0,-0.5,-0.021047450743272078,-2.516014306517272e-56,0.00018492636400129907,-0.010632222521550019
1770280357.1856446,1.2023319173938034,0.0,0.02684183714210987,1.2402560833096503,0.0,0.11093349673986434,0.0,-0.5,-0.021047450743272078,-1.9540970208376937e-56,0.00022386940167376643,-0.010639554376240168
1770280357.5920916,1.2023319173938034,0.0,0.02684183714210987,1.2402560833096503,0.0,0.11093349673986434,0.0,-0.5,-0.021047450743272078,-1.517511292305201e-56,-0.00012453200322220154,-0.010496299510514536
1770280358.0004385,1.2023319173938034,0.0,0.02684183714210987,1.2402560833096503,0.0,0.11093349673986434,0.0,-0.5,-0.021047450743272078,-1.082928471771467e-56,-6.864182073401311e-05,-0.010494993479517852
1770280358.4069486,1.2023319173938034,0.0,0.02684183714210987,1.2402560833096503,0.0,0.11093349673986434,0.0,-0.5,-0.021047450743272078,-8.409409880547287e-57,-1.5224665953963648e-05,-0.010521454754137063
1770280358.8155708,1.2023319173938034,0.0,0.02684183714210987,1.2402560833096503,0.0,0.11093349673986434,0.0,-0.5,-0.021047450743272078,-6.529513822186255e-57,0.00022231015486753698,-0.010658633931151957
1770280359.222154,1.2023319173938034,0.0,0.02684183714210987,1.2402560833096503,0.0,0.11093349673986434,0.0,-0.5,-0.021047450743272078,-5.069744674688675e-57,0.0002245997787473753,-0.01063625422339771
1770280359.6300566,1.2023319173938034,0.0,0.02684183714210987,1.2402560833096503,0.0,0.11093349673986434,0.0,-0.5,-0.021047450743272078,-4.3608871276357334e-57,0.00016863466854595392,-0.01061363921692916
1770280360.036133,1.2023319173938034,0.0,0.02684183714210987,1.2402560833096503,0.0,0.11093349673986434,0.0,-0.5,-0.021047450743272078,-3.386044851946991e-57,0.0004008471135987853,-0.010747370172940715
1770280360.4441552,1.2023319173938034,0.0,0.02684183714210987,1.2402560833096503,0.0,0.11093349673986434,0.0,-0.5,-0.021047450743272078,-2.6293880097859537e-57,0.0004670025074507986,-0.010763842164746639
1770280360.8501182,1.2023319173938034,0.0,0.02684183714210987,1.2402560833096503,0.0,0.11093349673986434,0.0,-0.5,-0.021047450743272078,-2.0418038858192875e-57,0.00036424906128668284,-0.010716125246895792
1770280361.2545846,1.2023319173938034,0.0,0.02684183714210987,1.2402560833096503,0.0,0.11093349673986434,0.0,-0.5,-0.021047450743272078,-1.5856078872041523e-57,0.0001125703042933304,-0.01060517839948204
1770280361.6631074,1.2023319173938034,0.0,0.02684183714210987,1.2402560833096503,0.0,0.11093349673986434,0.0,-0.5,-0.021047450743272078,-1.1354387299228106e-57,7.396420304184412e-05,-0.010564568083282109
1770280362.0709517,1.2023319173938034,0.0,0.02684183714210987,1.2402560833096503,0.0,0.11093349673986434,0.0,-0.5,-0.021047450743272078,-8.81803197507668e-58,-8.795385706347248e-05,-0.010495940249114833
1770280362.4776428,1.2023319173938034,0.0,0.02684183714210987,1.2402560833096503,0.0,0.11093349673986434,0.0,-0.5,-0.021047450743272078,-6.847751004711273e-58,8.611879250888122e-05,-0.010584192032847715
1770280362.8851464,1.2023319173938034,0.0,0.02684183714210987,1.2402560833096503,0.0,0.11093349673986434,0.0,-0.5,-0.021047450743272078,-5.317024107596571e-58,9.507986896129523e-05,-0.01057216141376193
1770280363.2925737,1.2023319173938034,0.0,0.02684183714210987,1.2402560833096503,0.0,0.11093349673986434,0.0,-0.5,-0.021047450743272078,-4.128631247828449e-58,0.0002075021840422873,-0.010638718695165281
1770280363.700163,1.2023319173938034,0.0,0.02684183714210987,1.2402560833096503,0.0,0.11093349673986434,0.0,-0.5,-0.021047450743272078,-2.9471479496100465e-58,0.00018424255333467708,-0.01061817261137414
1770280364.1066551,1.2023319173938034,0.0,0.02684183714210987,1.2402560833096503,0.0,0.11093349673986434,0.0,-0.5,-0.021047450743272078,-2.288675648173375e-58,0.00041330110219969823,-0.01075328177762239
1770280364.5137155,1.2023319173938034,0.0,0.02684183714210987,1.2402560833096503,0.0,0.11093349673986434,0.0,-0.5,-0.021047450743272078,-1.7774723039207613e-58,0.0003576025895642949,-0.010708096517681728
1770280364.9209356,1.2023319173938034,0.0,0.02684183714210987,1.2402560833096503,0.0,0.11093349673986434,0.0,-0.5,-0.021047450743272078,-1.3803557386497174e-58,0.00043879125397194553,-0.010751239865062776
1770280365.3275256,1.2023319173938034,0.0,0.02684183714210987,1.2402560833096503,0.0,0.11093349673986434,0.0,-0.5,-0.021047450743272078,-1.0719805054241156e-58,0.0002967667638846321,-0.010686311202587086
1770280365.7362945,1.2023319173938034,0.0,0.02684183714210987,1.2402560833096503,0.0,0.11093349673986434,0.0,-0.5,-0.021047450743272078,-9.21456416810433e-59,0.00047179471828866595,-0.010777125526220776
1770280366.142424,1.2023319173938034,0.0,0.02684183714210987,1.2402560833096503,0.0,0.11093349673986434,0.0,-0.5,-0.021047450743272078,-7.154695664833689e-59,0.00015015682437319908,-0.010630967573214186
1770280366.5492826,1.2023319173938034,0.0,0.02684183714210987,1.2402560833096503,0.0,0.11093349673986434,0.0,-0.5,-0.021047450743272078,-5.5563380012713325e-59,-0.000252847946830328,-0.010437601875341228
1770280366.956226,1.2023319173938034,0.0,0.02684183714210987,1.2402560833096503,0.0,0.11093349673986434,0.0,-0.5,-0.021047450743272078,-4.314474408270922e-59,8.770466677449547e-05,-0.010601632966383768
1770280367.3626473,1.2023319173938034,0.0,0.02684183714210987,1.2402560833096503,0.0,0.11093349673986434,0.0,-0.5,-0.021047450743272078,-3.0912421549701537e-59,-6.694144503138213e-05,-0.010505719260300937
1770280367.7704604,1.2023319173938034,0.0,0.02684183714210987,1.2402560833096503,0.0,0.11093349673986434,0.0,-0.5,-0.021047450743272078,-2.4010009115599247e-59,-0.00011746433570766155,-0.010470045492849836
1770280368.1775837,1.2023319173938034,0.0,0.02684183714210987,1.2402560833096503,0.0,0.11093349673986434,0.0,-0.5,-0.021047450743272078,-1.8647044035236786e-59,6.378241964089437e-05,-0.01057374125699134
1770280368.5844858,1.2023319173938034,0.0,0.02684183714210987,1.2402560833096503,0.0,0.11093349673986434,0.0,-0.5,-0.021047450743272078,-1.4482599274677092e-59,0.00018550163487287573,-0.010628648110595674
1770280368.9916708,1.2023319173938034,0.0,0.02684183714210987,1.2402560833096503,0.0,0.11093349673986434,0.0,-0.5,-0.021047450743272078,-1.1247487602529176e-59,4.921478836916063e-05,-0.01056196145047099
1770280369.3986506,1.2023319173938034,0.0,0.02684183714210987,1.2402560833096503,0.0,0.11093349673986434,0.0,-0.5,-0.021047450743272078,-7.762856631870045e-60,0.0002508785270906672,-0.010669331009053522
1770280369.8029482,1.2023319173938034,0.0,0.02684183714210987,1.2402560833096503,0.0,0.11093349673986434,0.0,-0.5,-0.021047450743272078,-6.23427893188689e-60,7.191493600861511e-05,-0.01057757919874855
1770280370.212766,1.2023319173938034,0.0,0.02684183714210987,1.2402560833096503,0.0,0.11093349673986434,0.0,-0.5,-0.021047450743272078,-4.8405801775105574e-60,0.00010841778410269952,-0.010581584548496796
1770280370.6198287,1.2023319173938034,0.0,0.02684183714210987,1.2402560833096503,0.0,0.11093349673986434,0.0,-0.5,-0.021047450743272078,-3.759264804256118e-60,0.00025311371872634777,-0.010664751824461579
1770280371.0269253,1.2023319173938034,0.0,0.02684183714210987,1.2402560833096503,0.0,0.11093349673986434,0.0,-0.5,-0.021047450743272078,-2.9190448614509315e-60,0.0002034835064286975,-0.010630430146080153
1770280371.4339752,1.2023319173938034,0.0,0.02684183714210987,1.2402560833096503,0.0,0.11093349673986434,0.0,-0.5,-0.021047450743272078,-2.5073860287088965e-60,2.445905909733658e-05,-0.010553857345917843
1770280371.8413818,1.2023319173938034,0.0,0.02684183714210987,1.2402560833096503,0.0,0.11093349673986434,0.0,-0.5,-0.021047450743272078,-1.9473945432084896e-60,-4.4809745714714165e-05,-0.010508247379259886
1770280372.247648,1.2023319173938034,0.0,0.02684183714210987,1.2402560833096503,0.0,0.11093349673986434,0.0,-0.5,-0.021047450743272078,-1.5123220360130404e-60,7.765764007233492e-05,-0.010574800930250912
1770280372.6546688,1.2023319173938034,0.0,0.02684183714210987,1.2402560833096503,0.0,0.11093349673986434,0.0,-0.5,-0.021047450743272078,-1.1746587550411522e-60,0.0001257164393955797,-0.010591389471266154
1770280373.0608191,1.2023319173938034,0.0,0.02684183714210987,1.2402560833096503,0.0,0.11093349673986434,0.0,-0.5,-0.021047450743272078,-9.123647038823598e-61,0.00025145644282137196,-0.010662027593389304
1770280373.4681325,1.2023319173938034,0.0,0.02684183714210987,1.2402560833096503,0.0,0.11093349673986434,0.0,-0.5,-0.021047450743272078,-6.539784842452087e-61,0.00022592677942701885,-0.010639241727688983
1770280373.8740945,1.2023319173938034,0.0,0.02684183714210987,1.2402560833096503,0.0,0.11093349673986434,0.0,-0.5,-0.021047450743272078,-5.07915217687526e-61,0.0001788663887000091,-0.010617864605058746
1770280374.2818773,1.2023319173938034,0.0,0.02684183714210987,1.2402560833096503,0.0,0.11093349673986434,0.0,-0.5,-0.021047450743272078,-3.945495365125974e-61,9.630464198666933e-05,-0.010580133867300709
1770280374.6890407,1.2023319173938034,0.0,0.02684183714210987,1.2402560833096503,0.0,0.11093349673986434,0.0,-0.5,-0.021047450743272078,-3.064783155411856e-61,9.602255590405659e-05,-0.010571764858196329
1770280375.0990589,1.2023319173938034,0.0,0.02684183714210987,1.2402560833096503,0.0,0.11093349673986434,0.0,-0.5,-0.021047450743272078,-2.0935998220999565e-61,0.00015924713837711665,-0.010609671399071903
1770280375.5065618,1.2023319173938034,0.0,0.02684183714210987,1.2402560833096503,0.0,0.11093349673986434,0.0,-0.5,-0.021047450743272078,-1.6248420366347493e-61,0.0002777315187602106,-0.010674439569054454
1770280375.9132414,1.2023319173938034,0.0,0.02684183714210987,1.2402560833096503,0.0,0.11093349673986434,0.0,-0.5,-0.021047450743272078,-1.261100457802302e-61,0.00012373825871922435,-0.01060099382699975
1770280376.3183894,1.2023319173938034,0.0,0.02684183714210987,1.2402560833096503,0.0,0.11093349673986434,0.0,-0.5,-0.021047450743272078,-9.789391418696281e-62,0.00027845079320854395,-0.010678422021689242
1770280376.725555,1.2023319173938034,0.0,0.02684183714210987,1.2402560833096503,0.0,0.11093349673986434,0.0,-0.5,-0.021047450743272078,-7.598466217113016e-62,0.00019516362160732046,-0.010629635899599822
1770280377.13365,1.2023319173938034,0.0,0.02684183714210987,1.2402560833096503,0.0,0.11093349673986434,0.0,-0.5,-0.021047450743272078,-6.835877866199354e-62,0.000289236249767352,-0.010677750759335717
1770280377.540297,1.2023319173938034,0.0,0.02684183714210987,1.2402560833096503,0.0,0.11093349673986434,0.0,-0.5,-0.021047450743272078,-5.3085665176310326e-62,0.00011392697390002044,-0.010598219786172782
1770280377.9468114,1.2023319173938034,0.0,0.02684183714210987,1.2402560833096503,0.0,0.11093349673986434,0.0,-0.5,-0.021047450743272078,-4.122399142266867e-62,0.00027136360671170664,-0.01067515083827306
1770280378.352927,1.2023319173938034,0.0,0.02684183714210987,1.2402560833096503,0.0,0.11093349673986434,0.0,-0.5,-0.021047450743272078,-3.200974244328445e-62,0.00037259727534662843,-0.010720147376172846
1770280378.7585711,1.2023319173938034,0.0,0.02684183714210987,1.2402560833096503,0.0,0.11093349673986434,0.0,-0.5,-0.021047450743272078,-2.4854783798394874e-62,0.0002838965559097371,-0.010674543721534598
1770280379.1656055,1.2023319173938034,0.0,0.02684183714210987,1.2402560833096503,0.0,0.11093349673986434,0.0,-0.5,-0.021047450743272078,-1.7820650641677634e-62,0.00024201569316257068,-0.010648921304492041
1770280379.5717115,1.2023319173938034,0.0,0.02684183714210987,1.2402560833096503,0.0,0.11093349673986434,0.0,-0.5,-0.021047450743272078,-1.3839928971020863e-62,0.00014380996705534515,-0.010605450927774434
1770280379.978708,1.2023319173938034,0.0,0.02684183714210987,1.2402560833096503,0.0,0.11093349673986434,0.0,-0.5,-0.021047450743272078,-1.0749611137867229e-62,0.00019160621549974368,-0.01062430810423035
1770280380.3854558,1.2023319173938034,0.0,0.02684183714210987,1.2402560833096503,0.0,0.11093349673986434,0.0,-0.5,-0.021047450743272078,-8.346675971539649e-63,0.00012111753108642274,-0.010591333005620582
1770280380.7921154,1.2023319173938034,0.0,0.02684183714210987,1.2402560833096503,0.0,0.11093349673986434,0.0,-0.5,-0.021047450743272078,-6.480211939804608e-63,8.669229311318683e-05,-0.010570514041989956
1770280381.1990433,1.2023319173938034,0.0,0.02684183714210987,1.2402560833096503,0.0,0.11093349673986434,0.0,-0.5,-0.021047450743272078,-4.391522312612212e-63,0.00019531398024743814,-0.010632244530473184
1770280381.6045747,1.2023319173938034,0.0,0.02684183714210987,1.2402560833096503,0.0,0.11093349673986434,0.0,-0.5,-0.021047450743272078,-3.4086502816857707e-63,0.00029526120849022417,-0.01068135069870543
1770280382.0126457,1.2023319173938034,0.0,0.02684183714210987,1.2402560833096503,0.0,0.11093349673986434,0.0,-0.5,-0.021047450743272078,-2.645687955007593e-63,0.00016598180568436232,-0.010619644214758805
1770280382.419218,1.2023319173938034,0.0,0.02684183714210987,1.2402560833096503,0.0,0.11093349673986434,0.0,-0.5,-0.021047450743272078,-2.0537776849653672e-63,0.00013616147758805915,-0.010594788143239699
1770280382.8272016,1.2023319173938034,0.0,0.02684183714210987,1.2402560833096503,0.0,0.11093349673986434,0.0,-0.5,-0.021047450743272078,-1.5939369587715736e-63,0.0002305573105548757,-0.010648443610210159
1770280383.23532,1.2023319173938034,0.0,0.02684183714210987,1.2402560833096503,0.0,0.11093349673986434,0.0,-0.5,-0.021047450743272078,-1.444049783241351e-63,0.00014890257789389823,-0.010606342133849086
1770280383.6429896,1.2023319173938034,0.0,0.02684183714210987,1.2402560833096503,0.0,0.11093349673986434,0.0,-0.5,-0.021047450743272078,-1.1212394418621262e-63,2.1616545101366962e-05,-0.010547262247465975
1770280384.0505168,1.2023319173938034,0.0,0.02684183714210987,1.2402560833096503,0.0,0.11093349673986434,0.0,-0.5,-0.021047450743272078,-8.705065510635373e-64,0.0001395487282342293,-0.01060529295406644
1770280384.4552228,1.2023319173938034,0.0,0.02684183714210987,1.2402560833096503,0.0,0.11093349673986434,0.0,-0.5,-0.021047450743272078,-6.759147297766221e-64,0.00010191727405596644,-0.010578447154081847
1770280384.8624196,1.2023319173938034,0.0,0.02684183714210987,1.2402560833096503,0.0,0.11093349673986434,0.0,-0.5,-0.021047450743272078,-4.8481446204755267e-64,-4.409785673354159e-05,-0.010516277956348219
1770280385.26887,1.2023319173938034,0.0,0.02684183714210987,1.2402560833096503,0.0,0.11093349673986434,0.0,-0.5,-0.021047450743272078,-3.754894982997106e-64,0.00016890136525459464,-0.010629475976462148
1770280385.6758497,1.2023319173938034,0.0,0.02684183714210987,1.2402560833096503,0.0,0.11093349673986434,0.0,-0.5,-0.021047450743272078,-2.922739424106588e-64,0.0001797787981763262,-0.010614702514016375
1770280386.0822148,1.2023319173938034,0.0,0.02684183714210987,1.2402560833096503,0.0,0.11093349673986434,0.0,-0.5,-0.021047450743272078,-2.2688560358513076e-64,0.0002901788691069905,-0.0106798548132826
1770280386.4883785,1.2023319173938034,0.0,0.02684183714210987,1.2402560833096503,0.0,0.11093349673986434,0.0,-0.5,-0.021047450743272078,-1.7620878858724277e-64,0.00046285019084222386,-0.010772417599230675
1770280386.8962212,1.2023319173938034,0.0,0.02684183714210987,1.2402560833096503,0.0,0.11093349673986434,0.0,-0.5,-0.021047450743272078,-1.1870020696606605e-64,0.0004150373989250749,-0.010736025350290291
1770280387.303369,1.2023319173938034,0.0,0.02684183714210987,1.2402560833096503,0.0,0.11093349673986434,0.0,-0.5,-0.021047450743272078,-9.213471284283856e-65,0.000287168881714421,-0.010680096664214316
1770280387.710061,1.2023319173938034,0.0,0.02684183714210987,1.2402560833096503,0.0,0.11093349673986434,0.0,-0.5,-0.021047450743272078,-7.151858245353333e-65,1.951412775592352e-05,-0.01056024791090985
1770280388.1173937,1.2023319173938034,0.0,0.02684183714210987,1.2402560833096503,0.0,0.11093349673986434,0.0,-0.5,-0.021047450743272078,-5.552698183258978e-65,0.00011925619480133305,-0.010593327675741247
1770280388.523931,1.2023319173938034,0.0,0.02684183714210987,1.2402560833096503,0.0,0.11093349673986434,0.0,-0.5,-0.021047450743272078,-4.3173608306290985e-65,0.00023384782884214723,-0.010652108449461194
1770280388.9312546,1.2023319173938034,0.0,0.02684183714210987,1.2402560833096503,0.0,0.11093349673986434,0.0,-0.5,-0.021047450743272078,-3.931717360371506e-65,0.0002476071301652409,-0.010648904866850968
1770280389.3380826,1.2023319173938034,0.0,0.02684183714210987,1.2402560833096503,0.0,0.11093349673986434,0.0,-0.5,-0.021047450743272078,-3.0539546804001474e-65,0.0002993092926216968,-0.010678550234192532
1770280389.7447495,1.2023319173938034,0.0,0.02684183714210987,1.2402560833096503,0.0,0.11093349673986434,0.0,-0.5,-0.021047450743272078,-2.3713092660897897e-65,-0.00014604106593183515,-0.010495239874525475
1770280390.152169,1.2023319173938034,0.0,0.02684183714210987,1.2402560833096503,0.0,0.11093349673986434,0.0,-0.5,-0.021047450743272078,-1.8410997908556202e-65,0.00013243964670731247,-0.01061779326625361
1770280390.5574377,1.2023319173938034,0.0,0.02684183714210987,1.2402560833096503,0.0,0.11093349673986434,0.0,-0.5,-0.021047450743272078,-1.429812946599561e-65,7.365942142228056e-05,-0.010566433104875681
1770280390.9638808,1.2023319173938034,0.0,0.02684183714210987,1.2402560833096503,0.0,0.11093349673986434,0.0,-0.5,-0.021047450743272078,-9.69319198450475e-66,-1.1858183327659647e-05,-0.010526348040447204
1770280391.370559,1.2023319173938034,0.0,0.02684183714210987,1.2402560833096503,0.0,0.11093349673986434,0.0,-0.5,-0.021047450743272078,-7.529122628688004e-66,0.00011894417148442027,-0.010596277692859457
1770280391.7788465,1.2023319173938034,0.0,0.02684183714210987,1.2402560833096503,0.0,0.11093349673986434,0.0,-0.5,-0.021047450743272078,-5.847956065592839e-66,0.00013889184619302958,-0.010595166062203416
1770280392.1855774,1.2023319173938034,0.0,0.02684183714210987,1.2402560833096503,0.0,0.11093349673986434,0.0,-0.5,-0.021047450743272078,-4.5420145012883497e-66,0.00014481732013883733,-0.010596726579100038
1770280392.5925698,1.2023319173938034,0.0,0.02684183714210987,1.2402560833096503,0.0,0.11093349673986434,0.0,-0.5,-0.021047450743272078,-3.5275695130032237e-66,0.00014453534649174678,-0.010596021242246621
1770280392.998469,1.2023319173938034,0.0,0.02684183714210987,1.2402560833096503,0.0,0.11093349673986434,0.0,-0.5,-0.021047450743272078,-2.5160879558152216e-66,-3.8174015527694e-06,-0.010536651945664105
1770280393.4067817,1.2023319173938034,0.0,0.02684183714210987,1.2402560833096503,0.0,0.11093349673986434,0.0,-0.5,-0.021047450743272078,-1.9542453279779614e-66,4.996404093384739e-05,-0.010554085536351624
1770280393.813258,1.2023319173938034,0.0,0.02684183714210987,1.2402560833096503,0.0,0.11093349673986434,0.0,-0.5,-0.021047450743272078,-1.5177464462826914e-66,0.00016851276228411468,-0.010619836624913122
1770280394.2190294,1.2023319173938034,0.0,0.02684183714210987,1.2402560833096503,0.0,0.11093349673986434,0.0,-0.5,-0.021047450743272078,-1.1786610575025087e-66,-5.984342269742133e-05,-0.010516639278785482
1770280394.6248224,1.2023319173938034,0.0,0.02684183714210987,1.2402560833096503,0.0,0.11093349673986434,0.0,-0.5,-0.021047450743272078,-9.152353377151793e-67,0.00024389510922102604,-0.010676046779438397
1770280395.031665,1.2023319173938034,0.0,0.02684183714210987,1.2402560833096503,0.0,0.11093349673986434,0.0,-0.5,-0.021047450743272078,-8.313758414918822e-67,7.271541664552239e-05,-0.01057720104921635
1770280395.4385858,1.2023319173938034,0.0,0.02684183714210987,1.2402560833096503,0.0,0.11093349673986434,0.0,-0.5,-0.021047450743272078,-6.463195430313449e-67,0.00020686897083295485,-0.01064057521247126
1770280395.8454309,1.2023319173938034,0.0,0.02684183714210987,1.2402560833096503,0.0,0.11093349673986434,0.0,-0.5,-0.021047450743272078,-5.025772771289357e-67,0.0002556653601110827,-0.010656437690619393
1770280396.2528586,1.2023319173938034,0.0,0.02684183714210987,1.2402560833096503,0.0,0.11093349673986434,0.0,-0.5,-0.021047450743272078,-3.9052465089712446e-67,0.0003675703366455848,-0.010718701037612282
1770280396.6608613,1.2023319173938034,0.0,0.02684183714210987,1.2402560833096503,0.0,0.11093349673986434,0.0,-0.5,-0.021047450743272078,-3.031569910753192e-67,0.0002105832116640301,-0.01064471568996621
1770280397.0673535,1.2023319173938034,0.0,0.02684183714210987,1.2402560833096503,0.0,0.11093349673986434,0.0,-0.5,-0.021047450743272078,-2.0572773032882657e-67,0.0003687900431146541,-0.01072394107633843
1770280397.4743326,1.2023319173938034,0.0,0.02684183714210987,1.2402560833096503,0.0,0.11093349673986434,0.0,-0.5,-0.021047450743272078,-1.5973954732544326e-67,0.00028192506109633815,-0.01067337440038604
1770280397.881793,1.2023319173938034,0.0,0.02684183714210987,1.2402560833096503,0.0,0.11093349673986434,0.0,-0.5,-0.021047450743272078,-1.2401933497635443e-67,0.00029652318847954516,-0.010673446778614131
1770280398.2889206,1.2023319173938034,0.0,0.02684183714210987,1.2402560833096503,0.0,0.11093349673986434,0.0,-0.5,-0.021047450743272078,-9.628685293508254e-68,0.00018703314437373023,-0.010628190948233486
1770280398.6959732,1.2023319173938034,0.0,0.02684183714210987,1.2402560833096503,0.0,0.11093349673986434,0.0,-0.5,-0.021047450743272078,-6.868046686898491e-68,7.34041618618185e-05,-0.01057179035081814
1770280399.1040006,1.2023319173938034,0.0,0.02684183714210987,1.2402560833096503,0.0,0.11093349673986434,0.0,-0.5,-0.021047450743272078,-5.331610367710244e-68,0.00010610932837925538,-0.01058005055247741
1770280399.5127726,1.2023319173938034,0.0,0.02684183714210987,1.2402560833096503,0.0,0.11093349673986434,0.0,-0.5,-0.021047450743272078,-4.138906050644113e-68,-0.00010229759978231505,-0.010493417264561038
1770280399.9192343,1.2023319173938034,0.0,0.02684183714210987,1.2402560833096503,0.0,0.11093349673986434,0.0,-0.5,-0.021047450743272078,-3.212781406066985e-68,6.322340814197982e-05,-0.010571889176499458
1770280400.3261714,1.2023319173938034,0.0,0.02684183714210987,1.2402560833096503,0.0,0.11093349673986434,0.0,-0.5,-0.021047450743272078,-2.494242240102584e-68,0.00026381745031517714,-0.010675693501010948
1770280400.7334583,1.2023319173938034,0.0,0.02684183714210987,1.2402560833096503,0.0,0.11093349673986434,0.0,-0.5,-0.021047450743272078,-2.2625456000277874e-68,0.00030360064632427,-0.010679504014399084
1770280401.1401901,1.2023319173938034,0.0,0.02684183714210987,1.2402560833096503,0.0,0.11093349673986434,0.0,-0.5,-0.021047450743272078,-1.756700524839886e-68,0.00021836342980485014,-0.010641430808190406
1770280401.5469608,1.2023319173938034,0.0,0.02684183714210987,1.2402560833096503,0.0,0.11093349673986434,0.0,-0.5,-0.021047450743272078,-1.3637120396954083e-68,0.00032210796828905443,-0.010695153809628988
1770280401.954142,1.2023319173938034,0.0,0.02684183714210987,1.2402560833096503,0.0,0.11093349673986434,0.0,-0.5,-0.021047450743272078,-1.0587134728318802e-68,0.0003479300756136292,-0.01070027262017531
1770280402.360139,1.2023319173938034,0.0,0.02684183714210987,1.2402560833096503,0.0,0.11093349673986434,0.0,-0.5,-0.021047450743272078,-8.220266089378806e-69,0.0002971141338160708,-0.01067736403272383
1770280402.7675867,1.2023319173938034,0.0,0.02684183714210987,1.2402560833096503,0.0,0.11093349673986434,0.0,-0.5,-0.021047450743272078,-5.581827099416246e-69,0.0002089543409028019,-0.010637018521378768
1770280403.1733363,1.2023319173938034,0.0,0.02684183714210987,1.2402560833096503,0.0,0.11093349673986434,0.0,-0.5,-0.021047450743272078,-4.3340872857617764e-69,0.00011827774504766959,-0.010591931903745386
1770280403.580687,1.2023319173938034,0.0,0.02684183714210987,1.2402560833096503,0.0,0.11093349673986434,0.0,-0.5,-0.021047450743272078,-3.365391936034891e-69,0.0001513484939501283,-0.01060270669350135
1770280403.9870026,1.2023319173938034,0.0,0.02684183714210987,1.2402560833096503,0.0,0.11093349673986434,0.0,-0.5,-0.021047450743272078,-2.613318061619087e-69,0.00015411175189320627,-0.01060105757337695
1770280404.3966553,1.2023319173938034,0.0,0.02684183714210987,1.2402560833096503,0.0,0.11093349673986434,0.0,-0.5,-0.021047450743272078,-1.865573837211413e-69,-0.00013553548135230773,-0.010484922354284436
1770280404.8040762,1.2023319173938034,0.0,0.02684183714210987,1.2402560833096503,0.0,0.11093349673986434,0.0,-0.5,-0.021047450743272078,-1.4493469774074046e-69,-0.00027863696481020034,-0.010398717037576728
1770280405.209644,1.2023319173938034,0.0,0.02684183714210987,1.2402560833096503,0.0,0.11093349673986434,0.0,-0.5,-0.021047450743272078,-1.1257065574638858e-69,0.00015723514149341544,-0.010645930153013109
1770280405.6175957,1.2023319173938034,0.0,0.02684183714210987,1.2402560833096503,0.0,0.11093349673986434,0.0,-0.5,-0.021047450743272078,-8.739698877169103e-70,9.39289724264664e-05,-0.010577020474755967
1770280406.0235045,1.2023319173938034,0.0,0.02684183714210987,1.2402560833096503,0.0,0.11093349673986434,0.0,-0.5,-0.021047450743272078,-6.784970143410997e-70,0.00022782682033081644,-0.010651028566591883
1770280406.431715,1.2023319173938034,0.0,0.02684183714210987,1.2402560833096503,0.0,0.11093349673986434,0.0,-0.5,-0.021047450743272078,-5.833489450986979e-70,0.0002108999361263308,-0.010630868028119652
1770280406.8393776,1.2023319173938034,0.0,0.02684183714210987,1.2402560833096503,0.0,0.11093349673986434,0.0,-0.5,-0.021047450743272078,-4.529668417358803e-70,0.00013017599071832146,-0.010596885761536001
1770280407.245928,1.2023319173938034,0.0,0.02684183714210987,1.2402560833096503,0.0,0.11093349673986434,0.0,-0.5,-0.021047450743272078,-3.517143092822462e-70,0.00013055635244695366,-0.010589041584032378
1770280407.6515834,1.2023319173938034,0.0,0.02684183714210987,1.2402560833096503,0.0,0.11093349673986434,0.0,-0.5,-0.021047450743272078,-2.7307688897679378e-70,0.00032164626017723417,-0.010703657492497685
1770280408.0580142,1.2023319173938034,0.0,0.02684183714210987,1.2402560833096503,0.0,0.11093349673986434,0.0,-0.5,-0.021047450743272078,-2.1205898111061024e-70,0.0002744641366584946,-0.010665675652317162
1770280408.4676394,1.2023319173938034,0.0,0.02684183714210987,1.2402560833096503,0.0,0.11093349673986434,0.0,-0.5,-0.021047450743272078,-1.5185259435498248e-70,0.0002020359343936476,-0.010631986159059349
1770280408.8736212,1.2023319173938034,0.0,0.02684183714210987,1.2402560833096503,0.0,0.11093349673986434,0.0,-0.5,-0.021047450743272078,-1.1792225842881076e-70,-5.431396849643147e-05,-0.01052220337767683
1770280409.279426,1.2023319173938034,0.0,0.02684183714210987,1.2402560833096503,0.0,0.11093349673986434,0.0,-0.5,-0.021047450743272078,-9.156817167534956e-71,6.632433901617365e-05,-0.010568951371895386
1770280409.6865218,1.2023319173938034,0.0,0.02684183714210987,1.2402560833096503,0.0,0.11093349673986434,0.0,-0.5,-0.021047450743272078,-7.109502192322501e-71,7.133848631256278e-05,-0.01055989602952196
1770280410.0916622,1.2023319173938034,0.0,0.02684183714210987,1.2402560833096503,0.0,0.11093349673986434,0.0,-0.5,-0.021047450743272078,-5.520659943750235e-71,-1.3390680945819932e-05,-0.010525502947888968
1770280410.497508,1.2023319173938034,0.0,0.02684183714210987,1.2402560833096503,0.0,0.11093349673986434,0.0,-0.5,-0.021047450743272078,-3.941368717125618e-71,0.0002489176226775504,-0.01067441501333715
1770280410.9045446,1.2023319173938034,0.0,0.02684183714210987,1.2402560833096503,0.0,0.11093349673986434,0.0,-0.5,-0.021047450743272078,-3.0604174841362196e-71,0.0003068592944742626,-0.010682949186052842
1770280411.3131633,1.2023319173938034,0.0,0.02684183714210987,1.2402560833096503,0.0,0.11093349673986434,0.0,-0.5,-0.021047450743272078,-2.3772352251978553e-71,0.0002950133506463889,-0.010672416641342022
1770280411.7226732,1.2023319173938034,0.0,0.02684183714210987,1.2402560833096503,0.0,0.11093349673986434,0.0,-0.5,-0.021047450743272078,-1.8480908726903037e-71,0.0002490636096302695,-0.010652852150552786
1770280412.1303866,1.2023319173938034,0.0,0.02684183714210987,1.2402560833096503,0.0,0.11093349673986434,0.0,-0.5,-0.021047450743272078,-1.589173253599568e-71,0.00023161333809480216,-0.010641277067836985
1770280412.5387075,1.2023319173938034,0.0,0.02684183714210987,1.2402560833096503,0.0,0.11093349673986434,0.0,-0.5,-0.021047450743272078,-1.2338407756898148e-71,0.000507319007470152,-0.01080495544230865
1770280412.9453151,1.2023319173938034,0.0,0.02684183714210987,1.2402560833096503,0.0,0.11093349673986434,0.0,-0.5,-0.021047450743272078,-9.580119423479218e-72,0.00051221104161989,-0.010780320095860958
1770280413.352808,1.2023319173938034,0.0,0.02684183714210987,1.2402560833096503,0.0,0.11093349673986434,0.0,-0.5,-0.021047450743272078,-7.438810607304987e-72,0.00035241128113646855,-0.010715910988252616
1770280413.7592888,1.2023319173938034,0.0,0.02684183714210987,1.2402560833096503,0.0,0.11093349673986434,0.0,-0.5,-0.021047450743272078,-5.774741458262575e-72,0.0004221016290288079,-0.010741745220939678
1770280414.1661181,1.2023319173938034,0.0,0.02684183714210987,1.2402560833096503,0.0,0.11093349673986434,0.0,-0.5,-0.021047450743272078,-4.1381886350035273e-72,0.00018426117692863127,-0.01063964000531037
1770280414.5730052,1.2023319173938034,0.0,0.02684183714210987,1.2402560833096503,0.0,0.11093349673986434,0.0,-0.5,-0.021047450743272078,-3.2129115010991765e-72,7.645073103059732e-05,-0.01057273178174114
1770280414.9803061,1.2023319173938034,0.0,0.02684183714210987,1.2402560833096503,0.0,0.11093349673986434,0.0,-0.5,-0.021047450743272078,-2.49503507529669e-72,0.0001723176413149281,-0.010619470883321935
1770280415.3868973,1.2023319173938034,0.0,0.02684183714210987,1.2402560833096503,0.0,0.11093349673986434,0.0,-0.5,-0.021047450743272078,-1.937383030772629e-72,-2.865749274562266e-05,-0.010529494138669283
1770280415.7966006,1.2023319173938034,0.0,0.02684183714210987,1.2402560833096503,0.0,0.11093349673986434,0.0,-0.5,-0.021047450743272078,-1.329080815542928e-72,-3.0311478673867926e-05,-0.01050873503089193
1770280416.2035031,1.2023319173938034,0.0,0.02684183714210987,1.2402560833096503,0.0,0.11093349673986434,0.0,-0.5,-0.021047450743272078,-1.0318499701592053e-72,0.00018752014805016294,-0.010639268608333523
1770280416.6113222,1.2023319173938034,0.0,0.02684183714210987,1.2402560833096503,0.0,0.11093349673986434,0.0,-0.5,-0.021047450743272078,-8.00853281224224e-73,0.00017621053623794017,-0.01061296160093623
1770280417.0172887,1.2023319173938034,0.0,0.02684183714210987,1.2402560833096503,0.0,0.11093349673986434,0.0,-0.5,-0.021047450743272078,-6.478901707538401e-73,0.000220293221355205,-0.010638280250825367
1770280417.4246483,1.2023319173938034,0.0,0.02684183714210987,1.2402560833096503,0.0,0.11093349673986434,0.0,-0.5,-0.021047450743272078,-4.8246227384109434e-73,0.000368084580356749,-0.01072254679771457
1770280417.8309364,1.2023319173938034,0.0,0.02684183714210987,1.2402560833096503,0.0,0.11093349673986434,0.0,-0.5,-0.021047450743272078,-4.3197133511740185e-73,0.0003869376863109325,-0.010719079525386923
1770280418.2378664,1.2023319173938034,0.0,0.02684183714210987,1.2402560833096503,0.0,0.11093349673986434,0.0,-0.5,-0.021047450743272078,-3.354694348206171e-73,0.00023885532988475808,-0.010657961272221036
1770280418.644767,1.2023319173938034,0.0,0.02684183714210987,1.2402560833096503,0.0,0.11093349673986434,0.0,-0.5,-0.021047450743272078,-2.6051699025763678e-73,0.00043691534714496627,-0.010761989046934543
1770280419.0533953,1.2023319173938034,0.0,0.02684183714210987,1.2402560833096503,0.0,0.11093349673986434,0.0,-0.5,-0.021047450743272078,-2.02315328433961e-73,-7.038933468438193e-05,-0.010539261172476782
1770280419.4629042,1.2023319173938034,0.0,0.02684183714210987,1.2402560833096503,0.0,0.11093349673986434,0.0,-0.5,-0.021047450743272078,-1.449573397646179e-73,3.111392136537311e-05,-0.0105494326579237
1770280419.8694487,1.2023319173938034,0.0,0.02684183714210987,1.2402560833096503,0.0,0.11093349673986434,0.0,-0.5,-0.021047450743272078,-1.1259120761757717e-73,4.056965007050716e-05,-0.010544955769541807
1770280420.2740867,1.2023319173938034,0.0,0.02684183714210987,1.2402560833096503,0.0,0.11093349673986434,0.0,-0.5,-0.021047450743272078,-8.746766370526602e-74,-0.0001808564084398024,-0.010455439773267168
1770280420.681734,1.2023319173938034,0.0,0.02684183714210987,1.2402560833096503,0.0,0.11093349673986434,0.0,-0.5,-0.021047450743272078,-6.7895951966898716e-74,1.2528968112751226e-05,-0.01054932839334767
1770280421.0884116,1.2023319173938034,0.0,0.02684183714210987,1.2402560833096503,0.0,0.11093349673986434,0.0,-0.5,-0.021047450743272078,-5.275024121653535e-74,0.00025165947900181597,-0.010673468162225853
1770280421.493525,1.2023319173938034,0.0,0.02684183714210987,1.2402560833096503,0.0,0.11093349673986434,0.0,-0.5,-0.021047450743272078,-4.095150976099998e-74,0.00018451915733904572,-0.010622698982471838
1770280421.9005623,1.2023319173938034,0.0,0.02684183714210987,1.2402560833096503,0.0,0.11093349673986434,0.0,-0.5,-0.021047450743272078,-2.7887978076419734e-74,0.00038739360256346335,-0.010737709617440213
1770280422.3066638,1.2023319173938034,0.0,0.02684183714210987,1.2402560833096503,0.0,0.11093349673986434,0.0,-0.5,-0.021047450743272078,-2.16469834006776e-74,0.00032290497013563307,-0.01069162671994664
1770280422.7122576,1.2023319173938034,0.0,0.02684183714210987,1.2402560833096503,0.0,0.11093349673986434,0.0,-0.5,-0.021047450743272078,-1.6800034328194438e-74,0.0003078506780837804,-0.010679156139883116
1770280423.1174536,1.2023319173938034,0.0,0.02684183714210987,1.2402560833096503,0.0,0.11093349673986434,0.0,-0.5,-0.021047450743272078,-1.303988676860268e-74,0.0002563986944556655,-0.010657069917226683
1770280423.5242193,1.2023319173938034,0.0,0.02684183714210987,1.2402560833096503,0.0,0.11093349673986434,0.0,-0.5,-0.021047450743272078,-1.012164588578282e-74,-2.7438192157298988e-05,-0.010538389964218686
1770280423.9331503,1.2023319173938034,0.0,0.02684183714210987,1.2402560833096503,0.0,0.11093349673986434,0.0,-0.5,-0.021047450743272078,-9.140940020715822e-75,0.00023083046991877833,-0.010664967472803035
1770280424.3402488,1.2023319173938034,0.0,0.02684183714210987,1.2402560833096503,0.0,0.11093349673986434,0.0,-0.5,-0.021047450743272078,-7.09822643966448e-75,0.00017453828628157805,-0.010616623733140547
1770280424.7466574,1.2023319173938034,0.0,0.02684183714210987,1.2402560833096503,0.0,0.11093349673986434,0.0,-0.5,-0.021047450743272078,-5.512413644498195e-75,0.00022796799575708354,-0.01064305234046213
1770280425.1533632,1.2023319173938034,0.0,0.02684183714210987,1.2402560833096503,0.0,0.11093349673986434,0.0,-0.5,-0.021047450743272078,-4.279639550561956e-75,0.0001477144001150226,-0.010605607931257756
1770280425.55769,1.2023319173938034,0.0,0.02684183714210987,1.2402560833096503,0.0,0.11093349673986434,0.0,-0.5,-0.021047450743272078,-3.3228383283505474e-75,-3.639821000855162e-05,-0.01052393752764412
1770280425.9648175,1.2023319173938034,0.0,0.02684183714210987,1.2402560833096503,0.0,0.11093349673986434,0.0,-0.5,-0.021047450743272078,-2.3830578412591046e-75,0.00010146137428476587,-0.010588242017207754
1770280426.3732796,1.2023319173938034,0.0,0.02684183714210987,1.2402560833096503,0.0,0.11093349673986434,0.0,-0.5,-0.021047450743272078,-1.8498993240533185e-75,0.00027968643178080915,-0.010681391093276048
1770280426.78058,1.2023319173938034,0.0,0.02684183714210987,1.2402560833096503,0.0,0.11093349673986434,0.0,-0.5,-0.021047450743272078,-1.4374455519914995e-75,0.00045883561704194623,-0.010771058098683126
1770280427.1872015,1.2023319173938034,0.0,0.02684183714210987,1.2402560833096503,0.0,0.11093349673986434,0.0,-0.5,-0.021047450743272078,-1.1165279304073366e-75,3.5627242053285e-05,-0.010583859830161546
1770280427.5920105,1.2023319173938034,0.0,0.02684183714210987,1.2402560833096503,0.0,0.11093349673986434,0.0,-0.5,-0.021047450743272078,-8.667788235694981e-76,0.00010156697446747038,-0.010581102832111193
1770280428.0003726,1.2023319173938034,0.0,0.02684183714210987,1.2402560833096503,0.0,0.11093349673986434,0.0,-0.5,-0.021047450743272078,-5.852702879516986e-76,2.4764799639164775e-05,-0.010543787988938451
1770280428.4072847,1.2023319173938034,0.0,0.02684183714210987,1.2402560833096503,0.0,0.11093349673986434,0.0,-0.5,-0.021047450743272078,-4.541600386608003e-76,-1.532348532273956e-05,-0.01052007245747086
1770280428.8151734,1.2023319173938034,0.0,0.02684183714210987,1.2402560833096503,0.0,0.11093349673986434,0.0,-0.5,-0.021047450743272078,-3.523996073282935e-76,0.00014923969716766614,-0.010614801538468912
1770280429.2212143,1.2023319173938034,0.0,0.02684183714210987,1.2402560833096503,0.0,0.11093349673986434,0.0,-0.5,-0.021047450743272078,-2.7358817574903875e-76,4.7759790810554846e-05,-0.010557753257677027
1770280429.6262605,1.2023319173938034,0.0,0.02684183714210987,1.2402560833096503,0.0,0.11093349673986434,0.0,-0.5,-0.021047450743272078,-2.1236680390340588e-76,7.264216450737659e-05,-0.01056253469125941
1770280430.033265,1.2023319173938034,0.0,0.02684183714210987,1.2402560833096503,0.0,0.11093349673986434,0.0,-0.5,-0.021047450743272078,-1.9325821054305005e-76,3.904089756994699e-05,-0.010546605947114755
1770280430.4405084,1.2023319173938034,0.0,0.02684183714210987,1.2402560833096503,0.0,0.11093349673986434,0.0,-0.5,-0.021047450743272078,-1.4997201845427472e-76,0.00014668732275387246,-0.010607833675531367
1770280430.846222,1.2023319173938034,0.0,0.02684183714210987,1.2402560833096503,0.0,0.11093349673986434,0.0,-0.5,-0.021047450743272078,-1.1645367835988117e-76,-0.00020425308203245502,-0.010456692871098443
1770280431.2527874,1.2023319173938034,0.0,0.02684183714210987,1.2402560833096503,0.0,0.11093349673986434,0.0,-0.5,-0.021047450743272078,-9.057494222998542e-77,-0.0002916618797067097,-0.01038663531155011
1770280431.65786,1.2023319173938034,0.0,0.02684183714210987,1.2402560833096503,0.0,0.11093349673986434,0.0,-0.5,-0.021047450743272078,-7.086553639464381e-77,0.00023378121293073442,-0.010693160287365151
1770280432.0642273,1.2023319173938034,0.0,0.02684183714210987,1.2402560833096503,0.0,0.11093349673986434,0.0,-0.5,-0.021047450743272078,-4.851558201829312e-77,0.00034182120508484946,-0.010705439973393877
1770280432.4717407,1.2023319173938034,0.0,0.02684183714210987,1.2402560833096503,0.0,0.11093349673986434,0.0,-0.5,-0.021047450743272078,-3.77101156394279e-77,0.0001856099652536662,-0.010632151478245989
1770280432.8803854,1.2023319173938034,0.0,0.02684183714210987,1.2402560833096503,0.0,0.11093349673986434,0.0,-0.5,-0.021047450743272078,-2.9254891890729623e-77,0.0001178172083981999,-0.010589413251520687
1770280433.2879076,1.2023319173938034,0.0,0.02684183714210987,1.2402560833096503,0.0,0.11093349673986434,0.0,-0.5,-0.021047450743272078,-2.269948082644183e-77,0.00013970633026871775,-0.01059576744895745
1770280433.6959088,1.2023319173938034,0.0,0.02684183714210987,1.2402560833096503,0.0,0.11093349673986434,0.0,-0.5,-0.021047450743272078,-1.6190691591838076e-77,0.0003123507621942781,-0.010697165195925736
1770280434.1031642,1.2023319173938034,0.0,0.02684183714210987,1.2402560833096503,0.0,0.11093349673986434,0.0,-0.5,-0.021047450743272078,-1.2564990333107508e-77,0.0001675940595633431,-0.010621998071680804
1770280434.5107923,1.2023319173938034,0.0,0.02684183714210987,1.2402560833096503,0.0,0.11093349673986434,0.0,-0.5,-0.021047450743272078,-9.750326315432558e-78,0.0002427728571926152,-0.010652629679995274
1770280434.9183385,1.2023319173938034,0.0,0.02684183714210987,1.2402560833096503,0.0,0.11093349673986434,0.0,-0.5,-0.021047450743272078,-7.565738149797177e-78,0.0005243343712454656,-0.010814048708664058
1770280435.3243792,1.2023319173938034,0.0,0.02684183714210987,1.2402560833096503,0.0,0.11093349673986434,0.0,-0.5,-0.021047450743272078,-5.87047307391718e-78,0.00026296302519929687,-0.010681344018840303
1770280435.73193,1.2023319173938034,0.0,0.02684183714210987,1.2402560833096503,0.0,0.11093349673986434,0.0,-0.5,-0.021047450743272078,-5.321748794465054e-78,0.00018109185679467647,-0.01062245841687384
1770280436.1407187,1.2023319173938034,0.0,0.02684183714210987,1.2402560833096503,0.0,0.11093349673986434,0.0,-0.5,-0.021047450743272078,-4.1295127690369627e-78,0.00015614597247608342,-0.01060429294630594
1770280436.5495672,1.2023319173938034,0.0,0.02684183714210987,1.2402560833096503,0.0,0.11093349673986434,0.0,-0.5,-0.021047450743272078,-3.204514280679223e-78,-6.090445943681644e-06,-0.010536903790506175
1770280436.9568772,1.2023319173938034,0.0,0.02684183714210987,1.2402560833096503,0.0,0.11093349673986434,0.0,-0.5,-0.021047450743272078,-2.486496108980132e-78,0.0002528697298757596,-0.010676056254155863
1770280437.364127,1.2023319173938034,0.0,0.02684183714210987,1.2402560833096503,0.0,0.11093349673986434,0.0,-0.5,-0.021047450743272078,-1.6867455443420847e-78,9.451943457698732e-05,-0.01058682011845441
1770280437.7719347,1.2023319173938034,0.0,0.02684183714210987,1.2402560833096503,0.0,0.11093349673986434,0.0,-0.5,-0.021047450743272078,-1.3087326975311254e-78,2.6811806763882653e-05,-0.01054390203779929
1770280438.1787927,1.2023319173938034,0.0,0.02684183714210987,1.2402560833096503,0.0,0.11093349673986434,0.0,-0.5,-0.021047450743272078,-1.0155049685209899e-78,3.5355046501923476e-06,-0.010527820754172504
1770280438.5846672,1.2023319173938034,0.0,0.02684183714210987,1.2402560833096503,0.0,0.11093349673986434,0.0,-0.5,-0.021047450743272078,-7.880206010335385e-79,0.00023857448885777004,-0.01066651651448568
1770280438.9895313,1.2023319173938034,0.0,0.02684183714210987,1.2402560833096503,0.0,0.11093349673986434,0.0,-0.5,-0.021047450743272078,-6.113095282635606e-79,0.0003545198002484161,-0.010712579802899313
1770280439.3968647,1.2023319173938034,0.0,0.02684183714210987,1.2402560833096503,0.0,0.11093349673986434,0.0,-0.5,-0.021047450743272078,-4.3592453235105106e-79,0.00034602350406390183,-0.010697586753286442
1770280439.8036113,1.2023319173938034,0.0,0.02684183714210987,1.2402560833096503,0.0,0.11093349673986434,0.0,-0.5,-0.021047450743272078,-3.382649095020206e-79,0.0004251979754274927,-0.010744241806486145
1770280440.2115345,1.2023319173938034,0.0,0.02684183714210987,1.2402560833096503,0.0,0.11093349673986434,0.0,-0.5,-0.021047450743272078,-2.6244864986173005e-79,0.00022291307323328417,-0.010655410398472103
1770280440.618581,1.2023319173938034,0.0,0.02684183714210987,1.2402560833096503,0.0,0.11093349673986434,0.0,-0.5,-0.021047450743272078,-2.036631434560761e-79,8.54483114225654e-05,-0.010580196003528395
1770280441.0262995,1.2023319173938034,0.0,0.02684183714210987,1.2402560833096503,0.0,0.11093349673986434,0.0,-0.5,-0.021047450743272078,-1.5803516729675494e-79,2.3944911965044944e-05,-0.010541848167564314
1770280441.4337716,1.2023319173938034,0.0,0.02684183714210987,1.2402560833096503,0.0,0.11093349673986434,0.0,-0.5,-0.021047450743272078,-1.4332489109580928e-79,-0.00016034196664715472,-0.010461983076173681
1770280441.8403745,1.2023319173938034,0.0,0.02684183714210987,1.2402560833096503,0.0,0.11093349673986434,0.0,-0.5,-0.021047450743272078,-1.1119984394420392e-79,-7.732169742616333e-05,-0.010493366549845057
1770280442.2488863,1.2023319173938034,0.0,0.02684183714210987,1.2402560833096503,0.0,0.11093349673986434,0.0,-0.5,-0.021047450743272078,-8.627887326336555e-80,2.0508361122302472e-05,-0.010543762558052037
1770280442.6564045,1.2023319173938034,0.0,0.02684183714210987,1.2402560833096503,0.0,0.11093349673986434,0.0,-0.5,-0.021047450743272078,-6.694537243277816e-80,2.654047922424743e-05,-0.010537598823058358
1770280443.0637708,1.2023319173938034,0.0,0.02684183714210987,1.2402560833096503,0.0,0.11093349673986434,0.0,-0.5,-0.021047450743272078,-4.539590849788185e-80,0.00022729962782934478,-0.010657451100411221
1770280443.4708703,1.2023319173938034,0.0,0.02684183714210987,1.2402560833096503,0.0,0.11093349673986434,0.0,-0.5,-0.021047450743272078,-3.522797497974054e-80,0.0003555831544790034,-0.010714345301540506
1770280443.8789432,1.2023319173938034,0.0,0.02684183714210987,1.2402560833096503,0.0,0.11093349673986434,0.0,-0.5,-0.021047450743272078,-2.733498433629581e-80,0.0003933640367518594,-0.010724185478239254
1770280444.2874653,1.2023319173938034,0.0,0.02684183714210987,1.2402560833096503,0.0,0.11093349673986434,0.0,-0.5,-0.021047450743272078,-2.120952766532646e-80,0.0002234928435240777,-0.010652458912720857
1770280444.6934888,1.2023319173938034,0.0,0.02684183714210987,1.2402560833096503,0.0,0.11093349673986434,0.0,-0.5,-0.021047450743272078,-1.645558750935056e-80,0.00015333251596857475,-0.010607407662375877
1770280445.101631,1.2023319173938034,0.0,0.02684183714210987,1.2402560833096503,0.0,0.11093349673986434,0.0,-0.5,-0.021047450743272078,-1.1726757438040282e-80,0.0003992562486444384,-0.010747945869225844
1770280445.5103981,1.2023319173938034,0.0,0.02684183714210987,1.2402560833096503,0.0,0.11093349673986434,0.0,-0.5,-0.021047450743272078,-9.09848914726069e-81,0.00026872681454959634,-0.01067114172232032
1770280445.917742,1.2023319173938034,0.0,0.02684183714210987,1.2402560833096503,0.0,0.11093349673986434,0.0,-0.5,-0.021047450743272078,-7.059100956862621e-81,0.0003301385216309443,-0.010694935803159646
1770280446.3235576,1.2023319173938034,0.0,0.02684183714210987,1.2402560833096503,0.0,0.11093349673986434,0.0,-0.5,-0.021047450743272078,-5.476739601521012e-81,-6.804390571247217e-06,-0.010554017467570634
1770280446.7306695,1.2023319173938034,0.0,0.02684183714210987,1.2402560833096503,0.0,0.11093349673986434,0.0,-0.5,-0.021047450743272078,-4.712450626451873e-81,-1.457950221752421e-05,-0.010517213131691905
1770280447.137202,1.2023319173938034,0.0,0.02684183714210987,1.2402560833096503,0.0,0.11093349673986434,0.0,-0.5,-0.021047450743272078,-3.8565856031778655e-81,4.702530238750257e-05,-0.010553398503290293
1770280447.5446577,1.2023319173938034,0.0,0.02684183714210987,1.2402560833096503,0.0,0.11093349673986434,0.0,-0.5,-0.021047450743272078,-2.8472595470053796e-81,0.0002449061979660047,-0.010665966560176892
1770280447.9526532,1.2023319173938034,0.0,0.02684183714210987,1.2402560833096503,0.0,0.11093349673986434,0.0,-0.5,-0.021047450743272078,-2.219555821142805e-81,0.00030365588292331194,-0.010681428281593425
1770280448.3606586,1.2023319173938034,0.0,0.02684183714210987,1.2402560833096503,0.0,0.11093349673986434,0.0,-0.5,-0.021047450743272078,-1.7277668148774965e-81,-6.484874598000279e-05,-0.01052815146153637
1770280448.7678082,1.2023319173938034,0.0,0.02684183714210987,1.2402560833096503,0.0,0.11093349673986434,0.0,-0.5,-0.021047450743272078,-1.2366995408438204e-81,2.6601884182756293e-05,-0.010546171376743694
1770280449.17646,1.2023319173938034,0.0,0.02684183714210987,1.2402560833096503,0.0,0.11093349673986434,0.0,-0.5,-0.021047450743272078,-9.600733277262032e-82,0.0002911862119658482,-0.010695776910397272
1770280449.5835586,1.2023319173938034,0.0,0.02684183714210987,1.2402560833096503,0.0,0.11093349673986434,0.0,-0.5,-0.021047450743272078,-7.455210676814015e-82,0.0002603761361542042,-0.010656994447294307
1770280449.990424,1.2023319173938034,0.0,0.02684183714210987,1.2402560833096503,0.0,0.11093349673986434,0.0,-0.5,-0.021047450743272078,-5.789961099498817e-82,0.0002314936376408559,-0.010642360440307802
1770280450.398741,1.2023319173938034,0.0,0.02684183714210987,1.2402560833096503,0.0,0.11093349673986434,0.0,-0.5,-0.021047450743272078,-4.133134979573926e-82,7.87020441409464e-05,-0.010578355553056504
1770280450.805457,1.2023319173938034,0.0,0.02684183714210987,1.2402560833096503,0.0,0.11093349673986434,0.0,-0.5,-0.021047450743272078,-3.210152309979768e-82,0.00021382403680941767,-0.010644149589307594
1770280451.2122672,1.2023319173938034,0.0,0.02684183714210987,1.2402560833096503,0.0,0.11093349673986434,0.0,-0.5,-0.021047450743272078,-2.4932277887087585e-82,0.00032983620084418565,-0.010700244688461608
1770280451.6205084,1.2023319173938034,0.0,0.02684183714210987,1.2402560833096503,0.0,0.11093349673986434,0.0,-0.5,-0.021047450743272078,-1.9362227346488063e-82,0.00010145360834286686,-0.010597290435057605
1770280452.0275288,1.2023319173938034,0.0,0.02684183714210987,1.2402560833096503,0.0,0.11093349673986434,0.0,-0.5,-0.021047450743272078,-1.5036774569123088e-82,0.00021443499368109978,-0.010642241007010412
1770280452.435346,1.2023319173938034,0.0,0.02684183714210987,1.2402560833096503,0.0,0.11093349673986434,0.0,-0.5,-0.021047450743272078,-1.2928251292365055e-82,-5.6874060621925467e-05,-0.010522419246755378
1770280452.8417544,1.2023319173938034,0.0,0.02684183714210987,1.2402560833096503,0.0,0.11093349673986434,0.0,-0.5,-0.021047450743272078,-1.003327613950932e-82,7.126434245692038e-05,-0.010572171383172384
1770280453.2485256,1.2023319173938034,0.0,0.02684183714210987,1.2402560833096503,0.0,0.11093349673986434,0.0,-0.5,-0.021047450743272078,-7.800288435680164e-83,0.0002881780768998958,-0.010689505783530284
1770280453.6540267,1.2023319173938034,0.0,0.02684183714210987,1.2402560833096503,0.0,0.11093349673986434,0.0,-0.5,-0.021047450743272078,-6.0589362352978876e-83,0.00029035561232161134,-0.010669120931339017
1770280454.0632997,1.2023319173938034,0.0,0.02684183714210987,1.2402560833096503,0.0,0.11093349673986434,0.0,-0.5,-0.021047450743272078,-4.341557204790172e-83,0.0003860285625353217,-0.01072630694792507
1770280454.4703925,1.2023319173938034,0.0,0.02684183714210987,1.2402560833096503,0.0,0.11093349673986434,0.0,-0.5,-0.021047450743272078,-3.372243787891809e-83,0.0006110328240203359,-0.010851742209794709
1770280454.8770645,1.2023319173938034,0.0,0.02684183714210987,1.2402560833096503,0.0,0.11093349673986434,0.0,-0.5,-0.021047450743272078,-2.619005970732927e-83,0.0005202723544513097,-0.010792937595818597
1770280455.2842546,1.2023319173938034,0.0,0.02684183714210987,1.2402560833096503,0.0,0.11093349673986434,0.0,-0.5,-0.021047450743272078,-2.0338980402197512e-83,0.00032328343686903785,-0.010705065981828785
1770280455.692213,1.2023319173938034,0.0,0.02684183714210987,1.2402560833096503,0.0,0.11093349673986434,0.0,-0.5,-0.021047450743272078,-1.5793704040572112e-83,0.0003895769014093692,-0.010725143168794757
1770280456.0989032,1.2023319173938034,0.0,0.02684183714210987,1.2402560833096503,0.0,0.11093349673986434,0.0,-0.5,-0.021047450743272078,-1.1279933774273063e-83,0.0003626536746676289,-0.010707744531644027
1770280456.5055985,1.2023319173938034,0.0,0.02684183714210987,1.2402560833096503,0.0,0.11093349673986434,0.0,-0.5,-0.021047450743272078,-8.442429424088198e-84,6.557433424065382e-05,-0.010586220472799064
1770280456.9124358,1.2023319173938034,0.0,0.02684183714210987,1.2402560833096503,0.0,0.11093349673986434,0.0,-0.5,-0.021047450743272078,-6.804806443341352e-84,9.379207160937917e-05,-0.010573443181177603
1770280457.3179257,1.2023319173938034,0.0,0.02684183714210987,1.2402560833096503,0.0,0.11093349673986434,0.0,-0.5,-0.021047450743272078,-5.285493811640839e-84,-0.000230081079882235,-0.010441072146844083
1770280457.7239678,1.2023319173938034,0.0,0.02684183714210987,1.2402560833096503,0.0,0.11093349673986434,0.0,-0.5,-0.021047450743272078,-4.1045090943256716e-84,0.00011198699705144364,-0.010613925677855128
1770280458.1319551,1.2023319173938034,0.0,0.02684183714210987,1.2402560833096503,0.0,0.11093349673986434,0.0,-0.5,-0.021047450743272078,-3.524773620752006e-84,0.00039532180044689363,-0.01074971975219903
1770280458.5393815,1.2023319173938034,0.0,0.02684183714210987,1.2402560833096503,0.0,0.11093349673986434,0.0,-0.5,-0.021047450743272078,-2.736931791966635e-84,0.00036932872883307374,-0.010710989043213957
1770280458.946517,1.2023319173938034,0.0,0.02684183714210987,1.2402560833096503,0.0,0.11093349673986434,0.0,-0.5,-0.021047450743272078,-2.125279888565076e-84,0.00015426563992220594,-0.01062236450048823
1770280459.3539066,1.2023319173938034,0.0,0.02684183714210987,1.2402560833096503,0.0,0.11093349673986434,0.0,-0.5,-0.021047450743272078,-1.6503925671243225e-84,3.4018231253707574e-05,-0.010552759228129743
1770280459.7606862,1.2023319173938034,0.0,0.02684183714210987,1.2402560833096503,0.0,0.11093349673986434,0.0,-0.5,-0.021047450743272078,-1.2815525405892187e-84,9.379025160437246e-05,-0.010576597699473292
1770280460.1683254,1.2023319173938034,0.0,0.02684183714210987,1.2402560833096503,0.0,0.11093349673986434,0.0,-0.5,-0.021047450743272078,-9.185823089344353e-85,0.0003243276738909963,-0.0107089429508102
1770280460.5750542,1.2023319173938034,0.0,0.02684183714210987,1.2402560833096503,0.0,0.11093349673986434,0.0,-0.5,-0.021047450743272078,-7.133620705267072e-85,0.0004546860978082194,-0.01076410426293187
1770280460.9825609,1.2023319173938034,0.0,0.02684183714210987,1.2402560833096503,0.0,0.11093349673986434,0.0,-0.5,-0.021047450743272078,-5.54008641798084e-85,0.0002942855910143923,-0.010686908217822618
1770280461.3909853,1.2023319173938034,0.0,0.02684183714210987,1.2402560833096503,0.0,0.11093349673986434,0.0,-0.5,-0.021047450743272078,-4.302652159432669e-85,0.000229487264436,-0.010644948836511878
1770280461.7998672,1.2023319173938034,0.0,0.02684183714210987,1.2402560833096503,0.0,0.11093349673986434,0.0,-0.5,-0.021047450743272078,-2.939823248847391e-85,-4.85176772273571e-05,-0.010527267027188697
1770280462.2069376,1.2023319173938034,0.0,0.02684183714210987,1.2402560833096503,0.0,0.11093349673986434,0.0,-0.5,-0.021047450743272078,-2.281753801139446e-85,5.9817159829221e-05,-0.010564467435256306
1770280462.614648,1.2023319173938034,0.0,0.02684183714210987,1.2402560833096503,0.0,0.11093349673986434,0.0,-0.5,-0.021047450743272078,-1.7708806051870268e-85,0.00014149229781608604,-0.010602639034342767
1770280463.021528,1.2023319173938034,0.0,0.02684183714210987,1.2402560833096503,0.0,0.11093349673986434,0.0,-0.5,-0.021047450743272078,-1.3744672939504677e-85,0.00012476226954960705,-0.01058777950923749
1770280463.4295712,1.2023319173938034,0.0,0.02684183714210987,1.2402560833096503,0.0,0.11093349673986434,0.0,-0.5,-0.021047450743272078,-1.2372951256467108e-85,0.0002768189836700785,-0.010677340534883124
1770280463.8367336,1.2023319173938034,0.0,0.02684183714210987,1.2402560833096503,0.0,0.11093349673986434,0.0,-0.5,-0.021047450743272078,-9.603376214332768e-86,0.00017264557093941797,-0.010620465498378813
1770280464.2430246,1.2023319173938034,0.0,0.02684183714210987,1.2402560833096503,0.0,0.11093349673986434,0.0,-0.5,-0.021047450743272078,-7.457824486951784e-86,0.00018996757214170113,-0.010620441357827118
1770280464.649999,1.2023319173938034,0.0,0.02684183714210987,1.2402560833096503,0.0,0.11093349673986434,0.0,-0.5,-0.021047450743272078,-5.790211430933273e-86,0.0001308886245293021,-0.01059507757866193
1770280465.057181,1.2023319173938034,0.0,0.02684183714210987,1.2402560833096503,0.0,0.11093349673986434,0.0,-0.5,-0.021047450743272078,-4.495441491716431e-86,0.00026483181065991174,-0.010669535595579056
1770280465.4646635,1.2023319173938034,0.0,0.02684183714210987,1.2402560833096503,0.0,0.11093349673986434,0.0,-0.5,-0.021047450743272078,-3.222411167531926e-86,0.00037998208246823727,-0.01072523144005099
1770280465.8706558,1.2023319173938034,0.0,0.02684183714210987,1.2402560833096503,0.0,0.11093349673986434,0.0,-0.5,-0.021047450743272078,-2.501882761552455e-86,0.0003418935223536957,-0.01069848098882434
1770280466.2774415,1.2023319173938034,0.0,0.02684183714210987,1.2402560833096503,0.0,0.11093349673986434,0.0,-0.5,-0.021047450743272078,-1.9425208640697012e-86,0.00012088614558145426,-0.01060626918210399
1770280466.6834629,1.2023319173938034,0.0,0.02684183714210987,1.2402560833096503,0.0,0.11093349673986434,0.0,-0.5,-0.021047450743272078,-1.4240471120828727e-86,0.000398749165660854,-0.010750886256474405
1770280467.0903358,1.2023319173938034,0.0,0.02684183714210987,1.2402560833096503,0.0,0.11093349673986434,0.0,-0.5,-0.021047450743272078,-1.1713904462666544e-86,0.000198510058529892,-0.010643004311614081
1770280467.4965599,1.2023319173938034,0.0,0.02684183714210987,1.2402560833096503,0.0,0.11093349673986434,0.0,-0.5,-0.021047450743272078,-7.947243836958659e-87,0.00010368236102450994,-0.010585049321898831
1770280467.9040637,1.2023319173938034,0.0,0.02684183714210987,1.2402560833096503,0.0,0.11093349673986434,0.0,-0.5,-0.021047450743272078,-6.167955052825718e-87,7.88830527044888e-05,-0.010565646828820285
1770280468.310495,1.2023319173938034,0.0,0.02684183714210987,1.2402560833096503,0.0,0.11093349673986434,0.0,-0.5,-0.021047450743272078,-4.787540071987476e-87,9.411884751813832e-05,-0.010572308374876474
1770280468.7172124,1.2023319173938034,0.0,0.02684183714210987,1.2402560833096503,0.0,0.11093349673986434,0.0,-0.5,-0.021047450743272078,-3.7157696102104405e-87,5.709621197161238e-05,-0.010555975741176499
1770280469.1219761,1.2023319173938034,0.0,0.02684183714210987,1.2402560833096503,0.0,0.11093349673986434,0.0,-0.5,-0.021047450743272078,-2.884122725615318e-87,9.214598887910121e-05,-0.01057330334376634
1770280469.5296876,1.2023319173938034,0.0,0.02684183714210987,1.2402560833096503,0.0,0.11093349673986434,0.0,-0.5,-0.021047450743272078,-2.611231270502576e-87,9.162358965413537e-05,-0.010569589406385605
1770280469.9358788,1.2023319173938034,0.0,0.02684183714210987,1.2402560833096503,0.0,0.11093349673986434,0.0,-0.5,-0.021047450743272078,-2.0277788571677617e-87,0.00018925545740143443,-0.010628116287111487
1770280470.342224,1.2023319173938034,0.0,0.02684183714210987,1.2402560833096503,0.0,0.11093349673986434,0.0,-0.5,-0.021047450743272078,-1.574324243497347e-87,0.0003666436161034053,-0.010724785995557939
1770280470.748913,1.2023319173938034,0.0,0.02684183714210987,1.2402560833096503,0.0,0.11093349673986434,0.0,-0.5,-0.021047450743272078,-1.222741139276537e-87,7.144926952509301e-05,-0.010588969441056417
1770280471.1550791,1.2023319173938034,0.0,0.02684183714210987,1.2402560833096503,0.0,0.11093349673986434,0.0,-0.5,-0.021047450743272078,-9.493755122130952e-88,0.000331878735907352,-0.010715707686227942
1770280471.5635295,1.2023319173938034,0.0,0.02684183714210987,1.2402560833096503,0.0,0.11093349673986434,0.0,-0.5,-0.021047450743272078,-6.808854837966478e-88,0.0004126324641723409,-0.010738116976548709
1770280471.970116,1.2023319173938034,0.0,0.02684183714210987,1.2402560833096503,0.0,0.11093349673986434,0.0,-0.5,-0.021047450743272078,-5.286823114266049e-88,0.0001368561900670555,-0.010619731094080096
1770280472.3782313,1.2023319173938034,0.0,0.02684183714210987,1.2402560833096503,0.0,0.11093349673986434,0.0,-0.5,-0.021047450743272078,-4.1048747702185787e-88,0.00030964821238156794,-0.010695828680058273
1770280472.7862194,1.2023319173938034,0.0,0.02684183714210987,1.2402560833096503,0.0,0.11093349673986434,0.0,-0.5,-0.021047450743272078,-3.009826113389953e-88,0.00021119342572769998,-0.010639167563165276
1770280473.193135,1.2023319173938034,0.0,0.02684183714210987,1.2402560833096503,0.0,0.11093349673986434,0.0,-0.5,-0.021047450743272078,-2.4744982497281213e-88,-0.00016273374741324878,-0.01047975121524351
1770280473.600505,1.2023319173938034,0.0,0.02684183714210987,1.2402560833096503,0.0,0.11093349673986434,0.0,-0.5,-0.021047450743272078,-1.667371345258229e-88,-0.00016907924876610422,-0.010439820297388273
1770280474.007547,1.2023319173938034,0.0,0.02684183714210987,1.2402560833096503,0.0,0.11093349673986434,0.0,-0.5,-0.021047450743272078,-1.2940587593233779e-88,-8.374879718257237e-05,-0.010490384018203106
1770280474.4138632,1.2023319173938034,0.0,0.02684183714210987,1.2402560833096503,0.0,0.11093349673986434,0.0,-0.5,-0.021047450743272078,-1.0044549076038649e-88,0.00016336173476518917,-0.010630117292213411
1770280474.8218365,1.2023319173938034,0.0,0.02684183714210987,1.2402560833096503,0.0,0.11093349673986434,0.0,-0.5,-0.021047450743272078,-7.799896515122434e-89,0.0003990317814063282,-0.010746808267003317
1770280475.2291272,1.2023319173938034,0.0,0.02684183714210987,1.2402560833096503,0.0,0.11093349673986434,0.0,-0.5,-0.021047450743272078,-7.099144801160785e-89,0.00016714542807984636,-0.01063048672100861
1770280475.6358309,1.2023319173938034,0.0,0.02684183714210987,1.2402560833096503,0.0,0.11093349673986434,0.0,-0.5,-0.021047450743272078,-5.512456524279046e-89,0.00028735337516419974,-0.010679422853926574
1770280476.0432477,1.2023319173938034,0.0,0.02684183714210987,1.2402560833096503,0.0,0.11093349673986434,0.0,-0.5,-0.021047450743272078,-4.2805673798371375e-89,0.00023507495598843348,-0.010646490691547833
1770280476.4497669,1.2023319173938034,0.0,0.02684183714210987,1.2402560833096503,0.0,0.11093349673986434,0.0,-0.5,-0.021047450743272078,-3.324110540562323e-89,0.000171996532213,-0.010616031480120082
1770280476.8555176,1.2023319173938034,0.0,0.02684183714210987,1.2402560833096503,0.0,0.11093349673986434,0.0,-0.5,-0.021047450743272078,-2.581402657259227e-89,0.00032142352495332787,-0.010699379833386737
1770280477.2629259,1.2023319173938034,0.0,0.02684183714210987,1.2402560833096503,0.0,0.11093349673986434,0.0,-0.5,-0.021047450743272078,-1.749845347254317e-89,0.00038693547561915727,-0.0107237443045122
1770280477.6700401,1.2023319173938034,0.0,0.02684183714210987,1.2402560833096503,0.0,0.11093349673986434,0.0,-0.5,-0.021047450743272078,-1.3588702562023202e-89,0.0002951108779215278,-0.010680463270366565
1770280478.0766344,1.2023319173938034,0.0,0.02684183714210987,1.2402560833096503,0.0,0.11093349673986434,0.0,-0.5,-0.021047450743272078,-1.0552808914846571e-89,3.798904918560201e-05,-0.010568432079102432
1770280478.4827425,1.2023319173938034,0.0,0.02684183714210987,1.2402560833096503,0.0,0.11093349673986434,0.0,-0.5,-0.021047450743272078,-8.195688643016977e-90,5.3689958964078495e-05,-0.010552140442095926
1770280478.889421,1.2023319173938034,0.0,0.02684183714210987,1.2402560833096503,0.0,0.11093349673986434,0.0,-0.5,-0.021047450743272078,-6.364475968675113e-90,-7.215975463654471e-05,-0.010500230465677829
1770280479.2961497,1.2023319173938034,0.0,0.02684183714210987,1.2402560833096503,0.0,0.11093349673986434,0.0,-0.5,-0.021047450743272078,-4.540592015710925e-90,0.00014255158622189133,-0.010616472298832828
1770280479.7042685,1.2023319173938034,0.0,0.02684183714210987,1.2402560833096503,0.0,0.11093349673986434,0.0,-0.5,-0.021047450743272078,-3.526783633567758e-90,0.00015636204917643,-0.010603287442519708
1770280480.112865,1.2023319173938034,0.0,0.02684183714210987,1.2402560833096503,0.0,0.11093349673986434,0.0,-0.5,-0.021047450743272078,-2.7381566016196313e-90,0.00023761600835150854,-0.010650658771729302
1770280480.5189986,1.2023319173938034,0.0,0.02684183714210987,1.2402560833096503,0.0,0.11093349673986434,0.0,-0.5,-0.021047450743272078,-2.126814677969754e-90,-5.925124738690888e-06,-0.010545116922575712
1770280480.9240313,1.2023319173938034,0.0,0.02684183714210987,1.2402560833096503,0.0,0.11093349673986434,0.0,-0.5,-0.021047450743272078,-1.65166908793071e-90,0.0001572851334876393,-0.010618688964202492
1770280481.3320794,1.2023319173938034,0.0,0.02684183714210987,1.2402560833096503,0.0,0.11093349673986434,0.0,-0.5,-0.021047450743272078,-1.5013997655934025e-90,0.00018170958715270325,-0.010617022610578897
1770280481.7389283,1.2023319173938034,0.0,0.02684183714210987,1.2402560833096503,0.0,0.11093349673986434,0.0,-0.5,-0.021047450743272078,-1.1658044402071955e-90,0.00021791304973921692,-0.010636302242764299
1770280482.1458416,1.2023319173938034,0.0,0.02684183714210987,1.2402560833096503,0.0,0.11093349673986434,0.0,-0.5,-0.021047450743272078,-9.052272760105959e-91,0.00033671030507865396,-0.010703960249709309
1770280482.5527582,1.2023319173938034,0.0,0.02684183714210987,1.2402560833096503,0.0,0.11093349673986434,0.0,-0.5,-0.021047450743272078,-7.028620866211935e-91,0.0003117585304595062,-0.010682099814327706
1770280482.957833,1.2023319173938034,0.0,0.02684183714210987,1.2402560833096503,0.0,0.11093349673986434,0.0,-0.5,-0.021047450743272078,-5.458177795374761e-91,0.0002503327517468834,-0.010655034325380742
1770280483.3650022,1.2023319173938034,0.0,0.02684183714210987,1.2402560833096503,0.0,0.11093349673986434,0.0,-0.5,-0.021047450743272078,-3.703432508197197e-91,0.00012805546115363532,-0.010599980831272181
1770280483.773081,1.2023319173938034,0.0,0.02684183714210987,1.2402560833096503,0.0,0.11093349673986434,0.0,-0.5,-0.021047450743272078,-2.8768352495892694e-91,9.14225268604347e-06,-0.010540187818825819
1770280484.1807272,1.2023319173938034,0.0,0.02684183714210987,1.2402560833096503,0.0,0.11093349673986434,0.0,-0.5,-0.021047450743272078,-2.234462006682623e-91,0.00017305785708476433,-0.010626645860618294
1770280484.5871642,1.2023319173938034,0.0,0.02684183714210987,1.2402560833096503,0.0,0.11093349673986434,0.0,-0.5,-0.021047450743272078,-1.735493603863201e-91,0.00011481494503841622,-0.010586957135359882
1770280484.9941046,1.2023319173938034,0.0,0.02684183714210987,1.2402560833096503,0.0,0.11093349673986434,0.0,-0.5,-0.021047450743272078,-1.3479528504256706e-91,-9.206657178103102e-05,-0.010498380237427468
1770280485.4016864,1.2023319173938034,0.0,0.02684183714210987,1.2402560833096503,0.0,0.11093349673986434,0.0,-0.5,-0.021047450743272078,-9.616982534204484e-92,-9.92653695156702e-05,-0.010474812566651668
1770280485.8100932,1.2023319173938034,0.0,0.02684183714210987,1.2402560833096503,0.0,0.11093349673986434,0.0,-0.5,-0.021047450743272078,-7.469077679169218e-92,0.00021110080668293945,-0.01066031239259737
1770280486.216546,1.2023319173938034,0.0,0.02684183714210987,1.2402560833096503,0.0,0.11093349673986434,0.0,-0.5,-0.021047450743272078,-5.801072247727291e-92,0.0002990511160471608,-0.010682045960596041
1770280486.622942,1.2023319173938034,0.0,0.02684183714210987,1.2402560833096503,0.0,0.11093349673986434,0.0,-0.5,-0.021047450743272078,-4.505536125753262e-92,0.00016141931436805955,-0.010618198208987979
1770280487.0307996,1.2023319173938034,0.0,0.02684183714210987,1.2402560833096503,0.0,0.11093349673986434,0.0,-0.5,-0.021047450743272078,-4.08910756977002e-92,0.00037506441929974774,-0.010732622091779082
1770280487.4372816,1.2023319173938034,0.0,0.02684183714210987,1.2402560833096503,0.0,0.11093349673986434,0.0,-0.5,-0.021047450743272078,-3.175183055972471e-92,0.0004937346992754466,-0.010782459749271332
1770280487.8445704,1.2023319173938034,0.0,0.02684183714210987,1.2402560833096503,0.0,0.11093349673986434,0.0,-0.5,-0.021047450743272078,-2.4648702535302953e-92,0.00036688972085082794,-0.010719854729903916
1770280488.2513423,1.2023319173938034,0.0,0.02684183714210987,1.2402560833096503,0.0,0.11093349673986434,0.0,-0.5,-0.021047450743272078,-1.9143768663135345e-92,0.0005420905704906115,-0.010812290741845323
1770280488.6573434,1.2023319173938034,0.0,0.02684183714210987,1.2402560833096503,0.0,0.11093349673986434,0.0,-0.5,-0.021047450743272078,-1.4865249841863139e-92,0.00028986296367238586,-0.010693879614154056
1770280489.0638554,1.2023319173938034,0.0,0.02684183714210987,1.2402560833096503,0.0,0.11093349673986434,0.0,-0.5,-0.021047450743272078,-1.0092085974404504e-92,0.00019407039204588926,-0.010630339824821634
1770280489.4697857,1.2023319173938034,0.0,0.02684183714210987,1.2402560833096503,0.0,0.11093349673986434,0.0,-0.5,-0.021047450743272078,-7.83739990787974e-93,7.668457980573848e-05,-0.010573806242762924
1770280489.8763285,1.2023319173938034,0.0,0.02684183714210987,1.2402560833096503,0.0,0.11093349673986434,0.0,-0.5,-0.021047450743272078,-6.086996750706154e-93,0.00015580854578563312,-0.010609542041126845
1770280490.282809,1.2023319173938034,0.0,0.02684183714210987,1.2402560833096503,0.0,0.11093349673986434,0.0,-0.5,-0.021047450743272078,-4.727300249770982e-93,-4.206686043568286e-05,-0.01052247948204033
1770280490.6877732,1.2023319173938034,0.0,0.02684183714210987,1.2402560833096503,0.0,0.11093349673986434,0.0,-0.5,-0.021047450743272078,-3.670394457459659e-93,0.00012355121723093526,-0.010602062788018169
1770280491.09575,1.2023319173938034,0.0,0.02684183714210987,1.2402560833096503,0.0,0.11093349673986434,0.0,-0.5,-0.021047450743272078,-2.6193397502560198e-93,0.0002846699156523207,-0.010682172199304337
1770280491.5028076,1.2023319173938034,0.0,0.02684183714210987,1.2402560833096503,0.0,0.11093349673986434,0.0,-0.5,-0.021047450743272078,-2.033315074005213e-93,0.00027704879116637813,-0.010663011879667821
1770280491.909721,1.2023319173938034,0.0,0.02684183714210987,1.2402560833096503,0.0,0.11093349673986434,0.0,-0.5,-0.021047450743272078,-1.578480865075937e-93,0.00023821764027752028,-0.010646717306863685
1770280492.3169723,1.2023319173938034,0.0,0.02684183714210987,1.2402560833096503,0.0,0.11093349673986434,0.0,-0.5,-0.021047450743272078,-1.2252658259315732e-93,0.00022792148496358162,-0.010638715729649225
1770280492.723098,1.2023319173938034,0.0,0.02684183714210987,1.2402560833096503,0.0,0.11093349673986434,0.0,-0.5,-0.021047450743272078,-9.516920158748184e-94,0.00027926407774920176,-0.010668491669789202
1770280493.1308296,1.2023319173938034,0.0,0.02684183714210987,1.2402560833096503,0.0,0.11093349673986434,0.0,-0.5,-0.021047450743272078,-8.187009057841913e-94,0.00017886278060028256,-0.010623196891651074
1770280493.5375082,1.2023319173938034,0.0,0.02684183714210987,1.2402560833096503,0.0,0.11093349673986434,0.0,-0.5,-0.021047450743272078,-6.357173380174695e-94,0.00013040215456227227,-0.010593772511520976
1770280493.9453814,1.2023319173938034,0.0,0.02684183714210987,1.2402560833096503,0.0,0.11093349673986434,0.0,-0.5,-0.021047450743272078,-4.93590360887318e-94,-8.127887526307906e-05,-0.010504254036987036
1770280494.3534474,1.2023319173938034,0.0,0.02684183714210987,1.2402560833096503,0.0,0.11093349673986434,0.0,-0.5,-0.021047450743272078,-3.833689732780466e-94,9.448172305600935e-05,-0.010588542292995952
1770280494.7598703,1.2023319173938034,0.0,0.02684183714210987,1.2402560833096503,0.0,0.11093349673986434,0.0,-0.5,-0.021047450743272078,-2.977669776501882e-94,0.0001329731522647059,-0.010594061090689262
1770280495.1674533,1.2023319173938034,0.0,0.02684183714210987,1.2402560833096503,0.0,0.11093349673986434,0.0,-0.5,-0.021047450743272078,-2.1333332103486176e-94,0.00023808231727381494,-0.010653277446773858
1770280495.5738776,1.2023319173938034,0.0,0.02684183714210987,1.2402560833096503,0.0,0.11093349673986434,0.0,-0.5,-0.021047450743272078,-1.656822890379679e-94,9.683329146456353e-05,-0.010586266919949246
1770280495.9813988,1.2023319173938034,0.0,0.02684183714210987,1.2402560833096503,0.0,0.11093349673986434,0.0,-0.5,-0.021047450743272078,-1.2866492967647084e-94,3.516714816394523e-05,-0.010547475560048074
1770280496.3874404,1.2023319173938034,0.0,0.02684183714210987,1.2402560833096503,0.0,0.11093349673986434,0.0,-0.5,-0.021047450743272078,-9.991292921405093e-95,0.0004178161900941031,-0.010770898370876105
1770280496.796496,1.2023319173938034,0.0,0.02684183714210987,1.2402560833096503,0.0,0.11093349673986434,0.0,-0.5,-0.021047450743272078,-7.134769716850818e-95,0.000498787213501994,-0.010781216080727825
1770280497.2034607,1.2023319173938034,0.0,0.02684183714210987,1.2402560833096503,0.0,0.11093349673986434,0.0,-0.5,-0.021047450743272078,-5.5410091354410925e-95,0.00022677690619065652,-0.0106643148554625
1770280497.609646,1.2023319173938034,0.0,0.02684183714210987,1.2402560833096503,0.0,0.11093349673986434,0.0,-0.5,-0.021047450743272078,-4.3026873737764324e-95,0.00018810054449227068,-0.010621643280052013
1770280498.0171988,1.2023319173938034,0.0,0.02684183714210987,1.2402560833096503,0.0,0.11093349673986434,0.0,-0.5,-0.021047450743272078,-3.341332245542583e-95,0.0003666159758625862,-0.010724884902704363
1770280498.4215395,1.2023319173938034,0.0,0.02684183714210987,1.2402560833096503,0.0,0.11093349673986434,0.0,-0.5,-0.021047450743272078,-2.5947767588880278e-95,0.00029405641256173684,-0.010678009534246993
1770280498.8270848,1.2023319173938034,0.0,0.02684183714210987,1.2402560833096503,0.0,0.11093349673986434,0.0,-0.5,-0.021047450743272078,-2.01485115979022e-95,0.00021055447022637783,-0.010637352800982764
1770280499.2341096,1.2023319173938034,0.0,0.02684183714210987,1.2402560833096503,0.0,0.11093349673986434,0.0,-0.5,-0.021047450743272078,-1.7309033809494898e-95,0.0001996273636853656,-0.010624631764132822
1770280499.6406548,1.2023319173938034,0.0,0.02684183714210987,1.2402560833096503,0.0,0.11093349673986434,0.0,-0.5,-0.021047450743272078,-1.3442513250786883e-95,4.321446417078625e-05,-0.010560973893672889
1770280500.0489025,1.2023319173938034,0.0,0.02684183714210987,1.2402560833096503,0.0,0.11093349673986434,0.0,-0.5,-0.021047450743272078,-1.0439092377127169e-95,-0.00012314095365796067,-0.010478790436589933
1770280500.4552343,1.2023319173938034,0.0,0.02684183714210987,1.2402560833096503,0.0,0.11093349673986434,0.0,-0.5,-0.021047450743272078,-8.106443164455828e-96,-6.68713495007808e-05,-0.010495916657301365
1770280500.8632903,1.2023319173938034,0.0,0.02684183714210987,1.2402560833096503,0.0,0.11093349673986434,0.0,-0.5,-0.021047450743272078,-5.807683782249358e-96,-0.00013715887784730165,-0.01046217468554704
1770280501.2724562,1.2023319173938034,0.0,0.02684183714210987,1.2402560833096503,0.0,0.11093349673986434,0.0,-0.5,-0.021047450743272078,-4.510887866647067e-96,4.868298574885341e-05,-0.01056665105087008
1770280501.678821,1.2023319173938034,0.0,0.02684183714210987,1.2402560833096503,0.0,0.11093349673986434,0.0,-0.5,-0.021047450743272078,-3.5036889147747414e-96,0.00030411868605684147,-0.010701328284695258
1770280502.0857065,1.2023319173938034,0.0,0.02684183714210987,1.2402560833096503,0.0,0.11093349673986434,0.0,-0.5,-0.021047450743272078,-2.7213772123466156e-96,0.00016307894374139003,-0.01061936881773828
1770280502.492346,1.2023319173938034,0.0,0.02684183714210987,1.2402560833096503,0.0,0.11093349673986434,0.0,-0.5,-0.021047450743272078,-2.113724402833635e-96,0.00014644290868207058,-0.010598610429483006
1770280502.8999493,1.2023319173938034,0.0,0.02684183714210987,1.2402560833096503,0.0,0.11093349673986434,0.0,-0.5,-0.021047450743272078,-1.5106789429371565e-96,0.00039597265394205477,-0.010746664673133064
1770280503.306511,1.2023319173938034,0.0,0.02684183714210987,1.2402560833096503,0.0,0.11093349673986434,0.0,-0.5,-0.021047450743272078,-1.1733650058139983e-96,0.00019373770351272776,-0.010640817718435336
1770280503.7137306,1.2023319173938034,0.0,0.02684183714210987,1.2402560833096503,0.0,0.11093349673986434,0.0,-0.5,-0.021047450743272078,-9.114311697016656e-97,0.00011084816984511912,-0.01058743840992536
1770280504.1194594,1.2023319173938034,0.0,0.02684183714210987,1.2402560833096503,0.0,0.11093349673986434,0.0,-0.5,-0.021047450743272078,-6.775654125568378e-97,0.00015678259536693265,-0.010606710111871687
1770280504.524747,1.2023319173938034,0.0,0.02684183714210987,1.2402560833096503,0.0,0.11093349673986434,0.0,-0.5,-0.021047450743272078,-5.258709212594903e-97,1.1855117510258185e-05,-0.010544145678176835
1770280504.9317405,1.2023319173938034,0.0,0.02684183714210987,1.2402560833096503,0.0,0.11093349673986434,0.0,-0.5,-0.021047450743272078,-4.717792703990275e-97,0.00022651476749075498,-0.010658448720379467
1770280505.3379757,1.2023319173938034,0.0,0.02684183714210987,1.2402560833096503,0.0,0.11093349673986434,0.0,-0.5,-0.021047450743272078,-3.66367145587519e-97,-7.186094051708386e-06,-0.010543502410764433
1770280505.7456057,1.2023319173938034,0.0,0.02684183714210987,1.2402560833096503,0.0,0.11093349673986434,0.0,-0.5,-0.021047450743272078,-2.8451797229248227e-97,3.769711085498382e-05,-0.0105470622475542
1770280506.1520026,1.2023319173938034,0.0,0.02684183714210987,1.2402560833096503,0.0,0.11093349673986434,0.0,-0.5,-0.021047450743272078,-2.209196089163973e-97,0.00011724684268740305,-0.010590303766162983
1770280506.5582273,1.2023319173938034,0.0,0.02684183714210987,1.2402560833096503,0.0,0.11093349673986434,0.0,-0.5,-0.021047450743272078,-1.7158501925153402e-97,0.0001753040016420345,-0.01061718308835252
1770280506.9659111,1.2023319173938034,0.0,0.02684183714210987,1.2402560833096503,0.0,0.11093349673986434,0.0,-0.5,-0.021047450743272078,-1.230008258910634e-97,0.0002521918351996125,-0.010657510072591603
1770280507.3732224,1.2023319173938034,0.0,0.02684183714210987,1.2402560833096503,0.0,0.11093349673986434,0.0,-0.5,-0.021047450743272078,-9.552864450623299e-98,0.00032670600987068946,-0.010694529794038492
1770280507.780663,1.2023319173938034,0.0,0.02684183714210987,1.2402560833096503,0.0,0.11093349673986434,0.0,-0.5,-0.021047450743272078,-7.41724320569186e-98,5.197591519902292e-05,-0.010577186338702717
1770280508.1888604,1.2023319173938034,0.0,0.02684183714210987,1.2402560833096503,0.0,0.11093349673986434,0.0,-0.5,-0.021047450743272078,-5.758856779658847e-98,9.694584238240474e-05,-0.010576695285545579
1770280508.5969923,1.2023319173938034,0.0,0.02684183714210987,1.2402560833096503,0.0,0.11093349673986434,0.0,-0.5,-0.021047450743272078,-3.9164873850619803e-98,0.0001860978100376545,-0.010625689473420392
1770280509.0066757,1.2023319173938034,0.0,0.02684183714210987,1.2402560833096503,0.0,0.11093349673986434,0.0,-0.5,-0.021047450743272078,-3.039587471443789e-98,0.00015518580766734778,-0.010604409475706743
1770280509.4147947,1.2023319173938034,0.0,0.02684183714210987,1.2402560833096503,0.0,0.11093349673986434,0.0,-0.5,-0.021047450743272078,-2.359447701494585e-98,0.00019945329061140434,-0.010627878765236147
1770280509.8208694,1.2023319173938034,0.0,0.02684183714210987,1.2402560833096503,0.0,0.11093349673986434,0.0,-0.5,-0.021047450743272078,-1.8313851271321397e-98,0.0004276229418835685,-0.01076035380770504
1770280510.229692,1.2023319173938034,0.0,0.02684183714210987,1.2402560833096503,0.0,0.11093349673986434,0.0,-0.5,-0.021047450743272078,-1.6548563777920764e-98,0.0003867560474279224,-0.010721190084795565
1770280510.6372728,1.2023319173938034,0.0,0.02684183714210987,1.2402560833096503,0.0,0.11093349673986434,0.0,-0.5,-0.021047450743272078,-1.285161097607966e-98,7.479721383739097e-05,-0.010592319861913788
1770280511.0448558,1.2023319173938034,0.0,0.02684183714210987,1.2402560833096503,0.0,0.11093349673986434,0.0,-0.5,-0.021047450743272078,-9.98177244492009e-99,-6.135958760784534e-05,-0.01050666125797664
1770280511.452822,1.2023319173938034,0.0,0.02684183714210987,1.2402560833096503,0.0,0.11093349673986434,0.0,-0.5,-0.021047450743272078,-7.75253881486354e-99,0.0001349227010741314,-0.010610814951041303
1770280511.8585553,1.2023319173938034,0.0,0.02684183714210987,1.2402560833096503,0.0,0.11093349673986434,0.0,-0.5,-0.021047450743272078,-6.020399524013981e-99,0.0001618076420303949,-0.010607317686746862
1770280512.2658362,1.2023319173938034,0.0,0.02684183714210987,1.2402560833096503,0.0,0.11093349673986434,0.0,-0.5,-0.021047450743272078,-4.317938569808546e-99,0.00022467690383534542,-0.010642350749734207
1770280512.673845,1.2023319173938034,0.0,0.02684183714210987,1.2402560833096503,0.0,0.11093349673986434,0.0,-0.5,-0.021047450743272078,-3.3526248623328725e-99,0.00034637659349254696,-0.010709083637348031
1770280513.0808032,1.2023319173938034,0.0,0.02684183714210987,1.2402560833096503,0.0,0.11093349673986434,0.0,-0.5,-0.021047450743272078,-2.6026948895491342e-99,0.00021486560622992117,-0.010644309273477263
1770280513.4867342,1.2023319173938034,0.0,0.02684183714210987,1.2402560833096503,0.0,0.11093349673986434,0.0,-0.5,-0.021047450743272078,-2.020806723059867e-99,0.00042457411502134243,-0.010756983280025853
1770280513.8918905,1.2023319173938034,0.0,0.02684183714210987,1.2402560833096503,0.0,0.11093349673986434,0.0,-0.5,-0.021047450743272078,-1.5691893639219217e-99,0.00028082294611488437,-0.010678511961584126
1770280514.2993584,1.2023319173938034,0.0,0.02684183714210987,1.2402560833096503,0.0,0.11093349673986434,0.0,-0.5,-0.021047450743272078,-1.0586219985848348e-99,1.2992172437119407e-05,-0.010557004535222375
1770280514.7053084,1.2023319173938034,0.0,0.02684183714210987,1.2402560833096503,0.0,0.11093349673986434,0.0,-0.5,-0.021047450743272078,-8.21787049379735e-100,-4.6243453870541496e-05,-0.010506527207331534
1770280515.112253,1.2023319173938034,0.0,0.02684183714210987,1.2402560833096503,0.0,0.11093349673986434,0.0,-0.5,-0.021047450743272078,-6.376851695982411e-100,0.00018089965206748344,-0.010636889508263584
1770280515.5190136,1.2023319173938034,0.0,0.02684183714210987,1.2402560833096503,0.0,0.11093349673986434,0.0,-0.5,-0.021047450743272078,-4.950859480980975e-100,-8.418866723041728e-05,-0.010508139869950622
1770280515.9269354,1.2023319173938034,0.0,0.02684183714210987,1.2402560833096503,0.0,0.11093349673986434,0.0,-0.5,-0.021047450743272078,-3.842001128210057e-100,-0.00017230503364845006,-0.010446384491453617
1770280516.335576,1.2023319173938034,0.0,0.02684183714210987,1.2402560833096503,0.0,0.11093349673986434,0.0,-0.5,-0.021047450743272078,-3.492195437800407e-100,1.7704879550835544e-05,-0.010551578802731386
1770280516.7412317,1.2023319173938034,0.0,0.02684183714210987,1.2402560833096503,0.0,0.11093349673986434,0.0,-0.5,-0.021047450743272078,-2.7111399425993535e-100,4.2270310440255805e-05,-0.01054731706994511
1770280517.1484954,1.2023319173938034,0.0,0.02684183714210987,1.2402560833096503,0.0,0.11093349673986434,0.0,-0.5,-0.021047450743272078,-2.1049533379178924e-100,0.00040953596628640965,-0.01076521992036386
1770280517.5550284,1.2023319173938034,0.0,0.02684183714210987,1.2402560833096503,0.0,0.11093349673986434,0.0,-0.5,-0.021047450743272078,-1.6343790650918163e-100,0.00031441094101441076,-0.010690443344670444
1770280517.9608116,1.2023319173938034,0.0,0.02684183714210987,1.2402560833096503,0.0,0.11093349673986434,0.0,-0.5,-0.021047450743272078,-1.2689845957956156e-100,0.000254238701754029,-0.010656861946439092
1770280518.3676157,1.2023319173938034,0.0,0.02684183714210987,1.2402560833096503,0.0,0.11093349673986434,0.0,-0.5,-0.021047450743272078,-8.597186369857098e-101,0.0002369885736428989,-0.0106439446712686
1770280518.7734835,1.2023319173938034,0.0,0.02684183714210987,1.2402560833096503,0.0,0.11093349673986434,0.0,-0.5,-0.021047450743272078,-6.676585235904967e-101,0.00048485702993800596,-0.010790940732234553
1770280519.1805043,1.2023319173938034,0.0,0.02684183714210987,1.2402560833096503,0.0,0.11093349673986434,0.0,-0.5,-0.021047450743272078,-5.1852304054731826e-101,0.00037040175828075033,-0.010720371777942139
1770280519.587265,1.2023319173938034,0.0,0.02684183714210987,1.2402560833096503,0.0,0.11093349673986434,0.0,-0.5,-0.021047450743272078,-4.026857733706926e-101,0.00018065281741628066,-0.010633026674430626
1770280519.9938557,1.2023319173938034,0.0,0.02684183714210987,1.2402560833096503,0.0,0.11093349673986434,0.0,-0.5,-0.021047450743272078,-3.1271910773100477e-101,0.00041010323151357414,-0.010751722028802556
1770280520.4004242,1.2023319173938034,0.0,0.02684183714210987,1.2402560833096503,0.0,0.11093349673986434,0.0,-0.5,-0.021047450743272078,-2.229295851073059e-101,0.00022637531362852632,-0.010655285820238808
1770280520.807607,1.2023319173938034,0.0,0.02684183714210987,1.2402560833096503,0.0,0.11093349673986434,0.0,-0.5,-0.021047450743272078,-1.7309036747349653e-101,0.00029077284183045226,-0.010675551545371456
1770280521.2156663,1.2023319173938034,0.0,0.02684183714210987,1.2402560833096503,0.0,0.11093349673986434,0.0,-0.5,-0.021047450743272078,-1.344060657733602e-101,0.00011613759914619898,-0.010599257695477565
1770280521.6224136,1.2023319173938034,0.0,0.02684183714210987,1.2402560833096503,0.0,0.11093349673986434,0.0,-0.5,-0.021047450743272078,-1.0435909512521069e-101,0.00013710174237384858,-0.010594372657145728
1770280522.0265825,1.2023319173938034,0.0,0.02684183714210987,1.2402560833096503,0.0,0.11093349673986434,0.0,-0.5,-0.021047450743272078,-8.103278736001445e-102,0.00017302491406000193,-0.010613830145834655
1770280522.432079,1.2023319173938034,0.0,0.02684183714210987,1.2402560833096503,0.0,0.11093349673986434,0.0,-0.5,-0.021047450743272078,-7.369853924305175e-102,8.370923200525052e-05,-0.01057451155584414
1770280522.8381767,1.2023319173938034,0.0,0.02684183714210987,1.2402560833096503,0.0,0.11093349673986434,0.0,-0.5,-0.021047450743272078,-5.723181613515235e-102,0.0003522449970380914,-0.01072670144665837
1770280523.245277,1.2023319173938034,0.0,0.02684183714210987,1.2402560833096503,0.0,0.11093349673986434,0.0,-0.5,-0.021047450743272078,-4.444395214744217e-102,0.000287796842622517,-0.010674068608388855
1770280523.6519933,1.2023319173938034,0.0,0.02684183714210987,1.2402560833096503,0.0,0.11093349673986434,0.0,-0.5,-0.021047450743272078,-3.4513511175559804e-102,0.00043092889284799196,-0.010753503023082582
1770280524.0575871,1.2023319173938034,0.0,0.02684183714210987,1.2402560833096503,0.0,0.11093349673986434,0.0,-0.5,-0.021047450743272078,-2.6803163390446585e-102,0.0002775521427431403,-0.010677839118018095
1770280524.462968,1.2023319173938034,0.0,0.02684183714210987,1.2402560833096503,0.0,0.11093349673986434,0.0,-0.5,-0.021047450743272078,-1.817642988499813e-102,0.0002950276583702666,-0.010672986752383885
1770280524.8687181,1.2023319173938034,0.0,0.02684183714210987,1.2402560833096503,0.0,0.11093349673986434,0.0,-0.5,-0.021047450743272078,-1.4118040885527748e-102,0.0001991061709844276,-0.010632870605866837
1770280525.2773368,1.2023319173938034,0.0,0.02684183714210987,1.2402560833096503,0.0,0.11093349673986434,0.0,-0.5,-0.021047450743272078,-1.096502016254192e-102,7.391558838870118e-05,-0.010573202224089962
1770280525.6855476,1.2023319173938034,0.0,0.02684183714210987,1.2402560833096503,0.0,0.11093349673986434,0.0,-0.5,-0.021047450743272078,-8.517655722396683e-103,-4.0828770345742785e-05,-0.010514785422336612
1770280526.093153,1.2023319173938034,0.0,0.02684183714210987,1.2402560833096503,0.0,0.11093349673986434,0.0,-0.5,-0.021047450743272078,-6.616475006818085e-103,0.00014853464588530983,-0.0106169290362018
1770280526.5016305,1.2023319173938034,0.0,0.02684183714210987,1.2402560833096503,0.0,0.11093349673986434,0.0,-0.5,-0.021047450743272078,-4.720489222147166e-103,-7.812558661955156e-06,-0.010535453812759787
1770280526.909103,1.2023319173938034,0.0,0.02684183714210987,1.2402560833096503,0.0,0.11093349673986434,0.0,-0.5,-0.021047450743272078,-3.6649014282033407e-103,0.0002778726421102535,-0.010691230212768386
1770280527.3140807,1.2023319173938034,0.0,0.02684183714210987,1.2402560833096503,0.0,0.11093349673986434,0.0,-0.5,-0.021047450743272078,-2.848764791550902e-103,0.0001603718198019699,-0.010615661363767851
1770280527.7207458,1.2023319173938034,0.0,0.02684183714210987,1.2402560833096503,0.0,0.11093349673986434,0.0,-0.5,-0.021047450743272078,-2.213219347815965e-103,0.00039254261455296945,-0.010743213758387623
1770280528.126355,1.2023319173938034,0.0,0.02684183714210987,1.2402560833096503,0.0,0.11093349673986434,0.0,-0.5,-0.021047450743272078,-1.7192404627536298e-103,0.00022492984432493152,-0.01065295157082131
1770280528.5330918,1.2023319173938034,0.0,0.02684183714210987,1.2402560833096503,0.0,0.11093349673986434,0.0,-0.5,-0.021047450743272078,-1.5615489203231883e-103,0.00023188276170337945,-0.010640362044225573
1770280528.941238,1.2023319173938034,0.0,0.02684183714210987,1.2402560833096503,0.0,0.11093349673986434,0.0,-0.5,-0.021047450743272078,-1.2129194539809615e-103,0.0003672316561718173,-0.010720876089168791
1770280529.348968,1.2023319173938034,0.0,0.02684183714210987,1.2402560833096503,0.0,0.11093349673986434,0.0,-0.5,-0.021047450743272078,-9.421578484495566e-104,0.0002643397047260068,-0.010666184419143623
1770280529.75558,1.2023319173938034,0.0,0.02684183714210987,1.2402560833096503,0.0,0.11093349673986434,0.0,-0.5,-0.021047450743272078,-7.3162453561431e-104,0.00041240699157286324,-0.010744735596107157
1770280530.164429,1.2023319173938034,0.0,0.02684183714210987,1.2402560833096503,0.0,0.11093349673986434,0.0,-0.5,-0.021047450743272078,-4.966559753657771e-104,0.0004681259722085969,-0.01076336025580391
1770280530.570806,1.2023319173938034,0.0,0.02684183714210987,1.2402560833096503,0.0,0.11093349673986434,0.0,-0.5,-0.021047450743272078,-3.856691761876786e-104,0.0003051926366916319,-0.010692615023533553
1770280530.9772177,1.2023319173938034,0.0,0.02684183714210987,1.2402560833096503,0.0,0.11093349673986434,0.0,-0.5,-0.021047450743272078,-2.994962467965891e-104,0.0002103940720390947,-0.010638402264120841
1770280531.384073,1.2023319173938034,0.0,0.02684183714210987,1.2402560833096503,0.0,0.11093349673986434,0.0,-0.5,-0.021047450743272078,-2.325156673131878e-104,0.00023977408248797186,-0.010646550413924913
1770280531.7919323,1.2023319173938034,0.0,0.02684183714210987,1.2402560833096503,0.0,0.11093349673986434,0.0,-0.5,-0.021047450743272078,-1.8055196917416167e-104,0.0001983093325203043,-0.010627026512892958
1770280532.1993017,1.2023319173938034,0.0,0.02684183714210987,1.2402560833096503,0.0,0.11093349673986434,0.0,-0.5,-0.021047450743272078,-1.2887412681364224e-104,0.00027321406277896045,-0.010667822876051385
1770280532.6058311,1.2023319173938034,0.0,0.02684183714210987,1.2402560833096503,0.0,0.11093349673986434,0.0,-0.5,-0.021047450743272078,-1.0003880801773914e-104,0.00022629323268974502,-0.010641564070989833
1770280533.0131652,1.2023319173938034,0.0,0.02684183714210987,1.2402560833096503,0.0,0.11093349673986434,0.0,-0.5,-0.021047450743272078,-7.768623731351048e-105,0.00012012990210014587,-0.010594406655745072
1770280533.419844,1.2023319173938034,0.0,0.02684183714210987,1.2402560833096503,0.0,0.11093349673986434,0.0,-0.5,-0.021047450743272078,-6.0316541636004436e-105,0.0003735980176764012,-0.010735871192031865
1770280533.8273878,1.2023319173938034,0.0,0.02684183714210987,1.2402560833096503,0.0,0.11093349673986434,0.0,-0.5,-0.021047450743272078,-4.682285873180581e-105,0.00031997447084673654,-0.010689074961742375
1770280534.2345786,1.2023319173938034,0.0,0.02684183714210987,1.2402560833096503,0.0,0.11093349673986434,0.0,-0.5,-0.021047450743272078,-4.028213670413339e-105,0.00021976038304020976,-0.010643626971936796
1770280534.6431608,1.2023319173938034,0.0,0.02684183714210987,1.2402560833096503,0.0,0.11093349673986434,0.0,-0.5,-0.021047450743272078,-3.127704498818055e-105,0.0002667695010376733,-0.010661811033954622
1770280535.0508554,1.2023319173938034,0.0,0.02684183714210987,1.2402560833096503,0.0,0.11093349673986434,0.0,-0.5,-0.021047450743272078,-2.4287440626871763e-105,0.0003623175420939341,-0.010714438946788632
1770280535.4557002,1.2023319173938034,0.0,0.02684183714210987,1.2402560833096503,0.0,0.11093349673986434,0.0,-0.5,-0.021047450743272078,-1.8859976764245565e-105,0.0002506990581074977,-0.010660236749088432
1770280535.863575,1.2023319173938034,0.0,0.02684183714210987,1.2402560833096503,0.0,0.11093349673986434,0.0,-0.5,-0.021047450743272078,-1.350521469969032e-105,0.0003051298047550159,-0.0106817333486783
1770280536.2706738,1.2023319173938034,0.0,0.02684183714210987,1.2402560833096503,0.0,0.11093349673986434,0.0,-0.5,-0.021047450743272078,-1.0486021670220956e-105,6.118550826428943e-05,-0.010578712555417256
1770280536.6774058,1.2023319173938034,0.0,0.02684183714210987,1.2402560833096503,0.0,0.11093349673986434,0.0,-0.5,-0.021047450743272078,-8.143215413210692e-106,-8.699055785810602e-05,-0.010495047699319226
1770280537.084203,1.2023319173938034,0.0,0.02684183714210987,1.2402560833096503,0.0,0.11093349673986434,0.0,-0.5,-0.021047450743272078,-6.32264240133499e-106,8.093604586569962e-05,-0.010580986054941269
1770280537.4892786,1.2023319173938034,0.0,0.02684183714210987,1.2402560833096503,0.0,0.11093349673986434,0.0,-0.5,-0.021047450743272078,-4.909081753843648e-106,0.00026512508267990124,-0.010674706816657411
1770280537.8982358,1.2023319173938034,0.0,0.02684183714210987,1.2402560833096503,0.0,0.11093349673986434,0.0,-0.5,-0.021047450743272078,-3.5045471946335207e-106,0.00020258766005758837,-0.010631272943927066
1770280538.3049145,1.2023319173938034,0.0,0.02684183714210987,1.2402560833096503,0.0,0.11093349673986434,0.0,-0.5,-0.021047450743272078,-2.7214458878888194e-106,0.00017738120261591092,-0.010614936618688162
1770280538.7119997,1.2023319173938034,0.0,0.02684183714210987,1.2402560833096503,0.0,0.11093349673986434,0.0,-0.5,-0.021047450743272078,-2.113133118354591e-106,0.00017315343136758515,-0.010610724864444665
1770280539.118437,1.2023319173938034,0.0,0.02684183714210987,1.2402560833096503,0.0,0.11093349673986434,0.0,-0.5,-0.021047450743272078,-1.6408648374758793e-106,0.00024257386806894008,-0.010651954349340645
1770280539.5244021,1.2023319173938034,0.0,0.02684183714210987,1.2402560833096503,0.0,0.11093349673986434,0.0,-0.5,-0.021047450743272078,-1.2739884941365559e-106,0.00014343629517909816,-0.010605357276514571
1770280539.9311032,1.2023319173938034,0.0,0.02684183714210987,1.2402560833096503,0.0,0.11093349673986434,0.0,-0.5,-0.021047450743272078,-1.094738737975458e-106,0.00011055869840971685,-0.010582292480517836
1770280540.3380203,1.2023319173938034,0.0,0.02684183714210987,1.2402560833096503,0.0,0.11093349673986434,0.0,-0.5,-0.021047450743272078,-8.49787592511771e-107,0.00034342108051599936,-0.010718722150104667
1770280540.7454689,1.2023319173938034,0.0,0.02684183714210987,1.2402560833096503,0.0,0.11093349673986434,0.0,-0.5,-0.021047450743272078,-6.599380439312364e-107,0.00016643899005924827,-0.010624643075711338
1770280541.1525383,1.2023319173938034,0.0,0.02684183714210987,1.2402560833096503,0.0,0.11093349673986434,0.0,-0.5,-0.021047450743272078,-5.124403358617636e-107,4.121184980531426e-05,-0.01055685401056409
1770280541.556493,1.2023319173938034,0.0,0.02684183714210987,1.2402560833096503,0.0,0.11093349673986434,0.0,-0.5,-0.021047450743272078,-3.979068953422071e-107,0.00017101797549141527,-0.010622214971950357
1770280541.9639091,1.2023319173938034,0.0,0.02684183714210987,1.2402560833096503,0.0,0.11093349673986434,0.0,-0.5,-0.021047450743272078,-2.850985941240744e-107,0.00015588409771176792,-0.010603180808269887
1770280542.371561,1.2023319173938034,0.0,0.02684183714210987,1.2402560833096503,0.0,0.11093349673986434,0.0,-0.5,-0.021047450743272078,-2.2137432055106032e-107,0.00016896103764479635,-0.01060951358445174
1770280542.7781851,1.2023319173938034,0.0,0.02684183714210987,1.2402560833096503,0.0,0.11093349673986434,0.0,-0.5,-0.021047450743272078,-1.719307163036972e-107,0.0002120102075391831,-0.01063403539239507
1770280543.1858532,1.2023319173938034,0.0,0.02684183714210987,1.2402560833096503,0.0,0.11093349673986434,0.0,-0.5,-0.021047450743272078,-1.3352827994840453e-107,-7.821163927276234e-05,-0.010513641736680852
1770280543.592617,1.2023319173938034,0.0,0.02684183714210987,1.2402560833096503,0.0,0.11093349673986434,0.0,-0.5,-0.021047450743272078,-1.0371652832160132e-107,0.00029254457245355314,-0.010707073279035447
1770280543.9988916,1.2023319173938034,0.0,0.02684183714210987,1.2402560833096503,0.0,0.11093349673986434,0.0,-0.5,-0.021047450743272078,-7.409746761424582e-108,0.0003073069947314153,-0.010678855111229534
1770280544.406059,1.2023319173938034,0.0,0.02684183714210987,1.2402560833096503,0.0,0.11093349673986434,0.0,-0.5,-0.021047450743272078,-5.75626037474118e-108,0.00033811322803050737,-0.010695862608981203
1770280544.8124182,1.2023319173938034,0.0,0.02684183714210987,1.2402560833096503,0.0,0.11093349673986434,0.0,-0.5,-0.021047450743272078,-4.472730514395035e-108,0.00011784892348774903,-0.01060467626383419
1770280545.2186592,1.2023319173938034,0.0,0.02684183714210987,1.2402560833096503,0.0,0.11093349673986434,0.0,-0.5,-0.021047450743272078,-3.475048950333937e-108,0.0003977414946389427,-0.01075058537607063
1770280545.6231136,1.2023319173938034,0.0,0.02684183714210987,1.2402560833096503,0.0,0.11093349673986434,0.0,-0.5,-0.021047450743272078,-2.5918000047846825e-108,0.00020213686044773046,-0.010644354265279024
1770280546.0303462,1.2023319173938034,0.0,0.02684183714210987,1.2402560833096503,0.0,0.11093349673986434,0.0,-0.5,-0.021047450743272078,-2.3182456281753323e-108,0.00019190536533172388,-0.0106207012038135
1770280546.438543,1.2023319173938034,0.0,0.02684183714210987,1.2402560833096503,0.0,0.11093349673986434,0.0,-0.5,-0.021047450743272078,-1.800464834677067e-108,0.0002544779745391675,-0.010657221619826367
1770280546.8455331,1.2023319173938034,0.0,0.02684183714210987,1.2402560833096503,0.0,0.11093349673986434,0.0,-0.5,-0.021047450743272078,-1.3980610801045002e-108,0.00016732642264903822,-0.010616103738149571
1770280547.2542684,1.2023319173938034,0.0,0.02684183714210987,1.2402560833096503,0.0,0.11093349673986434,0.0,-0.5,-0.021047450743272078,-1.0856406912888609e-108,5.5176596440162845e-05,-0.010562528652477008
1770280547.6590717,1.2023319173938034,0.0,0.02684183714210987,1.2402560833096503,0.0,0.11093349673986434,0.0,-0.5,-0.021047450743272078,-8.431380824832406e-109,-9.128221984530469e-05,-0.010492730143341934
1770280548.0658824,1.2023319173938034,0.0,0.02684183714210987,1.2402560833096503,0.0,0.11093349673986434,0.0,-0.5,-0.021047450743272078,-6.044772830332755e-109,8.525858055766469e-05,-0.010584008741955168
1770280548.4712315,1.2023319173938034,0.0,0.02684183714210987,1.2402560833096503,0.0,0.11093349673986434,0.0,-0.5,-0.021047450743272078,-4.693623527069516e-109,0.00016742534302941354,-0.01061565471939792
1770280548.8783193,1.2023319173938034,0.0,0.02684183714210987,1.2402560833096503,0.0,0.11093349673986434,0.0,-0.5,-0.021047450743272078,-3.6446471251613027e-109,0.00023815195966758683,-0.01064987401313365
1770280549.2849581,1.2023319173938034,0.0,0.02684183714210987,1.2402560833096503,0.0,0.11093349673986434,0.0,-0.5,-0.021047450743272078,-2.8299700161640784e-109,0.00027215578963932224,-0.010663203649452873
1770280549.6911757,1.2023319173938034,0.0,0.02684183714210987,1.2402560833096503,0.0,0.11093349673986434,0.0,-0.5,-0.021047450743272078,-2.197616865746466e-109,0.00038014816513185894,-0.010724598691751222
1770280550.0987408,1.2023319173938034,0.0,0.02684183714210987,1.2402560833096503,0.0,0.11093349673986434,0.0,-0.5,-0.021047450743272078,-1.4982753923173099e-109,0.00043479819558843273,-0.010746589472475913
1770280550.5056899,1.2023319173938034,0.0,0.02684183714210987,1.2402560833096503,0.0,0.11093349673986434,0.0,-0.5,-0.021047450743272078,-1.1630025091145805e-109,0.0004428859615983201,-0.010745977129036187
1770280550.9132524,1.2023319173938034,0.0,0.02684183714210987,1.2402560833096503,0.0,0.11093349673986434,0.0,-0.5,-0.021047450743272078,-9.025987269511119e-110,0.0002302589158443557,-0.010660117534133613
1770280551.3196256,1.2023319173938034,0.0,0.02684183714210987,1.2402560833096503,0.0,0.11093349673986434,0.0,-0.5,-0.021047450743272078,-7.006348019971454e-110,0.00029444367891356786,-0.010677365687399746
1770280551.726979,1.2023319173938034,0.0,0.02684183714210987,1.2402560833096503,0.0,0.11093349673986434,0.0,-0.5,-0.021047450743272078,-5.437704850522977e-110,0.00022147627474508082,-0.010641760249425427
1770280552.1320786,1.2023319173938034,0.0,0.02684183714210987,1.2402560833096503,0.0,0.11093349673986434,0.0,-0.5,-0.021047450743272078,-4.9023206963304937e-110,0.00033819483009272307,-0.010704494642217165
1770280552.5384295,1.2023319173938034,0.0,0.02684183714210987,1.2402560833096503,0.0,0.11093349673986434,0.0,-0.5,-0.021047450743272078,-3.806720142436865e-110,0.00017597566054171484,-0.010627935118861996
1770280552.9462638,1.2023319173938034,0.0,0.02684183714210987,1.2402560833096503,0.0,0.11093349673986434,0.0,-0.5,-0.021047450743272078,-2.956231971061444e-110,-2.7700719892665427e-05,-0.010530242649733144
1770280553.3504698,1.2023319173938034,0.0,0.02684183714210987,1.2402560833096503,0.0,0.11093349673986434,0.0,-0.5,-0.021047450743272078,-2.2954842142493605e-110,0.00010735134120906294,-0.010590906248350743
1770280553.755449,1.2023319173938034,0.0,0.02684183714210987,1.2402560833096503,0.0,0.11093349673986434,0.0,-0.5,-0.021047450743272078,-1.78027500949119e-110,4.956627914970688e-06,-0.010536443156922934
1770280554.1602705,1.2023319173938034,0.0,0.02684183714210987,1.2402560833096503,0.0,0.11093349673986434,0.0,-0.5,-0.021047450743272078,-1.3836497739107973e-110,0.0002357494539687738,-0.010664679381225806
1770280554.5678177,1.2023319173938034,0.0,0.02684183714210987,1.2402560833096503,0.0,0.11093349673986434,0.0,-0.5,-0.021047450743272078,-9.92039554744914e-111,0.0003985639199920515,-0.010739288778234393
1770280554.9749625,1.2023319173938034,0.0,0.02684183714210987,1.2402560833096503,0.0,0.11093349673986434,0.0,-0.5,-0.021047450743272078,-7.703527617769658e-111,0.00032590470051378827,-0.01069394364384076
1770280555.381823,1.2023319173938034,0.0,0.02684183714210987,1.2402560833096503,0.0,0.11093349673986434,0.0,-0.5,-0.021047450743272078,-5.983256524908761e-111,0.0001315368139348019,-0.01060893056726134
1770280555.7883058,1.2023319173938034,0.0,0.02684183714210987,1.2402560833096503,0.0,0.11093349673986434,0.0,-0.5,-0.021047450743272078,-4.645499953541788e-111,0.00014615415911394203,-0.010598264185710925
1770280556.194145,1.2023319173938034,0.0,0.02684183714210987,1.2402560833096503,0.0,0.11093349673986434,0.0,-0.5,-0.021047450743272078,-3.607017625599505e-111,5.108542280507939e-05,-0.010558774956669464
1770280556.6019657,1.2023319173938034,0.0,0.02684183714210987,1.2402560833096503,0.0,0.11093349673986434,0.0,-0.5,-0.021047450743272078,-2.4399054153155225e-111,-1.526649669480513e-05,-0.010522727315238624
1770280557.0095794,1.2023319173938034,0.0,0.02684183714210987,1.2402560833096503,0.0,0.11093349673986434,0.0,-0.5,-0.021047450743272078,-1.8937708473499407e-111,0.0001667099434813814,-0.010625277987394348
1770280557.4158082,1.2023319173938034,0.0,0.02684183714210987,1.2402560833096503,0.0,0.11093349673986434,0.0,-0.5,-0.021047450743272078,-1.4701655587361986e-111,-0.00012643361467986868,-0.01048982292011223
1770280557.8227499,1.2023319173938034,0.0,0.02684183714210987,1.2402560833096503,0.0,0.11093349673986434,0.0,-0.5,-0.021047450743272078,-1.1409470649048611e-111,9.665650360603137e-05,-0.010594362635267645
1770280558.2296724,1.2023319173938034,0.0,0.02684183714210987,1.2402560833096503,0.0,0.11093349673986434,0.0,-0.5,-0.021047450743272078,-1.0348835161973852e-111,0.00014994629250545042,-0.010604027496778707
1770280558.6372943,1.2023319173938034,0.0,0.02684183714210987,1.2402560833096503,0.0,0.11093349673986434,0.0,-0.5,-0.021047450743272078,-8.035244851867071e-112,5.5690232723998984e-05,-0.010560996093976184
1770280559.0461798,1.2023319173938034,0.0,0.02684183714210987,1.2402560833096503,0.0,0.11093349673986434,0.0,-0.5,-0.021047450743272078,-6.237540775933346e-112,0.0001372690160041258,-0.010600517757966115
1770280559.4521284,1.2023319173938034,0.0,0.02684183714210987,1.2402560833096503,0.0,0.11093349673986434,0.0,-0.5,-0.021047450743272078,-4.845178695627694e-112,0.0004077717715138817,-0.010754661532943955
1770280559.8582163,1.2023319173938034,0.0,0.02684183714210987,1.2402560833096503,0.0,0.11093349673986434,0.0,-0.5,-0.021047450743272078,-3.762736379530778e-112,0.00020403861549884398,-0.010646117994986964
1770280560.2652674,1.2023319173938034,0.0,0.02684183714210987,1.2402560833096503,0.0,0.11093349673986434,0.0,-0.5,-0.021047450743272078,-2.5489317099279273e-112,9.967861781069654e-05,-0.010584000680310202
1770280560.672394,1.2023319173938034,0.0,0.02684183714210987,1.2402560833096503,0.0,0.11093349673986434,0.0,-0.5,-0.021047450743272078,-1.9794007920958526e-112,3.021523317512831e-05,-0.01054577932668716
1770280561.0796843,1.2023319173938034,0.0,0.02684183714210987,1.2402560833096503,0.0,0.11093349673986434,0.0,-0.5,-0.021047450743272078,-1.5372858662328464e-112,0.0002266413970342459,-0.010656688686539073
1770280561.4861274,1.2023319173938034,0.0,0.02684183714210987,1.2402560833096503,0.0,0.11093349673986434,0.0,-0.5,-0.021047450743272078,-1.2640053879203587e-112,0.00036205214974446446,-0.010718292521779294
1770280561.892106,1.2023319173938034,0.0,0.02684183714210987,1.2402560833096503,0.0,0.11093349673986434,0.0,-0.5,-0.021047450743272078,-9.27213148281074e-113,3.265919572654042e-05,-0.010572994264901102
1770280562.3003995,1.2023319173938034,0.0,0.02684183714210987,1.2402560833096503,0.0,0.11093349673986434,0.0,-0.5,-0.021047450743272078,-6.610104911425626e-113,0.0001398730998929515,-0.010604383311999156
1770280562.706878,1.2023319173938034,0.0,0.02684183714210987,1.2402560833096503,0.0,0.11093349673986434,0.0,-0.5,-0.021047450743272078,-5.133663545903891e-113,-2.727671686485568e-05,-0.010526801994879391
1770280563.1157737,1.2023319173938034,0.0,0.02684183714210987,1.2402560833096503,0.0,0.11093349673986434,0.0,-0.5,-0.021047450743272078,-3.987600470403889e-113,-1.0446357830168661e-05,-0.010520185228624423
1770280563.5230494,1.2023319173938034,0.0,0.02684183714210987,1.2402560833096503,0.0,0.11093349673986434,0.0,-0.5,-0.021047450743272078,-3.0972686571726627e-113,-1.824789407910648e-05,-0.010515381578221381
1770280563.9322565,1.2023319173938034,0.0,0.02684183714210987,1.2402560833096503,0.0,0.11093349673986434,0.0,-0.5,-0.021047450743272078,-2.817750556413484e-113,6.077488985917849e-05,-0.010562015094959456
1770280564.3394578,1.2023319173938034,0.0,0.02684183714210987,1.2402560833096503,0.0,0.11093349673986434,0.0,-0.5,-0.021047450743272078,-2.188255406491708e-113,2.498378301030144e-05,-0.010539796373826078
1770280564.746424,1.2023319173938034,0.0,0.02684183714210987,1.2402560833096503,0.0,0.11093349673986434,0.0,-0.5,-0.021047450743272078,-1.6994925016843588e-113,0.0003002829694797877,-0.010701396775022881
1770280565.1533368,1.2023319173938034,0.0,0.02684183714210987,1.2402560833096503,0.0,0.11093349673986434,0.0,-0.5,-0.021047450743272078,-1.3198820003218617e-113,0.00037300062758330977,-0.010717497451238046
1770280565.5586236,1.2023319173938034,0.0,0.02684183714210987,1.2402560833096503,0.0,0.11093349673986434,0.0,-0.5,-0.021047450743272078,-1.0250381829376822e-113,0.00034694318013240894,-0.010699802706447333
1770280565.966036,1.2023319173938034,0.0,0.02684183714210987,1.2402560833096503,0.0,0.11093349673986434,0.0,-0.5,-0.021047450743272078,-6.950325206890135e-114,0.00012667926345484432,-0.010609091395031219
1770280566.3728826,1.2023319173938034,0.0,0.02684183714210987,1.2402560833096503,0.0,0.11093349673986434,0.0,-0.5,-0.021047450743272078,-5.397705191010535e-114,0.00010962945583881559,-0.010580245080317048
1770280566.778684,1.2023319173938034,0.0,0.02684183714210987,1.2402560833096503,0.0,0.11093349673986434,0.0,-0.5,-0.021047450743272078,-4.191914075762483e-114,0.00013700926691920923,-0.010594967986203683
1770280567.1840308,1.2023319173938034,0.0,0.02684183714210987,1.2402560833096503,0.0,0.11093349673986434,0.0,-0.5,-0.021047450743272078,-3.255980758829374e-114,0.00022543401477244856,-0.010645284853807587
1770280567.5924413,1.2023319173938034,0.0,0.02684183714210987,1.2402560833096503,0.0,0.11093349673986434,0.0,-0.5,-0.021047450743272078,-2.528990158172848e-114,0.00035312917693923083,-0.010713059476322333
1770280567.9997818,1.2023319173938034,0.0,0.02684183714210987,1.2402560833096503,0.0,0.11093349673986434,0.0,-0.5,-0.021047450743272078,-1.803844651264091e-114,0.00012339967305422493,-0.010608398158551652
1770280568.4059873,1.2023319173938034,0.0,0.02684183714210987,1.2402560833096503,0.0,0.11093349673986434,0.0,-0.5,-0.021047450743272078,-1.401157959590096e-114,9.230436719347703e-05,-0.010572987085818853
1770280568.810962,1.2023319173938034,0.0,0.02684183714210987,1.2402560833096503,0.0,0.11093349673986434,0.0,-0.5,-0.021047450743272078,-1.088070346589595e-114,2.6713232395099366e-05,-0.010543641101313428
1770280569.2183113,1.2023319173938034,0.0,0.02684183714210987,1.2402560833096503,0.0,0.11093349673986434,0.0,-0.5,-0.021047450743272078,-8.449538688065384e-115,-6.129220173184269e-05,-0.010501879814182812
1770280569.6249444,1.2023319173938034,0.0,0.02684183714210987,1.2402560833096503,0.0,0.11093349673986434,0.0,-0.5,-0.021047450743272078,-6.561867920217585e-115,0.00013723105265740716,-0.010612193223403668
1770280570.0326128,1.2023319173938034,0.0,0.02684183714210987,1.2402560833096503,0.0,0.11093349673986434,0.0,-0.5,-0.021047450743272078,-5.959291603377667e-115,0.00022133289264517132,-0.010642802001957401
1770280570.4398613,1.2023319173938034,0.0,0.02684183714210987,1.2402560833096503,0.0,0.11093349673986434,0.0,-0.5,-0.021047450743272078,-4.626993855793248e-115,0.00026582554766401724,-0.010661087410969931
1770280570.846927,1.2023319173938034,0.0,0.02684183714210987,1.2402560833096503,0.0,0.11093349673986434,0.0,-0.5,-0.021047450743272078,-3.593249605939078e-115,0.00034025004609074163,-0.010701292844524082
1770280571.2531047,1.2023319173938034,0.0,0.02684183714210987,1.2402560833096503,0.0,0.11093349673986434,0.0,-0.5,-0.021047450743272078,-2.7900990947382023e-115,0.0003814827472280153,-0.010718590015363773
1770280571.661221,1.2023319173938034,0.0,0.02684183714210987,1.2402560833096503,0.0,0.11093349673986434,0.0,-0.5,-0.021047450743272078,-2.166551390500657e-115,0.0002735822150749985,-0.01067130653238884
1770280572.0691357,1.2023319173938034,0.0,0.02684183714210987,1.2402560833096503,0.0,0.11093349673986434,0.0,-0.5,-0.021047450743272078,-1.4700075713205475e-115,0.0001996134557002581,-0.01063092897542364
1770280572.4743063,1.2023319173938034,0.0,0.02684183714210987,1.2402560833096503,0.0,0.11093349673986434,0.0,-0.5,-0.021047450743272078,-1.141926269238099e-115,-4.550854184221621e-06,-0.010541866375532376
1770280572.8810089,1.2023319173938034,0.0,0.02684183714210987,1.2402560833096503,0.0,0.11093349673986434,0.0,-0.5,-0.021047450743272078,-8.867962398829988e-116,0.00016333702833385685,-0.010622182674054775
1770280573.2884107,1.2023319173938034,0.0,0.02684183714210987,1.2402560833096503,0.0,0.11093349673986434,0.0,-0.5,-0.021047450743272078,-6.886215984246781e-116,0.00031115051190842684,-0.010694081975947711
1770280573.6956887,1.2023319173938034,0.0,0.02684183714210987,1.2402560833096503,0.0,0.11093349673986434,0.0,-0.5,-0.021047450743272078,-4.914583244652299e-116,0.0001616574450877955,-0.010619503400862
1770280574.1029124,1.2023319173938034,0.0,0.02684183714210987,1.2402560833096503,0.0,0.11093349673986434,0.0,-0.5,-0.021047450743272078,-3.8162221031947436e-116,6.954445415830836e-05,-0.010567708897808142
1770280574.511955,1.2023319173938034,0.0,0.02684183714210987,1.2402560833096503,0.0,0.11093349673986434,0.0,-0.5,-0.021047450743272078,-2.9629703601462016e-116,0.00013861127032467559,-0.010599937688415014
1770280574.9181092,1.2023319173938034,0.0,0.02684183714210987,1.2402560833096503,0.0,0.11093349673986434,0.0,-0.5,-0.021047450743272078,-2.3011767896536805e-116,5.749310456022712e-05,-0.010560583740492598
1770280575.324197,1.2023319173938034,0.0,0.02684183714210987,1.2402560833096503,0.0,0.11093349673986434,0.0,-0.5,-0.021047450743272078,-1.7869486494245556e-116,0.0003376823420845664,-0.010720585466430756
1770280575.731149,1.2023319173938034,0.0,0.02684183714210987,1.2402560833096503,0.0,0.11093349673986434,0.0,-0.5,-0.021047450743272078,-1.5373670779805426e-116,0.0003891642195286842,-0.010723455669144793
1770280576.1386857,1.2023319173938034,0.0,0.02684183714210987,1.2402560833096503,0.0,0.11093349673986434,0.0,-0.5,-0.021047450743272078,-1.193425170614151e-116,0.0002957729730614513,-0.010680950982813488
1770280576.5450132,1.2023319173938034,0.0,0.02684183714210987,1.2402560833096503,0.0,0.11093349673986434,0.0,-0.5,-0.021047450743272078,-9.266211964551288e-117,0.0002462517682201112,-0.010651803376230229
1770280576.9522889,1.2023319173938034,0.0,0.02684183714210987,1.2402560833096503,0.0,0.11093349673986434,0.0,-0.5,-0.021047450743272078,-7.19770770614375e-117,0.0003791791637508652,-0.010726607693064546
1770280577.3630278,1.2023319173938034,0.0,0.02684183714210987,1.2402560833096503,0.0,0.11093349673986434,0.0,-0.5,-0.021047450743272078,-5.1528588300960266e-117,0.00034233995638390836,-0.010698579270564688
1770280577.7695847,1.2023319173938034,0.0,0.02684183714210987,1.2402560833096503,0.0,0.11093349673986434,0.0,-0.5,-0.021047450743272078,-4.00177546594052e-117,0.00016738580327267346,-0.010624913688583499
1770280578.175455,1.2023319173938034,0.0,0.02684183714210987,1.2402560833096503,0.0,0.11093349673986434,0.0,-0.5,-0.021047450743272078,-3.107818833351729e-117,0.00010818013643766298,-0.010583736006538372
1770280578.5840988,1.2023319173938034,0.0,0.02684183714210987,1.2402560833096503,0.0,0.11093349673986434,0.0,-0.5,-0.021047450743272078,-2.4136390351859286e-117,2.8581825953186653e-06,-0.010535686658317932
1770280578.9886053,1.2023319173938034,0.0,0.02684183714210987,1.2402560833096503,0.0,0.11093349673986434,0.0,-0.5,-0.021047450743272078,-1.8743710571018254e-117,3.8567137253694215e-05,-0.010546579835728724
1770280579.3969393,1.2023319173938034,0.0,0.02684183714210987,1.2402560833096503,0.0,0.11093349673986434,0.0,-0.5,-0.021047450743272078,-1.3379714240579608e-117,0.00016901961816948296,-0.01062128042881236
1770280579.803312,1.2023319173938034,0.0,0.02684183714210987,1.2402560833096503,0.0,0.11093349673986434,0.0,-0.5,-0.021047450743272078,-1.0390122567809111e-117,4.681317734734419e-05,-0.010559352604391925
1770280580.2116714,1.2023319173938034,0.0,0.02684183714210987,1.2402560833096503,0.0,0.11093349673986434,0.0,-0.5,-0.021047450743272078,-8.069511731982183e-118,3.633975086685115e-05,-0.010542942589717514
1770280580.619258,1.2023319173938034,0.0,0.02684183714210987,1.2402560833096503,0.0,0.11093349673986434,0.0,-0.5,-0.021047450743272078,-6.266599780651675e-118,0.00010306028739663304,-0.010581927568987334
1770280581.0253577,1.2023319173938034,0.0,0.02684183714210987,1.2402560833096503,0.0,0.11093349673986434,0.0,-0.5,-0.021047450743272078,-4.867073363668188e-118,0.0002107131759954669,-0.010639847248493655
1770280581.4332108,1.2023319173938034,0.0,0.02684183714210987,1.2402560833096503,0.0,0.11093349673986434,0.0,-0.5,-0.021047450743272078,-4.18461700317156e-118,0.0001895756484300531,-0.010620626948607607
1770280581.8402557,1.2023319173938034,0.0,0.02684183714210987,1.2402560833096503,0.0,0.11093349673986434,0.0,-0.5,-0.021047450743272078,-3.2492715444267243e-118,0.00011338179111904407,-0.010588035652926662
1770280582.247371,1.2023319173938034,0.0,0.02684183714210987,1.2402560833096503,0.0,0.11093349673986434,0.0,-0.5,-0.021047450743272078,-2.5231810632851876e-118,0.0003716944171827364,-0.010735403842833776
1770280582.654052,1.2023319173938034,0.0,0.02684183714210987,1.2402560833096503,0.0,0.11093349673986434,0.0,-0.5,-0.021047450743272078,-1.9592897557207026e-118,0.000239988094554797,-0.010656890051176232
1770280583.059316,1.2023319173938034,0.0,0.02684183714210987,1.2402560833096503,0.0,0.11093349673986434,0.0,-0.5,-0.021047450743272078,-1.5215243828019145e-118,-3.641342000501054e-05,-0.010533158813089515
1770280583.4701724,1.2023319173938034,0.0,0.02684183714210987,1.2402560833096503,0.0,0.11093349673986434,0.0,-0.5,-0.021047450743272078,-1.0899970660911834e-118,-7.841295954008065e-05,-0.010488718845819506
1770280583.8780994,1.2023319173938034,0.0,0.02684183714210987,1.2402560833096503,0.0,0.11093349673986434,0.0,-0.5,-0.021047450743272078,-8.465858455339131e-119,0.0002371250542530005,-0.010673841700141847
1770280584.2846353,1.2023319173938034,0.0,0.02684183714210987,1.2402560833096503,0.0,0.11093349673986434,0.0,-0.5,-0.021047450743272078,-6.576189401396826e-119,0.00014492348445356546,-0.010605407270842766
1770280584.6904569,1.2023319173938034,0.0,0.02684183714210987,1.2402560833096503,0.0,0.11093349673986434,0.0,-0.5,-0.021047450743272078,-5.10698363584079e-119,9.230022847136595e-05,-0.010575137811469942
1770280585.098688,1.2023319173938034,0.0,0.02684183714210987,1.2402560833096503,0.0,0.11093349673986434,0.0,-0.5,-0.021047450743272078,-3.6479183479436594e-119,0.00029048950846138205,-0.010688789053865732
1770280585.5054395,1.2023319173938034,0.0,0.02684183714210987,1.2402560833096503,0.0,0.11093349673986434,0.0,-0.5,-0.021047450743272078,-2.8332197564226547e-119,0.00018431773295305698,-0.0106265014156634
1770280585.9130707,1.2023319173938034,0.0,0.02684183714210987,1.2402560833096503,0.0,0.11093349673986434,0.0,-0.5,-0.021047450743272078,-2.201262997125353e-119,3.510710802748712e-05,-0.01055619998814234
1770280586.3215382,1.2023319173938034,0.0,0.02684183714210987,1.2402560833096503,0.0,0.11093349673986434,0.0,-0.5,-0.021047450743272078,-1.7102172342387883e-119,8.085484888504289e-05,-0.010568727570164317
1770280586.7303667,1.2023319173938034,0.0,0.02684183714210987,1.2402560833096503,0.0,0.11093349673986434,0.0,-0.5,-0.021047450743272078,-1.4687564197419964e-119,0.0002617441364225724,-0.010672686368601077
1770280587.137698,1.2023319173938034,0.0,0.02684183714210987,1.2402560833096503,0.0,0.11093349673986434,0.0,-0.5,-0.021047450743272078,-1.1404738664968709e-119,0.0003477863500138667,-0.010706222768002102
1770280587.5465212,1.2023319173938034,0.0,0.02684183714210987,1.2402560833096503,0.0,0.11093349673986434,0.0,-0.5,-0.021047450743272078,-8.855130270520619e-120,0.0004364537881203614,-0.01075081900950687
1770280587.9506752,1.2023319173938034,0.0,0.02684183714210987,1.2402560833096503,0.0,0.11093349673986434,0.0,-0.5,-0.021047450743272078,-6.87704289035477e-120,0.000156370020135986,-0.01062991875850247
1770280588.3565354,1.2023319173938034,0.0,0.02684183714210987,1.2402560833096503,0.0,0.11093349673986434,0.0,-0.5,-0.021047450743272078,-5.3406699671510934e-120,0.00033540644491490413,-0.010709332236571383
1770280588.7630863,1.2023319173938034,0.0,0.02684183714210987,1.2402560833096503,0.0,0.11093349673986434,0.0,-0.5,-0.021047450743272078,-3.827174941154864e-120,0.00021472848273323847,-0.010643157409220826
1770280589.1706278,1.2023319173938034,0.0,0.02684183714210987,1.2402560833096503,0.0,0.11093349673986434,0.0,-0.5,-0.021047450743272078,-2.972107762185944e-120,0.00011581272096568193,-0.010591523308295636
1770280589.5761745,1.2023319173938034,0.0,0.02684183714210987,1.2402560833096503,0.0,0.11093349673986434,0.0,-0.5,-0.021047450743272078,-2.3079878493502062e-120,0.0002696073542462514,-0.010673908512087223
1770280589.982251,1.2023319173938034,0.0,0.02684183714210987,1.2402560833096503,0.0,0.11093349673986434,0.0,-0.5,-0.021047450743272078,-1.7918913937432715e-120,0.00016940435759725149,-0.010618447850099565
1770280590.3894343,1.2023319173938034,0.0,0.02684183714210987,1.2402560833096503,0.0,0.11093349673986434,0.0,-0.5,-0.021047450743272078,-1.3914562913887037e-120,-3.7165080692541652e-06,-0.010539179204168062
1770280590.7956805,1.2023319173938034,0.0,0.02684183714210987,1.2402560833096503,0.0,0.11093349673986434,0.0,-0.5,-0.021047450743272078,-9.942199120439994e-121,7.727861954945375e-05,-0.010570464194172636
1770280591.204864,1.2023319173938034,0.0,0.02684183714210987,1.2402560833096503,0.0,0.11093349673986434,0.0,-0.5,-0.021047450743272078,-7.7223207390969e-121,0.00016352359249643435,-0.010614111665178953
1770280591.6121905,1.2023319173938034,0.0,0.02684183714210987,1.2402560833096503,0.0,0.11093349673986434,0.0,-0.5,-0.021047450743272078,-5.731894856294533e-121,0.00022233538313669256,-0.01064077424226841
1770280592.0199392,1.2023319173938034,0.0,0.02684183714210987,1.2402560833096503,0.0,0.11093349673986434,0.0,-0.5,-0.021047450743272078,-4.448897625231268e-121,0.00023185134450770845,-0.010640602640026996
1770280592.4271991,1.2023319173938034,0.0,0.02684183714210987,1.2402560833096503,0.0,0.11093349673986434,0.0,-0.5,-0.021047450743272078,-3.4533856282250265e-121,6.992054827927029e-05,-0.010574878725398518
1770280592.834474,1.2023319173938034,0.0,0.02684183714210987,1.2402560833096503,0.0,0.11093349673986434,0.0,-0.5,-0.021047450743272078,-3.1026466926426597e-121,0.00015825887055336644,-0.010611688639140133
1770280593.241345,1.2023319173938034,0.0,0.02684183714210987,1.2402560833096503,0.0,0.11093349673986434,0.0,-0.5,-0.021047450743272078,-2.409706611090729e-121,0.00033980661541907416,-0.010711783453832148
1770280593.6484375,1.2023319173938034,0.0,0.02684183714210987,1.2402560833096503,0.0,0.11093349673986434,0.0,-0.5,-0.021047450743272078,-1.8711916306482354e-121,0.00035612862485793237,-0.010703421885008892
1770280594.053654,1.2023319173938034,0.0,0.02684183714210987,1.2402560833096503,0.0,0.11093349673986434,0.0,-0.5,-0.021047450743272078,-1.4530600712257863e-121,0.0003065464957727715,-0.010681956832430941
1770280594.4593165,1.2023319173938034,0.0,0.02684183714210987,1.2402560833096503,0.0,0.11093349673986434,0.0,-0.5,-0.021047450743272078,-1.1283517143624357e-121,0.00018802308847305188,-0.010629589256602536
1770280594.8680913,1.2023319173938034,0.0,0.02684183714210987,1.2402560833096503,0.0,0.11093349673986434,0.0,-0.5,-0.021047450743272078,-8.089233996856663e-122,0.00012513691973290412,-0.010592582448376507
1770280595.2767997,1.2023319173938034,0.0,0.02684183714210987,1.2402560833096503,0.0,0.11093349673986434,0.0,-0.5,-0.021047450743272078,-6.27784656686138e-122,-1.2668068297073598e-05,-0.010531171836290501
1770280595.680914,1.2023319173938034,0.0,0.02684183714210987,1.2402560833096503,0.0,0.11093349673986434,0.0,-0.5,-0.021047450743272078,-4.877118378057425e-122,-9.677282960943298e-05,-0.010483749432962559
1770280596.0868855,1.2023319173938034,0.0,0.02684183714210987,1.2402560833096503,0.0,0.11093349673986434,0.0,-0.5,-0.021047450743272078,-3.787330636937536e-122,-0.00011544486093316924,-0.010467870144301828
1770280596.4928114,1.2023319173938034,0.0,0.02684183714210987,1.2402560833096503,0.0,0.11093349673986434,0.0,-0.5,-0.021047450743272078,-2.941044385242627e-122,0.00010692541952520755,-0.01059942510944448
1770280596.89938,1.2023319173938034,0.0,0.02684183714210987,1.2402560833096503,0.0,0.11093349673986434,0.0,-0.5,-0.021047450743272078,-1.9960785975764675e-122,0.00034926608976808553,-0.01072259248354437
1770280597.3066633,1.2023319173938034,0.0,0.02684183714210987,1.2402560833096503,0.0,0.11093349673986434,0.0,-0.5,-0.021047450743272078,-1.5493155966372038e-122,5.291802818045691e-05,-0.010579819191885031
1770280597.7138445,1.2023319173938034,0.0,0.02684183714210987,1.2402560833096503,0.0,0.11093349673986434,0.0,-0.5,-0.021047450743272078,-1.2026595452430449e-122,0.00014861663946297933,-0.010607603552495782
1770280598.121147,1.2023319173938034,0.0,0.02684183714210987,1.2402560833096503,0.0,0.11093349673986434,0.0,-0.5,-0.021047450743272078,-9.334644609159725e-123,0.0003062310884432594,-0.010692602360755697
1770280598.5296383,1.2023319173938034,0.0,0.02684183714210987,1.2402560833096503,0.0,0.11093349673986434,0.0,-0.5,-0.021047450743272078,-8.443374147358566e-123,7.737098250964517e-05,-0.010585296873484223
1770280598.9375424,1.2023319173938034,0.0,0.02684183714210987,1.2402560833096503,0.0,0.11093349673986434,0.0,-0.5,-0.021047450743272078,-6.556594202338699e-123,0.00015544487057405767,-0.010609255195729509
1770280599.3442445,1.2023319173938034,0.0,0.02684183714210987,1.2402560833096503,0.0,0.11093349673986434,0.0,-0.5,-0.021047450743272078,-5.091447112230556e-123,0.00034871218590741684,-0.010717408196123083
1770280599.7521496,1.2023319173938034,0.0,0.02684183714210987,1.2402560833096503,0.0,0.11093349673986434,0.0,-0.5,-0.021047450743272078,-3.953897459713387e-123,2.375611823777265e-05,-0.010568099037521891
1770280600.1590748,1.2023319173938034,0.0,0.02684183714210987,1.2402560833096503,0.0,0.11093349673986434,0.0,-0.5,-0.021047450743272078,-3.0709018537199774e-123,0.00014928515528861577,-0.01061092085298543
1770280600.565877,1.2023319173938034,0.0,0.02684183714210987,1.2402560833096503,0.0,0.11093349673986434,0.0,-0.5,-0.021047450743272078,-2.203004318465325e-123,5.356710704272612e-05,-0.010560080729981991
1770280600.9719703,1.2023319173938034,0.0,0.02684183714210987,1.2402560833096503,0.0,0.11093349673986434,0.0,-0.5,-0.021047450743272078,-1.7113478037346646e-123,0.0002977657480816079,-0.010697028109780732
1770280601.3777485,1.2023319173938034,0.0,0.02684183714210987,1.2402560833096503,0.0,0.11093349673986434,0.0,-0.5,-0.021047450743272078,-1.3295119620690567e-123,0.00032405455126254727,-0.010688381527585406
1770280601.7854671,1.2023319173938034,0.0,0.02684183714210987,1.2402560833096503,0.0,0.11093349673986434,0.0,-0.5,-0.021047450743272078,-1.032693752199724e-123,0.00029662094054047096,-0.010674779202978482
1770280602.1916246,1.2023319173938034,0.0,0.02684183714210987,1.2402560833096503,0.0,0.11093349673986434,0.0,-0.5,-0.021047450743272078,-8.019661112514642e-124,0.00038712948431496064,-0.010726340968170968
1770280602.6009512,1.2023319173938034,0.0,0.02684183714210987,1.2402560833096503,0.0,0.11093349673986434,0.0,-0.5,-0.021047450743272078,-5.398765629969772e-124,0.0004136450914378037,-0.010733199478067225
1770280603.0084035,1.2023319173938034,0.0,0.02684183714210987,1.2402560833096503,0.0,0.11093349673986434,0.0,-0.5,-0.021047450743272078,-4.191510532062307e-124,0.00014836002116034094,-0.010624433889243955
1770280603.4142292,1.2023319173938034,0.0,0.02684183714210987,1.2402560833096503,0.0,0.11093349673986434,0.0,-0.5,-0.021047450743272078,-3.2543695764881296e-124,0.0003863182311307115,-0.010740680308198433
1770280603.8221672,1.2023319173938034,0.0,0.02684183714210987,1.2402560833096503,0.0,0.11093349673986434,0.0,-0.5,-0.021047450743272078,-2.5273317536639335e-124,0.00044466539199429473,-0.010751892783719545
1770280604.2272625,1.2023319173938034,0.0,0.02684183714210987,1.2402560833096503,0.0,0.11093349673986434,0.0,-0.5,-0.021047450743272078,-1.9623986898388754e-124,0.00016169463729783133,-0.010632869765754602
1770280604.634477,1.2023319173938034,0.0,0.02684183714210987,1.2402560833096503,0.0,0.11093349673986434,0.0,-0.5,-0.021047450743272078,-1.7856839051717706e-124,0.00014576147514165923,-0.010598199425422486
1770280605.042566,1.2023319173938034,0.0,0.02684183714210987,1.2402560833096503,0.0,0.11093349673986434,0.0,-0.5,-0.021047450743272078,-1.3864952013855955e-124,9.80754506427881e-05,-0.01057753169940732
1770280605.448818,1.2023319173938034,0.0,0.02684183714210987,1.2402560833096503,0.0,0.11093349673986434,0.0,-0.5,-0.021047450743272078,-1.0765569543113886e-124,0.0002891179563234423,-0.010687388600365826
1770280605.8558753,1.2023319173938034,0.0,0.02684183714210987,1.2402560833096503,0.0,0.11093349673986434,0.0,-0.5,-0.021047450743272078,-8.360317429194389e-125,0.0001597803616367673,-0.010616549311923091
1770280606.2632005,1.2023319173938034,0.0,0.02684183714210987,1.2402560833096503,0.0,0.11093349673986434,0.0,-0.5,-0.021047450743272078,-5.665252014563427e-125,0.0002605799290483475,-0.010664095292901372
1770280606.671831,1.2023319173938034,0.0,0.02684183714210987,1.2402560833096503,0.0,0.11093349673986434,0.0,-0.5,-0.021047450743272078,-4.3991722643222175e-125,0.00020511362482878996,-0.01063182881447239
1770280607.0786562,1.2023319173938034,0.0,0.02684183714210987,1.2402560833096503,0.0,0.11093349673986434,0.0,-0.5,-0.021047450743272078,-3.416460401099628e-125,0.00024869825108025625,-0.010652432959801313
1770280607.4856613,1.2023319173938034,0.0,0.02684183714210987,1.2402560833096503,0.0,0.11093349673986434,0.0,-0.5,-0.021047450743272078,-2.652828931481459e-125,0.0002560741537728147,-0.010652500038791703
1770280607.8937557,1.2023319173938034,0.0,0.02684183714210987,1.2402560833096503,0.0,0.11093349673986434,0.0,-0.5,-0.021047450743272078,-2.059927324657463e-125,0.00016424525161914884,-0.01061503088766098
1770280608.299916,1.2023319173938034,0.0,0.02684183714210987,1.2402560833096503,0.0,0.11093349673986434,0.0,-0.5,-0.021047450743272078,-1.468559563862818e-125,0.00013941828007282928,-0.010595917208827086
1770280608.707583,1.2023319173938034,0.0,0.02684183714210987,1.2402560833096503,0.0,0.11093349673986434,0.0,-0.5,-0.021047450743272078,-1.1403545673351413e-125,0.0004117940741728013,-0.010756859988132436
1770280609.114209,1.2023319173938034,0.0,0.02684183714210987,1.2402560833096503,0.0,0.11093349673986434,0.0,-0.5,-0.021047450743272078,-8.856949459831829e-126,0.00035686542280250437,-0.01070765094817432
1770280609.5208735,1.2023319173938034,0.0,0.02684183714210987,1.2402560833096503,0.0,0.11093349673986434,0.0,-0.5,-0.021047450743272078,-6.879091141820125e-126,0.00029170868607913047,-0.01067609538834794
1770280609.9301586,1.2023319173938034,0.0,0.02684183714210987,1.2402560833096503,0.0,0.11093349673986434,0.0,-0.5,-0.021047450743272078,-6.252938420363338e-126,0.00026343886993391983,-0.010658271788217521
1770280610.3390005,1.2023319173938034,0.0,0.02684183714210987,1.2402560833096503,0.0,0.11093349673986434,0.0,-0.5,-0.021047450743272078,-4.855283361590506e-126,0.00016120129150741812,-0.010614549775232398
1770280610.746905,1.2023319173938034,0.0,0.02684183714210987,1.2402560833096503,0.0,0.11093349673986434,0.0,-0.5,-0.021047450743272078,-3.7701796531603977e-126,3.175708169292437e-05,-0.010552548333463951
1770280611.1542988,1.2023319173938034,0.0,0.02684183714210987,1.2402560833096503,0.0,0.11093349673986434,0.0,-0.5,-0.021047450743272078,-2.9271916301515664e-126,0.00010272865790638755,-0.01058218685821058
1770280611.563894,1.2023319173938034,0.0,0.02684183714210987,1.2402560833096503,0.0,0.11093349673986434,0.0,-0.5,-0.021047450743272078,-1.9854815506135835e-126,-0.00018196305074085097,-0.010461213017130338
1770280611.971752,1.2023319173938034,0.0,0.02684183714210987,1.2402560833096503,0.0,0.11093349673986434,0.0,-0.5,-0.021047450743272078,-1.541722798222115e-126,-1.744987161840556e-05,-0.01053145175373908
1770280612.3788524,1.2023319173938034,0.0,0.02684183714210987,1.2402560833096503,0.0,0.11093349673986434,0.0,-0.5,-0.021047450743272078,-1.1971458376946242e-126,0.00014053001693652454,-0.010609788368959795
1770280612.7850037,1.2023319173938034,0.0,0.02684183714210987,1.2402560833096503,0.0,0.11093349673986434,0.0,-0.5,-0.021047450743272078,-9.29690733295399e-127,0.0001345053228657181,-0.010591580502475979
1770280613.1903112,1.2023319173938034,0.0,0.02684183714210987,1.2402560833096503,0.0,0.11093349673986434,0.0,-0.5,-0.021047450743272078,-7.219392293558591e-127,0.00010323635539518314,-0.010578470446080684
1770280613.5966039,1.2023319173938034,0.0,0.02684183714210987,1.2402560833096503,0.0,0.11093349673986434,0.0,-0.5,-0.021047450743272078,-5.150363908318775e-127,0.00011137876424990085,-0.010580228994646461
1770280614.002915,1.2023319173938034,0.0,0.02684183714210987,1.2402560833096503,0.0,0.11093349673986434,0.0,-0.5,-0.021047450743272078,-4.000415842920893e-127,0.000296872994550119,-0.010690711291941121
1770280614.4100764,1.2023319173938034,0.0,0.02684183714210987,1.2402560833096503,0.0,0.11093349673986434,0.0,-0.5,-0.021047450743272078,-3.1071683608976643e-127,0.0003268520012510245,-0.010690149272931642
1770280614.8177643,1.2023319173938034,0.0,0.02684183714210987,1.2402560833096503,0.0,0.11093349673986434,0.0,-0.5,-0.021047450743272078,-2.413068030167835e-127,0.00018339875465211194,-0.010629770073621987
1770280615.2237148,1.2023319173938034,0.0,0.02684183714210987,1.2402560833096503,0.0,0.11093349673986434,0.0,-0.5,-0.021047450743272078,-1.8739464292678858e-127,0.00021247801297362808,-0.010632872303955005
1770280615.6308787,1.2023319173938034,0.0,0.02684183714210987,1.2402560833096503,0.0,0.11093349673986434,0.0,-0.5,-0.021047450743272078,-1.7015694749636555e-127,0.00029904717426995045,-0.010681905874900645
1770280616.03697,1.2023319173938034,0.0,0.02684183714210987,1.2402560833096503,0.0,0.11093349673986434,0.0,-0.5,-0.021047450743272078,-1.321353638213133e-127,8.675105282708297e-05,-0.010588330510193866
1770280616.4435117,1.2023319173938034,0.0,0.02684183714210987,1.2402560833096503,0.0,0.11093349673986434,0.0,-0.5,-0.021047450743272078,-1.026146791055739e-127,6.721943910816478e-05,-0.010559288252562013
1770280616.8519692,1.2023319173938034,0.0,0.02684183714210987,1.2402560833096503,0.0,0.11093349673986434,0.0,-0.5,-0.021047450743272078,-7.96948260117611e-128,0.00039065222690466017,-0.010751394763868018
1770280617.259478,1.2023319173938034,0.0,0.02684183714210987,1.2402560833096503,0.0,0.11093349673986434,0.0,-0.5,-0.021047450743272078,-6.189528341534519e-128,0.00012689483674133974,-0.010613548529023041
1770280617.6679347,1.2023319173938034,0.0,0.02684183714210987,1.2402560833096503,0.0,0.11093349673986434,0.0,-0.5,-0.021047450743272078,-4.202460049584813e-128,0.00028262662230476486,-0.010680611861344764
1770280618.0742767,1.2023319173938034,0.0,0.02684183714210987,1.2402560833096503,0.0,0.11093349673986434,0.0,-0.5,-0.021047450743272078,-3.2634487246554203e-128,0.0004155394204800677,-0.010744786361693603
1770280618.4804344,1.2023319173938034,0.0,0.02684183714210987,1.2402560833096503,0.0,0.11093349673986434,0.0,-0.5,-0.021047450743272078,-2.534477728228553e-128,0.0003335905583893511,-0.010698715537039785
1770280618.887357,1.2023319173938034,0.0,0.02684183714210987,1.2402560833096503,0.0,0.11093349673986434,0.0,-0.5,-0.021047450743272078,-1.9680006323214253e-128,0.0002851626868907982,-0.010671149502231294
1770280619.2955787,1.2023319173938034,0.0,0.02684183714210987,1.2402560833096503,0.0,0.11093349673986434,0.0,-0.5,-0.021047450743272078,-1.4042405813959653e-128,0.00035794667920247426,-0.010709977110468444
1770280619.7015972,1.2023319173938034,0.0,0.02684183714210987,1.2402560833096503,0.0,0.11093349673986434,0.0,-0.5,-0.021047450743272078,-1.0904842054570724e-128,0.00022564683709141545,-0.010649778774392854
1770280620.109097,1.2023319173938034,0.0,0.02684183714210987,1.2402560833096503,0.0,0.11093349673986434,0.0,-0.5,-0.021047450743272078,-8.467771127285912e-129,0.0003104298553965293,-0.010687418601164815
1770280620.5165937,1.2023319173938034,0.0,0.02684183714210987,1.2402560833096503,0.0,0.11093349673986434,0.0,-0.5,-0.021047450743272078,-6.576193089759768e-129,0.00015573616472672473,-0.010617062823066382
1770280620.9218936,1.2023319173938034,0.0,0.02684183714210987,1.2402560833096503,0.0,0.11093349673986434,0.0,-0.5,-0.021047450743272078,-5.105643739686808e-129,0.00031457569806710476,-0.01069689717400363
1770280621.3295648,1.2023319173938034,0.0,0.02684183714210987,1.2402560833096503,0.0,0.11093349673986434,0.0,-0.5,-0.021047450743272078,-4.3909853175183244e-129,0.0001732778049725165,-0.010624494063431756
1770280621.7362163,1.2023319173938034,0.0,0.02684183714210987,1.2402560833096503,0.0,0.11093349673986434,0.0,-0.5,-0.021047450743272078,-3.4094636882423724e-129,0.00012778886258913,-0.010592168697168941
1770280622.1434133,1.2023319173938034,0.0,0.02684183714210987,1.2402560833096503,0.0,0.11093349673986434,0.0,-0.5,-0.021047450743272078,-2.6481369329889527e-129,6.691996708470851e-06,-0.01053918105657834
1770280622.5499651,1.2023319173938034,0.0,0.02684183714210987,1.2402560833096503,0.0,0.11093349673986434,0.0,-0.5,-0.021047450743272078,-2.0563489465617747e-129,2.1742843270021177e-05,-0.010536101877927204
1770280622.9563317,1.2023319173938034,0.0,0.02684183714210987,1.2402560833096503,0.0,0.11093349673986434,0.0,-0.5,-0.021047450743272078,-1.5969093023879537e-129,0.00041772832704554583,-0.010772188083536364
1770280623.3637936,1.2023319173938034,0.0,0.02684183714210987,1.2402560833096503,0.0,0.11093349673986434,0.0,-0.5,-0.021047450743272078,-1.143673029061255e-129,0.0004635800159457396,-0.010760100548498928
1770280623.7706606,1.2023319173938034,0.0,0.02684183714210987,1.2402560833096503,0.0,0.11093349673986434,0.0,-0.5,-0.021047450743272078,-8.882176208464162e-130,0.0003938496631154998,-0.010727623238476812
1770280624.1793237,1.2023319173938034,0.0,0.02684183714210987,1.2402560833096503,0.0,0.11093349673986434,0.0,-0.5,-0.021047450743272078,-6.899235284316135e-130,0.00023054392816152015,-0.010655327909212196
1770280624.585698,1.2023319173938034,0.0,0.02684183714210987,1.2402560833096503,0.0,0.11093349673986434,0.0,-0.5,-0.021047450743272078,-5.358264972242079e-130,0.00025838175926492954,-0.010655700034378846
1770280624.9917338,1.2023319173938034,0.0,0.02684183714210987,1.2402560833096503,0.0,0.11093349673986434,0.0,-0.5,-0.021047450743272078,-4.161232638049041e-130,0.0001568097435308241,-0.010612287444974862
1770280625.4000094,1.2023319173938034,0.0,0.02684183714210987,1.2402560833096503,0.0,0.11093349673986434,0.0,-0.5,-0.021047450743272078,-2.9711844105116634e-130,9.755874460344217e-05,-0.010578429843830499
1770280625.8068073,1.2023319173938034,0.0,0.02684183714210987,1.2402560833096503,0.0,0.11093349673986434,0.0,-0.5,-0.021047450743272078,-2.3075650783779846e-130,0.0002799997638950017,-0.010681969355512697
1770280626.2144518,1.2023319173938034,0.0,0.02684183714210987,1.2402560833096503,0.0,0.11093349673986434,0.0,-0.5,-0.021047450743272078,-1.7922932283731682e-130,0.00017788345752377564,-0.010622878731035049
1770280626.6208742,1.2023319173938034,0.0,0.02684183714210987,1.2402560833096503,0.0,0.11093349673986434,0.0,-0.5,-0.021047450743272078,-1.3920398595661234e-130,-4.462148990357939e-07,-0.010541335231428802
1770280627.029068,1.2023319173938034,0.0,0.02684183714210987,1.2402560833096503,0.0,0.11093349673986434,0.0,-0.5,-0.021047450743272078,-1.1962291430863279e-130,-6.540733677929083e-05,-0.01049751781543442
1770280627.4370406,1.2023319173938034,0.0,0.02684183714210987,1.2402560833096503,0.0,0.11093349673986434,0.0,-0.5,-0.021047450743272078,-9.290240723257017e-131,0.000222693466638123,-0.010663882185296842
1770280627.8448484,1.2023319173938034,0.0,0.02684183714210987,1.2402560833096503,0.0,0.11093349673986434,0.0,-0.5,-0.021047450743272078,-7.214752842879426e-131,0.00012994829854647352,-0.01059797403771844
1770280628.2530713,1.2023319173938034,0.0,0.02684183714210987,1.2402560833096503,0.0,0.11093349673986434,0.0,-0.5,-0.021047450743272078,-5.602765778202377e-131,0.0003144179414856186,-0.010699381306672763
1770280628.6593616,1.2023319173938034,0.0,0.02684183714210987,1.2402560833096503,0.0,0.11093349673986434,0.0,-0.5,-0.021047450743272078,-4.3505860897105957e-131,0.00027650335840055364,-0.010665768509144823
1770280629.0669782,1.2023319173938034,0.0,0.02684183714210987,1.2402560833096503,0.0,0.11093349673986434,0.0,-0.5,-0.021047450743272078,-3.117553657118783e-131,0.00015673728485134,-0.010614070621416631
1770280629.4727478,1.2023319173938034,0.0,0.02684183714210987,1.2402560833096503,0.0,0.11093349673986434,0.0,-0.5,-0.021047450743272078,-2.421662043664653e-131,0.0003467821719755163,-0.010716120946336215
1770280629.8792357,1.2023319173938034,0.0,0.02684183714210987,1.2402560833096503,0.0,0.11093349673986434,0.0,-0.5,-0.021047450743272078,-1.8806125664235807e-131,0.00026628681321985476,-0.010664918314121532
1770280630.286211,1.2023319173938034,0.0,0.02684183714210987,1.2402560833096503,0.0,0.11093349673986434,0.0,-0.5,-0.021047450743272078,-1.460439926155235e-131,0.00030204569863374187,-0.010678324109494298
1770280630.6941214,1.2023319173938034,0.0,0.02684183714210987,1.2402560833096503,0.0,0.11093349673986434,0.0,-0.5,-0.021047450743272078,-1.1339812648060195e-131,0.0002346314895684069,-0.010647782537326775
1770280631.1017523,1.2023319173938034,0.0,0.02684183714210987,1.2402560833096503,0.0,0.11093349673986434,0.0,-0.5,-0.021047450743272078,-8.100680663442663e-132,0.0002294860420689766,-0.010638982937420471
1770280631.5113564,1.2023319173938034,0.0,0.02684183714210987,1.2402560833096503,0.0,0.11093349673986434,0.0,-0.5,-0.021047450743272078,-6.290857620410736e-132,4.488155667431819e-05,-0.010564626598512664
1770280631.9179204,1.2023319173938034,0.0,0.02684183714210987,1.2402560833096503,0.0,0.11093349673986434,0.0,-0.5,-0.021047450743272078,-4.885894558372137e-132,-0.00018447965658987192,-0.010454421664667523
1770280632.3267813,1.2023319173938034,0.0,0.02684183714210987,1.2402560833096503,0.0,0.11093349673986434,0.0,-0.5,-0.021047450743272078,-3.7949232858455577e-132,0.00012342131776169857,-0.010616226127952044
1770280632.7349463,1.2023319173938034,0.0,0.02684183714210987,1.2402560833096503,0.0,0.11093349673986434,0.0,-0.5,-0.021047450743272078,-3.2587774716198026e-132,0.00020009810202076465,-0.010631442101072329
1770280633.1418133,1.2023319173938034,0.0,0.02684183714210987,1.2402560833096503,0.0,0.11093349673986434,0.0,-0.5,-0.021047450743272078,-2.5307770545808878e-132,0.00023843905866715188,-0.010646778996634253
1770280633.5497553,1.2023319173938034,0.0,0.02684183714210987,1.2402560833096503,0.0,0.11093349673986434,0.0,-0.5,-0.021047450743272078,-1.9654990504702568e-132,0.00023969515272983692,-0.010643698557407226
1770280633.9554436,1.2023319173938034,0.0,0.02684183714210987,1.2402560833096503,0.0,0.11093349673986434,0.0,-0.5,-0.021047450743272078,-1.5263782268451686e-132,0.0002546203398706272,-0.010652528060285433
1770280634.3596299,1.2023319173938034,0.0,0.02684183714210987,1.2402560833096503,0.0,0.11093349673986434,0.0,-0.5,-0.021047450743272078,-1.1853060565240206e-132,0.0003538081262741211,-0.010710548213413449
1770280634.767394,1.2023319173938034,0.0,0.02684183714210987,1.2402560833096503,0.0,0.11093349673986434,0.0,-0.5,-0.021047450743272078,-8.496438472094408e-133,0.0002065212969669728,-0.01064171470305024
1770280635.17406,1.2023319173938034,0.0,0.02684183714210987,1.2402560833096503,0.0,0.11093349673986434,0.0,-0.5,-0.021047450743272078,-6.596973083441107e-133,0.00040045819997231564,-0.010743348161922732
1770280635.5824606,1.2023319173938034,0.0,0.02684183714210987,1.2402560833096503,0.0,0.11093349673986434,0.0,-0.5,-0.021047450743272078,-5.122654549303749e-133,0.0001749280136476205,-0.010633742397092319
1770280635.9912362,1.2023319173938034,0.0,0.02684183714210987,1.2402560833096503,0.0,0.11093349673986434,0.0,-0.5,-0.021047450743272078,-3.9784177118062825e-133,0.00015337323596768603,-0.010602567467387875
1770280636.3990216,1.2023319173938034,0.0,0.02684183714210987,1.2402560833096503,0.0,0.11093349673986434,0.0,-0.5,-0.021047450743272078,-2.7111814447818394e-133,0.0001638872510868019,-0.010606720398691353
1770280636.8051429,1.2023319173938034,0.0,0.02684183714210987,1.2402560833096503,0.0,0.11093349673986434,0.0,-0.5,-0.021047450743272078,-2.104345056806107e-133,7.264190572031408e-05,-0.010569170859032844
1770280637.2121816,1.2023319173938034,0.0,0.02684183714210987,1.2402560833096503,0.0,0.11093349673986434,0.0,-0.5,-0.021047450743272078,-1.633237960967482e-133,0.00010774316136379914,-0.010581107077882287
1770280637.6170256,1.2023319173938034,0.0,0.02684183714210987,1.2402560833096503,0.0,0.11093349673986434,0.0,-0.5,-0.021047450743272078,-1.2677210518087508e-133,9.570215281710158e-05,-0.01057278054889926
1770280638.022916,1.2023319173938034,0.0,0.02684183714210987,1.2402560833096503,0.0,0.11093349673986434,0.0,-0.5,-0.021047450743272078,-9.839278903580718e-134,0.00032417782445249763,-0.010708661851025827
1770280638.4326224,1.2023319173938034,0.0,0.02684183714210987,1.2402560833096503,0.0,0.11093349673986434,0.0,-0.5,-0.021047450743272078,-8.868238535217062e-134,0.0002889079693623859,-0.010671706341826244
1770280638.8387706,1.2023319173938034,0.0,0.02684183714210987,1.2402560833096503,0.0,0.11093349673986434,0.0,-0.5,-0.021047450743272078,-6.885607175267364e-134,2.793692385095541e-05,-0.01056379093811266
1770280639.2464688,1.2023319173938034,0.0,0.02684183714210987,1.2402560833096503,0.0,0.11093349673986434,0.0,-0.5,-0.021047450743272078,-5.346057614264944e-134,0.000370398532356073,-0.010743170798664587
1770280639.653033,1.2023319173938034,0.0,0.02684183714210987,1.2402560833096503,0.0,0.11093349673986434,0.0,-0.5,-0.021047450743272078,-4.1516711894331073e-134,0.0003409225714542754,-0.010697134253453358
1770280640.0605407,1.2023319173938034,0.0,0.02684183714210987,1.2402560833096503,0.0,0.11093349673986434,0.0,-0.5,-0.021047450743272078,-3.22516152742697e-134,0.00028004698396731935,-0.010669836422368394
1770280640.4685113,1.2023319173938034,0.0,0.02684183714210987,1.2402560833096503,0.0,0.11093349673986434,0.0,-0.5,-0.021047450743272078,-2.3140100665589453e-134,0.00045218216046690764,-0.010767029969519452
1770280640.8744526,1.2023319173938034,0.0,0.02684183714210987,1.2402560833096503,0.0,0.11093349673986434,0.0,-0.5,-0.021047450743272078,-1.797068574507896e-134,0.00033562698343093337,-0.010703194381055103
1770280641.28112,1.2023319173938034,0.0,0.02684183714210987,1.2402560833096503,0.0,0.11093349673986434,0.0,-0.5,-0.021047450743272078,-1.3952659331525243e-134,0.0003222547021104634,-0.010686189950823318
1770280641.6879463,1.2023319173938034,0.0,0.02684183714210987,1.2402560833096503,0.0,0.11093349673986434,0.0,-0.5,-0.021047450743272078,-1.0836155503386563e-134,0.0001253407206541266,-0.010606087130108736
1770280642.0922525,1.2023319173938034,0.0,0.02684183714210987,1.2402560833096503,0.0,0.11093349673986434,0.0,-0.5,-0.021047450743272078,-8.41473292509571e-135,1.2923057802317347e-05,-0.010541428666822379
1770280642.499332,1.2023319173938034,0.0,0.02684183714210987,1.2402560833096503,0.0,0.11093349673986434,0.0,-0.5,-0.021047450743272078,-7.1689490899161e-135,-0.0001778339574106506,-0.01045388409445201
1770280642.910021,1.2023319173938034,0.0,0.02684183714210987,1.2402560833096503,0.0,0.11093349673986434,0.0,-0.5,-0.021047450743272078,-4.41461888241747e-135,0.00012046020329203843,-0.010613784889352327
1770280643.3164716,1.2023319173938034,0.0,0.02684183714210987,1.2402560833096503,0.0,0.11093349673986434,0.0,-0.5,-0.021047450743272078,-3.433451907779788e-135,0.0001663851571181296,-0.010611510445577713
1770280643.7236352,1.2023319173938034,0.0,0.02684183714210987,1.2402560833096503,0.0,0.11093349673986434,0.0,-0.5,-0.021047450743272078,-2.670474183182525e-135,-1.36756502905299e-05,-0.01053489362723164
1770280644.1300452,1.2023319173938034,0.0,0.02684183714210987,1.2402560833096503,0.0,0.11093349673986434,0.0,-0.5,-0.021047450743272078,-2.428437733996404e-135,0.00017471015327954396,-0.010629919028632818
1770280644.5368958,1.2023319173938034,0.0,0.02684183714210987,1.2402560833096503,0.0,0.11093349673986434,0.0,-0.5,-0.021047450743272078,-1.8851668595410642e-135,0.0003112888898708984,-0.010693027690230623
1770280644.943262,1.2023319173938034,0.0,0.02684183714210987,1.2402560833096503,0.0,0.11093349673986434,0.0,-0.5,-0.021047450743272078,-1.4635142720927263e-135,0.0003698699033955218,-0.010714518424686263
1770280645.3505082,1.2023319173938034,0.0,0.02684183714210987,1.2402560833096503,0.0,0.11093349673986434,0.0,-0.5,-0.021047450743272078,-1.136199849157412e-135,0.0003903885283518759,-0.010720971498307611
1770280645.757074,1.2023319173938034,0.0,0.02684183714210987,1.2402560833096503,0.0,0.11093349673986434,0.0,-0.5,-0.021047450743272078,-8.821048614542231e-136,0.000341712897235146,-0.010699449383365284
1770280646.1655521,1.2023319173938034,0.0,0.02684183714210987,1.2402560833096503,0.0,0.11093349673986434,0.0,-0.5,-0.021047450743272078,-6.327514993137975e-136,0.00029475997124102154,-0.010675800649855962
1770280646.5726593,1.2023319173938034,0.0,0.02684183714210987,1.2402560833096503,0.0,0.11093349673986434,0.0,-0.5,-0.021047450743272078,-4.6413096247077665e-136,0.0003453339843124178,-0.010701449765099388
1770280646.9794252,1.2023319173938034,0.0,0.02684183714210987,1.2402560833096503,0.0,0.11093349673986434,0.0,-0.5,-0.021047450743272078,-3.603488382611746e-136,0.00019568913088300528,-0.010636534422420482
1770280647.386005,1.2023319173938034,0.0,0.02684183714210987,1.2402560833096503,0.0,0.11093349673986434,0.0,-0.5,-0.021047450743272078,-2.960860424031388e-136,8.135700346418071e-05,-0.010575837086110013
1770280647.7922857,1.2023319173938034,0.0,0.02684183714210987,1.2402560833096503,0.0,0.11093349673986434,0.0,-0.5,-0.021047450743272078,-2.0454501174615296e-136,0.00016813480959666587,-0.01061647055704762
1770280648.2013674,1.2023319173938034,0.0,0.02684183714210987,1.2402560833096503,0.0,0.11093349673986434,0.0,-0.5,-0.021047450743272078,-1.5480731391472308e-136,0.00022101052072018523,-0.010639518203108484
1770280648.6088302,1.2023319173938034,0.0,0.02684183714210987,1.2402560833096503,0.0,0.11093349673986434,0.0,-0.5,-0.021047450743272078,-1.2018578656097535e-136,0.00023616223800505503,-0.010643321662367053
1770280649.015796,1.2023319173938034,0.0,0.02684183714210987,1.2402560833096503,0.0,0.11093349673986434,0.0,-0.5,-0.021047450743272078,-9.330621513586868e-137,4.426715473405387e-05,-0.010565048457330166
1770280649.4205043,1.2023319173938034,0.0,0.02684183714210987,1.2402560833096503,0.0,0.11093349673986434,0.0,-0.5,-0.021047450743272078,-7.243061828744368e-137,0.0001798744346738738,-0.010627223316966958
1770280649.8261735,1.2023319173938034,0.0,0.02684183714210987,1.2402560833096503,0.0,0.11093349673986434,0.0,-0.5,-0.021047450743272078,-5.623312951043155e-137,0.00024198094668187662,-0.010650926496177777
1770280650.2340736,1.2023319173938034,0.0,0.02684183714210987,1.2402560833096503,0.0,0.11093349673986434,0.0,-0.5,-0.021047450743272078,-5.112123229519935e-137,0.00034942743142249243,-0.010709183735821345
1770280650.6420565,1.2023319173938034,0.0,0.02684183714210987,1.2402560833096503,0.0,0.11093349673986434,0.0,-0.5,-0.021047450743272078,-3.9684021043347515e-137,0.0002440258452806548,-0.010656278452890551
1770280651.04986,1.2023319173938034,0.0,0.02684183714210987,1.2402560833096503,0.0,0.11093349673986434,0.0,-0.5,-0.021047450743272078,-3.0803214644966324e-137,2.2592191028986158e-05,-0.010557164832575698
1770280651.455438,1.2023319173938034,0.0,0.02684183714210987,1.2402560833096503,0.0,0.11093349673986434,0.0,-0.5,-0.021047450743272078,-2.391190404686137e-137,-0.00014618590872904602,-0.01046751022724732
1770280651.8628793,1.2023319173938034,0.0,0.02684183714210987,1.2402560833096503,0.0,0.11093349673986434,0.0,-0.5,-0.021047450743272078,-1.6210486175750847e-137,2.1534575248310114e-05,-0.01055126470765793
1770280652.2708335,1.2023319173938034,0.0,0.02684183714210987,1.2402560833096503,0.0,0.11093349673986434,0.0,-0.5,-0.021047450743272078,-1.2584674313220977e-137,-0.00016589389580580618,-0.010459521270838549
1770280652.6789594,1.2023319173938034,0.0,0.02684183714210987,1.2402560833096503,0.0,0.11093349673986434,0.0,-0.5,-0.021047450743272078,-9.76789084370207e-138,-5.202165589585767e-05,-0.010509101767679104
1770280653.0848246,1.2023319173938034,0.0,0.02684183714210987,1.2402560833096503,0.0,0.11093349673986434,0.0,-0.5,-0.021047450743272078,-7.580857163765817e-138,-2.6420159085001643e-05,-0.010513075441774624
1770280653.4923446,1.2023319173938034,0.0,0.02684183714210987,1.2402560833096503,0.0,0.11093349673986434,0.0,-0.5,-0.021047450743272078,-5.888060121025883e-138,2.527258506491486e-06,-0.010527883742648434
1770280653.8988047,1.2023319173938034,0.0,0.02684183714210987,1.2402560833096503,0.0,0.11093349673986434,0.0,-0.5,-0.021047450743272078,-4.197226705646261e-138,-0.00016834610830854577,-0.01045663965416327
1770280654.3057406,1.2023319173938034,0.0,0.02684183714210987,1.2402560833096503,0.0,0.11093349673986434,0.0,-0.5,-0.021047450743272078,-3.2582591136339e-138,-2.5680405743183834e-05,-0.010525151739020983
1770280654.7125287,1.2023319173938034,0.0,0.02684183714210987,1.2402560833096503,0.0,0.11093349673986434,0.0,-0.5,-0.021047450743272078,-2.5295420296808007e-138,0.0002359571741661866,-0.010667867716710069
1770280655.1182323,1.2023319173938034,0.0,0.02684183714210987,1.2402560833096503,0.0,0.11093349673986434,0.0,-0.5,-0.021047450743272078,-1.96384225888667e-138,6.251911788943594e-05,-0.010572328736208432
1770280655.5247064,1.2023319173938034,0.0,0.02684183714210987,1.2402560833096503,0.0,0.11093349673986434,0.0,-0.5,-0.021047450743272078,-1.5241496025281286e-138,-2.0551104372724656e-06,-0.010529155239250075
1770280655.9340081,1.2023319173938034,0.0,0.02684183714210987,1.2402560833096503,0.0,0.11093349673986434,0.0,-0.5,-0.021047450743272078,-1.3851735040918228e-138,-5.3643289483398164e-05,-0.010502062544798952
1770280656.3414657,1.2023319173938034,0.0,0.02684183714210987,1.2402560833096503,0.0,0.11093349673986434,0.0,-0.5,-0.021047450743272078,-1.075454986698863e-138,0.00013262019523461644,-0.010608661817725148
1770280656.7487252,1.2023319173938034,0.0,0.02684183714210987,1.2402560833096503,0.0,0.11093349673986434,0.0,-0.5,-0.021047450743272078,-8.348830687379838e-139,-9.858748789375332e-05,-0.010497552396001999
1770280657.1562712,1.2023319173938034,0.0,0.02684183714210987,1.2402560833096503,0.0,0.11093349673986434,0.0,-0.5,-0.021047450743272078,-6.4836420066392225e-139,0.00015860833727779851,-0.010628749122792092
1770280657.5638332,1.2023319173938034,0.0,0.02684183714210987,1.2402560833096503,0.0,0.11093349673986434,0.0,-0.5,-0.021047450743272078,-4.39876920572951e-139,0.000173708136165372,-0.010612089419607482
1770280657.9710484,1.2023319173938034,0.0,0.02684183714210987,1.2402560833096503,0.0,0.11093349673986434,0.0,-0.5,-0.021047450743272078,-3.4151578691570345e-139,3.5173060149088696e-05,-0.010555165409312213
1770280658.3778415,1.2023319173938034,0.0,0.02684183714210987,1.2402560833096503,0.0,0.11093349673986434,0.0,-0.5,-0.021047450743272078,-2.651776348999442e-139,-9.796300357731092e-05,-0.010488057476220024
1770280658.7821035,1.2023319173938034,0.0,0.02684183714210987,1.2402560833096503,0.0,0.11093349673986434,0.0,-0.5,-0.021047450743272078,-2.0607176655157415e-139,-9.875562499519466e-06,-0.01052759633449406
1770280659.1886926,1.2023319173938034,0.0,0.02684183714210987,1.2402560833096503,0.0,0.11093349673986434,0.0,-0.5,-0.021047450743272078,-1.6025569820619288e-139,-0.0001368760373509551,-0.010467987400445704
1770280659.5960896,1.2023319173938034,0.0,0.02684183714210987,1.2402560833096503,0.0,0.11093349673986434,0.0,-0.5,-0.021047450743272078,-1.1452119200379854e-139,-0.000168295991796364,-0.010442719371182399
1770280660.0024219,1.2023319173938034,0.0,0.02684183714210987,1.2402560833096503,0.0,0.11093349673986434,0.0,-0.5,-0.021047450743272078,-8.893383265494733e-140,-0.00018361966809596114,-0.010433447905218019
1770280660.4096243,1.2023319173938034,0.0,0.02684183714210987,1.2402560833096503,0.0,0.11093349673986434,0.0,-0.5,-0.021047450743272078,-6.90766107797538e-140,-2.3845191718103903e-05,-0.010527780223414773
1770280660.8166451,1.2023319173938034,0.0,0.02684183714210987,1.2402560833096503,0.0,0.11093349673986434,0.0,-0.5,-0.021047450743272078,-5.363982799935678e-140,8.76084879754258e-05,-0.010578674983593106
1770280661.2225783,1.2023319173938034,0.0,0.02684183714210987,1.2402560833096503,0.0,0.11093349673986434,0.0,-0.5,-0.021047450743272078,-4.166234295787746e-140,0.00010022568665148012,-0.010575099934829385
1770280661.629062,1.2023319173938034,0.0,0.02684183714210987,1.2402560833096503,0.0,0.11093349673986434,0.0,-0.5,-0.021047450743272078,-3.780297439518703e-140,0.00032106075986905474,-0.010706339258892323
1770280662.0371103,1.2023319173938034,0.0,0.02684183714210987,1.2402560833096503,0.0,0.11093349673986434,0.0,-0.5,-0.021047450743272078,-2.7846052807417548e-140,0.00019102349393281047,-0.010632240845196069
1770280662.444626,1.2023319173938034,0.0,0.02684183714210987,1.2402560833096503,0.0,0.11093349673986434,0.0,-0.5,-0.021047450743272078,-2.162648568312826e-140,0.00040892129309056096,-0.010749975798097096
1770280662.8504205,1.2023319173938034,0.0,0.02684183714210987,1.2402560833096503,0.0,0.11093349673986434,0.0,-0.5,-0.021047450743272078,-1.679465978531224e-140,1.5625246223105714e-05,-0.010570867599434338
1770280663.256296,1.2023319173938034,0.0,0.02684183714210987,1.2402560833096503,0.0,0.11093349673986434,0.0,-0.5,-0.021047450743272078,-1.3042540560171862e-140,4.617187007681656e-05,-0.010549865969059819
1770280663.665696,1.2023319173938034,0.0,0.02684183714210987,1.2402560833096503,0.0,0.11093349673986434,0.0,-0.5,-0.021047450743272078,-9.344282948430856e-141,-0.00014430924745507506,-0.01047061885966169
1770280664.072631,1.2023319173938034,0.0,0.02684183714210987,1.2402560833096503,0.0,0.11093349673986434,0.0,-0.5,-0.021047450743272078,-7.253759372030128e-141,7.566587818630373e-05,-0.010583555823293329
1770280664.4797456,1.2023319173938034,0.0,0.02684183714210987,1.2402560833096503,0.0,0.11093349673986434,0.0,-0.5,-0.021047450743272078,-5.632316592588189e-141,-1.5654320401969424e-06,-0.010530665786638591
1770280664.886469,1.2023319173938034,0.0,0.02684183714210987,1.2402560833096503,0.0,0.11093349673986434,0.0,-0.5,-0.021047450743272078,-4.37215214374924e-141,-0.00014284750898871666,-0.010466429824836532
1770280665.2922325,1.2023319173938034,0.0,0.02684183714210987,1.2402560833096503,0.0,0.11093349673986434,0.0,-0.5,-0.021047450743272078,-3.393449574088223e-141,-3.172563634190514e-05,-0.010518974740729768
1770280665.6989555,1.2023319173938034,0.0,0.02684183714210987,1.2402560833096503,0.0,0.11093349673986434,0.0,-0.5,-0.021047450743272078,-2.421457819700807e-141,0.00015094235154952795,-0.010617463346199946
1770280666.1050012,1.2023319173938034,0.0,0.02684183714210987,1.2402560833096503,0.0,0.11093349673986434,0.0,-0.5,-0.021047450743272078,-1.8806982346668252e-141,3.3412816042329994e-05,-0.010552184733207924
1770280666.5117643,1.2023319173938034,0.0,0.02684183714210987,1.2402560833096503,0.0,0.11093349673986434,0.0,-0.5,-0.021047450743272078,-1.4605819648562617e-141,0.00014878848266033568,-0.010609657179628007
1770280666.9190207,1.2023319173938034,0.0,0.02684183714210987,1.2402560833096503,0.0,0.11093349673986434,0.0,-0.5,-0.021047450743272078,-1.1343059853426196e-141,0.00040654316355374524,-0.010752772421502252
1770280667.323912,1.2023319173938034,0.0,0.02684183714210987,1.2402560833096503,0.0,0.11093349673986434,0.0,-0.5,-0.021047450743272078,-8.803895330204619e-142,0.00014859328542172904,-0.010623817002160106
1770280667.7304835,1.2023319173938034,0.0,0.02684183714210987,1.2402560833096503,0.0,0.11093349673986434,0.0,-0.5,-0.021047450743272078,-7.57254538768273e-142,0.00038954624939981466,-0.010742593792733755
1770280668.1392424,1.2023319173938034,0.0,0.02684183714210987,1.2402560833096503,0.0,0.11093349673986434,0.0,-0.5,-0.021047450743272078,-5.879730133855948e-142,0.0003529136652086353,-0.010703845462659475
1770280668.54624,1.2023319173938034,0.0,0.02684183714210987,1.2402560833096503,0.0,0.11093349673986434,0.0,-0.5,-0.021047450743272078,-4.566783208257937e-142,0.00014952769899786035,-0.010618827817756046
1770280668.9535944,1.2023319173938034,0.0,0.02684183714210987,1.2402560833096503,0.0,0.11093349673986434,0.0,-0.5,-0.021047450743272078,-3.5466447088253325e-142,0.0001648997427059074,-0.010607712447359797
1770280669.3609762,1.2023319173938034,0.0,0.02684183714210987,1.2402560833096503,0.0,0.11093349673986434,0.0,-0.5,-0.021047450743272078,-2.753923189739365e-142,0.00012404656154827167,-0.010589833970525939
1770280669.769151,1.2023319173938034,0.0,0.02684183714210987,1.2402560833096503,0.0,0.11093349673986434,0.0,-0.5,-0.021047450743272078,-1.9729820965140755e-142,0.0003467701687805576,-0.010719382816749548
1770280670.1760864,1.2023319173938034,0.0,0.02684183714210987,1.2402560833096503,0.0,0.11093349673986434,0.0,-0.5,-0.021047450743272078,-1.5321802811630155e-142,1.5083438128157497e-05,-0.010564435763765359
1770280670.5848055,1.2023319173938034,0.0,0.02684183714210987,1.2402560833096503,0.0,0.11093349673986434,0.0,-0.5,-0.021047450743272078,-1.1898840191588898e-142,-7.26833064269365e-05,-0.01049616039287808
1770280670.9906387,1.2023319173938034,0.0,0.02684183714210987,1.2402560833096503,0.0,0.11093349673986434,0.0,-0.5,-0.021047450743272078,-9.23867258569991e-143,-4.854808388572239e-05,-0.010501864851947299
1770280671.399812,1.2023319173938034,0.0,0.02684183714210987,1.2402560833096503,0.0,0.11093349673986434,0.0,-0.5,-0.021047450743272078,-6.598011493346438e-143,-0.00012256582370799205,-0.010469844233764269
1770280671.8065255,1.2023319173938034,0.0,0.02684183714210987,1.2402560833096503,0.0,0.11093349673986434,0.0,-0.5,-0.021047450743272078,-5.122881172427613e-143,4.218632084972457e-05,-0.010561293746516673
1770280672.2134516,1.2023319173938034,0.0,0.02684183714210987,1.2402560833096503,0.0,0.11093349673986434,0.0,-0.5,-0.021047450743272078,-3.9770395266215165e-143,0.0002852268817146486,-0.010690642868579856
1770280672.6199248,1.2023319173938034,0.0,0.02684183714210987,1.2402560833096503,0.0,0.11093349673986434,0.0,-0.5,-0.021047450743272078,-3.088192803931374e-143,0.00021984534814536533,-0.01064018619906565
1770280673.0256438,1.2023319173938034,0.0,0.02684183714210987,1.2402560833096503,0.0,0.11093349673986434,0.0,-0.5,-0.021047450743272078,-2.397993651090892e-143,0.00018297921609333024,-0.010618901592887907
1770280673.433206,1.2023319173938034,0.0,0.02684183714210987,1.2402560833096503,0.0,0.11093349673986434,0.0,-0.5,-0.021047450743272078,-2.060317922760713e-143,0.00019174415052183627,-0.010620473940339808
1770280673.8405654,1.2023319173938034,0.0,0.02684183714210987,1.2402560833096503,0.0,0.11093349673986434,0.0,-0.5,-0.021047450743272078,-1.600129027065017e-143,0.00015390158589122702,-0.010604460421044713
1770280674.2476346,1.2023319173938034,0.0,0.02684183714210987,1.2402560833096503,0.0,0.11093349673986434,0.0,-0.5,-0.021047450743272078,-1.242449767343163e-143,0.00022983906413329413,-0.010646238651526894
1770280674.6536965,1.2023319173938034,0.0,0.02684183714210987,1.2402560833096503,0.0,0.11093349673986434,0.0,-0.5,-0.021047450743272078,-9.649015536884432e-144,0.00011290204106666645,-0.010591870094476034
1770280675.0587745,1.2023319173938034,0.0,0.02684183714210987,1.2402560833096503,0.0,0.11093349673986434,0.0,-0.5,-0.021047450743272078,-7.493118413531091e-144,5.6475831055894095e-06,-0.010537274608984942
1770280675.4653466,1.2023319173938034,0.0,0.02684183714210987,1.2402560833096503,0.0,0.11093349673986434,0.0,-0.5,-0.021047450743272078,-5.370198639753493e-144,-2.3224814176242274e-05,-0.010515000204276101
1770280675.872671,1.2023319173938034,0.0,0.02684183714210987,1.2402560833096503,0.0,0.11093349673986434,0.0,-0.5,-0.021047450743272078,-4.170594965992552e-144,0.00014463483645664422,-0.01061282875492765
1770280676.2816856,1.2023319173938034,0.0,0.02684183714210987,1.2402560833096503,0.0,0.11093349673986434,0.0,-0.5,-0.021047450743272078,-3.238676250880018e-144,0.00011789335944270993,-0.010585346199058788
1770280676.6885042,1.2023319173938034,0.0,0.02684183714210987,1.2402560833096503,0.0,0.11093349673986434,0.0,-0.5,-0.021047450743272078,-2.514962874150649e-144,6.77653296081834e-05,-0.010562620839423583
1770280677.096596,1.2023319173938034,0.0,0.02684183714210987,1.2402560833096503,0.0,0.11093349673986434,0.0,-0.5,-0.021047450743272078,-1.72047315546341e-144,0.0002502384640037126,-0.010667091917077449
1770280677.5025792,1.2023319173938034,0.0,0.02684183714210987,1.2402560833096503,0.0,0.11093349673986434,0.0,-0.5,-0.021047450743272078,-1.3363122176485265e-144,0.00036674620713920796,-0.010718749249519193
1770280677.909717,1.2023319173938034,0.0,0.02684183714210987,1.2402560833096503,0.0,0.11093349673986434,0.0,-0.5,-0.021047450743272078,-1.0372795866625123e-144,0.0005116078360395515,-0.010794015452545849
1770280678.3166947,1.2023319173938034,0.0,0.02684183714210987,1.2402560833096503,0.0,0.11093349673986434,0.0,-0.5,-0.021047450743272078,-8.049688213781845e-145,0.00043509810607349783,-0.010748925397669393
1770280678.721856,1.2023319173938034,0.0,0.02684183714210987,1.2402560833096503,0.0,0.11093349673986434,0.0,-0.5,-0.021047450743272078,-6.2485226094232934e-145,0.0002584712152828191,-0.010670623668356517
1770280679.129637,1.2023319173938034,0.0,0.02684183714210987,1.2402560833096503,0.0,0.11093349673986434,0.0,-0.5,-0.021047450743272078,-5.613004431443732e-145,0.00027151916987910515,-0.010660789752035221
1770280679.536076,1.2023319173938034,0.0,0.02684183714210987,1.2402560833096503,0.0,0.11093349673986434,0.0,-0.5,-0.021047450743272078,-4.3593149070490604e-145,4.332505757103534e-05,-0.010568207311652363
1770280679.9433434,1.2023319173938034,0.0,0.02684183714210987,1.2402560833096503,0.0,0.11093349673986434,0.0,-0.5,-0.021047450743272078,-3.385105823624247e-145,0.0003037906913565323,-0.010701667280692856
1770280680.3503985,1.2023319173938034,0.0,0.02684183714210987,1.2402560833096503,0.0,0.11093349673986434,0.0,-0.5,-0.021047450743272078,-2.6287416382862286e-145,0.00014338058505024818,-0.010611456674791792
1770280680.7569697,1.2023319173938034,0.0,0.02684183714210987,1.2402560833096503,0.0,0.11093349673986434,0.0,-0.5,-0.021047450743272078,-2.0410612259750954e-145,8.597925748234512e-06,-0.010541502600440357
1770280681.1643162,1.2023319173938034,0.0,0.02684183714210987,1.2402560833096503,0.0,0.11093349673986434,0.0,-0.5,-0.021047450743272078,-1.4631493418418551e-145,0.00017770880301065724,-0.01062949086086761
1770280681.571833,1.2023319173938034,0.0,0.02684183714210987,1.2402560833096503,0.0,0.11093349673986434,0.0,-0.5,-0.021047450743272078,-1.1359505701745108e-145,0.0001702556341880934,-0.010609598505612342
1770280681.977476,1.2023319173938034,0.0,0.02684183714210987,1.2402560833096503,0.0,0.11093349673986434,0.0,-0.5,-0.021047450743272078,-8.82116594287628e-146,0.00032638380030695593,-0.010702530088401403
1770280682.3845072,1.2023319173938034,0.0,0.02684183714210987,1.2402560833096503,0.0,0.11093349673986434,0.0,-0.5,-0.021047450743272078,-6.849747618991575e-146,0.00030483326431070826,-0.010678297057391019
1770280682.790303,1.2023319173938034,0.0,0.02684183714210987,1.2402560833096503,0.0,0.11093349673986434,0.0,-0.5,-0.021047450743272078,-5.319315724281705e-146,0.00018763346637209403,-0.010629262084615947
1770280683.1974912,1.2023319173938034,0.0,0.02684183714210987,1.2402560833096503,0.0,0.11093349673986434,0.0,-0.5,-0.021047450743272078,-3.612014907819127e-146,0.0003277125339855188,-0.010701589545390142
1770280683.6039019,1.2023319173938034,0.0,0.02684183714210987,1.2402560833096503,0.0,0.11093349673986434,0.0,-0.5,-0.021047450743272078,-2.803534353829175e-146,0.00022966161333557182,-0.01064836127036882
1770280684.0103834,1.2023319173938034,0.0,0.02684183714210987,1.2402560833096503,0.0,0.11093349673986434,0.0,-0.5,-0.021047450743272078,-2.1757866043128446e-146,0.00022082999405472931,-0.010635023530591488
1770280684.4174466,1.2023319173938034,0.0,0.02684183714210987,1.2402560833096503,0.0,0.11093349673986434,0.0,-0.5,-0.021047450743272078,-1.689035102555163e-146,6.682364846544315e-05,-0.010572537830427688
1770280684.825262,1.2023319173938034,0.0,0.02684183714210987,1.2402560833096503,0.0,0.11093349673986434,0.0,-0.5,-0.021047450743272078,-1.3109055749651519e-146,6.022745113874441e-06,-0.010532816834528133
1770280685.2331707,1.2023319173938034,0.0,0.02684183714210987,1.2402560833096503,0.0,0.11093349673986434,0.0,-0.5,-0.021047450743272078,-1.1856462432688514e-146,7.70845940854835e-05,-0.010569373853575943
1770280685.6399055,1.2023319173938034,0.0,0.02684183714210987,1.2402560833096503,0.0,0.11093349673986434,0.0,-0.5,-0.021047450743272078,-9.208305435366575e-147,0.00023529636662808213,-0.010657194732204339
1770280686.0472114,1.2023319173938034,0.0,0.02684183714210987,1.2402560833096503,0.0,0.11093349673986434,0.0,-0.5,-0.021047450743272078,-7.150974936658063e-147,0.00028653666601615704,-0.010672117734582924
1770280686.453617,1.2023319173938034,0.0,0.02684183714210987,1.2402560833096503,0.0,0.11093349673986434,0.0,-0.5,-0.021047450743272078,-5.553738385214717e-147,9.959326434676367e-05,-0.010592216343976361
1770280686.8619125,1.2023319173938034,0.0,0.02684183714210987,1.2402560833096503,0.0,0.11093349673986434,0.0,-0.5,-0.021047450743272078,-3.983529986303548e-147,0.00012096288182303889,-0.010586343774295187
1770280687.2695525,1.2023319173938034,0.0,0.02684183714210987,1.2402560833096503,0.0,0.11093349673986434,0.0,-0.5,-0.021047450743272078,-3.093605697114889e-147,0.000190813398270766,-0.010626117122416194
1770280687.6762886,1.2023319173938034,0.0,0.02684183714210987,1.2402560833096503,0.0,0.11093349673986434,0.0,-0.5,-0.021047450743272078,-2.402647076578546e-147,0.0002976095355421131,-0.01068320975313423
1770280688.0836852,1.2023319173938034,0.0,0.02684183714210987,1.2402560833096503,0.0,0.11093349673986434,0.0,-0.5,-0.021047450743272078,-1.8657539108649648e-147,0.0003011806919838767,-0.010674672833272154
1770280688.4913223,1.2023319173938034,0.0,0.02684183714210987,1.2402560833096503,0.0,0.11093349673986434,0.0,-0.5,-0.021047450743272078,-1.4492795373714484e-147,0.00022404221960090564,-0.010643460328674787
1770280688.8992367,1.2023319173938034,0.0,0.02684183714210987,1.2402560833096503,0.0,0.11093349673986434,0.0,-0.5,-0.021047450743272078,-9.763029758993265e-148,0.0003154585839679106,-0.010690596300056695
1770280689.3054924,1.2023319173938034,0.0,0.02684183714210987,1.2402560833096503,0.0,0.11093349673986434,0.0,-0.5,-0.021047450743272078,-7.577525228974334e-148,0.0002798565721359905,-0.010667213858887225
1770280689.7121556,1.2023319173938034,0.0,0.02684183714210987,1.2402560833096503,0.0,0.11093349673986434,0.0,-0.5,-0.021047450743272078,-5.882338241140887e-148,0.00020005541320017761,-0.010631733194129708
1770280690.11912,1.2023319173938034,0.0,0.02684183714210987,1.2402560833096503,0.0,0.11093349673986434,0.0,-0.5,-0.021047450743272078,-4.567541256913577e-148,0.00017912439378692198,-0.010615380670470825
1770280690.52562,1.2023319173938034,0.0,0.02684183714210987,1.2402560833096503,0.0,0.11093349673986434,0.0,-0.5,-0.021047450743272078,-3.547096735851351e-148,0.0002210114663830471,-0.010638419812087175
1770280690.9341831,1.2023319173938034,0.0,0.02684183714210987,1.2402560833096503,0.0,0.11093349673986434,0.0,-0.5,-0.021047450743272078,-3.2283280481622056e-148,6.896727309892246e-05,-0.010573413427513912
1770280691.3420572,1.2023319173938034,0.0,0.02684183714210987,1.2402560833096503,0.0,0.11093349673986434,0.0,-0.5,-0.021047450743272078,-2.5069868854359633e-148,0.0002731009363317645,-0.010680689206125206
1770280691.748323,1.2023319173938034,0.0,0.02684183714210987,1.2402560833096503,0.0,0.11093349673986434,0.0,-0.5,-0.021047450743272078,-1.9468652685244118e-148,0.0003293375088140053,-0.010694017783291265
1770280692.1528738,1.2023319173938034,0.0,0.02684183714210987,1.2402560833096503,0.0,0.11093349673986434,0.0,-0.5,-0.021047450743272078,-1.5116615785857902e-148,0.0001112818065353789,-0.010601171845131591
1770280692.5601356,1.2023319173938034,0.0,0.02684183714210987,1.2402560833096503,0.0,0.11093349673986434,0.0,-0.5,-0.021047450743272078,-1.1738147703211216e-148,0.00031269511221638916,-0.010700214258312335
1770280692.9678903,1.2023319173938034,0.0,0.02684183714210987,1.2402560833096503,0.0,0.11093349673986434,0.0,-0.5,-0.021047450743272078,-7.956347914197353e-149,0.00020434448099253342,-0.01063673267525469
1770280693.3746483,1.2023319173938034,0.0,0.02684183714210987,1.2402560833096503,0.0,0.11093349673986434,0.0,-0.5,-0.021047450743272078,-6.178884234404437e-149,4.347131539447873e-05,-0.010561548345893084
1770280693.7824266,1.2023319173938034,0.0,0.02684183714210987,1.2402560833096503,0.0,0.11093349673986434,0.0,-0.5,-0.021047450743272078,-4.7987954224708836e-149,0.00020256937539725787,-0.010640919865334946
1770280694.1911888,1.2023319173938034,0.0,0.02684183714210987,1.2402560833096503,0.0,0.11093349673986434,0.0,-0.5,-0.021047450743272078,-3.7270752354420882e-149,0.0001678644311813105,-0.010611128081648288
1770280694.5987675,1.2023319173938034,0.0,0.02684183714210987,1.2402560833096503,0.0,0.11093349673986434,0.0,-0.5,-0.021047450743272078,-2.658006303310267e-149,6.148491012047853e-05,-0.010565105778802363
1770280695.0051804,1.2023319173938034,0.0,0.02684183714210987,1.2402560833096503,0.0,0.11093349673986434,0.0,-0.5,-0.021047450743272078,-2.0642782503497522e-149,0.00023703379799110429,-0.010659797159418654
1770280695.414801,1.2023319173938034,0.0,0.02684183714210987,1.2402560833096503,0.0,0.11093349673986434,0.0,-0.5,-0.021047450743272078,-1.603284662689004e-149,-5.714521380819517e-05,-0.010524570665911871
1770280695.8207257,1.2023319173938034,0.0,0.02684183714210987,1.2402560833096503,0.0,0.11093349673986434,0.0,-0.5,-0.021047450743272078,-1.245193043485086e-149,0.0002460245288514117,-0.010677054610327705
1770280696.2281487,1.2023319173938034,0.0,0.02684183714210987,1.2402560833096503,0.0,0.11093349673986434,0.0,-0.5,-0.021047450743272078,-9.669014286473424e-150,0.00031792774213993855,-0.010689879564034862
1770280696.637218,1.2023319173938034,0.0,0.02684183714210987,1.2402560833096503,0.0,0.11093349673986434,0.0,-0.5,-0.021047450743272078,-8.788356842802174e-150,0.00027234083717661583,-0.010664454480720679
1770280697.0431852,1.2023319173938034,0.0,0.02684183714210987,1.2402560833096503,0.0,0.11093349673986434,0.0,-0.5,-0.021047450743272078,-6.823380261781026e-150,0.0001488773742539436,-0.010610510405055278
1770280697.4502966,1.2023319173938034,0.0,0.02684183714210987,1.2402560833096503,0.0,0.11093349673986434,0.0,-0.5,-0.021047450743272078,-5.297455529221831e-150,0.00015554200651341708,-0.010602162838118694
1770280697.855784,1.2023319173938034,0.0,0.02684183714210987,1.2402560833096503,0.0,0.11093349673986434,0.0,-0.5,-0.021047450743272078,-4.1105115168746274e-150,0.0003710160858350492,-0.010730780822485728
1770280698.2628045,1.2023319173938034,0.0,0.02684183714210987,1.2402560833096503,0.0,0.11093349673986434,0.0,-0.5,-0.021047450743272078,-2.7901693866956755e-150,0.00037819783885772356,-0.010713542466367168
1770280698.670166,1.2023319173938034,0.0,0.02684183714210987,1.2402560833096503,0.0,0.11093349673986434,0.0,-0.5,-0.021047450743272078,-2.1665729980018883e-150,0.00025327761286372916,-0.010662856200667302
1770280699.076562,1.2023319173938034,0.0,0.02684183714210987,1.2402560833096503,0.0,0.11093349673986434,0.0,-0.5,-0.021047450743272078,-1.682436020606837e-150,5.965734424106255e-05,-0.010572916070618837
1770280699.484222,1.2023319173938034,0.0,0.02684183714210987,1.2402560833096503,0.0,0.11093349673986434,0.0,-0.5,-0.021047450743272078,-1.306890907708863e-150,0.00019319761507218485,-0.010633678206255243
1770280699.891066,1.2023319173938034,0.0,0.02684183714210987,1.2402560833096503,0.0,0.11093349673986434,0.0,-0.5,-0.021047450743272078,-1.015080924168699e-150,0.00016892540810085498,-0.0106106152963836
1770280700.301342,1.2023319173938034,0.0,0.02684183714210987,1.2402560833096503,0.0,0.11093349673986434,0.0,-0.5,-0.021047450743272078,-7.241540688135842e-151,0.00019814315352614624,-0.010625718722941642
1770280700.7080526,1.2023319173938034,0.0,0.02684183714210987,1.2402560833096503,0.0,0.11093349673986434,0.0,-0.5,-0.021047450743272078,-5.6241129662828405e-151,0.00011810988827494462,-0.010590783642298632
1770280701.1141102,1.2023319173938034,0.0,0.02684183714210987,1.2402560833096503,0.0,0.11093349673986434,0.0,-0.5,-0.021047450743272078,-4.368280030888885e-151,-3.9529025916918216e-05,-0.010519724750096767
1770280701.521303,1.2023319173938034,0.0,0.02684183714210987,1.2402560833096503,0.0,0.11093349673986434,0.0,-0.5,-0.021047450743272078,-3.392850884873722e-151,9.493884261693672e-06,-0.010533374604784748
1770280701.9256084,1.2023319173938034,0.0,0.02684183714210987,1.2402560833096503,0.0,0.11093349673986434,0.0,-0.5,-0.021047450743272078,-2.63461583717209e-151,8.730314845833925e-05,-0.010575157872284873
1770280702.3340046,1.2023319173938034,0.0,0.02684183714210987,1.2402560833096503,0.0,0.11093349673986434,0.0,-0.5,-0.021047450743272078,-2.391428381531905e-151,-2.5310110832710197e-05,-0.010522331642148788
1770280702.7416723,1.2023319173938034,0.0,0.02684183714210987,1.2402560833096503,0.0,0.11093349673986434,0.0,-0.5,-0.021047450743272078,-1.856896429470736e-151,6.143030490701276e-05,-0.010563114565663518
1770280703.1487088,1.2023319173938034,0.0,0.02684183714210987,1.2402560833096503,0.0,0.11093349673986434,0.0,-0.5,-0.021047450743272078,-1.4417925890835674e-151,0.0001805719159798503,-0.010625925490733249
1770280703.5552125,1.2023319173938034,0.0,0.02684183714210987,1.2402560833096503,0.0,0.11093349673986434,0.0,-0.5,-0.021047450743272078,-1.1196596707601099e-151,0.00010348058019444118,-0.0105831747953118
1770280703.9635682,1.2023319173938034,0.0,0.02684183714210987,1.2402560833096503,0.0,0.11093349673986434,0.0,-0.5,-0.021047450743272078,-7.599509116427247e-152,0.0002458610850513238,-0.01066089396464739
1770280704.3712268,1.2023319173938034,0.0,0.02684183714210987,1.2402560833096503,0.0,0.11093349673986434,0.0,-0.5,-0.021047450743272078,-5.903378277644809e-152,0.0002448130395425314,-0.010646236695958185
1770280704.7783809,1.2023319173938034,0.0,0.02684183714210987,1.2402560833096503,0.0,0.11093349673986434,0.0,-0.5,-0.021047450743272078,-4.584958014440647e-152,0.0003727997279874754,-0.010722923904474272
1770280705.1847825,1.2023319173938034,0.0,0.02684183714210987,1.2402560833096503,0.0,0.11093349673986434,0.0,-0.5,-0.021047450743272078,-3.5604918238671735e-152,8.703017373131547e-05,-0.010595817413927313
1770280705.591229,1.2023319173938034,0.0,0.02684183714210987,1.2402560833096503,0.0,0.11093349673986434,0.0,-0.5,-0.021047450743272078,-2.765332039234693e-152,0.0002304814359228402,-0.010653311215816611
1770280705.9965634,1.2023319173938034,0.0,0.02684183714210987,1.2402560833096503,0.0,0.11093349673986434,0.0,-0.5,-0.021047450743272078,-1.9737934529135975e-152,0.000252890537677971,-0.010652411550650538
1770280706.4036005,1.2023319173938034,0.0,0.02684183714210987,1.2402560833096503,0.0,0.11093349673986434,0.0,-0.5,-0.021047450743272078,-1.5331265761124124e-152,0.00018217834521448738,-0.01062188576348963
1770280706.8119981,1.2023319173938034,0.0,0.02684183714210987,1.2402560833096503,0.0,0.11093349673986434,0.0,-0.5,-0.021047450743272078,-1.1907791397577744e-152,2.90753699699454e-05,-0.010553573354145467
1770280707.2177634,1.2023319173938034,0.0,0.02684183714210987,1.2402560833096503,0.0,0.11093349673986434,0.0,-0.5,-0.021047450743272078,-9.250198659846218e-153,1.4140207804903551e-05,-0.010532288991754995
1770280707.6229165,1.2023319173938034,0.0,0.02684183714210987,1.2402560833096503,0.0,0.11093349673986434,0.0,-0.5,-0.021047450743272078,-7.185043123003538e-153,7.497969841224979e-05,-0.0105672991699029
1770280708.029762,1.2023319173938034,0.0,0.02684183714210987,1.2402560833096503,0.0,0.11093349673986434,0.0,-0.5,-0.021047450743272078,-6.179818811000598e-153,0.0002515130943192795,-0.010667135258386381
1770280708.436568,1.2023319173938034,0.0,0.02684183714210987,1.2402560833096503,0.0,0.11093349673986434,0.0,-0.5,-0.021047450743272078,-4.798804280095181e-153,0.00047217434661518725,-0.010781878670173222
1770280708.8442054,1.2023319173938034,0.0,0.02684183714210987,1.2402560833096503,0.0,0.11093349673986434,0.0,-0.5,-0.021047450743272078,-3.728006871846357e-153,9.65138889657928e-05,-0.010609548361883875
1770280709.2520635,1.2023319173938034,0.0,0.02684183714210987,1.2402560833096503,0.0,0.11093349673986434,0.0,-0.5,-0.021047450743272078,-2.8948878860433e-153,0.00037780035535184546,-0.010740754195950568
1770280709.659274,1.2023319173938034,0.0,0.02684183714210987,1.2402560833096503,0.0,0.11093349673986434,0.0,-0.5,-0.021047450743272078,-2.24816509576725e-153,0.00032708136304968716,-0.010692337952391098
1770280710.0668657,1.2023319173938034,0.0,0.02684183714210987,1.2402560833096503,0.0,0.11093349673986434,0.0,-0.5,-0.021047450743272078,-1.6100955018272023e-153,0.00026534182652714403,-0.010662570238551865
1770280710.4736753,1.2023319173938034,0.0,0.02684183714210987,1.2402560833096503,0.0,0.11093349673986434,0.0,-0.5,-0.021047450743272078,-1.2504757793318642e-153,7.227834916367854e-05,-0.010579170893954225
1770280710.879713,1.2023319173938034,0.0,0.02684183714210987,1.2402560833096503,0.0,0.11093349673986434,0.0,-0.5,-0.021047450743272078,-9.711621422516134e-154,0.00018486757734207285,-0.010627418083124915
1770280711.2857869,1.2023319173938034,0.0,0.02684183714210987,1.2402560833096503,0.0,0.11093349673986434,0.0,-0.5,-0.021047450743272078,-7.538991286671661e-154,4.502008781471469e-05,-0.010560220164496132
1770280711.6921408,1.2023319173938034,0.0,0.02684183714210987,1.2402560833096503,0.0,0.11093349673986434,0.0,-0.5,-0.021047450743272078,-5.855056716335588e-154,1.5032346082594143e-05,-0.010534240318850549
1770280712.1005812,1.2023319173938034,0.0,0.02684183714210987,1.2402560833096503,0.0,0.11093349673986434,0.0,-0.5,-0.021047450743272078,-4.180902066791792e-154,1.5270570497657966e-05,-0.010531384479326373
1770280712.5065753,1.2023319173938034,0.0,0.02684183714210987,1.2402560833096503,0.0,0.11093349673986434,0.0,-0.5,-0.021047450743272078,-3.246573631099119e-154,-6.535983070987912e-05,-0.010499108496401852
1770280712.9131649,1.2023319173938034,0.0,0.02684183714210987,1.2402560833096503,0.0,0.11093349673986434,0.0,-0.5,-0.021047450743272078,-2.520940024968227e-154,0.00023319194402673514,-0.010670176521123068
1770280713.3201876,1.2023319173938034,0.0,0.02684183714210987,1.2402560833096503,0.0,0.11093349673986434,0.0,-0.5,-0.021047450743272078,-1.9568583973347034e-154,0.00015058192437558695,-0.010607277335788947
1770280713.726859,1.2023319173938034,0.0,0.02684183714210987,1.2402560833096503,0.0,0.11093349673986434,0.0,-0.5,-0.021047450743272078,-1.5193663768787332e-154,2.2584237213604485e-05,-0.01054781725895904
1770280714.1335547,1.2023319173938034,0.0,0.02684183714210987,1.2402560833096503,0.0,0.11093349673986434,0.0,-0.5,-0.021047450743272078,-1.3057956267477638e-154,-2.1382247746266678e-05,-0.010517430896258891
1770280714.5400841,1.2023319173938034,0.0,0.02684183714210987,1.2402560833096503,0.0,0.11093349673986434,0.0,-0.5,-0.021047450743272078,-1.0140609940444687e-154,0.0002840073098995699,-0.010696267982350408
1770280714.9469903,1.2023319173938034,0.0,0.02684183714210987,1.2402560833096503,0.0,0.11093349673986434,0.0,-0.5,-0.021047450743272078,-7.87387442568554e-155,5.985538363413698e-05,-0.01057606825607965
1770280715.3536596,1.2023319173938034,0.0,0.02684183714210987,1.2402560833096503,0.0,0.11093349673986434,0.0,-0.5,-0.021047450743272078,-6.114953075946769e-155,0.0003323193660167987,-0.010717131452882705
1770280715.7623541,1.2023319173938034,0.0,0.02684183714210987,1.2402560833096503,0.0,0.11093349673986434,0.0,-0.5,-0.021047450743272078,-4.380842328831548e-155,0.00014182802242171868,-0.010613688517206406
1770280716.170576,1.2023319173938034,0.0,0.02684183714210987,1.2402560833096503,0.0,0.11093349673986434,0.0,-0.5,-0.021047450743272078,-3.4006501492170255e-155,0.00011318471740830117,-0.010583182060841531
1770280716.5762405,1.2023319173938034,0.0,0.02684183714210987,1.2402560833096503,0.0,0.11093349673986434,0.0,-0.5,-0.021047450743272078,-2.642536283139251e-155,0.00010689910804392875,-0.01057780348659444
1770280716.9848278,1.2023319173938034,0.0,0.02684183714210987,1.2402560833096503,0.0,0.11093349673986434,0.0,-0.5,-0.021047450743272078,-2.0520387877579125e-155,0.00025113917654227336,-0.01066371896675701
1770280717.3917973,1.2023319173938034,0.0,0.02684183714210987,1.2402560833096503,0.0,0.11093349673986434,0.0,-0.5,-0.021047450743272078,-1.5934265751416356e-155,-1.5095951758865327e-05,-0.01054280090858672
1770280717.7986405,1.2023319173938034,0.0,0.02684183714210987,1.2402560833096503,0.0,0.11093349673986434,0.0,-0.5,-0.021047450743272078,-1.1381012497266542e-155,-5.1811398236701424e-05,-0.010501491217165471
1770280718.204884,1.2023319173938034,0.0,0.02684183714210987,1.2402560833096503,0.0,0.11093349673986434,0.0,-0.5,-0.021047450743272078,-8.837797653145331e-156,-9.260058354097088e-05,-0.01048150399839598
1770280718.6122715,1.2023319173938034,0.0,0.02684183714210987,1.2402560833096503,0.0,0.11093349673986434,0.0,-0.5,-0.021047450743272078,-6.862011044046421e-156,0.00011071660707324466,-0.010599415394234084
1770280719.0180943,1.2023319173938034,0.0,0.02684183714210987,1.2402560833096503,0.0,0.11093349673986434,0.0,-0.5,-0.021047450743272078,-5.113037197747818e-156,9.040582227442554e-05,-0.010570959361253133
1770280719.4253895,1.2023319173938034,0.0,0.02684183714210987,1.2402560833096503,0.0,0.11093349673986434,0.0,-0.5,-0.021047450743272078,-3.968946265840796e-156,4.1225334915864206e-05,-0.010549256087829828
1770280719.832754,1.2023319173938034,0.0,0.02684183714210987,1.2402560833096503,0.0,0.11093349673986434,0.0,-0.5,-0.021047450743272078,-3.5504824723120807e-156,0.00022605009916780092,-0.010655232897645132
1770280720.2405527,1.2023319173938034,0.0,0.02684183714210987,1.2402560833096503,0.0,0.11093349673986434,0.0,-0.5,-0.021047450743272078,-2.758343894723747e-156,0.00017633253727024188,-0.010616863396460917
1770280720.6476796,1.2023319173938034,0.0,0.02684183714210987,1.2402560833096503,0.0,0.11093349673986434,0.0,-0.5,-0.021047450743272078,-2.1420224232262775e-156,0.00022431447664699301,-0.01064068080389721
1770280721.0559647,1.2023319173938034,0.0,0.02684183714210987,1.2402560833096503,0.0,0.11093349673986434,0.0,-0.5,-0.021047450743272078,-1.6632433919056069e-156,0.00014124224544512725,-0.010602653717478788
1770280721.462874,1.2023319173938034,0.0,0.02684183714210987,1.2402560833096503,0.0,0.11093349673986434,0.0,-0.5,-0.021047450743272078,-1.1922690775421177e-156,7.008709139153168e-05,-0.010565884432737165
1770280721.8681245,1.2023319173938034,0.0,0.02684183714210987,1.2402560833096503,0.0,0.11093349673986434,0.0,-0.5,-0.021047450743272078,-9.256152423516353e-157,0.00022516300780106834,-0.010651814467177527
1770280722.274812,1.2023319173938034,0.0,0.02684183714210987,1.2402560833096503,0.0,0.11093349673986434,0.0,-0.5,-0.021047450743272078,-7.186758905293625e-157,0.00021627918182735024,-0.010632753345147086
1770280722.6810617,1.2023319173938034,0.0,0.02684183714210987,1.2402560833096503,0.0,0.11093349673986434,0.0,-0.5,-0.021047450743272078,-5.5805035191389536e-157,7.361709218030389e-05,-0.010574800126690894
1770280723.0863435,1.2023319173938034,0.0,0.02684183714210987,1.2402560833096503,0.0,0.11093349673986434,0.0,-0.5,-0.021047450743272078,-4.3336606848741343e-157,0.00010741247612674714,-0.010580811148094057
1770280723.4920733,1.2023319173938034,0.0,0.02684183714210987,1.2402560833096503,0.0,0.11093349673986434,0.0,-0.5,-0.021047450743272078,-3.365408951308962e-157,-2.7702405041269534e-05,-0.010523385657232206
1770280723.8993654,1.2023319173938034,0.0,0.02684183714210987,1.2402560833096503,0.0,0.11093349673986434,0.0,-0.5,-0.021047450743272078,-2.293204080908595e-157,-0.00013132662219761387,-0.010468424482252867
1770280724.3053443,1.2023319173938034,0.0,0.02684183714210987,1.2402560833096503,0.0,0.11093349673986434,0.0,-0.5,-0.021047450743272078,-1.78004722158892e-157,-3.370234215709036e-05,-0.010516636628561546
1770280724.7113209,1.2023319173938034,0.0,0.02684183714210987,1.2402560833096503,0.0,0.11093349673986434,0.0,-0.5,-0.021047450743272078,-1.3817490222256134e-157,0.00016997436240974206,-0.010629080223297593
1770280725.1185741,1.2023319173938034,0.0,0.02684183714210987,1.2402560833096503,0.0,0.11093349673986434,0.0,-0.5,-0.021047450743272078,-1.0726061049925101e-157,0.00030128485676427424,-0.010687498849453629
1770280725.526336,1.2023319173938034,0.0,0.02684183714210987,1.2402560833096503,0.0,0.11093349673986434,0.0,-0.5,-0.021047450743272078,-8.32413515538676e-158,0.0003277004026313372,-0.010690217127538414
1770280725.934073,1.2023319173938034,0.0,0.02684183714210987,1.2402560833096503,0.0,0.11093349673986434,0.0,-0.5,-0.021047450743272078,-7.509701894835302e-158,0.00016737457678890193,-0.010623445242614734
1770280726.3397295,1.2023319173938034,0.0,0.02684183714210987,1.2402560833096503,0.0,0.11093349673986434,0.0,-0.5,-0.021047450743272078,-5.832389221857609e-158,-0.00014581885786874764,-0.01048213528616743
1770280726.7459466,1.2023319173938034,0.0,0.02684183714210987,1.2402560833096503,0.0,0.11093349673986434,0.0,-0.5,-0.021047450743272078,-4.289697433611922e-158,-1.354903963476204e-05,-0.010530177833642056
1770280727.1517835,1.2023319173938034,0.0,0.02684183714210987,1.2402560833096503,0.0,0.11093349673986434,0.0,-0.5,-0.021047450743272078,-3.5178134349309785e-158,4.572921236668263e-05,-0.010552517803019523
1770280727.55944,1.2023319173938034,0.0,0.02684183714210987,1.2402560833096503,0.0,0.11093349673986434,0.0,-0.5,-0.021047450743272078,-2.731091090064415e-158,2.3527473231630044e-05,-0.01053770928216536
1770280727.9663389,1.2023319173938034,0.0,0.02684183714210987,1.2402560833096503,0.0,0.11093349673986434,0.0,-0.5,-0.021047450743272078,-1.958861264532099e-158,-8.833893056113624e-05,-0.010490742546734749
1770280728.3725958,1.2023319173938034,0.0,0.02684183714210987,1.2402560833096503,0.0,0.11093349673986434,0.0,-0.5,-0.021047450743272078,-1.520850014464879e-158,-8.071951959231084e-05,-0.010484127552936767
1770280728.7806823,1.2023319173938034,0.0,0.02684183714210987,1.2402560833096503,0.0,0.11093349673986434,0.0,-0.5,-0.021047450743272078,-1.1809669276272778e-158,-3.823743074349651e-05,-0.010508854865149173
1770280729.1882267,1.2023319173938034,0.0,0.02684183714210987,1.2402560833096503,0.0,0.11093349673986434,0.0,-0.5,-0.021047450743272078,-9.170559183399846e-159,0.00019300379105608237,-0.010643351389344038
1770280729.5961647,1.2023319173938034,0.0,0.02684183714210987,1.2402560833096503,0.0,0.11093349673986434,0.0,-0.5,-0.021047450743272078,-6.200105563591817e-159,0.00038782894855185946,-0.010737122361661546
1770280730.0027173,1.2023319173938034,0.0,0.02684183714210987,1.2402560833096503,0.0,0.11093349673986434,0.0,-0.5,-0.021047450743272078,-4.811809253432211e-159,0.0005145530461919193,-0.010793674304496004
1770280730.41025,1.2023319173938034,0.0,0.02684183714210987,1.2402560833096503,0.0,0.11093349673986434,0.0,-0.5,-0.021047450743272078,-3.734575702355688e-159,0.000420354365970749,-0.010743322422643531
1770280730.8169901,1.2023319173938034,0.0,0.02684183714210987,1.2402560833096503,0.0,0.11093349673986434,0.0,-0.5,-0.021047450743272078,-2.8988816679287823e-159,0.0004013695152089289,-0.010726308614316686
1770280731.2224476,1.2023319173938034,0.0,0.02684183714210987,1.2402560833096503,0.0,0.11093349673986434,0.0,-0.5,-0.021047450743272078,-2.250234737796386e-159,0.00024846615688213036,-0.010663248785909785
1770280731.6290057,1.2023319173938034,0.0,0.02684183714210987,1.2402560833096503,0.0,0.11093349673986434,0.0,-0.5,-0.021047450743272078,-2.0438583922519017e-159,0.00016199559304893826,-0.010613370224543827
1770280732.0351856,1.2023319173938034,0.0,0.02684183714210987,1.2402560833096503,0.0,0.11093349673986434,0.0,-0.5,-0.021047450743272078,-1.5871429946363582e-159,-7.577725138826732e-05,-0.010509614030385627
1770280732.442462,1.2023319173938034,0.0,0.02684183714210987,1.2402560833096503,0.0,0.11093349673986434,0.0,-0.5,-0.021047450743272078,-1.2323858528796308e-159,0.00010827715388840349,-0.010596269389107908
1770280732.8505187,1.2023319173938034,0.0,0.02684183714210987,1.2402560833096503,0.0,0.11093349673986434,0.0,-0.5,-0.021047450743272078,-9.567557694221571e-160,0.00017342008193479375,-0.010616949705408074
1770280733.255627,1.2023319173938034,0.0,0.02684183714210987,1.2402560833096503,0.0,0.11093349673986434,0.0,-0.5,-0.021047450743272078,-7.431564946678425e-160,-0.00010265114882324468,-0.01050000692030022
1770280733.6628885,1.2023319173938034,0.0,0.02684183714210987,1.2402560833096503,0.0,0.11093349673986434,0.0,-0.5,-0.021047450743272078,-5.0357268859144504e-160,0.0002034330559204634,-0.01065605032007064
1770280734.0714698,1.2023319173938034,0.0,0.02684183714210987,1.2402560833096503,0.0,0.11093349673986434,0.0,-0.5,-0.021047450743272078,-3.9107254735332225e-160,0.0002663830411879243,-0.010663211890756747
1770280734.4773028,1.2023319173938034,0.0,0.02684183714210987,1.2402560833096503,0.0,0.11093349673986434,0.0,-0.5,-0.021047450743272078,-3.2157667492115824e-160,0.00012918250851007908,-0.010602036679158863
1770280734.883278,1.2023319173938034,0.0,0.02684183714210987,1.2402560833096503,0.0,0.11093349673986434,0.0,-0.5,-0.021047450743272078,-2.359492422701642e-160,0.00045317853714677296,-0.010782714243073095
1770280735.2894402,1.2023319173938034,0.0,0.02684183714210987,1.2402560833096503,0.0,0.11093349673986434,0.0,-0.5,-0.021047450743272078,-1.832684095958697e-160,0.0005333836967389011,-0.010798437735964702
1770280735.696851,1.2023319173938034,0.0,0.02684183714210987,1.2402560833096503,0.0,0.11093349673986434,0.0,-0.5,-0.021047450743272078,-1.3067848725188877e-160,0.0005980689004672078,-0.010829228342242474
1770280736.1030858,1.2023319173938034,0.0,0.02684183714210987,1.2402560833096503,0.0,0.11093349673986434,0.0,-0.5,-0.021047450743272078,-1.0152119957802437e-160,0.00044809451328186575,-0.010762770066995506
1770280736.5094984,1.2023319173938034,0.0,0.02684183714210987,1.2402560833096503,0.0,0.11093349673986434,0.0,-0.5,-0.021047450743272078,-7.887119442916555e-161,0.0004195791602063902,-0.010736366487046782
1770280736.916763,1.2023319173938034,0.0,0.02684183714210987,1.2402560833096503,0.0,0.11093349673986434,0.0,-0.5,-0.021047450743272078,-6.1257973030737595e-161,8.816751374880027e-05,-0.010600950293156199
1770280737.323084,1.2023319173938034,0.0,0.02684183714210987,1.2402560833096503,0.0,0.11093349673986434,0.0,-0.5,-0.021047450743272078,-4.757841289397354e-161,6.001432255946237e-05,-0.010556547852034704
1770280737.7315109,1.2023319173938034,0.0,0.02684183714210987,1.2402560833096503,0.0,0.11093349673986434,0.0,-0.5,-0.021047450743272078,-4.326801290441816e-161,2.6654223234465587e-05,-0.010540388493185771
1770280738.139468,1.2023319173938034,0.0,0.02684183714210987,1.2402560833096503,0.0,0.11093349673986434,0.0,-0.5,-0.021047450743272078,-3.359069048611178e-161,-3.155521913280837e-05,-0.010513768706306362
1770280738.5467932,1.2023319173938034,0.0,0.02684183714210987,1.2402560833096503,0.0,0.11093349673986434,0.0,-0.5,-0.021047450743272078,-2.6088450567704298e-161,-1.3136721066025781e-05,-0.010518998860909705
1770280738.9527812,1.2023319173938034,0.0,0.02684183714210987,1.2402560833096503,0.0,0.11093349673986434,0.0,-0.5,-0.021047450743272078,-2.025989607035062e-161,0.0002796052124246579,-0.010692802171197436
1770280739.3592486,1.2023319173938034,0.0,0.02684183714210987,1.2402560833096503,0.0,0.11093349673986434,0.0,-0.5,-0.021047450743272078,-1.5733510077603468e-161,-1.0273502212549272e-05,-0.010547576491993484
1770280739.767196,1.2023319173938034,0.0,0.02684183714210987,1.2402560833096503,0.0,0.11093349673986434,0.0,-0.5,-0.021047450743272078,-1.0670259074863806e-161,0.00018460104236089187,-0.010635513347273829
1770280740.1735575,1.2023319173938034,0.0,0.02684183714210987,1.2402560833096503,0.0,0.11093349673986434,0.0,-0.5,-0.021047450743272078,-8.286585461988646e-162,0.00037216585197722806,-0.010728564778586287
1770280740.5809608,1.2023319173938034,0.0,0.02684183714210987,1.2402560833096503,0.0,0.11093349673986434,0.0,-0.5,-0.021047450743272078,-6.42609122118382e-162,0.00026617866952954405,-0.01066741342464558
1770280740.9890392,1.2023319173938034,0.0,0.02684183714210987,1.2402560833096503,0.0,0.11093349673986434,0.0,-0.5,-0.021047450743272078,-4.995700440916072e-162,0.0003557928697333239,-0.010710583226523079
1770280741.3966165,1.2023319173938034,0.0,0.02684183714210987,1.2402560833096503,0.0,0.11093349673986434,0.0,-0.5,-0.021047450743272078,-3.564271906322394e-162,0.00039309179413689224,-0.010724001161144843
1770280741.8036308,1.2023319173938034,0.0,0.02684183714210987,1.2402560833096503,0.0,0.11093349673986434,0.0,-0.5,-0.021047450743272078,-2.768040191967196e-162,0.0004075037594214271,-0.010728918447875206
1770280742.2114697,1.2023319173938034,0.0,0.02684183714210987,1.2402560833096503,0.0,0.11093349673986434,0.0,-0.5,-0.021047450743272078,-2.1499226965350112e-162,0.00022399657351482197,-0.010654074376984112
1770280742.617757,1.2023319173938034,0.0,0.02684183714210987,1.2402560833096503,0.0,0.11093349673986434,0.0,-0.5,-0.021047450743272078,-1.6697756122586508e-162,0.00014848815455127386,-0.01060552029080803
1770280743.0222478,1.2023319173938034,0.0,0.02684183714210987,1.2402560833096503,0.0,0.11093349673986434,0.0,-0.5,-0.021047450743272078,-1.2966545709307353e-162,0.00012202812954711027,-0.01058738543891001
1770280743.43,1.2023319173938034,0.0,0.02684183714210987,1.2402560833096503,0.0,0.11093349673986434,0.0,-0.5,-0.021047450743272078,-1.1765837119607873e-162,1.4940510196576938e-05,-0.010541904388669381
1770280743.837672,1.2023319173938034,0.0,0.02684183714210987,1.2402560833096503,0.0,0.11093349673986434,0.0,-0.5,-0.021047450743272078,-9.139611472991912e-163,0.0001215438732413113,-0.010595157644561167
1770280744.2455096,1.2023319173938034,0.0,0.02684183714210987,1.2402560833096503,0.0,0.11093349673986434,0.0,-0.5,-0.021047450743272078,-7.097674650172397e-163,0.00025191751179904606,-0.010662721491391336
1770280744.6516287,1.2023319173938034,0.0,0.02684183714210987,1.2402560833096503,0.0,0.11093349673986434,0.0,-0.5,-0.021047450743272078,-5.5133008142166044e-163,4.4727303065824776e-05,-0.010566808044042274
1770280745.0572002,1.2023319173938034,0.0,0.02684183714210987,1.2402560833096503,0.0,0.11093349673986434,0.0,-0.5,-0.021047450743272078,-4.280458725187891e-163,8.62760881533977e-05,-0.010571018294221496
1770280745.4650133,1.2023319173938034,0.0,0.02684183714210987,1.2402560833096503,0.0,0.11093349673986434,0.0,-0.5,-0.021047450743272078,-2.904972161419747e-163,0.00012972964141866366,-0.010592935547671897
1770280745.874657,1.2023319173938034,0.0,0.02684183714210987,1.2402560833096503,0.0,0.11093349673986434,0.0,-0.5,-0.021047450743272078,-2.2556193824935966e-163,0.000255393624875522,-0.010663988582419487
1770280746.282691,1.2023319173938034,0.0,0.02684183714210987,1.2402560833096503,0.0,0.11093349673986434,0.0,-0.5,-0.021047450743272078,-1.7507423530381698e-163,0.0005003120069041018,-0.010798373213290947
1770280746.6888704,1.2023319173938034,0.0,0.02684183714210987,1.2402560833096503,0.0,0.11093349673986434,0.0,-0.5,-0.021047450743272078,-1.3595550564984114e-163,0.00039703918336496836,-0.010732572245672437
1770280747.0942767,1.2023319173938034,0.0,0.02684183714210987,1.2402560833096503,0.0,0.11093349673986434,0.0,-0.5,-0.021047450743272078,-1.0550748700292688e-163,0.0004067538797980418,-0.010728073781178368
1770280747.5007732,1.2023319173938034,0.0,0.02684183714210987,1.2402560833096503,0.0,0.11093349673986434,0.0,-0.5,-0.021047450743272078,-7.531535588709025e-164,0.00022576645015347002,-0.01065470733967723
1770280747.9070723,1.2023319173938034,0.0,0.02684183714210987,1.2402560833096503,0.0,0.11093349673986434,0.0,-0.5,-0.021047450743272078,-5.847204902456654e-164,1.2233497104593318e-05,-0.010551195415493224
1770280748.3140068,1.2023319173938034,0.0,0.02684183714210987,1.2402560833096503,0.0,0.11093349673986434,0.0,-0.5,-0.021047450743272078,-4.538742336107072e-164,-5.4447503678602924e-05,-0.010503169719875059
1770280748.7215254,1.2023319173938034,0.0,0.02684183714210987,1.2402560833096503,0.0,0.11093349673986434,0.0,-0.5,-0.021047450743272078,-3.52337641589949e-164,7.406441875744657e-06,-0.010533613987129346
1770280749.1300495,1.2023319173938034,0.0,0.02684183714210987,1.2402560833096503,0.0,0.11093349673986434,0.0,-0.5,-0.021047450743272078,-3.03125267279406e-164,-4.1885450971999025e-06,-0.010522790597784734
1770280749.5380056,1.2023319173938034,0.0,0.02684183714210987,1.2402560833096503,0.0,0.11093349673986434,0.0,-0.5,-0.021047450743272078,-2.353689253143183e-164,-0.00010101641944011805,-0.010482899949350272
1770280749.9459252,1.2023319173938034,0.0,0.02684183714210987,1.2402560833096503,0.0,0.11093349673986434,0.0,-0.5,-0.021047450743272078,-1.8276219418619864e-164,0.00012934218478562545,-0.010611432324451426
1770280750.3537545,1.2023319173938034,0.0,0.02684183714210987,1.2402560833096503,0.0,0.11093349673986434,0.0,-0.5,-0.021047450743272078,-1.4190693500264047e-164,0.0004052613433544242,-0.010753947959170132
1770280750.7605655,1.2023319173938034,0.0,0.02684183714210987,1.2402560833096503,0.0,0.11093349673986434,0.0,-0.5,-0.021047450743272078,-1.102013045732542e-164,0.000379036925839393,-0.010715866276307238
1770280751.1671703,1.2023319173938034,0.0,0.02684183714210987,1.2402560833096503,0.0,0.11093349673986434,0.0,-0.5,-0.021047450743272078,-7.890986254847812e-165,0.00026238477229956897,-0.010666582973139806
1770280751.5733442,1.2023319173938034,0.0,0.02684183714210987,1.2402560833096503,0.0,0.11093349673986434,0.0,-0.5,-0.021047450743272078,-6.128352980197506e-165,0.00019130331469591148,-0.010626485174744361
1770280751.98027,1.2023319173938034,0.0,0.02684183714210987,1.2402560833096503,0.0,0.11093349673986434,0.0,-0.5,-0.021047450743272078,-4.759572385689953e-165,0.00016776851520209783,-0.010609963109186469
1770280752.3874483,1.2023319173938034,0.0,0.02684183714210987,1.2402560833096503,0.0,0.11093349673986434,0.0,-0.5,-0.021047450743272078,-3.69685721914185e-165,0.00029791681146846747,-0.01068569860699691
1770280752.796381,1.2023319173938034,0.0,0.02684183714210987,1.2402560833096503,0.0,0.11093349673986434,0.0,-0.5,-0.021047450743272078,-2.6393742265767617e-165,0.0002829935083326525,-0.010666714456115946
1770280753.2026324,1.2023319173938034,0.0,0.02684183714210987,1.2402560833096503,0.0,0.11093349673986434,0.0,-0.5,-0.021047450743272078,-2.0497528072504622e-165,0.0001445167792565311,-0.010609831434171917
1770280753.611667,1.2023319173938034,0.0,0.02684183714210987,1.2402560833096503,0.0,0.11093349673986434,0.0,-0.5,-0.021047450743272078,-1.5919316246481602e-165,-0.0001890400502258098,-0.010462561029471368
1770280754.0198917,1.2023319173938034,0.0,0.02684183714210987,1.2402560833096503,0.0,0.11093349673986434,0.0,-0.5,-0.021047450743272078,-1.236551911045269e-165,9.346593970425117e-05,-0.010598708940481172
1770280754.425767,1.2023319173938034,0.0,0.02684183714210987,1.2402560833096503,0.0,0.11093349673986434,0.0,-0.5,-0.021047450743272078,-9.604310268434727e-166,-0.00011119002983445167,-0.010488595953672684
1770280754.833928,1.2023319173938034,0.0,0.02684183714210987,1.2402560833096503,0.0,0.11093349673986434,0.0,-0.5,-0.021047450743272078,-8.25772300220068e-166,0.00017243774912679407,-0.01063830702409556
1770280755.241025,1.2023319173938034,0.0,0.02684183714210987,1.2402560833096503,0.0,0.11093349673986434,0.0,-0.5,-0.021047450743272078,-6.414874033351865e-166,9.075569319706448e-05,-0.010577271423827543
1770280755.6469955,1.2023319173938034,0.0,0.02684183714210987,1.2402560833096503,0.0,0.11093349673986434,0.0,-0.5,-0.021047450743272078,-4.982583547516429e-166,0.0002721050271637303,-0.010677912818614571
1770280756.0522313,1.2023319173938034,0.0,0.02684183714210987,1.2402560833096503,0.0,0.11093349673986434,0.0,-0.5,-0.021047450743272078,-3.869121942666517e-166,0.000173782605810148,-0.010620448916676472
1770280756.4575841,1.2023319173938034,0.0,0.02684183714210987,1.2402560833096503,0.0,0.11093349673986434,0.0,-0.5,-0.021047450743272078,-3.004686636215402e-166,0.00013347926644928753,-0.010594495338796769
1770280756.863987,1.2023319173938034,0.0,0.02684183714210987,1.2402560833096503,0.0,0.11093349673986434,0.0,-0.5,-0.021047450743272078,-2.152497435564186e-166,0.00021922843135901816,-0.010641914503806521
1770280757.2715101,1.2023319173938034,0.0,0.02684183714210987,1.2402560833096503,0.0,0.11093349673986434,0.0,-0.5,-0.021047450743272078,-1.6715801639231308e-166,0.00015944037414044124,-0.010609424364428117
1770280757.67862,1.2023319173938034,0.0,0.02684183714210987,1.2402560833096503,0.0,0.11093349673986434,0.0,-0.5,-0.021047450743272078,-1.2981947597037325e-166,0.00033303034974727883,-0.010707599544070362
1770280758.0860882,1.2023319173938034,0.0,0.02684183714210987,1.2402560833096503,0.0,0.11093349673986434,0.0,-0.5,-0.021047450743272078,-1.0081249347492023e-166,0.00010959229938942092,-0.010600865326366535
1770280758.4940946,1.2023319173938034,0.0,0.02684183714210987,1.2402560833096503,0.0,0.11093349673986434,0.0,-0.5,-0.021047450743272078,-7.829172841895807e-167,3.435089273784881e-06,-0.010536058637284495
1770280758.90028,1.2023319173938034,0.0,0.02684183714210987,1.2402560833096503,0.0,0.11093349673986434,0.0,-0.5,-0.021047450743272078,-5.591675320907946e-167,6.499223101620964e-05,-0.010562377201318387
1770280759.3067384,1.2023319173938034,0.0,0.02684183714210987,1.2402560833096503,0.0,0.11093349673986434,0.0,-0.5,-0.021047450743272078,-4.342660396367134e-167,2.3386399320377935e-05,-0.010539579154465812
1770280759.713983,1.2023319173938034,0.0,0.02684183714210987,1.2402560833096503,0.0,0.11093349673986434,0.0,-0.5,-0.021047450743272078,-3.3724452480632187e-167,0.00016078024444377204,-0.010617854878370265
1770280760.121969,1.2023319173938034,0.0,0.02684183714210987,1.2402560833096503,0.0,0.11093349673986434,0.0,-0.5,-0.021047450743272078,-2.6191038655504115e-167,0.00011121944700370436,-0.010584291174881898
1770280760.5297894,1.2023319173938034,0.0,0.02684183714210987,1.2402560833096503,0.0,0.11093349673986434,0.0,-0.5,-0.021047450743272078,-2.249705366390222e-167,-2.9681902435500828e-06,-0.01053366004023899
1770280760.9367828,1.2023319173938034,0.0,0.02684183714210987,1.2402560833096503,0.0,0.11093349673986434,0.0,-0.5,-0.021047450743272078,-1.746949659432826e-167,0.00013430076756370233,-0.010604602651198617
1770280761.3433282,1.2023319173938034,0.0,0.02684183714210987,1.2402560833096503,0.0,0.11093349673986434,0.0,-0.5,-0.021047450743272078,-1.356635154331312e-167,0.00023783690374246628,-0.01065299743712515
1770280761.7517617,1.2023319173938034,0.0,0.02684183714210987,1.2402560833096503,0.0,0.11093349673986434,0.0,-0.5,-0.021047450743272078,-1.0533647546131442e-167,0.0002443496903922797,-0.01064655149549716
1770280762.1592722,1.2023319173938034,0.0,0.02684183714210987,1.2402560833096503,0.0,0.11093349673986434,0.0,-0.5,-0.021047450743272078,-8.178880155476075e-168,0.00035272651536541314,-0.01071092631181606
1770280762.5668776,1.2023319173938034,0.0,0.02684183714210987,1.2402560833096503,0.0,0.11093349673986434,0.0,-0.5,-0.021047450743272078,-5.860494281230008e-168,0.00017021226693386235,-0.010627082929946127
1770280762.9739847,1.2023319173938034,0.0,0.02684183714210987,1.2402560833096503,0.0,0.11093349673986434,0.0,-0.5,-0.021047450743272078,-4.5504169680162225e-168,0.00025503360800661564,-0.010659724309746621
1770280763.3810134,1.2023319173938034,0.0,0.02684183714210987,1.2402560833096503,0.0,0.11093349673986434,0.0,-0.5,-0.021047450743272078,-3.533993174825919e-168,0.0003618577374959189,-0.010715336653332928
1770280763.786675,1.2023319173938034,0.0,0.02684183714210987,1.2402560833096503,0.0,0.11093349673986434,0.0,-0.5,-0.021047450743272078,-2.744042182956217e-168,0.00016438405912725922,-0.010625664769036534
1770280764.1929405,1.2023319173938034,0.0,0.02684183714210987,1.2402560833096503,0.0,0.11093349673986434,0.0,-0.5,-0.021047450743272078,-2.130970906496264e-168,0.00010330744231608921,-0.0105814867544752
1770280764.5995378,1.2023319173938034,0.0,0.02684183714210987,1.2402560833096503,0.0,0.11093349673986434,0.0,-0.5,-0.021047450743272078,-1.4564981335837695e-168,4.300862707267859e-05,-0.01055125956669672
1770280765.0069818,1.2023319173938034,0.0,0.02684183714210987,1.2402560833096503,0.0,0.11093349673986434,0.0,-0.5,-0.021047450743272078,-1.1294604676019668e-168,-6.079251782190819e-05,-0.010503709227214544
1770280765.4135554,1.2023319173938034,0.0,0.02684183714210987,1.2402560833096503,0.0,0.11093349673986434,0.0,-0.5,-0.021047450743272078,-8.773968810649723e-169,0.00033670507422187314,-0.010731827667951355
1770280765.8186903,1.2023319173938034,0.0,0.02684183714210987,1.2402560833096503,0.0,0.11093349673986434,0.0,-0.5,-0.021047450743272078,-6.8111146568722e-169,0.00016996748828646918,-0.010625382874372815
1770280766.226833,1.2023319173938034,0.0,0.02684183714210987,1.2402560833096503,0.0,0.11093349673986434,0.0,-0.5,-0.021047450743272078,-5.2859374545856594e-169,-2.7934394760481262e-05,-0.010529548362560493
1770280766.6339962,1.2023319173938034,0.0,0.02684183714210987,1.2402560833096503,0.0,0.11093349673986434,0.0,-0.5,-0.021047450743272078,-4.7520702679508786e-169,2.6093109470869675e-05,-0.01054217467679461
1770280767.0409021,1.2023319173938034,0.0,0.02684183714210987,1.2402560833096503,0.0,0.11093349673986434,0.0,-0.5,-0.021047450743272078,-3.690805229385371e-169,0.00022654699168951975,-0.010657044255702663
1770280767.4468098,1.2023319173938034,0.0,0.02684183714210987,1.2402560833096503,0.0,0.11093349673986434,0.0,-0.5,-0.021047450743272078,-2.86592625310105e-169,0.0003597067600990693,-0.010716894728526528
1770280767.8534904,1.2023319173938034,0.0,0.02684183714210987,1.2402560833096503,0.0,0.11093349673986434,0.0,-0.5,-0.021047450743272078,-2.225526066889438e-169,0.0003221066593268075,-0.010688538711376669
1770280768.2608762,1.2023319173938034,0.0,0.02684183714210987,1.2402560833096503,0.0,0.11093349673986434,0.0,-0.5,-0.021047450743272078,-1.7282989009878446e-169,0.00040996220540559953,-0.010737492028946718
1770280768.66888,1.2023319173938034,0.0,0.02684183714210987,1.2402560833096503,0.0,0.11093349673986434,0.0,-0.5,-0.021047450743272078,-1.2389794059585597e-169,0.0002796754080146718,-0.010676591755382468
1770280769.0739543,1.2023319173938034,0.0,0.02684183714210987,1.2402560833096503,0.0,0.11093349673986434,0.0,-0.5,-0.021047450743272078,-9.623125905158592e-170,0.00016422935581602205,-0.010617384654763914
1770280769.4801536,1.2023319173938034,0.0,0.02684183714210987,1.2402560833096503,0.0,0.11093349673986434,0.0,-0.5,-0.021047450743272078,-7.474143431094767e-170,1.6928860284280524e-05,-0.010546919851331353
1770280769.8879316,1.2023319173938034,0.0,0.02684183714210987,1.2402560833096503,0.0,0.11093349673986434,0.0,-0.5,-0.021047450743272078,-5.807339658609036e-170,1.612318979455489e-05,-0.01053186753358229
1770280770.2977173,1.2023319173938034,0.0,0.02684183714210987,1.2402560833096503,0.0,0.11093349673986434,0.0,-0.5,-0.021047450743272078,-3.936877592502791e-170,-3.6606733339876524e-05,-0.010510694997279545
1770280770.7047825,1.2023319173938034,0.0,0.02684183714210987,1.2402560833096503,0.0,0.11093349673986434,0.0,-0.5,-0.021047450743272078,-3.055888391740252e-170,2.9386721681408616e-05,-0.010545018077978871
1770280771.111589,1.2023319173938034,0.0,0.02684183714210987,1.2402560833096503,0.0,0.11093349673986434,0.0,-0.5,-0.021047450743272078,-2.371707352147041e-170,-9.91794272051086e-05,-0.010486992272922137
1770280771.51828,1.2023319173938034,0.0,0.02684183714210987,1.2402560833096503,0.0,0.11093349673986434,0.0,-0.5,-0.021047450743272078,-1.840889336110482e-170,-0.00011519163502265542,-0.010467730774906465
1770280771.9242907,1.2023319173938034,0.0,0.02684183714210987,1.2402560833096503,0.0,0.11093349673986434,0.0,-0.5,-0.021047450743272078,-1.4289403807811049e-170,0.00020896754646328023,-0.010660625063016273
1770280772.3316426,1.2023319173938034,0.0,0.02684183714210987,1.2402560833096503,0.0,0.11093349673986434,0.0,-0.5,-0.021047450743272078,-1.299734472525181e-170,0.00013338810146711614,-0.010597977366869214
1770280772.7385583,1.2023319173938034,0.0,0.02684183714210987,1.2402560833096503,0.0,0.11093349673986434,0.0,-0.5,-0.021047450743272078,-1.0089848190445757e-170,0.000442160711890461,-0.010775682988623603
1770280773.1449568,1.2023319173938034,0.0,0.02684183714210987,1.2402560833096503,0.0,0.11093349673986434,0.0,-0.5,-0.021047450743272078,-7.836114879512515e-171,0.00032382051371764584,-0.010697469648312145
1770280773.5510943,1.2023319173938034,0.0,0.02684183714210987,1.2402560833096503,0.0,0.11093349673986434,0.0,-0.5,-0.021047450743272078,-6.084514271881172e-171,0.00039163234598162507,-0.01072632272785325
1770280773.956368,1.2023319173938034,0.0,0.02684183714210987,1.2402560833096503,0.0,0.11093349673986434,0.0,-0.5,-0.021047450743272078,-4.7239109448133155e-171,0.00024263730653001814,-0.010659943528846208
1770280774.365729,1.2023319173938034,0.0,0.02684183714210987,1.2402560833096503,0.0,0.11093349673986434,0.0,-0.5,-0.021047450743272078,-3.388751749594188e-171,0.00019765251244322635,-0.010627050107266332
1770280774.773076,1.2023319173938034,0.0,0.02684183714210987,1.2402560833096503,0.0,0.11093349673986434,0.0,-0.5,-0.021047450743272078,-2.6307111062769706e-171,7.260662288310939e-05,-0.010572533272033606
1770280775.1795197,1.2023319173938034,0.0,0.02684183714210987,1.2402560833096503,0.0,0.11093349673986434,0.0,-0.5,-0.021047450743272078,-2.042715668457064e-171,0.00019500085529076738,-0.010633465222522188
1770280775.5859034,1.2023319173938034,0.0,0.02684183714210987,1.2402560833096503,0.0,0.11093349673986434,0.0,-0.5,-0.021047450743272078,-1.5855801447616946e-171,0.0001303162111907477,-0.010595351941641415
1770280775.9910843,1.2023319173938034,0.0,0.02684183714210987,1.2402560833096503,0.0,0.11093349673986434,0.0,-0.5,-0.021047450743272078,-1.1631272436542844e-171,0.00011401486591791624,-0.01058236293912228
1770280776.3965995,1.2023319173938034,0.0,0.02684183714210987,1.2402560833096503,0.0,0.11093349673986434,0.0,-0.5,-0.021047450743272078,-8.288808878684682e-172,0.0001243277099923569,-0.010586920511039662
1770280776.803127,1.2023319173938034,0.0,0.02684183714210987,1.2402560833096503,0.0,0.11093349673986434,0.0,-0.5,-0.021047450743272078,-6.435395621888961e-172,0.00026638125930136906,-0.010671121356217624
1770280777.2104576,1.2023319173938034,0.0,0.02684183714210987,1.2402560833096503,0.0,0.11093349673986434,0.0,-0.5,-0.021047450743272078,-4.99812892184927e-172,0.0002911299267624202,-0.010671765201763354
1770280777.6173074,1.2023319173938034,0.0,0.02684183714210987,1.2402560833096503,0.0,0.11093349673986434,0.0,-0.5,-0.021047450743272078,-3.881580798868643e-172,0.0003986713508202183,-0.010733815189451929
1770280778.0225303,1.2023319173938034,0.0,0.02684183714210987,1.2402560833096503,0.0,0.11093349673986434,0.0,-0.5,-0.021047450743272078,-3.0144209640072425e-172,0.0003917841662802638,-0.010720306173230165
1770280778.4293313,1.2023319173938034,0.0,0.02684183714210987,1.2402560833096503,0.0,0.11093349673986434,0.0,-0.5,-0.021047450743272078,-2.7412901138714274e-172,0.00044529150293662307,-0.010751721856769987
1770280778.838087,1.2023319173938034,0.0,0.02684183714210987,1.2402560833096503,0.0,0.11093349673986434,0.0,-0.5,-0.021047450743272078,-2.1285969665895932e-172,0.0002098206778411879,-0.010652182793066177
1770280779.2457411,1.2023319173938034,0.0,0.02684183714210987,1.2402560833096503,0.0,0.11093349673986434,0.0,-0.5,-0.021047450743272078,-1.652266287034005e-172,0.00014313590491348038,-0.01060196180138555
1770280779.6525025,1.2023319173938034,0.0,0.02684183714210987,1.2402560833096503,0.0,0.11093349673986434,0.0,-0.5,-0.021047450743272078,-1.282267833596308e-172,0.00022532463694199505,-0.010644606563309887
1770280780.058547,1.2023319173938034,0.0,0.02684183714210987,1.2402560833096503,0.0,0.11093349673986434,0.0,-0.5,-0.021047450743272078,-9.955246797224075e-173,0.00026003419142572675,-0.010657213422797275
1770280780.4670138,1.2023319173938034,0.0,0.02684183714210987,1.2402560833096503,0.0,0.11093349673986434,0.0,-0.5,-0.021047450743272078,-6.748827663460039e-173,0.0001381420339849786,-0.010604985604372603
1770280780.8754733,1.2023319173938034,0.0,0.02684183714210987,1.2402560833096503,0.0,0.11093349673986434,0.0,-0.5,-0.021047450743272078,-5.240579794750954e-173,0.00014360428220654107,-0.010596073737561466
1770280781.2830281,1.2023319173938034,0.0,0.02684183714210987,1.2402560833096503,0.0,0.11093349673986434,0.0,-0.5,-0.021047450743272078,-4.068593429464355e-173,0.00011942160571590158,-0.010585854442143054
1770280781.6888733,1.2023319173938034,0.0,0.02684183714210987,1.2402560833096503,0.0,0.11093349673986434,0.0,-0.5,-0.021047450743272078,-3.1589671295023986e-173,0.00024409075343739332,-0.010658237663126886
1770280782.0970645,1.2023319173938034,0.0,0.02684183714210987,1.2402560833096503,0.0,0.11093349673986434,0.0,-0.5,-0.021047450743272078,-2.2518079364787692e-173,0.0003349725359549097,-0.010700299817865244
1770280782.5050833,1.2023319173938034,0.0,0.02684183714210987,1.2402560833096503,0.0,0.11093349673986434,0.0,-0.5,-0.021047450743272078,-1.7483237761530094e-173,0.00032385246401584535,-0.010686763610837868
1770280782.9138632,1.2023319173938034,0.0,0.02684183714210987,1.2402560833096503,0.0,0.11093349673986434,0.0,-0.5,-0.021047450743272078,-1.3574214957063408e-173,0.0003844643348875015,-0.010722018726166955
1770280783.3211966,1.2023319173938034,0.0,0.02684183714210987,1.2402560833096503,0.0,0.11093349673986434,0.0,-0.5,-0.021047450743272078,-1.0539053310313384e-173,0.0003627120114045915,-0.010707256609686626
1770280783.7271936,1.2023319173938034,0.0,0.02684183714210987,1.2402560833096503,0.0,0.11093349673986434,0.0,-0.5,-0.021047450743272078,-8.182594008151668e-174,0.0003707488869731181,-0.01070990350267945
1770280784.1349137,1.2023319173938034,0.0,0.02684183714210987,1.2402560833096503,0.0,0.11093349673986434,0.0,-0.5,-0.021047450743272078,-7.465878018551505e-174,0.00029625313984642005,-0.010679301516271918
1770280784.5411987,1.2023319173938034,0.0,0.02684183714210987,1.2402560833096503,0.0,0.11093349673986434,0.0,-0.5,-0.021047450743272078,-5.8285502801873465e-174,0.00019372405677232368,-0.01063084030832961
1770280784.9491737,1.2023319173938034,0.0,0.02684183714210987,1.2402560833096503,0.0,0.11093349673986434,0.0,-0.5,-0.021047450743272078,-4.543720381156888e-174,2.212790947406252e-05,-0.010551948941102895
1770280785.356569,1.2023319173938034,0.0,0.02684183714210987,1.2402560833096503,0.0,0.11093349673986434,0.0,-0.5,-0.021047450743272078,-3.5258171289849296e-174,0.00017085499599140807,-0.010624025578283479
1770280785.7651527,1.2023319173938034,0.0,0.02684183714210987,1.2402560833096503,0.0,0.11093349673986434,0.0,-0.5,-0.021047450743272078,-2.3932245644772285e-174,0.00027713330492510854,-0.010672919854991964
1770280786.1730108,1.2023319173938034,0.0,0.02684183714210987,1.2402560833096503,0.0,0.11093349673986434,0.0,-0.5,-0.021047450743272078,-1.8585393890352143e-174,9.60783524111939e-05,-0.010589870043093027
1770280786.5803545,1.2023319173938034,0.0,0.02684183714210987,1.2402560833096503,0.0,0.11093349673986434,0.0,-0.5,-0.021047450743272078,-1.4435519178567163e-174,0.0002043093347076021,-0.010636703137219481
1770280786.9870331,1.2023319173938034,0.0,0.02684183714210987,1.2402560833096503,0.0,0.11093349673986434,0.0,-0.5,-0.021047450743272078,-1.120982919593807e-174,0.00038177820348862215,-0.01073236136025845
1770280787.3962495,1.2023319173938034,0.0,0.02684183714210987,1.2402560833096503,0.0,0.11093349673986434,0.0,-0.5,-0.021047450743272078,-7.996989777891608e-175,0.0003097386136779415,-0.010685798637456077
1770280787.8023245,1.2023319173938034,0.0,0.02684183714210987,1.2402560833096503,0.0,0.11093349673986434,0.0,-0.5,-0.021047450743272078,-6.206048197538566e-175,0.0004980614865833199,-0.010791588402218237
1770280788.2088826,1.2023319173938034,0.0,0.02684183714210987,1.2402560833096503,0.0,0.11093349673986434,0.0,-0.5,-0.021047450743272078,-4.8154107464478185e-175,0.0002886785592964307,-0.010689002944012942
1770280788.6158926,1.2023319173938034,0.0,0.02684183714210987,1.2402560833096503,0.0,0.11093349673986434,0.0,-0.5,-0.021047450743272078,-3.736181646305694e-175,0.0003710536003936339,-0.010717489675942576
1770280789.0228853,1.2023319173938034,0.0,0.02684183714210987,1.2402560833096503,0.0,0.11093349673986434,0.0,-0.5,-0.021047450743272078,-2.8986928282076733e-175,0.00040792365893438674,-0.010731374206957307
1770280789.4304318,1.2023319173938034,0.0,0.02684183714210987,1.2402560833096503,0.0,0.11093349673986434,0.0,-0.5,-0.021047450743272078,-2.625592986012943e-175,0.00037825460631626126,-0.010715819580055982
1770280789.8363209,1.2023319173938034,0.0,0.02684183714210987,1.2402560833096503,0.0,0.11093349673986434,0.0,-0.5,-0.021047450743272078,-2.037053604832199e-175,-5.73339510248062e-06,-0.010559257474226674
1770280790.2435973,1.2023319173938034,0.0,0.02684183714210987,1.2402560833096503,0.0,0.11093349673986434,0.0,-0.5,-0.021047450743272078,-1.5810157971033883e-175,0.00012032042714451147,-0.010596490967432993
1770280790.6511195,1.2023319173938034,0.0,0.02684183714210987,1.2402560833096503,0.0,0.11093349673986434,0.0,-0.5,-0.021047450743272078,-1.2270715358655974e-175,0.00027995056720978343,-0.010679663669247458
1770280791.0579205,1.2023319173938034,0.0,0.02684183714210987,1.2402560833096503,0.0,0.11093349673986434,0.0,-0.5,-0.021047450743272078,-9.522717978448008e-176,0.0002352673287276926,-0.010645827359848094
1770280791.4652958,1.2023319173938034,0.0,0.02684183714210987,1.2402560833096503,0.0,0.11093349673986434,0.0,-0.5,-0.021047450743272078,-6.465406778576029e-176,-4.507542670924083e-06,-0.010545449087440439
1770280791.872135,1.2023319173938034,0.0,0.02684183714210987,1.2402560833096503,0.0,0.11093349673986434,0.0,-0.5,-0.021047450743272078,-5.01710250790217e-176,0.00032145656625729075,-0.010717050065657506
1770280792.2789557,1.2023319173938034,0.0,0.02684183714210987,1.2402560833096503,0.0,0.11093349673986434,0.0,-0.5,-0.021047450743272078,-3.8944864635096044e-176,0.0003992241848942295,-0.010731114225946848
1770280792.6851141,1.2023319173938034,0.0,0.02684183714210987,1.2402560833096503,0.0,0.11093349673986434,0.0,-0.5,-0.021047450743272078,-3.0228621141362803e-176,0.00020416484155796367,-0.010645313726748647
1770280793.094209,1.2023319173938034,0.0,0.02684183714210987,1.2402560833096503,0.0,0.11093349673986434,0.0,-0.5,-0.021047450743272078,-2.3463199936988458e-176,0.00010171555184796564,-0.010584828076531022
1770280793.501311,1.2023319173938034,0.0,0.02684183714210987,1.2402560833096503,0.0,0.11093349673986434,0.0,-0.5,-0.021047450743272078,-1.6742558636152236e-176,0.0001479653858680361,-0.010602333047972064
1770280793.9062226,1.2023319173938034,0.0,0.02684183714210987,1.2402560833096503,0.0,0.11093349673986434,0.0,-0.5,-0.021047450743272078,-1.2996335338639058e-176,0.00045994541980494923,-0.010784896084932204
1770280794.3129797,1.2023319173938034,0.0,0.02684183714210987,1.2402560833096503,0.0,0.11093349673986434,0.0,-0.5,-0.021047450743272078,-1.0088851622460033e-176,0.00025936984018951726,-0.010673467849692342
1770280794.7188973,1.2023319173938034,0.0,0.02684183714210987,1.2402560833096503,0.0,0.11093349673986434,0.0,-0.5,-0.021047450743272078,-7.831209973732298e-177,0.00027656969349778486,-0.010663730203715758
1770280795.1254845,1.2023319173938034,0.0,0.02684183714210987,1.2402560833096503,0.0,0.11093349673986434,0.0,-0.5,-0.021047450743272078,-6.0798769894033e-177,0.00035385227589144834,-0.010708379767821128
1770280795.5331333,1.2023319173938034,0.0,0.02684183714210987,1.2402560833096503,0.0,0.11093349673986434,0.0,-0.5,-0.021047450743272078,-5.226817124216793e-177,0.0003142471974326408,-0.01068480947819824
1770280795.9399164,1.2023319173938034,0.0,0.02684183714210987,1.2402560833096503,0.0,0.11093349673986434,0.0,-0.5,-0.021047450743272078,-4.0580752267545336e-177,0.00028005816178517057,-0.010667173356093372
1770280796.3442233,1.2023319173938034,0.0,0.02684183714210987,1.2402560833096503,0.0,0.11093349673986434,0.0,-0.5,-0.021047450743272078,-3.149578728266285e-177,0.00025052065695699077,-0.010651939450597352
1770280796.7513,1.2023319173938034,0.0,0.02684183714210987,1.2402560833096503,0.0,0.11093349673986434,0.0,-0.5,-0.021047450743272078,-2.444621759940291e-177,6.581851600881268e-05,-0.010575104843735264
1770280797.158167,1.2023319173938034,0.0,0.02684183714210987,1.2402560833096503,0.0,0.11093349673986434,0.0,-0.5,-0.021047450743272078,-1.8973976002300604e-177,0.00020779960696640438,-0.010641823284215
1770280797.5663056,1.2023319173938034,0.0,0.02684183714210987,1.2402560833096503,0.0,0.11093349673986434,0.0,-0.5,-0.021047450743272078,-1.3581292053687833e-177,0.00012164244254027466,-0.01059316230934879
1770280797.9728897,1.2023319173938034,0.0,0.02684183714210987,1.2402560833096503,0.0,0.11093349673986434,0.0,-0.5,-0.021047450743272078,-1.0541450201776215e-177,-3.791755854110876e-05,-0.010520722592473624
1770280798.3808599,1.2023319173938034,0.0,0.02684183714210987,1.2402560833096503,0.0,0.11093349673986434,0.0,-0.5,-0.021047450743272078,-8.180433607146049e-178,9.1293925790632e-05,-0.010582293482964529
1770280798.7899008,1.2023319173938034,0.0,0.02684183714210987,1.2402560833096503,0.0,0.11093349673986434,0.0,-0.5,-0.021047450743272078,-6.348614315367141e-178,-1.4880906095646247e-05,-0.010526902401776844
1770280799.1979032,1.2023319173938034,0.0,0.02684183714210987,1.2402560833096503,0.0,0.11093349673986434,0.0,-0.5,-0.021047450743272078,-4.5291490019349884e-178,0.00013811740704063524,-0.010608083906469985
1770280799.604671,1.2023319173938034,0.0,0.02684183714210987,1.2402560833096503,0.0,0.11093349673986434,0.0,-0.5,-0.021047450743272078,-3.515272977507246e-178,0.0002455630915660081,-0.01065725148587158
1770280800.0123167,1.2023319173938034,0.0,0.02684183714210987,1.2402560833096503,0.0,0.11093349673986434,0.0,-0.5,-0.021047450743272078,-2.731910871494936e-178,0.0003543673394089943,-0.010711789466124836
1770280800.419527,1.2023319173938034,0.0,0.02684183714210987,1.2402560833096503,0.0,0.11093349673986434,0.0,-0.5,-0.021047450743272078,-2.1280031085726982e-178,-3.3139023945960255e-06,-0.0105578365446191
1770280800.8253415,1.2023319173938034,0.0,0.02684183714210987,1.2402560833096503,0.0,0.11093349673986434,0.0,-0.5,-0.021047450743272078,-1.6584377895379266e-178,0.0003286056140914356,-0.010721220130330361
1770280801.2336268,1.2023319173938034,0.0,0.02684183714210987,1.2402560833096503,0.0,0.11093349673986434,0.0,-0.5,-0.021047450743272078,-1.4254157982498218e-178,0.00021170806126851127,-0.010641269157552587
1770280801.6403818,1.2023319173938034,0.0,0.02684183714210987,1.2402560833096503,0.0,0.11093349673986434,0.0,-0.5,-0.021047450743272078,-1.1069223530977495e-178,0.00020739331905966036,-0.010627853505386755
1770280802.0444124,1.2023319173938034,0.0,0.02684183714210987,1.2402560833096503,0.0,0.11093349673986434,0.0,-0.5,-0.021047450743272078,-8.595854596065084e-179,0.00021527430242941983,-0.010632150621187724
1770280802.4515116,1.2023319173938034,0.0,0.02684183714210987,1.2402560833096503,0.0,0.11093349673986434,0.0,-0.5,-0.021047450743272078,-6.677825825117293e-179,0.00019063083163739497,-0.01062150513453394
1770280802.8593905,1.2023319173938034,0.0,0.02684183714210987,1.2402560833096503,0.0,0.11093349673986434,0.0,-0.5,-0.021047450743272078,-5.185517320080568e-179,0.0003610514008312351,-0.01072129312897104
1770280803.266893,1.2023319173938034,0.0,0.02684183714210987,1.2402560833096503,0.0,0.11093349673986434,0.0,-0.5,-0.021047450743272078,-3.7158927303214665e-179,0.00041169288186020505,-0.010734635960669038
1770280803.675922,1.2023319173938034,0.0,0.02684183714210987,1.2402560833096503,0.0,0.11093349673986434,0.0,-0.5,-0.021047450743272078,-2.8850956349151737e-179,0.00023288046735858383,-0.010658046846765494
1770280804.0836046,1.2023319173938034,0.0,0.02684183714210987,1.2402560833096503,0.0,0.11093349673986434,0.0,-0.5,-0.021047450743272078,-2.2403285423195135e-179,0.00042683308979923044,-0.01075653717877972
1770280804.4900196,1.2023319173938034,0.0,0.02684183714210987,1.2402560833096503,0.0,0.11093349673986434,0.0,-0.5,-0.021047450743272078,-1.739423008287267e-179,0.00044271037203650915,-0.010746668285878022
1770280804.8976717,1.2023319173938034,0.0,0.02684183714210987,1.2402560833096503,0.0,0.11093349673986434,0.0,-0.5,-0.021047450743272078,-1.2424531116438073e-179,0.0005105407537816359,-0.010785778786701368
1770280805.3057365,1.2023319173938034,0.0,0.02684183714210987,1.2402560833096503,0.0,0.11093349673986434,0.0,-0.5,-0.021047450743272078,-9.25011894726227e-180,0.0004417514227692044,-0.010751480016121886
1770280805.7136939,1.2023319173938034,0.0,0.02684183714210987,1.2402560833096503,0.0,0.11093349673986434,0.0,-0.5,-0.021047450743272078,-7.170822453360526e-180,0.00040104671402864026,-0.010728319199524416
1770280806.1204321,1.2023319173938034,0.0,0.02684183714210987,1.2402560833096503,0.0,0.11093349673986434,0.0,-0.5,-0.021047450743272078,-5.5722547621598055e-180,0.0003289645142349377,-0.010695415848732877
1770280806.5270457,1.2023319173938034,0.0,0.02684183714210987,1.2402560833096503,0.0,0.11093349673986434,0.0,-0.5,-0.021047450743272078,-4.324910119423038e-180,0.0002671531079927658,-0.010663483066256639
1770280806.9345663,1.2023319173938034,0.0,0.02684183714210987,1.2402560833096503,0.0,0.11093349673986434,0.0,-0.5,-0.021047450743272078,-3.880083327888901e-180,0.00024005578056702698,-0.010646462994662126
1770280807.3417943,1.2023319173938034,0.0,0.02684183714210987,1.2402560833096503,0.0,0.11093349673986434,0.0,-0.5,-0.021047450743272078,-3.012660367468079e-180,-0.000128971315968191,-0.010496142423305465
1770280807.7488945,1.2023319173938034,0.0,0.02684183714210987,1.2402560833096503,0.0,0.11093349673986434,0.0,-0.5,-0.021047450743272078,-2.3389730150477296e-180,5.918872679054745e-06,-0.01054017382684029
1770280808.1560082,1.2023319173938034,0.0,0.02684183714210987,1.2402560833096503,0.0,0.11093349673986434,0.0,-0.5,-0.021047450743272078,-1.8161429412761092e-180,-2.5753276763039023e-05,-0.01051401594819873
1770280808.5642169,1.2023319173938034,0.0,0.02684183714210987,1.2402560833096503,0.0,0.11093349673986434,0.0,-0.5,-0.021047450743272078,-1.3017590442534745e-180,0.0001252048610286772,-0.010601423615929549
1770280808.970713,1.2023319173938034,0.0,0.02684183714210987,1.2402560833096503,0.0,0.11093349673986434,0.0,-0.5,-0.021047450743272078,-1.0101780287835828e-180,0.00031883586114327583,-0.010702506402219137
1770280809.3770754,1.2023319173938034,0.0,0.02684183714210987,1.2402560833096503,0.0,0.11093349673986434,0.0,-0.5,-0.021047450743272078,-7.849885796214777e-181,0.0004519987885462526,-0.010763041058649463
1770280809.7839963,1.2023319173938034,0.0,0.02684183714210987,1.2402560833096503,0.0,0.11093349673986434,0.0,-0.5,-0.021047450743272078,-6.095900068569647e-181,0.00030145803460665467,-0.010689508464333327
1770280810.1914437,1.2023319173938034,0.0,0.02684183714210987,1.2402560833096503,0.0,0.11093349673986434,0.0,-0.5,-0.021047450743272078,-4.734808333132208e-181,0.0003822369231900697,-0.010722921722089416
1770280810.5988257,1.2023319173938034,0.0,0.02684183714210987,1.2402560833096503,0.0,0.11093349673986434,0.0,-0.5,-0.021047450743272078,-3.2209214074985884e-181,0.00042439793066331564,-0.010740140437715023
1770280811.0062628,1.2023319173938034,0.0,0.02684183714210987,1.2402560833096503,0.0,0.11093349673986434,0.0,-0.5,-0.021047450743272078,-2.500205612913623e-181,0.00024528663275283244,-0.010664279817803504
1770280811.4113393,1.2023319173938034,0.0,0.02684183714210987,1.2402560833096503,0.0,0.11093349673986434,0.0,-0.5,-0.021047450743272078,-1.940146486964416e-181,0.0002221078659995431,-0.01063709718131114
1770280811.8176708,1.2023319173938034,0.0,0.02684183714210987,1.2402560833096503,0.0,0.11093349673986434,0.0,-0.5,-0.021047450743272078,-1.5072394180172413e-181,2.709603323770235e-05,-0.010556774571531074
1770280812.2242405,1.2023319173938034,0.0,0.02684183714210987,1.2402560833096503,0.0,0.11093349673986434,0.0,-0.5,-0.021047450743272078,-1.1689965663585636e-181,2.932602191444986e-05,-0.010538611381460939
1770280812.6328506,1.2023319173938034,0.0,0.02684183714210987,1.2402560833096503,0.0,0.11093349673986434,0.0,-0.5,-0.021047450743272078,-1.0568184001448183e-181,-7.648460432852587e-05,-0.010496064132096073
1770280813.0399606,1.2023319173938034,0.0,0.02684183714210987,1.2402560833096503,0.0,0.11093349673986434,0.0,-0.5,-0.021047450743272078,-8.206641728228547e-182,-0.00016912369397335602,-0.010448427433613844
1770280813.4461257,1.2023319173938034,0.0,0.02684183714210987,1.2402560833096503,0.0,0.11093349673986434,0.0,-0.5,-0.021047450743272078,-6.371598498579868e-182,-9.281562611424862e-05,-0.010484948365364824
1770280813.8535376,1.2023319173938034,0.0,0.02684183714210987,1.2402560833096503,0.0,0.11093349673986434,0.0,-0.5,-0.021047450743272078,-4.94620804752829e-182,0.0002889022459955863,-0.010706348281844816
1770280814.2630434,1.2023319173938034,0.0,0.02684183714210987,1.2402560833096503,0.0,0.11093349673986434,0.0,-0.5,-0.021047450743272078,-3.548104610653887e-182,0.00043501608167737584,-0.010755844796042906
1770280814.6705084,1.2023319173938034,0.0,0.02684183714210987,1.2402560833096503,0.0,0.11093349673986434,0.0,-0.5,-0.021047450743272078,-2.7551430744200527e-182,0.0003144285830663134,-0.010692998413030301
1770280815.0777147,1.2023319173938034,0.0,0.02684183714210987,1.2402560833096503,0.0,0.11093349673986434,0.0,-0.5,-0.021047450743272078,-2.1392215856379978e-182,0.0004815364092923893,-0.01078120435890484
1770280815.484628,1.2023319173938034,0.0,0.02684183714210987,1.2402560833096503,0.0,0.11093349673986434,0.0,-0.5,-0.021047450743272078,-1.6609336269463155e-182,0.000440352207044023,-0.010748019895382887
1770280815.888788,1.2023319173938034,0.0,0.02684183714210987,1.2402560833096503,0.0,0.11093349673986434,0.0,-0.5,-0.021047450743272078,-1.2896566533941765e-182,0.000322489384827171,-0.01069675634627131
1770280816.2962985,1.2023319173938034,0.0,0.02684183714210987,1.2402560833096503,0.0,0.11093349673986434,0.0,-0.5,-0.021047450743272078,-8.706705057490478e-183,8.77875931689996e-05,-0.010591089347386356
1770280816.702802,1.2023319173938034,0.0,0.02684183714210987,1.2402560833096503,0.0,0.11093349673986434,0.0,-0.5,-0.021047450743272078,-6.7581650420093605e-183,0.0001772847743527225,-0.010621317476930773
1770280817.1101649,1.2023319173938034,0.0,0.02684183714210987,1.2402560833096503,0.0,0.11093349673986434,0.0,-0.5,-0.021047450743272078,-5.2458277225986875e-183,9.887539843276302e-05,-0.010581004008444417
1770280817.5180416,1.2023319173938034,0.0,0.02684183714210987,1.2402560833096503,0.0,0.11093349673986434,0.0,-0.5,-0.021047450743272078,-4.0720108790656495e-183,4.073540979473708e-05,-0.01054990707539721
1770280817.9242024,1.2023319173938034,0.0,0.02684183714210987,1.2402560833096503,0.0,0.11093349673986434,0.0,-0.5,-0.021047450743272078,-3.1657898811068635e-183,4.5286492713638606e-05,-0.01054682372628475
1770280818.3309846,1.2023319173938034,0.0,0.02684183714210987,1.2402560833096503,0.0,0.11093349673986434,0.0,-0.5,-0.021047450743272078,-2.8808299128626997e-183,0.00010054999690102465,-0.01057952672050529
1770280818.73781,1.2023319173938034,0.0,0.02684183714210987,1.2402560833096503,0.0,0.11093349673986434,0.0,-0.5,-0.021047450743272078,-2.237109011363936e-183,-8.957150861779058e-06,-0.01053019751098143
1770280819.1443794,1.2023319173938034,0.0,0.02684183714210987,1.2402560833096503,0.0,0.11093349673986434,0.0,-0.5,-0.021047450743272078,-1.7371319465707878e-183,0.00024502675121924005,-0.01067163713745376
1770280819.5526495,1.2023319173938034,0.0,0.02684183714210987,1.2402560833096503,0.0,0.11093349673986434,0.0,-0.5,-0.021047450743272078,-1.3484800282053065e-183,0.0003458269764732572,-0.01070671888239807
1770280819.959519,1.2023319173938034,0.0,0.02684183714210987,1.2402560833096503,0.0,0.11093349673986434,0.0,-0.5,-0.021047450743272078,-1.046811930403903e-183,0.0002267922029778609,-0.010649024950474508
1770280820.3671818,1.2023319173938034,0.0,0.02684183714210987,1.2402560833096503,0.0,0.11093349673986434,0.0,-0.5,-0.021047450743272078,-7.509606671214171e-184,0.0003404609346968469,-0.010705322712156361
1770280820.7735648,1.2023319173938034,0.0,0.02684183714210987,1.2402560833096503,0.0,0.11093349673986434,0.0,-0.5,-0.021047450743272078,-5.507067080990374e-184,0.000525509530345736,-0.010804984996373796
1770280821.181957,1.2023319173938034,0.0,0.02684183714210987,1.2402560833096503,0.0,0.11093349673986434,0.0,-0.5,-0.021047450743272078,-4.5243198071129516e-184,0.0005881645327132594,-0.010824073138229423
1770280821.5861833,1.2023319173938034,0.0,0.02684183714210987,1.2402560833096503,0.0,0.11093349673986434,0.0,-0.5,-0.021047450743272078,-3.5113574333988916e-184,0.0003462416208040486,-0.010721038473228984
1770280821.9940035,1.2023319173938034,0.0,0.02684183714210987,1.2402560833096503,0.0,0.11093349673986434,0.0,-0.5,-0.021047450743272078,-2.5745785232503355e-184,0.00020400675443302808,-0.010639952235489657
1770280822.4009874,1.2023319173938034,0.0,0.02684183714210987,1.2402560833096503,0.0,0.11093349673986434,0.0,-0.5,-0.021047450743272078,-1.8356086599252177e-184,0.00033402330143132274,-0.01070373867705153
1770280822.8073077,1.2023319173938034,0.0,0.02684183714210987,1.2402560833096503,0.0,0.11093349673986434,0.0,-0.5,-0.021047450743272078,-1.4253823647684287e-184,0.00011132222601670141,-0.010601656592185852
1770280823.2150774,1.2023319173938034,0.0,0.02684183714210987,1.2402560833096503,0.0,0.11093349673986434,0.0,-0.5,-0.021047450743272078,-1.1069634980640822e-184,0.0001588452488993579,-0.010607900298373983
1770280823.6211598,1.2023319173938034,0.0,0.02684183714210987,1.2402560833096503,0.0,0.11093349673986434,0.0,-0.5,-0.021047450743272078,-8.594851524411852e-185,0.0003131944143559473,-0.010695757495359672
1770280824.0303314,1.2023319173938034,0.0,0.02684183714210987,1.2402560833096503,0.0,0.11093349673986434,0.0,-0.5,-0.021047450743272078,-7.814920474514144e-185,0.00020423757662091374,-0.01063673984372
1770280824.4386978,1.2023319173938034,0.0,0.02684183714210987,1.2402560833096503,0.0,0.11093349673986434,0.0,-0.5,-0.021047450743272078,-6.067454449841548e-185,0.00019622009145877842,-0.010622637165881643
1770280824.846101,1.2023319173938034,0.0,0.02684183714210987,1.2402560833096503,0.0,0.11093349673986434,0.0,-0.5,-0.021047450743272078,-4.710468628020254e-185,0.00028911007681125785,-0.010677569408576915
1770280825.2523756,1.2023319173938034,0.0,0.02684183714210987,1.2402560833096503,0.0,0.11093349673986434,0.0,-0.5,-0.021047450743272078,-3.65739867857971e-185,0.00033204757344187095,-0.010694042908020037
1770280825.6578603,1.2023319173938034,0.0,0.02684183714210987,1.2402560833096503,0.0,0.11093349673986434,0.0,-0.5,-0.021047450743272078,-2.840172108031784e-185,0.0004001571639511141,-0.010730614912662521
1770280826.064262,1.2023319173938034,0.0,0.02684183714210987,1.2402560833096503,0.0,0.11093349673986434,0.0,-0.5,-0.021047450743272078,-1.9259477040714673e-185,0.0003425884463943806,-0.010700776466588903
1770280826.471547,1.2023319173938034,0.0,0.02684183714210987,1.2402560833096503,0.0,0.11093349673986434,0.0,-0.5,-0.021047450743272078,-1.4953303529594256e-185,0.00034728041578509396,-0.010697834776467657
1770280826.8805878,1.2023319173938034,0.0,0.02684183714210987,1.2402560833096503,0.0,0.11093349673986434,0.0,-0.5,-0.021047450743272078,-1.1610530136736639e-185,4.5631784531196786e-05,-0.010576706127027028
1770280827.288137,1.2023319173938034,0.0,0.02684183714210987,1.2402560833096503,0.0,0.11093349673986434,0.0,-0.5,-0.021047450743272078,-9.017175093943253e-186,0.00013928367217616702,-0.01060273239648862
1770280827.696493,1.2023319173938034,0.0,0.02684183714210987,1.2402560833096503,0.0,0.11093349673986434,0.0,-0.5,-0.021047450743272078,-6.429895597668923e-186,9.087127117989313e-05,-0.010574002247325614
1770280828.1032724,1.2023319173938034,0.0,0.02684183714210987,1.2402560833096503,0.0,0.11093349673986434,0.0,-0.5,-0.021047450743272078,-4.995010556355775e-186,0.00024045097358558668,-0.010658908828669402
1770280828.5097377,1.2023319173938034,0.0,0.02684183714210987,1.2402560833096503,0.0,0.11093349673986434,0.0,-0.5,-0.021047450743272078,-3.877821163848571e-186,1.0288697243500587e-05,-0.010551885947891998
1770280828.9169197,1.2023319173938034,0.0,0.02684183714210987,1.2402560833096503,0.0,0.11093349673986434,0.0,-0.5,-0.021047450743272078,-3.01279302146921e-186,0.00025809402077142993,-0.010677552914374546
1770280829.3231153,1.2023319173938034,0.0,0.02684183714210987,1.2402560833096503,0.0,0.11093349673986434,0.0,-0.5,-0.021047450743272078,-2.3394664463476827e-186,0.00013221194185725356,-0.010602419550456084
1770280829.7303655,1.2023319173938034,0.0,0.02684183714210987,1.2402560833096503,0.0,0.11093349673986434,0.0,-0.5,-0.021047450743272078,-2.1248340798520005e-186,0.00024347687337602177,-0.010656590301475926
1770280830.1386487,1.2023319173938034,0.0,0.02684183714210987,1.2402560833096503,0.0,0.11093349673986434,0.0,-0.5,-0.021047450743272078,-1.6500086913579108e-186,0.00019751378169300863,-0.010627078571650845
1770280830.546075,1.2023319173938034,0.0,0.02684183714210987,1.2402560833096503,0.0,0.11093349673986434,0.0,-0.5,-0.021047450743272078,-1.2815420445802766e-186,1.7960076803148216e-05,-0.0105506607805266
1770280830.953212,1.2023319173938034,0.0,0.02684183714210987,1.2402560833096503,0.0,0.11093349673986434,0.0,-0.5,-0.021047450743272078,-9.95336416793485e-187,0.0002841531911644648,-0.010692421278654404
1770280831.3600476,1.2023319173938034,0.0,0.02684183714210987,1.2402560833096503,0.0,0.11093349673986434,0.0,-0.5,-0.021047450743272078,-7.730050163459311e-187,0.0002747538371419938,-0.010662042225609283
1770280831.7685606,1.2023319173938034,0.0,0.02684183714210987,1.2402560833096503,0.0,0.11093349673986434,0.0,-0.5,-0.021047450743272078,-5.248936155340876e-187,0.00018709270594250433,-0.010626037837727241
1770280832.1750643,1.2023319173938034,0.0,0.02684183714210987,1.2402560833096503,0.0,0.11093349673986434,0.0,-0.5,-0.021047450743272078,-4.076726745410865e-187,6.911246892261439e-05,-0.010570079629799336
1770280832.5819929,1.2023319173938034,0.0,0.02684183714210987,1.2402560833096503,0.0,0.11093349673986434,0.0,-0.5,-0.021047450743272078,-3.1654259802703463e-187,0.0001377038289719901,-0.010599436422126973
1770280832.9884307,1.2023319173938034,0.0,0.02684183714210987,1.2402560833096503,0.0,0.11093349673986434,0.0,-0.5,-0.021047450743272078,-2.458795868031823e-187,9.508506204276569e-05,-0.010575529779350343
1770280833.3927,1.2023319173938034,0.0,0.02684183714210987,1.2402560833096503,0.0,0.11093349673986434,0.0,-0.5,-0.021047450743272078,-1.909792067532705e-187,0.0002637254031305803,-0.010672452107310111
1770280833.7984054,1.2023319173938034,0.0,0.02684183714210987,1.2402560833096503,0.0,0.11093349673986434,0.0,-0.5,-0.021047450743272078,-1.3632199164010232e-187,0.00015967855585314895,-0.010613969334290357
1770280834.2047837,1.2023319173938034,0.0,0.02684183714210987,1.2402560833096503,0.0,0.11093349673986434,0.0,-0.5,-0.021047450743272078,-1.0587296481925203e-187,7.828928362308991e-05,-0.01057100894067059
1770280834.6118786,1.2023319173938034,0.0,0.02684183714210987,1.2402560833096503,0.0,0.11093349673986434,0.0,-0.5,-0.021047450743272078,-8.224728143290964e-188,0.00012310369560501484,-0.01058975866063674
1770280835.0201359,1.2023319173938034,0.0,0.02684183714210987,1.2402560833096503,0.0,0.11093349673986434,0.0,-0.5,-0.021047450743272078,-6.387645730521721e-188,0.0002387051956311671,-0.010654638119454237
1770280835.425584,1.2023319173938034,0.0,0.02684183714210987,1.2402560833096503,0.0,0.11093349673986434,0.0,-0.5,-0.021047450743272078,-4.9599460453790517e-188,0.00023587038823900695,-0.010641944046494758
1770280835.8309135,1.2023319173938034,0.0,0.02684183714210987,1.2402560833096503,0.0,0.11093349673986434,0.0,-0.5,-0.021047450743272078,-4.267864573913936e-188,0.0002456695051343972,-0.010647540035892777
1770280836.2381363,1.2023319173938034,0.0,0.02684183714210987,1.2402560833096503,0.0,0.11093349673986434,0.0,-0.5,-0.021047450743272078,-3.314311512462827e-188,0.0003350441841938961,-0.010700184931638938
1770280836.6445172,1.2023319173938034,0.0,0.02684183714210987,1.2402560833096503,0.0,0.11093349673986434,0.0,-0.5,-0.021047450743272078,-2.5736175942765217e-188,0.0004113180659408188,-0.01073701179278114
1770280837.0505228,1.2023319173938034,0.0,0.02684183714210987,1.2402560833096503,0.0,0.11093349673986434,0.0,-0.5,-0.021047450743272078,-1.9983181408219142e-188,0.0003768417274209699,-0.010715593869198509
1770280837.4578018,1.2023319173938034,0.0,0.02684183714210987,1.2402560833096503,0.0,0.11093349673986434,0.0,-0.5,-0.021047450743272078,-1.551772883565516e-188,0.00021103358128789869,-0.010645822976893296
1770280837.864022,1.2023319173938034,0.0,0.02684183714210987,1.2402560833096503,0.0,0.11093349673986434,0.0,-0.5,-0.021047450743272078,-1.1109944302495475e-188,7.928898487656312e-05,-0.010576544323715454
1770280838.2713535,1.2023319173938034,0.0,0.02684183714210987,1.2402560833096503,0.0,0.11093349673986434,0.0,-0.5,-0.021047450743272078,-8.628795853467968e-189,0.00013728363983079385,-0.010598166657046859
1770280838.6780803,1.2023319173938034,0.0,0.02684183714210987,1.2402560833096503,0.0,0.11093349673986434,0.0,-0.5,-0.021047450743272078,-6.70055938007397e-189,0.00022462529507032505,-0.010644772184695155
1770280839.0860946,1.2023319173938034,0.0,0.02684183714210987,1.2402560833096503,0.0,0.11093349673986434,0.0,-0.5,-0.021047450743272078,-5.203029995748435e-189,8.603423106606983e-05,-0.0105806015935695
1770280839.4939325,1.2023319173938034,0.0,0.02684183714210987,1.2402560833096503,0.0,0.11093349673986434,0.0,-0.5,-0.021047450743272078,-4.0388918146345094e-189,3.875585738592547e-05,-0.010547831137697016
1770280839.901014,1.2023319173938034,0.0,0.02684183714210987,1.2402560833096503,0.0,0.11093349673986434,0.0,-0.5,-0.021047450743272078,-2.8838065664494693e-189,-2.4238199574063554e-06,-0.01052663142939167
1770280840.308209,1.2023319173938034,0.0,0.02684183714210987,1.2402560833096503,0.0,0.11093349673986434,0.0,-0.5,-0.021047450743272078,-2.2395996228601857e-189,0.00011064394493112508,-0.010590354120590454
1770280840.714191,1.2023319173938034,0.0,0.02684183714210987,1.2402560833096503,0.0,0.11093349673986434,0.0,-0.5,-0.021047450743272078,-1.739206087682641e-189,0.00011214812181494855,-0.010579949850231897
1770280841.1212888,1.2023319173938034,0.0,0.02684183714210987,1.2402560833096503,0.0,0.11093349673986434,0.0,-0.5,-0.021047450743272078,-1.3506160935267038e-189,0.00023786044002549873,-0.010655226823469843
1770280841.5266776,1.2023319173938034,0.0,0.02684183714210987,1.2402560833096503,0.0,0.11093349673986434,0.0,-0.5,-0.021047450743272078,-1.0487751847038357e-189,0.00029651457048982953,-0.010677848069927387
1770280841.9340858,1.2023319173938034,0.0,0.02684183714210987,1.2402560833096503,0.0,0.11093349673986434,0.0,-0.5,-0.021047450743272078,-9.01254990317794e-190,0.00022296334845137177,-0.010642562168065571
1770280842.3428717,1.2023319173938034,0.0,0.02684183714210987,1.2402560833096503,0.0,0.11093349673986434,0.0,-0.5,-0.021047450743272078,-6.997889430031249e-190,0.00027118061535554786,-0.01066413740600423
1770280842.7513895,1.2023319173938034,0.0,0.02684183714210987,1.2402560833096503,0.0,0.11093349673986434,0.0,-0.5,-0.021047450743272078,-5.435857328432313e-190,4.097972284037249e-06,-0.010552482622085208
1770280843.1575475,1.2023319173938034,0.0,0.02684183714210987,1.2402560833096503,0.0,0.11093349673986434,0.0,-0.5,-0.021047450743272078,-4.2209100860650243e-190,0.00040992837547250963,-0.010769272599691142
1770280843.56582,1.2023319173938034,0.0,0.02684183714210987,1.2402560833096503,0.0,0.11093349673986434,0.0,-0.5,-0.021047450743272078,-3.0241264411425725e-190,0.00014911114394299457,-0.010624362666760487
1770280843.9719853,1.2023319173938034,0.0,0.02684183714210987,1.2402560833096503,0.0,0.11093349673986434,0.0,-0.5,-0.021047450743272078,-2.3479606152963817e-190,0.0002708592177210777,-0.010671329787874387
1770280844.3782804,1.2023319173938034,0.0,0.02684183714210987,1.2402560833096503,0.0,0.11093349673986434,0.0,-0.5,-0.021047450743272078,-1.8235629115387055e-190,9.595275915414926e-05,-0.010589192397069807
1770280844.7846267,1.2023319173938034,0.0,0.02684183714210987,1.2402560833096503,0.0,0.11093349673986434,0.0,-0.5,-0.021047450743272078,-1.416165114687076e-190,1.7846736894996688e-05,-0.010540459342309454
1770280845.1910877,1.2023319173938034,0.0,0.02684183714210987,1.2402560833096503,0.0,0.11093349673986434,0.0,-0.5,-0.021047450743272078,-1.0994938322525793e-190,0.0001813699397598574,-0.010630762661802453
1770280845.597896,1.2023319173938034,0.0,0.02684183714210987,1.2402560833096503,0.0,0.11093349673986434,0.0,-0.5,-0.021047450743272078,-7.849996872828686e-191,0.00026178702054856885,-0.010662660589989196
1770280846.0041628,1.2023319173938034,0.0,0.02684183714210987,1.2402560833096503,0.0,0.11093349673986434,0.0,-0.5,-0.021047450743272078,-5.874878071837983e-191,0.0001969740768246842,-0.01062869370442077
1770280846.4103317,1.2023319173938034,0.0,0.02684183714210987,1.2402560833096503,0.0,0.11093349673986434,0.0,-0.5,-0.021047450743272078,-1.993550595334176e-190,0.0001969740768246842,-0.010622212410048381
1770280846.8366508,1.2023319173938034,0.0,0.02684183714210987,1.2402560833096503,0.0,0.11093349673986434,0.0,-0.5,-0.021047450743272078,-3.520556817204762e-190,0.0001969740768246842,-0.010622212410048381
1770280847.2492468,1.2023319173938034,0.0,0.02684183714210987,1.2402560833096503,0.0,0.11093349673986434,0.0,-0.5,-0.021047450743272078,-5.047716991311808e-190,0.0001969740768246842,-0.010622212410048381
